상가업소번호,상호명,지점명,상권업종대분류코드,상권업종대분류명,상권업종중분류코드,상권업종중분류명,상권업종소분류코드,상권업종소분류명,표준산업분류코드,표준산업분류명,시도코드,시도명,시군구코드,시군구명,행정동코드,행정동명,법정동코드,법정동명,PNU코드,대지구분코드,대지구분명,지번본번지,지번부번지,지번주소,도로명코드,도로명,건물본번지,건물부번지,건물관리번호,건물명,도로명주소,구우편번호,신우편번호,동정보,층정보,호정보,경도,위도
MA010120220802444223,마이로드,,G2,소매,G213,오락용품 소매,G21305,자전거 소매업,G47632,자전거 및 기타 운송장비 소매업,41,경기도,41113,수원시 권선구,41113650,구운동,4111313200,구운동,4111313200109460003,1,대지,946,3,경기도 수원시 권선구 구운동 946-3,411134325071,경기도 수원시 권선구 구운로63번길,19,,4111313200109460003027256,스위트홈,경기도 수원시 권선구 구운로63번길 19,441819,16406,,1,,126.971697672529,37.2790916943638
MA010120220804945392,날스바이크,,G2,소매,G213,오락용품 소매,G21305,자전거 소매업,G47632,자전거 및 기타 운송장비 소매업,28,인천광역시,28185,연수구,28185830,송도2동,2818510600,송도동,2818510600100150012,1,대지,15,12,인천광역시 연수구 송도동 15-12,281854256265,인천광역시 연수구 컨벤시아대로42번길,8,,2818510600100150012000001,송도코오롱더프라우1단지,인천광역시 연수구 컨벤시아대로42번길 8,406082,22001,,1,,126.652052591177,37.3986274567774
MA010120220802575678,삼천리자전거청라연희점,,G2,소매,G213,오락용품 소매,G21305,자전거 소매업,G47632,자전거 및 기타 운송장비 소매업,28,인천광역시,28260,서구,28260536,청라1동,2826012200,청라동,2826012200101640001,1,대지,164,1,인천광역시 서구 청라동 164-1,282604268830,인천광역시 서구 중봉대로586번길,22,,2826010600108010001000001,엑슬루타워,인천광역시 서구 중봉대로586번길 22,404715,22737,,1,,126.651349002829,37.5308031313431
MA010120220803452313,스마일자전거,,G2,소매,G213,오락용품 소매,G21305,자전거 소매업,G47632,자전거 및 기타 운송장비 소매업,41,경기도,41150,의정부시,41150545,호원1동,4115010200,호원동,4115010200104590000,1,대지,459,,경기도 의정부시 호원동 459,411503215066,경기도 의정부시 평화로,196,,4115010200104590000016680,신일엘리시움,경기도 의정부시 평화로 196,480856,11712,,1,,127.048413504954,37.7094421170152
MA010120220803663828,엠케이바이크,,G2,소매,G213,오락용품 소매,G21305,자전거 소매업,G47632,자전거 및 기타 운송장비 소매업,11,서울특별시,11230,동대문구,11230545,제기동,1123010300,제기동,1123010300111560010,1,대지,1156,10,서울특별시 동대문구 제기동 1156-10,112304115278,서울특별시 동대문구 왕산로23길,47,,1123010300111560010032248,성일빌라,서울특별시 동대문구 왕산로23길 47,130864,02576,,1,,127.034359598241,37.5804531844446
MA010120220804116235,찬이네,,G2,소매,G213,오락용품 소매,G21305,자전거 소매업,G47632,자전거 및 기타 운송장비 소매업,11,서울특별시,11215,광진구,11215870,구의3동,1121510300,구의동,1121510300105470007,1,대지,547,7,서울특별시 광진구 구의동 547-7,112154112003,서울특별시 광진구 강변역로4길,56,,1121510300105470007027525,광진해모로리버뷰,서울특별시 광진구 강변역로4길 56,143203,05116,,1,,127.092163805764,37.5333541169497
MA010120220804570154,디에이치산업,,G2,소매,G213,오락용품 소매,G21305,자전거 소매업,G47632,자전거 및 기타 운송장비 소매업,51,강원특별자치도,51170,동해시,51170530,북삼동,5117010700,동회동,5117010700104420000,1,대지,442,,강원특별자치도 동해시 동회동 442,511704463197,강원특별자치도 동해시 청운1길,29,,4217010700004420000000164,대동쇼핑센터,강원특별자치도 동해시 청운1길 29,240719,25807,,2,,129.103549843775,37.487609657214
MA010120220804760002,아라바이크,,G2,소매,G213,오락용품 소매,G21305,자전거 소매업,G47632,자전거 및 기타 운송장비 소매업,41,경기도,41570,김포시,41570560,장기동,4157010400,장기동,4157010400120310000,1,대지,2031,,경기도 김포시 장기동 2031,415703209022,경기도 김포시 김포한강2로,41,,4157010400120310000000001,이편한세상캐널시티,경기도 김포시 김포한강2로 41,415060,10090,,1,,126.67760688525,37.6412669367862
MA010120220802397594,모노라인,,G2,소매,G213,오락용품 소매,G21305,자전거 소매업,G47632,자전거 및 기타 운송장비 소매업,41,경기도,41285,고양시 일산동구,41285590,장항2동,4128510400,장항동,4128510400108690000,1,대지,869,,경기도 고양시 일산동구 장항동 869,412853193013,경기도 고양시 일산동구 백마로,195,,4128510400108690000002831,SK엠시티오피스텔,경기도 고양시 일산동구 백마로 195,410839,10403,,1,,126.772050664091,37.6542451151909
MA010120220802467925,잼바이크＆플라워,,G2,소매,G213,오락용품 소매,G21305,자전거 소매업,G47632,자전거 및 기타 운송장비 소매업,41,경기도,41590,화성시,41590588,동탄4동,4159013000,청계동,4159013000105360000,1,대지,536,,경기도 화성시 청계동 536,415904852353,경기도 화성시 동탄대로시범길,134,,4159013000105360000000001,시범반도유보라아이비파크4차,경기도 화성시 동탄대로시범길 134,445140,18476,,1,,127.113157202266,37.1990281534657
MA010120220804192870,엠스,,G2,소매,G213,오락용품 소매,G21305,자전거 소매업,G47632,자전거 및 기타 운송장비 소매업,11,서울특별시,11650,서초구,11650652,양재2동,1165010200,양재동,1165010200103760006,1,대지,376,6,서울특별시 서초구 양재동 376-6,116504163142,서울특별시 서초구 동산로10길,11,,1165010200103760006003347,동광빌리지,서울특별시 서초구 동산로10길 11,137898,06784,,3,,127.044879262995,37.4710589870132
MA010120220802474582,삼천리자전거광교호수점,,G2,소매,G213,오락용품 소매,G21305,자전거 소매업,G47632,자전거 및 기타 운송장비 소매업,41,경기도,41117,수원시 영통구,41117600,광교1동,4111710300,이의동,4111710300113390000,1,대지,1339,,경기도 수원시 영통구 이의동 1339,411174331237,경기도 수원시 영통구 도청로17번길,23,,4111710300113390000000001,자연앤자이,경기도 수원시 영통구 도청로17번길 23,443270,16509,,1,,127.054297555457,37.2852817754038
MA010120220803676183,알톤자전거,운정점,G2,소매,G213,오락용품 소매,G21305,자전거 소매업,G47632,자전거 및 기타 운송장비 소매업,41,경기도,41480,파주시,41480570,운정3동,4148010800,야당동,4148010800110260000,1,대지,1026,,경기도 파주시 야당동 1026,414803206063,경기도 파주시 와석순환로,61,,4148010800104890001000001,한빛마을휴먼시아7단지,경기도 파주시 와석순환로 61,413967,10906,,1,,126.753557278514,37.7087980794171
MA010120220803623949,섭바이크,,G2,소매,G213,오락용품 소매,G21305,자전거 소매업,G47632,자전거 및 기타 운송장비 소매업,11,서울특별시,11260,중랑구,11260620,묵1동,1126010400,묵동,1126010400101680004,1,대지,168,4,서울특별시 중랑구 묵동 168-4,112603000001,서울특별시 중랑구 동일로,966,,1126010400101680004009750,늘봄,서울특별시 중랑구 동일로 966,131848,02018,,1,,127.076454576075,37.6166442483371
MA010120220805101615,"용문MTB,E-BIKE아울렛",,G2,소매,G213,오락용품 소매,G21305,자전거 소매업,G47632,자전거 및 기타 운송장비 소매업,11,서울특별시,11590,동작구,11590630,사당2동,1159010600,동작동,1159010600103330000,1,대지,333,,서울특별시 동작구 동작동 333,115904157154,서울특별시 동작구 동작대로39길,22,,1159010600100580001012350,이수힐스테이트,서울특별시 동작구 동작대로39길 22,156092,06993,,1,,126.981963495471,37.4946365216612
MA010120220805165328,경신BIKE,,G2,소매,G213,오락용품 소매,G21305,자전거 소매업,G47632,자전거 및 기타 운송장비 소매업,41,경기도,41135,성남시 분당구,41135530,수내2동,4113510200,수내동,4113510200100560000,1,대지,56,,경기도 성남시 분당구 수내동 56,411354340035,경기도 성남시 분당구 내정로166번길,7,6,4113510200100560000020049,파크타운대림아파트,경기도 성남시 분당구 내정로166번길 7-6,463727,13599,,1,,127.120406662784,37.3731466521036
MA010120220801744988,불광대조점,,G2,소매,G213,오락용품 소매,G21305,자전거 소매업,G47632,자전거 및 기타 운송장비 소매업,11,서울특별시,11380,은평구,11380520,불광1동,1138010300,불광동,1138010300106430000,1,대지,643,,서울특별시 은평구 불광동 643,113803000008,서울특별시 은평구 통일로,796,,1138010300102910077000001,북한산현대힐스테이트7차,서울특별시 은평구 통일로 796,122747,03357,,2,,126.925754414548,37.6163393228751
MA010120220804373033,삼천리자전거상계,대리점,G2,소매,G213,오락용품 소매,G21305,자전거 소매업,G47632,자전거 및 기타 운송장비 소매업,11,서울특별시,11350,노원구,11350670,상계5동,1135010500,상계동,1135010500101730001,1,대지,173,1,서울특별시 노원구 상계동 173-1,113503110009,서울특별시 노원구 한글비석로,396,,1135010500101730001001304,벽산아파트,서울특별시 노원구 한글비석로 396,139748,01663,,1,,127.072782498087,37.6607858114594
MA010120220805166261,일육이공자전거,,G2,소매,G213,오락용품 소매,G21305,자전거 소매업,G47632,자전거 및 기타 운송장비 소매업,11,서울특별시,11470,양천구,11470650,신정4동,1147010100,신정동,1147010100108790006,1,대지,879,6,서울특별시 양천구 신정동 879-6,114703114012,서울특별시 양천구 은행정로,87,,1147010100108790006002265,상진아파트,서울특별시 양천구 은행정로 87,158856,07939,,1,,126.858540483677,37.5277101428627
MA010120220801746773,대륜스포츠,,G2,소매,G213,오락용품 소매,G21305,자전거 소매업,G47632,자전거 및 기타 운송장비 소매업,41,경기도,41287,고양시 일산서구,41287550,주엽1동,4128710200,주엽동,4128710200100810000,1,대지,81,,경기도 고양시 일산서구 주엽동 81,412873192094,경기도 고양시 일산서구 중앙로,1371,,4128710200100810000001432,강선마을뉴서울13단지,경기도 고양시 일산서구 중앙로 1371,411742,10366,,1,,126.765471416592,37.6671252365729
MA010120220804325498,신광자전거,,G2,소매,G213,오락용품 소매,G21305,자전거 소매업,G47632,자전거 및 기타 운송장비 소매업,11,서울특별시,11260,중랑구,11260680,신내1동,1126010600,신내동,1126010600107950000,1,대지,795,,서울특별시 중랑구 신내동 795,112603005028,서울특별시 중랑구 용마산로,616,,1126010600107950000001602,새한아파트,서울특별시 중랑구 용마산로 616,131770,02058,,1,,127.101221315191,37.6049397784468
MA010120220802122010,리바이클,,G2,소매,G213,오락용품 소매,G21305,자전거 소매업,G47632,자전거 및 기타 운송장비 소매업,28,인천광역시,28185,연수구,28185766,청학동,2818510400,청학동,2818510400104540000,1,대지,454,,인천광역시 연수구 청학동 454,281853152020,인천광역시 연수구 용담로,25,,2818510400104540000000450,용담마을아파트,인천광역시 연수구 용담로 25,406791,21916,,1,,126.672272816709,37.4209132939786
MA010120220801825556,이엠이,코리아,G2,소매,G213,오락용품 소매,G21305,자전거 소매업,G47632,자전거 및 기타 운송장비 소매업,41,경기도,41287,고양시 일산서구,41287550,주엽1동,4128710200,주엽동,4128710200100830000,1,대지,83,,경기도 고양시 일산서구 주엽동 83,412873192094,경기도 고양시 일산서구 중앙로,1391,,4128710200100830000000865,강선마을두진12단지,경기도 고양시 일산서구 중앙로 1391,411742,10366,,1,,126.764993477831,37.6677279409399
MA010120220802645682,자전거연구소,,G2,소매,G213,오락용품 소매,G21305,자전거 소매업,G47632,자전거 및 기타 운송장비 소매업,41,경기도,41570,김포시,41570560,장기동,4157010400,장기동,4157010400120310000,1,대지,2031,,경기도 김포시 장기동 2031,415703209022,경기도 김포시 김포한강2로,41,,4157010400120310000000001,이편한세상캐널시티,경기도 김포시 김포한강2로 41,415060,10090,,1,,126.67760688525,37.6412669367862
MA010120220802645899,엉클바이크,,G2,소매,G213,오락용품 소매,G21305,자전거 소매업,G47632,자전거 및 기타 운송장비 소매업,41,경기도,41171,안양시 만안구,41171600,석수2동,4117110200,석수동,4117110200102810001,1,대지,281,1,경기도 안양시 만안구 석수동 281-1,411713182016,경기도 안양시 만안구 안양로,507,,4117110200102810001017540,삼우수피아아파트,경기도 안양시 만안구 안양로 507,430807,13968,,1,,126.90803867624,37.4143579081839
MA010120220802750624,벨로이앤지,,G2,소매,G213,오락용품 소매,G21305,자전거 소매업,G47632,자전거 및 기타 운송장비 소매업,41,경기도,41210,광명시,41210655,일직동,4121010600,일직동,4121010600105170000,1,대지,517,,경기도 광명시 일직동 517,412103187005,경기도 광명시 광명역로,28,,4121010600105170000000001,광명역센트럴자이,경기도 광명시 광명역로 28,423090,14349,,1,,126.888423526633,37.4178459855424
MA010120220801827647,테이크아웃바이크,,G2,소매,G213,오락용품 소매,G21305,자전거 소매업,G47632,자전거 및 기타 운송장비 소매업,41,경기도,41287,고양시 일산서구,41287560,주엽2동,4128710200,주엽동,4128710200100170000,1,대지,17,,경기도 고양시 일산서구 주엽동 17,412873192094,경기도 고양시 일산서구 중앙로,1470,,4128710200100170000002052,문촌마을동부10단지,경기도 고양시 일산서구 중앙로 1470,411748,10379,,1,,126.757565570533,37.6724160130398
MA010120220803070365,아라바이크,,G2,소매,G213,오락용품 소매,G21305,자전거 소매업,G47632,자전거 및 기타 운송장비 소매업,41,경기도,41570,김포시,41570560,장기동,4157010400,장기동,4157010400120310000,1,대지,2031,,경기도 김포시 장기동 2031,415703209022,경기도 김포시 김포한강2로,41,,4157010400120310000000001,이편한세상캐널시티,경기도 김포시 김포한강2로 41,415060,10090,,1,,126.67760688525,37.6412669367862
MA010120220804343130,삼천리자전거,,G2,소매,G213,오락용품 소매,G21305,자전거 소매업,G47632,자전거 및 기타 운송장비 소매업,11,서울특별시,11350,노원구,11350720,상계10동,1135010500,상계동,1135010500106700000,1,대지,670,,서울특별시 노원구 상계동 670,113503110002,서울특별시 노원구 노원로,532,,1135010500106700000000176,상계주공9단지,서울특별시 노원구 노원로 532,139759,01676,,1,,127.060035618487,37.6646221574104
MA010120220802536151,일출자전거,대리점,G2,소매,G213,오락용품 소매,G21305,자전거 소매업,G47632,자전거 및 기타 운송장비 소매업,28,인천광역시,28185,연수구,28185790,동춘2동,2818510500,동춘동,2818510500109420000,1,대지,942,,인천광역시 연수구 동춘동 942,281854256061,인천광역시 연수구 먼우금로63번길,13,,2818510500109420000001055,아주아파트,인천광역시 연수구 먼우금로63번길 13,406804,21971,,1,,126.669600858128,37.4042460794397
MA010120220800587225,ILOVEBIKE,,G2,소매,G213,오락용품 소매,G21305,자전거 소매업,G47632,자전거 및 기타 운송장비 소매업,11,서울특별시,11380,은평구,11380690,진관동,1138011400,진관동,1138011400100190000,1,대지,19,,서울특별시 은평구 진관동 19,113803111012,서울특별시 은평구 진관4로,17,,1138011400100250007000001,은평뉴타운상림마을8단지,서울특별시 은평구 진관4로 17,122738,03302,,1,,126.921874089797,37.6443304517919
MA010120220800642299,펀바이크,,G2,소매,G213,오락용품 소매,G21305,자전거 소매업,G47632,자전거 및 기타 운송장비 소매업,41,경기도,41465,용인시 수지구,41465555,죽전3동,4146510200,죽전동,4146510200112790000,1,대지,1279,,경기도 용인시 수지구 죽전동 1279,414654412232,경기도 용인시 수지구 죽전로27번길,60,,4146510200112790000028690,도담마을주공8단지,경기도 용인시 수지구 죽전로27번길 60,448793,16874,,1,,127.112308974145,37.3257785314593
MA010120220800502496,삼천리자전거,,G2,소매,G213,오락용품 소매,G21305,자전거 소매업,G47632,자전거 및 기타 운송장비 소매업,11,서울특별시,11500,강서구,11500611,발산1동,1150010600,내발산동,1150010600107510000,1,대지,751,,서울특별시 강서구 내발산동 751,115004145381,서울특별시 강서구 수명로1길,110,,1150010600107510000128134,마곡수명산파크3단지,서울특별시 강서구 수명로1길 110,157937,07643,,1,,126.824657660729,37.5518655303355
MA010120220801219135,애플바이크,,G2,소매,G213,오락용품 소매,G21305,자전거 소매업,G47632,자전거 및 기타 운송장비 소매업,41,경기도,41570,김포시,41570575,마산동,4157010800,마산동,4157010800106400005,1,대지,640,5,경기도 김포시 마산동 640-5,415703209169,경기도 김포시 김포한강8로,173,28,4157010800106400005000001,한강신도시반도유보라3차,경기도 김포시 김포한강8로 173-28,415090,10068,,1,,126.64267124241,37.6374452492478
MA010120220800656812,바이크브로스,,G2,소매,G213,오락용품 소매,G21305,자전거 소매업,G47632,자전거 및 기타 운송장비 소매업,28,인천광역시,28185,연수구,28185820,송도1동,2818510600,송도동,2818510600100020003,1,대지,2,3,인천광역시 연수구 송도동 2-3,281852152004,인천광역시 연수구 컨벤시아대로,55,,2818510600100020003000001,송도이안아파트,인천광역시 연수구 컨벤시아대로 55,406081,21994,,1,,126.651678661512,37.396454903971
MA010120220800794388,원싸이클,,G2,소매,G213,오락용품 소매,G21305,자전거 소매업,G47632,자전거 및 기타 운송장비 소매업,11,서울특별시,11650,서초구,11650590,방배본동,1165010100,방배동,1165010100107550014,1,대지,755,14,서울특별시 서초구 방배동 755-14,116503121011,서울특별시 서초구 방배중앙로,204,,1165010100107550014000001,리첸시아방배,서울특별시 서초구 방배중앙로 204,137828,06552,,1,,126.985694687551,37.4972499519321
MA010120220800707923,썬바이크,,G2,소매,G213,오락용품 소매,G21305,자전거 소매업,G47632,자전거 및 기타 운송장비 소매업,11,서울특별시,11500,강서구,11500603,가양1동,1150010400,가양동,1150010400114950000,1,대지,1495,,서울특별시 강서구 가양동 1495,115003115013,서울특별시 강서구 허준로,76,,1150010400114950000010557,한보구암마을아파트,서울특별시 강서구 허준로 76,157806,07529,,1,,126.848649719257,37.5684139796083
MA010120220801178594,삼천리자전거부개,본점,G2,소매,G213,오락용품 소매,G21305,자전거 소매업,G47632,자전거 및 기타 운송장비 소매업,28,인천광역시,28237,부평구,28237660,부개2동,2823710700,부개동,2823710700101910015,1,대지,191,15,인천광역시 부평구 부개동 191-15,282373154036,인천광역시 부평구 수변로,74,,2823710700101910015106301,삼성아파트,인천광역시 부평구 수변로 74,403808,21402,,1,,126.741116602575,37.4931198691538
MA010120220800353114,신동아바이크,,G2,소매,G213,오락용품 소매,G21305,자전거 소매업,G47632,자전거 및 기타 운송장비 소매업,11,서울특별시,11560,영등포구,11560610,양평1동,1156012600,양평동2가,1156012600100010001,1,대지,1,1,서울특별시 영등포구 양평동2가 1-1,115603118013,서울특별시 영등포구 선유서로,67,,1156012600100010001037451,신동아하이팰리스,서울특별시 영등포구 선유서로 67,150102,07278,,1,,126.884456222243,37.5220980690499
MA010120220800354499,동명자전거,,G2,소매,G213,오락용품 소매,G21305,자전거 소매업,G47632,자전거 및 기타 운송장비 소매업,11,서울특별시,11560,영등포구,11560610,양평1동,1156012500,양평동1가,1156012500102450000,1,대지,245,,서울특별시 영등포구 양평동1가 245,115603118022,서울특별시 영등포구 영등포로,49,,1156012500102450000021877,삼환아파트,서울특별시 영등포구 영등포로 49,150863,07273,,1,,126.887215047344,37.5230107479885
MA010120220801203092,갈산삼천리엠티비,,G2,소매,G213,오락용품 소매,G21305,자전거 소매업,G47632,자전거 및 기타 운송장비 소매업,28,인천광역시,28237,부평구,28237642,갈산2동,2823710600,갈산동,2823710600103690000,1,대지,369,,인천광역시 부평구 갈산동 369,282373154002,인천광역시 부평구 갈월동로,42,,2823710600103690000106663,팬더상가,인천광역시 부평구 갈월동로 42,403707,21336,,1,,126.729925637495,37.5108896292282
MA010120220800921521,삼천리자전거신길,대림점,G2,소매,G213,오락용품 소매,G21305,자전거 소매업,G47632,자전거 및 기타 운송장비 소매업,11,서울특별시,11560,영등포구,11560680,신길6동,1156013200,신길동,1156013200147800000,1,대지,4780,,서울특별시 영등포구 신길동 4780,115603118028,서울특별시 영등포구 여의대방로,25,,1156013200147800000009511,보라매경남아너스빌아파트,서울특별시 영등포구 여의대방로 25,150781,07437,,1,,126.908980582369,37.4947199665956
MA010120220800927673,달려라자전거,,G2,소매,G213,오락용품 소매,G21305,자전거 소매업,G47632,자전거 및 기타 운송장비 소매업,11,서울특별시,11740,강동구,11740560,고덕2동,1174010200,고덕동,1174010200102100001,1,대지,210,1,서울특별시 강동구 고덕동 210-1,117403124001,서울특별시 강동구 고덕로,399,,1174010200102100001018009,고덕센트럴푸르지오,서울특별시 강동구 고덕로 399,134801,05222,,1,,127.169673876142,37.5574059319151
MA010120220800959447,보라매엠티비,,G2,소매,G213,오락용품 소매,G21305,자전거 소매업,G47632,자전거 및 기타 운송장비 소매업,11,서울특별시,11620,관악구,11620525,보라매동,1162010100,봉천동,1162010100116980001,1,대지,1698,1,서울특별시 관악구 봉천동 1698-1,116203005078,서울특별시 관악구 보라매로,62,,1162010100116980001037115,보라매삼성아파트,서울특별시 관악구 보라매로 62,151752,08709,,1,,126.927605044684,37.4948049282247
MA010120220800198241,삼천리자전거,,G2,소매,G213,오락용품 소매,G21305,자전거 소매업,G47632,자전거 및 기타 운송장비 소매업,11,서울특별시,11440,마포구,11440610,염리동,1144010200,공덕동,1144010200104760000,1,대지,476,,서울특별시 마포구 공덕동 476,114403005016,서울특별시 마포구 백범로,152,,1144010200100000000000001,공덕파크자이아파트,서울특별시 마포구 백범로 152,121805,04148,,1,,126.946996762397,37.5453344556098
MA010120220801116964,부평싸이클,,G2,소매,G213,오락용품 소매,G21305,자전거 소매업,G47632,자전거 및 기타 운송장비 소매업,28,인천광역시,28200,남동구,28200660,남촌도림동,2820010700,남촌동,2820010700103460015,1,대지,346,15,인천광역시 남동구 남촌동 346-15,282003153010,인천광역시 남동구 남촌동로,46,,2820010700103460015017343,일부호,인천광역시 남동구 남촌동로 46,405844,21623,,1,,126.713657661905,37.4317608696709
MA010120220801093213,삼천리자전거２５시,,G2,소매,G213,오락용품 소매,G21305,자전거 소매업,G47632,자전거 및 기타 운송장비 소매업,28,인천광역시,28110,중구,28110540,신흥동,2811012700,신흥동2가,2811012700100420002,1,대지,42,2,인천광역시 중구 신흥동2가 42-2,281104247139,인천광역시 중구 서해대로449번길,6,11,2811012700100430001084921,,인천광역시 중구 서해대로449번길 6-11,400102,22324,,,,126.634013255906,37.4666173917997
MA010120220801131732,마스터바이크,,G2,소매,G213,오락용품 소매,G21305,자전거 소매업,G47632,자전거 및 기타 운송장비 소매업,28,인천광역시,28110,중구,28110540,신흥동,2811012800,신흥동3가,2811012800100310048,1,대지,31,48,인천광역시 중구 신흥동3가 31-48,281104247347,인천광역시 중구 제물량로24번길,6,34,2811012800100310048127979,지,인천광역시 중구 제물량로24번길 6-34,400103,22331,,1,,126.637970318367,37.4617821643025
MA010120220801101982,오복이몰,,G2,소매,G213,오락용품 소매,G21305,자전거 소매업,G47632,자전거 및 기타 운송장비 소매업,28,인천광역시,28177,미추홀구,28177580,학익1동,2817710300,학익동,2817710300106570003,1,대지,657,3,인천광역시 미추홀구 학익동 657-3,281773151009,인천광역시 미추홀구 소성로,190,,2817010300106570003221094,,인천광역시 미추홀구 소성로 190,402041,22224,,1,,126.669112790276,37.4407357817894
MA010120220801107718,삼천리자전거,청라지점,G2,소매,G213,오락용품 소매,G21305,자전거 소매업,G47632,자전거 및 기타 운송장비 소매업,28,인천광역시,28260,서구,28260536,청라1동,2826012200,청라동,2826012200101710019,1,대지,171,19,인천광역시 서구 청라동 171-19,282604268733,인천광역시 서구 담지로8번길,6,,2826010600107890019000001,,인천광역시 서구 담지로8번길 6,,22733,,1,,126.660333973851,37.5303607965753
MA010120220801115050,준바이크,,G2,소매,G213,오락용품 소매,G21305,자전거 소매업,G47632,자전거 및 기타 운송장비 소매업,28,인천광역시,28177,미추홀구,28177660,주안5동,2817710500,주안동,2817710500100130032,1,대지,13,32,인천광역시 미추홀구 주안동 13-32,281773151030,인천광역시 미추홀구 석정로,373,,2817010600100130032214806,외,인천광역시 미추홀구 석정로 373,402836,22126,,,,126.676987502491,37.4673373413127
MA010120220801128742,영바이시클,,G2,소매,G213,오락용품 소매,G21305,자전거 소매업,G47632,자전거 및 기타 운송장비 소매업,28,인천광역시,28177,미추홀구,28177520,숭의1.3동,2817710100,숭의동,2817710100103530001,1,대지,353,1,인천광역시 미추홀구 숭의동 353-1,281774253508,인천광역시 미추홀구 인주대로11번길,49,,2817010100103530018013471,,인천광역시 미추홀구 인주대로11번길 49,402816,22174,,1,,126.640678851342,37.4626644080301
MA010120220801121999,지니바이크,,G2,소매,G213,오락용품 소매,G21305,자전거 소매업,G47632,자전거 및 기타 운송장비 소매업,28,인천광역시,28200,남동구,28200522,구월4동,2820010100,구월동,2820010100112850002,1,대지,1285,2,인천광역시 남동구 구월동 1285-2,282002008004,인천광역시 남동구 인주대로,747,,2820010100112850002029278,,인천광역시 남동구 인주대로 747,405839,21536,,,,126.720224674697,37.4493012859871
MA010120220801097585,선산자전거,,G2,소매,G213,오락용품 소매,G21305,자전거 소매업,G47632,자전거 및 기타 운송장비 소매업,28,인천광역시,28177,미추홀구,28177650,주안4동,2817710500,주안동,2817710500104560060,1,대지,456,60,인천광역시 미추홀구 주안동 456-60,281772008003,인천광역시 미추홀구 미추홀대로,652,7,2817010600104560032173657,,인천광역시 미추홀구 미추홀대로 652-7,402843,22148,,,,126.680292926871,37.4556242121753
MA010120220801112659,제일윤업사,,G2,소매,G213,오락용품 소매,G21305,자전거 소매업,G47632,자전거 및 기타 운송장비 소매업,28,인천광역시,28140,동구,28140630,송림6동,2814010700,송림동,2814010700100600045,1,대지,60,45,인천광역시 동구 송림동 60-45,281403150037,인천광역시 동구 송림로,92,,2814010700100600045000001,,인천광역시 동구 송림로 92,401076,22558,,,,126.645093679869,37.4756252101438
MA010120220801131970,파더스,코리아,G2,소매,G213,오락용품 소매,G21305,자전거 소매업,G47632,자전거 및 기타 운송장비 소매업,28,인천광역시,28260,서구,28260536,청라1동,2826012200,청라동,2826012200101690009,1,대지,169,9,인천광역시 서구 청라동 169-9,282604268733,인천광역시 서구 담지로8번길,5,,2826010600107870009000001,,인천광역시 서구 담지로8번길 5,,22733,,1,,126.660310121344,37.5306310271714
MA010120220801175690,청룡M.T.B,,G2,소매,G213,오락용품 소매,G21305,자전거 소매업,G47632,자전거 및 기타 운송장비 소매업,28,인천광역시,28245,계양구,28245621,작전1동,2824510300,작전동,2824510300102530001,1,대지,253,1,인천광역시 계양구 작전동 253-1,282453008034,인천광역시 계양구 주부토로,434,,2824510300102530001112315,,인천광역시 계양구 주부토로 434,407818,21085,,,,126.728081724828,37.5327887122617
MA010120220801143895,삼천리상회,,G2,소매,G213,오락용품 소매,G21305,자전거 소매업,G47632,자전거 및 기타 운송장비 소매업,11,서울특별시,11710,송파구,11710510,풍납1동,1171010300,풍납동,1171010300104810001,1,대지,481,1,서울특별시 송파구 풍납동 481-1,117103123023,서울특별시 송파구 올림픽로,607,,1171010300104810001026249,,서울특별시 송파구 올림픽로 607,138873,05519,,,,127.122172861208,37.536020875644
MA010120220801148883,동신자전거,,G2,소매,G213,오락용품 소매,G21305,자전거 소매업,G47632,자전거 및 기타 운송장비 소매업,28,인천광역시,28140,동구,28140605,송림3.5동,2814010700,송림동,2814010700100590032,1,대지,59,32,인천광역시 동구 송림동 59-32,281403150033,인천광역시 동구 동산로,85,1,2814010700100590032032712,,인천광역시 동구 동산로 85-1,401817,22557,,1,,126.645232918235,37.4748687837677
MA010120220801165660,삼천리자전거,대리점,G2,소매,G213,오락용품 소매,G21305,자전거 소매업,G47632,자전거 및 기타 운송장비 소매업,28,인천광역시,28245,계양구,28245601,효성1동,2824510100,효성동,2824510100102460005,1,대지,246,5,인천광역시 계양구 효성동 246-5,282454265309,인천광역시 계양구 안남로519번길,1,,2824510100102460005093762,,인천광역시 계양구 안남로519번길 1,407829,21103,,1,,126.710989207708,37.5291441259094
MA010120220801166045,삼천리자전거,,G2,소매,G213,오락용품 소매,G21305,자전거 소매업,G47632,자전거 및 기타 운송장비 소매업,28,인천광역시,28245,계양구,28245613,계산3동,2824510200,계산동,2824510200103320003,1,대지,332,3,인천광역시 계양구 계산동 332-3,282453008034,인천광역시 계양구 주부토로,512,,2824510200103320003016489,,인천광역시 계양구 주부토로 512,407802,21059,,,,126.728373380785,37.5397180576513
MA010120220801166102,드림바이크,,G2,소매,G213,오락용품 소매,G21305,자전거 소매업,G47632,자전거 및 기타 운송장비 소매업,28,인천광역시,28237,부평구,28237580,산곡2동,2823710300,산곡동,2823710300101960003,1,대지,196,3,인천광역시 부평구 산곡동 196-3,282374262243,인천광역시 부평구 마장로252번길,2,,2823710300101960002000001,보민빌딩,인천광역시 부평구 마장로252번길 2,403837,21376,,1,,126.703047997947,37.5004095328231
MA010120220801144502,바이크스포츠,,G2,소매,G213,오락용품 소매,G21305,자전거 소매업,G47632,자전거 및 기타 운송장비 소매업,41,경기도,41271,안산시 상록구,41271515,이동,4127110200,이동,4127110200106870001,1,대지,687,1,경기도 안산시 상록구 이동 687-1,412713190010,경기도 안산시 상록구 광덕1로,309,,4127110200106870001037795,,경기도 안산시 상록구 광덕1로 309,426862,15496,,,,126.84444860844,37.3071592902752
MA010120220801166298,삼천리자전거,,G2,소매,G213,오락용품 소매,G21305,자전거 소매업,G47632,자전거 및 기타 운송장비 소매업,28,인천광역시,28245,계양구,28245614,계산4동,2824510200,계산동,2824510200110840003,1,대지,1084,3,인천광역시 계양구 계산동 1084-3,282453155029,인천광역시 계양구 용종로,23,,2824510200110840003212653,은행마을태산아파트,인천광역시 계양구 용종로 23,407705,21070,,,,126.741127282932,37.5358724141497
MA010120220801183885,펠로톤,,G2,소매,G213,오락용품 소매,G21305,자전거 소매업,G47632,자전거 및 기타 운송장비 소매업,51,강원특별자치도,51150,강릉시,51150615,강남동,5115012100,노암동,5115012100102560007,1,대지,256,7,강원특별자치도 강릉시 노암동 256-7,511503220032,강원특별자치도 강릉시 율곡로,2728,,4215012100102560007005584,,강원특별자치도 강릉시 율곡로 2728,210930,25584,,1,,128.906749311476,37.7505607813912
MA010120220801202675,대웅스포츠,,G2,소매,G213,오락용품 소매,G21305,자전거 소매업,G47632,자전거 및 기타 운송장비 소매업,41,경기도,41570,김포시,41570525,장기본동,4157010400,장기동,4157010400103460004,1,대지,346,4,경기도 김포시 장기동 346-4,415702209001,경기도 김포시 김포대로,1423,,4157010400103460004000895,,경기도 김포시 김포대로 1423,415804,10080,,,,126.672632794698,37.6516145089655
MA010120220801202708,자전거대통령,,G2,소매,G213,오락용품 소매,G21305,자전거 소매업,G47632,자전거 및 기타 운송장비 소매업,28,인천광역시,28245,계양구,28245602,효성2동,2824510100,효성동,2824510100106230005,1,대지,623,5,인천광역시 계양구 효성동 623-5,282453155039,인천광역시 계양구 효서로,59,,2824510100106230005008525,,인천광역시 계양구 효서로 59,407832,21104,,1,,126.702237617963,37.5279060369219
MA010120220801213223,신스,,G2,소매,G213,오락용품 소매,G21305,자전거 소매업,G47632,자전거 및 기타 운송장비 소매업,28,인천광역시,28237,부평구,28237540,부평4동,2823710100,부평동,2823710100103740004,1,대지,374,4,인천광역시 부평구 부평동 374-4,282373154010,인천광역시 부평구 대정로,19,,2823710100103740004110796,이레타워,인천광역시 부평구 대정로 19,403826,21390,,1,,126.72407187668,37.4972078877765
MA010120220801206743,태양사이클,,G2,소매,G213,오락용품 소매,G21305,자전거 소매업,G47632,자전거 및 기타 운송장비 소매업,28,인천광역시,28237,부평구,28237648,삼산2동,2823710500,삼산동,2823710500104360002,1,대지,436,2,인천광역시 부평구 삼산동 436-2,282374262663,인천광역시 부평구 장제로340번길,14,,2823710500104360002109262,,인천광역시 부평구 장제로340번길 14,403865,21323,,,,126.733075116802,37.5157982366715
MA010120220801200165,삼천리자전거,대리점,G2,소매,G213,오락용품 소매,G21305,자전거 소매업,G47632,자전거 및 기타 운송장비 소매업,28,인천광역시,28245,계양구,28245640,작전서운동,2824510300,작전동,2824510300105800000,1,대지,580,,인천광역시 계양구 작전동 580,282453155039,인천광역시 계양구 효서로,385,,2824510300105800000189829,현대2차,인천광역시 계양구 효서로 385,407715,21125,,1,,126.739220402778,37.527867349123
MA010120220801218590,자전거대통령,,G2,소매,G213,오락용품 소매,G21305,자전거 소매업,G47632,자전거 및 기타 운송장비 소매업,41,경기도,41192,부천시 원미구,41192640,중2동,4119210800,중동,4119210800111260001,1,대지,1126,1,경기도 부천시 원미구 중동 1126-1,411924352216,경기도 부천시 원미구 부흥로315번길,62,,4119510800111260000033257,필그린타워,경기도 부천시 원미구 부흥로315번길 62,420851,14582,,,,126.77723251486,37.4974372246404
MA010120220801188716,빅바이크,,G2,소매,G213,오락용품 소매,G21305,자전거 소매업,G47632,자전거 및 기타 운송장비 소매업,28,인천광역시,28110,중구,28110628,운서동,2811014700,운서동,2811014700128060001,1,대지,2806,1,인천광역시 중구 운서동 2806-1,281102149001,인천광역시 중구 영종대로,118,,2811014700128060001223547,뉴에어포트오피스텔,인천광역시 중구 영종대로 118,400833,22371,,,,126.49223044547,37.4948260890199
MA010120220801198370,두바이크,,G2,소매,G213,오락용품 소매,G21305,자전거 소매업,G47632,자전거 및 기타 운송장비 소매업,28,인천광역시,28237,부평구,28237550,부평5동,2823710100,부평동,2823710100100980087,1,대지,98,87,인천광역시 부평구 부평동 98-87,282373154050,인천광역시 부평구 장제로,184,,2823710100100980087105371,,인천광역시 부평구 장제로 184,403817,21352,,2,,126.731157022385,37.5018373625572
MA010120220801218784,광성바이크,,G2,소매,G213,오락용품 소매,G21305,자전거 소매업,G47632,자전거 및 기타 운송장비 소매업,28,인천광역시,28237,부평구,28237560,부평6동,2823710100,부평동,2823710100106060019,1,대지,606,19,인천광역시 부평구 부평동 606-19,282373000028,인천광역시 부평구 경인로,963,,2823710100106060019200732,,인천광역시 부평구 경인로 963,403827,21406,,1,,126.726673691072,37.4876632874456
MA010120220801232082,두바이크,안중점,G2,소매,G213,오락용품 소매,G21305,자전거 소매업,G47632,자전거 및 기타 운송장비 소매업,41,경기도,41220,평택시,41220253,안중읍,4122025330,안중읍,4122025330108310000,1,대지,831,,경기도 평택시 안중읍 현화리 831,412204364470,경기도 평택시 안중읍 안현로서8길,57,,4122025330108310000042740,붐붐프라자,경기도 평택시 안중읍 안현로서8길 57,451885,17944,,1,,126.919347401944,36.9789687365035
MA010120220801195237,자전거타고,,G2,소매,G213,오락용품 소매,G21305,자전거 소매업,G47632,자전거 및 기타 운송장비 소매업,41,경기도,41390,시흥시,41390582,월곶동,4139013100,월곶동,4139013100109980010,1,대지,998,10,경기도 시흥시 월곶동 998-10,413904397499,경기도 시흥시 월곶중앙로46번길,26,1,4139013100109980010000001,,경기도 시흥시 월곶중앙로46번길 26-1,429834,14966,,1,,126.741900080733,37.390189899933
MA010120220801198627,영스포츠,,G2,소매,G213,오락용품 소매,G21305,자전거 소매업,G47632,자전거 및 기타 운송장비 소매업,28,인천광역시,28237,부평구,28237550,부평5동,2823710100,부평동,2823710100105150015,1,대지,515,15,인천광역시 부평구 부평동 515-15,282373154050,인천광역시 부평구 장제로,84,,2823710100105150015100706,,인천광역시 부평구 장제로 84,403824,21399,,,,126.730125678253,37.4930231927098
MA010120220801226437,삼천리자전거,,G2,소매,G213,오락용품 소매,G21305,자전거 소매업,G47632,자전거 및 기타 운송장비 소매업,28,인천광역시,28245,계양구,28245730,계양3동,2824511000,동양동,2824511000105760003,1,대지,576,3,인천광역시 계양구 동양동 576-3,282453155047,인천광역시 계양구 양지로,8,1,2824511000105760003000001,,인천광역시 계양구 양지로 8-1,407340,21012,,1,,126.755973687191,37.5595641992494
MA010120220801238264,종합자전거,,G2,소매,G213,오락용품 소매,G21305,자전거 소매업,G47632,자전거 및 기타 운송장비 소매업,28,인천광역시,28237,부평구,28237650,부개1동,2823710700,부개동,2823710700102650007,1,대지,265,7,인천광역시 부평구 부개동 265-7,282373154011,인천광역시 부평구 동수로,183,,2823710700102650007200159,,인천광역시 부평구 동수로 183,403810,21427,,,,126.738731670799,37.4863300494014
MA010120220801238322,삼천리자전거부평,본점,G2,소매,G213,오락용품 소매,G21305,자전거 소매업,G47632,자전거 및 기타 운송장비 소매업,28,인천광역시,28237,부평구,28237550,부평5동,2823710100,부평동,2823710100100980087,1,대지,98,87,인천광역시 부평구 부평동 98-87,282373154050,인천광역시 부평구 장제로,184,,2823710100100980087105371,,인천광역시 부평구 장제로 184,403817,21352,,,,126.731157022385,37.5018373625572
MA010120220801263265,부여자전거,,G2,소매,G213,오락용품 소매,G21305,자전거 소매업,G47632,자전거 및 기타 운송장비 소매업,41,경기도,41171,안양시 만안구,41171630,박달2동,4117110300,박달동,4117110300101370007,1,대지,137,7,경기도 안양시 만안구 박달동 137-7,411713012043,경기도 안양시 만안구 박달로,475,,4117110300101370007007389,,경기도 안양시 만안구 박달로 475,430802,13982,,,,126.905342462487,37.4025614311452
MA010120220801269363,호성자전거,,G2,소매,G213,오락용품 소매,G21305,자전거 소매업,G47632,자전거 및 기타 운송장비 소매업,41,경기도,41173,안양시 동안구,41173600,호계3동,4117310400,호계동,4117310400108220007,1,대지,822,7,경기도 안양시 동안구 호계동 822-7,411733012017,경기도 안양시 동안구 호성로,49,,4117310400108220007006224,두성상가,경기도 안양시 동안구 호성로 49,431083,14127,,,,126.964790038791,37.3662828211761
MA010120220801258265,석수자전거,,G2,소매,G213,오락용품 소매,G21305,자전거 소매업,G47632,자전거 및 기타 운송장비 소매업,41,경기도,41171,안양시 만안구,41171611,충훈동,4117110200,석수동,4117110200107630014,1,대지,763,14,경기도 안양시 만안구 석수동 763-14,411714346128,경기도 안양시 만안구 석수로178번길,15,,4117110200107630014003342,,경기도 안양시 만안구 석수로178번길 15,430811,13975,,,,126.896550008899,37.4065545956329
MA010120220801258985,경스바이크,,G2,소매,G213,오락용품 소매,G21305,자전거 소매업,G47632,자전거 및 기타 운송장비 소매업,41,경기도,41370,오산시,41370510,중앙동,4137010100,오산동,4137010100101230016,1,대지,123,16,경기도 오산시 오산동 123-16,413702012013,경기도 오산시 경기대로,320,,4137010100101230016017341,,경기도 오산시 경기대로 320,447800,18134,,,,127.074060609527,37.1533124653632
MA010120220801247675,유니랜드,,G2,소매,G213,오락용품 소매,G21305,자전거 소매업,G47632,자전거 및 기타 운송장비 소매업,28,인천광역시,28260,서구,28260720,오류왕길동,2826012000,왕길동,2826012000100640025,1,대지,64,25,인천광역시 서구 왕길동 64-25,282604268575,인천광역시 서구 원당대로428번길,6,,2826012000100640025000001,,인천광역시 서구 원당대로428번길 6,404290,22671,,,,126.649366766119,37.5892716802419
MA010120220801276561,코렉스자전거,,G2,소매,G213,오락용품 소매,G21305,자전거 소매업,G47632,자전거 및 기타 운송장비 소매업,41,경기도,41450,하남시,41450550,덕풍2동,4145010800,덕풍동,4145010800103810063,1,대지,381,63,경기도 하남시 덕풍동 381-63,414504406171,경기도 하남시 신장로175번길,19,,4145010800103810063009315,,경기도 하남시 신장로175번길 19,465803,12974,,,,127.199224424794,37.5404930999056
MA010120220801239765,또바기자전거,,G2,소매,G213,오락용품 소매,G21305,자전거 소매업,G47632,자전거 및 기타 운송장비 소매업,41,경기도,41150,의정부시,41150555,호원2동,4115010200,호원동,4115010200100100003,1,대지,10,3,경기도 의정부시 호원동 10-3,411503181055,경기도 의정부시 회룡로,95,,4115010200100100003015201,한신2차,경기도 의정부시 회룡로 95,480853,11633,,,,127.04434073406,37.7260306269376
MA010120220801283133,안양MTB,,G2,소매,G213,오락용품 소매,G21305,자전거 소매업,G47632,자전거 및 기타 운송장비 소매업,41,경기도,41171,안양시 만안구,41171600,석수2동,4117110200,석수동,4117110200103140008,1,대지,314,8,경기도 안양시 만안구 석수동 314-8,411713182011,경기도 안양시 만안구 석수로,4,,4117110200103140008003810,,경기도 안양시 만안구 석수로 4,430806,13970,,,,126.911839759527,37.4095763912308
MA010120220801289429,삼천리자전거만안점,,G2,소매,G213,오락용품 소매,G21305,자전거 소매업,G47632,자전거 및 기타 운송장비 소매업,41,경기도,41171,안양시 만안구,41171560,안양6동,4117110100,안양동,4117110100105100002,1,대지,510,2,경기도 안양시 만안구 안양동 510-2,411713182016,경기도 안양시 만안구 안양로,154,1,4117110100105100002010023,,경기도 안양시 만안구 안양로 154-1,430826,14034,,,,126.930609766081,37.3881896388931
MA010120220801257340,누리스포츠,,G2,소매,G213,오락용품 소매,G21305,자전거 소매업,G47632,자전거 및 기타 운송장비 소매업,41,경기도,41171,안양시 만안구,41171550,안양5동,4117110100,안양동,4117110100107100086,1,대지,710,86,경기도 안양시 만안구 안양동 710-86,411714346333,경기도 안양시 만안구 현충로66번길,67,,4117110100107100086001872,,경기도 안양시 만안구 현충로66번길 67,430834,14029,,,,126.922102219217,37.3925993518203
MA010120220801257603,삼천리자전거인덕원점,,G2,소매,G213,오락용품 소매,G21305,자전거 소매업,G47632,자전거 및 기타 운송장비 소매업,41,경기도,41173,안양시 동안구,41173552,관양동,4117310200,관양동,4117310200114370018,1,대지,1437,18,경기도 안양시 동안구 관양동 1437-18,411732182001,경기도 안양시 동안구 관악대로,421,1,4117310200114370018009575,,경기도 안양시 동안구 관악대로 421-1,431807,13939,,,,126.969820591503,37.4051363475733
MA010120220801283381,안양삼천리,,G2,소매,G213,오락용품 소매,G21305,자전거 소매업,G47632,자전거 및 기타 운송장비 소매업,41,경기도,41171,안양시 만안구,41171520,안양2동,4117110100,안양동,4117110100106890047,1,대지,689,47,경기도 안양시 만안구 안양동 689-47,411713182016,경기도 안양시 만안구 안양로,346,,4117110100106890047008045,,경기도 안양시 만안구 안양로 346,430833,13991,,,,126.918681106423,37.4024902652306
MA010120220802954862,칸도스포츠,,G2,소매,G213,오락용품 소매,G21305,자전거 소매업,G47632,자전거 및 기타 운송장비 소매업,41,경기도,41461,용인시 처인구,41461250,포곡읍,4146125025,포곡읍,4146125025105610003,1,대지,561,3,경기도 용인시 처인구 포곡읍 마성리 561-3,414613204040,경기도 용인시 처인구 포곡읍 석성로,814,5,4146125025105610003000001,,경기도 용인시 처인구 포곡읍 석성로 814-5,449813,17024,,,,127.186676626475,37.2812725664219
MA010120220802963265,제이에스모터스,,G2,소매,G213,오락용품 소매,G21305,자전거 소매업,G47632,자전거 및 기타 운송장비 소매업,51,강원특별자치도,51130,원주시,51130575,학성동,5113010900,학성동,5113010900110740006,1,대지,1074,6,강원특별자치도 원주시 학성동 1074-6,511304457641,강원특별자치도 원주시 학성길,4,,4213010900110740006016902,,강원특별자치도 원주시 학성길 4,220963,26412,,1,,127.936691710872,37.3561458998985
MA010120220802979207,엘씨컴퍼니,,G2,소매,G213,오락용품 소매,G21305,자전거 소매업,G47632,자전거 및 기타 운송장비 소매업,26,부산광역시,26500,수영구,26500660,남천1동,2650010500,남천동,2650010500100320023,1,대지,32,23,부산광역시 수영구 남천동 32-23,265003138002,부산광역시 수영구 광남로,65,,2650010500100320023009572,대경빌딩,부산광역시 수영구 광남로 65,613815,48314,,1,,129.1127925667,35.1483738020848
MA010120220802991490,나인봇월드,,G2,소매,G213,오락용품 소매,G21305,자전거 소매업,G47632,자전거 및 기타 운송장비 소매업,44,충청남도,44131,천안시 동남구,44131570,신방동,4413111600,신방동,4413111600109910000,1,대지,991,,충청남도 천안시 동남구 신방동 991,441314547742,충청남도 천안시 동남구 통정2길,6,15,4413111600109910000000001,,충청남도 천안시 동남구 통정2길 6-15,330940,31204,,,,127.131624805941,36.7787888247746
MA010120220802987139,더휠스,,G2,소매,G213,오락용품 소매,G21305,자전거 소매업,G47632,자전거 및 기타 운송장비 소매업,26,부산광역시,26500,수영구,26500730,수영동,2650010200,수영동,2650010200104930015,1,대지,493,15,부산광역시 수영구 수영동 493-15,265004214108,부산광역시 수영구 구락로25번길,4,,2650010200104930015012731,,부산광역시 수영구 구락로25번길 4,613832,48226,,1,,129.119881134376,35.1708147416564
MA010120220803018988,신진자전거,,G2,소매,G213,오락용품 소매,G21305,자전거 소매업,G47632,자전거 및 기타 운송장비 소매업,29,광주광역시,29170,북구,29170661,두암1동,2917011400,두암동,2917011400107000019,1,대지,700,19,광주광역시 북구 두암동 700-19,291702162002,광주광역시 북구 동문대로,70,1,2917011400107000019042730,,광주광역시 북구 동문대로 70-1,500813,61200,,,,126.922183131284,35.1704252795556
MA010120220803013639,미모사사이클링,,G2,소매,G213,오락용품 소매,G21305,자전거 소매업,G47632,자전거 및 기타 운송장비 소매업,11,서울특별시,11200,성동구,11200670,성수2가1동,1120011500,성수동2가,1120011500102250009,1,대지,225,9,서울특별시 성동구 성수동2가 225-9,112004109340,서울특별시 성동구 성덕정길,137,,1120011500102250009006716,,서울특별시 성동구 성덕정길 137,133826,04777,,1,,127.058631697804,37.5366371476204
MA010120220803021125,동원스포츠NSR뚝섬점,,G2,소매,G213,오락용품 소매,G21305,자전거 소매업,G47632,자전거 및 기타 운송장비 소매업,11,서울특별시,11215,광진구,11215830,자양2동,1121510500,자양동,1121510500106000015,1,대지,600,15,서울특별시 광진구 자양동 600-15,112153104011,서울특별시 광진구 자양번영로,12,,1121510500106000015012471,,서울특별시 광진구 자양번영로 12,143865,05098,,,,127.075212804638,37.5307261961784
MA010120220803040965,삼천리자전거,무실점,G2,소매,G213,오락용품 소매,G21305,자전거 소매업,G47632,자전거 및 기타 운송장비 소매업,51,강원특별자치도,51130,원주시,51130660,무실동,5113011500,무실동,5113011500116420004,1,대지,1642,4,강원특별자치도 원주시 무실동 1642-4,511303219035,강원특별자치도 원주시 시청로,100,,4213011500116420004008717,,강원특별자치도 원주시 시청로 100,220150,26391,,1,,127.928980428941,37.3358081193535
MA010120220803072031,어전귀자전거,,G2,소매,G213,오락용품 소매,G21305,자전거 소매업,G47632,자전거 및 기타 운송장비 소매업,41,경기도,41171,안양시 만안구,41171600,석수2동,4117110200,석수동,4117110200104730015,1,대지,473,15,경기도 안양시 만안구 석수동 473-15,411714346267,경기도 안양시 만안구 연현로1번길,108,28,4117110200104730015011899,,경기도 안양시 만안구 연현로1번길 108-28,430809,13903,,1,,126.898882055335,37.4278206475943
MA010120220803072223,쎈바이크기업도시점,,G2,소매,G213,오락용품 소매,G21305,자전거 소매업,G47632,자전거 및 기타 운송장비 소매업,51,강원특별자치도,51130,원주시,51130330,지정면,5113033025,지정면,5113033025111330014,1,대지,1133,14,강원특별자치도 원주시 지정면 신평리 1133-14,511303350530,강원특별자치도 원주시 지정면 신지정로,123,3,4213033025111330014000001,,강원특별자치도 원주시 지정면 신지정로 123-3,220823,26351,,,,127.882217488321,37.376107397268
MA010120220803078101,울산바이크,,G2,소매,G213,오락용품 소매,G21305,자전거 소매업,G47632,자전거 및 기타 운송장비 소매업,31,울산광역시,31710,울주군,31710253,언양읍,3171025330,언양읍,3171025330101240001,1,대지,124,1,울산광역시 울주군 언양읍 동부리 124-1,317102000017,울산광역시 울주군 언양읍 반구대로,835,,3171025330101240001012038,,울산광역시 울주군 언양읍 반구대로 835,689804,44941,,,,129.127507760342,35.5647145664141
MA010120220803092893,목포프로바이크,,G2,소매,G213,오락용품 소매,G21305,자전거 소매업,G47632,자전거 및 기타 운송장비 소매업,46,전라남도,46110,목포시,46110810,부주동,4611016400,옥암동,4611016400113630001,1,대지,1363,1,전라남도 목포시 옥암동 1363-1,461103281007,전라남도 목포시 남악로,109,,4611016400113630001000001,,전라남도 목포시 남악로 109,530852,58680,,1,,126.45085481578,34.8056015147458
MA010120220803115612,철마자전거상사,,G2,소매,G213,오락용품 소매,G21305,자전거 소매업,G47632,자전거 및 기타 운송장비 소매업,27,대구광역시,27230,북구,27230745,구암동,2723012300,구암동,2723012300107820009,1,대지,782,9,대구광역시 북구 구암동 782-9,272304235198,대구광역시 북구 동암로38길,29,19,2723012300107820009012914,,대구광역시 북구 동암로38길 29-19,702807,41424,,,,128.569549793533,35.9411633725486
MA010120220803094510,자전거를부탁해,,G2,소매,G213,오락용품 소매,G21305,자전거 소매업,G47632,자전거 및 기타 운송장비 소매업,41,경기도,41271,안산시 상록구,41271580,월피동,4127110900,월피동,4127110900104550013,1,대지,455,13,경기도 안산시 상록구 월피동 455-13,412714370329,경기도 안산시 상록구 안산천동로2길,3,,4127110900104550013042931,,경기도 안산시 상록구 안산천동로2길 3,426854,15282,,1,,126.848861847485,37.3339527108775
MA010120220803116618,바오,,G2,소매,G213,오락용품 소매,G21305,자전거 소매업,G47632,자전거 및 기타 운송장비 소매업,47,경상북도,47290,경산시,47290560,동부동,4729012400,점촌동,4729012400102170008,1,대지,217,8,경상북도 경산시 점촌동 217-8,472904739311,경상북도 경산시 들뫼길,128,1,4729012400102170008000001,,경상북도 경산시 들뫼길 128-1,712240,38607,,,,128.772061195253,35.8015723282289
MA010120220804600713,삼천리자전거,,G2,소매,G213,오락용품 소매,G21305,자전거 소매업,G47632,자전거 및 기타 운송장비 소매업,51,강원특별자치도,51810,인제군,51810320,북면,5181032021,북면,5181032021116430010,1,대지,1643,10,강원특별자치도 인제군 북면 원통리 1643-10,518104499146,강원특별자치도 인제군 북면 원통로316번길,4,,4281032021016430010012131,,강원특별자치도 인제군 북면 원통로316번길 4,252822,24615,,,,128.217228458415,38.1280024099663
MA010120220804609939,히트나인스포츠,,G2,소매,G213,오락용품 소매,G21305,자전거 소매업,G47632,자전거 및 기타 운송장비 소매업,41,경기도,41271,안산시 상록구,41271580,월피동,4127110900,월피동,4127110900104480000,1,대지,448,,경기도 안산시 상록구 월피동 448,412713190071,경기도 안산시 상록구 충장로,579,,4127110900104480000001523,현대2차,경기도 안산시 상록구 충장로 579,426789,15284,,2,,126.850280159649,37.330017008785
MA010120220804616977,삼천리자전거,,G2,소매,G213,오락용품 소매,G21305,자전거 소매업,G47632,자전거 및 기타 운송장비 소매업,51,강원특별자치도,51130,원주시,51130515,중앙동,5113010200,평원동,5113010200103230021,1,대지,323,21,강원특별자치도 원주시 평원동 323-21,511303219056,강원특별자치도 원주시 평원로,24,,4213010200103230021008169,,강원특별자치도 원주시 평원로 24,220010,26430,,,,127.952945615963,37.349060379929
MA010120220804629023,행복한자전거,,G2,소매,G213,오락용품 소매,G21305,자전거 소매업,G47632,자전거 및 기타 운송장비 소매업,51,강원특별자치도,51130,원주시,51130542,명륜2동,5113010600,명륜동,5113010600104950000,1,대지,495,,강원특별자치도 원주시 명륜동 495,511304457102,강원특별자치도 원주시 남원로527번길,6,15,4213010600104950000006913,,강원특별자치도 원주시 남원로527번길 6-15,220948,26480,,,,127.946483090756,37.3323176698388
MA010120220804618240,한성자전차점,,G2,소매,G213,오락용품 소매,G21305,자전거 소매업,G47632,자전거 및 기타 운송장비 소매업,51,강원특별자치도,51130,원주시,51130530,개운동,5113010500,개운동,5113010500103980011,1,대지,398,11,강원특별자치도 원주시 개운동 398-11,511303219054,강원특별자치도 원주시 치악로,1756,1,4213010500103980011002744,,강원특별자치도 원주시 치악로 1756-1,220931,26444,,,,127.956480605755,37.3394722765871
MA010120220804624291,코렉스자전거,,G2,소매,G213,오락용품 소매,G21305,자전거 소매업,G47632,자전거 및 기타 운송장비 소매업,51,강원특별자치도,51130,원주시,51130541,명륜1동,5113010600,명륜동,5113010600101150049,1,대지,115,49,강원특별자치도 원주시 명륜동 115-49,511303219011,강원특별자치도 원주시 남원로,641,,4213010600101150049007709,,강원특별자치도 원주시 남원로 641,220945,26441,,,,127.952653849789,37.3402599928411
MA010120220804645140,천운자동차배터리원주점,,G2,소매,G213,오락용품 소매,G21305,자전거 소매업,G47632,자전거 및 기타 운송장비 소매업,51,강원특별자치도,51130,원주시,51130675,반곡관설동,5113011700,반곡동,5113011700119100003,1,대지,1910,3,강원특별자치도 원주시 반곡동 1910-3,511303351211,강원특별자치도 원주시 건강로,17,2,4213011700119100003000001,,강원특별자치도 원주시 건강로 17-2,220170,26464,,,,127.98812621206,37.326003579882
MA010120220804618864,바이크월드,,G2,소매,G213,오락용품 소매,G21305,자전거 소매업,G47632,자전거 및 기타 운송장비 소매업,51,강원특별자치도,51110,춘천시,51110530,조운동,5111011000,운교동,5111011000101680001,1,대지,168,1,강원특별자치도 춘천시 운교동 168-1,511103218004,강원특별자치도 춘천시 금강로,95,,4211011000101680001000001,,강원특별자치도 춘천시 금강로 95,200080,24352,,,,127.730854275981,37.8772669169794
MA010120220804620832,삼천리자전거태장점,,G2,소매,G213,오락용품 소매,G21305,자전거 소매업,G47632,자전거 및 기타 운송장비 소매업,51,강원특별자치도,51130,원주시,51130620,태장2동,5113011200,태장동,5113011200113860002,1,대지,1386,2,강원특별자치도 원주시 태장동 1386-2,511303219073,강원특별자치도 원주시 북원로,2676,,4213011200113860002000611,,강원특별자치도 원주시 북원로 2676,220962,26318,,,,127.947271530072,37.382496788126
MA010120220804623067,삼천리자전거첼로원주점,,G2,소매,G213,오락용품 소매,G21305,자전거 소매업,G47632,자전거 및 기타 운송장비 소매업,51,강원특별자치도,51130,원주시,51130530,개운동,5113010500,개운동,5113010500102770014,1,대지,277,14,강원특별자치도 원주시 개운동 277-14,511303219011,강원특별자치도 원주시 남원로,640,,4213010500102770014001366,,강원특별자치도 원주시 남원로 640,220931,26442,,1,,127.95297674243,37.3399150131769
MA010120220804623297,치악윤업사,,G2,소매,G213,오락용품 소매,G21305,자전거 소매업,G47632,자전거 및 기타 운송장비 소매업,51,강원특별자치도,51130,원주시,51130515,중앙동,5113010200,평원동,5113010200101840008,1,대지,184,8,강원특별자치도 원주시 평원동 184-8,511303219056,강원특별자치도 원주시 평원로,84,,4213010200101840008012348,,강원특별자치도 원주시 평원로 84,220904,26414,,,,127.949447937162,37.3527195195698
MA010120220804635045,산타엠티비삼천리단관점,,G2,소매,G213,오락용품 소매,G21305,자전거 소매업,G47632,자전거 및 기타 운송장비 소매업,51,강원특별자치도,51130,원주시,51130550,단구동,5113010700,단구동,5113010700114760010,1,대지,1476,10,강원특별자치도 원주시 단구동 1476-10,511303219054,강원특별자치도 원주시 치악로,1530,,4213010700114760010002562,,강원특별자치도 원주시 치악로 1530,220944,26452,,,,127.96521286091,37.3208047544186
MA010120220804637548,명인자전거,,G2,소매,G213,오락용품 소매,G21305,자전거 소매업,G47632,자전거 및 기타 운송장비 소매업,51,강원특별자치도,51130,원주시,51130575,학성동,5113010900,학성동,5113010900112320000,1,대지,1232,,강원특별자치도 원주시 학성동 1232,511304457379,강원특별자치도 원주시 송계1길,63,,4213010900112530000000001,,강원특별자치도 원주시 송계1길 63,220030,26413,,,,127.940109388644,37.3604886133139
MA010120220804645997,쎈바이크,,G2,소매,G213,오락용품 소매,G21305,자전거 소매업,G47632,자전거 및 기타 운송장비 소매업,51,강원특별자치도,51130,원주시,51130515,중앙동,5113010900,학성동,5113010900103310007,1,대지,331,7,강원특별자치도 원주시 학성동 331-7,511303219056,강원특별자치도 원주시 평원로,102,,4213010900103310007012438,,강원특별자치도 원주시 평원로 102,220963,26414,,,,127.948387170253,37.3536290250759
MA010120220804674381,삼천리자전거,,G2,소매,G213,오락용품 소매,G21305,자전거 소매업,G47632,자전거 및 기타 운송장비 소매업,51,강원특별자치도,51750,영월군,51750250,영월읍,5175025021,영월읍,5175025021109340001,1,대지,934,1,강원특별자치도 영월군 영월읍 영흥리 934-1,517503227034,강원특별자치도 영월군 영월읍 중앙로,66,,4275025021109370001018202,,강원특별자치도 영월군 영월읍 중앙로 66,230805,26236,,,,128.471055710502,37.183326201824
MA010120220804654063,바이크차차,,G2,소매,G213,오락용품 소매,G21305,자전거 소매업,G47632,자전거 및 기타 운송장비 소매업,52,전북특별자치도,52140,익산시,52140610,모현동,5214011400,모현동1가,5214011400101860070,1,대지,186,70,전북특별자치도 익산시 모현동1가 186-70,521403269023,전북특별자치도 익산시 선화로,126,1,4514011400101860070090755,,전북특별자치도 익산시 선화로 126-1,570966,54661,,,,126.944747939653,35.9479709862735
MA010120220804684718,삼천리자전거,,G2,소매,G213,오락용품 소매,G21305,자전거 소매업,G47632,자전거 및 기타 운송장비 소매업,51,강원특별자치도,51760,평창군,51760250,평창읍,5176025023,평창읍,5176025023100390003,1,대지,39,3,강원특별자치도 평창군 평창읍 하리 39-3,517603228012,강원특별자치도 평창군 평창읍 백오로,123,,4276025023100390003025553,,강원특별자치도 평창군 평창읍 백오로 123,232807,25376,,1,,128.396874429974,37.3677604176501
MA010120220804652606,3000리자전거,,G2,소매,G213,오락용품 소매,G21305,자전거 소매업,G47632,자전거 및 기타 운송장비 소매업,51,강원특별자치도,51130,원주시,51130250,문막읍,5113025021,문막읍,5113025021102210006,1,대지,221,6,강원특별자치도 원주시 문막읍 문막리 221-6,511304457223,강원특별자치도 원주시 문막읍 문막시장1길,71,,4213025021102210006027520,,강원특별자치도 원주시 문막읍 문막시장1길 71,220806,26373,,,,127.815586237499,37.3043250002385
MA010120220804700435,삼천리자전거진부,대리점,G2,소매,G213,오락용품 소매,G21305,자전거 소매업,G47632,자전거 및 기타 운송장비 소매업,51,강원특별자치도,51760,평창군,51760360,진부면,5176036021,진부면,5176036021101520017,1,대지,152,17,강원특별자치도 평창군 진부면 하진부리 152-17,517603228026,강원특별자치도 평창군 진부면 청송로,76,,4276036021101520017018830,,강원특별자치도 평창군 진부면 청송로 76,232948,25333,,,,128.554880979454,37.6363344484437
MA010120220804702535,동명자전거,,G2,소매,G213,오락용품 소매,G21305,자전거 소매업,G47632,자전거 및 기타 운송장비 소매업,51,강원특별자치도,51150,강릉시,51150520,중앙동,5115010400,성내동,5115010400100120016,1,대지,12,16,강원특별자치도 강릉시 성내동 12-16,511503220034,강원특별자치도 강릉시 임영로,116,,4215010400100120016000372,,강원특별자치도 강릉시 임영로 116,210040,25539,,,,128.893864804169,37.7520477903709
MA010120220804715048,바이크클리닉,,G2,소매,G213,오락용품 소매,G21305,자전거 소매업,G47632,자전거 및 기타 운송장비 소매업,51,강원특별자치도,51150,강릉시,51150571,포남1동,5115011100,포남동,5115011100111170004,1,대지,1117,4,강원특별자치도 강릉시 포남동 1117-4,511502220001,강원특별자치도 강릉시 강릉대로,329,2,4215011100111170004009700,,강원특별자치도 강릉시 강릉대로 329-2,210954,25492,,,,128.90351474125,37.765567045311
MA010120220804691745,바이크마켓,,G2,소매,G213,오락용품 소매,G21305,자전거 소매업,G47632,자전거 및 기타 운송장비 소매업,41,경기도,41115,수원시 팔달구,41115700,지동,4111513900,지동,4111513900101480001,1,대지,148,1,경기도 수원시 팔달구 지동 148-1,411153175031,경기도 수원시 팔달구 세지로,352,,4111513900101480001052843,,경기도 수원시 팔달구 세지로 352,442836,16244,,1,,127.025698597948,37.2819936358284
MA010120220804711576,현대자전거,,G2,소매,G213,오락용품 소매,G21305,자전거 소매업,G47632,자전거 및 기타 운송장비 소매업,51,강원특별자치도,51150,강릉시,51150250,주문진읍,5115025021,주문진읍,5115025021103120068,1,대지,312,68,강원특별자치도 강릉시 주문진읍 주문리 312-68,511504461017,강원특별자치도 강릉시 주문진읍 항구윗길,3,,4215025021103120068032277,,강원특별자치도 강릉시 주문진읍 항구윗길 3,210806,25412,,,,128.827901463022,37.89338674075
MA010120220804714096,코렉스강릉,대리점,G2,소매,G213,오락용품 소매,G21305,자전거 소매업,G47632,자전거 및 기타 운송장비 소매업,51,강원특별자치도,51150,강릉시,51150560,교2동,5115011000,교동,5115011000101310002,1,대지,131,2,강원특별자치도 강릉시 교동 131-2,511502220001,강원특별자치도 강릉시 강릉대로,301,1,4215011000101310002013154,,강원특별자치도 강릉시 강릉대로 301-1,210920,25491,,,,128.901242624929,37.7636939548665
MA010120220804688308,자전거포강가,,G2,소매,G213,오락용품 소매,G21305,자전거 소매업,G47632,자전거 및 기타 운송장비 소매업,11,서울특별시,11500,강서구,11500603,가양1동,1150010400,가양동,1150010400101460056,1,대지,146,56,서울특별시 강서구 가양동 146-56,115004145079,서울특별시 강서구 강서로76길,18,,1150010400101460056010978,,서울특별시 강서구 강서로76길 18,157801,07530,,1,,126.842535671059,37.5691898485062
MA010120220804700337,바이크마트,,G2,소매,G213,오락용품 소매,G21305,자전거 소매업,G47632,자전거 및 기타 운송장비 소매업,51,강원특별자치도,51150,강릉시,51150572,포남2동,5115011100,포남동,5115011100110800016,1,대지,1080,16,강원특별자치도 강릉시 포남동 1080-16,511502220001,강원특별자치도 강릉시 강릉대로,421,2,4215011100110800016007368,,강원특별자치도 강릉시 강릉대로 421-2,210957,25485,,,,128.910516770003,37.7717595680095
MA010120220804712560,삼천리자전거강릉,교동점,G2,소매,G213,오락용품 소매,G21305,자전거 소매업,G47632,자전거 및 기타 운송장비 소매업,51,강원특별자치도,51150,강릉시,51150550,교1동,5115011000,교동,5115011000109630003,1,대지,963,3,강원특별자치도 강릉시 교동 963-3,511502220001,강원특별자치도 강릉시 강릉대로,129,,4215011000109630003015972,,강원특별자치도 강릉시 강릉대로 129,210924,25506,,,,128.884766933205,37.7565717826042
MA010120220800914806,참조은자전거,,G2,소매,G213,오락용품 소매,G21305,자전거 소매업,G47632,자전거 및 기타 운송장비 소매업,11,서울특별시,11470,양천구,11470550,목5동,1147010200,목동,1147010200109080031,1,대지,908,31,서울특별시 양천구 목동 908-31,114703114003,서울특별시 양천구 목동서로,35,,1147010200109080031016213,목동프라자,서울특별시 양천구 목동서로 35,158878,07984,,1,,126.882112748013,37.5376380215281
MA010120220800915362,대림윤업사,,G2,소매,G213,오락용품 소매,G21305,자전거 소매업,G47632,자전거 및 기타 운송장비 소매업,11,서울특별시,11560,영등포구,11560720,대림3동,1156013300,대림동,1156013300107390003,1,대지,739,3,서울특별시 영등포구 대림동 739-3,115603118027,서울특별시 영등포구 대림로,185,,1156013300107390003001490,,서울특별시 영등포구 대림로 185,150815,07412,,,,126.898528280595,37.4973513999114
MA010120220800932794,유봉자전거,,G2,소매,G213,오락용품 소매,G21305,자전거 소매업,G47632,자전거 및 기타 운송장비 소매업,11,서울특별시,11545,금천구,11545700,시흥4동,1154510300,시흥동,1154510300108140021,1,대지,814,21,서울특별시 금천구 시흥동 814-21,115453117004,서울특별시 금천구 독산로,102,1,1154510300108140021002737,,서울특별시 금천구 독산로 102-1,153855,08570,,,,126.905771810697,37.4565146465796
MA010120220800918876,대방자전거,,G2,소매,G213,오락용품 소매,G21305,자전거 소매업,G47632,자전거 및 기타 운송장비 소매업,11,서울특별시,11560,영등포구,11560690,신길7동,1156013200,신길동,1156013200108290000,1,대지,829,,서울특별시 영등포구 신길동 829,115603118028,서울특별시 영등포구 여의대방로,199,,1156013200108290000006348,,서울특별시 영등포구 여의대방로 199,150854,07360,,1,,126.921974413414,37.5048655798747
MA010120220800934973,삼천리,대리점,G2,소매,G213,오락용품 소매,G21305,자전거 소매업,G47632,자전거 및 기타 운송장비 소매업,11,서울특별시,11545,금천구,11545690,시흥3동,1154510300,시흥동,1154510300109400011,1,대지,940,11,서울특별시 금천구 시흥동 940-11,115452005010,서울특별시 금천구 시흥대로,94,1,1154510300109400012017212,외,서울특별시 금천구 시흥대로 94-1,153861,08651,,,,126.903970025101,37.4425114462753
MA010120220800914162,삼천리우,장산점,G2,소매,G213,오락용품 소매,G21305,자전거 소매업,G47632,자전거 및 기타 운송장비 소매업,11,서울특별시,11500,강서구,11500615,우장산동,1150010600,내발산동,1150010600106770020,1,대지,677,20,서울특별시 강서구 내발산동 677-20,115003115001,서울특별시 강서구 강서로,310,,1150010600106770020008133,,서울특별시 강서구 강서로 310,157828,07680,,1,,126.837023646645,37.5533608815177
MA010120220800922077,삼천리자전거오,이도점,G2,소매,G213,오락용품 소매,G21305,자전거 소매업,G47632,자전거 및 기타 운송장비 소매업,41,경기도,41390,시흥시,41390593,정왕3동,4139013200,정왕동,4139013200120140005,1,대지,2014,5,경기도 시흥시 정왕동 2014-5,413903199038,경기도 시흥시 오이도어시장로,26,,4139013200120140005018752,,경기도 시흥시 오이도어시장로 26,429867,15015,,,,126.690470778844,37.3443665836539
MA010120220800933667,자전거,백화점,G2,소매,G213,오락용품 소매,G21305,자전거 소매업,G47632,자전거 및 기타 운송장비 소매업,41,경기도,41210,광명시,41210640,소하1동,4121010400,소하동,4121010400100550014,1,대지,55,14,경기도 광명시 소하동 55-14,412104361095,경기도 광명시 금하로527번길,21,,4121010400100550014015070,,경기도 광명시 금하로527번길 21,423821,14313,,,,126.889433817875,37.4529234704912
MA010120220800893944,삼천리자전거,성복점,G2,소매,G213,오락용품 소매,G21305,자전거 소매업,G47632,자전거 및 기타 운송장비 소매업,41,경기도,41465,용인시 수지구,41465590,성복동,4146510600,성복동,4146510600107400001,1,대지,740,1,경기도 용인시 수지구 성복동 740-1,414654415193,경기도 용인시 수지구 성복2로76번길,26,3,4146510600107400001028237,드림타워,경기도 용인시 수지구 성복2로76번길 26-3,448832,16848,,2,,127.080773596755,37.315271181748
MA010120220800912079,리퍼바이크,,G2,소매,G213,오락용품 소매,G21305,자전거 소매업,G47632,자전거 및 기타 운송장비 소매업,11,서울특별시,11560,영등포구,11560550,당산1동,1156011100,당산동1가,1156011100100530002,1,대지,53,2,서울특별시 영등포구 당산동1가 53-2,115603118022,서울특별시 영등포구 영등포로,153,2,1156011100100530002030673,,서울특별시 영등포구 영등포로 153-2,150800,07266,,,,126.898654483036,37.5211109928517
MA010120220800969341,웃는자전거,,G2,소매,G213,오락용품 소매,G21305,자전거 소매업,G47632,자전거 및 기타 운송장비 소매업,41,경기도,41285,고양시 일산동구,41285540,풍산동,4128510700,풍동,4128510700112760001,1,대지,1276,1,경기도 고양시 일산동구 풍동 1276-1,412853193019,경기도 고양시 일산동구 숲속마을로,14,15,4128510700112760002000566,드림월드,경기도 고양시 일산동구 숲속마을로 14-15,410330,10305,,,,126.801501288668,37.6677679998952
MA010120220800956803,행신자전거총판,,G2,소매,G213,오락용품 소매,G21305,자전거 소매업,G47632,자전거 및 기타 운송장비 소매업,41,경기도,41281,고양시 덕양구,41281650,행신2동,4128112800,행신동,4128112800107220001,1,대지,722,1,경기도 고양시 덕양구 행신동 722-1,412814376104,경기도 고양시 덕양구 무원로36번길,45,,4128112800107220001010694,,경기도 고양시 덕양구 무원로36번길 45,412825,10524,,,,126.833555408577,37.6167318300936
MA010120220800960040,삼천리자전거,,G2,소매,G213,오락용품 소매,G21305,자전거 소매업,G47632,자전거 및 기타 운송장비 소매업,11,서울특별시,11545,금천구,11545630,독산3동,1154510200,독산동,1154510200109780025,1,대지,978,25,서울특별시 금천구 독산동 978-25,115453117004,서울특별시 금천구 독산로,307,,1154510200109780025017993,,서울특별시 금천구 독산로 307,153825,08542,,1,,126.903160740631,37.4742083935443
MA010120220800944870,3000리자전거본동,대리점,G2,소매,G213,오락용품 소매,G21305,자전거 소매업,G47632,자전거 및 기타 운송장비 소매업,11,서울특별시,11545,금천구,11545670,시흥1동,1154510300,시흥동,1154510300108390038,1,대지,839,38,서울특별시 금천구 시흥동 839-38,115453000024,서울특별시 금천구 금하로,667,,1154510300108390038006676,,서울특별시 금천구 금하로 667,153856,08627,,,,126.904792716788,37.4531891250013
MA010120220800957311,바이크하우스,,G2,소매,G213,오락용품 소매,G21305,자전거 소매업,G47632,자전거 및 기타 운송장비 소매업,11,서울특별시,11620,관악구,11620745,삼성동,1162010200,신림동,1162010200104030023,1,대지,403,23,서울특별시 관악구 신림동 403-23,116203120005,서울특별시 관악구 신림로,167,,1162010200104030023010238,,서울특별시 관악구 신림로 167,151865,08846,,,,126.933447209243,37.4740040810169
MA010120220800970707,금천MTB,,G2,소매,G213,오락용품 소매,G21305,자전거 소매업,G47632,자전거 및 기타 운송장비 소매업,11,서울특별시,11545,금천구,11545620,독산2동,1154510200,독산동,1154510200110550011,1,대지,1055,11,서울특별시 금천구 독산동 1055-11,115452005010,서울특별시 금천구 시흥대로,330,,1154510200110550011016762,,서울특별시 금천구 시흥대로 330,153832,08619,,,,126.897987000438,37.4629594283986
MA010120220800986634,라이징바이크,,G2,소매,G213,오락용품 소매,G21305,자전거 소매업,G47632,자전거 및 기타 운송장비 소매업,11,서울특별시,11620,관악구,11620725,조원동,1162010200,신림동,1162010200105450036,1,대지,545,36,서울특별시 관악구 신림동 545-36,116204160184,서울특별시 관악구 남부순환로141길,14,,1162010200105450036008384,,서울특별시 관악구 남부순환로141길 14,151876,08766,,,,126.909629545928,37.4816828843079
MA010120220800945606,자전거,삼성동,G2,소매,G213,오락용품 소매,G21305,자전거 소매업,G47632,자전거 및 기타 운송장비 소매업,11,서울특별시,11620,관악구,11620745,삼성동,1162010200,신림동,1162010200108080499,1,대지,808,499,서울특별시 관악구 신림동 808-499,116204160794,서울특별시 관악구 원신길,120,,1162010200108080499011839,,서울특별시 관악구 원신길 120,151862,08846,,,,126.930694728579,37.4675602741556
MA010120220800977628,바이크하우스,,G2,소매,G213,오락용품 소매,G21305,자전거 소매업,G47632,자전거 및 기타 운송장비 소매업,11,서울특별시,11620,관악구,11620695,신림동,1162010200,신림동,1162010200114280012,1,대지,1428,12,서울특별시 관악구 신림동 1428-12,116203120005,서울특별시 관악구 신림로,376,,1162010200114280023012509,,서울특별시 관악구 신림로 376,151891,08753,,,,126.928934639671,37.4879040198559
MA010120220800946381,싸이클월드자전거,,G2,소매,G213,오락용품 소매,G21305,자전거 소매업,G47632,자전거 및 기타 운송장비 소매업,11,서울특별시,11590,동작구,11590550,상도3동,1159010200,상도동,1159010200103540020,1,대지,354,20,서울특별시 동작구 상도동 354-20,115903119005,서울특별시 동작구 상도로,129,,1159010200103540020025705,,서울특별시 동작구 상도로 129,156839,06950,,,,126.934100877312,37.5020528201978
MA010120220801023093,일원엠티비,,G2,소매,G213,오락용품 소매,G21305,자전거 소매업,G47632,자전거 및 기타 운송장비 소매업,11,서울특별시,11680,강남구,11680730,일원1동,1168011400,일원동,1168011400106250028,1,대지,625,28,서울특별시 강남구 일원동 625-28,116804166045,서울특별시 강남구 개포로124길,9,,1168011400106250028002004,,서울특별시 강남구 개포로124길 9,135943,06339,,,,127.082955847266,37.4939510381575
MA010120220801027056,카리스자전거,,G2,소매,G213,오락용품 소매,G21305,자전거 소매업,G47632,자전거 및 기타 운송장비 소매업,41,경기도,41135,성남시 분당구,41135640,야탑3동,4113510700,야탑동,4113510700102090002,1,대지,209,2,경기도 성남시 분당구 야탑동 209-2,411353180042,경기도 성남시 분당구 양현로,539,,4113510700102090002037103,호,경기도 성남시 분당구 양현로 539,463835,13501,,,,127.141664469882,37.4145971253384
MA010120220801041283,디티바이크,,G2,소매,G213,오락용품 소매,G21305,자전거 소매업,G47632,자전거 및 기타 운송장비 소매업,11,서울특별시,11680,강남구,11680610,대치2동,1168010600,대치동,1168010600109660004,1,대지,966,4,서울특별시 강남구 대치동 966-4,116803122008,서울특별시 강남구 역삼로,536,,1168010600109660004012489,동성빌딩,서울특별시 강남구 역삼로 536,135848,06187,,,,127.061704838741,37.503821056378
MA010120220801023776,알톤자전거,,G2,소매,G213,오락용품 소매,G21305,자전거 소매업,G47632,자전거 및 기타 운송장비 소매업,28,인천광역시,28710,강화군,28710250,강화읍,2871025022,강화읍,2871025022100900007,1,대지,90,7,인천광역시 강화군 강화읍 관청리 90-7,287103157018,인천광역시 강화군 강화읍 대월로,23,,2871025022100900007000001,,인천광역시 강화군 강화읍 대월로 23,417802,23036,,,,126.493421944658,37.7446185502025
MA010120220801031562,스마일바이크,,G2,소매,G213,오락용품 소매,G21305,자전거 소매업,G47632,자전거 및 기타 운송장비 소매업,27,대구광역시,27260,수성구,27260580,수성2.3가동,2726010400,수성동2가,2726010400100240002,1,대지,24,2,대구광역시 수성구 수성동2가 24-2,272604238305,대구광역시 수성구 수성로76길,54,,2726010400100240002013721,,대구광역시 수성구 수성로76길 54,706032,42124,,,,128.616918118076,35.8570983343554
MA010120220801013525,대도스포츠주,,G2,소매,G213,오락용품 소매,G21305,자전거 소매업,G47632,자전거 및 기타 운송장비 소매업,11,서울특별시,11620,관악구,11620765,미성동,1162010200,신림동,1162010200115710005,1,대지,1571,5,서울특별시 관악구 신림동 1571-5,116202000003,서울특별시 관악구 남부순환로,1518,,1162010200115710005003785,,서울특별시 관악구 남부순환로 1518,151899,08773,,3,,126.919261672275,37.4823836355815
MA010120220801072475,콩코드,코리아,G2,소매,G213,오락용품 소매,G21305,자전거 소매업,G47632,자전거 및 기타 운송장비 소매업,41,경기도,41590,화성시,41590360,팔탄면,4159036034,팔탄면,4159036034101750001,1,대지,175,1,경기도 화성시 팔탄면 고주리 175-1,415904430053,경기도 화성시 팔탄면 고주골길,80,5,4159036034101750001012130,,경기도 화성시 팔탄면 고주골길 80-5,445912,18534,,,,126.885066899532,37.1296000113702
MA010120220802766318,삼천리자전거,,G2,소매,G213,오락용품 소매,G21305,자전거 소매업,G47632,자전거 및 기타 운송장비 소매업,41,경기도,41480,파주시,41480520,금촌2동,4148010100,금촌동,4148010100109860005,1,대지,986,5,경기도 파주시 금촌동 986-5,414803206160,경기도 파주시 금빛로,15,,4148010100109860005008251,미라클프라자,경기도 파주시 금빛로 15,413826,10915,,1,,126.766636869805,37.7509359850536
MA010120220802796639,용인허브MTB,,G2,소매,G213,오락용품 소매,G21305,자전거 소매업,G47632,자전거 및 기타 운송장비 소매업,41,경기도,41463,용인시 기흥구,41463572,동백1동,4146311500,동백동,4146311500106140006,1,대지,614,6,경기도 용인시 기흥구 동백동 614-6,414634412260,경기도 용인시 기흥구 평촌1로1번길,7,1,4146311500106140006017353,,경기도 용인시 기흥구 평촌1로1번길 7-1,446911,17001,,,,127.153517787316,37.2833835916468
MA010120220802770474,코렉스자전거,,G2,소매,G213,오락용품 소매,G21305,자전거 소매업,G47632,자전거 및 기타 운송장비 소매업,41,경기도,41480,파주시,41480262,조리읍,4148026221,조리읍,4148026221102040024,1,대지,204,24,경기도 파주시 조리읍 봉일천리 204-24,414803206039,경기도 파주시 조리읍 봉천로,50,2,4148026221102040024035676,,경기도 파주시 조리읍 봉천로 50-2,413823,10937,,,,126.806267414724,37.743998265882
MA010120220802783562,유로휠,화성봉담점,G2,소매,G213,오락용품 소매,G21305,자전거 소매업,G47632,자전거 및 기타 운송장비 소매업,41,경기도,41590,화성시,41590253,봉담읍,4159025324,봉담읍,4159025324101390001,1,대지,139,1,경기도 화성시 봉담읍 동화리 139-1,415904430997,경기도 화성시 봉담읍 와우안길,109,,4159025324101400001026421,,경기도 화성시 봉담읍 와우안길 109,445893,18298,,,,126.973758587591,37.221470390057
MA010120220802788853,베네피아,,G2,소매,G213,오락용품 소매,G21305,자전거 소매업,G47632,자전거 및 기타 운송장비 소매업,41,경기도,41480,파주시,41480540,교하동,4148011500,문발동,4148011500105300006,1,대지,530,6,경기도 파주시 문발동 530-6,414803206030,경기도 파주시 문발로,129,,4148011500105300006000001,,경기도 파주시 문발로 129,413070,10881,,4,,126.686239521963,37.7061244502196
MA010120220802764994,삼천리자전거파주,교하점,G2,소매,G213,오락용품 소매,G21305,자전거 소매업,G47632,자전거 및 기타 운송장비 소매업,41,경기도,41480,파주시,41480590,운정5동,4148010900,다율동,4148010900110000008,1,대지,1000,8,경기도 파주시 다율동 1000-8,414804418483,경기도 파주시 순못길,6,14,4148025923110000008001743,,경기도 파주시 순못길 6-14,413080,10878,,1,,126.716992103135,37.7275102167097
MA010120220802789202,에이비씨프로덕트,,G2,소매,G213,오락용품 소매,G21305,자전거 소매업,G47632,자전거 및 기타 운송장비 소매업,41,경기도,41480,파주시,41480540,교하동,4148011200,산남동,4148011200102830001,1,대지,283,1,경기도 파주시 산남동 283-1,414803206117,경기도 파주시 산남로,70,,4148025926102830001017489,,경기도 파주시 산남로 70,413070,10882,,,,126.692488506445,37.7005008303984
MA010120220802805146,정으로달리는자전거범바이크,,G2,소매,G213,오락용품 소매,G21305,자전거 소매업,G47632,자전거 및 기타 운송장비 소매업,41,경기도,41465,용인시 수지구,41465590,성복동,4146510600,성복동,4146510600107430003,1,대지,743,3,경기도 용인시 수지구 성복동 743-3,414654415193,경기도 용인시 수지구 성복2로76번길,25,22,4146510600107430003028151,,경기도 용인시 수지구 성복2로76번길 25-22,448832,16848,,1,,127.078100190254,37.3155072452087
MA010120220802785076,지성바이크,,G2,소매,G213,오락용품 소매,G21305,자전거 소매업,G47632,자전거 및 기타 운송장비 소매업,26,부산광역시,26710,기장군,26710259,일광읍,2671025921,일광읍,2671025921108330006,1,대지,833,6,부산광역시 기장군 일광읍 삼성리 833-6,267103352380,부산광역시 기장군 일광읍 해빛6로,43,17,2671031021108330006000001,,부산광역시 기장군 일광읍 해빛6로 43-17,619912,46048,,,,129.22524746052,35.2645151368926
MA010120220802805625,자전거마을,,G2,소매,G213,오락용품 소매,G21305,자전거 소매업,G47632,자전거 및 기타 운송장비 소매업,41,경기도,41461,용인시 처인구,41461530,유림동,4146110500,유방동,4146110500102160009,1,대지,216,9,경기도 용인시 처인구 유방동 216-9,414613203129,경기도 용인시 처인구 포곡로,25,,4146110500102160009237776,,경기도 용인시 처인구 포곡로 25,449935,17040,,,,127.211527246016,37.2644444089534
MA010120220802794658,이지바이크,,G2,소매,G213,오락용품 소매,G21305,자전거 소매업,G47632,자전거 및 기타 운송장비 소매업,41,경기도,41463,용인시 기흥구,41463560,구성동,4146311400,청덕동,4146311400105540005,1,대지,554,5,경기도 용인시 기흥구 청덕동 554-5,414634412048,경기도 용인시 기흥구 구성2로5번길,18,16,4146311400105540005001645,,경기도 용인시 기흥구 구성2로5번길 18-16,446915,16914,,1,,127.147060038066,37.2910596224949
MA010120220802785554,삼천리자전거내동초점,,G2,소매,G213,오락용품 소매,G21305,자전거 소매업,G47632,자전거 및 기타 운송장비 소매업,44,충청남도,44230,논산시,44230510,취암동,4423010900,내동,4423010900102830014,1,대지,283,14,충청남도 논산시 내동 283-14,442303255045,충청남도 논산시 시민로,264,3,4423010900102830014047558,,충청남도 논산시 시민로 264-3,320803,32983,,,,127.09517855293,36.1901676705394
MA010120220802853605,삼천리자전거,,G2,소매,G213,오락용품 소매,G21305,자전거 소매업,G47632,자전거 및 기타 운송장비 소매업,41,경기도,41590,화성시,41590259,향남읍,4159025931,향남읍,4159025931100190004,1,대지,19,4,경기도 화성시 향남읍 요리 19-4,415903210110,경기도 화성시 향남읍 토성로,362,20,4159025931100190000007645,,경기도 화성시 향남읍 토성로 362-20,445924,18624,,,,126.959561460002,37.1165653849928
MA010120220802810445,제일로드,,G2,소매,G213,오락용품 소매,G21305,자전거 소매업,G47632,자전거 및 기타 운송장비 소매업,41,경기도,41463,용인시 기흥구,41463560,구성동,4146311200,언남동,4146311200103710008,1,대지,371,8,경기도 용인시 기흥구 언남동 371-8,414633204013,경기도 용인시 기흥구 구성로,75,,4146311200103710008024294,,경기도 용인시 기흥구 구성로 75,446525,16917,,1,,127.117800701691,37.2949397879281
MA010120220802821045,이지바이크,,G2,소매,G213,오락용품 소매,G21305,자전거 소매업,G47632,자전거 및 기타 운송장비 소매업,41,경기도,41461,용인시 처인구,41461250,포곡읍,4146125023,포곡읍,4146125023104060029,1,대지,406,29,경기도 용인시 처인구 포곡읍 둔전리 406-29,414613203005,경기도 용인시 처인구 포곡읍 경안천로,416,1,4146125023104060029022594,외,경기도 용인시 처인구 포곡읍 경안천로 416-1,449812,17027,,,,127.213890836838,37.2670621894982
MA010120220802858802,향남바이크,,G2,소매,G213,오락용품 소매,G21305,자전거 소매업,G47632,자전거 및 기타 운송장비 소매업,41,경기도,41590,화성시,41590259,향남읍,4159025926,향남읍,4159025926114600002,1,대지,1460,2,경기도 화성시 향남읍 하길리 1460-2,415904848219,경기도 화성시 향남읍 한절이1길,31,,4159025926101310002000001,삼천리자전거,경기도 화성시 향남읍 한절이1길 31,445938,18606,,,,126.915542585784,37.1186416796723
MA010120220802808046,삼천리자전거상하점,,G2,소매,G213,오락용품 소매,G21305,자전거 소매업,G47632,자전거 및 기타 운송장비 소매업,41,경기도,41463,용인시 기흥구,41463586,상하동,4146311700,상하동,4146311700104660003,1,대지,466,3,경기도 용인시 기흥구 상하동 466-3,414633204046,경기도 용인시 기흥구 어정로,83,,4146311700104660003222862,상,경기도 용인시 기흥구 어정로 83,446517,16986,,,,127.139033252191,37.2742289114177
MA010120220802857698,위페드,,G2,소매,G213,오락용품 소매,G21305,자전거 소매업,G47632,자전거 및 기타 운송장비 소매업,41,경기도,41273,안산시 단원구,41273570,초지동,4127310500,원시동,4127310500107840002,1,대지,784,2,경기도 안산시 단원구 원시동 784-2,412733191028,경기도 안산시 단원구 별망로,555,,4127310500107840002033615,타원타크,경기도 안산시 단원구 별망로 555,425852,15434,,9,,126.786982974804,37.3010418867486
MA010120220802811799,삼천리자전거,,G2,소매,G213,오락용품 소매,G21305,자전거 소매업,G47632,자전거 및 기타 운송장비 소매업,41,경기도,41463,용인시 기흥구,41463535,보라동,4146310500,보라동,4146310500106120003,1,대지,612,3,경기도 용인시 기흥구 보라동 612-3,414634412273,경기도 용인시 기흥구 한보라1로64번길,6,,4146310500106120003040896,우리프라자,경기도 용인시 기흥구 한보라1로64번길 6,446904,17080,,,,127.106955822174,37.2504657191546
MA010120220802822896,전대리자전거,,G2,소매,G213,오락용품 소매,G21305,자전거 소매업,G47632,자전거 및 기타 운송장비 소매업,41,경기도,41461,용인시 처인구,41461250,포곡읍,4146125027,포곡읍,4146125027101100005,1,대지,110,5,경기도 용인시 처인구 포곡읍 전대리 110-5,414613203081,경기도 용인시 처인구 포곡읍 에버랜드로,57,,4146125027101100005037846,,경기도 용인시 처인구 포곡읍 에버랜드로 57,449815,17023,,1,,127.223546836293,37.2803436841165
MA010120220802877310,팀바이크삼천리자전거,야탑점,G2,소매,G213,오락용품 소매,G21305,자전거 소매업,G47632,자전거 및 기타 운송장비 소매업,41,경기도,41135,성남시 분당구,41135630,야탑2동,4113510700,야탑동,4113510700105030000,1,대지,503,,경기도 성남시 분당구 야탑동 503,411353180041,경기도 성남시 분당구 야탑로,72,,4113510700105030000055384,에이스주차빌딩,경기도 성남시 분당구 야탑로 72,463840,13520,,1,,127.126824225652,37.4095772801328
MA010120220802888636,바이크매니아영월점,,G2,소매,G213,오락용품 소매,G21305,자전거 소매업,G47632,자전거 및 기타 운송장비 소매업,51,강원특별자치도,51750,영월군,51750250,영월읍,5175025021,영월읍,5175025021109540009,1,대지,954,9,강원특별자치도 영월군 영월읍 영흥리 954-9,517503227021,강원특별자치도 영월군 영월읍 중앙1로,46,,4275025021109540009017539,,강원특별자치도 영월군 영월읍 중앙1로 46,230805,26233,,1,,128.466036101214,37.1852083971723
MA010120220802903046,형제자전거,,G2,소매,G213,오락용품 소매,G21305,자전거 소매업,G47632,자전거 및 기타 운송장비 소매업,41,경기도,41590,화성시,41590600,동탄6동,4159013800,방교동,4159013800107790003,1,대지,779,3,경기도 화성시 방교동 779-3,415904848197,경기도 화성시 동탄기흥로257번가길,19,,4159042032107790003000001,동탄프리미엄아울렛,경기도 화성시 동탄기흥로257번가길 19,,18487,,,,127.09227543277,37.1817550500727
MA010120220802901086,망고네전동킥보드,,G2,소매,G213,오락용품 소매,G21305,자전거 소매업,G47632,자전거 및 기타 운송장비 소매업,47,경상북도,47150,김천시,47150575,대신동,4715010800,신음동,4715010800103710004,1,대지,371,4,경상북도 김천시 신음동 371-4,471504718531,경상북도 김천시 속구미3길,5,,4715010800103710004000001,,경상북도 김천시 속구미3길 5,740978,39544,,,,128.124539153584,36.1322777095824
MA010120220802882310,환이바이크,,G2,소매,G213,오락용품 소매,G21305,자전거 소매업,G47632,자전거 및 기타 운송장비 소매업,11,서울특별시,11620,관악구,11620725,조원동,1162010200,신림동,1162010200105470001,1,대지,547,1,서울특별시 관악구 신림동 547-1,116203120010,서울특별시 관악구 조원로,70,,1162010200105470001008739,,서울특별시 관악구 조원로 70,151876,08766,,1,,126.910135820855,37.4837736101181
MA010120220802860478,삼천리자전거민락2지구점,,G2,소매,G213,오락용품 소매,G21305,자전거 소매업,G47632,자전거 및 기타 운송장비 소매업,41,경기도,41150,의정부시,41150578,송산3동,4115010600,민락동,4115010600109020000,1,대지,902,,경기도 의정부시 민락동 902,411503181035,경기도 의정부시 용민로,469,,4115010600109020000000001,보광더존프라자,경기도 의정부시 용민로 469,480090,11815,,,,127.118044903608,37.7519638134309
MA010120220802926961,스튜디오애씨드,,G2,소매,G213,오락용품 소매,G21305,자전거 소매업,G47632,자전거 및 기타 운송장비 소매업,41,경기도,41285,고양시 일산동구,41285600,고봉동,4128511100,설문동,4128511100107610059,1,대지,761,59,경기도 고양시 일산동구 설문동 761-59,412854379030,경기도 고양시 일산동구 고봉로770번길,127,10,4128511100107610059000001,,경기도 고양시 일산동구 고봉로770번길 127-10,410819,10252,,,,126.794343992788,37.7189581501608
MA010120220804440365,삼천리자전거수서점,,G2,소매,G213,오락용품 소매,G21305,자전거 소매업,G47632,자전거 및 기타 운송장비 소매업,11,서울특별시,11680,강남구,11680750,수서동,1168011500,수서동,1168011500107160000,1,대지,716,,서울특별시 강남구 수서동 716,116803122002,서울특별시 강남구 광평로,295,,1168011500107160000026850,한신사이룩스동관,서울특별시 강남구 광평로 295,135560,06349,,,,127.104478863139,37.4885639622678
MA010120220804448979,바이크,코리아,G2,소매,G213,오락용품 소매,G21305,자전거 소매업,G47632,자전거 및 기타 운송장비 소매업,41,경기도,41430,의왕시,41430560,청계동,4143010900,포일동,4143010900106530000,1,대지,653,,경기도 의왕시 포일동 653,414303201052,경기도 의왕시 이미로,40,,4143010900106530000000001,인덕원IT밸리,경기도 의왕시 이미로 40,437828,16006,,,,126.991314890258,37.400751908101
MA010120220804473354,서울로드,,G2,소매,G213,오락용품 소매,G21305,자전거 소매업,G47632,자전거 및 기타 운송장비 소매업,11,서울특별시,11740,강동구,11740610,천호2동,1174010900,천호동,1174010900103300022,1,대지,330,22,서울특별시 강동구 천호동 330-22,117403124009,서울특별시 강동구 천중로,6,3,1174010900103300022011253,,서울특별시 강동구 천중로 6-3,134868,05245,,1,,127.122686459827,37.5456430161798
MA010120220804469550,투바이크,,G2,소매,G213,오락용품 소매,G21305,자전거 소매업,G47632,자전거 및 기타 운송장비 소매업,41,경기도,41450,하남시,41450620,미사2동,4145010900,망월동,4145010900108700002,1,대지,870,2,경기도 하남시 망월동 870-2,414504851268,경기도 하남시 미사강변한강로158번길,51,,4145010900103920014000001,,경기도 하남시 미사강변한강로158번길 51,465150,12903,,1,,127.189773068653,37.5748996848613
MA010120220804506151,바이크탑,,G2,소매,G213,오락용품 소매,G21305,자전거 소매업,G47632,자전거 및 기타 운송장비 소매업,51,강원특별자치도,51110,춘천시,51110650,석사동,5111012400,석사동,5111012400102910015,1,대지,291,15,강원특별자치도 춘천시 석사동 291-15,511103218003,강원특별자치도 춘천시 공지로,104,,4211012400102910015015363,상가우측,강원특별자치도 춘천시 공지로 104,200933,24327,,1,,127.748746799756,37.8561447723608
MA010120220804504562,대흥자전거센타,,G2,소매,G213,오락용품 소매,G21305,자전거 소매업,G47632,자전거 및 기타 운송장비 소매업,51,강원특별자치도,51110,춘천시,51110675,강남동,5111012100,온의동,5111012100105310000,1,대지,531,,강원특별자치도 춘천시 온의동 531,511103218036,강원특별자치도 춘천시 춘주로,102,,4211012100105310000018776,,강원특별자치도 춘천시 춘주로 102,200938,24437,,,,127.720469257229,37.861303352757
MA010120220804527188,대성자전거,,G2,소매,G213,오락용품 소매,G21305,자전거 소매업,G47632,자전거 및 기타 운송장비 소매업,51,강원특별자치도,51110,춘천시,51110705,신사우동,5111011800,우두동,5111011800102810001,1,대지,281,1,강원특별자치도 춘천시 우두동 281-1,511103218039,강원특별자치도 춘천시 충열로,148,,4211011800102810001019944,,강원특별자치도 춘천시 충열로 148,200939,24227,,,,127.739781074026,37.906103904928
MA010120220804537495,근화자전거상회,,G2,소매,G213,오락용품 소매,G21305,자전거 소매업,G47632,자전거 및 기타 운송장비 소매업,51,강원특별자치도,51110,춘천시,51110570,근화동,5111011700,근화동,5111011700107060011,1,대지,706,11,강원특별자치도 춘천시 근화동 706-11,511103218033,강원특별자치도 춘천시 중앙로,158,,4211011700107060011011209,근화동,강원특별자치도 춘천시 중앙로 158,200931,24276,,1,,127.717775919692,37.8753473154366
MA010120220804530000,원바이크,,G2,소매,G213,오락용품 소매,G21305,자전거 소매업,G47632,자전거 및 기타 운송장비 소매업,47,경상북도,47290,경산시,47290250,하양읍,4729025021,하양읍,4729025021103960006,1,대지,396,6,경상북도 경산시 하양읍 금락리 396-6,472904739259,경상북도 경산시 하양읍 대학로296길,7,,4729025021103960006033658,,경상북도 경산시 하양읍 대학로296길 7,712902,38438,,1,,128.824405251157,35.9102741598685
MA010120220804523735,하이벨로,,G2,소매,G213,오락용품 소매,G21305,자전거 소매업,G47632,자전거 및 기타 운송장비 소매업,51,강원특별자치도,51110,춘천시,51110610,후평2동,5111012000,후평동,5111012000108380007,1,대지,838,7,강원특별자치도 춘천시 후평동 838-7,511103218049,강원특별자치도 춘천시 후석로,267,,4211012000108380007030652,,강원특별자치도 춘천시 후석로 267,200961,24283,,,,127.752317071495,37.8753749056249
MA010120220804541478,엑스퍼트,,G2,소매,G213,오락용품 소매,G21305,자전거 소매업,G47632,자전거 및 기타 운송장비 소매업,11,서울특별시,11545,금천구,11545510,가산동,1154510100,가산동,1154510100100600020,1,대지,60,20,서울특별시 금천구 가산동 60-20,115453116013,서울특별시 금천구 벚꽃로,266,,1154510100100600020014060,마리오아울렛,서울특별시 금천구 벚꽃로 266,153717,08511,,3,,126.885088752551,37.4784449643288
MA010120220804519805,코렉스자전거,,G2,소매,G213,오락용품 소매,G21305,자전거 소매업,G47632,자전거 및 기타 운송장비 소매업,51,강원특별자치도,51110,춘천시,51110611,후평3동,5111012000,후평동,5111012000107030001,1,대지,703,1,강원특별자치도 춘천시 후평동 703-1,511103218049,강원특별자치도 춘천시 후석로,352,,4211012000107030001000001,전부,강원특별자치도 춘천시 후석로 352,200956,24297,,,,127.748668608211,37.8821100848776
MA010120220804526719,춘천자전거,,G2,소매,G213,오락용품 소매,G21305,자전거 소매업,G47632,자전거 및 기타 운송장비 소매업,51,강원특별자치도,51110,춘천시,51110570,근화동,5111011700,근화동,5111011700107930008,1,대지,793,8,강원특별자치도 춘천시 근화동 793-8,511103013022,강원특별자치도 춘천시 영서로,2652,,4211011700107930008010169,,강원특별자치도 춘천시 영서로 2652,200931,24244,,,,127.722513270311,37.8925711373426
MA010120220804539122,태성사,,G2,소매,G213,오락용품 소매,G21305,자전거 소매업,G47632,자전거 및 기타 운송장비 소매업,11,서울특별시,11320,도봉구,11320512,창2동,1132010700,창동,1132010700105530028,1,대지,553,28,서울특별시 도봉구 창동 553-28,113203109008,서울특별시 도봉구 우이천로,196,,1132010700105530028016129,,서울특별시 도봉구 우이천로 196,132918,01472,,1,,127.036221214293,37.6373771392655
MA010120220804517985,바이크월드,,G2,소매,G213,오락용품 소매,G21305,자전거 소매업,G47632,자전거 및 기타 운송장비 소매업,51,강원특별자치도,51110,춘천시,51110650,석사동,5111012400,석사동,5111012400106420008,1,대지,642,8,강원특별자치도 춘천시 석사동 642-8,511103218049,강원특별자치도 춘천시 후석로,49,,4211012400106420008013929,,강원특별자치도 춘천시 후석로 49,200935,24384,,,,127.742070834634,37.8589528977902
MA010120220804541939,중앙자전거,,G2,소매,G213,오락용품 소매,G21305,자전거 소매업,G47632,자전거 및 기타 운송장비 소매업,51,강원특별자치도,51790,화천군,51790250,화천읍,5179025023,화천읍,5179025023102640031,1,대지,264,31,강원특별자치도 화천군 화천읍 중리 264-31,517903231010,강원특별자치도 화천군 화천읍 산수화로,17,2,4279025023002640031002927,,강원특별자치도 화천군 화천읍 산수화로 17-2,209802,24117,,1,,127.706353181672,38.1080233923049
MA010120220804558189,레스포삼천리자전거,,G2,소매,G213,오락용품 소매,G21305,자전거 소매업,G47632,자전거 및 기타 운송장비 소매업,51,강원특별자치도,51170,동해시,51170570,발한동,5117011100,발한동,5117011100100170009,1,대지,17,9,강원특별자치도 동해시 발한동 17-9,511703221018,강원특별자치도 동해시 발한로,227,,4217011100000170009015615,,강원특별자치도 동해시 발한로 227,240804,25720,,,,129.108129306677,37.5495241055266
MA010120220804563774,삼천리레스포자전거,,G2,소매,G213,오락용품 소매,G21305,자전거 소매업,G47632,자전거 및 기타 운송장비 소매업,51,강원특별자치도,51230,삼척시,51230570,성내동,5123012000,남양동,5123012000100160003,1,대지,16,3,강원특별자치도 삼척시 남양동 16-3,512303224030,강원특별자치도 삼척시 척주로,31,,4223012000100160003000003,일부,강원특별자치도 삼척시 척주로 31,245941,25921,,1,,129.167301512823,37.4442613977176
MA010120220804575164,경일공업사,,G2,소매,G213,오락용품 소매,G21305,자전거 소매업,G47632,자전거 및 기타 운송장비 소매업,51,강원특별자치도,51170,동해시,51170530,북삼동,5117010700,동회동,5117010700100620007,1,대지,62,7,강원특별자치도 동해시 동회동 62-7,511704463241,강원특별자치도 동해시 효자남길,41,,4217010700000620007015649,,강원특별자치도 동해시 효자남길 41,240180,25806,,,,129.108179113487,37.4898152614368
MA010120220804544791,박스,,G2,소매,G213,오락용품 소매,G21305,자전거 소매업,G47632,자전거 및 기타 운송장비 소매업,51,강원특별자치도,51110,춘천시,51110660,퇴계동,5111012300,퇴계동,5111012300109640001,1,대지,964,1,강원특별자치도 춘천시 퇴계동 964-1,511103218042,강원특별자치도 춘천시 퇴계로,137,,4211012300109640001022315,,강원특별자치도 춘천시 퇴계로 137,200945,24380,,,,127.735001035708,37.8599161931991
MA010120220804563071,바이크프라자,,G2,소매,G213,오락용품 소매,G21305,자전거 소매업,G47632,자전거 및 기타 운송장비 소매업,51,강원특별자치도,51230,삼척시,51230570,성내동,5123012000,남양동,5123012000103290018,1,대지,329,18,강원특별자치도 삼척시 남양동 329-18,512303224040,강원특별자치도 삼척시 중앙로,223,,4223012000103290018000001,,강원특별자치도 삼척시 중앙로 223,245938,25920,,,,129.16760910294,37.443174740268
MA010120220804557763,그린바이크,,G2,소매,G213,오락용품 소매,G21305,자전거 소매업,G47632,자전거 및 기타 운송장비 소매업,51,강원특별자치도,51170,동해시,51170530,북삼동,5117010600,효가동,5117010600102190001,1,대지,219,1,강원특별자치도 동해시 효가동 219-1,511702000023,강원특별자치도 동해시 동해대로,5041,,4217010600002190001015165,,강원특별자치도 동해시 동해대로 5041,240160,25801,,,,129.110461578095,37.4961975341039
MA010120220804579185,씽씽공업사,,G2,소매,G213,오락용품 소매,G21305,자전거 소매업,G47632,자전거 및 기타 운송장비 소매업,51,강원특별자치도,51170,동해시,51170570,발한동,5117011100,발한동,5117011100100490002,1,대지,49,2,강원특별자치도 동해시 발한동 49-2,511704463233,강원특별자치도 동해시 향로봉길,2,,4217011100000490002011320,,강원특별자치도 동해시 향로봉길 2,240804,25728,,,,129.108245551063,37.5472248861117
MA010120220804579208,삼천리자전거,대리점,G2,소매,G213,오락용품 소매,G21305,자전거 소매업,G47632,자전거 및 기타 운송장비 소매업,51,강원특별자치도,51170,동해시,51170600,북평동,5117011200,북평동,5117011200100150003,1,대지,15,3,강원특별자치도 동해시 북평동 15-3,511703221014,강원특별자치도 동해시 대동로,123,,4217011200000150003022539,,강원특별자치도 동해시 대동로 123,240200,25813,,,,129.126376764585,37.4828947971174
MA010120220804545745,바이크드림,칠성점,G2,소매,G213,오락용품 소매,G21305,자전거 소매업,G47632,자전거 및 기타 운송장비 소매업,27,대구광역시,27230,북구,27230526,칠성동,2723010200,칠성동2가,2723010200104000059,1,대지,400,59,대구광역시 북구 칠성동2가 400-59,272303145042,대구광역시 북구 칠성시장로,93,1,2723010200104000059038708,,대구광역시 북구 칠성시장로 93-1,702853,41577,,,,128.600847548154,35.8819868530918
MA010120220804557892,자전거MTB할인마트강릉점,,G2,소매,G213,오락용품 소매,G21305,자전거 소매업,G47632,자전거 및 기타 운송장비 소매업,51,강원특별자치도,51150,강릉시,51150571,포남1동,5115011100,포남동,5115011100111440002,1,대지,1144,2,강원특별자치도 강릉시 포남동 1144-2,511503000145,강원특별자치도 강릉시 경강로,2238,1,4215011100111440002008100,,강원특별자치도 강릉시 경강로 2238-1,210956,25547,,,,128.907789907065,37.7636872011623
MA010120220800838391,삼천리자전거,,G2,소매,G213,오락용품 소매,G21305,자전거 소매업,G47632,자전거 및 기타 운송장비 소매업,11,서울특별시,11560,영등포구,11560540,여의동,1156011000,여의도동,1156011000100410001,1,대지,41,1,서울특별시 영등포구 여의도동 41-1,115604154066,서울특별시 영등포구 국제금융로7길,22,,1156011000100410001031304,대교비,서울특별시 영등포구 국제금융로7길 22,150889,07340,,,,126.933075433431,37.5232438585187
MA010120220800829163,찬스포츠,,G2,소매,G213,오락용품 소매,G21305,자전거 소매업,G47632,자전거 및 기타 운송장비 소매업,11,서울특별시,11620,관악구,11620575,행운동,1162010100,봉천동,1162010100100310001,1,대지,31,1,서울특별시 관악구 봉천동 31-1,116203120001,서울특별시 관악구 관악로,212,,1162010100100310001031621,관악프라자,서울특별시 관악구 관악로 212,151725,08737,,2,,126.955135876019,37.4835559948447
MA010120220800835254,페달레,,G2,소매,G213,오락용품 소매,G21305,자전거 소매업,G47632,자전거 및 기타 운송장비 소매업,41,경기도,41450,하남시,41450610,미사1동,4145010900,망월동,4145010900111960003,1,대지,1196,3,경기도 하남시 망월동 1196-3,414504853269,경기도 하남시 미사강변한강로342번길,21,,4145010900100170000000001,,경기도 하남시 미사강변한강로342번길 21,465150,12923,,1,,127.200305585933,37.5597365675293
MA010120220800822846,엔젤바이크주,,G2,소매,G213,오락용품 소매,G21305,자전거 소매업,G47632,자전거 및 기타 운송장비 소매업,41,경기도,41360,남양주시,41360540,양정동,4136010400,일패동,4136010400108310016,1,대지,831,16,경기도 남양주시 일패동 831-16,413603197044,경기도 남양주시 일패로,81,,4136010400108310016000001,,경기도 남양주시 일패로 81,472932,12243,,,,127.175010298802,37.6227560485654
MA010120220800823302,웰노운,,G2,소매,G213,오락용품 소매,G21305,자전거 소매업,G47632,자전거 및 기타 운송장비 소매업,41,경기도,41630,양주시,41630520,양주2동,4163010800,삼숭동,4163010800101870008,1,대지,187,8,경기도 양주시 삼숭동 187-8,416304436223,경기도 양주시 삼숭로58번길,84,10,4163010800101870008003367,,경기도 양주시 삼숭로58번길 84-10,482110,11486,,,,127.106086624964,37.800789381735
MA010120220800855203,신목삼천리자전거,,G2,소매,G213,오락용품 소매,G21305,자전거 소매업,G47632,자전거 및 기타 운송장비 소매업,11,서울특별시,11470,양천구,11470540,목4동,1147010200,목동,1147010200107620010,1,대지,762,10,서울특별시 양천구 목동 762-10,114703114005,서울특별시 양천구 목동중앙로,73,,1147010200107620010016892,목동문남빌딩,서울특별시 양천구 목동중앙로 73,158817,07961,,1,,126.870540449903,37.5361482624384
MA010120220800876838,강서바이클,,G2,소매,G213,오락용품 소매,G21305,자전거 소매업,G47632,자전거 및 기타 운송장비 소매업,11,서울특별시,11470,양천구,11470540,목4동,1147010200,목동,1147010200107360010,1,대지,736,10,서울특별시 양천구 목동 736-10,114703114004,서울특별시 양천구 목동중앙남로,30,,1147010200107360010016747,,서울특별시 양천구 목동중앙남로 30,158815,07960,,1,,126.867201906361,37.5365950553408
MA010120220800855741,4130바이크,,G2,소매,G213,오락용품 소매,G21305,자전거 소매업,G47632,자전거 및 기타 운송장비 소매업,11,서울특별시,11440,마포구,11440655,서강동,1144011500,상수동,1144011500103300010,1,대지,330,10,서울특별시 마포구 상수동 330-10,114403113017,서울특별시 마포구 와우산로,26,,1144011500103300010026836,,서울특별시 마포구 와우산로 26,121829,04075,,1,,126.923175471433,37.5468170184806
MA010120220800855915,삼천리자전거신정,대리점,G2,소매,G213,오락용품 소매,G21305,자전거 소매업,G47632,자전거 및 기타 운송장비 소매업,11,서울특별시,11470,양천구,11470620,신정1동,1147010100,신정동,1147010100110520001,1,대지,1052,1,서울특별시 양천구 신정동 1052-1,114703005068,서울특별시 양천구 중앙로,234,,1147010100110520001000024,,서울특별시 양천구 중앙로 234,158862,08091,,1,,126.854317970967,37.5174696280541
MA010120220800858728,동산바이크,,G2,소매,G213,오락용품 소매,G21305,자전거 소매업,G47632,자전거 및 기타 운송장비 소매업,11,서울특별시,11470,양천구,11470530,목3동,1147010200,목동,1147010200106510009,1,대지,651,9,서울특별시 양천구 목동 651-9,114703005064,서울특별시 양천구 등촌로,182,,1147010200106510009018146,일부,서울특별시 양천구 등촌로 182,158812,07951,,1,,126.862817491896,37.5458883547719
MA010120220800878215,제이커넥팅,,G2,소매,G213,오락용품 소매,G21305,자전거 소매업,G47632,자전거 및 기타 운송장비 소매업,11,서울특별시,11470,양천구,11470611,신월7동,1147010300,신월동,1147010300109920003,1,대지,992,3,서울특별시 양천구 신월동 992-3,114703114013,서울특별시 양천구 지양로,22,,1147010300109920003008032,승원빌딩,서울특별시 양천구 지양로 22,158847,08041,,2,,126.837461174013,37.5186369570786
MA010120220800866278,양천구신월,대리점,G2,소매,G213,오락용품 소매,G21305,자전거 소매업,G47632,자전거 및 기타 운송장비 소매업,11,서울특별시,11470,양천구,11470560,신월1동,1147010300,신월동,1147010300101160040,1,대지,116,40,서울특별시 양천구 신월동 116-40,114703005067,서울특별시 양천구 월정로,131,,1147010300101160040015059,,서울특별시 양천구 월정로 131,158827,07923,,,,126.837763149364,37.5306747511417
MA010120220800853623,구니카,,G2,소매,G213,오락용품 소매,G21305,자전거 소매업,G47632,자전거 및 기타 운송장비 소매업,11,서울특별시,11470,양천구,11470650,신정4동,1147010100,신정동,1147010100110020008,1,대지,1002,8,서울특별시 양천구 신정동 1002-8,114704142302,서울특별시 양천구 오목로48길,24,,1147010100110020008003278,,서울특별시 양천구 오목로48길 24,158860,08023,,1,,126.863061694593,37.5237330449696
MA010120220800888130,달려라자전거,,G2,소매,G213,오락용품 소매,G21305,자전거 소매업,G47632,자전거 및 기타 운송장비 소매업,11,서울특별시,11470,양천구,11470650,신정4동,1147010100,신정동,1147010100109800008,1,대지,980,8,서울특별시 양천구 신정동 980-8,114703114012,서울특별시 양천구 은행정로,33,1,1147010100109800008003022,신정동,서울특별시 양천구 은행정로 33-1,158860,08027,,1,,126.859352984216,37.5227736247183
MA010120220800886101,매너바이크,,G2,소매,G213,오락용품 소매,G21305,자전거 소매업,G47632,자전거 및 기타 운송장비 소매업,11,서울특별시,11470,양천구,11470620,신정1동,1147010100,신정동,1147010100110520025,1,대지,1052,25,서울특별시 양천구 신정동 1052-25,114703005068,서울특별시 양천구 중앙로,224,,1147010100110520025007170,,서울특별시 양천구 중앙로 224,158862,08091,,1,,126.854749416954,37.5166412368733
MA010120220800886297,바이크샵,,G2,소매,G213,오락용품 소매,G21305,자전거 소매업,G47632,자전거 및 기타 운송장비 소매업,11,서울특별시,11470,양천구,11470590,신월4동,1147010300,신월동,1147010300105170008,1,대지,517,8,서울특별시 양천구 신월동 517-8,114703114014,서울특별시 양천구 오목로,40,,1147010300105170008000001,,서울특별시 양천구 오목로 40,158839,08029,,,,126.842058553278,37.5217246215808
MA010120220802565842,우성바퀴,,G2,소매,G213,오락용품 소매,G21305,자전거 소매업,G47632,자전거 및 기타 운송장비 소매업,28,인천광역시,28260,서구,28260720,오류왕길동,2826012000,왕길동,2826012000101670000,1,대지,167,,인천광역시 서구 왕길동 167,282602000013,인천광역시 서구 봉수대로,1344,7,2826012000101670000029399,왕길동,인천광역시 서구 봉수대로 1344-7,404290,22637,,,,126.654007256778,37.5945291231818
MA010120220802546133,연백자전거,,G2,소매,G213,오락용품 소매,G21305,자전거 소매업,G47632,자전거 및 기타 운송장비 소매업,28,인천광역시,28260,서구,28260575,신현원창동,2826010900,신현동,2826010900101370023,1,대지,137,23,인천광역시 서구 신현동 137-23,282603156064,인천광역시 서구 염곡로,361,1,2826010900101370023003930,,인천광역시 서구 염곡로 361-1,404830,22781,,,,126.668629953942,37.5168513667345
MA010120220802552765,삼천리자전거우조,대리점,G2,소매,G213,오락용품 소매,G21305,자전거 소매업,G47632,자전거 및 기타 운송장비 소매업,41,경기도,41570,김포시,41570550,풍무동,4157010700,풍무동,4157010700109150000,1,대지,915,,경기도 김포시 풍무동 915,415704854932,경기도 김포시 양도로19번길,31,,4157010700102060001000001,아도니스의꿈Ⅱ,경기도 김포시 양도로19번길 31,415070,10113,,,,126.724701826579,37.6088697064974
MA010120220802525515,삼천리자전거,,G2,소매,G213,오락용품 소매,G21305,자전거 소매업,G47632,자전거 및 기타 운송장비 소매업,28,인천광역시,28260,서구,28260730,마전동,2826011300,마전동,2826011300110160009,1,대지,1016,9,인천광역시 서구 마전동 1016-9,282603156068,인천광역시 서구 완정로,11,,2826011300106080002029242,진수빌딩,인천광역시 서구 완정로 11,404260,22639,,1,,126.672181439318,37.5944278322183
MA010120220802560676,산들바이크,,G2,소매,G213,오락용품 소매,G21305,자전거 소매업,G47632,자전거 및 기타 운송장비 소매업,41,경기도,41570,김포시,41570560,장기동,4157010400,장기동,4157010400114870000,1,대지,1487,,경기도 김포시 장기동 1487,415704427116,경기도 김포시 김포한강1로78번길,61,48,4157010400114870000000834,,경기도 김포시 김포한강1로78번길 61-48,415060,10079,,1,,126.672379422657,37.6448023992621
MA010120220802535495,상지레포츠,,G2,소매,G213,오락용품 소매,G21305,자전거 소매업,G47632,자전거 및 기타 운송장비 소매업,41,경기도,41192,부천시 원미구,41192590,춘의동,4119210300,춘의동,4119210300101630001,1,대지,163,1,경기도 부천시 원미구 춘의동 163-1,411923184003,경기도 부천시 원미구 부천로,210,,4119510300101630001036586,춘의동중앙지하상가,경기도 부천시 원미구 부천로 210,420859,14555,,1,,126.787518750875,37.5030333912586
MA010120220802546670,삼천리자전거,,G2,소매,G213,오락용품 소매,G21305,자전거 소매업,G47632,자전거 및 기타 운송장비 소매업,28,인천광역시,28260,서구,28260700,원당동,2826011400,당하동,2826011400110280021,1,대지,1028,21,인천광역시 서구 당하동 1028-21,282603156021,인천광역시 서구 고산후로,97,,2826011400100280003030170,희성프라자,인천광역시 서구 고산후로 97,404320,22682,,,,126.698889336184,37.5924897853192
MA010120220802544138,삼천리자전거,고촌점,G2,소매,G213,오락용품 소매,G21305,자전거 소매업,G47632,자전거 및 기타 운송장비 소매업,41,경기도,41570,김포시,41570253,고촌읍,4157025324,고촌읍,4157025324110830000,1,대지,1083,,경기도 김포시 고촌읍 신곡리 1083,415703209102,경기도 김포시 고촌읍 은행영사정로,9,,4157025324110830001018350,한강프라자,경기도 김포시 고촌읍 은행영사정로 9,415819,10125,,1,,126.7721118572,37.6008168359078
MA010120220802544296,삼천리자전거서,구청점,G2,소매,G213,오락용품 소매,G21305,자전거 소매업,G47632,자전거 및 기타 운송장비 소매업,28,인천광역시,28260,서구,28260530,연희동,2826010600,연희동,2826010600106870008,1,대지,687,8,인천광역시 서구 연희동 687-8,282603156046,인천광역시 서구 서곶로,337,,2826010600106870008011975,철원상가,인천광역시 서구 서곶로 337,404836,22722,,1,,126.676686674172,37.5476157286441
MA010120220802566508,마리스토어,,G2,소매,G213,오락용품 소매,G21305,자전거 소매업,G47632,자전거 및 기타 운송장비 소매업,27,대구광역시,27140,동구,27140555,신천1.2동,2714010200,신천동,2714010200112910070,1,대지,1291,70,대구광역시 동구 신천동 1291-70,271403142009,대구광역시 동구 동부로,2,,2714010200112910070031029,,대구광역시 동구 동부로 2,701831,41266,,,,128.612880361476,35.8736164655318
MA010120220802554400,삼천리자전거,,G2,소매,G213,오락용품 소매,G21305,자전거 소매업,G47632,자전거 및 기타 운송장비 소매업,41,경기도,41570,김포시,41570540,사우동,4157010600,사우동,4157010600102460005,1,대지,246,5,경기도 김포시 사우동 246-5,415703209060,경기도 김포시 사우중로,27,,4157010600102460005021296,한성빌딩,경기도 김포시 사우중로 27,415801,10108,,1,,126.717543802679,37.6179527496297
MA010120220802536138,알톤자전거남동점,,G2,소매,G213,오락용품 소매,G21305,자전거 소매업,G47632,자전거 및 기타 운송장비 소매업,28,인천광역시,28200,남동구,28200560,만수1동,2820010300,만수동,2820010300109600001,1,대지,960,1,인천광역시 남동구 만수동 960-1,282003153084,인천광역시 남동구 백범로,109,,2820010300109600001028307,,인천광역시 남동구 백범로 109,405865,21540,,1,,126.734346448385,37.4538659568253
MA010120220802555046,바이크,코리아,G2,소매,G213,오락용품 소매,G21305,자전거 소매업,G47632,자전거 및 기타 운송장비 소매업,28,인천광역시,28260,서구,28260542,가정1동,2826010800,가정동,2826010800105170005,1,대지,517,5,인천광역시 서구 가정동 517-5,282603156005,인천광역시 서구 가정로,340,1,2826010800105170005003128,,인천광역시 서구 가정로 340-1,404839,22783,,,,126.672980616465,37.5152326828122
MA010120220802555472,MTB사랑,,G2,소매,G213,오락용품 소매,G21305,자전거 소매업,G47632,자전거 및 기타 운송장비 소매업,41,경기도,41570,김포시,41570250,통진읍,4157025022,통진읍,4157025022100140031,1,대지,14,31,경기도 김포시 통진읍 마송리 14-31,415703209109,경기도 김포시 통진읍 조강로,15,,4157025022100140031000001,,경기도 김포시 통진읍 조강로 15,415865,10018,,,,126.602736702714,37.6879884157942
MA010120220802622468,인성바이크,,G2,소매,G213,오락용품 소매,G21305,자전거 소매업,G47632,자전거 및 기타 운송장비 소매업,41,경기도,41173,안양시 동안구,41173559,인덕원동,4117310200,관양동,4117310200114660032,1,대지,1466,32,경기도 안양시 동안구 관양동 1466-32,411732182001,경기도 안양시 동안구 관악대로,408,,4117310200114660032007980,,경기도 안양시 동안구 관악대로 408,431808,13948,,1,,126.968183193312,37.4043520303344
MA010120220802619074,충남사자전거월드,,G2,소매,G213,오락용품 소매,G21305,자전거 소매업,G47632,자전거 및 기타 운송장비 소매업,41,경기도,41173,안양시 동안구,41173590,호계2동,4117310400,호계동,4117310400109250012,1,대지,925,12,경기도 안양시 동안구 호계동 925-12,411732012008,경기도 안양시 동안구 경수대로,683,,4117310400109250012004037,,경기도 안양시 동안구 경수대로 683,431837,14078,,,,126.952248896864,37.3828572869159
MA010120220802580347,가좌엠티비,,G2,소매,G213,오락용품 소매,G21305,자전거 소매업,G47632,자전거 및 기타 운송장비 소매업,28,인천광역시,28260,서구,28260610,가좌4동,2826011200,가좌동,2826011200103220003,1,대지,322,3,인천광역시 서구 가좌동 322-3,282603008012,인천광역시 서구 장고개로,264,,2826011200103220003009398,우정빌딩,인천광역시 서구 장고개로 264,404815,22821,,,,126.681433199274,37.4878833344473
MA010120220802584115,아라로드,,G2,소매,G213,오락용품 소매,G21305,자전거 소매업,G47632,자전거 및 기타 운송장비 소매업,41,경기도,41410,군포시,41410540,산본1동,4141010400,산본동,4141010400110260010,1,대지,1026,10,경기도 군포시 산본동 1026-10,414103200002,경기도 군포시 공단로,356,54,4141010400110260010000001,금정삼성쉐르빌,경기도 군포시 공단로 356-54,435845,15808,,,,126.94321089159,37.3744197024029
MA010120220802610826,대성자전거,,G2,소매,G213,오락용품 소매,G21305,자전거 소매업,G47632,자전거 및 기타 운송장비 소매업,41,경기도,41173,안양시 동안구,41173590,호계2동,4117310400,호계동,4117310400108940003,1,대지,894,3,경기도 안양시 동안구 호계동 894-3,411732012008,경기도 안양시 동안구 경수대로,805,,4117310400108940003003945,호,경기도 안양시 동안구 경수대로 805,431836,14040,,,,126.944248215812,37.3915126192839
MA010120220802630234,봉바이크,,G2,소매,G213,오락용품 소매,G21305,자전거 소매업,G47632,자전거 및 기타 운송장비 소매업,41,경기도,41173,안양시 동안구,41173559,인덕원동,4117310200,관양동,4117310200115070014,1,대지,1507,14,경기도 안양시 동안구 관양동 1507-14,411732000018,경기도 안양시 동안구 흥안대로,492,,4117310200115070014003436,,경기도 안양시 동안구 흥안대로 492,431810,13943,,1,,126.977480590127,37.3977857218931
MA010120220802633942,청계M.T.B자전거,,G2,소매,G213,오락용품 소매,G21305,자전거 소매업,G47632,자전거 및 기타 운송장비 소매업,41,경기도,41430,의왕시,41430560,청계동,4143010800,청계동,4143010800109910003,1,대지,991,3,경기도 의왕시 청계동 991-3,414303012010,경기도 의왕시 안양판교로,219,,4143010800109620020000002,청계로얄프라자,경기도 의왕시 안양판교로 219,437110,16009,,,,126.995618563772,37.3896245224176
MA010120220802616885,바이크매니아,,G2,소매,G213,오락용품 소매,G21305,자전거 소매업,G47632,자전거 및 기타 운송장비 소매업,41,경기도,41173,안양시 동안구,41173530,비산3동,4117310100,비산동,4117310100110230000,1,대지,1023,,경기도 안양시 동안구 비산동 1023,411732183002,경기도 안양시 동안구 평촌대로,389,,4117310100110230000002466,안양실내빙상장,경기도 안양시 동안구 평촌대로 389,431847,13918,,1,,126.94874391654,37.4062914056894
MA010120220802608791,금성자전거,,G2,소매,G213,오락용품 소매,G21305,자전거 소매업,G47632,자전거 및 기타 운송장비 소매업,41,경기도,41430,의왕시,41430530,오전동,4143010500,오전동,4143010500103140012,1,대지,314,12,경기도 의왕시 오전동 314-12,414303201037,경기도 의왕시 효행로,56,,4143010500103140012006043,,경기도 의왕시 효행로 56,437822,16058,,,,126.972178156165,37.3521927179771
MA010120220802614301,관양엠티비,,G2,소매,G213,오락용품 소매,G21305,자전거 소매업,G47632,자전거 및 기타 운송장비 소매업,41,경기도,41173,안양시 동안구,41173552,관양동,4117310200,관양동,4117310200114060028,1,대지,1406,28,경기도 안양시 동안구 관양동 1406-28,411732182001,경기도 안양시 동안구 관악대로,323,,4117310200114060028003344,,경기도 안양시 동안구 관악대로 323,431806,13937,,1,,126.958752569245,37.403727412239
MA010120220802627326,자전거도매,,G2,소매,G213,오락용품 소매,G21305,자전거 소매업,G47632,자전거 및 기타 운송장비 소매업,41,경기도,41173,안양시 동안구,41173570,평촌동,4117310300,평촌동,4117310300101360042,1,대지,136,42,경기도 안양시 동안구 평촌동 136-42,411733012015,경기도 안양시 동안구 포일로,6,,4117310300101360042008486,,경기도 안양시 동안구 포일로 6,431070,14064,,,,126.973576334078,37.3883151679797
MA010120220802581042,자전거대통령청라,2호점,G2,소매,G213,오락용품 소매,G21305,자전거 소매업,G47632,자전거 및 기타 운송장비 소매업,28,인천광역시,28260,서구,28260537,청라2동,2826012200,청라동,2826012200101450003,1,대지,145,3,인천광역시 서구 청라동 145-3,282604268924,인천광역시 서구 청라루비로144번길,21,,2826010400108510003000001,,인천광역시 서구 청라루비로144번길 21,,22748,,1,,126.642480684374,37.5375971593388
MA010120220802620969,삼천리자전거,,G2,소매,G213,오락용품 소매,G21305,자전거 소매업,G47632,자전거 및 기타 운송장비 소매업,41,경기도,41410,군포시,41410550,산본2동,4141010400,산본동,4141010400110960002,1,대지,1096,2,경기도 군포시 산본동 1096-2,414103200017,경기도 군포시 산본천로,99,,4141010400110960002000001,디퍼아울렛,경기도 군포시 산본천로 99,435849,15818,,,,126.932585461598,37.363439626645
MA010120220802578565,돼지바이크,,G2,소매,G213,오락용품 소매,G21305,자전거 소매업,G47632,자전거 및 기타 운송장비 소매업,28,인천광역시,28260,서구,28260537,청라2동,2826012200,청라동,2826012200101450011,1,대지,145,11,인천광역시 서구 청라동 145-11,282604268930,인천광역시 서구 청라커낼로319번길,3,25,2826010400108510011000001,,인천광역시 서구 청라커낼로319번길 3-25,,22748,,1,,126.642857497786,37.5368775028419
MA010120220802615466,젯블랙,코리아,G2,소매,G213,오락용품 소매,G21305,자전거 소매업,G47632,자전거 및 기타 운송장비 소매업,41,경기도,41173,안양시 동안구,41173552,관양동,4117310200,관양동,4117310200114490011,1,대지,1449,11,경기도 안양시 동안구 관양동 1449-11,411734349061,경기도 안양시 동안구 관악대로342번길,25,,4117310200114490011000981,,경기도 안양시 동안구 관악대로342번길 25,431807,13946,,2,,126.961418735142,37.4024218319845
MA010120220802583012,바이크원,,G2,소매,G213,오락용품 소매,G21305,자전거 소매업,G47632,자전거 및 기타 운송장비 소매업,28,인천광역시,28260,서구,28260537,청라2동,2826012200,청라동,2826012200101570022,1,대지,157,22,인천광역시 서구 청라동 157-22,282602008002,인천광역시 서구 중봉대로,587,,2826010400109560020000001,홈플러스인천청라점,인천광역시 서구 중봉대로 587,,22762,,,,126.648739526658,37.5323721433093
MA010120220802579528,소셜라이딩,,G2,소매,G213,오락용품 소매,G21305,자전거 소매업,G47632,자전거 및 기타 운송장비 소매업,41,경기도,41570,김포시,41570525,장기본동,4157010400,장기동,4157010400119000005,1,대지,1900,5,경기도 김포시 장기동 1900-5,415704838117,경기도 김포시 김포한강1로97번길,10,19,4157010400119000005000001,,경기도 김포시 김포한강1로97번길 10-19,415060,10080,,,,126.672025755214,37.6479278169921
MA010120220802676687,만수상회,,G2,소매,G213,오락용품 소매,G21305,자전거 소매업,G47632,자전거 및 기타 운송장비 소매업,28,인천광역시,28200,남동구,28200583,만수6동,2820010300,만수동,2820010300110250015,1,대지,1025,15,인천광역시 남동구 만수동 1025-15,282003153019,인천광역시 남동구 담방로,58,,2820010300110250015007575,,인천광역시 남동구 담방로 58,405868,21593,,,,126.739034317552,37.4448122265763
MA010120220802673857,소프바이크,,G2,소매,G213,오락용품 소매,G21305,자전거 소매업,G47632,자전거 및 기타 운송장비 소매업,30,대전광역시,30170,서구,30170597,관저2동,3017011600,관저동,3017011600114000000,1,대지,1400,,대전광역시 서구 관저동 1400,301703166007,대전광역시 서구 관저동로,64,61,3017011600114000000015961,,대전광역시 서구 관저동로 64-61,302812,35381,,1,,127.341348067774,36.2981232265175
MA010120220802677249,삼천리자전거,,G2,소매,G213,오락용품 소매,G21305,자전거 소매업,G47632,자전거 및 기타 운송장비 소매업,28,인천광역시,28200,남동구,28200582,만수5동,2820010300,만수동,2820010300108750006,1,대지,875,6,인천광역시 남동구 만수동 875-6,282003153084,인천광역시 남동구 백범로,171,,2820010300108750006028061,,인천광역시 남동구 백범로 171,405862,21543,,,,126.72901012616,37.457493922647
MA010120220802674303,둥지,,G2,소매,G213,오락용품 소매,G21305,자전거 소매업,G47632,자전거 및 기타 운송장비 소매업,28,인천광역시,28200,남동구,28200650,장수서창동,2820010400,장수동,2820010400108070003,1,대지,807,3,인천광역시 남동구 장수동 807-3,282003153069,인천광역시 남동구 장수로,3,9,2820010400108070003016952,,인천광역시 남동구 장수로 3-9,405250,21532,,,,126.749254774196,37.4501773516029
MA010120220802681032,제이에이치,,G2,소매,G213,오락용품 소매,G21305,자전거 소매업,G47632,자전거 및 기타 운송장비 소매업,41,경기도,41135,성남시 분당구,41135657,백현동,4113511000,백현동,4113511000105410000,1,대지,541,,경기도 성남시 분당구 백현동 541,411354340519,경기도 성남시 분당구 판교역로146번길,20,,4113511000105410001000001,엑스퍼트현대백화점,경기도 성남시 분당구 판교역로146번길 20,463420,13529,,5,,127.112081378021,37.3927881378268
MA010120220802671841,신일자전거점,,G2,소매,G213,오락용품 소매,G21305,자전거 소매업,G47632,자전거 및 기타 운송장비 소매업,28,인천광역시,28200,남동구,28200522,구월4동,2820010100,구월동,2820010100113140012,1,대지,1314,12,인천광역시 남동구 구월동 1314-12,282002008004,인천광역시 남동구 인주대로,805,,2820010100113140012026154,좌측,인천광역시 남동구 인주대로 805,405839,21537,,1,,126.726825620943,37.4490284039415
MA010120220802645225,삼천리자전거,과천점,G2,소매,G213,오락용품 소매,G21305,자전거 소매업,G47632,자전거 및 기타 운송장비 소매업,41,경기도,41290,과천시,41290530,별양동,4129010900,별양동,4129010900100140000,1,대지,14,,경기도 과천시 별양동 14,412903195020,경기도 과천시 별양로,66,10,4129010900100140000002273,제,경기도 과천시 별양로 66-10,427801,13834,,1,,126.994249538087,37.4243047368189
MA010120220802672672,삼천리자전거남부,대리점,G2,소매,G213,오락용품 소매,G21305,자전거 소매업,G47632,자전거 및 기타 운송장비 소매업,28,인천광역시,28200,남동구,28200530,간석1동,2820010200,간석동,2820010200102920003,1,대지,292,3,인천광역시 남동구 간석동 292-3,282004259146,인천광역시 남동구 남동대로837번길,1,,2820010200102920003000998,,인천광역시 남동구 남동대로837번길 1,405807,21551,,,,126.708350145717,37.4572284999396
MA010120220802645277,과천삼천리자전거,,G2,소매,G213,오락용품 소매,G21305,자전거 소매업,G47632,자전거 및 기타 운송장비 소매업,41,경기도,41290,과천시,41290540,부림동,4129011000,부림동,4129011000100420000,1,대지,42,,경기도 과천시 부림동 42,412903195020,경기도 과천시 별양로,184,1,4129011000100420000001755,,경기도 과천시 별양로 184-1,427804,13831,,1,,126.998011362128,37.434360208868
MA010120220802681979,팀바이크,,G2,소매,G213,오락용품 소매,G21305,자전거 소매업,G47632,자전거 및 기타 운송장비 소매업,41,경기도,41590,화성시,41590610,동탄7동,4159013500,산척동,4159013500107160002,1,대지,716,2,경기도 화성시 산척동 716-2,415904852417,경기도 화성시 동탄산척로2가길,11,,4159042029102530003000001,일부,경기도 화성시 동탄산척로2가길 11,,18496,,1,,127.112780343319,37.1728438951397
MA010120220802639541,아우토반키즈카,안양점,G2,소매,G213,오락용품 소매,G21305,자전거 소매업,G47632,자전거 및 기타 운송장비 소매업,41,경기도,41173,안양시 동안구,41173620,신촌동,4117310400,호계동,4117310400110690007,1,대지,1069,7,경기도 안양시 동안구 호계동 1069-7,411734349214,경기도 안양시 동안구 평촌대로99번길,42,20,4117310400110690007004940,,경기도 안양시 동안구 평촌대로99번길 42-20,431827,14099,,1,,126.958606794804,37.3812738807774
MA010120220802651324,자전거쟁이,,G2,소매,G213,오락용품 소매,G21305,자전거 소매업,G47632,자전거 및 기타 운송장비 소매업,41,경기도,41285,고양시 일산동구,41285526,중산2동,4128510200,중산동,4128510200116690003,1,대지,1669,3,경기도 고양시 일산동구 중산동 1669-3,412853012034,경기도 고양시 일산동구 고봉로,250,,4128510200116690005000022,,경기도 고양시 일산동구 고봉로 250,410831,10355,,1,,126.778530596554,37.6816652307184
MA010120220802679466,바이크하우스,,G2,소매,G213,오락용품 소매,G21305,자전거 소매업,G47632,자전거 및 기타 운송장비 소매업,52,전북특별자치도,52113,전주시 덕진구,52113641,송천1동,5211312200,송천동2가,5211312200100550010,1,대지,55,10,전북특별자치도 전주시 덕진구 송천동2가 55-10,521132266002,전북특별자치도 전주시 덕진구 동부대로,1028,,4511312200100550011016878,,전북특별자치도 전주시 덕진구 동부대로 1028,561820,55150,,,,127.135143092935,35.8698055835408
MA010120220802708895,웰-바이크,,G2,소매,G213,오락용품 소매,G21305,자전거 소매업,G47632,자전거 및 기타 운송장비 소매업,41,경기도,41390,시흥시,41390550,매화동,4139010900,도창동,4139010900100650000,1,대지,65,,경기도 시흥시 도창동 65,413903199065,경기도 시흥시 매화로,143,,4139010900100650000001451,에이스,경기도 시흥시 매화로 143,429814,14942,,,,126.817965786598,37.4088924745438
MA010120220802709771,자전거유통,,G2,소매,G213,오락용품 소매,G21305,자전거 소매업,G47632,자전거 및 기타 운송장비 소매업,41,경기도,41390,시흥시,41390591,정왕1동,4139013200,정왕동,4139013200116000005,1,대지,1600,5,경기도 시흥시 정왕동 1600-5,413904397536,경기도 시흥시 정왕대로233번길,28,,4139013200116000005018207,시화빌딩,경기도 시흥시 정왕대로233번길 28,429857,15056,,1,,126.741426821795,37.3471289407255
MA010120220802705677,에코바이크,,G2,소매,G213,오락용품 소매,G21305,자전거 소매업,G47632,자전거 및 기타 운송장비 소매업,47,경상북도,47250,상주시,47250550,동문동,4725010600,서성동,4725010600101630009,1,대지,163,9,경상북도 상주시 서성동 163-9,472503311074,경상북도 상주시 왕산로,237,,4725010600101630009090986,,경상북도 상주시 왕산로 237,742050,37188,,,,128.162579077237,36.4161959658984
MA010120220802723355,바이크201,,G2,소매,G213,오락용품 소매,G21305,자전거 소매업,G47632,자전거 및 기타 운송장비 소매업,41,경기도,41390,시흥시,41390520,신천동,4139010200,신천동,4139010200107090010,1,대지,709,10,경기도 시흥시 신천동 709-10,413904397665,경기도 시흥시 호현로22번길,27,,4139010200107090010006749,,경기도 시흥시 호현로22번길 27,429828,14910,,,,126.787107855733,37.4405837312881
MA010120220802727524,벨로하우스,,G2,소매,G213,오락용품 소매,G21305,자전거 소매업,G47632,자전거 및 기타 운송장비 소매업,28,인천광역시,28260,서구,28260515,검암경서동,2826010300,검암동,2826010300105960003,1,대지,596,3,인천광역시 서구 검암동 596-3,282603156051,인천광역시 서구 승학로,515,,2826010300105960003013157,대림프라자,인천광역시 서구 승학로 515,404844,22695,,1,,126.676732614789,37.5657979079029
MA010120220802701810,자전거카페,,G2,소매,G213,오락용품 소매,G21305,자전거 소매업,G47632,자전거 및 기타 운송장비 소매업,41,경기도,41192,부천시 원미구,41192570,역곡1동,4119210700,역곡동,4119210700102240005,1,대지,224,5,경기도 부천시 원미구 역곡동 224-5,411923000019,경기도 부천시 원미구 부일로,794,,4119510700102240005022611,일부,경기도 부천시 원미구 부일로 794,420833,14674,,1,,126.816879399372,37.4885493344464
MA010120220802706959,삼천리자전거,,G2,소매,G213,오락용품 소매,G21305,자전거 소매업,G47632,자전거 및 기타 운송장비 소매업,41,경기도,41390,시흥시,41390581,군자동,4139012700,거모동,4139012700117240015,1,대지,1724,15,경기도 시흥시 거모동 1724-15,413903199060,경기도 시흥시 군자로,467,,4139012700117240015009049,,경기도 시흥시 군자로 467,429801,15068,,,,126.782753720901,37.3479328736115
MA010120220802724269,BHN,,G2,소매,G213,오락용품 소매,G21305,자전거 소매업,G47632,자전거 및 기타 운송장비 소매업,41,경기도,41285,고양시 일산동구,41285580,장항1동,4128510600,백석동,4128510600105030019,1,대지,503,19,경기도 고양시 일산동구 백석동 503-19,412853193030,경기도 고양시 일산동구 장항로,3,,4128510600105030019003024,,경기도 고양시 일산동구 장항로 3,410835,10433,,,,126.793292660048,37.6318948285428
MA010120220802724296,대박자전거,,G2,소매,G213,오락용품 소매,G21305,자전거 소매업,G47632,자전거 및 기타 운송장비 소매업,41,경기도,41390,시흥시,41390510,대야동,4139010100,대야동,4139010100103330019,1,대지,333,19,경기도 시흥시 대야동 333-19,413903000020,경기도 시흥시 서해안로,1613,,4139010100103330019000001,,경기도 시흥시 서해안로 1613,429807,14902,,1,,126.787243630196,37.4485038797443
MA010120220802716977,기아자전거할인매장,,G2,소매,G213,오락용품 소매,G21305,자전거 소매업,G47632,자전거 및 기타 운송장비 소매업,41,경기도,41210,광명시,41210650,소하2동,4121010400,소하동,4121010400112510000,1,대지,1251,,경기도 광명시 소하동 1251,412103187056,경기도 광명시 충현로,32,,4121010400112510000012226,기아자동차소비조합,경기도 광명시 충현로 32,423826,14327,,,,126.883651709869,37.4354562650619
MA010120220802685474,자전거타는마을,,G2,소매,G213,오락용품 소매,G21305,자전거 소매업,G47632,자전거 및 기타 운송장비 소매업,48,경상남도,48250,김해시,48250620,장유2동,4825012800,삼문동,4825012800100890013,1,대지,89,13,경상남도 김해시 삼문동 89-13,482503335014,경상남도 김해시 능동로,47,,4825031026100890013093827,,경상남도 김해시 능동로 47,621290,50979,,,,128.798546399812,35.1973185210566
MA010120220804273508,충신바이크,,G2,소매,G213,오락용품 소매,G21305,자전거 소매업,G47632,자전거 및 기타 운송장비 소매업,11,서울특별시,11710,송파구,11710710,잠실6동,1171010200,신천동,1171010200100070012,1,대지,7,12,서울특별시 송파구 신천동 7-12,117104169551,서울특별시 송파구 올림픽로35가길,16,,1171010200100070012000001,홈플러스잠실점,서울특별시 송파구 올림픽로35가길 16,138934,05510,,1,,127.10300172445,37.5162531545361
MA010120220804244283,동부상사,,G2,소매,G213,오락용품 소매,G21305,자전거 소매업,G47632,자전거 및 기타 운송장비 소매업,11,서울특별시,11710,송파구,11710570,오금동,1171011200,오금동,1171011200101640000,1,대지,164,,서울특별시 송파구 오금동 164,117103000034,서울특별시 송파구 동남로,272,,1171011200101640000014990,우창,서울특별시 송파구 동남로 272,138739,05740,,1,,127.136431041818,37.4998660452161
MA010120220804261282,삼천리자전거,,G2,소매,G213,오락용품 소매,G21305,자전거 소매업,G47632,자전거 및 기타 운송장비 소매업,11,서울특별시,11710,송파구,11710600,석촌동,1171010500,석촌동,1171010500102400006,1,대지,240,6,서울특별시 송파구 석촌동 240-6,117103123001,서울특별시 송파구 가락로,54,,1171010500102400006010651,,서울특별시 송파구 가락로 54,138845,05694,,1,,127.102300008671,37.4993779490552
MA010120220804247439,월드스포츠,,G2,소매,G213,오락용품 소매,G21305,자전거 소매업,G47632,자전거 및 기타 운송장비 소매업,11,서울특별시,11710,송파구,11710610,삼전동,1171010600,삼전동,1171010600100090005,1,대지,9,5,서울특별시 송파구 삼전동 9-5,117103123006,서울특별시 송파구 백제고분로,221,,1171010600100090014008027,,서울특별시 송파구 백제고분로 221,138837,05605,,1,,127.091245180423,37.5036848016346
MA010120220804247934,프로사이클,,G2,소매,G213,오락용품 소매,G21305,자전거 소매업,G47632,자전거 및 기타 운송장비 소매업,11,서울특별시,11710,송파구,11710561,방이1동,1171011100,방이동,1171011100101860002,1,대지,186,2,서울특별시 송파구 방이동 186-2,117104169372,서울특별시 송파구 양재대로71길,4,23,1171011100101860002017698,엠제이빌딩,서울특별시 송파구 양재대로71길 4-23,138834,05638,,1,,127.126430746899,37.5113830011545
MA010120220804265308,벨로팩토리,,G2,소매,G213,오락용품 소매,G21305,자전거 소매업,G47632,자전거 및 기타 운송장비 소매업,11,서울특별시,11740,강동구,11740560,고덕2동,1174010200,고덕동,1174010200102260010,1,대지,226,10,서울특별시 강동구 고덕동 226-10,117404172204,서울특별시 강동구 아리수로78길,43,10,1174010200102260010017752,,서울특별시 강동구 아리수로78길 43-10,134803,05220,,,,127.164180310789,37.560504115489
MA010120220804256376,스마트자전거,,G2,소매,G213,오락용품 소매,G21305,자전거 소매업,G47632,자전거 및 기타 운송장비 소매업,11,서울특별시,11710,송파구,11710510,풍납1동,1171010300,풍납동,1171010300104870008,1,대지,487,8,서울특별시 송파구 풍납동 487-8,117104169510,서울특별시 송파구 풍성로25길,20,,1171010300104870008026412,,서울특별시 송파구 풍성로25길 20,138873,05520,,,,127.120700453283,37.5350673295564
MA010120220804253908,코렉스스포츠,,G2,소매,G213,오락용품 소매,G21305,자전거 소매업,G47632,자전거 및 기타 운송장비 소매업,11,서울특별시,11710,송파구,11710580,송파1동,1171010400,송파동,1171010400100960000,1,대지,96,,서울특별시 송파구 송파동 96,117102005011,서울특별시 송파구 송파대로,398,,1171010400100960000013206,,서울특별시 송파구 송파대로 398,138850,05668,,1,,127.10962219464,37.5030384737617
MA010120220804236689,바이크허브,,G2,소매,G213,오락용품 소매,G21305,자전거 소매업,G47632,자전거 및 기타 운송장비 소매업,28,인천광역시,28185,연수구,28185750,선학동,2818510200,선학동,2818510200103570001,1,대지,357,1,인천광역시 연수구 선학동 357-1,281852000014,인천광역시 연수구 비류대로,599,,2818510200103570001084000,아빌딩,인천광역시 연수구 비류대로 599,406090,21910,,,,126.701352981033,37.4233419824605
MA010120220804259098,삼천리자전차,,G2,소매,G213,오락용품 소매,G21305,자전거 소매업,G47632,자전거 및 기타 운송장비 소매업,11,서울특별시,11710,송파구,11710646,장지동,1171010800,문정동,1171010800100830020,1,대지,83,20,서울특별시 송파구 문정동 83-20,117104169242,서울특별시 송파구 새말로8길,5,,1171010800100830020003271,,서울특별시 송파구 새말로8길 5,138868,05810,,,,127.12661912513,37.4822803044504
MA010120220804278966,씨엠비바이크,,G2,소매,G213,오락용품 소매,G21305,자전거 소매업,G47632,자전거 및 기타 운송장비 소매업,11,서울특별시,11710,송파구,11710650,잠실본동,1171010100,잠실동,1171010100102220005,1,대지,222,5,서울특별시 송파구 잠실동 222-5,117103123006,서울특별시 송파구 백제고분로,113,,1171010100102220005002024,잠실동민성빌딩,서울특별시 송파구 백제고분로 113,138863,05570,,,,127.079905299057,37.5070267353012
MA010120220804245816,바이크클리닉,,G2,소매,G213,오락용품 소매,G21305,자전거 소매업,G47632,자전거 및 기타 운송장비 소매업,41,경기도,41281,고양시 덕양구,41281630,행주동,4128112500,행주내동,4128112500107250000,1,대지,725,,경기도 고양시 덕양구 행주내동 725,412814376310,경기도 고양시 덕양구 행주로83번길,51,4,4128112600107250000010041,,경기도 고양시 덕양구 행주로83번길 51-4,412230,10439,,,,126.820702932802,37.6059552059093
MA010120220804257219,화신바이크,상무점,G2,소매,G213,오락용품 소매,G21305,자전거 소매업,G47632,자전거 및 기타 운송장비 소매업,29,광주광역시,29140,서구,29140752,상무2동,2914011800,쌍촌동,2914011800110060000,1,대지,1006,,광주광역시 서구 쌍촌동 1006,291402009004,광주광역시 서구 상무대로,883,,2914011800110060000026774,운천,광주광역시 서구 상무대로 883,502852,61970,,,,126.858692963349,35.1505109259972
MA010120220804246179,스포츠,코리아,G2,소매,G213,오락용품 소매,G21305,자전거 소매업,G47632,자전거 및 기타 운송장비 소매업,11,서울특별시,11710,송파구,11710632,가락2동,1171010700,가락동,1171010700101750014,1,대지,175,14,서울특별시 송파구 가락동 175-14,117103123014,서울특별시 송파구 오금로,422,,1171010700101750014005208,,서울특별시 송파구 오금로 422,138811,05770,,,,127.136764623471,37.4967481797245
MA010120220804263662,이티스포츠,,G2,소매,G213,오락용품 소매,G21305,자전거 소매업,G47632,자전거 및 기타 운송장비 소매업,41,경기도,41360,남양주시,41360253,진접읍,4136025325,진접읍,4136025325104370006,1,대지,437,6,경기도 남양주시 진접읍 부평리 437-6,413603012039,경기도 남양주시 진접읍 부마로,43,,4136025325104370006026985,,경기도 남양주시 진접읍 부마로 43,472864,12000,,,,127.199530564389,37.7482952162869
MA010120220804268228,스마일자전거,,G2,소매,G213,오락용품 소매,G21305,자전거 소매업,G47632,자전거 및 기타 운송장비 소매업,11,서울특별시,11710,송파구,11710520,풍납2동,1171010300,풍납동,1171010300102690002,1,대지,269,2,서울특별시 송파구 풍납동 269-2,117103123019,서울특별시 송파구 토성로,19,1,1171010300102690002024758,정화빌딩,서울특별시 송파구 토성로 19-1,138874,05534,,,,127.112830736337,37.5308764477927
MA010120220804320940,바이크아울렛,,G2,소매,G213,오락용품 소매,G21305,자전거 소매업,G47632,자전거 및 기타 운송장비 소매업,41,경기도,41670,여주시,41670250,가남읍,4167025032,가남읍,4167025032105820001,1,대지,582,1,경기도 여주시 가남읍 본두리 582-1,416704442174,경기도 여주시 가남읍 본두3길,50,,4173032032105820001061894,,경기도 여주시 가남읍 본두3길 50,469883,12649,,,,127.583179911668,37.2362742289234
MA010120220804284240,페럴캣바이시클,,G2,소매,G213,오락용품 소매,G21305,자전거 소매업,G47632,자전거 및 기타 운송장비 소매업,11,서울특별시,11710,송파구,11710531,거여1동,1171011300,거여동,1171011300100230006,1,대지,23,6,서울특별시 송파구 거여동 23-6,117104169046,서울특별시 송파구 거마로3길,14,7,1171011300100230006023674,,서울특별시 송파구 거마로3길 14-7,138813,05744,,1,,127.143320038982,37.4949203765532
MA010120220804284452,백스테이지,,G2,소매,G213,오락용품 소매,G21305,자전거 소매업,G47632,자전거 및 기타 운송장비 소매업,11,서울특별시,11710,송파구,11710650,잠실본동,1171010100,잠실동,1171010100102090008,1,대지,209,8,서울특별시 송파구 잠실동 209-8,117104169208,서울특별시 송파구 삼전로13길,28,,1171010100102090008001106,,서울특별시 송파구 삼전로13길 28,138862,05564,,,,127.087314425738,37.5079405158646
MA010120220804321086,선명상회,,G2,소매,G213,오락용품 소매,G21305,자전거 소매업,G47632,자전거 및 기타 운송장비 소매업,11,서울특별시,11260,중랑구,11260610,중화2동,1126010300,중화동,1126010300103020001,1,대지,302,1,서울특별시 중랑구 중화동 302-1,112603106010,서울특별시 중랑구 중랑역로,66,1,1126010300103020001011557,,서울특별시 중랑구 중랑역로 66-1,131880,02103,,,,127.078373137981,37.5992178547991
MA010120220804313192,명성자전거,,G2,소매,G213,오락용품 소매,G21305,자전거 소매업,G47632,자전거 및 기타 운송장비 소매업,11,서울특별시,11260,중랑구,11260540,면목4동,1126010100,면목동,1126010100103980009,1,대지,398,9,서울특별시 중랑구 면목동 398-9,112603005027,서울특별시 중랑구 면목로,211,1,1126010100103980009024134,,서울특별시 중랑구 면목로 211-1,131829,02246,,,,127.083483959285,37.5721305076013
MA010120220804316308,마니또바이크,,G2,소매,G213,오락용품 소매,G21305,자전거 소매업,G47632,자전거 및 기타 운송장비 소매업,11,서울특별시,11260,중랑구,11260520,면목2동,1126010100,면목동,1126010100101840070,1,대지,184,70,서울특별시 중랑구 면목동 184-70,112604118560,서울특별시 중랑구 중랑천로10길,98,,1126010100101840070027638,,서울특별시 중랑구 중랑천로10길 98,131823,02124,,,,127.07832110872,37.5927938219247
MA010120220804313819,스피드자전거할인매장,,G2,소매,G213,오락용품 소매,G21305,자전거 소매업,G47632,자전거 및 기타 운송장비 소매업,11,서울특별시,11260,중랑구,11260630,묵2동,1126010400,묵동,1126010400102440091,1,대지,244,91,서울특별시 중랑구 묵동 244-91,112604118115,서울특별시 중랑구 동일로151길,22,,1126010400102440091007713,,서울특별시 중랑구 동일로151길 22,131852,02009,,,,127.076797018574,37.6082017616891
MA010120220804307629,케이벨로,,G2,소매,G213,오락용품 소매,G21305,자전거 소매업,G47632,자전거 및 기타 운송장비 소매업,11,서울특별시,11740,강동구,11740610,천호2동,1174010900,천호동,1174010900103300013,1,대지,330,13,서울특별시 강동구 천호동 330-13,117403124009,서울특별시 강동구 천중로,8,1,1174010900103300013011244,케이벨로빌딩,서울특별시 강동구 천중로 8-1,134868,05245,,2,,127.122788479613,37.5457510299706
MA010120220804327905,제이비바이크,,G2,소매,G213,오락용품 소매,G21305,자전거 소매업,G47632,자전거 및 기타 운송장비 소매업,41,경기도,41273,안산시 단원구,41273510,와동,4127310200,와동,4127310200107230005,1,대지,723,5,경기도 안산시 단원구 와동 723-5,412733191053,경기도 안산시 단원구 와동로,3,,4127310200107230005038742,,경기도 안산시 단원구 와동로 3,425841,15269,,,,126.826435109676,37.331399051586
MA010120220804316896,바이크랜드망우점,,G2,소매,G213,오락용품 소매,G21305,자전거 소매업,G47632,자전거 및 기타 운송장비 소매업,11,서울특별시,11260,중랑구,11260655,망우본동,1126010500,망우동,1126010500103590001,1,대지,359,1,서울특별시 중랑구 망우동 359-1,112603005032,서울특별시 중랑구 망우로,440,,1126010500103590001005246,,서울특별시 중랑구 망우로 440,131802,02176,,,,127.101033136136,37.5997772663871
MA010120220804331161,동서울레포츠,,G2,소매,G213,오락용품 소매,G21305,자전거 소매업,G47632,자전거 및 기타 운송장비 소매업,11,서울특별시,11260,중랑구,11260550,면목5동,1126010100,면목동,1126010100101610034,1,대지,161,34,서울특별시 중랑구 면목동 161-34,112603000001,서울특별시 중랑구 동일로,608,,1126010100101610034023603,,서울특별시 중랑구 동일로 608,131821,02224,,,,127.080124053653,37.5846476411649
MA010120220804326231,진바이크,,G2,소매,G213,오락용품 소매,G21305,자전거 소매업,G47632,자전거 및 기타 운송장비 소매업,41,경기도,41570,김포시,41570580,운양동,4157010300,운양동,4157010300113060006,1,대지,1306,6,경기도 김포시 운양동 1306-6,415703209021,경기도 김포시 김포한강1로,230,,4157010300113060006000001,현대센트럴스퀘어,경기도 김포시 김포한강1로 230,415050,10078,,8,,126.682790885379,37.6531649158114
MA010120220804359714,한성상사,,G2,소매,G213,오락용품 소매,G21305,자전거 소매업,G47632,자전거 및 기타 운송장비 소매업,11,서울특별시,11350,노원구,11350595,공릉1동,1135010300,공릉동,1135010300106840020,1,대지,684,20,서울특별시 노원구 공릉동 684-20,113503005046,서울특별시 노원구 화랑로,413,,1135010300106840020016695,,서울특별시 노원구 화랑로 413,139808,01860,,,,127.073408218007,37.6171507360121
MA010120220804356428,월계삼천리,대리점,G2,소매,G213,오락용품 소매,G21305,자전거 소매업,G47632,자전거 및 기타 운송장비 소매업,11,서울특별시,11350,노원구,11350560,월계1동,1135010200,월계동,1135010200103830028,1,대지,383,28,서울특별시 노원구 월계동 383-28,113503110001,서울특별시 노원구 광운로,58,,1135010200103830029019111,,서울특별시 노원구 광운로 58,139845,01893,,1,,127.059899810666,37.6225372623945
MA010120220804364118,엠바이크,,G2,소매,G213,오락용품 소매,G21305,자전거 소매업,G47632,자전거 및 기타 운송장비 소매업,11,서울특별시,11350,노원구,11350640,상계2동,1135010500,상계동,1135010500104090015,1,대지,409,15,서울특별시 노원구 상계동 409-15,113503110002,서울특별시 노원구 노원로,483,,1135010500104090015007789,강원빌딩,서울특별시 노원구 노원로 483,139818,01691,,1,,127.064326425791,37.6591329199109
MA010120220804364271,자전거포,,G2,소매,G213,오락용품 소매,G21305,자전거 소매업,G47632,자전거 및 기타 운송장비 소매업,11,서울특별시,11350,노원구,11350670,상계5동,1135010500,상계동,1135010500104500000,1,대지,450,,서울특별시 노원구 상계동 450,113503110009,서울특별시 노원구 한글비석로,444,,1135010500104500000002304,교림노원프라자,서울특별시 노원구 한글비석로 444,139820,01666,,1,,127.068489768493,37.6636084529929
MA010120220804332938,코렉스,,G2,소매,G213,오락용품 소매,G21305,자전거 소매업,G47632,자전거 및 기타 운송장비 소매업,41,경기도,41210,광명시,41210632,하안2동,4121010300,하안동,4121010300106500001,1,대지,650,1,경기도 광명시 하안동 650-1,412103187042,경기도 광명시 안현로,22,,4121010300106500001013397,하안주공3단지,경기도 광명시 안현로 22,423847,14248,,,,126.874587772305,37.4637027718939
MA010120220804370519,이지바이크,,G2,소매,G213,오락용품 소매,G21305,자전거 소매업,G47632,자전거 및 기타 운송장비 소매업,11,서울특별시,11350,노원구,11350625,중계2.3동,1135010600,중계동,1135010600105120000,1,대지,512,,서울특별시 노원구 중계동 512,113503000001,서울특별시 노원구 동일로,1280,,1135010600105120000010395,중계무지개아파트,서울특별시 노원구 동일로 1280,139786,01782,,1,,127.065740608529,37.6435000883222
MA010120220804361180,위드바이크,,G2,소매,G213,오락용품 소매,G21305,자전거 소매업,G47632,자전거 및 기타 운송장비 소매업,11,서울특별시,11320,도봉구,11320690,방학1동,1132010600,방학동,1132010600106800030,1,대지,680,30,서울특별시 도봉구 방학동 680-30,113203005039,서울특별시 도봉구 도봉로,665,,1132010600106800030003466,,서울특별시 도봉구 도봉로 665,132850,01346,,1,,127.042240961215,37.6638279990689
MA010120220804368173,삼천리자전거,대리점,G2,소매,G213,오락용품 소매,G21305,자전거 소매업,G47632,자전거 및 기타 운송장비 소매업,11,서울특별시,11350,노원구,11350630,상계1동,1135010500,상계동,1135010500109630027,1,대지,963,27,서울특별시 노원구 상계동 963-27,113503000001,서울특별시 노원구 동일로,1593,,1135010500109630027009633,,서울특별시 노원구 동일로 1593,139836,01616,,,,127.05577862875,37.6707058646972
MA010120220804358719,퍼스트케어,,G2,소매,G213,오락용품 소매,G21305,자전거 소매업,G47632,자전거 및 기타 운송장비 소매업,11,서울특별시,11350,노원구,11350630,상계1동,1135010500,상계동,1135010500110490022,1,대지,1049,22,서울특별시 노원구 상계동 1049-22,113504130229,서울특별시 노원구 동일로237가길,19,10,1135010500110490022008320,,서울특별시 노원구 동일로237가길 19-10,139837,01612,,1,,127.053661951604,37.6747792744395
MA010120220804333977,피알씨자전거클럽,,G2,소매,G213,오락용품 소매,G21305,자전거 소매업,G47632,자전거 및 기타 운송장비 소매업,11,서울특별시,11440,마포구,11440720,성산1동,1144012500,성산동,1144012500102090001,1,대지,209,1,서울특별시 마포구 성산동 209-1,114403113019,서울특별시 마포구 월드컵북로,78,,1144012500102090001025423,,서울특별시 마포구 월드컵북로 78,121846,03978,,1,,126.91615514035,37.5608407756313
MA010120220804343642,누리바이크,,G2,소매,G213,오락용품 소매,G21305,자전거 소매업,G47632,자전거 및 기타 운송장비 소매업,11,서울특별시,11650,서초구,11650652,양재2동,1165010200,양재동,1165010200102750000,1,대지,275,,서울특별시 서초구 양재동 275,116503121006,서울특별시 서초구 마방로,68,,1165010200102750000002672,동원빌딩,서울특별시 서초구 마방로 68,137717,06775,,1,,127.044012713366,37.4777177766462
MA010120220804346317,뉴바이크,,G2,소매,G213,오락용품 소매,G21305,자전거 소매업,G47632,자전거 및 기타 운송장비 소매업,11,서울특별시,11290,성북구,11290725,월곡2동,1129013600,하월곡동,1129013600100100023,1,대지,10,23,서울특별시 성북구 하월곡동 10-23,112903005046,서울특별시 성북구 화랑로,113,,1129013600100100023016304,덕흥빌딩,서울특별시 성북구 화랑로 113,136865,02752,,,,127.043996596028,37.6043172621163
MA010120220804374406,동기상회,,G2,소매,G213,오락용품 소매,G21305,자전거 소매업,G47632,자전거 및 기타 운송장비 소매업,11,서울특별시,11350,노원구,11350670,상계5동,1135010500,상계동,1135010500104560016,1,대지,456,16,서울특별시 노원구 상계동 456-16,113503110009,서울특별시 노원구 한글비석로,463,,1135010500104560016001644,일부,서울특별시 노원구 한글비석로 463,139820,01679,,,,127.06643890154,37.6642132831676
MA010120220804362457,용신코렉스,,G2,소매,G213,오락용품 소매,G21305,자전거 소매업,G47632,자전거 및 기타 운송장비 소매업,11,서울특별시,11350,노원구,11350630,상계1동,1135010500,상계동,1135010500111180056,1,대지,1118,56,서울특별시 노원구 상계동 1118-56,113503000001,서울특별시 노원구 동일로,1645,,1135010500111180056009718,,서울특별시 노원구 동일로 1645,139837,01608,,,,127.05502263575,37.67536428401
MA010120220804409961,로드프리,장수점,G2,소매,G213,오락용품 소매,G21305,자전거 소매업,G47632,자전거 및 기타 운송장비 소매업,52,전북특별자치도,52740,장수군,52740350,계남면,5274035024,계남면,5274035024105900001,1,대지,590,1,전북특별자치도 장수군 계남면 호덕리 590-1,527403276056,전북특별자치도 장수군 계남면 장무로,179,,4574035024105900001000001,,전북특별자치도 장수군 계남면 장무로 179,597831,55622,,,,127.583351717682,35.7271764247482
MA010120220804401834,귀남자전거,,G2,소매,G213,오락용품 소매,G21305,자전거 소매업,G47632,자전거 및 기타 운송장비 소매업,11,서울특별시,11200,성동구,11200670,성수2가1동,1120011500,성수동2가,1120011500103310200,1,대지,331,200,서울특별시 성동구 성수동2가 331-200,112003103010,서울특별시 성동구 뚝섬로,404,,1120011500103310200005922,,서울특별시 성동구 뚝섬로 404,133827,04776,,1,,127.055408502319,37.538575854481
MA010120220804381967,단우바이크,,G2,소매,G213,오락용품 소매,G21305,자전거 소매업,G47632,자전거 및 기타 운송장비 소매업,41,경기도,41192,부천시 원미구,41192700,상3동,4119210900,상동,4119210900105340009,1,대지,534,9,경기도 부천시 원미구 상동 534-9,411923000065,경기도 부천시 원미구 길주로,81,,4119510900105340009033773,모건시티,경기도 부천시 원미구 길주로 81,420861,14543,,2,,126.751510038668,37.5063238752794
MA010120220804403147,잭자전거,,G2,소매,G213,오락용품 소매,G21305,자전거 소매업,G47632,자전거 및 기타 운송장비 소매업,41,경기도,41500,이천시,41500340,마장면,4150034021,마장면,4150034021104700008,1,대지,470,8,경기도 이천시 마장면 오천리 470-8,415003351856,경기도 이천시 마장면 마장로,87,,4150034021104700008000001,,경기도 이천시 마장면 마장로 87,467814,17387,,1,,127.358764770953,37.2487000549849
MA010120220804409130,성동자전거,,G2,소매,G213,오락용품 소매,G21305,자전거 소매업,G47632,자전거 및 기타 운송장비 소매업,11,서울특별시,11200,성동구,11200690,성수2가3동,1120011500,성수동2가,1120011500102810030,1,대지,281,30,서울특별시 성동구 성수동2가 281-30,112003005024,서울특별시 성동구 광나루로,334,,1120011500102810030004955,,서울특별시 성동구 광나루로 334,133832,04799,,,,127.066867458901,37.5479763551427
MA010120220804424198,레스포잠실,대리점,G2,소매,G213,오락용품 소매,G21305,자전거 소매업,G47632,자전거 및 기타 운송장비 소매업,11,서울특별시,11710,송파구,11710650,잠실본동,1171010100,잠실동,1171010100103130010,1,대지,313,10,서울특별시 송파구 잠실동 313-10,117103123006,서울특별시 송파구 백제고분로,148,,1171010100103130010001480,,서울특별시 송파구 백제고분로 148,138866,05575,,,,127.083126943632,37.5054837936821
MA010120220800612605,가나자전거,,G2,소매,G213,오락용품 소매,G21305,자전거 소매업,G47632,자전거 및 기타 운송장비 소매업,41,경기도,41390,시흥시,41390582,월곶동,4139013100,월곶동,4139013100109950001,1,대지,995,1,경기도 시흥시 월곶동 995-1,413903199044,경기도 시흥시 월곶중앙로,38,,4139013100109950001013782,마린월드상가,경기도 시흥시 월곶중앙로 38,429834,14966,,,,126.741331694363,37.3879991778457
MA010120220800639276,동탄바이시클,,G2,소매,G213,오락용품 소매,G21305,자전거 소매업,G47632,자전거 및 기타 운송장비 소매업,41,경기도,41590,화성시,41590590,동탄5동,4159013100,영천동,4159013100107110001,1,대지,711,1,경기도 화성시 영천동 711-1,415904852414,경기도 화성시 지산2길,16,9,4159013100106511225000001,,경기도 화성시 지산2길 16-9,445130,18473,,104,,127.112895417071,37.2047680991707
MA010120220800637511,사이클프로,,G2,소매,G213,오락용품 소매,G21305,자전거 소매업,G47632,자전거 및 기타 운송장비 소매업,47,경상북도,47850,칠곡군,47850250,왜관읍,4785025021,왜관읍,4785025021102810026,1,대지,281,26,경상북도 칠곡군 왜관읍 왜관리 281-26,478503000105,경상북도 칠곡군 왜관읍 관문로,17,,4785025021102810026040470,,경상북도 칠곡군 왜관읍 관문로 17,718805,39895,,,,128.396893070066,35.9880035595669
MA010120220800627121,토탈글로벌,,G2,소매,G213,오락용품 소매,G21305,자전거 소매업,G45110,자동차 신품 판매업,44,충청남도,44230,논산시,44230360,연산면,4423036023,연산면,4423036023102250007,1,대지,225,7,충청남도 논산시 연산면 천호리 225-7,442303000095,충청남도 논산시 연산면 계백로,2573,,4423036023102250007012901,,충청남도 논산시 연산면 계백로 2573,320873,32910,,,,127.227659191822,36.2370586720769
MA010120220800644773,엘케이모터스,,G2,소매,G213,오락용품 소매,G21305,자전거 소매업,G47632,자전거 및 기타 운송장비 소매업,41,경기도,41192,부천시 원미구,41192550,원미2동,4119210100,원미동,4119210100102040120,1,대지,204,120,경기도 부천시 원미구 원미동 204-120,411924352431,경기도 부천시 원미구 원미로57번길,9,,4119510100102040120008703,,경기도 부천시 원미구 원미로57번길 9,420841,14573,,1,,126.789302362072,37.4880979196388
MA010120220800605385,티아이,,G2,소매,G213,오락용품 소매,G21305,자전거 소매업,G47632,자전거 및 기타 운송장비 소매업,41,경기도,41610,광주시,41610560,광남1동,4161011100,장지동,4161011100103440000,1,대지,344,,경기도 광주시 장지동 344,416103211033,경기도 광주시 순암로,75,,4161011100103440004011552,,경기도 광주시 순암로 75,464070,12777,,,,127.241016900927,37.3944697579662
MA010120220800633159,찾아가는자전거,,G2,소매,G213,오락용품 소매,G21305,자전거 소매업,G47632,자전거 및 기타 운송장비 소매업,11,서울특별시,11440,마포구,11440690,망원1동,1144012300,망원동,1144012300103970020,1,대지,397,20,서울특별시 마포구 망원동 397-20,114403113028,서울특별시 마포구 희우정로,96,,1144012300103970020022354,,서울특별시 마포구 희우정로 96,121821,04015,,,,126.902299293269,37.5540366054913
MA010120220800636941,태양바이크,,G2,소매,G213,오락용품 소매,G21305,자전거 소매업,G47632,자전거 및 기타 운송장비 소매업,11,서울특별시,11215,광진구,11215847,자양4동,1121510500,자양동,1121510500105530447,1,대지,553,447,서울특별시 광진구 자양동 553-447,112153103010,서울특별시 광진구 뚝섬로,518,,1121510500105530446024911,,서울특별시 광진구 뚝섬로 518,143862,05085,,1,,127.067738693033,37.535343844298
MA010120220800618387,트레벨로,코리아,G2,소매,G213,오락용품 소매,G21305,자전거 소매업,G47632,자전거 및 기타 운송장비 소매업,41,경기도,41830,양평군,41830330,양서면,4183033022,양서면,4183033022102470003,1,대지,247,3,경기도 양평군 양서면 용담리 247-3,418303217010,경기도 양평군 양서면 목왕로,55,5,4183033022102470003000001,,경기도 양평군 양서면 목왕로 55-5,476824,12584,,,,127.328497786587,37.5454210109961
MA010120220800648610,신광윤업사,,G2,소매,G213,오락용품 소매,G21305,자전거 소매업,G47632,자전거 및 기타 운송장비 소매업,11,서울특별시,11380,은평구,11380510,녹번동,1138010200,녹번동,1138010200101620009,1,대지,162,9,서울특별시 은평구 녹번동 162-9,113803100020,서울특별시 은평구 진흥로,80,1,1138010200101620009043358,,서울특별시 은평구 진흥로 80-1,122834,03458,,,,126.922006994953,37.6038942466527
MA010120220800651603,다시금자전거,,G2,소매,G213,오락용품 소매,G21305,자전거 소매업,G47632,자전거 및 기타 운송장비 소매업,31,울산광역시,31110,중구,31110620,병영1동,3111011500,남외동,3111011500105490050,1,대지,549,50,울산광역시 중구 남외동 549-50,311104307252,울산광역시 중구 산전길,1,,3111011500105490050014749,,울산광역시 중구 산전길 1,681800,44494,,,,129.348508799241,35.5704496021543
MA010120220800663110,응암코레스,,G2,소매,G213,오락용품 소매,G21305,자전거 소매업,G47632,자전거 및 기타 운송장비 소매업,11,서울특별시,11380,은평구,11380600,응암3동,1138010700,응암동,1138010700105840014,1,대지,584,14,서울특별시 은평구 응암동 584-14,113803005053,서울특별시 은평구 가좌로,238,,1138010700105840014020553,,서울특별시 은평구 가좌로 238,122923,03457,,,,126.916279758841,37.5910692214383
MA010120220800660632,명성MTB자전거,,G2,소매,G213,오락용품 소매,G21305,자전거 소매업,G47632,자전거 및 기타 운송장비 소매업,11,서울특별시,11410,서대문구,11410690,남가좌1동,1141012000,남가좌동,1141012000102920008,1,대지,292,8,서울특별시 서대문구 남가좌동 292-8,114103005054,서울특별시 서대문구 수색로,21,1,1141012000102920008000001,,서울특별시 서대문구 수색로 21-1,120805,03715,,,,126.915693642491,37.5686250521939
MA010120220800655485,삼천리자전거구신생,모래내점,G2,소매,G213,오락용품 소매,G21305,자전거 소매업,G47632,자전거 및 기타 운송장비 소매업,11,서울특별시,11410,서대문구,11410700,남가좌2동,1141012000,남가좌동,1141012000100780035,1,대지,78,35,서울특별시 서대문구 남가좌동 78-35,114104136006,서울특별시 서대문구 가재울로4길,18,,1141012000100780035006200,,서울특별시 서대문구 가재울로4길 18,120801,03693,,,,126.923022227481,37.5747838536217
MA010120220800650075,송림스포츠,,G2,소매,G213,오락용품 소매,G21305,자전거 소매업,G47632,자전거 및 기타 운송장비 소매업,41,경기도,41150,의정부시,41150567,신곡1동,4115010400,신곡동,4115010400106640022,1,대지,664,22,경기도 의정부시 신곡동 664-22,411503181055,경기도 의정부시 회룡로,181,,4115010400106590005002386,필지,경기도 의정부시 회룡로 181,480071,11733,,,,127.053744812316,37.7267655113311
MA010120220800656131,오창MTB,,G2,소매,G213,오락용품 소매,G21305,자전거 소매업,G47632,자전거 및 기타 운송장비 소매업,43,충청북도,43114,청주시 청원구,43114253,오창읍,4311425345,오창읍,4311425345108210002,1,대지,821,2,충청북도 청주시 청원구 오창읍 양청리 821-2,431142014001,충청북도 청주시 청원구 오창읍 오창대로,315,,4371025345008210002004890,,충청북도 청주시 청원구 오창읍 오창대로 315,363883,28120,,,,127.42775878475,36.7114912524049
MA010120220800653497,용북자전거,,G2,소매,G213,오락용품 소매,G21305,자전거 소매업,G47632,자전거 및 기타 운송장비 소매업,11,서울특별시,11380,은평구,11380631,신사1동,1138010900,신사동,1138010900100200026,1,대지,20,26,서울특별시 은평구 신사동 20-26,113803111007,서울특별시 은평구 은평로,33,,1138010900100200026015447,,서울특별시 은평구 은평로 33,122881,03423,,,,126.91144766686,37.5983366954625
MA010120220800659711,대원윤업사,,G2,소매,G213,오락용품 소매,G21305,자전거 소매업,G47632,자전거 및 기타 운송장비 소매업,11,서울특별시,11380,은평구,11380570,대조동,1138010600,대조동,1138010600102190032,1,대지,219,32,서울특별시 은평구 대조동 219-32,113803111006,서울특별시 은평구 연서로,188,,1138010600102190032025236,,서울특별시 은평구 연서로 188,122844,03387,,1,,126.918415894535,37.615343390581
MA010120220800692244,미성바이크,,G2,소매,G213,오락용품 소매,G21305,자전거 소매업,G47632,자전거 및 기타 운송장비 소매업,11,서울특별시,11620,관악구,11620765,미성동,1162010200,신림동,1162010200114770002,1,대지,1477,2,서울특별시 관악구 신림동 1477-2,116203117009,서울특별시 관악구 문성로,103,,1162010200114770002000001,,서울특별시 관악구 문성로 103,151894,08771,,,,126.915038198606,37.4778936496767
MA010120220800671367,은성싸이클,,G2,소매,G213,오락용품 소매,G21305,자전거 소매업,G47632,자전거 및 기타 운송장비 소매업,11,서울특별시,11620,관악구,11620725,조원동,1162010200,신림동,1162010200105690027,1,대지,569,27,서울특별시 관악구 신림동 569-27,116203120011,서울특별시 관악구 조원중앙로,44,,1162010200105690027007920,,서울특별시 관악구 조원중앙로 44,151877,08766,,1,,126.907174442693,37.4830234836731
MA010120220800731167,성재레포츠,,G2,소매,G213,오락용품 소매,G21305,자전거 소매업,G47632,자전거 및 기타 운송장비 소매업,11,서울특별시,11530,구로구,11530730,고척2동,1153010600,고척동,1153010600101640061,1,대지,164,61,서울특별시 구로구 고척동 164-61,115303116003,서울특별시 구로구 고척로,179,,1153010600101640061000001,,서울특별시 구로구 고척로 179,152830,08241,,,,126.853337053757,37.5042777200538
MA010120220800727199,닥터바이크,,G2,소매,G213,오락용품 소매,G21305,자전거 소매업,G47632,자전거 및 기타 운송장비 소매업,11,서울특별시,11530,구로구,11530720,고척1동,1153010600,고척동,1153010600100600002,1,대지,60,2,서울특별시 구로구 고척동 60-2,115304148412,서울특별시 구로구 안양천로539길,6,,1153010600100600002000002,고척빌딩,서울특별시 구로구 안양천로539길 6,152825,08220,,,,126.870515039148,37.5050276124635
MA010120220800707407,연합싸이클센타,,G2,소매,G213,오락용품 소매,G21305,자전거 소매업,G47632,자전거 및 기타 운송장비 소매업,11,서울특별시,11530,구로구,11530530,구로2동,1153010200,구로동,1153010200104120020,1,대지,412,20,서울특별시 구로구 구로동 412-20,115304148346,서울특별시 구로구 벚꽃로68길,32,,1153010200104120020023448,,서울특별시 구로구 벚꽃로68길 32,152854,08287,,,,126.881946707089,37.4922182770957
MA010120220800744978,아라MTB,,G2,소매,G213,오락용품 소매,G21305,자전거 소매업,G47632,자전거 및 기타 운송장비 소매업,41,경기도,41570,김포시,41570253,고촌읍,4157025325,고촌읍,4157025325107060000,1,대지,706,,경기도 김포시 고촌읍 전호리 706,415704427679,경기도 김포시 고촌읍 아라육로58번길,105,,4157025325107060000000001,,경기도 김포시 고촌읍 아라육로58번길 105,415816,10136,,,,126.789276375389,37.5938300209032
MA010120220800754275,중앙자전거,,G2,소매,G213,오락용품 소매,G21305,자전거 소매업,G47632,자전거 및 기타 운송장비 소매업,11,서울특별시,11530,구로구,11530760,개봉3동,1153010700,개봉동,1153010700104030117,1,대지,403,117,서울특별시 구로구 개봉동 403-117,115303116001,서울특별시 구로구 개봉로,47,,1153010700104030117007202,,서울특별시 구로구 개봉로 47,152816,08348,,,,126.855909425736,37.4898557824828
MA010120220800754276,성심자전거,,G2,소매,G213,오락용품 소매,G21305,자전거 소매업,G47632,자전거 및 기타 운송장비 소매업,11,서울특별시,11530,구로구,11530760,개봉3동,1153010700,개봉동,1153010700104030090,1,대지,403,90,서울특별시 구로구 개봉동 403-90,115303116001,서울특별시 구로구 개봉로,21,,1153010700104030090007610,,서울특별시 구로구 개봉로 21,152816,08352,,,,126.855925215053,37.4875221933255
MA010120220800741381,삼천리자전거,대리점,G2,소매,G213,오락용품 소매,G21305,자전거 소매업,G47632,자전거 및 기타 운송장비 소매업,11,서울특별시,11530,구로구,11530720,고척1동,1153010600,고척동,1153010600100720006,1,대지,72,6,서울특별시 구로구 고척동 72-6,115303000028,서울특별시 구로구 경인로,377,,1153010600100720006000001,,서울특별시 구로구 경인로 377,152826,08226,,1,,126.862138375121,37.4967919549442
MA010120220800703266,코렉스자전거,,G2,소매,G213,오락용품 소매,G21305,자전거 소매업,G47632,자전거 및 기타 운송장비 소매업,11,서울특별시,11530,구로구,11530560,구로5동,1153010200,구로동,1153010200105280007,1,대지,528,7,서울특별시 구로구 구로동 528-7,115304148267,서울특별시 구로구 구로중앙로28길,31,,1153010200105280007020099,,서울특별시 구로구 구로중앙로28길 31,152859,08294,,1,,126.887329412505,37.4996117847894
MA010120220800738793,신호바이크,,G2,소매,G213,오락용품 소매,G21305,자전거 소매업,G47632,자전거 및 기타 운송장비 소매업,11,서울특별시,11530,구로구,11530510,신도림동,1153010100,신도림동,1153010100103970002,1,대지,397,2,서울특별시 구로구 신도림동 397-2,115303116008,서울특별시 구로구 신도림로,20,,1153010100103970002000001,,서울특별시 구로구 신도림로 20,152887,08211,,,,126.878745975348,37.5065950861853
MA010120220800729670,세림상사,,G2,소매,G213,오락용품 소매,G21305,자전거 소매업,G47632,자전거 및 기타 운송장비 소매업,11,서울특별시,11530,구로구,11530730,고척2동,1153010600,고척동,1153010600101640061,1,대지,164,61,서울특별시 구로구 고척동 164-61,115303116003,서울특별시 구로구 고척로,179,,1153010600101640061000001,,서울특별시 구로구 고척로 179,152830,08241,,,,126.853337053757,37.5042777200538
MA010120220800713009,타라바이크,,G2,소매,G213,오락용품 소매,G21305,자전거 소매업,G47632,자전거 및 기타 운송장비 소매업,11,서울특별시,11560,영등포구,11560690,신길7동,1156013200,신길동,1156013200106790000,1,대지,679,,서울특별시 영등포구 신길동 679,115603118028,서울특별시 영등포구 여의대방로,171,,1156013200106800000006865,,서울특별시 영등포구 여의대방로 171,150854,07391,,1,,126.920959134873,37.5024051603049
MA010120220800709492,동진자전차,,G2,소매,G213,오락용품 소매,G21305,자전거 소매업,G47632,자전거 및 기타 운송장비 소매업,11,서울특별시,11530,구로구,11530550,구로4동,1153010200,구로동,1153010200103130002,1,대지,313,2,서울특별시 구로구 구로동 313-2,115304148214,서울특별시 구로구 구로동로26길,129,,1153010200103130002016931,,서울특별시 구로구 구로동로26길 129,152873,08312,,,,126.891177348355,37.4898124413104
MA010120220800721769,번영상회,,G2,소매,G213,오락용품 소매,G21305,자전거 소매업,G47632,자전거 및 기타 운송장비 소매업,11,서울특별시,11530,구로구,11530780,오류2동,1153010800,오류동,1153010800102030026,1,대지,203,26,서울특별시 구로구 오류동 203-26,115304148378,서울특별시 구로구 서해안로20길,10,,1153010800102030026027241,,서울특별시 구로구 서해안로20길 10,152899,08342,,,,126.837603794677,37.4893545047679
MA010120220800731157,구원상회,,G2,소매,G213,오락용품 소매,G21305,자전거 소매업,G47632,자전거 및 기타 운송장비 소매업,11,서울특별시,11530,구로구,11530770,오류1동,1153010800,오류동,1153010800100060045,1,대지,6,45,서울특별시 구로구 오류동 6-45,115303000028,서울특별시 구로구 경인로,171,,1153010800100060045005599,,서울특별시 구로구 경인로 171,152889,08254,,,,126.840317425322,37.4947282019544
MA010120220800799380,사당방배전기자전거바이크매니아,,G2,소매,G213,오락용품 소매,G21305,자전거 소매업,G47632,자전거 및 기타 운송장비 소매업,11,서울특별시,11650,서초구,11650590,방배본동,1165010100,방배동,1165010100107820002,1,대지,782,2,서울특별시 서초구 방배동 782-2,116502005009,서울특별시 서초구 동작대로,192,,1165010100107820002015900,,서울특별시 서초구 동작대로 192,137829,06559,,,,126.983094528061,37.4936726114245
MA010120220800791113,행복한자전거,,G2,소매,G213,오락용품 소매,G21305,자전거 소매업,G47632,자전거 및 기타 운송장비 소매업,11,서울특별시,11650,서초구,11650590,방배본동,1165010100,방배동,1165010100100190003,1,대지,19,3,서울특별시 서초구 방배동 19-3,116503121010,서울특별시 서초구 방배로,254,,1165010100100190003015593,,서울특별시 서초구 방배로 254,137814,06574,,,,126.988849991903,37.4957726409629
MA010120220800759942,대성바이클,,G2,소매,G213,오락용품 소매,G21305,자전거 소매업,G47632,자전거 및 기타 운송장비 소매업,41,경기도,41630,양주시,41630540,회천2동,4163011600,덕계동,4163011600104720006,1,대지,472,6,경기도 양주시 덕계동 472-6,416303215066,경기도 양주시 평화로,1463,,4163011600104720006018222,,경기도 양주시 평화로 1463,482050,11443,,,,127.048088828546,37.8211079056435
MA010120220800754681,베이비플러스,동탄점,G2,소매,G213,오락용품 소매,G21305,자전거 소매업,G47632,자전거 및 기타 운송장비 소매업,41,경기도,41590,화성시,41590620,동탄8동,4159013600,장지동,4159013600109120004,1,대지,912,4,경기도 화성시 장지동 912-4,415902348101,경기도 화성시 동탄순환대로,10,,4159013600109120004000001,,경기도 화성시 동탄순환대로 10,,18498,,3,,127.094641333069,37.1645159885296
MA010120220802352509,삼천리자전거,,G2,소매,G213,오락용품 소매,G21305,자전거 소매업,G47632,자전거 및 기타 운송장비 소매업,41,경기도,41273,안산시 단원구,41273555,백운동,4127310800,원곡동,4127310800110010000,1,대지,1001,,경기도 안산시 단원구 원곡동 1001,412733190080,경기도 안산시 단원구 화랑로,130,,4127310800108510000040453,초지역메이저타운푸르지오에코단지,경기도 안산시 단원구 화랑로 130,425131,15388,,,,126.804305143632,37.3237688271215
MA010120220802333399,벨로파파,,G2,소매,G213,오락용품 소매,G21305,자전거 소매업,G47632,자전거 및 기타 운송장비 소매업,41,경기도,41590,화성시,41590340,송산면,4159034034,송산면,4159034034103720002,1,대지,372,2,경기도 화성시 송산면 육일리 372-2,415903210128,경기도 화성시 송산면 화성로,316,4,4159034034103720002000001,,경기도 화성시 송산면 화성로 316-4,445873,18552,,1,,126.727210742998,37.205345785393
MA010120220802333558,종합자전거,,G2,소매,G213,오락용품 소매,G21305,자전거 소매업,G47632,자전거 및 기타 운송장비 소매업,41,경기도,41273,안산시 단원구,41273525,고잔동,4127310100,고잔동,4127310100106630001,1,대지,663,1,경기도 안산시 단원구 고잔동 663-1,412733191086,경기도 안산시 단원구 화정천동로,224,,4127310100106630001032728,,경기도 안산시 단원구 화정천동로 224,425806,15344,,1,,126.81978247905,37.3247034540947
MA010120220802360484,알비노커스텀,,G2,소매,G213,오락용품 소매,G21305,자전거 소매업,G47632,자전거 및 기타 운송장비 소매업,41,경기도,41171,안양시 만안구,41171530,안양3동,4117110100,안양동,4117110100109000053,1,대지,900,53,경기도 안양시 만안구 안양동 900-53,411714346204,경기도 안양시 만안구 안양로343번길,86,,4117110100109000053005388,,경기도 안양시 만안구 안양로343번길 86,430842,14005,,1,,126.913700938849,37.4019551329947
MA010120220802343778,삼천리자전거본오점,,G2,소매,G213,오락용품 소매,G21305,자전거 소매업,G47632,자전거 및 기타 운송장비 소매업,41,경기도,41271,안산시 상록구,41271550,본오2동,4127110400,본오동,4127110400108140002,1,대지,814,2,경기도 안산시 상록구 본오동 814-2,412713190025,경기도 안산시 상록구 반석로,66,1,4127110400108140002024855,,경기도 안산시 상록구 반석로 66-1,426811,15542,,,,126.867196599148,37.2964826987452
MA010120220802350248,태영MTB&벌룬,,G2,소매,G213,오락용품 소매,G21305,자전거 소매업,G47632,자전거 및 기타 운송장비 소매업,41,경기도,41273,안산시 단원구,41273510,와동,4127310200,와동,4127310200108210018,1,대지,821,18,경기도 안산시 단원구 와동 821-18,412733191052,경기도 안산시 단원구 와동공원로,44,,4127310200108210018008584,,경기도 안산시 단원구 와동공원로 44,425844,15253,,,,126.817664805312,37.3372785987907
MA010120220802350252,라이드온스포츠,,G2,소매,G213,오락용품 소매,G21305,자전거 소매업,G47632,자전거 및 기타 운송장비 소매업,41,경기도,41273,안산시 단원구,41273535,호수동,4127310100,고잔동,4127310100107290008,1,대지,729,8,경기도 안산시 단원구 고잔동 729-8,412733190012,경기도 안산시 단원구 광덕4로,256,,4127310100107290008023648,고잔동,경기도 안산시 단원구 광덕4로 256,425809,15464,,1,,126.840857758808,37.3143177372336
MA010120220802351059,삼천리자전거본원,대리점,G2,소매,G213,오락용품 소매,G21305,자전거 소매업,G47632,자전거 및 기타 운송장비 소매업,41,경기도,41271,안산시 상록구,41271540,본오1동,4127110400,본오동,4127110400109240000,1,대지,924,,경기도 안산시 상록구 본오동 924,412713190091,경기도 안산시 상록구 오목로,40,,4127110400109240000014294,,경기도 안산시 상록구 오목로 40,426817,15563,,,,126.862414802313,37.2901519569991
MA010120220802354353,산돌바이크,,G2,소매,G213,오락용품 소매,G21305,자전거 소매업,G47632,자전거 및 기타 운송장비 소매업,41,경기도,41273,안산시 단원구,41273535,호수동,4127310100,고잔동,4127310100107180005,1,대지,718,5,경기도 안산시 단원구 고잔동 718-5,412733190010,경기도 안산시 단원구 광덕1로,159,,4127310100107180005028965,대림프라자,경기도 안산시 단원구 광덕1로 159,425807,15476,,,,126.82732326595,37.3081627212758
MA010120220802338162,NFS늘푸른자전거,,G2,소매,G213,오락용품 소매,G21305,자전거 소매업,G47632,자전거 및 기타 운송장비 소매업,41,경기도,41273,안산시 단원구,41273532,중앙동,4127310100,고잔동,4127310100105420003,1,대지,542,3,경기도 안산시 단원구 고잔동 542-3,412732190002,경기도 안산시 단원구 중앙대로,951,,4127310100105420003008318,대주빌딩,경기도 안산시 단원구 중앙대로 951,425868,15361,,,,126.842104489371,37.3169324040783
MA010120220802315650,다타MTB.카셀프LPG,,G2,소매,G213,오락용품 소매,G21305,자전거 소매업,G47632,자전거 및 기타 운송장비 소매업,41,경기도,41273,안산시 단원구,41273590,선부2동,4127310900,선부동,4127310900110410002,1,대지,1041,2,경기도 안산시 단원구 선부동 1041-2,412733191094,경기도 안산시 단원구 석수로,85,,4127310900110410002039751,,경기도 안산시 단원구 석수로 85,425828,15221,,,,126.807096668687,37.3439745067684
MA010120220802355334,혜원,,G2,소매,G213,오락용품 소매,G21305,자전거 소매업,G47632,자전거 및 기타 운송장비 소매업,41,경기도,41273,안산시 단원구,41273545,원곡동,4127310800,원곡동,4127310800107520002,1,대지,752,2,경기도 안산시 단원구 원곡동 752-2,412733191057,경기도 안산시 단원구 원곡공원로,24,,4127310800107520002026721,,경기도 안산시 단원구 원곡공원로 24,425845,15376,,,,126.793731122683,37.33287830884
MA010120220802402315,클린MTB,,G2,소매,G213,오락용품 소매,G21305,자전거 소매업,G47632,자전거 및 기타 운송장비 소매업,41,경기도,41461,용인시 처인구,41461530,유림동,4146110600,고림동,4146110600109850000,1,대지,985,,경기도 용인시 처인구 고림동 985,414613203005,경기도 용인시 처인구 경안천로,226,,4146110600109850000040002,,경기도 용인시 처인구 경안천로 226,449923,17148,,,,127.21865995899,37.2515375492193
MA010120220802400010,이지바이크,,G2,소매,G213,오락용품 소매,G21305,자전거 소매업,G47632,자전거 및 기타 운송장비 소매업,41,경기도,41115,수원시 팔달구,41115680,화서1동,4111513800,화서동,4111513800101070005,1,대지,107,5,경기도 수원시 팔달구 화서동 107-5,411153176006,경기도 수원시 팔달구 동말로,57,,4111513800101070005007670,,경기도 수원시 팔달구 동말로 57,442862,16439,,1,,127.00057506601,37.2789328891114
MA010120220802402663,엠티비스카이,,G2,소매,G213,오락용품 소매,G21305,자전거 소매업,G47632,자전거 및 기타 운송장비 소매업,41,경기도,41465,용인시 수지구,41465510,풍덕천1동,4146510100,풍덕천동,4146510100100290010,1,대지,29,10,경기도 용인시 수지구 풍덕천동 29-10,414654415079,경기도 용인시 수지구 수지로342번길,17,,4146510100100290010025548,,경기도 용인시 수지구 수지로342번길 17,448505,16832,,,,127.096378985668,37.3268107456807
MA010120220802405640,DannyBike,,G2,소매,G213,오락용품 소매,G21305,자전거 소매업,G47632,자전거 및 기타 운송장비 소매업,41,경기도,41220,평택시,41220620,비전1동,4122011800,비전동,4122011800104330009,1,대지,433,9,경기도 평택시 비전동 433-9,412203188117,경기도 평택시 평택1로,106,,4122011800104330009011879,,경기도 평택시 평택1로 106,450804,17880,,1,,127.089618944813,37.001273136628
MA010120220802407879,삼천리자전거,,G2,소매,G213,오락용품 소매,G21305,자전거 소매업,G47632,자전거 및 기타 운송장비 소매업,41,경기도,41461,용인시 처인구,41461525,역북동,4146110200,역북동,4146110200104190004,1,대지,419,4,경기도 용인시 처인구 역북동 419-4,414614409777,경기도 용인시 처인구 중부대로1281번길,6,31,4146110200104190004029965,,경기도 용인시 처인구 중부대로1281번길 6-31,449931,17047,,,,127.188742807145,37.2371542940726
MA010120220802416558,삼천리자전거,,G2,소매,G213,오락용품 소매,G21305,자전거 소매업,G47632,자전거 및 기타 운송장비 소매업,41,경기도,41273,안산시 단원구,41273570,초지동,4127310700,초지동,4127310700107350004,1,대지,735,4,경기도 안산시 단원구 초지동 735-4,412733191080,경기도 안산시 단원구 초지로,90,,4127310700107350004043079,태영프라자,경기도 안산시 단원구 초지로 90,425855,15448,,,,126.815110347338,37.3067386577742
MA010120220802372662,심즈바이크,,G2,소매,G213,오락용품 소매,G21305,자전거 소매업,G47632,자전거 및 기타 운송장비 소매업,41,경기도,41273,안산시 단원구,41273535,호수동,4127310100,고잔동,4127310100106810006,1,대지,681,6,경기도 안산시 단원구 고잔동 681-6,412733190012,경기도 안산시 단원구 광덕4로,112,,4127310100106810006011696,,경기도 안산시 단원구 광덕4로 112,425802,15458,,,,126.824769012797,37.3151509888702
MA010120220802369094,선부자전거,,G2,소매,G213,오락용품 소매,G21305,자전거 소매업,G47632,자전거 및 기타 운송장비 소매업,41,경기도,41273,안산시 단원구,41273600,선부3동,4127310900,선부동,4127310900110920010,1,대지,1092,10,경기도 안산시 단원구 선부동 1092-10,412733191087,경기도 안산시 단원구 화정천서로,527,,4127310900110920010023315,,경기도 안산시 단원구 화정천서로 527,425831,15216,,1,,126.817761496243,37.3439643848854
MA010120220802438521,선우스포츠상사,,G2,소매,G213,오락용품 소매,G21305,자전거 소매업,G47632,자전거 및 기타 운송장비 소매업,41,경기도,41463,용인시 기흥구,41463510,신갈동,4146310100,신갈동,4146310100100350004,1,대지,35,4,경기도 용인시 기흥구 신갈동 35-4,414633204042,경기도 용인시 기흥구 신갈로,109,,4146310100100350004023125,,경기도 용인시 기흥구 신갈로 109,446595,16967,,,,127.105515522507,37.2764710789072
MA010120220802458537,아주MTB,,G2,소매,G213,오락용품 소매,G21305,자전거 소매업,G47632,자전거 및 기타 운송장비 소매업,41,경기도,41117,수원시 영통구,41117510,매탄1동,4111710100,매탄동,4111710100101310005,1,대지,131,5,경기도 수원시 영통구 매탄동 131-5,411174331021,경기도 수원시 영통구 동수원로513번길,20,,4111710100101310005004510,,경기도 수원시 영통구 동수원로513번길 20,443800,16531,,,,127.04604719934,37.2737069118532
MA010120220802463725,동탄MTB짱,,G2,소매,G213,오락용품 소매,G21305,자전거 소매업,G47632,자전거 및 기타 운송장비 소매업,41,경기도,41590,화성시,41590585,동탄1동,4159012700,반송동,4159012700100400000,1,대지,40,,경기도 화성시 반송동 40,415904431479,경기도 화성시 동탄반송1길,20,10,4159012700102600001000001,패밀리타운,경기도 화성시 동탄반송1길 20-10,445160,18434,,,,127.062827372718,37.2093555398728
MA010120220802445220,삼천리자전거,정자점,G2,소매,G213,오락용품 소매,G21305,자전거 소매업,G47632,자전거 및 기타 운송장비 소매업,41,경기도,41111,수원시 장안구,41111573,정자3동,4111113000,정자동,4111113000108740007,1,대지,874,7,경기도 수원시 장안구 정자동 874-7,411113176026,경기도 수원시 장안구 정자천로,175,,4111113000108740007043382,,경기도 수원시 장안구 정자천로 175,440841,16334,,,,126.99485707446,37.2959624082056
MA010120220802452705,영광자전거,,G2,소매,G213,오락용품 소매,G21305,자전거 소매업,G47632,자전거 및 기타 운송장비 소매업,41,경기도,41115,수원시 팔달구,41115730,인계동,4111514100,인계동,4111514100110030007,1,대지,1003,7,경기도 수원시 팔달구 인계동 1003-7,411153175031,경기도 수원시 팔달구 세지로,162,,4111514100110030007052099,,경기도 수원시 팔달구 세지로 162,442833,16479,,1,,127.021510482888,37.2657487080626
MA010120220802425467,석진스포츠,,G2,소매,G213,오락용품 소매,G21305,자전거 소매업,G47632,자전거 및 기타 운송장비 소매업,41,경기도,41461,용인시 처인구,41461250,포곡읍,4146125029,포곡읍,4146125029105280005,1,대지,528,5,경기도 용인시 처인구 포곡읍 신원리 528-5,414614409073,경기도 용인시 처인구 포곡읍 곡현로315번길,56,,4146125029105280005038443,,경기도 용인시 처인구 포곡읍 곡현로315번길 56,449814,17022,,,,127.216582079621,37.3170738140723
MA010120220802431648,마평자전거,,G2,소매,G213,오락용품 소매,G21305,자전거 소매업,G47632,자전거 및 기타 운송장비 소매업,41,경기도,41461,용인시 처인구,41461540,동부동,4146110700,마평동,4146110700107270001,1,대지,727,1,경기도 용인시 처인구 마평동 727-1,414613203017,경기도 용인시 처인구 금령로,135,,4146110700107270001211904,희성빌딩,경기도 용인시 처인구 금령로 135,449929,17153,,,,127.211379220757,37.2356743817217
MA010120220802429273,이젠스포츠,,G2,소매,G213,오락용품 소매,G21305,자전거 소매업,G47632,자전거 및 기타 운송장비 소매업,41,경기도,41360,남양주시,41360565,다산2동,4136011200,다산동,4136011200106760004,1,대지,676,4,경기도 남양주시 다산동 676-4,413604391022,경기도 남양주시 가운로2길,55,,4136010700117000003002529,메티스프라자,경기도 남양주시 가운로2길 55,,12262,,,,127.156987170389,37.6007071931144
MA010120220802429411,삼천리스포츠북,수원점,G2,소매,G213,오락용품 소매,G21305,자전거 소매업,G47632,자전거 및 기타 운송장비 소매업,41,경기도,41111,수원시 장안구,41111560,파장동,4111112900,파장동,4111112900106270010,1,대지,627,10,경기도 수원시 장안구 파장동 627-10,411112012008,경기도 수원시 장안구 경수대로,1032,,4111112900106270010048040,,경기도 수원시 장안구 경수대로 1032,440855,16203,,,,126.999368316953,37.3074056808102
MA010120220802447347,코렉스자전거,,G2,소매,G213,오락용품 소매,G21305,자전거 소매업,G47632,자전거 및 기타 운송장비 소매업,41,경기도,41111,수원시 장안구,41111571,정자1동,4111113000,정자동,4111113000104190000,1,대지,419,,경기도 수원시 장안구 정자동 419,411113174015,경기도 수원시 장안구 파장로,47,,4111113000104190000048935,,경기도 수원시 장안구 파장로 47,440840,16340,,,,126.995465533919,37.3054773792393
MA010120220802505772,바이크,김포한강,G2,소매,G213,오락용품 소매,G21305,자전거 소매업,G47632,자전거 및 기타 운송장비 소매업,41,경기도,41570,김포시,41570256,양촌읍,4157025624,양촌읍,4157025624102380008,1,대지,238,8,경기도 김포시 양촌읍 구래리 238-8,415703209079,경기도 김포시 양촌읍 양곡1로,13,,4157032025102380008002431,,경기도 김포시 양촌읍 양곡1로 13,415841,10059,,,,126.623836316432,37.6519104830334
MA010120220802513481,neo바이크,,G2,소매,G213,오락용품 소매,G21305,자전거 소매업,G47632,자전거 및 기타 운송장비 소매업,41,경기도,41450,하남시,41450630,미사3동,4145011000,풍산동,4145011000105040000,1,대지,504,,경기도 하남시 풍산동 504,414502202002,경기도 하남시 미사강변대로,84,,4145011000101370001000001,미사탑프라자,경기도 하남시 미사강변대로 84,465170,12919,,,,127.187997097515,37.5574052084219
MA010120220802509166,삼천리자전거,,G2,소매,G213,오락용품 소매,G21305,자전거 소매업,G47632,자전거 및 기타 운송장비 소매업,28,인천광역시,28710,강화군,28710250,강화읍,2871025021,강화읍,2871025021107140000,1,대지,714,,인천광역시 강화군 강화읍 신문리 714,287102157001,인천광역시 강화군 강화읍 강화대로,445,,2871025021107140000003353,,인천광역시 강화군 강화읍 강화대로 445,417807,23033,,,,126.48210167957,37.7474434133831
MA010120220802512113,삼천리동구효목점,,G2,소매,G213,오락용품 소매,G21305,자전거 소매업,G47632,자전거 및 기타 운송장비 소매업,27,대구광역시,27140,동구,27140600,효목2동,2714010300,효목동,2714010300103570001,1,대지,357,1,대구광역시 동구 효목동 357-1,271403142045,대구광역시 동구 효서로,14,,2714010300103570001016741,,대구광역시 동구 효서로 14,701844,41233,,,,128.6391372208,35.8776404973064
MA010120220802504725,메리다알톤자전거,옥정점,G2,소매,G213,오락용품 소매,G21305,자전거 소매업,G47632,자전거 및 기타 운송장비 소매업,41,경기도,41630,양주시,41630520,양주2동,4163010800,삼숭동,4163010800100240006,1,대지,24,6,경기도 양주시 삼숭동 24-6,416303212014,경기도 양주시 어하고개로,52,10,4163010800100240006000001,경기도양주시,경기도 양주시 어하고개로 52-10,482110,11477,,,,127.102842845898,37.811612774111
MA010120220804078536,동아자전거,,G2,소매,G213,오락용품 소매,G21305,자전거 소매업,G47632,자전거 및 기타 운송장비 소매업,11,서울특별시,11740,강동구,11740650,성내2동,1174010800,성내동,1174010800101180014,1,대지,118,14,서울특별시 강동구 성내동 118-14,117404172415,서울특별시 강동구 천호옛길,49,,1174010800101180014005786,,서울특별시 강동구 천호옛길 49,134841,05385,,,,127.12326651442,37.5336861484921
MA010120220804090927,성철자전거,,G2,소매,G213,오락용품 소매,G21305,자전거 소매업,G47632,자전거 및 기타 운송장비 소매업,11,서울특별시,11740,강동구,11740685,길동,1174010500,길동,1174010500103480002,1,대지,348,2,서울특별시 강동구 길동 348-2,117402000006,서울특별시 강동구 양재대로,1512,,1174010500103480002002477,,서울특별시 강동구 양재대로 1512,134811,05343,,,,127.14135920174,37.540495455763
MA010120220804092265,의정부MTB,,G2,소매,G213,오락용품 소매,G21305,자전거 소매업,G47632,자전거 및 기타 운송장비 소매업,41,경기도,41150,의정부시,41150545,호원1동,4115010200,호원동,4115010200104660016,1,대지,466,16,경기도 의정부시 호원동 466-16,411504343387,경기도 의정부시 평화로150번길,15,,4115010200104660016016769,,경기도 의정부시 평화로150번길 15,480856,11715,,,,127.049091124583,37.7051622088456
MA010120220804093588,삼성레포츠,,G2,소매,G213,오락용품 소매,G21305,자전거 소매업,G47632,자전거 및 기타 운송장비 소매업,11,서울특별시,11740,강동구,11740650,성내2동,1174010800,성내동,1174010800102920019,1,대지,292,19,서울특별시 강동구 성내동 292-19,117403123024,서울특별시 강동구 풍성로,119,,1174010800102920019006199,,서울특별시 강동구 풍성로 119,134032,05387,,1,,127.125413432308,37.5320440670822
MA010120220804082192,영MTB,,G2,소매,G213,오락용품 소매,G21305,자전거 소매업,G47632,자전거 및 기타 운송장비 소매업,11,서울특별시,11740,강동구,11740610,천호2동,1174010900,천호동,1174010900102750003,1,대지,275,3,서울특별시 강동구 천호동 275-3,117403016054,서울특별시 강동구 구천면로,265,,1174010900102750003008265,,서울특별시 강동구 구천면로 265,134867,05325,,,,127.131973702373,37.5439030842272
MA010120220804080067,대교기공사,,G2,소매,G213,오락용품 소매,G21305,자전거 소매업,G47632,자전거 및 기타 운송장비 소매업,11,서울특별시,11740,강동구,11740610,천호2동,1174010900,천호동,1174010900104590025,1,대지,459,25,서울특별시 강동구 천호동 459-25,117402000008,서울특별시 강동구 천호대로,983,1,1174010900104590025011939,,서울특별시 강동구 천호대로 983-1,134874,05248,,,,127.121782675204,37.5395982479251
MA010120220804088650,명일M.T.B,,G2,소매,G213,오락용품 소매,G21305,자전거 소매업,G47632,자전거 및 기타 운송장비 소매업,11,서울특별시,11740,강동구,11740530,명일1동,1174010100,명일동,1174010100103430003,1,대지,343,3,서울특별시 강동구 명일동 343-3,117403124003,서울특별시 강동구 상암로,201,,1174010100103430003019546,,서울특별시 강동구 상암로 201,134830,05294,,,,127.144991949181,37.5466538824523
MA010120220804084743,유현자전거,,G2,소매,G213,오락용품 소매,G21305,자전거 소매업,G47632,자전거 및 기타 운송장비 소매업,43,충청북도,43113,청주시 흥덕구,43113741,복대1동,4311311400,복대동,4311311400127570000,1,대지,2757,,충청북도 청주시 흥덕구 복대동 2757,431134511882,충청북도 청주시 흥덕구 짐대로34번길,19,,4311311400127570000008398,,충청북도 청주시 흥덕구 짐대로34번길 19,361815,28417,,,,127.426229200185,36.6330718327903
MA010120220804080927,천호자전거,,G2,소매,G213,오락용품 소매,G21305,자전거 소매업,G47632,자전거 및 기타 운송장비 소매업,11,서울특별시,11740,강동구,11740610,천호2동,1174010900,천호동,1174010900103970025,1,대지,397,25,서울특별시 강동구 천호동 397-25,117403016054,서울특별시 강동구 구천면로,241,,1174010900103970025008337,,서울특별시 강동구 구천면로 241,134903,05326,,,,127.13055611492,37.5421026621577
MA010120220804083423,씽씽바이크,,G2,소매,G213,오락용품 소매,G21305,자전거 소매업,G47632,자전거 및 기타 운송장비 소매업,43,충청북도,43112,청주시 서원구,43112560,분평동,4311210600,분평동,4311210600113040000,1,대지,1304,,충청북도 청주시 서원구 분평동 1304,431123237068,충청북도 청주시 서원구 원마루로,16,,4311310800113040000029095,,충청북도 청주시 서원구 원마루로 16,362857,28794,,,,127.495300310875,36.6096726937464
MA010120220804110548,벨로스포츠,,G2,소매,G213,오락용품 소매,G21305,자전거 소매업,G47632,자전거 및 기타 운송장비 소매업,11,서울특별시,11215,광진구,11215760,중곡3동,1121510100,중곡동,1121510100105410002,1,대지,541,2,서울특별시 광진구 중곡동 541-2,112153005025,서울특별시 광진구 답십리로,404,,1121510100105410002023791,,서울특별시 광진구 답십리로 404,143909,04903,,,,127.085248438282,37.570885873634
MA010120220804116261,바이크팜,,G2,소매,G213,오락용품 소매,G21305,자전거 소매업,G47632,자전거 및 기타 운송장비 소매업,11,서울특별시,11740,강동구,11740530,명일1동,1174010100,명일동,1174010100103440013,1,대지,344,13,서울특별시 강동구 명일동 344-13,117404172135,서울특별시 강동구 상암로49길,19,,1174010100103440013022893,,서울특별시 강동구 상암로49길 19,134830,05295,,B1,,127.144733092892,37.5473840085487
MA010120220804122482,알톤스포츠,,G2,소매,G213,오락용품 소매,G21305,자전거 소매업,G47632,자전거 및 기타 운송장비 소매업,11,서울특별시,11260,중랑구,11260590,상봉2동,1126010200,상봉동,1126010200101260028,1,대지,126,28,서울특별시 중랑구 상봉동 126-28,112603106002,서울특별시 중랑구 봉우재로,67,,1126010200101260028014847,,서울특별시 중랑구 봉우재로 67,131860,02139,,,,127.080731686421,37.5916659580195
MA010120220804097835,용복상회,,G2,소매,G213,오락용품 소매,G21305,자전거 소매업,G47632,자전거 및 기타 운송장비 소매업,11,서울특별시,11740,강동구,11740700,둔촌2동,1174010600,둔촌동,1174010600104540002,1,대지,454,2,서울특별시 강동구 둔촌동 454-2,117403124008,서울특별시 강동구 진황도로,164,,1174010600104540002000559,,서울특별시 강동구 진황도로 164,134822,05364,,,,127.141862624749,37.5314848530315
MA010120220804113865,성내삼천리자전거,,G2,소매,G213,오락용품 소매,G21305,자전거 소매업,G47632,자전거 및 기타 운송장비 소매업,11,서울특별시,11740,강동구,11740660,성내3동,1174010800,성내동,1174010800104330014,1,대지,433,14,서울특별시 강동구 성내동 433-14,117404172268,서울특별시 강동구 양재대로89길,69,,1174010800104330014004083,,서울특별시 강동구 양재대로89길 69,134890,05406,,,,127.131752120836,37.5272979005328
MA010120220804130319,바이씨클스테이션,,G2,소매,G213,오락용품 소매,G21305,자전거 소매업,G47632,자전거 및 기타 운송장비 소매업,11,서울특별시,11170,용산구,11170625,한강로동,1117012800,한강로3가,1117012800100650415,1,대지,65,415,서울특별시 용산구 한강로3가 65-415,111704106148,서울특별시 용산구 서빙고로24길,12,4,1117012800100650415012538,,서울특별시 용산구 서빙고로24길 12-4,140883,04388,,지,,126.96834749853,37.5237451195866
MA010120220804108247,한강MTB,,G2,소매,G213,오락용품 소매,G21305,자전거 소매업,G47632,자전거 및 기타 운송장비 소매업,11,서울특별시,11740,강동구,11740570,암사1동,1174010700,암사동,1174010700104790009,1,대지,479,9,서울특별시 강동구 암사동 479-9,117404172222,서울특별시 강동구 암사길,40,,1174010700104790009016396,,서울특별시 강동구 암사길 40,134856,05260,,1,,127.133752919028,37.5517307564783
MA010120220804123205,랩삼육공자전거연구소,,G2,소매,G213,오락용품 소매,G21305,자전거 소매업,G47632,자전거 및 기타 운송장비 소매업,29,광주광역시,29170,북구,29170695,건국동,2917012600,본촌동,2917012600128620001,1,대지,2862,1,광주광역시 북구 본촌동 2862-1,291703162045,광주광역시 북구 양산택지로,140,,2917012600128620001000001,삼육공자전거,광주광역시 북구 양산택지로 140,500210,61027,,1,,126.879885162238,35.2172971819445
MA010120220804098631,에이벡,,G2,소매,G213,오락용품 소매,G21305,자전거 소매업,G47632,자전거 및 기타 운송장비 소매업,11,서울특별시,11710,송파구,11710650,잠실본동,1171010100,잠실동,1171010100102040008,1,대지,204,8,서울특별시 송파구 잠실동 204-8,117104169427,서울특별시 송파구 올림픽로12길,28,,1171010100102040008000883,,서울특별시 송파구 올림픽로12길 28,138862,05563,,1,,127.083187511677,37.5091057901887
MA010120220804098831,SK바이크,,G2,소매,G213,오락용품 소매,G21305,자전거 소매업,G47632,자전거 및 기타 운송장비 소매업,11,서울특별시,11740,강동구,11740660,성내3동,1174010800,성내동,1174010800104410000,1,대지,441,,서울특별시 강동구 성내동 441,117402000006,서울특별시 강동구 양재대로,1307,,1174010800104410000004303,,서울특별시 강동구 양재대로 1307,134846,05408,,1,,127.134018629696,37.5231507428524
MA010120220804105193,곰바이크,,G2,소매,G213,오락용품 소매,G21305,자전거 소매업,G47632,자전거 및 기타 운송장비 소매업,11,서울특별시,11740,강동구,11740610,천호2동,1174010900,천호동,1174010900103140004,1,대지,314,4,서울특별시 강동구 천호동 314-4,117403123023,서울특별시 강동구 올림픽로,722,,1174010900103140004008105,미준빌딩,서울특별시 강동구 올림픽로 722,134867,05323,,1,,127.126217028078,37.5456573151627
MA010120220804108844,자전거할인매장,,G2,소매,G213,오락용품 소매,G21305,자전거 소매업,G47632,자전거 및 기타 운송장비 소매업,11,서울특별시,11740,강동구,11740685,길동,1174010500,길동,1174010500101260000,1,대지,126,,서울특별시 강동구 길동 126,117404172235,서울특별시 강동구 양재대로116길,95,,1174010500101260000002220,,서울특별시 강동구 양재대로116길 95,134809,05344,,,,127.145732615828,37.5376610014424
MA010120220804142609,신성상사,,G2,소매,G213,오락용품 소매,G21305,자전거 소매업,G47632,자전거 및 기타 운송장비 소매업,11,서울특별시,11680,강남구,11680670,개포2동,1168010300,개포동,1168010300101860015,1,대지,186,15,서울특별시 강남구 개포동 186-15,116803122001,서울특별시 강남구 개포로,508,,1168010300101860015019903,소망상가,서울특별시 강남구 개포로 508,135994,06329,,,,127.067957107497,37.4892393400045
MA010120220804144388,동광자전거,,G2,소매,G213,오락용품 소매,G21305,자전거 소매업,G47632,자전거 및 기타 운송장비 소매업,11,서울특별시,11680,강남구,11680690,개포4동,1168010300,개포동,1168010300112110000,1,대지,1211,,서울특별시 강남구 개포동 1211,116803122001,서울특별시 강남구 개포로,260,,1168010300102110000020402,,서울특별시 강남구 개포로 260,135962,06309,,,,127.050910180342,37.4792647420993
MA010120220804109412,비바로드,,G2,소매,G213,오락용품 소매,G21305,자전거 소매업,G47632,자전거 및 기타 운송장비 소매업,11,서울특별시,11740,강동구,11740525,상일1동,1174010300,상일동,1174010300102680003,1,대지,268,3,서울특별시 강동구 상일동 268-3,117403124004,서울특별시 강동구 상일로,29,,1174010300102680003020219,,서울특별시 강동구 상일로 29,134837,05282,,1,,127.172802292619,37.5496618315936
MA010120220804145492,어라운드,,G2,소매,G213,오락용품 소매,G21305,자전거 소매업,G47632,자전거 및 기타 운송장비 소매업,41,경기도,41287,고양시 일산서구,41287580,송포동,4128710400,대화동,4128710400107420001,1,대지,742,1,경기도 고양시 일산서구 대화동 742-1,412873194009,경기도 고양시 일산서구 대화2로,120,,4128710400107420001000291,호,경기도 고양시 일산서구 대화2로 120,411802,10218,,2,,126.734526863338,37.6740692544964
MA010120220804109558,튼튼자전거,,G2,소매,G213,오락용품 소매,G21305,자전거 소매업,G47632,자전거 및 기타 운송장비 소매업,11,서울특별시,11740,강동구,11740540,명일2동,1174010100,명일동,1174010100102490003,1,대지,249,3,서울특별시 강동구 명일동 249-3,117403016054,서울특별시 강동구 구천면로,494,1,1174010100102490003018920,,서울특별시 강동구 구천면로 494-1,134827,05271,,1,,127.153234823938,37.5490130980417
MA010120220804112880,썬바이크,,G2,소매,G213,오락용품 소매,G21305,자전거 소매업,G47632,자전거 및 기타 운송장비 소매업,11,서울특별시,11740,강동구,11740610,천호2동,1174010900,천호동,1174010900102910002,1,대지,291,2,서울특별시 강동구 천호동 291-2,117403124003,서울특별시 강동구 상암로,82,,1174010900102910002008949,,서울특별시 강동구 상암로 82,134867,05319,,1,,127.131992372974,37.5480746862792
MA010120220804109841,쿡커스텀1,,G2,소매,G213,오락용품 소매,G21305,자전거 소매업,G47632,자전거 및 기타 운송장비 소매업,41,경기도,41450,하남시,41450590,춘궁동,4145011900,하사창동,4145011900104020002,1,대지,402,2,경기도 하남시 하사창동 402-2,414503202010,경기도 하남시 고골로,162,,4145011900104020002000001,,경기도 하남시 고골로 162,465060,13020,,,,127.196703411211,37.5111877704493
MA010120220804094159,삼천리자전거둔촌.길동,대리점,G2,소매,G213,오락용품 소매,G21305,자전거 소매업,G47632,자전거 및 기타 운송장비 소매업,11,서울특별시,11740,강동구,11740685,길동,1174010500,길동,1174010500102520113,1,대지,252,113,서울특별시 강동구 길동 252-113,117403124002,서울특별시 강동구 명일로,196,,1174010500102520113002292,,서울특별시 강동구 명일로 196,134815,05349,,,,127.145820395725,37.5362553335293
MA010120220804097203,자전거중고세상,,G2,소매,G213,오락용품 소매,G21305,자전거 소매업,G47632,자전거 및 기타 운송장비 소매업,11,서울특별시,11740,강동구,11740640,성내1동,1174010800,성내동,1174010800104210026,1,대지,421,26,서울특별시 강동구 성내동 421-26,117403124007,서울특별시 강동구 성안로,55,,1174010800104210026007262,,서울특별시 강동구 성안로 55,134884,05396,,1,,127.13084937443,37.5286143659683
MA010120220804119389,유신자전차,,G2,소매,G213,오락용품 소매,G21305,자전거 소매업,G47632,자전거 및 기타 운송장비 소매업,11,서울특별시,11740,강동구,11740570,암사1동,1174010700,암사동,1174010700104950014,1,대지,495,14,서울특별시 강동구 암사동 495-14,117403124003,서울특별시 강동구 상암로,59,,1174010700104950014016759,,서울특별시 강동구 상암로 59,134859,05262,,,,127.130014011252,37.5492121387407
MA010120220804149907,하늘바이크,,G2,소매,G213,오락용품 소매,G21305,자전거 소매업,G47632,자전거 및 기타 운송장비 소매업,52,전북특별자치도,52140,익산시,52140610,모현동,5214011400,모현동1가,5214011400107140001,1,대지,714,1,전북특별자치도 익산시 모현동1가 714-1,521403269014,전북특별자치도 익산시 배산로,73,,4514011400107140001084926,,전북특별자치도 익산시 배산로 73,570969,54658,,,,126.938299913423,35.944543126432
MA010120220804170937,파랑테크,,G2,소매,G213,오락용품 소매,G21305,자전거 소매업,G47632,자전거 및 기타 운송장비 소매업,11,서울특별시,11650,서초구,11650660,내곡동,1165011100,신원동,1165011100104850002,1,대지,485,2,서울특별시 서초구 신원동 485-2,116503000031,서울특별시 서초구 청계산로,120,,1165011100104850002001236,,서울특별시 서초구 청계산로 120,137180,06799,,,,127.051028381791,37.453567852645
MA010120220804183746,고스트휠,,G2,소매,G213,오락용품 소매,G21305,자전거 소매업,G47632,자전거 및 기타 운송장비 소매업,11,서울특별시,11650,서초구,11650651,양재1동,1165010300,우면동,1165010300100130010,1,대지,13,10,서울특별시 서초구 우면동 13-10,116504163218,서울특별시 서초구 바우뫼로6길,66,,1165010300100130010008603,,서울특별시 서초구 바우뫼로6길 66,137888,06763,,1,,127.028339631768,37.4684061296495
MA010120220804226754,트렉바이시클,코리아,G2,소매,G213,오락용품 소매,G21305,자전거 소매업,G47632,자전거 및 기타 운송장비 소매업,11,서울특별시,11680,강남구,11680610,대치2동,1168010600,대치동,1168010600110090000,1,대지,1009,,서울특별시 강남구 대치동 1009,116802122002,서울특별시 강남구 영동대로,312,,1168010600110090000000001,렉서스빌딩,서울특별시 강남구 영동대로 312,135851,06177,,5,,127.067437425703,37.5023222537277
MA010120220804203741,블루바이크,,G2,소매,G213,오락용품 소매,G21305,자전거 소매업,G47632,자전거 및 기타 운송장비 소매업,41,경기도,41670,여주시,41670520,중앙동,4167010700,하동,4167010700100760001,1,대지,76,1,경기도 여주시 하동 76-1,416703214042,경기도 여주시 여흥로,18,3,4167010700100760001000001,,경기도 여주시 여흥로 18-3,469107,12624,,1,,127.626467077099,37.2990980137012
MA010120220800420605,삼화상회,,G2,소매,G213,오락용품 소매,G21305,자전거 소매업,G47632,자전거 및 기타 운송장비 소매업,11,서울특별시,11590,동작구,11590520,노량진2동,1159010100,노량진동,1159010100102310119,1,대지,231,119,서울특별시 동작구 노량진동 231-119,115903119008,서울특별시 동작구 장승배기로,133,,1159010100102310119030467,,서울특별시 동작구 장승배기로 133,156803,06935,,,,126.939919192154,37.5094892148482
MA010120220800418146,정MTB,,G2,소매,G213,오락용품 소매,G21305,자전거 소매업,G47632,자전거 및 기타 운송장비 소매업,11,서울특별시,11560,영등포구,11560630,신길1동,1156013200,신길동,1156013200101590003,1,대지,159,3,서울특별시 영등포구 신길동 159-3,115603118006,서울특별시 영등포구 도신로,216,,1156013200101590003017615,,서울특별시 영등포구 도신로 216,150840,07348,,,,126.915113297151,37.5114381824477
MA010120220800438792,자전거나라,,G2,소매,G213,오락용품 소매,G21305,자전거 소매업,G47632,자전거 및 기타 운송장비 소매업,11,서울특별시,11560,영등포구,11560700,대림1동,1156013300,대림동,1156013300107560006,1,대지,756,6,서울특별시 영등포구 대림동 756-6,115603116010,서울특별시 영등포구 도림로,196,,1156013300107560006004654,,서울특별시 영등포구 도림로 196,150905,07423,,1,,126.902623343017,37.4963006690241
MA010120220800444089,도림자전거,,G2,소매,G213,오락용품 소매,G21305,자전거 소매업,G47632,자전거 및 기타 운송장비 소매업,11,서울특별시,11560,영등포구,11560585,도림동,1156011800,도림동,1156011800100800012,1,대지,80,12,서울특별시 영등포구 도림동 80-12,115604154316,서울특별시 영등포구 도신로29가길,8,,1156011800100800012026780,,서울특별시 영등포구 도신로29가길 8,150829,07368,,,,126.905954477901,37.5091787348321
MA010120220800424430,삼천리자전거,신길점,G2,소매,G213,오락용품 소매,G21305,자전거 소매업,G47632,자전거 및 기타 운송장비 소매업,11,서울특별시,11560,영등포구,11560650,신길3동,1156013200,신길동,1156013200102960036,1,대지,296,36,서울특별시 영등포구 신길동 296-36,115603118006,서울특별시 영등포구 도신로,110,,1156013200102960036013466,,서울특별시 영등포구 도신로 110,150847,07383,,1,,126.904304963874,37.5077718430016
MA010120220800416720,저글링샵,,G2,소매,G213,오락용품 소매,G21305,자전거 소매업,G47632,자전거 및 기타 운송장비 소매업,41,경기도,41173,안양시 동안구,41173559,인덕원동,4117310200,관양동,4117310200109110000,1,대지,911,,경기도 안양시 동안구 관양동 911,411732000018,경기도 안양시 동안구 흥안대로,457,27,4117310200109110002006722,에이스하이테크시티,경기도 안양시 동안구 흥안대로 457-27,431804,14058,,,,126.973585403818,37.3946493594833
MA010120220800443918,흑석동자전거포,,G2,소매,G213,오락용품 소매,G21305,자전거 소매업,G47632,자전거 및 기타 운송장비 소매업,11,서울특별시,11590,동작구,11590605,흑석동,1159010500,흑석동,1159010500101770001,1,대지,177,1,서울특별시 동작구 흑석동 177-1,115904157647,서울특별시 동작구 흑석로13길,9,,1159010500101770001016791,,서울특별시 동작구 흑석로13길 9,156860,06910,,1,,126.960617414051,37.5091014871328
MA010120220800436037,광천자전차,,G2,소매,G213,오락용품 소매,G21305,자전거 소매업,G47632,자전거 및 기타 운송장비 소매업,11,서울특별시,11560,영등포구,11560585,도림동,1156011800,도림동,1156011800102080001,1,대지,208,1,서울특별시 영등포구 도림동 208-1,115603118007,서울특별시 영등포구 도영로,45,,1156011800102080001025273,,서울특별시 영등포구 도영로 45,150832,07373,,,,126.89771956217,37.5099017048826
MA010120220800456161,에덴바이크,,G2,소매,G213,오락용품 소매,G21305,자전거 소매업,G47632,자전거 및 기타 운송장비 소매업,41,경기도,41370,오산시,41370530,남촌동,4137010500,청학동,4137010500100080008,1,대지,8,8,경기도 오산시 청학동 8-8,413703198045,경기도 오산시 청학로,56,,4137010500100080008005511,,경기도 오산시 청학로 56,447130,18119,,,,127.064391282059,37.1539488542274
MA010120220800478543,은하코렉스,,G2,소매,G213,오락용품 소매,G21305,자전거 소매업,G47632,자전거 및 기타 운송장비 소매업,11,서울특별시,11500,강서구,11500590,화곡본동,1150010300,화곡동,1150010300109710004,1,대지,971,4,서울특별시 강서구 화곡동 971-4,115003115003,서울특별시 강서구 까치산로,101,,1150010300100290256018387,두산빌딩,서울특별시 강서구 까치산로 101,157914,07673,,1,,126.848578995542,37.5474296815947
MA010120220800470968,신플러스,,G2,소매,G213,오락용품 소매,G21305,자전거 소매업,G47632,자전거 및 기타 운송장비 소매업,41,경기도,41360,남양주시,41360250,와부읍,4136025023,와부읍,4136025023100820015,1,대지,82,15,경기도 남양주시 와부읍 팔당리 82-15,413603197015,경기도 남양주시 와부읍 다산로,42,,4136025023100820015021352,,경기도 남양주시 와부읍 다산로 42,472908,12277,,,,127.254035158353,37.540676228713
MA010120220800496134,코렉스자전거,,G2,소매,G213,오락용품 소매,G21305,자전거 소매업,G47632,자전거 및 기타 운송장비 소매업,11,서울특별시,11500,강서구,11500510,염창동,1150010100,염창동,1150010100102650023,1,대지,265,23,서울특별시 강서구 염창동 265-23,115003115008,서울특별시 강서구 양천로,674,,1150010100102650023028171,中동,서울특별시 강서구 양천로 674,157863,07554,,1,,126.871148037925,37.5512676876249
MA010120220800478774,삼천리자전거,마곡점,G2,소매,G213,오락용품 소매,G21305,자전거 소매업,G47632,자전거 및 기타 운송장비 소매업,11,서울특별시,11500,강서구,11500603,가양1동,1150010500,마곡동,1150010500107930002,1,대지,793,2,서울특별시 강서구 마곡동 793-2,115003115001,서울특별시 강서구 강서로,415,,1150010500107930002000001,갤럭시인텔리젼스,서울특별시 강서구 강서로 415,157805,07794,,,,126.839086072876,37.5626169425917
MA010120220800453961,삼천리자전거프리미엄,,G2,소매,G213,오락용품 소매,G21305,자전거 소매업,G47632,자전거 및 기타 운송장비 소매업,41,경기도,41450,하남시,41450530,신장2동,4145010600,신장동,4145010600105280005,1,대지,528,5,경기도 하남시 신장동 528-5,414503202012,경기도 하남시 대청로,50,1,4145010600105280005005040,백송한신아파트,경기도 하남시 대청로 50-1,465707,12953,,1,,127.217973218284,37.5404059209078
MA010120220800495150,첼로스포츠，레스포화곡,대리점,G2,소매,G213,오락용품 소매,G21305,자전거 소매업,G47632,자전거 및 기타 운송장비 소매업,11,서울특별시,11500,강서구,11500570,화곡4동,1150010300,화곡동,1150010300108210013,1,대지,821,13,서울특별시 강서구 화곡동 821-13,115004145150,서울특별시 강서구 곰달래로49가길,17,,1150010300108210013000001,,서울특별시 강서구 곰달래로49가길 17,157900,07738,,,,126.857758206,37.5345477981578
MA010120220800482285,한강사이클,,G2,소매,G213,오락용품 소매,G21305,자전거 소매업,G47632,자전거 및 기타 운송장비 소매업,11,서울특별시,11500,강서구,11500535,등촌3동,1150010200,등촌동,1150010200106960000,1,대지,696,,서울특별시 강서구 등촌동 696,115004145183,서울특별시 강서구 공항대로41길,51,,1150010200106960000025433,세신그린코아빌딩,서울특별시 강서구 공항대로41길 51,157930,07586,,,,126.845780155886,37.5602382373137
MA010120220800470424,라파레이싱리미티드,한국지점,G2,소매,G213,오락용품 소매,G21305,자전거 소매업,G47632,자전거 및 기타 운송장비 소매업,11,서울특별시,11680,강남구,11680510,신사동,1168010700,신사동,1168010700105340006,1,대지,534,6,서울특별시 강남구 신사동 534-6,116804166506,서울특별시 강남구 압구정로10길,35,1,1168010700105340006012024,제,서울특별시 강남구 압구정로10길 35-1,135889,06028,,1,,127.022364181876,37.5213325564804
MA010120220800461206,신성상회,,G2,소매,G213,오락용품 소매,G21305,자전거 소매업,G47632,자전거 및 기타 운송장비 소매업,11,서울특별시,11590,동작구,11590640,사당3동,1159010700,사당동,1159010700103240014,1,대지,324,14,서울특별시 동작구 사당동 324-14,115903119004,서울특별시 동작구 사당로,253,3,1159010700103240014009241,남성빌딩,서울특별시 동작구 사당로 253-3,156820,07005,,,,126.975871928406,37.4836701701167
MA010120220800507742,이제이상사,,G2,소매,G213,오락용품 소매,G21305,자전거 소매업,G47632,자전거 및 기타 운송장비 소매업,11,서울특별시,11530,구로구,11530780,오류2동,1153010800,오류동,1153010800101700000,1,대지,170,,서울특별시 구로구 오류동 170,115303116009,서울특별시 구로구 오류로,62,,1153010800101700000002345,,서울특별시 구로구 오류로 62,152897,08343,,2,,126.840462839334,37.4901602961347
MA010120220800525618,삼천리자전거,,G2,소매,G213,오락용품 소매,G21305,자전거 소매업,G47632,자전거 및 기타 운송장비 소매업,11,서울특별시,11500,강서구,11500630,방화1동,1150010900,방화동,1150010900105670003,1,대지,567,3,서울특별시 강서구 방화동 567-3,115003115008,서울특별시 강서구 양천로,63,1,1150010900105670003000002,,서울특별시 강서구 양천로 63-1,157847,07516,,,,126.810875988905,37.5733960673032
MA010120220800528767,레포츠캠프,,G2,소매,G213,오락용품 소매,G21305,자전거 소매업,G47632,자전거 및 기타 운송장비 소매업,11,서울특별시,11500,강서구,11500510,염창동,1150010100,염창동,1150010100102420017,1,대지,242,17,서울특별시 강서구 염창동 242-17,115003115008,서울특별시 강서구 양천로,615,,1150010100102420017029489,,서울특별시 강서구 양천로 615,157861,07545,,2,,126.866501821502,37.5548394855916
MA010120220800502351,태영스포츠,,G2,소매,G213,오락용품 소매,G21305,자전거 소매업,G47632,자전거 및 기타 운송장비 소매업,11,서울특별시,11500,강서구,11500630,방화1동,1150010900,방화동,1150010900102720027,1,대지,272,27,서울특별시 강서구 방화동 272-27,115002115001,서울특별시 강서구 방화대로,346,,1150010900102720027004818,,서울특별시 강서구 방화대로 346,157847,07592,,,,126.816981720174,37.5716667728628
MA010120220800520603,삼천리자전거,,G2,소매,G213,오락용품 소매,G21305,자전거 소매업,G47632,자전거 및 기타 운송장비 소매업,41,경기도,41196,부천시 오정구,41196560,오정동,4119610100,오정동,4119610100105720000,1,대지,572,,경기도 부천시 오정구 오정동 572,411964358328,경기도 부천시 오정구 오정로232번길,50,,4119910100105720000009794,오정종합시장,경기도 부천시 오정구 오정로232번길 50,421815,14437,,1,,126.786568457153,37.5269713065851
MA010120220800520645,봉천삼천리자전거,,G2,소매,G213,오락용품 소매,G21305,자전거 소매업,G47632,자전거 및 기타 운송장비 소매업,11,서울특별시,11620,관악구,11620605,은천동,1162010100,봉천동,1162010100109580020,1,대지,958,20,서울특별시 관악구 봉천동 958-20,116203005083,서울특별시 관악구 봉천로,326,,1162010100109580020039451,,서울특별시 관악구 봉천로 326,151843,08756,,,,126.93656909375,37.4853765328055
MA010120220800582887,바이크플러스,강북점,G2,소매,G213,오락용품 소매,G21305,자전거 소매업,G47632,자전거 및 기타 운송장비 소매업,11,서울특별시,11380,은평구,11380580,응암1동,1138010700,응암동,1138010700100890003,1,대지,89,3,서울특별시 은평구 응암동 89-3,113803100020,서울특별시 은평구 진흥로,52,1,1138010700100890003022598,,서울특별시 은평구 진흥로 52-1,122907,03461,,1,,126.920854323176,37.6015869444087
MA010120220800585927,태영스포츠,,G2,소매,G213,오락용품 소매,G21305,자전거 소매업,G47632,자전거 및 기타 운송장비 소매업,11,서울특별시,11380,은평구,11380510,녹번동,1138010200,녹번동,1138010200101620028,1,대지,162,28,서울특별시 은평구 녹번동 162-28,113803100020,서울특별시 은평구 진흥로,76,,1138010200101620028042689,,서울특별시 은평구 진흥로 76,122834,03458,,1,,126.921780916824,37.6034976614135
MA010120220800592484,삼천리자전거,홍제점,G2,소매,G213,오락용품 소매,G21305,자전거 소매업,G47632,자전거 및 기타 운송장비 소매업,11,서울특별시,11410,서대문구,11410640,홍제3동,1141011100,홍제동,1141011100102660258,1,대지,266,258,서울특별시 서대문구 홍제동 266-258,114103005005,서울특별시 서대문구 세검정로,39,,1141011100102660258000001,내제,서울특별시 서대문구 세검정로 39,120857,03623,,1,,126.94557086315,37.592149533454
MA010120220800595882,알톤자전거,,G2,소매,G213,오락용품 소매,G21305,자전거 소매업,G47632,자전거 및 기타 운송장비 소매업,11,서울특별시,11410,서대문구,11410720,북가좌2동,1141011900,북가좌동,1141011900103000013,1,대지,300,13,서울특별시 서대문구 북가좌동 300-13,114103005055,서울특별시 서대문구 응암로,74,,1141011900103000013001568,,서울특별시 서대문구 응암로 74,120813,03683,,,,126.911277602523,37.5794337503436
MA010120220800574130,삼천리자전거,,G2,소매,G213,오락용품 소매,G21305,자전거 소매업,G47632,자전거 및 기타 운송장비 소매업,11,서울특별시,11380,은평구,11380552,갈현2동,1138010400,갈현동,1138010400104650016,1,대지,465,16,서울특별시 은평구 갈현동 465-16,113803000007,서울특별시 은평구 서오릉로,152,,1138010400104650016045841,,서울특별시 은평구 서오릉로 152,122813,03336,,1,,126.916301504124,37.6120893414503
MA010120220800599617,롤바이크,,G2,소매,G213,오락용품 소매,G21305,자전거 소매업,G47632,자전거 및 기타 운송장비 소매업,11,서울특별시,11305,강북구,11305555,송천동,1130510100,미아동,1130510100104510002,1,대지,451,2,서울특별시 강북구 미아동 451-2,113054124068,서울특별시 강북구 도봉로13나길,14,,1130510100104510002024727,,서울특별시 강북구 도봉로13나길 14,142805,01206,,1,,127.027002271601,37.6156658288174
MA010120220800574348,마이바이크,,G2,소매,G213,오락용품 소매,G21305,자전거 소매업,G47632,자전거 및 기타 운송장비 소매업,11,서울특별시,11380,은평구,11380580,응암1동,1138010700,응암동,1138010700100930003,1,대지,93,3,서울특별시 은평구 응암동 93-3,113803111007,서울특별시 은평구 은평로,178,,1138010700100930003024542,,서울특별시 은평구 은평로 178,122906,03471,,2,,126.927502035257,37.6012398288608
MA010120220800587502,캡틴바이크,,G2,소매,G213,오락용품 소매,G21305,자전거 소매업,G47632,자전거 및 기타 운송장비 소매업,11,서울특별시,11410,서대문구,11410615,연희동,1141011700,연희동,1141011700104460285,1,대지,446,285,서울특별시 서대문구 연희동 446-285,114103005060,서울특별시 서대문구 성산로,253,4,1141011700104460285032893,금송빌딩,서울특별시 서대문구 성산로 253-4,120832,03706,,1,,126.918569602527,37.5678432048672
MA010120220800578479,유승MTB,,G2,소매,G213,오락용품 소매,G21305,자전거 소매업,G47632,자전거 및 기타 운송장비 소매업,11,서울특별시,11410,서대문구,11410615,연희동,1141011700,연희동,1141011700102200013,1,대지,220,13,서울특별시 서대문구 연희동 220-13,114103005060,서울특별시 서대문구 성산로,320,,1141011700102200013021279,,서울특별시 서대문구 성산로 320,120828,03716,,,,126.925759110411,37.5660189236131
MA010120220800597851,대광자전거,,G2,소매,G213,오락용품 소매,G21305,자전거 소매업,G47632,자전거 및 기타 운송장비 소매업,11,서울특별시,11410,서대문구,11410720,북가좌2동,1141011900,북가좌동,1141011900103340001,1,대지,334,1,서울특별시 서대문구 북가좌동 334-1,114103005055,서울특별시 서대문구 응암로,139,,1141011900103340001000549,,서울특별시 서대문구 응암로 139,120815,03676,,1,,126.914577226529,37.5847700645697
MA010120220800591707,두바퀴상사,,G2,소매,G213,오락용품 소매,G21305,자전거 소매업,G47632,자전거 및 기타 운송장비 소매업,41,경기도,41465,용인시 수지구,41465510,풍덕천1동,4146510100,풍덕천동,4146510100107280000,1,대지,728,,경기도 용인시 수지구 풍덕천동 728,414654415163,경기도 용인시 수지구 풍덕천로148번길,5,2,4146510100107280000025552,,경기도 용인시 수지구 풍덕천로148번길 5-2,448554,16835,,,,127.098202928698,37.3238178181903
MA010120220802117671,빈스포츠,,G2,소매,G213,오락용품 소매,G21305,자전거 소매업,G47632,자전거 및 기타 운송장비 소매업,28,인천광역시,28185,연수구,28185762,연수2동,2818510300,연수동,2818510300106310004,1,대지,631,4,인천광역시 연수구 연수동 631-4,281854256124,인천광역시 연수구 샘말로8번길,12,,2818510300106310004031915,,인천광역시 연수구 샘말로8번길 12,406818,21929,,2,,126.678356797577,37.4115414254145
MA010120220802166889,바이크숍,,G2,소매,G213,오락용품 소매,G21305,자전거 소매업,G47632,자전거 및 기타 운송장비 소매업,41,경기도,41360,남양주시,41360265,퇴계원읍,4136026521,퇴계원읍,4136026521102140008,1,대지,214,8,경기도 남양주시 퇴계원읍 퇴계원리 214-8,413603197070,경기도 남양주시 퇴계원읍 경춘북로,547,,4136037021102140008006085,,경기도 남양주시 퇴계원읍 경춘북로 547,472821,12126,,,,127.144429549523,37.6480069926676
MA010120220802167793,부흥자전차,,G2,소매,G213,오락용품 소매,G21305,자전거 소매업,G47632,자전거 및 기타 운송장비 소매업,41,경기도,41310,구리시,41310541,교문1동,4131010400,교문동,4131010400102410002,1,대지,241,2,경기도 구리시 교문동 241-2,413103000120,경기도 구리시 경춘로,169,,4131010400102410002003356,,경기도 구리시 경춘로 169,471854,11923,,,,127.134169227268,37.6008614769396
MA010120220802139672,배곧자전거,,G2,소매,G213,오락용품 소매,G21305,자전거 소매업,G47632,자전거 및 기타 운송장비 소매업,41,경기도,41390,시흥시,41390596,배곧1동,4139013500,배곧동,4139013500100750000,1,대지,75,,경기도 시흥시 배곧동 75,413903350763,경기도 시흥시 배곧4로,95,,4139013200117720021000023,지음프라자,경기도 시흥시 배곧4로 95,,15010,,,,126.73398397578,37.3742422962051
MA010120220802170324,삼천리자전거,,G2,소매,G213,오락용품 소매,G21305,자전거 소매업,G47632,자전거 및 기타 운송장비 소매업,41,경기도,41360,남양주시,41360250,와부읍,4136025021,와부읍,4136025021104900024,1,대지,490,24,경기도 남양주시 와부읍 덕소리 490-24,413603197036,경기도 남양주시 와부읍 수레로,35,1,4136025021104900024017754,,경기도 남양주시 와부읍 수레로 35-1,472901,12206,,,,127.215948215204,37.5875947326257
MA010120220802170348,레인보우R.M.T.B스포츠,,G2,소매,G213,오락용품 소매,G21305,자전거 소매업,G47632,자전거 및 기타 운송장비 소매업,41,경기도,41360,남양주시,41360253,진접읍,4136025321,진접읍,4136025321106440008,1,대지,644,8,경기도 남양주시 진접읍 장현리 644-8,413603197045,경기도 남양주시 진접읍 장현로,65,,4136025321106440008024355,,경기도 남양주시 진접읍 장현로 65,472865,12014,,,,127.180255603496,37.7167563021781
MA010120220802145039,랠리바이크,,G2,소매,G213,오락용품 소매,G21305,자전거 소매업,G47632,자전거 및 기타 운송장비 소매업,41,경기도,41480,파주시,41480540,교하동,4148010900,다율동,4148010900108500000,1,대지,850,,경기도 파주시 다율동 850,414804418695,경기도 파주시 장자울길,4,27,4148010900108500000000001,,경기도 파주시 장자울길 4-27,413070,10865,,,,126.737967275026,37.7368386772501
MA010120220802173931,코렉스자전거,,G2,소매,G213,오락용품 소매,G21305,자전거 소매업,G47632,자전거 및 기타 운송장비 소매업,41,경기도,41310,구리시,41310542,교문2동,4131010400,교문동,4131010400107640014,1,대지,764,14,경기도 구리시 교문동 764-14,413103196010,경기도 구리시 이문안로,11,,4131010400107640014007368,,경기도 구리시 이문안로 11,471809,11936,,,,127.132534223726,37.5920426248636
MA010120220802116584,소래자전거점,,G2,소매,G213,오락용품 소매,G21305,자전거 소매업,G47632,자전거 및 기타 운송장비 소매업,28,인천광역시,28200,남동구,28200690,논현1동,2820011000,논현동,2820011000100680024,1,대지,68,24,인천광역시 남동구 논현동 68-24,282004259721,인천광역시 남동구 포구로72번길,27,,2820011000100680024012977,,인천광역시 남동구 포구로72번길 27,405847,21670,,,,126.73714955039,37.4053345795717
MA010120220802129940,자전거소굴,,G2,소매,G213,오락용품 소매,G21305,자전거 소매업,G47632,자전거 및 기타 운송장비 소매업,28,인천광역시,28177,미추홀구,28177670,주안6동,2817710500,주안동,2817710500115920002,1,대지,1592,2,인천광역시 미추홀구 주안동 1592-2,281773000028,인천광역시 미추홀구 경인로,482,,2817010600115920002138436,세일빌딩,인천광역시 미추홀구 경인로 482,402848,22145,,1,,126.693400736519,37.4590737702335
MA010120220802174115,레스포신구리,대리점,G2,소매,G213,오락용품 소매,G21305,자전거 소매업,G47632,자전거 및 기타 운송장비 소매업,41,경기도,41310,구리시,41310580,수택2동,4131010500,수택동,4131010500104490021,1,대지,449,21,경기도 구리시 수택동 449-21,413103196010,경기도 구리시 이문안로,87,,4131010500104490021007338,,경기도 구리시 이문안로 87,471816,11941,,,,127.141230387752,37.5921496688205
MA010120220802168054,동일바이크,,G2,소매,G213,오락용품 소매,G21305,자전거 소매업,G47632,자전거 및 기타 운송장비 소매업,41,경기도,41830,양평군,41830250,양평읍,4183025032,양평읍,4183025032106860001,1,대지,686,1,경기도 양평군 양평읍 창대리 686-1,418303217007,경기도 양평군 양평읍 남북로,8,,4183025032106860001000001,,경기도 양평군 양평읍 남북로 8,476804,12560,,,,127.501077242775,37.4832858400935
MA010120220802116938,아이엠티비,,G2,소매,G213,오락용품 소매,G21305,자전거 소매업,G47632,자전거 및 기타 운송장비 소매업,28,인천광역시,28200,남동구,28200690,논현1동,2820011000,논현동,2820011000106100005,1,대지,610,5,인천광역시 남동구 논현동 610-5,282004259211,인천광역시 남동구 논고개로136번길,5,11,2820011000200350000019631,,인천광역시 남동구 논고개로136번길 5-11,405825,21666,,1,,126.72453867022,37.4038912736159
MA010120220802176692,삼천리자전거가평,대리점,G2,소매,G213,오락용품 소매,G21305,자전거 소매업,G47632,자전거 및 기타 운송장비 소매업,41,경기도,41820,가평군,41820250,가평읍,4182025022,가평읍,4182025022102330001,1,대지,233,1,경기도 가평군 가평읍 대곡리 233-1,418204448204,경기도 가평군 가평읍 오리나무길,7,,4182025022102330001004336,,경기도 가평군 가평읍 오리나무길 7,477804,12420,,,,127.514568233654,37.8268589877567
MA010120220802179311,코렉스자전거,,G2,소매,G213,오락용품 소매,G21305,자전거 소매업,G47632,자전거 및 기타 운송장비 소매업,41,경기도,41360,남양주시,41360520,평내동,4136010200,평내동,4136010200101200001,1,대지,120,1,경기도 남양주시 평내동 120-1,413603000120,경기도 남양주시 경춘로,1326,,4136010200101200001004234,,경기도 남양주시 경춘로 1326,472936,12218,,,,127.239464855786,37.651312133522
MA010120220802196536,한솔바이크,,G2,소매,G213,오락용품 소매,G21305,자전거 소매업,G47632,자전거 및 기타 운송장비 소매업,41,경기도,41310,구리시,41310580,수택2동,4131010500,수택동,4131010500102790002,1,대지,279,2,경기도 구리시 수택동 279-2,413104388024,경기도 구리시 검배로94번길,6,,4131010500102790002006264,,경기도 구리시 검배로94번길 6,471813,11942,,,,127.148198803077,37.5945918208527
MA010120220802202573,바이크피아,,G2,소매,G213,오락용품 소매,G21305,자전거 소매업,G47632,자전거 및 기타 운송장비 소매업,41,경기도,41310,구리시,41310542,교문2동,4131010400,교문동,4131010400107980009,1,대지,798,9,경기도 구리시 교문동 798-9,413104388165,경기도 구리시 장자대로1번길,64,,4131010400107980009007637,,경기도 구리시 장자대로1번길 64,471810,11938,,,,127.131648296176,37.5904849009284
MA010120220802212686,bike.on,,G2,소매,G213,오락용품 소매,G21305,자전거 소매업,G47632,자전거 및 기타 운송장비 소매업,41,경기도,41820,가평군,41820325,청평면,4182032521,청평면,4182032521104230016,1,대지,423,16,경기도 가평군 청평면 청평리 423-16,418204448185,경기도 가평군 청평면 여울길,39,,4182032521104230016007920,,경기도 가평군 청평면 여울길 39,477815,12453,,,,127.4193713343,37.7363118439908
MA010120220802184341,오복상회,,G2,소매,G213,오락용품 소매,G21305,자전거 소매업,G47632,자전거 및 기타 운송장비 소매업,41,경기도,41360,남양주시,41360253,진접읍,4136025321,진접읍,4136025321106440001,1,대지,644,1,경기도 남양주시 진접읍 장현리 644-1,413603197045,경기도 남양주시 진접읍 장현로,65,1,4136025321106440001024924,선덕빌딩,경기도 남양주시 진접읍 장현로 65-1,472865,12014,,1,,127.180380603272,37.7168552178997
MA010120220802209713,장자바이크,,G2,소매,G213,오락용품 소매,G21305,자전거 소매업,G47632,자전거 및 기타 운송장비 소매업,41,경기도,41310,구리시,41310590,수택3동,4131010500,수택동,4131010500108730006,1,대지,873,6,경기도 구리시 수택동 873-6,413104388167,경기도 구리시 장자대로86번길,54,,4131010500108730006007975,,경기도 구리시 장자대로86번길 54,471033,11948,,,,127.138276243241,37.5866390969445
MA010120220802180209,대웅스포츠,,G2,소매,G213,오락용품 소매,G21305,자전거 소매업,G47632,자전거 및 기타 운송장비 소매업,41,경기도,41360,남양주시,41360545,다산1동,4136011200,다산동,4136011200140900003,1,대지,4090,3,경기도 남양주시 다산동 4090-3,413603000120,경기도 남양주시 경춘로,411,,4136011000100900003013209,,경기도 남양주시 경춘로 411,,12259,,,,127.159435667426,37.6071730142387
MA010120220802184497,삼천리자전거,,G2,소매,G213,오락용품 소매,G21305,자전거 소매업,G47632,자전거 및 기타 운송장비 소매업,41,경기도,41310,구리시,41310590,수택3동,4131010700,토평동,4131010700109640003,1,대지,964,3,경기도 구리시 토평동 964-3,413103196010,경기도 구리시 이문안로,128,,4131010700109640004007548,새롬9차,경기도 구리시 이문안로 128,471856,11946,,,,127.145576363555,37.591117258545
MA010120220802175588,수택자전거할인점,,G2,소매,G213,오락용품 소매,G21305,자전거 소매업,G47632,자전거 및 기타 운송장비 소매업,41,경기도,41310,구리시,41310570,수택1동,4131010500,수택동,4131010500105170005,1,대지,517,5,경기도 구리시 수택동 517-5,413103196006,경기도 구리시 수택천로,25,,4131010500105170005004256,,경기도 구리시 수택천로 25,471823,11929,,,,127.14597680513,37.5990364733461
MA010120220802177773,경일상회,,G2,소매,G213,오락용품 소매,G21305,자전거 소매업,G47632,자전거 및 기타 운송장비 소매업,41,경기도,41820,가평군,41820345,조종면,4182034521,조종면,4182034521102740008,1,대지,274,8,경기도 가평군 조종면 현리 274-8,418203216040,경기도 가평군 조종면 조종새싹로,11,,4182034021102740008016375,,경기도 가평군 조종면 조종새싹로 11,477834,12437,,1,,127.348428866092,37.8201519114049
MA010120220802175814,형제자전거,,G2,소매,G213,오락용품 소매,G21305,자전거 소매업,G47632,자전거 및 기타 운송장비 소매업,41,경기도,41820,가평군,41820250,가평읍,4182025021,가평읍,4182025021104430015,1,대지,443,15,경기도 가평군 가평읍 읍내리 443-15,418203000142,경기도 가평군 가평읍 가화로,138,1,4182025021104430015005500,,경기도 가평군 가평읍 가화로 138-1,477805,12412,,,,127.512603406443,37.831813752569
MA010120220802200967,삼천리자전거,호평점,G2,소매,G213,오락용품 소매,G21305,자전거 소매업,G47632,자전거 및 기타 운송장비 소매업,41,경기도,41360,남양주시,41360510,호평동,4136010100,호평동,4136010100106490002,1,대지,649,2,경기도 남양주시 호평동 649-2,413603197068,경기도 남양주시 호평로,64,2,4136010100106490002003525,,경기도 남양주시 호평로 64-2,472120,12150,,,,127.246970340079,37.6558826500208
MA010120220802214187,제일정공,,G2,소매,G213,오락용품 소매,G21305,자전거 소매업,G47632,자전거 및 기타 운송장비 소매업,41,경기도,41360,남양주시,41360253,진접읍,4136025326,진접읍,4136025326107650000,1,대지,765,,경기도 남양주시 진접읍 팔야리 765,413603197006,경기도 남양주시 진접읍 광릉내로,112,,4136025326107650000026573,,경기도 남양주시 진접읍 광릉내로 112,472868,12019,,,,127.206288767242,37.7467158997194
MA010120220802178574,삼천리자전거청평점,,G2,소매,G213,오락용품 소매,G21305,자전거 소매업,G47632,자전거 및 기타 운송장비 소매업,41,경기도,41820,가평군,41820325,청평면,4182032521,청평면,4182032521104130014,1,대지,413,14,경기도 가평군 청평면 청평리 413-14,418203216036,경기도 가평군 청평면 잠곡로,15,,4182032521104130014007890,,경기도 가평군 청평면 잠곡로 15,477815,12452,,,,127.420408065707,37.7370829798813
MA010120220802231728,킹바이크,,G2,소매,G213,오락용품 소매,G21305,자전거 소매업,G47632,자전거 및 기타 운송장비 소매업,41,경기도,41360,남양주시,41360265,퇴계원읍,4136026521,퇴계원읍,4136026521102260001,1,대지,226,1,경기도 남양주시 퇴계원읍 퇴계원리 226-1,413603197019,경기도 남양주시 퇴계원읍 도제원로,4,,4136037021102260001030036,,경기도 남양주시 퇴계원읍 도제원로 4,472821,12126,,,,127.145540969191,37.64849215742
MA010120220802234285,리바이크,,G2,소매,G213,오락용품 소매,G21305,자전거 소매업,G47632,자전거 및 기타 운송장비 소매업,41,경기도,41360,남양주시,41360256,화도읍,4136025621,화도읍,4136025621102970010,1,대지,297,10,경기도 남양주시 화도읍 마석우리 297-10,413603197021,경기도 남양주시 화도읍 마석로,39,,4136025621102970010000001,,경기도 남양주시 화도읍 마석로 39,472845,12176,,1,,127.306052250627,37.6544467500213
MA010120220802237637,3K스포츠,,G2,소매,G213,오락용품 소매,G21305,자전거 소매업,G47632,자전거 및 기타 운송장비 소매업,41,경기도,41360,남양주시,41360545,다산1동,4136011200,다산동,4136011200143060001,1,대지,4306,1,경기도 남양주시 다산동 4306-1,413603197074,경기도 남양주시 미금로,51,,4136011000103060001013495,가운데,경기도 남양주시 미금로 51,,12253,,1,,127.151795802418,37.6094445698528
MA010120220802241449,3000리자전거점,,G2,소매,G213,오락용품 소매,G21305,자전거 소매업,G47632,자전거 및 기타 운송장비 소매업,43,충청북도,43150,제천시,43150528,중앙동,4315010800,명동,4315010800102090010,1,대지,209,10,충청북도 제천시 명동 209-10,431502239002,충청북도 제천시 의림대로,75,1,4315010800102090003028304,,충청북도 제천시 의림대로 75-1,390050,27185,,,,128.20867356176,37.134810523556
MA010120220802227204,별바이크,,G2,소매,G213,오락용품 소매,G21305,자전거 소매업,G47632,자전거 및 기타 운송장비 소매업,41,경기도,41360,남양주시,41360545,다산1동,4136011200,다산동,4136011200160780014,1,대지,6078,14,경기도 남양주시 다산동 6078-14,413603351591,경기도 남양주시 다산순환로,118,108,4136011200160780014000001,다산진건,경기도 남양주시 다산순환로 118-108,,12248,,1,,127.148013282668,37.6209730075164
MA010120220802227588,별내자전거총판,,G2,소매,G213,오락용품 소매,G21305,자전거 소매업,G47632,자전거 및 기타 운송장비 소매업,41,경기도,41360,남양주시,41360570,별내동,4136011100,별내동,4136011100110780004,1,대지,1078,4,경기도 남양주시 별내동 1078-4,413604841511,경기도 남양주시 별내5로5번길,47,1,4136011100110780004000001,,경기도 남양주시 별내5로5번길 47-1,472501,12102,,1,,127.114816724795,37.6527786986093
MA010120220802235863,자전거리,,G2,소매,G213,오락용품 소매,G21305,자전거 소매업,G47632,자전거 및 기타 운송장비 소매업,41,경기도,41360,남양주시,41360256,화도읍,4136025628,화도읍,4136025628105470001,1,대지,547,1,경기도 남양주시 화도읍 창현리 547-1,413603197054,경기도 남양주시 화도읍 창현로,29,,4136025628105470001000360,,경기도 남양주시 화도읍 창현로 29,472848,12183,,,,127.305811519166,37.6482486341561
MA010120220802227734,별내엠티비,,G2,소매,G213,오락용품 소매,G21305,자전거 소매업,G47632,자전거 및 기타 운송장비 소매업,41,경기도,41360,남양주시,41360570,별내동,4136011100,별내동,4136011100110230004,1,대지,1023,4,경기도 남양주시 별내동 1023-4,413603197089,경기도 남양주시 별내3로,78,,4136011100200250018000001,,경기도 남양주시 별내3로 78,472501,12112,,1,,127.122128416139,37.6473834794611
MA010120220802230799,광성바이크,,G2,소매,G213,오락용품 소매,G21305,자전거 소매업,G47632,자전거 및 기타 운송장비 소매업,11,서울특별시,11710,송파구,11710562,방이2동,1171011100,방이동,1171011100101140002,1,대지,114,2,서울특별시 송파구 방이동 114-2,117103123014,서울특별시 송파구 오금로,173,1,1171011100101140002016613,송파직영점신흥빌딩,서울특별시 송파구 오금로 173-1,138830,05641,,1,,127.113941085267,37.5096207312518
MA010120220802247195,스페셜라이즈드유,코리아,G2,소매,G213,오락용품 소매,G21305,자전거 소매업,G47632,자전거 및 기타 운송장비 소매업,11,서울특별시,11170,용산구,11170685,한남동,1117013100,한남동,1117013100107140000,1,대지,714,,서울특별시 용산구 한남동 714,111702102003,서울특별시 용산구 한남대로,98,,1117013100107140000000001,,서울특별시 용산구 한남대로 98,140894,04418,,,,127.005521511299,37.5371651437786
MA010120220802219521,현스포츠,,G2,소매,G213,오락용품 소매,G21305,자전거 소매업,G47632,자전거 및 기타 운송장비 소매업,41,경기도,41360,남양주시,41360265,퇴계원읍,4136026521,퇴계원읍,4136026521102500044,1,대지,250,44,경기도 남양주시 퇴계원읍 퇴계원리 250-44,413604391271,경기도 남양주시 퇴계원읍 도제원로41번길,3,,4136037021102500044006478,,경기도 남양주시 퇴계원읍 도제원로41번길 3,472824,12123,,1,,127.14444800043,37.651682978528
MA010120220802228145,엠티비텐,,G2,소매,G213,오락용품 소매,G21305,자전거 소매업,G47632,자전거 및 기타 운송장비 소매업,41,경기도,41360,남양주시,41360510,호평동,4136010100,호평동,4136010100106290011,1,대지,629,11,경기도 남양주시 호평동 629-11,413603197068,경기도 남양주시 호평로,18,7,4136010100106290011000001,상가,경기도 남양주시 호평로 18-7,472120,12149,,1,,127.242107339845,37.6554692702913
MA010120220802225442,바이크루,,G2,소매,G213,오락용품 소매,G21305,자전거 소매업,G47632,자전거 및 기타 운송장비 소매업,41,경기도,41830,양평군,41830250,양평읍,4183025021,양평읍,4183025021101000011,1,대지,100,11,경기도 양평군 양평읍 양근리 100-11,418303217009,경기도 양평군 양평읍 마유산로,30,,4183025021101000011018153,,경기도 양평군 양평읍 마유산로 30,476802,12553,,,,127.487864032046,37.496054237715
MA010120220802270334,광명자전거총판,,G2,소매,G213,오락용품 소매,G21305,자전거 소매업,G47632,자전거 및 기타 운송장비 소매업,41,경기도,41210,광명시,41210580,광명7동,4121010100,광명동,4121010100102930017,1,대지,293,17,경기도 광명시 광명동 293-17,412104361032,경기도 광명시 광명로848번길,2,,4121010100102930017007125,우측두칸전체,경기도 광명시 광명로848번길 2,423813,14273,,1,,126.852592052881,37.4747778253189
MA010120220802273703,아라레포츠,,G2,소매,G213,오락용품 소매,G21305,자전거 소매업,G47632,자전거 및 기타 운송장비 소매업,41,경기도,41390,시흥시,41390510,대야동,4139010100,대야동,4139010100104530002,1,대지,453,2,경기도 시흥시 대야동 453-2,413904397271,경기도 시흥시 복지로91번길,7,,4139010100104530002003460,,경기도 시흥시 복지로91번길 7,429809,14905,,,,126.790614204372,37.4474917550778
MA010120220802295873,사동건강자전거,,G2,소매,G213,오락용품 소매,G21305,자전거 소매업,G47632,자전거 및 기타 운송장비 소매업,41,경기도,41271,안산시 상록구,41271532,사이동,4127110300,사동,4127110300113920012,1,대지,1392,12,경기도 안산시 상록구 사동 1392-12,412713190070,경기도 안산시 상록구 초당로,41,,4127110300113920012041733,,경기도 안산시 상록구 초당로 41,426824,15624,,,,126.852151119158,37.2849946560578
MA010120220802310885,삼천리,대리점,G2,소매,G213,오락용품 소매,G21305,자전거 소매업,G47632,자전거 및 기타 운송장비 소매업,41,경기도,41390,시흥시,41390592,정왕2동,4139013200,정왕동,4139013200118730002,1,대지,1873,2,경기도 시흥시 정왕동 1873-2,413903199041,경기도 시흥시 옥구천동로,422,,4139013200118730002017853,영남2차,경기도 시흥시 옥구천동로 422,429780,15027,,,,126.731602580566,37.3581716590766
MA010120220802315507,삼미,,G2,소매,G213,오락용품 소매,G21305,자전거 소매업,G47632,자전거 및 기타 운송장비 소매업,41,경기도,41273,안산시 단원구,41273555,백운동,4127310800,원곡동,4127310800108370000,1,대지,837,,경기도 안산시 단원구 원곡동 837,412733190080,경기도 안산시 단원구 화랑로,92,,4127310800108370000005572,복원연립,경기도 안산시 단원구 화랑로 92,425849,15390,,,,126.799490352858,37.3269504171689
MA010120220802284770,미니모터스,성남점,G2,소매,G213,오락용품 소매,G21305,자전거 소매업,G47632,자전거 및 기타 운송장비 소매업,41,경기도,41135,성남시 분당구,41135545,정자동,4113510300,정자동,4113510300101410015,1,대지,141,15,경기도 성남시 분당구 정자동 141-15,411354340198,경기도 성남시 분당구 불정로71번길,3,,4113510300101410015011461,,경기도 성남시 분당구 불정로71번길 3,463834,13612,,1,,127.112326729321,37.3604321144294
MA010120220802274644,서동자전거,,G2,소매,G213,오락용품 소매,G21305,자전거 소매업,G47632,자전거 및 기타 운송장비 소매업,31,울산광역시,31110,중구,31110630,병영2동,3111011400,서동,3111011400100450015,1,대지,45,15,울산광역시 중구 서동 45-15,311103169027,울산광역시 중구 북부순환도로,877,,3111011400100450015023387,,울산광역시 중구 북부순환도로 877,681290,44481,,,,129.345956960153,35.5808884385943
MA010120220802296843,이동재MOUNTAINBIKE,,G2,소매,G213,오락용품 소매,G21305,자전거 소매업,G47632,자전거 및 기타 운송장비 소매업,41,경기도,41271,안산시 상록구,41271525,사동,4127110300,사동,4127110300115400004,1,대지,1540,4,경기도 안산시 상록구 사동 1540-4,412713190040,경기도 안산시 상록구 석호로,86,,4127110300115400004010258,,경기도 안산시 상록구 석호로 86,426894,15504,,,,126.847049919743,37.3037477581955
MA010120220802308957,코렉스할인유통,,G2,소매,G213,오락용품 소매,G21305,자전거 소매업,G47632,자전거 및 기타 운송장비 소매업,41,경기도,41390,시흥시,41390591,정왕1동,4139013200,정왕동,4139013200115690001,1,대지,1569,1,경기도 시흥시 정왕동 1569-1,413904397553,경기도 시흥시 정왕천로375번길,31,,4139013200115690001014915,,경기도 시흥시 정왕천로375번길 31,429856,15058,,,,126.746620605357,37.3431035759691
MA010120220802292680,그린MTB,,G2,소매,G213,오락용품 소매,G21305,자전거 소매업,G47632,자전거 및 기타 운송장비 소매업,41,경기도,41271,안산시 상록구,41271550,본오2동,4127110400,본오동,4127110400108230005,1,대지,823,5,경기도 안산시 상록구 본오동 823-5,412713190040,경기도 안산시 상록구 석호로,325,,4127110400108230005032977,,경기도 안산시 상록구 석호로 325,426811,15550,,,,126.866863281186,37.2936260376831
MA010120220802311984,삼천리자전거,,G2,소매,G213,오락용품 소매,G21305,자전거 소매업,G47632,자전거 및 기타 운송장비 소매업,41,경기도,41273,안산시 단원구,41273570,초지동,4127310700,초지동,4127310700107350003,1,대지,735,3,경기도 안산시 단원구 초지동 735-3,412733191080,경기도 안산시 단원구 초지로,94,,4127310700107350003021313,,경기도 안산시 단원구 초지로 94,425855,15448,,,,126.815154165615,37.3072703364905
MA010120220802277935,수스포츠,,G2,소매,G213,오락용품 소매,G21305,자전거 소매업,G47632,자전거 및 기타 운송장비 소매업,43,충청북도,43770,음성군,43770340,대소면,4377034022,대소면,4377034022103640003,1,대지,364,3,충청북도 음성군 대소면 태생리 364-3,437704541136,충청북도 음성군 대소면 대성로77번길,45,,4377034022103640003000001,,충청북도 음성군 대소면 대성로77번길 45,369824,27660,,,,127.487323626051,36.9782302511573
MA010120220802300371,인덕자전거,,G2,소매,G213,오락용품 소매,G21305,자전거 소매업,G47632,자전거 및 기타 운송장비 소매업,41,경기도,41271,안산시 상록구,41271580,월피동,4127110900,월피동,4127110900104450000,1,대지,445,,경기도 안산시 상록구 월피동 445,412713190056,경기도 안산시 상록구 예술광장로,1,,4127110900104450000013638,다농마트,경기도 안산시 상록구 예술광장로 1,426853,15288,,,,126.844246948044,37.3283603333454
MA010120220802312480,산들스포츠,,G2,소매,G213,오락용품 소매,G21305,자전거 소매업,G47632,자전거 및 기타 운송장비 소매업,41,경기도,41271,안산시 상록구,41271515,이동,4127110200,이동,4127110200107180000,1,대지,718,,경기도 안산시 상록구 이동 718,412714370465,경기도 안산시 상록구 중보1길,36,,4127110200107180000001416,미래타워,경기도 안산시 상록구 중보1길 36,426863,15495,,1,,126.850923778452,37.3069333549062
MA010120220802276017,삼천리자전거철산MTB,,G2,소매,G213,오락용품 소매,G21305,자전거 소매업,G47632,자전거 및 기타 운송장비 소매업,41,경기도,41210,광명시,41210610,철산3동,4121010200,철산동,4121010200104490002,1,대지,449,2,경기도 광명시 철산동 449-2,412103187055,경기도 광명시 철산로,62,,4121010200104490002000386,주공12단지,경기도 광명시 철산로 62,423838,14238,,1,,126.873061650591,37.4771622328054
MA010120220802293415,삼천리자전거,,G2,소매,G213,오락용품 소매,G21305,자전거 소매업,G47632,자전거 및 기타 운송장비 소매업,41,경기도,41273,안산시 단원구,41273535,호수동,4127310100,고잔동,4127310100107750004,1,대지,775,4,경기도 안산시 단원구 고잔동 775-4,412733191004,경기도 안산시 단원구 광덕동로,39,,4127310100107750003011842,,경기도 안산시 단원구 광덕동로 39,425906,15477,,1,,126.832084016762,37.307926292627
MA010120220803912448,문화자전거,,G2,소매,G213,오락용품 소매,G21305,자전거 소매업,G47632,자전거 및 기타 운송장비 소매업,11,서울특별시,11290,성북구,11290725,월곡2동,1129013700,상월곡동,1129013700100250038,1,대지,25,38,서울특별시 성북구 상월곡동 25-38,112903005046,서울특별시 성북구 화랑로,166,,1129013700100250038015170,오른쪽,서울특별시 성북구 화랑로 166,136865,02791,,1,,127.049207402865,37.6064865902431
MA010120220803886921,찬스스포츠,,G2,소매,G213,오락용품 소매,G21305,자전거 소매업,G47632,자전거 및 기타 운송장비 소매업,41,경기도,41173,안양시 동안구,41173590,호계2동,4117310400,호계동,4117310400108980000,1,대지,898,,경기도 안양시 동안구 호계동 898,411733182024,경기도 안양시 동안구 전파로,88,,4117310400108980000006893,신원비젼타워,경기도 안양시 동안구 전파로 88,431836,14042,,,,126.942567234806,37.3893854011256
MA010120220803881875,퀸싸이클,,G2,소매,G213,오락용품 소매,G21305,자전거 소매업,G47632,자전거 및 기타 운송장비 소매업,11,서울특별시,11440,마포구,11440740,상암동,1144012700,상암동,1144012700115330000,1,대지,1533,,서울특별시 마포구 상암동 1533,114404139537,서울특별시 마포구 월드컵북로42가길,6,,1144012700115330000018885,,서울특별시 마포구 월드컵북로42가길 6,121835,03930,,,,126.897822903945,37.57509810028
MA010120220803885297,씨앤피,,G2,소매,G213,오락용품 소매,G21305,자전거 소매업,G47632,자전거 및 기타 운송장비 소매업,41,경기도,41630,양주시,41630330,광적면,4163033021,광적면,4163033021104280000,1,대지,428,,경기도 양주시 광적면 가납리 428,416303206116,경기도 양주시 광적면 부흥로,847,,4163033021104280000000001,,경기도 양주시 광적면 부흥로 847,482841,11416,,,,126.988165877639,37.8168375804015
MA010120220803890385,성덕상회,,G2,소매,G213,오락용품 소매,G21305,자전거 소매업,G47632,자전거 및 기타 운송장비 소매업,11,서울특별시,11290,성북구,11290555,삼선동,1129011400,삼선동4가,1129011400103460000,1,대지,346,,서울특별시 성북구 삼선동4가 346,112903005003,서울특별시 성북구 보문로,195,,1129011400103460000046036,,서울특별시 성북구 보문로 195,136044,02861,,,,127.013802393767,37.5910080061493
MA010120220803893145,화산자전거,,G2,소매,G213,오락용품 소매,G21305,자전거 소매업,G47632,자전거 및 기타 운송장비 소매업,11,서울특별시,11350,노원구,11350560,월계1동,1135010200,월계동,1135010200108680005,1,대지,868,5,서울특별시 노원구 월계동 868-5,113503107018,서울특별시 노원구 월계로,264,,1135010200108680005018519,,서울특별시 노원구 월계로 264,139847,01884,,,,127.051371999757,37.6251451358464
MA010120220803896849,자전거할인매장,,G2,소매,G213,오락용품 소매,G21305,자전거 소매업,G47632,자전거 및 기타 운송장비 소매업,11,서울특별시,11290,성북구,11290810,석관동,1129013900,석관동,1129013900102480003,1,대지,248,3,서울특별시 성북구 석관동 248-3,112903107002,서울특별시 성북구 돌곶이로,67,,1129013900102480003000683,,서울특별시 성북구 돌곶이로 67,136818,02787,,,,127.058009471766,37.6096991243877
MA010120220803893706,삼천리자전거종암,대리점,G2,소매,G213,오락용품 소매,G21305,자전거 소매업,G47632,자전거 및 기타 운송장비 소매업,11,서울특별시,11290,성북구,11290705,종암동,1129013500,종암동,1129013500100170002,1,대지,17,2,서울특별시 성북구 종암동 17-2,112903005036,서울특별시 성북구 종암로,77,,1129013500100170002022596,,서울특별시 성북구 종암로 77,136858,02810,,,,127.034978759164,37.5971664134237
MA010120220803910206,YBBIKE성북구자전거가게,,G2,소매,G213,오락용품 소매,G21305,자전거 소매업,G47632,자전거 및 기타 운송장비 소매업,11,서울특별시,11290,성북구,11290810,석관동,1129013900,석관동,1129013900101830024,1,대지,183,24,서울특별시 성북구 석관동 183-24,112903005038,서울특별시 성북구 한천로,558,,1129013900101830023003975,,서울특별시 성북구 한천로 558,136818,02782,,1,,127.064012072251,37.6097681003043
MA010120220803911368,철수네자전거,,G2,소매,G213,오락용품 소매,G21305,자전거 소매업,G47632,자전거 및 기타 운송장비 소매업,11,서울특별시,11290,성북구,11290810,석관동,1129013900,석관동,1129013900101680005,1,대지,168,5,서울특별시 성북구 석관동 168-5,112903005046,서울특별시 성북구 화랑로,300,,1129013900101680005002957,,서울특별시 성북구 화랑로 300,136817,02781,,1,,127.061829119262,37.6132470814481
MA010120220803939455,민MTB나라,,G2,소매,G213,오락용품 소매,G21305,자전거 소매업,G47632,자전거 및 기타 운송장비 소매업,41,경기도,41150,의정부시,41150567,신곡1동,4115010400,신곡동,4115010400107210001,1,대지,721,1,경기도 의정부시 신곡동 721-1,411503181014,경기도 의정부시 발곡로,34,,4115010400107210001002331,,경기도 의정부시 발곡로 34,480834,11730,,,,127.058614361308,37.7308896378624
MA010120220803957283,이엠티비,,G2,소매,G213,오락용품 소매,G21305,자전거 소매업,G47632,자전거 및 기타 운송장비 소매업,11,서울특별시,11350,노원구,11350595,공릉1동,1135010300,공릉동,1135010300106530005,1,대지,653,5,서울특별시 노원구 공릉동 653-5,113503005046,서울특별시 노원구 화랑로,465,,1135010300106530005016951,엘네스트빌,서울특별시 노원구 화랑로 465,139808,01803,,,,127.078915132327,37.6191834143114
MA010120220803926833,미니모터스,김포점,G2,소매,G213,오락용품 소매,G21305,자전거 소매업,G47632,자전거 및 기타 운송장비 소매업,41,경기도,41570,김포시,41570515,김포본동,4157010100,북변동,4157010100107430000,1,대지,743,,경기도 김포시 북변동 743,415704427258,경기도 김포시 북변1로16번길,19,12,4157010100107430000022703,,경기도 김포시 북변1로16번길 19-12,415833,10101,,1,,126.704002670709,37.6279475149033
MA010120220803945746,엠티비플러스,,G2,소매,G213,오락용품 소매,G21305,자전거 소매업,G47632,자전거 및 기타 운송장비 소매업,11,서울특별시,11320,도봉구,11320522,도봉2동,1132010800,도봉동,1132010800106310018,1,대지,631,18,서울특별시 도봉구 도봉동 631-18,113203109006,서울특별시 도봉구 마들로,734,,1132010800106310018009791,도봉동1,서울특별시 도봉구 마들로 734,132822,01323,,2,,127.047892581735,37.6753493751895
MA010120220803951391,진흥스포츠,,G2,소매,G213,오락용품 소매,G21305,자전거 소매업,G47632,자전거 및 기타 운송장비 소매업,11,서울특별시,11305,강북구,11305545,송중동,1130510100,미아동,1130510100100980039,1,대지,98,39,서울특별시 강북구 미아동 98-39,113053005039,서울특별시 강북구 도봉로,88,,1130510100100980039019443,,서울특별시 강북구 도봉로 88,142806,01165,,,,127.030378082963,37.6169624312353
MA010120220803924112,성창상회,,G2,소매,G213,오락용품 소매,G21305,자전거 소매업,G47632,자전거 및 기타 운송장비 소매업,11,서울특별시,11290,성북구,11290810,석관동,1129013900,석관동,1129013900103010020,1,대지,301,20,서울특별시 성북구 석관동 301-20,112903107002,서울특별시 성북구 돌곶이로,44,1,1129013900103010020004559,,서울특별시 성북구 돌곶이로 44-1,136815,02785,,,,127.06006946017,37.6081303723822
MA010120220803938444,한국스포츠,,G2,소매,G213,오락용품 소매,G21305,자전거 소매업,G47632,자전거 및 기타 운송장비 소매업,11,서울특별시,11305,강북구,11305625,수유2동,1130510300,수유동,1130510300106800018,1,대지,680,18,서울특별시 강북구 수유동 680-18,113053005047,서울특별시 강북구 노해로,111,,1130510300106800018000077,,서울특별시 강북구 노해로 111,142888,01049,,,,127.023772339665,37.6452909480516
MA010120220803946807,보문삼천리,대리점,G2,소매,G213,오락용품 소매,G21305,자전거 소매업,G47632,자전거 및 기타 운송장비 소매업,11,서울특별시,11290,성북구,11290610,보문동,1129013100,보문동2가,1129013100101280000,1,대지,128,,서울특별시 성북구 보문동2가 128,112903005003,서울특별시 성북구 보문로,105,,1129013100101280000037512,,서울특별시 성북구 보문로 105,136082,02872,,1,,127.019586588522,37.5844659811073
MA010120220803936446,자전거종합할인매장대경,,G2,소매,G213,오락용품 소매,G21305,자전거 소매업,G47632,자전거 및 기타 운송장비 소매업,11,서울특별시,11320,도봉구,11320521,도봉1동,1132010800,도봉동,1132010800106010051,1,대지,601,51,서울특별시 도봉구 도봉동 601-51,113203005039,서울특별시 도봉구 도봉로,791,,1132010800106010051012406,,서울특별시 도봉구 도봉로 791,132819,01308,,,,127.044219665023,37.6749994275259
MA010120220803925343,스마트자전거,,G2,소매,G213,오락용품 소매,G21305,자전거 소매업,G47632,자전거 및 기타 운송장비 소매업,41,경기도,41133,성남시 중원구,41133540,금광2동,4113310300,금광동,4113310300146070000,1,대지,4607,,경기도 성남시 중원구 금광동 4607,411332179002,경기도 성남시 중원구 산성대로,422,1,4113310300146070000060660,일부,경기도 성남시 중원구 산성대로 422-1,462805,13170,,1,,127.159315036309,37.4494439617388
MA010120220803941901,이알바이크,,G2,소매,G213,오락용품 소매,G21305,자전거 소매업,G47632,자전거 및 기타 운송장비 소매업,28,인천광역시,28245,계양구,28245614,계산4동,2824510200,계산동,2824510200110590001,1,대지,1059,1,인천광역시 계양구 계산동 1059-1,282453154050,인천광역시 계양구 장제로,822,,2824510200110590001194597,롯데마트,인천광역시 계양구 장제로 822,407813,21060,,5,,126.736006987474,37.5408435965742
MA010120220803936774,UTL,,G2,소매,G213,오락용품 소매,G21305,자전거 소매업,G47632,자전거 및 기타 운송장비 소매업,11,서울특별시,11305,강북구,11305635,수유3동,1130510300,수유동,1130510300106840003,1,대지,684,3,서울특별시 강북구 수유동 684-3,113053005047,서울특별시 강북구 노해로,116,,1130510300106840003007716,,서울특별시 강북구 노해로 116,142878,01051,,,,127.024542912597,37.6454980165506
MA010120220803980024,캐빈스포츠,,G2,소매,G213,오락용품 소매,G21305,자전거 소매업,G47632,자전거 및 기타 운송장비 소매업,11,서울특별시,11305,강북구,11305615,수유1동,1130510300,수유동,1130510300100950005,1,대지,95,5,서울특별시 강북구 수유동 95-5,113053005039,서울특별시 강북구 도봉로,285,,1130510300100950005011434,,서울특별시 강북구 도봉로 285,142873,01113,,,,127.023122939948,37.6338846101945
MA010120220803989050,영광자전차,,G2,소매,G213,오락용품 소매,G21305,자전거 소매업,G47632,자전거 및 기타 운송장비 소매업,11,서울특별시,11320,도봉구,11320521,도봉1동,1132010800,도봉동,1132010800105630017,1,대지,563,17,서울특별시 도봉구 도봉동 563-17,113203005039,서울특별시 도봉구 도봉로,863,,1132010800105630017011528,도봉동,서울특별시 도봉구 도봉로 863,132814,01304,,1,,127.045334553596,37.6815941688478
MA010120220803971265,솔로몬메디컬,,G2,소매,G213,오락용품 소매,G21305,자전거 소매업,G47632,자전거 및 기타 운송장비 소매업,11,서울특별시,11320,도봉구,11320512,창2동,1132010700,창동,1132010700105850104,1,대지,585,104,서울특별시 도봉구 창동 585-104,113203109008,서울특별시 도봉구 우이천로,220,,1132010700105850104017296,,서울특별시 도봉구 우이천로 220,132918,01467,,1,,127.03460171616,37.6387921717175
MA010120220803971854,삼천리자전거신흥자전거,,G2,소매,G213,오락용품 소매,G21305,자전거 소매업,G47632,자전거 및 기타 운송장비 소매업,11,서울특별시,11305,강북구,11305555,송천동,1130510100,미아동,1130510100103220001,1,대지,322,1,서울특별시 강북구 미아동 322-1,113053005039,서울특별시 강북구 도봉로,143,,1130510100103220001021879,,서울특별시 강북구 도봉로 143,142815,01176,,1,,127.027684046959,37.6215671419277
MA010120220803974729,바이크스토리,,G2,소매,G213,오락용품 소매,G21305,자전거 소매업,G47632,자전거 및 기타 운송장비 소매업,11,서울특별시,11305,강북구,11305645,우이동,1130510300,수유동,1130510300103190001,1,대지,319,1,서울특별시 강북구 수유동 319-1,113053005041,서울특별시 강북구 삼양로,483,,1130510300103190001004153,,서울특별시 강북구 삼양로 483,142893,01029,,1,,127.01494572792,37.6462924884667
MA010120220803978640,리바이크,,G2,소매,G213,오락용품 소매,G21305,자전거 소매업,G47632,자전거 및 기타 운송장비 소매업,11,서울특별시,11305,강북구,11305635,수유3동,1130510300,수유동,1130510300101820046,1,대지,182,46,서울특별시 강북구 수유동 182-46,113053005038,서울특별시 강북구 한천로,1076,,1130510300101820046006856,,서울특별시 강북구 한천로 1076,142876,01053,,1,,127.02366947198,37.642488908216
MA010120220804012990,삼천리자전거,,G2,소매,G213,오락용품 소매,G21305,자전거 소매업,G47632,자전거 및 기타 운송장비 소매업,11,서울특별시,11740,강동구,11740610,천호2동,1174010900,천호동,1174010900103320028,1,대지,332,28,서울특별시 강동구 천호동 332-28,117403123023,서울특별시 강동구 올림픽로,707,,1174010900103320028011356,,서울특별시 강동구 올림픽로 707,134868,05245,,,,127.125275869343,37.5444960291153
MA010120220803969820,삼천리자전거휘경점,,G2,소매,G213,오락용품 소매,G21305,자전거 소매업,G47632,자전거 및 기타 운송장비 소매업,11,서울특별시,11230,동대문구,11230730,휘경2동,1123010900,휘경동,1123010900100340049,1,대지,34,49,서울특별시 동대문구 휘경동 34-49,112303005032,서울특별시 동대문구 망우로,118,,1123010900100340049006493,,서울특별시 동대문구 망우로 118,130874,02501,,1,,127.066317190341,37.5910442425907
MA010120220803979305,빨간자전거,,G2,소매,G213,오락용품 소매,G21305,자전거 소매업,G47632,자전거 및 기타 운송장비 소매업,11,서울특별시,11305,강북구,11305555,송천동,1130510100,미아동,1130510100106370011,1,대지,637,11,서울특별시 강북구 미아동 637-11,113053005041,서울특별시 강북구 삼양로,118,1,1130510100106370011000001,,서울특별시 강북구 삼양로 118-1,142817,01208,,1,,127.022358085008,37.6145315545959
MA010120220803993960,강북총판,,G2,소매,G213,오락용품 소매,G21305,자전거 소매업,G47632,자전거 및 기타 운송장비 소매업,11,서울특별시,11320,도봉구,11320690,방학1동,1132010600,방학동,1132010600107240000,1,대지,724,,서울특별시 도봉구 방학동 724,113203005048,서울특별시 도봉구 방학로,49,,1132010600107240000003718,,서울특별시 도봉구 방학로 49,132854,01407,,,,127.046886938546,37.6624477427542
MA010120220803996579,자전거세상,송천점,G2,소매,G213,오락용품 소매,G21305,자전거 소매업,G47632,자전거 및 기타 운송장비 소매업,52,전북특별자치도,52113,전주시 덕진구,52113641,송천1동,5211312100,송천동1가,5211312100101280011,1,대지,128,11,전북특별자치도 전주시 덕진구 송천동1가 128-11,521134601252,전북특별자치도 전주시 덕진구 솔내7길,40,9,4511312100101280011034186,송천마을,전북특별자치도 전주시 덕진구 솔내7길 40-9,561816,54836,,,,127.125691685444,35.8587754882431
MA010120220803994149,유한사,,G2,소매,G213,오락용품 소매,G21305,자전거 소매업,G47632,자전거 및 기타 운송장비 소매업,11,서울특별시,11320,도봉구,11320670,쌍문2동,1132010500,쌍문동,1132010500100560000,1,대지,56,,서울특별시 도봉구 쌍문동 56,113203109003,서울특별시 도봉구 해등로,189,,1132010500100560000006730,삼익세라믹아파트,서울특별시 도봉구 해등로 189,132773,01431,,1,,127.035471807952,37.6577486039484
MA010120220803982546,라이드,,G2,소매,G213,오락용품 소매,G21305,자전거 소매업,G47632,자전거 및 기타 운송장비 소매업,11,서울특별시,11320,도봉구,11320522,도봉2동,1132010800,도봉동,1132010800106230144,1,대지,623,144,서울특별시 도봉구 도봉동 623-144,113204127154,서울특별시 도봉구 도봉로154길,29,,1132010800106230144009605,상가전체,서울특별시 도봉구 도봉로154길 29,132821,01328,,1,,127.045713702419,37.6713408809359
MA010120220803985351,영광자전거,,G2,소매,G213,오락용품 소매,G21305,자전거 소매업,G47632,자전거 및 기타 운송장비 소매업,11,서울특별시,11305,강북구,11305635,수유3동,1130510300,수유동,1130510300101890035,1,대지,189,35,서울특별시 강북구 수유동 189-35,113053005038,서울특별시 강북구 한천로,1057,,1130510300101890035035293,,서울특별시 강북구 한천로 1057,142878,01070,,,,127.024926690793,37.6410831136093
MA010120220803988789,웨이바이크,,G2,소매,G213,오락용품 소매,G21305,자전거 소매업,G47632,자전거 및 기타 운송장비 소매업,28,인천광역시,28260,서구,28260536,청라1동,2826012200,청라동,2826012200101210003,1,대지,121,3,인천광역시 서구 청라동 121-3,282604268935,인천광역시 서구 청라에메랄드로163번길,4,,2826010600107670003000001,,인천광역시 서구 청라에메랄드로163번길 4,,22734,,1,,126.65605892522,37.5398989868133
MA010120220803977248,달리는자전거,,G2,소매,G213,오락용품 소매,G21305,자전거 소매업,G47632,자전거 및 기타 운송장비 소매업,11,서울특별시,11305,강북구,11305660,인수동,1130510300,수유동,1130510300100470066,1,대지,47,66,서울특별시 강북구 수유동 47-66,113053108003,서울특별시 강북구 수유로,46,,1130510300100470066002555,,서울특별시 강북구 수유로 46,142891,01081,,1,,127.019599857716,37.6350475193828
MA010120220804051754,정사이클,,G2,소매,G213,오락용품 소매,G21305,자전거 소매업,G47632,자전거 및 기타 운송장비 소매업,11,서울특별시,11650,서초구,11650540,잠원동,1165010600,잠원동,1165010600100490030,1,대지,49,30,서울특별시 서초구 잠원동 49-30,116503121019,서울특별시 서초구 잠원로,207,,1165010600100490030000001,,서울특별시 서초구 잠원로 207,137906,06514,,2,,127.014411526555,37.5203336813324
MA010120220800198700,삼천리자전거망원월드점,,G2,소매,G213,오락용품 소매,G21305,자전거 소매업,G47632,자전거 및 기타 운송장비 소매업,11,서울특별시,11440,마포구,11440700,망원2동,1144012300,망원동,1144012300104360012,1,대지,436,12,서울특별시 마포구 망원동 436-12,114403113008,서울특별시 마포구 방울내로,53,,1144012300104360012022589,,서울특별시 마포구 방울내로 53,121824,03960,,1,,126.901567721921,37.5595681200346
MA010120220800231503,청양자전거,,G2,소매,G213,오락용품 소매,G21305,자전거 소매업,G47632,자전거 및 기타 운송장비 소매업,11,서울특별시,11440,마포구,11440710,연남동,1144012400,연남동,1144012400102260034,1,대지,226,34,서울특별시 마포구 연남동 226-34,114403112019,서울특별시 마포구 연희로,47,,1144012400102260034019513,,서울특별시 마포구 연희로 47,121865,03981,,,,126.927742881307,37.5629567677511
MA010120220800199402,더캡틴,,G2,소매,G213,오락용품 소매,G21305,자전거 소매업,G47632,자전거 및 기타 운송장비 소매업,11,서울특별시,11440,마포구,11440720,성산1동,1144012500,성산동,1144012500102600011,1,대지,260,11,서울특별시 마포구 성산동 260-11,114403113018,서울특별시 마포구 월드컵로,136,,1144012500102600011017778,성진빌딩,서울특별시 마포구 월드컵로 136,121848,03970,,1,,126.906648545576,37.5603200737703
MA010120220800223413,은행자전거,,G2,소매,G213,오락용품 소매,G21305,자전거 소매업,G47632,자전거 및 기타 운송장비 소매업,41,경기도,41390,시흥시,41390510,대야동,4139010100,대야동,4139010100105810007,1,대지,581,7,경기도 시흥시 대야동 581-7,413903199071,경기도 시흥시 은행로,174,,4139010100105810007004953,,경기도 시흥시 은행로 174,429874,14915,,1,,126.798257055101,37.4462436301941
MA010120220800233738,양평자전거점,,G2,소매,G213,오락용품 소매,G21305,자전거 소매업,G47632,자전거 및 기타 운송장비 소매업,11,서울특별시,11560,영등포구,11560620,양평2동,1156012800,양평동4가,1156012800101730002,1,대지,173,2,서울특별시 영등포구 양평동4가 173-2,115604154611,서울특별시 영등포구 양평로20길,6,,1156012800101730002019306,,서울특별시 영등포구 양평로20길 6,150867,07206,,,,126.895724277636,37.5376237950467
MA010120220800226534,종합자전거판매점,,G2,소매,G213,오락용품 소매,G21305,자전거 소매업,G47632,자전거 및 기타 운송장비 소매업,11,서울특별시,11440,마포구,11440690,망원1동,1144012300,망원동,1144012300104560026,1,대지,456,26,서울특별시 마포구 망원동 456-26,114403113028,서울특별시 마포구 희우정로,99,,1144012300104560026014831,,서울특별시 마포구 희우정로 99,121889,04006,,1,,126.901801376074,37.5540091625125
MA010120220800199698,싱글트랙,,G2,소매,G213,오락용품 소매,G21305,자전거 소매업,G47632,자전거 및 기타 운송장비 소매업,11,서울특별시,11440,마포구,11440700,망원2동,1144012300,망원동,1144012300104200018,1,대지,420,18,서울특별시 마포구 망원동 420-18,114403113006,서울특별시 마포구 망원로,31,,1144012300104200018014397,,서울특별시 마포구 망원로 31,121823,03958,,1,,126.900405943301,37.5565848460477
MA010120220800231901,드림스포츠자전거,,G2,소매,G213,오락용품 소매,G21305,자전거 소매업,G47632,자전거 및 기타 운송장비 소매업,11,서울특별시,11440,마포구,11440730,성산2동,1144012600,중동,1144012600100810023,1,대지,81,23,서울특별시 마포구 중동 81-23,114404139337,서울특별시 마포구 성암로11길,14,,1144012600100810023018361,,서울특별시 마포구 성암로11길 14,121877,03933,,1,,126.902398242227,37.573615330937
MA010120220800236369,바이크잉,,G2,소매,G213,오락용품 소매,G21305,자전거 소매업,G47632,자전거 및 기타 운송장비 소매업,29,광주광역시,29155,남구,29155710,효덕동,2915511000,행암동,2915511000106990000,1,대지,699,,광주광역시 남구 행암동 699,291553161020,광주광역시 남구 효덕로,201,,2915511000106990000000001,에스에이치타워,광주광역시 남구 효덕로 201,503856,61743,,1,,126.899314200981,35.1020310551066
MA010120220800200780,강변MTB,,G2,소매,G213,오락용품 소매,G21305,자전거 소매업,G47632,자전거 및 기타 운송장비 소매업,11,서울특별시,11440,마포구,11440590,용강동,1144010500,용강동,1144010500101160003,1,대지,116,3,서울특별시 마포구 용강동 116-3,114403113023,서울특별시 마포구 토정로,278,,1144010500101160003003835,좌측,서울특별시 마포구 토정로 278,121875,04162,,1,,126.940481640122,37.5418354740677
MA010120220800211782,피에이치코퍼레이션,,G2,소매,G213,오락용품 소매,G21305,자전거 소매업,G47632,자전거 및 기타 운송장비 소매업,30,대전광역시,30230,대덕구,30230546,중리동,3023010900,중리동,3023010900104410001,1,대지,441,1,대전광역시 대덕구 중리동 441-1,302304304453,대전광역시 대덕구 중리서로3번길,24,,3023010900104410001014794,,대전광역시 대덕구 중리서로3번길 24,306826,34393,,,,127.420322340864,36.3598366002651
MA010120220800190922,폴바이크,,G2,소매,G213,오락용품 소매,G21305,자전거 소매업,G47632,자전거 및 기타 운송장비 소매업,11,서울특별시,11560,영등포구,11560560,당산2동,1156011600,당산동6가,1156011600103530007,1,대지,353,7,서울특별시 영등포구 당산동6가 353-7,115604154128,서울특별시 영등포구 당산로49길,28,,1156011600103530007027116,,서울특별시 영등포구 당산로49길 28,150810,07222,,1,,126.900409634363,37.5367989192246
MA010120220800198491,누리바이크,,G2,소매,G213,오락용품 소매,G21305,자전거 소매업,G47632,자전거 및 기타 운송장비 소매업,11,서울특별시,11500,강서구,11500630,방화1동,1150010900,방화동,1150010900106070116,1,대지,607,116,서울특별시 강서구 방화동 607-116,115004145367,서울특별시 강서구 방화동로12나길,2,,1150010900106070116004269,,서울특별시 강서구 방화동로12나길 2,157852,07616,,지,,126.814277804052,37.5664998525297
MA010120220800209220,알톤스포츠,,G2,소매,G213,오락용품 소매,G21305,자전거 소매업,G47632,자전거 및 기타 운송장비 소매업,11,서울특별시,11440,마포구,11440730,성산2동,1144012600,중동,1144012600103550002,1,대지,355,2,서울특별시 마포구 중동 355-2,114404139342,서울특별시 마포구 성암로3길,27,,1144012600103550002018455,,서울특별시 마포구 성암로3길 27,121879,03949,,1,,126.911155014065,37.5682703356828
MA010120220800280160,트윅스바이시클,,G2,소매,G213,오락용품 소매,G21305,자전거 소매업,G47632,자전거 및 기타 운송장비 소매업,11,서울특별시,11170,용산구,11170700,보광동,1117013600,보광동,1117013600102380020,1,대지,238,20,서울특별시 용산구 보광동 238-20,111703102003,서울특별시 용산구 보광로,68,,1117013600102380089001463,,서울특별시 용산구 보광로 68,140823,04414,,1,,126.997567604857,37.5298401096631
MA010120220800278141,리버바이크,,G2,소매,G213,오락용품 소매,G21305,자전거 소매업,G47632,자전거 및 기타 운송장비 소매업,11,서울특별시,11170,용산구,11170560,원효로1동,1117011300,원효로2가,1117011300100850003,1,대지,85,3,서울특별시 용산구 원효로2가 85-3,111703102007,서울특별시 용산구 원효로,172,,1117011300100850003019384,,서울특별시 용산구 원효로 172,140847,04367,,,,126.962017925796,37.5353031036687
MA010120220800251060,팔로주,코리아,G2,소매,G213,오락용품 소매,G21305,자전거 소매업,G47632,자전거 및 기타 운송장비 소매업,11,서울특별시,11410,서대문구,11410585,신촌동,1141011600,창천동,1141011600100620003,1,대지,62,3,서울특별시 서대문구 창천동 62-3,114104136241,서울특별시 서대문구 연세로5길,30,,1141011600100620006022779,,서울특별시 서대문구 연세로5길 30,120834,03789,,3,,126.935320502672,37.5565190347894
MA010120220800278678,서울자전거대여점,,G2,소매,G213,오락용품 소매,G21305,자전거 소매업,G47632,자전거 및 기타 운송장비 소매업,11,서울특별시,11170,용산구,11170650,이태원1동,1117013000,이태원동,1117013000100740012,1,대지,74,12,서울특별시 용산구 이태원동 74-12,111704106305,서울특별시 용산구 이태원로20길,19,,1117013000100740012009868,,서울특별시 용산구 이태원로20길 19,140863,04391,,,,126.992283837666,37.5335159678609
MA010120220800248804,자전거나라,,G2,소매,G213,오락용품 소매,G21305,자전거 소매업,G47632,자전거 및 기타 운송장비 소매업,11,서울특별시,11440,마포구,11440680,합정동,1144012200,합정동,1144012200104140001,1,대지,414,1,서울특별시 마포구 합정동 414-1,114403113014,서울특별시 마포구 양화로,50,,1144012200104140001013008,,서울특별시 마포구 양화로 50,121883,04046,,,,126.914504303291,37.5495230640843
MA010120220800320578,기흥인터내셔널,,G2,소매,G213,오락용품 소매,G21305,자전거 소매업,G47632,자전거 및 기타 운송장비 소매업,11,서울특별시,11680,강남구,11680610,대치2동,1168010600,대치동,1168010600110080002,1,대지,1008,2,서울특별시 강남구 대치동 1008-2,116802122002,서울특별시 강남구 영동대로,320,,1168010600110080006012596,국민제2빌딩,서울특별시 강남구 영동대로 320,135851,06177,,2,,127.066861518904,37.5032956670728
MA010120220800339766,삼광자전거,,G2,소매,G213,오락용품 소매,G21305,자전거 소매업,G47632,자전거 및 기타 운송장비 소매업,11,서울특별시,11560,영등포구,11560515,영등포본동,1156010100,영등포동,1156010100106020128,1,대지,602,128,서울특별시 영등포구 영등포동 602-128,115603118014,서울특별시 영등포구 신길로,231,,1156010100106020128037751,,서울특별시 영등포구 신길로 231,150898,07307,,,,126.910191523718,37.5127950589096
MA010120220800293426,알톤자전거서부산,직영점,G2,소매,G213,오락용품 소매,G21305,자전거 소매업,G47632,자전거 및 기타 운송장비 소매업,26,부산광역시,26530,사상구,26530580,삼락동,2653010100,삼락동,2653010100104190010,1,대지,419,10,부산광역시 사상구 삼락동 419-10,265302006002,부산광역시 사상구 낙동대로,1230,,2653010100104190010028123,,부산광역시 사상구 낙동대로 1230,617827,46912,,,,128.977131352818,35.1698864205208
MA010120220800288012,911자전거,,G2,소매,G213,오락용품 소매,G21305,자전거 소매업,G47632,자전거 및 기타 운송장비 소매업,11,서울특별시,11170,용산구,11170690,서빙고동,1117013300,서빙고동,1117013300102290001,1,대지,229,1,서울특별시 용산구 서빙고동 229-1,111704106002,서울특별시 용산구 녹사평대로11길,34,,1117013300102300000003678,,서울특별시 용산구 녹사평대로11길 34,140240,04384,,1,,126.993404951466,37.5218660813584
MA010120220800330194,바이크플러스,,G2,소매,G213,오락용품 소매,G21305,자전거 소매업,G47632,자전거 및 기타 운송장비 소매업,11,서울특별시,11560,영등포구,11560560,당산2동,1156011400,당산동4가,1156011400100310002,1,대지,31,2,서울특별시 영등포구 당산동4가 31-2,115603118004,서울특별시 영등포구 당산로,180,,1156011400100310002028442,내제,서울특별시 영등포구 당산로 180,150805,07216,,1,,126.899343512209,37.5302837807388
MA010120220800364085,컴팩트네트웍스,,G2,소매,G213,오락용품 소매,G21305,자전거 소매업,G47632,자전거 및 기타 운송장비 소매업,11,서울특별시,11650,서초구,11650510,서초1동,1165010800,서초동,1165010800114250001,1,대지,1425,1,서울특별시 서초구 서초동 1425-1,116502000003,서울특별시 서초구 남부순환로,2457,,1165010800114250015024279,,서울특별시 서초구 남부순환로 2457,137864,06725,,,,127.019130364439,37.4827520561675
MA010120220800380124,조이풀,,G2,소매,G213,오락용품 소매,G21305,자전거 소매업,G47632,자전거 및 기타 운송장비 소매업,11,서울특별시,11710,송파구,11710642,문정2동,1171010800,문정동,1171010800106450002,1,대지,645,2,서울특별시 송파구 문정동 645-2,117104853404,서울특별시 송파구 법원로9길,26,,1171010800103770001000001,에이치비지니스파크,서울특별시 송파구 법원로9길 26,138888,05836,,1,,127.116627130788,37.4840565660861
MA010120220800367310,대박자전거,,G2,소매,G213,오락용품 소매,G21305,자전거 소매업,G47632,자전거 및 기타 운송장비 소매업,11,서울특별시,11560,영등포구,11560535,영등포동,1156010800,영등포동7가,1156010800100290030,1,대지,29,30,서울특별시 영등포구 영등포동7가 29-30,115602005008,서울특별시 영등포구 국회대로,666,,1156010800100290030032191,,서울특별시 영등포구 국회대로 666,150030,07247,,,,126.907936905474,37.5250559730089
MA010120220800390137,탑바이크,,G2,소매,G213,오락용품 소매,G21305,자전거 소매업,G47632,자전거 및 기타 운송장비 소매업,11,서울특별시,11560,영등포구,11560610,양평1동,1156012500,양평동1가,1156012500101640004,1,대지,164,4,서울특별시 영등포구 양평동1가 164-4,115603118022,서울특별시 영등포구 영등포로,67,,1156012500101640004021771,,서울특별시 영등포구 영등포로 67,150863,07272,,1,,126.889082089013,37.5226791453222
MA010120220800365134,삼천리자전거대리점영등포,한강점,G2,소매,G213,오락용품 소매,G21305,자전거 소매업,G47632,자전거 및 기타 운송장비 소매업,11,서울특별시,11560,영등포구,11560535,영등포동,1156010900,영등포동8가,1156010900100290012,1,대지,29,12,서울특별시 영등포구 영등포동8가 29-12,115602005008,서울특별시 영등포구 국회대로,639,,1156010900100290012033570,,서울특별시 영등포구 국회대로 639,150030,07228,,,,126.905017262101,37.5258105026685
MA010120220800354914,바이크아카데미,,G2,소매,G213,오락용품 소매,G21305,자전거 소매업,G47632,자전거 및 기타 운송장비 소매업,41,경기도,41220,평택시,41220250,팽성읍,4122025031,팽성읍,4122025031101540001,1,대지,154,1,경기도 평택시 팽성읍 원정리 154-1,412204364840,경기도 평택시 팽성읍 팽성대교길,157,,4122025031101540001001953,,경기도 평택시 팽성읍 팽성대교길 157,451806,17973,,,,127.037185118034,36.9748363021982
MA010120220800355240,순풍자전거,,G2,소매,G213,오락용품 소매,G21305,자전거 소매업,G47632,자전거 및 기타 운송장비 소매업,41,경기도,41360,남양주시,41360253,진접읍,4136025321,진접읍,4136025321106580000,1,대지,658,,경기도 남양주시 진접읍 장현리 658,413603197045,경기도 남양주시 진접읍 장현로,11,,4136025321106580000025047,세종빌딩,경기도 남양주시 진접읍 장현로 11,472865,12015,,1,,127.178113730666,37.7127412216223
MA010120220801909090,천리길자전거,,G2,소매,G213,오락용품 소매,G21305,자전거 소매업,G47632,자전거 및 기타 운송장비 소매업,41,경기도,41135,성남시 분당구,41135640,야탑3동,4113510700,야탑동,4113510700102890004,1,대지,289,4,경기도 성남시 분당구 야탑동 289-4,411354340365,경기도 성남시 분당구 장미로122번길,6,,4113510700102890004028127,,경기도 성남시 분당구 장미로122번길 6,463856,13504,,,,127.134250914436,37.4127406675336
MA010120220801898124,지구한바퀴,,G2,소매,G213,오락용품 소매,G21305,자전거 소매업,G47632,자전거 및 기타 운송장비 소매업,41,경기도,41135,성남시 분당구,41135680,운중동,4113511500,운중동,4113511500100550001,1,대지,55,1,경기도 성남시 분당구 운중동 55-1,411353012012,경기도 성남시 분당구 하오개로,362,,4113511500100550001000001,,경기도 성남시 분당구 하오개로 362,463440,13455,,,,127.059523504161,37.391483750221
MA010120220801915943,팔당스포츠,,G2,소매,G213,오락용품 소매,G21305,자전거 소매업,G47632,자전거 및 기타 운송장비 소매업,41,경기도,41360,남양주시,41360250,와부읍,4136025023,와부읍,4136025023102460001,1,대지,246,1,경기도 남양주시 와부읍 팔당리 246-1,413603197060,경기도 남양주시 와부읍 팔당로,127,,4136025023102460001022451,,경기도 남양주시 와부읍 팔당로 127,472908,12277,,1,,127.245237715788,37.5458665512728
MA010120220801930045,싸이더스바이크,,G2,소매,G213,오락용품 소매,G21305,자전거 소매업,G47632,자전거 및 기타 운송장비 소매업,41,경기도,41135,성남시 분당구,41135520,수내1동,4113510200,수내동,4113510200100110001,1,대지,11,1,경기도 성남시 분당구 수내동 11-1,411353180053,경기도 성남시 분당구 황새울로,224,,4113510200100110002055981,청구블루빌,경기도 성남시 분당구 황새울로 224,463825,13595,,,,127.113291293509,37.3788301368717
MA010120220801903954,쿠샵,,G2,소매,G213,오락용품 소매,G21305,자전거 소매업,G47632,자전거 및 기타 운송장비 소매업,41,경기도,41135,성남시 분당구,41135545,정자동,4113510300,정자동,4113510300100350004,1,대지,35,4,경기도 성남시 분당구 정자동 35-4,411354340461,경기도 성남시 분당구 황새울로132번길,22,,4113510300100350004020055,,경기도 성남시 분당구 황새울로132번길 22,463848,13609,,1,,127.111916561388,37.3730738984262
MA010120220801936294,삼천리자전거,태평점,G2,소매,G213,오락용품 소매,G21305,자전거 소매업,G47632,자전거 및 기타 운송장비 소매업,41,경기도,41131,성남시 수정구,41131580,수진2동,4113110300,수진동,4113110300145380002,1,대지,4538,2,경기도 성남시 수정구 수진동 4538-2,411312000005,경기도 성남시 수정구 성남대로,1225,,4113110300145380002063242,,경기도 성남시 수정구 성남대로 1225,461807,13313,,1,,127.127450492652,37.4392020487644
MA010120220801932264,그린은성바이크,,G2,소매,G213,오락용품 소매,G21305,자전거 소매업,G47632,자전거 및 기타 운송장비 소매업,41,경기도,41360,남양주시,41360259,진건읍,4136025921,진건읍,4136025921106330048,1,대지,633,48,경기도 남양주시 진건읍 사능리 633-48,413603197050,경기도 남양주시 진건읍 진건오남로,20,4,4136025921106330048005659,,경기도 남양주시 진건읍 진건오남로 20-4,472831,12140,,1,,127.179669313572,37.6524004280231
MA010120220801900005,삼천리스카이,,G2,소매,G213,오락용품 소매,G21305,자전거 소매업,G47632,자전거 및 기타 운송장비 소매업,41,경기도,41111,수원시 장안구,41111600,연무동,4111113700,연무동,4111113700102600031,1,대지,260,31,경기도 수원시 장안구 연무동 260-31,411112012001,경기도 수원시 장안구 창룡대로,153,1,4111113700102600031000026,,경기도 수원시 장안구 창룡대로 153-1,440814,16221,,2,,127.026897322454,37.2916615143678
MA010120220801931296,지브인터네셔널,,G2,소매,G213,오락용품 소매,G21305,자전거 소매업,G47632,자전거 및 기타 운송장비 소매업,41,경기도,41133,성남시 중원구,41133670,도촌동,4113310600,여수동,4113310600103230000,1,대지,323,,경기도 성남시 중원구 여수동 323,411334337269,경기도 성남시 중원구 성남대로997번길,49,4,4113310600102500000000004,,경기도 성남시 중원구 성남대로997번길 49-4,462080,13439,,1,,127.125176931383,37.4174629499482
MA010120220801922128,아스코,,G2,소매,G213,오락용품 소매,G21305,자전거 소매업,G47632,자전거 및 기타 운송장비 소매업,41,경기도,41135,성남시 분당구,41135640,야탑3동,4113510700,야탑동,4113510700103190002,1,대지,319,2,경기도 성남시 분당구 야탑동 319-2,411354340081,경기도 성남시 분당구 매화로38번길,8,,4113510700103190002019285,,경기도 성남시 분당구 매화로38번길 8,463856,13504,,지,,127.134631391737,37.4107399727945
MA010120220801925403,티모자전거,,G2,소매,G213,오락용품 소매,G21305,자전거 소매업,G47632,자전거 및 기타 운송장비 소매업,46,전라남도,46130,여수시,46130740,둔덕동,4613012300,둔덕동,4613012300104870016,1,대지,487,16,전라남도 여수시 둔덕동 487-16,461303282022,전라남도 여수시 만성로,15,,4613012300104870016025828,,전라남도 여수시 만성로 15,550250,59697,,,,127.697607736265,34.7694433648612
MA010120220801996192,세화상사,,G2,소매,G213,오락용품 소매,G21305,자전거 소매업,G47632,자전거 및 기타 운송장비 소매업,41,경기도,41192,부천시 원미구,41192700,상3동,4119210900,상동,4119210900105380003,1,대지,538,3,경기도 부천시 원미구 상동 538-3,411924352296,경기도 부천시 원미구 송내대로265번길,19,,4119510900105380003033771,대신프라자,경기도 부천시 원미구 송내대로265번길 19,420862,14542,,1,,126.757876968745,37.5064902677826
MA010120220801961699,원미삼천리,,G2,소매,G213,오락용품 소매,G21305,자전거 소매업,G47632,자전거 및 기타 운송장비 소매업,41,경기도,41192,부천시 원미구,41192540,원미1동,4119210100,원미동,4119210100100780012,1,대지,78,12,경기도 부천시 원미구 원미동 78-12,411923185012,경기도 부천시 원미구 원미로,133,,4119510100100780012026243,,경기도 부천시 원미구 원미로 133,420839,14568,,,,126.791229277506,37.4945345223803
MA010120220801966251,풍운싸이클,,G2,소매,G213,오락용품 소매,G21305,자전거 소매업,G47632,자전거 및 기타 운송장비 소매업,41,경기도,41192,부천시 원미구,41192620,중동,4119210800,중동,4119210800107120007,1,대지,712,7,경기도 부천시 원미구 중동 712-7,411923000066,경기도 부천시 원미구 부흥로,206,,4119510800107120007004802,,경기도 부천시 원미구 부흥로 206,420844,14604,,,,126.765420166061,37.4958105711896
MA010120220801975207,자전거할인판매장,,G2,소매,G213,오락용품 소매,G21305,자전거 소매업,G47632,자전거 및 기타 운송장비 소매업,52,전북특별자치도,52190,남원시,52190590,도통동,5219011600,도통동,5219011600104980008,1,대지,498,8,전북특별자치도 남원시 도통동 498-8,521904613480,전북특별자치도 남원시 용중2길,13,,4519011600104980008313879,,전북특별자치도 남원시 용중2길 13,590984,55737,,,,127.393337710614,35.4216619487223
MA010120220801981932,평화자전차,,G2,소매,G213,오락용품 소매,G21305,자전거 소매업,G47632,자전거 및 기타 운송장비 소매업,41,경기도,41194,부천시 소사구,41194600,송내2동,4119410500,송내동,4119410500105570009,1,대지,557,9,경기도 부천시 소사구 송내동 557-9,411943000028,경기도 부천시 소사구 경인로,137,,4119710500105570009027506,일부,경기도 부천시 소사구 경인로 137,422818,14724,,1,,126.770702499675,37.4842700482051
MA010120220801984672,삼천리자전거원종,대리점,G2,소매,G213,오락용품 소매,G21305,자전거 소매업,G47632,자전거 및 기타 운송장비 소매업,41,경기도,41196,부천시 오정구,41196530,원종2동,4119610400,원종동,4119610400102290008,1,대지,229,8,경기도 부천시 오정구 원종동 229-8,411963012096,경기도 부천시 오정구 소사로,779,,4119910400102290008035452,,경기도 부천시 오정구 소사로 779,421821,14427,,1,,126.804559523136,37.525677978028
MA010120220801963302,삼천리도당,대리점,G2,소매,G213,오락용품 소매,G21305,자전거 소매업,G47632,자전거 및 기타 운송장비 소매업,41,경기도,41196,부천시 오정구,41196510,성곡동,4119610200,여월동,4119610200100520000,1,대지,52,,경기도 부천시 오정구 여월동 52,411963186004,경기도 부천시 오정구 삼작로,304,,4119910200100520000042944,,경기도 부천시 오정구 삼작로 304,421812,14484,,,,126.795309727471,37.5200400620745
MA010120220801968311,삼천리약대점,,G2,소매,G213,오락용품 소매,G21305,자전거 소매업,G47632,자전거 및 기타 운송장비 소매업,41,경기도,41192,부천시 원미구,41192610,약대동,4119210500,약대동,4119210500100930001,1,대지,93,1,경기도 부천시 원미구 약대동 93-1,411923185015,경기도 부천시 원미구 중동로,391,,4119510500100930001018730,,경기도 부천시 원미구 중동로 391,420830,14513,,,,126.769907794008,37.5148125488532
MA010120220801971084,삼천리자전거,대리점,G2,소매,G213,오락용품 소매,G21305,자전거 소매업,G47632,자전거 및 기타 운송장비 소매업,41,경기도,41192,부천시 원미구,41192510,심곡1동,4119210200,심곡동,4119210200101060005,1,대지,106,5,경기도 부천시 원미구 심곡동 106-5,411923184003,경기도 부천시 원미구 부천로,79,,4119510200101060005040744,,경기도 부천시 원미구 부천로 79,420820,14578,,,,126.784102762076,37.4914402747495
MA010120220802010869,동부엠티비,,G2,소매,G213,오락용품 소매,G21305,자전거 소매업,G47632,자전거 및 기타 운송장비 소매업,28,인천광역시,28200,남동구,28200522,구월4동,2820010100,구월동,2820010100112950000,1,대지,1295,,인천광역시 남동구 구월동 1295,282004259107,인천광역시 남동구 구월말로3번길,37,,2820010100112950000029389,일부,인천광역시 남동구 구월말로3번길 37,405839,21536,,1,,126.722191415274,37.4492158242164
MA010120220802025274,알톤,,G2,소매,G213,오락용품 소매,G21305,자전거 소매업,G47632,자전거 및 기타 운송장비 소매업,41,경기도,41196,부천시 오정구,41196560,오정동,4119610100,오정동,4119610100105860012,1,대지,586,12,경기도 부천시 오정구 오정동 586-12,411963186005,경기도 부천시 오정구 상오정로,3,,4119910100105860012025387,,경기도 부천시 오정구 상오정로 3,421816,14439,,1,,126.784233760353,37.5245073328897
MA010120220802010256,상동MTB,,G2,소매,G213,오락용품 소매,G21305,자전거 소매업,G47632,자전거 및 기타 운송장비 소매업,41,경기도,41192,부천시 원미구,41192700,상3동,4119210900,상동,4119210900105230008,1,대지,523,8,경기도 부천시 원미구 상동 523-8,411923184002,경기도 부천시 원미구 도약로,29,,4119510900105230009033639,에이스프라자,경기도 부천시 원미구 도약로 29,420860,14504,,,,126.752654019843,37.512669333702
MA010120220802016694,올바이크,,G2,소매,G213,오락용품 소매,G21305,자전거 소매업,G47632,자전거 및 기타 운송장비 소매업,41,경기도,41192,부천시 원미구,41192690,상2동,4119210900,상동,4119210900105480004,1,대지,548,4,경기도 부천시 원미구 상동 548-4,411923000065,경기도 부천시 원미구 길주로,64,,4119510900105480004035299,굿모닝오피스텔,경기도 부천시 원미구 길주로 64,420864,14544,,,,126.749160522815,37.5054449365531
MA010120220802034304,비스타바이크,,G2,소매,G213,오락용품 소매,G21305,자전거 소매업,G47632,자전거 및 기타 운송장비 소매업,11,서울특별시,11470,양천구,11470650,신정4동,1147010100,신정동,1147010100108900027,1,대지,890,27,서울특별시 양천구 신정동 890-27,114704142113,서울특별시 양천구 목동로23길,10,,1147010100108900027000001,,서울특별시 양천구 목동로23길 10,158856,07938,,,,126.862477925924,37.5274535030211
MA010120220802016952,소문난자전거,,G2,소매,G213,오락용품 소매,G21305,자전거 소매업,G47632,자전거 및 기타 운송장비 소매업,11,서울특별시,11590,동작구,11590540,상도2동,1159010200,상도동,1159010200100320022,1,대지,32,22,서울특별시 동작구 상도동 32-22,115903119005,서울특별시 동작구 상도로,238,,1159010200100320022027335,,서울특별시 동작구 상도로 238,156831,06964,,1,,126.945113978482,37.5049596881411
MA010120220802016954,프리바이크,,G2,소매,G213,오락용품 소매,G21305,자전거 소매업,G47632,자전거 및 기타 운송장비 소매업,11,서울특별시,11470,양천구,11470650,신정4동,1147010100,신정동,1147010100109020012,1,대지,902,12,서울특별시 양천구 신정동 902-12,114703114014,서울특별시 양천구 오목로,229,,1147010100109020012001723,,서울특별시 양천구 오목로 229,158857,07945,,,,126.862876390309,37.5260844442652
MA010120220802034488,대신자전거,,G2,소매,G213,오락용품 소매,G21305,자전거 소매업,G47632,자전거 및 기타 운송장비 소매업,41,경기도,41194,부천시 소사구,41194580,역곡3동,4119410400,괴안동,4119410400101690013,1,대지,169,13,경기도 부천시 소사구 괴안동 169-13,411943000028,경기도 부천시 소사구 경인로,557,,4119710400101690013009751,,경기도 부천시 소사구 경인로 557,422826,14677,,,,126.816556294265,37.4865846383407
MA010120220802097167,신기자전차,,G2,소매,G213,오락용품 소매,G21305,자전거 소매업,G47632,자전거 및 기타 운송장비 소매업,28,인천광역시,28177,미추홀구,28177680,주안7동,2817710500,주안동,2817710500113100002,1,대지,1310,2,인천광역시 미추홀구 주안동 1310-2,281772008003,인천광역시 미추홀구 미추홀대로,530,,2817010600113100002043521,상가,인천광역시 미추홀구 미추홀대로 530,402852,22230,,1,,126.679221114786,37.444592944943
MA010120220802097175,일신자전거,,G2,소매,G213,오락용품 소매,G21305,자전거 소매업,G47632,자전거 및 기타 운송장비 소매업,28,인천광역시,28177,미추홀구,28177540,용현1.4동,2817710200,용현동,2817710200100080002,1,대지,8,2,인천광역시 미추홀구 용현동 8-2,281773151034,인천광역시 미추홀구 한나루로,491,2,2817010200100080002061971,,인천광역시 미추홀구 한나루로 491-2,402818,22209,,,,126.667033740293,37.4509023507163
MA010120220802079606,알톤자전거김포총판,,G2,소매,G213,오락용품 소매,G21305,자전거 소매업,G47632,자전거 및 기타 운송장비 소매업,41,경기도,41570,김포시,41570560,장기동,4157010400,장기동,4157010400114450000,1,대지,1445,,경기도 김포시 장기동 1445,415704427116,경기도 김포시 김포한강1로78번길,62,24,4157010400114450000000001,,경기도 김포시 김포한강1로78번길 62-24,415060,10079,,1,,126.672059031718,37.642936479818
MA010120220802097683,민스바이크,,G2,소매,G213,오락용품 소매,G21305,자전거 소매업,G47632,자전거 및 기타 운송장비 소매업,41,경기도,41210,광명시,41210580,광명7동,4121010100,광명동,4121010100107470000,1,대지,747,,경기도 광명시 광명동 747,412103187019,경기도 광명시 도덕로,4,,4121010100107470000000001,,경기도 광명시 도덕로 4,423819,14282,,2,,126.848400923682,37.467654545819
MA010120220802094588,삼천리자전거소래,대리점,G2,소매,G213,오락용품 소매,G21305,자전거 소매업,G47632,자전거 및 기타 운송장비 소매업,28,인천광역시,28200,남동구,28200690,논현1동,2820011000,논현동,2820011000101110115,1,대지,111,115,인천광역시 남동구 논현동 111-115,282003153068,인천광역시 남동구 장도로,29,1,2820011000101110115013612,,인천광역시 남동구 장도로 29-1,405847,21673,,,,126.736581884582,37.4029456178525
MA010120220802052716,엔에스엠바이크,,G2,소매,G213,오락용품 소매,G21305,자전거 소매업,G47632,자전거 및 기타 운송장비 소매업,41,경기도,41192,부천시 원미구,41192690,상2동,4119210900,상동,4119210900105480006,1,대지,548,6,경기도 부천시 원미구 상동 548-6,411923000065,경기도 부천시 원미구 길주로,70,,4119510900105480006034771,강산타운,경기도 부천시 원미구 길주로 70,420864,14544,,1,,126.749839373902,37.5053652858603
MA010120220802104718,목화공인중개사사무소,,G2,소매,G213,오락용품 소매,G21305,자전거 소매업,G47632,자전거 및 기타 운송장비 소매업,28,인천광역시,28185,연수구,28185630,옥련1동,2818510100,옥련동,2818510100103520015,1,대지,352,15,인천광역시 연수구 옥련동 352-15,281853151034,인천광역시 연수구 한나루로,160,,2818510600103520015000001,,인천광역시 연수구 한나루로 160,406834,21941,,,,126.65533612164,37.4239195648847
MA010120220802052974,삼천리자전거고강,태양점,G2,소매,G213,오락용품 소매,G21305,자전거 소매업,G47632,자전거 및 기타 운송장비 소매업,41,경기도,41196,부천시 오정구,41196550,고강1동,4119610500,고강동,4119610500102850006,1,대지,285,6,경기도 부천시 오정구 고강동 285-6,411963184012,경기도 부천시 오정구 역곡로,491,,4119910500102850006032932,영용빌딩,경기도 부천시 오정구 역곡로 491,421800,14415,,1,,126.815638970546,37.5285699851666
MA010120220802065649,펠트,코리아,G2,소매,G213,오락용품 소매,G21305,자전거 소매업,G47632,자전거 및 기타 운송장비 소매업,28,인천광역시,28185,연수구,28185820,송도1동,2818510600,송도동,2818510600100100002,1,대지,10,2,인천광역시 연수구 송도동 10-2,281852152004,인천광역시 연수구 컨벤시아대로,233,,2818510600100100002000001,호텔스카이파크,인천광역시 연수구 컨벤시아대로 233,406081,22011,,4,,126.638714375498,37.3845946460748
MA010120220802087775,두발로자전거,,G2,소매,G213,오락용품 소매,G21305,자전거 소매업,G47632,자전거 및 기타 운송장비 소매업,28,인천광역시,28200,남동구,28200560,만수1동,2820010300,만수동,2820010300109720000,1,대지,972,,인천광역시 남동구 만수동 972,282004259730,인천광역시 남동구 하촌로60번길,4,,2820010300109720000028713,,인천광역시 남동구 하촌로60번길 4,405865,21540,,,,126.733535780814,37.4529991615515
MA010120220802053418,레디포바이크,,G2,소매,G213,오락용품 소매,G21305,자전거 소매업,G47632,자전거 및 기타 운송장비 소매업,41,경기도,41210,광명시,41210520,광명2동,4121010100,광명동,4121010100100560003,1,대지,56,3,경기도 광명시 광명동 56-3,412103000122,경기도 광명시 광명로,955,,4121010100100560003001022,,경기도 광명시 광명로 955,423803,14200,,1,,126.856282378604,37.4840537492414
MA010120220802075043,빈스포츠,,G2,소매,G213,오락용품 소매,G21305,자전거 소매업,G47632,자전거 및 기타 운송장비 소매업,28,인천광역시,28185,연수구,28185762,연수2동,2818510300,연수동,2818510300106310004,1,대지,631,4,인천광역시 연수구 연수동 631-4,281854256124,인천광역시 연수구 샘말로8번길,12,,2818510300106310004031915,,인천광역시 연수구 샘말로8번길 12,406818,21929,,1,,126.678356797577,37.4115414254145
MA010120220802080527,삼천리자전거,,G2,소매,G213,오락용품 소매,G21305,자전거 소매업,G47632,자전거 및 기타 운송장비 소매업,28,인천광역시,28200,남동구,28200522,구월4동,2820010100,구월동,2820010100112850015,1,대지,1285,15,인천광역시 남동구 구월동 1285-15,282002008004,인천광역시 남동구 인주대로,739,1,2820010100112850015000001,,인천광역시 남동구 인주대로 739-1,405839,21536,,1,,126.719365615966,37.4493442998374
MA010120220802075097,코렉스자전거,,G2,소매,G213,오락용품 소매,G21305,자전거 소매업,G47632,자전거 및 기타 운송장비 소매업,28,인천광역시,28177,미추홀구,28177580,학익1동,2817710300,학익동,2817710300106600013,1,대지,660,13,인천광역시 미추홀구 학익동 660-13,281773151009,인천광역시 미추홀구 소성로,204,,2817010300106600013214038,,인천광역시 미추홀구 소성로 204,402041,22224,,1,,126.67050496311,37.4402170843805
MA010120220802089096,자전거데이,,G2,소매,G213,오락용품 소매,G21305,자전거 소매업,G47632,자전거 및 기타 운송장비 소매업,41,경기도,41192,부천시 원미구,41192670,상동,4119210900,상동,4119210900104400013,1,대지,440,13,경기도 부천시 원미구 상동 440-13,411924352054,경기도 부천시 원미구 부일로243번길,40,,4119510900104400013022463,,경기도 부천시 원미구 부일로243번길 40,420816,14622,,1,,126.757455231824,37.490019044325
MA010120220802096548,자전거가게,,G2,소매,G213,오락용품 소매,G21305,자전거 소매업,G47632,자전거 및 기타 운송장비 소매업,51,강원특별자치도,51130,원주시,51130660,무실동,5113011500,무실동,5113011500116620002,1,대지,1662,2,강원특별자치도 원주시 무실동 1662-2,511303219019,강원특별자치도 원주시 만대로,158,1,4213011500116620002037075,,강원특별자치도 원주시 만대로 158-1,220150,26385,,,,127.921771688377,37.3340985459277
MA010120220803707065,홀리데이바이크,,G2,소매,G213,오락용품 소매,G21305,자전거 소매업,G47632,자전거 및 기타 운송장비 소매업,51,강원특별자치도,51150,강릉시,51150571,포남1동,5115011100,포남동,5115011100111400004,1,대지,1140,4,강원특별자치도 강릉시 포남동 1140-4,511503000145,강원특별자치도 강릉시 경강로,2214,,4215011100111400004011066,홀리데이바이크,강원특별자치도 강릉시 경강로 2214,210956,25548,,1,,128.905964722857,37.7619871314915
MA010120220803728815,바이퍼,코리아,G2,소매,G213,오락용품 소매,G21305,자전거 소매업,G47632,자전거 및 기타 운송장비 소매업,41,경기도,41360,남양주시,41360310,별내면,4136031023,별내면,4136031023105930004,1,대지,593,4,경기도 남양주시 별내면 광전리 593-4,413603181059,경기도 남양주시 별내면 송산로,401,,4136031023105930004000001,,경기도 남양주시 별내면 송산로 401,472811,12090,,,,127.133955737729,37.67751745487
MA010120220803683924,위플레이인터내셔날주,,G2,소매,G213,오락용품 소매,G21305,자전거 소매업,G47632,자전거 및 기타 운송장비 소매업,11,서울특별시,11380,은평구,11380600,응암3동,1138010700,응암동,1138010700105860019,1,대지,586,19,서울특별시 은평구 응암동 586-19,113804133096,서울특별시 은평구 불광천길,388,,1138010700105860019001785,응암동위플레이빌딩,서울특별시 은평구 불광천길 388,122923,03484,,2,,126.914603883739,37.591167129973
MA010120220803701577,자전거마당,,G2,소매,G213,오락용품 소매,G21305,자전거 소매업,G47632,자전거 및 기타 운송장비 소매업,26,부산광역시,26470,연제구,26470730,연산9동,2647010200,연산동,2647010200104580010,1,대지,458,10,부산광역시 연제구 연산동 458-10,264703137023,부산광역시 연제구 온천천남로,160,,2647010200104580010011357,,부산광역시 연제구 온천천남로 160,611817,47568,,,,129.107809782225,35.1899676529596
MA010120220803718680,코렉스성수,대리점,G2,소매,G213,오락용품 소매,G21305,자전거 소매업,G47632,자전거 및 기타 운송장비 소매업,11,서울특별시,11200,성동구,11200650,성수1가1동,1120011400,성수동1가,1120011400100720160,1,대지,72,160,서울특별시 성동구 성수동1가 72-160,112003103010,서울특별시 성동구 뚝섬로,346,,1120011400100720160009134,,서울특별시 성동구 뚝섬로 346,133819,04774,,1,,127.049220371331,37.5401823758642
MA010120220803728662,와이제이인터내셔널,,G2,소매,G213,오락용품 소매,G21305,자전거 소매업,G47632,자전거 및 기타 운송장비 소매업,41,경기도,41360,남양주시,41360510,호평동,4136010100,호평동,4136010100106600002,1,대지,660,2,경기도 남양주시 호평동 660-2,413604391785,경기도 남양주시 호평로68번길,24,,4136010100106600002003596,CH리베,경기도 남양주시 호평로68번길 24,472120,12150,,1,,127.248494516745,37.6541675867
MA010120220803718948,벨로몬,,G2,소매,G213,오락용품 소매,G21305,자전거 소매업,G47632,자전거 및 기타 운송장비 소매업,41,경기도,41610,광주시,41610520,송정동,4161010300,송정동,4161010300100640027,1,대지,64,27,경기도 광주시 송정동 64-27,416102211001,경기도 광주시 광주대로,87,,4161010300100640024002244,,경기도 광주시 광주대로 87,464901,12743,,,,127.259878017524,37.4145855891091
MA010120220803720429,장안바이크,,G2,소매,G213,오락용품 소매,G21305,자전거 소매업,G47632,자전거 및 기타 운송장비 소매업,11,서울특별시,11230,동대문구,11230660,장안2동,1123010600,장안동,1123010600100970009,1,대지,97,9,서울특별시 동대문구 장안동 97-9,112303005038,서울특별시 동대문구 한천로,212,,1123010600100970009014395,,서울특별시 동대문구 한천로 212,130835,02518,,,,127.06859396949,37.5796994408198
MA010120220803708768,세영자전거,,G2,소매,G213,오락용품 소매,G21305,자전거 소매업,G47632,자전거 및 기타 운송장비 소매업,41,경기도,41465,용인시 수지구,41465520,풍덕천2동,4146510100,풍덕천동,4146510100110930001,1,대지,1093,1,경기도 용인시 수지구 풍덕천동 1093-1,414654415173,경기도 용인시 수지구 풍덕천로96번길,3,1,4146510100110930001027498,,경기도 용인시 수지구 풍덕천로96번길 3-1,448509,16841,,,,127.09328078882,37.3214160429584
MA010120220803738153,골드휠자전거,,G2,소매,G213,오락용품 소매,G21305,자전거 소매업,G47632,자전거 및 기타 운송장비 소매업,11,서울특별시,11200,성동구,11200620,금호4가동,1120011200,금호동4가,1120011200101370000,1,대지,137,,서울특별시 성동구 금호동4가 137,112003005014,서울특별시 성동구 독서당로,322,,1120011200101370000011828,,서울특별시 성동구 독서당로 322,133808,04737,,,,127.024691955387,37.5479566665864
MA010120220803775456,벨로데이,,G2,소매,G213,오락용품 소매,G21305,자전거 소매업,G47632,자전거 및 기타 운송장비 소매업,11,서울특별시,11200,성동구,11200560,행당1동,1120010700,행당동,1120010700102120005,1,대지,212,5,서울특별시 성동구 행당동 212-5,112003005011,서울특별시 성동구 왕십리로,294,2,1120010700102120005027616,,서울특별시 성동구 왕십리로 294-2,133867,04751,,1,,127.036319758562,37.5604505019019
MA010120220803766536,팩토리원,,G2,소매,G213,오락용품 소매,G21305,자전거 소매업,G47632,자전거 및 기타 운송장비 소매업,11,서울특별시,11380,은평구,11380631,신사1동,1138010900,신사동,1138010900100240059,1,대지,24,59,서울특별시 은평구 신사동 24-59,113803005056,서울특별시 은평구 증산로,453,,1138010900100240059000001,우측,서울특별시 은평구 증산로 453,122882,03450,,1,,126.914789990675,37.596762421652
MA010120220803766570,찬성MTB,,G2,소매,G213,오락용품 소매,G21305,자전거 소매업,G47632,자전거 및 기타 운송장비 소매업,11,서울특별시,11200,성동구,11200650,성수1가1동,1120011400,성수동1가,1120011400102510001,1,대지,251,1,서울특별시 성동구 성수동1가 251-1,112004109339,서울특별시 성동구 성덕정9길,2,,1120011400102510001009517,,서울특별시 성동구 성덕정9길 2,133819,04775,,1,,127.049592663153,37.538515370066
MA010120220803769799,경태자전거이야기,,G2,소매,G213,오락용품 소매,G21305,자전거 소매업,G47632,자전거 및 기타 운송장비 소매업,11,서울특별시,11215,광진구,11215840,자양3동,1121510500,자양동,1121510500105820013,1,대지,582,13,서울특별시 광진구 자양동 582-13,112154112480,서울특별시 광진구 자양번영로3길,28,,1121510500105820013012198,,서울특별시 광진구 자양번영로3길 28,143864,05092,,1,,127.073652858174,37.5320786810391
MA010120220803747327,용마MTB,,G2,소매,G213,오락용품 소매,G21305,자전거 소매업,G47632,자전거 및 기타 운송장비 소매업,11,서울특별시,11215,광진구,11215740,중곡1동,1121510100,중곡동,1121510100102460001,1,대지,246,1,서울특별시 광진구 중곡동 246-1,112153104006,서울특별시 광진구 긴고랑로,18,1,1121510100102460001004434,,서울특별시 광진구 긴고랑로 18-1,143904,04913,,,,127.078471445547,37.5634213189915
MA010120220803747347,성동MTB,,G2,소매,G213,오락용품 소매,G21305,자전거 소매업,G47632,자전거 및 기타 운송장비 소매업,11,서울특별시,11200,성동구,11200535,왕십리도선동,1120010400,도선동,1120010400103660000,1,대지,366,,서울특별시 성동구 도선동 366,112003005033,서울특별시 성동구 무학로,6,,1120010400103660000023278,,서울특별시 성동구 무학로 6,133883,04707,,,,127.030300205434,37.564578764297
MA010120220803755810,성진바이크,,G2,소매,G213,오락용품 소매,G21305,자전거 소매업,G47632,자전거 및 기타 운송장비 소매업,11,서울특별시,11200,성동구,11200580,응봉동,1120010800,응봉동,1120010800102280012,1,대지,228,12,서울특별시 성동구 응봉동 228-12,112003005030,서울특별시 성동구 고산자로,132,,1120010800102280012016526,,서울특별시 성동구 고산자로 132,133852,04747,,,,127.035410265129,37.5519003120036
MA010120220803752835,바쿠둘,,G2,소매,G213,오락용품 소매,G21305,자전거 소매업,G47632,자전거 및 기타 운송장비 소매업,11,서울특별시,11215,광진구,11215740,중곡1동,1121510100,중곡동,1121510100106470024,1,대지,647,24,서울특별시 광진구 중곡동 647-24,112153104007,서울특별시 광진구 능동로,335,,1121510100106470024023881,,서울특별시 광진구 능동로 335,143912,04918,,,,127.08056127966,37.5596177063131
MA010120220803750592,디에스자전거,,G2,소매,G213,오락용품 소매,G21305,자전거 소매업,G47632,자전거 및 기타 운송장비 소매업,11,서울특별시,11260,중랑구,11260600,중화1동,1126010300,중화동,1126010300101100042,1,대지,110,42,서울특별시 중랑구 중화동 110-42,112603106003,서울특별시 중랑구 봉화산로,61,,1126010300101100042013378,,서울특별시 중랑구 봉화산로 61,131875,02049,,1,,127.081320160158,37.6017836840486
MA010120220803753505,킴스바이크,,G2,소매,G213,오락용품 소매,G21305,자전거 소매업,G47632,자전거 및 기타 운송장비 소매업,11,서울특별시,11200,성동구,11200590,금호1가동,1120010900,금호동1가,1120010900117970001,1,대지,1797,1,서울특별시 성동구 금호동1가 1797-1,112003103001,서울특별시 성동구 금호로,66,,1120010900117970001016218,,서울특별시 성동구 금호로 66,133801,04718,,1,,127.026242739416,37.5492808001552
MA010120220803771209,청계바이크,,G2,소매,G213,오락용품 소매,G21305,자전거 소매업,G47632,자전거 및 기타 운송장비 소매업,11,서울특별시,11200,성동구,11200535,왕십리도선동,1120010200,하왕십리동,1120010200102580000,1,대지,258,,서울특별시 성동구 하왕십리동 258,112003100021,서울특별시 성동구 청계천로,494,,1120010200102580000025215,청계벽산아파트,서울특별시 성동구 청계천로 494,133773,04703,,,,127.032158636066,37.5696058294276
MA010120220803776230,풀아우터,,G2,소매,G213,오락용품 소매,G21305,자전거 소매업,G47632,자전거 및 기타 운송장비 소매업,11,서울특별시,11215,광진구,11215847,자양4동,1121510500,자양동,1121510500100910025,1,대지,91,25,서울특별시 광진구 자양동 91-25,112154112413,서울특별시 광진구 자양강변길,111,,1121510500100910025015763,,서울특별시 광진구 자양강변길 111,143845,05086,,1,,127.065054600179,37.5323450207275
MA010120220803748664,군자MTB삼천리자전거,,G2,소매,G213,오락용품 소매,G21305,자전거 소매업,G47632,자전거 및 기타 운송장비 소매업,11,서울특별시,11215,광진구,11215730,군자동,1121510900,군자동,1121510900100450024,1,대지,45,24,서울특별시 광진구 군자동 45-24,112154112136,서울특별시 광진구 능동로27길,36,,1121510900100450024018336,,서울특별시 광진구 능동로27길 36,143837,04997,,,,127.076697035948,37.5549170746049
MA010120220803731151,장성자전차,,G2,소매,G213,오락용품 소매,G21305,자전거 소매업,G47632,자전거 및 기타 운송장비 소매업,11,서울특별시,11200,성동구,11200540,마장동,1120010500,마장동,1120010500107820006,1,대지,782,6,서울특별시 성동구 마장동 782-6,112003005009,서울특별시 성동구 마장로,310,,1120010500107820006021380,,서울특별시 성동구 마장로 310,133815,04758,,,,127.043929053969,37.5664755815129
MA010120220803743529,bluekiki,,G2,소매,G213,오락용품 소매,G21305,자전거 소매업,G47632,자전거 및 기타 운송장비 소매업,41,경기도,41360,남양주시,41360250,와부읍,4136025024,와부읍,4136025024102510010,1,대지,251,10,경기도 남양주시 와부읍 월문리 251-10,413603197036,경기도 남양주시 와부읍 수레로,533,10,4136025024102510010000001,,경기도 남양주시 와부읍 수레로 533-10,472905,12202,,,,127.262356960121,37.6099263107816
MA010120220803821720,STAGE1,,G2,소매,G213,오락용품 소매,G21305,자전거 소매업,G47632,자전거 및 기타 운송장비 소매업,11,서울특별시,11710,송파구,11710650,잠실본동,1171010100,잠실동,1171010100103020004,1,대지,302,4,서울특별시 송파구 잠실동 302-4,117104169052,서울특별시 송파구 도곡로62길,17,,1171010100103020004000001,,서울특별시 송파구 도곡로62길 17,138865,05573,,1,,127.078330025578,37.5039823932695
MA010120220803818922,큐벨로,,G2,소매,G213,오락용품 소매,G21305,자전거 소매업,G47632,자전거 및 기타 운송장비 소매업,11,서울특별시,11350,노원구,11350595,공릉1동,1135010300,공릉동,1135010300106840045,1,대지,684,45,서울특별시 노원구 공릉동 684-45,113504130169,서울특별시 노원구 동일로173길,39,,1135010300106840045020174,,서울특별시 노원구 동일로173길 39,139808,01860,,1,,127.072967358258,37.6180519973809
MA010120220803777868,바이크월드,,G2,소매,G213,오락용품 소매,G21305,자전거 소매업,G47632,자전거 및 기타 운송장비 소매업,11,서울특별시,11200,성동구,11200720,송정동,1120011800,송정동,1120011800100660137,1,대지,66,137,서울특별시 성동구 송정동 66-137,112004109383,서울특별시 성동구 송정6길,24,,1120011800100660137003304,,서울특별시 성동구 송정6길 24,133836,04801,,,,127.06641526662,37.5484901795446
MA010120220803780923,에코벨로,,G2,소매,G213,오락용품 소매,G21305,자전거 소매업,G47632,자전거 및 기타 운송장비 소매업,11,서울특별시,11260,중랑구,11260550,면목5동,1126010100,면목동,1126010100101750049,1,대지,175,49,서울특별시 중랑구 면목동 175-49,112603000001,서울특별시 중랑구 동일로,615,,1126010100101750049022967,전동킥보드샵,서울특별시 중랑구 동일로 615,131822,02231,,1,,127.079581377261,37.5853688025945
MA010120220803789342,태라바이크,,G2,소매,G213,오락용품 소매,G21305,자전거 소매업,G47632,자전거 및 기타 운송장비 소매업,41,경기도,41310,구리시,41310510,갈매동,4131010100,갈매동,4131010100105630001,1,대지,563,1,경기도 구리시 갈매동 563-1,413104853962,경기도 구리시 갈매순환로126번길,10,,4131010100103820012000002,,경기도 구리시 갈매순환로126번길 10,471859,11901,,1,,127.120967971366,37.6305362677521
MA010120220803810757,공간인테리어,,G2,소매,G213,오락용품 소매,G21305,자전거 소매업,G47632,자전거 및 기타 운송장비 소매업,41,경기도,41610,광주시,41610340,퇴촌면,4161034022,퇴촌면,4161034022107360005,1,대지,736,5,경기도 광주시 퇴촌면 관음리 736-5,416104433453,경기도 광주시 퇴촌면 천진암로522번길,107,15,4161034022107360005000001,,경기도 광주시 퇴촌면 천진암로522번길 107-15,464842,12713,,,,127.323520506827,37.4540640984378
MA010120220803778564,싱싱스포츠,,G2,소매,G213,오락용품 소매,G21305,자전거 소매업,G47632,자전거 및 기타 운송장비 소매업,11,서울특별시,11200,성동구,11200560,행당1동,1120010700,행당동,1120010700101680151,1,대지,168,151,서울특별시 성동구 행당동 168-151,112003103005,서울특별시 성동구 왕십리광장로,17,,1120010700101680001017508,행당동이마트,서울특별시 성동구 왕십리광장로 17,133866,04750,,,,127.038391477602,37.5614409428511
MA010120220803817102,경동상회,,G2,소매,G213,오락용품 소매,G21305,자전거 소매업,G47632,자전거 및 기타 운송장비 소매업,11,서울특별시,11215,광진구,11215810,광장동,1121510400,광장동,1121510400104130019,1,대지,413,19,서울특별시 광진구 광장동 413-19,112153000002,서울특별시 광진구 아차산로,515,,1121510400104130019010908,,서울특별시 광진구 아차산로 515,143812,04983,,,,127.098420727485,37.5421788682684
MA010120220803811362,엘파마자전거,,G2,소매,G213,오락용품 소매,G21305,자전거 소매업,G47632,자전거 및 기타 운송장비 소매업,11,서울특별시,11215,광진구,11215860,구의2동,1121510300,구의동,1121510300100790019,1,대지,79,19,서울특별시 광진구 구의동 79-19,112153104010,서울특별시 광진구 자양로,237,1,1121510300100790019007821,,서울특별시 광진구 자양로 237-1,143819,04993,,1,,127.088277773822,37.5480253596054
MA010120220803823712,휠윈드,,G2,소매,G213,오락용품 소매,G21305,자전거 소매업,G47632,자전거 및 기타 운송장비 소매업,27,대구광역시,27290,달서구,27290650,본동,2729012400,본동,2729012400106810004,1,대지,681,4,대구광역시 달서구 본동 681-4,272903147003,대구광역시 달서구 구마로,36,,2729012400106810004000001,,대구광역시 달서구 구마로 36,704806,42728,,1,,128.5315697594,35.8368955311056
MA010120220803777053,자행사,,G2,소매,G213,오락용품 소매,G21305,자전거 소매업,G47632,자전거 및 기타 운송장비 소매업,11,서울특별시,11215,광진구,11215830,자양2동,1121510500,자양동,1121510500106000015,1,대지,600,15,서울특별시 광진구 자양동 600-15,112153104011,서울특별시 광진구 자양번영로,12,,1121510500106000015012471,신자빌딩,서울특별시 광진구 자양번영로 12,143865,05098,,1,,127.075212804638,37.5307261961784
MA010120220803788456,코렉스마장,대리점,G2,소매,G213,오락용품 소매,G21305,자전거 소매업,G47632,자전거 및 기타 운송장비 소매업,11,서울특별시,11200,성동구,11200540,마장동,1120010500,마장동,1120010500104780003,1,대지,478,3,서울특별시 성동구 마장동 478-3,112003005030,서울특별시 성동구 고산자로,335,2,1120010500104780003020796,,서울특별시 성동구 고산자로 335-2,133812,04704,,,,127.037252427023,37.5696583917205
MA010120220803836367,용북자전차,,G2,소매,G213,오락용품 소매,G21305,자전거 소매업,G47632,자전거 및 기타 운송장비 소매업,11,서울특별시,11215,광진구,11215850,구의1동,1121510300,구의동,1121510300102330023,1,대지,233,23,서울특별시 광진구 구의동 233-23,112153005024,서울특별시 광진구 광나루로,524,,1121510300102330023008883,,서울특별시 광진구 광나루로 524,143824,05031,,,,127.087685479249,37.5447371554567
MA010120220803836691,삼천리자전거,자양점,G2,소매,G213,오락용품 소매,G21305,자전거 소매업,G47632,자전거 및 기타 운송장비 소매업,11,서울특별시,11215,광진구,11215820,자양1동,1121510500,자양동,1121510500102230004,1,대지,223,4,서울특별시 광진구 자양동 223-4,112153000002,서울특별시 광진구 아차산로,324,,1121510500102230004011238,태평빌딩,서울특별시 광진구 아차산로 324,143852,05054,,1,,127.078772350389,37.5374543507609
MA010120220803873986,종로바이크,,G2,소매,G213,오락용품 소매,G21305,자전거 소매업,G47632,자전거 및 기타 운송장비 소매업,11,서울특별시,11110,종로구,11110710,숭인2동,1111017500,숭인동,1111017500102500000,1,대지,250,,서울특별시 종로구 숭인동 250,111104100359,서울특별시 종로구 종로58길,10,,1111017500102500000001239,,서울특별시 종로구 종로58길 10,110826,03114,,,,127.017783695099,37.5729515622145
MA010120220803834356,현민상사,,G2,소매,G213,오락용품 소매,G21305,자전거 소매업,G47632,자전거 및 기타 운송장비 소매업,11,서울특별시,11215,광진구,11215830,자양2동,1121510500,자양동,1121510500106770007,1,대지,677,7,서울특별시 광진구 자양동 677-7,112153104010,서울특별시 광진구 자양로,43,,1121510500106770007013933,,서울특별시 광진구 자양로 43,143873,05103,,,,127.085531959451,37.5317373047143
MA010120220803836794,해피바이크,,G2,소매,G213,오락용품 소매,G21305,자전거 소매업,G47632,자전거 및 기타 운송장비 소매업,11,서울특별시,11500,강서구,11500611,발산1동,1150010600,내발산동,1150010600106810015,1,대지,681,15,서울특별시 강서구 내발산동 681-15,115004145058,서울특별시 강서구 강서로47길,40,,1150010600106810015008573,,서울특별시 강서구 강서로47길 40,157829,07633,,,,126.833923675683,37.5529601232964
MA010120220803832743,건국자전거,,G2,소매,G213,오락용품 소매,G21305,자전거 소매업,G47632,자전거 및 기타 운송장비 소매업,11,서울특별시,11215,광진구,11215710,화양동,1121510700,화양동,1121510700100420027,1,대지,42,27,서울특별시 광진구 화양동 42-27,112154112308,서울특별시 광진구 아차산로21길,43,,1121510700100420027025715,,서울특별시 광진구 아차산로21길 43,143917,05020,,,,127.065732239312,37.5438774473338
MA010120220805234316,알티세븐,,G2,소매,G213,오락용품 소매,G21305,자전거 소매업,G47632,자전거 및 기타 운송장비 소매업,11,서울특별시,11710,송파구,11710646,장지동,1171010800,문정동,1171010800100870009,1,대지,87,9,서울특별시 송파구 문정동 87-9,117104169317,서울특별시 송파구 송이로36길,58,,1171010800100870009003653,,서울특별시 송파구 송이로36길 58,138869,05809,,2,,127.127706627289,37.4835135151811
MA010120220800048617,B1사이클,,G2,소매,G213,오락용품 소매,G21305,자전거 소매업,G47632,자전거 및 기타 운송장비 소매업,11,서울특별시,11740,강동구,11740610,천호2동,1174010900,천호동,1174010900103310024,1,대지,331,24,서울특별시 강동구 천호동 331-24,117404172296,서울특별시 강동구 올림픽로83길,22,,1174010900103310024011298,,서울특별시 강동구 올림픽로83길 22,134868,05245,,지,,127.12437164988,37.5451186740599
MA010120220800049019,바이크위드,,G2,소매,G213,오락용품 소매,G21305,자전거 소매업,G47632,자전거 및 기타 운송장비 소매업,27,대구광역시,27710,달성군,27710250,화원읍,2771025023,화원읍,2771025023102210000,1,대지,221,,대구광역시 달성군 화원읍 성산리 221,277104244336,대구광역시 달성군 화원읍 사문진로1길,18,,2771025023102450000002873,,대구광역시 달성군 화원읍 사문진로1길 18,711839,42941,,1,,128.479759257218,35.8097528553268
MA010120220800012641,둔촌자전거,,G2,소매,G213,오락용품 소매,G21305,자전거 소매업,G47632,자전거 및 기타 운송장비 소매업,11,서울특별시,11740,강동구,11740700,둔촌2동,1174010600,둔촌동,1174010600104940006,1,대지,494,6,서울특별시 강동구 둔촌동 494-6,117404172273,서울특별시 강동구 양재대로96길,15,,1174010600104940006001121,,서울특별시 강동구 양재대로96길 15,134822,05372,,1,,127.138182387371,37.5297052349695
MA010120220800001885,시티벨로,,G2,소매,G213,오락용품 소매,G21305,자전거 소매업,G47632,자전거 및 기타 운송장비 소매업,11,서울특별시,11230,동대문구,11230560,전농1동,1123010400,전농동,1123010400101030064,1,대지,103,64,서울특별시 동대문구 전농동 103-64,112304115450,서울특별시 동대문구 전농로36길,20,,1123010400101030064026974,,서울특별시 동대문구 전농로36길 20,130851,02492,,2,,127.053620286525,37.5852843411819
MA010120220800052377,자전거정,,G2,소매,G213,오락용품 소매,G21305,자전거 소매업,G47632,자전거 및 기타 운송장비 소매업,41,경기도,41410,군포시,41410630,송부동,4141010300,부곡동,4141010300111350007,1,대지,1135,7,경기도 군포시 부곡동 1135-7,414104400283,경기도 군포시 송부로273번안길,4,28,4141010300111350007000001,,경기도 군포시 송부로273번안길 4-28,435020,15880,,1,,126.942607540615,37.3216461294158
MA010120220800031955,에이스,코리아,G2,소매,G213,오락용품 소매,G21305,자전거 소매업,G47632,자전거 및 기타 운송장비 소매업,41,경기도,41360,남양주시,41360250,와부읍,4136025021,와부읍,4136025021104880004,1,대지,488,4,경기도 남양주시 와부읍 덕소리 488-4,413603197036,경기도 남양주시 와부읍 수레로,22,,4136025021104880004017720,,경기도 남양주시 와부읍 수레로 22,472901,12209,,,,127.214565261167,37.5870206202998
MA010120220800063148,엔에스지자전거,,G2,소매,G213,오락용품 소매,G21305,자전거 소매업,G47632,자전거 및 기타 운송장비 소매업,30,대전광역시,30110,동구,30110620,가양1동,3011011400,가양동,3011011400105080007,1,대지,508,7,대전광역시 동구 가양동 508-7,301104292027,대전광역시 동구 계족로368번길,110,,3011011400105080007009612,,대전광역시 동구 계족로368번길 110,300806,34588,,1,,127.439845570895,36.3445274959894
MA010120220800091968,비주얼쇼크,,G2,소매,G213,오락용품 소매,G21305,자전거 소매업,G47632,자전거 및 기타 운송장비 소매업,11,서울특별시,11140,중구,11140635,약수동,1114016200,신당동,1114016200103660116,1,대지,366,116,서울특별시 중구 신당동 366-116,111403101014,서울특별시 중구 다산로,60,,1114016200103660116007354,,서울특별시 중구 다산로 60,100830,04597,,1,,127.00776310912,37.5498240602736
MA010120220800080041,아덴바이크웨어,,G2,소매,G213,오락용품 소매,G21305,자전거 소매업,G47632,자전거 및 기타 운송장비 소매업,27,대구광역시,27230,북구,27230645,대현동,2723011000,대현동,2723011000102300002,1,대지,230,2,대구광역시 북구 대현동 230-2,272303007003,대구광역시 북구 대현로,17,,2723011000102300002007840,,대구광역시 북구 대현로 17,702820,41567,,,,128.602755098863,35.8865301885128
MA010120220800141277,스타사이클,,G2,소매,G213,오락용품 소매,G21305,자전거 소매업,G47632,자전거 및 기타 운송장비 소매업,28,인천광역시,28245,계양구,28245614,계산4동,2824510600,용종동,2824510600102280001,1,대지,228,1,인천광역시 계양구 용종동 228-1,282453155029,인천광역시 계양구 용종로,78,,2824510600102280001129890,초정마을하나아파트,인천광역시 계양구 용종로 78,407054,21063,,,,126.742151473139,37.5407310334952
MA010120220800113688,일산삼천리자전거,동국대점,G2,소매,G213,오락용품 소매,G21305,자전거 소매업,G47632,자전거 및 기타 운송장비 소매업,41,경기도,41285,고양시 일산동구,41285510,식사동,4128510100,식사동,4128510100115250000,1,대지,1525,,경기도 고양시 일산동구 식사동 1525,412853193057,경기도 고양시 일산동구 위시티로,59,,4128510100115250000000001,썬프라자,경기도 고양시 일산동구 위시티로 59,410821,10325,,,,126.810521392864,37.677486372673
MA010120220800109070,거러카페한신기업,화성지점,G2,소매,G213,오락용품 소매,G21305,자전거 소매업,G47632,자전거 및 기타 운송장비 소매업,41,경기도,41590,화성시,41590262,남양읍,4159026221,남양읍,4159026221120240003,1,대지,2024,3,경기도 화성시 남양읍 남양리 2024-3,415904430957,경기도 화성시 남양읍 역골로60번길,26,,4159026221120240003000001,,경기도 화성시 남양읍 역골로60번길 26,445851,18271,,1,,126.826824922602,37.2056324074162
MA010120220800117178,천호MTB,,G2,소매,G213,오락용품 소매,G21305,자전거 소매업,G47632,자전거 및 기타 운송장비 소매업,11,서울특별시,11740,강동구,11740610,천호2동,1174010900,천호동,1174010900103300015,1,대지,330,15,서울특별시 강동구 천호동 330-15,117403124009,서울특별시 강동구 천중로,12,,1174010900103300015011249,,서울특별시 강동구 천중로 12,134868,05245,,1,,127.123071316457,37.5457146955802
MA010120220800160426,삼천리자전거,,G2,소매,G213,오락용품 소매,G21305,자전거 소매업,G47632,자전거 및 기타 운송장비 소매업,28,인천광역시,28245,계양구,28245720,계양2동,2824510700,병방동,2824510700104220000,1,대지,422,,인천광역시 계양구 병방동 422,282453154050,인천광역시 계양구 장제로,917,,2824510700104220000182591,,인천광역시 계양구 장제로 917,407320,21027,,1,,126.741095324725,37.5483871964534
MA010120220800172452,필샵,,G2,소매,G213,오락용품 소매,G21305,자전거 소매업,G47632,자전거 및 기타 운송장비 소매업,41,경기도,41135,성남시 분당구,41135580,서현1동,4113510500,서현동,4113510500100800002,1,대지,80,2,경기도 성남시 분당구 서현동 80-2,411353180034,경기도 성남시 분당구 서현로,251,,4113510500100800002055876,,경기도 성남시 분당구 서현로 251,463820,13572,,1,,127.129435591222,37.3845530900749
MA010120220800150853,우리스토어,,G2,소매,G213,오락용품 소매,G21305,자전거 소매업,G47632,자전거 및 기타 운송장비 소매업,51,강원특별자치도,51150,강릉시,51150550,교1동,5115011000,교동,5115011000109640001,1,대지,964,1,강원특별자치도 강릉시 교동 964-1,511504460016,강원특별자치도 강릉시 강릉대로121번길,8,,4215011000109640001014905,,강원특별자치도 강릉시 강릉대로121번길 8,210924,25506,,1,,128.883545449493,37.7567264437122
MA010120220801717280,삼천리자전거,녹양점,G2,소매,G213,오락용품 소매,G21305,자전거 소매업,G47632,자전거 및 기타 운송장비 소매업,41,경기도,41150,의정부시,41150620,녹양동,4115011100,녹양동,4115011100100830004,1,대지,83,4,경기도 의정부시 녹양동 83-4,411503181020,경기도 의정부시 비우로,105,,4115011100100830004008876,,경기도 의정부시 비우로 105,480824,11612,,,,127.038674741708,37.7586567084918
MA010120220801717326,바이바이씨클,,G2,소매,G213,오락용품 소매,G21305,자전거 소매업,G47632,자전거 및 기타 운송장비 소매업,41,경기도,41150,의정부시,41150578,송산3동,4115010700,낙양동,4115010700107050005,1,대지,705,5,경기도 의정부시 낙양동 705-5,411504853656,경기도 의정부시 용민로237번길,66,,4115010700107050005000001,,경기도 의정부시 용민로237번길 66,480080,11769,,,,127.097606144311,37.7500904801406
MA010120220801720598,헬로벨로,,G2,소매,G213,오락용품 소매,G21305,자전거 소매업,G47632,자전거 및 기타 운송장비 소매업,41,경기도,41360,남양주시,41360570,별내동,4136011100,별내동,4136011100108280007,1,대지,828,7,경기도 남양주시 별내동 828-7,413604391803,경기도 남양주시 덕송2로10번길,15,86,4136011100108280007000001,,경기도 남양주시 덕송2로10번길 15-86,472501,12097,,,,127.115848139381,37.6674907124225
MA010120220801706946,벨로브,,G2,소매,G213,오락용품 소매,G21305,자전거 소매업,G47632,자전거 및 기타 운송장비 소매업,11,서울특별시,11215,광진구,11215780,능동,1121510200,능동,1121510200102460001,1,대지,246,1,서울특별시 광진구 능동 246-1,112152000008,서울특별시 광진구 천호대로,602,,1121510200102460001006249,삼흥빌딩,서울특별시 광진구 천호대로 602,143849,04987,,1,,127.084324858474,37.5549118733899
MA010120220801694787,주원바이크,,G2,소매,G213,오락용품 소매,G21305,자전거 소매업,G47632,자전거 및 기타 운송장비 소매업,41,경기도,41150,의정부시,41150510,의정부1동,4115010100,의정부동,4115010100101650001,1,대지,165,1,경기도 의정부시 의정부동 165-1,411503215066,경기도 의정부시 평화로,483,,4115010100101650001013631,,경기도 의정부시 평화로 483,480011,11696,,,,127.047647417982,37.7350840929505
MA010120220801694806,자전거,백화점,G2,소매,G213,오락용품 소매,G21305,자전거 소매업,G47632,자전거 및 기타 운송장비 소매업,41,경기도,41150,의정부시,41150520,의정부2동,4115010100,의정부동,4115010100105820002,1,대지,582,2,경기도 의정부시 의정부동 582-2,411503181004,경기도 의정부시 경의로,92,,4115010100105820002014764,,경기도 의정부시 경의로 92,480850,11655,,,,127.045604004865,37.7328324755856
MA010120220801707079,Dr.K두바퀴세상,,G2,소매,G213,오락용품 소매,G21305,자전거 소매업,G47632,자전거 및 기타 운송장비 소매업,41,경기도,41150,의정부시,41150510,의정부1동,4115010100,의정부동,4115010100102260001,1,대지,226,1,경기도 의정부시 의정부동 226-1,411503181002,경기도 의정부시 가능로,152,,4115010100102260001004864,,경기도 의정부시 가능로 152,480844,11690,,,,127.047881935589,37.7469227326092
MA010120220801718051,영일자전거용품,,G2,소매,G213,오락용품 소매,G21305,자전거 소매업,G47632,자전거 및 기타 운송장비 소매업,41,경기도,41250,동두천시,41250566,송내동,4125010200,지행동,4125010200106800002,1,대지,680,2,경기도 동두천시 지행동 680-2,412503189002,경기도 동두천시 거북마루로,24,,4125010200106800002001596,,경기도 동두천시 거북마루로 24,483010,11348,,,,127.048580788899,37.8958145725834
MA010120220801688384,정진자전거,,G2,소매,G213,오락용품 소매,G21305,자전거 소매업,G47632,자전거 및 기타 운송장비 소매업,41,경기도,41630,양주시,41630310,은현면,4163031024,은현면,4163031024104170022,1,대지,417,22,경기도 양주시 은현면 봉암리 417-22,416304436156,경기도 양주시 은현면 봉암5길,11,,4163031024104170022008478,,경기도 양주시 은현면 봉암5길 11,482862,11425,,,,127.005912969052,37.9078250304743
MA010120220801710287,가나스포츠덕정점,,G2,소매,G213,오락용품 소매,G21305,자전거 소매업,G47632,자전거 및 기타 운송장비 소매업,41,경기도,41630,양주시,41630530,회천1동,4163011000,덕정동,4163011000103460009,1,대지,346,9,경기도 양주시 덕정동 346-9,416303212010,경기도 양주시 독바위로,5,,4163011000103460009013658,,경기도 양주시 독바위로 5,482060,11451,,,,127.062916191543,37.8409219356263
MA010120220801692717,개풍오토바이센타,,G2,소매,G213,오락용품 소매,G21305,자전거 소매업,G47632,자전거 및 기타 운송장비 소매업,51,강원특별자치도,51780,철원군,51780256,갈말읍,5178025622,갈말읍,5178025622100380011,1,대지,38,11,강원특별자치도 철원군 갈말읍 지포리 38-11,517803230012,강원특별자치도 철원군 갈말읍 명성로,173,,4278025622100380011033928,,강원특별자치도 철원군 갈말읍 명성로 173,269802,24043,,,,127.307677328112,38.1471494073042
MA010120220801707841,알톤스포츠,옥정점,G2,소매,G213,오락용품 소매,G21305,자전거 소매업,G47632,자전거 및 기타 운송장비 소매업,41,경기도,41630,양주시,41630580,옥정2동,4163011400,옥정동,4163011400110590001,1,대지,1059,1,경기도 양주시 옥정동 1059-1,416304852460,경기도 양주시 옥정동로5나길,83,3,4163011400110590001000001,,경기도 양주시 옥정동로5나길 83-3,482130,11476,,,,127.096502574907,37.8176905930848
MA010120220801693363,자전거의모든것,,G2,소매,G213,오락용품 소매,G21305,자전거 소매업,G47632,자전거 및 기타 운송장비 소매업,41,경기도,41150,의정부시,41150568,신곡2동,4115010400,신곡동,4115010400104890005,1,대지,489,5,경기도 의정부시 신곡동 489-5,411503181009,경기도 의정부시 능곡로,56,,4115010400104780005031314,,경기도 의정부시 능곡로 56,480833,11746,,1,,127.06181184602,37.7427087277154
MA010120220801696713,엠엔모터스,,G2,소매,G213,오락용품 소매,G21305,자전거 소매업,G47632,자전거 및 기타 운송장비 소매업,41,경기도,41630,양주시,41630510,양주1동,4163010300,남방동,4163010300105400005,1,대지,540,5,경기도 양주시 남방동 540-5,416303212027,경기도 양주시 녹양로,221,,4163010300105400007006543,,경기도 양주시 녹양로 221,482040,11501,,,,127.03400439771,37.7698481416701
MA010120220801702744,공공칠,,G2,소매,G213,오락용품 소매,G21305,자전거 소매업,G47632,자전거 및 기타 운송장비 소매업,41,경기도,41150,의정부시,41150510,의정부1동,4115010100,의정부동,4115010100103580010,1,대지,358,10,경기도 의정부시 의정부동 358-10,411504343205,경기도 의정부시 시민로160번길,14,,4115010100103580010000397,,경기도 의정부시 시민로160번길 14,480011,11698,,1,,127.052719638241,37.7367397182806
MA010120220801760868,한일상사,,G2,소매,G213,오락용품 소매,G21305,자전거 소매업,G47632,자전거 및 기타 운송장비 소매업,41,경기도,41287,고양시 일산서구,41287530,일산3동,4128710100,일산동,4128710100111010000,1,대지,1101,,경기도 고양시 일산서구 일산동 1101,412873193028,경기도 고양시 일산서구 일산로,502,,4128710100111010000006381,후곡마을청구14단지,경기도 고양시 일산서구 일산로 502,411736,10356,,,,126.771824754081,37.6762195565704
MA010120220801745854,자전거종합할인매장금촌MTB,,G2,소매,G213,오락용품 소매,G21305,자전거 소매업,G47632,자전거 및 기타 운송장비 소매업,41,경기도,41480,파주시,41480510,금촌1동,4148010100,금촌동,4148010100107700002,1,대지,770,2,경기도 파주시 금촌동 770-2,414803206129,경기도 파주시 중앙로,259,,4148010100107700002026155,,경기도 파주시 중앙로 259,413011,10923,,,,126.77776637716,37.7591652898887
MA010120220801758419,삼천리자전거일산,대리점,G2,소매,G213,오락용품 소매,G21305,자전거 소매업,G47632,자전거 및 기타 운송장비 소매업,41,경기도,41287,고양시 일산서구,41287520,일산2동,4128710100,일산동,4128710100105760032,1,대지,576,32,경기도 고양시 일산서구 일산동 576-32,412873194019,경기도 고양시 일산서구 원일로,123,,4128710100105760032007750,,경기도 고양시 일산서구 원일로 123,411864,10340,,,,126.775810486845,37.6852189476969
MA010120220801758515,삼천리자전거,,G2,소매,G213,오락용품 소매,G21305,자전거 소매업,G47632,자전거 및 기타 운송장비 소매업,47,경상북도,47130,경주시,47130259,외동읍,4713025921,외동읍,4713025921110050008,1,대지,1005,8,경상북도 경주시 외동읍 입실리 1005-8,471304716017,경상북도 경주시 외동읍 입실로3길,4,,4713025921110050008072073,,경상북도 경주시 외동읍 입실로3길 4,780827,38213,,,,129.32405912647,35.7144785993826
MA010120220801767649,문촌자전거랜드,,G2,소매,G213,오락용품 소매,G21305,자전거 소매업,G47632,자전거 및 기타 운송장비 소매업,41,경기도,41287,고양시 일산서구,41287560,주엽2동,4128710200,주엽동,4128710200100230000,1,대지,23,,경기도 고양시 일산서구 주엽동 23,412873193052,경기도 고양시 일산서구 주엽로,158,,4128710200100230000002018,문촌마을주공9단지,경기도 고양시 일산서구 주엽로 158,411748,10388,,,,126.759401109357,37.672645016064
MA010120220801786148,삼천리자전거,,G2,소매,G213,오락용품 소매,G21305,자전거 소매업,G47632,자전거 및 기타 운송장비 소매업,41,경기도,41281,고양시 덕양구,41281621,화정1동,4128112300,화정동,4128112300108840000,1,대지,884,,경기도 고양시 덕양구 화정동 884,412814376196,경기도 고양시 덕양구 은빛로77번길,73,,4128112300108840000013303,,경기도 고양시 덕양구 은빛로77번길 73,412826,10478,,,,126.835576851729,37.6400341497585
MA010120220801756272,삼천리자전거,서초점,G2,소매,G213,오락용품 소매,G21305,자전거 소매업,G47632,자전거 및 기타 운송장비 소매업,11,서울특별시,11650,서초구,11650651,양재1동,1165010200,양재동,1165010200100800006,1,대지,80,6,서울특별시 서초구 양재동 80-6,116504163477,서울특별시 서초구 양재천로21길,29,,1165010200100800006005712,정인빌딩,서울특별시 서초구 양재천로21길 29,137890,06748,,,,127.039150933748,37.4770076900721
MA010120220801761323,삼천리자전거,,G2,소매,G213,오락용품 소매,G21305,자전거 소매업,G47632,자전거 및 기타 운송장비 소매업,41,경기도,41281,고양시 덕양구,41281622,화정2동,4128112300,화정동,4128112300109880000,1,대지,988,,경기도 고양시 덕양구 화정동 988,412813192098,경기도 고양시 덕양구 화정로,86,,4128112300109880000012899,옥빛마을신덕12단지,경기도 고양시 덕양구 화정로 86,412744,10499,,,,126.835578824401,37.6339975583077
MA010120220801759004,신일산삼천리,대리점,G2,소매,G213,오락용품 소매,G21305,자전거 소매업,G47632,자전거 및 기타 운송장비 소매업,41,경기도,41287,고양시 일산서구,41287550,주엽1동,4128710200,주엽동,4128710200101010000,1,대지,101,,경기도 고양시 일산서구 주엽동 101,412873194006,경기도 고양시 일산서구 강선로,35,,4128710200101010000016039,강선마을두산14단지,경기도 고양시 일산서구 강선로 35,411742,10385,,,,126.762884816955,37.6678768871317
MA010120220801759162,삼영사,,G2,소매,G213,오락용품 소매,G21305,자전거 소매업,G47632,자전거 및 기타 운송장비 소매업,41,경기도,41285,고양시 일산동구,41285560,마두1동,4128510500,마두동,4128510500107310000,1,대지,731,,경기도 고양시 일산동구 마두동 731,412853193041,경기도 고양시 일산동구 강촌로,157,,4128510500107310000005532,서울코아빌딩,경기도 고양시 일산동구 강촌로 157,410810,10417,,,,126.790977211789,37.6536675022096
MA010120220801771487,바이크월드,,G2,소매,G213,오락용품 소매,G21305,자전거 소매업,G47632,자전거 및 기타 운송장비 소매업,41,경기도,41281,고양시 덕양구,41281621,화정1동,4128112300,화정동,4128112300108580000,1,대지,858,,경기도 고양시 덕양구 화정동 858,412813192052,경기도 고양시 덕양구 어울림로,14,,4128112300108580000017926,달빛마을극동1단지,경기도 고양시 덕양구 어울림로 14,412735,10472,,,,126.832964907858,37.6477789356128
MA010120220801762129,화정MTB,,G2,소매,G213,오락용품 소매,G21305,자전거 소매업,G47632,자전거 및 기타 운송장비 소매업,41,경기도,41281,고양시 덕양구,41281622,화정2동,4128112300,화정동,4128112300111450000,1,대지,1145,,경기도 고양시 덕양구 화정동 1145,412813192038,경기도 고양시 덕양구 성신로,22,,4128112300111450000011749,백년프라자,경기도 고양시 덕양구 성신로 22,412827,10503,,1,,126.831027706149,37.627567104513
MA010120220801765676,새움공업사,,G2,소매,G213,오락용품 소매,G21305,자전거 소매업,G47632,자전거 및 기타 운송장비 소매업,41,경기도,41480,파주시,41480262,조리읍,4148026221,조리읍,4148026221101550007,1,대지,155,7,경기도 파주시 조리읍 봉일천리 155-7,414803012034,경기도 파주시 조리읍 고봉로,1027,,4148026221101550007035489,,경기도 파주시 조리읍 고봉로 1027,413823,10937,,,,126.807336780337,37.7429008382063
MA010120220801757781,벽제바이크,,G2,소매,G213,오락용품 소매,G21305,자전거 소매업,G47632,자전거 및 기타 운송장비 소매업,41,경기도,41281,고양시 덕양구,41281600,관산동,4128111800,관산동,4128111800101780029,1,대지,178,29,경기도 고양시 덕양구 관산동 178-29,412813000008,경기도 고양시 덕양구 통일로,752,,4128111800101780029005627,,경기도 고양시 덕양구 통일로 752,412802,10285,,,,126.866921846619,37.6875643482544
MA010120220801785144,한양레스포,,G2,소매,G213,오락용품 소매,G21305,자전거 소매업,G47632,자전거 및 기타 운송장비 소매업,41,경기도,41287,고양시 일산서구,41287530,일산3동,4128710100,일산동,4128710100110660000,1,대지,1066,,경기도 고양시 일산서구 일산동 1066,412873194037,경기도 고양시 일산서구 후곡로,32,,4128710100110660000006326,한양금호상가,경기도 고양시 일산서구 후곡로 32,411731,10374,,,,126.764444476403,37.6800522189792
MA010120220801766653,대성사,,G2,소매,G213,오락용품 소매,G21305,자전거 소매업,G47632,자전거 및 기타 운송장비 소매업,41,경기도,41281,고양시 덕양구,41281540,성사1동,4128110600,성사동,4128110600107000010,1,대지,700,10,경기도 고양시 덕양구 성사동 700-10,412812192001,경기도 고양시 덕양구 고양대로,1359,8,4128110600107000010013932,,경기도 고양시 덕양구 고양대로 1359-8,412807,10464,,,,126.835826850041,37.6551439760069
MA010120220801782434,자전거마트,,G2,소매,G213,오락용품 소매,G21305,자전거 소매업,G47632,자전거 및 기타 운송장비 소매업,41,경기도,41390,시흥시,41390593,정왕3동,4139013200,정왕동,4139013200118610003,1,대지,1861,3,경기도 시흥시 정왕동 1861-3,413902012007,경기도 시흥시 정왕대로,64,,4139013200118610003013876,정왕동2,경기도 시흥시 정왕대로 64,429864,15040,,1,,126.723523740363,37.3542516126616
MA010120220801751189,삼천리자전거성사,대리점,G2,소매,G213,오락용품 소매,G21305,자전거 소매업,G47632,자전거 및 기타 운송장비 소매업,41,경기도,41281,고양시 덕양구,41281540,성사1동,4128110600,성사동,4128110600107030008,1,대지,703,8,경기도 고양시 덕양구 성사동 703-8,412812192001,경기도 고양시 덕양구 고양대로,1381,,4128110600107030008013872,남지빌딩,경기도 고양시 덕양구 고양대로 1381,412807,10464,,,,126.837596019873,37.6545427673027
MA010120220801745408,삼천리자전거,,G2,소매,G213,오락용품 소매,G21305,자전거 소매업,G47632,자전거 및 기타 운송장비 소매업,41,경기도,41480,파주시,41480510,금촌1동,4148010100,금촌동,4148010100103290321,1,대지,329,321,경기도 파주시 금촌동 329-321,414803206045,경기도 파주시 새꽃로,170,,4148010100103290321000140,,경기도 파주시 새꽃로 170,413801,10929,,,,126.771986330266,37.7640915331781
MA010120220801818879,삼천리자전거,,G2,소매,G213,오락용품 소매,G21305,자전거 소매업,G47632,자전거 및 기타 운송장비 소매업,41,경기도,41285,고양시 일산동구,41285551,백석1동,4128510600,백석동,4128510600111900000,1,대지,1190,,경기도 고양시 일산동구 백석동 1190,412853193041,경기도 고양시 일산동구 강촌로,118,,4128510600111900000005029,백송마을삼호풍림5단지,경기도 고양시 일산동구 강촌로 118,410720,10419,,,,126.786937607086,37.6515699990073
MA010120220801803102,MTBPRINCE,,G2,소매,G213,오락용품 소매,G21305,자전거 소매업,G47632,자전거 및 기타 운송장비 소매업,41,경기도,41287,고양시 일산서구,41287560,주엽2동,4128710200,주엽동,4128710200101330000,1,대지,133,,경기도 고양시 일산서구 주엽동 133,412873194032,경기도 고양시 일산서구 킨텍스로,308,,4128710200101330000002049,문촌마을세경14단지,경기도 고양시 일산서구 킨텍스로 308,411750,10384,,,,126.753508723311,37.6720832526183
MA010120220801809714,꿈꾸는자전거,,G2,소매,G213,오락용품 소매,G21305,자전거 소매업,G47632,자전거 및 기타 운송장비 소매업,41,경기도,41285,고양시 일산동구,41285590,장항2동,4128510400,장항동,4128510400107270002,1,대지,727,2,경기도 고양시 일산동구 장항동 727-2,412853192094,경기도 고양시 일산동구 중앙로,1341,,4128510400107270002009439,청원레이크빌제2차,경기도 고양시 일산동구 중앙로 1341,410837,10366,,1,,126.768482669852,37.6646534936672
MA010120220801795711,잼있는바이크,,G2,소매,G213,오락용품 소매,G21305,자전거 소매업,G47632,자전거 및 기타 운송장비 소매업,41,경기도,41285,고양시 일산동구,41285590,장항2동,4128510400,장항동,4128510400108640003,1,대지,864,3,경기도 고양시 일산동구 장항동 864-3,412854379187,경기도 고양시 일산동구 중앙로1261번길,79,,4128510400108640003009178,하이베라스,경기도 고양시 일산동구 중앙로1261번길 79,410837,10402,,,,126.769945835875,37.6569529803527
MA010120220801822881,엔조이벨로,,G2,소매,G213,오락용품 소매,G21305,자전거 소매업,G47632,자전거 및 기타 운송장비 소매업,41,경기도,41287,고양시 일산서구,41287600,덕이동,4128710500,덕이동,4128710500102190008,1,대지,219,8,경기도 고양시 일산서구 덕이동 219-8,412873194012,경기도 고양시 일산서구 덕이로,20,,4128710500102190008003892,제,경기도 고양시 일산서구 덕이로 20,411808,10237,,2,,126.757011148371,37.6894883742569
MA010120220801807907,한세아이엔티,,G2,소매,G213,오락용품 소매,G21305,자전거 소매업,G47632,자전거 및 기타 운송장비 소매업,41,경기도,41285,고양시 일산동구,41285560,마두1동,4128510500,마두동,4128510500109160007,1,대지,916,7,경기도 고양시 일산동구 마두동 916-7,412853193015,경기도 고양시 일산동구 산두로,4,16,4128510500109160007005621,및,경기도 고양시 일산동구 산두로 4-16,410812,10412,,1,,126.787900078615,37.6597976873827
MA010120220801801518,삼천리자전거,,G2,소매,G213,오락용품 소매,G21305,자전거 소매업,G47632,자전거 및 기타 운송장비 소매업,41,경기도,41281,고양시 덕양구,41281640,행신1동,4128112800,행신동,4128112800109890000,1,대지,989,,경기도 고양시 덕양구 행신동 989,412813192095,경기도 고양시 덕양구 충장로,84,,4128112800109890000010910,호,경기도 고양시 덕양구 충장로 84,412835,10518,,,,126.834238168477,37.6204088181533
MA010120220801797740,찬스바이크,,G2,소매,G213,오락용품 소매,G21305,자전거 소매업,G47632,자전거 및 기타 운송장비 소매업,41,경기도,41285,고양시 일산동구,41285570,마두2동,4128510500,마두동,4128510500107590000,1,대지,759,,경기도 고양시 일산동구 마두동 759,412853193003,경기도 고양시 일산동구 강송로,180,,4128510500107590001005534,백마프라자,경기도 고양시 일산동구 강송로 180,410811,10416,,,,126.78380085437,37.6547267355175
MA010120220801831414,옥자옥길자전거,,G2,소매,G213,오락용품 소매,G21305,자전거 소매업,G47632,자전거 및 기타 운송장비 소매업,41,경기도,41194,부천시 소사구,41194560,옥길동,4119410600,옥길동,4119410600107130008,1,대지,713,8,경기도 부천시 소사구 옥길동 713-8,411944853794,경기도 부천시 소사구 양지로166번길,7,,4119011500107130008000001,,경기도 부천시 소사구 양지로166번길 7,422080,14784,,1,,126.820182118303,37.4692548120045
MA010120220801843380,엔비스포츠주,,G2,소매,G213,오락용품 소매,G21305,자전거 소매업,G47632,자전거 및 기타 운송장비 소매업,41,경기도,41285,고양시 일산동구,41285580,장항1동,4128510400,장항동,4128510400105460000,1,대지,546,,경기도 고양시 일산동구 장항동 546,412853193030,경기도 고양시 일산동구 장항로,313,4,4128510400105460000004663,,경기도 고양시 일산동구 장항로 313-4,410835,10428,,5,,126.764763442837,37.6436442774352
MA010120220801849866,나누우리주,,G2,소매,G213,오락용품 소매,G21305,자전거 소매업,G47632,자전거 및 기타 운송장비 소매업,41,경기도,41281,고양시 덕양구,41281610,능곡동,4128112000,토당동,4128112000108310001,1,대지,831,1,경기도 고양시 덕양구 토당동 831-1,412813192066,경기도 고양시 덕양구 토당로,166,,4128112000108310001012840,동아2빌딩,경기도 고양시 덕양구 토당로 166,412820,10507,,,,126.821000404952,37.6283181566103
MA010120220801864131,신광릉내자전거,,G2,소매,G213,오락용품 소매,G21305,자전거 소매업,G47632,자전거 및 기타 운송장비 소매업,41,경기도,41360,남양주시,41360253,진접읍,4136025325,진접읍,4136025325107510001,1,대지,751,1,경기도 남양주시 진접읍 부평리 751-1,413603197006,경기도 남양주시 진접읍 광릉내로,12,,4136025325107510001000001,,경기도 남양주시 진접읍 광릉내로 12,472864,12020,,,,127.197798169209,37.7411354461709
MA010120220801847550,기흥모터스유,일산점,G2,소매,G213,오락용품 소매,G21305,자전거 소매업,G47632,자전거 및 기타 운송장비 소매업,41,경기도,41287,고양시 일산서구,41287600,덕이동,4128710500,덕이동,4128710500102620011,1,대지,262,11,경기도 고양시 일산서구 덕이동 262-11,412873012061,경기도 고양시 일산서구 경의로,835,4,4128710500102620011003836,,경기도 고양시 일산서구 경의로 835-4,411808,10237,,,,126.759077937879,37.6919612859674
MA010120220801875169,스트릿오토,,G2,소매,G213,오락용품 소매,G21305,자전거 소매업,G45212,자동차용 전용 신품 부품 판매업,41,경기도,41117,수원시 영통구,41117550,원천동,4111710200,원천동,4111710200105770001,1,대지,577,1,경기도 수원시 영통구 원천동 577-1,411174331226,경기도 수원시 영통구 광교중앙로25번길,17,,4111710200105770001000001,,경기도 수원시 영통구 광교중앙로25번길 17,443380,16500,,,,127.050492211292,37.2776786871479
MA010120220801893933,두바이시클,,G2,소매,G213,오락용품 소매,G21305,자전거 소매업,G47632,자전거 및 기타 운송장비 소매업,41,경기도,41465,용인시 수지구,41465510,풍덕천1동,4146510100,풍덕천동,4146510100107420003,1,대지,742,3,경기도 용인시 수지구 풍덕천동 742-3,414654415170,경기도 용인시 수지구 풍덕천로197번길,3,3,4146510100107420003025303,,경기도 용인시 수지구 풍덕천로197번길 3-3,448554,16832,,1,,127.102110925056,37.3269591134638
MA010120220801888281,삼천리자전거,,G2,소매,G213,오락용품 소매,G21305,자전거 소매업,G47632,자전거 및 기타 운송장비 소매업,41,경기도,41133,성남시 중원구,41133540,금광2동,4113310300,금광동,4113310300146070000,1,대지,4607,,경기도 성남시 중원구 금광동 4607,411332179002,경기도 성남시 중원구 산성대로,422,1,4113310300146070000060660,,경기도 성남시 중원구 산성대로 422-1,462805,13170,,,,127.159315036309,37.4494439617388
MA010120220803504784,지원사,,G2,소매,G213,오락용품 소매,G21305,자전거 소매업,G47632,자전거 및 기타 운송장비 소매업,11,서울특별시,11320,도봉구,11320700,방학2동,1132010600,방학동,1132010600106680006,1,대지,668,6,서울특별시 도봉구 방학동 668-6,113203005048,서울특별시 도봉구 방학로,178,,1132010600106680006001621,,서울특별시 도봉구 방학로 178,132848,01357,,1,,127.032357320883,37.6624616330852
MA010120220803553316,런바이크,,G2,소매,G213,오락용품 소매,G21305,자전거 소매업,G47632,자전거 및 기타 운송장비 소매업,26,부산광역시,26260,동래구,26260545,명륜동,2626010700,명륜동,2626010700105240001,1,대지,524,1,부산광역시 동래구 명륜동 524-1,262603130018,부산광역시 동래구 온천천로,195,,2626010700105240001009363,,부산광역시 동래구 온천천로 195,607804,47816,,,,129.07912705414,35.202061523868
MA010120220803543711,자이언트청주,,G2,소매,G213,오락용품 소매,G21305,자전거 소매업,G47632,자전거 및 기타 운송장비 소매업,43,충청북도,43111,청주시 상당구,43111730,용암2동,4311112400,용암동,4311112400117980000,1,대지,1798,,충청북도 청주시 상당구 용암동 1798,431114508225,충청북도 청주시 상당구 무농정로15번길,1,,4311112400117980000000001,,충청북도 청주시 상당구 무농정로15번길 1,360825,28782,,,,127.504800245033,36.6061003937398
MA010120220803532435,바이크라이크,,G2,소매,G213,오락용품 소매,G21305,자전거 소매업,G47632,자전거 및 기타 운송장비 소매업,41,경기도,41173,안양시 동안구,41173630,갈산동,4117310400,호계동,4117310400110850000,1,대지,1085,,경기도 안양시 동안구 호계동 1085,411733183001,경기도 안양시 동안구 갈산로,67,10,4117310400110850000005043,,경기도 안양시 동안구 갈산로 67-10,431800,14109,,1,,126.959681326297,37.3777692667701
MA010120220803572844,트랙맨스튜디오,,G2,소매,G213,오락용품 소매,G21305,자전거 소매업,G47632,자전거 및 기타 운송장비 소매업,26,부산광역시,26410,금정구,26410680,구서1동,2641010700,구서동,2641010700100760003,1,대지,76,3,부산광역시 금정구 구서동 76-3,264103130034,부산광역시 금정구 체육공원로,57,,2641010700100760003007535,,부산광역시 금정구 체육공원로 57,609854,46251,,1,,129.097471137874,35.2489200290832
MA010120220803614724,더원,,G2,소매,G213,오락용품 소매,G21305,자전거 소매업,G47632,자전거 및 기타 운송장비 소매업,11,서울특별시,11350,노원구,11350595,공릉1동,1135010300,공릉동,1135010300105960027,1,대지,596,27,서울특별시 노원구 공릉동 596-27,113504130172,서울특별시 노원구 동일로176길,9,,1135010300105960027016520,,서울특별시 노원구 동일로176길 9,139807,01848,,2,,127.075529267713,37.6200776077813
MA010120220803615924,평화윤업사,,G2,소매,G213,오락용품 소매,G21305,자전거 소매업,G47632,자전거 및 기타 운송장비 소매업,11,서울특별시,11230,동대문구,11230560,전농1동,1123010400,전농동,1123010400104930072,1,대지,493,72,서울특별시 동대문구 전농동 493-72,112303005025,서울특별시 동대문구 답십리로,51,,1123010400104930072028576,,서울특별시 동대문구 답십리로 51,130857,02558,,,,127.047036868354,37.5766646388057
MA010120220803581139,바이크피트,,G2,소매,G213,오락용품 소매,G21305,자전거 소매업,G47632,자전거 및 기타 운송장비 소매업,43,충청북도,43130,충주시,43130550,용산동,4313010600,용산동,4313010600114050001,1,대지,1405,1,충청북도 충주시 용산동 1405-1,431303238083,충청북도 충주시 형설로,99,1,4313010600114050001008571,,충청북도 충주시 형설로 99-1,380090,27399,,,,127.939284574028,36.9628459234414
MA010120220803626347,바이크랜드,,G2,소매,G213,오락용품 소매,G21305,자전거 소매업,G47632,자전거 및 기타 운송장비 소매업,41,경기도,41360,남양주시,41360565,다산2동,4136011200,다산동,4136011200105670009,1,대지,567,9,경기도 남양주시 다산동 567-9,413603197002,경기도 남양주시 가운로,1,,4136010700105670009011257,,경기도 남양주시 가운로 1,,12259,,,,127.158572586192,37.6060569508043
MA010120220803613909,삼천리,,G2,소매,G213,오락용품 소매,G21305,자전거 소매업,G47632,자전거 및 기타 운송장비 소매업,11,서울특별시,11230,동대문구,11230570,전농2동,1123010400,전농동,1123010400100350003,1,대지,35,3,서울특별시 동대문구 전농동 35-3,112303005034,서울특별시 동대문구 사가정로,119,,1123010400100350003026482,,서울특별시 동대문구 사가정로 119,130850,02507,,,,127.058267835037,37.5779300313778
MA010120220803621261,선혜상사,,G2,소매,G213,오락용품 소매,G21305,자전거 소매업,G47632,자전거 및 기타 운송장비 소매업,11,서울특별시,11230,동대문구,11230545,제기동,1123010300,제기동,1123010300110000000,1,대지,1000,,서울특별시 동대문구 제기동 1000,112303105008,서울특별시 동대문구 왕산로,159,1,1123010300110000000034644,,서울특별시 동대문구 왕산로 159-1,130865,02571,,,,127.04101565897,37.5790725387927
MA010120220803634029,엠앤엠코퍼레이션,,G2,소매,G213,오락용품 소매,G21305,자전거 소매업,G47632,자전거 및 기타 운송장비 소매업,41,경기도,41450,하남시,41450600,초이동,4145012200,초일동,4145012200100850000,1,대지,85,,경기도 하남시 초일동 85,414503202042,경기도 하남시 풍초로,138,,4145012200100850000008851,,경기도 하남시 풍초로 138,465220,12985,,,,127.182306635577,37.5397635907294
MA010120220803637454,명문,,G2,소매,G213,오락용품 소매,G21305,자전거 소매업,G47632,자전거 및 기타 운송장비 소매업,11,서울특별시,11230,동대문구,11230560,전농1동,1123010400,전농동,1123010400106790011,1,대지,679,11,서울특별시 동대문구 전농동 679-11,112303005025,서울특별시 동대문구 답십리로,41,,1123010400106790011028733,,서울특별시 동대문구 답십리로 41,130859,02558,,1,,127.046154043991,37.5769533054425
MA010120220803643359,바이크러쉬,,G2,소매,G213,오락용품 소매,G21305,자전거 소매업,G47632,자전거 및 기타 운송장비 소매업,11,서울특별시,11440,마포구,11440660,서교동,1144012000,서교동,1144012000102470056,1,대지,247,56,서울특별시 마포구 서교동 247-56,114403113020,서울특별시 마포구 잔다리로,127,1,1144012000102470056009770,,서울특별시 마포구 잔다리로 127-1,121896,03997,,1,,126.913000501514,37.5581535228895
MA010120220803656540,BIKELAB,,G2,소매,G213,오락용품 소매,G21305,자전거 소매업,G47632,자전거 및 기타 운송장비 소매업,11,서울특별시,11260,중랑구,11260600,중화1동,1126010300,중화동,1126010300102810033,1,대지,281,33,서울특별시 중랑구 중화동 281-33,112604118102,서울특별시 중랑구 동일로140길,12,,1126010300102810033013280,,서울특별시 중랑구 동일로140길 12,131875,02050,,,,127.079793905147,37.6041543298937
MA010120220803669443,트래픽라이트,,G2,소매,G213,오락용품 소매,G21305,자전거 소매업,G47632,자전거 및 기타 운송장비 소매업,11,서울특별시,11260,중랑구,11260655,망우본동,1126010500,망우동,1126010500103640050,1,대지,364,50,서울특별시 중랑구 망우동 364-50,112604118483,서울특별시 중랑구 용마산로116길,6,,1126010500103640050006692,아름빌딩,서울특별시 중랑구 용마산로116길 6,131802,02176,,,,127.100896420426,37.5991647097684
MA010120220803631201,제기자건거,,G2,소매,G213,오락용품 소매,G21305,자전거 소매업,G47632,자전거 및 기타 운송장비 소매업,11,서울특별시,11230,동대문구,11230545,제기동,1123010300,제기동,1123010300108180003,1,대지,818,3,서울특별시 동대문구 제기동 818-3,112303105006,서울특별시 동대문구 약령시로,73,1,1123010300108180003031355,,서울특별시 동대문구 약령시로 73-1,130864,02478,,,,127.038210095124,37.5830288424899
MA010120220803663711,아이디바이크,,G2,소매,G213,오락용품 소매,G21305,자전거 소매업,G47632,자전거 및 기타 운송장비 소매업,41,경기도,41360,남양주시,41360545,다산1동,4136011200,다산동,4136011200160300003,1,대지,6030,3,경기도 남양주시 다산동 6030-3,413603351597,경기도 남양주시 다산중앙로172번길,44,,4136011200157790001000002,에이스플러스모닝프라자,경기도 남양주시 다산중앙로172번길 44,,12285,,1,,127.157124306219,37.6282141663854
MA010120220803660475,케이앤바이크샵,,G2,소매,G213,오락용품 소매,G21305,자전거 소매업,G47632,자전거 및 기타 운송장비 소매업,11,서울특별시,11230,동대문구,11230650,장안1동,1123010600,장안동,1123010600104480001,1,대지,448,1,서울특별시 동대문구 장안동 448-1,112304115570,서울특별시 동대문구 천호대로85길,40,,1123010600104480001015872,대명,서울특별시 동대문구 천호대로85길 40,130845,02644,,3,,127.06708513829,37.5635815072351
MA010120220803644294,철'SMTB,,G2,소매,G213,오락용품 소매,G21305,자전거 소매업,G47632,자전거 및 기타 운송장비 소매업,11,서울특별시,11230,동대문구,11230705,청량리동,1123010700,청량리동,1123010700102050648,1,대지,205,648,서울특별시 동대문구 청량리동 205-648,112304115475,서울특별시 동대문구 제기로17길,37,,1123010700102050606012224,,서울특별시 동대문구 제기로17길 37,130868,02471,,1,,127.040794373358,37.5884789850208
MA010120220803661313,제이씨스포츠,,G2,소매,G213,오락용품 소매,G21305,자전거 소매업,G47632,자전거 및 기타 운송장비 소매업,11,서울특별시,11260,중랑구,11260630,묵2동,1126010400,묵동,1126010400102330100,1,대지,233,100,서울특별시 중랑구 묵동 233-100,112603106011,서울특별시 중랑구 중랑천로,364,,1126010400102330100032111,,서울특별시 중랑구 중랑천로 364,131851,02001,,지,,127.075468770759,37.6162574580205
MA010120220803651389,자전거나라,,G2,소매,G213,오락용품 소매,G21305,자전거 소매업,G47632,자전거 및 기타 운송장비 소매업,11,서울특별시,11260,중랑구,11260550,면목5동,1126010100,면목동,1126010100101740005,1,대지,174,5,서울특별시 중랑구 면목동 174-5,112603005029,서울특별시 중랑구 겸재로,86,,1126010100101740005022472,,서울특별시 중랑구 겸재로 86,131822,02230,,1,,127.07739682853,37.5859198607944
MA010120220803651446,벨로픽스,,G2,소매,G213,오락용품 소매,G21305,자전거 소매업,G47632,자전거 및 기타 운송장비 소매업,11,서울특별시,11260,중랑구,11260610,중화2동,1126010300,중화동,1126010300103320110,1,대지,332,110,서울특별시 중랑구 중화동 332-110,112603106011,서울특별시 중랑구 중랑천로,212,,1126010300103320110010168,,서울특별시 중랑구 중랑천로 212,131882,02015,,1,,127.074312185347,37.603590285083
MA010120220803648842,CMB바이크,,G2,소매,G213,오락용품 소매,G21305,자전거 소매업,G47632,자전거 및 기타 운송장비 소매업,11,서울특별시,11260,중랑구,11260540,면목4동,1126010100,면목동,1126010100103830003,1,대지,383,3,서울특별시 중랑구 면목동 383-3,112604118057,서울특별시 중랑구 답십리로77길,19,,1126010100103830003025229,,서울특별시 중랑구 답십리로77길 19,131830,02246,,,,127.081503329494,37.5724472398101
MA010120220805083457,매드기어,,G2,소매,G213,오락용품 소매,G21305,자전거 소매업,G47632,자전거 및 기타 운송장비 소매업,43,충청북도,43112,청주시 서원구,43112530,사창동,4311210200,사창동,4311210200103160024,1,대지,316,24,충청북도 청주시 서원구 사창동 316-24,431123237064,충청북도 청주시 서원구 예체로,92,,4311310200103160024000001,,충청북도 청주시 서원구 예체로 92,362833,28650,,2,,127.469003580509,36.6343078763256
MA010120220805099159,엠바이크,,G2,소매,G213,오락용품 소매,G21305,자전거 소매업,G47632,자전거 및 기타 운송장비 소매업,47,경상북도,47130,경주시,47130590,선도동,4713011400,충효동,4713011400105470002,1,대지,547,2,경상북도 경주시 충효동 547-2,471303305061,경상북도 경주시 태종로,420,,4713011400105480002036040,,경상북도 경주시 태종로 420,780972,38057,,1,,129.176126661906,35.8441149994276
MA010120220805087318,비케이제이,,G2,소매,G213,오락용품 소매,G21305,자전거 소매업,G47632,자전거 및 기타 운송장비 소매업,28,인천광역시,28200,남동구,28200521,구월3동,2820010100,구월동,2820010100110920001,1,대지,1092,1,인천광역시 남동구 구월동 1092-1,282003008002,인천광역시 남동구 구월남로,84,,2820010100110920001001796,,인천광역시 남동구 구월남로 84,405824,21559,,1,,126.698599871771,37.4534738552186
MA010120220805103527,바이크비,,G2,소매,G213,오락용품 소매,G21305,자전거 소매업,G47632,자전거 및 기타 운송장비 소매업,11,서울특별시,11200,성동구,11200690,성수2가3동,1120011500,성수동2가,1120011500102990055,1,대지,299,55,서울특별시 성동구 성수동2가 299-55,112004109031,서울특별시 성동구 광나루로4가길,8,,1120011500102990055003632,,서울특별시 성동구 광나루로4가길 8,133833,04792,,1,,127.054341432353,37.5493703218892
MA010120220805097517,타운바이크팩토리협동조합,,G2,소매,G213,오락용품 소매,G21305,자전거 소매업,G47632,자전거 및 기타 운송장비 소매업,41,경기도,41410,군포시,41410560,금정동,4141010500,금정동,4141010500107580005,1,대지,758,5,경기도 군포시 금정동 758-5,414104400146,경기도 군포시 당산로135번길,41,,4141010500107580005006344,진영빌딩,경기도 군포시 당산로135번길 41,435830,15831,,,,126.942554058909,37.3622465222328
MA010120220805077689,엠스피드,,G2,소매,G213,오락용품 소매,G21305,자전거 소매업,G47632,자전거 및 기타 운송장비 소매업,44,충청남도,44230,논산시,44230520,부창동,4423010400,부창동,4423010400103950019,1,대지,395,19,충청남도 논산시 부창동 395-19,442303000095,충청남도 논산시 계백로,821,,4423010600104050005000001,,충청남도 논산시 계백로 821,320080,32959,,,,127.074912255873,36.191479803614
MA010120220805128920,영주종합스포츠,,G2,소매,G213,오락용품 소매,G21305,자전거 소매업,G47632,자전거 및 기타 운송장비 소매업,47,경상북도,47210,영주시,47210510,상망동,4721010200,상망동,4721010200100160008,1,대지,16,8,경상북도 영주시 상망동 16-8,472103309081,경상북도 영주시 봉화로,125,,4721010200200220012000001,,경상북도 영주시 봉화로 125,750904,36065,,,,128.665062751414,36.8425411141437
MA010120220805146241,자전거스페이스,,G2,소매,G213,오락용품 소매,G21305,자전거 소매업,G47632,자전거 및 기타 운송장비 소매업,44,충청남도,44133,천안시 서북구,44133520,성정2동,4413310200,성정동,4413310200106490001,1,대지,649,1,충청남도 천안시 서북구 성정동 649-1,441332249004,충청남도 천안시 서북구 쌍용대로,278,,4413310200106490001050786,,충청남도 천안시 서북구 쌍용대로 278,331973,31138,,,,127.136854554936,36.8219552000056
MA010120220805189045,콘스탄틴,,G2,소매,G213,오락용품 소매,G21305,자전거 소매업,G47632,자전거 및 기타 운송장비 소매업,11,서울특별시,11710,송파구,11710520,풍납2동,1171010300,풍납동,1171010300102030024,1,대지,203,24,서울특별시 송파구 풍납동 203-24,117103123024,서울특별시 송파구 풍성로,4,,1171010300102030024024022,,서울특별시 송파구 풍성로 4,138877,05525,,2,,127.113029825293,37.5353542304241
MA010120220805149967,제이바이크,,G2,소매,G213,오락용품 소매,G21305,자전거 소매업,G47632,자전거 및 기타 운송장비 소매업,43,충청북도,43745,증평군,43745250,증평읍,4374525027,증평읍,4374525027101980000,1,대지,198,,충청북도 증평군 증평읍 장동리 198,437454532130,충청북도 증평군 증평읍 윗장뜰길,97,,4374525027101980000001516,,충청북도 증평군 증평읍 윗장뜰길 97,368901,27925,,,,127.585989231351,36.7874026037574
MA010120220805164865,성대자전거,,G2,소매,G213,오락용품 소매,G21305,자전거 소매업,G47632,자전거 및 기타 운송장비 소매업,41,경기도,41111,수원시 장안구,41111566,율천동,4111113200,율전동,4111113200103950041,1,대지,395,41,경기도 수원시 장안구 율전동 395-41,411113175039,경기도 수원시 장안구 율전로,87,,4111113200103950041044368,,경기도 수원시 장안구 율전로 87,440827,16361,,1,,126.968341135063,37.2972738001067
MA010120220805187559,삼형바이크,,G2,소매,G213,오락용품 소매,G21305,자전거 소매업,G47632,자전거 및 기타 운송장비 소매업,27,대구광역시,27230,북구,27230735,태전2동,2723012600,태전동,2723012600104720005,1,대지,472,5,대구광역시 북구 태전동 472-5,272302145001,대구광역시 북구 칠곡중앙대로,232,,2723012600104720005041842,,대구광역시 북구 칠곡중앙대로 232,702865,41467,,1,,128.548683039763,35.9167161674913
MA010120220805174025,베랑길자전거,해운대,G2,소매,G213,오락용품 소매,G21305,자전거 소매업,G47632,자전거 및 기타 운송장비 소매업,26,부산광역시,26350,해운대구,26350525,우3동,2635010500,우동,2635010500114050000,1,대지,1405,,부산광역시 해운대구 우동 1405,263503133004,부산광역시 해운대구 마린시티2로,2,,2635010500114050000011274,마린파크,부산광역시 해운대구 마린시티2로 2,612020,48092,,,,129.144239431622,35.1593287860931
MA010120220805174430,알톤자전거,,G2,소매,G213,오락용품 소매,G21305,자전거 소매업,G47632,자전거 및 기타 운송장비 소매업,31,울산광역시,31710,울주군,31710256,온양읍,3171025621,온양읍,3171025621106450003,1,대지,645,3,울산광역시 울주군 온양읍 발리 645-3,317104319468,울산광역시 울주군 온양읍 상발3길,6,9,3171025621106450003000001,,울산광역시 울주군 온양읍 상발3길 6-9,689904,44976,,,,129.293844938722,35.4070838827909
MA010120220805174517,한천바이크,,G2,소매,G213,오락용품 소매,G21305,자전거 소매업,G47632,자전거 및 기타 운송장비 소매업,47,경상북도,47900,예천군,47900250,예천읍,4790025025,예천읍,4790025025102450065,1,대지,245,65,경상북도 예천군 예천읍 남본리 245-65,479003323024,경상북도 예천군 예천읍 시장로,62,,4790025025102450064042463,,경상북도 예천군 예천읍 시장로 62,757803,36828,,1,,128.451346873252,36.6544941990336
MA010120220805210460,댑스터컴퍼니,,G2,소매,G213,오락용품 소매,G21305,자전거 소매업,G47632,자전거 및 기타 운송장비 소매업,41,경기도,41360,남양주시,41360250,와부읍,4136025021,와부읍,4136025021103370000,1,대지,337,,경기도 남양주시 와부읍 덕소리 337,413604391473,경기도 남양주시 와부읍 석실로316번길,8,55,4136025021103370000022669,,경기도 남양주시 와부읍 석실로316번길 8-55,472901,12204,,,,127.220670926901,37.5995601562185
MA010120220805228841,사공일구이커뮤니티,,G2,소매,G213,오락용품 소매,G21305,자전거 소매업,G47632,자전거 및 기타 운송장비 소매업,11,서울특별시,11440,마포구,11440700,망원2동,1144012300,망원동,1144012300104530039,1,대지,453,39,서울특별시 마포구 망원동 453-39,114403113006,서울특별시 마포구 망원로,5,,1144012300104530039027519,,서울특별시 마포구 망원로 5,121825,03954,,2,,126.897577409337,37.555969748216
MA010120220805211107,야타,,G2,소매,G213,오락용품 소매,G21305,자전거 소매업,G47632,자전거 및 기타 운송장비 소매업,41,경기도,41273,안산시 단원구,41273545,원곡동,4127310800,원곡동,4127310800109940000,1,대지,994,,경기도 안산시 단원구 원곡동 994,412733012031,경기도 안산시 단원구 산단로,348,,4127310800109940000017317,,경기도 안산시 단원구 산단로 348,425850,15431,,,,126.786403540792,37.3264499703308
MA010120220805200803,씽씽바이크,,G2,소매,G213,오락용품 소매,G21305,자전거 소매업,G47632,자전거 및 기타 운송장비 소매업,44,충청남도,44270,당진시,44270510,당진1동,4427010100,읍내동,4427010100101650003,1,대지,165,3,충청남도 당진시 읍내동 165-3,442704595066,충청남도 당진시 교동길,123,,4483025021101650003086388,,충청남도 당진시 교동길 123,343920,31777,,,,126.630999207637,36.8916209769815
MA010120220805203545,삼천리유통,,G2,소매,G213,오락용품 소매,G21305,자전거 소매업,G47632,자전거 및 기타 운송장비 소매업,41,경기도,41570,김포시,41570580,운양동,4157010300,운양동,4157010300114210006,1,대지,1421,6,경기도 김포시 운양동 1421-6,415704838108,경기도 김포시 김포한강11로140번길,7,9,4157010400119840006000001,,경기도 김포시 김포한강11로140번길 7-9,415050,10077,,1,,126.680643967212,37.6464288055169
MA010120220805220243,겁쟁이페달,,G2,소매,G213,오락용품 소매,G21305,자전거 소매업,G47632,자전거 및 기타 운송장비 소매업,27,대구광역시,27260,수성구,27260690,고산3동,2726011500,매호동,2726011500113360012,1,대지,1336,12,대구광역시 수성구 매호동 1336-12,272604238095,대구광역시 수성구 달구벌대로627길,22,21,2726011500113360012027570,,대구광역시 수성구 달구벌대로627길 22-21,706140,42268,,1,,128.702742428946,35.8427108526219
MA010120220805201407,길MTB,,G2,소매,G213,오락용품 소매,G21305,자전거 소매업,G47632,자전거 및 기타 운송장비 소매업,44,충청남도,44230,논산시,44230510,취암동,4423010900,내동,4423010900102890019,1,대지,289,19,충청남도 논산시 내동 289-19,442302255001,충청남도 논산시 논산대로,306,3,4423010900102890019047330,,충청남도 논산시 논산대로 306-3,320803,32983,,,,127.095369214353,36.1915373498386
MA010120220801493093,조화자전거총판,,G2,소매,G213,오락용품 소매,G21305,자전거 소매업,G47632,자전거 및 기타 운송장비 소매업,41,경기도,41220,평택시,41220600,원평동,4122011300,평택동,4122011300100840001,1,대지,84,1,경기도 평택시 평택동 84-1,412203188107,경기도 평택시 통복로,1,,4122011300100840001014961,,경기도 평택시 통복로 1,450827,17919,,,,127.082329153284,36.9922495687363
MA010120220801505527,바다,,G2,소매,G213,오락용품 소매,G21305,자전거 소매업,G47632,자전거 및 기타 운송장비 소매업,41,경기도,41550,안성시,41550520,안성2동,4155011800,석정동,4155011800100280006,1,대지,28,6,경기도 안성시 석정동 28-6,415504424621,경기도 안성시 중앙로362번길,17,,4155011800100280006022961,,경기도 안성시 중앙로362번길 17,456240,17581,,,,127.267023687726,37.0072240637842
MA010120220801525074,미오토,,G2,소매,G213,오락용품 소매,G21305,자전거 소매업,G47632,자전거 및 기타 운송장비 소매업,41,경기도,41610,광주시,41610330,도척면,4161033028,도척면,4161033028101050000,1,대지,105,,경기도 광주시 도척면 진우리 105,416104433360,경기도 광주시 도척면 옛진말길,34,,4161033028101050000000001,,경기도 광주시 도척면 옛진말길 34,464883,12814,,,,127.332355352613,37.3279780479515
MA010120220801542154,이천자전거,,G2,소매,G213,오락용품 소매,G21305,자전거 소매업,G47632,자전거 및 기타 운송장비 소매업,41,경기도,41500,이천시,41500340,마장면,4150034021,마장면,4150034021102810013,1,대지,281,13,경기도 이천시 마장면 오천리 281-13,415003207042,경기도 이천시 마장면 오천로,42,1,4150034021102810013000001,,경기도 이천시 마장면 오천로 42-1,467814,17387,,,,127.352507052619,37.2530708705839
MA010120220801512462,런던바이크가뫼레저,,G2,소매,G213,오락용품 소매,G21305,자전거 소매업,G47632,자전거 및 기타 운송장비 소매업,41,경기도,41370,오산시,41370510,중앙동,4137010200,부산동,4137010200101620000,1,대지,162,,경기도 오산시 부산동 162,413703012069,경기도 오산시 경기동로,183,,4137010200101620000000001,,경기도 오산시 경기동로 183,447050,18148,,,,127.091966301869,37.1589856019076
MA010120220801530745,윈엔윈,,G2,소매,G213,오락용품 소매,G21305,자전거 소매업,G47632,자전거 및 기타 운송장비 소매업,41,경기도,41550,안성시,41550360,양성면,4155036021,양성면,4155036021108200009,1,대지,820,9,경기도 안성시 양성면 동항리 820-9,415504424229,경기도 안성시 양성면 동항공단길,19,,4155036021108200009024327,,경기도 안성시 양성면 동항공단길 19,456931,17502,,,,127.181017787304,37.0648930430405
MA010120220801515525,바이크샵,,G2,소매,G213,오락용품 소매,G21305,자전거 소매업,G47632,자전거 및 기타 운송장비 소매업,41,경기도,41220,평택시,41220630,비전2동,4122011800,비전동,4122011800108180003,1,대지,818,3,경기도 평택시 비전동 818-3,412204364172,경기도 평택시 매봉산3길,26,,4122011800108180003017840,,경기도 평택시 매봉산3길 26,450809,17883,,,,127.103094420558,36.9967387651123
MA010120220801509867,존바이크,,G2,소매,G213,오락용품 소매,G21305,자전거 소매업,G47632,자전거 및 기타 운송장비 소매업,41,경기도,41220,평택시,41220600,원평동,4122011300,평택동,4122011300101210003,1,대지,121,3,경기도 평택시 평택동 121-3,412203188070,경기도 평택시 원평1로,24,,4122011300101210003014929,,경기도 평택시 원평1로 24,450827,17922,,1,,127.082786243145,36.9890413933738
MA010120220801498093,삼천리자전거석정점,,G2,소매,G213,오락용품 소매,G21305,자전거 소매업,G47632,자전거 및 기타 운송장비 소매업,41,경기도,41550,안성시,41550520,안성2동,4155011800,석정동,4155011800101310009,1,대지,131,9,경기도 안성시 석정동 131-9,415503208066,경기도 안성시 중앙로,274,14,4155011800101310009000001,,경기도 안성시 중앙로 274-14,456240,17578,,1,,127.258253434986,37.0119290783532
MA010120220801544617,조이바이크,,G2,소매,G213,오락용품 소매,G21305,자전거 소매업,G47632,자전거 및 기타 운송장비 소매업,41,경기도,41500,이천시,41500510,창전동,4150010100,창전동,4150010100104380016,1,대지,438,16,경기도 이천시 창전동 438-16,415003207044,경기도 이천시 이섭대천로,1279,,4150010100104380016008264,창전동구번,경기도 이천시 이섭대천로 1279,467806,17356,,,,127.447106731312,37.2846120111485
MA010120220801545177,종합자전거,,G2,소매,G213,오락용품 소매,G21305,자전거 소매업,G47632,자전거 및 기타 운송장비 소매업,41,경기도,41610,광주시,41610510,경안동,4161010100,경안동,4161010100100920020,1,대지,92,20,경기도 광주시 경안동 92-20,416104433023,경기도 광주시 경안안길,34,,4161010100100920020000001,,경기도 광주시 경안안길 34,464802,12754,,,,127.253986019856,37.4125891258878
MA010120220801540626,수바이크,,G2,소매,G213,오락용품 소매,G21305,자전거 소매업,G47632,자전거 및 기타 운송장비 소매업,41,경기도,41670,여주시,41670510,여흥동,4167010100,상동,4167010100103170005,1,대지,317,5,경기도 여주시 상동 317-5,416703214056,경기도 여주시 청심로,211,,4173025021103170005000001,,경기도 여주시 청심로 211,469101,12620,,,,127.643083579252,37.2954858953112
MA010120220801520197,산타바이크,,G2,소매,G213,오락용품 소매,G21305,자전거 소매업,G47632,자전거 및 기타 운송장비 소매업,41,경기도,41550,안성시,41550520,안성2동,4155011800,석정동,4155011800102750011,1,대지,275,11,경기도 안성시 석정동 275-11,415503208041,경기도 안성시 장기로,7,,4155011800102750011015130,,경기도 안성시 장기로 7,456240,17581,,1,,127.265599579115,37.0080292190454
MA010120220801542278,삼천리자전거,중리점,G2,소매,G213,오락용품 소매,G21305,자전거 소매업,G47632,자전거 및 기타 운송장비 소매업,41,경기도,41500,이천시,41500520,중리동,4150010300,중리동,4150010300101710011,1,대지,171,11,경기도 이천시 중리동 171-11,415003207007,경기도 이천시 남천로,13,,4150010300101710011009376,,경기도 이천시 남천로 13,467808,17375,,1,,127.439051113934,37.2780736385794
MA010120220801520901,윈드바이크삼천리장당점,,G2,소매,G213,오락용품 소매,G21305,자전거 소매업,G47632,자전거 및 기타 운송장비 소매업,41,경기도,41220,평택시,41220510,중앙동,4122010900,이충동,4122010900106100004,1,대지,610,4,경기도 평택시 이충동 610-4,412204364345,경기도 평택시 송탄로40번길,79,6,4122010900106100004003720,우미프라자,경기도 평택시 송탄로40번길 79-6,459030,17785,,1,,127.057908357131,37.0521136537218
MA010120220801579145,대신스포츠,,G2,소매,G213,오락용품 소매,G21305,자전거 소매업,G47632,자전거 및 기타 운송장비 소매업,41,경기도,41500,이천시,41500515,증포동,4150010900,증포동,4150010900101590019,1,대지,159,19,경기도 이천시 증포동 159-19,415003207059,경기도 이천시 갈산로,31,,4150010900101590019000001,,경기도 이천시 갈산로 31,467802,17348,,,,127.456844927686,37.2894223738713
MA010120220801571258,이천자전거,,G2,소매,G213,오락용품 소매,G21305,자전거 소매업,G47632,자전거 및 기타 운송장비 소매업,41,경기도,41500,이천시,41500515,증포동,4150010700,안흥동,4150010700103930002,1,대지,393,2,경기도 이천시 안흥동 393-2,415003207036,경기도 이천시 애련정로,54,,4150010700103930002043361,,경기도 이천시 애련정로 54,467803,17371,,,,127.454114573591,37.2779537385628
MA010120220801590887,승리자전거,,G2,소매,G213,오락용품 소매,G21305,자전거 소매업,G47632,자전거 및 기타 운송장비 소매업,41,경기도,41610,광주시,41610510,경안동,4161011200,역동,4161011200100040004,1,대지,4,4,경기도 광주시 역동 4-4,416104433017,경기도 광주시 경안로25번길,30,,4161011200100040001002868,,경기도 광주시 경안로25번길 30,464838,12760,,,,127.256521488029,37.4074929030233
MA010120220801583526,초월자전거，동성유통,,G2,소매,G213,오락용품 소매,G21305,자전거 소매업,G47632,자전거 및 기타 운송장비 소매업,41,경기도,41610,광주시,41610253,초월읍,4161025321,초월읍,4161025321102480001,1,대지,248,1,경기도 광주시 초월읍 대쌍령리 248-1,416104433204,경기도 광주시 초월읍 무들로47번길,7,,4161025321102480001249536,,경기도 광주시 초월읍 무들로47번길 7,464862,12735,,,,127.29305140384,37.3876666850292
MA010120220801554932,산들자전거삼천리,동부지점,G2,소매,G213,오락용품 소매,G21305,자전거 소매업,G47632,자전거 및 기타 운송장비 소매업,41,경기도,41450,하남시,41450550,덕풍2동,4145010800,덕풍동,4145010800103090080,1,대지,309,80,경기도 하남시 덕풍동 309-80,414502202001,경기도 하남시 하남대로,853,,4145010800103090080006175,,경기도 하남시 하남대로 853,465012,12966,,,,127.203259953212,37.5432072374076
MA010120220801580725,삼천리,대리점,G2,소매,G213,오락용품 소매,G21305,자전거 소매업,G47632,자전거 및 기타 운송장비 소매업,41,경기도,41610,광주시,41610259,곤지암읍,4161025935,곤지암읍,4161025935102770009,1,대지,277,9,경기도 광주시 곤지암읍 신대리 277-9,416103211004,경기도 광주시 곤지암읍 곤지암천로,143,,4161025635102770009258785,,경기도 광주시 곤지암읍 곤지암천로 143,464873,12801,,,,127.328930848971,37.3577124710777
MA010120220801566963,하남자전거,,G2,소매,G213,오락용품 소매,G21305,자전거 소매업,G47632,자전거 및 기타 운송장비 소매업,41,경기도,41450,하남시,41450530,신장2동,4145010600,신장동,4145010600105280005,1,대지,528,5,경기도 하남시 신장동 528-5,414503202012,경기도 하남시 대청로,50,1,4145010600105280005005040,백송한신아파트,경기도 하남시 대청로 50-1,465707,12953,,,,127.217973218284,37.5404059209078
MA010120220801555485,삼천리자전거,상동점,G2,소매,G213,오락용품 소매,G21305,자전거 소매업,G47632,자전거 및 기타 운송장비 소매업,41,경기도,41670,여주시,41670510,여흥동,4167010100,상동,4167010100101560011,1,대지,156,11,경기도 여주시 상동 156-11,416703214056,경기도 여주시 청심로,223,,4173025021101560011057861,,경기도 여주시 청심로 223,469101,12620,,,,127.644365609014,37.295055442019
MA010120220801550342,삼천리자전거,,G2,소매,G213,오락용품 소매,G21305,자전거 소매업,G47632,자전거 및 기타 운송장비 소매업,31,울산광역시,31110,중구,31110610,다운동,3111011200,다운동,3111011200107770005,1,대지,777,5,울산광역시 중구 다운동 777-5,311103011001,울산광역시 중구 다운로,100,,3111011200107770005002575,,울산광역시 중구 다운로 100,681802,44402,,,,129.268190022752,35.5623018921683
MA010120220801558908,삼천리자전거,,G2,소매,G213,오락용품 소매,G21305,자전거 소매업,G47632,자전거 및 기타 운송장비 소매업,41,경기도,41670,여주시,41670520,중앙동,4167010700,하동,4167010700101930006,1,대지,193,6,경기도 여주시 하동 193-6,416703214056,경기도 여주시 청심로,120,,4173025027101930006058450,외,경기도 여주시 청심로 120,469107,12623,,,,127.633603335112,37.2987266459336
MA010120220801546064,현진바이크,,G2,소매,G213,오락용품 소매,G21305,자전거 소매업,G47632,자전거 및 기타 운송장비 소매업,41,경기도,41610,광주시,41610510,경안동,4161010100,경안동,4161010100100860012,1,대지,86,12,경기도 광주시 경안동 86-12,416104433216,경기도 광주시 문화로124번길,26,13,4161010100100860012000001,연세빌리지,경기도 광주시 문화로124번길 26-13,464802,12754,,2,,127.253465021272,37.4121757760807
MA010120220801582455,탄벌자전거,,G2,소매,G213,오락용품 소매,G21305,자전거 소매업,G47632,자전거 및 기타 운송장비 소매업,41,경기도,41610,광주시,41610550,탄벌동,4161010500,탄벌동,4161010500100350036,1,대지,35,36,경기도 광주시 탄벌동 35-36,416103211042,경기도 광주시 통미로,88,,4161010500100350036000001,,경기도 광주시 통미로 88,464100,12739,,,,127.251311942619,37.4168746704094
MA010120220801608610,티바이크카페,,G2,소매,G213,오락용품 소매,G21305,자전거 소매업,G47632,자전거 및 기타 운송장비 소매업,41,경기도,41610,광주시,41610259,곤지암읍,4161025921,곤지암읍,4161025921104560001,1,대지,456,1,경기도 광주시 곤지암읍 곤지암리 456-1,416103211003,경기도 광주시 곤지암읍 곤지암로,105,,4161025621104560001025053,,경기도 광주시 곤지암읍 곤지암로 105,464872,12804,,,,127.339017322288,37.3466554530394
MA010120220801605648,플라이트홀릭리오바이크,,G2,소매,G213,오락용품 소매,G21305,자전거 소매업,G47632,자전거 및 기타 운송장비 소매업,41,경기도,41670,여주시,41670510,여흥동,4167010100,상동,4167010100100600001,1,대지,60,1,경기도 여주시 상동 60-1,416703214054,경기도 여주시 주내로,47,,4173025021100600001057335,별관,경기도 여주시 주내로 47,469101,12634,,1,,127.651575981225,37.2928715343202
MA010120220801602983,오투바이크,,G2,소매,G213,오락용품 소매,G21305,자전거 소매업,G47632,자전거 및 기타 운송장비 소매업,41,경기도,41450,하남시,41450520,신장1동,4145010600,신장동,4145010600104060009,1,대지,406,9,경기도 하남시 신장동 406-9,414502202001,경기도 하남시 하남대로,791,,4145010600104060009005562,,경기도 하남시 하남대로 791,465031,12958,,,,127.209328066475,37.5402413624287
MA010120220801599822,따르릉,,G2,소매,G213,오락용품 소매,G21305,자전거 소매업,G47632,자전거 및 기타 운송장비 소매업,41,경기도,41461,용인시 처인구,41461253,모현읍,4146125321,모현읍,4146125321108120001,1,대지,812,1,경기도 용인시 처인구 모현읍 왕산리 812-1,414614409365,경기도 용인시 처인구 모현읍 백옥대로2366번길,3,1,4146131021108120001036229,,경기도 용인시 처인구 모현읍 백옥대로2366번길 3-1,449854,17035,,,,127.24959393293,37.3348131508703
MA010120220801612561,사이클식스,,G2,소매,G213,오락용품 소매,G21305,자전거 소매업,G47632,자전거 및 기타 운송장비 소매업,41,경기도,41500,이천시,41500530,관고동,4150010200,관고동,4150010200100070010,1,대지,7,10,경기도 이천시 관고동 7-10,415004421529,경기도 이천시 영창로163번길,5,,4150010200100070010009544,,경기도 이천시 영창로163번길 5,467020,17365,,1,,127.440630064045,37.2820052841212
MA010120220801637778,무학자전거,,G2,소매,G213,오락용품 소매,G21305,자전거 소매업,G47632,자전거 및 기타 운송장비 소매업,41,경기도,41150,의정부시,41150510,의정부1동,4115010100,의정부동,4115010100102200085,1,대지,220,85,경기도 의정부시 의정부동 220-85,411503000136,경기도 의정부시 호국로,1297,,4115010100102200085006891,,경기도 의정부시 호국로 1297,480844,11689,,,,127.048345111276,37.7438051925863
MA010120220801640249,천일자전거상사,,G2,소매,G213,오락용품 소매,G21305,자전거 소매업,G47632,자전거 및 기타 운송장비 소매업,41,경기도,41150,의정부시,41150510,의정부1동,4115010100,의정부동,4115010100101310011,1,대지,131,11,경기도 의정부시 의정부동 131-11,411503181060,경기도 의정부시 시민로,136,1,4115010100101310011015628,,경기도 의정부시 시민로 136-1,480011,11697,,,,127.050179098447,37.7377949616937
MA010120220801628922,바로타자,,G2,소매,G213,오락용품 소매,G21305,자전거 소매업,G47632,자전거 및 기타 운송장비 소매업,41,경기도,41610,광주시,41610560,광남1동,4161011100,장지동,4161011100105390002,1,대지,539,2,경기도 광주시 장지동 539-2,416102012002,경기도 광주시 경충대로,1882,5,4161011100105850014000001,,경기도 광주시 경충대로 1882-5,464070,12748,,,,127.231252067444,37.4066890600899
MA010120220801594179,민바이크,,G2,소매,G213,오락용품 소매,G21305,자전거 소매업,G47632,자전거 및 기타 운송장비 소매업,41,경기도,41610,광주시,41610350,남종면,4161035021,남종면,4161035021100440001,1,대지,44,1,경기도 광주시 남종면 분원리 44-1,416103012095,경기도 광주시 남종면 산수로,1604,,4161035021100440001000001,,경기도 광주시 남종면 산수로 1604,464879,12708,,1,,127.303948185909,37.493823425319
MA010120220801607640,바이시클스토리,,G2,소매,G213,오락용품 소매,G21305,자전거 소매업,G47632,자전거 및 기타 운송장비 소매업,41,경기도,41450,하남시,41450540,덕풍1동,4145010800,덕풍동,4145010800104200053,1,대지,420,53,경기도 하남시 덕풍동 420-53,414503202049,경기도 하남시 신평로,39,12,4145010800104200053004329,덕풍동,경기도 하남시 신평로 39-12,465011,12978,,1,,127.20358390811,37.537503358996
MA010120220801597856,생활속의자전거,,G2,소매,G213,오락용품 소매,G21305,자전거 소매업,G47632,자전거 및 기타 운송장비 소매업,41,경기도,41610,광주시,41610610,능평동,4161011600,능평동,4161011600101940033,1,대지,194,33,경기도 광주시 능평동 194-33,416103211009,경기도 광주시 능평로,116,11,4161025023101940033000001,,경기도 광주시 능평로 116-11,464892,12773,,2,,127.170806407095,37.3490001715346
MA010120220801684987,나사자동차용품,,G2,소매,G213,오락용품 소매,G21305,자전거 소매업,G47632,자전거 및 기타 운송장비 소매업,51,강원특별자치도,51780,철원군,51780256,갈말읍,5178025622,갈말읍,5178025622101110002,1,대지,111,2,강원특별자치도 철원군 갈말읍 지포리 111-2,517804490112,강원특별자치도 철원군 갈말읍 명성로125번길,4,,4278025622101110002032908,,강원특별자치도 철원군 갈말읍 명성로125번길 4,269802,24045,,,,127.307010082866,38.1430970847853
MA010120220801647998,하트바이크,,G2,소매,G213,오락용품 소매,G21305,자전거 소매업,G47632,자전거 및 기타 운송장비 소매업,41,경기도,41250,동두천시,41250565,불현동,4125010200,지행동,4125010200107290000,1,대지,729,,경기도 동두천시 지행동 729,412504367201,경기도 동두천시 평화로2313번길,1,,4125010200107290000000001,,경기도 동두천시 평화로2313번길 1,483020,11356,,,,127.057197398119,37.8941619708297
MA010120220801645957,국도자전거,,G2,소매,G213,오락용품 소매,G21305,자전거 소매업,G47632,자전거 및 기타 운송장비 소매업,41,경기도,41150,의정부시,41150510,의정부1동,4115010100,의정부동,4115010100101300012,1,대지,130,12,경기도 의정부시 의정부동 130-12,411503181062,경기도 의정부시 태평로,51,1,4115010100101300012000441,,경기도 의정부시 태평로 51-1,480011,11697,,1,,127.051335881183,37.7371998236016
MA010120220801660896,자전거이야기,,G2,소매,G213,오락용품 소매,G21305,자전거 소매업,G47632,자전거 및 기타 운송장비 소매업,41,경기도,41650,포천시,41650250,소흘읍,4165025021,소흘읍,4165025021101030001,1,대지,103,1,경기도 포천시 소흘읍 송우리 103-1,416503213022,경기도 포천시 소흘읍 솔모루로,114,,4165025021101030004015038,명지빌딩,경기도 포천시 소흘읍 솔모루로 114,487823,11174,,,,127.149249729315,37.8310057527646
MA010120220801669227,송우자전거,,G2,소매,G213,오락용품 소매,G21305,자전거 소매업,G47632,자전거 및 기타 운송장비 소매업,41,경기도,41650,포천시,41650250,소흘읍,4165025021,소흘읍,4165025021101410016,1,대지,141,16,경기도 포천시 소흘읍 송우리 141-16,416503213022,경기도 포천시 소흘읍 솔모루로,64,,4165025021101410016013674,,경기도 포천시 소흘읍 솔모루로 64,487823,11179,,,,127.145664673401,37.8275055262921
MA010120220801646302,삼천리자전거,대리점,G2,소매,G213,오락용품 소매,G21305,자전거 소매업,G47632,자전거 및 기타 운송장비 소매업,41,경기도,41150,의정부시,41150615,흥선동,4115011000,가능동,4115011000107380034,1,대지,738,34,경기도 의정부시 가능동 738-34,411503181037,경기도 의정부시 의정로,118,,4115011000107380034006414,,경기도 의정부시 의정로 118,480812,11667,,,,127.035070215676,37.7435305894533
MA010120220801664583,우리바이크,,G2,소매,G213,오락용품 소매,G21305,자전거 소매업,G47632,자전거 및 기타 운송장비 소매업,41,경기도,41630,양주시,41630550,회천3동,4163011500,고암동,4163011500103430011,1,대지,343,11,경기도 양주시 고암동 343-11,416304436344,경기도 양주시 청담로243번길,27,,4163011500103430005056676,외,경기도 양주시 청담로243번길 27,482010,11458,,,,127.0691460094,37.820962283218
MA010120220801686079,삼천리자전거동송,대리점,G2,소매,G213,오락용품 소매,G21305,자전거 소매업,G47632,자전거 및 기타 운송장비 소매업,51,강원특별자치도,51780,철원군,51780259,동송읍,5178025921,동송읍,5178025921107050017,1,대지,705,17,강원특별자치도 철원군 동송읍 이평리 705-17,517803230005,강원특별자치도 철원군 동송읍 금학로,199,,4278025921107050017023258,,강원특별자치도 철원군 동송읍 금학로 199,269816,24018,,,,127.218963005878,38.20656449144
MA010120220801658956,삼천리자전거포천,대리점,G2,소매,G213,오락용품 소매,G21305,자전거 소매업,G47632,자전거 및 기타 운송장비 소매업,41,경기도,41650,포천시,41650510,포천동,4165010100,신읍동,4165010100101530009,1,대지,153,9,경기도 포천시 신읍동 153-9,416503213033,경기도 포천시 왕방로,215,,4165010100101530009000001,,경기도 포천시 왕방로 215,487804,11141,,,,127.199666367414,37.8999347427094
MA010120220801670042,자전거판매,,G2,소매,G213,오락용품 소매,G21305,자전거 소매업,G47632,자전거 및 기타 운송장비 소매업,41,경기도,41150,의정부시,41150615,흥선동,4115011000,가능동,4115011000107420002,1,대지,742,2,경기도 의정부시 가능동 742-2,411503181057,경기도 의정부시 흥선로,74,4,4115011000107420002011654,,경기도 의정부시 흥선로 74-4,480819,11672,,,,127.03493372599,37.7428098548964
MA010120220801672763,삼천리자전거,지행점,G2,소매,G213,오락용품 소매,G21305,자전거 소매업,G47632,자전거 및 기타 운송장비 소매업,41,경기도,41250,동두천시,41250520,생연2동,4125010300,생연동,4125010300107140012,1,대지,714,12,경기도 동두천시 생연동 714-12,412503189031,경기도 동두천시 중앙로,165,,4125010300107140012001380,은혜빌딩,경기도 동두천시 중앙로 165,483032,11344,,1,,127.052105584156,37.896281556705
MA010120220801648992,동북자전거,,G2,소매,G213,오락용품 소매,G21305,자전거 소매업,G47632,자전거 및 기타 운송장비 소매업,41,경기도,41250,동두천시,41250535,중앙동,4125010300,생연동,4125010300105890041,1,대지,589,41,경기도 동두천시 생연동 589-41,412503189012,경기도 동두천시 생연로,166,,4125010300105890042006038,,경기도 동두천시 생연로 166,483800,11328,,,,127.052556797037,37.9072638693843
MA010120220801662046,쌍용자전거총판,,G2,소매,G213,오락용품 소매,G21305,자전거 소매업,G47632,자전거 및 기타 운송장비 소매업,41,경기도,41150,의정부시,41150555,호원2동,4115010200,호원동,4115010200103400016,1,대지,340,16,경기도 의정부시 호원동 340-16,411504343136,경기도 의정부시 백석로52번길,47,,4115010200103400016015191,,경기도 의정부시 백석로52번길 47,480867,11632,,,,127.044239866831,37.7280848794023
MA010120220801680519,바이크닥터,,G2,소매,G213,오락용품 소매,G21305,자전거 소매업,G47632,자전거 및 기타 운송장비 소매업,41,경기도,41150,의정부시,41150567,신곡1동,4115010400,신곡동,4115010400107030001,1,대지,703,1,경기도 의정부시 신곡동 703-1,411503181039,경기도 의정부시 장곡로,322,,4115010400107030001001832,,경기도 의정부시 장곡로 322,480834,11729,,1,,127.054803734143,37.7321798589075
MA010120220801649154,신곡,대리점,G2,소매,G213,오락용품 소매,G21305,자전거 소매업,G47632,자전거 및 기타 운송장비 소매업,41,경기도,41150,의정부시,41150568,신곡2동,4115010400,신곡동,4115010400106710011,1,대지,671,11,경기도 의정부시 신곡동 671-11,411504343352,경기도 의정부시 추동로23번길,17,,4115010400106710011007809,,경기도 의정부시 추동로23번길 17,480833,11740,,,,127.057683086383,37.744134351128
MA010120220801659580,알톤자전거,,G2,소매,G213,오락용품 소매,G21305,자전거 소매업,G47632,자전거 및 기타 운송장비 소매업,11,서울특별시,11710,송파구,11710647,위례동,1171010900,장지동,1171010900108800000,1,대지,880,,서울특별시 송파구 장지동 880,117103000238,서울특별시 송파구 위례광장로,193,,1171010900108800000000001,,서울특별시 송파구 위례광장로 193,138926,05849,,1,,127.142198141772,37.4817309870888
MA010120220801647258,삼천리자전거,,G2,소매,G213,오락용품 소매,G21305,자전거 소매업,G47632,자전거 및 기타 운송장비 소매업,41,경기도,41150,의정부시,41150510,의정부1동,4115010100,의정부동,4115010100103990007,1,대지,399,7,경기도 의정부시 의정부동 399-7,411504343402,경기도 의정부시 평화로426번길,53,,4115010100103990007002390,,경기도 의정부시 평화로426번길 53,480011,11702,,,,127.050490500303,37.7285779021146
MA010120220801652518,동두천MTB,,G2,소매,G213,오락용품 소매,G21305,자전거 소매업,G47632,자전거 및 기타 운송장비 소매업,41,경기도,41250,동두천시,41250535,중앙동,4125010300,생연동,4125010300104900008,1,대지,490,8,경기도 동두천시 생연동 490-8,412503215066,경기도 동두천시 평화로,2475,1,4125010300104900008007121,,경기도 동두천시 평화로 2475-1,483130,11315,,,,127.058198119975,37.9089189512304
MA010120220801681305,BORNBIKE,,G2,소매,G213,오락용품 소매,G21305,자전거 소매업,G47632,자전거 및 기타 운송장비 소매업,41,경기도,41250,동두천시,41250566,송내동,4125010100,송내동,4125010100104460002,1,대지,446,2,경기도 동두천시 송내동 446-2,412503215066,경기도 동두천시 평화로,2085,,4125010100104460002000546,,경기도 동두천시 평화로 2085,483010,11355,,,,127.057920771097,37.8742326659078
MA010120220801645631,신촌자전거,,G2,소매,G213,오락용품 소매,G21305,자전거 소매업,G47632,자전거 및 기타 운송장비 소매업,41,경기도,41150,의정부시,41150595,가능동,4115011000,가능동,4115011000106030022,1,대지,603,22,경기도 의정부시 가능동 603-22,411503181061,경기도 의정부시 신촌로,3,,4115011000106030022009371,일부,경기도 의정부시 신촌로 3,480813,11676,,1,,127.03471033602,37.7503600355505
MA010120220803310811,이바이크탑전기자전거,,G2,소매,G213,오락용품 소매,G21305,자전거 소매업,G47632,자전거 및 기타 운송장비 소매업,11,서울특별시,11470,양천구,11470510,목1동,1147010200,목동,1147010200104040005,1,대지,404,5,서울특별시 양천구 목동 404-5,114704142233,서울특별시 양천구 신목로2길,68,,1147010200104040005000001,오목빌딩,서울특별시 양천구 신목로2길 68,158806,08007,,,,126.877349269047,37.5238298366112
MA010120220803312297,바이크사천,,G2,소매,G213,오락용품 소매,G21305,자전거 소매업,G47632,자전거 및 기타 운송장비 소매업,48,경상남도,48240,사천시,48240250,사천읍,4824025022,사천읍,4824025022100270007,1,대지,27,7,경상남도 사천시 사천읍 정의리 27-7,482403019010,경상남도 사천시 사천읍 구암두문로,92,,4824025022100270007060369,,경상남도 사천시 사천읍 구암두문로 92,664807,52517,,,,128.096062104103,35.0891056677073
MA010120220803323609,임대호싸이클,,G2,소매,G213,오락용품 소매,G21305,자전거 소매업,G47632,자전거 및 기타 운송장비 소매업,26,부산광역시,26290,남구,26290600,용호4동,2629010700,용호동,2629010700105410001,1,대지,541,1,부산광역시 남구 용호동 541-1,262904193239,부산광역시 남구 용호로216번길,9,,2629010700105410001000001,,부산광역시 남구 용호로216번길 9,608838,48568,,,,129.110320008533,35.1129474147831
MA010120220803313038,동훈스포츠,,G2,소매,G213,오락용품 소매,G21305,자전거 소매업,G47632,자전거 및 기타 운송장비 소매업,11,서울특별시,11500,강서구,11500615,우장산동,1150010300,화곡동,1150010300100950041,1,대지,95,41,서울특별시 강서구 화곡동 95-41,115003005069,서울특별시 강서구 화곡로,231,,1150010300100950041018714,,서울특별시 강서구 화곡로 231,157870,07695,,,,126.844666790575,37.5459019131354
MA010120220803353452,준바이크,,G2,소매,G213,오락용품 소매,G21305,자전거 소매업,G47632,자전거 및 기타 운송장비 소매업,30,대전광역시,30170,서구,30170570,가장동,3017010900,가장동,3017010900100320023,1,대지,32,23,대전광역시 서구 가장동 32-23,301702010003,대전광역시 서구 동서대로,1147,,3017010900100320023017442,,대전광역시 서구 동서대로 1147,302803,35310,,,,127.387875932274,36.3280266922264
MA010120220803396025,어반바이크,,G2,소매,G213,오락용품 소매,G21305,자전거 소매업,G47632,자전거 및 기타 운송장비 소매업,11,서울특별시,11470,양천구,11470510,목1동,1147010200,목동,1147010200104080076,1,대지,408,76,서울특별시 양천구 목동 408-76,114704142305,서울특별시 양천구 오목로52길,9,,1147010200104080076021007,,서울특별시 양천구 오목로52길 9,158806,08003,,1,,126.867064341605,37.5248548602005
MA010120220803393673,바이크테크,,G2,소매,G213,오락용품 소매,G21305,자전거 소매업,G47632,자전거 및 기타 운송장비 소매업,28,인천광역시,28200,남동구,28200710,논현고잔동,2820011100,고잔동,2820011100106480001,1,대지,648,1,인천광역시 남동구 고잔동 648-1,282003008031,인천광역시 남동구 호구포로,189,,2820011100106480001015142,남동테크노타워,인천광역시 남동구 호구포로 189,405817,21644,,1,,126.707666938001,37.4004178848187
MA010120220803405061,올바이크,,G2,소매,G213,오락용품 소매,G21305,자전거 소매업,G47632,자전거 및 기타 운송장비 소매업,47,경상북도,47130,경주시,47130530,황오동,4713010500,황오동,4713010500101180011,1,대지,118,11,경상북도 경주시 황오동 118-11,471303305048,경상북도 경주시 원효로,145,5,4713010500101180011000001,,경상북도 경주시 원효로 145-5,780957,38153,,,,129.216889746805,35.842297321229
MA010120220803391357,바이케이션,,G2,소매,G213,오락용품 소매,G21305,자전거 소매업,G47632,자전거 및 기타 운송장비 소매업,41,경기도,41570,김포시,41570253,고촌읍,4157025325,고촌읍,4157025325107070000,1,대지,707,,경기도 김포시 고촌읍 전호리 707,415704427679,경기도 김포시 고촌읍 아라육로58번길,97,,4157025325107070000000001,희락회관,경기도 김포시 고촌읍 아라육로58번길 97,415816,10136,,3,,126.789559147665,37.5939386442299
MA010120220803422869,봄bike,,G2,소매,G213,오락용품 소매,G21305,자전거 소매업,G47632,자전거 및 기타 운송장비 소매업,41,경기도,41281,고양시 덕양구,41281580,창릉동,4128111200,동산동,4128111200103520003,1,대지,352,3,경기도 고양시 덕양구 동산동 352-3,412813194066,경기도 고양시 덕양구 동세로,15,,4128111200103520003000001,MS빌딩,경기도 고양시 덕양구 동세로 15,412090,10598,,,,126.886544839779,37.644202658246
MA010120220803452446,미래바이크,,G2,소매,G213,오락용품 소매,G21305,자전거 소매업,G47632,자전거 및 기타 운송장비 소매업,41,경기도,41410,군포시,41410540,산본1동,4141010400,산본동,4141010400100970042,1,대지,97,42,경기도 군포시 산본동 97-42,414103200004,경기도 군포시 군포로,763,1,4141010400100970042009557,,경기도 군포시 군포로 763-1,435839,15805,,1,,126.942139206394,37.3732838911122
MA010120220803434802,자전거가게,,G2,소매,G213,오락용품 소매,G21305,자전거 소매업,G47632,자전거 및 기타 운송장비 소매업,47,경상북도,47170,안동시,47170585,서구동,4717012600,금곡동,4717012600101160015,1,대지,116,15,경상북도 안동시 금곡동 116-15,471703307019,경상북도 안동시 서동문로,77,,4717012600101160015014272,,경상북도 안동시 서동문로 77,760250,36670,,,,128.720267375475,36.5667665589162
MA010120220803438550,달려라사능자전거,,G2,소매,G213,오락용품 소매,G21305,자전거 소매업,G47632,자전거 및 기타 운송장비 소매업,41,경기도,41360,남양주시,41360259,진건읍,4136025925,진건읍,4136025925107940089,1,대지,794,89,경기도 남양주시 진건읍 용정리 794-89,413603197050,경기도 남양주시 진건읍 진건오남로,49,4,4136025925107940089009340,,경기도 남양주시 진건읍 진건오남로 49-4,472835,12138,,,,127.178724834169,37.6554922290773
MA010120220803451971,삼천리자전거,,G2,소매,G213,오락용품 소매,G21305,자전거 소매업,G47632,자전거 및 기타 운송장비 소매업,41,경기도,41150,의정부시,41150576,송산2동,4115010600,민락동,4115010600106260017,1,대지,626,17,경기도 의정부시 민락동 626-17,411503181027,경기도 의정부시 승지로,1,,4115010600106260017018329,,경기도 의정부시 승지로 1,480861,11808,,,,127.089649772925,37.7388707338939
MA010120220804931101,알톤자전거,,G2,소매,G213,오락용품 소매,G21305,자전거 소매업,G47632,자전거 및 기타 운송장비 소매업,44,충청남도,44800,홍성군,44800256,홍북읍,4480025625,홍북읍,4480025625109420000,1,대지,942,,충청남도 홍성군 홍북읍 신경리 942,448002015002,충청남도 홍성군 홍북읍 충남대로,140,,4480031025109420000000001,에스에프씨타워,충청남도 홍성군 홍북읍 충남대로 140,350831,32260,,1,,126.686280501548,36.6560846989697
MA010120220804931785,알톤스포츠,금호점,G2,소매,G213,오락용품 소매,G21305,자전거 소매업,G47632,자전거 및 기타 운송장비 소매업,29,광주광역시,29140,서구,29140824,금호2동,2914013000,금호동,2914013000108520006,1,대지,852,6,광주광역시 서구 금호동 852-6,291403000074,광주광역시 서구 회재로,889,,2914013000108520006025413,,광주광역시 서구 회재로 889,502858,62022,,,,126.861264521639,35.1225536409939
MA010120220804922892,블랙씨바이크,,G2,소매,G213,오락용품 소매,G21305,자전거 소매업,G47632,자전거 및 기타 운송장비 소매업,41,경기도,41590,화성시,41590630,동탄9동,4159013400,목동,4159013400104540007,1,대지,454,7,경기도 화성시 목동 454-7,415904852425,경기도 화성시 왕배산3길,21,,4159013400102660008000001,,경기도 화성시 왕배산3길 21,,18490,,1,,127.12637446941,37.1815794194726
MA010120220804909853,벨로벨로,,G2,소매,G213,오락용품 소매,G21305,자전거 소매업,G47632,자전거 및 기타 운송장비 소매업,27,대구광역시,27140,동구,27140747,안심4동,2714011600,동호동,2714011600100060002,1,대지,6,2,대구광역시 동구 동호동 6-2,271403142014,대구광역시 동구 반야월로,205,,2714011600100060002024854,동호빌딩,대구광역시 동구 반야월로 205,701848,41127,,1,,128.710992214593,35.8722768013268
MA010120220804912695,진야드코퍼레이션,,G2,소매,G213,오락용품 소매,G21305,자전거 소매업,G47632,자전거 및 기타 운송장비 소매업,11,서울특별시,11710,송파구,11710642,문정2동,1171010800,문정동,1171010800102910000,1,대지,291,,서울특별시 송파구 문정동 291,117103123017,서울특별시 송파구 충민로,10,,1171010800104090003000001,가든파이브툴,서울특별시 송파구 충민로 10,138962,05840,,3,,127.119388027962,37.4782693339906
MA010120220804948357,알톤스포츠당리점,,G2,소매,G213,오락용품 소매,G21305,자전거 소매업,G47632,자전거 및 기타 운송장비 소매업,26,부산광역시,26380,사하구,26380550,당리동,2638010200,당리동,2638010200103360026,1,대지,336,26,부산광역시 사하구 당리동 336-26,263802006002,부산광역시 사하구 낙동대로,359,,2638010200103360026035872,,부산광역시 사하구 낙동대로 359,604830,49398,,,,128.978054140843,35.1014627421445
MA010120220804959698,휠스캠프,,G2,소매,G213,오락용품 소매,G21305,자전거 소매업,G47632,자전거 및 기타 운송장비 소매업,31,울산광역시,31140,남구,31140570,삼산동,3114010600,삼산동,3114010600116470005,1,대지,1647,5,울산광역시 남구 삼산동 1647-5,311404310381,울산광역시 남구 산업로625번길,18,,3114010600116470005004799,,울산광역시 남구 산업로625번길 18,680815,44716,,1,,129.349566802894,35.5375675572317
MA010120220804963079,백세의료기,,G2,소매,G213,오락용품 소매,G21305,자전거 소매업,G47632,자전거 및 기타 운송장비 소매업,41,경기도,41281,고양시 덕양구,41281610,능곡동,4128112000,토당동,4128112000108320000,1,대지,832,,경기도 고양시 덕양구 토당동 832,412813192066,경기도 고양시 덕양구 토당로,168,,4128112000108320000012874,일부,경기도 고양시 덕양구 토당로 168,412820,10507,,4,,126.821283397235,37.6284086841138
MA010120220804947081,왁티,,G2,소매,G213,오락용품 소매,G21305,자전거 소매업,G47632,자전거 및 기타 운송장비 소매업,11,서울특별시,11680,강남구,11680510,신사동,1168010700,신사동,1168010700105320000,1,대지,532,,서울특별시 강남구 신사동 532,116804166506,서울특별시 강남구 압구정로10길,7,,1168010700105320000027669,아티즌빌딩,서울특별시 강남구 압구정로10길 7,135888,06028,,3,,127.022036663937,37.5231526435104
MA010120220805017964,삼천리자전거장평,대리점,G2,소매,G213,오락용품 소매,G21305,자전거 소매업,G47632,자전거 및 기타 운송장비 소매업,48,경상남도,48310,거제시,48310570,장평동,4831010800,장평동,4831010800103200005,1,대지,320,5,경상남도 거제시 장평동 320-5,483103337045,경상남도 거제시 장평3로,44,,4831010800103200005012383,,경상남도 거제시 장평3로 44,656927,53265,,,,128.609339980827,34.8926808868786
MA010120220805010242,신흥자전거,,G2,소매,G213,오락용품 소매,G21305,자전거 소매업,G47632,자전거 및 기타 운송장비 소매업,47,경상북도,47130,경주시,47130530,황오동,4713010500,황오동,4713010500101440042,1,대지,144,42,경상북도 경주시 황오동 144-42,471303305048,경상북도 경주시 원효로,175,1,4713010500101440042028753,,경상북도 경주시 원효로 175-1,780958,38152,,,,129.220306234173,35.8417927047681
MA010120220805005586,팍스바이시클,,G2,소매,G213,오락용품 소매,G21305,자전거 소매업,G47632,자전거 및 기타 운송장비 소매업,41,경기도,41430,의왕시,41430560,청계동,4143010900,포일동,4143010900106730000,1,대지,673,,경기도 의왕시 포일동 673,414304403213,경기도 의왕시 봇들2길,16,1,4143010900106730000000001,,경기도 의왕시 봇들2길 16-1,437828,16004,,1,,126.983127497844,37.3972730800787
MA010120220804987941,에스엠바이크,,G2,소매,G213,오락용품 소매,G21305,자전거 소매업,G47632,자전거 및 기타 운송장비 소매업,52,전북특별자치도,52790,고창군,52790250,고창읍,5279025023,고창읍,5279025023108320000,1,대지,832,,전북특별자치도 고창군 고창읍 월곡리 832,527903279077,전북특별자치도 고창군 고창읍 중앙로,341,,4579025023108320000009900,,전북특별자치도 고창군 고창읍 중앙로 341,585806,56430,,,,126.712882375605,35.4350392870774
MA010120220805007178,헤드사이클,,G2,소매,G213,오락용품 소매,G21305,자전거 소매업,G47632,자전거 및 기타 운송장비 소매업,30,대전광역시,30200,유성구,30200530,온천1동,3020011100,봉명동,3020011100106780001,1,대지,678,1,대전광역시 유성구 봉명동 678-1,302004301153,대전광역시 유성구 문화원로146번길,7,14,3020011100106780001013088,,대전광역시 유성구 문화원로146번길 7-14,305301,34185,,1,,127.352335964729,36.3574249914802
MA010120220805036302,힐링바이크,,G2,소매,G213,오락용품 소매,G21305,자전거 소매업,G47632,자전거 및 기타 운송장비 소매업,11,서울특별시,11290,성북구,11290780,장위3동,1129013800,장위동,1129013800101360036,1,대지,136,36,서울특별시 성북구 장위동 136-36,112903005038,서울특별시 성북구 한천로,675,,1129013800101360036007058,,서울특별시 성북구 한천로 675,136831,02764,,,,127.055127197123,37.6174760379348
MA010120220805041685,모토벨로삼척점,,G2,소매,G213,오락용품 소매,G21305,자전거 소매업,G47632,자전거 및 기타 운송장비 소매업,51,강원특별자치도,51230,삼척시,51230510,남양동,5123012000,남양동,5123012000100940013,1,대지,94,13,강원특별자치도 삼척시 남양동 94-13,512304472318,강원특별자치도 삼척시 중앙시장길,8,42,4223012000100940013000001,,강원특별자치도 삼척시 중앙시장길 8-42,245936,25920,,,,129.167078955701,37.4404639130879
MA010120220805041692,자전거랩,,G2,소매,G213,오락용품 소매,G21305,자전거 소매업,G47632,자전거 및 기타 운송장비 소매업,48,경상남도,48250,김해시,48250520,회현동,4825010400,봉황동,4825010400100990013,1,대지,99,13,경상남도 김해시 봉황동 99-13,482504857370,경상남도 김해시 봉황대길,7,,4825010400100990013007215,,경상남도 김해시 봉황대길 7,621040,50927,,,,128.875788879442,35.2267056029288
MA010120220805063386,미니스포츠,,G2,소매,G213,오락용품 소매,G21305,자전거 소매업,G47632,자전거 및 기타 운송장비 소매업,30,대전광역시,30170,서구,30170593,도안동,3017011500,도안동,3017011500110770000,1,대지,1077,,대전광역시 서구 도안동 1077,301704298648,대전광역시 서구 원도안로242번길,15,,3017011500110770000000001,지산빌딩,대전광역시 서구 원도안로242번길 15,302318,35354,,2,,127.346730612422,36.3244763196864
MA010120220805060906,자전거천국,,G2,소매,G213,오락용품 소매,G21305,자전거 소매업,G47632,자전거 및 기타 운송장비 소매업,27,대구광역시,27230,북구,27230570,침산3동,2723010600,침산동,2723010600108000002,1,대지,800,2,대구광역시 북구 침산동 800-2,272303145016,대구광역시 북구 노원로,260,,2723010600108000002025193,,대구광역시 북구 노원로 260,702053,41547,,,,128.588034512246,35.9007655352483
MA010120220805029887,팔일오바이크,,G2,소매,G213,오락용품 소매,G21305,자전거 소매업,G47632,자전거 및 기타 운송장비 소매업,31,울산광역시,31170,동구,31170560,전하2동,3117010400,전하동,3117010400106840005,1,대지,684,5,울산광역시 동구 전하동 684-5,311704313223,울산광역시 동구 진성15나길,2,,3117010400106840005003103,,울산광역시 동구 진성15나길 2,682818,44050,,,,129.42299124708,35.5066138050576
MA010120220801306103,용MTB,,G2,소매,G213,오락용품 소매,G21305,자전거 소매업,G47632,자전거 및 기타 운송장비 소매업,41,경기도,41171,안양시 만안구,41171600,석수2동,4117110200,석수동,4117110200102970006,1,대지,297,6,경기도 안양시 만안구 석수동 297-6,411713182011,경기도 안양시 만안구 석수로,26,,4117110200102970006012865,,경기도 안양시 만안구 석수로 26,430806,13970,,1,,126.909558793744,37.4089980158127
MA010120220801308924,바이클시티,,G2,소매,G213,오락용품 소매,G21305,자전거 소매업,G47632,자전거 및 기타 운송장비 소매업,41,경기도,41410,군포시,41410560,금정동,4141010500,금정동,4141010500107060006,1,대지,706,6,경기도 군포시 금정동 706-6,414103200005,경기도 군포시 금산로,31,1,4141010500107060006003942,,경기도 군포시 금산로 31-1,435827,15827,,,,126.939797335732,37.3652365603103
MA010120220801333703,제이워크,,G2,소매,G213,오락용품 소매,G21305,자전거 소매업,G47632,자전거 및 기타 운송장비 소매업,41,경기도,41590,화성시,41590590,동탄5동,4159013100,영천동,4159013100107970002,1,대지,797,2,경기도 화성시 영천동 797-2,415904852409,경기도 화성시 동탄기흥로520번가길,9,,4159013100104180007000003,동탄2택지개발,경기도 화성시 동탄기흥로520번가길 9,445130,18470,,,,127.093275869939,37.2077406182305
MA010120220801309184,바이픽스,,G2,소매,G213,오락용품 소매,G21305,자전거 소매업,G47632,자전거 및 기타 운송장비 소매업,41,경기도,41410,군포시,41410510,군포1동,4141010200,당정동,4141010200110130006,1,대지,1013,6,경기도 군포시 당정동 1013-6,414104400179,경기도 군포시 당정역로4번길,11,,4141010200110130006000001,유영타운,경기도 군포시 당정역로4번길 11,435871,15851,,,,126.949542623969,37.3436885227479
MA010120220801309884,씨클로,,G2,소매,G213,오락용품 소매,G21305,자전거 소매업,G47632,자전거 및 기타 운송장비 소매업,41,경기도,41410,군포시,41410540,산본1동,4141010400,산본동,4141010400100970042,1,대지,97,42,경기도 군포시 산본동 97-42,414103200004,경기도 군포시 군포로,763,1,4141010400100970042009557,,경기도 군포시 군포로 763-1,435839,15805,,,,126.942139206394,37.3732838911122
MA010120220801291181,산본삼천리,중앙점,G2,소매,G213,오락용품 소매,G21305,자전거 소매업,G47632,자전거 및 기타 운송장비 소매업,41,경기도,41410,군포시,41410520,군포2동,4141010100,당동,4141010100109030003,1,대지,903,3,경기도 군포시 당동 903-3,414103200004,경기도 군포시 군포로,488,,4141010100109030003002439,,경기도 군포시 군포로 488,435818,15856,,1,,126.944696661984,37.349813356817
MA010120220801304509,종합자전거,,G2,소매,G213,오락용품 소매,G21305,자전거 소매업,G47632,자전거 및 기타 운송장비 소매업,41,경기도,41410,군포시,41410540,산본1동,4141010400,산본동,4141010400102360001,1,대지,236,1,경기도 군포시 산본동 236-1,414103200010,경기도 군포시 당산로,220,,4141010400102360001008536,,경기도 군포시 당산로 220,435842,15811,,,,126.939353435913,37.3697594852649
MA010120220801335495,광교MTB,,G2,소매,G213,오락용품 소매,G21305,자전거 소매업,G47632,자전거 및 기타 운송장비 소매업,41,경기도,41465,용인시 수지구,41465585,상현3동,4146510700,상현동,4146510700111190001,1,대지,1119,1,경기도 용인시 수지구 상현동 1119-1,414653205031,경기도 용인시 수지구 광교마을로,41,,4146510700111190001000001,신대프라자,경기도 용인시 수지구 광교마을로 41,448130,16944,,,,127.069172891738,37.2990238526261
MA010120220801291379,GS아웃도어,,G2,소매,G213,오락용품 소매,G21305,자전거 소매업,G47632,자전거 및 기타 운송장비 소매업,41,경기도,41173,안양시 동안구,41173590,호계2동,4117310400,호계동,4117310400109000000,1,대지,900,,경기도 안양시 동안구 호계동 900,411734349139,경기도 안양시 동안구 시민대로109번길,29,,4117310400109000000013972,에이스하이테크시티범계,경기도 안양시 동안구 시민대로109번길 29,431836,14042,,3,,126.943551355512,37.387133317272
MA010120220801298313,베스트바이크,,G2,소매,G213,오락용품 소매,G21305,자전거 소매업,G47632,자전거 및 기타 운송장비 소매업,41,경기도,41171,안양시 만안구,41171540,안양4동,4117110100,안양동,4117110100107110131,1,대지,711,131,경기도 안양시 만안구 안양동 711-131,411713182008,경기도 안양시 만안구 삼덕로,76,,4117110100107110131008608,,경기도 안양시 만안구 삼덕로 76,430832,14002,,1,,126.917954806991,37.3953086234678
MA010120220801295189,리버바이크,,G2,소매,G213,오락용품 소매,G21305,자전거 소매업,G47632,자전거 및 기타 운송장비 소매업,41,경기도,41171,안양시 만안구,41171520,안양2동,4117110100,안양동,4117110100100690000,1,대지,69,,경기도 안양시 만안구 안양동 69,411714346002,경기도 안양시 만안구 경수대로1001번길,126,,4117110100100690000004735,,경기도 안양시 만안구 경수대로1001번길 126,430854,13959,,,,126.921828307597,37.4062496433841
MA010120220801314290,프로바이크,,G2,소매,G213,오락용품 소매,G21305,자전거 소매업,G47632,자전거 및 기타 운송장비 소매업,41,경기도,41113,수원시 권선구,41113664,호매실동,4111313500,호매실동,4111313500113500000,1,대지,1350,,경기도 수원시 권선구 호매실동 1350,411134331204,경기도 수원시 권선구 금곡로140번길,95,62,4111313500113500000000001,프로바이크청솔가,경기도 수원시 권선구 금곡로140번길 95-62,441450,16387,,1,,126.94306567068,37.267674212026
MA010120220801369938,삼천리자전거세류지점,,G2,소매,G213,오락용품 소매,G21305,자전거 소매업,G47632,자전거 및 기타 운송장비 소매업,41,경기도,41113,수원시 권선구,41113530,세류2동,4111312600,세류동,4111312600104600020,1,대지,460,20,경기도 수원시 권선구 세류동 460-20,411134325434,경기도 수원시 권선구 정조로535번길,5,,4111312600104600004032424,,경기도 수원시 권선구 정조로535번길 5,441869,16587,,,,127.010855442759,37.2569469785531
MA010120220801382468,삼천리자전거.좋은,,G2,소매,G213,오락용품 소매,G21305,자전거 소매업,G47632,자전거 및 기타 운송장비 소매업,41,경기도,41113,수원시 권선구,41113680,권선2동,4111313700,권선동,4111313700112580007,1,대지,1258,7,경기도 수원시 권선구 권선동 1258-7,411133176023,경기도 수원시 권선구 권중로,70,,4111313700112580007028534,,경기도 수원시 권선구 권중로 70,441836,16556,,,,127.030478992547,37.2521860431791
MA010120220801364403,삼천리자전거,,G2,소매,G213,오락용품 소매,G21305,자전거 소매업,G47632,자전거 및 기타 운송장비 소매업,41,경기도,41590,화성시,41590520,진안동,4159011600,진안동,4159011600105440098,1,대지,544,98,경기도 화성시 진안동 544-98,415903012007,경기도 화성시 효행로,967,,4159011600005440098020182,,경기도 화성시 효행로 967,445390,18400,,,,127.033763127839,37.2106919334786
MA010120220801351244,삼천리자전거,,G2,소매,G213,오락용품 소매,G21305,자전거 소매업,G47632,자전거 및 기타 운송장비 소매업,41,경기도,41113,수원시 권선구,41113664,호매실동,4111313500,호매실동,4111313500100800001,1,대지,80,1,경기도 수원시 권선구 호매실동 80-1,411133175012,경기도 수원시 권선구 금호로,64,3,4111313500100800001021471,,경기도 수원시 권선구 금호로 64-3,441882,16395,,,,126.958757930718,37.270095509337
MA010120220801357230,삼천리자전거남양점,,G2,소매,G213,오락용품 소매,G21305,자전거 소매업,G47632,자전거 및 기타 운송장비 소매업,41,경기도,41590,화성시,41590262,남양읍,4159026221,남양읍,4159026221113320001,1,대지,1332,1,경기도 화성시 남양읍 남양리 1332-1,415903210016,경기도 화성시 남양읍 남양성지로,183,,4159010100113320001005178,,경기도 화성시 남양읍 남양성지로 183,445851,18258,,,,126.82223749244,37.2115545177009
MA010120220801343623,삼천리자전거남수원,대리점,G2,소매,G213,오락용품 소매,G21305,자전거 소매업,G47632,자전거 및 기타 운송장비 소매업,41,경기도,41113,수원시 권선구,41113680,권선2동,4111313700,권선동,4111313700111940004,1,대지,1194,4,경기도 수원시 권선구 권선동 1194-4,411134325089,경기도 수원시 권선구 권광로27번길,51,,4111313700111940004029943,,경기도 수원시 권선구 권광로27번길 51,441831,16584,,,,127.024391863495,37.2511062007361
MA010120220801343683,삼천리자전거,장안점,G2,소매,G213,오락용품 소매,G21305,자전거 소매업,G47632,자전거 및 기타 운송장비 소매업,41,경기도,41590,화성시,41590600,동탄6동,4159013800,방교동,4159013800107550003,1,대지,755,3,경기도 화성시 방교동 755-3,415904848190,경기도 화성시 동탄기흥로231번길,32,8,4159042032107550003000001,,경기도 화성시 동탄기흥로231번길 32-8,,18487,,,,127.088964602058,37.1817575821974
MA010120220801363251,삼천리자전거조암점,,G2,소매,G213,오락용품 소매,G21305,자전거 소매업,G47632,자전거 및 기타 운송장비 소매업,41,경기도,41590,화성시,41590256,우정읍,4159025632,우정읍,4159025632103480002,1,대지,348,2,경기도 화성시 우정읍 조암리 348-2,415903210002,경기도 화성시 우정읍 31만세로,31,,4159025632103480007024676,,경기도 화성시 우정읍 31만세로 31,445955,18567,,,,126.817411318732,37.0822902958763
MA010120220801349833,수원알파,,G2,소매,G213,오락용품 소매,G21305,자전거 소매업,G47632,자전거 및 기타 운송장비 소매업,41,경기도,41117,수원시 영통구,41117585,영통3동,4111710500,영통동,4111710500109590001,1,대지,959,1,경기도 수원시 영통구 영통동 959-1,411173177007,경기도 수원시 영통구 봉영로,1605,,4111710500109590001001233,모던타운,경기도 수원시 영통구 봉영로 1605,443470,16703,,1,,127.073460699149,37.25452791258
MA010120220801355252,매탄동삼천리자전거,,G2,소매,G213,오락용품 소매,G21305,자전거 소매업,G47632,자전거 및 기타 운송장비 소매업,41,경기도,41117,수원시 영통구,41117530,매탄3동,4111710100,매탄동,4111710100109230005,1,대지,923,5,경기도 수원시 영통구 매탄동 923-5,411173175016,경기도 수원시 영통구 동수원로,400,,4111710100109230005002497,,경기도 수원시 영통구 동수원로 400,443806,16543,,,,127.040404844775,37.2646444963698
MA010120220801341259,우리바이크,,G2,소매,G213,오락용품 소매,G21305,자전거 소매업,G47632,자전거 및 기타 운송장비 소매업,41,경기도,41113,수원시 권선구,41113670,권선1동,4111313700,권선동,4111313700110270008,1,대지,1027,8,경기도 수원시 권선구 권선동 1027-8,411133175010,경기도 수원시 권선구 권선로,720,,4111313700110270008028973,,경기도 수원시 권선구 권선로 720,441822,16568,,,,127.029748666393,37.2581421263681
MA010120220801366441,고덕바이크,,G2,소매,G213,오락용품 소매,G21305,자전거 소매업,G47632,자전거 및 기타 운송장비 소매업,41,경기도,41220,평택시,41220660,고덕동,4122012800,고덕동,4122012800122330005,1,대지,2233,5,경기도 평택시 고덕동 2233-5,412204856231,경기도 평택시 고덕여염6길,90,,4122033029100000000000082,고덕국제화계획,경기도 평택시 고덕여염6길 90,,18018,,1,,127.044454941798,37.0387474985998
MA010120220801378095,삼천리자전거,백석점,G2,소매,G213,오락용품 소매,G21305,자전거 소매업,G47632,자전거 및 기타 운송장비 소매업,44,충청남도,44133,천안시 서북구,44133560,백석동,4413310300,백석동,4413310300108580000,1,대지,858,,충청남도 천안시 서북구 백석동 858,441334550206,충청남도 천안시 서북구 백석4길,12,,4413310300108580000045883,거성캐슬B빌딩,충청남도 천안시 서북구 백석4길 12,331980,31158,,1,,127.124079030506,36.8232217582581
MA010120220801401644,동탄MTB클럽,,G2,소매,G213,오락용품 소매,G21305,자전거 소매업,G47632,자전거 및 기타 운송장비 소매업,41,경기도,41590,화성시,41590587,동탄3동,4159011800,능동,4159011800111460004,1,대지,1146,4,경기도 화성시 능동 1146-4,415903210078,경기도 화성시 여울로,9,,4159011800111460004000001,,경기도 화성시 여울로 9,445320,18427,,,,127.052907428258,37.200250759279
MA010120220801441846,성일에이앤디주,,G2,소매,G213,오락용품 소매,G21305,자전거 소매업,G47632,자전거 및 기타 운송장비 소매업,41,경기도,41115,수원시 팔달구,41115740,행궁동,4111512500,중동,4111512500100450001,1,대지,45,1,경기도 수원시 팔달구 중동 45-1,411154328147,경기도 수원시 팔달구 매산로151번길,22,,4111512500100450001016125,정창빌딩,경기도 수원시 팔달구 매산로151번길 22,442120,16263,,1,,127.016811115507,37.2739489441608
MA010120220801390276,삼천리매탄,대리점,G2,소매,G213,오락용품 소매,G21305,자전거 소매업,G47632,자전거 및 기타 운송장비 소매업,41,경기도,41117,수원시 영통구,41117530,매탄3동,4111710100,매탄동,4111710100108830000,1,대지,883,,경기도 수원시 영통구 매탄동 883,411173175019,경기도 수원시 영통구 매탄로,151,,4111710100108830000002474,삼호그랜드빌라,경기도 수원시 영통구 매탄로 151,443373,16543,,,,127.044091130094,37.2642917745588
MA010120220801437136,동글이자전거,,G2,소매,G213,오락용품 소매,G21305,자전거 소매업,G47632,자전거 및 기타 운송장비 소매업,41,경기도,41111,수원시 장안구,41111573,정자3동,4111113300,천천동,4111113300104750012,1,대지,475,12,경기도 수원시 장안구 천천동 475-12,411113174016,경기도 수원시 장안구 하률로,41,,4111113300104750012000001,,경기도 수원시 장안구 하률로 41,440303,16322,,1,,126.977610348373,37.3031686960587
MA010120220801425050,바이씨클원,,G2,소매,G213,오락용품 소매,G21305,자전거 소매업,G47632,자전거 및 기타 운송장비 소매업,41,경기도,41115,수원시 팔달구,41115730,인계동,4111514100,인계동,4111514100103590007,1,대지,359,7,경기도 수원시 팔달구 인계동 359-7,411154328096,경기도 수원시 팔달구 권광로263번길,14,,4111514100103590007013065,,경기도 수원시 팔달구 권광로263번길 14,442828,16487,,2,,127.034522929459,37.2710888046
MA010120220801402880,자전거나라,,G2,소매,G213,오락용품 소매,G21305,자전거 소매업,G47632,자전거 및 기타 운송장비 소매업,41,경기도,41590,화성시,41590259,향남읍,4159025939,향남읍,4159025939104170014,1,대지,417,14,경기도 화성시 향남읍 행정리 417-14,415904431348,경기도 화성시 향남읍 행정서로2길,28,37,4159025939103000021000002,,경기도 화성시 향남읍 행정서로2길 28-37,445926,18598,,,,126.915089739167,37.1311931652865
MA010120220801415548,짱바이크,,G2,소매,G213,오락용품 소매,G21305,자전거 소매업,G47632,자전거 및 기타 운송장비 소매업,41,경기도,41370,오산시,41370523,대원1동,4137010300,원동,4137010300107630022,1,대지,763,22,경기도 오산시 원동 763-22,413703198011,경기도 오산시 대원로,26,,4137010300107630022012094,,경기도 오산시 대원로 26,447804,18141,,,,127.071284719847,37.1462408511562
MA010120220801411546,삼천리자전거발안점,,G2,소매,G213,오락용품 소매,G21305,자전거 소매업,G47632,자전거 및 기타 운송장비 소매업,41,경기도,41590,화성시,41590259,향남읍,4159025921,향남읍,4159025921100810025,1,대지,81,25,경기도 화성시 향남읍 평리 81-25,415904431277,경기도 화성시 향남읍 평3길,6,,4159025921100810025008942,,경기도 화성시 향남읍 평3길 6,445939,18593,,,,126.909766740493,37.1311351693957
MA010120220801422938,바이크빈,,G2,소매,G213,오락용품 소매,G21305,자전거 소매업,G47632,자전거 및 기타 운송장비 소매업,41,경기도,41115,수원시 팔달구,41115690,화서2동,4111513800,화서동,4111513800107210002,1,대지,721,2,경기도 수원시 팔달구 화서동 721-2,411154328243,경기도 수원시 팔달구 일월로42번길,8,4,4111513800107210002008851,,경기도 수원시 팔달구 일월로42번길 8-4,442152,16422,,1,,126.979137626662,37.2866709796461
MA010120220801392668,지오상사,,G2,소매,G213,오락용품 소매,G21305,자전거 소매업,G47632,자전거 및 기타 운송장비 소매업,41,경기도,41111,수원시 장안구,41111600,연무동,4111113700,연무동,4111113700102600031,1,대지,260,31,경기도 수원시 장안구 연무동 260-31,411112012001,경기도 수원시 장안구 창룡대로,153,1,4111113700102600031000026,,경기도 수원시 장안구 창룡대로 153-1,440814,16221,,1,,127.026897322454,37.2916615143678
MA010120220801432865,탑바이크,,G2,소매,G213,오락용품 소매,G21305,자전거 소매업,G47632,자전거 및 기타 운송장비 소매업,41,경기도,41111,수원시 장안구,41111597,조원1동,4111113600,조원동,4111113600107520000,1,대지,752,,경기도 수원시 장안구 조원동 752,411114322116,경기도 수원시 장안구 송원로86번길,4,,4111113600107520000037130,홈플러스,경기도 수원시 장안구 송원로86번길 4,440848,16284,,5,,127.010128779382,37.3021161680379
MA010120220801427367,고색자전거,,G2,소매,G213,오락용품 소매,G21305,자전거 소매업,G47632,자전거 및 기타 운송장비 소매업,41,경기도,41113,수원시 권선구,41113550,평동,4111312800,고색동,4111312800100710004,1,대지,71,4,경기도 수원시 권선구 고색동 71-4,411134325042,경기도 수원시 권선구 고산로28번길,1,,4111312800100710004036148,,경기도 수원시 권선구 고산로28번길 1,441805,16649,,1,,126.981796756502,37.2491069955425
MA010120220801393808,삼천리자전거,,G2,소매,G213,오락용품 소매,G21305,자전거 소매업,G47632,자전거 및 기타 운송장비 소매업,41,경기도,41192,부천시 원미구,41192570,역곡1동,4119210700,역곡동,4119210700100650021,1,대지,65,21,경기도 부천시 원미구 역곡동 65-21,411923184012,경기도 부천시 원미구 역곡로,57,,4119510700100650021016627,,경기도 부천시 원미구 역곡로 57,420101,14664,,1,,126.80918605166,37.4902941220799
MA010120220801390055,삼천리자전거,,G2,소매,G213,오락용품 소매,G21305,자전거 소매업,G47632,자전거 및 기타 운송장비 소매업,41,경기도,41115,수원시 팔달구,41115700,지동,4111513900,지동,4111513900101230008,1,대지,123,8,경기도 수원시 팔달구 지동 123-8,411152012012,경기도 수원시 팔달구 중부대로,65,,4111513900101230008015165,,경기도 수원시 팔달구 중부대로 65,442836,16246,,,,127.02400527322,37.2760561386638
MA010120220801452296,지에스,코리아,G2,소매,G213,오락용품 소매,G21305,자전거 소매업,G47632,자전거 및 기타 운송장비 소매업,41,경기도,41113,수원시 권선구,41113700,입북동,4111314000,입북동,4111314000107960019,1,대지,796,19,경기도 수원시 권선구 입북동 796-19,411134325273,경기도 수원시 권선구 서수원로594번길,173,,4111314000107960019021098,,경기도 수원시 권선구 서수원로594번길 173,441470,16372,,,,126.960104283367,37.2825753779029
MA010120220801472354,타타바이크,,G2,소매,G213,오락용품 소매,G21305,자전거 소매업,G47632,자전거 및 기타 운송장비 소매업,26,부산광역시,26320,북구,26320541,화명1동,2632010200,화명동,2632010200109630001,1,대지,963,1,부산광역시 북구 화명동 963-1,263202132001,부산광역시 북구 금곡대로,185,,2632010200109630001003694,,부산광역시 북구 금곡대로 185,616846,46541,,,,129.009838389293,35.2256618647732
MA010120220801470765,삼천리자전거,안성점,G2,소매,G213,오락용품 소매,G21305,자전거 소매업,G47632,자전거 및 기타 운송장비 소매업,41,경기도,41550,안성시,41550530,안성3동,4155011500,연지동,4155011500100910001,1,대지,91,1,경기도 안성시 연지동 91-1,415504424627,경기도 안성시 중앙로389번길,77,,4155011500100910001021633,,경기도 안성시 중앙로389번길 77,456320,17589,,,,127.271036390278,37.0108463135698
MA010120220801472485,우리자전차점,,G2,소매,G213,오락용품 소매,G21305,자전거 소매업,G47632,자전거 및 기타 운송장비 소매업,41,경기도,41550,안성시,41550400,죽산면,4155040021,죽산면,4155040021103140000,1,대지,314,,경기도 안성시 죽산면 죽산리 314,415504424600,경기도 안성시 죽산면 죽산향교길,54,45,4155040021103140000008755,,경기도 안성시 죽산면 죽산향교길 54-45,456894,17519,,,,127.423536232429,37.0824855632715
MA010120220801466384,코렉스자전거평택,대리점,G2,소매,G213,오락용품 소매,G21305,자전거 소매업,G47632,자전거 및 기타 운송장비 소매업,41,경기도,41220,평택시,41220620,비전1동,4122011800,비전동,4122011800104560002,1,대지,456,2,경기도 평택시 비전동 456-2,412203188117,경기도 평택시 평택1로,84,1,4122011800104560002012336,,경기도 평택시 평택1로 84-1,450805,17890,,,,127.0889990223,36.999543525558
MA010120220801479186,서해자전거점,,G2,소매,G213,오락용품 소매,G21305,자전거 소매업,G47632,자전거 및 기타 운송장비 소매업,41,경기도,41220,평택시,41220256,포승읍,4122025623,포승읍,4122025623104370005,1,대지,437,5,경기도 평택시 포승읍 원정리 437-5,412203188123,경기도 평택시 포승읍 평택항로,477,,4122025623104370005046800,서해자전거점,경기도 평택시 포승읍 평택항로 477,451822,17949,,,,126.84310116418,36.9936161621533
MA010120220801464393,바이크라곰,,G2,소매,G213,오락용품 소매,G21305,자전거 소매업,G47632,자전거 및 기타 운송장비 소매업,41,경기도,41220,평택시,41220630,비전2동,4122011800,비전동,4122011800107390020,1,대지,739,20,경기도 평택시 비전동 739-20,412203188084,경기도 평택시 중앙로,117,,4122011800107390020018214,,경기도 평택시 중앙로 117,450152,17897,,,,127.096068804531,36.9932664793715
MA010120220801477131,성규상사,,G2,소매,G213,오락용품 소매,G21305,자전거 소매업,G47632,자전거 및 기타 운송장비 소매업,41,경기도,41220,평택시,41220560,송북동,4122011000,지산동,4122011000107350031,1,대지,735,31,경기도 평택시 지산동 735-31,412203188047,경기도 평택시 송탄로,442,,4122011000107350031007611,,경기도 평택시 송탄로 442,459110,17756,,,,127.05807806511,37.0830203398463
MA010120220801469211,삼천리자전거,,G2,소매,G213,오락용품 소매,G21305,자전거 소매업,G47632,자전거 및 기타 운송장비 소매업,41,경기도,41220,평택시,41220590,신평동,4122011700,합정동,4122011700107730001,1,대지,773,1,경기도 평택시 합정동 773-1,412203188084,경기도 평택시 중앙로,208,,4122011700107730001016326,,경기도 평택시 중앙로 208,450832,17904,,,,127.105894857951,36.9909243151201
MA010120220801486150,삼천리자전거,안중점,G2,소매,G213,오락용품 소매,G21305,자전거 소매업,G47632,자전거 및 기타 운송장비 소매업,41,경기도,41220,평택시,41220253,안중읍,4122025330,안중읍,4122025330108470004,1,대지,847,4,경기도 평택시 안중읍 현화리 847-4,412203188059,경기도 평택시 안중읍 안중로,24,,4122025330108470004042512,,경기도 평택시 안중읍 안중로 24,451885,17940,,,,126.925149373427,36.9837212542449
MA010120220801471339,두바이크,,G2,소매,G213,오락용품 소매,G21305,자전거 소매업,G47632,자전거 및 기타 운송장비 소매업,41,경기도,41220,평택시,41220550,지산동,4122011000,지산동,4122011000107960019,1,대지,796,19,경기도 평택시 지산동 796-19,412203188047,경기도 평택시 송탄로,367,,4122011000107960019009725,,경기도 평택시 송탄로 367,459110,17761,,,,127.057746825639,37.0763165397184
MA010120220801475336,알톤자전거캡틴바이크,,G2,소매,G213,오락용품 소매,G21305,자전거 소매업,G47632,자전거 및 기타 운송장비 소매업,41,경기도,41550,안성시,41550530,안성3동,4155011500,연지동,4155011500100610000,1,대지,61,,경기도 안성시 연지동 61,415504424627,경기도 안성시 중앙로389번길,58,,4155011500100610000049860,,경기도 안성시 중앙로389번길 58,456320,17589,,,,127.2709544441,37.0099183903205
MA010120220801469482,이동자전거,,G2,소매,G213,오락용품 소매,G21305,자전거 소매업,G47632,자전거 및 기타 운송장비 소매업,41,경기도,41550,안성시,41550520,안성2동,4155011300,인지동,4155011300104610039,1,대지,461,39,경기도 안성시 인지동 461-39,415504424545,경기도 안성시 인지6길,4,1,4155011300104610039018921,,경기도 안성시 인지6길 4-1,456230,17583,,,,127.267551461702,37.0039339375678
MA010120220801484146,잭바이스클,,G2,소매,G213,오락용품 소매,G21305,자전거 소매업,G47632,자전거 및 기타 운송장비 소매업,41,경기도,41220,평택시,41220580,신장2동,4122011200,신장동,4122011200102980153,1,대지,298,153,경기도 평택시 신장동 298-153,412203188052,경기도 평택시 신장로,41,3,4122011200102980153009159,,경기도 평택시 신장로 41-3,459120,17760,,,,127.050225194051,37.0789871318532
MA010120220801450868,지성스포츠주,,G2,소매,G213,오락용품 소매,G21305,자전거 소매업,G47632,자전거 및 기타 운송장비 소매업,41,경기도,41590,화성시,41590360,팔탄면,4159036026,팔탄면,4159036026103980077,1,대지,398,77,경기도 화성시 팔탄면 율암리 398-77,415903210146,경기도 화성시 팔탄면 시청로,800,,4159036026103980077005262,,경기도 화성시 팔탄면 시청로 800,445913,18530,,,,126.878986133172,37.1673213104957
MA010120220803139121,라온바이크,,G2,소매,G213,오락용품 소매,G21305,자전거 소매업,G47632,자전거 및 기타 운송장비 소매업,41,경기도,41461,용인시 처인구,41461510,중앙동,4146110100,김량장동,4146110100102180004,1,대지,218,4,경기도 용인시 처인구 김량장동 218-4,414614409153,경기도 용인시 처인구 금학로341번길,2,,4146110100102180004010592,,경기도 용인시 처인구 금학로341번길 2,449925,17044,,,,127.20162390652,37.2371510848483
MA010120220803142634,전동프렌즈,,G2,소매,G213,오락용품 소매,G21305,자전거 소매업,G47632,자전거 및 기타 운송장비 소매업,11,서울특별시,11230,동대문구,11230610,답십리2동,1123010500,답십리동,1123010500102580005,1,대지,258,5,서울특별시 동대문구 답십리동 258-5,112303105013,서울특별시 동대문구 전농로,62,,1123010500102580005021997,,서울특별시 동대문구 전농로 62,130032,02615,,1,,127.057446942145,37.570380098412
MA010120220803143054,에이라자전거,,G2,소매,G213,오락용품 소매,G21305,자전거 소매업,G47632,자전거 및 기타 운송장비 소매업,41,경기도,41463,용인시 기흥구,41463550,서농동,4146311000,서천동,4146311000107200004,1,대지,720,4,경기도 용인시 기흥구 서천동 720-4,414634412330,경기도 용인시 기흥구 서천서로20번길,8,8,4146311000107200004000001,,경기도 용인시 기흥구 서천서로20번길 8-8,446906,17105,,,,127.073582857005,37.2410482118364
MA010120220803185160,삼천리자전거초장점,,G2,소매,G213,오락용품 소매,G21305,자전거 소매업,G47632,자전거 및 기타 운송장비 소매업,48,경상남도,48170,진주시,48170695,초장동,4817012200,초전동,4817012200117190006,1,대지,1719,6,경상남도 진주시 초전동 1719-6,481704797689,경상남도 진주시 초전북로61번길,34,9,4817012200117190006000001,,경상남도 진주시 초전북로61번길 34-9,660360,52731,,1,,128.114236682121,35.2117966365652
MA010120220803190096,해안상설자전거,,G2,소매,G213,오락용품 소매,G21305,자전거 소매업,G47632,자전거 및 기타 운송장비 소매업,27,대구광역시,27140,동구,27140685,해안동,2714011100,방촌동,2714011100110060011,1,대지,1006,11,대구광역시 동구 방촌동 1006-11,271403142010,대구광역시 동구 동촌로,183,,2714011100110060016033738,,대구광역시 동구 동촌로 183,701801,41145,,,,128.660488215901,35.8836370836226
MA010120220803191245,진바이크,,G2,소매,G213,오락용품 소매,G21305,자전거 소매업,G47632,자전거 및 기타 운송장비 소매업,48,경상남도,48250,김해시,48250550,북부동,4825010700,삼계동,4825010700114280001,1,대지,1428,1,경상남도 김해시 삼계동 1428-1,482503335067,경상남도 김해시 해반천로,240,,4825010700114280001094201,분성마을동원로얄듀크3단지,경상남도 김해시 해반천로 240,621733,50897,,,,128.865329756474,35.2692230047659
MA010120220803236626,뚜르드벨로,,G2,소매,G213,오락용품 소매,G21305,자전거 소매업,G47632,자전거 및 기타 운송장비 소매업,11,서울특별시,11350,노원구,11350630,상계1동,1135010500,상계동,1135010500111020030,1,대지,1102,30,서울특별시 노원구 상계동 1102-30,113504130232,서울특별시 노원구 동일로237다길,29,,1135010500111020030008061,,서울특별시 노원구 동일로237다길 29,139837,01611,,1,,127.052460446656,37.6748518933181
MA010120220803220184,바이크포트,,G2,소매,G213,오락용품 소매,G21305,자전거 소매업,G47632,자전거 및 기타 운송장비 소매업,48,경상남도,48330,양산시,48330540,서창동,4833011400,삼호동,4833011400110140003,1,대지,1014,3,경상남도 양산시 삼호동 1014-3,483302000011,경상남도 양산시 웅상대로,1289,,4833011400109770003040175,,경상남도 양산시 웅상대로 1289,626270,50513,,,,129.165784238174,35.4131887627181
MA010120220803237224,비오비,,G2,소매,G213,오락용품 소매,G21305,자전거 소매업,G47632,자전거 및 기타 운송장비 소매업,31,울산광역시,31110,중구,31110600,태화동,3111011100,태화동,3111011100104890005,1,대지,489,5,울산광역시 중구 태화동 489-5,311103169020,울산광역시 중구 태화로,224,,3111011100104890005011120,,울산광역시 중구 태화로 224,681819,44456,,1,,129.300027570441,35.5519308876901
MA010120220803242858,삼천리자전거내포,신도시점,G2,소매,G213,오락용품 소매,G21305,자전거 소매업,G47632,자전거 및 기타 운송장비 소매업,44,충청남도,44800,홍성군,44800256,홍북읍,4480025625,홍북읍,4480025625108930000,1,대지,893,,충청남도 홍성군 홍북읍 신경리 893,448002015002,충청남도 홍성군 홍북읍 충남대로,24,,4480031025108930000000001,내포제나우스오피스텔,충청남도 홍성군 홍북읍 충남대로 24,350831,32263,,,,126.673464663081,36.6557709044984
MA010120220803291368,하남삼천리자전거,,G2,소매,G213,오락용품 소매,G21305,자전거 소매업,G47632,자전거 및 기타 운송장비 소매업,41,경기도,41450,하남시,41450550,덕풍2동,4145010800,덕풍동,4145010800103890002,1,대지,389,2,경기도 하남시 덕풍동 389-2,414503202048,경기도 하남시 신장로,168,,4145010800103880001006190,,경기도 하남시 신장로 168,465802,12970,,1,,127.200887972385,37.5405803814976
MA010120220803289120,안성스포츠복지사회적협동조합,,G2,소매,G213,오락용품 소매,G21305,자전거 소매업,G47632,자전거 및 기타 운송장비 소매업,41,경기도,41550,안성시,41550250,공도읍,4155025025,공도읍,4155025025100830000,1,대지,83,,경기도 안성시 공도읍 용두리 83,415504424507,경기도 안성시 공도읍 용머리큰길,20,,4155025025100830000000001,서안성체육센터,경기도 안성시 공도읍 용머리큰길 20,456821,17550,,1,,127.167658299436,37.0079376553564
MA010120220803254716,자비,,G2,소매,G213,오락용품 소매,G21305,자전거 소매업,G47632,자전거 및 기타 운송장비 소매업,41,경기도,41360,남양주시,41360259,진건읍,4136025924,진건읍,4136025924103500000,1,대지,350,,경기도 남양주시 진건읍 신월리 350,413604391456,경기도 남양주시 진건읍 사릉로537번길,97,,4136025924103500000000001,외,경기도 남양주시 진건읍 사릉로537번길 97,472832,12131,,,,127.163946560736,37.6603249321427
MA010120220803270646,폭풍우정비창,,G2,소매,G213,오락용품 소매,G21305,자전거 소매업,G47632,자전거 및 기타 운송장비 소매업,41,경기도,41111,수원시 장안구,41111571,정자1동,4111113000,정자동,4111113000104170000,1,대지,417,,경기도 수원시 장안구 정자동 417,411114322086,경기도 수원시 장안구 만석로159번길,71,,4111113000104170000054098,남서울그린맨션,경기도 수원시 장안구 만석로159번길 71,440840,16340,,지,,126.99630028033,37.3045853827273
MA010120220803265769,두발자전거,,G2,소매,G213,오락용품 소매,G21305,자전거 소매업,G47632,자전거 및 기타 운송장비 소매업,11,서울특별시,11560,영등포구,11560700,대림1동,1156013300,대림동,1156013300108580018,1,대지,858,18,서울특별시 영등포구 대림동 858-18,115603118027,서울특별시 영등포구 대림로,120,,1156013300108580018005497,,서울특별시 영등포구 대림로 120,150818,07429,,1,,126.902300810557,37.492146761998
MA010120220803288070,더사이클러리중,울산점,G2,소매,G213,오락용품 소매,G21305,자전거 소매업,G47632,자전거 및 기타 운송장비 소매업,31,울산광역시,31110,중구,31110640,약사동,3111011700,약사동,3111011700104340003,1,대지,434,3,울산광역시 중구 약사동 434-3,311104307540,울산광역시 중구 종가15길,2,7,3111011700104340003000001,,울산광역시 중구 종가15길 2-7,681430,44546,,1,,129.338757113022,35.5783252690377
MA010120220803288668,행복자전거,,G2,소매,G213,오락용품 소매,G21305,자전거 소매업,G47632,자전거 및 기타 운송장비 소매업,44,충청남도,44150,공주시,44150570,신관동,4415012000,신관동,4415012000106070017,1,대지,607,17,충청남도 공주시 신관동 607-17,441503251016,충청남도 공주시 번영2로,4,9,4415012000106070017759319,,충청남도 공주시 번영2로 4-9,314802,32585,,,,127.132336195194,36.4681654636467
MA010120220804753478,보광자전거,,G2,소매,G213,오락용품 소매,G21305,자전거 소매업,G47632,자전거 및 기타 운송장비 소매업,51,강원특별자치도,51210,속초시,51210570,노학동,5121010600,교동,5121010600106570027,1,대지,657,27,강원특별자치도 속초시 교동 657-27,512103223007,강원특별자치도 속초시 수복로,89,,4221010600106570027010349,,강원특별자치도 속초시 수복로 89,217803,24846,,,,128.578909422086,38.2000962046652
MA010120220804727624,브이아이자전거,,G2,소매,G213,오락용품 소매,G21305,자전거 소매업,G47632,자전거 및 기타 운송장비 소매업,27,대구광역시,27710,달성군,27710380,구지면,2771038021,구지면,2771038021104730004,1,대지,473,4,대구광역시 달성군 구지면 창리 473-4,277104244512,대구광역시 달성군 구지면 창리중앙길,74,,2771038021104720002025957,,대구광역시 달성군 구지면 창리중앙길 74,711891,43010,,,,128.410942814338,35.657991560105
MA010120220804728085,삼천리자전거팔용,대리점,G2,소매,G213,오락용품 소매,G21305,자전거 소매업,G47632,자전거 및 기타 운송장비 소매업,48,경상남도,48121,창원시 의창구,48121520,팔룡동,4812112900,팔용동,4812112900100770011,1,대지,77,11,경상남도 창원시 의창구 팔용동 77-11,481213327019,경상남도 창원시 의창구 반계로,83,1,4812112900100770011013756,,경상남도 창원시 의창구 반계로 83-1,641848,51378,,B1,,128.615277271064,35.2529759206032
MA010120220804725543,삼천리자전거,주문진점,G2,소매,G213,오락용품 소매,G21305,자전거 소매업,G47632,자전거 및 기타 운송장비 소매업,51,강원특별자치도,51150,강릉시,51150250,주문진읍,5115025022,주문진읍,5115025022102210000,1,대지,221,,강원특별자치도 강릉시 주문진읍 교항리 221,511503220036,강원특별자치도 강릉시 주문진읍 장성로,37,,4215025022102210000029635,,강원특별자치도 강릉시 주문진읍 장성로 37,210801,25414,,,,128.824505070076,37.8884218095816
MA010120220804759781,이브이샵,김해점,G2,소매,G213,오락용품 소매,G21305,자전거 소매업,G47632,자전거 및 기타 운송장비 소매업,48,경상남도,48250,김해시,48250540,내외동,4825010800,내동,4825010800111010006,1,대지,1101,6,경상남도 김해시 내동 1101-6,482502335002,경상남도 김해시 금관대로,1260,1,4825010800111010006088758,,경상남도 김해시 금관대로 1260-1,621903,50951,,1,,128.858715474344,35.2375039506347
MA010120220804755312,자작나무MTB,,G2,소매,G213,오락용품 소매,G21305,자전거 소매업,G47632,자전거 및 기타 운송장비 소매업,51,강원특별자치도,51210,속초시,51210570,노학동,5121010600,교동,5121010600106580016,1,대지,658,16,강원특별자치도 속초시 교동 658-16,512103223007,강원특별자치도 속초시 수복로,80,1,4221010600106580016016542,,강원특별자치도 속초시 수복로 80-1,217803,24853,,,,128.578459622655,38.1993545756574
MA010120220804747846,자전거랜드,,G2,소매,G213,오락용품 소매,G21305,자전거 소매업,G47632,자전거 및 기타 운송장비 소매업,51,강원특별자치도,51210,속초시,51210580,조양동,5121010800,조양동,5121010800114970004,1,대지,1497,4,강원특별자치도 속초시 조양동 1497-4,512102000023,강원특별자치도 속초시 동해대로,4165,,4221010800114970004001633,,강원특별자치도 속초시 동해대로 4165,217812,24874,,,,128.57927405776,38.1910831183866
MA010120220804752389,쏠바이크,,G2,소매,G213,오락용품 소매,G21305,자전거 소매업,G47632,자전거 및 기타 운송장비 소매업,51,강원특별자치도,51830,양양군,51830250,양양읍,5183025027,양양읍,5183025027101900001,1,대지,190,1,강원특별자치도 양양군 양양읍 송암리 190-1,518302000023,강원특별자치도 양양군 양양읍 동해대로,2661,11,4283025027101900001016338,,강원특별자치도 양양군 양양읍 동해대로 2661-11,215803,25020,,,,128.628890184903,38.0828380538555
MA010120220804752450,진익남프로바이크,,G2,소매,G213,오락용품 소매,G21305,자전거 소매업,G47632,자전거 및 기타 운송장비 소매업,51,강원특별자치도,51210,속초시,51210560,교동,5121010600,교동,5121010600106540020,1,대지,654,20,강원특별자치도 속초시 교동 654-20,512103223002,강원특별자치도 속초시 교동로,36,1,4221010600106540020000001,,강원특별자치도 속초시 교동로 36-1,217803,24839,,,,128.578882061178,38.2025287794434
MA010120220804729229,새마을공업사,,G2,소매,G213,오락용품 소매,G21305,자전거 소매업,G47632,자전거 및 기타 운송장비 소매업,51,강원특별자치도,51150,강릉시,51150350,옥계면,5115035021,옥계면,5115035021112510022,1,대지,1251,22,강원특별자치도 강릉시 옥계면 현내리 1251-22,511504461039,강원특별자치도 강릉시 옥계면 현내시장길,49,,4215035021012510021052057,,강원특별자치도 강릉시 옥계면 현내시장길 49,210834,25634,,,,129.037239447309,37.6108194475491
MA010120220804733063,동경자전거,,G2,소매,G213,오락용품 소매,G21305,자전거 소매업,G47632,자전거 및 기타 운송장비 소매업,51,강원특별자치도,51150,강릉시,51150540,옥천동,5115010900,옥천동,5115010900102710001,1,대지,271,1,강원특별자치도 강릉시 옥천동 271-1,511503220025,강원특별자치도 강릉시 옥천로,32,,4215010900102710001012452,,강원특별자치도 강릉시 옥천로 32,210933,25553,,,,128.902075041972,37.7585367166545
MA010120220804770634,삼천리자전거,양양점,G2,소매,G213,오락용품 소매,G21305,자전거 소매업,G47632,자전거 및 기타 운송장비 소매업,51,강원특별자치도,51830,양양군,51830250,양양읍,5183025021,양양읍,5183025021101270001,1,대지,127,1,강원특별자치도 양양군 양양읍 남문리 127-1,518303235016,강원특별자치도 양양군 양양읍 양양로,82,,4283025021101270001014350,,강원특별자치도 양양군 양양읍 양양로 82,215806,25023,,,,128.620378215403,38.0746500980252
MA010120220804766369,고성MTB,,G2,소매,G213,오락용품 소매,G21305,자전거 소매업,G47632,자전거 및 기타 운송장비 소매업,51,강원특별자치도,51820,고성군,51820250,간성읍,5182025025,간성읍,5182025025102150000,1,대지,215,,강원특별자치도 고성군 간성읍 상리 215,518203234001,강원특별자치도 고성군 간성읍 간성로,103,,4282025025102150000000638,,강원특별자치도 고성군 간성읍 간성로 103,219801,24729,,1,,128.464205340851,38.3808724321401
MA010120220804766382,삼천리자전거,,G2,소매,G213,오락용품 소매,G21305,자전거 소매업,G47632,자전거 및 기타 운송장비 소매업,51,강원특별자치도,51820,고성군,51820250,간성읍,5182025021,간성읍,5182025021100220013,1,대지,22,13,강원특별자치도 고성군 간성읍 하리 22-13,518203234001,강원특별자치도 고성군 간성읍 간성로,77,,4282025021100220013000829,,강원특별자치도 고성군 간성읍 간성로 77,219801,24729,,,,128.46644156386,38.3794031908514
MA010120220804769010,삼천리자전거율량MTB,,G2,소매,G213,오락용품 소매,G21305,자전거 소매업,G47632,자전거 및 기타 운송장비 소매업,43,충청북도,43114,청주시 청원구,43114540,율량.사천동,4311410300,율량동,4311410300110450000,1,대지,1045,,충청북도 청주시 청원구 율량동 1045,431144508647,충청북도 청주시 청원구 충청대로115번길,4,,4311111500110450000038036,,충청북도 청주시 청원구 충청대로115번길 4,363819,28333,,1,,127.493307121477,36.6669836674131
MA010120220804789404,팀바이크76,,G2,소매,G213,오락용품 소매,G21305,자전거 소매업,G47632,자전거 및 기타 운송장비 소매업,11,서울특별시,11110,종로구,11110550,부암동,1111018400,부암동,1111018400102610001,1,대지,261,1,서울특별시 종로구 부암동 261-1,111103100014,서울특별시 종로구 창의문로,142,,1111018400102610001024528,,서울특별시 종로구 창의문로 142,110817,03020,,,,126.964808111246,37.5928776303091
MA010120220804780250,삼천리자전거황지점,,G2,소매,G213,오락용품 소매,G21305,자전거 소매업,G47632,자전거 및 기타 운송장비 소매업,51,강원특별자치도,51190,태백시,51190525,황연동,5119010100,황지동,5119010100102740508,1,대지,274,508,강원특별자치도 태백시 황지동 274-508,511904466171,강원특별자치도 태백시 장수길,18,,4219010100102740508000001,,강원특별자치도 태백시 장수길 18,235801,26025,,1,,128.985029394873,37.1791435428235
MA010120220804768032,민재자전거,,G2,소매,G213,오락용품 소매,G21305,자전거 소매업,G47632,자전거 및 기타 운송장비 소매업,41,경기도,41465,용인시 수지구,41465550,죽전2동,4146510200,죽전동,4146510200110800005,1,대지,1080,5,경기도 용인시 수지구 죽전동 1080-5,414654415020,경기도 용인시 수지구 대지로3번길,41,,4146510200110800005027937,상가,경기도 용인시 수지구 대지로3번길 41,448162,16868,,1,,127.111762710652,37.3302301464992
MA010120220804817254,하윤인터내셔널,,G2,소매,G213,오락용품 소매,G21305,자전거 소매업,G47632,자전거 및 기타 운송장비 소매업,11,서울특별시,11710,송파구,11710620,가락본동,1171010700,가락동,1171010700101190011,1,대지,119,11,서울특별시 송파구 가락동 119-11,117104169461,서울특별시 송파구 중대로12길,38,,1171010700101190011007198,,서울특별시 송파구 중대로12길 38,138806,05832,,1,,127.125153801156,37.4917514550269
MA010120220804836373,달려라자전거,,G2,소매,G213,오락용품 소매,G21305,자전거 소매업,G47632,자전거 및 기타 운송장비 소매업,46,전라남도,46130,여수시,46130800,여천동,4613013700,화장동,4613013700107880006,1,대지,788,6,전라남도 여수시 화장동 788-6,461303282042,전라남도 여수시 성산로,96,,4613013700107880006000001,,전라남도 여수시 성산로 96,555090,59639,,,,127.647025818075,34.7770600578693
MA010120220804846232,바이크캠프,,G2,소매,G213,오락용품 소매,G21305,자전거 소매업,G47632,자전거 및 기타 운송장비 소매업,41,경기도,41281,고양시 덕양구,41281630,행주동,4128112500,행주내동,4128112500101860001,1,대지,186,1,경기도 고양시 덕양구 행주내동 186-1,412813192073,경기도 고양시 덕양구 행주로,71,,4128112500101860001010589,석송,경기도 고양시 덕양구 행주로 71,412230,10439,,1,,126.824532854297,37.6050689833255
MA010120220804815787,원바이크,,G2,소매,G213,오락용품 소매,G21305,자전거 소매업,G47632,자전거 및 기타 운송장비 소매업,11,서울특별시,11710,송파구,11710610,삼전동,1171010600,삼전동,1171010600100030000,1,대지,3,,서울특별시 송파구 삼전동 3,117103123007,서울특별시 송파구 삼전로,92,,1171010600100030000007646,,서울특별시 송파구 삼전로 92,138837,05599,,1,,127.090219376672,37.5064787052102
MA010120220804826768,슬림팩,,G2,소매,G213,오락용품 소매,G21305,자전거 소매업,G47632,자전거 및 기타 운송장비 소매업,11,서울특별시,11680,강남구,11680565,청담동,1168010400,청담동,1168010400100880006,1,대지,88,6,서울특별시 강남구 청담동 88-6,116804166285,서울특별시 강남구 도산대로55길,18,,1168010400100880006000001,,서울특별시 강남구 도산대로55길 18,135954,06014,,1,,127.040567263373,37.5246253763181
MA010120220804840637,댄디바이크,,G2,소매,G213,오락용품 소매,G21305,자전거 소매업,G47632,자전거 및 기타 운송장비 소매업,28,인천광역시,28237,부평구,28237560,부평6동,2823710100,부평동,2823710100106280004,1,대지,628,4,인천광역시 부평구 부평동 628-4,282373000028,인천광역시 부평구 경인로,1000,,2823710100106280004200914,성화빌딩,인천광역시 부평구 경인로 1000,403827,21426,,1,,126.730848583523,37.486943057763
MA010120220804827127,구디팡,,G2,소매,G213,오락용품 소매,G21305,자전거 소매업,G47632,자전거 및 기타 운송장비 소매업,11,서울특별시,11710,송파구,11710641,문정1동,1171010800,문정동,1171010800100420000,1,대지,42,,서울특별시 송파구 문정동 42,117104169071,서울특별시 송파구 동남로4길,6,,1171010800100420000004246,대전빌딩,서울특별시 송파구 동남로4길 6,138825,05805,,1,,127.123713830932,37.4893923333038
MA010120220804846737,자전거세상,,G2,소매,G213,오락용품 소매,G21305,자전거 소매업,G47632,자전거 및 기타 운송장비 소매업,41,경기도,41281,고양시 덕양구,41281630,행주동,4128112000,토당동,4128112000108430016,1,대지,843,16,경기도 고양시 덕양구 토당동 843-16,412813192061,경기도 고양시 덕양구 지도로,108,,4128112000108430016011927,우측,경기도 고양시 덕양구 지도로 108,412820,10511,,1,,126.823824921225,37.6267276633009
MA010120220804851875,다원,코리아,G2,소매,G213,오락용품 소매,G21305,자전거 소매업,G47632,자전거 및 기타 운송장비 소매업,28,인천광역시,28237,부평구,28237530,부평3동,2823710200,십정동,2823710200101860324,1,대지,186,324,인천광역시 부평구 십정동 186-324,282372008007,인천광역시 부평구 경원대로,1218,,2823710200101860324016628,일부,인천광역시 부평구 경원대로 1218,403822,21440,,1,,126.707199253575,37.4857064980098
MA010120220804869204,율하바이크,,G2,소매,G213,오락용품 소매,G21305,자전거 소매업,G47632,자전거 및 기타 운송장비 소매업,48,경상남도,48250,김해시,48250630,장유3동,4825013100,율하동,4825013100113300002,1,대지,1330,2,경상남도 김해시 율하동 1330-2,482503335048,경상남도 김해시 율하3로,69,,4825031029113300002098485,,경상남도 김해시 율하3로 69,621320,51014,,,,128.815720656463,35.1737840859657
MA010120220804881379,삼천리자전거평리,대리점,G2,소매,G213,오락용품 소매,G21305,자전거 소매업,G47632,자전거 및 기타 운송장비 소매업,27,대구광역시,27170,서구,27170640,평리3동,2717010300,평리동,2717010300110370001,1,대지,1037,1,대구광역시 서구 평리동 1037-1,271703143004,대구광역시 서구 문화로,246,,2717010300110370001012531,,대구광역시 서구 문화로 246,703843,41775,,1,,128.559439958343,35.8755117682416
MA010120220804875818,안티노리,,G2,소매,G213,오락용품 소매,G21305,자전거 소매업,G47632,자전거 및 기타 운송장비 소매업,50,제주특별자치도,50110,제주시,50110560,삼도2동,5011010600,삼도이동,5011010600111830001,1,대지,1183,1,제주특별자치도 제주시 삼도이동 1183-1,501104848777,제주특별자치도 제주시 중앙로2길,35,,5011010600111830001026179,,제주특별자치도 제주시 중앙로2길 35,690808,63166,,,,126.521142528121,33.5173095204253
MA010120220804859526,삼천리자전거,,G2,소매,G213,오락용품 소매,G21305,자전거 소매업,G47632,자전거 및 기타 운송장비 소매업,41,경기도,41610,광주시,41610259,곤지암읍,4161025921,곤지암읍,4161025921104530011,1,대지,453,11,경기도 광주시 곤지암읍 곤지암리 453-11,416103211003,경기도 광주시 곤지암읍 곤지암로,70,25,4161025921104530103000001,,경기도 광주시 곤지암읍 곤지암로 70-25,464872,12804,,,,127.337757574231,37.3501280031242
MA010120220805313213,아프로바이크,,G2,소매,G213,오락용품 소매,G21305,자전거 소매업,G47632,자전거 및 기타 운송장비 소매업,11,서울특별시,11710,송파구,11710641,문정1동,1171010800,문정동,1171010800100280007,1,대지,28,7,서울특별시 송파구 문정동 28-7,117104169073,서울특별시 송파구 동남로6길,3,10,1171010800100280007000001,리뉴힐,서울특별시 송파구 동남로6길 3-10,138825,05804,,1,,127.124743697499,37.4899318546865
MA010120220805537051,모노스토리지,,G2,소매,G213,오락용품 소매,G21305,자전거 소매업,G47632,자전거 및 기타 운송장비 소매업,11,서울특별시,11710,송파구,11710520,풍납2동,1171010300,풍납동,1171010300105080000,1,대지,508,,서울특별시 송파구 풍납동 508,117103123019,서울특별시 송파구 토성로,38,6,1171010300105080000024024,한강극동아파트,서울특별시 송파구 토성로 38-6,138784,05536,,1,,127.114061764647,37.5294606936193
MA010120220805726103,도프존,,G2,소매,G213,오락용품 소매,G21305,자전거 소매업,G47632,자전거 및 기타 운송장비 소매업,11,서울특별시,11215,광진구,11215840,자양3동,1121510500,자양동,1121510500107930000,1,대지,793,,서울특별시 광진구 자양동 793,112154112166,서울특별시 광진구 능동로4길,78,,1121510500107930000014700,우방리버파크,서울특별시 광진구 능동로4길 78,143193,05095,,1,,127.070472927257,37.5312787304402
MA010120220805251212,에코라이딩,,G2,소매,G213,오락용품 소매,G21305,자전거 소매업,G47632,자전거 및 기타 운송장비 소매업,30,대전광역시,30170,서구,30170650,만년동,3017012800,만년동,3017012800102820000,1,대지,282,,대전광역시 서구 만년동 282,301702010001,대전광역시 서구 대덕대로,366,,3017012800102820000017909,대전둔산해가든센트럴파크,대전광역시 서구 대덕대로 366,302834,35203,,1,,127.379994288908,36.3654237583398
MA010120220805415923,엑스엠동양전자,,G2,소매,G213,오락용품 소매,G21305,자전거 소매업,G47632,자전거 및 기타 운송장비 소매업,11,서울특별시,11290,성북구,11290555,삼선동,1129011300,삼선동3가,1129011300101160000,1,대지,116,,서울특별시 성북구 삼선동3가 116,112904121253,서울특별시 성북구 삼선교로16길,35,,1129011300100290006000001,삼선에스케이뷰아파트,서울특별시 성북구 삼선교로16길 35,136736,02863,,2,,127.011774995565,37.5869988091609
MA010120220805850189,브롬핑,,G2,소매,G213,오락용품 소매,G21305,자전거 소매업,G47632,자전거 및 기타 운송장비 소매업,41,경기도,41210,광명시,41210655,일직동,4121010600,일직동,4121010600105170000,1,대지,517,,경기도 광명시 일직동 517,412103187005,경기도 광명시 광명역로,28,,4121010600105170000000001,광명역센트럴자이,경기도 광명시 광명역로 28,423090,14349,,1,,126.888423526633,37.4178459855424
MA010120220805248261,로빈앤컴퍼니,,G2,소매,G213,오락용품 소매,G21305,자전거 소매업,G47632,자전거 및 기타 운송장비 소매업,41,경기도,41590,화성시,41590620,동탄8동,4159013600,장지동,4159013600109210000,1,대지,921,,경기도 화성시 장지동 921,415904852363,경기도 화성시 동탄순환대로4길,11,,4159013600109210000000001,동탄2엘에이치28단지,경기도 화성시 동탄순환대로4길 11,,18499,,1,,127.098940749715,37.1634131873863
MA010120220809526865,롤링힐,,G2,소매,G213,오락용품 소매,G21305,자전거 소매업,G47632,자전거 및 기타 운송장비 소매업,27,대구광역시,27290,달서구,27290617,유천동,2729011800,유천동,2729011800105950000,1,대지,595,,대구광역시 달서구 유천동 595,272903007013,대구광역시 달서구 월배로,51,,2729011800101200002000001,진천역AK그랑폴리스,대구광역시 달서구 월배로 51,704880,42763,,1,,128.52002755561,35.8137201000101
MA010120220806668473,안녕자전거,,G2,소매,G213,오락용품 소매,G21305,자전거 소매업,G47632,자전거 및 기타 운송장비 소매업,41,경기도,41570,김포시,41570570,구래동,4157010900,구래동,4157010900168860006,1,대지,6886,6,경기도 김포시 구래동 6886-6,415703209024,경기도 김포시 김포한강4로,487,,4157010900168860006000001,한강신도시반도유보라4차,경기도 김포시 김포한강4로 487,415080,10066,,1,,126.629382533634,37.6463599910059
MA010120220808423587,라트바이크,,G2,소매,G213,오락용품 소매,G21305,자전거 소매업,G47632,자전거 및 기타 운송장비 소매업,41,경기도,41570,김포시,41570560,장기동,4157010400,장기동,4157010400120310000,1,대지,2031,,경기도 김포시 장기동 2031,415703209022,경기도 김포시 김포한강2로,41,,4157010400120310000000001,이편한세상캐널시티,경기도 김포시 김포한강2로 41,415060,10090,,1,,126.67760688525,37.6412669367862
MA010120220806887943,삼천리자전거새뜸점,,G2,소매,G213,오락용품 소매,G21305,자전거 소매업,G47632,자전거 및 기타 운송장비 소매업,36,세종특별자치시,36110,세종특별자치시,36110515,새롬동,3611010800,새롬동,3611010800105930000,1,대지,593,,세종특별자치시 세종특별자치시 새롬동 593,361103351239,세종특별자치시 세종특별자치시 새롬중앙1로,13,,3611010800103410094000001,새뜸마을메이저시티6단지,세종특별자치시 세종특별자치시 새롬중앙1로 13,339009,30126,,1,,127.249882976788,36.4837114811563
MA010120220808535254,알톤스포츠,운암점,G2,소매,G213,오락용품 소매,G21305,자전거 소매업,G47632,자전거 및 기타 운송장비 소매업,29,광주광역시,29170,북구,29170601,운암1동,2917010900,운암동,2917010900100670000,1,대지,67,,광주광역시 북구 운암동 67,291704286341,광주광역시 북구 서강로54번길,55,,2917010900100670001000002,벽산블루밍메가씨티1단지,광주광역시 북구 서강로54번길 55,500922,61260,,1,,126.877825516957,35.1771308135408
MA010120220809556097,윈윈바이크,,G2,소매,G213,오락용품 소매,G21305,자전거 소매업,G47632,자전거 및 기타 운송장비 소매업,11,서울특별시,11500,강서구,11500605,가양3동,1150010400,가양동,1150010400114900000,1,대지,1490,,서울특별시 강서구 가양동 1490,115003115013,서울특별시 강서구 허준로,234,,1150010400114900000009359,가양9단지,서울특별시 강서구 허준로 234,157810,07532,,1,,126.863371477098,37.5585570215391
MA010120220809510404,에이치바이크,,G2,소매,G213,오락용품 소매,G21305,자전거 소매업,G47632,자전거 및 기타 운송장비 소매업,27,대구광역시,27200,남구,27200540,봉덕2동,2720010200,봉덕동,2720010200116300000,1,대지,1630,,대구광역시 남구 봉덕동 1630,272003144001,대구광역시 남구 대덕로,166,,2720010200116300000000001,앞산힐스테이트,대구광역시 남구 대덕로 166,705750,42511,,1,,128.602451685695,35.8406750799373
MA010120220809511164,위너바이크,,G2,소매,G213,오락용품 소매,G21305,자전거 소매업,G47632,자전거 및 기타 운송장비 소매업,27,대구광역시,27710,달성군,27710256,다사읍,2771025625,다사읍,2771025625101450000,1,대지,145,,대구광역시 달성군 다사읍 서재리 145,277104244368,대구광역시 달성군 다사읍 서재로30길,17,,2771025625101450000043178,서재보성타운1차,대구광역시 달성군 다사읍 서재로30길 17,711789,42925,,1,,128.500309962647,35.8758955172736
MA010120220806738800,콤마바이크,,G2,소매,G213,오락용품 소매,G21305,자전거 소매업,G47632,자전거 및 기타 운송장비 소매업,11,서울특별시,11650,서초구,11650651,양재1동,1165010200,양재동,1165010200101160003,1,대지,116,3,서울특별시 서초구 양재동 116-3,116504163011,서울특별시 서초구 강남대로23길,88,,1165010200101160003000001,소호엠타워,서울특별시 서초구 강남대로23길 88,137891,06754,,1,,127.035464035556,37.4742427540748
MA010120220807412577,텐폭스,,G2,소매,G213,오락용품 소매,G21305,자전거 소매업,G47632,자전거 및 기타 운송장비 소매업,41,경기도,41135,성남시 분당구,41135550,정자1동,4113510300,정자동,4113510300100150004,1,대지,15,4,경기도 성남시 분당구 정자동 15-4,411354340532,경기도 성남시 분당구 정자일로232번길,25,,4113510300100150004029113,두산제니스,경기도 성남시 분당구 정자일로232번길 25,463877,13555,,1,,127.107531363032,37.3697621933696
MA010120220807172329,소보루자전거,,G2,소매,G213,오락용품 소매,G21305,자전거 소매업,G47632,자전거 및 기타 운송장비 소매업,41,경기도,41131,성남시 수정구,41131625,위례동,4113110800,창곡동,4113110800105650000,1,대지,565,,경기도 성남시 수정구 창곡동 565,411313000238,경기도 성남시 수정구 위례광장로,36,,4113110800105650000000001,위례역푸르지오4단지,경기도 성남시 수정구 위례광장로 36,461210,13646,,1,,127.141505984685,37.4684239119713
MA010120220806162414,심곡알톤자전거,,G2,소매,G213,오락용품 소매,G21305,자전거 소매업,G47632,자전거 및 기타 운송장비 소매업,28,인천광역시,28260,서구,28260530,연희동,2826010600,연희동,2826010600107470010,1,대지,747,10,인천광역시 서구 연희동 747-10,282603156051,인천광역시 서구 승학로,281,,2826010600107470010012092,삼성홈빌라,인천광역시 서구 승학로 281,404838,22723,,1,,126.67386990074,37.547400753594
MA010120220808025304,삼천리자전거,마곡나루점,G2,소매,G213,오락용품 소매,G21305,자전거 소매업,G47632,자전거 및 기타 운송장비 소매업,11,서울특별시,11500,강서구,11500630,방화1동,1150010500,마곡동,1150010500107360000,1,대지,736,,서울특별시 강서구 마곡동 736,115003155048,서울특별시 강서구 마곡서1로,132,,1150010500107310209000001,마곡엠밸리3단지,서울특별시 강서구 마곡서1로 132,157855,07598,,1,,126.819977286139,37.5686980978525
MA010120220806500091,케이마린앤모터스,,G2,소매,G213,오락용품 소매,G21305,자전거 소매업,G47632,자전거 및 기타 운송장비 소매업,41,경기도,41196,부천시 오정구,41196520,원종1동,4119610400,원종동,4119610400102700008,1,대지,270,8,경기도 부천시 오정구 원종동 270-8,411964358362,경기도 부천시 오정구 원종로79번길,55,,4119910400102700008027288,성원빌라,경기도 부천시 오정구 원종로79번길 55,421819,14419,,1,,126.808641362922,37.5264955629104
MA010120220807131027,펀바이크,,G2,소매,G213,오락용품 소매,G21305,자전거 소매업,G47632,자전거 및 기타 운송장비 소매업,26,부산광역시,26230,부산진구,26230740,개금1동,2623011100,개금동,2623011100104510012,1,대지,451,12,부산광역시 부산진구 개금동 451-12,262302006015,부산광역시 부산진구 가야대로,411,,2623011100104510012030407,개금역스마트더블유,부산광역시 부산진구 가야대로 411,614111,47267,,1,,129.017497450778,35.1525940246315
MA010120220807270976,두바이크,,G2,소매,G213,오락용품 소매,G21305,자전거 소매업,G47632,자전거 및 기타 운송장비 소매업,52,전북특별자치도,52111,전주시 완산구,52111713,효자3동,5211114000,효자동1가,5211114000104080001,1,대지,408,1,전북특별자치도 전주시 완산구 효자동1가 408-1,521113016010,전북특별자치도 전주시 완산구 강변로,210,,4511114000104080001032959,광진산업라미안,전북특별자치도 전주시 완산구 강변로 210,560893,55056,,1,,127.110929589716,35.8080852320989
MA010120220808903413,수바이시클,,G2,소매,G213,오락용품 소매,G21305,자전거 소매업,G47632,자전거 및 기타 운송장비 소매업,27,대구광역시,27260,수성구,27260680,고산2동,2726011400,시지동,2726011400102620000,1,대지,262,,대구광역시 수성구 시지동 262,272602007002,대구광역시 수성구 달구벌대로,3110,,2726011400102580025000001,아이프라임시지,대구광역시 수성구 달구벌대로 3110,706955,42254,,1,,128.697201154284,35.8423567191064
MA010120220806055773,삼천리자전거,,G2,소매,G213,오락용품 소매,G21305,자전거 소매업,G47632,자전거 및 기타 운송장비 소매업,44,충청남도,44133,천안시 서북구,44133250,성환읍,4413325021,성환읍,4413325021102770008,1,대지,277,8,충청남도 천안시 서북구 성환읍 성환리 277-8,441333250035,충청남도 천안시 서북구 성환읍 성환중앙로,66,2,4413325021102740002013115,,충청남도 천안시 서북구 성환읍 성환중앙로 66-2,331805,31015,,1,,127.132336264443,36.9187295973897
MA010120220806059904,성거삼천리자전거,,G2,소매,G213,오락용품 소매,G21305,자전거 소매업,G47632,자전거 및 기타 운송장비 소매업,44,충청남도,44133,천안시 서북구,44133253,성거읍,4413325322,성거읍,4413325322102630023,1,대지,263,23,충청남도 천안시 서북구 성거읍 천흥리 263-23,441334550618,충청남도 천안시 서북구 성거읍 천흥5길,14,,4413325322102630023031904,,충청남도 천안시 서북구 성거읍 천흥5길 14,331836,31044,,,,127.212474104923,36.8733872629092
MA010120220806060040,한일자전차점,,G2,소매,G213,오락용품 소매,G21305,자전거 소매업,G47632,자전거 및 기타 운송장비 소매업,44,충청남도,44131,천안시 동남구,44131360,병천면,4413136022,병천면,4413136022101660013,1,대지,166,13,충청남도 천안시 동남구 병천면 병천리 166-13,441313249055,충청남도 천안시 동남구 병천면 충절로,1746,,4413136022101660013049241,,충청남도 천안시 동남구 병천면 충절로 1746,330861,31254,,,,127.298718398563,36.762293582737
MA010120220806063981,평화자전차,,G2,소매,G213,오락용품 소매,G21305,자전거 소매업,G47632,자전거 및 기타 운송장비 소매업,44,충청남도,44200,아산시,44200570,온양1동,4420010100,온천동,4420010100100210012,1,대지,21,12,충청남도 아산시 온천동 21-12,442003253047,충청남도 아산시 시민로,413,,4420010100100210012041571,,충청남도 아산시 시민로 413,336011,31507,,,,127.00136677504,36.7853857103121
MA010120220806044990,코렉스자전거,,G2,소매,G213,오락용품 소매,G21305,자전거 소매업,G47632,자전거 및 기타 운송장비 소매업,44,충청남도,44131,천안시 동남구,44131540,원성2동,4413110700,원성동,4413110700105630005,1,대지,563,5,충청남도 천안시 동남구 원성동 563-5,441313249055,충청남도 천안시 동남구 충절로,210,,4413110700105630005024736,,충청남도 천안시 동남구 충절로 210,330954,31186,,,,127.158890034128,36.8001569767115
MA010120220806072154,렉스바이크,,G2,소매,G213,오락용품 소매,G21305,자전거 소매업,G47632,자전거 및 기타 운송장비 소매업,44,충청남도,44131,천안시 동남구,44131320,광덕면,4413132026,광덕면,4413132026102140000,1,대지,214,,충청남도 천안시 동남구 광덕면 신흥리 214,441314547466,충청남도 천안시 동남구 광덕면 신흥리3길,103,,4413132026102140000073162,,충청남도 천안시 동남구 광덕면 신흥리3길 103,330923,31221,,,,127.109703316373,36.6929611609601
MA010120220806060945,삼천리자전거,,G2,소매,G213,오락용품 소매,G21305,자전거 소매업,G47632,자전거 및 기타 운송장비 소매업,44,충청남도,44131,천안시 동남구,44131590,신안동,4413111800,신부동,4413111800103190003,1,대지,319,3,충청남도 천안시 동남구 신부동 319-3,441313249040,충청남도 천안시 동남구 중앙로,293,,4413111800103190002007224,,충청남도 천안시 동남구 중앙로 293,330942,31117,,,,127.152663307674,36.8244320250414
MA010120220806045970,천안성정MTB,,G2,소매,G213,오락용품 소매,G21305,자전거 소매업,G47632,자전거 및 기타 운송장비 소매업,44,충청남도,44133,천안시 서북구,44133510,성정1동,4413310200,성정동,4413310200107310003,1,대지,731,3,충청남도 천안시 서북구 성정동 731-3,441333250053,충청남도 천안시 서북구 봉정로,137,,4413310200107310003051048,,충청남도 천안시 서북구 봉정로 137,331969,31141,,1,,127.141604333077,36.8144704318182
MA010120220806063140,삼천리자전거온양점,,G2,소매,G213,오락용품 소매,G21305,자전거 소매업,G47632,자전거 및 기타 운송장비 소매업,44,충청남도,44200,아산시,44200580,온양2동,4420010100,온천동,4420010100120620000,1,대지,2062,,충청남도 아산시 온천동 2062,442004559589,충청남도 아산시 온여고길,7,,4420011200100160063045260,,충청남도 아산시 온여고길 7,336012,31577,,,,127.010395614103,36.7791765782053
MA010120220806063149,신흥자전차,,G2,소매,G213,오락용품 소매,G21305,자전거 소매업,G47632,자전거 및 기타 운송장비 소매업,44,충청남도,44200,아산시,44200580,온양2동,4420010100,온천동,4420010100102000012,1,대지,200,12,충청남도 아산시 온천동 200-12,442003253047,충청남도 아산시 시민로,355,,4420010100102000012035733,,충청남도 아산시 시민로 355,336818,31566,,,,126.999260642296,36.7806818935897
MA010120220806046448,삼천리자전거,,G2,소매,G213,오락용품 소매,G21305,자전거 소매업,G47632,자전거 및 기타 운송장비 소매업,44,충청남도,44133,천안시 서북구,44133510,성정1동,4413310200,성정동,4413310200107150012,1,대지,715,12,충청남도 천안시 서북구 성정동 715-12,441333250053,충청남도 천안시 서북구 봉정로,143,,4413310200107150012054063,,충청남도 천안시 서북구 봉정로 143,331968,31141,,,,127.141728327445,36.8148577613167
MA010120220806044212,레스포천안윤업사,,G2,소매,G213,오락용품 소매,G21305,자전거 소매업,G47632,자전거 및 기타 운송장비 소매업,44,충청남도,44133,천안시 서북구,44133540,쌍용2동,4413310700,쌍용동,4413310700115550000,1,대지,1555,,충청남도 천안시 서북구 쌍용동 1555,441333250056,충청남도 천안시 서북구 월봉4로,88,4,4413310700115550000057633,월봉상가,충청남도 천안시 서북구 월봉4로 88-4,331955,31171,,,,127.114968612785,36.7946837216388
MA010120220806061837,삼천리자전거,,G2,소매,G213,오락용품 소매,G21305,자전거 소매업,G47632,자전거 및 기타 운송장비 소매업,44,충청남도,44133,천안시 서북구,44133590,부성2동,4413310400,두정동,4413310400109500000,1,대지,950,,충청남도 천안시 서북구 두정동 950,441334550236,충청남도 천안시 서북구 부성4길,35,5,4413310400109500000047169,,충청남도 천안시 서북구 부성4길 35-5,331960,31100,,,,127.137886655827,36.8349660034191
MA010120220806069960,동일공업사,,G2,소매,G213,오락용품 소매,G21305,자전거 소매업,G47632,자전거 및 기타 운송장비 소매업,44,충청남도,44131,천안시 동남구,44131510,중앙동,4413110400,사직동,4413110400102750002,1,대지,275,2,충청남도 천안시 동남구 사직동 275-2,441313249006,충청남도 천안시 동남구 대흥로,115,9,4413110400102740002021968,,충청남도 천안시 동남구 대흥로 115-9,330040,31130,,,,127.150149286167,36.7998078876681
MA010120220806042199,삼천리자전거모종점,,G2,소매,G213,오락용품 소매,G21305,자전거 소매업,G47632,자전거 및 기타 운송장비 소매업,44,충청남도,44200,아산시,44200590,온양3동,4420011300,모종동,4420011300104260016,1,대지,426,16,충청남도 아산시 모종동 426-16,442003253090,충청남도 아산시 문화로,357,,4420011300104260016049880,,충청남도 아산시 문화로 357,336801,31527,,1,,127.018618532121,36.7813472644954
MA010120220806106792,탑바이크,,G2,소매,G213,오락용품 소매,G21305,자전거 소매업,G47632,자전거 및 기타 운송장비 소매업,44,충청남도,44200,아산시,44200590,온양3동,4420011400,권곡동,4420011400105420002,1,대지,542,2,충청남도 아산시 권곡동 542-2,442004559764,충청남도 아산시 충무로82번길,22,,4420011400105420002029945,,충청남도 아산시 충무로82번길 22,336030,31515,,,,127.008548216746,36.7878274322219
MA010120220806104529,에스엠사이클아카데미,,G2,소매,G213,오락용품 소매,G21305,자전거 소매업,G47632,자전거 및 기타 운송장비 소매업,44,충청남도,44133,천안시 서북구,44133566,불당1동,4413310800,불당동,4413310800113160000,1,대지,1316,,충청남도 천안시 서북구 불당동 1316,441334550649,충청남도 천안시 서북구 불당16길,21,1,4413310800113160000000001,,충청남도 천안시 서북구 불당16길 21-1,331985,31169,,,,127.107202134368,36.8014222864706
MA010120220806110376,삼천리자전거직산,대리점,G2,소매,G213,오락용품 소매,G21305,자전거 소매업,G47632,자전거 및 기타 운송장비 소매업,44,충청남도,44133,천안시 서북구,44133256,직산읍,4413325626,직산읍,4413325626104150000,1,대지,415,,충청남도 천안시 서북구 직산읍 삼은리 415,441333250023,충청남도 천안시 서북구 직산읍 봉주로,59,,4413325626104150000031911,,충청남도 천안시 서북구 직산읍 봉주로 59,331816,31037,,,,127.15317258178,36.877461349361
MA010120220806110491,성은유통,,G2,소매,G213,오락용품 소매,G21305,자전거 소매업,G47632,자전거 및 기타 운송장비 소매업,44,충청남도,44133,천안시 서북구,44133566,불당1동,4413310800,불당동,4413310800111320000,1,대지,1132,,충청남도 천안시 서북구 불당동 1132,441333250025,충청남도 천안시 서북구 불당11로,40,1,4413310800111320000056142,,충청남도 천안시 서북구 불당11로 40-1,331984,31164,,,,127.110645611027,36.8037980683501
MA010120220806112997,희망메디칼,,G2,소매,G213,오락용품 소매,G21305,자전거 소매업,G47632,자전거 및 기타 운송장비 소매업,44,충청남도,44133,천안시 서북구,44133530,쌍용1동,4413310700,쌍용동,4413310700108840000,1,대지,884,,충청남도 천안시 서북구 쌍용동 884,441334550188,충청남도 천안시 서북구 미라15길,19,,4413310700108840000055595,,충청남도 천안시 서북구 미라15길 19,331949,31155,,,,127.131314806646,36.807192255157
MA010120220806079295,삼천리상사,,G2,소매,G213,오락용품 소매,G21305,자전거 소매업,G47632,자전거 및 기타 운송장비 소매업,44,충청남도,44200,아산시,44200253,배방읍,4420025324,배방읍,4420025324100570040,1,대지,57,40,충청남도 아산시 배방읍 공수리 57-40,442004559252,충청남도 아산시 배방읍 북수로39번길,19,,4420025324100570040007837,,충청남도 아산시 배방읍 북수로39번길 19,336852,31484,,1,,127.065999166627,36.7744909429771
MA010120220806086185,바퀴벌레MTB,,G2,소매,G213,오락용품 소매,G21305,자전거 소매업,G47632,자전거 및 기타 운송장비 소매업,44,충청남도,44131,천안시 동남구,44131570,신방동,4413111600,신방동,4413111600107850101,1,대지,785,101,충청남도 천안시 동남구 신방동 785-101,441314547458,충청남도 천안시 동남구 신촌2길,5,3,4413111600107850101024869,,충청남도 천안시 동남구 신촌2길 5-3,330940,31177,,,,127.121077453613,36.7891087789138
MA010120220806097792,대영농기계,,G2,소매,G213,오락용품 소매,G21305,자전거 소매업,G47632,자전거 및 기타 운송장비 소매업,44,충청남도,44200,아산시,44200600,온양4동,4420010300,방축동,4420010300101190001,1,대지,119,1,충청남도 아산시 방축동 119-1,442003253026,충청남도 아산시 방축로,66,,4420010300101190001042248,,충청남도 아산시 방축로 66,336070,31565,,,,126.99409617351,36.7828624490658
MA010120220806078097,천안자전거종합할인마트e바이크,,G2,소매,G213,오락용품 소매,G21305,자전거 소매업,G47632,자전거 및 기타 운송장비 소매업,44,충청남도,44131,천안시 동남구,44131590,신안동,4413111800,신부동,4413111800104520005,1,대지,452,5,충청남도 천안시 동남구 신부동 452-5,441314547205,충청남도 천안시 동남구 먹거리1길,7,,4413111800104520005010181,,충청남도 천안시 동남구 먹거리1길 7,330993,31123,,,,127.153299789709,36.817600802279
MA010120220806146268,기동상회,,G2,소매,G213,오락용품 소매,G21305,자전거 소매업,G47632,자전거 및 기타 운송장비 소매업,44,충청남도,44180,보령시,44180515,대천1동,4418010100,대천동,4418010100101830011,1,대지,183,11,충청남도 보령시 대천동 183-11,441803252008,충청남도 보령시 대천로,25,,4418010100101830011014847,,충청남도 보령시 대천로 25,355011,33465,,,,126.596948819049,36.350893385657
MA010120220806146532,삼천리자전거대천동,대리점,G2,소매,G213,오락용품 소매,G21305,자전거 소매업,G47632,자전거 및 기타 운송장비 소매업,44,충청남도,44180,보령시,44180525,대천2동,4418010100,대천동,4418010100101480004,1,대지,148,4,충청남도 보령시 대천동 148-4,441803252049,충청남도 보령시 번영로,9,,4418010100101480004015171,,충청남도 보령시 번영로 9,355930,33454,,,,126.593963757161,36.3529289447091
MA010120220806159616,삼천리자전거,,G2,소매,G213,오락용품 소매,G21305,자전거 소매업,G47632,자전거 및 기타 운송장비 소매업,52,전북특별자치도,52140,익산시,52140656,신동,5214012100,신동,5214012100107810027,1,대지,781,27,전북특별자치도 익산시 신동 781-27,521403269034,전북특별자치도 익산시 인북로,365,1,4514012100107810027067907,,전북특별자치도 익산시 인북로 365-1,570976,54646,,1,,126.961888185098,35.9608383555805
MA010120220806154738,대창자전차,,G2,소매,G213,오락용품 소매,G21305,자전거 소매업,G47632,자전거 및 기타 운송장비 소매업,44,충청남도,44180,보령시,44180250,웅천읍,4418025021,웅천읍,4418025021104380009,1,대지,438,9,충청남도 보령시 웅천읍 대창리 438-9,441804556529,충청남도 보령시 웅천읍 장터1길,46,,4418025021104380009028343,,충청남도 보령시 웅천읍 장터1길 46,355853,33521,,,,126.602362810816,36.2324780234337
MA010120220806142132,유림상사,,G2,소매,G213,오락용품 소매,G21305,자전거 소매업,G47632,자전거 및 기타 운송장비 소매업,11,서울특별시,11710,송파구,11710520,풍납2동,1171010300,풍납동,1171010300101620029,1,대지,162,29,서울특별시 송파구 풍납동 162-29,117103123024,서울특별시 송파구 풍성로,58,,1171010300101620029024095,,서울특별시 송파구 풍성로 58,138877,05528,,,,127.118763519464,37.5336817527864
MA010120220806149193,대천자전차,,G2,소매,G213,오락용품 소매,G21305,자전거 소매업,G47632,자전거 및 기타 운송장비 소매업,44,충청남도,44180,보령시,44180515,대천1동,4418010100,대천동,4418010100106180491,1,대지,618,491,충청남도 보령시 대천동 618-491,441803252047,충청남도 보령시 대흥로,2,,4418010400108280011010302,,충청남도 보령시 대흥로 2,355011,33463,,,,126.598097581385,36.34847309577
MA010120220806163953,바이크스패너,,G2,소매,G213,오락용품 소매,G21305,자전거 소매업,G47632,자전거 및 기타 운송장비 소매업,11,서울특별시,11740,강동구,11740700,둔촌2동,1174010600,둔촌동,1174010600100590006,1,대지,59,6,서울특별시 강동구 둔촌동 59-6,117403124002,서울특별시 강동구 명일로,165,,1174010600100590006000241,,서울특별시 강동구 명일로 165,134817,05361,,,,127.144423894259,37.5337522695848
MA010120220806147706,코렉스동대할인매장,,G2,소매,G213,오락용품 소매,G21305,자전거 소매업,G47632,자전거 및 기타 운송장비 소매업,44,충청남도,44180,보령시,44180535,대천3동,4418010400,동대동,4418010400119270000,1,대지,1927,,충청남도 보령시 동대동 1927,441803252032,충청남도 보령시 주공로,11,,4418010400119270000008193,,충청남도 보령시 주공로 11,355938,33469,,,,126.602570022539,36.345243824138
MA010120220806175929,삼천리자전거오창MTB,,G2,소매,G213,오락용품 소매,G21305,자전거 소매업,G47632,자전거 및 기타 운송장비 소매업,43,충청북도,43114,청주시 청원구,43114253,오창읍,4311425345,오창읍,4311425345108210002,1,대지,821,2,충청북도 청주시 청원구 오창읍 양청리 821-2,431142014001,충청북도 청주시 청원구 오창읍 오창대로,315,,4371025345008210002004890,오창동훈올리브,충청북도 청주시 청원구 오창읍 오창대로 315,363883,28120,,1,,127.42775878475,36.7114912524049
MA010120220806178149,완성자전거상회,,G2,소매,G213,오락용품 소매,G21305,자전거 소매업,G47632,자전거 및 기타 운송장비 소매업,30,대전광역시,30170,서구,30170550,용문동,3017010500,용문동,3017010500102630032,1,대지,263,32,대전광역시 서구 용문동 263-32,301703166016,대전광역시 서구 도산로,348,,3017010500102630032009072,,대전광역시 서구 도산로 348,302845,35302,,,,127.390510245881,36.3359124286129
MA010120220806174735,카이스트자전거매장,,G2,소매,G213,오락용품 소매,G21305,자전거 소매업,G47632,자전거 및 기타 운송장비 소매업,30,대전광역시,30200,유성구,30200540,온천2동,3020012400,구성동,3020012400100230000,1,대지,23,,대전광역시 유성구 구성동 23,302003167083,대전광역시 유성구 대학로,291,,3020012300100230000000001,한국과학기술원,대전광역시 유성구 대학로 291,305701,34141,,,,127.357131325738,36.3681797819886
MA010120220806176365,삼천리자전거,,G2,소매,G213,오락용품 소매,G21305,자전거 소매업,G47632,자전거 및 기타 운송장비 소매업,30,대전광역시,30170,서구,30170581,갈마1동,3017011100,갈마동,3017011100102630010,1,대지,263,10,대전광역시 서구 갈마동 263-10,301703166037,대전광역시 서구 신갈마로,235,,3017011100102630010021066,,대전광역시 서구 신갈마로 235,302805,35224,,,,127.368912378777,36.354653415534
MA010120220806185122,철이바이크,,G2,소매,G213,오락용품 소매,G21305,자전거 소매업,G47632,자전거 및 기타 운송장비 소매업,30,대전광역시,30170,서구,30170575,내동,3017011000,내동,3017011000100320007,1,대지,32,7,대전광역시 서구 내동 32-7,301703166017,대전광역시 서구 도솔로,269,,3017011000100320007014668,제,대전광역시 서구 도솔로 269,302817,35288,,2,,127.379004139651,36.3335613504406
MA010120220806185169,신광윤업사,,G2,소매,G213,오락용품 소매,G21305,자전거 소매업,G47632,자전거 및 기타 운송장비 소매업,30,대전광역시,30170,서구,30170597,관저2동,3017011600,관저동,3017011600110060000,1,대지,1006,,대전광역시 서구 관저동 1006,301704298098,대전광역시 서구 관저동로105번길,82,,3017011600110060000014323,,대전광역시 서구 관저동로105번길 82,302812,35378,,,,127.336028097094,36.3010851677309
MA010120220806193117,대전자전거사랑,,G2,소매,G213,오락용품 소매,G21305,자전거 소매업,G47632,자전거 및 기타 운송장비 소매업,30,대전광역시,30170,서구,30170581,갈마1동,3017011100,갈마동,3017011100114650000,1,대지,1465,,대전광역시 서구 갈마동 1465,301703166039,대전광역시 서구 월평동로,1,,3017011100114650000018390,,대전광역시 서구 월평동로 1,302808,35224,,1,,127.368959918972,36.3552840909885
MA010120220806193193,자전거나라,,G2,소매,G213,오락용품 소매,G21305,자전거 소매업,G47632,자전거 및 기타 운송장비 소매업,30,대전광역시,30230,대덕구,30230546,중리동,3023010900,중리동,3023010900101160006,1,대지,116,6,대전광역시 대덕구 중리동 116-6,302304304008,대전광역시 대덕구 계족로564번길,61,,3023010900101160006013297,,대전광역시 대덕구 계족로564번길 61,306824,34411,,1,,127.434710662127,36.3626328204755
MA010120220806172405,형제자전거점,,G2,소매,G213,오락용품 소매,G21305,자전거 소매업,G47632,자전거 및 기타 운송장비 소매업,30,대전광역시,30170,서구,30170575,내동,3017011000,내동,3017011000100350018,1,대지,35,18,대전광역시 서구 내동 35-18,301703166004,대전광역시 서구 갈마로,206,1,3017011000100350018009676,,대전광역시 서구 갈마로 206-1,302817,35288,,,,127.378104733375,36.3364389549059
MA010120220806188145,코렉스,갈마점,G2,소매,G213,오락용품 소매,G21305,자전거 소매업,G47632,자전거 및 기타 운송장비 소매업,30,대전광역시,30170,서구,30170581,갈마1동,3017011100,갈마동,3017011100103780016,1,대지,378,16,대전광역시 서구 갈마동 378-16,301703166004,대전광역시 서구 갈마로,66,,3017011100103780016005930,,대전광역시 서구 갈마로 66,302807,35277,,,,127.369219360283,36.34652386638
MA010120220806172949,삼천리호변동,대리점,G2,소매,G213,오락용품 소매,G21305,자전거 소매업,G47632,자전거 및 기타 운송장비 소매업,30,대전광역시,30170,서구,30170520,도마1동,3017010300,도마동,3017010300100650051,1,대지,65,51,대전광역시 서구 도마동 65-51,301704298582,대전광역시 서구 조달청길,91,,3017010300100650051028374,,대전광역시 서구 조달청길 91,302819,35333,,,,127.377242991884,36.3194184173436
MA010120220806175397,밀알자전거,,G2,소매,G213,오락용품 소매,G21305,자전거 소매업,G47632,자전거 및 기타 운송장비 소매업,31,울산광역시,31110,중구,31110610,다운동,3111011200,다운동,3111011200105510009,1,대지,551,9,울산광역시 중구 다운동 551-9,311103011001,울산광역시 중구 다운로,9,,3111011200105510009003463,,울산광역시 중구 다운로 9,681803,44407,,,,129.274823328461,35.5562658450698
MA010120220806181736,DS바이크,,G2,소매,G213,오락용품 소매,G21305,자전거 소매업,G47632,자전거 및 기타 운송장비 소매업,30,대전광역시,30170,서구,30170660,둔산3동,3017011200,둔산동,3017011200118780000,1,대지,1878,,대전광역시 서구 둔산동 1878,301703166027,대전광역시 서구 문정로,170,,3017011200118780000020690,,대전광역시 서구 문정로 170,302841,35250,,,,127.395490583591,36.3494317099355
MA010120220806191356,마이바이크,,G2,소매,G213,오락용품 소매,G21305,자전거 소매업,G47632,자전거 및 기타 운송장비 소매업,41,경기도,41360,남양주시,41360540,양정동,4136010600,삼패동,4136010600104560003,1,대지,456,3,경기도 남양주시 삼패동 456-3,413604391046,경기도 남양주시 경강로282번길,1,2,4136010600104560003011121,,경기도 남양주시 경강로282번길 1-2,472931,12245,,1,,127.193334786545,37.5995540416703
MA010120220806201727,대전바이크클리닉하이드림,,G2,소매,G213,오락용품 소매,G21305,자전거 소매업,G47632,자전거 및 기타 운송장비 소매업,30,대전광역시,30170,서구,30170586,월평1동,3017011300,월평동,3017011300104140000,1,대지,414,,대전광역시 서구 월평동 414,301704298518,대전광역시 서구 월평로13번길,70,,3017011300104140000019521,,대전광역시 서구 월평로13번길 70,302852,35221,,1,,127.359812922304,36.3576640506898
MA010120220806206818,슈퍼바이크,,G2,소매,G213,오락용품 소매,G21305,자전거 소매업,G47632,자전거 및 기타 운송장비 소매업,30,대전광역시,30170,서구,30170660,둔산3동,3017011200,둔산동,3017011200121070000,1,대지,2107,,대전광역시 서구 둔산동 2107,301703166018,대전광역시 서구 둔산남로,165,,3017011200121070000021685,,대전광역시 서구 둔산남로 165,302841,35250,,1,,127.395990698257,36.3491957483017
MA010120220806186492,삼천리자전거노은,대리점,G2,소매,G213,오락용품 소매,G21305,자전거 소매업,G47632,자전거 및 기타 운송장비 소매업,30,대전광역시,30200,유성구,30200546,노은1동,3020011900,노은동,3020011900105350021,1,대지,535,21,대전광역시 유성구 노은동 535-21,302003167014,대전광역시 유성구 노은동로,85,,3020011900105350021010055,,대전광역시 유성구 노은동로 85,305325,34091,,,,127.323212384434,36.3681952519284
MA010120220806188712,명성레포츠,,G2,소매,G213,오락용품 소매,G21305,자전거 소매업,G47632,자전거 및 기타 운송장비 소매업,30,대전광역시,30140,중구,30140670,오류동,3014011300,오류동,3014011300101890004,1,대지,189,4,대전광역시 중구 오류동 189-4,301403165031,대전광역시 중구 오류로,106,,3014011300101890004013616,,대전광역시 중구 오류로 106,301829,34872,,,,127.402306932878,36.3296551805999
MA010120220806199917,삼천리자전거,석봉점,G2,소매,G213,오락용품 소매,G21305,자전거 소매업,G47632,자전거 및 기타 운송장비 소매업,30,대전광역시,30230,대덕구,30230560,석봉동,3023011100,석봉동,3023011100103160027,1,대지,316,27,대전광역시 대덕구 석봉동 316-27,302303168006,대전광역시 대덕구 덕암북로,57,,3023011100103160027012790,,대전광역시 대덕구 덕암북로 57,306810,34320,,,,127.424140626167,36.4453797750097
MA010120220806173617,대성자전차,,G2,소매,G213,오락용품 소매,G21305,자전거 소매업,G47632,자전거 및 기타 운송장비 소매업,30,대전광역시,30170,서구,30170530,도마2동,3017010300,도마동,3017010300101700018,1,대지,170,18,대전광역시 서구 도마동 170-18,301704298578,대전광역시 서구 제비네6길,5,,3017010300101700018030908,,대전광역시 서구 제비네6길 5,302823,35335,,,,127.377074943412,36.3122725880819
MA010120220807543943,부광바퀴기업사,,G2,소매,G213,오락용품 소매,G21305,자전거 소매업,G47632,자전거 및 기타 운송장비 소매업,29,광주광역시,29170,북구,29170555,중앙동,2917010300,누문동,2917010300103160022,1,대지,316,22,광주광역시 북구 누문동 316-22,291703009025,광주광역시 북구 천변우로,261,,2917010300102030002043759,,광주광역시 북구 천변우로 261,500030,61241,,,,126.903353784485,35.154890321901
MA010120220807519959,삼천리자전거담양,대리점,G2,소매,G213,오락용품 소매,G21305,자전거 소매업,G47632,자전거 및 기타 운송장비 소매업,46,전라남도,46710,담양군,46710250,담양읍,4671025022,담양읍,4671025022101710001,1,대지,171,1,전라남도 담양군 담양읍 천변리 171-1,467104658363,전라남도 담양군 담양읍 천변2길,6,,4671025022101710001003182,,전라남도 담양군 담양읍 천변2길 6,517805,57343,,,,126.982646902107,35.3169449816369
MA010120220807531658,삼천리자전거,,G2,소매,G213,오락용품 소매,G21305,자전거 소매업,G47632,자전거 및 기타 운송장비 소매업,29,광주광역시,29170,북구,29170580,신안동,2917010600,신안동,2917010600102370067,1,대지,237,67,광주광역시 북구 신안동 237-67,291703162065,광주광역시 북구 자미로,27,,2917010600102370067031538,,광주광역시 북구 자미로 27,500830,61224,,,,126.903041340429,35.1684735516904
MA010120220807529499,일구,,G2,소매,G213,오락용품 소매,G21305,자전거 소매업,G47632,자전거 및 기타 운송장비 소매업,41,경기도,41117,수원시 영통구,41117530,매탄3동,4111710100,매탄동,4111710100111740004,1,대지,1174,4,경기도 수원시 영통구 매탄동 1174-4,411173175010,경기도 수원시 영통구 권선로,812,1,4111710100111740004001732,,경기도 수원시 영통구 권선로 812-1,443804,16549,,1,,127.038945521388,37.254895702728
MA010120220807522449,무등자전거,,G2,소매,G213,오락용품 소매,G21305,자전거 소매업,G47632,자전거 및 기타 운송장비 소매업,29,광주광역시,29170,북구,29170620,우산동,2917011000,우산동,2917011000105600006,1,대지,560,6,광주광역시 북구 우산동 560-6,291703162030,광주광역시 북구 서양로,143,1,2917011000105600006045999,,광주광역시 북구 서양로 143-1,500850,61211,,,,126.916730296502,35.1676815258264
MA010120220807535242,양지자전거,,G2,소매,G213,오락용품 소매,G21305,자전거 소매업,G47632,자전거 및 기타 운송장비 소매업,29,광주광역시,29170,북구,29170696,양산동,2917012800,양산동,2917012800102730007,1,대지,273,7,광주광역시 북구 양산동 273-7,291703162082,광주광역시 북구 하서로,367,,2917012800102730007029203,,광주광역시 북구 하서로 367,500887,61074,,,,126.873375642299,35.207871430173
MA010120220807525518,삼일바이크,,G2,소매,G213,오락용품 소매,G21305,자전거 소매업,G47632,자전거 및 기타 운송장비 소매업,29,광주광역시,29170,북구,29170590,용봉동,2917010700,용봉동,2917010700100200008,1,대지,20,8,광주광역시 북구 용봉동 20-8,291703162056,광주광역시 북구 우치로,148,2,2917010700100200008025852,,광주광역시 북구 우치로 148-2,500842,61173,,,,126.912127856559,35.180838089316
MA010120220807528087,중흥자전거,,G2,소매,G213,오락용품 소매,G21305,자전거 소매업,G47632,자전거 및 기타 운송장비 소매업,29,광주광역시,29170,북구,29170535,중흥동,2917010100,중흥동,2917010100102880006,1,대지,288,6,광주광역시 북구 중흥동 288-6,291703162029,광주광역시 북구 서방로,48,,2917010100102880006007009,,광주광역시 북구 서방로 48,500873,61208,,1,,126.918086459995,35.1726218912476
MA010120220807566065,중앙자전거,,G2,소매,G213,오락용품 소매,G21305,자전거 소매업,G47632,자전거 및 기타 운송장비 소매업,29,광주광역시,29170,북구,29170635,풍향동,2917011100,풍향동,2917011100105990047,1,대지,599,47,광주광역시 북구 풍향동 599-47,291702009007,광주광역시 북구 필문대로,17,2,2917011100105990047003560,,광주광역시 북구 필문대로 17-2,500881,61206,,1,,126.921596042331,35.1645119909335
MA010120220807601151,알톤자전거진월,대리점,G2,소매,G213,오락용품 소매,G21305,자전거 소매업,G47632,자전거 및 기타 운송장비 소매업,29,광주광역시,29155,남구,29155705,진월동,2915510800,진월동,2915510800104270002,1,대지,427,2,광주광역시 남구 진월동 427-2,291552161001,광주광역시 남구 서문대로,628,,2915510800104270002015026,,광주광역시 남구 서문대로 628,503843,61713,,,,126.898079850039,35.1156136211511
MA010120220807560085,알톤자전거,,G2,소매,G213,오락용품 소매,G21305,자전거 소매업,G47632,자전거 및 기타 운송장비 소매업,46,전라남도,46710,담양군,46710250,담양읍,4671025023,담양읍,4671025023101170004,1,대지,117,4,전라남도 담양군 담양읍 지침리 117-4,467104658358,전라남도 담양군 담양읍 지침6길,15,,4671025023101170004003275,,전라남도 담양군 담양읍 지침6길 15,517804,57344,,,,126.98481358829,35.3153499078541
MA010120220807566918,계림리어카,,G2,소매,G213,오락용품 소매,G21305,자전거 소매업,G47632,자전거 및 기타 운송장비 소매업,29,광주광역시,29170,북구,29170650,문화동,2917011300,각화동,2917011300104770018,1,대지,477,18,광주광역시 북구 각화동 477-18,291704286001,광주광역시 북구 각화대로13번길,15,,2917011300104770018000004,,광주광역시 북구 각화대로13번길 15,500801,61139,,,,126.932634365121,35.1825097258165
MA010120220807569530,운암MTB,,G2,소매,G213,오락용품 소매,G21305,자전거 소매업,G47632,자전거 및 기타 운송장비 소매업,29,광주광역시,29170,북구,29170697,신용동,2917013000,신용동,2917013000107100000,1,대지,710,,광주광역시 북구 신용동 710,291704286831,광주광역시 북구 첨단연신로91번길,30,,2917012900107100000000001,,광주광역시 북구 첨단연신로91번길 30,500832,61087,,,,126.861220732211,35.2064970677992
MA010120220807567227,삼천리자전거문흥,대리점,G2,소매,G213,오락용품 소매,G21305,자전거 소매업,G47632,자전거 및 기타 운송장비 소매업,29,광주광역시,29170,북구,29170657,문흥2동,2917011200,문흥동,2917011200110070003,1,대지,1007,3,광주광역시 북구 문흥동 1007-3,291703162031,광주광역시 북구 서하로,338,,2917011200110070003036520,,광주광역시 북구 서하로 338,500823,61132,,,,126.917501492011,35.1866195591587
MA010120220807591078,봉선자전거,,G2,소매,G213,오락용품 소매,G21305,자전거 소매업,G47632,자전거 및 기타 운송장비 소매업,29,광주광역시,29155,남구,29155537,봉선1동,2915511500,봉선동,2915511500110410001,1,대지,1041,1,광주광역시 남구 봉선동 1041-1,291553161007,광주광역시 남구 봉선1로,62,,2915511500110410001005356,,광주광역시 남구 봉선1로 62,503813,61675,,,,126.912075167975,35.1277839938958
MA010120220807595271,학동MTB삼천리,,G2,소매,G213,오락용품 소매,G21305,자전거 소매업,G47632,자전거 및 기타 운송장비 소매업,29,광주광역시,29110,동구,29110730,지원1동,2911011900,소태동,2911011900105990004,1,대지,599,4,광주광역시 동구 소태동 599-4,291103159003,광주광역시 동구 남문로,616,,2911011900105990004015326,,광주광역시 동구 남문로 616,501828,61500,,,,126.931704515633,35.125975888182
MA010120220807622126,삼천리자전거비아,대리점,G2,소매,G213,오락용품 소매,G21305,자전거 소매업,G47632,자전거 및 기타 운송장비 소매업,29,광주광역시,29200,광산구,29200620,비아동,2920011200,비아동,2920011200100890041,1,대지,89,41,광주광역시 광산구 비아동 89-41,292003163013,광주광역시 광산구 비아중앙로,11,,2920011200100890041022749,,광주광역시 광산구 비아중앙로 11,506300,62241,,,,126.825017180444,35.2199884426712
MA010120220807630273,영이바이크정MTB,,G2,소매,G213,오락용품 소매,G21305,자전거 소매업,G47632,자전거 및 기타 운송장비 소매업,29,광주광역시,29170,북구,29170570,임동,2917010500,임동,2917010500103610000,1,대지,361,,광주광역시 북구 임동 361,291703009021,광주광역시 북구 무등로,2,,2917010500103610000048864,,광주광역시 북구 무등로 2,500870,61255,,,,126.884882635709,35.1705848609245
MA010120220807625051,화신자전거,수완점,G2,소매,G213,오락용품 소매,G21305,자전거 소매업,G47632,자전거 및 기타 운송장비 소매업,29,광주광역시,29200,광산구,29200637,수완동,2920012300,장덕동,2920012300112680000,1,대지,1268,,광주광역시 광산구 장덕동 1268,292003163047,광주광역시 광산구 장신로,45,,2920012300112680000000001,,광주광역시 광산구 장신로 45,506304,62224,,,,126.815065409843,35.1911304093226
MA010120220807620077,광주자전차,,G2,소매,G213,오락용품 소매,G21305,자전거 소매업,G47632,자전거 및 기타 운송장비 소매업,29,광주광역시,29200,광산구,29200630,신가동,2920011900,신가동,2920011900109300010,1,대지,930,10,광주광역시 광산구 신가동 930-10,292002009008,광주광역시 광산구 하남대로,281,,2920011900109300010015775,,광주광역시 광산구 하남대로 281,506809,62312,,,,126.824324807697,35.1793725057274
MA010120220807620121,우리자전차점,,G2,소매,G213,오락용품 소매,G21305,자전거 소매업,G47632,자전거 및 기타 운송장비 소매업,29,광주광역시,29200,광산구,29200550,신흥동,2920010400,신촌동,2920010400110240001,1,대지,1024,1,광주광역시 광산구 신촌동 1024-1,292002009004,광주광역시 광산구 상무대로,359,,2920010400110240001034396,,광주광역시 광산구 상무대로 359,506810,62380,,,,126.805086904386,35.14419914302
MA010120220807630640,유명바이크,,G2,소매,G213,오락용품 소매,G21305,자전거 소매업,G47632,자전거 및 기타 운송장비 소매업,29,광주광역시,29200,광산구,29200637,수완동,2920011900,신가동,2920011900112190000,1,대지,1219,,광주광역시 광산구 신가동 1219,292004289331,광주광역시 광산구 수등로94번길,8,13,2920011900112190000000001,,광주광역시 광산구 수등로94번길 8-13,506304,62321,,,,126.81886214394,35.1822758363951
MA010120220807603617,삼천리자전거첨단,대리점,G2,소매,G213,오락용품 소매,G21305,자전거 소매업,G47632,자전거 및 기타 운송장비 소매업,29,광주광역시,29200,광산구,29200626,첨단2동,2920011500,월계동,2920011500108940003,1,대지,894,3,광주광역시 광산구 월계동 894-3,292004289618,광주광역시 광산구 첨단중앙로67번길,7,5,2920011500108940003018370,,광주광역시 광산구 첨단중앙로67번길 7-5,506824,62268,,1,,126.842421692399,35.2110979940034
MA010120220807622744,호바이크,,G2,소매,G213,오락용품 소매,G21305,자전거 소매업,G47632,자전거 및 기타 운송장비 소매업,29,광주광역시,29200,광산구,29200540,도산동,2920010200,도산동,2920010200109270002,1,대지,927,2,광주광역시 광산구 도산동 927-2,292003163021,광주광역시 광산구 송도로,223,,2920010200109270002004978,,광주광역시 광산구 송도로 223,506801,62440,,1,,126.796278805585,35.1339091417666
MA010120220807622846,삼천리자전거마재점,,G2,소매,G213,오락용품 소매,G21305,자전거 소매업,G47632,자전거 및 기타 운송장비 소매업,29,광주광역시,29140,서구,29140830,풍암동,2914012800,풍암동,2914012800108930001,1,대지,893,1,광주광역시 서구 풍암동 893-1,291403000074,광주광역시 서구 회재로,888,,2914012800108930001026835,,광주광역시 서구 회재로 888,502832,62050,,1,,126.861748053619,35.1220674567149
MA010120220807603664,삼천리자전거，JM스포츠,,G2,소매,G213,오락용품 소매,G21305,자전거 소매업,G47632,자전거 및 기타 운송장비 소매업,52,전북특별자치도,52770,순창군,52770250,순창읍,5277025022,순창읍,5277025022104040001,1,대지,404,1,전북특별자치도 순창군 순창읍 남계리 404-1,527704634178,전북특별자치도 순창군 순창읍 순창6길,28,,4577025022004040001001307,,전북특별자치도 순창군 순창읍 순창6길 28,595803,56044,,,,127.145466930582,35.3722184874412
MA010120220807613870,금호동,대리점,G2,소매,G213,오락용품 소매,G21305,자전거 소매업,G47632,자전거 및 기타 운송장비 소매업,29,광주광역시,29140,서구,29140821,금호1동,2914013000,금호동,2914013000107240004,1,대지,724,4,광주광역시 서구 금호동 724-4,291403160035,광주광역시 서구 운천로,83,,2914013000107240004019496,,광주광역시 서구 운천로 83,502804,62002,,,,126.858425720425,35.1400638412278
MA010120220807616390,하나스포츠,,G2,소매,G213,오락용품 소매,G21305,자전거 소매업,G47632,자전거 및 기타 운송장비 소매업,29,광주광역시,29140,서구,29140760,화정1동,2914012100,내방동,2914012100103070008,1,대지,307,8,광주광역시 서구 내방동 307-8,291404280086,광주광역시 서구 내방로318번길,2,,2914012100103070008018796,여울빌,광주광역시 서구 내방로318번길 2,502808,61972,,,,126.875286845605,35.1573614489885
MA010120220807623097,제일바이크,,G2,소매,G213,오락용품 소매,G21305,자전거 소매업,G47632,자전거 및 기타 운송장비 소매업,29,광주광역시,29200,광산구,29200515,송정1동,2920010100,송정동,2920010100103310011,1,대지,331,11,광주광역시 광산구 송정동 331-11,292004289461,광주광역시 광산구 용보로51번길,11,,2920010100103310011008218,,광주광역시 광산구 용보로51번길 11,506804,62433,,,,126.803636732371,35.1357510508298
MA010120220807633826,LEPAK,,G2,소매,G213,오락용품 소매,G21305,자전거 소매업,G47632,자전거 및 기타 운송장비 소매업,29,광주광역시,29140,서구,29140790,화정4동,2914011900,화정동,2914011900108580006,1,대지,858,6,광주광역시 서구 화정동 858-6,291403009011,광주광역시 서구 금화로,251,,2914011900108580006024887,,광주광역시 서구 금화로 251,502844,62030,,,,126.874847089789,35.136341260038
MA010120220807604038,삼천리자전거월산점,,G2,소매,G213,오락용품 소매,G21305,자전거 소매업,G47632,자전거 및 기타 운송장비 소매업,29,광주광역시,29155,남구,29155545,사직동,2915510300,서동,2915510300100650010,1,대지,65,10,광주광역시 남구 서동 65-10,291553161011,광주광역시 남구 서동로,2,,2915510300100650010029191,,광주광역시 남구 서동로 2,503817,61637,,,,126.903684434356,35.1443897324242
MA010120220807623256,이상묵바이크,,G2,소매,G213,오락용품 소매,G21305,자전거 소매업,G47632,자전거 및 기타 운송장비 소매업,29,광주광역시,29140,서구,29140800,서창동,2914013100,마륵동,2914013100101840020,1,대지,184,20,광주광역시 서구 마륵동 184-20,291404280361,광주광역시 서구 월암길,33,,2914013100101840020027409,,광주광역시 서구 월암길 33,502151,62010,,1,,126.835009695797,35.1398449371097
MA010120220807623377,알톤자전거,대리점,G2,소매,G213,오락용품 소매,G21305,자전거 소매업,G47632,자전거 및 기타 운송장비 소매업,29,광주광역시,29200,광산구,29200626,첨단2동,2920011500,월계동,2920011500108280003,1,대지,828,3,광주광역시 광산구 월계동 828-3,292004289607,광주광역시 광산구 첨단내촌로70번길,108,3,2920011500108280003018352,,광주광역시 광산구 첨단내촌로70번길 108-3,506824,62267,,,,126.842451035576,35.2129638282018
MA010120220807621340,월곡삼천리,,G2,소매,G213,오락용품 소매,G21305,자전거 소매업,G47632,자전거 및 기타 운송장비 소매업,29,광주광역시,29200,광산구,29200600,월곡1동,2920012800,월곡동,2920012800105470008,1,대지,547,8,광주광역시 광산구 월곡동 547-8,292003163014,광주광역시 광산구 사암로,288,,2920012800105470008001027,,광주광역시 광산구 사암로 288,506827,62347,,,,126.809339497473,35.1699306768893
MA010120220807607313,세계자전거,,G2,소매,G213,오락용품 소매,G21305,자전거 소매업,G47632,자전거 및 기타 운송장비 소매업,29,광주광역시,29155,남구,29155680,백운2동,2915510500,백운동,2915510500106390031,1,대지,639,31,광주광역시 남구 백운동 639-31,291553009020,광주광역시 남구 독립로,29,1,2915510500106390031007318,,광주광역시 남구 독립로 29-1,503808,61656,,1,,126.901389682213,35.1363387230817
MA010120220807626887,삼천리자전거상회,,G2,소매,G213,오락용품 소매,G21305,자전거 소매업,G47632,자전거 및 기타 운송장비 소매업,46,전라남도,46870,영광군,46870250,영광읍,4687025022,영광읍,4687025022103770009,1,대지,377,9,전라남도 영광군 영광읍 백학리 377-9,468703298037,전라남도 영광군 영광읍 천년로,1511,,4687025022103770009009582,,전라남도 영광군 영광읍 천년로 1511,513807,57042,,,,126.50463625765,35.2772105240125
MA010120220807604634,종합자전거,,G2,소매,G213,오락용품 소매,G21305,자전거 소매업,G47632,자전거 및 기타 운송장비 소매업,29,광주광역시,29140,서구,29140660,농성2동,2914010600,농성동,2914010600106290013,1,대지,629,13,광주광역시 서구 농성동 629-13,291403009011,광주광역시 서구 금화로,494,,2914010600106290013015363,,광주광역시 서구 금화로 494,502812,61931,,1,,126.891199648491,35.1502289987898
MA010120220807637689,삼천리자전거,,G2,소매,G213,오락용품 소매,G21305,자전거 소매업,G47632,자전거 및 기타 운송장비 소매업,29,광주광역시,29200,광산구,29200637,수완동,2920011400,수완동,2920011400109020000,1,대지,902,,광주광역시 광산구 수완동 902,292003163033,광주광역시 광산구 왕버들로,90,,2920011400109020000000001,,광주광역시 광산구 왕버들로 90,506304,62246,,,,126.820563880971,35.2022343322509
MA010120220807648092,"휠프로,DAOSO",,G2,소매,G213,오락용품 소매,G21305,자전거 소매업,G47632,자전거 및 기타 운송장비 소매업,29,광주광역시,29200,광산구,29200550,신흥동,2920010400,신촌동,2920010400110870028,1,대지,1087,28,광주광역시 광산구 신촌동 1087-28,292002009004,광주광역시 광산구 상무대로,317,,2920010400110870032034486,,광주광역시 광산구 상무대로 317,506810,62380,,,,126.800478566588,35.1439663028954
MA010120220807646481,힐탑스포츠,,G2,소매,G213,오락용품 소매,G21305,자전거 소매업,G47632,자전거 및 기타 운송장비 소매업,41,경기도,41113,수원시 권선구,41113690,곡선동,4111313600,곡반정동,4111313600105160001,1,대지,516,1,경기도 수원시 권선구 곡반정동 516-1,411134325192,경기도 수원시 권선구 동수원로146번길,31,,4111313600105160001028032,,경기도 수원시 권선구 동수원로146번길 31,441400,16667,,,,127.031490122456,37.2441754925537
MA010120220807644174,첨단MTB,,G2,소매,G213,오락용품 소매,G21305,자전거 소매업,G47632,자전거 및 기타 운송장비 소매업,29,광주광역시,29200,광산구,29200626,첨단2동,2920011500,월계동,2920011500108940002,1,대지,894,2,광주광역시 광산구 월계동 894-2,292004289618,광주광역시 광산구 첨단중앙로67번길,7,3,2920011500108940002044675,,광주광역시 광산구 첨단중앙로67번길 7-3,506824,62268,,,,126.842432465983,35.2112061701278
MA010120220807680352,삼천리자전거하당,대리점,G2,소매,G213,오락용품 소매,G21305,자전거 소매업,G47632,자전거 및 기타 운송장비 소매업,46,전라남도,46110,목포시,46110800,부흥동,4611016400,옥암동,4611016400110080000,1,대지,1008,,전라남도 목포시 옥암동 1008,461103281026,전라남도 목포시 부흥로,103,,4611016400110080000021754,,전라남도 목포시 부흥로 103,530847,58685,,,,126.432042096684,34.8047399665873
MA010120220809059226,레이스MTB,,G2,소매,G213,오락용품 소매,G21305,자전거 소매업,G47632,자전거 및 기타 운송장비 소매업,27,대구광역시,27230,북구,27230745,구암동,2723012300,구암동,2723012300107900003,1,대지,790,3,대구광역시 북구 구암동 790-3,272304235083,대구광역시 북구 구암로39길,17,,2723012300107900003012719,,대구광역시 북구 구암로39길 17,702807,41432,,1,,128.562095903651,35.9329160885278
MA010120220809050934,금강자전거,,G2,소매,G213,오락용품 소매,G21305,자전거 소매업,G47632,자전거 및 기타 운송장비 소매업,27,대구광역시,27110,중구,27110517,동인동,2711010400,동인동4가,2711010400101300001,1,대지,130,1,대구광역시 중구 동인동4가 130-1,271104223020,대구광역시 중구 국채보상로139길,2,,2711010400101300001010605,,대구광역시 중구 국채보상로139길 2,700846,41908,,,,128.606567032532,35.8691142762998
MA010120220809066451,코렉스자전거,,G2,소매,G213,오락용품 소매,G21305,자전거 소매업,G47632,자전거 및 기타 운송장비 소매업,47,경상북도,47850,칠곡군,47850253,북삼읍,4785025325,북삼읍,4785025325102920003,1,대지,292,3,경상북도 칠곡군 북삼읍 인평리 292-3,478503322022,경상북도 칠곡군 북삼읍 인평중앙로,77,,4785025325102920003032301,,경상북도 칠곡군 북삼읍 인평중앙로 77,718844,39810,,,,128.34376898513,36.0663709045991
MA010120220809066552,경남자전거점,,G2,소매,G213,오락용품 소매,G21305,자전거 소매업,G47632,자전거 및 기타 운송장비 소매업,27,대구광역시,27230,북구,27230645,대현동,2723011000,대현동,2723011000103290008,1,대지,329,8,대구광역시 북구 대현동 329-8,272303141014,대구광역시 북구 신암로,63,,2723011000103290008006962,,대구광역시 북구 신암로 63,702822,41576,,1,,128.607309328959,35.87790849014
MA010120220809051298,대구구지,,G2,소매,G213,오락용품 소매,G21305,자전거 소매업,G47632,자전거 및 기타 운송장비 소매업,27,대구광역시,27710,달성군,27710380,구지면,2771038021,구지면,2771038021100120001,1,대지,12,1,대구광역시 달성군 구지면 창리 12-1,277103351381,대구광역시 달성군 구지면 국가산단북로,247,,2771038021100120001000001,구지점,대구광역시 달성군 구지면 국가산단북로 247,711891,43006,,1,,128.418047375851,35.6638559885493
MA010120220809061793,대광자전거,,G2,소매,G213,오락용품 소매,G21305,자전거 소매업,G47632,자전거 및 기타 운송장비 소매업,47,경상북도,47850,칠곡군,47850250,왜관읍,4785025021,왜관읍,4785025021102500078,1,대지,250,78,경상북도 칠곡군 왜관읍 왜관리 250-78,478504766507,경상북도 칠곡군 왜관읍 중앙로7길,14,1,4785025021102500078040489,,경상북도 칠곡군 왜관읍 중앙로7길 14-1,718805,39894,,1,,128.397786193221,35.9914896236929
MA010120220809073698,벨로스타,,G2,소매,G213,오락용품 소매,G21305,자전거 소매업,G47632,자전거 및 기타 운송장비 소매업,27,대구광역시,27230,북구,27230610,산격1동,2723011100,산격동,2723011100107540021,1,대지,754,21,대구광역시 북구 산격동 754-21,272303145034,대구광역시 북구 연암로,188,,2723011100107540021036591,,대구광역시 북구 연암로 188,702846,41533,,,,128.596515685936,35.9011757182583
MA010120220809074279,두바퀴세상,,G2,소매,G213,오락용품 소매,G21305,자전거 소매업,G47632,자전거 및 기타 운송장비 소매업,27,대구광역시,27710,달성군,27710256,다사읍,2771025625,다사읍,2771025625101290001,1,대지,129,1,대구광역시 달성군 다사읍 서재리 129-1,277103007019,대구광역시 달성군 다사읍 서재로,82,,2771025625101290001044129,,대구광역시 달성군 다사읍 서재로 82,711813,42927,,1,,128.496891207962,35.8707385080259
MA010120220809062002,이륜자전차,,G2,소매,G213,오락용품 소매,G21305,자전거 소매업,G47632,자전거 및 기타 운송장비 소매업,47,경상북도,47850,칠곡군,47850250,왜관읍,4785025021,왜관읍,4785025021102200016,1,대지,220,16,경상북도 칠곡군 왜관읍 왜관리 220-16,478503303047,경상북도 칠곡군 왜관읍 중앙로,165,1,4785025021102200016000001,외,경상북도 칠곡군 왜관읍 중앙로 165-1,718805,39895,,,,128.39937441456,35.9897499060608
MA010120220809067443,해피라이딩,,G2,소매,G213,오락용품 소매,G21305,자전거 소매업,G47632,자전거 및 기타 운송장비 소매업,27,대구광역시,27140,동구,27140600,효목2동,2714010300,효목동,2714010300105820002,1,대지,582,2,대구광역시 동구 효목동 582-2,271403142044,대구광역시 동구 효목로,58,,2714010300105820002038324,,대구광역시 동구 효목로 58,701846,41232,,,,128.640787742991,35.8782127074799
MA010120220809041440,마니타바이크,,G2,소매,G213,오락용품 소매,G21305,자전거 소매업,G47632,자전거 및 기타 운송장비 소매업,27,대구광역시,27230,북구,27230735,태전2동,2723012600,태전동,2723012600106870049,1,대지,687,49,대구광역시 북구 태전동 687-49,272303145052,대구광역시 북구 학정로,7,,2723012600106870049046480,,대구광역시 북구 학정로 7,702865,41468,,,,128.543473875249,35.9137373927229
MA010120220809048614,대영기업사,,G2,소매,G213,오락용품 소매,G21305,자전거 소매업,G47632,자전거 및 기타 운송장비 소매업,27,대구광역시,27230,북구,27230790,노원동,2723010700,노원동1가,2723010700102650007,1,대지,265,7,대구광역시 북구 노원동1가 265-7,272303007021,대구광역시 북구 옥산로,5,,2723010700102650007038794,,대구광역시 북구 옥산로 5,702809,41589,,,,128.576884328868,35.8875215256714
MA010120220809071859,삼공자전거,,G2,소매,G213,오락용품 소매,G21305,자전거 소매업,G47632,자전거 및 기타 운송장비 소매업,27,대구광역시,27230,북구,27230790,노원동,2723010900,노원동3가,2723010900101820010,1,대지,182,10,대구광역시 북구 노원동3가 182-10,272303145016,대구광역시 북구 노원로,91,,2723010900101820010008581,,대구광역시 북구 노원로 91,702814,41495,,,,128.571723026844,35.895321000217
MA010120220809050291,코렉스자전거학정점,,G2,소매,G213,오락용품 소매,G21305,자전거 소매업,G47632,자전거 및 기타 운송장비 소매업,27,대구광역시,27230,북구,27230800,국우동,2723012000,학정동,2723012000109640005,1,대지,964,5,대구광역시 북구 학정동 964-5,272303145051,대구광역시 북구 학정동로,62,1,2723012000109640005000001,동,대구광역시 북구 학정동로 62-1,702876,41416,,,,128.567861123484,35.9493587515749
MA010120220809104900,삼천리자전거용강,대리점,G2,소매,G213,오락용품 소매,G21305,자전거 소매업,G47632,자전거 및 기타 운송장비 소매업,47,경상북도,47130,경주시,47130615,용강동,4713012500,용강동,4713012500113550009,1,대지,1355,9,경상북도 경주시 용강동 1355-9,471304715832,경상북도 경주시 양정로317번길,4,,4713012500113550009034139,,경상북도 경주시 양정로317번길 4,780959,38096,,,,129.223697648159,35.8609942292216
MA010120220809110243,일성자전거,,G2,소매,G213,오락용품 소매,G21305,자전거 소매업,G47632,자전거 및 기타 운송장비 소매업,47,경상북도,47130,경주시,47130530,황오동,4713010400,성동동,4713010400101780005,1,대지,178,5,경상북도 경주시 성동동 178-5,471303305047,경상북도 경주시 원화로,328,,4713010400101780005000370,,경상북도 경주시 원화로 328,780948,38147,,,,129.217279133554,35.8499219696321
MA010120220809106764,삼천리자전거,영천점,G2,소매,G213,오락용품 소매,G21305,자전거 소매업,G47632,자전거 및 기타 운송장비 소매업,47,경상북도,47230,영천시,47230510,동부동,4723010300,야사동,4723010300101790005,1,대지,179,5,경상북도 영천시 야사동 179-5,472303018037,경상북도 영천시 호국로,67,,4723010300101790006012063,,경상북도 영천시 호국로 67,770903,38859,,,,128.944949040919,35.9739351066715
MA010120220809116993,삼천리자전거랜드,,G2,소매,G213,오락용품 소매,G21305,자전거 소매업,G47632,자전거 및 기타 운송장비 소매업,47,경상북도,47130,경주시,47130621,황성동,4713012400,황성동,4713012400110920000,1,대지,1092,,경상북도 경주시 황성동 1092,471303305047,경상북도 경주시 원화로,377,,4713012400110920000014411,,경상북도 경주시 원화로 377,780955,38088,,,,129.218276730178,35.8543456865782
MA010120220809079088,제이바이크,,G2,소매,G213,오락용품 소매,G21305,자전거 소매업,G47632,자전거 및 기타 운송장비 소매업,30,대전광역시,30200,유성구,30200547,노은2동,3020012000,지족동,3020012000108490003,1,대지,849,3,대전광역시 유성구 지족동 849-3,302003167016,대전광역시 유성구 노은서로,235,,3020012000108490003007035,,대전광역시 유성구 노은서로 235,305330,34081,,,,127.316476795545,36.3806494735844
MA010120220809104335,화랑센타,,G2,소매,G213,오락용품 소매,G21305,자전거 소매업,G47632,자전거 및 기타 운송장비 소매업,47,경상북도,47130,경주시,47130530,황오동,4713010500,황오동,4713010500101180011,1,대지,118,11,경상북도 경주시 황오동 118-11,471303305048,경상북도 경주시 원효로,145,5,4713010500101180011000001,,경상북도 경주시 원효로 145-5,780957,38153,,,,129.216889746805,35.842297321229
MA010120220809109770,용강종합자전거오토바이수리,,G2,소매,G213,오락용품 소매,G21305,자전거 소매업,G47632,자전거 및 기타 운송장비 소매업,47,경상북도,47130,경주시,47130615,용강동,4713012500,용강동,4713012500112840000,1,대지,1284,,경상북도 경주시 용강동 1284,471304715729,경상북도 경주시 승삼1길,24,,4713012500112840000023531,,경상북도 경주시 승삼1길 24,780951,38090,,,,129.229879092529,35.8785489565706
MA010120220809126807,경주자전거,백화점,G2,소매,G213,오락용품 소매,G21305,자전거 소매업,G47632,자전거 및 기타 운송장비 소매업,47,경상북도,47130,경주시,47130570,황남동,4713010900,사정동,4713010900104810002,1,대지,481,2,경상북도 경주시 사정동 481-2,471303305061,경상북도 경주시 태종로,700,,4713010900104810002010471,,경상북도 경주시 태종로 700,780939,38168,,,,129.204588666049,35.8384690184951
MA010120220809131093,코끼리바이크,,G2,소매,G213,오락용품 소매,G21305,자전거 소매업,G47632,자전거 및 기타 운송장비 소매업,31,울산광역시,31200,북구,31200510,농소1동,3120010200,호계동,3120010200102820015,1,대지,282,15,울산광역시 북구 호계동 282-15,312003172005,울산광역시 북구 동대로,27,,3120010200102820015000002,,울산광역시 북구 동대로 27,683812,44227,,,,129.355042481602,35.6274484297992
MA010120220809156098,중앙자전거,,G2,소매,G213,오락용품 소매,G21305,자전거 소매업,G47632,자전거 및 기타 운송장비 소매업,47,경상북도,47113,포항시 북구,47113520,중앙동,4711310200,신흥동,4711310200107100028,1,대지,710,28,경상북도 포항시 북구 신흥동 710-28,471133304013,경상북도 포항시 북구 불종로,21,1,4711310200107100028102059,,경상북도 포항시 북구 불종로 21-1,791080,37706,,,,129.362072050819,36.0389759295885
MA010120220809141539,바이크랜드,,G2,소매,G213,오락용품 소매,G21305,자전거 소매업,G47632,자전거 및 기타 운송장비 소매업,52,전북특별자치도,52130,군산시,52130703,나운3동,5213014500,미룡동,5213014500108890011,1,대지,889,11,전북특별자치도 군산시 미룡동 889-11,521303268031,전북특별자치도 군산시 미룡로,5,,4513014500108890011001283,,전북특별자치도 군산시 미룡로 5,573872,54156,,1,,126.68625247956,35.9430584464641
MA010120220809125769,삼천리자전거,대리점,G2,소매,G213,오락용품 소매,G21305,자전거 소매업,G47632,자전거 및 기타 운송장비 소매업,47,경상북도,47130,경주시,47130530,황오동,4713010500,황오동,4713010500102030024,1,대지,203,24,경상북도 경주시 황오동 203-24,471303305066,경상북도 경주시 화랑로,124,1,4713010500102030024005688,,경상북도 경주시 화랑로 124-1,780958,38153,,1,,129.214499442277,35.8442876695171
MA010120220809130262,삼천리자전거,안강점,G2,소매,G213,오락용품 소매,G21305,자전거 소매업,G47632,자전거 및 기타 운송장비 소매업,47,경상북도,47130,경주시,47130253,안강읍,4713025334,안강읍,4713025334112360058,1,대지,1236,58,경상북도 경주시 안강읍 양월리 1236-58,471303305030,경상북도 경주시 안강읍 비화원로,118,1,4713025334112360058066104,,경상북도 경주시 안강읍 비화원로 118-1,780802,38020,,,,129.219550394743,35.9914773873261
MA010120220809142414,삼천리자전거다사대실점,,G2,소매,G213,오락용품 소매,G21305,자전거 소매업,G47632,자전거 및 기타 운송장비 소매업,27,대구광역시,27710,달성군,27710256,다사읍,2771025627,다사읍,2771025627108540013,1,대지,854,13,대구광역시 달성군 다사읍 죽곡리 854-13,277104244630,대구광역시 달성군 다사읍 대실역남로4길,4,2,2771025627108540013000001,,대구광역시 달성군 다사읍 대실역남로4길 4-2,711815,42917,,,,128.468018454268,35.8498545068324
MA010120220809122078,별빛MTB,,G2,소매,G213,오락용품 소매,G21305,자전거 소매업,G47632,자전거 및 기타 운송장비 소매업,47,경상북도,47230,영천시,47230535,서부동,4723011000,화룡동,4723011000105770000,1,대지,577,,경상북도 영천시 화룡동 577,472303310021,경상북도 영천시 외머리로,45,,4723011000105770000002415,,경상북도 영천시 외머리로 45,770080,38839,,,,128.915421744671,35.9773117308901
MA010120220809137155,신흥자전거,,G2,소매,G213,오락용품 소매,G21305,자전거 소매업,G47632,자전거 및 기타 운송장비 소매업,47,경상북도,47230,영천시,47230510,동부동,4723010300,야사동,4723010300101350012,1,대지,135,12,경상북도 영천시 야사동 135-12,472303018037,경상북도 영천시 호국로,86,,4723010300101350018012203,,경상북도 영천시 호국로 86,770903,38861,,,,128.946866678735,35.9743815668103
MA010120220809170415,삼천리자전거,,G2,소매,G213,오락용품 소매,G21305,자전거 소매업,G47632,자전거 및 기타 운송장비 소매업,47,경상북도,47113,포항시 북구,47113520,중앙동,4711311200,학산동,4711311200100930003,1,대지,93,3,경상북도 포항시 북구 학산동 93-3,471133304014,경상북도 포항시 북구 삼호로,119,,4711311200100930003102397,,경상북도 포항시 북구 삼호로 119,791080,37717,,,,129.371620539755,36.0510768153835
MA010120220809185836,바이크엣지,,G2,소매,G213,오락용품 소매,G21305,자전거 소매업,G47632,자전거 및 기타 운송장비 소매업,47,경상북도,47113,포항시 북구,47113700,장량동,4711312200,양덕동,4711312200114920000,1,대지,1492,,경상북도 포항시 북구 양덕동 1492,471133304032,경상북도 포항시 북구 장량로,166,1,4711312200114920000000001,,경상북도 포항시 북구 장량로 166-1,791270,37593,,,,129.398728812343,36.0814948523251
MA010120220809190018,흥해산악자전거,,G2,소매,G213,오락용품 소매,G21305,자전거 소매업,G47632,자전거 및 기타 운송장비 소매업,47,경상북도,47113,포항시 북구,47113250,흥해읍,4711325028,흥해읍,4711325028100050007,1,대지,5,7,경상북도 포항시 북구 흥해읍 성내리 5-7,471133304047,경상북도 포항시 북구 흥해읍 흥해로,84,1,4711325028100050007012271,,경상북도 포항시 북구 흥해읍 흥해로 84-1,791947,37540,,,,129.348063686148,36.1122042600974
MA010120220809190046,남부자전거점,,G2,소매,G213,오락용품 소매,G21305,자전거 소매업,G47632,자전거 및 기타 운송장비 소매업,47,경상북도,47111,포항시 남구,47111525,상대동,4711110100,상도동,4711110100100660050,1,대지,66,50,경상북도 포항시 남구 상도동 66-50,471113303014,경상북도 포항시 남구 상공로,69,,4711110100100660050116779,,경상북도 포항시 남구 상공로 69,790827,37765,,,,129.357917434178,36.0146048062152
MA010120220809181506,꼴통바이크,,G2,소매,G213,오락용품 소매,G21305,자전거 소매업,G47632,자전거 및 기타 운송장비 소매업,47,경상북도,47111,포항시 남구,47111580,효곡동,4711111400,효자동,4711111400101920008,1,대지,192,8,경상북도 포항시 남구 효자동 192-8,471114709727,경상북도 포항시 남구 효자로118번길,13,2,4711111400101920008129046,,경상북도 포항시 남구 효자로118번길 13-2,790330,37663,,,,129.338381289221,36.0091310066134
MA010120220809177080,써니바이크,,G2,소매,G213,오락용품 소매,G21305,자전거 소매업,G47632,자전거 및 기타 운송장비 소매업,47,경상북도,47111,포항시 남구,47111590,대이동,4711111700,이동,4711111700106620009,1,대지,662,9,경상북도 포항시 남구 이동 662-9,471112303003,경상북도 포항시 남구 포스코대로,117,,4711111700106620009129109,,경상북도 포항시 남구 포스코대로 117,790320,37676,,1,,129.338648298227,36.0256681156779
MA010120220809166942,삼천리자전거,,G2,소매,G213,오락용품 소매,G21305,자전거 소매업,G47632,자전거 및 기타 운송장비 소매업,47,경상북도,47113,포항시 북구,47113655,죽도동,4711311600,죽도동,4711311600100150023,1,대지,15,23,경상북도 포항시 북구 죽도동 15-23,471133304052,경상북도 포항시 북구 죽도로,58,,4711311600100150023097801,,경상북도 포항시 북구 죽도로 58,791818,37787,,,,129.366709935506,36.0327036352694
MA010120220809180026,동방선구점,,G2,소매,G213,오락용품 소매,G21305,자전거 소매업,G47632,자전거 및 기타 운송장비 소매업,47,경상북도,47111,포항시 남구,47111250,구룡포읍,4711125021,구룡포읍,4711125021104610008,1,대지,461,8,경상북도 포항시 남구 구룡포읍 구룡포리 461-8,471114709007,경상북도 포항시 남구 구룡포읍 구룡포길,89,,4711125021104610003064967,,경상북도 포항시 남구 구룡포읍 구룡포길 89,790801,37931,,,,129.555408214516,35.9913579573755
MA010120220809159578,영해자전거,,G2,소매,G213,오락용품 소매,G21305,자전거 소매업,G47632,자전거 및 기타 운송장비 소매업,47,경상북도,47111,포항시 남구,47111256,오천읍,4711125621,오천읍,4711125621114090002,1,대지,1409,2,경상북도 포항시 남구 오천읍 원리 1409-2,471113303004,경상북도 포항시 남구 오천읍 냉천로,214,,4711125621114090002000001,,경상북도 포항시 남구 오천읍 냉천로 214,790911,37880,,,,129.407937610064,35.9753725809493
MA010120220809175490,바이크드림,,G2,소매,G213,오락용품 소매,G21305,자전거 소매업,G47632,자전거 및 기타 운송장비 소매업,47,경상북도,47113,포항시 북구,47113520,중앙동,4711311300,항구동,4711311300103400000,1,대지,340,,경상북도 포항시 북구 항구동 340,471133304014,경상북도 포항시 북구 삼호로,177,,4711311300100130000116062,우방비취타운,경상북도 포항시 북구 삼호로 177,791080,37715,,,,129.37602525057,36.0543952786892
MA010120220809159703,나들이자전거,,G2,소매,G213,오락용품 소매,G21305,자전거 소매업,G47632,자전거 및 기타 운송장비 소매업,47,경상북도,47111,포항시 남구,47111253,연일읍,4711125322,연일읍,4711125322100720000,1,대지,72,,경상북도 포항시 남구 연일읍 괴정리 72,471114709108,경상북도 포항시 남구 연일읍 동문로53번길,46,3,4711125322100720000051544,,경상북도 포항시 남구 연일읍 동문로53번길 46-3,790881,37846,,,,129.347291975535,35.9940002972053
MA010120220809191263,포항자전거,,G2,소매,G213,오락용품 소매,G21305,자전거 소매업,G47632,자전거 및 기타 운송장비 소매업,47,경상북도,47111,포항시 남구,47111545,해도동,4711110300,해도동,4711110300104330003,1,대지,433,3,경상북도 포항시 남구 해도동 433-3,471113303047,경상북도 포항시 남구 중앙로,113,,4711110300104330003131273,,경상북도 포항시 남구 중앙로 113,790839,37778,,,,129.368145662269,36.0232328942613
MA010120220809164039,영현자전거,,G2,소매,G213,오락용품 소매,G21305,자전거 소매업,G47632,자전거 및 기타 운송장비 소매업,47,경상북도,47113,포항시 북구,47113520,중앙동,4711310900,대신동,4711310900100650017,1,대지,65,17,경상북도 포항시 북구 대신동 65-17,471133304014,경상북도 포항시 북구 삼호로,51,,4711310900100650017105147,,경상북도 포항시 북구 삼호로 51,791080,37724,,,,129.36893905499,36.0452734391934
MA010120220809183219,제일자전거,,G2,소매,G213,오락용품 소매,G21305,자전거 소매업,G47632,자전거 및 기타 운송장비 소매업,47,경상북도,47113,포항시 북구,47113665,용흥동,4711311700,용흥동,4711311700101440012,1,대지,144,12,경상북도 포항시 북구 용흥동 144-12,471133304027,경상북도 포항시 북구 용당로,17,,4711311700101440012130110,,경상북도 포항시 북구 용당로 17,791810,37707,,,,129.356759583228,36.0300886234993
MA010120220809181263,저스트라이드,,G2,소매,G213,오락용품 소매,G21305,자전거 소매업,G47632,자전거 및 기타 운송장비 소매업,47,경상북도,47113,포항시 북구,47113700,장량동,4711312100,장성동,4711312100115710001,1,대지,1571,1,경상북도 포항시 북구 장성동 1571-1,471134712365,경상북도 포항시 북구 새천년대로1249번길,22,,4711312100115710001109612,,경상북도 포항시 북구 새천년대로1249번길 22,791852,37585,,,,129.38311078691,36.0759412158538
MA010120220805904329,이든,,G2,소매,G213,오락용품 소매,G21305,자전거 소매업,G47632,자전거 및 기타 운송장비 소매업,36,세종특별자치시,36110,세종특별자치시,36110340,금남면,3611034022,금남면,3611034022103220001,1,대지,322,1,세종특별자치시 세종특별자치시 금남면 발산리 322-1,361104574306,세종특별자치시 세종특별자치시 금남면 성덕영곡길,11,8,3611034022103220001000001,,세종특별자치시 세종특별자치시 금남면 성덕영곡길 11-8,339833,30083,,,,127.277920365059,36.460066132612
MA010120220805918119,삼천리자전거,대리점,G2,소매,G213,오락용품 소매,G21305,자전거 소매업,G47632,자전거 및 기타 운송장비 소매업,44,충청남도,44230,논산시,44230250,강경읍,4423025029,강경읍,4423025029100080007,1,대지,8,7,충청남도 논산시 강경읍 대흥리 8-7,442303000095,충청남도 논산시 강경읍 계백로,135,3,4423025029100080013051669,,충청남도 논산시 강경읍 계백로 135-3,320902,32936,,,,127.015358160724,36.1569139142039
MA010120220805909901,삼천리오토바이,,G2,소매,G213,오락용품 소매,G21305,자전거 소매업,G47632,자전거 및 기타 운송장비 소매업,44,충청남도,44760,부여군,44760360,홍산면,4476036024,홍산면,4476036024101640008,1,대지,164,8,충청남도 부여군 홍산면 남촌리 164-8,447603259218,충청남도 부여군 홍산면 홍산로,55,,4476036024101640008050713,,충청남도 부여군 홍산면 홍산로 55,323842,33199,,1,,126.759405594082,36.2145034265196
MA010120220805916756,삼천리자전거,,G2,소매,G213,오락용품 소매,G21305,자전거 소매업,G47632,자전거 및 기타 운송장비 소매업,44,충청남도,44760,부여군,44760250,부여읍,4476025029,부여읍,4476025029102370002,1,대지,237,2,충청남도 부여군 부여읍 구아리 237-2,447604577343,충청남도 부여군 부여읍 석탑로41번길,4,,4476025029102370002020076,,충청남도 부여군 부여읍 석탑로41번길 4,323805,33151,,,,126.912325781881,36.2799327252573
MA010120220805910284,해동자전차,,G2,소매,G213,오락용품 소매,G21305,자전거 소매업,G47632,자전거 및 기타 운송장비 소매업,44,충청남도,44230,논산시,44230510,취암동,4423010500,취암동,4423010500103720042,1,대지,372,42,충청남도 논산시 취암동 372-42,442303255045,충청남도 논산시 시민로,354,,4423010500103720042045780,,충청남도 논산시 시민로 354,320804,32975,,,,127.089493500192,36.1964985099583
MA010120220805911892,서광윤업사,,G2,소매,G213,오락용품 소매,G21305,자전거 소매업,G47632,자전거 및 기타 운송장비 소매업,44,충청남도,44230,논산시,44230510,취암동,4423010200,반월동,4423010200100650004,1,대지,65,4,충청남도 논산시 반월동 65-4,442303255047,충청남도 논산시 중앙로,458,,4423010200100650004043399,,충청남도 논산시 중앙로 458,320802,32969,,,,127.085399143963,36.2042338252234
MA010120220805922498,논산MTB,,G2,소매,G213,오락용품 소매,G21305,자전거 소매업,G47632,자전거 및 기타 운송장비 소매업,44,충청남도,44230,논산시,44230510,취암동,4423010900,내동,4423010900102830014,1,대지,283,14,충청남도 논산시 내동 283-14,442303255045,충청남도 논산시 시민로,264,3,4423010900102830014047558,,충청남도 논산시 시민로 264-3,320803,32983,,2,,127.09517855293,36.1901676705394
MA010120220805922918,대일자전차,,G2,소매,G213,오락용품 소매,G21305,자전거 소매업,G47632,자전거 및 기타 운송장비 소매업,44,충청남도,44230,논산시,44230253,연무읍,4423025321,연무읍,4423025321107010013,1,대지,701,13,충청남도 논산시 연무읍 마산리 701-13,442303255028,충청남도 논산시 연무읍 연무로,196,,4423025321107010013057090,,충청남도 논산시 연무읍 연무로 196,320834,33007,,,,127.100482635295,36.1299445344678
MA010120220805916841,엄사코렉스삼천리,대리점,G2,소매,G213,오락용품 소매,G21305,자전거 소매업,G47632,자전거 및 기타 운송장비 소매업,44,충청남도,44250,계룡시,44250315,엄사면,4425031521,엄사면,4425031521102710001,1,대지,271,1,충청남도 계룡시 엄사면 엄사리 271-1,442503256013,충청남도 계룡시 엄사면 번영로,75,,4425031521102710001003305,,충청남도 계룡시 엄사면 번영로 75,321931,32809,,,,127.237279710474,36.2879032481598
MA010120220805927594,데로사,코리아,G2,소매,G213,오락용품 소매,G21305,자전거 소매업,G47632,자전거 및 기타 운송장비 소매업,11,서울특별시,11215,광진구,11215810,광장동,1121510400,광장동,1121510400102590008,1,대지,259,8,서울특별시 광진구 광장동 259-8,112153104002,서울특별시 광진구 광장로,59,1,1121510400102590008010610,지상1,서울특별시 광진구 광장로 59-1,143806,04967,,1,,127.103553767056,37.5473822521305
MA010120220805927869,형제자전차,,G2,소매,G213,오락용품 소매,G21305,자전거 소매업,G47632,자전거 및 기타 운송장비 소매업,44,충청남도,44230,논산시,44230360,연산면,4423036026,연산면,4423036026101270179,1,대지,127,179,충청남도 논산시 연산면 청동리 127-179,442304565460,충청남도 논산시 연산면 선비로231번길,1,,4423036026101270005004544,,충청남도 논산시 연산면 선비로231번길 1,320875,32913,,,,127.203358546832,36.2135811734484
MA010120220805929897,명도자전거,,G2,소매,G213,오락용품 소매,G21305,자전거 소매업,G47632,자전거 및 기타 운송장비 소매업,44,충청남도,44760,부여군,44760250,부여읍,4476025030,부여읍,4476025030100980000,1,대지,98,,충청남도 부여군 부여읍 관북리 98,447603259115,충청남도 부여군 부여읍 성왕로,225,18,4476025030100980000015664,,충청남도 부여군 부여읍 성왕로 225-18,323803,33138,,,,126.912343578708,36.283925014206
MA010120220805929911,선경자전차점,,G2,소매,G213,오락용품 소매,G21305,자전거 소매업,G47632,자전거 및 기타 운송장비 소매업,44,충청남도,44760,부여군,44760250,부여읍,4476025029,부여읍,4476025029102250000,1,대지,225,,충청남도 부여군 부여읍 구아리 225,447603259112,충청남도 부여군 부여읍 석탑로,59,,4476025029102250000018416,,충청남도 부여군 부여읍 석탑로 59,323805,33146,,1,,126.912457656,36.2814468229747
MA010120220805947975,신창자전거,,G2,소매,G213,오락용품 소매,G21305,자전거 소매업,G47632,자전거 및 기타 운송장비 소매업,44,충청남도,44770,서천군,44770250,장항읍,4477025024,장항읍,4477025024101460014,1,대지,146,14,충청남도 서천군 장항읍 신창리 146-14,447703260032,충청남도 서천군 장항읍 장항로,135,2,4477025024101460014007339,,충청남도 서천군 장항읍 장항로 135-2,325903,33670,,1,,126.692781027097,36.0115420155027
MA010120220805926125,피알바이크,,G2,소매,G213,오락용품 소매,G21305,자전거 소매업,G47632,자전거 및 기타 운송장비 소매업,48,경상남도,48129,창원시 진해구,48129620,풍호동,4812914500,장천동,4812914500104350001,1,대지,435,1,경상남도 창원시 진해구 장천동 435-1,481294793579,경상남도 창원시 진해구 충장로671번길,13,,4812914500104350001000001,,경상남도 창원시 진해구 충장로671번길 13,645320,51628,,1,,128.705336068929,35.1301113666325
MA010120220805926131,에스엠지레저,,G2,소매,G213,오락용품 소매,G21305,자전거 소매업,G47632,자전거 및 기타 운송장비 소매업,52,전북특별자치도,52210,김제시,52210400,성덕면,5221040022,성덕면,5221040022105330002,1,대지,533,2,전북특별자치도 김제시 성덕면 대목리 533-2,522104616189,전북특별자치도 김제시 성덕면 다복동2길,23,3,4521040022105330002033506,,전북특별자치도 김제시 성덕면 다복동2길 23-3,576842,54314,,,,126.835870580921,35.8311597106623
MA010120220805953462,영주삼천리자전거하망점,,G2,소매,G213,오락용품 소매,G21305,자전거 소매업,G47632,자전거 및 기타 운송장비 소매업,47,경상북도,47210,영주시,47210525,하망동,4721010300,하망동,4721010300103480023,1,대지,348,23,경상북도 영주시 하망동 348-23,472103303047,경상북도 영주시 중앙로,90,,4721010300103480023000001,,경상북도 영주시 중앙로 90,750912,36085,,,,128.625102924207,36.8231369522748
MA010120220805928538,대경상사,,G2,소매,G213,오락용품 소매,G21305,자전거 소매업,G47632,자전거 및 기타 운송장비 소매업,44,충청남도,44250,계룡시,44250315,엄사면,4425031521,엄사면,4425031521101620011,1,대지,162,11,충청남도 계룡시 엄사면 엄사리 162-11,442503015015,충청남도 계룡시 엄사면 계룡대로,510,,4425031521101620002002530,,충청남도 계룡시 엄사면 계룡대로 510,321931,32801,,,,127.245119203935,36.2888336824345
MA010120220805950973,바이크워크샵,,G2,소매,G213,오락용품 소매,G21305,자전거 소매업,G47632,자전거 및 기타 운송장비 소매업,30,대전광역시,30200,유성구,30200546,노은1동,3020011900,노은동,3020011900105490002,1,대지,549,2,대전광역시 유성구 노은동 549-2,302004301070,대전광역시 유성구 노은동로75번길,85,16,3020011900105490002000002,,대전광역시 유성구 노은동로75번길 85-16,305325,34091,,,,127.318418890537,36.3676944543269
MA010120220805931129,레스포3000리호자전거,,G2,소매,G213,오락용품 소매,G21305,자전거 소매업,G47632,자전거 및 기타 운송장비 소매업,44,충청남도,44760,부여군,44760310,규암면,4476031033,규암면,4476031033102170019,1,대지,217,19,충청남도 부여군 규암면 외리 217-19,447603000095,충청남도 부여군 규암면 계백로,8,2,4476031033102170019025191,,충청남도 부여군 규암면 계백로 8-2,323811,33124,,1,,126.881336310875,36.2741834252898
MA010120220805951290,성광자전차,,G2,소매,G213,오락용품 소매,G21305,자전거 소매업,G47632,자전거 및 기타 운송장비 소매업,44,충청남도,44770,서천군,44770400,비인면,4477040021,비인면,4477040021103020001,1,대지,302,1,충청남도 서천군 비인면 성내리 302-1,447703260005,충청남도 서천군 비인면 비인로,182,,4477040021103020001019280,,충청남도 서천군 비인면 비인로 182,325883,33608,,,,126.602357264314,36.1412045715386
MA010120220805949138,3000리호자전거,,G2,소매,G213,오락용품 소매,G21305,자전거 소매업,G47632,자전거 및 기타 운송장비 소매업,44,충청남도,44770,서천군,44770253,서천읍,4477025322,서천읍,4477025322103040010,1,대지,304,10,충청남도 서천군 서천읍 사곡리 304-10,447704580285,충청남도 서천군 서천읍 사곡안길,25,,4477025322103040010028499,,충청남도 서천군 서천읍 사곡안길 25,325806,33640,,,,126.686985573491,36.0829308895557
MA010120220805928991,부여삼천리스포츠,,G2,소매,G213,오락용품 소매,G21305,자전거 소매업,G47632,자전거 및 기타 운송장비 소매업,44,충청남도,44760,부여군,44760250,부여읍,4476025029,부여읍,4476025029102890001,1,대지,289,1,충청남도 부여군 부여읍 구아리 289-1,447603259112,충청남도 부여군 부여읍 석탑로,29,,4476025029102890001018715,,충청남도 부여군 부여읍 석탑로 29,323805,33151,,,,126.912327142401,36.2787161179433
MA010120220805954419,강C네자전거,,G2,소매,G213,오락용품 소매,G21305,자전거 소매업,G47632,자전거 및 기타 운송장비 소매업,48,경상남도,48250,김해시,48250610,장유1동,4825012400,내덕동,4825012400102170009,1,대지,217,9,경상남도 김해시 내덕동 217-9,482504805250,경상남도 김해시 내덕로56번길,14,,4825031022102170009078706,,경상남도 김해시 내덕로56번길 14,621230,50973,,,,128.815018672977,35.2048950952282
MA010120220805957049,조운자전차점,,G2,소매,G213,오락용품 소매,G21305,자전거 소매업,G47632,자전거 및 기타 운송장비 소매업,44,충청남도,44770,서천군,44770253,서천읍,4477025321,서천읍,4477025321105750005,1,대지,575,5,충청남도 서천군 서천읍 군사리 575-5,447703260010,충청남도 서천군 서천읍 서천로,58,,4477025321105750003029342,,충청남도 서천군 서천읍 서천로 58,325802,33644,,,,126.693338515925,36.0766207648818
MA010120220805990789,삼천리자전거쎈타,,G2,소매,G213,오락용품 소매,G21305,자전거 소매업,G47632,자전거 및 기타 운송장비 소매업,44,충청남도,44825,태안군,44825250,태안읍,4482525022,태안읍,4482525022105750006,1,대지,575,6,충청남도 태안군 태안읍 남문리 575-6,448253264043,충청남도 태안군 태안읍 중앙로,46,,4482525022105750006004972,,충청남도 태안군 태안읍 중앙로 46,357901,32142,,,,126.294257142048,36.7547363630979
MA010120220805974907,스마트자전거,,G2,소매,G213,오락용품 소매,G21305,자전거 소매업,G47632,자전거 및 기타 운송장비 소매업,44,충청남도,44800,홍성군,44800250,홍성읍,4480025021,홍성읍,4480025021104960002,1,대지,496,2,충청남도 홍성군 홍성읍 오관리 496-2,448004586230,충청남도 홍성군 홍성읍 문화로85번길,5,,4480025021104960002000001,,충청남도 홍성군 홍성읍 문화로85번길 5,350817,32237,,,,126.661819019618,36.5950109402651
MA010120220805984863,태성상회,,G2,소매,G213,오락용품 소매,G21305,자전거 소매업,G47632,자전거 및 기타 운송장비 소매업,44,충청남도,44210,서산시,44210510,부춘동,4421010100,읍내동,4421010100101410021,1,대지,141,21,충청남도 서산시 읍내동 141-21,442103254059,충청남도 서산시 번화2로,10,,4421010100101410021035428,,충청남도 서산시 번화2로 10,356805,31984,,,,126.449911987837,36.780275112202
MA010120220805979127,코렉스자전거,,G2,소매,G213,오락용품 소매,G21305,자전거 소매업,G47632,자전거 및 기타 운송장비 소매업,44,충청남도,44800,홍성군,44800253,광천읍,4480025322,광천읍,4480025322102360006,1,대지,236,6,충청남도 홍성군 광천읍 광천리 236-6,448003015026,충청남도 홍성군 광천읍 광천로,288,,4480025322102360006054664,,충청남도 홍성군 광천읍 광천로 288,350902,32295,,,,126.625645346079,36.4998049303617
MA010120220805994648,전동핫플,부산대점,G2,소매,G213,오락용품 소매,G21305,자전거 소매업,G47632,자전거 및 기타 운송장비 소매업,26,부산광역시,26410,금정구,26410610,장전2동,2641010800,장전동,2641010800103620007,1,대지,362,7,부산광역시 금정구 장전동 362-7,264103135047,부산광역시 금정구 장전로,52,1,2641010800103620007006573,,부산광역시 금정구 장전로 52-1,609840,46288,,1,,129.083575351186,35.229623304278
MA010120220805987732,대성자전차,,G2,소매,G213,오락용품 소매,G21305,자전거 소매업,G47632,자전거 및 기타 운송장비 소매업,44,충청남도,44210,서산시,44210390,해미면,4421039021,해미면,4421039021103340001,1,대지,334,1,충청남도 서산시 해미면 읍내리 334-1,442103254016,충청남도 서산시 해미면 남문2로,124,,4421039021103340001063203,,충청남도 서산시 해미면 남문2로 124,356826,31960,,1,,126.545665100073,36.712465119949
MA010120220805987753,온양수리센타,,G2,소매,G213,오락용품 소매,G21305,자전거 소매업,G47632,자전거 및 기타 운송장비 소매업,44,충청남도,44210,서산시,44210250,대산읍,4421025021,대산읍,4421025021101460003,1,대지,146,3,충청남도 서산시 대산읍 대산리 146-3,442104562711,충청남도 서산시 대산읍 탑골1길,18,,4421025021101460003006293,,충청남도 서산시 대산읍 탑골1길 18,356873,31909,,,,126.434985657045,36.93481445963
MA010120220805971637,삼천리자전거홍주,대리점,G2,소매,G213,오락용품 소매,G21305,자전거 소매업,G47632,자전거 및 기타 운송장비 소매업,44,충청남도,44800,홍성군,44800250,홍성읍,4480025021,홍성읍,4480025021103420014,1,대지,342,14,충청남도 홍성군 홍성읍 오관리 342-14,448003259240,충청남도 홍성군 홍성읍 충절로,1016,,4480025021103420014036538,,충청남도 홍성군 홍성읍 충절로 1016,350816,32231,,,,126.669707360922,36.5979887983931
MA010120220805969976,조은자전거,,G2,소매,G213,오락용품 소매,G21305,자전거 소매업,G47632,자전거 및 기타 운송장비 소매업,44,충청남도,44210,서산시,44210540,수석동,4421010700,석림동,4421010700107870001,1,대지,787,1,충청남도 서산시 석림동 787-1,442103254079,충청남도 서산시 석림3로,11,,4421010700107870001044418,,충청남도 서산시 석림3로 11,356819,32000,,1,,126.463128541914,36.7709279561313
MA010120220806017076,하늘자전거,,G2,소매,G213,오락용품 소매,G21305,자전거 소매업,G47632,자전거 및 기타 운송장비 소매업,44,충청남도,44270,당진시,44270510,당진1동,4427010100,읍내동,4427010100116290000,1,대지,1629,,충청남도 당진시 읍내동 1629,442704832287,충청남도 당진시 북문로1길,32,7,4427010100116290000000001,,충청남도 당진시 북문로1길 32-7,343010,31768,,,,126.631283147072,36.9002272962287
MA010120220806021924,삼천리자전거,,G2,소매,G213,오락용품 소매,G21305,자전거 소매업,G47632,자전거 및 기타 운송장비 소매업,44,충청남도,44270,당진시,44270250,합덕읍,4427025021,합덕읍,4427025021102630055,1,대지,263,55,충청남도 당진시 합덕읍 운산리 263-55,442703265122,충청남도 당진시 합덕읍 덕평로,551,,4483025321102630055010711,,충청남도 당진시 합덕읍 덕평로 551,343907,31812,,,,126.776073758248,36.8082614264398
MA010120220806032491,세미코,,G2,소매,G213,오락용품 소매,G21305,자전거 소매업,G47632,자전거 및 기타 운송장비 소매업,44,충청남도,44825,태안군,44825310,고남면,4482531023,고남면,4482531023115740004,1,대지,1574,4,충청남도 태안군 고남면 고남리 1574-4,448253264004,충청남도 태안군 고남면 누동로,13,3,4482531023115740004000886,,충청남도 태안군 고남면 누동로 13-3,357971,32172,,,,126.402548866227,36.4310668218832
MA010120220806005424,삼천리자전거,,G2,소매,G213,오락용품 소매,G21305,자전거 소매업,G47632,자전거 및 기타 운송장비 소매업,44,충청남도,44810,예산군,44810250,예산읍,4481025021,예산읍,4481025021106840002,1,대지,684,2,충청남도 예산군 예산읍 예산리 684-2,448103263028,충청남도 예산군 예산읍 예산로,154,1,4481025021106840002008277,제,충청남도 예산군 예산읍 예산로 154-1,340804,32440,,,,126.842099228193,36.6783357404758
MA010120220806006016,삼천리자전거,역전점,G2,소매,G213,오락용품 소매,G21305,자전거 소매업,G47632,자전거 및 기타 운송장비 소매업,44,충청남도,44810,예산군,44810250,예산읍,4481025024,예산읍,4481025024102700006,1,대지,270,6,충청남도 예산군 예산읍 주교리 270-6,448103263028,충청남도 예산군 예산읍 예산로,33,3,4481025024102700006003291,,충청남도 예산군 예산읍 예산로 33-3,340808,32431,,1,,126.829828574633,36.6824820577951
MA010120220806041123,레스포자전거,,G2,소매,G213,오락용품 소매,G21305,자전거 소매업,G47632,자전거 및 기타 운송장비 소매업,44,충청남도,44133,천안시 서북구,44133530,쌍용1동,4413310700,쌍용동,4413310700102030003,1,대지,203,3,충청남도 천안시 서북구 쌍용동 203-3,441333249071,충청남도 천안시 서북구 충무로,211,,4413310700102030003057356,,충청남도 천안시 서북구 충무로 211,331945,31180,,,,127.129302828362,36.7969217847316
MA010120220806014168,코렉스자전거,,G2,소매,G213,오락용품 소매,G21305,자전거 소매업,G47632,자전거 및 기타 운송장비 소매업,44,충청남도,44270,당진시,44270510,당진1동,4427010100,읍내동,4427010100106360008,1,대지,636,8,충청남도 당진시 읍내동 636-8,442703265016,충청남도 당진시 당진중앙2로,34,9,4483025021106360008086411,,충청남도 당진시 당진중앙2로 34-9,343924,31777,,,,126.627879983319,36.8917193808572
MA010120220806002925,코렉스자전거채운,대리점,G2,소매,G213,오락용품 소매,G21305,자전거 소매업,G47632,자전거 및 기타 운송장비 소매업,44,충청남도,44270,당진시,44270520,당진2동,4427010200,채운동,4427010200109920033,1,대지,992,33,충청남도 당진시 채운동 992-33,442703265124,충청남도 당진시 서부로,212,,4483025022109920032086753,,충청남도 당진시 서부로 212,343928,31784,,,,126.625158708951,36.8930264238975
MA010120220807383808,삼천리자전거,김제점,G2,소매,G213,오락용품 소매,G21305,자전거 소매업,G47632,자전거 및 기타 운송장비 소매업,52,전북특별자치도,52210,김제시,52210510,요촌동,5221010700,서암동,5221010700103940055,1,대지,394,55,전북특별자치도 김제시 서암동 394-55,522103272083,전북특별자치도 김제시 남북로,243,,4521010700103940055046452,,전북특별자치도 김제시 남북로 243,576807,54373,,,,126.88298863217,35.8056821090005
MA010120220807381249,삼천리,부안점,G2,소매,G213,오락용품 소매,G21305,자전거 소매업,G47632,자전거 및 기타 운송장비 소매업,52,전북특별자치도,52800,부안군,52800250,부안읍,5280025022,부안읍,5280025022105350007,1,대지,535,7,전북특별자치도 부안군 부안읍 서외리 535-7,528003280045,전북특별자치도 부안군 부안읍 부풍로,81,,4580025022105350007030247,,전북특별자치도 부안군 부안읍 부풍로 81,579803,56313,,,,126.731954114725,35.7238846787738
MA010120220807385613,알톤자전거율하,신도시점,G2,소매,G213,오락용품 소매,G21305,자전거 소매업,G47632,자전거 및 기타 운송장비 소매업,48,경상남도,48250,김해시,48250630,장유3동,4825013100,율하동,4825013100113260005,1,대지,1326,5,경상남도 김해시 율하동 1326-5,482504805620,경상남도 김해시 율하1로81번길,26,8,4825013100113260005000001,,경상남도 김해시 율하1로81번길 26-8,621320,51014,,1,,128.815785784655,35.1747383856516
MA010120220807429709,동그라미자전거,,G2,소매,G213,오락용품 소매,G21305,자전거 소매업,G47632,자전거 및 기타 운송장비 소매업,52,전북특별자치도,52190,남원시,52190570,향교동,5219011100,향교동,5219011100102830007,1,대지,283,7,전북특별자치도 남원시 향교동 283-7,521904613268,전북특별자치도 남원시 붕맛1길,33,,4519011100102830007319163,,전북특별자치도 남원시 붕맛1길 33,590989,55740,,1,,127.383648858058,35.4171955587915
MA010120220807434150,삼천리자전거,,G2,소매,G213,오락용품 소매,G21305,자전거 소매업,G47632,자전거 및 기타 운송장비 소매업,52,전북특별자치도,52750,임실군,52750355,오수면,5275035521,오수면,5275035521105420006,1,대지,542,6,전북특별자치도 임실군 오수면 오수리 542-6,527503277023,전북특별자치도 임실군 오수면 오수로,183,,4575035521105420006127640,,전북특별자치도 임실군 오수면 오수로 183,566895,55951,,,,127.326066064906,35.5404202216227
MA010120220807432536,오수자전차,,G2,소매,G213,오락용품 소매,G21305,자전거 소매업,G47632,자전거 및 기타 운송장비 소매업,52,전북특별자치도,52750,임실군,52750250,임실읍,5275025022,임실읍,5275025022108490002,1,대지,849,2,전북특별자치도 임실군 임실읍 이도리 849-2,527503277039,전북특별자치도 임실군 임실읍 봉황로,195,,4575025022108490004120398,,전북특별자치도 임실군 임실읍 봉황로 195,566805,55925,,,,127.282436317934,35.6173024718064
MA010120220807426479,스페셜라이즈드바이크스타,순천점,G2,소매,G213,오락용품 소매,G21305,자전거 소매업,G47632,자전거 및 기타 운송장비 소매업,46,전라남도,46150,순천시,46150661,왕조1동,4615013300,조례동,4615013300113710002,1,대지,1371,2,전라남도 순천시 조례동 1371-2,461504649378,전라남도 순천시 봉화1길,64,,4615013300113710002000001,,전라남도 순천시 봉화1길 64,540967,57951,,1,,127.51452953191,34.9556627196155
MA010120220807408619,제이모티브,,G2,소매,G213,오락용품 소매,G21305,자전거 소매업,G47632,자전거 및 기타 운송장비 소매업,41,경기도,41131,성남시 수정구,41131625,위례동,4113110800,창곡동,4113110800105570003,1,대지,557,3,경기도 성남시 수정구 창곡동 557-3,411313000237,경기도 성남시 수정구 위례서로,24,,4113110800105570003000001,이브이샵행복빌딩,경기도 성남시 수정구 위례서로 24,461210,13647,,1,,127.137106391489,37.4671857043027
MA010120220807430621,삼천리자전거,,G2,소매,G213,오락용품 소매,G21305,자전거 소매업,G47632,자전거 및 기타 운송장비 소매업,52,전북특별자치도,52770,순창군,52770250,순창읍,5277025021,순창읍,5277025021102730001,1,대지,273,1,전북특별자치도 순창군 순창읍 순화리 273-1,527703278035,전북특별자치도 순창군 순창읍 옥천로,10,1,4577025021002730001000785,,전북특별자치도 순창군 순창읍 옥천로 10-1,595805,56040,,1,,127.140099330029,35.3736849793912
MA010120220807435312,삼천리자전거,,G2,소매,G213,오락용품 소매,G21305,자전거 소매업,G47632,자전거 및 기타 운송장비 소매업,52,전북특별자치도,52190,남원시,52190520,죽항동,5219010200,하정동,5219010200101610005,1,대지,161,5,전북특별자치도 남원시 하정동 161-5,521904613201,전북특별자치도 남원시 동헌길,41,,4519010200101610005316858,,전북특별자치도 남원시 동헌길 41,590987,55763,,,,127.378728130102,35.4079816200411
MA010120220807454483,알톤자전거동구,대리점,G2,소매,G213,오락용품 소매,G21305,자전거 소매업,G47632,자전거 및 기타 운송장비 소매업,29,광주광역시,29110,동구,29110655,서남동,2911011800,서석동,2911011800100270016,1,대지,27,16,광주광역시 동구 서석동 27-16,291103159007,광주광역시 동구 서남로,18,,2911011800100270016024785,,광주광역시 동구 서남로 18,501824,61468,,,,126.923634083297,35.1448275867788
MA010120220807465892,토토자전거,,G2,소매,G213,오락용품 소매,G21305,자전거 소매업,G47632,자전거 및 기타 운송장비 소매업,29,광주광역시,29170,북구,29170677,오치2동,2917011500,오치동,2917011500107620000,1,대지,762,,광주광역시 북구 오치동 762,291703162033,광주광역시 북구 설죽로,324,,2917011500107620000046324,대웅아파트,광주광역시 북구 설죽로 324,500839,61055,,,,126.899647233912,35.1881744393926
MA010120220807473525,종합자전거,대리점,G2,소매,G213,오락용품 소매,G21305,자전거 소매업,G47632,자전거 및 기타 운송장비 소매업,29,광주광역시,29110,동구,29110560,계림1동,2911010900,계림동,2911010900104780048,1,대지,478,48,광주광역시 동구 계림동 478-48,291103009001,광주광역시 동구 구성로,238,,2911010900104780048018635,,광주광역시 동구 구성로 238,501804,61428,,,,126.917302154359,35.1557839779013
MA010120220807468027,알톤자전거양림,대리점,G2,소매,G213,오락용품 소매,G21305,자전거 소매업,G47632,자전거 및 기타 운송장비 소매업,29,광주광역시,29155,남구,29155510,양림동,2915511300,양림동,2915511300104740000,1,대지,474,,광주광역시 남구 양림동 474,291553161014,광주광역시 남구 정율성로,2,,2915511400103340037031360,,광주광역시 남구 정율성로 2,503040,61663,,,,126.917958407806,35.1361617859714
MA010120220807448755,세광자전거,,G2,소매,G213,오락용품 소매,G21305,자전거 소매업,G47632,자전거 및 기타 운송장비 소매업,29,광주광역시,29110,동구,29110525,충장동,2911010700,장동,2911010700100550002,1,대지,55,2,광주광역시 동구 장동 55-2,291103009006,광주광역시 동구 제봉로,136,,2911010700100550002021086,,광주광역시 동구 제봉로 136,501060,61431,,,,126.921313430838,35.1502342693508
MA010120220807457691,챔피언바이크,,G2,소매,G213,오락용품 소매,G21305,자전거 소매업,G47632,자전거 및 기타 운송장비 소매업,29,광주광역시,29155,남구,29155690,주월1동,2915510600,주월동,2915510600109720016,1,대지,972,16,광주광역시 남구 주월동 972-16,291553000074,광주광역시 남구 회재로,1228,,2915510600109720016010147,,광주광역시 남구 회재로 1228,503832,61718,,,,126.895139023755,35.1334581282712
MA010120220807458071,종합자전거,,G2,소매,G213,오락용품 소매,G21305,자전거 소매업,G47632,자전거 및 기타 운송장비 소매업,29,광주광역시,29110,동구,29110560,계림1동,2911010900,계림동,2911010900102870002,1,대지,287,2,광주광역시 동구 계림동 287-2,291103162073,광주광역시 동구 중앙로,297,,2911010900102870002000825,,광주광역시 동구 중앙로 297,501805,61423,,,,126.920372693906,35.1583549101595
MA010120220807469409,코렉스자전거,,G2,소매,G213,오락용품 소매,G21305,자전거 소매업,G47632,자전거 및 기타 운송장비 소매업,46,전라남도,46720,곡성군,46720370,옥과면,4672037022,옥과면,4672037022102040008,1,대지,204,8,전라남도 곡성군 옥과면 죽림리 204-8,467203287027,전라남도 곡성군 옥과면 대학로,193,,4672037022102040008023289,,전라남도 곡성군 옥과면 대학로 193,516914,57502,,,,127.1403388148,35.2767101672555
MA010120220807464023,창영코렉스자전거,,G2,소매,G213,오락용품 소매,G21305,자전거 소매업,G47632,자전거 및 기타 운송장비 소매업,29,광주광역시,29110,동구,29110685,학동,2911012200,학동,2911012200106640014,1,대지,664,14,광주광역시 동구 학동 664-14,291103159003,광주광역시 동구 남문로,712,,2911012200106640014013666,,광주광역시 동구 남문로 712,501846,61457,,,,126.927978152007,35.1340860060083
MA010120220807491768,삼천리자전거,대리점,G2,소매,G213,오락용품 소매,G21305,자전거 소매업,G47632,자전거 및 기타 운송장비 소매업,29,광주광역시,29155,남구,29155520,방림1동,2915511400,방림동,2915511400101180003,1,대지,118,3,광주광역시 남구 방림동 118-3,291552009001,광주광역시 남구 대남대로,55,,2915511400101180003001003,,광주광역시 남구 대남대로 55,503802,61667,,,,126.918595109939,35.1358647655647
MA010120220807515501,장성자전차포,,G2,소매,G213,오락용품 소매,G21305,자전거 소매업,G47632,자전거 및 기타 운송장비 소매업,46,전라남도,46880,장성군,46880250,장성읍,4688025024,장성읍,4688025024107300003,1,대지,730,3,전라남도 장성군 장성읍 영천리 730-3,468803000208,전라남도 장성군 장성읍 단풍로,49,,4688025024107300003017457,,전라남도 장성군 장성읍 단풍로 49,515805,57216,,,,126.791091587925,35.3086177006419
MA010120220807513179,삼천리자전거,,G2,소매,G213,오락용품 소매,G21305,자전거 소매업,G47632,자전거 및 기타 운송장비 소매업,29,광주광역시,29170,북구,29170661,두암1동,2917011400,두암동,2917011400108690011,1,대지,869,11,광주광역시 북구 두암동 869-11,291703162002,광주광역시 북구 군왕로,91,,2917011400108690011038028,,광주광역시 북구 군왕로 91,500809,61197,,,,126.932447657161,35.1693227680938
MA010120220807513219,유바이크,,G2,소매,G213,오락용품 소매,G21305,자전거 소매업,G47632,자전거 및 기타 운송장비 소매업,29,광주광역시,29170,북구,29170570,임동,2917010500,임동,2917010500101000038,1,대지,100,38,광주광역시 북구 임동 100-38,291703162028,광주광역시 북구 서림로,24,,2917010500101000038012087,,광주광역시 북구 서림로 24,500869,61253,,1,,126.89113312845,35.1672105478721
MA010120220807515865,자전거만물센터,,G2,소매,G213,오락용품 소매,G21305,자전거 소매업,G47632,자전거 및 기타 운송장비 소매업,41,경기도,41310,구리시,41310570,수택1동,4131010500,수택동,4131010500105710021,1,대지,571,21,경기도 구리시 수택동 571-21,413104388021,경기도 구리시 검배로83번길,16,3,4131010500105710021005593,,경기도 구리시 검배로83번길 16-3,471031,11943,,1,,127.14802054051,37.5960606594949
MA010120220807478761,제이엠바이크,,G2,소매,G213,오락용품 소매,G21305,자전거 소매업,G47632,자전거 및 기타 운송장비 소매업,29,광주광역시,29140,서구,29140780,화정3동,2914011900,화정동,2914011900103340060,1,대지,334,60,광주광역시 서구 화정동 334-60,291404280523,광주광역시 서구 화정로153번길,15,,2914011900103340060020323,,광주광역시 서구 화정로153번길 15,502837,61986,,1,,126.874150923013,35.1466521164947
MA010120220807486216,삼성자전차,,G2,소매,G213,오락용품 소매,G21305,자전거 소매업,G47632,자전거 및 기타 운송장비 소매업,46,전라남도,46720,곡성군,46720250,곡성읍,4672025021,곡성읍,4672025021102610014,1,대지,261,14,전라남도 곡성군 곡성읍 읍내리 261-14,467204661255,전라남도 곡성군 곡성읍 읍내14길,4,,4672025021102610005002261,,전라남도 곡성군 곡성읍 읍내14길 4,516804,57542,,,,127.295927595172,35.2811526440059
MA010120220807488540,삼천리자전거상회,,G2,소매,G213,오락용품 소매,G21305,자전거 소매업,G47632,자전거 및 기타 운송장비 소매업,46,전라남도,46790,화순군,46790250,화순읍,4679025022,화순읍,4679025022100070001,1,대지,7,1,전라남도 화순군 화순읍 향청리 7-1,467903291025,전라남도 화순군 화순읍 자치샘로,76,,4679025022100070001044249,,전라남도 화순군 화순읍 자치샘로 76,519808,58124,,,,126.988763603666,35.0600594211405
MA010120220807479370,위너바이크,,G2,소매,G213,오락용품 소매,G21305,자전거 소매업,G47632,자전거 및 기타 운송장비 소매업,52,전북특별자치도,52190,남원시,52190590,도통동,5219011600,도통동,5219011600105650001,1,대지,565,1,전북특별자치도 남원시 도통동 565-1,521904613433,전북특별자치도 남원시 역재3길,19,,4519011600105650001314994,,전북특별자치도 남원시 역재3길 19,590190,55755,,,,127.399223352233,35.4205971121773
MA010120220807488560,알톤자전거,화순점,G2,소매,G213,오락용품 소매,G21305,자전거 소매업,G47632,자전거 및 기타 운송장비 소매업,46,전라남도,46790,화순군,46790250,화순읍,4679025031,화순읍,4679025031105780000,1,대지,578,,전라남도 화순군 화순읍 삼천리 578,467904673266,전라남도 화순군 화순읍 시장길,10,,4679025031105780000042280,,전라남도 화순군 화순읍 시장길 10,519807,58122,,1,,126.983721622527,35.0565615151802
MA010120220807491059,삼천리자전거,,G2,소매,G213,오락용품 소매,G21305,자전거 소매업,G47632,자전거 및 기타 운송장비 소매업,29,광주광역시,29155,남구,29155510,양림동,2915511300,양림동,2915511300100070003,1,대지,7,3,광주광역시 남구 양림동 7-3,291553009007,광주광역시 남구 천변좌로,472,,2915511300100070003003830,,광주광역시 남구 천변좌로 472,503821,61663,,,,126.919184871405,35.1386503711022
MA010120220807511924,삼천리자전거승업사,,G2,소매,G213,오락용품 소매,G21305,자전거 소매업,G47632,자전거 및 기타 운송장비 소매업,29,광주광역시,29170,북구,29170669,일곡동,2917012700,일곡동,2917012700108490002,1,대지,849,2,광주광역시 북구 일곡동 849-2,291703162033,광주광역시 북구 설죽로,535,1,2917012700108490002045360,일곡청솔1차,광주광역시 북구 설죽로 535-1,500867,61038,,,,126.897372234733,35.207416430561
MA010120220807511927,알톤스포츠,문흥점,G2,소매,G213,오락용품 소매,G21305,자전거 소매업,G47632,자전거 및 기타 운송장비 소매업,29,광주광역시,29170,북구,29170657,문흥2동,2917011200,문흥동,2917011200110060003,1,대지,1006,3,광주광역시 북구 문흥동 1006-3,291703162031,광주광역시 북구 서하로,352,,2917011200110060003036448,,광주광역시 북구 서하로 352,500823,61132,,,,126.918884919196,35.1865844393789
MA010120220808874970,엘파마한라사이클,,G2,소매,G213,오락용품 소매,G21305,자전거 소매업,G47632,자전거 및 기타 운송장비 소매업,50,제주특별자치도,50110,제주시,50110640,오라동,5011012000,오라이동,5011012000131600000,1,대지,3160,,제주특별자치도 제주시 오라이동 3160,501103349136,제주특별자치도 제주시 연북로,188,,5011012000131600000000001,,제주특별자치도 제주시 연북로 188,690162,63147,,,,126.501446487777,33.4813935701649
MA010120220808885137,행복한자전거,,G2,소매,G213,오락용품 소매,G21305,자전거 소매업,G47632,자전거 및 기타 운송장비 소매업,27,대구광역시,27260,수성구,27260520,범어2동,2726010100,범어동,2726010100102220009,1,대지,222,9,대구광역시 수성구 범어동 222-9,272603146007,대구광역시 수성구 동원로,7,,2726010100102220009022794,,대구광역시 수성구 동원로 7,706823,42031,,1,,128.640027349606,35.8595875851896
MA010120220808886799,라피아토,,G2,소매,G213,오락용품 소매,G21305,자전거 소매업,G47632,자전거 및 기타 운송장비 소매업,11,서울특별시,11740,강동구,11740610,천호2동,1174010900,천호동,1174010900103300013,1,대지,330,13,서울특별시 강동구 천호동 330-13,117403124009,서울특별시 강동구 천중로,8,1,1174010900103300013011244,대영빌딩,서울특별시 강동구 천중로 8-1,134868,05245,,,,127.122788479613,37.5457510299706
MA010120220808855520,오복윤업사,,G2,소매,G213,오락용품 소매,G21305,자전거 소매업,G47632,자전거 및 기타 운송장비 소매업,27,대구광역시,27140,동구,27140555,신천1.2동,2714010200,신천동,2714010200107390005,1,대지,739,5,대구광역시 동구 신천동 739-5,271403142020,대구광역시 동구 송라로,47,2,2714010200107390005031272,,대구광역시 동구 송라로 47-2,701832,41269,,,,128.619036215439,35.8714339827779
MA010120220808888115,두바리바이크,,G2,소매,G213,오락용품 소매,G21305,자전거 소매업,G47632,자전거 및 기타 운송장비 소매업,27,대구광역시,27260,수성구,27260670,고산1동,2726011800,신매동,2726011800105970002,1,대지,597,2,대구광역시 수성구 신매동 597-2,272603146002,대구광역시 수성구 고산로,20,,2726011800105970002025663,,대구광역시 수성구 고산로 20,706170,42287,,,,128.70366565618,35.8325780532449
MA010120220808886315,불로자전거상회,,G2,소매,G213,오락용품 소매,G21305,자전거 소매업,G47632,자전거 및 기타 운송장비 소매업,27,대구광역시,27140,동구,27140615,도평동,2714010700,도동,2714010700109780077,1,대지,978,77,대구광역시 동구 도동 978-77,271404226316,대구광역시 동구 팔공로24길,41,1,2714010700109780077027936,,대구광역시 동구 팔공로24길 41-1,701180,41036,,,,128.643268889845,35.9093309470595
MA010120220808886318,삼천리자전거봉무,대리점,G2,소매,G213,오락용품 소매,G21305,자전거 소매업,G47632,자전거 및 기타 운송장비 소매업,27,대구광역시,27140,동구,27140620,불로.봉무동,2714010600,불로동,2714010600111490004,1,대지,1149,4,대구광역시 동구 불로동 1149-4,271403000048,대구광역시 동구 팔공로,176,,2714010600111490004041573,,대구광역시 동구 팔공로 176,701805,41030,,1,,128.641346254725,35.91438555844
MA010120220808891783,동신자전거,,G2,소매,G213,오락용품 소매,G21305,자전거 소매업,G47632,자전거 및 기타 운송장비 소매업,27,대구광역시,27140,동구,27140590,효목1동,2714010300,효목동,2714010300100830008,1,대지,83,8,대구광역시 동구 효목동 83-8,271403142028,대구광역시 동구 아양로,254,1,2714010300100830008031683,,대구광역시 동구 아양로 254-1,701840,41169,,,,128.640664566814,35.8872707950526
MA010120220808893078,라이프라인,,G2,소매,G213,오락용품 소매,G21305,자전거 소매업,G47632,자전거 및 기타 운송장비 소매업,27,대구광역시,27170,서구,27170675,상중이동,2717010500,중리동,2717010500111360166,1,대지,1136,166,대구광역시 서구 중리동 1136-166,271704229346,대구광역시 서구 평리로35길,18,,2717010500111360166004336,,대구광역시 서구 평리로35길 18,703832,41843,,,,128.543687924815,35.8614410513269
MA010120220808884830,파라마운트,,G2,소매,G213,오락용품 소매,G21305,자전거 소매업,G47632,자전거 및 기타 운송장비 소매업,27,대구광역시,27260,수성구,27260610,중동,2726010800,중동,2726010800101350007,1,대지,135,7,대구광역시 수성구 중동 135-7,272603146008,대구광역시 수성구 들안로,151,,2726010800101350007010461,,대구광역시 수성구 들안로 151,706837,42151,,,,128.616420972882,35.8435157932531
MA010120220808877711,해피라이딩,,G2,소매,G213,오락용품 소매,G21305,자전거 소매업,G47632,자전거 및 기타 운송장비 소매업,27,대구광역시,27260,수성구,27260652,지산2동,2726011200,지산동,2726011200111880002,1,대지,1188,2,대구광역시 수성구 지산동 1188-2,272603146020,대구광역시 수성구 용학로,178,,2726011200111880002003931,삼천리자전거,대구광역시 수성구 용학로 178,706844,42218,,1,,128.628182638011,35.8222341679467
MA010120220808880265,동부,대리점,G2,소매,G213,오락용품 소매,G21305,자전거 소매업,G47632,자전거 및 기타 운송장비 소매업,27,대구광역시,27140,동구,27140685,해안동,2714011400,신평동,2714011400107850009,1,대지,785,9,대구광역시 동구 신평동 785-9,271403142010,대구광역시 동구 동촌로,330,,2714011400107840000033337,,대구광역시 동구 동촌로 330,701140,41166,,,,128.675371888595,35.8779154367685
MA010120220808896748,그린자전거,,G2,소매,G213,오락용품 소매,G21305,자전거 소매업,G47632,자전거 및 기타 운송장비 소매업,27,대구광역시,27140,동구,27140747,안심4동,2714012400,신서동,2714012400104930002,1,대지,493,2,대구광역시 동구 신서동 493-2,271403142014,대구광역시 동구 반야월로,394,,2714012400104930002024983,,대구광역시 동구 반야월로 394,701868,41084,,,,128.731824975701,35.8715907118717
MA010120220808898985,레드도트,,G2,소매,G213,오락용품 소매,G21305,자전거 소매업,G47632,자전거 및 기타 운송장비 소매업,27,대구광역시,27260,수성구,27260630,파동,2726011000,파동,2726011000106160004,1,대지,616,4,대구광역시 수성구 파동 616-4,272603146031,대구광역시 수성구 파동로,253,,2726011000106160004001767,,대구광역시 수성구 파동로 253,706847,42223,,1,,128.609574233605,35.8250981808848
MA010120220808897173,고바이크,,G2,소매,G213,오락용품 소매,G21305,자전거 소매업,G47632,자전거 및 기타 운송장비 소매업,27,대구광역시,27140,동구,27140520,신암2동,2714010100,신암동,2714010100112980069,1,대지,1298,69,대구광역시 동구 신암동 1298-69,271403141014,대구광역시 동구 신암로,58,,2714010100112980069030845,,대구광역시 동구 신암로 58,701817,41205,,,,128.607252672776,35.8772964730605
MA010120220808931199,금강자전거전문수리점,,G2,소매,G213,오락용품 소매,G21305,자전거 소매업,G47632,자전거 및 기타 운송장비 소매업,47,경상북도,47290,경산시,47290560,동부동,4729012600,사동,4729012600105630006,1,대지,563,6,경상북도 경산시 사동 563-6,472903313035,경상북도 경산시 백자로,139,,4729012600105630006012477,,경상북도 경산시 백자로 139,712190,38582,,,,128.759246715426,35.8173861241373
MA010120220808913584,챔프바이크,,G2,소매,G213,오락용품 소매,G21305,자전거 소매업,G47632,자전거 및 기타 운송장비 소매업,48,경상남도,48330,양산시,48330253,물금읍,4833025324,물금읍,4833025324128290007,1,대지,2829,7,경상남도 양산시 물금읍 범어리 2829-7,483304814950,경상남도 양산시 물금읍 신주3길,24,,4833025324128290007000001,챔프바이크,경상남도 양산시 물금읍 신주3길 24,626815,50648,,1,,129.015849603175,35.3375212876198
MA010120220808912275,신선자전거,백화점,G2,소매,G213,오락용품 소매,G21305,자전거 소매업,G47632,자전거 및 기타 운송장비 소매업,27,대구광역시,27260,수성구,27260670,고산1동,2726011800,신매동,2726011800102220000,1,대지,222,,대구광역시 수성구 신매동 222,272604238102,대구광역시 수성구 달구벌대로650길,3,,2726011800102220000026792,,대구광역시 수성구 달구벌대로650길 3,706170,42277,,,,128.711115900668,35.8378609470423
MA010120220808904577,안일자전거,,G2,소매,G213,오락용품 소매,G21305,자전거 소매업,G47632,자전거 및 기타 운송장비 소매업,27,대구광역시,27140,동구,27140720,안심1동,2714011800,율하동,2714011800101150004,1,대지,115,4,대구광역시 동구 율하동 115-4,271403142014,대구광역시 동구 반야월로,84,,2714011800101150004025106,,대구광역시 동구 반야월로 84,701836,41118,,,,128.697508408702,35.873378283732
MA010120220808912624,안심자전거점,,G2,소매,G213,오락용품 소매,G21305,자전거 소매업,G47632,자전거 및 기타 운송장비 소매업,27,대구광역시,27140,동구,27140720,안심1동,2714011700,신기동,2714011700105890001,1,대지,589,1,대구광역시 동구 신기동 589-1,271404226279,대구광역시 동구 율하동로24길,52,,2714011700105890001034296,,대구광역시 동구 율하동로24길 52,701809,41115,,,,128.707780401635,35.869132527698
MA010120220808963782,위엔조이,,G2,소매,G213,오락용품 소매,G21305,자전거 소매업,G47632,자전거 및 기타 운송장비 소매업,27,대구광역시,27290,달서구,27290572,용산2동,2729011100,용산동,2729011100105190014,1,대지,519,14,대구광역시 달서구 용산동 519-14,272903007027,대구광역시 달서구 새방로,31,,2729011100105190014002816,,대구광역시 달서구 새방로 31,704934,42606,,1,,128.521706880432,35.8616854798841
MA010120220808954713,세일상사,,G2,소매,G213,오락용품 소매,G21305,자전거 소매업,G47632,자전거 및 기타 운송장비 소매업,27,대구광역시,27290,달서구,27290585,신당동,2729012500,호산동,2729012500102940004,1,대지,294,4,대구광역시 달서구 호산동 294-4,272902007002,대구광역시 달서구 달구벌대로,1009,,2729012500102940004000001,,대구광역시 달서구 달구벌대로 1009,704919,42602,,,,128.477669431571,35.8533768801103
MA010120220808963864,삼천리자전거,,G2,소매,G213,오락용품 소매,G21305,자전거 소매업,G47632,자전거 및 기타 운송장비 소매업,27,대구광역시,27290,달서구,27290571,용산1동,2729011100,용산동,2729011100109540007,1,대지,954,7,대구광역시 달서구 용산동 954-7,272903147027,대구광역시 달서구 용산로,192,,2729011100109540007016695,,대구광역시 달서구 용산로 192,704937,42631,,,,128.530858566856,35.8545942679709
MA010120220808940835,성당스포츠,,G2,소매,G213,오락용품 소매,G21305,자전거 소매업,G47632,자전거 및 기타 운송장비 소매업,27,대구광역시,27290,달서구,27290515,성당동,2729010100,성당동,2729010100104100001,1,대지,410,1,대구광역시 달서구 성당동 410-1,272904241409,대구광역시 달서구 야외음악당로9길,69,,2729010100104100001027905,,대구광역시 달서구 야외음악당로9길 69,704916,42678,,,,128.548968739974,35.8409709913545
MA010120220808958334,장기코렉스자전거,,G2,소매,G213,오락용품 소매,G21305,자전거 소매업,G47632,자전거 및 기타 운송장비 소매업,27,대구광역시,27290,달서구,27290568,장기동,2729011000,장기동,2729011000105640001,1,대지,564,1,대구광역시 달서구 장기동 564-1,272903147036,대구광역시 달서구 장기로,264,,2729011000105640001006759,,대구광역시 달서구 장기로 264,704945,42687,,,,128.531580044248,35.8437622064695
MA010120220808944247,알톤자전거성서점,,G2,소매,G213,오락용품 소매,G21305,자전거 소매업,G47632,자전거 및 기타 운송장비 소매업,27,대구광역시,27290,달서구,27290585,신당동,2729010700,신당동,2729010700118400000,1,대지,1840,,대구광역시 달서구 신당동 1840,272903147013,대구광역시 달서구 서당로,15,1,2729010700118400000003256,,대구광역시 달서구 서당로 15-1,704922,42614,,,,128.495386760923,35.8531306088266
MA010120220808961640,달서윤업사,,G2,소매,G213,오락용품 소매,G21305,자전거 소매업,G47632,자전거 및 기타 운송장비 소매업,27,대구광역시,27200,남구,27200530,봉덕1동,2720010200,봉덕동,2720010200106940016,1,대지,694,16,대구광역시 남구 봉덕동 694-16,272003144007,대구광역시 남구 봉덕로,55,,2720010200106940016022849,,대구광역시 남구 봉덕로 55,705826,42429,,,,128.596708339512,35.8451221058816
MA010120220808967584,삼보윤업사,,G2,소매,G213,오락용품 소매,G21305,자전거 소매업,G47632,자전거 및 기타 운송장비 소매업,27,대구광역시,27170,서구,27170590,비산5동,2717010200,비산동,2717010200112300014,1,대지,1230,14,대구광역시 서구 비산동 1230-14,271703007024,대구광역시 서구 팔달로,128,,2717010200112300014024759,,대구광역시 서구 팔달로 128,703821,41714,,,,128.564060229392,35.8891851439633
MA010120220808984906,성남윤업사,,G2,소매,G213,오락용품 소매,G21305,자전거 소매업,G47632,자전거 및 기타 운송장비 소매업,27,대구광역시,27230,북구,27230790,노원동,2723010800,노원동2가,2723010800102750001,1,대지,275,1,대구광역시 북구 노원동2가 275-1,272303007024,대구광역시 북구 팔달로,223,,2723010800102750001045654,,대구광역시 북구 팔달로 223,702812,41558,,,,128.574658684071,35.8880914176703
MA010120220808968073,자전거여행,,G2,소매,G213,오락용품 소매,G21305,자전거 소매업,G47632,자전거 및 기타 운송장비 소매업,27,대구광역시,27290,달서구,27290555,감삼동,2729011300,감삼동,2729011300103370011,1,대지,337,11,대구광역시 달서구 감삼동 337-11,272903147036,대구광역시 달서구 장기로,200,,2729011300103370011019207,,대구광역시 달서구 장기로 200,704904,42658,,,,128.538617831874,35.8436903060651
MA010120220808942112,조이라이프,,G2,소매,G213,오락용품 소매,G21305,자전거 소매업,G47632,자전거 및 기타 운송장비 소매업,27,대구광역시,27290,달서구,27290585,신당동,2729010700,신당동,2729010700116950020,1,대지,1695,20,대구광역시 달서구 신당동 1695-20,272903147015,대구광역시 달서구 선원로,59,,2729010700116950020001630,,대구광역시 달서구 선원로 59,704919,42603,,,,128.498869757094,35.8593953069077
MA010120220808945267,INSPEED,,G2,소매,G213,오락용품 소매,G21305,자전거 소매업,G47632,자전거 및 기타 운송장비 소매업,27,대구광역시,27200,남구,27200590,대명4동,2720010300,대명동,2720010300130540023,1,대지,3054,23,대구광역시 남구 대명동 3054-23,272003007011,대구광역시 남구 성당로,90,1,2720010300130540023002677,,대구광역시 남구 성당로 90-1,705825,42471,,2,,128.563904274667,35.8446344352527
MA010120220808948471,동화윤업사,,G2,소매,G213,오락용품 소매,G21305,자전거 소매업,G47632,자전거 및 기타 운송장비 소매업,27,대구광역시,27290,달서구,27290515,성당동,2729010100,성당동,2729010100103800010,1,대지,380,10,대구광역시 달서구 성당동 380-10,272903147026,대구광역시 달서구 야외음악당로,34,,2729010100103800010027409,,대구광역시 달서구 야외음악당로 34,704915,42679,,,,128.553026317538,35.8401886774132
MA010120220808976619,대광윤업사,,G2,소매,G213,오락용품 소매,G21305,자전거 소매업,G47632,자전거 및 기타 운송장비 소매업,27,대구광역시,27170,서구,27170565,비산2.3동,2717010200,비산동,2717010200103910013,1,대지,391,13,대구광역시 서구 비산동 391-13,271703143002,대구광역시 서구 달서로,120,1,2717010200103910013008761,,대구광역시 서구 달서로 120-1,703812,41799,,,,128.571347761746,35.8729685231403
MA010120220808965795,오거리윤업사,,G2,소매,G213,오락용품 소매,G21305,자전거 소매업,G47632,자전거 및 기타 운송장비 소매업,27,대구광역시,27170,서구,27170695,원대동,2717010900,원대동3가,2717010900113240004,1,대지,1324,4,대구광역시 서구 원대동3가 1324-4,271703143002,대구광역시 서구 달서로,286,1,2717010900113240004023054,,대구광역시 서구 달서로 286-1,703851,41727,,,,128.575610806534,35.8869615108537
MA010120220808968845,더마니타바이크,,G2,소매,G213,오락용품 소매,G21305,자전거 소매업,G47632,자전거 및 기타 운송장비 소매업,27,대구광역시,27290,달서구,27290515,성당동,2729010100,성당동,2729010100108240057,1,대지,824,57,대구광역시 달서구 성당동 824-57,272903147004,대구광역시 달서구 대명천로,95,,2729010100108240057028026,,대구광역시 달서구 대명천로 95,704917,42681,,,,128.549321834481,35.8392091895724
MA010120220808982385,영신자전거,,G2,소매,G213,오락용품 소매,G21305,자전거 소매업,G47632,자전거 및 기타 운송장비 소매업,47,경상북도,47830,고령군,47830253,대가야읍,4783025321,대가야읍,4783025321105390002,1,대지,539,2,경상북도 고령군 대가야읍 쾌빈리 539-2,478304760173,경상북도 고령군 대가야읍 시장길,26,,4783025021105390002025665,,경상북도 고령군 대가야읍 시장길 26,717804,40137,,,,128.26778941439,35.7278685328066
MA010120220808966070,미니모터스,,G2,소매,G213,오락용품 소매,G21305,자전거 소매업,G47632,자전거 및 기타 운송장비 소매업,27,대구광역시,27290,달서구,27290555,감삼동,2729011300,감삼동,2729011300101070024,1,대지,107,24,대구광역시 달서구 감삼동 107-24,272903143012,대구광역시 달서구 당산로,171,,2729011300101070024021187,,대구광역시 달서구 당산로 171,704953,42644,,1,,128.548321997352,35.8521085621795
MA010120220808966086,삼형윤업사,,G2,소매,G213,오락용품 소매,G21305,자전거 소매업,G47632,자전거 및 기타 운송장비 소매업,27,대구광역시,27170,서구,27170590,비산5동,2717010200,비산동,2717010200110320001,1,대지,1032,1,대구광역시 서구 비산동 1032-1,271703007016,대구광역시 서구 고성로,16,,2717010200110320001023402,,대구광역시 서구 고성로 16,703821,41718,,,,128.569831712683,35.8875959089797
MA010120220808992807,삼천리윤업사,,G2,소매,G213,오락용품 소매,G21305,자전거 소매업,G47632,자전거 및 기타 운송장비 소매업,27,대구광역시,27290,달서구,27290577,이곡2동,2729010800,이곡동,2729010800113100012,1,대지,1310,12,대구광역시 달서구 이곡동 1310-12,272903147015,대구광역시 달서구 선원로,113,1,2729010800113100012002580,,대구광역시 달서구 선원로 113-1,704941,42604,,1,,128.504934406524,35.8593014572599
MA010120220808986137,우진산업,,G2,소매,G213,오락용품 소매,G21305,자전거 소매업,G47632,자전거 및 기타 운송장비 소매업,47,경상북도,47290,경산시,47290253,진량읍,4729025345,진량읍,4729025345100480003,1,대지,48,3,경상북도 경산시 진량읍 가야리 48-3,472903313054,경상북도 경산시 진량읍 일연로,479,,4729025345100480003024240,,경상북도 경산시 진량읍 일연로 479,712831,38496,,,,128.804509137424,35.8516062210164
MA010120220809025769,킹사이클,,G2,소매,G213,오락용품 소매,G21305,자전거 소매업,G47632,자전거 및 기타 운송장비 소매업,27,대구광역시,27230,북구,27230735,태전2동,2723012600,태전동,2723012600111710000,1,대지,1171,,대구광역시 북구 태전동 1171,272303145026,대구광역시 북구 매전로,46,26,2723012600108810090000005,태전동,대구광역시 북구 매전로 46-26,702866,41471,,1,,128.5472802776,35.9089663995456
MA010120220809017068,인동자전차점,,G2,소매,G213,오락용품 소매,G21305,자전거 소매업,G47632,자전거 및 기타 운송장비 소매업,27,대구광역시,27230,북구,27230510,고성동,2723010400,고성동2가,2723010400101170008,1,대지,117,8,대구광역시 북구 고성동2가 117-8,272303007022,대구광역시 북구 원대로,34,,2723010400101170008020514,,대구광역시 북구 원대로 34,702072,41596,,,,128.581156392799,35.8801570805516
MA010120220809020194,휠바이크,,G2,소매,G213,오락용품 소매,G21305,자전거 소매업,G47632,자전거 및 기타 운송장비 소매업,27,대구광역시,27290,달서구,27290555,감삼동,2729011300,감삼동,2729011300101090008,1,대지,109,8,대구광역시 달서구 감삼동 109-8,272903143012,대구광역시 달서구 당산로,155,,2729011300101090008021142,,대구광역시 달서구 당산로 155,704953,42644,,1,,128.547557619529,35.8509379023752
MA010120220808996083,삼천리자전거각산점,,G2,소매,G213,오락용품 소매,G21305,자전거 소매업,G47632,자전거 및 기타 운송장비 소매업,27,대구광역시,27140,동구,27140742,안심3동,2714011600,동호동,2714011600103640000,1,대지,364,,대구광역시 동구 동호동 364,271403142029,대구광역시 동구 안심로,346,,2714011600103640000033258,,대구광역시 동구 안심로 346,701849,41086,,,,128.722428803376,35.8671481254113
MA010120220809036128,오성윤업사,,G2,소매,G213,오락용품 소매,G21305,자전거 소매업,G47632,자전거 및 기타 운송장비 소매업,27,대구광역시,27230,북구,27230695,무태조야동,2723011500,서변동,2723011500109740004,1,대지,974,4,대구광역시 북구 서변동 974-4,272304235238,대구광역시 북구 서변로3길,73,,2723011500109740004000001,상가,대구광역시 북구 서변로3길 73,702892,41477,,1,,128.595740084091,35.9226691363837
MA010120220809017945,알리스MTB,,G2,소매,G213,오락용품 소매,G21305,자전거 소매업,G47632,자전거 및 기타 운송장비 소매업,47,경상북도,47190,구미시,47190670,인동동,4719012200,인의동,4719012200110050007,1,대지,1005,7,경상북도 구미시 인의동 1005-7,471904724776,경상북도 구미시 인동북길,141,,4719012000100200005007757,,경상북도 구미시 인동북길 141,730320,39440,,,,128.430676526161,36.0958052925914
MA010120220809027404,알톤자전거,대구점,G2,소매,G213,오락용품 소매,G21305,자전거 소매업,G47632,자전거 및 기타 운송장비 소매업,27,대구광역시,27290,달서구,27290571,용산1동,2729011100,용산동,2729011100109540003,1,대지,954,3,대구광역시 달서구 용산동 954-3,272903147027,대구광역시 달서구 용산로,198,,2729011100109540003016700,우측상가,대구광역시 달서구 용산로 198,704937,42631,,1,,128.530847347187,35.8551621378239
MA010120220809029932,일광자전거,대리점,G2,소매,G213,오락용품 소매,G21305,자전거 소매업,G47632,자전거 및 기타 운송장비 소매업,27,대구광역시,27230,북구,27230672,복현2동,2723011200,복현동,2723011200103610006,1,대지,361,6,대구광역시 북구 복현동 361-6,272303145028,대구광역시 북구 복현로,16,,2723011200103610006030597,,대구광역시 북구 복현로 16,702830,41530,,,,128.623417311328,35.893515786287
MA010120220809022475,삼천리자전거산격,대리점,G2,소매,G213,오락용품 소매,G21305,자전거 소매업,G47632,자전거 및 기타 운송장비 소매업,27,대구광역시,27230,북구,27230620,산격2동,2723011100,산격동,2723011100104950030,1,대지,495,30,대구광역시 북구 산격동 495-30,272303007005,대구광역시 북구 동북로,191,,2723011100104950030027600,,대구광역시 북구 동북로 191,702835,41520,,,,128.613473702337,35.8984979320165
MA010120220808994988,대성윤업사,,G2,소매,G213,오락용품 소매,G21305,자전거 소매업,G47632,자전거 및 기타 운송장비 소매업,27,대구광역시,27290,달서구,27290563,죽전동,2729011200,죽전동,2729011200104100000,1,대지,410,,대구광역시 달서구 죽전동 410,272904241064,대구광역시 달서구 달구벌대로305길,32,,2729011200104100000017124,,대구광역시 달서구 달구벌대로305길 32,704932,42633,,,,128.533862594399,35.8513658646653
MA010120220809012398,하나MTB,,G2,소매,G213,오락용품 소매,G21305,자전거 소매업,G47632,자전거 및 기타 운송장비 소매업,27,대구광역시,27230,북구,27230770,읍내동,2723011800,읍내동,2723011800107810005,1,대지,781,5,대구광역시 북구 읍내동 781-5,272302145001,대구광역시 북구 칠곡중앙대로,529,,2723011800107810005042061,,대구광역시 북구 칠곡중앙대로 529,702848,41442,,1,,128.550469816577,35.9429793769665
MA010120220809025350,가야스레져스포츠,,G2,소매,G213,오락용품 소매,G21305,자전거 소매업,G47632,자전거 및 기타 운송장비 소매업,27,대구광역시,27140,동구,27140590,효목1동,2714010300,효목동,2714010300100840005,1,대지,84,5,대구광역시 동구 효목동 84-5,271403142043,대구광역시 동구 효동로,123,,2714010300100840005021476,,대구광역시 동구 효동로 123,701840,41169,,,,128.640989621369,35.8869239223627
MA010120220809035088,읍내윤업사,,G2,소매,G213,오락용품 소매,G21305,자전거 소매업,G47632,자전거 및 기타 운송장비 소매업,27,대구광역시,27230,북구,27230770,읍내동,2723011800,읍내동,2723011800108120004,1,대지,812,4,대구광역시 북구 읍내동 812-4,272303145024,대구광역시 북구 동암로,13,,2723011800108120004027747,,대구광역시 북구 동암로 13,702847,41402,,,,128.552978256222,35.9471462463639
MA010120220805728648,바이크랜드,,G2,소매,G213,오락용품 소매,G21305,자전거 소매업,G47632,자전거 및 기타 운송장비 소매업,43,충청북도,43150,제천시,43150528,중앙동,4315010100,의림동,4315010100100360002,1,대지,36,2,충청북도 제천시 의림동 36-2,431503239018,충청북도 제천시 명륜로,84,,4315010100100360002032043,,충청북도 제천시 명륜로 84,390030,27169,,1,,128.210051348402,37.1414729226223
MA010120220805756510,삼천리자전거대흥,대리점,G2,소매,G213,오락용품 소매,G21305,자전거 소매업,G47632,자전거 및 기타 운송장비 소매업,30,대전광역시,30140,중구,30140575,대흥동,3014010500,대흥동,3014010500100950017,1,대지,95,17,대전광역시 중구 대흥동 95-17,301403010006,대전광역시 중구 대흥로,171,,3014010500100950017005158,현입빌딩,대전광역시 중구 대흥로 171,301802,34927,,1,,127.430761721133,36.325383568171
MA010120220805746342,계백상사,,G2,소매,G213,오락용품 소매,G21305,자전거 소매업,G47632,자전거 및 기타 운송장비 소매업,30,대전광역시,30200,유성구,30200610,원신흥동,3020011400,원신흥동,3020011400105410008,1,대지,541,8,대전광역시 유성구 원신흥동 541-8,302004301517,대전광역시 유성구 원신흥남로42번길,5,15,3020011400105410008000001,선광,대전광역시 유성구 원신흥남로42번길 5-15,305315,34195,,,,127.338387044471,36.3368463860184
MA010120220805750631,삼천리자전거,,G2,소매,G213,오락용품 소매,G21305,자전거 소매업,G47632,자전거 및 기타 운송장비 소매업,30,대전광역시,30140,중구,30140720,문화1동,3014011600,문화동,3014011600102840007,1,대지,284,7,대전광역시 중구 문화동 284-7,301403165047,대전광역시 중구 문화로,194,,3014011600102840007027768,,대전광역시 중구 문화로 194,301811,34998,,1,,127.406584662197,36.3148343452649
MA010120220805750843,영바이크,,G2,소매,G213,오락용품 소매,G21305,자전거 소매업,G47632,자전거 및 기타 운송장비 소매업,30,대전광역시,30110,동구,30110695,삼성동,3011011800,삼성동,3011011800101130007,1,대지,113,7,대전광역시 동구 삼성동 113-7,301103010014,대전광역시 동구 우암로,92,,3011011800101130007016709,,대전광역시 동구 우암로 92,300812,34623,,,,127.428667673785,36.3375209280821
MA010120220805757776,중앙윤업사,,G2,소매,G213,오락용품 소매,G21305,자전거 소매업,G47632,자전거 및 기타 운송장비 소매업,30,대전광역시,30140,중구,30140690,태평2동,3014011400,태평동,3014011400103770031,1,대지,377,31,대전광역시 중구 태평동 377-31,301402010003,대전광역시 중구 동서대로,1207,,3014011400103770031001132,,대전광역시 중구 동서대로 1207,301845,34880,,,,127.394270753736,36.3262304483802
MA010120220805758552,삼천리자전거,,G2,소매,G213,오락용품 소매,G21305,자전거 소매업,G47632,자전거 및 기타 운송장비 소매업,30,대전광역시,30140,중구,30140700,유천1동,3014011500,유천동,3014011500102850022,1,대지,285,22,대전광역시 중구 유천동 285-22,301403165047,대전광역시 중구 문화로,67,,3014011500102850022009666,,대전광역시 중구 문화로 67,301837,34982,,,,127.393204758114,36.3113374659534
MA010120220805758564,알톤자전거유천,대리점,G2,소매,G213,오락용품 소매,G21305,자전거 소매업,G47632,자전거 및 기타 운송장비 소매업,30,대전광역시,30140,중구,30140700,유천1동,3014011500,유천동,3014011500103050043,1,대지,305,43,대전광역시 중구 유천동 305-43,301403000095,대전광역시 중구 계백로,1582,1,3014011500103050043028195,,대전광역시 중구 계백로 1582-1,301837,34974,,1,,127.395909825051,36.3178080211738
MA010120220805738838,영남자전차점,,G2,소매,G213,오락용품 소매,G21305,자전거 소매업,G47632,자전거 및 기타 운송장비 소매업,30,대전광역시,30140,중구,30140535,은행선화동,3014010100,은행동,3014010100100010005,1,대지,1,5,대전광역시 중구 은행동 1-5,301403010011,대전광역시 중구 선화로,166,,3014010100100010005019297,,대전광역시 중구 선화로 166,301838,34832,,,,127.424885734468,36.3323166253588
MA010120220805745007,자이언트대전,,G2,소매,G213,오락용품 소매,G21305,자전거 소매업,G47632,자전거 및 기타 운송장비 소매업,30,대전광역시,30200,유성구,30200546,노은1동,3020011900,노은동,3020011900105500008,1,대지,550,8,대전광역시 유성구 노은동 550-8,302004301070,대전광역시 유성구 노은동로75번길,64,,3020011900105500008010138,,대전광역시 유성구 노은동로75번길 64,305325,34091,,,,127.319955553031,36.3674380202486
MA010120220805782101,삼천리자전거효동점,,G2,소매,G213,오락용품 소매,G21305,자전거 소매업,G47632,자전거 및 기타 운송장비 소매업,30,대전광역시,30110,동구,30110530,효동,3011010300,효동,3011010300102580004,1,대지,258,4,대전광역시 동구 효동 258-4,301103010002,대전광역시 동구 대전로,623,,3011010300102580004031859,,대전광역시 동구 대전로 623,300030,34634,,,,127.439820069477,36.3162126411506
MA010120220805785731,대건상사,,G2,소매,G213,오락용품 소매,G21305,자전거 소매업,G47632,자전거 및 기타 운송장비 소매업,30,대전광역시,30200,유성구,30200526,학하동,3020010600,계산동,3020010600108030007,1,대지,803,7,대전광역시 유성구 계산동 803-7,302003342041,대전광역시 유성구 학하중앙로,112,,3020010500106520052000001,,대전광역시 유성구 학하중앙로 112,305360,34209,,1,,127.304768560352,36.3418843147347
MA010120220805793803,미래통신자전거컴퓨터악기,,G2,소매,G213,오락용품 소매,G21305,자전거 소매업,G47632,자전거 및 기타 운송장비 소매업,30,대전광역시,30230,대덕구,30230546,중리동,3023010900,중리동,3023010900103850023,1,대지,385,23,대전광역시 대덕구 중리동 385-23,302304304442,대전광역시 대덕구 중리로44번길,7,3,3023010900103850023012971,서측상가,대전광역시 대덕구 중리로44번길 7-3,306827,34390,,1,,127.425542823758,36.3630172814401
MA010120220805796336,수리바이크,,G2,소매,G213,오락용품 소매,G21305,자전거 소매업,G47632,자전거 및 기타 운송장비 소매업,30,대전광역시,30140,중구,30140740,산성동,3014011700,산성동,3014011700102860029,1,대지,286,29,대전광역시 중구 산성동 286-29,301403000093,대전광역시 중구 대둔산로,422,,3014011700102860029005439,,대전광역시 중구 대둔산로 422,301819,35012,,1,,127.387191790696,36.3067971164972
MA010120220805768405,삼천리자전거중리，,법동점,G2,소매,G213,오락용품 소매,G21305,자전거 소매업,G47632,자전거 및 기타 운송장비 소매업,30,대전광역시,30230,대덕구,30230546,중리동,3023010900,중리동,3023010900101320002,1,대지,132,2,대전광역시 대덕구 중리동 132-2,302303168030,대전광역시 대덕구 중리북로,5,,3023010900101320002008151,,대전광역시 대덕구 중리북로 5,306825,34389,,,,127.429431301273,36.3670496272046
MA010120220805773047,케어메디칼,,G2,소매,G213,오락용품 소매,G21305,자전거 소매업,G47632,자전거 및 기타 운송장비 소매업,43,충청북도,43112,청주시 서원구,43112310,남이면,4311231037,남이면,4311231037100950000,1,대지,95,,충청북도 청주시 서원구 남이면 양촌리 95,431124520445,충청북도 청주시 서원구 남이면 양촌3길,64,,4311231037100950000000001,,충청북도 청주시 서원구 남이면 양촌3길 64,362811,28805,,,,127.471359237106,36.5878091497482
MA010120220805761585,형제자전차,,G2,소매,G213,오락용품 소매,G21305,자전거 소매업,G47632,자전거 및 기타 운송장비 소매업,30,대전광역시,30140,중구,30140740,산성동,3014011800,사정동,3014011800103560005,1,대지,356,5,대전광역시 중구 사정동 356-5,301403000093,대전광역시 중구 대둔산로,347,,3014011800103560005017339,,대전광역시 중구 대둔산로 347,301819,35081,,,,127.385323297511,36.3004227858847
MA010120220805791988,푸른MTB,,G2,소매,G213,오락용품 소매,G21305,자전거 소매업,G47632,자전거 및 기타 운송장비 소매업,30,대전광역시,30140,중구,30140700,유천1동,3014011500,유천동,3014011500103220011,1,대지,322,11,대전광역시 중구 유천동 322-11,301403165041,대전광역시 중구 태평로,48,,3014011500103220011010311,,대전광역시 중구 태평로 48,301835,34887,,,,127.393231278179,36.3210520958417
MA010120220805792227,신비바이크,,G2,소매,G213,오락용품 소매,G21305,자전거 소매업,G47632,자전거 및 기타 운송장비 소매업,52,전북특별자치도,52730,무주군,52730250,무주읍,5273025022,무주읍,5273025022112390008,1,대지,1239,8,전북특별자치도 무주군 무주읍 당산리 1239-8,527303275012,전북특별자치도 무주군 무주읍 당산강변로,182,,4573025022112390008000001,,전북특별자치도 무주군 무주읍 당산강변로 182,568802,55515,,,,127.660997439913,36.0044905210306
MA010120220805771383,CN바이크,,G2,소매,G213,오락용품 소매,G21305,자전거 소매업,G47632,자전거 및 기타 운송장비 소매업,30,대전광역시,30110,동구,30110530,효동,3011010500,가오동,3011010500102360022,1,대지,236,22,대전광역시 동구 가오동 236-22,301103010002,대전광역시 동구 대전로,437,,3011010500102360022033304,,대전광역시 동구 대전로 437,300030,34693,,,,127.452607191684,36.3052786743604
MA010120220805835243,빈스포츠,,G2,소매,G213,오락용품 소매,G21305,자전거 소매업,G47632,자전거 및 기타 운송장비 소매업,41,경기도,41610,광주시,41610590,오포2동,4161012000,양벌동,4161012000105380017,1,대지,538,17,경기도 광주시 양벌동 538-17,416103211017,경기도 광주시 양벌로,287,2,4161025027105380017037005,,경기도 광주시 양벌로 287-2,464926,12797,,,,127.248434134638,37.3732353479528
MA010120220805845207,계룡윤업사,,G2,소매,G213,오락용품 소매,G21305,자전거 소매업,G47632,자전거 및 기타 운송장비 소매업,30,대전광역시,30110,동구,30110552,판암2동,3011010700,판암동,3011010700104890005,1,대지,489,5,대전광역시 동구 판암동 489-5,301103010007,대전광역시 동구 동부로,3,,3011010700104890005031338,,대전광역시 동구 동부로 3,300833,34672,,1,,127.456251500956,36.317349622063
MA010120220805800948,대영자전거,,G2,소매,G213,오락용품 소매,G21305,자전거 소매업,G47632,자전거 및 기타 운송장비 소매업,44,충청남도,44710,금산군,44710250,금산읍,4471025022,금산읍,4471025022104750000,1,대지,475,,충청남도 금산군 금산읍 중도리 475,447104571023,충청남도 금산군 금산읍 건삼전길,32,,4471025022104750000019409,,충청남도 금산군 금산읍 건삼전길 32,312806,32740,,,,127.491303585909,36.1016365322266
MA010120220805801265,새마을자전차,,G2,소매,G213,오락용품 소매,G21305,자전거 소매업,G47632,자전거 및 기타 운송장비 소매업,44,충청남도,44710,금산군,44710250,금산읍,4471025023,금산읍,4471025023103650007,1,대지,365,7,충청남도 금산군 금산읍 하옥리 365-7,447104571259,충청남도 금산군 금산읍 비선길,22,,4471025023103650007000001,,충청남도 금산군 금산읍 비선길 22,312804,32747,,,,127.489655825781,36.100958358892
MA010120220805850439,삼천리자전거,,G2,소매,G213,오락용품 소매,G21305,자전거 소매업,G47632,자전거 및 기타 운송장비 소매업,30,대전광역시,30110,동구,30110670,홍도동,3011011700,홍도동,3011011700101710008,1,대지,171,8,대전광역시 동구 홍도동 171-8,301103010013,대전광역시 동구 옛신탄진로,58,,3011011700101710008008576,,대전광역시 동구 옛신탄진로 58,300836,34561,,,,127.42326488702,36.3456417467002
MA010120220805853321,삼천리자전거,대리점,G2,소매,G213,오락용품 소매,G21305,자전거 소매업,G47632,자전거 및 기타 운송장비 소매업,30,대전광역시,30230,대덕구,30230580,목상동,3023011200,목상동,3023011200101480007,1,대지,148,7,대전광역시 대덕구 목상동 148-7,302304304048,대전광역시 대덕구 대덕대로1458번길,3,16,3023011200101480007004077,,대전광역시 대덕구 대덕대로1458번길 3-16,306210,34323,,,,127.411530534349,36.4484337853187
MA010120220805871015,대영자전차점,,G2,소매,G213,오락용품 소매,G21305,자전거 소매업,G47632,자전거 및 기타 운송장비 소매업,44,충청남도,44150,공주시,44150310,이인면,4415031021,이인면,4415031021102240001,1,대지,224,1,충청남도 공주시 이인면 이인리 224-1,441504553983,충청남도 공주시 이인면 은행길,4,,4415031021102240001005940,,충청남도 공주시 이인면 은행길 4,314841,32607,,,,127.064236404526,36.364794177959
MA010120220805847828,동일자전차,,G2,소매,G213,오락용품 소매,G21305,자전거 소매업,G47632,자전거 및 기타 운송장비 소매업,30,대전광역시,30110,동구,30110585,대동,3011011000,대동,3011011000100640015,1,대지,64,15,대전광역시 동구 대동 64-15,301103164009,대전광역시 동구 동대전로,100,,3011011000100640015022493,,대전광역시 동구 동대전로 100,300808,34648,,,,127.444314940217,36.3312276477658
MA010120220805850800,진주상사,,G2,소매,G213,오락용품 소매,G21305,자전거 소매업,G47632,자전거 및 기타 운송장비 소매업,30,대전광역시,30110,동구,30110695,삼성동,3011011800,삼성동,3011011800103610002,1,대지,361,2,대전광역시 동구 삼성동 361-2,301103164027,대전광역시 동구 태전로,145,,3011011800103610002013376,,대전광역시 동구 태전로 145,300816,34566,,,,127.420776791437,36.3407661664661
MA010120220805851166,중앙자전거,,G2,소매,G213,오락용품 소매,G21305,자전거 소매업,G47632,자전거 및 기타 운송장비 소매업,30,대전광역시,30230,대덕구,30230510,오정동,3023010100,오정동,3023010100100640015,1,대지,64,15,대전광역시 대덕구 오정동 64-15,302302010004,대전광역시 대덕구 한밭대로,1051,,3023010100100640015015536,,대전광역시 대덕구 한밭대로 1051,306817,34379,,,,127.415214373524,36.3588811936855
MA010120220805868219,태극상회,,G2,소매,G213,오락용품 소매,G21305,자전거 소매업,G47632,자전거 및 기타 운송장비 소매업,44,충청남도,44150,공주시,44150540,웅진동,4415010500,산성동,4415010500101160001,1,대지,116,1,충청남도 공주시 산성동 116-1,441503251013,충청남도 공주시 무령로,235,,4415010500101160001752467,,충청남도 공주시 무령로 235,314020,32555,,1,,127.125946687658,36.4565924285501
MA010120220805859687,삼천리자전거,테크노밸리점,G2,소매,G213,오락용품 소매,G21305,자전거 소매업,G47632,자전거 및 기타 운송장비 소매업,30,대전광역시,30200,유성구,30200600,관평동,3020014600,관평동,3020014600110920000,1,대지,1092,,대전광역시 유성구 관평동 1092,302004301039,대전광역시 유성구 관들2길,48,,3020014600110920000001765,,대전광역시 유성구 관들2길 48,305509,34018,,,,127.392002407227,36.4246637862039
MA010120220805869921,삼천리자전거,조치원점,G2,소매,G213,오락용품 소매,G21305,자전거 소매업,G47632,자전거 및 기타 운송장비 소매업,36,세종특별자치시,36110,세종특별자치시,36110250,조치원읍,3611025027,조치원읍,3611025027103600000,1,대지,360,,세종특별자치시 세종특별자치시 조치원읍 남리 360,361104574267,세종특별자치시 세종특별자치시 조치원읍 새내2길,42,,4473025027103600000038455,,세종특별자치시 세종특별자치시 조치원읍 새내2길 42,339802,30035,,,,127.301331068113,36.5967318532659
MA010120220805848774,스마트자전거,,G2,소매,G213,오락용품 소매,G21305,자전거 소매업,G47632,자전거 및 기타 운송장비 소매업,30,대전광역시,30110,동구,30110620,가양1동,3011011400,가양동,3011011400105390005,1,대지,539,5,대전광역시 동구 가양동 539-5,301103010014,대전광역시 동구 우암로,197,1,3011011400105390007011944,,대전광역시 동구 우암로 197-1,300806,34588,,,,127.438931607996,36.3424491444434
MA010120220805854513,수엠티비,,G2,소매,G213,오락용품 소매,G21305,자전거 소매업,G47632,자전거 및 기타 운송장비 소매업,41,경기도,41281,고양시 덕양구,41281630,행주동,4128112000,토당동,4128112000103730072,1,대지,373,72,경기도 고양시 덕양구 토당동 373-72,412813192061,경기도 고양시 덕양구 지도로,69,,4128112000103730072011976,,경기도 고양시 덕양구 지도로 69,412818,10508,,1,,126.824342720505,37.6233136986792
MA010120220805868504,삼천리자전거청양,대리점,G2,소매,G213,오락용품 소매,G21305,자전거 소매업,G47632,자전거 및 기타 운송장비 소매업,44,충청남도,44790,청양군,44790250,청양읍,4479025021,청양읍,4479025021101750020,1,대지,175,20,충청남도 청양군 청양읍 읍내리 175-20,447903261022,충청남도 청양군 청양읍 중앙로,118,,4479025021101750020009925,,충청남도 청양군 청양읍 중앙로 118,345804,33333,,,,126.803019875212,36.4500710427659
MA010120220805860499,원사이클,,G2,소매,G213,오락용품 소매,G21305,자전거 소매업,G47632,자전거 및 기타 운송장비 소매업,27,대구광역시,27260,수성구,27260550,만촌1동,2726010200,만촌동,2726010200106850008,1,대지,685,8,대구광역시 수성구 만촌동 685-8,272603007001,대구광역시 수성구 국채보상로,1079,,2726010200106850008029497,,대구광역시 수성구 국채보상로 1079,706805,42047,,1,,128.647143577804,35.8691323722662
MA010120220805873646,유구자전차,,G2,소매,G213,오락용품 소매,G21305,자전거 소매업,G47632,자전거 및 기타 운송장비 소매업,44,충청남도,44150,공주시,44150250,유구읍,4415025023,유구읍,4415025023102450004,1,대지,245,4,충청남도 공주시 유구읍 석남리 245-4,441504554108,충청남도 공주시 유구읍 중앙1길,116,,4415025023102450004001150,,충청남도 공주시 유구읍 중앙1길 116,314896,32506,,1,,126.951277654495,36.5549922292599
MA010120220805885760,세종바이크삼천리자전거세종아름점,,G2,소매,G213,오락용품 소매,G21305,자전거 소매업,G47632,자전거 및 기타 운송장비 소매업,36,세종특별자치시,36110,세종특별자치시,36110530,아름동,3611011300,아름동,3611011300112880000,1,대지,1288,,세종특별자치시 세종특별자치시 아름동 1288,361103258090,세종특별자치시 세종특별자치시 보듬3로,104,11,3611011300100890000000001,행복프라자,세종특별자치시 세종특별자치시 보듬3로 104-11,339011,30100,,1,,127.248847380728,36.5123163393616
MA010120220805864760,오투휠스,,G2,소매,G213,오락용품 소매,G21305,자전거 소매업,G47632,자전거 및 기타 운송장비 소매업,41,경기도,41480,파주시,41480540,교하동,4148011500,문발동,4148011500100750009,1,대지,75,9,경기도 파주시 문발동 75-9,414803206006,경기도 파주시 교하로,891,15,4148011500100750009000001,,경기도 파주시 교하로 891-15,413070,10880,,,,126.702688465142,37.7274029333795
MA010120220805870937,김성호바이크,,G2,소매,G213,오락용품 소매,G21305,자전거 소매업,G47632,자전거 및 기타 운송장비 소매업,36,세종특별자치시,36110,세종특별자치시,36110250,조치원읍,3611025028,조치원읍,3611025028102770006,1,대지,277,6,세종특별자치시 세종특별자치시 조치원읍 침산리 277-6,361104574163,세종특별자치시 세종특별자치시 조치원읍 문화길,27,,4473025028102770006038342,,세종특별자치시 세종특별자치시 조치원읍 문화길 27,339887,30020,,1,,127.28953809677,36.6020147308847
MA010120220807230652,삼천리자건거,,G2,소매,G213,오락용품 소매,G21305,자전거 소매업,G47632,자전거 및 기타 운송장비 소매업,52,전북특별자치도,52111,전주시 완산구,52111692,평화2동,5211113300,평화동2가,5211113300103120006,1,대지,312,6,전북특별자치도 전주시 완산구 평화동2가 312-6,521113266089,전북특별자치도 전주시 완산구 모악로,4683,,4511113300103120006033614,우미,전북특별자치도 전주시 완산구 모악로 4683,560790,55135,,1,,127.130026285741,35.7876614902474
MA010120220807238692,알톤자전거,,G2,소매,G213,오락용품 소매,G21305,자전거 소매업,G47632,자전거 및 기타 운송장비 소매업,52,전북특별자치도,52111,전주시 완산구,52111702,삼천2동,5211113700,삼천동1가,5211113700103060008,1,대지,306,8,전북특별자치도 전주시 완산구 삼천동1가 306-8,521113266063,전북특별자치도 전주시 완산구 장승배기로,48,,4511113700103060008025215,삼천동두일하나,전북특별자치도 전주시 완산구 장승배기로 48,560811,55132,,1,,127.118484469592,35.7918642978153
MA010120220807250969,삼천리자전거남부점,,G2,소매,G213,오락용품 소매,G21305,자전거 소매업,G47632,자전거 및 기타 운송장비 소매업,52,전북특별자치도,52111,전주시 완산구,52111660,서서학동,5211112600,서서학동,5211112600102090005,1,대지,209,5,전북특별자치도 전주시 완산구 서서학동 209-5,521113266067,전북특별자치도 전주시 완산구 전주천서로,107,,4511112600102090005029168,,전북특별자치도 전주시 완산구 전주천서로 107,560815,55099,,,,127.149469867994,35.8100713313492
MA010120220807251396,더바이킹,,G2,소매,G213,오락용품 소매,G21305,자전거 소매업,G47632,자전거 및 기타 운송장비 소매업,52,전북특별자치도,52111,전주시 완산구,52111701,삼천1동,5211113700,삼천동1가,5211113700107480005,1,대지,748,5,전북특별자치도 전주시 완산구 삼천동1가 748-5,521113266048,전북특별자치도 전주시 완산구 안행로,24,,4511113700107480005026555,,전북특별자치도 전주시 완산구 안행로 24,560810,55104,,,,127.130876633793,35.8003143145446
MA010120220807244700,삼천리자전거지삼,대리점,G2,소매,G213,오락용품 소매,G21305,자전거 소매업,G47632,자전거 및 기타 운송장비 소매업,52,전북특별자치도,52113,전주시 덕진구,52113641,송천1동,5211312200,송천동2가,5211312200101890002,1,대지,189,2,전북특별자치도 전주시 덕진구 송천동2가 189-2,521133267065,전북특별자치도 전주시 덕진구 천마산로,27,,4511312200101890002017160,송천현대1차,전북특별자치도 전주시 덕진구 천마산로 27,561820,54829,,,,127.12454838664,35.8639588891288
MA010120220807246474,전주스포츠,,G2,소매,G213,오락용품 소매,G21305,자전거 소매업,G47632,자전거 및 기타 운송장비 소매업,52,전북특별자치도,52111,전주시 완산구,52111692,평화2동,5211113200,평화동1가,5211113200105520002,1,대지,552,2,전북특별자치도 전주시 완산구 평화동1가 552-2,521113266063,전북특별자치도 전주시 완산구 장승배기로,197,,4511113200105520002025594,,전북특별자치도 전주시 완산구 장승배기로 197,560841,55106,,,,127.134177843889,35.7963541297407
MA010120220807229341,바이크타운,,G2,소매,G213,오락용품 소매,G21305,자전거 소매업,G47632,자전거 및 기타 운송장비 소매업,52,전북특별자치도,52113,전주시 덕진구,52113580,금암1동,5211310700,금암동,5211310700115490016,1,대지,1549,16,전북특별자치도 전주시 덕진구 금암동 1549-16,521132266003,전북특별자치도 전주시 덕진구 백제대로,595,,4511310700115490016000001,,전북특별자치도 전주시 덕진구 백제대로 595,561803,54899,,,,127.134752154675,35.8416328007501
MA010120220807235960,삼천리자전거완주봉동,대리점,G2,소매,G213,오락용품 소매,G21305,자전거 소매업,G47632,자전거 및 기타 운송장비 소매업,52,전북특별자치도,52710,완주군,52710253,봉동읍,5271025328,봉동읍,5271025328108360003,1,대지,836,3,전북특별자치도 완주군 봉동읍 장기리 836-3,527103273028,전북특별자치도 완주군 봉동읍 봉동동서로,79,,4571025328108360003008086,,전북특별자치도 완주군 봉동읍 봉동동서로 79,565907,55328,,,,127.161465927263,35.9366726698556
MA010120220807255212,맥스바이크,,G2,소매,G213,오락용품 소매,G21305,자전거 소매업,G47632,자전거 및 기타 운송장비 소매업,52,전북특별자치도,52111,전주시 완산구,52111680,서신동,5211112900,서신동,5211112900108360004,1,대지,836,4,전북특별자치도 전주시 완산구 서신동 836-4,521113266033,전북특별자치도 전주시 완산구 서신로,22,,4511112900108360004023978,,전북특별자치도 전주시 완산구 서신로 22,560821,54950,,,,127.116024934684,35.8272952989515
MA010120220807229662,무지개종합자전거,,G2,소매,G213,오락용품 소매,G21305,자전거 소매업,G47632,자전거 및 기타 운송장비 소매업,52,전북특별자치도,52111,전주시 완산구,52111510,중앙동,5211111600,다가동4가,5211111600101530001,1,대지,153,1,전북특별자치도 전주시 완산구 다가동4가 153-1,521113266018,전북특별자치도 전주시 완산구 대동로,16,,4511111600101530001034529,외,전북특별자치도 전주시 완산구 대동로 16,560054,54999,,,,127.137660700189,35.8209276001979
MA010120220807236540,바이택자전거,,G2,소매,G213,오락용품 소매,G21305,자전거 소매업,G47632,자전거 및 기타 운송장비 소매업,52,전북특별자치도,52113,전주시 덕진구,52113525,진북동,5211310200,진북동,5211310200103910084,1,대지,391,84,전북특별자치도 전주시 덕진구 진북동 391-84,521133266077,전북특별자치도 전주시 덕진구 팔달로,343,,4511310200103910084008011,,전북특별자치도 전주시 덕진구 팔달로 343,561836,54936,,,,127.138508230043,35.8310477665273
MA010120220807230123,자전거천국,,G2,소매,G213,오락용품 소매,G21305,자전거 소매업,G47632,자전거 및 기타 운송장비 소매업,52,전북특별자치도,52111,전주시 완산구,52111635,완산동,5211112400,서완산동2가,5211112400103520004,1,대지,352,4,전북특별자치도 전주시 완산구 서완산동2가 352-4,521113266048,전북특별자치도 전주시 완산구 안행로,138,,4511112400103520004010683,,전북특별자치도 전주시 완산구 안행로 138,560152,55047,,,,127.13333505608,35.8083779121057
MA010120220807238432,케이바이크,,G2,소매,G213,오락용품 소매,G21305,자전거 소매업,G47632,자전거 및 기타 운송장비 소매업,52,전북특별자치도,52710,완주군,52710250,삼례읍,5271025021,삼례읍,5271025021113510001,1,대지,1351,1,전북특별자치도 완주군 삼례읍 삼례리 1351-1,527103016035,전북특별자치도 완주군 삼례읍 삼례로,381,1,4571025021113510001004452,,전북특별자치도 완주군 삼례읍 삼례로 381-1,565803,55342,,,,127.071722293616,35.9110653383721
MA010120220807250086,세븐열쇠자전거랜드,,G2,소매,G213,오락용품 소매,G21305,자전거 소매업,G47632,자전거 및 기타 운송장비 소매업,52,전북특별자치도,52113,전주시 덕진구,52113665,여의동,5211313900,여의동2가,5211313900105650020,1,대지,565,20,전북특별자치도 전주시 덕진구 여의동2가 565-20,521133267064,전북특별자치도 전주시 덕진구 쪽구름로,14,,4511312800105650020012043,,전북특별자치도 전주시 덕진구 쪽구름로 14,561330,54848,,,,127.079101181841,35.8671247570484
MA010120220807240917,삼천리자전거삼천,대리점,G2,소매,G213,오락용품 소매,G21305,자전거 소매업,G47632,자전거 및 기타 운송장비 소매업,52,전북특별자치도,52111,전주시 완산구,52111702,삼천2동,5211113700,삼천동1가,5211113700106020002,1,대지,602,2,전북특별자치도 전주시 완산구 삼천동1가 602-2,521113266008,전북특별자치도 전주시 완산구 거마평로,64,,4511113700106020002022917,,전북특별자치도 전주시 완산구 거마평로 64,560812,55088,,,,127.117055659269,35.7981655326765
MA010120220807244031,삼천리자전거,,G2,소매,G213,오락용품 소매,G21305,자전거 소매업,G47632,자전거 및 기타 운송장비 소매업,52,전북특별자치도,52113,전주시 덕진구,52113611,우아1동,5211311500,우아동3가,5211311500105880003,1,대지,588,3,전북특별자치도 전주시 덕진구 우아동3가 588-3,521132266002,전북특별자치도 전주시 덕진구 동부대로,764,,4511311500105880003015719,,전북특별자치도 전주시 덕진구 동부대로 764,561823,54817,,,,127.157295467156,35.8564671103388
MA010120220807259618,제로바이크정달자전주점,,G2,소매,G213,오락용품 소매,G21305,자전거 소매업,G47632,자전거 및 기타 운송장비 소매업,52,전북특별자치도,52111,전주시 완산구,52111714,효자4동,5211114200,효자동3가,5211114200117300010,1,대지,1730,10,전북특별자치도 전주시 완산구 효자동3가 1730-10,521113266054,전북특별자치도 전주시 완산구 용호로,97,,4511114200112480042000001,,전북특별자치도 전주시 완산구 용호로 97,560903,55060,,1,,127.096838511325,35.8119548094366
MA010120220807261473,자전거생각,,G2,소매,G213,오락용품 소매,G21305,자전거 소매업,G47632,자전거 및 기타 운송장비 소매업,52,전북특별자치도,52710,완주군,52710253,봉동읍,5271025328,봉동읍,5271025328102170009,1,대지,217,9,전북특별자치도 완주군 봉동읍 장기리 217-9,527103273028,전북특별자치도 완주군 봉동읍 봉동동서로,134,4,4571025328102170009008190,,전북특별자치도 완주군 봉동읍 봉동동서로 134-4,565907,55326,,,,127.166833744299,35.9386210249562
MA010120220807276723,코렉스자전거,,G2,소매,G213,오락용품 소매,G21305,자전거 소매업,G47632,자전거 및 기타 운송장비 소매업,52,전북특별자치도,52710,완주군,52710250,삼례읍,5271025021,삼례읍,5271025021110090001,1,대지,1009,1,전북특별자치도 완주군 삼례읍 삼례리 1009-1,527103273047,전북특별자치도 완주군 삼례읍 역참로,33,,4571025021110090001000948,,전북특별자치도 완주군 삼례읍 역참로 33,565802,55340,,,,127.074560352647,35.9131545022031
MA010120220807278806,고산자전차점,,G2,소매,G213,오락용품 소매,G21305,자전거 소매업,G47632,자전거 및 기타 운송장비 소매업,52,전북특별자치도,52710,완주군,52710360,고산면,5271036021,고산면,5271036021104530001,1,대지,453,1,전북특별자치도 완주군 고산면 읍내리 453-1,527104619324,전북특별자치도 완주군 고산면 읍내2길,27,4,4571036021104530001025943,,전북특별자치도 완주군 고산면 읍내2길 27-4,565864,55311,,,,127.206864244267,35.9730491174186
MA010120220807259893,바이크박스,,G2,소매,G213,오락용품 소매,G21305,자전거 소매업,G47632,자전거 및 기타 운송장비 소매업,52,전북특별자치도,52111,전주시 완산구,52111714,효자4동,5211114100,효자동2가,5211114100111590007,1,대지,1159,7,전북특별자치도 전주시 완산구 효자동2가 1159-7,521113266039,전북특별자치도 전주시 완산구 세내로,253,,4511114100111590007011342,효자동,전북특별자치도 전주시 완산구 세내로 253,560800,55057,,,,127.110704171642,35.8130784299098
MA010120220807258190,덕인자전거수리점,,G2,소매,G213,오락용품 소매,G21305,자전거 소매업,G47632,자전거 및 기타 운송장비 소매업,52,전북특별자치도,52111,전주시 완산구,52111660,서서학동,5211112600,서서학동,5211112600103370021,1,대지,337,21,전북특별자치도 전주시 완산구 서서학동 337-21,521113266063,전북특별자치도 전주시 완산구 장승배기로,320,,4511112600103370021026583,,전북특별자치도 전주시 완산구 장승배기로 320,560816,55118,,,,127.146321854481,35.8009273938005
MA010120220807260716,전북MTB,,G2,소매,G213,오락용품 소매,G21305,자전거 소매업,G47632,자전거 및 기타 운송장비 소매업,52,전북특별자치도,52111,전주시 완산구,52111730,효자5동,5211114200,효자동3가,5211114200116210015,1,대지,1621,15,전북특별자치도 전주시 완산구 효자동3가 1621-15,521114598116,전북특별자치도 전주시 완산구 문학대2길,6,,4511114200104020004000001,전관,전북특별자치도 전주시 완산구 문학대2길 6,560900,54959,,1,,127.102432480295,35.8254600694404
MA010120220807266626,알톤자전거,,G2,소매,G213,오락용품 소매,G21305,자전거 소매업,G47632,자전거 및 기타 운송장비 소매업,52,전북특별자치도,52111,전주시 완산구,52111672,중화산2동,5211112800,중화산동2가,5211112800106050010,1,대지,605,10,전북특별자치도 전주시 완산구 중화산동2가 605-10,521113266069,전북특별자치도 전주시 완산구 중산로,38,,4511112800106050010034085,,전북특별자치도 전주시 완산구 중산로 38,560838,54976,,,,127.120436706149,35.817386113253
MA010120220807317570,삼천리자전거,,G2,소매,G213,오락용품 소매,G21305,자전거 소매업,G47632,자전거 및 기타 운송장비 소매업,52,전북특별자치도,52140,익산시,52140520,중앙동,5214010700,갈산동,5214010700102000001,1,대지,200,1,전북특별자치도 익산시 갈산동 200-1,521403269061,전북특별자치도 익산시 중앙로,69,,4514010700102000001084518,,전북특별자치도 익산시 중앙로 69,570030,54595,,,,126.95447385595,35.9383047398872
MA010120220807321870,스마트자전거동산점,,G2,소매,G213,오락용품 소매,G21305,자전거 소매업,G47632,자전거 및 기타 운송장비 소매업,52,전북특별자치도,52140,익산시,52140570,동산동,5214011100,동산동,5214011100110470020,1,대지,1047,20,전북특별자치도 익산시 동산동 1047-20,521403269019,전북특별자치도 익산시 서동로,102,16,4514011100110470020073638,,전북특별자치도 익산시 서동로 102-16,570960,54609,,,,126.963109451303,35.9329813557538
MA010120220807303690,자마나,,G2,소매,G213,오락용품 소매,G21305,자전거 소매업,G47632,자전거 및 기타 운송장비 소매업,52,전북특별자치도,52210,김제시,52210520,신풍동,5221010200,신풍동,5221010200104830026,1,대지,483,26,전북특별자치도 김제시 신풍동 483-26,522104617036,전북특별자치도 김제시 화동길,132,,4521010200104830026059410,,전북특별자치도 김제시 화동길 132,576804,54407,,1,,126.894825822108,35.7981494750204
MA010120220807307624,남성MTB,,G2,소매,G213,오락용품 소매,G21305,자전거 소매업,G47632,자전거 및 기타 운송장비 소매업,52,전북특별자치도,52140,익산시,52140620,송학동,5214011600,송학동,5214011600102450012,1,대지,245,12,전북특별자치도 익산시 송학동 245-12,521403016003,전북특별자치도 익산시 군익로,463,,4514011600102450013088840,,전북특별자치도 익산시 군익로 463,570080,54658,,,,126.936727143857,35.9432355067112
MA010120220807309344,삼천리자전거,,G2,소매,G213,오락용품 소매,G21305,자전거 소매업,G47632,자전거 및 기타 운송장비 소매업,52,전북특별자치도,52140,익산시,52140646,영등1동,5214012200,영등동,5214012200102100026,1,대지,210,26,전북특별자치도 익산시 영등동 210-26,521403269008,전북특별자치도 익산시 동서로,361,,4514012200102100026050974,,전북특별자치도 익산시 동서로 361,570979,54644,,,,126.973476021921,35.9502789380556
MA010120220807312857,3000천리자전거,대리점,G2,소매,G213,오락용품 소매,G21305,자전거 소매업,G47632,자전거 및 기타 운송장비 소매업,52,전북특별자치도,52140,익산시,52140610,모현동,5214011400,모현동1가,5214011400107040004,1,대지,704,4,전북특별자치도 익산시 모현동1가 704-4,521403269014,전북특별자치도 익산시 배산로,60,,4514011400107040004084771,,전북특별자치도 익산시 배산로 60,570969,54660,,,,126.938334150235,35.9432723927171
MA010120220807319989,달려라자전거바이크홀릭,,G2,소매,G213,오락용품 소매,G21305,자전거 소매업,G47632,자전거 및 기타 운송장비 소매업,52,전북특별자치도,52140,익산시,52140647,영등2동,5214012200,영등동,5214012200108550005,1,대지,855,5,전북특별자치도 익산시 영등동 855-5,521403269039,전북특별자치도 익산시 하나로,441,,4514012200108550005000001,,전북특별자치도 익산시 하나로 441,570982,54546,,1,,126.981021945944,35.9597704312477
MA010120220807300098,화성자전거점,,G2,소매,G213,오락용품 소매,G21305,자전거 소매업,G47632,자전거 및 기타 운송장비 소매업,52,전북특별자치도,52140,익산시,52140520,중앙동,5214010700,갈산동,5214010700101310000,1,대지,131,,전북특별자치도 익산시 갈산동 131,521404608082,전북특별자치도 익산시 인북로14길,4,,4514010700101310000087865,,전북특별자치도 익산시 인북로14길 4,570030,54600,,,,126.952657292214,35.9367358742346
MA010120220807298607,통일자전차점,,G2,소매,G213,오락용품 소매,G21305,자전거 소매업,G47632,자전거 및 기타 운송장비 소매업,52,전북특별자치도,52140,익산시,52140595,남중동,5214011300,남중동,5214011300102850006,1,대지,285,6,전북특별자치도 익산시 남중동 285-6,521404607689,전북특별자치도 익산시 선화로31길,46,,4514011300102850006081519,,전북특별자치도 익산시 선화로31길 46,570955,54620,,,,126.955265311535,35.9497868620395
MA010120220807300379,알톤자전거,,G2,소매,G213,오락용품 소매,G21305,자전거 소매업,G47632,자전거 및 기타 운송장비 소매업,52,전북특별자치도,52140,익산시,52140520,중앙동,5214010100,창인동1가,5214010100102030011,1,대지,203,11,전북특별자치도 익산시 창인동1가 203-11,521404608032,전북특별자치도 익산시 익산대로20길,41,,4514010100102030011095691,,전북특별자치도 익산시 익산대로20길 41,570991,54594,,,,126.95259888448,35.9417557737555
MA010120220807316124,칠흥자전거삼천리자전거,,G2,소매,G213,오락용품 소매,G21305,자전거 소매업,G47632,자전거 및 기타 운송장비 소매업,52,전북특별자치도,52210,김제시,52210510,요촌동,5221010100,요촌동,5221010100101260000,1,대지,126,,전북특별자치도 김제시 요촌동 126,522104616583,전북특별자치도 김제시 신풍길,224,,4521010100101260000059213,,전북특별자치도 김제시 신풍길 224,576806,54408,,,,126.891661703081,35.7982638298796
MA010120220807329421,형제자전거,,G2,소매,G213,오락용품 소매,G21305,자전거 소매업,G47632,자전거 및 기타 운송장비 소매업,52,전북특별자치도,52140,익산시,52140400,금마면,5214040021,금마면,5214040021108640001,1,대지,864,1,전북특별자치도 익산시 금마면 동고도리 864-1,521404607147,전북특별자치도 익산시 금마면 금마2길,13,,4514040021108640001048742,,전북특별자치도 익산시 금마면 금마2길 13,570912,54572,,,,127.05337434376,35.9905823821034
MA010120220807329467,대원자전거,,G2,소매,G213,오락용품 소매,G21305,자전거 소매업,G47632,자전거 및 기타 운송장비 소매업,52,전북특별자치도,52140,익산시,52140250,함열읍,5214025021,함열읍,5214025021105460001,1,대지,546,1,전북특별자치도 익산시 함열읍 와리 546-1,521403269044,전북특별자치도 익산시 함열읍 함열중앙로,7,,4514025021105460001041632,,전북특별자치도 익산시 함열읍 함열중앙로 7,570804,54511,,,,126.958478238245,36.0793760957507
MA010120220807298811,만능열쇠,,G2,소매,G213,오락용품 소매,G21305,자전거 소매업,G47632,자전거 및 기타 운송장비 소매업,52,전북특별자치도,52140,익산시,52140250,함열읍,5214025021,함열읍,5214025021102260003,1,대지,226,3,전북특별자치도 익산시 함열읍 와리 226-3,521402269001,전북특별자치도 익산시 함열읍 익산대로,1825,,4514025021102260003041507,,전북특별자치도 익산시 함열읍 익산대로 1825,570803,54511,,,,126.96644912879,36.0803158626976
MA010120220807329929,신흥자전차,,G2,소매,G213,오락용품 소매,G21305,자전거 소매업,G47632,자전거 및 기타 운송장비 소매업,52,전북특별자치도,52140,익산시,52140320,황등면,5214032021,황등면,5214032021108800001,1,대지,880,1,전북특별자치도 익산시 황등면 황등리 880-1,521403269050,전북특별자치도 익산시 황등면 황등로,176,1,4514032021108800001020474,,전북특별자치도 익산시 황등면 황등로 176-1,570814,54533,,,,126.944340292065,36.0076507114717
MA010120220807323548,울트라코어,코리아,G2,소매,G213,오락용품 소매,G21305,자전거 소매업,G47632,자전거 및 기타 운송장비 소매업,52,전북특별자치도,52140,익산시,52140656,신동,5214012100,신동,5214012100107680008,1,대지,768,8,전북특별자치도 익산시 신동 768-8,521404607429,전북특별자치도 익산시 무왕로6길,12,1,4514012100107680008068114,,전북특별자치도 익산시 무왕로6길 12-1,570976,54632,,2,,126.962741553771,35.9612892433396
MA010120220807297485,삼천리자전거,,G2,소매,G213,오락용품 소매,G21305,자전거 소매업,G47632,자전거 및 기타 운송장비 소매업,52,전북특별자치도,52140,익산시,52140570,동산동,5214011100,동산동,5214011100110560007,1,대지,1056,7,전북특별자치도 익산시 동산동 1056-7,521403269019,전북특별자치도 익산시 서동로,132,,4514011100110560007075276,,전북특별자치도 익산시 서동로 132,570960,54609,,,,126.965756986232,35.9352082119495
MA010120220807323851,코렉스자전거,,G2,소매,G213,오락용품 소매,G21305,자전거 소매업,G47632,자전거 및 기타 운송장비 소매업,52,전북특별자치도,52140,익산시,52140595,남중동,5214011300,남중동,5214011300100360047,1,대지,36,47,전북특별자치도 익산시 남중동 36-47,521403269034,전북특별자치도 익산시 인북로,241,4,4514011300100360047081201,,전북특별자치도 익산시 인북로 241-4,570954,54620,,,,126.957548400159,35.9501572001488
MA010120220807307405,삼천리호명자전거점,,G2,소매,G213,오락용품 소매,G21305,자전거 소매업,G47632,자전거 및 기타 운송장비 소매업,52,전북특별자치도,52140,익산시,52140570,동산동,5214011100,동산동,5214011100106390002,1,대지,639,2,전북특별자치도 익산시 동산동 639-2,521404607613,전북특별자치도 익산시 서동로4길,49,,4514011100106390002071737,,전북특별자치도 익산시 서동로4길 49,570959,54607,,,,126.961039342591,35.9286096677268
MA010120220807307448,삼천리자전거남부총판,,G2,소매,G213,오락용품 소매,G21305,자전거 소매업,G47632,자전거 및 기타 운송장비 소매업,52,전북특별자치도,52140,익산시,52140560,인화동,5214011000,인화동2가,5214011000100650005,1,대지,65,5,전북특별자치도 익산시 인화동2가 65-5,521404608116,전북특별자치도 익산시 인북로8길,40,,4514011000100650005084340,,전북특별자치도 익산시 인북로8길 40,570985,54604,,,,126.954256477942,35.9308964353784
MA010120220807347960,강원자전거,,G2,소매,G213,오락용품 소매,G21305,자전거 소매업,G47632,자전거 및 기타 운송장비 소매업,52,전북특별자치도,52180,정읍시,52180250,신태인읍,5218025021,신태인읍,5218025021101580020,1,대지,158,20,전북특별자치도 정읍시 신태인읍 신태인리 158-20,521804610145,전북특별자치도 정읍시 신태인읍 남동2길,12,,4518025021101580020060221,,전북특별자치도 정읍시 신태인읍 남동2길 12,580905,56106,,,,126.888986683357,35.6852058213811
MA010120220807356640,자전거포유,,G2,소매,G213,오락용품 소매,G21305,자전거 소매업,G47632,자전거 및 기타 운송장비 소매업,52,전북특별자치도,52180,정읍시,52180535,내장상동,5218010300,상동,5218010300100830002,1,대지,83,2,전북특별자치도 정읍시 상동 83-2,521803270051,전북특별자치도 정읍시 학산로,89,8,4518010300100830002080638,,전북특별자치도 정읍시 학산로 89-8,580800,56194,,,,126.87446787992,35.5598581995851
MA010120220807350644,알톤자전거,,G2,소매,G213,오락용품 소매,G21305,자전거 소매업,G47632,자전거 및 기타 운송장비 소매업,52,전북특별자치도,52800,부안군,52800250,부안읍,5280025022,부안읍,5280025022101080005,1,대지,108,5,전북특별자치도 부안군 부안읍 서외리 108-5,528003280045,전북특별자치도 부안군 부안읍 부풍로,20,,4580025022101080005024868,,전북특별자치도 부안군 부안읍 부풍로 20,579803,56309,,,,126.732554915048,35.729311671359
MA010120220807331747,알톤자전거,,G2,소매,G213,오락용품 소매,G21305,자전거 소매업,G47632,자전거 및 기타 운송장비 소매업,52,전북특별자치도,52140,익산시,52140656,신동,5214012100,신동,5214012100107450016,1,대지,745,16,전북특별자치도 익산시 신동 745-16,521403269034,전북특별자치도 익산시 인북로,311,,4514012100107450016065092,,전북특별자치도 익산시 인북로 311,570976,54647,,1,,126.960017100125,35.9561603113996
MA010120220807360861,바이크베이스,,G2,소매,G213,오락용품 소매,G21305,자전거 소매업,G47632,자전거 및 기타 운송장비 소매업,52,전북특별자치도,52180,정읍시,52180535,내장상동,5218010300,상동,5218010300103480006,1,대지,348,6,전북특별자치도 정읍시 상동 348-6,521804610245,전북특별자치도 정읍시 동부1길,41,,4518010300103480006079684,,전북특별자치도 정읍시 동부1길 41,580800,56187,,,,126.863203487231,35.5615043353859
MA010120220807363513,광성자전거,,G2,소매,G213,오락용품 소매,G21305,자전거 소매업,G47632,자전거 및 기타 운송장비 소매업,52,전북특별자치도,52790,고창군,52790250,고창읍,5279025021,고창읍,5279025021103710003,1,대지,371,3,전북특별자치도 고창군 고창읍 읍내리 371-3,527904637516,전북특별자치도 고창군 고창읍 시장안길,39,,4579025021103710003000001,,전북특별자치도 고창군 고창읍 시장안길 39,585807,56438,,1,,126.6997865015,35.4324927693148
MA010120220807348644,대림스포츠,,G2,소매,G213,오락용품 소매,G21305,자전거 소매업,G47632,자전거 및 기타 운송장비 소매업,52,전북특별자치도,52790,고창군,52790250,고창읍,5279025021,고창읍,5279025021105900005,1,대지,590,5,전북특별자치도 고창군 고창읍 읍내리 590-5,527903279015,전북특별자치도 고창군 고창읍 동리로,31,,4579025021105900005004703,,전북특별자치도 고창군 고창읍 동리로 31,585808,56437,,,,126.695708750508,35.4333207849992
MA010120220807348659,삼거리서비스센타,,G2,소매,G213,오락용품 소매,G21305,자전거 소매업,G47632,자전거 및 기타 운송장비 소매업,52,전북특별자치도,52180,정읍시,52180390,태인면,5218039030,태인면,5218039030102330024,1,대지,233,24,전북특별자치도 정읍시 태인면 태창리 233-24,521803016012,전북특별자치도 정읍시 태인면 석지로,1472,,4518039030102330043072416,,전북특별자치도 정읍시 태인면 석지로 1472,580921,56115,,,,126.93817249153,35.6517854871632
MA010120220807348850,코렉스자전거수성,대리점,G2,소매,G213,오락용품 소매,G21305,자전거 소매업,G47632,자전거 및 기타 운송장비 소매업,52,전북특별자치도,52180,정읍시,52180510,수성동,5218010100,수성동,5218010100109350006,1,대지,935,6,전북특별자치도 정읍시 수성동 935-6,521804610518,전북특별자치도 정읍시 수성택지5길,24,2,4518010100109350006000001,,전북특별자치도 정읍시 수성택지5길 24-2,580804,56177,,,,126.854874460732,35.5805390088745
MA010120220807347615,삼천리자전거,,G2,소매,G213,오락용품 소매,G21305,자전거 소매업,G47632,자전거 및 기타 운송장비 소매업,52,전북특별자치도,52180,정읍시,52180510,수성동,5218010100,수성동,5218010100107240001,1,대지,724,1,전북특별자치도 정읍시 수성동 724-1,521804610873,전북특별자치도 정읍시 정인1길,75,10,4518010100107240001082153,,전북특별자치도 정읍시 정인1길 75-10,580803,56163,,1,,126.854271548534,35.5662076605888
MA010120220807350199,자전거종합마트,,G2,소매,G213,오락용품 소매,G21305,자전거 소매업,G47632,자전거 및 기타 운송장비 소매업,52,전북특별자치도,52180,정읍시,52180570,연지동,5218010500,연지동,5218010500100520011,1,대지,52,11,전북특별자치도 정읍시 연지동 52-11,521803270061,전북특별자치도 정읍시 중앙로,88,,4518010500100520011019436,,전북특별자치도 정읍시 중앙로 88,580806,56160,,,,126.849302200167,35.569130768958
MA010120220808730016,리더모터스,,G2,소매,G213,오락용품 소매,G21305,자전거 소매업,G47632,자전거 및 기타 운송장비 소매업,52,전북특별자치도,52111,전주시 완산구,52111680,서신동,5211112900,서신동,5211112900103060003,1,대지,306,3,전북특별자치도 전주시 완산구 서신동 306-3,521113266065,전북특별자치도 전주시 완산구 전룡로,50,,4511112900103060003026786,,전북특별자치도 전주시 완산구 전룡로 50,560820,54954,,,,127.11872435687,35.8266978317973
MA010120220808694578,이지드라이브,,G2,소매,G213,오락용품 소매,G21305,자전거 소매업,G47632,자전거 및 기타 운송장비 소매업,27,대구광역시,27200,남구,27200590,대명4동,2720010300,대명동,2720010300130520012,1,대지,3052,12,대구광역시 남구 대명동 3052-12,272003007011,대구광역시 남구 성당로,116,2,2720010300130520012003341,,대구광역시 남구 성당로 116-2,705825,42471,,1,,128.565770664967,35.8461150466406
MA010120220808716307,이바이크,,G2,소매,G213,오락용품 소매,G21305,자전거 소매업,G47632,자전거 및 기타 운송장비 소매업,52,전북특별자치도,52130,군산시,52130650,조촌동,5213013400,조촌동,5213013400107760014,1,대지,776,14,전북특별자치도 군산시 조촌동 776-14,521303268036,전북특별자치도 군산시 백릉로,64,,4513013400107760014040256,북측새마을금고,전북특별자치도 군산시 백릉로 64,573885,54077,,1,,126.732758821472,35.975264039437
MA010120220808690413,라이드플러스,,G2,소매,G213,오락용품 소매,G21305,자전거 소매업,G47632,자전거 및 기타 운송장비 소매업,48,경상남도,48330,양산시,48330253,물금읍,4833025321,물금읍,4833025321107740090,1,대지,774,90,경상남도 양산시 물금읍 물금리 774-90,483304814248,경상남도 양산시 물금읍 물금중앙길,37,,4833025321107740090014119,역전목공소,경상남도 양산시 물금읍 물금중앙길 37,626812,50603,,,,128.982746447145,35.309123877654
MA010120220808688033,드론알씨랜드,,G2,소매,G213,오락용품 소매,G21305,자전거 소매업,G47632,자전거 및 기타 운송장비 소매업,44,충청남도,44131,천안시 동남구,44131550,봉명동,4413111300,봉명동,4413111300104530000,1,대지,453,,충청남도 천안시 동남구 봉명동 453,441314547295,충청남도 천안시 동남구 봉서9길,25,,4413111300104530000013079,금탑빌딩,충청남도 천안시 동남구 봉서9길 25,330930,31148,,1,,127.13356431487,36.8119476143359
MA010120220808755533,흥덕MTB,,G2,소매,G213,오락용품 소매,G21305,자전거 소매업,G47632,자전거 및 기타 운송장비 소매업,41,경기도,41463,용인시 기흥구,41463516,영덕1동,4146311100,영덕동,4146311100109880004,1,대지,988,4,경기도 용인시 기흥구 영덕동 988-4,414634412299,경기도 용인시 기흥구 흥덕2로75번길,16,,4146311100109880004000001,,경기도 용인시 기흥구 흥덕2로75번길 16,446908,16954,,,,127.072352513878,37.2744236002101
MA010120220808755937,자전거의류아울렛,,G2,소매,G213,오락용품 소매,G21305,자전거 소매업,G47632,자전거 및 기타 운송장비 소매업,46,전라남도,46130,여수시,46130790,시전동,4613013300,신기동,4613013300100360001,1,대지,36,1,전라남도 여수시 신기동 36-1,461304646607,전라남도 여수시 신기북3길,30,,4613013300100360001068313,,전라남도 여수시 신기북3길 30,555802,59681,,,,127.672827602451,34.7633631970689
MA010120220808768046,호반자전거,,G2,소매,G213,오락용품 소매,G21305,자전거 소매업,G47632,자전거 및 기타 운송장비 소매업,51,강원특별자치도,51110,춘천시,51110650,석사동,5111012400,석사동,5111012400101130001,1,대지,113,1,강원특별자치도 춘천시 석사동 113-1,511103218003,강원특별자치도 춘천시 공지로,57,2,4211012400101130001041420,,강원특별자치도 춘천시 공지로 57-2,200933,24396,,,,127.751313718052,37.8526778500023
MA010120220808741640,알톤자전거,,G2,소매,G213,오락용품 소매,G21305,자전거 소매업,G47632,자전거 및 기타 운송장비 소매업,26,부산광역시,26500,수영구,26500790,광안4동,2650010400,광안동,2650010400107760014,1,대지,776,14,부산광역시 수영구 광안동 776-14,265003131037,부산광역시 수영구 수영로,529,,2650010400107760014005487,,부산광역시 수영구 수영로 529,613806,48262,,1,,129.111664354538,35.1531155193833
MA010120220808739208,블랙포터,,G2,소매,G213,오락용품 소매,G21305,자전거 소매업,G47632,자전거 및 기타 운송장비 소매업,41,경기도,41220,평택시,41220610,통복동,4122011400,통복동,4122011400100700001,1,대지,70,1,경기도 평택시 통복동 70-1,412203188110,경기도 평택시 통복시장로,29,,4122011400100700001012696,,경기도 평택시 통복시장로 29,450040,17893,,1,,127.085480859142,36.9979421847666
MA010120220808796155,윙바이크,,G2,소매,G213,오락용품 소매,G21305,자전거 소매업,G47632,자전거 및 기타 운송장비 소매업,47,경상북도,47290,경산시,47290541,서부1동,4729010900,옥산동,4729010900100880005,1,대지,88,5,경상북도 경산시 옥산동 88-5,472903313004,경상북도 경산시 강변서로,187,,4729010900100880005000002,,경상북도 경산시 강변서로 187,712800,38677,,1,,128.729382011971,35.8243708362955
MA010120220808812841,삼천리자전거,오천점,G2,소매,G213,오락용품 소매,G21305,자전거 소매업,G47632,자전거 및 기타 운송장비 소매업,47,경상북도,47111,포항시 남구,47111256,오천읍,4711125630,오천읍,4711125630102610022,1,대지,261,22,경상북도 포항시 남구 오천읍 용덕리 261-22,471113303045,경상북도 포항시 남구 오천읍 정몽주로,557,1,4711125630102610022075338,,경상북도 포항시 남구 오천읍 정몽주로 557-1,790908,37909,,,,129.415837623396,35.967996782402
MA010120220808813352,자전거,백화점,G2,소매,G213,오락용품 소매,G21305,자전거 소매업,G47632,자전거 및 기타 운송장비 소매업,44,충청남도,44133,천안시 서북구,44133590,부성2동,4413310400,두정동,4413310400108600000,1,대지,860,,충청남도 천안시 서북구 두정동 860,441334550553,충청남도 천안시 서북구 원두정6길,39,5,4413310400108600000048352,,충청남도 천안시 서북구 원두정6길 39-5,331959,31107,,,,127.137656960705,36.8319025058321
MA010120220808797178,삼천리자전거광적점,,G2,소매,G213,오락용품 소매,G21305,자전거 소매업,G47632,자전거 및 기타 운송장비 소매업,41,경기도,41630,양주시,41630330,광적면,4163033021,광적면,4163033021106880009,1,대지,688,9,경기도 양주시 광적면 가납리 688-9,416303212006,경기도 양주시 광적면 광적로,7,,4163033021106880009040471,,경기도 양주시 광적면 광적로 7,482841,11418,,1,,126.984633169946,37.8199364658481
MA010120220808802485,영우컴퍼니,,G2,소매,G213,오락용품 소매,G21305,자전거 소매업,G47632,자전거 및 기타 운송장비 소매업,27,대구광역시,27290,달서구,27290577,이곡2동,2729010600,갈산동,2729010600102610012,1,대지,261,12,대구광역시 달서구 갈산동 261-12,272904241336,대구광역시 달서구 성서서로36안길,6,,2729010600102610012007003,,대구광역시 달서구 성서서로36안길 6,704901,42704,,,,128.501258412357,35.8410629525297
MA010120220808823868,엠지티,,G2,소매,G213,오락용품 소매,G21305,자전거 소매업,G47632,자전거 및 기타 운송장비 소매업,26,부산광역시,26530,사상구,26530580,삼락동,2653010100,삼락동,2653010100103780002,1,대지,378,2,부산광역시 사상구 삼락동 378-2,265303139009,부산광역시 사상구 모덕로,34,,2653010100103780002020159,동화종합건재,부산광역시 사상구 모덕로 34,617826,46909,,,,128.979929980215,35.1821056824388
MA010120220808839974,공바이크,,G2,소매,G213,오락용품 소매,G21305,자전거 소매업,G47632,자전거 및 기타 운송장비 소매업,11,서울특별시,11215,광진구,11215750,중곡2동,1121510100,중곡동,1121510100100370004,1,대지,37,4,서울특별시 광진구 중곡동 37-4,112153104006,서울특별시 광진구 긴고랑로,79,,1121510100100370004000384,,서울특별시 광진구 긴고랑로 79,143885,04937,,1,,127.084705456451,37.5612095699231
MA010120220808816130,유로휠,별내점,G2,소매,G213,오락용품 소매,G21305,자전거 소매업,G47632,자전거 및 기타 운송장비 소매업,41,경기도,41360,남양주시,41360570,별내동,4136011100,별내동,4136011100109590006,1,대지,959,6,경기도 남양주시 별내동 959-6,413604841510,경기도 남양주시 두물로39번길,52,,4136011100109590006000001,,경기도 남양주시 두물로39번길 52,472501,12105,,,,127.12886789609,37.6589809596078
MA010120220808848553,자전거탄풍경,,G2,소매,G213,오락용품 소매,G21305,자전거 소매업,G47632,자전거 및 기타 운송장비 소매업,47,경상북도,47290,경산시,47290530,남부동,4729010100,삼남동,4729010100101100002,1,대지,110,2,경상북도 경산시 삼남동 110-2,472903000052,경상북도 경산시 경안로,91,,4729010100101100002003726,,경상북도 경산시 경안로 91,712030,38641,,,,128.738663270375,35.8156491415053
MA010120220808816264,삼천리자전거양남점,,G2,소매,G213,오락용품 소매,G21305,자전거 소매업,G47632,자전거 및 기타 운송장비 소매업,11,서울특별시,11560,영등포구,11560610,양평1동,1156012600,양평동2가,1156012600100290023,1,대지,29,23,서울특별시 영등포구 양평동2가 29-23,115603118022,서울특별시 영등포구 영등포로,33,,1156012600100290023000001,목동비즈타워,서울특별시 영등포구 영등포로 33,150102,07275,,1,,126.885212350113,37.5232701091788
MA010120220808827559,베이비플러스서,수원점,G2,소매,G213,오락용품 소매,G21305,자전거 소매업,G47632,자전거 및 기타 운송장비 소매업,41,경기도,41113,수원시 권선구,41113662,금곡동,4111313400,금곡동,4111313400111140001,1,대지,1114,1,경기도 수원시 권선구 금곡동 1114-1,411133175011,경기도 수원시 권선구 금곡로,219,,4111313400111140001000001,리더스빌딩,경기도 수원시 권선구 금곡로 219,441460,16391,,,,126.954087312961,37.2750044624377
MA010120220808849373,삼천리수성,시지점,G2,소매,G213,오락용품 소매,G21305,자전거 소매업,G47632,자전거 및 기타 운송장비 소매업,27,대구광역시,27260,수성구,27260680,고산2동,2726011400,시지동,2726011400102500008,1,대지,250,8,대구광역시 수성구 시지동 250-8,272602007002,대구광역시 수성구 달구벌대로,3080,,2726011400102510001027188,,대구광역시 수성구 달구벌대로 3080,706220,42252,,,,128.693809841501,35.8426568975019
MA010120220805578023,삼천리자전거,,G2,소매,G213,오락용품 소매,G21305,자전거 소매업,G47632,자전거 및 기타 운송장비 소매업,43,충청북도,43113,청주시 흥덕구,43113320,옥산면,4311332021,옥산면,4311332021105430005,1,대지,543,5,충청북도 청주시 흥덕구 옥산면 오산리 543-5,431134520490,충청북도 청주시 흥덕구 옥산면 옥산시내1길,42,1,4371041021005430005013380,,충청북도 청주시 흥덕구 옥산면 옥산시내1길 42-1,361914,28113,,,,127.375864558675,36.6640870545168
MA010120220805573314,그린자전거,,G2,소매,G213,오락용품 소매,G21305,자전거 소매업,G47632,자전거 및 기타 운송장비 소매업,43,충청북도,43111,청주시 상당구,43111720,용암1동,4311112400,용암동,4311112400121490000,1,대지,2149,,충청북도 청주시 상당구 용암동 2149,431113236057,충청북도 청주시 상당구 중흥로,119,1,4311112400121490000030745,,충청북도 청주시 상당구 중흥로 119-1,360812,28767,,,,127.508090294141,36.6152328937206
MA010120220805587637,레드바이크,,G2,소매,G213,오락용품 소매,G21305,자전거 소매업,G47632,자전거 및 기타 운송장비 소매업,43,충청북도,43113,청주시 흥덕구,43113760,강서1동,4311313800,비하동,4311313800108120000,1,대지,812,,충청북도 청주시 흥덕구 비하동 812,431133014065,충청북도 청주시 흥덕구 2순환로,1020,,4311313800103380017000001,,충청북도 청주시 흥덕구 2순환로 1020,361825,28360,,,,127.422062032125,36.6439272645758
MA010120220805595612,알톤,진천점,G2,소매,G213,오락용품 소매,G21305,자전거 소매업,G47632,자전거 및 기타 운송장비 소매업,43,충청북도,43750,진천군,43750250,진천읍,4375025026,진천읍,4375025026101900005,1,대지,190,5,충청북도 진천군 진천읍 벽암리 190-5,437504535407,충청북도 진천군 진천읍 포석길,10,,4375025026101900005023674,,충청북도 진천군 진천읍 포석길 10,365806,27832,,,,127.438110351303,36.8588657868756
MA010120220805588085,삼천리자전거,봉명점,G2,소매,G213,오락용품 소매,G21305,자전거 소매업,G47632,자전거 및 기타 운송장비 소매업,43,충청북도,43113,청주시 흥덕구,43113756,봉명2.송정동,4311311500,봉명동,4311311500116080000,1,대지,1608,,충청북도 청주시 흥덕구 봉명동 1608,431133236058,충청북도 청주시 흥덕구 직지대로,559,,4311311500116080000015849,,충청북도 청주시 흥덕구 직지대로 559,361819,28453,,1,,127.454858097027,36.6435722607181
MA010120220805578601,삼천리자전거성환MTB,,G2,소매,G213,오락용품 소매,G21305,자전거 소매업,G47632,자전거 및 기타 운송장비 소매업,43,충청북도,43114,청주시 청원구,43114520,내덕1동,4311410200,내덕동,4311410200107680002,1,대지,768,2,충청북도 청주시 청원구 내덕동 768-2,431143236001,충청북도 청주시 청원구 1순환로,356,,4311410200107680002000001,,충청북도 청주시 청원구 1순환로 356,363806,28343,,1,,127.475330833714,36.6577661740268
MA010120220805585684,센스네,,G2,소매,G213,오락용품 소매,G21305,자전거 소매업,G47632,자전거 및 기타 운송장비 소매업,43,충청북도,43112,청주시 서원구,43112520,사직2동,4311210100,사직동,4311210100105840104,1,대지,584,104,충청북도 청주시 서원구 사직동 584-104,431123236025,충청북도 청주시 서원구 사직대로,204,,4311310100105840104006115,,충청북도 청주시 서원구 사직대로 204,362102,28650,,,,127.47002694328,36.6352770626841
MA010120220805603841,성은상사,,G2,소매,G213,오락용품 소매,G21305,자전거 소매업,G47632,자전거 및 기타 운송장비 소매업,43,충청북도,43114,청주시 청원구,43114540,율량.사천동,4311410300,율량동,4311410300118150000,1,대지,1815,,충청북도 청주시 청원구 율량동 1815,431143236064,충청북도 청주시 청원구 공항로,93,,4311111500118150000038468,,충청북도 청주시 청원구 공항로 93,363821,28351,,1,,127.486329608656,36.6655885888877
MA010120220805598672,프렌즈앤바이크,,G2,소매,G213,오락용품 소매,G21305,자전거 소매업,G47632,자전거 및 기타 운송장비 소매업,43,충청북도,43113,청주시 흥덕구,43113700,운천.신봉동,4311310400,운천동,4311310400105590011,1,대지,559,11,충청북도 청주시 흥덕구 운천동 559-11,431134511481,충청북도 청주시 흥덕구 사운로280번길,39,,4311310400105590011015094,,충청북도 청주시 흥덕구 사운로280번길 39,361841,28467,,,,127.474331885583,36.6535438765955
MA010120220805580973,씨엔제이자전거,,G2,소매,G213,오락용품 소매,G21305,자전거 소매업,G47632,자전거 및 기타 운송장비 소매업,43,충청북도,43114,청주시 청원구,43114510,우암동,4311410100,우암동,4311410100107640005,1,대지,764,5,충청북도 청주시 청원구 우암동 764-5,431143236019,충청북도 청주시 청원구 무심동로,530,1,4311111300107640005046007,씨엔제이자전거,충청북도 청주시 청원구 무심동로 530-1,363815,28484,,,,127.482056817221,36.6476645548629
MA010120220805583193,그린상사,,G2,소매,G213,오락용품 소매,G21305,자전거 소매업,G47632,자전거 및 기타 운송장비 소매업,36,세종특별자치시,36110,세종특별자치시,36110330,부강면,3611033021,부강면,3611033021105130002,1,대지,513,2,세종특별자치시 세종특별자치시 부강면 부강리 513-2,361103258067,세종특별자치시 세종특별자치시 부강면 부강금호로,19,,4371038021005130002030822,,세종특별자치시 세종특별자치시 부강면 부강금호로 19,339941,30074,,,,127.368691854794,36.5248925830924
MA010120220805576855,코바이크,,G2,소매,G213,오락용품 소매,G21305,자전거 소매업,G47632,자전거 및 기타 운송장비 소매업,43,충청북도,43113,청주시 흥덕구,43113756,봉명2.송정동,4311311500,봉명동,4311311500124470002,1,대지,2447,2,충청북도 청주시 흥덕구 봉명동 2447-2,431134511254,충청북도 청주시 흥덕구 덕암로17번길,53,,4311311500124470002000001,,충청북도 청주시 흥덕구 덕암로17번길 53,361856,28462,,,,127.455821968696,36.6553282887103
MA010120220805580984,청일상사,,G2,소매,G213,오락용품 소매,G21305,자전거 소매업,G47632,자전거 및 기타 운송장비 소매업,43,충청북도,43111,청주시 상당구,43111525,중앙동,4311110300,북문로2가,4311110300101160245,1,대지,116,245,충청북도 청주시 상당구 북문로2가 116-245,431113236027,충청북도 청주시 상당구 상당로,136,,4311110300101160245031224,,충청북도 청주시 상당구 상당로 136,360012,28510,,1,,127.490218711596,36.6403411291634
MA010120220805581457,덕산자전차,,G2,소매,G213,오락용품 소매,G21305,자전거 소매업,G47632,자전거 및 기타 운송장비 소매업,43,충청북도,43750,진천군,43750253,덕산읍,4375025330,덕산읍,4375025330105920004,1,대지,592,4,충청북도 진천군 덕산읍 용몽리 592-4,437503014045,충청북도 진천군 덕산읍 덕금로,795,2,4375031030105920004004615,,충청북도 진천군 덕산읍 덕금로 795-2,365843,27851,,,,127.505890766221,36.9123196162537
MA010120220805583634,김영철자전거,,G2,소매,G213,오락용품 소매,G21305,자전거 소매업,G47632,자전거 및 기타 운송장비 소매업,43,충청북도,43113,청주시 흥덕구,43113760,강서1동,4311311700,강서동,4311311700100070002,1,대지,7,2,충청북도 청주시 흥덕구 강서동 7-2,431134511088,충청북도 청주시 흥덕구 가로수로1164번길,3,,4311311700100070002009517,,충청북도 청주시 흥덕구 가로수로1164번길 3,361872,28376,,,,127.426440717264,36.6268172243384
MA010120220805575327,모범MTB,,G2,소매,G213,오락용품 소매,G21305,자전거 소매업,G47632,자전거 및 기타 운송장비 소매업,43,충청북도,43111,청주시 상당구,43111730,용암2동,4311112400,용암동,4311112400117560000,1,대지,1756,,충청북도 청주시 상당구 용암동 1756,431113236018,충청북도 청주시 상당구 무농정로,2,,4311112400117560000042282,,충청북도 청주시 상당구 무농정로 2,360825,28783,,1,,127.503313573878,36.6060796478862
MA010120220805596404,소울바이크,,G2,소매,G213,오락용품 소매,G21305,자전거 소매업,G47632,자전거 및 기타 운송장비 소매업,43,충청북도,43113,청주시 흥덕구,43113700,운천.신봉동,4311310400,운천동,4311310400117380000,1,대지,1738,,충청북도 청주시 흥덕구 운천동 1738,431133236001,충청북도 청주시 흥덕구 1순환로,385,,4311310500100280015015088,,충청북도 청주시 흥덕구 1순환로 385,361842,28467,,,,127.472993005188,36.6558921281863
MA010120220805596806,자전거싸게파는집모범상사,,G2,소매,G213,오락용품 소매,G21305,자전거 소매업,G47632,자전거 및 기타 운송장비 소매업,43,충청북도,43112,청주시 서원구,43112550,산남동,4311210500,미평동,4311210500100030007,1,대지,3,7,충청북도 청주시 서원구 미평동 3-7,431123236001,충청북도 청주시 서원구 1순환로,1030,,4311310700100030007028389,,충청북도 청주시 서원구 1순환로 1030,362160,28635,,,,127.48087812537,36.6073527742978
MA010120220805597286,알톤스포츠,홈플러스세종점,G2,소매,G213,오락용품 소매,G21305,자전거 소매업,G47632,자전거 및 기타 운송장비 소매업,36,세종특별자치시,36110,세종특별자치시,36110523,어진동,3611011000,어진동,3611011000105030000,1,대지,503,,세종특별자치시 세종특별자치시 어진동 503,361103258075,세종특별자치시 세종특별자치시 절재로,154,,3611011000103070007000002,홈플러스세종점,세종특별자치시 세종특별자치시 절재로 154,339012,30102,,1,,127.258800047775,36.5073928842338
MA010120220805579820,삼천리자전거,,G2,소매,G213,오락용품 소매,G21305,자전거 소매업,G47632,자전거 및 기타 운송장비 소매업,43,충청북도,43750,진천군,43750250,진천읍,4375025024,진천읍,4375025024102840002,1,대지,284,2,충청북도 진천군 진천읍 읍내리 284-2,437503245020,충청북도 진천군 진천읍 중앙서로,28,,4375025024102840002002851,,충청북도 진천군 진천읍 중앙서로 28,365807,27832,,,,127.44203745282,36.8573193836418
MA010120220805607836,바이크드림,황금점,G2,소매,G213,오락용품 소매,G21305,자전거 소매업,G47632,자전거 및 기타 운송장비 소매업,27,대구광역시,27260,수성구,27260602,황금2동,2726010700,황금동,2726010700106760001,1,대지,676,1,대구광역시 수성구 황금동 676-1,272603007004,대구광역시 수성구 동대구로,211,,2726010700106760001017671,,대구광역시 수성구 동대구로 211,706852,42140,,,,128.624363496816,35.8492841151646
MA010120220805625716,현대자전거,,G2,소매,G213,오락용품 소매,G21305,자전거 소매업,G47632,자전거 및 기타 운송장비 소매업,43,충청북도,43740,영동군,43740250,영동읍,4374025021,영동읍,4374025021106690012,1,대지,669,12,충청북도 영동군 영동읍 계산리 669-12,437403243002,충청북도 영동군 영동읍 계산로,38,,4374025021106690010004675,,충청북도 영동군 영동읍 계산로 38,370802,29144,,,,127.780943236206,36.1733112982671
MA010120220805639321,서울자전거,,G2,소매,G213,오락용품 소매,G21305,자전거 소매업,G47632,자전거 및 기타 운송장비 소매업,43,충청북도,43720,보은군,43720250,보은읍,4372025024,보은읍,4372025024100410015,1,대지,41,15,충청북도 보은군 보은읍 교사리 41-15,437204523205,충청북도 보은군 보은읍 삼산로2길,6,,4372025024100410014003167,,충청북도 보은군 보은읍 삼산로2길 6,376803,28948,,,,127.720541570719,36.485077803775
MA010120220805605602,삼천리자전거사창점,,G2,소매,G213,오락용품 소매,G21305,자전거 소매업,G47632,자전거 및 기타 운송장비 소매업,43,충청북도,43112,청주시 서원구,43112530,사창동,4311210200,사창동,4311210200103120000,1,대지,312,,충청북도 청주시 서원구 사창동 312,431123236025,충청북도 청주시 서원구 사직대로,192,,4311310200103120000006119,,충청북도 청주시 서원구 사직대로 192,362833,28648,,1,,127.468584057875,36.635192633639
MA010120220805608175,장인전기조명,,G2,소매,G213,오락용품 소매,G21305,자전거 소매업,G47632,자전거 및 기타 운송장비 소매업,43,충청북도,43114,청주시 청원구,43114530,내덕2동,4311410200,내덕동,4311410200104960006,1,대지,496,6,충청북도 청주시 청원구 내덕동 496-6,431144508668,충청북도 청주시 청원구 충청대로83번길,11,,4311111400104960006037951,,충청북도 청주시 청원구 충청대로83번길 11,363805,28491,,,,127.492192411455,36.6640776502347
MA010120220805629363,삼천리자전거보은,대리점,G2,소매,G213,오락용품 소매,G21305,자전거 소매업,G47632,자전거 및 기타 운송장비 소매업,43,충청북도,43720,보은군,43720250,보은읍,4372025021,보은읍,4372025021101530002,1,대지,153,2,충청북도 보은군 보은읍 삼산리 153-2,437203241011,충청북도 보은군 보은읍 보은로,137,,4372025021101530002002695,,충청북도 보은군 보은읍 보은로 137,376807,28943,,,,127.717652749336,36.4864469228941
MA010120220805631030,에스엠비,,G2,소매,G213,오락용품 소매,G21305,자전거 소매업,G47632,자전거 및 기타 운송장비 소매업,43,충청북도,43730,옥천군,43730380,군북면,4373038021,군북면,4373038021102580052,1,대지,258,52,충청북도 옥천군 군북면 이백리 258-52,437304526312,충청북도 옥천군 군북면 이백1길,33,,4373038021102580052000001,,충청북도 옥천군 군북면 이백1길 33,373853,29000,,,,127.537317024873,36.3284666354961
MA010120220805639606,수한자전거,,G2,소매,G213,오락용품 소매,G21305,자전거 소매업,G47632,자전거 및 기타 운송장비 소매업,43,충청북도,43720,보은군,43720250,보은읍,4372025021,보은읍,4372025021101030006,1,대지,103,6,충청북도 보은군 보은읍 삼산리 103-6,437204523344,충청북도 보은군 보은읍 은혜길,18,,4372025021101030006000849,,충청북도 보은군 보은읍 은혜길 18,376807,28951,,,,127.717020383937,36.4820081053522
MA010120220805628354,희망자전거,,G2,소매,G213,오락용품 소매,G21305,자전거 소매업,G47632,자전거 및 기타 운송장비 소매업,43,충청북도,43740,영동군,43740250,영동읍,4374025021,영동읍,4374025021105650008,1,대지,565,8,충청북도 영동군 영동읍 계산리 565-8,437404529462,충청북도 영동군 영동읍 영산로3길,12,,4374025021105650008005560,,충청북도 영동군 영동읍 영산로3길 12,370808,29146,,,,127.775339632782,36.1765288925463
MA010120220805627076,서울자전거,,G2,소매,G213,오락용품 소매,G21305,자전거 소매업,G47632,자전거 및 기타 운송장비 소매업,43,충청북도,43740,영동군,43740250,영동읍,4374025021,영동읍,4374025021106900005,1,대지,690,5,충청북도 영동군 영동읍 계산리 690-5,437404529459,충청북도 영동군 영동읍 영동천2길,7,1,4374025021106900003005127,,충청북도 영동군 영동읍 영동천2길 7-1,370809,29145,,,,127.775552896679,36.1733553499936
MA010120220805662693,삼천리자전거.KS종합상사,,G2,소매,G213,오락용품 소매,G21305,자전거 소매업,G47632,자전거 및 기타 운송장비 소매업,43,충청북도,43770,음성군,43770250,음성읍,4377025021,음성읍,4377025021103850006,1,대지,385,6,충청북도 음성군 음성읍 읍내리 385-6,437704541318,충청북도 음성군 음성읍 설성로86번길,15,,4377025021103850006000001,,충청북도 음성군 음성읍 설성로86번길 15,369807,27706,,,,127.691822059343,36.9288361953673
MA010120220805676932,썬바이크,,G2,소매,G213,오락용품 소매,G21305,자전거 소매업,G47632,자전거 및 기타 운송장비 소매업,43,충청북도,43770,음성군,43770370,감곡면,4377037031,감곡면,4377037031104630003,1,대지,463,3,충청북도 음성군 감곡면 왕장리 463-3,437703000128,충청북도 음성군 감곡면 장감로,142,,4377037031104630003202104,,충청북도 음성군 감곡면 장감로 142,369851,27604,,,,127.638087927746,37.1189459848168
MA010120220805677198,산잔차길잔차,,G2,소매,G213,오락용품 소매,G21305,자전거 소매업,G47632,자전거 및 기타 운송장비 소매업,43,충청북도,43130,충주시,43130625,칠금.금릉동,4313011600,칠금동,4313011600103490006,1,대지,349,6,충청북도 충주시 칠금동 349-6,431302238006,충청북도 충주시 탄금대로,228,,4313011600103490006017790,,충청북도 충주시 탄금대로 228,380964,27439,,,,127.906979246403,36.9845602203703
MA010120220805657645,레스포자전거,대리점,G2,소매,G213,오락용품 소매,G21305,자전거 소매업,G47632,자전거 및 기타 운송장비 소매업,43,충청북도,43130,충주시,43130540,교현2동,4313010500,교현동,4313010500105130011,1,대지,513,11,충청북도 충주시 교현동 513-11,431303238048,충청북도 충주시 예성로,267,,4313010500105130011006469,,충청북도 충주시 예성로 267,380951,27375,,,,127.934645903619,36.9801917619142
MA010120220805657654,제일삼천리,대리점,G2,소매,G213,오락용품 소매,G21305,자전거 소매업,G47632,자전거 및 기타 운송장비 소매업,43,충청북도,43130,충주시,43130535,교현.안림동,4313010500,교현동,4313010500104450031,1,대지,445,31,충청북도 충주시 교현동 445-31,431303238002,충청북도 충주시 갱고개로,70,,4313010500104450031002908,,충청북도 충주시 갱고개로 70,380950,27380,,,,127.940188997097,36.977039361757
MA010120220805657714,삼천리자전거,법원점,G2,소매,G213,오락용품 소매,G21305,자전거 소매업,G47632,자전거 및 기타 운송장비 소매업,43,충청북도,43130,충주시,43130540,교현2동,4313010500,교현동,4313010500111140000,1,대지,1114,,충청북도 충주시 교현동 1114,431302238001,충청북도 충주시 계명대로,128,,4313010500111140000001497,,충청북도 충주시 계명대로 128,380954,27370,,,,127.928828931792,36.982102595822
MA010120220805667920,앤에스바이크,,G2,소매,G213,오락용품 소매,G21305,자전거 소매업,G47632,자전거 및 기타 운송장비 소매업,43,충청북도,43130,충주시,43130535,교현.안림동,4313010500,교현동,4313010500102570035,1,대지,257,35,충청북도 충주시 교현동 257-35,431303238029,충청북도 충주시 사직로,251,,4313010500102570035003911,,충청북도 충주시 사직로 251,380950,27390,,1,,127.938982179822,36.9693088706103
MA010120220805661528,삼천리자전거,,G2,소매,G213,오락용품 소매,G21305,자전거 소매업,G47632,자전거 및 기타 운송장비 소매업,43,충청북도,43130,충주시,43130571,문화동,4313012700,문화동,4313012700109210000,1,대지,921,,충청북도 충주시 문화동 921,431303238091,충청북도 충주시 중앙로,30,1,4313012700109210001029090,,충청북도 충주시 중앙로 30-1,380956,27407,,,,127.926660141529,36.9727485948188
MA010120220805651042,삼천리자전거,송정점,G2,소매,G213,오락용품 소매,G21305,자전거 소매업,G47632,자전거 및 기타 운송장비 소매업,29,광주광역시,29200,광산구,29200540,도산동,2920010200,도산동,2920010200112040001,1,대지,1204,1,광주광역시 광산구 도산동 1204-1,292002009004,광주광역시 광산구 상무대로,69,,2920010200112040001000001,,광주광역시 광산구 상무대로 69,506020,62451,,,,126.783996590036,35.1272358230302
MA010120220805658193,알톤자전거,,G2,소매,G213,오락용품 소매,G21305,자전거 소매업,G47632,자전거 및 기타 운송장비 소매업,43,충청북도,43130,충주시,43130540,교현2동,4313010500,교현동,4313010500113280000,1,대지,1328,,충청북도 충주시 교현동 1328,431303238005,충청북도 충주시 금릉로,80,,4313010500113280000000737,,충청북도 충주시 금릉로 80,380954,27357,,,,127.924792434555,36.9845218985347
MA010120220805656771,장호원상회,,G2,소매,G213,오락용품 소매,G21305,자전거 소매업,G47632,자전거 및 기타 운송장비 소매업,43,충청북도,43770,음성군,43770370,감곡면,4377037031,감곡면,4377037031104540006,1,대지,454,6,충청북도 음성군 감곡면 왕장리 454-6,437704541502,충청북도 음성군 감곡면 장감로132번길,3,,4377037031104540006201597,,충청북도 음성군 감곡면 장감로132번길 3,369851,27604,,,,127.63759211343,37.1188585474398
MA010120220805671518,목행자전거열쇠,,G2,소매,G213,오락용품 소매,G21305,자전거 소매업,G47632,자전거 및 기타 운송장비 소매업,43,충청북도,43130,충주시,43130640,목행.용탄동,4313011900,목행동,4313011900106000011,1,대지,600,11,충청북도 충주시 목행동 600-11,431304515497,충청북도 충주시 행정7길,40,,4313011900106000011020849,,충청북도 충주시 행정7길 40,380240,27436,,,,127.91700356423,37.0140196384317
MA010120220805652283,비아토르,,G2,소매,G213,오락용품 소매,G21305,자전거 소매업,G47632,자전거 및 기타 운송장비 소매업,11,서울특별시,11470,양천구,11470611,신월7동,1147010300,신월동,1147010300109920003,1,대지,992,3,서울특별시 양천구 신월동 992-3,114703114013,서울특별시 양천구 지양로,22,,1147010300109920003008032,승원빌딩,서울특별시 양천구 지양로 22,158847,08041,,2,,126.837461174013,37.5186369570786
MA010120220805716181,바이크파크,,G2,소매,G213,오락용품 소매,G21305,자전거 소매업,G47632,자전거 및 기타 운송장비 소매업,43,충청북도,43800,단양군,43800250,단양읍,4380025025,단양읍,4380025025103350000,1,대지,335,,충청북도 단양군 단양읍 별곡리 335,438003248030,충청북도 단양군 단양읍 삼봉로,321,,4380025025103350000007763,,충청북도 단양군 단양읍 삼봉로 321,395805,27010,,1,,128.369219894008,36.985453367054
MA010120220805712127,대흥자전거,,G2,소매,G213,오락용품 소매,G21305,자전거 소매업,G47632,자전거 및 기타 운송장비 소매업,43,충청북도,43150,제천시,43150547,영서동,4315011000,영천동,4315011000104950000,1,대지,495,,충청북도 제천시 영천동 495,431502239002,충청북도 제천시 의림대로,25,,4315011000104950000022096,,충청북도 제천시 의림대로 25,390120,27185,,,,128.206480296529,37.1306341745125
MA010120220805723479,월드바이크,,G2,소매,G213,오락용품 소매,G21305,자전거 소매업,G47632,자전거 및 기타 운송장비 소매업,43,충청북도,43150,제천시,43150590,청전동,4315011300,청전동,4315011300106390000,1,대지,639,,충청북도 제천시 청전동 639,431502239002,충청북도 제천시 의림대로,264,,4315011300106390000028789,비둘기아파트,충청북도 제천시 의림대로 264,390770,27152,,2,,128.215140367176,37.1514400271233
MA010120220805719064,바이크매니아,,G2,소매,G213,오락용품 소매,G21305,자전거 소매업,G47632,자전거 및 기타 운송장비 소매업,43,충청북도,43150,제천시,43150528,중앙동,4315010100,의림동,4315010100100250021,1,대지,25,21,충청북도 제천시 의림동 25-21,431503239037,충청북도 제천시 숭문로,126,,4315010100100250021000001,,충청북도 제천시 숭문로 126,390030,27165,,1,,128.21017145545,37.1440665926697
MA010120220805715142,삼천리자전거청전,대리점,G2,소매,G213,오락용품 소매,G21305,자전거 소매업,G47632,자전거 및 기타 운송장비 소매업,43,충청북도,43150,제천시,43150590,청전동,4315011300,청전동,4315011300106390000,1,대지,639,,충청북도 제천시 청전동 639,431502239002,충청북도 제천시 의림대로,264,,4315011300106390000028789,비둘기아파트,충청북도 제천시 의림대로 264,390770,27152,,1,,128.215140367176,37.1514400271233
MA010120220805688450,삼천리자전차,,G2,소매,G213,오락용품 소매,G21305,자전거 소매업,G47632,자전거 및 기타 운송장비 소매업,43,충청북도,43770,음성군,43770253,금왕읍,4377025321,금왕읍,4377025321100450000,1,대지,45,,충청북도 음성군 금왕읍 무극리 45,437703014045,충청북도 음성군 금왕읍 덕금로,1203,,4377025321100450000215163,,충청북도 음성군 금왕읍 덕금로 1203,369904,27633,,,,127.591079044585,36.991572446188
MA010120220805722919,현스바이크존,,G2,소매,G213,오락용품 소매,G21305,자전거 소매업,G47632,자전거 및 기타 운송장비 소매업,43,충청북도,43150,제천시,43150547,영서동,4315010200,서부동,4315010200107170000,1,대지,717,,충청북도 제천시 서부동 717,431503239009,충청북도 제천시 내제로,74,,4315010200107170000000001,,충청북도 제천시 내제로 74,390060,27171,,,,128.20311117144,37.1360384259312
MA010120220805717588,코렉스자전거,,G2,소매,G213,오락용품 소매,G21305,자전거 소매업,G47632,자전거 및 기타 운송장비 소매업,43,충청북도,43150,제천시,43150528,중앙동,4315010100,의림동,4315010100100340001,1,대지,34,1,충청북도 제천시 의림동 34-1,431503239018,충청북도 제천시 명륜로,77,,4315010100100340001029675,,충청북도 제천시 명륜로 77,390030,27165,,,,128.20955329038,37.1420005901381
MA010120220805693653,전동판매점,,G2,소매,G213,오락용품 소매,G21305,자전거 소매업,G47632,자전거 및 기타 운송장비 소매업,48,경상남도,48170,진주시,48170250,문산읍,4817025022,문산읍,4817025022104240006,1,대지,424,6,경상남도 진주시 문산읍 소문리 424-6,481703332043,경상남도 진주시 문산읍 월아산로,1181,,4817025022104240006000001,,경상남도 진주시 문산읍 월아산로 1181,660845,52853,,,,128.157840636167,35.175047349271
MA010120220805717598,삼천리자전거,,G2,소매,G213,오락용품 소매,G21305,자전거 소매업,G47632,자전거 및 기타 운송장비 소매업,43,충청북도,43150,제천시,43150590,청전동,4315011300,청전동,4315011300104970068,1,대지,497,68,충청북도 제천시 청전동 497-68,431503239018,충청북도 제천시 명륜로,31,1,4315011300104970068031261,,충청북도 제천시 명륜로 31-1,390899,27164,,,,128.204986670627,37.1435968386739
MA010120220805696312,삼천리자전거신가점,,G2,소매,G213,오락용품 소매,G21305,자전거 소매업,G47632,자전거 및 기타 운송장비 소매업,29,광주광역시,29200,광산구,29200630,신가동,2920011900,신가동,2920011900109610003,1,대지,961,3,광주광역시 광산구 신가동 961-3,292003163025,광주광역시 광산구 수등로,211,,2920011900109610003000001,,광주광역시 광산구 수등로 211,506901,62305,,,,126.832052167978,35.1853774773965
MA010120220805696563,비바벨로,,G2,소매,G213,오락용품 소매,G21305,자전거 소매업,G47632,자전거 및 기타 운송장비 소매업,28,인천광역시,28260,서구,28260730,마전동,2826011300,마전동,2826011300110090005,1,대지,1009,5,인천광역시 서구 마전동 1009-5,282604268529,인천광역시 서구 완정로10번길,6,9,2826011300107130008029152,,인천광역시 서구 완정로10번길 6-9,404260,22642,,,,126.673923577478,37.594802063072
MA010120220805708267,삼천리자전거,,G2,소매,G213,오락용품 소매,G21305,자전거 소매업,G47632,자전거 및 기타 운송장비 소매업,43,충청북도,43150,제천시,43150528,중앙동,4315010100,의림동,4315010100100290001,1,대지,29,1,충청북도 제천시 의림동 29-1,431503239037,충청북도 제천시 숭문로,108,,4315010100100290001033049,,충청북도 제천시 숭문로 108,390030,27165,,,,128.209065474683,37.1424650806706
MA010120220805711738,민트바이크,,G2,소매,G213,오락용품 소매,G21305,자전거 소매업,G47632,자전거 및 기타 운송장비 소매업,43,충청북도,43150,제천시,43150560,용두동,4315011100,하소동,4315011100103230069,1,대지,323,69,충청북도 제천시 하소동 323-69,431502239001,충청북도 제천시 용두대로,129,,4315011100103230069000001,,충청북도 제천시 용두대로 129,390240,27161,,,,128.200851906273,37.1419088737942
MA010120220807069754,자전거사람들애,,G2,소매,G213,오락용품 소매,G21305,자전거 소매업,G47632,자전거 및 기타 운송장비 소매업,11,서울특별시,11230,동대문구,11230536,용신동,1123010100,신설동,1123010100101090005,1,대지,109,5,서울특별시 동대문구 신설동 109-5,112304115545,서울특별시 동대문구 천호대로4길,21,,1123010100101090005000001,서울풍물시장,서울특별시 동대문구 천호대로4길 21,130813,02586,,,,127.025503840736,37.5727068781748
MA010120220807099457,위아위스더베스트바이크,,G2,소매,G213,오락용품 소매,G21305,자전거 소매업,G47632,자전거 및 기타 운송장비 소매업,47,경상북도,47210,영주시,47210630,가흥2동,4721010500,가흥동,4721010500105070017,1,대지,507,17,경상북도 영주시 가흥동 507-17,472104727356,경상북도 영주시 신재로12번길,40,,4721010500105070017002235,,경상북도 영주시 신재로12번길 40,750902,36056,,,,128.61155634001,36.8328990749432
MA010120220807103963,콤바이크,,G2,소매,G213,오락용품 소매,G21305,자전거 소매업,G47632,자전거 및 기타 운송장비 소매업,11,서울특별시,11740,강동구,11740610,천호2동,1174010900,천호동,1174010900103320000,1,대지,332,,서울특별시 강동구 천호동 332,117403124009,서울특별시 강동구 천중로,26,,1174010900103320000011270,,서울특별시 강동구 천중로 26,134868,05245,,1,,127.124723008459,37.545460682953
MA010120220807103856,쏭바이크,,G2,소매,G213,오락용품 소매,G21305,자전거 소매업,G47632,자전거 및 기타 운송장비 소매업,47,경상북도,47111,포항시 남구,47111550,송도동,4711110400,송도동,4711110400104850001,1,대지,485,1,경상북도 포항시 남구 송도동 485-1,471113303054,경상북도 포항시 남구 축항로,62,,4711110400104850001098134,,경상북도 포항시 남구 축항로 62,790831,37803,,,,129.375274768647,36.0294257816505
MA010120220807133948,다인AD,,G2,소매,G213,오락용품 소매,G21305,자전거 소매업,G47632,자전거 및 기타 운송장비 소매업,41,경기도,41630,양주시,41630520,양주2동,4163010600,광사동,4163010600106770002,1,대지,677,2,경기도 양주시 광사동 677-2,416304436076,경기도 양주시 고읍남로191번길,85,55,4163010600106770002000001,,경기도 양주시 고읍남로191번길 85-55,482030,11491,,1,,127.080198473594,37.7907280997254
MA010120220807121171,바이크스타일,,G2,소매,G213,오락용품 소매,G21305,자전거 소매업,G47632,자전거 및 기타 운송장비 소매업,30,대전광역시,30200,유성구,30200600,관평동,3020014600,관평동,3020014600108550000,1,대지,855,,대전광역시 유성구 관평동 855,302004301038,대전광역시 유성구 관들1길,8,7,3020014600108550000000503,,대전광역시 유성구 관들1길 8-7,305509,34017,,,,127.388316168634,36.425613041455
MA010120220807147792,삼천리자전거,서귀포점,G2,소매,G213,오락용품 소매,G21305,자전거 소매업,G47632,자전거 및 기타 운송장비 소매업,50,제주특별자치도,50130,서귀포시,50130530,중앙동,5013010100,서귀동,5013010100102570007,1,대지,257,7,제주특별자치도 서귀포시 서귀동 257-7,501303350339,제주특별자치도 서귀포시 동문로,48,,5013010100102570007016449,,제주특별자치도 서귀포시 동문로 48,697843,63591,,,,126.565572518852,33.2498210520054
MA010120220807160550,바이크스토리,,G2,소매,G213,오락용품 소매,G21305,자전거 소매업,G47632,자전거 및 기타 운송장비 소매업,47,경상북도,47130,경주시,47130550,성건동,4713010800,성건동,4713010800107010013,1,대지,701,13,경상북도 경주시 성건동 701-13,471304716264,경상북도 경주시 한빛길20번길,28,,4713010800107010013008651,,경상북도 경주시 한빛길20번길 28,780945,38134,,,,129.20508524253,35.8528045494441
MA010120220807178602,K2바이크,,G2,소매,G213,오락용품 소매,G21305,자전거 소매업,G47632,자전거 및 기타 운송장비 소매업,52,전북특별자치도,52130,군산시,52130690,수송동,5213014300,지곡동,5213014300104970002,1,대지,497,2,전북특별자치도 군산시 지곡동 497-2,521304604492,전북특별자치도 군산시 상지곡안1길,20,4,4513014300104970002033950,,전북특별자치도 군산시 상지곡안1길 20-4,573370,54103,,,,126.705037508566,35.9581116806725
MA010120220807187203,경민자전거,,G2,소매,G213,오락용품 소매,G21305,자전거 소매업,G47632,자전거 및 기타 운송장비 소매업,52,전북특별자치도,52113,전주시 덕진구,52113550,인후2동,5211310400,인후동2가,5211310400115770002,1,대지,1577,2,전북특별자치도 전주시 덕진구 인후동2가 1577-2,521133266009,전북특별자치도 전주시 덕진구 견훤로,385,,4511310400115770002004114,,전북특별자치도 전주시 덕진구 견훤로 385,561832,54916,,1,,127.15283480795,35.8454054532762
MA010120220807164966,클로버사이클링,,G2,소매,G213,오락용품 소매,G21305,자전거 소매업,G47632,자전거 및 기타 운송장비 소매업,41,경기도,41131,성남시 수정구,41131540,태평1동,4113110200,태평동,4113110200172690004,1,대지,7269,4,경기도 성남시 수정구 태평동 7269-4,411313178018,경기도 성남시 수정구 수정로,27,,4113110200172690004063227,,경기도 성남시 수정구 수정로 27,461855,13111,,1,,127.123428555311,37.4396838549244
MA010120220807180242,삼천리자전거군산,대리점,G2,소매,G213,오락용품 소매,G21305,자전거 소매업,G47632,자전거 및 기타 운송장비 소매업,52,전북특별자치도,52130,군산시,52130605,중앙동,5213012500,평화동,5213012500101140005,1,대지,114,5,전북특별자치도 군산시 평화동 114-5,521304605052,전북특별자치도 군산시 평화길,19,,4513012500101140005022731,,전북특별자치도 군산시 평화길 19,573240,54029,,,,126.718949673035,35.9830101351068
MA010120220807178399,서해기업사,,G2,소매,G213,오락용품 소매,G21305,자전거 소매업,G47632,자전거 및 기타 운송장비 소매업,52,전북특별자치도,52130,군산시,52130400,옥서면,5213040022,옥서면,5213040022115620007,1,대지,1562,7,전북특별자치도 군산시 옥서면 선연리 1562-7,521303268082,전북특별자치도 군산시 옥서면 옥구저수지로,313,,4513040022115620007000001,,전북특별자치도 군산시 옥서면 옥구저수지로 313,573951,54170,,,,126.634341642866,35.9210655221075
MA010120220807192758,새만금MTB,,G2,소매,G213,오락용품 소매,G21305,자전거 소매업,G47632,자전거 및 기타 운송장비 소매업,52,전북특별자치도,52130,군산시,52130640,흥남동,5213013300,서흥남동,5213013300108050024,1,대지,805,24,전북특별자치도 군산시 서흥남동 805-24,521303268101,전북특별자치도 군산시 축동로,155,,4513013300108050024030639,,전북특별자치도 군산시 축동로 155,573190,54123,,,,126.710513203962,35.9733829277107
MA010120220807209851,백마자전거,,G2,소매,G213,오락용품 소매,G21305,자전거 소매업,G47632,자전거 및 기타 운송장비 소매업,52,전북특별자치도,52130,군산시,52130350,대야면,5213035021,대야면,5213035021103890015,1,대지,389,15,전북특별자치도 군산시 대야면 산월리 389-15,521303268117,전북특별자치도 군산시 대야면 번영로,937,,4513035021103890015000621,,전북특별자치도 군산시 대야면 번영로 937,573912,54060,,,,126.814600145158,35.9447312379492
MA010120220807204659,종합자전거,,G2,소매,G213,오락용품 소매,G21305,자전거 소매업,G47632,자전거 및 기타 운송장비 소매업,52,전북특별자치도,52130,군산시,52130660,경암동,5213013600,경암동,5213013600105720347,1,대지,572,347,전북특별자치도 군산시 경암동 572-347,521303268010,전북특별자치도 군산시 구암31로,53,,4513013600105720347009456,코렉스자전거할인전문점,전북특별자치도 군산시 구암31로 53,573860,54031,,,,126.725108691163,35.9816004557364
MA010120220807197371,바이크하우스,,G2,소매,G213,오락용품 소매,G21305,자전거 소매업,G47632,자전거 및 기타 운송장비 소매업,52,전북특별자치도,52130,군산시,52130720,미성동,5213015100,산북동,5213015100106100010,1,대지,610,10,전북특별자치도 군산시 산북동 610-10,521303268032,전북특별자치도 군산시 미성로,470,,4513015100106100010000001,,전북특별자치도 군산시 미성로 470,573876,54167,,,,126.671717566355,35.9550330619667
MA010120220807197439,삼천리자전거만성점,,G2,소매,G213,오락용품 소매,G21305,자전거 소매업,G47632,자전거 및 기타 운송장비 소매업,52,전북특별자치도,52113,전주시 덕진구,52113665,여의동,5211313100,만성동,5211313100113500008,1,대지,1350,8,전북특별자치도 전주시 덕진구 만성동 1350-8,521134854733,전북특별자치도 전주시 덕진구 만성북1길,18,,4511313100113500008000001,,전북특별자치도 전주시 덕진구 만성북1길 18,561330,54860,,1,,127.076415885978,35.8495700507632
MA010120220807215747,삼천리자전거,,G2,소매,G213,오락용품 소매,G21305,자전거 소매업,G47632,자전거 및 기타 운송장비 소매업,46,전라남도,46150,순천시,46150590,남제동,4615011600,남정동,4615011600100550004,1,대지,55,4,전라남도 순천시 남정동 55-4,461503283021,전라남도 순천시 우석로,127,,4615011600100550004073904,,전라남도 순천시 우석로 127,540942,57958,,,,127.488194660857,34.9401685377799
MA010120220807193777,고려자전차상사군산MTB,,G2,소매,G213,오락용품 소매,G21305,자전거 소매업,G47632,자전거 및 기타 운송장비 소매업,52,전북특별자치도,52130,군산시,52130530,월명동,5213011500,명산동,5213011500100180011,1,대지,18,11,전북특별자치도 군산시 명산동 18-11,521303268088,전북특별자치도 군산시 월명로,459,,4513011500100180011019825,,전북특별자치도 군산시 월명로 459,573060,54024,,,,126.710211765811,35.9830524351294
MA010120220807197864,스마트자전거,,G2,소매,G213,오락용품 소매,G21305,자전거 소매업,G47632,자전거 및 기타 운송장비 소매업,52,전북특별자치도,52130,군산시,52130640,흥남동,5213012700,대명동,5213012700103850044,1,대지,385,44,전북특별자치도 군산시 대명동 385-44,521303268010,전북특별자치도 군산시 구암31로,10,,4513012700103850044031673,,전북특별자치도 군산시 구암31로 10,573210,54038,,,,126.720457258939,35.9799945258024
MA010120220807203265,성진MTB,,G2,소매,G213,오락용품 소매,G21305,자전거 소매업,G47632,자전거 및 기타 운송장비 소매업,52,전북특별자치도,52130,군산시,52130640,흥남동,5213013300,서흥남동,5213013300108320014,1,대지,832,14,전북특별자치도 군산시 서흥남동 832-14,521303268104,전북특별자치도 군산시 팔마로,141,1,4513013300108320014029257,,전북특별자치도 군산시 팔마로 141-1,573190,54041,,,,126.716853660316,35.9737765749714
MA010120220807227840,차진자전거점,,G2,소매,G213,오락용품 소매,G21305,자전거 소매업,G47632,자전거 및 기타 운송장비 소매업,52,전북특별자치도,52113,전주시 덕진구,52113590,금암2동,5211310700,금암동,5211310700115610013,1,대지,1561,13,전북특별자치도 전주시 덕진구 금암동 1561-13,521133267061,전북특별자치도 전주시 덕진구 조경단로,64,1,4511310700115610013021760,,전북특별자치도 전주시 덕진구 조경단로 64-1,561805,54922,,,,127.138689940238,35.8400691463798
MA010120220807189015,희망자전거,,G2,소매,G213,오락용품 소매,G21305,자전거 소매업,G47632,자전거 및 기타 운송장비 소매업,52,전북특별자치도,52130,군산시,52130550,신풍동,5213011000,문화동,5213011000108900008,1,대지,890,8,전북특별자치도 군산시 문화동 890-8,521303268023,전북특별자치도 군산시 대학로,181,1,4513011000108900008038077,,전북특별자치도 군산시 대학로 181-1,573874,54115,,,,126.702855223356,35.9754730956479
MA010120220807222313,오엠케이바이크캠프,,G2,소매,G213,오락용품 소매,G21305,자전거 소매업,G47632,자전거 및 기타 운송장비 소매업,31,울산광역시,31110,중구,31110610,다운동,3111011100,태화동,3111011100107750001,1,대지,775,1,울산광역시 중구 태화동 775-1,311103169020,울산광역시 중구 태화로,72,,3111011100107750001003990,,울산광역시 중구 태화로 72,681819,44439,,,,129.28389921774,35.5535802055349
MA010120220807192035,밀바이크,,G2,소매,G213,오락용품 소매,G21305,자전거 소매업,G47632,자전거 및 기타 운송장비 소매업,29,광주광역시,29170,북구,29170602,운암2동,2917010900,운암동,2917010900116400000,1,대지,1640,,광주광역시 북구 운암동 1640,291702009006,광주광역시 북구 죽봉대로,183,,2917010900116400000019179,,광주광역시 북구 죽봉대로 183,500859,61263,,,,126.884093382418,35.1698089408835
MA010120220807208996,삼천리자전거소룡,대리점,G2,소매,G213,오락용품 소매,G21305,자전거 소매업,G47632,자전거 및 기타 운송장비 소매업,52,전북특별자치도,52130,군산시,52130710,소룡동,5213014600,소룡동,5213014600115370000,1,대지,1537,,전북특별자치도 군산시 소룡동 1537,521303268008,전북특별자치도 군산시 공항로,97,,4513014600115370000013712,,전북특별자치도 군산시 공항로 97,573882,54011,,,,126.67847595202,35.9749686424272
MA010120220807214223,바이크월드,무거점,G2,소매,G213,오락용품 소매,G21305,자전거 소매업,G47632,자전거 및 기타 운송장비 소매업,31,울산광역시,31140,남구,31140585,삼호동,3114010100,무거동,3114010100114410007,1,대지,1441,7,울산광역시 남구 무거동 1441-7,311403170029,울산광역시 남구 삼호로,7,1,3114010100114410007034163,,울산광역시 남구 삼호로 7-1,680810,44633,,1,,129.265228537162,35.549940846685
MA010120220807214305,더블스포츠,,G2,소매,G213,오락용품 소매,G21305,자전거 소매업,G47632,자전거 및 기타 운송장비 소매업,52,전북특별자치도,52111,전주시 완산구,52111730,효자5동,5211114200,효자동3가,5211114200110190005,1,대지,1019,5,전북특별자치도 전주시 완산구 효자동3가 1019-5,521113266056,전북특별자치도 전주시 완산구 유연로,34,,4511114200110190005000001,콜로세움아웃렛,전북특별자치도 전주시 완산구 유연로 34,560860,54880,,,,127.090090248106,35.8228292624096
MA010120220807225129,삼천리자전거서신,대리점,G2,소매,G213,오락용품 소매,G21305,자전거 소매업,G47632,자전거 및 기타 운송장비 소매업,52,전북특별자치도,52111,전주시 완산구,52111680,서신동,5211112900,서신동,5211112900108180015,1,대지,818,15,전북특별자치도 전주시 완산구 서신동 818-15,521114598180,전북특별자치도 전주시 완산구 서신천변11길,12,,4511112900108180015015093,,전북특별자치도 전주시 완산구 서신천변11길 12,560821,54951,,,,127.113107509666,35.8302722343934
MA010120220808537533,이지드라이브남선공원점,,G2,소매,G213,오락용품 소매,G21305,자전거 소매업,G47632,자전거 및 기타 운송장비 소매업,30,대전광역시,30170,서구,30170555,탄방동,3017010600,탄방동,3017010600112900000,1,대지,1290,,대전광역시 서구 탄방동 1290,301704298312,대전광역시 서구 둔산남로200번길,14,,3017010600112900000021584,,대전광역시 서구 둔산남로200번길 14,302861,35252,,1,,127.399662795467,36.3483814779499
MA010120220808519266,자전거나라,,G2,소매,G213,오락용품 소매,G21305,자전거 소매업,G47632,자전거 및 기타 운송장비 소매업,52,전북특별자치도,52130,군산시,52130650,조촌동,5213013400,조촌동,5213013400104860008,1,대지,486,8,전북특별자치도 군산시 조촌동 486-8,521303268036,전북특별자치도 군산시 백릉로,154,,4513013400104860008039297,,전북특별자치도 군산시 백릉로 154,573884,54074,,,,126.74302498948,35.9755117732974
MA010120220808530141,케이바이크,,G2,소매,G213,오락용품 소매,G21305,자전거 소매업,G47632,자전거 및 기타 운송장비 소매업,46,전라남도,46830,영암군,46830253,삼호읍,4683025326,삼호읍,4683025326116600016,1,대지,1660,16,전라남도 영암군 삼호읍 용앙리 1660-16,468303295038,전라남도 영암군 삼호읍 대불주거5로,56,,4683025326116600016000001,,전라남도 영암군 삼호읍 대불주거5로 56,526897,58456,,,,126.453689072227,34.7536484591048
MA010120220808541179,100세실버카,,G2,소매,G213,오락용품 소매,G21305,자전거 소매업,G47632,자전거 및 기타 운송장비 소매업,44,충청남도,44760,부여군,44760310,규암면,4476031029,규암면,4476031029102090000,1,대지,209,,충청남도 부여군 규암면 신리 209,447604577210,충청남도 부여군 규암면 백제문로304번길,14,2,4476031029102090000000001,,충청남도 부여군 규암면 백제문로304번길 14-2,323812,33115,,,,126.896104279004,36.3001244034211
MA010120220808543963,선데이모닝자전거,,G2,소매,G213,오락용품 소매,G21305,자전거 소매업,G47632,자전거 및 기타 운송장비 소매업,27,대구광역시,27290,달서구,27290615,진천동,2729012300,대곡동,2729012300110380002,1,대지,1038,2,대구광역시 달서구 대곡동 1038-2,272903007031,대구광역시 달서구 화암로,327,,2729012300110380002000001,,대구광역시 달서구 화암로 327,704841,42768,,,,128.519106084158,35.8042605408261
MA010120220808528467,이현종합인테리어자전거수리점,,G2,소매,G213,오락용품 소매,G21305,자전거 소매업,G47632,자전거 및 기타 운송장비 소매업,41,경기도,41800,연천군,41800250,연천읍,4180025021,연천읍,4180025021100340252,1,대지,34,252,경기도 연천군 연천읍 차탄리 34-252,418003215030,경기도 연천군 연천읍 연천로,265,,4180025021100340252010840,,경기도 연천군 연천읍 연천로 265,486803,11014,,,,127.074539153438,38.1006453564016
MA010120220808537002,연합,,G2,소매,G213,오락용품 소매,G21305,자전거 소매업,G47632,자전거 및 기타 운송장비 소매업,51,강원특별자치도,51130,원주시,51130560,일산동,5113010800,일산동,5113010800103550005,1,대지,355,5,강원특별자치도 원주시 일산동 355-5,511303219022,강원특별자치도 원주시 무실로,118,1,4213010800103550005021481,,강원특별자치도 원주시 무실로 118-1,220958,26434,,2,,127.942693428124,37.3441780347372
MA010120220808518279,삼천리자전거,상동점,G2,소매,G213,오락용품 소매,G21305,자전거 소매업,G47632,자전거 및 기타 운송장비 소매업,46,전라남도,46110,목포시,46110790,옥암동,4611016400,옥암동,4611016400109550001,1,대지,955,1,전라남도 목포시 옥암동 955-1,461103281089,전라남도 목포시 하당로,292,,4611016400109550001003902,,전라남도 목포시 하당로 292,530831,58663,,,,126.427557884991,34.8115875946816
MA010120220808579559,나무늘보MTB,,G2,소매,G213,오락용품 소매,G21305,자전거 소매업,G47632,자전거 및 기타 운송장비 소매업,48,경상남도,48250,김해시,48250580,활천동,4825011800,어방동,4825011800105060017,1,대지,506,17,경상남도 김해시 어방동 506-17,482504805894,경상남도 김해시 활천로208번길,44,1,4825011800105060017000001,,경상남도 김해시 활천로208번길 44-1,621917,50839,,,,128.900181300129,35.2389415817662
MA010120220808563764,어스박스,,G2,소매,G213,오락용품 소매,G21305,자전거 소매업,G47632,자전거 및 기타 운송장비 소매업,29,광주광역시,29170,북구,29170685,석곡동,2917012400,장등동,2917012400101250002,1,대지,125,2,광주광역시 북구 장등동 125-2,291704286164,광주광역시 북구 동문대로456번길,40,,2917012400101250002000001,호남연수원,광주광역시 북구 동문대로456번길 40,500510,61140,,,,126.937612987873,35.2043702385403
MA010120220808600419,바이크樂,,G2,소매,G213,오락용품 소매,G21305,자전거 소매업,G47632,자전거 및 기타 운송장비 소매업,30,대전광역시,30170,서구,30170593,도안동,3017011500,도안동,3017011500120490000,1,대지,2049,,대전광역시 서구 도안동 2049,301703166054,대전광역시 서구 도안동로,10,,3017011400113190000000001,헤브론프라자,대전광역시 서구 도안동로 10,302318,35369,,1,,127.353296359765,36.3061180589021
MA010120220808580885,키즈카팩토리,,G2,소매,G213,오락용품 소매,G21305,자전거 소매업,G47632,자전거 및 기타 운송장비 소매업,41,경기도,41285,고양시 일산동구,41285530,정발산동,4128510300,정발산동,4128510300111330015,1,대지,1133,15,경기도 고양시 일산동구 정발산동 1133-15,412853193015,경기도 고양시 일산동구 산두로,269,1,4128510300111330015011720,,경기도 고양시 일산동구 산두로 269-1,410828,10357,,,,126.77626042389,37.6750748033671
MA010120220808586255,몬스터바이크,,G2,소매,G213,오락용품 소매,G21305,자전거 소매업,G47632,자전거 및 기타 운송장비 소매업,27,대구광역시,27260,수성구,27260570,수성1가동,2726010300,수성동1가,2726010300106490082,1,대지,649,82,대구광역시 수성구 수성동1가 649-82,272603007020,대구광역시 수성구 신천동로,292,,2726010300106490082011557,,대구광역시 수성구 신천동로 292,706832,42137,,,,128.608791888588,35.8510165897661
MA010120220808573784,삼천리자전거,중앙점,G2,소매,G213,오락용품 소매,G21305,자전거 소매업,G47632,자전거 및 기타 운송장비 소매업,41,경기도,41550,안성시,41550520,안성2동,4155011300,인지동,4155011300101060000,1,대지,106,,경기도 안성시 인지동 106,415503208041,경기도 안성시 장기로,71,,4155011300101060000022939,,경기도 안성시 장기로 71,456230,17592,,,,127.270754760472,37.0043051268536
MA010120220808603857,삼천리자전거잭인더바이크,덕진점,G2,소매,G213,오락용품 소매,G21305,자전거 소매업,G47632,자전거 및 기타 운송장비 소매업,52,전북특별자치도,52113,전주시 덕진구,52113570,덕진동,5211310500,덕진동1가,5211310500112750020,1,대지,1275,20,전북특별자치도 전주시 덕진구 덕진동1가 1275-20,521133267028,전북특별자치도 전주시 덕진구 사평로,74,,4511310500112750020022547,,전북특별자치도 전주시 덕진구 사평로 74,561810,54893,,2,,127.123718958609,35.8432038401009
MA010120220808630230,삼천리자전거,운암점,G2,소매,G213,오락용품 소매,G21305,자전거 소매업,G47632,자전거 및 기타 운송장비 소매업,29,광주광역시,29170,북구,29170601,운암1동,2917010900,운암동,2917010900103770025,1,대지,377,25,광주광역시 북구 운암동 377-25,291704286176,광주광역시 북구 동운로201번길,76,,2917010900103770025019156,,광주광역시 북구 동운로201번길 76,500857,61258,,,,126.875677683849,35.1745958161962
MA010120220808619777,삼천리자전거,용운점,G2,소매,G213,오락용품 소매,G21305,자전거 소매업,G47632,자전거 및 기타 운송장비 소매업,30,대전광역시,30110,동구,30110560,용운동,3011010900,용운동,3011010900104920011,1,대지,492,11,대전광역시 동구 용운동 492-11,301103164022,대전광역시 동구 용운로,57,,3011010900104920011026429,,대전광역시 동구 용운로 57,300822,34657,,,,127.449113470678,36.3270372690214
MA010120220808620074,바이크박스,,G2,소매,G213,오락용품 소매,G21305,자전거 소매업,G47632,자전거 및 기타 운송장비 소매업,41,경기도,41133,성남시 중원구,41133670,도촌동,4113310600,여수동,4113310600103700000,1,대지,370,,경기도 성남시 중원구 여수동 370,411334337269,경기도 성남시 중원구 성남대로997번길,25,4,4113310600103700000000001,,경기도 성남시 중원구 성남대로997번길 25-4,462080,13439,,1,,127.125923964526,37.4183361441726
MA010120220808610368,대구바이크,,G2,소매,G213,오락용품 소매,G21305,자전거 소매업,G47632,자전거 및 기타 운송장비 소매업,27,대구광역시,27230,북구,27230735,태전2동,2723012600,태전동,2723012600107870002,1,대지,787,2,대구광역시 북구 태전동 787-2,272302145001,대구광역시 북구 칠곡중앙대로,203,,2723012600107870002041825,,대구광역시 북구 칠곡중앙대로 203,702865,41468,,,,128.548204222496,35.9143162919979
MA010120220808684166,삼천리자전거,초읍점,G2,소매,G213,오락용품 소매,G21305,자전거 소매업,G47632,자전거 및 기타 운송장비 소매업,26,부산광역시,26230,부산진구,26230550,초읍동,2623010700,초읍동,2623010700102710004,1,대지,271,4,부산광역시 부산진구 초읍동 271-4,262303129024,부산광역시 부산진구 새싹로,223,,2623010700102710004053470,선경성지곡아파트,부산광역시 부산진구 새싹로 223,614762,47108,,1,,129.048393647712,35.1761364893236
MA010120220808643798,스마트자전거,,G2,소매,G213,오락용품 소매,G21305,자전거 소매업,G47632,자전거 및 기타 운송장비 소매업,46,전라남도,46110,목포시,46110758,신흥동,4611015800,상동,4611015800110250008,1,대지,1025,8,전라남도 목포시 상동 1025-8,461104643735,전라남도 목포시 통일대로37번길,14,,4611015800110250008007948,,전라남도 목포시 통일대로37번길 14,530826,58693,,,,126.428272180416,34.7999449093093
MA010120220810023805,포켓매거진포마샵,,G2,소매,G213,오락용품 소매,G21305,자전거 소매업,G47632,자전거 및 기타 운송장비 소매업,41,경기도,41281,고양시 덕양구,41281530,흥도동,4128110400,원흥동,4128110400107060000,1,대지,706,,경기도 고양시 덕양구 원흥동 706,412813194065,경기도 고양시 덕양구 삼원로,83,,4128110400107060000000001,광양프런티어밸리,경기도 고양시 덕양구 삼원로 83,412040,10550,,4,,126.874952227611,37.6381723674559
MA010120220810059786,송바이크,,G2,소매,G213,오락용품 소매,G21305,자전거 소매업,G47632,자전거 및 기타 운송장비 소매업,44,충청남도,44200,아산시,44200600,온양4동,4420010300,방축동,4420010300101760000,1,대지,176,,충청남도 아산시 방축동 176,442003015033,충청남도 아산시 온천대로,1257,,4420010300101760000000001,,충청남도 아산시 온천대로 1257,336070,31501,,,,126.978220633022,36.7874743108258
MA010120220810027581,해밀턴키즈,코리아,G2,소매,G213,오락용품 소매,G21305,자전거 소매업,G47632,자전거 및 기타 운송장비 소매업,11,서울특별시,11560,영등포구,11560620,양평2동,1156012700,양평동3가,1156012700100840000,1,대지,84,,서울특별시 영등포구 양평동3가 84,115604154447,서울특별시 영등포구 선유로43가길,10,,1156012700100840000020439,,서울특별시 영등포구 선유로43가길 10,150103,07210,,3,,126.893433832805,37.5331077387955
MA010120220810051868,각종자전거,,G2,소매,G213,오락용품 소매,G21305,자전거 소매업,G47632,자전거 및 기타 운송장비 소매업,41,경기도,41287,고양시 일산서구,41287520,일산2동,4128710100,일산동,4128710100106550095,1,대지,655,95,경기도 고양시 일산서구 일산동 655-95,412874382119,경기도 고양시 일산서구 일중로15번길,71,,4128710100106550095001416,,경기도 고양시 일산서구 일중로15번길 71,411875,10353,,,,126.770807961582,37.6824793740932
MA010120220810100854,아이노휠,,G2,소매,G213,오락용품 소매,G21305,자전거 소매업,G47632,자전거 및 기타 운송장비 소매업,41,경기도,41463,용인시 기흥구,41463520,구갈동,4146310200,구갈동,4146310200105790000,1,대지,579,,경기도 용인시 기흥구 구갈동 579,414633204005,경기도 용인시 기흥구 강남서로,9,,4146310200105790000021451,아카데미프라자,경기도 용인시 기흥구 강남서로 9,446573,16977,,,,127.126672239454,37.2721343492533
MA010120220810071846,알톤스포츠,,G2,소매,G213,오락용품 소매,G21305,자전거 소매업,G47632,자전거 및 기타 운송장비 소매업,44,충청남도,44133,천안시 서북구,44133590,부성2동,4413310400,두정동,4413310400105410000,1,대지,541,,충청남도 천안시 서북구 두정동 541,441333250017,충청남도 천안시 서북구 두정로,112,,4413310400105410000000001,태영빌딩,충청남도 천안시 서북구 두정로 112,331958,31090,,,,127.129174108974,36.8336872054968
MA010120220810085868,벨구루,,G2,소매,G213,오락용품 소매,G21305,자전거 소매업,G47632,자전거 및 기타 운송장비 소매업,28,인천광역시,28185,연수구,28185780,동춘1동,2818510500,동춘동,2818510500111130007,1,대지,1113,7,인천광역시 연수구 동춘동 1113-7,281853152005,인천광역시 연수구 동곡재로,28,,2818510500111130007000001,,인천광역시 연수구 동곡재로 28,406131,21963,,,,126.672626076645,37.4150216361184
MA010120220810104714,자전거마을,,G2,소매,G213,오락용품 소매,G21305,자전거 소매업,G47632,자전거 및 기타 운송장비 소매업,41,경기도,41590,화성시,41590253,봉담읍,4159025321,봉담읍,4159025321106230001,1,대지,623,1,경기도 화성시 봉담읍 상리 623-1,415904855204,경기도 화성시 봉담읍 장등1길,3,33,4159025321106230001000002,,경기도 화성시 봉담읍 장등1길 3-33,445891,18314,,1,,126.946118449177,37.2237046517033
MA010120220810064378,킥플수원,본점,G2,소매,G213,오락용품 소매,G21305,자전거 소매업,G47632,자전거 및 기타 운송장비 소매업,41,경기도,41117,수원시 영통구,41117580,영통2동,4111710600,신동,4111710600110110000,1,대지,1011,,경기도 수원시 영통구 신동 1011,411174848227,경기도 수원시 영통구 권선로882번길,115,1,4159012100106100001000001,,경기도 수원시 영통구 권선로882번길 115-1,443472,16683,,,,127.041161050583,37.2455240934581
MA010120220810083600,스피드,,G2,소매,G213,오락용품 소매,G21305,자전거 소매업,G47632,자전거 및 기타 운송장비 소매업,41,경기도,41281,고양시 덕양구,41281630,행주동,4128112500,행주내동,4128112500101860001,1,대지,186,1,경기도 고양시 덕양구 행주내동 186-1,412813192073,경기도 고양시 덕양구 행주로,71,,4128112500101860001010589,스피드석송,경기도 고양시 덕양구 행주로 71,412230,10439,,,,126.824532854297,37.6050689833255
MA010120220810146509,탑킥보드,,G2,소매,G213,오락용품 소매,G21305,자전거 소매업,G47632,자전거 및 기타 운송장비 소매업,43,충청북도,43114,청주시 청원구,43114253,오창읍,4311425345,오창읍,4311425345107520001,1,대지,752,1,충청북도 청주시 청원구 오창읍 양청리 752-1,431143240006,충청북도 청주시 청원구 오창읍 과학산업2로,385,,4371025345107520001000001,,충청북도 청주시 청원구 오창읍 과학산업2로 385,363883,28115,,1,,127.423275781294,36.7164994748366
MA010120220810144048,삼천리탑동,대리점,G2,소매,G213,오락용품 소매,G21305,자전거 소매업,G47632,자전거 및 기타 운송장비 소매업,50,제주특별자치도,50110,제주시,50110590,건입동,5011010700,건입동,5011010700113190005,1,대지,1319,5,제주특별자치도 제주시 건입동 1319-5,501103349174,제주특별자치도 제주시 임항로,44,,5011010700113190017035228,,제주특별자치도 제주시 임항로 44,690801,63277,,,,126.529574730932,33.5165213831083
MA010120220810118827,북구삼천리,,G2,소매,G213,오락용품 소매,G21305,자전거 소매업,G47632,자전거 및 기타 운송장비 소매업,47,경상북도,47113,포항시 북구,47113700,장량동,4711312100,장성동,4711312100113680000,1,대지,1368,,경상북도 포항시 북구 장성동 1368,471133304015,경상북도 포항시 북구 삼흥로,86,,4711312100113680000113893,,경상북도 포항시 북구 삼흥로 86,791850,37607,,,,129.379533139374,36.0695522925664
MA010120220810134513,락바이크,,G2,소매,G213,오락용품 소매,G21305,자전거 소매업,G47632,자전거 및 기타 운송장비 소매업,41,경기도,41463,용인시 기흥구,41463516,영덕1동,4146311100,영덕동,4146311100109740001,1,대지,974,1,경기도 용인시 기흥구 영덕동 974-1,414634412296,경기도 용인시 기흥구 흥덕2로117번길,23,,4146311100109740001020976,하워드힐하우스,경기도 용인시 기흥구 흥덕2로117번길 23,446908,16953,,1,,127.071465024408,37.2778571021921
MA010120220810142782,탑바이크,,G2,소매,G213,오락용품 소매,G21305,자전거 소매업,G47632,자전거 및 기타 운송장비 소매업,29,광주광역시,29170,북구,29170666,삼각동,2917011600,삼각동,2917011600105690005,1,대지,569,5,광주광역시 북구 삼각동 569-5,291703162033,광주광역시 북구 설죽로,424,,2917011600105690005046730,,광주광역시 북구 설죽로 424,500825,61050,,,,126.90021844706,35.1969270618482
MA010120220810179095,바이크아이티,석교점,G2,소매,G213,오락용품 소매,G21305,자전거 소매업,G47632,자전거 및 기타 운송장비 소매업,43,충청북도,43111,청주시 상당구,43111545,성안동,4311111100,석교동,4311111100102680000,1,대지,268,,충청북도 청주시 상당구 석교동 268,431113236065,충청북도 청주시 상당구 단재로,34,1,4311111100102680000044330,,충청북도 청주시 상당구 단재로 34-1,360060,28711,,,,127.49303062738,36.6253707924191
MA010120220810158741,국오통상,,G2,소매,G213,오락용품 소매,G21305,자전거 소매업,G47632,자전거 및 기타 운송장비 소매업,11,서울특별시,11560,영등포구,11560540,여의동,1156011000,여의도동,1156011000100360002,1,대지,36,2,서울특별시 영등포구 여의도동 36-2,115604154065,서울특별시 영등포구 국제금융로6길,33,,1156011000100360002031438,여의도동맨하탄빌딩,서울특별시 영등포구 국제금융로6길 33,150749,07331,,919,,126.926912532852,37.5207894785865
MA010120220810169399,스피드카약,,G2,소매,G213,오락용품 소매,G21305,자전거 소매업,G47632,자전거 및 기타 운송장비 소매업,47,경상북도,47190,구미시,47190535,원평동,4719010100,원평동,4719010100109640393,1,대지,964,393,경상북도 구미시 원평동 964-393,471903308006,경상북도 구미시 구미중앙로,4,,4719010100109640393014041,,경상북도 구미시 구미중앙로 4,730920,39222,,2,,128.323954906943,36.1317802283292
MA010120220810164935,바이시클팟,,G2,소매,G213,오락용품 소매,G21305,자전거 소매업,G47632,자전거 및 기타 운송장비 소매업,48,경상남도,48125,창원시 마산합포구,48125630,오동동,4812512000,서성동,4812512000100680003,1,대지,68,3,경상남도 창원시 마산합포구 서성동 68-3,481252019003,경상남도 창원시 마산합포구 315대로,308,,4812512000100680003036516,,경상남도 창원시 마산합포구 315대로 308,631860,51734,,1,,128.571468811711,35.2026511240137
MA010120220810149530,탑바이시클,,G2,소매,G213,오락용품 소매,G21305,자전거 소매업,G47632,자전거 및 기타 운송장비 소매업,26,부산광역시,26380,사하구,26380561,하단1동,2638010300,하단동,2638010300106070006,1,대지,607,6,부산광역시 사하구 하단동 607-6,263803134026,부산광역시 사하구 하신중앙로,292,,2638010300106070006032923,,부산광역시 사하구 하신중앙로 292,604850,49415,,1,,128.962594477876,35.1033722641073
MA010120220810160429,삼천리자전거,삼산점,G2,소매,G213,오락용품 소매,G21305,자전거 소매업,G47632,자전거 및 기타 운송장비 소매업,28,인천광역시,28237,부평구,28237646,삼산1동,2823710500,삼산동,2823710500102360002,1,대지,236,2,인천광역시 부평구 삼산동 236-2,282373000067,인천광역시 부평구 평천로,409,,2823710500102360002101354,수도상가,인천광역시 부평구 평천로 409,403863,21318,,1,,126.735987159634,37.5175797537589
MA010120220810181899,사이클스팟,분당점,G2,소매,G213,오락용품 소매,G21305,자전거 소매업,G47632,자전거 및 기타 운송장비 소매업,41,경기도,41135,성남시 분당구,41135670,구미동,4113511400,구미동,4113511400101300001,1,대지,130,1,경기도 성남시 분당구 구미동 130-1,411354340026,경기도 성남시 분당구 금곡로23번길,12,,4113511400101300001020718,LI,경기도 성남시 분당구 금곡로23번길 12,463810,13632,,1,,127.111795292162,37.3446015523432
MA010120220810147600,커넥티드랩,,G2,소매,G213,오락용품 소매,G21305,자전거 소매업,G47632,자전거 및 기타 운송장비 소매업,11,서울특별시,11650,서초구,11650510,서초1동,1165010800,서초동,1165010800114250001,1,대지,1425,1,서울특별시 서초구 서초동 1425-1,116502000003,서울특별시 서초구 남부순환로,2457,,1165010800114250015024279,보성빌딩,서울특별시 서초구 남부순환로 2457,137864,06725,,1,,127.019130364439,37.4827520561675
MA010120220805407656,삼천리자전거,,G2,소매,G213,오락용품 소매,G21305,자전거 소매업,G47632,자전거 및 기타 운송장비 소매업,11,서울특별시,11710,송파구,11710610,삼전동,1171010600,삼전동,1171010600100220005,1,대지,22,5,서울특별시 송파구 삼전동 22-5,117103123009,서울특별시 송파구 석촌호수로,144,,1171010600100220005007567,,서울특별시 송파구 석촌호수로 144,138837,05600,,1,,127.092990878211,37.5069360683844
MA010120220805439411,종합자전거점,,G2,소매,G213,오락용품 소매,G21305,자전거 소매업,G47632,자전거 및 기타 운송장비 소매업,47,경상북도,47290,경산시,47290542,서부2동,4729011100,정평동,4729011100102300029,1,대지,230,29,경상북도 경산시 정평동 230-29,472904739253,경상북도 경산시 대학로12길,29,2,4729011100102300029047736,,경상북도 경산시 대학로12길 29-2,712110,38655,,1,,128.729407543731,35.8311559729017
MA010120220805437922,더센메디케어의료기,,G2,소매,G213,오락용품 소매,G21305,자전거 소매업,G47632,자전거 및 기타 운송장비 소매업,47,경상북도,47190,구미시,47190680,진미동,4719012300,진평동,4719012300101160009,1,대지,116,9,경상북도 구미시 진평동 116-9,471904724738,경상북도 구미시 인동20길,43,3,4719012300101160009004589,,경상북도 구미시 인동20길 43-3,730360,39407,,,,128.423896339018,36.0954084661774
MA010120220805437383,베이비파크구리남양주점,,G2,소매,G213,오락용품 소매,G21305,자전거 소매업,G47632,자전거 및 기타 운송장비 소매업,41,경기도,41310,구리시,41310510,갈매동,4131010100,갈매동,4131010100101460001,1,대지,146,1,경기도 구리시 갈매동 146-1,413103000121,경기도 구리시 금강로,71,,4131010100101460001013709,,경기도 구리시 금강로 71,471858,11900,,,,127.119186237964,37.6427644435872
MA010120220805420069,알톤스포츠금당자전거,,G2,소매,G213,오락용품 소매,G21305,자전거 소매업,G47632,자전거 및 기타 운송장비 소매업,46,전라남도,46150,순천시,46150310,해룡면,4615031023,해룡면,4615031023106480011,1,대지,648,11,전라남도 순천시 해룡면 상삼리 648-11,461504649958,전라남도 순천시 해룡면 조례못등길,119,,4615031023106480011027588,,전라남도 순천시 해룡면 조례못등길 119,540855,57983,,,,127.528833563655,34.9480116861371
MA010120220805423027,위너스골프,,G2,소매,G213,오락용품 소매,G21305,자전거 소매업,G47632,자전거 및 기타 운송장비 소매업,26,부산광역시,26350,해운대구,26350530,중1동,2635010600,중동,2635010600117740005,1,대지,1774,5,부산광역시 해운대구 중동 1774-5,263503133039,부산광역시 해운대구 좌동순환로,473,,2635010600117760001014497,해운,부산광역시 해운대구 좌동순환로 473,612851,48097,,,,129.169416960702,35.1636654137467
MA010120220805426061,윈스페이스,코리아,G2,소매,G213,오락용품 소매,G21305,자전거 소매업,G47632,자전거 및 기타 운송장비 소매업,41,경기도,41133,성남시 중원구,41133670,도촌동,4113310600,여수동,4113310600103290000,1,대지,329,,경기도 성남시 중원구 여수동 329,411334337269,경기도 성남시 중원구 성남대로997번길,45,8,4113310600102170000000006,비,경기도 성남시 중원구 성남대로997번길 45-8,462080,13439,,,,127.1255953086,37.4177057811233
MA010120220805473155,경태네자전거,하남점,G2,소매,G213,오락용품 소매,G21305,자전거 소매업,G47632,자전거 및 기타 운송장비 소매업,41,경기도,41450,하남시,41450530,신장2동,4145010600,신장동,4145010600106020000,1,대지,602,,경기도 하남시 신장동 602,414503351193,경기도 하남시 하남유니온로,70,1,4145010600100650011000001,하남유니온시티에일린의뜰,경기도 하남시 하남유니온로 70-1,465032,12942,,1,,127.220688545825,37.5441490289588
MA010120220805485821,바이크원오원,,G2,소매,G213,오락용품 소매,G21305,자전거 소매업,G47632,자전거 및 기타 운송장비 소매업,36,세종특별자치시,36110,세종특별자치시,36110510,한솔동,3611010600,한솔동,3611010600109290000,1,대지,929,,세종특별자치시 세종특별자치시 한솔동 929,361103258060,세종특별자치시 세종특별자치시 노을3로,94,,3611010600200060000000004,세종타워,세종특별자치시 세종특별자치시 노을3로 94,339014,30130,,,,127.254591659105,36.4801149174148
MA010120220805511936,바이크스페이스MTB,,G2,소매,G213,오락용품 소매,G21305,자전거 소매업,G47632,자전거 및 기타 운송장비 소매업,41,경기도,41111,수원시 장안구,41111580,영화동,4111113400,영화동,4111113400100270016,1,대지,27,16,경기도 수원시 장안구 영화동 27-16,411113177012,경기도 수원시 장안구 월드컵로,453,,4111113400100270016041727,,경기도 수원시 장안구 월드컵로 453,440816,16276,,1,,127.023030034564,37.2948249722964
MA010120220805509367,알톤자전거덕산점,,G2,소매,G213,오락용품 소매,G21305,자전거 소매업,G47632,자전거 및 기타 운송장비 소매업,44,충청남도,44810,예산군,44810360,덕산면,4481036021,덕산면,4481036021102230006,1,대지,223,6,충청남도 예산군 덕산면 읍내리 223-6,448104589461,충청남도 예산군 덕산면 읍내길,3,,4481036021102230006015462,,충청남도 예산군 덕산면 읍내길 3,340923,32406,,,,126.668033021479,36.7043356272025
MA010120220805528412,사랑샘실버트리복지용구,,G2,소매,G213,오락용품 소매,G21305,자전거 소매업,G47632,자전거 및 기타 운송장비 소매업,41,경기도,41650,포천시,41650250,소흘읍,4165025021,소흘읍,4165025021107260078,1,대지,726,78,경기도 포천시 소흘읍 송우리 726-78,416503213024,경기도 포천시 소흘읍 송우로,76,,4165025021107260078014810,랜드프라자,경기도 포천시 소흘읍 송우로 76,487823,11175,,8,,127.141024065456,37.8301960201148
MA010120220805543375,루이지노,코리아,G2,소매,G213,오락용품 소매,G21305,자전거 소매업,G47632,자전거 및 기타 운송장비 소매업,41,경기도,41630,양주시,41630310,은현면,4163031021,은현면,4163031021100030002,1,대지,3,2,경기도 양주시 은현면 용암리 3-2,416303189001,경기도 양주시 은현면 강변서로,17,,4163031021100030002057647,,경기도 양주시 은현면 강변서로 17,482863,11428,,,,127.05838320474,37.8697096733446
MA010120220805556750,충청윤업사,,G2,소매,G213,오락용품 소매,G21305,자전거 소매업,G47632,자전거 및 기타 운송장비 소매업,43,충청북도,43111,청주시 상당구,43111730,용암2동,4311112600,방서동,4311112600101180000,1,대지,118,,충청북도 청주시 상당구 방서동 118,431113236018,충청북도 청주시 상당구 무농정로,32,,4311112600101180000042347,하나로마트,충청북도 청주시 상당구 무농정로 32,360102,28783,,,,127.50729437378,36.6046479915253
MA010120220805565675,드림스포츠,,G2,소매,G213,오락용품 소매,G21305,자전거 소매업,G47632,자전거 및 기타 운송장비 소매업,43,충청북도,43750,진천군,43750250,진천읍,4375025022,진천읍,4375025022106550005,1,대지,655,5,충청북도 진천군 진천읍 신정리 655-5,437503245024,충청북도 진천군 진천읍 문화로,41,1,4375025022106550005024265,,충청북도 진천군 진천읍 문화로 41-1,365805,27841,,,,127.44394420783,36.8496439419439
MA010120220805530251,지쿠터,,G2,소매,G213,오락용품 소매,G21305,자전거 소매업,G47632,자전거 및 기타 운송장비 소매업,44,충청남도,44150,공주시,44150560,옥룡동,4415010900,옥룡동,4415010900103300000,1,대지,330,,충청남도 공주시 옥룡동 330,441503251029,충청남도 공주시 우금티로,775,,4415010900103300000755495,,충청남도 공주시 우금티로 775,314805,32561,,,,127.133427830254,36.4541060984005
MA010120220805563087,충청MTB,,G2,소매,G213,오락용품 소매,G21305,자전거 소매업,G47632,자전거 및 기타 운송장비 소매업,44,충청남도,44133,천안시 서북구,44133590,부성2동,4413310400,두정동,4413310400106310000,1,대지,631,,충청남도 천안시 서북구 두정동 631,441332250001,충청남도 천안시 서북구 동서대로,59,,4413310400106310000049031,,충청남도 천안시 서북구 동서대로 59,331958,31099,,,,127.129878393577,36.8259008684189
MA010120220805555356,삼천리자전거,하복대점,G2,소매,G213,오락용품 소매,G21305,자전거 소매업,G47632,자전거 및 기타 운송장비 소매업,43,충청북도,43113,청주시 흥덕구,43113741,복대1동,4311311400,복대동,4311311400103450007,1,대지,345,7,충청북도 청주시 흥덕구 복대동 345-7,431133237021,충청북도 청주시 흥덕구 대신로,46,,4311311400103450007008460,,충청북도 청주시 흥덕구 대신로 46,361810,28584,,,,127.435911781747,36.6370288062996
MA010120220805542061,알톤자전거,,G2,소매,G213,오락용품 소매,G21305,자전거 소매업,G47632,자전거 및 기타 운송장비 소매업,41,경기도,41220,평택시,41220590,신평동,4122011700,합정동,4122011700107680000,1,대지,768,,경기도 평택시 합정동 768,412203188081,경기도 평택시 조개터로,46,,4122011700107680000018404,,경기도 평택시 조개터로 46,450832,17904,,,,127.102907210011,36.9911972676551
MA010120220805534593,천리바이크,,G2,소매,G213,오락용품 소매,G21305,자전거 소매업,G47632,자전거 및 기타 운송장비 소매업,26,부산광역시,26410,금정구,26410680,구서1동,2641010700,구서동,2641010700100850003,1,대지,85,3,부산광역시 금정구 구서동 85-3,264102000010,부산광역시 금정구 중앙대로,1837,1,2641010700100850003005297,일부,부산광역시 금정구 중앙대로 1837-1,609854,46273,,1,,129.091875069113,35.2483140381236
MA010120220806927214,위드바이크,,G2,소매,G213,오락용품 소매,G21305,자전거 소매업,G47632,자전거 및 기타 운송장비 소매업,48,경상남도,48170,진주시,48170673,상대동,4817011900,상대동,4817011900103030054,1,대지,303,54,경상남도 진주시 상대동 303-54,481703332077,경상남도 진주시 동진로,211,,4817011900103030054013748,,경상남도 진주시 동진로 211,660807,52792,,,,128.114209065063,35.1800261858548
MA010120220806927875,삼천리자전거,,G2,소매,G213,오락용품 소매,G21305,자전거 소매업,G47632,자전거 및 기타 운송장비 소매업,28,인천광역시,28200,남동구,28200510,구월1동,2820010100,구월동,2820010100114910001,1,대지,1491,1,인천광역시 남동구 구월동 1491-1,282003153042,인천광역시 남동구 성리로,14,,2820010100108550003000001,,인천광역시 남동구 성리로 14,405221,21581,,,,126.708717275388,37.4441647517151
MA010120220806931401,분당은솔스포츠,,G2,소매,G213,오락용품 소매,G21305,자전거 소매업,G47632,자전거 및 기타 운송장비 소매업,41,경기도,41135,성남시 분당구,41135545,정자동,4113510300,정자동,4113510300100640005,1,대지,64,5,경기도 성남시 분당구 정자동 64-5,411354340045,경기도 성남시 분당구 느티로77번길,6,8,4113510300100640005011228,,경기도 성남시 분당구 느티로77번길 6-8,463874,13610,,지,,127.113818190191,37.3688642952195
MA010120220806907081,자전거,대리점,G2,소매,G213,오락용품 소매,G21305,자전거 소매업,G47632,자전거 및 기타 운송장비 소매업,11,서울특별시,11215,광진구,11215847,자양4동,1121510500,자양동,1121510500105500001,1,대지,550,1,서울특별시 광진구 자양동 550-1,112153104007,서울특별시 광진구 능동로,49,,1121510500105500001011904,,서울특별시 광진구 능동로 49,143877,05074,,1,,127.068395349693,37.5358119860844
MA010120220806898309,보헤미안바이크,,G2,소매,G213,오락용품 소매,G21305,자전거 소매업,G47632,자전거 및 기타 운송장비 소매업,48,경상남도,48330,양산시,48330253,물금읍,4833025324,물금읍,4833025324127150005,1,대지,2715,5,경상남도 양산시 물금읍 범어리 2715-5,483303338029,경상남도 양산시 물금읍 범어로,102,,4833025324127150005000001,,경상남도 양산시 물금읍 범어로 102,626815,50611,,1,,129.017294232316,35.3261787674689
MA010120220806970305,원바이크,,G2,소매,G213,오락용품 소매,G21305,자전거 소매업,G47632,자전거 및 기타 운송장비 소매업,11,서울특별시,11215,광진구,11215750,중곡2동,1121510100,중곡동,1121510100100190001,1,대지,19,1,서울특별시 광진구 중곡동 19-1,112153104006,서울특별시 광진구 긴고랑로,74,,1121510100100190001000093,,서울특별시 광진구 긴고랑로 74,143222,04921,,,,127.083913233313,37.5612551854634
MA010120220806970786,오투,,G2,소매,G213,오락용품 소매,G21305,자전거 소매업,G47632,자전거 및 기타 운송장비 소매업,27,대구광역시,27290,달서구,27290625,상인2동,2729011500,상인동,2729011500114560045,1,대지,1456,45,대구광역시 달서구 상인동 1456-45,272903147011,대구광역시 달서구 상화북로,75,1,2729011500114560045013563,,대구광역시 달서구 상화북로 75-1,704817,42790,,1,,128.534594984978,35.8118137630649
MA010120220806955517,바이키강,남지점,G2,소매,G213,오락용품 소매,G21305,자전거 소매업,G47632,자전거 및 기타 운송장비 소매업,11,서울특별시,11680,강남구,11680690,개포4동,1168010300,개포동,1168010300111930000,1,대지,1193,,서울특별시 강남구 개포동 1193,116803121022,서울특별시 강남구 논현로,34,,1168010300101930000021049,선테크빌딩,서울특별시 강남구 논현로 34,135962,06312,,1,,127.048781363126,37.4741569157382
MA010120220806958595,짜르스포츠금산점,,G2,소매,G213,오락용품 소매,G21305,자전거 소매업,G47632,자전거 및 기타 운송장비 소매업,48,경상남도,48170,진주시,48170410,금산면,4817041026,금산면,4817041026104150001,1,대지,415,1,경상남도 진주시 금산면 중천리 415-1,481703332007,경상남도 진주시 금산면 금산로,64,,4817041026104150001023522,,경상남도 진주시 금산면 금산로 64,660923,52633,,,,128.143383246026,35.2141746621036
MA010120220806969856,남신자전거,,G2,소매,G213,오락용품 소매,G21305,자전거 소매업,G47632,자전거 및 기타 운송장비 소매업,52,전북특별자치도,52111,전주시 완산구,52111730,효자5동,5211114200,효자동3가,5211114200114470003,1,대지,1447,3,전북특별자치도 전주시 완산구 효자동3가 1447-3,521114598172,전북특별자치도 전주시 완산구 서곡1길,23,6,4511114200114470003024070,에덴빌,전북특별자치도 전주시 완산구 서곡1길 23-6,560870,54956,,,,127.098449775511,35.8354493457452
MA010120220806944329,맥스바이크,,G2,소매,G213,오락용품 소매,G21305,자전거 소매업,G47632,자전거 및 기타 운송장비 소매업,52,전북특별자치도,52130,군산시,52130550,신풍동,5213011000,문화동,5213011000109200004,1,대지,920,4,전북특별자치도 군산시 문화동 920-4,521303268023,전북특별자치도 군산시 대학로,214,,4513011000109200004027451,,전북특별자치도 군산시 대학로 214,573874,54112,,,,126.70053491234,35.9733404155027
MA010120220806999933,룡2바이크,,G2,소매,G213,오락용품 소매,G21305,자전거 소매업,G47632,자전거 및 기타 운송장비 소매업,48,경상남도,48250,김해시,48250550,북부동,4825010600,구산동,4825010600102750007,1,대지,275,7,경상남도 김해시 구산동 275-7,482503329005,경상남도 김해시 구산로,40,,4825010600102750007054748,,경상남도 김해시 구산로 40,621900,50910,,,,128.872753274568,35.2484892211844
MA010120220806986593,낙타스,,G2,소매,G213,오락용품 소매,G21305,자전거 소매업,G47632,자전거 및 기타 운송장비 소매업,41,경기도,41192,부천시 원미구,41192690,상2동,4119210900,상동,4119210900105550014,1,대지,555,14,경기도 부천시 원미구 상동 555-14,411924352494,경기도 부천시 원미구 조마루로85번길,7,32,4119510900105550014033212,,경기도 부천시 원미구 조마루로85번길 7-32,420865,14589,,1,,126.753142441879,37.5017411910333
MA010120220807009376,삼천리전기자전거,대리점,G2,소매,G213,오락용품 소매,G21305,자전거 소매업,G47632,자전거 및 기타 운송장비 소매업,46,전라남도,46790,화순군,46790250,화순읍,4679025031,화순읍,4679025031106300004,1,대지,630,4,전라남도 화순군 화순읍 삼천리 630-4,467903291036,전라남도 화순군 화순읍 칠충로,127,1,4679025031106300001042035,,전라남도 화순군 화순읍 칠충로 127-1,519807,58122,,,,126.982931617589,35.0601669056783
MA010120220806996469,엘유엘,코리아,G2,소매,G213,오락용품 소매,G21305,자전거 소매업,G47632,자전거 및 기타 운송장비 소매업,27,대구광역시,27140,동구,27140520,신암2동,2714010100,신암동,2714010100108200006,1,대지,820,6,대구광역시 동구 신암동 820-6,271403141014,대구광역시 동구 신암로,121,,2714010100108200006030863,,대구광역시 동구 신암로 121,701818,41200,,,,128.612510780491,35.8810558292438
MA010120220806994054,포메라자전거의류,,G2,소매,G213,오락용품 소매,G21305,자전거 소매업,G47632,자전거 및 기타 운송장비 소매업,26,부산광역시,26260,동래구,26260750,안락2동,2626010200,안락동,2626010200101760030,1,대지,176,30,부산광역시 동래구 안락동 176-30,262603130018,부산광역시 동래구 온천천로,509,,2626010200101760030001679,,부산광역시 동래구 온천천로 509,607825,47905,,1,,129.108514509716,35.1909015860738
MA010120220807050693,삼천리자전거,대리점,G2,소매,G213,오락용품 소매,G21305,자전거 소매업,G47632,자전거 및 기타 운송장비 소매업,30,대전광역시,30140,중구,30140630,대사동,3014011000,대사동,3014011000100640009,1,대지,64,9,대전광역시 중구 대사동 64-9,301403010004,대전광역시 중구 대종로,381,,3014011000100640009020645,,대전광역시 중구 대종로 381,301800,34935,,,,127.430906864743,36.3193812029781
MA010120220807034574,화신전기자전거,,G2,소매,G213,오락용품 소매,G21305,자전거 소매업,G47632,자전거 및 기타 운송장비 소매업,29,광주광역시,29170,북구,29170555,중앙동,2917010400,북동,2917010400100050007,1,대지,5,7,광주광역시 북구 북동 5-7,291703009006,광주광역시 북구 제봉로,251,,2917010400100050007000001,,광주광역시 북구 제봉로 251,500050,61239,,,,126.911802553193,35.156753567975
MA010120220807051223,알톤자전거양산덕계점,,G2,소매,G213,오락용품 소매,G21305,자전거 소매업,G47632,자전거 및 기타 운송장비 소매업,48,경상남도,48330,양산시,48330570,덕계동,4833012000,덕계동,4833012000107270000,1,대지,727,,경상남도 양산시 덕계동 727,483302000011,경상남도 양산시 웅상대로,812,,4833012000107260000007265,,경상남도 양산시 웅상대로 812,626842,50540,,,,129.152568436407,35.3727758890667
MA010120220808360196,스마트자전거,,G2,소매,G213,오락용품 소매,G21305,자전거 소매업,G47632,자전거 및 기타 운송장비 소매업,52,전북특별자치도,52113,전주시 덕진구,52113612,우아2동,5211311400,우아동2가,5211311400108130002,1,대지,813,2,전북특별자치도 전주시 덕진구 우아동2가 813-2,521134601435,전북특별자치도 전주시 덕진구 진버들6길,31,,4511311400108130002002793,요산빌라,전북특별자치도 전주시 덕진구 진버들6길 31,561222,55014,,1,,127.165781916392,35.8381421879717
MA010120220808360540,자전거이야기,,G2,소매,G213,오락용품 소매,G21305,자전거 소매업,G47632,자전거 및 기타 운송장비 소매업,51,강원특별자치도,51170,동해시,51170600,북평동,5117011300,구미동,5117011300104760005,1,대지,476,5,강원특별자치도 동해시 구미동 476-5,511704463020,강원특별자치도 동해시 구미1길,7,,4217011300004760005022104,,강원특별자치도 동해시 구미1길 7,240200,25792,,,,129.127455747987,37.4830735508406
MA010120220808358578,루트바이크,,G2,소매,G213,오락용품 소매,G21305,자전거 소매업,G47632,자전거 및 기타 운송장비 소매업,48,경상남도,48330,양산시,48330253,물금읍,4833025321,물금읍,4833025321103850003,1,대지,385,3,경상남도 양산시 물금읍 물금리 385-3,483303338089,경상남도 양산시 물금읍 황산로,367,,4833025321103850003013900,,경상남도 양산시 물금읍 황산로 367,626812,50603,,,,128.985990909326,35.3091787571252
MA010120220808361370,선바이크,,G2,소매,G213,오락용품 소매,G21305,자전거 소매업,G47632,자전거 및 기타 운송장비 소매업,41,경기도,41281,고양시 덕양구,41281530,흥도동,4128110500,도내동,4128110500110300009,1,대지,1030,9,경기도 고양시 덕양구 도내동 1030-9,412813194086,경기도 고양시 덕양구 도래울3로,22,,4128110500110300009000001,,경기도 고양시 덕양구 도래울3로 22,412060,10551,,1,,126.871725243436,37.6304024124238
MA010120220808356499,림바이크,,G2,소매,G213,오락용품 소매,G21305,자전거 소매업,G47632,자전거 및 기타 운송장비 소매업,41,경기도,41550,안성시,41550530,안성3동,4155011400,금산동,4155011400101860006,1,대지,186,6,경기도 안성시 금산동 186-6,415503208015,경기도 안성시 대학로,82,,4155011400101860006023077,,경기도 안성시 대학로 82,456310,17569,,1,,127.267120141396,37.0155227746213
MA010120220808360068,로버,,G2,소매,G213,오락용품 소매,G21305,자전거 소매업,G47632,자전거 및 기타 운송장비 소매업,47,경상북도,47130,경주시,47130615,용강동,4713012500,용강동,4713012500115970000,1,대지,1597,,경상북도 경주시 용강동 1597,471304730205,경상북도 경주시 용황로14길,12,,4713012500104410004000001,,경상북도 경주시 용황로14길 12,780140,38069,,1,,129.229318584201,35.881460702964
MA010120220808419994,통영바이크,,G2,소매,G213,오락용품 소매,G21305,자전거 소매업,G47632,자전거 및 기타 운송장비 소매업,48,경상남도,48220,통영시,48220670,봉평동,4822011600,봉평동,4822011600100030009,1,대지,3,9,경상남도 통영시 봉평동 3-9,482204799247,경상남도 통영시 서송정3길,32,,4822011600100030009043803,,경상남도 통영시 서송정3길 32,650140,53073,,1,,128.420339124724,34.8328104750768
MA010120220808398844,천마자전거,,G2,소매,G213,오락용품 소매,G21305,자전거 소매업,G47632,자전거 및 기타 운송장비 소매업,41,경기도,41360,남양주시,41360250,와부읍,4136025023,와부읍,4136025023103490020,1,대지,349,20,경기도 남양주시 와부읍 팔당리 349-20,413603197060,경기도 남양주시 와부읍 팔당로,146,26,4136025023103490000000001,,경기도 남양주시 와부읍 팔당로 146-26,472908,12277,,,,127.245686414409,37.5446672924696
MA010120220808410383,삼천리자전거죽곡점,,G2,소매,G213,오락용품 소매,G21305,자전거 소매업,G47632,자전거 및 기타 운송장비 소매업,27,대구광역시,27710,달성군,27710256,다사읍,2771025627,다사읍,2771025627100090007,1,대지,9,7,대구광역시 달성군 다사읍 죽곡리 9-7,277103148038,대구광역시 달성군 다사읍 왕선로,17,,2771025627100090007000001,,대구광역시 달성군 다사읍 왕선로 17,711815,42910,,,,128.463811187202,35.8612334551681
MA010120220808405463,삼천리자전거수리점판매,,G2,소매,G213,오락용품 소매,G21305,자전거 소매업,G47632,자전거 및 기타 운송장비 소매업,41,경기도,41310,구리시,41310580,수택2동,4131010500,수택동,4131010500104370038,1,대지,437,38,경기도 구리시 수택동 437-38,413104388134,경기도 구리시 원수택로25번길,16,,4131010500104370038006226,,경기도 구리시 원수택로25번길 16,471816,11933,,1,,127.138744092777,37.5947024225353
MA010120220808408498,포시즌자전거,전문점,G2,소매,G213,오락용품 소매,G21305,자전거 소매업,G47632,자전거 및 기타 운송장비 소매업,41,경기도,41800,연천군,41800253,전곡읍,4180025321,전곡읍,4180025321103430043,1,대지,343,43,경기도 연천군 전곡읍 전곡리 343-43,418003215036,경기도 연천군 전곡읍 은전로,93,,4180025321103430043007001,,경기도 연천군 전곡읍 은전로 93,486903,11030,,,,127.07003561939,38.0287367407163
MA010120220808443671,엠바이크MBIKE,,G2,소매,G213,오락용품 소매,G21305,자전거 소매업,G47632,자전거 및 기타 운송장비 소매업,26,부산광역시,26410,금정구,26410610,장전2동,2641010800,장전동,2641010800105790003,1,대지,579,3,부산광역시 금정구 장전동 579-3,264103135040,부산광역시 금정구 식물원로,63,,2641010800105790003000001,,부산광역시 금정구 식물원로 63,609841,46299,,,,129.081511287498,35.2253513380278
MA010120220808454536,황산자전거,,G2,소매,G213,오락용품 소매,G21305,자전거 소매업,G47632,자전거 및 기타 운송장비 소매업,48,경상남도,48330,양산시,48330253,물금읍,4833025321,물금읍,4833025321106390000,1,대지,639,,경상남도 양산시 물금읍 물금리 639,483303338091,경상남도 양산시 물금읍 낙동로,440,,4833025321106390000014538,,경상남도 양산시 물금읍 낙동로 440,626812,50603,,,,128.978172864258,35.3109200179206
MA010120220808457338,바이크클리닉,안동점,G2,소매,G213,오락용품 소매,G21305,자전거 소매업,G47632,자전거 및 기타 운송장비 소매업,47,경상북도,47170,안동시,47170600,태화동,4717012200,태화동,4717012200102100008,1,대지,210,8,경상북도 안동시 태화동 210-8,471703018013,경상북도 안동시 경동로,486,,4717012200102100008026635,,경상북도 안동시 경동로 486,760904,36668,,1,,128.711522756731,36.5658202247456
MA010120220808436438,판교바이크,,G2,소매,G213,오락용품 소매,G21305,자전거 소매업,G47632,자전거 및 기타 운송장비 소매업,41,경기도,41135,성남시 분당구,41135650,판교동,4113510800,판교동,4113510800105990007,1,대지,599,7,경기도 성남시 분당구 판교동 599-7,411354860421,경기도 성남시 분당구 판교공원로2길,29,,4113510800105990007000001,,경기도 성남시 분당구 판교공원로2길 29,463410,13477,,,,127.0931166001,37.3894617991436
MA010120220808448099,자전거가게,,G2,소매,G213,오락용품 소매,G21305,자전거 소매업,G47632,자전거 및 기타 운송장비 소매업,11,서울특별시,11215,광진구,11215847,자양4동,1121510500,자양동,1121510500105530394,1,대지,553,394,서울특별시 광진구 자양동 553-394,112154112175,서울특별시 광진구 능동로7길,41,2,1121510500105530394024905,,서울특별시 광진구 능동로7길 41-2,143862,05076,,,,127.066767471562,37.5373716483096
MA010120220808467248,삼천리자전거선천지구점,,G2,소매,G213,오락용품 소매,G21305,자전거 소매업,G47632,자전거 및 기타 운송장비 소매업,48,경상남도,48250,김해시,48250540,내외동,4825010900,외동,4825010900107040013,1,대지,704,13,경상남도 김해시 외동 704-13,482502335002,경상남도 김해시 금관대로,1179,,4825010900107040013084755,,경상남도 김해시 금관대로 1179,621920,50894,,1,,128.852083528157,35.2327842825099
MA010120220808456732,바이시클,데일리,G2,소매,G213,오락용품 소매,G21305,자전거 소매업,G47632,자전거 및 기타 운송장비 소매업,41,경기도,41287,고양시 일산서구,41287570,대화동,4128710400,대화동,4128710400122940000,1,대지,2294,,경기도 고양시 일산서구 대화동 2294,412873192096,경기도 고양시 일산서구 호수로,844,,4128710400122940000002201,푸조빌딩,경기도 고양시 일산서구 호수로 844,411806,10383,,1,,126.749196184026,37.6702722057515
MA010120220808487123,원스토,,G2,소매,G213,오락용품 소매,G21305,자전거 소매업,G47632,자전거 및 기타 운송장비 소매업,41,경기도,41590,화성시,41590259,향남읍,4159025926,향남읍,4159025926114060017,1,대지,1406,17,경기도 화성시 향남읍 하길리 1406-17,415904430500,경기도 화성시 향남읍 발안공단로1길,57,,4159025926114060017010969,,경기도 화성시 향남읍 발안공단로1길 57,445938,18608,,1,,126.916850672802,37.0851499578848
MA010120220808501525,제이제이모터스,,G2,소매,G213,오락용품 소매,G21305,자전거 소매업,G47632,자전거 및 기타 운송장비 소매업,41,경기도,41117,수원시 영통구,41117585,영통3동,4111710500,영통동,4111710500110320010,1,대지,1032,10,경기도 수원시 영통구 영통동 1032-10,411173177014,경기도 수원시 영통구 청명로,47,1,4111710500110320010000919,,경기도 수원시 영통구 청명로 47-1,443470,16705,,,,127.080401244464,37.2516040218748
MA010120220808496298,삼천리자전거,사동점,G2,소매,G213,오락용품 소매,G21305,자전거 소매업,G47632,자전거 및 기타 운송장비 소매업,41,경기도,41271,안산시 상록구,41271525,사동,4127110300,사동,4127110300113390004,1,대지,1339,4,경기도 안산시 상록구 사동 1339-4,412713190007,경기도 안산시 상록구 감골로,137,,4127110300113390004029899,,경기도 안산시 상록구 감골로 137,426823,15582,,,,126.857129802705,37.2939300518384
MA010120220808496460,제이스포츠,,G2,소매,G213,오락용품 소매,G21305,자전거 소매업,G47632,자전거 및 기타 운송장비 소매업,51,강원특별자치도,51110,춘천시,51110600,후평1동,5111012000,후평동,5111012000106770008,1,대지,677,8,강원특별자치도 춘천시 후평동 677-8,511103218037,강원특별자치도 춘천시 춘천로,259,,4211012000106770008000001,,강원특별자치도 춘천시 춘천로 259,200957,24257,,1,,127.742119742408,37.8796920153139
MA010120220808477842,에이원바이씨클,,G2,소매,G213,오락용품 소매,G21305,자전거 소매업,G47632,자전거 및 기타 운송장비 소매업,41,경기도,41285,고양시 일산동구,41285530,정발산동,4128510300,정발산동,4128510300112590009,1,대지,1259,9,경기도 고양시 일산동구 정발산동 1259-9,412854379110,경기도 고양시 일산동구 산두로175번길,6,18,4128510300112590009011873,전부및,경기도 고양시 일산동구 산두로175번길 6-18,410828,10358,,1,,126.782736876496,37.6737354447409
MA010120220808477952,참좋은메디칼,,G2,소매,G213,오락용품 소매,G21305,자전거 소매업,G47632,자전거 및 기타 운송장비 소매업,26,부산광역시,26170,동구,26170570,수정2동,2617010200,수정동,2617010200108130009,1,대지,813,9,부산광역시 동구 수정동 813-9,261703127029,부산광역시 동구 수정중로,8,1,2617010200108130009017393,,부산광역시 동구 수정중로 8-1,601818,48782,,,,129.043983844986,35.1293053314266
MA010120220808499882,퍼스널모빌리티,,G2,소매,G213,오락용품 소매,G21305,자전거 소매업,G47632,자전거 및 기타 운송장비 소매업,27,대구광역시,27710,달성군,27710256,다사읍,2771025627,다사읍,2771025627108570007,1,대지,857,7,대구광역시 달성군 다사읍 죽곡리 857-7,277104244630,대구광역시 달성군 다사읍 대실역남로4길,30,24,2771025627108570007000001,상가,대구광역시 달성군 다사읍 대실역남로4길 30-24,711815,42917,,1,,128.468001679029,35.8489445374618
MA010120220809855787,사이클월드,,G2,소매,G213,오락용품 소매,G21305,자전거 소매업,G47632,자전거 및 기타 운송장비 소매업,26,부산광역시,26530,사상구,26530620,괘법동,2653010400,괘법동,2653010400105170019,1,대지,517,19,부산광역시 사상구 괘법동 517-19,265302006002,부산광역시 사상구 낙동대로,1220,1,2653010400105170019011504,,부산광역시 사상구 낙동대로 1220-1,617808,46960,,1,,128.97708825279,35.1690129833277
MA010120220809870222,신사모터스,,G2,소매,G213,오락용품 소매,G21305,자전거 소매업,G47632,자전거 및 기타 운송장비 소매업,11,서울특별시,11650,서초구,11650560,반포1동,1165010700,반포동,1165010700107450000,1,대지,745,,서울특별시 서초구 반포동 745,116502121001,서울특별시 서초구 사평대로,335,,1165010700107450000018539,금성빌딩,서울특별시 서초구 사평대로 335,137810,06543,,,,127.019610644406,37.5034571221104
MA010120220809890336,월드바이크,,G2,소매,G213,오락용품 소매,G21305,자전거 소매업,G47632,자전거 및 기타 운송장비 소매업,31,울산광역시,31200,북구,31200580,양정동,3120012400,양정동,3120012400104800004,1,대지,480,4,울산광역시 북구 양정동 480-4,312003169028,울산광역시 북구 염포로,503,1,3120012400104800004004373,,울산광역시 북구 염포로 503-1,683380,44260,,,,129.384241830852,35.5466720202449
MA010120220809882964,삼천리자전거,,G2,소매,G213,오락용품 소매,G21305,자전거 소매업,G47632,자전거 및 기타 운송장비 소매업,51,강원특별자치도,51730,횡성군,51730250,횡성읍,5173025021,횡성읍,5173025021102780010,1,대지,278,10,강원특별자치도 횡성군 횡성읍 읍상리 278-10,517303226021,강원특별자치도 횡성군 횡성읍 문정로,39,1,4273025021105730001003862,,강원특별자치도 횡성군 횡성읍 문정로 39-1,225807,25232,,,,127.987659747675,37.489166818293
MA010120220809874098,바이크로,,G2,소매,G213,오락용품 소매,G21305,자전거 소매업,G47632,자전거 및 기타 운송장비 소매업,28,인천광역시,28260,서구,28260515,검암경서동,2826010300,검암동,2826010300102510016,1,대지,251,16,인천광역시 서구 검암동 251-16,282603156046,인천광역시 서구 서곶로,458,,2826010300102510016026879,,인천광역시 서구 서곶로 458,404841,22706,,,,126.677726570622,37.5584034733704
MA010120220809863053,삼천리자전거,화명점,G2,소매,G213,오락용품 소매,G21305,자전거 소매업,G47632,자전거 및 기타 운송장비 소매업,26,부산광역시,26320,북구,26320543,화명3동,2632010200,화명동,2632010200123140002,1,대지,2314,2,부산광역시 북구 화명동 2314-2,263203132020,부산광역시 북구 학사로,13,,2632010200123140002015266,산봉빌딩,부산광역시 북구 학사로 13,616853,46542,,,,129.007942073345,35.2240261945355
MA010120220809927900,나사,,G2,소매,G213,오락용품 소매,G21305,자전거 소매업,G47632,자전거 및 기타 운송장비 소매업,41,경기도,41590,화성시,41590520,진안동,4159011600,진안동,4159011600105140005,1,대지,514,5,경기도 화성시 진안동 514-5,415904430568,경기도 화성시 병점중앙로155번길,4,,4159011600005140005031258,,경기도 화성시 병점중앙로155번길 4,445390,18401,,,,127.037853054581,37.2116908628212
MA010120220809930346,알피엠,,G2,소매,G213,오락용품 소매,G21305,자전거 소매업,G47632,자전거 및 기타 운송장비 소매업,51,강원특별자치도,51780,철원군,51780259,동송읍,5178025921,동송읍,5178025921107020008,1,대지,702,8,강원특별자치도 철원군 동송읍 이평리 702-8,517804490270,강원특별자치도 철원군 동송읍 이평2로10번길,17,,4278025921107020008000001,,강원특별자치도 철원군 동송읍 이평2로10번길 17,269816,24017,,,,127.221014011712,38.2052002948946
MA010120220809925181,중앙자전거,,G2,소매,G213,오락용품 소매,G21305,자전거 소매업,G47632,자전거 및 기타 운송장비 소매업,41,경기도,41480,파주시,41480250,문산읍,4148025022,문산읍,4148025022100920008,1,대지,92,8,경기도 파주시 문산읍 당동리 92-8,414803206035,경기도 파주시 문산읍 방촌로,1686,,4148025022106990011017172,,경기도 파주시 문산읍 방촌로 1686,413902,10821,,1,,126.782498465802,37.8637391646713
MA010120220809920125,자전거,백화점,G2,소매,G213,오락용품 소매,G21305,자전거 소매업,G47632,자전거 및 기타 운송장비 소매업,46,전라남도,46780,보성군,46780253,벌교읍,4678025321,벌교읍,4678025321100010054,1,대지,1,54,전라남도 보성군 벌교읍 벌교리 1-54,467803290013,전라남도 보성군 벌교읍 채동선로,320,,4678025321100010054705879,,전라남도 보성군 벌교읍 채동선로 320,546905,59424,,,,127.340327888669,34.8488387786976
MA010120220809899638,엔에스알진주점,,G2,소매,G213,오락용품 소매,G21305,자전거 소매업,G47632,자전거 및 기타 운송장비 소매업,48,경상남도,48170,진주시,48170673,상대동,4817011900,상대동,4817011900102960003,1,대지,296,3,경상남도 진주시 상대동 296-3,481703332077,경상남도 진주시 동진로,98,1,4817011900102960003092299,,경상남도 진주시 동진로 98-1,660806,52794,,1,,128.101976917305,35.178993453041
MA010120220809933800,지니바이크,,G2,소매,G213,오락용품 소매,G21305,자전거 소매업,G47632,자전거 및 기타 운송장비 소매업,26,부산광역시,26290,남구,26290540,대연4동,2629010600,대연동,2629010600111710007,1,대지,1171,7,부산광역시 남구 대연동 1171-7,262904193121,부산광역시 남구 석포로73번길,5,,2629010600111710007029193,,부산광역시 남구 석포로73번길 5,608815,48487,,1,,129.088139343454,35.1247584168808
MA010120220809934304,상경종합바이크,,G2,소매,G213,오락용품 소매,G21305,자전거 소매업,G47632,자전거 및 기타 운송장비 소매업,11,서울특별시,11560,영등포구,11560680,신길6동,1156013200,신길동,1156013200140080000,1,대지,4008,,서울특별시 영등포구 신길동 4008,115603118015,서울특별시 영등포구 신풍로,86,,1156013200140080000008800,,서울특별시 영등포구 신풍로 86,150859,07431,,1,,126.915590112052,37.4998245695777
MA010120220809970497,논산코렉스알톤자전거,,G2,소매,G213,오락용품 소매,G21305,자전거 소매업,G47632,자전거 및 기타 운송장비 소매업,44,충청남도,44230,논산시,44230520,부창동,4423010400,부창동,4423010400100200001,1,대지,20,1,충청남도 논산시 부창동 20-1,442303000095,충청남도 논산시 계백로,961,,4423010400100200001044246,,충청남도 논산시 계백로 961,320080,32953,,1,,127.084506625587,36.201494801889
MA010120220809942144,김해스캇,,G2,소매,G213,오락용품 소매,G21305,자전거 소매업,G47632,자전거 및 기타 운송장비 소매업,48,경상남도,48250,김해시,48250620,장유2동,4825012900,대청동,4825012900102970008,1,대지,297,8,경상남도 김해시 대청동 297-8,482503335006,경상남도 김해시 계동로,200,,4825031027102970008092026,,경상남도 김해시 계동로 200,621280,51003,,,,128.800188737177,35.1896518995257
MA010120220810013061,바이크드림,칠곡점,G2,소매,G213,오락용품 소매,G21305,자전거 소매업,G47632,자전거 및 기타 운송장비 소매업,27,대구광역시,27230,북구,27230735,태전2동,2723012600,태전동,2723012600104510004,1,대지,451,4,대구광역시 북구 태전동 451-4,272303145052,대구광역시 북구 학정로,93,,2723012600104510004000001,,대구광역시 북구 학정로 93,702865,41469,,1,,128.550347312044,35.916280159451
MA010120220810002769,워크아웃,,G2,소매,G213,오락용품 소매,G21305,자전거 소매업,G47632,자전거 및 기타 운송장비 소매업,26,부산광역시,26290,남구,26290690,문현2동,2629010900,문현동,2629010900112290002,1,대지,1229,2,부산광역시 남구 문현동 1229-2,262903131011,부산광역시 남구 문현금융로,40,,2629010900112290001000001,부산국제금융센터,부산광역시 남구 문현금융로 40,608042,48400,,2,,129.065862887616,35.1464888856588
MA010120220810006032,삼천리자전거,,G2,소매,G213,오락용품 소매,G21305,자전거 소매업,G47632,자전거 및 기타 운송장비 소매업,46,전라남도,46830,영암군,46830253,삼호읍,4683025326,삼호읍,4683025326102360075,1,대지,236,75,전라남도 영암군 삼호읍 용앙리 236-75,468304685249,전라남도 영암군 삼호읍 세가래2길,30,25,4683025326102360075000001,,전라남도 영암군 삼호읍 세가래2길 30-25,526897,58458,,,,126.472783425307,34.7479365764435
MA010120220810008812,스태프바이크,,G2,소매,G213,오락용품 소매,G21305,자전거 소매업,G47632,자전거 및 기타 운송장비 소매업,31,울산광역시,31710,울주군,31710259,범서읍,3171025927,범서읍,3171025927103830001,1,대지,383,1,울산광역시 울주군 범서읍 구영리 383-1,317104319922,울산광역시 울주군 범서읍 점촌6길,5,25,3171025927103830001000001,,울산광역시 울주군 범서읍 점촌6길 5-25,689852,44925,,,,129.242500334054,35.5679999205742
MA010120220809993959,에스바이크,,G2,소매,G213,오락용품 소매,G21305,자전거 소매업,G47632,자전거 및 기타 운송장비 소매업,11,서울특별시,11350,노원구,11350570,월계2동,1135010200,월계동,1135010200102700005,1,대지,270,5,서울특별시 노원구 월계동 270-5,113504130379,서울특별시 노원구 초안산로2길,92,,1135010200102700005018397,,서울특별시 노원구 초안산로2길 92,139848,01867,,1,,127.057404188084,37.6326205416683
MA010120220810010049,삼천리자전거,,G2,소매,G213,오락용품 소매,G21305,자전거 소매업,G47632,자전거 및 기타 운송장비 소매업,29,광주광역시,29200,광산구,29200565,어룡동,2920010700,선암동,2920010700105930000,1,대지,593,,광주광역시 광산구 선암동 593,292004289711,광주광역시 광산구 선운로20번길,64,,2920010700105930000000001,,광주광역시 광산구 선운로20번길 64,506100,62402,,,,126.777449049518,35.1465401387609
MA010120220805252204,두바퀴자전거,,G2,소매,G213,오락용품 소매,G21305,자전거 소매업,G47632,자전거 및 기타 운송장비 소매업,48,경상남도,48250,김해시,48250630,장유3동,4825013200,장유동,4825013200108410000,1,대지,841,,경상남도 김해시 장유동 841,482504857155,경상남도 김해시 율하숲길,7,,4825013200100000000000009,,경상남도 김해시 율하숲길 7,621340,51022,,,,128.823028586902,35.1702587273342
MA010120220805261474,엠메디칼,,G2,소매,G213,오락용품 소매,G21305,자전거 소매업,G47632,자전거 및 기타 운송장비 소매업,41,경기도,41463,용인시 기흥구,41463540,기흥동,4146310800,고매동,4146310800103650018,1,대지,365,18,경기도 용인시 기흥구 고매동 365-18,414634412074,경기도 용인시 기흥구 기흥단지로141번길,23,,4146310800103650018000001,,경기도 용인시 기흥구 기흥단지로141번길 23,446901,17086,,,,127.110574865703,37.2279182364031
MA010120220805268149,아이마양산점,코리아,G2,소매,G213,오락용품 소매,G21305,자전거 소매업,G47632,자전거 및 기타 운송장비 소매업,48,경상남도,48330,양산시,48330253,물금읍,4833025321,물금읍,4833025321108810010,1,대지,881,10,경상남도 양산시 물금읍 물금리 881-10,483303338089,경상남도 양산시 물금읍 황산로,336,,4833025321108810010000001,,경상남도 양산시 물금읍 황산로 336,626812,50657,,,,128.987120228042,35.3068081808318
MA010120220805262856,사공일구이플러스,,G2,소매,G213,오락용품 소매,G21305,자전거 소매업,G47632,자전거 및 기타 운송장비 소매업,11,서울특별시,11440,마포구,11440700,망원2동,1144012300,망원동,1144012300104530041,1,대지,453,41,서울특별시 마포구 망원동 453-41,114403113006,서울특별시 마포구 망원로,3,2,1144012300104530041025171,,서울특별시 마포구 망원로 3-2,121825,03954,,1,,126.89746426006,37.5559516300655
MA010120220805279052,청년자전거유스바이크,,G2,소매,G213,오락용품 소매,G21305,자전거 소매업,G47632,자전거 및 기타 운송장비 소매업,28,인천광역시,28177,미추홀구,28177700,관교동,2817710600,관교동,2817710600104870010,1,대지,487,10,인천광역시 미추홀구 관교동 487-10,281774253005,인천광역시 미추홀구 경원대로658번길,5,44,2817010800104870010083548,,인천광역시 미추홀구 경원대로658번길 5-44,402080,22243,,1,,126.692460985159,37.44290720535
MA010120220805279427,첼로자전거동송,대리점,G2,소매,G213,오락용품 소매,G21305,자전거 소매업,G47632,자전거 및 기타 운송장비 소매업,51,강원특별자치도,51780,철원군,51780259,동송읍,5178025921,동송읍,5178025921107050017,1,대지,705,17,강원특별자치도 철원군 동송읍 이평리 705-17,517803230005,강원특별자치도 철원군 동송읍 금학로,199,,4278025921107050017023258,,강원특별자치도 철원군 동송읍 금학로 199,269816,24018,,,,127.218963005878,38.20656449144
MA010120220805280136,삼천리자전거,석수점,G2,소매,G213,오락용품 소매,G21305,자전거 소매업,G47632,자전거 및 기타 운송장비 소매업,41,경기도,41171,안양시 만안구,41171590,석수1동,4117110200,석수동,4117110200101830059,1,대지,183,59,경기도 안양시 만안구 석수동 183-59,411714346010,경기도 안양시 만안구 경수대로1201번길,45,,4117110200101830059002918,,경기도 안양시 만안구 경수대로1201번길 45,430850,13961,,,,126.912058135187,37.4160188409536
MA010120220805296397,바이크하우스,,G2,소매,G213,오락용품 소매,G21305,자전거 소매업,G47632,자전거 및 기타 운송장비 소매업,27,대구광역시,27710,달성군,27710259,유가읍,2771025925,유가읍,2771025925106250001,1,대지,625,1,대구광역시 달성군 유가읍 쌍계리 625-1,277103148045,대구광역시 달성군 유가읍 현풍로,225,,2771037025106250001000001,,대구광역시 달성군 유가읍 현풍로 225,711883,42989,,1,,128.463624637343,35.6990516217258
MA010120220805333248,삼천리,,G2,소매,G213,오락용품 소매,G21305,자전거 소매업,G47632,자전거 및 기타 운송장비 소매업,41,경기도,41370,오산시,41370510,중앙동,4137010100,오산동,4137010100101190002,1,대지,119,2,경기도 오산시 오산동 119-2,413704394011,경기도 오산시 경기대로333번길,4,,4137010100101190002000969,,경기도 오산시 경기대로333번길 4,447800,18135,,,,127.073082480706,37.1546015865481
MA010120220805322005,바이크팩토리,,G2,소매,G213,오락용품 소매,G21305,자전거 소매업,G47632,자전거 및 기타 운송장비 소매업,48,경상남도,48170,진주시,48170750,충무공동,4817013700,충무공동,4817013700102870001,1,대지,287,1,경상남도 진주시 충무공동 287-1,481703350069,경상남도 진주시 에나로,130,,4817013700102870001000001,베네비앙,경상남도 진주시 에나로 130,660031,52856,,1,,128.143393175867,35.1772756100469
MA010120220805355087,성우,,G2,소매,G213,오락용품 소매,G21305,자전거 소매업,G47632,자전거 및 기타 운송장비 소매업,41,경기도,41285,고양시 일산동구,41285526,중산2동,4128510200,중산동,4128510200100070000,1,대지,7,,경기도 고양시 일산동구 중산동 7,412853193016,경기도 고양시 일산동구 성석로,48,,4128510200100070000013319,,경기도 고양시 일산동구 성석로 48,410831,10319,,2,,126.791718640319,37.6843831787734
MA010120220805352556,스핀웍스,,G2,소매,G213,오락용품 소매,G21305,자전거 소매업,G47632,자전거 및 기타 운송장비 소매업,26,부산광역시,26440,강서구,26440535,명지1동,2644010400,명지동,2644010400133110001,1,대지,3311,1,부산광역시 강서구 명지동 3311-1,264403350856,부산광역시 강서구 명지국제4로208번길,6,2,2644010400133110001000001,상가,부산광역시 강서구 명지국제4로208번길 6-2,618200,46773,,,,128.919935564748,35.1117337552273
MA010120220805325416,이지케이,,G2,소매,G213,오락용품 소매,G21305,자전거 소매업,G47632,자전거 및 기타 운송장비 소매업,41,경기도,41463,용인시 기흥구,41463590,보정동,4146311800,보정동,4146311800111810001,1,대지,1181,1,경기도 용인시 기흥구 보정동 1181-1,414634412231,경기도 용인시 기흥구 죽전로15번길,19,11,4146311800111810001023499,,경기도 용인시 기흥구 죽전로15번길 19-11,446857,16897,,1,,127.109437973816,37.3222131326486
MA010120220805331505,삼천리자전거송도,대리점,G2,소매,G213,오락용품 소매,G21305,자전거 소매업,G47632,자전거 및 기타 운송장비 소매업,28,인천광역시,28185,연수구,28185630,옥련1동,2818510100,옥련동,2818510100103360001,1,대지,336,1,인천광역시 연수구 옥련동 336-1,281853151034,인천광역시 연수구 한나루로,190,,2818510100103360001121750,송도프라자,인천광역시 연수구 한나루로 190,406834,21939,,1,,126.656907096314,37.4262577592097
MA010120220805326454,온누리부흥센터,,G2,소매,G213,오락용품 소매,G21305,자전거 소매업,G47632,자전거 및 기타 운송장비 소매업,41,경기도,41171,안양시 만안구,41171550,안양5동,4117110100,안양동,4117110100107070307,1,대지,707,307,경기도 안양시 만안구 안양동 707-307,411714346028,경기도 안양시 만안구 냉천로153번길,9,,4117110100107070307002406,,경기도 안양시 만안구 냉천로153번길 9,430834,14000,,,,126.92162658967,37.3938784890936
MA010120220805329725,안동한빛,,G2,소매,G213,오락용품 소매,G21305,자전거 소매업,G47632,자전거 및 기타 운송장비 소매업,47,경상북도,47170,안동시,47170310,와룡면,4717031027,와룡면,4717031027102600002,1,대지,260,2,경상북도 안동시 와룡면 태리 260-2,471704721606,경상북도 안동시 와룡면 서동골길,99,,4717031027102600002000001,,경상북도 안동시 와룡면 서동골길 99,760916,36611,,,,128.751940975109,36.6125366221228
MA010120220805327018,모노클,,G2,소매,G213,오락용품 소매,G21305,자전거 소매업,G47632,자전거 및 기타 운송장비 소매업,27,대구광역시,27170,서구,27170610,비산7동,2717010200,비산동,2717010200113360003,1,대지,1336,3,대구광역시 서구 비산동 1336-3,271704229335,대구광역시 서구 팔달로18길,23,,2717010200113360003029387,,대구광역시 서구 팔달로18길 23,703824,41710,,1,,128.558655184351,35.888011843349
MA010120220805386742,파란캠핑,,G2,소매,G213,오락용품 소매,G21305,자전거 소매업,G47632,자전거 및 기타 운송장비 소매업,28,인천광역시,28260,서구,28260575,신현원창동,2826011100,원창동,2826011100103810075,1,대지,381,75,인천광역시 서구 원창동 381-75,282603156040,인천광역시 서구 북항로,30,,2826011100103810075000001,시그마프라임빌딩,인천광역시 서구 북항로 30,404210,22769,,5,,126.645318133868,37.5070618763481
MA010120220805364075,행주스카이사이클아카데미,,G2,소매,G213,오락용품 소매,G21305,자전거 소매업,S96999,그 외 기타 달리 분류되지 않은 개인 서비스업,41,경기도,41281,고양시 덕양구,41281630,행주동,4128112500,행주내동,4128112500107350009,1,대지,735,9,경기도 고양시 덕양구 행주내동 735-9,412814376310,경기도 고양시 덕양구 행주로83번길,51,11,4128112600107350009017346,,경기도 고양시 덕양구 행주로83번길 51-11,412230,10439,,,,126.820929776947,37.6058113921149
MA010120220805387672,자전거맛집,,G2,소매,G213,오락용품 소매,G21305,자전거 소매업,G47632,자전거 및 기타 운송장비 소매업,41,경기도,41281,고양시 덕양구,41281650,행신2동,4128112800,행신동,4128112800107610003,1,대지,761,3,경기도 고양시 덕양구 행신동 761-3,412813192095,경기도 고양시 덕양구 충장로,22,,4128112800107610003010749,탑프라자,경기도 고양시 덕양구 충장로 22,412222,10526,,,,126.834465808531,37.6148049975427
MA010120220805380322,삼천리자전거,,G2,소매,G213,오락용품 소매,G21305,자전거 소매업,G47632,자전거 및 기타 운송장비 소매업,36,세종특별자치시,36110,세종특별자치시,36110340,금남면,3611034021,금남면,3611034021101960003,1,대지,196,3,세종특별자치시 세종특별자치시 금남면 용포리 196-3,361103258023,세종특별자치시 세종특별자치시 금남면 용포로,91,,4473034021101960003029765,,세종특별자치시 세종특별자치시 금남면 용포로 91,339835,30083,,,,127.281481202105,36.4668074811031
MA010120220806750559,삼천리자전거함안점,,G2,소매,G213,오락용품 소매,G21305,자전거 소매업,G47632,자전거 및 기타 운송장비 소매업,48,경상남도,48730,함안군,48730250,가야읍,4873025024,가야읍,4873025024100840014,1,대지,84,14,경상남도 함안군 가야읍 도항리 84-14,487302340001,경상남도 함안군 가야읍 함안대로,590,,4873025024100840014022519,,경상남도 함안군 가야읍 함안대로 590,637803,52041,,,,128.403775616278,35.2789392276466
MA010120220806732614,자전거의류NSR양산,대리점,G2,소매,G213,오락용품 소매,G21305,자전거 소매업,G47632,자전거 및 기타 운송장비 소매업,48,경상남도,48330,양산시,48330253,물금읍,4833025321,물금읍,4833025321108810013,1,대지,881,13,경상남도 양산시 물금읍 물금리 881-13,483303338089,경상남도 양산시 물금읍 황산로,330,1,4833025321108810013000001,,경상남도 양산시 물금읍 황산로 330-1,626812,50657,,1,,128.987410316407,35.3065330651973
MA010120220806743509,트레벨로,코리아,G2,소매,G213,오락용품 소매,G21305,자전거 소매업,G47632,자전거 및 기타 운송장비 소매업,41,경기도,41670,여주시,41670350,대신면,4167035034,대신면,4167035034106210000,1,대지,621,,경기도 여주시 대신면 천서리 621,416703214070,경기도 여주시 대신면 여양로,1995,,4167035034106210001000001,,경기도 여주시 대신면 여양로 1995,469842,12608,,,,127.544890844055,37.4040378054387
MA010120220806744065,카이트텐트트레일러,,G2,소매,G213,오락용품 소매,G21305,자전거 소매업,G47632,자전거 및 기타 운송장비 소매업,27,대구광역시,27140,동구,27140685,해안동,2714011200,둔산동,2714011200102960000,1,대지,296,,대구광역시 동구 둔산동 296,271403142030,대구광역시 동구 옻골로,132,,2714011200102960000000001,,대구광역시 동구 옻골로 132,701160,41055,,1,,128.686043117894,35.9012945240146
MA010120220806785087,이티이브이,,G2,소매,G213,오락용품 소매,G21305,자전거 소매업,G47632,자전거 및 기타 운송장비 소매업,26,부산광역시,26380,사하구,26380620,감천1동,2638010800,감천동,2638010800108250009,1,대지,825,9,부산광역시 사하구 감천동 825-9,263803006004,부산광역시 사하구 감천로,6,,2638010800108250009006138,,부산광역시 사하구 감천로 6,604806,49446,,2,,128.993683631531,35.0921497532967
MA010120220806785138,바이크마트,동탄지점,G2,소매,G213,오락용품 소매,G21305,자전거 소매업,G47632,자전거 및 기타 운송장비 소매업,41,경기도,41590,화성시,41590586,동탄2동,4159012700,반송동,4159012700101420006,1,대지,142,6,경기도 화성시 반송동 142-6,415903210001,경기도 화성시 10용사로,456,,4159012700101320000000001,,경기도 화성시 10용사로 456,445160,18439,,,,127.065801698768,37.1966671225182
MA010120220806777603,봉바이크,,G2,소매,G213,오락용품 소매,G21305,자전거 소매업,G47632,자전거 및 기타 운송장비 소매업,51,강원특별자치도,51230,삼척시,51230530,교동,5123010600,교동,5123010600105600001,1,대지,560,1,강원특별자치도 삼척시 교동 560-1,512303223002,강원특별자치도 삼척시 교동로,59,,4223010600105600001000001,,강원특별자치도 삼척시 교동로 59,245931,25915,,,,129.168535197054,37.4490312516044
MA010120220806780180,삼천리자전거,,G2,소매,G213,오락용품 소매,G21305,자전거 소매업,G47632,자전거 및 기타 운송장비 소매업,46,전라남도,46890,완도군,46890250,완도읍,4689025021,완도읍,4689025021113810000,1,대지,1381,,전라남도 완도군 완도읍 군내리 1381,468904700420,전라남도 완도군 완도읍 청해진남로24번길,21,,4689025021113810000009265,,전라남도 완도군 완도읍 청해진남로24번길 21,537800,59122,,,,126.754582161431,34.3145028787037
MA010120220806777620,읍성자전거,,G2,소매,G213,오락용품 소매,G21305,자전거 소매업,G47632,자전거 및 기타 운송장비 소매업,47,경상북도,47130,경주시,47130530,황오동,4713010400,성동동,4713010400103540003,1,대지,354,3,경상북도 경주시 성동동 354-3,471303305073,경상북도 경주시 동문로,28,,4713010400103540003005481,,경상북도 경주시 동문로 28,780958,38146,,,,129.214117567848,35.8468716950078
MA010120220806777762,철이바이크,,G2,소매,G213,오락용품 소매,G21305,자전거 소매업,G47632,자전거 및 기타 운송장비 소매업,44,충청남도,44230,논산시,44230510,취암동,4423010500,취암동,4423010500100240000,1,대지,24,,충청남도 논산시 취암동 24,442303255035,충청남도 논산시 체육로,101,,4423010500100240000046970,,충청남도 논산시 체육로 101,320802,32984,,,,127.10216436299,36.1931719351689
MA010120220806813884,바이칼상사,,G2,소매,G213,오락용품 소매,G21305,자전거 소매업,G47632,자전거 및 기타 운송장비 소매업,28,인천광역시,28237,부평구,28237510,부평1동,2823710100,부평동,2823710100105430034,1,대지,543,34,인천광역시 부평구 부평동 543-34,282372008008,인천광역시 부평구 부평대로,37,2,2823710100105430034011301,성안빌딩,인천광역시 부평구 부평대로 37-2,403859,21388,,1,,126.722440827445,37.4948614565568
MA010120220806835475,이에이치,,G2,소매,G213,오락용품 소매,G21305,자전거 소매업,G47632,자전거 및 기타 운송장비 소매업,41,경기도,41273,안산시 단원구,41273545,원곡동,4127310800,원곡동,4127310800107990007,1,대지,799,7,경기도 안산시 단원구 원곡동 799-7,412732190002,경기도 안산시 단원구 중앙대로,475,,4127310800107990007001948,,경기도 안산시 단원구 중앙대로 475,425846,15392,,,,126.791715438238,37.327297398845
MA010120220806818482,세종자전거여행,,G2,소매,G213,오락용품 소매,G21305,자전거 소매업,G47632,자전거 및 기타 운송장비 소매업,36,세종특별자치시,36110,세종특별자치시,36110560,보람동,3611010300,보람동,3611010300107070000,1,대지,707,,세종특별자치시 세종특별자치시 보람동 707,361102348105,세종특별자치시 세종특별자치시 시청대로,163,,3611010300106260002000001,리버에비뉴,세종특별자치시 세종특별자치시 시청대로 163,339008,30151,,,,127.289422449002,36.4811259246567
MA010120220806853661,"두바퀴이야기,개편한펫택시",,G2,소매,G213,오락용품 소매,G21305,자전거 소매업,G47632,자전거 및 기타 운송장비 소매업,43,충청북도,43770,음성군,43770253,금왕읍,4377025337,금왕읍,4377025337100110000,1,대지,11,,충청북도 음성군 금왕읍 오선리 11,437703247019,충청북도 음성군 금왕읍 무극로,38,1,4377025337100110000217660,,충청북도 음성군 금왕읍 무극로 38-1,369906,27632,,,,127.568514046655,36.9843299150875
MA010120220806888684,시스,코리아,G2,소매,G213,오락용품 소매,G21305,자전거 소매업,G47632,자전거 및 기타 운송장비 소매업,11,서울특별시,11500,강서구,11500630,방화1동,1150010900,방화동,1150010900106070116,1,대지,607,116,서울특별시 강서구 방화동 607-116,115004145367,서울특별시 강서구 방화동로12나길,2,,1150010900106070116004269,,서울특별시 강서구 방화동로12나길 2,157852,07616,,지,,126.814277804052,37.5664998525297
MA010120220806892152,삼천리자전거건등점,,G2,소매,G213,오락용품 소매,G21305,자전거 소매업,G47632,자전거 및 기타 운송장비 소매업,51,강원특별자치도,51130,원주시,51130250,문막읍,5113025026,문막읍,5113025026117090022,1,대지,1709,22,강원특별자치도 원주시 문막읍 건등리 1709-22,511303219005,강원특별자치도 원주시 문막읍 건등로,16,5,4213025026117090022025400,,강원특별자치도 원주시 문막읍 건등로 16-5,220801,26370,,1,,127.818736716401,37.3119348072206
MA010120220806877567,제이엘바이크,,G2,소매,G213,오락용품 소매,G21305,자전거 소매업,G47632,자전거 및 기타 운송장비 소매업,41,경기도,41210,광명시,41210633,하안3동,4121010300,하안동,4121010300100380000,1,대지,38,,경기도 광명시 하안동 38,412104361294,경기도 광명시 하안로287번길,8,,4121010300100380000009929,뉴코아아울렛,경기도 광명시 하안로287번길 8,423063,14305,,1,,126.879893090692,37.4612124817294
MA010120220808180170,챌린저바이크,,G2,소매,G213,오락용품 소매,G21305,자전거 소매업,G47632,자전거 및 기타 운송장비 소매업,48,경상남도,48250,김해시,48250550,북부동,4825010600,구산동,4825010600103080009,1,대지,308,9,경상남도 김해시 구산동 308-9,482504805090,경상남도 김해시 구산로10번길,43,,4825010600103080009088386,,경상남도 김해시 구산로10번길 43,621900,50910,,1,,128.872043003491,35.2453100202697
MA010120220808188109,아나사지자전거,,G2,소매,G213,오락용품 소매,G21305,자전거 소매업,G47632,자전거 및 기타 운송장비 소매업,41,경기도,41220,평택시,41220250,팽성읍,4122025035,팽성읍,4122025035101010040,1,대지,101,40,경기도 평택시 팽성읍 본정리 101-40,412203188114,경기도 평택시 팽성읍 팽성서로,42,21,4122025035101010040227918,,경기도 평택시 팽성읍 팽성서로 42-21,451804,17979,,,,127.016234313852,36.949421318675
MA010120220808193528,마이비,,G2,소매,G213,오락용품 소매,G21305,자전거 소매업,G47632,자전거 및 기타 운송장비 소매업,41,경기도,41570,김포시,41570256,양촌읍,4157025626,양촌읍,4157025626127950000,1,대지,2795,,경기도 김포시 양촌읍 학운리 2795,415704427620,경기도 김포시 양촌읍 황금로70번길,5,13,4157025626127950000000001,대흥빌,경기도 김포시 양촌읍 황금로70번길 5-13,415843,10047,,,,126.624756513867,37.6199105910476
MA010120220808194515,하서종합상사,,G2,소매,G213,오락용품 소매,G21305,자전거 소매업,G47632,자전거 및 기타 운송장비 소매업,29,광주광역시,29170,북구,29170695,건국동,2917013100,용두동,2917013100102760017,1,대지,276,17,광주광역시 북구 용두동 276-17,291703162082,광주광역시 북구 하서로,449,,2917013100102760017046673,,광주광역시 북구 하서로 449,500220,61019,,,,126.87579182349,35.2150126347631
MA010120220808205051,나이스바이크,,G2,소매,G213,오락용품 소매,G21305,자전거 소매업,G47632,자전거 및 기타 운송장비 소매업,47,경상북도,47290,경산시,47290560,동부동,4729012600,사동,4729012600106660002,1,대지,666,2,경상북도 경산시 사동 666-2,472904739352,경상북도 경산시 백양로33길,8,,4729012600106660002016313,,경상북도 경산시 백양로33길 8,712190,38597,,1,,128.759515329727,35.8120114771264
MA010120220808178823,구프로바이크,,G2,소매,G213,오락용품 소매,G21305,자전거 소매업,G47632,자전거 및 기타 운송장비 소매업,26,부산광역시,26440,강서구,26440535,명지1동,2644010400,명지동,2644010400133880001,1,대지,3388,1,부산광역시 강서구 명지동 3388-1,264403350859,부산광역시 강서구 명지국제6로,286,,2644010400116230002000001,세성파크,부산광역시 강서구 명지국제6로 286,618200,46773,,,,128.923862376736,35.1010283736727
MA010120220808254539,베비카,코리아,G2,소매,G213,오락용품 소매,G21305,자전거 소매업,G47632,자전거 및 기타 운송장비 소매업,44,충청남도,44133,천안시 서북구,44133520,성정2동,4413310200,성정동,4413310200106310007,1,대지,631,7,충청남도 천안시 서북구 성정동 631-7,441334550293,충청남도 천안시 서북구 서부20길,41,5,4413310200106310007050387,,충청남도 천안시 서북구 서부20길 41-5,331936,31135,,1,,127.14293550695,36.8251830252
MA010120220808246681,바이크박스,인후점,G2,소매,G213,오락용품 소매,G21305,자전거 소매업,G47632,자전거 및 기타 운송장비 소매업,52,전북특별자치도,52113,전주시 덕진구,52113560,인후3동,5211310300,인후동1가,5211310300108670003,1,대지,867,3,전북특별자치도 전주시 덕진구 인후동1가 867-3,521133267060,전북특별자치도 전주시 덕진구 정언신로,78,,4511310300108670003028981,,전북특별자치도 전주시 덕진구 정언신로 78,561845,55020,,,,127.162357412782,35.8305582745256
MA010120220808234583,전동포,,G2,소매,G213,오락용품 소매,G21305,자전거 소매업,G47632,자전거 및 기타 운송장비 소매업,43,충청북도,43113,청주시 흥덕구,43113250,오송읍,4311325031,오송읍,4311325031110650000,1,대지,1065,,충청북도 청주시 흥덕구 오송읍 봉산리 1065,431134520285,충청북도 청주시 흥덕구 오송읍 봉산2길,23,10,4311325031110650000000001,,충청북도 청주시 흥덕구 오송읍 봉산2길 23-10,361953,28222,,,,127.317422561007,36.6209126671821
MA010120220808264405,플러스바이크,,G2,소매,G213,오락용품 소매,G21305,자전거 소매업,G47632,자전거 및 기타 운송장비 소매업,30,대전광역시,30200,유성구,30200526,학하동,3020010600,계산동,3020010600107380001,1,대지,738,1,대전광역시 유성구 계산동 738-1,302004301548,대전광역시 유성구 학하남로19번길,2,,3020010600107380001000001,,대전광역시 유성구 학하남로19번길 2,305360,34208,,,,127.302749041881,36.3410243164765
MA010120220808280935,레터링캔커피,,G2,소매,G213,오락용품 소매,G21305,자전거 소매업,G47632,자전거 및 기타 운송장비 소매업,29,광주광역시,29200,광산구,29200565,어룡동,2920010600,운수동,2920010600102570034,1,대지,257,34,광주광역시 광산구 운수동 257-34,292003163008,광주광역시 광산구 동곡로,823,,2920010600102570034000001,좌측,광주광역시 광산구 동곡로 823,506110,62397,,1,,126.779831053149,35.1544403932381
MA010120220808273040,트라이티티,,G2,소매,G213,오락용품 소매,G21305,자전거 소매업,G47632,자전거 및 기타 운송장비 소매업,11,서울특별시,11710,송파구,11710561,방이1동,1171011100,방이동,1171011100102240019,1,대지,224,19,서울특별시 송파구 방이동 224-19,117104169109,서울특별시 송파구 오금로31가길,7,,1171011100102240019017538,,서울특별시 송파구 오금로31가길 7,138836,05646,,지,,127.122260579146,37.5065760285917
MA010120220808337168,엠케이바이크,,G2,소매,G213,오락용품 소매,G21305,자전거 소매업,G47632,자전거 및 기타 운송장비 소매업,11,서울특별시,11740,강동구,11740590,암사3동,1174010700,암사동,1174010700104460018,1,대지,446,18,서울특별시 강동구 암사동 446-18,117403124001,서울특별시 강동구 고덕로,85,,1174010700104460018014903,,서울특별시 강동구 고덕로 85,134855,05237,,1,,127.134743299015,37.5549642108333
MA010120220808315876,삼천리자전거,신일점,G2,소매,G213,오락용품 소매,G21305,자전거 소매업,G47632,자전거 및 기타 운송장비 소매업,41,경기도,41390,시흥시,41390520,신천동,4139010200,신천동,4139010200107630011,1,대지,763,11,경기도 시흥시 신천동 763-11,413903199069,경기도 시흥시 신천로,81,,4139010200107630011008056,,경기도 시흥시 신천로 81,429831,14949,,1,,126.785816914381,37.4375810231654
MA010120220808305894,찡바이크,,G2,소매,G213,오락용품 소매,G21305,자전거 소매업,G47632,자전거 및 기타 운송장비 소매업,41,경기도,41390,시흥시,41390640,능곡동,4139011800,능곡동,4139011800105110000,1,대지,511,,경기도 시흥시 능곡동 511,413904397388,경기도 시흥시 승지로69번길,9,,4139011800105060000009589,,경기도 시흥시 승지로69번길 9,429240,14994,,,,126.809524303748,37.3702794076421
MA010120220809700489,번창보조기기센터,,G2,소매,G213,오락용품 소매,G21305,자전거 소매업,G47632,자전거 및 기타 운송장비 소매업,41,경기도,41610,광주시,41610520,송정동,4161010300,송정동,4161010300105810005,1,대지,581,5,경기도 광주시 송정동 581-5,416103211042,경기도 광주시 통미로,66,1,4161010100101080031007182,,경기도 광주시 통미로 66-1,464903,12744,,,,127.253353454297,37.4159422659901
MA010120220809684816,오렌지자전거,,G2,소매,G213,오락용품 소매,G21305,자전거 소매업,G47632,자전거 및 기타 운송장비 소매업,41,경기도,41450,하남시,41450620,미사2동,4145010900,망월동,4145010900108410002,1,대지,841,2,경기도 하남시 망월동 841-2,414504851268,경기도 하남시 미사강변한강로158번길,77,,4145010900108410002000001,미사미가,경기도 하남시 미사강변한강로158번길 77,465150,12903,,,,127.188846562794,37.575594935509
MA010120220809682280,삼천리자전거여천,대리점,G2,소매,G213,오락용품 소매,G21305,자전거 소매업,G47632,자전거 및 기타 운송장비 소매업,46,전라남도,46130,여수시,46130790,시전동,4613013300,신기동,4613013300100580006,1,대지,58,6,전라남도 여수시 신기동 58-6,461303282086,전라남도 여수시 흥국로,65,,4613013300100580006029886,,전라남도 여수시 흥국로 65,555802,59680,,1,,127.669694894273,34.7622717496159
MA010120220809690257,제트마린,중부지점,G2,소매,G213,오락용품 소매,G21305,자전거 소매업,G47632,자전거 및 기타 운송장비 소매업,41,경기도,41650,포천시,41650330,가산면,4165033026,가산면,4165033026102740012,1,대지,274,12,경기도 포천시 가산면 금현리 274-12,416504439748,경기도 포천시 가산면 포천로736번길,32,,4165033026102740012017137,,경기도 포천시 가산면 포천로736번길 32,487813,11164,,1,,127.203405649654,37.8374115417825
MA010120220809731082,바이더바이크,,G2,소매,G213,오락용품 소매,G21305,자전거 소매업,G47632,자전거 및 기타 운송장비 소매업,43,충청북도,43111,청주시 상당구,43111730,용암2동,4311112900,운동동,4311112900104780043,1,대지,478,43,충청북도 청주시 상당구 운동동 478-43,431113014001,충청북도 청주시 상당구 목련로,80,,4311112900200640021000001,,충청북도 청주시 상당구 목련로 80,360102,28759,,,,127.514415340852,36.599805420503
MA010120220809756157,삼천리자전거,,G2,소매,G213,오락용품 소매,G21305,자전거 소매업,G47632,자전거 및 기타 운송장비 소매업,41,경기도,41150,의정부시,41150567,신곡1동,4115010400,신곡동,4115010400105670007,1,대지,567,7,경기도 의정부시 신곡동 567-7,411503181060,경기도 의정부시 시민로,174,,4115010400105670007000454,,경기도 의정부시 시민로 174,480832,11728,,,,127.054365000344,37.7372254945969
MA010120220809754052,삼천리자전거,혁신도시점,G2,소매,G213,오락용품 소매,G21305,자전거 소매업,G47632,자전거 및 기타 운송장비 소매업,48,경상남도,48170,진주시,48170750,충무공동,4817013700,충무공동,4817013700103310001,1,대지,331,1,경상남도 진주시 충무공동 331-1,481703350087,경상남도 진주시 사들로,46,,4817013700103310001000001,씨엠파크,경상남도 진주시 사들로 46,660031,52854,,1,,128.148508567998,35.1718104195786
MA010120220809803806,바이크하우스,,G2,소매,G213,오락용품 소매,G21305,자전거 소매업,G47632,자전거 및 기타 운송장비 소매업,43,충청북도,43114,청주시 청원구,43114253,오창읍,4311425332,오창읍,4311425332103850000,1,대지,385,,충청북도 청주시 청원구 오창읍 주성리 385,431144571748,충청북도 청주시 청원구 오창읍 주성3길,33,,4311425332103850000000001,,충청북도 청주시 청원구 오창읍 주성3길 33,363889,28117,,,,127.454997969113,36.7375947129803
MA010120220809770616,써니바이크,효자점,G2,소매,G213,오락용품 소매,G21305,자전거 소매업,G47632,자전거 및 기타 운송장비 소매업,47,경상북도,47111,포항시 남구,47111580,효곡동,4711111400,효자동,4711111400105800001,1,대지,580,1,경상북도 포항시 남구 효자동 580-1,471114709726,경상북도 포항시 남구 효성로93번길,30,27,4711111400105800001000001,,경상북도 포항시 남구 효성로93번길 30-27,790330,37835,,1,,129.341396222082,36.0075855122163
MA010120220809779877,케이스포츠자전거,,G2,소매,G213,오락용품 소매,G21305,자전거 소매업,G47632,자전거 및 기타 운송장비 소매업,11,서울특별시,11545,금천구,11545610,독산1동,1154510200,독산동,1154510200101510012,1,대지,151,12,서울특별시 금천구 독산동 151-12,115453117003,서울특별시 금천구 가산로,54,,1154510200101510012012579,가산금풍타운,서울특별시 금천구 가산로 54,153806,08535,,1,,126.896946237387,37.4718154608449
MA010120220809818595,에이디바이크,,G2,소매,G213,오락용품 소매,G21305,자전거 소매업,G47632,자전거 및 기타 운송장비 소매업,48,경상남도,48250,김해시,48250550,북부동,4825010700,삼계동,4825010700112490001,1,대지,1249,1,경상남도 김해시 삼계동 1249-1,482503335039,경상남도 김해시 안곡로,34,,4825010700112490001000001,,경상남도 김해시 안곡로 34,621070,50845,,1,,128.857130479152,35.2715480691621
MA010120220809830619,삼천리자전거장곡점,,G2,소매,G213,오락용품 소매,G21305,자전거 소매업,G47632,자전거 및 기타 운송장비 소매업,41,경기도,41390,시흥시,41390631,장곡동,4139013000,장곡동,4139013000108090016,1,대지,809,16,경기도 시흥시 장곡동 809-16,413904397524,경기도 시흥시 장곡로53번길,3,,4139013000108090016011997,,경기도 시흥시 장곡로53번길 3,429842,15002,,,,126.782968417529,37.3791988440053
MA010120220809811685,삼천리자전거,,G2,소매,G213,오락용품 소매,G21305,자전거 소매업,G47632,자전거 및 기타 운송장비 소매업,41,경기도,41135,성남시 분당구,41135600,이매1동,4113510600,이매동,4113510600101150001,1,대지,115,1,경기도 성남시 분당구 이매동 115-1,411353180042,경기도 성남시 분당구 양현로,126,,4113510600101150001064481,미림프라자,경기도 성남시 분당구 양현로 126,463829,13567,,1,,127.125625187015,37.3950090589771
MA010120220809844880,크루바이크알톤자전거팔용점,,G2,소매,G213,오락용품 소매,G21305,자전거 소매업,G47632,자전거 및 기타 운송장비 소매업,48,경상남도,48121,창원시 의창구,48121520,팔룡동,4812112900,팔용동,4812112900100770014,1,대지,77,14,경상남도 창원시 의창구 팔용동 77-14,481213327025,경상남도 창원시 의창구 사화로,84,,4812112900100770014014171,,경상남도 창원시 의창구 사화로 84,641848,51378,,,,128.615569646409,35.2533144822465
MA010120220806552135,알톤스포츠경주총판,대리점,G2,소매,G213,오락용품 소매,G21305,자전거 소매업,G47632,자전거 및 기타 운송장비 소매업,47,경상북도,47130,경주시,47130630,동천동,4713012600,동천동,4713012600108880001,1,대지,888,1,경상북도 경주시 동천동 888-1,471303305060,경상북도 경주시 탈해로,48,,4713012600108880001015936,,경상북도 경주시 탈해로 48,780933,38110,,,,129.229115617141,35.8501173460302
MA010120220806590462,삼천리자전거,,G2,소매,G213,오락용품 소매,G21305,자전거 소매업,G47632,자전거 및 기타 운송장비 소매업,41,경기도,41310,구리시,41310570,수택1동,4131010500,수택동,4131010500105340002,1,대지,534,2,경기도 구리시 수택동 534-2,413103000120,경기도 구리시 경춘로,274,,4131010500105340002002686,성원메스티지상가,경기도 구리시 경춘로 274,471823,11930,,1,,127.145440185837,37.6025960461493
MA010120220806574163,마음을움직이는사람들,,G2,소매,G213,오락용품 소매,G21305,자전거 소매업,G47632,자전거 및 기타 운송장비 소매업,11,서울특별시,11650,서초구,11650651,양재1동,1165010200,양재동,1165010200101140000,1,대지,114,,서울특별시 서초구 양재동 114,116504163012,서울특별시 서초구 강남대로25길,59,,1165010200101140000005843,,서울특별시 서초구 강남대로25길 59,137891,06754,,1,,127.035645528717,37.4755311436483
MA010120220806558772,대성,,G2,소매,G213,오락용품 소매,G21305,자전거 소매업,G47632,자전거 및 기타 운송장비 소매업,11,서울특별시,11440,마포구,11440690,망원1동,1144012300,망원동,1144012300103850044,1,대지,385,44,서울특별시 마포구 망원동 385-44,114403112014,서울특별시 마포구 동교로,69,,1144012300103850044013824,외,서울특별시 마포구 동교로 69,121821,04018,,,,126.909848021214,37.5538624108926
MA010120220806556240,두발바이크,,G2,소매,G213,오락용품 소매,G21305,자전거 소매업,G47632,자전거 및 기타 운송장비 소매업,52,전북특별자치도,52750,임실군,52750250,임실읍,5275025022,임실읍,5275025022107340002,1,대지,734,2,전북특별자치도 임실군 임실읍 이도리 734-2,527503277039,전북특별자치도 임실군 임실읍 봉황로,186,,4575025022108470006120303,,전북특별자치도 임실군 임실읍 봉황로 186,566805,55926,,,,127.281980449584,35.6163571873575
MA010120220806611554,프로바이크버디,,G2,소매,G213,오락용품 소매,G21305,자전거 소매업,G47632,자전거 및 기타 운송장비 소매업,41,경기도,41820,가평군,41820250,가평읍,4182025021,가평읍,4182025021104880005,1,대지,488,5,경기도 가평군 가평읍 읍내리 488-5,418203216024,경기도 가평군 가평읍 석봉로,162,,4182025021104880005023388,,경기도 가평군 가평읍 석봉로 162,477805,12418,,,,127.511087865016,37.8294778780198
MA010120220806650902,에잇플레이스,,G2,소매,G213,오락용품 소매,G21305,자전거 소매업,G45213,자동차 내장용 신품 전기ㆍ전자ㆍ정밀기기 판매업,41,경기도,41135,성남시 분당구,41135657,백현동,4113511000,백현동,4113511000105880008,1,대지,588,8,경기도 성남시 분당구 백현동 588-8,411354340279,경기도 성남시 분당구 동판교로52번길,25,11,4113511000105880008000001,,경기도 성남시 분당구 동판교로52번길 25-11,463420,13535,,1,,127.113730409941,37.3854972905161
MA010120220806648385,구주자전거스마트불로동점,,G2,소매,G213,오락용품 소매,G21305,자전거 소매업,G47632,자전거 및 기타 운송장비 소매업,28,인천광역시,28260,서구,28260690,불로대곡동,2826012100,불로동,2826012100107740008,1,대지,774,8,인천광역시 서구 불로동 774-8,282603000070,인천광역시 서구 검단로,755,,2826012100104420023031320,상원빌딩,인천광역시 서구 검단로 755,404270,22620,,1,,126.684455559606,37.6132468575724
MA010120220806669847,삼천리자전거프리미엄샵,,G2,소매,G213,오락용품 소매,G21305,자전거 소매업,G47632,자전거 및 기타 운송장비 소매업,41,경기도,41610,광주시,41610560,광남1동,4161011100,장지동,4161011100100720000,1,대지,72,,경기도 광주시 장지동 72,416104433472,경기도 광주시 태봉로13번길,32,,4161011100100720000012267,,경기도 광주시 태봉로13번길 32,464070,12786,,,,127.233719213414,37.3900694061841
MA010120220806659405,자전거점빵,,G2,소매,G213,오락용품 소매,G21305,자전거 소매업,G47632,자전거 및 기타 운송장비 소매업,48,경상남도,48310,거제시,48310580,고현동,4831010900,고현동,4831010900102360003,1,대지,236,3,경상남도 거제시 고현동 236-3,483103337005,경상남도 거제시 거제중앙로,1834,,4831010900102280012014632,,경상남도 거제시 거제중앙로 1834,656932,53259,,1,,128.626397378001,34.8823505321527
MA010120220806667970,프로그레시브케이,,G2,소매,G213,오락용품 소매,G21305,자전거 소매업,G47632,자전거 및 기타 운송장비 소매업,27,대구광역시,27200,남구,27200610,대명6동,2720010300,대명동,2720010300105840019,1,대지,584,19,대구광역시 남구 대명동 584-19,272003007012,대구광역시 남구 앞산순환로,377,,2720010300105840019003895,,대구광역시 남구 앞산순환로 377,705806,42492,,1,,128.567201389632,35.8322006420263
MA010120220806638442,앙바이크,,G2,소매,G213,오락용품 소매,G21305,자전거 소매업,G47632,자전거 및 기타 운송장비 소매업,26,부산광역시,26230,부산진구,26230540,연지동,2623010600,연지동,2623010600100400017,1,대지,40,17,부산광역시 부산진구 연지동 40-17,262303129011,부산광역시 부산진구 동평로,297,1,2623010600100400017000411,,부산광역시 부산진구 동평로 297-1,614859,47120,,1,,129.059245714667,35.1721134660254
MA010120220806688054,"삼천리자전거,앵글",,G2,소매,G213,오락용품 소매,G21305,자전거 소매업,G47632,자전거 및 기타 운송장비 소매업,31,울산광역시,31110,중구,31110530,반구2동,3111011800,반구동,3111011800102570001,1,대지,257,1,울산광역시 중구 반구동 257-1,311103169004,울산광역시 중구 구교로,166,,3111011800102570001017594,,울산광역시 중구 구교로 166,681805,44515,,,,129.340545776871,35.5594404949391
MA010120220806679634,바이크스테이션(BBMTB원,,G2,소매,G213,오락용품 소매,G21305,자전거 소매업,G47632,자전거 및 기타 운송장비 소매업,51,강원특별자치도,51130,원주시,51130550,단구동,5113010700,단구동,5113010700114850002,1,대지,1485,2,강원특별자치도 원주시 단구동 1485-2,511304457139,강원특별자치도 원주시 단구초교길,6,48,4213010700114850002837514,,강원특별자치도 원주시 단구초교길 6-48,220944,26452,,1,,127.96733593775,37.3192106672954
MA010120220806694837,동탄스포츠,,G2,소매,G213,오락용품 소매,G21305,자전거 소매업,G47632,자전거 및 기타 운송장비 소매업,41,경기도,41590,화성시,41590587,동탄3동,4159011800,능동,4159011800110650003,1,대지,1065,3,경기도 화성시 능동 1065-3,415903012002,경기도 화성시 동탄원천로,360,,4159011800110650003000001,동탄푸르지오시티,경기도 화성시 동탄원천로 360,445320,18423,,,,127.057415579602,37.2184408674534
MA010120220806719201,오토디테일링,,G2,소매,G213,오락용품 소매,G21305,자전거 소매업,G47632,자전거 및 기타 운송장비 소매업,41,경기도,41570,김포시,41570570,구래동,4157010900,구래동,4157010900169180002,1,대지,6918,2,경기도 김포시 구래동 6918-2,415704838105,경기도 김포시 김포한강9로115번길,8,17,4157010900169180002000001,,경기도 김포시 김포한강9로115번길 8-17,415080,10071,,1,,126.623561792948,37.6479272836911
MA010120220808004008,파워,코리아,G2,소매,G213,오락용품 소매,G21305,자전거 소매업,G47632,자전거 및 기타 운송장비 소매업,11,서울특별시,11620,관악구,11620605,은천동,1162010100,봉천동,1162010100109440032,1,대지,944,32,서울특별시 관악구 봉천동 944-32,116202000003,서울특별시 관악구 남부순환로,1713,,1162010100109440032039896,,서울특별시 관악구 남부순환로 1713,151843,08757,,1,,126.940652612678,37.4831261335521
MA010120220808042322,화신자전거,,G2,소매,G213,오락용품 소매,G21305,자전거 소매업,G47632,자전거 및 기타 운송장비 소매업,29,광주광역시,29200,광산구,29200630,신가동,2920011900,신가동,2920011900109060003,1,대지,906,3,광주광역시 광산구 신가동 906-3,292004289352,광주광역시 광산구 신가로4번길,8,,2920011900109060003015853,외,광주광역시 광산구 신가로4번길 8,506808,62303,,,,126.827761466495,35.179161116076
MA010120220808023123,환바이크,,G2,소매,G213,오락용품 소매,G21305,자전거 소매업,G47632,자전거 및 기타 운송장비 소매업,26,부산광역시,26500,수영구,26500660,남천1동,2650010500,남천동,2650010500105580008,1,대지,558,8,부산광역시 수영구 남천동 558-8,265003138005,부산광역시 수영구 광안해변로,19,,2650010500105580008002351,,부산광역시 수영구 광안해변로 19,613819,48310,,,,129.112264456842,35.1372807974187
MA010120220808008653,코디바이크,,G2,소매,G213,오락용품 소매,G21305,자전거 소매업,G47632,자전거 및 기타 운송장비 소매업,11,서울특별시,11530,구로구,11530740,개봉1동,1153010700,개봉동,1153010700101700041,1,대지,170,41,서울특별시 구로구 개봉동 170-41,115303000028,서울특별시 구로구 경인로,342,,1153010700101700041006742,,서울특별시 구로구 경인로 342,152806,08277,,,,126.858225295714,37.4969765349131
MA010120220808035077,블랙바이크,,G2,소매,G213,오락용품 소매,G21305,자전거 소매업,G47632,자전거 및 기타 운송장비 소매업,47,경상북도,47190,구미시,47190551,도량동,4719010300,도량동,4719010300104520002,1,대지,452,2,경상북도 구미시 도량동 452-2,471903018011,경상북도 구미시 송선로,464,,4719010300104520002028658,,경상북도 구미시 송선로 464,730908,39215,,,,128.318593379038,36.1346689600473
MA010120220808047264,레드바이크,,G2,소매,G213,오락용품 소매,G21305,자전거 소매업,G47632,자전거 및 기타 운송장비 소매업,41,경기도,41173,안양시 동안구,41173559,인덕원동,4117310200,관양동,4117310200114980010,1,대지,1498,10,경기도 안양시 동안구 관양동 1498-10,411733183002,경기도 안양시 동안구 관양로,289,,4117310200114980010006952,,경기도 안양시 동안구 관양로 289,431846,13951,,,,126.976396434239,37.3976954082757
MA010120220808084091,이엑스바이크,,G2,소매,G213,오락용품 소매,G21305,자전거 소매업,G47632,자전거 및 기타 운송장비 소매업,11,서울특별시,11500,강서구,11500510,염창동,1150010100,염창동,1150010100102420017,1,대지,242,17,서울특별시 강서구 염창동 242-17,115003115008,서울특별시 강서구 양천로,615,,1150010100102420017029489,,서울특별시 강서구 양천로 615,157861,07545,,,,126.866501821502,37.5548394855916
MA010120220808058336,미술관옆자전거,,G2,소매,G213,오락용품 소매,G21305,자전거 소매업,G47632,자전거 및 기타 운송장비 소매업,11,서울특별시,11230,동대문구,11230600,답십리1동,1123010500,답십리동,1123010500104650039,1,대지,465,39,서울특별시 동대문구 답십리동 465-39,112302000008,서울특별시 동대문구 천호대로,225,,1123010500104650039021217,,서울특별시 동대문구 천호대로 225,130804,02597,,1,,127.047780190251,37.5706637150734
MA010120220808085125,미니미니공방,,G2,소매,G213,오락용품 소매,G21305,자전거 소매업,G47632,자전거 및 기타 운송장비 소매업,11,서울특별시,11200,성동구,11200690,성수2가3동,1120011500,성수동2가,1120011500103010098,1,대지,301,98,서울특별시 성동구 성수동2가 301-98,112004109366,서울특별시 성동구 성수일로6길,7,1,1120011500103010098004335,,서울특별시 성동구 성수일로6길 7-1,133835,04782,,2,,127.051090996144,37.5455245082677
MA010120220808111170,스카이바이크,,G2,소매,G213,오락용품 소매,G21305,자전거 소매업,G47632,자전거 및 기타 운송장비 소매업,44,충청남도,44150,공주시,44150570,신관동,4415012000,신관동,4415012000105980013,1,대지,598,13,충청남도 공주시 신관동 598-13,441503251015,충청남도 공주시 번영1로,6,,4415012000105980013759292,,충청남도 공주시 번영1로 6,314802,32585,,1,,127.131244108457,36.4689506808311
MA010120220808101241,알톤자전거,,G2,소매,G213,오락용품 소매,G21305,자전거 소매업,G47632,자전거 및 기타 운송장비 소매업,31,울산광역시,31710,울주군,31710253,언양읍,3171025330,언양읍,3171025330103770006,1,대지,377,6,울산광역시 울주군 언양읍 동부리 377-6,317104319428,울산광역시 울주군 언양읍 북문7길,1,,3171025330103770006010809,,울산광역시 울주군 언양읍 북문7길 1,689804,44939,,,,129.127714204605,35.5700183778681
MA010120220808136361,펠레스포츠,,G2,소매,G213,오락용품 소매,G21305,자전거 소매업,G47632,자전거 및 기타 운송장비 소매업,11,서울특별시,11590,동작구,11590530,상도1동,1159010300,상도1동,1159010300107430001,1,대지,743,1,서울특별시 동작구 상도1동 743-1,115903119005,서울특별시 동작구 상도로,278,1,1159010300107430001028757,,서울특별시 동작구 상도로 278-1,156871,07032,,,,126.947909178428,37.5025102189721
MA010120220808170194,메리다광주점,,G2,소매,G213,오락용품 소매,G21305,자전거 소매업,G47632,자전거 및 기타 운송장비 소매업,29,광주광역시,29200,광산구,29200640,하남동,2920012500,하남동,2920012500108030000,1,대지,803,,광주광역시 광산구 하남동 803,292002009008,광주광역시 광산구 하남대로,126,,2920012500108030000000001,,광주광역시 광산구 하남대로 126,506250,62331,,,,126.807351268268,35.1798244168421
MA010120220808142335,진지상사,,G2,소매,G213,오락용품 소매,G21305,자전거 소매업,G47632,자전거 및 기타 운송장비 소매업,28,인천광역시,28200,남동구,28200510,구월1동,2820010100,구월동,2820010100112150010,1,대지,1215,10,인천광역시 남동구 구월동 1215-10,282003153058,인천광역시 남동구 용천로,29,1,2820010100112150010005456,,인천광역시 남동구 용천로 29-1,405837,21564,,1,,126.714235002049,37.4522693007718
MA010120220808159475,알톤,대학로점,G2,소매,G213,오락용품 소매,G21305,자전거 소매업,G47632,자전거 및 기타 운송장비 소매업,52,전북특별자치도,52113,전주시 덕진구,52113590,금암2동,5211310700,금암동,5211310700115900022,1,대지,1590,22,전북특별자치도 전주시 덕진구 금암동 1590-22,521133267061,전북특별자치도 전주시 덕진구 조경단로,102,,4511310700115900022020147,,전북특별자치도 전주시 덕진구 조경단로 102,561805,54907,,,,127.138961528504,35.8434755831444
MA010120220808168414,알톤자전거,,G2,소매,G213,오락용품 소매,G21305,자전거 소매업,G47632,자전거 및 기타 운송장비 소매업,48,경상남도,48840,남해군,48840250,남해읍,4884025021,남해읍,4884025021102940005,1,대지,294,5,경상남도 남해군 남해읍 북변리 294-5,488403343044,경상남도 남해군 남해읍 화전로,117,,4884025021102940005060922,,경상남도 남해군 남해읍 화전로 117,668803,52415,,,,127.893741529295,34.8417046379718
MA010120220808166469,바이크박스서신,,G2,소매,G213,오락용품 소매,G21305,자전거 소매업,G47632,자전거 및 기타 운송장비 소매업,52,전북특별자치도,52111,전주시 완산구,52111680,서신동,5211112900,서신동,5211112900109590002,1,대지,959,2,전북특별자치도 전주시 완산구 서신동 959-2,521113266051,전북특별자치도 전주시 완산구 온고을로,102,,4511112900109590002027372,,전북특별자치도 전주시 완산구 온고을로 102,560822,54943,,,,127.111740591034,35.8341399118603
MA010120220809517457,필립스포츠,,G2,소매,G213,오락용품 소매,G21305,자전거 소매업,G47632,자전거 및 기타 운송장비 소매업,27,대구광역시,27710,달성군,27710253,논공읍,2771025322,논공읍,2771025322113200000,1,대지,1320,,대구광역시 달성군 논공읍 금포리 1320,277104244250,대구광역시 달성군 논공읍 봉동길,24,,2771025322113200000000002,,대구광역시 달성군 논공읍 봉동길 24,711851,42974,,,,128.433345160753,35.7756831672597
MA010120220809499360,화성자전거,,G2,소매,G213,오락용품 소매,G21305,자전거 소매업,G47632,자전거 및 기타 운송장비 소매업,47,경상북도,47290,경산시,47290250,하양읍,4729025021,하양읍,4729025021100350050,1,대지,35,50,경상북도 경산시 하양읍 금락리 35-50,472903018052,경상북도 경산시 하양읍 하양로,129,,4729025021100350050063988,,경상북도 경산시 하양읍 하양로 129,712902,38434,,,,128.821047879144,35.9150559336746
MA010120220809502254,삼천리자전거천내점,,G2,소매,G213,오락용품 소매,G21305,자전거 소매업,G47632,자전거 및 기타 운송장비 소매업,27,대구광역시,27710,달성군,27710250,화원읍,2771025021,화원읍,2771025021108770000,1,대지,877,,대구광역시 달성군 화원읍 천내리 877,277103148049,대구광역시 달성군 화원읍 명천로,161,,2771025021108770000018954,,대구광역시 달성군 화원읍 명천로 161,711836,42961,,,,128.500567191209,35.8008256697992
MA010120220809512267,대구자전거,,G2,소매,G213,오락용품 소매,G21305,자전거 소매업,G47632,자전거 및 기타 운송장비 소매업,27,대구광역시,27290,달서구,27290630,송현1동,2729012200,송현동,2729012200119580009,1,대지,1958,9,대구광역시 달서구 송현동 1958-9,272903007012,대구광역시 달서구 앞산순환로,203,,2729012200119580009011772,,대구광역시 달서구 앞산순환로 203,704827,42825,,,,128.552543835183,35.822243922155
MA010120220809535134,라온케어,,G2,소매,G213,오락용품 소매,G21305,자전거 소매업,G47632,자전거 및 기타 운송장비 소매업,41,경기도,41630,양주시,41630520,양주2동,4163010600,광사동,4163010600106800007,1,대지,680,7,경기도 양주시 광사동 680-7,416304436076,경기도 양주시 고읍남로191번길,69,21,4163010600106800007000001,라온케어,경기도 양주시 고읍남로191번길 69-21,482030,11491,,1,,127.08100442669,37.790619433011
MA010120220809496234,부림삼광자전거점,,G2,소매,G213,오락용품 소매,G21305,자전거 소매업,G47632,자전거 및 기타 운송장비 소매업,27,대구광역시,27710,달성군,27710265,현풍읍,2771026524,현풍읍,2771026524102270000,1,대지,227,,대구광역시 달성군 현풍읍 하리 227,277104244576,대구광역시 달성군 현풍읍 현풍로10길,45,,2771036024102270000015534,,대구광역시 달성군 현풍읍 현풍로10길 45,711874,43003,,,,128.444490425491,35.6935873024345
MA010120220809502806,삼천리자전거상인,대리점,G2,소매,G213,오락용품 소매,G21305,자전거 소매업,G47632,자전거 및 기타 운송장비 소매업,27,대구광역시,27290,달서구,27290625,상인2동,2729011500,상인동,2729011500102530003,1,대지,253,3,대구광역시 달서구 상인동 253-3,272903007013,대구광역시 달서구 월배로,190,,2729011500102530003016188,,대구광역시 달서구 월배로 190,704809,42787,,,,128.534476795503,35.8177448975339
MA010120220809527454,클럽비,,G2,소매,G213,오락용품 소매,G21305,자전거 소매업,G47632,자전거 및 기타 운송장비 소매업,27,대구광역시,27200,남구,27200571,대명2동,2720010300,대명동,2720010300119000015,1,대지,1900,15,대구광역시 남구 대명동 1900-15,272004232302,대구광역시 남구 중앙대로31길,121,,2720010300119000015017083,,대구광역시 남구 중앙대로31길 121,705818,42413,,1,,128.586479102784,35.8505563676597
MA010120220809527507,제이제이샵,,G2,소매,G213,오락용품 소매,G21305,자전거 소매업,G47632,자전거 및 기타 운송장비 소매업,27,대구광역시,27200,남구,27200550,봉덕3동,2720010200,봉덕동,2720010200106500023,1,대지,650,23,대구광역시 남구 봉덕동 650-23,272004232278,대구광역시 남구 이천로9길,15,,2720010200106500023023146,,대구광역시 남구 이천로9길 15,705832,42446,,1,,128.597218140896,35.8440519767849
MA010120220809515286,익스페이드,,G2,소매,G213,오락용품 소매,G21305,자전거 소매업,G47632,자전거 및 기타 운송장비 소매업,27,대구광역시,27260,수성구,27260620,상동,2726010900,상동,2726010900106130022,1,대지,613,22,대구광역시 수성구 상동 613-22,272604238268,대구광역시 수성구 수성로1길,47,,2726010900106130022002023,,대구광역시 수성구 수성로1길 47,706829,42201,,1,,128.609336862409,35.8281382254523
MA010120220809503346,바이크클리닉,대구점,G2,소매,G213,오락용품 소매,G21305,자전거 소매업,G47632,자전거 및 기타 운송장비 소매업,27,대구광역시,27290,달서구,27290615,진천동,2729011700,진천동,2729011700102930004,1,대지,293,4,대구광역시 달서구 진천동 293-4,272903146015,대구광역시 달서구 상화로,119,,2729011700102930008015365,,대구광역시 달서구 상화로 119,704836,42774,,2,,128.526645341523,35.8091844877189
MA010120220809531044,삼천리자전거,,G2,소매,G213,오락용품 소매,G21305,자전거 소매업,G47632,자전거 및 기타 운송장비 소매업,47,경상북도,47190,구미시,47190253,고아읍,4719025332,고아읍,4719025332113200000,1,대지,1320,,경상북도 구미시 고아읍 문성리 1320,471903308013,경상북도 구미시 고아읍 들성로,265,,4719025332113200000000001,,경상북도 구미시 고아읍 들성로 265,730814,39146,,,,128.349109307508,36.1618947910033
MA010120220809528058,코렉스자전거,,G2,소매,G213,오락용품 소매,G21305,자전거 소매업,G47632,자전거 및 기타 운송장비 소매업,27,대구광역시,27290,달서구,27290615,진천동,2729011700,진천동,2729011700105610001,1,대지,561,1,대구광역시 달서구 진천동 561-1,272904241477,대구광역시 달서구 월배로23길,59,,2729011700105610001009030,,대구광역시 달서구 월배로23길 59,704834,42784,,,,128.525372449869,35.8172480106105
MA010120220809500618,바이크드림,,G2,소매,G213,오락용품 소매,G21305,자전거 소매업,G47632,자전거 및 기타 운송장비 소매업,27,대구광역시,27290,달서구,27290577,이곡2동,2729010800,이곡동,2729010800111860014,1,대지,1186,14,대구광역시 달서구 이곡동 1186-14,272903147015,대구광역시 달서구 선원로,85,,2729010800111860014002551,,대구광역시 달서구 선원로 85,704943,42604,,,,128.501813544991,35.8593495273087
MA010120220809507497,진바이크,,G2,소매,G213,오락용품 소매,G21305,자전거 소매업,G47632,자전거 및 기타 운송장비 소매업,27,대구광역시,27290,달서구,27290568,장기동,2729011000,장기동,2729011000108160006,1,대지,816,6,대구광역시 달서구 장기동 816-6,272904241540,대구광역시 달서구 장기로57길,6,,2729011000108160006006665,,대구광역시 달서구 장기로57길 6,704180,42691,,,,128.529246148638,35.8432602543745
MA010120220809511118,민우바이크,,G2,소매,G213,오락용품 소매,G21305,자전거 소매업,G47632,자전거 및 기타 운송장비 소매업,27,대구광역시,27710,달성군,27710256,다사읍,2771025627,다사읍,2771025627100250004,1,대지,25,4,대구광역시 달성군 다사읍 죽곡리 25-4,277102007002,대구광역시 달성군 다사읍 달구벌대로,846,,2771025627100250004041450,,대구광역시 달성군 다사읍 달구벌대로 846,711815,42915,,1,,128.462525933438,35.859969460637
MA010120220809511393,바이크스토어,,G2,소매,G213,오락용품 소매,G21305,자전거 소매업,G47632,자전거 및 기타 운송장비 소매업,27,대구광역시,27260,수성구,27260620,상동,2726010900,상동,2726010900104150007,1,대지,415,7,대구광역시 수성구 상동 415-7,272603146011,대구광역시 수성구 무학로,31,,2726010900104150007000001,,대구광역시 수성구 무학로 31,706829,42167,,,,128.611988583106,35.8295805614028
MA010120220809548925,영코바이크,,G2,소매,G213,오락용품 소매,G21305,자전거 소매업,G47632,자전거 및 기타 운송장비 소매업,47,경상북도,47290,경산시,47290550,북부동,4729011600,계양동,4729011600101130002,1,대지,113,2,경상북도 경산시 계양동 113-2,472903313007,경상북도 경산시 계양로,181,,4729011600101130002016367,,경상북도 경산시 계양로 181,712120,38616,,,,128.748931669303,35.8318465833068
MA010120220809561732,자전거세상,,G2,소매,G213,오락용품 소매,G21305,자전거 소매업,G47632,자전거 및 기타 운송장비 소매업,27,대구광역시,27260,수성구,27260690,고산3동,2726011500,매호동,2726011500113280015,1,대지,1328,15,대구광역시 수성구 매호동 1328-15,272603146026,대구광역시 수성구 천을로,153,,2726011500113280015027794,,대구광역시 수성구 천을로 153,706140,42266,,1,,128.70740029501,35.8436720341254
MA010120220809569992,도산레포츠,,G2,소매,G213,오락용품 소매,G21305,자전거 소매업,G47632,자전거 및 기타 운송장비 소매업,47,경상북도,47170,안동시,47170420,도산면,4717042031,도산면,4717042031100670001,1,대지,67,1,경상북도 안동시 도산면 동부리 67-1,471703307040,경상북도 안동시 도산면 퇴계로,2125,,4717042031100670001029442,도산레포츠도산민물휴게실,경상북도 안동시 도산면 퇴계로 2125,760933,36605,,1,,128.821514342267,36.7074408695638
MA010120220809549473,계양자전거,,G2,소매,G213,오락용품 소매,G21305,자전거 소매업,G47632,자전거 및 기타 운송장비 소매업,47,경상북도,47290,경산시,47290560,동부동,4729011600,계양동,4729011600106870010,1,대지,687,10,경상북도 경산시 계양동 687-10,472903313062,경상북도 경산시 장산로,238,,4729011600106870010012995,,경상북도 경산시 장산로 238,712120,38592,,,,128.750261242772,35.8183193353199
MA010120220809553489,삼천리자전거경산,대리점,G2,소매,G213,오락용품 소매,G21305,자전거 소매업,G47632,자전거 및 기타 운송장비 소매업,47,경상북도,47290,경산시,47290541,서부1동,4729010800,사정동,4729010800100500004,1,대지,50,4,경상북도 경산시 사정동 50-4,472904739671,경상북도 경산시 중앙로4길,2,,4729010800100500004006276,,경상북도 경산시 중앙로4길 2,712050,38685,,,,128.729576360975,35.8200696485248
MA010120220809575112,바이크올라이드,,G2,소매,G213,오락용품 소매,G21305,자전거 소매업,G47632,자전거 및 기타 운송장비 소매업,46,전라남도,46150,순천시,46150320,서면,4615032028,서면,4615032028100590001,1,대지,59,1,전라남도 순천시 서면 선평리 59-1,461503283009,전라남도 순천시 서면 삼산로,243,,4615032028100590000076373,,전라남도 순천시 서면 삼산로 243,540813,57926,,,,127.502800045793,34.9836995648931
MA010120220809575246,청도자전거점,,G2,소매,G213,오락용품 소매,G21305,자전거 소매업,G47632,자전거 및 기타 운송장비 소매업,47,경상북도,47820,청도군,47820253,청도읍,4782025321,청도읍,4782025321107780025,1,대지,778,25,경상북도 청도군 청도읍 고수리 778-25,478204757466,경상북도 청도군 청도읍 청도시장1길,25,1,4782025321107780025016039,,경상북도 청도군 청도읍 청도시장1길 25-1,714802,38338,,,,128.746178644072,35.6436927406357
MA010120220809549812,삼천리자전거,중산점,G2,소매,G213,오락용품 소매,G21305,자전거 소매업,G47632,자전거 및 기타 운송장비 소매업,47,경상북도,47290,경산시,47290542,서부2동,4729011000,중산동,4729011000105660000,1,대지,566,,경상북도 경산시 중산동 566,472903313005,경상북도 경산시 경산로,259,,4729011000105660000004744,,경상북도 경산시 경산로 259,712280,38661,,1,,128.723072273374,35.8308955513361
MA010120220809571681,대신자전거,,G2,소매,G213,오락용품 소매,G21305,자전거 소매업,G47632,자전거 및 기타 운송장비 소매업,47,경상북도,47290,경산시,47290250,하양읍,4729025022,하양읍,4729025022106030004,1,대지,603,4,경상북도 경산시 하양읍 동서리 603-4,472903310032,경상북도 경산시 하양읍 금송로,57,,4729025022106030004032807,,경상북도 경산시 하양읍 금송로 57,712908,38410,,,,128.818698216153,35.9179030008095
MA010120220809617121,키클로스,,G2,소매,G213,오락용품 소매,G21305,자전거 소매업,G47632,자전거 및 기타 운송장비 소매업,11,서울특별시,11740,강동구,11740610,천호2동,1174010900,천호동,1174010900103320032,1,대지,332,32,서울특별시 강동구 천호동 332-32,117403124009,서울특별시 강동구 천중로,30,,1174010900103320032011065,,서울특별시 강동구 천중로 30,134868,05245,,1,,127.125051136529,37.545442315946
MA010120220809617211,세곡자전거,,G2,소매,G213,오락용품 소매,G21305,자전거 소매업,G47632,자전거 및 기타 운송장비 소매업,11,서울특별시,11680,강남구,11680700,세곡동,1168011200,자곡동,1168011200106690000,1,대지,669,,서울특별시 강남구 자곡동 669,116803122003,서울특별시 강남구 밤고개로,219,,1168011200100560102000001,강남블루지움,서울특별시 강남구 밤고개로 219,135190,06370,,1,,127.107037203941,37.4747492115715
MA010120220809630558,용바이크,,G2,소매,G213,오락용품 소매,G21305,자전거 소매업,G47632,자전거 및 기타 운송장비 소매업,36,세종특별자치시,36110,세종특별자치시,36110250,조치원읍,3611025030,조치원읍,3611025030102810002,1,대지,281,2,세종특별자치시 세종특별자치시 조치원읍 죽림리 281-2,361103258034,세종특별자치시 세종특별자치시 조치원읍 충현로,11,,4473025030102810002040108,,세종특별자치시 세종특별자치시 조치원읍 충현로 11,339884,30037,,1,,127.2989033624,36.5902677772507
MA010120220809612315,창아손바이크,,G2,소매,G213,오락용품 소매,G21305,자전거 소매업,G47632,자전거 및 기타 운송장비 소매업,26,부산광역시,26260,동래구,26260545,명륜동,2626010700,명륜동,2626010700107210019,1,대지,721,19,부산광역시 동래구 명륜동 721-19,262603130018,부산광역시 동래구 온천천로,71,,2626010700107210019004257,,부산광역시 동래구 온천천로 71,607715,47741,,,,129.080534128,35.2128872126411
MA010120220809610450,황성자전거,,G2,소매,G213,오락용품 소매,G21305,자전거 소매업,G47632,자전거 및 기타 운송장비 소매업,47,경상북도,47130,경주시,47130621,황성동,4713012400,황성동,4713012400104430002,1,대지,443,2,경상북도 경주시 황성동 443-2,471303305082,경상북도 경주시 용담로,102,,4713012400104430002024716,,경상북도 경주시 용담로 102,780954,38084,,,,129.210877421477,35.8644927133541
MA010120220809623844,킹바이크,수택점,G2,소매,G213,오락용품 소매,G21305,자전거 소매업,G47632,자전거 및 기타 운송장비 소매업,41,경기도,41310,구리시,41310580,수택2동,4131010500,수택동,4131010500106600016,1,대지,660,16,경기도 구리시 수택동 660-16,413103196010,경기도 구리시 이문안로,115,,4131010500106600016007450,송림빌딩,경기도 구리시 이문안로 115,471827,11941,,1,,127.144309334689,37.5916954489273
MA010120220809603049,비보호바이크,,G2,소매,G213,오락용품 소매,G21305,자전거 소매업,G47632,자전거 및 기타 운송장비 소매업,41,경기도,41461,용인시 처인구,41461525,역북동,4146110200,역북동,4146110200107780002,1,대지,778,2,경기도 용인시 처인구 역북동 778-2,414613205044,경기도 용인시 처인구 명지로60번길,23,39,4146110200107780002000001,,경기도 용인시 처인구 명지로60번길 23-39,449933,17056,,1,,127.187357857023,37.2285334866769
MA010120220809629436,벨로인스포츠,,G2,소매,G213,오락용품 소매,G21305,자전거 소매업,G47632,자전거 및 기타 운송장비 소매업,48,경상남도,48121,창원시 의창구,48121530,명곡동,4812110500,도계동,4812110500103030005,1,대지,303,5,경상남도 창원시 의창구 도계동 303-5,481214781109,경상남도 창원시 의창구 도계두리길6번길,1,,4812110500103030005019836,,경상남도 창원시 의창구 도계두리길6번길 1,641809,51164,,,,128.632588983488,35.2599262901015
MA010120220809610782,이엠이춘천대리점,코리아,G2,소매,G213,오락용품 소매,G21305,자전거 소매업,G47632,자전거 및 기타 운송장비 소매업,51,강원특별자치도,51110,춘천시,51110310,동면,5111031022,동면,5111031022107030004,1,대지,703,4,강원특별자치도 춘천시 동면 만천리 703-4,511103218038,강원특별자치도 춘천시 동면 춘천순환로,503,,4211031022107030004000001,,강원특별자치도 춘천시 동면 춘천순환로 503,200852,24215,,,,127.76215462461,37.8847893931542
MA010120220809630094,킥보이,천안점,G2,소매,G213,오락용품 소매,G21305,자전거 소매업,G47632,자전거 및 기타 운송장비 소매업,44,충청남도,44131,천안시 동남구,44131580,청룡동,4413111100,청당동,4413111100108200000,1,대지,820,,충청남도 천안시 동남구 청당동 820,441313249077,충청남도 천안시 동남구 청수7로,10,9,4413111100108200000000001,,충청남도 천안시 동남구 청수7로 10-9,330270,31197,,,,127.161399053166,36.7836812525958
MA010120220809644731,선바이크,,G2,소매,G213,오락용품 소매,G21305,자전거 소매업,G47632,자전거 및 기타 운송장비 소매업,46,전라남도,46170,나주시,46170390,금천면,4617039021,금천면,4617039021102790004,1,대지,279,4,전라남도 나주시 금천면 오강리 279-4,461704652056,전라남도 나주시 금천면 금구길,21,5,4617039021102790004080881,,전라남도 나주시 금천면 금구길 21-5,520824,58215,,,,126.752796010054,35.0321268690575
MA010120220809639422,스콜피온바이크,,G2,소매,G213,오락용품 소매,G21305,자전거 소매업,G47632,자전거 및 기타 운송장비 소매업,41,경기도,41500,이천시,41500310,신둔면,4150031029,신둔면,4150031029105540008,1,대지,554,8,경기도 이천시 신둔면 고척리 554-8,415004853633,경기도 이천시 신둔면 도자예술로62번길,27,5,4150031029105540008000001,,경기도 이천시 신둔면 도자예술로62번길 27-5,467841,17306,,1,,127.38366536768,37.2936197123407
MA010120220809650899,알씨로드,,G2,소매,G213,오락용품 소매,G21305,자전거 소매업,G47632,자전거 및 기타 운송장비 소매업,28,인천광역시,28237,부평구,28237646,삼산1동,2823710500,삼산동,2823710500101250023,1,대지,125,23,인천광역시 부평구 삼산동 125-23,282373154044,인천광역시 부평구 영성서로,9,,2823710500101250023103042,,인천광역시 부평구 영성서로 9,403862,21321,,,,126.742633183863,37.5190900839469
MA010120220809670685,통영바이크존,,G2,소매,G213,오락용품 소매,G21305,자전거 소매업,G47632,자전거 및 기타 운송장비 소매업,48,경상남도,48220,통영시,48220670,봉평동,4822011600,봉평동,4822011600101430000,1,대지,143,,경상남도 통영시 봉평동 143,482203333003,경상남도 통영시 도남로,98,,4822011600101430000001442,,경상남도 통영시 도남로 98,650140,53077,,,,128.415429723087,34.8308127142533
MA010120220809675851,프롬바이시클,,G2,소매,G213,오락용품 소매,G21305,자전거 소매업,G47632,자전거 및 기타 운송장비 소매업,41,경기도,41410,군포시,41410520,군포2동,4141010300,부곡동,4141010300112110006,1,대지,1211,6,경기도 군포시 부곡동 1211-6,414104400329,경기도 군포시 삼성로20번길,3,29,4141010300112110006000001,,경기도 군포시 삼성로20번길 3-29,435012,15874,,1,,126.933724967761,37.3384727642453
MA010120220809660066,명수네자전거,,G2,소매,G213,오락용품 소매,G21305,자전거 소매업,G47632,자전거 및 기타 운송장비 소매업,47,경상북도,47170,안동시,47170340,풍천면,4717034021,풍천면,4717034021112880000,1,대지,1288,,경상북도 안동시 풍천면 갈전리 1288,471703351093,경상북도 안동시 풍천면 검무로,10,16,4717034021112880000000001,파라다이스빌딩,경상북도 안동시 풍천면 검무로 10-16,760811,36759,,1,,128.494241678145,36.5755632064091
MA010120220809640774,우정자전거,,G2,소매,G213,오락용품 소매,G21305,자전거 소매업,G47632,자전거 및 기타 운송장비 소매업,41,경기도,41150,의정부시,41150510,의정부1동,4115011000,가능동,4115011000100150264,1,대지,15,264,경기도 의정부시 가능동 15-264,411504343423,경기도 의정부시 평화로658번길,30,,4115011000100150264008208,,경기도 의정부시 평화로658번길 30,480800,11685,,,,127.046103408371,37.751536397331
MA010120220809671507,마이미니벨로,,G2,소매,G213,오락용품 소매,G21305,자전거 소매업,G47632,자전거 및 기타 운송장비 소매업,27,대구광역시,27170,서구,27170565,비산2.3동,2717010200,비산동,2717010200101560027,1,대지,156,27,대구광역시 서구 비산동 156-27,271703141003,대구광역시 서구 달성공원로,11,2,2717010200101560027007121,,대구광역시 서구 달성공원로 11-2,703812,41802,,1,,128.579312399626,35.8714943137261
MA010120220809668836,바이크픽서,,G2,소매,G213,오락용품 소매,G21305,자전거 소매업,G47632,자전거 및 기타 운송장비 소매업,41,경기도,41360,남양주시,41360545,다산1동,4136011200,다산동,4136011200161160000,1,대지,6116,,경기도 남양주시 다산동 6116,413603351606,경기도 남양주시 다산중앙로82번안길,22,113,4136011200161160000000001,,경기도 남양주시 다산중앙로82번안길 22-113,,12249,,1,,127.161916561183,37.6179364429275
MA010120220806408760,자전거여행,,G2,소매,G213,오락용품 소매,G21305,자전거 소매업,G47632,자전거 및 기타 운송장비 소매업,41,경기도,41192,부천시 원미구,41192640,중2동,4119210800,중동,4119210800110870005,1,대지,1087,5,경기도 부천시 원미구 중동 1087-5,411923000065,경기도 부천시 원미구 길주로,348,,4119510800110870005010247,일부,경기도 부천시 원미구 길주로 348,420850,14551,,1,,126.781210374791,37.5022560223909
MA010120220806424440,퍼포머바이크,,G2,소매,G213,오락용품 소매,G21305,자전거 소매업,G47632,자전거 및 기타 운송장비 소매업,31,울산광역시,31200,북구,31200560,효문동,3120012000,명촌동,3120012000107490000,1,대지,749,,울산광역시 북구 명촌동 749,312004316109,울산광역시 북구 명촌23길,71,,3120012000107490000000001,,울산광역시 북구 명촌23길 71,683360,44254,,1,,129.351772173351,35.5568341303827
MA010120220806456940,베이비플러스경기광주점,,G2,소매,G213,오락용품 소매,G21305,자전거 소매업,G47632,자전거 및 기타 운송장비 소매업,41,경기도,41610,광주시,41610560,광남1동,4161010800,중대동,4161010800100280077,1,대지,28,77,경기도 광주시 중대동 28-77,416103211002,경기도 광주시 고불로,40,4,4161010800100280077000001,스타빌딩,경기도 광주시 고불로 40-4,464080,12768,,3,,127.233493755742,37.3938361179087
MA010120220806501349,다팜스,,G2,소매,G213,오락용품 소매,G21305,자전거 소매업,G47632,자전거 및 기타 운송장비 소매업,26,부산광역시,26530,사상구,26530610,덕포2동,2653010300,덕포동,2653010300100380000,1,대지,38,,부산광역시 사상구 덕포동 38,265303139007,부산광역시 사상구 덕상로,26,13,2653010300100380000014875,벽산하나로타운,부산광역시 사상구 덕상로 26-13,617811,46941,,2,,128.991182627179,35.1731797687984
MA010120220806470330,삼천리자전거-영종,하늘도시점,G2,소매,G213,오락용품 소매,G21305,자전거 소매업,G47632,자전거 및 기타 운송장비 소매업,28,인천광역시,28110,중구,28110622,영종1동,2811014500,중산동,2811014500118730003,1,대지,1873,3,인천광역시 중구 중산동 1873-3,281102149002,인천광역시 중구 자연대로,47,,2811014500118730003000001,,인천광역시 중구 자연대로 47,400320,22402,,,,126.559006559693,37.4887331704299
MA010120220806501943,수바이크,,G2,소매,G213,오락용품 소매,G21305,자전거 소매업,G47632,자전거 및 기타 운송장비 소매업,41,경기도,41194,부천시 소사구,41194570,괴안동,4119410400,괴안동,4119410400101550002,1,대지,155,2,경기도 부천시 소사구 괴안동 155-2,411943000027,경기도 부천시 소사구 범안로,64,1,4119710400101550002035230,,경기도 부천시 소사구 범안로 64-1,422801,14697,,1,,126.807888250514,37.4760470923098
MA010120220806493843,나눔자전거,,G2,소매,G213,오락용품 소매,G21305,자전거 소매업,G47632,자전거 및 기타 운송장비 소매업,41,경기도,41173,안양시 동안구,41173552,관양동,4117310200,관양동,4117310200114550011,1,대지,1455,11,경기도 안양시 동안구 관양동 1455-11,411733183002,경기도 안양시 동안구 관양로,145,,4117310200114550011001385,,경기도 안양시 동안구 관양로 145,431807,13946,,,,126.963508255427,37.4022603115431
MA010120220806491963,전남상공사,,G2,소매,G213,오락용품 소매,G21305,자전거 소매업,G47632,자전거 및 기타 운송장비 소매업,29,광주광역시,29170,북구,29170580,신안동,2917010600,신안동,2917010600104950013,1,대지,495,13,광주광역시 북구 신안동 495-13,291703162066,광주광역시 북구 자산로,85,,2917010600104950013032927,,광주광역시 북구 자산로 85,500828,61230,,1,,126.901034061738,35.1672460815887
MA010120220806537843,용바이크,,G2,소매,G213,오락용품 소매,G21305,자전거 소매업,G47632,자전거 및 기타 운송장비 소매업,31,울산광역시,31200,북구,31200560,효문동,3120012100,진장동,3120012100107870004,1,대지,787,4,울산광역시 북구 진장동 787-4,312004316106,울산광역시 북구 명촌20길,10,,3120012100107870004000002,,울산광역시 북구 명촌20길 10,683360,44254,,1,,129.355814223207,35.5585572817965
MA010120220806538835,허슬린컴퍼니,,G2,소매,G213,오락용품 소매,G21305,자전거 소매업,G47632,자전거 및 기타 운송장비 소매업,41,경기도,41117,수원시 영통구,41117580,영통2동,4111710600,신동,4111710600109360001,1,대지,936,1,경기도 수원시 영통구 신동 936-1,411174430291,경기도 수원시 영통구 권선로908번길,5,,4111710600109360001000001,,경기도 수원시 영통구 권선로908번길 5,443472,16683,,,,127.045918960884,37.2481984468204
MA010120220806521676,삼천리자전거,운양점,G2,소매,G213,오락용품 소매,G21305,자전거 소매업,G47632,자전거 및 기타 운송장비 소매업,41,경기도,41570,김포시,41570580,운양동,4157010300,운양동,4157010300112980003,1,대지,1298,3,경기도 김포시 운양동 1298-3,415703209021,경기도 김포시 김포한강1로,247,,4157010300112980003000001,,경기도 김포시 김포한강1로 247,415050,10073,,,,126.684825995444,37.6542695651426
MA010120220807855807,아우토유니온,,G2,소매,G213,오락용품 소매,G21305,자전거 소매업,G47632,자전거 및 기타 운송장비 소매업,46,전라남도,46150,순천시,46150310,해룡면,4615031027,해룡면,4615031027101910020,1,대지,191,20,전라남도 순천시 해룡면 성산리 191-20,461503283039,전라남도 순천시 해룡면 해광로,108,,4615031027101910020056462,,전라남도 순천시 해룡면 해광로 108,540851,58005,,,,127.546831574758,34.9200884001186
MA010120220807846419,광흥자전차,,G2,소매,G213,오락용품 소매,G21305,자전거 소매업,G47632,자전거 및 기타 운송장비 소매업,46,전라남도,46150,순천시,46150540,매곡동,4615010700,매곡동,4615010700101240006,1,대지,124,6,전라남도 순천시 매곡동 124-6,461504649390,전라남도 순천시 북문길,57,,4615010700101240067066370,,전라남도 순천시 북문길 57,540947,57939,,,,127.48458286601,34.9588505739007
MA010120220807858047,삼천리자전거,,G2,소매,G213,오락용품 소매,G21305,자전거 소매업,G47632,자전거 및 기타 운송장비 소매업,46,전라남도,46150,순천시,46150620,중앙동,4615012200,동외동,4615012200100600004,1,대지,60,4,전라남도 순천시 동외동 60-4,461504649517,전라남도 순천시 성동1길,5,,4615012200100600004031301,,전라남도 순천시 성동1길 5,540945,57942,,,,127.488379170184,34.9546709993322
MA010120220807863153,삼천리자전거,금당점,G2,소매,G213,오락용품 소매,G21305,자전거 소매업,G47632,자전거 및 기타 운송장비 소매업,46,전라남도,46150,순천시,46150310,해룡면,4615031023,해룡면,4615031023106260018,1,대지,626,18,전라남도 순천시 해룡면 상삼리 626-18,461504649958,전라남도 순천시 해룡면 조례못등길,77,,4615031023106260018030813,,전라남도 순천시 해룡면 조례못등길 77,540855,57974,,1,,127.528521352977,34.9505369025568
MA010120220807858458,구례중앙열쇠，전기조명，삼천리자전거,,G2,소매,G213,오락용품 소매,G21305,자전거 소매업,G47632,자전거 및 기타 운송장비 소매업,46,전라남도,46730,구례군,46730250,구례읍,4673025021,구례읍,4673025021104230002,1,대지,423,2,전라남도 구례군 구례읍 봉동리 423-2,467303288009,전라남도 구례군 구례읍 봉성로,94,1,4673025021104230002017539,,전라남도 구례군 구례읍 봉성로 94-1,542804,57643,,,,127.464669884346,35.2106964586409
MA010120220807868107,하이랜드,,G2,소매,G213,오락용품 소매,G21305,자전거 소매업,G47632,자전거 및 기타 운송장비 소매업,46,전라남도,46230,광양시,46230530,중마동,4623010600,중동,4623010600116190004,1,대지,1619,4,전라남도 광양시 중동 1619-4,462303285005,전라남도 광양시 광장로,9,,4623010600116190004000001,,전라남도 광양시 광장로 9,545881,57789,,,,127.691359035937,34.9380014344958
MA010120220807877354,오공이네자전차포,,G2,소매,G213,오락용품 소매,G21305,자전거 소매업,G47632,자전거 및 기타 운송장비 소매업,46,전라남도,46150,순천시,46150570,덕연동,4615011400,연향동,4615011400114330009,1,대지,1433,9,전라남도 순천시 연향동 1433-9,461504649101,전라남도 순천시 구암길,1,,4615011400114330009005863,,전라남도 순천시 구암길 1,540951,57991,,,,127.514461511556,34.9482807217725
MA010120220807864026,스타MTB,,G2,소매,G213,오락용품 소매,G21305,자전거 소매업,G47632,자전거 및 기타 운송장비 소매업,46,전라남도,46230,광양시,46230250,광양읍,4623025025,광양읍,4623025025106650001,1,대지,665,1,전라남도 광양시 광양읍 목성리 665-1,462303283034,전라남도 광양시 광양읍 매천로,908,,4623025025106650001005226,,전라남도 광양시 광양읍 매천로 908,545803,57751,,1,,127.592768772227,34.971296429807
MA010120220807883131,백성자전거,,G2,소매,G213,오락용품 소매,G21305,자전거 소매업,G47632,자전거 및 기타 운송장비 소매업,46,전라남도,46230,광양시,46230250,광양읍,4623025023,광양읍,4623025023104600004,1,대지,460,4,전라남도 광양시 광양읍 칠성리 460-4,462303285056,전라남도 광양시 광양읍 희양현로,16,,4623025023104600004042553,,전라남도 광양시 광양읍 희양현로 16,545808,57753,,1,,127.584501963638,34.9744732733137
MA010120220807915353,"알톤,코렉스,메리다뉴바이크",,G2,소매,G213,오락용품 소매,G21305,자전거 소매업,G47632,자전거 및 기타 운송장비 소매업,46,전라남도,46130,여수시,46130710,문수동,4613012000,문수동,4613012000101910000,1,대지,191,,전라남도 여수시 문수동 191,461303282027,전라남도 여수시 문수로,22,,4613012000101910000040372,,전라남도 여수시 문수로 22,550817,59706,,1,,127.699795291838,34.7503662978152
MA010120220807881397,삼천리자전거,,G2,소매,G213,오락용품 소매,G21305,자전거 소매업,G47632,자전거 및 기타 운송장비 소매업,11,서울특별시,11230,동대문구,11230650,장안1동,1123010600,장안동,1123010600102160032,1,대지,216,32,서울특별시 동대문구 장안동 216-32,112304115598,서울특별시 동대문구 한천로10길,32,,1123010600102160032017683,,서울특별시 동대문구 한천로10길 32,130837,02630,,,,127.063012672991,37.5662146595086
MA010120220807911399,교동삼천리자전거,,G2,소매,G213,오락용품 소매,G21305,자전거 소매업,G47632,자전거 및 기타 운송장비 소매업,46,전라남도,46130,여수시,46130570,중앙동,4613010800,교동,4613010800106780039,1,대지,678,39,전라남도 여수시 교동 678-39,461303282075,전라남도 여수시 충무로,26,5,4613010800106780007000002,,전라남도 여수시 충무로 26-5,550060,59735,,,,127.731561337225,34.7388761128671
MA010120220807918140,길동무네자전거,,G2,소매,G213,오락용품 소매,G21305,자전거 소매업,G47632,자전거 및 기타 운송장비 소매업,46,전라남도,46130,여수시,46130780,쌍봉동,4613012800,학동,4613012800100150010,1,대지,15,10,전라남도 여수시 학동 15-10,461303282046,전라남도 여수시 쌍봉로,123,,4613012800100150010010422,,전라남도 여수시 쌍봉로 123,555807,59678,,,,127.669373764467,34.7657889630483
MA010120220807884983,코렉스자전거,,G2,소매,G213,오락용품 소매,G21305,자전거 소매업,G47632,자전거 및 기타 운송장비 소매업,46,전라남도,46730,구례군,46730250,구례읍,4673025022,구례읍,4673025022101030009,1,대지,103,9,전라남도 구례군 구례읍 봉남리 103-9,467304664302,전라남도 구례군 구례읍 중앙초등길,3,,4673025022101030009015444,,전라남도 구례군 구례읍 중앙초등길 3,542803,57641,,,,127.464820171726,35.2062342369669
MA010120220807897295,벨로스타주,,G2,소매,G213,오락용품 소매,G21305,자전거 소매업,G47632,자전거 및 기타 운송장비 소매업,52,전북특별자치도,52710,완주군,52710253,봉동읍,5271025324,봉동읍,5271025324108640010,1,대지,864,10,전북특별자치도 완주군 봉동읍 둔산리 864-10,527103273021,전북특별자치도 완주군 봉동읍 둔산1로,151,,4571025324108640010000001,,전북특별자치도 완주군 봉동읍 둔산1로 151,565902,55315,,,,127.121624520551,35.9647211912828
MA010120220807956631,삼천리자전거아중,대리점,G2,소매,G213,오락용품 소매,G21305,자전거 소매업,G47632,자전거 및 기타 운송장비 소매업,52,전북특별자치도,52113,전주시 덕진구,52113560,인후3동,5211310300,인후동1가,5211310300104560020,1,대지,456,20,전북특별자치도 전주시 덕진구 인후동1가 456-20,521133266009,전북특별자치도 전주시 덕진구 견훤로,263,,4511310300104560020003019,,전북특별자치도 전주시 덕진구 견훤로 263,561829,55008,,1,,127.157064964204,35.8350175210796
MA010120220807960511,전북대구내자전거점,,G2,소매,G213,오락용품 소매,G21305,자전거 소매업,G47632,자전거 및 기타 운송장비 소매업,52,전북특별자치도,52113,전주시 덕진구,52113580,금암1동,5211310700,금암동,5211310700106630000,1,대지,663,,전북특별자치도 전주시 덕진구 금암동 663,521132266003,전북특별자치도 전주시 덕진구 백제대로,567,,4511310700106630000000001,,전북특별자치도 전주시 덕진구 백제대로 567,561803,54896,,,,127.131585653076,35.8411406183427
MA010120220807960959,삼천리자전거,송천점,G2,소매,G213,오락용품 소매,G21305,자전거 소매업,G47632,자전거 및 기타 운송장비 소매업,52,전북특별자치도,52113,전주시 덕진구,52113641,송천1동,5211312100,송천동1가,5211312100103950016,1,대지,395,16,전북특별자치도 전주시 덕진구 송천동1가 395-16,521133267082,전북특별자치도 전주시 덕진구 송천중앙로,130,,4511312100103950016025953,송학,전북특별자치도 전주시 덕진구 송천중앙로 130,561818,54837,,,,127.121240538203,35.8584375855101
MA010120220807930380,자전거나라,,G2,소매,G213,오락용품 소매,G21305,자전거 소매업,G47632,자전거 및 기타 운송장비 소매업,46,전라남도,46870,영광군,46870360,염산면,4687036023,염산면,4687036023109920056,1,대지,992,56,전라남도 영광군 염산면 봉남리 992-56,468703298037,전라남도 영광군 염산면 천년로,10,,4687036023109920056021327,,전라남도 영광군 염산면 천년로 10,513862,57066,,,,126.372928700104,35.2170577638659
MA010120220807937836,삼천리자전거,여수점,G2,소매,G213,오락용품 소매,G21305,자전거 소매업,G47632,자전거 및 기타 운송장비 소매업,46,전라남도,46130,여수시,46130710,문수동,4613012000,문수동,4613012000101230003,1,대지,123,3,전라남도 여수시 문수동 123-3,461303282027,전라남도 여수시 문수로,71,,4613012000101230003000001,,전라남도 여수시 문수로 71,550817,59702,,,,127.702892954983,34.7537737638782
MA010120220807940408,삼천리자전거선원,대리점,G2,소매,G213,오락용품 소매,G21305,자전거 소매업,G47632,자전거 및 기타 운송장비 소매업,46,전라남도,46130,여수시,46130800,여천동,4613013500,선원동,4613013500101370001,1,대지,137,1,전라남도 여수시 선원동 137-1,461303282025,전라남도 여수시 무선로,67,,4613013500101370001010374,,전라남도 여수시 무선로 67,555800,59645,,,,127.655642376992,34.7670264828136
MA010120220807921278,자전거이야기,,G2,소매,G213,오락용품 소매,G21305,자전거 소매업,G47632,자전거 및 기타 운송장비 소매업,46,전라남도,46130,여수시,46130790,시전동,4613013400,웅천동,4613013400116770010,1,대지,1677,10,전라남도 여수시 웅천동 1677-10,461304647088,전라남도 여수시 웅남2길,14,,4613013400116770010000001,,전라남도 여수시 웅남2길 14,555030,59691,,,,127.674436551983,34.7476519468795
MA010120220807974707,라이더&바이크,,G2,소매,G213,오락용품 소매,G21305,자전거 소매업,G47632,자전거 및 기타 운송장비 소매업,51,강원특별자치도,51190,태백시,51190515,황지동,5119010100,황지동,5119010100100590042,1,대지,59,42,강원특별자치도 태백시 황지동 59-42,511904466056,강원특별자치도 태백시 문화로북길,6,,4219010100100590042000001,,강원특별자치도 태백시 문화로북길 6,235800,26015,,1,,128.99145189993,37.1668914943213
MA010120220807966084,삼천리자전거인후,대리점,G2,소매,G213,오락용품 소매,G21305,자전거 소매업,G47632,자전거 및 기타 운송장비 소매업,52,전북특별자치도,52113,전주시 덕진구,52113570,덕진동,5211310600,덕진동2가,5211310600101670357,1,대지,167,357,전북특별자치도 전주시 덕진구 덕진동2가 167-357,521134601498,전북특별자치도 전주시 덕진구 호반5길,9,,4511310600101670357023430,정겨운빌,전북특별자치도 전주시 덕진구 호반5길 9,561851,54840,,1,,127.116256401898,35.8494119346142
MA010120220807998478,육아대장,화성점,G2,소매,G213,오락용품 소매,G21305,자전거 소매업,G47632,자전거 및 기타 운송장비 소매업,41,경기도,41590,화성시,41590560,기배동,4159012400,기안동,4159012400103330006,1,대지,333,6,경기도 화성시 기안동 333-6,415903012007,경기도 화성시 효행로,223,,4159012400003330006030715,대원빌딩,경기도 화성시 효행로 223,445310,18337,,3,,126.971897128822,37.2278403733988
MA010120220807968778,삼천리자전거금암,대리점,G2,소매,G213,오락용품 소매,G21305,자전거 소매업,G47632,자전거 및 기타 운송장비 소매업,52,전북특별자치도,52113,전주시 덕진구,52113580,금암1동,5211310700,금암동,5211310700106970015,1,대지,697,15,전북특별자치도 전주시 덕진구 금암동 697-15,521132266001,전북특별자치도 전주시 덕진구 기린대로,373,,4511310700106970015009785,,전북특별자치도 전주시 덕진구 기린대로 373,561801,54933,,,,127.133990017534,35.8360098076934
MA010120220807965034,삼천리자전거호반자전거,덕진점,G2,소매,G213,오락용품 소매,G21305,자전거 소매업,G47632,자전거 및 기타 운송장비 소매업,52,전북특별자치도,52113,전주시 덕진구,52113570,덕진동,5211310500,덕진동1가,5211310500112750020,1,대지,1275,20,전북특별자치도 전주시 덕진구 덕진동1가 1275-20,521133267028,전북특별자치도 전주시 덕진구 사평로,74,,4511310500112750020022547,,전북특별자치도 전주시 덕진구 사평로 74,561810,54893,,,,127.123718958609,35.8432038401009
MA010120220807966931,에코바이크,,G2,소매,G213,오락용품 소매,G21305,자전거 소매업,G47632,자전거 및 기타 운송장비 소매업,52,전북특별자치도,52113,전주시 덕진구,52113570,덕진동,5211310600,덕진동2가,5211310600102000010,1,대지,200,10,전북특별자치도 전주시 덕진구 덕진동2가 200-10,521132266001,전북특별자치도 전주시 덕진구 기린대로,538,,4511310600102000010023016,,전북특별자치도 전주시 덕진구 기린대로 538,561851,54897,,,,127.120745893506,35.8461810106121
MA010120220807976054,비엠,,G2,소매,G213,오락용품 소매,G21305,자전거 소매업,G47632,자전거 및 기타 운송장비 소매업,52,전북특별자치도,52111,전주시 완산구,52111730,효자5동,5211114200,효자동3가,5211114200114460007,1,대지,1446,7,전북특별자치도 전주시 완산구 효자동3가 1446-7,521114598175,전북특별자치도 전주시 완산구 서곡4길,33,,4511114200114460007023648,,전북특별자치도 전주시 완산구 서곡4길 33,560870,54956,,,,127.103638276328,35.8336154293653
MA010120220807978384,삼천리자전거,,G2,소매,G213,오락용품 소매,G21305,자전거 소매업,G47632,자전거 및 기타 운송장비 소매업,52,전북특별자치도,52113,전주시 덕진구,52113650,조촌동,5211312300,반월동,5211312300102470005,1,대지,247,5,전북특별자치도 전주시 덕진구 반월동 247-5,521133267064,전북특별자치도 전주시 덕진구 쪽구름로,81,,4511312300102470005012865,,전북특별자치도 전주시 덕진구 쪽구름로 81,561370,54850,,,,127.075684965503,35.8725434889872
MA010120220807987615,에스엠레저산업,,G2,소매,G213,오락용품 소매,G21305,자전거 소매업,G47632,자전거 및 기타 운송장비 소매업,52,전북특별자치도,52710,완주군,52710256,용진읍,5271025622,용진읍,5271025622107610008,1,대지,761,8,전북특별자치도 완주군 용진읍 구억리 761-8,527103273025,전북특별자치도 완주군 용진읍 목효로,17,,4571025622107610008000001,,전북특별자치도 완주군 용진읍 목효로 17,565812,55353,,,,127.157914684984,35.8784118000245
MA010120220807997091,위플레이,강남점,G2,소매,G213,오락용품 소매,G21305,자전거 소매업,G47632,자전거 및 기타 운송장비 소매업,11,서울특별시,11680,강남구,11680510,신사동,1168010700,신사동,1168010700105670031,1,대지,567,31,서울특별시 강남구 신사동 567-31,116804166151,서울특별시 강남구 논현로159길,22,,1168010700105670031010719,,서울특별시 강남구 논현로159길 22,135891,06031,,1,,127.026278812372,37.5230887056412
MA010120220807967213,알톤자전거，모래내키센타,모래내점,G2,소매,G213,오락용품 소매,G21305,자전거 소매업,G47632,자전거 및 기타 운송장비 소매업,52,전북특별자치도,52113,전주시 덕진구,52113525,진북동,5211310200,진북동,5211310200103480002,1,대지,348,2,전북특별자치도 전주시 덕진구 진북동 348-2,521133267005,전북특별자치도 전주시 덕진구 건산로,30,,4511310200103480002000001,,전북특별자치도 전주시 덕진구 건산로 30,561836,54928,,,,127.141058218165,35.8335863487847
MA010120220807967749,우리들메디칼,,G2,소매,G213,오락용품 소매,G21305,자전거 소매업,G47632,자전거 및 기타 운송장비 소매업,52,전북특별자치도,52113,전주시 덕진구,52113550,인후2동,5211310300,인후동1가,5211310300107190005,1,대지,719,5,전북특별자치도 전주시 덕진구 인후동1가 719-5,521133266028,전북특별자치도 전주시 덕진구 반촌로,42,,4511310300107190005007866,,전북특별자치도 전주시 덕진구 반촌로 42,561831,55002,,,,127.146631081646,35.8307226907377
MA010120220809347504,경북자전거,,G2,소매,G213,오락용품 소매,G21305,자전거 소매업,G47632,자전거 및 기타 운송장비 소매업,47,경상북도,47250,상주시,47250520,남원동,4725010700,남성동,4725010700100130063,1,대지,13,63,경상북도 상주시 남성동 13-63,472503303047,경상북도 상주시 중앙로,178,13,4725010700100130063091740,,경상북도 상주시 중앙로 178-13,742903,37197,,,,128.158025177552,36.4151048141347
MA010120220809363158,경북자전거,,G2,소매,G213,오락용품 소매,G21305,자전거 소매업,G47632,자전거 및 기타 운송장비 소매업,47,경상북도,47280,문경시,47280590,점촌3동,4728010300,흥덕동,4728010300102480002,1,대지,248,2,경상북도 문경시 흥덕동 248-2,472803312031,경상북도 문경시 호서로,81,,4728010300102480002025001,,경상북도 문경시 호서로 81,745891,36966,,,,128.201955687866,36.6015855409979
MA010120220809363193,남부자전거,,G2,소매,G213,오락용품 소매,G21305,자전거 소매업,G47632,자전거 및 기타 운송장비 소매업,47,경상북도,47280,문경시,47280610,점촌5동,4728011000,모전동,4728011000109760006,1,대지,976,6,경상북도 문경시 모전동 976-6,472803312038,경상북도 문경시 운동장로,19,,4728011000109760004025424,,경상북도 문경시 운동장로 19,745883,36956,,,,128.191108239266,36.5909535060367
MA010120220809358633,시민자전거점,,G2,소매,G213,오락용품 소매,G21305,자전거 소매업,G47632,자전거 및 기타 운송장비 소매업,47,경상북도,47250,상주시,47250520,남원동,4725011000,낙양동,4725011000101570006,1,대지,157,6,경상북도 상주시 낙양동 157-6,472504733492,경상북도 상주시 신서문1길,86,,4725011000101570006081023,,경상북도 상주시 신서문1길 86,742901,37208,,,,128.154139050182,36.4101592644556
MA010120220809351957,중앙자전거,,G2,소매,G213,오락용품 소매,G21305,자전거 소매업,G47632,자전거 및 기타 운송장비 소매업,47,경상북도,47280,문경시,47280580,점촌2동,4728011000,모전동,4728011000100520044,1,대지,52,44,경상북도 문경시 모전동 52-44,472804736229,경상북도 문경시 모전천길,28,,4728011000100520044000001,,경상북도 문경시 모전천길 28,745881,36953,,,,128.192505019967,36.5902276785826
MA010120220809351989,충북자전거,,G2,소매,G213,오락용품 소매,G21305,자전거 소매업,G47632,자전거 및 기타 운송장비 소매업,47,경상북도,47250,상주시,47250550,동문동,4725010800,서문동,4725010800100600010,1,대지,60,10,경상북도 상주시 서문동 60-10,472503311016,경상북도 상주시 동수로,72,,4725010800100600010094289,,경상북도 상주시 동수로 72,742080,37180,,,,128.15592013558,36.4190090227879
MA010120220809354836,피닉스바이크,,G2,소매,G213,오락용품 소매,G21305,자전거 소매업,G47632,자전거 및 기타 운송장비 소매업,47,경상북도,47250,상주시,47250550,동문동,4725010400,복룡동,4725010400103970001,1,대지,397,1,경상북도 상주시 복룡동 397-1,472503311028,경상북도 상주시 삼백로,207,1,4725010400103970001086495,,경상북도 상주시 삼백로 207-1,742040,37178,,,,128.166467818022,36.4190235838456
MA010120220809366676,영동BIKE,,G2,소매,G213,오락용품 소매,G21305,자전거 소매업,G47632,자전거 및 기타 운송장비 소매업,41,경기도,41210,광명시,41210600,철산2동,4121010200,철산동,4121010200100900003,1,대지,90,3,경기도 광명시 철산동 90-3,412103187038,경기도 광명시 시청로,122,,4121010200100900003000436,상가중일부,경기도 광명시 시청로 122,423831,14226,,1,,126.866725143182,37.4865798018929
MA010120220809347789,새재바이크,,G2,소매,G213,오락용품 소매,G21305,자전거 소매업,G47632,자전거 및 기타 운송장비 소매업,47,경상북도,47280,문경시,47280610,점촌5동,4728011000,모전동,4728011000111260000,1,대지,1126,,경상북도 문경시 모전동 1126,472804853742,경상북도 문경시 당교2길,30,,4728011000111260000000001,,경상북도 문경시 당교2길 30,745050,36985,,,,128.185916810483,36.5839497544577
MA010120220809348152,수바이크,,G2,소매,G213,오락용품 소매,G21305,자전거 소매업,G47632,자전거 및 기타 운송장비 소매업,47,경상북도,47250,상주시,47250520,남원동,4725011000,낙양동,4725011000101460024,1,대지,146,24,경상북도 상주시 낙양동 146-24,472502018003,경상북도 상주시 경상대로,2947,,4725011000101460024080957,,경상북도 상주시 경상대로 2947,742901,37202,,1,,128.151073841485,36.4101978637138
MA010120220809357475,엠버엠티비,,G2,소매,G213,오락용품 소매,G21305,자전거 소매업,G47632,자전거 및 기타 운송장비 소매업,47,경상북도,47250,상주시,47250550,동문동,4725010800,서문동,4725010800100930001,1,대지,93,1,경상북도 상주시 서문동 93-1,472503311016,경상북도 상주시 동수로,42,,4725010800100930001091642,,경상북도 상주시 동수로 42,742080,37186,,,,128.155978673462,36.4176928266472
MA010120220809348518,코렉스자전거,,G2,소매,G213,오락용품 소매,G21305,자전거 소매업,G47632,자전거 및 기타 운송장비 소매업,47,경상북도,47250,상주시,47250540,계림동,4725010500,냉림동,4725010500103640018,1,대지,364,18,경상북도 상주시 냉림동 364-18,472504733213,경상북도 상주시 동수4길,130,,4725010500103640018095443,,경상북도 상주시 동수4길 130,742070,37169,,,,128.158365750687,36.4230223174275
MA010120220809365121,이지드라이브,,G2,소매,G213,오락용품 소매,G21305,자전거 소매업,G47632,자전거 및 기타 운송장비 소매업,27,대구광역시,27710,달성군,27710265,현풍읍,2771026523,현풍읍,2771026523104750001,1,대지,475,1,대구광역시 달성군 현풍읍 부리 475-1,277103148047,대구광역시 달성군 현풍읍 현풍중앙로,87,,2771036023104750001020125,,대구광역시 달성군 현풍읍 현풍중앙로 87,711872,43000,,1,,128.443830660953,35.6968214702163
MA010120220809348600,365바이크,,G2,소매,G213,오락용품 소매,G21305,자전거 소매업,G47632,자전거 및 기타 운송장비 소매업,47,경상북도,47280,문경시,47280580,점촌2동,4728010200,영신동,4728010200104790001,1,대지,479,1,경상북도 문경시 영신동 479-1,472803312019,경상북도 문경시 영신로,118,,4728010200104790001010978,,경상북도 문경시 영신로 118,745220,36945,,,,128.21106130454,36.5914102075987
MA010120220809348639,신용자전거점,,G2,소매,G213,오락용품 소매,G21305,자전거 소매업,G47632,자전거 및 기타 운송장비 소매업,47,경상북도,47250,상주시,47250550,동문동,4725010600,서성동,4725010600100310000,1,대지,31,,경상북도 상주시 서성동 31,472504733373,경상북도 상주시 상산새싹길,16,,4725010600100310000087422,,경상북도 상주시 상산새싹길 16,742050,37179,,,,128.161101763694,36.4195624914652
MA010120220809379497,바이크앤뮤직,,G2,소매,G213,오락용품 소매,G21305,자전거 소매업,G47632,자전거 및 기타 운송장비 소매업,30,대전광역시,30170,서구,30170593,도안동,3017011500,도안동,3017011500111300000,1,대지,1130,,대전광역시 서구 도안동 1130,301704298644,대전광역시 서구 원도안로207번길,8,24,3017011500111300000000001,아이빌라,대전광역시 서구 원도안로207번길 8-24,302318,35352,,,,127.344397604164,36.3232394360148
MA010120220809373221,원바이크물금자전거훈련소,,G2,소매,G213,오락용품 소매,G21305,자전거 소매업,G47632,자전거 및 기타 운송장비 소매업,48,경상남도,48330,양산시,48330253,물금읍,4833025321,물금읍,4833025321108810018,1,대지,881,18,경상남도 양산시 물금읍 물금리 881-18,483303338089,경상남도 양산시 물금읍 황산로,324,,4833025321108810018000001,,경상남도 양산시 물금읍 황산로 324,626812,50657,,,,128.987862810209,35.3061561512459
MA010120220809351577,월드,,G2,소매,G213,오락용품 소매,G21305,자전거 소매업,G47632,자전거 및 기타 운송장비 소매업,41,경기도,41220,평택시,41220250,팽성읍,4122025041,팽성읍,4122025041101130124,1,대지,113,124,경기도 평택시 팽성읍 안정리 113-124,412204364425,경기도 평택시 팽성읍 안정순환로120번길,9,,4122025041101130124033868,,경기도 평택시 팽성읍 안정순환로120번길 9,451807,17982,,,,127.043072757458,36.9597140672498
MA010120220809350177,고센자전거<삼천리>,대리점,G2,소매,G213,오락용품 소매,G21305,자전거 소매업,G47632,자전거 및 기타 운송장비 소매업,47,경상북도,47250,상주시,47250560,동성동,4725010100,성하동,4725010100100160007,1,대지,16,7,경상북도 상주시 성하동 16-7,472504733720,경상북도 상주시 인봉1길,2,,4725010100100160018090299,,경상북도 상주시 인봉1길 2,742030,37190,,,,128.16291511478,36.416300827293
MA010120220809350190,벧엘자전거,,G2,소매,G213,오락용품 소매,G21305,자전거 소매업,G47632,자전거 및 기타 운송장비 소매업,47,경상북도,47250,상주시,47250560,동성동,4725010200,성동동,4725010200101920003,1,대지,192,3,경상북도 상주시 성동동 192-3,472503303047,경상북도 상주시 중앙로,251,2,4725010200101920003090765,,경상북도 상주시 중앙로 251-2,742020,37192,,,,128.166133650654,36.4160621792466
MA010120220809383500,가나안자전거,,G2,소매,G213,오락용품 소매,G21305,자전거 소매업,G47632,자전거 및 기타 운송장비 소매업,47,경상북도,47210,영주시,47210250,풍기읍,4721025029,풍기읍,4721025029101080004,1,대지,108,4,경상북도 영주시 풍기읍 서부리 108-4,472104727180,경상북도 영주시 풍기읍 동성로94번길,12,,4721025029101080004011955,,경상북도 영주시 풍기읍 동성로94번길 12,750805,36025,,,,128.526248648406,36.8719307001188
MA010120220809380792,알톤일반전기자전거,,G2,소매,G213,오락용품 소매,G21305,자전거 소매업,G47632,자전거 및 기타 운송장비 소매업,47,경상북도,47210,영주시,47210560,영주2동,4721010100,영주동,4721010100105340018,1,대지,534,18,경상북도 영주시 영주동 534-18,472104727595,경상북도 영주시 중앙로63번길,2,,4721010100105340018008504,,경상북도 영주시 중앙로63번길 2,750909,36096,,,,128.623124114399,36.8217764366973
MA010120220809390152,바이크패밀리,,G2,소매,G213,오락용품 소매,G21305,자전거 소매업,G47632,자전거 및 기타 운송장비 소매업,47,경상북도,47210,영주시,47210510,상망동,4721010300,하망동,4721010300102520015,1,대지,252,15,경상북도 영주시 하망동 252-15,472103309052,경상북도 영주시 원당로,200,,4721010300102520015005256,,경상북도 영주시 원당로 200,750911,36070,,,,128.633201972024,36.8277021748033
MA010120220809382544,JUNMTB코렉스영주점,,G2,소매,G213,오락용품 소매,G21305,자전거 소매업,G47632,자전거 및 기타 운송장비 소매업,47,경상북도,47210,영주시,47210630,가흥2동,4721010500,가흥동,4721010500105210027,1,대지,521,27,경상북도 영주시 가흥동 521-27,472104727357,경상북도 영주시 신재로24번길,32,,4721010500105210027000006,,경상북도 영주시 신재로24번길 32,750902,36056,,,,128.609960052932,36.8326774343846
MA010120220809388666,삼천리자전거봉화점,,G2,소매,G213,오락용품 소매,G21305,자전거 소매업,G47632,자전거 및 기타 운송장비 소매업,47,경상북도,47920,봉화군,47920250,봉화읍,4792025031,봉화읍,4792025031102490004,1,대지,249,4,경상북도 봉화군 봉화읍 내성리 249-4,479204772067,경상북도 봉화군 봉화읍 내성로1길,64,1,4792025031102490004007076,,경상북도 봉화군 봉화읍 내성로1길 64-1,755805,36238,,,,128.739877035408,36.8914290830832
MA010120220809398843,바이텍자전거,,G2,소매,G213,오락용품 소매,G21305,자전거 소매업,G47632,자전거 및 기타 운송장비 소매업,47,경상북도,47210,영주시,47210590,휴천1동,4721010400,휴천동,4721010400107000006,1,대지,700,6,경상북도 영주시 휴천동 700-6,472103309027,경상북도 영주시 번영로,69,,4721010400107000006009921,,경상북도 영주시 번영로 69,750914,36161,,,,128.628152202806,36.8184190059627
MA010120220809398944,경북삼천리자전거,대리점,G2,소매,G213,오락용품 소매,G21305,자전거 소매업,G47632,자전거 및 기타 운송장비 소매업,47,경상북도,47210,영주시,47210600,휴천2동,4721010400,휴천동,4721010400106420175,1,대지,642,175,경상북도 영주시 휴천동 642-175,472103309076,경상북도 영주시 대학로,70,,4721010400106420175014411,,경상북도 영주시 대학로 70,750052,36124,,,,128.616820525304,36.8082120576229
MA010120220809404255,파워싸이클,,G2,소매,G213,오락용품 소매,G21305,자전거 소매업,G47632,자전거 및 기타 운송장비 소매업,52,전북특별자치도,52111,전주시 완산구,52111714,효자4동,5211114100,효자동2가,5211114100110650013,1,대지,1065,13,전북특별자치도 전주시 완산구 효자동2가 1065-13,521113266073,전북특별자치도 전주시 완산구 천잠로,251,,4511114100110650013000001,,전북특별자치도 전주시 완산구 천잠로 251,560859,55069,,,,127.094113432881,35.8092802259202
MA010120220809381765,중앙자전차,,G2,소매,G213,오락용품 소매,G21305,자전거 소매업,G47632,자전거 및 기타 운송장비 소매업,47,경상북도,47210,영주시,47210250,풍기읍,4721025021,풍기읍,4721025021100350013,1,대지,35,13,경상북도 영주시 풍기읍 성내리 35-13,472104727086,경상북도 영주시 풍기읍 기주로76번길,3,1,4721025021100350013000002,,경상북도 영주시 풍기읍 기주로76번길 3-1,750805,36029,,,,128.527472877345,36.8697705614046
MA010120220809420745,자전거팩토리,,G2,소매,G213,오락용품 소매,G21305,자전거 소매업,G47632,자전거 및 기타 운송장비 소매업,47,경상북도,47190,구미시,47190680,진미동,4719012300,진평동,4719012300110360001,1,대지,1036,1,경상북도 구미시 진평동 1036-1,471904724775,경상북도 구미시 인동남길,4,,4719012300110360001002267,,경상북도 구미시 인동남길 4,730360,39397,,,,128.420188819822,36.1047161228468
MA010120220809414894,코렉스자전거,신평점,G2,소매,G213,오락용품 소매,G21305,자전거 소매업,G47632,자전거 및 기타 운송장비 소매업,47,경상북도,47190,구미시,47190590,신평1동,4719011100,신평동,4719011100101330001,1,대지,133,1,경상북도 구미시 신평동 133-1,471903018024,경상북도 구미시 야은로,759,,4719011100101330001030174,,경상북도 구미시 야은로 759,730916,39239,,1,,128.362365966315,36.1239420981126
MA010120220809436120,삼천리자전거스포츠,,G2,소매,G213,오락용품 소매,G21305,자전거 소매업,G47632,자전거 및 기타 운송장비 소매업,47,경상북도,47190,구미시,47190690,양포동,4719012800,옥계동,4719012800108370002,1,대지,837,2,경상북도 구미시 옥계동 837-2,471904724398,경상북도 구미시 산호대로29길,19,11,4719012800108370002000510,,경상북도 구미시 산호대로29길 19-11,730824,39185,,,,128.418833636276,36.1380199404491
MA010120220809444122,알톤자전거투맨토이,구미점,G2,소매,G213,오락용품 소매,G21305,자전거 소매업,G47632,자전거 및 기타 운송장비 소매업,47,경상북도,47190,구미시,47190565,선주원남동,4719010400,봉곡동,4719010400105400002,1,대지,540,2,경상북도 구미시 봉곡동 540-2,471903308019,경상북도 구미시 봉곡로,41,1,4719010400105400002000001,,경상북도 구미시 봉곡로 41-1,730818,39209,,,,128.309503242445,36.1425094991371
MA010120220809439529,코렉스자전거세상,,G2,소매,G213,오락용품 소매,G21305,자전거 소매업,G47632,자전거 및 기타 운송장비 소매업,47,경상북도,47190,구미시,47190565,선주원남동,4719010400,봉곡동,4719010400102760007,1,대지,276,7,경상북도 구미시 봉곡동 276-7,471903308019,경상북도 구미시 봉곡로,131,,4719010400102760007024085,,경상북도 구미시 봉곡로 131,730808,39208,,,,128.310334785972,36.1504214181024
MA010120220809413130,삼성자전차,,G2,소매,G213,오락용품 소매,G21305,자전거 소매업,G47632,자전거 및 기타 운송장비 소매업,47,경상북도,47190,구미시,47190535,원평동,4719010100,원평동,4719010100109640841,1,대지,964,841,경상북도 구미시 원평동 964-841,471903308014,경상북도 구미시 문장로,17,,4719010100109640841047803,,경상북도 구미시 문장로 17,730924,39216,,,,128.33207392919,36.1349883663919
MA010120220809423254,레스포＆리치,,G2,소매,G213,오락용품 소매,G21305,자전거 소매업,G47632,자전거 및 기타 운송장비 소매업,47,경상북도,47190,구미시,47190670,인동동,4719012200,인의동,4719012200103670006,1,대지,367,6,경상북도 구미시 인의동 367-6,471904724625,경상북도 구미시 여헌로3길,52,,4719012200103670006003758,,경상북도 구미시 여헌로3길 52,730320,39432,,,,128.421879040774,36.1073093566211
MA010120220809444493,에스엠바이크,,G2,소매,G213,오락용품 소매,G21305,자전거 소매업,G47632,자전거 및 기타 운송장비 소매업,47,경상북도,47190,구미시,47190360,장천면,4719036029,장천면,4719036029108440000,1,대지,844,,경상북도 구미시 장천면 신장리 844,471904724592,경상북도 구미시 장천면 신장1길,29,2,4719036029108440000075118,,경상북도 구미시 장천면 신장1길 29-2,730843,39457,,,,128.476370242472,36.123293935182
MA010120220809417662,3000리호자전거,,G2,소매,G213,오락용품 소매,G21305,자전거 소매업,G47632,자전거 및 기타 운송장비 소매업,47,경상북도,47190,구미시,47190583,형곡2동,4719010900,형곡동,4719010900102460002,1,대지,246,2,경상북도 구미시 형곡동 246-2,471903308069,경상북도 구미시 형곡서로,75,,4719010900102460002025177,,경상북도 구미시 형곡서로 75,730929,39311,,,,128.334578398384,36.1090346800598
MA010120220809448314,셀자전거,,G2,소매,G213,오락용품 소매,G21305,자전거 소매업,G47632,자전거 및 기타 운송장비 소매업,47,경상북도,47190,구미시,47190510,송정동,4719011000,송정동,4719011000104880006,1,대지,488,6,경상북도 구미시 송정동 488-6,471904724576,경상북도 구미시 신시로10길,95,1,4719011000104880006027840,,경상북도 구미시 신시로10길 95-1,730915,39322,,,,128.349115938531,36.1155673073458
MA010120220809437355,삼천리자전거,원평점,G2,소매,G213,오락용품 소매,G21305,자전거 소매업,G47632,자전거 및 기타 운송장비 소매업,47,경상북도,47190,구미시,47190535,원평동,4719010100,원평동,4719010100101580054,1,대지,158,54,경상북도 구미시 원평동 158-54,471904724387,경상북도 구미시 산업로4길,50,,4719010100101580054016426,,경상북도 구미시 산업로4길 50,730922,39221,,,,128.331791640365,36.1307741757843
MA010120220809418074,엠티비하우스,,G2,소매,G213,오락용품 소매,G21305,자전거 소매업,G47632,자전거 및 기타 운송장비 소매업,47,경상북도,47190,구미시,47190551,도량동,4719010300,도량동,4719010300107070003,1,대지,707,3,경상북도 구미시 도량동 707-3,471903308014,경상북도 구미시 문장로,158,,4719010300107070003048977,,경상북도 구미시 문장로 158,730909,39198,,,,128.331160062828,36.1473080705785
MA010120220809428411,코렉스자전거,,G2,소매,G213,오락용품 소매,G21305,자전거 소매업,G47632,자전거 및 기타 운송장비 소매업,47,경상북도,47190,구미시,47190582,형곡1동,4719010900,형곡동,4719010900101400005,1,대지,140,5,경상북도 구미시 형곡동 140-5,471903308068,경상북도 구미시 형곡로,90,,4719010900101400005025352,,경상북도 구미시 형곡로 90,730926,39292,,,,128.332084460012,36.1132617602949
MA010120220809437892,네오바이크,,G2,소매,G213,오락용품 소매,G21305,자전거 소매업,G47632,자전거 및 기타 운송장비 소매업,47,경상북도,47850,칠곡군,47850256,석적읍,4785025623,석적읍,4785025623107480002,1,대지,748,2,경상북도 칠곡군 석적읍 남율리 748-2,478502000012,경상북도 칠곡군 석적읍 강변대로,2289,,4785025623107480002000001,,경상북도 칠곡군 석적읍 강변대로 2289,718831,39842,,,,128.394075379775,36.0760602876924
MA010120220809422366,코렉스자전거사곡점,,G2,소매,G213,오락용품 소매,G21305,자전거 소매업,G47632,자전거 및 기타 운송장비 소매업,47,경상북도,47190,구미시,47190645,상모사곡동,4719011500,사곡동,4719011500106710002,1,대지,671,2,경상북도 구미시 사곡동 671-2,471903308028,경상북도 구미시 상사동로,163,7,4719011500106710002044081,,경상북도 구미시 상사동로 163-7,730110,39326,,,,128.358149262769,36.0990284379586
MA010120220809416802,삼천리자전거,대리점,G2,소매,G213,오락용품 소매,G21305,자전거 소매업,G47632,자전거 및 기타 운송장비 소매업,47,경상북도,47150,김천시,47150516,자산동,4715010300,모암동,4715010300101600018,1,대지,160,18,경상북도 김천시 모암동 160-18,471504718816,경상북도 김천시 중앙시장길,5,,4715010300101600018004335,,경상북도 김천시 중앙시장길 5,740010,39590,,,,128.124334882813,36.1187351701508
MA010120220809477205,대구스페셜라이즈드조세핀,,G2,소매,G213,오락용품 소매,G21305,자전거 소매업,G47632,자전거 및 기타 운송장비 소매업,27,대구광역시,27200,남구,27200550,봉덕3동,2720010200,봉덕동,2720010200113290077,1,대지,1329,77,대구광역시 남구 봉덕동 1329-77,272003007012,대구광역시 남구 앞산순환로,673,,2720010200113290077011885,,대구광역시 남구 앞산순환로 673,705835,42509,,,,128.598213484792,35.8329816677065
MA010120220809488584,삼천리자전거,대리점,G2,소매,G213,오락용품 소매,G21305,자전거 소매업,G47632,자전거 및 기타 운송장비 소매업,27,대구광역시,27290,달서구,27290625,상인2동,2729011500,상인동,2729011500114310016,1,대지,1431,16,대구광역시 달서구 상인동 1431-16,272903147008,대구광역시 달서구 상원로,60,,2729011500114310016013668,,대구광역시 달서구 상원로 60,704809,42787,,,,128.534963131895,35.8148459677581
MA010120220809452759,금고바이크,,G2,소매,G213,오락용품 소매,G21305,자전거 소매업,G47632,자전거 및 기타 운송장비 소매업,47,경상북도,47190,구미시,47190645,상모사곡동,4719011500,사곡동,4719011500106590011,1,대지,659,11,경상북도 구미시 사곡동 659-11,471903308028,경상북도 구미시 상사동로,177,,4719011500106590011046626,로얄빌딩,경상북도 구미시 상사동로 177,730110,39326,,1,,128.358885374109,36.1005069727893
MA010120220809478021,이천윤업,,G2,소매,G213,오락용품 소매,G21305,자전거 소매업,G47632,자전거 및 기타 운송장비 소매업,27,대구광역시,27200,남구,27200530,봉덕1동,2720010200,봉덕동,2720010200109580004,1,대지,958,4,대구광역시 남구 봉덕동 958-4,272003141012,대구광역시 남구 대봉로,76,,2720010200109580004000001,,대구광역시 남구 대봉로 76,705021,42440,,1,,128.604165063983,35.845518400518
MA010120220809455881,구미자전거,,G2,소매,G213,오락용품 소매,G21305,자전거 소매업,G47632,자전거 및 기타 운송장비 소매업,47,경상북도,47190,구미시,47190551,도량동,4719010300,도량동,4719010300103140000,1,대지,314,,경상북도 구미시 도량동 314,471903018024,경상북도 구미시 야은로,316,,4719010300103140000025450,,경상북도 구미시 야은로 316,730908,39215,,1,,128.317209270878,36.1382617176862
MA010120220809489725,대구상사,,G2,소매,G213,오락용품 소매,G21305,자전거 소매업,G47632,자전거 및 기타 운송장비 소매업,27,대구광역시,27290,달서구,27290630,송현1동,2729012200,송현동,2729012200119580009,1,대지,1958,9,대구광역시 달서구 송현동 1958-9,272903007012,대구광역시 달서구 앞산순환로,203,,2729012200119580009011772,,대구광역시 달서구 앞산순환로 203,704827,42825,,,,128.552543835183,35.822243922155
MA010120220809479340,코렉스자전거,,G2,소매,G213,오락용품 소매,G21305,자전거 소매업,G47632,자전거 및 기타 운송장비 소매업,27,대구광역시,27200,남구,27200540,봉덕2동,2720010200,봉덕동,2720010200109440009,1,대지,944,9,대구광역시 남구 봉덕동 944-9,272003141012,대구광역시 남구 대봉로,46,,2720010200109440009027846,,대구광역시 남구 대봉로 46,705827,42443,,1,,128.604275508875,35.8427594212398
MA010120220809483493,삼성윤업사,,G2,소매,G213,오락용품 소매,G21305,자전거 소매업,G47632,자전거 및 기타 운송장비 소매업,27,대구광역시,27200,남구,27200515,이천동,2720010100,이천동,2720010100101930020,1,대지,193,20,대구광역시 남구 이천동 193-20,272003141013,대구광역시 남구 명덕로,314,,2720010100101930020027880,,대구광역시 남구 명덕로 314,705837,42433,,1,,128.60424407693,35.8549343046482
MA010120220806217948,전민동,대리점,G2,소매,G213,오락용품 소매,G21305,자전거 소매업,G47632,자전거 및 기타 운송장비 소매업,30,대전광역시,30200,유성구,30200570,전민동,3020014100,전민동,3020014100104660003,1,대지,466,3,대전광역시 유성구 전민동 466-3,302003167043,대전광역시 유성구 엑스포로,488,,3020014100104660003004022,아,대전광역시 유성구 엑스포로 488,305812,34049,,,,127.405701252467,36.399989191445
MA010120220806229246,삼천리자전거,상대점,G2,소매,G213,오락용품 소매,G21305,자전거 소매업,G47632,자전거 및 기타 운송장비 소매업,30,대전광역시,30200,유성구,30200527,상대동,3020011500,상대동,3020011500104400001,1,대지,440,1,대전광역시 유성구 상대동 440-1,302002166002,대전광역시 유성구 월드컵대로,298,,3020011500104400001015529,,대전광역시 유성구 월드컵대로 298,305313,34198,,,,127.333133643081,36.3482340052392
MA010120220806218169,청도스포츠및자전거,,G2,소매,G213,오락용품 소매,G21305,자전거 소매업,G47632,자전거 및 기타 운송장비 소매업,30,대전광역시,30200,유성구,30200570,전민동,3020014100,전민동,3020014100103250010,1,대지,325,10,대전광역시 유성구 전민동 325-10,302003167043,대전광역시 유성구 엑스포로,475,,3020014100103250010002634,,대전광역시 유성구 엑스포로 475,305810,34052,,,,127.404568750105,36.3987133761996
MA010120220806218203,삼천리자전거,,G2,소매,G213,오락용품 소매,G21305,자전거 소매업,G47632,자전거 및 기타 운송장비 소매업,30,대전광역시,30200,유성구,30200550,신성동,3020013500,신봉동,3020013500102300014,1,대지,230,14,대전광역시 유성구 신봉동 230-14,302004301380,대전광역시 유성구 자운로97번길,410,,3020013500102300012007647,자운대쇼핑타운,대전광역시 유성구 자운로97번길 410,305805,34059,,,,127.337584224206,36.4140160537059
MA010120220806218215,레스포자전거,,G2,소매,G213,오락용품 소매,G21305,자전거 소매업,G47632,자전거 및 기타 운송장비 소매업,30,대전광역시,30200,유성구,30200530,온천1동,3020011200,구암동,3020011200105450010,1,대지,545,10,대전광역시 유성구 구암동 545-10,302004301022,대전광역시 유성구 계룡로60번길,73,,3020011200105450010013059,,대전광역시 유성구 계룡로60번길 73,305800,34178,,,,127.336545982327,36.3516308903312
MA010120220806226866,자전거스토리,,G2,소매,G213,오락용품 소매,G21305,자전거 소매업,G47632,자전거 및 기타 운송장비 소매업,30,대전광역시,30200,유성구,30200610,원신흥동,3020011400,원신흥동,3020011400105350011,1,대지,535,11,대전광역시 유성구 원신흥동 535-11,302004301519,대전광역시 유성구 원신흥로40번길,37,,3020011400105350011000001,,대전광역시 유성구 원신흥로40번길 37,305315,34195,,,,127.341966969624,36.3378725511538
MA010120220806213560,바이크웨이,,G2,소매,G213,오락용품 소매,G21305,자전거 소매업,G47632,자전거 및 기타 운송장비 소매업,30,대전광역시,30200,유성구,30200547,노은2동,3020012100,죽동,3020012100105970001,1,대지,597,1,대전광역시 유성구 죽동 597-1,302003167033,대전광역시 유성구 북유성대로,188,,3020012100105970001000001,,대전광역시 유성구 북유성대로 188,305328,34097,,1,,127.322316263821,36.3832652824563
MA010120220806221604,케이에스삼천리,대전점,G2,소매,G213,오락용품 소매,G21305,자전거 소매업,G47632,자전거 및 기타 운송장비 소매업,30,대전광역시,30170,서구,30170575,내동,3017011000,내동,3017011000100080019,1,대지,8,19,대전광역시 서구 내동 8-19,301703166016,대전광역시 서구 도산로,239,,3017011000100080019011882,,대전광역시 서구 도산로 239,302817,35315,,1,,127.381645148398,36.3292633401335
MA010120220806229883,503자전거,,G2,소매,G213,오락용품 소매,G21305,자전거 소매업,G47632,자전거 및 기타 운송장비 소매업,30,대전광역시,30200,유성구,30200540,온천2동,3020012200,궁동,3020012200104650007,1,대지,465,7,대전광역시 유성구 궁동 465-7,302004301157,대전광역시 유성구 문화원로38번길,19,,3020012200104650007012704,세인빌딩,대전광역시 유성구 문화원로38번길 19,305335,34167,,1,,127.34030139646,36.3595505978415
MA010120220806224530,스마일즈바이크삼천리자전거,관평점,G2,소매,G213,오락용품 소매,G21305,자전거 소매업,G47632,자전거 및 기타 운송장비 소매업,30,대전광역시,30200,유성구,30200600,관평동,3020014600,관평동,3020014600108820000,1,대지,882,,대전광역시 유성구 관평동 882,302004301038,대전광역시 유성구 관들1길,7,,3020014600108820000002575,,대전광역시 유성구 관들1길 7,305509,34017,,1,,127.38774841324,36.4258041308846
MA010120220806235339,자전거여행,,G2,소매,G213,오락용품 소매,G21305,자전거 소매업,G47632,자전거 및 기타 운송장비 소매업,30,대전광역시,30200,유성구,30200520,진잠동,3020010100,원내동,3020010100108390000,1,대지,839,,대전광역시 유성구 원내동 839,302003000095,대전광역시 유성구 계백로,971,,3020010100108390000000001,,대전광역시 유성구 계백로 971,305809,34223,,,,127.331800830795,36.3018900155474
MA010120220806230345,환영기연,,G2,소매,G213,오락용품 소매,G21305,자전거 소매업,G47632,자전거 및 기타 운송장비 소매업,30,대전광역시,30200,유성구,30200580,구즉동,3020014500,봉산동,3020014500101970014,1,대지,197,14,대전광역시 유성구 봉산동 197-14,302003167031,대전광역시 유성구 봉산로,52,,3020014500101970014000486,,대전광역시 유성구 봉산로 52,305506,34007,,,,127.385945847005,36.4378585140424
MA010120220806214664,샵KRC,,G2,소매,G213,오락용품 소매,G21305,자전거 소매업,G47632,자전거 및 기타 운송장비 소매업,30,대전광역시,30230,대덕구,30230520,대화동,3023010200,대화동,3023010200102890001,1,대지,289,1,대전광역시 대덕구 대화동 289-1,302303168004,대전광역시 대덕구 대화로,160,,3023010200102890001008147,산업용재유통상가,대전광역시 대덕구 대화로 160,306754,34368,,,,127.402936017244,36.3652945197826
MA010120220806228612,해피바이크,,G2,소매,G213,오락용품 소매,G21305,자전거 소매업,G47632,자전거 및 기타 운송장비 소매업,30,대전광역시,30200,유성구,30200546,노은1동,3020012000,지족동,3020012000109140000,1,대지,914,,대전광역시 유성구 지족동 914,302003167059,대전광역시 유성구 은구비서로,38,,3020012000109140000007072,,대전광역시 유성구 은구비서로 38,305330,34085,,,,127.32092373876,36.3752756331442
MA010120220806234060,송강삼천리자전거,,G2,소매,G213,오락용품 소매,G21305,자전거 소매업,G47632,자전거 및 기타 운송장비 소매업,30,대전광역시,30200,유성구,30200580,구즉동,3020014700,송강동,3020014700101950016,1,대지,195,16,대전광역시 유성구 송강동 195-16,302003167012,대전광역시 유성구 구즉로,52,,3020014700101950016002037,,대전광역시 유성구 구즉로 52,305803,34009,,,,127.38498854942,36.4337162599287
MA010120220806217358,대전알톤자전거,,G2,소매,G213,오락용품 소매,G21305,자전거 소매업,G47632,자전거 및 기타 운송장비 소매업,30,대전광역시,30170,서구,30170570,가장동,3017010900,가장동,3017010900100350001,1,대지,35,1,대전광역시 서구 가장동 35-1,301703166004,대전광역시 서구 갈마로,306,,3017010900100350001016704,,대전광역시 서구 갈마로 306,302803,35310,,1,,127.385657860285,36.3299263434295
MA010120220806220256,삼천리자전거및스포츠,,G2,소매,G213,오락용품 소매,G21305,자전거 소매업,G47632,자전거 및 기타 운송장비 소매업,30,대전광역시,30200,유성구,30200540,온천2동,3020012300,어은동,3020012300101050002,1,대지,105,2,대전광역시 유성구 어은동 105-2,302003167017,대전광역시 유성구 농대로,10,,3020012300101050002010350,,대전광역시 유성구 농대로 10,305807,34139,,,,127.35351290911,36.3614587765671
MA010120220806231448,자전거나라,,G2,소매,G213,오락용품 소매,G21305,자전거 소매업,G47632,자전거 및 기타 운송장비 소매업,30,대전광역시,30140,중구,30140560,중촌동,3014010400,중촌동,3014010400101170010,1,대지,117,10,대전광역시 중구 중촌동 117-10,301403010004,대전광역시 중구 대종로,650,,3014010400101170010003923,,대전광역시 중구 대종로 650,301841,34804,,1,,127.413936712294,36.3385190917054
MA010120220806263733,삼천리자전거,,G2,소매,G213,오락용품 소매,G21305,자전거 소매업,G47632,자전거 및 기타 운송장비 소매업,43,충청북도,43112,청주시 서원구,43112520,사직2동,4311210100,사직동,4311210100101060006,1,대지,106,6,충청북도 청주시 서원구 사직동 106-6,431123236025,충청북도 청주시 서원구 사직대로,308,6,4311310100101060006007389,,충청북도 청주시 서원구 사직대로 308-6,362826,28655,,,,127.481916687896,36.6359414524221
MA010120220806291984,삼천리자전거,태안점,G2,소매,G213,오락용품 소매,G21305,자전거 소매업,G47632,자전거 및 기타 운송장비 소매업,44,충청남도,44825,태안군,44825250,태안읍,4482525021,태안읍,4482525021103150029,1,대지,315,29,충청남도 태안군 태안읍 동문리 315-29,448253264021,충청남도 태안군 태안읍 샘골로,24,,4482525021103150029007628,,충청남도 태안군 태안읍 샘골로 24,357905,32143,,,,126.302295701582,36.7512334334702
MA010120220806266317,삼천리자전거,,G2,소매,G213,오락용품 소매,G21305,자전거 소매업,G47632,자전거 및 기타 운송장비 소매업,43,충청북도,43113,청주시 흥덕구,43113742,복대2동,4311311400,복대동,4311311400124420000,1,대지,2442,,충청북도 청주시 흥덕구 복대동 2442,431133237030,충청북도 청주시 흥덕구 복대로,94,,4311311400124420000010074,형석아파트,충청북도 청주시 흥덕구 복대로 94,361813,28607,,,,127.442496444527,36.6250825729616
MA010120220806272760,자전거,전문점,G2,소매,G213,오락용품 소매,G21305,자전거 소매업,G47632,자전거 및 기타 운송장비 소매업,43,충청북도,43113,청주시 흥덕구,43113742,복대2동,4311311400,복대동,4311311400100480003,1,대지,48,3,충청북도 청주시 흥덕구 복대동 48-3,431134511094,충청북도 청주시 흥덕구 가로수로1312번길,5,,4311311400100480003010095,,충청북도 청주시 흥덕구 가로수로1312번길 5,361272,28598,,1,,127.438858852054,36.6322329851238
MA010120220806292171,삼천리자전거서해,대리점,G2,소매,G213,오락용품 소매,G21305,자전거 소매업,G47632,자전거 및 기타 운송장비 소매업,44,충청남도,44210,서산시,44210535,동문2동,4421010200,동문동,4421010200109870013,1,대지,987,13,충청남도 서산시 동문동 987-13,442103254105,충청남도 서산시 안견로,256,,4421010200109870013038856,,충청남도 서산시 안견로 256,356804,31983,,,,126.455127299858,36.7778030556494
MA010120220806273177,호전자전거점,,G2,소매,G213,오락용품 소매,G21305,자전거 소매업,G47632,자전거 및 기타 운송장비 소매업,43,충청북도,43113,청주시 흥덕구,43113742,복대2동,4311311400,복대동,4311311400117230000,1,대지,1723,,충청북도 청주시 흥덕구 복대동 1723,431133237050,충청북도 청주시 흥덕구 성봉로,261,,4311311400117230000012850,,충청북도 청주시 흥덕구 성봉로 261,361813,28603,,,,127.449727475887,36.6285428759245
MA010120220806264754,증평자전거와문열쇠,,G2,소매,G213,오락용품 소매,G21305,자전거 소매업,G47632,자전거 및 기타 운송장비 소매업,43,충청북도,43745,증평군,43745250,증평읍,4374525025,증평읍,4374525025102490000,1,대지,249,,충청북도 증평군 증평읍 신동리 249,437453244017,충청북도 증평군 증평읍 장뜰로,26,,4374525025102270000008623,,충청북도 증평군 증평읍 장뜰로 26,368907,27937,,,,127.580318956079,36.7812668651416
MA010120220806266754,대신상사,,G2,소매,G213,오락용품 소매,G21305,자전거 소매업,G47632,자전거 및 기타 운송장비 소매업,43,충청북도,43113,청주시 흥덕구,43113747,가경동,4311311300,가경동,4311311300109550000,1,대지,955,,충청북도 청주시 흥덕구 가경동 955,431134512038,충청북도 청주시 흥덕구 풍년로206번길,24,1,4311311300109550000009569,,충청북도 청주시 흥덕구 풍년로206번길 24-1,361800,28389,,,,127.431159208581,36.6309274244977
MA010120220806276291,성광상사,,G2,소매,G213,오락용품 소매,G21305,자전거 소매업,G47632,자전거 및 기타 운송장비 소매업,43,충청북도,43111,청주시 상당구,43111545,성안동,4311111100,석교동,4311111100104380000,1,대지,438,,충청북도 청주시 상당구 석교동 438,431113236019,충청북도 청주시 상당구 무심동로,250,3,4311111100104380000044450,,충청북도 청주시 상당구 무심동로 250-3,360060,28711,,1,,127.490117808713,36.6261758040208
MA010120220806278910,종합자전거,,G2,소매,G213,오락용품 소매,G21305,자전거 소매업,G47632,자전거 및 기타 운송장비 소매업,43,충청북도,43745,증평군,43745250,증평읍,4374525025,증평읍,4374525025102110001,1,대지,211,1,충청북도 증평군 증평읍 신동리 211-1,437453244017,충청북도 증평군 증평읍 장뜰로,19,,4374525025102050000003451,,충청북도 증평군 증평읍 장뜰로 19,368907,27937,,,,127.579589136341,36.7810451476517
MA010120220806263101,종합자전거,,G2,소매,G213,오락용품 소매,G21305,자전거 소매업,G47632,자전거 및 기타 운송장비 소매업,43,충청북도,43760,괴산군,43760250,괴산읍,4376025022,괴산읍,4376025022102490005,1,대지,249,5,충청북도 괴산군 괴산읍 서부리 249-5,437604538578,충청북도 괴산군 괴산읍 읍내로15길,39,1,4376025022102490005202163,,충청북도 괴산군 괴산읍 읍내로15길 39-1,367802,28029,,,,127.791717967346,36.8118922007827
MA010120220806282078,원샵,,G2,소매,G213,오락용품 소매,G21305,자전거 소매업,G47632,자전거 및 기타 운송장비 소매업,51,강원특별자치도,51150,강릉시,51150615,강남동,5115012100,노암동,5115012100102660004,1,대지,266,4,강원특별자치도 강릉시 노암동 266-4,511503220055,강원특별자치도 강릉시 강변로,332,,4215012100102660004002319,,강원특별자치도 강릉시 강변로 332,210930,25589,,1,,128.903775118449,37.7527078383275
MA010120220806296930,서산프로바이크,,G2,소매,G213,오락용품 소매,G21305,자전거 소매업,G47632,자전거 및 기타 운송장비 소매업,44,충청남도,44210,서산시,44210550,석남동,4421010900,예천동,4421010900100690004,1,대지,69,4,충청남도 서산시 예천동 69-4,442103254022,충청남도 서산시 남부순환로,1047,,4421010900100690004000001,프로바이크빌딩,충청남도 서산시 남부순환로 1047,356807,31998,,,,126.451813149227,36.7697139290442
MA010120220806320867,삼천리자전거,,G2,소매,G213,오락용품 소매,G21305,자전거 소매업,G47632,자전거 및 기타 운송장비 소매업,43,충청북도,43760,괴산군,43760250,괴산읍,4376025021,괴산읍,4376025021106800005,1,대지,680,5,충청북도 괴산군 괴산읍 동부리 680-5,437604538585,충청북도 괴산군 괴산읍 읍내로2길,36,,4376025021106800005202128,광화루,충청북도 괴산군 괴산읍 읍내로2길 36,367805,28030,,1,,127.79234565552,36.8075537926321
MA010120220806320904,엑스포MTB,,G2,소매,G213,오락용품 소매,G21305,자전거 소매업,G47632,자전거 및 기타 운송장비 소매업,30,대전광역시,30200,유성구,30200570,전민동,3020014100,전민동,3020014100103710005,1,대지,371,5,대전광역시 유성구 전민동 371-5,302004301394,대전광역시 유성구 전민로6번길,13,,3020014100103710005003884,,대전광역시 유성구 전민로6번길 13,305810,34052,,,,127.40432789377,36.3974074996535
MA010120220806323302,굿케어메디칼,,G2,소매,G213,오락용품 소매,G21305,자전거 소매업,G47632,자전거 및 기타 운송장비 소매업,43,충청북도,43112,청주시 서원구,43112570,수곡1동,4311210700,수곡동,4311210700100850045,1,대지,85,45,충청북도 청주시 서원구 수곡동 85-45,431124511163,충청북도 청주시 서원구 구룡산로371번길,35,,4311310900100850045020229,,충청북도 청주시 서원구 구룡산로371번길 35,362836,28678,,1,,127.485573266882,36.6199495790355
MA010120220806295540,화림자전차,,G2,소매,G213,오락용품 소매,G21305,자전거 소매업,G47632,자전거 및 기타 운송장비 소매업,44,충청남도,44210,서산시,44210390,해미면,4421039021,해미면,4421039021101970003,1,대지,197,3,충청남도 서산시 해미면 읍내리 197-3,442103254015,충청남도 서산시 해미면 남문1로,39,,4421039021101970003064260,,충청남도 서산시 해미면 남문1로 39,356826,31960,,,,126.54625837645,36.7105480012312
MA010120220806326310,지니바이크,,G2,소매,G213,오락용품 소매,G21305,자전거 소매업,G47632,자전거 및 기타 운송장비 소매업,43,충청북도,43111,청주시 상당구,43111720,용암1동,4311112400,용암동,4311112400111030000,1,대지,1103,,충청북도 청주시 상당구 용암동 1103,431113236044,충청북도 청주시 상당구 용암북로,44,1,4311112400111030000030028,,충청북도 청주시 상당구 용암북로 44-1,360823,28770,,1,,127.504131910525,36.6167545941926
MA010120220806326492,진바이크,,G2,소매,G213,오락용품 소매,G21305,자전거 소매업,G47632,자전거 및 기타 운송장비 소매업,43,충청북도,43111,청주시 상당구,43111730,용암2동,4311112900,운동동,4311112900104780043,1,대지,478,43,충청북도 청주시 상당구 운동동 478-43,431113014001,충청북도 청주시 상당구 목련로,80,,4311112900200640021000001,,충청북도 청주시 상당구 목련로 80,360102,28759,,,,127.514415340852,36.599805420503
MA010120220806327357,길스포츠,,G2,소매,G213,오락용품 소매,G21305,자전거 소매업,G47632,자전거 및 기타 운송장비 소매업,43,충청북도,43111,청주시 상당구,43111620,탑대성동,4311111700,탑동,4311111700100580006,1,대지,58,6,충청북도 청주시 상당구 탑동 58-6,431113014064,충청북도 청주시 상당구 산성로,93,,4311111700100580006000001,,충청북도 청주시 상당구 산성로 93,360081,28523,,,,127.503120601994,36.6314292548411
MA010120220806305372,스콜,부산점,G2,소매,G213,오락용품 소매,G21305,자전거 소매업,G47632,자전거 및 기타 운송장비 소매업,26,부산광역시,26320,북구,26320560,덕천2동,2632010400,덕천동,2632010400102970007,1,대지,297,7,부산광역시 북구 덕천동 297-7,263203132018,부산광역시 북구 의성로,41,1,2632010400102970007007964,,부산광역시 북구 의성로 41-1,616816,46549,,2,,129.009183608654,35.2169224413237
MA010120220806320104,삼천리자전거,,G2,소매,G213,오락용품 소매,G21305,자전거 소매업,G47632,자전거 및 기타 운송장비 소매업,43,충청북도,43114,청주시 청원구,43114250,내수읍,4311425022,내수읍,4311425022101970198,1,대지,197,198,충청북도 청주시 청원구 내수읍 마산리 197-198,431144520225,충청북도 청주시 청원구 내수읍 마산5길,10,,4371025022001970007051022,,충청북도 청주시 청원구 내수읍 마산5길 10,363934,28145,,,,127.535338720129,36.7244376147986
MA010120220806300324,무무바이크,,G2,소매,G213,오락용품 소매,G21305,자전거 소매업,G47632,자전거 및 기타 운송장비 소매업,44,충청남도,44210,서산시,44210550,석남동,4421010800,석남동,4421010800100090011,1,대지,9,11,충청남도 서산시 석남동 9-11,442103254032,충청남도 서산시 덕지천로,34,,4421010800100090012000001,,충청남도 서산시 덕지천로 34,356110,31995,,,,126.455153341399,36.7725407221747
MA010120220806369837,삼천리자전거하나로점,,G2,소매,G213,오락용품 소매,G21305,자전거 소매업,G47632,자전거 및 기타 운송장비 소매업,52,전북특별자치도,52140,익산시,52140652,어양동,5214012300,어양동,5214012300103180004,1,대지,318,4,전북특별자치도 익산시 어양동 318-4,521403269039,전북특별자치도 익산시 하나로,520,,4514012300103180004000001,,전북특별자치도 익산시 하나로 520,570210,54548,,1,,126.980565741279,35.966736938021
MA010120220806378179,봉봉트레이드,,G2,소매,G213,오락용품 소매,G21305,자전거 소매업,G47632,자전거 및 기타 운송장비 소매업,46,전라남도,46110,목포시,46110780,삼향동,4611016000,석현동,4611016000104900007,1,대지,490,7,전라남도 목포시 석현동 490-7,461103281095,전라남도 목포시 영산로,690,,4611016000104990001018840,,전라남도 목포시 영산로 690,530828,58606,,2,,126.422129833885,34.8267053617727
MA010120220806351655,참좋은자전거,,G2,소매,G213,오락용품 소매,G21305,자전거 소매업,G47632,자전거 및 기타 운송장비 소매업,30,대전광역시,30170,서구,30170593,도안동,3017011500,도안동,3017011500109780000,1,대지,978,,대전광역시 서구 도안동 978,301704298649,대전광역시 서구 원도안로257번길,54,,3017011500109780000000001,,대전광역시 서구 원도안로257번길 54,302318,35352,,,,127.347418421404,36.3263848235087
MA010120220806378616,서비바이크,,G2,소매,G213,오락용품 소매,G21305,자전거 소매업,G47632,자전거 및 기타 운송장비 소매업,48,경상남도,48330,양산시,48330253,물금읍,4833025321,물금읍,4833025321108810016,1,대지,881,16,경상남도 양산시 물금읍 물금리 881-16,483303338089,경상남도 양산시 물금읍 황산로,328,,4833025321108810016000001,효원빌,경상남도 양산시 물금읍 황산로 328,626812,50657,,1,,128.987690295666,35.3062941613562
MA010120220806343208,썬레포츠주,,G2,소매,G213,오락용품 소매,G21305,자전거 소매업,G47632,자전거 및 기타 운송장비 소매업,43,충청북도,43111,청주시 상당구,43111545,성안동,4311111100,석교동,4311111100104370000,1,대지,437,,충청북도 청주시 상당구 석교동 437,431113236019,충청북도 청주시 상당구 무심동로,250,1,4311111100104370000044153,,충청북도 청주시 상당구 무심동로 250-1,360060,28711,,,,127.490105944496,36.626067717273
MA010120220807694187,선경자전거,,G2,소매,G213,오락용품 소매,G21305,자전거 소매업,G47632,자전거 및 기타 운송장비 소매업,46,전라남도,46110,목포시,46110595,목원동,4611011500,상락동1가,4611011500100010003,1,대지,1,3,전라남도 목포시 상락동1가 1-3,461104643347,전라남도 목포시 삼학로16번길,1,1,4611011500100010003000001,,전라남도 목포시 삼학로16번길 1-1,530251,58752,,,,126.38722611166,34.789883892705
MA010120220807718743,서울자전거,,G2,소매,G213,오락용품 소매,G21305,자전거 소매업,G47632,자전거 및 기타 운송장비 소매업,46,전라남도,46110,목포시,46110510,용당1동,4611010100,용당동,4611010100110780011,1,대지,1078,11,전라남도 목포시 용당동 1078-11,461103281058,전라남도 목포시 용당로,225,,4611010100110780011040427,,전라남도 목포시 용당로 225,530836,58650,,,,126.398235582605,34.8070022457491
MA010120220807705871,남악자전거삼천리도청점,,G2,소매,G213,오락용품 소매,G21305,자전거 소매업,G47632,자전거 및 기타 운송장비 소매업,46,전라남도,46110,목포시,46110810,부주동,4611016400,옥암동,4611016400112760002,1,대지,1276,2,전라남도 목포시 옥암동 1276-2,461104643024,전라남도 목포시 남악2로52번길,5,8,4611016400112760002000001,제,전라남도 목포시 남악2로52번길 5-8,530852,58678,,1,,126.455766085221,34.8099142310881
MA010120220807705976,알톤자전거총판,,G2,소매,G213,오락용품 소매,G21305,자전거 소매업,G47632,자전거 및 기타 운송장비 소매업,46,전라남도,46110,목포시,46110750,이로동,4611015900,용해동,4611015900102470045,1,대지,247,45,전라남도 목포시 용해동 247-45,461104643362,전라남도 목포시 삼학로373번길,14,1,4611015900102470045047723,,전라남도 목포시 삼학로373번길 14-1,530840,58701,,,,126.407531691609,34.8045149391045
MA010120220807710745,삼천리자전거북항,대리점,G2,소매,G213,오락용품 소매,G21305,자전거 소매업,G47632,자전거 및 기타 운송장비 소매업,46,전라남도,46110,목포시,46110565,대성동,4611010200,산정동,4611010200117900006,1,대지,1790,6,전라남도 목포시 산정동 1790-6,461103281083,전라남도 목포시 청호로,95,,4611010200117900006004198,,전라남도 목포시 청호로 95,530819,58716,,,,126.379254171593,34.8009847431453
MA010120220807712894,자전거 소매업,,G2,소매,G213,오락용품 소매,G21305,자전거 소매업,G47632,자전거 및 기타 운송장비 소매업,46,전라남도,46110,목포시,46110535,연동,4611010200,산정동,4611010200110900012,1,대지,1090,12,전라남도 목포시 산정동 1090-12,461103281033,전라남도 목포시 산정안로,10,6,4611010200110900010041404,,전라남도 목포시 산정안로 10-6,530811,58731,,,,126.391868095451,34.7945764074845
MA010120220807718812,삼미자전거,,G2,소매,G213,오락용품 소매,G21305,자전거 소매업,G47632,자전거 및 기타 운송장비 소매업,46,전라남도,46110,목포시,46110510,용당1동,4611010100,용당동,4611010100110490018,1,대지,1049,18,전라남도 목포시 용당동 1049-18,461104643295,전라남도 목포시 산정로186번길,8,1,4611010100110490018046504,,전라남도 목포시 산정로186번길 8-1,530361,58652,,,,126.392008804101,34.8051775199005
MA010120220807706421,한국리어커,,G2,소매,G213,오락용품 소매,G21305,자전거 소매업,G47632,자전거 및 기타 운송장비 소매업,46,전라남도,46110,목포시,46110655,만호동,4611012300,영해동2가,4611012300100020003,1,대지,2,3,전라남도 목포시 영해동2가 2-3,461104643402,전라남도 목포시 수강로12번길,11,,4611012300100020003035565,,전라남도 목포시 수강로12번길 11,530130,58753,,,,126.386058374565,34.7867501616872
MA010120220807704162,삼천리자전거,남악점,G2,소매,G213,오락용품 소매,G21305,자전거 소매업,G47632,자전거 및 기타 운송장비 소매업,46,전라남도,46110,목포시,46110810,부주동,4611016400,옥암동,4611016400111990003,1,대지,1199,3,전라남도 목포시 옥암동 1199-3,461103281078,전라남도 목포시 정의로,26,8,4611016400111990003000001,,전라남도 목포시 정의로 26-8,530851,58671,,,,126.446359606486,34.812684155754
MA010120220807722523,삼윤자전거상회,,G2,소매,G213,오락용품 소매,G21305,자전거 소매업,G47632,자전거 및 기타 운송장비 소매업,46,전라남도,46110,목포시,46110545,산정동,4611010200,산정동,4611010200101800012,1,대지,180,12,전라남도 목포시 산정동 180-12,461103281018,전라남도 목포시 마파지로,75,,4611010200101800012050108,,전라남도 목포시 마파지로 75,530808,58710,,,,126.38354294982,34.8032329875056
MA010120220807701832,알톤자전거목포,직영점,G2,소매,G213,오락용품 소매,G21305,자전거 소매업,G47632,자전거 및 기타 운송장비 소매업,46,전라남도,46110,목포시,46110810,부주동,4611016400,옥암동,4611016400111570001,1,대지,1157,1,전라남도 목포시 옥암동 1157-1,461104643071,전라남도 목포시 당가두로14번길,42,,4611016400111570001000001,,전라남도 목포시 당가두로14번길 42,530851,58674,,,,126.436779541833,34.8071416724093
MA010120220807708858,가람바이크119,,G2,소매,G213,오락용품 소매,G21305,자전거 소매업,G47632,자전거 및 기타 운송장비 소매업,46,전라남도,46110,목포시,46110645,삼학동,4611010200,산정동,4611010200114210017,1,대지,1421,17,전라남도 목포시 산정동 1421-17,461103281037,전라남도 목포시 삼학로,246,,4611010200114210017000001,,전라남도 목포시 삼학로 246,530817,58751,,,,126.407626379009,34.7928062602435
MA010120220807709058,이젠자전거,,G2,소매,G213,오락용품 소매,G21305,자전거 소매업,G47632,자전거 및 기타 운송장비 소매업,46,전라남도,46110,목포시,46110705,북항동,4611010200,산정동,4611010200116940002,1,대지,1694,2,전라남도 목포시 산정동 1694-2,461103281083,전라남도 목포시 청호로,131,,4611010200116940002025398,,전라남도 목포시 청호로 131,530814,58716,,,,126.376504501055,34.8033413535438
MA010120220807706863,알톤.코렉스하당,대리점,G2,소매,G213,오락용품 소매,G21305,자전거 소매업,G47632,자전거 및 기타 운송장비 소매업,46,전라남도,46110,목포시,46110758,신흥동,4611015800,상동,4611015800108790005,1,대지,879,5,전라남도 목포시 상동 879-5,461104643431,전라남도 목포시 신흥로45번길,10,,4611015800108790005032463,,전라남도 목포시 신흥로45번길 10,530822,58690,,,,126.42529217189,34.8042034949657
MA010120220807719378,코렉스덕산자전거,대리점,G2,소매,G213,오락용품 소매,G21305,자전거 소매업,G47632,자전거 및 기타 운송장비 소매업,46,전라남도,46830,영암군,46830253,삼호읍,4683025329,삼호읍,4683025329118830001,1,대지,1883,1,전라남도 영암군 삼호읍 용당리 1883-1,468303017001,전라남도 영암군 삼호읍 신항로,54,,4683025329118830001007051,자전거A/S센터,전라남도 영암군 삼호읍 신항로 54,526896,58449,,1,,126.381726142861,34.7450204678865
MA010120220807691991,삼천리자전거,,G2,소매,G213,오락용품 소매,G21305,자전거 소매업,G47632,자전거 및 기타 운송장비 소매업,46,전라남도,46110,목포시,46110595,목원동,4611011000,창평동,4611011000100150025,1,대지,15,25,전라남도 목포시 창평동 15-25,461104643809,전라남도 목포시 호남로58번길,24,,4611011000100150025010735,,전라남도 목포시 호남로58번길 24,530290,58723,,,,126.384202812908,34.7923835300316
MA010120220807696312,영암자전거상회,,G2,소매,G213,오락용품 소매,G21305,자전거 소매업,G47632,자전거 및 기타 운송장비 소매업,46,전라남도,46110,목포시,46110640,동명동,4611010200,산정동,4611010200113100003,1,대지,1310,3,전라남도 목포시 산정동 1310-3,461103281014,전라남도 목포시 동명로,50,1,4611010200113100003004475,,전라남도 목포시 동명로 50-1,530816,58739,,,,126.395909416017,34.7918022037053
MA010120220807714948,500공조,,G2,소매,G213,오락용품 소매,G21305,자전거 소매업,G47632,자전거 및 기타 운송장비 소매업,43,충청북도,43113,청주시 흥덕구,43113700,운천.신봉동,4311310500,신봉동,4311310500101730009,1,대지,173,9,충청북도 청주시 흥덕구 신봉동 173-9,431134511484,충청북도 청주시 흥덕구 사운로334번길,26,,4311310500101730009000001,,충청북도 청주시 흥덕구 사운로334번길 26,361839,28456,,1,,127.470327232134,36.6570831589968
MA010120220807750949,삼천리자전거,,G2,소매,G213,오락용품 소매,G21305,자전거 소매업,G47632,자전거 및 기타 운송장비 소매업,46,전라남도,46830,영암군,46830250,영암읍,4683025026,영암읍,4683025026101540007,1,대지,154,7,전라남도 영암군 영암읍 역리 154-7,468304685148,전라남도 영암군 영암읍 동문밖길,13,,4683025026101540007000001,,전라남도 영암군 영암읍 동문밖길 13,526804,58416,,,,126.700102717094,34.8017025462233
MA010120220807737109,대영자전거,,G2,소매,G213,오락용품 소매,G21305,자전거 소매업,G47632,자전거 및 기타 운송장비 소매업,46,전라남도,46170,나주시,46170550,성북동,4617011400,성북동,4617011400100880003,1,대지,88,3,전라남도 나주시 성북동 88-3,461703284066,전라남도 나주시 중앙로,66,,4617011400100880003004685,,전라남도 나주시 중앙로 66,520050,58255,,,,126.719044438549,35.0350910505275
MA010120220807772266,조일자전차,,G2,소매,G213,오락용품 소매,G21305,자전거 소매업,G47632,자전거 및 기타 운송장비 소매업,46,전라남도,46780,보성군,46780253,벌교읍,4678025321,벌교읍,4678025321101900001,1,대지,190,1,전라남도 보성군 벌교읍 벌교리 190-1,467804670423,전라남도 보성군 벌교읍 태백산맥길,91,,4678025321101900001705869,,전라남도 보성군 벌교읍 태백산맥길 91,546905,59428,,,,127.338840708778,34.8488068748525
MA010120220807749758,드림바이크,,G2,소매,G213,오락용품 소매,G21305,자전거 소매업,G47632,자전거 및 기타 운송장비 소매업,51,강원특별자치도,51130,원주시,51130541,명륜1동,5113010600,명륜동,5113010600102050141,1,대지,205,141,강원특별자치도 원주시 명륜동 205-141,511303219013,강원특별자치도 원주시 단구로,131,,4213010600102050141004289,,강원특별자치도 원주시 단구로 131,220947,26439,,,,127.944241500971,37.3389308913241
MA010120220807744591,동사리자전거포,,G2,소매,G213,오락용품 소매,G21305,자전거 소매업,G47632,자전거 및 기타 운송장비 소매업,46,전라남도,46170,나주시,46170250,남평읍,4617025023,남평읍,4617025023102200001,1,대지,220,1,전라남도 나주시 남평읍 동사리 220-1,461703284016,전라남도 나주시 남평읍 남평2로,6,,4617025023102200001068077,,전라남도 나주시 남평읍 남평2로 6,520844,58227,,,,126.84326076085,35.0427424234892
MA010120220807738139,산즐러바이시클,,G2,소매,G213,오락용품 소매,G21305,자전거 소매업,G47632,자전거 및 기타 운송장비 소매업,46,전라남도,46170,나주시,46170540,금남동,4617011200,남내동,4617011200100930003,1,대지,93,3,전라남도 나주시 남내동 93-3,461703284066,전라남도 나주시 중앙로,13,,4617011200100930003009847,,전라남도 나주시 중앙로 13,520080,58258,,,,126.719881885804,35.0305410435108
MA010120220807758595,오울바이크,,G2,소매,G213,오락용품 소매,G21305,자전거 소매업,G47632,자전거 및 기타 운송장비 소매업,41,경기도,41465,용인시 수지구,41465580,상현2동,4146510700,상현동,4146510700100030004,1,대지,3,4,경기도 용인시 수지구 상현동 3-4,414653205005,경기도 용인시 수지구 만현로,20,,4146510700100030004026063,성산빌딩,경기도 용인시 수지구 만현로 20,448821,16929,,1,,127.088454817401,37.3141664278152
MA010120220807787640,이레엠케어,,G2,소매,G213,오락용품 소매,G21305,자전거 소매업,G47632,자전거 및 기타 운송장비 소매업,26,부산광역시,26440,강서구,26440510,대저1동,2644010100,대저1동,2644010100104310004,1,대지,431,4,부산광역시 강서구 대저1동 431-4,264404208254,부산광역시 강서구 대저로221번나길,112,,2644010100104310004020297,,부산광역시 강서구 대저로221번나길 112,618803,46702,,2,,128.981319036146,35.215795786286
MA010120220807790211,삼천리자전거,,G2,소매,G213,오락용품 소매,G21305,자전거 소매업,G47632,자전거 및 기타 운송장비 소매업,46,전라남도,46810,강진군,46810250,강진읍,4681025022,강진읍,4681025022100500009,1,대지,50,9,전라남도 강진군 강진읍 남성리 50-9,468104679157,전라남도 강진군 강진읍 보은로4길,11,,4681025022100500009604485,,전라남도 강진군 강진읍 보은로4길 11,527802,59232,,,,126.773229604513,34.6389196447619
MA010120220807799950,매직파워,,G2,소매,G213,오락용품 소매,G21305,자전거 소매업,G47632,자전거 및 기타 운송장비 소매업,28,인천광역시,28110,중구,28110620,영종동,2811014600,운남동,2811014600104410010,1,대지,441,10,인천광역시 중구 운남동 441-10,281104247277,인천광역시 중구 운중로21번길,5,,2811014600104410010224738,가설건축물컨테이너,인천광역시 중구 운중로21번길 5,400811,22359,,,,126.536234787032,37.4940790035077
MA010120220807795311,삼천리자전거,,G2,소매,G213,오락용품 소매,G21305,자전거 소매업,G47632,자전거 및 기타 운송장비 소매업,46,전라남도,46800,장흥군,46800250,장흥읍,4680025037,장흥읍,4680025037106950020,1,대지,695,20,전라남도 장흥군 장흥읍 건산리 695-20,468003292009,전라남도 장흥군 장흥읍 동교로,13,1,4680025037106950020006360,,전라남도 장흥군 장흥읍 동교로 13-1,529801,59329,,,,126.904987434081,34.681487876346
MA010120220807776685,고흥삼천리자전거,대리점,G2,소매,G213,오락용품 소매,G21305,자전거 소매업,G47632,자전거 및 기타 운송장비 소매업,46,전라남도,46770,고흥군,46770250,고흥읍,4677025026,고흥읍,4677025026106230016,1,대지,623,16,전라남도 고흥군 고흥읍 남계리 623-16,467703289003,전라남도 고흥군 고흥읍 고흥로,1764,,4677025026106230016031410,,전라남도 고흥군 고흥읍 고흥로 1764,548802,59543,,1,,127.28724784654,34.6073952060977
MA010120220807791362,지슬아빠바이크,,G2,소매,G213,오락용품 소매,G21305,자전거 소매업,G47632,자전거 및 기타 운송장비 소매업,52,전북특별자치도,52113,전주시 덕진구,52113642,송천2동,5211312100,송천동1가,5211312100104720014,1,대지,472,14,전북특별자치도 전주시 덕진구 송천동1가 472-14,521133267035,전북특별자치도 전주시 덕진구 송천로,72,,4511312100104720014026088,,전북특별자치도 전주시 덕진구 송천로 72,561818,54834,,,,127.117954178579,35.8596395250363
MA010120220807796044,디벨롭바이크,,G2,소매,G213,오락용품 소매,G21305,자전거 소매업,G47632,자전거 및 기타 운송장비 소매업,11,서울특별시,11410,서대문구,11410660,홍은1동,1141011800,홍은동,1141011800104550000,1,대지,455,,서울특별시 서대문구 홍은동 455,114104136176,서울특별시 서대문구 세검정로1길,93,,1141011800104550000013083,벽산아파트,서울특별시 서대문구 세검정로1길 93,120771,03612,,,,126.945546510504,37.5944921007589
MA010120220807806552,삼천리자전거해남총판,,G2,소매,G213,오락용품 소매,G21305,자전거 소매업,G47632,자전거 및 기타 운송장비 소매업,46,전라남도,46820,해남군,46820250,해남읍,4682025027,해남읍,4682025027102150006,1,대지,215,6,전라남도 해남군 해남읍 수성리 215-6,468203294009,전라남도 해남군 해남읍 북부순환로,143,,4682025027102150006000002,,전라남도 해남군 해남읍 북부순환로 143,536807,59029,,,,126.596546675487,34.575092346425
MA010120220807775417,형제자전차포,,G2,소매,G213,오락용품 소매,G21305,자전거 소매업,G47632,자전거 및 기타 운송장비 소매업,46,전라남도,46780,보성군,46780380,득량면,4678038023,득량면,4678038023104440003,1,대지,444,3,전라남도 보성군 득량면 예당리 444-3,467804670274,전라남도 보성군 득량면 예당중앙길,10,1,4678038023104440003121320,,전라남도 보성군 득량면 예당중앙길 10-1,546924,59436,,,,127.200068365408,34.7783536849856
MA010120220807777437,삼천리자전거,,G2,소매,G213,오락용품 소매,G21305,자전거 소매업,G47632,자전거 및 기타 운송장비 소매업,46,전라남도,46770,고흥군,46770253,도양읍,4677025324,도양읍,4677025324120650004,1,대지,2065,4,전라남도 고흥군 도양읍 봉암리 2065-4,467704667196,전라남도 고흥군 도양읍 동문길,11,1,4677025324120650004064155,,전라남도 고흥군 도양읍 동문길 11-1,548905,59557,,,,127.135152666267,34.5298275871188
MA010120220807794476,보광자전차,,G2,소매,G213,오락용품 소매,G21305,자전거 소매업,G47632,자전거 및 기타 운송장비 소매업,46,전라남도,46800,장흥군,46800250,장흥읍,4680025045,장흥읍,4680025045103060001,1,대지,306,1,전라남도 장흥군 장흥읍 원도리 306-1,468003292039,전라남도 장흥군 장흥읍 동부로,15,1,4680025045103060001007235,,전라남도 장흥군 장흥읍 동부로 15-1,529805,59323,,,,126.90994208669,34.6810138795586
MA010120220807845121,필바이크,,G2,소매,G213,오락용품 소매,G21305,자전거 소매업,G47632,자전거 및 기타 운송장비 소매업,46,전라남도,46150,순천시,46150540,매곡동,4615010700,매곡동,4615010700100310001,1,대지,31,1,전라남도 순천시 매곡동 31-1,461504649390,전라남도 순천시 북문길,124,,4615010700100310001062544,,전라남도 순천시 북문길 124,540947,57939,,,,127.485238969755,34.9624264256111
MA010120220807822635,스마트자***,,G2,소매,G213,오락용품 소매,G21305,자전거 소매업,G47632,자전거 및 기타 운송장비 소매업,46,전라남도,46900,진도군,46900340,임회면,4690034026,임회면,4690034026103570005,1,대지,357,5,전라남도 진도군 임회면 석교리 357-5,469004703189,전라남도 진도군 임회면 십일시길,47,9,4690034026103570005035534,,전라남도 진도군 임회면 십일시길 47-9,539841,58942,,1,,126.19327934174,34.4095834664884
MA010120220807813257,삼천리자전거,,G2,소매,G213,오락용품 소매,G21305,자전거 소매업,G47632,자전거 및 기타 운송장비 소매업,41,경기도,41113,수원시 권선구,41113700,입북동,4111314100,당수동,4111314100102240004,1,대지,224,4,경기도 수원시 권선구 당수동 224-4,411134325167,경기도 수원시 권선구 당진로32번길,58,9,4111314100102240004022497,,경기도 수원시 권선구 당진로32번길 58-9,441470,16375,,,,126.943781107596,37.2910475240386
MA010120220807815279,코렉스자전거,,G2,소매,G213,오락용품 소매,G21305,자전거 소매업,G47632,자전거 및 기타 운송장비 소매업,46,전라남도,46820,해남군,46820250,해남읍,4682025025,해남읍,4682025025100050002,1,대지,5,2,전라남도 해남군 해남읍 남외리 5-2,468204682282,전라남도 해남군 해남읍 서초길,42,,4682025025100050002000001,,전라남도 해남군 해남읍 서초길 42,536805,59034,,,,126.595682439917,34.5712673865346
MA010120220807818477,코렉스자전거,,G2,소매,G213,오락용품 소매,G21305,자전거 소매업,G47632,자전거 및 기타 운송장비 소매업,46,전라남도,46890,완도군,46890250,완도읍,4689025021,완도읍,4689025021113240000,1,대지,1324,,전라남도 완도군 완도읍 군내리 1324,468904700364,전라남도 완도군 완도읍 장보고대로248번길,14,,4689025021113240000008773,,전라남도 완도군 완도읍 장보고대로248번길 14,537800,59121,,,,126.753254674153,34.3151943528097
MA010120220807839974,삼천리자전거,순천점,G2,소매,G213,오락용품 소매,G21305,자전거 소매업,G47632,자전거 및 기타 운송장비 소매업,46,전라남도,46150,순천시,46150570,덕연동,4615011400,연향동,4615011400104190010,1,대지,419,10,전라남도 순천시 연향동 419-10,461503283028,전라남도 순천시 충효로,63,,4615011400104190010074923,,전라남도 순천시 충효로 63,540951,57991,,,,127.513562931874,34.944624925876
MA010120220807844140,삼천리자전거,동광양점,G2,소매,G213,오락용품 소매,G21305,자전거 소매업,G47632,자전거 및 기타 운송장비 소매업,46,전라남도,46230,광양시,46230540,광영동,4623010800,광영동,4623010800107430005,1,대지,743,5,전라남도 광양시 광영동 743-5,462303285057,전라남도 광양시 강변로,153,,4623010800107430005044586,,전라남도 광양시 강변로 153,545871,57723,,,,127.729360556383,34.9599978953138
MA010120220807838021,광양열쇠，도장，삼천리자전거,,G2,소매,G213,오락용품 소매,G21305,자전거 소매업,G47632,자전거 및 기타 운송장비 소매업,46,전라남도,46230,광양시,46230250,광양읍,4623025021,광양읍,4623025021106170015,1,대지,617,15,전라남도 광양시 광양읍 우산리 617-15,462303285044,전라남도 광양시 광양읍 칠성로,87,,4623025021106170015008537,,전라남도 광양시 광양읍 칠성로 87,545804,57741,,,,127.588082478059,34.9790169207805
MA010120220807844360,알톤자전거신대점,,G2,소매,G213,오락용품 소매,G21305,자전거 소매업,G47632,자전거 및 기타 운송장비 소매업,46,전라남도,46150,순천시,46150310,해룡면,4615031022,해룡면,4615031022119870004,1,대지,1987,4,전라남도 순천시 해룡면 신대리 1987-4,461504650212,전라남도 순천시 해룡면 신대4길,6,,4615031022119870004000001,,전라남도 순천시 해룡면 신대4길 6,540853,58011,,,,127.551594975086,34.9336146099843
MA010120220809203326,현대윤업사,,G2,소매,G213,오락용품 소매,G21305,자전거 소매업,G47632,자전거 및 기타 운송장비 소매업,47,경상북도,47111,포항시 남구,47111545,해도동,4711110300,해도동,4711110300100280036,1,대지,28,36,경상북도 포항시 남구 해도동 28-36,471113303058,경상북도 포항시 남구 해동로,36,1,4711110300100280036095990,,경상북도 포항시 남구 해동로 36-1,790861,37805,,,,129.37382966602,36.0226699616145
MA010120220809199194,바이크마스터,,G2,소매,G213,오락용품 소매,G21305,자전거 소매업,G47632,자전거 및 기타 운송장비 소매업,27,대구광역시,27140,동구,27140510,신암1동,2714010100,신암동,2714010100108160014,1,대지,816,14,대구광역시 동구 신암동 816-14,271403007003,대구광역시 동구 대현로,123,,2714010100108160014021596,,대구광역시 동구 대현로 123,701820,41196,,,,128.612526488551,35.8818305978099
MA010120220809220526,삼천리자전거,목동점,G2,소매,G213,오락용품 소매,G21305,자전거 소매업,G47632,자전거 및 기타 운송장비 소매업,11,서울특별시,11470,양천구,11470630,신정2동,1147010100,신정동,1147010100102940041,1,대지,294,41,서울특별시 양천구 신정동 294-41,114704142105,서울특별시 양천구 목동동로8길,13,,1147010100102940041006023,,서울특별시 양천구 목동동로8길 13,158852,08014,,1,,126.870889152408,37.5176420750885
MA010120220809225484,명랑자전거,,G2,소매,G213,오락용품 소매,G21305,자전거 소매업,G47632,자전거 및 기타 운송장비 소매업,47,경상북도,47930,울진군,47930380,후포면,4793038021,후포면,4793038021103160108,1,대지,316,108,경상북도 울진군 후포면 후포리 316-108,479303325034,경상북도 울진군 후포면 후포로,178,1,4793038021103160107015105,명랑자전거오토바이,경상북도 울진군 후포면 후포로 178-1,767834,36369,,,,129.459793326567,36.6827880686457
MA010120220809195337,종합자전거,,G2,소매,G213,오락용품 소매,G21305,자전거 소매업,G47632,자전거 및 기타 운송장비 소매업,47,경상북도,47111,포항시 남구,47111545,해도동,4711110300,해도동,4711110300104700001,1,대지,470,1,경상북도 포항시 남구 해도동 470-1,471114709632,경상북도 포항시 남구 해동로84번길,4,,4711110300104700001100225,,경상북도 포항시 남구 해동로84번길 4,790839,37793,,1,,129.372846014705,36.0268520121872
MA010120220809204049,포항의료보장구종합센터,,G2,소매,G213,오락용품 소매,G21305,자전거 소매업,G47632,자전거 및 기타 운송장비 소매업,47,경상북도,47111,포항시 남구,47111560,청림동,4711110500,청림동,4711110500103050000,1,대지,305,,경상북도 포항시 남구 청림동 305,471114709581,경상북도 포항시 남구 청림남길,50,13,4711110500103050000123989,,경상북도 포항시 남구 청림남길 50-13,790836,37898,,,,129.406977408722,35.9926547874303
MA010120220809227287,삼천리자전거울진,대리점,G2,소매,G213,오락용품 소매,G21305,자전거 소매업,G47632,자전거 및 기타 운송장비 소매업,47,경상북도,47930,울진군,47930250,울진읍,4793025021,울진읍,4793025021105160013,1,대지,516,13,경상북도 울진군 울진읍 읍내리 516-13,479304775283,경상북도 울진군 울진읍 읍내8길,2,,4793025021105160013020855,,경상북도 울진군 울진읍 읍내8길 2,767801,36324,,,,129.40149006388,36.9946662118515
MA010120220809199791,해도바이크,,G2,소매,G213,오락용품 소매,G21305,자전거 소매업,G47632,자전거 및 기타 운송장비 소매업,47,경상북도,47111,포항시 남구,47111545,해도동,4711110300,해도동,4711110300100460021,1,대지,46,21,경상북도 포항시 남구 해도동 46-21,471113303047,경상북도 포항시 남구 중앙로,92,,4711110300100460021101626,,경상북도 포항시 남구 중앙로 92,790862,37808,,1,,129.369221278134,36.0213736162142
MA010120220809222858,자전거의모든것,,G2,소매,G213,오락용품 소매,G21305,자전거 소매업,G47632,자전거 및 기타 운송장비 소매업,47,경상북도,47770,영덕군,47770360,영해면,4777036031,영해면,4777036031101490007,1,대지,149,7,경상북도 영덕군 영해면 괴시리 149-7,477704754002,경상북도 영덕군 영해면 318만세길,162,,4777036031101490007009115,,경상북도 영덕군 영해면 318만세길 162,766811,36415,,,,129.409210107192,36.5404971536952
MA010120220809202344,부산자전거,,G2,소매,G213,오락용품 소매,G21305,자전거 소매업,G47632,자전거 및 기타 운송장비 소매업,47,경상북도,47113,포항시 북구,47113655,죽도동,4711311600,죽도동,4711311600100200117,1,대지,20,117,경상북도 포항시 북구 죽도동 20-117,471134712405,경상북도 포항시 북구 죽도로68번길,19,,4711311600100200119096920,송정한일맨션,경상북도 포항시 북구 죽도로68번길 19,791818,37785,,,,129.369457131189,36.0322078677808
MA010120220809245611,삼천리자전거,,G2,소매,G213,오락용품 소매,G21305,자전거 소매업,G47632,자전거 및 기타 운송장비 소매업,47,경상북도,47170,안동시,47170510,중구동,4717011400,천리동,4717011400102300013,1,대지,230,13,경상북도 안동시 천리동 230-13,471703018013,경상북도 안동시 경동로,628,,4717011400102300013017067,,경상북도 안동시 경동로 628,760160,36706,,,,128.726463261642,36.5630998873749
MA010120220809254352,어르신이행복한세상경북북부지사,,G2,소매,G213,오락용품 소매,G21305,자전거 소매업,G47632,자전거 및 기타 운송장비 소매업,47,경상북도,47170,안동시,47170510,중구동,4717011300,운흥동,4717011300101870040,1,대지,187,40,경상북도 안동시 운흥동 187-40,471703307014,경상북도 안동시 대안로,190,,4717011300101870040018513,,경상북도 안동시 대안로 190,760110,36705,,,,128.73356802665,36.5636455053505
MA010120220809252671,금성자전거,,G2,소매,G213,오락용품 소매,G21305,자전거 소매업,G47632,자전거 및 기타 운송장비 소매업,47,경상북도,47170,안동시,47170555,용상동,4717011000,용상동,4717011000111760020,1,대지,1176,20,경상북도 안동시 용상동 1176-20,471703018013,경상북도 안동시 경동로,892,,4717011000111760020011682,,경상북도 안동시 경동로 892,760901,36720,,,,128.753007295832,36.5579099822868
MA010120220809233299,벙커,,G2,소매,G213,오락용품 소매,G21305,자전거 소매업,G47632,자전거 및 기타 운송장비 소매업,48,경상남도,48170,진주시,48170515,천전동,4817010400,칠암동,4817010400104880001,1,대지,488,1,경상남도 진주시 칠암동 488-1,481704797348,경상남도 진주시 진주대로866번길,10,,4817010400104880001404637,,경상남도 진주시 진주대로866번길 10,660987,52726,,1,,128.092574599829,35.1777627388168
MA010120220809263140,몬캐리어,,G2,소매,G213,오락용품 소매,G21305,자전거 소매업,G47632,자전거 및 기타 운송장비 소매업,41,경기도,41610,광주시,41610520,송정동,4161010300,송정동,4161010300100640027,1,대지,64,27,경기도 광주시 송정동 64-27,416102211001,경기도 광주시 광주대로,87,,4161010300100640024002244,,경기도 광주시 광주대로 87,464901,12743,,1,,127.259878017524,37.4145855891091
MA010120220809255155,사바,코리아,G2,소매,G213,오락용품 소매,G21305,자전거 소매업,G47632,자전거 및 기타 운송장비 소매업,47,경상북도,47170,안동시,47170380,임하면,4717038021,임하면,4717038021111000009,1,대지,1100,9,경상북도 안동시 임하면 임하리 1100-9,471704721545,경상북도 안동시 임하면 살구꽃길,17,,4717038021111000009006874,,경상북도 안동시 임하면 살구꽃길 17,760834,36731,,,,128.840011269628,36.5282797584378
MA010120220809256808,동문자전거점,,G2,소매,G213,오락용품 소매,G21305,자전거 소매업,G47632,자전거 및 기타 운송장비 소매업,47,경상북도,47170,안동시,47170510,중구동,4717011200,동부동,4717011200102020000,1,대지,202,,경상북도 안동시 동부동 202,471703303047,경상북도 안동시 중앙로,72,,4717011200102020000049674,,경상북도 안동시 중앙로 72,760050,36705,,,,128.734474702052,36.5647315685754
MA010120220809256857,신바람자전거,,G2,소매,G213,오락용품 소매,G21305,자전거 소매업,G47632,자전거 및 기타 운송장비 소매업,47,경상북도,47170,안동시,47170600,태화동,4717012200,태화동,4717012200105770006,1,대지,577,6,경상북도 안동시 태화동 577-6,471704721796,경상북도 안동시 어가골윗길,1,,4717012200105770006026159,,경상북도 안동시 어가골윗길 1,760905,36666,,,,128.704926825346,36.5584452022078
MA010120220809247889,다인자전차점,,G2,소매,G213,오락용품 소매,G21305,자전거 소매업,G47632,자전거 및 기타 운송장비 소매업,47,경상북도,47730,의성군,47730440,다인면,4773044036,다인면,4773044036101510009,1,대지,151,9,경상북도 의성군 다인면 서릉리 151-9,477304745251,경상북도 의성군 다인면 서릉길,50,,4773044036101510009054018,,경상북도 의성군 다인면 서릉길 50,769971,37303,,,,128.354548900815,36.4492699935039
MA010120220809251370,삼천리자전거경북총판,,G2,소매,G213,오락용품 소매,G21305,자전거 소매업,G47632,자전거 및 기타 운송장비 소매업,47,경상북도,47170,안동시,47170555,용상동,4717011000,용상동,4717011000111760024,1,대지,1176,24,경상북도 안동시 용상동 1176-24,471703018013,경상북도 안동시 경동로,898,,4717011000111760024013073,,경상북도 안동시 경동로 898,760901,36720,,,,128.753502794403,36.5575963453
MA010120220809259058,베이비하우스,안동점,G2,소매,G213,오락용품 소매,G21305,자전거 소매업,G47632,자전거 및 기타 운송장비 소매업,47,경상북도,47170,안동시,47170510,중구동,4717010900,법흥동,4717010900100520008,1,대지,52,8,경상북도 안동시 법흥동 52-8,471703307030,경상북도 안동시 육사로,323,,4717010900100520008011685,,경상북도 안동시 육사로 323,760030,36709,,1,,128.73922275031,36.5622836679587
MA010120220809272180,자전거와함께,,G2,소매,G213,오락용품 소매,G21305,자전거 소매업,G47632,자전거 및 기타 운송장비 소매업,41,경기도,41210,광명시,41210600,철산2동,4121010200,철산동,4121010200101990003,1,대지,199,3,경기도 광명시 철산동 199-3,412104361213,경기도 광명시 연서로16번길,7,3,4121010200101990003004319,,경기도 광명시 연서로16번길 7-3,423832,14215,,,,126.862652009334,37.4818448457487
MA010120220809293544,K페달맨,,G2,소매,G213,오락용품 소매,G21305,자전거 소매업,G47632,자전거 및 기타 운송장비 소매업,27,대구광역시,27720,군위군,27720250,군위읍,2772025022,군위읍,2772025022100160007,1,대지,16,7,대구광역시 군위군 군위읍 서부리 16-7,277204742253,대구광역시 군위군 군위읍 중앙5길,4,15,4772025022100160007010299,군위학사종합자전거,대구광역시 군위군 군위읍 중앙5길 4-15,716804,43115,,,,128.567422322579,36.2391452086799
MA010120220809272864,영양오토바이,,G2,소매,G213,오락용품 소매,G21305,자전거 소매업,G47632,자전거 및 기타 운송장비 소매업,47,경상북도,47760,영양군,47760250,영양읍,4776025021,영양읍,4776025021105440004,1,대지,544,4,경상북도 영양군 영양읍 동부리 544-4,477603303047,경상북도 영양군 영양읍 중앙로,151,,4776025021105440004009868,,경상북도 영양군 영양읍 중앙로 151,764804,36537,,,,129.114609642425,36.6669971359633
MA010120220809288083,현대자전차,,G2,소매,G213,오락용품 소매,G21305,자전거 소매업,G47632,자전거 및 기타 운송장비 소매업,47,경상북도,47730,의성군,47730250,의성읍,4773025021,의성읍,4773025021108580130,1,대지,858,130,경상북도 의성군 의성읍 후죽리 858-130,477303315010,경상북도 의성군 의성읍 홍술로,141,,4773025021108580130051920,,경상북도 의성군 의성읍 홍술로 141,769805,37336,,,,128.694532786156,36.3566866094635
MA010120220809293680,코코바이크,,G2,소매,G213,오락용품 소매,G21305,자전거 소매업,G47632,자전거 및 기타 운송장비 소매업,41,경기도,41310,구리시,41310542,교문2동,4131010400,교문동,4131010400108030015,1,대지,803,15,경기도 구리시 교문동 803-15,413104388165,경기도 구리시 장자대로1번길,52,,4131010400108030015007706,코코바이크,경기도 구리시 장자대로1번길 52,471810,11938,,1,,127.131409634272,37.5899806115179
MA010120220809265439,경진윤업사,,G2,소매,G213,오락용품 소매,G21305,자전거 소매업,G47632,자전거 및 기타 운송장비 소매업,47,경상북도,47170,안동시,47170600,태화동,4717012200,태화동,4717012200102490001,1,대지,249,1,경상북도 안동시 태화동 249-1,471703018013,경상북도 안동시 경동로,522,,4717012200102490001021479,,경상북도 안동시 경동로 522,760904,36668,,,,128.714589561048,36.5635776329471
MA010120220809296529,삼천리자전거,,G2,소매,G213,오락용품 소매,G21305,자전거 소매업,G47632,자전거 및 기타 운송장비 소매업,11,서울특별시,11680,강남구,11680730,일원1동,1168011400,일원동,1168011400106560001,1,대지,656,1,서울특별시 강남구 일원동 656-1,116804166706,서울특별시 강남구 일원로3길,58,,1168011400106560001002234,,서울특별시 강남구 일원로3길 58,135945,06342,,,,127.084593917294,37.4925352957341
MA010120220809288256,경일자전거,,G2,소매,G213,오락용품 소매,G21305,자전거 소매업,G47632,자전거 및 기타 운송장비 소매업,47,경상북도,47730,의성군,47730250,의성읍,4773025021,의성읍,4773025021107040003,1,대지,704,3,경상북도 의성군 의성읍 후죽리 704-3,477304745174,경상북도 의성군 의성읍 문소3길,51,,4773025021107040003051700,,경상북도 의성군 의성읍 문소3길 51,769805,37338,,,,128.69503667812,36.3506423439811
MA010120220809294746,삼천리자전거,,G2,소매,G213,오락용품 소매,G21305,자전거 소매업,G47632,자전거 및 기타 운송장비 소매업,41,경기도,41590,화성시,41590585,동탄1동,4159012700,반송동,4159012700100340008,1,대지,34,8,경기도 화성시 반송동 34-8,415904431482,경기도 화성시 동탄반송길,10,,4159012700102700003000001,,경기도 화성시 동탄반송길 10,445160,18434,,,,127.063886171793,37.2091747635
MA010120220809297126,삼천리자전거，영흥오토바이,,G2,소매,G213,오락용품 소매,G21305,자전거 소매업,G47632,자전거 및 기타 운송장비 소매업,47,경상북도,47730,의성군,47730250,의성읍,4773025021,의성읍,4773025021105930001,1,대지,593,1,경상북도 의성군 의성읍 후죽리 593-1,477304745053,경상북도 의성군 의성읍 군청길,46,,4773025021105930001000001,,경상북도 의성군 의성읍 군청길 46,769805,37338,,,,128.698638792917,36.3518616772906
MA010120220809330848,경북자전차,,G2,소매,G213,오락용품 소매,G21305,자전거 소매업,G47632,자전거 및 기타 운송장비 소매업,47,경상북도,47840,성주군,47840250,성주읍,4784025021,성주읍,4784025021101640022,1,대지,164,22,경상북도 성주군 성주읍 경산리 164-22,478404763229,경상북도 성주군 성주읍 성주읍4길,3,1,4784025021101640022036548,,경상북도 성주군 성주읍 성주읍4길 3-1,719801,40025,,,,128.285399352925,35.9188687801865
MA010120220809314617,성주ATV,,G2,소매,G213,오락용품 소매,G21305,자전거 소매업,G47632,자전거 및 기타 운송장비 소매업,47,경상북도,47840,성주군,47840250,성주읍,4784025029,성주읍,4784025029105030004,1,대지,503,4,경상북도 성주군 성주읍 백전리 503-4,478403321017,경상북도 성주군 성주읍 성주순환로,47,88,4784025029105030004000001,,경상북도 성주군 성주읍 성주순환로 47-88,719803,40020,,,,128.272005128895,35.921633870501
MA010120220809314706,알톤자전거원호점,,G2,소매,G213,오락용품 소매,G21305,자전거 소매업,G47632,자전거 및 기타 운송장비 소매업,47,경상북도,47190,구미시,47190253,고아읍,4719025332,고아읍,4719025332111160001,1,대지,1116,1,경상북도 구미시 고아읍 문성리 1116-1,471904724231,경상북도 구미시 고아읍 들성로7길,5,2,4719025332111160001000001,,경상북도 구미시 고아읍 들성로7길 5-2,730814,39146,,,,128.34368736048,36.1613069505833
MA010120220809318789,그린자전거,,G2,소매,G213,오락용품 소매,G21305,자전거 소매업,G47632,자전거 및 기타 운송장비 소매업,47,경상북도,47150,김천시,47150595,대곡동,4715011400,부곡동,4715011400105690005,1,대지,569,5,경상북도 김천시 부곡동 569-5,471503306019,경상북도 김천시 송설로,130,,4715011400105690000001814,,경상북도 김천시 송설로 130,740977,39632,,,,128.098801543983,36.1236311311869
MA010120220809321772,얼바인,,G2,소매,G213,오락용품 소매,G21305,자전거 소매업,G47632,자전거 및 기타 운송장비 소매업,28,인천광역시,28200,남동구,28200650,장수서창동,2820010600,운연동,2820010600100150001,1,대지,15,1,인천광역시 남동구 운연동 15-1,282003000064,인천광역시 남동구 수인로,3578,,2820010600100150001000002,,인천광역시 남동구 수인로 3578,405270,21533,,,,126.763013766133,37.4449618513565
MA010120220809311901,서울자전거상회,,G2,소매,G213,오락용품 소매,G21305,자전거 소매업,G47632,자전거 및 기타 운송장비 소매업,47,경상북도,47150,김천시,47150516,자산동,4715010200,용두동,4715010200101580001,1,대지,158,1,경상북도 김천시 용두동 158-1,471503306030,경상북도 김천시 자산로,33,3,4715010200101580001000001,,경상북도 김천시 자산로 33-3,740040,39591,,,,128.127876987375,36.1194408236085
MA010120220809320194,삼천리자전거,덕곡점,G2,소매,G213,오락용품 소매,G21305,자전거 소매업,G47632,자전거 및 기타 운송장비 소매업,47,경상북도,47150,김천시,47150610,지좌동,4715011600,덕곡동,4715011600111780000,1,대지,1178,,경상북도 김천시 덕곡동 1178,471502306002,경상북도 김천시 영남대로,2030,,4715011600111780000015395,,경상북도 김천시 영남대로 2030,740050,39656,,,,128.150452878237,36.1175950238718
MA010120220809310828,대명자전거,,G2,소매,G213,오락용품 소매,G21305,자전거 소매업,G47632,자전거 및 기타 운송장비 소매업,47,경상북도,47840,성주군,47840250,성주읍,4784025021,성주읍,4784025021100660001,1,대지,66,1,경상북도 성주군 성주읍 경산리 66-1,478404763228,경상북도 성주군 성주읍 성주읍3길,21,,4784025021100600035031774,,경상북도 성주군 성주읍 성주읍3길 21,719801,40026,,,,128.287622185592,35.9199894505229
MA010120220809328103,파워MTB파워엠티비,,G2,소매,G213,오락용품 소매,G21305,자전거 소매업,G47632,자전거 및 기타 운송장비 소매업,11,서울특별시,11320,도봉구,11320690,방학1동,1132010600,방학동,1132010600107120013,1,대지,712,13,서울특별시 도봉구 방학동 712-13,113203005048,서울특별시 도봉구 방학로,53,,1132010600107120013003696,,서울특별시 도봉구 방학로 53,132854,01406,,1,,127.046399651684,37.6625380335577
MA010120220809330766,제일자전차,,G2,소매,G213,오락용품 소매,G21305,자전거 소매업,G47632,자전거 및 기타 운송장비 소매업,47,경상북도,47840,성주군,47840250,성주읍,4784025028,성주읍,4784025028103440004,1,대지,344,4,경상북도 성주군 성주읍 예산리 344-4,478404763229,경상북도 성주군 성주읍 성주읍4길,40,,4784025028103440004037039,,경상북도 성주군 성주읍 성주읍4길 40,719801,40026,,,,128.287636670577,35.9215663499058
MA010120220812515900,삼천리자전거,,G2,소매,G213,오락용품 소매,G21305,자전거 소매업,G47632,자전거 및 기타 운송장비 소매업,11,서울특별시,11380,은평구,11380552,갈현2동,1138010400,갈현동,1138010400105020033,1,대지,502,33,서울특별시 은평구 갈현동 502-33,113803111001,서울특별시 은평구 갈현로,242,,1138010400105020033030318,뉴페리온,서울특별시 은평구 갈현로 242,122814,03332,,1,,126.915252220544,37.6185216485641
MA010120220812067354,원픽바이크,,G2,소매,G213,오락용품 소매,G21305,자전거 소매업,G47632,자전거 및 기타 운송장비 소매업,41,경기도,41131,성남시 수정구,41131625,위례동,4113110800,창곡동,4113110800105650000,1,대지,565,,경기도 성남시 수정구 창곡동 565,411313000238,경기도 성남시 수정구 위례광장로,36,,4113110800105650000000001,위례역푸르지오4단지,경기도 성남시 수정구 위례광장로 36,461210,13646,,1,,127.141505984685,37.4684239119713
MA010120220812687208,자전거PLUS,,G2,소매,G213,오락용품 소매,G21305,자전거 소매업,G47632,자전거 및 기타 운송장비 소매업,41,경기도,41210,광명시,41210655,일직동,4121010600,일직동,4121010600105190000,1,대지,519,,경기도 광명시 일직동 519,412103187069,경기도 광명시 양달로,7,,4121010600105190000000001,광명역푸르지오,경기도 광명시 양달로 7,423090,14351,,3,,126.880104644959,37.4136390955252
MA010120220813399487,스티카,,G2,소매,G213,오락용품 소매,G21305,자전거 소매업,G47632,자전거 및 기타 운송장비 소매업,41,경기도,41360,남양주시,41360545,다산1동,4136011200,다산동,4136011200140020001,1,대지,4002,1,경기도 남양주시 다산동 4002-1,413603197018,경기도 남양주시 도농로,34,,4136011000100020001012614,부영E그린타운2단지,경기도 남양주시 도농로 34,,12251,,1,,127.161249394602,37.6132071719635
MA010120220812130966,버블바이크,,G2,소매,G213,오락용품 소매,G21305,자전거 소매업,G47632,자전거 및 기타 운송장비 소매업,11,서울특별시,11440,마포구,11440700,망원2동,1144012300,망원동,1144012300104530016,1,대지,453,16,서울특별시 마포구 망원동 453-16,114403113006,서울특별시 마포구 망원로,11,,1144012300104530016027518,명칭없음,서울특별시 마포구 망원로 11,121825,03954,,1,,126.898109118442,37.5561233777764
MA010120220810269263,노머시,,G2,소매,G213,오락용품 소매,G21305,자전거 소매업,G47632,자전거 및 기타 운송장비 소매업,41,경기도,41117,수원시 영통구,41117600,광교1동,4111710300,이의동,4111710300113510002,1,대지,1351,2,경기도 수원시 영통구 이의동 1351-2,411173177021,경기도 수원시 영통구 광교로,116,,4111710300113510002000001,광교코아루S오피스텔,경기도 수원시 영통구 광교로 116,443270,16509,,1,,127.04614788975,37.2908896921254
MA010120220812139927,PEDIT,,G2,소매,G213,오락용품 소매,G21305,자전거 소매업,G47632,자전거 및 기타 운송장비 소매업,11,서울특별시,11650,서초구,11650621,방배4동,1165010100,방배동,1165010100108160001,1,대지,816,1,서울특별시 서초구 방배동 816-1,116504163268,서울특별시 서초구 방배로33길,29,,1165010100108160001010107,방배한신트리플,서울특별시 서초구 방배로33길 29,137832,06562,,1,,126.989314275055,37.4912676483076
MA010120220812197572,모토웍스,,G2,소매,G213,오락용품 소매,G21305,자전거 소매업,G47632,자전거 및 기타 운송장비 소매업,11,서울특별시,11170,용산구,11170560,원효로1동,1117011200,원효로1가,1117011200100130025,1,대지,13,25,서울특별시 용산구 원효로1가 13-25,111704106097,서울특별시 용산구 백범로79나길,25,,1117011200100130025018597,명칭없음,서울특별시 용산구 백범로79나길 25,140846,04316,,1,,126.966145262433,37.540566200653
MA010120220810911691,바이크솔루션,,G2,소매,G213,오락용품 소매,G21305,자전거 소매업,G47632,자전거 및 기타 운송장비 소매업,48,경상남도,48125,창원시 마산합포구,48125565,반월중앙동,4812513500,월포동,4812513500100020102,1,대지,2,102,경상남도 창원시 마산합포구 월포동 2-102,481252329003,경상남도 창원시 마산합포구 해안대로,137,,4812513500100020102046975,하이파이빌라,경상남도 창원시 마산합포구 해안대로 137,631410,51739,,1,,128.563628045658,35.1882787238616
MA010120220813078990,더함컴퍼니,,G2,소매,G213,오락용품 소매,G21305,자전거 소매업,G47632,자전거 및 기타 운송장비 소매업,26,부산광역시,26290,남구,26290630,감만2동,2629011100,감만동,2629011100100200001,1,대지,20,1,부산광역시 남구 감만동 20-1,262903131016,부산광역시 남구 석포로,34,,2629011100100270001023211,국제,부산광역시 남구 석포로 34,608754,48541,,1,,129.085617148536,35.1226300624994
MA010120220813611349,알톤스포츠배곧,본점,G2,소매,G213,오락용품 소매,G21305,자전거 소매업,G47632,자전거 및 기타 운송장비 소매업,41,경기도,41390,시흥시,41390597,배곧2동,4139013500,배곧동,4139013500101910000,1,대지,191,,경기도 시흥시 배곧동 191,413904853128,경기도 시흥시 서울대학로278번길,19,13,4139013200125110000000002,시흥배곧호반써밋플레이스1단지,경기도 시흥시 서울대학로278번길 19-13,,15011,,1,,126.727754288597,37.3704528341391
MA010120220810522837,미노바이크,,G2,소매,G213,오락용품 소매,G21305,자전거 소매업,G47632,자전거 및 기타 운송장비 소매업,26,부산광역시,26470,연제구,26470690,연산5동,2647010200,연산동,2647010200113610009,1,대지,1361,9,부산광역시 연제구 연산동 1361-9,264704211351,부산광역시 연제구 중앙대로1043번길,34,,2647010200113610009006296,시청역SK뷰,부산광역시 연제구 중앙대로1043번길 34,611828,47542,,2,,129.076417689994,35.1823186805825
MA010120220811878175,제이바이시클,,G2,소매,G213,오락용품 소매,G21305,자전거 소매업,G47632,자전거 및 기타 운송장비 소매업,41,경기도,41111,수원시 장안구,41111560,파장동,4111113100,이목동,4111113100109180000,1,대지,918,,경기도 수원시 장안구 이목동 918,411113176011,경기도 수원시 장안구 장안로,395,,4111113100103000000000001,수원장안에스티엑스칸1단지,경기도 수원시 장안구 장안로 395,440290,16344,,1,,126.983371680137,37.3143064424974
MA010120220812270752,정바이크,,G2,소매,G213,오락용품 소매,G21305,자전거 소매업,G47632,자전거 및 기타 운송장비 소매업,27,대구광역시,27260,수성구,27260560,만촌2동,2726010200,만촌동,2726010200110370007,1,대지,1037,7,대구광역시 수성구 만촌동 1037-7,272602007002,대구광역시 수성구 달구벌대로,2583,,2726010200110370007000001,만촌동월드메르디앙,대구광역시 수성구 달구벌대로 2583,706809,42062,,1,,128.6453727898,35.859523493395
MA010120220812329387,에코바이크,,G2,소매,G213,오락용품 소매,G21305,자전거 소매업,G47632,자전거 및 기타 운송장비 소매업,11,서울특별시,11215,광진구,11215840,자양3동,1121510500,자양동,1121510500105530314,1,대지,553,314,서울특별시 광진구 자양동 553-314,112154112166,서울특별시 광진구 능동로4길,51,,1121510500105530314012049,대종리버빌,서울특별시 광진구 능동로4길 51,143193,05090,,1,,127.070077918089,37.5323151167439
MA010120220810851134,대우안경,,G2,소매,G213,오락용품 소매,G21305,자전거 소매업,G47632,자전거 및 기타 운송장비 소매업,48,경상남도,48125,창원시 마산합포구,48125630,오동동,4812512600,신포동2가,4812512600100540000,1,대지,54,,경상남도 창원시 마산합포구 신포동2가 54,481253329023,경상남도 창원시 마산합포구 서성로,43,,4812512600100540000017224,삼익아파트,경상남도 창원시 마산합포구 서성로 43,631754,51734,,1,,128.570994964858,35.2014225769266
MA010120220810951456,소울바이크,,G2,소매,G213,오락용품 소매,G21305,자전거 소매업,G47632,자전거 및 기타 운송장비 소매업,48,경상남도,48129,창원시 진해구,48129570,병암동,4812914100,이동,4812914100105380143,1,대지,538,143,경상남도 창원시 진해구 이동 538-143,481294793541,경상남도 창원시 진해구 충장로364번가길,3,,4812914100105380143014886,행운주택,경상남도 창원시 진해구 충장로364번가길 3,645808,51687,,3,,128.692139770965,35.1529352451826
MA010120220812727840,하늘공업사,,G2,소매,G213,오락용품 소매,G21305,자전거 소매업,G47632,자전거 및 기타 운송장비 소매업,11,서울특별시,11200,성동구,11200540,마장동,1120010500,마장동,1120010500104810040,1,대지,481,40,서울특별시 성동구 마장동 481-40,112004109180,서울특별시 성동구 마장로35길,38,,1120010500104810040027233,명칭없음,서울특별시 성동구 마장로35길 38,133813,04752,,1,,127.039640503721,37.5690269171954
MA010120220810306473,이트론모빌리티,,G2,소매,G213,오락용품 소매,G21305,자전거 소매업,G47632,자전거 및 기타 운송장비 소매업,11,서울특별시,11650,서초구,11650651,양재1동,1165010300,우면동,1165010300100020005,1,대지,2,5,서울특별시 서초구 우면동 2-5,116503121009,서울특별시 서초구 바우뫼로,16,,1165010300100020005000001,유안빌,서울특별시 서초구 바우뫼로 16,137900,06763,,4,,127.024982698186,37.4696502820048
MA010120220812115116,시리얼,,G2,소매,G213,오락용품 소매,G21305,자전거 소매업,G47632,자전거 및 기타 운송장비 소매업,11,서울특별시,11680,강남구,11680650,역삼2동,1168010100,역삼동,1168010100107750002,1,대지,775,2,서울특별시 강남구 역삼동 775-2,116804166193,서울특별시 강남구 논현로72길,16,,1168010100107750003024964,초원빌딩,서울특별시 강남구 논현로72길 16,135928,06227,,4,,127.040811675508,37.4956489868795
MA0101202307A0060604,미메디,,G2,소매,G213,오락용품 소매,G21305,자전거 소매업,G47632,자전거 및 기타 운송장비 소매업,27,대구광역시,27170,서구,27170630,평리2동,2717010300,평리동,2717010300111370060,1,대지,1137,60,대구광역시 서구 평리동 1137-60,271704229314,대구광역시 서구 통학로18길,42,,2717010300111370063009305,가람,대구광역시 서구 통학로18길 42,703845,41822,,1,,128.568037717537,35.8684970401409
MA0101202310A0041031,자전거타이어마트,,G2,소매,G213,오락용품 소매,G21305,자전거 소매업,G47632,자전거 및 기타 운송장비 소매업,31,울산광역시,31200,북구,31200570,송정동,3120012500,화봉동,3120012500114910003,1,대지,1491,3,울산광역시 북구 화봉동 1491-3,312003351982,울산광역시 북구 박상진4로,72,,3120012500101070000000001,송정지웰푸르지오,울산광역시 북구 박상진4로 72,683410,44236,,1,,129.369084134923,35.600267855702
MA0101202308A0050570,그린전동의료기,임실점,G2,소매,G213,오락용품 소매,G21305,자전거 소매업,G47632,자전거 및 기타 운송장비 소매업,52,전북특별자치도,52750,임실군,52750355,오수면,5275035521,오수면,5275035521103900004,1,대지,390,4,전북특별자치도 임실군 오수면 오수리 390-4,527503277023,전북특별자치도 임실군 오수면 오수로,190,,4575035521103900004000001,오수동성아파트,전북특별자치도 임실군 오수면 오수로 190,566895,55951,,1,,127.326210986923,35.5408073878336
MA0101202302A0050124,천호엠티비,,G2,소매,G213,오락용품 소매,G21305,자전거 소매업,G47632,자전거 및 기타 운송장비 소매업,11,서울특별시,11740,강동구,11740610,천호2동,1174010900,천호동,1174010900103280001,1,대지,328,1,서울특별시 강동구 천호동 328-1,117403124009,서울특별시 강동구 천중로,6,,1174010900103280001011180,집앤사스윗사이드아파트,서울특별시 강동구 천중로 6,134868,05245,,1,,127.12230198664,37.5458055947637
MA0101202309A0068692,알톤국가대표바이크,,G2,소매,G213,오락용품 소매,G21305,자전거 소매업,G47632,자전거 및 기타 운송장비 소매업,44,충청남도,44200,아산시,44200360,둔포면,4420036032,둔포면,4420036032118100000,1,대지,1810,,충청남도 아산시 둔포면 석곡리 1810,442003253054,충청남도 아산시 둔포면 아산밸리남로,77,,4420036032118100000000001,아산테크노밸리이지더원7단지,충청남도 아산시 둔포면 아산밸리남로 77,336871,31406,,1,,127.053510596191,36.9208547624249
MA0101202212A0049423,알톤자전거,대리점,G2,소매,G213,오락용품 소매,G21305,자전거 소매업,G47632,자전거 및 기타 운송장비 소매업,28,인천광역시,28185,연수구,28185850,송도4동,2818510600,송도동,2818510600101120000,1,대지,112,,인천광역시 연수구 송도동 112,281854256357,인천광역시 연수구 컨벤시아대로274번길,15,,2818510600101120000000001,송도더샵마스터뷰,인천광역시 연수구 컨벤시아대로274번길 15,406840,22009,,1,,126.632882002395,37.381179841962
MA0101202212A0089569,제이케이자전거랩,,G2,소매,G213,오락용품 소매,G21305,자전거 소매업,G47632,자전거 및 기타 운송장비 소매업,52,전북특별자치도,52113,전주시 덕진구,52113642,송천2동,5211312100,송천동1가,5211312100103290000,1,대지,329,,전북특별자치도 전주시 덕진구 송천동1가 329,521133267035,전북특별자치도 전주시 덕진구 송천로,43,,4511312100103290000025792,서호2차,전북특별자치도 전주시 덕진구 송천로 43,561817,54839,,1,,127.11833768348,35.8569534095378
MA0101202209A0004651,삼천리자전거청라경서점,,G2,소매,G213,오락용품 소매,G21305,자전거 소매업,G47632,자전거 및 기타 운송장비 소매업,28,인천광역시,28260,서구,28260539,청라3동,2826012200,청라동,2826012200101030026,1,대지,103,26,인천광역시 서구 청라동 103-26,282603156099,인천광역시 서구 솔빛로,55,,2826010400109750004000001,청라반도유보라1차,인천광역시 서구 솔빛로 55,,22765,,1,,126.626758741709,37.5251778345616
MA0101202309A0076553,엠커스텀,,G2,소매,G213,오락용품 소매,G21305,자전거 소매업,G47632,자전거 및 기타 운송장비 소매업,44,충청남도,44133,천안시 서북구,44133520,성정2동,4413310200,성정동,4413310200113190000,1,대지,1319,,충청남도 천안시 서북구 성정동 1319,441333250030,충청남도 천안시 서북구 성정두정로,43,,4413310200113190000000001,에프엠,충청남도 천안시 서북구 성정두정로 43,331978,31109,,2,,127.14092579856,36.8294837086112
MA0101202210A0048282,공룡바이크,,G2,소매,G213,오락용품 소매,G21305,자전거 소매업,G47632,자전거 및 기타 운송장비 소매업,28,인천광역시,28260,서구,28260740,아라동,2826011400,당하동,2826011400112760002,1,대지,1276,2,인천광역시 서구 당하동 1276-2,282603352834,인천광역시 서구 이음2로,29,,2826011400100000000000053,파라곤센트럴파크,인천광역시 서구 이음2로 29,404310,22870,,1,,126.70971087841,37.5874713556521
MA0101202212A0056604,지사이클,,G2,소매,G213,오락용품 소매,G21305,자전거 소매업,G47632,자전거 및 기타 운송장비 소매업,11,서울특별시,11170,용산구,11170685,한남동,1117013100,한남동,1117013100100960003,1,대지,96,3,서울특별시 용산구 한남동 96-3,111703005014,서울특별시 용산구 독서당로,39,,1117013100100960003028894,신성미소시티,서울특별시 용산구 독서당로 39,140889,04410,,1,,127.007161587494,37.5315518202896
MA0101202211A0097686,리버스바이크,,G2,소매,G213,오락용품 소매,G21305,자전거 소매업,G47632,자전거 및 기타 운송장비 소매업,11,서울특별시,11740,강동구,11740610,천호2동,1174010900,천호동,1174010900103380014,1,대지,338,14,서울특별시 강동구 천호동 338-14,117403016054,서울특별시 강동구 구천면로,143,,1174010900103380014011558,가현팰리스,서울특별시 강동구 구천면로 143,134868,05246,,1,,127.121097128416,37.5424821507645
MA0101202406A0439308,대성자전거,,G2,소매,G213,오락용품 소매,G21305,자전거 소매업,G47632,자전거 및 기타 운송장비 소매업,41,경기도,41171,안양시 만안구,41171530,안양3동,4117110100,안양동,4117110100106950109,1,대지,695,109,경기도 안양시 만안구 안양동 695-109,411714346101,경기도 안양시 만안구 박달로578번길,10,3,4117110100106950109005429,대성빌,경기도 안양시 만안구 박달로578번길 10-3,430838,14005,,1,,126.916908312362,37.4021196141802
MA0101202409A0028997,삼봉주방,,G2,소매,G213,오락용품 소매,G21305,자전거 소매업,G47632,자전거 및 기타 운송장비 소매업,11,서울특별시,11290,성북구,11290630,정릉2동,1129013300,정릉동,1129013300200870085,2,산,87,85,서울특별시 성북구 정릉동 산87-85,112903100019,서울특별시 성북구 북악산로,713,,1129013300200870085034125,산장빌라,서울특별시 성북구 북악산로 713,136102,02821,,1,,127.007360658917,37.6000635483063
MA0101202406A0430153,자전거보호구역8142,,G2,소매,G213,오락용품 소매,G21305,자전거 소매업,G47632,자전거 및 기타 운송장비 소매업,11,서울특별시,11740,강동구,11740580,암사2동,1174010700,암사동,1174010700106750000,1,대지,675,,서울특별시 강동구 암사동 675,117404172300,서울특별시 강동구 올림픽로91길,30,,1174010700105140000022423,힐스테이트암사,서울특별시 강동구 올림픽로91길 30,134052,05242,,1,,127.12513619084,37.5489380994404
MA0101202406A0515846,일렉트로휠,방배점,G2,소매,G213,오락용품 소매,G21305,자전거 소매업,G47632,자전거 및 기타 운송장비 소매업,11,서울특별시,11650,서초구,11650590,방배본동,1165010100,방배동,1165010100107650034,1,대지,765,34,서울특별시 서초구 방배동 765-34,116504163685,서울특별시 서초구 방배중앙로27길,41,,1165010100107650034000001,다솜,서울특별시 서초구 방배중앙로27길 41,137829,06555,,1,,126.98344477002,37.4950602117692
MA0101202406A0415972,사이클플레이스,,G2,소매,G213,오락용품 소매,G21305,자전거 소매업,G47632,자전거 및 기타 운송장비 소매업,41,경기도,41196,부천시 오정구,41196510,성곡동,4119610200,여월동,4119610200102990000,1,대지,299,,경기도 부천시 오정구 여월동 299,411963186006,경기도 부천시 오정구 성곡로,23,,4119011800102990000000001,여월늘해랑,경기도 부천시 오정구 성곡로 23,421220,14485,,1,,126.800703497251,37.5165533991469
MA0101202411A0046618,한가로이,,G2,소매,G213,오락용품 소매,G21305,자전거 소매업,G47632,자전거 및 기타 운송장비 소매업,28,인천광역시,28260,서구,28260543,가정2동,2826010800,가정동,282601080010000,1,대지,,,인천광역시 서구 가정동 ,282603156046,인천광역시 서구 서곶로,50,,2826010800100000000000108,판매,인천광역시 서구 서곶로 50,404230,22776,,1,,126.678152678641,37.5224729054884
MA0101202411A0038577,벨로존,,G2,소매,G213,오락용품 소매,G21305,자전거 소매업,G47632,자전거 및 기타 운송장비 소매업,46,전라남도,46170,나주시,46170600,이창동,4617012800,이창동,4617012800107140001,1,대지,714,1,전라남도 나주시 이창동 714-1,461704652490,전라남도 나주시 이창택지길,37,7,4617012800107140001000001,나주이창LH1단지,전라남도 나주시 이창택지길 37-7,520952,58265,,1,,126.703482278194,34.9957539819882
MA0103202301C0046112,배터리천국,,G2,소매,G213,오락용품 소매,G21305,자전거 소매업,G47632,자전거 및 기타 운송장비 소매업,30,대전광역시,30170,서구,30170510,복수동,3017010100,복수동,3017010100102750000,1,대지,275,,대전광역시 서구 복수동 275,301703166035,대전광역시 서구 복수서로,10,,3017010100102750000017610,계룡아파트,대전광역시 서구 복수서로 10,302867,35404,,3,,127.373467247527,36.3052727215678
MA0101202411A0037593,자전거이쁘다,,G2,소매,G213,오락용품 소매,G21305,자전거 소매업,G47632,자전거 및 기타 운송장비 소매업,48,경상남도,48730,함안군,48730330,법수면,4873033024,법수면,4873033024101770033,1,대지,177,33,경상남도 함안군 법수면 윤외리 177-33,487303019040,경상남도 함안군 법수면 법정로,12,,4873033024101770033026656,전사지는이곳에서,경상남도 함안군 법수면 법정로 12,637833,52057,,1,,128.383891061255,35.3188234075009
MA0101202411A0001759,양군바이크,,G2,소매,G213,오락용품 소매,G21305,자전거 소매업,G47632,자전거 및 기타 운송장비 소매업,41,경기도,41150,의정부시,41150580,자금동,4115010900,금오동,4115010900103860040,1,대지,386,40,경기도 의정부시 금오동 386-40,411504343106,경기도 의정부시 동일로677번길,4,1,4115010900103860040006920,제,경기도 의정부시 동일로677번길 4-1,480823,11749,,1,,127.052852605668,37.7482360220189
MA0101202411A0015160,준바이크반석역점,,G2,소매,G213,오락용품 소매,G21305,자전거 소매업,G47632,자전거 및 기타 운송장비 소매업,30,대전광역시,30200,유성구,30200547,노은2동,3020013900,반석동,3020013900100610005,1,대지,61,5,대전광역시 유성구 반석동 61-5,302003167033,대전광역시 유성구 북유성대로,300,,3020013900100610005005620,,대전광역시 유성구 북유성대로 300,305150,34063,,1,,127.315351627458,36.39179993968
MA0101202411A0057945,아토벨로,,G2,소매,G213,오락용품 소매,G21305,자전거 소매업,G47632,자전거 및 기타 운송장비 소매업,41,경기도,41281,고양시 덕양구,41281630,행주동,4128112500,행주내동,4128112500107330004,1,대지,733,4,경기도 고양시 덕양구 행주내동 733-4,412814376310,경기도 고양시 덕양구 행주로83번길,3,22,4128112500107330004000001,건물을등지고오른쪽끝칸,경기도 고양시 덕양구 행주로83번길 3-22,412230,10439,,,,126.823015118233,37.6051568159283
MA0101202411A0068363,민국바이크,,G2,소매,G213,오락용품 소매,G21305,자전거 소매업,G47632,자전거 및 기타 운송장비 소매업,41,경기도,41390,시흥시,41390591,정왕1동,4139013200,정왕동,4139013200114190012,1,대지,1419,12,경기도 시흥시 정왕동 1419-12,413903199052,경기도 시흥시 큰솔로,12,,4139013200114190012014594,,경기도 시흥시 큰솔로 12,429855,15060,,1,,126.752006740668,37.3387540126886
MA0101202411A0038957,엘림바이시클,,G2,소매,G213,오락용품 소매,G21305,자전거 소매업,G47632,자전거 및 기타 운송장비 소매업,41,경기도,41450,하남시,41450580,감북동,4145011300,감북동,4145011300104030005,1,대지,403,5,경기도 하남시 감북동 403-5,414503000124,경기도 하남시 서하남로,49,,4145011300104030005000303,,경기도 하남시 서하남로 49,465819,12991,,1,,127.149967271065,37.5165452420956
MA0101202411A0095909,스핀하우스[SPINHOUSE],,G2,소매,G213,오락용품 소매,G21305,자전거 소매업,G47632,자전거 및 기타 운송장비 소매업,11,서울특별시,11200,성동구,11200670,성수2가1동,1120011500,성수동2가,1120011500106360000,1,대지,636,,서울특별시 성동구 성수동2가 636,112004109132,서울특별시 성동구 둘레15길,4,,1120011500106360000006947,,서울특별시 성동구 둘레15길 4,133829,04776,,1,,127.055439818498,37.5350258982545
MA0101202411A0101675,홈바이크,,G2,소매,G213,오락용품 소매,G21305,자전거 소매업,G47632,자전거 및 기타 운송장비 소매업,11,서울특별시,11590,동작구,11590630,사당2동,1159010700,사당동,1159010700100380004,1,대지,38,4,서울특별시 동작구 사당동 38-4,115902005009,서울특별시 동작구 동작대로,163,,1159010700100380004013514,,서울특별시 동작구 동작대로 163,156092,06995,,,,126.982292261512,37.4911226433043
MA0101202411A0073015,명곡자전거,,G2,소매,G213,오락용품 소매,G21305,자전거 소매업,G47632,자전거 및 기타 운송장비 소매업,48,경상남도,48121,창원시 의창구,48121530,명곡동,4812112400,명서동,4812112400100790006,1,대지,79,6,경상남도 창원시 의창구 명서동 79-6,481214781191,경상남도 창원시 의창구 명서로134번길,20,,4812112400100790006005485,,경상남도 창원시 의창구 명서로134번길 20,641813,51174,,,,128.644599386744,35.2474619441363
MA0101202411A0086073,삼천리자전거,,G2,소매,G213,오락용품 소매,G21305,자전거 소매업,G47632,자전거 및 기타 운송장비 소매업,44,충청남도,44230,논산시,44230390,양촌면,4423039021,양촌면,4423039021103290009,1,대지,329,9,충청남도 논산시 양촌면 인천리 329-9,442303255041,충청남도 논산시 양촌면 황산벌로,471,,4423039021103290009083358,,충청남도 논산시 양촌면 황산벌로 471,320853,33022,,,,127.235752931482,36.1390281473648
MA0101202411A0147279,삼천리자전거포남,대리점,G2,소매,G213,오락용품 소매,G21305,자전거 소매업,G47632,자전거 및 기타 운송장비 소매업,51,강원특별자치도,51150,강릉시,51150571,포남1동,5115011100,포남동,5115011100111710014,1,대지,1171,14,강원특별자치도 강릉시 포남동 1171-14,511503000145,강원특별자치도 강릉시 경강로,2279,,4215011100111710014013555,,강원특별자치도 강릉시 경강로 2279,210953,25571,,,,128.910987712888,37.7666892163364
MA0101202410A0506715,엠에이치실버복지용구,,G2,소매,G213,오락용품 소매,G21305,자전거 소매업,G47632,자전거 및 기타 운송장비 소매업,28,인천광역시,28200,남동구,28200582,만수5동,2820010300,만수동,2820010300108970002,1,대지,897,2,인천광역시 남동구 만수동 897-2,282003153084,인천광역시 남동구 백범로,203,,2820010300108970002026009,,인천광역시 남동구 백범로 203,405862,21543,,,,126.726188659755,37.4594516204835
MA0101202410A0496052,성현의료기,,G2,소매,G213,오락용품 소매,G21305,자전거 소매업,G47632,자전거 및 기타 운송장비 소매업,41,경기도,41250,동두천시,41250510,생연1동,4125010300,생연동,4125010300105060001,1,대지,506,1,경기도 동두천시 생연동 506-1,412503215066,경기도 동두천시 평화로,2514,2,4125010300105060001000741,,경기도 동두천시 평화로 2514-2,483031,11312,,1,,127.058030190625,37.9122795519455
MA0101202410A0718202,참조은복지용구,,G2,소매,G213,오락용품 소매,G21305,자전거 소매업,G47632,자전거 및 기타 운송장비 소매업,41,경기도,41461,용인시 처인구,41461360,양지면,4146136021,양지면,4146136021106490000,1,대지,649,,경기도 용인시 처인구 양지면 양지리 649,414613203161,경기도 용인시 처인구 양지면 양지로,83,,4146136021106490000034289,,경기도 용인시 처인구 양지면 양지로 83,449823,17158,,,,127.277815943062,37.2336990341991
MA0101202410A0784136,동아메디칼,,G2,소매,G213,오락용품 소매,G21305,자전거 소매업,G47632,자전거 및 기타 운송장비 소매업,41,경기도,41150,의정부시,41150580,자금동,4115010900,금오동,4115010900104760005,1,대지,476,5,경기도 의정부시 금오동 476-5,411503000136,경기도 의정부시 호국로,1574,4,4115010900104760005021615,,경기도 의정부시 호국로 1574-4,480865,11755,,1,,127.075393214839,37.7543503380185
MA010120220810544345,얼바인,의정부점,G2,소매,G213,오락용품 소매,G21305,자전거 소매업,G47632,자전거 및 기타 운송장비 소매업,41,경기도,41150,의정부시,41150568,신곡2동,4115010400,신곡동,4115010400106810002,1,대지,681,2,경기도 의정부시 신곡동 681-2,411503181039,경기도 의정부시 장곡로,442,,4115010400106810002000336,부용아파트,경기도 의정부시 장곡로 442,480724,11743,,1,,127.055027095295,37.7427481290949
MA010120220810531470,알톤스포츠,신호점,G2,소매,G213,오락용품 소매,G21305,자전거 소매업,G47632,자전거 및 기타 운송장비 소매업,26,부산광역시,26440,강서구,26440560,녹산동,2644011700,신호동,2644011700102260003,1,대지,226,3,부산광역시 강서구 신호동 226-3,264404208455,부산광역시 강서구 신호산단4로64번가길,41,,2644011700102260003000001,,부산광역시 강서구 신호산단4로64번가길 41,618210,46759,,1,,128.881756036617,35.0849000244843
MA010120220810573667,삼천리자전거단계점질주의자전거,,G2,소매,G213,오락용품 소매,G21305,자전거 소매업,G47632,자전거 및 기타 운송장비 소매업,51,강원특별자치도,51130,원주시,51130590,단계동,5113011000,단계동,5113011000108370003,1,대지,837,3,강원특별자치도 원주시 단계동 837-3,511303219026,강원특별자치도 원주시 봉화로,44,1,4213011000108370003021100,,강원특별자치도 원주시 봉화로 44-1,220938,26423,,1,,127.929147103755,37.3484207914282
MA010120220810548882,삼성사이클,,G2,소매,G213,오락용품 소매,G21305,자전거 소매업,G47632,자전거 및 기타 운송장비 소매업,26,부산광역시,26380,사하구,26380540,괴정4동,2638010100,괴정동,2638010100105770024,1,대지,577,24,부산광역시 사하구 괴정동 577-24,263802006002,부산광역시 사하구 낙동대로,304,,2638010100105770024022646,,부산광역시 사하구 낙동대로 304,604813,49344,,,,128.983881537279,35.0998444899017
MA010120220810575421,명성카용품,,G2,소매,G213,오락용품 소매,G21305,자전거 소매업,G47632,자전거 및 기타 운송장비 소매업,27,대구광역시,27110,중구,27110640,남산1동,2711015600,남산동,2711015600121750023,1,대지,2175,23,대구광역시 중구 남산동 2175-23,271104223090,대구광역시 중구 명덕로35길,52,,2711015600121750023022777,,대구광역시 중구 명덕로35길 52,700826,41968,,,,128.588970859104,35.8589401381531
MA010120220810537696,"에이스오토바이,진바이크",,G2,소매,G213,오락용품 소매,G21305,자전거 소매업,G47632,자전거 및 기타 운송장비 소매업,41,경기도,41111,수원시 장안구,41111572,정자2동,4111113000,정자동,4111113000100270003,1,대지,27,3,경기도 수원시 장안구 정자동 27-3,411113174006,경기도 수원시 장안구 송정로,30,,4111113000100270003047519,,경기도 수원시 장안구 송정로 30,440831,16312,,,,127.000191732354,37.2961517376143
MA010120220810540553,종합자전거,,G2,소매,G213,오락용품 소매,G21305,자전거 소매업,G47632,자전거 및 기타 운송장비 소매업,26,부산광역시,26530,사상구,26530620,괘법동,2653010400,괘법동,2653010400105830010,1,대지,583,10,부산광역시 사상구 괘법동 583-10,265304217201,부산광역시 사상구 사상로161번길,54,,2653010400105830010006584,,부산광역시 사상구 사상로161번길 54,617809,46974,,,,128.985734644735,35.1576608820284
MA010120220810605576,합동상사,,G2,소매,G213,오락용품 소매,G21305,자전거 소매업,G45212,자동차용 전용 신품 부품 판매업,26,부산광역시,26230,부산진구,26230610,전포2동,2623010200,전포동,2623010200101450006,1,대지,145,6,부산광역시 부산진구 전포동 145-6,262304187678,부산광역시 부산진구 전포대로306번길,27,,2623010200101450026040022,,부산광역시 부산진구 전포대로306번길 27,614862,47236,,1,,129.066206263945,35.1657047959783
MA010120220810601550,하나로통상,,G2,소매,G213,오락용품 소매,G21305,자전거 소매업,G47632,자전거 및 기타 운송장비 소매업,26,부산광역시,26500,수영구,26500770,광안2동,2650010400,광안동,2650010400101810024,1,대지,181,24,부산광역시 수영구 광안동 181-24,265004214140,부산광역시 수영구 남천바다로9번길,32,,2650010400101810024015680,,부산광역시 수영구 남천바다로9번길 32,613805,48301,,,,129.112393425206,35.1511833499252
MA010120220810596337,아름다운두바퀴,,G2,소매,G213,오락용품 소매,G21305,자전거 소매업,G47632,자전거 및 기타 운송장비 소매업,11,서울특별시,11740,강동구,11740660,성내3동,1174010800,성내동,1174010800104310000,1,대지,431,,서울특별시 강동구 성내동 431,117404172268,서울특별시 강동구 양재대로89길,61,,1174010800104310000003965,,서울특별시 강동구 양재대로89길 61,134890,05406,,1,,127.132125244956,37.5271803535232
MA010120220810601994,삼천리자전거,,G2,소매,G213,오락용품 소매,G21305,자전거 소매업,G47632,자전거 및 기타 운송장비 소매업,26,부산광역시,26230,부산진구,26230520,부전2동,2623010300,부전동,2623010300105260003,1,대지,526,3,부산광역시 부산진구 부전동 526-3,262303129023,부산광역시 부산진구 부전로,37,,2623010300105260003034325,,부산광역시 부산진구 부전로 37,614767,47290,,,,129.055868910076,35.1535077769955
MA010120220810598915,휴머스,,G2,소매,G213,오락용품 소매,G21305,자전거 소매업,G47632,자전거 및 기타 운송장비 소매업,41,경기도,41194,부천시 소사구,41194600,송내2동,4119410500,송내동,4119410500103810003,1,대지,381,3,경기도 부천시 소사구 송내동 381-3,411943000028,경기도 부천시 소사구 경인로,128,,4119710500103810003019028,,경기도 부천시 소사구 경인로 128,422819,14726,,2,,126.769550454401,37.4838713638382
MA010120220810611760,삼천리자전거영바이크,,G2,소매,G213,오락용품 소매,G21305,자전거 소매업,G47632,자전거 및 기타 운송장비 소매업,48,경상남도,48250,김해시,48250620,장유2동,4825012800,삼문동,4825012800105840005,1,대지,584,5,경상남도 김해시 삼문동 584-5,482503335024,경상남도 김해시 번화2로,2,,4825031026105840005094072,아쿠아빌딩,경상남도 김해시 번화2로 2,621290,51002,,,,128.806760918757,35.1894909150984
MA010120220810594628,이루다캠핑,,G2,소매,G213,오락용품 소매,G21305,자전거 소매업,G47632,자전거 및 기타 운송장비 소매업,51,강원특별자치도,51130,원주시,51130310,소초면,5113031025,소초면,5113031025113470000,1,대지,1347,,강원특별자치도 원주시 소초면 수암리 1347,511303219054,강원특별자치도 원주시 소초면 치악로,2455,,4213031025113470000000001,,강원특별자치도 원주시 소초면 치악로 2455,220833,26309,,,,127.982910660621,37.3924051101442
MA010120220810614025,한일자전거,,G2,소매,G213,오락용품 소매,G21305,자전거 소매업,G47632,자전거 및 기타 운송장비 소매업,26,부산광역시,26230,부산진구,26230770,범천1동,2623010400,범천동,2623010400108400022,1,대지,840,22,부산광역시 부산진구 범천동 840-22,262304006016,부산광역시 부산진구 범일로142번길,50,1,2623010400108400024010731,,부산광역시 부산진구 범일로142번길 50-1,614827,47366,,,,129.062111617818,35.1426147252576
MA010120220810626752,칼리버바이크,,G2,소매,G213,오락용품 소매,G21305,자전거 소매업,G47632,자전거 및 기타 운송장비 소매업,26,부산광역시,26230,부산진구,26230740,개금1동,2623011100,개금동,2623011100102010060,1,대지,201,60,부산광역시 부산진구 개금동 201-60,262302006015,부산광역시 부산진구 가야대로,471,,2623011100102010060032980,,부산광역시 부산진구 가야대로 471,614813,47268,,,,129.023554330355,35.1534842661889
MA010120220810622586,경남자전거,,G2,소매,G213,오락용품 소매,G21305,자전거 소매업,G47632,자전거 및 기타 운송장비 소매업,26,부산광역시,26230,부산진구,26230720,가야2동,2623011000,가야동,2623011000106170035,1,대지,617,35,부산광역시 부산진구 가야동 617-35,262303129042,부산광역시 부산진구 냉정로,266,,2623011000106170035032644,,부산광역시 부산진구 냉정로 266,614801,47382,,,,129.028855252629,35.1508813218028
MA010120220810651904,인우공업사자전거,,G2,소매,G213,오락용품 소매,G21305,자전거 소매업,G47632,자전거 및 기타 운송장비 소매업,26,부산광역시,26230,부산진구,26230760,개금3동,2623011100,개금동,2623011100104470038,1,대지,447,38,부산광역시 부산진구 개금동 447-38,262304187293,부산광역시 부산진구 백양대로357번길,73,17,2623011100104470038026336,,부산광역시 부산진구 백양대로357번길 73-17,614811,47266,,,,129.016836938426,35.1538396296011
MA010120220810637926,삼천리자전거양정,대리점,G2,소매,G213,오락용품 소매,G21305,자전거 소매업,G47632,자전거 및 기타 운송장비 소매업,26,부산광역시,26230,부산진구,26230560,양정1동,2623010100,양정동,2623010100103860016,1,대지,386,16,부산광역시 부산진구 양정동 386-16,262302348120,부산광역시 부산진구 거제대로,62,,2623010100103860016029637,일부,부산광역시 부산진구 거제대로 62,614853,47212,,1,,129.06783598106,35.1741568838518
MA010120220810633355,코렉스범일점,,G2,소매,G213,오락용품 소매,G21305,자전거 소매업,G47632,자전거 및 기타 운송장비 소매업,26,부산광역시,26230,부산진구,26230770,범천1동,2623010400,범천동,2623010400108400014,1,대지,840,14,부산광역시 부산진구 범천동 840-14,262304006016,부산광역시 부산진구 범일로142번길,58,,2623010400108400014004016,,부산광역시 부산진구 범일로142번길 58,614827,47366,,,,129.062594588166,35.1426245253544
MA010120220810635577,고려유통,,G2,소매,G213,오락용품 소매,G21305,자전거 소매업,G47632,자전거 및 기타 운송장비 소매업,26,부산광역시,26230,부산진구,26230510,부전1동,2623010300,부전동,2623010300100420002,1,대지,42,2,부산광역시 부산진구 부전동 42-2,262303129023,부산광역시 부산진구 부전로,187,3,2623010300100420002013888,,부산광역시 부산진구 부전로 187-3,614842,47248,,,,129.061223439591,35.163942335196
MA010120220810679023,명광공업사,,G2,소매,G213,오락용품 소매,G21305,자전거 소매업,G47632,자전거 및 기타 운송장비 소매업,26,부산광역시,26530,사상구,26530680,엄궁동,2653010800,엄궁동,2653010800103890000,1,대지,389,,부산광역시 사상구 엄궁동 389,265302006002,부산광역시 사상구 낙동대로,759,13,2653010800103890000009088,,부산광역시 사상구 낙동대로 759-13,617831,47032,,,,128.969143030025,35.1289678256974
MA010120220810691913,삼천리자전거,,G2,소매,G213,오락용품 소매,G21305,자전거 소매업,G47632,자전거 및 기타 운송장비 소매업,26,부산광역시,26530,사상구,26530620,괘법동,2653010400,괘법동,2653010400108260009,1,대지,826,9,부산광역시 사상구 괘법동 826-9,265304217212,부산광역시 사상구 사상로238번길,1,,2653010400107670001020017,,부산광역시 사상구 사상로238번길 1,617806,46964,,,,128.982989403113,35.1661679060489
MA010120220810703692,칠성자전거,,G2,소매,G213,오락용품 소매,G21305,자전거 소매업,G47632,자전거 및 기타 운송장비 소매업,26,부산광역시,26530,사상구,26530591,모라1동,2653010200,모라동,2653010200111230000,1,대지,1123,,부산광역시 사상구 모라동 1123,265304217152,부산광역시 사상구 모라로64번길,17,,2653010200111230000020231,,부산광역시 사상구 모라로64번길 17,617822,46918,,,,128.98695160734,35.1887314212384
MA010120220810698952,삼천리자전거금곡,대리점,G2,소매,G213,오락용품 소매,G21305,자전거 소매업,G47632,자전거 및 기타 운송장비 소매업,26,부산광역시,26320,북구,26320530,금곡동,2632010100,금곡동,2632010100118900000,1,대지,1890,,부산광역시 북구 금곡동 1890,263203132027,부산광역시 북구 화명신도시로,218,,2632010100118900000010910,신도시에이플러스,부산광역시 북구 화명신도시로 218,616841,46520,,,,129.011497574352,35.2434863005677
MA010120220810705972,민자전거수리집,,G2,소매,G213,오락용품 소매,G21305,자전거 소매업,G47632,자전거 및 기타 운송장비 소매업,26,부산광역시,26320,북구,26320510,구포1동,2632010500,구포동,2632010500106200012,1,대지,620,12,부산광역시 북구 구포동 620-12,263204196100,부산광역시 북구 낙동대로1780번길,96,,2632010500106200012008539,,부산광역시 북구 낙동대로1780번길 96,616801,46582,,,,129.003665311004,35.2059656388124
MA010120220812083422,영바이크,,G2,소매,G213,오락용품 소매,G21305,자전거 소매업,G47632,자전거 및 기타 운송장비 소매업,29,광주광역시,29140,서구,29140824,금호2동,2914013000,금호동,2914013000108290009,1,대지,829,9,광주광역시 서구 금호동 829-9,291403160044,광주광역시 서구 풍금로,73,,2914013000108290009025621,,광주광역시 서구 풍금로 73,502858,62022,,,,126.86016489732,35.1240486419612
MA010120220812099408,빛가람바이크,,G2,소매,G213,오락용품 소매,G21305,자전거 소매업,G47632,자전거 및 기타 운송장비 소매업,46,전라남도,46170,나주시,46170620,빛가람동,4617013400,빛가람동,4617013400103300003,1,대지,330,3,전라남도 나주시 빛가람동 330-3,461703295054,전라남도 나주시 그린로,339,,4617013400103300003000001,리버빌딩,전라남도 나주시 그린로 339,520350,58325,,,,126.794016973645,35.0167271844402
MA010120220812091801,바이크플라이,,G2,소매,G213,오락용품 소매,G21305,자전거 소매업,G47632,자전거 및 기타 운송장비 소매업,28,인천광역시,28177,미추홀구,28177580,학익1동,2817710300,학익동,2817710300104130001,1,대지,413,1,인천광역시 미추홀구 학익동 413-1,281773151009,인천광역시 미추홀구 소성로,76,,2817010300104130001138411,장미아파트,인천광역시 미추홀구 소성로 76,402774,22201,,1,,126.657622311085,37.4453432606093
MA010120220812118855,다이노스스포츠,,G2,소매,G213,오락용품 소매,G21305,자전거 소매업,G47632,자전거 및 기타 운송장비 소매업,48,경상남도,48820,고성군,48820250,고성읍,4882025025,고성읍,4882025025102440042,1,대지,244,42,경상남도 고성군 고성읍 송학리 244-42,488203342023,경상남도 고성군 고성읍 송학로,170,,4882025025102440042000001,,경상남도 고성군 고성읍 송학로 170,638805,52941,,,,128.328094606406,34.9776752258201
MA010120220812092555,바이크원,,G2,소매,G213,오락용품 소매,G21305,자전거 소매업,G47632,자전거 및 기타 운송장비 소매업,11,서울특별시,11320,도봉구,11320514,창4동,1132010700,창동,1132010700100380003,1,대지,38,3,서울특별시 도봉구 창동 38-3,113203000004,서울특별시 도봉구 덕릉로,408,,1132010700100380003014335,,서울특별시 도봉구 덕릉로 408,132901,01489,,1,,127.054230181591,37.6456232529285
MA010120220812119837,세이지,,G2,소매,G213,오락용품 소매,G21305,자전거 소매업,G47632,자전거 및 기타 운송장비 소매업,41,경기도,41590,화성시,41590620,동탄8동,4159013600,장지동,4159013600109120004,1,대지,912,4,경기도 화성시 장지동 912-4,415902348101,경기도 화성시 동탄순환대로,10,,4159013600109120004000001,,경기도 화성시 동탄순환대로 10,,18498,,,,127.094641333069,37.1645159885296
MA010120220812090929,다올바이크,,G2,소매,G213,오락용품 소매,G21305,자전거 소매업,G47632,자전거 및 기타 운송장비 소매업,52,전북특별자치도,52111,전주시 완산구,52111605,노송동,5211112000,중노송동,5211112000107750001,1,대지,775,1,전북특별자치도 전주시 완산구 중노송동 775-1,521113266009,전북특별자치도 전주시 완산구 견훤로,151,,4511112000107750001029189,다올바이크,전북특별자치도 전주시 완산구 견훤로 151,560827,55010,,1,,127.160908061044,35.8253058863578
MA010120220812109992,바이크천국,,G2,소매,G213,오락용품 소매,G21305,자전거 소매업,G47632,자전거 및 기타 운송장비 소매업,26,부산광역시,26230,부산진구,26230610,전포2동,2623010200,전포동,2623010200101940030,1,대지,194,30,부산광역시 부산진구 전포동 194-30,262303129027,부산광역시 부산진구 서전로,53,,2623010200101940030049545,,부산광역시 부산진구 서전로 53,614865,47301,,,,129.065668441963,35.1578918983173
MA010120220812148623,안산자이언트,,G2,소매,G213,오락용품 소매,G21305,자전거 소매업,G47632,자전거 및 기타 운송장비 소매업,41,경기도,41273,안산시 단원구,41273535,호수동,4127310100,고잔동,4127310100107300004,1,대지,730,4,경기도 안산시 단원구 고잔동 730-4,412733190074,경기도 안산시 단원구 한양대학로,206,,4127310100107300004034749,,경기도 안산시 단원구 한양대학로 206,425809,15466,,,,126.836730865601,37.3134020714631
MA010120220812130460,랩바이크,,G2,소매,G213,오락용품 소매,G21305,자전거 소매업,G47632,자전거 및 기타 운송장비 소매업,48,경상남도,48123,창원시 성산구,48123510,반송동,4812312400,반지동,4812312400100850003,1,대지,85,3,경상남도 창원시 성산구 반지동 85-3,481233328016,경상남도 창원시 성산구 반지로,12,,4812312400100850003004988,,경상남도 창원시 성산구 반지로 12,642820,51420,,1,,128.660052727355,35.2397257180917
MA010120220812161097,인더휠,,G2,소매,G213,오락용품 소매,G21305,자전거 소매업,G47632,자전거 및 기타 운송장비 소매업,41,경기도,41192,부천시 원미구,41192510,심곡1동,4119210200,심곡동,4119210200104310006,1,대지,431,6,경기도 부천시 원미구 심곡동 431-6,411924352219,경기도 부천시 원미구 부흥로352번길,23,,4119510200104310006045048,,경기도 부천시 원미구 부흥로352번길 23,420824,14631,,1,,126.780946234314,37.4920201178841
MA010120220812185792,쓰리와이피,,G2,소매,G213,오락용품 소매,G21305,자전거 소매업,G47632,자전거 및 기타 운송장비 소매업,11,서울특별시,11200,성동구,11200660,성수1가2동,1120011400,성수동1가,1120011400106850495,1,대지,685,495,서울특별시 성동구 성수동1가 685-495,112004109318,서울특별시 성동구 서울숲2길,8,8,1120011400106850495027806,,서울특별시 성동구 서울숲2길 8-8,133825,04768,,1,,127.039436595312,37.5472498836881
MA010120220812197100,평택영바이크,,G2,소매,G213,오락용품 소매,G21305,자전거 소매업,G47632,자전거 및 기타 운송장비 소매업,41,경기도,41220,평택시,41220253,안중읍,4122025330,안중읍,4122025330106340005,1,대지,634,5,경기도 평택시 안중읍 현화리 634-5,412204364471,경기도 평택시 안중읍 안현로서9길,187,,4122025330106340005043367,,경기도 평택시 안중읍 안현로서9길 187,451885,17930,,,,126.915675312873,36.9886258119809
MA010120220812201124,종스바이크,,G2,소매,G213,오락용품 소매,G21305,자전거 소매업,G47632,자전거 및 기타 운송장비 소매업,11,서울특별시,11590,동작구,11590510,노량진1동,1159010100,노량진동,1159010100102370017,1,대지,237,17,서울특별시 동작구 노량진동 237-17,115904157601,서울특별시 동작구 장승배기로26길,30,,1159010100102370017032719,,서울특별시 동작구 장승배기로26길 30,156051,06924,,1,,126.941218339359,37.5114630681276
MA010120220812236404,케이바이크,,G2,소매,G213,오락용품 소매,G21305,자전거 소매업,G47632,자전거 및 기타 운송장비 소매업,41,경기도,41117,수원시 영통구,41117600,광교1동,4111710300,이의동,4111710300113480003,1,대지,1348,3,경기도 수원시 영통구 이의동 1348-3,411174331238,경기도 수원시 영통구 도청로89번길,30,,4111710300113480003000001,이루리타워,경기도 수원시 영통구 도청로89번길 30,443270,16509,,1,,127.047026958105,37.2899522665493
MA010120220812228576,트랜지션정글,,G2,소매,G213,오락용품 소매,G21305,자전거 소매업,G47632,자전거 및 기타 운송장비 소매업,11,서울특별시,11440,마포구,11440720,성산1동,1144012500,성산동,1144012500102600008,1,대지,260,8,서울특별시 마포구 성산동 260-8,114403113018,서울특별시 마포구 월드컵로,140,,1144012500102600008027913,,서울특별시 마포구 월드컵로 140,121848,03970,,B1,,126.906512469957,37.5605271953135
MA010120220812213039,디스코바이크,,G2,소매,G213,오락용품 소매,G21305,자전거 소매업,G47632,자전거 및 기타 운송장비 소매업,11,서울특별시,11170,용산구,11170690,서빙고동,1117013200,동빙고동,1117013200101590004,1,대지,159,4,서울특별시 용산구 동빙고동 159-4,111704106158,서울특별시 용산구 서빙고로71길,6,15,1117013200101590004004094,,서울특별시 용산구 서빙고로71길 6-15,140811,04397,,1,,126.996278292318,37.5213346151857
MA010120220812240387,유로휠,세종점,G2,소매,G213,오락용품 소매,G21305,자전거 소매업,G47632,자전거 및 기타 운송장비 소매업,36,세종특별자치시,36110,세종특별자치시,36110523,어진동,3611011000,어진동,3611011000106100000,1,대지,610,,세종특별자치시 세종특별자치시 어진동 610,361103258087,세종특별자치시 세종특별자치시 도움8로,91,,3611011000100030156000001,세종마치,세종특별자치시 세종특별자치시 도움8로 91,339012,30107,,1,,127.271748770269,36.5041469697027
MA010120220812213592,삼천리자전거프리미엄스토어,옥정점,G2,소매,G213,오락용품 소매,G21305,자전거 소매업,G47632,자전거 및 기타 운송장비 소매업,41,경기도,41630,양주시,41630520,양주2동,4163010800,삼숭동,4163010800105450001,1,대지,545,1,경기도 양주시 삼숭동 545-1,416303206116,경기도 양주시 부흥로,2151,,4163010800105450001000001,,경기도 양주시 부흥로 2151,482110,11477,,,,127.092945946179,37.8071882830403
MA010120220812252140,포위브,,G2,소매,G213,오락용품 소매,G21305,자전거 소매업,G47632,자전거 및 기타 운송장비 소매업,11,서울특별시,11680,강남구,11680510,신사동,1168010700,신사동,1168010700105060003,1,대지,506,3,서울특별시 강남구 신사동 506-3,116804166515,서울특별시 강남구 압구정로2길,16,,1168010700105060003000004,지엔디빌딩,서울특별시 강남구 압구정로2길 16,135887,06027,,1,,127.019603814208,37.5205852144898
MA0101202305A0183603,바이크플레이스,,G2,소매,G213,오락용품 소매,G21305,자전거 소매업,G47632,자전거 및 기타 운송장비 소매업,41,경기도,41220,평택시,41220660,고덕동,4122012800,고덕동,4122012800125900004,1,대지,2590,4,경기도 평택시 고덕동 2590-4,412204860252,경기도 평택시 함박산4길,29,,4122012800125900004000001,,경기도 평택시 함박산4길 29,,18017,,1,,127.040015957755,37.0404431021425
MA0101202305A0162848,청학스포츠,,G2,소매,G213,오락용품 소매,G21305,자전거 소매업,G47632,자전거 및 기타 운송장비 소매업,28,인천광역시,28110,중구,28110585,동인천동,2811013600,인현동,2811013600100240019,1,대지,24,19,인천광역시 중구 인현동 24-19,281103149057,인천광역시 중구 큰우물로,28,8,2811013600100240019156440,,인천광역시 중구 큰우물로 28-8,400180,22318,,,,126.632009047211,37.4742336762213
MA0101202305A0115208,청천산림레포츠우리동네자전거포,,G2,소매,G213,오락용품 소매,G21305,자전거 소매업,G47632,자전거 및 기타 운송장비 소매업,43,충청북도,43760,괴산군,43760360,청천면,4376036021,청천면,4376036021100670001,1,대지,67,1,충청북도 괴산군 청천면 청천리 67-1,437603014014,충청북도 괴산군 청천면 괴산로,1346,,4376036021100670001026152,,충청북도 괴산군 청천면 괴산로 1346,367843,28063,,2,,127.736979797591,36.6603003765366
MA0101202306A0000936,우아코퍼레이션,,G2,소매,G213,오락용품 소매,G21305,자전거 소매업,G47632,자전거 및 기타 운송장비 소매업,41,경기도,41173,안양시 동안구,41173540,부흥동,4117310100,비산동,4117310100111040001,1,대지,1104,1,경기도 안양시 동안구 비산동 1104-1,411734349145,경기도 안양시 동안구 시민대로159번길,25,,4117310100111040001005175,FEST아파트,경기도 안양시 동안구 시민대로159번길 25,431817,14048,,1,,126.947557612008,37.3905770696567
MA0101202305A0154734,아레모,,G2,소매,G213,오락용품 소매,G21305,자전거 소매업,G47632,자전거 및 기타 운송장비 소매업,27,대구광역시,27290,달서구,27290630,송현1동,2729012200,송현동,2729012200119690018,1,대지,1969,18,대구광역시 달서구 송현동 1969-18,272903007012,대구광역시 달서구 앞산순환로,233,,2729012200119690018010668,,대구광역시 달서구 앞산순환로 233,704824,42823,,2,,128.554224941084,35.8244750791979
MA0101202305A0156718,위블루씨엘,,G2,소매,G213,오락용품 소매,G21305,자전거 소매업,G47632,자전거 및 기타 운송장비 소매업,27,대구광역시,27200,남구,27200586,대명3동,2720010300,대명동,2720010300122780016,1,대지,2278,16,대구광역시 남구 대명동 2278-16,272004232198,대구광역시 남구 성당로62길,20,,2720010300122780016009131,,대구광역시 남구 성당로62길 20,705823,42400,,1,,128.575562438159,35.8588013568929
MA0101202306A0020008,한국모토스,,G2,소매,G213,오락용품 소매,G21305,자전거 소매업,G47632,자전거 및 기타 운송장비 소매업,47,경상북도,47280,문경시,47280330,호계면,4728033023,호계면,4728033023103350000,1,대지,335,,경상북도 문경시 호계면 호계리 335,472804736003,경상북도 문경시 호계면 가섭길,458,9,4728033023103350000806688,,경상북도 문경시 호계면 가섭길 458-9,745812,36930,,,,128.180881626885,36.6801813108392
MA0101202306A0025973,양산베이비하우스,,G2,소매,G213,오락용품 소매,G21305,자전거 소매업,G47632,자전거 및 기타 운송장비 소매업,48,경상남도,48330,양산시,48330253,물금읍,4833025322,물금읍,4833025322118200000,1,대지,1820,,경상남도 양산시 물금읍 증산리 1820,483303338021,경상남도 양산시 물금읍 메기로,190,,4833025322118200000000001,,경상남도 양산시 물금읍 메기로 190,626812,50615,,3,,129.011110811789,35.3109352291598
MA0101202307A0000718,제이잡화,,G2,소매,G213,오락용품 소매,G21305,자전거 소매업,G47632,자전거 및 기타 운송장비 소매업,51,강원특별자치도,51130,원주시,51130330,지정면,5113033023,지정면,5113033023113480010,1,대지,1348,10,강원특별자치도 원주시 지정면 가곡리 1348-10,511303350530,강원특별자치도 원주시 지정면 신지정로,180,,4213033023113480010000001,롯데프라자,강원특별자치도 원주시 지정면 신지정로 180,220821,26353,,,,127.876799949572,37.3743096537319
MA0101202306A0069601,홍벨로,,G2,소매,G213,오락용품 소매,G21305,자전거 소매업,G47632,자전거 및 기타 운송장비 소매업,11,서울특별시,11215,광진구,11215820,자양1동,1121510500,자양동,1121510500107740016,1,대지,774,16,서울특별시 광진구 자양동 774-16,112153000002,서울특별시 광진구 아차산로,341,,1121510500107740016014565,지,서울특별시 광진구 아차산로 341,143853,05027,,1,,127.080752357674,37.5374079634045
MA0101202306A0077608,올바이크,,G2,소매,G213,오락용품 소매,G21305,자전거 소매업,G47632,자전거 및 기타 운송장비 소매업,48,경상남도,48890,합천군,48890250,합천읍,4889025021,합천읍,4889025021104630009,1,대지,463,9,경상남도 합천군 합천읍 합천리 463-9,488903348032,경상남도 합천군 합천읍 충효로,96,,4889025021104630009001890,,경상남도 합천군 합천읍 충효로 96,678804,50232,,,,128.161636224072,35.568765270072
MA0101202306A0037943,바이크온,,G2,소매,G213,오락용품 소매,G21305,자전거 소매업,G47632,자전거 및 기타 운송장비 소매업,41,경기도,41220,평택시,41220630,비전2동,4122011800,비전동,4122011800107560013,1,대지,756,13,경기도 평택시 비전동 756-13,412203188120,경기도 평택시 평택4로,61,,4122011800107560013018158,주건축물제,경기도 평택시 평택4로 61,450806,17898,,1,,127.101011747715,36.993424571115
MA0101202306A0021069,멜부,,G2,소매,G213,오락용품 소매,G21305,자전거 소매업,G47632,자전거 및 기타 운송장비 소매업,43,충청북도,43130,충주시,43130605,달천동,4313010900,단월동,4313010900104170001,1,대지,417,1,충청북도 충주시 단월동 417-1,431304515455,충청북도 충주시 하단7길,22,7,4313010900104170001000001,,충청북도 충주시 하단7길 22-7,380190,27478,,1,,127.902305576717,36.9435436972789
MA0101202306A0078471,자전거박사,,G2,소매,G213,오락용품 소매,G21305,자전거 소매업,G47632,자전거 및 기타 운송장비 소매업,41,경기도,41390,시흥시,41390594,정왕4동,4139013200,정왕동,4139013200118850003,1,대지,1885,3,경기도 시흥시 정왕동 1885-3,413904397656,경기도 시흥시 함송로14번길,25,,4139013200118850003016973,오륜빌딩,경기도 시흥시 함송로14번길 25,429866,15020,,1,,126.728752615355,37.3628324663779
MA0101202306A0082309,호남의료기,,G2,소매,G213,오락용품 소매,G21305,자전거 소매업,G47632,자전거 및 기타 운송장비 소매업,29,광주광역시,29140,서구,29140770,화정2동,2914011900,화정동,2914011900107730010,1,대지,773,10,광주광역시 서구 화정동 773-10,291404280168,광주광역시 서구 상무대로1080번길,5,,2914011900107730010023421,,광주광역시 서구 상무대로1080번길 5,502841,61980,,1,,126.880486148208,35.1519224762491
MA0101202306A0038697,신기의료기,용인점,G2,소매,G213,오락용품 소매,G21305,자전거 소매업,G47632,자전거 및 기타 운송장비 소매업,41,경기도,41465,용인시 수지구,41465590,성복동,4146510600,성복동,4146510600100330001,1,대지,33,1,경기도 용인시 수지구 성복동 33-1,414653205010,경기도 용인시 수지구 성복2로,17,,4146510600100330001028236,골드프라자,경기도 용인시 수지구 성복2로 17,448830,16860,,1,,127.081050800123,37.3107748303087
MA0101202306A0055356,바이시클스토리지,,G2,소매,G213,오락용품 소매,G21305,자전거 소매업,G47632,자전거 및 기타 운송장비 소매업,41,경기도,41480,파주시,41480580,운정4동,4148011100,상지석동,4148011100110000018,1,대지,1000,18,경기도 파주시 상지석동 1000-18,414803012035,경기도 파주시 운정로,78,30,4148025925110000018000001,,경기도 파주시 운정로 78-30,413140,10910,,,,126.773629049755,37.7203347198805
MA0101202307A0008446,바이키동대,문지점,G2,소매,G213,오락용품 소매,G21305,자전거 소매업,G47632,자전거 및 기타 운송장비 소매업,11,서울특별시,11230,동대문구,11230650,장안1동,1123010600,장안동,1123010600104470013,1,대지,447,13,서울특별시 동대문구 장안동 447-13,112304115570,서울특별시 동대문구 천호대로85길,72,,1123010600104470013015757,,서울특별시 동대문구 천호대로85길 72,130845,02643,,1,,127.067991769351,37.5648423831918
MA0101202307A0084991,제녹스바이크,,G2,소매,G213,오락용품 소매,G21305,자전거 소매업,G47632,자전거 및 기타 운송장비 소매업,30,대전광역시,30110,동구,30110695,삼성동,3011011800,삼성동,3011011800103300002,1,대지,330,2,대전광역시 동구 삼성동 330-2,301104292532,대전광역시 동구 태전로137번길,18,,3011011800103300002014229,,대전광역시 동구 태전로137번길 18,300815,34571,,,,127.420637698915,36.3397573399407
MA0101202307A0030242,진량윤업사,,G2,소매,G213,오락용품 소매,G21305,자전거 소매업,G47632,자전거 및 기타 운송장비 소매업,47,경상북도,47290,경산시,47290253,진량읍,4729025321,진량읍,4729025321111400012,1,대지,1140,12,경상북도 경산시 진량읍 신상리 1140-12,472903313024,경상북도 경산시 진량읍 다문로,5,,4729025321111400012026563,,경상북도 경산시 진량읍 다문로 5,712837,38486,,,,128.812015966064,35.8750482787029
MA0101202307A0045773,육아에반하다,,G2,소매,G213,오락용품 소매,G21305,자전거 소매업,G47632,자전거 및 기타 운송장비 소매업,41,경기도,41360,남양주시,41360545,다산1동,4136011200,다산동,4136011200160730000,1,대지,6073,,경기도 남양주시 다산동 6073,413603351591,경기도 남양주시 다산순환로,166,,4136011200160730000000001,다산동신화타워,경기도 남양주시 다산순환로 166,,12248,,3,,127.14725077972,37.6249022628484
MA0101202307A0085801,은조글로벌,,G2,소매,G213,오락용품 소매,G21305,자전거 소매업,G47632,자전거 및 기타 운송장비 소매업,41,경기도,41117,수원시 영통구,41117550,원천동,4111710200,원천동,4111710200103700003,1,대지,370,3,경기도 수원시 영통구 원천동 370-3,411174331052,경기도 수원시 영통구 매영로248번길,57,,4111710200103700003050336,,경기도 수원시 영통구 매영로248번길 57,443823,16675,,,,127.062350940419,37.2601027300764
MA0101202307A0081803,힐링바이크,,G2,소매,G213,오락용품 소매,G21305,자전거 소매업,G47632,자전거 및 기타 운송장비 소매업,48,경상남도,48250,김해시,48250550,북부동,4825010500,대성동,4825010500101350003,1,대지,135,3,경상남도 김해시 대성동 135-3,482504805098,경상남도 김해시 구지로124번길,1,13,4825010500101350003049716,,경상남도 김해시 구지로124번길 1-13,621050,50917,,,,128.877481274915,35.2386651264437
MA0101202308A0027402,더존바이시클,,G2,소매,G213,오락용품 소매,G21305,자전거 소매업,G47632,자전거 및 기타 운송장비 소매업,28,인천광역시,28237,부평구,28237680,십정1동,2823710200,십정동,2823710200102400001,1,대지,240,1,인천광역시 부평구 십정동 240-1,282372008007,인천광역시 부평구 경원대로,1053,,2823710200102400000018214,,인천광역시 부평구 경원대로 1053,403844,21448,,1,,126.692650214433,37.4767495903431
MA0101202308A0018454,삼천리자전거아라점,,G2,소매,G213,오락용품 소매,G21305,자전거 소매업,G47632,자전거 및 기타 운송장비 소매업,28,인천광역시,28260,서구,28260740,아라동,2826011500,원당동,2826011500110400001,1,대지,1040,1,인천광역시 서구 원당동 1040-1,282603352837,인천광역시 서구 이음5로,24,,2826011500100000000000213,쓰리엠타워,인천광역시 서구 이음5로 24,404320,22866,,,,126.710433768816,37.5937620364959
MA0101202308A0022676,사이클롯지,,G2,소매,G213,오락용품 소매,G21305,자전거 소매업,G47632,자전거 및 기타 운송장비 소매업,27,대구광역시,27260,수성구,27260620,상동,2726010900,상동,2726010900106190003,1,대지,619,3,대구광역시 수성구 상동 619-3,272603146017,대구광역시 수성구 수성로,15,,2726010900106190003002789,,대구광역시 수성구 수성로 15,706829,42201,,1,,128.609920007464,35.826877819914
MA0101202307A0088717,건강의료종합상사,,G2,소매,G213,오락용품 소매,G21305,자전거 소매업,G47632,자전거 및 기타 운송장비 소매업,43,충청북도,43770,음성군,43770360,생극면,4377036021,생극면,4377036021104430012,1,대지,443,12,충청북도 음성군 생극면 신양리 443-12,437703247044,충청북도 음성군 생극면 음성로,1645,,4377036021104430009209748,,충청북도 음성군 생극면 음성로 1645,369841,27619,,1,,127.60653352641,37.0337094491983
MA0101202309A0023728,라이드썬,,G2,소매,G213,오락용품 소매,G21305,자전거 소매업,G47632,자전거 및 기타 운송장비 소매업,44,충청남도,44200,아산시,44200570,온양1동,4420010100,온천동,4420010100102420018,1,대지,242,18,충청남도 아산시 온천동 242-18,442003253047,충청남도 아산시 시민로,385,,4420010100102420018039083,,충청남도 아산시 시민로 385,336011,31507,,,,127.000604949498,36.7832861182542
MA0101202309A0033132,호세아메디케어,,G2,소매,G213,오락용품 소매,G21305,자전거 소매업,G47632,자전거 및 기타 운송장비 소매업,41,경기도,41131,성남시 수정구,41131620,복정동,4113110700,복정동,4113110700107090007,1,대지,709,7,경기도 성남시 수정구 복정동 709-7,411314334185,경기도 성남시 수정구 복정로20번길,14,,4113110700107090007000001,,경기도 성남시 수정구 복정로20번길 14,461832,13119,,,,127.128663491104,37.4546891590443
MA0101202309A0004600,드림복지용구,,G2,소매,G213,오락용품 소매,G21305,자전거 소매업,G47632,자전거 및 기타 운송장비 소매업,26,부산광역시,26200,영도구,26200550,영선2동,2620011100,영선동4가,2620011100102450001,1,대지,245,1,부산광역시 영도구 영선동4가 245-1,262004184041,부산광역시 영도구 남항새싹길,81,,2620011100100900004001890,영도대원아파트,부산광역시 영도구 남항새싹길 81,606759,49078,,1,,129.042874089782,35.081345640493
MA0101202308A0057662,에스엠알톤바이크샵,,G2,소매,G213,오락용품 소매,G21305,자전거 소매업,G47632,자전거 및 기타 운송장비 소매업,47,경상북도,47190,구미시,47190320,옥성면,4719032029,옥성면,4719032029107610000,1,대지,761,,경상북도 구미시 옥성면 대원리 761,471903308082,경상북도 구미시 옥성면 선상서로,882,18,4719032029107610000058143,,경상북도 구미시 옥성면 선상서로 882-18,730833,39102,,,,128.236595208118,36.2843216296304
MA0101202309A0004885,노원경제발전연합회,,G2,소매,G213,오락용품 소매,G21305,자전거 소매업,G47632,자전거 및 기타 운송장비 소매업,11,서울특별시,11350,노원구,11350665,상계3.4동,1135010500,상계동,1135010500100950180,1,대지,95,180,서울특별시 노원구 상계동 95-180,113503000004,서울특별시 노원구 덕릉로,744,,1135010500100950180006551,금강빌딩,서울특별시 노원구 덕릉로 744,139810,01648,,6,,127.07655966009,37.6638737855305
MA0101202308A0048829,이지라이드울산,직영점,G2,소매,G213,오락용품 소매,G21305,자전거 소매업,G47632,자전거 및 기타 운송장비 소매업,31,울산광역시,31110,중구,31110610,다운동,3111011100,태화동,3111011100107850005,1,대지,785,5,울산광역시 중구 태화동 785-5,311103169020,울산광역시 중구 태화로,149,1,3111011100107850005000001,이예빌딩,울산광역시 중구 태화로 149-1,681820,44436,,1,,129.292548345007,35.5533529084498
MA0101202308A0065732,벨로스토리,,G2,소매,G213,오락용품 소매,G21305,자전거 소매업,G47632,자전거 및 기타 운송장비 소매업,11,서울특별시,11260,중랑구,11260630,묵2동,1126010400,묵동,1126010400102380029,1,대지,238,29,서울특별시 중랑구 묵동 238-29,112603106010,서울특별시 중랑구 중랑역로,222,,1126010400102380029000001,,서울특별시 중랑구 중랑역로 222,131851,02005,,1,,127.075703485868,37.6131579076726
MA0101202308A0064421,잔차닷컴,,G2,소매,G213,오락용품 소매,G21305,자전거 소매업,G47632,자전거 및 기타 운송장비 소매업,41,경기도,41370,오산시,41370550,세마동,4137011300,세교동,4137011300106110007,1,대지,611,7,경기도 오산시 세교동 611-7,413704394166,경기도 오산시 세마역로19번길,27,,4137011300106110007000001,,경기도 오산시 세마역로19번길 27,447240,18106,,1,,127.043064009012,37.182873431128
MA0101202309A0032709,숲.MTB,,G2,소매,G213,오락용품 소매,G21305,자전거 소매업,G47632,자전거 및 기타 운송장비 소매업,48,경상남도,48220,통영시,48220700,무전동,4822011100,무전동,4822011100109930009,1,대지,993,9,경상남도 통영시 무전동 993-9,482203333019,경상남도 통영시 안개로,22,,4822011100109930009004789,,경상남도 통영시 안개로 22,650800,53037,,,,128.431216017582,34.8574689447818
MA0101202308A0086819,쌔바,,G2,소매,G213,오락용품 소매,G21305,자전거 소매업,G47632,자전거 및 기타 운송장비 소매업,47,경상북도,47280,문경시,47280610,점촌5동,4728011000,모전동,4728011000108850013,1,대지,885,13,경상북도 문경시 모전동 885-13,472803018038,경상북도 문경시 당교로,177,1,4728011000108850013000001,,경상북도 문경시 당교로 177-1,745883,36983,,,,128.182689307651,36.584783794531
MA0101202309A0060948,알톤스포츠경주,본점,G2,소매,G213,오락용품 소매,G21305,자전거 소매업,G47632,자전거 및 기타 운송장비 소매업,47,경상북도,47130,경주시,47130550,성건동,4713010800,성건동,4713010800106340035,1,대지,634,35,경상북도 경주시 성건동 634-35,471304715180,경상북도 경주시 금성로396번길,31,,4713010800106340035009110,,경상북도 경주시 금성로396번길 31,780962,38137,,,,129.210240398236,35.85311525756
MA0101202310A0040263,라이드온,,G2,소매,G213,오락용품 소매,G21305,자전거 소매업,G47632,자전거 및 기타 운송장비 소매업,41,경기도,41192,부천시 원미구,41192650,중3동,4119210800,중동,4119210800110730017,1,대지,1073,17,경기도 부천시 원미구 중동 1073-17,411923184001,경기도 부천시 원미구 계남로,275,1,4119510800110730017013290,,경기도 부천시 원미구 계남로 275-1,420849,14533,,지,,126.779278868991,37.5052888120464
MA0101202310A0016273,오남진접자전거,,G2,소매,G213,오락용품 소매,G21305,자전거 소매업,G47632,자전거 및 기타 운송장비 소매업,41,경기도,41360,남양주시,41360262,오남읍,4136026221,오남읍,4136026221106940011,1,대지,694,11,경기도 남양주시 오남읍 양지리 694-11,413604391056,경기도 남양주시 오남읍 경복대로17번안길,7,1,4136026221106940011000001,,경기도 남양주시 오남읍 경복대로17번안길 7-1,472881,12036,,1,,127.193464435163,37.7063471551483
MA0101202309A0074881,베이비세븐,강북점,G2,소매,G213,오락용품 소매,G21305,자전거 소매업,G47632,자전거 및 기타 운송장비 소매업,11,서울특별시,11260,중랑구,11260610,중화2동,1126010300,중화동,1126010300103150010,1,대지,315,10,서울특별시 중랑구 중화동 315-10,112603106010,서울특별시 중랑구 중랑역로,51,,1126010300103150010032458,태능프라자,서울특별시 중랑구 중랑역로 51,131883,02104,,3,,127.076922763081,37.5983358380009
MA0101202311A0046172,더플라이베이비하우스김해,,G2,소매,G213,오락용품 소매,G21305,자전거 소매업,G47632,자전거 및 기타 운송장비 소매업,48,경상남도,48250,김해시,48250630,장유3동,4825013100,율하동,4825013100113680000,1,대지,1368,,경상남도 김해시 율하동 1368,482503335047,경상남도 김해시 율하2로,140,,4825031029113680000000001,,경상남도 김해시 율하2로 140,621320,51017,,2,,128.815944970779,35.168571760806
MA0101202311A0007822,하모니자전거,,G2,소매,G213,오락용품 소매,G21305,자전거 소매업,G47632,자전거 및 기타 운송장비 소매업,11,서울특별시,11530,구로구,11530560,구로5동,1153010200,구로동,1153010200100030025,1,대지,3,25,서울특별시 구로구 구로동 3-25,115303116007,서울특별시 구로구 새말로,97,,1153010200100030025000001,신도림테크노마트,서울특별시 구로구 새말로 97,152725,08288,,1,,126.890224912622,37.5070478036862
MA0101202311A0015002,남양주베이비하우스,,G2,소매,G213,오락용품 소매,G21305,자전거 소매업,G47632,자전거 및 기타 운송장비 소매업,41,경기도,41360,남양주시,41360565,다산2동,4136010800,수석동,4136010800103590002,1,대지,359,2,경기도 남양주시 수석동 359-2,413604391032,경기도 남양주시 강변북로651번길,8,10,4136010800103590002001582,,경기도 남양주시 강변북로651번길 8-10,472070,12268,,3,,127.169619192728,37.5881929743651
MA0101202311A0024449,자전거멀티플랙스,,G2,소매,G213,오락용품 소매,G21305,자전거 소매업,G47632,자전거 및 기타 운송장비 소매업,31,울산광역시,31200,북구,31200530,농소3동,3120010700,상안동,3120010700103710016,1,대지,371,16,울산광역시 북구 상안동 371-16,312003172017,울산광역시 북구 신답로,66,,3120010700103710016000001,,울산광역시 북구 신답로 66,683480,44207,,1,,129.340889452433,35.6288056757683
MA0101202311A0039616,큐벨로,,G2,소매,G213,오락용품 소매,G21305,자전거 소매업,G47632,자전거 및 기타 운송장비 소매업,11,서울특별시,11680,강남구,11680545,압구정동,1168010700,신사동,1168010700106280038,1,대지,628,38,서울특별시 강남구 신사동 628-38,116804166587,서울특별시 강남구 언주로151길,18,,1168010700106280038011049,,서울특별시 강남구 언주로151길 18,135895,06026,,,,127.031753604103,37.5220692276366
MA0101202311A0014128,친절자동차배터리출장교체방전밧데리점프김포,풍무점,G2,소매,G213,오락용품 소매,G21305,자전거 소매업,G47632,자전거 및 기타 운송장비 소매업,41,경기도,41570,김포시,41570550,풍무동,4157010700,풍무동,4157010700109300000,1,대지,930,,경기도 김포시 풍무동 930,415703351528,경기도 김포시 풍무2로,25,,4157010700102130000000004,,경기도 김포시 풍무2로 25,415070,10113,,1,,126.725698485646,37.6088630173853
MA0101202311A0001109,엘바이크,,G2,소매,G213,오락용품 소매,G21305,자전거 소매업,G47632,자전거 및 기타 운송장비 소매업,46,전라남도,46830,영암군,46830253,삼호읍,4683025326,삼호읍,4683025326116420002,1,대지,1642,2,전라남도 영암군 삼호읍 용앙리 1642-2,468303295127,전라남도 영암군 삼호읍 대불주거9로,66,,4683025326116420002000001,,전라남도 영암군 삼호읍 대불주거9로 66,526897,58456,,1,,126.453174800934,34.7571075472842
MA0101202406A0056236,민바이크,,G2,소매,G213,오락용품 소매,G21305,자전거 소매업,G47632,자전거 및 기타 운송장비 소매업,30,대전광역시,30200,유성구,30200540,온천2동,3020011700,장대동,3020011700102710004,1,대지,271,4,대전광역시 유성구 장대동 271-4,302003167061,대전광역시 유성구 장대로,65,,3020011700102710004011922,,대전광역시 유성구 장대로 65,305308,34173,,1,,127.335404609139,36.3608441120998
MA0101202406A0062601,링크바이크,,G2,소매,G213,오락용품 소매,G21305,자전거 소매업,G47632,자전거 및 기타 운송장비 소매업,26,부산광역시,26260,동래구,26260560,온천2동,2626010800,온천동,2626010800107850010,1,대지,785,10,부산광역시 동래구 온천동 785-10,262603130022,부산광역시 동래구 금강로,12,,2626010800107850010002765,청수빌딩,부산광역시 동래구 금강로 12,607837,47729,,1,,129.072562375941,35.2124562693976
MA0101202406A0068383,바이크포워드,,G2,소매,G213,오락용품 소매,G21305,자전거 소매업,G47632,자전거 및 기타 운송장비 소매업,48,경상남도,48330,양산시,48330253,물금읍,4833025323,물금읍,4833025323112600016,1,대지,1260,16,경상남도 양산시 물금읍 가촌리 1260-16,483304814930,경상남도 양산시 물금읍 백호2길,7,7,4833025323112600016000001,,경상남도 양산시 물금읍 백호2길 7-7,626811,50613,,1,,128.999195454476,35.3199461559195
MA0101202311A0102563,힐바이크,,G2,소매,G213,오락용품 소매,G21305,자전거 소매업,G47632,자전거 및 기타 운송장비 소매업,41,경기도,41360,남양주시,41360520,평내동,4136010200,평내동,4136010200105880005,1,대지,588,5,경기도 남양주시 평내동 588-5,413604391074,경기도 남양주시 경춘로1286번길,14,,4136010200105880005005126,,경기도 남양주시 경춘로1286번길 14,472938,12223,,,,127.236734363065,37.6478939157514
MA0101202311A0100993,마이배터리,,G2,소매,G213,오락용품 소매,G21305,자전거 소매업,G45212,자동차용 전용 신품 부품 판매업,52,전북특별자치도,52130,군산시,52130690,수송동,5213014200,미장동,5213014200105110005,1,대지,511,5,전북특별자치도 군산시 미장동 511-5,521304853291,전북특별자치도 군산시 미장안8길,4,,4513014200105110005000001,,전북특별자치도 군산시 미장안8길 4,573370,54094,,1,,126.732883801473,35.9644945564446
MA0101202406A0025244,더바이시클,,G2,소매,G213,오락용품 소매,G21305,자전거 소매업,G47632,자전거 및 기타 운송장비 소매업,46,전라남도,46150,순천시,46150570,덕연동,4615011400,연향동,4615011400115870005,1,대지,1587,5,전라남도 순천시 연향동 1587-5,461504649847,전라남도 순천시 율산길,11,,4615011400115870005000001,,전라남도 순천시 율산길 11,540976,58003,,1,,127.523909487248,34.9414709869999
MA0101202406A0043464,삼천리자전거창원팔용점,,G2,소매,G213,오락용품 소매,G21305,자전거 소매업,G47632,자전거 및 기타 운송장비 소매업,48,경상남도,48121,창원시 의창구,48121520,팔룡동,4812112900,팔용동,4812112900100770011,1,대지,77,11,경상남도 창원시 의창구 팔용동 77-11,481213327019,경상남도 창원시 의창구 반계로,83,1,4812112900100770011013756,,경상남도 창원시 의창구 반계로 83-1,641848,51378,,,,128.615277271064,35.2529759206032
MA0101202406A0081366,유바이크,,G2,소매,G213,오락용품 소매,G21305,자전거 소매업,G47632,자전거 및 기타 운송장비 소매업,41,경기도,41192,부천시 원미구,41192630,중1동,4119210800,중동,4119210800111810000,1,대지,1181,,경기도 부천시 원미구 중동 1181,411923184016,경기도 부천시 원미구 조마루로,233,,4119510800111810000042783,미리내마을아파트,경기도 부천시 원미구 조마루로 233,420710,14579,,1,,126.769957896935,37.4984864682475
MA0101202406A0076877,우기네자전거,,G2,소매,G213,오락용품 소매,G21305,자전거 소매업,G47632,자전거 및 기타 운송장비 소매업,30,대전광역시,30200,유성구,30200540,온천2동,3020012100,죽동,3020012100107080001,1,대지,708,1,대전광역시 유성구 죽동 708-1,302004851241,대전광역시 유성구 죽동로297번길,32,,3020012100107080001000001,,대전광역시 유성구 죽동로297번길 32,305328,34127,,,,127.338613928742,36.3686662624224
MA0101202311A0094651,베이비페어36,52호점,G2,소매,G213,오락용품 소매,G21305,자전거 소매업,G47632,자전거 및 기타 운송장비 소매업,30,대전광역시,30170,서구,30170590,가수원동,3017011400,가수원동,3017011400107640010,1,대지,764,10,대전광역시 서구 가수원동 764-10,301703000095,대전광역시 서구 계백로,1166,7,3017011400107640010016073,,대전광역시 서구 계백로 1166-7,302802,35387,,,,127.353022403158,36.3046229051045
MA0101202406A0021128,초록뱀자전거,,G2,소매,G213,오락용품 소매,G21305,자전거 소매업,G47632,자전거 및 기타 운송장비 소매업,28,인천광역시,28245,계양구,28245614,계산4동,2824510600,용종동,2824510600102110006,1,대지,211,6,인천광역시 계양구 용종동 211-6,282454265057,인천광역시 계양구 계산새로87번길,6,,2824510600102110007093471,레드몰2차,인천광역시 계양구 계산새로87번길 6,407054,21065,,5,,126.738108489151,37.5384966721685
MA0101202406A0178606,프리미엄전기자전거몰,,G2,소매,G213,오락용품 소매,G21305,자전거 소매업,G47632,자전거 및 기타 운송장비 소매업,41,경기도,41273,안산시 단원구,41273535,호수동,4127310100,고잔동,4127310100107010004,1,대지,701,4,경기도 안산시 단원구 고잔동 701-4,412733191070,경기도 안산시 단원구 적금로,55,,4127310100107010004037784,부림빌딩,경기도 안산시 단원구 적금로 55,425807,15459,,1,,126.825281440371,37.3130883800627
MA0101202406A0103726,라이브바이크,,G2,소매,G213,오락용품 소매,G21305,자전거 소매업,G47632,자전거 및 기타 운송장비 소매업,11,서울특별시,11440,마포구,11440610,염리동,1144010900,염리동,1144010900100080008,1,대지,8,8,서울특별시 마포구 염리동 8-8,114403005057,서울특별시 마포구 신촌로,208,,1144010900100080008005619,및,서울특별시 마포구 신촌로 208,121870,04113,,1,,126.948731589489,37.5567328491342
MA0101202406A0153413,삼천리자전거원주,혁신점,G2,소매,G213,오락용품 소매,G21305,자전거 소매업,G47632,자전거 및 기타 운송장비 소매업,51,강원특별자치도,51130,원주시,51130675,반곡관설동,5113011700,반곡동,5113011700120500005,1,대지,2050,5,강원특별자치도 원주시 반곡동 2050-5,511304517935,강원특별자치도 원주시 버들만이길,9,,4213011700120500005000001,,강원특별자치도 원주시 버들만이길 9,220170,26466,,1,,127.973803435114,37.3203379240676
MA0101202406A0095190,동부자전거정비소,,G2,소매,G213,오락용품 소매,G21305,자전거 소매업,G47632,자전거 및 기타 운송장비 소매업,11,서울특별시,11215,광진구,11215740,중곡1동,1121510100,중곡동,1121510100102590020,1,대지,259,20,서울특별시 광진구 중곡동 259-20,112154112083,서울특별시 광진구 긴고랑로14길,60,,1121510100102590020004750,,서울특별시 광진구 긴고랑로14길 60,143904,04915,,1,,127.08013164121,37.5600324571901
MA0101202406A0103832,정골프,,G2,소매,G213,오락용품 소매,G21305,자전거 소매업,G47632,자전거 및 기타 운송장비 소매업,51,강원특별자치도,51210,속초시,51210520,동명동,5121010200,동명동,5121010200105770018,1,대지,577,18,강원특별자치도 속초시 동명동 577-18,512104469083,강원특별자치도 속초시 번영로105번길,71,,4221010200105770018006809,,강원특별자치도 속초시 번영로105번길 71,217810,24821,,1,,128.587865103066,38.2145595997597
MA0101202406A0146261,자전거병원,,G2,소매,G213,오락용품 소매,G21305,자전거 소매업,G47632,자전거 및 기타 운송장비 소매업,41,경기도,41150,의정부시,41150545,호원1동,4115010200,호원동,4115010200104420000,1,대지,442,,경기도 의정부시 호원동 442,411503215066,경기도 의정부시 평화로,288,,4115010200104420000016004,성호아파트,경기도 의정부시 평화로 288,480775,11709,,1,,127.04761354339,37.7176142711859
MA0101202406A0092532,자전거병원,,G2,소매,G213,오락용품 소매,G21305,자전거 소매업,G47632,자전거 및 기타 운송장비 소매업,48,경상남도,48170,진주시,48170673,상대동,4817011900,상대동,4817011900102790016,1,대지,279,16,경상남도 진주시 상대동 279-16,481704796552,경상남도 진주시 모덕로108번길,16,,4817011900102790016013086,,경상남도 진주시 모덕로108번길 16,660806,52789,,,,128.109265999726,35.181414497293
MA0101202406A0176939,정왕자전거,,G2,소매,G213,오락용품 소매,G21305,자전거 소매업,G47632,자전거 및 기타 운송장비 소매업,41,경기도,41390,시흥시,41390591,정왕1동,4139013200,정왕동,4139013200115790000,1,대지,1579,,경기도 시흥시 정왕동 1579,413903199027,경기도 시흥시 봉우재로,24,,4139013200115790000018315,,경기도 시흥시 봉우재로 24,429856,15057,,1,,126.744141853469,37.3452426866997
MA0101202406A0117446,바이크온,,G2,소매,G213,오락용품 소매,G21305,자전거 소매업,G47632,자전거 및 기타 운송장비 소매업,52,전북특별자치도,52140,익산시,52140560,인화동,5214010800,주현동,5214010800102490002,1,대지,249,2,전북특별자치도 익산시 주현동 249-2,521404607616,전북특별자치도 익산시 서동로5길,17,6,4514010800102490002074224,,전북특별자치도 익산시 서동로5길 17-6,570040,54605,,1,,126.960083788992,35.9337644699181
MA0101202406A0111359,대구골프스포츠,,G2,소매,G213,오락용품 소매,G21305,자전거 소매업,G47632,자전거 및 기타 운송장비 소매업,27,대구광역시,27230,북구,27230770,읍내동,2723011800,읍내동,2723011800112110002,1,대지,1211,2,대구광역시 북구 읍내동 1211-2,272302145001,대구광역시 북구 칠곡중앙대로,517,,2723011800112110002042051,,대구광역시 북구 칠곡중앙대로 517,702848,41442,,1,,128.550247517137,35.9418107681609
MA0101202406A0105759,써밋바이크,,G2,소매,G213,오락용품 소매,G21305,자전거 소매업,G47632,자전거 및 기타 운송장비 소매업,26,부산광역시,26440,강서구,26440535,명지1동,2644010400,명지동,2644010400134960002,1,대지,3496,2,부산광역시 강서구 명지동 3496-2,264404853420,부산광역시 강서구 명지국제12로19번길,20,3,2644010400134960002000001,,부산광역시 강서구 명지국제12로19번길 20-3,618200,46773,,1,,128.923777382085,35.1067432962158
MA0101202406A0173914,알톤자전거,,G2,소매,G213,오락용품 소매,G21305,자전거 소매업,G47632,자전거 및 기타 운송장비 소매업,27,대구광역시,27290,달서구,27290624,상인1동,2729011500,상인동,2729011500115330011,1,대지,1533,11,대구광역시 달서구 상인동 1533-11,272903147009,대구광역시 달서구 상인로,110,,2729011500115330011015571,,대구광역시 달서구 상인로 110,704814,42806,,1,,128.545807567986,35.8166534741509
MA0101202406A0141057,올림피아바이크,양재점,G2,소매,G213,오락용품 소매,G21305,자전거 소매업,G47632,자전거 및 기타 운송장비 소매업,11,서울특별시,11650,서초구,11650652,양재2동,1165010200,양재동,1165010200102880006,1,대지,288,6,서울특별시 서초구 양재동 288-6,116503121022,서울특별시 서초구 논현로,37,,1165010200102880006002622,,서울특별시 서초구 논현로 37,137895,06782,,1,,127.047933414342,37.4740491415609
MA0101202406A0116483,영이샾,,G2,소매,G213,오락용품 소매,G21305,자전거 소매업,G47632,자전거 및 기타 운송장비 소매업,36,세종특별자치시,36110,세종특별자치시,36110518,나성동,3611010700,나성동,3611010700108530000,1,대지,853,,세종특별자치시 세종특별자치시 나성동 853,361103352717,세종특별자치시 세종특별자치시 어울누리로,67,,3611010700106840001000001,나릿재마을2단지,세종특별자치시 세종특별자치시 어울누리로 67,339003,30128,,1,,127.265373317173,36.487282668063
MA0101202406A0100378,자전거베스트샵,,G2,소매,G213,오락용품 소매,G21305,자전거 소매업,G47632,자전거 및 기타 운송장비 소매업,11,서울특별시,11350,노원구,11350595,공릉1동,1135010300,공릉동,1135010300103820015,1,대지,382,15,서울특별시 노원구 공릉동 382-15,113504130184,서울특별시 노원구 동일로191길,32,,1135010300103820015013887,,서울특별시 노원구 동일로191길 32,139801,01853,,1,,127.071207061484,37.6250627542922
MA010120220810361046,네누네,,G2,소매,G213,오락용품 소매,G21305,자전거 소매업,G47632,자전거 및 기타 운송장비 소매업,41,경기도,41410,군포시,41410630,송부동,4141010900,도마교동,4141010900104640009,1,대지,464,9,경기도 군포시 도마교동 464-9,414104403081,경기도 군포시 송부로95번길,48,,4141010900100000000000018,,경기도 군포시 송부로95번길 48,435070,15884,,1,,126.924515006591,37.3175632996887
MA010120220810382766,공항동킥보드,,G2,소매,G213,오락용품 소매,G21305,자전거 소매업,G47632,자전거 및 기타 운송장비 소매업,11,서울특별시,11500,강서구,11500620,공항동,1150010800,공항동,1150010800100550038,1,대지,55,38,서울특별시 강서구 공항동 55-38,115003115006,서울특별시 강서구 송정로,32,1,1150010800100550038006496,,서울특별시 강서구 송정로 32-1,157812,07626,,1,,126.811390277536,37.5579898788018
MA010120220810385404,이삭자전거,,G2,소매,G213,오락용품 소매,G21305,자전거 소매업,G47632,자전거 및 기타 운송장비 소매업,41,경기도,41111,수원시 장안구,41111572,정자2동,4111113000,정자동,4111113000100750006,1,대지,75,6,경기도 수원시 장안구 정자동 75-6,411113175034,경기도 수원시 장안구 수성로,249,,4111113000100750006042742,서쪽에서세번째네번째그린컴퓨터,경기도 수원시 장안구 수성로 249,440834,16317,,1,,126.999875948512,37.2896822865901
MA010120220810386424,진바이크,,G2,소매,G213,오락용품 소매,G21305,자전거 소매업,G47632,자전거 및 기타 운송장비 소매업,41,경기도,41590,화성시,41590410,정남면,4159041027,정남면,4159041027105340004,1,대지,534,4,경기도 화성시 정남면 문학리 534-4,415903210060,경기도 화성시 정남면 서봉로,971,,4159041027105340004003052,,경기도 화성시 정남면 서봉로 971,445961,18522,,,,126.968680002835,37.159810077067
MA010120220810392965,연구단지스포츠용품,,G2,소매,G213,오락용품 소매,G21305,자전거 소매업,G47632,자전거 및 기타 운송장비 소매업,30,대전광역시,30170,서구,30170593,도안동,3017011500,도안동,3017011500114050000,1,대지,1405,,대전광역시 서구 도안동 1405,301704709103,대전광역시 서구 도안중로305번길,36,,3017011500114050000000001,,대전광역시 서구 도안중로305번길 36,302318,35353,,1,,127.349970200889,36.3142474910271
MA010120220810373446,헬로벨로바이시클,,G2,소매,G213,오락용품 소매,G21305,자전거 소매업,G47632,자전거 및 기타 운송장비 소매업,41,경기도,41360,남양주시,41360570,별내동,4136011100,별내동,4136011100108280007,1,대지,828,7,경기도 남양주시 별내동 828-7,413604391803,경기도 남양주시 덕송2로10번길,15,86,4136011100108280007000001,,경기도 남양주시 덕송2로10번길 15-86,472501,12097,,1,,127.115848139381,37.6674907124225
MA010120220810439345,샘바이크,,G2,소매,G213,오락용품 소매,G21305,자전거 소매업,G47632,자전거 및 기타 운송장비 소매업,29,광주광역시,29155,남구,29155630,월산4동,2915510400,월산동,2915510400109900007,1,대지,990,7,광주광역시 남구 월산동 990-7,291553009011,광주광역시 남구 금화로,387,,2915510400109900007025953,,광주광역시 남구 금화로 387,503830,61600,,2,,126.887951285486,35.1421768837393
MA010120220810418270,삼천리자전거춘천,대리점,G2,소매,G213,오락용품 소매,G21305,자전거 소매업,G47632,자전거 및 기타 운송장비 소매업,51,강원특별자치도,51110,춘천시,51110630,효자2동,5111011200,효자동,5111011200103680013,1,대지,368,13,강원특별자치도 춘천시 효자동 368-13,511103218007,강원특별자치도 춘천시 남춘로,35,1,4211011200103680010026118,삼천리자전거춘천점,강원특별자치도 춘천시 남춘로 35-1,200953,24370,,,,127.731284368829,37.8644349878382
MA010120220810445023,삼천리자전거이프로바이크,,G2,소매,G213,오락용품 소매,G21305,자전거 소매업,G47632,자전거 및 기타 운송장비 소매업,31,울산광역시,31140,남구,31140550,신정5동,3114010400,신정동,3114010400103610019,1,대지,361,19,울산광역시 남구 신정동 361-19,311403170037,울산광역시 남구 신정로,194,,3114010400103610019039128,,울산광역시 남구 신정로 194,680846,44681,,,,129.317110486059,35.5486121295221
MA010120220810408086,소닉바이크,,G2,소매,G213,오락용품 소매,G21305,자전거 소매업,G47632,자전거 및 기타 운송장비 소매업,41,경기도,41430,의왕시,41430510,고천동,4143010100,고천동,4143010100102870000,1,대지,287,,경기도 의왕시 고천동 287,414304403127,경기도 의왕시 안골다리길,9,,4143010100102870000006987,,경기도 의왕시 안골다리길 9,437801,16076,,,,126.972789094363,37.3481652604932
MA010120220810440408,디아블로바이크,,G2,소매,G213,오락용품 소매,G21305,자전거 소매업,G47632,자전거 및 기타 운송장비 소매업,29,광주광역시,29155,남구,29155705,진월동,2915510800,진월동,2915510800103020001,1,대지,302,1,광주광역시 남구 진월동 302-1,291552161001,광주광역시 남구 서문대로,713,,2915510800103020001014734,,광주광역시 남구 서문대로 713,503840,61725,,,,126.898103623696,35.1229507540608
MA010120220810445443,한양자전거상회,,G2,소매,G213,오락용품 소매,G21305,자전거 소매업,G47632,자전거 및 기타 운송장비 소매업,26,부산광역시,26200,영도구,26200540,영선1동,2620010800,영선동1가,2620010800100410001,1,대지,41,1,부산광역시 영도구 영선동1가 41-1,262002128001,부산광역시 영도구 영선대로,105,,2620010800100410001020696,,부산광역시 영도구 영선대로 105,606041,49052,,,,129.043096096659,35.090245505201
MA010120220810406005,사천아이케어,,G2,소매,G213,오락용품 소매,G21305,자전거 소매업,G47632,자전거 및 기타 운송장비 소매업,48,경상남도,48240,사천시,48240250,사천읍,4824025025,사천읍,4824025025101420002,1,대지,142,2,경상남도 사천시 사천읍 사주리 142-2,482403334046,경상남도 사천시 사천읍 진삼로,1289,,4824025025101420002032558,,경상남도 사천시 사천읍 진삼로 1289,664802,52532,,,,128.078754247206,35.0679627722154
MA010120220810460475,한일자전거,,G2,소매,G213,오락용품 소매,G21305,자전거 소매업,G47632,자전거 및 기타 운송장비 소매업,26,부산광역시,26110,중구,26110560,부평동,2611012300,부평동1가,2611012300100290060,1,대지,29,60,부산광역시 중구 부평동1가 29-60,261104175232,부산광역시 중구 중구로29번길,10,,2611012300100290060000001,,부산광역시 중구 중구로29번길 10,600804,48978,,,,129.027375536297,35.1005035204647
MA010120220810451577,스타엠티비,,G2,소매,G213,오락용품 소매,G21305,자전거 소매업,G47632,자전거 및 기타 운송장비 소매업,26,부산광역시,26290,남구,26290530,대연3동,2629010600,대연동,2629010600105680011,1,대지,568,11,부산광역시 남구 대연동 568-11,262903131029,부산광역시 남구 유엔로,200,,2629010600105680011001361,,부산광역시 남구 유엔로 200,608810,48529,,,,129.098010717775,35.129877678031
MA010120220810477291,삼천리자전거,영도점,G2,소매,G213,오락용품 소매,G21305,자전거 소매업,G47632,자전거 및 기타 운송장비 소매업,26,부산광역시,26200,영도구,26200540,영선1동,2620010800,영선동1가,2620010800100460003,1,대지,46,3,부산광역시 영도구 영선동1가 46-3,262002128001,부산광역시 영도구 영선대로,107,,2620010800100460003021690,,부산광역시 영도구 영선대로 107,606041,49052,,,,129.043187817458,35.0904061704473
MA010120220810487350,순천자전거,백화점,G2,소매,G213,오락용품 소매,G21305,자전거 소매업,G47632,자전거 및 기타 운송장비 소매업,46,전라남도,46150,순천시,46150600,저전동,4615011800,저전동,4615011800102300005,1,대지,230,5,전라남도 순천시 저전동 230-5,461503283038,전라남도 순천시 중앙로,3,,4615011800102300005010205,,전라남도 순천시 중앙로 3,540180,57957,,,,127.487698814349,34.9470120075791
MA010120220810524261,삼천리자전거하구언점,,G2,소매,G213,오락용품 소매,G21305,자전거 소매업,G47632,자전거 및 기타 운송장비 소매업,26,부산광역시,26380,사하구,26380561,하단1동,2638010300,하단동,2638010300105960034,1,대지,596,34,부산광역시 사하구 하단동 596-34,263803006030,부산광역시 사하구 낙동남로,1376,,2638010300105960034022037,,부산광역시 사하구 낙동남로 1376,604850,49426,,1,,128.962074624001,35.1059310420972
MA010120220810511326,누리바이크,,G2,소매,G213,오락용품 소매,G21305,자전거 소매업,G47632,자전거 및 기타 운송장비 소매업,48,경상남도,48250,김해시,48250630,장유3동,4825013200,장유동,4825013200108410000,1,대지,841,,경상남도 김해시 장유동 841,482504857155,경상남도 김해시 율하숲길,7,,4825013200100000000000009,태성주차빌딩,경상남도 김해시 율하숲길 7,621340,51022,,,,128.823028586902,35.1702587273342
MA010120220810519268,사람과자전거,,G2,소매,G213,오락용품 소매,G21305,자전거 소매업,G47632,자전거 및 기타 운송장비 소매업,48,경상남도,48330,양산시,48330253,물금읍,4833025322,물금읍,4833025322117340001,1,대지,1734,1,경상남도 양산시 물금읍 증산리 1734-1,483304814988,경상남도 양산시 물금읍 서들8길,1,,4833025322100250011000001,DS프라자,경상남도 양산시 물금읍 서들8길 1,626812,50614,,,,129.004574456287,35.3098002084784
MA010120220810493519,44호,,G2,소매,G213,오락용품 소매,G21305,자전거 소매업,G47632,자전거 및 기타 운송장비 소매업,41,경기도,41360,남양주시,41360545,다산1동,4136011200,다산동,4136011200161430000,1,대지,6143,,경기도 남양주시 다산동 6143,413603351591,경기도 남양주시 다산순환로,20,,4136011200161430000000001,다산현대프리미엄C,경기도 남양주시 다산순환로 20,,12248,,,,127.151689117087,37.6126792551016
MA010120220810486056,청송자전거,,G2,소매,G213,오락용품 소매,G21305,자전거 소매업,G47632,자전거 및 기타 운송장비 소매업,26,부산광역시,26110,중구,26110580,남포동,2611014000,남포동5가,2611014000101160001,1,대지,116,1,부산광역시 중구 남포동5가 116-1,261103125012,부산광역시 중구 자갈치로,58,,2611014000101160001006665,,부산광역시 중구 자갈치로 58,600045,48983,,,,129.030564778718,35.0973410721148
MA010120220810525441,사하첼로,,G2,소매,G213,오락용품 소매,G21305,자전거 소매업,G47632,자전거 및 기타 운송장비 소매업,26,부산광역시,26380,사하구,26380562,하단2동,2638010300,하단동,2638010300104760010,1,대지,476,10,부산광역시 사하구 하단동 476-10,263802006002,부산광역시 사하구 낙동대로,565,,2638010300104760010000001,,부산광역시 사하구 낙동대로 565,604851,49303,,1,,128.962661545605,35.1139420995561
MA010120220810515433,NSR부산동래,대리점,G2,소매,G213,오락용품 소매,G21305,자전거 소매업,G47632,자전거 및 기타 운송장비 소매업,26,부산광역시,26260,동래구,26260750,안락2동,2626010200,안락동,2626010200101770009,1,대지,177,9,부산광역시 동래구 안락동 177-9,262603130018,부산광역시 동래구 온천천로,513,2,2626010200101770009001681,,부산광역시 동래구 온천천로 513-2,607825,47905,,,,129.109084144294,35.190855616853
MA010120220810486943,경남공업사,,G2,소매,G213,오락용품 소매,G21305,자전거 소매업,G47632,자전거 및 기타 운송장비 소매업,26,부산광역시,26110,중구,26110580,남포동,2611014100,남포동6가,2611014100100250002,1,대지,25,2,부산광역시 중구 남포동6가 25-2,261103125012,부산광역시 중구 자갈치로,20,,2611014100100250002004371,,부산광역시 중구 자갈치로 20,600046,48982,,,,129.026472367971,35.0963551914609
MA010120220810515620,코렉스자전거,,G2,소매,G213,오락용품 소매,G21305,자전거 소매업,G47632,자전거 및 기타 운송장비 소매업,26,부산광역시,26380,사하구,26380590,장림2동,2638010500,장림동,2638010500102810000,1,대지,281,,부산광역시 사하구 장림동 281,263803134007,부산광역시 사하구 다대로,274,,2638010500102810000000397,,부산광역시 사하구 다대로 274,604840,49466,,,,128.976712703017,35.0776932987611
MA010120220811923519,자찾사,,G2,소매,G213,오락용품 소매,G21305,자전거 소매업,G47632,자전거 및 기타 운송장비 소매업,41,경기도,41150,의정부시,41150595,가능동,4115011000,가능동,4115011000106460026,1,대지,646,26,경기도 의정부시 가능동 646-26,411503181002,경기도 의정부시 가능로,107,,4115011000106460026004615,,경기도 의정부시 가능로 107,480814,11678,,,,127.043014365281,37.7470056966112
MA010120220811914377,삼천리자전거맹동점,충북혁신도시,G2,소매,G213,오락용품 소매,G21305,자전거 소매업,G47632,자전거 및 기타 운송장비 소매업,43,충청북도,43770,음성군,43770330,맹동면,4377033028,맹동면,4377033028113790000,1,대지,1379,,충청북도 음성군 맹동면 두성리 1379,437703247042,충청북도 음성군 맹동면 원중로,1400,,4377033028105590000000002,,충청북도 음성군 맹동면 원중로 1400,369811,27738,,1,,127.544404721642,36.9078421827576
MA010120220811958155,바른자전거,,G2,소매,G213,오락용품 소매,G21305,자전거 소매업,G47632,자전거 및 기타 운송장비 소매업,41,경기도,41271,안산시 상록구,41271532,사이동,4127110300,사동,4127110300113840004,1,대지,1384,4,경기도 안산시 상록구 사동 1384-4,412714370521,경기도 안산시 상록구 항호길,39,,4127110300113840004013455,,경기도 안산시 상록구 항호길 39,426824,15626,,1,,126.846387312834,37.2856901262435
MA010120220811983758,연산환경,,G2,소매,G213,오락용품 소매,G21305,자전거 소매업,G47632,자전거 및 기타 운송장비 소매업,48,경상남도,48310,거제시,48310590,상문동,4831011100,문동동,4831011100106120000,1,대지,612,,경상남도 거제시 문동동 612,483104811241,경상남도 거제시 문동1길,32,,4831011100106120000000001,,경상남도 거제시 문동1길 32,656301,53298,,,,128.643487078891,34.8606703523691
MA010120220811990234,강서자전거,,G2,소매,G213,오락용품 소매,G21305,자전거 소매업,G47632,자전거 및 기타 운송장비 소매업,26,부산광역시,26440,강서구,26440535,명지1동,2644010400,명지동,2644010400132050001,1,대지,3205,1,부산광역시 강서구 명지동 3205-1,264404208335,부산광역시 강서구 명지새동네길1번길,36,,2644010400132050001038497,,부산광역시 강서구 명지새동네길1번길 36,618815,46725,,,,128.931762680868,35.1100678398496
MA010120220811962741,자전거,대리점,G2,소매,G213,오락용품 소매,G21305,자전거 소매업,G47632,자전거 및 기타 운송장비 소매업,47,경상북도,47130,경주시,47130650,불국동,4713013100,구정동,4713013100104290007,1,대지,429,7,경상북도 경주시 구정동 429-7,471304715563,경상북도 경주시 불국장터길,11,4,4713013100104290007019359,불국공설시장,경상북도 경주시 불국장터길 11-4,780420,38129,,,,129.301174136029,35.7757567702169
MA010120220811955055,오성자전거,,G2,소매,G213,오락용품 소매,G21305,자전거 소매업,G47632,자전거 및 기타 운송장비 소매업,47,경상북도,47280,문경시,47280580,점촌2동,4728010100,점촌동,4728010100102680041,1,대지,268,41,경상북도 문경시 점촌동 268-41,472803312019,경상북도 문경시 영신로,25,,4728010100102680041002587,,경상북도 문경시 영신로 25,745887,36970,,,,128.202110911138,36.5943032037386
MA010120220812035054,커리어,코리아,G2,소매,G213,오락용품 소매,G21305,자전거 소매업,G47632,자전거 및 기타 운송장비 소매업,11,서울특별시,11140,중구,11140590,광희동,1114014600,광희동2가,1114014600100950001,1,대지,95,1,서울특별시 중구 광희동2가 95-1,111403101011,서울특별시 중구 퇴계로,343,,1114014600100950001014625,제,서울특별시 중구 퇴계로 343,100412,04565,,1,,127.009643569515,37.5647534479293
MA010120220812026967,에스제이바이크협동조합,,G2,소매,G213,오락용품 소매,G21305,자전거 소매업,G47632,자전거 및 기타 운송장비 소매업,11,서울특별시,11215,광진구,11215830,자양2동,1121510500,자양동,1121510500106030022,1,대지,603,22,서울특별시 광진구 자양동 603-22,112154112268,서울특별시 광진구 뚝섬로46길,19,,1121510500106030022012517,,서울특별시 광진구 뚝섬로46길 19,143865,05098,,1,,127.07688843676,37.5319144386315
MA010120220812022165,사이클필드,,G2,소매,G213,오락용품 소매,G21305,자전거 소매업,G47632,자전거 및 기타 운송장비 소매업,41,경기도,41461,용인시 처인구,41461525,역북동,4146110200,역북동,4146110200104380009,1,대지,438,9,경기도 용인시 처인구 역북동 438-9,414614409779,경기도 용인시 처인구 중부대로1313번길,20,25,4146110200104380009029170,인상빌딩,경기도 용인시 처인구 중부대로1313번길 20-25,449931,17047,,16,,127.192798387001,37.2365801026387
MA010120220812003934,스마트자전거,신월점,G2,소매,G213,오락용품 소매,G21305,자전거 소매업,G47632,자전거 및 기타 운송장비 소매업,11,서울특별시,11470,양천구,11470560,신월1동,1147010300,신월동,1147010300102270001,1,대지,227,1,서울특별시 양천구 신월동 227-1,114703005063,서울특별시 양천구 곰달래로,34,,1147010300102270001000001,브랑누아빌딩,서울특별시 양천구 곰달래로 34,158831,07925,,1,,126.836497939959,37.529799035772
MA010120220812059002,바이크홀릭,,G2,소매,G213,오락용품 소매,G21305,자전거 소매업,G47632,자전거 및 기타 운송장비 소매업,46,전라남도,46840,무안군,46840256,삼향읍,4684025622,삼향읍,4684025622122030000,1,대지,2203,,전라남도 무안군 삼향읍 남악리 2203,468404688095,전라남도 무안군 삼향읍 대죽서로16번길,2,,4684025622122030000000001,,전라남도 무안군 삼향읍 대죽서로16번길 2,534821,58567,,,,126.46237772552,34.8099706633207
MA010120220812039793,락바이크,,G2,소매,G213,오락용품 소매,G21305,자전거 소매업,G47632,자전거 및 기타 운송장비 소매업,44,충청남도,44133,천안시 서북구,44133590,부성2동,4413310400,두정동,4413310400106090000,1,대지,609,,충청남도 천안시 서북구 두정동 609,441333250015,충청남도 천안시 서북구 노태산로,14,,4413310400106090000050213,,충청남도 천안시 서북구 노태산로 14,331958,31099,,1,,127.127513454737,36.82599353889
MA010120220812062021,손바이크샵,,G2,소매,G213,오락용품 소매,G21305,자전거 소매업,G47632,자전거 및 기타 운송장비 소매업,47,경상북도,47250,상주시,47250520,남원동,4725010700,남성동,4725010700101220000,1,대지,122,,경상북도 상주시 남성동 122,472504733375,경상북도 상주시 상서문2길,116,,4725010700101220000000002,,경상북도 상주시 상서문2길 116,742903,37211,,,,128.158045868218,36.4127436883163
MA010120220812064728,바이크드림지산점,,G2,소매,G213,오락용품 소매,G21305,자전거 소매업,G47632,자전거 및 기타 운송장비 소매업,27,대구광역시,27260,수성구,27260651,지산1동,2726011200,지산동,2726011200107100000,1,대지,710,,대구광역시 수성구 지산동 710,272604238380,대구광역시 수성구 지산로14길,9,,2726011200107100000007091,,대구광역시 수성구 지산로14길 9,706840,42190,,,,128.634554203087,35.8275455206174
MA010120220812078697,자전거하루,,G2,소매,G213,오락용품 소매,G21305,자전거 소매업,G47632,자전거 및 기타 운송장비 소매업,28,인천광역시,28260,서구,28260537,청라2동,2826012200,청라동,2826012200101420004,1,대지,142,4,인천광역시 서구 청라동 142-4,282604268924,인천광역시 서구 청라루비로144번길,6,6,2826010400108530004000001,자전거하루,인천광역시 서구 청라루비로144번길 6-6,,22748,,,,126.640897357524,37.5374481958658
MA010120220812063893,자전거여행,,G2,소매,G213,오락용품 소매,G21305,자전거 소매업,G47632,자전거 및 기타 운송장비 소매업,41,경기도,41410,군포시,41410610,대야동,4141010800,대야미동,4141010800106580007,1,대지,658,7,경기도 군포시 대야미동 658-7,414103200013,경기도 군포시 대야1로,2,,4141010800106580007000001,,경기도 군포시 대야1로 2,435060,15887,,,,126.919168995122,37.326741295599
MA010120220814283643,페달의민족,,G2,소매,G213,오락용품 소매,G21305,자전거 소매업,G47632,자전거 및 기타 운송장비 소매업,41,경기도,41450,하남시,41450510,천현동,4145010100,천현동,4145010100100440003,1,대지,44,3,경기도 하남시 천현동 44-3,414504406206,경기도 하남시 천현로134번길,19,,4145010100100440003000298,,경기도 하남시 천현로134번길 19,465816,12956,,1,,127.223036414039,37.5346120553606
MA010120220814294842,타자자전거,,G2,소매,G213,오락용품 소매,G21305,자전거 소매업,G47632,자전거 및 기타 운송장비 소매업,48,경상남도,48123,창원시 성산구,48123515,용지동,4812313600,신월동,4812313600100030003,1,대지,3,3,경상남도 창원시 성산구 신월동 3-3,481233327026,경상남도 창원시 성산구 상남로,254,,4812112600100030003033874,자이언트,경상남도 창원시 성산구 상남로 254,641837,51440,,,,128.691659897948,35.2335562285284
MA010120220814196816,토이앤바이크,,G2,소매,G213,오락용품 소매,G21305,자전거 소매업,G47632,자전거 및 기타 운송장비 소매업,41,경기도,41650,포천시,41650520,선단동,4165010400,선단동,4165010400101150002,1,대지,115,2,경기도 포천시 선단동 115-2,416504439765,경기도 포천시 호국로1025번길,22,,4165010400104030012000001,,경기도 포천시 호국로1025번길 22,487020,11158,,,,127.16592661813,37.8570119570317
MA010120220814163622,남부삼천리,,G2,소매,G213,오락용품 소매,G21305,자전거 소매업,G47632,자전거 및 기타 운송장비 소매업,47,경상북도,47111,포항시 남구,47111580,효곡동,4711111400,효자동,4711111400106080002,1,대지,608,2,경상북도 포항시 남구 효자동 608-2,471113303062,경상북도 포항시 남구 형산강북로,137,,4711111400106080002000001,,경상북도 포항시 남구 형산강북로 137,790330,37835,,,,129.341946292628,36.0044392929589
MA010120220814197083,화신자전거,송정점,G2,소매,G213,오락용품 소매,G21305,자전거 소매업,G47632,자전거 및 기타 운송장비 소매업,29,광주광역시,29200,광산구,29200515,송정1동,2920010100,송정동,2920010100105560008,1,대지,556,8,광주광역시 광산구 송정동 556-8,292003163005,광주광역시 광산구 내상로,67,,2920010100105560008008165,,광주광역시 광산구 내상로 67,506804,62433,,,,126.799552080458,35.1369341605916
MA010120220814246868,아웃도어파크,광주지점,G2,소매,G213,오락용품 소매,G21305,자전거 소매업,G47632,자전거 및 기타 운송장비 소매업,41,경기도,41610,광주시,41610560,광남1동,4161011100,장지동,4161011100106020001,1,대지,602,1,경기도 광주시 장지동 602-1,416102012002,경기도 광주시 경충대로,1871,,4161011100106020001009232,,경기도 광주시 경충대로 1871,464070,12775,,1,,127.23195936401,37.4053001060414
MA010120220814288196,비씨레져,,G2,소매,G213,오락용품 소매,G21305,자전거 소매업,G47632,자전거 및 기타 운송장비 소매업,44,충청남도,44131,천안시 동남구,44131580,청룡동,4413110800,구성동,4413110800102700000,1,대지,270,,충청남도 천안시 동남구 구성동 270,441314547651,충청남도 천안시 동남구 정골1길,39,17,4413110800102700000000001,,충청남도 천안시 동남구 정골1길 39-17,330986,31069,,,,127.167860561806,36.7928005898324
MA010120220814322713,네이비웍스,,G2,소매,G213,오락용품 소매,G21305,자전거 소매업,G47632,자전거 및 기타 운송장비 소매업,41,경기도,41281,고양시 덕양구,41281530,흥도동,4128110500,도내동,4128110500108430001,1,대지,843,1,경기도 고양시 덕양구 도내동 843-1,412813192089,경기도 고양시 덕양구 흥도로,252,,4128110500108430001000001,,경기도 고양시 덕양구 흥도로 252,412060,10554,,1,,126.857827552638,37.6290350067098
MA010120220814169691,자전거연구소,송파점,G2,소매,G213,오락용품 소매,G21305,자전거 소매업,G47632,자전거 및 기타 운송장비 소매업,11,서울특별시,11710,송파구,11710561,방이1동,1171011100,방이동,1171011100101960018,1,대지,196,18,서울특별시 송파구 방이동 196-18,117104169448,서울특별시 송파구 위례성대로12길,7,,1171011100101960018017806,바빌딩,서울특별시 송파구 위례성대로12길 7,138834,05637,,1,,127.122836558114,37.5129725600883
MA010120220814257340,키노크,,G2,소매,G213,오락용품 소매,G21305,자전거 소매업,G47632,자전거 및 기타 운송장비 소매업,11,서울특별시,11740,강동구,11740610,천호2동,1174010900,천호동,1174010900103260032,1,대지,326,32,서울특별시 강동구 천호동 326-32,117403124009,서울특별시 강동구 천중로,7,,1174010900103260032011102,앤에이빌딩,서울특별시 강동구 천중로 7,134868,05244,,1,,127.122811599074,37.5460483354549
MA010120220814332969,쓰고타,,G2,소매,G213,오락용품 소매,G21305,자전거 소매업,G47632,자전거 및 기타 운송장비 소매업,41,경기도,41590,화성시,41590585,동탄1동,4159012700,반송동,4159012700100700005,1,대지,70,5,경기도 화성시 반송동 70-5,415904431476,경기도 화성시 동탄공원로1길,6,13,4159012700100700005000001,,경기도 화성시 동탄공원로1길 6-13,445160,18436,,1,,127.06059075076,37.2017698560353
MA010120220814335285,1178킬로미터,,G2,소매,G213,오락용품 소매,G21305,자전거 소매업,G47632,자전거 및 기타 운송장비 소매업,31,울산광역시,31200,북구,31200580,양정동,3120012400,양정동,3120012400106210001,1,대지,621,1,울산광역시 북구 양정동 621-1,312003169028,울산광역시 북구 염포로,567,,3120012400106210001007110,,울산광역시 북구 염포로 567,683380,44260,,1,,129.386036057901,35.5409959574469
MA010120220814255290,원흥자전거가원상사,,G2,소매,G213,오락용품 소매,G21305,자전거 소매업,G47632,자전거 및 기타 운송장비 소매업,41,경기도,41281,고양시 덕양구,41281530,흥도동,4128110400,원흥동,4128110400106200000,1,대지,620,,경기도 고양시 덕양구 원흥동 620,412813194058,경기도 고양시 덕양구 원흥1로,48,,4128110400101320000000001,폴리곤스퀘어,경기도 고양시 덕양구 원흥1로 48,412040,10563,,1,,126.869660962107,37.6512669391302
MA010120220814176296,제이투케이바이크,,G2,소매,G213,오락용품 소매,G21305,자전거 소매업,G47632,자전거 및 기타 운송장비 소매업,27,대구광역시,27200,남구,27200540,봉덕2동,2720010200,봉덕동,2720010200110210009,1,대지,1021,9,대구광역시 남구 봉덕동 1021-9,272004232296,대구광역시 남구 중앙대로22길,236,9,2720010200110210009000001,,대구광역시 남구 중앙대로22길 236-9,705828,42444,,1,,128.603705768855,35.8413972863783
MA010120220814305449,삼천리자전거혁신도시덕산점,,G2,소매,G213,오락용품 소매,G21305,자전거 소매업,G47632,자전거 및 기타 운송장비 소매업,43,충청북도,43750,진천군,43750253,덕산읍,4375025325,덕산읍,4375025325127040000,1,대지,2704,,충청북도 진천군 덕산읍 두촌리 2704,437503245035,충청북도 진천군 덕산읍 시가로,10,,4375031025127040000000001,포스빌딩,충청북도 진천군 덕산읍 시가로 10,365841,27875,,1,,127.533369154583,36.9022153982144
MA010120220814222095,서학자전거,,G2,소매,G213,오락용품 소매,G21305,자전거 소매업,G47632,자전거 및 기타 운송장비 소매업,52,전북특별자치도,52111,전주시 완산구,52111660,서서학동,5211112600,서서학동,5211112600103670049,1,대지,367,49,전북특별자치도 전주시 완산구 서서학동 367-49,521113266063,전북특별자치도 전주시 완산구 장승배기로,327,,4511112600103670049025711,,전북특별자치도 전주시 완산구 장승배기로 327,560816,55102,,1,,127.146610954069,35.801720152814
MA010120220814227400,스펠웍스,,G2,소매,G213,오락용품 소매,G21305,자전거 소매업,G47632,자전거 및 기타 운송장비 소매업,11,서울특별시,11680,강남구,11680510,신사동,1168010700,신사동,1168010700105560011,1,대지,556,11,서울특별시 강남구 신사동 556-11,116804166149,서울특별시 강남구 논현로157길,35,,1168010700105560011011153,,서울특별시 강남구 논현로157길 35,135890,06033,,지,,127.02538467742,37.5217554172433
MA010120220814235509,한울MTB,,G2,소매,G213,오락용품 소매,G21305,자전거 소매업,G47632,자전거 및 기타 운송장비 소매업,52,전북특별자치도,52130,군산시,52130701,나운1동,5213014400,나운동,5213014400107950004,1,대지,795,4,전북특별자치도 군산시 나운동 795-4,521303268023,전북특별자치도 군산시 대학로,320,,4513014400107950004006806,한울M,전북특별자치도 군산시 대학로 320,573869,54128,,,,126.694235412724,35.9652314438996
MA010120220814303975,서울자전거,,G2,소매,G213,오락용품 소매,G21305,자전거 소매업,G47632,자전거 및 기타 운송장비 소매업,36,세종특별자치시,36110,세종특별자치시,36110250,조치원읍,3611025024,조치원읍,3611025024100110007,1,대지,11,7,세종특별자치시 세종특별자치시 조치원읍 교리 11-7,361104574258,세종특별자치시 세종특별자치시 조치원읍 새내15길,6,,4473025024100110007037797,,세종특별자치시 세종특별자치시 조치원읍 새내15길 6,339801,30023,,,,127.297067729815,36.604068820322
MA010120220814333712,자전거매니아/아리아음향전자,,G2,소매,G213,오락용품 소매,G21305,자전거 소매업,G47632,자전거 및 기타 운송장비 소매업,41,경기도,41800,연천군,41800253,전곡읍,4180025321,전곡읍,4180025321102950005,1,대지,295,5,경기도 연천군 전곡읍 전곡리 295-5,418003215066,경기도 연천군 전곡읍 평화로,600,,4180025321102950005001985,,경기도 연천군 전곡읍 평화로 600,486903,11028,,,,127.067422916341,38.0238822805531
MA010120220814330523,엄마자전거,,G2,소매,G213,오락용품 소매,G21305,자전거 소매업,G47632,자전거 및 기타 운송장비 소매업,11,서울특별시,11215,광진구,11215830,자양2동,1121510500,자양동,1121510500106800077,1,대지,680,77,서울특별시 광진구 자양동 680-77,112153103010,서울특별시 광진구 뚝섬로,691,1,1121510500106800077014083,모던빌딩,서울특별시 광진구 뚝섬로 691-1,143874,05052,,3,,127.086223414847,37.5328810730746
MA010120220814171041,굿바이크,,G2,소매,G213,오락용품 소매,G21305,자전거 소매업,G47632,자전거 및 기타 운송장비 소매업,47,경상북도,47290,경산시,47290560,동부동,4729011600,계양동,4729011600105190000,1,대지,519,,경상북도 경산시 계양동 519,472903313087,경상북도 경산시 원효로,78,,4729011600105190000011527,,경상북도 경산시 원효로 78,712120,38637,,1,,128.746041385418,35.823165711734
MA010120220814220083,브로드웨이,,G2,소매,G213,오락용품 소매,G21305,자전거 소매업,G47632,자전거 및 기타 운송장비 소매업,41,경기도,41285,고양시 일산동구,41285530,정발산동,4128510300,정발산동,4128510300112590009,1,대지,1259,9,경기도 고양시 일산동구 정발산동 1259-9,412854379110,경기도 고양시 일산동구 산두로175번길,6,18,4128510300112590009011873,지,경기도 고양시 일산동구 산두로175번길 6-18,410828,10358,,1,,126.782736876496,37.6737354447409
MA010120220814230748,플레이모빌리티,,G2,소매,G213,오락용품 소매,G21305,자전거 소매업,G47632,자전거 및 기타 운송장비 소매업,48,경상남도,48170,진주시,48170515,천전동,4817010100,망경동,4817010100101110005,1,대지,111,5,경상남도 진주시 망경동 111-5,481703332003,경상남도 진주시 강남로,325,,4817010100101110005400606,플레이모빌리,경상남도 진주시 강남로 325,660800,52707,,1,,128.081991589458,35.1868166870715
MA010120220814251047,홍싸이클,,G2,소매,G213,오락용품 소매,G21305,자전거 소매업,G47632,자전거 및 기타 운송장비 소매업,41,경기도,41194,부천시 소사구,41194590,송내1동,4119410500,송내동,4119410500106970015,1,대지,697,15,경기도 부천시 소사구 송내동 697-15,411944355206,경기도 부천시 소사구 송내대로27번길,74,,4119710500106970015034537,,경기도 부천시 소사구 송내대로27번길 74,422831,14742,,1,,126.750386963219,37.4869589228052
MA010120220814171200,용두바이크,,G2,소매,G213,오락용품 소매,G21305,자전거 소매업,G47632,자전거 및 기타 운송장비 소매업,27,대구광역시,27230,북구,27230745,구암동,2723012300,구암동,2723012300108150014,1,대지,815,14,대구광역시 북구 구암동 815-14,272303145012,대구광역시 북구 구암로,306,,2723012300108150014000001,,대구광역시 북구 구암로 306,702805,41472,,1,,128.568205224372,35.9381711527298
MA010120220814201755,휠윈드바이시클,,G2,소매,G213,오락용품 소매,G21305,자전거 소매업,G47632,자전거 및 기타 운송장비 소매업,27,대구광역시,27290,달서구,27290601,월성1동,2729012000,월성동,2729012000118590000,1,대지,1859,,대구광역시 달서구 월성동 1859,272903147040,대구광역시 달서구 조암로,1,,2729012000118590000000001,미래타워,대구광역시 달서구 조암로 1,704401,42758,,1,,128.529716388146,35.8256726994439
MA010120220814371899,징가바이크,,G2,소매,G213,오락용품 소매,G21305,자전거 소매업,G47632,자전거 및 기타 운송장비 소매업,27,대구광역시,27140,동구,27140755,혁신동,2714012300,각산동,2714012300110890002,1,대지,1089,2,대구광역시 동구 각산동 1089-2,271404226426,대구광역시 동구 이노밸리로42길,10,20,2714012300110890002000001,,대구광역시 동구 이노밸리로42길 10-20,701290,41067,,,,128.71879147133,35.8781398891875
MA010120220814355870,잇츠스포츠,,G2,소매,G213,오락용품 소매,G21305,자전거 소매업,G47632,자전거 및 기타 운송장비 소매업,41,경기도,41192,부천시 원미구,41192650,중3동,4119210800,중동,4119210800110610002,1,대지,1061,2,경기도 부천시 원미구 중동 1061-2,411923185020,경기도 부천시 원미구 신흥로,250,,4119510800110610002045431,,경기도 부천시 원미구 신흥로 250,420849,14534,,1,,126.77583862682,37.5059851165042
MA010120220814369109,세운자전거,,G2,소매,G213,오락용품 소매,G21305,자전거 소매업,G47632,자전거 및 기타 운송장비 소매업,41,경기도,41220,평택시,41220510,중앙동,4122010100,서정동,4122010100103320049,1,대지,332,49,경기도 평택시 서정동 332-49,412204364295,경기도 평택시 서정역로25번길,8,5,4122010100103320049004388,,경기도 평택시 서정역로25번길 8-5,459812,17783,,,,127.055134902395,37.0567555061349
MA010120220814388560,울산그린레져,,G2,소매,G213,오락용품 소매,G21305,자전거 소매업,G47632,자전거 및 기타 운송장비 소매업,31,울산광역시,31200,북구,31200560,효문동,3120012100,진장동,3120012100102840006,1,대지,284,6,울산광역시 북구 진장동 284-6,312003172025,울산광역시 북구 진장유통로,52,18,3120012100102840006000001,,울산광역시 북구 진장유통로 52-18,683360,44248,,,,129.358417758732,35.575148747505
MA010120220814367543,종합운동장볼링프로,,G2,소매,G213,오락용품 소매,G21305,자전거 소매업,G47632,자전거 및 기타 운송장비 소매업,44,충청남도,44180,보령시,44180360,남포면,4418036023,남포면,4418036023106710000,1,대지,671,,충청남도 보령시 남포면 창동리 671,441803252019,충청남도 보령시 남포면 보령남로,339,,4418036023106530163000001,,충청남도 보령시 남포면 보령남로 339,355882,33494,,,,126.603848239246,36.3150045511821
MA0101202209A0079906,훈텍,,G2,소매,G213,오락용품 소매,G21305,자전거 소매업,G47632,자전거 및 기타 운송장비 소매업,48,경상남도,48129,창원시 진해구,48129570,병암동,4812913900,경화동,4812913900107540031,1,대지,754,31,경상남도 창원시 진해구 경화동 754-31,481294793156,경상남도 창원시 진해구 병암북로4번길,17,,4812913900107540031003754,창고우진테크,경상남도 창원시 진해구 병암북로4번길 17,645801,51581,,1,,128.692647981243,35.1605164718138
MA0101202209A0001146,하늘,,G2,소매,G213,오락용품 소매,G21305,자전거 소매업,G47632,자전거 및 기타 운송장비 소매업,47,경상북도,47111,포항시 남구,47111525,상대동,4711110200,대도동,4711110200101090018,1,대지,109,18,경상북도 포항시 남구 대도동 109-18,471114709207,경상북도 포항시 남구 상공로134번길,21,2,4711110200101090018134260,대도일성상가,경상북도 포항시 남구 상공로134번길 21-2,790822,37814,,1,,129.364093134114,36.0182673381969
MA0101202209A0070697,한강스포츠,,G2,소매,G213,오락용품 소매,G21305,자전거 소매업,G47632,자전거 및 기타 운송장비 소매업,28,인천광역시,28260,서구,28260575,신현원창동,2826011100,원창동,2826011100103810075,1,대지,381,75,인천광역시 서구 원창동 381-75,282603156040,인천광역시 서구 북항로,30,,2826011100103810075000001,시그마프라임빌딩,인천광역시 서구 북항로 30,404210,22769,,4,,126.645318133868,37.5070618763481
MA010120220814355494,행복자전거협동조합,,G2,소매,G213,오락용품 소매,G21305,자전거 소매업,G47632,자전거 및 기타 운송장비 소매업,30,대전광역시,30170,서구,30170597,관저2동,3017011600,관저동,3017011600113440000,1,대지,1344,,대전광역시 서구 관저동 1344,301703166008,대전광역시 서구 관저로,154,,3017011600113440000017874,,대전광역시 서구 관저로 154,302812,35382,,1,,127.339068262736,36.2986884475608
MA0101202209A0038094,투휠스프리미엄스토어,,G2,소매,G213,오락용품 소매,G21305,자전거 소매업,G47632,자전거 및 기타 운송장비 소매업,41,경기도,41117,수원시 영통구,41117530,매탄3동,4111710100,매탄동,4111710100111810006,1,대지,1181,6,경기도 수원시 영통구 매탄동 1181-6,411174331019,경기도 수원시 영통구 동수원로286번길,1,,4111710100111810006002027,,경기도 수원시 영통구 동수원로286번길 1,443804,16549,,,,127.036375572603,37.2551398018813
MA0101202209A0050879,"엔에스알자전거의류,용품",순천점,G2,소매,G213,오락용품 소매,G21305,자전거 소매업,G47632,자전거 및 기타 운송장비 소매업,46,전라남도,46150,순천시,46150310,해룡면,4615031023,해룡면,4615031023103830002,1,대지,383,2,전라남도 순천시 해룡면 상삼리 383-2,461503283027,전라남도 순천시 해룡면 지봉로,390,,4615031023103830002075080,동강빌딩,전라남도 순천시 해룡면 지봉로 390,540854,57973,,,,127.533770511728,34.9479720652295
MA0101202210A0029546,해피사이클,,G2,소매,G213,오락용품 소매,G21305,자전거 소매업,G47632,자전거 및 기타 운송장비 소매업,30,대전광역시,30200,유성구,30200530,온천1동,3020011100,봉명동,3020011100106780001,1,대지,678,1,대전광역시 유성구 봉명동 678-1,302004301153,대전광역시 유성구 문화원로146번길,7,14,3020011100106780001013088,,대전광역시 유성구 문화원로146번길 7-14,305301,34185,,,,127.352335964729,36.3574249914802
MA0101202211A0005978,믿을맨즈RSB,부평점,G2,소매,G213,오락용품 소매,G21305,자전거 소매업,G47632,자전거 및 기타 운송장비 소매업,28,인천광역시,28237,부평구,28237560,부평6동,2823710100,부평동,2823710100106280004,1,대지,628,4,인천광역시 부평구 부평동 628-4,282373000028,인천광역시 부평구 경인로,1000,,2823710100106280004200914,성화빌딩,인천광역시 부평구 경인로 1000,403827,21426,,1,,126.730848583523,37.486943057763
MA0101202210A0093067,히든바이크,,G2,소매,G213,오락용품 소매,G21305,자전거 소매업,G47632,자전거 및 기타 운송장비 소매업,47,경상북도,47190,구미시,47190256,산동읍,4719025625,산동읍,4719025625115320000,1,대지,1532,,경상북도 구미시 산동읍 신당리 1532,471904854658,경상북도 구미시 산동읍 신당인덕2로1길,7,2,4719035025115320000000001,,경상북도 구미시 산동읍 신당인덕2로1길 7-2,730853,39462,,1,,128.435776888335,36.157002939593
MA0101202209A0096012,제주퍼스널모빌리티,,G2,소매,G213,오락용품 소매,G21305,자전거 소매업,G47632,자전거 및 기타 운송장비 소매업,50,제주특별자치도,50110,제주시,50110640,오라동,5011011900,오라일동,5011011900110010004,1,대지,1001,4,제주특별자치도 제주시 오라일동 1001-4,501104848311,제주특별자치도 제주시 오남로6길,4,,5011011900110010004039519,오라빌리지,제주특별자치도 제주시 오남로6길 4,690161,63146,,,,126.516902242403,33.4920214571449
MA0101202209A0096053,나주전기자전거,,G2,소매,G213,오락용품 소매,G21305,자전거 소매업,G47632,자전거 및 기타 운송장비 소매업,46,전라남도,46170,나주시,46170600,이창동,4617012800,이창동,4617012800107290007,1,대지,729,7,전라남도 나주시 이창동 729-7,461703284048,전라남도 나주시 영산포로,138,,4617012800107290007022594,,전라남도 나주시 영산포로 138,520952,58274,,,,126.707101851264,34.9943926708162
MA0101202210A0034334,위너바이크,,G2,소매,G213,오락용품 소매,G21305,자전거 소매업,G47632,자전거 및 기타 운송장비 소매업,52,전북특별자치도,52190,남원시,52190590,도통동,5219011600,도통동,5219011600105650001,1,대지,565,1,전북특별자치도 남원시 도통동 565-1,521904613433,전북특별자치도 남원시 역재3길,19,,4519011600105650001314994,,전북특별자치도 남원시 역재3길 19,590190,55755,,,,127.399223352233,35.4205971121773
MA0101202210A0028223,삼천리자전거송촌,대리점,G2,소매,G213,오락용품 소매,G21305,자전거 소매업,G47632,자전거 및 기타 운송장비 소매업,30,대전광역시,30230,대덕구,30230543,송촌동,3023010700,송촌동,3023010700104760001,1,대지,476,1,대전광역시 대덕구 송촌동 476-1,302303168007,대전광역시 대덕구 동춘당로,83,,3023010700104760001020500,송촌근린상가,대전광역시 대덕구 동춘당로 83,306813,34409,,,,127.439769074095,36.364596885267
MA0101202212A0009553,삼천리자전거,홍천점,G2,소매,G213,오락용품 소매,G21305,자전거 소매업,G47632,자전거 및 기타 운송장비 소매업,51,강원특별자치도,51720,홍천군,51720250,홍천읍,5172025021,홍천읍,5172025021100140002,1,대지,14,2,강원특별자치도 홍천군 홍천읍 진리 14-2,517203225052,강원특별자치도 홍천군 홍천읍 홍천로,439,,4272025021100140003039989,,강원특별자치도 홍천군 홍천읍 홍천로 439,250808,25133,,,,127.892491438457,37.6931815941455
MA0101202211A0009737,엠티글램핑,,G2,소매,G213,오락용품 소매,G21305,자전거 소매업,G47632,자전거 및 기타 운송장비 소매업,47,경상북도,47170,안동시,47170420,도산면,4717042021,도산면,4717042021105950000,1,대지,595,,경상북도 안동시 도산면 토계리 595,471704721792,경상북도 안동시 도산면 양평길,23,56,4717042021105950000000001,,경상북도 안동시 도산면 양평길 23-56,760932,36604,,2,,128.841797093792,36.7484661218222
MA0101202211A0015694,탑바이크,,G2,소매,G213,오락용품 소매,G21305,자전거 소매업,G47632,자전거 및 기타 운송장비 소매업,52,전북특별자치도,52113,전주시 덕진구,52113642,송천2동,5211312200,송천동2가,5211312200112960000,1,대지,1296,,전북특별자치도 전주시 덕진구 송천동2가 1296,521133351483,전북특별자치도 전주시 덕진구 세병로,208,,4511312200112960000000010,에코시티데시앙14단지,전북특별자치도 전주시 덕진구 세병로 208,561302,55146,,,,127.129644182651,35.8792117011852
MA0101202211A0060906,긍정바이크,,G2,소매,G213,오락용품 소매,G21305,자전거 소매업,G47632,자전거 및 기타 운송장비 소매업,52,전북특별자치도,52130,군산시,52130690,수송동,5213014300,지곡동,5213014300105540005,1,대지,554,5,전북특별자치도 군산시 지곡동 554-5,521304604703,전북특별자치도 군산시 신평1길,1,,4513014300105540005034460,거원카서비스,전북특별자치도 군산시 신평1길 1,573370,54104,,,,126.710941853551,35.9561613507372
MA0101202212A0011604,삼천리자전거고읍점,,G2,소매,G213,오락용품 소매,G21305,자전거 소매업,G47632,자전거 및 기타 운송장비 소매업,41,경기도,41630,양주시,41630520,양주2동,4163010600,광사동,4163010600102320003,1,대지,232,3,경기도 양주시 광사동 232-3,416303206116,경기도 양주시 부흥로,1935,,4163010600102320002003736,,경기도 양주시 부흥로 1935,482030,11481,,1,,127.077080737914,37.794937668897
MA0101202212A0024651,디알모터스,,G2,소매,G213,오락용품 소매,G21305,자전거 소매업,G47632,자전거 및 기타 운송장비 소매업,48,경상남도,48310,거제시,48310570,장평동,4831010800,장평동,4831010800112000004,1,대지,1200,4,경상남도 거제시 장평동 1200-4,483103337043,경상남도 거제시 장평1로,45,,4831010800112000004023831,,경상남도 거제시 장평1로 45,656928,53267,,1,,128.615209990111,34.8941532044974
MA0101202211A0090132,자전거가간다,,G2,소매,G213,오락용품 소매,G21305,자전거 소매업,G47632,자전거 및 기타 운송장비 소매업,52,전북특별자치도,52710,완주군,52710253,봉동읍,5271025324,봉동읍,5271025324108900004,1,대지,890,4,전북특별자치도 완주군 봉동읍 둔산리 890-4,527103273021,전북특별자치도 완주군 봉동읍 둔산1로,92,1,4571025324108900004000001,명동빌,전북특별자치도 완주군 봉동읍 둔산1로 92-1,565902,55319,,,,127.122193077426,35.9595835523326
MA0101202211A0082546,벨로셰르파,,G2,소매,G213,오락용품 소매,G21305,자전거 소매업,G47632,자전거 및 기타 운송장비 소매업,11,서울특별시,11650,서초구,11650590,방배본동,1165010100,방배동,1165010100107820002,1,대지,782,2,서울특별시 서초구 방배동 782-2,116502005009,서울특별시 서초구 동작대로,192,,1165010100107820002015900,,서울특별시 서초구 동작대로 192,137829,06559,,2,,126.983094528061,37.4936726114245
MA0101202211A0035607,레트로바이크#,,G2,소매,G213,오락용품 소매,G21305,자전거 소매업,G47632,자전거 및 기타 운송장비 소매업,11,서울특별시,11200,성동구,11200570,행당2동,1120010700,행당동,1120010700103130009,1,대지,313,9,서울특별시 성동구 행당동 313-9,112004109535,서울특별시 성동구 행당로11길,5,3,1120010700103130009000001,,서울특별시 성동구 행당로11길 5-3,133072,04714,,1,,127.030524021283,37.5583077696473
MA0101202211A0094896,루시바이크,,G2,소매,G213,오락용품 소매,G21305,자전거 소매업,G47632,자전거 및 기타 운송장비 소매업,26,부산광역시,26260,동래구,26260750,안락2동,2626010200,안락동,2626010200101690008,1,대지,169,8,부산광역시 동래구 안락동 169-8,262604190424,부산광역시 동래구 온천천로563번길,45,,2626010200101690008018358,,부산광역시 동래구 온천천로563번길 45,607825,47905,,,,129.113577217833,35.191408054748
MA0101202211A0084845,드림자전거,,G2,소매,G213,오락용품 소매,G21305,자전거 소매업,G47632,자전거 및 기타 운송장비 소매업,11,서울특별시,11650,서초구,11650651,양재1동,1165010300,우면동,1165010300107570000,1,대지,757,,서울특별시 서초구 우면동 757,116503206129,서울특별시 서초구 중앙로,582,,1165010300107570000000001,서초타워,서울특별시 서초구 중앙로 582,137131,06767,,1,,127.015314895572,37.4571458879105
MA0101202301A0035817,윙메디칼,,G2,소매,G213,오락용품 소매,G21305,자전거 소매업,G47632,자전거 및 기타 운송장비 소매업,30,대전광역시,30200,유성구,30200530,온천1동,3020011100,봉명동,3020011100105380008,1,대지,538,8,대전광역시 유성구 봉명동 538-8,302003167045,대전광역시 유성구 온천로,59,,3020011100105380008012200,동아벤처타워,대전광역시 유성구 온천로 59,305709,34186,,,,127.344595810368,36.3556001553663
MA0101202301A0022981,스케쳐스원주점,,G2,소매,G213,오락용품 소매,G21305,자전거 소매업,G47632,자전거 및 기타 운송장비 소매업,51,강원특별자치도,51130,원주시,51130560,일산동,5113010800,일산동,5113010800100520023,1,대지,52,23,강원특별자치도 원주시 일산동 52-23,511303219043,강원특별자치도 원주시 원일로,105,,4213010800100520023009189,,강원특별자치도 원주시 원일로 105,220956,26427,,,,127.948897800672,37.3493632192082
MA0101202212A0072297,바이크마켓2,,G2,소매,G213,오락용품 소매,G21305,자전거 소매업,G47632,자전거 및 기타 운송장비 소매업,41,경기도,41271,안산시 상록구,41271525,사동,4127110300,사동,4127110300115230006,1,대지,1523,6,경기도 안산시 상록구 사동 1523-6,412714370543,경기도 안산시 상록구 천문2길,60,,4127110300115230006023542,,경기도 안산시 상록구 천문2길 60,426894,15497,,1,,126.846932851633,37.3058560289402
MA0101202212A0078096,벨로웍스,,G2,소매,G213,오락용품 소매,G21305,자전거 소매업,G47632,자전거 및 기타 운송장비 소매업,48,경상남도,48330,양산시,48330253,물금읍,4833025321,물금읍,4833025321108940001,1,대지,894,1,경상남도 양산시 물금읍 물금리 894-1,483303338100,경상남도 양산시 물금읍 청운로,52,,4833025321108940001000001,,경상남도 양산시 물금읍 청운로 52,626812,50658,,,,128.992730475252,35.3083018638256
MA0101202212A0055290,신도시가촌삼천리,대리점,G2,소매,G213,오락용품 소매,G21305,자전거 소매업,G47632,자전거 및 기타 운송장비 소매업,48,경상남도,48330,양산시,48330253,물금읍,4833025323,물금읍,4833025323112690010,1,대지,1269,10,경상남도 양산시 물금읍 가촌리 1269-10,483303338111,경상남도 양산시 물금읍 백호로,60,,4833025323112690010000001,,경상남도 양산시 물금읍 백호로 60,626811,50613,,1,,129.00135804367,35.3184685232012
MA0101202212A0098556,삼천리자전거장승포점,,G2,소매,G213,오락용품 소매,G21305,자전거 소매업,G47632,자전거 및 기타 운송장비 소매업,48,경상남도,48310,거제시,48310510,장승포동,4831010200,장승포동,4831010200103580001,1,대지,358,1,경상남도 거제시 장승포동 358-1,483103337014,경상남도 거제시 능포로,87,,4831010200103580001027337,,경상남도 거제시 능포로 87,656910,53316,,1,,128.729751356004,34.8718569339993
MA0101202212A0061295,민바이크,,G2,소매,G213,오락용품 소매,G21305,자전거 소매업,G47632,자전거 및 기타 운송장비 소매업,48,경상남도,48125,창원시 마산합포구,48125630,오동동,4812513700,오동동,4812513700100600004,1,대지,60,4,경상남도 창원시 마산합포구 오동동 60-4,481254787057,경상남도 창원시 마산합포구 교방천남길,340,,4812513700100600004030204,,경상남도 창원시 마산합포구 교방천남길 340,631860,51727,,,,128.580137459584,35.2091623780427
MA0101202301A0045773,공항자전거,,G2,소매,G213,오락용품 소매,G21305,자전거 소매업,G47632,자전거 및 기타 운송장비 소매업,50,제주특별자치도,50110,제주시,50110580,용담2동,5011010900,용담이동,5011010900115900003,1,대지,1590,3,제주특별자치도 제주시 용담이동 1590-3,501103349154,제주특별자치도 제주시 용문로,4,,5011010900115900003015388,,제주특별자치도 제주시 용문로 4,690821,63164,,,,126.496800361842,33.505257957183
MA0101202301A0050481,삼천리자전거,,G2,소매,G213,오락용품 소매,G21305,자전거 소매업,G47632,자전거 및 기타 운송장비 소매업,26,부산광역시,26500,수영구,26500660,남천1동,2650010500,남천동,2650010500100740012,1,대지,74,12,부산광역시 수영구 남천동 74-12,265003131037,부산광역시 수영구 수영로,399,,2650010500100740012016526,,부산광역시 수영구 수영로 399,613816,48317,,1,,129.107628419018,35.1421286607506
MA0101202212A0058397,바이크마트,,G2,소매,G213,오락용품 소매,G21305,자전거 소매업,G47632,자전거 및 기타 운송장비 소매업,43,충청북도,43114,청주시 청원구,43114550,오근장동,4311410600,주중동,4311410600105220001,1,대지,522,1,충청북도 청주시 청원구 주중동 522-1,431144508050,충청북도 청주시 청원구 공항로256번길,9,,4311113200105220001053705,,충청북도 청주시 청원구 공항로256번길 9,363568,28307,,,,127.483454627537,36.6798470459644
MA0101202212A0063643,피크바이크,,G2,소매,G213,오락용품 소매,G21305,자전거 소매업,G47632,자전거 및 기타 운송장비 소매업,41,경기도,41410,군포시,41410520,군포2동,4141010100,당동,4141010100108730000,1,대지,873,,경기도 군포시 당동 873,414103200022,경기도 군포시 용호2로,47,,4141010100108730000001810,쌍용,경기도 군포시 용호2로 47,435720,15875,,,,126.943323616702,37.3446317881877
MA0101202302A0002228,페달웍스바이시클,,G2,소매,G213,오락용품 소매,G21305,자전거 소매업,G47632,자전거 및 기타 운송장비 소매업,41,경기도,41131,성남시 수정구,41131625,위례동,4113110800,창곡동,4113110800105430004,1,대지,543,4,경기도 성남시 수정구 창곡동 543-4,411314853108,경기도 성남시 수정구 위례서일로3길,27,4,4113110800205430004000001,,경기도 성남시 수정구 위례서일로3길 27-4,461210,13647,,1,,127.139062881997,37.4676699636854
MA0101202301A0070886,우산속자전거,,G2,소매,G213,오락용품 소매,G21305,자전거 소매업,G47632,자전거 및 기타 운송장비 소매업,41,경기도,41450,하남시,41450620,미사2동,4145010900,망월동,4145010900108550008,1,대지,855,8,경기도 하남시 망월동 855-8,414503202055,경기도 하남시 미사강변한강로,154,,4145010900108550008000001,,경기도 하남시 미사강변한강로 154,465150,12903,,,,127.192254859681,37.5759318114379
MA0101202301A0075400,전동나라,,G2,소매,G213,오락용품 소매,G21305,자전거 소매업,G47632,자전거 및 기타 운송장비 소매업,47,경상북도,47170,안동시,47170600,태화동,4717012200,태화동,4717012200108430015,1,대지,843,15,경상북도 안동시 태화동 843-15,471703018013,경상북도 안동시 경동로,488,,4717012200108430015026740,,경상북도 안동시 경동로 488,760905,36668,,1,,128.71175526074,36.5657267827797
MA0101202302A0059053,삼천리자전거,봉담점,G2,소매,G213,오락용품 소매,G21305,자전거 소매업,G47632,자전거 및 기타 운송장비 소매업,41,경기도,41590,화성시,41590253,봉담읍,4159025324,봉담읍,4159025324104250001,1,대지,425,1,경기도 화성시 봉담읍 동화리 425-1,415903012004,경기도 화성시 봉담읍 삼천병마로,1314,,4159025324104250001034828,,경기도 화성시 봉담읍 삼천병마로 1314,445893,18303,,2,,126.951719357484,37.2222563794324
MA0101202302A0009061,최바이크,,G2,소매,G213,오락용품 소매,G21305,자전거 소매업,G47632,자전거 및 기타 운송장비 소매업,48,경상남도,48330,양산시,48330253,물금읍,4833025324,물금읍,4833025324103850004,1,대지,385,4,경상남도 양산시 물금읍 범어리 385-4,483303338089,경상남도 양산시 물금읍 황산로,671,,4833025324103850004010800,,경상남도 양산시 물금읍 황산로 671,626813,50597,,,,129.006451051094,35.3305766515071
MA0101202302A0038739,신대방자전거,,G2,소매,G213,오락용품 소매,G21305,자전거 소매업,G47632,자전거 및 기타 운송장비 소매업,11,서울특별시,11590,동작구,11590670,신대방1동,1159010900,신대방동,1159010900106180003,1,대지,618,3,서울특별시 동작구 신대방동 618-3,115904157491,서울특별시 동작구 신대방2길,13,,1159010900106180003002744,,서울특별시 동작구 신대방2길 13,156853,07067,,1,,126.913104338531,37.4881727496891
MA0101202301A0109152,진커스텀,,G2,소매,G213,오락용품 소매,G21305,자전거 소매업,G47632,자전거 및 기타 운송장비 소매업,48,경상남도,48250,김해시,48250630,장유3동,4825013100,율하동,4825013100113590004,1,대지,1359,4,경상남도 김해시 율하동 1359-4,482504805932,경상남도 김해시 율하3로8번길,4,11,4825031029113590004000001,,경상남도 김해시 율하3로8번길 4-11,621320,51017,,1,,128.812913103649,35.1689416205493
MA0101202302A0037164,빛자전거,,G2,소매,G213,오락용품 소매,G21305,자전거 소매업,G47632,자전거 및 기타 운송장비 소매업,41,경기도,41570,김포시,41570580,운양동,4157010300,운양동,4157010300113030001,1,대지,1303,1,경기도 김포시 운양동 1303-1,415704838109,경기도 김포시 김포한강11로255번길,91,,4157010300113030001000001,,경기도 김포시 김포한강11로255번길 91,415050,10072,,,,126.678828537946,37.6575239414295
MA0101202302A0061897,형제자전거,,G2,소매,G213,오락용품 소매,G21305,자전거 소매업,G47632,자전거 및 기타 운송장비 소매업,41,경기도,41115,수원시 팔달구,41115670,고등동,4111513700,고등동,4111513700100480014,1,대지,48,14,경기도 수원시 팔달구 고등동 48-14,411154328078,경기도 수원시 팔달구 고화로71번길,10,5,4111513700100480014005819,,경기도 수원시 팔달구 고화로71번길 10-5,442880,16448,,1,,127.005615138265,37.2760764601842
MA0101202302A0048023,알톤스포츠자전거창원,중앙점,G2,소매,G213,오락용품 소매,G21305,자전거 소매업,G47632,자전거 및 기타 운송장비 소매업,48,경상남도,48123,창원시 성산구,48123520,중앙동,4812312500,중앙동,4812312500100450011,1,대지,45,11,경상남도 창원시 성산구 중앙동 45-11,481233328039,경상남도 창원시 성산구 외동반림로,20,,4812312500100450011001931,,경상남도 창원시 성산구 외동반림로 20,642843,51521,,1,,128.672806428662,35.2220844399443
MA0101202301A0092464,종합자전거할인마트,,G2,소매,G213,오락용품 소매,G21305,자전거 소매업,G47632,자전거 및 기타 운송장비 소매업,29,광주광역시,29200,광산구,29200640,하남동,2920012700,산정동,2920012700109430005,1,대지,943,5,광주광역시 광산구 산정동 943-5,292003163009,광주광역시 광산구 목련로,62,,2920012700109430005002894,,광주광역시 광산구 목련로 62,506250,62343,,1,,126.804383322094,35.1722392604509
MA0101202302A0066632,일렉스타알톤,,G2,소매,G213,오락용품 소매,G21305,자전거 소매업,G47632,자전거 및 기타 운송장비 소매업,52,전북특별자치도,52140,익산시,52140580,마동,5214011200,마동,5214011200100760007,1,대지,76,7,전북특별자치도 익산시 마동 76-7,521403269019,전북특별자치도 익산시 서동로,148,,4514011200100760007075407,,전북특별자치도 익산시 서동로 148,570962,54613,,,,126.967363551326,35.9359566915156
MA0101202302A0031690,지오스포츠,,G2,소매,G213,오락용품 소매,G21305,자전거 소매업,G47632,자전거 및 기타 운송장비 소매업,48,경상남도,48250,김해시,48250510,동상동,4825010100,동상동,4825010100110990000,1,대지,1099,,경상남도 김해시 동상동 1099,482503335004,경상남도 김해시 가야로,445,,4825010100102630001084734,롯데캐슬가야1단지,경상남도 김해시 가야로 445,621726,50842,,2,,128.884594048932,35.241294144543
MA0101202302A0090487,리치몬드인터내셔널,,G2,소매,G213,오락용품 소매,G21305,자전거 소매업,G47632,자전거 및 기타 운송장비 소매업,41,경기도,41570,김포시,41570525,장기본동,4157010400,장기동,4157010400118700005,1,대지,1870,5,경기도 김포시 장기동 1870-5,415704427647,경기도 김포시 김포한강4로212번길,66,,4157010400118700005000001,,경기도 김포시 김포한강4로212번길 66,415060,10064,,1,,126.66175368972,37.6517279738458
MA0101202303A0023441,픽시기어서울,,G2,소매,G213,오락용품 소매,G21305,자전거 소매업,G47632,자전거 및 기타 운송장비 소매업,11,서울특별시,11380,은평구,11380640,증산동,1138011000,증산동,1138011000101630035,1,대지,163,35,서울특별시 은평구 증산동 163-35,113804133250,서울특별시 은평구 증산로11길,3,,1138011000101630035012040,,서울특별시 은평구 증산로11길 3,122935,03497,,1,,126.911948243333,37.5867503167837
MA0101202303A0012241,삼천리자전거팔달점,,G2,소매,G213,오락용품 소매,G21305,자전거 소매업,G47632,자전거 및 기타 운송장비 소매업,41,경기도,41113,수원시 권선구,41113520,세류1동,4111312600,세류동,4111312600102270007,1,대지,227,7,경기도 수원시 권선구 세류동 227-7,411133175010,경기도 수원시 권선구 권선로,518,,4111312600102270007034759,,경기도 수원시 권선구 권선로 518,441862,16593,,1,,127.008128181759,37.263371632032
MA0101202303A0047726,두손모아복지용구,,G2,소매,G213,오락용품 소매,G21305,자전거 소매업,G47632,자전거 및 기타 운송장비 소매업,27,대구광역시,27290,달서구,27290515,성당동,2729010100,성당동,2729010100104900005,1,대지,490,5,대구광역시 달서구 성당동 490-5,272904241383,대구광역시 달서구 야외음악당로13길,5,,2729010100104900005028875,,대구광역시 달서구 야외음악당로13길 5,704916,42678,,1,,128.5525104886,35.8426825254789
MA0101202303A0096197,이팀장바이크,,G2,소매,G213,오락용품 소매,G21305,자전거 소매업,G47632,자전거 및 기타 운송장비 소매업,26,부산광역시,26500,수영구,26500790,광안4동,2650010400,광안동,2650010400107530039,1,대지,753,39,부산광역시 수영구 광안동 753-39,265004214353,부산광역시 수영구 장대골로19번길,42,,2650010400107530039002468,,부산광역시 수영구 장대골로19번길 42,613809,48260,,,,129.11069638296,35.1572686835503
MA0101202305A0058417,핫라인,,G2,소매,G213,오락용품 소매,G21305,자전거 소매업,G47632,자전거 및 기타 운송장비 소매업,11,서울특별시,11215,광진구,11215740,중곡1동,1121510100,중곡동,1121510100106360008,1,대지,636,8,서울특별시 광진구 중곡동 636-8,112154112496,서울특별시 광진구 천호대로105길,7,,1121510100106360008005383,,서울특별시 광진구 천호대로105길 7,143912,04920,,1,,127.075841216997,37.5591523142487
MA0101202303A0118351,자전거마스터,,G2,소매,G213,오락용품 소매,G21305,자전거 소매업,G47632,자전거 및 기타 운송장비 소매업,41,경기도,41192,부천시 원미구,41192520,심곡2동,4119210200,심곡동,4119210200104580008,1,대지,458,8,경기도 부천시 원미구 심곡동 458-8,411923185020,경기도 부천시 원미구 신흥로,38,,4119510200104580008003001,,경기도 부천시 원미구 신흥로 38,420829,14635,,,,126.777138990153,37.4870484545068
MA0101202303A0099228,노란케어119,,G2,소매,G213,오락용품 소매,G21305,자전거 소매업,G47632,자전거 및 기타 운송장비 소매업,28,인천광역시,28245,계양구,28245611,계산1동,2824510200,계산동,2824510200109710014,1,대지,971,14,인천광역시 계양구 계산동 971-14,282454265463,인천광역시 계양구 향교로14번길,8,,2824510200109710014092498,,인천광역시 계양구 향교로14번길 8,407807,21054,,1,,126.720908920426,37.5388086646743
MA0101202305A0051287,김천자전거,,G2,소매,G213,오락용품 소매,G21305,자전거 소매업,G47632,자전거 및 기타 운송장비 소매업,47,경상북도,47250,상주시,47250550,동문동,4725010600,서성동,4725010600101160002,1,대지,116,2,경상북도 상주시 서성동 116-2,472504733419,경상북도 상주시 서성1길,8,,4725010600101160004091532,,경상북도 상주시 서성1길 8,742050,37188,,,,128.15968179225,36.4162962310116
MA0101202305A0008138,현대물류개발,,G2,소매,G213,오락용품 소매,G21305,자전거 소매업,G45212,자동차용 전용 신품 부품 판매업,29,광주광역시,29200,광산구,29200680,삼도동,2920015600,도덕동,2920015600105040001,1,대지,504,1,광주광역시 광산구 도덕동 504-1,292004289434,광주광역시 광산구 여남길,13,,2920015600105040001000001,,광주광역시 광산구 여남길 13,506458,62406,,,,126.696175895029,35.1644087626325
MA0101202305A0075996,라이드라이드사우스,,G2,소매,G213,오락용품 소매,G21305,자전거 소매업,G47632,자전거 및 기타 운송장비 소매업,26,부산광역시,26500,수영구,26500730,수영동,2650010200,수영동,2650010200104970030,1,대지,497,30,부산광역시 수영구 수영동 497-30,265004214235,부산광역시 수영구 수미로86번길,19,,2650010200104970030014171,,부산광역시 수영구 수미로86번길 19,613832,48220,,1,,129.119603005684,35.1723605750993
MA0101202305A0031243,글로리바이크153,,G2,소매,G213,오락용품 소매,G21305,자전거 소매업,G47632,자전거 및 기타 운송장비 소매업,11,서울특별시,11350,노원구,11350595,공릉1동,1135010300,공릉동,1135010300106040028,1,대지,604,28,서울특별시 노원구 공릉동 604-28,113504130168,서울특별시 노원구 동일로173가길,37,,1135010300106040028016939,선석빌딩,서울특별시 노원구 동일로173가길 37,139808,01859,,1,,127.073093770148,37.6199079538799
MA0101202305A0062069,제이앤티감일자전거,,G2,소매,G213,오락용품 소매,G21305,자전거 소매업,G47632,자전거 및 기타 운송장비 소매업,41,경기도,41450,하남시,41450582,감일동,4145011500,감이동,4145011500104910000,1,대지,491,,경기도 하남시 감이동 491,414503352270,경기도 하남시 감일백제로,70,1,4145011500104910000000010,더샵포웰시티,경기도 하남시 감일백제로 70-1,465190,13006,,,,127.163636891086,37.5034715523808
MA0101202305A0035729,실버양품,,G2,소매,G213,오락용품 소매,G21305,자전거 소매업,G47632,자전거 및 기타 운송장비 소매업,41,경기도,41390,시흥시,41390520,신천동,4139010200,신천동,4139010200107750002,1,대지,775,2,경기도 시흥시 신천동 775-2,413904397372,경기도 시흥시 수인로3335번길,11,,4139010200107750002024651,,경기도 시흥시 수인로3335번길 11,429831,14950,,3,,126.787318470954,37.4380342414899
MA010120220810224434,운정바이크,,G2,소매,G213,오락용품 소매,G21305,자전거 소매업,G47632,자전거 및 기타 운송장비 소매업,41,경기도,41480,파주시,41480570,운정3동,4148010800,야당동,4148010800109910000,1,대지,991,,경기도 파주시 야당동 991,414803206054,경기도 파주시 심학산로,594,,4148010800103850005000001,한빛마을캐슬앤칸타빌5단지,경기도 파주시 심학산로 594,413965,10908,,,,126.757670276954,37.7168793090254
MA010120220810203087,베네핏,,G2,소매,G213,오락용품 소매,G21305,자전거 소매업,G47632,자전거 및 기타 운송장비 소매업,41,경기도,41461,용인시 처인구,41461525,역북동,4146110200,역북동,4146110200104820006,1,대지,482,6,경기도 용인시 처인구 역북동 482-6,414613203093,경기도 용인시 처인구 용문로,90,,4146110200104820006029933,,경기도 용인시 처인구 용문로 90,449932,17048,,,,127.195740103658,37.2367284545874
MA010120220810251536,바이크박스,,G2,소매,G213,오락용품 소매,G21305,자전거 소매업,G47632,자전거 및 기타 운송장비 소매업,27,대구광역시,27290,달서구,27290601,월성1동,2729012000,월성동,2729012000118650000,1,대지,1865,,대구광역시 달서구 월성동 1865,272903147040,대구광역시 달서구 조암로,105,,2729012100111360000000001,그루조암타워,대구광역시 달서구 조암로 105,704401,42755,,1,,128.519208173143,35.8218138699232
MA010120220810249160,팻바와친구들,,G2,소매,G213,오락용품 소매,G21305,자전거 소매업,G47632,자전거 및 기타 운송장비 소매업,41,경기도,41210,광명시,41210560,광명5동,4121010100,광명동,4121010100102460057,1,대지,246,57,경기도 광명시 광명동 246-57,412103187011,경기도 광명시 광화로,36,1,4121010100102460057005815,,경기도 광명시 광화로 36-1,423810,14294,,,,126.847449815911,37.4739874203376
MA010120220810274980,삼천리,도담점,G2,소매,G213,오락용품 소매,G21305,자전거 소매업,G47632,자전거 및 기타 운송장비 소매업,36,세종특별자치시,36110,세종특별자치시,36110520,도담동,3611011400,도담동,3611011400106600000,1,대지,660,,세종특별자치시 세종특별자치시 도담동 660,361103258090,세종특별자치시 세종특별자치시 보듬3로,8,20,3611011400102470004000001,한신휴시티,세종특별자치시 세종특별자치시 보듬3로 8-20,339006,30098,,,,127.258610948019,36.5143051450517
MA010120220810264496,자전거나라,,G2,소매,G213,오락용품 소매,G21305,자전거 소매업,G47632,자전거 및 기타 운송장비 소매업,44,충청남도,44180,보령시,44180535,대천3동,4418010400,동대동,4418010400118610000,1,대지,1861,,충청남도 보령시 동대동 1861,441804556505,충청남도 보령시 작은오랏3길,60,,4418010400118610000007984,,충청남도 보령시 작은오랏3길 60,355938,33470,,,,126.604218749204,36.3452312724149
MA010120220810292515,오마이바이크,,G2,소매,G213,오락용품 소매,G21305,자전거 소매업,G47632,자전거 및 기타 운송장비 소매업,26,부산광역시,26380,사하구,26380562,하단2동,2638010300,하단동,2638010300104760002,1,대지,476,2,부산광역시 사하구 하단동 476-2,263802006002,부산광역시 사하구 낙동대로,571,,2638010300104760002015371,상일빌딩,부산광역시 사하구 낙동대로 571,604851,49303,,4,,128.962254238228,35.1143362060047
MA010120220810315456,홍싸,,G2,소매,G213,오락용품 소매,G21305,자전거 소매업,G47632,자전거 및 기타 운송장비 소매업,41,경기도,41111,수원시 장안구,41111580,영화동,4111113400,영화동,4111113400101000001,1,대지,100,1,경기도 수원시 장안구 영화동 100-1,411114322165,경기도 수원시 장안구 수성로402번길,45,5,4111113400101000001042161,,경기도 수원시 장안구 수성로402번길 45-5,440816,16267,,,,127.017165053932,37.2933752976842
MA010120220810302714,알톤제스트바이크,,G2,소매,G213,오락용품 소매,G21305,자전거 소매업,G47632,자전거 및 기타 운송장비 소매업,41,경기도,41220,평택시,41220620,비전1동,4122011800,비전동,4122011800110150000,1,대지,1015,,경기도 평택시 비전동 1015,412203012021,경기도 평택시 만세로,1845,,4122011800110150000000001,,경기도 평택시 만세로 1845,450151,17852,,1,,127.103261663488,37.0041094698994
MA010120220810297587,디제이마린,,G2,소매,G213,오락용품 소매,G21305,자전거 소매업,G47632,자전거 및 기타 운송장비 소매업,43,충청북도,43730,옥천군,43730380,군북면,4373038026,군북면,4373038026104000001,1,대지,400,1,충청북도 옥천군 군북면 환평리 400-1,437303242038,충청북도 옥천군 군북면 환산로,197,1,4373038026104000001018910,,충청북도 옥천군 군북면 환산로 197-1,373853,29003,,,,127.545321897234,36.3360633030906
MA010120220810313439,화시낚시,,G2,소매,G213,오락용품 소매,G21305,자전거 소매업,G47632,자전거 및 기타 운송장비 소매업,41,경기도,41390,시흥시,41390591,정왕1동,4139013200,정왕동,4139013200115570003,1,대지,1557,3,경기도 시흥시 정왕동 1557-3,413904397555,경기도 시흥시 정왕천로389번길,25,1,4139013200115570003019636,,경기도 시흥시 정왕천로389번길 25-1,429856,15058,,,,126.7481405074,37.3441880546751
MA010120220810296245,라이드위드유,,G2,소매,G213,오락용품 소매,G21305,자전거 소매업,G47632,자전거 및 기타 운송장비 소매업,31,울산광역시,31110,중구,31110520,반구1동,3111011800,반구동,3111011800108750004,1,대지,875,4,울산광역시 중구 반구동 875-4,311103169028,울산광역시 중구 염포로,80,,3111011800108750004017461,,울산광역시 중구 염포로 80,681808,44498,,1,,129.349959585299,35.5604646913842
MA010120220810314117,준바이크,,G2,소매,G213,오락용품 소매,G21305,자전거 소매업,G47632,자전거 및 기타 운송장비 소매업,41,경기도,41390,시흥시,41390570,목감동,4139012400,조남동,4139012400107140001,1,대지,714,1,경기도 시흥시 조남동 714-1,413904853501,경기도 시흥시 수풀안길,14,7,4139012400107140001000001,,경기도 시흥시 수풀안길 14-7,429320,14986,,1,,126.863444722174,37.3816257677041
MA010120220810316016,천안바이크,,G2,소매,G213,오락용품 소매,G21305,자전거 소매업,G47632,자전거 및 기타 운송장비 소매업,44,충청남도,44133,천안시 서북구,44133560,백석동,4413310300,백석동,4413310300102660000,1,대지,266,,충청남도 천안시 서북구 백석동 266,441333250018,충청남도 천안시 서북구 백석3로,43,,4413310300102660000019574,,충청남도 천안시 서북구 백석3로 43,331979,31157,,,,127.116410339885,36.8218868608802
MA010120220810358781,잔차,,G2,소매,G213,오락용품 소매,G21305,자전거 소매업,G47632,자전거 및 기타 운송장비 소매업,48,경상남도,48240,사천시,48240310,정동면,4824031022,정동면,4824031022106550000,1,대지,655,,경상남도 사천시 정동면 예수리 655,482403334046,경상남도 사천시 정동면 진삼로,1274,1,4824031022106550000055057,,경상남도 사천시 정동면 진삼로 1274-1,664932,52524,,,,128.079275696851,35.0667683922993
MA010120220810354510,어썸비바이크,,G2,소매,G213,오락용품 소매,G21305,자전거 소매업,G47632,자전거 및 기타 운송장비 소매업,41,경기도,41360,남양주시,41360256,화도읍,4136025621,화도읍,4136025621104040010,1,대지,404,10,경기도 남양주시 화도읍 마석우리 404-10,413604391288,경기도 남양주시 화도읍 마석로76번길,1,,4136025621104040010000001,루비빌딩,경기도 남양주시 화도읍 마석로76번길 1,472845,12162,,,,127.305748618817,37.6577811595014
MA010120220810346747,파라마운트,,G2,소매,G213,오락용품 소매,G21305,자전거 소매업,G47632,자전거 및 기타 운송장비 소매업,27,대구광역시,27260,수성구,27260602,황금2동,2726010700,황금동,2726010700107820000,1,대지,782,,대구광역시 수성구 황금동 782,272603007004,대구광역시 수성구 동대구로,155,,2726010700107820000017088,,대구광역시 수성구 동대구로 155,706852,42146,,,,128.623784075817,35.8442095066134
MA010120220810352709,더사이클러리,,G2,소매,G213,오락용품 소매,G21305,자전거 소매업,G47632,자전거 및 기타 운송장비 소매업,31,울산광역시,31110,중구,31110630,병영2동,3111011600,장현동,3111011600101390009,1,대지,139,9,울산광역시 중구 장현동 139-9,311104307529,울산광역시 중구 종가26길,3,,3111011600101390009000001,,울산광역시 중구 종가26길 3,681420,44548,,1,,129.341309054421,35.5875565328366
MA010120220811759860,모토벨로남양주,,G2,소매,G213,오락용품 소매,G21305,자전거 소매업,G47632,자전거 및 기타 운송장비 소매업,41,경기도,41360,남양주시,41360545,다산1동,4136011200,다산동,4136011200161580000,1,대지,6158,,경기도 남양주시 다산동 6158,413603351605,경기도 남양주시 다산중앙로20번길,10,22,4136011200161580000000001,모토벨로현대아울렛점,경기도 남양주시 다산중앙로20번길 10-22,,12285,,1,,127.155941169248,37.6149802418717
MA010120220811735706,모모자전거,,G2,소매,G213,오락용품 소매,G21305,자전거 소매업,G47632,자전거 및 기타 운송장비 소매업,41,경기도,41194,부천시 소사구,41194560,옥길동,4119410600,옥길동,4119410600107540001,1,대지,754,1,경기도 부천시 소사구 옥길동 754-1,411944853818,경기도 부천시 소사구 옥길로56번길,24,29,4119011500107540001000001,,경기도 부천시 소사구 옥길로56번길 24-29,422080,14786,,,,126.818447583128,37.4619629872801
MA010120220811773390,써니바이크,북구점,G2,소매,G213,오락용품 소매,G21305,자전거 소매업,G47632,자전거 및 기타 운송장비 소매업,47,경상북도,47113,포항시 북구,47113700,장량동,4711312100,장성동,4711312100114060004,1,대지,1406,4,경상북도 포항시 북구 장성동 1406-4,471133304020,경상북도 포항시 북구 신덕로,223,,4711312100114060004113976,,경상북도 포항시 북구 신덕로 223,791851,37580,,1,,129.391481621896,36.0862798070024
MA010120220811760710,라이딩매니아,,G2,소매,G213,오락용품 소매,G21305,자전거 소매업,G47632,자전거 및 기타 운송장비 소매업,41,경기도,41150,의정부시,41150578,송산3동,4115010700,낙양동,4115010700107050003,1,대지,705,3,경기도 의정부시 낙양동 705-3,411504853656,경기도 의정부시 용민로237번길,24,14,4115010700107050003000001,,경기도 의정부시 용민로237번길 24-14,480080,11769,,,,127.097163450368,37.7499647104595
MA010120220811737105,뱅뱅바이크,,G2,소매,G213,오락용품 소매,G21305,자전거 소매업,G47632,자전거 및 기타 운송장비 소매업,41,경기도,41135,성남시 분당구,41135580,서현1동,4113510500,서현동,4113510500100810001,1,대지,81,1,경기도 성남시 분당구 서현동 81-1,411353180034,경기도 성남시 분당구 서현로,247,,4113510500100810001001765,,경기도 성남시 분당구 서현로 247,463820,13572,,1,,127.129108429158,37.3847246421005
MA010120220811813189,바이크매니아,,G2,소매,G213,오락용품 소매,G21305,자전거 소매업,G47632,자전거 및 기타 운송장비 소매업,48,경상남도,48310,거제시,48310540,아주동,4831010500,아주동,4831010500109020008,1,대지,902,8,경상남도 거제시 아주동 902-8,483102006004,경상남도 거제시 거제대로,3585,1,4831010500109020008033662,,경상남도 거제시 거제대로 3585-1,656903,53301,,,,128.693673463558,34.8781871346911
MA010120220811786070,금광산업,,G2,소매,G213,오락용품 소매,G21305,자전거 소매업,G47632,자전거 및 기타 운송장비 소매업,48,경상남도,48250,김해시,48250580,활천동,4825011800,어방동,4825011800104110008,1,대지,411,8,경상남도 김해시 어방동 411-8,482504805643,경상남도 김해시 인제로126번길,11,,4825011800104110008087109,,경상남도 김해시 인제로126번길 11,621917,50820,,1,,128.904532549431,35.2408827983534
MA010120220811822092,바이크드림,,G2,소매,G213,오락용품 소매,G21305,자전거 소매업,G47632,자전거 및 기타 운송장비 소매업,27,대구광역시,27710,달성군,27710250,화원읍,2771025026,화원읍,2771025026100120000,1,대지,12,,대구광역시 달성군 화원읍 본리리 12,277103007026,대구광역시 달성군 화원읍 비슬로,2648,,2771025026100120000019228,,대구광역시 달성군 화원읍 비슬로 2648,711838,42964,,,,128.505940819374,35.8059671971983
MA010120220811789153,신흥바이크,,G2,소매,G213,오락용품 소매,G21305,자전거 소매업,G47632,자전거 및 기타 운송장비 소매업,46,전라남도,46130,여수시,46130800,여천동,4613013500,선원동,4613013500112270003,1,대지,1227,3,전라남도 여수시 선원동 1227-3,461303282016,전라남도 여수시 도원로,157,,4613013500112270003020758,동강빌딩,전라남도 여수시 도원로 157,555800,59644,,1,,127.648606061049,34.7612140963968
MA010120220811850425,벨로만,,G2,소매,G213,오락용품 소매,G21305,자전거 소매업,G47632,자전거 및 기타 운송장비 소매업,11,서울특별시,11740,강동구,11740610,천호2동,1174010900,천호동,1174010900103260018,1,대지,326,18,서울특별시 강동구 천호동 326-18,117403124009,서울특별시 강동구 천중로,15,,1174010900103260018011221,,서울특별시 강동구 천중로 15,134868,05244,,,,127.123660112113,37.5459393300858
MA010120220811864603,제주환상전기자전거,,G2,소매,G213,오락용품 소매,G21305,자전거 소매업,G47632,자전거 및 기타 운송장비 소매업,50,제주특별자치도,50110,제주시,50110310,한경면,5011031028,한경면,5011031028105420009,1,대지,542,9,제주특별자치도 제주시 한경면 신창리 542-9,501103349206,제주특별자치도 제주시 한경면 한경해안로,565,,5011031028105420009000001,제주환상전기자전거제주바다목장,제주특별자치도 제주시 한경면 한경해안로 565,695944,63002,,1,,126.179335054829,33.3460830613662
MA010120220811829686,알톤스포츠,,G2,소매,G213,오락용품 소매,G21305,자전거 소매업,G47632,자전거 및 기타 운송장비 소매업,48,경상남도,48250,김해시,48250250,진영읍,4825025026,진영읍,4825025026116080003,1,대지,1608,3,경상남도 김해시 진영읍 진영리 1608-3,482504805664,경상남도 김해시 진영읍 장등로19번길,57,,4825025026116080003023037,,경상남도 김해시 진영읍 장등로19번길 57,621809,50862,,1,,128.728783464768,35.3084263946978
MA010120220811862077,휠앤킥청주점,,G2,소매,G213,오락용품 소매,G21305,자전거 소매업,G47632,자전거 및 기타 운송장비 소매업,43,충청북도,43114,청주시 청원구,43114520,내덕1동,4311410200,내덕동,4311410200107750009,1,대지,775,9,충청북도 청주시 청원구 내덕동 775-9,431143236019,충청북도 청주시 청원구 무심동로,648,1,4311111400107750009025373,용준빌딩,충청북도 청주시 청원구 무심동로 648-1,363808,28484,,2,,127.475179957006,36.6568746618247
MA010120220811854502,알톤자전거초장점,,G2,소매,G213,오락용품 소매,G21305,자전거 소매업,G47632,자전거 및 기타 운송장비 소매업,48,경상남도,48170,진주시,48170695,초장동,4817012200,초전동,4817012200117110009,1,대지,1711,9,경상남도 진주시 초전동 1711-9,481704797688,경상남도 진주시 초전북로51번길,20,,4817012200117110009000001,,경상남도 진주시 초전북로51번길 20,660360,52731,,1,,128.112173391852,35.2102834083665
MA010120220811836254,스마트자전거,은계점,G2,소매,G213,오락용품 소매,G21305,자전거 소매업,G47632,자전거 및 기타 운송장비 소매업,41,경기도,41390,시흥시,41390540,은행동,4139010600,은행동,4139010600106050000,1,대지,605,,경기도 시흥시 은행동 605,413903351808,경기도 시흥시 은계호수로,49,,4139011300107560000000001,시흥센트롤돔그랑트리,경기도 시흥시 은계호수로 49,429060,14923,,,,126.802055119983,37.4458716267193
MA010120220811890793,워너비바이크,,G2,소매,G213,오락용품 소매,G21305,자전거 소매업,G47632,자전거 및 기타 운송장비 소매업,27,대구광역시,27290,달서구,27290640,송현2동,2729012200,송현동,2729012200119150017,1,대지,1915,17,대구광역시 달서구 송현동 1915-17,272903007013,대구광역시 달서구 월배로,337,,2729012200119150017030367,,대구광역시 달서구 월배로 337,704826,42742,,,,128.546721558378,35.8255541508985
MA010120220811866114,러블리바이시클,,G2,소매,G213,오락용품 소매,G21305,자전거 소매업,G47632,자전거 및 기타 운송장비 소매업,41,경기도,41480,파주시,41480550,운정1동,4148012200,와동동,4148012200116060001,1,대지,1606,1,경기도 파주시 와동동 1606-1,414804418990,경기도 파주시 가람로21번길,7,45,4148012200116060001000002,,경기도 파주시 가람로21번길 7-45,413190,10870,,1,,126.750058794431,37.7340899543405
MA010120220811873274,알톤자전거,빛가람점,G2,소매,G213,오락용품 소매,G21305,자전거 소매업,G47632,자전거 및 기타 운송장비 소매업,46,전라남도,46170,나주시,46170620,빛가람동,4617013400,빛가람동,4617013400102030002,1,대지,203,2,전라남도 나주시 빛가람동 203-2,461704685290,전라남도 나주시 상야4길,22,,4617013400102030002000001,스퀘어가든,전라남도 나주시 상야4길 22,520350,58217,,1,,126.791733669674,35.0227625237032
MA010120220811873652,자탄풍,,G2,소매,G213,오락용품 소매,G21305,자전거 소매업,G47632,자전거 및 기타 운송장비 소매업,41,경기도,41150,의정부시,41150576,송산2동,4115010600,민락동,4115010600107880002,1,대지,788,2,경기도 의정부시 민락동 788-2,411504343536,경기도 의정부시 송현로82번길,69,,4115010600107880002000001,,경기도 의정부시 송현로82번길 69,480090,11813,,,,127.09172150059,37.7444641565532
MA010120220811901296,지유자전거,,G2,소매,G213,오락용품 소매,G21305,자전거 소매업,G47632,자전거 및 기타 운송장비 소매업,41,경기도,41150,의정부시,41150576,송산2동,4115010600,민락동,4115010600107380008,1,대지,738,8,경기도 의정부시 민락동 738-8,411503181035,경기도 의정부시 용민로,133,,4115010600107380008017716,,경기도 의정부시 용민로 133,480862,11809,,,,127.090684723855,37.7409511808864
MA010120220810184979,코렉스자전거,,G2,소매,G213,오락용품 소매,G21305,자전거 소매업,G47632,자전거 및 기타 운송장비 소매업,26,부산광역시,26530,사상구,26530600,덕포1동,2653010300,덕포동,2653010300104220013,1,대지,422,13,부산광역시 사상구 덕포동 422-13,265303132023,부산광역시 사상구 사상로,289,5,2653010300104220013008978,,부산광역시 사상구 사상로 289-5,617816,46950,,,,128.982329104054,35.1706124996273
MA010120220810188933,엘앤로드,,G2,소매,G213,오락용품 소매,G21305,자전거 소매업,G47632,자전거 및 기타 운송장비 소매업,26,부산광역시,26440,강서구,26440535,명지1동,2644010400,명지동,2644010400135890006,1,대지,3589,6,부산광역시 강서구 명지동 3589-6,264403350869,부산광역시 강서구 명지국제8로10번길,16,,2644010400135890006000001,케이비타워,부산광역시 강서구 명지국제8로10번길 16,618200,46726,,,,128.902765077442,35.0920971028292
MA010120220811550122,재원자전거,,G2,소매,G213,오락용품 소매,G21305,자전거 소매업,G47632,자전거 및 기타 운송장비 소매업,31,울산광역시,31170,동구,31170530,화정동,3117010200,화정동,3117010200106440052,1,대지,644,52,울산광역시 동구 화정동 644-52,311702011001,울산광역시 동구 방어진순환도로,599,1,3117010200106440052004129,,울산광역시 동구 방어진순환도로 599-1,682822,44077,,,,129.427025303377,35.4952966600225
MA010120220811577591,MRMTB,,G2,소매,G213,오락용품 소매,G21305,자전거 소매업,G47632,자전거 및 기타 운송장비 소매업,26,부산광역시,26410,금정구,26410570,부곡1동,2641010900,부곡동,2641010900103290004,1,대지,329,4,부산광역시 금정구 부곡동 329-4,264103135044,부산광역시 금정구 오시게로,80,1,2641010900103290004008086,,부산광역시 금정구 오시게로 80-1,609826,46302,,,,129.088867194028,35.2244135441035
MA010120220811554503,두발달린자전거,,G2,소매,G213,오락용품 소매,G21305,자전거 소매업,G47632,자전거 및 기타 운송장비 소매업,41,경기도,41590,화성시,41590262,남양읍,4159026221,남양읍,4159026221122570006,1,대지,2257,6,경기도 화성시 남양읍 남양리 2257-6,415904430832,경기도 화성시 남양읍 시청로45번길,3,3,4159026221116720004000003,,경기도 화성시 남양읍 시청로45번길 3-3,445851,18262,,,,126.820955496218,37.2058129021115
MA010120220811554686,인스피드자전거,,G2,소매,G213,오락용품 소매,G21305,자전거 소매업,G47632,자전거 및 기타 운송장비 소매업,27,대구광역시,27200,남구,27200590,대명4동,2720010300,대명동,2720010300130540023,1,대지,3054,23,대구광역시 남구 대명동 3054-23,272003007011,대구광역시 남구 성당로,90,1,2720010300130540023002677,,대구광역시 남구 성당로 90-1,705825,42471,,1,,128.563904274667,35.8446344352527
MA010120220811580692,울산문수스포츠,,G2,소매,G213,오락용품 소매,G21305,자전거 소매업,G47632,자전거 및 기타 운송장비 소매업,31,울산광역시,31140,남구,31140550,신정5동,3114010400,신정동,3114010400100050009,1,대지,5,9,울산광역시 남구 신정동 5-9,311403170002,울산광역시 남구 강남로,124,,3114010400100050009039174,,울산광역시 남구 강남로 124,680821,44681,,,,129.322086346733,35.5491110602046
MA010120220811580814,비치바이크,,G2,소매,G213,오락용품 소매,G21305,자전거 소매업,G47632,자전거 및 기타 운송장비 소매업,26,부산광역시,26410,금정구,26410580,부곡2동,2641010900,부곡동,2641010900102670008,1,대지,267,8,부산광역시 금정구 부곡동 267-8,264102000010,부산광역시 금정구 중앙대로,1637,,2641010900102670008000857,,부산광역시 금정구 중앙대로 1637,609822,46279,,,,129.091053771983,35.2304495095819
MA010120220811580835,삼천리자전거,대리점,G2,소매,G213,오락용품 소매,G21305,자전거 소매업,G47632,자전거 및 기타 운송장비 소매업,26,부산광역시,26410,금정구,26410590,부곡3동,2641010900,부곡동,2641010900100290014,1,대지,29,14,부산광역시 금정구 부곡동 29-14,264104205114,부산광역시 금정구 기찰로102번길,42,,2641010900100290014035581,,부산광역시 금정구 기찰로102번길 42,609817,46265,,,,129.095734246883,35.2411912835274
MA010120220811590542,진일상사,,G2,소매,G213,오락용품 소매,G21305,자전거 소매업,G47632,자전거 및 기타 운송장비 소매업,26,부산광역시,26410,금정구,26410600,장전1동,2641010800,장전동,2641010800101070011,1,대지,107,11,부산광역시 금정구 장전동 107-11,264103130022,부산광역시 금정구 금강로,373,,2641010800101070012035694,,부산광역시 금정구 금강로 373,609836,46247,,,,129.086303924731,35.2413903243503
MA010120220811590575,삼천리자전거,대리점,G2,소매,G213,오락용품 소매,G21305,자전거 소매업,G47632,자전거 및 기타 운송장비 소매업,26,부산광역시,26410,금정구,26410610,장전2동,2641010800,장전동,2641010800106510066,1,대지,651,66,부산광역시 금정구 장전동 651-66,264103130032,부산광역시 금정구 온천장로,134,,2641010800106510054002841,,부산광역시 금정구 온천장로 134,609392,46301,,1,,129.085553278325,35.2223710295582
MA010120220811591030,PRO-BIKES,,G2,소매,G213,오락용품 소매,G21305,자전거 소매업,G47632,자전거 및 기타 운송장비 소매업,26,부산광역시,26410,금정구,26410665,청룡노포동,2641010300,청룡동,2641010300100840013,1,대지,84,13,부산광역시 금정구 청룡동 84-13,264102000010,부산광역시 금정구 중앙대로,2131,,2641010300100840013002330,,부산광역시 금정구 중앙대로 2131,609843,46218,,,,129.092353216928,35.2746011059768
MA010120220811591580,신흥자전거수리점,,G2,소매,G213,오락용품 소매,G21305,자전거 소매업,G47632,자전거 및 기타 운송장비 소매업,48,경상남도,48330,양산시,48330253,물금읍,4833025324,물금읍,4833025324103850004,1,대지,385,4,경상남도 양산시 물금읍 범어리 385-4,483303338089,경상남도 양산시 물금읍 황산로,671,,4833025324103850004010800,,경상남도 양산시 물금읍 황산로 671,626813,50597,,,,129.006451051094,35.3305766515071
MA010120220811551210,새시대자전거，오토바이,,G2,소매,G213,오락용품 소매,G21305,자전거 소매업,G47632,자전거 및 기타 운송장비 소매업,31,울산광역시,31170,동구,31170550,전하1동,3117010400,전하동,3117010400103000004,1,대지,300,4,울산광역시 동구 전하동 300-4,311702011001,울산광역시 동구 방어진순환도로,855,,3117010400103000004005101,,울산광역시 동구 방어진순환도로 855,682814,44035,,,,129.431643004535,35.5176215512144
MA010120220811553827,삼천리자전거상회,,G2,소매,G213,오락용품 소매,G21305,자전거 소매업,G47632,자전거 및 기타 운송장비 소매업,31,울산광역시,31710,울주군,31710253,언양읍,3171025332,언양읍,3171025332101680003,1,대지,168,3,울산광역시 울주군 언양읍 남부리 168-3,317104319265,울산광역시 울주군 언양읍 동문길,92,,3171025332101680003012509,,울산광역시 울주군 언양읍 동문길 92,689802,44946,,,,129.124603873339,35.5637475587411
MA010120220811601141,삼천리자전거양산할인마트,,G2,소매,G213,오락용품 소매,G21305,자전거 소매업,G47632,자전거 및 기타 운송장비 소매업,48,경상남도,48330,양산시,48330510,중앙동,4833010400,북부동,4833010400104880004,1,대지,488,4,경상남도 양산시 북부동 488-4,483304814304,경상남도 양산시 북안남1길,16,1,4833010400104880004058825,,경상남도 양산시 북안남1길 16-1,626800,50619,,,,129.035747308444,35.3451087640781
MA010120220811601241,삼천리중부,대리점,G2,소매,G213,오락용품 소매,G21305,자전거 소매업,G47632,자전거 및 기타 운송장비 소매업,48,경상남도,48330,양산시,48330510,중앙동,4833010400,북부동,4833010400104840019,1,대지,484,19,경상남도 양산시 북부동 484-19,483304814304,경상남도 양산시 북안남1길,30,,4833010400104840019054862,,경상남도 양산시 북안남1길 30,626800,50619,,,,129.036237989435,35.3462539579668
MA010120220811614037,민바이크,,G2,소매,G213,오락용품 소매,G21305,자전거 소매업,G47632,자전거 및 기타 운송장비 소매업,26,부산광역시,26410,금정구,26410635,선두구동,2641010100,두구동,2641010100106570000,1,대지,657,,부산광역시 금정구 두구동 657,264104205440,부산광역시 금정구 체육공원로537번길,39,,2641010100106570000000001,,부산광역시 금정구 체육공원로537번길 39,609370,46206,,,,129.107507584206,35.2899005853464
MA010120220811624017,민바이크,정관점,G2,소매,G213,오락용품 소매,G21305,자전거 소매업,G47632,자전거 및 기타 운송장비 소매업,26,부산광역시,26710,기장군,26710256,정관읍,2671025621,정관읍,2671025621102880008,1,대지,288,8,부산광역시 기장군 정관읍 방곡리 288-8,267104220245,부산광역시 기장군 정관읍 정관덕산2길,18,2,2671032021102880008004855,,부산광역시 기장군 정관읍 정관덕산2길 18-2,619961,46022,,,,129.18291892268,35.3223815638042
MA010120220811604623,하늘을나는자전거,,G2,소매,G213,오락용품 소매,G21305,자전거 소매업,G47632,자전거 및 기타 운송장비 소매업,48,경상남도,48330,양산시,48330253,물금읍,4833025321,물금읍,4833025321108810012,1,대지,881,12,경상남도 양산시 물금읍 물금리 881-12,483303338089,경상남도 양산시 물금읍 황산로,332,,4833025321108810012000001,,경상남도 양산시 물금읍 황산로 332,626812,50657,,1,,128.987313400126,35.3066157625401
MA010120220811619254,알톤자전거양산,직영점,G2,소매,G213,오락용품 소매,G21305,자전거 소매업,G47632,자전거 및 기타 운송장비 소매업,48,경상남도,48330,양산시,48330310,동면,4833031027,동면,4833031027114080027,1,대지,1408,27,경상남도 양산시 동면 금산리 1408-27,483304814974,경상남도 양산시 동면 금오2길,45,,4833031027114080027000001,,경상남도 양산시 동면 금오2길 45,626821,50639,,1,,129.024682337155,35.3124659146891
MA010120220811600358,알톤자전거,양산점,G2,소매,G213,오락용품 소매,G21305,자전거 소매업,G47632,자전거 및 기타 운송장비 소매업,48,경상남도,48330,양산시,48330253,물금읍,4833025324,물금읍,4833025324127120001,1,대지,2712,1,경상남도 양산시 물금읍 범어리 2712-1,483303338057,경상남도 양산시 물금읍 신주로,66,,4833025324114690000010469,양산신도시현진에버빌,경상남도 양산시 물금읍 신주로 66,626774,50607,,1,,129.017467832419,35.3313935157782
MA010120220811609810,조은바이크,,G2,소매,G213,오락용품 소매,G21305,자전거 소매업,G47632,자전거 및 기타 운송장비 소매업,26,부산광역시,26470,연제구,26470630,거제3동,2647010100,거제동,2647010100106020014,1,대지,602,14,부산광역시 연제구 거제동 602-14,264703137001,부산광역시 연제구 거제시장로,19,,2647010100106020014014386,,부산광역시 연제구 거제시장로 19,611804,47546,,,,129.071347466216,35.1810537979607
MA010120220811613309,럭스바이크,,G2,소매,G213,오락용품 소매,G21305,자전거 소매업,G47632,자전거 및 기타 운송장비 소매업,26,부산광역시,26410,금정구,26410555,금사회동동,2641011100,금사동,2641011100101180013,1,대지,118,13,부산광역시 금정구 금사동 118-13,264103006022,부산광역시 금정구 삼어로,228,,2641011100101180013012094,,부산광역시 금정구 삼어로 228,609809,46334,,,,129.114770031713,35.2153937411629
MA010120220811592299,프리바이크,,G2,소매,G213,오락용품 소매,G21305,자전거 소매업,G47632,자전거 및 기타 운송장비 소매업,48,경상남도,48330,양산시,48330253,물금읍,4833025321,물금읍,4833025321107720015,1,대지,772,15,경상남도 양산시 물금읍 물금리 772-15,483304814248,경상남도 양산시 물금읍 물금중앙길,35,,4833025321107720015014187,,경상남도 양산시 물금읍 물금중앙길 35,626812,50603,,1,,128.982857219069,35.3091581069918
MA010120220811600841,알톤자전거,,G2,소매,G213,오락용품 소매,G21305,자전거 소매업,G47632,자전거 및 기타 운송장비 소매업,48,경상남도,48330,양산시,48330253,물금읍,4833025323,물금읍,4833025323112690015,1,대지,1269,15,경상남도 양산시 물금읍 가촌리 1269-15,483303338111,경상남도 양산시 물금읍 백호로,74,,4833025323112690015000001,지오플러스,경상남도 양산시 물금읍 백호로 74,626811,50613,,1,,129.002316860697,35.3176686410344
MA010120220811592468,삼천리자전거남산동,대리점,G2,소매,G213,오락용품 소매,G21305,자전거 소매업,G47632,자전거 및 기타 운송장비 소매업,26,부산광역시,26410,금정구,26410670,남산동,2641010400,남산동,2641010400101050006,1,대지,105,6,부산광역시 금정구 남산동 105-6,264102000010,부산광역시 금정구 중앙대로,2041,,2641010400101050006012039,,부산광역시 금정구 중앙대로 2041,609814,46224,,,,129.092313367823,35.2666447178461
MA010120220811688072,서초방배삼천리,,G2,소매,G213,오락용품 소매,G21305,자전거 소매업,G47632,자전거 및 기타 운송장비 소매업,11,서울특별시,11650,서초구,11650621,방배4동,1165010100,방배동,1165010100108680013,1,대지,868,13,서울특별시 서초구 방배동 868-13,116502121002,서울특별시 서초구 서초대로,57,,1165010100108680013009835,,서울특별시 서초구 서초대로 57,137838,06570,,,,126.988636549284,37.4864291730377
MA010120220811654369,퀸MTB,,G2,소매,G213,오락용품 소매,G21305,자전거 소매업,G47632,자전거 및 기타 운송장비 소매업,31,울산광역시,31200,북구,31200590,염포동,3120012700,염포동,3120012700109970006,1,대지,997,6,울산광역시 북구 염포동 997-6,312002011001,울산광역시 북구 방어진순환도로,1425,,3120012700109970006005486,,울산광역시 북구 방어진순환도로 1425,683807,44263,,,,129.399968761626,35.5242842615733
MA010120220811657007,김해자전차점,,G2,소매,G213,오락용품 소매,G21305,자전거 소매업,G47632,자전거 및 기타 운송장비 소매업,48,경상남도,48250,김해시,48250370,대동면,4825037025,대동면,4825037025100130475,1,대지,13,475,경상남도 김해시 대동면 초정리 13-475,482504805308,경상남도 김해시 대동면 동남로49번길,7,32,4825037025100130475091435,,경상남도 김해시 대동면 동남로49번길 7-32,621899,50808,,,,128.993400983857,35.2370090810354
MA010120220811647647,삼천리자전거,,G2,소매,G213,오락용품 소매,G21305,자전거 소매업,G47632,자전거 및 기타 운송장비 소매업,26,부산광역시,26440,강서구,26440520,대저2동,2644010200,대저2동,2644010200120610001,1,대지,2061,1,부산광역시 강서구 대저2동 2061-1,264404208101,부산광역시 강서구 공항앞길,28,,2644010200120610001016690,,부산광역시 강서구 공항앞길 28,618807,46720,,,,128.953360669002,35.1800139585974
MA010120220811654713,삼천리자전거,대리점,G2,소매,G213,오락용품 소매,G21305,자전거 소매업,G47632,자전거 및 기타 운송장비 소매업,48,경상남도,48250,김해시,48250580,활천동,4825011800,어방동,4825011800103620020,1,대지,362,20,경상남도 김해시 어방동 362-20,482503335051,경상남도 김해시 인제로,131,,4825011800103620020087129,,경상남도 김해시 인제로 131,621917,50837,,1,,128.903937101613,35.2403154148817
MA010120220811648181,삼천리자전거남양산,대리점,G2,소매,G213,오락용품 소매,G21305,자전거 소매업,G47632,자전거 및 기타 운송장비 소매업,48,경상남도,48330,양산시,48330310,동면,4833031026,동면,4833031026114530006,1,대지,1453,6,경상남도 양산시 동면 석산리 1453-6,483304814913,경상남도 양산시 동면 금오16길,16,,4833031026114530006000001,,경상남도 양산시 동면 금오16길 16,626821,50650,,,,129.027120073146,35.3176336929334
MA010120220811670150,퍼스널휠스,,G2,소매,G213,오락용품 소매,G21305,자전거 소매업,G47632,자전거 및 기타 운송장비 소매업,11,서울특별시,11680,강남구,11680640,역삼1동,1168010100,역삼동,1168010100107920014,1,대지,792,14,서울특별시 강남구 역삼동 792-14,116804166192,서울특별시 강남구 논현로71길,43,1,1168010100107920014025590,,서울특별시 강남구 논현로71길 43-1,135930,06249,,,,127.036151820559,37.4939205715635
MA010120220811652873,경남자전거,,G2,소매,G213,오락용품 소매,G21305,자전거 소매업,G47632,자전거 및 기타 운송장비 소매업,48,경상남도,48250,김해시,48250530,부원동,4825010300,부원동,4825010300108380009,1,대지,838,9,경상남도 김해시 부원동 838-9,482504805023,경상남도 김해시 가락로49번길,5,,4825010300108380009088196,점포,경상남도 김해시 가락로49번길 5,621907,50920,,,,128.881375417036,35.2308274136071
MA010120220811660804,지게차데포,,G2,소매,G213,오락용품 소매,G21305,자전거 소매업,G47632,자전거 및 기타 운송장비 소매업,51,강원특별자치도,51130,원주시,51130310,소초면,5113031025,소초면,5113031025104860004,1,대지,486,4,강원특별자치도 원주시 소초면 수암리 486-4,511304457231,강원특별자치도 원주시 소초면 바우실길,76,,4213031025104860004000001,,강원특별자치도 원주시 소초면 바우실길 76,220833,26308,,,,127.995388433417,37.3940936884254
MA010120220811655527,삼광자전차,,G2,소매,G213,오락용품 소매,G21305,자전거 소매업,G47632,자전거 및 기타 운송장비 소매업,48,경상남도,48250,김해시,48250540,내외동,4825010900,외동,4825010900107010013,1,대지,701,13,경상남도 김해시 외동 701-13,482502335002,경상남도 김해시 금관대로,1185,,4825010900107010013084770,,경상남도 김해시 금관대로 1185,621920,50894,,,,128.852485970223,35.2330935385154
MA010120220811693849,삼천리자전거광명,신촌점,G2,소매,G213,오락용품 소매,G21305,자전거 소매업,G47632,자전거 및 기타 운송장비 소매업,41,경기도,41210,광명시,41210640,소하1동,4121010400,소하동,4121010400113650000,1,대지,1365,,경기도 광명시 소하동 1365,412103187057,경기도 광명시 하안로,108,,4121010400113650000000001,에이스광명타워,경기도 광명시 하안로 108,423798,14319,,1,,126.892198865434,37.4477722289053
MA010120220811730277,에듀바이크,,G2,소매,G213,오락용품 소매,G21305,자전거 소매업,G47632,자전거 및 기타 운송장비 소매업,41,경기도,41171,안양시 만안구,41171611,충훈동,4117110200,석수동,4117110200107700008,1,대지,770,8,경기도 안양시 만안구 석수동 770-8,411714346126,경기도 안양시 만안구 석수로166번길,30,,4117110200107700008004220,,경기도 안양시 만안구 석수로166번길 30,430811,13975,,1,,126.897658488446,37.4053932443503
MA010120220811705982,제이에스마린,,G2,소매,G213,오락용품 소매,G21305,자전거 소매업,G47632,자전거 및 기타 운송장비 소매업,48,경상남도,48820,고성군,48820310,삼산면,4882031021,삼산면,4882031021103130007,1,대지,313,7,경상남도 고성군 삼산면 병산리 313-7,488203342004,경상남도 고성군 삼산면 공룡로,2494,24,4882031021103130007015873,,경상남도 고성군 삼산면 공룡로 2494-24,638912,52958,,,,128.299340458891,34.9340745525898
MA010120220811706103,바이크메익스미해피,,G2,소매,G213,오락용품 소매,G21305,자전거 소매업,G47632,자전거 및 기타 운송장비 소매업,11,서울특별시,11440,마포구,11440655,서강동,1144011500,상수동,1144011500103300002,1,대지,330,2,서울특별시 마포구 상수동 330-2,114403113005,서울특별시 마포구 독막로,92,3,1144011500103300002009459,일부외,서울특별시 마포구 독막로 92-3,121829,04075,,1,,126.923695374695,37.5474390446975
MA010120220811734758,에디스바이크샵,순천점,G2,소매,G213,오락용품 소매,G21305,자전거 소매업,G47632,자전거 및 기타 운송장비 소매업,46,전라남도,46150,순천시,46150570,덕연동,4615011400,연향동,4615011400116000003,1,대지,1600,3,전라남도 순천시 연향동 1600-3,461504649847,전라남도 순천시 율산길,14,,4615011400116000003000001,,전라남도 순천시 율산길 14,540976,58003,,1,,127.524224514204,34.9410910487764
MA010120220812888951,유어스포츠,,G2,소매,G213,오락용품 소매,G21305,자전거 소매업,G47632,자전거 및 기타 운송장비 소매업,43,충청북도,43113,청주시 흥덕구,43113747,가경동,4311311300,가경동,4311311300117680000,1,대지,1768,,충청북도 청주시 흥덕구 가경동 1768,431133237047,충청북도 청주시 흥덕구 서현북로,10,,4311311300117680000000001,,충청북도 청주시 흥덕구 서현북로 10,361260,28383,,,,127.426035208388,36.6181407691662
MA010120220812795257,루비랩,,G2,소매,G213,오락용품 소매,G21305,자전거 소매업,G47632,자전거 및 기타 운송장비 소매업,11,서울특별시,11650,서초구,11650560,반포1동,1165010700,반포동,1165010700107040002,1,대지,704,2,서울특별시 서초구 반포동 704-2,116503121017,서울특별시 서초구 신반포로,320,3,1165010700107040002018616,,서울특별시 서초구 신반포로 320-3,137808,06534,,,,127.019012923558,37.5100886171945
MA010120220812843923,윤메디케어,,G2,소매,G213,오락용품 소매,G21305,자전거 소매업,G47632,자전거 및 기타 운송장비 소매업,48,경상남도,48170,진주시,48170330,금곡면,4817033024,금곡면,4817033024110610002,1,대지,1061,2,경상남도 진주시 금곡면 정자리 1061-2,481703332043,경상남도 진주시 금곡면 월아산로,616,,4817033024110610000051556,,경상남도 진주시 금곡면 월아산로 616,660833,52842,,,,128.171969056285,35.1307389130115
MA010120220812875613,산내자전거,,G2,소매,G213,오락용품 소매,G21305,자전거 소매업,G47632,자전거 및 기타 운송장비 소매업,30,대전광역시,30110,동구,30110740,산내동,3011013600,낭월동,3011013600106000000,1,대지,600,,대전광역시 동구 낭월동 600,301103000089,대전광역시 동구 산내로,1289,,3011013600106000000000001,,대전광역시 동구 산내로 1289,300220,34705,,,,127.468681771513,36.2787580750168
MA010120220812801653,바이크컴퍼니,,G2,소매,G213,오락용품 소매,G21305,자전거 소매업,G47632,자전거 및 기타 운송장비 소매업,48,경상남도,48330,양산시,48330253,물금읍,4833025323,물금읍,4833025323112490009,1,대지,1249,9,경상남도 양산시 물금읍 가촌리 1249-9,483304814970,경상남도 양산시 물금읍 백호1길,36,,4833025323112490009000001,,경상남도 양산시 물금읍 백호1길 36,626811,50613,,1,,128.995733918869,35.3191292429593
MA010120220812899565,더바이크샵,오창점,G2,소매,G213,오락용품 소매,G21305,자전거 소매업,G47632,자전거 및 기타 운송장비 소매업,43,충청북도,43114,청주시 청원구,43114253,오창읍,4311425346,오창읍,4311425346104090014,1,대지,409,14,충청북도 청주시 청원구 오창읍 구룡리 409-14,431143240011,충청북도 청주시 청원구 오창읍 구룡택지1로,24,,4371025346104090014000001,,충청북도 청주시 청원구 오창읍 구룡택지1로 24,363884,28121,,1,,127.414955143072,36.7115455825246
MA010120220812892290,런앤,,G2,소매,G213,오락용품 소매,G21305,자전거 소매업,G47632,자전거 및 기타 운송장비 소매업,11,서울특별시,11560,영등포구,11560535,영등포동,1156010800,영등포동7가,1156010800100940064,1,대지,94,64,서울특별시 영등포구 영등포동7가 94-64,115604154411,서울특별시 영등포구 버드나루로12길,8,,1156010800100940064033526,층,서울특별시 영등포구 버드나루로12길 8,150030,07248,,1,,126.910629238296,37.5251391311737
MA010120220812904563,대능모형,,G2,소매,G213,오락용품 소매,G21305,자전거 소매업,G47632,자전거 및 기타 운송장비 소매업,11,서울특별시,11560,영등포구,11560585,도림동,1156011800,도림동,1156011800101470028,1,대지,147,28,서울특별시 영등포구 도림동 147-28,115604154209,서울특별시 영등포구 도림로108길,12,,1156011800101470028027084,,서울특별시 영등포구 도림로108길 12,150830,07370,,1,,126.902303319538,37.507580993498
MA010120220812944286,아인자전거,,G2,소매,G213,오락용품 소매,G21305,자전거 소매업,G47632,자전거 및 기타 운송장비 소매업,41,경기도,41590,화성시,41590588,동탄4동,4159013000,청계동,4159013000105310002,1,대지,531,2,경기도 화성시 청계동 531-2,415904852353,경기도 화성시 동탄대로시범길,185,,4159013000105100031000004,중앙프라자,경기도 화성시 동탄대로시범길 185,445140,18476,,,,127.10927477195,37.2015367212297
MA010120220812871435,앤드류바이크,,G2,소매,G213,오락용품 소매,G21305,자전거 소매업,G47632,자전거 및 기타 운송장비 소매업,11,서울특별시,11215,광진구,11215830,자양2동,1121510500,자양동,1121510500106000002,1,대지,600,2,서울특별시 광진구 자양동 600-2,112154112483,서울특별시 광진구 자양번영로4길,8,,1121510500106000002012464,솔빌딩,서울특별시 광진구 자양번영로4길 8,143865,05098,,1,,127.075767835869,37.5313835722517
MA010120220812913473,세븐바이크,,G2,소매,G213,오락용품 소매,G21305,자전거 소매업,G47632,자전거 및 기타 운송장비 소매업,41,경기도,41465,용인시 수지구,41465540,죽전1동,4146510200,죽전동,4146510200112080001,1,대지,1208,1,경기도 용인시 수지구 죽전동 1208-1,414653205022,경기도 용인시 수지구 현암로,82,,4146510200112080001027731,대명제스트,경기도 용인시 수지구 현암로 82,448809,16880,,1,,127.118398986805,37.3312508677964
MA010120220812869414,아이투아이,,G2,소매,G213,오락용품 소매,G21305,자전거 소매업,G47632,자전거 및 기타 운송장비 소매업,31,울산광역시,31200,북구,31200560,효문동,3120012200,연암동,3120012200102890014,1,대지,289,14,울산광역시 북구 연암동 289-14,312004316236,울산광역시 북구 연암2길,90,,3120012200102890014001677,,울산광역시 북구 연암2길 90,683805,44245,,,,129.370681588588,35.5867297733609
MA010120220812880111,엘림자전거,,G2,소매,G213,오락용품 소매,G21305,자전거 소매업,G47632,자전거 및 기타 운송장비 소매업,41,경기도,41450,하남시,41450580,감북동,4145011300,감북동,4145011300104040000,1,대지,404,,경기도 하남시 감북동 404,414504406129,경기도 하남시 서하남로47번길,8,,4145011300104040000010439,,경기도 하남시 서하남로47번길 8,465819,12991,,1,,127.14974097066,37.5165094890955
MA010120220812907650,자전거대통령,계산점,G2,소매,G213,오락용품 소매,G21305,자전거 소매업,G47632,자전거 및 기타 운송장비 소매업,41,경기도,41192,부천시 원미구,41192610,약대동,4119210500,약대동,4119210500101960000,1,대지,196,,경기도 부천시 원미구 약대동 196,411923184002,경기도 부천시 원미구 도약로,177,,4119510500101960000000011,두산위브트레지움1단지,경기도 부천시 원미구 도약로 177,420744,14514,,지,,126.769038105384,37.5107293112344
MA010120220812917869,문경자전거,,G2,소매,G213,오락용품 소매,G21305,자전거 소매업,G47632,자전거 및 기타 운송장비 소매업,47,경상북도,47280,문경시,47280610,점촌5동,4728011000,모전동,4728011000108830008,1,대지,883,8,경상북도 문경시 모전동 883-8,472803018038,경상북도 문경시 당교로,201,,4728011000108830008026012,,경상북도 문경시 당교로 201,745883,36983,,1,,128.185099609012,36.5853095166555
MA010120220812835653,엠티비아카데미나인,,G2,소매,G213,오락용품 소매,G21305,자전거 소매업,G47632,자전거 및 기타 운송장비 소매업,11,서울특별시,11440,마포구,11440630,신수동,1144011200,현석동,1144011200100480002,1,대지,48,2,서울특별시 마포구 현석동 48-2,114403113013,서울특별시 마포구 신수로,21,,1144011200100480002008389,,서울특별시 마포구 신수로 21,121854,04092,,1,,126.934064238966,37.5436971340129
MA010120220812872051,한결글로비즈,,G2,소매,G213,오락용품 소매,G21305,자전거 소매업,G47632,자전거 및 기타 운송장비 소매업,11,서울특별시,11710,송파구,11710632,가락2동,1171010700,가락동,1171010700101230000,1,대지,123,,서울특별시 송파구 가락동 123,117103123016,서울특별시 송파구 중대로,150,,1171010700101230000005077,백암빌딩,서울특별시 송파구 중대로 150,138807,05828,,,,127.12439109424,37.4955004477675
MA010120220812907918,오럼바이크,,G2,소매,G213,오락용품 소매,G21305,자전거 소매업,G47632,자전거 및 기타 운송장비 소매업,31,울산광역시,31110,중구,31110520,반구1동,3111011800,반구동,3111011800108730005,1,대지,873,5,울산광역시 중구 반구동 873-5,311103169028,울산광역시 중구 염포로,60,,3111011800108730005022781,,울산광역시 중구 염포로 60,681808,44498,,1,,129.347744148347,35.5604988651016
MA010120220812803327,효원MTB,,G2,소매,G213,오락용품 소매,G21305,자전거 소매업,G47632,자전거 및 기타 운송장비 소매업,41,경기도,41117,수원시 영통구,41117580,영통2동,4111710500,영통동,4111710500109760003,1,대지,976,3,경기도 수원시 영통구 영통동 976-3,411173012001,경기도 수원시 영통구 덕영대로,1525,,4111710500109760003000655,성모빌딩,경기도 수원시 영통구 덕영대로 1525,443812,16698,,1,,127.057808588391,37.2462199515736
MA010120220812827852,진영알톤자전거,,G2,소매,G213,오락용품 소매,G21305,자전거 소매업,G47632,자전거 및 기타 운송장비 소매업,48,경상남도,48250,김해시,48250250,진영읍,4825025026,진영읍,4825025026103260002,1,대지,326,2,경상남도 김해시 진영읍 진영리 326-2,482504805220,경상남도 김해시 진영읍 김해대로334번길,14,,4825025026103260002032989,,경상남도 김해시 진영읍 김해대로334번길 14,621808,50866,,,,128.726161366325,35.30558001881
MA010120220813083839,알톤자전거첨단2지구점,,G2,소매,G213,오락용품 소매,G21305,자전거 소매업,G47632,자전거 및 기타 운송장비 소매업,29,광주광역시,29170,북구,29170697,신용동,2917013000,신용동,2917013000106930000,1,대지,693,,광주광역시 북구 신용동 693,291704286831,광주광역시 북구 첨단연신로91번길,38,,2917012900106930000000001,제이타워,광주광역시 북구 첨단연신로91번길 38,500832,61087,,,,126.860144408392,35.2065499105132
MA010120220813034192,옥길삼천리,,G2,소매,G213,오락용품 소매,G21305,자전거 소매업,G47632,자전거 및 기타 운송장비 소매업,41,경기도,41194,부천시 소사구,41194560,옥길동,4119410600,옥길동,4119410600104820002,1,대지,482,2,경기도 부천시 소사구 옥길동 482-2,411943185011,경기도 부천시 소사구 옥길로,169,,4119710600104820002000001,,경기도 부천시 소사구 옥길로 169,422080,14785,,,,126.825693981089,37.4712543022381
MA010120220813091354,알톤자전거여좌점,,G2,소매,G213,오락용품 소매,G21305,자전거 소매업,G47632,자전거 및 기타 운송장비 소매업,48,경상남도,48129,창원시 진해구,48129540,여좌동,4812913700,여좌동,4812913700107970007,1,대지,797,7,경상남도 창원시 진해구 여좌동 797-7,481293331067,경상남도 창원시 진해구 충장로,145,,4812913700107970007015405,,경상남도 창원시 진해구 충장로 145,645806,51694,,,,128.668051018752,35.1522689947251
MA010120220813045272,아이엠바이크,,G2,소매,G213,오락용품 소매,G21305,자전거 소매업,G47632,자전거 및 기타 운송장비 소매업,31,울산광역시,31110,중구,31110555,복산동,3111010300,복산동,3111010300100300031,1,대지,30,31,울산광역시 중구 복산동 30-31,311103169026,울산광역시 중구 번영로,460,,3111010300100300031016916,,울산광역시 중구 번영로 460,681809,44511,,,,129.334415743973,35.5628933096926
MA010120220813110512,보은바이크,,G2,소매,G213,오락용품 소매,G21305,자전거 소매업,G47632,자전거 및 기타 운송장비 소매업,43,충청북도,43720,보은군,43720250,보은읍,4372025031,보은읍,4372025031101180021,1,대지,118,21,충청북도 보은군 보은읍 이평리 118-21,437203241009,충청북도 보은군 보은읍 뱃들로,25,,4372025031101180021001161,,충청북도 보은군 보은읍 뱃들로 25,376806,28937,,,,127.72600978629,36.4886762472227
MA010120220813017285,포디엄,,G2,소매,G213,오락용품 소매,G21305,자전거 소매업,G47632,자전거 및 기타 운송장비 소매업,48,경상남도,48250,김해시,48250630,장유3동,4825013100,율하동,4825013100113090008,1,대지,1309,8,경상남도 김해시 율하동 1309-8,482504805929,경상남도 김해시 율하3로7번길,36,,4825031029113090008000001,,경상남도 김해시 율하3로7번길 36,621320,51019,,,,128.810065949038,35.1702188616219
MA010120220813072702,싸이클러리,,G2,소매,G213,오락용품 소매,G21305,자전거 소매업,G47632,자전거 및 기타 운송장비 소매업,30,대전광역시,30140,중구,30140710,유천2동,3014011500,유천동,3014011500102090010,1,대지,209,10,대전광역시 중구 유천동 209-10,301403165035,대전광역시 중구 유천로,75,,3014011500102090010008298,,대전광역시 중구 유천로 75,301842,34891,,,,127.396952648324,36.3192284259804
MA010120220813045978,창원바이크아카데미,,G2,소매,G213,오락용품 소매,G21305,자전거 소매업,G47632,자전거 및 기타 운송장비 소매업,48,경상남도,48123,창원시 성산구,48123515,용지동,4812313600,신월동,4812313600100350016,1,대지,35,16,경상남도 창원시 성산구 신월동 35-16,481233327032,경상남도 창원시 성산구 신월로,31,,4812112600100350016032353,,경상남도 창원시 성산구 신월로 31,641837,51440,,,,128.6917785396,35.2292197186214
MA010120220812983569,제이제이벨로,,G2,소매,G213,오락용품 소매,G21305,자전거 소매업,G47632,자전거 및 기타 운송장비 소매업,11,서울특별시,11500,강서구,11500620,공항동,1150010800,공항동,1150010800106710003,1,대지,671,3,서울특별시 강서구 공항동 671-3,115004145360,서울특별시 강서구 방화대로7길,13,,1150010800106710003007893,번째가게,서울특별시 강서구 방화대로7길 13,157818,07628,,1,,126.815446444331,37.5561942962865
MA010120220813038803,알톤자전거동대구센터,,G2,소매,G213,오락용품 소매,G21305,자전거 소매업,G47632,자전거 및 기타 운송장비 소매업,27,대구광역시,27140,동구,27140670,방촌동,2714011100,방촌동,2714011100111130123,1,대지,1113,123,대구광역시 동구 방촌동 1113-123,271403142010,대구광역시 동구 동촌로,296,,2714011100111130123033512,지,대구광역시 동구 동촌로 296,701804,41165,,1,,128.671871966231,35.878919411501
MA010120220813076850,PJ바이크,,G2,소매,G213,오락용품 소매,G21305,자전거 소매업,G47632,자전거 및 기타 운송장비 소매업,48,경상남도,48127,창원시 마산회원구,48127550,회성동,4812710700,회성동,4812710700102090021,1,대지,209,21,경상남도 창원시 마산회원구 회성동 209-21,481273330034,경상남도 창원시 마산회원구 북성로,352,,4812710700102090021019432,P,경상남도 창원시 마산회원구 북성로 352,630825,51306,,1,,128.559178287564,35.234028934064
MA010120220813013162,오트라이애슬론클럽,,G2,소매,G213,오락용품 소매,G21305,자전거 소매업,G47632,자전거 및 기타 운송장비 소매업,48,경상남도,48840,남해군,48840350,남면,4884035024,남면,4884035024101260002,1,대지,126,2,경상남도 남해군 남면 선구리 126-2,488403343046,경상남도 남해군 남면 남면로,946,3,4884035024101260002000001,,경상남도 남해군 남면 남면로 946-3,668863,52435,,,,127.873042082577,34.7283533878623
MA010120220812968676,스카이벨로,,G2,소매,G213,오락용품 소매,G21305,자전거 소매업,G47632,자전거 및 기타 운송장비 소매업,11,서울특별시,11440,마포구,11440700,망원2동,1144012300,망원동,1144012300104360043,1,대지,436,43,서울특별시 마포구 망원동 436-43,114404139219,서울특별시 마포구 방울내로7길,17,,1144012300104360043014691,우측,서울특별시 마포구 방울내로7길 17,121824,03960,,1,,126.902120898542,37.5606407658616
MA010120220813039336,혁신삼천리자전거,,G2,소매,G213,오락용품 소매,G21305,자전거 소매업,G47632,자전거 및 기타 운송장비 소매업,52,전북특별자치도,52710,완주군,52710330,이서면,5271033024,이서면,5271033024106620006,1,대지,662,6,전북특별자치도 완주군 이서면 갈산리 662-6,527103016078,전북특별자치도 완주군 이서면 기지로,51,,4571033024106620006000001,,전북특별자치도 완주군 이서면 기지로 51,565851,55365,,1,,127.057644453616,35.8387023488563
MA010120220813258318,피니셔클럽,,G2,소매,G213,오락용품 소매,G21305,자전거 소매업,G47632,자전거 및 기타 운송장비 소매업,11,서울특별시,11140,중구,11140590,광희동,1114014900,을지로7가,1114014900101430000,1,대지,143,,서울특별시 중구 을지로7가 143,111403101006,서울특별시 중구 을지로,281,,1114014900100020001000003,동대문디자인프라자,서울특별시 중구 을지로 281,100197,04566,,1,,127.010911744526,37.5680149429348
MA010120220813148405,알톤자전거스포츠,,G2,소매,G213,오락용품 소매,G21305,자전거 소매업,G47632,자전거 및 기타 운송장비 소매업,41,경기도,41450,하남시,41450530,신장2동,4145010600,신장동,4145010600105890003,1,대지,589,3,경기도 하남시 신장동 589-3,414503202031,경기도 하남시 신장동로,37,,4145010600105890003000001,덕풍프라자,경기도 하남시 신장동로 37,465032,12948,,1,,127.211645206827,37.5433817157292
MA010120220813172695,에스앰바이크,,G2,소매,G213,오락용품 소매,G21305,자전거 소매업,G47632,자전거 및 기타 운송장비 소매업,46,전라남도,46130,여수시,46130790,시전동,4613013400,웅천동,4613013400116490004,1,대지,1649,4,전라남도 여수시 웅천동 1649-4,461304646750,전라남도 여수시 웅남1길,20,64,4613013400116490004000001,,전라남도 여수시 웅남1길 20-64,555030,59691,,1,,127.676066074327,34.7519606102999
MA010120220813218706,더커넥트,,G2,소매,G213,오락용품 소매,G21305,자전거 소매업,G47632,자전거 및 기타 운송장비 소매업,28,인천광역시,28185,연수구,28185766,청학동,2818510400,청학동,2818510400104550000,1,대지,455,,인천광역시 연수구 청학동 455,281854256196,인천광역시 연수구 청능대로23번길,11,,2818510400104550000182811,하나타운1차,인천광역시 연수구 청능대로23번길 11,406790,21915,,3,,126.668984005716,37.4186606050335
MA010120220813216811,삼천리자전거신대점,,G2,소매,G213,오락용품 소매,G21305,자전거 소매업,G47632,자전거 및 기타 운송장비 소매업,46,전라남도,46150,순천시,46150310,해룡면,4615031022,해룡면,4615031022119770005,1,대지,1977,5,전라남도 순천시 해룡면 신대리 1977-5,461504650209,전라남도 순천시 해룡면 신대1길,4,15,4615031022119770005000001,,전라남도 순천시 해룡면 신대1길 4-15,540853,58012,,,,127.547704252156,34.9344885218507
MA010120220813258227,스위스플라이어,코리아,G2,소매,G213,오락용품 소매,G21305,자전거 소매업,G47632,자전거 및 기타 운송장비 소매업,11,서울특별시,11650,서초구,11650652,양재2동,1165010200,양재동,1165010200102020000,1,대지,202,,서울특별시 서초구 양재동 202,116504163198,서울특별시 서초구 바우뫼로12길,70,,1165010200102020000003684,컨벤션센터,서울특별시 서초구 바우뫼로12길 70,137915,06769,,1,,127.033064735504,37.4682877705551
MA010120220813157222,성진테크,,G2,소매,G213,오락용품 소매,G21305,자전거 소매업,G47632,자전거 및 기타 운송장비 소매업,41,경기도,41590,화성시,41590590,동탄5동,4159013100,영천동,4159013100107010011,1,대지,701,11,경기도 화성시 영천동 701-11,415904852414,경기도 화성시 지산2길,4,19,4159013100106511278000002,,경기도 화성시 지산2길 4-19,445130,18473,,,,127.112479758323,37.2055343876429
MA010120220813265672,상동코렉스자전거,,G2,소매,G213,오락용품 소매,G21305,자전거 소매업,G47632,자전거 및 기타 운송장비 소매업,52,전북특별자치도,52180,정읍시,52180535,내장상동,5218010300,상동,5218010300103120040,1,대지,312,40,전북특별자치도 정읍시 상동 312-40,521803270044,전북특별자치도 정읍시 충정로,73,1,4518010300103120040079727,,전북특별자치도 정읍시 충정로 73-1,580800,56190,,,,126.868500163114,35.560167293234
MA010120220813269642,산들로바이크,,G2,소매,G213,오락용품 소매,G21305,자전거 소매업,G47632,자전거 및 기타 운송장비 소매업,41,경기도,41281,고양시 덕양구,41281630,행주동,4128112500,행주내동,4128112500101930005,1,대지,193,5,경기도 고양시 덕양구 행주내동 193-5,412813192073,경기도 고양시 덕양구 행주로,88,2,4128112500101930005000001,,경기도 고양시 덕양구 행주로 88-2,412230,10439,,1,,126.824337493656,37.6062760177893
MA010120220813151929,어반플레이,,G2,소매,G213,오락용품 소매,G21305,자전거 소매업,G47632,자전거 및 기타 운송장비 소매업,50,제주특별자치도,50110,제주시,50110640,오라동,5011012000,오라이동,5011012000131700000,1,대지,3170,,제주특별자치도 제주시 오라이동 3170,501103349136,제주특별자치도 제주시 연북로,210,,5011012000131700000000001,,제주특별자치도 제주시 연북로 210,690162,63147,,,,126.50365273965,33.481285218225
MA010120220813206379,타고MTB,,G2,소매,G213,오락용품 소매,G21305,자전거 소매업,G47632,자전거 및 기타 운송장비 소매업,27,대구광역시,27230,북구,27230780,동천동,2723012400,동천동,2723012400109280004,1,대지,928,4,대구광역시 북구 동천동 928-4,272304235452,대구광역시 북구 팔거천동로34길,2,12,2723012400109280004001434,,대구광역시 북구 팔거천동로34길 2-12,702886,41427,,,,128.557730872745,35.9380282105802
MA010120220813130394,삼천리자전거풍무,대리점,G2,소매,G213,오락용품 소매,G21305,자전거 소매업,G47632,자전거 및 기타 운송장비 소매업,41,경기도,41570,김포시,41570550,풍무동,4157010700,풍무동,4157010700109160000,1,대지,916,,경기도 김포시 풍무동 916,415704854932,경기도 김포시 양도로19번길,19,,4157010700102070002000002,재인구겐하임,경기도 김포시 양도로19번길 19,415070,10113,,,,126.724442774126,37.6084816775764
MA010120220813243905,한국외발자전거,,G2,소매,G213,오락용품 소매,G21305,자전거 소매업,G47632,자전거 및 기타 운송장비 소매업,28,인천광역시,28140,동구,28140555,송현1.2동,2814010300,송현동,2814010300100560091,1,대지,56,91,인천광역시 동구 송현동 56-91,281404250177,인천광역시 동구 송현로59번길,3,,2814010300100560090206905,,인천광역시 동구 송현로59번길 3,401809,22546,,,,126.637913012717,37.4806941004944
MA010120220813246471,스포츠팩토리,,G2,소매,G213,오락용품 소매,G21305,자전거 소매업,G47632,자전거 및 기타 운송장비 소매업,41,경기도,41150,의정부시,41150620,녹양동,4115011100,녹양동,4115011100101150003,1,대지,115,3,경기도 의정부시 녹양동 115-3,411503000001,경기도 의정부시 동일로,778,,4115011100101150003000001,외,경기도 의정부시 동일로 778,480825,11758,,,,127.046684240494,37.7549238056908
MA010120220813241324,으뜸케어,,G2,소매,G213,오락용품 소매,G21305,자전거 소매업,G47632,자전거 및 기타 운송장비 소매업,11,서울특별시,11350,노원구,11350665,상계3.4동,1135010500,상계동,1135010500113690005,1,대지,1369,5,서울특별시 노원구 상계동 1369-5,113503000004,서울특별시 노원구 덕릉로,863,,1135010500100050016003435,,서울특별시 노원구 덕릉로 863,139204,01633,,1,,127.08356303828,37.6731851662137
MA010120220813270011,행복을달리는자전거,,G2,소매,G213,오락용품 소매,G21305,자전거 소매업,G47632,자전거 및 기타 운송장비 소매업,41,경기도,41113,수원시 권선구,41113650,구운동,4111313200,구운동,4111313200105190006,1,대지,519,6,경기도 수원시 권선구 구운동 519-6,411134325080,경기도 수원시 권선구 구운중로21번길,2,,4111313200105190006026113,,경기도 수원시 권선구 구운중로21번길 2,441819,16408,,,,126.973919660092,37.2772090311781
MA010120220813391876,경남NSR,창원점,G2,소매,G213,오락용품 소매,G21305,자전거 소매업,G47632,자전거 및 기타 운송장비 소매업,48,경상남도,48123,창원시 성산구,48123520,중앙동,4812312500,중앙동,4812312500100080010,1,대지,8,10,경상남도 창원시 성산구 중앙동 8-10,481233328039,경상남도 창원시 성산구 외동반림로,126,,4812312500100080010002221,,경상남도 창원시 성산구 외동반림로 126,642843,51512,,1,,128.671939995492,35.2301713462524
MA010120220813317895,산타,,G2,소매,G213,오락용품 소매,G21305,자전거 소매업,G47632,자전거 및 기타 운송장비 소매업,41,경기도,41480,파주시,41480570,운정3동,4148010800,야당동,4148010800110660000,1,대지,1066,,경기도 파주시 야당동 1066,414803012061,경기도 파주시 경의로,1074,,4148010800110660000000002,일부호삼융시네마,경기도 파주시 경의로 1074,413200,10908,,,,126.759893954789,37.7131538378106
MA010120220813323383,나무,,G2,소매,G213,오락용품 소매,G21305,자전거 소매업,G47632,자전거 및 기타 운송장비 소매업,41,경기도,41281,고양시 덕양구,41281650,행신2동,4128112400,강매동,4128112400101740000,1,대지,174,,경기도 고양시 덕양구 강매동 174,412813192008,경기도 고양시 덕양구 강매로,256,21,4128112400101740000004150,,경기도 고양시 덕양구 강매로 256-21,412222,10441,,1,,126.846484133209,37.6087575935443
MA010120220813389706,삼천리자전거,,G2,소매,G213,오락용품 소매,G21305,자전거 소매업,G47632,자전거 및 기타 운송장비 소매업,11,서울특별시,11260,중랑구,11260575,면목3.8동,1126010100,면목동,1126010100104980005,1,대지,498,5,서울특별시 중랑구 면목동 498-5,112603005027,서울특별시 중랑구 면목로,353,,1126010100104980005027021,삼천리자전거,서울특별시 중랑구 면목로 353,131831,02221,,1,,127.088262992863,37.5834615351886
MA010120220813346044,쓰리고,,G2,소매,G213,오락용품 소매,G21305,자전거 소매업,G47632,자전거 및 기타 운송장비 소매업,28,인천광역시,28710,강화군,28710340,화도면,2871034023,화도면,2871034023108630000,1,대지,863,,인천광역시 강화군 화도면 문산리 863,287104271338,인천광역시 강화군 화도면 마니산로633번길,4,,2871034023108630000032465,,인천광역시 강화군 화도면 마니산로633번길 4,417862,23059,,,,126.42786087313,37.6344818176971
MA010120220813392539,삼천리자전거수리판매,,G2,소매,G213,오락용품 소매,G21305,자전거 소매업,G47632,자전거 및 기타 운송장비 소매업,41,경기도,41461,용인시 처인구,41461256,이동읍,4146125628,이동읍,4146125628102360010,1,대지,236,10,경기도 용인시 처인구 이동읍 천리 236-10,414612012009,경기도 용인시 처인구 이동읍 백옥대로,631,,4146133028102360010004541,,경기도 용인시 처인구 이동읍 백옥대로 631,449833,17128,,,,127.206778093087,37.1932070955776
MA010120220813435757,베이비하우스,광명점,G2,소매,G213,오락용품 소매,G21305,자전거 소매업,G47632,자전거 및 기타 운송장비 소매업,41,경기도,41210,광명시,41210631,하안1동,4121010300,하안동,4121010300108880005,1,대지,888,5,경기도 광명시 하안동 888-5,412103187025,경기도 광명시 밤일로,22,,4121010300108880005000001,,경기도 광명시 밤일로 22,423061,14261,,2,,126.861948450834,37.452507125301
MA010120220813408790,부성자전거,,G2,소매,G213,오락용품 소매,G21305,자전거 소매업,G47632,자전거 및 기타 운송장비 소매업,28,인천광역시,28200,남동구,28200551,간석4동,2820010200,간석동,2820010200105800000,1,대지,580,,인천광역시 남동구 간석동 580,282003151030,인천광역시 남동구 석정로,580,,2820010200105800000001098,,인천광역시 남동구 석정로 580,405810,21504,,,,126.699640868331,37.4672979824319
MA010120220813434450,알톤자전거김해주촌점,,G2,소매,G213,오락용품 소매,G21305,자전거 소매업,G47632,자전거 및 기타 운송장비 소매업,48,경상남도,48250,김해시,48250320,주촌면,4825032024,주촌면,4825032024115490008,1,대지,1549,8,경상남도 김해시 주촌면 천곡리 1549-8,482504855487,경상남도 김해시 주촌면 천곡로15번길,39,,4825032024113770011000001,,경상남도 김해시 주촌면 천곡로15번길 39,621848,51025,,,,128.839005330196,35.2309831040169
MA010120220813420652,제주자전거여행,,G2,소매,G213,오락용품 소매,G21305,자전거 소매업,G47632,자전거 및 기타 운송장비 소매업,50,제주특별자치도,50130,서귀포시,50130620,예래동,5013011900,색달동,5013011900128640036,1,대지,2864,36,제주특별자치도 서귀포시 색달동 2864-36,501304850761,제주특별자치도 서귀포시 중문관광로110번길,15,,5013011900128640036013194,,제주특별자치도 서귀포시 중문관광로110번길 15,697808,63535,,,,126.412969459525,33.2500599232396
MA010120220813300325,행복한의료기,,G2,소매,G213,오락용품 소매,G21305,자전거 소매업,G47632,자전거 및 기타 운송장비 소매업,41,경기도,41630,양주시,41630550,회천3동,4163011500,고암동,4163011500105800008,1,대지,580,8,경기도 양주시 고암동 580-8,416304436075,경기도 양주시 고암길,208,,4163011500105800008059984,골드프라자,경기도 양주시 고암길 208,482010,11454,,,,127.074452766889,37.8349418811645
MA010120220813439924,바이커리,,G2,소매,G213,오락용품 소매,G21305,자전거 소매업,G47632,자전거 및 기타 운송장비 소매업,30,대전광역시,30140,중구,30140655,용두동,3014011200,용두동,3014011200100300012,1,대지,30,12,대전광역시 중구 용두동 30-12,301403010024,대전광역시 중구 계룡로,845,,3014011200100300012008817,모심빌딩,대전광역시 중구 계룡로 845,301831,34857,,1,,127.409268274834,36.3254861301405
MA010120220813382788,청라사이클아카데미,,G2,소매,G213,오락용품 소매,G21305,자전거 소매업,G47632,자전거 및 기타 운송장비 소매업,28,인천광역시,28260,서구,28260537,청라2동,2826012200,청라동,2826012200101570010,1,대지,157,10,인천광역시 서구 청라동 157-10,282604268929,인천광역시 서구 청라커낼로288번길,26,,2826012200101570010000001,,인천광역시 서구 청라커낼로288번길 26,,22762,,,,126.647443707499,37.5336567071541
MA010120220813399300,사공일구이,,G2,소매,G213,오락용품 소매,G21305,자전거 소매업,G47632,자전거 및 기타 운송장비 소매업,11,서울특별시,11740,강동구,11740610,천호2동,1174010900,천호동,1174010900103250008,1,대지,325,8,서울특별시 강동구 천호동 325-8,117403124009,서울특별시 강동구 천중로,19,1,1174010900103250008011178,,서울특별시 강동구 천중로 19-1,134868,05244,,1,,127.124225741237,37.545839626544
MA010120220813394161,알피엠자전거,,G2,소매,G213,오락용품 소매,G21305,자전거 소매업,G47632,자전거 및 기타 운송장비 소매업,41,경기도,41192,부천시 원미구,41192700,상3동,4119210900,상동,4119210900105380001,1,대지,538,1,경기도 부천시 원미구 상동 538-1,411924352296,경기도 부천시 원미구 송내대로265번길,17,,4119510900105380001045252,효성프라자,경기도 부천시 원미구 송내대로265번길 17,420862,14542,,,,126.757977535632,37.5068688951354
MA010120220813450086,싸이클러스,,G2,소매,G213,오락용품 소매,G21305,자전거 소매업,G47632,자전거 및 기타 운송장비 소매업,11,서울특별시,11710,송파구,11710620,가락본동,1171010700,가락동,1171010700100480007,1,대지,48,7,서울특별시 송파구 가락동 48-7,117103123011,서울특별시 송파구 송이로,79,,1171010700100480007006775,,서울특별시 송파구 송이로 79,138801,05706,,,,127.120133466508,37.4989917473798
MA010120220813453826,베이비리퍼블릭,,G2,소매,G213,오락용품 소매,G21305,자전거 소매업,G47632,자전거 및 기타 운송장비 소매업,41,경기도,41590,화성시,41590585,동탄1동,4159012700,반송동,4159012700100700003,1,대지,70,3,경기도 화성시 반송동 70-3,415904431476,경기도 화성시 동탄공원로1길,8,8,4159012700100700003000001,,경기도 화성시 동탄공원로1길 8-8,445160,18436,,1,,127.060331671644,37.2017699882613
MA010120220813330815,향기바이크,,G2,소매,G213,오락용품 소매,G21305,자전거 소매업,G47632,자전거 및 기타 운송장비 소매업,11,서울특별시,11500,강서구,11500603,가양1동,1150010500,마곡동,1150010500107840013,1,대지,784,13,서울특별시 강서구 마곡동 784-13,115003115001,서울특별시 강서구 강서로,423,,1150010500107840013000001,아르디에,서울특별시 강서구 강서로 423,157805,07792,,1,,126.839355798613,37.5635092955077
MA010120220813602420,두바퀴자전거,,G2,소매,G213,오락용품 소매,G21305,자전거 소매업,G47632,자전거 및 기타 운송장비 소매업,41,경기도,41390,시흥시,41390591,정왕1동,4139013200,정왕동,4139013200114130000,1,대지,1413,,경기도 시흥시 정왕동 1413,413904397542,경기도 시흥시 정왕대로337번길,18,,4139013200114130000014550,,경기도 시흥시 정왕대로337번길 18,429855,15059,,1,,126.749991505271,37.3407320336456
MA010120220813496547,케이제이모터,,G2,소매,G213,오락용품 소매,G21305,자전거 소매업,G47632,자전거 및 기타 운송장비 소매업,41,경기도,41281,고양시 덕양구,41281600,관산동,4128111800,관산동,4128111800105640000,1,대지,564,,경기도 고양시 덕양구 관산동 564,412814376004,경기도 고양시 덕양구 고골길,100,16,4128111800105640000001488,,경기도 고양시 덕양구 고골길 100-16,412804,10265,,,,126.863293355816,37.7125532403429
MA010120220813529784,에스바이크,,G2,소매,G213,오락용품 소매,G21305,자전거 소매업,G47632,자전거 및 기타 운송장비 소매업,11,서울특별시,11215,광진구,11215750,중곡2동,1121510100,중곡동,1121510100101310029,1,대지,131,29,서울특별시 광진구 중곡동 131-29,112154112381,서울특별시 광진구 용마산로1길,53,,1121510100101310029002363,,서울특별시 광진구 용마산로1길 53,143891,04930,,,,127.085525237838,37.5555687381207
MA010120220813549749,우드바이크,,G2,소매,G213,오락용품 소매,G21305,자전거 소매업,G47632,자전거 및 기타 운송장비 소매업,41,경기도,41281,고양시 덕양구,41281590,고양동,4128111600,고양동,4128111600102440000,1,대지,244,,경기도 고양시 덕양구 고양동 244,412813192060,경기도 고양시 덕양구 읍내로,10,,4128111600102440000005268,,경기도 고양시 덕양구 읍내로 10,412801,10275,,,,126.902005124397,37.7006628724138
MA010120220813575166,행복자전거협동조합,,G2,소매,G213,오락용품 소매,G21305,자전거 소매업,G47632,자전거 및 기타 운송장비 소매업,30,대전광역시,30170,서구,30170570,가장동,3017010900,가장동,3017010900100280001,1,대지,28,1,대전광역시 서구 가장동 28-1,301704298125,대전광역시 서구 괴정로198번길,81,,3017010900100280001014485,,대전광역시 서구 괴정로198번길 81,302803,35311,,,,127.388629628878,36.3295382229588
MA010120220813494003,오케이바이크,,G2,소매,G213,오락용품 소매,G21305,자전거 소매업,G47632,자전거 및 기타 운송장비 소매업,30,대전광역시,30110,동구,30110670,홍도동,3011011700,홍도동,3011011700100230026,1,대지,23,26,대전광역시 동구 홍도동 23-26,301103010008,대전광역시 동구 동산초교로,5,,3011011700100230026009093,,대전광역시 동구 동산초교로 5,300835,34557,,,,127.427929453885,36.345102453234
MA010120220813505543,성인자전거,,G2,소매,G213,오락용품 소매,G21305,자전거 소매업,G47632,자전거 및 기타 운송장비 소매업,36,세종특별자치시,36110,세종특별자치시,36110250,조치원읍,3611025022,조치원읍,3611025022101460000,1,대지,146,,세종특별자치시 세종특별자치시 조치원읍 상리 146,361103258031,세종특별자치시 세종특별자치시 조치원읍 조치원로,46,1,4473025022101450000034385,,세종특별자치시 세종특별자치시 조치원읍 조치원로 46-1,339881,30026,,,,127.301920018057,36.601605528138
MA010120220813478975,에이치엠바이크,,G2,소매,G213,오락용품 소매,G21305,자전거 소매업,G47632,자전거 및 기타 운송장비 소매업,48,경상남도,48330,양산시,48330253,물금읍,4833025321,물금읍,4833025321103890005,1,대지,389,5,경상남도 양산시 물금읍 물금리 389-5,483304814247,경상남도 양산시 물금읍 물금역2길,19,,4833025321103890005013935,,경상남도 양산시 물금읍 물금역2길 19,626812,50603,,,,128.984513086299,35.309437327754
MA010120220813494989,자전거할인매장,,G2,소매,G213,오락용품 소매,G21305,자전거 소매업,G47632,자전거 및 기타 운송장비 소매업,11,서울특별시,11710,송파구,11710550,마천2동,1171011400,마천동,1171011400100400009,1,대지,40,9,서울특별시 송파구 마천동 40-9,117103123003,서울특별시 송파구 거마로,89,,1171011400100400009018330,,서울특별시 송파구 거마로 89,138818,05734,,1,,127.147560902585,37.5008167427448
MA010120220813498055,경산바이크,,G2,소매,G213,오락용품 소매,G21305,자전거 소매업,G47632,자전거 및 기타 운송장비 소매업,47,경상북도,47290,경산시,47290541,서부1동,4729010900,옥산동,4729010900107350008,1,대지,735,8,경상북도 경산시 옥산동 735-8,472903313004,경상북도 경산시 강변서로,223,,4729010900107350008007090,,경상북도 경산시 강변서로 223,712800,38675,,1,,128.730051097402,35.827668350165
MA010120220813618417,리페어바이시클,,G2,소매,G213,오락용품 소매,G21305,자전거 소매업,G47632,자전거 및 기타 운송장비 소매업,28,인천광역시,28177,미추홀구,28177700,관교동,2817710600,관교동,2817710600104720004,1,대지,472,4,인천광역시 미추홀구 관교동 472-4,281774253616,인천광역시 미추홀구 인하로406번길,38,,2817010800104720004138831,,인천광역시 미추홀구 인하로406번길 38,402080,22240,,,,126.691341869792,37.4457514835065
MA010120220813504038,위믹스,,G2,소매,G213,오락용품 소매,G21305,자전거 소매업,G47632,자전거 및 기타 운송장비 소매업,11,서울특별시,11710,송파구,11710580,송파1동,1171010400,송파동,1171010400101420001,1,대지,142,1,서울특별시 송파구 송파동 142-1,117103123014,서울특별시 송파구 오금로,192,,1171010400101420001012650,원빌딩,서울특별시 송파구 오금로 192,138852,05663,,B1,,127.115273660753,37.5082859519925
MA010120220813595197,와츠스포츠한남,,G2,소매,G213,오락용품 소매,G21305,자전거 소매업,G47632,자전거 및 기타 운송장비 소매업,11,서울특별시,11170,용산구,11170685,한남동,1117013100,한남동,1117013100100640001,1,대지,64,1,서울특별시 용산구 한남동 64-1,111704106468,서울특별시 용산구 한남대로20길,13,,1117013100100640003028633,수영빌딩,서울특별시 용산구 한남대로20길 13,140886,04419,,1,,127.007659735983,37.5349215329236
MA010120220813557168,현바이크,,G2,소매,G213,오락용품 소매,G21305,자전거 소매업,G47632,자전거 및 기타 운송장비 소매업,11,서울특별시,11260,중랑구,11260600,중화1동,1126010300,중화동,1126010300102930024,1,대지,293,24,서울특별시 중랑구 중화동 293-24,112604118090,서울특별시 중랑구 동일로130길,18,,1126010300102930024014320,,서울특별시 중랑구 동일로130길 18,131877,02094,,1,,127.081046000972,37.5995944657416
MA010120220813554629,에덴바이크,,G2,소매,G213,오락용품 소매,G21305,자전거 소매업,G47632,자전거 및 기타 운송장비 소매업,41,경기도,41461,용인시 처인구,41461510,중앙동,4146110100,김량장동,4146110100102190001,1,대지,219,1,경기도 용인시 처인구 김량장동 219-1,414613203019,경기도 용인시 처인구 금학로,343,,4146110100102190001009841,,경기도 용인시 처인구 금학로 343,449925,17044,,,,127.201804074533,37.2370967152813
MA010120220813584791,써니바이크문덕점,,G2,소매,G213,오락용품 소매,G21305,자전거 소매업,G47632,자전거 및 기타 운송장비 소매업,47,경상북도,47111,포항시 남구,47111256,오천읍,4711125621,오천읍,4711125621111580000,1,대지,1158,,경상북도 포항시 남구 오천읍 원리 1158,471113303037,경상북도 포항시 남구 오천읍 원동로,112,,4711125621111580000000001,,경상북도 포항시 남구 오천읍 원동로 112,790911,37882,,,,129.402687324432,35.9729370958014
MA010120220813639398,다수리,전문점,G2,소매,G213,오락용품 소매,G21305,자전거 소매업,G47632,자전거 및 기타 운송장비 소매업,41,경기도,41390,시흥시,41390591,정왕1동,4139013200,정왕동,4139013200114200013,1,대지,1420,13,경기도 시흥시 정왕동 1420-13,413903199036,경기도 시흥시 역전로,21,,4139013200114200013000001,,경기도 시흥시 역전로 21,429855,15060,,,,126.754557918775,37.3384980344894
MA010120220813562929,알톤자전거순창점,,G2,소매,G213,오락용품 소매,G21305,자전거 소매업,G47632,자전거 및 기타 운송장비 소매업,52,전북특별자치도,52770,순창군,52770250,순창읍,5277025021,순창읍,5277025021102110000,1,대지,211,,전북특별자치도 순창군 순창읍 순화리 211,527704634177,전북특별자치도 순창군 순창읍 순창5길,2,,4577025021002110000001087,,전북특별자치도 순창군 순창읍 순창5길 2,595805,56040,,,,127.142200266564,35.3731507424608
MA010120220813595486,이윤상사,,G2,소매,G213,오락용품 소매,G21305,자전거 소매업,G47632,자전거 및 기타 운송장비 소매업,26,부산광역시,26500,수영구,26500750,망미2동,2650010100,망미동,2650010100111030000,1,대지,1103,,부산광역시 수영구 망미동 1103,265004214373,부산광역시 수영구 좌수영로210번길,36,,2650010100111030000020422,,부산광역시 수영구 좌수영로210번길 36,613132,48213,,,,129.115836724035,35.1841413803183
MA010120220813652567,명품자전거중고낚시,,G2,소매,G213,오락용품 소매,G21305,자전거 소매업,G47632,자전거 및 기타 운송장비 소매업,27,대구광역시,27710,달성군,27710250,화원읍,2771025024,화원읍,2771025024107620005,1,대지,762,5,대구광역시 달성군 화원읍 설화리 762-5,277103007026,대구광역시 달성군 화원읍 비슬로,2416,,2771025024107620005005427,,대구광역시 달성군 화원읍 비슬로 2416,711833,42957,,,,128.484314808279,35.7953501008584
MA010120220813679647,신원바이크,,G2,소매,G213,오락용품 소매,G21305,자전거 소매업,G47632,자전거 및 기타 운송장비 소매업,41,경기도,41830,양평군,41830330,양서면,4183033025,양서면,4183033025104720020,1,대지,472,20,경기도 양평군 양서면 신원리 472-20,418304451813,경기도 양평군 양서면 신원역길,5,4,4183033025104720002014548,,경기도 양평군 양서면 신원역길 5-4,476822,12583,,,,127.372519004149,37.5255315038229
MA010120220813668894,백이자전거,,G2,소매,G213,오락용품 소매,G21305,자전거 소매업,G47632,자전거 및 기타 운송장비 소매업,41,경기도,41150,의정부시,41150510,의정부1동,4115010100,의정부동,4115010100100010046,1,대지,1,46,경기도 의정부시 의정부동 1-46,411503000136,경기도 의정부시 호국로,1354,,4115010100100010046024546,,경기도 의정부시 호국로 1354,480840,11749,,1,,127.054166548774,37.7451270850078
MA010120220813666198,바이크리아,,G2,소매,G213,오락용품 소매,G21305,자전거 소매업,G47632,자전거 및 기타 운송장비 소매업,30,대전광역시,30200,유성구,30200580,구즉동,3020014700,송강동,3020014700100250005,1,대지,25,5,대전광역시 유성구 송강동 25-5,302003167012,대전광역시 유성구 구즉로,59,,3020014700100250005002135,,대전광역시 유성구 구즉로 59,305802,34008,,,,127.38498144714,36.4345363404431
MA010120220813706776,태성자전거,,G2,소매,G213,오락용품 소매,G21305,자전거 소매업,G47632,자전거 및 기타 운송장비 소매업,41,경기도,41273,안산시 단원구,41273545,원곡동,4127310800,원곡동,4127310800107840011,1,대지,784,11,경기도 안산시 단원구 원곡동 784-11,412733191029,경기도 안산시 단원구 부부로,42,1,4127310800107840011005391,,경기도 안산시 단원구 부부로 42-1,425846,15378,,,,126.790708917441,37.3322062391782
MA010120220813661303,지니쇼핑,,G2,소매,G213,오락용품 소매,G21305,자전거 소매업,G47632,자전거 및 기타 운송장비 소매업,27,대구광역시,27260,수성구,27260570,수성1가동,2726010300,수성동1가,2726010300105730000,1,대지,573,,대구광역시 수성구 수성동1가 573,272604238203,대구광역시 수성구 명덕로76길,74,,2726010300105730000012816,,대구광역시 수성구 명덕로76길 74,706832,42136,,,,128.611430282111,35.8512155245437
MA010120220813664216,동협스포츠,,G2,소매,G213,오락용품 소매,G21305,자전거 소매업,G47632,자전거 및 기타 운송장비 소매업,41,경기도,41390,시흥시,41390589,정왕본동,4139013200,정왕동,4139013200118300010,1,대지,1830,10,경기도 시흥시 정왕동 1830-10,413903199008,경기도 시흥시 군서마을로,90,,4139013200118300010018643,,경기도 시흥시 군서마을로 90,429455,15053,,1,,126.743138592275,37.3482139021876
MA010120220813810151,자전거공작소,,G2,소매,G213,오락용품 소매,G21305,자전거 소매업,G47632,자전거 및 기타 운송장비 소매업,26,부산광역시,26470,연제구,26470730,연산9동,2647010200,연산동,2647010200104120010,1,대지,412,10,부산광역시 연제구 연산동 412-10,264704211094,부산광역시 연제구 과정로237번길,52,,2647010200104120010019937,,부산광역시 연제구 과정로237번길 52,611818,47558,,1,,129.10369473544,35.1861913250408
MA010120220813699303,스마트자전거,장안점,G2,소매,G213,오락용품 소매,G21305,자전거 소매업,G47632,자전거 및 기타 운송장비 소매업,41,경기도,41115,수원시 팔달구,41115740,행궁동,4111512900,북수동,4111512900101260001,1,대지,126,1,경기도 수원시 팔달구 북수동 126-1,411153012006,경기도 수원시 팔달구 정조로,894,1,4111512900101260001019970,,경기도 수원시 팔달구 정조로 894-1,442180,16253,,1,,127.01505497326,37.287843210928
MA010120220813740294,티따블유바이크,,G2,소매,G213,오락용품 소매,G21305,자전거 소매업,G47632,자전거 및 기타 운송장비 소매업,41,경기도,41390,시흥시,41390589,정왕본동,4139013200,정왕동,4139013200112090009,1,대지,1209,9,경기도 시흥시 정왕동 1209-9,413903199007,경기도 시흥시 군서로,62,,4139013200112090009014997,,경기도 시흥시 군서로 62,429455,15052,,,,126.745828771197,37.3470033262155
MA010120220813793973,쇼미더바이크,,G2,소매,G213,오락용품 소매,G21305,자전거 소매업,G47632,자전거 및 기타 운송장비 소매업,47,경상북도,47113,포항시 북구,47113700,장량동,4711312100,장성동,4711312100114060005,1,대지,1406,5,경상북도 포항시 북구 장성동 1406-5,471133304020,경상북도 포항시 북구 신덕로,221,1,4711312100114060005000001,,경상북도 포항시 북구 신덕로 221-1,791851,37580,,1,,129.39161310467,36.0862231229521
MA010120220813805848,타고MTB,,G2,소매,G213,오락용품 소매,G21305,자전거 소매업,G47632,자전거 및 기타 운송장비 소매업,27,대구광역시,27230,북구,27230695,무태조야동,2723013100,연경동,2723013100109620002,1,대지,962,2,대구광역시 북구 연경동 962-2,272303007018,대구광역시 북구 동화천로,225,,2723013100109620002000001,,대구광역시 북구 동화천로 225,702130,41409,,,,128.615715552764,35.94228988726
MA010120220813694176,다빈치바이씨클,,G2,소매,G213,오락용품 소매,G21305,자전거 소매업,G47632,자전거 및 기타 운송장비 소매업,41,경기도,41450,하남시,41450630,미사3동,4145011000,풍산동,4145011000104890000,1,대지,489,,경기도 하남시 풍산동 489,414503202057,경기도 하남시 미사강변서로,25,,4145011000104890000000001,테스타타워,경기도 하남시 미사강변서로 25,465170,12918,,2,,127.182813367017,37.5526650967854
MA010120220813746154,삼천리자전거성대점,,G2,소매,G213,오락용품 소매,G21305,자전거 소매업,G47632,자전거 및 기타 운송장비 소매업,41,경기도,41111,수원시 장안구,41111573,정자3동,4111113300,천천동,4111113300105480004,1,대지,548,4,경기도 수원시 장안구 천천동 548-4,411113174016,경기도 수원시 장안구 하률로,5,,4111113300105480004045175,,경기도 수원시 장안구 하률로 5,440303,16322,,1,,126.973921974764,37.303176951179
MA010120220813711138,오투바이크,,G2,소매,G213,오락용품 소매,G21305,자전거 소매업,G47632,자전거 및 기타 운송장비 소매업,41,경기도,41150,의정부시,41150576,송산2동,4115010600,민락동,4115010600107460006,1,대지,746,6,경기도 의정부시 민락동 746-6,411504343281,경기도 의정부시 오목로91번길,58,,4115010600107460006000001,하이웰빌딩,경기도 의정부시 오목로91번길 58,480863,11810,,1,,127.089035999773,37.7379251812692
MA010120220813686754,기영자전거할인매장,,G2,소매,G213,오락용품 소매,G21305,자전거 소매업,G47632,자전거 및 기타 운송장비 소매업,41,경기도,41630,양주시,41630320,남면,4163032021,남면,4163032021103330001,1,대지,333,1,경기도 양주시 남면 신산리 333-1,416304436034,경기도 양주시 남면 감악산로244번길,165,,4163032021103330001033919,,경기도 양주시 남면 감악산로244번길 165,482873,11404,,1,,126.975181912597,37.8929029170057
MA010120220813708406,모빌그라운드,,G2,소매,G213,오락용품 소매,G21305,자전거 소매업,G47632,자전거 및 기타 운송장비 소매업,28,인천광역시,28185,연수구,28185820,송도1동,2818510600,송도동,2818510600100080015,1,대지,8,15,인천광역시 연수구 송도동 8-15,281854256359,인천광역시 연수구 테크노파크로111번길,11,,2818510600100080015000001,,인천광역시 연수구 테크노파크로111번길 11,406081,21998,,,,126.644007309547,37.3851873500548
MA010120220813760315,해피바이크,,G2,소매,G213,오락용품 소매,G21305,자전거 소매업,G47632,자전거 및 기타 운송장비 소매업,41,경기도,41610,광주시,41610510,경안동,4161010100,경안동,4161010100104420008,1,대지,442,8,경기도 광주시 경안동 442-8,416103211043,경기도 광주시 파발로,115,,4161010300101000179001400,,경기도 광주시 파발로 115,464010,12756,,1,,127.258123675766,37.413580293537
MA010120220813919410,해리커스텀바이크,,G2,소매,G213,오락용품 소매,G21305,자전거 소매업,G47632,자전거 및 기타 운송장비 소매업,41,경기도,41281,고양시 덕양구,41281621,화정1동,4128112300,화정동,4128112300109680000,1,대지,968,,경기도 고양시 덕양구 화정동 968,412813192088,경기도 고양시 덕양구 화중로,100,,4128112300109680000012929,비젼타워,경기도 고양시 덕양구 화중로 100,412271,10497,,,,126.83146148532,37.6361360917821
MA010120220813871869,한국에이투비,,G2,소매,G213,오락용품 소매,G21305,자전거 소매업,G47632,자전거 및 기타 운송장비 소매업,11,서울특별시,11650,서초구,11650510,서초1동,1165010800,서초동,1165010800114250001,1,대지,1425,1,서울특별시 서초구 서초동 1425-1,116502000003,서울특별시 서초구 남부순환로,2457,,1165010800114250015024279,,서울특별시 서초구 남부순환로 2457,137864,06725,,,,127.019130364439,37.4827520561675
MA010120220813888441,삼천리자전거,마송점,G2,소매,G213,오락용품 소매,G21305,자전거 소매업,G47632,자전거 및 기타 운송장비 소매업,41,경기도,41570,김포시,41570250,통진읍,4157025023,통진읍,4157025023107150004,1,대지,715,4,경기도 김포시 통진읍 서암리 715-4,415703209109,경기도 김포시 통진읍 조강로,30,,4157025023107150004010697,,경기도 김포시 통진읍 조강로 30,415867,10018,,,,126.601901913364,37.6893280485463
MA010120220813948646,팍스엠티비,,G2,소매,G213,오락용품 소매,G21305,자전거 소매업,G47632,자전거 및 기타 운송장비 소매업,47,경상북도,47150,김천시,47150575,대신동,4715010800,신음동,4715010800110360004,1,대지,1036,4,경상북도 김천시 신음동 1036-4,471504718421,경상북도 김천시 부거리길,55,,4715010800110360004000001,,경상북도 김천시 부거리길 55,740978,39548,,,,128.114563538605,36.1330738646043
MA010120220813949884,거마삼천리,,G2,소매,G213,오락용품 소매,G21305,자전거 소매업,G47632,자전거 및 기타 운송장비 소매업,11,서울특별시,11710,송파구,11710550,마천2동,1171011400,마천동,1171011400100430000,1,대지,43,,서울특별시 송파구 마천동 43,117103123003,서울특별시 송파구 거마로,76,,1171011400100430000018635,,서울특별시 송파구 거마로 76,138818,05754,,,,127.147501663372,37.4994472886331
MA010120220813861489,베리잼,용인점,G2,소매,G213,오락용품 소매,G21305,자전거 소매업,G47632,자전거 및 기타 운송장비 소매업,41,경기도,41465,용인시 수지구,41465510,풍덕천1동,4146510100,풍덕천동,4146510100107240004,1,대지,724,4,경기도 용인시 수지구 풍덕천동 724-4,414654415163,경기도 용인시 수지구 풍덕천로148번길,24,,4146510100107240004000001,,경기도 용인시 수지구 풍덕천로148번길 24,448554,16835,,,,127.09869741396,37.322330702653
MA010120220813942358,제일스포츠,,G2,소매,G213,오락용품 소매,G21305,자전거 소매업,G47632,자전거 및 기타 운송장비 소매업,27,대구광역시,27140,동구,27140541,신암5동,2714010100,신암동,2714010100101320009,1,대지,132,9,대구광역시 동구 신암동 132-9,271403007005,대구광역시 동구 동북로,385,,2714010100101320009022749,,대구광역시 동구 동북로 385,701810,41183,,,,128.630509068955,35.8877695759186
MA010120220813948726,삼천리자전거서,수원점,G2,소매,G213,오락용품 소매,G21305,자전거 소매업,G47632,자전거 및 기타 운송장비 소매업,41,경기도,41113,수원시 권선구,41113550,평동,4111312800,고색동,4111312800105330007,1,대지,533,7,경기도 수원시 권선구 고색동 533-7,411133012003,경기도 수원시 권선구 매송고색로,646,,4111312800105330007052144,,경기도 수원시 권선구 매송고색로 646,441811,16641,,1,,126.975360875985,37.2489076014896
MA010120220813850110,삼천리자전거금산,칸타빌점,G2,소매,G213,오락용품 소매,G21305,자전거 소매업,G47632,자전거 및 기타 운송장비 소매업,44,충청남도,44710,금산군,44710250,금산읍,4471025025,금산읍,4471025025106460001,1,대지,646,1,충청남도 금산군 금산읍 아인리 646-1,447103257020,충청남도 금산군 금산읍 비단로,372,,4471025025106460001000001,삼천리자전거,충청남도 금산군 금산읍 비단로 372,312805,32729,,,,127.482878269101,36.109457219767
MA010120220813955943,마이바이크,,G2,소매,G213,오락용품 소매,G21305,자전거 소매업,G47632,자전거 및 기타 운송장비 소매업,52,전북특별자치도,52130,군산시,52130690,수송동,5213014100,수송동,5213014100100070079,1,대지,7,79,전북특별자치도 군산시 수송동 7-79,521303268030,전북특별자치도 군산시 문화로,160,,4513014100100070079028552,,전북특별자치도 군산시 문화로 160,573370,54087,,,,126.723409250719,35.9697272962153
MA010120220813978578,자전거나라,,G2,소매,G213,오락용품 소매,G21305,자전거 소매업,G47632,자전거 및 기타 운송장비 소매업,52,전북특별자치도,52130,군산시,52130605,중앙동,5213012300,신영동,5213012300100120007,1,대지,12,7,전북특별자치도 군산시 신영동 12-7,521303268009,전북특별자치도 군산시 구시장로,51,1,4513012300100120007010610,전부,전북특별자치도 군산시 구시장로 51-1,573250,54027,,2,,126.719254211193,35.9846871411578
MA010120220813824155,삼천리자전거,법원점,G2,소매,G213,오락용품 소매,G21305,자전거 소매업,G47632,자전거 및 기타 운송장비 소매업,46,전라남도,46150,순천시,46150661,왕조1동,4615013300,조례동,4615013300107240000,1,대지,724,,전라남도 순천시 조례동 724,461503283007,전라남도 순천시 백강로,407,,4615013300107240000000001,,전라남도 순천시 백강로 407,540964,57933,,,,127.521471523307,34.9696134572252
MA010120220813935313,골방커스텀,,G2,소매,G213,오락용품 소매,G21305,자전거 소매업,G47632,자전거 및 기타 운송장비 소매업,41,경기도,41271,안산시 상록구,41271532,사이동,4127110300,사동,4127110300114000007,1,대지,1400,7,경기도 안산시 상록구 사동 1400-7,412714370446,경기도 안산시 상록구 장화3안길,30,,4127110300114000007000002,동화빌딩,경기도 안산시 상록구 장화3안길 30,426824,15630,,,,126.854262185075,37.2837898827248
MA010120220813958795,그린페달,3호점,G2,소매,G213,오락용품 소매,G21305,자전거 소매업,G47632,자전거 및 기타 운송장비 소매업,11,서울특별시,11305,강북구,11305595,번1동,1130510200,번동,1130510200104710007,1,대지,471,7,서울특별시 강북구 번동 471-7,113054124060,서울특별시 강북구 도봉로102길,60,9,1130510200104710007016982,,서울특별시 강북구 도봉로102길 60-9,142868,01060,,1,,127.032461266294,37.6408920743793
MA010120220813834877,EL스포츠,,G2,소매,G213,오락용품 소매,G21305,자전거 소매업,G47632,자전거 및 기타 운송장비 소매업,41,경기도,41830,양평군,41830250,양평읍,4183025025,양평읍,4183025025104410001,1,대지,441,1,경기도 양평군 양평읍 공흥리 441-1,418303217007,경기도 양평군 양평읍 남북로,79,1,4183025025104410001017243,자전거샵,경기도 양평군 양평읍 남북로 79-1,476801,12561,,,,127.501348037074,37.4899701049066
MA010120220813912679,백세바이크상사,,G2,소매,G213,오락용품 소매,G21305,자전거 소매업,G47632,자전거 및 기타 운송장비 소매업,43,충청북도,43114,청주시 청원구,43114530,내덕2동,4311410200,내덕동,4311410200105420014,1,대지,542,14,충청북도 청주시 청원구 내덕동 542-14,431143236064,충청북도 청주시 청원구 공항로,66,,4311111400105420014036760,,충청북도 청주시 청원구 공항로 66,363822,28491,,,,127.487141702839,36.6631071791241
MA010120220813988966,루덴스포츠,,G2,소매,G213,오락용품 소매,G21305,자전거 소매업,G47632,자전거 및 기타 운송장비 소매업,41,경기도,41610,광주시,41610259,곤지암읍,4161025921,곤지암읍,4161025921101240001,1,대지,124,1,경기도 광주시 곤지암읍 곤지암리 124-1,416104433083,경기도 광주시 곤지암읍 광여로99번길,64,,4161025621101240001254522,,경기도 광주시 곤지암읍 광여로99번길 64,464872,12801,,1,,127.353194324733,37.3542997144094
MA010120220813827634,바이투휠즈,,G2,소매,G213,오락용품 소매,G21305,자전거 소매업,G47632,자전거 및 기타 운송장비 소매업,41,경기도,41360,남양주시,41360570,별내동,4136011100,별내동,4136011100109430002,1,대지,943,2,경기도 남양주시 별내동 943-2,413604841517,경기도 남양주시 두물로27번길,19,,4136011100109430002000001,상가전체,경기도 남양주시 두물로27번길 19,472501,12105,,1,,127.126598571815,37.6573796701099
MA010120220813979790,바이시클프릭,,G2,소매,G213,오락용품 소매,G21305,자전거 소매업,G47632,자전거 및 기타 운송장비 소매업,41,경기도,41360,남양주시,41360259,진건읍,4136025924,진건읍,4136025924103500000,1,대지,350,,경기도 남양주시 진건읍 신월리 350,413604391456,경기도 남양주시 진건읍 사릉로537번길,97,,4136025924103500000000001,,경기도 남양주시 진건읍 사릉로537번길 97,472832,12131,,,,127.163946560736,37.6603249321427
MA010120220813825025,전동핫플,명지,G2,소매,G213,오락용품 소매,G21305,자전거 소매업,G47632,자전거 및 기타 운송장비 소매업,26,부산광역시,26440,강서구,26440535,명지1동,2644010400,명지동,2644010400133630011,1,대지,3363,11,부산광역시 강서구 명지동 3363-11,264403350872,부산광역시 강서구 명지국제11로,74,,2644010400133630011000001,,부산광역시 강서구 명지국제11로 74,618200,46773,,1,,128.926514831698,35.1037709303011
MA010120220813887527,서문자전거할인매장,,G2,소매,G213,오락용품 소매,G21305,자전거 소매업,G47632,자전거 및 기타 운송장비 소매업,52,전북특별자치도,52190,남원시,52190560,왕정동,5219010800,왕정동,5219010800100340006,1,대지,34,6,전북특별자치도 남원시 왕정동 34-6,521903271030,전북특별자치도 남원시 의총로,109,,4519010800100340006307838,,전북특별자치도 남원시 의총로 109,590120,55747,,,,127.376218879327,35.4105311728413
MA010120220813921405,마이벨로,,G2,소매,G213,오락용품 소매,G21305,자전거 소매업,G47632,자전거 및 기타 운송장비 소매업,46,전라남도,46150,순천시,46150310,해룡면,4615031030,해룡면,4615031030111580005,1,대지,1158,5,전라남도 순천시 해룡면 호두리 1158-5,461503283044,전라남도 순천시 해룡면 율촌산단4로,26,192,4615031030111580005000001,,전라남도 순천시 해룡면 율촌산단4로 26-192,540856,58034,,,,127.584969567113,34.8938428534764
MA010120220813972691,바이크아레나,,G2,소매,G213,오락용품 소매,G21305,자전거 소매업,G47632,자전거 및 기타 운송장비 소매업,27,대구광역시,27710,달성군,27710259,유가읍,2771025924,유가읍,2771025924106190000,1,대지,619,,대구광역시 달성군 유가읍 봉리 619,277103341006,대구광역시 달성군 유가읍 테크노상업로,120,,2771037024106190000000001,,대구광역시 달성군 유가읍 테크노상업로 120,711883,43018,,,,128.462907682192,35.6930674594105
MA010120220813972899,넥스트드라이브,,G2,소매,G213,오락용품 소매,G21305,자전거 소매업,G47632,자전거 및 기타 운송장비 소매업,29,광주광역시,29200,광산구,29200626,첨단2동,2920011500,월계동,2920011500107810004,1,대지,781,4,광주광역시 광산구 월계동 781-4,292003163039,광주광역시 광산구 월계로,56,,2920011500107810004016790,,광주광역시 광산구 월계로 56,506822,62264,,1,,126.832570301861,35.2111027990273
MA010120220814023762,정평송바이크,,G2,소매,G213,오락용품 소매,G21305,자전거 소매업,G47632,자전거 및 기타 운송장비 소매업,41,경기도,41465,용인시 수지구,41465530,신봉동,4146510500,신봉동,4146510500101050008,1,대지,105,8,경기도 용인시 수지구 신봉동 105-8,414653205014,경기도 용인시 수지구 신봉1로,111,,4146510500101050008028361,,경기도 용인시 수지구 신봉1로 111,448833,16814,,,,127.073416153426,37.3247278156681
MA010120220813991651,삼천리자전거봉화산역점,,G2,소매,G213,오락용품 소매,G21305,자전거 소매업,G47632,자전거 및 기타 운송장비 소매업,11,서울특별시,11260,중랑구,11260690,신내2동,1126010600,신내동,1126010600106480000,1,대지,648,,서울특별시 중랑구 신내동 648,112603106007,서울특별시 중랑구 신내로,225,,1126010600106480000000206,디아뜨갤러리,서울특별시 중랑구 신내로 225,131872,02024,,,,127.091360778687,37.6169670149357
MA010120220814023833,율바이크,,G2,소매,G213,오락용품 소매,G21305,자전거 소매업,G47632,자전거 및 기타 운송장비 소매업,11,서울특별시,11710,송파구,11710580,송파1동,1171010400,송파동,1171010400101420001,1,대지,142,1,서울특별시 송파구 송파동 142-1,117103123014,서울특별시 송파구 오금로,192,,1171010400101420001012650,,서울특별시 송파구 오금로 192,138852,05663,,1,,127.115273660753,37.5082859519925
MA010120220814127167,"오너프로,조선광택",순천점,G2,소매,G213,오락용품 소매,G21305,자전거 소매업,G47632,자전거 및 기타 운송장비 소매업,46,전라남도,46150,순천시,46150310,해룡면,4615031025,해룡면,4615031025107420000,1,대지,742,,전라남도 순천시 해룡면 남가리 742,461503351634,전라남도 순천시 해룡면 가산로,141,,4615031025107420000000001,,전라남도 순천시 해룡면 가산로 141,540851,58005,,,,127.537691353383,34.9348216896913
MA010120220814042956,에이플러스자전거정비샵,포항점,G2,소매,G213,오락용품 소매,G21305,자전거 소매업,G47632,자전거 및 기타 운송장비 소매업,47,경상북도,47113,포항시 북구,47113700,장량동,4711312200,양덕동,4711312200107540004,1,대지,754,4,경상북도 포항시 북구 양덕동 754-4,471134712856,경상북도 포항시 북구 장량주택로14번길,8,6,4711312200107540004000001,,경상북도 포항시 북구 장량주택로14번길 8-6,791270,37572,,,,129.390359187763,36.0880681310165
MA010120220814059508,벨로스페이스,,G2,소매,G213,오락용품 소매,G21305,자전거 소매업,G47632,자전거 및 기타 운송장비 소매업,41,경기도,41463,용인시 기흥구,41463540,기흥동,4146310700,공세동,4146310700102960055,1,대지,296,55,경기도 용인시 기흥구 공세동 296-55,414633204006,경기도 용인시 기흥구 공세로,120,,4146310700102960055000001,공세동,경기도 용인시 기흥구 공세로 120,446902,17085,,2,,127.108917309423,37.2349659575218
MA010120220814092580,유진자전거,,G2,소매,G213,오락용품 소매,G21305,자전거 소매업,G47632,자전거 및 기타 운송장비 소매업,11,서울특별시,11710,송파구,11710570,오금동,1171011200,오금동,1171011200101200007,1,대지,120,7,서울특별시 송파구 오금동 120-7,117103000034,서울특별시 송파구 동남로,318,,1171011200101200007014431,,서울특별시 송파구 동남로 318,138858,05730,,,,127.13867727118,37.5036836915972
MA010120220814098025,가이아유모차편집샵,,G2,소매,G213,오락용품 소매,G21305,자전거 소매업,G47632,자전거 및 기타 운송장비 소매업,48,경상남도,48170,진주시,48170565,중앙동,4817011000,평안동,4817011000101950000,1,대지,195,,경상남도 진주시 평안동 195,481702332003,경상남도 진주시 진주대로,1095,,4817011000101950000412453,한화갤러리아백화점,경상남도 진주시 진주대로 1095,660725,52683,,6,,128.082320415935,35.1967100275329
MA010120220814008514,문산자전거,,G2,소매,G213,오락용품 소매,G21305,자전거 소매업,G47632,자전거 및 기타 운송장비 소매업,41,경기도,41480,파주시,41480250,문산읍,4148025021,문산읍,4148025021100220012,1,대지,22,12,경기도 파주시 문산읍 문산리 22-12,414804418244,경기도 파주시 문산읍 문향로17번길,8,,4148025021100220012016900,,경기도 파주시 문산읍 문향로17번길 8,413904,10823,,,,126.785822981309,37.8537627371326
MA010120220814127773,바이클로,,G2,소매,G213,오락용품 소매,G21305,자전거 소매업,G47632,자전거 및 기타 운송장비 소매업,11,서울특별시,11170,용산구,11170685,한남동,1117013100,한남동,1117013100101520000,1,대지,152,,서울특별시 용산구 한남동 152,111702102003,서울특별시 용산구 한남대로,27,,1117013100101520000029200,,서울특별시 용산구 한남대로 27,140889,04410,,3,,127.008621053769,37.5315156827162
MA010120220813989775,영웅,,G2,소매,G213,오락용품 소매,G21305,자전거 소매업,G47632,자전거 및 기타 운송장비 소매업,41,경기도,41360,남양주시,41360545,다산1동,4136011200,다산동,4136011200160730000,1,대지,6073,,경기도 남양주시 다산동 6073,413603351591,경기도 남양주시 다산순환로,166,,4136011200160730000000001,신화타워,경기도 남양주시 다산순환로 166,,12248,,,,127.14725077972,37.6249022628484
MA010120220814081736,스피다,,G2,소매,G213,오락용품 소매,G21305,자전거 소매업,G47632,자전거 및 기타 운송장비 소매업,41,경기도,41285,고양시 일산동구,41285600,고봉동,4128511100,설문동,4128511100107870022,1,대지,787,22,경기도 고양시 일산동구 설문동 787-22,412854379028,경기도 고양시 일산동구 고봉로678번길,33,,4128511100107870004001334,C,경기도 고양시 일산동구 고봉로678번길 33,410819,10251,,,,126.790517292563,37.716491761318
MA010120220814054629,정수산업,,G2,소매,G213,오락용품 소매,G21305,자전거 소매업,G47632,자전거 및 기타 운송장비 소매업,30,대전광역시,30170,서구,30170582,갈마2동,3017011100,갈마동,3017011100114010000,1,대지,1401,,대전광역시 서구 갈마동 1401,301704298115,대전광역시 서구 괴정로11번길,93,4,3017011100114010000007537,,대전광역시 서구 괴정로11번길 93-4,302809,35266,,,,127.377351140785,36.3418483971425
MA010120220814112287,일MTB,,G2,소매,G213,오락용품 소매,G21305,자전거 소매업,G47632,자전거 및 기타 운송장비 소매업,48,경상남도,48127,창원시 마산회원구,48127250,내서읍,4812725028,내서읍,4812725028100030011,1,대지,3,11,경상남도 창원시 마산회원구 내서읍 삼계리 3-11,481272019004,경상남도 창원시 마산회원구 내서읍 경남대로,981,,4812725028100110318005536,,경상남도 창원시 마산회원구 내서읍 경남대로 981,630852,51226,,,,128.50391884049,35.2377564713829
MA010120220814120170,삼천리자전거,,G2,소매,G213,오락용품 소매,G21305,자전거 소매업,G47632,자전거 및 기타 운송장비 소매업,52,전북특별자치도,52140,익산시,52140690,삼성동,5214013400,부송동,5214013400102150030,1,대지,215,30,전북특별자치도 익산시 부송동 215-30,521403016011,전북특별자치도 익산시 무왕로,1269,,4514013400102150030058994,,전북특별자치도 익산시 무왕로 1269,570972,54550,,1,,126.997539028254,35.9608173446579
MA010120220814134024,산하바이크랜드,,G2,소매,G213,오락용품 소매,G21305,자전거 소매업,G47632,자전거 및 기타 운송장비 소매업,41,경기도,41310,구리시,41310570,수택1동,4131010500,수택동,4131010500105030006,1,대지,503,6,경기도 구리시 수택동 503-6,413104388096,경기도 구리시 수택천로16번길,34,,4131010500105030006005030,,경기도 구리시 수택천로16번길 34,471822,11931,,,,127.146188698009,37.5973693789411
MA010120220814003510,박정민의잔차방,,G2,소매,G213,오락용품 소매,G21305,자전거 소매업,G47632,자전거 및 기타 운송장비 소매업,48,경상남도,48170,진주시,48170730,판문동,4817012600,평거동,4817012600108520000,1,대지,852,,경상남도 진주시 평거동 852,481704838064,경상남도 진주시 새들말로22번길,9,9,4817012600108520000000001,,경상남도 진주시 새들말로22번길 9-9,660816,52704,,1,,128.058117032187,35.1659551333789
MA010120220814070732,에픽바이크,,G2,소매,G213,오락용품 소매,G21305,자전거 소매업,G47632,자전거 및 기타 운송장비 소매업,41,경기도,41113,수원시 권선구,41113550,평동,4111312900,오목천동,4111312900103670014,1,대지,367,14,경기도 수원시 권선구 오목천동 367-14,411134325234,경기도 수원시 권선구 삼천병마로1597번길,16,,4111312900103670014000050,,경기도 수원시 권선구 삼천병마로1597번길 16,441849,16634,,,,126.962738928898,37.2449667369699
MA010120220814136631,코렉스제일자전거,,G2,소매,G213,오락용품 소매,G21305,자전거 소매업,G47632,자전거 및 기타 운송장비 소매업,47,경상북도,47250,상주시,47250520,남원동,4725010700,남성동,4725010700100120150,1,대지,12,150,경상북도 상주시 남성동 12-150,472504733135,경상북도 상주시 남성4길,3,,4725010700100120150094433,,경상북도 상주시 남성4길 3,742903,37196,,,,128.159697982567,36.414385707616
MA010120220814120682,짱BIKE,,G2,소매,G213,오락용품 소매,G21305,자전거 소매업,G47632,자전거 및 기타 운송장비 소매업,26,부산광역시,26710,기장군,26710250,기장읍,2671025027,기장읍,2671025027100610006,1,대지,61,6,부산광역시 기장군 기장읍 청강리 61-6,267102006018,부산광역시 기장군 기장읍 기장대로,519,,2671025027100610006003552,,부산광역시 기장군 기장읍 기장대로 519,619906,46064,,,,129.219980797622,35.2414171471317
MA010120220814003755,검단자전거,,G2,소매,G213,오락용품 소매,G21305,자전거 소매업,G47632,자전거 및 기타 운송장비 소매업,28,인천광역시,28260,서구,28260730,마전동,2826011300,마전동,2826011300110570006,1,대지,1057,6,인천광역시 서구 마전동 1057-6,282602156002,인천광역시 서구 원당대로,673,,2826011300105520000031005,태한빌딩,인천광역시 서구 원당대로 673,404260,22643,,1,,126.676033308665,37.5939699539316
MA010120220814060732,홍제모터싸이클,,G2,소매,G213,오락용품 소매,G21305,자전거 소매업,G47632,자전거 및 기타 운송장비 소매업,11,서울특별시,11410,서대문구,11410685,홍은2동,1141011800,홍은동,1141011800100910002,1,대지,91,2,서울특별시 서대문구 홍은동 91-2,114103000008,서울특별시 서대문구 통일로,495,1,1141011800100910002009039,,서울특별시 서대문구 통일로 495-1,120844,03647,,1,,126.94084919844,37.5921742914441
MA010120220814066036,알톤자전거나라,,G2,소매,G213,오락용품 소매,G21305,자전거 소매업,G47632,자전거 및 기타 운송장비 소매업,52,전북특별자치도,52140,익산시,52140652,어양동,5214012300,어양동,5214012300106290003,1,대지,629,3,전북특별자치도 익산시 어양동 629-3,521403269039,전북특별자치도 익산시 하나로,462,,4514012300106290003059196,,전북특별자치도 익산시 하나로 462,570210,54553,,,,126.981575794958,35.9615639845339
MA010120220814076845,스타사이클,,G2,소매,G213,오락용품 소매,G21305,자전거 소매업,G47632,자전거 및 기타 운송장비 소매업,41,경기도,41281,고양시 덕양구,41281630,행주동,4128112500,행주내동,4128112500107350009,1,대지,735,9,경기도 고양시 덕양구 행주내동 735-9,412814376310,경기도 고양시 덕양구 행주로83번길,51,11,4128112600107350009017346,,경기도 고양시 덕양구 행주로83번길 51-11,412230,10439,,,,126.820929776947,37.6058113921149
MA010120220814153740,삼천리자전거구래지구점,,G2,소매,G213,오락용품 소매,G21305,자전거 소매업,G47632,자전거 및 기타 운송장비 소매업,41,경기도,41570,김포시,41570570,구래동,4157010900,구래동,4157010900168900007,1,대지,6890,7,경기도 김포시 구래동 6890-7,415704838102,경기도 김포시 김포한강9로12번길,7,21,4157010900168900007000001,,경기도 김포시 김포한강9로12번길 7-21,415080,10070,,1,,126.627095465848,37.639199007622
MA010120220814115637,바퀴달린자전거,,G2,소매,G213,오락용품 소매,G21305,자전거 소매업,G47632,자전거 및 기타 운송장비 소매업,26,부산광역시,26260,동래구,26260600,사직3동,2626010900,사직동,2626010900101470033,1,대지,147,33,부산광역시 동래구 사직동 147-33,262604190353,부산광역시 동래구 여고로113번길,30,,2626010900101470033006229,,부산광역시 동래구 여고로113번길 30,607813,47831,,,,129.074876026056,35.1998185061677
MA010120220814072131,바이크리페어,,G2,소매,G213,오락용품 소매,G21305,자전거 소매업,G47632,자전거 및 기타 운송장비 소매업,30,대전광역시,30230,대덕구,30230520,대화동,3023010200,대화동,3023010200102890001,1,대지,289,1,대전광역시 대덕구 대화동 289-1,302303168004,대전광역시 대덕구 대화로,160,,3023010200102890001008147,산업용재유통상가,대전광역시 대덕구 대화로 160,306754,34368,,,,127.402936017244,36.3652945197826
MA010120220811394103,삼천리자전거용호,대리점,G2,소매,G213,오락용품 소매,G21305,자전거 소매업,G47632,자전거 및 기타 운송장비 소매업,26,부산광역시,26290,남구,26290590,용호3동,2629010700,용호동,2629010700103680019,1,대지,368,19,부산광역시 남구 용호동 368-19,262903131025,부산광역시 남구 용호로,111,,2629010700103680019028597,분포아파트,부산광역시 남구 용호로 111,608831,48578,,,,129.112514077462,35.1223172626513
MA010120220811391805,종합자전거,,G2,소매,G213,오락용품 소매,G21305,자전거 소매업,G47632,자전거 및 기타 운송장비 소매업,26,부산광역시,26290,남구,26290530,대연3동,2629010600,대연동,2629010600105560008,1,대지,556,8,부산광역시 남구 대연동 556-8,262904193149,부산광역시 남구 수영로266번길,129,,2629010600105560008001279,,부산광역시 남구 수영로266번길 129,608810,48500,,,,129.100961305369,35.1320073448618
MA010120220811392695,파워MTB,,G2,소매,G213,오락용품 소매,G21305,자전거 소매업,G47632,자전거 및 기타 운송장비 소매업,26,부산광역시,26500,수영구,26500660,남천1동,2650010500,남천동,2650010500105580020,1,대지,558,20,부산광역시 수영구 남천동 558-20,265003138005,부산광역시 수영구 광안해변로,29,1,2650010500105580020010438,,부산광역시 수영구 광안해변로 29-1,613819,48310,,1,,129.113206724497,35.1380844134156
MA010120220811407399,오씨씨515,,G2,소매,G213,오락용품 소매,G21305,자전거 소매업,G47632,자전거 및 기타 운송장비 소매업,26,부산광역시,26260,동래구,26260750,안락2동,2626010200,안락동,2626010200101770011,1,대지,177,11,부산광역시 동래구 안락동 177-11,262603130018,부산광역시 동래구 온천천로,515,,2626010200101770011001683,,부산광역시 동래구 온천천로 515,607825,47905,,1,,129.109248031861,35.1908257269142
MA010120220811408901,스마트자전거,,G2,소매,G213,오락용품 소매,G21305,자전거 소매업,G47632,자전거 및 기타 운송장비 소매업,26,부산광역시,26500,수영구,26500800,민락동,2650010300,민락동,2650010300101940007,1,대지,194,7,부산광역시 수영구 민락동 194-7,265004214212,부산광역시 수영구 민락로6번길,23,,2650010300101940007000472,명칭없음,부산광역시 수영구 민락로6번길 23,613828,48286,,,,129.123531987978,35.1567469132535
MA010120220811395987,고고바이크고고MTB,,G2,소매,G213,오락용품 소매,G21305,자전거 소매업,G47632,자전거 및 기타 운송장비 소매업,26,부산광역시,26200,영도구,26200530,남항동,2620010100,대교동1가,2620010100100390000,1,대지,39,,부산광역시 영도구 대교동1가 39,262003006003,부산광역시 영도구 태종로,47,,2620010100100390000016814,신일빌딩,부산광역시 영도구 태종로 47,606011,49037,,,,129.037338107404,35.0936947970029
MA010120220811388417,삼천리자전거장유1동점,,G2,소매,G213,오락용품 소매,G21305,자전거 소매업,G47632,자전거 및 기타 운송장비 소매업,48,경상남도,48250,김해시,48250610,장유1동,4825012500,부곡동,4825012500111630009,1,대지,1163,9,경상남도 김해시 부곡동 1163-9,482503335054,경상남도 김해시 장유로,262,,4825031026100410010094948,,경상남도 김해시 장유로 262,621250,50983,,,,128.811648542554,35.2014669461048
MA010120220811366377,삼천리자전거삼화점,,G2,소매,G213,오락용품 소매,G21305,자전거 소매업,G47632,자전거 및 기타 운송장비 소매업,50,제주특별자치도,50110,제주시,50110610,삼양동,5011011400,삼양이동,5011011400121430006,1,대지,2143,6,제주특별자치도 제주시 삼양이동 2143-6,501103349235,제주특별자치도 제주시 일주동로,336,,5011011400121430006024860,,제주특별자치도 제주시 일주동로 336,690071,63321,,,,126.580852095853,33.5210421594598
MA010120220811391460,알톤자전거,용호점,G2,소매,G213,오락용품 소매,G21305,자전거 소매업,G47632,자전거 및 기타 운송장비 소매업,26,부산광역시,26290,남구,26290590,용호3동,2629010700,용호동,2629010700100870014,1,대지,87,14,부산광역시 남구 용호동 87-14,262904193230,부산광역시 남구 용호로123번길,90,,2629010700100870014008824,,부산광역시 남구 용호로123번길 90,608831,48577,,1,,129.114754461441,35.1241255474697
MA010120220811446544,삼천리망미,대리점,G2,소매,G213,오락용품 소매,G21305,자전거 소매업,G47632,자전거 및 기타 운송장비 소매업,26,부산광역시,26500,수영구,26500740,망미1동,2650010100,망미동,2650010100104160021,1,대지,416,21,부산광역시 수영구 망미동 416-21,265003006054,부산광역시 수영구 과정로,34,1,2650010100104160021002308,,부산광역시 수영구 과정로 34-1,613131,48219,,,,129.108004131792,35.1745455981865
MA010120220811429770,자전거가좋아!,,G2,소매,G213,오락용품 소매,G21305,자전거 소매업,G47632,자전거 및 기타 운송장비 소매업,26,부산광역시,26350,해운대구,26350551,좌1동,2635010700,좌동,2635010700104210002,1,대지,421,2,부산광역시 해운대구 좌동 421-2,263503133038,부산광역시 해운대구 좌동로,113,,2635010700104210002023003,,부산광역시 해운대구 좌동로 113,612835,48079,,,,129.176997706186,35.1734689108966
MA010120220811423775,삼천리자전거정관,중앙점,G2,소매,G213,오락용품 소매,G21305,자전거 소매업,G47632,자전거 및 기타 운송장비 소매업,26,부산광역시,26710,기장군,26710256,정관읍,2671025621,정관읍,2671025621102880008,1,대지,288,8,부산광역시 기장군 정관읍 방곡리 288-8,267104220245,부산광역시 기장군 정관읍 정관덕산2길,18,2,2671032021102880008004855,,부산광역시 기장군 정관읍 정관덕산2길 18-2,619961,46022,,,,129.18291892268,35.3223815638042
MA010120220811426947,삼천리자전거,,G2,소매,G213,오락용품 소매,G21305,자전거 소매업,G47632,자전거 및 기타 운송장비 소매업,26,부산광역시,26350,해운대구,26350520,우2동,2635010500,우동,2635010500110320002,1,대지,1032,2,부산광역시 해운대구 우동 1032-2,263502006010,부산광역시 해운대구 해운대로,431,,2635010500110320002000002,,부산광역시 해운대구 해운대로 431,612826,48064,,,,129.141884533415,35.1657685933374
MA010120220811437091,삼삼바이크,,G2,소매,G213,오락용품 소매,G21305,자전거 소매업,G47632,자전거 및 기타 운송장비 소매업,26,부산광역시,26350,해운대구,26350553,좌3동,2635010700,좌동,2635010700113560012,1,대지,1356,12,부산광역시 해운대구 좌동 1356-12,263504199215,부산광역시 해운대구 좌동순환로15번길,11,,2635010700113560012015315,,부산광역시 해운대구 좌동순환로15번길 11,612853,48084,,1,,129.166206527637,35.1671562324788
MA010120220811410740,삼천리자전거,,G2,소매,G213,오락용품 소매,G21305,자전거 소매업,G47632,자전거 및 기타 운송장비 소매업,26,부산광역시,26500,수영구,26500730,수영동,2650010200,수영동,2650010200105030024,1,대지,503,24,부산광역시 수영구 수영동 503-24,265003131037,부산광역시 수영구 수영로,733,,2650010200105030024005767,,부산광역시 수영구 수영로 733,613832,48223,,1,,129.119750088557,35.1687263703287
MA010120220811424338,장프로바이크,,G2,소매,G213,오락용품 소매,G21305,자전거 소매업,G47632,자전거 및 기타 운송장비 소매업,26,부산광역시,26350,해운대구,26350551,좌1동,2635010700,좌동,2635010700109960004,1,대지,996,4,부산광역시 해운대구 좌동 996-4,263503133029,부산광역시 해운대구 양운로,105,,2635010700109960004000001,,부산광역시 해운대구 양운로 105,612835,48082,,1,,129.173604310825,35.1721511373922
MA010120220811434555,로카,,G2,소매,G213,오락용품 소매,G21305,자전거 소매업,G47632,자전거 및 기타 운송장비 소매업,26,부산광역시,26500,수영구,26500660,남천1동,2650010500,남천동,2650010500100320015,1,대지,32,15,부산광역시 수영구 남천동 32-15,265003138002,부산광역시 수영구 광남로,67,4,2650010500100320015001270,,부산광역시 수영구 광남로 67-4,613815,48314,,,,129.112853689088,35.1486160471568
MA010120220811432098,에코바이크,,G2,소매,G213,오락용품 소매,G21305,자전거 소매업,G47632,자전거 및 기타 운송장비 소매업,26,부산광역시,26500,수영구,26500800,민락동,2650010300,민락동,2650010300101100033,1,대지,110,33,부산광역시 수영구 민락동 110-33,265003138005,부산광역시 수영구 광안해변로,354,,2650010300101100033004938,석진주빌딩,부산광역시 수영구 광안해변로 354,613827,48280,,,,129.13156997298,35.1557135645506
MA010120220811435988,환바이크,,G2,소매,G213,오락용품 소매,G21305,자전거 소매업,G47632,자전거 및 기타 운송장비 소매업,26,부산광역시,26500,수영구,26500660,남천1동,2650010500,남천동,2650010500105580007,1,대지,558,7,부산광역시 수영구 남천동 558-7,265003138005,부산광역시 수영구 광안해변로,19,1,2650010500105580007007577,,부산광역시 수영구 광안해변로 19-1,613819,48310,,,,129.112444555722,35.1374578877186
MA010120220811415425,삼천리자전거신도시,대리점,G2,소매,G213,오락용품 소매,G21305,자전거 소매업,G47632,자전거 및 기타 운송장비 소매업,26,부산광역시,26350,해운대구,26350551,좌1동,2635010700,좌동,2635010700112950003,1,대지,1295,3,부산광역시 해운대구 좌동 1295-3,263503133001,부산광역시 해운대구 대천로,112,,2635010700112950003022535,,부산광역시 해운대구 대천로 112,612837,48079,,,,129.174553368247,35.1748194858982
MA010120220811487324,기장자전거,,G2,소매,G213,오락용품 소매,G21305,자전거 소매업,G47632,자전거 및 기타 운송장비 소매업,26,부산광역시,26710,기장군,26710250,기장읍,2671025026,기장읍,2671025026100940019,1,대지,94,19,부산광역시 기장군 기장읍 대라리 94-19,267104220274,부산광역시 기장군 기장읍 차성남로89번길,13,,2671025026100940019002527,,부산광역시 기장군 기장읍 차성남로89번길 13,619903,46065,,,,129.217441710991,35.2421575782345
MA010120220811488017,엔디바이크,,G2,소매,G213,오락용품 소매,G21305,자전거 소매업,G47632,자전거 및 기타 운송장비 소매업,41,경기도,41590,화성시,41590570,화산동,4159012600,안녕동,4159012600101880648,1,대지,188,648,경기도 화성시 안녕동 188-648,415903012007,경기도 화성시 효행로,490,7,4159012600101880648000001,,경기도 화성시 효행로 490-7,445380,18324,,2,,126.987146464499,37.2073801818107
MA010120220811480628,반여삼천리자전거,,G2,소매,G213,오락용품 소매,G21305,자전거 소매업,G47632,자전거 및 기타 운송장비 소매업,26,부산광역시,26350,해운대구,26350570,반여1동,2635010300,반여동,2635010300113550015,1,대지,1355,15,부산광역시 해운대구 반여동 1355-15,263503133007,부산광역시 해운대구 반여로,23,1,2635010300113550015007881,,부산광역시 해운대구 반여로 23-1,612815,48043,,,,129.119574940856,35.1949438152616
MA010120220811495114,중앙자전거,,G2,소매,G213,오락용품 소매,G21305,자전거 소매업,G47632,자전거 및 기타 운송장비 소매업,48,경상남도,48240,사천시,48240250,사천읍,4824025024,사천읍,4824025024102560016,1,대지,256,16,경상남도 사천시 사천읍 수석리 256-16,482403334046,경상남도 사천시 사천읍 진삼로,1489,8,4824025024102560016039151,,경상남도 사천시 사천읍 진삼로 1489-8,664805,52519,,,,128.085406888214,35.0843884989079
MA010120220811529205,삼천리자전거,,G2,소매,G213,오락용품 소매,G21305,자전거 소매업,G47632,자전거 및 기타 운송장비 소매업,31,울산광역시,31710,울주군,31710259,범서읍,3171025927,범서읍,3171025927108010007,1,대지,801,7,울산광역시 울주군 범서읍 구영리 801-7,317103173015,울산광역시 울주군 범서읍 구영로,132,,3171025927108010007003440,,울산광역시 울주군 범서읍 구영로 132,689852,44923,,,,129.242662112081,35.5710335270981
MA010120220811532453,흥아자전차,,G2,소매,G213,오락용품 소매,G21305,자전거 소매업,G47632,자전거 및 기타 운송장비 소매업,31,울산광역시,31110,중구,31110520,반구1동,3111011800,반구동,3111011800104470035,1,대지,447,35,울산광역시 중구 반구동 447-35,311103011003,울산광역시 중구 화합로,346,,3111011800104470035020709,,울산광역시 중구 화합로 346,681807,44500,,,,129.341388431484,35.5569462247991
MA010120220811518382,경주자전거점,,G2,소매,G213,오락용품 소매,G21305,자전거 소매업,G47632,자전거 및 기타 운송장비 소매업,31,울산광역시,31110,중구,31110510,학성동,3111010100,학성동,3111010100104230015,1,대지,423,15,울산광역시 중구 학성동 423-15,311104307434,울산광역시 중구 학성1길,4,,3111010100104230015018255,,울산광역시 중구 학성1길 4,681822,44519,,1,,129.328564098088,35.5584561940538
MA010120220811532543,캘빈바이크,,G2,소매,G213,오락용품 소매,G21305,자전거 소매업,G47632,자전거 및 기타 운송장비 소매업,31,울산광역시,31140,남구,31140585,삼호동,3114010100,무거동,3114010100102090017,1,대지,209,17,울산광역시 남구 무거동 209-17,311403169027,울산광역시 남구 북부순환도로,60,,3114010100102090017033657,,울산광역시 남구 북부순환도로 60,680806,44628,,1,,129.270104862034,35.5523901136059
MA010120220811527261,오일루브,,G2,소매,G213,오락용품 소매,G21305,자전거 소매업,G47632,자전거 및 기타 운송장비 소매업,31,울산광역시,31110,중구,31110600,태화동,3111011000,유곡동,3111011000101220013,1,대지,122,13,울산광역시 중구 유곡동 122-13,311103169017,울산광역시 중구 유곡로,48,2,3111011000101220013004102,,울산광역시 중구 유곡로 48-2,681818,44466,,,,129.304207326529,35.5569690817846
MA010120220811514825,수영자전차점,,G2,소매,G213,오락용품 소매,G21305,자전거 소매업,G47632,자전거 및 기타 운송장비 소매업,31,울산광역시,31140,남구,31140625,대현동,3114010800,야음동,3114010800106440011,1,대지,644,11,울산광역시 남구 야음동 644-11,311403169026,울산광역시 남구 번영로,36,,3114010800106440011003837,,울산광역시 남구 번영로 36,680838,44760,,,,129.330872990415,35.528901886518
MA010120220811515143,동방MTB,,G2,소매,G213,오락용품 소매,G21305,자전거 소매업,G47632,자전거 및 기타 운송장비 소매업,48,경상남도,48330,양산시,48330253,물금읍,4833025321,물금읍,4833025321108810018,1,대지,881,18,경상남도 양산시 물금읍 물금리 881-18,483303338089,경상남도 양산시 물금읍 황산로,324,,4833025321108810018000001,,경상남도 양산시 물금읍 황산로 324,626812,50657,,1,,128.987862810209,35.3061561512459
MA010120220811519346,대구자전거,,G2,소매,G213,오락용품 소매,G21305,자전거 소매업,G47632,자전거 및 기타 운송장비 소매업,31,울산광역시,31110,중구,31110585,중앙동,3111010500,옥교동,3111010500103080002,1,대지,308,2,울산광역시 중구 옥교동 308-2,311103169004,울산광역시 중구 구교로,8,,3111010500103080002022233,,울산광역시 중구 구교로 8,681190,44523,,,,129.3255400388,35.5549283800185
MA010120220811521287,세발자전거,,G2,소매,G213,오락용품 소매,G21305,자전거 소매업,G47632,자전거 및 기타 운송장비 소매업,31,울산광역시,31710,울주군,31710259,범서읍,3171025924,범서읍,3171025924100160047,1,대지,16,47,울산광역시 울주군 범서읍 굴화리 16-47,317103011006,울산광역시 울주군 범서읍 울밀로,2813,,3171025924100160047000001,,울산광역시 울주군 범서읍 울밀로 2813,689853,44934,,1,,129.256148878994,35.5584010283073
MA010120220811515427,삼천리자전거,,G2,소매,G213,오락용품 소매,G21305,자전거 소매업,G47632,자전거 및 기타 운송장비 소매업,31,울산광역시,31170,동구,31170550,전하1동,3117010400,전하동,3117010400105500119,1,대지,550,119,울산광역시 동구 전하동 550-119,311704313056,울산광역시 동구 녹수길,78,,3117010400105500119003989,,울산광역시 동구 녹수길 78,682819,44039,,,,129.426702697532,35.5138646380819
MA010120220811523696,즐겨찾기,,G2,소매,G213,오락용품 소매,G21305,자전거 소매업,G47632,자전거 및 기타 운송장비 소매업,31,울산광역시,31110,중구,31110520,반구1동,3111011800,반구동,3111011800108740004,1,대지,874,4,울산광역시 중구 반구동 874-4,311103169028,울산광역시 중구 염포로,72,,3111011800108740004022547,,울산광역시 중구 염포로 72,681808,44498,,,,129.348999990402,35.5604563696412
MA010120220811516132,삼천리자전거농소,대리점,G2,소매,G213,오락용품 소매,G21305,자전거 소매업,G47632,자전거 및 기타 운송장비 소매업,31,울산광역시,31200,북구,31200520,농소2동,3120010500,신천동,3120010500104350001,1,대지,435,1,울산광역시 북구 신천동 435-1,312003172027,울산광역시 북구 호계로,381,1,3120010500104350001013276,,울산광역시 북구 호계로 381-1,683803,44221,,,,129.347237984166,35.6364400703804
MA010120220811223427,권선자전거,,G2,소매,G213,오락용품 소매,G21305,자전거 소매업,G47632,자전거 및 기타 운송장비 소매업,41,경기도,41113,수원시 권선구,41113670,권선1동,4111313700,권선동,4111313700110540024,1,대지,1054,24,경기도 수원시 권선구 권선동 1054-24,411134325293,경기도 수원시 권선구 세권로165번길,30,23,4111313700110540024031055,,경기도 수원시 권선구 세권로165번길 30-23,441824,16566,,1,,127.024461445199,37.2571431788807
MA010120220811235365,삼천리자전거,,G2,소매,G213,오락용품 소매,G21305,자전거 소매업,G47632,자전거 및 기타 운송장비 소매업,48,경상남도,48270,밀양시,48270250,삼랑진읍,4827025021,삼랑진읍,4827025021104240003,1,대지,424,3,경상남도 밀양시 삼랑진읍 송지리 424-3,482703019035,경상남도 밀양시 삼랑진읍 삼랑진로,223,,4827025021104240003009632,,경상남도 밀양시 삼랑진읍 삼랑진로 223,627904,50467,,,,128.836249145452,35.3963467747052
MA010120220811243256,남흥자전거,,G2,소매,G213,오락용품 소매,G21305,자전거 소매업,G47632,자전거 및 기타 운송장비 소매업,48,경상남도,48250,김해시,48250520,회현동,4825010200,서상동,4825010200102610003,1,대지,261,3,경상남도 김해시 서상동 261-3,482504805397,경상남도 김해시 분성로308번길,28,,4825010200102610003053331,,경상남도 김해시 분성로308번길 28,621030,50920,,,,128.880046294837,35.2308210358327
MA010120220811244290,삼천리자전거,,G2,소매,G213,오락용품 소매,G21305,자전거 소매업,G47632,자전거 및 기타 운송장비 소매업,48,경상남도,48270,밀양시,48270520,내이동,4827010200,내이동,4827010200107030038,1,대지,703,38,경상남도 밀양시 내이동 703-38,482703336074,경상남도 밀양시 중앙로,411,1,4827010200107030038041744,,경상남도 밀양시 중앙로 411-1,627803,50427,,,,128.747991357354,35.4965788430705
MA010120220811246172,삼천리자전거내외동,대리점,G2,소매,G213,오락용품 소매,G21305,자전거 소매업,G47632,자전거 및 기타 운송장비 소매업,48,경상남도,48250,김해시,48250540,내외동,4825010800,내동,4825010800111130008,1,대지,1113,8,경상남도 김해시 내동 1113-8,482503335012,경상남도 김해시 내외로,31,,4825010800111130008052720,,경상남도 김해시 내외로 31,621903,50951,,,,128.860614956009,35.2355462138671
MA010120220811238263,부산자전거,,G2,소매,G213,오락용품 소매,G21305,자전거 소매업,G47632,자전거 및 기타 운송장비 소매업,48,경상남도,48250,김해시,48250550,북부동,4825010500,대성동,4825010500101060005,1,대지,106,5,경상남도 김해시 대성동 106-5,482504805098,경상남도 김해시 구지로124번길,2,4,4825010500101060005086297,,경상남도 김해시 구지로124번길 2-4,621050,50917,,,,128.876704364884,35.2387943334721
MA010120220811244445,M-바이크,,G2,소매,G213,오락용품 소매,G21305,자전거 소매업,G47632,자전거 및 기타 운송장비 소매업,48,경상남도,48740,창녕군,48740250,창녕읍,4874025022,창녕읍,4874025022110660001,1,대지,1066,1,경상남도 창녕군 창녕읍 교리 1066-1,487402341004,경상남도 창녕군 창녕읍 우포1대로,1610,,4874025022110660001003177,,경상남도 창녕군 창녕읍 우포1대로 1610,635801,50322,,,,128.489085840384,35.5422743106757
MA010120220811217487,신광자전거,,G2,소매,G213,오락용품 소매,G21305,자전거 소매업,G47632,자전거 및 기타 운송장비 소매업,48,경상남도,48850,하동군,48850410,옥종면,4885041021,옥종면,4885041021101240021,1,대지,124,21,경상남도 하동군 옥종면 청룡리 124-21,488503344006,경상남도 하동군 옥종면 덕천로,6,,4885041021101240021029422,,경상남도 하동군 옥종면 덕천로 6,667893,52313,,1,,127.879627376894,35.1824438506339
MA010120220811219606,삼천리자전거남해,대리점,G2,소매,G213,오락용품 소매,G21305,자전거 소매업,G47632,자전거 및 기타 운송장비 소매업,48,경상남도,48840,남해군,48840250,남해읍,4884025023,남해읍,4884025023103550001,1,대지,355,1,경상남도 남해군 남해읍 남변리 355-1,488404829404,경상남도 남해군 남해읍 화전로38번길,20,,4884025023103550001000001,,경상남도 남해군 남해읍 화전로38번길 20,668801,52422,,,,127.895437349789,34.8367706916649
MA010120220811247792,코렉스자전거남지,대리점,G2,소매,G213,오락용품 소매,G21305,자전거 소매업,G47632,자전거 및 기타 운송장비 소매업,48,경상남도,48740,창녕군,48740253,남지읍,4874025321,남지읍,4874025321107270007,1,대지,727,7,경상남도 창녕군 남지읍 남지리 727-7,487403341050,경상남도 창녕군 남지읍 낙동로,428,,4874025321107240010017623,,경상남도 창녕군 남지읍 낙동로 428,635903,50355,,,,128.471224681376,35.3881422995514
MA010120220811243637,공성열프로바이크,,G2,소매,G213,오락용품 소매,G21305,자전거 소매업,G47632,자전거 및 기타 운송장비 소매업,48,경상남도,48250,김해시,48250565,칠산서부동,4825011500,전하동,4825011500100430008,1,대지,43,8,경상남도 김해시 전하동 43-8,482504805711,경상남도 김해시 전하로176번길,89,1,4825011500100430008000001,,경상남도 김해시 전하로176번길 89-1,621100,50939,,,,128.87458511864,35.2245073361267
MA010120220811213833,광평자전거,,G2,소매,G213,오락용품 소매,G21305,자전거 소매업,G47632,자전거 및 기타 운송장비 소매업,48,경상남도,48850,하동군,48850250,하동읍,4885025022,하동읍,4885025022102750000,1,대지,275,,경상남도 하동군 하동읍 광평리 275,488504832277,경상남도 하동군 하동읍 송림1길,3,,4885025022102750000023390,,경상남도 하동군 하동읍 송림1길 3,667801,52332,,,,127.748369986276,35.0649081484845
MA010120220811258887,삼천리자전거,,G2,소매,G213,오락용품 소매,G21305,자전거 소매업,G47632,자전거 및 기타 운송장비 소매업,48,경상남도,48250,김해시,48250550,북부동,4825010700,삼계동,4825010700114300012,1,대지,1430,12,경상남도 김해시 삼계동 1430-12,482504805448,경상남도 김해시 삼계중앙로13번길,55,,4825010700114300012089041,,경상남도 김해시 삼계중앙로13번길 55,621070,50896,,,,128.865220043375,35.2649170411748
MA010120220811271518,삼천리자전거진영,신도시점,G2,소매,G213,오락용품 소매,G21305,자전거 소매업,G47632,자전거 및 기타 운송장비 소매업,48,경상남도,48250,김해시,48250250,진영읍,4825025026,진영읍,4825025026115850002,1,대지,1585,2,경상남도 김해시 진영읍 진영리 1585-2,482504805744,경상남도 김해시 진영읍 진산대로54번길,1,10,4825025026115850002000001,상가산들빌,경상남도 김해시 진영읍 진산대로54번길 1-10,621809,50862,,1,,128.727227404131,35.3112513684869
MA010120220811278238,알톤스포츠,,G2,소매,G213,오락용품 소매,G21305,자전거 소매업,G47632,자전거 및 기타 운송장비 소매업,48,경상남도,48250,김해시,48250550,북부동,4825010600,구산동,4825010600110600006,1,대지,1060,6,경상남도 김해시 구산동 1060-6,482503335067,경상남도 김해시 해반천로,20,,4825010600110600006000001,상가,경상남도 김해시 해반천로 20,621901,50905,,1,,128.870099770693,35.2506210166723
MA010120220811256660,창원MTB,,G2,소매,G213,오락용품 소매,G21305,자전거 소매업,G47632,자전거 및 기타 운송장비 소매업,48,경상남도,48123,창원시 성산구,48123540,사파동,4812313000,사파동,4812313000100560020,1,대지,56,20,경상남도 창원시 성산구 사파동 56-20,481234784125,경상남도 창원시 성산구 비음로67번길,6,,4812313000100560020033591,,경상남도 창원시 성산구 비음로67번길 6,642826,51455,,,,128.702350839473,35.2268905167756
MA010120220811265850,금바다바이크,,G2,소매,G213,오락용품 소매,G21305,자전거 소매업,G47632,자전거 및 기타 운송장비 소매업,48,경상남도,48250,김해시,48250520,회현동,4825010400,봉황동,4825010400100230004,1,대지,23,4,경상남도 김해시 봉황동 23-4,482504805185,경상남도 김해시 김해대로2325번길,31,,4825010400100230004089646,,경상남도 김해시 김해대로2325번길 31,621040,50926,,,,128.880489875377,35.2291018907217
MA010120220811286546,오광케어,,G2,소매,G213,오락용품 소매,G21305,자전거 소매업,G47632,자전거 및 기타 운송장비 소매업,43,충청북도,43111,청주시 상당구,43111545,성안동,4311110900,서문동,4311110900101770002,1,대지,177,2,충청북도 청주시 상당구 서문동 177-2,431114508240,충청북도 청주시 상당구 무심동로372번길,40,,4311110900101770002086698,서문동,충청북도 청주시 상당구 무심동로372번길 40,360130,28528,,,,127.485794438159,36.6338170627902
MA010120220811259658,삼천리자전거,진영점,G2,소매,G213,오락용품 소매,G21305,자전거 소매업,G47632,자전거 및 기타 운송장비 소매업,48,경상남도,48250,김해시,48250250,진영읍,4825025026,진영읍,4825025026116300002,1,대지,1630,2,경상남도 김해시 진영읍 진영리 1630-2,482503335052,경상남도 김해시 진영읍 장등로,34,,4825025026116300002072277,,경상남도 김해시 진영읍 장등로 34,621809,50858,,,,128.73548736431,35.3093396883866
MA010120220811260445,알톤자전거,,G2,소매,G213,오락용품 소매,G21305,자전거 소매업,G47632,자전거 및 기타 운송장비 소매업,48,경상남도,48250,김해시,48250540,내외동,4825010900,외동,4825010900111860016,1,대지,1186,16,경상남도 김해시 외동 1186-16,482503335074,경상남도 김해시 우암로,39,1,4825010900111860016052818,,경상남도 김해시 우암로 39-1,621919,50955,,,,128.860498512765,35.2342953526631
MA010120220811275723,신용이.에스모터샵,,G2,소매,G213,오락용품 소매,G21305,자전거 소매업,G47632,자전거 및 기타 운송장비 소매업,48,경상남도,48250,김해시,48250540,내외동,4825010800,내동,4825010800101520003,1,대지,152,3,경상남도 김해시 내동 152-3,482502335002,경상남도 김해시 금관대로,1331,,4825010800101520003084585,,경상남도 김해시 금관대로 1331,621903,50891,,,,128.864075218541,35.2422788946139
MA010120220811275867,맨온바이크,,G2,소매,G213,오락용품 소매,G21305,자전거 소매업,G47632,자전거 및 기타 운송장비 소매업,48,경상남도,48250,김해시,48250540,내외동,4825010800,내동,4825010800110990004,1,대지,1099,4,경상남도 김해시 내동 1099-4,482502335002,경상남도 김해시 금관대로,1282,1,4825010800110990004012203,,경상남도 김해시 금관대로 1282-1,621903,50951,,2,,128.860492220003,35.2388284253765
MA010120220811257555,삼천리자전거,,G2,소매,G213,오락용품 소매,G21305,자전거 소매업,G47632,자전거 및 기타 운송장비 소매업,48,경상남도,48250,김해시,48250550,북부동,4825010600,구산동,4825010600110580007,1,대지,1058,7,경상남도 김해시 구산동 1058-7,482504805096,경상남도 김해시 구산로5번길,5,,4825010600110580007089263,,경상남도 김해시 구산로5번길 5,621901,50904,,,,128.869016536209,35.2493760982006
MA010120220811257781,삼천리자전거서부산M.T.B,,G2,소매,G213,오락용품 소매,G21305,자전거 소매업,G47632,자전거 및 기타 운송장비 소매업,26,부산광역시,26440,강서구,26440545,명지2동,2644010400,명지동,2644010400132290015,1,대지,3229,15,부산광역시 강서구 명지동 3229-15,264403136050,부산광역시 강서구 명지오션시티9로,57,,2644010400132290015000001,,부산광역시 강서구 명지오션시티9로 57,618814,46762,,,,128.9032645376,35.0885835932966
MA010120220811267349,삼천리자전거점썬바이크,삼계동,G2,소매,G213,오락용품 소매,G21305,자전거 소매업,G47632,자전거 및 기타 운송장비 소매업,48,경상남도,48250,김해시,48250550,북부동,4825010700,삼계동,4825010700115000011,1,대지,1500,11,경상남도 김해시 삼계동 1500-11,482503335072,경상남도 김해시 삼계로,7,,4825010700115000011089201,,경상남도 김해시 삼계로 7,621070,50903,,1,,128.86692096807,35.2571586435873
MA010120220811285333,트윈플러스,,G2,소매,G213,오락용품 소매,G21305,자전거 소매업,G47632,자전거 및 기타 운송장비 소매업,11,서울특별시,11740,강동구,11740610,천호2동,1174010900,천호동,1174010900102970002,1,대지,297,2,서울특별시 강동구 천호동 297-2,117403016054,서울특별시 강동구 구천면로,279,,1174010900102970002008979,,서울특별시 강동구 구천면로 279,134867,05320,,1,,127.132892325893,37.5450643422975
MA010120220811255469,종합자전거,,G2,소매,G213,오락용품 소매,G21305,자전거 소매업,G47632,자전거 및 기타 운송장비 소매업,48,경상남도,48270,밀양시,48270520,내이동,4827010200,내이동,4827010200110200007,1,대지,1020,7,경상남도 밀양시 내이동 1020-7,482703336046,경상남도 밀양시 약산로,20,1,4827010200110200007042466,일부,경상남도 밀양시 약산로 20-1,627803,50426,,1,,128.74690227014,35.4925934167307
MA010120220811250982,창녕삼천리자전거,대리점,G2,소매,G213,오락용품 소매,G21305,자전거 소매업,G47632,자전거 및 기타 운송장비 소매업,48,경상남도,48740,창녕군,48740250,창녕읍,4874025026,창녕읍,4874025026100340003,1,대지,34,3,경상남도 창녕군 창녕읍 직교리 34-3,487402341004,경상남도 창녕군 창녕읍 우포1대로,1593,,4874025026100340003003723,,경상남도 창녕군 창녕읍 우포1대로 1593,635806,50318,,,,128.487420117794,35.5416369935362
MA010120220811305326,삼천리자전거,,G2,소매,G213,오락용품 소매,G21305,자전거 소매업,G47632,자전거 및 기타 운송장비 소매업,50,제주특별자치도,50130,서귀포시,50130250,대정읍,5013025022,대정읍,5013025022108480014,1,대지,848,14,제주특별자치도 서귀포시 대정읍 하모리 848-14,501303350186,제주특별자치도 서귀포시 대정읍 신영로,103,,5013025022108480014000001,,제주특별자치도 서귀포시 대정읍 신영로 103,699935,63508,,,,126.25359603017,33.2212825926955
MA010120220811315467,일주동로자전거,,G2,소매,G213,오락용품 소매,G21305,자전거 소매업,G47632,자전거 및 기타 운송장비 소매업,50,제주특별자치도,50110,제주시,50110600,화북동,5011011100,화북일동,5011011100120510004,1,대지,2051,4,제주특별자치도 제주시 화북일동 2051-4,501103349235,제주특별자치도 제주시 일주동로,210,,5011011100120510004053120,,제주특별자치도 제주시 일주동로 210,690838,63300,,,,126.568011450897,33.5186809528327
MA010120220811322559,제주바이크,,G2,소매,G213,오락용품 소매,G21305,자전거 소매업,G47632,자전거 및 기타 운송장비 소매업,50,제주특별자치도,50110,제주시,50110640,오라동,5011012100,오라삼동,5011012100127280000,1,대지,2728,,제주특별자치도 제주시 오라삼동 2728,501103349137,제주특별자치도 제주시 연삼로,73,,5011012100127280000000001,,제주특별자치도 제주시 연삼로 73,690163,63148,,,,126.500332203248,33.493695823299
MA010120220811326678,자전거탄풍경삼천리자전거,대리점,G2,소매,G213,오락용품 소매,G21305,자전거 소매업,G47632,자전거 및 기타 운송장비 소매업,50,제주특별자치도,50110,제주시,50110540,이도2동,5011010400,이도이동,5011010400119870012,1,대지,1987,12,제주특별자치도 제주시 이도이동 1987-12,501103349184,제주특별자치도 제주시 중앙로,361,,5011010400106290001000001,,제주특별자치도 제주시 중앙로 361,690851,63231,,,,126.538747133456,33.4897966129437
MA010120220811308883,신광자전차,,G2,소매,G213,오락용품 소매,G21305,자전거 소매업,G47632,자전거 및 기타 운송장비 소매업,50,제주특별자치도,50110,제주시,50110580,용담2동,5011010900,용담이동,5011010900126800005,1,대지,2680,5,제주특별자치도 제주시 용담이동 2680-5,501103349154,제주특별자치도 제주시 용문로,154,,5011010900126800005015389,,제주특별자치도 제주시 용문로 154,690822,63161,,,,126.510063476373,33.5083404596019
MA010120220811309010,제주하이킹,,G2,소매,G213,오락용품 소매,G21305,자전거 소매업,G47632,자전거 및 기타 운송장비 소매업,50,제주특별자치도,50110,제주시,50110580,용담2동,5011010900,용담이동,5011010900106730026,1,대지,673,26,제주특별자치도 제주시 용담이동 673-26,501103349154,제주특별자치도 제주시 용문로,119,1,5011010900106730026015481,,제주특별자치도 제주시 용문로 119-1,690821,63159,,,,126.508010483974,33.5059701571855
MA010120220811316434,삼천리자전차포,,G2,소매,G213,오락용품 소매,G21305,자전거 소매업,G47632,자전거 및 기타 운송장비 소매업,50,제주특별자치도,50130,서귀포시,50130550,효돈동,5013010800,하효동,5013010800101170000,1,대지,117,,제주특별자치도 서귀포시 하효동 117,501303350333,제주특별자치도 서귀포시 효돈로,183,,5013010800101170000038366,,제주특별자치도 서귀포시 효돈로 183,697030,63606,,,,126.618457885833,33.263690328111
MA010120220811321647,제주그린바이크,,G2,소매,G213,오락용품 소매,G21305,자전거 소매업,G47632,자전거 및 기타 운송장비 소매업,50,제주특별자치도,50110,제주시,50110520,일도2동,5011010200,일도이동,5011010200100730005,1,대지,73,5,제주특별자치도 제주시 일도이동 73-5,501103349137,제주특별자치도 제주시 연삼로,528,,5011010200100730005032686,,제주특별자치도 제주시 연삼로 528,690831,63260,,,,126.545637422118,33.5014436127729
MA010120220811321813,제주싸이클,,G2,소매,G213,오락용품 소매,G21305,자전거 소매업,G47632,자전거 및 기타 운송장비 소매업,50,제주특별자치도,50110,제주시,50110520,일도2동,5011010200,일도이동,5011010200100720003,1,대지,72,3,제주특별자치도 제주시 일도이동 72-3,501103349137,제주특별자치도 제주시 연삼로,520,,5011010200100720003032675,,제주특별자치도 제주시 연삼로 520,690831,63260,,,,126.544918431027,33.5010532890585
MA010120220811327568,제주프로샵,,G2,소매,G213,오락용품 소매,G21305,자전거 소매업,G47632,자전거 및 기타 운송장비 소매업,50,제주특별자치도,50110,제주시,50110540,이도2동,5011010400,이도이동,5011010400110220002,1,대지,1022,2,제주특별자치도 제주시 이도이동 1022-2,501103349137,제주특별자치도 제주시 연삼로,374,,5011010400110220002044704,,제주특별자치도 제주시 연삼로 374,690826,63222,,,,126.532141920702,33.4935044499465
MA010120220811340049,신제주삼천리자전거,,G2,소매,G213,오락용품 소매,G21305,자전거 소매업,G47632,자전거 및 기타 운송장비 소매업,50,제주특별자치도,50110,제주시,50110650,연동,5011013700,연동,5011013700102920064,1,대지,292,64,제주특별자치도 제주시 연동 292-64,501104848594,제주특별자치도 제주시 은남길,14,,5011013700102920064010472,,제주특별자치도 제주시 은남길 14,690814,63124,,,,126.495670697645,33.4884927852112
MA010120220811352015,삼천리자전거,,G2,소매,G213,오락용품 소매,G21305,자전거 소매업,G47632,자전거 및 기타 운송장비 소매업,50,제주특별자치도,50130,서귀포시,50130320,표선면,5013032021,표선면,5013032021110210006,1,대지,1021,6,제주특별자치도 서귀포시 표선면 표선리 1021-6,501303350285,제주특별자치도 서귀포시 표선면 표선동서로,202,,5013032021110210006000001,,제주특별자치도 서귀포시 표선면 표선동서로 202,699915,63629,,,,126.830946162678,33.3219825069422
MA010120220811355911,제주원바이크,,G2,소매,G213,오락용품 소매,G21305,자전거 소매업,G47632,자전거 및 기타 운송장비 소매업,50,제주특별자치도,50130,서귀포시,50130570,동홍동,5013010500,동홍동,5013010500115550005,1,대지,1555,5,제주특별자치도 서귀포시 동홍동 1555-5,501303350347,제주특별자치도 서귀포시 중앙로,168,,5013010500115550005031562,,제주특별자치도 서귀포시 중앙로 168,697839,63585,,,,126.559761734308,33.2594660858922
MA010120220811348974,자전거빌리지,,G2,소매,G213,오락용품 소매,G21305,자전거 소매업,G47632,자전거 및 기타 운송장비 소매업,50,제주특별자치도,50110,제주시,50110520,일도2동,5011010200,일도이동,5011010200101410000,1,대지,141,,제주특별자치도 제주시 일도이동 141,501103349056,제주특별자치도 제주시 동문로,148,,5011010200101410000062443,,제주특별자치도 제주시 동문로 148,690832,63251,,,,126.542110311949,33.5131873880846
MA010120220811360533,사이클허브CYCLEHUB,,G2,소매,G213,오락용품 소매,G21305,자전거 소매업,G47632,자전거 및 기타 운송장비 소매업,50,제주특별자치도,50130,서귀포시,50130250,대정읍,5013025029,대정읍,5013025029124760013,1,대지,2476,13,제주특별자치도 서귀포시 대정읍 보성리 2476-13,501303350503,제주특별자치도 서귀포시 대정읍 글로벌에듀로,382,,5013025029124760013000001,제주이노에듀타운,제주특별자치도 서귀포시 대정읍 글로벌에듀로 382,699931,63644,,,,126.27698808681,33.2803590918408
MA010120220811074577,제일자전거,,G2,소매,G213,오락용품 소매,G21305,자전거 소매업,G47632,자전거 및 기타 운송장비 소매업,48,경상남도,48870,함양군,48870250,함양읍,4887025021,함양읍,4887025021100850001,1,대지,85,1,경상남도 함양군 함양읍 운림리 85-1,488704838470,경상남도 함양군 함양읍 학사루길,33,1,4887025021100850001014554,,경상남도 함양군 함양읍 학사루길 33-1,676806,50042,,,,127.724421879597,35.5195510125048
MA010120220811074848,스마트자전거,,G2,소매,G213,오락용품 소매,G21305,자전거 소매업,G47632,자전거 및 기타 운송장비 소매업,48,경상남도,48870,함양군,48870250,함양읍,4887025022,함양읍,4887025022106110013,1,대지,611,13,경상남도 함양군 함양읍 용평리 611-13,488704838325,경상남도 함양군 함양읍 용평1길,10,,4887025022106110013010626,,경상남도 함양군 함양읍 용평1길 10,676805,50040,,,,127.729011350851,35.519928938754
MA010120220811077372,삼광자전거,,G2,소매,G213,오락용품 소매,G21305,자전거 소매업,G47632,자전거 및 기타 운송장비 소매업,48,경상남도,48890,합천군,48890250,합천읍,4889025021,합천읍,4889025021105280000,1,대지,528,,경상남도 합천군 합천읍 합천리 528,488903348045,경상남도 합천군 합천읍 동서로,45,,4889025021105280000001520,,경상남도 합천군 합천읍 동서로 45,678804,50232,,,,128.157580579248,35.5674794648816
MA010120220811093765,알톤스마트자전거판매및수리,,G2,소매,G213,오락용품 소매,G21305,자전거 소매업,G47632,자전거 및 기타 운송장비 소매업,48,경상남도,48310,거제시,48310580,고현동,4831010900,고현동,4831010900109970014,1,대지,997,14,경상남도 거제시 고현동 997-14,483104811662,경상남도 거제시 중곡로3길,12,,4831010900109970014015101,,경상남도 거제시 중곡로3길 12,656936,53249,,,,128.629122694862,34.8940846604487
MA010120220811075116,삼천리자전거함양,대리점,G2,소매,G213,오락용품 소매,G21305,자전거 소매업,G47632,자전거 및 기타 운송장비 소매업,48,경상남도,48870,함양군,48870250,함양읍,4887025022,함양읍,4887025022107540001,1,대지,754,1,경상남도 함양군 함양읍 용평리 754-1,488704838330,경상남도 함양군 함양읍 용평6길,1,,4887025022107540001010563,,경상남도 함양군 함양읍 용평6길 1,676805,50045,,,,127.726198265477,35.5172690993104
MA010120220811094455,알톤자전거,,G2,소매,G213,오락용품 소매,G21305,자전거 소매업,G47632,자전거 및 기타 운송장비 소매업,48,경상남도,48820,고성군,48820250,고성읍,4882025024,고성읍,4882025024103080004,1,대지,308,4,경상남도 고성군 고성읍 동외리 308-4,488203342038,경상남도 고성군 고성읍 성내로,149,,4882025024103080004008684,,경상남도 고성군 고성읍 성내로 149,638803,52943,,,,128.324660883692,34.9732062196531
MA010120220811095229,삼천리자전거,,G2,소매,G213,오락용품 소매,G21305,자전거 소매업,G47632,자전거 및 기타 운송장비 소매업,48,경상남도,48220,통영시,48220530,명정동,4822010200,서호동,4822010200101770331,1,대지,177,331,경상남도 통영시 서호동 177-331,482203333033,경상남도 통영시 중앙로,85,,4822010200101770331026246,,경상남도 통영시 중앙로 85,650100,53062,,,,128.418658476002,34.8418882633896
MA010120220811075348,삼천리자전거,,G2,소매,G213,오락용품 소매,G21305,자전거 소매업,G47632,자전거 및 기타 운송장비 소매업,48,경상남도,48870,함양군,48870250,함양읍,4887025024,함양읍,4887025024109790011,1,대지,979,11,경상남도 함양군 함양읍 교산리 979-11,488703346025,경상남도 함양군 함양읍 함양로,1147,,4887025024109790011010501,,경상남도 함양군 함양읍 함양로 1147,676801,50034,,1,,127.727601504815,35.5212893743282
MA010120220811095636,삼천리자전거,,G2,소매,G213,오락용품 소매,G21305,자전거 소매업,G47632,자전거 및 기타 운송장비 소매업,48,경상남도,48310,거제시,48310560,옥포2동,4831010600,옥포동,4831010600105120001,1,대지,512,1,경상남도 거제시 옥포동 512-1,483103337033,경상남도 거제시 옥포중앙로,54,,4831010600105120001042536,,경상남도 거제시 옥포중앙로 54,656906,53222,,1,,128.691634910966,34.8961146119293
MA010120220811064988,거창코렉스자전거,대리점,G2,소매,G213,오락용품 소매,G21305,자전거 소매업,G47632,자전거 및 기타 운송장비 소매업,48,경상남도,48880,거창군,48880250,거창읍,4888025022,거창읍,4888025022103450015,1,대지,345,15,경상남도 거창군 거창읍 중앙리 345-15,488803347003,경상남도 거창군 거창읍 거열로,166,,4888025022103450015020792,,경상남도 거창군 거창읍 거열로 166,670809,50133,,,,127.911898868876,35.6898695229873
MA010120220811073558,훈이오토바이자전거판매수리,,G2,소매,G213,오락용품 소매,G21305,자전거 소매업,G47632,자전거 및 기타 운송장비 소매업,48,경상남도,48880,거창군,48880250,거창읍,4888025021,거창읍,4888025021100270013,1,대지,27,13,경상남도 거창군 거창읍 상림리 27-13,488803347003,경상남도 거창군 거창읍 거열로,129,,4888025021100270013021025,,경상남도 거창군 거창읍 거열로 129,670806,50129,,1,,127.907880633176,35.6891608757558
MA010120220811080074,한진자전거,,G2,소매,G213,오락용품 소매,G21305,자전거 소매업,G47632,자전거 및 기타 운송장비 소매업,48,경상남도,48880,거창군,48880250,거창읍,4888025022,거창읍,4888025022103280016,1,대지,328,16,경상남도 거창군 거창읍 중앙리 328-16,488803347008,경상남도 거창군 거창읍 아림로,56,,4888025022103280016020691,,경상남도 거창군 거창읍 아림로 56,670808,50133,,,,127.909989966433,35.6881265430269
MA010120220811082469,푸른길MTB,,G2,소매,G213,오락용품 소매,G21305,자전거 소매업,G47632,자전거 및 기타 운송장비 소매업,29,광주광역시,29155,남구,29155520,방림1동,2915511400,방림동,2915511400105400005,1,대지,540,5,광주광역시 남구 방림동 540-5,291552009001,광주광역시 남구 대남대로,115,,2915511400105400005001042,,광주광역시 남구 대남대로 115,503802,61665,,,,126.912452606837,35.1339135397873
MA010120220811093386,새한자전거,,G2,소매,G213,오락용품 소매,G21305,자전거 소매업,G47632,자전거 및 기타 운송장비 소매업,48,경상남도,48310,거제시,48310540,아주동,4831010500,아주동,4831010500100010000,1,대지,1,,경상남도 거제시 아주동 1,483102006004,경상남도 거제시 거제대로,3370,,4831010300100980000036722,대우조선내,경상남도 거제시 거제대로 3370,656714,53302,,,,128.725308858965,34.8816716937486
MA010120220811066677,한일윤업사,,G2,소매,G213,오락용품 소매,G21305,자전거 소매업,G47632,자전거 및 기타 운송장비 소매업,48,경상남도,48880,거창군,48880250,거창읍,4888025023,거창읍,4888025023108240001,1,대지,824,1,경상남도 거창군 거창읍 대동리 824-1,488803347018,경상남도 거창군 거창읍 중앙로,166,,4888025023108240001021349,,경상남도 거창군 거창읍 중앙로 166,670803,50137,,,,127.916482036235,35.6878069185527
MA010120220811094499,바이텍자전거,,G2,소매,G213,오락용품 소매,G21305,자전거 소매업,G47632,자전거 및 기타 운송장비 소매업,48,경상남도,48310,거제시,48310560,옥포2동,4831010600,옥포동,4831010600106500001,1,대지,650,1,경상남도 거제시 옥포동 650-1,483103337032,경상남도 거제시 옥포성안로,80,,4831010600106500001042971,,경상남도 거제시 옥포성안로 80,656907,53230,,1,,128.694963878974,34.8936258061426
MA010120220811085774,루키바이크,,G2,소매,G213,오락용품 소매,G21305,자전거 소매업,G47632,자전거 및 기타 운송장비 소매업,48,경상남도,48170,진주시,48170555,성북동,4817010700,남성동,4817010700102740011,1,대지,274,11,경상남도 진주시 남성동 274-11,481704796749,경상남도 진주시 서장대로407번길,3,8,4817010700102740011207315,,경상남도 진주시 서장대로407번길 3-8,660030,52689,,1,,128.073843095626,35.187475063541
MA010120220811065858,삼천리자전거,,G2,소매,G213,오락용품 소매,G21305,자전거 소매업,G47632,자전거 및 기타 운송장비 소매업,48,경상남도,48880,거창군,48880250,거창읍,4888025022,거창읍,4888025022104830032,1,대지,483,32,경상남도 거창군 거창읍 중앙리 483-32,488803347014,경상남도 거창군 거창읍 강변로,131,,4888025022104830032021585,,경상남도 거창군 거창읍 강변로 131,670809,50138,,,,127.911430895397,35.6846638766458
MA010120220811112188,삼천리자전거고현,대리점,G2,소매,G213,오락용품 소매,G21305,자전거 소매업,G47632,자전거 및 기타 운송장비 소매업,48,경상남도,48310,거제시,48310580,고현동,4831010900,고현동,4831010900101730001,1,대지,173,1,경상남도 거제시 고현동 173-1,483103337005,경상남도 거제시 거제중앙로,1820,,4831010900101730001026076,,경상남도 거제시 거제중앙로 1820,656931,53259,,1,,128.626963140405,34.8810901890764
MA010120220811103399,동문자전거,,G2,소매,G213,오락용품 소매,G21305,자전거 소매업,G47632,자전거 및 기타 운송장비 소매업,48,경상남도,48310,거제시,48310540,아주동,4831010500,아주동,4831010500100010000,1,대지,1,,경상남도 거제시 아주동 1,483102006004,경상남도 거제시 거제대로,3370,,4831010300100980000036722,대우조선해양,경상남도 거제시 거제대로 3370,656714,53302,,,,128.725308858965,34.8816716937486
MA010120220811129596,프로엔진팩토리,,G2,소매,G213,오락용품 소매,G21305,자전거 소매업,G47632,자전거 및 기타 운송장비 소매업,41,경기도,41113,수원시 권선구,41113520,세류1동,4111312600,세류동,4111312600102290050,1,대지,229,50,경기도 수원시 권선구 세류동 229-50,411133175010,경기도 수원시 권선구 권선로,526,,4111312600102290050034780,,경기도 수원시 권선구 권선로 526,441862,16593,,1,,127.008951134331,37.2632724580241
MA010120220811103863,영일자전거,,G2,소매,G213,오락용품 소매,G21305,자전거 소매업,G47632,자전거 및 기타 운송장비 소매업,48,경상남도,48220,통영시,48220590,정량동,4822010800,동호동,4822010800100470020,1,대지,47,20,경상남도 통영시 동호동 47-20,482204799490,경상남도 통영시 항북길,63,11,4822010800100470020000001,,경상남도 통영시 항북길 63-11,650806,53052,,,,128.429262602961,34.8444139502623
MA010120220811129669,중앙자전거,,G2,소매,G213,오락용품 소매,G21305,자전거 소매업,G47632,자전거 및 기타 운송장비 소매업,48,경상남도,48820,고성군,48820250,고성읍,4882025024,고성읍,4882025024103070001,1,대지,307,1,경상남도 고성군 고성읍 동외리 307-1,488203342038,경상남도 고성군 고성읍 성내로,149,3,4882025024103070001008678,,경상남도 고성군 고성읍 성내로 149-3,638803,52943,,,,128.324430399171,34.9731726818769
MA010120220811129689,삼천리자전거,,G2,소매,G213,오락용품 소매,G21305,자전거 소매업,G47632,자전거 및 기타 운송장비 소매업,48,경상남도,48820,고성군,48820250,고성읍,4882025022,고성읍,4882025022101210010,1,대지,121,10,경상남도 고성군 고성읍 서외리 121-10,488203342038,경상남도 고성군 고성읍 성내로,104,,4882025022101210010012100,,경상남도 고성군 고성읍 성내로 104,638808,52935,,,,128.320043296597,34.9747707019183
MA010120220811148393,남강MTB,,G2,소매,G213,오락용품 소매,G21305,자전거 소매업,G47632,자전거 및 기타 운송장비 소매업,48,경상남도,48170,진주시,48170715,신안동,4817012500,신안동,4817012500100170048,1,대지,17,48,경상남도 진주시 신안동 17-48,481703332011,경상남도 진주시 남강로,539,1,4817012500100170048207356,,경상남도 진주시 남강로 539-1,660905,52693,,1,,128.074505665898,35.1860992074501
MA010120220811167786,대지자전거상회,,G2,소매,G213,오락용품 소매,G21305,자전거 소매업,G47632,자전거 및 기타 운송장비 소매업,48,경상남도,48170,진주시,48170680,상평동,4817012100,상평동,4817012100102680014,1,대지,268,14,경상남도 진주시 상평동 268-14,481704796813,경상남도 진주시 솔밭로79번길,23,1,4817012100102680014406509,,경상남도 진주시 솔밭로79번길 23-1,660904,52806,,,,128.104692567813,35.1760575134689
MA010120220811153975,비봉자전거,,G2,소매,G213,오락용품 소매,G21305,자전거 소매업,G47632,자전거 및 기타 운송장비 소매업,48,경상남도,48170,진주시,48170565,중앙동,4817011000,평안동,4817011000100650001,1,대지,65,1,경상남도 진주시 평안동 65-1,481704797020,경상남도 진주시 의곡길,13,1,4817011000100650001002025,,경상남도 진주시 의곡길 13-1,660230,52750,,,,128.082189187256,35.198405643743
MA010120220811159278,민바이크,,G2,소매,G213,오락용품 소매,G21305,자전거 소매업,G47632,자전거 및 기타 운송장비 소매업,48,경상남도,48170,진주시,48170515,천전동,4817010200,주약동,4817010200100830001,1,대지,83,1,경상남도 진주시 주약동 83-1,481702332003,경상남도 진주시 진주대로,822,,4817010200100830001404791,,경상남도 진주시 진주대로 822,660290,52727,,1,,128.093701239946,35.1741834158478
MA010120220811163162,삼천리자전거,평거점,G2,소매,G213,오락용품 소매,G21305,자전거 소매업,G47632,자전거 및 기타 운송장비 소매업,48,경상남도,48170,진주시,48170730,판문동,4817012600,평거동,4817012600108150000,1,대지,815,,경상남도 진주시 평거동 815,481704838064,경상남도 진주시 새들말로22번길,6,8,4817012600108150000000001,,경상남도 진주시 새들말로22번길 6-8,660816,52704,,,,128.056498978588,35.1655997209198
MA010120220811169203,자전거마트,,G2,소매,G213,오락용품 소매,G21305,자전거 소매업,G47632,자전거 및 기타 운송장비 소매업,48,경상남도,48240,사천시,48240310,정동면,4824031021,정동면,4824031021105480020,1,대지,548,20,경상남도 사천시 정동면 고읍리 548-20,482404802164,경상남도 사천시 정동면 동계길,28,,4824031021105480020055891,서쪽도로맨좌측금손빌딩,경상남도 사천시 정동면 동계길 28,664932,52521,,1,,128.085875096617,35.075866869438
MA010120220811152782,에디스바이크샵,,G2,소매,G213,오락용품 소매,G21305,자전거 소매업,G47632,자전거 및 기타 운송장비 소매업,46,전라남도,46230,광양시,46230530,중마동,4623010600,중동,4623010600113930006,1,대지,1393,6,전라남도 광양시 중동 1393-6,462303285040,전라남도 광양시 중마로,197,,4623010600113930006000001,,전라남도 광양시 중마로 197,545880,57783,,,,127.688834318992,34.9423784056894
MA010120220811168897,남부자전거,,G2,소매,G213,오락용품 소매,G21305,자전거 소매업,G47632,자전거 및 기타 운송장비 소매업,48,경상남도,48170,진주시,48170678,하대동,4817012000,하대동,4817012000103510012,1,대지,351,12,경상남도 진주시 하대동 351-12,481703332023,경상남도 진주시 모덕로,248,1,4817012000103510012009763,,경상남도 진주시 모덕로 248-1,660997,52775,,,,128.121101264777,35.1886871413776
MA010120220811160035,알톤자전거경,상대점,G2,소매,G213,오락용품 소매,G21305,자전거 소매업,G47632,자전거 및 기타 운송장비 소매업,48,경상남도,48170,진주시,48170740,가호동,4817013100,가좌동,4817013100108170013,1,대지,817,13,경상남도 진주시 가좌동 817-13,481704796005,경상남도 진주시 가좌길,71,,4817013100108170013409351,,경상남도 진주시 가좌길 71,660300,52822,,,,128.10579758753,35.1603828105816
MA010120220811154963,엠티비타운,,G2,소매,G213,오락용품 소매,G21305,자전거 소매업,G47632,자전거 및 기타 운송장비 소매업,48,경상남도,48170,진주시,48170710,평거동,4817012600,평거동,4817012600103080011,1,대지,308,11,경상남도 진주시 평거동 308-11,481703332056,경상남도 진주시 진양호로,175,,4817012600103080011213140,,경상남도 진주시 진양호로 175,660991,52678,,,,128.057707793051,35.170798722115
MA010120220811156841,베스트바이크,,G2,소매,G213,오락용품 소매,G21305,자전거 소매업,G47632,자전거 및 기타 운송장비 소매업,48,경상남도,48240,사천시,48240550,벌용동,4824010800,벌리동,4824010800102470009,1,대지,247,9,경상남도 사천시 벌리동 247-9,482403334023,경상남도 사천시 벌리로,43,,4824010800102470009016514,,경상남도 사천시 벌리로 43,664833,52559,,,,128.084379687082,34.9385811486588
MA010120220811151734,통영MTBTOWN,,G2,소매,G213,오락용품 소매,G21305,자전거 소매업,G47632,자전거 및 기타 운송장비 소매업,48,경상남도,48220,통영시,48220340,광도면,4822034024,광도면,4822034024115800007,1,대지,1580,7,경상남도 통영시 광도면 죽림리 1580-7,482203333032,경상남도 통영시 광도면 죽림해안로,142,,4822034024115800007000001,,경상남도 통영시 광도면 죽림해안로 142,650829,53016,,,,128.422009514645,34.8784331871452
MA010120220811186945,시민자전거,,G2,소매,G213,오락용품 소매,G21305,자전거 소매업,G47632,자전거 및 기타 운송장비 소매업,48,경상남도,48240,사천시,48240530,동서금동,4824010400,동금동,4824010400102960003,1,대지,296,3,경상남도 사천시 동금동 296-3,482404802724,경상남도 사천시 한내5길,23,,4824010400102960003000301,,경상남도 사천시 한내5길 23,664830,52568,,,,128.076947605573,34.9285252385249
MA010120220811193615,삼천리자전거,대리점,G2,소매,G213,오락용품 소매,G21305,자전거 소매업,G47632,자전거 및 기타 운송장비 소매업,48,경상남도,48860,산청군,48860250,산청읍,4886025022,산청읍,4886025022102420001,1,대지,242,1,경상남도 산청군 산청읍 옥산리 242-1,488603345005,경상남도 산청군 산청읍 꽃봉산로,80,,4886025022102420001007624,,경상남도 산청군 산청읍 꽃봉산로 80,666805,52226,,,,127.87365884541,35.4129324517188
MA010120220811177698,MTBTOWN,초전점,G2,소매,G213,오락용품 소매,G21305,자전거 소매업,G47632,자전거 및 기타 운송장비 소매업,48,경상남도,48170,진주시,48170695,초장동,4817012200,초전동,4817012200110420000,1,대지,1042,,경상남도 진주시 초전동 1042,481703332075,경상남도 진주시 대신로,446,,4817012200105880002097766,일부,경상남도 진주시 대신로 446,660985,52733,,1,,128.116528789184,35.2003380863679
MA010120220811197024,제일자전거,,G2,소매,G213,오락용품 소매,G21305,자전거 소매업,G47632,자전거 및 기타 운송장비 소매업,48,경상남도,48170,진주시,48170710,평거동,4817012600,평거동,4817012600100050025,1,대지,5,25,경상남도 진주시 평거동 5-25,481703332056,경상남도 진주시 진양호로,263,,4817012600100050025201795,,경상남도 진주시 진양호로 263,660991,52677,,,,128.063006343784,35.1773048239232
MA010120220811181666,천일자전거,,G2,소매,G213,오락용품 소매,G21305,자전거 소매업,G47632,자전거 및 기타 운송장비 소매업,48,경상남도,48170,진주시,48170565,중앙동,4817010600,동성동,4817010600102120013,1,대지,212,13,경상남도 진주시 동성동 212-13,481703332011,경상남도 진주시 남강로,679,,4817010600102120013006694,,경상남도 진주시 남강로 679,660150,52758,,,,128.085874541646,35.1915047462072
MA010120220811185690,에이스스포츠,,G2,소매,G213,오락용품 소매,G21305,자전거 소매업,G47632,자전거 및 기타 운송장비 소매업,48,경상남도,48240,사천시,48240520,선구동,4824010300,선구동,4824010300100180282,1,대지,18,282,경상남도 사천시 선구동 18-282,482404802029,경상남도 사천시 건어시장길,20,,4824010300104410030002919,,경상남도 사천시 건어시장길 20,664838,52568,,,,128.075372536805,34.9285932705974
MA010120220811173710,삼천리자전거동진점,,G2,소매,G213,오락용품 소매,G21305,자전거 소매업,G47632,자전거 및 기타 운송장비 소매업,48,경상남도,48170,진주시,48170678,하대동,4817012000,하대동,4817012000103130003,1,대지,313,3,경상남도 진주시 하대동 313-3,481703332068,경상남도 진주시 하대로,64,,4817012000103130003009035,,경상남도 진주시 하대로 64,660993,52769,,,,128.118742677158,35.1928278807497
MA010120220811178376,진주프로바이클,,G2,소매,G213,오락용품 소매,G21305,자전거 소매업,G47632,자전거 및 기타 운송장비 소매업,48,경상남도,48170,진주시,48170515,천전동,4817010400,칠암동,4817010400104990001,1,대지,499,1,경상남도 진주시 칠암동 499-1,481703332003,경상남도 진주시 강남로,245,,4817010400104990001400053,,경상남도 진주시 강남로 245,660988,52721,,,,128.090134208838,35.1881947548337
MA010120220811171676,코렉스자전거,,G2,소매,G213,오락용품 소매,G21305,자전거 소매업,G47632,자전거 및 기타 운송장비 소매업,48,경상남도,48170,진주시,48170565,중앙동,4817011000,평안동,4817011000101330000,1,대지,133,,경상남도 진주시 평안동 133,481703332070,경상남도 진주시 향교로,8,1,4817011000101330000000185,,경상남도 진주시 향교로 8-1,660230,52753,,,,128.083723568665,35.1973644389705
MA010120220811180732,자전거마을,,G2,소매,G213,오락용품 소매,G21305,자전거 소매업,G47632,자전거 및 기타 운송장비 소매업,48,경상남도,48170,진주시,48170673,상대동,4817011900,상대동,4817011900102960141,1,대지,296,141,경상남도 진주시 상대동 296-141,481703332077,경상남도 진주시 동진로,100,,4817011900102960141092298,,경상남도 진주시 동진로 100,660806,52794,,,,128.102053872672,35.1790017658103
MA010120220811170059,윤MTB,,G2,소매,G213,오락용품 소매,G21305,자전거 소매업,G47632,자전거 및 기타 운송장비 소매업,48,경상남도,48240,사천시,48240550,벌용동,4824010800,벌리동,4824010800102670011,1,대지,267,11,경상남도 사천시 벌리동 267-11,482403334035,경상남도 사천시 신항로,93,,4824010800102670011016640,,경상남도 사천시 신항로 93,664833,52561,,,,128.08565009471,34.9361452059775
MA010120220812717348,픽셀바이크,,G2,소매,G213,오락용품 소매,G21305,자전거 소매업,G47632,자전거 및 기타 운송장비 소매업,41,경기도,41171,안양시 만안구,41171621,박달1동,4117110300,박달동,4117110300108380030,1,대지,838,30,경기도 안양시 만안구 박달동 838-30,411714346235,경기도 안양시 만안구 양화로135번길,98,,4117110300108380030013312,,경기도 안양시 만안구 양화로135번길 98,430031,13981,,1,,126.903950930595,37.4043893806618
MA010120220812768041,산골자전거,,G2,소매,G213,오락용품 소매,G21305,자전거 소매업,G47632,자전거 및 기타 운송장비 소매업,52,전북특별자치도,52730,무주군,52730250,무주읍,5273025021,무주읍,5273025021101670000,1,대지,167,,전북특별자치도 무주군 무주읍 읍내리 167,527303275044,전북특별자치도 무주군 무주읍 주계로,135,,4573025021101670000001205,,전북특별자치도 무주군 무주읍 주계로 135,568804,55521,,,,127.664949470489,36.0075508292415
MA010120220812607326,비앤엠인터네셔널,,G2,소매,G213,오락용품 소매,G21305,자전거 소매업,G47632,자전거 및 기타 운송장비 소매업,11,서울특별시,11740,강동구,11740580,암사2동,1174010700,암사동,1174010700105050011,1,대지,505,11,서울특별시 강동구 암사동 505-11,117403123023,서울특별시 강동구 올림픽로,823,,1174010700105050011015441,동백빌딩,서울특별시 강동구 올림픽로 823,134877,05241,,1,,127.128857655094,37.5545743420174
MA010120220812652216,자전거파크,,G2,소매,G213,오락용품 소매,G21305,자전거 소매업,G47632,자전거 및 기타 운송장비 소매업,51,강원특별자치도,51130,원주시,51130675,반곡관설동,5113011600,관설동,5113011600117350005,1,대지,1735,5,강원특별자치도 원주시 관설동 1735-5,511303219035,강원특별자치도 원주시 시청로,471,8,4213011600117350005000001,,강원특별자치도 원주시 시청로 471-8,220934,26472,,1,,127.960466142892,37.3174826517608
MA010120220812682545,와이비스포츠,,G2,소매,G213,오락용품 소매,G21305,자전거 소매업,G47632,자전거 및 기타 운송장비 소매업,41,경기도,41463,용인시 기흥구,41463535,보라동,4146310500,보라동,4146310500103890006,1,대지,389,6,경기도 용인시 기흥구 보라동 389-6,414634412205,경기도 용인시 기흥구 용구대로1890번길,16,,4146310500103890006228062,,경기도 용인시 기흥구 용구대로1890번길 16,446904,17074,,,,127.105973618822,37.2573866147617
MA010120220812718437,전기자전거&킥보드,,G2,소매,G213,오락용품 소매,G21305,자전거 소매업,G47632,자전거 및 기타 운송장비 소매업,29,광주광역시,29140,서구,29140660,농성2동,2914010600,농성동,2914010600106690002,1,대지,669,2,광주광역시 서구 농성동 669-2,291403160058,광주광역시 서구 화정로,278,,2914010600106690002015654,,광주광역시 서구 화정로 278,502813,62047,,,,126.886823048343,35.1486476088214
MA010120220812655296,야베스MTB,,G2,소매,G213,오락용품 소매,G21305,자전거 소매업,G47632,자전거 및 기타 운송장비 소매업,27,대구광역시,27140,동구,27140655,동촌동,2714011000,검사동,2714011000110200002,1,대지,1020,2,대구광역시 동구 검사동 1020-2,271403142010,대구광역시 동구 동촌로,66,,2714011000110200002033537,,대구광역시 동구 동촌로 66,701862,41155,,,,128.649581180629,35.8884462660372
MA010120220812627519,슈퍼바이크몰,,G2,소매,G213,오락용품 소매,G21305,자전거 소매업,G47632,자전거 및 기타 운송장비 소매업,30,대전광역시,30170,서구,30170555,탄방동,3017010600,탄방동,3017010600112640000,1,대지,1264,,대전광역시 서구 탄방동 1264,301703166018,대전광역시 서구 둔산남로,184,1,3017010600112640000022758,,대전광역시 서구 둔산남로 184-1,302861,35252,,,,127.397971415137,36.3487566043975
MA010120220812661246,인천두바퀴,,G2,소매,G213,오락용품 소매,G21305,자전거 소매업,G47632,자전거 및 기타 운송장비 소매업,28,인천광역시,28177,미추홀구,28177710,문학동,2817710700,문학동,2817710700103800009,1,대지,380,9,인천광역시 미추홀구 문학동 380-9,281774253233,인천광역시 미추홀구 매소홀로576번길,5,45,2817010900103800009117441,,인천광역시 미추홀구 매소홀로576번길 5-45,402070,22235,,,,126.687372675717,37.4382356257729
MA010120220812610956,길벗자전거,,G2,소매,G213,오락용품 소매,G21305,자전거 소매업,G47632,자전거 및 기타 운송장비 소매업,29,광주광역시,29140,서구,29140840,동천동,2914013300,동천동,2914013300107040000,1,대지,704,,광주광역시 서구 동천동 704,291404280557,광주광역시 서구 동림2지구길,43,6,2917010900117080000000001,,광주광역시 서구 동림2지구길 43-6,502882,61904,,,,126.873598107767,35.1706006524112
MA010120220812756672,BC자전거,당진점,G2,소매,G213,오락용품 소매,G21305,자전거 소매업,G47632,자전거 및 기타 운송장비 소매업,44,충청남도,44270,당진시,44270530,당진3동,4427010400,원당동,4427010400112350000,1,대지,1235,,충청남도 당진시 원당동 1235,442703265016,충청남도 당진시 당진중앙2로,332,9,4483025024112350000087509,,충청남도 당진시 당진중앙2로 332-9,343090,31772,,1,,126.642142991573,36.898016779885
MA010120220812756724,삼천리자전거진평점,,G2,소매,G213,오락용품 소매,G21305,자전거 소매업,G47632,자전거 및 기타 운송장비 소매업,47,경상북도,47190,구미시,47190680,진미동,4719012300,진평동,4719012300100130005,1,대지,13,5,경상북도 구미시 진평동 13-5,471904724775,경상북도 구미시 인동남길,118,,4719012300100130005006123,,경상북도 구미시 인동남길 118,730360,39408,,,,128.428193167444,36.0966279190538
MA010120220812724561,진흥자전거포,,G2,소매,G213,오락용품 소매,G21305,자전거 소매업,G47632,자전거 및 기타 운송장비 소매업,52,전북특별자치도,52800,부안군,52800410,줄포면,5280041021,줄포면,5280041021107280003,1,대지,728,3,전북특별자치도 부안군 줄포면 줄포리 728-3,528003280096,전북특별자치도 부안군 줄포면 부안로,865,,4580041021107280003071575,,전북특별자치도 부안군 줄포면 부안로 865,579883,56326,,,,126.676854261609,35.5876018407875
MA010120220812678397,아웃도어프렌즈,,G2,소매,G213,오락용품 소매,G21305,자전거 소매업,G47632,자전거 및 기타 운송장비 소매업,41,경기도,41220,평택시,41220630,비전2동,4122011800,비전동,4122011800111040000,1,대지,1104,,경기도 평택시 비전동 1104,412203198035,경기도 평택시 비전5로,10,,4122011800111040000000001,가로수길센트럴돔,경기도 평택시 비전5로 10,450152,17854,,1,,127.112545810942,36.9991811238926
MA010120220812645163,벨로인터내셔널,,G2,소매,G213,오락용품 소매,G21305,자전거 소매업,G47632,자전거 및 기타 운송장비 소매업,11,서울특별시,11710,송파구,11710610,삼전동,1171010600,삼전동,1171010600101110007,1,대지,111,7,서울특별시 송파구 삼전동 111-7,117104169181,서울특별시 송파구 백제고분로31길,41,,1171010600101110007007596,,서울특별시 송파구 백제고분로31길 41,138840,05601,,1,,127.095738516084,37.5063932705567
MA010120220812648185,삼천리자전거목감점,,G2,소매,G213,오락용품 소매,G21305,자전거 소매업,G47632,자전거 및 기타 운송장비 소매업,41,경기도,41390,시흥시,41390570,목감동,4139012400,조남동,4139012400106520000,1,대지,652,,경기도 시흥시 조남동 652,413903350922,경기도 시흥시 목감남서로,5,,4139012400103690001000001,다인로얄팰리스6차,경기도 시흥시 목감남서로 5,429320,14988,,1,,126.851054657377,37.3777724511923
MA010120220810910739,킹바이크,,G2,소매,G213,오락용품 소매,G21305,자전거 소매업,G47632,자전거 및 기타 운송장비 소매업,48,경상남도,48123,창원시 성산구,48123520,중앙동,4812312500,중앙동,4812312500100080007,1,대지,8,7,경상남도 창원시 성산구 중앙동 8-7,481233328039,경상남도 창원시 성산구 외동반림로,130,1,4812312500100080007002739,,경상남도 창원시 성산구 외동반림로 130-1,642843,51512,,,,128.672232145243,35.2304917486525
MA010120220810925220,코렉스자전거,,G2,소매,G213,오락용품 소매,G21305,자전거 소매업,G47632,자전거 및 기타 운송장비 소매업,48,경상남도,48129,창원시 진해구,48129530,충무동,4812913500,충무동,4812913500100290001,1,대지,29,1,경상남도 창원시 진해구 충무동 29-1,481293331067,경상남도 창원시 진해구 충장로,170,,4812913500100290001015691,,경상남도 창원시 진해구 충장로 170,645230,51685,,,,128.670710837709,35.1519439445086
MA010120220810913236,대방M.T.B,,G2,소매,G213,오락용품 소매,G21305,자전거 소매업,G47632,자전거 및 기타 운송장비 소매업,48,경상남도,48123,창원시 성산구,48123550,가음정동,4812313300,남양동,4812313300100300018,1,대지,30,18,경상남도 창원시 성산구 남양동 30-18,481234784008,경상남도 창원시 성산구 가양로98번길,11,,4812313300100300018033495,,경상남도 창원시 성산구 가양로98번길 11,642803,51481,,,,128.704260222356,35.2079020491093
MA010120220810927493,중앙열쇠，도장，삼천리자전거,,G2,소매,G213,오락용품 소매,G21305,자전거 소매업,G47632,자전거 및 기타 운송장비 소매업,48,경상남도,48129,창원시 진해구,48129590,이동,4812914100,이동,4812914100106020001,1,대지,602,1,경상남도 창원시 진해구 이동 602-1,481293331067,경상남도 창원시 진해구 충장로,406,,4812914100106020001016042,,경상남도 창원시 진해구 충장로 406,645808,51655,,,,128.69561731492,35.1518321799644
MA010120220810911599,삼천리자전거명서,대리점,G2,소매,G213,오락용품 소매,G21305,자전거 소매업,G47632,자전거 및 기타 운송장비 소매업,48,경상남도,48121,창원시 의창구,48121530,명곡동,4812112400,명서동,4812112400100380016,1,대지,38,16,경상남도 창원시 의창구 명서동 38-16,481214781459,경상남도 창원시 의창구 원이대로219번길,40,,4812112400100380016005648,,경상남도 창원시 의창구 원이대로219번길 40,641812,51174,,,,128.643537828012,35.2492968366551
MA010120220810911662,안성맞춤자전거,,G2,소매,G213,오락용품 소매,G21305,자전거 소매업,G47632,자전거 및 기타 운송장비 소매업,41,경기도,41550,안성시,41550250,공도읍,4155025026,공도읍,4155025026105980013,1,대지,598,13,경기도 안성시 공도읍 승두리 598-13,415502012006,경기도 안성시 공도읍 서동대로,4034,,4155025026105980013005901,,경기도 안성시 공도읍 서동대로 4034,456825,17562,,,,127.154221980316,36.997557399112
MA010120220810913965,삼천리자전거용원,대리점,G2,소매,G213,오락용품 소매,G21305,자전거 소매업,G47632,자전거 및 기타 운송장비 소매업,48,경상남도,48129,창원시 진해구,48129650,웅동2동,4812916400,용원동,4812916400112640001,1,대지,1264,1,경상남도 창원시 진해구 용원동 1264-1,481293331039,경상남도 창원시 진해구 용원로,50,,4812916400112640001029357,,경상남도 창원시 진해구 용원로 50,645510,51610,,,,128.814593431455,35.0992980115478
MA010120220810924914,덕산자전거,,G2,소매,G213,오락용품 소매,G21305,자전거 소매업,G47632,자전거 및 기타 운송장비 소매업,48,경상남도,48129,창원시 진해구,48129610,덕산동,4812914300,덕산동,4812914300100760015,1,대지,76,15,경상남도 창원시 진해구 덕산동 76-15,481294793568,경상남도 창원시 진해구 충장로505번길,8,,4812914300100760015021585,,경상남도 창원시 진해구 충장로505번길 8,645310,51649,,,,128.70188096502,35.1443632953392
MA010120220810928007,삼천리자전거,대리점,G2,소매,G213,오락용품 소매,G21305,자전거 소매업,G47632,자전거 및 기타 운송장비 소매업,48,경상남도,48121,창원시 의창구,48121540,봉림동,4812112700,봉곡동,4812112700101360008,1,대지,136,8,경상남도 창원시 의창구 봉곡동 136-8,481213327022,경상남도 창원시 의창구 봉곡로,107,,4812112700101360008007993,,경상남도 창원시 의창구 봉곡로 107,641823,51145,,,,128.670557003582,35.2478903817765
MA010120220810903563,삼천리자전거,백화점,G2,소매,G213,오락용품 소매,G21305,자전거 소매업,G47632,자전거 및 기타 운송장비 소매업,48,경상남도,48129,창원시 진해구,48129540,여좌동,4812913700,여좌동,4812913700107610035,1,대지,761,35,경상남도 창원시 진해구 여좌동 761-35,481293331067,경상남도 창원시 진해구 충장로,109,,4812913700107610035014993,,경상남도 창원시 진해구 충장로 109,645806,51693,,,,128.664075132447,35.1526300984026
MA010120220810918912,코렉스자전거,,G2,소매,G213,오락용품 소매,G21305,자전거 소매업,G47632,자전거 및 기타 운송장비 소매업,48,경상남도,48123,창원시 성산구,48123520,중앙동,4812313700,대원동,4812313700101030014,1,대지,103,14,경상남도 창원시 성산구 대원동 103-14,481234781089,경상남도 창원시 성산구 대원로33번길,12,,4812112300101030014000486,,경상남도 창원시 성산구 대원로33번길 12,642845,51416,,,,128.652586367001,35.2317709965739
MA010120220810896334,그린페달,미아점,G2,소매,G213,오락용품 소매,G21305,자전거 소매업,G47632,자전거 및 기타 운송장비 소매업,11,서울특별시,11305,강북구,11305545,송중동,1130510100,미아동,1130510100101390136,1,대지,139,136,서울특별시 강북구 미아동 139-136,113054124073,서울특별시 강북구 도봉로18길,30,,1130510100101390136018580,,서울특별시 강북구 도봉로18길 30,142809,01166,,1,,127.031307378367,37.6181785222902
MA010120220810919563,코렉스,창원대리점,G2,소매,G213,오락용품 소매,G21305,자전거 소매업,G47632,자전거 및 기타 운송장비 소매업,48,경상남도,48123,창원시 성산구,48123530,상남동,4812312700,상남동,4812312700100520006,1,대지,52,6,경상남도 창원시 성산구 상남동 52-6,481234784049,경상남도 창원시 성산구 단정로98번길,3,27,4812312700100520006032368,,경상남도 창원시 성산구 단정로98번길 3-27,642829,51501,,,,128.690327907014,35.2148835870747
MA010120220810922133,폭스바이크,,G2,소매,G213,오락용품 소매,G21305,자전거 소매업,G47632,자전거 및 기타 운송장비 소매업,48,경상남도,48170,진주시,48170740,가호동,4817013100,가좌동,4817013100114410013,1,대지,1441,13,경상남도 진주시 가좌동 1441-13,481704796009,경상남도 진주시 가좌길44번길,16,,4817013100114400016409748,,경상남도 진주시 가좌길44번길 16,660300,52822,,1,,128.106727140787,35.1577064658593
MA010120220810912518,삼천리자전거,,G2,소매,G213,오락용품 소매,G21305,자전거 소매업,G47632,자전거 및 기타 운송장비 소매업,48,경상남도,48121,창원시 의창구,48121540,봉림동,4812112700,봉곡동,4812112700100620008,1,대지,62,8,경상남도 창원시 의창구 봉곡동 62-8,481213327048,경상남도 창원시 의창구 지귀로,113,,4812112700100620008005721,,경상남도 창원시 의창구 지귀로 113,641822,51181,,1,,128.658185198826,35.2461950485938
MA010120220810933837,자전거,백화점,G2,소매,G213,오락용품 소매,G21305,자전거 소매업,G47632,자전거 및 기타 운송장비 소매업,48,경상남도,48123,창원시 성산구,48123510,반송동,4812312400,반지동,4812312400100500019,1,대지,50,19,경상남도 창원시 성산구 반지동 50-19,481233328014,경상남도 창원시 성산구 반송로,53,,4812312400100500019009392,,경상남도 창원시 성산구 반송로 53,642820,51418,,,,128.662922222693,35.2409209876948
MA010120220810939398,Jung'sMTBPark,,G2,소매,G213,오락용품 소매,G21305,자전거 소매업,G47632,자전거 및 기타 운송장비 소매업,48,경상남도,48129,창원시 진해구,48129590,이동,4812914100,이동,4812914100101610029,1,대지,161,29,경상남도 창원시 진해구 이동 161-29,481293331067,경상남도 창원시 진해구 충장로,423,,4812914100101610029016927,,경상남도 창원시 진해구 충장로 423,645807,51664,,,,128.697198695786,35.1508367085062
MA010120220810964940,삼천리자전거,반송점,G2,소매,G213,오락용품 소매,G21305,자전거 소매업,G47632,자전거 및 기타 운송장비 소매업,48,경상남도,48123,창원시 성산구,48123510,반송동,4812312600,반림동,4812312600100140003,1,대지,14,3,경상남도 창원시 성산구 반림동 14-3,481234784210,경상남도 창원시 성산구 원이대로473번길,21,,4812312600100140003003333,,경상남도 창원시 성산구 원이대로473번길 21,642818,51427,,,,128.670161806351,35.2355851940279
MA010120220810967309,삼천리자전거남양점,,G2,소매,G213,오락용품 소매,G21305,자전거 소매업,G47632,자전거 및 기타 운송장비 소매업,48,경상남도,48123,창원시 성산구,48123550,가음정동,4812313300,남양동,4812313300100260011,1,대지,26,11,경상남도 창원시 성산구 남양동 26-11,481234784001,경상남도 창원시 성산구 가양로116번길,2,,4812313300100260011034422,,경상남도 창원시 성산구 가양로116번길 2,642803,51481,,,,128.70568925159,35.2090264670048
MA010120220810965219,명곡코렉스자전거,,G2,소매,G213,오락용품 소매,G21305,자전거 소매업,G47632,자전거 및 기타 운송장비 소매업,48,경상남도,48121,창원시 의창구,48121530,명곡동,4812112400,명서동,4812112400100510015,1,대지,51,15,경상남도 창원시 의창구 명서동 51-15,481213327017,경상남도 창원시 의창구 명지로,71,1,4812112400100510015006656,,경상남도 창원시 의창구 명지로 71-1,641813,51173,,,,128.646386435477,35.2499971079523
MA010120220810965616,코렉스자전거마트,,G2,소매,G213,오락용품 소매,G21305,자전거 소매업,G47632,자전거 및 기타 운송장비 소매업,48,경상남도,48127,창원시 마산회원구,48127600,구암1동,4812710100,구암동,4812710100113480028,1,대지,1348,28,경상남도 창원시 마산회원구 구암동 1348-28,481274790038,경상남도 창원시 마산회원구 구암북11길,20,,4812710100113480028025076,,경상남도 창원시 마산회원구 구암북11길 20,630802,51203,,,,128.596982381309,35.2551203864571
MA010120220810967811,삼천리자전거서창2지구,,G2,소매,G213,오락용품 소매,G21305,자전거 소매업,G47632,자전거 및 기타 운송장비 소매업,28,인천광역시,28200,남동구,28200655,서창2동,2820010500,서창동,2820010500107220002,1,대지,722,2,인천광역시 남동구 서창동 722-2,282003153091,인천광역시 남동구 서창남로,16,38,2820010500107220002000001,지민프라자,인천광역시 남동구 서창남로 16-38,405260,21618,,,,126.752025722131,37.4221436528991
MA010120220810966388,일송자전거,,G2,소매,G213,오락용품 소매,G21305,자전거 소매업,G47632,자전거 및 기타 운송장비 소매업,48,경상남도,48123,창원시 성산구,48123515,용지동,4812313500,용호동,4812313500100280001,1,대지,28,1,경상남도 창원시 성산구 용호동 28-1,481234781678,경상남도 창원시 성산구 창이대로460번길,14,,4812112800100280001009893,,경상남도 창원시 성산구 창이대로460번길 14,641840,51429,,,,128.68429741652,35.2381830384582
MA010120220810933155,자전거스페셜라이즈드창원동보MTB,,G2,소매,G213,오락용품 소매,G21305,자전거 소매업,G47632,자전거 및 기타 운송장비 소매업,48,경상남도,48121,창원시 의창구,48121510,의창동,4812110300,서상동,4812110300102110007,1,대지,211,7,경상남도 창원시 의창구 서상동 211-7,481214781337,경상남도 창원시 의창구 서상로12번길,21,,4812110300102110007018043,,경상남도 창원시 의창구 서상로12번길 21,641500,51193,,1,,128.616668026688,35.2621498331142
MA010120220810943988,용원MTB,,G2,소매,G213,오락용품 소매,G21305,자전거 소매업,G47632,자전거 및 기타 운송장비 소매업,48,경상남도,48129,창원시 진해구,48129650,웅동2동,4812916400,용원동,4812916400112550003,1,대지,1255,3,경상남도 창원시 진해구 용원동 1255-3,481294793285,경상남도 창원시 진해구 용원로78번길,6,,4812916400112550003000001,,경상남도 창원시 진해구 용원로78번길 6,645510,51610,,,,128.817237614107,35.0983752062929
MA010120220810941745,바이크시티,,G2,소매,G213,오락용품 소매,G21305,자전거 소매업,G47632,자전거 및 기타 운송장비 소매업,48,경상남도,48123,창원시 성산구,48123530,상남동,4812312700,상남동,4812312700100560012,1,대지,56,12,경상남도 창원시 성산구 상남동 56-12,481233328009,경상남도 창원시 성산구 동산로,56,,4812312700100560012000001,,경상남도 창원시 성산구 동산로 56,642829,51501,,,,128.686475798143,35.2144686876994
MA010120220810952006,막달리는자전거,,G2,소매,G213,오락용품 소매,G21305,자전거 소매업,G47632,자전거 및 기타 운송장비 소매업,48,경상남도,48123,창원시 성산구,48123550,가음정동,4812313100,가음동,4812313100100390023,1,대지,39,23,경상남도 창원시 성산구 가음동 39-23,481233328001,경상남도 창원시 성산구 가양로,48,1,4812313100100390023031229,,경상남도 창원시 성산구 가양로 48-1,642801,51490,,,,128.70013055611,35.2062748430576
MA010120220810964556,그린바이크,,G2,소매,G213,오락용품 소매,G21305,자전거 소매업,G47632,자전거 및 기타 운송장비 소매업,48,경상남도,48121,창원시 의창구,48121520,팔룡동,4812112900,팔용동,4812112900100800009,1,대지,80,9,경상남도 창원시 의창구 팔용동 80-9,481214781754,경상남도 창원시 의창구 팔용로396번길,25,1,4812112900100800009013728,,경상남도 창원시 의창구 팔용로396번길 25-1,641848,51378,,,,128.612977817609,35.2511500743003
MA010120220810964607,봉림자전거,,G2,소매,G213,오락용품 소매,G21305,자전거 소매업,G47632,자전거 및 기타 운송장비 소매업,48,경상남도,48121,창원시 의창구,48121540,봉림동,4812112700,봉곡동,4812112700101400003,1,대지,140,3,경상남도 창원시 의창구 봉곡동 140-3,481214781267,경상남도 창원시 의창구 봉곡로123번길,7,,4812112700101400003007794,,경상남도 창원시 의창구 봉곡로123번길 7,641823,51147,,,,128.671279314353,35.2461500686189
MA010120220810996642,신천일기공,,G2,소매,G213,오락용품 소매,G21305,자전거 소매업,G47632,자전거 및 기타 운송장비 소매업,31,울산광역시,31110,중구,31110620,병영1동,3111011500,남외동,3111011500103910003,1,대지,391,3,울산광역시 중구 남외동 391-3,311104307019,울산광역시 중구 곽남14길,29,,3111011500103910003015422,,울산광역시 중구 곽남14길 29,681801,44491,,2,,129.342362626598,35.5707134141767
MA010120220811005196,대공원레포츠,,G2,소매,G213,오락용품 소매,G21305,자전거 소매업,G47632,자전거 및 기타 운송장비 소매업,31,울산광역시,31110,중구,31110610,다운동,3111011200,다운동,3111011200105510010,1,대지,551,10,울산광역시 중구 다운동 551-10,311103011001,울산광역시 중구 다운로,7,,3111011200105510010002811,,울산광역시 중구 다운로 7,681803,44407,,,,129.274920733238,35.5562009315703
MA010120220811010436,삼천리자전거,,G2,소매,G213,오락용품 소매,G21305,자전거 소매업,G47632,자전거 및 기타 운송장비 소매업,31,울산광역시,31710,울주군,31710250,온산읍,3171025032,온산읍,3171025032105600010,1,대지,560,10,울산광역시 울주군 온산읍 덕신리 560-10,317104319607,울산광역시 울주군 온산읍 신경6길,8,,3171025032105600010001802,,울산광역시 울주군 온산읍 신경6길 8,689893,45005,,,,129.308713556718,35.4328956938957
MA010120220810996893,크린테크&야호바이크,,G2,소매,G213,오락용품 소매,G21305,자전거 소매업,G47632,자전거 및 기타 운송장비 소매업,31,울산광역시,31110,중구,31110555,복산동,3111010300,복산동,3111010300103160009,1,대지,316,9,울산광역시 중구 복산동 316-9,311103169027,울산광역시 중구 북부순환도로,629,,3111010300103160009023393,,울산광역시 중구 북부순환도로 629,681825,44430,,,,129.328024865837,35.5649722438565
MA010120220811001117,태화코렉스,,G2,소매,G213,오락용품 소매,G21305,자전거 소매업,G47632,자전거 및 기타 운송장비 소매업,31,울산광역시,31110,중구,31110610,다운동,3111011100,태화동,3111011100107770012,1,대지,777,12,울산광역시 중구 태화동 777-12,311103169020,울산광역시 중구 태화로,112,1,3111011100107770012002810,,울산광역시 중구 태화로 112-1,681819,44438,,,,129.288283773151,35.5530555103761
MA010120220811012785,알톤자전거,,G2,소매,G213,오락용품 소매,G21305,자전거 소매업,G47632,자전거 및 기타 운송장비 소매업,31,울산광역시,31140,남구,31140585,삼호동,3114010100,무거동,3114010100102770001,1,대지,277,1,울산광역시 남구 무거동 277-1,311404310357,울산광역시 남구 북부순환도로13번길,41,,3114010100102770001032407,,울산광역시 남구 북부순환도로13번길 41,680807,44632,,,,129.261175734334,35.5528553291762
MA010120220810973011,삼천리자전거대원동대리저,,G2,소매,G213,오락용품 소매,G21305,자전거 소매업,G47632,자전거 및 기타 운송장비 소매업,48,경상남도,48123,창원시 성산구,48123520,중앙동,4812313700,대원동,4812313700100940002,1,대지,94,2,경상남도 창원시 성산구 대원동 94-2,481234781088,경상남도 창원시 성산구 대원로27번길,33,1,4812112300100940002001547,,경상남도 창원시 성산구 대원로27번길 33-1,641807,51415,,,,128.649691228916,35.2325404890789
MA010120220810991566,삼천리자전거,,G2,소매,G213,오락용품 소매,G21305,자전거 소매업,G47632,자전거 및 기타 운송장비 소매업,31,울산광역시,31710,울주군,31710256,온양읍,3171025622,온양읍,3171025622101790010,1,대지,179,10,울산광역시 울주군 온양읍 대안리 179-10,317103173060,울산광역시 울주군 온양읍 온양로,175,,3171025622101790010000001,,울산광역시 울주군 온양읍 온양로 175,689903,44977,,,,129.290056262022,35.4093274232568
MA010120220810997159,２륜상회,,G2,소매,G213,오락용품 소매,G21305,자전거 소매업,G47632,자전거 및 기타 운송장비 소매업,31,울산광역시,31200,북구,31200560,효문동,3120012200,연암동,3120012200104140006,1,대지,414,6,울산광역시 북구 연암동 414-6,312003172015,울산광역시 북구 상방로,134,,3120012200104140006003518,,울산광역시 북구 상방로 134,683805,44243,,,,129.365782696412,35.5851861796256
MA010120220811006098,삼천리자전거반구점,,G2,소매,G213,오락용품 소매,G21305,자전거 소매업,G47632,자전거 및 기타 운송장비 소매업,31,울산광역시,31110,중구,31110530,반구2동,3111011800,반구동,3111011800100200004,1,대지,20,4,울산광역시 중구 반구동 20-4,311103169026,울산광역시 중구 번영로,546,,3111011800100200004016751,,울산광역시 중구 번영로 546,681804,44506,,,,129.342221769695,35.5673912666372
MA010120220811000054,공단오토바이자전거,,G2,소매,G213,오락용품 소매,G21305,자전거 소매업,G47632,자전거 및 기타 운송장비 소매업,31,울산광역시,31140,남구,31140670,야음장생포동,3114010800,야음동,3114010800103720044,1,대지,372,44,울산광역시 남구 야음동 372-44,311403170032,울산광역시 남구 수암로,299,,3114010800103720044003023,,울산광역시 남구 수암로 299,680834,44766,,,,129.337270290357,35.5210649492738
MA010120220810995861,삼천리자전거삼산,대리점,G2,소매,G213,오락용품 소매,G21305,자전거 소매업,G47632,자전거 및 기타 운송장비 소매업,31,울산광역시,31140,남구,31140570,삼산동,3114010500,달동,3114010500113210016,1,대지,1321,16,울산광역시 남구 달동 1321-16,311404310163,울산광역시 남구 돋질로251번길,7,,3114010500113210016007155,,울산광역시 남구 돋질로251번길 7,680814,44701,,,,129.332152784993,35.5441681091654
MA010120220811004654,삼천리자전거울산,,G2,소매,G213,오락용품 소매,G21305,자전거 소매업,G47632,자전거 및 기타 운송장비 소매업,31,울산광역시,31140,남구,31140520,신정2동,3114010400,신정동,3114010400112010009,1,대지,1201,9,울산광역시 남구 신정동 1201-9,311403170021,울산광역시 남구 봉월로,30,1,3114010400112010009015478,,울산광역시 남구 봉월로 30-1,680828,44677,,,,129.306764435688,35.5353847476215
MA010120220811043335,위바이크,,G2,소매,G213,오락용품 소매,G21305,자전거 소매업,G47632,자전거 및 기타 운송장비 소매업,27,대구광역시,27260,수성구,27260620,상동,2726010900,상동,2726010900106190014,1,대지,619,14,대구광역시 수성구 상동 619-14,272603146017,대구광역시 수성구 수성로,29,,2726010900106190014001970,,대구광역시 수성구 수성로 29,706829,42201,,1,,128.610120850541,35.8280556311445
MA010120220811033239,욜로벨로,,G2,소매,G213,오락용품 소매,G21305,자전거 소매업,G47632,자전거 및 기타 운송장비 소매업,31,울산광역시,31140,남구,31140585,삼호동,3114010100,무거동,3114010100111960001,1,대지,1196,1,울산광역시 남구 무거동 1196-1,311404310060,울산광역시 남구 남산로48번길,1,,3114010100111960001035401,,울산광역시 남구 남산로48번길 1,680811,44627,,,,129.275628947317,35.5516101311902
MA010120220811056776,그린페달,,G2,소매,G213,오락용품 소매,G21305,자전거 소매업,G47632,자전거 및 기타 운송장비 소매업,11,서울특별시,11305,강북구,11305545,송중동,1130510100,미아동,1130510100100520058,1,대지,52,58,서울특별시 강북구 미아동 52-58,113054124467,서울특별시 강북구 월계로7길,53,,1130510100100520058028752,,서울특별시 강북구 월계로7길 53,142804,01222,,1,,127.033660825744,37.612555706599
MA010120220811025847,삼천리자전거수암점,,G2,소매,G213,오락용품 소매,G21305,자전거 소매업,G47632,자전거 및 기타 운송장비 소매업,31,울산광역시,31140,남구,31140540,신정4동,3114010400,신정동,3114010400108140005,1,대지,814,5,울산광역시 남구 신정동 814-5,311403170051,울산광역시 남구 중앙로,107,,3114010400108140005030109,,울산광역시 남구 중앙로 107,680831,44730,,,,129.315495733163,35.530802130196
MA010120220811034111,CHO#,,G2,소매,G213,오락용품 소매,G21305,자전거 소매업,G47632,자전거 및 기타 운송장비 소매업,31,울산광역시,31710,울주군,31710256,온양읍,3171025629,온양읍,3171025629100490011,1,대지,49,11,울산광역시 울주군 온양읍 운화리 49-11,317103173017,울산광역시 울주군 온양읍 남창강변로,62,,3171025629100490011003700,,울산광역시 울주군 온양읍 남창강변로 62,689905,44973,,,,129.282439269817,35.4143825895638
MA010120220811026717,바이크하우스,,G2,소매,G213,오락용품 소매,G21305,자전거 소매업,G47632,자전거 및 기타 운송장비 소매업,31,울산광역시,31140,남구,31140570,삼산동,3114010600,삼산동,3114010600115460011,1,대지,1546,11,울산광역시 남구 삼산동 1546-11,311403170015,울산광역시 남구 돋질로,298,,3114010600115460011006582,,울산광역시 남구 돋질로 298,680816,44705,,1,,129.3373722206,35.5439498628014
MA010120220811021880,NSR울산총판,,G2,소매,G213,오락용품 소매,G21305,자전거 소매업,G47632,자전거 및 기타 운송장비 소매업,31,울산광역시,31200,북구,31200560,효문동,3120012100,진장동,3120012100107570005,1,대지,757,5,울산광역시 북구 진장동 757-5,312003169028,울산광역시 북구 염포로,158,,3120012100107570005000001,,울산광역시 북구 염포로 158,683360,44254,,,,129.356584884493,35.5603983786087
MA010120220811039739,삼화자전거,,G2,소매,G213,오락용품 소매,G21305,자전거 소매업,G47632,자전거 및 기타 운송장비 소매업,31,울산광역시,31140,남구,31140625,대현동,3114010800,야음동,3114010800106640011,1,대지,664,11,울산광역시 남구 야음동 664-11,311403170032,울산광역시 남구 수암로,209,,3114010800106640011040536,,울산광역시 남구 수암로 209,680838,44735,,1,,129.329901985684,35.5261994540681
MA010120220812458040,동묘바이크,,G2,소매,G213,오락용품 소매,G21305,자전거 소매업,G47632,자전거 및 기타 운송장비 소매업,11,서울특별시,11110,종로구,11110670,창신1동,1111017400,창신동,1111017400104000004,1,대지,400,4,서울특별시 종로구 창신동 400-4,111103100021,서울특별시 종로구 청계천로,345,,1111017400104000004006083,동,서울특별시 종로구 청계천로 345,110841,03118,,1,,127.016232258951,37.5701947405134
MA010120220812468466,마징가자전거,,G2,소매,G213,오락용품 소매,G21305,자전거 소매업,G47632,자전거 및 기타 운송장비 소매업,48,경상남도,48125,창원시 마산합포구,48125565,반월중앙동,4812514900,중앙동3가,4812514900100040009,1,대지,4,9,경상남도 창원시 마산합포구 중앙동3가 4-9,481252019003,경상남도 창원시 마산합포구 315대로,222,1,4812514900100040009043722,,경상남도 창원시 마산합포구 315대로 222-1,631870,51736,,,,128.567438947981,35.1980709970439
MA010120220812468723,비트바이크,,G2,소매,G213,오락용품 소매,G21305,자전거 소매업,G47632,자전거 및 기타 운송장비 소매업,41,경기도,41360,남양주시,41360310,별내면,4136031023,별내면,4136031023106070000,1,대지,607,,경기도 남양주시 별내면 광전리 607,413604391501,경기도 남양주시 별내면 송산로373번길,1,,4136031023106070000010811,,경기도 남양주시 별내면 송산로373번길 1,472811,12090,,,,127.133577811232,37.6753735546806
MA010120220812446387,하나의료기,,G2,소매,G213,오락용품 소매,G21305,자전거 소매업,G47632,자전거 및 기타 운송장비 소매업,47,경상북도,47113,포항시 북구,47113250,흥해읍,4711325024,흥해읍,4711325024100450000,1,대지,45,,경상북도 포항시 북구 흥해읍 옥성리 45,471134712757,경상북도 포항시 북구 흥해읍 한동로33번길,3,,4711325024100450000012401,,경상북도 포항시 북구 흥해읍 한동로33번길 3,791947,37538,,,,129.345209600159,36.1110708933149
MA010120220812505607,명인바이크,,G2,소매,G213,오락용품 소매,G21305,자전거 소매업,G47632,자전거 및 기타 운송장비 소매업,41,경기도,41192,부천시 원미구,41192700,상3동,4119210900,상동,4119210900104990002,1,대지,499,2,경기도 부천시 원미구 상동 499-2,411923000067,경기도 부천시 원미구 평천로,597,,4119510900104990002036207,부천자동차백화점,경기도 부천시 원미구 평천로 597,420860,14503,,1,,126.757258746668,37.5157873428363
MA010120220812480120,바이크닥터,,G2,소매,G213,오락용품 소매,G21305,자전거 소매업,G47632,자전거 및 기타 운송장비 소매업,11,서울특별시,11560,영등포구,11560535,영등포동,1156010900,영등포동8가,1156010900100720000,1,대지,72,,서울특별시 영등포구 영등포동8가 72,115603118023,서울특별시 영등포구 영신로,238,,1156010900100720000000001,미소로,서울특별시 영등포구 영신로 238,150030,07228,,1,,126.90422186129,37.5285489052981
MA010120220812511749,드론앤바이크,,G2,소매,G213,오락용품 소매,G21305,자전거 소매업,G47632,자전거 및 기타 운송장비 소매업,51,강원특별자치도,51210,속초시,51210560,교동,5121010500,청학동,5121010500104860148,1,대지,486,148,강원특별자치도 속초시 청학동 486-148,512103223007,강원특별자치도 속초시 수복로,151,,4221010500104860148007404,,강원특별자치도 속초시 수복로 151,217800,24834,,,,128.585329292475,38.2024058449325
MA010120220812504359,모토벨로서비스,,G2,소매,G213,오락용품 소매,G21305,자전거 소매업,G47632,자전거 및 기타 운송장비 소매업,11,서울특별시,11740,강동구,11740610,천호2동,1174010900,천호동,1174010900102870028,1,대지,287,28,서울특별시 강동구 천호동 287-28,117403123023,서울특별시 강동구 올림픽로,756,,1174010900102870028007609,모토벨로타워,서울특별시 강동구 올림픽로 756,134867,05318,,,,127.127274531795,37.548674524499
MA010120220812486654,그린스포츠,,G2,소매,G213,오락용품 소매,G21305,자전거 소매업,G47632,자전거 및 기타 운송장비 소매업,41,경기도,41590,화성시,41590585,동탄1동,4159012700,반송동,4159012700100400000,1,대지,40,,경기도 화성시 반송동 40,415904431479,경기도 화성시 동탄반송1길,20,10,4159012700102600001000001,패밀리타운,경기도 화성시 동탄반송1길 20-10,445160,18434,,1,,127.062827372718,37.2093555398728
MA010120220812502141,사랑돌봄재가복지센터.복지용구,,G2,소매,G213,오락용품 소매,G21305,자전거 소매업,G47632,자전거 및 기타 운송장비 소매업,28,인천광역시,28185,연수구,28185766,청학동,2818510400,청학동,2818510400104690004,1,대지,469,4,인천광역시 연수구 청학동 469-4,281853152020,인천광역시 연수구 용담로,60,,2818510400104690004004608,,인천광역시 연수구 용담로 60,406831,21917,,,,126.673593030798,37.418664410222
MA010120220812521034,에스앤디케어,,G2,소매,G213,오락용품 소매,G21305,자전거 소매업,G47632,자전거 및 기타 운송장비 소매업,41,경기도,41463,용인시 기흥구,41463575,동백2동,4146311600,중동,4146311600108420000,1,대지,842,,경기도 용인시 기흥구 중동 842,414633204027,경기도 용인시 기흥구 동백중앙로,225,6,4146311600108420000017681,쥬네브스타월드,경기도 용인시 기흥구 동백중앙로 225-6,446767,17006,,,,127.150172605234,37.2740080657477
MA010120220812550880,자타자,,G2,소매,G213,오락용품 소매,G21305,자전거 소매업,G47632,자전거 및 기타 운송장비 소매업,11,서울특별시,11500,강서구,11500603,가양1동,1150010500,마곡동,1150010500107930004,1,대지,793,4,서울특별시 강서구 마곡동 793-4,115003115001,서울특별시 강서구 강서로,409,,1150010500207930004000001,엘리안,서울특별시 강서구 강서로 409,157805,07794,,1,,126.838951222104,37.5621662608922
MA010120220812546184,민주라인,,G2,소매,G213,오락용품 소매,G21305,자전거 소매업,G47632,자전거 및 기타 운송장비 소매업,29,광주광역시,29110,동구,29110525,충장동,2911010100,대인동,2911010100103070002,1,대지,307,2,광주광역시 동구 대인동 307-2,291103009002,광주광역시 동구 동계천로,57,,2911010100103070002018586,,광주광역시 동구 동계천로 57,501812,61428,,,,126.918181844992,35.1541080453834
MA010120220812517255,허슬린컴퍼니미스터바이크,,G2,소매,G213,오락용품 소매,G21305,자전거 소매업,G47632,자전거 및 기타 운송장비 소매업,41,경기도,41590,화성시,41590586,동탄2동,4159012700,반송동,4159012700101310024,1,대지,131,24,경기도 화성시 반송동 131-24,415904430240,경기도 화성시 노작로3길,9,,4159012700101310024000001,,경기도 화성시 노작로3길 9,445160,18459,,1,,127.080363794426,37.1950812978791
MA010120220812517287,알톤자전거자전거타기,,G2,소매,G213,오락용품 소매,G21305,자전거 소매업,G47632,자전거 및 기타 운송장비 소매업,26,부산광역시,26410,금정구,26410600,장전1동,2641010800,장전동,2641010800102110013,1,대지,211,13,부산광역시 금정구 장전동 211-13,264103006033,부산광역시 금정구 금정로,159,,2641010800102110013012930,,부산광역시 금정구 금정로 159,609837,46283,,1,,129.08768669228,35.2387711695337
MA010120220812550038,포항삼천리,,G2,소매,G213,오락용품 소매,G21305,자전거 소매업,G47632,자전거 및 기타 운송장비 소매업,47,경상북도,47111,포항시 남구,47111545,해도동,4711110300,해도동,4711110300100460023,1,대지,46,23,경상북도 포항시 남구 해도동 46-23,471113303047,경상북도 포항시 남구 중앙로,100,1,4711110300100460023101696,,경상북도 포항시 남구 중앙로 100-1,790862,37808,,1,,129.369068199383,36.0221875338471
MA010120220812597560,하나바이크,,G2,소매,G213,오락용품 소매,G21305,자전거 소매업,G47632,자전거 및 기타 운송장비 소매업,47,경상북도,47113,포항시 북구,47113250,흥해읍,4711325028,흥해읍,4711325028100440010,1,대지,44,10,경상북도 포항시 북구 흥해읍 성내리 44-10,471133304047,경상북도 포항시 북구 흥해읍 흥해로,72,1,4711325028100440010012277,,경상북도 포항시 북구 흥해읍 흥해로 72-1,791947,37541,,,,129.347919728125,36.1110988725915
MA010120220812581715,석바이크,,G2,소매,G213,오락용품 소매,G21305,자전거 소매업,G47632,자전거 및 기타 운송장비 소매업,41,경기도,41461,용인시 처인구,41461526,삼가동,4146110300,삼가동,4146110300101730016,1,대지,173,16,경기도 용인시 처인구 삼가동 173-16,414612012012,경기도 용인시 처인구 중부대로,1084,,4146110300101730016029005,대웅빌딩,경기도 용인시 처인구 중부대로 1084,449060,17090,,1,,127.166802257903,37.2428548016894
MA010120220812584206,수바이크,,G2,소매,G213,오락용품 소매,G21305,자전거 소매업,G47632,자전거 및 기타 운송장비 소매업,44,충청남도,44133,천안시 서북구,44133510,성정1동,4413310200,성정동,4413310200102010057,1,대지,201,57,충청남도 천안시 서북구 성정동 201-57,441333250028,충청남도 천안시 서북구 서부역9로,12,,4413310200102010057000001,,충청남도 천안시 서북구 서부역9로 12,331999,31145,,1,,127.141887407313,36.8099645436088
MA010120220812557764,티비엔에스,,G2,소매,G213,오락용품 소매,G21305,자전거 소매업,G47211,"곡물, 곡분 및 가축 사료 소매업",11,서울특별시,11680,강남구,11680510,신사동,1168010700,신사동,1168010700105410013,1,대지,541,13,서울특별시 강남구 신사동 541-13,116804166260,서울특별시 강남구 도산대로15길,9,,1168010700105410013011847,,서울특별시 강남구 도산대로15길 9,135889,06036,,5,,127.023788738521,37.518881549904
MA010120220812593750,페달링,,G2,소매,G213,오락용품 소매,G21305,자전거 소매업,G47632,자전거 및 기타 운송장비 소매업,11,서울특별시,11440,마포구,11440630,신수동,1144011100,신수동,1144011100104500000,1,대지,450,,서울특별시 마포구 신수동 450,114403113013,서울특별시 마포구 신수로,105,,1144011100104500000008346,신촌삼익아파트,서울특별시 마포구 신수로 105,121766,04095,,,,126.936242239556,37.550627010591
MA010120220810713812,제이에스바이크,,G2,소매,G213,오락용품 소매,G21305,자전거 소매업,G47632,자전거 및 기타 운송장비 소매업,26,부산광역시,26440,강서구,26440560,녹산동,2644011700,신호동,2644011700102630015,1,대지,263,15,부산광역시 강서구 신호동 263-15,264404208443,부산광역시 강서구 신호산단1로140번길,52,,2644011700102630015000001,,부산광역시 강서구 신호산단1로140번길 52,618210,46759,,,,128.880529148148,35.0801697124855
MA010120220810721183,학장자전거,,G2,소매,G213,오락용품 소매,G21305,자전거 소매업,G47632,자전거 및 기타 운송장비 소매업,26,부산광역시,26530,사상구,26530670,학장동,2653010700,학장동,2653010700104670000,1,대지,467,,부산광역시 사상구 학장동 467,265303139021,부산광역시 사상구 학장로,177,,2653010700104670000004514,,부산광역시 사상구 학장로 177,617845,47023,,,,128.986199674048,35.1429370355993
MA010120220810718246,덕포자전거,,G2,소매,G213,오락용품 소매,G21305,자전거 소매업,G47632,자전거 및 기타 운송장비 소매업,26,부산광역시,26530,사상구,26530580,삼락동,2653010100,삼락동,2653010100104120002,1,대지,412,2,부산광역시 사상구 삼락동 412-2,265304217224,부산광역시 사상구 사상로309번길,51,,2653010100104120002024984,,부산광역시 사상구 사상로309번길 51,617827,46913,,1,,128.980487180862,35.1724990603252
MA010120220810710989,삼천리자전거,,G2,소매,G213,오락용품 소매,G21305,자전거 소매업,G47632,자전거 및 기타 운송장비 소매업,26,부산광역시,26530,사상구,26530591,모라1동,2653010200,모라동,2653010200106470012,1,대지,647,12,부산광역시 사상구 모라동 647-12,265303132023,부산광역시 사상구 사상로,519,,2653010200106470004011613,,부산광역시 사상구 사상로 519,617819,46917,,,,128.989011048054,35.190806343843
MA010120220810733136,엠티비월드,,G2,소매,G213,오락용품 소매,G21305,자전거 소매업,G47632,자전거 및 기타 운송장비 소매업,26,부산광역시,26530,사상구,26530620,괘법동,2653010400,괘법동,2653010400105170019,1,대지,517,19,부산광역시 사상구 괘법동 517-19,265302006002,부산광역시 사상구 낙동대로,1220,1,2653010400105170019011504,낙동,부산광역시 사상구 낙동대로 1220-1,617808,46960,,,,128.97708825279,35.1690129833277
MA010120220810763297,수안상회,,G2,소매,G213,오락용품 소매,G21305,자전거 소매업,G47632,자전거 및 기타 운송장비 소매업,26,부산광역시,26260,동래구,26260510,수민동,2626010600,수안동,2626010600100010019,1,대지,1,19,부산광역시 동래구 수안동 1-19,262604190501,부산광역시 동래구 충렬대로218번길,4,,2626010600100010019005063,,부산광역시 동래구 충렬대로218번길 4,607822,47817,,,,129.083093931621,35.2017680299191
MA010120220810763516,R2바이크,,G2,소매,G213,오락용품 소매,G21305,자전거 소매업,G47632,자전거 및 기타 운송장비 소매업,26,부산광역시,26260,동래구,26260740,안락1동,2626010200,안락동,2626010200107700002,1,대지,770,2,부산광역시 동래구 안락동 770-2,262602006006,부산광역시 동래구 충렬대로,342,,2626010200107700002019488,,부산광역시 동래구 충렬대로 342,607829,47882,,1,,129.095770126581,35.1981789056977
MA010120220810763710,대성자전차,,G2,소매,G213,오락용품 소매,G21305,자전거 소매업,G47632,자전거 및 기타 운송장비 소매업,26,부산광역시,26260,동래구,26260570,온천3동,2626010800,온천동,2626010800114680040,1,대지,1468,40,부산광역시 동래구 온천동 1468-40,262604190371,부산광역시 동래구 여고북로123번나길,36,4,2626010800114680040010155,,부산광역시 동래구 여고북로123번나길 36-4,607843,47828,,,,129.073140675739,35.2028130373458
MA010120220810731103,곤조,,G2,소매,G213,오락용품 소매,G21305,자전거 소매업,G47632,자전거 및 기타 운송장비 소매업,26,부산광역시,26260,동래구,26260750,안락2동,2626010200,안락동,2626010200106310056,1,대지,631,56,부산광역시 동래구 안락동 631-56,262604190416,부산광역시 동래구 온천천로441번길,5,,2626010200106310056021677,,부산광역시 동래구 온천천로441번길 5,607830,47900,,,,129.10125385284,35.1920010767707
MA010120220810744613,힐클라임MTB,,G2,소매,G213,오락용품 소매,G21305,자전거 소매업,G47632,자전거 및 기타 운송장비 소매업,41,경기도,41117,수원시 영통구,41117600,광교1동,4111710300,이의동,4111710300112780002,1,대지,1278,2,경기도 수원시 영통구 이의동 1278-2,411174331235,경기도 수원시 영통구 대학1로8번길,6,,4111710300109330021000003,,경기도 수원시 영통구 대학1로8번길 6,443270,16226,,,,127.042531254441,37.2970541436409
MA010120220810716934,심바이크,,G2,소매,G213,오락용품 소매,G21305,자전거 소매업,G47632,자전거 및 기타 운송장비 소매업,26,부산광역시,26530,사상구,26530591,모라1동,2653010200,모라동,2653010200106500017,1,대지,650,17,부산광역시 사상구 모라동 650-17,265303139010,부산광역시 사상구 모라로,27,,2653010200106500017001513,,부산광역시 사상구 모라로 27,617819,46917,,,,128.985714667264,35.1915813960356
MA010120220810785504,삼천리자전거,아시아드점,G2,소매,G213,오락용품 소매,G21305,자전거 소매업,G47632,자전거 및 기타 운송장비 소매업,26,부산광역시,26470,연제구,26470620,거제2동,2647010100,거제동,2647010100109200001,1,대지,920,1,부산광역시 연제구 거제동 920-1,264702006012,부산광역시 연제구 아시아드대로,46,,2647010100109200001021072,,부산광역시 연제구 아시아드대로 46,611807,47526,,1,,129.068545683507,35.1887344999289
MA010120220810769640,굿바이크,,G2,소매,G213,오락용품 소매,G21305,자전거 소매업,G47632,자전거 및 기타 운송장비 소매업,26,부산광역시,26260,동래구,26260510,수민동,2626010600,수안동,2626010600100110035,1,대지,11,35,부산광역시 동래구 수안동 11-35,262603130023,부산광역시 동래구 명륜로,31,,2626010600100110035016037,,부산광역시 동래구 명륜로 31,607822,47820,,,,129.083245939302,35.1974038369254
MA010120220810782809,삼천리자전거,대리점,G2,소매,G213,오락용품 소매,G21305,자전거 소매업,G47632,자전거 및 기타 운송장비 소매업,26,부산광역시,26470,연제구,26470680,연산4동,2647010200,연산동,2647010200105790045,1,대지,579,45,부산광역시 연제구 연산동 579-45,264703006041,부산광역시 연제구 거제천로,232,1,2647010200105790045022154,,부산광역시 연제구 거제천로 232-1,611820,47519,,,,129.082444486489,35.1918124558479
MA010120220810782838,삼천리자전거연산,대리점,G2,소매,G213,오락용품 소매,G21305,자전거 소매업,G47632,자전거 및 기타 운송장비 소매업,26,부산광역시,26470,연제구,26470650,연산1동,2647010200,연산동,2647010200103130012,1,대지,313,12,부산광역시 연제구 연산동 313-12,264703006054,부산광역시 연제구 과정로,339,1,2647010200103130012018595,,부산광역시 연제구 과정로 339-1,611811,47552,,,,129.090594106319,35.1902661886785
MA010120220810791973,제로바이크,,G2,소매,G213,오락용품 소매,G21305,자전거 소매업,G47632,자전거 및 기타 운송장비 소매업,26,부산광역시,26260,동래구,26260750,안락2동,2626010200,안락동,2626010200101710004,1,대지,171,4,부산광역시 동래구 안락동 171-4,262604190383,부산광역시 동래구 연안로52번길,75,,2626010200101710004018712,,부산광역시 동래구 연안로52번길 75,607825,47905,,,,129.111611527931,35.1909557400353
MA010120220810809019,이엔이바이키,,G2,소매,G213,오락용품 소매,G21305,자전거 소매업,G47632,자전거 및 기타 운송장비 소매업,26,부산광역시,26260,동래구,26260750,안락2동,2626010200,안락동,2626010200104600010,1,대지,460,10,부산광역시 동래구 안락동 460-10,262602006006,부산광역시 동래구 충렬대로,441,,2626010200104600010017077,,부산광역시 동래구 충렬대로 441,607826,47791,,1,,129.106767064258,35.1963479126747
MA010120220810770371,곰두리의료기,,G2,소매,G213,오락용품 소매,G21305,자전거 소매업,G47632,자전거 및 기타 운송장비 소매업,26,부산광역시,26260,동래구,26260740,안락1동,2626010200,안락동,2626010200104410009,1,대지,441,9,부산광역시 동래구 안락동 441-9,262604190533,부산광역시 동래구 충렬대로395번길,55,,2626010200104410009020575,,부산광역시 동래구 충렬대로395번길 55,607828,47788,,,,129.102432465691,35.1993970686861
MA010120220810778071,삼천리자전거토곡,대리점,G2,소매,G213,오락용품 소매,G21305,자전거 소매업,G47632,자전거 및 기타 운송장비 소매업,26,부산광역시,26470,연제구,26470730,연산9동,2647010200,연산동,2647010200104630001,1,대지,463,1,부산광역시 연제구 연산동 463-1,264703130031,부산광역시 연제구 연안로,14,,2647010200104630001005148,,부산광역시 연제구 연안로 14,611817,47568,,1,,129.10734506329,35.1889754685561
MA010120220810793189,알톤자전거수보리점,,G2,소매,G213,오락용품 소매,G21305,자전거 소매업,G47632,자전거 및 기타 운송장비 소매업,26,부산광역시,26470,연제구,26470680,연산4동,2647010200,연산동,2647010200106350030,1,대지,635,30,부산광역시 연제구 연산동 635-30,264703137019,부산광역시 연제구 쌍미천로,145,,2647010200106350030016619,,부산광역시 연제구 쌍미천로 145,611822,47578,,,,129.08694820705,35.1854899058839
MA010120220810771008,삼천리자전거센텀반여점,,G2,소매,G213,오락용품 소매,G21305,자전거 소매업,G47632,자전거 및 기타 운송장비 소매업,26,부산광역시,26350,해운대구,26350570,반여1동,2635010300,반여동,2635010300114590011,1,대지,1459,11,부산광역시 해운대구 반여동 1459-11,263503133009,부산광역시 해운대구 선수촌로,86,9,2635010300114590011021384,,부산광역시 해운대구 선수촌로 86-9,612811,48037,,,,129.119777822582,35.2014825773358
MA010120220810776044,알톤스포츠,,G2,소매,G213,오락용품 소매,G21305,자전거 소매업,G47632,자전거 및 기타 운송장비 소매업,26,부산광역시,26710,기장군,26710256,정관읍,2671025621,정관읍,2671025621104340006,1,대지,434,6,부산광역시 기장군 정관읍 방곡리 434-6,267104220246,부산광역시 기장군 정관읍 정관덕산길,50,21,2671025621104340006000001,,부산광역시 기장군 정관읍 정관덕산길 50-21,619961,46022,,,,129.185856862636,35.3220581270313
MA010120220810791192,알톤자전거,안락점,G2,소매,G213,오락용품 소매,G21305,자전거 소매업,G47632,자전거 및 기타 운송장비 소매업,26,부산광역시,26260,동래구,26260750,안락2동,2626010200,안락동,2626010200101520007,1,대지,152,7,부산광역시 동래구 안락동 152-7,262603130031,부산광역시 동래구 연안로,47,,2626010200101520007018350,,부산광역시 동래구 연안로 47,607825,47899,,,,129.107185338241,35.1921412810372
MA010120220810819827,엠티비랜드,,G2,소매,G213,오락용품 소매,G21305,자전거 소매업,G47632,자전거 및 기타 운송장비 소매업,26,부산광역시,26260,동래구,26260580,사직1동,2626010900,사직동,2626010900101000003,1,대지,100,3,부산광역시 동래구 사직동 100-3,262602006012,부산광역시 동래구 아시아드대로,131,,2626010900101000003007941,새생명크리닉센터,부산광역시 동래구 아시아드대로 131,607817,47875,,,,129.065602372074,35.1960480788595
MA010120220810844183,대동철공소,,G2,소매,G213,오락용품 소매,G21305,자전거 소매업,G47632,자전거 및 기타 운송장비 소매업,48,경상남도,48125,창원시 마산합포구,48125340,진전면,4812534022,진전면,4812534022101000000,1,대지,100,,경상남도 창원시 마산합포구 진전면 근곡리 100,481252329002,경상남도 창원시 마산합포구 진전면 삼진의거대로,250,,4812534022101000004015662,,경상남도 창원시 마산합포구 진전면 삼진의거대로 250,631833,51796,,,,128.448400329089,35.1071651933085
MA010120220810849212,메일바이크,창원점,G2,소매,G213,오락용품 소매,G21305,자전거 소매업,G47632,자전거 및 기타 운송장비 소매업,48,경상남도,48123,창원시 성산구,48123515,용지동,4812313600,신월동,4812313600100560011,1,대지,56,11,경상남도 창원시 성산구 신월동 56-11,481233327031,경상남도 창원시 성산구 신사로,33,,4812112600100560011034317,,경상남도 창원시 성산구 신사로 33,641838,51443,,,,128.689303255764,35.2258476955849
MA010120220810814302,원바이시클,,G2,소매,G213,오락용품 소매,G21305,자전거 소매업,G47632,자전거 및 기타 운송장비 소매업,41,경기도,41570,김포시,41570253,고촌읍,4157025325,고촌읍,4157025325107120000,1,대지,712,,경기도 김포시 고촌읍 전호리 712,415704427679,경기도 김포시 고촌읍 아라육로58번길,105,1,4157025325107120000000001,유호프라자,경기도 김포시 고촌읍 아라육로58번길 105-1,415816,10136,,,,126.789423879943,37.5937221653305
MA010120220810831230,삼천리자전거합,성동점,G2,소매,G213,오락용품 소매,G21305,자전거 소매업,G47632,자전거 및 기타 운송장비 소매업,48,경상남도,48127,창원시 마산회원구,48127590,합성2동,4812710600,합성동,4812710600101590004,1,대지,159,4,경상남도 창원시 마산회원구 합성동 159-4,481274790357,경상남도 창원시 마산회원구 합성시장길,10,,4812710600101590004041225,,경상남도 창원시 마산회원구 합성시장길 10,630818,51356,,,,128.585694880159,35.2413899119879
MA010120220810819683,두발이네,,G2,소매,G213,오락용품 소매,G21305,자전거 소매업,G47632,자전거 및 기타 운송장비 소매업,41,경기도,41271,안산시 상록구,41271515,이동,4127110200,이동,4127110200106230002,1,대지,623,2,경기도 안산시 상록구 이동 623-2,412714370463,경기도 안산시 상록구 조구나리1길,19,,4127110200106230002000001,,경기도 안산시 상록구 조구나리1길 19,426862,15486,,,,126.843418780158,37.3142130295782
MA010120220810854750,삼광호자전거,,G2,소매,G213,오락용품 소매,G21305,자전거 소매업,G47632,자전거 및 기타 운송장비 소매업,48,경상남도,48730,함안군,48730250,가야읍,4873025021,가야읍,4873025021101450003,1,대지,145,3,경상남도 함안군 가야읍 말산리 145-3,487304820512,경상남도 함안군 가야읍 중앙남길,3,,4873025021101450003024373,,경상남도 함안군 가야읍 중앙남길 3,637805,52046,,,,128.407077672273,35.2747731297591
MA010120220810881463,밀양자전차,,G2,소매,G213,오락용품 소매,G21305,자전거 소매업,G47632,자전거 및 기타 운송장비 소매업,48,경상남도,48125,창원시 마산합포구,48125650,산호동,4812511800,산호동,4812511800100390004,1,대지,39,4,경상남도 창원시 마산합포구 산호동 39-4,481253329018,경상남도 창원시 마산합포구 산호남로,32,,4812511800100390004034677,,경상남도 창원시 마산합포구 산호남로 32,631853,51332,,,,128.582908832175,35.2161648197308
MA010120220810862406,9바이크,,G2,소매,G213,오락용품 소매,G21305,자전거 소매업,G47632,자전거 및 기타 운송장비 소매업,31,울산광역시,31200,북구,31200560,효문동,3120012100,진장동,3120012100108380001,1,대지,838,1,울산광역시 북구 진장동 838-1,312004316114,울산광역시 북구 명촌6길,8,,3120012100108380001000002,,울산광역시 북구 명촌6길 8,683360,44254,,,,129.360652565285,35.5577237343946
MA010120220810863042,동양,,G2,소매,G213,오락용품 소매,G21305,자전거 소매업,G47632,자전거 및 기타 운송장비 소매업,48,경상남도,48127,창원시 마산회원구,48127250,내서읍,4812725025,내서읍,4812725025110340006,1,대지,1034,6,경상남도 창원시 마산회원구 내서읍 중리 1034-6,481273330025,경상남도 창원시 마산회원구 내서읍 중리상곡로,109,,4812725025110340006000269,,경상남도 창원시 마산회원구 내서읍 중리상곡로 109,630857,51229,,,,128.510191390908,35.2502056124161
MA010120220810860674,삼천리자전거,남지점,G2,소매,G213,오락용품 소매,G21305,자전거 소매업,G47632,자전거 및 기타 운송장비 소매업,48,경상남도,48740,창녕군,48740253,남지읍,4874025321,남지읍,4874025321105340007,1,대지,534,7,경상남도 창녕군 남지읍 남지리 534-7,487403341013,경상남도 창녕군 남지읍 동포로,15,1,4874025321105340007015546,,경상남도 창녕군 남지읍 동포로 15-1,635903,50358,,1,,128.481558845375,35.3905574430897
MA010120220810865851,레저스포츠,,G2,소매,G213,오락용품 소매,G21305,자전거 소매업,G47632,자전거 및 기타 운송장비 소매업,48,경상남도,48125,창원시 마산합포구,48125650,산호동,4812511800,산호동,4812511800100310013,1,대지,31,13,경상남도 창원시 마산합포구 산호동 31-13,481253329034,경상남도 창원시 마산합포구 용마로,77,,4812511800100310013085751,다이노스빌딩,경상남도 창원시 마산합포구 용마로 77,631853,51327,,,,128.582130635161,35.2202035142621
MA010120220810885898,경남싸이클센타,,G2,소매,G213,오락용품 소매,G21305,자전거 소매업,G47632,자전거 및 기타 운송장비 소매업,48,경상남도,48127,창원시 마산회원구,48127590,합성2동,4812710600,합성동,4812710600107230003,1,대지,723,3,경상남도 창원시 마산회원구 합성동 723-3,481274790358,경상남도 창원시 마산회원구 합성옛길,99,,4812710600107230003038851,,경상남도 창원시 마산회원구 합성옛길 99,630522,51362,,,,128.582172781538,35.2365152898127
MA010120220810849707,삼천리자전거내서점,,G2,소매,G213,오락용품 소매,G21305,자전거 소매업,G47632,자전거 및 기타 운송장비 소매업,48,경상남도,48127,창원시 마산회원구,48127250,내서읍,4812725025,내서읍,4812725025111260019,1,대지,1126,19,경상남도 창원시 마산회원구 내서읍 중리 1126-19,481273330024,경상남도 창원시 마산회원구 내서읍 중리공단로,123,,4812725025100190326018705,,경상남도 창원시 마산회원구 내서읍 중리공단로 123,630857,51233,,,,128.509945997545,35.2423047883654
MA010120220812286936,루비컴퍼니,,G2,소매,G213,오락용품 소매,G21305,자전거 소매업,G47632,자전거 및 기타 운송장비 소매업,11,서울특별시,11650,서초구,11650560,반포1동,1165010700,반포동,1165010700107030002,1,대지,703,2,서울특별시 서초구 반포동 703-2,116503121017,서울특별시 서초구 신반포로,320,,1165010700107030002017901,루비빌딩,서울특별시 서초구 신반포로 320,137808,06534,,1,,127.018764090668,37.5100796469389
MA010120220812287655,지구자전거,,G2,소매,G213,오락용품 소매,G21305,자전거 소매업,G47632,자전거 및 기타 운송장비 소매업,28,인천광역시,28110,중구,28110628,운서동,2811014700,운서동,2811014700131190006,1,대지,3119,6,인천광역시 중구 운서동 3119-6,281104247496,인천광역시 중구 모랫말로16번길,13,30,2811014700131190006000001,이안하우스,인천광역시 중구 모랫말로16번길 13-30,400340,22376,,1,,126.492961939085,37.4886573935105
MA010120220812314679,고래자전거,,G2,소매,G213,오락용품 소매,G21305,자전거 소매업,G47632,자전거 및 기타 운송장비 소매업,11,서울특별시,11470,양천구,11470510,목1동,1147010200,목동,1147010200104050304,1,대지,405,304,서울특별시 양천구 목동 405-304,114703114001,서울특별시 양천구 목동동로,206,9,1147010200104050304021114,,서울특별시 양천구 목동동로 206-9,158806,08005,,,,126.872406414313,37.5234011292438
MA010120220812311826,제이케이유통,,G2,소매,G213,오락용품 소매,G21305,자전거 소매업,G47632,자전거 및 기타 운송장비 소매업,41,경기도,41287,고양시 일산서구,41287520,일산2동,4128710100,일산동,4128710100106550053,1,대지,655,53,경기도 고양시 일산서구 일산동 655-53,412874382119,경기도 고양시 일산서구 일중로15번길,77,,4128710100106550053002785,,경기도 고양시 일산서구 일중로15번길 77,411875,10353,,,,126.77042215905,37.6825957506321
MA010120220812331573,지로바이시클,,G2,소매,G213,오락용품 소매,G21305,자전거 소매업,G47632,자전거 및 기타 운송장비 소매업,28,인천광역시,28260,서구,28260537,청라2동,2826012200,청라동,2826012200101740013,1,대지,174,13,인천광역시 서구 청라동 174-13,282604268925,인천광역시 서구 청라루비로42번길,5,3,2826010400109650013000001,,인천광역시 서구 청라루비로42번길 5-3,,22763,,,,126.640959552958,37.5291952577347
MA010120220812326871,원탑휠,,G2,소매,G213,오락용품 소매,G21305,자전거 소매업,G47632,자전거 및 기타 운송장비 소매업,11,서울특별시,11590,동작구,11590530,상도1동,1159010300,상도1동,1159010300105850000,1,대지,585,,서울특별시 동작구 상도1동 585,115903119010,서울특별시 동작구 흑석로,7,,1159010300105850000029385,,서울특별시 동작구 흑석로 7,156830,06912,,,,126.951447437075,37.504926420886
MA010120220812296992,고라운드,,G2,소매,G213,오락용품 소매,G21305,자전거 소매업,G47632,자전거 및 기타 운송장비 소매업,27,대구광역시,27230,북구,27230570,침산3동,2723010600,침산동,2723010600103360028,1,대지,336,28,대구광역시 북구 침산동 336-28,272303145032,대구광역시 북구 성북로,63,1,2723010600103360028034749,자전거전문점고라운드,대구광역시 북구 성북로 63-1,702858,41549,,1,,128.590278234492,35.8922290762771
MA010120220812370983,오토드론,,G2,소매,G213,오락용품 소매,G21305,자전거 소매업,G47632,자전거 및 기타 운송장비 소매업,52,전북특별자치도,52210,김제시,52210510,요촌동,5221010100,요촌동,5221010100102880040,1,대지,288,40,전북특별자치도 김제시 요촌동 288-40,522103272083,전북특별자치도 김제시 남북로,210,7,4521010100102880040056542,,전북특별자치도 김제시 남북로 210-7,576806,54384,,,,126.884807044613,35.802953039281
MA010120220812371607,로드벨로픽스,,G2,소매,G213,오락용품 소매,G21305,자전거 소매업,G47632,자전거 및 기타 운송장비 소매업,44,충청남도,44710,금산군,44710330,부리면,4471033024,부리면,4471033024102190006,1,대지,219,6,충청남도 금산군 부리면 불이리 219-6,447103000194,충청남도 금산군 부리면 무금로,1712,,4471033024102190006006463,,충청남도 금산군 부리면 무금로 1712,312843,32757,,,,127.544699401271,36.0633927077151
MA010120220812380261,세라케어,,G2,소매,G213,오락용품 소매,G21305,자전거 소매업,G47632,자전거 및 기타 운송장비 소매업,41,경기도,41570,김포시,41570250,통진읍,4157025022,통진읍,4157025022105760004,1,대지,576,4,경기도 김포시 통진읍 마송리 576-4,415704427485,경기도 김포시 통진읍 율마로450번길,34,13,4157025022105760004000001,,경기도 김포시 통진읍 율마로450번길 34-13,415865,10017,,,,126.605125168406,37.688690185894
MA010120220812417519,삼천리자전거공항,대리점,G2,소매,G213,오락용품 소매,G21305,자전거 소매업,G47632,자전거 및 기타 운송장비 소매업,11,서울특별시,11500,강서구,11500620,공항동,1150010800,공항동,1150010800100220034,1,대지,22,34,서울특별시 강서구 공항동 22-34,115004145181,서울특별시 강서구 공항대로3길,44,,1150010800100220034005141,,서울특별시 강서구 공항대로3길 44,157811,07619,,,,126.810697404286,37.5634488030517
MA010120220812424399,아텍스,평택점,G2,소매,G213,오락용품 소매,G21305,자전거 소매업,G47632,자전거 및 기타 운송장비 소매업,41,경기도,41220,평택시,41220620,비전1동,4122012600,청룡동,4122012600103330008,1,대지,333,8,경기도 평택시 청룡동 333-8,412203012021,경기도 평택시 만세로,1621,,4122012600103330001000001,,경기도 평택시 만세로 1621,450804,17875,,1,,127.119094070663,37.019908594635
MA010120220812421992,에스에스스포츠,,G2,소매,G213,오락용품 소매,G21305,자전거 소매업,G47632,자전거 및 기타 운송장비 소매업,41,경기도,41450,하남시,41450610,미사1동,4145010900,망월동,4145010900110660002,1,대지,1066,2,경기도 하남시 망월동 1066-2,414503202056,경기도 하남시 미사강변남로,33,,4145010900108300306000001,황금프라자,경기도 하남시 미사강변남로 33,465150,12914,,2,,127.185547395339,37.5599138522291
MA010120220812424825,엔픽스,,G2,소매,G213,오락용품 소매,G21305,자전거 소매업,G47632,자전거 및 기타 운송장비 소매업,41,경기도,41465,용인시 수지구,41465585,상현3동,4146510700,상현동,4146510700112200000,1,대지,1220,,경기도 용인시 수지구 상현동 1220,414653177022,경기도 용인시 수지구 광교중앙로,338,,4146510700105080004000001,광교우미뉴브,경기도 용인시 수지구 광교중앙로 338,448130,16942,,,,127.071340003067,37.3006984941304
MA010120220812389990,알톤바이크통,,G2,소매,G213,오락용품 소매,G21305,자전거 소매업,G47632,자전거 및 기타 운송장비 소매업,29,광주광역시,29200,광산구,29200610,월곡2동,2920012800,월곡동,2920012800106790012,1,대지,679,12,광주광역시 광산구 월곡동 679-12,292003163061,광주광역시 광산구 풍영로,83,,2920012800106790012045153,우석빌딩,광주광역시 광산구 풍영로 83,506056,62328,,1,,126.8108871266,35.1794694470071
MA0101202406A0217000,에코자전거,,G2,소매,G213,오락용품 소매,G21305,자전거 소매업,G47632,자전거 및 기타 운송장비 소매업,48,경상남도,48310,거제시,48310570,장평동,4831010800,장평동,4831010800108260024,1,대지,826,24,경상남도 거제시 장평동 826-24,483104811623,경상남도 거제시 장평3로3길,78,1,4831010800108260017058726,,경상남도 거제시 장평3로3길 78-1,656927,53262,,,,128.599770031121,34.8904909564469
MA0101202406A0223800,레트로바이크,,G2,소매,G213,오락용품 소매,G21305,자전거 소매업,G47632,자전거 및 기타 운송장비 소매업,11,서울특별시,11500,강서구,11500530,등촌2동,1150010200,등촌동,1150010200105220019,1,대지,522,19,서울특별시 강서구 등촌동 522-19,115004145305,서울특별시 강서구 등촌로39바길,6,,1150010200105220019026263,우측점포,서울특별시 강서구 등촌로39바길 6,157836,07669,,1,,126.860326271791,37.5468134626099
MA0101202406A0251366,전동휫슬,,G2,소매,G213,오락용품 소매,G21305,자전거 소매업,G47632,자전거 및 기타 운송장비 소매업,28,인천광역시,28110,중구,28110623,영종2동,2811014500,중산동,2811014500118850004,1,대지,1885,4,인천광역시 중구 중산동 1885-4,281104247497,인천광역시 중구 하늘별빛로65번길,7,15,2811014500118850004000001,DSG타워,인천광역시 중구 하늘별빛로65번길 7-15,400320,22397,,1,,126.563555511012,37.4881373820853
MA0101202406A0225454,바이크팩토리,,G2,소매,G213,오락용품 소매,G21305,자전거 소매업,G47632,자전거 및 기타 운송장비 소매업,51,강원특별자치도,51130,원주시,51130660,무실동,5113011500,무실동,5113011500117210001,1,대지,1721,1,강원특별자치도 원주시 무실동 1721-1,511303219019,강원특별자치도 원주시 만대로,21,,4213011500117210001000001,엠시티,강원특별자치도 원주시 만대로 21,220150,26383,,,,127.923086902691,37.3419900582379
MA0101202406A0237688,세운바이크,,G2,소매,G213,오락용품 소매,G21305,자전거 소매업,G47632,자전거 및 기타 운송장비 소매업,41,경기도,41220,평택시,41220620,비전1동,4122011800,비전동,4122011800104560002,1,대지,456,2,경기도 평택시 비전동 456-2,412203188117,경기도 평택시 평택1로,84,1,4122011800104560002012336,,경기도 평택시 평택1로 84-1,450805,17890,,1,,127.088999011798,36.9995345147442
MA0101202406A0196299,모토벨로,,G2,소매,G213,오락용품 소매,G21305,자전거 소매업,G47632,자전거 및 기타 운송장비 소매업,41,경기도,41390,시흥시,41390591,정왕1동,4139013200,정왕동,4139013200114360007,1,대지,1436,7,경기도 시흥시 정왕동 1436-7,413904397545,경기도 시흥시 정왕시장길,12,,4139013200114360007018067,,경기도 시흥시 정왕시장길 12,429856,15058,,,,126.745934024532,37.342561486832
MA0101202406A0234830,이레자전거,,G2,소매,G213,오락용품 소매,G21305,자전거 소매업,G47632,자전거 및 기타 운송장비 소매업,52,전북특별자치도,52113,전주시 덕진구,52113570,덕진동,5211310600,덕진동2가,5211310600106520009,1,대지,652,9,전북특별자치도 전주시 덕진구 덕진동2가 652-9,521134601004,전북특별자치도 전주시 덕진구 가리내3길,20,9,4511310600106520009000001,,전북특별자치도 전주시 덕진구 가리내3길 20-9,561852,54890,,,,127.109179702058,35.8472104953864
MA0101202406A0249188,아시아마트,2호점,G2,소매,G213,오락용품 소매,G21305,자전거 소매업,G47632,자전거 및 기타 운송장비 소매업,43,충청북도,43130,충주시,43130515,성내.충인동,4313012400,충의동,4313012400102610000,1,대지,261,,충청북도 충주시 충의동 261,431304514075,충청북도 충주시 공설시장길,7,,4313012400102610000024810,,충청북도 충주시 공설시장길 7,380050,27385,,,,127.929229554135,36.9734853966659
MA0101202406A0226038,알톤스포츠,,G2,소매,G213,오락용품 소매,G21305,자전거 소매업,G47632,자전거 및 기타 운송장비 소매업,48,경상남도,48170,진주시,48170750,충무공동,4817013700,충무공동,4817013700101960002,1,대지,196,2,경상남도 진주시 충무공동 196-2,481703350090,경상남도 진주시 사들로156번길,5,,4817013700101960002000001,,경상남도 진주시 사들로156번길 5,660031,52831,,,,128.149746170482,35.1817489812106
MA0101202406A0208096,바이크롤,,G2,소매,G213,오락용품 소매,G21305,자전거 소매업,G47632,자전거 및 기타 운송장비 소매업,28,인천광역시,28245,계양구,28245710,계양1동,2824512300,장기동,2824512300101490017,1,대지,149,17,인천광역시 계양구 장기동 149-17,282453155034,인천광역시 계양구 장기로,10,,2824512300101490017000001,일부호,인천광역시 계양구 장기로 10,407470,21006,,1,,126.735730856587,37.5773873198075
MA0101202406A0212578,자전거연구소,,G2,소매,G213,오락용품 소매,G21305,자전거 소매업,G47632,자전거 및 기타 운송장비 소매업,41,경기도,41590,화성시,41590253,봉담읍,4159025324,봉담읍,4159025324102450052,1,대지,245,52,경기도 화성시 봉담읍 동화리 245-52,415904430334,경기도 화성시 봉담읍 동화역말길,29,13,4159025324102450052000001,,경기도 화성시 봉담읍 동화역말길 29-13,445893,18298,,,,126.962719603165,37.2155475375994
MA0101202406A0346138,종합자전거할인마트,,G2,소매,G213,오락용품 소매,G21305,자전거 소매업,G47632,자전거 및 기타 운송장비 소매업,27,대구광역시,27290,달서구,27290625,상인2동,2729011500,상인동,2729011500114420005,1,대지,1442,5,대구광역시 달서구 상인동 1442-5,272903147008,대구광역시 달서구 상원로,67,,2729011500114420005016148,,대구광역시 달서구 상원로 67,704817,42788,,,,128.533963673561,35.8152282037183
MA0101202406A0361829,현성이앤지,,G2,소매,G213,오락용품 소매,G21305,자전거 소매업,G47632,자전거 및 기타 운송장비 소매업,41,경기도,41570,김포시,41570256,양촌읍,4157025622,양촌읍,4157025622107760000,1,대지,776,,경기도 김포시 양촌읍 누산리 776,415704427131,경기도 김포시 양촌읍 누산봉성로99번길,49,,4157032022107760000010011,,경기도 김포시 양촌읍 누산봉성로99번길 49,415842,10052,,,,126.644925349169,37.6780050545401
MA0101202406A0340271,행복자전거,원내점,G2,소매,G213,오락용품 소매,G21305,자전거 소매업,G47632,자전거 및 기타 운송장비 소매업,30,대전광역시,30200,유성구,30200520,진잠동,3020010100,원내동,3020010100102270010,1,대지,227,10,대전광역시 유성구 원내동 227-10,302003167055,대전광역시 유성구 원내로,23,,3020010100102270010017625,,대전광역시 유성구 원내로 23,305808,34227,,1,,127.318232758363,36.300043424728
MA0101202406A0363156,위페드,,G2,소매,G213,오락용품 소매,G21305,자전거 소매업,G47632,자전거 및 기타 운송장비 소매업,44,충청남도,44133,천안시 서북구,44133560,백석동,4413310300,백석동,4413310300110590000,1,대지,1059,,충청남도 천안시 서북구 백석동 1059,441333250046,충청남도 천안시 서북구 한들1로,157,,4413310300110590000000001,마치애비뉴,충청남도 천안시 서북구 한들1로 157,331220,31087,,1,,127.119605421786,36.8367339464902
MA0101202406A0337634,삼천리자전거,노형점,G2,소매,G213,오락용품 소매,G21305,자전거 소매업,G47632,자전거 및 기타 운송장비 소매업,50,제주특별자치도,50110,제주시,50110660,노형동,5011012200,노형동,5011012200112860003,1,대지,1286,3,제주특별자치도 제주시 노형동 1286-3,501103349042,제주특별자치도 제주시 노형로,393,,5011012200112860003005738,,제주특별자치도 제주시 노형로 393,690804,63099,,,,126.477077014799,33.4849626250765
MA0101202406A0288096,삼천리자전거중동,대리점,G2,소매,G213,오락용품 소매,G21305,자전거 소매업,G47632,자전거 및 기타 운송장비 소매업,48,경상남도,48121,창원시 의창구,48121510,의창동,4812110400,소답동,4812110400101400008,1,대지,140,8,경상남도 창원시 의창구 소답동 140-8,481214781505,경상남도 창원시 의창구 의안로2번길,41,,4812110400101400008019638,,경상남도 창원시 의창구 의안로2번길 41,641836,51200,,1,,128.628240327112,35.2616972215099
MA0101202406A0310941,에스벨로,,G2,소매,G213,오락용품 소매,G21305,자전거 소매업,G47632,자전거 및 기타 운송장비 소매업,11,서울특별시,11290,성북구,11290620,정릉1동,1129013300,정릉동,1129013300100160033,1,대지,16,33,서울특별시 성북구 정릉동 16-33,112904121630,서울특별시 성북구 정릉로38라길,35,,1129013300100160033035994,,서울특별시 성북구 정릉로38라길 35,136841,02816,,1,,127.020632801145,37.6011792028289
MA0101202406A0339239,바이시클로,,G2,소매,G213,오락용품 소매,G21305,자전거 소매업,G47632,자전거 및 기타 운송장비 소매업,41,경기도,41210,광명시,41210655,일직동,4121010600,일직동,4121010600105050015,1,대지,505,15,경기도 광명시 일직동 505-15,412104361309,경기도 광명시 일직로99번안길,8,,4121010600105050015000001,스마트빌,경기도 광명시 일직로99번안길 8,423090,14354,,1,,126.891367338934,37.4210293207857
MA0101202406A0288338,골목길정비센터,,G2,소매,G213,오락용품 소매,G21305,자전거 소매업,G47632,자전거 및 기타 운송장비 소매업,11,서울특별시,11740,강동구,11740610,천호2동,1174010900,천호동,1174010900103320032,1,대지,332,32,서울특별시 강동구 천호동 332-32,117403124009,서울특별시 강동구 천중로,30,,1174010900103320032011065,,서울특별시 강동구 천중로 30,134868,05245,,1,,127.125051136529,37.545442315946
MA0101202406A0275618,미니모터스,안양점,G2,소매,G213,오락용품 소매,G21305,자전거 소매업,G47632,자전거 및 기타 운송장비 소매업,41,경기도,41410,군포시,41410630,송부동,4141010300,부곡동,4141010300112460000,1,대지,1246,,경기도 군포시 부곡동 1246,414104854857,경기도 군포시 군포첨단산업2로7번길,8,,4141010300112460000000001,군포에이스더블유밸리,경기도 군포시 군포첨단산업2로7번길 8,435020,15880,,2,,126.941035270121,37.3268262952855
MA0101202406A0298628,전동의신,,G2,소매,G213,오락용품 소매,G21305,자전거 소매업,G47632,자전거 및 기타 운송장비 소매업,27,대구광역시,27290,달서구,27290585,신당동,2729010700,신당동,2729010700118120002,1,대지,1812,2,대구광역시 달서구 신당동 1812-2,272903147013,대구광역시 달서구 서당로,31,,2729010700118120002003258,,대구광역시 달서구 서당로 31,704922,42614,,1,,128.495424564123,35.8545539687955
MA0101202406A0317450,탑자전거,,G2,소매,G213,오락용품 소매,G21305,자전거 소매업,G47632,자전거 및 기타 운송장비 소매업,52,전북특별자치도,52130,군산시,52130640,흥남동,5213013200,동흥남동,5213013200104070010,1,대지,407,10,전북특별자치도 군산시 동흥남동 407-10,521304604266,전북특별자치도 군산시 동팔마길,7,,4513013200104070010031422,,전북특별자치도 군산시 동팔마길 7,573200,54040,,,,126.72348825556,35.9756846390591
MA0101202406A0287318,두바퀴자전거,,G2,소매,G213,오락용품 소매,G21305,자전거 소매업,G47632,자전거 및 기타 운송장비 소매업,48,경상남도,48270,밀양시,48270530,삼문동,4827010400,삼문동,4827010400103920000,1,대지,392,,경상남도 밀양시 삼문동 392,482704808817,경상남도 밀양시 진장3길,8,,4827010400103920000000001,,경상남도 밀양시 진장3길 8,627805,50426,,,,128.746448089441,35.491464515887
MA0101202406A0294520,퍼시로드,,G2,소매,G213,오락용품 소매,G21305,자전거 소매업,G47632,자전거 및 기타 운송장비 소매업,11,서울특별시,11215,광진구,11215830,자양2동,1121510500,자양동,1121510500106400039,1,대지,640,39,서울특별시 광진구 자양동 640-39,112154112280,서울특별시 광진구 뚝섬로54길,50,,1121510500106400039022102,,서울특별시 광진구 뚝섬로54길 50,143868,05100,,1,,127.079872735083,37.5295338148127
MA0101202406A0339880,세진바이크,,G2,소매,G213,오락용품 소매,G21305,자전거 소매업,G47632,자전거 및 기타 운송장비 소매업,47,경상북도,47770,영덕군,47770250,영덕읍,4777025023,영덕읍,4777025023100260050,1,대지,26,50,경상북도 영덕군 영덕읍 남석리 26-50,477704754071,경상북도 영덕군 영덕읍 남석길,29,,4777025023100260050023159,,경상북도 영덕군 영덕읍 남석길 29,766801,36440,,,,129.369741241469,36.40714832791
MA0101202406A0459290,베네피아,평촌점,G2,소매,G213,오락용품 소매,G21305,자전거 소매업,G47632,자전거 및 기타 운송장비 소매업,41,경기도,41173,안양시 동안구,41173552,관양동,4117310200,관양동,4117310200114370043,1,대지,1437,43,경기도 안양시 동안구 관양동 1437-43,411732182001,경기도 안양시 동안구 관악대로,411,,4117310200114370027003315,,경기도 안양시 동안구 관악대로 411,431807,13939,,1,,126.968600776556,37.4051089993118
MA0101202406A0391931,두번째자전거,,G2,소매,G213,오락용품 소매,G21305,자전거 소매업,G47632,자전거 및 기타 운송장비 소매업,11,서울특별시,11650,서초구,11650652,양재2동,1165010200,양재동,1165010200102620009,1,대지,262,9,서울특별시 서초구 양재동 262-9,116504163172,서울특별시 서초구 마방로6길,7,9,1165010200102620009002839,건영빌딩,서울특별시 서초구 마방로6길 7-9,137894,06776,,1,,127.042089573813,37.4756011047198
MA0101202406A0418865,뉴스포,코리아,G2,소매,G213,오락용품 소매,G21305,자전거 소매업,G47632,자전거 및 기타 운송장비 소매업,11,서울특별시,11440,마포구,11440655,서강동,1144011400,창전동,1144011400103810004,1,대지,381,4,서울특별시 마포구 창전동 381-4,114404139076,서울특별시 마포구 독막로22길,27,,1144011400103810004008916,제,서울특별시 마포구 독막로22길 27,121882,04078,,2,,126.928471421269,37.5467662853596
MA0101202406A0454118,평촌TBCC,,G2,소매,G213,오락용품 소매,G21305,자전거 소매업,G47632,자전거 및 기타 운송장비 소매업,41,경기도,41173,안양시 동안구,41173590,호계2동,4117310400,호계동,4117310400108940000,1,대지,894,,경기도 안양시 동안구 호계동 894,411732012008,경기도 안양시 동안구 경수대로,813,,4117310400108940000004017,피카빌딩,경기도 안양시 동안구 경수대로 813,431836,14040,,1,,126.943762295779,37.3919629004694
MA0101202406A0453027,에코휠,수성점,G2,소매,G213,오락용품 소매,G21305,자전거 소매업,G47632,자전거 및 기타 운송장비 소매업,27,대구광역시,27260,수성구,27260620,상동,2726010900,상동,2726010900101000005,1,대지,100,5,대구광역시 수성구 상동 100-5,272603146017,대구광역시 수성구 수성로,123,,2726010900101000005008664,,대구광역시 수성구 수성로 123,706828,42157,,1,,128.611606387737,35.8363983501626
MA0101202406A0395263,영바이크,,G2,소매,G213,오락용품 소매,G21305,자전거 소매업,G47632,자전거 및 기타 운송장비 소매업,46,전라남도,46830,영암군,46830253,삼호읍,4683025329,삼호읍,4683025329118710000,1,대지,1871,,전라남도 영암군 삼호읍 용당리 1871,468303017001,전라남도 영암군 삼호읍 신항로,74,,4683025329118710000000001,,전라남도 영암군 삼호읍 신항로 74,526896,58449,,,,126.379939124581,34.7459578554765
MA0101202406A0404485,삼천리자전거,,G2,소매,G213,오락용품 소매,G21305,자전거 소매업,G47632,자전거 및 기타 운송장비 소매업,26,부산광역시,26290,남구,26290530,대연3동,2629010600,대연동,2629010600100760011,1,대지,76,11,부산광역시 남구 대연동 76-11,262903131037,부산광역시 남구 수영로,276,,2629010600100760011000461,연정빌딩,부산광역시 남구 수영로 276,608805,48499,,1,,129.096687953912,35.1356139219874
MA0101202406A0378788,가양자전거,,G2,소매,G213,오락용품 소매,G21305,자전거 소매업,G47632,자전거 및 기타 운송장비 소매업,30,대전광역시,30110,동구,30110630,가양2동,3011011400,가양동,3011011400103920005,1,대지,392,5,대전광역시 동구 가양동 392-5,301104292449,대전광역시 동구 우암로291번길,2,,3011011400103920005006053,,대전광역시 동구 우암로291번길 2,300837,34535,,,,127.44787791157,36.3466064078532
MA0101202406A0455664,이지라이드,,G2,소매,G213,오락용품 소매,G21305,자전거 소매업,G47632,자전거 및 기타 운송장비 소매업,44,충청남도,44133,천안시 서북구,44133520,성정2동,4413310200,성정동,4413310200112590000,1,대지,1259,,충청남도 천안시 서북구 성정동 1259,441332250001,충청남도 천안시 서북구 동서대로,125,9,4413310200112590000048130,,충청남도 천안시 서북구 동서대로 125-9,331937,31108,,,,127.137154479566,36.8267217177303
MA0101202406A0515567,자전거나라,,G2,소매,G213,오락용품 소매,G21305,자전거 소매업,G47632,자전거 및 기타 운송장비 소매업,41,경기도,41273,안산시 단원구,41273510,와동,4127310200,와동,4127310200107890001,1,대지,789,1,경기도 안산시 단원구 와동 789-1,412734373455,경기도 안산시 단원구 화정천동로8길,2,1,4127310200107890001020170,,경기도 안산시 단원구 화정천동로8길 2-1,425843,15247,,1,,126.819399765409,37.3478953813023
MA0101202406A0463531,김진우바이크,,G2,소매,G213,오락용품 소매,G21305,자전거 소매업,G47632,자전거 및 기타 운송장비 소매업,26,부산광역시,26470,연제구,26470650,연산1동,2647010200,연산동,2647010200103010002,1,대지,301,2,부산광역시 연제구 연산동 301-2,264703137023,부산광역시 연제구 온천천남로,16,,2647010200103010002016612,,부산광역시 연제구 온천천남로 16,611811,47559,,1,,129.092459205484,35.1927932346826
MA0101202406A0495457,브리즈사이클러리,,G2,소매,G213,오락용품 소매,G21305,자전거 소매업,G47632,자전거 및 기타 운송장비 소매업,50,제주특별자치도,50110,제주시,50110610,삼양동,5011013100,도련이동,5011013100105640013,1,대지,564,13,제주특별자치도 제주시 도련이동 564-13,501103349137,제주특별자치도 제주시 연삼로,976,,5011013100105640013063366,,제주특별자치도 제주시 연삼로 976,690071,63326,,1,,126.589330530919,33.5149938245616
MA0101202406A0511995,노원바이크,,G2,소매,G213,오락용품 소매,G21305,자전거 소매업,G47632,자전거 및 기타 운송장비 소매업,11,서울특별시,11350,노원구,11350670,상계5동,1135010500,상계동,1135010500101400148,1,대지,140,148,서울특별시 노원구 상계동 140-148,113503110006,서울특별시 노원구 수락산로,17,,1135010500101400148006108,우측호,서울특별시 노원구 수락산로 17,139205,01660,,1,,127.074021486634,37.6644700529652
MA0101202406A0473876,월드바이크,,G2,소매,G213,오락용품 소매,G21305,자전거 소매업,G47632,자전거 및 기타 운송장비 소매업,41,경기도,41360,남양주시,41360253,진접읍,4136025321,진접읍,4136025321102320004,1,대지,232,4,경기도 남양주시 진접읍 장현리 232-4,413603197067,경기도 남양주시 진접읍 해밀예당3로,182,,4136025321102320004000001,,경기도 남양주시 진접읍 해밀예당3로 182,472865,12009,,1,,127.191105437524,37.7239199546353
MA0101202406A0509257,바이시클메모리즈,,G2,소매,G213,오락용품 소매,G21305,자전거 소매업,G47632,자전거 및 기타 운송장비 소매업,27,대구광역시,27290,달서구,27290630,송현1동,2729012200,송현동,2729012200107980003,1,대지,798,3,대구광역시 달서구 송현동 798-3,272903007013,대구광역시 달서구 월배로,364,,2729012200107980003032195,,대구광역시 달서구 월배로 364,704827,42822,,1,,128.548922739106,35.82721997058
MA0101202406A0488828,어썸라이트,,G2,소매,G213,오락용품 소매,G21305,자전거 소매업,G47632,자전거 및 기타 운송장비 소매업,41,경기도,41273,안산시 단원구,41273510,와동,4127310200,와동,4127310200100980007,1,대지,98,7,경기도 안산시 단원구 와동 98-7,412733191039,경기도 안산시 단원구 선부로,286,,4127310200100980007035991,,경기도 안산시 단원구 선부로 286,425840,15255,,,,126.826863312784,37.341482204851
MA0101202406A0469828,진바이크,,G2,소매,G213,오락용품 소매,G21305,자전거 소매업,G47632,자전거 및 기타 운송장비 소매업,31,울산광역시,31110,중구,31110585,중앙동,3111010500,옥교동,3111010500103060001,1,대지,306,1,울산광역시 중구 옥교동 306-1,311103169004,울산광역시 중구 구교로,18,,3111010500103060001021095,,울산광역시 중구 구교로 18,681190,44523,,,,129.326505303502,35.5551350134948
MA0101202406A0553799,피니셔클럽가민브랜드샵,강남점,G2,소매,G213,오락용품 소매,G21305,자전거 소매업,G47632,자전거 및 기타 운송장비 소매업,11,서울특별시,11680,강남구,11680655,도곡1동,1168011800,도곡동,1168011800109420001,1,대지,942,1,서울특별시 강남구 도곡동 942-1,116803122012,서울특별시 강남구 도곡로,116,,1168011800109420000000001,코너측명진팜빌딩,서울특별시 강남구 도곡로 116,135859,06259,,1,,127.033300365537,37.4898038062256
MA0101202406A0584657,자린이,,G2,소매,G213,오락용품 소매,G21305,자전거 소매업,G47632,자전거 및 기타 운송장비 소매업,41,경기도,41820,가평군,41820250,가평읍,4182025021,가평읍,4182025021106260006,1,대지,626,6,경기도 가평군 가평읍 읍내리 626-6,418203000142,경기도 가평군 가평읍 가화로,152,4,4182025021106260006000001,,경기도 가평군 가평읍 가화로 152-4,477805,12412,,1,,127.512088553424,37.8329241561145
MA0101202406A0594401,커넥티드랩수원,,G2,소매,G213,오락용품 소매,G21305,자전거 소매업,G47632,자전거 및 기타 운송장비 소매업,41,경기도,41111,수원시 장안구,41111572,정자2동,4111113000,정자동,4111113000101110014,1,대지,111,14,경기도 수원시 장안구 정자동 111-14,411113175034,경기도 수원시 장안구 수성로,175,,4111113000101110014000001,,경기도 수원시 장안구 수성로 175,440835,16318,,1,,126.991542196154,37.2874293884238
MA0101202406A0572349,베이비부머모빌리티협동조합,,G2,소매,G213,오락용품 소매,G21305,자전거 소매업,G47632,자전거 및 기타 운송장비 소매업,41,경기도,41173,안양시 동안구,41173559,인덕원동,4117310200,관양동,4117310200108100000,1,대지,810,,경기도 안양시 동안구 관양동 810,411733012016,경기도 안양시 동안구 학의로,282,,4117310200108100000012996,금강펜테리움IT타워,경기도 안양시 동안구 학의로 282,431810,14056,,,,126.969133286162,37.4010635556705
MA0101202409A0052472,삼천리자전거,용문점,G2,소매,G213,오락용품 소매,G21305,자전거 소매업,G47632,자전거 및 기타 운송장비 소매업,41,경기도,41830,양평군,41830400,용문면,4183040024,용문면,4183040024107100001,1,대지,710,1,경기도 양평군 용문면 다문리 710-1,418304451243,경기도 양평군 용문면 다문중앙1길,26,,4183040024107100001002618,,경기도 양평군 용문면 다문중앙1길 26,476841,12522,,,,127.590844590586,37.4855559928135
MA0101202409A0059477,스페셜라이즈드,세종점,G2,소매,G213,오락용품 소매,G21305,자전거 소매업,G47632,자전거 및 기타 운송장비 소매업,36,세종특별자치시,36110,세종특별자치시,36110250,조치원읍,3611025028,조치원읍,3611025028102770006,1,대지,277,6,세종특별자치시 세종특별자치시 조치원읍 침산리 277-6,361104574163,세종특별자치시 세종특별자치시 조치원읍 문화길,27,,4473025028102770006038342,김성호바이크,세종특별자치시 세종특별자치시 조치원읍 문화길 27,339887,30020,,1,,127.28953809677,36.6020147308847
MA0101202409A0052828,전기자전거,,G2,소매,G213,오락용품 소매,G21305,자전거 소매업,G47632,자전거 및 기타 운송장비 소매업,41,경기도,41450,하남시,41450630,미사3동,4145011000,풍산동,4145011000104930000,1,대지,493,,경기도 하남시 풍산동 493,414502000007,경기도 하남시 조정대로,45,,4145011000200400001000001,제,경기도 하남시 조정대로 45,465170,12918,,1,,127.184472059382,37.5506803235927
MA0101202409A0053213,수딩스포츠,,G2,소매,G213,오락용품 소매,G21305,자전거 소매업,G47632,자전거 및 기타 운송장비 소매업,41,경기도,41450,하남시,41450610,미사1동,4145010900,망월동,4145010900111980003,1,대지,1198,3,경기도 하남시 망월동 1198-3,414504853252,경기도 하남시 미사강변한강로334번길,71,,4145010900108300147000001,,경기도 하남시 미사강변한강로334번길 71,465150,12923,,1,,127.200654073464,37.5588530000828
MA0101202409A0064669,동두천자전거,,G2,소매,G213,오락용품 소매,G21305,자전거 소매업,G47632,자전거 및 기타 운송장비 소매업,41,경기도,41250,동두천시,41250550,보산동,4125010600,보산동,4125010600104300005,1,대지,430,5,경기도 동두천시 보산동 430-5,412503189030,경기도 동두천시 강변로,558,,4125010600104300005004889,,경기도 동두천시 강변로 558,483060,11324,,,,127.055304903855,37.9175423680516
MA0101202409A0022895,비티에스,,G2,소매,G213,오락용품 소매,G21305,자전거 소매업,G47632,자전거 및 기타 운송장비 소매업,47,경상북도,47113,포항시 북구,47113700,장량동,4711312100,장성동,4711312100113680000,1,대지,1368,,경상북도 포항시 북구 장성동 1368,471133304015,경상북도 포항시 북구 삼흥로,86,,4711312100113680000113893,,경상북도 포항시 북구 삼흥로 86,791850,37607,,1,,129.379533139374,36.0695522925664
MA0101202409A0042780,바오안전기자전거,,G2,소매,G213,오락용품 소매,G21305,자전거 소매업,G47632,자전거 및 기타 운송장비 소매업,48,경상남도,48129,창원시 진해구,48129650,웅동2동,4812916400,용원동,4812916400111190007,1,대지,1119,7,경상남도 창원시 진해구 용원동 1119-7,481293331038,경상남도 창원시 진해구 용원동로,300,,4812916400111190007029345,에이동호,경상남도 창원시 진해구 용원동로 300,645510,51604,,1,,128.821637678339,35.0994897457197
MA0101202409A0050828,지오닉스자전거,,G2,소매,G213,오락용품 소매,G21305,자전거 소매업,G47632,자전거 및 기타 운송장비 소매업,26,부산광역시,26140,서구,26140540,서대신1동,2614010400,서대신동1가,2614010400100620014,1,대지,62,14,부산광역시 서구 서대신동1가 62-14,261404178117,부산광역시 서구 대영로46번길,14,,2614010400100620014020108,,부산광역시 서구 대영로46번길 14,602091,49235,,,,129.016715922095,35.1089091191497
MA0101202409A0005418,디엠바이크,,G2,소매,G213,오락용품 소매,G21305,자전거 소매업,G47632,자전거 및 기타 운송장비 소매업,50,제주특별자치도,50110,제주시,50110650,연동,5011013700,연동,5011013700103100078,1,대지,310,78,제주특별자치도 제주시 연동 310-78,501104848097,제주특별자치도 제주시 신대로5길,8,,5011013700103100078005558,,제주특별자치도 제주시 신대로5길 8,690815,63119,,1,,126.497819304592,33.4928111209846
MA0101202409A0082236,전기자전거,,G2,소매,G213,오락용품 소매,G21305,자전거 소매업,G47632,자전거 및 기타 운송장비 소매업,46,전라남도,46830,영암군,46830253,삼호읍,4683025326,삼호읍,4683025326116470004,1,대지,1647,4,전라남도 영암군 삼호읍 용앙리 1647-4,468304685543,전라남도 영암군 삼호읍 대불주거7로7길,5,,4683025326116470004000001,,전라남도 영암군 삼호읍 대불주거7로7길 5,526897,58456,,,,126.453184546462,34.7556292865742
MA0101202409A0153930,종합자전거,대리점,G2,소매,G213,오락용품 소매,G21305,자전거 소매업,G47632,자전거 및 기타 운송장비 소매업,28,인천광역시,28260,서구,28260610,가좌4동,2826011200,가좌동,2826011200103600009,1,대지,360,9,인천광역시 서구 가좌동 360-9,282604268505,인천광역시 서구 열우물로240번길,35,,2826011200103600009010134,,인천광역시 서구 열우물로240번길 35,404816,22813,,1,,126.687128305454,37.4860514940916
MA0101202409A0155093,브이엔서비스,,G2,소매,G213,오락용품 소매,G21305,자전거 소매업,G47632,자전거 및 기타 운송장비 소매업,26,부산광역시,26530,사상구,26530660,주례2동,2653010600,주례동,2653010600101360003,1,대지,136,3,부산광역시 사상구 주례동 136-3,265304217021,부산광역시 사상구 가야대로318번길,16,,2653010600101360003012965,,부산광역시 사상구 가야대로318번길 16,617835,47007,,1,,129.007345746531,35.1498248790497
MA0101202409A0093754,자전거가달리는세상,,G2,소매,G213,오락용품 소매,G21305,자전거 소매업,G47632,자전거 및 기타 운송장비 소매업,28,인천광역시,28110,중구,28110585,동인천동,2811013600,인현동,2811013600100220034,1,대지,22,34,인천광역시 중구 인현동 22-34,281103149057,인천광역시 중구 큰우물로,27,,2811013600100220034127346,,인천광역시 중구 큰우물로 27,400180,22318,,1,,126.631453915304,37.474475217428
MA0101202409A0156792,파크바이크,,G2,소매,G213,오락용품 소매,G21305,자전거 소매업,G47632,자전거 및 기타 운송장비 소매업,41,경기도,41287,고양시 일산서구,41287580,송포동,4128710400,대화동,4128710400110500185,1,대지,1050,185,경기도 고양시 일산서구 대화동 1050-185,412873193052,경기도 고양시 일산서구 주엽로,80,,4128710400110500185000001,,경기도 고양시 일산서구 주엽로 80,411802,10392,,1,,126.756441497171,37.6660618012619
MA0101202409A0131188,질주모빌리티,동래점,G2,소매,G213,오락용품 소매,G21305,자전거 소매업,G47632,자전거 및 기타 운송장비 소매업,26,부산광역시,26260,동래구,26260570,온천3동,2626010800,온천동,2626010800112670005,1,대지,1267,5,부산광역시 동래구 온천동 1267-5,262604190336,부산광역시 동래구 아시아드대로247번길,9,,2626010800112670005011517,,부산광역시 동래구 아시아드대로247번길 9,607839,47846,,1,,129.067765939273,35.2060409950724
MA0101202409A0118152,키클로스고양,,G2,소매,G213,오락용품 소매,G21305,자전거 소매업,G47632,자전거 및 기타 운송장비 소매업,41,경기도,41287,고양시 일산서구,41287580,송포동,4128710400,대화동,4128710400114640007,1,대지,1464,7,경기도 고양시 일산서구 대화동 1464-7,412873194016,경기도 고양시 일산서구 송포로,35,,4128710400114640007004320,대륙종합상가,경기도 고양시 일산서구 송포로 35,411802,10219,,1,,126.732377953157,37.6695775310323
MA0101202409A0098642,호호자전거,,G2,소매,G213,오락용품 소매,G21305,자전거 소매업,G47632,자전거 및 기타 운송장비 소매업,11,서울특별시,11440,마포구,11440660,서교동,1144012000,서교동,1144012000103750025,1,대지,375,25,서울특별시 마포구 서교동 375-25,114404139421,서울특별시 마포구 양화로15안길,19,,1144012000103750025010470,디테일,서울특별시 마포구 양화로15안길 19,121894,04031,,2,,126.91853947305,37.5539317969357
MA0101202409A0169168,빠릉이,,G2,소매,G213,오락용품 소매,G21305,자전거 소매업,G47632,자전거 및 기타 운송장비 소매업,11,서울특별시,11305,강북구,11305555,송천동,1130510100,미아동,1130510100103220004,1,대지,322,4,서울특별시 강북구 미아동 322-4,113054124097,서울특별시 강북구 도봉로33길,9,,1130510100103220004021346,미진빌딩,서울특별시 강북구 도봉로33길 9,142815,01176,,1,,127.027366841518,37.6214590974192
MA0101202409A0197741,유니드바이크,,G2,소매,G213,오락용품 소매,G21305,자전거 소매업,G47632,자전거 및 기타 운송장비 소매업,41,경기도,41390,시흥시,41390531,신현동,4139010400,포동,4139010400100010031,1,대지,1,31,경기도 시흥시 포동 1-31,413904397403,경기도 시흥시 시흥대로789번길,9,,4139010400100010031010919,,경기도 시흥시 시흥대로789번길 9,429871,14957,,1,,126.788613987192,37.4072848781877
MA0101202409A0193847,브런즈윅,,G2,소매,G213,오락용품 소매,G21305,자전거 소매업,G47632,자전거 및 기타 운송장비 소매업,46,전라남도,46110,목포시,46110758,신흥동,4611015800,상동,4611015800111370025,1,대지,1137,25,전라남도 목포시 상동 1137-25,461104643745,전라남도 목포시 평화로61번길,11,,4611015800111370025000001,,전라남도 목포시 평화로61번길 11,530826,58748,,,,126.430992949544,34.7967937541372
MA0101202409A0225679,지에스,코리아,G2,소매,G213,오락용품 소매,G21305,자전거 소매업,G47632,자전거 및 기타 운송장비 소매업,41,경기도,41133,성남시 중원구,41133510,성남동,4113310100,성남동,4113310100141300000,1,대지,4130,,경기도 성남시 중원구 성남동 4130,411332000005,경기도 성남시 중원구 성남대로,1157,,4113310100141300000045599,,경기도 성남시 중원구 성남대로 1157,462829,13376,,1,,127.128592725703,37.4331549990594
MA0101202409A0213658,투휠스,화성동탄점,G2,소매,G213,오락용품 소매,G21305,자전거 소매업,G47632,자전거 및 기타 운송장비 소매업,41,경기도,41590,화성시,41590587,동탄3동,4159011800,능동,4159011800110650002,1,대지,1065,2,경기도 화성시 능동 1065-2,415903012002,경기도 화성시 동탄원천로,354,11,4159011800110650002000001,동탄퍼스트빌,경기도 화성시 동탄원천로 354-11,445320,18423,,,,127.057922853759,37.2187920295704
MA0101202409A0223182,쎈바이크학성점,,G2,소매,G213,오락용품 소매,G21305,자전거 소매업,G47632,자전거 및 기타 운송장비 소매업,51,강원특별자치도,51130,원주시,51130515,중앙동,5113010900,학성동,5113010900103310007,1,대지,331,7,강원특별자치도 원주시 학성동 331-7,511303219056,강원특별자치도 원주시 평원로,102,,4213010900103310007012438,,강원특별자치도 원주시 평원로 102,220963,26414,,,,127.948376111532,37.3536471336556
MA0101202409A0249949,스페셜라이즈드바이크투게더,,G2,소매,G213,오락용품 소매,G21305,자전거 소매업,G47632,자전거 및 기타 운송장비 소매업,48,경상남도,48170,진주시,48170750,충무공동,4817013700,충무공동,4817013700100310011,1,대지,31,11,경상남도 진주시 충무공동 31-11,481703350069,경상남도 진주시 에나로,83,,4817013700100310011000001,,경상남도 진주시 에나로 83,660031,52851,,1,,128.138238662098,35.177621590772
