상가업소번호,상호명,지점명,상권업종대분류코드,상권업종대분류명,상권업종중분류코드,상권업종중분류명,상권업종소분류코드,상권업종소분류명,표준산업분류코드,표준산업분류명,시도코드,시도명,시군구코드,시군구명,행정동코드,행정동명,법정동코드,법정동명,PNU코드,대지구분코드,대지구분명,지번본번지,지번부번지,지번주소,도로명코드,도로명,건물본번지,건물부번지,건물관리번호,건물명,도로명주소,구우편번호,신우편번호,동정보,층정보,호정보,경도,위도
MA010120220801160069,인천그린에너지주,,G2,소매,G214,연료 소매,G21402,가스 충전소,G47712,운송장비용 가스 충전업,28,인천광역시,28110,중구,28110540,신흥동,2811012800,신흥동3가,2811012800100600025,1,대지,60,25,인천광역시 중구 신흥동3가 60-25,281104247390,인천광역시 중구 축항대로290번길,124,,2811012800100600025000001,,인천광역시 중구 축항대로290번길 124,400103,22341,,,,126.620013573594,37.4386599702604
MA010120220801182129,은실충전소,,G2,소매,G214,연료 소매,G21402,가스 충전소,G47712,운송장비용 가스 충전업,41,경기도,41220,평택시,41220640,세교동,4122012200,신대동,4122012200100750001,1,대지,75,1,경기도 평택시 신대동 75-1,412204364630,경기도 평택시 은실고가길,5,,4122012200100750001024558,,경기도 평택시 은실고가길 5,450815,17823,,,,127.059511732217,37.0034456355813
MA010120220801161282,그린가스충전소,,G2,소매,G214,연료 소매,G21402,가스 충전소,G47712,운송장비용 가스 충전업,28,인천광역시,28177,미추홀구,28177570,용현5동,2817710200,용현동,2817710200106270540,1,대지,627,540,인천광역시 미추홀구 용현동 627-540,281772008005,인천광역시 미추홀구 아암대로,132,,2817010200106270540000001,,인천광역시 미추홀구 아암대로 132,402834,22191,,1,,126.630656038072,37.450523961628
MA010120220801158400,성림가스충전소주,,G2,소매,G214,연료 소매,G21402,가스 충전소,G47712,운송장비용 가스 충전업,28,인천광역시,28177,미추홀구,28177660,주안5동,2817710500,주안동,2817710500100350001,1,대지,35,1,인천광역시 미추홀구 주안동 35-1,281772008007,인천광역시 미추홀구 경원대로,928,,2817010600100350001054551,외,인천광역시 미추홀구 경원대로 928,402836,22131,,,,126.690525848948,37.4655265070918
MA010120220801202634,에코에너지,,G2,소매,G214,연료 소매,G21402,가스 충전소,G47712,운송장비용 가스 충전업,28,인천광역시,28237,부평구,28237592,청천2동,2823710400,청천동,2823710400104370001,1,대지,437,1,인천광역시 부평구 청천동 437-1,282373154028,인천광역시 부평구 부평북로,253,,2823710400104370001007461,,인천광역시 부평구 부평북로 253,403858,21315,,,,126.721318983277,37.522870967267
MA010120220801191057,부평로충전소,,G2,소매,G214,연료 소매,G21402,가스 충전소,G47712,운송장비용 가스 충전업,28,인천광역시,28237,부평구,28237641,갈산1동,2823710600,갈산동,2823710600101850010,1,대지,185,10,인천광역시 부평구 갈산동 185-10,282372008008,인천광역시 부평구 부평대로,216,,2823710600101850010111207,외,인천광역시 부평구 부평대로 216,403802,21335,,,,126.721002244307,37.5107157190782
MA010120220801194646,광산ICLPG충전소,,G2,소매,G214,연료 소매,G21402,가스 충전소,G47712,운송장비용 가스 충전업,29,광주광역시,29200,광산구,29200620,비아동,2920011300,도천동,2920011300101230022,1,대지,123,22,광주광역시 광산구 도천동 123-22,292003163014,광주광역시 광산구 사암로,860,38,2920011300101230022000001,외,광주광역시 광산구 사암로 860-38,506300,62244,,,,126.827257938604,35.2147728458884
MA010120220801218460,장기충전소,,G2,소매,G214,연료 소매,G21402,가스 충전소,G47712,운송장비용 가스 충전업,28,인천광역시,28245,계양구,28245710,계양1동,2824512300,장기동,2824512300101040001,1,대지,104,1,인천광역시 계양구 장기동 104-1,282453000071,인천광역시 계양구 드림로,932,,2824512300101040001013926,,인천광역시 계양구 드림로 932,407470,21005,,,,126.737502553293,37.5757694872016
MA010120220801204582,계양,,G2,소매,G214,연료 소매,G21402,가스 충전소,G47712,운송장비용 가스 충전업,28,인천광역시,28245,계양구,28245730,계양3동,2824511000,동양동,2824511000100530002,1,대지,53,2,인천광역시 계양구 동양동 53-2,282453155044,인천광역시 계양구 벌말로,342,,2824511000100530002000001,,인천광역시 계양구 벌말로 342,407340,21009,,,,126.76979749116,37.5617453395123
MA010120220801238168,퇴계원IC충전소,,G2,소매,G214,연료 소매,G21402,가스 충전소,G47712,운송장비용 가스 충전업,41,경기도,41360,남양주시,41360265,퇴계원읍,4136026521,퇴계원읍,4136026521103430001,1,대지,343,1,경기도 남양주시 퇴계원읍 퇴계원리 343-1,413603197070,경기도 남양주시 퇴계원읍 경춘북로,477,,4136037021103430001000001,,경기도 남양주시 퇴계원읍 경춘북로 477,472822,12121,,,,127.137331623379,37.6455647950948
MA010120220801246137,수도석유십정충전소,,G2,소매,G214,연료 소매,G21402,가스 충전소,G47712,운송장비용 가스 충전업,28,인천광역시,28237,부평구,28237680,십정1동,2823710200,십정동,2823710200105570001,1,대지,557,1,인천광역시 부평구 십정동 557-1,282373153084,인천광역시 부평구 백범로,563,,2823710200105570001000001,,인천광역시 부평구 백범로 563,403847,21449,,,,126.690730189767,37.4735460073682
MA010120220801243051,경일에너지,,G2,소매,G214,연료 소매,G21402,가스 충전소,G47712,운송장비용 가스 충전업,28,인천광역시,28185,연수구,28185750,선학동,2818510200,선학동,2818510200100080001,1,대지,8,1,인천광역시 연수구 선학동 8-1,281853149061,인천광역시 연수구 매소홀로,730,,2818510200100080001000001,,인천광역시 연수구 매소홀로 730,406805,21907,,,,126.703473545282,37.4385113778032
MA010120220801243184,대지가스삼산충전소주,,G2,소매,G214,연료 소매,G21402,가스 충전소,G47712,운송장비용 가스 충전업,28,인천광역시,28237,부평구,28237648,삼산2동,2823710500,삼산동,2823710500101060043,1,대지,106,43,인천광역시 부평구 삼산동 106-43,282373000067,인천광역시 부평구 평천로,524,,2823710500101060043110271,,인천광역시 부평구 평천로 524,403092,21326,,,,126.749124428653,37.5162298563958
MA010120220801281579,청림에너지,,G2,소매,G214,연료 소매,G21402,가스 충전소,G47712,운송장비용 가스 충전업,41,경기도,41430,의왕시,41430520,부곡동,4143010200,이동,4143010200103710001,1,대지,371,1,경기도 의왕시 이동 371-1,414303201024,경기도 의왕시 오봉로,183,,4143010200103710001008799,,경기도 의왕시 오봉로 183,437030,16079,,,,126.960799086116,37.3343761310636
MA010120220801275378,제주오케이충전소,,G2,소매,G214,연료 소매,G21402,가스 충전소,G47712,운송장비용 가스 충전업,50,제주특별자치도,50110,제주시,50110680,이호동,5011012600,이호이동,5011012600115800000,1,대지,1580,,제주특별자치도 제주시 이호이동 1580,501103349236,제주특별자치도 제주시 일주서로,7588,,5011012600115800000000001,이호이동,제주특별자치도 제주시 일주서로 7588,690231,63109,,,,126.457442115022,33.4950932347411
MA010120220801244433,세원에너지주,,G2,소매,G214,연료 소매,G21402,가스 충전소,G47712,운송장비용 가스 충전업,28,인천광역시,28237,부평구,28237591,청천1동,2823710400,청천동,2823710400100670002,1,대지,67,2,인천광역시 부평구 청천동 67-2,282373154035,인천광역시 부평구 세월천로,235,,2823710400100670002019857,,인천광역시 부평구 세월천로 235,403855,21300,,,,126.691450246249,37.5211118443527
MA010120220801259165,대교에너지,,G2,소매,G214,연료 소매,G21402,가스 충전소,G47712,운송장비용 가스 충전업,44,충청남도,44230,논산시,44230320,광석면,4423032027,광석면,4423032027100880005,1,대지,88,5,충청남도 논산시 광석면 산동리 88-5,442303015044,충청남도 논산시 광석면 논산평야로,684,,4423032027100880005036843,,충청남도 논산시 광석면 논산평야로 684,320953,32920,,,,127.091453722046,36.2184953729354
MA010120220801245015,개인택시복지제2충전소,,G2,소매,G214,연료 소매,G21402,가스 충전소,G47712,운송장비용 가스 충전업,28,인천광역시,28237,부평구,28237592,청천2동,2823710400,청천동,2823710400103910010,1,대지,391,10,인천광역시 부평구 청천동 391-10,282373154066,인천광역시 부평구 마장로,482,,2823710400103910010000001,청,인천광역시 부평구 마장로 482,403858,21310,,,,126.705159460168,37.5213811229152
MA010120220801276883,가학충전소,,G2,소매,G214,연료 소매,G21402,가스 충전소,G47712,운송장비용 가스 충전업,41,경기도,41210,광명시,41210660,학온동,4121010700,가학동,4121010700105630000,1,대지,563,,경기도 광명시 가학동 563,412103000122,경기도 광명시 광명로,159,,4121010700105630000010414,,경기도 광명시 광명로 159,423070,14338,,,,126.849217902468,37.4154328057809
MA010120220801248389,토우,,G2,소매,G214,연료 소매,G21402,가스 충전소,G47712,운송장비용 가스 충전업,28,인천광역시,28237,부평구,28237641,갈산1동,2823710600,갈산동,2823710600104210001,1,대지,421,1,인천광역시 부평구 갈산동 421-1,282373154028,인천광역시 부평구 부평북로,273,,2823710600104210001111980,,인천광역시 부평구 부평북로 273,403802,21316,,,,126.723252917313,37.5230016546594
MA010120220802990308,엘림가스산업,,G2,소매,G214,연료 소매,G21402,가스 충전소,G47712,운송장비용 가스 충전업,48,경상남도,48310,거제시,48310510,장승포동,4831010300,두모동,4831010300104750001,1,대지,475,1,경상남도 거제시 두모동 475-1,483104811208,경상남도 거제시 두모길,3,18,4831010300104720001041649,,경상남도 거제시 두모길 3-18,656910,53317,,,,128.720675307435,34.8713548644493
MA010120220802976863,은계EMC,,G2,소매,G214,연료 소매,G21402,가스 충전소,G47712,운송장비용 가스 충전업,41,경기도,41390,시흥시,41390540,은행동,4139010600,은행동,4139010600106300000,1,대지,630,,경기도 시흥시 은행동 630,413903351222,경기도 시흥시 은계중앙로,192,,4139010600106300000000001,,경기도 시흥시 은계중앙로 192,429060,14923,,,,126.808277656937,37.4430887431103
MA010120220803025395,협동엘피지제2충전소,,G2,소매,G214,연료 소매,G21402,가스 충전소,G47712,운송장비용 가스 충전업,44,충청남도,44131,천안시 동남구,44131550,봉명동,4413111300,봉명동,4413111300101590002,1,대지,159,2,충청남도 천안시 동남구 봉명동 159-2,441312249003,충청남도 천안시 동남구 서부대로,575,1,4413111300101590002000001,,충청남도 천안시 동남구 서부대로 575-1,330931,31160,,,,127.130313443401,36.8180517347654
MA010120220803026100,서울개인택시복지법인,,G2,소매,G214,연료 소매,G21402,가스 충전소,G47712,운송장비용 가스 충전업,11,서울특별시,11710,송파구,11710710,잠실6동,1171010200,신천동,1171010200100110007,1,대지,11,7,서울특별시 송파구 신천동 11-7,117103123023,서울특별시 송파구 올림픽로,319,,1171010200100110007000001,새마을교통회관,서울특별시 송파구 올림픽로 319,138742,05510,,11,,127.105478184531,37.5157283870828
MA010120220803069983,유진에너지,,G2,소매,G214,연료 소매,G21402,가스 충전소,G47712,운송장비용 가스 충전업,44,충청남도,44825,태안군,44825340,소원면,4482534022,소원면,4482534022105720000,1,대지,572,,충청남도 태안군 소원면 법산리 572,448254592130,충청남도 태안군 소원면 사라실길,125,,4482534022105720000000001,,충청남도 태안군 소원면 사라실길 125,357932,32119,,,,126.208867978331,36.749459491759
MA010120220803075894,한국가스기술공사서산시수소충전소,,G2,소매,G214,연료 소매,G21402,가스 충전소,G47712,운송장비용 가스 충전업,44,충청남도,44210,서산시,44210370,음암면,4421037026,음암면,4421037026109160000,1,대지,916,,충청남도 서산시 음암면 상홍리 916,442103000117,충청남도 서산시 음암면 서해로,3828,,4421037026109160000000001,,충청남도 서산시 음암면 서해로 3828,356842,32010,,,,126.492880071335,36.7825115555774
MA010120220803113652,논현충전소,,G2,소매,G214,연료 소매,G21402,가스 충전소,G47712,운송장비용 가스 충전업,28,인천광역시,28200,남동구,28200710,논현고잔동,2820011100,고잔동,2820011100102460015,1,대지,246,15,인천광역시 남동구 고잔동 246-15,282004259711,인천광역시 남동구 청능대로468번길,1,,2820011100102460015018544,,인천광역시 남동구 청능대로468번길 1,405816,21686,,,,126.711547457935,37.3986704291342
MA010120220804614980,설악한계충전소동방산업주,,G2,소매,G214,연료 소매,G21402,가스 충전소,G47712,운송장비용 가스 충전업,51,강원특별자치도,51810,인제군,51810320,북면,5181032023,북면,5181032023114820000,1,대지,1482,,강원특별자치도 인제군 북면 한계리 1482,518103000146,강원특별자치도 인제군 북면 설악로,3254,,4281032023114680000000001,,강원특별자치도 인제군 북면 설악로 3254,252827,24607,,,,128.2452845055,38.1381222389357
MA010120220804615163,태보에너지지점,,G2,소매,G214,연료 소매,G21402,가스 충전소,G47712,운송장비용 가스 충전업,28,인천광역시,28237,부평구,28237670,일신동,2823710800,일신동,2823710800100790038,1,대지,79,38,인천광역시 부평구 일신동 79-38,282374262062,인천광역시 부평구 경인로1148번길,9,,2823710800100790038205943,,인천광역시 부평구 경인로1148번길 9,403110,21418,,,,126.747694495322,37.4840159238818
MA010120220804606023,안계공단충전소,,G2,소매,G214,연료 소매,G21402,가스 충전소,G47712,운송장비용 가스 충전업,47,경상북도,47730,의성군,47730430,안계면,4773043030,안계면,4773043030109320007,1,대지,932,7,경상북도 의성군 안계면 용기리 932-7,477303315013,경상북도 의성군 안계면 서부로,1783,,4773043030109320017010224,,경상북도 의성군 안계면 서부로 1783,769933,37309,,,,128.431882680244,36.3913104338508
MA010120220804584211,화전엘.피.지,,G2,소매,G214,연료 소매,G21402,가스 충전소,G47712,운송장비용 가스 충전업,51,강원특별자치도,51190,태백시,51190535,삼수동,5119010900,화전동,5119010900101190001,1,대지,119,1,강원특별자치도 태백시 화전동 119-1,511903000156,강원특별자치도 태백시 태백로,398,11,4219010900101190000005811,,강원특별자치도 태백시 태백로 398-11,235270,26003,,,,128.959606892244,37.2005130388704
MA010120220804593310,그린에너지,,G2,소매,G214,연료 소매,G21402,가스 충전소,G47712,운송장비용 가스 충전업,51,강원특별자치도,51810,인제군,51810320,북면,5181032023,북면,5181032023114660002,1,대지,1466,2,강원특별자치도 인제군 북면 한계리 1466-2,518103000146,강원특별자치도 인제군 북면 설악로,3251,28,4281032023014660002012693,,강원특별자치도 인제군 북면 설악로 3251-28,252827,24607,,,,128.246842750924,38.139204752744
MA010120220804625507,원흥LPG충전소,,G2,소매,G214,연료 소매,G21402,가스 충전소,G47712,운송장비용 가스 충전업,51,강원특별자치도,51130,원주시,51130250,문막읍,5113025022,문막읍,5113025022105140003,1,대지,514,3,강원특별자치도 원주시 문막읍 동화리 514-3,511303219041,강원특별자치도 원주시 문막읍 원문로,1415,,4213025022105140003837566,,강원특별자치도 원주시 문막읍 원문로 1415,220801,26372,,,,127.845154148443,37.3269310542177
MA010120220804635938,대흥LPG충전소,,G2,소매,G214,연료 소매,G21402,가스 충전소,G47712,운송장비용 가스 충전업,51,강원특별자치도,51130,원주시,51130590,단계동,5113011000,단계동,5113011000107460001,1,대지,746,1,강원특별자치도 원주시 단계동 746-1,511303219041,강원특별자치도 원주시 원문로,328,,4213011000107460001000001,단계동,강원특별자치도 원주시 원문로 328,220937,26349,,,,127.919954490662,37.3599533284815
MA010120220804664377,정우에너지자,,G2,소매,G214,연료 소매,G21402,가스 충전소,G47712,운송장비용 가스 충전업,51,강원특별자치도,51130,원주시,51130620,태장2동,5113011200,태장동,5113011200120740001,1,대지,2074,1,강원특별자치도 원주시 태장동 2074-1,511303219073,강원특별자치도 원주시 북원로,2826,,4213011200126170023000001,,강원특별자치도 원주시 북원로 2826,220962,26312,,,,127.951612705097,37.3954361907811
MA010120220804664998,신우에너지자,,G2,소매,G214,연료 소매,G21402,가스 충전소,G47712,운송장비용 가스 충전업,51,강원특별자치도,51130,원주시,51130320,호저면,5113032025,호저면,5113032025104970000,1,대지,497,,강원특별자치도 원주시 호저면 만종리 497,511303219041,강원특별자치도 원주시 호저면 원문로,497,,4213032025104970000000001,,강원특별자치도 원주시 호저면 원문로 497,220924,26349,,,,127.906721189974,37.3605330448803
MA010120220804667823,키웨스트,,G2,소매,G214,연료 소매,G21402,가스 충전소,G47712,운송장비용 가스 충전업,51,강원특별자치도,51110,춘천시,51110390,동내면,5111039025,동내면,5111039025104250003,1,대지,425,3,강원특별자치도 춘천시 동내면 학곡리 425-3,511103013022,강원특별자치도 춘천시 동내면 영서로,1868,,4211039025104250003000001,두원빌딩,강원특별자치도 춘천시 동내면 영서로 1868,200882,24408,,1,,127.759286052083,37.8434191764453
MA010120220804665372,합자회사원주엘피지,,G2,소매,G214,연료 소매,G21402,가스 충전소,G47712,운송장비용 가스 충전업,51,강원특별자치도,51130,원주시,51130320,호저면,5113032025,호저면,5113032025106270000,1,대지,627,,강원특별자치도 원주시 호저면 만종리 627,511303219036,강원특별자치도 원주시 호저면 신무로,10,,4213032025106270000000002,,강원특별자치도 원주시 호저면 신무로 10,220924,26348,,,,127.901466048121,37.3571674421276
MA010120220804665885,삼웅에너지,,G2,소매,G214,연료 소매,G21402,가스 충전소,G47712,운송장비용 가스 충전업,51,강원특별자치도,51130,원주시,51130250,문막읍,5113025022,문막읍,5113025022103710002,1,대지,371,2,강원특별자치도 원주시 문막읍 동화리 371-2,511303219041,강원특별자치도 원주시 문막읍 원문로,1342,,4213025022103710002024809,,강원특별자치도 원주시 문막읍 원문로 1342,220801,26365,,,,127.848920709254,37.330778414019
MA010120220804676075,하송충전소,,G2,소매,G214,연료 소매,G21402,가스 충전소,G47712,운송장비용 가스 충전업,51,강원특별자치도,51750,영월군,51750250,영월읍,5175025022,영월읍,5175025022102940006,1,대지,294,6,강원특별자치도 영월군 영월읍 하송리 294-6,517503227023,강원특별자치도 영월군 영월읍 청령포로,12,6,4275025022102940006019352,,강원특별자치도 영월군 영월읍 청령포로 12-6,230808,26239,,,,128.456787232643,37.1856018017183
MA010120220804676130,관문충전소,,G2,소매,G214,연료 소매,G21402,가스 충전소,G47712,운송장비용 가스 충전업,51,강원특별자치도,51770,정선군,51770250,정선읍,5177025022,정선읍,5177025022107850015,1,대지,785,15,강원특별자치도 정선군 정선읍 북실리 785-15,517704487293,강원특별자치도 정선군 정선읍 용담길,12,,4277025022107850015035295,,강원특별자치도 정선군 정선읍 용담길 12,233807,26132,,,,128.643960366068,37.3813137461899
MA010120220804652599,학성LPG충전소,,G2,소매,G214,연료 소매,G21402,가스 충전소,G47712,운송장비용 가스 충전업,51,강원특별자치도,51130,원주시,51130515,중앙동,5113010900,학성동,5113010900100630003,1,대지,63,3,강원특별자치도 원주시 학성동 63-3,511303219003,강원특별자치도 원주시 강변로,629,,4213010900100400005000001,,강원특별자치도 원주시 강변로 629,220903,26332,,,,127.949514001637,37.3597557613492
MA010120220804669711,신우에너지신원주충전소자,,G2,소매,G214,연료 소매,G21402,가스 충전소,G47712,운송장비용 가스 충전업,51,강원특별자치도,51130,원주시,51130380,판부면,5113038021,판부면,5113038021111210001,1,대지,1121,1,강원특별자치도 원주시 판부면 금대리 1121-1,511303219054,강원특별자치도 원주시 판부면 치악로,1155,,4213038021111130005000001,,강원특별자치도 원주시 판부면 치악로 1155,220913,26504,,,,127.990027161152,37.2945968803898
MA010120220804669758,동원주LPG충전소,,G2,소매,G214,연료 소매,G21402,가스 충전소,G47712,운송장비용 가스 충전업,51,강원특별자치도,51130,원주시,51130675,반곡관설동,5113011700,반곡동,5113011700112800004,1,대지,1280,4,강원특별자치도 원주시 반곡동 1280-4,511303219015,강원특별자치도 원주시 동부순환로,101,,4213011700112800004000001,외,강원특별자치도 원주시 동부순환로 101,220170,26459,,,,127.97366316127,37.3243305017183
MA010120220804678290,민둥산LPG충전소,,G2,소매,G214,연료 소매,G21402,가스 충전소,G47712,운송장비용 가스 충전업,51,강원특별자치도,51770,정선군,51770320,남면,5177032021,남면,5177032021100120000,1,대지,12,,강원특별자치도 정선군 남면 문곡리 12,517703013042,강원특별자치도 정선군 남면 강원남로,4997,,4277032021100120000000001,,강원특별자치도 정선군 남면 강원남로 4997,233835,26145,,,,128.754906590994,37.2601217878418
MA010120220804714796,SK동해충전소,,G2,소매,G214,연료 소매,G21402,가스 충전소,G47712,운송장비용 가스 충전업,51,강원특별자치도,51150,강릉시,51150560,교2동,5115011000,교동,5115011000106130003,1,대지,613,3,강원특별자치도 강릉시 교동 613-3,511503220032,강원특별자치도 강릉시 율곡로,3054,,4215011000106130003008578,,강원특별자치도 강릉시 율곡로 3054,210922,25473,,,,128.889265810586,37.7746336729661
MA010120220804710655,하슬라충전소,,G2,소매,G214,연료 소매,G21402,가스 충전소,G47712,운송장비용 가스 충전업,51,강원특별자치도,51150,강릉시,51150340,강동면,5115034022,강동면,5115034022101240011,1,대지,124,11,강원특별자치도 강릉시 강동면 모전리 124-11,511502000023,강원특별자치도 강릉시 강동면 동해대로,1885,,4215034022001240011037879,외,강원특별자치도 강릉시 강동면 동해대로 1885,210821,25627,,,,128.979270748407,37.7169888177952
MA010120220804705004,흥업충전소,,G2,소매,G214,연료 소매,G21402,가스 충전소,G47712,운송장비용 가스 충전업,51,강원특별자치도,51130,원주시,51130370,흥업면,5113037021,흥업면,5113037021106090004,1,대지,609,4,강원특별자치도 원주시 흥업면 흥업리 609-4,511303219073,강원특별자치도 원주시 흥업면 북원로,1700,,4213037021106090004000001,,강원특별자치도 원주시 흥업면 북원로 1700,220844,26403,,,,127.91735807297,37.3005434554388
MA010120220804701412,진부가스충전소,,G2,소매,G214,연료 소매,G21402,가스 충전소,G47712,운송장비용 가스 충전업,51,강원특별자치도,51760,평창군,51760360,진부면,5176036022,진부면,5176036022102930001,1,대지,293,1,강원특별자치도 평창군 진부면 상진부리 293-1,517604484133,강원특별자치도 평창군 진부면 면의동길,24,,4276036022102930001013773,,강원특별자치도 평창군 진부면 면의동길 24,232947,25323,,,,128.564985475868,37.6514259946484
MA010120220806063768,통일LPG충전소,,G2,소매,G214,연료 소매,G21402,가스 충전소,G47712,운송장비용 가스 충전업,44,충청남도,44200,아산시,44200590,온양3동,4420011300,모종동,4420011300100690001,1,대지,69,1,충청남도 아산시 모종동 69-1,442003015033,충청남도 아산시 온천대로,1705,,4420011300100690001047129,,충청남도 아산시 온천대로 1705,336801,31528,,,,127.027018577424,36.7761642362276
MA010120220806056377,O.K엘피지충전소,,G2,소매,G214,연료 소매,G21402,가스 충전소,G47712,운송장비용 가스 충전업,44,충청남도,44200,아산시,44200250,염치읍,4420025023,염치읍,4420025023100050008,1,대지,5,8,충청남도 아산시 염치읍 서원리 5-8,442003253052,충청남도 아산시 염치읍 아산로,809,,4420025023100050008008544,,충청남도 아산시 염치읍 아산로 809,336811,31441,,,,126.963247439866,36.8458265248648
MA010120220806077097,천안IC충전소,,G2,소매,G214,연료 소매,G21402,가스 충전소,G47712,운송장비용 가스 충전업,44,충청남도,44131,천안시 동남구,44131590,신안동,4413111800,신부동,4413111800101720006,1,대지,172,6,충청남도 천안시 동남구 신부동 172-6,441313249008,충청남도 천안시 동남구 만남로,156,,4413111800101720006005630,,충청남도 천안시 동남구 만남로 156,330991,31067,,,,127.164951932164,36.8262178287344
MA010120220806074784,성환충전소,,G2,소매,G214,연료 소매,G21402,가스 충전소,G47712,운송장비용 가스 충전업,44,충청남도,44133,천안시 서북구,44133250,성환읍,4413325023,성환읍,4413325023100450000,1,대지,45,,충청남도 천안시 서북구 성환읍 매주리 45,441332249005,충청남도 천안시 서북구 성환읍 천안대로,1835,,4413325023100450000022732,,충청남도 천안시 서북구 성환읍 천안대로 1835,331803,31019,,,,127.135449554817,36.9023171430197
MA010120220806057584,업성충전소,,G2,소매,G214,연료 소매,G21402,가스 충전소,G47712,운송장비용 가스 충전업,44,충청남도,44133,천안시 서북구,44133580,부성1동,4413310900,업성동,4413310900103710006,1,대지,371,6,충청남도 천안시 서북구 업성동 371-6,441334550497,충청남도 천안시 서북구 업성2길,9,,4413310900103710006039163,,충청남도 천안시 서북구 업성2길 9,331290,31077,,,,127.136893376619,36.8563233430099
MA010120220806073115,충무LPG충전소,,G2,소매,G214,연료 소매,G21402,가스 충전소,G47712,운송장비용 가스 충전업,44,충청남도,44200,아산시,44200250,염치읍,4420025031,염치읍,4420025031102290000,1,대지,229,,충청남도 아산시 염치읍 방현리 229,442003249071,충청남도 아산시 염치읍 충무로,504,,4420025031102290000010384,,충청남도 아산시 염치읍 충무로 504,336814,31448,,,,127.011993382288,36.824466343106
MA010120220806055621,신창에너지,,G2,소매,G214,연료 소매,G21402,가스 충전소,G47712,운송장비용 가스 충전업,44,충청남도,44200,아산시,44200400,도고면,4420040034,도고면,4420040034100510005,1,대지,51,5,충청남도 아산시 도고면 와산리 51-5,442003015033,충청남도 아산시 도고면 온천대로,691,,4420040034100510005018094,,충청남도 아산시 도고면 온천대로 691,336912,31547,,,,126.924196152926,36.7665462584484
MA010120220806063660,성환제일충전소,,G2,소매,G214,연료 소매,G21402,가스 충전소,G47712,운송장비용 가스 충전업,44,충청남도,44133,천안시 서북구,44133250,성환읍,4413325022,성환읍,4413325022102780006,1,대지,278,6,충청남도 천안시 서북구 성환읍 성월리 278-6,441332249005,충청남도 천안시 서북구 성환읍 천안대로,2088,,4413325022102780006000001,,충청남도 천안시 서북구 성환읍 천안대로 2088,331804,31022,,,,127.134962672051,36.9252866036848
MA010120220806123373,협동엘.피.지충전소주,,G2,소매,G214,연료 소매,G21402,가스 충전소,G47712,운송장비용 가스 충전업,44,충청남도,44131,천안시 동남구,44131580,청룡동,4413111000,삼룡동,4413111000100950007,1,대지,95,7,충청남도 천안시 동남구 삼룡동 95-7,441313249055,충청남도 천안시 동남구 충절로,492,,4413111000100810011039826,,충청남도 천안시 동남구 충절로 492,330150,31073,,,,127.175055414134,36.7788139442379
MA010120220806087448,목천IC충전소,,G2,소매,G214,연료 소매,G21402,가스 충전소,G47712,운송장비용 가스 충전업,44,충청남도,44131,천안시 동남구,44131250,목천읍,4413125029,목천읍,4413125029104020027,1,대지,402,27,충청남도 천안시 동남구 목천읍 운전리 402-27,441312249001,충청남도 천안시 동남구 목천읍 남부대로,983,,4413125029104020027044393,,충청남도 천안시 동남구 목천읍 남부대로 983,330843,31234,,,,127.222984632169,36.7733721293799
MA010120220806096205,소망가스,,G2,소매,G214,연료 소매,G21402,가스 충전소,G47712,운송장비용 가스 충전업,44,충청남도,44210,서산시,44210510,부춘동,4421010300,갈산동,4421010300102140002,1,대지,214,2,충청남도 서산시 갈산동 214-2,442104562039,충청남도 서산시 갓고개길,58,1,4421010300102140002030270,,충청남도 서산시 갓고개길 58-1,356080,31963,,1,,126.429554664613,36.7867212379233
MA010120220806125024,온양엘.피.지가스충전소주,,G2,소매,G214,연료 소매,G21402,가스 충전소,G47712,운송장비용 가스 충전업,44,충청남도,44200,아산시,44200600,온양4동,4420011600,득산동,4420011600103040002,1,대지,304,2,충청남도 아산시 득산동 304-2,442003015033,충청남도 아산시 온천대로,1166,,4420011600103040002028891,,충청남도 아산시 온천대로 1166,336120,31532,,,,126.967969948365,36.7864987884107
MA010120220806116970,명성산업가스천안,,G2,소매,G214,연료 소매,G21402,가스 충전소,G47712,운송장비용 가스 충전업,44,충청남도,44133,천안시 서북구,44133256,직산읍,4413325632,직산읍,4413325632100990000,1,대지,99,,충청남도 천안시 서북구 직산읍 신갈리 99,441333250069,충청남도 천안시 서북구 직산읍 4산단로,245,,4413325632100990000000001,,충청남도 천안시 서북구 직산읍 4산단로 245,331814,31029,,1,,127.109210594926,36.8585236595051
MA010120220806100357,한일종합가스,,G2,소매,G214,연료 소매,G21402,가스 충전소,G47712,운송장비용 가스 충전업,44,충청남도,44133,천안시 서북구,44133253,성거읍,4413325329,성거읍,4413325329100010020,1,대지,1,20,충청남도 천안시 서북구 성거읍 문덕리 1-20,441333250023,충청남도 천안시 서북구 성거읍 봉주로,363,,4413325329100010020000001,,충청남도 천안시 서북구 성거읍 봉주로 363,331832,31047,,,,127.187679379148,36.8794483505384
MA010120220806077850,번영충전소,,G2,소매,G214,연료 소매,G21402,가스 충전소,G47712,운송장비용 가스 충전업,44,충청남도,44133,천안시 서북구,44133590,부성2동,4413310500,성성동,4413310500103430011,1,대지,343,11,충청남도 천안시 서북구 성성동 343-11,441333250021,충청남도 천안시 서북구 번영로,517,,4413310500103430011043654,,충청남도 천안시 서북구 번영로 517,331300,31074,,,,127.121783585047,36.8458959828296
MA010120220806086581,25시LPG충전소,,G2,소매,G214,연료 소매,G21402,가스 충전소,G47712,운송장비용 가스 충전업,44,충청남도,44200,아산시,44200370,영인면,4420037021,영인면,4420037021100440005,1,대지,44,5,충청남도 아산시 영인면 아산리 44-5,442003253052,충청남도 아산시 영인면 아산로,854,,4420037021100440005091785,,충청남도 아산시 영인면 아산로 854,336823,31442,,,,126.961473516402,36.8507009435055
MA010120220806080567,명품충전소,,G2,소매,G214,연료 소매,G21402,가스 충전소,G47712,운송장비용 가스 충전업,44,충청남도,44131,천안시 동남구,44131580,청룡동,4413112000,구룡동,4413112000106550003,1,대지,655,3,충청남도 천안시 동남구 구룡동 655-3,441313015001,충청남도 천안시 동남구 광풍로,1571,,4413112000106550003000001,,충청남도 천안시 동남구 광풍로 1571,330080,31206,,,,127.137214608416,36.7599041134608
MA010120220806143006,신흥까스,,G2,소매,G214,연료 소매,G21402,가스 충전소,G47712,운송장비용 가스 충전업,44,충청남도,44180,보령시,44180525,대천2동,4418010100,대천동,4418010100105330013,1,대지,533,13,충청남도 보령시 대천동 533-13,441803252052,충청남도 보령시 중앙로,299,,4418010100105330013023828,,충청남도 보령시 중앙로 299,355931,33450,,,,126.58310417826,36.3628855550024
MA010120220806144559,대영자동차충전소,,G2,소매,G214,연료 소매,G21402,가스 충전소,G47712,운송장비용 가스 충전업,44,충청남도,44770,서천군,44770250,장항읍,4477025023,장항읍,4477025023105780001,1,대지,578,1,충청남도 서천군 장항읍 성주리 578-1,447703260030,충청남도 서천군 장항읍 장서로,230,,4477025023105780001031501,,충청남도 서천군 장항읍 장서로 230,325901,33659,,,,126.704983622712,36.0261995680262
MA010120220806165929,삼호주,,G2,소매,G214,연료 소매,G21402,가스 충전소,G47712,운송장비용 가스 충전업,44,충청남도,44770,서천군,44770253,서천읍,4477025330,서천읍,4477025330106700007,1,대지,670,7,충청남도 서천군 서천읍 화금리 670-7,447703260045,충청남도 서천군 서천읍 서문로,64,,4477025330106700007000001,,충청남도 서천군 서천읍 서문로 64,325804,33637,,,,126.702040301479,36.0800673424945
MA010120220806131042,성신에너지주,,G2,소매,G214,연료 소매,G21402,가스 충전소,G47712,운송장비용 가스 충전업,44,충청남도,44131,천안시 동남구,44131550,봉명동,4413111300,봉명동,4413111300101590002,1,대지,159,2,충청남도 천안시 동남구 봉명동 159-2,441312249003,충청남도 천안시 동남구 서부대로,575,1,4413111300101590002000001,,충청남도 천안시 동남구 서부대로 575-1,330931,31160,,,,127.130313443401,36.8180517347654
MA010120220806154841,대창가스,,G2,소매,G214,연료 소매,G21402,가스 충전소,G47712,운송장비용 가스 충전업,44,충청남도,44180,보령시,44180250,웅천읍,4418025024,웅천읍,4418025024105770006,1,대지,577,6,충청남도 보령시 웅천읍 성동리 577-6,441804556304,충청남도 보령시 웅천읍 성동큰길,162,105,4418025024105770006000001,,충청남도 보령시 웅천읍 성동큰길 162-105,355854,33503,,,,126.611390389562,36.2446827820629
MA010120220806134879,마림,,G2,소매,G214,연료 소매,G21402,가스 충전소,G47712,운송장비용 가스 충전업,44,충청남도,44131,천안시 동남구,44131580,청룡동,4413111100,청당동,4413111100102810003,1,대지,281,3,충청남도 천안시 동남구 청당동 281-3,441312249001,충청남도 천안시 동남구 남부대로,288,,4413111100102810003037235,,충청남도 천안시 동남구 남부대로 288,330270,31211,,,,127.149643686797,36.7818223030085
MA010120220806167484,대성산업보령충전소주,,G2,소매,G214,연료 소매,G21402,가스 충전소,G47712,운송장비용 가스 충전업,44,충청남도,44180,보령시,44180545,대천4동,4418010500,명천동,4418010500106240001,1,대지,624,1,충청남도 보령시 명천동 624-1,441803252019,충청남도 보령시 보령남로,130,17,4418010500106240001007411,,충청남도 보령시 보령남로 130-17,355940,33492,,,,126.599727469392,36.3325638016086
MA010120220806167531,한국가스산업구포충전소,,G2,소매,G214,연료 소매,G21402,가스 충전소,G47712,운송장비용 가스 충전업,26,부산광역시,26320,북구,26320520,구포2동,2632010500,구포동,2632010500111190004,1,대지,1119,4,부산광역시 북구 구포동 1119-4,263203132023,부산광역시 북구 사상로,613,,2632010500111190005005722,,부산광역시 북구 사상로 613,616807,46504,,,,128.990669430536,35.1989346768717
MA010120220806142505,웅천가스,,G2,소매,G214,연료 소매,G21402,가스 충전소,G47712,운송장비용 가스 충전업,44,충청남도,44180,보령시,44180250,웅천읍,4418025021,웅천읍,4418025021200790004,2,산,79,4,충청남도 보령시 웅천읍 대창리 산79-4,441803252007,충청남도 보령시 웅천읍 대창증산로,101,41,4418025021200790004000001,,충청남도 보령시 웅천읍 대창증산로 101-41,355853,33521,,,,126.600372824513,36.214762943158
MA010120220806205219,진잠유통단지LPG충전소,,G2,소매,G214,연료 소매,G21402,가스 충전소,G47712,운송장비용 가스 충전업,30,대전광역시,30200,유성구,30200520,진잠동,3020010200,교촌동,3020010200103310001,1,대지,331,1,대전광역시 유성구 교촌동 331-1,302002167001,대전광역시 유성구 유성대로,148,,3020010200103310001017601,교촌동,대전광역시 유성구 유성대로 148,305250,34220,,,,127.317755236823,36.3113185003395
MA010120220806182762,시온가스충전소,,G2,소매,G214,연료 소매,G21402,가스 충전소,G47712,운송장비용 가스 충전업,30,대전광역시,30230,대덕구,30230550,신탄진동,3023012600,신탄진동,3023012600102940005,1,대지,294,5,대전광역시 대덕구 신탄진동 294-5,302303010031,대전광역시 대덕구 신탄진로,737,,3023012600102940005001861,외,대전광역시 대덕구 신탄진로 737,306830,34336,,,,127.429015470903,36.4434609091455
MA010120220806187719,신탄진충전소,,G2,소매,G214,연료 소매,G21402,가스 충전소,G47712,운송장비용 가스 충전업,30,대전광역시,30230,대덕구,30230570,덕암동,3023011600,상서동,3023011600103490012,1,대지,349,12,대전광역시 대덕구 상서동 349-12,302303010031,대전광역시 대덕구 신탄진로,520,,3023011600103490012004860,,대전광역시 대덕구 신탄진로 520,306200,34335,,,,127.420485921823,36.4254049565815
MA010120220807555312,패밀리LPG충전소,,G2,소매,G214,연료 소매,G21402,가스 충전소,G47712,운송장비용 가스 충전업,29,광주광역시,29170,북구,29170695,건국동,2917013800,생용동,2917013800100750011,1,대지,75,11,광주광역시 북구 생용동 75-11,291703162056,광주광역시 북구 우치로,654,,2917013800100750011000001,외,광주광역시 북구 우치로 654,500240,61042,,,,126.902922106763,35.2225817311835
MA010120220807520300,상무대LPG충전소,,G2,소매,G214,연료 소매,G21402,가스 충전소,G47712,운송장비용 가스 충전업,46,전라남도,46880,장성군,46880340,삼서면,4688034032,삼서면,4688034032108550000,1,대지,855,,전라남도 장성군 삼서면 두월리 855,468803298051,전라남도 장성군 삼서면 영장로,1910,,4688034032108720006026285,,전라남도 장성군 삼서면 영장로 1910,515883,57256,,,,126.684611581808,35.2370549742572
MA010120220807532711,연송엘피지충전소,,G2,소매,G214,연료 소매,G21402,가스 충전소,G47712,운송장비용 가스 충전업,52,전북특별자치도,52180,정읍시,52180580,농소동,5218010600,농소동,5218010600101910013,1,대지,191,13,전북특별자치도 정읍시 농소동 191-13,521803270044,전북특별자치도 정읍시 충정로,468,,4518010600101910013077414,,전북특별자치도 정읍시 충정로 468,580090,56155,,,,126.837075099514,35.5822467522883
MA010120220807540719,백제가스,,G2,소매,G214,연료 소매,G21402,가스 충전소,G47712,운송장비용 가스 충전업,46,전라남도,46880,장성군,46880250,장성읍,4688025024,장성읍,4688025024114960001,1,대지,1496,1,전라남도 장성군 장성읍 영천리 1496-1,468804697140,전라남도 장성군 장성읍 방울샘길,29,,4688025024114960001017194,,전라남도 장성군 장성읍 방울샘길 29,515805,57216,,,,126.792232786196,35.3052396576405
MA010120220807578328,광주개인택시조합엘피지충전소,,G2,소매,G214,연료 소매,G21402,가스 충전소,G47712,운송장비용 가스 충전업,29,광주광역시,29170,북구,29170695,건국동,2917012600,본촌동,2917012600104510000,1,대지,451,,광주광역시 북구 본촌동 451,291703162082,광주광역시 북구 하서로,576,,2917012600104510000046529,,광주광역시 북구 하서로 576,500210,61027,,,,126.882839894087,35.2248083220088
MA010120220807583944,유성에너지,,G2,소매,G214,연료 소매,G21402,가스 충전소,G47712,운송장비용 가스 충전업,52,전북특별자치도,52190,남원시,52190570,향교동,5219011200,용정동,5219011200107530208,1,대지,753,208,전북특별자치도 남원시 용정동 753-208,521903266092,전북특별자치도 남원시 춘향로,212,,4519011200107530208315190,,전북특별자치도 남원시 춘향로 212,590990,55727,,,,127.38342865127,35.4288141915534
MA010120220807557296,고서LPG충전소,,G2,소매,G214,연료 소매,G21402,가스 충전소,G47712,운송장비용 가스 충전업,46,전라남도,46710,담양군,46710320,고서면,4671032026,고서면,4671032026102780002,1,대지,278,2,전라남도 담양군 고서면 보촌리 278-2,467103286018,전라남도 담양군 고서면 창평현로,141,,4671032026102780002000001,,전라남도 담양군 고서면 창평현로 141,517863,57387,,,,126.967948208231,35.2226975327441
MA010120220807579349,도시에너지신안영업소,,G2,소매,G214,연료 소매,G21402,가스 충전소,G47712,운송장비용 가스 충전업,29,광주광역시,29170,북구,29170580,신안동,2917010600,신안동,2917010600105010001,1,대지,501,1,광주광역시 북구 신안동 501-1,291704286224,광주광역시 북구 무등로137번길,8,,2917010600105010001033041,,광주광역시 북구 무등로137번길 8,500828,61230,,,,126.899244784055,35.1673077017244
MA010120220807577395,한길에너지주,,G2,소매,G214,연료 소매,G21402,가스 충전소,G47712,운송장비용 가스 충전업,46,전라남도,46880,장성군,46880320,남면,4688032028,남면,4688032028105210026,1,대지,521,26,전라남도 장성군 남면 삼태리 521-26,468802299001,전라남도 장성군 남면 하서대로,66,,4688032028201520065000001,,전라남도 장성군 남면 하서대로 66,515893,57248,,,,126.821597097588,35.2369287926894
MA010120220807577508,무등엘피지충전소,,G2,소매,G214,연료 소매,G21402,가스 충전소,G47712,운송장비용 가스 충전업,29,광주광역시,29170,북구,29170695,건국동,2917012600,본촌동,2917012600107660004,1,대지,766,4,광주광역시 북구 본촌동 766-4,291703162082,광주광역시 북구 하서로,553,,2917012600107660003000001,,광주광역시 북구 하서로 553,500210,61014,,,,126.880963479071,35.2234905213126
MA010120220807573634,동화까스,,G2,소매,G214,연료 소매,G21402,가스 충전소,G47712,운송장비용 가스 충전업,29,광주광역시,29170,북구,29170650,문화동,2917011300,각화동,2917011300102080001,1,대지,208,1,광주광역시 북구 각화동 208-1,291702162001,광주광역시 북구 각화대로,39,,2917011300102080001044500,,광주광역시 북구 각화대로 39,500800,61139,,,,126.935292322233,35.1811230864309
MA010120220807573685,반디가스앤오일주,,G2,소매,G214,연료 소매,G21402,가스 충전소,G47712,운송장비용 가스 충전업,29,광주광역시,29170,북구,29170602,운암2동,2917010900,운암동,2917010900104110002,1,대지,411,2,광주광역시 북구 운암동 411-2,291704286585,광주광역시 북구 운신남길,146,,2917010900104110002021116,,광주광역시 북구 운신남길 146,500858,61263,,,,126.882751274109,35.1718357034406
MA010120220807577870,반디이원(e1)주,,G2,소매,G214,연료 소매,G21402,가스 충전소,G47712,운송장비용 가스 충전업,29,광주광역시,29200,광산구,29200630,신가동,2920011900,신가동,2920011900105940012,1,대지,594,12,광주광역시 광산구 신가동 594-12,292002009008,광주광역시 광산구 하남대로,361,,2920011900105940012042156,,광주광역시 광산구 하남대로 361,506307,62302,,,,126.833317237349,35.1787903195606
MA010120220807583709,그린엘피지주,,G2,소매,G214,연료 소매,G21402,가스 충전소,G47712,운송장비용 가스 충전업,29,광주광역시,29170,북구,29170697,신용동,2917013000,신용동,2917013000104770012,1,대지,477,12,광주광역시 북구 신용동 477-12,291702009005,광주광역시 북구 임방울대로,945,,2917013000104770012000004,,광주광역시 북구 임방울대로 945,500832,61016,,,,126.861479451709,35.2158173346571
MA010120220807573714,대성가스,,G2,소매,G214,연료 소매,G21402,가스 충전소,G47712,운송장비용 가스 충전업,29,광주광역시,29170,북구,29170696,양산동,2917012800,양산동,2917012800104090009,1,대지,409,9,광주광역시 북구 양산동 409-9,291704286778,광주광역시 북구 하서로176번길,18,,2917012800104090009029500,,광주광역시 북구 하서로176번길 18,500888,61067,,,,126.878296738839,35.1924182731024
MA010120220807622437,신공항엘피지충전소,,G2,소매,G214,연료 소매,G21402,가스 충전소,G47712,운송장비용 가스 충전업,29,광주광역시,29200,광산구,29200550,신흥동,2920010400,신촌동,2920010400106890001,1,대지,689,1,광주광역시 광산구 신촌동 689-1,292002009004,광주광역시 광산구 상무대로,404,,2920010400106890001009951,,광주광역시 광산구 상무대로 404,506810,62425,,,,126.810190252181,35.1439278225305
MA010120220807638618,태양LPG충전소,,G2,소매,G214,연료 소매,G21402,가스 충전소,G47712,운송장비용 가스 충전업,46,전라남도,46870,영광군,46870250,영광읍,4687025027,영광읍,4687025027103300001,1,대지,330,1,전라남도 영광군 영광읍 월평리 330-1,468703298028,전라남도 영광군 영광읍 옥당로,279,,4687025027103300001000001,,전라남도 영광군 영광읍 옥당로 279,513808,57035,,,,126.503869666483,35.2857610059672
MA010120220807641810,영광엘피지충전소,,G2,소매,G214,연료 소매,G21402,가스 충전소,G47712,운송장비용 가스 충전업,46,전라남도,46870,영광군,46870250,영광읍,4687025029,영광읍,4687025029106810005,1,대지,681,5,전라남도 영광군 영광읍 덕호리 681-5,468703000083,전라남도 영광군 영광읍 영광로,632,,4687025029106810005000001,,전라남도 영광군 영광읍 영광로 632,513806,57023,,,,126.482320664078,35.307050179761
MA010120220807625985,한국에너지충전소,,G2,소매,G214,연료 소매,G21402,가스 충전소,G47712,운송장비용 가스 충전업,46,전라남도,46870,영광군,46870250,영광읍,4687025037,영광읍,4687025037107400039,1,대지,740,39,전라남도 영광군 영광읍 학정리 740-39,468704694257,전라남도 영광군 영광읍 영광로6길,2,,4687025037107390001026411,,전라남도 영광군 영광읍 영광로6길 2,513804,57051,,,,126.513267268117,35.2583716522751
MA010120220807628888,남부LPG충전소,,G2,소매,G214,연료 소매,G21402,가스 충전소,G47712,운송장비용 가스 충전업,46,전라남도,46870,영광군,46870250,영광읍,4687025037,영광읍,4687025037109250000,1,대지,925,,전라남도 영광군 영광읍 학정리 925,468703000083,전라남도 영광군 영광읍 영광로,1332,,4687025037109240010026529,,전라남도 영광군 영광읍 영광로 1332,513804,57050,,,,126.513097011235,35.2556038712524
MA010120220807623813,부경LPG충전소,,G2,소매,G214,연료 소매,G21402,가스 충전소,G47712,운송장비용 가스 충전업,29,광주광역시,29200,광산구,29200670,평동,2920014700,장록동,2920014700105340001,1,대지,534,1,광주광역시 광산구 장록동 534-1,292003163008,광주광역시 광산구 동곡로,542,,2920014700105340001000001,장록동,광주광역시 광산구 동곡로 542,506507,62410,,,,126.776463662383,35.1296558414817
MA010120220807634769,풍암충전소이앤지,,G2,소매,G214,연료 소매,G21402,가스 충전소,G47712,운송장비용 가스 충전업,29,광주광역시,29140,서구,29140800,서창동,2914013200,매월동,2914013200104930011,1,대지,493,11,광주광역시 서구 매월동 493-11,291403000074,광주광역시 서구 회재로,766,,2914013200104930011000001,,광주광역시 서구 회재로 766,502151,62071,,,,126.85193106519,35.1150522576172
MA010120220807607529,한일LPG충전소,,G2,소매,G214,연료 소매,G21402,가스 충전소,G47712,운송장비용 가스 충전업,29,광주광역시,29200,광산구,29200700,신창동,2920011800,신창동,2920011800110790021,1,대지,1079,21,광주광역시 광산구 신창동 1079-21,292004289166,광주광역시 광산구 북문대로420번길,92,,2920011800110790001018151,외,광주광역시 광산구 북문대로420번길 92,506839,62273,,,,126.852559179636,35.1925609309096
MA010120220807657954,청기와가스,,G2,소매,G214,연료 소매,G21402,가스 충전소,G47712,운송장비용 가스 충전업,29,광주광역시,29140,서구,29140660,농성2동,2914010600,농성동,2914010600106290001,1,대지,629,1,광주광역시 서구 농성동 629-1,291403009018,광주광역시 서구 경열로,54,,2914010600106290001026906,청기와주유소,광주광역시 서구 경열로 54,502812,61931,,2,,126.892022466363,35.1504280341408
MA010120220807668104,제일에너지주,,G2,소매,G214,연료 소매,G21402,가스 충전소,G47712,운송장비용 가스 충전업,29,광주광역시,29200,광산구,29200630,신가동,2920011900,신가동,2920011900105940005,1,대지,594,5,광주광역시 광산구 신가동 594-5,292003163009,광주광역시 광산구 목련로,358,,2920011900105940005000001,,광주광역시 광산구 목련로 358,506307,62302,,,,126.832217008729,35.1799605626036
MA010120220807687269,서창LPG충전소,,G2,소매,G214,연료 소매,G21402,가스 충전소,G47712,운송장비용 가스 충전업,46,전라남도,46830,영암군,46830253,삼호읍,4683025322,삼호읍,4683025322100040007,1,대지,4,7,전라남도 영암군 삼호읍 망산리 4-7,468303295110,전라남도 영암군 삼호읍 녹색로,1537,,4683025322100040007011144,,전라남도 영암군 삼호읍 녹색로 1537,526894,58446,,,,126.52579699546,34.7338491450263
MA010120220807658034,한일에너지유,,G2,소매,G214,연료 소매,G21402,가스 충전소,G47712,운송장비용 가스 충전업,29,광주광역시,29200,광산구,29200620,비아동,2920011400,수완동,2920011400102160000,1,대지,216,,광주광역시 광산구 수완동 216,292002009002,광주광역시 광산구 북문대로,619,20,2920011400102160000000001,,광주광역시 광산구 북문대로 619-20,506300,62245,,,,126.833689520311,35.206210005056
MA010120220807668462,동곡엘피지충전소주,,G2,소매,G214,연료 소매,G21402,가스 충전소,G47712,운송장비용 가스 충전업,29,광주광역시,29200,광산구,29200660,동곡동,2920013800,하산동,2920013800101490001,1,대지,149,1,광주광역시 광산구 하산동 149-1,292003163008,광주광역시 광산구 동곡로,123,,2920013800101490001000001,하산동,광주광역시 광산구 동곡로 123,506550,62461,,,,126.772698656375,35.0947299841963
MA010120220807665793,대동가스,,G2,소매,G214,연료 소매,G21402,가스 충전소,G47712,운송장비용 가스 충전업,29,광주광역시,29140,서구,29140800,서창동,2914013200,매월동,2914013200105780001,1,대지,578,1,광주광역시 서구 매월동 578-1,291403000074,광주광역시 서구 회재로,779,,2914013200105780001000001,,광주광역시 서구 회재로 779,502151,62070,,,,126.852455496554,35.1162246718636
MA010120220807659777,금정,,G2,소매,G214,연료 소매,G21402,가스 충전소,G47712,운송장비용 가스 충전업,29,광주광역시,29200,광산구,29200700,신창동,2920011800,신창동,2920011800110830010,1,대지,1083,10,광주광역시 광산구 신창동 1083-10,292002009002,광주광역시 광산구 북문대로,365,,2920011800110830010015361,,광주광역시 광산구 북문대로 365,506839,62288,,,,126.85302418971,35.1904252873053
MA010120220807684069,삼호에너지,,G2,소매,G214,연료 소매,G21402,가스 충전소,G47712,운송장비용 가스 충전업,46,전라남도,46830,영암군,46830253,삼호읍,4683025321,삼호읍,4683025321101610003,1,대지,161,3,전라남도 영암군 삼호읍 서창리 161-3,468303295111,전라남도 영암군 삼호읍 대보둑로,214,,4683025321101610003044929,,전라남도 영암군 삼호읍 대보둑로 214,526894,58467,,,,126.546802335899,34.7283493595871
MA010120220807660475,송정동일가스,,G2,소매,G214,연료 소매,G21402,가스 충전소,G47712,운송장비용 가스 충전업,29,광주광역시,29200,광산구,29200670,평동,2920014600,월전동,2920014600101390004,1,대지,139,4,광주광역시 광산구 월전동 139-4,292003163008,광주광역시 광산구 동곡로,456,,2920014600101390004000001,,광주광역시 광산구 동곡로 456,506501,62454,,,,126.779147129171,35.1232250338161
MA010120220807686474,UTOPIAGASSTATION,,G2,소매,G214,연료 소매,G21402,가스 충전소,G47712,운송장비용 가스 충전업,46,전라남도,46830,영암군,46830253,삼호읍,4683025325,삼호읍,4683025325105880012,1,대지,588,12,전라남도 영암군 삼호읍 산호리 588-12,468303295110,전라남도 영암군 삼호읍 녹색로,993,,4683025325105880006008025,,전라남도 영암군 삼호읍 녹색로 993,526895,58447,,,,126.475019381691,34.7518313008308
MA010120220807655633,제일종합가스,,G2,소매,G214,연료 소매,G21402,가스 충전소,G47712,운송장비용 가스 충전업,51,강원특별자치도,51780,철원군,51780259,동송읍,5178025926,동송읍,5178025926100410017,1,대지,41,17,강원특별자치도 철원군 동송읍 대위리 41-17,517804490074,강원특별자치도 철원군 동송읍 남수동길,1,10,4278025926100410017010668,,강원특별자치도 철원군 동송읍 남수동길 1-10,269813,24010,,,,127.25006728755,38.2342228548127
MA010120220807666598,대양케미칼,,G2,소매,G214,연료 소매,G21402,가스 충전소,G47712,운송장비용 가스 충전업,29,광주광역시,29140,서구,29140800,서창동,2914012600,세하동,2914012600101710020,1,대지,171,20,광주광역시 서구 세하동 171-20,291403160046,광주광역시 서구 풍서좌로,255,,2914012600101710020025186,,광주광역시 서구 풍서좌로 255,502151,62076,,,,126.841486057191,35.1273426713554
MA010120220807653150,빛고을충전소,,G2,소매,G214,연료 소매,G21402,가스 충전소,G47712,운송장비용 가스 충전업,29,광주광역시,29200,광산구,29200635,운남동,2920011900,신가동,2920011900102000017,1,대지,200,17,광주광역시 광산구 신가동 200-17,292002009008,광주광역시 광산구 하남대로,378,,2920011900102000016000001,신,광주광역시 광산구 하남대로 378,506816,62316,,,,126.83515296387,35.1776210694504
MA010120220807664223,대성가스지평선LPG충전소주,,G2,소매,G214,연료 소매,G21402,가스 충전소,G47712,운송장비용 가스 충전업,29,광주광역시,29200,광산구,29200680,삼도동,2920015800,지평동,2920015800103940000,1,대지,394,,광주광역시 광산구 지평동 394,292003000083,광주광역시 광산구 영광로,3777,,2920015800103940000000001,지평동,광주광역시 광산구 영광로 3777,506458,62406,,,,126.719200901111,35.1589570356
MA010120220807670253,광주엘피지주,,G2,소매,G214,연료 소매,G21402,가스 충전소,G47712,운송장비용 가스 충전업,29,광주광역시,29200,광산구,29200660,동곡동,2920013800,하산동,2920013800101500001,1,대지,150,1,광주광역시 광산구 하산동 150-1,292003163008,광주광역시 광산구 동곡로,122,,2920013800101500001000001,하산동,광주광역시 광산구 동곡로 122,506550,62461,,,,126.773247425076,35.0945777793014
MA010120220800898603,남양가스주,,G2,소매,G214,연료 소매,G21402,가스 충전소,G47712,운송장비용 가스 충전업,11,서울특별시,11470,양천구,11470611,신월7동,1147010300,신월동,1147010300109980004,1,대지,998,4,서울특별시 양천구 신월동 998-4,114702000003,서울특별시 양천구 남부순환로,538,,1147010300109980004007900,,서울특별시 양천구 남부순환로 538,158847,08041,,,,126.837434054763,37.5207092247501
MA010120220800899516,수도에너지주,,G2,소매,G214,연료 소매,G21402,가스 충전소,G47712,운송장비용 가스 충전업,11,서울특별시,11470,양천구,11470640,신정3동,1147010100,신정동,1147010100108130017,1,대지,813,17,서울특별시 양천구 신정동 813-17,114703005066,서울특별시 양천구 신정로,146,,1147010100108130017005525,,서울특별시 양천구 신정로 146,158855,08110,,,,126.839092277945,37.5070703089359
MA010120220800900295,대흥가스,,G2,소매,G214,연료 소매,G21402,가스 충전소,G47712,운송장비용 가스 충전업,11,서울특별시,11470,양천구,11470560,신월1동,1147010300,신월동,1147010300101310007,1,대지,131,7,서울특별시 양천구 신월동 131-7,114702000003,서울특별시 양천구 남부순환로,411,,1147010300101310007014986,,서울특별시 양천구 남부순환로 411,158828,07921,,,,126.831788343585,37.5312250124406
MA010120220800896954,다온에너지,,G2,소매,G214,연료 소매,G21402,가스 충전소,G47712,운송장비용 가스 충전업,47,경상북도,47111,포항시 남구,47111590,대이동,4711111600,대잠동,4711111600109590004,1,대지,959,4,경상북도 포항시 남구 대잠동 959-4,471112303004,경상북도 포항시 남구 희망대로,663,,4711111600109590004117823,,경상북도 포항시 남구 희망대로 663,790826,37762,,,,129.346192989431,36.0107893811027
MA010120220800930067,동일석유동주충전소주,,G2,소매,G214,연료 소매,G21402,가스 충전소,G47712,운송장비용 가스 충전업,11,서울특별시,11590,동작구,11590660,대방동,1159010800,대방동,1159010800103340000,1,대지,334,,서울특별시 동작구 대방동 334,115903119005,서울특별시 동작구 상도로,74,,1159010800103340000004303,,서울특별시 동작구 상도로 74,156808,07041,,,,126.92876545577,37.4993647259533
MA010120220801007957,범일에너지,,G2,소매,G214,연료 소매,G21402,가스 충전소,G47712,운송장비용 가스 충전업,11,서울특별시,11545,금천구,11545710,시흥5동,1154510300,시흥동,1154510300102710051,1,대지,271,51,서울특별시 금천구 시흥동 271-51,115453000024,서울특별시 금천구 금하로,738,,1154510300102710051000577,,서울특별시 금천구 금하로 738,153035,08644,,,,126.91195104182,37.4495906217491
MA010120220801006545,중앙에너비스삼중가스지점주,,G2,소매,G214,연료 소매,G21402,가스 충전소,G47712,운송장비용 가스 충전업,11,서울특별시,11545,금천구,11545620,독산2동,1154510200,독산동,1154510200110590000,1,대지,1059,,서울특별시 금천구 독산동 1059,115452005010,서울특별시 금천구 시흥대로,316,,1154510200110590000011453,,서울특별시 금천구 시흥대로 316,153832,08619,,,,126.898497088996,37.4618966740635
MA010120220800998755,신일충전소,,G2,소매,G214,연료 소매,G21402,가스 충전소,G47712,운송장비용 가스 충전업,51,강원특별자치도,51150,강릉시,51150510,홍제동,5115010100,홍제동,5115010100103070001,1,대지,307,1,강원특별자치도 강릉시 홍제동 307-1,511503000145,강원특별자치도 강릉시 경강로,1885,,4215010100103070001028655,,강원특별자치도 강릉시 경강로 1885,210949,25522,,,,128.875953277022,37.7472355557684
MA010120220801063073,수서에너지,,G2,소매,G214,연료 소매,G21402,가스 충전소,G47712,운송장비용 가스 충전업,11,서울특별시,11680,강남구,11680700,세곡동,1168011100,세곡동,1168011100103750002,1,대지,375,2,서울특별시 강남구 세곡동 375-2,116804166877,서울특별시 강남구 헌릉로571길,46,2,1168011100103750002004071,,서울특별시 강남구 헌릉로571길 46-2,135190,06376,,1,,127.099996297393,37.4679167128788
MA010120220801078783,하나에너지하나충전소,,G2,소매,G214,연료 소매,G21402,가스 충전소,G47712,운송장비용 가스 충전업,28,인천광역시,28260,서구,28260580,가좌1동,2826011200,가좌동,2826011200101780012,1,대지,178,12,인천광역시 서구 가좌동 178-12,282603153084,인천광역시 서구 백범로,845,,2826011200101780012020799,가좌동,인천광역시 서구 백범로 845,404812,22841,,,,126.664047019229,37.4844383891047
MA010120220801055923,남서울까스주,,G2,소매,G214,연료 소매,G21402,가스 충전소,G47712,운송장비용 가스 충전업,11,서울특별시,11680,강남구,11680675,개포3동,1168010600,대치동,1168010600100210001,1,대지,21,1,서울특별시 강남구 대치동 21-1,116802000003,서울특별시 강남구 남부순환로,3154,,1168010600100210020014131,,서울특별시 강남구 남부순환로 3154,135232,06332,,,,127.075473687916,37.4976952323164
MA010120220801060952,진성에너지안성맞춤LPG충전소,,G2,소매,G214,연료 소매,G21402,가스 충전소,G47712,운송장비용 가스 충전업,41,경기도,41550,안성시,41550530,안성3동,4155012500,당왕동,4155012500102690011,1,대지,269,11,경기도 안성시 당왕동 269-11,415502000021,경기도 안성시 안성맞춤대로,1253,,4155012500102690003044981,,경기도 안성시 안성맞춤대로 1253,456360,17539,,,,127.265160248507,37.0238711401085
MA010120220801052944,유성학하충전소,,G2,소매,G214,연료 소매,G21402,가스 충전소,G47712,운송장비용 가스 충전업,30,대전광역시,30200,유성구,30200526,학하동,3020010500,학하동,3020010500105010002,1,대지,501,2,대전광역시 유성구 학하동 501-2,302004301431,대전광역시 유성구 진잠옛로135번길,76,,3020010500105010002015663,,대전광역시 유성구 진잠옛로135번길 76,305360,34215,,,,127.307907295634,36.3327563377871
MA010120220801079515,새천년LPG충전소,,G2,소매,G214,연료 소매,G21402,가스 충전소,G47712,운송장비용 가스 충전업,52,전북특별자치도,52140,익산시,52140530,평화동,5214011700,목천동,5214011700100460002,1,대지,46,2,전북특별자치도 익산시 목천동 46-2,521403269012,전북특별자치도 익산시 목천로,140,,4514011700100460002093147,,전북특별자치도 익산시 목천로 140,570010,54672,,,,126.93950044934,35.9253382402927
MA010120220801066966,주)성림에너지주,,G2,소매,G214,연료 소매,G21402,가스 충전소,G47712,운송장비용 가스 충전업,41,경기도,41310,구리시,41310520,동구동,4131010200,사노동,4131010200100290000,1,대지,29,,경기도 구리시 사노동 29,413103000121,경기도 구리시 금강로,331,15,4131010200100290000000014,,경기도 구리시 금강로 331-15,471040,11906,,1,,127.147813397108,37.640155236784
MA010120220801061744,대치에너지주,,G2,소매,G214,연료 소매,G21402,가스 충전소,G47712,운송장비용 가스 충전업,11,서울특별시,11680,강남구,11680675,개포3동,1168010600,대치동,1168010600100270015,1,대지,27,15,서울특별시 강남구 대치동 27-15,116802000003,서울특별시 강남구 남부순환로,3179,,1168010600100270015000002,,서울특별시 강남구 남부순환로 3179,135232,06332,,,,127.078166967102,37.4994504428895
MA010120220802786911,청담산업주,,G2,소매,G214,연료 소매,G21402,가스 충전소,G47712,운송장비용 가스 충전업,41,경기도,41480,파주시,41480540,교하동,4148011500,문발동,4148011500102330002,1,대지,233,2,경기도 파주시 문발동 233-2,414803206091,경기도 파주시 파주로,65,,4148025929102330002038143,,경기도 파주시 파주로 65,413070,10880,,,,126.696663570352,37.7250000187159
MA010120220802787351,금촌엘피지주,,G2,소매,G214,연료 소매,G21402,가스 충전소,G47712,운송장비용 가스 충전업,41,경기도,41480,파주시,41480510,금촌1동,4148010100,금촌동,4148010100104660114,1,대지,466,114,경기도 파주시 금촌동 466-114,414803206056,경기도 파주시 아리랑로,54,,4148010100104660114000001,,경기도 파주시 아리랑로 54,413011,10912,,,,126.765571495136,37.7649258531674
MA010120220802790917,신성문산CNG충전소주,,G2,소매,G214,연료 소매,G21402,가스 충전소,G47712,운송장비용 가스 충전업,41,경기도,41480,파주시,41480250,문산읍,4148025023,문산읍,4148025023109660003,1,대지,966,3,경기도 파주시 문산읍 선유리 966-3,414803000008,경기도 파주시 문산읍 통일로,1699,,4148025023109660003000001,,경기도 파주시 문산읍 통일로 1699,413902,10813,,,,126.788647118417,37.8595609481667
MA010120220802801518,수안보LPG충전소,,G2,소매,G214,연료 소매,G21402,가스 충전소,G47712,운송장비용 가스 충전업,43,충청북도,43130,충주시,43130325,수안보면,4313032521,수안보면,4313032521104990001,1,대지,499,1,충청북도 충주시 수안보면 온천리 499-1,431302246001,충청북도 충주시 수안보면 중원대로,1712,,4313032521104990001000001,,충청북도 충주시 수안보면 중원대로 1712,380943,27497,,,,127.975669633345,36.8618861960567
MA010120220802787930,다원에너지,,G2,소매,G214,연료 소매,G21402,가스 충전소,G47712,운송장비용 가스 충전업,41,경기도,41480,파주시,41480510,금촌1동,4148010200,아동동,4148010200101460008,1,대지,146,8,경기도 파주시 아동동 146-8,414803206045,경기도 파주시 새꽃로,312,,4148010200101460008000001,,경기도 파주시 새꽃로 312,413803,10944,,,,126.786213960521,37.7694428972137
MA010120220802791084,신성석유금촌충전소주,,G2,소매,G214,연료 소매,G21402,가스 충전소,G47712,운송장비용 가스 충전업,41,경기도,41480,파주시,41480510,금촌1동,4148010200,아동동,4148010200100910007,1,대지,91,7,경기도 파주시 아동동 91-7,414803000008,경기도 파주시 통일로,598,,4148010200100910007029737,,경기도 파주시 통일로 598,413803,10944,,,,126.795185498452,37.7634584119258
MA010120220802775165,유성산업가스제2판매점,,G2,소매,G214,연료 소매,G21402,가스 충전소,G47712,운송장비용 가스 충전업,41,경기도,41480,파주시,41480360,파평면,4148036022,파평면,4148036022103920000,1,대지,392,,경기도 파주시 파평면 두포리 392,414803206092,경기도 파주시 파평면 파평산로,538,,4148036022103920000000001,,경기도 파주시 파평면 파평산로 538,413883,10809,,1,,126.82919087166,37.9046290236525
MA010120220802791434,서울에너지파동충전소,,G2,소매,G214,연료 소매,G21402,가스 충전소,G47712,운송장비용 가스 충전업,41,경기도,41480,파주시,41480510,금촌1동,4148010200,아동동,4148010200101120003,1,대지,112,3,경기도 파주시 아동동 112-3,414803000008,경기도 파주시 통일로,645,,4148010200101120003001648,,경기도 파주시 통일로 645,413803,10944,,1,,126.792904341552,37.7675357922749
MA010120220802788938,청정에너지주,,G2,소매,G214,연료 소매,G21402,가스 충전소,G47712,운송장비용 가스 충전업,41,경기도,41480,파주시,41480350,광탄면,4148035029,광탄면,4148035029102950015,1,대지,295,15,경기도 파주시 광탄면 영장리 295-15,414803206109,경기도 파주시 광탄면 기산로,25,,4148035029102950015031469,,경기도 파주시 광탄면 기산로 25,413851,10953,,,,126.901876189156,37.7726141948469
MA010120220802772339,선경종합가스,,G2,소매,G214,연료 소매,G21402,가스 충전소,G47712,운송장비용 가스 충전업,41,경기도,41480,파주시,41480350,광탄면,4148035024,광탄면,4148035024100180001,1,대지,18,1,경기도 파주시 광탄면 발랑리 18-1,414803206116,경기도 파주시 광탄면 부흥로,567,,4148035024100180001037565,,경기도 파주시 광탄면 부흥로 567,413852,10830,,,,126.906201150786,37.8081606424364
MA010120220802829680,구갈충전소대천,,G2,소매,G214,연료 소매,G21402,가스 충전소,G47712,운송장비용 가스 충전업,41,경기도,41463,용인시 기흥구,41463520,구갈동,4146310200,구갈동,4146310200102050001,1,대지,205,1,경기도 용인시 기흥구 구갈동 205-1,414632012012,경기도 용인시 기흥구 중부대로,514,,4146310200102050001021464,,경기도 용인시 기흥구 중부대로 514,446569,17066,,,,127.121714592483,37.2741578802266
MA010120220802853806,삼화충전소,,G2,소매,G214,연료 소매,G21402,가스 충전소,G47712,운송장비용 가스 충전업,41,경기도,41590,화성시,41590320,비봉면,4159032024,비봉면,4159032024100040001,1,대지,4,1,경기도 화성시 비봉면 삼화리 4-1,415903210140,경기도 화성시 비봉면 비봉로,487,,4159032024100040001000001,,경기도 화성시 비봉면 비봉로 487,445842,18283,,,,126.850229613438,37.2587899931929
MA010120220802814121,남동충전소,,G2,소매,G214,연료 소매,G21402,가스 충전소,G47712,운송장비용 가스 충전업,41,경기도,41461,용인시 처인구,41461510,중앙동,4146110400,남동,4146110400101860009,1,대지,186,9,경기도 용인시 처인구 남동 186-9,414612012009,경기도 용인시 처인구 백옥대로,1002,,4146110400101860009214488,남동,경기도 용인시 처인구 백옥대로 1002,449030,17146,,,,127.210661536778,37.2248000392525
MA010120220802830521,반도체충전소,,G2,소매,G214,연료 소매,G21402,가스 충전소,G47712,운송장비용 가스 충전업,41,경기도,41463,용인시 기흥구,41463550,서농동,4146310900,농서동,4146310900101440000,1,대지,144,,경기도 용인시 기흥구 농서동 144,414633204035,경기도 용인시 기흥구 삼성2로,55,,4146310900101440000018912,,경기도 용인시 기흥구 삼성2로 55,446920,17113,,1,,127.07901016438,37.2255467131841
MA010120220802807590,백암충전소,,G2,소매,G214,연료 소매,G21402,가스 충전소,G47712,운송장비용 가스 충전업,41,경기도,41461,용인시 처인구,41461350,백암면,4146135031,백암면,4146135031106900000,1,대지,690,,경기도 용인시 처인구 백암면 근곡리 690,414612012010,경기도 용인시 처인구 백암면 죽양대로,1401,,4146135031106900000014150,,경기도 용인시 처인구 백암면 죽양대로 1401,449861,17176,,1,,127.352838974194,37.1718947022286
MA010120220802843576,씨티착한에너지,,G2,소매,G214,연료 소매,G21402,가스 충전소,G47712,운송장비용 가스 충전업,41,경기도,41650,포천시,41650330,가산면,4165033025,가산면,4165033025100120008,1,대지,12,8,경기도 포천시 가산면 정교리 12-8,416503206116,경기도 포천시 가산면 부흥로,656,,4165033025100120012000001,,경기도 포천시 가산면 부흥로 656,487818,11167,,,,127.183953261709,37.8084958310601
MA010120220802846719,한미석유직영유방동LPG충전소주,,G2,소매,G214,연료 소매,G21402,가스 충전소,G47712,운송장비용 가스 충전업,41,경기도,41461,용인시 처인구,41461530,유림동,4146110500,유방동,4146110500105020001,1,대지,502,1,경기도 용인시 처인구 유방동 502-1,414612012009,경기도 용인시 처인구 백옥대로,1260,,4146110500105020001029910,,경기도 용인시 처인구 백옥대로 1260,449935,17043,,,,127.213677868309,37.2475460150965
MA010120220802858041,청우충전소,,G2,소매,G214,연료 소매,G21402,가스 충전소,G47712,운송장비용 가스 충전업,41,경기도,41590,화성시,41590360,팔탄면,4159036022,팔탄면,4159036022104370004,1,대지,437,4,경기도 화성시 팔탄면 창곡리 437-4,415903000117,경기도 화성시 팔탄면 서해로,1409,9,4159036022104370004001284,,경기도 화성시 팔탄면 서해로 1409-9,445949,18524,,,,126.881264288859,37.1864800427493
MA010120220802858045,대성산업가스,,G2,소매,G214,연료 소매,G21402,가스 충전소,G47712,운송장비용 가스 충전업,41,경기도,41590,화성시,41590400,양감면,4159040027,양감면,4159040027112250022,1,대지,1225,22,경기도 화성시 양감면 대양리 1225-22,415903210088,경기도 화성시 양감면 은행나무로,561,38,4159040027112250019015238,,경기도 화성시 양감면 은행나무로 561-38,445931,18631,,1,,126.933558474797,37.1040919297286
MA010120220802812216,동백팰리스충전소,,G2,소매,G214,연료 소매,G21402,가스 충전소,G47712,운송장비용 가스 충전업,41,경기도,41463,용인시 기흥구,41463577,동백3동,4146311500,동백동,4146311500104200000,1,대지,420,,경기도 용인시 기흥구 동백동 420,414632203001,경기도 용인시 기흥구 동백죽전대로,521,,4146311500104200000018218,,경기도 용인시 기흥구 동백죽전대로 521,446911,16993,,,,127.150465283539,37.285099483754
MA010120220802847002,베스트오일직영용인웰컴엘피지충전소주,,G2,소매,G214,연료 소매,G21402,가스 충전소,G47712,운송장비용 가스 충전업,41,경기도,41461,용인시 처인구,41461360,양지면,4146136030,양지면,4146136030104570001,1,대지,457,1,경기도 용인시 처인구 양지면 송문리 457-1,414612012012,경기도 용인시 처인구 양지면 중부대로,1863,,4146136030104570001031758,외,경기도 용인시 처인구 양지면 중부대로 1863,449823,17160,,,,127.249775864067,37.2260395365133
MA010120220802841879,경남씨엔지,,G2,소매,G214,연료 소매,G21402,가스 충전소,G47712,운송장비용 가스 충전업,41,경기도,41461,용인시 처인구,41461510,중앙동,4146110400,남동,4146110400104750000,1,대지,475,,경기도 용인시 처인구 남동 475,414613203159,경기도 용인시 처인구 신기로,170,,4146110400104750000214637,,경기도 용인시 처인구 신기로 170,449030,17059,,,,127.205420855626,37.2160510653919
MA010120220802847416,서일산업용인충전소주,,G2,소매,G214,연료 소매,G21402,가스 충전소,G47712,운송장비용 가스 충전업,41,경기도,41461,용인시 처인구,41461256,이동읍,4146125621,이동읍,4146125621102050001,1,대지,205,1,경기도 용인시 처인구 이동읍 송전리 205-1,414612012004,경기도 용인시 처인구 이동읍 남북대로,2617,,4146133021102050001009751,,경기도 용인시 처인구 이동읍 남북대로 2617,449832,17137,,,,127.205280605799,37.1392725173678
MA010120220802870556,서일석유비봉서일충전소주,,G2,소매,G214,연료 소매,G21402,가스 충전소,G47712,운송장비용 가스 충전업,41,경기도,41590,화성시,41590320,비봉면,4159032021,비봉면,4159032021100410003,1,대지,41,3,경기도 화성시 비봉면 양노리 41-3,415903000117,경기도 화성시 비봉면 서해로,1902,,4159032021100410003000001,,경기도 화성시 비봉면 서해로 1902,445842,18293,,,,126.878595777844,37.2283040914433
MA010120220802868703,에스크,,G2,소매,G214,연료 소매,G21402,가스 충전소,G47712,운송장비용 가스 충전업,41,경기도,41194,부천시 소사구,41194560,옥길동,4119410600,옥길동,4119410600107900000,1,대지,790,,경기도 부천시 소사구 옥길동 790,411943185011,경기도 부천시 소사구 옥길로,143,,4119011500107900000000001,옥길주유소,경기도 부천시 소사구 옥길로 143,422080,14784,,,,126.823358068174,37.4694938648087
MA010120220802865679,신탄진충전소,,G2,소매,G214,연료 소매,G21402,가스 충전소,G47712,운송장비용 가스 충전업,30,대전광역시,30230,대덕구,30230570,덕암동,3023011600,상서동,3023011600103490012,1,대지,349,12,대전광역시 대덕구 상서동 349-12,302303010031,대전광역시 대덕구 신탄진로,520,,3023011600103490012004860,,대전광역시 대덕구 신탄진로 520,306200,34335,,,,127.420485921823,36.4254049565815
MA010120220802945126,세일,,G2,소매,G214,연료 소매,G21402,가스 충전소,G47712,운송장비용 가스 충전업,41,경기도,41285,고양시 일산동구,41285510,식사동,4128510100,식사동,4128510100102940007,1,대지,294,7,경기도 고양시 일산동구 식사동 294-7,412854379018,경기도 고양시 일산동구 견달산로225번길,21,29,4128510100102940007000001,,경기도 고양시 일산동구 견달산로225번길 21-29,410821,10317,,,,126.81783573249,37.6856427304018
MA010120220804436582,홍익에너지,,G2,소매,G214,연료 소매,G21402,가스 충전소,G47712,운송장비용 가스 충전업,11,서울특별시,11710,송파구,11710600,석촌동,1171010500,석촌동,1171010500101830001,1,대지,183,1,서울특별시 송파구 석촌동 183-1,117103123009,서울특별시 송파구 석촌호수로,242,,1171010500101830001009468,,서울특별시 송파구 석촌호수로 242,138844,05609,,,,127.103748250768,37.5080623758917
MA010120220804452538,광동LPG충전소,,G2,소매,G214,연료 소매,G21402,가스 충전소,G47712,운송장비용 가스 충전업,41,경기도,41450,하남시,41450610,미사1동,4145010900,망월동,4145010900105750001,1,대지,575,1,경기도 하남시 망월동 575-1,414503000035,경기도 하남시 아리수로,530,,4145010900105750001000001,,경기도 하남시 아리수로 530,465150,12913,,,,127.186118359129,37.5664992286548
MA010120220804489581,태보에너지주,,G2,소매,G214,연료 소매,G21402,가스 충전소,G47712,운송장비용 가스 충전업,28,인천광역시,28237,부평구,28237670,일신동,2823710800,일신동,2823710800100030004,1,대지,3,4,인천광역시 부평구 일신동 3-4,282373000028,인천광역시 부평구 경인로,1182,,2823710800100030004206977,,인천광역시 부평구 경인로 1182,403110,21418,,,,126.750874268773,37.4832207757302
MA010120220804480692,대전도시공사신대수소충전소,,G2,소매,G214,연료 소매,G21402,가스 충전소,G47712,운송장비용 가스 충전업,30,대전광역시,30230,대덕구,30230525,회덕동,3023010500,신대동,3023010500100040001,1,대지,4,1,대전광역시 대덕구 신대동 4-1,302304304335,대전광역시 대덕구 신탄진로315번길,72,,3023010500102750000000001,신대수소버스충전소,대전광역시 대덕구 신탄진로315번길 72,306080,34357,,,,127.421978802059,36.4086650824465
MA010120220804507850,강촌가스충전소,,G2,소매,G214,연료 소매,G21402,가스 충전소,G47712,운송장비용 가스 충전업,51,강원특별자치도,51110,춘천시,51110350,서면,5111035029,서면,5111035029105630001,1,대지,563,1,강원특별자치도 춘천시 서면 당림리 563-1,511103000120,강원특별자치도 춘천시 서면 경춘로,1014,,4211035029103170009071012,,강원특별자치도 춘천시 서면 경춘로 1014,200832,24463,,,,127.620314646926,37.8266918849495
MA010120220804504652,남춘천충전소,,G2,소매,G214,연료 소매,G21402,가스 충전소,G47712,운송장비용 가스 충전업,51,강원특별자치도,51110,춘천시,51110330,신동면,5111033025,신동면,5111033025107070005,1,대지,707,5,강원특별자치도 춘천시 신동면 정족리 707-5,511103218006,강원특별자치도 춘천시 신동면 김유정로,1702,,4211033025107070005070864,,강원특별자치도 춘천시 신동면 김유정로 1702,200812,24412,,,,127.731844629817,37.839493656826
MA010120220804516599,춘천터미널충전소,,G2,소매,G214,연료 소매,G21402,가스 충전소,G47712,운송장비용 가스 충전업,51,강원특별자치도,51110,춘천시,51110675,강남동,5111012100,온의동,5111012100104950000,1,대지,495,,강원특별자치도 춘천시 온의동 495,511103000120,강원특별자치도 춘천시 경춘로,2167,,4211012100104950000019060,,강원특별자치도 춘천시 경춘로 2167,200938,24431,,,,127.714475658869,37.8478438785659
MA010120220804514343,화천LPG충전소,,G2,소매,G214,연료 소매,G21402,가스 충전소,G47712,운송장비용 가스 충전업,51,강원특별자치도,51790,화천군,51790320,하남면,5179032028,하남면,5179032028107470001,1,대지,747,1,강원특별자치도 화천군 하남면 거례리 747-1,517903013004,강원특별자치도 화천군 하남면 춘화로,2818,,4279032028007470001008711,,강원특별자치도 화천군 하남면 춘화로 2818,209808,24142,,,,127.701310820742,38.0600085861726
MA010120220804522264,대성가스,,G2,소매,G214,연료 소매,G21402,가스 충전소,G47712,운송장비용 가스 충전업,51,강원특별자치도,51790,화천군,51790330,상서면,5179033030,상서면,5179033030104370002,1,대지,437,2,강원특별자치도 화천군 상서면 다목리 437-2,517903231004,강원특별자치도 화천군 상서면 다파로,59,10,4279033030004370002000531,,강원특별자치도 화천군 상서면 다파로 59-10,209812,24104,,,,127.54003870607,38.1767881956459
MA010120220804573319,남양에너지충전소,,G2,소매,G214,연료 소매,G21402,가스 충전소,G47712,운송장비용 가스 충전업,48,경상남도,48240,사천시,48240370,서포면,4824037026,서포면,4824037026111380003,1,대지,1138,3,경상남도 사천시 서포면 자혜리 1138-3,482403334027,경상남도 사천시 서포면 사천대교로,490,7,4824037026111380003000001,,경상남도 사천시 서포면 사천대교로 490-7,664821,52542,,,,128.001615796634,35.0101370496058
MA010120220804544556,양구가스충전소,,G2,소매,G214,연료 소매,G21402,가스 충전소,G47712,운송장비용 가스 충전업,51,강원특별자치도,51800,양구군,51800315,국토정중앙면,5180031528,국토정중앙면,5180031528103940004,1,대지,394,4,강원특별자치도 양구군 국토정중앙면 창리 394-4,518003232015,강원특별자치도 양구군 국토정중앙면 정중앙로,182,,4280031028000000000001089,,강원특별자치도 양구군 국토정중앙면 정중앙로 182,255813,24556,,,,128.015799871014,38.0794407633981
MA010120220804552964,가스코유정에너지,,G2,소매,G214,연료 소매,G21402,가스 충전소,G47712,운송장비용 가스 충전업,51,강원특별자치도,51110,춘천시,51110330,신동면,5111033024,신동면,5111033024101790011,1,대지,179,11,강원특별자치도 춘천시 신동면 증리 179-11,511103218044,강원특별자치도 춘천시 신동면 한치로,966,176,4211033024101790008000001,,강원특별자치도 춘천시 신동면 한치로 966-176,200812,24412,,,,127.707658673457,37.8050273777114
MA010120220804558997,녹박재충전소,,G2,소매,G214,연료 소매,G21402,가스 충전소,G47712,운송장비용 가스 충전업,41,경기도,41550,안성시,41550400,죽산면,4155040025,죽산면,4155040025106600004,1,대지,660,4,경기도 안성시 죽산면 장능리 660-4,415502012006,경기도 안성시 죽산면 서동대로,6516,,4155040025106600004000348,,경기도 안성시 죽산면 서동대로 6516,456892,17521,,,,127.380897261424,37.0683482799606
MA010120220804578317,경원LPG충전소,,G2,소매,G214,연료 소매,G21402,가스 충전소,G47712,운송장비용 가스 충전업,27,대구광역시,27230,북구,27230715,관문동,2723012900,금호동,2723012900104510001,1,대지,451,1,대구광역시 북구 금호동 451-1,272303000051,대구광역시 북구 사수로,432,,2723012900200970004000001,,대구광역시 북구 사수로 432,702300,41491,,,,128.525599447269,35.8955283995088
MA010120220804549274,경춘가스충전소합,,G2,소매,G214,연료 소매,G21402,가스 충전소,G47712,운송장비용 가스 충전업,51,강원특별자치도,51110,춘천시,51110310,동면,5111031023,동면,5111031023102250001,1,대지,225,1,강원특별자치도 춘천시 동면 장학리 225-1,511103218037,강원특별자치도 춘천시 동면 춘천로,523,,4211031023102250001049583,,강원특별자치도 춘천시 동면 춘천로 523,200853,24210,,,,127.761633171694,37.8959642575694
MA010120220804570307,한길충전소,,G2,소매,G214,연료 소매,G21402,가스 충전소,G47712,운송장비용 가스 충전업,51,강원특별자치도,51190,태백시,51190525,황연동,5119010100,황지동,5119010100102740975,1,대지,274,975,강원특별자치도 태백시 황지동 274-975,511903000156,강원특별자치도 태백시 태백로,853,,4219010100102740975000001,,강원특별자치도 태백시 태백로 853,235801,26024,,1,,128.988508825078,37.1804455491615
MA010120220804549505,중앙에너지산업주,,G2,소매,G214,연료 소매,G21402,가스 충전소,G47712,운송장비용 가스 충전업,51,강원특별자치도,51110,춘천시,51110390,동내면,5111039025,동내면,5111039025104220000,1,대지,422,,강원특별자치도 춘천시 동내면 학곡리 422,511103013022,강원특별자치도 춘천시 동내면 영서로,1864,,4211039025104220000000001,,강원특별자치도 춘천시 동내면 영서로 1864,200882,24408,,,,127.759270073697,37.842968812566
MA010120220804563615,공단가스충전소,,G2,소매,G214,연료 소매,G21402,가스 충전소,G47712,운송장비용 가스 충전업,51,강원특별자치도,51170,동해시,51170600,북평동,5117011500,구호동,5117011500102400000,1,대지,240,,강원특별자치도 동해시 구호동 240,511703221006,강원특별자치도 동해시 공단2로,15,9,4217011500002400000026602,,강원특별자치도 동해시 공단2로 15-9,240200,25799,,,,129.140606760154,37.4713321193685
MA010120220805919032,선진LPG충전소,,G2,소매,G214,연료 소매,G21402,가스 충전소,G47712,운송장비용 가스 충전업,44,충청남도,44230,논산시,44230510,취암동,4423010700,지산동,4423010700102650000,1,대지,265,,충청남도 논산시 지산동 265,442302255001,충청남도 논산시 논산대로,524,,4423010700102650000000001,,충청남도 논산시 논산대로 524,320803,32995,,,,127.110087649681,36.2062503805986
MA010120220805913146,궁남LPG충전소,,G2,소매,G214,연료 소매,G21402,가스 충전소,G47712,운송장비용 가스 충전업,44,충청남도,44760,부여군,44760250,부여읍,4476025041,부여읍,4476025041100080000,1,대지,8,,충청남도 부여군 부여읍 왕포리 8,447603015046,충청남도 부여군 부여읍 대백제로,2366,,4476025041100030001028191,,충청남도 부여군 부여읍 대백제로 2366,323806,33164,,,,126.923435152179,36.2672786022979
MA010120220805910159,강경가스충전소,,G2,소매,G214,연료 소매,G21402,가스 충전소,G47712,운송장비용 가스 충전업,44,충청남도,44230,논산시,44230250,강경읍,4423025031,강경읍,4423025031105490010,1,대지,549,10,충청남도 논산시 강경읍 채산리 549-10,442303255003,충청남도 논산시 강경읍 강경로,26,,4423025031105490010053085,,충청남도 논산시 강경읍 강경로 26,320905,32940,,,,127.011234417775,36.1511556365623
MA010120220805902248,공주에너지,,G2,소매,G214,연료 소매,G21402,가스 충전소,G47712,운송장비용 가스 충전업,44,충청남도,44150,공주시,44150550,금학동,4415011200,주미동,4415011200102450002,1,대지,245,2,충청남도 공주시 주미동 245-2,441504554082,충청남도 공주시 주미길,9,,4415011200102450002000001,,충청남도 공주시 주미길 9,314080,32602,,,,127.099718345596,36.4205164646341
MA010120220805903275,재영,,G2,소매,G214,연료 소매,G21402,가스 충전소,G47712,운송장비용 가스 충전업,44,충청남도,44150,공주시,44150340,반포면,4415034028,반포면,4415034028100160006,1,대지,16,6,충청남도 공주시 반포면 마암리 16-6,441503251008,충청남도 공주시 반포면 금벽로,1492,,4415034028100160006000001,,충청남도 공주시 반포면 금벽로 1492,314922,32620,,,,127.220936888444,36.4134507528829
MA010120220805923882,연무LPG충전소,,G2,소매,G214,연료 소매,G21402,가스 충전소,G47712,운송장비용 가스 충전업,44,충청남도,44230,논산시,44230253,연무읍,4423025324,연무읍,4423025324106320000,1,대지,632,,충청남도 논산시 연무읍 동산리 632,442303255011,충청남도 논산시 연무읍 동안로,955,,4423025324106320000056517,,충청남도 논산시 연무읍 동안로 955,320833,33010,,,,127.109560521192,36.1311532138506
MA010120220805905960,지탑신공주충전소주,,G2,소매,G214,연료 소매,G21402,가스 충전소,G47712,운송장비용 가스 충전업,44,충청남도,44150,공주시,44150380,우성면,4415038027,우성면,4415038027102190000,1,대지,219,,충청남도 공주시 우성면 신웅리 219,441504553816,충청남도 공주시 우성면 연미산고개길,44,,4415038027102190000027763,,충청남도 공주시 우성면 연미산고개길 44,314861,32530,,,,127.098495387888,36.4762996367834
MA010120220805917275,창연엘피지충전소,,G2,소매,G214,연료 소매,G21402,가스 충전소,G47712,운송장비용 가스 충전업,44,충청남도,44250,계룡시,44250315,엄사면,4425031521,엄사면,4425031521104470010,1,대지,447,10,충청남도 계룡시 엄사면 엄사리 447-10,442503000095,충청남도 계룡시 엄사면 계백로,3207,4,4425031521104470009003678,,충청남도 계룡시 엄사면 계백로 3207-4,321931,32801,,,,127.252486497761,36.2813475036461
MA010120220805954763,윤활유마트송산점,,G2,소매,G214,연료 소매,G21402,가스 충전소,G47712,운송장비용 가스 충전업,41,경기도,41590,화성시,41590340,송산면,4159034023,송산면,4159034023107690012,1,대지,769,12,경기도 화성시 송산면 삼존리 769-12,415903210058,경기도 화성시 송산면 삼존로,6,,4159034023107690012000001,,경기도 화성시 송산면 삼존로 6,445871,18549,,,,126.760140884739,37.211490106198
MA010120220805941162,오케이엘피지충전소주,,G2,소매,G214,연료 소매,G21402,가스 충전소,G47712,운송장비용 가스 충전업,44,충청남도,44760,부여군,44760250,부여읍,4476025033,부여읍,4476025033101880005,1,대지,188,5,충청남도 부여군 부여읍 가탑리 188-5,447603259115,충청남도 부여군 부여읍 성왕로,466,,4476025033101880005026388,,충청남도 부여군 부여읍 성왕로 466,323802,33160,,,,126.935289224715,36.2782170679626
MA010120220805966513,정원가스,,G2,소매,G214,연료 소매,G21402,가스 충전소,G47712,운송장비용 가스 충전업,41,경기도,41220,평택시,41220640,세교동,4122012000,세교동,4122012000104410008,1,대지,441,8,경기도 평택시 세교동 441-8,412203188122,경기도 평택시 평택로,290,,4122012000104470001206463,,경기도 평택시 평택로 290,450818,17825,,,,127.07335869159,37.0091237078669
MA010120220805966342,서천엘피지합,,G2,소매,G214,연료 소매,G21402,가스 충전소,G47712,운송장비용 가스 충전업,44,충청남도,44770,서천군,44770310,마서면,4477031021,마서면,4477031021100030003,1,대지,3,3,충청남도 서천군 마서면 계동리 3-3,447703260030,충청남도 서천군 마서면 장서로,750,,4477031021100030003031531,,충청남도 서천군 마서면 장서로 750,325811,33654,,,,126.70753701165,36.0677612177658
MA010120220805926960,가나다가스충전소,,G2,소매,G214,연료 소매,G21402,가스 충전소,G47712,운송장비용 가스 충전업,44,충청남도,44760,부여군,44760250,부여읍,4476025025,부여읍,4476025025101310005,1,대지,131,5,충청남도 부여군 부여읍 석목리 131-5,447603259115,충청남도 부여군 부여읍 성왕로,441,,4476025025101310001019796,,충청남도 부여군 부여읍 성왕로 441,323806,33131,,,,126.934508276823,36.2804155500644
MA010120220805940399,황금엘피지충전소주,,G2,소매,G214,연료 소매,G21402,가스 충전소,G47712,운송장비용 가스 충전업,44,충청남도,44230,논산시,44230520,부창동,4423011000,강산동,4423011000102890000,1,대지,289,,충청남도 논산시 강산동 289,442302255001,충청남도 논산시 논산대로,228,18,4423011000102880002047955,,충청남도 논산시 논산대로 228-18,320080,32962,,,,127.089139202431,36.1880094282002
MA010120220805940402,서강에너지,,G2,소매,G214,연료 소매,G21402,가스 충전소,G47712,운송장비용 가스 충전업,44,충청남도,44230,논산시,44230253,연무읍,4423025324,연무읍,4423025324100250001,1,대지,25,1,충청남도 논산시 연무읍 동산리 25-1,442303255011,충청남도 논산시 연무읍 동안로,1156,,4423025324100250001058625,,충청남도 논산시 연무읍 동안로 1156,320833,33011,,,,127.129491508918,36.1248789021341
MA010120220805940416,합)대신에너지연산충전소합,,G2,소매,G214,연료 소매,G21402,가스 충전소,G47712,운송장비용 가스 충전업,44,충청남도,44230,논산시,44230360,연산면,4423036026,연산면,4423036026102590014,1,대지,259,14,충청남도 논산시 연산면 청동리 259-14,442303000095,충청남도 논산시 연산면 계백로,2048,,4423036026102590030007169,,충청남도 논산시 연산면 계백로 2048,320875,32913,,,,127.199339375841,36.2074237248875
MA010120220805997075,애향주,,G2,소매,G214,연료 소매,G21402,가스 충전소,G47712,운송장비용 가스 충전업,44,충청남도,44210,서산시,44210540,수석동,4421010600,수석동,4421010600105680007,1,대지,568,7,충청남도 서산시 수석동 568-7,442103254220,충청남도 서산시 중앙로,504,,4421010600105680007050416,,충청남도 서산시 중앙로 504,356050,32009,,,,126.495629727423,36.7543816554635
MA010120220805975205,금마LPG충전소,,G2,소매,G214,연료 소매,G21402,가스 충전소,G47712,운송장비용 가스 충전업,44,충청남도,44800,홍성군,44800320,금마면,4480032025,금마면,4480032025107100005,1,대지,710,5,충청남도 홍성군 금마면 부평리 710-5,448003252053,충청남도 홍성군 금마면 충서로,2190,16,4480032025107100000042678,,충청남도 홍성군 금마면 충서로 2190-16,350823,32280,,,,126.72678325942,36.6231398999945
MA010120220805984981,서산자동차충전소,,G2,소매,G214,연료 소매,G21402,가스 충전소,G47712,운송장비용 가스 충전업,44,충청남도,44210,서산시,44210525,동문1동,4421010500,잠홍동,4421010500105650010,1,대지,565,10,충청남도 서산시 잠홍동 565-10,442103254008,충청남도 서산시 고운로,352,,4421010500105650010085025,,충청남도 서산시 고운로 352,356040,31966,,,,126.473400407695,36.7855627599813
MA010120220805979302,광천LPG충전소,,G2,소매,G214,연료 소매,G21402,가스 충전소,G47712,운송장비용 가스 충전업,44,충청남도,44800,홍성군,44800253,광천읍,4480025321,광천읍,4480025321102080036,1,대지,208,36,충청남도 홍성군 광천읍 신진리 208-36,448003252053,충청남도 홍성군 광천읍 충서로,392,,4480025321102080036029131,,충청남도 홍성군 광천읍 충서로 392,350906,32287,,,,126.623104055804,36.5174865280635
MA010120220805973006,백화가스,,G2,소매,G214,연료 소매,G21402,가스 충전소,G47712,운송장비용 가스 충전업,44,충청남도,44825,태안군,44825250,태안읍,4482525029,태안읍,4482525029200940004,2,산,94,4,충청남도 태안군 태안읍 인평리 산94-4,448253000117,충청남도 태안군 태안읍 서해로,2117,,4482525029200940004008819,,충청남도 태안군 태안읍 서해로 2117,357909,32138,,,,126.338663912491,36.7593527997078
MA010120220805973049,소향LPG충전소,,G2,소매,G214,연료 소매,G21402,가스 충전소,G47712,운송장비용 가스 충전업,44,충청남도,44800,홍성군,44800250,홍성읍,4480025023,홍성읍,4480025023103810001,1,대지,381,1,충청남도 홍성군 홍성읍 소향리 381-1,448003262035,충청남도 홍성군 홍성읍 홍덕서로,5,,4480025023103800004023134,,충청남도 홍성군 홍성읍 홍덕서로 5,350804,32249,,,,126.652777000184,36.6052308840481
MA010120220805999581,광동석유서광주유소충전소주,,G2,소매,G214,연료 소매,G21402,가스 충전소,G47712,운송장비용 가스 충전업,44,충청남도,44800,홍성군,44800250,홍성읍,4480025025,홍성읍,4480025025101470000,1,대지,147,,충청남도 홍성군 홍성읍 옥암리 147,448003254216,충청남도 홍성군 홍성읍 내포로,183,,4480025025101470000022683,,충청남도 홍성군 홍성읍 내포로 183,350808,32244,,,,126.650574890488,36.5928968744661
MA010120220806013030,당진가스충전소,,G2,소매,G214,연료 소매,G21402,가스 충전소,G47712,운송장비용 가스 충전업,44,충청남도,44270,당진시,44270510,당진1동,4427010600,수청동,4427010600107600001,1,대지,760,1,충청남도 당진시 수청동 760-1,442703265120,충청남도 당진시 대덕로,238,,4483025026107600001042497,,충청남도 당진시 대덕로 238,343050,31817,,,,126.648536762602,36.8860693358121
MA010120220806015217,영일충전소,,G2,소매,G214,연료 소매,G21402,가스 충전소,G47712,운송장비용 가스 충전업,44,충청남도,44270,당진시,44270520,당진2동,4427010900,용연동,4427010900108910010,1,대지,891,10,충청남도 당진시 용연동 891-10,442703015091,충청남도 당진시 역천로,581,,4427010900108910010000001,,충청남도 당진시 역천로 581,343070,31788,,,,126.61113914669,36.8657232506335
MA010120220806036504,금오엘피지충전소,,G2,소매,G214,연료 소매,G21402,가스 충전소,G47712,운송장비용 가스 충전업,44,충청남도,44810,예산군,44810250,예산읍,4481025025,예산읍,4481025025100750011,1,대지,75,11,충청남도 예산군 예산읍 산성리 75-11,448102263001,충청남도 예산군 예산읍 금오대로,108,,4481025025100750003006483,,충청남도 예산군 예산읍 금오대로 108,340803,32432,,,,126.839130046517,36.6912359375403
MA010120220806007846,예산에너지대술가스,,G2,소매,G214,연료 소매,G21402,가스 충전소,G47712,운송장비용 가스 충전업,44,충청남도,44810,예산군,44810400,오가면,4481040031,오가면,4481040031105430000,1,대지,543,,충청남도 예산군 오가면 신원리 543,448103252053,충청남도 예산군 오가면 충서로,729,,4481040031105430000000451,,충청남도 예산군 오가면 충서로 729,340914,32424,,,,126.813788848994,36.6854498044558
MA010120220806033353,안동VIP충전소,,G2,소매,G214,연료 소매,G21402,가스 충전소,G47712,운송장비용 가스 충전업,47,경상북도,47170,안동시,47170555,용상동,4717011000,용상동,4717011000110780114,1,대지,1078,114,경상북도 안동시 용상동 1078-114,471703018013,경상북도 안동시 경동로,962,,4717011000110780114019588,,경상북도 안동시 경동로 962,760901,36724,,,,128.758957437956,36.5538488047762
MA010120220806018378,신평엘피지충전소,,G2,소매,G214,연료 소매,G21402,가스 충전소,G47712,운송장비용 가스 충전업,44,충청남도,44270,당진시,44270380,신평면,4427038023,신평면,4427038023103630001,1,대지,363,1,충청남도 당진시 신평면 거산리 363-1,442703000117,충청남도 당진시 신평면 서해로,6923,5,4483038023103630001041969,,충청남도 당진시 신평면 서해로 6923-5,343811,31739,,,,126.745527749148,36.8852983770234
MA010120220806011683,대성가스충전소,,G2,소매,G214,연료 소매,G21402,가스 충전소,G47712,운송장비용 가스 충전업,44,충청남도,44810,예산군,44810250,예산읍,4481025029,예산읍,4481025029106430000,1,대지,643,,충청남도 예산군 예산읍 창소리 643,448103252053,충청남도 예산군 예산읍 충서로,1206,,4481025029106430000004934,,충청남도 예산군 예산읍 충서로 1206,340805,32421,,,,126.8324757679,36.7154490379614
MA010120220806021005,SK가스예산충전소,,G2,소매,G214,연료 소매,G21402,가스 충전소,G47712,운송장비용 가스 충전업,44,충청남도,44810,예산군,44810250,예산읍,4481025022,예산읍,4481025022102490013,1,대지,249,13,충청남도 예산군 예산읍 향천리 249-13,448103263046,충청남도 예산군 예산읍 충령사로,21,,4481025022102490013009750,,충청남도 예산군 예산읍 충령사로 21,340809,32433,,,,126.866198331664,36.6776533628935
MA010120220806010232,거룡LPG충전소,,G2,소매,G214,연료 소매,G21402,가스 충전소,G47712,운송장비용 가스 충전업,44,충청남도,44270,당진시,44270340,정미면,4427034032,정미면,4427034032100960012,1,대지,96,12,충청남도 당진시 정미면 사관리 96-12,442703000117,충청남도 당진시 정미면 서해로,4916,,4483034032100960012022899,,충청남도 당진시 정미면 서해로 4916,343861,31801,,,,126.583956399349,36.8385081543644
MA010120220806034769,삽교가스충전소주,,G2,소매,G214,연료 소매,G21402,가스 충전소,G47712,운송장비용 가스 충전업,44,충청남도,44810,예산군,44810253,삽교읍,4481025339,삽교읍,4481025339101280008,1,대지,128,8,충청남도 예산군 삽교읍 방아리 128-8,448103015083,충청남도 예산군 삽교읍 윤봉길로,1692,,4481025339101280008021826,,충청남도 예산군 삽교읍 윤봉길로 1692,340905,32414,,,,126.756899545623,36.6876000711026
MA010120220807381626,현대LPG충전소,,G2,소매,G214,연료 소매,G21402,가스 충전소,G47712,운송장비용 가스 충전업,52,전북특별자치도,52140,익산시,52140570,동산동,5214012500,금강동,5214012500109950001,1,대지,995,1,전북특별자치도 익산시 금강동 995-1,521403269039,전북특별자치도 익산시 하나로,51,,4514012500109950001063953,,전북특별자치도 익산시 하나로 51,570959,54611,,,,126.977960563087,35.926469004222
MA010120220807400811,순동연합LPG충전소주,,G2,소매,G214,연료 소매,G21402,가스 충전소,G47712,운송장비용 가스 충전업,52,전북특별자치도,52210,김제시,52210540,검산동,5221010500,순동,5221010500104720061,1,대지,472,61,전북특별자치도 김제시 순동 472-61,522104616544,전북특별자치도 김제시 순백2길,186,,4521010500104720061045061,,전북특별자치도 김제시 순백2길 186,576800,54368,,,,126.921339675246,35.8131307058751
MA010120220807376690,고창가스충전소유,,G2,소매,G214,연료 소매,G21402,가스 충전소,G47712,운송장비용 가스 충전업,52,전북특별자치도,52790,고창군,52790250,고창읍,5279025038,고창읍,5279025038104650006,1,대지,465,6,전북특별자치도 고창군 고창읍 성두리 465-6,527902279001,전북특별자치도 고창군 고창읍 고인돌대로,1940,,4579025038200270000009265,,전북특별자치도 고창군 고창읍 고인돌대로 1940,585805,56426,,,,126.696638769619,35.4525481359535
MA010120220807404318,진안가스충전소,,G2,소매,G214,연료 소매,G21402,가스 충전소,G47712,운송장비용 가스 충전업,52,전북특별자치도,52720,진안군,52720250,진안읍,5272025029,진안읍,5272025029107040012,1,대지,704,12,전북특별자치도 진안군 진안읍 구룡리 704-12,527203274046,전북특별자치도 진안군 진안읍 진장로,112,,4572025029107040012007701,,전북특별자치도 진안군 진안읍 진장로 112,567803,55421,,,,127.441143798629,35.7889233923272
MA010120220807402355,남동진충전소,,G2,소매,G214,연료 소매,G21402,가스 충전소,G47712,운송장비용 가스 충전업,29,광주광역시,29200,광산구,29200580,우산동,2920010900,우산동,2920010900106250000,1,대지,625,,광주광역시 광산구 우산동 625,292002009005,광주광역시 광산구 임방울대로,16,,2920010900106250000000001,,광주광역시 광산구 임방울대로 16,506812,62360,,,,126.819311493524,35.1627801718189
MA010120220807374520,광진가스충전소유,,G2,소매,G214,연료 소매,G21402,가스 충전소,G47712,운송장비용 가스 충전업,52,전북특별자치도,52790,고창군,52790250,고창읍,5279025021,고창읍,5279025021110230000,1,대지,1023,,전북특별자치도 고창군 고창읍 읍내리 1023,527903279077,전북특별자치도 고창군 고창읍 중앙로,151,,4579025021110230000000457,,전북특별자치도 고창군 고창읍 중앙로 151,585809,56442,,,,126.691856688329,35.4355913416632
MA010120220807381447,제일가스충전소,,G2,소매,G214,연료 소매,G21402,가스 충전소,G47712,운송장비용 가스 충전업,52,전북특별자치도,52800,부안군,52800330,행안면,5280033023,행안면,5280033023103140001,1,대지,314,1,전북특별자치도 부안군 행안면 진동리 314-1,528003280096,전북특별자치도 부안군 행안면 부안로,2463,,4580033023103140001095135,,전북특별자치도 부안군 행안면 부안로 2463,579831,56319,,,,126.715243901508,35.7142387331166
MA010120220807400574,신흥가스유,,G2,소매,G214,연료 소매,G21402,가스 충전소,G47712,운송장비용 가스 충전업,52,전북특별자치도,52210,김제시,52210580,교월동,5221010900,교동,5221010900102320003,1,대지,232,3,전북특별자치도 김제시 교동 232-3,522103272024,전북특별자치도 김제시 벽지산로,273,,4521010900102320003046961,,전북특별자치도 김제시 벽지산로 273,576040,54371,,,,126.875508006268,35.7995279833155
MA010120220807408545,무주엘피지충전소,,G2,소매,G214,연료 소매,G21402,가스 충전소,G47712,운송장비용 가스 충전업,52,전북특별자치도,52730,무주군,52730250,무주읍,5273025023,무주읍,5273025023108770001,1,대지,877,1,전북특별자치도 무주군 무주읍 오산리 877-1,527303275059,전북특별자치도 무주군 무주읍 무학로,26,,4573025023108770001012443,,전북특별자치도 무주군 무주읍 무학로 26,568803,55523,,,,127.677152393709,36.0129709424112
MA010120220807428980,순창LPG충전소,,G2,소매,G214,연료 소매,G21402,가스 충전소,G47712,운송장비용 가스 충전업,52,전북특별자치도,52770,순창군,52770250,순창읍,5277025026,순창읍,5277025026101960006,1,대지,196,6,전북특별자치도 순창군 순창읍 교성리 196-6,527703278043,전북특별자치도 순창군 순창읍 장류로,234,7,4577025026001960006000209,,전북특별자치도 순창군 순창읍 장류로 234-7,595802,56047,,,,127.129644627432,35.3734623032559
MA010120220807425452,지리산가스충전소,,G2,소매,G214,연료 소매,G21402,가스 충전소,G47712,운송장비용 가스 충전업,52,전북특별자치도,52190,남원시,52190540,노암동,5219012300,신촌동,5219012300102470000,1,대지,247,,전북특별자치도 남원시 신촌동 247,521903271028,전북특별자치도 남원시 원천로,83,,4519012300102470000303576,,전북특별자치도 남원시 원천로 83,590090,55794,,,,127.401633792454,35.4093136788091
MA010120220807460537,효천LPG충전소,,G2,소매,G214,연료 소매,G21402,가스 충전소,G47712,운송장비용 가스 충전업,29,광주광역시,29155,남구,29155720,송암동,2915511100,임암동,2915511100100980004,1,대지,98,4,광주광역시 남구 임암동 98-4,291552161001,광주광역시 남구 서문대로,297,,2915511100100980004030657,,광주광역시 남구 서문대로 297,503360,61754,,,,126.876182400559,35.0950420632198
MA010120220807467699,기차마을LPG충전소,,G2,소매,G214,연료 소매,G21402,가스 충전소,G47712,운송장비용 가스 충전업,46,전라남도,46720,곡성군,46720250,곡성읍,4672025027,곡성읍,4672025027108120000,1,대지,812,,전라남도 곡성군 곡성읍 구원리 812,467203287003,전라남도 곡성군 곡성읍 곡성로,355,,4672025027108120000004835,,전라남도 곡성군 곡성읍 곡성로 355,516802,57527,,,,127.259966248254,35.2481560572622
MA010120220807468571,옥과LPG충전소,,G2,소매,G214,연료 소매,G21402,가스 충전소,G47712,운송장비용 가스 충전업,46,전라남도,46720,곡성군,46720370,옥과면,4672037025,옥과면,4672037025102930012,1,대지,293,12,전라남도 곡성군 옥과면 율사리 293-12,467203287022,전라남도 곡성군 옥과면 천변로,71,,4672037025102930013000001,외,전라남도 곡성군 옥과면 천변로 71,516913,57505,,,,127.131500349674,35.2690767169389
MA010120220807449187,등암엘피지,,G2,소매,G214,연료 소매,G21402,가스 충전소,G47712,운송장비용 가스 충전업,46,전라남도,46770,고흥군,46770250,고흥읍,4677025024,고흥읍,4677025024111450001,1,대지,1145,1,전라남도 고흥군 고흥읍 등암리 1145-1,467703289003,전라남도 고흥군 고흥읍 고흥로,1520,,4677025024111450001026989,,전라남도 고흥군 고흥읍 고흥로 1520,548804,59542,,,,127.271637676902,34.591313223777
MA010120220807453492,여천가스충전소,,G2,소매,G214,연료 소매,G21402,가스 충전소,G47712,운송장비용 가스 충전업,46,전라남도,46130,여수시,46130790,시전동,4613013200,시전동,4613013200111120000,1,대지,1112,,전라남도 여수시 시전동 1112,461303282046,전라남도 여수시 쌍봉로,258,,4613013200111120000040178,,전라남도 여수시 쌍봉로 258,555030,59683,,,,127.684228899423,34.7644444332125
MA010120220807484837,21세기충전소,,G2,소매,G214,연료 소매,G21402,가스 충전소,G47712,운송장비용 가스 충전업,44,충청남도,44270,당진시,44270530,당진3동,4427010500,시곡동,4427010500101480000,1,대지,148,,충청남도 당진시 시곡동 148,442703000117,충청남도 당진시 서해로,6176,,4483025025101480000050205,세기충전소,충청남도 당진시 서해로 6176,343060,31764,,,,126.671867894118,36.9021935512026
MA010120220807482964,아산둔포충전소,,G2,소매,G214,연료 소매,G21402,가스 충전소,G47712,운송장비용 가스 충전업,44,충청남도,44200,아산시,44200360,둔포면,4420036021,둔포면,4420036021103440000,1,대지,344,,충청남도 아산시 둔포면 둔포리 344,442003000190,충청남도 아산시 둔포면 장영실로,1288,,4420036021103440000093426,외,충청남도 아산시 둔포면 장영실로 1288,336872,31407,,,,127.04509358117,36.9210745183472
MA010120220807479155,명품LPG충전소,,G2,소매,G214,연료 소매,G21402,가스 충전소,G47712,운송장비용 가스 충전업,46,전라남도,46790,화순군,46790250,화순읍,4679025033,화순읍,4679025033100220000,1,대지,22,,전라남도 화순군 화순읍 대리 22,467903291015,전라남도 화순군 화순읍 쌍충로,127,4,4679025033100220000041376,,전라남도 화순군 화순읍 쌍충로 127-4,519951,58110,,,,126.978315919411,35.0622393293859
MA010120220807506574,반디가스,,G2,소매,G214,연료 소매,G21402,가스 충전소,G47712,운송장비용 가스 충전업,29,광주광역시,29155,남구,29155720,송암동,2915511200,송하동,2915511200102580010,1,대지,258,10,광주광역시 남구 송하동 258-10,291553009014,광주광역시 남구 송암로,28,,2915511200102580010018539,외,광주광역시 남구 송암로 28,503820,61740,,1,,126.879671879435,35.1086291865026
MA010120220800818806,대농석유주,,G2,소매,G214,연료 소매,G21402,가스 충전소,G47712,운송장비용 가스 충전업,11,서울특별시,11650,서초구,11650610,방배2동,1165010100,방배동,1165010100128330000,1,대지,2833,,서울특별시 서초구 방배동 2833,116502000004,서울특별시 서초구 과천대로,838,,1165010100128350000014171,방배동,서울특별시 서초구 과천대로 838,137853,06761,,,,126.987972585143,37.4668141262522
MA010120220800812504,영동가스주,,G2,소매,G214,연료 소매,G21402,가스 충전소,G47712,운송장비용 가스 충전업,11,서울특별시,11650,서초구,11650540,잠원동,1165010600,잠원동,1165010600100310001,1,대지,31,1,서울특별시 서초구 잠원동 31-1,116504163046,서울특별시 서초구 나루터로10길,29,,1165010600100310020000001,용마일렉트로닉스,서울특별시 서초구 나루터로10길 29,137904,06527,,,,127.016299169659,37.5135939295768
MA010120220800812579,E1,,G2,소매,G214,연료 소매,G21402,가스 충전소,G47712,운송장비용 가스 충전업,11,서울특별시,11170,용산구,11170625,한강로동,1117012500,한강로2가,1117012500101910000,1,대지,191,,서울특별시 용산구 한강로2가 191,111702005005,서울특별시 용산구 한강대로,92,,1117012500101910000013648,LS용산타워,서울특별시 용산구 한강대로 92,140702,04386,,21,,126.967519760974,37.5281778252738
MA010120220800815454,수도석유,,G2,소매,G214,연료 소매,G21402,가스 충전소,G47712,운송장비용 가스 충전업,11,서울특별시,11650,서초구,11650610,방배2동,1165010100,방배동,1165010100104430001,1,대지,443,1,서울특별시 서초구 방배동 443-1,116502005009,서울특별시 서초구 동작대로,26,,1165010100104430001013153,,서울특별시 서초구 동작대로 26,137818,06692,,,,126.982159490491,37.4788418786932
MA010120220802556151,대현E&C,,G2,소매,G214,연료 소매,G21402,가스 충전소,G47712,운송장비용 가스 충전업,41,경기도,41570,김포시,41570515,김포본동,4157010200,걸포동,4157010200103890028,1,대지,389,28,경기도 김포시 걸포동 389-28,415703209019,경기도 김포시 금파로,12,,4157010200103890028024149,,경기도 김포시 금파로 12,415020,10096,,,,126.711955910684,37.6306791583622
MA010120220802540251,강남복지충전소,,G2,소매,G214,연료 소매,G21402,가스 충전소,G47712,운송장비용 가스 충전업,11,서울특별시,11680,강남구,11680700,세곡동,1168011200,자곡동,1168011200103730001,1,대지,373,1,서울특별시 강남구 자곡동 373-1,116803122003,서울특별시 강남구 밤고개로,200,,1168011200103730001026698,,서울특별시 강남구 밤고개로 200,135190,06372,,1,,127.105343886807,37.4764986916932
MA010120220802553980,불로LPG충전소,,G2,소매,G214,연료 소매,G21402,가스 충전소,G47712,운송장비용 가스 충전업,28,인천광역시,28260,서구,28260690,불로대곡동,2826012100,불로동,2826012100100210016,1,대지,21,16,인천광역시 서구 불로동 21-16,282603156189,인천광역시 서구 불로로,10,,2826012100000210016000001,,인천광역시 서구 불로로 10,404270,22619,,,,126.67719254169,37.6113261345681
MA010120220802567549,금파충전소,,G2,소매,G214,연료 소매,G21402,가스 충전소,G47712,운송장비용 가스 충전업,41,경기도,41570,김포시,41570515,김포본동,4157010200,걸포동,4157010200103900002,1,대지,390,2,경기도 김포시 걸포동 390-2,415703209019,경기도 김포시 금파로,20,,4157010200103900002018234,걸포동4,경기도 김포시 금파로 20,415020,10096,,,,126.712491755922,37.6297975016584
MA010120220802542098,태양LPG충전소,,G2,소매,G214,연료 소매,G21402,가스 충전소,G47712,운송장비용 가스 충전업,28,인천광역시,28260,서구,28260580,가좌1동,2826011200,가좌동,2826011200101730117,1,대지,173,117,인천광역시 서구 가좌동 173-117,282602000013,인천광역시 서구 봉수대로,258,,2826011200101730117018679,,인천광역시 서구 봉수대로 258,404811,22831,,,,126.661879210028,37.4988122177578
MA010120220802534029,금곡가스프라자,,G2,소매,G214,연료 소매,G21402,가스 충전소,G47712,운송장비용 가스 충전업,28,인천광역시,28260,서구,28260680,검단동,2826011800,금곡동,2826011800101610000,1,대지,161,,인천광역시 서구 금곡동 161,282602000013,인천광역시 서구 봉수대로,1497,,2826011800101610000024276,,인천광역시 서구 봉수대로 1497,404330,22649,,1,,126.645041283064,37.6060261146612
MA010120220802542350,천일충전소,,G2,소매,G214,연료 소매,G21402,가스 충전소,G47712,운송장비용 가스 충전업,28,인천광역시,28260,서구,28260515,검암경서동,2826010100,백석동,2826010100102100000,1,대지,210,,인천광역시 서구 백석동 210,282602000013,인천광역시 서구 봉수대로,1158,,2826010100002100000555743,,인천광역시 서구 봉수대로 1158,404140,22687,,,,126.662996892714,37.5796798086653
MA010120220802539598,우리에너지,,G2,소매,G214,연료 소매,G21402,가스 충전소,G47712,운송장비용 가스 충전업,28,인천광역시,28260,서구,28260680,검단동,2826011800,금곡동,2826011800102370003,1,대지,237,3,인천광역시 서구 금곡동 237-3,282602000013,인천광역시 서구 봉수대로,1539,,2826011800102370003024256,,인천광역시 서구 봉수대로 1539,404330,22649,,,,126.644255064069,37.6094114515633
MA010120220802592207,김포가스합자회사,,G2,소매,G214,연료 소매,G21402,가스 충전소,G47712,운송장비용 가스 충전업,41,경기도,41570,김포시,41570580,운양동,4157010300,운양동,4157010300110260000,1,대지,1026,,경기도 김포시 운양동 1026,415702209001,경기도 김포시 김포대로,1454,,4157010300110260000000884,운양동,경기도 김포시 김포대로 1454,415807,10072,,,,126.67076329349,37.6541230373801
MA010120220802597724,선진네트웍스,,G2,소매,G214,연료 소매,G21402,가스 충전소,G47712,운송장비용 가스 충전업,41,경기도,41570,김포시,41570256,양촌읍,4157025625,양촌읍,4157025625100300000,1,대지,30,,경기도 김포시 양촌읍 대포리 30,415703000073,경기도 김포시 양촌읍 향동로,20,,4157025625100300000000001,외,경기도 김포시 양촌읍 향동로 20,415823,10069,,,,126.635432469156,37.6210252371451
MA010120220802594042,은혜천연가스주,,G2,소매,G214,연료 소매,G21402,가스 충전소,G47712,운송장비용 가스 충전업,28,인천광역시,28260,서구,28260575,신현원창동,2826011100,원창동,2826011100100550001,1,대지,55,1,인천광역시 서구 원창동 55-1,282604268624,인천광역시 서구 원창로89번길,34,,2826011100100550001000854,,인천광역시 서구 원창로89번길 34,404210,22770,,,,126.659471583422,37.5209699133583
MA010120220802594173,삼영에너지주,,G2,소매,G214,연료 소매,G21402,가스 충전소,G47712,운송장비용 가스 충전업,28,인천광역시,28710,강화군,28710250,강화읍,2871025025,강화읍,2871025025103430005,1,대지,343,5,인천광역시 강화군 강화읍 갑곳리 343-5,287102157001,인천광역시 강화군 강화읍 강화대로,288,,2871025025103430005003885,,인천광역시 강화군 강화읍 강화대로 288,417801,23025,,,,126.497550930611,37.7414017767242
MA010120220802598431,지가스,,G2,소매,G214,연료 소매,G21402,가스 충전소,G47712,운송장비용 가스 충전업,41,경기도,41570,김포시,41570256,양촌읍,4157025624,양촌읍,4157025624107500028,1,대지,750,28,경기도 김포시 양촌읍 구래리 750-28,415702000013,경기도 김포시 양촌읍 봉수대로,1821,,4157025624107500028000001,,경기도 김포시 양촌읍 봉수대로 1821,415841,10069,,,,126.628565761403,37.6306173003464
MA010120220802595178,통진개발,,G2,소매,G214,연료 소매,G21402,가스 충전소,G47712,운송장비용 가스 충전업,41,경기도,41570,김포시,41570250,통진읍,4157025021,통진읍,4157025021106800008,1,대지,680,8,경기도 김포시 통진읍 도사리 680-8,415702209001,경기도 김포시 통진읍 김포대로,2055,,4157025021106810001008377,,경기도 김포시 통진읍 김포대로 2055,415863,10035,,,,126.615637643913,37.68378758874
MA010120220802581769,대화엘피지충전소,,G2,소매,G214,연료 소매,G21402,가스 충전소,G47712,운송장비용 가스 충전업,28,인천광역시,28260,서구,28260720,오류왕길동,2826012000,왕길동,2826012000101110000,1,대지,111,,인천광역시 서구 왕길동 111,282602000013,인천광역시 서구 봉수대로,1308,,2826012000101110000000001,,인천광역시 서구 봉수대로 1308,404290,22673,,1,,126.655946609627,37.5913993550899
MA010120220802596107,인천개인택시복지제1충전소,,G2,소매,G214,연료 소매,G21402,가스 충전소,G47712,운송장비용 가스 충전업,28,인천광역시,28140,동구,28140610,송림4동,2814010700,송림동,2814010700102970014,1,대지,297,14,인천광역시 동구 송림동 297-14,281404250061,인천광역시 동구 방축로157번길,12,,2814010700102970014042289,,인천광역시 동구 방축로157번길 12,401821,22532,,,,126.662952710733,37.4813808666141
MA010120220802590630,케이제이인터내셔날,,G2,소매,G214,연료 소매,G21402,가스 충전소,G47712,운송장비용 가스 충전업,11,서울특별시,11650,서초구,11650620,방배3동,1165010100,방배동,1165010100104770001,1,대지,477,1,서울특별시 서초구 방배동 477-1,116503121021,서울특별시 서초구 효령로,22,,1165010100104770001011698,멤버스뷰,서울특별시 서초구 효령로 22,137820,06698,,7,,126.987484752771,37.477382927421
MA010120220802597441,이대일나누리충전소주,,G2,소매,G214,연료 소매,G21402,가스 충전소,G47712,운송장비용 가스 충전업,28,인천광역시,28260,서구,28260580,가좌1동,2826011200,가좌동,2826011200101730328,1,대지,173,328,인천광역시 서구 가좌동 173-328,282602000013,인천광역시 서구 봉수대로,203,,2826011200101730328021053,,인천광역시 서구 봉수대로 203,404811,22845,,,,126.660613191685,37.4936908927978
MA010120220802661349,동일석유신안충전소주,,G2,소매,G214,연료 소매,G21402,가스 충전소,G47712,운송장비용 가스 충전업,41,경기도,41173,안양시 동안구,41173580,호계1동,4117310400,호계동,4117310400110280007,1,대지,1028,7,경기도 안양시 동안구 호계동 1028-7,411733182030,경기도 안양시 동안구 엘에스로,101,,4117310400110280007007447,,경기도 안양시 동안구 엘에스로 101,431848,14119,,,,126.949671073019,37.3710437823349
MA010120220802653786,상신까스연료자,,G2,소매,G214,연료 소매,G21402,가스 충전소,G47712,운송장비용 가스 충전업,41,경기도,41173,안양시 동안구,41173552,관양동,4117310200,관양동,4117310200113830006,1,대지,1383,6,경기도 안양시 동안구 관양동 1383-6,411732182001,경기도 안양시 동안구 관악대로,283,,4117310200113830006007967,,경기도 안양시 동안구 관악대로 283,431805,13940,,,,126.954246474018,37.4030680092335
MA010120220802661824,삼진에너지의왕충전소주,,G2,소매,G214,연료 소매,G21402,가스 충전소,G47712,운송장비용 가스 충전업,41,경기도,41430,의왕시,41430520,부곡동,4143010200,이동,4143010200103710001,1,대지,371,1,경기도 의왕시 이동 371-1,414303201024,경기도 의왕시 오봉로,183,,4143010200103710001008799,,경기도 의왕시 오봉로 183,437030,16079,,,,126.960799086116,37.3343761310636
MA010120220802684731,경동수소충전소,,G2,소매,G214,연료 소매,G21402,가스 충전소,G47712,운송장비용 가스 충전업,31,울산광역시,31200,북구,31200560,효문동,3120012200,연암동,3120012200112630004,1,대지,1263,4,울산광역시 북구 연암동 1263-4,312003169027,울산광역시 북구 북부순환도로,1165,,3120012200112630004003587,경동가스충전소,울산광역시 북구 북부순환도로 1165,683804,44238,,,,129.357556678514,35.581139553332
MA010120220802655568,케이씨에너지주,,G2,소매,G214,연료 소매,G21402,가스 충전소,G47712,운송장비용 가스 충전업,41,경기도,41290,과천시,41290520,갈현동,4129010300,갈현동,4129010300103020001,1,대지,302,1,경기도 과천시 갈현동 302-1,412902000004,경기도 과천시 과천대로,20,,4129010300103020001000001,,경기도 과천시 과천대로 20,427100,13824,,,,126.979093745619,37.4043634730843
MA010120220802693243,포동가스충전소,,G2,소매,G214,연료 소매,G21402,가스 충전소,G47712,운송장비용 가스 충전업,41,경기도,41390,시흥시,41390630,연성동,4139011900,하중동,4139011900103430002,1,대지,343,2,경기도 시흥시 하중동 343-2,413902348121,경기도 시흥시 시흥대로,711,,4139011900103430001027923,하중동,경기도 시흥시 시흥대로 711,429250,14971,,,,126.792632979635,37.3998225452443
MA010120220802748762,스카이비,,G2,소매,G214,연료 소매,G21402,가스 충전소,G47712,운송장비용 가스 충전업,41,경기도,41390,시흥시,41390593,정왕3동,4139013200,정왕동,4139013200122110001,1,대지,2211,1,경기도 시흥시 정왕동 2211-1,413903000020,경기도 시흥시 서해안로,81,30,4139013200122110000030880,,경기도 시흥시 서해안로 81-30,429938,15014,,,,126.697774629507,37.3410246379544
MA010120220802748797,헵시바주,,G2,소매,G214,연료 소매,G21402,가스 충전소,G47712,운송장비용 가스 충전업,41,경기도,41210,광명시,41210540,광명3동,4121010100,광명동,4121010100101620002,1,대지,162,2,경기도 광명시 광명동 162-2,412103000022,경기도 광명시 오리로,1044,,4121010100101620002003570,,경기도 광명시 오리로 1044,423013,14203,,,,126.847615017589,37.4817092778653
MA010120220802688374,한성가스자,,G2,소매,G214,연료 소매,G21402,가스 충전소,G47712,운송장비용 가스 충전업,28,인천광역시,28200,남동구,28200551,간석4동,2820010200,간석동,2820010200106170008,1,대지,617,8,인천광역시 남동구 간석동 617-8,282003151030,인천광역시 남동구 석정로,495,,2820010200106170008000303,,인천광역시 남동구 석정로 495,405810,21502,,,,126.690669491917,37.4663287802103
MA010120220802688471,칠성가스,,G2,소매,G214,연료 소매,G21402,가스 충전소,G47712,운송장비용 가스 충전업,28,인천광역시,28200,남동구,28200521,구월3동,2820010100,구월동,2820010100111320000,1,대지,1132,,인천광역시 남동구 구월동 1132,282004259617,인천광역시 남동구 인주대로591번길,64,,2820010100111320000000001,타원벨라움,인천광역시 남동구 인주대로591번길 64,405223,21558,,13,,126.703156491134,37.4529808224256
MA010120220804241710,태극가스충전소,,G2,소매,G214,연료 소매,G21402,가스 충전소,G47712,운송장비용 가스 충전업,51,강원특별자치도,51230,삼척시,51230250,도계읍,5123025027,도계읍,5123025027100700001,1,대지,70,1,강원특별자치도 삼척시 도계읍 늑구리 70-1,512303013008,강원특별자치도 삼척시 도계읍 강원남부로,1800,,4223025027100700000000001,외,강원특별자치도 삼척시 도계읍 강원남부로 1800,245904,25946,,,,129.060371317109,37.2605677226121
MA010120220804338951,동일석유황금충전소주,,G2,소매,G214,연료 소매,G21402,가스 충전소,G47712,운송장비용 가스 충전업,11,서울특별시,11260,중랑구,11260610,중화2동,1126010300,중화동,1126010300102080011,1,대지,208,11,서울특별시 중랑구 중화동 208-11,112603005032,서울특별시 중랑구 망우로,209,,1126010300102080011011350,,서울특별시 중랑구 망우로 209,131878,02116,,,,127.075944684027,37.5941738920755
MA010120220804339150,복지송파충전소,,G2,소매,G214,연료 소매,G21402,가스 충전소,G47712,운송장비용 가스 충전업,11,서울특별시,11710,송파구,11710647,위례동,1171010900,장지동,1171010900109070000,1,대지,907,,서울특별시 송파구 장지동 907,117103000236,서울특별시 송파구 위례중앙로,37,,1171010900109070000000001,,서울특별시 송파구 위례중앙로 37,138927,05814,,,,127.131717836192,37.4755982557045
MA010120220804337525,태능가스,,G2,소매,G214,연료 소매,G21402,가스 충전소,G47712,운송장비용 가스 충전업,11,서울특별시,11350,노원구,11350595,공릉1동,1135010300,공릉동,1135010300106900011,1,대지,690,11,서울특별시 노원구 공릉동 690-11,113503005046,서울특별시 노원구 화랑로,405,,1135010300106900011016699,,서울특별시 노원구 화랑로 405,139808,01855,,,,127.072592574965,37.6170251022583
MA010120220804337593,풍림에너지,,G2,소매,G214,연료 소매,G21402,가스 충전소,G47712,운송장비용 가스 충전업,11,서울특별시,11260,중랑구,11260550,면목5동,1126010100,면목동,1126010100101690006,1,대지,169,6,서울특별시 중랑구 면목동 169-6,112603000001,서울특별시 중랑구 동일로,553,,1126010100101690006022337,,서울특별시 중랑구 동일로 553,131822,02235,,,,127.079235695973,37.5796837675509
MA010120220804413300,예스코,,G2,소매,G214,연료 소매,G21402,가스 충전소,G47712,운송장비용 가스 충전업,11,서울특별시,11170,용산구,11170625,한강로동,1117012500,한강로2가,1117012500101910000,1,대지,191,,서울특별시 용산구 한강로2가 191,111702005005,서울특별시 용산구 한강대로,92,,1117012500101910000013648,LS용산타워,서울특별시 용산구 한강대로 92,140702,04386,,11,,126.967519760974,37.5281778252738
MA010120220804386301,노일가스,,G2,소매,G214,연료 소매,G21402,가스 충전소,G47712,운송장비용 가스 충전업,11,서울특별시,11350,노원구,11350630,상계1동,1135010500,상계동,1135010500110340001,1,대지,1034,1,서울특별시 노원구 상계동 1034-1,113503000001,서울특별시 노원구 동일로,1601,,1135010500110340001008338,,서울특별시 노원구 동일로 1601,139837,01616,,1,,127.055450542699,37.6715439306373
MA010120220804403182,주문진충전소,,G2,소매,G214,연료 소매,G21402,가스 충전소,G47712,운송장비용 가스 충전업,51,강원특별자치도,51150,강릉시,51150370,연곡면,5115037022,연곡면,5115037022103540012,1,대지,354,12,강원특별자치도 강릉시 연곡면 영진리 354-12,511503220022,강원특별자치도 강릉시 연곡면 연주로,156,,4215037022003540012053417,,강원특별자치도 강릉시 연곡면 연주로 156,210861,25429,,,,128.838017519404,37.8700327311294
MA010120220804387178,흥안에너지,,G2,소매,G214,연료 소매,G21402,가스 충전소,G47712,운송장비용 가스 충전업,11,서울특별시,11350,노원구,11350720,상계10동,1135010500,상계동,1135010500106900002,1,대지,690,2,서울특별시 노원구 상계동 690-2,113503110002,서울특별시 노원구 노원로,487,,1135010500106900002000168,,서울특별시 노원구 노원로 487,139827,01691,,,,127.062909726162,37.6590525956089
MA010120220804387245,사랑CNG충전소주,,G2,소매,G214,연료 소매,G21402,가스 충전소,G47712,운송장비용 가스 충전업,11,서울특별시,11320,도봉구,11320515,창5동,1132010700,창동,1132010700103280001,1,대지,328,1,서울특별시 도봉구 창동 328-1,113203005047,서울특별시 도봉구 노해로,317,6,1132010700103280001014115,,서울특별시 도봉구 노해로 317-6,132908,01405,,,,127.044398622683,37.6519252357816
MA010120220804387571,진아복지에너지주,,G2,소매,G214,연료 소매,G21402,가스 충전소,G47712,운송장비용 가스 충전업,11,서울특별시,11350,노원구,11350580,월계3동,1135010200,월계동,1135010200103220007,1,대지,322,7,서울특별시 노원구 월계동 322-7,113503109006,서울특별시 노원구 마들로,145,,1135010200102190002018860,,서울특별시 노원구 마들로 145,139842,01906,,,,127.063460840534,37.6274728089807
MA010120220805750035,세일가스,,G2,소매,G214,연료 소매,G21402,가스 충전소,G47712,운송장비용 가스 충전업,30,대전광역시,30140,중구,30140620,석교동,3014010900,옥계동,3014010900100170002,1,대지,17,2,대전광역시 중구 옥계동 17-2,301403010004,대전광역시 중구 대종로,117,,3014010900100170002000383,옥계동,대전광역시 중구 대종로 117,301820,35067,,,,127.450710357159,36.302636372538
MA010120220805758802,갑천LPG충전소,,G2,소매,G214,연료 소매,G21402,가스 충전소,G47712,운송장비용 가스 충전업,30,대전광역시,30230,대덕구,30230525,회덕동,3023010500,신대동,3023010500104260000,1,대지,426,,대전광역시 대덕구 신대동 426,302304304374,대전광역시 대덕구 아리랑로55번길,187,,3023010500104260000001959,,대전광역시 대덕구 아리랑로55번길 187,306080,34358,,,,127.413644838804,36.3928247014058
MA010120220805758808,대화공단LPG충전소,,G2,소매,G214,연료 소매,G21402,가스 충전소,G47712,운송장비용 가스 충전업,30,대전광역시,30230,대덕구,30230525,회덕동,3023010300,읍내동,3023010300105110000,1,대지,511,,대전광역시 대덕구 읍내동 511,302303010029,대전광역시 대덕구 아리랑로,63,,3023010300105110000007107,,대전광역시 대덕구 아리랑로 63,306822,34358,,,,127.4125126453,36.3768418836936
MA010120220805758892,우성LPG충전소,,G2,소매,G214,연료 소매,G21402,가스 충전소,G47712,운송장비용 가스 충전업,30,대전광역시,30230,대덕구,30230525,회덕동,3023010400,연축동,3023010400102940002,1,대지,294,2,대전광역시 대덕구 연축동 294-2,302303010031,대전광역시 대덕구 신탄진로,71,,3023010400102940002005520,,대전광역시 대덕구 신탄진로 71,306090,34352,,,,127.422532864595,36.3874496663126
MA010120220805735431,대성석유가스충전소주,,G2,소매,G214,연료 소매,G21402,가스 충전소,G47712,운송장비용 가스 충전업,43,충청북도,43150,제천시,43150537,남현동,4315010300,동현동,4315010300102000002,1,대지,200,2,충청북도 제천시 동현동 200-2,431503014063,충청북도 제천시 단양로,3421,,4315010300102000002021941,,충청북도 제천시 단양로 3421,390190,27198,,,,128.221686013872,37.1280096660625
MA010120220805789192,남대전ICLPG충전소,,G2,소매,G214,연료 소매,G21402,가스 충전소,G47712,운송장비용 가스 충전업,30,대전광역시,30110,동구,30110740,산내동,3011013900,대성동,3011013900102660000,1,대지,266,,대전광역시 동구 대성동 266,301103010002,대전광역시 동구 대전로,242,,3011013900102660000000001,,대전광역시 동구 대전로 242,300210,34699,,,,127.463795998645,36.2901049804372
MA010120220805776450,금성LPG충전소,,G2,소매,G214,연료 소매,G21402,가스 충전소,G47712,운송장비용 가스 충전업,44,충청남도,44710,금산군,44710310,금성면,4471031028,금성면,4471031028103650013,1,대지,365,13,충청남도 금산군 금성면 의총리 365-13,447103000088,충청남도 금산군 금성면 금산로,1936,,4471031028103650013029094,,충청남도 금산군 금성면 금산로 1936,312911,32709,,,,127.488825598871,36.1425974354178
MA010120220805816178,씨앤에스유통호수공원주유소,,G2,소매,G214,연료 소매,G21402,가스 충전소,G47712,운송장비용 가스 충전업,30,대전광역시,30170,서구,30170535,정림동,3017010400,정림동,3017010400102670004,1,대지,267,4,대전광역시 서구 정림동 267-4,301703000095,대전광역시 서구 계백로,1259,,3017010400102670004015158,,대전광역시 서구 계백로 1259,302855,35348,,,,127.362678038137,36.3075859289997
MA010120220805810107,유한가스한밭에스콜.유한가스충전소합,,G2,소매,G214,연료 소매,G21402,가스 충전소,G47712,운송장비용 가스 충전업,30,대전광역시,30140,중구,30140560,중촌동,3014010400,중촌동,3014010400101980001,1,대지,198,1,대전광역시 중구 중촌동 198-1,301403165034,대전광역시 중구 유등천동로,780,,3014010400101980001031207,중촌동,대전광역시 중구 유등천동로 780,301841,34800,,,,127.404522759512,36.3467880694695
MA010120220805814150,만인산농협가스취급소,,G2,소매,G214,연료 소매,G21402,가스 충전소,G47712,운송장비용 가스 충전업,44,충청남도,44710,금산군,44710380,복수면,4471038023,복수면,4471038023100960005,1,대지,96,5,충청남도 금산군 복수면 곡남리 96-5,447103257006,충청남도 금산군 복수면 다복로,60,,4471038023100960005011143,,충청남도 금산군 복수면 다복로 60,312921,32703,,,,127.404202903004,36.1616399443557
MA010120220805817446,회덕아이씨주유소충전소,,G2,소매,G214,연료 소매,G21402,가스 충전소,G47712,운송장비용 가스 충전업,30,대전광역시,30230,대덕구,30230525,회덕동,3023010500,신대동,3023010500104330002,1,대지,433,2,대전광역시 대덕구 신대동 433-2,302301000040,대전광역시 대덕구 갑천도시고속도로,1084,,3023010500104330002021671,,대전광역시 대덕구 갑천도시고속도로 1084,306080,34358,,,,127.412665689308,36.39104377637
MA010120220805810548,대전개인택시충전소주,,G2,소매,G214,연료 소매,G21402,가스 충전소,G47712,운송장비용 가스 충전업,30,대전광역시,30140,중구,30140740,산성동,3014011900,안영동,3014011900102800000,1,대지,280,,대전광역시 중구 안영동 280,301403000093,대전광역시 중구 대둔산로,130,,3014011900102800000029552,,대전광역시 중구 대둔산로 130,301819,35085,,,,127.376389214326,36.2831124667056
MA010120220805815367,중도가스서대전영업소주,,G2,소매,G214,연료 소매,G21402,가스 충전소,G47712,운송장비용 가스 충전업,30,대전광역시,30140,중구,30140670,오류동,3014011300,오류동,3014011300101820001,1,대지,182,1,대전광역시 중구 오류동 182-1,301403165031,대전광역시 중구 오류로,63,,3014011300101820001029234,,대전광역시 중구 오류로 63,301829,34905,,,,127.402789136364,36.3259677400357
MA010120220805839367,단양가스,,G2,소매,G214,연료 소매,G21402,가스 충전소,G47712,운송장비용 가스 충전업,43,충청북도,43800,단양군,43800250,단양읍,4380025027,단양읍,4380025027102110010,1,대지,211,10,충청북도 단양군 단양읍 상진리 211-10,438003014063,충청북도 단양군 단양읍 단양로,939,,4380025027102110010008853,,충청북도 단양군 단양읍 단양로 939,395806,27027,,,,128.344221590068,36.9766838964441
MA010120220805831739,감우재LPG충전소,,G2,소매,G214,연료 소매,G21402,가스 충전소,G47712,운송장비용 가스 충전업,43,충청북도,43770,음성군,43770250,음성읍,4377025027,음성읍,4377025027100940001,1,대지,94,1,충청북도 음성군 음성읍 감우리 94-1,437702247001,충청북도 음성군 음성읍 생음대로,670,,4377025027100940001000001,,충청북도 음성군 음성읍 생음대로 670,369801,27684,,,,127.643250017055,36.957429963164
MA010120220805801484,금산LPG충전소가스,,G2,소매,G214,연료 소매,G21402,가스 충전소,G47712,운송장비용 가스 충전업,44,충청남도,44710,금산군,44710250,금산읍,4471025021,금산읍,4471025021104230006,1,대지,423,6,충청남도 금산군 금산읍 신대리 423-6,447103257043,충청남도 금산군 금산읍 인삼로,196,,4471025021104230006014323,,충청남도 금산군 금산읍 인삼로 196,312804,32722,,,,127.502956008051,36.102137923584
MA010120220805878823,백룡LPG주유소,,G2,소매,G214,연료 소매,G21402,가스 충전소,G47712,운송장비용 가스 충전업,44,충청남도,44150,공주시,44150400,신풍면,4415040030,신풍면,4415040030100190023,1,대지,19,23,충청남도 공주시 신풍면 백룡리 19-23,441503251047,충청남도 공주시 신풍면 차동로,1791,,4415040030100190017000001,,충청남도 공주시 신풍면 차동로 1791,314883,32525,,,,126.975486008531,36.5083379368454
MA010120220805851512,지량가스충전소,,G2,소매,G214,연료 소매,G21402,가스 충전소,G47712,운송장비용 가스 충전업,44,충청남도,44710,금산군,44710380,복수면,4471038029,복수면,4471038029105330005,1,대지,533,5,충청남도 금산군 복수면 지량리 533-5,447103000093,충청남도 금산군 복수면 대둔산로,1787,,4471038029105330005000001,외,충청남도 금산군 복수면 대둔산로 1787,312924,32701,,,,127.372876345182,36.2559616849064
MA010120220805854601,대성에너지프라자,,G2,소매,G214,연료 소매,G21402,가스 충전소,G47712,운송장비용 가스 충전업,41,경기도,41650,포천시,41650360,영중면,4165036021,영중면,4165036021103070005,1,대지,307,5,경기도 포천시 영중면 양문리 307-5,416504439152,경기도 포천시 영중면 먼재길,91,,4165036021103070003053129,,경기도 포천시 영중면 먼재길 91,487883,11128,,,,127.257136148893,37.9997369175244
MA010120220805859926,맘모스LPG충전소,,G2,소매,G214,연료 소매,G21402,가스 충전소,G47712,운송장비용 가스 충전업,44,충청남도,44133,천안시 서북구,44133560,백석동,4413310300,백석동,4413310300100110017,1,대지,11,17,충청남도 천안시 서북구 백석동 11-17,441332250001,충청남도 천안시 서북구 동서대로,19,,4413310300100110017047220,,충청남도 천안시 서북구 동서대로 19,331979,31098,,,,127.12563933318,36.8246348603108
MA010120220805870091,차에너지,,G2,소매,G214,연료 소매,G21402,가스 충전소,G47712,운송장비용 가스 충전업,44,충청남도,44150,공주시,44150590,월송동,4415012700,동현동,4415012700105620010,1,대지,562,10,충청남도 공주시 동현동 562-10,441503251048,충청남도 공주시 차령로,1856,,4415035030105620010017289,,충청남도 공주시 차령로 1856,314120,32590,,,,127.167372454862,36.4797104035323
MA010120220805871781,원더우먼충전소,,G2,소매,G214,연료 소매,G21402,가스 충전소,G47712,운송장비용 가스 충전업,44,충청남도,44150,공주시,44150340,반포면,4415034029,반포면,4415034029103190002,1,대지,319,2,충청남도 공주시 반포면 봉곡리 319-2,441503251008,충청남도 공주시 반포면 금벽로,1749,,4415034029103190002013429,,충청남도 공주시 반포면 금벽로 1749,314923,32621,,,,127.238335058241,36.40052155329
MA010120220805870331,강변LPG충전소,,G2,소매,G214,연료 소매,G21402,가스 충전소,G47712,운송장비용 가스 충전업,44,충청남도,44150,공주시,44150590,월송동,4415012500,석장리동,4415012500104180000,1,대지,418,,충청남도 공주시 석장리동 418,441504554031,충청남도 공주시 석장리길,35,,4415035027104180000017040,,충청남도 공주시 석장리길 35,314120,32591,,,,127.183400409103,36.4481551750726
MA010120220807251054,정원충전소,,G2,소매,G214,연료 소매,G21402,가스 충전소,G47712,운송장비용 가스 충전업,52,전북특별자치도,52710,완주군,52710253,봉동읍,5271025321,봉동읍,5271025321103510002,1,대지,351,2,전북특별자치도 완주군 봉동읍 제내리 351-2,527103016033,전북특별자치도 완주군 봉동읍 봉동로,824,,4571025321103530003011413,,전북특별자치도 완주군 봉동읍 봉동로 824,565906,55313,,,,127.12075241263,35.9817013806421
MA010120220807235948,장계가스충전소,,G2,소매,G214,연료 소매,G21402,가스 충전소,G47712,운송장비용 가스 충전업,52,전북특별자치도,52740,장수군,52740350,계남면,5274035024,계남면,5274035024106130006,1,대지,613,6,전북특별자치도 장수군 계남면 호덕리 613-6,527403276056,전북특별자치도 장수군 계남면 장무로,148,3,4574035024106130006024774,,전북특별자치도 장수군 계남면 장무로 148-3,597831,55622,,,,127.583497260609,35.7243998382654
MA010120220807246578,소양엘피지충전소,,G2,소매,G214,연료 소매,G21402,가스 충전소,G47712,운송장비용 가스 충전업,52,전북특별자치도,52710,완주군,52710340,소양면,5271034024,소양면,5271034024108040012,1,대지,804,12,전북특별자치도 완주군 소양면 황운리 804-12,527103267080,전북특별자치도 완주군 소양면 전진로,592,,4571034024108040013011234,,전북특별자치도 완주군 소양면 전진로 592,565845,55356,,,,127.229012278309,35.852467419945
MA010120220807241766,길상LPG충전소,,G2,소매,G214,연료 소매,G21402,가스 충전소,G47712,운송장비용 가스 충전업,52,전북특별자치도,52113,전주시 덕진구,52113650,조촌동,5211312300,반월동,5211312300106120001,1,대지,612,1,전북특별자치도 전주시 덕진구 반월동 612-1,521133016035,전북특별자치도 전주시 덕진구 삼례로,115,,4511312300106120001014453,,전북특별자치도 전주시 덕진구 삼례로 115,561370,54805,,,,127.076718571426,35.8879722598127
MA010120220807248608,한일LPG충전소,,G2,소매,G214,연료 소매,G21402,가스 충전소,G47712,운송장비용 가스 충전업,52,전북특별자치도,52710,완주군,52710340,소양면,5271034024,소양면,5271034024106020003,1,대지,602,3,전북특별자치도 완주군 소양면 황운리 602-3,527103267080,전북특별자치도 완주군 소양면 전진로,656,,4571034024106020001013652,,전북특별자치도 완주군 소양면 전진로 656,565845,55356,,,,127.23568148517,35.8541128303459
MA010120220807234630,용진에너지,,G2,소매,G214,연료 소매,G21402,가스 충전소,G47712,운송장비용 가스 충전업,52,전북특별자치도,52710,완주군,52710256,용진읍,5271025623,용진읍,5271025623100410005,1,대지,41,5,전북특별자치도 완주군 용진읍 상운리 41-5,527103273094,전북특별자치도 완주군 용진읍 초포다리로,259,,4571031025100410005029502,,전북특별자치도 완주군 용진읍 초포다리로 259,565813,55351,,,,127.155765849676,35.8781622553571
MA010120220807243481,전주평화LPG충전소,,G2,소매,G214,연료 소매,G21402,가스 충전소,G47712,운송장비용 가스 충전업,52,전북특별자치도,52111,전주시 완산구,52111692,평화2동,5211113400,평화동3가,5211113400103230000,1,대지,323,,전북특별자치도 전주시 완산구 평화동3가 323,521113266089,전북특별자치도 전주시 완산구 모악로,4601,,4511113400103230000032410,외,전북특별자치도 전주시 완산구 모악로 4601,560283,55140,,,,127.125513596279,35.7808437050453
MA010120220807230015,동산엘피지충전소,,G2,소매,G214,연료 소매,G21402,가스 충전소,G47712,운송장비용 가스 충전업,52,전북특별자치도,52113,전주시 덕진구,52113665,여의동,5211313900,여의동2가,5211313900105010001,1,대지,501,1,전북특별자치도 전주시 덕진구 여의동2가 501-1,521132266001,전북특별자치도 전주시 덕진구 기린대로,898,,4511312800105010001024092,,전북특별자치도 전주시 덕진구 기린대로 898,561330,54849,,1,,127.086360548655,35.8633254798681
MA010120220807263155,전주유성LPG충전소,,G2,소매,G214,연료 소매,G21402,가스 충전소,G47712,운송장비용 가스 충전업,52,전북특별자치도,52111,전주시 완산구,52111650,동서학동,5211114400,색장동,5211114400105760000,1,대지,576,,전북특별자치도 전주시 완산구 색장동 576,521113266092,전북특별자치도 전주시 완산구 춘향로,4981,,4511114400105790004016460,외,전북특별자치도 전주시 완산구 춘향로 4981,560120,55117,,,,127.194047825661,35.7870254495355
MA010120220807287338,일진엘피지충전소유,,G2,소매,G214,연료 소매,G21402,가스 충전소,G47712,운송장비용 가스 충전업,52,전북특별자치도,52111,전주시 완산구,52111703,삼천3동,5211113500,중인동,5211113500101260000,1,대지,126,,전북특별자치도 전주시 완산구 중인동 126,521113266091,전북특별자치도 전주시 완산구 우림로,1084,,4511113500101260000032381,,전북특별자치도 전주시 완산구 우림로 1084,560295,55074,,,,127.107244919691,35.7831686254781
MA010120220807261818,소양사랑LPG충전소,,G2,소매,G214,연료 소매,G21402,가스 충전소,G47712,운송장비용 가스 충전업,52,전북특별자치도,52710,완주군,52710340,소양면,5271034026,소양면,5271034026107830005,1,대지,783,5,전북특별자치도 완주군 소양면 해월리 783-5,527103267080,전북특별자치도 완주군 소양면 전진로,891,,4571034026107830005013823,,전북특별자치도 완주군 소양면 전진로 891,565844,55347,,,,127.257103532834,35.8542761907991
MA010120220807290594,동신산업동신LPG충전소완주지점,,G2,소매,G214,연료 소매,G21402,가스 충전소,G47712,운송장비용 가스 충전업,52,전북특별자치도,52710,완주군,52710253,봉동읍,5271025334,봉동읍,5271025334101460000,1,대지,146,,전북특별자치도 완주군 봉동읍 구만리 146,527103267079,전북특별자치도 완주군 봉동읍 완주로,539,,4571025334101460000013973,외,전북특별자치도 완주군 봉동읍 완주로 539,565901,55351,,,,127.160629666278,35.9122320533892
MA010120220807285936,한국하나로가스,,G2,소매,G214,연료 소매,G21402,가스 충전소,G47712,운송장비용 가스 충전업,52,전북특별자치도,52710,완주군,52710253,봉동읍,5271025323,봉동읍,5271025323106540001,1,대지,654,1,전북특별자치도 완주군 봉동읍 구암리 654-1,527104619028,전북특별자치도 완주군 봉동읍 구정1길,81,,4571025323106540001000001,,전북특별자치도 완주군 봉동읍 구정1길 81,565902,55332,,,,127.104858895007,35.9452251638715
MA010120220807272667,충남에너지,,G2,소매,G214,연료 소매,G21402,가스 충전소,G47712,운송장비용 가스 충전업,44,충청남도,44270,당진시,44270370,우강면,4427037032,우강면,4427037032100140004,1,대지,14,4,충청남도 당진시 우강면 성원리 14-4,442703265104,충청남도 당진시 우강면 평야2로,252,,4483037032100140004017878,,충청남도 당진시 우강면 평야2로 252,343912,31753,,,,126.805447836616,36.8251277968445
MA010120220807277261,삼례LPG충전소,,G2,소매,G214,연료 소매,G21402,가스 충전소,G47712,운송장비용 가스 충전업,52,전북특별자치도,52710,완주군,52710250,삼례읍,5271025021,삼례읍,5271025021107940003,1,대지,794,3,전북특별자치도 완주군 삼례읍 삼례리 794-3,527103016035,전북특별자치도 완주군 삼례읍 삼례로,297,,4571025021107940003000001,,전북특별자치도 완주군 삼례읍 삼례로 297,565802,55343,,,,127.075848090551,35.904267397583
MA010120220807277346,삼봉에너지,,G2,소매,G214,연료 소매,G21402,가스 충전소,G47712,운송장비용 가스 충전업,52,전북특별자치도,52710,완주군,52710250,삼례읍,5271025028,삼례읍,5271025028103590000,1,대지,359,,전북특별자치도 완주군 삼례읍 신탁리 359,527103016032,전북특별자치도 완주군 삼례읍 과학로,509,,4571025028103590000004956,,전북특별자치도 완주군 삼례읍 과학로 509,565801,55335,,,,127.124726366222,35.9139239945499
MA010120220807288704,제일씨엔지에너지유,,G2,소매,G214,연료 소매,G21402,가스 충전소,G47712,운송장비용 가스 충전업,52,전북특별자치도,52111,전주시 완산구,52111692,평화2동,5211113400,평화동3가,5211113400102640013,1,대지,264,13,전북특별자치도 전주시 완산구 평화동3가 264-13,521113266015,전북특별자치도 전주시 완산구 난전들로,59,,4511113400102640013000001,,전북특별자치도 전주시 완산구 난전들로 59,560283,55141,,,,127.122312449195,35.7777826979939
MA010120220807291071,스카이비,,G2,소매,G214,연료 소매,G21402,가스 충전소,G47712,운송장비용 가스 충전업,41,경기도,41390,시흥시,41390592,정왕2동,4139013200,정왕동,4139013200121670012,1,대지,2167,12,경기도 시흥시 정왕동 2167-12,413903199059,경기도 시흥시 희망공원로,276,,4139013200121670012000001,,경기도 시흥시 희망공원로 276,429452,15082,,,,126.726379482137,37.34488757842
MA010120220807275345,경기장LPG충전소,,G2,소매,G214,연료 소매,G21402,가스 충전소,G47712,운송장비용 가스 충전업,52,전북특별자치도,52113,전주시 덕진구,52113665,여의동,5211313200,장동,5211313200107020004,1,대지,702,4,전북특별자치도 전주시 덕진구 장동 702-4,521134601374,전북특별자치도 전주시 덕진구 원반월길,106,,4511313200107020004034263,,전북특별자치도 전주시 덕진구 원반월길 106,561330,54810,,,,127.061870508741,35.8645122176669
MA010120220807289256,전주개인택시신용협동조합LPG충전소,,G2,소매,G214,연료 소매,G21402,가스 충전소,G47712,운송장비용 가스 충전업,52,전북특별자치도,52111,전주시 완산구,52111730,효자5동,5211114200,효자동3가,5211114200108440003,1,대지,844,3,전북특별자치도 전주시 완산구 효자동3가 844-3,521113266051,전북특별자치도 전주시 완산구 온고을로,180,,4511114200108440003000715,,전북특별자치도 전주시 완산구 온고을로 180,560869,54884,,,,127.104285169257,35.8374091662019
MA010120220807326426,월드컵충전소,,G2,소매,G214,연료 소매,G21402,가스 충전소,G47712,운송장비용 가스 충전업,52,전북특별자치도,52140,익산시,52140656,신동,5214012000,신용동,5214012000101180026,1,대지,118,26,전북특별자치도 익산시 신용동 118-26,521402269001,전북특별자치도 익산시 익산대로,621,,4514012000101180026064083,,전북특별자치도 익산시 익산대로 621,570974,54535,,,,126.956212294552,35.9811593373112
MA010120220807320137,제일충전소,,G2,소매,G214,연료 소매,G21402,가스 충전소,G47712,운송장비용 가스 충전업,52,전북특별자치도,52210,김제시,52210510,요촌동,5221011200,하동,5221011200103440000,1,대지,344,,전북특별자치도 김제시 하동 344,522103016029,전북특별자치도 김제시 하공로,83,,4521011200103440000051677,,전북특별자치도 김제시 하공로 83,576806,54365,,,,126.890584445532,35.8174327005396
MA010120220807311277,서해고속LPG충전소,,G2,소매,G214,연료 소매,G21402,가스 충전소,G47712,운송장비용 가스 충전업,52,전북특별자치도,52140,익산시,52140656,신동,5214012000,신용동,5214012000103690002,1,대지,369,2,전북특별자치도 익산시 신용동 369-2,521403016011,전북특별자치도 익산시 무왕로,801,,4514012000103690002068937,,전북특별자치도 익산시 무왕로 801,570975,54535,,,,126.947984415114,35.9648075999813
MA010120220807309786,호남제일충전소,,G2,소매,G214,연료 소매,G21402,가스 충전소,G47712,운송장비용 가스 충전업,52,전북특별자치도,52140,익산시,52140310,오산면,5214031022,오산면,5214031022101200000,1,대지,120,,전북특별자치도 익산시 오산면 장신리 120,521403016003,전북특별자치도 익산시 오산면 군익로,365,,4514031022101200000098910,,전북특별자치도 익산시 오산면 군익로 365,570922,54669,,,,126.927602058149,35.9473760621417
MA010120220807328258,신성충전소,,G2,소매,G214,연료 소매,G21402,가스 충전소,G47712,운송장비용 가스 충전업,46,전라남도,46170,나주시,46170360,다시면,4617036023,다시면,4617036023101560003,1,대지,156,3,전라남도 나주시 다시면 가운리 156-3,461703281095,전라남도 나주시 다시면 영산로,4837,,4617036023101560003053809,,전라남도 나주시 다시면 영산로 4837,520931,58279,,,,126.670246326097,35.0127403491816
MA010120220807325828,우리LPG충전소,,G2,소매,G214,연료 소매,G21402,가스 충전소,G47712,운송장비용 가스 충전업,52,전북특별자치도,52210,김제시,52210420,금구면,5221042028,금구면,5221042028100730006,1,대지,73,6,전북특별자치도 김제시 금구면 산동리 73-6,522103272091,전북특별자치도 김제시 금구면 선비로,986,,4521042028100730006042498,,전북특별자치도 김제시 금구면 선비로 986,576942,54341,,,,127.023028955545,35.7848815838858
MA010120220807307383,전북가스,,G2,소매,G214,연료 소매,G21402,가스 충전소,G47712,운송장비용 가스 충전업,52,전북특별자치도,52140,익산시,52140670,팔봉동,5214013000,은기동,5214013000105340001,1,대지,534,1,전북특별자치도 익산시 은기동 534-1,521404608016,전북특별자치도 익산시 은기길,187,,4514013000105340001047203,,전북특별자치도 익산시 은기길 187,570997,54569,,,,127.007995209658,35.9865474411268
MA010120220807358450,변산대박LPG충전소,,G2,소매,G214,연료 소매,G21402,가스 충전소,G47712,운송장비용 가스 충전업,52,전북특별자치도,52800,부안군,52800360,변산면,5280036024,변산면,5280036024104380025,1,대지,438,25,전북특별자치도 부안군 변산면 운산리 438-25,528003280035,전북특별자치도 부안군 변산면 변산로,2409,,4580036024104380025000001,,전북특별자치도 부안군 변산면 변산로 2409,579854,56339,,,,126.511787816764,35.6606447536948
MA010120220807337267,이리가스유,,G2,소매,G214,연료 소매,G21402,가스 충전소,G47712,운송장비용 가스 충전업,52,전북특별자치도,52140,익산시,52140670,팔봉동,5214012400,신흥동,5214012400108560004,1,대지,856,4,전북특별자치도 익산시 신흥동 856-4,521403269028,전북특별자치도 익산시 약촌로,53,,4514012400108560004061634,,전북특별자치도 익산시 약촌로 53,570977,54614,,,,126.977403139742,35.9383833453823
MA010120220807355279,공단LPG충전소,,G2,소매,G214,연료 소매,G21402,가스 충전소,G47712,운송장비용 가스 충전업,52,전북특별자치도,52180,정읍시,52180310,북면,5218031022,북면,5218031022103630002,1,대지,363,2,전북특별자치도 정읍시 북면 승부리 363-2,521803270020,전북특별자치도 정읍시 북면 서부산업도로,695,,4518031022103630002080862,,전북특별자치도 정읍시 북면 서부산업도로 695,580813,56136,,,,126.875743061556,35.5983538860098
MA010120220807357294,하북충전소,,G2,소매,G214,연료 소매,G21402,가스 충전소,G47712,운송장비용 가스 충전업,52,전북특별자치도,52180,정읍시,52180510,수성동,5218012100,하북동,5218012100101910017,1,대지,191,17,전북특별자치도 정읍시 하북동 191-17,521803270020,전북특별자치도 정읍시 서부산업도로,552,,4518012100101910012000001,,전북특별자치도 정읍시 서부산업도로 552,580802,56170,,,,126.863939526582,35.5893642500196
MA010120220807339761,현대종합에너지유,,G2,소매,G214,연료 소매,G21402,가스 충전소,G47712,운송장비용 가스 충전업,52,전북특별자치도,52140,익산시,52140670,팔봉동,5214013600,석암동,5214013600103890075,1,대지,389,75,전북특별자치도 익산시 석암동 389-75,521403269056,전북특별자치도 익산시 석암로,169,,4514013600103890075000001,,전북특별자치도 익산시 석암로 169,570997,54589,,,,127.008700136863,35.943053594127
MA010120220807339941,승민에너지주,,G2,소매,G214,연료 소매,G21402,가스 충전소,G47712,운송장비용 가스 충전업,52,전북특별자치도,52140,익산시,52140250,함열읍,5214025021,함열읍,5214025021103260023,1,대지,326,23,전북특별자치도 익산시 함열읍 와리 326-23,521402269001,전북특별자치도 익산시 함열읍 익산대로,1901,,4514025021103260023044016,,전북특별자치도 익산시 함열읍 익산대로 1901,570804,54511,,,,126.966046233151,36.0877958841388
MA010120220807350067,신태인LPG충전소,,G2,소매,G214,연료 소매,G21402,가스 충전소,G47712,운송장비용 가스 충전업,52,전북특별자치도,52180,정읍시,52180250,신태인읍,5218025027,신태인읍,5218025027100380010,1,대지,38,10,전북특별자치도 정읍시 신태인읍 연정리 38-10,521803270002,전북특별자치도 정읍시 신태인읍 감곡로,63,,4518025027100380010063130,,전북특별자치도 정읍시 신태인읍 감곡로 63,580901,56105,,,,126.896803465214,35.6973800515459
MA010120220807362105,내장가스충전소,,G2,소매,G214,연료 소매,G21402,가스 충전소,G47712,운송장비용 가스 충전업,52,전북특별자치도,52180,정읍시,52180535,내장상동,5218010300,상동,5218010300100080001,1,대지,8,1,전북특별자치도 정읍시 상동 8-1,521803270007,전북특별자치도 정읍시 내장산로,21,,4518010300100080003009651,,전북특별자치도 정읍시 내장산로 21,580800,56195,,,,126.875833348527,35.5541633999113
MA010120220807343337,지에스칼텍스익산충전소,,G2,소매,G214,연료 소매,G21402,가스 충전소,G47712,운송장비용 가스 충전업,52,전북특별자치도,52140,익산시,52140570,동산동,5214012500,금강동,5214012500109510003,1,대지,951,3,전북특별자치도 익산시 금강동 951-3,521403269019,전북특별자치도 익산시 서동로,210,,4514012500109510003076597,,전북특별자치도 익산시 서동로 210,570959,54614,,,,126.973513313241,35.9381752642396
MA010120220807350133,서림LPG충전소,,G2,소매,G214,연료 소매,G21402,가스 충전소,G47712,운송장비용 가스 충전업,52,전북특별자치도,52800,부안군,52800250,부안읍,5280025022,부안읍,5280025022104550046,1,대지,455,46,전북특별자치도 부안군 부안읍 서외리 455-46,528003280067,전북특별자치도 부안군 부안읍 오리정로,42,,4580025022104550046023462,,전북특별자치도 부안군 부안읍 오리정로 42,579803,56312,,,,126.726431234797,35.7228988762506
MA010120220807362265,호남가스충전소,,G2,소매,G214,연료 소매,G21402,가스 충전소,G47712,운송장비용 가스 충전업,52,전북특별자치도,52180,정읍시,52180565,초산동,5218010400,시기동,5218010400105270007,1,대지,527,7,전북특별자치도 정읍시 시기동 527-7,521803270037,전북특별자치도 정읍시 정읍남로,1309,,4518010400105270007011250,,전북특별자치도 정읍시 정읍남로 1309,580808,56200,,,,126.845450408295,35.5586257684038
MA010120220807343339,삼화에너지,익산지점,G2,소매,G214,연료 소매,G21402,가스 충전소,G47712,운송장비용 가스 충전업,52,전북특별자치도,52140,익산시,52140250,함열읍,5214025021,함열읍,5214025021106240012,1,대지,624,12,전북특별자치도 익산시 함열읍 와리 624-12,521403269043,전북특별자치도 익산시 함열읍 함열로,25,,4514025021106240012040632,,전북특별자치도 익산시 함열읍 함열로 25,570805,54511,,,,126.957791580983,36.0762486156045
MA010120220807343403,삼화에너지함열충전소주,,G2,소매,G214,연료 소매,G21402,가스 충전소,G47712,운송장비용 가스 충전업,52,전북특별자치도,52140,익산시,52140250,함열읍,5214025021,함열읍,5214025021103260023,1,대지,326,23,전북특별자치도 익산시 함열읍 와리 326-23,521402269001,전북특별자치도 익산시 함열읍 익산대로,1901,,4514025021103260023044016,,전북특별자치도 익산시 함열읍 익산대로 1901,570804,54511,,,,126.966046233151,36.0877958841388
MA010120220808697967,상동LPG충전소,,G2,소매,G214,연료 소매,G21402,가스 충전소,G47712,운송장비용 가스 충전업,27,대구광역시,27260,수성구,27260620,상동,2726010900,상동,2726010900106750011,1,대지,675,11,대구광역시 수성구 상동 675-11,272603007020,대구광역시 수성구 신천동로,51,,2726010900106750012002076,,대구광역시 수성구 신천동로 51,706830,42166,,,,128.607658847755,35.8294313046626
MA010120220808711967,수경자동차매매상사,,G2,소매,G214,연료 소매,G21402,가스 충전소,G47712,운송장비용 가스 충전업,48,경상남도,48330,양산시,48330340,하북면,4833034028,하북면,4833034028104120000,1,대지,412,,경상남도 양산시 하북면 용연리 412,483302000032,경상남도 양산시 하북면 양산대로,2057,,4833034028104120000000003,,경상남도 양산시 하북면 양산대로 2057,626862,50509,,1,,129.072402105403,35.4477549971924
MA010120220808769052,망우충전소,,G2,소매,G214,연료 소매,G21402,가스 충전소,G47712,운송장비용 가스 충전업,11,서울특별시,11260,중랑구,11260655,망우본동,1126010500,망우동,1126010500103400016,1,대지,340,16,서울특별시 중랑구 망우동 340-16,112603005032,서울특별시 중랑구 망우로,449,,1126010500103400016000001,,서울특별시 중랑구 망우로 449,131803,02059,,,,127.101872330513,37.6006685255462
MA010120220808751365,방화동LPG충전소,,G2,소매,G214,연료 소매,G21402,가스 충전소,G47712,운송장비용 가스 충전업,11,서울특별시,11500,강서구,11500641,방화3동,1150010900,방화동,1150010900100450003,1,대지,45,3,서울특별시 강서구 방화동 45-3,115004145401,서울특별시 강서구 양천로27길,261,40,1150010900100450003000001,,서울특별시 강서구 양천로27길 261-40,157845,07518,,,,126.817209082509,37.5851639994269
MA010120220808752242,푸른기업,,G2,소매,G214,연료 소매,G21402,가스 충전소,G47712,운송장비용 가스 충전업,52,전북특별자치도,52111,전주시 완산구,52111692,평화2동,5211113000,석구동,5211113000102310021,1,대지,231,21,전북특별자치도 전주시 완산구 석구동 231-21,521113266089,전북특별자치도 전주시 완산구 모악로,4483,,4511113000102310021000001,,전북특별자치도 전주시 완산구 모악로 4483,560285,55141,,,,127.122688915183,35.7708605835059
MA010120220808802320,평창대관령수소충전소,,G2,소매,G214,연료 소매,G21402,가스 충전소,G47712,운송장비용 가스 충전업,51,강원특별자치도,51760,평창군,51760380,대관령면,5176038024,대관령면,5176038024100140297,1,대지,14,297,강원특별자치도 평창군 대관령면 횡계리 14-297,517603000145,강원특별자치도 평창군 대관령면 경강로,5754,,4276038024100140297010968,,강원특별자치도 평창군 대관령면 경강로 5754,232954,25342,,,,128.758332946701,37.685565543952
MA010120220808802375,더드론,,G2,소매,G214,연료 소매,G21402,가스 충전소,G47712,운송장비용 가스 충전업,29,광주광역시,29200,광산구,29200620,비아동,2920011400,수완동,2920011400101440000,1,대지,144,,광주광역시 광산구 수완동 144,292003163033,광주광역시 광산구 왕버들로,197,,2920011400101440000000001,,광주광역시 광산구 왕버들로 197,506300,62245,,,,126.83194513659,35.2000333360634
MA010120220808800602,현대에너지,,G2,소매,G214,연료 소매,G21402,가스 충전소,G47712,운송장비용 가스 충전업,51,강원특별자치도,51110,춘천시,51110675,강남동,5111012100,온의동,5111012100102280000,1,대지,228,,강원특별자치도 춘천시 온의동 228,511103218036,강원특별자치도 춘천시 춘주로,56,,4211012100102280000000001,,강원특별자치도 춘천시 춘주로 56,200937,24431,,,,127.716299573224,37.8637342845081
MA010120220808792202,동신LPG충전소,논산점,G2,소매,G214,연료 소매,G21402,가스 충전소,G47712,운송장비용 가스 충전업,44,충청남도,44230,논산시,44230350,부적면,4423035021,부적면,4423035021100370016,1,대지,37,16,충청남도 논산시 부적면 마구평리 37-16,442304565150,충청남도 논산시 부적면 남마구평길,15,,4423035021100370016012836,,충청남도 논산시 부적면 남마구평길 15,320862,32917,,,,127.129582265936,36.2138009535483
MA010120220808823903,양평충전소,,G2,소매,G214,연료 소매,G21402,가스 충전소,G47712,운송장비용 가스 충전업,41,경기도,41830,양평군,41830250,양평읍,4183025022,양평읍,4183025022103610004,1,대지,361,4,경기도 양평군 양평읍 오빈리 361-4,418303000145,경기도 양평군 양평읍 경강로,1683,,4183025022103610004027269,,경기도 양평군 양평읍 경강로 1683,476803,12545,,,,127.468324809949,37.5035305096462
MA010120220808834023,의왕충전소,,G2,소매,G214,연료 소매,G21402,가스 충전소,G47712,운송장비용 가스 충전업,41,경기도,41430,의왕시,41430510,고천동,4143010400,왕곡동,4143010400105310006,1,대지,531,6,경기도 의왕시 왕곡동 531-6,414302012008,경기도 의왕시 경수대로,75,,4143010400105310006008798,의왕충전소,경기도 의왕시 경수대로 75,437010,16070,,,,126.980365682193,37.3344080269727
MA010120220800604359,서울숲충전소,,G2,소매,G214,연료 소매,G21402,가스 충전소,G47712,운송장비용 가스 충전업,11,서울특별시,11200,성동구,11200660,성수1가2동,1120011400,성수동1가,1120011400106561119,1,대지,656,1119,서울특별시 성동구 성수동1가 656-1119,112003005011,서울특별시 성동구 왕십리로,124,,1120011400106561119007652,,서울특별시 성동구 왕십리로 124,133924,04789,,,,127.044846621714,37.548806680691
MA010120220800624849,은평뉴타운CNG충전소,,G2,소매,G214,연료 소매,G21402,가스 충전소,G47712,운송장비용 가스 충전업,11,서울특별시,11380,은평구,11380690,진관동,1138011400,진관동,1138011400100360000,1,대지,36,,서울특별시 은평구 진관동 36,113803000008,서울특별시 은평구 통일로,1190,,1138011400100360000000001,은평차고지,서울특별시 은평구 통일로 1190,122200,03300,,,,126.910178312225,37.6463133007213
MA010120220800642877,양주신흥에너지,,G2,소매,G214,연료 소매,G21402,가스 충전소,G47712,운송장비용 가스 충전업,41,경기도,41630,양주시,41630340,장흥면,4163034023,장흥면,4163034023105350032,1,대지,535,32,경기도 양주시 장흥면 부곡리 535-32,416303000136,경기도 양주시 장흥면 호국로,609,,4163034023105350032057656,,경기도 양주시 장흥면 호국로 609,482812,11521,,,,126.981545937591,37.7204154563241
MA010120220800642791,믿음충전소,,G2,소매,G214,연료 소매,G21402,가스 충전소,G47712,운송장비용 가스 충전업,41,경기도,41281,고양시 덕양구,41281590,고양동,4128111700,대자동,4128111700100370000,1,대지,37,,경기도 고양시 덕양구 대자동 37,412813000136,경기도 고양시 덕양구 호국로,1631,,4128111700100370000001502,,경기도 고양시 덕양구 호국로 1631,412800,10283,,,,126.901580208072,37.6961396219009
MA010120220800662249,용대LPG충전소,,G2,소매,G214,연료 소매,G21402,가스 충전소,G47712,운송장비용 가스 충전업,43,충청북도,43130,충주시,43130370,앙성면,4313037030,앙성면,4313037030103550001,1,대지,355,1,충청북도 충주시 앙성면 용대리 355-1,431303238087,충청북도 충주시 앙성면 북부로,1075,,4313037030103550001000001,,충청북도 충주시 앙성면 북부로 1075,380862,27303,,,,127.748116827293,37.102678618261
MA010120220800665024,신흥에너지산업,,G2,소매,G214,연료 소매,G21402,가스 충전소,G47712,운송장비용 가스 충전업,11,서울특별시,11380,은평구,11380640,증산동,1138011000,증산동,1138011000102230018,1,대지,223,18,서울특별시 은평구 증산동 223-18,113803005054,서울특별시 은평구 수색로,199,,1138011000102230008011137,,서울특별시 은평구 수색로 199,122941,03504,,,,126.900319523989,37.5789745089381
MA010120220800665038,연일가스산업주,,G2,소매,G214,연료 소매,G21402,가스 충전소,G47712,운송장비용 가스 충전업,11,서울특별시,11410,서대문구,11410710,북가좌1동,1141011900,북가좌동,1141011900103920027,1,대지,392,27,서울특별시 서대문구 북가좌동 392-27,114103005054,서울특별시 서대문구 수색로,123,,1141011900103920027003490,,서울특별시 서대문구 수색로 123,120817,03715,,,,126.906337614989,37.5736275320854
MA010120220800697827,명화가스주,,G2,소매,G214,연료 소매,G21402,가스 충전소,G47712,운송장비용 가스 충전업,11,서울특별시,11620,관악구,11620585,낙성대동,1162010100,봉천동,1162010100115940008,1,대지,1594,8,서울특별시 관악구 봉천동 1594-8,116203120001,서울특별시 관악구 관악로,96,,1162010100115940008031002,,서울특별시 관악구 관악로 96,151835,08791,,,,126.953491177918,37.4737974280655
MA010120220800761957,한국가스산업,,G2,소매,G214,연료 소매,G21402,가스 충전소,G47712,운송장비용 가스 충전업,41,경기도,41630,양주시,41630330,광적면,4163033024,광적면,4163033024106930014,1,대지,693,14,경기도 양주시 광적면 비암리 693-14,416303206116,경기도 양주시 광적면 부흥로,133,,4163033024106930019000001,,경기도 양주시 광적면 부흥로 133,482845,11424,,,,126.920952369261,37.8081174066754
MA010120220800770147,삼성에너지주,,G2,소매,G214,연료 소매,G21402,가스 충전소,G47712,운송장비용 가스 충전업,43,충청북도,43111,청주시 상당구,43111340,남일면,4311134025,남일면,4311134025102700001,1,대지,270,1,충청북도 청주시 상당구 남일면 은행리 270-1,431113240010,충청북도 청주시 상당구 남일면 교육원로,24,,4371034029002700001067015,,충청북도 청주시 상당구 남일면 교육원로 24,360843,28188,,,,127.557926187755,36.5706562714933
MA010120220800766654,선진버스걸포가스충전소,,G2,소매,G214,연료 소매,G21402,가스 충전소,G47712,운송장비용 가스 충전업,41,경기도,41570,김포시,41570515,김포본동,4157010200,걸포동,4157010200115500062,1,대지,1550,62,경기도 김포시 걸포동 1550-62,415703209002,경기도 김포시 감암로,127,,4157010200115500062052674,,경기도 김포시 감암로 127,415020,10092,,,,126.709381984063,37.6429081852364
MA010120220800761169,한일가스산업주,,G2,소매,G214,연료 소매,G21402,가스 충전소,G47712,운송장비용 가스 충전업,11,서울특별시,11530,구로구,11530530,구로2동,1153010200,구로동,1153010200106000006,1,대지,600,6,서울특별시 구로구 구로동 600-6,115303000028,서울특별시 구로구 경인로,537,,1153010200106000006017284,구로동,서울특별시 구로구 경인로 537,152864,08215,,,,126.877871418196,37.5019179695885
MA010120220800766305,대성산업오류충전소주,,G2,소매,G214,연료 소매,G21402,가스 충전소,G47712,운송장비용 가스 충전업,11,서울특별시,11530,구로구,11530780,오류2동,1153010800,오류동,1153010800100740008,1,대지,74,8,서울특별시 구로구 오류동 74-8,115304148123,서울특별시 구로구 경인로8길,31,,1153010800100740008000001,,서울특별시 구로구 경인로8길 31,152102,08356,,,,126.837652882118,37.4927964172278
MA010120220802329052,금이엘.피.지.충전소,,G2,소매,G214,연료 소매,G21402,가스 충전소,G47712,운송장비용 가스 충전업,41,경기도,41390,시흥시,41390550,매화동,4139011000,금이동,4139011000100810002,1,대지,81,2,경기도 시흥시 금이동 81-2,413903000064,경기도 시흥시 수인로,2681,,4139011000100810002001257,,경기도 시흥시 수인로 2681,429816,14981,,,,126.835606910451,37.4046564975112
MA010120220802368409,한창충전소,,G2,소매,G214,연료 소매,G21402,가스 충전소,G47712,운송장비용 가스 충전업,41,경기도,41273,안산시 단원구,41273610,대부동,4127311200,대부남동,4127311200103090030,1,대지,309,30,경기도 안산시 단원구 대부남동 309-30,412733000118,경기도 안산시 단원구 대선로,419,,4127311200103090030000001,,경기도 안산시 단원구 대선로 419,425340,15645,,,,126.572650128641,37.23666878397
MA010120220802329435,평택금성LPG충전소,,G2,소매,G214,연료 소매,G21402,가스 충전소,G47712,운송장비용 가스 충전업,41,경기도,41220,평택시,41220370,현덕면,4122037030,현덕면,4122037030101810007,1,대지,181,7,경기도 평택시 현덕면 권관리 181-7,412203000117,경기도 평택시 현덕면 서해로,300,,4122037030101810007049396,,경기도 평택시 현덕면 서해로 300,451811,17972,,,,126.915259385516,36.9281084150841
MA010120220802419414,에버충전소,,G2,소매,G214,연료 소매,G21402,가스 충전소,G47712,운송장비용 가스 충전업,41,경기도,41461,용인시 처인구,41461250,포곡읍,4146125021,포곡읍,4146125021101900004,1,대지,190,4,경기도 용인시 처인구 포곡읍 삼계리 190-4,414612012009,경기도 용인시 처인구 포곡읍 백옥대로,1858,,4146125021101900004002600,외,경기도 용인시 처인구 포곡읍 백옥대로 1858,449814,17028,,,,127.23578541818,37.2925109661012
MA010120220802396993,신일LPG충전소,,G2,소매,G214,연료 소매,G21402,가스 충전소,G47712,운송장비용 가스 충전업,41,경기도,41113,수원시 권선구,41113560,서둔동,4111313300,탑동,4111313300104520001,1,대지,452,1,경기도 수원시 권선구 탑동 452-1,411133012005,경기도 수원시 권선구 서부로,1766,,4111313300104520001020791,탑동,경기도 수원시 권선구 서부로 1766,441100,16611,,,,126.972333698891,37.2665763880636
MA010120220802378110,극동산업주,,G2,소매,G214,연료 소매,G21402,가스 충전소,G47712,운송장비용 가스 충전업,41,경기도,41273,안산시 단원구,41273590,선부2동,4127310900,선부동,4127310900110150000,1,대지,1015,,경기도 안산시 단원구 선부동 1015,412733191042,경기도 안산시 단원구 선이로,39,,4127310900110150000001077,,경기도 안산시 단원구 선이로 39,425828,15223,,,,126.800778170654,37.3434504490454
MA010120220802404493,영덕엘피지충전소,,G2,소매,G214,연료 소매,G21402,가스 충전소,G47712,운송장비용 가스 충전업,41,경기도,41463,용인시 기흥구,41463516,영덕1동,4146311100,영덕동,4146311100101750001,1,대지,175,1,경기도 용인시 기흥구 영덕동 175-1,414632012012,경기도 용인시 기흥구 중부대로,131,,4146311100101750001018984,,경기도 용인시 기흥구 중부대로 131,446908,16950,,,,127.082539468599,37.269145847639
MA010120220802407008,경안충전소,,G2,소매,G214,연료 소매,G21402,가스 충전소,G47712,운송장비용 가스 충전업,41,경기도,41461,용인시 처인구,41461253,모현읍,4146125321,모현읍,4146125321107270000,1,대지,727,,경기도 용인시 처인구 모현읍 왕산리 727,414612012009,경기도 용인시 처인구 모현읍 백옥대로,2547,,4146131021107270000038867,,경기도 용인시 처인구 모현읍 백옥대로 2547,449854,17035,,,,127.248257569959,37.3504848378649
MA010120220802380058,시흥에너지주,,G2,소매,G214,연료 소매,G21402,가스 충전소,G47712,운송장비용 가스 충전업,41,경기도,41390,시흥시,41390582,월곶동,4139013100,월곶동,4139013100107650000,1,대지,765,,경기도 시흥시 월곶동 765,413903000020,경기도 시흥시 서해안로,768,,4139013100107650000013299,,경기도 시흥시 서해안로 768,429833,15005,,,,126.745391831063,37.3861428756565
MA010120220802383458,우일에너지,안산지점,G2,소매,G214,연료 소매,G21402,가스 충전소,G47712,운송장비용 가스 충전업,41,경기도,41271,안산시 상록구,41271610,안산동,4127111400,장상동,4127111400104310003,1,대지,431,3,경기도 안산시 상록구 장상동 431-3,412713000064,경기도 안산시 상록구 수인로,1848,,4127111400104310003000001,,경기도 안산시 상록구 수인로 1848,426410,15201,,,,126.871291035588,37.349188617944
MA010120220802383630,케이와이에너지느티나무충전소주,,G2,소매,G214,연료 소매,G21402,가스 충전소,G47712,운송장비용 가스 충전업,41,경기도,41273,안산시 단원구,41273590,선부2동,4127310900,선부동,4127310900101690000,1,대지,169,,경기도 안산시 단원구 선부동 169,412732348121,경기도 안산시 단원구 시흥대로,90,,4127310900101690000000001,,경기도 안산시 단원구 시흥대로 90,425826,15210,,,,126.799970603193,37.3500806530104
MA010120220802410115,그린에너지,,G2,소매,G214,연료 소매,G21402,가스 충전소,G47712,운송장비용 가스 충전업,41,경기도,41111,수원시 장안구,41111560,파장동,4111112900,파장동,4111112900101300000,1,대지,130,,경기도 수원시 장안구 파장동 130,411112012008,경기도 수원시 장안구 경수대로,1196,,4111112900101300000049547,,경기도 수원시 장안구 경수대로 1196,440851,16207,,,,126.98868458773,37.3175327723711
MA010120220802392466,합자회사무궁화에너지,,G2,소매,G214,연료 소매,G21402,가스 충전소,G47712,운송장비용 가스 충전업,51,강원특별자치도,51720,홍천군,51720250,홍천읍,5172025030,홍천읍,5172025030101660027,1,대지,166,27,강원특별자치도 홍천군 홍천읍 하오안리 166-27,517203000146,강원특별자치도 홍천군 홍천읍 설악로,1277,,4272025030101660027010066,,강원특별자치도 홍천군 홍천읍 설악로 1277,250804,25117,,,,127.850184943089,37.6689252278915
MA010120220802389210,다산에너지,,G2,소매,G214,연료 소매,G21402,가스 충전소,G47712,운송장비용 가스 충전업,41,경기도,41133,성남시 중원구,41133670,도촌동,4113310800,갈현동,4113310800103510000,1,대지,351,,경기도 성남시 중원구 갈현동 351,411332012002,경기도 성남시 중원구 경충대로,2558,,4113310800103510000044975,,경기도 성남시 중원구 경충대로 2558,462080,13413,,,,127.166522233633,37.4225657623345
MA010120220802405745,수안엘피지충전소,,G2,소매,G214,연료 소매,G21402,가스 충전소,G47712,운송장비용 가스 충전업,41,경기도,41111,수원시 장안구,41111560,파장동,4111112900,파장동,4111112900100430001,1,대지,43,1,경기도 수원시 장안구 파장동 43-1,411112012008,경기도 수원시 장안구 경수대로,1246,,4111112900100430001076733,,경기도 수원시 장안구 경수대로 1246,440851,16201,,,,126.988367977628,37.3222451475994
MA010120220802413129,그린에너지,,G2,소매,G214,연료 소매,G21402,가스 충전소,G47712,운송장비용 가스 충전업,41,경기도,41463,용인시 기흥구,41463517,영덕2동,4146310400,하갈동,4146310400104040002,1,대지,404,2,경기도 용인시 기흥구 하갈동 404-2,414633012001,경기도 용인시 기흥구 덕영대로,1872,,4146310400104040002020418,,경기도 용인시 기흥구 덕영대로 1872,446930,17098,,,,127.092521215591,37.2539468956855
MA010120220802385110,일신에너지주,,G2,소매,G214,연료 소매,G21402,가스 충전소,G47712,운송장비용 가스 충전업,41,경기도,41271,안산시 상록구,41271600,반월동,4127111000,팔곡일동,4127111000106200000,1,대지,620,,경기도 안산시 상록구 팔곡일동 620,412713000064,경기도 안산시 상록구 수인로,1125,,4127111000106200000000199,,경기도 안산시 상록구 수인로 1125,426200,15526,,,,126.88539229189,37.3015385096797
MA010120220802389289,우리에너지주,,G2,소매,G214,연료 소매,G21402,가스 충전소,G47712,운송장비용 가스 충전업,41,경기도,41271,안산시 상록구,41271600,반월동,4127111100,건건동,4127111100104310004,1,대지,431,4,경기도 안산시 상록구 건건동 431-4,412713000117,경기도 안산시 상록구 서해로,2938,,4127111100104310004000001,,경기도 안산시 상록구 서해로 2938,426210,15521,,,,126.914219825861,37.313258352156
MA010120220802369210,할인마트배터리,,G2,소매,G214,연료 소매,G21402,가스 충전소,G45212,자동차용 전용 신품 부품 판매업,51,강원특별자치도,51130,원주시,51130560,일산동,5113010800,일산동,5113010800102300001,1,대지,230,1,강원특별자치도 원주시 일산동 230-1,511304457510,강원특별자치도 원주시 일산초교길,79,,4213010800102300001011372,,강원특별자치도 원주시 일산초교길 79,220957,26425,,1,,127.944097250436,37.3499422292859
MA010120220802460210,화성융릉LPG충전소,,G2,소매,G214,연료 소매,G21402,가스 충전소,G47712,운송장비용 가스 충전업,41,경기도,41590,화성시,41590570,화산동,4159012600,안녕동,4159012600101880510,1,대지,188,510,경기도 화성시 안녕동 188-510,415903012007,경기도 화성시 효행로,446,,4159012600001880576030777,,경기도 화성시 효행로 446,445380,18324,,,,126.984115463269,37.210605575131
MA010120220802425163,동백LPG충전소,,G2,소매,G214,연료 소매,G21402,가스 충전소,G47712,운송장비용 가스 충전업,41,경기도,41463,용인시 기흥구,41463577,동백3동,4146311500,동백동,4146311500104060008,1,대지,406,8,경기도 용인시 기흥구 동백동 406-8,414632203001,경기도 용인시 기흥구 동백죽전대로,563,,4146311500104060008017649,,경기도 용인시 기흥구 동백죽전대로 563,446911,16992,,,,127.149671830698,37.2887316722125
MA010120220802470344,오산LPG충전소,,G2,소매,G214,연료 소매,G21402,가스 충전소,G47712,운송장비용 가스 충전업,41,경기도,41370,오산시,41370523,대원1동,4137010300,원동,4137010300103850000,1,대지,385,,경기도 오산시 원동 385,413702012013,경기도 오산시 경기대로,146,,4137010300103850000002848,,경기도 오산시 경기대로 146,447805,18144,,,,127.073797596303,37.1375080361411
MA010120220802425884,북수원톨게이트충전소,,G2,소매,G214,연료 소매,G21402,가스 충전소,G47712,운송장비용 가스 충전업,41,경기도,41111,수원시 장안구,41111560,파장동,4111112900,파장동,4111112900101270001,1,대지,127,1,경기도 수원시 장안구 파장동 127-1,411112012008,경기도 수원시 장안구 경수대로,1184,,4111112900101270001049548,파장동,경기도 수원시 장안구 경수대로 1184,440851,16207,,,,126.988763714284,37.3164875803806
MA010120220802437909,신갈자동차충전소,,G2,소매,G214,연료 소매,G21402,가스 충전소,G47712,운송장비용 가스 충전업,41,경기도,41463,용인시 기흥구,41463590,보정동,4146311800,보정동,4146311800110190243,1,대지,1019,243,경기도 용인시 기흥구 보정동 1019-243,414634412219,경기도 용인시 기흥구 용구대로2469번길,51,,4146311800106140006023514,,경기도 용인시 기흥구 용구대로2469번길 51,446855,16907,,,,127.104729306569,37.3112247823892
MA010120220802519147,극동에너비스신도시충전소,,G2,소매,G214,연료 소매,G21402,가스 충전소,G47712,운송장비용 가스 충전업,41,경기도,41570,김포시,41570575,마산동,4157010800,마산동,4157010800106220003,1,대지,622,3,경기도 김포시 마산동 622-3,415703209023,경기도 김포시 김포한강3로,390,,4157010800106220003000001,,경기도 김포시 김포한강3로 390,415090,10066,,,,126.648540663692,37.642120948271
MA010120220802481614,대호에너지주,,G2,소매,G214,연료 소매,G21402,가스 충전소,G47712,운송장비용 가스 충전업,41,경기도,41463,용인시 기흥구,41463517,영덕2동,4146311100,영덕동,4146311100101040006,1,대지,104,6,경기도 용인시 기흥구 영덕동 104-6,414632012012,경기도 용인시 기흥구 중부대로,208,,4146311100101040006018978,,경기도 용인시 기흥구 중부대로 208,446908,17095,,,,127.090445135067,37.2711133515922
MA010120220802489105,몬타나파트너스,,G2,소매,G214,연료 소매,G21402,가스 충전소,M71531,경영 컨설팅업,41,경기도,41117,수원시 영통구,41117600,광교1동,4111710300,이의동,4111710300113220001,1,대지,1322,1,경기도 수원시 영통구 이의동 1322-1,411173177021,경기도 수원시 영통구 광교로,156,,4111710300113220001000001,광교비즈니스센터,경기도 수원시 영통구 광교로 156,443270,16506,,,,127.049386488227,37.2938437889905
MA010120220802516799,다원에프엔씨,,G2,소매,G214,연료 소매,G21402,가스 충전소,G47712,운송장비용 가스 충전업,41,경기도,41590,화성시,41590256,우정읍,4159025622,우정읍,4159025622100890001,1,대지,89,1,경기도 화성시 우정읍 호곡리 89-1,415904431364,경기도 화성시 우정읍 호곡길,84,,4159025622100890001012111,,경기도 화성시 우정읍 호곡길 84,445956,18558,,,,126.785915779972,37.1200733572484
MA010120220802485720,한미석유기흥주유소주,,G2,소매,G214,연료 소매,G21402,가스 충전소,G47712,운송장비용 가스 충전업,41,경기도,41463,용인시 기흥구,41463540,기흥동,4146310700,공세동,4146310700102600001,1,대지,260,1,경기도 용인시 기흥구 공세동 260-1,414633204006,경기도 용인시 기흥구 공세로,173,,4146310700102600001222808,,경기도 용인시 기흥구 공세로 173,446902,17100,,,,127.104321399026,37.2363757270743
MA010120220802479622,한진가스주,,G2,소매,G214,연료 소매,G21402,가스 충전소,G47712,운송장비용 가스 충전업,41,경기도,41461,용인시 처인구,41461526,삼가동,4146110300,삼가동,4146110300102500007,1,대지,250,7,경기도 용인시 처인구 삼가동 250-7,414612012012,경기도 용인시 처인구 중부대로,1148,,4146110300102500007029061,,경기도 용인시 처인구 중부대로 1148,449060,17091,,,,127.172801839981,37.239548375779
MA010120220802511831,경북가스및경북건설,,G2,소매,G214,연료 소매,G21402,가스 충전소,G47712,운송장비용 가스 충전업,47,경상북도,47280,문경시,47280580,점촌2동,4728010200,영신동,4728010200104490001,1,대지,449,1,경상북도 문경시 영신동 449-1,472804736485,경상북도 문경시 영신영강길,16,,4728010200104490001003002,,경상북도 문경시 영신영강길 16,745220,36946,,,,128.213646481678,36.588806804178
MA010120220802518034,성남수소충전소,,G2,소매,G214,연료 소매,G21402,가스 충전소,G47712,운송장비용 가스 충전업,41,경기도,41133,성남시 중원구,41133670,도촌동,4113310800,갈현동,4113310800105460007,1,대지,546,7,경기도 성남시 중원구 갈현동 546-7,411332012002,경기도 성남시 중원구 경충대로,2659,,4113310800105460009000001,,경기도 성남시 중원구 경충대로 2659,462080,13417,,,,127.15522307371,37.4216621009498
MA010120220802521342,복지제5충전소,,G2,소매,G214,연료 소매,G21402,가스 충전소,G47712,운송장비용 가스 충전업,11,서울특별시,11500,강서구,11500640,방화2동,1150011000,개화동,1150011000105090004,1,대지,509,4,서울특별시 강서구 개화동 509-4,115003000011,서울특별시 강서구 개화동로,416,,1150011000105090002000002,외,서울특별시 강서구 개화동로 416,157222,07505,,,,126.801793277163,37.574921865812
MA010120220802483681,북문가스주,,G2,소매,G214,연료 소매,G21402,가스 충전소,G47712,운송장비용 가스 충전업,41,경기도,41111,수원시 장안구,41111580,영화동,4111113400,영화동,4111113400103650001,1,대지,365,1,경기도 수원시 장안구 영화동 365-1,411114322402,경기도 수원시 장안구 팔달로247번길,1,,4111113400103650001040841,,경기도 수원시 장안구 팔달로247번길 1,440819,16270,,,,127.012100455243,37.2884112040792
MA010120220802498542,미래충전소,,G2,소매,G214,연료 소매,G21402,가스 충전소,G47712,운송장비용 가스 충전업,44,충청남도,44800,홍성군,44800256,홍북읍,4480025633,홍북읍,4480025633100310007,1,대지,31,7,충청남도 홍성군 홍북읍 대인리 31-7,448003252053,충청남도 홍성군 홍북읍 충서로,2414,,4480031033100310007041331,,충청남도 홍성군 홍북읍 충서로 2414,350833,32279,,,,126.74397771564,36.6365509443075
MA010120220804066713,우신씨엔지,,G2,소매,G214,연료 소매,G21402,가스 충전소,G47712,운송장비용 가스 충전업,11,서울특별시,11650,서초구,11650610,방배2동,1165010100,방배동,1165010100129220003,1,대지,2922,3,서울특별시 서초구 방배동 2922-3,116502000004,서울특별시 서초구 과천대로,802,,1165010100129220003000001,,서울특별시 서초구 과천대로 802,137062,06761,,,,126.988617410884,37.4635164882288
MA010120220804127049,경기에너지,,G2,소매,G214,연료 소매,G21402,가스 충전소,G47712,운송장비용 가스 충전업,11,서울특별시,11740,강동구,11740650,성내2동,1174010800,성내동,1174010800100190001,1,대지,19,1,서울특별시 강동구 성내동 19-1,117402000008,서울특별시 강동구 천호대로,1056,,1174010800100190001005056,,서울특별시 강동구 천호대로 1056,134840,05380,,,,127.128973683059,37.5365272140592
MA010120220804156512,진양가스,,G2,소매,G214,연료 소매,G21402,가스 충전소,G47712,운송장비용 가스 충전업,11,서울특별시,11680,강남구,11680655,도곡1동,1168011800,도곡동,1168011800105520004,1,대지,552,4,서울특별시 강남구 도곡동 552-4,116803122012,서울특별시 강남구 도곡로,142,,1168011800105520004000179,,서울특별시 강남구 도곡로 142,135858,06260,,,,127.035777047781,37.4905509184745
MA010120220804157711,배성에너지대저충전소,,G2,소매,G214,연료 소매,G21402,가스 충전소,G47712,운송장비용 가스 충전업,26,부산광역시,26440,강서구,26440510,대저1동,2644010100,대저1동,2644010100127870002,1,대지,2787,2,부산광역시 강서구 대저1동 2787-2,264403130034,부산광역시 강서구 체육공원로,24,,2644010100123270041000001,,부산광역시 강서구 체육공원로 24,618803,46703,,,,128.974895328629,35.2062852855473
MA010120220804198406,에스케이에너지,,G2,소매,G214,연료 소매,G21402,가스 충전소,G47712,운송장비용 가스 충전업,11,서울특별시,11470,양천구,11470580,신월3동,1147010300,신월동,1147010300102070060,1,대지,207,60,서울특별시 양천구 신월동 207-60,114704142055,서울특별시 양천구 남부순환로64길,25,,1147010300102070060012720,,서울특별시 양천구 남부순환로64길 25,158830,07916,,1,,126.832963853869,37.5266495973386
MA010120220805575705,파주가스충전소,,G2,소매,G214,연료 소매,G21402,가스 충전소,G47712,운송장비용 가스 충전업,43,충청북도,43750,진천군,43750253,덕산읍,4375025332,덕산읍,4375025332102490000,1,대지,249,,충청북도 진천군 덕산읍 합목리 249,437503014045,충청북도 진천군 덕산읍 덕금로,711,,4375031032102490000021225,,충청북도 진천군 덕산읍 덕금로 711,365843,27856,,,,127.498020976726,36.9083250114012
MA010120220805580086,금정LPG충전소,,G2,소매,G214,연료 소매,G21402,가스 충전소,G47712,운송장비용 가스 충전업,43,충청북도,43750,진천군,43750330,문백면,4375033031,문백면,4375033031101000014,1,대지,100,14,충청북도 진천군 문백면 태락리 100-14,437503014047,충청북도 진천군 문백면 생거진천로,747,,4375033031101000014027703,,충청북도 진천군 문백면 생거진천로 747,365863,27865,,,,127.432527963391,36.8134347463071
MA010120220805588344,동광에너지,,G2,소매,G214,연료 소매,G21402,가스 충전소,G47712,운송장비용 가스 충전업,43,충청북도,43113,청주시 흥덕구,43113760,강서1동,4311312400,지동동,4311312400107640005,1,대지,764,5,충청북도 청주시 흥덕구 지동동 764-5,431133236058,충청북도 청주시 흥덕구 직지대로,52,,4311312400107640005026057,,충청북도 청주시 흥덕구 직지대로 52,361400,28359,,,,127.399045264566,36.6454664196287
MA010120220805588554,동원가스충전소,,G2,소매,G214,연료 소매,G21402,가스 충전소,G47712,운송장비용 가스 충전업,43,충청북도,43113,청주시 흥덕구,43113700,운천.신봉동,4311310500,신봉동,4311310500100440002,1,대지,44,2,충청북도 청주시 흥덕구 신봉동 44-2,431133236001,충청북도 청주시 흥덕구 1순환로,404,,4311310500100440002015137,,충청북도 청주시 흥덕구 1순환로 404,361839,28456,,,,127.471354991871,36.6550515631889
MA010120220805578766,괴산가스충전소,,G2,소매,G214,연료 소매,G21402,가스 충전소,G47712,운송장비용 가스 충전업,43,충청북도,43760,괴산군,43760250,괴산읍,4376025030,괴산읍,4376025030101080001,1,대지,108,1,충청북도 괴산군 괴산읍 대사리 108-1,437603246023,충청북도 괴산군 괴산읍 읍내로,171,,4376025030101080001200311,,충청북도 괴산군 괴산읍 읍내로 171,367804,28036,,,,127.787254406311,36.8006221958173
MA010120220805581204,진천가스,,G2,소매,G214,연료 소매,G21402,가스 충전소,G47712,운송장비용 가스 충전업,43,충청북도,43750,진천군,43750250,진천읍,4375025025,진천읍,4375025025104780002,1,대지,478,2,충청북도 진천군 진천읍 성석리 478-2,437503245021,충청북도 진천군 진천읍 진광로,82,4,4375025025104780002006608,,충청북도 진천군 진천읍 진광로 82-4,365806,27844,,,,127.442096157537,36.8714032869688
MA010120220805568578,명품LPG충전소,,G2,소매,G214,연료 소매,G21402,가스 충전소,G47712,운송장비용 가스 충전업,43,충청북도,43112,청주시 서원구,43112550,산남동,4311210500,미평동,4311210500102290001,1,대지,229,1,충청북도 청주시 서원구 미평동 229-1,431123237039,충청북도 청주시 서원구 산미로,41,,4311310700102290001028303,,충청북도 청주시 서원구 산미로 41,362160,28632,,,,127.468338388214,36.601977890308
MA010120220805636888,삼양가스충전소,,G2,소매,G214,연료 소매,G21402,가스 충전소,G47712,운송장비용 가스 충전업,43,충청북도,43730,옥천군,43730250,옥천읍,4373025038,옥천읍,4373025038100030006,1,대지,3,6,충청북도 옥천군 옥천읍 삼양리 3-6,437303242021,충청북도 옥천군 옥천읍 성왕로,1141,,4373025038100030006015215,,충청북도 옥천군 옥천읍 성왕로 1141,373809,29031,,,,127.566308991818,36.3118052864194
MA010120220805617831,대영에너지주,진천지점,G2,소매,G214,연료 소매,G21402,가스 충전소,G47712,운송장비용 가스 충전업,43,충청북도,43750,진천군,43750250,진천읍,4375025039,진천읍,4375025039103960017,1,대지,396,17,충청북도 진천군 진천읍 상신리 396-17,437503014045,충청북도 진천군 진천읍 덕금로,106,26,4375025039103960015024922,,충청북도 진천군 진천읍 덕금로 106-26,365801,27846,,,,127.462651805478,36.8691443993196
MA010120220805630982,대영가스충전소,,G2,소매,G214,연료 소매,G21402,가스 충전소,G47712,운송장비용 가스 충전업,43,충청북도,43740,영동군,43740250,영동읍,4374025034,영동읍,4374025034104510009,1,대지,451,9,충청북도 영동군 영동읍 주곡리 451-9,437403243060,충청북도 영동군 영동읍 회동로,50,,4374025034104510009001026,,충청북도 영동군 영동읍 회동로 50,370801,29141,,,,127.810190699943,36.1682956283616
MA010120220805635213,우성가스충전소,,G2,소매,G214,연료 소매,G21402,가스 충전소,G47712,운송장비용 가스 충전업,43,충청북도,43740,영동군,43740250,영동읍,4374025029,영동읍,4374025029107170006,1,대지,717,6,충청북도 영동군 영동읍 오탄리 717-6,437403243010,충청북도 영동군 영동읍 난계로,841,,4374025029107170006007520,,충청북도 영동군 영동읍 난계로 841,370806,29136,,1,,127.752816236361,36.1970754017845
MA010120220805612012,삼영가스주,,G2,소매,G214,연료 소매,G21402,가스 충전소,G47712,운송장비용 가스 충전업,43,충청북도,43111,청주시 상당구,43111720,용암1동,4311112400,용암동,4311112400106810003,1,대지,681,3,충청북도 청주시 상당구 용암동 681-3,431113236065,충청북도 청주시 상당구 단재로,172,,4311112400106810003051261,,충청북도 청주시 상당구 단재로 172,360809,28788,,,,127.500046869341,36.6142666633677
MA010120220805612711,남청주가스주,,G2,소매,G214,연료 소매,G21402,가스 충전소,G47712,운송장비용 가스 충전업,43,충청북도,43111,청주시 상당구,43111730,용암2동,4311112600,방서동,4311112600107160000,1,대지,716,,충청북도 청주시 상당구 방서동 716,431113236065,충청북도 청주시 상당구 단재로,348,,4311112700100050021085777,,충청북도 청주시 상당구 단재로 348,360102,28787,,,,127.504231951549,36.5994974980974
MA010120220805618613,동보,,G2,소매,G214,연료 소매,G21402,가스 충전소,G47712,운송장비용 가스 충전업,51,강원특별자치도,51110,춘천시,51110310,동면,5111031022,동면,5111031022105050000,1,대지,505,,강원특별자치도 춘천시 동면 만천리 505,511103218054,강원특별자치도 춘천시 동면 한솔만천로,3,,4211031022105050000070641,,강원특별자치도 춘천시 동면 한솔만천로 3,200852,24213,,,,127.772546848933,37.8763250066643
MA010120220805630259,한밭LPG충전소,,G2,소매,G214,연료 소매,G21402,가스 충전소,G47712,운송장비용 가스 충전업,43,충청북도,43730,옥천군,43730380,군북면,4373038023,군북면,4373038023109970000,1,대지,997,,충청북도 옥천군 군북면 증약리 997,437303000091,충청북도 옥천군 군북면 옥천로,882,,4373038023109970000018070,,충청북도 옥천군 군북면 옥천로 882,373851,29000,,,,127.510902280354,36.3373959341234
MA010120220805609664,오렌지LPG충전소,,G2,소매,G214,연료 소매,G21402,가스 충전소,G47712,운송장비용 가스 충전업,29,광주광역시,29200,광산구,29200550,신흥동,2920010400,신촌동,2920010400106820005,1,대지,682,5,광주광역시 광산구 신촌동 682-5,292002009004,광주광역시 광산구 상무대로,467,,2920010400106820005000001,,광주광역시 광산구 상무대로 467,506810,62362,,,,126.816861865951,35.1440642795429
MA010120220805665137,음성I.C충전소,,G2,소매,G214,연료 소매,G21402,가스 충전소,G47712,운송장비용 가스 충전업,43,충청북도,43770,음성군,43770340,대소면,4377034031,대소면,4377034031106050001,1,대지,605,1,충청북도 음성군 대소면 오류리 605-1,437703014058,충청북도 음성군 대소면 대금로,195,,4377034031106050001170852,,충청북도 음성군 대소면 대금로 195,369824,27659,,,,127.464727663335,36.9802671783741
MA010120220805672301,연수복합충전소,,G2,소매,G214,연료 소매,G21402,가스 충전소,G47712,운송장비용 가스 충전업,43,충청북도,43130,충주시,43130630,연수동,4313011800,연수동,4313011800103150006,1,대지,315,6,충청북도 충주시 연수동 315-6,431302238003,충청북도 충주시 금봉대로,605,,4313011800103150006000001,,충청북도 충주시 금봉대로 605,380961,27344,,,,127.9450282704,36.9887506403144
MA010120220805659451,중원LPGAS충전소,,G2,소매,G214,연료 소매,G21402,가스 충전소,G47712,운송장비용 가스 충전업,43,충청북도,43130,충주시,43130390,금가면,4313039030,금가면,4313039030100440002,1,대지,44,2,충청북도 충주시 금가면 도촌리 44-2,431302238008,충청북도 충주시 금가면 충원대로,1461,,4313039030100440002000001,,충청북도 충주시 금가면 충원대로 1461,380821,27442,,,,127.930500871758,37.0538488583573
MA010120220805677391,국제LPG충전소,,G2,소매,G214,연료 소매,G21402,가스 충전소,G47712,운송장비용 가스 충전업,43,충청북도,43130,충주시,43130625,칠금.금릉동,4313011600,칠금동,4313011600104200190,1,대지,420,190,충청북도 충주시 칠금동 420-190,431302238006,충청북도 충주시 탄금대로,346,,4313011600104200190000001,,충청북도 충주시 탄금대로 346,380964,27440,,,,127.894802198068,36.9863285943438
MA010120220805656443,내수L.P.G충전소,,G2,소매,G214,연료 소매,G21402,가스 충전소,G47712,운송장비용 가스 충전업,43,충청북도,43114,청주시 청원구,43114250,내수읍,4311425035,내수읍,4311425035103810000,1,대지,381,,충청북도 청주시 청원구 내수읍 묵방리 381,431143240029,충청북도 청주시 청원구 내수읍 묵방국동로,12,,4371025035003810000051153,,충청북도 청주시 청원구 내수읍 묵방국동로 12,363931,28154,,,,127.523042387915,36.6955935058497
MA010120220805671646,오생LPG충전소,,G2,소매,G214,연료 소매,G21402,가스 충전소,G47712,운송장비용 가스 충전업,43,충청북도,43770,음성군,43770360,생극면,4377036031,생극면,4377036031100500010,1,대지,50,10,충청북도 음성군 생극면 오생리 50-10,437702246001,충청북도 음성군 생극면 중원대로,7,,4377036031100500010212789,,충청북도 음성군 생극면 중원대로 7,369843,27617,,,,127.657215761647,37.0029115306752
MA010120220805717979,신동가스충전소,,G2,소매,G214,연료 소매,G21402,가스 충전소,G47712,운송장비용 가스 충전업,43,충청북도,43150,제천시,43150547,영서동,4315012600,신동,4315012600101530001,1,대지,153,1,충청북도 제천시 신동 153-1,431503239010,충청북도 제천시 내토로,59,,4315012600101480001010213,,충청북도 제천시 내토로 59,390140,27190,,,,128.164826517489,37.1302399262744
MA010120220805694237,직영충전소,,G2,소매,G214,연료 소매,G21402,가스 충전소,G47712,운송장비용 가스 충전업,52,전북특별자치도,52113,전주시 덕진구,52113670,혁신동,5211313200,장동,5211313200110890000,1,대지,1089,,전북특별자치도 전주시 덕진구 장동 1089,521133016002,전북특별자치도 전주시 덕진구 혁신로,360,,4511313200110890000000001,,전북특별자치도 전주시 덕진구 혁신로 360,561360,54857,,,,127.061779214626,35.8467395093858
MA010120220805701237,일신에너지주,,G2,소매,G214,연료 소매,G21402,가스 충전소,G47712,운송장비용 가스 충전업,43,충청북도,43770,음성군,43770250,음성읍,4377025024,음성읍,4377025024102740004,1,대지,274,4,충청북도 음성군 음성읍 한벌리 274-4,437702014003,충청북도 음성군 음성읍 충청대로,1641,,4377025024102740004006810,,충청북도 음성군 음성읍 충청대로 1641,369803,27689,,,,127.712235254759,36.9454124164835
MA010120220805716280,제천IC충전소,,G2,소매,G214,연료 소매,G21402,가스 충전소,G47712,운송장비용 가스 충전업,43,충청북도,43150,제천시,43150560,용두동,4315012400,왕암동,4315012400104000001,1,대지,400,1,충청북도 제천시 왕암동 400-1,431503239065,충청북도 제천시 제천북로,271,,4315012400104000001039211,,충청북도 제천시 제천북로 271,390250,27116,,,,128.164885620437,37.1539088736583
MA010120220805702056,현대온천가스,,G2,소매,G214,연료 소매,G21402,가스 충전소,G47712,운송장비용 가스 충전업,43,충청북도,43130,충주시,43130325,수안보면,4313032522,수안보면,4313032522104970000,1,대지,497,,충청북도 충주시 수안보면 안보리 497,431304514377,충청북도 충주시 수안보면 동진이1길,61,49,4313032522104970000000001,,충청북도 충주시 수안보면 동진이1길 61-49,380942,27498,,,,128.007089310162,36.8472611360211
MA010120220805720583,단양충전소,,G2,소매,G214,연료 소매,G21402,가스 충전소,G47712,운송장비용 가스 충전업,43,충청북도,43800,단양군,43800250,단양읍,4380025025,단양읍,4380025025100830000,1,대지,83,,충청북도 단양군 단양읍 별곡리 83,438003248030,충청북도 단양군 단양읍 삼봉로,407,,4380025025100830000000001,외,충청북도 단양군 단양읍 삼봉로 407,395805,27010,,,,128.363592548387,36.9904647112705
MA010120220805710636,대동LPG충전소,,G2,소매,G214,연료 소매,G21402,가스 충전소,G47712,운송장비용 가스 충전업,43,충청북도,43150,제천시,43150560,용두동,4315011200,신월동,4315011200111070002,1,대지,1107,2,충청북도 제천시 신월동 1107-2,431502239001,충청북도 제천시 용두대로,356,,4315011200111070002040529,,충청북도 제천시 용두대로 356,390230,27157,,,,128.182619947906,37.1549675982091
MA010120220805710854,제천가스충전소,,G2,소매,G214,연료 소매,G21402,가스 충전소,G47712,운송장비용 가스 충전업,43,충청북도,43150,제천시,43150547,영서동,4315012500,천남동,4315012500102900000,1,대지,290,,충청북도 제천시 천남동 290,431503239010,충청북도 제천시 내토로,156,,4315012500102900000001946,,충청북도 제천시 내토로 156,390130,27189,,,,128.175717918462,37.129411585644
MA010120220805712644,우리충전소,,G2,소매,G214,연료 소매,G21402,가스 충전소,G47712,운송장비용 가스 충전업,43,충청북도,43150,제천시,43150605,화산동,4315012300,산곡동,4315012300101770004,1,대지,177,4,충청북도 제천시 산곡동 177-4,431503239070,충청북도 제천시 청풍호로,360,,4315012300101770004000001,,충청북도 제천시 청풍호로 360,390150,27203,,,,128.198523667327,37.0999003282362
MA010120220805693242,태광에너지,,G2,소매,G214,연료 소매,G21402,가스 충전소,G47712,운송장비용 가스 충전업,41,경기도,41480,파주시,41480253,파주읍,4148025324,파주읍,4148025324109880002,1,대지,988,2,경기도 파주시 파주읍 봉암리 988-2,414803000008,경기도 파주시 파주읍 통일로,1120,,4148025324109880004003371,,경기도 파주시 파주읍 통일로 1120,413861,10839,,,,126.793936540284,37.8086394219622
MA010120220805715251,신단양충전소,,G2,소매,G214,연료 소매,G21402,가스 충전소,G47712,운송장비용 가스 충전업,43,충청북도,43800,단양군,43800250,단양읍,4380025027,단양읍,4380025027102110010,1,대지,211,10,충청북도 단양군 단양읍 상진리 211-10,438003014063,충청북도 단양군 단양읍 단양로,939,,4380025027102110010008853,,충청북도 단양군 단양읍 단양로 939,395806,27027,,,,128.344221590068,36.9766838964441
MA010120220805699037,동원엘피지주,,G2,소매,G214,연료 소매,G21402,가스 충전소,G47712,운송장비용 가스 충전업,43,충청북도,43114,청주시 청원구,43114310,북이면,4311431036,북이면,4311431036100850003,1,대지,85,3,충청북도 청주시 청원구 북이면 옥수리 85-3,431142014003,충청북도 청주시 청원구 북이면 충청대로,1557,,4371043036000850003045264,,충청북도 청주시 청원구 북이면 충청대로 1557,363922,28135,,,,127.565528111261,36.7746519129199
MA010120220805704230,대영에너지주,,G2,소매,G214,연료 소매,G21402,가스 충전소,G47712,운송장비용 가스 충전업,43,충청북도,43770,음성군,43770340,대소면,4377034022,대소면,4377034022100680002,1,대지,68,2,충청북도 음성군 대소면 태생리 68-2,437703014058,충청북도 음성군 대소면 대금로,564,,4377034022100680002170524,,충청북도 음성군 대소면 대금로 564,369824,27662,,,,127.501207357392,36.9665485571836
MA010120220805704234,화령개발공단LPG충전소주,,G2,소매,G214,연료 소매,G21402,가스 충전소,G47712,운송장비용 가스 충전업,43,충청북도,43130,충주시,43130640,목행.용탄동,4313011900,목행동,4313011900100270001,1,대지,27,1,충청북도 충주시 목행동 27-1,431302238002,충청북도 충주시 국원대로,366,,4313011900100270001020900,,충청북도 충주시 국원대로 366,380240,27329,,,,127.930248667222,37.0036896568072
MA010120220807086253,예산에너지,예산지점,G2,소매,G214,연료 소매,G21402,가스 충전소,G47712,운송장비용 가스 충전업,44,충청남도,44810,예산군,44810400,오가면,4481040031,오가면,4481040031105430001,1,대지,543,1,충청남도 예산군 오가면 신원리 543-1,448103252053,충청남도 예산군 오가면 충서로,729,1,4481040031105430001000001,,충청남도 예산군 오가면 충서로 729-1,340914,32424,,,,126.813966801589,36.6858916357068
MA010120220807085675,영도충전소,,G2,소매,G214,연료 소매,G21402,가스 충전소,G47712,운송장비용 가스 충전업,26,부산광역시,26200,영도구,26200550,영선2동,2620011100,영선동4가,2620011100100040000,1,대지,4,,부산광역시 영도구 영선동4가 4,262002128001,부산광역시 영도구 영선대로,41,,2620011100100040000010033,,부산광역시 영도구 영선대로 41,606816,49051,,,,129.040037989417,35.0849981051367
MA010120220807126477,한양종합가스,,G2,소매,G214,연료 소매,G21402,가스 충전소,G47712,운송장비용 가스 충전업,46,전라남도,46170,나주시,46170540,금남동,4617010800,경현동,4617010800103540001,1,대지,354,1,전라남도 나주시 경현동 354-1,461703281095,전라남도 나주시 영산로,5200,,4617010800103540001004069,,전라남도 나주시 영산로 5200,520120,58263,,,,126.703689136696,35.0264824515076
MA010120220807150130,통영관광충전소,,G2,소매,G214,연료 소매,G21402,가스 충전소,G47712,운송장비용 가스 충전업,48,경상남도,48220,통영시,48220310,용남면,4822031022,용남면,4822031022104280001,1,대지,428,1,경상남도 통영시 용남면 동달리 428-1,482202328001,경상남도 통영시 용남면 남해안대로,325,,4822031022104280001013432,,경상남도 통영시 용남면 남해안대로 325,650831,53028,,,,128.449730568165,34.8781958716836
MA010120220807186437,새만금충전소,,G2,소매,G214,연료 소매,G21402,가스 충전소,G47712,운송장비용 가스 충전업,52,전북특별자치도,52130,군산시,52130690,수송동,5213014300,지곡동,5213014300100020006,1,대지,2,6,전북특별자치도 군산시 지곡동 2-6,521303268088,전북특별자치도 군산시 월명로,112,,4513014300100020006001152,,전북특별자치도 군산시 월명로 112,573370,54098,,,,126.716092493268,35.9541188248181
MA010120220807170696,태양벌크에너지,,G2,소매,G214,연료 소매,G21402,가스 충전소,G47712,운송장비용 가스 충전업,27,대구광역시,27720,군위군,27720250,군위읍,2772025023,군위읍,2772025023106710000,1,대지,671,,대구광역시 군위군 군위읍 금구리 671,277202018002,대구광역시 군위군 군위읍 경북대로,3465,,4772025023106710000000001,,대구광역시 군위군 군위읍 경북대로 3465,716802,43122,,,,128.564431461474,36.2140888006942
MA010120220807165217,오드리,,G2,소매,G214,연료 소매,G21402,가스 충전소,G47712,운송장비용 가스 충전업,51,강원특별자치도,51780,철원군,51780259,동송읍,5178025921,동송읍,5178025921106790037,1,대지,679,37,강원특별자치도 철원군 동송읍 이평리 679-37,517804490285,강원특별자치도 철원군 동송읍 이평로53번길,11,,4278025921106790037022428,,강원특별자치도 철원군 동송읍 이평로53번길 11,269816,24015,,1,,127.218274404435,38.2091963900001
MA010120220807218365,한양에너지,,G2,소매,G214,연료 소매,G21402,가스 충전소,G47712,운송장비용 가스 충전업,52,전북특별자치도,52130,군산시,52130720,미성동,5213015100,산북동,5213015100112720001,1,대지,1272,1,전북특별자치도 군산시 산북동 1272-1,521303268008,전북특별자치도 군산시 공항로,141,,4513015100112720001025689,,전북특별자치도 군산시 공항로 141,573876,54161,,,,126.674883162392,35.972381434621
MA010120220807221410,용명에너지직영충전소,,G2,소매,G214,연료 소매,G21402,가스 충전소,G47712,운송장비용 가스 충전업,52,전북특별자치도,52130,군산시,52130310,옥산면,5213031023,옥산면,5213031023107420028,1,대지,742,28,전북특별자치도 군산시 옥산면 쌍봉리 742-28,521303268084,전북특별자치도 군산시 옥산면 옥산로,158,,4513031023107420028000001,,전북특별자치도 군산시 옥산면 옥산로 158,573822,54174,,,,126.747178621351,35.9489972002564
MA010120220807225782,소망까스충전소,,G2,소매,G214,연료 소매,G21402,가스 충전소,G47712,운송장비용 가스 충전업,52,전북특별자치도,52111,전주시 완산구,52111650,동서학동,5211114300,대성동,5211114300104180001,1,대지,418,1,전북특별자치도 전주시 완산구 대성동 418-1,521113266092,전북특별자치도 전주시 완산구 춘향로,5271,,4511114300104180001015552,,전북특별자치도 전주시 완산구 춘향로 5271,560120,55115,,,,127.171986823409,35.8001724101054
MA010120220807218963,씨앤엘개발유,,G2,소매,G214,연료 소매,G21402,가스 충전소,G47712,운송장비용 가스 충전업,52,전북특별자치도,52130,군산시,52130720,미성동,5213015200,내초동,5213015200101050004,1,대지,105,4,전북특별자치도 군산시 내초동 105-4,521303016027,전북특별자치도 군산시 새만금북로,519,,4513015200100960000000001,,전북특별자치도 군산시 새만금북로 519,573530,54158,,,,126.593678210314,35.9493057180966
MA010120220807188754,연안충전소,,G2,소매,G214,연료 소매,G21402,가스 충전소,G47712,운송장비용 가스 충전업,52,전북특별자치도,52130,군산시,52130670,구암동,5213013800,내흥동,5213013800108630037,1,대지,863,37,전북특별자치도 군산시 내흥동 863-37,521303016010,전북특별자치도 군산시 강변로,246,,4513013800108630038023864,연안충전소,전북특별자치도 군산시 강변로 246,573330,54042,,,,126.748140890485,35.9915195158823
MA010120220807203272,에스제이상사국제충전소,,G2,소매,G214,연료 소매,G21402,가스 충전소,G47712,운송장비용 가스 충전업,52,전북특별자치도,52130,군산시,52130702,나운2동,5213014400,나운동,5213014400103280002,1,대지,328,2,전북특별자치도 군산시 나운동 328-2,521303268007,전북특별자치도 군산시 공단대로,393,,4513014400103280002006471,,전북특별자치도 군산시 공단대로 393,573864,54143,,,,126.698726516995,35.9619803308523
MA010120220807209482,금강LPG충전소,,G2,소매,G214,연료 소매,G21402,가스 충전소,G47712,운송장비용 가스 충전업,52,전북특별자치도,52130,군산시,52130360,개정면,5213036021,개정면,5213036021107010004,1,대지,701,4,전북특별자치도 군산시 개정면 아동리 701-4,521303268011,전북특별자치도 군산시 개정면 구암로,224,,4513036021107010004000001,,전북특별자치도 군산시 개정면 구암로 224,573922,54064,,,,126.763320070345,35.9849804323198
MA010120220807217693,와이엔제이에너지,,G2,소매,G214,연료 소매,G21402,가스 충전소,G47712,운송장비용 가스 충전업,52,전북특별자치도,52130,군산시,52130710,소룡동,5213014600,소룡동,5213014600100980000,1,대지,98,,전북특별자치도 군산시 소룡동 98,521304604833,전북특별자치도 군산시 외항6길,6,,4513014600100980000013029,,전북특별자치도 군산시 외항6길 6,573879,54008,,,,126.640201549786,35.9702546827656
MA010120220807206771,세영상사,,G2,소매,G214,연료 소매,G21402,가스 충전소,G47712,운송장비용 가스 충전업,52,전북특별자치도,52130,군산시,52130360,개정면,5213036024,개정면,5213036024101030067,1,대지,103,67,전북특별자치도 군산시 개정면 발산리 103-67,521304604216,전북특별자치도 군산시 개정면 대황4길,9,,4513036024001030067223149,,전북특별자치도 군산시 개정면 대황4길 9,573921,54066,,,,126.793602522446,35.9555839418403
MA010120220808537489,대성LPG충전소,,G2,소매,G214,연료 소매,G21402,가스 충전소,G47712,운송장비용 가스 충전업,29,광주광역시,29170,북구,29170696,양산동,2917012800,양산동,2917012800104090009,1,대지,409,9,광주광역시 북구 양산동 409-9,291704286778,광주광역시 북구 하서로176번길,18,,2917012800104090009029500,,광주광역시 북구 하서로176번길 18,500888,61067,,,,126.878296738839,35.1924182731024
MA010120220808549900,초지대교충전소,,G2,소매,G214,연료 소매,G21402,가스 충전소,G47712,운송장비용 가스 충전업,41,경기도,41570,김포시,41570340,대곶면,4157034033,대곶면,4157034033103900008,1,대지,390,8,경기도 김포시 대곶면 대명리 390-8,415703209038,경기도 김포시 대곶면 대명항로,532,,4157034033103900008006367,,경기도 김포시 대곶면 대명항로 532,415853,10040,,,,126.562870749897,37.646114272322
MA010120220808540704,구리LPG충전소,,G2,소매,G214,연료 소매,G21402,가스 충전소,G47712,운송장비용 가스 충전업,41,경기도,41310,구리시,41310510,갈매동,4131010100,갈매동,4131010100105050000,1,대지,505,,경기도 구리시 갈매동 505,413103197070,경기도 구리시 경춘북로,348,,4131010100101280013000001,,경기도 구리시 경춘북로 348,471859,11901,,,,127.124971496852,37.6399834267084
MA010120220808520410,하은충전소,,G2,소매,G214,연료 소매,G21402,가스 충전소,G47712,운송장비용 가스 충전업,52,전북특별자치도,52111,전주시 완산구,52111703,삼천3동,5211113900,삼천동3가,5211113900102860002,1,대지,286,2,전북특별자치도 전주시 완산구 삼천동3가 286-2,521113266046,전북특별자치도 전주시 완산구 쑥고개로,181,,4511113900102860002000001,,전북특별자치도 전주시 완산구 쑥고개로 181,560293,55071,,,,127.086067027325,35.7965964713344
MA010120220808536184,녹양LPG충전소,,G2,소매,G214,연료 소매,G21402,가스 충전소,G47712,운송장비용 가스 충전업,41,경기도,41150,의정부시,41150620,녹양동,4115011100,녹양동,4115011100100160004,1,대지,16,4,경기도 의정부시 녹양동 16-4,411503215066,경기도 의정부시 평화로,801,,4115011100100160004000001,,경기도 의정부시 평화로 801,480824,11684,,,,127.043341698623,37.7635203015031
MA010120220808520963,희망충전소,,G2,소매,G214,연료 소매,G21402,가스 충전소,G47712,운송장비용 가스 충전업,41,경기도,41590,화성시,41590320,비봉면,4159032024,비봉면,4159032024100040001,1,대지,4,1,경기도 화성시 비봉면 삼화리 4-1,415903210140,경기도 화성시 비봉면 비봉로,487,,4159032024100040001000001,,경기도 화성시 비봉면 비봉로 487,445842,18283,,,,126.850229613438,37.2587899931929
MA010120220808548617,우성LPG충전소,,G2,소매,G214,연료 소매,G21402,가스 충전소,G47712,운송장비용 가스 충전업,41,경기도,41113,수원시 권선구,41113560,서둔동,4111313100,서둔동,4111313100100090028,1,대지,9,28,경기도 수원시 권선구 서둔동 9-28,411133175026,경기도 수원시 권선구 서호동로,65,,4111313100100090028024694,,경기도 수원시 권선구 서호동로 65,441853,16620,,,,126.995400024579,37.2698503120297
MA010120220808569151,동일가스,,G2,소매,G214,연료 소매,G21402,가스 충전소,G47712,운송장비용 가스 충전업,29,광주광역시,29200,광산구,29200670,평동,2920014600,월전동,2920014600101390004,1,대지,139,4,광주광역시 광산구 월전동 139-4,292003163008,광주광역시 광산구 동곡로,456,,2920014600101390004000001,,광주광역시 광산구 동곡로 456,506501,62454,,,,126.779147129171,35.1232250338161
MA010120220808562063,한미석유구성그린LPG충전소,,G2,소매,G214,연료 소매,G21402,가스 충전소,G47712,운송장비용 가스 충전업,41,경기도,41463,용인시 기흥구,41463570,마북동,4146311300,마북동,4146311300105020146,1,대지,502,146,경기도 용인시 기흥구 마북동 502-146,414632012011,경기도 용인시 기흥구 용구대로,2425,,4146311300105020146024616,,경기도 용인시 기흥구 용구대로 2425,446511,16907,,,,127.10556294435,37.3023488446596
MA010120220808576407,에스케이가스충청충전소,,G2,소매,G214,연료 소매,G21402,가스 충전소,G47712,운송장비용 가스 충전업,43,충청북도,43113,청주시 흥덕구,43113760,강서1동,4311313800,비하동,4311313800105150015,1,대지,515,15,충청북도 청주시 흥덕구 비하동 515-15,431134511081,충청북도 청주시 흥덕구 가로수로1086번길,20,,4311313800105150015025794,,충청북도 청주시 흥덕구 가로수로1086번길 20,361825,28375,,,,127.417030802827,36.6254177315733
MA010120220808641947,대구개인택시운송사업조합제6충전소,,G2,소매,G214,연료 소매,G21402,가스 충전소,G47712,운송장비용 가스 충전업,27,대구광역시,27170,서구,27170675,상중이동,2717010600,이현동,2717010600100450217,1,대지,45,217,대구광역시 서구 이현동 45-217,271704229064,대구광역시 서구 국채보상로7길,25,,2717010600100450217001099,외,대구광역시 서구 국채보상로7길 25,703830,41754,,,,128.534837977203,35.870953470868
MA010120220808674364,조일LPG충전소,,G2,소매,G214,연료 소매,G21402,가스 충전소,G47712,운송장비용 가스 충전업,41,경기도,41590,화성시,41590256,우정읍,4159025631,우정읍,4159025631100240004,1,대지,24,4,경기도 화성시 우정읍 화산리 24-4,415903210010,경기도 화성시 우정읍 기아자동차로,649,17,4159025631100240004022834,,경기도 화성시 우정읍 기아자동차로 649-17,445953,18569,,,,126.806672994551,37.0681445078325
MA010120220808682501,복지마곡충전소,,G2,소매,G214,연료 소매,G21402,가스 충전소,G47712,운송장비용 가스 충전업,11,서울특별시,11500,강서구,11500603,가양1동,1150010500,마곡동,1150010500107540000,1,대지,754,,서울특별시 강서구 마곡동 754,115003115008,서울특별시 강서구 양천로,200,,1150010500107540000000001,복지마곡충전소,서울특별시 강서구 양천로 200,157805,07594,,,,126.826103059914,37.5726986843943
MA010120220808687881,대한에너지,,G2,소매,G214,연료 소매,G21402,가스 충전소,G47712,운송장비용 가스 충전업,41,경기도,41461,용인시 처인구,41461540,동부동,4146110700,마평동,4146110700101230000,1,대지,123,,경기도 용인시 처인구 마평동 123,414612012012,경기도 용인시 처인구 중부대로,1788,,4146110700101230000008437,,경기도 용인시 처인구 중부대로 1788,449928,17143,,,,127.242166480812,37.2284521210104
MA010120220800458769,백마산LPG충전소,,G2,소매,G214,연료 소매,G21402,가스 충전소,G47712,운송장비용 가스 충전업,43,충청북도,43770,음성군,43770320,원남면,4377032030,원남면,4377032030111100001,1,대지,1110,1,충청북도 음성군 원남면 문암리 1110-1,437702014003,충청북도 음성군 원남면 충청대로,60,1,4377032030111100001000001,,충청북도 음성군 원남면 충청대로 60-1,369863,27728,,,,127.617438731557,36.8392998228315
MA010120220800477396,대양가스충전소,,G2,소매,G214,연료 소매,G21402,가스 충전소,G47712,운송장비용 가스 충전업,11,서울특별시,11500,강서구,11500605,가양3동,1150010400,가양동,1150010400104490013,1,대지,449,13,서울특별시 강서구 가양동 449-13,115003115008,서울특별시 강서구 양천로,551,,1150010400104490013009477,,서울특별시 강서구 양천로 551,157804,07532,,,,126.860836497,37.5584459412863
MA010120220800530853,청천LPG충전소,,G2,소매,G214,연료 소매,G21402,가스 충전소,G47712,운송장비용 가스 충전업,28,인천광역시,28237,부평구,28237591,청천1동,2823710400,청천동,2823710400100670030,1,대지,67,30,인천광역시 부평구 청천동 67-30,282373154071,인천광역시 부평구 서달로,339,,2823710400100670030000001,외,인천광역시 부평구 서달로 339,403855,21300,,,,126.691555539995,37.5230132280015
MA010120220800539749,대흥에너지산업주,,G2,소매,G214,연료 소매,G21402,가스 충전소,G47712,운송장비용 가스 충전업,11,서울특별시,11500,강서구,11500540,화곡1동,1150010300,화곡동,1150010300108980007,1,대지,898,7,서울특별시 강서구 화곡동 898-7,115004145124,서울특별시 강서구 곰달래로24길,19,,1150010300108980007024835,외,서울특별시 강서구 곰달래로24길 19,157909,07778,,,,126.847234465003,37.5297683617463
MA010120220800528307,부곡.인교.길곡종합가스,,G2,소매,G214,연료 소매,G21402,가스 충전소,G47712,운송장비용 가스 충전업,48,경상남도,48740,창녕군,48740420,부곡면,4874042021,부곡면,4874042021102660001,1,대지,266,1,경상남도 창녕군 부곡면 부곡리 266-1,487403341052,경상남도 창녕군 부곡면 부곡로,82,,4874042021102660001000001,,경상남도 창녕군 부곡면 부곡로 82,635893,50365,,,,128.604319569063,35.4341126064657
MA010120220800548920,피더스이엔에스,,G2,소매,G214,연료 소매,G21402,가스 충전소,G47712,운송장비용 가스 충전업,52,전북특별자치도,52111,전주시 완산구,52111713,효자3동,5211114000,효자동1가,5211114000103620000,1,대지,362,,전북특별자치도 전주시 완산구 효자동1가 362,521113266008,전북특별자치도 전주시 완산구 거마평로,223,,4511114000103620000014971,,전북특별자치도 전주시 완산구 거마평로 223,560855,55050,,,,127.113524185774,35.8120032988255
MA010120220800545722,비케이프라임실업주,,G2,소매,G214,연료 소매,G21402,가스 충전소,G47712,운송장비용 가스 충전업,41,경기도,41196,부천시 오정구,41196550,고강1동,4119610500,고강동,4119610500100370000,1,대지,37,,경기도 부천시 오정구 고강동 37,411962000016,경기도 부천시 오정구 봉오대로,472,,4119910500100370000047456,,경기도 부천시 오정구 봉오대로 472,421800,14403,,,,126.812882198082,37.5361610789253
MA010120220800506334,한경에너지,,G2,소매,G214,연료 소매,G21402,가스 충전소,G47712,운송장비용 가스 충전업,11,서울특별시,11500,강서구,11500640,방화2동,1150011000,개화동,1150011000102150006,1,대지,215,6,서울특별시 강서구 개화동 215-6,115003000011,서울특별시 강서구 개화동로,255,,1150011000102150006000001,,서울특별시 강서구 개화동로 255,157222,07502,,,,126.798941716315,37.5871254892486
MA010120220800532536,안양엘피지충전소,,G2,소매,G214,연료 소매,G21402,가스 충전소,G47712,운송장비용 가스 충전업,41,경기도,41173,안양시 동안구,41173510,비산1동,4117310100,비산동,4117310100110830000,1,대지,1083,,경기도 안양시 동안구 비산동 1083,411732012008,경기도 안양시 동안구 경수대로,957,,4117310100110830000001983,,경기도 안양시 동안구 경수대로 957,431822,13956,,,,126.930735025095,37.3993263465759
MA010120220800543683,지에스칼텍스공항로충전소주,,G2,소매,G214,연료 소매,G21402,가스 충전소,G47712,운송장비용 가스 충전업,11,서울특별시,11500,강서구,11500530,등촌2동,1150010200,등촌동,1150010200105340012,1,대지,534,12,서울특별시 강서구 등촌동 534-12,115002005007,서울특별시 강서구 공항대로,468,,1150010200102690008025460,,서울특별시 강서구 공항대로 468,157836,07664,,,,126.858627851223,37.5533436751251
MA010120220802155747,가스코,,G2,소매,G214,연료 소매,G21402,가스 충전소,G47712,운송장비용 가스 충전업,28,인천광역시,28200,남동구,28200551,간석4동,2820010200,간석동,2820010200102380001,1,대지,238,1,인천광역시 남동구 간석동 238-1,282003153084,인천광역시 남동구 백범로,409,,2820010200102380001019949,,인천광역시 남동구 백범로 409,405806,21507,,,,126.705904207725,37.4670614544007
MA010120220802149936,은혜산업개발주,,G2,소매,G214,연료 소매,G21402,가스 충전소,G47712,운송장비용 가스 충전업,28,인천광역시,28110,중구,28110540,신흥동,2811012800,신흥동3가,2811012800100650025,1,대지,65,25,인천광역시 중구 신흥동3가 65-25,281104247150,인천광역시 중구 서해대로94번길,57,33,2811012800100650021014965,,인천광역시 중구 서해대로94번길 57-33,400103,22341,,,,126.624069243393,37.4365825944593
MA010120220802160536,남동가스충전소,,G2,소매,G214,연료 소매,G21402,가스 충전소,G47712,운송장비용 가스 충전업,28,인천광역시,28200,남동구,28200510,구월1동,2820010100,구월동,2820010100108260002,1,대지,826,2,인천광역시 남동구 구월동 826-2,282002153001,인천광역시 남동구 남동대로,626,,2820010100108260002008311,,인천광역시 남동구 남동대로 626,405833,21587,,1,,126.706954791514,37.4382677764631
MA010120220802202701,유민사랑서비스,,G2,소매,G214,연료 소매,G21402,가스 충전소,G47712,운송장비용 가스 충전업,41,경기도,41830,양평군,41830340,옥천면,4183034021,옥천면,4183034021109350002,1,대지,935,2,경기도 양평군 옥천면 옥천리 935-2,418303000145,경기도 양평군 옥천면 경강로,1576,,4183034021109350002027272,,경기도 양평군 옥천면 경강로 1576,476832,12507,,1,,127.456764902875,37.5051074711005
MA010120220802188625,용문가스충전소,,G2,소매,G214,연료 소매,G21402,가스 충전소,G47712,운송장비용 가스 충전업,41,경기도,41830,양평군,41830400,용문면,4183040027,용문면,4183040027104340003,1,대지,434,3,경기도 양평군 용문면 광탄리 434-3,418303000145,경기도 양평군 용문면 경강로,3301,,4183040027104340003000001,,경기도 양평군 용문면 경강로 3301,476841,12513,,,,127.625611066765,37.5111453897526
MA010120220802191287,광전충전소,,G2,소매,G214,연료 소매,G21402,가스 충전소,G47712,운송장비용 가스 충전업,41,경기도,41360,남양주시,41360310,별내면,4136031023,별내면,4136031023102160000,1,대지,216,,경기도 남양주시 별내면 광전리 216,413603181059,경기도 남양주시 별내면 송산로,638,,4136031023102160000011889,,경기도 남양주시 별내면 송산로 638,472811,12090,,,,127.127277736443,37.6967246687551
MA010120220802203219,신화에너지.송능충전소,,G2,소매,G214,연료 소매,G21402,가스 충전소,G47712,운송장비용 가스 충전업,41,경기도,41360,남양주시,41360259,진건읍,4136025926,진건읍,4136025926101570005,1,대지,157,5,경기도 남양주시 진건읍 송능리 157-5,413603197050,경기도 남양주시 진건읍 진건오남로,405,12,4136025926101570005000003,,경기도 남양주시 진건읍 진건오남로 405-12,472835,12129,,,,127.20231184404,37.6737079797115
MA010120220802178605,화랑포충전소,,G2,소매,G214,연료 소매,G21402,가스 충전소,G47712,운송장비용 가스 충전업,41,경기도,41820,가평군,41820325,청평면,4182032524,청평면,4182032524103990159,1,대지,399,159,경기도 가평군 청평면 대성리 399-159,418203000120,경기도 가평군 청평면 경춘로,121,,4182032524103990159006686,,경기도 가평군 청평면 경춘로 121,477812,12457,,1,,127.379424023247,37.6868939165558
MA010120220802254417,휴브,,G2,소매,G214,연료 소매,G21402,가스 충전소,G47712,운송장비용 가스 충전업,41,경기도,41360,남양주시,41360540,양정동,4136010600,삼패동,4136010600106070006,1,대지,607,6,경기도 남양주시 삼패동 607-6,413603197071,경기도 남양주시 고산로,150,,4136010600106070006000259,,경기도 남양주시 고산로 150,472932,12245,,,,127.183050761458,37.5941825188723
MA010120220802248720,에너지뱅크,,G2,소매,G214,연료 소매,G21402,가스 충전소,G47712,운송장비용 가스 충전업,41,경기도,41820,가평군,41820325,청평면,4182032523,청평면,4182032523102780000,1,대지,278,,경기도 가평군 청평면 하천리 278,418203000120,경기도 가평군 청평면 경춘로,1050,,4182032523102780000006818,,경기도 가평군 청평면 경춘로 1050,477816,12450,,,,127.43561729192,37.7537856473315
MA010120220802261207,안보충전소,,G2,소매,G214,연료 소매,G21402,가스 충전소,G47712,운송장비용 가스 충전업,51,강원특별자치도,51110,춘천시,51110350,서면,5111035030,서면,5111035030100630001,1,대지,63,1,강원특별자치도 춘천시 서면 안보리 63-1,511103000120,강원특별자치도 춘천시 서면 경춘로,751,,4211035030100630001062095,,강원특별자치도 춘천시 서면 경춘로 751,200832,24463,,,,127.593819342525,37.8342792496363
MA010120220802252101,삼호에너지강변충전소주,,G2,소매,G214,연료 소매,G21402,가스 충전소,G47712,운송장비용 가스 충전업,41,경기도,41830,양평군,41830340,옥천면,4183034021,옥천면,4183034021109340001,1,대지,934,1,경기도 양평군 옥천면 옥천리 934-1,418303000145,경기도 양평군 옥천면 경강로,1574,,4183034021109340001012877,,경기도 양평군 옥천면 경강로 1574,476832,12507,,,,127.45648233314,37.5051355933399
MA010120220802252103,오일유업경춘LPG충전소주,,G2,소매,G214,연료 소매,G21402,가스 충전소,G47712,운송장비용 가스 충전업,41,경기도,41820,가평군,41820250,가평읍,4182025025,가평읍,4182025025102790005,1,대지,279,5,경기도 가평군 가평읍 상색리 279-5,418203000120,경기도 가평군 가평읍 경춘로,1770,,4182025025102800003002537,,경기도 가평군 가평읍 경춘로 1770,477806,12426,,,,127.481799390835,37.797239201102
MA010120220802252162,서울석유덕소충전소,,G2,소매,G214,연료 소매,G21402,가스 충전소,G47712,운송장비용 가스 충전업,41,경기도,41360,남양주시,41360540,양정동,4136010500,이패동,4136010500104130010,1,대지,413,10,경기도 남양주시 이패동 413-10,413603000145,경기도 남양주시 경강로,228,,4136010500104080001015131,,경기도 남양주시 경강로 228,472930,12245,,,,127.193335773084,37.6043112630759
MA010120220802252555,아이피호평충전소주,,G2,소매,G214,연료 소매,G21402,가스 충전소,G47712,운송장비용 가스 충전업,41,경기도,41360,남양주시,41360510,호평동,4136010100,호평동,4136010100100230063,1,대지,23,63,경기도 남양주시 호평동 23-63,413603000120,경기도 남양주시 경춘로,1510,,4136010100100230063000001,,경기도 남양주시 경춘로 1510,472120,12155,,,,127.259364373244,37.6548019040625
MA010120220802250329,아천에너지,,G2,소매,G214,연료 소매,G21402,가스 충전소,G47712,운송장비용 가스 충전업,41,경기도,41450,하남시,41450610,미사1동,4145010900,망월동,4145010900111470000,1,대지,1147,,경기도 하남시 망월동 1147,414502000019,경기도 하남시 미사대로,424,,4145010900111470000000001,트레비타워,경기도 하남시 미사대로 424,465150,12922,,,,127.197855625951,37.5662999428357
MA010120220802246526,대원운수주,,G2,소매,G214,연료 소매,G21402,가스 충전소,G47712,운송장비용 가스 충전업,41,경기도,41360,남양주시,41360250,와부읍,4136025022,와부읍,4136025022105170003,1,대지,517,3,경기도 남양주시 와부읍 도곡리 517-3,413603197017,경기도 남양주시 와부읍 덕소로,320,,4136025022105070001019063,,경기도 남양주시 와부읍 덕소로 320,472908,12270,,,,127.226194902675,37.5726641231533
MA010120220802252930,그린에너지대화충전소,,G2,소매,G214,연료 소매,G21402,가스 충전소,G47712,운송장비용 가스 충전업,28,인천광역시,28260,서구,28260720,오류왕길동,2826012000,왕길동,2826012000101110000,1,대지,111,,인천광역시 서구 왕길동 111,282602000013,인천광역시 서구 봉수대로,1308,,2826012000101110000000001,,인천광역시 서구 봉수대로 1308,404290,22673,,,,126.655946609627,37.5913993550899
MA010120220802236525,에이스특수가스,,G2,소매,G214,연료 소매,G21402,가스 충전소,G47712,운송장비용 가스 충전업,41,경기도,41820,가평군,41820350,북면,4182035023,북면,4182035023106620009,1,대지,662,9,경기도 가평군 북면 화악리 662-9,418203000144,경기도 가평군 북면 화악산로,686,13,4182035023106620009000001,,경기도 가평군 북면 화악산로 686-13,477843,12402,,,,127.559551995873,37.9370546853657
MA010120220802253541,태진에너지내각충전소주,,G2,소매,G214,연료 소매,G21402,가스 충전소,G47712,운송장비용 가스 충전업,41,경기도,41360,남양주시,41360253,진접읍,4136025322,진접읍,4136025322100680000,1,대지,68,,경기도 남양주시 진접읍 내각리 68,413604391199,경기도 남양주시 진접읍 금강로유연들1길,52,,4136025322100680000025204,,경기도 남양주시 진접읍 금강로유연들1길 52,472862,12073,,,,127.173743809717,37.7063598435806
MA010120220802231456,SK에너지,,G2,소매,G214,연료 소매,G21402,가스 충전소,G47712,운송장비용 가스 충전업,41,경기도,41360,남양주시,41360262,오남읍,4136026221,오남읍,4136026221107250000,1,대지,725,,경기도 남양주시 오남읍 양지리 725,413603197078,경기도 남양주시 오남읍 양지로,352,,4136026221107250000000001,,경기도 남양주시 오남읍 양지로 352,472881,12036,,,,127.189958641282,37.7056951447056
MA010120220802287716,신도시충전소,,G2,소매,G214,연료 소매,G21402,가스 충전소,G47712,운송장비용 가스 충전업,41,경기도,41370,오산시,41370550,세마동,4137011100,외삼미동,4137011100100740011,1,대지,74,11,경기도 오산시 외삼미동 74-11,413703198033,경기도 오산시 외삼미로,88,,4137011100100740011000001,,경기도 오산시 외삼미로 88,447230,18111,,,,127.060268831405,37.1935704456542
MA010120220802293856,대황교LPG충전소,,G2,소매,G214,연료 소매,G21402,가스 충전소,G47712,운송장비용 가스 충전업,41,경기도,41113,수원시 권선구,41113690,곡선동,4111313900,대황교동,4111313900100330005,1,대지,33,5,경기도 수원시 권선구 대황교동 33-5,411133012006,경기도 수원시 권선구 정조로,235,,4111313900100330005028051,,경기도 수원시 권선구 정조로 235,441410,16661,,,,127.02085836477,37.2312568405201
MA010120220802285677,극동실업,,G2,소매,G214,연료 소매,G21402,가스 충전소,G47712,운송장비용 가스 충전업,41,경기도,41210,광명시,41210631,하안1동,4121010300,하안동,4121010300105010006,1,대지,501,6,경기도 광명시 하안동 501-6,412103000027,경기도 광명시 범안로,903,,4121010300105010006010382,,경기도 광명시 범안로 903,423844,14260,,,,126.866330285188,37.4543412180744
MA010120220802285777,재연,,G2,소매,G214,연료 소매,G21402,가스 충전소,G47712,운송장비용 가스 충전업,41,경기도,41390,시흥시,41390592,정왕2동,4139013200,정왕동,4139013200121670016,1,대지,2167,16,경기도 시흥시 정왕동 2167-16,413903199059,경기도 시흥시 희망공원로,278,,4139013200121670001014644,,경기도 시흥시 희망공원로 278,429452,15082,,,,126.727463576895,37.344700865133
MA010120220802289980,신월LPG충전소,,G2,소매,G214,연료 소매,G21402,가스 충전소,G47712,운송장비용 가스 충전업,43,충청북도,43150,제천시,43150560,용두동,4315011200,신월동,4315011200107690001,1,대지,769,1,충청북도 제천시 신월동 769-1,431503239065,충청북도 제천시 제천북로,547,,4315011200107690001002269,,충청북도 제천시 제천북로 547,390230,27135,,,,128.19216197205,37.1654858234993
MA010120220803877995,포항개인택시제2충전소,,G2,소매,G214,연료 소매,G21402,가스 충전소,G47712,운송장비용 가스 충전업,47,경상북도,47113,포항시 북구,47113700,장량동,4711312100,장성동,4711312100101460000,1,대지,146,,경상북도 포항시 북구 장성동 146,471133304032,경상북도 포항시 북구 장량로,106,,4711312100101460000109543,,경상북도 포항시 북구 장량로 106,791815,37586,,,,129.391571047708,36.0815388732411
MA010120220803928311,장위까스주,,G2,소매,G214,연료 소매,G21402,가스 충전소,G47712,운송장비용 가스 충전업,11,서울특별시,11290,성북구,11290780,장위3동,1129013800,장위동,1129013800100440003,1,대지,44,3,서울특별시 성북구 장위동 44-3,112903005046,서울특별시 성북구 화랑로,291,,1129013800100440003008151,,서울특별시 성북구 화랑로 291,136826,02779,,,,127.060639902493,37.6132747281829
MA010120220803920232,기린에너지,,G2,소매,G214,연료 소매,G21402,가스 충전소,G47712,운송장비용 가스 충전업,11,서울특별시,11560,영등포구,11560620,양평2동,1156012800,양평동4가,1156012800101580000,1,대지,158,,서울특별시 영등포구 양평동4가 158,115603005074,서울특별시 영등포구 선유로,270,,1156012800101590001019822,,서울특별시 영등포구 선유로 270,150867,07222,,,,126.898667847613,37.5363199073995
MA010120220804001676,옥산에너지,,G2,소매,G214,연료 소매,G21402,가스 충전소,G47712,운송장비용 가스 충전업,41,경기도,41550,안성시,41550350,대덕면,4155035021,대덕면,4155035021102970001,1,대지,297,1,경기도 안성시 대덕면 소현리 297-1,415502012006,경기도 안성시 대덕면 서동대로,5059,,4155035021102970001028967,,경기도 안성시 대덕면 서동대로 5059,456832,17543,,,,127.259416160598,37.0234332977081
MA010120220803998295,국제가스공업주,,G2,소매,G214,연료 소매,G21402,가스 충전소,G47712,운송장비용 가스 충전업,11,서울특별시,11305,강북구,11305615,수유1동,1130510300,수유동,1130510300100480023,1,대지,48,23,서울특별시 강북구 수유동 48-23,113054124035,서울특별시 강북구 덕릉로24길,6,,1130510300100480023012049,,서울특별시 강북구 덕릉로24길 6,142873,01113,,,,127.021854199222,37.6343353448117
MA010120220803998523,서울와사공업주,,G2,소매,G214,연료 소매,G21402,가스 충전소,G47712,운송장비용 가스 충전업,11,서울특별시,11305,강북구,11305595,번1동,1130510200,번동,1130510200104460031,1,대지,446,31,서울특별시 강북구 번동 446-31,113053005039,서울특별시 강북구 도봉로,318,,1130510200104460031017989,,서울특별시 강북구 도봉로 318,142867,01062,,,,127.024539862824,37.6362268861483
MA010120220803999063,신성에너지,,G2,소매,G214,연료 소매,G21402,가스 충전소,G47712,운송장비용 가스 충전업,11,서울특별시,11350,노원구,11350595,공릉1동,1135010300,공릉동,1135010300107110001,1,대지,711,1,서울특별시 노원구 공릉동 711-1,113503000001,서울특별시 노원구 동일로,1113,,1135010300107110001013660,,서울특별시 노원구 동일로 1113,139805,01851,,,,127.070837089345,37.6291174162457
MA010120220803986706,우일LPG충전소,,G2,소매,G214,연료 소매,G21402,가스 충전소,G47712,운송장비용 가스 충전업,47,경상북도,47850,칠곡군,47850330,가산면,4785033046,가산면,4785033046100170006,1,대지,17,6,경상북도 칠곡군 가산면 석우리 17-6,478502018002,경상북도 칠곡군 가산면 경북대로,1985,,4785033046100170001023067,,경상북도 칠곡군 가산면 경북대로 1985,718913,39852,,,,128.561961676956,36.1076192402234
MA010120220803999938,청학에너지,,G2,소매,G214,연료 소매,G21402,가스 충전소,G47712,운송장비용 가스 충전업,11,서울특별시,11305,강북구,11305608,번3동,1130510200,번동,1130510200102670000,1,대지,267,,서울특별시 강북구 번동 267,113053005038,서울특별시 강북구 한천로,833,,1130510200102670000000003,,서울특별시 강북구 한천로 833,142063,01226,,,,127.044010719422,37.6282835446883
MA010120220804000173,강북씨앤지,,G2,소매,G214,연료 소매,G21402,가스 충전소,G47712,운송장비용 가스 충전업,11,서울특별시,11320,도봉구,11320660,쌍문1동,1132010500,쌍문동,1132010500105100001,1,대지,510,1,서울특별시 도봉구 쌍문동 510-1,113203005041,서울특별시 도봉구 삼양로,620,,1132010500105100001007550,,서울특별시 도봉구 삼양로 620,132890,01365,,,,127.014392870261,37.6585549330559
MA010120220804003196,몬타나파트너스,,G2,소매,G214,연료 소매,G21402,가스 충전소,G47712,운송장비용 가스 충전업,41,경기도,41220,평택시,41220590,신평동,4122011700,합정동,4122011700100830001,1,대지,83,1,경기도 평택시 합정동 83-1,412202012006,경기도 평택시 서동대로,3616,,4122011700100830001001710,,경기도 평택시 서동대로 3616,450829,17878,,,,127.111761543511,36.9852871634724
MA010120220804044331,동경LPG충전소,,G2,소매,G214,연료 소매,G21402,가스 충전소,G47712,운송장비용 가스 충전업,41,경기도,41461,용인시 처인구,41461250,포곡읍,4146125021,포곡읍,4146125021102810001,1,대지,281,1,경기도 용인시 처인구 포곡읍 삼계리 281-1,414612012009,경기도 용인시 처인구 포곡읍 백옥대로,1827,,4146125021102810001039643,,경기도 용인시 처인구 포곡읍 백옥대로 1827,449814,17028,,,,127.234377671421,37.2895133120909
MA010120220805423755,서해가스충전소,,G2,소매,G214,연료 소매,G21402,가스 충전소,G47712,운송장비용 가스 충전업,41,경기도,41192,부천시 원미구,41192700,상3동,4119210900,상동,4119210900104990017,1,대지,499,17,경기도 부천시 원미구 상동 499-17,411922000015,경기도 부천시 원미구 송내대로,377,,4119510900104990017000001,,경기도 부천시 원미구 송내대로 377,420860,14502,,,,126.760580827098,37.5168663152955
MA010120220805437703,달구벌충전소,,G2,소매,G214,연료 소매,G21402,가스 충전소,G47712,운송장비용 가스 충전업,27,대구광역시,27140,동구,27140685,해안동,2714011100,방촌동,2714011100109190007,1,대지,919,7,대구광역시 동구 방촌동 919-7,271403142010,대구광역시 동구 동촌로,205,,2714011100109190007033596,,대구광역시 동구 동촌로 205,701801,41145,,,,128.66303050792,35.8828900085668
MA010120220805424226,안면도주유소충전소,,G2,소매,G214,연료 소매,G21402,가스 충전소,G47712,운송장비용 가스 충전업,44,충청남도,44825,태안군,44825320,남면,4482532028,남면,4482532028105440068,1,대지,544,68,충청남도 태안군 남면 신온리 544-68,448252264001,충청남도 태안군 남면 안면대로,1685,,4482532028105440068005494,,충청남도 태안군 남면 안면대로 1685,357953,32158,,,,126.316560761744,36.6097154188677
MA010120220805405700,지이에스,,G2,소매,G214,연료 소매,G21402,가스 충전소,G47712,운송장비용 가스 충전업,26,부산광역시,26440,강서구,26440560,녹산동,2644011100,녹산동,2644011100106040007,1,대지,604,7,부산광역시 강서구 녹산동 604-7,264403006030,부산광역시 강서구 낙동남로,507,,2644011100106040007005252,,부산광역시 강서구 낙동남로 507,618210,46728,,,,128.875261057202,35.1129470027308
MA010120220805442879,김포뉴타운충전소,,G2,소매,G214,연료 소매,G21402,가스 충전소,G47712,운송장비용 가스 충전업,41,경기도,41570,김포시,41570256,양촌읍,4157025622,양촌읍,4157025622102950003,1,대지,295,3,경기도 김포시 양촌읍 누산리 295-3,415702209001,경기도 김포시 양촌읍 김포대로,1579,,4157032022102950003000983,,경기도 김포시 양촌읍 김포대로 1579,415842,10054,,,,126.661966858523,37.6621979502829
MA010120220805417669,송도충전소,,G2,소매,G214,연료 소매,G21402,가스 충전소,G47712,운송장비용 가스 충전업,28,인천광역시,28185,연수구,28185790,동춘2동,2818510500,동춘동,2818510500109160000,1,대지,916,,인천광역시 연수구 동춘동 916,281852008005,인천광역시 연수구 아암대로,841,,2818510500109160000000001,,인천광역시 연수구 아암대로 841,406132,21978,,,,126.663383358854,37.3953805517824
MA010120220805484101,금산LPG충전소,,G2,소매,G214,연료 소매,G21402,가스 충전소,G47712,운송장비용 가스 충전업,48,경상남도,48170,진주시,48170410,금산면,4817041026,금산면,4817041026107040000,1,대지,704,,경상남도 진주시 금산면 중천리 704,481703332043,경상남도 진주시 금산면 월아산로,1906,,4817041026107040000000001,,경상남도 진주시 금산면 월아산로 1906,660923,52625,,,,128.135144160107,35.2147929746469
MA010120220805460827,일산전기자동차충전소,,G2,소매,G214,연료 소매,G21402,가스 충전소,G47712,운송장비용 가스 충전업,41,경기도,41285,고양시 일산동구,41285580,장항1동,4128510600,백석동,4128510600111230013,1,대지,1123,13,경기도 고양시 일산동구 백석동 1123-13,412853193030,경기도 고양시 일산동구 장항로,31,,4128510600111230013000001,,경기도 고양시 일산동구 장항로 31,410835,10433,,,,126.79076118788,37.6296829542772
MA010120220805500733,한반도가스,,G2,소매,G214,연료 소매,G21402,가스 충전소,G47712,운송장비용 가스 충전업,51,강원특별자치도,51750,영월군,51750360,주천면,5175036024,주천면,5175036024102860002,1,대지,286,2,강원특별자치도 영월군 주천면 신일리 286-2,517503219063,강원특별자치도 영월군 주천면 솔치로,698,,4275036024102860002000001,,강원특별자치도 영월군 주천면 솔치로 698,230851,26205,,,,128.256000495192,37.267665413815
MA010120220805506723,성남전기충전소,,G2,소매,G214,연료 소매,G21402,가스 충전소,G47712,운송장비용 가스 충전업,41,경기도,41133,성남시 중원구,41133670,도촌동,4113310800,갈현동,4113310800105460013,1,대지,546,13,경기도 성남시 중원구 갈현동 546-13,411332012002,경기도 성남시 중원구 경충대로,2663,,4113310800105460013000001,,경기도 성남시 중원구 경충대로 2663,462080,13417,,,,127.154580619067,37.4223837565016
MA010120220805502066,자동에너지,,G2,소매,G214,연료 소매,G21402,가스 충전소,G47712,운송장비용 가스 충전업,46,전라남도,46910,신안군,46910250,지도읍,4691025029,지도읍,4691025029104720005,1,대지,472,5,전라남도 신안군 지도읍 자동리 472-5,469103302014,전라남도 신안군 지도읍 해제지도로,779,,4691025029104720005000001,,전라남도 신안군 지도읍 해제지도로 779,535807,58815,,,,126.259619569576,35.0566557605309
MA010120220805547729,서대전IC충전소,,G2,소매,G214,연료 소매,G21402,가스 충전소,G47712,운송장비용 가스 충전업,30,대전광역시,30200,유성구,30200520,진잠동,3020010100,원내동,3020010100104270000,1,대지,427,,대전광역시 유성구 원내동 427,302003167066,대전광역시 유성구 진잠로,9,,3020010100104270000020053,,대전광역시 유성구 진잠로 9,305809,34229,,,,127.319564419405,36.2935243068503
MA010120220806930277,신흥엘피지충전소,,G2,소매,G214,연료 소매,G21402,가스 충전소,G47712,운송장비용 가스 충전업,52,전북특별자치도,52180,정읍시,52180520,장명동,5218012200,구룡동,5218012200106740000,1,대지,674,,전북특별자치도 정읍시 구룡동 674,521803270038,전북특별자치도 정읍시 정읍북로,48,,4518012200106740000077453,,전북특별자치도 정읍시 정읍북로 48,580030,56184,,,,126.865142478728,35.5694739961296
MA010120220806931489,대로충전소,,G2,소매,G214,연료 소매,G21402,가스 충전소,G47712,운송장비용 가스 충전업,41,경기도,41150,의정부시,41150510,의정부1동,4115011000,가능동,4115011000100150035,1,대지,15,35,경기도 의정부시 가능동 15-35,411503181001,경기도 의정부시 가금로,75,,4115011000100150035010154,,경기도 의정부시 가금로 75,480800,11684,,,,127.044981891354,37.7545911098859
MA010120220806895397,한국통신정보합덕지점,,G2,소매,G214,연료 소매,G21402,가스 충전소,G47712,운송장비용 가스 충전업,44,충청남도,44270,당진시,44270250,합덕읍,4427025023,합덕읍,4427025023100010111,1,대지,1,111,충청남도 당진시 합덕읍 소소리 1-111,442703015082,충청남도 당진시 합덕읍 예당평야로,1473,,4427025023100010111000001,,충청남도 당진시 합덕읍 예당평야로 1473,343903,31809,,,,126.750598455519,36.8265212399522
MA010120220806895731,대성에너지,,G2,소매,G214,연료 소매,G21402,가스 충전소,G47712,운송장비용 가스 충전업,51,강원특별자치도,51110,춘천시,51110250,신북읍,5111025023,신북읍,5111025023100230030,1,대지,23,30,강원특별자치도 춘천시 신북읍 유포리 23-30,511104013002,강원특별자치도 춘천시 신북읍 배후령길,215,,4211025023200180005000001,,강원특별자치도 춘천시 신북읍 배후령길 215,200824,24203,,,,127.783867858693,37.9481707834824
MA010120220806968992,태양종합상사,,G2,소매,G214,연료 소매,G21402,가스 충전소,G47712,운송장비용 가스 충전업,47,경상북도,47130,경주시,47130370,강동면,4713037021,강동면,4713037021102740000,1,대지,274,,경상북도 경주시 강동면 모서리 274,471304715419,경상북도 경주시 강동면 모서별봉길,74,3,4713037021102740000000001,,경상북도 경주시 강동면 모서별봉길 74-3,780914,38032,,,,129.25341971599,35.9434609955498
MA010120220807015989,케이엘페트로수원지점,,G2,소매,G214,연료 소매,G21402,가스 충전소,G47712,운송장비용 가스 충전업,41,경기도,41113,수원시 권선구,41113560,서둔동,4111313100,서둔동,4111313100100790030,1,대지,79,30,경기도 수원시 권선구 서둔동 79-30,411133175010,경기도 수원시 권선구 권선로,337,,4111313100100790030050286,,경기도 수원시 권선구 권선로 337,441853,16613,,,,126.988975030746,37.2599564465561
MA010120220807015999,성주에너지진주오렌지충전소,,G2,소매,G214,연료 소매,G21402,가스 충전소,G47712,운송장비용 가스 충전업,48,경상남도,48170,진주시,48170720,이현동,4817012800,유곡동,4817012800101220002,1,대지,122,2,경상남도 진주시 유곡동 122-2,481702332003,경상남도 진주시 진주대로,1298,,4817012800101220002000001,,경상남도 진주시 진주대로 1298,660983,52654,,,,128.061769702748,35.1944764869722
MA010120220807015732,제이원네트웍스,,G2,소매,G214,연료 소매,G21402,가스 충전소,G47712,운송장비용 가스 충전업,41,경기도,41285,고양시 일산동구,41285510,식사동,4128510100,식사동,4128510100108320020,1,대지,832,20,경기도 고양시 일산동구 식사동 832-20,412853193011,경기도 고양시 일산동구 무궁화로,362,,4128510100108320020000113,,경기도 고양시 일산동구 무궁화로 362,410820,10327,,,,126.799957267668,37.6771625953626
MA010120220807044498,설악한계충전소,,G2,소매,G214,연료 소매,G21402,가스 충전소,G47712,운송장비용 가스 충전업,51,강원특별자치도,51810,인제군,51810320,북면,5181032023,북면,5181032023114820000,1,대지,1482,,강원특별자치도 인제군 북면 한계리 1482,518103000146,강원특별자치도 인제군 북면 설악로,3254,,4281032023114680000000001,,강원특별자치도 인제군 북면 설악로 3254,252827,24607,,,,128.2452845055,38.1381222389357
MA010120220807056178,한국가스텍,,G2,소매,G214,연료 소매,G21402,가스 충전소,G47712,운송장비용 가스 충전업,27,대구광역시,27710,달성군,27710330,하빈면,2771033022,하빈면,2771033022108640011,1,대지,864,11,대구광역시 달성군 하빈면 묘리 864-11,277104244227,대구광역시 달성군 하빈면 묘동길,176,,2771033022108640011030383,,대구광역시 달성군 하빈면 묘동길 176,711821,42900,,,,128.417360957266,35.9048121005605
MA010120220807058564,광석가스,,G2,소매,G214,연료 소매,G21402,가스 충전소,G47712,운송장비용 가스 충전업,44,충청남도,44230,논산시,44230320,광석면,4423032030,광석면,4423032030105990002,1,대지,599,2,충청남도 논산시 광석면 항월리 599-2,442304565883,충청남도 논산시 광석면 항월2길,1,,4423032030105990002034815,,충청남도 논산시 광석면 항월2길 1,320953,32920,,,,127.11921848772,36.2437855951528
MA010120220807026227,화성종합경기타운내수소충전소,,G2,소매,G214,연료 소매,G21402,가스 충전소,G47712,운송장비용 가스 충전업,41,경기도,41590,화성시,41590259,향남읍,4159025938,향남읍,4159025938106680000,1,대지,668,,경기도 화성시 향남읍 도이리 668,415903210121,경기도 화성시 향남읍 향남로,470,,4159025938102380001000001,화성종합경기타운,경기도 화성시 향남읍 향남로 470,445929,18588,,,,126.924255292255,37.1375428504091
MA010120220807026252,한국그린충전대구지사,,G2,소매,G214,연료 소매,G21402,가스 충전소,G47712,운송장비용 가스 충전업,27,대구광역시,27140,동구,27140755,혁신동,2714012400,신서동,2714012400111410000,1,대지,1141,,대구광역시 동구 신서동 1141,271403142053,대구광역시 동구 첨단로,120,,2714012400111410000000001,,대구광역시 동구 첨단로 120,701300,41062,,,,128.730065426901,35.886899104951
MA010120220807026276,그린가스텍,,G2,소매,G214,연료 소매,G21402,가스 충전소,G47712,운송장비용 가스 충전업,48,경상남도,48125,창원시 마산합포구,48125320,진동면,4812532028,진동면,4812532028110060000,1,대지,1006,,경상남도 창원시 마산합포구 진동면 인곡리 1006,481252328001,경상남도 창원시 마산합포구 진동면 남해안대로,5424,,4812532028110060000000001,,경상남도 창원시 마산합포구 진동면 남해안대로 5424,631813,51789,,,,128.502077680663,35.1365959273941
MA010120220807042573,도청LPG충전소,,G2,소매,G214,연료 소매,G21402,가스 충전소,G47712,운송장비용 가스 충전업,47,경상북도,47170,안동시,47170250,풍산읍,4717025037,풍산읍,4717025037104500002,1,대지,450,2,경상북도 안동시 풍산읍 괴정리 450-2,471702348167,경상북도 안동시 풍산읍 도청대로,716,,4717025037104500002000001,,경상북도 안동시 풍산읍 도청대로 716,760802,36617,,,,128.531724887943,36.5887022733428
MA010120220808362725,수소에너지네트워크,,G2,소매,G214,연료 소매,G21402,가스 충전소,G47712,운송장비용 가스 충전업,11,서울특별시,11680,강남구,11680656,도곡2동,1168011800,도곡동,1168011800104100009,1,대지,410,9,서울특별시 강남구 도곡동 410-9,116803121022,서울특별시 강남구 논현로,172,,1168011800104100009001025,,서울특별시 강남구 논현로 172,135854,06296,,,,127.041970446321,37.4849536213232
MA010120220808371957,금정곡성LPG충전소,,G2,소매,G214,연료 소매,G21402,가스 충전소,G47712,운송장비용 가스 충전업,46,전라남도,46720,곡성군,46720320,삼기면,4672032023,삼기면,4672032023102070003,1,대지,207,3,전라남도 곡성군 삼기면 괴소리 207-3,467203000207,전라남도 곡성군 삼기면 곡순로,1234,,4672032025102070001021147,,전라남도 곡성군 삼기면 곡순로 1234,516862,57522,,,,127.22839622381,35.2275789402331
MA010120220808381793,선화가스,,G2,소매,G214,연료 소매,G21402,가스 충전소,G47712,운송장비용 가스 충전업,44,충청남도,44710,금산군,44710310,금성면,4471031030,금성면,4471031030101320001,1,대지,132,1,충청남도 금산군 금성면 하신리 132-1,447103257004,충청남도 금산군 금성면 어필각로,345,,4471031030101320001003156,,충청남도 금산군 금성면 어필각로 345,312911,32716,,,,127.488953436485,36.1560338236427
MA010120220808382458,정석산업개발,,G2,소매,G214,연료 소매,G21402,가스 충전소,G47712,운송장비용 가스 충전업,44,충청남도,44200,아산시,44200253,배방읍,4420025324,배방읍,4420025324101510056,1,대지,151,56,충청남도 아산시 배방읍 공수리 151-56,442003253028,충청남도 아산시 배방읍 배방로,37,,4420025324101510056065721,축복프라자,충청남도 아산시 배방읍 배방로 37,336852,31484,,2,,127.055133044399,36.773541291227
MA010120220808376257,배곧충전소,,G2,소매,G214,연료 소매,G21402,가스 충전소,G47712,운송장비용 가스 충전업,41,경기도,41390,시흥시,41390589,정왕본동,4139013200,정왕동,4139013200117730000,1,대지,1773,,경기도 시흥시 정왕동 1773,413903000020,경기도 시흥시 서해안로,559,,4139013200117730000012934,,경기도 시흥시 서해안로 559,429455,15010,,,,126.735367719224,37.3692176911459
MA010120220808389684,라인에너지,,G2,소매,G214,연료 소매,G21402,가스 충전소,G47712,운송장비용 가스 충전업,47,경상북도,47850,칠곡군,47850250,왜관읍,4785025025,왜관읍,4785025025105180001,1,대지,518,1,경상북도 칠곡군 왜관읍 삼청리 518-1,478503322025,경상북도 칠곡군 왜관읍 현대로,40,29,4785025025105180001018878,,경상북도 칠곡군 왜관읍 현대로 40-29,718803,39907,,,,128.427150241273,35.9823215949382
MA010120220808412038,평창올림피아LPG충전소,,G2,소매,G214,연료 소매,G21402,가스 충전소,G47712,운송장비용 가스 충전업,51,강원특별자치도,51760,평창군,51760380,대관령면,5176038024,대관령면,5176038024103770014,1,대지,377,14,강원특별자치도 평창군 대관령면 횡계리 377-14,517603000145,강원특별자치도 평창군 대관령면 경강로,5195,5,4276038024103770014011166,,강원특별자치도 평창군 대관령면 경강로 5195-5,232954,25347,,,,128.70048809,37.6796755044689
MA010120220808452123,한국그린충전대전지사,,G2,소매,G214,연료 소매,G21402,가스 충전소,G47712,운송장비용 가스 충전업,30,대전광역시,30110,동구,30110740,산내동,3011014200,구도동,3011014200100810000,1,대지,81,,대전광역시 동구 구도동 81,301103000088,대전광역시 동구 금산로,471,,3011014200100810000035648,낭월,대전광역시 동구 금산로 471,300300,34709,,,,127.476994849516,36.2694249974657
MA010120220808442113,복지잠실충전소,,G2,소매,G214,연료 소매,G21402,가스 충전소,G47712,운송장비용 가스 충전업,11,서울특별시,11710,송파구,11710650,잠실본동,1171010100,잠실동,1171010100103360009,1,대지,336,9,서울특별시 송파구 잠실동 336-9,117103123007,서울특별시 송파구 삼전로,47,,1171010100103360009001737,,서울특별시 송파구 삼전로 47,138867,05578,,,,127.086879482012,37.5034898719563
MA010120220808432210,안성시수소충전소,,G2,소매,G214,연료 소매,G21402,가스 충전소,G47712,운송장비용 가스 충전업,41,경기도,41550,안성시,41550510,안성1동,4155013100,현수동,4155013100100860000,1,대지,86,,경기도 안성시 현수동 86,415503208038,경기도 안성시 영봉로,139,,4155013100100860000000001,,경기도 안성시 영봉로 139,456150,17596,,,,127.281122746437,37.0007127504769
MA010120220808432344,알파앤에너지,,G2,소매,G214,연료 소매,G21402,가스 충전소,G47712,운송장비용 가스 충전업,11,서울특별시,11680,강남구,11680580,삼성1동,1168010500,삼성동,1168010500101450000,1,대지,145,,서울특별시 강남구 삼성동 145,116803122004,서울특별시 강남구 봉은사로,502,,1168010500101450001015910,삼하빌딩,서울특별시 강남구 봉은사로 502,135878,06163,,6,,127.053851224281,37.5128890053945
MA010120220808448428,계백LPG충전소,,G2,소매,G214,연료 소매,G21402,가스 충전소,G47712,운송장비용 가스 충전업,44,충청남도,44230,논산시,44230350,부적면,4423035021,부적면,4423035021100370016,1,대지,37,16,충청남도 논산시 부적면 마구평리 37-16,442304565150,충청남도 논산시 부적면 남마구평길,15,,4423035021100370016012836,,충청남도 논산시 부적면 남마구평길 15,320862,32917,,,,127.129582265936,36.2138009535483
MA010120220808482020,한국그린충전김해지사,,G2,소매,G214,연료 소매,G21402,가스 충전소,G47712,운송장비용 가스 충전업,48,경상남도,48250,김해시,48250590,삼안동,4825012000,안동,4825012000105400004,1,대지,540,4,경상남도 김해시 안동 540-4,482504805208,경상남도 김해시 김해대로2596번길,53,,4825012000105400004049758,,경상남도 김해시 김해대로2596번길 53,621914,50936,,,,128.913662651763,35.2260044532827
MA010120220808482180,피더스,,G2,소매,G214,연료 소매,G21402,가스 충전소,G47712,운송장비용 가스 충전업,52,전북특별자치도,52140,익산시,52140670,팔봉동,5214012800,덕기동,5214012800103820000,1,대지,382,,전북특별자치도 익산시 덕기동 382,521403016011,전북특별자치도 익산시 무왕로,1658,,4514012800103820000047367,,전북특별자치도 익산시 무왕로 1658,570997,54570,,,,127.036233615351,35.9746909743067
MA010120220808479850,오산대역충전소,,G2,소매,G214,연료 소매,G21402,가스 충전소,G47712,운송장비용 가스 충전업,41,경기도,41370,오산시,41370546,신장2동,4137010800,수청동,4137010800106160004,1,대지,616,4,경기도 오산시 수청동 616-4,413702012013,경기도 오산시 경기대로,497,,4137010800101370000000001,,경기도 오산시 경기대로 497,447290,18115,,,,127.064064993549,37.1674919292942
MA010120220808501963,지성에너지,,G2,소매,G214,연료 소매,G21402,가스 충전소,G47712,운송장비용 가스 충전업,44,충청남도,44150,공주시,44150590,월송동,4415012700,동현동,4415012700105620008,1,대지,562,8,충청남도 공주시 동현동 562-8,441503251048,충청남도 공주시 차령로,1860,,4415035030105620008017296,,충청남도 공주시 차령로 1860,314120,32590,,,,127.167607644954,36.4801065839158
MA010120220808507315,금오공대입구충전소,,G2,소매,G214,연료 소매,G21402,가스 충전소,G47712,운송장비용 가스 충전업,47,경상북도,47190,구미시,47190690,양포동,4719012700,거의동,4719012700103630001,1,대지,363,1,경상북도 구미시 거의동 363-1,471902308002,경상북도 구미시 산호대로,600,,4719012700103630001000001,,경상북도 구미시 산호대로 600,730370,39176,,,,128.397100329548,36.1346889682516
MA010120220808510392,화성LPG충전소,,G2,소매,G214,연료 소매,G21402,가스 충전소,G47712,운송장비용 가스 충전업,41,경기도,41590,화성시,41590360,팔탄면,4159036025,팔탄면,4159036025101030000,1,대지,103,,경기도 화성시 팔탄면 구장리 103,415904430124,경기도 화성시 팔탄면 구장길,106,,4159036025101030000005147,,경기도 화성시 팔탄면 구장길 106,445915,18527,,,,126.89702279033,37.1677438318309
MA010120220800249240,서울씨엔지주,,G2,소매,G214,연료 소매,G21402,가스 충전소,G47712,운송장비용 가스 충전업,11,서울특별시,11440,마포구,11440740,상암동,1144012700,상암동,1144012700116650000,1,대지,1665,,서울특별시 마포구 상암동 1665,114402000001,서울특별시 마포구 가양대로,125,,1144012700104750000129428,,서울특별시 마포구 가양대로 125,121904,03902,,,,126.878058352573,37.5816115425934
MA010120220800243814,용석개발문봉충전소,,G2,소매,G214,연료 소매,G21402,가스 충전소,G47712,운송장비용 가스 충전업,41,경기도,41285,고양시 일산동구,41285600,고봉동,4128511200,문봉동,4128511200101540001,1,대지,154,1,경기도 고양시 일산동구 문봉동 154-1,412853193045,경기도 고양시 일산동구 성현로,368,,4128511200101540001000001,,경기도 고양시 일산동구 성현로 368,410560,10313,,,,126.824271207684,37.7017439160173
MA010120220800241893,에이치디에너지,경상지점,G2,소매,G214,연료 소매,G21402,가스 충전소,G47712,운송장비용 가스 충전업,47,경상북도,47850,칠곡군,47850250,왜관읍,4785025021,왜관읍,4785025021105720001,1,대지,572,1,경상북도 칠곡군 왜관읍 왜관리 572-1,478502000028,경상북도 칠곡군 왜관읍 칠곡대로,1645,,4785025021105720001000001,외,경상북도 칠곡군 왜관읍 칠곡대로 1645,718805,39901,,,,128.413771397305,35.9843904566815
MA010120220800294656,계룡LPG충전소,,G2,소매,G214,연료 소매,G21402,가스 충전소,G47712,운송장비용 가스 충전업,44,충청남도,44250,계룡시,44250315,엄사면,4425031522,엄사면,4425031522100820000,1,대지,82,,충청남도 계룡시 엄사면 유동리 82,442503000095,충청남도 계룡시 엄사면 계백로,3013,,4425031522100820000000253,,충청남도 계룡시 엄사면 계백로 3013,321933,32829,,,,127.235849912221,36.2751542521575
MA010120220800307931,성전충전소,,G2,소매,G214,연료 소매,G21402,가스 충전소,G47712,운송장비용 가스 충전업,46,전라남도,46810,강진군,46810360,성전면,4681036021,성전면,4681036021105650011,1,대지,565,11,전라남도 강진군 성전면 월남리 565-11,468103284049,전라남도 강진군 성전면 예향로,574,,4681036021105650011060082,,전라남도 강진군 성전면 예향로 574,527813,59200,,,,126.72094773415,34.7384458320579
MA010120220800347659,해맞이충전소,,G2,소매,G214,연료 소매,G21402,가스 충전소,G47712,운송장비용 가스 충전업,47,경상북도,47111,포항시 남구,47111320,동해면,4711132032,동해면,4711132032100840003,1,대지,84,3,경상북도 포항시 남구 동해면 상정리 84-3,471113000101,경상북도 포항시 남구 동해면 동해안로,5099,,4711132032200800002000001,,경상북도 포항시 남구 동해면 동해안로 5099,790851,37923,,,,129.501665544169,35.9784993661332
MA010120220800393182,세지주,,G2,소매,G214,연료 소매,G21402,가스 충전소,G47712,운송장비용 가스 충전업,11,서울특별시,11560,영등포구,11560605,문래동,1156012400,문래동6가,1156012400100010002,1,대지,1,2,서울특별시 영등포구 문래동6가 1-2,115604154460,서울특별시 영등포구 선유로9가길,2,,1156012400100010002022478,문래동,서울특별시 영등포구 선유로9가길 2,150096,07281,,,,126.887845052227,37.5177855330949
MA010120220801942127,트리니티메니지먼트,,G2,소매,G214,연료 소매,G21402,가스 충전소,G47712,운송장비용 가스 충전업,41,경기도,41610,광주시,41610253,초월읍,4161025321,초월읍,4161025321104100000,1,대지,410,,경기도 광주시 초월읍 대쌍령리 410,416102012002,경기도 광주시 초월읍 경충대로,1337,132,4161025321104100000000001,,경기도 광주시 초월읍 경충대로 1337-132,464862,12735,,,,127.275091339738,37.3922780007395
MA010120220801912053,SK서평택LPG충전소,,G2,소매,G214,연료 소매,G21402,가스 충전소,G47712,운송장비용 가스 충전업,41,경기도,41220,평택시,41220340,오성면,4122034026,오성면,4122034026101550003,1,대지,155,3,경기도 평택시 오성면 죽리 155-3,412202012006,경기도 평택시 오성면 서동대로,1988,,4122034026101550003039831,,경기도 평택시 오성면 서동대로 1988,451872,17926,,,,126.96377758037,37.0051670828453
MA010120220801950921,허스코분당지에스충전소,,G2,소매,G214,연료 소매,G21402,가스 충전소,G47712,운송장비용 가스 충전업,41,경기도,41135,성남시 분당구,41135662,금곡동,4113511200,궁내동,4113511200103020008,1,대지,302,8,경기도 성남시 분당구 궁내동 302-8,411353180005,경기도 성남시 분당구 대왕판교로,359,,4113511200103020008037910,,경기도 성남시 분당구 대왕판교로 359,463869,13550,,,,127.101375480941,37.375795488356
MA010120220801948049,대성산업성남충전소주,,G2,소매,G214,연료 소매,G21402,가스 충전소,G47712,운송장비용 가스 충전업,41,경기도,41133,성남시 중원구,41133660,하대원동,4113310900,하대원동,4113310900102160015,1,대지,216,15,경기도 성남시 중원구 하대원동 216-15,411332179001,경기도 성남시 중원구 둔촌대로,347,,4113310900102160015017676,,경기도 성남시 중원구 둔촌대로 347,462840,13391,,,,127.156215180629,37.4315539548664
MA010120220801992884,티씨에스에너지,,G2,소매,G214,연료 소매,G21402,가스 충전소,G47712,운송장비용 가스 충전업,11,서울특별시,11560,영등포구,11560620,양평2동,1156012800,양평동4가,1156012800101580000,1,대지,158,,서울특별시 영등포구 양평동4가 158,115603005074,서울특별시 영등포구 선유로,270,,1156012800101590001019822,SK기린주유소,서울특별시 영등포구 선유로 270,150867,07222,,,,126.898667847613,37.5363199073995
MA010120220801945005,성남천연가스,,G2,소매,G214,연료 소매,G21402,가스 충전소,G47712,운송장비용 가스 충전업,41,경기도,41135,성남시 분당구,41135640,야탑3동,4113510700,야탑동,4113510700100640000,1,대지,64,,경기도 성남시 분당구 야탑동 64,411353180051,경기도 성남시 분당구 판교로,776,,4113510700100640000000001,,경기도 성남시 분당구 판교로 776,463816,13509,,,,127.158678928907,37.4050877834898
MA010120220801948996,성남에너지,,G2,소매,G214,연료 소매,G21402,가스 충전소,G47712,운송장비용 가스 충전업,41,경기도,41133,성남시 중원구,41133670,도촌동,4113310800,갈현동,4113310800105420001,1,대지,542,1,경기도 성남시 중원구 갈현동 542-1,411332012002,경기도 성남시 중원구 경충대로,2653,,4113310800105420000004090,,경기도 성남시 중원구 경충대로 2653,462080,13417,,,,127.155596307755,37.4218688442551
MA010120220801947367,한일가스산업성남충전소주,,G2,소매,G214,연료 소매,G21402,가스 충전소,G47712,운송장비용 가스 충전업,41,경기도,41131,성남시 수정구,41131580,수진2동,4113110300,수진동,4113110300145930000,1,대지,4593,,경기도 성남시 수정구 수진동 4593,411312000005,경기도 성남시 수정구 성남대로,1203,,4113110300145830000036422,외,경기도 성남시 수정구 성남대로 1203,461807,13313,,,,127.127740902304,37.4372104921587
MA010120220801947456,지에스칼텍스성남충전주,,G2,소매,G214,연료 소매,G21402,가스 충전소,G47712,운송장비용 가스 충전업,41,경기도,41133,성남시 중원구,41133660,하대원동,4113310900,하대원동,4113310900102160015,1,대지,216,15,경기도 성남시 중원구 하대원동 216-15,411332179001,경기도 성남시 중원구 둔촌대로,347,,4113310900102160015017676,,경기도 성남시 중원구 둔촌대로 347,462840,13391,,,,127.156215180629,37.4315539548664
MA010120220801988884,탑동충전소,,G2,소매,G214,연료 소매,G21402,가스 충전소,G47712,운송장비용 가스 충전업,41,경기도,41113,수원시 권선구,41113560,서둔동,4111313300,탑동,4111313300104280002,1,대지,428,2,경기도 수원시 권선구 탑동 428-2,411133012005,경기도 수원시 권선구 서부로,1782,,4111313300104280002024662,외,경기도 수원시 권선구 서부로 1782,441100,16611,,,,126.972017587908,37.2677656887619
MA010120220801947709,성남천연가스사송동지점주,,G2,소매,G214,연료 소매,G21402,가스 충전소,G47712,운송장비용 가스 충전업,41,경기도,41131,성남시 수정구,41131650,시흥동,4113111700,사송동,4113111700105790000,1,대지,579,,경기도 성남시 수정구 사송동 579,411313178014,경기도 성남시 수정구 사송로,41,,4113111700105790000000001,,경기도 성남시 수정구 사송로 41,461370,13446,,,,127.115142232249,37.4152566436654
MA010120220802022632,교하충전소,,G2,소매,G214,연료 소매,G21402,가스 충전소,G47712,운송장비용 가스 충전업,41,경기도,41480,파주시,41480540,교하동,4148011400,당하동,4148011400103380000,1,대지,338,,경기도 파주시 당하동 338,414803206085,경기도 파주시 천정구로,82,,4148025928103380000018369,외,경기도 파주시 천정구로 82,413070,10866,,1,,126.751787903256,37.7428600214267
MA010120220802079761,옥정LPG충전소,,G2,소매,G214,연료 소매,G21402,가스 충전소,G47712,운송장비용 가스 충전업,41,경기도,41630,양주시,41630570,옥정1동,4163011300,율정동,4163011300105960001,1,대지,596,1,경기도 양주시 율정동 596-1,416303212038,경기도 양주시 화합로,1677,,4163011300105960001059995,율정동,경기도 양주시 화합로 1677,482150,11464,,,,127.09222516811,37.8393800190966
MA010120220802061595,동일석유부천충전소주,,G2,소매,G214,연료 소매,G21402,가스 충전소,G47712,운송장비용 가스 충전업,41,경기도,41196,부천시 오정구,41196570,신흥동,4119610700,삼정동,4119610700100670007,1,대지,67,7,경기도 부천시 오정구 삼정동 67-7,411963184019,경기도 부천시 오정구 석천로,445,,4119910700100670007000001,,경기도 부천시 오정구 석천로 445,421808,14445,,,,126.769816366293,37.52616498453
MA010120220802061684,지에스칼텍스서해가스충전소주,,G2,소매,G214,연료 소매,G21402,가스 충전소,G47712,운송장비용 가스 충전업,41,경기도,41192,부천시 원미구,41192700,상3동,4119210900,상동,4119210900104990017,1,대지,499,17,경기도 부천시 원미구 상동 499-17,411922000015,경기도 부천시 원미구 송내대로,377,,4119510900104990017000001,,경기도 부천시 원미구 송내대로 377,420860,14502,,,,126.760580827098,37.5168663152955
MA010120220802061737,한유에너지공항가스주,,G2,소매,G214,연료 소매,G21402,가스 충전소,G47712,운송장비용 가스 충전업,41,경기도,41196,부천시 오정구,41196540,고강본동,4119610500,고강동,4119610500102180006,1,대지,218,6,경기도 부천시 오정구 고강동 218-6,411963184012,경기도 부천시 오정구 역곡로,558,,4119910500102180006047459,,경기도 부천시 오정구 역곡로 558,421192,14404,,,,126.816586253244,37.5344279608069
MA010120220802089033,눌제충전소,,G2,소매,G214,연료 소매,G21402,가스 충전소,G47712,운송장비용 가스 충전업,52,전북특별자치도,52180,정읍시,52180340,고부면,5218034021,고부면,5218034021105450001,1,대지,545,1,전북특별자치도 정읍시 고부면 관청리 545-1,521804610071,전북특별자치도 정읍시 고부면 관청길,95,,4518034021105450001037272,외,전북특별자치도 정읍시 고부면 관청길 95,580861,56150,,,,126.742668406584,35.6158265145071
MA010120220803714760,장안동가스충전소,,G2,소매,G214,연료 소매,G21402,가스 충전소,G47712,운송장비용 가스 충전업,11,서울특별시,11230,동대문구,11230650,장안1동,1123010600,장안동,1123010600104130006,1,대지,413,6,서울특별시 동대문구 장안동 413-6,112302000008,서울특별시 동대문구 천호대로,353,,1123010600104130006018090,,서울특별시 동대문구 천호대로 353,130843,02633,,,,127.058776827008,37.5629642483148
MA010120220803723753,홍릉가스주,,G2,소매,G214,연료 소매,G21402,가스 충전소,G47712,운송장비용 가스 충전업,11,서울특별시,11230,동대문구,11230705,청량리동,1123010700,청량리동,1123010700102050776,1,대지,205,776,서울특별시 동대문구 청량리동 205-776,112303105020,서울특별시 동대문구 회기로,44,,1123010700102050776011552,,서울특별시 동대문구 회기로 44,130868,02468,,,,127.041475183182,37.5911276652077
MA010120220803723890,우일에너지주,,G2,소매,G214,연료 소매,G21402,가스 충전소,G47712,운송장비용 가스 충전업,11,서울특별시,11290,성북구,11290685,길음2동,1129013600,하월곡동,1129013600100880681,1,대지,88,681,서울특별시 성북구 하월곡동 88-681,112903005036,서울특별시 성북구 종암로,201,,1129013600100880681017740,,서울특별시 성북구 종암로 201,136800,02733,,,,127.030408401418,37.6079705543321
MA010120220803698360,양지공예,,G2,소매,G214,연료 소매,G21402,가스 충전소,G47712,운송장비용 가스 충전업,52,전북특별자치도,52190,남원시,52190520,죽항동,5219010200,하정동,5219010200102270005,1,대지,227,5,전북특별자치도 남원시 하정동 227-5,521903271030,전북특별자치도 남원시 의총로,74,,4519010200102270005317873,,전북특별자치도 남원시 의총로 74,590987,55763,,1,,127.37661163379,35.4073933691036
MA010120220803717956,서울가스충전소,,G2,소매,G214,연료 소매,G21402,가스 충전소,G47712,운송장비용 가스 충전업,43,충청북도,43770,음성군,43770340,대소면,4377034024,대소면,4377034024103810047,1,대지,381,47,충청북도 음성군 대소면 성본리 381-47,437703014058,충청북도 음성군 대소면 대금로,789,,4377034024103810027000001,,충청북도 음성군 대소면 대금로 789,369823,27663,,,,127.522836883975,36.9766374460011
MA010120220803695004,신제천충전소,,G2,소매,G214,연료 소매,G21402,가스 충전소,G47712,운송장비용 가스 충전업,43,충청북도,43150,제천시,43150380,송학면,4315038021,송학면,4315038021102660000,1,대지,266,,충청북도 제천시 송학면 무도리 266,431503238087,충청북도 제천시 송학면 북부로,3276,,4315038021102660000000001,,충청북도 제천시 송학면 북부로 3276,390811,27126,,,,128.263064175379,37.1802393679021
MA010120220803722031,광릉충전소,,G2,소매,G214,연료 소매,G21402,가스 충전소,G47712,운송장비용 가스 충전업,41,경기도,41360,남양주시,41360253,진접읍,4136025326,진접읍,4136025326105820001,1,대지,582,1,경기도 남양주시 진접읍 팔야리 582-1,413603000121,경기도 남양주시 진접읍 금강로,1937,,4136025326105820001000001,,경기도 남양주시 진접읍 금강로 1937,472868,12018,,,,127.21605558326,37.7536898992444
MA010120220803795966,한국그린충전광양지사,,G2,소매,G214,연료 소매,G21402,가스 충전소,G47712,운송장비용 가스 충전업,46,전라남도,46230,광양시,46230250,광양읍,4623025026,광양읍,4623025026100900002,1,대지,90,2,전라남도 광양시 광양읍 초남리 90-2,462303285038,전라남도 광양시 광양읍 제철로,589,,4623025026100900002000001,,전라남도 광양시 광양읍 제철로 589,545801,57759,,,,127.620469688072,34.9229075557829
MA010120220803777880,줄포LPG충전소,,G2,소매,G214,연료 소매,G21402,가스 충전소,G47712,운송장비용 가스 충전업,52,전북특별자치도,52800,부안군,52800410,줄포면,5280041021,줄포면,5280041021109160026,1,대지,916,26,전북특별자치도 부안군 줄포면 줄포리 916-26,528003280096,전북특별자치도 부안군 줄포면 부안로,985,,4580041021109160026072701,,전북특별자치도 부안군 줄포면 부안로 985,579883,56325,,,,126.673604083874,35.597299978971
MA010120220803787350,은광가스충전소,,G2,소매,G214,연료 소매,G21402,가스 충전소,G47712,운송장비용 가스 충전업,26,부산광역시,26380,사하구,26380620,감천1동,2638010800,감천동,2638010800108050006,1,대지,805,6,부산광역시 사하구 감천동 805-6,263803134015,부산광역시 사하구 사하로,90,,2638010800108050006041374,,부산광역시 사하구 사하로 90,604806,49446,,,,128.994630299599,35.0900524450701
MA010120220803795387,대성산업동부충전소,,G2,소매,G214,연료 소매,G21402,가스 충전소,G47712,운송장비용 가스 충전업,11,서울특별시,11200,성동구,11200690,성수2가3동,1120011500,성수동2가,1120011500102840108,1,대지,284,108,서울특별시 성동구 성수동2가 284-108,112003005024,서울특별시 성동구 광나루로,200,,1120011500102840108003547,,서울특별시 성동구 광나루로 200,133833,04792,,,,127.052441032605,37.5504523792565
MA010120220803812204,민서가스충전소,,G2,소매,G214,연료 소매,G21402,가스 충전소,G47712,운송장비용 가스 충전업,43,충청북도,43745,증평군,43745250,증평읍,4374525032,증평읍,4374525032100840001,1,대지,84,1,충청북도 증평군 증평읍 송산리 84-1,437453240095,충청북도 증평군 증평읍 중부로,2481,,4374525032100840001000001,,충청북도 증평군 증평읍 중부로 2481,368906,27914,,,,127.585535796733,36.7970105686458
MA010120220803867004,통일가스,,G2,소매,G214,연료 소매,G21402,가스 충전소,G47712,운송장비용 가스 충전업,11,서울특별시,11200,성동구,11200540,마장동,1120010500,마장동,1120010500107670041,1,대지,767,41,서울특별시 성동구 마장동 767-41,112003005009,서울특별시 성동구 마장로,325,,1120010500107670041021291,,서울특별시 성동구 마장로 325,133815,04756,,1,,127.045039097209,37.5677725971924
MA010120220803837289,한양에너지,,G2,소매,G214,연료 소매,G21402,가스 충전소,G47712,운송장비용 가스 충전업,11,서울특별시,11215,광진구,11215740,중곡1동,1121510100,중곡동,1121510100102370008,1,대지,237,8,서울특별시 광진구 중곡동 237-8,112153000001,서울특별시 광진구 동일로,381,,1121510100102370008004227,,서울특별시 광진구 동일로 381,143903,04900,,,,127.07658296626,37.5650984117951
MA010120220803837290,해양가스주,,G2,소매,G214,연료 소매,G21402,가스 충전소,G47712,운송장비용 가스 충전업,11,서울특별시,11215,광진구,11215820,자양1동,1121510500,자양동,1121510500106280019,1,대지,628,19,서울특별시 광진구 자양동 628-19,112153104010,서울특별시 광진구 자양로,77,,1121510500106280019013114,,서울특별시 광진구 자양로 77,143867,05056,,,,127.083691051605,37.534630836204
MA010120220805253989,수도에너지동,서울지점,G2,소매,G214,연료 소매,G21402,가스 충전소,G47712,운송장비용 가스 충전업,11,서울특별시,11230,동대문구,11230720,휘경1동,1123010900,휘경동,1123010900102670010,1,대지,267,10,서울특별시 동대문구 휘경동 267-10,112303005032,서울특별시 동대문구 망우로,57,,1123010900102670010009741,,서울특별시 동대문구 망우로 57,130876,02439,,,,127.059465820855,37.5896333354483
MA010120220805259526,남산충전소,,G2,소매,G214,연료 소매,G21402,가스 충전소,G47712,운송장비용 가스 충전업,47,경상북도,47130,경주시,47130570,황남동,4713014300,배동,4713014300106100000,1,대지,610,,경상북도 경주시 배동 610,471302000017,경상북도 경주시 반구대로,3682,15,4713014300105940012037818,,경상북도 경주시 반구대로 3682-15,780080,38173,,,,129.204132817342,35.8043907051928
MA010120220805246268,오토가스남원충전소,,G2,소매,G214,연료 소매,G21402,가스 충전소,G47712,운송장비용 가스 충전업,52,전북특별자치도,52190,남원시,52190570,향교동,5219011200,용정동,5219011200102370006,1,대지,237,6,전북특별자치도 남원시 용정동 237-6,521903266092,전북특별자치도 남원시 춘향로,156,,4519011200102370006300989,,전북특별자치도 남원시 춘향로 156,590989,55727,,,,127.388020917729,35.4265732800605
MA010120220805251839,판암ICLPG충전소,,G2,소매,G214,연료 소매,G21402,가스 충전소,G47712,운송장비용 가스 충전업,30,대전광역시,30110,동구,30110551,판암1동,3011010800,삼정동,3011010800101180011,1,대지,118,11,대전광역시 동구 삼정동 118-11,301103000091,대전광역시 동구 옥천로,309,,3011010800101180011029153,,대전광역시 동구 옥천로 309,300832,34502,,,,127.471493930663,36.32252630778
MA010120220805244116,이천강가주유소,,G2,소매,G214,연료 소매,G21402,가스 충전소,G47712,운송장비용 가스 충전업,41,경기도,41500,이천시,41500253,부발읍,4150025323,부발읍,4150025323105580051,1,대지,558,51,경기도 이천시 부발읍 신원리 558-51,415002012012,경기도 이천시 부발읍 중부대로,1782,,4150025323105580051049864,,경기도 이천시 부발읍 중부대로 1782,467862,17318,,,,127.504414500174,37.2897337880909
MA010120220805296977,제주가스충전소,,G2,소매,G214,연료 소매,G21402,가스 충전소,G47712,운송장비용 가스 충전업,50,제주특별자치도,50110,제주시,50110590,건입동,5011010700,건입동,5011010700105610002,1,대지,561,2,제주특별자치도 제주시 건입동 561-2,501103349056,제주특별자치도 제주시 동문로,157,,5011010700105610002025310,,제주특별자치도 제주시 동문로 157,690800,63284,,,,126.543463790689,33.5136972745192
MA010120220805304858,충주시수소버스충전소,,G2,소매,G214,연료 소매,G21402,가스 충전소,G47712,운송장비용 가스 충전업,43,충청북도,43130,충주시,43130640,목행.용탄동,4313011900,목행동,4313011900200690006,2,산,69,6,충청북도 충주시 목행동 산69-6,431302238002,충청북도 충주시 국원대로,385,,4313011900200690006000001,,충청북도 충주시 국원대로 385,380240,27334,,,,127.930002330419,37.005601810524
MA010120220805297361,하양우성LPG충전소,,G2,소매,G214,연료 소매,G21402,가스 충전소,G47712,운송장비용 가스 충전업,47,경상북도,47290,경산시,47290250,하양읍,4729025022,하양읍,4729025022108850001,1,대지,885,1,경상북도 경산시 하양읍 동서리 885-1,472903000047,경상북도 경산시 하양읍 대경로,844,,4729025022108850001026659,,경상북도 경산시 하양읍 대경로 844,712908,38420,,,,128.830910837997,35.917158650428
MA010120220805305335,신도가스,,G2,소매,G214,연료 소매,G21402,가스 충전소,G47712,운송장비용 가스 충전업,46,전라남도,46830,영암군,46830330,신북면,4683033029,신북면,4683033029106780001,1,대지,678,1,전라남도 영암군 신북면 이천리 678-1,468303295124,전라남도 영암군 신북면 호산로,605,,4683033029106780001030433,,전라남도 영암군 신북면 호산로 605,526813,58403,,,,126.678631327883,34.8799345207762
MA010120220805314722,마라톤가스초량충전소,,G2,소매,G214,연료 소매,G21402,가스 충전소,G47712,운송장비용 가스 충전업,26,부산광역시,26170,동구,26170530,초량3동,2617010100,초량동,2617010100111570009,1,대지,1157,9,부산광역시 동구 초량동 1157-9,261702000010,부산광역시 동구 중앙대로,310,,2617010100111570009007498,,부산광역시 동구 중앙대로 310,601837,48729,,,,129.045025271259,35.1240159174338
MA010120220805284913,삼영에너지,,G2,소매,G214,연료 소매,G21402,가스 충전소,G47712,운송장비용 가스 충전업,52,전북특별자치도,52111,전주시 완산구,52111703,삼천3동,5211113600,용복동,5211113600102240002,1,대지,224,2,전북특별자치도 전주시 완산구 용복동 224-2,521113266046,전북특별자치도 전주시 완산구 쑥고개로,11,,4511113600102240002004805,,전북특별자치도 전주시 완산구 쑥고개로 11,560297,55072,,,,127.069058895024,35.7909114507754
MA010120220805293912,대불충전소,,G2,소매,G214,연료 소매,G21402,가스 충전소,G47712,운송장비용 가스 충전업,46,전라남도,46830,영암군,46830253,삼호읍,4683025327,삼호읍,4683025327116850046,1,대지,1685,46,전라남도 영암군 삼호읍 난전리 1685-46,468303295024,전라남도 영암군 삼호읍 대불로,799,,4683025327116850048000001,,전라남도 영암군 삼호읍 대불로 799,526892,58448,,,,126.432924265647,34.7748536843146
MA010120220805335548,세광가스행복충전소,,G2,소매,G214,연료 소매,G21402,가스 충전소,G47712,운송장비용 가스 충전업,41,경기도,41113,수원시 권선구,41113650,구운동,4111313200,구운동,4111313200106800001,1,대지,680,1,경기도 수원시 권선구 구운동 680-1,411133000064,경기도 수원시 권선구 수인로,377,,4111313200106800001053625,,경기도 수원시 권선구 수인로 377,441819,16404,,,,126.964725061523,37.287983078337
MA010120220805375434,도솔공영에너지,,G2,소매,G214,연료 소매,G21402,가스 충전소,G47712,운송장비용 가스 충전업,44,충청남도,44133,천안시 서북구,44133580,부성1동,4413311000,신당동,4413311000101090025,1,대지,109,25,충청남도 천안시 서북구 신당동 109-25,441334862912,충청남도 천안시 서북구 상고1길,48,,4413311000101090025040718,,충청남도 천안시 서북구 상고1길 48,331280,31083,,,,127.158996439846,36.8570167161367
MA010120220805388888,케이엘에너지,,G2,소매,G214,연료 소매,G21402,가스 충전소,G47712,운송장비용 가스 충전업,46,전라남도,46860,함평군,46860330,학교면,4686033028,학교면,4686033028114360010,1,대지,1436,10,전라남도 함평군 학교면 월산리 1436-10,468603297013,전라남도 함평군 학교면 함영로,730,,4686033028114360010000001,,전라남도 함평군 학교면 함영로 730,525811,57158,,,,126.534499915167,35.0421670182875
MA010120220805390895,북대구LPG충전소,,G2,소매,G214,연료 소매,G21402,가스 충전소,G47712,운송장비용 가스 충전업,27,대구광역시,27230,북구,27230620,산격2동,2723011100,산격동,2723011100107580013,1,대지,758,13,대구광역시 북구 산격동 758-13,272303007005,대구광역시 북구 동북로,3,,2723011100107580010001652,,대구광역시 북구 동북로 3,702835,41502,,,,128.593934941857,35.901723656799
MA010120220806757775,38선충전소,,G2,소매,G214,연료 소매,G21402,가스 충전소,G47712,운송장비용 가스 충전업,51,강원특별자치도,51810,인제군,51810310,남면,5181031024,남면,5181031024110700033,1,대지,1070,33,강원특별자치도 인제군 남면 부평리 1070-33,518103000146,강원특별자치도 인제군 남면 설악로,1137,,4281031024110700033000001,,강원특별자치도 인제군 남면 설악로 1137,252813,24646,,,,128.11638871636,38.0020163323383
MA010120220806794991,대전도시공사낭월수소충전소,,G2,소매,G214,연료 소매,G21402,가스 충전소,G47712,운송장비용 가스 충전업,30,대전광역시,30110,동구,30110740,산내동,3011014200,구도동,3011014200100770004,1,대지,77,4,대전광역시 동구 구도동 77-4,301103000088,대전광역시 동구 금산로,455,,3011014200100770004000001,외,대전광역시 동구 금산로 455,300300,34709,,,,127.478723143962,36.2681474230643
MA010120220806795096,포항개인택시제3충전소,,G2,소매,G214,연료 소매,G21402,가스 충전소,G47712,운송장비용 가스 충전업,47,경상북도,47113,포항시 북구,47113680,우창동,4711311800,우현동,4711311800104520001,1,대지,452,1,경상북도 포항시 북구 우현동 452-1,471133304018,경상북도 포항시 북구 소티재로,211,,4711311800104520001109103,,경상북도 포항시 북구 소티재로 211,791814,37642,,,,129.348658230723,36.0695218800892
MA010120220806800862,단봉LPG충전소,,G2,소매,G214,연료 소매,G21402,가스 충전소,G47712,운송장비용 가스 충전업,51,강원특별자치도,51170,동해시,51170600,북평동,5117011600,단봉동,5117011600104750003,1,대지,475,3,강원특별자치도 동해시 단봉동 475-3,511703013008,강원특별자치도 동해시 강원남부로,4654,,4217011600004750003016541,,강원특별자치도 동해시 강원남부로 4654,240200,25821,,,,129.115825243916,37.4663014926403
MA010120220806776991,송우리LPG충전소,,G2,소매,G214,연료 소매,G21402,가스 충전소,G47712,운송장비용 가스 충전업,41,경기도,41650,포천시,41650250,소흘읍,4165025021,소흘읍,4165025021104600002,1,대지,460,2,경기도 포천시 소흘읍 송우리 460-2,416503000136,경기도 포천시 소흘읍 호국로,636,,4165025021104600002000001,,경기도 포천시 소흘읍 호국로 636,487823,11169,,,,127.147330142197,37.8253591809804
MA010120220806771752,에스케이동원충전소,,G2,소매,G214,연료 소매,G21402,가스 충전소,G47712,운송장비용 가스 충전업,43,충청북도,43130,충주시,43130335,대소원면,4313033521,대소원면,4313033521100650002,1,대지,65,2,충청북도 충주시 대소원면 대소리 65-2,431302246001,충청북도 충주시 대소원면 중원대로,4363,,4313033021100650002038405,,충청북도 충주시 대소원면 중원대로 4363,380872,27472,,,,127.825091069943,36.972380611876
MA010120220806850274,양주에너지덕정LPG충전소,,G2,소매,G214,연료 소매,G21402,가스 충전소,G47712,운송장비용 가스 충전업,41,경기도,41630,양주시,41630540,회천2동,4163011700,회정동,4163011700105220000,1,대지,522,,경기도 양주시 회정동 522,416303212038,경기도 양주시 화합로,1277,,4163011700105220000059787,,경기도 양주시 화합로 1277,482170,11433,,,,127.056058893168,37.8470428725167
MA010120220806825171,대원에너지,,G2,소매,G214,연료 소매,G21402,가스 충전소,G47712,운송장비용 가스 충전업,41,경기도,41450,하남시,41450530,신장2동,4145010300,창우동,4145010300105220000,1,대지,522,,경기도 하남시 창우동 522,414503202036,경기도 하남시 창우로,130,,4145010300105220000003087,,경기도 하남시 창우로 130,465810,13023,,,,127.229268821789,37.5377536157191
MA010120220806830489,경기산업가스,,G2,소매,G214,연료 소매,G21402,가스 충전소,G47712,운송장비용 가스 충전업,41,경기도,41500,이천시,41500380,율면,4150038025,율면,4150038025102630000,1,대지,263,,경기도 이천시 율면 산양리 263,415003000127,경기도 이천시 율면 일생로,534,,4150038025102630000018681,,경기도 이천시 율면 일생로 534,467892,17424,,,,127.520742911146,37.0565895377062
MA010120220806847544,덕산LPG충전소,,G2,소매,G214,연료 소매,G21402,가스 충전소,G47712,운송장비용 가스 충전업,44,충청남도,44810,예산군,44810360,덕산면,4481036029,덕산면,4481036029100320002,1,대지,32,2,충청남도 예산군 덕산면 대치리 32-2,448103015083,충청남도 예산군 덕산면 윤봉길로,496,,4481036029100320002000001,,충청남도 예산군 덕산면 윤봉길로 496,340921,32407,,,,126.629492830602,36.6851721757236
MA010120220806865486,에스엠에너지직영삼산충전소,,G2,소매,G214,연료 소매,G21402,가스 충전소,G47712,운송장비용 가스 충전업,28,인천광역시,28237,부평구,28237648,삼산2동,2823710500,삼산동,2823710500101060043,1,대지,106,43,인천광역시 부평구 삼산동 106-43,282373000067,인천광역시 부평구 평천로,524,,2823710500101060043110271,,인천광역시 부평구 평천로 524,403092,21326,,,,126.749124428653,37.5162298563958
MA010120220808213820,양주에너지봉양LPG충전소,,G2,소매,G214,연료 소매,G21402,가스 충전소,G47712,운송장비용 가스 충전업,41,경기도,41630,양주시,41630530,회천1동,4163011100,봉양동,4163011100108010006,1,대지,801,6,경기도 양주시 봉양동 801-6,416303215066,경기도 양주시 평화로,2041,,4163011100108010006014399,,경기도 양주시 평화로 2041,482090,11447,,1,,127.059838216222,37.8700332846332
MA010120220808193885,주안역충전소,,G2,소매,G214,연료 소매,G21402,가스 충전소,G47712,운송장비용 가스 충전업,28,인천광역시,28177,미추홀구,28177620,주안1동,2817710500,주안동,2817710500102390001,1,대지,239,1,인천광역시 미추홀구 주안동 239-1,281773008014,인천광역시 미추홀구 주안로,81,,2817010600102390001026728,주안역LPG충전소,인천광역시 미추홀구 주안로 81,402835,22132,,,,126.678661317761,37.4645037308793
MA010120220808248702,정관LPG충전소,,G2,소매,G214,연료 소매,G21402,가스 충전소,G47712,운송장비용 가스 충전업,26,부산광역시,26710,기장군,26710256,정관읍,2671025630,정관읍,2671025630103290004,1,대지,329,4,부산광역시 기장군 정관읍 예림리 329-4,267103140047,부산광역시 기장군 정관읍 정관로,907,,2671032030103290004000001,정관가스충전소,부산광역시 기장군 정관읍 정관로 907,619961,46020,,,,129.210965423338,35.3247462658296
MA010120220808277454,한진가스,,G2,소매,G214,연료 소매,G21402,가스 충전소,G47712,운송장비용 가스 충전업,41,경기도,41461,용인시 처인구,41461526,삼가동,4146110300,삼가동,4146110300102500007,1,대지,250,7,경기도 용인시 처인구 삼가동 250-7,414612012012,경기도 용인시 처인구 중부대로,1148,,4146110300102500007029061,한진가스LPG충전소,경기도 용인시 처인구 중부대로 1148,449060,17091,,,,127.172801839981,37.239548375779
MA010120220808274872,송은LP가스충전소,,G2,소매,G214,연료 소매,G21402,가스 충전소,G47712,운송장비용 가스 충전업,51,강원특별자치도,51150,강릉시,51150360,사천면,5115036021,사천면,5115036021104430001,1,대지,443,1,강원특별자치도 강릉시 사천면 미노리 443-1,511502000023,강원특별자치도 강릉시 사천면 동해대로,3712,,4215036021004430001056424,,강원특별자치도 강릉시 사천면 동해대로 3712,210852,25436,,,,128.854418521819,37.8161847448806
MA010120220808275049,태성가스,,G2,소매,G214,연료 소매,G21402,가스 충전소,G47712,운송장비용 가스 충전업,48,경상남도,48870,함양군,48870250,함양읍,4887025024,함양읍,4887025024100570014,1,대지,57,14,경상남도 함양군 함양읍 교산리 57-14,488703346023,경상남도 함양군 함양읍 한들로,246,,4887025024100570014000001,,경상남도 함양군 함양읍 한들로 246,676801,50024,,,,127.735039864154,35.5282021629618
MA010120220808297634,옥수LPG충전소,,G2,소매,G214,연료 소매,G21402,가스 충전소,G47712,운송장비용 가스 충전업,43,충청북도,43114,청주시 청원구,43114310,북이면,4311431036,북이면,4311431036100020003,1,대지,2,3,충청북도 청주시 청원구 북이면 옥수리 2-3,431143244026,충청북도 청주시 청원구 북이면 중앙로,26,,4371043036100020003000001,,충청북도 청주시 청원구 북이면 중앙로 26,363922,28135,,,,127.567074492387,36.7732117961638
MA010120220808321434,전세버스복합터미널,,G2,소매,G214,연료 소매,G21402,가스 충전소,G47712,운송장비용 가스 충전업,41,경기도,41590,화성시,41590570,화산동,4159012600,안녕동,4159012600101880357,1,대지,188,357,경기도 화성시 안녕동 188-357,415904430897,경기도 화성시 안녕길,49,,4159012600001880357011607,,경기도 화성시 안녕길 49,445380,18325,,,,126.991010895886,37.2032897660203
MA010120220808331640,대성산업아산제일충전소,,G2,소매,G214,연료 소매,G21402,가스 충전소,G47712,운송장비용 가스 충전업,44,충청남도,44200,아산시,44200600,온양4동,4420010300,방축동,4420010300101410012,1,대지,141,12,충청남도 아산시 방축동 141-12,442003015033,충청남도 아산시 온천대로,1346,,4420010300101410012040984,,충청남도 아산시 온천대로 1346,336070,31500,,,,126.988136030765,36.7848264352032
MA010120220808331765,서울강서버스수소충전소,,G2,소매,G214,연료 소매,G21402,가스 충전소,G47712,운송장비용 가스 충전업,11,서울특별시,11500,강서구,11500640,방화2동,1150011000,개화동,1150011000106630000,1,대지,663,,서울특별시 강서구 개화동 663,115004145109,서울특별시 강서구 개화동로8길,17,,1150011000100000000100010,,서울특별시 강서구 개화동로8길 17,157853,07505,,,,126.797234856276,37.5777522521646
MA010120220808331874,신항만에너지,,G2,소매,G214,연료 소매,G21402,가스 충전소,G47712,운송장비용 가스 충전업,26,부산광역시,26440,강서구,26440560,녹산동,2644011100,녹산동,2644011100106180000,1,대지,618,,부산광역시 강서구 녹산동 618,264403006030,부산광역시 강서구 낙동남로,501,,2644011100106180000000001,,부산광역시 강서구 낙동남로 501,618210,46728,,,,128.874598292083,35.1127409685709
MA010120220808341351,씨에스석유산업,,G2,소매,G214,연료 소매,G21402,가스 충전소,G47712,운송장비용 가스 충전업,41,경기도,41590,화성시,41590310,매송면,4159031025,매송면,4159031025108010000,1,대지,801,,경기도 화성시 매송면 야목리 801,415903210035,경기도 화성시 매송면 매송로,279,,4159031025108010000000001,,경기도 화성시 매송면 매송로 279,445831,18286,,,,126.886007293029,37.260226460133
MA010120220800068257,구미개인택시2충전소,,G2,소매,G214,연료 소매,G21402,가스 충전소,G47712,운송장비용 가스 충전업,47,경상북도,47190,구미시,47190645,상모사곡동,4719011500,사곡동,4719011500103820000,1,대지,382,,경상북도 구미시 사곡동 382,471903308015,경상북도 구미시 박정희로,294,,4719011500103820000028427,,경상북도 구미시 박정희로 294,730110,39323,,,,128.357634570164,36.1039635099608
MA010120220800091020,마중충전소,,G2,소매,G214,연료 소매,G21402,가스 충전소,G47712,운송장비용 가스 충전업,44,충청남도,44800,홍성군,44800380,갈산면,4480038021,갈산면,4480038021104050002,1,대지,405,2,충청남도 홍성군 갈산면 상촌리 405-2,448003254221,충청남도 홍성군 갈산면 천수만로,968,,4480038021104030010051367,,충청남도 홍성군 갈산면 천수만로 968,350853,32202,,,,126.54512302359,36.6011198840783
MA010120220800135886,세류역LPG충전소,,G2,소매,G214,연료 소매,G21402,가스 충전소,G47712,운송장비용 가스 충전업,41,경기도,41113,수원시 권선구,41113680,권선2동,4111313700,권선동,4111313700108970003,1,대지,897,3,경기도 수원시 권선구 권선동 897-3,411133012006,경기도 수원시 권선구 정조로,316,,4111313700108970003029503,외,경기도 수원시 권선구 정조로 316,441820,16666,,,,127.017851274638,37.2382674746611
MA010120220800102245,모화가스충전소,,G2,소매,G214,연료 소매,G21402,가스 충전소,G47712,운송장비용 가스 충전업,47,경상북도,47130,경주시,47130259,외동읍,4713025922,외동읍,4713025922102680003,1,대지,268,3,경상북도 경주시 외동읍 모화리 268-3,471303000104,경상북도 경주시 외동읍 산업로,1796,,4713025922102690003134456,,경상북도 경주시 외동읍 산업로 1796,780825,38208,,,,129.335958656322,35.6751249967761
MA010120220800160875,영동LPG충전소,,G2,소매,G214,연료 소매,G21402,가스 충전소,G47712,운송장비용 가스 충전업,47,경상북도,47900,예천군,47900250,예천읍,4790025032,예천읍,4790025032104450015,1,대지,445,15,경상북도 예천군 예천읍 청복리 445-15,479003323006,경상북도 예천군 예천읍 양궁로,164,,4790025032104450015000001,,경상북도 예천군 예천읍 양궁로 164,757807,36830,,,,128.467173214863,36.6398834665661
MA010120220800148113,새청도LPG충전소,,G2,소매,G214,연료 소매,G21402,가스 충전소,G47712,운송장비용 가스 충전업,47,경상북도,47820,청도군,47820253,청도읍,4782025329,청도읍,4782025329105540005,1,대지,554,5,경상북도 청도군 청도읍 원정리 554-5,478203350737,경상북도 청도군 청도읍 새마을로,1307,,4782025329105540005049631,,경상북도 청도군 청도읍 새마을로 1307,714807,38337,,,,128.750823909234,35.6481310417883
MA010120220800167680,구미개인택시조합,,G2,소매,G214,연료 소매,G21402,가스 충전소,G47712,운송장비용 가스 충전업,47,경상북도,47190,구미시,47190551,도량동,4719010300,도량동,4719010300103000000,1,대지,300,,경상북도 구미시 도량동 300,471903018024,경상북도 구미시 야은로,350,,4719010300103000000034527,,경상북도 구미시 야은로 350,730908,39215,,,,128.321064679485,36.1376244967215
MA010120220801730441,광일에너지주,,G2,소매,G214,연료 소매,G21402,가스 충전소,G47712,운송장비용 가스 충전업,41,경기도,41650,포천시,41650510,포천동,4165010200,어룡동,4165010200103890002,1,대지,389,2,경기도 포천시 어룡동 389-2,416503000136,경기도 포천시 호국로,1397,,4165010200103890002028929,,경기도 포천시 호국로 1397,487050,11150,,1,,127.189493366971,37.8833741729964
MA010120220801734177,창림에너지주,,G2,소매,G214,연료 소매,G21402,가스 충전소,G47712,운송장비용 가스 충전업,41,경기도,41250,동두천시,41250565,불현동,4125010200,지행동,4125010200104060001,1,대지,406,1,경기도 동두천시 지행동 406-1,412503215066,경기도 동두천시 평화로,2244,,4125010200104060001000010,,경기도 동두천시 평화로 2244,483020,11361,,,,127.056999332416,37.8879455387211
MA010120220801736138,강촌엘피지,,G2,소매,G214,연료 소매,G21402,가스 충전소,G47712,운송장비용 가스 충전업,41,경기도,41150,의정부시,41150567,신곡1동,4115010400,신곡동,4115010400102620002,1,대지,262,2,경기도 의정부시 신곡동 262-2,411503181006,경기도 의정부시 금신로,54,,4115010400102620002019052,,경기도 의정부시 금신로 54,480830,11795,,,,127.064679024238,37.7258680578175
MA010120220801707533,대성충전소,,G2,소매,G214,연료 소매,G21402,가스 충전소,G47712,운송장비용 가스 충전업,41,경기도,41360,남양주시,41360259,진건읍,4136025923,진건읍,4136025923105200000,1,대지,520,,경기도 남양주시 진건읍 진관리 520,413603000121,경기도 남양주시 진건읍 금강로,586,,4136025923105200000009004,,경기도 남양주시 진건읍 금강로 586,472831,12139,,,,127.159914561589,37.6562670427926
MA010120220801733945,축석충전소,,G2,소매,G214,연료 소매,G21402,가스 충전소,G47712,운송장비용 가스 충전업,41,경기도,41650,포천시,41650250,소흘읍,4165025022,소흘읍,4165025022105620001,1,대지,562,1,경기도 포천시 소흘읍 이동교리 562-1,416503000136,경기도 포천시 소흘읍 호국로,68,,4165025022105620001003133,,경기도 포천시 소흘읍 호국로 68,487826,11184,,,,127.119919915294,37.7817658352685
MA010120220801733948,고려에너지산업철원충전소주,,G2,소매,G214,연료 소매,G21402,가스 충전소,G47712,운송장비용 가스 충전업,51,강원특별자치도,51780,철원군,51780256,갈말읍,5178025623,갈말읍,5178025623101240002,1,대지,124,2,강원특별자치도 철원군 갈말읍 강포리 124-2,517803000136,강원특별자치도 철원군 갈말읍 호국로,4426,,4278025623101290000032393,,강원특별자치도 철원군 갈말읍 호국로 4426,269801,24046,,,,127.295028878324,38.1195961123084
MA010120220801735231,신양에너지,,G2,소매,G214,연료 소매,G21402,가스 충전소,G47712,운송장비용 가스 충전업,41,경기도,41630,양주시,41630310,은현면,4163031026,은현면,4163031026100440009,1,대지,44,9,경기도 양주시 은현면 도하리 44-9,416303212008,경기도 양주시 은현면 그루고개로,554,,4163031026100440009000001,,경기도 양주시 은현면 그루고개로 554,482861,11431,,,,127.013704327363,37.8581281194631
MA010120220801737261,양주씨엔지,,G2,소매,G214,연료 소매,G21402,가스 충전소,G47712,운송장비용 가스 충전업,41,경기도,41630,양주시,41630520,양주2동,4163010700,만송동,4163010700102460012,1,대지,246,12,경기도 양주시 만송동 246-12,416303212041,경기도 양주시 고삼로,17,22,4163010700102460012000002,,경기도 양주시 고삼로 17-22,482080,11494,,1,,127.085421274427,37.8009052835052
MA010120220801734000,인우이엔씨,,G2,소매,G214,연료 소매,G21402,가스 충전소,G47712,운송장비용 가스 충전업,41,경기도,41650,포천시,41650320,내촌면,4165032024,내촌면,4165032024102750020,1,대지,275,20,경기도 포천시 내촌면 내리 275-20,416503000121,경기도 포천시 내촌면 금강로,2427,,4165032024102750020005196,,경기도 포천시 내촌면 금강로 2427,487831,11189,,,,127.230147721525,37.7935218006571
MA010120220801734017,삼호에너지서파충전소주,,G2,소매,G214,연료 소매,G21402,가스 충전소,G47712,운송장비용 가스 충전업,41,경기도,41650,포천시,41650320,내촌면,4165032026,내촌면,4165032026100910007,1,대지,91,7,경기도 포천시 내촌면 신팔리 91-7,416503000121,경기도 포천시 내촌면 금강로,3138,,4165032026100910007018332,,경기도 포천시 내촌면 금강로 3138,487834,11188,,,,127.274043372759,37.8403946624225
MA010120220801689954,신문혜충전소,,G2,소매,G214,연료 소매,G21402,가스 충전소,G47712,운송장비용 가스 충전업,51,강원특별자치도,51780,철원군,51780256,갈말읍,5178025625,갈말읍,5178025625104340012,1,대지,434,12,강원특별자치도 철원군 갈말읍 문혜리 434-12,517803230034,강원특별자치도 철원군 갈말읍 태봉로,1421,,4278025625104340012036936,,강원특별자치도 철원군 갈말읍 태봉로 1421,269804,24031,,,,127.333481744757,38.1845654440014
MA010120220801689971,포천충전소,,G2,소매,G214,연료 소매,G21402,가스 충전소,G47712,운송장비용 가스 충전업,41,경기도,41650,포천시,41650340,신북면,4165034021,신북면,4165034021101530002,1,대지,153,2,경기도 포천시 신북면 가채리 153-2,416503213059,경기도 포천시 신북면 중앙로,284,,4165034021101530003000001,,경기도 포천시 신북면 중앙로 284,487911,11140,,,,127.212177987656,37.9095169027148
MA010120220801734414,대성산업의정부충전소,,G2,소매,G214,연료 소매,G21402,가스 충전소,G47712,운송장비용 가스 충전업,41,경기도,41150,의정부시,41150510,의정부1동,4115010100,의정부동,4115010100103850002,1,대지,385,2,경기도 의정부시 의정부동 385-2,411503215066,경기도 의정부시 평화로,433,,4115010100103850002014850,,경기도 의정부시 평화로 433,480011,11700,,,,127.047701314609,37.730678325901
MA010120220801749157,서운가스충전소,,G2,소매,G214,연료 소매,G21402,가스 충전소,G47712,운송장비용 가스 충전업,28,인천광역시,28245,계양구,28245640,작전서운동,2824510400,서운동,2824510400101490006,1,대지,149,6,인천광역시 계양구 서운동 149-6,282452000016,인천광역시 계양구 봉오대로,934,,2824510400101490006029705,,인천광역시 계양구 봉오대로 934,407819,21075,,,,126.752967900747,37.5306809931124
MA010120220801773399,썬LPG충전소,,G2,소매,G214,연료 소매,G21402,가스 충전소,G47712,운송장비용 가스 충전업,41,경기도,41281,고양시 덕양구,41281660,화전동,4128112900,화전동,4128112900107570006,1,대지,757,6,경기도 고양시 덕양구 화전동 757-6,412813192094,경기도 고양시 덕양구 중앙로,279,,4128112900107320001003137,화전동,경기도 고양시 덕양구 중앙로 279,412160,10537,,,,126.86088906789,37.6092800063254
MA010120220801784807,삼원에너지,,G2,소매,G214,연료 소매,G21402,가스 충전소,G47712,운송장비용 가스 충전업,41,경기도,41480,파주시,41480510,금촌1동,4148010200,아동동,4148010200103220019,1,대지,322,19,경기도 파주시 아동동 322-19,414803206045,경기도 파주시 새꽃로,279,,4148010200103220019069061,,경기도 파주시 새꽃로 279,413803,10944,,,,126.782572814824,37.7687064551332
MA010120220801769241,화전LPG충전소,,G2,소매,G214,연료 소매,G21402,가스 충전소,G47712,운송장비용 가스 충전업,41,경기도,41281,고양시 덕양구,41281660,화전동,4128112900,화전동,4128112900107320000,1,대지,732,,경기도 고양시 덕양구 화전동 732,412813192094,경기도 고양시 덕양구 중앙로,246,,4128112900107320000017348,화전동,경기도 고양시 덕양구 중앙로 246,412160,10537,,,,126.864538103257,37.6080498965335
MA010120220801753001,경산신천LPG충전소,,G2,소매,G214,연료 소매,G21402,가스 충전소,G47712,운송장비용 가스 충전업,47,경상북도,47290,경산시,47290560,동부동,4729012300,신천동,4729012300102000000,1,대지,200,,경상북도 경산시 신천동 200,472903313087,경상북도 경산시 원효로,426,,4729012300102000000000001,신천동,경상북도 경산시 원효로 426,712200,38577,,,,128.781414579506,35.8112653276187
MA010120220801821576,서서울충전소,,G2,소매,G214,연료 소매,G21402,가스 충전소,G47712,운송장비용 가스 충전업,41,경기도,41287,고양시 일산서구,41287600,덕이동,4128710500,덕이동,4128710500111840006,1,대지,1184,6,경기도 고양시 일산서구 덕이동 1184-6,412873194012,경기도 고양시 일산서구 덕이로,300,,4128710500111840006017069,,경기도 고양시 일산서구 덕이로 300,411809,10227,,,,126.732724784054,37.7024368814763
MA010120220801812834,통일로내유가스충전소,,G2,소매,G214,연료 소매,G21402,가스 충전소,G47712,운송장비용 가스 충전업,41,경기도,41281,고양시 덕양구,41281600,관산동,4128111900,내유동,4128111900104820010,1,대지,482,10,경기도 고양시 덕양구 내유동 482-10,412813000008,경기도 고양시 덕양구 통일로,1190,,4128111900104820010000001,외,경기도 고양시 덕양구 통일로 1190,412804,10264,,,,126.848692934423,37.7202567393654
MA010120220801829759,일산CNG충전소,,G2,소매,G214,연료 소매,G21402,가스 충전소,G47712,운송장비용 가스 충전업,41,경기도,41285,고양시 일산동구,41285510,식사동,4128510100,식사동,4128510100102490028,1,대지,249,28,경기도 고양시 일산동구 식사동 249-28,412853193004,경기도 고양시 일산동구 견달산로,246,3,4128510100102490028000003,,경기도 고양시 일산동구 견달산로 246-3,410821,10316,,,,126.820404220429,37.687727925384
MA010120220801829833,번영INT,,G2,소매,G214,연료 소매,G21402,가스 충전소,G47712,운송장비용 가스 충전업,41,경기도,41550,안성시,41550380,원곡면,4155038022,원곡면,4155038022105810003,1,대지,581,3,경기도 안성시 원곡면 칠곡리 581-3,415502012004,경기도 안성시 원곡면 남북대로,1106,,4155038022105810003029534,,경기도 안성시 원곡면 남북대로 1106,456812,17555,,,,127.151077571599,37.0378666989558
MA010120220801794645,더불어가스충전소,,G2,소매,G214,연료 소매,G21402,가스 충전소,G47712,운송장비용 가스 충전업,41,경기도,41285,고양시 일산동구,41285600,고봉동,4128511300,성석동,4128511300110820024,1,대지,1082,24,경기도 고양시 일산동구 성석동 1082-24,412853012034,경기도 고양시 일산동구 고봉로,672,,4128511300110820024002163,,경기도 고양시 일산동구 고봉로 672,410570,10251,,,,126.789303015016,37.716741869552
MA010120220801846534,신우에너지신도시충전,,G2,소매,G214,연료 소매,G21402,가스 충전소,G47712,운송장비용 가스 충전업,41,경기도,41285,고양시 일산동구,41285551,백석1동,4128510600,백석동,4128510600111840000,1,대지,1184,,경기도 고양시 일산동구 백석동 1184,412853012061,경기도 고양시 일산동구 경의로,234,,4128510600111850000008733,,경기도 고양시 일산동구 경의로 234,410361,10442,,,,126.797873242091,37.651436076055
MA010120220801846564,신우에너지신일산충전소주,,G2,소매,G214,연료 소매,G21402,가스 충전소,G47712,운송장비용 가스 충전업,41,경기도,41287,고양시 일산서구,41287580,송포동,4128710400,대화동,4128710400100590006,1,대지,59,6,경기도 고양시 일산서구 대화동 59-6,412873012061,경기도 고양시 일산서구 경의로,789,,4128710400100590006001309,,경기도 고양시 일산서구 경의로 789,411802,10225,,,,126.758172583526,37.6879500940664
MA010120220801849006,동진네오,,G2,소매,G214,연료 소매,G21402,가스 충전소,G47712,운송장비용 가스 충전업,41,경기도,41285,고양시 일산동구,41285600,고봉동,4128511100,설문동,4128511100107870002,1,대지,787,2,경기도 고양시 일산동구 설문동 787-2,412854379028,경기도 고양시 일산동구 고봉로678번길,47,,4128511100107870002001331,,경기도 고양시 일산동구 고봉로678번길 47,410819,10251,,,,126.791900754718,37.7165752987496
MA010120220801863084,신내LPG충전소,,G2,소매,G214,연료 소매,G21402,가스 충전소,G47712,운송장비용 가스 충전업,11,서울특별시,11260,중랑구,11260680,신내1동,1126010600,신내동,1126010600103170008,1,대지,317,8,서울특별시 중랑구 신내동 317-8,112603005028,서울특별시 중랑구 용마산로,691,,1126010600103590010000001,,서울특별시 중랑구 용마산로 691,131865,02053,,,,127.10094883735,37.6128146566388
MA010120220801843195,지로드,,G2,소매,G214,연료 소매,G21402,가스 충전소,G47712,운송장비용 가스 충전업,41,경기도,41480,파주시,41480540,교하동,4148010700,교하동,4148010700102020000,1,대지,202,,경기도 파주시 교하동 202,414803206085,경기도 파주시 천정구로,134,203,4148010700102020000000001,,경기도 파주시 천정구로 134-203,413070,10868,,,,126.762373620078,37.7463775881382
MA010120220801843548,삼전주,,G2,소매,G214,연료 소매,G21402,가스 충전소,G47712,운송장비용 가스 충전업,41,경기도,41281,고양시 덕양구,41281590,고양동,4128111400,벽제동,4128111400102290000,1,대지,229,,경기도 고양시 덕양구 벽제동 229,412813000136,경기도 고양시 덕양구 호국로,1634,,4128111400102290000001804,,경기도 고양시 덕양구 호국로 1634,412801,10269,,,,126.902871347328,37.6972669120565
MA010120220801846961,삼미상사일산제일주유소주,,G2,소매,G214,연료 소매,G21402,가스 충전소,G47712,운송장비용 가스 충전업,41,경기도,41285,고양시 일산동구,41285600,고봉동,4128511300,성석동,4128511300113050024,1,대지,1305,24,경기도 고양시 일산동구 성석동 1305-24,412853012034,경기도 고양시 일산동구 고봉로,473,,4128511300113050024000001,성석동,경기도 고양시 일산동구 고봉로 473,410570,10246,,,,126.780809628276,37.7007881817057
MA010120220801843655,서오능가스,,G2,소매,G214,연료 소매,G21402,가스 충전소,G47712,운송장비용 가스 충전업,41,경기도,41281,고양시 덕양구,41281530,흥도동,4128110500,도내동,4128110500109940000,1,대지,994,,경기도 고양시 덕양구 도내동 994,412813192101,경기도 고양시 덕양구 권율대로,450,1,4128110500100480004000008,,경기도 고양시 덕양구 권율대로 450-1,412060,10551,,,,126.865513743349,37.6322785555588
MA010120220801846988,신우에너지풍동충전소주,,G2,소매,G214,연료 소매,G21402,가스 충전소,G47712,운송장비용 가스 충전업,41,경기도,41285,고양시 일산동구,41285510,식사동,4128510100,식사동,4128510100108610001,1,대지,861,1,경기도 고양시 일산동구 식사동 861-1,412852192001,경기도 고양시 일산동구 고양대로,1026,,4128510100108610001009069,,경기도 고양시 일산동구 고양대로 1026,410820,10304,,,,126.806612096579,37.6725156384306
MA010120220801849787,고양씨엔지주,,G2,소매,G214,연료 소매,G21402,가스 충전소,G47712,운송장비용 가스 충전업,41,경기도,41285,고양시 일산동구,41285510,식사동,4128510100,식사동,4128510100108250012,1,대지,825,12,경기도 고양시 일산동구 식사동 825-12,412853193011,경기도 고양시 일산동구 무궁화로,385,11,4128510100108250012009078,,경기도 고양시 일산동구 무궁화로 385-11,410820,10320,,,,126.801233109373,37.6790748247032
MA010120220801844144,상암에너지주,,G2,소매,G214,연료 소매,G21402,가스 충전소,G47712,운송장비용 가스 충전업,41,경기도,41281,고양시 덕양구,41281670,대덕동,4128113100,덕은동,4128113100104250097,1,대지,425,97,경기도 고양시 덕양구 덕은동 425-97,412813192093,경기도 고양시 덕양구 자유로,40,,4128113100104250097000006,,경기도 고양시 덕양구 자유로 40,412170,10543,,,,126.859371284297,37.5792842169935
MA010120220801893214,스타LPG충전소,,G2,소매,G214,연료 소매,G21402,가스 충전소,G47712,운송장비용 가스 충전업,44,충청남도,44133,천안시 서북구,44133590,부성2동,4413310500,성성동,4413310500104110005,1,대지,411,5,충청남도 천안시 서북구 성성동 411-5,441333250021,충청남도 천안시 서북구 번영로,454,,4413310500104110005045213,,충청남도 천안시 서북구 번영로 454,331300,31078,,,,127.120025533875,36.8401397053215
MA010120220801844409,와이이에스주,,G2,소매,G214,연료 소매,G21402,가스 충전소,G47712,운송장비용 가스 충전업,41,경기도,41281,고양시 덕양구,41281630,행주동,4128112600,행주외동,4128112600100270000,1,대지,27,,경기도 고양시 덕양구 행주외동 27,412813192093,경기도 고양시 덕양구 자유로,489,,4128112600100270000010599,,경기도 고양시 덕양구 자유로 489,412240,10440,,,,126.82170412857,37.6040286063894
MA010120220801844416,서강이엔주,,G2,소매,G214,연료 소매,G21402,가스 충전소,G47712,운송장비용 가스 충전업,41,경기도,41281,고양시 덕양구,41281670,대덕동,4128113100,덕은동,4128113100105570007,1,대지,557,7,경기도 고양시 덕양구 덕은동 557-7,412813192093,경기도 고양시 덕양구 자유로,88,,4128113100105570007001118,,경기도 고양시 덕양구 자유로 88,412170,10542,,,,126.854554780994,37.5819092805334
MA010120220801864470,성남특수가스산소외,,G2,소매,G214,연료 소매,G21402,가스 충전소,G47712,운송장비용 가스 충전업,41,경기도,41131,성남시 수정구,41131520,신흥2동,4113110100,신흥동,4113110100108440000,1,대지,844,,경기도 성남시 수정구 신흥동 844,411313178018,경기도 성남시 수정구 수정로,302,,4113110100108440000059446,,경기도 성남시 수정구 수정로 302,461861,13262,,,,127.148039367702,37.4509993553818
MA010120220801844724,원일에너지,,G2,소매,G214,연료 소매,G21402,가스 충전소,G47712,운송장비용 가스 충전업,41,경기도,41285,고양시 일산동구,41285600,고봉동,4128511200,문봉동,4128511200101950004,1,대지,195,4,경기도 고양시 일산동구 문봉동 195-4,412854012003,경기도 고양시 일산동구 문원길,37,,4128511200101950004008675,,경기도 고양시 일산동구 문원길 37,410560,10257,,,,126.819239244376,37.7099351682234
MA010120220801842081,한중에너지주,,G2,소매,G214,연료 소매,G21402,가스 충전소,G47712,운송장비용 가스 충전업,41,경기도,41281,고양시 덕양구,41281610,능곡동,4128112000,토당동,4128112000102830008,1,대지,283,8,경기도 고양시 덕양구 토당동 283-8,412813192066,경기도 고양시 덕양구 토당로,104,,4128112000102830008019787,,경기도 고양시 덕양구 토당로 104,412817,10508,,,,126.817497966539,37.6244926123449
MA010120220801848327,오천,,G2,소매,G214,연료 소매,G21402,가스 충전소,G47712,운송장비용 가스 충전업,41,경기도,41287,고양시 일산서구,41287580,송포동,4128710400,대화동,4128710400119940000,1,대지,1994,,경기도 고양시 일산서구 대화동 1994,412873012061,경기도 고양시 일산서구 경의로,772,,4128710400119940000003591,,경기도 고양시 일산서구 경의로 772,411802,10373,,,,126.760556929856,37.6868647790337
MA010120220803514423,읍내IC충전소,,G2,소매,G214,연료 소매,G21402,가스 충전소,G47712,운송장비용 가스 충전업,27,대구광역시,27230,북구,27230770,읍내동,2723011800,읍내동,2723011800103780000,1,대지,378,,대구광역시 북구 읍내동 378,272302145001,대구광역시 북구 칠곡중앙대로,736,,2723011800103780000000001,,대구광역시 북구 칠곡중앙대로 736,702847,41400,,,,128.552277003729,35.9605822623212
MA010120220803537519,장안동부LPG충전소,,G2,소매,G214,연료 소매,G21402,가스 충전소,G47712,운송장비용 가스 충전업,46,전라남도,46800,장흥군,46800360,부산면,4680036027,부산면,4680036027103500000,1,대지,350,,전라남도 장흥군 부산면 호계리 350,468003295110,전라남도 장흥군 부산면 녹색로,1030,,4680036027103500000033534,,전라남도 장흥군 부산면 녹색로 1030,529812,59309,,,,126.928518857771,34.7140815584627
MA010120220803556588,국제금강가스,,G2,소매,G214,연료 소매,G21402,가스 충전소,G47712,운송장비용 가스 충전업,44,충청남도,44133,천안시 서북구,44133580,부성1동,4413310400,두정동,4413310400103960007,1,대지,396,7,충청남도 천안시 서북구 두정동 396-7,441334860085,충청남도 천안시 서북구 두정공원2길,17,,4413310400103960007046543,,충청남도 천안시 서북구 두정공원2길 17,331957,31112,,,,127.153166603157,36.8351275222203
MA010120220803535326,원주공항LPG,,G2,소매,G214,연료 소매,G21402,가스 충전소,G47712,운송장비용 가스 충전업,51,강원특별자치도,51730,횡성군,51730250,횡성읍,5173025039,횡성읍,5173025039100850006,1,대지,85,6,강원특별자치도 횡성군 횡성읍 곡교리 85-6,517303219067,강원특별자치도 횡성군 횡성읍 횡성로,68,,4273025039100850006017995,,강원특별자치도 횡성군 횡성읍 횡성로 68,225802,25239,,,,127.975195725891,37.4610337888762
MA010120220803604766,일선에너지예천엘피지충전소,,G2,소매,G214,연료 소매,G21402,가스 충전소,G47712,운송장비용 가스 충전업,47,경상북도,47900,예천군,47900250,예천읍,4790025027,예천읍,4790025027107300002,1,대지,730,2,경상북도 예천군 예천읍 대심리 730-2,479003307052,경상북도 예천군 예천읍 충효로,91,,4790025027107300002048551,,경상북도 예천군 예천읍 충효로 91,757806,36826,,,,128.435562081973,36.6457650925702
MA010120220803584811,옥천IC충전소,,G2,소매,G214,연료 소매,G21402,가스 충전소,G47712,운송장비용 가스 충전업,43,충청북도,43730,옥천군,43730250,옥천읍,4373025022,옥천읍,4373025022103230000,1,대지,323,,충청북도 옥천군 옥천읍 문정리 323,437303242006,충청북도 옥천군 옥천읍 동부로,95,,4373025022103220000000001,,충청북도 옥천군 옥천읍 동부로 95,373803,29040,,,,127.582019355521,36.3027090843499
MA010120220803673082,횡성가스상사,,G2,소매,G214,연료 소매,G21402,가스 충전소,G47712,운송장비용 가스 충전업,51,강원특별자치도,51730,횡성군,51730250,횡성읍,5173025030,횡성읍,5173025030104530000,1,대지,453,,강원특별자치도 횡성군 횡성읍 개전리 453,517304478536,강원특별자치도 횡성군 횡성읍 태기로개전7길,9,6,4273025030104530000000001,,강원특별자치도 횡성군 횡성읍 태기로개전7길 9-6,225803,25212,,,,128.013226090245,37.5060146673219
MA010120220805071948,신항만에너지,,G2,소매,G214,연료 소매,G21402,가스 충전소,G47712,운송장비용 가스 충전업,26,부산광역시,26440,강서구,26440560,녹산동,2644011100,녹산동,2644011100106180000,1,대지,618,,부산광역시 강서구 녹산동 618,264403006030,부산광역시 강서구 낙동남로,501,,2644011100106180000000001,,부산광역시 강서구 낙동남로 501,618210,46728,,,,128.874598292083,35.1127409685709
MA010120220805064860,대홍충전소,,G2,소매,G214,연료 소매,G21402,가스 충전소,G47712,운송장비용 가스 충전업,50,제주특별자치도,50130,서귀포시,50130570,동홍동,5013010500,동홍동,5013010500117060000,1,대지,1706,,제주특별자치도 서귀포시 동홍동 1706,501303349238,제주특별자치도 서귀포시 중산간동로,7967,,5013010500117060000000001,,제주특별자치도 서귀포시 중산간동로 7967,697839,63585,,,,126.565356639231,33.2652471744758
MA010120220805107163,삼척엘피지,,G2,소매,G214,연료 소매,G21402,가스 충전소,G47712,운송장비용 가스 충전업,51,강원특별자치도,51230,삼척시,51230570,성내동,5123011300,등봉동,5123011300100110002,1,대지,11,2,강원특별자치도 삼척시 등봉동 11-2,512303224022,강원특별자치도 삼척시 오십천로,91,,4223011300100110002000003,,강원특별자치도 삼척시 오십천로 91,245941,25907,,,,129.130822436137,37.4427989869334
MA010120220805142079,대기가스충전소,,G2,소매,G214,연료 소매,G21402,가스 충전소,G47712,운송장비용 가스 충전업,41,경기도,41131,성남시 수정구,41131510,신흥1동,4113110100,신흥동,4113110100169120000,1,대지,6912,,경기도 성남시 수정구 신흥동 6912,411312179002,경기도 성남시 수정구 산성대로,217,,4113110100169120000061445,,경기도 성남시 수정구 산성대로 217,461814,13345,,,,127.14189049834,37.4385999369432
MA010120220805126108,의왕오렌지충전소,,G2,소매,G214,연료 소매,G21402,가스 충전소,G47712,운송장비용 가스 충전업,41,경기도,41430,의왕시,41430530,오전동,4143010500,오전동,4143010500100380010,1,대지,38,10,경기도 의왕시 오전동 38-10,414302012008,경기도 의왕시 경수대로,399,,4143010500100380010000001,,경기도 의왕시 경수대로 399,437817,16071,,,,126.964206352011,37.3592636452737
MA010120220805129273,한금령LPG충전소,,G2,소매,G214,연료 소매,G21402,가스 충전소,G47712,운송장비용 가스 충전업,43,충청북도,43770,음성군,43770320,원남면,4377032022,원남면,4377032022101800000,1,대지,180,,충청북도 음성군 원남면 보룡리 180,437702014003,충청북도 음성군 원남면 충청대로,802,,4377032022101800000001769,,충청북도 음성군 원남면 충청대로 802,369862,27724,,,,127.665406517316,36.8881051521344
MA010120220805127697,청양에너지,,G2,소매,G214,연료 소매,G21402,가스 충전소,G47712,운송장비용 가스 충전업,43,충청북도,43130,충주시,43130605,달천동,4313010900,단월동,4313010900100790001,1,대지,79,1,충청북도 충주시 단월동 79-1,431302246001,충청북도 충주시 중원대로,3054,,4313010900100790001012062,,충청북도 충주시 중원대로 3054,380190,27478,,,,127.917058913625,36.9447011777881
MA010120220805164875,솔밭충전소,,G2,소매,G214,연료 소매,G21402,가스 충전소,G47712,운송장비용 가스 충전업,48,경상남도,48870,함양군,48870340,수동면,4887034026,수동면,4887034026106910003,1,대지,691,3,경상남도 함양군 수동면 내백리 691-3,488702346002,경상남도 함양군 수동면 거함대로,1133,,4887034026106910002000804,,경상남도 함양군 수동면 거함대로 1133,676811,50015,,,,127.792743511251,35.5883931510643
MA010120220805159663,방주에너지,,G2,소매,G214,연료 소매,G21402,가스 충전소,G47712,운송장비용 가스 충전업,47,경상북도,47130,경주시,47130259,외동읍,4713025934,외동읍,4713025934106370004,1,대지,637,4,경상북도 경주시 외동읍 괘릉리 637-4,471303000104,경상북도 경주시 외동읍 산업로,2759,,4713025934106370010081706,,경상북도 경주시 외동읍 산업로 2759,780822,38210,,,,129.314041583537,35.7565880230864
MA010120220805185102,울진공항휴게소,,G2,소매,G214,연료 소매,G21402,가스 충전소,G47712,운송장비용 가스 충전업,47,경상북도,47930,울진군,47930350,기성면,4793035030,기성면,4793035030100010005,1,대지,1,5,경상북도 울진군 기성면 황보리 1-5,479302000023,경상북도 울진군 기성면 동해대로,1406,,4793035030202050010000001,,경상북도 울진군 기성면 동해대로 1406,767851,36352,,,,129.46044632747,36.7604129197741
MA010120220805180113,한일가스산업도화충전소,,G2,소매,G214,연료 소매,G21402,가스 충전소,G47712,운송장비용 가스 충전업,28,인천광역시,28177,미추홀구,28177600,도화1동,2817710400,도화동,2817710400104240001,1,대지,424,1,인천광역시 미추홀구 도화동 424-1,281773151034,인천광역시 미추홀구 한나루로,612,,2817010500104240001068708,인천도화가스충전소,인천광역시 미추홀구 한나루로 612,402809,22138,,,,126.673083458575,37.4605059760765
MA010120220805188675,청호네트웍스,,G2,소매,G214,연료 소매,G21402,가스 충전소,G47712,운송장비용 가스 충전업,46,전라남도,46110,목포시,46110745,용해동,4611015900,용해동,4611015900106080014,1,대지,608,14,전라남도 목포시 용해동 608-14,461103281012,전라남도 목포시 대양로,149,,4611015900106080014004749,,전라남도 목포시 대양로 149,530842,58601,,,,126.395590343242,34.8220424063653
MA010120220805196527,통영가스충전소,,G2,소매,G214,연료 소매,G21402,가스 충전소,G47712,운송장비용 가스 충전업,48,경상남도,48220,통영시,48220700,무전동,4822011100,무전동,4822011100105940003,1,대지,594,3,경상남도 통영시 무전동 594-3,482202328001,경상남도 통영시 남해안대로,629,,4822011100105940003054746,무전동,경상남도 통영시 남해안대로 629,650800,53038,,,,128.435232925583,34.8583319152587
MA010120220805213970,복지구리충전소,,G2,소매,G214,연료 소매,G21402,가스 충전소,G47712,운송장비용 가스 충전업,41,경기도,41310,구리시,41310520,동구동,4131010300,인창동,4131010300100740000,1,대지,74,,경기도 구리시 인창동 74,413103012037,경기도 구리시 동구릉로,188,,4131010300100740000001676,,경기도 구리시 동구릉로 188,471829,11909,,,,127.138431535772,37.6154615846597
MA010120220805219392,안전가스,,G2,소매,G214,연료 소매,G21402,가스 충전소,G47712,운송장비용 가스 충전업,48,경상남도,48250,김해시,48250510,동상동,4825010100,동상동,4825010100107700000,1,대지,770,,경상남도 김해시 동상동 770,482503000042,경상남도 김해시 호계로,494,,4825010100107700000097789,,경상남도 김해시 호계로 494,621020,50914,,,,128.884648411586,35.2346245384151
MA010120220805206280,방동LPG충전소,,G2,소매,G214,연료 소매,G21402,가스 충전소,G47712,운송장비용 가스 충전업,30,대전광역시,30200,유성구,30200520,진잠동,3020011000,방동,3020011000104740015,1,대지,474,15,대전광역시 유성구 방동 474-15,302003000095,대전광역시 유성구 계백로,473,,3020011000104740004018944,,대전광역시 유성구 계백로 473,305203,34204,,,,127.292960884921,36.2763617478563
MA010120220806577746,동진가스,,G2,소매,G214,연료 소매,G21402,가스 충전소,G47712,운송장비용 가스 충전업,48,경상남도,48860,산청군,48860380,신안면,4886038021,신안면,4886038021106510003,1,대지,651,3,경상남도 산청군 신안면 하정리 651-3,488603345030,경상남도 산청군 신안면 원지로,78,,4886038021106510003003634,,경상남도 산청군 신안면 원지로 78,666962,52249,,,,127.979444015217,35.2995862371603
MA010120220806559790,대경엘피지충전소,,G2,소매,G214,연료 소매,G21402,가스 충전소,G47712,운송장비용 가스 충전업,48,경상남도,48850,하동군,48850360,금남면,4885036030,금남면,4885036030200480001,2,산,48,1,경상남도 하동군 금남면 계천리 산48-1,488502000027,경상남도 하동군 금남면 섬진강대로,915,,4885036030200480001000001,,경상남도 하동군 금남면 섬진강대로 915,667921,52350,,,,127.815195689069,34.995127733311
MA010120220806559894,구미LPG충전소,,G2,소매,G214,연료 소매,G21402,가스 충전소,G47712,운송장비용 가스 충전업,47,경상북도,47190,구미시,47190630,광평동,4719011400,광평동,4719011400100550001,1,대지,55,1,경상북도 구미시 광평동 55-1,471902308001,경상북도 구미시 구미대로,276,,4719011400100550001033593,,경상북도 구미시 구미대로 276,730080,39255,,,,128.364882300439,36.1114597311303
MA010120220806552023,공주LPG충전소,,G2,소매,G214,연료 소매,G21402,가스 충전소,G47712,운송장비용 가스 충전업,44,충청남도,44150,공주시,44150560,옥룡동,4415011600,소학동,4415011600101270004,1,대지,127,4,충청남도 공주시 소학동 127-4,441503251040,충청남도 공주시 창벽로,200,4,4415011600101270004045742,,충청남도 공주시 창벽로 200-4,314804,32596,,,,127.156491690272,36.4515368055229
MA010120220806552978,에스케이울산충전소,,G2,소매,G214,연료 소매,G21402,가스 충전소,G47712,운송장비용 가스 충전업,31,울산광역시,31140,남구,31140570,삼산동,3114010600,삼산동,3114010600114970005,1,대지,1497,5,울산광역시 남구 삼산동 1497-5,311403169026,울산광역시 남구 번영로,242,,3114010600114970005006875,,울산광역시 남구 번영로 242,680814,44696,,,,129.324785374998,35.5467433039754
MA010120220806579623,창선대교LPG충전소,,G2,소매,G214,연료 소매,G21402,가스 충전소,G47712,운송장비용 가스 충전업,48,경상남도,48840,남해군,48840390,창선면,4884039024,창선면,4884039024100750001,1,대지,75,1,경상남도 남해군 창선면 대벽리 75-1,488402343002,경상남도 남해군 창선면 동부대로,2902,,4884039024100750001000033,,경상남도 남해군 창선면 동부대로 2902,668854,52449,,,,128.02842751494,34.9097379858029
MA010120220806553645,에버그린에너지,,G2,소매,G214,연료 소매,G21402,가스 충전소,G47712,운송장비용 가스 충전업,52,전북특별자치도,52180,정읍시,52180250,신태인읍,5218025023,신태인읍,5218025023100950000,1,대지,95,,전북특별자치도 정읍시 신태인읍 신덕리 95,521803016012,전북특별자치도 정읍시 신태인읍 석지로,345,,4518025023100950000065586,,전북특별자치도 정읍시 신태인읍 석지로 345,580903,56101,,,,126.848934485168,35.7118851224244
MA010120220806569763,통영IC충전소,,G2,소매,G214,연료 소매,G21402,가스 충전소,G47712,운송장비용 가스 충전업,48,경상남도,48220,통영시,48220310,용남면,4822031024,용남면,4822031024103500001,1,대지,350,1,경상남도 통영시 용남면 삼화리 350-1,482202328001,경상남도 통영시 용남면 남해안대로,284,,4822031024103500001044263,,경상남도 통영시 용남면 남해안대로 284,650832,53025,,,,128.451023043574,34.8814161192192
MA010120220806616780,코끼리충전소,,G2,소매,G214,연료 소매,G21402,가스 충전소,G47712,운송장비용 가스 충전업,41,경기도,41590,화성시,41590330,마도면,4159033022,마도면,4159033022104870007,1,대지,487,7,경기도 화성시 마도면 두곡리 487-7,415903210128,경기도 화성시 마도면 화성로,907,,4159033022104870003009910,,경기도 화성시 마도면 화성로 907,445862,18540,,,,126.78753921339,37.2034329748663
MA010120220806644542,제일에너지동곡점,,G2,소매,G214,연료 소매,G21402,가스 충전소,G47712,운송장비용 가스 충전업,29,광주광역시,29200,광산구,29200660,동곡동,2920013800,하산동,2920013800101490001,1,대지,149,1,광주광역시 광산구 하산동 149-1,292003163008,광주광역시 광산구 동곡로,123,,2920013800101490001000001,,광주광역시 광산구 동곡로 123,506550,62461,,,,126.772698656375,35.0947299841963
MA010120220806674207,약속가스충전소,,G2,소매,G214,연료 소매,G21402,가스 충전소,G47712,운송장비용 가스 충전업,44,충청남도,44133,천안시 서북구,44133253,성거읍,4413325331,성거읍,4413325331102280016,1,대지,228,16,충청남도 천안시 서북구 성거읍 요방리 228-16,441333250051,충청남도 천안시 서북구 성거읍 망향로,257,,4413325331102280016043565,,충청남도 천안시 서북구 성거읍 망향로 257,331834,31053,,,,127.178782205183,36.8447786475085
MA010120220806656246,오죽헌충전소,,G2,소매,G214,연료 소매,G21402,가스 충전소,G47712,운송장비용 가스 충전업,51,강원특별자치도,51150,강릉시,51150665,경포동,5115013300,죽헌동,5115013300102900001,1,대지,290,1,강원특별자치도 강릉시 죽헌동 290-1,511503220032,강원특별자치도 강릉시 율곡로,3209,,4215013300102900001000001,,강원특별자치도 강릉시 율곡로 3209,210330,25465,,,,128.875981153905,37.783367951949
MA010120220806664656,원일석유한중충전소,,G2,소매,G214,연료 소매,G21402,가스 충전소,G47712,운송장비용 가스 충전업,41,경기도,41670,여주시,41670520,중앙동,4167010300,창동,4167010300101830000,1,대지,183,,경기도 여주시 창동 183,416703214073,경기도 여주시 향교로,9,,4173025023101830000061242,,경기도 여주시 향교로 9,469103,12626,,,,127.632619449683,37.2889828416843
MA010120220806644450,에스엠에너지그린충전소,,G2,소매,G214,연료 소매,G21402,가스 충전소,G47712,운송장비용 가스 충전업,41,경기도,41281,고양시 덕양구,41281520,원신동,4128110200,원당동,4128110200102440001,1,대지,244,1,경기도 고양시 덕양구 원당동 244-1,412813000136,경기도 고양시 덕양구 호국로,996,,4128110200102330005028034,,경기도 고양시 덕양구 호국로 996,412030,10292,,,,126.851445579508,37.6708867868177
MA010120220806717369,영일만LPG충전소,,G2,소매,G214,연료 소매,G21402,가스 충전소,G47712,운송장비용 가스 충전업,47,경상북도,47113,포항시 북구,47113665,용흥동,4711311700,용흥동,4711311700104580004,1,대지,458,4,경상북도 포항시 북구 용흥동 458-4,471133304028,경상북도 포항시 북구 용흥로,251,,4711311700104580003109476,,경상북도 포항시 북구 용흥로 251,791811,37644,,,,129.348147276335,36.0459890083715
MA010120220806685455,이엔아이,,G2,소매,G214,연료 소매,G21402,가스 충전소,G47712,운송장비용 가스 충전업,27,대구광역시,27290,달서구,27290515,성당동,2729010100,성당동,2729010100101260003,1,대지,126,3,대구광역시 달서구 성당동 126-3,272903007009,대구광역시 달서구 두류공원로,127,,2729010100101260006000001,,대구광역시 달서구 두류공원로 127,704915,42673,,,,128.566154778353,35.847074270556
MA010120220806713291,남원주LPG충전소,,G2,소매,G214,연료 소매,G21402,가스 충전소,G47712,운송장비용 가스 충전업,51,강원특별자치도,51130,원주시,51130660,무실동,5113011500,무실동,5113011500111140001,1,대지,1114,1,강원특별자치도 원주시 무실동 1114-1,511304457653,강원특별자치도 원주시 행가리1길,2,,4213011500111130004000001,,강원특별자치도 원주시 행가리1길 2,220150,26396,,,,127.919015427947,37.3236593639782
MA010120220806711421,양촌충전소,,G2,소매,G214,연료 소매,G21402,가스 충전소,G47712,운송장비용 가스 충전업,41,경기도,41500,이천시,41500340,마장면,4150034022,마장면,4150034022101570001,1,대지,157,1,경기도 이천시 마장면 양촌리 157-1,415002012012,경기도 이천시 마장면 중부대로,88,,4150034022101570001037519,,경기도 이천시 마장면 중부대로 88,467814,17387,,,,127.3460504265,37.2560092835595
MA010120220806684944,서일산업동백가스,,G2,소매,G214,연료 소매,G21402,가스 충전소,G47712,운송장비용 가스 충전업,41,경기도,41461,용인시 처인구,41461526,삼가동,4146110300,삼가동,4146110300100390007,1,대지,39,7,경기도 용인시 처인구 삼가동 39-7,414612012012,경기도 용인시 처인구 중부대로,997,,4146110300100390007031092,,경기도 용인시 처인구 중부대로 997,449060,16997,,,,127.160740707477,37.2490713776598
MA010120220806684988,당진수소충전소당진H2STATION,,G2,소매,G214,연료 소매,G21402,가스 충전소,G47712,운송장비용 가스 충전업,44,충청남도,44270,당진시,44270390,송산면,4427039032,송산면,4427039032103580000,1,대지,358,,충청남도 당진시 송산면 동곡리 358,442703265158,충청남도 당진시 송산면 가곡로,189,,4427039032103580000000001,,충청남도 당진시 송산면 가곡로 189,343831,31710,,,,126.707391748724,36.9753105530449
MA010120220808037248,아산온천LPG충전소,,G2,소매,G214,연료 소매,G21402,가스 충전소,G47712,운송장비용 가스 충전업,44,충청남도,44200,아산시,44200570,온양1동,4420010100,온천동,4420010100109420000,1,대지,942,,충청남도 아산시 온천동 942,442003253004,충청남도 아산시 곡교천로,177,,4420010100109420000039625,LPG충전소,충청남도 아산시 곡교천로 177,336816,31509,,,,126.998644249746,36.7955052235015
MA010120220808006528,차사랑LPG충전소,,G2,소매,G214,연료 소매,G21402,가스 충전소,G47712,운송장비용 가스 충전업,46,전라남도,46790,화순군,46790250,화순읍,4679025040,화순읍,4679025040102660001,1,대지,266,1,전라남도 화순군 화순읍 연양리 266-1,467903291054,전라남도 화순군 화순읍 화보로,3901,,4679025040102660001000001,,전라남도 화순군 화순읍 화보로 3901,519801,58141,,,,126.965619251758,35.0407205560136
MA010120220808017355,경양가스판매상사,,G2,소매,G214,연료 소매,G21402,가스 충전소,G47712,운송장비용 가스 충전업,48,경상남도,48125,창원시 마산합포구,48125630,오동동,4812512500,신포동1가,4812512500100350001,1,대지,35,1,경상남도 창원시 마산합포구 신포동1가 35-1,481252329003,경상남도 창원시 마산합포구 해안대로,252,,4812512500100350001044520,,경상남도 창원시 마산합포구 해안대로 252,631859,51714,,,,128.570740603662,35.196766470715
MA010120220808028176,용강LPG충전소,,G2,소매,G214,연료 소매,G21402,가스 충전소,G47712,운송장비용 가스 충전업,47,경상북도,47130,경주시,47130615,용강동,4713012500,용강동,4713012500104340000,1,대지,434,,경상북도 경주시 용강동 434,471303000104,경상북도 경주시 산업로,4490,,4713012500104340000000001,,경상북도 경주시 산업로 4490,780949,38090,,,,129.229244990274,35.8800204111381
MA010120220808060518,오금가스충전소,,G2,소매,G214,연료 소매,G21402,가스 충전소,G47712,운송장비용 가스 충전업,11,서울특별시,11710,송파구,11710570,오금동,1171011200,오금동,1171011200100310004,1,대지,31,4,서울특별시 송파구 오금동 31-4,117103123004,서울특별시 송파구 마천로,103,,1171011200100310004014162,오금가스충전소,서울특별시 송파구 마천로 103,138855,05655,,,,127.131647231863,37.5062325687242
MA010120220808071722,태능가스대지충전소,,G2,소매,G214,연료 소매,G21402,가스 충전소,G47712,운송장비용 가스 충전업,28,인천광역시,28260,서구,28260600,가좌3동,2826011200,가좌동,2826011200106060013,1,대지,606,13,인천광역시 서구 가좌동 606-13,282603150035,인천광역시 서구 방축로,345,,2826011200106060013011258,,인천광역시 서구 방축로 345,404253,22830,,,,126.681796988631,37.4740899222832
MA010120220808048246,별내충전소,,G2,소매,G214,연료 소매,G21402,가스 충전소,G47712,운송장비용 가스 충전업,41,경기도,41360,남양주시,41360570,별내동,4136011100,별내동,4136011100122330035,1,대지,2233,35,경기도 남양주시 별내동 2233-35,413603000004,경기도 남양주시 덕릉로,1123,,4136011100122330005000001,,경기도 남양주시 덕릉로 1123,472501,12091,,,,127.107821417942,37.681760820336
MA010120220808088214,대영가스,,G2,소매,G214,연료 소매,G21402,가스 충전소,G47712,운송장비용 가스 충전업,11,서울특별시,11500,강서구,11500603,가양1동,1150010500,마곡동,1150010500107610002,1,대지,761,2,서울특별시 강서구 마곡동 761-2,115003115008,서울특별시 강서구 양천로,242,,1150010500107610002000001,,서울특별시 강서구 양천로 242,157805,07789,,,,126.830982953018,37.572255274776
MA010120220808116197,남이가스충전소,,G2,소매,G214,연료 소매,G21402,가스 충전소,G47712,운송장비용 가스 충전업,43,충청북도,43112,청주시 서원구,43112310,남이면,4311231036,남이면,4311231036100670000,1,대지,67,,충청북도 청주시 서원구 남이면 가좌리 67,431123236067,충청북도 청주시 서원구 남이면 청남로,1625,4,4371035036000670000032714,,충청북도 청주시 서원구 남이면 청남로 1625-4,362811,28181,,,,127.463471909571,36.5824963382746
MA010120220808092490,유성에너지오산,,G2,소매,G214,연료 소매,G21402,가스 충전소,G47712,운송장비용 가스 충전업,41,경기도,41370,오산시,41370530,남촌동,4137012400,갈곶동,4137012400100030001,1,대지,3,1,경기도 오산시 갈곶동 3-1,413703198032,경기도 오산시 오산천로,3,9,4137012400100030001004057,SK동산LPG충전소,경기도 오산시 오산천로 3-9,447310,18130,,,,127.060559482599,37.1343798442153
MA010120220808095397,철원충전소,,G2,소매,G214,연료 소매,G21402,가스 충전소,G47712,운송장비용 가스 충전업,51,강원특별자치도,51780,철원군,51780256,갈말읍,5178025623,갈말읍,5178025623101240002,1,대지,124,2,강원특별자치도 철원군 갈말읍 강포리 124-2,517803000136,강원특별자치도 철원군 갈말읍 호국로,4426,,4278025623101290000032393,철원LPG충전소,강원특별자치도 철원군 갈말읍 호국로 4426,269801,24046,,,,127.295028878324,38.1195961123084
MA010120220808133710,성신충전소,,G2,소매,G214,연료 소매,G21402,가스 충전소,G47712,운송장비용 가스 충전업,41,경기도,41670,여주시,41670250,가남읍,4167025021,가남읍,4167025021102680012,1,대지,268,12,경기도 여주시 가남읍 태평리 268-12,416702012002,경기도 여주시 가남읍 경충대로,1402,,4173032021102680012016025,,경기도 여주시 가남읍 경충대로 1402,469884,12662,,,,127.542024408309,37.2126553356934
MA010120220808138798,롯데가스,,G2,소매,G214,연료 소매,G21402,가스 충전소,G47712,운송장비용 가스 충전업,47,경상북도,47150,김천시,47150350,감문면,4715035030,감문면,4715035030106250002,1,대지,625,2,경상북도 김천시 감문면 삼성리 625-2,471503306002,경상북도 김천시 감문면 감문로,1142,,4715035030106240001045241,,경상북도 김천시 감문면 감문로 1142,740853,39509,,,,128.188815989486,36.2140219009299
MA010120220801535847,에스원가스텍주,,G2,소매,G214,연료 소매,G21402,가스 충전소,G47712,운송장비용 가스 충전업,41,경기도,41220,평택시,41220370,현덕면,4122037032,현덕면,4122037032100710065,1,대지,71,65,경기도 평택시 현덕면 방축리 71-65,412203188131,경기도 평택시 현덕면 현덕서로,91,,4122037032200340001000001,,경기도 평택시 현덕면 현덕서로 91,451813,17947,,,,126.904306751879,36.9535108641561
MA010120220801493575,지산LPG충전소,,G2,소매,G214,연료 소매,G21402,가스 충전소,G47712,운송장비용 가스 충전업,41,경기도,41220,평택시,41220560,송북동,4122011000,지산동,4122011000104480005,1,대지,448,5,경기도 평택시 지산동 448-5,412203188089,경기도 평택시 지산로,229,,4122011000104480005202569,,경기도 평택시 지산로 229,459110,17721,,,,127.079644696519,37.0786466400081
MA010120220801499866,평화LPG충전소,,G2,소매,G214,연료 소매,G21402,가스 충전소,G47712,운송장비용 가스 충전업,41,경기도,41550,안성시,41550250,공도읍,4155025026,공도읍,4155025026105930006,1,대지,593,6,경기도 안성시 공도읍 승두리 593-6,415502012006,경기도 안성시 공도읍 서동대로,4068,,4155025026105930006000008,,경기도 안성시 공도읍 서동대로 4068,456825,17562,,,,127.158760192691,36.9973802105957
MA010120220801526141,삼상,,G2,소매,G214,연료 소매,G21402,가스 충전소,G47712,운송장비용 가스 충전업,41,경기도,41220,평택시,41220640,세교동,4122012000,세교동,4122012000104260001,1,대지,426,1,경기도 평택시 세교동 426-1,412202012013,경기도 평택시 경기대로,627,,4122012000104260001000001,,경기도 평택시 경기대로 627,450817,17825,,2,,127.078491920663,37.0076246298534
MA010120220801526459,정원상사주,,G2,소매,G214,연료 소매,G21402,가스 충전소,G47712,운송장비용 가스 충전업,41,경기도,41220,평택시,41220650,동삭동,4122010500,칠원동,4122010500104400001,1,대지,440,1,경기도 평택시 칠원동 440-1,412202012004,경기도 평택시 남북대로,660,,4122010500104400001208824,,경기도 평택시 남북대로 660,450803,17845,,,,127.104735924607,37.0222829611922
MA010120220801526607,평송주,,G2,소매,G214,연료 소매,G21402,가스 충전소,G47712,운송장비용 가스 충전업,41,경기도,41220,평택시,41220310,진위면,4122031029,진위면,4122031029105570014,1,대지,557,14,경기도 평택시 진위면 가곡리 557-14,412202012013,경기도 평택시 진위면 경기대로,1915,,4122031028106920000215747,,경기도 평택시 진위면 경기대로 1915,451861,17713,,,,127.063323352294,37.1152398167515
MA010120220801512726,뉴시티LPG충전소,,G2,소매,G214,연료 소매,G21402,가스 충전소,G47712,운송장비용 가스 충전업,44,충청남도,44270,당진시,44270340,정미면,4427034033,정미면,4427034033106910001,1,대지,691,1,충청남도 당진시 정미면 대운산리 691-1,442703000117,충청남도 당진시 정미면 서해로,4909,,4483034033106910001022434,수운휴게소,충청남도 당진시 정미면 서해로 4909,343861,31801,,,,126.582056494646,36.8374201703293
MA010120220801509727,현대산업가스,,G2,소매,G214,연료 소매,G21402,가스 충전소,G47712,운송장비용 가스 충전업,41,경기도,41500,이천시,41500370,설성면,4150037032,설성면,4150037032101020002,1,대지,102,2,경기도 이천시 설성면 대죽리 102-2,415003012062,경기도 이천시 설성면 노성로,348,,4150037032101020002000001,,경기도 이천시 설성면 노성로 348,467882,17412,,1,,127.491282104546,37.1324852432036
MA010120220801527275,성림가스,,G2,소매,G214,연료 소매,G21402,가스 충전소,G47712,운송장비용 가스 충전업,41,경기도,41550,안성시,41550380,원곡면,4155038025,원곡면,4155038025101600015,1,대지,160,15,경기도 안성시 원곡면 내가천리 160-15,415503012025,경기도 안성시 원곡면 청원로,1798,,4155038025101600015029822,,경기도 안성시 원곡면 청원로 1798,456811,17556,,,,127.118845450557,37.0406516422099
MA010120220801533572,서일산업안성충전소주,,G2,소매,G214,연료 소매,G21402,가스 충전소,G47712,운송장비용 가스 충전업,41,경기도,41550,안성시,41550360,양성면,4155036029,양성면,4155036029103820008,1,대지,382,8,경기도 안성시 양성면 장서리 382-8,415503208037,경기도 안성시 양성면 양성로,527,,4155036029103820008028900,,경기도 안성시 양성면 양성로 527,456932,17501,,,,127.211145358885,37.0990748249592
MA010120220801534298,에이치비에너지,,G2,소매,G214,연료 소매,G21402,가스 충전소,G47712,운송장비용 가스 충전업,41,경기도,41220,평택시,41220310,진위면,4122031021,진위면,4122031021100260001,1,대지,26,1,경기도 평택시 진위면 봉남리 26-1,412203188093,경기도 평택시 진위면 진위로,119,,4122031021100260001000001,,경기도 평택시 진위면 진위로 119,451864,17711,,,,127.101673690363,37.102363939015
MA010120220801534499,블루에너지,,G2,소매,G214,연료 소매,G21402,가스 충전소,G47712,운송장비용 가스 충전업,41,경기도,41220,평택시,41220535,송탄동,4122010800,장안동,4122010800102410001,1,대지,241,1,경기도 평택시 장안동 241-1,412203012025,경기도 평택시 청원로,1409,,4122010800102400001206186,,경기도 평택시 청원로 1409,459070,17738,,,,127.079617465935,37.0525966618935
MA010120220801548081,부안LPG충전소,,G2,소매,G214,연료 소매,G21402,가스 충전소,G47712,운송장비용 가스 충전업,52,전북특별자치도,52800,부안군,52800250,부안읍,5280025023,부안읍,5280025023101230020,1,대지,123,20,전북특별자치도 부안군 부안읍 선은리 123-20,528003280042,전북특별자치도 부안군 부안읍 부령로,13,,4580025023101230020027680,,전북특별자치도 부안군 부안읍 부령로 13,579807,56304,,,,126.745117007015,35.73102431381
MA010120220801589247,삼원가스,,G2,소매,G214,연료 소매,G21402,가스 충전소,G47712,운송장비용 가스 충전업,41,경기도,41500,이천시,41500520,중리동,4150010600,진리동,4150010600103690006,1,대지,369,6,경기도 이천시 진리동 369-6,415003207044,경기도 이천시 이섭대천로,1126,,4150010600103690003038655,,경기도 이천시 이섭대천로 1126,467800,17381,,,,127.44650536165,37.2706212427599
MA010120220801554802,송정에너지,,G2,소매,G214,연료 소매,G21402,가스 충전소,G47712,운송장비용 가스 충전업,41,경기도,41610,광주시,41610520,송정동,4161010300,송정동,4161010300104610001,1,대지,461,1,경기도 광주시 송정동 461-1,416102012015,경기도 광주시 회안대로,1003,,4161010300104610001008041,송정동,경기도 광주시 회안대로 1003,464903,12738,,,,127.262174067556,37.4348713807328
MA010120220801623232,현대오일뱅크대성충전소주,,G2,소매,G214,연료 소매,G21402,가스 충전소,G47712,운송장비용 가스 충전업,41,경기도,41670,여주시,41670530,오학동,4167012000,천송동,4167012000105550001,1,대지,555,1,경기도 여주시 천송동 555-1,416703214035,경기도 여주시 신륵로,19,,4173025040105550001029655,,경기도 여주시 신륵로 19,469121,12636,,,,127.652108732393,37.3010228446824
MA010120220801619122,광주가스주,,G2,소매,G214,연료 소매,G21402,가스 충전소,G47712,운송장비용 가스 충전업,41,경기도,41610,광주시,41610520,송정동,4161010300,송정동,4161010300104280002,1,대지,428,2,경기도 광주시 송정동 428-2,416102012015,경기도 광주시 회안대로,946,,4161010300104280002003645,,경기도 광주시 회안대로 946,464903,12739,,,,127.259414345933,37.4308048864728
MA010120220801623393,삼표에너지삼표충전소주,,G2,소매,G214,연료 소매,G21402,가스 충전소,G47712,운송장비용 가스 충전업,41,경기도,41450,하남시,41450580,감북동,4145011300,감북동,4145011300104460001,1,대지,446,1,경기도 하남시 감북동 446-1,414503000124,경기도 하남시 서하남로,16,,4145011300104460001010054,,경기도 하남시 서하남로 16,465819,12992,,,,127.145781852482,37.5164513717574
MA010120220801623561,대지석유갈마LPG충전소주,,G2,소매,G214,연료 소매,G21402,가스 충전소,G47712,운송장비용 가스 충전업,41,경기도,41610,광주시,41610560,광남1동,4161010700,삼동,4161010700102650001,1,대지,265,1,경기도 광주시 삼동 265-1,416102012002,경기도 광주시 경충대로,2187,,4161010700102660010010493,,경기도 광주시 경충대로 2187,464040,12767,,,,127.201546794475,37.4110232664677
MA010120220801623568,한중에너지직영한중충전소주,,G2,소매,G214,연료 소매,G21402,가스 충전소,G47712,운송장비용 가스 충전업,41,경기도,41670,여주시,41670520,중앙동,4167010300,창동,4167010300101830000,1,대지,183,,경기도 여주시 창동 183,416703214073,경기도 여주시 향교로,9,,4173025023101830000061242,외,경기도 여주시 향교로 9,469103,12626,,,,127.632619449683,37.2889828416843
MA010120220801623707,대성산업곤지암충전소,,G2,소매,G214,연료 소매,G21402,가스 충전소,G47712,운송장비용 가스 충전업,41,경기도,41610,광주시,41610259,곤지암읍,4161025936,곤지암읍,4161025936106120008,1,대지,612,8,경기도 광주시 곤지암읍 삼리 612-8,416104433497,경기도 광주시 곤지암읍 평촌길11번길,72,,4161025636106120008023262,,경기도 광주시 곤지암읍 평촌길11번길 72,464937,12800,,,,127.333721604601,37.3537075153809
MA010120220801593097,캔특수가스,,G2,소매,G214,연료 소매,G21402,가스 충전소,G47712,운송장비용 가스 충전업,41,경기도,41610,광주시,41610560,광남1동,4161011300,목동,4161011300100870002,1,대지,87,2,경기도 광주시 목동 87-2,416104433446,경기도 광주시 진토길21번길,39,,4161011300100870002011815,,경기도 광주시 진토길21번길 39,464020,12770,,,,127.215544353715,37.3803008117318
MA010120220801637307,덕인에너지,,G2,소매,G214,연료 소매,G21402,가스 충전소,G47712,운송장비용 가스 충전업,41,경기도,41630,양주시,41630540,회천2동,4163011600,덕계동,4163011600107110003,1,대지,711,3,경기도 양주시 덕계동 711-3,416303215066,경기도 양주시 평화로,1381,,4163011600107110003018379,외,경기도 양주시 평화로 1381,482050,11445,,,,127.045745007117,37.8144327449192
MA010120220801593565,가남LPG충전소,,G2,소매,G214,연료 소매,G21402,가스 충전소,G47712,운송장비용 가스 충전업,41,경기도,41670,여주시,41670250,가남읍,4167025021,가남읍,4167025021102050004,1,대지,205,4,경기도 여주시 가남읍 태평리 205-4,416702012002,경기도 여주시 가남읍 경충대로,1331,,4167025021102050004000001,,경기도 여주시 가남읍 경충대로 1331,469884,12662,,,,127.542217463297,37.2065724353484
MA010120220801594272,관리LPG충전소,,G2,소매,G214,연료 소매,G21402,가스 충전소,G47712,운송장비용 가스 충전업,41,경기도,41500,이천시,41500340,마장면,4150034023,마장면,4150034023109420009,1,대지,942,9,경기도 이천시 마장면 관리 942-9,415003012064,경기도 이천시 마장면 마도로,259,,4150034023109420009000001,,경기도 이천시 마장면 마도로 259,467811,17382,,,,127.350511805718,37.2773687632974
MA010120220801597925,서진충전소,,G2,소매,G214,연료 소매,G21402,가스 충전소,G47712,운송장비용 가스 충전업,41,경기도,41500,이천시,41500515,증포동,4150011000,송정동,4150011000102310003,1,대지,231,3,경기도 이천시 송정동 231-3,415003207057,경기도 이천시 황무로,747,,4150011000102310003015119,,경기도 이천시 황무로 747,467802,17308,,,,127.431804149784,37.3042932707754
MA010120220801617523,오승프라임산업주,,G2,소매,G214,연료 소매,G21402,가스 충전소,G47712,운송장비용 가스 충전업,11,서울특별시,11530,구로구,11530790,수궁동,1153010900,궁동,1153010900100010016,1,대지,1,16,서울특별시 구로구 궁동 1-16,115303005066,서울특별시 구로구 신정로,59,,1153010900100010016000001,,서울특별시 구로구 신정로 59,152881,08248,,,,126.82924126477,37.507065489316
MA010120220801679541,유양에너지,,G2,소매,G214,연료 소매,G21402,가스 충전소,G47712,운송장비용 가스 충전업,41,경기도,41630,양주시,41630510,양주1동,4163010100,유양동,4163010100106980011,1,대지,698,11,경기도 양주시 유양동 698-11,416303206116,경기도 양주시 부흥로,1213,,4163010100106980011000243,,경기도 양주시 부흥로 1213,482140,11499,,,,127.012556802444,37.792178244237
MA010120220801679971,하늘땅LPG충전소,,G2,소매,G214,연료 소매,G21402,가스 충전소,G47712,운송장비용 가스 충전업,41,경기도,41650,포천시,41650320,내촌면,4165032025,내촌면,4165032025100010003,1,대지,1,3,경기도 포천시 내촌면 소학리 1-3,416503000121,경기도 포천시 내촌면 금강로,2971,,4165032025100010003014357,,경기도 포천시 내촌면 금강로 2971,487833,11188,,,,127.26468566225,37.8286586354976
MA010120220801682241,송추LPG충전소,,G2,소매,G214,연료 소매,G21402,가스 충전소,G47712,운송장비용 가스 충전업,41,경기도,41630,양주시,41630340,장흥면,4163034022,장흥면,4163034022103150000,1,대지,315,,경기도 양주시 장흥면 울대리 315,416303000136,경기도 양주시 장흥면 호국로,682,,4163034022103150000056287,외,경기도 양주시 장흥면 호국로 682,482811,11522,,,,126.988396397199,37.722605692072
MA010120220801655639,화랑대가스충전소,,G2,소매,G214,연료 소매,G21402,가스 충전소,G47712,운송장비용 가스 충전업,11,서울특별시,11350,노원구,11350600,공릉2동,1135010300,공릉동,1135010300100260069,1,대지,26,69,서울특별시 노원구 공릉동 26-69,113503005046,서울특별시 노원구 화랑로,826,,1135010300100260069015705,,서울특별시 노원구 화랑로 826,139800,01796,,,,127.109651606102,37.6389354980663
MA010120220801683174,동송LPG충전소,,G2,소매,G214,연료 소매,G21402,가스 충전소,G47712,운송장비용 가스 충전업,51,강원특별자치도,51780,철원군,51780259,동송읍,5178025924,동송읍,5178025924107580014,1,대지,758,14,강원특별자치도 철원군 동송읍 오지리 758-14,517803000133,강원특별자치도 철원군 동송읍 북원로,1022,,4278025924107580014008040,,강원특별자치도 철원군 동송읍 북원로 1022,269816,24024,,,,127.238352374619,38.1758511421377
MA010120220801653749,전곡LPG충전소,,G2,소매,G214,연료 소매,G21402,가스 충전소,G47712,운송장비용 가스 충전업,41,경기도,41800,연천군,41800253,전곡읍,4180025322,전곡읍,4180025322106330004,1,대지,633,4,경기도 연천군 전곡읍 은대리 633-4,418003012091,경기도 연천군 전곡읍 청정로,2503,,4180025322106330004009216,,경기도 연천군 전곡읍 청정로 2503,486902,11024,,,,127.062849386986,38.0295606432396
MA010120220801656327,골드가스,,G2,소매,G214,연료 소매,G21402,가스 충전소,G47712,운송장비용 가스 충전업,41,경기도,41630,양주시,41630330,광적면,4163033027,광적면,4163033027106290007,1,대지,629,7,경기도 양주시 광적면 석우리 629-7,416303212023,경기도 양주시 광적면 현석로,566,,4163033027106290007000001,,경기도 양주시 광적면 현석로 566,482844,11414,,,,126.9668510958,37.8365554387469
MA010120220801667405,일동충전소,,G2,소매,G214,연료 소매,G21402,가스 충전소,G47712,운송장비용 가스 충전업,41,경기도,41650,포천시,41650370,일동면,4165037023,일동면,4165037023106490009,1,대지,649,9,경기도 포천시 일동면 기산리 649-9,416503213050,경기도 포천시 일동면 화동로,871,,4165037023106490009042088,,경기도 포천시 일동면 화동로 871,487851,11119,,1,,127.30996186842,37.9424725295943
MA010120220801665097,삼마치LPG충전소,,G2,소매,G214,연료 소매,G21402,가스 충전소,G47712,운송장비용 가스 충전업,51,강원특별자치도,51720,홍천군,51720250,홍천읍,5172025032,홍천읍,5172025032106060007,1,대지,606,7,강원특별자치도 홍천군 홍천읍 삼마치리 606-7,517203013022,강원특별자치도 홍천군 홍천읍 영서로,1502,,4272025032105400002026453,,강원특별자치도 홍천군 홍천읍 영서로 1502,250803,25119,,,,127.897003825915,37.6102775487006
MA010120220801680624,유양LPG충전소,,G2,소매,G214,연료 소매,G21402,가스 충전소,G47712,운송장비용 가스 충전업,41,경기도,41630,양주시,41630510,양주1동,4163010100,유양동,4163010100106290003,1,대지,629,3,경기도 양주시 유양동 629-3,416303206116,경기도 양주시 부흥로,1320,,4163010100106290003002981,,경기도 양주시 부흥로 1320,482140,11498,,,,127.022284845784,37.7862664962853
MA010120220801670681,포천L.P.G충전소,,G2,소매,G214,연료 소매,G21402,가스 충전소,G47712,운송장비용 가스 충전업,41,경기도,41650,포천시,41650390,영북면,4165039024,영북면,4165039024102540001,1,대지,254,1,경기도 포천시 영북면 야미리 254-1,416503000136,경기도 포천시 영북면 호국로,3603,,4165039024102540001062626,,경기도 포천시 영북면 호국로 3603,487898,11109,,,,127.271013875764,38.058238697286
MA010120220803319020,한국그린충전,,G2,소매,G214,연료 소매,G21402,가스 충전소,G47712,운송장비용 가스 충전업,27,대구광역시,27260,수성구,27260680,고산2동,2726012700,대흥동,2726012700108330001,1,대지,833,1,대구광역시 수성구 대흥동 833-1,272604854955,대구광역시 수성구 알파시티1로42길,17,,2726012700108330001000001,이니셜타운,대구광역시 수성구 알파시티1로42길 17,706130,42250,,,,128.683721974703,35.837689268622
MA010120220803329780,대양물류,,G2,소매,G214,연료 소매,G21402,가스 충전소,G47712,운송장비용 가스 충전업,43,충청북도,43150,제천시,43150380,송학면,4315038021,송학면,4315038021100120001,1,대지,12,1,충청북도 제천시 송학면 무도리 12-1,431503238087,충청북도 제천시 송학면 북부로,3392,,4315038021100120001026033,,충청북도 제천시 송학면 북부로 3392,390811,27126,,,,128.274750557129,37.1848173866551
MA010120220803347204,중국식품점,,G2,소매,G214,연료 소매,G21402,가스 충전소,G47712,운송장비용 가스 충전업,44,충청남도,44825,태안군,44825250,태안읍,4482525022,태안읍,4482525022105040021,1,대지,504,21,충청남도 태안군 태안읍 남문리 504-21,448253264043,충청남도 태안군 태안읍 중앙로,30,,4482525022105040022003801,,충청남도 태안군 태안읍 중앙로 30,357901,32142,,,,126.292780723256,36.7557638617845
MA010120220803369197,부경에너지알뜰제2충전소,,G2,소매,G214,연료 소매,G21402,가스 충전소,G47712,운송장비용 가스 충전업,48,경상남도,48250,김해시,48250550,북부동,4825010700,삼계동,4825010700109230002,1,대지,923,2,경상남도 김해시 삼계동 923-2,482502335003,경상남도 김해시 생림대로,162,,4825010700109230002047387,,경상남도 김해시 생림대로 162,621070,50830,,,,128.866683371926,35.2836750987984
MA010120220803415043,청구엘피지충전소,,G2,소매,G214,연료 소매,G21402,가스 충전소,G47712,운송장비용 가스 충전업,27,대구광역시,27170,서구,27170675,상중이동,2717010500,중리동,2717010500102920028,1,대지,292,28,대구광역시 서구 중리동 292-28,271703007001,대구광역시 서구 국채보상로,92,,2717010500102920028004225,,대구광역시 서구 국채보상로 92,703832,41841,,,,128.541200813719,35.8684929544803
MA010120220803415136,오성미르company,,G2,소매,G214,연료 소매,G21402,가스 충전소,G47712,운송장비용 가스 충전업,44,충청남도,44133,천안시 서북구,44133580,부성1동,4413310400,두정동,4413310400103960003,1,대지,396,3,충청남도 천안시 서북구 두정동 396-3,441332249005,충청남도 천안시 서북구 천안대로,1048,10,4413310400103960003045280,,충청남도 천안시 서북구 천안대로 1048-10,331957,31112,,,,127.152640382287,36.8354616083777
MA010120220803422858,현대직영태영에너지,,G2,소매,G214,연료 소매,G21402,가스 충전소,G47712,운송장비용 가스 충전업,31,울산광역시,31710,울주군,31710340,웅촌면,3171034027,웅촌면,3171034027110170005,1,대지,1017,5,울산광역시 울주군 웅촌면 대대리 1017-5,317103011007,울산광역시 울주군 웅촌면 웅촌로,20,,3171034027110170005024510,,울산광역시 울주군 웅촌면 웅촌로 20,689872,44967,,,,129.191218694044,35.43703250793
MA010120220803434533,부평LPG충전소,,G2,소매,G214,연료 소매,G21402,가스 충전소,G47712,운송장비용 가스 충전업,28,인천광역시,28237,부평구,28237641,갈산1동,2823710600,갈산동,2823710600101850010,1,대지,185,10,인천광역시 부평구 갈산동 185-10,282372008008,인천광역시 부평구 부평대로,216,,2823710600101850010111207,,인천광역시 부평구 부평대로 216,403802,21335,,,,126.721002244307,37.5107157190782
MA010120220804936687,에이치에너지산업,,G2,소매,G214,연료 소매,G21402,가스 충전소,G47712,운송장비용 가스 충전업,41,경기도,41630,양주시,41630510,양주1동,4163010400,마전동,4163010400102910028,1,대지,291,28,경기도 양주시 마전동 291-28,416303000001,경기도 양주시 동일로,955,,4163010400102910028000001,,경기도 양주시 동일로 955,482070,11496,,,,127.047090992062,37.7700418510886
MA010120220804897921,아폴론LPG충전소,,G2,소매,G214,연료 소매,G21402,가스 충전소,G47712,운송장비용 가스 충전업,46,전라남도,46230,광양시,46230250,광양읍,4623025035,광양읍,4623025035100020007,1,대지,2,7,전라남도 광양시 광양읍 덕례리 2-7,462303283036,전라남도 광양시 광양읍 순광로,591,,4623025035100020007012729,,전라남도 광양시 광양읍 순광로 591,545802,57762,,,,127.581467537125,34.9650234363612
MA010120220804934912,진주LPG충전소,,G2,소매,G214,연료 소매,G21402,가스 충전소,G47712,운송장비용 가스 충전업,48,경상남도,48170,진주시,48170695,초장동,4817012200,초전동,4817012200114950001,1,대지,1495,1,경상남도 진주시 초전동 1495-1,481703332021,경상남도 진주시 말티고개로,46,,4817012200114950001000001,,경상남도 진주시 말티고개로 46,660985,52742,,,,128.106221586815,35.1989725946169
MA010120220804964798,대안가스,,G2,소매,G214,연료 소매,G21402,가스 충전소,G47712,운송장비용 가스 충전업,41,경기도,41650,포천시,41650390,영북면,4165039025,영북면,4165039025102430009,1,대지,243,9,경기도 포천시 영북면 문암리 243-9,416504439168,경기도 포천시 영북면 문암길,3,,4165039025102430006064915,,경기도 포천시 영북면 문암길 3,487895,11107,,,,127.274644606595,38.0784918821738
MA010120220804951736,고촌LPG충전소,,G2,소매,G214,연료 소매,G21402,가스 충전소,G47712,운송장비용 가스 충전업,41,경기도,41570,김포시,41570253,고촌읍,4157025322,고촌읍,4157025322105010001,1,대지,501,1,경기도 김포시 고촌읍 풍곡리 501-1,415703209168,경기도 김포시 고촌읍 태장로,70,,4157025322105010001000001,,경기도 김포시 고촌읍 태장로 70,415813,10121,,,,126.741716920713,37.61416092446
MA010120220804938402,서동에너지,,G2,소매,G214,연료 소매,G21402,가스 충전소,G47712,운송장비용 가스 충전업,52,전북특별자치도,52140,익산시,52140320,황등면,5214032023,황등면,5214032023102240055,1,대지,224,55,전북특별자치도 익산시 황등면 죽촌리 224-55,521404608188,전북특별자치도 익산시 황등면 죽촌1길,38,,4514032023102240055000001,,전북특별자치도 익산시 황등면 죽촌1길 38,570813,54530,,,,126.941027074424,36.0181214405815
MA010120220804966763,가스온,,G2,소매,G214,연료 소매,G21402,가스 충전소,G47712,운송장비용 가스 충전업,52,전북특별자치도,52130,군산시,52130680,개정동,5213013900,개정동,5213013900100600002,1,대지,60,2,전북특별자치도 군산시 개정동 60-2,521303268117,전북특별자치도 군산시 번영로,392,,4513013900100600002025350,,전북특별자치도 군산시 번영로 392,573440,54070,,,,126.760492592233,35.9629035701768
MA010120220804995434,중문충전소,,G2,소매,G214,연료 소매,G21402,가스 충전소,G47712,운송장비용 가스 충전업,50,제주특별자치도,50130,서귀포시,50130620,예래동,5013012000,상예동,5013012000117570009,1,대지,1757,9,제주특별자치도 서귀포시 상예동 1757-9,501303349236,제주특별자치도 서귀포시 일주서로,1120,,5013012000117570009040067,,제주특별자치도 서귀포시 일주서로 1120,697301,63534,,,,126.393586976728,33.2644559473853
MA010120220804986096,일영,,G2,소매,G214,연료 소매,G21402,가스 충전소,G47712,운송장비용 가스 충전업,28,인천광역시,28710,강화군,28710250,강화읍,2871025025,강화읍,2871025025103430005,1,대지,343,5,인천광역시 강화군 강화읍 갑곳리 343-5,287102157001,인천광역시 강화군 강화읍 강화대로,288,,2871025025103430005003885,,인천광역시 강화군 강화읍 강화대로 288,417801,23025,,,,126.497550930611,37.7414017767242
MA010120220805047058,제일에너지녹차골LPG충전소지점,,G2,소매,G214,연료 소매,G21402,가스 충전소,G47712,운송장비용 가스 충전업,46,전라남도,46780,보성군,46780250,보성읍,4678025023,보성읍,4678025023101150003,1,대지,115,3,전라남도 보성군 보성읍 옥평리 115-3,467803295110,전라남도 보성군 보성읍 녹색로,2828,,4678025023101150003000001,,전라남도 보성군 보성읍 녹색로 2828,546805,59460,,,,127.103480044044,34.7600401201493
MA010120220805035227,내포종합가스,,G2,소매,G214,연료 소매,G21402,가스 충전소,G47712,운송장비용 가스 충전업,44,충청남도,44810,예산군,44810360,덕산면,4481036028,덕산면,4481036028105400031,1,대지,540,31,충청남도 예산군 덕산면 둔리 540-31,448104589590,충청남도 예산군 덕산면 가루실안길,31,,4481036028105400031000001,,충청남도 예산군 덕산면 가루실안길 31,340922,32408,,,,126.64092176069,36.6623185668607
MA010120220805057002,천안시수소충전소,,G2,소매,G214,연료 소매,G21402,가스 충전소,G47712,운송장비용 가스 충전업,44,충청남도,44133,천안시 서북구,44133566,불당1동,4413310800,불당동,4413310800100200001,1,대지,20,1,충청남도 천안시 서북구 불당동 20-1,441333250021,충청남도 천안시 서북구 번영로,158,,4413310800100200001000001,,충청남도 천안시 서북구 번영로 158,331981,31162,,,,127.110258290208,36.8150172587356
MA010120220806392138,대명가스충전소,,G2,소매,G214,연료 소매,G21402,가스 충전소,G47712,운송장비용 가스 충전업,30,대전광역시,30140,중구,30140670,오류동,3014011300,오류동,3014011300101900018,1,대지,190,18,대전광역시 중구 오류동 190-18,301403165031,대전광역시 중구 오류로,95,,3014011300101900018024439,,대전광역시 중구 오류로 95,301829,34871,,,,127.402112553064,36.328673551288
MA010120220806392875,개인택시복지충전소,,G2,소매,G214,연료 소매,G21402,가스 충전소,G47712,운송장비용 가스 충전업,43,충청북도,43112,청주시 서원구,43112510,사직1동,4311210100,사직동,4311210100102370007,1,대지,237,7,충청북도 청주시 서원구 사직동 237-7,431123237036,충청북도 청주시 서원구 사운로,175,,4311310100102370007017161,,충청북도 청주시 서원구 사운로 175,362828,28548,,,,127.47858212758,36.6445696772692
MA010120220806390969,금학LPG충전소,,G2,소매,G214,연료 소매,G21402,가스 충전소,G47712,운송장비용 가스 충전업,44,충청남도,44150,공주시,44150550,금학동,4415011000,금학동,4415011000103180012,1,대지,318,12,충청남도 공주시 금학동 318-12,441503251029,충청남도 공주시 우금티로,468,,4415011000103180012756806,외,충청남도 공주시 우금티로 468,314080,32602,,,,127.117227098045,36.4370640365547
MA010120220806473875,청주가로수충전소,,G2,소매,G214,연료 소매,G21402,가스 충전소,G47712,운송장비용 가스 충전업,43,충청북도,43113,청주시 흥덕구,43113760,강서1동,4311313800,비하동,4311313800101180004,1,대지,118,4,충청북도 청주시 흥덕구 비하동 118-4,431133014012,충청북도 청주시 흥덕구 가로수로,1093,,4311313800101180004000001,,충청북도 청주시 흥덕구 가로수로 1093,361825,28367,,,,127.418066916376,36.6268198668345
MA010120220806493099,일선에너지오태LPG충전소,,G2,소매,G214,연료 소매,G21402,가스 충전소,G47712,운송장비용 가스 충전업,47,경상북도,47190,구미시,47190660,임오동,4719011800,오태동,4719011800106320001,1,대지,632,1,경상북도 구미시 오태동 632-1,471904724652,경상북도 구미시 오태길,5,,4719011800106320001043583,,경상북도 구미시 오태길 5,730141,39358,,,,128.350998602519,36.0737421012691
MA010120220806504184,미래벌크에너지,,G2,소매,G214,연료 소매,G21402,가스 충전소,G47712,운송장비용 가스 충전업,43,충청북도,43114,청주시 청원구,43114550,오근장동,4311411000,오동동,4311411000102350002,1,대지,235,2,충청북도 청주시 청원구 오동동 235-2,431143236060,충청북도 청주시 청원구 토성로,340,,4311411000102350002000001,,충청북도 청주시 청원구 토성로 340,363567,28353,,,,127.472254395816,36.692426587156
MA010120220806483178,배성에너지김해LPG,,G2,소매,G214,연료 소매,G21402,가스 충전소,G47712,운송장비용 가스 충전업,48,경상남도,48250,김해시,48250590,삼안동,4825012000,안동,4825012000102600024,1,대지,260,24,경상남도 김해시 안동 260-24,482502335001,경상남도 김해시 김해대로,2625,,4825012000102600024050055,,경상남도 김해시 김해대로 2625,621914,50932,,,,128.913442819491,35.2292702011336
MA010120220806478284,양지엘피지충전소,,G2,소매,G214,연료 소매,G21402,가스 충전소,G47712,운송장비용 가스 충전업,41,경기도,41461,용인시 처인구,41461360,양지면,4146136021,양지면,4146136021107870000,1,대지,787,,경기도 용인시 처인구 양지면 양지리 787,414613203161,경기도 용인시 처인구 양지면 양지로,17,9,4146136021107870000033813,,경기도 용인시 처인구 양지면 양지로 17-9,449823,17158,,,,127.271983241984,37.2287207871195
MA010120220806543590,서해5도에너지,,G2,소매,G214,연료 소매,G21402,가스 충전소,G47712,운송장비용 가스 충전업,28,인천광역시,28720,옹진군,28720340,대청면,2872034021,대청면,2872034021104100000,1,대지,410,,인천광역시 옹진군 대청면 대청리 410,287203158005,인천광역시 옹진군 대청면 대청로,17,1,2872034021104100000000736,,인천광역시 옹진군 대청면 대청로 17-1,409851,23105,,,,124.714373742554,37.8252414108153
MA010120220806528363,횡성오렌지충전소,,G2,소매,G214,연료 소매,G21402,가스 충전소,G47712,운송장비용 가스 충전업,51,강원특별자치도,51730,횡성군,51730250,횡성읍,5173025043,횡성읍,5173025043100470001,1,대지,47,1,강원특별자치도 횡성군 횡성읍 학곡리 47-1,517303226086,강원특별자치도 횡성군 횡성읍 한우로,180,,4273025043100470001000001,,강원특별자치도 횡성군 횡성읍 한우로 180,225802,25210,,,,127.978316368193,37.4958036475808
MA010120220806533840,전주시삼천수소충전소,,G2,소매,G214,연료 소매,G21402,가스 충전소,G47712,운송장비용 가스 충전업,52,전북특별자치도,52111,전주시 완산구,52111703,삼천3동,5211113900,삼천동3가,5211113900104070001,1,대지,407,1,전북특별자치도 전주시 완산구 삼천동3가 407-1,521113266068,전북특별자치도 전주시 완산구 정여립로,536,,4511113900104070001000002,전주시수소버스충전소,전북특별자치도 전주시 완산구 정여립로 536,560293,55071,,,,127.079756080477,35.8023959484867
MA010120220806510640,대광LPG충전소,,G2,소매,G214,연료 소매,G21402,가스 충전소,G47712,운송장비용 가스 충전업,52,전북특별자치도,52111,전주시 완산구,52111650,동서학동,5211114400,색장동,5211114400108570006,1,대지,857,6,전북특별자치도 전주시 완산구 색장동 857-6,521113266092,전북특별자치도 전주시 완산구 춘향로,4881,,4511114400108580018033169,,전북특별자치도 전주시 완산구 춘향로 4881,560120,55117,,,,127.198263499788,35.7786548362042
MA010120220807857485,남동가스충전소,,G2,소매,G214,연료 소매,G21402,가스 충전소,G47712,운송장비용 가스 충전업,46,전라남도,46150,순천시,46150390,별량면,4615039026,별량면,4615039026107270003,1,대지,727,3,전라남도 순천시 별량면 쌍림리 727-3,461503295110,전라남도 순천시 별량면 녹색로,988,,4615039026107270003073649,,전라남도 순천시 별량면 녹색로 988,540872,58030,,,,127.456563713185,34.8795560804311
MA010120220807856058,거성LPG,,G2,소매,G214,연료 소매,G21402,가스 충전소,G47712,운송장비용 가스 충전업,46,전라남도,46230,광양시,46230250,광양읍,4623025030,광양읍,4623025030102300001,1,대지,230,1,전라남도 광양시 광양읍 용강리 230-1,462303285019,전라남도 광양시 광양읍 백운로,226,,4623025030102300001013829,,전라남도 광양시 광양읍 백운로 226,545801,57749,,,,127.610764527367,34.9630408355359
MA010120220807856104,내고향LPG충전소,,G2,소매,G214,연료 소매,G21402,가스 충전소,G47712,운송장비용 가스 충전업,46,전라남도,46150,순천시,46150330,황전면,4615033025,황전면,4615033025101010004,1,대지,101,4,전라남도 순천시 황전면 죽내리 101-4,461503283012,전라남도 순천시 황전면 순천로,1660,,4615033025101010004067881,,전라남도 순천시 황전면 순천로 1660,540824,57901,,,,127.437477606929,35.1082420721516
MA010120220807860685,녹동LPG충전소,,G2,소매,G214,연료 소매,G21402,가스 충전소,G47712,운송장비용 가스 충전업,46,전라남도,46770,고흥군,46770253,도양읍,4677025322,도양읍,4677025322107100003,1,대지,710,3,전라남도 고흥군 도양읍 관리 710-3,467703289039,전라남도 고흥군 도양읍 우주항공로,446,,4677025322107100003070881,,전라남도 고흥군 도양읍 우주항공로 446,548901,59551,,,,127.156236298449,34.5568369224904
MA010120220807865112,과역안전가스,,G2,소매,G214,연료 소매,G21402,가스 충전소,G47712,운송장비용 가스 충전업,46,전라남도,46770,고흥군,46770380,과역면,4677038026,과역면,4677038026100070005,1,대지,7,5,전라남도 고흥군 과역면 과역리 7-5,467703289005,전라남도 고흥군 과역면 과역로,914,,4677038026100070005046990,,전라남도 고흥군 과역면 과역로 914,548831,59511,,,,127.366488026529,34.682046652239
MA010120220807865820,S.H.M,,G2,소매,G214,연료 소매,G21402,가스 충전소,G47712,운송장비용 가스 충전업,46,전라남도,46230,광양시,46230250,광양읍,4623025035,광양읍,4623025035117290004,1,대지,1729,4,전라남도 광양시 광양읍 덕례리 1729-4,462304655345,전라남도 광양시 광양읍 옹기길,14,,4623025035117290004000001,,전라남도 광양시 광양읍 옹기길 14,545802,57762,,,,127.574274104653,34.9635073027303
MA010120220807875891,신대에너지,,G2,소매,G214,연료 소매,G21402,가스 충전소,G47712,운송장비용 가스 충전업,46,전라남도,46150,순천시,46150310,해룡면,4615031023,해룡면,4615031023104630002,1,대지,463,2,전라남도 순천시 해룡면 상삼리 463-2,461504649454,전라남도 순천시 해룡면 상성길,286,,4615031023104630002000001,,전라남도 순천시 해룡면 상성길 286,540854,58005,,,,127.535877537632,34.9437172986925
MA010120220807853206,산하LPG충전소,,G2,소매,G214,연료 소매,G21402,가스 충전소,G47712,운송장비용 가스 충전업,46,전라남도,46150,순천시,46150390,별량면,4615039037,별량면,4615039037108430006,1,대지,843,6,전라남도 순천시 별량면 금치리 843-6,461503295110,전라남도 순천시 별량면 녹색로,63,,4615039037108430006073974,,전라남도 순천시 별량면 녹색로 63,540871,58031,,,,127.385093659868,34.8444146218816
MA010120220807863868,남벌교LPG충전소,,G2,소매,G214,연료 소매,G21402,가스 충전소,G47712,운송장비용 가스 충전업,46,전라남도,46780,보성군,46780253,벌교읍,4678025332,벌교읍,4678025332102220001,1,대지,222,1,전라남도 보성군 벌교읍 장좌리 222-1,467803295110,전라남도 보성군 벌교읍 녹색로,5584,,4678025332102220001710752,,전라남도 보성군 벌교읍 녹색로 5584,546909,59431,,,,127.350481017901,34.8374072243863
MA010120220807863947,금당LPG충전소,,G2,소매,G214,연료 소매,G21402,가스 충전소,G47712,운송장비용 가스 충전업,46,전라남도,46230,광양시,46230250,광양읍,4623025035,광양읍,4623025035113740012,1,대지,1374,12,전라남도 광양시 광양읍 덕례리 1374-12,462304655142,전라남도 광양시 광양읍 동주1길,7,,4623025035113740012049318,,전라남도 광양시 광양읍 동주1길 7,545802,57764,,,,127.558846088008,34.9650485141993
MA010120220807866072,금치LPG충전소,,G2,소매,G214,연료 소매,G21402,가스 충전소,G47712,운송장비용 가스 충전업,46,전라남도,46150,순천시,46150390,별량면,4615039037,별량면,4615039037102830000,1,대지,283,,전라남도 순천시 별량면 금치리 283,461503295110,전라남도 순천시 별량면 녹색로,118,,4615039037102830000073443,,전라남도 순천시 별량면 녹색로 118,540871,58031,,,,127.391201386237,34.8435388022899
MA010120220807853647,구례LPG충전소,,G2,소매,G214,연료 소매,G21402,가스 충전소,G47712,운송장비용 가스 충전업,46,전라남도,46730,구례군,46730340,마산면,4673034026,마산면,4673034026103240001,1,대지,324,1,전라남도 구례군 마산면 냉천리 324-1,467302000027,전라남도 구례군 마산면 섬진강대로,5503,,4673034026103240001008634,,전라남도 구례군 마산면 섬진강대로 5503,542852,57619,,,,127.479298771,35.2107475926052
MA010120220807862573,금성LPG충전소,,G2,소매,G214,연료 소매,G21402,가스 충전소,G47712,운송장비용 가스 충전업,46,전라남도,46770,고흥군,46770380,과역면,4677038025,과역면,4677038025112380003,1,대지,1238,3,전라남도 고흥군 과역면 석봉리 1238-3,467703289039,전라남도 고흥군 과역면 우주항공로,3256,,4677038025200720003070863,,전라남도 고흥군 과역면 우주항공로 3256,548832,59511,,,,127.367943506071,34.6879195494815
MA010120220807894306,원영실업유,,G2,소매,G214,연료 소매,G21402,가스 충전소,G47712,운송장비용 가스 충전업,46,전라남도,46150,순천시,46150550,삼산동,4615010900,가곡동,4615010900100440001,1,대지,44,1,전라남도 순천시 가곡동 44-1,461503283038,전라남도 순천시 중앙로,491,6,4615010900100440001014099,,전라남도 순천시 중앙로 491-6,540080,57924,,,,127.488714315885,34.9889850476691
MA010120220807897840,가곡에너지주,,G2,소매,G214,연료 소매,G21402,가스 충전소,G47712,운송장비용 가스 충전업,46,전라남도,46150,순천시,46150550,삼산동,4615010900,가곡동,4615010900101860000,1,대지,186,,전라남도 순천시 가곡동 186,461503283038,전라남도 순천시 중앙로,432,,4615010900101860000000001,,전라남도 순천시 중앙로 432,540080,57925,,,,127.487397619781,34.983041270363
MA010120220807894606,백운에너지주,,G2,소매,G214,연료 소매,G21402,가스 충전소,G47712,운송장비용 가스 충전업,46,전라남도,46230,광양시,46230330,옥곡면,4623033024,옥곡면,4623033024115070084,1,대지,1507,84,전라남도 광양시 옥곡면 신금리 1507-84,462304655576,전라남도 광양시 옥곡면 신금산단1길,7,,4623033024115070084000729,동소신금산단,전라남도 광양시 옥곡면 신금산단1길 7,545833,57714,,,,127.725120270105,34.965855110759
MA010120220807914509,율촌천연가스충전소,,G2,소매,G214,연료 소매,G21402,가스 충전소,G47712,운송장비용 가스 충전업,46,전라남도,46130,여수시,46130740,둔덕동,4613012300,둔덕동,4613012300105470001,1,대지,547,1,전라남도 여수시 둔덕동 547-1,461303282069,전라남도 여수시 좌수영로,548,,4613012300105470001020604,,전라남도 여수시 좌수영로 548,550250,59625,,,,127.693636704696,34.7726660031719
MA010120220807885730,옥천LPG충전소,,G2,소매,G214,연료 소매,G21402,가스 충전소,G47712,운송장비용 가스 충전업,46,전라남도,46730,구례군,46730250,구례읍,4673025027,구례읍,4673025027100440001,1,대지,44,1,전라남도 구례군 구례읍 원방리 44-1,467303288003,전라남도 구례군 구례읍 구례로,230,,4673025027100440001020228,,전라남도 구례군 구례읍 구례로 230,542806,57658,,,,127.46239481527,35.1832682514689
MA010120220807894769,대성에너지,,G2,소매,G214,연료 소매,G21402,가스 충전소,G47712,운송장비용 가스 충전업,46,전라남도,46130,여수시,46130740,둔덕동,4613012300,둔덕동,4613012300102870000,1,대지,287,,전라남도 여수시 둔덕동 287,461303282069,전라남도 여수시 좌수영로,632,,4613012300102870000000618,,전라남도 여수시 좌수영로 632,550250,59625,,,,127.696166257774,34.7798987664761
MA010120220807894770,일원,,G2,소매,G214,연료 소매,G21402,가스 충전소,G47712,운송장비용 가스 충전업,46,전라남도,46230,광양시,46230515,골약동,4623010100,황금동,4623010100109910003,1,대지,991,3,전라남도 광양시 황금동 991-3,462303285038,전라남도 광양시 제철로,661,,4623010100109910003000001,,전라남도 광양시 제철로 661,545040,57770,,,,127.623665571057,34.9171584381635
MA010120220807895032,순천개인택시충전소유,,G2,소매,G214,연료 소매,G21402,가스 충전소,G47712,운송장비용 가스 충전업,46,전라남도,46150,순천시,46150320,서면,4615032029,서면,4615032029106300000,1,대지,630,,전라남도 순천시 서면 압곡리 630,461503283007,전라남도 순천시 서면 백강로,600,,4615032029106300000051228,,전라남도 순천시 서면 백강로 600,540812,57903,,,,127.515584254786,34.9842138169953
MA010120220807898215,금선,,G2,소매,G214,연료 소매,G21402,가스 충전소,G47712,운송장비용 가스 충전업,46,전라남도,46230,광양시,46230250,광양읍,4623025026,광양읍,4623025026105570000,1,대지,557,,전라남도 광양시 광양읍 초남리 557,462303285038,전라남도 광양시 광양읍 제철로,237,,4623025026105570002042634,,전라남도 광양시 광양읍 제철로 237,545801,57759,,,,127.609159269762,34.9443814691586
MA010120220807900652,첨단그린빌리지유,,G2,소매,G214,연료 소매,G21402,가스 충전소,G47712,운송장비용 가스 충전업,46,전라남도,46780,보성군,46780253,벌교읍,4678025330,벌교읍,4678025330102770003,1,대지,277,3,전라남도 보성군 벌교읍 척령리 277-3,467803295110,전라남도 보성군 벌교읍 녹색로,5337,,4678025330102770003703009,,전라남도 보성군 벌교읍 녹색로 5337,546909,59429,,,,127.325296739251,34.8385768880242
MA010120220807910498,그린LPG충전소,,G2,소매,G214,연료 소매,G21402,가스 충전소,G47712,운송장비용 가스 충전업,46,전라남도,46130,여수시,46130800,여천동,4613013600,여천동,4613013600109190001,1,대지,919,1,전라남도 여수시 여천동 919-1,461303282044,전라남도 여수시 시청로,175,,4613013600109190002077491,여,전라남도 여수시 시청로 175,555090,59633,,,,127.661657516105,34.7775312630772
MA010120220807900744,영우직영동광양충전소주,,G2,소매,G214,연료 소매,G21402,가스 충전소,G47712,운송장비용 가스 충전업,46,전라남도,46230,광양시,46230540,광영동,4623010800,광영동,4623010800105560021,1,대지,556,21,전라남도 광양시 광영동 556-21,462303285057,전라남도 광양시 강변로,98,,4623010800105560021008779,,전라남도 광양시 강변로 98,545080,57724,,,,127.729613896079,34.9552281556761
MA010120220807895653,가야산에너지유한,,G2,소매,G214,연료 소매,G21402,가스 충전소,G47712,운송장비용 가스 충전업,46,전라남도,46230,광양시,46230530,중마동,4623010700,마동,4623010700104300000,1,대지,430,,전라남도 광양시 마동 430,462303285019,전라남도 광양시 백운로,1275,,4623010700104300000000001,,전라남도 광양시 백운로 1275,545070,57776,,,,127.706464314249,34.9405645575088
MA010120220807898853,벌교아이씨충전소유,,G2,소매,G214,연료 소매,G21402,가스 충전소,G47712,운송장비용 가스 충전업,46,전라남도,46780,보성군,46780253,벌교읍,4678025330,벌교읍,4678025330102770003,1,대지,277,3,전라남도 보성군 벌교읍 척령리 277-3,467803295110,전라남도 보성군 벌교읍 녹색로,5337,,4678025330102770003703009,,전라남도 보성군 벌교읍 녹색로 5337,546909,59429,,,,127.325296739251,34.8385768880242
MA010120220807895964,제철,,G2,소매,G214,연료 소매,G21402,가스 충전소,G47712,운송장비용 가스 충전업,41,경기도,41450,하남시,41450610,미사1동,4145010900,망월동,4145010900110660002,1,대지,1066,2,경기도 하남시 망월동 1066-2,414503202056,경기도 하남시 미사강변남로,33,,4145010900108300306000001,황금프라자,경기도 하남시 미사강변남로 33,465150,12914,,3,,127.185547395339,37.5599138522291
MA010120220807896499,왕조LPG충전소주,,G2,소매,G214,연료 소매,G21402,가스 충전소,G47712,운송장비용 가스 충전업,46,전라남도,46150,순천시,46150661,왕조1동,4615013300,조례동,4615013300103570008,1,대지,357,8,전라남도 순천시 조례동 357-8,461503283036,전라남도 순천시 순광로,95,,4615013300103570008004405,,전라남도 순천시 순광로 95,540964,57931,,,,127.530410545083,34.9582985364293
MA010120220807897040,아폴론주,,G2,소매,G214,연료 소매,G21402,가스 충전소,G47712,운송장비용 가스 충전업,46,전라남도,46230,광양시,46230250,광양읍,4623025035,광양읍,4623025035100020007,1,대지,2,7,전라남도 광양시 광양읍 덕례리 2-7,462303283036,전라남도 광양시 광양읍 순광로,591,,4623025035100020007012729,,전라남도 광양시 광양읍 순광로 591,545802,57762,,,,127.581467537125,34.9650234363612
MA010120220807885447,산동LPG충전소,,G2,소매,G214,연료 소매,G21402,가스 충전소,G47712,운송장비용 가스 충전업,46,전라남도,46730,구례군,46730370,산동면,4673037032,산동면,4673037032100520001,1,대지,52,1,전라남도 구례군 산동면 계천리 52-1,467303000198,전라남도 구례군 산동면 산업로,2307,,4673037032100520001023371,,전라남도 구례군 산동면 산업로 2307,542831,57601,,,,127.441578543127,35.3371228146153
MA010120220807947383,율촌,,G2,소매,G214,연료 소매,G21402,가스 충전소,G47712,운송장비용 가스 충전업,46,전라남도,46130,여수시,46130740,둔덕동,4613012300,둔덕동,4613012300105470001,1,대지,547,1,전라남도 여수시 둔덕동 547-1,461303282069,전라남도 여수시 좌수영로,548,,4613012300105470001020604,,전라남도 여수시 좌수영로 548,550250,59625,,1,,127.693636704696,34.7726660031719
MA010120220807949756,미래에너지산업,,G2,소매,G214,연료 소매,G21402,가스 충전소,G47712,운송장비용 가스 충전업,44,충청남도,44150,공주시,44150400,신풍면,4415040021,신풍면,4415040021104310001,1,대지,431,1,충청남도 공주시 신풍면 산정리 431-1,441503251047,충청남도 공주시 신풍면 차동로,2152,,4415040021104310001000002,,충청남도 공주시 신풍면 차동로 2152,314882,32525,,,,126.949227050667,36.5308405084587
MA010120220807945172,구봉가스주,,G2,소매,G214,연료 소매,G21402,가스 충전소,G47712,운송장비용 가스 충전업,46,전라남도,46130,여수시,46130800,여천동,4613013700,화장동,4613013700103170003,1,대지,317,3,전라남도 여수시 화장동 317-3,461303282025,전라남도 여수시 무선로,280,,4613013700103170003000001,,전라남도 여수시 무선로 280,555090,59649,,,,127.644566266728,34.782481481959
MA010120220807946115,개인가스충전소유,,G2,소매,G214,연료 소매,G21402,가스 충전소,G47712,운송장비용 가스 충전업,46,전라남도,46130,여수시,46130780,쌍봉동,4613012900,학용동,4613012900100180005,1,대지,18,5,전라남도 여수시 학용동 18-5,461303282046,전라남도 여수시 쌍봉로,249,,4613012900100180005020731,,전라남도 여수시 쌍봉로 249,555100,59682,,,,127.68268141606,34.7648767757577
MA010120220807949033,지에스칼텍스여천가스,,G2,소매,G214,연료 소매,G21402,가스 충전소,G47712,운송장비용 가스 충전업,46,전라남도,46130,여수시,46130790,시전동,4613013200,시전동,4613013200111120000,1,대지,1112,,전라남도 여수시 시전동 1112,461303282046,전라남도 여수시 쌍봉로,258,,4613013200111120000040178,,전라남도 여수시 쌍봉로 258,555030,59683,,,,127.684228899423,34.7644444332125
MA010120220807949162,율촌와온영업소,,G2,소매,G214,연료 소매,G21402,가스 충전소,G47712,운송장비용 가스 충전업,46,전라남도,46130,여수시,46130800,여천동,4613013700,화장동,4613013700103170004,1,대지,317,4,전라남도 여수시 화장동 317-4,461303282025,전라남도 여수시 무선로,282,,4613013700103170004000001,,전라남도 여수시 무선로 282,555090,59649,,1,,127.644250358689,34.7826003357582
MA010120220807953860,만남의충전소,,G2,소매,G214,연료 소매,G21402,가스 충전소,G47712,운송장비용 가스 충전업,52,전북특별자치도,52113,전주시 덕진구,52113620,호성동,5211311600,호성동1가,5211311600104280000,1,대지,428,,전북특별자치도 전주시 덕진구 호성동1가 428,521133267066,전북특별자치도 전주시 덕진구 초포다리로,194,,4511311600104280000016667,호성동,전북특별자치도 전주시 덕진구 초포다리로 194,561211,54817,,,,127.157461080567,35.8730319245745
MA010120220807959682,고랑LPG충전소,,G2,소매,G214,연료 소매,G21402,가스 충전소,G47712,운송장비용 가스 충전업,52,전북특별자치도,52113,전주시 덕진구,52113665,여의동,5211312900,고랑동,5211312900110800004,1,대지,1080,4,전북특별자치도 전주시 덕진구 고랑동 1080-4,521133016035,전북특별자치도 전주시 덕진구 삼례로,164,,4511312900110800004014539,,전북특별자치도 전주시 덕진구 삼례로 164,561330,54811,,,,127.077476229935,35.8926312361418
MA010120220807949252,마라톤가스새동래충전소,,G2,소매,G214,연료 소매,G21402,가스 충전소,G47712,운송장비용 가스 충전업,26,부산광역시,26470,연제구,26470610,거제1동,2647010100,거제동,2647010100101520009,1,대지,152,9,부산광역시 연제구 거제동 152-9,264703130023,부산광역시 연제구 명륜로,15,,2647010100101520009014812,,부산광역시 연제구 명륜로 15,611803,47513,,,,129.081768072593,35.1967083405124
MA010120220807989446,전주에너지충전소유,,G2,소매,G214,연료 소매,G21402,가스 충전소,G47712,운송장비용 가스 충전업,52,전북특별자치도,52113,전주시 덕진구,52113600,팔복동,5211310800,팔복동1가,5211310800102820002,1,대지,282,2,전북특별자치도 전주시 덕진구 팔복동1가 282-2,521133267038,전북특별자치도 전주시 덕진구 신복로,96,,4511310800102320000026515,,전북특별자치도 전주시 덕진구 신복로 96,561840,54842,,,,127.105054386175,35.8583717151554
MA010120220807984979,대성엘피지충전소유,,G2,소매,G214,연료 소매,G21402,가스 충전소,G47712,운송장비용 가스 충전업,52,전북특별자치도,52113,전주시 덕진구,52113665,여의동,5211313900,여의동2가,5211313900104740013,1,대지,474,13,전북특별자치도 전주시 덕진구 여의동2가 474-13,521132266001,전북특별자치도 전주시 덕진구 기린대로,930,,4511312800104740013000001,,전북특별자치도 전주시 덕진구 기린대로 930,561330,54849,,,,127.08354983942,35.8647965112419
MA010120220807976634,서림가스충전소,,G2,소매,G214,연료 소매,G21402,가스 충전소,G47712,운송장비용 가스 충전업,52,전북특별자치도,52113,전주시 덕진구,52113620,호성동,5211311600,호성동1가,5211311600105870004,1,대지,587,4,전북특별자치도 전주시 덕진구 호성동1가 587-4,521132266002,전북특별자치도 전주시 덕진구 동부대로,844,,4511311600105870004015963,,전북특별자치도 전주시 덕진구 동부대로 844,561211,54817,,,,127.151926269472,35.8623682199525
MA010120220807988580,신협제2LPG충전소,,G2,소매,G214,연료 소매,G21402,가스 충전소,G47712,운송장비용 가스 충전업,52,전북특별자치도,52113,전주시 덕진구,52113600,팔복동,5211310900,팔복동2가,5211310900100100001,1,대지,10,1,전북특별자치도 전주시 덕진구 팔복동2가 10-1,521132266001,전북특별자치도 전주시 덕진구 기린대로,646,,4511310900100100001026327,,전북특별자치도 전주시 덕진구 기린대로 646,561842,54845,,,,127.110447335757,35.8513190640113
MA010120220801339182,동서LPG충전소,,G2,소매,G214,연료 소매,G21402,가스 충전소,G47712,운송장비용 가스 충전업,41,경기도,41370,오산시,41370560,초평동,4137011600,서동,4137011600102020004,1,대지,202,4,경기도 오산시 서동 202-4,413703198021,경기도 오산시 서동로,65,,4137011600102020004006868,,경기도 오산시 서동로 65,447200,18104,,,,127.038146633415,37.1458326501683
MA010120220801327137,대양충전소,,G2,소매,G214,연료 소매,G21402,가스 충전소,G47712,운송장비용 가스 충전업,41,경기도,41410,군포시,41410560,금정동,4141010500,금정동,4141010500100010049,1,대지,1,49,경기도 군포시 금정동 1-49,414103182030,경기도 군포시 엘에스로,156,,4141010500100010049000001,,경기도 군포시 엘에스로 156,435824,15807,,,,126.945728305992,37.3747993149494
MA010120220801321739,대야엘피지충전소,,G2,소매,G214,연료 소매,G21402,가스 충전소,G47712,운송장비용 가스 충전업,41,경기도,41410,군포시,41410630,송부동,4141010800,대야미동,4141010800102660012,1,대지,266,12,경기도 군포시 대야미동 266-12,414103200004,경기도 군포시 군포로,148,,4141010800102660012000001,,경기도 군포시 군포로 148,435060,15883,,,,126.920938999554,37.3280940399016
MA010120220801366721,삼미충전소,,G2,소매,G214,연료 소매,G21402,가스 충전소,G47712,운송장비용 가스 충전업,41,경기도,41370,오산시,41370546,신장2동,4137011000,내삼미동,4137011000105870000,1,대지,587,,경기도 오산시 내삼미동 587,413702012013,경기도 오산시 경기대로,725,,4137011000105870000002938,내삼미동,경기도 오산시 경기대로 725,447220,18112,,,,127.049449258882,37.1828348961907
MA010120220801382356,병점종합가스,,G2,소매,G214,연료 소매,G21402,가스 충전소,G47712,운송장비용 가스 충전업,41,경기도,41590,화성시,41590259,향남읍,4159025936,향남읍,4159025936102050002,1,대지,205,2,경기도 화성시 향남읍 동오리 205-2,415903210137,경기도 화성시 향남읍 발안로,490,,4159025936102050002000001,,경기도 화성시 향남읍 발안로 490,445929,18624,,,,126.960454184023,37.1308115001373
MA010120220801386356,뉴타운충전소,,G2,소매,G214,연료 소매,G21402,가스 충전소,G47712,운송장비용 가스 충전업,41,경기도,41590,화성시,41590320,비봉면,4159032021,비봉면,4159032021106370007,1,대지,637,7,경기도 화성시 비봉면 양노리 637-7,415903210128,경기도 화성시 비봉면 화성로,1589,,4159032021106370005013206,,경기도 화성시 비봉면 화성로 1589,445842,18285,,,,126.854431645313,37.2250420974587
MA010120220801375704,성산LPG충전소,,G2,소매,G214,연료 소매,G21402,가스 충전소,G47712,운송장비용 가스 충전업,50,제주특별자치도,50130,서귀포시,50130259,성산읍,5013025924,성산읍,5013025924119140007,1,대지,1914,7,제주특별자치도 서귀포시 성산읍 고성리 1914-7,501303349235,제주특별자치도 서귀포시 성산읍 일주동로,4495,,5013025924119120001000001,,제주특별자치도 서귀포시 성산읍 일주동로 4495,699901,63641,,,,126.907666434002,33.4276702207091
MA010120220801345455,병점대교충전소,,G2,소매,G214,연료 소매,G21402,가스 충전소,G47712,운송장비용 가스 충전업,41,경기도,41590,화성시,41590520,진안동,4159011600,진안동,4159011600108320039,1,대지,832,39,경기도 화성시 진안동 832-39,415903012007,경기도 화성시 효행로,869,6,4159011600108320039000001,,경기도 화성시 효행로 869-6,445390,18367,,,,127.023634235093,37.2072253428419
MA010120220801383165,신도시충전소,,G2,소매,G214,연료 소매,G21402,가스 충전소,G47712,운송장비용 가스 충전업,41,경기도,41590,화성시,41590620,동탄8동,4159013600,장지동,4159013600108610009,1,대지,861,9,경기도 화성시 장지동 861-9,415903012069,경기도 화성시 경기동로,541,,4159042030200550005000001,,경기도 화성시 경기동로 541,,18510,,,,127.12928126399,37.1493364793588
MA010120220801373426,태성가스텍충전소,,G2,소매,G214,연료 소매,G21402,가스 충전소,G47712,운송장비용 가스 충전업,44,충청남도,44131,천안시 동남구,44131580,청룡동,4413111000,삼룡동,4413111000103810040,1,대지,381,40,충청남도 천안시 동남구 삼룡동 381-40,441312249005,충청남도 천안시 동남구 천안대로,223,,4413111000103810025043089,,충청남도 천안시 동남구 천안대로 223,330150,31212,,,,127.165343813851,36.7686722644648
MA010120220801367967,마도산업종합가스,,G2,소매,G214,연료 소매,G21402,가스 충전소,G47712,운송장비용 가스 충전업,41,경기도,41590,화성시,41590330,마도면,4159033022,마도면,4159033022104740000,1,대지,474,,경기도 화성시 마도면 두곡리 474,415904431414,경기도 화성시 마도면 화성로888번길,11,,4159033022104740000009799,,경기도 화성시 마도면 화성로888번길 11,445862,18537,,,,126.785253033702,37.2032486426602
MA010120220801349291,평동LPG충전소,,G2,소매,G214,연료 소매,G21402,가스 충전소,G47712,운송장비용 가스 충전업,41,경기도,41113,수원시 권선구,41113550,평동,4111312700,평동,4111312700100560001,1,대지,56,1,경기도 수원시 권선구 평동 56-1,411133012003,경기도 수원시 권선구 매송고색로,864,,4111312700100560001036730,,경기도 수원시 권선구 매송고색로 864,441230,16645,,,,126.997396021298,37.25767729253
MA010120220801346860,동수원톨게이트충전소,,G2,소매,G214,연료 소매,G21402,가스 충전소,G47712,운송장비용 가스 충전업,41,경기도,41117,수원시 영통구,41117600,광교1동,4111710300,이의동,4111710300104320001,1,대지,432,1,경기도 수원시 영통구 이의동 432-1,411172012001,경기도 수원시 영통구 창룡대로,369,,4111710300104320001051745,외,경기도 수원시 영통구 창룡대로 369,443270,16226,,,,127.048395239907,37.2957453873263
MA010120220801385013,동탄뉴타운충전소,,G2,소매,G214,연료 소매,G21402,가스 충전소,G47712,운송장비용 가스 충전업,41,경기도,41590,화성시,41590620,동탄8동,4159013600,장지동,4159013600101940011,1,대지,194,11,경기도 화성시 장지동 194-11,415903012069,경기도 화성시 경기동로,228,,4159042030101940011000001,,경기도 화성시 경기동로 228,,18509,,,,127.096694089598,37.158549331106
MA010120220801445603,대구개인택시운송사업조합제5충전소,,G2,소매,G214,연료 소매,G21402,가스 충전소,G47712,운송장비용 가스 충전업,27,대구광역시,27230,북구,27230790,노원동,2723010900,노원동3가,2723010900106360000,1,대지,636,,대구광역시 북구 노원동3가 636,272303007024,대구광역시 북구 팔달로,67,,2723010900106360000045691,,대구광역시 북구 팔달로 67,702816,41499,,,,128.558090983144,35.8908667844902
MA010120220801441893,수일가스충전소주,,G2,소매,G214,연료 소매,G21402,가스 충전소,G47712,운송장비용 가스 충전업,41,경기도,41113,수원시 권선구,41113550,평동,4111312800,고색동,4111312800101730002,1,대지,173,2,경기도 수원시 권선구 고색동 173-2,411133175046,경기도 수원시 권선구 평동로,31,,4111312800101730002053672,,경기도 수원시 권선구 평동로 31,441806,16602,,1,,126.989978979587,37.2550188192569
MA010120220801409636,프라자충전소,,G2,소매,G214,연료 소매,G21402,가스 충전소,G47712,운송장비용 가스 충전업,41,경기도,41370,오산시,41370510,중앙동,4137010200,부산동,4137010200100790001,1,대지,79,1,경기도 오산시 부산동 79-1,413703012069,경기도 오산시 경기동로,197,,4137010200100790001000001,외,경기도 오산시 경기동로 197,447050,18148,,,,127.093599093381,37.1592996938692
MA010120220801446953,극동산업광명충전소주,,G2,소매,G214,연료 소매,G21402,가스 충전소,G47712,운송장비용 가스 충전업,41,경기도,41113,수원시 권선구,41113550,평동,4111312900,오목천동,4111312900103560008,1,대지,356,8,경기도 수원시 권선구 오목천동 356-8,411133012003,경기도 수원시 권선구 매송고색로,487,,4111312900103560008035405,,경기도 수원시 권선구 매송고색로 487,441849,16631,,,,126.958659472661,37.2439562125549
MA010120220801447190,극동산업병점충전소주,,G2,소매,G214,연료 소매,G21402,가스 충전소,G47712,운송장비용 가스 충전업,41,경기도,41113,수원시 권선구,41113690,곡선동,4111313900,대황교동,4111313900101000005,1,대지,100,5,경기도 수원시 권선구 대황교동 100-5,411133012006,경기도 수원시 권선구 정조로,215,,4111313900101000005020967,대황교동,경기도 수원시 권선구 정조로 215,441410,16661,,,,127.021804463342,37.2296167640743
MA010120220801441205,극동산업주,,G2,소매,G214,연료 소매,G21402,가스 충전소,G47712,운송장비용 가스 충전업,41,경기도,41115,수원시 팔달구,41115660,매산동,4111513500,매산로2가,4111513500100620010,1,대지,62,10,경기도 수원시 팔달구 매산로2가 62-10,411153176007,경기도 수원시 팔달구 매산로,40,,4111513500100620010010108,,경기도 수원시 팔달구 매산로 40,442853,16460,,,,127.006009136253,37.2680211348123
MA010120220801452380,(한일에너지,,G2,소매,G214,연료 소매,G21402,가스 충전소,G47712,운송장비용 가스 충전업,41,경기도,41590,화성시,41590320,비봉면,4159032025,비봉면,4159032025100370001,1,대지,37,1,경기도 화성시 비봉면 구포리 37-1,415903210128,경기도 화성시 비봉면 화성로,2045,,4159032025100380000000001,,경기도 화성시 비봉면 화성로 2045,445841,18291,,,,126.889769396732,37.2468675500695
MA010120220801479017,만호L.P.G충전소,,G2,소매,G214,연료 소매,G21402,가스 충전소,G47712,운송장비용 가스 충전업,41,경기도,41220,평택시,41220256,포승읍,4122025624,포승읍,4122025624104000009,1,대지,400,9,경기도 평택시 포승읍 만호리 400-9,412202012006,경기도 평택시 포승읍 서동대로,775,,4122025624104000009049857,,경기도 평택시 포승읍 서동대로 775,451821,17962,,,,126.855735816181,36.9595441377411
MA010120220801448781,발안LPG충전소대야에너지주,,G2,소매,G214,연료 소매,G21402,가스 충전소,G47712,운송장비용 가스 충전업,41,경기도,41590,화성시,41590259,향남읍,4159025922,향남읍,4159025922100270031,1,대지,27,31,경기도 화성시 향남읍 발안리 27-31,415903000117,경기도 화성시 향남읍 서해로,806,,4159025922100270031000470,,경기도 화성시 향남읍 서해로 806,445923,18595,,,,126.896303691538,37.133674162327
MA010120220801470976,풍농LPG충전소,,G2,소매,G214,연료 소매,G21402,가스 충전소,G47712,운송장비용 가스 충전업,44,충청남도,44800,홍성군,44800250,홍성읍,4480025025,홍성읍,4480025025103690010,1,대지,369,10,충청남도 홍성군 홍성읍 옥암리 369-10,448003262039,충청남도 홍성군 홍성읍 백월로,2,,4480025025103690010025684,,충청남도 홍성군 홍성읍 백월로 2,350808,32249,,,,126.643742972945,36.591317678875
MA010120220801449161,소마주,,G2,소매,G214,연료 소매,G21402,가스 충전소,G47712,운송장비용 가스 충전업,51,강원특별자치도,51130,원주시,51130675,반곡관설동,5113011700,반곡동,5113011700119000004,1,대지,1900,4,강원특별자치도 원주시 반곡동 1900-4,511303219089,강원특별자치도 원주시 미래로,15,,4213011700119000004000001,수변씨티상가,강원특별자치도 원주시 미래로 15,220170,26462,,,,127.985453048331,37.3260619152094
MA010120220801481488,도원LPG충전소,,G2,소매,G214,연료 소매,G21402,가스 충전소,G47712,운송장비용 가스 충전업,41,경기도,41220,평택시,41220535,송탄동,4122010600,도일동,4122010600109920000,1,대지,992,,경기도 평택시 도일동 992,412203012025,경기도 평택시 청원로,1630,,4122010600109920000021473,,경기도 평택시 청원로 1630,459090,17725,,,,127.101719574641,37.0440916472299
MA010120220801449633,한일크린에너지주,,G2,소매,G214,연료 소매,G21402,가스 충전소,G47712,운송장비용 가스 충전업,41,경기도,41550,안성시,41550520,안성2동,4155012100,계동,4155012100100050000,1,대지,5,,경기도 안성시 계동 5,415502000021,경기도 안성시 안성맞춤대로,872,,4155012100100050000000001,계동,경기도 안성시 안성맞춤대로 872,456280,17596,,,,127.269980361728,36.9918269341197
MA010120220801454729,뉴라이저주,,G2,소매,G214,연료 소매,G21402,가스 충전소,G47712,운송장비용 가스 충전업,41,경기도,41590,화성시,41590253,봉담읍,4159025321,봉담읍,4159025321104640006,1,대지,464,6,경기도 화성시 봉담읍 상리 464-6,415903012004,경기도 화성시 봉담읍 삼천병마로,1129,4,4159025321104640006026902,,경기도 화성시 봉담읍 삼천병마로 1129-4,445891,18295,,,,126.943414688681,37.2080071103483
MA010120220801457813,경기태평양충전소,,G2,소매,G214,연료 소매,G21402,가스 충전소,G47712,운송장비용 가스 충전업,41,경기도,41271,안산시 상록구,41271580,월피동,4127110600,양상동,4127110600102470000,1,대지,247,,경기도 안산시 상록구 양상동 247,412713190001,경기도 안산시 상록구 가루개로,181,,4127110600102370000000001,,경기도 안산시 상록구 가루개로 181,426853,15208,,,,126.851234949176,37.3436417904165
MA010120220801480274,한일종합가스,,G2,소매,G214,연료 소매,G21402,가스 충전소,G47712,운송장비용 가스 충전업,41,경기도,41550,안성시,41550360,양성면,4155036029,양성면,4155036029103830004,1,대지,383,4,경기도 안성시 양성면 장서리 383-4,415503208037,경기도 안성시 양성면 양성로,529,,4155036029103830004028923,,경기도 안성시 양성면 양성로 529,456932,17501,,,,127.211180331408,37.0995162848258
MA010120220801473977,안성터미널주유소，충전소,,G2,소매,G214,연료 소매,G21402,가스 충전소,G47712,운송장비용 가스 충전업,41,경기도,41550,안성시,41550510,안성1동,4155012600,가사동,4155012600101830000,1,대지,183,,경기도 안성시 가사동 183,415503208026,경기도 안성시 비봉로,71,14,4155012600101830000030904,,경기도 안성시 비봉로 71-14,456010,17585,,,,127.292121803866,37.0125714112885
MA010120220801478455,에스케이에너지,,G2,소매,G214,연료 소매,G21402,가스 충전소,G47712,운송장비용 가스 충전업,41,경기도,41220,평택시,41220510,중앙동,4122010200,장당동,4122010200100670001,1,대지,67,1,경기도 평택시 장당동 67-1,412202012013,경기도 평택시 경기대로,1038,,4122010200100670001003524,,경기도 평택시 경기대로 1038,459020,17743,,,,127.066375853449,37.04167476891
MA010120220801448152,뉴라이저(고색충전소)주,,G2,소매,G214,연료 소매,G21402,가스 충전소,G47712,운송장비용 가스 충전업,41,경기도,41113,수원시 권선구,41113550,평동,4111312800,고색동,4111312800108880000,1,대지,888,,경기도 수원시 권선구 고색동 888,411133175010,경기도 수원시 권선구 권선로,252,,4111312800108880000052854,,경기도 수원시 권선구 권선로 252,441813,16623,,,,126.979923470969,37.2575494730157
MA010120220801451760,아이비에너지,,G2,소매,G214,연료 소매,G21402,가스 충전소,G47712,운송장비용 가스 충전업,41,경기도,41113,수원시 권선구,41113700,입북동,4111314000,입북동,4111314000104400001,1,대지,440,1,경기도 수원시 권선구 입북동 440-1,411133000064,경기도 수원시 권선구 수인로,402,,4111314000104400001022181,,경기도 수원시 권선구 수인로 402,441470,16370,,,,126.962558450876,37.2908026625439
MA010120220803186547,지북LPG충전소용연,,G2,소매,G214,연료 소매,G21402,가스 충전소,G47712,운송장비용 가스 충전업,43,충청북도,43111,청주시 상당구,43111730,용암2동,4311112800,지북동,4311112800101170001,1,대지,117,1,충청북도 청주시 상당구 지북동 117-1,431113014001,충청북도 청주시 상당구 목련로,60,,4311112800101170001000001,,충청북도 청주시 상당구 목련로 60,360102,28759,,,,127.511720501003,36.5995917385919
MA010120220803175883,김천나들목충전소,,G2,소매,G214,연료 소매,G21402,가스 충전소,G47712,운송장비용 가스 충전업,47,경상북도,47150,김천시,47150595,대곡동,4715011400,부곡동,4715011400104910010,1,대지,491,10,경상북도 김천시 부곡동 491-10,471502306002,경상북도 김천시 영남대로,1471,,4715011400104910010000001,,경상북도 김천시 영남대로 1471,740977,39571,,,,128.095914291382,36.1284788104936
MA010120220803238604,대원에너지비봉충전소,,G2,소매,G214,연료 소매,G21402,가스 충전소,G47712,운송장비용 가스 충전업,41,경기도,41550,안성시,41550400,죽산면,4155040025,죽산면,4155040025105800000,1,대지,580,,경기도 안성시 죽산면 장능리 580,415502012006,경기도 안성시 죽산면 서동대로,6617,,4155040025105800000027848,,경기도 안성시 죽산면 서동대로 6617,456892,17521,,,,127.391621705937,37.0721789301936
MA010120220803211804,금호LPG충전소,,G2,소매,G214,연료 소매,G21402,가스 충전소,G47712,운송장비용 가스 충전업,47,경상북도,47290,경산시,47290310,와촌면,4729031024,와촌면,4729031024108060000,1,대지,806,,경상북도 경산시 와촌면 용천리 806,472903000047,경상북도 경산시 와촌면 대경로,958,,4729031024108060000072853,,경상북도 경산시 와촌면 대경로 958,712842,38419,,,,128.841148249739,35.9229673341961
MA010120220803218116,제일에너지지점,,G2,소매,G214,연료 소매,G21402,가스 충전소,G47712,운송장비용 가스 충전업,29,광주광역시,29200,광산구,29200630,신가동,2920011900,신가동,2920011900103600000,1,대지,360,,광주광역시 광산구 신가동 360,292003163009,광주광역시 광산구 목련로,365,9,2920011900103600000011961,,광주광역시 광산구 목련로 365-9,506307,62303,,,,126.831621370178,35.1813207824722
MA010120220803224136,칠원토탈가스,,G2,소매,G214,연료 소매,G21402,가스 충전소,G47712,운송장비용 가스 충전업,48,경상남도,48730,함안군,48730360,칠북면,4873036026,칠북면,4873036026110770000,1,대지,1077,,경상남도 함안군 칠북면 가연리 1077,487304820028,경상남도 함안군 칠북면 가연1길,19,,4873036026110770000031760,,경상남도 함안군 칠북면 가연1길 19,637931,52008,,,,128.516569502549,35.3412495607069
MA010120220803210640,다모아,,G2,소매,G214,연료 소매,G21402,가스 충전소,G47712,운송장비용 가스 충전업,41,경기도,41220,평택시,41220310,진위면,4122031021,진위면,4122031021100260001,1,대지,26,1,경기도 평택시 진위면 봉남리 26-1,412203188093,경기도 평택시 진위면 진위로,119,,4122031021100260001000001,,경기도 평택시 진위면 진위로 119,451864,17711,,,,127.101673690363,37.102363939015
MA010120220803248772,이케이에너지파동충전소,,G2,소매,G214,연료 소매,G21402,가스 충전소,G47712,운송장비용 가스 충전업,41,경기도,41480,파주시,41480510,금촌1동,4148010200,아동동,4148010200101140001,1,대지,114,1,경기도 파주시 아동동 114-1,414803000008,경기도 파주시 통일로,647,,4148010200101140001000001,,경기도 파주시 통일로 647,413803,10944,,,,126.792620151063,37.7676974659727
MA010120220803289581,배성에너지,,G2,소매,G214,연료 소매,G21402,가스 충전소,G47712,운송장비용 가스 충전업,48,경상남도,48123,창원시 성산구,48123560,성주동,4812310600,남산동,4812310600106010040,1,대지,601,40,경상남도 창원시 성산구 남산동 601-40,481234784228,경상남도 창원시 성산구 정동로162번길,34,,4812310600106010040028052,,경상남도 창원시 성산구 정동로162번길 34,642120,51537,,,,128.694219783364,35.2029420922092
MA010120220803284669,반월충전소,,G2,소매,G214,연료 소매,G21402,가스 충전소,G47712,운송장비용 가스 충전업,41,경기도,41271,안산시 상록구,41271600,반월동,4127111200,사사동,4127111200104710003,1,대지,471,3,경기도 안산시 상록구 사사동 471-3,412713000117,경기도 안산시 상록구 서해로,2833,,4127111200104710003000001,,경기도 안산시 상록구 서해로 2833,426220,15521,,,,126.915741272457,37.3044743533428
MA010120220803274810,계룡충전소,,G2,소매,G214,연료 소매,G21402,가스 충전소,G47712,운송장비용 가스 충전업,44,충청남도,44250,계룡시,44250315,엄사면,4425031522,엄사면,4425031522100820000,1,대지,82,,충청남도 계룡시 엄사면 유동리 82,442503000095,충청남도 계룡시 엄사면 계백로,3013,,4425031522100820000000253,,충청남도 계룡시 엄사면 계백로 3013,321933,32829,,,,127.235849912221,36.2751542521575
MA010120220804736613,동아가스,,G2,소매,G214,연료 소매,G21402,가스 충전소,G47712,운송장비용 가스 충전업,51,강원특별자치도,51150,강릉시,51150645,성덕동,5115012500,입암동,5115012500100210042,1,대지,21,42,강원특별자치도 강릉시 입암동 21-42,511503220055,강원특별자치도 강릉시 강변로,548,,4215012500100210042012659,,강원특별자치도 강릉시 강변로 548,210935,25573,,,,128.920056354451,37.7663165477368
MA010120220804750107,해당화주유소,,G2,소매,G214,연료 소매,G21402,가스 충전소,G47712,운송장비용 가스 충전업,51,강원특별자치도,51830,양양군,51830340,현남면,5183034022,현남면,5183034022100020002,1,대지,2,2,강원특별자치도 양양군 현남면 북분리 2-2,518302000023,강원특별자치도 양양군 현남면 동해대로,964,,4283034022100020002005974,,강원특별자치도 양양군 현남면 동해대로 964,215842,25052,,,,128.750886109542,37.9844341583181
MA010120220804736747,e대일주,,G2,소매,G214,연료 소매,G21402,가스 충전소,G47712,운송장비용 가스 충전업,51,강원특별자치도,51170,동해시,51170510,천곡동,5117010100,천곡동,5117010100103600001,1,대지,360,1,강원특별자치도 동해시 천곡동 360-1,511702000023,강원특별자치도 동해시 동해대로,5271,,4217010100003600004001378,,강원특별자치도 동해시 동해대로 5271,240808,25750,,,,129.103253521011,37.5141178668998
MA010120220804747083,고성가스충전소,,G2,소매,G214,연료 소매,G21402,가스 충전소,G47712,운송장비용 가스 충전업,51,강원특별자치도,51820,고성군,51820320,죽왕면,5182032022,죽왕면,5182032022101160001,1,대지,116,1,강원특별자치도 고성군 죽왕면 향목리 116-1,518202000023,강원특별자치도 고성군 죽왕면 동해대로,6604,,4282032022101160001007196,,강원특별자치도 고성군 죽왕면 동해대로 6604,219821,24743,,,,128.489053354591,38.3799198201173
MA010120220804754582,미래에너지,,G2,소매,G214,연료 소매,G21402,가스 충전소,G47712,운송장비용 가스 충전업,51,강원특별자치도,51830,양양군,51830350,강현면,5183035036,강현면,5183035036101490001,1,대지,149,1,강원특별자치도 양양군 강현면 정암리 149-1,518302000023,강원특별자치도 양양군 강현면 동해대로,3367,,4283035036101490001019439,,강원특별자치도 양양군 강현면 동해대로 3367,215852,25003,,,,128.615554758669,38.1381707648802
MA010120220804754616,영동에너지충전소,,G2,소매,G214,연료 소매,G21402,가스 충전소,G47712,운송장비용 가스 충전업,51,강원특별자치도,51210,속초시,51210600,대포동,5121011000,대포동,5121011000104970005,1,대지,497,5,강원특별자치도 속초시 대포동 497-5,512102000023,강원특별자치도 속초시 동해대로,3859,,4221011000104970006002549,,강원특별자치도 속초시 동해대로 3859,217100,24900,,,,128.601783498739,38.1796710518543
MA010120220804737647,성원에너지,,G2,소매,G214,연료 소매,G21402,가스 충전소,G47712,운송장비용 가스 충전업,41,경기도,41820,가평군,41820250,가평읍,4182025024,가평읍,4182025024102480002,1,대지,248,2,경기도 가평군 가평읍 하색리 248-2,418203000120,경기도 가평군 가평읍 경춘로,1983,11,4182025024102480002019825,,경기도 가평군 가평읍 경춘로 1983-11,477806,12424,,,,127.497304279081,37.8100854024347
MA010120220804740129,다원연곡엘피가스충전소주,,G2,소매,G214,연료 소매,G21402,가스 충전소,G47712,운송장비용 가스 충전업,51,강원특별자치도,51150,강릉시,51150370,연곡면,5115037023,연곡면,5115037023106160004,1,대지,616,4,강원특별자치도 강릉시 연곡면 동덕리 616-4,511502000023,강원특별자치도 강릉시 연곡면 동해대로,4069,,4215037023006160004054911,,강원특별자치도 강릉시 연곡면 동해대로 4069,210861,25431,,,,128.840715569767,37.8460193351834
MA010120220804734642,동학사LPG충전소,,G2,소매,G214,연료 소매,G21402,가스 충전소,G47712,운송장비용 가스 충전업,30,대전광역시,30200,유성구,30200546,노은1동,3020011800,갑동,3020011800104040000,1,대지,404,,대전광역시 유성구 갑동 404,302003010030,대전광역시 유성구 현충원로,137,,3020011800104040000011812,,대전광역시 유성구 현충원로 137,305323,34150,,,,127.286660485904,36.3612683879457
MA010120220804776533,대일가스고성지점주,,G2,소매,G214,연료 소매,G21402,가스 충전소,G47712,운송장비용 가스 충전업,51,강원특별자치도,51820,고성군,51820250,간성읍,5182025027,간성읍,5182025027100020000,1,대지,2,,강원특별자치도 고성군 간성읍 교동리 2,518203013059,강원특별자치도 고성군 간성읍 진부령로,2803,,4282025027100020000007012,,강원특별자치도 고성군 간성읍 진부령로 2803,219801,24726,,,,128.452258056926,38.3848855197753
MA010120220804793877,태양수소엘피지,,G2,소매,G214,연료 소매,G21402,가스 충전소,G47712,운송장비용 가스 충전업,28,인천광역시,28260,서구,28260580,가좌1동,2826011200,가좌동,2826011200101730117,1,대지,173,117,인천광역시 서구 가좌동 173-117,282602000013,인천광역시 서구 봉수대로,258,,2826011200101730117018679,,인천광역시 서구 봉수대로 258,404811,22831,,,,126.661879210028,37.4988122177578
MA010120220804776571,신우에너지영진가스충전소주,,G2,소매,G214,연료 소매,G21402,가스 충전소,G47712,운송장비용 가스 충전업,51,강원특별자치도,51830,양양군,51830320,손양면,5183032030,손양면,5183032030101350001,1,대지,135,1,강원특별자치도 양양군 손양면 상양혈리 135-1,518302000023,강원특별자치도 양양군 손양면 동해대로,2041,,4283032030101270005004706,,강원특별자치도 양양군 손양면 동해대로 2041,215822,25045,,,,128.667142364004,38.0428452594845
MA010120220804776589,원경양양가스충전소,,G2,소매,G214,연료 소매,G21402,가스 충전소,G47712,운송장비용 가스 충전업,51,강원특별자치도,51830,양양군,51830250,양양읍,5183025028,양양읍,5183025028100330000,1,대지,33,,강원특별자치도 양양군 양양읍 월리 33,518304505138,강원특별자치도 양양군 양양읍 안산1길,26,,4283025028100330000012101,,강원특별자치도 양양군 양양읍 안산1길 26,215807,25032,,,,128.632165182323,38.0737933213717
MA010120220804776634,대명LPG충전소,,G2,소매,G214,연료 소매,G21402,가스 충전소,G47712,운송장비용 가스 충전업,51,강원특별자치도,51210,속초시,51210570,노학동,5121010700,노학동,5121010700107200006,1,대지,720,6,강원특별자치도 속초시 노학동 720-6,512103223023,강원특별자치도 속초시 미시령로,3197,,4221010700107200006001827,,강원특별자치도 속초시 미시령로 3197,217070,24802,,,,128.556868183247,38.2055433072216
MA010120220804774831,속초개인택시가스충전소주,,G2,소매,G214,연료 소매,G21402,가스 충전소,G47712,운송장비용 가스 충전업,51,강원특별자치도,51210,속초시,51210510,영랑동,5121011300,장사동,5121011300103950004,1,대지,395,4,강원특별자치도 속초시 장사동 395-4,512102000023,강원특별자치도 속초시 동해대로,4521,,4221011300103950004000535,,강원특별자치도 속초시 동해대로 4521,217010,24802,,,,128.563723917026,38.2175591573969
MA010120220804809299,동원LPG충전소,,G2,소매,G214,연료 소매,G21402,가스 충전소,G47712,운송장비용 가스 충전업,27,대구광역시,27140,동구,27140755,혁신동,2714012600,괴전동,2714012600106480000,1,대지,648,,대구광역시 동구 괴전동 648,271402000002,대구광역시 동구 혁신대로,386,,2714012600106480000000001,,대구광역시 동구 혁신대로 386,701320,41072,,,,128.739023011218,35.8747037034661
MA010120220804828113,제주비케이경남대로충전소,,G2,소매,G214,연료 소매,G21402,가스 충전소,G47712,운송장비용 가스 충전업,48,경상남도,48740,창녕군,48740400,도천면,4874040026,도천면,4874040026106500006,1,대지,650,6,경상남도 창녕군 도천면 논리 650-6,487402019004,경상남도 창녕군 도천면 경남대로,3270,,4874040026106500006000001,,경상남도 창녕군 도천면 경남대로 3270,635911,50348,,,,128.523296273904,35.4258706720186
MA010120220804828272,교하충전소,,G2,소매,G214,연료 소매,G21402,가스 충전소,G47712,운송장비용 가스 충전업,41,경기도,41480,파주시,41480540,교하동,4148011400,당하동,4148011400103380000,1,대지,338,,경기도 파주시 당하동 338,414803206085,경기도 파주시 천정구로,82,,4148025928103380000018369,,경기도 파주시 천정구로 82,413070,10866,,,,126.751787903256,37.7428600214267
MA010120220804813331,복지용두충전소,,G2,소매,G214,연료 소매,G21402,가스 충전소,G47712,운송장비용 가스 충전업,41,경기도,41281,고양시 덕양구,41281580,창릉동,4128111300,용두동,4128111300105680008,1,대지,568,8,경기도 고양시 덕양구 용두동 568-8,412813000007,경기도 고양시 덕양구 서오릉로,569,,4128111300105680008035695,,경기도 고양시 덕양구 서오릉로 569,412110,10547,,,,126.877863301258,37.6316793153905
MA010120220804813447,다원에프엔씨광명충전소,,G2,소매,G214,연료 소매,G21402,가스 충전소,G47712,운송장비용 가스 충전업,41,경기도,41210,광명시,41210580,광명7동,4121010100,광명동,4121010100106210007,1,대지,621,7,경기도 광명시 광명동 621-7,412103000122,경기도 광명시 광명로,675,,4121010100106210007009878,광명LPG충전소,경기도 광명시 광명로 675,423819,14300,,,,126.844888356922,37.460730224867
MA010120220804830182,설문제2충전소,,G2,소매,G214,연료 소매,G21402,가스 충전소,G47712,운송장비용 가스 충전업,41,경기도,41650,포천시,41650250,소흘읍,4165025022,소흘읍,4165025022103790000,1,대지,379,,경기도 포천시 소흘읍 이동교리 379,416503000136,경기도 포천시 소흘읍 호국로,261,,4165025022103860002005809,,경기도 포천시 소흘읍 호국로 261,487826,11184,,,,127.127098908114,37.7977593813077
MA010120220804856869,다원에프엔씨통진충전소,,G2,소매,G214,연료 소매,G21402,가스 충전소,G47712,운송장비용 가스 충전업,41,경기도,41570,김포시,41570250,통진읍,4157025021,통진읍,4157025021106800008,1,대지,680,8,경기도 김포시 통진읍 도사리 680-8,415702209001,경기도 김포시 통진읍 김포대로,2055,,4157025021106810001008377,,경기도 김포시 통진읍 김포대로 2055,415863,10035,,,,126.615637643913,37.68378758874
MA010120220804871494,스카이비부천전기,,G2,소매,G214,연료 소매,G21402,가스 충전소,G47712,운송장비용 가스 충전업,41,경기도,41194,부천시 소사구,41194520,심곡본동,4119410200,심곡본동,4119410200107370004,1,대지,737,4,경기도 부천시 소사구 심곡본동 737-4,411943000028,경기도 부천시 소사구 경인로,246,1,4119710200107370003023042,,경기도 부천시 소사구 경인로 246-1,422823,14750,,,,126.782861061872,37.4828874484071
MA010120220804890338,바로오케이충전소,,G2,소매,G214,연료 소매,G21402,가스 충전소,G47712,운송장비용 가스 충전업,29,광주광역시,29170,북구,29170602,운암2동,2917010900,운암동,2917010900113510000,1,대지,1351,,광주광역시 북구 운암동 1351,291702009008,광주광역시 북구 하남대로,763,,2917010900113510000019824,,광주광역시 북구 하남대로 763,500859,61263,,,,126.875978680009,35.1715675653088
MA010120220804884717,대명씨엔지,,G2,소매,G214,연료 소매,G21402,가스 충전소,G47712,운송장비용 가스 충전업,41,경기도,41570,김포시,41570340,대곶면,4157034023,대곶면,4157034023105540007,1,대지,554,7,경기도 김포시 대곶면 약암리 554-7,415703209038,경기도 김포시 대곶면 대명항로,727,13,4157034023105540007000001,,경기도 김포시 대곶면 대명항로 727-13,415830,10042,,,,126.548836292235,37.635979498195
MA010120220804870297,브룩사이드,,G2,소매,G214,연료 소매,G21402,가스 충전소,G47712,운송장비용 가스 충전업,41,경기도,41450,하남시,41450510,천현동,4145010500,상산곡동,4145010500100700001,1,대지,70,1,경기도 하남시 상산곡동 70-1,414502202001,경기도 하남시 하남대로,267,,4145010500100700001000302,,경기도 하남시 하남대로 267,465816,13027,,,,127.231605589683,37.4994204578575
MA010120220804870461,케이앤지,,G2,소매,G214,연료 소매,G21402,가스 충전소,G47712,운송장비용 가스 충전업,41,경기도,41610,광주시,41610560,광남1동,4161011300,목동,4161011300100870002,1,대지,87,2,경기도 광주시 목동 87-2,416104433446,경기도 광주시 진토길21번길,39,,4161011300100870002011815,,경기도 광주시 진토길21번길 39,464020,12770,,,,127.215544353715,37.3803008117318
MA010120220804885699,청양엘피지알찬충전소주,,G2,소매,G214,연료 소매,G21402,가스 충전소,G47712,운송장비용 가스 충전업,41,경기도,41570,김포시,41570253,고촌읍,4157025323,고촌읍,4157025323100010015,1,대지,1,15,경기도 김포시 고촌읍 태리 1-15,415704427104,경기도 김포시 고촌읍 김포대로451번길,10,,4157025323100010015000005,,경기도 김포시 고촌읍 김포대로451번길 10,415817,10128,,1,,126.758024289933,37.6044017570521
MA010120220804885702,와이이에스고촌LPG충전소주,,G2,소매,G214,연료 소매,G21402,가스 충전소,G47712,운송장비용 가스 충전업,41,경기도,41570,김포시,41570253,고촌읍,4157025322,고촌읍,4157025322105010001,1,대지,501,1,경기도 김포시 고촌읍 풍곡리 501-1,415703209168,경기도 김포시 고촌읍 태장로,70,,4157025322105010001000001,,경기도 김포시 고촌읍 태장로 70,415813,10121,,1,,126.741716920713,37.61416092446
MA010120220806210305,송정가스,,G2,소매,G214,연료 소매,G21402,가스 충전소,G47712,운송장비용 가스 충전업,30,대전광역시,30200,유성구,30200520,진잠동,3020010900,송정동,3020010900103000007,1,대지,300,7,대전광역시 유성구 송정동 300-7,302003000095,대전광역시 유성구 계백로,34,,3020010900103000007020447,,대전광역시 유성구 계백로 34,305202,34204,,,,127.256695484734,36.2784457268595
MA010120220806237233,창성가스,,G2,소매,G214,연료 소매,G21402,가스 충전소,G47712,운송장비용 가스 충전업,30,대전광역시,30170,서구,30170570,가장동,3017010900,가장동,3017010900100310004,1,대지,31,4,대전광역시 서구 가장동 31-4,301703166004,대전광역시 서구 갈마로,335,,3017010900100310004012164,,대전광역시 서구 갈마로 335,302803,35311,,,,127.388412162603,36.3283583867595
MA010120220806210431,거제충전소,,G2,소매,G214,연료 소매,G21402,가스 충전소,G47712,운송장비용 가스 충전업,48,경상남도,48310,거제시,48310370,연초면,4831037023,연초면,4831037023113040001,1,대지,1304,1,경상남도 거제시 연초면 연사리 1304-1,483102006004,경상남도 거제시 연초면 거제대로,4417,,4831037023113040001049848,,경상남도 거제시 연초면 거제대로 4417,656811,53209,,,,128.646161860307,34.903237257892
MA010120220806218726,공주현대충전소,,G2,소매,G214,연료 소매,G21402,가스 충전소,G47712,운송장비용 가스 충전업,44,충청남도,44150,공주시,44150330,계룡면,4415033021,계룡면,4415033021104990015,1,대지,499,15,충청남도 공주시 계룡면 기산리 499-15,441503251048,충청남도 공주시 계룡면 차령로,867,,4415033021104990005012993,,충청남도 공주시 계룡면 차령로 867,314834,32613,,,,127.144626393385,36.3932821721318
MA010120220806247723,황제충전소주,,G2,소매,G214,연료 소매,G21402,가스 충전소,G47712,운송장비용 가스 충전업,30,대전광역시,30200,유성구,30200550,신성동,3020013100,덕진동,3020013100100500000,1,대지,50,,대전광역시 유성구 덕진동 50,302002010001,대전광역시 유성구 대덕대로,1021,,3020013100100500000001789,,대전광역시 유성구 대덕대로 1021,305804,34057,,,,127.379555483246,36.4195763772603
MA010120220806228210,대덕밸리LPG충전소,,G2,소매,G214,연료 소매,G21402,가스 충전소,G47712,운송장비용 가스 충전업,30,대전광역시,30230,대덕구,30230570,덕암동,3023011700,평촌동,3023011700102260005,1,대지,226,5,대전광역시 대덕구 평촌동 226-5,302303010031,대전광역시 대덕구 신탄진로,650,,3023011700102260005007078,,대전광역시 대덕구 신탄진로 650,306200,34332,,,,127.425941358078,36.4360824052122
MA010120220806285546,청주개인택시엘피지충전소주,,G2,소매,G214,연료 소매,G21402,가스 충전소,G47712,운송장비용 가스 충전업,43,충청북도,43112,청주시 서원구,43112550,산남동,4311210500,미평동,4311210500103200001,1,대지,320,1,충청북도 청주시 서원구 미평동 320-1,431123014065,충청북도 청주시 서원구 2순환로,1627,,4311310700103200001028152,,충청북도 청주시 서원구 2순환로 1627,362160,28632,,,,127.460368896791,36.6018557491187
MA010120220806280157,이원엘피지성남충전소,,G2,소매,G214,연료 소매,G21402,가스 충전소,G47712,운송장비용 가스 충전업,41,경기도,41131,성남시 수정구,41131540,태평1동,4113110200,태평동,4113110200171490000,1,대지,7149,,경기도 성남시 수정구 태평동 7149,411312000005,경기도 성남시 수정구 성남대로,1327,,4113110200171490000018177,주유소용지,경기도 성남시 수정구 성남대로 1327,461855,13108,,,,127.124969454762,37.4489536706179
MA010120220806286459,중도가스청주영업소주,,G2,소매,G214,연료 소매,G21402,가스 충전소,G47712,운송장비용 가스 충전업,43,충청북도,43113,청주시 흥덕구,43113741,복대1동,4311311400,복대동,4311311400104980001,1,대지,498,1,충청북도 청주시 흥덕구 복대동 498-1,431133237078,충청북도 청주시 흥덕구 죽천로,51,,4311311400104980001008672,복대동,충청북도 청주시 흥덕구 죽천로 51,361810,28427,,,,127.428707570756,36.6384426889356
MA010120220806286461,중도가스사직영업소주,,G2,소매,G214,연료 소매,G21402,가스 충전소,G47712,운송장비용 가스 충전업,43,충청북도,43113,청주시 흥덕구,43113700,운천.신봉동,4311310500,신봉동,4311310500100570000,1,대지,57,,충청북도 청주시 흥덕구 신봉동 57,431133236001,충청북도 청주시 흥덕구 1순환로,428,,4311310500100570000013919,,충청북도 청주시 흥덕구 1순환로 428,361839,28458,,,,127.470301363346,36.6528299463733
MA010120220806281728,신명엘피지,,G2,소매,G214,연료 소매,G21402,가스 충전소,G47712,운송장비용 가스 충전업,41,경기도,41670,여주시,41670320,흥천면,4167032022,흥천면,4167032022102340010,1,대지,234,10,경기도 여주시 흥천면 계신리 234-10,416703214013,경기도 여주시 흥천면 능북로,729,,4167032022102340002000001,,경기도 여주시 흥천면 능북로 729,469821,12606,,,,127.536874272941,37.3727102266839
MA010120220806289804,장산가스충전소,,G2,소매,G214,연료 소매,G21402,가스 충전소,G47712,운송장비용 가스 충전업,44,충청남도,44825,태안군,44825250,태안읍,4482525023,태안읍,4482525023106150003,1,대지,615,3,충청남도 태안군 태안읍 장산리 615-3,448253264002,충청남도 태안군 태안읍 근흥로,19,1,4482525023106150003003650,,충청남도 태안군 태안읍 근흥로 19-1,357907,32145,,,,126.274464807679,36.7564375424869
MA010120220806284984,와이드대성,코리아,G2,소매,G214,연료 소매,G21402,가스 충전소,G47712,운송장비용 가스 충전업,43,충청북도,43112,청주시 서원구,43112560,분평동,4311210500,미평동,4311210500100800001,1,대지,80,1,충청북도 청주시 서원구 미평동 80-1,431123237014,충청북도 청주시 서원구 궁뜰로,13,,4311310700100800001028178,,충청북도 청주시 서원구 궁뜰로 13,362855,28802,,,,127.478984319104,36.6011425812625
MA010120220806285098,삼선가스주,,G2,소매,G214,연료 소매,G21402,가스 충전소,G47712,운송장비용 가스 충전업,43,충청북도,43112,청주시 서원구,43112530,사창동,4311210200,사창동,4311210200101440003,1,대지,144,3,충청북도 청주시 서원구 사창동 144-3,431123236001,충청북도 청주시 서원구 1순환로,632,,4311310200101440003003126,,충청북도 청주시 서원구 1순환로 632,362831,28574,,,,127.458856637991,36.6371138562844
MA010120220806300653,충남기성상사,,G2,소매,G214,연료 소매,G21402,가스 충전소,G47712,운송장비용 가스 충전업,44,충청남도,44210,서산시,44210540,수석동,4421010600,수석동,4421010600105660000,1,대지,566,,충청남도 서산시 수석동 566,442103254022,충청남도 서산시 남부순환로,15,,4421010600105660000050056,,충청남도 서산시 남부순환로 15,356050,32011,,,,126.495212994892,36.7530372346904
MA010120220806312189,삼토태안지점,,G2,소매,G214,연료 소매,G21402,가스 충전소,G47712,운송장비용 가스 충전업,44,충청남도,44825,태안군,44825320,남면,4482532026,남면,4482532026101550006,1,대지,155,6,충청남도 태안군 남면 원청리 155-6,448252264001,충청남도 태안군 남면 안면대로,1501,8,4482532026101550006005479,,충청남도 태안군 남면 안면대로 1501-8,357952,32157,,,,126.313289261447,36.6257095421969
MA010120220806309673,서강에너지주,,G2,소매,G214,연료 소매,G21402,가스 충전소,G47712,운송장비용 가스 충전업,44,충청남도,44210,서산시,44210525,동문1동,4421010500,잠홍동,4421010500107470001,1,대지,747,1,충청남도 서산시 잠홍동 747-1,442103000117,충청남도 서산시 서해로,3592,,4421010500107470001086369,,충청남도 서산시 서해로 3592,356040,32002,,,,126.471567190573,36.781706914662
MA010120220806295491,희망LPG충전소,,G2,소매,G214,연료 소매,G21402,가스 충전소,G47712,운송장비용 가스 충전업,44,충청남도,44210,서산시,44210510,부춘동,4421010300,갈산동,4421010300101570013,1,대지,157,13,충청남도 서산시 갈산동 157-13,442103251049,충청남도 서산시 충의로,262,,4421010300101570013000002,,충청남도 서산시 충의로 262,356080,31964,,,,126.436717899516,36.7937659472529
MA010120220806307153,원주수소충전소,,G2,소매,G214,연료 소매,G21402,가스 충전소,G47712,운송장비용 가스 충전업,51,강원특별자치도,51130,원주시,51130250,문막읍,5113025022,문막읍,5113025022103710010,1,대지,371,10,강원특별자치도 원주시 문막읍 동화리 371-10,511303219041,강원특별자치도 원주시 문막읍 원문로,1320,,4213025022103710010000001,,강원특별자치도 원주시 문막읍 원문로 1320,220801,26365,,,,127.850634800101,37.3316941379905
MA010120220806305037,행복한충전소,,G2,소매,G214,연료 소매,G21402,가스 충전소,G47712,운송장비용 가스 충전업,47,경상북도,47150,김천시,47150610,지좌동,4715011600,덕곡동,4715011600108030001,1,대지,803,1,경상북도 김천시 덕곡동 803-1,471502306002,경상북도 김천시 영남대로,2165,,4715011600108030001000001,,경상북도 김천시 영남대로 2165,740981,39646,,,,128.163973527773,36.1125801225666
MA010120220806353875,제일충전소,,G2,소매,G214,연료 소매,G21402,가스 충전소,G47712,운송장비용 가스 충전업,51,강원특별자치도,51720,홍천군,51720250,홍천읍,5172025026,홍천읍,5172025026104810000,1,대지,481,,강원특별자치도 홍천군 홍천읍 와동리 481,517203000146,강원특별자치도 홍천군 홍천읍 설악로,2367,,4272025026104800006026464,,강원특별자치도 홍천군 홍천읍 설악로 2367,250802,25127,,,,127.935282551822,37.7285273034642
MA010120220806373138,자연에너지비봉충전소,,G2,소매,G214,연료 소매,G21402,가스 충전소,G47712,운송장비용 가스 충전업,41,경기도,41550,안성시,41550400,죽산면,4155040025,죽산면,4155040025105800000,1,대지,580,,경기도 안성시 죽산면 장능리 580,415502012006,경기도 안성시 죽산면 서동대로,6617,,4155040025105800000027848,,경기도 안성시 죽산면 서동대로 6617,456892,17521,,,,127.391621705937,37.0721789301936
MA010120220806345385,신송,,G2,소매,G214,연료 소매,G21402,가스 충전소,G47712,운송장비용 가스 충전업,43,충청북도,43111,청주시 상당구,43111340,남일면,4311134031,남일면,4311134031100780002,1,대지,78,2,충청북도 청주시 상당구 남일면 신송리 78-2,431114520412,충청북도 청주시 상당구 남일면 신송효촌길,5,,4371034035000780002066823,,충청북도 청주시 상당구 남일면 신송효촌길 5,360841,28186,,,,127.494106249866,36.5819317349058
MA010120220806362755,중앙그린에너지주,2호점,G2,소매,G214,연료 소매,G21402,가스 충전소,G47712,운송장비용 가스 충전업,30,대전광역시,30230,대덕구,30230570,덕암동,3023011600,상서동,3023011600104410003,1,대지,441,3,대전광역시 대덕구 상서동 441-3,302303010031,대전광역시 대덕구 신탄진로,485,,3023011600104410000007272,,대전광역시 대덕구 신탄진로 485,306200,34335,,,,127.418997500713,36.4223372244111
MA010120220806362795,대전개인택시동대전충전소,,G2,소매,G214,연료 소매,G21402,가스 충전소,G47712,운송장비용 가스 충전업,30,대전광역시,30230,대덕구,30230510,오정동,3023010100,오정동,3023010100104320001,1,대지,432,1,대전광역시 대덕구 오정동 432-1,302303010002,대전광역시 대덕구 대전로,1108,,3023010100104320001017651,,대전광역시 대덕구 대전로 1108,306819,34433,,,,127.415596086269,36.3531393948461
MA010120220806342704,문화유산한옥,,G2,소매,G214,연료 소매,G21402,가스 충전소,G47712,운송장비용 가스 충전업,43,충청북도,43111,청주시 상당구,43111720,용암1동,4311112500,용정동,4311112500104050005,1,대지,405,5,충청북도 청주시 상당구 용정동 405-5,431113236053,충청북도 청주시 상당구 이정골로,11,,4311112500104050005047970,,충청북도 청주시 상당구 이정골로 11,360809,28754,,,,127.520534803773,36.6289934887648
MA010120220806342911,잉꼬,,G2,소매,G214,연료 소매,G21402,가스 충전소,G47712,운송장비용 가스 충전업,43,충청북도,43114,청주시 청원구,43114253,오창읍,4311425344,오창읍,4311425344100840000,1,대지,84,,충청북도 청주시 청원구 오창읍 각리 84,431142014001,충청북도 청주시 청원구 오창읍 오창대로,410,,4371025344100840000000001,외,충청북도 청주시 청원구 오창읍 오창대로 410,363885,28132,,,,127.436698348202,36.70699825485
MA010120220807707950,청호에너지충전소,,G2,소매,G214,연료 소매,G21402,가스 충전소,G47712,운송장비용 가스 충전업,46,전라남도,46110,목포시,46110554,연산동,4611010300,연산동,4611010300106600002,1,대지,660,2,전라남도 목포시 연산동 660-2,461102281001,전라남도 목포시 고하대로,856,,4611010300106600002000003,,전라남도 목포시 고하대로 856,530370,58612,,,,126.384503480242,34.8195530667249
MA010120220807715214,동림산업가스충전사업,,G2,소매,G214,연료 소매,G21402,가스 충전소,G47712,운송장비용 가스 충전업,46,전라남도,46840,무안군,46840250,무안읍,4684025022,무안읍,4684025022105540001,1,대지,554,1,전라남도 무안군 무안읍 성동리 554-1,468403296009,전라남도 무안군 무안읍 무안로,616,,4684025022105540001055941,,전라남도 무안군 무안읍 무안로 616,534804,58532,,,,126.485640242887,34.9968111820399
MA010120220807701576,보광가스충전소,,G2,소매,G214,연료 소매,G21402,가스 충전소,G47712,운송장비용 가스 충전업,46,전라남도,46840,무안군,46840330,청계면,4684033037,청계면,4684033037100800001,1,대지,80,1,전라남도 무안군 청계면 청천리 80-1,468403296009,전라남도 무안군 청계면 무안로,254,,4684033037100800001014472,,전라남도 무안군 청계면 무안로 254,534833,58545,,,,126.460554023856,34.9720948455731
MA010120220807726865,제일충전소유,,G2,소매,G214,연료 소매,G21402,가스 충전소,G47712,운송장비용 가스 충전업,46,전라남도,46110,목포시,46110554,연산동,4611010300,연산동,4611010300106180003,1,대지,618,3,전라남도 목포시 연산동 618-3,461103281012,전라남도 목포시 대양로,25,,4611010300106080003021530,,전라남도 목포시 대양로 25,530370,58618,,,,126.382799390162,34.8223477625859
MA010120220807691748,자동가스충전소,,G2,소매,G214,연료 소매,G21402,가스 충전소,G47712,운송장비용 가스 충전업,46,전라남도,46910,신안군,46910250,지도읍,4691025029,지도읍,4691025029104720005,1,대지,472,5,전라남도 신안군 지도읍 자동리 472-5,469103302014,전라남도 신안군 지도읍 해제지도로,779,,4691025029104720005000001,,전라남도 신안군 지도읍 해제지도로 779,535807,58815,,,,126.259619569576,35.0566557605309
MA010120220807693777,무안I.C충전소,,G2,소매,G214,연료 소매,G21402,가스 충전소,G47712,운송장비용 가스 충전업,46,전라남도,46840,무안군,46840250,무안읍,4684025022,무안읍,4684025022110530004,1,대지,1053,4,전라남도 무안군 무안읍 성동리 1053-4,468403281095,전라남도 무안군 무안읍 영산로,3067,,4684025022110530004000001,,전라남도 무안군 무안읍 영산로 3067,534804,58516,,,,126.494874844615,35.0038445989481
MA010120220807743143,형제가스,,G2,소매,G214,연료 소매,G21402,가스 충전소,G47712,운송장비용 가스 충전업,46,전라남도,46170,나주시,46170310,세지면,4617031024,세지면,4617031024100710026,1,대지,71,26,전라남도 나주시 세지면 동곡리 71-26,461703295117,전라남도 나주시 세지면 영나로,2109,15,4617031024100710026000001,,전라남도 나주시 세지면 영나로 2109-15,520872,58306,,,,126.730791435526,34.9651615778665
MA010120220807745069,남평LPG충전소,,G2,소매,G214,연료 소매,G21402,가스 충전소,G47712,운송장비용 가스 충전업,46,전라남도,46170,나주시,46170250,남평읍,4617025021,남평읍,4617025021102660003,1,대지,266,3,전라남도 나주시 남평읍 남평리 266-3,461703000075,전라남도 나주시 남평읍 산남로,179,,4617025021102660003067071,,전라남도 나주시 남평읍 산남로 179,520844,58227,,,,126.83261178141,35.046081316524
MA010120220807745081,함평문장가스,,G2,소매,G214,연료 소매,G21402,가스 충전소,G47712,운송장비용 가스 충전업,46,전라남도,46860,함평군,46860380,월야면,4686038023,월야면,4686038023103420003,1,대지,342,3,전라남도 함평군 월야면 영월리 342-3,468603297005,전라남도 함평군 월야면 밀재로,1718,,4686038023103420003020445,,전라남도 함평군 월야면 밀재로 1718,525882,57126,,,,126.647474083021,35.1746153465125
MA010120220807769402,파랑새LPG충전소,,G2,소매,G214,연료 소매,G21402,가스 충전소,G47712,운송장비용 가스 충전업,46,전라남도,46770,고흥군,46770370,점암면,4677037030,점암면,4677037030104770001,1,대지,477,1,전라남도 고흥군 점암면 연봉리 477-1,467703289039,전라남도 고흥군 점암면 우주항공로,2878,,4677037030104770001000001,,전라남도 고흥군 점암면 우주항공로 2878,548814,59516,,,,127.351324292379,34.6597900152173
MA010120220807728281,대양에너지,,G2,소매,G214,연료 소매,G21402,가스 충전소,G47712,운송장비용 가스 충전업,46,전라남도,46110,목포시,46110780,삼향동,4611016300,대양동,4611016300105010002,1,대지,501,2,전라남도 목포시 대양동 501-2,461103281095,전라남도 목포시 영산로,817,,4611016300105100001014311,,전라남도 목포시 영산로 817,530410,58603,,,,126.420105549556,34.8363496416366
MA010120220807741081,영암가스충전소,,G2,소매,G214,연료 소매,G21402,가스 충전소,G47712,운송장비용 가스 충전업,46,전라남도,46830,영암군,46830250,영암읍,4683025021,영암읍,4683025021101580001,1,대지,158,1,전라남도 영암군 영암읍 회문리 158-1,468303295083,전라남도 영암군 영암읍 영암로,1413,,4683025021101580001015944,,전라남도 영암군 영암읍 영암로 1413,526805,58420,,,,126.684688965063,34.7944883748077
MA010120220807751156,진도엘피지,,G2,소매,G214,연료 소매,G21402,가스 충전소,G47712,운송장비용 가스 충전업,46,전라남도,46900,진도군,46900250,진도읍,4690025021,진도읍,4690025021110830000,1,대지,1083,,전라남도 진도군 진도읍 동외리 1083,469004703028,전라남도 진도군 진도읍 공설운동장길,14,2,4690025021110830000000607,,전라남도 진도군 진도읍 공설운동장길 14-2,539803,58927,,,,126.273948890206,34.48136568473
MA010120220807743512,신북LPG충전소,,G2,소매,G214,연료 소매,G21402,가스 충전소,G47712,운송장비용 가스 충전업,46,전라남도,46830,영암군,46830330,신북면,4683033029,신북면,4683033029107350002,1,대지,735,2,전라남도 영암군 신북면 이천리 735-2,468303284049,전라남도 영암군 신북면 예향로,2449,,4683033029107350002030563,,전라남도 영암군 신북면 예향로 2449,526813,58403,,,,126.685585620659,34.8805836814587
MA010120220807732397,반디에너지목포반디가스주,,G2,소매,G214,연료 소매,G21402,가스 충전소,G47712,운송장비용 가스 충전업,46,전라남도,46110,목포시,46110756,상동,4611016000,석현동,4611016000110510000,1,대지,1051,,전라남도 목포시 석현동 1051,461103281095,전라남도 목포시 영산로,648,5,4611016000110510000000001,,전라남도 목포시 영산로 648-5,530826,58655,,,,126.423347926356,34.8228892330435
MA010120220807729658,고속에너지유,,G2,소매,G214,연료 소매,G21402,가스 충전소,G47712,운송장비용 가스 충전업,46,전라남도,46110,목포시,46110780,삼향동,4611016300,대양동,4611016300105210014,1,대지,521,14,전라남도 목포시 대양동 521-14,461103281095,전라남도 목포시 영산로,774,,4611016300105210010007327,,전라남도 목포시 영산로 774,530410,58604,,,,126.418552946314,34.8332684844467
MA010120220807749564,행복에너지,,G2,소매,G214,연료 소매,G21402,가스 충전소,G47712,운송장비용 가스 충전업,47,경상북도,47111,포항시 남구,47111545,해도동,4711110300,해도동,4711110300100990002,1,대지,99,2,경상북도 포항시 남구 해도동 99-2,471113303047,경상북도 포항시 남구 중앙로,51,,4711110300100990002131252,,경상북도 포항시 남구 중앙로 51,790863,37818,,,,129.369695728948,36.0175890840241
MA010120220807729682,유정에너지,,G2,소매,G214,연료 소매,G21402,가스 충전소,G47712,운송장비용 가스 충전업,46,전라남도,46110,목포시,46110757,하당동,4611015800,상동,4611015800106080003,1,대지,608,3,전라남도 목포시 상동 608-3,461102281002,전라남도 목포시 백년대로,221,,4611015800106080003000001,,전라남도 목포시 백년대로 221,530822,58667,,,,126.412833285455,34.801232510524
MA010120220807746973,학교가스산업,,G2,소매,G214,연료 소매,G21402,가스 충전소,G47712,운송장비용 가스 충전업,46,전라남도,46860,함평군,46860330,학교면,4686033027,학교면,4686033027104940003,1,대지,494,3,전라남도 함평군 학교면 사거리 494-3,468603281095,전라남도 함평군 학교면 영산로,3519,,4686033027104940003029700,,전라남도 함평군 학교면 영산로 3519,525814,57162,,,,126.537298046947,35.0240692296897
MA010120220807732789,복지북부충전소,,G2,소매,G214,연료 소매,G21402,가스 충전소,G47712,운송장비용 가스 충전업,41,경기도,41150,의정부시,41150545,호원1동,4115010200,호원동,4115010200102200002,1,대지,220,2,경기도 의정부시 호원동 220-2,411503215066,경기도 의정부시 평화로,75,,4115010200102200002000007,,경기도 의정부시 평화로 75,480854,11648,,,,127.044903295224,37.6996138715299
MA010120220807742141,무지개LPG충전소,,G2,소매,G214,연료 소매,G21402,가스 충전소,G47712,운송장비용 가스 충전업,46,전라남도,46170,나주시,46170360,다시면,4617036023,다시면,4617036023102760001,1,대지,276,1,전라남도 나주시 다시면 가운리 276-1,461703281095,전라남도 나주시 다시면 영산로,4738,,4617036023102760001057015,,전라남도 나주시 다시면 영산로 4738,520931,58279,,,,126.66056621246,35.0115418752046
MA010120220807752480,표선충전소,,G2,소매,G214,연료 소매,G21402,가스 충전소,G47712,운송장비용 가스 충전업,50,제주특별자치도,50130,서귀포시,50130320,표선면,5013032022,표선면,5013032022101340001,1,대지,134,1,제주특별자치도 서귀포시 표선면 하천리 134-1,501303349235,제주특별자치도 서귀포시 표선면 일주동로,5691,,5013032022101340001000001,,제주특별자치도 서귀포시 표선면 일주동로 5691,699916,63627,,,,126.84283968812,33.3373257954575
MA010120220807764946,예향에너지,,G2,소매,G214,연료 소매,G21402,가스 충전소,G47712,운송장비용 가스 충전업,46,전라남도,46170,나주시,46170600,이창동,4617012800,이창동,4617012800100340001,1,대지,34,1,전라남도 나주시 이창동 34-1,461703284049,전라남도 나주시 예향로,3754,,4617012800100340001000001,,전라남도 나주시 예향로 3754,520951,58273,,,,126.709029643728,34.9913055712887
MA010120220807765006,삼성종합가스판매조합,,G2,소매,G214,연료 소매,G21402,가스 충전소,G47712,운송장비용 가스 충전업,46,전라남도,46170,나주시,46170380,노안면,4617038033,노안면,4617038033101000021,1,대지,100,21,전라남도 나주시 노안면 양천리 100-21,461704652407,전라남도 나주시 노안면 오정길,363,,4617038033101000021000001,,전라남도 나주시 노안면 오정길 363,520811,58205,,,,126.691494103544,35.0990664011623
MA010120220807738105,양산LPG충전소,,G2,소매,G214,연료 소매,G21402,가스 충전소,G47712,운송장비용 가스 충전업,46,전라남도,46170,나주시,46170320,왕곡면,4617032031,왕곡면,4617032031100210002,1,대지,21,2,전라남도 나주시 왕곡면 양산리 21-2,461703284049,전라남도 나주시 왕곡면 예향로,3532,,4617032031100210002035292,,전라남도 나주시 왕곡면 예향로 3532,520881,58304,,,,126.706772843319,34.973002086125
MA010120220807727465,그린씨엔지,,G2,소매,G214,연료 소매,G21402,가스 충전소,G47712,운송장비용 가스 충전업,46,전라남도,46110,목포시,46110780,삼향동,4611016000,석현동,4611016000111090001,1,대지,1109,1,전라남도 목포시 석현동 1109-1,461103017002,전라남도 목포시 임성로,16,,4611016000111090001000001,,전라남도 목포시 임성로 16,530830,58606,,,,126.428746321378,34.8214995107499
MA010120220807727656,남악가스유,,G2,소매,G214,연료 소매,G21402,가스 충전소,G47712,운송장비용 가스 충전업,46,전라남도,46110,목포시,46110780,삼향동,4611016000,석현동,4611016000111190002,1,대지,1119,2,전라남도 목포시 석현동 1119-2,461103017002,전라남도 목포시 임성로,30,,4611016000111190002000001,,전라남도 목포시 임성로 30,530830,58606,,,,126.430146677124,34.8213167847678
MA010120220807727669,청호충전소,,G2,소매,G214,연료 소매,G21402,가스 충전소,G47712,운송장비용 가스 충전업,46,전라남도,46110,목포시,46110554,연산동,4611010300,연산동,4611010300106690000,1,대지,669,,전라남도 목포시 연산동 669,461103281012,전라남도 목포시 대양로,52,,4611010300106690000000001,,전라남도 목포시 대양로 52,530370,58612,,,,126.385067406292,34.8201508368806
MA010120220807740393,주포LPG충전소,,G2,소매,G214,연료 소매,G21402,가스 충전소,G47712,운송장비용 가스 충전업,46,전라남도,46860,함평군,46860250,함평읍,4686025033,함평읍,4686025033102900003,1,대지,290,3,전라남도 함평군 함평읍 진양리 290-3,468603297013,전라남도 함평군 함평읍 함영로,1387,,4686025033102900003043729,,전라남도 함평군 함평읍 함영로 1387,525801,57136,,,,126.49687350271,35.0870578809525
MA010120220807793807,청주수소충전소,,G2,소매,G214,연료 소매,G21402,가스 충전소,G47712,운송장비용 가스 충전업,43,충청북도,43114,청주시 청원구,43114253,오창읍,4311425341,오창읍,4311425341101670004,1,대지,167,4,충청북도 청주시 청원구 오창읍 농소리 167-4,431144520437,충청북도 청주시 청원구 오창읍 양청농소길,101,,4311425341200180002000001,,충청북도 청주시 청원구 오창읍 양청농소길 101,363886,28131,,,,127.440628263108,36.7072901546415
MA010120220807817593,해남IC가스충전소,,G2,소매,G214,연료 소매,G21402,가스 충전소,G47712,운송장비용 가스 충전업,46,전라남도,46820,해남군,46820250,해남읍,4682025035,해남읍,4682025035100150002,1,대지,15,2,전라남도 해남군 해남읍 용정리 15-2,468202294001,전라남도 해남군 해남읍 땅끝대로,77,,4682025035100150002000001,,전라남도 해남군 해남읍 땅끝대로 77,536806,59044,,,,126.588303962593,34.560362349139
MA010120220807819462,해남가스충전소,,G2,소매,G214,연료 소매,G21402,가스 충전소,G47712,운송장비용 가스 충전업,46,전라남도,46820,해남군,46820250,해남읍,4682025035,해남읍,4682025035100440001,1,대지,44,1,전라남도 해남군 해남읍 용정리 44-1,468202294001,전라남도 해남군 해남읍 땅끝대로,123,,4682025035100440001000002,,전라남도 해남군 해남읍 땅끝대로 123,536806,59044,,,,126.584884147277,34.5578447646824
MA010120220807838919,대륙LPG충전소,,G2,소매,G214,연료 소매,G21402,가스 충전소,G47712,운송장비용 가스 충전업,46,전라남도,46230,광양시,46230330,옥곡면,4623033024,옥곡면,4623033024115070060,1,대지,1507,60,전라남도 광양시 옥곡면 신금리 1507-60,462303285057,전라남도 광양시 옥곡면 강변로,247,,4623033024115070060018079,,전라남도 광양시 옥곡면 강변로 247,545833,57714,,,,127.726298750721,34.9678761359613
MA010120220807812954,우수영가스충전소,,G2,소매,G214,연료 소매,G21402,가스 충전소,G47712,운송장비용 가스 충전업,46,전라남도,46820,해남군,46820420,문내면,4682042025,문내면,4682042025113590001,1,대지,1359,1,전라남도 해남군 문내면 학동리 1359-1,468203017038,전라남도 해남군 문내면 관광레저로,86,,4682042025113590001000001,,전라남도 해남군 문내면 관광레저로 86,536871,59004,,1,,126.311582268428,34.579154220825
MA010120220807814906,강진충전소,,G2,소매,G214,연료 소매,G21402,가스 충전소,G47712,운송장비용 가스 충전업,46,전라남도,46810,강진군,46810250,강진읍,4681025023,강진읍,4681025023103530003,1,대지,353,3,전라남도 강진군 강진읍 서성리 353-3,468103293028,전라남도 강진군 강진읍 송계로,35,,4681025023103530003000001,,전라남도 강진군 강진읍 송계로 35,527805,59237,,,,126.758539612959,34.6347448470626
MA010120220807822276,오성가스충전소,,G2,소매,G214,연료 소매,G21402,가스 충전소,G47712,운송장비용 가스 충전업,47,경상북도,47190,구미시,47190700,공단동,4719011300,공단동,4719011300102080000,1,대지,208,,경상북도 구미시 공단동 208,471902308005,경상북도 구미시 수출대로,106,,4719011300102080000028961,,경상북도 구미시 수출대로 106,730903,39367,,,,128.375917604006,36.1106125748263
MA010120220807843134,부광LPG충전소,,G2,소매,G214,연료 소매,G21402,가스 충전소,G47712,운송장비용 가스 충전업,46,전라남도,46230,광양시,46230515,골약동,4623010400,성황동,4623010400100750003,1,대지,75,3,전라남도 광양시 성황동 75-3,462303285019,전라남도 광양시 백운로,955,4,4623010400100750003000090,,전라남도 광양시 백운로 955-4,545050,57767,,,,127.67717800914,34.9478972294088
MA010120220807811801,청자LPG충전소,,G2,소매,G214,연료 소매,G21402,가스 충전소,G47712,운송장비용 가스 충전업,46,전라남도,46810,강진군,46810250,강진읍,4681025035,강진읍,4681025035105050004,1,대지,505,4,전라남도 강진군 강진읍 서산리 505-4,468103295110,전라남도 강진군 강진읍 녹색로,3926,,4681025035105050004602846,,전라남도 강진군 강진읍 녹색로 3926,527804,59245,,,,126.726324324646,34.6543100167575
MA010120220807813126,청해진LPG충전소,,G2,소매,G214,연료 소매,G21402,가스 충전소,G47712,운송장비용 가스 충전업,46,전라남도,46890,완도군,46890250,완도읍,4689025022,완도읍,4689025022106280000,1,대지,628,,전라남도 완도군 완도읍 가용리 628,468902300001,전라남도 완도군 완도읍 장보고대로,77,,4689025022106270000000001,,전라남도 완도군 완도읍 장보고대로 77,537801,59109,,,,126.739694196664,34.3262454826785
MA010120220807841846,해월가스충전소,,G2,소매,G214,연료 소매,G21402,가스 충전소,G47712,운송장비용 가스 충전업,46,전라남도,46150,순천시,46150310,해룡면,4615031026,해룡면,4615031026100370002,1,대지,37,2,전라남도 순천시 해룡면 월전리 37-2,461504649822,전라남도 순천시 해룡면 월전길,1,,4615031026100370002042731,,전라남도 순천시 해룡면 월전길 1,540852,58019,,,,127.540763738699,34.9143016416562
MA010120220807810693,장흥가스충전소,,G2,소매,G214,연료 소매,G21402,가스 충전소,G47712,운송장비용 가스 충전업,46,전라남도,46800,장흥군,46800250,장흥읍,4680025030,장흥읍,4680025030100400002,1,대지,40,2,전라남도 장흥군 장흥읍 사안리 40-2,468003292042,전라남도 장흥군 장흥읍 장강로,118,,4680025030100410002004738,,전라남도 장흥군 장흥읍 장강로 118,529806,59311,,,,126.882976317389,34.6745908163978
MA010120220807812250,천관산LPG충전소,,G2,소매,G214,연료 소매,G21402,가스 충전소,G47712,운송장비용 가스 충전업,46,전라남도,46800,장흥군,46800310,용산면,4680031025,용산면,4680031025101520002,1,대지,152,2,전라남도 장흥군 용산면 녹원리 152-2,468002017001,전라남도 장흥군 용산면 장흥대로,1948,,4680031025101520002024582,,전라남도 장흥군 용산면 장흥대로 1948,529863,59345,,,,126.940232230934,34.5772949715739
MA010120220807830243,진솔가스,,G2,소매,G214,연료 소매,G21402,가스 충전소,G47712,운송장비용 가스 충전업,29,광주광역시,29200,광산구,29200680,삼도동,2920015900,오운동,2920015900105120012,1,대지,512,12,광주광역시 광산구 오운동 512-12,292003000083,광주광역시 광산구 영광로,3498,,2920015900105120012000001,,광주광역시 광산구 영광로 3498,506458,62406,,,,126.689333890259,35.1596322567959
MA010120220807830458,평화에너지유,,G2,소매,G214,연료 소매,G21402,가스 충전소,G47712,운송장비용 가스 충전업,46,전라남도,46820,해남군,46820380,계곡면,4682038027,계곡면,4682038027101520003,1,대지,152,3,전라남도 해남군 계곡면 반계리 152-3,468202294002,전라남도 해남군 계곡면 공룡대로,4163,,4682038027101520003000001,,전라남도 해남군 계곡면 공룡대로 4163,536833,59017,,,,126.643247685765,34.6357511570059
MA0101202411A0038045,하이LPG충전소,,G2,소매,G214,연료 소매,G21402,가스 충전소,G47712,운송장비용 가스 충전업,52,전북특별자치도,52140,익산시,52140690,삼성동,5214013200,임상동,5214013200109810000,1,대지,981,,전북특별자치도 익산시 임상동 981,521403269039,전북특별자치도 익산시 하나로,633,,4514013200109810000046803,SK하이LPG,전북특별자치도 익산시 하나로 633,570380,54531,,,,126.97807939885,35.9776414888018
MA0101202411A0001716,태영가스충전소,,G2,소매,G214,연료 소매,G21402,가스 충전소,G47712,운송장비용 가스 충전업,48,경상남도,48240,사천시,48240370,서포면,4824037023,서포면,4824037023102360007,1,대지,236,7,경상남도 사천시 서포면 외구리 236-7,482403334031,경상남도 사천시 서포면 서포로,744,,4824037023102360007033201,,경상남도 사천시 서포면 서포로 744,664824,52541,,,,127.968663136704,35.0463858129485
MA0101202411A0034436,대평LPG충전소,,G2,소매,G214,연료 소매,G21402,가스 충전소,G47712,운송장비용 가스 충전업,47,경상북도,47290,경산시,47290550,북부동,4729011200,대평동,4729011200100340000,1,대지,34,,경상북도 경산시 대평동 34,472903000052,경상북도 경산시 경안로,419,,4729011200100340001006522,,경상북도 경산시 경안로 419,712130,38500,,,,128.731356841886,35.8444736011704
MA0101202411A0031501,동충주IC충전소,,G2,소매,G214,연료 소매,G21402,가스 충전소,G47712,운송장비용 가스 충전업,43,충청북도,43130,충주시,43130400,동량면,4313040027,동량면,4313040027117370001,1,대지,1737,1,충청북도 충주시 동량면 대전리 1737-1,431302238008,충청북도 충주시 동량면 충원대로,1482,,4313040027117370001000001,,충청북도 충주시 동량면 충원대로 1482,380812,27319,,,,127.931570178372,37.0557957251349
MA0101202411A0053353,서오릉가스충전소,,G2,소매,G214,연료 소매,G21402,가스 충전소,G47712,운송장비용 가스 충전업,41,경기도,41281,고양시 덕양구,41281530,흥도동,4128110500,도내동,4128110500109940000,1,대지,994,,경기도 고양시 덕양구 도내동 994,412813192101,경기도 고양시 덕양구 권율대로,450,1,4128110500100480004000008,,경기도 고양시 덕양구 권율대로 450-1,412060,10551,,,,126.865513743349,37.6322785555588
MA0101202411A0090987,강서가스충전소,,G2,소매,G214,연료 소매,G21402,가스 충전소,G47712,운송장비용 가스 충전업,11,서울특별시,11500,강서구,11500620,공항동,1150011200,오곡동,1150011200105930002,1,대지,593,2,서울특별시 강서구 오곡동 593-2,115003155044,서울특별시 강서구 벌말로,266,,1150011200105930002000001,,서울특별시 강서구 벌말로 266,157817,07505,,,,126.768810549608,37.5551481255819
MA0101202411A0131622,오평가득충전소,,G2,소매,G214,연료 소매,G21402,가스 충전소,G47712,운송장비용 가스 충전업,41,경기도,41220,평택시,41220310,진위면,4122031024,진위면,4122031024106000001,1,대지,600,1,경기도 평택시 진위면 동천리 600-1,412202012003,경기도 평택시 진위면 남부대로,597,,4122031024106000001028739,,경기도 평택시 진위면 남부대로 597,451864,17711,,,,127.096720889613,37.1265526565984
MA0101202411A0108973,영동LPG충전소,,G2,소매,G214,연료 소매,G21402,가스 충전소,G47712,운송장비용 가스 충전업,47,경상북도,47900,예천군,47900250,예천읍,4790025032,예천읍,4790025032104450015,1,대지,445,15,경상북도 예천군 예천읍 청복리 445-15,479003323006,경상북도 예천군 예천읍 양궁로,164,,4790025032104450015000001,영동LPG충전소,경상북도 예천군 예천읍 양궁로 164,757807,36830,,,,128.467173214863,36.6398834665661
MA0101202411A0139550,에스케이원평LPG충전소,,G2,소매,G214,연료 소매,G21402,가스 충전소,G47712,운송장비용 가스 충전업,41,경기도,41590,화성시,41590310,매송면,4159031022,매송면,4159031022103430000,1,대지,343,,경기도 화성시 매송면 원평리 343,415903012003,경기도 화성시 매송면 매송고색로,131,,4159031022103430000000001,,경기도 화성시 매송면 매송고색로 131,445832,18287,,,,126.919774671109,37.2451526638852
MA0101202411A0136113,복현LPG충전소,,G2,소매,G214,연료 소매,G21402,가스 충전소,G47712,운송장비용 가스 충전업,27,대구광역시,27230,북구,27230671,복현1동,2723011200,복현동,2723011200104000001,1,대지,400,1,대구광역시 북구 복현동 400-1,272303007005,대구광역시 북구 동북로,212,,2723011200104000001027624,외,대구광역시 북구 동북로 212,702831,41562,,,,128.614987865459,35.897252029265
MA0101202411A0175048,반디엘피지삼학로점,,G2,소매,G214,연료 소매,G21402,가스 충전소,G47712,운송장비용 가스 충전업,46,전라남도,46110,목포시,46110640,동명동,4611010200,산정동,4611010200114240006,1,대지,1424,6,전라남도 목포시 산정동 1424-6,461103281037,전라남도 목포시 삼학로,118,,4611010200114240006004892,,전라남도 목포시 삼학로 118,530210,58751,,,,126.396829542912,34.7869842920591
MA0101202411A0140585,영천대성충전소,,G2,소매,G214,연료 소매,G21402,가스 충전소,G47712,운송장비용 가스 충전업,47,경상북도,47230,영천시,47230380,고경면,4723038045,고경면,4723038045103550037,1,대지,355,37,경상북도 영천시 고경면 덕암리 355-37,472303018037,경상북도 영천시 고경면 호국로,1534,,4723038045100580000031088,,경상북도 영천시 고경면 호국로 1534,770844,38902,,,,129.090350883851,35.9910870839013
MA0101202411A0175130,만호주유소,,G2,소매,G214,연료 소매,G21402,가스 충전소,G47712,운송장비용 가스 충전업,41,경기도,41220,평택시,41220256,포승읍,4122025624,포승읍,4122025624104000009,1,대지,400,9,경기도 평택시 포승읍 만호리 400-9,412202012006,경기도 평택시 포승읍 서동대로,775,,4122025624104000009049857,,경기도 평택시 포승읍 서동대로 775,451821,17962,,,,126.855735816181,36.9595441377411
MA0101202411A0177619,케이에이치에너지직영평택호충전소익산방향,,G2,소매,G214,연료 소매,G21402,가스 충전소,G47712,운송장비용 가스 충전업,41,경기도,41220,평택시,41220370,현덕면,4122037030,현덕면,4122037030200950000,2,산,95,,경기도 평택시 현덕면 권관리 산95,412204364876,경기도 평택시 현덕면 평택호3길,63,,4122037030200950000000001,,경기도 평택시 현덕면 평택호3길 63,451811,17972,,,,126.917575663175,36.9242533653302
MA0101202411A0180238,케이에이치에너지직영예산예당호충전소평택방향,,G2,소매,G214,연료 소매,G21402,가스 충전소,G47712,운송장비용 가스 충전업,44,충청남도,44810,예산군,44810350,응봉면,4481035025,응봉면,4481035025200610004,2,산,61,4,충청남도 예산군 응봉면 평촌리 산61-4,448103015081,충청남도 예산군 응봉면 예당로,1187,,4481035025200610004000001,,충청남도 예산군 응봉면 예당로 1187,340832,32447,,,,126.781690441383,36.6294529747625
MA0101202411A0177105,한준에너지,당진지점,G2,소매,G214,연료 소매,G21402,가스 충전소,G47712,운송장비용 가스 충전업,44,충청남도,44270,당진시,44270380,신평면,4427038032,신평면,4427038032105130000,1,대지,513,,충청남도 당진시 신평면 매산리 513,442701000007,충청남도 당진시 신평면 서해안고속도로,275,,4427038032105130000000001,수소충전소,충청남도 당진시 신평면 서해안고속도로 275,343814,31750,,,,126.807130161086,36.9451478367377
MA0101202411A0179682,문경(양평)수소충전소,,G2,소매,G214,연료 소매,G21402,가스 충전소,G47712,운송장비용 가스 충전업,47,경상북도,47280,문경시,47280600,점촌4동,4728010800,유곡동,4728010800104660000,1,대지,466,,경상북도 문경시 유곡동 466,472801000020,경상북도 문경시 중부내륙고속도로,174,1,4728010800104580000000002,경상북도문경시,경상북도 문경시 중부내륙고속도로 174-1,745240,36989,,,,128.151552375448,36.6218351352574
MA0101202411A0177075,케이에이치에너지직영예산예당호충전소익산방향,,G2,소매,G214,연료 소매,G21402,가스 충전소,G47712,운송장비용 가스 충전업,44,충청남도,44810,예산군,44810350,응봉면,4481035025,응봉면,4481035025200610004,2,산,61,4,충청남도 예산군 응봉면 평촌리 산61-4,448103015081,충청남도 예산군 응봉면 예당로,1187,,4481035025200610004000001,,충청남도 예산군 응봉면 예당로 1187,340832,32447,,,,126.781690441383,36.6294529747625
MA0101202411A0183951,케이에이치에너지직영평택호충전소평택방향,,G2,소매,G214,연료 소매,G21402,가스 충전소,G47712,운송장비용 가스 충전업,41,경기도,41220,평택시,41220370,현덕면,4122037030,현덕면,4122037030200950000,2,산,95,,경기도 평택시 현덕면 권관리 산95,412204364876,경기도 평택시 현덕면 평택호3길,63,,4122037030200950000000001,,경기도 평택시 현덕면 평택호3길 63,451811,17972,,,,126.917575663175,36.9242533653302
MA010120220809052802,서변LPG충전소,,G2,소매,G214,연료 소매,G21402,가스 충전소,G47712,운송장비용 가스 충전업,27,대구광역시,27230,북구,27230695,무태조야동,2723011500,서변동,2723011500112900057,1,대지,1290,57,대구광역시 북구 서변동 1290-57,272303018037,대구광역시 북구 호국로,129,,2723011500112900057000001,,대구광역시 북구 호국로 129,702893,41480,,,,128.599053218023,35.9133433470344
MA010120220809081380,강북LPG충전소,,G2,소매,G214,연료 소매,G21402,가스 충전소,G47712,운송장비용 가스 충전업,47,경상북도,47850,칠곡군,47850320,동명면,4785032038,동명면,4785032038105540001,1,대지,554,1,경상북도 칠곡군 동명면 봉암리 554-1,478502018002,경상북도 칠곡군 동명면 경북대로,8,,4785032038105540001017004,,경상북도 칠곡군 동명면 경북대로 8,718923,39862,,,,128.551784739101,35.9620484704961
MA010120220809094172,대성산업대성충전소주,,G2,소매,G214,연료 소매,G21402,가스 충전소,G47712,운송장비용 가스 충전업,27,대구광역시,27230,북구,27230526,칠성동,2723010200,칠성동2가,2723010200100660000,1,대지,66,,대구광역시 북구 칠성동2가 66,272303007023,대구광역시 북구 침산로,60,,2723010200100660000015423,,대구광역시 북구 침산로 60,702851,41586,,,,128.589922637459,35.8816453748739
MA010120220809116760,하나가스,,G2,소매,G214,연료 소매,G21402,가스 충전소,G47712,운송장비용 가스 충전업,47,경상북도,47130,경주시,47130380,천북면,4713038029,천북면,4713038029107190000,1,대지,719,,경상북도 경주시 천북면 신당리 719,471303305056,경상북도 경주시 천북면 천북로,127,,4713038029107190000096242,,경상북도 경주시 천북면 천북로 127,780872,38043,,,,129.248113555796,35.8942112411876
MA010120220809092600,대구개인택시조합충전소,,G2,소매,G214,연료 소매,G21402,가스 충전소,G47712,운송장비용 가스 충전업,27,대구광역시,27230,북구,27230680,검단동,2723011300,검단동,2723011300110160005,1,대지,1016,5,대구광역시 북구 검단동 1016-5,272303145004,대구광역시 북구 검단로,174,,2723011300200080003000001,,대구광역시 북구 검단로 174,702800,41521,,,,128.625338781919,35.9100346182103
MA010120220809115537,기분좋은충전소,,G2,소매,G214,연료 소매,G21402,가스 충전소,G47712,운송장비용 가스 충전업,47,경상북도,47230,영천시,47230510,동부동,4723010200,망정동,4723010200101700007,1,대지,170,7,경상북도 영천시 망정동 170-7,472303018037,경상북도 영천시 호국로,108,,4723010200101720000002135,,경상북도 영천시 호국로 108,770110,38864,,,,128.949212503337,35.9751093822282
MA010120220809090976,대성에너지주,,G2,소매,G214,연료 소매,G21402,가스 충전소,G47712,운송장비용 가스 충전업,27,대구광역시,27110,중구,27110670,남산4동,2711015600,남산동,2711015600122680001,1,대지,2268,1,대구광역시 중구 남산동 2268-1,271103141013,대구광역시 중구 명덕로,85,,2711015600122680001020509,,대구광역시 중구 명덕로 85,700725,41977,,,,128.5802592839,35.8578475238871
MA010120220809106408,행복충전소,,G2,소매,G214,연료 소매,G21402,가스 충전소,G47712,운송장비용 가스 충전업,44,충청남도,44770,서천군,44770253,서천읍,4477025321,서천읍,4477025321106680001,1,대지,668,1,충청남도 서천군 서천읍 군사리 668-1,447703015046,충청남도 서천군 서천읍 대백제로,866,,4477025321106680001000001,,충청남도 서천군 서천읍 대백제로 866,325802,33647,,,,126.690296126116,36.0739273112923
MA010120220809157746,우천LPG충전소,,G2,소매,G214,연료 소매,G21402,가스 충전소,G47712,운송장비용 가스 충전업,47,경상북도,47113,포항시 북구,47113700,장량동,4711312100,장성동,4711312100108310001,1,대지,831,1,경상북도 포항시 북구 장성동 831-1,471132303001,경상북도 포항시 북구 새천년대로,1155,,4711312100108310001110067,외,경상북도 포항시 북구 새천년대로 1155,791815,37576,,,,129.373701680103,36.0715960870909
MA010120220809120890,만남의충전소,,G2,소매,G214,연료 소매,G21402,가스 충전소,G47712,운송장비용 가스 충전업,47,경상북도,47230,영천시,47230535,서부동,4723011000,화룡동,4723011000103400005,1,대지,340,5,경상북도 영천시 화룡동 340-5,472303309054,경상북도 영천시 장수로,100,,4723011000103400005002421,,경상북도 영천시 장수로 100,770080,38839,,,,128.9158521997,35.9689788737584
MA010120220809144810,아주에너지주,,G2,소매,G214,연료 소매,G21402,가스 충전소,G47712,운송장비용 가스 충전업,27,대구광역시,27140,동구,27140620,불로.봉무동,2714010600,불로동,2714010600109550022,1,대지,955,22,대구광역시 동구 불로동 955-22,271403007002,대구광역시 동구 공항로,149,,2714010600109550022018725,,대구광역시 동구 공항로 149,701807,41039,,,,128.63090491561,35.9011280257704
MA010120220809157891,양덕스마일주유，충전소,,G2,소매,G214,연료 소매,G21402,가스 충전소,G47712,운송장비용 가스 충전업,47,경상북도,47113,포항시 북구,47113700,장량동,4711312200,양덕동,4711312200108240001,1,대지,824,1,경상북도 포항시 북구 양덕동 824-1,471133304015,경상북도 포항시 북구 삼흥로,325,,4711312200108240001000001,양덕동,경상북도 포항시 북구 삼흥로 325,791270,37576,,,,129.380418714547,36.090455489114
MA010120220809145880,천일가스텍주,,G2,소매,G214,연료 소매,G21402,가스 충전소,G47712,운송장비용 가스 충전업,47,경상북도,47111,포항시 남구,47111256,오천읍,4711125624,오천읍,4711125624102950002,1,대지,295,2,경상북도 포항시 남구 오천읍 진전리 295-2,471113018002,경상북도 포항시 남구 오천읍 기림로,1187,,4711125624102950002052713,,경상북도 포항시 남구 오천읍 기림로 1187,790901,37894,,,,129.400332234816,35.8764154268675
MA010120220809149997,경북개인택시운송사업조합경주분소,,G2,소매,G214,연료 소매,G21402,가스 충전소,G47712,운송장비용 가스 충전업,47,경상북도,47130,경주시,47130550,성건동,4713014400,석장동,4713014400112050007,1,대지,1205,7,경상북도 경주시 석장동 1205-7,471304715509,경상북도 경주시 부엉길,9,5,4713014400112050007004150,,경상북도 경주시 부엉길 9-5,780180,38067,,,,129.197260151644,35.8491906029206
MA010120220809150658,아화만남충전소,,G2,소매,G214,연료 소매,G21402,가스 충전소,G47712,운송장비용 가스 충전업,47,경상북도,47130,경주시,47130350,서면,4713035022,서면,4713035022107160004,1,대지,716,4,경상북도 경주시 서면 아화리 716-4,471303000047,경상북도 경주시 서면 대경로,3004,,4713035022107160008139239,,경상북도 경주시 서면 대경로 3004,780862,38053,,,,129.041687739094,35.901945383309
MA010120220809150670,케이케이보문충전소주,,G2,소매,G214,연료 소매,G21402,가스 충전소,G47712,운송장비용 가스 충전업,47,경상북도,47130,경주시,47130660,보덕동,4713013500,천군동,4713013500102060015,1,대지,206,15,경상북도 경주시 천군동 206-15,471303305005,경상북도 경주시 경감로,585,,4713013500102060015030912,,경상북도 경주시 경감로 585,780270,38118,,1,,129.286516073774,35.8345046440951
MA010120220809150685,국제충전소,,G2,소매,G214,연료 소매,G21402,가스 충전소,G47712,운송장비용 가스 충전업,47,경상북도,47130,경주시,47130570,황남동,4713010900,사정동,4713010900101120011,1,대지,112,11,경상북도 경주시 사정동 112-11,471303305009,경상북도 경주시 금성로,179,,4713010900101120011001055,,경상북도 경주시 금성로 179,780939,38168,,,,129.206888652313,35.8336151960162
MA010120220809150761,(구도일충전소,,G2,소매,G214,연료 소매,G21402,가스 충전소,G47712,운송장비용 가스 충전업,47,경상북도,47130,경주시,47130570,황남동,4713014200,율동,4713014200100330000,1,대지,33,,경상북도 경주시 율동 33,471302305001,경상북도 경주시 서라벌대로,408,,4713014200100300001038156,,경상북도 경주시 서라벌대로 408,780080,38189,,,,129.195520375626,35.8133786791802
MA010120220809150814,대성지엘주,,G2,소매,G214,연료 소매,G21402,가스 충전소,G47712,운송장비용 가스 충전업,47,경상북도,47230,영천시,47230380,고경면,4723038045,고경면,4723038045103550002,1,대지,355,2,경상북도 영천시 고경면 덕암리 355-2,472303018037,경상북도 영천시 고경면 호국로,1524,,4723038045103550020031090,,경상북도 영천시 고경면 호국로 1524,770844,38902,,1,,129.089502860275,35.9917235864594
MA010120220809150947,아워홈경주서라벌주,광장점,G2,소매,G214,연료 소매,G21402,가스 충전소,G47712,운송장비용 가스 충전업,47,경상북도,47130,경주시,47130570,황남동,4713014200,율동,4713014200105980000,1,대지,598,,경상북도 경주시 율동 598,471302305001,경상북도 경주시 서라벌대로,417,,4713014200105990000037533,,경상북도 경주시 서라벌대로 417,780080,38189,,1,,129.198624722442,35.8128263369925
MA010120220809181355,동아LPG충전소,,G2,소매,G214,연료 소매,G21402,가스 충전소,G47712,운송장비용 가스 충전업,47,경상북도,47113,포항시 북구,47113665,용흥동,4711311700,용흥동,4711311700104600000,1,대지,460,,경상북도 포항시 북구 용흥동 460,471133304028,경상북도 포항시 북구 용흥로,265,,4711311700104600000113770,,경상북도 포항시 북구 용흥로 265,791811,37644,,,,129.348974902783,36.0465854622045
MA010120220809168700,오천LPG충전소,,G2,소매,G214,연료 소매,G21402,가스 충전소,G47712,운송장비용 가스 충전업,47,경상북도,47111,포항시 남구,47111256,오천읍,4711125631,오천읍,4711125631102750002,1,대지,275,2,경상북도 포항시 남구 오천읍 구정리 275-2,471113303045,경상북도 포항시 남구 오천읍 정몽주로,789,,4711125631102750002055459,,경상북도 포항시 남구 오천읍 정몽주로 789,790904,37902,,,,129.407536489984,35.9862465532305
MA010120220809162932,구옥충전소,,G2,소매,G214,연료 소매,G21402,가스 충전소,G47712,운송장비용 가스 충전업,47,경상북도,47111,포항시 남구,47111560,청림동,4711110600,일월동,4711110600101900071,1,대지,190,71,경상북도 포항시 남구 일월동 190-71,471113000101,경상북도 포항시 남구 동해안로,5826,,4711110600101900071125937,,경상북도 포항시 남구 동해안로 5826,790836,37919,,,,129.425469742987,35.9915523273398
MA010120220809177615,성곡ICLPG충전소,,G2,소매,G214,연료 소매,G21402,가스 충전소,G47712,운송장비용 가스 충전업,47,경상북도,47113,포항시 북구,47113250,흥해읍,4711325047,흥해읍,4711325047100570003,1,대지,57,3,경상북도 포항시 북구 흥해읍 학천리 57-3,471132000023,경상북도 포항시 북구 흥해읍 동해대로,1121,,4711325047100570003012060,,경상북도 포항시 북구 흥해읍 동해대로 1121,791944,37564,,,,129.333312705792,36.0756241337655
MA010120220809163576,관문LPG충전소,,G2,소매,G214,연료 소매,G21402,가스 충전소,G47712,운송장비용 가스 충전업,47,경상북도,47111,포항시 남구,47111253,연일읍,4711125325,연일읍,4711125325100320001,1,대지,32,1,경상북도 포항시 남구 연일읍 유강리 32-1,471112303001,경상북도 포항시 남구 연일읍 새천년대로,200,,4711125325100340001127143,,경상북도 포항시 남구 연일읍 새천년대로 200,790885,37655,,,,129.323285678332,36.0044960293956
MA010120220809169696,대동LPG,,G2,소매,G214,연료 소매,G21402,가스 충전소,G47712,운송장비용 가스 충전업,47,경상북도,47111,포항시 남구,47111580,효곡동,4711111400,효자동,4711111400103810000,1,대지,381,,경상북도 포항시 남구 효자동 381,471112303001,경상북도 포항시 남구 새천년대로,216,,4711111400103810000127370,,경상북도 포항시 남구 새천년대로 216,790330,37655,,,,129.325237534242,36.00488165953
MA010120220809176583,정성원,,G2,소매,G214,연료 소매,G21402,가스 충전소,G47712,운송장비용 가스 충전업,47,경상북도,47113,포항시 북구,47113665,용흥동,4711311700,용흥동,4711311700104580003,1,대지,458,3,경상북도 포항시 북구 용흥동 458-3,471133304028,경상북도 포항시 북구 용흥로,255,,4711311700104580003110509,외,경상북도 포항시 북구 용흥로 255,791811,37644,,,,129.348417670547,36.0461278682612
MA010120220810544649,안산충전소,,G2,소매,G214,연료 소매,G21402,가스 충전소,G47712,운송장비용 가스 충전업,41,경기도,41271,안산시 상록구,41271532,사이동,4127110300,사동,4127110300114930000,1,대지,1493,,경기도 안산시 상록구 사동 1493,412714370239,경기도 안산시 상록구 선진안길,83,,4127110300114930000002360,,경기도 안산시 상록구 선진안길 83,426825,15633,,,,126.848512088696,37.2777006519553
MA010120220810562501,신광에너지장림충전소주,,G2,소매,G214,연료 소매,G21402,가스 충전소,G47712,운송장비용 가스 충전업,26,부산광역시,26380,사하구,26380590,장림2동,2638010500,장림동,2638010500101770010,1,대지,177,10,부산광역시 사하구 장림동 177-10,263803134022,부산광역시 사하구 장림로,278,,2638010500101770010013094,,부산광역시 사하구 장림로 278,604042,49458,,,,128.978931191939,35.0833075507457
MA010120220810559649,부산버스공동환승터미널,,G2,소매,G214,연료 소매,G21402,가스 충전소,G47712,운송장비용 가스 충전업,26,부산광역시,26470,연제구,26470620,거제2동,2647010100,거제동,2647010100115170000,1,대지,1517,,부산광역시 연제구 거제동 1517,264703129045,부산광역시 연제구 월드컵대로,420,,2647010100201140004000001,,부산광역시 연제구 월드컵대로 420,611072,47500,,,,129.052827656057,35.1866049710712
MA010120220810560077,진원에너지주,,G2,소매,G214,연료 소매,G21402,가스 충전소,G47712,운송장비용 가스 충전업,26,부산광역시,26380,사하구,26380601,다대1동,2638010600,다대동,2638010600115480008,1,대지,1548,8,부산광역시 사하구 다대동 1548-8,263803134007,부산광역시 사하구 다대로,722,,2638010600115480008000001,,부산광역시 사하구 다대로 722,604827,49505,,,,128.962575883857,35.0499679832747
MA010120220810560297,마라톤가스,,G2,소매,G214,연료 소매,G21402,가스 충전소,G47712,운송장비용 가스 충전업,26,부산광역시,26170,동구,26170530,초량3동,2617010100,초량동,2617010100111570009,1,대지,1157,9,부산광역시 동구 초량동 1157-9,261702000010,부산광역시 동구 중앙대로,310,,2617010100111570009007498,마라톤빌딩,부산광역시 동구 중앙대로 310,601837,48729,,,,129.045025271259,35.1240159174338
MA010120220810578950,중산엘피지안산충전소,,G2,소매,G214,연료 소매,G21402,가스 충전소,G47712,운송장비용 가스 충전업,41,경기도,41271,안산시 상록구,41271580,월피동,4127110900,월피동,4127110900104830003,1,대지,483,3,경기도 안산시 상록구 월피동 483-3,412714370342,경기도 안산시 상록구 안산천서로6길,24,,4127110900104830003044263,,경기도 안산시 상록구 안산천서로6길 24,426855,15257,,,,126.848709481588,37.3367817517311
MA010120220810647202,대천IC충전소,,G2,소매,G214,연료 소매,G21402,가스 충전소,G47712,운송장비용 가스 충전업,44,충청남도,44180,보령시,44180565,대천5동,4418010800,남곡동,4418010800103020007,1,대지,302,7,충청남도 보령시 남곡동 302-7,441803252011,충청남도 보령시 대해로,286,,4418010800103020007013640,,충청남도 보령시 대해로 286,355090,33491,,,,126.569857722791,36.3362810196799
MA010120220810666906,문화가스,,G2,소매,G214,연료 소매,G21402,가스 충전소,G47712,운송장비용 가스 충전업,26,부산광역시,26170,동구,26170530,초량3동,2617010100,초량동,2617010100111490003,1,대지,1149,3,부산광역시 동구 초량동 1149-3,261702000010,부산광역시 동구 중앙대로,348,,2617010100111490003004052,,부산광역시 동구 중앙대로 348,601836,48728,,,,129.047203762005,35.1264753643099
MA010120220810667196,광동유통용인충전소,,G2,소매,G214,연료 소매,G21402,가스 충전소,G47712,운송장비용 가스 충전업,41,경기도,41461,용인시 처인구,41461540,동부동,4146110700,마평동,4146110700101230000,1,대지,123,,경기도 용인시 처인구 마평동 123,414612012012,경기도 용인시 처인구 중부대로,1788,,4146110700101230000008437,,경기도 용인시 처인구 중부대로 1788,449928,17143,,,,127.242166480812,37.2284521210104
MA010120220810695110,신항만에너지,,G2,소매,G214,연료 소매,G21402,가스 충전소,G47712,운송장비용 가스 충전업,26,부산광역시,26440,강서구,26440560,녹산동,2644011100,녹산동,2644011100106040007,1,대지,604,7,부산광역시 강서구 녹산동 604-7,264403006030,부산광역시 강서구 낙동남로,507,,2644011100106040007005252,,부산광역시 강서구 낙동남로 507,618210,46728,,,,128.875261057202,35.1129470027308
MA010120220810701955,초정LPG충전소,,G2,소매,G214,연료 소매,G21402,가스 충전소,G47712,운송장비용 가스 충전업,43,충청북도,43114,청주시 청원구,43114310,북이면,4311431021,북이면,4311431021101610013,1,대지,161,13,충청북도 청주시 청원구 북이면 신기리 161-13,431142014003,충청북도 청주시 청원구 북이면 충청대로,1041,,4371043022000120002044990,,충청북도 청주시 청원구 북이면 충청대로 1041,363921,28139,,,,127.541635901213,36.7348710348732
MA010120220810702016,죽림LPG충전소,,G2,소매,G214,연료 소매,G21402,가스 충전소,G47712,운송장비용 가스 충전업,26,부산광역시,26440,강서구,26440550,가락동,2644010500,죽림동,2644010500104970001,1,대지,497,1,부산광역시 강서구 죽림동 497-1,264403000042,부산광역시 강서구 호계로,102,,2644010500104970001000001,,부산광역시 강서구 호계로 102,618330,46707,,,,128.893460806882,35.2007375850546
MA010120220810677070,산대LPG충전소,,G2,소매,G214,연료 소매,G21402,가스 충전소,G47712,운송장비용 가스 충전업,47,경상북도,47130,경주시,47130253,안강읍,4713025332,안강읍,4713025332108870002,1,대지,887,2,경상북도 경주시 안강읍 산대리 887-2,471303305036,경상북도 경주시 안강읍 안강중앙로,23,,4713025332108870002060638,,경상북도 경주시 안강읍 안강중앙로 23,780805,38010,,,,129.202912122759,35.9963884556104
MA010120220810702417,부산공항LPG충전소,,G2,소매,G214,연료 소매,G21402,가스 충전소,G47712,운송장비용 가스 충전업,26,부산광역시,26440,강서구,26440520,대저2동,2644010200,대저2동,2644010200144270000,1,대지,4427,,부산광역시 강서구 대저2동 4427,264403136003,부산광역시 강서구 공항로,459,,2644010200144270000000001,대저,부산광역시 강서구 공항로 459,618808,46723,,,,128.95188536751,35.149064144606
MA010120220812105596,부안군수소충전소,,G2,소매,G214,연료 소매,G21402,가스 충전소,G47712,운송장비용 가스 충전업,52,전북특별자치도,52800,부안군,52800330,행안면,5280033021,행안면,5280033021112000001,1,대지,1200,1,전북특별자치도 부안군 행안면 역리 1200-1,528004858032,전북특별자치도 부안군 행안면 부안3농공단지길,80,,4580033021112000001000001,,전북특별자치도 부안군 행안면 부안3농공단지길 80,579833,56303,,,,126.72345885543,35.7386823483137
MA010120220812120325,대성에너지,,G2,소매,G214,연료 소매,G21402,가스 충전소,G47712,운송장비용 가스 충전업,28,인천광역시,28720,옹진군,28720360,영흥면,2872036022,영흥면,2872036022100050009,1,대지,5,9,인천광역시 옹진군 영흥면 내리 5-9,287203158030,인천광역시 옹진군 영흥면 영흥북로,37,17,2872036022100050009010591,,인천광역시 옹진군 영흥면 영흥북로 37-17,409871,23118,,,,126.500155055813,37.2569916676277
MA010120220812093297,우리LPG충전소,,G2,소매,G214,연료 소매,G21402,가스 충전소,G47712,운송장비용 가스 충전업,47,경상북도,47230,영천시,47230250,금호읍,4723025028,금호읍,4723025028100540003,1,대지,54,3,경상북도 영천시 금호읍 신월리 54-3,472303310033,경상북도 영천시 금호읍 금호로,393,1,4723025028100540003008763,,경상북도 영천시 금호읍 금호로 393-1,770805,38874,,,,128.901630550692,35.9426321719583
MA010120220812158683,남대교충전소,,G2,소매,G214,연료 소매,G21402,가스 충전소,G47712,운송장비용 가스 충전업,47,경상북도,47850,칠곡군,47850256,석적읍,4785025622,석적읍,4785025622107110002,1,대지,711,2,경상북도 칠곡군 석적읍 중리 711-2,478503018022,경상북도 칠곡군 석적읍 남구미로,181,,4785025622107110002002985,남대교충전소,경상북도 칠곡군 석적읍 남구미로 181,718833,39842,,,,128.395900726044,36.0838699372286
MA010120220812135444,화성에너지,,G2,소매,G214,연료 소매,G21402,가스 충전소,G47712,운송장비용 가스 충전업,51,강원특별자치도,51730,횡성군,51730250,횡성읍,5173025043,횡성읍,5173025043105670001,1,대지,567,1,강원특별자치도 횡성군 횡성읍 학곡리 567-1,517303000145,강원특별자치도 횡성군 횡성읍 경강로,1537,,4273025043105670001000002,,강원특별자치도 횡성군 횡성읍 경강로 1537,225802,25210,,,,127.954365453852,37.5126225286362
MA010120220812158394,남양주고려LPG충전소,,G2,소매,G214,연료 소매,G21402,가스 충전소,G47712,운송장비용 가스 충전업,41,경기도,41360,남양주시,41360262,오남읍,4136026221,오남읍,4136026221107240001,1,대지,724,1,경기도 남양주시 오남읍 양지리 724-1,413603197078,경기도 남양주시 오남읍 양지로,356,,4136026221107240002030499,,경기도 남양주시 오남읍 양지로 356,472881,12036,,,,127.189505886842,37.7060292333819
MA010120220812185259,엔케이텍서부산,,G2,소매,G214,연료 소매,G21402,가스 충전소,G47712,운송장비용 가스 충전업,26,부산광역시,26440,강서구,26440560,녹산동,2644010900,송정동,2644010900108030006,1,대지,803,6,부산광역시 강서구 송정동 803-6,264402136001,부산광역시 강서구 가락대로,347,,2644010900108030003000001,,부산광역시 강서구 가락대로 347,618816,46750,,,,128.843295909411,35.1131670773485
MA010120220812185952,오산교통에너지,,G2,소매,G214,연료 소매,G21402,가스 충전소,G47712,운송장비용 가스 충전업,41,경기도,41370,오산시,41370560,초평동,4137011800,두곡동,4137011800101820000,1,대지,182,,경기도 오산시 두곡동 182,413703012005,경기도 오산시 서부로,21,,4137011800200210000000001,오산버스공영차고지,경기도 오산시 서부로 21,447180,18128,,,,127.039759920775,37.1313520659484
MA010120220812204864,덕양가스경산,,G2,소매,G214,연료 소매,G21402,가스 충전소,G47712,운송장비용 가스 충전업,47,경상북도,47290,경산시,47290253,진량읍,4729025344,진량읍,4729025344101080003,1,대지,108,3,경상북도 경산시 진량읍 당곡리 108-3,472903305008,경상북도 경산시 진량읍 공단로,172,,4729025344101080003000001,,경상북도 경산시 진량읍 공단로 172,712832,38547,,,,128.816797642106,35.8478345601955
MA010120220812208083,선봉대에너지,,G2,소매,G214,연료 소매,G21402,가스 충전소,G47712,운송장비용 가스 충전업,41,경기도,41461,용인시 처인구,41461525,역북동,4146110200,역북동,4146110200101090003,1,대지,109,3,경기도 용인시 처인구 역북동 109-3,414613203068,경기도 용인시 처인구 성산로,153,,4146110200101090003031041,,경기도 용인시 처인구 성산로 153,449930,17018,,,,127.190263087935,37.2501629357244
MA010120220812168975,SK신포충전소,,G2,소매,G214,연료 소매,G21402,가스 충전소,G47712,운송장비용 가스 충전업,48,경상남도,48125,창원시 마산합포구,48125630,오동동,4812512500,신포동1가,4812512500100350001,1,대지,35,1,경상남도 창원시 마산합포구 신포동1가 35-1,481252329003,경상남도 창원시 마산합포구 해안대로,252,,4812512500100350001044520,,경상남도 창원시 마산합포구 해안대로 252,631859,51714,,,,128.570740603662,35.196766470715
MA010120220812195720,아이에스에너지,,G2,소매,G214,연료 소매,G21402,가스 충전소,G47712,운송장비용 가스 충전업,26,부산광역시,26350,해운대구,26350560,송정동,2635010800,송정동,2635010800101340005,1,대지,134,5,부산광역시 해운대구 송정동 134-5,263502006010,부산광역시 해운대구 해운대로,1109,,2635010800101340005000001,,부산광역시 해운대구 해운대로 1109,612040,48068,,2,,129.200883943339,35.1846436409031
MA010120220812234218,동방엘티에스,,G2,소매,G214,연료 소매,G21402,가스 충전소,G47712,운송장비용 가스 충전업,51,강원특별자치도,51150,강릉시,51150370,연곡면,5115037023,연곡면,5115037023102580002,1,대지,258,2,강원특별자치도 강릉시 연곡면 동덕리 258-2,511502000023,강원특별자치도 강릉시 연곡면 동해대로,4076,,4215037023002580008055249,,강원특별자치도 강릉시 연곡면 동해대로 4076,210861,25431,,,,128.842371486694,37.8459123565447
MA010120220812245029,대도하이젠,,G2,소매,G214,연료 소매,G21402,가스 충전소,G47712,운송장비용 가스 충전업,26,부산광역시,26530,사상구,26530670,학장동,2653010700,학장동,2653010700102710012,1,대지,271,12,부산광역시 사상구 학장동 271-12,265302006017,부산광역시 사상구 학감대로,167,,2653010700102710012000001,,부산광역시 사상구 학감대로 167,617844,47023,,,,128.987653136066,35.1458600448377
MA010120220812251795,"귀명주유소,귀명충전소",,G2,소매,G214,연료 소매,G21402,가스 충전소,G47712,운송장비용 가스 충전업,48,경상남도,48270,밀양시,48270253,하남읍,4827025328,하남읍,4827025328103320002,1,대지,332,2,경상남도 밀양시 하남읍 귀명리 332-2,482703350667,경상남도 밀양시 하남읍 온천로,1842,,4827025328103320002000001,,경상남도 밀양시 하남읍 온천로 1842,627891,50457,,,,128.711315475662,35.3966047013992
MA0101202305A0162696,가스켐,코리아,G2,소매,G214,연료 소매,G21402,가스 충전소,G47712,운송장비용 가스 충전업,41,경기도,41550,안성시,41550380,원곡면,4155038025,원곡면,4155038025101600015,1,대지,160,15,경기도 안성시 원곡면 내가천리 160-15,415503012025,경기도 안성시 원곡면 청원로,1798,,4155038025101600015029822,,경기도 안성시 원곡면 청원로 1798,456811,17556,,,,127.118845450557,37.0406516422099
MA0101202305A0142379,서김해LPG충전소SK가스,,G2,소매,G214,연료 소매,G21402,가스 충전소,G47712,운송장비용 가스 충전업,48,경상남도,48250,김해시,48250540,내외동,4825010900,외동,4825010900111070002,1,대지,1107,2,경상남도 김해시 외동 1107-2,482502335002,경상남도 김해시 금관대로,1112,,4825010900111070002039202,,경상남도 김해시 금관대로 1112,621921,50960,,,,128.849185402604,35.22752960441
MA0101202305A0121468,제주도함덕그린수소충전소,,G2,소매,G214,연료 소매,G21402,가스 충전소,G47712,운송장비용 가스 충전업,50,제주특별자치도,50110,제주시,50110259,조천읍,5011025924,조천읍,5011025924103170009,1,대지,317,9,제주특별자치도 제주시 조천읍 함덕리 317-9,501103349219,제주특별자치도 제주시 조천읍 함와로,170,,5011025924103170009000001,,제주특별자치도 제주시 조천읍 함와로 170,695965,63334,,,,126.677789063548,33.5253263174898
MA0101202306A0096766,청라충전소,,G2,소매,G214,연료 소매,G21402,가스 충전소,G47712,운송장비용 가스 충전업,28,인천광역시,28260,서구,28260580,가좌1동,2826011200,가좌동,2826011200106020024,1,대지,602,24,인천광역시 서구 가좌동 602-24,282602008002,인천광역시 서구 중봉대로,148,,2826011200106020024000002,청라충전소,인천광역시 서구 중봉대로 148,404812,22847,,,,126.64858776905,37.4923582902318
MA0101202306A0047067,경수소충전소,,G2,소매,G214,연료 소매,G21402,가스 충전소,G47712,운송장비용 가스 충전업,31,울산광역시,31200,북구,31200510,농소1동,3120010100,창평동,3120010100110980004,1,대지,1098,4,울산광역시 북구 창평동 1098-4,312003000104,울산광역시 북구 산업로,1274,,3120010100110980004010903,,울산광역시 북구 산업로 1274,683810,44231,,,,129.352644108721,35.6156555937083
MA0101202306A0075591,신영충전소,,G2,소매,G214,연료 소매,G21402,가스 충전소,G47712,운송장비용 가스 충전업,48,경상남도,48250,김해시,48250565,칠산서부동,4825011100,풍유동,4825011100102240001,1,대지,224,1,경상남도 김해시 풍유동 224-1,482502335002,경상남도 김해시 금관대로,994,,4825011100102240001043459,,경상남도 김해시 금관대로 994,621130,50941,,,,128.847501631538,35.2167229920907
MA0101202306A0028000,일산제일충전소,,G2,소매,G214,연료 소매,G21402,가스 충전소,G47712,운송장비용 가스 충전업,41,경기도,41285,고양시 일산동구,41285600,고봉동,4128511300,성석동,4128511300113050004,1,대지,1305,4,경기도 고양시 일산동구 성석동 1305-4,412853012034,경기도 고양시 일산동구 고봉로,479,,4128511300113050004000824,,경기도 고양시 일산동구 고봉로 479,410570,10246,,1,,126.780638317332,37.7012023110314
MA0101202306A0056203,대원에너지산업,,G2,소매,G214,연료 소매,G21402,가스 충전소,G47712,운송장비용 가스 충전업,48,경상남도,48250,김해시,48250320,주촌면,4825032025,주촌면,4825032025103270001,1,대지,327,1,경상남도 김해시 주촌면 내삼리 327-1,482504805521,경상남도 김해시 주촌면 서부로1541번길,114,,4825032025103270001067989,,경상남도 김해시 주촌면 서부로1541번길 114,621841,50877,,,,128.812296307769,35.2385055192823
MA0101202306A0034102,에스케이하남충전소,,G2,소매,G214,연료 소매,G21402,가스 충전소,G47712,운송장비용 가스 충전업,41,경기도,41450,하남시,41450530,신장2동,4145010300,창우동,4145010300105220000,1,대지,522,,경기도 하남시 창우동 522,414503202036,경기도 하남시 창우로,130,,4145010300105220000003087,,경기도 하남시 창우로 130,465810,13023,,,,127.229268821789,37.5377536157191
MA0101202307A0005111,부안군곰소수소충전소,,G2,소매,G214,연료 소매,G21402,가스 충전소,G47712,운송장비용 가스 충전업,52,전북특별자치도,52800,부안군,52800370,진서면,5280037024,진서면,5280037024100020002,1,대지,2,2,전북특별자치도 부안군 진서면 곰소리 2-2,528003280089,전북특별자치도 부안군 진서면 청자로,1055,,4580037024100020002000001,,전북특별자치도 부안군 진서면 청자로 1055,579895,56346,,,,126.616069420866,35.5945617512129
MA0101202306A0098057,프루베,코리아,G2,소매,G214,연료 소매,G21402,가스 충전소,G47712,운송장비용 가스 충전업,44,충청남도,44270,당진시,44270340,정미면,4427034033,정미면,4427034033106910001,1,대지,691,1,충청남도 당진시 정미면 대운산리 691-1,442703000117,충청남도 당진시 정미면 서해로,4909,,4483034033106910001022434,,충청남도 당진시 정미면 서해로 4909,343861,31801,,,,126.582056494646,36.8374201703293
MA0101202307A0007779,선진충전소,,G2,소매,G214,연료 소매,G21402,가스 충전소,G47712,운송장비용 가스 충전업,41,경기도,41650,포천시,41650340,신북면,4165034022,신북면,4165034022100680005,1,대지,68,5,경기도 포천시 신북면 기지리 68-5,416503000136,경기도 포천시 신북면 호국로,2223,,4165034022100680005000001,,경기도 포천시 신북면 호국로 2223,487915,11139,,,,127.234867363354,37.9463942808864
MA0101202306A0035167,보령1호수소충전소,,G2,소매,G214,연료 소매,G21402,가스 충전소,G47712,운송장비용 가스 충전업,44,충청남도,44180,보령시,44180565,대천5동,4418010700,내항동,4418010700102550003,1,대지,255,3,충청남도 보령시 내항동 255-3,441803252017,충청남도 보령시 명해로,75,,4418010700102550003000001,,충청남도 보령시 명해로 75,355080,33492,,,,126.593623494421,36.3347961449837
MA0101202308A0034322,온양LPG충전소,,G2,소매,G214,연료 소매,G21402,가스 충전소,G47712,운송장비용 가스 충전업,31,울산광역시,31710,울주군,31710256,온양읍,3171025623,온양읍,3171025623106400000,1,대지,640,,울산광역시 울주군 온양읍 망양리 640,317103011005,울산광역시 울주군 온양읍 남창로,742,,3171025623106400000000688,,울산광역시 울주군 온양읍 남창로 742,689901,44969,,,,129.284893669064,35.4420354385263
MA0101202307A0083045,대성산업강릉충전소,,G2,소매,G214,연료 소매,G21402,가스 충전소,G47712,운송장비용 가스 충전업,51,강원특별자치도,51150,강릉시,51150571,포남1동,5115011100,포남동,5115011100110050222,1,대지,1005,222,강원특별자치도 강릉시 포남동 1005-222,511504460551,강원특별자치도 강릉시 성덕포남로149번길,1,,4215011100110050222011680,,강원특별자치도 강릉시 성덕포남로149번길 1,210956,25547,,1,,128.911558061009,37.7654818471103
MA0101202308A0017620,비케이에너지석산수소충전소,,G2,소매,G214,연료 소매,G21402,가스 충전소,G47712,운송장비용 가스 충전업,48,경상남도,48330,양산시,48330310,동면,4833031026,동면,4833031026111060003,1,대지,1106,3,경상남도 양산시 동면 석산리 1106-3,483302000032,경상남도 양산시 동면 양산대로,602,,4833031026111060003013607,,경상남도 양산시 동면 양산대로 602,626821,50636,,,,129.032487221131,35.3256088173614
MA0101202308A0019164,진성에너지공단점,,G2,소매,G214,연료 소매,G21402,가스 충전소,G47712,운송장비용 가스 충전업,51,강원특별자치도,51150,강릉시,51150645,성덕동,5115012500,입암동,5115012500100210008,1,대지,21,8,강원특별자치도 강릉시 입암동 21-8,511504460070,강원특별자치도 강릉시 강변로534번길,45,,4215012500100210008011474,,강원특별자치도 강릉시 강변로534번길 45,210935,25573,,,,128.921933463798,37.766060728739
MA0101202307A0091534,한준에너지,,G2,소매,G214,연료 소매,G21402,가스 충전소,G47712,운송장비용 가스 충전업,41,경기도,41463,용인시 기흥구,41463540,기흥동,4146310700,공세동,4146310700102600001,1,대지,260,1,경기도 용인시 기흥구 공세동 260-1,414633204006,경기도 용인시 기흥구 공세로,173,,4146310700102600001222808,수소충전소기흥휴게소,경기도 용인시 기흥구 공세로 173,446902,17100,,,,127.104321399026,37.2363757270743
MA0101202307A0063030,한이에너지충전소,,G2,소매,G214,연료 소매,G21402,가스 충전소,G47712,운송장비용 가스 충전업,41,경기도,41220,평택시,41220340,오성면,4122034026,오성면,4122034026100010002,1,대지,1,2,경기도 평택시 오성면 죽리 1-2,412202012006,경기도 평택시 오성면 서동대로,2043,,4122034026100010002039775,,경기도 평택시 오성면 서동대로 2043,451872,17819,,,,126.969315423838,37.0079800175264
MA0101202308A0012416,에코충전소,,G2,소매,G214,연료 소매,G21402,가스 충전소,G47712,운송장비용 가스 충전업,41,경기도,41133,성남시 중원구,41133670,도촌동,4113310800,갈현동,4113310800103510000,1,대지,351,,경기도 성남시 중원구 갈현동 351,411332012002,경기도 성남시 중원구 경충대로,2558,,4113310800103510000044975,,경기도 성남시 중원구 경충대로 2558,462080,13413,,,,127.166522233633,37.4225657623345
MA0101202308A0031099,서울LPG,,G2,소매,G214,연료 소매,G21402,가스 충전소,G47712,운송장비용 가스 충전업,43,충청북도,43770,음성군,43770340,대소면,4377034024,대소면,4377034024103810047,1,대지,381,47,충청북도 음성군 대소면 성본리 381-47,437703014058,충청북도 음성군 대소면 대금로,789,,4377034024103810027000001,,충청북도 음성군 대소면 대금로 789,369823,27663,,,,127.522836883975,36.9766374460011
MA0101202307A0049877,연곡LP가스충전소,,G2,소매,G214,연료 소매,G21402,가스 충전소,G47712,운송장비용 가스 충전업,51,강원특별자치도,51150,강릉시,51150370,연곡면,5115037023,연곡면,5115037023106160004,1,대지,616,4,강원특별자치도 강릉시 연곡면 동덕리 616-4,511502000023,강원특별자치도 강릉시 연곡면 동해대로,4069,,4215037023006160004054911,,강원특별자치도 강릉시 연곡면 동해대로 4069,210861,25431,,,,128.840715569767,37.8460193351834
MA0101202307A0073381,팔당LPG충전소,,G2,소매,G214,연료 소매,G21402,가스 충전소,G47712,운송장비용 가스 충전업,41,경기도,41360,남양주시,41360250,와부읍,4136025023,와부읍,4136025023105640001,1,대지,564,1,경기도 남양주시 와부읍 팔당리 564-1,413603000145,경기도 남양주시 와부읍 경강로,957,,4136025023105640001000001,,경기도 남양주시 와부읍 경강로 957,472908,12277,,,,127.23883245514,37.5528083436779
MA0101202308A0044629,동충주IC충전소,,G2,소매,G214,연료 소매,G21402,가스 충전소,G47712,운송장비용 가스 충전업,43,충청북도,43130,충주시,43130400,동량면,4313040027,동량면,4313040027117370001,1,대지,1737,1,충청북도 충주시 동량면 대전리 1737-1,431302238008,충청북도 충주시 동량면 충원대로,1482,,4313040027117370001000001,동충주I,충청북도 충주시 동량면 충원대로 1482,380812,27319,,,,127.931570178372,37.0557957251349
MA0101202309A0028481,"서일산업장유충전소,주유소",,G2,소매,G214,연료 소매,G21402,가스 충전소,G47712,운송장비용 가스 충전업,48,경상남도,48250,김해시,48250630,장유3동,4825013300,응달동,4825013300102820001,1,대지,282,1,경상남도 김해시 응달동 282-1,482503335054,경상남도 김해시 장유로,581,,4825013300102820001000001,,경상남도 김해시 장유로 581,621330,51011,,,,128.827683007473,35.1771638735552
MA0101202308A0075426,활력충전소,,G2,소매,G214,연료 소매,G21402,가스 충전소,G47712,운송장비용 가스 충전업,44,충청남도,44200,아산시,44200370,영인면,4420037030,영인면,4420037030105160016,1,대지,516,16,충청남도 아산시 영인면 신봉리 516-16,442003000190,충청남도 아산시 영인면 장영실로,615,,4420037030105160016093533,,충청남도 아산시 영인면 장영실로 615,336822,31401,,,,126.978178446491,36.8965982878539
MA0101202309A0036866,새광주충전소,,G2,소매,G214,연료 소매,G21402,가스 충전소,G47712,운송장비용 가스 충전업,41,경기도,41610,광주시,41610540,쌍령동,4161010200,쌍령동,4161010200101130001,1,대지,113,1,경기도 광주시 쌍령동 113-1,416102012002,경기도 광주시 경충대로,1523,,4161010200101130001000283,,경기도 광주시 경충대로 1523,464130,12791,,,,127.268234342461,37.4043043376559
MA0101202310A0024684,금이LPG충전소,,G2,소매,G214,연료 소매,G21402,가스 충전소,G47712,운송장비용 가스 충전업,41,경기도,41390,시흥시,41390550,매화동,4139011000,금이동,4139011000100810002,1,대지,81,2,경기도 시흥시 금이동 81-2,413903000064,경기도 시흥시 수인로,2681,,4139011000100810002001257,,경기도 시흥시 수인로 2681,429816,14981,,,,126.835606910451,37.4046564975112
MA0101202309A0068055,금성LPG충전소,,G2,소매,G214,연료 소매,G21402,가스 충전소,G47712,운송장비용 가스 충전업,46,전라남도,46770,고흥군,46770380,과역면,4677038025,과역면,4677038025112380003,1,대지,1238,3,전라남도 고흥군 과역면 석봉리 1238-3,467703289039,전라남도 고흥군 과역면 우주항공로,3256,,4677038025200720003070863,,전라남도 고흥군 과역면 우주항공로 3256,548832,59511,,,,127.367943506071,34.6879195494815
MA0101202310A0009657,화성제일충전소,,G2,소매,G214,연료 소매,G21402,가스 충전소,G47712,운송장비용 가스 충전업,41,경기도,41590,화성시,41590410,정남면,4159041022,정남면,4159041022110680002,1,대지,1068,2,경기도 화성시 정남면 괘랑리 1068-2,415903210064,경기도 화성시 정남면 세자로,33,,4159041022110680002000001,,경기도 화성시 정남면 세자로 33,445965,18516,,,,126.980374055602,37.1717966504055
MA0101202310A0044072,행복가스,,G2,소매,G214,연료 소매,G21402,가스 충전소,G47712,운송장비용 가스 충전업,41,경기도,41630,양주시,41630250,백석읍,4163025025,백석읍,4163025025103890002,1,대지,389,2,경기도 양주시 백석읍 홍죽리 389-2,416303212016,경기도 양주시 백석읍 월암로,41,,4163025025103890002058790,,경기도 양주시 백석읍 월암로 41,482838,11517,,,,126.955513910854,37.7983060583689
MA0101202309A0064893,한동LPG자동차충전소,,G2,소매,G214,연료 소매,G21402,가스 충전소,G47712,운송장비용 가스 충전업,50,제주특별자치도,50110,제주시,50110256,구좌읍,5011025630,구좌읍,5011025630117580001,1,대지,1758,1,제주특별자치도 제주시 구좌읍 한동리 1758-1,501103349235,제주특별자치도 제주시 구좌읍 일주동로,2761,,5011025630117580001000001,,제주특별자치도 제주시 구좌읍 일주동로 2761,695982,63359,,,,126.821757295687,33.5408090920573
MA0101202311A0040484,수정충전소,,G2,소매,G214,연료 소매,G21402,가스 충전소,G47712,운송장비용 가스 충전업,41,경기도,41131,성남시 수정구,41131620,복정동,4113110700,복정동,4113110700102610012,1,대지,261,12,경기도 성남시 수정구 복정동 261-12,411312000005,경기도 성남시 수정구 성남대로,1543,,4113110700102610016000024,,경기도 성남시 수정구 성남대로 1543,461829,13107,,,,127.125826143639,37.4678740118318
MA0101202311A0029287,익산하나로LPG충전소,,G2,소매,G214,연료 소매,G21402,가스 충전소,G47712,운송장비용 가스 충전업,52,전북특별자치도,52140,익산시,52140570,동산동,5214012500,금강동,5214012500109940007,1,대지,994,7,전북특별자치도 익산시 금강동 994-7,521403269039,전북특별자치도 익산시 하나로,61,,4514012500109940007063662,하나로LPG충전소,전북특별자치도 익산시 하나로 61,570959,54611,,,,126.978248430736,35.9273072143543
MA0101202310A0079867,목감LPG충전소,,G2,소매,G214,연료 소매,G21402,가스 충전소,G47712,운송장비용 가스 충전업,41,경기도,41390,시흥시,41390570,목감동,4139012500,논곡동,4139012500100290003,1,대지,29,3,경기도 시흥시 논곡동 29-3,413903000064,경기도 시흥시 수인로,2536,,4139012500100290003001256,,경기도 시흥시 수인로 2536,429804,14934,,,,126.85055260498,37.4031806396941
MA0101202311A0059647,화경동해충전소,,G2,소매,G214,연료 소매,G21402,가스 충전소,G47712,운송장비용 가스 충전업,47,경상북도,47111,포항시 남구,47111570,제철동,4711111000,동촌동,4711111000110110005,1,대지,1011,5,경상북도 포항시 남구 동촌동 1011-5,471113303005,경상북도 포항시 남구 대송로,282,,4711110900110110005123894,동해가스충전소,경상북도 포항시 남구 대송로 282,790360,37863,,,,129.380386910952,36.002105464049
MA0101202311A0077012,인천개인택시복지제3충전소,,G2,소매,G214,연료 소매,G21402,가스 충전소,G47712,운송장비용 가스 충전업,28,인천광역시,28200,남동구,28200660,남촌도림동,2820010700,남촌동,2820010700105100006,1,대지,510,6,인천광역시 남동구 남촌동 510-6,282002153001,인천광역시 남동구 남동대로,551,,2820010700105100006000001,,인천광역시 남동구 남동대로 551,405845,21622,,,,126.707794593873,37.4315212682734
MA0101202310A0085670,행복에너지충전소,,G2,소매,G214,연료 소매,G21402,가스 충전소,G47712,운송장비용 가스 충전업,41,경기도,41220,평택시,41220310,진위면,4122031024,진위면,4122031024106000001,1,대지,600,1,경기도 평택시 진위면 동천리 600-1,412202012003,경기도 평택시 진위면 남부대로,597,,4122031024106000001028739,행복에너지충전소,경기도 평택시 진위면 남부대로 597,451864,17711,,,,127.096720889613,37.1265526565984
MA0101202311A0045126,신용LPG충전소,,G2,소매,G214,연료 소매,G21402,가스 충전소,G47712,운송장비용 가스 충전업,52,전북특별자치도,52140,익산시,52140656,신동,5214012000,신용동,5214012000103240017,1,대지,324,17,전북특별자치도 익산시 신용동 324-17,521402269001,전북특별자치도 익산시 익산대로,610,,4514012000103240017066193,신용LPG충전소,전북특별자치도 익산시 익산대로 610,570975,54537,,,,126.957000218941,35.9799519651855
MA0101202311A0086219,군위IC충전소,,G2,소매,G214,연료 소매,G21402,가스 충전소,G47712,운송장비용 가스 충전업,27,대구광역시,27720,군위군,27720250,군위읍,2772025023,군위읍,2772025023106710000,1,대지,671,,대구광역시 군위군 군위읍 금구리 671,277202018002,대구광역시 군위군 군위읍 경북대로,3465,,4772025023106710000000001,,대구광역시 군위군 군위읍 경북대로 3465,716802,43122,,,,128.564431461474,36.2140888006942
MA0101202311A0010563,화경영주충전소,,G2,소매,G214,연료 소매,G21402,가스 충전소,G47712,운송장비용 가스 충전업,47,경상북도,47210,영주시,47210340,장수면,4721034021,장수면,4721034021102580001,1,대지,258,1,경상북도 영주시 장수면 반구리 258-1,472104727538,경상북도 영주시 장수면 장수로220번길,32,,4721034021102580001031450,,경상북도 영주시 장수면 장수로220번길 32,750862,36145,,,,128.594849171903,36.7861546572139
MA0101202311A0025119,화경인동충전소,,G2,소매,G214,연료 소매,G21402,가스 충전소,G47712,운송장비용 가스 충전업,47,경상북도,47190,구미시,47190670,인동동,4719011900,신동,4719011900106660002,1,대지,666,2,경상북도 구미시 신동 666-2,471903308087,경상북도 구미시 인동가산로,454,,4719011900106660002005860,,경상북도 구미시 인동가산로 454,730310,39444,,,,128.459462867789,36.0931601988663
MA0101202311A0014174,한일충전소,,G2,소매,G214,연료 소매,G21402,가스 충전소,G47712,운송장비용 가스 충전업,52,전북특별자치도,52111,전주시 완산구,52111730,효자5동,5211114200,효자동3가,5211114200110460000,1,대지,1046,,전북특별자치도 전주시 완산구 효자동3가 1046,521113016001,전북특별자치도 전주시 완산구 콩쥐팥쥐로,1695,,4511114200110460000019982,,전북특별자치도 전주시 완산구 콩쥐팥쥐로 1695,560860,54878,,,,127.084158322076,35.8224279949317
MA0101202311A0032841,에코블루에너지,,G2,소매,G214,연료 소매,G21402,가스 충전소,G47712,운송장비용 가스 충전업,28,인천광역시,28185,연수구,28185790,동춘2동,2818510500,동춘동,2818510500109160000,1,대지,916,,인천광역시 연수구 동춘동 916,281852008005,인천광역시 연수구 아암대로,841,,2818510500109160000000001,송도충전소,인천광역시 연수구 아암대로 841,406132,21978,,2,,126.663383358854,37.3953805517824
MA0101202406A0041205,동해고속충전소,,G2,소매,G214,연료 소매,G21402,가스 충전소,G47712,운송장비용 가스 충전업,48,경상남도,48330,양산시,48330550,소주동,4833011800,주진동,4833011800101610001,1,대지,161,1,경상남도 양산시 주진동 161-1,483302000011,경상남도 양산시 웅상대로,1000,,4833011800101630001029856,,경상남도 양산시 웅상대로 1000,626280,50537,,,,129.157230063484,35.3891831143652
MA0101202406A0064790,신공항LPG충전소,,G2,소매,G214,연료 소매,G21402,가스 충전소,G47712,운송장비용 가스 충전업,26,부산광역시,26440,강서구,26440510,대저1동,2644010100,대저1동,2644010100130360001,1,대지,3036,1,부산광역시 강서구 대저1동 3036-1,264404208055,부산광역시 강서구 경전철로188번길,95,,2644010100130360001011055,,부산광역시 강서구 경전철로188번길 95,618803,46703,,,,128.966586444568,35.1986614657223
MA0101202406A0065893,경양LPG충전소,,G2,소매,G214,연료 소매,G21402,가스 충전소,G47712,운송장비용 가스 충전업,48,경상남도,48129,창원시 진해구,48129550,태백동,4812913900,경화동,4812913900111710005,1,대지,1171,5,경상남도 창원시 진해구 경화동 1171-5,481293331068,경상남도 창원시 진해구 태백로,8,,4812913900111710005014843,,경상남도 창원시 진해구 태백로 8,645802,51666,,,,128.676550790787,35.1531249776957
MA0101202406A0081461,사상LPG충전소,,G2,소매,G214,연료 소매,G21402,가스 충전소,G47712,운송장비용 가스 충전업,26,부산광역시,26530,사상구,26530670,학장동,2653010700,학장동,2653010700106290001,1,대지,629,1,부산광역시 사상구 학장동 629-1,265303139021,부산광역시 사상구 학장로,21,,2653010700106290001025639,,부산광역시 사상구 학장로 21,617843,47026,,,,128.973041110472,35.1350414545364
MA0101202406A0041853,조은LPG충전소,,G2,소매,G214,연료 소매,G21402,가스 충전소,G47712,운송장비용 가스 충전업,48,경상남도,48730,함안군,48730380,산인면,4873038022,산인면,4873038022101690001,1,대지,169,1,경상남도 함안군 산인면 신산리 169-1,487302330001,경상남도 함안군 산인면 함마대로,2348,,4873038022101690001026813,,경상남도 함안군 산인면 함마대로 2348,637842,52072,,,,128.480235505889,35.2649596577141
MA0101202406A0079709,김해어방LPG충전소,,G2,소매,G214,연료 소매,G21402,가스 충전소,G47712,운송장비용 가스 충전업,48,경상남도,48250,김해시,48250580,활천동,4825011800,어방동,4825011800110620014,1,대지,1062,14,경상남도 김해시 어방동 1062-14,482503335031,경상남도 김해시 분성로,555,,4825011800110620014049186,,경상남도 김해시 분성로 555,621917,50820,,,,128.906373418998,35.2359964472621
MA0101202406A0036054,전주산정충전소,,G2,소매,G214,연료 소매,G21402,가스 충전소,G47712,운송장비용 가스 충전업,52,전북특별자치도,52113,전주시 덕진구,52113612,우아2동,5211311100,산정동,5211311100103190033,1,대지,319,33,전북특별자치도 전주시 덕진구 산정동 319-33,521133267080,전북특별자치도 전주시 덕진구 전진로,62,,4511311100103190033032842,SK충전소,전북특별자치도 전주시 덕진구 전진로 62,561225,55026,,,,127.175165359309,35.8420313183063
MA0101202406A0075034,정주가스충전소,,G2,소매,G214,연료 소매,G21402,가스 충전소,G47712,운송장비용 가스 충전업,52,전북특별자치도,52180,정읍시,52180570,연지동,5218010500,연지동,5218010500105330000,1,대지,533,,전북특별자치도 정읍시 연지동 533,521803270055,전북특별자치도 정읍시 벚꽃로,167,,4518010500105330000021574,,전북특별자치도 정읍시 벚꽃로 167,580807,56156,,,,126.834864546037,35.5734200565322
MA0101202311A0098263,평택항수소교통복합기지,,G2,소매,G214,연료 소매,G21402,가스 충전소,G47712,운송장비용 가스 충전업,41,경기도,41220,평택시,41220256,포승읍,4122025624,포승읍,4122025624106110001,1,대지,611,1,경기도 평택시 포승읍 만호리 611-1,412204364873,경기도 평택시 포승읍 평택항만길,181,78,4122025624106110001000001,,경기도 평택시 포승읍 평택항만길 181-78,451821,17958,,,,126.83748398976,36.9726854354705
MA0101202406A0042559,남벌교LPG충전소,,G2,소매,G214,연료 소매,G21402,가스 충전소,G47712,운송장비용 가스 충전업,46,전라남도,46780,보성군,46780253,벌교읍,4678025332,벌교읍,4678025332102220012,1,대지,222,12,전라남도 보성군 벌교읍 장좌리 222-12,467803295110,전라남도 보성군 벌교읍 녹색로,5577,,4678025332102220012000001,,전라남도 보성군 벌교읍 녹색로 5577,546909,59430,,,,127.349093879577,34.8377176896215
MA0101202406A0024343,에스케이가스밀양에너지,,G2,소매,G214,연료 소매,G21402,가스 충전소,G47712,운송장비용 가스 충전업,48,경상남도,48270,밀양시,48270530,삼문동,4827010400,삼문동,4827010400101020024,1,대지,102,24,경상남도 밀양시 삼문동 102-24,482702336001,경상남도 밀양시 밀양대로,1710,,4827010400101020024010789,,경상남도 밀양시 밀양대로 1710,627804,50440,,,,128.75534804437,35.4786468345783
MA0101202406A0027353,에스케이군산충전소,,G2,소매,G214,연료 소매,G21402,가스 충전소,G47712,운송장비용 가스 충전업,52,전북특별자치도,52130,군산시,52130670,구암동,5213013700,구암동,5213013700103210009,1,대지,321,9,전북특별자치도 군산시 구암동 321-9,521303268010,전북특별자치도 군산시 구암31로,198,,4513013700103210009023460,,전북특별자치도 군산시 구암31로 198,573330,54043,,,,126.741059995868,35.9830689024349
MA0101202406A0084206,대원LPG충전소,,G2,소매,G214,연료 소매,G21402,가스 충전소,G47712,운송장비용 가스 충전업,47,경상북도,47850,칠곡군,47850370,기산면,4785037028,기산면,4785037028101040038,1,대지,104,38,경상북도 칠곡군 기산면 죽전리 104-38,478502000028,경상북도 칠곡군 기산면 칠곡대로,1287,,4785037028101040038000970,,경상북도 칠곡군 기산면 칠곡대로 1287,718852,39914,,,,128.38768120882,35.988777335348
MA0101202406A0078707,서해고속LPG충전소,,G2,소매,G214,연료 소매,G21402,가스 충전소,G47712,운송장비용 가스 충전업,52,전북특별자치도,52140,익산시,52140656,신동,5214012000,신용동,5214012000103690002,1,대지,369,2,전북특별자치도 익산시 신용동 369-2,521403016011,전북특별자치도 익산시 무왕로,801,,4514012000103690002068937,,전북특별자치도 익산시 무왕로 801,570975,54535,,,,126.947984415114,35.9648075999813
MA0101202406A0137244,청수충전소,,G2,소매,G214,연료 소매,G21402,가스 충전소,G47712,운송장비용 가스 충전업,44,충청남도,44131,천안시 동남구,44131560,일봉동,4413111400,다가동,4413111400100610016,1,대지,61,16,충청남도 천안시 동남구 다가동 61-16,441313249067,충청남도 천안시 동남구 풍세로,887,,4413111400100610016029901,청수LPG충전소,충청남도 천안시 동남구 풍세로 887,330110,31188,,,,127.146719775556,36.7876741768188
MA0101202406A0097796,진해LPG충전소,,G2,소매,G214,연료 소매,G21402,가스 충전소,G47712,운송장비용 가스 충전업,48,경상남도,48129,창원시 진해구,48129650,웅동2동,4812916400,용원동,4812916400100070000,1,대지,7,,경상남도 창원시 진해구 용원동 7,481292000030,경상남도 창원시 진해구 진해대로,2513,,4812916400100070000003530,,경상남도 창원시 진해구 진해대로 2513,645510,51603,,,,128.832146705546,35.1026027409722
MA0101202406A0096585,가락충전소,,G2,소매,G214,연료 소매,G21402,가스 충전소,G47712,운송장비용 가스 충전업,26,부산광역시,26440,강서구,26440550,가락동,2644010700,죽동동,2644010700101220001,1,대지,122,1,부산광역시 강서구 죽동동 122-1,264403000042,부산광역시 강서구 호계로,195,,2644010700101220001000001,,부산광역시 강서구 호계로 195,618320,46708,,,,128.890146388994,35.2088459970983
MA0101202406A0106584,송강충전소,,G2,소매,G214,연료 소매,G21402,가스 충전소,G47712,운송장비용 가스 충전업,28,인천광역시,28177,미추홀구,28177540,용현1.4동,2817710200,용현동,2817710200102870001,1,대지,287,1,인천광역시 미추홀구 용현동 287-1,281773151009,인천광역시 미추홀구 소성로,24,,2817010200102860005034306,,인천광역시 미추홀구 소성로 24,402827,22201,,,,126.652415942022,37.447085033544
MA0101202406A0157815,웅상LPG충전소,,G2,소매,G214,연료 소매,G21402,가스 충전소,G47712,운송장비용 가스 충전업,48,경상남도,48330,양산시,48330540,서창동,4833011300,용당동,4833011300100190000,1,대지,19,,경상남도 양산시 용당동 19,483302000011,경상남도 양산시 웅상대로,1577,,4833011300100190000034051,,경상남도 양산시 웅상대로 1577,626290,50523,,,,129.187985628851,35.4314863133144
MA0101202406A0176097,에스케이울산충전소,,G2,소매,G214,연료 소매,G21402,가스 충전소,G47712,운송장비용 가스 충전업,31,울산광역시,31140,남구,31140570,삼산동,3114010500,달동,3114010500112720008,1,대지,1272,8,울산광역시 남구 달동 1272-8,311403169026,울산광역시 남구 번영로,104,,3114010500112720002008140,,울산광역시 남구 번영로 104,680804,44721,,,,129.329670690038,35.5349712428158
MA0101202406A0139300,서해가스충전소,,G2,소매,G214,연료 소매,G21402,가스 충전소,G47712,운송장비용 가스 충전업,41,경기도,41192,부천시 원미구,41192700,상3동,4119210900,상동,4119210900104990017,1,대지,499,17,경기도 부천시 원미구 상동 499-17,411922000015,경기도 부천시 원미구 송내대로,377,,4119510900104990017000001,,경기도 부천시 원미구 송내대로 377,420860,14502,,,,126.760580827098,37.5168663152955
MA0101202406A0149237,행복가득담양lpg충전소,,G2,소매,G214,연료 소매,G21402,가스 충전소,G47712,운송장비용 가스 충전업,46,전라남도,46710,담양군,46710410,대전면,4671041031,대전면,4671041031103080038,1,대지,308,38,전라남도 담양군 대전면 성산리 308-38,467103286019,전라남도 담양군 대전면 추성로,571,,4671041031103080038000001,,전라남도 담양군 대전면 추성로 571,517921,57320,,,,126.913594504721,35.2886584097885
MA0101202406A0095724,에스케이원일충전소,,G2,소매,G214,연료 소매,G21402,가스 충전소,G47712,운송장비용 가스 충전업,41,경기도,41430,의왕시,41430560,청계동,4143010600,학의동,4143010600101850001,1,대지,185,1,경기도 의왕시 학의동 185-1,414303012010,경기도 의왕시 안양판교로,372,,4143010600101850002001033,,경기도 의왕시 안양판교로 372,437827,16011,,,,127.01137178213,37.3921018695104
MA0101202406A0091736,"장림종합가스,화승에너지",,G2,소매,G214,연료 소매,G21402,가스 충전소,G47712,운송장비용 가스 충전업,26,부산광역시,26380,사하구,26380580,장림1동,2638010500,장림동,2638010500111180004,1,대지,1118,4,부산광역시 사하구 장림동 1118-4,263803134026,부산광역시 사하구 하신중앙로,44,6,2638010500111180004025855,,부산광역시 사하구 하신중앙로 44-6,604842,49473,,,,128.965986448262,35.0829684557345
MA0101202406A0152781,좋은에너지충전소,,G2,소매,G214,연료 소매,G21402,가스 충전소,G47712,운송장비용 가스 충전업,44,충청남도,44131,천안시 동남구,44131580,청룡동,4413111000,삼룡동,4413111000100780004,1,대지,78,4,충청남도 천안시 동남구 삼룡동 78-4,441313249055,충청남도 천안시 동남구 충절로,487,,4413111000100780004000001,,충청남도 천안시 동남구 충절로 487,330150,31071,,,,127.174587911257,36.7801302587525
MA0101202406A0125016,에스케이포천충전소,,G2,소매,G214,연료 소매,G21402,가스 충전소,G47712,운송장비용 가스 충전업,41,경기도,41650,포천시,41650320,내촌면,4165032023,내촌면,4165032023106400000,1,대지,640,,경기도 포천시 내촌면 음현리 640,416503000121,경기도 포천시 내촌면 금강로,2199,14,4165032023106400000001894,,경기도 포천시 내촌면 금강로 2199-14,487835,11192,,,,127.226387179757,37.7740863502418
MA010120220808869626,신대한엘피지제1,,G2,소매,G214,연료 소매,G21402,가스 충전소,G47712,운송장비용 가스 충전업,27,대구광역시,27140,동구,27140570,신천3동,2714010200,신천동,2714010200100450007,1,대지,45,7,대구광역시 동구 신천동 45-7,271403142009,대구광역시 동구 동부로,89,,2714010200100450007022657,,대구광역시 동구 동부로 89,701823,41227,,,,128.621942396718,35.8760446464277
MA010120220808860148,동대구가스충전소,,G2,소매,G214,연료 소매,G21402,가스 충전소,G47712,운송장비용 가스 충전업,27,대구광역시,27260,수성구,27260550,만촌1동,2726010200,만촌동,2726010200104160008,1,대지,416,8,대구광역시 수성구 만촌동 416-8,272603007001,대구광역시 수성구 국채보상로,913,,2726010200104160008000001,,대구광역시 수성구 국채보상로 913,706804,42039,,,,128.630494652411,35.8670796667917
MA010120220808889783,율하LPG충전소,,G2,소매,G214,연료 소매,G21402,가스 충전소,G47712,운송장비용 가스 충전업,27,대구광역시,27140,동구,27140730,안심2동,2714011900,용계동,2714011900106680000,1,대지,668,,대구광역시 동구 용계동 668,271403142029,대구광역시 동구 안심로,24,,2714011900106680000000001,,대구광역시 동구 안심로 24,701835,41150,,,,128.689123848803,35.872703509588
MA010120220808863187,늘푸른충전소,,G2,소매,G214,연료 소매,G21402,가스 충전소,G47712,운송장비용 가스 충전업,47,경상북도,47130,경주시,47130360,현곡면,4713036021,현곡면,4713036021117310048,1,대지,1731,48,경상북도 경주시 현곡면 라원리 1731-48,471303305064,경상북도 경주시 현곡면 형산로,446,,4713036021117310048000001,,경상북도 경주시 현곡면 형산로 446,780924,38046,,,,129.230707956569,35.8954640143142
MA010120220808873612,팔공산LPG충전소,,G2,소매,G214,연료 소매,G21402,가스 충전소,G47712,운송장비용 가스 충전업,27,대구광역시,27140,동구,27140760,공산동,2714014400,덕곡동,2714014400102050004,1,대지,205,4,대구광역시 동구 덕곡동 205-4,271403000049,대구광역시 동구 팔공산로,279,,2714014400102050004007580,덕곡동,대구광역시 동구 팔공산로 279,701510,41000,,,,128.6161164668,35.9918734845344
MA010120220808871765,다부LPG충전소,,G2,소매,G214,연료 소매,G21402,가스 충전소,G47712,운송장비용 가스 충전업,47,경상북도,47850,칠곡군,47850320,동명면,4785032033,동명면,4785032033106650008,1,대지,665,8,경상북도 칠곡군 동명면 학명리 665-8,478502018002,경상북도 칠곡군 동명면 경북대로,901,,4785032033106650008025360,,경상북도 칠곡군 동명면 경북대로 901,718921,39854,,,,128.536766167157,36.0380901129873
MA010120220808934225,청구엘피지충전소,,G2,소매,G214,연료 소매,G21402,가스 충전소,G47712,운송장비용 가스 충전업,27,대구광역시,27170,서구,27170675,상중이동,2717010500,중리동,2717010500102920028,1,대지,292,28,대구광역시 서구 중리동 292-28,271703007001,대구광역시 서구 국채보상로,92,,2717010500102920028004225,,대구광역시 서구 국채보상로 92,703832,41841,,,,128.541200813719,35.8684929544803
MA010120220808919911,대구개인택시운송사업조합제1충전소,,G2,소매,G214,연료 소매,G21402,가스 충전소,G47712,운송장비용 가스 충전업,27,대구광역시,27260,수성구,27260610,중동,2726010800,중동,2726010800100070001,1,대지,7,1,대구광역시 수성구 중동 7-1,272603146017,대구광역시 수성구 수성로,286,,2726010800100070001010109,중동,대구광역시 수성구 수성로 286,706837,42133,,,,128.613594611546,35.8509611868587
MA010120220808905753,동도LPG충전소,,G2,소매,G214,연료 소매,G21402,가스 충전소,G47712,운송장비용 가스 충전업,27,대구광역시,27140,동구,27140730,안심2동,2714011900,용계동,2714011900107630002,1,대지,763,2,대구광역시 동구 용계동 763-2,271403142029,대구광역시 동구 안심로,34,,2714011900107630002033844,,대구광역시 동구 안심로 34,701835,41150,,,,128.690173938006,35.8715803470826
MA010120220808920201,한국가스공사대구혁신도시수소충전소,,G2,소매,G214,연료 소매,G21402,가스 충전소,G47712,운송장비용 가스 충전업,27,대구광역시,27140,동구,27140755,혁신동,2714012400,신서동,2714012400111410000,1,대지,1141,,대구광역시 동구 신서동 1141,271403142053,대구광역시 동구 첨단로,120,,2714012400111410000000001,,대구광역시 동구 첨단로 120,701300,41062,,,,128.730065426901,35.886899104951
MA010120220808924918,OK에너지,,G2,소매,G214,연료 소매,G21402,가스 충전소,G47712,운송장비용 가스 충전업,51,강원특별자치도,51190,태백시,51190525,황연동,5119011200,통동,5119011200100920000,1,대지,92,,강원특별자치도 태백시 통동 92,511903222004,강원특별자치도 태백시 동태백로,1141,,4219011200100920000006683,,강원특별자치도 태백시 동태백로 1141,235280,26028,,,,129.031069380545,37.1644891018007
MA010120220808931971,부자집LPG충전소,,G2,소매,G214,연료 소매,G21402,가스 충전소,G47712,운송장비용 가스 충전업,47,경상북도,47130,경주시,47130350,서면,4713035022,서면,4713035022107180008,1,대지,718,8,경상북도 경주시 서면 아화리 718-8,471303000047,경상북도 경주시 서면 대경로,2993,,4713035022107180008000001,,경상북도 경주시 서면 대경로 2993,780862,38053,,,,129.04003391517,35.9022348104146
MA010120220808920952,케이케이달구벌충전소주,,G2,소매,G214,연료 소매,G21402,가스 충전소,G47712,운송장비용 가스 충전업,27,대구광역시,27140,동구,27140685,해안동,2714011100,방촌동,2714011100109190007,1,대지,919,7,대구광역시 동구 방촌동 919-7,271403142010,대구광역시 동구 동촌로,205,,2714011100109190007033596,,대구광역시 동구 동촌로 205,701801,41145,,1,,128.66303050792,35.8828900085668
MA010120220808915884,동산가스주,,G2,소매,G214,연료 소매,G21402,가스 충전소,G47712,운송장비용 가스 충전업,27,대구광역시,27260,수성구,27260602,황금2동,2726010700,황금동,2726010700105460000,1,대지,546,,대구광역시 수성구 황금동 546,272603007004,대구광역시 수성구 동대구로,116,,2726010700105460000015306,,대구광역시 수성구 동대구로 116,706852,42110,,,,128.624707864117,35.840664538169
MA010120220808915895,동일가스주,,G2,소매,G214,연료 소매,G21402,가스 충전소,G47712,운송장비용 가스 충전업,27,대구광역시,27260,수성구,27260610,중동,2726010800,중동,2726010800105510008,1,대지,551,8,대구광역시 수성구 중동 551-8,272603146028,대구광역시 수성구 청수로,1,,2726010800105510008007894,,대구광역시 수성구 청수로 1,706838,42154,,,,128.608460241956,35.8417212208871
MA010120220808940799,고령LPG충전소,,G2,소매,G214,연료 소매,G21402,가스 충전소,G47712,운송장비용 가스 충전업,47,경상북도,47830,고령군,47830253,대가야읍,4783025322,대가야읍,4783025322101340016,1,대지,134,16,경상북도 고령군 대가야읍 고아리 134-16,478303320014,경상북도 고령군 대가야읍 일량로,73,,4783025022101340016025493,,경상북도 고령군 대가야읍 일량로 73,717802,40142,,,,128.272640471937,35.7229508172584
MA010120220808975767,남대구I.C충전소,,G2,소매,G214,연료 소매,G21402,가스 충전소,G47712,운송장비용 가스 충전업,27,대구광역시,27290,달서구,27290568,장기동,2729010900,장동,2729010900100550003,1,대지,55,3,대구광역시 달서구 장동 55-3,272903147018,대구광역시 달서구 성서공단로,319,,2729010900100550003005881,,대구광역시 달서구 성서공단로 319,704944,42700,,,,128.517991491256,35.8369416817689
MA010120220808984799,한성에너지,,G2,소매,G214,연료 소매,G21402,가스 충전소,G47712,운송장비용 가스 충전업,27,대구광역시,27110,중구,27110517,동인동,2711010400,동인동4가,2711010400105410006,1,대지,541,6,대구광역시 중구 동인동4가 541-6,271104223076,대구광역시 중구 동덕로30길,151,12,2711010400105410006012329,,대구광역시 중구 동덕로30길 151-12,700847,41947,,,,128.612233116874,35.8662628375125
MA010120220809004252,대구개인택시운송사업조합제2충전소,,G2,소매,G214,연료 소매,G21402,가스 충전소,G47712,운송장비용 가스 충전업,27,대구광역시,27290,달서구,27290555,감삼동,2729011300,감삼동,2729011300104670004,1,대지,467,4,대구광역시 달서구 감삼동 467-4,272903143013,대구광역시 달서구 와룡로,159,,2729011300104670004008309,,대구광역시 달서구 와룡로 159,704905,42688,,,,128.53624449726,35.8468837287172
MA010120220808995920,싱글벙글LPG충전소,,G2,소매,G214,연료 소매,G21402,가스 충전소,G47712,운송장비용 가스 충전업,30,대전광역시,30170,서구,30170535,정림동,3017010400,정림동,3017010400103400000,1,대지,340,,대전광역시 서구 정림동 340,301704298091,대전광역시 서구 계백로1249번길,27,,3017010400103400000000001,,대전광역시 서구 계백로1249번길 27,302855,35341,,,,127.359692605048,36.3072705229282
MA010120220809017110,서대구IC충전소,,G2,소매,G214,연료 소매,G21402,가스 충전소,G47712,운송장비용 가스 충전업,27,대구광역시,27170,서구,27170675,상중이동,2717010600,이현동,2717010600100420420,1,대지,42,420,대구광역시 서구 이현동 42-420,271703143005,대구광역시 서구 북비산로,48,,2717010600100420034031860,,대구광역시 서구 북비산로 48,703830,41752,,,,128.538111217429,35.8781928898511
MA010120220809000540,한성엘피지,,G2,소매,G214,연료 소매,G21402,가스 충전소,G47712,운송장비용 가스 충전업,27,대구광역시,27290,달서구,27290602,월성2동,2729012000,월성동,2729012000108900000,1,대지,890,,대구광역시 달서구 월성동 890,272903147018,대구광역시 달서구 성서공단로,346,,2729012000108510005000001,,대구광역시 달서구 성서공단로 346,704402,42722,,,,128.520315226217,35.8363445723314
MA010120220809005209,대성산업구마충전소주,,G2,소매,G214,연료 소매,G21402,가스 충전소,G47712,운송장비용 가스 충전업,27,대구광역시,27290,달서구,27290590,본리동,2729011400,본리동,2729011400106570001,1,대지,657,1,대구광역시 달서구 본리동 657-1,272903147003,대구광역시 달서구 구마로,67,,2729011400106570001008161,,대구광역시 달서구 구마로 67,704914,42694,,,,128.535027048244,35.8376984981257
MA010120220809005409,지원네트웍스계명LPG충전소주,,G2,소매,G214,연료 소매,G21402,가스 충전소,G47712,운송장비용 가스 충전업,27,대구광역시,27290,달서구,27290577,이곡2동,2729010800,이곡동,2729010800110000261,1,대지,1000,261,대구광역시 달서구 이곡동 1000-261,272902007002,대구광역시 달서구 달구벌대로,1250,,2729010800110000259000001,,대구광역시 달서구 달구벌대로 1250,704938,42703,,,,128.504069995868,35.851634424234
MA010120220809017858,울진고속충전소,,G2,소매,G214,연료 소매,G21402,가스 충전소,G47712,운송장비용 가스 충전업,47,경상북도,47930,울진군,47930370,죽변면,4793037022,죽변면,4793037022109160000,1,대지,916,,경상북도 울진군 죽변면 후정리 916,479302000023,경상북도 울진군 죽변면 동해대로,5071,,4793037022109160000000001,외,경상북도 울진군 죽변면 동해대로 5071,767813,36314,,,,129.404331121058,37.0594975006286
MA010120220810376724,서일산업대광가스,,G2,소매,G214,연료 소매,G21402,가스 충전소,G47712,운송장비용 가스 충전업,47,경상북도,47150,김천시,47150575,대신동,4715011700,대광동,4715011700108690002,1,대지,869,2,경상북도 김천시 대광동 869-2,471503306037,경상북도 김천시 환경로,164,,4715011700108690002005901,,경상북도 김천시 환경로 164,740170,39558,,,,128.143288328243,36.133632168673
MA010120220810398860,삼랑진충전소,,G2,소매,G214,연료 소매,G21402,가스 충전소,G47712,운송장비용 가스 충전업,48,경상남도,48270,밀양시,48270250,삼랑진읍,4827025021,삼랑진읍,4827025021105960000,1,대지,596,,경상남도 밀양시 삼랑진읍 송지리 596,482703019035,경상남도 밀양시 삼랑진읍 삼랑진로,323,,4827025021105960000000001,,경상남도 밀양시 삼랑진읍 삼랑진로 323,627904,50467,,,,128.827239224916,35.3979793829786
MA010120220810396682,대원에너지동서LPG충전소,,G2,소매,G214,연료 소매,G21402,가스 충전소,G47712,운송장비용 가스 충전업,41,경기도,41370,오산시,41370560,초평동,4137011600,서동,4137011600102020004,1,대지,202,4,경기도 오산시 서동 202-4,413703198021,경기도 오산시 서동로,65,,4137011600102020004006868,,경기도 오산시 서동로 65,447200,18104,,,,127.038146633415,37.1458326501683
MA010120220810388500,백두서화가스,,G2,소매,G214,연료 소매,G21402,가스 충전소,G47712,운송장비용 가스 충전업,51,강원특별자치도,51810,인제군,51810320,북면,5181032024,북면,5181032024111090009,1,대지,1109,9,강원특별자치도 인제군 북면 용대리 1109-9,518103223023,강원특별자치도 인제군 북면 미시령로,969,,4281032024111090009000001,,강원특별자치도 인제군 북면 미시령로 969,252821,24606,,,,128.323229916111,38.194725942333
MA010120220810376157,우정LPG충전소,,G2,소매,G214,연료 소매,G21402,가스 충전소,G47712,운송장비용 가스 충전업,44,충청남도,44131,천안시 동남구,44131250,목천읍,4413125033,목천읍,4413125033100880009,1,대지,88,9,충청남도 천안시 동남구 목천읍 신계리 88-9,441312249001,충청남도 천안시 동남구 목천읍 남부대로,950,,4413125033100880009000001,,충청남도 천안시 동남구 목천읍 남부대로 950,330846,31233,,,,127.219906040648,36.7739906178975
MA010120220810386837,한성가스,,G2,소매,G214,연료 소매,G21402,가스 충전소,G47712,운송장비용 가스 충전업,46,전라남도,46820,해남군,46820250,해남읍,4682025036,해남읍,4682025036104230005,1,대지,423,5,전라남도 해남군 해남읍 구교리 423-5,468203294021,전라남도 해남군 해남읍 중앙1로,410,,4682025036104230005000001,,전라남도 해남군 해남읍 중앙1로 410,536803,59031,,,,126.5869343409,34.577322805235
MA010120220810368595,대양가스충전소,,G2,소매,G214,연료 소매,G21402,가스 충전소,G47712,운송장비용 가스 충전업,30,대전광역시,30110,동구,30110630,가양2동,3011011400,가양동,3011011400104220007,1,대지,422,7,대전광역시 동구 가양동 422-7,301103164009,대전광역시 동구 동대전로,312,,3011011400104220007005587,,대전광역시 동구 동대전로 312,300838,34533,,,,127.444112299058,36.3485039137334
MA010120220810444050,마산LPG충전소동방도시가스,,G2,소매,G214,연료 소매,G21402,가스 충전소,G47712,운송장비용 가스 충전업,48,경상남도,48127,창원시 마산회원구,48127590,합성2동,4812710600,합성동,4812710600103280003,1,대지,328,3,경상남도 창원시 마산회원구 합성동 328-3,481273019003,경상남도 창원시 마산회원구 팔용로,113,,4812710600103280003039048,마산LPG충전소,경상남도 창원시 마산회원구 팔용로 113,630818,51355,,,,128.588789022928,35.2395108136093
MA010120220810411990,에스케이지산LPG충전소,,G2,소매,G214,연료 소매,G21402,가스 충전소,G47712,운송장비용 가스 충전업,47,경상북도,47190,구미시,47190555,지산동,4719010200,지산동,4719010200105900002,1,대지,590,2,경상북도 구미시 지산동 590-2,471903018024,경상북도 구미시 야은로,523,,4719010200105900002034186,,경상북도 구미시 야은로 523,730160,39192,,,,128.338765357292,36.132597825333
MA010120220810436138,흥안LPG충전소,,G2,소매,G214,연료 소매,G21402,가스 충전소,G47712,운송장비용 가스 충전업,41,경기도,41480,파주시,41480256,법원읍,4148025622,법원읍,4148025622104020034,1,대지,402,34,경기도 파주시 법원읍 법원리 402-34,414803212038,경기도 파주시 법원읍 화합로,212,,4148025622104020036003324,,경기도 파주시 법원읍 화합로 212,413876,10826,,,,126.890043062611,37.8456264239193
MA010120220810406376,엘피가스산업,,G2,소매,G214,연료 소매,G21402,가스 충전소,G47712,운송장비용 가스 충전업,51,강원특별자치도,51810,인제군,51810320,북면,5181032024,북면,5181032024111090002,1,대지,1109,2,강원특별자치도 인제군 북면 용대리 1109-2,518103223023,강원특별자치도 인제군 북면 미시령로,967,,4281032024011090002014232,,강원특별자치도 인제군 북면 미시령로 967,252821,24606,,,,128.322943136587,38.194648098688
MA010120220810479848,야목역LPG충전소,,G2,소매,G214,연료 소매,G21402,가스 충전소,G47712,운송장비용 가스 충전업,41,경기도,41590,화성시,41590310,매송면,4159031025,매송면,4159031025108010000,1,대지,801,,경기도 화성시 매송면 야목리 801,415903210035,경기도 화성시 매송면 매송로,279,,4159031025108010000000001,,경기도 화성시 매송면 매송로 279,445831,18286,,,,126.886007293029,37.260226460133
MA010120220810452954,칠성에너지기업사,,G2,소매,G214,연료 소매,G21402,가스 충전소,G47712,운송장비용 가스 충전업,26,부산광역시,26530,사상구,26530645,감전동,2653010500,감전동,2653010500105070013,1,대지,507,13,부산광역시 사상구 감전동 507-13,265302006002,부산광역시 사상구 낙동대로,878,,2653010500105070013008322,,부산광역시 사상구 낙동대로 878,617805,47029,,,,128.97133481552,35.1388902422043
MA010120220810456639,케이엘페트로행담도,하행지점,G2,소매,G214,연료 소매,G21402,가스 충전소,G47712,운송장비용 가스 충전업,44,충청남도,44270,당진시,44270380,신평면,4427038032,신평면,4427038032105130000,1,대지,513,,충청남도 당진시 신평면 매산리 513,442701000007,충청남도 당진시 신평면 서해안고속도로,275,,4427038032105130000000001,,충청남도 당진시 신평면 서해안고속도로 275,343814,31750,,,,126.807130161086,36.9451478367377
MA010120220810509746,태종CNG,,G2,소매,G214,연료 소매,G21402,가스 충전소,G47712,운송장비용 가스 충전업,26,부산광역시,26200,영도구,26200660,동삼2동,2620012100,동삼동,2620012100109770008,1,대지,977,8,부산광역시 영도구 동삼동 977-8,262003006003,부산광역시 영도구 태종로,810,,2620012100102700057024601,,부산광역시 영도구 태종로 810,606804,49126,,,,129.080230369813,35.0643180683209
MA010120220810485907,아산LPG충전소,,G2,소매,G214,연료 소매,G21402,가스 충전소,G47712,운송장비용 가스 충전업,44,충청남도,44200,아산시,44200620,온양6동,4420011900,남동,4420011900101780015,1,대지,178,15,충청남도 아산시 남동 178-15,442003015033,충청남도 아산시 온천대로,1808,,4420011900101780015064579,,충청남도 아산시 온천대로 1808,336170,31476,,,,127.037065102033,36.7731968567544
MA010120220810513022,부산엘피지충전소,,G2,소매,G214,연료 소매,G21402,가스 충전소,G47712,운송장비용 가스 충전업,26,부산광역시,26380,사하구,26380580,장림1동,2638010500,장림동,2638010500111120000,1,대지,1112,,부산광역시 사하구 장림동 1112,263803134022,부산광역시 사하구 장림로,139,,2638010500111120000001262,,부산광역시 사하구 장림로 139,604842,49477,,,,128.96406561039,35.0828734260496
MA010120220810484116,단지충전소,,G2,소매,G214,연료 소매,G21402,가스 충전소,G47712,운송장비용 가스 충전업,47,경상북도,47111,포항시 남구,47111570,제철동,4711111000,동촌동,4711111000110110001,1,대지,1011,1,경상북도 포항시 남구 동촌동 1011-1,471113303005,경상북도 포항시 남구 대송로,290,,4711111000110110001123889,,경상북도 포항시 남구 대송로 290,790360,37863,,,,129.381565085624,36.0021991941392
MA010120220811917244,국도에너지,,G2,소매,G214,연료 소매,G21402,가스 충전소,G47712,운송장비용 가스 충전업,41,경기도,41570,김포시,41570253,고촌읍,4157025325,고촌읍,4157025325104330002,1,대지,433,2,경기도 김포시 고촌읍 전호리 433-2,415702209001,경기도 김포시 고촌읍 김포대로,70,,4157025325104330002000001,,경기도 김포시 고촌읍 김포대로 70,415816,10136,,,,126.79503765661,37.5863709519201
MA010120220811951525,성주LPG충전소,,G2,소매,G214,연료 소매,G21402,가스 충전소,G47712,운송장비용 가스 충전업,47,경상북도,47840,성주군,47840310,선남면,4784031041,선남면,4784031041102710007,1,대지,271,7,경상북도 성주군 선남면 신부리 271-7,478403311038,경상북도 성주군 선남면 성주로,3637,,4784031041102710007040388,,경상북도 성주군 선남면 성주로 3637,719834,40046,,,,128.329620900034,35.9113129549988
MA010120220811914011,늘푸른충전소,,G2,소매,G214,연료 소매,G21402,가스 충전소,G47712,운송장비용 가스 충전업,47,경상북도,47820,청도군,47820250,화양읍,4782025027,화양읍,4782025027103920009,1,대지,392,9,경상북도 청도군 화양읍 범곡리 392-9,478203319009,경상북도 청도군 화양읍 청려로,1894,,4782025027103920004016601,,경상북도 청도군 화양읍 청려로 1894,714904,38332,,,,128.725208726983,35.6496092041309
MA010120220811936344,창원산업진흥원가포수소충전소,,G2,소매,G214,연료 소매,G21402,가스 충전소,G47712,운송장비용 가스 충전업,48,경상남도,48125,창원시 마산합포구,48125520,가포동,4812510100,가포동,4812510100106670000,1,대지,667,,경상남도 창원시 마산합포구 가포동 667,481253350829,경상남도 창원시 마산합포구 가포신항남로,45,,4812510100106670000000001,,경상남도 창원시 마산합포구 가포신항남로 45,631320,51756,,,,128.577050657306,35.1613828278225
MA010120220811968886,구암충전소,,G2,소매,G214,연료 소매,G21402,가스 충전소,G47712,운송장비용 가스 충전업,48,경상남도,48250,김해시,48250250,진영읍,4825025027,진영읍,4825025027109770000,1,대지,977,,경상남도 김해시 진영읍 여래리 977,482503335027,경상남도 김해시 진영읍 본산로,60,,4825025027109770000000001,,경상남도 김해시 진영읍 본산로 60,621805,50863,,,,128.740604836125,35.3095815366518
MA010120220811956172,개인택시남부LPG충전소,,G2,소매,G214,연료 소매,G21402,가스 충전소,G47712,운송장비용 가스 충전업,26,부산광역시,26170,동구,26170680,범일5동,2617010300,좌천동,2617010300100680876,1,대지,68,876,부산광역시 동구 좌천동 68-876,261703127011,부산광역시 동구 성남로,42,,2617010300100680876005561,,부산광역시 동구 성남로 42,601842,48755,,,,129.054920421539,35.1306252675324
MA010120220811961403,서곡가스충전소,,G2,소매,G214,연료 소매,G21402,가스 충전소,G47712,운송장비용 가스 충전업,52,전북특별자치도,52111,전주시 완산구,52111730,효자5동,5211114200,효자동3가,5211114200108480003,1,대지,848,3,전북특별자치도 전주시 완산구 효자동3가 848-3,521113266051,전북특별자치도 전주시 완산구 온고을로,192,,4511114200108480003000683,,전북특별자치도 전주시 완산구 온고을로 192,560869,54884,,,,127.104341171364,35.8379138219224
MA010120220811974325,대영충전소,,G2,소매,G214,연료 소매,G21402,가스 충전소,G47712,운송장비용 가스 충전업,51,강원특별자치도,51170,동해시,51170630,망상동,5117013100,초구동,5117013100100610005,1,대지,61,5,강원특별자치도 동해시 초구동 61-5,511703221018,강원특별자치도 동해시 발한로,531,,4217013100000610005000719,,강원특별자치도 동해시 발한로 531,240080,25705,,,,129.09669964416,37.5748791656472
MA010120220812010736,월드컵LPG충전소,,G2,소매,G214,연료 소매,G21402,가스 충전소,G47712,운송장비용 가스 충전업,47,경상북도,47290,경산시,47290541,서부1동,4729010900,옥산동,4729010900105420001,1,대지,542,1,경상북도 경산시 옥산동 542-1,472903000224,경상북도 경산시 삼성현로,56,,4729010900105420005008759,,경상북도 경산시 삼성현로 56,712801,38691,,,,128.714234790142,35.8249122888377
MA010120220812016287,지오텍정선지점서동충전소,,G2,소매,G214,연료 소매,G21402,가스 충전소,G47712,운송장비용 가스 충전업,51,강원특별자치도,51770,정선군,51770250,정선읍,5177025023,정선읍,5177025023103410008,1,대지,341,8,강원특별자치도 정선군 정선읍 덕송리 341-8,517703219074,강원특별자치도 정선군 정선읍 서동로,1344,,4277025023103410005016349,,강원특별자치도 정선군 정선읍 서동로 1344,233809,26121,,,,128.673532518534,37.4053588507491
MA010120220812016310,복지강북충전소,,G2,소매,G214,연료 소매,G21402,가스 충전소,G47712,운송장비용 가스 충전업,11,서울특별시,11320,도봉구,11320512,창2동,1132010700,창동,1132010700106430002,1,대지,643,2,서울특별시 도봉구 창동 643-2,113203005039,서울특별시 도봉구 도봉로,430,,1132010700106430002016745,,서울특별시 도봉구 도봉로 430,132923,01461,,,,127.032734723087,37.6443788079239
MA010120220812005892,창원산업진흥원성주수소충전소,,G2,소매,G214,연료 소매,G21402,가스 충전소,G47712,운송장비용 가스 충전업,48,경상남도,48123,창원시 성산구,48123560,성주동,4812312800,성주동,4812312800101750000,1,대지,175,,경상남도 창원시 성산구 성주동 175,481233328041,경상남도 창원시 성산구 불모산로,43,,4812312800101750000000001,,경상남도 창원시 성산구 불모산로 43,642120,51541,,,,128.722630946971,35.1907622318097
MA010120220812068235,동두천엘피지,,G2,소매,G214,연료 소매,G21402,가스 충전소,G47712,운송장비용 가스 충전업,41,경기도,41250,동두천시,41250566,송내동,4125010100,송내동,4125010100104730004,1,대지,473,4,경기도 동두천시 송내동 473-4,412503189030,경기도 동두천시 강변로,36,,4125010100104730004000001,,경기도 동두천시 강변로 36,483010,11355,,,,127.056046438104,37.8756120244226
MA010120220812044586,갈현LPG충전소,,G2,소매,G214,연료 소매,G21402,가스 충전소,G47712,운송장비용 가스 충전업,28,인천광역시,28245,계양구,28245710,계양1동,2824511900,갈현동,2824511900100670003,1,대지,67,3,인천광역시 계양구 갈현동 67-3,282453000071,인천광역시 계양구 드림로,861,,2824511900100670002000001,,인천광역시 계양구 드림로 861,407430,21002,,,,126.729726428087,37.5754996622096
MA010120220814256269,비케이서비스산업,,G2,소매,G214,연료 소매,G21402,가스 충전소,G47712,운송장비용 가스 충전업,11,서울특별시,11470,양천구,11470600,신월5동,1147010300,신월동,1147010300100530001,1,대지,53,1,서울특별시 양천구 신월동 53-1,114702000003,서울특별시 양천구 남부순환로,311,,1147010300100530001000001,,서울특별시 양천구 남부순환로 311,158824,07904,,,,126.826735771586,37.5390023450785
MA010120220814243658,물금LPG충전소,,G2,소매,G214,연료 소매,G21402,가스 충전소,G47712,운송장비용 가스 충전업,48,경상남도,48330,양산시,48330253,물금읍,4833025322,물금읍,4833025322108450004,1,대지,845,4,경상남도 양산시 물금읍 증산리 845-4,483303338089,경상남도 양산시 물금읍 황산로,112,,4833025322108450004000001,,경상남도 양산시 물금읍 황산로 112,626812,50615,,,,129.005419311673,35.2937006032881
MA010120220814254012,가로수수소충전소,,G2,소매,G214,연료 소매,G21402,가스 충전소,G47712,운송장비용 가스 충전업,43,충청북도,43113,청주시 흥덕구,43113760,강서1동,4311313900,석소동,4311313900100370003,1,대지,37,3,충청북도 청주시 흥덕구 석소동 37-3,431133014012,충청북도 청주시 흥덕구 가로수로,793,,4311313900100370003000001,가로수수소충전소,충청북도 청주시 흥덕구 가로수로 793,361340,28369,,,,127.38692223878,36.6206712104757
MA010120220814279957,군산ICLPG충전소,,G2,소매,G214,연료 소매,G21402,가스 충전소,G47712,운송장비용 가스 충전업,52,전북특별자치도,52130,군산시,52130370,성산면,5213037023,성산면,5213037023101720006,1,대지,172,6,전북특별자치도 군산시 성산면 고봉리 172-6,521303016003,전북특별자치도 군산시 성산면 군익로,111,,4513037023001720006220410,,전북특별자치도 군산시 성산면 군익로 111,573841,54046,,,,126.788054356958,35.9826474169674
MA010120220814216051,광릉엘피지충전소,,G2,소매,G214,연료 소매,G21402,가스 충전소,G47712,운송장비용 가스 충전업,41,경기도,41650,포천시,41650320,내촌면,4165032023,내촌면,4165032023105980021,1,대지,598,21,경기도 포천시 내촌면 음현리 598-21,416503000121,경기도 포천시 내촌면 금강로,2113,,4165032023105980012000001,외,경기도 포천시 내촌면 금강로 2113,487835,11192,,,,127.226175065389,37.7677980366945
MA010120220814301174,유성충전소,,G2,소매,G214,연료 소매,G21402,가스 충전소,G47712,운송장비용 가스 충전업,30,대전광역시,30200,유성구,30200546,노은1동,3020011800,갑동,3020011800103980000,1,대지,398,,대전광역시 유성구 갑동 398,302003010030,대전광역시 유성구 현충원로,168,,3020011800103980000012133,,대전광역시 유성구 현충원로 168,305323,34150,,,,127.290487684917,36.3597541807696
MA010120220814236808,케이엘페트로고양덕이동지점,,G2,소매,G214,연료 소매,G21402,가스 충전소,G47712,운송장비용 가스 충전업,41,경기도,41287,고양시 일산서구,41287600,덕이동,4128710500,덕이동,4128710500111840006,1,대지,1184,6,경기도 고양시 일산서구 덕이동 1184-6,412873194012,경기도 고양시 일산서구 덕이로,300,,4128710500111840006017069,,경기도 고양시 일산서구 덕이로 300,411809,10227,,,,126.732724784054,37.7024368814763
MA010120220814287978,울진동해가스충전소,,G2,소매,G214,연료 소매,G21402,가스 충전소,G47712,운송장비용 가스 충전업,47,경상북도,47930,울진군,47930380,후포면,4793038022,후포면,4793038022105530003,1,대지,553,3,경상북도 울진군 후포면 삼율리 553-3,479303325035,경상북도 울진군 후포면 후포삼율로,188,,4793038022105530003013970,,경상북도 울진군 후포면 후포삼율로 188,767831,36370,,,,129.442101429275,36.6864226785045
MA010120220814197569,남구미충전소,,G2,소매,G214,연료 소매,G21402,가스 충전소,G47712,운송장비용 가스 충전업,47,경상북도,47190,구미시,47190660,임오동,4719011800,오태동,4719011800101550001,1,대지,155,1,경상북도 구미시 오태동 155-1,471903308009,경상북도 구미시 낙동강변로,73,,4719011800101550001045078,,경상북도 구미시 낙동강변로 73,730141,39354,,,,128.377389407169,36.0765956744269
MA010120220814217104,대원에너지,,G2,소매,G214,연료 소매,G21402,가스 충전소,G47712,운송장비용 가스 충전업,11,서울특별시,11305,강북구,11305595,번1동,1130510200,번동,1130510200104460031,1,대지,446,31,서울특별시 강북구 번동 446-31,113053005039,서울특별시 강북구 도봉로,318,,1130510200104460031017989,,서울특별시 강북구 도봉로 318,142867,01062,,,,127.024539862824,37.6362268861483
MA010120220814286905,청하가스충전소,,G2,소매,G214,연료 소매,G21402,가스 충전소,G47712,운송장비용 가스 충전업,47,경상북도,47113,포항시 북구,47113320,청하면,4711332023,청하면,4711332023101350009,1,대지,135,9,경상북도 포항시 북구 청하면 미남리 135-9,471132000023,경상북도 포항시 북구 청하면 동해대로,2394,,4711332023101350009008693,,경상북도 포항시 북구 청하면 동해대로 2394,791921,37516,,,,129.342254128271,36.1823332482807
MA010120220814195710,태현충전소최귀자,,G2,소매,G214,연료 소매,G21402,가스 충전소,G47712,운송장비용 가스 충전업,41,경기도,41550,안성시,41550350,대덕면,4155035024,대덕면,4155035024102360003,1,대지,236,3,경기도 안성시 대덕면 보동리 236-3,415502012011,경기도 안성시 대덕면 안성대로,1535,,4155035024102360000000001,,경기도 안성시 대덕면 안성대로 1535,456833,17541,,,,127.248201430571,37.051273449064
MA010120220814308298,비쓰리에너지,,G2,소매,G214,연료 소매,G21402,가스 충전소,G47712,운송장비용 가스 충전업,47,경상북도,47850,칠곡군,47850250,왜관읍,4785025028,왜관읍,4785025028101580000,1,대지,158,,경상북도 칠곡군 왜관읍 금남리 158,478502000012,경상북도 칠곡군 왜관읍 강변대로,610,,4785025028101580000016856,,경상북도 칠곡군 왜관읍 강변대로 610,718801,39912,,,,128.404380241937,35.9324410318932
MA010120220814243004,공항로충전소,,G2,소매,G214,연료 소매,G21402,가스 충전소,G47712,운송장비용 가스 충전업,11,서울특별시,11500,강서구,11500530,등촌2동,1150010200,등촌동,1150010200105340012,1,대지,534,12,서울특별시 강서구 등촌동 534-12,115002005007,서울특별시 강서구 공항대로,468,,1150010200102690008025460,,서울특별시 강서구 공항대로 468,157836,07664,,,,126.858627851223,37.5533436751251
MA010120220814266418,신창가스직영칠원충전소,,G2,소매,G214,연료 소매,G21402,가스 충전소,G47712,운송장비용 가스 충전업,48,경상남도,48730,함안군,48730253,칠원읍,4873025321,칠원읍,4873025321102100000,1,대지,210,,경상남도 함안군 칠원읍 구성리 210,487303340017,경상남도 함안군 칠원읍 삼칠로,15,,4873037021102100000043029,,경상남도 함안군 칠원읍 삼칠로 15,637921,52024,,,,128.528370029651,35.3008700701541
MA010120220814313736,중곡충전소,,G2,소매,G214,연료 소매,G21402,가스 충전소,G47712,운송장비용 가스 충전업,11,서울특별시,11215,광진구,11215740,중곡1동,1121510100,중곡동,1121510100106110007,1,대지,611,7,서울특별시 광진구 중곡동 611-7,112153000001,서울특별시 광진구 동일로,323,,1121510100106110007005180,,서울특별시 광진구 동일로 323,143912,04900,,,,127.073725695461,37.5600906908859
MA010120220814272885,완산IC충전소,,G2,소매,G214,연료 소매,G21402,가스 충전소,G47712,운송장비용 가스 충전업,52,전북특별자치도,52111,전주시 완산구,52111692,평화2동,5211113000,석구동,5211113000102310021,1,대지,231,21,전북특별자치도 전주시 완산구 석구동 231-21,521113266089,전북특별자치도 전주시 완산구 모악로,4483,,4511113000102310021000001,,전북특별자치도 전주시 완산구 모악로 4483,560285,55141,,,,127.122688915183,35.7708605835059
MA0101202209A0062564,대공원충전소,,G2,소매,G214,연료 소매,G21402,가스 충전소,G47712,운송장비용 가스 충전업,28,인천광역시,28200,남동구,28200650,장수서창동,2820010500,서창동,2820010500100020000,1,대지,2,,인천광역시 남동구 서창동 2,282002008004,인천광역시 남동구 인주대로,1072,,2820010500100020000016474,대공원에너지충전소,인천광역시 남동구 인주대로 1072,405870,21600,,,,126.756491029009,37.4456603924603
MA0101202209A0080217,한일에너지,,G2,소매,G214,연료 소매,G21402,가스 충전소,G47712,운송장비용 가스 충전업,28,인천광역시,28260,서구,28260580,가좌1동,2826011200,가좌동,2826011200105740007,1,대지,574,7,인천광역시 서구 가좌동 574-7,282603156005,인천광역시 서구 가정로,13,,2826011200105740007021580,,인천광역시 서구 가정로 13,404812,22839,,,,126.670144685622,37.4862305491331
MA010120220814375311,씨앤에스유통장암IC주유소,,G2,소매,G214,연료 소매,G21402,가스 충전소,G47712,운송장비용 가스 충전업,41,경기도,41150,의정부시,41150567,신곡1동,4115010400,신곡동,4115010400102660009,1,대지,266,9,경기도 의정부시 신곡동 266-9,411503181006,경기도 의정부시 금신로,30,,4115010400102660009019227,,경기도 의정부시 금신로 30,480830,11795,,,,127.063123436825,37.7240219093182
MA0101202209A0064868,대왕석유무역서울LPG충전소,,G2,소매,G214,연료 소매,G21402,가스 충전소,G47712,운송장비용 가스 충전업,43,충청북도,43770,음성군,43770340,대소면,4377034024,대소면,4377034024103810047,1,대지,381,47,충청북도 음성군 대소면 성본리 381-47,437703014058,충청북도 음성군 대소면 대금로,789,,4377034024103810027000001,,충청북도 음성군 대소면 대금로 789,369823,27663,,,,127.522836883975,36.9766374460011
MA010120220814347110,경산신천LPG충전소,,G2,소매,G214,연료 소매,G21402,가스 충전소,G47712,운송장비용 가스 충전업,47,경상북도,47290,경산시,47290560,동부동,4729012300,신천동,4729012300102000000,1,대지,200,,경상북도 경산시 신천동 200,472903313087,경상북도 경산시 원효로,426,,4729012300102000000000001,,경상북도 경산시 원효로 426,712200,38577,,,,128.781414579506,35.8112653276187
MA0101202209A0009776,남경LPG충전소,,G2,소매,G214,연료 소매,G21402,가스 충전소,G47712,운송장비용 가스 충전업,27,대구광역시,27230,북구,27230715,관문동,2723012900,금호동,2723012900102190000,1,대지,219,,대구광역시 북구 금호동 219,272303000051,대구광역시 북구 사수로,406,,2723012900102190000000001,,대구광역시 북구 사수로 406,702300,41491,,,,128.525194233443,35.8974980515009
MA010120220814366031,성림이앤에스,,G2,소매,G214,연료 소매,G21402,가스 충전소,G47712,운송장비용 가스 충전업,51,강원특별자치도,51130,원주시,51130590,단계동,5113011000,단계동,5113011000101990000,1,대지,199,,강원특별자치도 원주시 단계동 199,511303219073,강원특별자치도 원주시 북원로,2302,,4213011000101990000000001,,강원특별자치도 원주시 북원로 2302,220935,26419,,,,127.934256473414,37.3509033398623
MA0101202209A0016785,성림가스송탄충전소,,G2,소매,G214,연료 소매,G21402,가스 충전소,G47712,운송장비용 가스 충전업,41,경기도,41220,평택시,41220560,송북동,4122011100,독곡동,4122011100103920004,1,대지,392,4,경기도 평택시 독곡동 392-4,412203188104,경기도 평택시 탄현로,400,,4122011100103920004007119,,경기도 평택시 탄현로 400,459800,17755,,,,127.060566514022,37.0866954580894
MA0101202209A0055194,비행장충전소,,G2,소매,G214,연료 소매,G21402,가스 충전소,G47712,운송장비용 가스 충전업,41,경기도,41113,수원시 권선구,41113690,곡선동,4111313900,대황교동,4111313900102590006,1,대지,259,6,경기도 수원시 권선구 대황교동 259-6,411133012006,경기도 수원시 권선구 정조로,287,,4111313900102590006054652,,경기도 수원시 권선구 정조로 287,441410,16661,,,,127.018549365104,37.235681364544
MA0101202210A0084471,서천에너지산업,,G2,소매,G214,연료 소매,G21402,가스 충전소,G47712,운송장비용 가스 충전업,44,충청남도,44770,서천군,44770310,마서면,4477031033,마서면,4477031033105480000,1,대지,548,,충청남도 서천군 마서면 도삼리 548,447703000196,충청남도 서천군 마서면 금강로,1089,,4477031033105480000060127,,충청남도 서천군 마서면 금강로 1089,325813,33657,,,,126.731889253381,36.02254067111
MA0101202210A0088563,하나가스,,G2,소매,G214,연료 소매,G21402,가스 충전소,G47712,운송장비용 가스 충전업,50,제주특별자치도,50110,제주시,50110660,노형동,5011013900,해안동,5011013900108420000,1,대지,842,,제주특별자치도 제주시 해안동 842,501104849090,제주특별자치도 제주시 해안뱅디길,5,,5011013900108430003000001,,제주특별자치도 제주시 해안뱅디길 5,690802,63093,,,,126.461447131236,33.4686940800655
MA0101202210A0054781,칠곡LPG충전소/칠곡공인계량소,,G2,소매,G214,연료 소매,G21402,가스 충전소,G47712,운송장비용 가스 충전업,47,경상북도,47850,칠곡군,47850360,약목면,4785036030,약목면,4785036030100120001,1,대지,12,1,경상북도 칠곡군 약목면 남계리 12-1,478502000028,경상북도 칠곡군 약목면 칠곡대로,719,,4785036030100140001026650,,경상북도 칠곡군 약목면 칠곡대로 719,718811,39819,,,,128.370833502104,36.0320731522274
MA0101202210A0035969,알찬충전소,,G2,소매,G214,연료 소매,G21402,가스 충전소,G47712,운송장비용 가스 충전업,41,경기도,41570,김포시,41570253,고촌읍,4157025323,고촌읍,4157025323100010015,1,대지,1,15,경기도 김포시 고촌읍 태리 1-15,415704427104,경기도 김포시 고촌읍 김포대로451번길,10,,4157025323100010015000005,,경기도 김포시 고촌읍 김포대로451번길 10,415817,10128,,,,126.758024289933,37.6044017570521
MA0101202210A0016356,엔케이텍월곡,,G2,소매,G214,연료 소매,G21402,가스 충전소,G47712,운송장비용 가스 충전업,41,경기도,41220,평택시,41220620,비전1동,4122012500,월곡동,4122012500103780002,1,대지,378,2,경기도 평택시 월곡동 378-2,412204364609,경기도 평택시 월곡길,16,,4122012500103780002000001,,경기도 평택시 월곡길 16,450804,17876,,,,127.132082084743,37.0185071887596
MA0101202210A0026018,북삼LPG충전소,,G2,소매,G214,연료 소매,G21402,가스 충전소,G47712,운송장비용 가스 충전업,47,경상북도,47850,칠곡군,47850253,북삼읍,4785025321,북삼읍,4785025321104270001,1,대지,427,1,경상북도 칠곡군 북삼읍 율리 427-1,478502018004,경상북도 칠곡군 북삼읍 금오대로,158,,4785025321104270001000001,,경상북도 칠곡군 북삼읍 금오대로 158,718845,39814,,,,128.344643776766,36.059728647958
MA0101202210A0003578,정민가스,,G2,소매,G214,연료 소매,G21402,가스 충전소,G47712,운송장비용 가스 충전업,30,대전광역시,30230,대덕구,30230510,오정동,3023010100,오정동,3023010100104780004,1,대지,478,4,대전광역시 대덕구 오정동 478-4,302304304066,대전광역시 대덕구 대전로1020번길,47,,3023010100104780004004273,,대전광역시 대덕구 대전로1020번길 47,306819,34435,,,,127.419225198456,36.3484676500424
MA0101202211A0016533,성림에너지태원가스,,G2,소매,G214,연료 소매,G21402,가스 충전소,G47712,운송장비용 가스 충전업,41,경기도,41610,광주시,41610340,퇴촌면,4161034025,퇴촌면,4161034025101790002,1,대지,179,2,경기도 광주시 퇴촌면 도수리 179-2,416103211020,경기도 광주시 퇴촌면 정영로,414,,4161034025101790002003764,,경기도 광주시 퇴촌면 정영로 414,464982,12711,,,,127.334739517867,37.4709447708835
MA0101202211A0039465,서일김천지점,,G2,소매,G214,연료 소매,G21402,가스 충전소,G47712,운송장비용 가스 충전업,47,경상북도,47150,김천시,47150595,대곡동,4715011300,백옥동,4715011300101690001,1,대지,169,1,경상북도 김천시 백옥동 169-1,471502306002,경상북도 김천시 영남대로,1348,,4715011300101690001001341,,경상북도 김천시 영남대로 1348,740120,39639,,,,128.083606688946,36.1244724668717
MA0101202211A0086473,연동가스충전소,,G2,소매,G214,연료 소매,G21402,가스 충전소,G47712,운송장비용 가스 충전업,50,제주특별자치도,50110,제주시,50110650,연동,5011013700,연동,5011013700113950001,1,대지,1395,1,제주특별자치도 제주시 연동 1395-1,501103349013,제주특별자치도 제주시 과원로,60,,5011013700113950001004998,,제주특별자치도 제주시 과원로 60,690817,63141,,,,126.489556579893,33.4760618340645
MA0101202301A0015346,신천충전소,,G2,소매,G214,연료 소매,G21402,가스 충전소,G47712,운송장비용 가스 충전업,41,경기도,41390,시흥시,41390520,신천동,4139010200,신천동,4139010200105070001,1,대지,507,1,경기도 시흥시 신천동 507-1,413903000020,경기도 시흥시 서해안로,1385,,4139010200105070001000001,,경기도 시흥시 서해안로 1385,429888,14958,,,,126.773547141466,37.4333233866966
MA0101202301A0034505,실로암엘피지충전소,,G2,소매,G214,연료 소매,G21402,가스 충전소,G47712,운송장비용 가스 충전업,41,경기도,41570,김포시,41570253,고촌읍,4157025325,고촌읍,4157025325103370002,1,대지,337,2,경기도 김포시 고촌읍 전호리 337-2,415703000011,경기도 김포시 고촌읍 개화동로,245,,4157025325103370002000001,,경기도 김포시 고촌읍 개화동로 245,415816,10136,,,,126.800749091177,37.5886872688785
MA0101202301A0025058,오창에너지충전소,,G2,소매,G214,연료 소매,G21402,가스 충전소,G47712,운송장비용 가스 충전업,43,충청북도,43114,청주시 청원구,43114253,오창읍,4311425324,오창읍,4311425324100170001,1,대지,17,1,충청북도 청주시 청원구 오창읍 일신리 17-1,431143240095,충청북도 청주시 청원구 오창읍 중부로,1363,,4371025324100170001000001,,충청북도 청주시 청원구 오창읍 중부로 1363,363887,28128,,,,127.478472413388,36.7514428571308
MA0101202212A0092101,삼척엘피지충전소,,G2,소매,G214,연료 소매,G21402,가스 충전소,G47712,운송장비용 가스 충전업,51,강원특별자치도,51230,삼척시,51230570,성내동,5123011300,등봉동,5123011300100110002,1,대지,11,2,강원특별자치도 삼척시 등봉동 11-2,512303224022,강원특별자치도 삼척시 오십천로,91,,4223011300100110002000003,,강원특별자치도 삼척시 오십천로 91,245941,25907,,,,129.130822436137,37.4427989869334
MA0101202301A0000808,곤지암LPG충전소,,G2,소매,G214,연료 소매,G21402,가스 충전소,G47712,운송장비용 가스 충전업,41,경기도,41610,광주시,41610259,곤지암읍,4161025922,곤지암읍,4161025922104460001,1,대지,446,1,경기도 광주시 곤지암읍 수양리 446-1,416102012002,경기도 광주시 곤지암읍 경충대로,290,,4161025622104460001259711,,경기도 광주시 곤지암읍 경충대로 290,464941,12813,,,,127.370713589374,37.3363067058615
MA0101202301A0031596,새거제충전소,,G2,소매,G214,연료 소매,G21402,가스 충전소,G47712,운송장비용 가스 충전업,48,경상남도,48310,거제시,48310570,장평동,4831010800,장평동,4831010800108610030,1,대지,861,30,경상남도 거제시 장평동 861-30,483102006004,경상남도 거제시 거제대로,5050,,4831010800108610030000001,새거제가스충전소,경상남도 거제시 거제대로 5050,656928,53262,,,,128.587448189449,34.8947623582316
MA0101202212A0047496,서정엘피지충전소,,G2,소매,G214,연료 소매,G21402,가스 충전소,G47712,운송장비용 가스 충전업,30,대전광역시,30170,서구,30170535,정림동,3017010400,정림동,3017010400100080057,1,대지,8,57,대전광역시 서구 정림동 8-57,301703000095,대전광역시 서구 계백로,1332,,3017010400100080057015333,,대전광역시 서구 계백로 1332,302854,35403,,,,127.370157202107,36.3092932745728
MA0101202212A0092795,벽골제LPG충전소,,G2,소매,G214,연료 소매,G21402,가스 충전소,G47712,운송장비용 가스 충전업,52,전북특별자치도,52210,김제시,52210510,요촌동,5221010700,서암동,5221010700106110015,1,대지,611,15,전북특별자치도 김제시 서암동 611-15,522103016004,전북특별자치도 김제시 만경로,40,,4521010700106110015047853,,전북특별자치도 김제시 만경로 40,576807,54364,,,,126.872238012757,35.8104388406963
MA0101202212A0091022,오선가스충전소,,G2,소매,G214,연료 소매,G21402,가스 충전소,G47712,운송장비용 가스 충전업,43,충청북도,43770,음성군,43770253,금왕읍,4377025337,금왕읍,4377025337102600013,1,대지,260,13,충청북도 음성군 금왕읍 오선리 260-13,437703014058,충청북도 음성군 금왕읍 대금로,1193,,4377025337102600013217266,,충청북도 음성군 금왕읍 대금로 1193,369906,27643,,,,127.56576192028,36.9827751965655
MA0101202302A0061956,동천LPG충전소,,G2,소매,G214,연료 소매,G21402,가스 충전소,G47712,운송장비용 가스 충전업,47,경상북도,47130,경주시,47130630,동천동,4713012600,동천동,4713012600101430002,1,대지,143,2,경상북도 경주시 동천동 143-2,471303305039,경상북도 경주시 알천북로,419,,4713012600107330557011254,,경상북도 경주시 알천북로 419,780933,38101,,,,129.242781118924,35.8417716107332
MA0101202302A0004349,남원LPG충전소,,G2,소매,G214,연료 소매,G21402,가스 충전소,G47712,운송장비용 가스 충전업,52,전북특별자치도,52190,남원시,52190590,도통동,5219011700,월락동,5219011700104950008,1,대지,495,8,전북특별자치도 남원시 월락동 495-8,521903271044,전북특별자치도 남원시 충정로,261,,4519011700103370000301279,,전북특별자치도 남원시 충정로 261,590983,55726,,,,127.397275271436,35.4252543123967
MA0101202302A0008692,대전가스충전소,,G2,소매,G214,연료 소매,G21402,가스 충전소,G47712,운송장비용 가스 충전업,30,대전광역시,30170,서구,30170540,변동,3017010200,변동,3017010200100120007,1,대지,12,7,대전광역시 서구 변동 12-7,301703166016,대전광역시 서구 도산로,218,,3017010200100120007000936,,대전광역시 서구 도산로 218,302835,35317,,,,127.380901146958,36.3274273097961
MA0101202302A0046668,천안홍익LPG충전소,,G2,소매,G214,연료 소매,G21402,가스 충전소,G47712,운송장비용 가스 충전업,44,충청남도,44131,천안시 동남구,44131590,신안동,4413111800,신부동,4413111800101150008,1,대지,115,8,충청남도 천안시 동남구 신부동 115-8,441312249005,충청남도 천안시 동남구 천안대로,804,,4413111800101150008041516,,충청남도 천안시 동남구 천안대로 804,330991,31067,,,,127.164109575459,36.8201815691857
MA0101202302A0055837,불로충전소,,G2,소매,G214,연료 소매,G21402,가스 충전소,G47712,운송장비용 가스 충전업,28,인천광역시,28260,서구,28260690,불로대곡동,2826012100,불로동,2826012100100210016,1,대지,21,16,인천광역시 서구 불로동 21-16,282603156189,인천광역시 서구 불로로,10,,2826012100000210016000001,,인천광역시 서구 불로로 10,404270,22619,,,,126.67719254169,37.6113261345681
MA0101202302A0013107,남해LPG충전소,,G2,소매,G214,연료 소매,G21402,가스 충전소,G47712,운송장비용 가스 충전업,48,경상남도,48840,남해군,48840370,고현면,4884037023,고현면,4884037023107320004,1,대지,732,4,경상남도 남해군 고현면 도마리 732-4,488402343003,경상남도 남해군 고현면 남해대로,3249,,4884037023107320004052625,남해LPG충전소,경상남도 남해군 고현면 남해대로 3249,668883,52403,,,,127.891815898408,34.8760157587015
MA0101202302A0023598,증평LPG충전소,,G2,소매,G214,연료 소매,G21402,가스 충전소,G47712,운송장비용 가스 충전업,43,충청북도,43745,증평군,43745250,증평읍,4374525033,증평읍,4374525033102840001,1,대지,284,1,충청북도 증평군 증평읍 미암리 284-1,437452014003,충청북도 증평군 증평읍 충청대로,1925,,4374525033102840001005134,,충청북도 증평군 증평읍 충청대로 1925,368906,27916,,,,127.597692466968,36.7912010829969
MA0101202302A0038383,서제천LPG충전소,,G2,소매,G214,연료 소매,G21402,가스 충전소,G47712,운송장비용 가스 충전업,43,충청북도,43150,제천시,43150360,백운면,4315036029,백운면,4315036029200310008,2,산,31,8,충청북도 제천시 백운면 원월리 산31-8,431503238087,충청북도 제천시 백운면 북부로,215,,4315036029200310008000001,,충청북도 제천시 백운면 북부로 215,390883,27104,,,,128.006554172842,37.1245354740774
MA0101202302A0048883,샛뿔충전소,,G2,소매,G214,연료 소매,G21402,가스 충전소,G47712,운송장비용 가스 충전업,41,경기도,41273,안산시 단원구,41273565,신길동,4127310300,신길동,4127310300102160131,1,대지,216,131,경기도 안산시 단원구 신길동 216-131,412732190002,경기도 안산시 단원구 중앙대로,240,,4127310300102160131000001,샛뿔충전소,경기도 안산시 단원구 중앙대로 240,425838,15406,,,,126.769104186988,37.3347069538012
MA0101202302A0084130,미래로가스충전소SK,,G2,소매,G214,연료 소매,G21402,가스 충전소,G47712,운송장비용 가스 충전업,48,경상남도,48170,진주시,48170320,정촌면,4817032021,정촌면,4817032021115990003,1,대지,1599,3,경상남도 진주시 정촌면 화개리 1599-3,481702332003,경상남도 진주시 정촌면 진주대로,249,,4817032021115990003000001,,경상남도 진주시 정촌면 진주대로 249,660821,52845,,,,128.097339866631,35.1320776115341
MA0101202302A0054716,태광LPG충전소SK,,G2,소매,G214,연료 소매,G21402,가스 충전소,G47712,운송장비용 가스 충전업,46,전라남도,46150,순천시,46150635,도사동,4615012700,덕월동,4615012700103750000,1,대지,375,,전라남도 순천시 덕월동 375,461503283021,전라남도 순천시 우석로,17,,4615012700103750003073889,,전라남도 순천시 우석로 17,540944,57997,,,,127.490455644382,34.9301540946031
MA0101202302A0056115,신양산가스충전소,,G2,소매,G214,연료 소매,G21402,가스 충전소,G47712,운송장비용 가스 충전업,48,경상남도,48330,양산시,48330510,중앙동,4833010400,북부동,4833010400100040001,1,대지,4,1,경상남도 양산시 북부동 4-1,483303338022,경상남도 양산시 명곡로,155,,4833010400100040001006183,,경상남도 양산시 명곡로 155,626800,50643,,,,129.051364408488,35.3472596878566
MA0101202302A0077129,원당LPG충전소,,G2,소매,G214,연료 소매,G21402,가스 충전소,G47712,운송장비용 가스 충전업,41,경기도,41281,고양시 덕양구,41281520,원신동,4128110200,원당동,4128110200102340001,1,대지,234,1,경기도 고양시 덕양구 원당동 234-1,412813000136,경기도 고양시 덕양구 호국로,989,,4128110200102340001008766,원당LPG충전소,경기도 고양시 덕양구 호국로 989,412030,10292,,,,126.850108579907,37.6706328211291
MA0101202302A0047018,제천중앙LPG충전소,,G2,소매,G214,연료 소매,G21402,가스 충전소,G47712,운송장비용 가스 충전업,43,충청북도,43150,제천시,43150510,교동,4315011600,장락동,4315011600107020019,1,대지,702,19,충청북도 제천시 장락동 702-19,431503239010,충청북도 제천시 내토로,728,,4315011600107020019037678,,충청북도 제천시 내토로 728,390894,27177,,,,128.222977702828,37.1418448029266
MA0101202302A0047044,중동LPG충전소,,G2,소매,G214,연료 소매,G21402,가스 충전소,G47712,운송장비용 가스 충전업,41,경기도,41196,부천시 오정구,41196560,오정동,4119610600,대장동,4119610600106850012,1,대지,685,12,경기도 부천시 오정구 대장동 685-12,411963155044,경기도 부천시 오정구 벌말로,62,,4119910600106850012036331,중동충전소,경기도 부천시 오정구 벌말로 62,421170,14400,,,,126.762846466483,37.537251505533
MA0101202302A0057187,판교충전소,,G2,소매,G214,연료 소매,G21402,가스 충전소,G47712,운송장비용 가스 충전업,41,경기도,41131,성남시 수정구,41131650,시흥동,4113111500,시흥동,4113111500102420015,1,대지,242,15,경기도 성남시 수정구 시흥동 242-15,411313180005,경기도 성남시 수정구 대왕판교로,860,,4113111500102420015019112,,경기도 성남시 수정구 대왕판교로 860,461370,13448,,,,127.102312384447,37.4171966224401
MA0101202302A0079596,제이에너지,,G2,소매,G214,연료 소매,G21402,가스 충전소,G47712,운송장비용 가스 충전업,50,제주특별자치도,50110,제주시,50110660,노형동,5011013900,해안동,5011013900108420000,1,대지,842,,제주특별자치도 제주시 해안동 842,501104849090,제주특별자치도 제주시 해안뱅디길,5,,5011013900108430003000001,,제주특별자치도 제주시 해안뱅디길 5,690802,63093,,,,126.461447131236,33.4686940800655
MA0101202302A0002898,덕진LPG충전소,,G2,소매,G214,연료 소매,G21402,가스 충전소,G47712,운송장비용 가스 충전업,52,전북특별자치도,52113,전주시 덕진구,52113642,송천2동,5211312200,송천동2가,5211312200106640009,1,대지,664,9,전북특별자치도 전주시 덕진구 송천동2가 664-9,521132266002,전북특별자치도 전주시 덕진구 동부대로,1230,,4511312200106640009032625,,전북특별자치도 전주시 덕진구 동부대로 1230,561822,54816,,,,127.111702802627,35.8703343666759
MA0101202302A0007418,충주LPG충전소,,G2,소매,G214,연료 소매,G21402,가스 충전소,G47712,운송장비용 가스 충전업,43,충청북도,43130,충주시,43130625,칠금.금릉동,4313012800,금릉동,4313012800101890004,1,대지,189,4,충청북도 충주시 금릉동 189-4,431304515437,충청북도 충주시 팽고리산길,21,,4313012800101860006000001,,충청북도 충주시 팽고리산길 21,380230,27336,,,,127.920495058034,36.9979359118775
MA0101202302A0013524,수원경수LPG충전소,,G2,소매,G214,연료 소매,G21402,가스 충전소,G47712,운송장비용 가스 충전업,41,경기도,41113,수원시 권선구,41113690,곡선동,4111313900,대황교동,4111313900102510000,1,대지,251,,경기도 수원시 권선구 대황교동 251,411133012006,경기도 수원시 권선구 정조로,296,,4111313900102510000054460,,경기도 수원시 권선구 정조로 296,441410,16661,,,,127.01883128733,37.2364381990444
MA0101202302A0015287,경북개인택시운송사업조합경주분소,,G2,소매,G214,연료 소매,G21402,가스 충전소,G47712,운송장비용 가스 충전업,47,경상북도,47130,경주시,47130550,성건동,4713014400,석장동,4713014400112050007,1,대지,1205,7,경상북도 경주시 석장동 1205-7,471304715509,경상북도 경주시 부엉길,9,5,4713014400112050007004150,,경상북도 경주시 부엉길 9-5,780180,38067,,,,129.197260151644,35.8491906029206
MA0101202302A0039057,아산오렌지충전소,,G2,소매,G214,연료 소매,G21402,가스 충전소,G47712,운송장비용 가스 충전업,44,충청남도,44200,아산시,44200250,염치읍,4420025023,염치읍,4420025023100050008,1,대지,5,8,충청남도 아산시 염치읍 서원리 5-8,442003253052,충청남도 아산시 염치읍 아산로,809,,4420025023100050008008544,,충청남도 아산시 염치읍 아산로 809,336811,31441,,,,126.963247439866,36.8458265248648
MA0101202302A0045251,영천오렌지충전소,,G2,소매,G214,연료 소매,G21402,가스 충전소,G47712,운송장비용 가스 충전업,47,경상북도,47230,영천시,47230510,동부동,4723010200,망정동,4723010200101700007,1,대지,170,7,경상북도 영천시 망정동 170-7,472303018037,경상북도 영천시 호국로,108,,4723010200101720000002135,,경상북도 영천시 호국로 108,770110,38864,,,,128.949212503337,35.9751093822282
MA0101202302A0032924,한성에너지,,G2,소매,G214,연료 소매,G21402,가스 충전소,G47712,운송장비용 가스 충전업,28,인천광역시,28200,남동구,28200551,간석4동,2820010200,간석동,2820010200106170008,1,대지,617,8,인천광역시 남동구 간석동 617-8,282003151030,인천광역시 남동구 석정로,495,,2820010200106170008000303,,인천광역시 남동구 석정로 495,405810,21502,,,,126.690669491917,37.4663287802103
MA0101202302A0024315,함양LPG충전소,,G2,소매,G214,연료 소매,G21402,가스 충전소,G47712,운송장비용 가스 충전업,48,경상남도,48870,함양군,48870250,함양읍,4887025026,함양읍,4887025026108540002,1,대지,854,2,경상남도 함양군 함양읍 신관리 854-2,488703329003,경상남도 함양군 함양읍 고운로,208,,4887025026108540002010720,,경상남도 함양군 함양읍 고운로 208,676804,50024,,,,127.743845350881,35.5218211898628
MA0101202302A0007702,오곡동LPG충전소,,G2,소매,G214,연료 소매,G21402,가스 충전소,G47712,운송장비용 가스 충전업,11,서울특별시,11500,강서구,11500620,공항동,1150011200,오곡동,1150011200106990014,1,대지,699,14,서울특별시 강서구 오곡동 699-14,115003155044,서울특별시 강서구 벌말로,271,,1150011200106990014000003,,서울특별시 강서구 벌말로 271,157818,07505,,,,126.768185926775,37.5558496775608
MA0101202302A0061804,에스케이공단LPG충전소,,G2,소매,G214,연료 소매,G21402,가스 충전소,G47712,운송장비용 가스 충전업,43,충청북도,43130,충주시,43130640,목행.용탄동,4313011900,목행동,4313011900100270001,1,대지,27,1,충청북도 충주시 목행동 27-1,431302238002,충청북도 충주시 국원대로,366,,4313011900100270001020900,,충청북도 충주시 국원대로 366,380240,27329,,,,127.930248667222,37.0036896568072
MA0101202302A0009795,대덕충전소,,G2,소매,G214,연료 소매,G21402,가스 충전소,G47712,운송장비용 가스 충전업,30,대전광역시,30230,대덕구,30230520,대화동,3023010200,대화동,3023010200105490016,1,대지,549,16,대전광역시 대덕구 대화동 549-16,302304304085,대전광역시 대덕구 대전로1331번길,460,,3023010200105490016005366,,대전광역시 대덕구 대전로1331번길 460,306800,34367,,,,127.399890255465,36.3645387564469
MA0101202302A0033324,충주충전소,,G2,소매,G214,연료 소매,G21402,가스 충전소,G47712,운송장비용 가스 충전업,43,충청북도,43130,충주시,43130605,달천동,4313010900,단월동,4313010900102340002,1,대지,234,2,충청북도 충주시 단월동 234-2,431302246001,충청북도 충주시 중원대로,3123,,4313010900102340002009018,,충청북도 충주시 중원대로 3123,380190,27478,,,,127.914943326309,36.9508446917005
MA0101202302A0035453,영월LPG충전소,,G2,소매,G214,연료 소매,G21402,가스 충전소,G47712,운송장비용 가스 충전업,51,강원특별자치도,51750,영월군,51750330,북면,5175033022,북면,5175033022115880003,1,대지,1588,3,강원특별자치도 영월군 북면 문곡리 1588-3,517503227017,강원특별자치도 영월군 북면 영월로,1172,,4275033022115860003002544,,강원특별자치도 영월군 북면 영월로 1172,230874,26210,,,,128.415811215555,37.2110647160362
MA0101202302A0077550,영천LPG충전소,,G2,소매,G214,연료 소매,G21402,가스 충전소,G47712,운송장비용 가스 충전업,47,경상북도,47230,영천시,47230330,화산면,4723033032,화산면,4723033032100430001,1,대지,43,1,경상북도 영천시 화산면 당곡리 43-1,472303309054,경상북도 영천시 화산면 장수로,770,16,4723033032100430001018830,,경상북도 영천시 화산면 장수로 770-16,770851,38807,,,,128.873372857889,36.0152717130906
MA0101202302A0078256,수원해월LPG충전소,,G2,소매,G214,연료 소매,G21402,가스 충전소,G47712,운송장비용 가스 충전업,41,경기도,41117,수원시 영통구,41117550,원천동,4111710200,원천동,4111710200102940001,1,대지,294,1,경기도 수원시 영통구 원천동 294-1,411173177009,경기도 수원시 영통구 삼성로,319,,4111710200102940001000004,,경기도 수원시 영통구 삼성로 319,443822,16520,,,,127.068174852348,37.2679205644271
MA0101202301A0059641,대성에너지,,G2,소매,G214,연료 소매,G21402,가스 충전소,G47712,운송장비용 가스 충전업,41,경기도,41820,가평군,41820325,청평면,4182032524,청평면,4182032524106210004,1,대지,621,4,경기도 가평군 청평면 대성리 621-4,418203000120,경기도 가평군 청평면 경춘로,30,,4182032524106210004001354,,경기도 가평군 청평면 경춘로 30,477812,12457,,,,127.377272439783,37.6784316714265
MA0101202302A0039615,법원충전소,,G2,소매,G214,연료 소매,G21402,가스 충전소,G47712,운송장비용 가스 충전업,43,충청북도,43112,청주시 서원구,43112550,산남동,4311210400,산남동,4311210400103340010,1,대지,334,10,충청북도 청주시 서원구 산남동 334-10,431123237013,충청북도 청주시 서원구 구룡산로,225,,4311310600103340010024820,법원충전소,충청북도 청주시 서원구 구룡산로 225,362160,28640,,,,127.470221816391,36.615820887451
MA0101202302A0069947,제이엔케이히터안성맞춤휴게소제천,,G2,소매,G214,연료 소매,G21402,가스 충전소,G47712,운송장비용 가스 충전업,41,경기도,41550,안성시,41550330,서운면,4155033029,서운면,4155033029100510011,1,대지,51,11,경기도 안성시 서운면 신능리 51-11,415501000019,경기도 안성시 서운면 평택제천고속도로,40,,4155033029101110023000001,안성맞춤휴게소-제천방향,경기도 안성시 서운면 평택제천고속도로 40,456853,17606,,,,127.274321072704,36.9681004894533
MA0101202301A0079366,지성에너지반포,,G2,소매,G214,연료 소매,G21402,가스 충전소,G47712,운송장비용 가스 충전업,44,충청남도,44150,공주시,44150340,반포면,4415034029,반포면,4415034029103190002,1,대지,319,2,충청남도 공주시 반포면 봉곡리 319-2,441503251008,충청남도 공주시 반포면 금벽로,1749,,4415034029103190002013429,원더우먼충전소,충청남도 공주시 반포면 금벽로 1749,314923,32621,,,,127.238335058241,36.40052155329
MA0101202302A0039808,조치원LPG충전소,,G2,소매,G214,연료 소매,G21402,가스 충전소,G47712,운송장비용 가스 충전업,36,세종특별자치시,36110,세종특별자치시,36110250,조치원읍,3611025032,조치원읍,3611025032102090007,1,대지,209,7,세종특별자치시 세종특별자치시 조치원읍 신안리 209-7,361103000189,세종특별자치시 세종특별자치시 조치원읍 세종로,2738,,4473025032102090007033748,,세종특별자치시 세종특별자치시 조치원읍 세종로 2738,339886,30016,,,,127.28905208944,36.6305098732827
MA0101202302A0048343,원당오렌지충전소,,G2,소매,G214,연료 소매,G21402,가스 충전소,G47712,운송장비용 가스 충전업,41,경기도,41281,고양시 덕양구,41281520,원신동,4128110200,원당동,4128110200102440001,1,대지,244,1,경기도 고양시 덕양구 원당동 244-1,412813000136,경기도 고양시 덕양구 호국로,996,,4128110200102330005028034,,경기도 고양시 덕양구 호국로 996,412030,10292,,,,126.851445579508,37.6708867868177
MA0101202302A0066604,제이엔케이히터청주휴게소서울,,G2,소매,G214,연료 소매,G21402,가스 충전소,G47712,운송장비용 가스 충전업,43,충청북도,43113,청주시 흥덕구,43113320,옥산면,4311332031,옥산면,4311332031102840016,1,대지,284,16,충청북도 청주시 흥덕구 옥산면 장남리 284-16,431131000001,충청북도 청주시 흥덕구 옥산면 경부고속도로,318,,4371041031102840016000001,케이동청주휴게소,충청북도 청주시 흥덕구 옥산면 경부고속도로 318,361912,28100,,,,127.349254933111,36.7161449265204
MA0101202302A0071531,수원충전소,,G2,소매,G214,연료 소매,G21402,가스 충전소,G47712,운송장비용 가스 충전업,41,경기도,41111,수원시 장안구,41111591,송죽동,4111113500,송죽동,4111113500102020001,1,대지,202,1,경기도 수원시 장안구 송죽동 202-1,411114322040,경기도 수원시 장안구 경수대로976번길,13,,4111113500102020001046047,,경기도 수원시 장안구 경수대로976번길 13,440800,16298,,,,127.004297583809,37.3053512430591
MA0101202302A0073177,에스케이서해에너지,,G2,소매,G214,연료 소매,G21402,가스 충전소,G47712,운송장비용 가스 충전업,44,충청남도,44180,보령시,44180535,대천3동,4418010400,동대동,4418010400102900001,1,대지,290,1,충청남도 보령시 동대동 290-1,441803252046,충청남도 보령시 대청로,177,,4418010400102900001019770,LP,충청남도 보령시 대청로 177,355935,33430,,,,126.612004260259,36.3566746861999
MA0101202302A0074073,마북LPG충전소,,G2,소매,G214,연료 소매,G21402,가스 충전소,G47712,운송장비용 가스 충전업,41,경기도,41463,용인시 기흥구,41463570,마북동,4146311300,마북동,4146311300104160006,1,대지,416,6,경기도 용인시 기흥구 마북동 416-6,414632012011,경기도 용인시 기흥구 용구대로,2294,,4146311300104160006023750,마북LPG충전소,경기도 용인시 기흥구 용구대로 2294,446510,16920,,,,127.110431117112,37.2915680035423
MA0101202302A0016387,민속촌LPG충전소,,G2,소매,G214,연료 소매,G21402,가스 충전소,G47712,운송장비용 가스 충전업,41,경기도,41463,용인시 기흥구,41463535,보라동,4146310600,지곡동,4146310600106070004,1,대지,607,4,경기도 용인시 기흥구 지곡동 607-4,414633204034,경기도 용인시 기흥구 사은로,178,,4146310600105830002226306,,경기도 용인시 기흥구 사은로 178,446904,17088,,,,127.125290605937,37.2548358194715
MA0101202302A0006660,신길LPG충전소,,G2,소매,G214,연료 소매,G21402,가스 충전소,G47712,운송장비용 가스 충전업,41,경기도,41273,안산시 단원구,41273565,신길동,4127310300,신길동,4127310300102160269,1,대지,216,269,경기도 안산시 단원구 신길동 216-269,412732190002,경기도 안산시 단원구 중앙대로,179,,4127310300102160269000001,,경기도 안산시 단원구 중앙대로 179,425838,15397,,,,126.761195073785,37.3343758942549
MA0101202302A0014509,에이치엔충전소,,G2,소매,G214,연료 소매,G21402,가스 충전소,G47712,운송장비용 가스 충전업,41,경기도,41820,가평군,41820325,청평면,4182032524,청평면,4182032524100560001,1,대지,56,1,경기도 가평군 청평면 대성리 56-1,418203000120,경기도 가평군 청평면 경춘로,524,,4182032524100560001001948,청평그린충전소,경기도 가평군 청평면 경춘로 524,477812,12457,,,,127.401925632604,37.717884802587
MA0101202303A0055946,덕포충전소,,G2,소매,G214,연료 소매,G21402,가스 충전소,G47712,운송장비용 가스 충전업,48,경상남도,48310,거제시,48310560,옥포2동,4831010700,덕포동,4831010700102870000,1,대지,287,,경상남도 거제시 덕포동 287,483103337030,경상남도 거제시 옥포대첩로,338,,4831010700102870000000001,,경상남도 거제시 옥포대첩로 338,656132,53213,,,,128.706134654539,34.9117289925188
MA0101202303A0032290,한라에너지-제주공항LPG충전소,,G2,소매,G214,연료 소매,G21402,가스 충전소,G47712,운송장비용 가스 충전업,50,제주특별자치도,50110,제주시,50110690,도두동,5011012700,도두일동,5011012700123150000,1,대지,2315,,제주특별자치도 제주시 도두일동 2315,501103349236,제주특별자치도 제주시 일주서로,7709,,5011012700123150000065402,,제주특별자치도 제주시 일주서로 7709,690241,63116,,,,126.470059110935,33.4942282149321
MA0101202303A0048419,21세기가스충전소,,G2,소매,G214,연료 소매,G21402,가스 충전소,G47712,운송장비용 가스 충전업,46,전라남도,46110,목포시,46110645,삼학동,4611010200,산정동,4611010200114170005,1,대지,1417,5,전라남도 목포시 산정동 1417-5,461103281037,전라남도 목포시 삼학로,233,,4611010200114170005008477,세기가스충전소,전라남도 목포시 삼학로 233,530817,58737,,,,126.406649730284,34.7918640498041
MA0101202302A0094611,거창LPG충전소,,G2,소매,G214,연료 소매,G21402,가스 충전소,G47712,운송장비용 가스 충전업,48,경상남도,48880,거창군,48880250,거창읍,4888025026,거창읍,4888025026102200001,1,대지,220,1,경상남도 거창군 거창읍 송정리 220-1,488803347013,경상남도 거창군 거창읍 강남로,80,,4888025026102200001022773,,경상남도 거창군 거창읍 강남로 80,670802,50143,,,,127.906337458641,35.6826294683376
MA0101202302A0090719,맘모스충전소,,G2,소매,G214,연료 소매,G21402,가스 충전소,G47712,운송장비용 가스 충전업,30,대전광역시,30140,중구,30140560,중촌동,3014010400,중촌동,3014010400104130043,1,대지,413,43,대전광역시 중구 중촌동 413-43,301403165007,대전광역시 중구 대전천서로,767,,3014010400104130043022644,,대전광역시 중구 대전천서로 767,301841,34800,,,,127.405933463764,36.3481530711172
MA0101202302A0108859,고속가스충전소,,G2,소매,G214,연료 소매,G21402,가스 충전소,G47712,운송장비용 가스 충전업,30,대전광역시,30110,동구,30110665,성남동,3011011600,성남동,3011011600105020004,1,대지,502,4,대전광역시 동구 성남동 502-4,301102010003,대전광역시 동구 동서대로,1660,,3011011600105020004006179,,대전광역시 동구 동서대로 1660,300817,34572,,,,127.434495116953,36.3479084473052
MA0101202302A0111031,북청주LPG충전소,,G2,소매,G214,연료 소매,G21402,가스 충전소,G47712,운송장비용 가스 충전업,43,충청북도,43114,청주시 청원구,43114540,율량.사천동,4311410400,사천동,4311410400100220002,1,대지,22,2,충청북도 청주시 청원구 사천동 22-2,431143236064,충청북도 청주시 청원구 공항로,149,1,4311111600100220002051660,,충청북도 청주시 청원구 공항로 149-1,363220,28338,,,,127.483817905228,36.6699692680256
MA0101202303A0093254,앵남LPG충전소,,G2,소매,G214,연료 소매,G21402,가스 충전소,G47712,운송장비용 가스 충전업,46,전라남도,46790,화순군,46790250,화순읍,4679025043,화순읍,4679025043103990001,1,대지,399,1,전라남도 화순군 화순읍 앵남리 399-1,467903291031,전라남도 화순군 화순읍 지강로,780,,4679025043103990001000001,,전라남도 화순군 화순읍 지강로 780,519961,58108,,,,126.911916876416,35.0607580747859
MA0101202302A0086560,순천가스충전소SK,,G2,소매,G214,연료 소매,G21402,가스 충전소,G47712,운송장비용 가스 충전업,46,전라남도,46150,순천시,46150570,덕연동,4615011300,덕암동,4615011300101550000,1,대지,155,,전라남도 순천시 덕암동 155,461503283029,전라남도 순천시 팔마로,223,,4615011300101550000011537,,전라남도 순천시 팔마로 223,540120,57964,,,,127.510261279425,34.9400147615059
MA0101202302A0088685,울산LPG충전소,,G2,소매,G214,연료 소매,G21402,가스 충전소,G47712,운송장비용 가스 충전업,31,울산광역시,31140,남구,31140670,야음장생포동,3114010700,여천동,3114010700109150001,1,대지,915,1,울산광역시 남구 여천동 915-1,311403011008,울산광역시 남구 장생포로,5,,3114010700109010019026011,,울산광역시 남구 장생포로 5,680090,44781,,,,129.344093320243,35.5203287676521
MA0101202302A0113528,국제에너지,,G2,소매,G214,연료 소매,G21402,가스 충전소,G47712,운송장비용 가스 충전업,48,경상남도,48125,창원시 마산합포구,48125340,진전면,4812534030,진전면,4812534030106590007,1,대지,659,7,경상남도 창원시 마산합포구 진전면 오서리 659-7,481252328001,경상남도 창원시 마산합포구 진전면 남해안대로,4480,,4812534030106590007000001,,경상남도 창원시 마산합포구 진전면 남해안대로 4480,631833,51797,,,,128.414055395046,35.0998468179004
MA0101202302A0099490,에스케이보령충전소,,G2,소매,G214,연료 소매,G21402,가스 충전소,G47712,운송장비용 가스 충전업,44,충청남도,44180,보령시,44180535,대천3동,4418010300,화산동,4418010300107050008,1,대지,705,8,충청남도 보령시 화산동 705-8,441803252046,충청남도 보령시 대청로,224,,4418010300107050008020358,가스충전소,충청남도 보령시 대청로 224,355130,33429,,,,126.617386395307,36.3587647412525
MA0101202303A0059176,만재LPG충전소,,G2,소매,G214,연료 소매,G21402,가스 충전소,G47712,운송장비용 가스 충전업,46,전라남도,46710,담양군,46710250,담양읍,4671025025,담양읍,4671025025104120003,1,대지,412,3,전라남도 담양군 담양읍 백동리 412-3,467102286001,전라남도 담양군 담양읍 죽향대로,1110,,4671025025104120003000001,,전라남도 담양군 담양읍 죽향대로 1110,517806,57349,,,,126.981231101399,35.3048307993974
MA0101202303A0061144,이엔아이아주LPG충전소,,G2,소매,G214,연료 소매,G21402,가스 충전소,G47712,운송장비용 가스 충전업,27,대구광역시,27140,동구,27140620,불로.봉무동,2714010600,불로동,2714010600109550022,1,대지,955,22,대구광역시 동구 불로동 955-22,271403007002,대구광역시 동구 공항로,149,,2714010600109550022018725,,대구광역시 동구 공항로 149,701807,41039,,,,128.63090491561,35.9011280257704
MA0101202303A0088150,청호LPG삼호충전소,,G2,소매,G214,연료 소매,G21402,가스 충전소,G47712,운송장비용 가스 충전업,46,전라남도,46830,영암군,46830253,삼호읍,4683025329,삼호읍,4683025329109320006,1,대지,932,6,전라남도 영암군 삼호읍 용당리 932-6,468303295024,전라남도 영암군 삼호읍 대불로,192,,4683025329109320006000001,가스충전소,전라남도 영암군 삼호읍 대불로 192,526896,58450,,,,126.387026833201,34.7473909098597
MA0101202302A0087042,남상주충전소,,G2,소매,G214,연료 소매,G21402,가스 충전소,G47712,운송장비용 가스 충전업,47,경상북도,47250,상주시,47250570,신흥동,4725011300,가장동,4725011300100720000,1,대지,72,,경상북도 상주시 가장동 72,472502018003,경상북도 상주시 경상대로,2683,,4725011300100720000079989,,경상북도 상주시 경상대로 2683,742170,37223,,,,128.150239690464,36.3876418727593
MA0101202302A0089224,울산두왕LPG충전소,,G2,소매,G214,연료 소매,G21402,가스 충전소,G47712,운송장비용 가스 충전업,31,울산광역시,31140,남구,31140600,옥동,3114010300,두왕동,3114010300100710012,1,대지,71,12,울산광역시 남구 두왕동 71-12,311403170017,울산광역시 남구 두왕로,61,,3114010300100710012016535,,울산광역시 남구 두왕로 61,680843,44776,,,,129.308349192753,35.5087459302868
MA0101202302A0095656,검단신도시충전소,,G2,소매,G214,연료 소매,G21402,가스 충전소,G47712,운송장비용 가스 충전업,28,인천광역시,28260,서구,28260720,오류왕길동,2826012000,왕길동,2826012000102090001,1,대지,209,1,인천광역시 서구 왕길동 209-1,282602156002,인천광역시 서구 원당대로,556,,2826012000102090001000001,,인천광역시 서구 원당대로 556,404290,22674,,,,126.66320742249,37.5932583118462
MA0101202303A0012446,계양에너지,,G2,소매,G214,연료 소매,G21402,가스 충전소,G47712,운송장비용 가스 충전업,28,인천광역시,28245,계양구,28245730,계양3동,2824511000,동양동,2824511000100530002,1,대지,53,2,인천광역시 계양구 동양동 53-2,282453155044,인천광역시 계양구 벌말로,342,,2824511000100530002000001,,인천광역시 계양구 벌말로 342,407340,21009,,,,126.76979749116,37.5617453395123
MA0101202302A0089460,일산오렌지충전소,,G2,소매,G214,연료 소매,G21402,가스 충전소,G47712,운송장비용 가스 충전업,41,경기도,41285,고양시 일산동구,41285580,장항1동,4128510400,장항동,4128510400105410003,1,대지,541,3,경기도 고양시 일산동구 장항동 541-3,412853193013,경기도 고양시 일산동구 백마로,42,,4128510400105410003008716,,경기도 고양시 일산동구 백마로 42,410835,10428,,,,126.761037434279,37.6430871901108
MA0101202302A0106090,수원태평양충전소,,G2,소매,G214,연료 소매,G21402,가스 충전소,G47712,운송장비용 가스 충전업,41,경기도,41113,수원시 권선구,41113560,서둔동,4111313100,서둔동,4111313100100090017,1,대지,9,17,경기도 수원시 권선구 서둔동 9-17,411133000064,경기도 수원시 권선구 수인로,34,,4111313100100090017024663,,경기도 수원시 권선구 수인로 34,441853,16431,,,,126.994870044148,37.2710486750299
MA0101202302A0112236,청주수름재LPG충전소,,G2,소매,G214,연료 소매,G21402,가스 충전소,G47712,운송장비용 가스 충전업,43,충청북도,43114,청주시 청원구,43114550,오근장동,4311410500,주성동,4311410500101640035,1,대지,164,35,충청북도 청주시 청원구 주성동 164-35,431142014003,충청북도 청주시 청원구 충청대로,266,,4311113100101640035000001,,충청북도 청주시 청원구 충청대로 266,363215,28309,,,,127.499381604636,36.6791955905391
MA0101202303A0053682,창원산업진흥원마산자유무역지역수소충전소,,G2,소매,G214,연료 소매,G21402,가스 충전소,G47712,운송장비용 가스 충전업,48,경상남도,48127,창원시 마산회원구,48127620,봉암동,4812710500,양덕동,4812710500109750007,1,대지,975,7,경상남도 창원시 마산회원구 양덕동 975-7,481273019002,경상남도 창원시 마산회원구 무역로,27,,4812710500109750007010871,,경상남도 창원시 마산회원구 무역로 27,630500,51339,,,,128.589386301384,35.2115647519124
MA0101202302A0112421,공단LPG충전소,,G2,소매,G214,연료 소매,G21402,가스 충전소,G47712,운송장비용 가스 충전업,30,대전광역시,30230,대덕구,30230580,목상동,3023011400,신일동,3023011400116840001,1,대지,1684,1,대전광역시 대덕구 신일동 1684-1,302302010001,대전광역시 대덕구 대덕대로,1408,,3023011400116840001001009,,대전광역시 대덕구 대덕대로 1408,306210,34324,,,,127.40629559134,36.4456130652748
MA0101202302A0091947,파주역충전소,,G2,소매,G214,연료 소매,G21402,가스 충전소,G47712,운송장비용 가스 충전업,41,경기도,41480,파주시,41480253,파주읍,4148025324,파주읍,4148025324109880002,1,대지,988,2,경기도 파주시 파주읍 봉암리 988-2,414803000008,경기도 파주시 파주읍 통일로,1120,,4148025324109880004003371,충전소,경기도 파주시 파주읍 통일로 1120,413861,10839,,,,126.793936540284,37.8086394219622
MA0101202302A0108200,삼천포오렌지충전소,,G2,소매,G214,연료 소매,G21402,가스 충전소,G47712,운송장비용 가스 충전업,48,경상남도,48240,사천시,48240550,벌용동,4824010900,용강동,4824010900106640001,1,대지,664,1,경상남도 사천시 용강동 664-1,482404802275,경상남도 사천시 벌용길,94,,4824010900106640001004850,,경상남도 사천시 벌용길 94,664150,52552,,,,128.079027787307,34.9452986965982
MA0101202302A0104269,남양산충전소,,G2,소매,G214,연료 소매,G21402,가스 충전소,G47712,운송장비용 가스 충전업,48,경상남도,48330,양산시,48330310,동면,4833031026,동면,4833031026110380001,1,대지,1038,1,경상남도 양산시 동면 석산리 1038-1,483302000032,경상남도 양산시 동면 양산대로,542,20,4833031026110360001000001,,경상남도 양산시 동면 양산대로 542-20,626821,50636,,,,129.030925843336,35.3220935614923
MA0101202305A0005544,이십일세기에너지기장대로충전소,,G2,소매,G214,연료 소매,G21402,가스 충전소,G47712,운송장비용 가스 충전업,26,부산광역시,26710,기장군,26710250,기장읍,2671025027,기장읍,2671025027105380001,1,대지,538,1,부산광역시 기장군 기장읍 청강리 538-1,267102006018,부산광역시 기장군 기장읍 기장대로,333,,2671025027105370005000001,,부산광역시 기장군 기장읍 기장대로 333,619906,46075,,,,129.213983524338,35.2256582996615
MA0101202303A0104998,세량LPG충전소,,G2,소매,G214,연료 소매,G21402,가스 충전소,G47712,운송장비용 가스 충전업,46,전라남도,46790,화순군,46790250,화순읍,4679025039,화순읍,4679025039105580002,1,대지,558,2,전라남도 화순군 화순읍 세량리 558-2,467903291031,전라남도 화순군 화순읍 지강로,825,,4679025039105580002000001,,전라남도 화순군 화순읍 지강로 825,519960,58108,,,,126.911561938064,35.0645976688067
MA0101202305A0017435,신진에너지남북LPG충전소,,G2,소매,G214,연료 소매,G21402,가스 충전소,G47712,운송장비용 가스 충전업,43,충청북도,43750,진천군,43750350,이월면,4375035028,이월면,4375035028109480000,1,대지,948,,충청북도 진천군 이월면 신월리 948,437503014047,충청북도 진천군 이월면 생거진천로,2001,,4375035028109480003020701,,충청북도 진천군 이월면 생거진천로 2001,365824,27816,,,,127.448515088899,36.9218763390578
MA0101202303A0100293,로안충전소,,G2,소매,G214,연료 소매,G21402,가스 충전소,G47712,운송장비용 가스 충전업,41,경기도,41196,부천시 오정구,41196560,오정동,4119610600,대장동,4119610600106670003,1,대지,667,3,경기도 부천시 오정구 대장동 667-3,411963155044,경기도 부천시 오정구 벌말로,157,,4119910600106670003036329,,경기도 부천시 오정구 벌말로 157,421170,14400,,,,126.764642327736,37.5454541785568
MA0101202305A0055664,신도시충전소,,G2,소매,G214,연료 소매,G21402,가스 충전소,G47712,운송장비용 가스 충전업,47,경상북도,47150,김천시,47150575,대신동,4715010800,신음동,4715010800104220003,1,대지,422,3,경상북도 김천시 신음동 422-3,471503306048,경상북도 김천시 시청로,21,,4715010800104220003000001,,경상북도 김천시 시청로 21,740978,39548,,,,128.117678718161,36.1302692572282
MA010120220808835625,안강LPG충전소,,G2,소매,G214,연료 소매,G21402,가스 충전소,G47712,운송장비용 가스 충전업,47,경상북도,47130,경주시,47130253,안강읍,4713025333,안강읍,4713025333100750001,1,대지,75,1,경상북도 경주시 안강읍 안강리 75-1,471303305037,경상북도 경주시 안강읍 안현로,1597,,4713025333100750001061712,,경상북도 경주시 안강읍 안현로 1597,780807,38008,,,,129.227560219822,35.9975639313486
MA010120220808846473,옥포LPG충전소,,G2,소매,G214,연료 소매,G21402,가스 충전소,G47712,운송장비용 가스 충전업,27,대구광역시,27710,달성군,27710262,옥포읍,2771026226,옥포읍,2771026226109690058,1,대지,969,58,대구광역시 달성군 옥포읍 기세리 969-58,277103148037,대구광역시 달성군 옥포읍 옥포로,354,,2771034026109690058000001,,대구광역시 달성군 옥포읍 옥포로 354,711843,42977,,,,128.488431326299,35.7651911189556
MA010120220810191058,안양충전소,,G2,소매,G214,연료 소매,G21402,가스 충전소,G47712,운송장비용 가스 충전업,41,경기도,41171,안양시 만안구,41171600,석수2동,4117110200,석수동,4117110200102520001,1,대지,252,1,경기도 안양시 만안구 석수동 252-1,411713182016,경기도 안양시 만안구 안양로,575,,4117110200102520002007831,SK안양충전소,경기도 안양시 만안구 안양로 575,430852,13904,,,,126.906619028552,37.4205107512792
MA010120220810199852,신동양충전소,,G2,소매,G214,연료 소매,G21402,가스 충전소,G47712,운송장비용 가스 충전업,52,전북특별자치도,52140,익산시,52140530,평화동,5214011700,목천동,5214011700104150014,1,대지,415,14,전북특별자치도 익산시 목천동 415-14,521403269012,전북특별자치도 익산시 목천로,29,,4514011700104150014093221,신동양충전소,전북특별자치도 익산시 목천로 29,570010,54672,,,,126.932493403121,35.9172052710778
MA010120220810197187,동신에너지안중충전소,,G2,소매,G214,연료 소매,G21402,가스 충전소,G47712,운송장비용 가스 충전업,41,경기도,41220,평택시,41220253,안중읍,4122025321,안중읍,4122025321101950008,1,대지,195,8,경기도 평택시 안중읍 안중리 195-8,412203188135,경기도 평택시 안중읍 안현로,544,,4122025321101950008039489,,경기도 평택시 안중읍 안현로 544,451884,17934,,,,126.937741662874,36.9961274385679
MA010120220810216187,수원ICLPG충전소,,G2,소매,G214,연료 소매,G21402,가스 충전소,G47712,운송장비용 가스 충전업,41,경기도,41463,용인시 기흥구,41463517,영덕2동,4146311100,영덕동,4146311100100320002,1,대지,32,2,경기도 용인시 기흥구 영덕동 32-2,414632012012,경기도 용인시 기흥구 중부대로,252,,4146311100100320002000001,수원I,경기도 용인시 기흥구 중부대로 252,446908,17095,,,,127.095359450137,37.2699831941116
MA010120220810243657,금정LPG충전소,,G2,소매,G214,연료 소매,G21402,가스 충전소,G47712,운송장비용 가스 충전업,29,광주광역시,29200,광산구,29200700,신창동,2920011800,신창동,2920011800110830010,1,대지,1083,10,광주광역시 광산구 신창동 1083-10,292002009002,광주광역시 광산구 북문대로,365,,2920011800110830010015361,,광주광역시 광산구 북문대로 365,506839,62288,,,,126.85302418971,35.1904252873053
MA010120220810263788,공항LPG충전소,,G2,소매,G214,연료 소매,G21402,가스 충전소,G47712,운송장비용 가스 충전업,29,광주광역시,29200,광산구,29200550,신흥동,2920010400,신촌동,2920010400106820013,1,대지,682,13,광주광역시 광산구 신촌동 682-13,292002009004,광주광역시 광산구 상무대로,441,,2920010400106820013000001,,광주광역시 광산구 상무대로 441,506810,62362,,,,126.814216732562,35.144285593142
MA010120220810266949,한국그린충전동해지사,,G2,소매,G214,연료 소매,G21402,가스 충전소,G47712,운송장비용 가스 충전업,51,강원특별자치도,51170,동해시,51170630,망상동,5117012900,망상동,5117012900100950001,1,대지,95,1,강원특별자치도 동해시 망상동 95-1,511702000023,강원특별자치도 동해시 동해대로,6060,,4217012900100950001000001,,강원특별자치도 동해시 동해대로 6060,240080,25707,,,,129.097455832057,37.5784330461771
MA010120220810269683,가좌충전소,,G2,소매,G214,연료 소매,G21402,가스 충전소,G47712,운송장비용 가스 충전업,28,인천광역시,28260,서구,28260610,가좌4동,2826011200,가좌동,2826011200104840001,1,대지,484,1,인천광역시 서구 가좌동 484-1,282603153084,인천광역시 서구 백범로,626,,2826011200104840001008262,,인천광역시 서구 백범로 626,404254,22824,,,,126.685714374412,37.4780918643881
MA010120220810286955,인성에너지,,G2,소매,G214,연료 소매,G21402,가스 충전소,G47712,운송장비용 가스 충전업,41,경기도,41610,광주시,41610610,능평동,4161011600,능평동,4161011600100860001,1,대지,86,1,경기도 광주시 능평동 86-1,416103211035,경기도 광주시 오포로,172,2,4161025023100860001000001,,경기도 광주시 오포로 172-2,464892,12773,,,,127.183339875092,37.3467108201978
MA010120220810316614,이채움충전서비스,,G2,소매,G214,연료 소매,G21402,가스 충전소,G47712,운송장비용 가스 충전업,44,충청남도,44133,천안시 서북구,44133580,부성1동,4413310900,업성동,4413310900103540004,1,대지,354,4,충청남도 천안시 서북구 업성동 354-4,441334550497,충청남도 천안시 서북구 업성2길,117,,4413310900103540004040662,,충청남도 천안시 서북구 업성2길 117,331290,31076,,,,127.133787943633,36.8567143532584
MA010120220810314634,행복에너지충전소,,G2,소매,G214,연료 소매,G21402,가스 충전소,G47712,운송장비용 가스 충전업,43,충청북도,43113,청주시 흥덕구,43113770,강서2동,4311313600,외북동,4311313600103120000,1,대지,312,,충청북도 청주시 흥덕구 외북동 312,431133351022,충청북도 청주시 흥덕구 엘지로,5,,4311313600103120000000001,,충청북도 청주시 흥덕구 엘지로 5,361490,28356,,,,127.435205278564,36.6585233006153
MA010120220810328562,모슬포LPG충전소,,G2,소매,G214,연료 소매,G21402,가스 충전소,G47712,운송장비용 가스 충전업,50,제주특별자치도,50130,서귀포시,50130250,대정읍,5013025021,대정읍,5013025021137110001,1,대지,3711,1,제주특별자치도 서귀포시 대정읍 상모리 3711-1,501303349236,제주특별자치도 서귀포시 대정읍 일주서로,2556,,5013025021137110001000001,,제주특별자치도 서귀포시 대정읍 일주서로 2556,699934,63509,,,,126.256983135026,33.2279387452312
MA010120220810356548,스타팅스타팅충전소,,G2,소매,G214,연료 소매,G21402,가스 충전소,G47712,운송장비용 가스 충전업,41,경기도,41450,하남시,41450590,춘궁동,4145011800,춘궁동,4145011800103220006,1,대지,322,6,경기도 하남시 춘궁동 322-6,414503000124,경기도 하남시 서하남로,477,,4145011800103220006000001,,경기도 하남시 서하남로 477,465060,13017,,,,127.192706844717,37.5228623366399
MA010120220810356677,복지강남충전소,,G2,소매,G214,연료 소매,G21402,가스 충전소,G47712,운송장비용 가스 충전업,11,서울특별시,11680,강남구,11680700,세곡동,1168011200,자곡동,1168011200103730001,1,대지,373,1,서울특별시 강남구 자곡동 373-1,116803122003,서울특별시 강남구 밤고개로,200,,1168011200103730001026698,,서울특별시 강남구 밤고개로 200,135190,06372,,,,127.105343886807,37.4764986916932
MA010120220811766527,광명에너지,,G2,소매,G214,연료 소매,G21402,가스 충전소,G47712,운송장비용 가스 충전업,47,경상북도,47770,영덕군,47770340,지품면,4777034052,지품면,4777034052101800004,1,대지,180,4,경상북도 영덕군 지품면 신안리 180-4,477703018013,경상북도 영덕군 지품면 경동로,7144,,4777034052101810001002471,,경상북도 영덕군 지품면 경동로 7144,766863,36444,,,,129.280652034757,36.4486430837371
MA010120220811736456,개인택시중앙LPG충전소,,G2,소매,G214,연료 소매,G21402,가스 충전소,G47712,운송장비용 가스 충전업,26,부산광역시,26170,동구,26170530,초량3동,2617010100,초량동,2617010100111510007,1,대지,1151,7,부산광역시 동구 초량동 1151-7,261702000010,부산광역시 동구 중앙대로,334,,2617010100111510007016262,,부산광역시 동구 중앙대로 334,601836,48729,,,,129.046174318611,35.1256636797664
MA010120220811764268,둔덕가스,,G2,소매,G214,연료 소매,G21402,가스 충전소,G47712,운송장비용 가스 충전업,48,경상남도,48310,거제시,48310350,둔덕면,4831035026,둔덕면,4831035026101270000,1,대지,127,,경상남도 거제시 둔덕면 하둔리 127,483103337057,경상남도 거제시 둔덕면 청마로,41,,4831035026101270000018944,,경상남도 거제시 둔덕면 청마로 41,656873,53281,,,,128.509743912774,34.8424500145228
MA010120220811756506,경기에너지,,G2,소매,G214,연료 소매,G21402,가스 충전소,G47712,운송장비용 가스 충전업,41,경기도,41480,파주시,41480530,금촌3동,4148010400,야동동,4148010400100940018,1,대지,94,18,경기도 파주시 야동동 94-18,414803206122,경기도 파주시 시청로,302,,4148010400100940018007746,,경기도 파주시 시청로 302,413040,10850,,,,126.766022842263,37.7693594897268
MA010120220811811862,바이엠네트웍스,,G2,소매,G214,연료 소매,G21402,가스 충전소,G47712,운송장비용 가스 충전업,44,충청남도,44150,공주시,44150570,신관동,4415012300,월미동,4415012300100740000,1,대지,74,,충청남도 공주시 월미동 74,441504553937,충청남도 공주시 월미송곡길,13,1,4415012300100740000000256,,충청남도 공주시 월미송곡길 13-1,314802,32528,,,,127.112686824895,36.4902820996247
MA010120220811803568,토평LPG충전소,,G2,소매,G214,연료 소매,G21402,가스 충전소,G47712,운송장비용 가스 충전업,41,경기도,41310,구리시,41310590,수택3동,4131010700,토평동,4131010700104650092,1,대지,465,92,경기도 구리시 토평동 465-92,413103196015,경기도 구리시 벌말로,8,,4131010700104650093000002,토평고려LPG충전소,경기도 구리시 벌말로 8,471033,11960,,,,127.146115992631,37.577556655129
MA010120220811814210,의정부가득충전소,,G2,소매,G214,연료 소매,G21402,가스 충전소,G47712,운송장비용 가스 충전업,41,경기도,41150,의정부시,41150580,자금동,4115010800,자일동,4115010800100600003,1,대지,60,3,경기도 의정부시 자일동 60-3,411503181013,경기도 의정부시 민락로,554,,4115010800100600003000001,,경기도 의정부시 민락로 554,480110,11767,,,,127.116030865217,37.770183339643
MA010120220811863863,위례LPG충전소,,G2,소매,G214,연료 소매,G21402,가스 충전소,G47712,운송장비용 가스 충전업,41,경기도,41450,하남시,41450580,감북동,4145012400,광암동,4145012400102230002,1,대지,223,2,경기도 하남시 광암동 223-2,414503000124,경기도 하남시 서하남로,242,,4145012400102230002000001,,경기도 하남시 서하남로 242,465818,12989,,,,127.170756865922,37.516174635424
MA010120220811824247,명성가스,,G2,소매,G214,연료 소매,G21402,가스 충전소,G47712,운송장비용 가스 충전업,29,광주광역시,29200,광산구,29200620,비아동,2920011200,비아동,2920011200100630052,1,대지,63,52,광주광역시 광산구 비아동 63-52,292003163014,광주광역시 광산구 사암로,896,,2920011200100630052000001,,광주광역시 광산구 사암로 896,506300,62244,,,,126.826523392468,35.2193145983191
MA010120220811854347,매일에너지자명충전소,,G2,소매,G214,연료 소매,G21402,가스 충전소,G47712,운송장비용 가스 충전업,47,경상북도,47111,포항시 남구,47111253,연일읍,4711125326,연일읍,4711125326107280001,1,대지,728,1,경상북도 포항시 남구 연일읍 자명리 728-1,471113303042,경상북도 포항시 남구 연일읍 자명로,104,,4711125326107280001017959,,경상북도 포항시 남구 연일읍 자명로 104,790882,37654,,,,129.305235978657,36.0076375715235
MA010120220811856940,항만엘엔지,,G2,소매,G214,연료 소매,G21402,가스 충전소,G47712,운송장비용 가스 충전업,48,경상남도,48129,창원시 진해구,48129650,웅동2동,4812916300,안골동,4812916300201320000,2,산,132,,경상남도 창원시 진해구 안골동 산132,481293331081,경상남도 창원시 진해구 신항로,434,,4812916300201320000000001,,경상남도 창원시 진해구 신항로 434,645520,51609,,,,128.786158693045,35.0836876738961
MA010120220811882640,이원기장오렌지충전소,,G2,소매,G214,연료 소매,G21402,가스 충전소,G47712,운송장비용 가스 충전업,26,부산광역시,26710,기장군,26710250,기장읍,2671025030,기장읍,2671025030103310001,1,대지,331,1,부산광역시 기장군 기장읍 만화리 331-1,267103130026,부산광역시 기장군 기장읍 반송로,1415,,2671025030101130005004268,,부산광역시 기장군 기장읍 반송로 1415,619901,46052,,,,129.197562936758,35.2544512016983
MA010120220811898211,떠오름충전소,,G2,소매,G214,연료 소매,G21402,가스 충전소,G47712,운송장비용 가스 충전업,51,강원특별자치도,51130,원주시,51130310,소초면,5113031021,소초면,5113031021101200002,1,대지,120,2,강원특별자치도 원주시 소초면 평장리 120-2,511303219054,강원특별자치도 원주시 소초면 치악로,2918,,4213031021101200002000001,,강원특별자치도 원주시 소초면 치악로 2918,220835,26305,,,,128.007816371259,37.428270807291
MA010120220810023000,해안로충전소,,G2,소매,G214,연료 소매,G21402,가스 충전소,G47712,운송장비용 가스 충전업,41,경기도,41271,안산시 상록구,41271532,사이동,4127110300,사동,4127110300116400006,1,대지,1640,6,경기도 안산시 상록구 사동 1640-6,412713190076,경기도 안산시 상록구 해안로,738,,4127110300116400006000001,,경기도 안산시 상록구 해안로 738,426172,15596,,,,126.828916258366,37.2871438659668
MA010120220810020537,경주동해종합가스,,G2,소매,G214,연료 소매,G21402,가스 충전소,G47712,운송장비용 가스 충전업,47,경상북도,47130,경주시,47130370,강동면,4713037028,강동면,4713037028113040000,1,대지,1304,,경상북도 경주시 강동면 왕신리 1304,471304715882,경상북도 경주시 강동면 왕신오금길,35,125,4713037028113040000000001,,경상북도 경주시 강동면 왕신오금길 35-125,780912,38033,,,,129.287036742866,35.9611154946118
MA010120220810049862,대성산업가스,,G2,소매,G214,연료 소매,G21402,가스 충전소,G47712,운송장비용 가스 충전업,41,경기도,41500,이천시,41500380,율면,4150038025,율면,4150038025102630000,1,대지,263,,경기도 이천시 율면 산양리 263,415003000127,경기도 이천시 율면 일생로,534,,4150038025102630000018681,,경기도 이천시 율면 일생로 534,467892,17424,,,,127.520742911146,37.0565895377062
MA010120220810038153,노안에너지,,G2,소매,G214,연료 소매,G21402,가스 충전소,G47712,운송장비용 가스 충전업,46,전라남도,46170,나주시,46170380,노안면,4617038023,노안면,4617038023105500011,1,대지,550,11,전라남도 나주시 노안면 학산리 550-11,461703000079,전라남도 나주시 노안면 건재로,507,,4617038023105500011064408,,전라남도 나주시 노안면 건재로 507,520814,58208,,,,126.750475675639,35.0636161069115
MA010120220810062966,수지충전소,,G2,소매,G214,연료 소매,G21402,가스 충전소,G47712,운송장비용 가스 충전업,41,경기도,41463,용인시 기흥구,41463590,보정동,4146311800,보정동,4146311800104740009,1,대지,474,9,경기도 용인시 기흥구 보정동 474-9,414633204045,경기도 용인시 기흥구 신정로,609,,4146311800104740009024925,,경기도 용인시 기흥구 신정로 609,446850,16924,,,,127.102847520097,37.3210296808135
MA010120220810087409,케이와이에너지신림충전소,,G2,소매,G214,연료 소매,G21402,가스 충전소,G47712,운송장비용 가스 충전업,11,서울특별시,11620,관악구,11620665,서림동,1162010200,신림동,1162010200101120046,1,대지,112,46,서울특별시 관악구 신림동 112-46,116203120005,서울특별시 관악구 신림로,170,,1162010200101120046018129,신림동충전소,서울특별시 관악구 신림로 170,151927,08838,,,,126.934092007741,37.4735359172428
MA010120220810097322,반디이원지원점,,G2,소매,G214,연료 소매,G21402,가스 충전소,G47712,운송장비용 가스 충전업,29,광주광역시,29110,동구,29110740,지원2동,2911012300,월남동,2911012300102540002,1,대지,254,2,광주광역시 동구 월남동 254-2,291103159003,광주광역시 동구 남문로,397,,2911012300102540002000001,,광주광역시 동구 남문로 397,501240,61511,,,,126.936711309839,35.1066893743549
MA010120220810117057,옥길충전소,,G2,소매,G214,연료 소매,G21402,가스 충전소,G47712,운송장비용 가스 충전업,41,경기도,41194,부천시 소사구,41194560,옥길동,4119410600,옥길동,4119410600107900000,1,대지,790,,경기도 부천시 소사구 옥길동 790,411943185011,경기도 부천시 소사구 옥길로,143,,4119011500107900000000001,,경기도 부천시 소사구 옥길로 143,422080,14784,,,,126.823358068174,37.4694938648087
MA010120220810115164,형제에너텍,,G2,소매,G214,연료 소매,G21402,가스 충전소,G47712,운송장비용 가스 충전업,48,경상남도,48121,창원시 의창구,48121320,대산면,4812132027,대산면,4812132027103790002,1,대지,379,2,경상남도 창원시 의창구 대산면 북부리 379-2,481214781084,경상남도 창원시 의창구 대산면 대산북로893번길,31,17,4812132027103790002039250,,경상남도 창원시 의창구 대산면 대산북로893번길 31-17,641924,51121,,,,128.720486284575,35.3490536389585
MA010120220810128846,착한충전소,,G2,소매,G214,연료 소매,G21402,가스 충전소,G47712,운송장비용 가스 충전업,29,광주광역시,29200,광산구,29200565,어룡동,2920010800,소촌동,2920010800107560013,1,대지,756,13,광주광역시 광산구 소촌동 756-13,292002009009,광주광역시 광산구 무진대로,60,,2920010800107560013000001,,광주광역시 광산구 무진대로 60,506803,62382,,,,126.787652989022,35.1598985563857
MA010120220810150443,대상LPG충전소,,G2,소매,G214,연료 소매,G21402,가스 충전소,G47712,운송장비용 가스 충전업,46,전라남도,46130,여수시,46130320,율촌면,4613032021,율촌면,4613032021105760001,1,대지,576,1,전라남도 여수시 율촌면 조화리 576-1,461303282087,전라남도 여수시 율촌면 여순로,800,,4613032021105760001040027,,전라남도 여수시 율촌면 여순로 800,556892,59604,,,,127.587697098187,34.869744703248
MA010120220810177200,케이와이에너지아동주유소충전소,,G2,소매,G214,연료 소매,G21402,가스 충전소,G47712,운송장비용 가스 충전업,41,경기도,41480,파주시,41480510,금촌1동,4148010200,아동동,4148010200103220019,1,대지,322,19,경기도 파주시 아동동 322-19,414803206045,경기도 파주시 새꽃로,279,,4148010200103220019069061,외,경기도 파주시 새꽃로 279,413803,10944,,,,126.782572814824,37.7687064551332
MA010120220810148568,그린필드충전소,,G2,소매,G214,연료 소매,G21402,가스 충전소,G47712,운송장비용 가스 충전업,41,경기도,41281,고양시 덕양구,41281590,고양동,4128111400,벽제동,4128111400101590001,1,대지,159,1,경기도 고양시 덕양구 벽제동 159-1,412813000136,경기도 고양시 덕양구 호국로,1945,,4128111400101590001001577,벽제동,경기도 고양시 덕양구 호국로 1945,412800,10268,,,,126.919653275432,37.717884819142
MA010120220810177649,케이피앤지,,G2,소매,G214,연료 소매,G21402,가스 충전소,G47712,운송장비용 가스 충전업,41,경기도,41310,구리시,41310590,수택3동,4131010700,토평동,4131010700104650092,1,대지,465,92,경기도 구리시 토평동 465-92,413103196015,경기도 구리시 벌말로,8,,4131010700104650093000002,,경기도 구리시 벌말로 8,471033,11960,,,,127.146115992631,37.577556655129
MA010120220811587792,곰내터널충전소,,G2,소매,G214,연료 소매,G21402,가스 충전소,G47712,운송장비용 가스 충전업,26,부산광역시,26710,기장군,26710256,정관읍,2671025622,정관읍,2671025622101220001,1,대지,122,1,부산광역시 기장군 정관읍 매학리 122-1,267103140062,부산광역시 기장군 정관읍 정관산업로,1143,,2671032022101220002000001,,부산광역시 기장군 정관읍 정관산업로 1143,619963,46006,,,,129.176089941453,35.3170078952743
MA010120220811576070,양산가스충전소,,G2,소매,G214,연료 소매,G21402,가스 충전소,G47712,운송장비용 가스 충전업,48,경상남도,48330,양산시,48330330,상북면,4833033021,상북면,4833033021105700001,1,대지,570,1,경상남도 양산시 상북면 석계리 570-1,483302000032,경상남도 양산시 상북면 양산대로,1567,,4833033021105700001021166,,경상남도 양산시 상북면 양산대로 1567,626854,50560,,,,129.055778387989,35.4068037205631
MA010120220811562785,비카인,,G2,소매,G214,연료 소매,G21402,가스 충전소,G47712,운송장비용 가스 충전업,28,인천광역시,28185,연수구,28185840,송도3동,2818510600,송도동,2818510600102140000,1,대지,214,,인천광역시 연수구 송도동 214,281853152042,인천광역시 연수구 송도미래로,30,,2818510600102140000000001,스마트밸리지식산업센터,인천광역시 연수구 송도미래로 30,406083,21990,,4,,126.647278391163,37.3666451386433
MA010120220811563170,개인택시복지충전소,,G2,소매,G214,연료 소매,G21402,가스 충전소,G47712,운송장비용 가스 충전업,31,울산광역시,31140,남구,31140585,삼호동,3114010100,무거동,3114010100113120001,1,대지,1312,1,울산광역시 남구 무거동 1312-1,311403170007,울산광역시 남구 남산로,209,,3114010100113120001035371,,울산광역시 남구 남산로 209,680811,44621,,,,129.291512094443,35.5456144380858
MA010120220811564076,대양충전소,,G2,소매,G214,연료 소매,G21402,가스 충전소,G47712,운송장비용 가스 충전업,31,울산광역시,31200,북구,31200520,농소2동,3120010500,신천동,3120010500104220002,1,대지,422,2,울산광역시 북구 신천동 422-2,312003000104,울산광역시 북구 산업로,1454,,3120010500104220002011226,외,울산광역시 북구 산업로 1454,683803,44221,,,,129.34513104728,35.6368595682104
MA010120220811595138,월드컵LPG충전소,,G2,소매,G214,연료 소매,G21402,가스 충전소,G47712,운송장비용 가스 충전업,26,부산광역시,26710,기장군,26710259,일광읍,2671025930,일광읍,2671025930100680003,1,대지,68,3,부산광역시 기장군 일광읍 원리 68-3,267102006018,부산광역시 기장군 일광읍 기장대로,1216,,2671031030100680003011499,,부산광역시 기장군 일광읍 기장대로 1216,619913,46039,,,,129.238607811573,35.3020341101783
MA010120220811638626,대진여객CNG사업소주,,G2,소매,G214,연료 소매,G21402,가스 충전소,G47712,운송장비용 가스 충전업,26,부산광역시,26710,기장군,26710330,철마면,2671033029,철마면,2671033029105290008,1,대지,529,8,부산광역시 기장군 철마면 고촌리 529-8,267103130026,부산광역시 기장군 철마면 반송로,973,,2671033029105290008011432,,부산광역시 기장군 철마면 반송로 973,619871,46051,,1,,129.157865794326,35.2364223876732
MA010120220811638747,금륜에너지삼성가스충전소주,,G2,소매,G214,연료 소매,G21402,가스 충전소,G47712,운송장비용 가스 충전업,26,부산광역시,26710,기장군,26710259,일광읍,2671025921,일광읍,2671025921105120009,1,대지,512,9,부산광역시 기장군 일광읍 삼성리 512-9,267102006018,부산광역시 기장군 일광읍 기장대로,693,,2671031021105120009000001,,부산광역시 기장군 일광읍 기장대로 693,619912,46048,,,,129.224129814455,35.2565878501331
MA010120220811636594,연성에너지주,,G2,소매,G214,연료 소매,G21402,가스 충전소,G47712,운송장비용 가스 충전업,48,경상남도,48330,양산시,48330520,삼성동,4833010600,신기동,4833010600105310024,1,대지,531,24,경상남도 양산시 신기동 531-24,483303338090,경상남도 양산시 공단로,31,,4833010600105310024000001,,경상남도 양산시 공단로 31,626130,50572,,1,,129.03812437562,35.3569817769526
MA010120220811625184,호포충전소,,G2,소매,G214,연료 소매,G21402,가스 충전소,G47712,운송장비용 가스 충전업,48,경상남도,48330,양산시,48330310,동면,4833031028,동면,4833031028112020030,1,대지,1202,30,경상남도 양산시 동면 가산리 1202-30,483302000032,경상남도 양산시 동면 양산대로,11,,4833031028112020030000001,외,경상남도 양산시 동면 양산대로 11,626821,50639,,1,,129.016801138318,35.2766506957425
MA010120220811632023,신한가스주,,G2,소매,G214,연료 소매,G21402,가스 충전소,G47712,운송장비용 가스 충전업,26,부산광역시,26410,금정구,26410555,금사회동동,2641011100,금사동,2641011100100130017,1,대지,13,17,부산광역시 금정구 금사동 13-17,264103130026,부산광역시 금정구 반송로,494,,2641011100100130027014464,,부산광역시 금정구 반송로 494,609808,46334,,,,129.117607651383,35.2164164809302
MA010120220811633644,신진가스주,,G2,소매,G214,연료 소매,G21402,가스 충전소,G47712,운송장비용 가스 충전업,26,부산광역시,26410,금정구,26410555,금사회동동,2641011100,금사동,2641011100101060018,1,대지,106,18,부산광역시 금정구 금사동 106-18,264103130026,부산광역시 금정구 반송로,433,,2641011100101060018006841,,부산광역시 금정구 반송로 433,609809,46333,,,,129.11113638684,35.2150066124385
MA010120220811637681,금정공영차고지사업부,,G2,소매,G214,연료 소매,G21402,가스 충전소,G47712,운송장비용 가스 충전업,26,부산광역시,26410,금정구,26410665,청룡노포동,2641010200,노포동,2641010200111760000,1,대지,1176,,부산광역시 금정구 노포동 1176,264102000010,부산광역시 금정구 중앙대로,2310,,2641010200102270000000001,,부산광역시 금정구 중앙대로 2310,609360,46202,,1,,129.100743906328,35.2893063947761
MA010120220811640952,제일가스,,G2,소매,G214,연료 소매,G21402,가스 충전소,G47712,운송장비용 가스 충전업,47,경상북도,47290,경산시,47290541,서부1동,4729010800,사정동,4729010800102320000,1,대지,232,,경상북도 경산시 사정동 232,472903000224,경상북도 경산시 삼성현로,196,,4729010800102320000004804,,경상북도 경산시 삼성현로 196,712050,38691,,,,128.723781857034,35.8156112059639
MA010120220811638569,신성에너지통도가스충전소주,,G2,소매,G214,연료 소매,G21402,가스 충전소,G47712,운송장비용 가스 충전업,48,경상남도,48330,양산시,48330340,하북면,4833034026,하북면,4833034026110360000,1,대지,1036,,경상남도 양산시 하북면 백록리 1036,483302000032,경상남도 양산시 하북면 양산대로,2169,,4833034026114230000047641,,경상남도 양산시 하북면 양산대로 2169,626862,50508,,1,,129.076787251416,35.4564114710001
MA010120220811641108,인천가스,,G2,소매,G214,연료 소매,G21402,가스 충전소,G47712,운송장비용 가스 충전업,28,인천광역시,28237,부평구,28237670,일신동,2823710900,구산동,2823710900100120005,1,대지,12,5,인천광역시 부평구 구산동 12-5,282373000028,인천광역시 부평구 경인로,1196,,2823710900100120005201024,,인천광역시 부평구 경인로 1196,403110,21418,,,,126.752592919529,37.4831973568924
MA010120220811592432,신양산가스충전소,,G2,소매,G214,연료 소매,G21402,가스 충전소,G47712,운송장비용 가스 충전업,48,경상남도,48330,양산시,48330510,중앙동,4833010400,북부동,4833010400100040001,1,대지,4,1,경상남도 양산시 북부동 4-1,483303338022,경상남도 양산시 명곡로,155,,4833010400100040001006183,,경상남도 양산시 명곡로 155,626800,50643,,,,129.051364408488,35.3472596878566
MA010120220811665386,씨쓰리그룹,,G2,소매,G214,연료 소매,G21402,가스 충전소,G47712,운송장비용 가스 충전업,11,서울특별시,11650,서초구,11650652,양재2동,1165010200,양재동,1165010200102650029,1,대지,265,29,서울특별시 서초구 양재동 265-29,116504163172,서울특별시 서초구 마방로6길,13,,1165010200102650029002801,범정빌딩,서울특별시 서초구 마방로6길 13,137894,06776,,,,127.04223628388,37.4751415373573
MA010120220811686625,동신산업동신LPG충전소,김제지점,G2,소매,G214,연료 소매,G21402,가스 충전소,G47712,운송장비용 가스 충전업,52,전북특별자치도,52210,김제시,52210510,요촌동,5221011200,하동,5221011200104270004,1,대지,427,4,전북특별자치도 김제시 하동 427-4,522103016029,전북특별자치도 김제시 하공로,62,,4521011200104270004053729,,전북특별자치도 김제시 하공로 62,576807,54366,,,,126.890144446393,35.8155306388261
MA010120220811658101,아라에너지,,G2,소매,G214,연료 소매,G21402,가스 충전소,G47712,운송장비용 가스 충전업,48,경상남도,48730,함안군,48730330,법수면,4873033022,법수면,4873033022107900004,1,대지,790,4,경상남도 함안군 법수면 우거리 790-4,487303340008,경상남도 함안군 법수면 대송로,10,,4873033022107900004021010,,경상남도 함안군 법수면 대송로 10,637831,52056,,,,128.352264644005,35.315423077264
MA010120220812886259,희망찬충전소,,G2,소매,G214,연료 소매,G21402,가스 충전소,G47712,운송장비용 가스 충전업,46,전라남도,46230,광양시,46230515,골약동,4623010400,성황동,4623010400105670000,1,대지,567,,전라남도 광양시 성황동 567,462303285019,전라남도 광양시 백운로,978,,4623010400105560005016721,,전라남도 광양시 백운로 978,545050,57767,,,,127.67729135606,34.9457062694802
MA010120220812908596,진영가스충전소,,G2,소매,G214,연료 소매,G21402,가스 충전소,G47712,운송장비용 가스 충전업,48,경상남도,48250,김해시,48250250,진영읍,4825025026,진영읍,4825025026110350000,1,대지,1035,,경상남도 김해시 진영읍 진영리 1035,482503019034,경상남도 김해시 진영읍 진산대로,108,,4825025026110350000036056,,경상남도 김해시 진영읍 진산대로 108,621809,50859,,,,128.728612685545,35.3158997821131
MA010120220812798450,금오충전소,,G2,소매,G214,연료 소매,G21402,가스 충전소,G47712,운송장비용 가스 충전업,41,경기도,41150,의정부시,41150580,자금동,4115010900,금오동,4115010900100930001,1,대지,93,1,경기도 의정부시 금오동 93-1,411503000136,경기도 의정부시 호국로,1620,,4115010900100930001019515,금오가스충전소,경기도 의정부시 호국로 1620,480821,11755,,,,127.080048090249,37.7565546371085
MA010120220812779062,로제,,G2,소매,G214,연료 소매,G21402,가스 충전소,G47712,운송장비용 가스 충전업,41,경기도,41480,파주시,41480320,탄현면,4148032021,탄현면,4148032021100840000,1,대지,84,,경기도 파주시 탄현면 성동리 84,414803206046,경기도 파주시 탄현면 새오리로,69,,4148032021100860003000320,,경기도 파주시 탄현면 새오리로 69,413841,10858,,,,126.684997900221,37.7904153946213
MA010120220812934767,다인엘케이비,,G2,소매,G214,연료 소매,G21402,가스 충전소,G47712,운송장비용 가스 충전업,41,경기도,41463,용인시 기흥구,41463517,영덕2동,4146311100,영덕동,4146311100100240004,1,대지,24,4,경기도 용인시 기흥구 영덕동 24-4,414632012012,경기도 용인시 기흥구 중부대로,234,,4146311100100240004020134,신안주유소,경기도 용인시 기흥구 중부대로 234,446908,17095,,,,127.093454746704,37.2705343479385
MA010120220812802265,화성향남LPG충전소,,G2,소매,G214,연료 소매,G21402,가스 충전소,G47712,운송장비용 가스 충전업,41,경기도,41590,화성시,41590259,향남읍,4159025940,향남읍,4159025940104600000,1,대지,460,,경기도 화성시 향남읍 방축리 460,415903210121,경기도 화성시 향남읍 향남로,272,,4159025940103030005000001,,경기도 화성시 향남읍 향남로 272,445945,18607,,,,126.918816112369,37.1193918495333
MA010120220812937108,우경실업,,G2,소매,G214,연료 소매,G21402,가스 충전소,G47712,운송장비용 가스 충전업,41,경기도,41820,가평군,41820325,청평면,4182032524,청평면,4182032524100560001,1,대지,56,1,경기도 가평군 청평면 대성리 56-1,418203000120,경기도 가평군 청평면 경춘로,524,,4182032524100560001001948,청평그린주유소,경기도 가평군 청평면 경춘로 524,477812,12457,,,,127.401925632604,37.717884802587
MA010120220812774554,삼천포가스충전소,,G2,소매,G214,연료 소매,G21402,가스 충전소,G47712,운송장비용 가스 충전업,48,경상남도,48240,사천시,48240520,선구동,4824010700,좌룡동,4824010700102730001,1,대지,273,1,경상남도 사천시 좌룡동 273-1,482403019029,경상남도 사천시 삼천포대교로,648,,4824010700102730001022943,삼천포가스충전소,경상남도 사천시 삼천포대교로 648,664837,52553,,,,128.075631665461,34.9551443650769
MA010120220812807887,개미수소충전소,,G2,소매,G214,연료 소매,G21402,가스 충전소,G47712,운송장비용 가스 충전업,43,충청북도,43760,괴산군,43760250,괴산읍,4376025030,괴산읍,4376025030103140002,1,대지,314,2,충청북도 괴산군 괴산읍 대사리 314-2,437603246023,충청북도 괴산군 괴산읍 읍내로,55,,4376025030103140002202477,,충청북도 괴산군 괴산읍 읍내로 55,367804,28036,,,,127.775988973741,36.799074273258
MA010120220812815748,우리에너지,,G2,소매,G214,연료 소매,G21402,가스 충전소,G47712,운송장비용 가스 충전업,41,경기도,41271,안산시 상록구,41271600,반월동,4127111100,건건동,4127111100104310004,1,대지,431,4,경기도 안산시 상록구 건건동 431-4,412713000117,경기도 안산시 상록구 서해로,2938,,4127111100104310004000001,,경기도 안산시 상록구 서해로 2938,426210,15521,,,,126.914219825861,37.313258352156
MA010120220812921256,"씨앤에스에너지횡성주유소,충전소하",,G2,소매,G214,연료 소매,G21402,가스 충전소,G47712,운송장비용 가스 충전업,51,강원특별자치도,51730,횡성군,51730320,안흥면,5173032026,안흥면,5173032026115300001,1,대지,1530,1,강원특별자치도 횡성군 안흥면 소사리 1530-1,517301000022,강원특별자치도 횡성군 안흥면 영동고속도로,154,,4273032026115300001013505,횡성강릉방향휴게소,강원특별자치도 횡성군 안흥면 영동고속도로 154,225823,25268,,,,128.134562616737,37.462557223482
MA010120220812782882,비앤지,,G2,소매,G214,연료 소매,G21402,가스 충전소,G47712,운송장비용 가스 충전업,48,경상남도,48250,김해시,48250340,한림면,4825034024,한림면,4825034024102850003,1,대지,285,3,경상남도 김해시 한림면 신천리 285-3,482502335001,경상남도 김해시 한림면 김해대로,1565,,4825034024102850003066941,,경상남도 김해시 한림면 김해대로 1565,621873,50853,,,,128.842452515549,35.275566553267
MA010120220812917758,목동충전소,,G2,소매,G214,연료 소매,G21402,가스 충전소,G47712,운송장비용 가스 충전업,11,서울특별시,11470,양천구,11470650,신정4동,1147010100,신정동,1147010100109940004,1,대지,994,4,서울특별시 양천구 신정동 994-4,114703114002,서울특별시 양천구 목동로,193,,1147010100109940004002275,,서울특별시 양천구 목동로 193,158860,08022,,,,126.864155430417,37.5257075017232
MA010120220812843021,서안에너지,,G2,소매,G214,연료 소매,G21402,가스 충전소,G47712,운송장비용 가스 충전업,41,경기도,41220,평택시,41220370,현덕면,4122037029,현덕면,4122037029101350012,1,대지,135,12,경기도 평택시 현덕면 기산리 135-12,412203000117,경기도 평택시 현덕면 서해로,506,,4122037029101350012049378,,경기도 평택시 현덕면 서해로 506,451811,17971,,,,126.913903733104,36.9458949903139
MA010120220812939312,다향LPG,,G2,소매,G214,연료 소매,G21402,가스 충전소,G47712,운송장비용 가스 충전업,46,전라남도,46780,보성군,46780250,보성읍,4678025021,보성읍,4678025021103420020,1,대지,342,20,전라남도 보성군 보성읍 보성리 342-20,467804670293,전라남도 보성군 보성읍 용문길,11,,4678025021103420020106428,,전라남도 보성군 보성읍 용문길 11,546802,59454,,,,127.093444707314,34.7719199072915
MA010120220812921562,대흥엘피지,,G2,소매,G214,연료 소매,G21402,가스 충전소,G47712,운송장비용 가스 충전업,27,대구광역시,27720,군위군,27720250,군위읍,2772025021,군위읍,2772025021104630002,1,대지,463,2,대구광역시 군위군 군위읍 동부리 463-2,277203314001,대구광역시 군위군 군위읍 군청로,127,,4772025021104630002012077,,대구광역시 군위군 군위읍 군청로 127,716804,43119,,,,128.571884353968,36.2347794199476
MA010120220812833141,이은에너지,,G2,소매,G214,연료 소매,G21402,가스 충전소,G47712,운송장비용 가스 충전업,28,인천광역시,28260,서구,28260580,가좌1동,2826011200,가좌동,2826011200101780012,1,대지,178,12,인천광역시 서구 가좌동 178-12,282603153084,인천광역시 서구 백범로,845,,2826011200101780012020799,,인천광역시 서구 백범로 845,404812,22841,,,,126.664047019229,37.4844383891047
MA010120220813089299,배성에너지경남충전소,,G2,소매,G214,연료 소매,G21402,가스 충전소,G47712,운송장비용 가스 충전업,48,경상남도,48127,창원시 마산회원구,48127620,봉암동,4812710300,봉암동,4812710300104690017,1,대지,469,17,경상남도 창원시 마산회원구 봉암동 469-17,481273328037,경상남도 창원시 마산회원구 봉양로,86,,4812710300204690017051965,,경상남도 창원시 마산회원구 봉양로 86,630804,51341,,,,128.59630897667,35.2202066055255
MA010120220813069676,대성산업아천충전소,,G2,소매,G214,연료 소매,G21402,가스 충전소,G47712,운송장비용 가스 충전업,41,경기도,41310,구리시,41310541,교문1동,4131010600,아천동,4131010600100970003,1,대지,97,3,경기도 구리시 아천동 97-3,413103000002,경기도 구리시 아차산로,196,,4131010600100970003013537,,경기도 구리시 아차산로 196,471800,11962,,,,127.122767335042,37.5742495684712
MA010120220813003263,김종순,,G2,소매,G214,연료 소매,G21402,가스 충전소,G47712,운송장비용 가스 충전업,50,제주특별자치도,50130,서귀포시,50130320,표선면,5013032022,표선면,5013032022101340001,1,대지,134,1,제주특별자치도 서귀포시 표선면 하천리 134-1,501303349235,제주특별자치도 서귀포시 표선면 일주동로,5691,,5013032022101340001000001,,제주특별자치도 서귀포시 표선면 일주동로 5691,699916,63627,,,,126.84283968812,33.3373257954575
MA010120220812960881,영진에너지,,G2,소매,G214,연료 소매,G21402,가스 충전소,G47712,운송장비용 가스 충전업,29,광주광역시,29200,광산구,29200580,우산동,2920010900,우산동,2920010900101790009,1,대지,179,9,광주광역시 광산구 우산동 179-9,292002009004,광주광역시 광산구 상무대로,483,,2920010900101790009000001,,광주광역시 광산구 상무대로 483,506812,62362,,,,126.818531083561,35.1435079472365
MA010120220812985204,대우가스충전소,,G2,소매,G214,연료 소매,G21402,가스 충전소,G47712,운송장비용 가스 충전업,44,충청남도,44270,당진시,44270250,합덕읍,4427025021,합덕읍,4427025021100820000,1,대지,82,,충청남도 당진시 합덕읍 운산리 82,442703265118,충청남도 당진시 합덕읍 남부로,1985,,4483025321100730002005632,,충청남도 당진시 합덕읍 남부로 1985,343907,31812,,,,126.781553739809,36.7964039920287
MA010120220813020615,동유,,G2,소매,G214,연료 소매,G21402,가스 충전소,G47712,운송장비용 가스 충전업,52,전북특별자치도,52111,전주시 완산구,52111714,효자4동,5211114500,상림동,5211114500100670026,1,대지,67,26,전북특별자치도 전주시 완산구 상림동 67-26,521113016001,전북특별자치도 전주시 완산구 콩쥐팥쥐로,1586,,4511114500100670026000001,가스충전소,전북특별자치도 전주시 완산구 콩쥐팥쥐로 1586,560510,55067,,,,127.072872990747,35.8248056805304
MA010120220812980750,은계충전소,,G2,소매,G214,연료 소매,G21402,가스 충전소,G47712,운송장비용 가스 충전업,41,경기도,41390,시흥시,41390540,은행동,4139010600,은행동,4139010600106300000,1,대지,630,,경기도 시흥시 은행동 630,413903351222,경기도 시흥시 은계중앙로,192,,4139010600106300000000001,,경기도 시흥시 은계중앙로 192,429060,14923,,,,126.808277656937,37.4430887431103
MA010120220813079257,용성에너지,,G2,소매,G214,연료 소매,G21402,가스 충전소,G47712,운송장비용 가스 충전업,41,경기도,41480,파주시,41480540,교하동,4148010700,교하동,4148010700105430000,1,대지,543,,경기도 파주시 교하동 543,414803206006,경기도 파주시 교하로,1350,,4148010700105430000000001,,경기도 파주시 교하로 1350,413070,10867,,,,126.741771571704,37.7520824140785
MA010120220812970596,복지둔촌충전소,,G2,소매,G214,연료 소매,G21402,가스 충전소,G47712,운송장비용 가스 충전업,11,서울특별시,11740,강동구,11740700,둔촌2동,1174010600,둔촌동,1174010600101150001,1,대지,115,1,서울특별시 강동구 둔촌동 115-1,117403000034,서울특별시 강동구 동남로,563,,1174010600101150001000001,,서울특별시 강동구 동남로 563,134818,05413,,,,127.146478167071,37.5254695418343
MA010120220812983401,강원가스,,G2,소매,G214,연료 소매,G21402,가스 충전소,G47712,운송장비용 가스 충전업,51,강원특별자치도,51730,횡성군,51730310,우천면,5173031027,우천면,5173031027102110004,1,대지,211,4,강원특별자치도 횡성군 우천면 상대리 211-4,517303226097,강원특별자치도 횡성군 우천면 봉화로,83,,4273031027102110004000001,,강원특별자치도 횡성군 우천면 봉화로 83,225812,25246,,,,128.092223556637,37.4501984476877
MA010120220813057602,용원가스충전소,,G2,소매,G214,연료 소매,G21402,가스 충전소,G47712,운송장비용 가스 충전업,48,경상남도,48129,창원시 진해구,48129640,웅동1동,4812916100,두동,4812916100110880026,1,대지,1088,26,경상남도 창원시 진해구 두동 1088-26,481292000030,경상남도 창원시 진해구 진해대로,2128,,4812916100110880026025718,,경상남도 창원시 진해구 진해대로 2128,645490,51600,,,,128.798696179719,35.116901398693
MA010120220813103320,영광안전가스,,G2,소매,G214,연료 소매,G21402,가스 충전소,G47712,운송장비용 가스 충전업,48,경상남도,48220,통영시,48220310,용남면,4822031025,용남면,4822031025109170043,1,대지,917,43,경상남도 통영시 용남면 원평리 917-43,482203333047,경상남도 통영시 용남면 견내량로,24,24,4822031025109170043012654,,경상남도 통영시 용남면 견내량로 24-24,650837,53025,,,,128.461546703429,34.8883201659093
MA010120220812951519,나주씨엔지스테이션,,G2,소매,G214,연료 소매,G21402,가스 충전소,G47712,운송장비용 가스 충전업,46,전라남도,46170,나주시,46170320,왕곡면,4617032032,왕곡면,4617032032100100003,1,대지,10,3,전라남도 나주시 왕곡면 장산리 10-3,461703284048,전라남도 나주시 왕곡면 영산포로,30,9,4617032032100100003000001,,전라남도 나주시 왕곡면 영산포로 30-9,520882,58276,,,,126.705806028638,34.9861328893546
MA010120220812959808,광주엘피지충전소,,G2,소매,G214,연료 소매,G21402,가스 충전소,G47712,운송장비용 가스 충전업,29,광주광역시,29200,광산구,29200660,동곡동,2920013800,하산동,2920013800101500001,1,대지,150,1,광주광역시 광산구 하산동 150-1,292003163008,광주광역시 광산구 동곡로,122,,2920013800101500001000001,,광주광역시 광산구 동곡로 122,506550,62461,,,,126.773247425076,35.0945777793014
MA010120220813010407,제이제이네트웍스궁내동가스충전소,,G2,소매,G214,연료 소매,G21402,가스 충전소,G47712,운송장비용 가스 충전업,41,경기도,41135,성남시 분당구,41135662,금곡동,4113511200,궁내동,4113511200102040006,1,대지,204,6,경기도 성남시 분당구 궁내동 204-6,411353180005,경기도 성남시 분당구 대왕판교로,272,,4113511200102040006070925,,경기도 성남시 분당구 대왕판교로 272,463869,13550,,,,127.102211639589,37.3679738688789
MA010120220813010409,오름씨앤엔내촌충전소,,G2,소매,G214,연료 소매,G21402,가스 충전소,G47712,운송장비용 가스 충전업,41,경기도,41650,포천시,41650320,내촌면,4165032024,내촌면,4165032024102750020,1,대지,275,20,경기도 포천시 내촌면 내리 275-20,416503000121,경기도 포천시 내촌면 금강로,2427,,4165032024102750020005196,,경기도 포천시 내촌면 금강로 2427,487831,11189,,,,127.230147721525,37.7935218006571
MA010120220813257835,복지신정충전소,,G2,소매,G214,연료 소매,G21402,가스 충전소,G47712,운송장비용 가스 충전업,11,서울특별시,11470,양천구,11470680,신정7동,1147010100,신정동,1147010100101620015,1,대지,162,15,서울특별시 양천구 신정동 162-15,114703000010,서울특별시 양천구 안양천로,669,,1147010100101620015000001,,서울특별시 양천구 안양천로 669,158850,08103,,,,126.870997790057,37.5071004512284
MA010120220813224462,우정혁신도시충전소,,G2,소매,G214,연료 소매,G21402,가스 충전소,G47712,운송장비용 가스 충전업,31,울산광역시,31110,중구,31110650,성안동,3111010700,교동,3111010700101230000,1,대지,123,,울산광역시 중구 교동 123,311103169014,울산광역시 중구 성안로,71,,3111010700200390000000001,,울산광역시 중구 성안로 71,681300,44538,,,,129.315790080715,35.5674786720501
MA010120220813289061,하양LPG충전소,,G2,소매,G214,연료 소매,G21402,가스 충전소,G47712,운송장비용 가스 충전업,47,경상북도,47290,경산시,47290250,하양읍,4729025022,하양읍,4729025022108700001,1,대지,870,1,경상북도 경산시 하양읍 동서리 870-1,472903018052,경상북도 경산시 하양읍 하양로,254,,4729025022108700001029908,,경상북도 경산시 하양읍 하양로 254,712908,38420,,,,128.833383799988,35.9191934354586
MA010120220813208582,투게더수소충전소,,G2,소매,G214,연료 소매,G21402,가스 충전소,G47712,운송장비용 가스 충전업,31,울산광역시,31140,남구,31140670,야음장생포동,3114010800,야음동,3114010800102200007,1,대지,220,7,울산광역시 남구 야음동 220-7,311403170038,울산광역시 남구 신화로,99,,3114010800102200007003713,,울산광역시 남구 신화로 99,680834,44759,,,,129.340525237145,35.526119816885
MA010120220813138724,반디가스,광양점,G2,소매,G214,연료 소매,G21402,가스 충전소,G47712,운송장비용 가스 충전업,46,전라남도,46230,광양시,46230250,광양읍,4623025030,광양읍,4623025030107930000,1,대지,793,,전라남도 광양시 광양읍 용강리 793,462304655368,전라남도 광양시 광양읍 용두길,14,,4623025030107930000030404,,전라남도 광양시 광양읍 용두길 14,545801,57749,,,,127.601152700139,34.9662526070656
MA010120220813138817,한일가스산업송현충전소,,G2,소매,G214,연료 소매,G21402,가스 충전소,G47712,운송장비용 가스 충전업,28,인천광역시,28140,동구,28140570,송현3동,2814010300,송현동,2814010300100010775,1,대지,1,775,인천광역시 동구 송현동 1-775,281402008002,인천광역시 동구 중봉대로,93,,2814010300100010775000001,,인천광역시 동구 중봉대로 93,401800,22525,,,,126.646074381096,37.4882151830194
MA010120220813276386,선산엘피지충전소,,G2,소매,G214,연료 소매,G21402,가스 충전소,G47712,운송장비용 가스 충전업,47,경상북도,47190,구미시,47190253,고아읍,4719025323,고아읍,4719025323104700008,1,대지,470,8,경상북도 구미시 고아읍 오로리 470-8,471902308003,경상북도 구미시 고아읍 선산대로,1211,,4719025323104700008018043,,경상북도 구미시 고아읍 선산대로 1211,730816,39136,,,,128.31042314069,36.2244485693552
MA010120220813277815,복지개화충전소,,G2,소매,G214,연료 소매,G21402,가스 충전소,G47712,운송장비용 가스 충전업,11,서울특별시,11500,강서구,11500640,방화2동,1150011000,개화동,1150011000105090004,1,대지,509,4,서울특별시 강서구 개화동 509-4,115003000011,서울특별시 강서구 개화동로,416,,1150011000105090002000002,외,서울특별시 강서구 개화동로 416,157222,07505,,,,126.801793277163,37.574921865812
MA010120220813166029,현대가스에너지,,G2,소매,G214,연료 소매,G21402,가스 충전소,G47712,운송장비용 가스 충전업,41,경기도,41550,안성시,41550350,대덕면,4155035023,대덕면,4155035023101070003,1,대지,107,3,경기도 안성시 대덕면 모산리 107-3,415503208055,경기도 안성시 대덕면 모산로,213,,4155035023101070003000001,,경기도 안성시 대덕면 모산로 213,456833,17543,,,,127.243573291487,37.0383165960867
MA010120220813204378,유림충전소,,G2,소매,G214,연료 소매,G21402,가스 충전소,G47712,운송장비용 가스 충전업,41,경기도,41461,용인시 처인구,41461530,유림동,4146110500,유방동,4146110500105320001,1,대지,532,1,경기도 용인시 처인구 유방동 532-1,414612012009,경기도 용인시 처인구 백옥대로,1214,,4146110500105320001000002,,경기도 용인시 처인구 백옥대로 1214,449935,17043,,,,127.212290971636,37.2433316268486
MA010120220813433359,에스에치파인,,G2,소매,G214,연료 소매,G21402,가스 충전소,G47712,운송장비용 가스 충전업,41,경기도,41273,안산시 단원구,41273565,신길동,4127310300,신길동,4127310300116310000,1,대지,1631,,경기도 안산시 단원구 신길동 1631,412734373212,경기도 안산시 단원구 신길로1길,10,,4127310300116310000000001,,경기도 안산시 단원구 신길로1길 10,425120,15402,,,,126.786075309061,37.3307923450012
MA010120220813307307,금정남광주LPG충전소,,G2,소매,G214,연료 소매,G21402,가스 충전소,G47712,운송장비용 가스 충전업,29,광주광역시,29155,남구,29155720,송암동,2915511200,송하동,2915511200100910003,1,대지,91,3,광주광역시 남구 송하동 91-3,291552161001,광주광역시 남구 서문대로,497,,2915511200100910003000002,외,광주광역시 남구 서문대로 497,503819,61740,,,,126.886691584442,35.1088793196621
MA010120220813307384,청호이앤에스영암가스지점,,G2,소매,G214,연료 소매,G21402,가스 충전소,G47712,운송장비용 가스 충전업,46,전라남도,46830,영암군,46830250,영암읍,4683025035,영암읍,4683025035101560005,1,대지,156,5,전라남도 영암군 영암읍 학송리 156-5,468303284049,전라남도 영암군 영암읍 예향로,1200,,4683025035101560004044469,,전라남도 영암군 영암읍 예향로 1200,526803,58422,,,,126.735543650437,34.7875424312354
MA010120220813337199,세광이앤지,,G2,소매,G214,연료 소매,G21402,가스 충전소,G47712,운송장비용 가스 충전업,29,광주광역시,29200,광산구,29200690,본량동,2920017700,양산동,2920017700100810001,1,대지,81,1,광주광역시 광산구 양산동 81-1,292003000081,광주광역시 광산구 본동로,538,,2920017700100810001000001,,광주광역시 광산구 본동로 538,506408,62403,,,,126.682665072687,35.200878864477
MA010120220813379120,에스케이남세종충전소,,G2,소매,G214,연료 소매,G21402,가스 충전소,G47712,운송장비용 가스 충전업,36,세종특별자치시,36110,세종특별자치시,36110510,한솔동,3611010500,가람동,3611010500106190000,1,대지,619,,세종특별자치시 세종특별자치시 가람동 619,361103258061,세종특별자치시 세종특별자치시 금송로,595,,3611010500106190000000001,SK남세종충전소,세종특별자치시 세종특별자치시 금송로 595,339001,30065,,,,127.244835712667,36.464959798055
MA010120220813414353,라인45충전소,,G2,소매,G214,연료 소매,G21402,가스 충전소,G47712,운송장비용 가스 충전업,41,경기도,41220,평택시,41220250,팽성읍,4122025022,팽성읍,4122025022102180008,1,대지,218,8,경기도 평택시 팽성읍 남산리 218-8,412203188112,경기도 평택시 팽성읍 팽성로,226,,4122025022102180008035157,,경기도 평택시 팽성읍 팽성로 226,451803,17996,,,,127.060686278131,36.9545611551156
MA010120220813365089,과천엘피지충전소,,G2,소매,G214,연료 소매,G21402,가스 충전소,G47712,운송장비용 가스 충전업,41,경기도,41290,과천시,41290550,과천동,4129010500,과천동,4129010500100300000,1,대지,30,,경기도 과천시 과천동 30,412903206129,경기도 과천시 중앙로,526,,4129010500100300000003165,과천엘피지충전소,경기도 과천시 중앙로 526,427060,13821,,,,127.009900807642,37.4557228653092
MA010120220813463244,모과나무충전소,,G2,소매,G214,연료 소매,G21402,가스 충전소,G47712,운송장비용 가스 충전업,41,경기도,41461,용인시 처인구,41461253,모현읍,4146125325,모현읍,4146125325100240000,1,대지,24,,경기도 용인시 처인구 모현읍 매산리 24,414612012014,경기도 용인시 처인구 모현읍 포은대로,230,,4146131025100240000000476,,경기도 용인시 처인구 모현읍 포은대로 230,449853,17032,,,,127.220193909657,37.352468601162
MA010120220813297541,남악아이씨개발청기와에너지,,G2,소매,G214,연료 소매,G21402,가스 충전소,G47712,운송장비용 가스 충전업,46,전라남도,46800,장흥군,46800320,안양면,4680032021,안양면,4680032021106870009,1,대지,687,9,전라남도 장흥군 안양면 기산리 687-9,468003017028,전라남도 장흥군 안양면 남부관광로,310,,4680032021106870009028259,,전라남도 장흥군 안양면 남부관광로 310,529851,59338,,,,126.942146728797,34.6768237361163
MA010120220813396483,그린에너지,,G2,소매,G214,연료 소매,G21402,가스 충전소,G47712,운송장비용 가스 충전업,41,경기도,41480,파주시,41480370,적성면,4148037026,적성면,4148037026101570002,1,대지,157,2,경기도 파주시 적성면 가월리 157-2,414803012060,경기도 파주시 적성면 감악산로,1457,,4148037026101570002006050,,경기도 파주시 적성면 감악산로 1457,413911,10802,,,,126.920260810888,37.9757018827048
MA010120220813333245,경원LPG충전소,,G2,소매,G214,연료 소매,G21402,가스 충전소,G47712,운송장비용 가스 충전업,47,경상북도,47150,김천시,47150536,평화남산동,4715010500,평화동,4715010500100900000,1,대지,90,,경상북도 김천시 평화동 90,471502306002,경상북도 김천시 영남대로,1630,,4715010500100900000002592,,경상북도 김천시 영남대로 1630,740982,39573,,,,128.112463495953,36.1298942652674
MA010120220813347136,경서에너지석전충전소,,G2,소매,G214,연료 소매,G21402,가스 충전소,G47712,운송장비용 가스 충전업,48,경상남도,48127,창원시 마산회원구,48127250,내서읍,4812725025,내서읍,4812725025111190018,1,대지,1119,18,경상남도 창원시 마산회원구 내서읍 중리 1119-18,481274790288,경상남도 창원시 마산회원구 내서읍 중리공단로5길,1,,4812725025100180314005701,,경상남도 창원시 마산회원구 내서읍 중리공단로5길 1,630857,51232,,,,128.515590996189,35.2475335110598
MA010120220813602709,아시아드충전소,,G2,소매,G214,연료 소매,G21402,가스 충전소,G47712,운송장비용 가스 충전업,26,부산광역시,26710,기장군,26710259,일광읍,2671025931,일광읍,2671025931100900001,1,대지,90,1,부산광역시 기장군 일광읍 화전리 90-1,267102006018,부산광역시 기장군 일광읍 기장대로,1000,,2671031031100900001010022,,부산광역시 기장군 일광읍 기장대로 1000,619912,46041,,,,129.233555392033,35.2825824860919
MA010120220813585183,평안에너지도봉충전소,,G2,소매,G214,연료 소매,G21402,가스 충전소,G47712,운송장비용 가스 충전업,11,서울특별시,11320,도봉구,11320521,도봉1동,1132010800,도봉동,1132010800103760000,1,대지,376,,서울특별시 도봉구 도봉동 376,113203005039,서울특별시 도봉구 도봉로,983,,1132010800103760000000001,,서울특별시 도봉구 도봉로 983,132806,01301,,,,127.044626833727,37.692406168021
MA010120220813585201,씨에스에너지샛별LPG충전소,,G2,소매,G214,연료 소매,G21402,가스 충전소,G47712,운송장비용 가스 충전업,47,경상북도,47150,김천시,47150250,아포읍,4715025025,아포읍,4715025025105040001,1,대지,504,1,경상북도 김천시 아포읍 대신리 504-1,471502018001,경상북도 김천시 아포읍 아포대로,696,,4715025025105040001000001,,경상북도 김천시 아포읍 아포대로 696,740863,39672,,,,128.204058987572,36.1564575373964
MA010120220813585301,지원네트웍스부산강서LPG충전소,,G2,소매,G214,연료 소매,G21402,가스 충전소,G47712,운송장비용 가스 충전업,26,부산광역시,26440,강서구,26440510,대저1동,2644010100,대저1동,2644010100120400000,1,대지,2040,,부산광역시 강서구 대저1동 2040,264403006026,부산광역시 강서구 낙동북로,310,,2644010100120400000005532,,부산광역시 강서구 낙동북로 310,618806,46704,,,,128.962572051523,35.2125055697952
MA010120220813605028,반디이원전주점,,G2,소매,G214,연료 소매,G21402,가스 충전소,G47712,운송장비용 가스 충전업,52,전북특별자치도,52111,전주시 완산구,52111714,효자4동,5211114100,효자동2가,5211114100113590000,1,대지,1359,,전북특별자치도 전주시 완산구 효자동2가 1359,521113266046,전북특별자치도 전주시 완산구 쑥고개로,330,,4511114100103390001005308,,전북특별자치도 전주시 완산구 쑥고개로 330,560242,55079,,,,127.101915325701,35.80181141095
MA010120220813555282,오케이종합에너지,,G2,소매,G214,연료 소매,G21402,가스 충전소,G47712,운송장비용 가스 충전업,52,전북특별자치도,52180,정읍시,52180340,고부면,5218034033,고부면,5218034033100250000,1,대지,25,,전북특별자치도 정읍시 고부면 만수리 25,521803270059,전북특별자치도 정읍시 고부면 영원로,163,,4518034033100250000000001,,전북특별자치도 정읍시 고부면 영원로 163,580864,56152,,,,126.801175421123,35.5904487368429
MA010120220813558110,해룡LPG충전소,,G2,소매,G214,연료 소매,G21402,가스 충전소,G47712,운송장비용 가스 충전업,46,전라남도,46150,순천시,46150310,해룡면,4615031024,해룡면,4615031024103310001,1,대지,331,1,전라남도 순천시 해룡면 대안리 331-1,461503282087,전라남도 순천시 해룡면 여순로,1643,,4615031024103310001000001,,전라남도 순천시 해룡면 여순로 1643,540851,58019,,,,127.526697669141,34.918717097175
MA010120220813602542,재원상사,,G2,소매,G214,연료 소매,G21402,가스 충전소,G47712,운송장비용 가스 충전업,11,서울특별시,11230,동대문구,11230560,전농1동,1123010400,전농동,1123010400105910053,1,대지,591,53,서울특별시 동대문구 전농동 591-53,112303105008,서울특별시 동대문구 왕산로,214,,1123010400101030001027191,캠브리지멤버스롯데백화점,서울특별시 동대문구 왕산로 214,130851,02555,,5,,127.051151377953,37.584195235259
MA010120220813614864,푸른가스건설동산충전소,,G2,소매,G214,연료 소매,G21402,가스 충전소,G47712,운송장비용 가스 충전업,52,전북특별자치도,52140,익산시,52140570,동산동,5214011100,동산동,5214011100110030001,1,대지,1003,1,전북특별자치도 익산시 동산동 1003-1,521403269066,전북특별자치도 익산시 평동로,854,,4514011100110030001082443,,전북특별자치도 익산시 평동로 854,570959,54679,,,,126.971767335333,35.9240433585371
MA010120220813635001,스타에너지,,G2,소매,G214,연료 소매,G21402,가스 충전소,G47712,운송장비용 가스 충전업,44,충청남도,44770,서천군,44770390,종천면,4477039026,종천면,4477039026103010005,1,대지,301,5,충청남도 서천군 종천면 화산리 301-5,447703252053,충청남도 서천군 종천면 충서로,187,,4477039026103010005015805,,충청남도 서천군 종천면 충서로 187,325872,33612,,,,126.664168169276,36.0963873559416
MA010120220813480796,고룡산충전소,,G2,소매,G214,연료 소매,G21402,가스 충전소,G47712,운송장비용 가스 충전업,44,충청남도,44200,아산시,44200370,영인면,4420037030,영인면,4420037030105160016,1,대지,516,16,충청남도 아산시 영인면 신봉리 516-16,442003000190,충청남도 아산시 영인면 장영실로,615,,4420037030105160016093533,,충청남도 아산시 영인면 장영실로 615,336822,31401,,,,126.978178446491,36.8965982878539
MA010120220813486097,광신가스을숙도대로충전소,,G2,소매,G214,연료 소매,G21402,가스 충전소,G47712,운송장비용 가스 충전업,26,부산광역시,26380,사하구,26380572,신평2동,2638010400,신평동,2638010400103700053,1,대지,370,53,부산광역시 사하구 신평동 370-53,263802006011,부산광역시 사하구 을숙도대로,528,,2638010400103700053029594,,부산광역시 사하구 을숙도대로 528,604032,49471,,,,128.963370283479,35.0849664386183
MA010120220813486109,문화유산한옥지점,,G2,소매,G214,연료 소매,G21402,가스 충전소,G47712,운송장비용 가스 충전업,44,충청남도,44131,천안시 동남구,44131570,신방동,4413111600,신방동,4413111600108070002,1,대지,807,2,충청남도 천안시 동남구 신방동 807-2,441313249071,충청남도 천안시 동남구 충무로,26,,4413111600108070002035702,,충청남도 천안시 동남구 충무로 26,330940,31178,,,,127.115637360579,36.784887966034
MA010120220813505862,한승에너지,,G2,소매,G214,연료 소매,G21402,가스 충전소,G47712,운송장비용 가스 충전업,47,경상북도,47113,포항시 북구,47113250,흥해읍,4711325041,흥해읍,4711325041111470029,1,대지,1147,29,경상북도 포항시 북구 흥해읍 용천리 1147-29,471132000023,경상북도 포항시 북구 흥해읍 동해대로,1916,,4711325041111470029045919,,경상북도 포항시 북구 흥해읍 동해대로 1916,791942,37531,,,,129.349609360262,36.1424469263067
MA010120220813471284,고색자연LPG충전소,,G2,소매,G214,연료 소매,G21402,가스 충전소,G47712,운송장비용 가스 충전업,41,경기도,41113,수원시 권선구,41113550,평동,4111312800,고색동,4111312800105330011,1,대지,533,11,경기도 수원시 권선구 고색동 533-11,411133012003,경기도 수원시 권선구 매송고색로,636,2,4111312800105330011052901,,경기도 수원시 권선구 매송고색로 636-2,441811,16641,,,,126.974549634355,37.2480334167263
MA010120220813511960,협진충전소,,G2,소매,G214,연료 소매,G21402,가스 충전소,G47712,운송장비용 가스 충전업,28,인천광역시,28245,계양구,28245622,작전2동,2824510300,작전동,2824510300104290009,1,대지,429,9,인천광역시 계양구 작전동 429-9,282453155024,인천광역시 계양구 아나지로,275,,2824510300104290009063905,,인천광역시 계양구 아나지로 275,407816,21120,,,,126.722869779778,37.5256587052639
MA010120220813600403,상산LPG충전소,,G2,소매,G214,연료 소매,G21402,가스 충전소,G47712,운송장비용 가스 충전업,47,경상북도,47250,상주시,47250530,북문동,4725013300,만산동,4725013300102260001,1,대지,226,1,경상북도 상주시 만산동 226-1,472503311032,경상북도 상주시 상산로,458,,4725013300102260001097617,,경상북도 상주시 상산로 458,742260,37160,,,,128.158157192963,36.4322517529015
MA010120220813504431,정림가스충전소,,G2,소매,G214,연료 소매,G21402,가스 충전소,G47712,운송장비용 가스 충전업,30,대전광역시,30170,서구,30170535,정림동,3017010400,정림동,3017010400102930010,1,대지,293,10,대전광역시 서구 정림동 293-10,301703000095,대전광역시 서구 계백로,1275,,3017010400102930010016423,,대전광역시 서구 계백로 1275,302855,35348,,,,127.364394955623,36.3080673463555
MA010120220813629066,동신충전소,,G2,소매,G214,연료 소매,G21402,가스 충전소,G47712,운송장비용 가스 충전업,52,전북특별자치도,52790,고창군,52790420,신림면,5279042029,신림면,5279042029107230004,1,대지,723,4,전북특별자치도 고창군 신림면 자포리 723-4,527902279001,전북특별자치도 고창군 신림면 고인돌대로,2100,,4579042029107230004000001,,전북특별자치도 고창군 신림면 고인돌대로 2100,585833,56425,,,,126.69849341318,35.4662166541131
MA010120220813733416,평택휴게소수소충전소에이치케이하이웨이,,G2,소매,G214,연료 소매,G21402,가스 충전소,G47712,운송장비용 가스 충전업,41,경기도,41220,평택시,41220259,청북읍,4122025921,청북읍,4122025921100730018,1,대지,73,18,경기도 평택시 청북읍 현곡리 73-18,412201000019,경기도 평택시 청북읍 평택제천고속도로,6,,4122025921100730018000001,평택복합휴게시설,경기도 평택시 청북읍 평택제천고속도로 6,451831,17797,,,,126.944570270153,37.0447530556601
MA010120220813775635,서인천LPG충전소,,G2,소매,G214,연료 소매,G21402,가스 충전소,G47712,운송장비용 가스 충전업,28,인천광역시,28260,서구,28260515,검암경서동,2826010400,경서동,2826010400102490083,1,대지,249,83,인천광역시 서구 경서동 249-83,282602008010,인천광역시 서구 경명대로,442,,2826010400002490083556255,,인천광역시 서구 경명대로 442,404170,22733,,,,126.657156837299,37.5521737299021
MA010120220813761017,한영가스충전소,,G2,소매,G214,연료 소매,G21402,가스 충전소,G47712,운송장비용 가스 충전업,11,서울특별시,11320,도봉구,11320670,쌍문2동,1132010500,쌍문동,1132010500107150001,1,대지,715,1,서울특별시 도봉구 쌍문동 715-1,113203005039,서울특별시 도봉구 도봉로,627,,1132010500107150001006369,,서울특별시 도봉구 도봉로 627,132896,01392,,,,127.041298501514,37.6606568788435
MA010120220813761355,부평IC충전소,,G2,소매,G214,연료 소매,G21402,가스 충전소,G47712,운송장비용 가스 충전업,28,인천광역시,28237,부평구,28237592,청천2동,2823710400,청천동,2823710400104370001,1,대지,437,1,인천광역시 부평구 청천동 437-1,282373154028,인천광역시 부평구 부평북로,253,,2823710400104370001007461,,인천광역시 부평구 부평북로 253,403858,21315,,,,126.721318983277,37.522870967267
MA010120220813769438,목감신도시충전소,,G2,소매,G214,연료 소매,G21402,가스 충전소,G47712,운송장비용 가스 충전업,41,경기도,41390,시흥시,41390570,목감동,4139012400,조남동,4139012400106510000,1,대지,651,,경기도 시흥시 조남동 651,413903199013,경기도 시흥시 동서로,950,,4139012400106510000000001,,경기도 시흥시 동서로 950,429320,14989,,,,126.850015514508,37.3779783734465
MA010120220813753443,유성,,G2,소매,G214,연료 소매,G21402,가스 충전소,G47712,운송장비용 가스 충전업,41,경기도,41550,안성시,41550250,공도읍,4155025029,공도읍,4155025029102900007,1,대지,290,7,경기도 안성시 공도읍 만정리 290-7,415502012006,경기도 안성시 공도읍 서동대로,4287,12,4155025029102900007028492,,경기도 안성시 공도읍 서동대로 4287-12,456823,17550,,,,127.179326919918,37.0057219634183
MA010120220813664413,대공원충전소,,G2,소매,G214,연료 소매,G21402,가스 충전소,G47712,운송장비용 가스 충전업,27,대구광역시,27260,수성구,27260510,범어1동,2726010100,범어동,2726010100107750064,1,대지,775,64,대구광역시 수성구 범어동 775-64,272603007004,대구광역시 수성구 동대구로,255,,2726010100107750064019623,,대구광역시 수성구 동대구로 255,706825,42140,,,,128.624666973123,35.8533081134226
MA010120220813759335,이화LPG충전소,,G2,소매,G214,연료 소매,G21402,가스 충전소,G47712,운송장비용 가스 충전업,41,경기도,41550,안성시,41550310,보개면,4155031024,보개면,4155031024102120001,1,대지,212,1,경기도 안성시 보개면 상삼리 212-1,415502012006,경기도 안성시 보개면 서동대로,5894,,4155031024102110000033873,,경기도 안성시 보개면 서동대로 5894,456872,17508,,,,127.339910851003,37.027960674304
MA010120220813678088,KTXLPG충전소,,G2,소매,G214,연료 소매,G21402,가스 충전소,G47712,운송장비용 가스 충전업,44,충청남도,44200,아산시,44200253,배방읍,4420025331,배방읍,4420025331111960000,1,대지,1196,,충청남도 아산시 배방읍 장재리 1196,442003015035,충청남도 아산시 배방읍 이순신대로,832,,4420025331111960000000001,,충청남도 아산시 배방읍 이순신대로 832,336857,31462,,,,127.093079424337,36.7981991835766
MA010120220813757346,구산충전소,,G2,소매,G214,연료 소매,G21402,가스 충전소,G47712,운송장비용 가스 충전업,28,인천광역시,28237,부평구,28237670,일신동,2823710900,구산동,2823710900100030001,1,대지,3,1,인천광역시 부평구 구산동 3-1,282373000028,인천광역시 부평구 경인로,1203,,2823710900100030001300074,,인천광역시 부평구 경인로 1203,403110,21417,,,,126.753563162278,37.4838390991855
MA010120220813741136,가인에너지,,G2,소매,G214,연료 소매,G21402,가스 충전소,G47712,운송장비용 가스 충전업,46,전라남도,46900,진도군,46900250,진도읍,4690025025,진도읍,4690025025100850002,1,대지,85,2,전라남도 진도군 진도읍 남동리 85-2,469003301024,전라남도 진도군 진도읍 왕온로,119,,4690025025100850000000001,,전라남도 진도군 진도읍 왕온로 119,539802,58928,,,,126.26667007836,34.4722267517808
MA010120220813741497,에이스충전소,,G2,소매,G214,연료 소매,G21402,가스 충전소,G47712,운송장비용 가스 충전업,11,서울특별시,11500,강서구,11500611,발산1동,1150010700,외발산동,1150010700103840004,1,대지,384,4,서울특별시 강서구 외발산동 384-4,115002115001,서울특별시 강서구 방화대로,26,,1150010700103840002000001,,서울특별시 강서구 방화대로 26,157290,07506,,,,126.817074721282,37.5428890992255
MA010120220813925337,태성충전소,,G2,소매,G214,연료 소매,G21402,가스 충전소,G47712,운송장비용 가스 충전업,47,경상북도,47190,구미시,47190660,임오동,4719011700,임은동,4719011700104700003,1,대지,470,3,경상북도 구미시 임은동 470-3,471902018004,경상북도 구미시 금오대로,486,,4719011700104700003045634,,경상북도 구미시 금오대로 486,730130,39357,,,,128.360165328465,36.0852181009703
MA010120220813930708,금강산궁평지점,,G2,소매,G214,연료 소매,G21402,가스 충전소,G47712,운송장비용 가스 충전업,41,경기도,41800,연천군,41800320,청산면,4180032024,청산면,4180032024104980005,1,대지,498,5,경기도 연천군 청산면 궁평리 498-5,418003351217,경기도 연천군 청산면 동서로,1883,,4180032024104980005000001,,경기도 연천군 청산면 동서로 1883,486851,11020,,,,127.104217131759,38.0293420592608
MA010120220813841841,삼미상사미래로충전소,,G2,소매,G214,연료 소매,G21402,가스 충전소,G47712,운송장비용 가스 충전업,41,경기도,41480,파주시,41480570,운정3동,4148011300,동패동,4148011300100200001,1,대지,20,1,경기도 파주시 동패동 20-1,414803012097,경기도 파주시 미래로,292,,4148011300100200002000001,,경기도 파주시 미래로 292,413834,10904,,,,126.746495932198,37.7043413155474
MA010120220813957390,영주시민충전소,,G2,소매,G214,연료 소매,G21402,가스 충전소,G47712,운송장비용 가스 충전업,47,경상북도,47210,영주시,47210620,가흥1동,4721010500,가흥동,4721010500102790001,1,대지,279,1,경상북도 영주시 가흥동 279-1,472103309002,경상북도 영주시 가흥로,167,,4721010500102770001012457,,경상북도 영주시 가흥로 167,750901,36135,,,,128.612891634651,36.8126803672469
MA010120220813891185,KH에너지직영군위영천충전소영천방향,,G2,소매,G214,연료 소매,G21402,가스 충전소,G47712,운송장비용 가스 충전업,27,대구광역시,27720,군위군,27720360,산성면,2772036021,산성면,2772036021200150002,2,산,15,2,대구광역시 군위군 산성면 백학리 산15-2,277203310040,대구광역시 군위군 산성면 치산효령로,865,43,4772036028100900000000001,,대구광역시 군위군 산성면 치산효령로 865-43,716851,43160,,,,128.707768875428,36.0708198269666
MA010120220813937391,미성LPG충전소,,G2,소매,G214,연료 소매,G21402,가스 충전소,G47712,운송장비용 가스 충전업,43,충청북도,43111,청주시 상당구,43111340,남일면,4311134025,남일면,4311134025102700001,1,대지,270,1,충청북도 청주시 상당구 남일면 은행리 270-1,431113240010,충청북도 청주시 상당구 남일면 교육원로,24,,4371034029002700001067015,,충청북도 청주시 상당구 남일면 교육원로 24,360843,28188,,,,127.557926187755,36.5706562714933
MA010120220813950180,팔달에너지,,G2,소매,G214,연료 소매,G21402,가스 충전소,G47712,운송장비용 가스 충전업,27,대구광역시,27230,북구,27230715,관문동,2723012700,매천동,2723012700102690011,1,대지,269,11,대구광역시 북구 매천동 269-11,272302145001,대구광역시 북구 칠곡중앙대로,132,,2723012700102690011000001,,대구광역시 북구 칠곡중앙대로 132,702825,41482,,,,128.548226892583,35.9075213766199
MA010120220813839730,2공단수소충전소,,G2,소매,G214,연료 소매,G21402,가스 충전소,G47712,운송장비용 가스 충전업,52,전북특별자치도,52140,익산시,52140670,팔봉동,5214013600,석암동,5214013600103890075,1,대지,389,75,전북특별자치도 익산시 석암동 389-75,521403269056,전북특별자치도 익산시 석암로,169,,4514013600103890075000001,,전북특별자치도 익산시 석암로 169,570997,54589,,,,127.008700136863,35.943053594127
MA010120220813920359,능암온천충전소,,G2,소매,G214,연료 소매,G21402,가스 충전소,G47712,운송장비용 가스 충전업,43,충청북도,43130,충주시,43130370,앙성면,4313037034,앙성면,4313037034106820008,1,대지,682,8,충청북도 충주시 앙성면 능암리 682-8,431303238087,충청북도 충주시 앙성면 북부로,1569,,4313037034106820008000001,,충청북도 충주시 앙성면 북부로 1569,380863,27302,,,,127.79985412665,37.0942675536305
MA010120220813856666,똑이네,,G2,소매,G214,연료 소매,G21402,가스 충전소,G47712,운송장비용 가스 충전업,41,경기도,41131,성남시 수정구,41131625,위례동,4113110800,창곡동,4113110800105590005,1,대지,559,5,경기도 성남시 수정구 창곡동 559-5,411313350738,경기도 성남시 수정구 위례서일로,22,,4113110800101810002000001,이너매스우남,경기도 성남시 수정구 위례서일로 22,461210,13647,,,,127.13824389645,37.4649048221346
MA010120220813912613,조은가스,,G2,소매,G214,연료 소매,G21402,가스 충전소,G47712,운송장비용 가스 충전업,46,전라남도,46810,강진군,46810340,도암면,4681034031,도암면,4681034031200490013,2,산,49,13,전라남도 강진군 도암면 석문리 산49-13,468103293011,전라남도 강진군 도암면 다산로,1057,,4681034031200490013000001,,전라남도 강진군 도암면 다산로 1057,527882,59250,,,,126.727097373748,34.5614546209696
MA010120220813851302,오래타에너지,,G2,소매,G214,연료 소매,G21402,가스 충전소,G47712,운송장비용 가스 충전업,41,경기도,41570,김포시,41570515,김포본동,4157010200,걸포동,4157010200111830000,1,대지,1183,,경기도 김포시 걸포동 1183,415703209002,경기도 김포시 감암로,58,12,4157010200111840000000387,,경기도 김포시 감암로 58-12,415020,10099,,,,126.710913930632,37.6364609192389
MA010120220813837928,대기서남엘피지충전소,,G2,소매,G214,연료 소매,G21402,가스 충전소,G47712,운송장비용 가스 충전업,27,대구광역시,27290,달서구,27290555,감삼동,2729011300,감삼동,2729011300100640002,1,대지,64,2,대구광역시 달서구 감삼동 64-2,272902007002,대구광역시 달서구 달구벌대로,1631,,2729011300100640003018759,,대구광역시 달서구 달구벌대로 1631,704953,42641,,,,128.544652780752,35.8535435715592
MA010120220813970061,이천강가충전소,,G2,소매,G214,연료 소매,G21402,가스 충전소,G47712,운송장비용 가스 충전업,41,경기도,41500,이천시,41500253,부발읍,4150025323,부발읍,4150025323105580054,1,대지,558,54,경기도 이천시 부발읍 신원리 558-54,415002012012,경기도 이천시 부발읍 중부대로,1778,,4150025323105580053013340,이천강가충전소,경기도 이천시 부발읍 중부대로 1778,467862,17318,,,,127.503782689021,37.2896914274822
MA010120220814108548,진천IC수소충전소,,G2,소매,G214,연료 소매,G21402,가스 충전소,G47712,운송장비용 가스 충전업,43,충청북도,43750,진천군,43750250,진천읍,4375025039,진천읍,4375025039103960014,1,대지,396,14,충청북도 진천군 진천읍 상신리 396-14,437503014045,충청북도 진천군 진천읍 덕금로,106,30,4375025039103960014024933,,충청북도 진천군 진천읍 덕금로 106-30,365801,27846,,,,127.462866682956,36.869440923684
MA010120220814021783,수산동충전소,,G2,소매,G214,연료 소매,G21402,가스 충전소,G47712,운송장비용 가스 충전업,28,인천광역시,28200,남동구,28200660,남촌도림동,2820010800,수산동,2820010800103740000,1,대지,374,,인천광역시 남동구 수산동 374,282003153045,인천광역시 남동구 소래로,475,,2820010800103740000000001,수산동충전소,인천광역시 남동구 소래로 475,405290,21620,,,,126.731914815321,37.4321731013384
MA010120220814019483,한국그린충전포항지사,,G2,소매,G214,연료 소매,G21402,가스 충전소,G47712,운송장비용 가스 충전업,47,경상북도,47113,포항시 북구,47113700,장량동,4711312200,양덕동,4711312200101370000,1,대지,137,,경상북도 포항시 북구 양덕동 137,471132303001,경상북도 포항시 북구 새천년대로,1415,,4711312200101370000111806,포항시시내버스공용차고지,경상북도 포항시 북구 새천년대로 1415,791270,37597,,,,129.401583685971,36.0779238348691
MA010120220814088412,북서울에너지,,G2,소매,G214,연료 소매,G21402,가스 충전소,G47712,운송장비용 가스 충전업,41,경기도,41480,파주시,41480510,금촌1동,4148010200,아동동,4148010200101070002,1,대지,107,2,경기도 파주시 아동동 107-2,414803000008,경기도 파주시 통일로,630,,4148010200101070002000001,,경기도 파주시 통일로 630,413803,10944,,,,126.794110886078,37.7662765570935
MA010120220814023114,천수만주유소,,G2,소매,G214,연료 소매,G21402,가스 충전소,G47712,운송장비용 가스 충전업,44,충청남도,44825,태안군,44825320,남면,4482532027,남면,4482532027106220000,1,대지,622,,충청남도 태안군 남면 당암리 622,448253254221,충청남도 태안군 남면 천수만로,134,3,4482532027106220000004677,,충청남도 태안군 남면 천수만로 134-3,357953,32156,,,,126.325400113365,36.6253371800285
MA010120220814145528,울산제일충전소,,G2,소매,G214,연료 소매,G21402,가스 충전소,G47712,운송장비용 가스 충전업,31,울산광역시,31140,남구,31140570,삼산동,3114010500,달동,3114010500112720008,1,대지,1272,8,울산광역시 남구 달동 1272-8,311403169026,울산광역시 남구 번영로,104,,3114010500112720002008140,,울산광역시 남구 번영로 104,680804,44721,,1,,129.329670690038,35.5349712428158
MA010120220814033865,극동충전소,,G2,소매,G214,연료 소매,G21402,가스 충전소,G47712,운송장비용 가스 충전업,50,제주특별자치도,50110,제주시,50110520,일도2동,5011010200,일도이동,5011010200103570017,1,대지,357,17,제주특별자치도 제주시 일도이동 357-17,501103349055,제주특별자치도 제주시 동광로,141,,5011010200103570017024582,,제주특별자치도 제주시 동광로 141,690833,63253,,1,,126.541187394025,33.5085948728617
MA010120220814058972,복지장안충전소,,G2,소매,G214,연료 소매,G21402,가스 충전소,G47712,운송장비용 가스 충전업,11,서울특별시,11230,동대문구,11230610,답십리2동,1123010500,답십리동,1123010500100010336,1,대지,1,336,서울특별시 동대문구 답십리동 1-336,112303005038,서울특별시 동대문구 한천로,169,,1123010500100010336019573,,서울특별시 동대문구 한천로 169,130800,02534,,,,127.067164326976,37.5761413364108
MA010120220809863913,거제에너지-ENG,,G2,소매,G214,연료 소매,G21402,가스 충전소,G47712,운송장비용 가스 충전업,48,경상남도,48310,거제시,48310540,아주동,4831010400,아양동,4831010400101110001,1,대지,111,1,경상남도 거제시 아양동 111-1,483102006004,경상남도 거제시 거제대로,3241,,4831010400100340000035599,,경상남도 거제시 거제대로 3241,656902,53303,,,,128.712372760103,34.8633246909516
MA010120220809889672,개봉충전소,,G2,소매,G214,연료 소매,G21402,가스 충전소,G47712,운송장비용 가스 충전업,11,서울특별시,11530,구로구,11530740,개봉1동,1153010700,개봉동,1153010700101750016,1,대지,175,16,서울특별시 구로구 개봉동 175-16,115303000028,서울특별시 구로구 경인로,364,,1153010700101750016006791,,서울특별시 구로구 경인로 364,152806,08276,,,,126.860612120208,37.4965829326214
MA010120220809870339,엘림가스산업,,G2,소매,G214,연료 소매,G21402,가스 충전소,G47712,운송장비용 가스 충전업,48,경상남도,48310,거제시,48310510,장승포동,4831010300,두모동,4831010300104750001,1,대지,475,1,경상남도 거제시 두모동 475-1,483104811208,경상남도 거제시 두모길,3,18,4831010300104720001041649,,경상남도 거제시 두모길 3-18,656910,53317,,,,128.720675307435,34.8713548644493
MA010120220809865337,부산가스엔지니어링,,G2,소매,G214,연료 소매,G21402,가스 충전소,N75999,그 외 기타 분류 안된 사업 지원 서비스업,26,부산광역시,26410,금정구,26410555,금사회동동,2641011200,회동동,2641011200104000001,1,대지,400,1,부산광역시 금정구 회동동 400-1,264103135010,부산광역시 금정구 금사로,201,4,2641011200104000001009048,,부산광역시 금정구 금사로 201-4,609845,46258,,2,,129.119746650085,35.22857148572
MA010120220809927952,여주에너지,,G2,소매,G214,연료 소매,G21402,가스 충전소,G47712,운송장비용 가스 충전업,41,경기도,41670,여주시,41670520,중앙동,4167010700,하동,4167010700100990002,1,대지,99,2,경기도 여주시 하동 99-2,416703214045,경기도 여주시 영릉로,148,,4173025027100990002027105,,경기도 여주시 영릉로 148,469107,12643,,,,127.623645161117,37.2988245901342
MA010120220809901619,동해충전소,,G2,소매,G214,연료 소매,G21402,가스 충전소,G47712,운송장비용 가스 충전업,51,강원특별자치도,51150,강릉시,51150560,교2동,5115011000,교동,5115011000106130003,1,대지,613,3,강원특별자치도 강릉시 교동 613-3,511503220032,강원특별자치도 강릉시 율곡로,3054,,4215011000106130003008578,,강원특별자치도 강릉시 율곡로 3054,210922,25473,,,,128.889265810586,37.7746336729661
MA010120220809894638,오케이완주충전소,,G2,소매,G214,연료 소매,G21402,가스 충전소,G47712,운송장비용 가스 충전업,52,전북특별자치도,52710,완주군,52710320,상관면,5271032023,상관면,5271032023103050001,1,대지,305,1,전북특별자치도 완주군 상관면 용암리 305-1,527103266092,전북특별자치도 완주군 상관면 춘향로,4082,,4571032023103050001007444,,전북특별자치도 완주군 상관면 춘향로 4082,565833,55360,,,,127.235023030631,35.7170499505666
MA010120220809941316,에스케이경주충전소,,G2,소매,G214,연료 소매,G21402,가스 충전소,G47712,운송장비용 가스 충전업,47,경상북도,47130,경주시,47130615,용강동,4713012500,용강동,4713012500108600002,1,대지,860,2,경상북도 경주시 용강동 860-2,471303000104,경상북도 경주시 산업로,4385,,4713012500108600002024020,,경상북도 경주시 산업로 4385,780950,38076,,,,129.224173469294,35.8712842965506
MA010120220809957746,한성엘피지옥포충전소,,G2,소매,G214,연료 소매,G21402,가스 충전소,G47712,운송장비용 가스 충전업,27,대구광역시,27710,달성군,27710262,옥포읍,2771026226,옥포읍,2771026226109690058,1,대지,969,58,대구광역시 달성군 옥포읍 기세리 969-58,277103148037,대구광역시 달성군 옥포읍 옥포로,354,,2771034026109690058000001,,대구광역시 달성군 옥포읍 옥포로 354,711843,42977,,,,128.488431326299,35.7651911189556
MA010120220809947633,남도에너지,화순지점,G2,소매,G214,연료 소매,G21402,가스 충전소,G47712,운송장비용 가스 충전업,46,전라남도,46790,화순군,46790250,화순읍,4679025028,화순읍,4679025028105200000,1,대지,520,,전라남도 화순군 화순읍 일심리 520,467903291012,전라남도 화순군 화순읍 서양로,376,,4679025028105200000000001,,전라남도 화순군 화순읍 서양로 376,519809,58105,,2,,126.998706360512,35.0653600145732
MA010120220809958247,정지뜰충전소,,G2,소매,G214,연료 소매,G21402,가스 충전소,G47712,운송장비용 가스 충전업,51,강원특별자치도,51130,원주시,51130515,중앙동,5113010900,학성동,5113010900108060005,1,대지,806,5,강원특별자치도 원주시 학성동 806-5,511303219003,강원특별자치도 원주시 강변로,783,,4213010900108060005000001,,강원특별자치도 원주시 강변로 783,220963,26332,,,,127.947332604009,37.3729908321925
MA010120220809942898,희망충전소,,G2,소매,G214,연료 소매,G21402,가스 충전소,G47712,운송장비용 가스 충전업,47,경상북도,47730,의성군,47730410,단밀면,4773041036,단밀면,4773041036107310002,1,대지,731,2,경상북도 의성군 단밀면 낙정리 731-2,477302308006,경상북도 의성군 단밀면 낙동대로,3962,,4773041036107310002000001,,경상북도 의성군 단밀면 낙동대로 3962,769961,37375,,,,128.302997889838,36.3451896865193
MA010120220809984921,남안동IC충전소,,G2,소매,G214,연료 소매,G21402,가스 충전소,G47712,운송장비용 가스 충전업,47,경상북도,47170,안동시,47170350,일직면,4717035030,일직면,4717035030101730000,1,대지,173,,경상북도 안동시 일직면 조탑리 173,471703307042,경상북도 안동시 일직면 풍일로,2274,,4717035030101730000000001,남안동I,경상북도 안동시 일직면 풍일로 2274,760883,36756,,,,128.636355031131,36.4807628791639
MA010120220809990118,동부LPG용정충전소,,G2,소매,G214,연료 소매,G21402,가스 충전소,G47712,운송장비용 가스 충전업,43,충청북도,43111,청주시 상당구,43111720,용암1동,4311112500,용정동,4311112500104030000,1,대지,403,,충청북도 청주시 상당구 용정동 403,431113236053,충청북도 청주시 상당구 이정골로,9,,4311112500104030000051805,,충청북도 청주시 상당구 이정골로 9,360809,28754,,,,127.520454484108,36.6286874561459
MA010120220809987639,서일산업정왕가스,,G2,소매,G214,연료 소매,G21402,가스 충전소,G47712,운송장비용 가스 충전업,41,경기도,41390,시흥시,41390589,정왕본동,4139013200,정왕동,4139013200111160000,1,대지,1116,,경기도 시흥시 정왕동 1116,413903000020,경기도 시흥시 서해안로,580,,4139013200111150000000005,,경기도 시흥시 서해안로 580,429455,15008,,,,126.737746224117,37.3702321352694
MA010120220811370916,대성주,,G2,소매,G214,연료 소매,G21402,가스 충전소,G47712,운송장비용 가스 충전업,50,제주특별자치도,50110,제주시,50110640,오라동,5011011900,오라일동,5011011900109790004,1,대지,979,4,제주특별자치도 제주시 오라일동 979-4,501103349144,제주특별자치도 제주시 오남로,68,,5011011900109790004019482,,제주특별자치도 제주시 오남로 68,690161,63146,,,,126.518326315217,33.4894123804256
MA010120220811378653,천마서귀포충전소,,G2,소매,G214,연료 소매,G21402,가스 충전소,G47712,운송장비용 가스 충전업,50,제주특별자치도,50130,서귀포시,50130570,동홍동,5013010500,동홍동,5013010500101030007,1,대지,103,7,제주특별자치도 서귀포시 동홍동 103-7,501303350068,제주특별자치도 서귀포시 동홍남로,85,,5013010500101030007012466,,제주특별자치도 서귀포시 동홍남로 85,697834,63587,,,,126.577460743962,33.2568135813729
MA010120220811378676,천마강정충전소주,,G2,소매,G214,연료 소매,G21402,가스 충전소,G47712,운송장비용 가스 충전업,50,제주특별자치도,50130,서귀포시,50130600,대천동,5013011600,강정동,5013011600112300001,1,대지,1230,1,제주특별자치도 서귀포시 강정동 1230-1,501303349236,제주특별자치도 서귀포시 일주서로,77,,5013011600112300001025300,,제주특별자치도 서귀포시 일주서로 77,697828,63560,,,,126.499685636337,33.2498439371599
MA010120220811378786,삼화석유늘푸른자동차충전소주,,G2,소매,G214,연료 소매,G21402,가스 충전소,G47712,운송장비용 가스 충전업,50,제주특별자치도,50110,제주시,50110580,용담2동,5011010900,용담이동,5011010900126430001,1,대지,2643,1,제주특별자치도 제주시 용담이동 2643-1,501103349090,제주특별자치도 제주시 서광로,137,,5011010900126430001062901,,제주특별자치도 제주시 서광로 137,690822,63163,,,,126.511279943771,33.5006276467101
MA010120220811392775,덕소마석간충전소,,G2,소매,G214,연료 소매,G21402,가스 충전소,G47712,운송장비용 가스 충전업,41,경기도,41360,남양주시,41360250,와부읍,4136025024,와부읍,4136025024104020002,1,대지,402,2,경기도 남양주시 와부읍 월문리 402-2,413603197036,경기도 남양주시 와부읍 수레로,400,,4136025024104020002024077,,경기도 남양주시 와부읍 수레로 400,472905,12203,,,,127.251134043689,37.6034005473525
MA010120220811374011,송악,,G2,소매,G214,연료 소매,G21402,가스 충전소,G47712,운송장비용 가스 충전업,50,제주특별자치도,50130,서귀포시,50130250,대정읍,5013025023,대정읍,5013025023114470002,1,대지,1447,2,제주특별자치도 서귀포시 대정읍 안성리 1447-2,501303349236,제주특별자치도 서귀포시 대정읍 일주서로,2184,,5013025023114470002000001,,제주특별자치도 서귀포시 대정읍 일주서로 2184,699931,63520,,,,126.284381228315,33.2504323468437
MA010120220811378986,천마한림충전소주,,G2,소매,G214,연료 소매,G21402,가스 충전소,G47712,운송장비용 가스 충전업,50,제주특별자치도,50110,제주시,50110250,한림읍,5011025024,한림읍,5011025024103750000,1,대지,375,,제주특별자치도 제주시 한림읍 한림리 375,501103349236,제주특별자치도 제주시 한림읍 일주서로,5467,,5011025024003750000003551,,제주특별자치도 제주시 한림읍 일주서로 5467,695932,63028,,,,126.275881508487,33.4154300385267
MA010120220811377261,제주특별자치도개인택시운송사업조합LPG충전소,,G2,소매,G214,연료 소매,G21402,가스 충전소,G47712,운송장비용 가스 충전업,50,제주특별자치도,50110,제주시,50110690,도두동,5011012700,도두일동,5011012700121960001,1,대지,2196,1,제주특별자치도 제주시 도두일동 2196-1,501103349050,제주특별자치도 제주시 도공로,141,,5011012700121960001064849,,제주특별자치도 제주시 도공로 141,690241,63116,,,,126.468359632846,33.4958708445544
MA010120220811377346,제주특별자치도개인택시운송사업조합LPG충전소화북점,,G2,소매,G214,연료 소매,G21402,가스 충전소,G47712,운송장비용 가스 충전업,50,제주특별자치도,50110,제주시,50110600,화북동,5011011200,화북이동,5011011200148400001,1,대지,4840,1,제주특별자치도 제주시 화북이동 4840-1,501103349235,제주특별자치도 제주시 일주동로,22,,5011011200148400001065742,,제주특별자치도 제주시 일주동로 22,690061,63295,,,,126.549737342693,33.5118900048182
MA010120220811364057,서귀포충전소,,G2,소매,G214,연료 소매,G21402,가스 충전소,G47712,운송장비용 가스 충전업,50,제주특별자치도,50130,서귀포시,50130570,동홍동,5013010500,동홍동,5013010500101030007,1,대지,103,7,제주특별자치도 서귀포시 동홍동 103-7,501303350068,제주특별자치도 서귀포시 동홍남로,85,,5013010500101030007012466,,제주특별자치도 서귀포시 동홍남로 85,697834,63587,,1,,126.577460743962,33.2568135813729
MA010120220811399381,만화부동산,,G2,소매,G214,연료 소매,G21402,가스 충전소,G47712,운송장비용 가스 충전업,26,부산광역시,26710,기장군,26710250,기장읍,2671025030,기장읍,2671025030103310001,1,대지,331,1,부산광역시 기장군 기장읍 만화리 331-1,267103130026,부산광역시 기장군 기장읍 반송로,1415,,2671025030101130005004268,,부산광역시 기장군 기장읍 반송로 1415,619901,46052,,,,129.197562936758,35.2544512016983
MA010120220811461449,광진기업대연영업소주,,G2,소매,G214,연료 소매,G21402,가스 충전소,G47712,운송장비용 가스 충전업,26,부산광역시,26290,남구,26290510,대연1동,2629010600,대연동,2629010600117510005,1,대지,1751,5,부산광역시 남구 대연동 1751-5,262903131037,부산광역시 남구 수영로,212,,2629010600117510005007932,,부산광역시 남구 수영로 212,608813,48492,,,,129.089622558121,35.1347267085578
MA010120220811461781,신선에너지신선대CNG충전소주,,G2,소매,G214,연료 소매,G21402,가스 충전소,G47712,운송장비용 가스 충전업,26,부산광역시,26290,남구,26290610,용당동,2629010800,용당동,2629010800101230027,1,대지,123,27,부산광역시 남구 용당동 123-27,262903131019,부산광역시 남구 신선로,306,,2629010800101230027011874,,부산광역시 남구 신선로 306,608829,48560,,1,,129.096396052331,35.1135315578592
MA010120220811409259,정림에너지,,G2,소매,G214,연료 소매,G21402,가스 충전소,G47712,운송장비용 가스 충전업,26,부산광역시,26710,기장군,26710256,정관읍,2671025630,정관읍,2671025630103840002,1,대지,384,2,부산광역시 기장군 정관읍 예림리 384-2,267103140078,부산광역시 기장군 정관읍 신정관로,187,,2671032030103840002000001,,부산광역시 기장군 정관읍 신정관로 187,619961,46020,,,,129.201705228305,35.3287180226996
MA010120220811485028,유성IC충전소,,G2,소매,G214,연료 소매,G21402,가스 충전소,G47712,운송장비용 가스 충전업,30,대전광역시,30200,유성구,30200540,온천2동,3020011700,장대동,3020011700102200018,1,대지,220,18,대전광역시 유성구 장대동 220-18,302003010030,대전광역시 유성구 현충원로,509,,3020011700102190004012417,,대전광역시 유성구 현충원로 509,305308,34149,,,,127.327867014208,36.3594862355039
MA010120220811462988,수영에너지산업주,,G2,소매,G214,연료 소매,G21402,가스 충전소,G47712,운송장비용 가스 충전업,26,부산광역시,26500,수영구,26500730,수영동,2650010200,수영동,2650010200105160000,1,대지,516,,부산광역시 수영구 수영동 516,265003131037,부산광역시 수영구 수영로,749,,2650010200105150000005082,,부산광역시 수영구 수영로 749,613832,48222,,,,129.121067319154,35.168315809454
MA010120220811498728,군산공단충전소,,G2,소매,G214,연료 소매,G21402,가스 충전소,G47712,운송장비용 가스 충전업,52,전북특별자치도,52130,군산시,52130720,미성동,5213015100,산북동,5213015100113630000,1,대지,1363,,전북특별자치도 군산시 산북동 1363,521303268086,전북특별자치도 군산시 외항로,55,,4513015100113630001000482,,전북특별자치도 군산시 외항로 55,573876,54160,,,,126.662441256466,35.9755194188963
MA010120220811505919,서흥엘피지,,G2,소매,G214,연료 소매,G21402,가스 충전소,G47712,운송장비용 가스 충전업,48,경상남도,48240,사천시,48240340,축동면,4824034021,축동면,4824034021107990006,1,대지,799,6,경상남도 사천시 축동면 배춘리 799-6,482402334003,경상남도 사천시 축동면 사천대로,2168,,4824034021107990006042727,,경상남도 사천시 축동면 사천대로 2168,664812,52510,,,,128.087847622329,35.1071698620915
MA010120220811492733,동양가스산업기장충전소，동양주유소주,,G2,소매,G214,연료 소매,G21402,가스 충전소,G47712,운송장비용 가스 충전업,26,부산광역시,26710,기장군,26710250,기장읍,2671025027,기장읍,2671025027100120001,1,대지,12,1,부산광역시 기장군 기장읍 청강리 12-1,267102006018,부산광역시 기장군 기장읍 기장대로,530,,2671025027100120001003505,,부산광역시 기장군 기장읍 기장대로 530,619906,46077,,,,129.22085291361,35.242383359754
MA010120220811470894,선암가스충전소,,G2,소매,G214,연료 소매,G21402,가스 충전소,G47712,운송장비용 가스 충전업,26,부산광역시,26710,기장군,26710253,장안읍,2671025324,장안읍,2671025324102700006,1,대지,270,6,부산광역시 기장군 장안읍 좌동리 270-6,267102006018,부산광역시 기장군 장안읍 기장대로,1451,,2671025324102700006011333,,부산광역시 기장군 장안읍 기장대로 1451,619953,46029,,,,129.241312730038,35.3215830503005
MA010120220811544990,경동가스충전소,,G2,소매,G214,연료 소매,G21402,가스 충전소,G47712,운송장비용 가스 충전업,31,울산광역시,31200,북구,31200560,효문동,3120012200,연암동,3120012200112630004,1,대지,1263,4,울산광역시 북구 연암동 1263-4,312003169027,울산광역시 북구 북부순환도로,1165,,3120012200112630004003587,,울산광역시 북구 북부순환도로 1165,683804,44238,,,,129.357556678514,35.581139553332
MA010120220811510989,창원산업진흥원덕동수소충전소,,G2,소매,G214,연료 소매,G21402,가스 충전소,G47712,운송장비용 가스 충전업,48,경상남도,48125,창원시 마산합포구,48125510,현동,4812511000,덕동동,4812511000108380000,1,대지,838,,경상남도 창원시 마산합포구 덕동동 838,481253329062,경상남도 창원시 마산합포구 현동로,252,,4812511000108380000000001,덕동시내버스공영차고지,경상남도 창원시 마산합포구 현동로 252,631270,51778,,,,128.56357417802,35.1344390154545
MA010120220811516490,동구LPG충전소,,G2,소매,G214,연료 소매,G21402,가스 충전소,G47712,운송장비용 가스 충전업,31,울산광역시,31170,동구,31170510,방어동,3117010100,방어동,3117010100109030002,1,대지,903,2,울산광역시 동구 방어동 903-2,311703171011,울산광역시 동구 봉수로,36,,3117010100109030002002367,,울산광역시 동구 봉수로 36,682805,44086,,,,129.417438892718,35.4908578397106
MA010120220811537748,연암LPG충전소,,G2,소매,G214,연료 소매,G21402,가스 충전소,G47712,운송장비용 가스 충전업,31,울산광역시,31200,북구,31200560,효문동,3120012200,연암동,3120012200113580000,1,대지,1358,,울산광역시 북구 연암동 1358,312003172012,울산광역시 북구 무룡1로,105,1,3120012200102230038000001,,울산광역시 북구 무룡1로 105-1,683360,44247,,,,129.370754834465,35.5783666306778
MA010120220811525210,울산가스충전소,,G2,소매,G214,연료 소매,G21402,가스 충전소,G47712,운송장비용 가스 충전업,31,울산광역시,31710,울주군,31710253,언양읍,3171025329,언양읍,3171025329101820001,1,대지,182,1,울산광역시 울주군 언양읍 직동리 182-1,317102000017,울산광역시 울주군 언양읍 반구대로,960,,3171025329101820001000001,,울산광역시 울주군 언양읍 반구대로 960,689807,44935,,,,129.131535519555,35.5752132358337
MA010120220811532764,태평양LPG충전소,,G2,소매,G214,연료 소매,G21402,가스 충전소,G47712,운송장비용 가스 충전업,31,울산광역시,31200,북구,31200520,농소2동,3120010600,중산동,3120010600104640003,1,대지,464,3,울산광역시 북구 중산동 464-3,312003000104,울산광역시 북구 산업로,1711,,3120010600104640003010830,,울산광역시 북구 산업로 1711,683809,44216,,,,129.338085565863,35.6677852583206
MA010120220811540812,언양가스충전소,,G2,소매,G214,연료 소매,G21402,가스 충전소,G47712,운송장비용 가스 충전업,31,울산광역시,31710,울주군,31710253,언양읍,3171025324,언양읍,3171025324101240000,1,대지,124,,울산광역시 울주군 언양읍 어음리 124,317103173059,울산광역시 울주군 언양읍 언양로,102,,3171025324101240000010304,,울산광역시 울주군 언양읍 언양로 102,689808,44940,,,,129.13673046668,35.5581896575345
MA010120220809693832,신기촌충전소,,G2,소매,G214,연료 소매,G21402,가스 충전소,G47712,운송장비용 가스 충전업,28,인천광역시,28177,미추홀구,28177680,주안7동,2817710500,주안동,2817710500114620004,1,대지,1462,4,인천광역시 미추홀구 주안동 1462-4,281773008011,인천광역시 미추홀구 인하로,277,,2817010600114620004000010,신기촌가스충전소,인천광역시 미추홀구 인하로 277,402852,22215,,,,126.678866273724,37.4482951348682
MA010120220809707800,에스이솔루션,,G2,소매,G214,연료 소매,G21402,가스 충전소,G47712,운송장비용 가스 충전업,52,전북특별자치도,52800,부안군,52800310,주산면,5280031028,주산면,5280031028104510009,1,대지,451,9,전북특별자치도 부안군 주산면 백석리 451-9,528003280084,전북특별자치도 부안군 주산면 주산북로,301,,4580031028104510009000001,,전북특별자치도 부안군 주산면 주산북로 301,579922,56327,,,,126.70641048216,35.6790317102605
MA010120220809678262,에스에스,,G2,소매,G214,연료 소매,G21402,가스 충전소,G47712,운송장비용 가스 충전업,44,충청남도,44131,천안시 동남구,44131580,청룡동,4413111100,청당동,4413111100102810003,1,대지,281,3,충청남도 천안시 동남구 청당동 281-3,441312249001,충청남도 천안시 동남구 남부대로,288,,4413111100102810003037235,,충청남도 천안시 동남구 남부대로 288,330270,31211,,,,127.149643686797,36.7818223030085
MA010120220809697959,일선우리LPG충전소,,G2,소매,G214,연료 소매,G21402,가스 충전소,G47712,운송장비용 가스 충전업,47,경상북도,47190,구미시,47190660,임오동,4719011800,오태동,4719011800105000005,1,대지,500,5,경상북도 구미시 오태동 500-5,471902018004,경상북도 구미시 금오대로,413,,4719011800105000005045105,,경상북도 구미시 금오대로 413,730141,39357,,,,128.354331102744,36.0803549310687
MA010120220809742048,에스케이헵시바충전소,,G2,소매,G214,연료 소매,G21402,가스 충전소,G47712,운송장비용 가스 충전업,41,경기도,41390,시흥시,41390592,정왕2동,4139013200,정왕동,4139013200121670001,1,대지,2167,1,경기도 시흥시 정왕동 2167-1,413903199059,경기도 시흥시 희망공원로,280,,4139013200121670001030932,,경기도 시흥시 희망공원로 280,429452,15082,,,,126.726660640582,37.3451585364915
MA010120220809771817,여주LPG충전소,,G2,소매,G214,연료 소매,G21402,가스 충전소,G47712,운송장비용 가스 충전업,41,경기도,41670,여주시,41670250,가남읍,4167025025,가남읍,4167025025100380002,1,대지,38,2,경기도 여주시 가남읍 은봉리 38-2,416702012002,경기도 여주시 가남읍 경충대로,900,,4173032025100380002011394,,경기도 여주시 가남읍 경충대로 900,469881,12663,,,,127.568265263971,37.1754635325079
MA010120220809777958,동남이앤지통영충전소,,G2,소매,G214,연료 소매,G21402,가스 충전소,G47712,운송장비용 가스 충전업,48,경상남도,48220,통영시,48220310,용남면,4822031026,용남면,4822031026100340000,1,대지,34,,경상남도 통영시 용남면 장평리 34,482202328001,경상남도 통영시 용남면 남해안대로,40,,4822031026100340000000160,,경상남도 통영시 용남면 남해안대로 40,650834,53024,,,,128.471232462078,34.8910784436091
MA010120220809767921,부경에너지도륜대충전소,,G2,소매,G214,연료 소매,G21402,가스 충전소,G47712,운송장비용 가스 충전업,48,경상남도,48330,양산시,48330330,상북면,4833033029,상북면,4833033029100500000,1,대지,50,,경상남도 양산시 상북면 신전리 50,483302000032,경상남도 양산시 상북면 양산대로,1835,,4833033029100500000000001,,경상남도 양산시 상북면 양산대로 1835,626851,50509,,,,129.066408972575,35.4282763335012
MA010120220809782579,입장충전소,,G2,소매,G214,연료 소매,G21402,가스 충전소,G47712,운송장비용 가스 충전업,44,충청남도,44133,천안시 서북구,44133310,입장면,4413331028,입장면,4413331028100040001,1,대지,4,1,충청남도 천안시 서북구 입장면 시장리 4-1,441334550425,충청남도 천안시 서북구 입장면 시장리1길,3,4,4413331028100040001023277,입장LPG충전소,충청남도 천안시 서북구 입장면 시장리1길 3-4,331825,31059,,,,127.217212373188,36.8989698773841
MA010120220809827776,계동에너지,인천공항점,G2,소매,G214,연료 소매,G21402,가스 충전소,G47712,운송장비용 가스 충전업,28,인천광역시,28110,중구,28110628,운서동,2811014700,운서동,2811014700128630005,1,대지,2863,5,인천광역시 중구 운서동 2863-5,281104247012,인천광역시 중구 공항동로465번길,10,,2811014700128630005223605,,인천광역시 중구 공항동로465번길 10,400340,22380,,,,126.459446399181,37.4872564120487
MA010120220809828303,동유산업,,G2,소매,G214,연료 소매,G21402,가스 충전소,G47712,운송장비용 가스 충전업,52,전북특별자치도,52111,전주시 완산구,52111714,효자4동,5211114500,상림동,5211114500100670026,1,대지,67,26,전북특별자치도 전주시 완산구 상림동 67-26,521113016001,전북특별자치도 전주시 완산구 콩쥐팥쥐로,1586,,4511114500100670026000001,,전북특별자치도 전주시 완산구 콩쥐팥쥐로 1586,560510,55067,,,,127.072872990747,35.8248056805304
MA010120220809817741,마트몰,나주지점,G2,소매,G214,연료 소매,G21402,가스 충전소,G47712,운송장비용 가스 충전업,46,전라남도,46170,나주시,46170250,남평읍,4617025036,남평읍,4617025036100610004,1,대지,61,4,전라남도 나주시 남평읍 평산리 61-4,461703281095,전라남도 나주시 남평읍 영산로,6645,,4617025036100610004000001,,전라남도 나주시 남평읍 영산로 6645,520841,58223,,,,126.840698746958,35.0583238562418
MA010120220809807633,코하이젠,,G2,소매,G214,연료 소매,G21402,가스 충전소,G47712,운송장비용 가스 충전업,48,경상남도,48121,창원시 의창구,48121520,팔룡동,4812112900,팔용동,4812112900102170000,1,대지,217,,경상남도 창원시 의창구 팔용동 217,481214781644,경상남도 창원시 의창구 창원대로18번길,46,,4812112900102170000000001,,경상남도 창원시 의창구 창원대로18번길 46,641465,51395,,,,128.603405932982,35.2521334727078
MA010120220811245785,관동가스충전소,,G2,소매,G214,연료 소매,G21402,가스 충전소,G47712,운송장비용 가스 충전업,48,경상남도,48250,김해시,48250630,장유3동,4825013000,관동동,4825013000106930001,1,대지,693,1,경상남도 김해시 관동동 693-1,482503335018,경상남도 김해시 덕정로,3,,4825031028106930001093598,,경상남도 김해시 덕정로 3,621300,50996,,,,128.785828501656,35.1785634252922
MA010120220811243056,칠산가스충전소,,G2,소매,G214,연료 소매,G21402,가스 충전소,G47712,운송장비용 가스 충전업,48,경상남도,48250,김해시,48250565,칠산서부동,4825011100,풍유동,4825011100107130008,1,대지,713,8,경상남도 김해시 풍유동 713-8,482502335002,경상남도 김해시 금관대로,920,,4825011100107130008049481,풍유동,경상남도 김해시 금관대로 920,621130,51006,,,,128.845320294322,35.2105921057843
MA010120220811240418,태영가스충전소,,G2,소매,G214,연료 소매,G21402,가스 충전소,G47712,운송장비용 가스 충전업,48,경상남도,48250,김해시,48250250,진영읍,4825025031,진영읍,4825025031100110000,1,대지,11,,경상남도 김해시 진영읍 내룡리 11,482503335036,경상남도 김해시 진영읍 서부로,18,,4825025031100110000065657,,경상남도 김해시 진영읍 서부로 18,621801,50869,,,,128.762738902439,35.2945082584144
MA010120220811244739,럭키L.P.G충전소,,G2,소매,G214,연료 소매,G21402,가스 충전소,G47712,운송장비용 가스 충전업,48,경상남도,48250,김해시,48250565,칠산서부동,4825011100,풍유동,4825011100109370000,1,대지,937,,경상남도 김해시 풍유동 937,482502335002,경상남도 김해시 금관대로,1047,,4825011100100620001047399,,경상남도 김해시 금관대로 1047,621130,51025,,,,128.847866454829,35.2216739814831
MA010120220811291200,대광가스,,G2,소매,G214,연료 소매,G21402,가스 충전소,G47712,운송장비용 가스 충전업,48,경상남도,48270,밀양시,48270310,부북면,4827031022,부북면,4827031022100070007,1,대지,7,7,경상남도 밀양시 부북면 전사포리 7-7,482702336001,경상남도 밀양시 부북면 밀양대로,1655,,4827031022100070007011575,,경상남도 밀양시 부북면 밀양대로 1655,627854,50404,,,,128.753815077673,35.4740100618898
MA010120220811281207,동창원IC충전소,,G2,소매,G214,연료 소매,G21402,가스 충전소,G47712,운송장비용 가스 충전업,48,경상남도,48250,김해시,48250250,진영읍,4825025025,진영읍,4825025025105950000,1,대지,595,,경상남도 김해시 진영읍 좌곤리 595,482502335001,경상남도 김해시 진영읍 김해대로,133,,4825025025105950000000001,,경상남도 김해시 진영읍 김해대로 133,621802,50860,,,,128.70878836577,35.2996896122405
MA010120220811293434,에너지플러스,,G2,소매,G214,연료 소매,G21402,가스 충전소,G47712,운송장비용 가스 충전업,26,부산광역시,26320,북구,26320530,금곡동,2632010100,금곡동,2632010100105160001,1,대지,516,1,부산광역시 북구 금곡동 516-1,263202132001,부산광역시 북구 금곡대로,704,,2632010100105160001000001,,부산광역시 북구 금곡대로 704,616810,46510,,,,129.018776809651,35.2694715722362
MA010120220811260863,부천LPG충전소,,G2,소매,G214,연료 소매,G21402,가스 충전소,G47712,운송장비용 가스 충전업,41,경기도,41192,부천시 원미구,41192590,춘의동,4119210300,춘의동,4119210300100750009,1,대지,75,9,경기도 부천시 원미구 춘의동 75-9,411923000065,경기도 부천시 원미구 길주로,429,,4119510300100750009035999,,경기도 부천시 원미구 길주로 429,420858,14488,,,,126.789979266108,37.5047947491113
MA010120220811250575,동구가스충전소,,G2,소매,G214,연료 소매,G21402,가스 충전소,G47712,운송장비용 가스 충전업,48,경상남도,48270,밀양시,48270360,상남면,4827036023,상남면,4827036023111150002,1,대지,1115,2,경상남도 밀양시 상남면 연금리 1115-2,482703327026,경상남도 밀양시 상남면 상남로,925,,4827036023111150002034504,,경상남도 밀양시 상남면 상남로 925,627912,50449,,,,128.757712305309,35.4394653646603
MA010120220811248646,흥진에너테크,,G2,소매,G214,연료 소매,G21402,가스 충전소,G47712,운송장비용 가스 충전업,48,경상남도,48250,김해시,48250340,한림면,4825034027,한림면,4825034027101840001,1,대지,184,1,경상남도 김해시 한림면 안하리 184-1,482503335073,경상남도 김해시 한림면 안하로,273,,4825034027101840001028362,,경상남도 김해시 한림면 안하로 273,621872,50852,,,,128.827564834361,35.3196891856798
MA010120220811248736,금광충전소,,G2,소매,G214,연료 소매,G21402,가스 충전소,G47712,운송장비용 가스 충전업,48,경상남도,48250,김해시,48250565,칠산서부동,4825011100,풍유동,4825011100102240001,1,대지,224,1,경상남도 김해시 풍유동 224-1,482502335002,경상남도 김해시 금관대로,994,,4825011100102240001043459,,경상남도 김해시 금관대로 994,621130,50941,,,,128.847501631538,35.2167229920907
MA010120220811315650,동명가스충전소,,G2,소매,G214,연료 소매,G21402,가스 충전소,G47712,운송장비용 가스 충전업,50,제주특별자치도,50110,제주시,50110600,화북동,5011011200,화북이동,5011011200109080001,1,대지,908,1,제주특별자치도 제주시 화북이동 908-1,501103349137,제주특별자치도 제주시 연삼로,804,,5011011200109080001053713,,제주특별자치도 제주시 연삼로 804,690061,63304,,,,126.571620668283,33.5114537009135
MA010120220811326640,안전LPG충전소,,G2,소매,G214,연료 소매,G21402,가스 충전소,G47712,운송장비용 가스 충전업,50,제주특별자치도,50110,제주시,50110590,건입동,5011010700,건입동,5011010700100120003,1,대지,12,3,제주특별자치도 제주시 건입동 12-3,501103349137,제주특별자치도 제주시 연삼로,640,,5011010700100120003065734,,제주특별자치도 제주시 연삼로 640,690800,63306,,,,126.556037743904,33.5068818584157
MA010120220811319451,동천가스충전소,,G2,소매,G214,연료 소매,G21402,가스 충전소,G47712,운송장비용 가스 충전업,50,제주특별자치도,50130,서귀포시,50130590,대륜동,5013010300,서호동,5013010300101470019,1,대지,147,19,제주특별자치도 서귀포시 서호동 147-19,501303349235,제주특별자치도 서귀포시 일주동로,9052,,5013010300101470019009834,,제주특별자치도 서귀포시 일주동로 9052,697845,63569,,,,126.525903257882,33.2474040522515
MA010120220811322956,삼광충전소,,G2,소매,G214,연료 소매,G21402,가스 충전소,G47712,운송장비용 가스 충전업,50,제주특별자치도,50110,제주시,50110600,화북동,5011011200,화북이동,5011011200132550001,1,대지,3255,1,제주특별자치도 제주시 화북이동 3255-1,501103349234,제주특별자치도 제주시 번영로,152,,5011011200132550001064427,,제주특별자치도 제주시 번영로 152,690061,63306,,,,126.561796518643,33.5045672345471
MA010120220811312785,한마음가스충전소,,G2,소매,G214,연료 소매,G21402,가스 충전소,G47712,운송장비용 가스 충전업,50,제주특별자치도,50110,제주시,50110540,이도2동,5011010400,이도이동,5011010400100980004,1,대지,98,4,제주특별자치도 제주시 이도이동 98-4,501103349002,제주특별자치도 제주시 간월동로,94,,5011010400100980004000001,,제주특별자치도 제주시 간월동로 94,690824,63246,,,,126.551597748404,33.4892397091485
MA010120220811299057,동양가스산업알뜰서김해IC충전소주,,G2,소매,G214,연료 소매,G21402,가스 충전소,G47712,운송장비용 가스 충전업,48,경상남도,48250,김해시,48250565,칠산서부동,4825011100,풍유동,4825011100102280001,1,대지,228,1,경상남도 김해시 풍유동 228-1,482502335002,경상남도 김해시 금관대로,991,,4825011100102280001043470,,경상남도 김해시 금관대로 991,621130,50967,,,,128.846217655953,35.2167606092124
MA010120220811305015,소명충전소,,G2,소매,G214,연료 소매,G21402,가스 충전소,G47712,운송장비용 가스 충전업,50,제주특별자치도,50110,제주시,50110630,아라동,5011011700,아라일동,5011011700119600000,1,대지,1960,,제주특별자치도 제주시 아라일동 1960,501103349212,제주특별자치도 제주시 한북로,313,,5011011700119600000000001,,제주특별자치도 제주시 한북로 313,690121,63241,,,,126.547304909571,33.4560453214816
MA010120220811341829,신엄충전소,,G2,소매,G214,연료 소매,G21402,가스 충전소,G47712,운송장비용 가스 충전업,50,제주특별자치도,50110,제주시,50110253,애월읍,5011025326,애월읍,5011025326131660001,1,대지,3166,1,제주특별자치도 제주시 애월읍 신엄리 3166-1,501103349236,제주특별자치도 제주시 애월읍 일주서로,6569,,5011025326131660001000001,,제주특별자치도 제주시 애월읍 일주서로 6569,695912,63047,,,,126.355041051569,33.467663203021
MA010120220811345120,함덕엘피지충전소,,G2,소매,G214,연료 소매,G21402,가스 충전소,G47712,운송장비용 가스 충전업,50,제주특별자치도,50110,제주시,50110259,조천읍,5011025924,조천읍,5011025924127760002,1,대지,2776,2,제주특별자치도 제주시 조천읍 함덕리 2776-2,501103349235,제주특별자치도 제주시 조천읍 일주동로,1122,,5011025924027760002065233,,제주특별자치도 제주시 조천읍 일주동로 1122,695965,63334,,,,126.660768711453,33.5366950470316
MA010120220811347276,유진가스충전소,,G2,소매,G214,연료 소매,G21402,가스 충전소,G47712,운송장비용 가스 충전업,50,제주특별자치도,50130,서귀포시,50130320,표선면,5013032022,표선면,5013032022114860000,1,대지,1486,,제주특별자치도 서귀포시 표선면 하천리 1486,501303349234,제주특별자치도 서귀포시 표선면 번영로,3243,,5013032022114840000000001,,제주특별자치도 서귀포시 표선면 번영로 3243,699916,63627,,,,126.822601521259,33.3590186802305
MA010120220811351258,안덕하나충전소,,G2,소매,G214,연료 소매,G21402,가스 충전소,G47712,운송장비용 가스 충전업,50,제주특별자치도,50130,서귀포시,50130310,안덕면,5013031024,안덕면,5013031024113120001,1,대지,1312,1,제주특별자치도 서귀포시 안덕면 상창리 1312-1,501303349241,제주특별자치도 서귀포시 안덕면 한창로,178,,5013031024113120001000001,,제주특별자치도 서귀포시 안덕면 한창로 178,699921,63526,,,,126.360210444806,33.277524395854
MA010120220811341512,성산동부가스충전소,,G2,소매,G214,연료 소매,G21402,가스 충전소,G47712,운송장비용 가스 충전업,50,제주특별자치도,50130,서귀포시,50130259,성산읍,5013025922,성산읍,5013025922106560001,1,대지,656,1,제주특별자치도 서귀포시 성산읍 오조리 656-1,501303349235,제주특별자치도 서귀포시 성산읍 일주동로,4085,,5013025922106560001000001,,제주특별자치도 서귀포시 성산읍 일주동로 4085,699906,63639,,,,126.909876153866,33.464033852304
MA010120220811345530,굿모닝LPG충전소,,G2,소매,G214,연료 소매,G21402,가스 충전소,G47712,운송장비용 가스 충전업,50,제주특별자치도,50110,제주시,50110580,용담2동,5011010900,용담이동,5011010900115430000,1,대지,1543,,제주특별자치도 제주시 용담이동 1543,501103349154,제주특별자치도 제주시 용문로,28,,5011010900115430000012404,,제주특별자치도 제주시 용문로 28,690821,63164,,,,126.499354822613,33.5045921132496
MA010120220809538460,대천에너지주,,G2,소매,G214,연료 소매,G21402,가스 충전소,G47712,운송장비용 가스 충전업,27,대구광역시,27290,달서구,27290602,월성2동,2729011900,대천동,2729011900107590021,1,대지,759,21,대구광역시 달서구 대천동 759-21,272902147001,대구광역시 달서구 달서대로,109,,2729011900107590015000001,,대구광역시 달서구 달서대로 109,704801,42717,,,,128.505281873735,35.8155998754892
MA010120220809530541,새홍천충전소,,G2,소매,G214,연료 소매,G21402,가스 충전소,G47712,운송장비용 가스 충전업,51,강원특별자치도,51720,홍천군,51720250,홍천읍,5172025024,홍천읍,5172025024105040001,1,대지,504,1,강원특별자치도 홍천군 홍천읍 갈마곡리 504-1,517203000146,강원특별자치도 홍천군 홍천읍 설악로,1762,,4272025024105040001008758,,강원특별자치도 홍천군 홍천읍 설악로 1762,250801,25150,,,,127.892752489457,37.688476664022
MA010120220809538179,구상에너지,,G2,소매,G214,연료 소매,G21402,가스 충전소,G47712,운송장비용 가스 충전업,27,대구광역시,27290,달서구,27290602,월성2동,2729012100,월암동,2729012100111070002,1,대지,1107,2,대구광역시 달서구 월암동 1107-2,272903147016,대구광역시 달서구 성서4차첨단로,184,,2729012100111070000000001,,대구광역시 달서구 성서4차첨단로 184,704831,42724,,,,128.518724405674,35.8295248979748
MA010120220809507338,신대한LPG,,G2,소매,G214,연료 소매,G21402,가스 충전소,G47712,운송장비용 가스 충전업,27,대구광역시,27170,서구,27170650,평리4동,2717010300,평리동,2717010300114030001,1,대지,1403,1,대구광역시 서구 평리동 1403-1,271703143006,대구광역시 서구 서대구로,121,,2717010300114030006016630,,대구광역시 서구 서대구로 121,703848,41834,,,,128.554690896987,35.8687606590871
MA010120220809528508,대일충전소,,G2,소매,G214,연료 소매,G21402,가스 충전소,G47712,운송장비용 가스 충전업,41,경기도,41480,파주시,41480510,금촌1동,4148010200,아동동,4148010200101460008,1,대지,146,8,경기도 파주시 아동동 146-8,414803206045,경기도 파주시 새꽃로,312,,4148010200101460008000001,,경기도 파주시 새꽃로 312,413803,10944,,,,126.786213960521,37.7694428972137
MA010120220809516375,가람충전소,,G2,소매,G214,연료 소매,G21402,가스 충전소,G47712,운송장비용 가스 충전업,27,대구광역시,27710,달성군,27710265,현풍읍,2771026525,현풍읍,2771026525101640001,1,대지,164,1,대구광역시 달성군 현풍읍 성하리 164-1,277103007026,대구광역시 달성군 현풍읍 비슬로,799,,2771036025101640001000001,,대구광역시 달성군 현풍읍 비슬로 799,711872,42988,,,,128.436591037753,35.7071005352724
MA010120220809504841,가창엘피지충전소,,G2,소매,G214,연료 소매,G21402,가스 충전소,G47712,운송장비용 가스 충전업,27,대구광역시,27710,달성군,27710310,가창면,2771031021,가창면,2771031021104440000,1,대지,444,,대구광역시 달성군 가창면 용계리 444,277104244014,대구광역시 달성군 가창면 가창로199길,19,,2771031021104440000039430,,대구광역시 달성군 가창면 가창로199길 19,711865,42936,,,,128.629050293989,35.7932144931782
MA010120220809542427,경북가스남부충전소주,,G2,소매,G214,연료 소매,G21402,가스 충전소,G47712,운송장비용 가스 충전업,27,대구광역시,27200,남구,27200650,대명10동,2720010300,대명동,2720010300112260043,1,대지,1226,43,대구광역시 남구 대명동 1226-43,272003007011,대구광역시 남구 성당로,22,,2720010300112260043000631,,대구광역시 남구 성당로 22,705815,42478,,,,128.559412280051,35.8396283520916
MA010120220809498807,문산LPG충전소,,G2,소매,G214,연료 소매,G21402,가스 충전소,G47712,운송장비용 가스 충전업,27,대구광역시,27710,달성군,27710256,다사읍,2771025631,다사읍,2771025631100400005,1,대지,40,5,대구광역시 달성군 다사읍 문산리 40-5,277102007002,대구광역시 달성군 다사읍 달구벌대로,432,,2771025631100400005000001,,대구광역시 달성군 다사읍 달구벌대로 432,711811,42906,,,,128.432646546091,35.8605458102133
MA010120220809583560,대평엘피지충전소,,G2,소매,G214,연료 소매,G21402,가스 충전소,G47712,운송장비용 가스 충전업,47,경상북도,47290,경산시,47290550,북부동,4729011200,대평동,4729011200100340000,1,대지,34,,경상북도 경산시 대평동 34,472903000052,경상북도 경산시 경안로,419,,4729011200100340001006522,,경상북도 경산시 경안로 419,712130,38500,,,,128.731356841886,35.8444736011704
MA010120220809559335,거창제일LPG충전소,,G2,소매,G214,연료 소매,G21402,가스 충전소,G47712,운송장비용 가스 충전업,48,경상남도,48880,거창군,48880250,거창읍,4888025024,거창읍,4888025024109260006,1,대지,926,6,경상남도 거창군 거창읍 대평리 926-6,488802346002,경상남도 거창군 거창읍 거함대로,3277,,4888025024109260006005959,,경상남도 거창군 거창읍 거함대로 3277,670804,50145,,,,127.91943865233,35.6807186208878
MA010120220809583902,남부에너비스주,,G2,소매,G214,연료 소매,G21402,가스 충전소,G47712,운송장비용 가스 충전업,47,경상북도,47290,경산시,47290541,서부1동,4729010900,옥산동,4729010900101850003,1,대지,185,3,경상북도 경산시 옥산동 185-3,472903313051,경상북도 경산시 옥산로,138,,4729010900101850003000001,,경상북도 경산시 옥산로 138,712800,38662,,,,128.723580244488,35.8272657228272
MA010120220809553752,월드컵LPG충전소,,G2,소매,G214,연료 소매,G21402,가스 충전소,G47712,운송장비용 가스 충전업,47,경상북도,47290,경산시,47290541,서부1동,4729010900,옥산동,4729010900105420001,1,대지,542,1,경상북도 경산시 옥산동 542-1,472903000224,경상북도 경산시 삼성현로,56,,4729010900105420005008759,,경상북도 경산시 삼성현로 56,712801,38691,,,,128.714234790142,35.8249122888377
MA010120220809570915,호동제１충전소,,G2,소매,G214,연료 소매,G21402,가스 충전소,G47712,운송장비용 가스 충전업,47,경상북도,47290,경산시,47290253,진량읍,4729025322,진량읍,4729025322107140000,1,대지,714,,경상북도 경산시 진량읍 선화리 714,472903313081,경상북도 경산시 진량읍 대학로,945,,4729025322107140000000001,,경상북도 경산시 진량읍 대학로 945,712831,38485,,,,128.800207785475,35.8757755494342
MA010120220809581482,명성가스주,,G2,소매,G214,연료 소매,G21402,가스 충전소,G47712,운송장비용 가스 충전업,47,경상북도,47290,경산시,47290542,서부2동,4729011100,정평동,4729011100101950004,1,대지,195,4,경상북도 경산시 정평동 195-4,472903313081,경상북도 경산시 대학로,31,,4729011100101950004007334,,경상북도 경산시 대학로 31,712110,38653,,,,128.726289963493,35.8348684005223
MA010120220809578901,에스케이가스도고충전소,,G2,소매,G214,연료 소매,G21402,가스 충전소,G47712,운송장비용 가스 충전업,44,충청남도,44200,아산시,44200400,도고면,4420040033,도고면,4420040033102760004,1,대지,276,4,충청남도 아산시 도고면 향산리 276-4,442003015033,충청남도 아산시 도고면 온천대로,469,,4420040033102760004016546,,충청남도 아산시 도고면 온천대로 469,336912,31547,,,,126.904348606827,36.7579803461687
MA010120220809598347,미래에너지원,,G2,소매,G214,연료 소매,G21402,가스 충전소,G47712,운송장비용 가스 충전업,52,전북특별자치도,52130,군산시,52130720,미성동,5213015000,개사동,5213015000107880001,1,대지,788,1,전북특별자치도 군산시 개사동 788-1,521303268008,전북특별자치도 군산시 공항로,520,,4513015000107880001011670,,전북특별자치도 군산시 공항로 520,573520,54159,,,,126.654437463827,35.9446744104209
MA010120220809609479,태영종합가스,,G2,소매,G214,연료 소매,G21402,가스 충전소,G47712,운송장비용 가스 충전업,41,경기도,41461,용인시 처인구,41461259,남사읍,4146125927,남사읍,4146125927100280013,1,대지,28,13,경기도 용인시 처인구 남사읍 전궁리 28-13,414613203002,경기도 용인시 처인구 남사읍 각궁로,252,34,4146132027100280002000005,,경기도 용인시 처인구 남사읍 각궁로 252-34,449881,17124,,,,127.166420392536,37.1048407624887
MA010120220809668094,춘천동내수소충전소,,G2,소매,G214,연료 소매,G21402,가스 충전소,G47712,운송장비용 가스 충전업,51,강원특별자치도,51110,춘천시,51110390,동내면,5111039025,동내면,5111039025108480000,1,대지,848,,강원특별자치도 춘천시 동내면 학곡리 848,511103013022,강원특별자치도 춘천시 동내면 영서로,1632,,4211039025101100000000001,,강원특별자치도 춘천시 동내면 영서로 1632,200882,24408,,,,127.761812023103,37.8216993318524
MA010120220809671121,고창에너지,,G2,소매,G214,연료 소매,G21402,가스 충전소,G47712,운송장비용 가스 충전업,52,전북특별자치도,52790,고창군,52790250,고창읍,5279025031,고창읍,5279025031107080001,1,대지,708,1,전북특별자치도 고창군 고창읍 주곡리 708-1,527902279002,전북특별자치도 고창군 고창읍 동서대로,1882,,4579025031107080001061220,,전북특별자치도 고창군 고창읍 동서대로 1882,585802,56443,,,,126.667833514259,35.4338692283981
MA010120220811058854,옥동엘피지수소복합충전소,,G2,소매,G214,연료 소매,G21402,가스 충전소,G47712,운송장비용 가스 충전업,31,울산광역시,31140,남구,31140600,옥동,3114010200,옥동,3114010200100680001,1,대지,68,1,울산광역시 남구 옥동 68-1,311403170006,울산광역시 남구 남부순환도로,465,,3114010200100710000021258,외,울산광역시 남구 남부순환도로 465,680843,44660,,,,129.291205921648,35.522841259347
MA010120220811069393,해인사충전소,,G2,소매,G214,연료 소매,G21402,가스 충전소,G47712,운송장비용 가스 충전업,48,경상남도,48890,합천군,48890340,야로면,4889034031,야로면,4889034031109710001,1,대지,971,1,경상남도 합천군 야로면 하림리 971-1,488903348001,경상남도 합천군 야로면 가야산로,927,,4889034031109710001013539,,경상남도 합천군 야로면 가야산로 927,678883,50204,,,,128.140528064928,35.7468871663039
MA010120220811068672,영창가스충전소,,G2,소매,G214,연료 소매,G21402,가스 충전소,G47712,운송장비용 가스 충전업,48,경상남도,48890,합천군,48890250,합천읍,4889025023,합천읍,4889025023104670012,1,대지,467,12,경상남도 합천군 합천읍 영창리 467-12,488903348043,경상남도 합천군 합천읍 대야로,981,,4889025023104670012054399,,경상남도 합천군 합천읍 대야로 981,678802,50230,,,,128.16618410998,35.5750840914304
MA010120220811076283,대일LPG충전소,,G2,소매,G214,연료 소매,G21402,가스 충전소,G47712,운송장비용 가스 충전업,52,전북특별자치도,52113,전주시 덕진구,52113620,호성동,5211311700,호성동2가,5211311700100280000,1,대지,28,,전북특별자치도 전주시 덕진구 호성동2가 28,521134601205,전북특별자치도 전주시 덕진구 사거리길,8,,4511311700100280000016548,,전북특별자치도 전주시 덕진구 사거리길 8,561212,54817,,,,127.152446122811,35.8736602569517
MA010120220811108759,SK충전소,,G2,소매,G214,연료 소매,G21402,가스 충전소,G47712,운송장비용 가스 충전업,48,경상남도,48310,거제시,48310360,사등면,4831036022,사등면,4831036022100710000,1,대지,71,,경상남도 거제시 사등면 사등리 71,483102006004,경상남도 거제시 사등면 거제대로,5312,,4831036022100710000000001,,경상남도 거제시 사등면 거제대로 5312,656882,53277,,,,128.560109531929,34.9015785864527
MA010120220811098765,청포가스충전소,,G2,소매,G214,연료 소매,G21402,가스 충전소,G47712,운송장비용 가스 충전업,48,경상남도,48310,거제시,48310360,사등면,4831036025,사등면,4831036025107040001,1,대지,704,1,경상남도 거제시 사등면 청곡리 704-1,483102006004,경상남도 거제시 사등면 거제대로,6060,,4831036025107040001000001,,경상남도 거제시 사등면 거제대로 6060,656883,53275,,,,128.500766934416,34.8959087738893
MA010120220811102942,옥수LPG충전소,,G2,소매,G214,연료 소매,G21402,가스 충전소,G47712,운송장비용 가스 충전업,48,경상남도,48820,고성군,48820400,회화면,4882040025,회화면,4882040025105130003,1,대지,513,3,경상남도 고성군 회화면 삼덕리 513-3,488202328001,경상남도 고성군 회화면 남해안대로,4059,,4882040025105130003043042,외,경상남도 고성군 회화면 남해안대로 4059,638811,52913,,,,128.376426839503,35.0886173505751
MA010120220811115937,거제삼성충전소,,G2,소매,G214,연료 소매,G21402,가스 충전소,G47712,운송장비용 가스 충전업,48,경상남도,48310,거제시,48310360,사등면,4831036021,사등면,4831036021107890007,1,대지,789,7,경상남도 거제시 사등면 사곡리 789-7,483102006004,경상남도 거제시 사등면 거제대로,5189,19,4831036021107890007000001,,경상남도 거제시 사등면 거제대로 5189-19,656882,53278,,,,128.570877825437,34.8971677908629
MA010120220811165755,풍년LPG,,G2,소매,G214,연료 소매,G21402,가스 충전소,G47712,운송장비용 가스 충전업,48,경상남도,48850,하동군,48850250,하동읍,4885025027,하동읍,4885025027100020003,1,대지,2,3,경상남도 하동군 하동읍 화심리 2-3,488502000027,경상남도 하동군 하동읍 섬진강대로,2344,,4885025027100020008049452,,경상남도 하동군 하동읍 섬진강대로 2344,667802,52322,,,,127.735405939951,35.0813288679736
MA010120220811165820,경남LP가스충전소,,G2,소매,G214,연료 소매,G21402,가스 충전소,G47712,운송장비용 가스 충전업,48,경상남도,48170,진주시,48170440,명석면,4817044030,명석면,4817044030107560001,1,대지,756,1,경상남도 진주시 명석면 용산리 756-1,481702332003,경상남도 진주시 명석면 진주대로,1968,,4817044030107560001000001,,경상남도 진주시 명석면 진주대로 1968,660951,52640,,,,128.008523498275,35.2331109228649
MA010120220811138664,대우가스주,,G2,소매,G214,연료 소매,G21402,가스 충전소,G47712,운송장비용 가스 충전업,48,경상남도,48220,통영시,48220310,용남면,4822031023,용남면,4822031023109420001,1,대지,942,1,경상남도 통영시 용남면 장문리 942-1,482203333025,경상남도 통영시 용남면 장문로,13,,4822031023109420001010231,,경상남도 통영시 용남면 장문로 13,650836,53017,,,,128.417780886402,34.8697489268895
MA010120220811138897,영남산업가스주,,G2,소매,G214,연료 소매,G21402,가스 충전소,G47712,운송장비용 가스 충전업,48,경상남도,48310,거제시,48310600,수양동,4831011300,양정동,4831011300101960002,1,대지,196,2,경상남도 거제시 양정동 196-2,483104811410,경상남도 거제시 양정1길,16,,4831011300101960002000001,,경상남도 거제시 양정1길 16,656806,53297,,,,128.647581130462,34.866932867497
MA010120220811149077,고성LPG충전소,,G2,소매,G214,연료 소매,G21402,가스 충전소,G47712,운송장비용 가스 충전업,48,경상남도,48820,고성군,48820250,고성읍,4882025036,고성읍,4882025036102860001,1,대지,286,1,경상남도 고성군 고성읍 이당리 286-1,488202334004,경상남도 고성군 고성읍 상정대로,532,9,4882025036102860001000001,,경상남도 고성군 고성읍 상정대로 532-9,638815,52933,,,,128.288111316169,34.9795481111033
MA010120220811139264,대호산업가스주,,G2,소매,G214,연료 소매,G21402,가스 충전소,G47712,운송장비용 가스 충전업,48,경상남도,48220,통영시,48220590,정량동,4822010800,동호동,4822010800103580000,1,대지,358,,경상남도 통영시 동호동 358,482204799128,경상남도 통영시 동호안길,94,,4822010800103580000007668,,경상남도 통영시 동호안길 94,650806,53050,,,,128.436145602023,34.8391233023203
MA010120220811139272,성주에너지,,G2,소매,G214,연료 소매,G21402,가스 충전소,G47712,운송장비용 가스 충전업,48,경상남도,48310,거제시,48310540,아주동,4831010400,아양동,4831010400101110001,1,대지,111,1,경상남도 거제시 아양동 111-1,483102006004,경상남도 거제시 거제대로,3241,,4831010400100340000035599,,경상남도 거제시 거제대로 3241,656902,53303,,,,128.712372760103,34.8633246909516
MA010120220811139287,대우에너지주,,G2,소매,G214,연료 소매,G21402,가스 충전소,G47712,운송장비용 가스 충전업,48,경상남도,48820,고성군,48820410,마암면,4882041021,마암면,4882041021105270001,1,대지,527,1,경상남도 고성군 마암면 두호리 527-1,488204826265,경상남도 고성군 마암면 삼락1길,7,,4882041021105270001045811,,경상남도 고성군 마암면 삼락1길 7,638991,52912,,,,128.346017036349,35.0169366782629
MA010120220811155943,서경가스,,G2,소매,G214,연료 소매,G21402,가스 충전소,G47712,운송장비용 가스 충전업,48,경상남도,48170,진주시,48170565,중앙동,4817011800,옥봉동,4817011800103480014,1,대지,348,14,경상남도 진주시 옥봉동 348-14,481704797635,경상남도 진주시 향교로75번길,10,10,4817011800103480014003283,,경상남도 진주시 향교로75번길 10-10,660909,52743,,,,128.090892435533,35.1989224017233
MA010120220811163095,대륙가스충전소,,G2,소매,G214,연료 소매,G21402,가스 충전소,G47712,운송장비용 가스 충전업,48,경상남도,48170,진주시,48170250,문산읍,4817025022,문산읍,4817025022104220003,1,대지,422,3,경상남도 진주시 문산읍 소문리 422-3,481703332043,경상남도 진주시 문산읍 월아산로,1183,,4817025022104220003000001,,경상남도 진주시 문산읍 월아산로 1183,660845,52853,,,,128.157667455721,35.175220250766
MA010120220811139937,거제옥산충전소주,,G2,소매,G214,연료 소매,G21402,가스 충전소,G47712,운송장비용 가스 충전업,48,경상남도,48310,거제시,48310340,거제면,4831034025,거제면,4831034025102950002,1,대지,295,2,경상남도 거제시 거제면 옥산리 295-2,483103337068,경상남도 거제시 거제면 읍내로,410,29,4831034025102950002000001,,경상남도 거제시 거제면 읍내로 410-29,656863,53284,,,,128.579333168891,34.8799879430562
MA010120220811142740,성주에너지옥포충전소주,,G2,소매,G214,연료 소매,G21402,가스 충전소,G47712,운송장비용 가스 충전업,48,경상남도,48310,거제시,48310550,옥포1동,4831010600,옥포동,4831010600101920000,1,대지,192,,경상남도 거제시 옥포동 192,483102006004,경상남도 거제시 거제대로,3677,,4831010600101910003046137,,경상남도 거제시 거제대로 3677,656905,53227,,,,128.693738531439,34.8856216532162
MA010120220811147597,한일가스,,G2,소매,G214,연료 소매,G21402,가스 충전소,G47712,운송장비용 가스 충전업,48,경상남도,48170,진주시,48170555,성북동,4817011200,계동,4817011200100010000,1,대지,1,,경상남도 진주시 계동 1,481704797298,경상남도 진주시 진주대로1108번길,11,,4817011200100010000000158,,경상남도 진주시 진주대로1108번길 11,660240,52750,,,,128.081293205024,35.1979089205788
MA010120220811166800,대풍엘피가스,,G2,소매,G214,연료 소매,G21402,가스 충전소,G47712,운송장비용 가스 충전업,48,경상남도,48170,진주시,48170740,가호동,4817013100,가좌동,4817013100110110005,1,대지,1011,5,경상남도 진주시 가좌동 1011-5,481702332003,경상남도 진주시 진주대로,405,,4817013100110110005000001,,경상남도 진주시 진주대로 405,660300,52860,,,,128.101263163804,35.1455976653142
MA010120220811140570,이원에너지,,G2,소매,G214,연료 소매,G21402,가스 충전소,G47712,운송장비용 가스 충전업,48,경상남도,48220,통영시,48220310,용남면,4822031025,용남면,4822031025109170043,1,대지,917,43,경상남도 통영시 용남면 원평리 917-43,482203333047,경상남도 통영시 용남면 견내량로,24,24,4822031025109170043012654,,경상남도 통영시 용남면 견내량로 24-24,650837,53025,,,,128.461546703429,34.8883201659093
MA010120220811148169,부동산,,G2,소매,G214,연료 소매,G21402,가스 충전소,G47712,운송장비용 가스 충전업,48,경상남도,48860,산청군,48860380,신안면,4886038021,신안면,4886038021106510003,1,대지,651,3,경상남도 산청군 신안면 하정리 651-3,488603345030,경상남도 산청군 신안면 원지로,78,,4886038021106510003003634,,경상남도 산청군 신안면 원지로 78,666962,52249,,,,127.979444015217,35.2995862371603
MA010120220811160495,하동LPG충전소,,G2,소매,G214,연료 소매,G21402,가스 충전소,G47712,운송장비용 가스 충전업,48,경상남도,48850,하동군,48850370,진교면,4885037030,진교면,4885037030106820003,1,대지,682,3,경상남도 하동군 진교면 술상리 682-3,488503019023,경상남도 하동군 진교면 경충로,594,,4885037030106820003051566,,경상남도 하동군 진교면 경충로 594,667911,52349,,,,127.898814085807,34.9912384930354
MA010120220811170428,동명가스충전소,,G2,소매,G214,연료 소매,G21402,가스 충전소,G47712,운송장비용 가스 충전업,48,경상남도,48170,진주시,48170250,문산읍,4817025021,문산읍,4817025021100350002,1,대지,35,2,경상남도 진주시 문산읍 상문리 35-2,481702332002,경상남도 진주시 문산읍 진마대로,1062,,4817025021100350002000001,외,경상남도 진주시 문산읍 진마대로 1062,660845,52833,,,,128.207048933635,35.1697540406791
MA010120220811203768,공항엘피지충전소주,,G2,소매,G214,연료 소매,G21402,가스 충전소,G47712,운송장비용 가스 충전업,48,경상남도,48240,사천시,48240250,사천읍,4824025028,사천읍,4824025028116830000,1,대지,1683,,경상남도 사천시 사천읍 구암리 1683,482402334003,경상남도 사천시 사천읍 사천대로,2000,,4824025028116830000058158,,경상남도 사천시 사천읍 사천대로 2000,664801,52516,,,,128.089727270533,35.0934710503432
MA010120220811203862,남일에너지유,,G2,소매,G214,연료 소매,G21402,가스 충전소,G47712,운송장비용 가스 충전업,48,경상남도,48240,사천시,48240520,선구동,4824010700,좌룡동,4824010700104290008,1,대지,429,8,경상남도 사천시 좌룡동 429-8,482403019029,경상남도 사천시 삼천포대교로,551,,4824010700104290008022971,,경상남도 사천시 삼천포대교로 551,664838,52553,,,,128.077463976797,34.9470882107384
MA010120220811204152,동아가스산업유한,,G2,소매,G214,연료 소매,G21402,가스 충전소,G47712,운송장비용 가스 충전업,48,경상남도,48240,사천시,48240595,남양동,4824012400,노룡동,4824012400104480001,1,대지,448,1,경상남도 사천시 노룡동 448-1,482402334003,경상남도 사천시 사천대로,718,,4824012400104480001006797,,경상남도 사천시 사천대로 718,664070,52547,,,,128.057127821544,34.9847985106155
MA010120220811204228,성홍가스주,,G2,소매,G214,연료 소매,G21402,가스 충전소,G47712,운송장비용 가스 충전업,48,경상남도,48170,진주시,48170730,판문동,4817012900,판문동,4817012900105170001,1,대지,517,1,경상남도 진주시 판문동 517-1,481703332065,경상남도 진주시 판문로,194,,4817012900105170001205231,,경상남도 진주시 판문로 194,660989,52648,,,,128.039971714595,35.183886053019
MA010120220811177808,유천LPG충전소,,G2,소매,G214,연료 소매,G21402,가스 충전소,G47712,운송장비용 가스 충전업,48,경상남도,48170,진주시,48170695,초장동,4817012200,초전동,4817012200114980005,1,대지,1498,5,경상남도 진주시 초전동 1498-5,481703332021,경상남도 진주시 말티고개로,69,,4817012200114980005000001,,경상남도 진주시 말티고개로 69,660985,52737,,,,128.109774094567,35.1985975933315
MA010120220811173161,한일에너지,,G2,소매,G214,연료 소매,G21402,가스 충전소,G47712,운송장비용 가스 충전업,48,경상남도,48240,사천시,48240360,곤명면,4824036033,곤명면,4824036033100150001,1,대지,15,1,경상남도 사천시 곤명면 신흥리 15-1,482402332001,경상남도 사천시 곤명면 경서대로,3603,,4824036033100150001027710,,경상남도 사천시 곤명면 경서대로 3603,664925,52501,,,,127.993565995317,35.1414542727565
MA010120220811208446,진주개인택시운영회,,G2,소매,G214,연료 소매,G21402,가스 충전소,G47712,운송장비용 가스 충전업,48,경상남도,48170,진주시,48170695,초장동,4817012200,초전동,4817012200110980000,1,대지,1098,,경상남도 진주시 초전동 1098,481703332043,경상남도 진주시 월아산로,2092,,4817012200110980000000812,,경상남도 진주시 월아산로 2092,660985,52732,,,,128.115326834228,35.2128140733392
MA010120220811171545,땡큐LPG,,G2,소매,G214,연료 소매,G21402,가스 충전소,G47712,운송장비용 가스 충전업,48,경상남도,48840,남해군,48840250,남해읍,4884025030,남해읍,4884025030112560001,1,대지,1256,1,경상남도 남해군 남해읍 입현리 1256-1,488402343003,경상남도 남해군 남해읍 남해대로,2624,,4884025030112560001041475,,경상남도 남해군 남해읍 남해대로 2624,668806,52429,,,,127.910924588114,34.8284983130735
MA010120220811198111,반석충전소,,G2,소매,G214,연료 소매,G21402,가스 충전소,G47712,운송장비용 가스 충전업,52,전북특별자치도,52720,진안군,52720380,부귀면,5272038024,부귀면,5272038024101330001,1,대지,133,1,전북특별자치도 진안군 부귀면 신정리 133-1,527203267080,전북특별자치도 진안군 부귀면 전진로,2721,,4572038024101330001021352,,전북특별자치도 진안군 부귀면 전진로 2721,567913,55417,,,,127.363442724171,35.7780077179099
MA010120220811174089,태일가스충전소,,G2,소매,G214,연료 소매,G21402,가스 충전소,G47712,운송장비용 가스 충전업,48,경상남도,48170,진주시,48170695,초장동,4817012300,장재동,4817012300102240001,1,대지,224,1,경상남도 진주시 장재동 224-1,481703332081,경상남도 진주시 진산로,161,,4817012300102240001007446,,경상남도 진주시 진산로 161,660380,52730,,,,128.102311203901,35.201306565407
MA010120220811178880,동원가스,,G2,소매,G214,연료 소매,G21402,가스 충전소,G47712,운송장비용 가스 충전업,48,경상남도,48170,진주시,48170310,내동면,4817031021,내동면,4817031021100630003,1,대지,63,3,경상남도 진주시 내동면 독산리 63-3,481703332038,경상남도 진주시 내동면 순환로,395,,4817031021100630003000001,,경상남도 진주시 내동면 순환로 395,660812,52849,,,,128.067952523812,35.1610017662911
MA010120220811202788,명성에너지주,,G2,소매,G214,연료 소매,G21402,가스 충전소,G47712,운송장비용 가스 충전업,48,경상남도,48170,진주시,48170680,상평동,4817012100,상평동,4817012100102310008,1,대지,231,8,경상남도 진주시 상평동 231-8,481703332034,경상남도 진주시 솔밭로,5,,4817012100102310008096148,,경상남도 진주시 솔밭로 5,660903,52815,,1,,128.10750022866,35.1693982997333
MA010120220811202835,합동가스주,,G2,소매,G214,연료 소매,G21402,가스 충전소,G47712,운송장비용 가스 충전업,48,경상남도,48170,진주시,48170680,상평동,4817012100,상평동,4817012100102240003,1,대지,224,3,경상남도 진주시 상평동 224-3,481704796806,경상남도 진주시 솔밭로32번길,19,,4817012100102240003095990,,경상남도 진주시 솔밭로32번길 19,660903,52810,,,,128.109678789934,35.1722084447066
MA010120220812743269,대주에너지,,G2,소매,G214,연료 소매,G21402,가스 충전소,G47712,운송장비용 가스 충전업,41,경기도,41500,이천시,41500370,설성면,4150037024,설성면,4150037024105260002,1,대지,526,2,경기도 이천시 설성면 제요리 526-2,415002012006,경기도 이천시 설성면 서동대로,8213,,4150037024105260002000001,,경기도 이천시 설성면 서동대로 8213,467882,17413,,,,127.550516676342,37.1114556948214
MA010120220812717235,양평동충전소,,G2,소매,G214,연료 소매,G21402,가스 충전소,G47712,운송장비용 가스 충전업,11,서울특별시,11560,영등포구,11560610,양평1동,1156012700,양평동3가,1156012700100590000,1,대지,59,,서울특별시 영등포구 양평동3가 59,115603005074,서울특별시 영등포구 선유로,157,,1156012700100590000020644,,서울특별시 영등포구 선유로 157,150103,07268,,,,126.891155788571,37.5280330254138
MA010120220812690058,한강에너지충전소,,G2,소매,G214,연료 소매,G21402,가스 충전소,G47712,운송장비용 가스 충전업,41,경기도,41570,김포시,41570253,고촌읍,4157025325,고촌읍,4157025325103370002,1,대지,337,2,경기도 김포시 고촌읍 전호리 337-2,415703000011,경기도 김포시 고촌읍 개화동로,245,,4157025325103370002000001,,경기도 김포시 고촌읍 개화동로 245,415816,10136,,,,126.800749091177,37.5886872688785
MA010120220812652159,그린에너지,,G2,소매,G214,연료 소매,G21402,가스 충전소,G47712,운송장비용 가스 충전업,43,충청북도,43130,충주시,43130625,칠금.금릉동,4313012800,금릉동,4313012800101520032,1,대지,152,32,충청북도 충주시 금릉동 152-32,431304515437,충청북도 충주시 팽고리산길,103,,4313012800101520032017662,,충청북도 충주시 팽고리산길 103,380230,27337,,,,127.925774874854,36.9923714086998
MA010120220812742711,박앤정,,G2,소매,G214,연료 소매,G21402,가스 충전소,G47712,운송장비용 가스 충전업,31,울산광역시,31710,울주군,31710256,온양읍,3171025629,온양읍,3171025629102120000,1,대지,212,,울산광역시 울주군 온양읍 운화리 212,317103011005,울산광역시 울주군 온양읍 남창로,379,,3171025629102120000000184,,울산광역시 울주군 온양읍 남창로 379,689905,44973,,,,129.270687362265,35.4141266427017
MA010120220812702565,신항만충전소,,G2,소매,G214,연료 소매,G21402,가스 충전소,G47712,운송장비용 가스 충전업,26,부산광역시,26440,강서구,26440560,녹산동,2644010900,송정동,2644010900107360000,1,대지,736,,부산광역시 강서구 송정동 736,264402136001,부산광역시 강서구 가락대로,397,,2644010900107370013000001,,부산광역시 강서구 가락대로 397,618816,46750,,,,128.844896675512,35.1180092350008
MA010120220812713573,권선에너지,,G2,소매,G214,연료 소매,G21402,가스 충전소,G47712,운송장비용 가스 충전업,41,경기도,41113,수원시 권선구,41113700,입북동,4111314000,입북동,4111314000104400001,1,대지,440,1,경기도 수원시 권선구 입북동 440-1,411133000064,경기도 수원시 권선구 수인로,402,,4111314000104400001022181,,경기도 수원시 권선구 수인로 402,441470,16370,,,,126.962558450876,37.2908026625439
MA010120220812703013,제천휴게소,,G2,소매,G214,연료 소매,G21402,가스 충전소,G47712,운송장비용 가스 충전업,43,충청북도,43150,제천시,43150380,송학면,4315038021,송학면,4315038021100120001,1,대지,12,1,충청북도 제천시 송학면 무도리 12-1,431503238087,충청북도 제천시 송학면 북부로,3392,,4315038021100120001026033,,충청북도 제천시 송학면 북부로 3392,390811,27126,,,,128.274750557129,37.1848173866551
MA010120220812603420,복지상일충전소,,G2,소매,G214,연료 소매,G21402,가스 충전소,G47712,운송장비용 가스 충전업,11,서울특별시,11740,강동구,11740525,상일1동,1174010300,상일동,1174010300104430005,1,대지,443,5,서울특별시 강동구 상일동 443-5,117402000008,서울특별시 강동구 천호대로,1452,,1174010300104430005020621,,서울특별시 강동구 천호대로 1452,134838,05290,,,,127.170041946114,37.5450617399499
MA010120220809354720,상주LPG충전소,,G2,소매,G214,연료 소매,G21402,가스 충전소,G47712,운송장비용 가스 충전업,47,경상북도,47250,상주시,47250520,남원동,4725013400,연원동,4725013400107770022,1,대지,777,22,경상북도 상주시 연원동 777-22,472503311045,경상북도 상주시 영남제일로,1950,,4725013400107770022102741,,경상북도 상주시 영남제일로 1950,742110,37164,,,,128.131876530381,36.4155808400616
MA010120220809360981,상주IC충전소,,G2,소매,G214,연료 소매,G21402,가스 충전소,G47712,운송장비용 가스 충전업,47,경상북도,47250,상주시,47250550,동문동,4725012200,외답동,4725012200107160004,1,대지,716,4,경상북도 상주시 외답동 716-4,472503311045,경상북도 상주시 영남제일로,1339,,4725012200107160004089717,,경상북도 상주시 영남제일로 1339,742320,37240,,1,,128.193549607257,36.4182693243499
MA010120220809353518,서울LPG충전소,,G2,소매,G214,연료 소매,G21402,가스 충전소,G47712,운송장비용 가스 충전업,47,경상북도,47280,문경시,47280250,문경읍,4728025026,문경읍,4728025026103480000,1,대지,348,,경상북도 문경시 문경읍 마원리 348,472802311001,경상북도 문경시 문경읍 문경대로,2108,,4728025026103480000026916,,경상북도 문경시 문경읍 문경대로 2108,745801,36920,,,,128.105659299531,36.7208123968422
MA010120220809345228,토우서울강서지점,,G2,소매,G214,연료 소매,G21402,가스 충전소,G47712,운송장비용 가스 충전업,11,서울특별시,11500,강서구,11500640,방화2동,1150011000,개화동,1150011000105090004,1,대지,509,4,서울특별시 강서구 개화동 509-4,115003000011,서울특별시 강서구 개화동로,416,,1150011000105090002000002,,서울특별시 강서구 개화동로 416,157222,07505,,3,,126.801793277163,37.574921865812
MA010120220809357146,동상주IC충전소,,G2,소매,G214,연료 소매,G21402,가스 충전소,G47712,운송장비용 가스 충전업,47,경상북도,47250,상주시,47250330,낙동면,4725033024,낙동면,4725033024105120000,1,대지,512,,경상북도 상주시 낙동면 구잠리 512,472502308006,경상북도 상주시 낙동면 낙동대로,4547,,4725033024105120000000001,외,경상북도 상주시 낙동면 낙동대로 4547,742951,37250,,,,128.279236452845,36.3838428061003
MA010120220809356245,일광가스충전소,,G2,소매,G214,연료 소매,G21402,가스 충전소,G47712,운송장비용 가스 충전업,47,경상북도,47280,문경시,47280580,점촌2동,4728010100,점촌동,4728010100100890003,1,대지,89,3,경상북도 문경시 점촌동 89-3,472803018105,경상북도 문경시 경서로,115,,4728010100100890003000001,,경상북도 문경시 경서로 115,745886,36946,,,,128.200433064538,36.5898687489174
MA010120220809384697,영주가스충전소,,G2,소매,G214,연료 소매,G21402,가스 충전소,G47712,운송장비용 가스 충전업,47,경상북도,47210,영주시,47210590,휴천1동,4721010400,휴천동,4721010400107070003,1,대지,707,3,경상북도 영주시 휴천동 707-3,472103309008,경상북도 영주시 구성로,292,,4721010400107070003009540,,경상북도 영주시 구성로 292,750914,36086,,,,128.627882095637,36.8194228221241
MA010120220809380326,대영가스충전소,,G2,소매,G214,연료 소매,G21402,가스 충전소,G47712,운송장비용 가스 충전업,47,경상북도,47210,영주시,47210510,상망동,4721010200,상망동,4721010200104930002,1,대지,493,2,경상북도 영주시 상망동 493-2,472103309052,경상북도 영주시 원당로,358,,4721010200104920000000002,,경상북도 영주시 원당로 358,750904,36065,,,,128.645055037799,36.8363685567241
MA010120220809386335,우성충전소,,G2,소매,G214,연료 소매,G21402,가스 충전소,G47712,운송장비용 가스 충전업,47,경상북도,47210,영주시,47210510,상망동,4721010200,상망동,4721010200102520006,1,대지,252,6,경상북도 영주시 상망동 252-6,472103309052,경상북도 영주시 원당로,389,,4721010200102520001000001,,경상북도 영주시 원당로 389,750904,36065,,,,128.647916025519,36.8380588484268
MA010120220809383683,우리들충전소,,G2,소매,G214,연료 소매,G21402,가스 충전소,G47712,운송장비용 가스 충전업,47,경상북도,47900,예천군,47900370,유천면,4790037059,유천면,4790037059103820000,1,대지,382,,경상북도 예천군 유천면 매산리 382,479003018105,경상북도 예천군 유천면 경서로,2005,,4790037059103820000017490,,경상북도 예천군 유천면 경서로 2005,757893,36842,,,,128.377283670885,36.6226021614281
MA010120220809386514,송리원충전소,,G2,소매,G214,연료 소매,G21402,가스 충전소,G47712,운송장비용 가스 충전업,47,경상북도,47210,영주시,47210310,이산면,4721031027,이산면,4721031027100430001,1,대지,43,1,경상북도 영주시 이산면 운문리 43-1,472102018002,경상북도 영주시 이산면 경북대로,2932,,4721031027100430001001592,,경상북도 영주시 이산면 경북대로 2932,750842,36170,,,,128.679372215748,36.7663582935909
MA010120220809386553,봉화LPG충전소,,G2,소매,G214,연료 소매,G21402,가스 충전소,G47712,운송장비용 가스 충전업,47,경상북도,47920,봉화군,47920250,봉화읍,4792025026,봉화읍,4792025026101910000,1,대지,191,,경상북도 봉화군 봉화읍 해저리 191,479203309081,경상북도 봉화군 봉화읍 봉화로,1031,,4792025026101910000026029,,경상북도 봉화군 봉화읍 봉화로 1031,755804,36236,,,,128.723125433666,36.8927274057329
MA010120220809412190,문화가스충전소,,G2,소매,G214,연료 소매,G21402,가스 충전소,G47712,운송장비용 가스 충전업,47,경상북도,47190,구미시,47190535,원평동,4719010100,원평동,4719010100105350007,1,대지,535,7,경상북도 구미시 원평동 535-7,471903308006,경상북도 구미시 구미중앙로,160,1,4719010100105350007015242,,경상북도 구미시 구미중앙로 160-1,730924,39228,,,,128.339337226966,36.1250669234079
MA010120220809409111,진주수소충전소,,G2,소매,G214,연료 소매,G21402,가스 충전소,G47712,운송장비용 가스 충전업,48,경상남도,48170,진주시,48170730,판문동,4817012900,판문동,4817012900105170001,1,대지,517,1,경상남도 진주시 판문동 517-1,481703332065,경상남도 진주시 판문로,194,,4817012900105170001205231,,경상남도 진주시 판문로 194,660989,52648,,,,128.039971714595,35.183886053019
MA010120220809389005,영동엘피지부동산,,G2,소매,G214,연료 소매,G21402,가스 충전소,G47712,운송장비용 가스 충전업,47,경상북도,47900,예천군,47900250,예천읍,4790025032,예천읍,4790025032104450015,1,대지,445,15,경상북도 예천군 예천읍 청복리 445-15,479003323006,경상북도 예천군 예천읍 양궁로,164,,4790025032104450015000001,,경상북도 예천군 예천읍 양궁로 164,757807,36830,,,,128.467173214863,36.6398834665661
MA010120220809383108,동진충전소,,G2,소매,G214,연료 소매,G21402,가스 충전소,G47712,운송장비용 가스 충전업,47,경상북도,47210,영주시,47210510,상망동,4721010200,상망동,4721010200106250017,1,대지,625,17,경상북도 영주시 상망동 625-17,472103309052,경상북도 영주시 원당로,258,,4721010200106250017000001,,경상북도 영주시 원당로 258,750904,36066,,,,128.637803166072,36.8311347637666
MA010120220809383160,풍기LPG충전소,,G2,소매,G214,연료 소매,G21402,가스 충전소,G47712,운송장비용 가스 충전업,47,경상북도,47210,영주시,47210360,봉현면,4721036022,봉현면,4721036022102250000,1,대지,225,,경상북도 영주시 봉현면 오현리 225,472103309042,경상북도 영주시 봉현면 신재로,860,,4721036022102250000014213,,경상북도 영주시 봉현면 신재로 860,750894,36044,,,,128.529153115546,36.8634869173878
MA010120220809431760,태양엘피지충전소,,G2,소매,G214,연료 소매,G21402,가스 충전소,G47712,운송장비용 가스 충전업,47,경상북도,47850,칠곡군,47850250,왜관읍,4785025025,왜관읍,4785025025109460000,1,대지,946,,경상북도 칠곡군 왜관읍 삼청리 946,478502000028,경상북도 칠곡군 왜관읍 칠곡대로,1893,,4785025025109460000019214,,경상북도 칠곡군 왜관읍 칠곡대로 1893,718803,39907,,,,128.433463684861,35.9740008046972
MA010120220809439194,뉴태성충전소,,G2,소매,G214,연료 소매,G21402,가스 충전소,G47712,운송장비용 가스 충전업,47,경상북도,47190,구미시,47190660,임오동,4719011700,임은동,4719011700104700003,1,대지,470,3,경상북도 구미시 임은동 470-3,471902018004,경상북도 구미시 금오대로,486,,4719011700104700003045634,,경상북도 구미시 금오대로 486,730130,39357,,,,128.360165328465,36.0852181009703
MA010120220809420939,구미가스충전소,,G2,소매,G214,연료 소매,G21402,가스 충전소,G47712,운송장비용 가스 충전업,47,경상북도,47190,구미시,47190610,비산동,4719011200,비산동,4719011200103760001,1,대지,376,1,경상북도 구미시 비산동 376-1,471903308041,경상북도 구미시 신비로,155,,4719011200103760001028764,,경상북도 구미시 신비로 155,730100,39245,,,,128.378761252838,36.1227181783899
MA010120220809433736,금화LPG충전소,,G2,소매,G214,연료 소매,G21402,가스 충전소,G47712,운송장비용 가스 충전업,47,경상북도,47850,칠곡군,47850330,가산면,4785033035,가산면,4785033035101450000,1,대지,145,,경상북도 칠곡군 가산면 금화리 145,478502018002,경상북도 칠곡군 가산면 경북대로,1376,,4785033035101450000025012,,경상북도 칠곡군 가산면 경북대로 1376,718912,39852,,,,128.538445829362,36.0685265958552
MA010120220809431850,금오공대입구충전소,,G2,소매,G214,연료 소매,G21402,가스 충전소,G47712,운송장비용 가스 충전업,47,경상북도,47190,구미시,47190690,양포동,4719012700,거의동,4719012700103630001,1,대지,363,1,경상북도 구미시 거의동 363-1,471902308002,경상북도 구미시 산호대로,600,,4719012700103630001000001,외,경상북도 구미시 산호대로 600,730370,39176,,,,128.397100329548,36.1346889682516
MA010120220809425552,경북LPG충전소,,G2,소매,G214,연료 소매,G21402,가스 충전소,G47712,운송장비용 가스 충전업,47,경상북도,47190,구미시,47190253,고아읍,4719025336,고아읍,4719025336106850001,1,대지,685,1,경상북도 구미시 고아읍 봉한리 685-1,471902308003,경상북도 구미시 고아읍 선산대로,514,,4719025336106850001020176,,경상북도 구미시 고아읍 선산대로 514,730815,39152,,,,128.352380081403,36.175041443187
MA010120220809427751,우리LPG충전소,,G2,소매,G214,연료 소매,G21402,가스 충전소,G47712,운송장비용 가스 충전업,47,경상북도,47190,구미시,47190660,임오동,4719011800,오태동,4719011800105000005,1,대지,500,5,경상북도 구미시 오태동 500-5,471902018004,경상북도 구미시 금오대로,413,,4719011800105000005045105,,경상북도 구미시 금오대로 413,730141,39357,,,,128.354331102744,36.0803549310687
MA010120220809439918,신성특수가스텍,,G2,소매,G214,연료 소매,G21402,가스 충전소,G47712,운송장비용 가스 충전업,47,경상북도,47290,경산시,47290256,압량읍,4729025633,압량읍,4729025633103420000,1,대지,342,,경상북도 경산시 압량읍 신월리 342,472904739682,경상북도 경산시 압량읍 진못둑길,78,,4729036033103420000064104,,경상북도 경산시 압량읍 진못둑길 78,712822,38540,,,,128.78414631922,35.8166675856349
MA010120220809447836,약목LPG충전소,,G2,소매,G214,연료 소매,G21402,가스 충전소,G47712,운송장비용 가스 충전업,47,경상북도,47850,칠곡군,47850360,약목면,4785036030,약목면,4785036030102260000,1,대지,226,,경상북도 칠곡군 약목면 남계리 226,478503322018,경상북도 칠곡군 약목면 약목로,8,,4785036030102260000026692,,경상북도 칠곡군 약목면 약목로 8,718811,39827,,,,128.372008643225,36.0294644014702
MA010120220809418234,구미보충전소,,G2,소매,G214,연료 소매,G21402,가스 충전소,G47712,운송장비용 가스 충전업,47,경상북도,47190,구미시,47190340,해평면,4719034032,해평면,4719034032103800000,1,대지,380,,경상북도 구미시 해평면 산양리 380,471902308006,경상북도 구미시 해평면 낙동대로,2469,,4719034032103250005000001,,경상북도 구미시 해평면 낙동대로 2469,730872,39105,,1,,128.364101349984,36.2221905224954
MA010120220809464527,삼일기업,,G2,소매,G214,연료 소매,G21402,가스 충전소,G47712,운송장비용 가스 충전업,47,경상북도,47850,칠곡군,47850250,왜관읍,4785025026,왜관읍,4785025026108540000,1,대지,854,,경상북도 칠곡군 왜관읍 금산리 854,478502000012,경상북도 칠곡군 왜관읍 강변대로,872,,4785025026108540000003462,삼일LPG충전소,경상북도 칠곡군 왜관읍 강변대로 872,718802,39910,,,,128.399293384201,35.9556421781066
MA010120220809464836,경산VIP충전소주,,G2,소매,G214,연료 소매,G21402,가스 충전소,G47712,운송장비용 가스 충전업,47,경상북도,47290,경산시,47290542,서부2동,4729011000,중산동,4729011000105080000,1,대지,508,,경상북도 경산시 중산동 508,472903313005,경상북도 경산시 경산로,299,,4729011000105080000006107,,경상북도 경산시 경산로 299,712280,38661,,,,128.722268254731,35.8341421346734
MA010120220809469777,케이케이주,서부지점,G2,소매,G214,연료 소매,G21402,가스 충전소,G47712,운송장비용 가스 충전업,47,경상북도,47150,김천시,47150575,대신동,4715010800,신음동,4715010800104220003,1,대지,422,3,경상북도 김천시 신음동 422-3,471503306048,경상북도 김천시 시청로,21,,4715010800104220003000001,,경상북도 김천시 시청로 21,740978,39548,,,,128.117678718161,36.1302692572282
MA010120220809469903,삼일기업약목LPG충전소주,,G2,소매,G214,연료 소매,G21402,가스 충전소,G47712,운송장비용 가스 충전업,47,경상북도,47850,칠곡군,47850360,약목면,4785036028,약목면,4785036028106480003,1,대지,648,3,경상북도 칠곡군 약목면 복성리 648-3,478502000028,경상북도 칠곡군 약목면 칠곡대로,512,,4785036028106480003029555,,경상북도 칠곡군 약목면 칠곡대로 512,718814,39822,,,,128.352971577533,36.0424590470434
MA010120220809453097,삼화주유소,,G2,소매,G214,연료 소매,G21402,가스 충전소,G47712,운송장비용 가스 충전업,47,경상북도,47850,칠곡군,47850360,약목면,4785036030,약목면,4785036030100120001,1,대지,12,1,경상북도 칠곡군 약목면 남계리 12-1,478502000028,경상북도 칠곡군 약목면 칠곡대로,719,,4785036030100140001026650,,경상북도 칠곡군 약목면 칠곡대로 719,718811,39819,,,,128.370833502104,36.0320731522274
MA010120220809466311,대용,,G2,소매,G214,연료 소매,G21402,가스 충전소,G47712,운송장비용 가스 충전업,47,경상북도,47190,구미시,47190253,고아읍,4719025336,고아읍,4719025336106850001,1,대지,685,1,경상북도 구미시 고아읍 봉한리 685-1,471902308003,경상북도 구미시 고아읍 선산대로,514,,4719025336106850001020176,,경상북도 구미시 고아읍 선산대로 514,730815,39152,,,,128.352380081403,36.175041443187
MA010120220809478914,달성엘피지충전소,,G2,소매,G214,연료 소매,G21402,가스 충전소,G47712,운송장비용 가스 충전업,27,대구광역시,27710,달성군,27710265,현풍읍,2771026525,현풍읍,2771026525101000000,1,대지,100,,대구광역시 달성군 현풍읍 성하리 100,277103148011,대구광역시 달성군 현풍읍 논공로,70,,2771036025100850000006015,외,대구광역시 달성군 현풍읍 논공로 70,711872,42988,,,,128.442919648699,35.7118641836265
MA010120220809493927,대경LPG가스충전소,,G2,소매,G214,연료 소매,G21402,가스 충전소,G47712,운송장비용 가스 충전업,47,경상북도,47290,경산시,47290310,와촌면,4729031033,와촌면,4729031033104840000,1,대지,484,,경상북도 경산시 와촌면 강학리 484,472903000048,경상북도 경산시 와촌면 팔공로,304,,4729031033104840000070661,,경상북도 경산시 와촌면 팔공로 304,712841,38405,,,,128.775613980462,35.9593772456471
MA010120220809468195,석송에너지,,G2,소매,G214,연료 소매,G21402,가스 충전소,G47712,운송장비용 가스 충전업,47,경상북도,47850,칠곡군,47850310,지천면,4785031039,지천면,4785031039100140001,1,대지,14,1,경상북도 칠곡군 지천면 연화리 14-1,478502000028,경상북도 칠곡군 지천면 칠곡대로,2208,,4785031039100140001011174,,경상북도 칠곡군 지천면 칠곡대로 2208,718821,39867,,,,128.463840026108,35.9656047899843
MA010120220809463527,선산엘피지충전소주,,G2,소매,G214,연료 소매,G21402,가스 충전소,G47712,운송장비용 가스 충전업,47,경상북도,47190,구미시,47190253,고아읍,4719025323,고아읍,4719025323104700008,1,대지,470,8,경상북도 구미시 고아읍 오로리 470-8,471902308003,경상북도 구미시 고아읍 선산대로,1211,,4719025323104700008018043,,경상북도 구미시 고아읍 선산대로 1211,730816,39136,,,,128.31042314069,36.2244485693552
MA010120220810897131,세종종합에너지창녕지점,,G2,소매,G214,연료 소매,G21402,가스 충전소,G47712,운송장비용 가스 충전업,48,경상남도,48740,창녕군,48740360,대지면,4874036025,대지면,4874036025100680002,1,대지,68,2,경상남도 창녕군 대지면 효정리 68-2,487404823749,경상남도 창녕군 대지면 효정직교길,107,,4874036025100680002070436,,경상남도 창녕군 대지면 효정직교길 107,635821,50319,,,,128.479460020437,35.5422846668822
MA010120220810896191,마산개인택시복지충전소,,G2,소매,G214,연료 소매,G21402,가스 충전소,G47712,운송장비용 가스 충전업,48,경상남도,48125,창원시 마산합포구,48125650,산호동,4812511800,산호동,4812511800102030002,1,대지,203,2,경상남도 창원시 마산합포구 산호동 203-2,481253329020,경상남도 창원시 마산합포구 삼호로,9,1,4812511800102030002051372,,경상남도 창원시 마산합포구 삼호로 9-1,631855,51336,,,,128.588098370204,35.2192962227445
MA010120220810910146,불모가스충전소,,G2,소매,G214,연료 소매,G21402,가스 충전소,G47712,운송장비용 가스 충전업,48,경상남도,48123,창원시 성산구,48123560,성주동,4812312800,성주동,4812312800101880000,1,대지,188,,경상남도 창원시 성산구 성주동 188,481232019002,경상남도 창원시 성산구 창원대로,1306,,4812310900103770000029639,,경상남도 창원시 성산구 창원대로 1306,642120,51541,,,,128.724982736374,35.1903592483795
MA010120220810896723,경성에너지영산충전소,,G2,소매,G214,연료 소매,G21402,가스 충전소,G47712,운송장비용 가스 충전업,48,경상남도,48740,창녕군,48740380,영산면,4874038021,영산면,4874038021102090007,1,대지,209,7,경상남도 창녕군 영산면 서리 209-7,487403341027,경상남도 창녕군 영산면 영산장마로,733,,4874038021102090007050199,,경상남도 창녕군 영산면 영산장마로 733,635862,50342,,,,128.523969433118,35.4580805138361
MA010120220810896823,광신직영우성셀프,,G2,소매,G214,연료 소매,G21402,가스 충전소,G47712,운송장비용 가스 충전업,48,경상남도,48740,창녕군,48740380,영산면,4874038026,영산면,4874038026110970001,1,대지,1097,1,경상남도 창녕군 영산면 죽사리 1097-1,487403341025,경상남도 창녕군 영산면 영산도천로,464,,4874038026110970001053997,,경상남도 창녕군 영산면 영산도천로 464,635861,50348,,,,128.521561647555,35.4448630888805
MA010120220810896825,명성에너지함안충전소주,,G2,소매,G214,연료 소매,G21402,가스 충전소,G47712,운송장비용 가스 충전업,48,경상남도,48730,함안군,48730250,가야읍,4873025022,가야읍,4873025022109940012,1,대지,994,12,경상남도 함안군 가야읍 검암리 994-12,487303340009,경상남도 함안군 가야읍 말산로,97,,4873025022109940012008332,,경상남도 함안군 가야읍 말산로 97,637802,52048,,1,,128.417380965908,35.2750944484982
MA010120220810980028,가스마켓,코리아,G2,소매,G214,연료 소매,G21402,가스 충전소,G47712,운송장비용 가스 충전업,48,경상남도,48121,창원시 의창구,48121250,동읍,4812125039,동읍,4812125039100520002,1,대지,52,2,경상남도 창원시 의창구 동읍 봉곡리 52-2,481213019001,경상남도 창원시 의창구 동읍 동읍로,1033,,4812125039100520002000001,,경상남도 창원시 의창구 동읍 동읍로 1033,641861,51114,,1,,128.662089026862,35.3447521374831
MA010120220810978409,대하디엔지주,,G2,소매,G214,연료 소매,G21402,가스 충전소,G47712,운송장비용 가스 충전업,48,경상남도,48310,거제시,48310590,상문동,4831011000,상동동,4831011000101160004,1,대지,116,4,경상남도 거제시 상동동 116-4,483104811293,경상남도 거제시 상동1길,22,,4831011000101160004000001,,경상남도 거제시 상동1길 22,656300,53296,,,,128.639076196992,34.8648577379223
MA010120220810975598,경양엘피지주,,G2,소매,G214,연료 소매,G21402,가스 충전소,G47712,운송장비용 가스 충전업,48,경상남도,48129,창원시 진해구,48129550,태백동,4812913900,경화동,4812913900111710005,1,대지,1171,5,경상남도 창원시 진해구 경화동 1171-5,481293331068,경상남도 창원시 진해구 태백로,8,,4812913900111710005014843,,경상남도 창원시 진해구 태백로 8,645802,51666,,,,128.676583146439,35.1530974929735
MA010120220811013858,통도IC충전소,,G2,소매,G214,연료 소매,G21402,가스 충전소,G47712,운송장비용 가스 충전업,31,울산광역시,31710,울주군,31710265,삼남읍,3171026524,삼남읍,3171026524102410001,1,대지,241,1,울산광역시 울주군 삼남읍 방기리 241-1,317102000017,울산광역시 울주군 삼남읍 반구대로,42,,3171039024102410001005525,,울산광역시 울주군 삼남읍 반구대로 42,689813,44954,,,,129.092885492098,35.5017387163192
MA010120220810975646,영진가스,,G2,소매,G214,연료 소매,G21402,가스 충전소,G47712,운송장비용 가스 충전업,48,경상남도,48129,창원시 진해구,48129610,덕산동,4812914300,덕산동,4812914300100250001,1,대지,25,1,경상남도 창원시 진해구 덕산동 25-1,481293331067,경상남도 창원시 진해구 충장로,483,,4812914300100250001019946,,경상남도 창원시 진해구 충장로 483,645310,51649,,,,128.700848586216,35.1464235791853
MA010120220810981979,신항LPG충전소,,G2,소매,G214,연료 소매,G21402,가스 충전소,G47712,운송장비용 가스 충전업,48,경상남도,48129,창원시 진해구,48129630,웅천동,4812915500,죽곡동,4812915500102620000,1,대지,262,,경상남도 창원시 진해구 죽곡동 262,481292000030,경상남도 창원시 진해구 진해대로,1331,,4812915500102620000031027,,경상남도 창원시 진해구 진해대로 1331,645430,51622,,,,128.721189003101,35.1145303020139
MA010120220810981996,광신직영굴현충전소,,G2,소매,G214,연료 소매,G21402,가스 충전소,G47712,운송장비용 가스 충전업,48,경상남도,48121,창원시 의창구,48121510,의창동,4812110600,동정동,4812110600108050001,1,대지,805,1,경상남도 창원시 의창구 동정동 805-1,481212327002,경상남도 창원시 의창구 정렬대로,110,,4812110600108050001000001,,경상남도 창원시 의창구 정렬대로 110,641490,51189,,,,128.609094051522,35.2630979674643
MA010120220810982280,광신직영두대충전소,,G2,소매,G214,연료 소매,G21402,가스 충전소,G47712,운송장비용 가스 충전업,48,경상남도,48123,창원시 성산구,48123520,중앙동,4812313700,대원동,4812313700100730000,1,대지,73,,경상남도 창원시 성산구 대원동 73,481233328036,경상남도 창원시 성산구 남면로,3,,4812112300100730000023595,,경상남도 창원시 성산구 남면로 3,641808,51404,,,,128.644388844847,35.2315942743181
MA010120220811019218,청량가스충전소,,G2,소매,G214,연료 소매,G21402,가스 충전소,G47712,운송장비용 가스 충전업,31,울산광역시,31710,울주군,31710262,청량읍,3171026222,청량읍,3171026222101990002,1,대지,199,2,울산광역시 울주군 청량읍 동천리 199-2,317103011005,울산광역시 울주군 청량읍 남창로,1069,,3171033022101990002019443,,울산광역시 울주군 청량읍 남창로 1069,689862,44964,,,,129.292251745091,35.4700725914811
MA010120220811051596,금광가스주,,G2,소매,G214,연료 소매,G21402,가스 충전소,G47712,운송장비용 가스 충전업,31,울산광역시,31140,남구,31140570,삼산동,3114010500,달동,3114010500112720008,1,대지,1272,8,울산광역시 남구 달동 1272-8,311403169026,울산광역시 남구 번영로,104,,3114010500112720002008140,,울산광역시 남구 번영로 104,680804,44721,,,,129.329670690038,35.5349712428158
MA010120220811055874,문수가스충전소주,,G2,소매,G214,연료 소매,G21402,가스 충전소,G47712,운송장비용 가스 충전업,31,울산광역시,31710,울주군,31710340,웅촌면,3171034029,웅촌면,3171034029100050005,1,대지,5,5,울산광역시 울주군 웅촌면 대복리 5-5,317103011007,울산광역시 울주군 웅촌면 웅촌로,725,,3171034029100050005022778,,울산광역시 울주군 웅촌면 웅촌로 725,689873,44962,,,,129.224707626382,35.4880252876726
MA010120220811057455,명진가스주,삼산지점,G2,소매,G214,연료 소매,G21402,가스 충전소,G47712,운송장비용 가스 충전업,31,울산광역시,31140,남구,31140570,삼산동,3114010600,삼산동,3114010600116390001,1,대지,1639,1,울산광역시 남구 삼산동 1639-1,311403170026,울산광역시 남구 삼산로,394,,3114010600116390001004742,,울산광역시 남구 삼산로 394,680815,44716,,,,129.350208297414,35.5395283617069
MA010120220811057209,동양가스산업오복충전소주,,G2,소매,G214,연료 소매,G21402,가스 충전소,G47712,운송장비용 가스 충전업,31,울산광역시,31710,울주군,31710340,웅촌면,3171034029,웅촌면,3171034029104520008,1,대지,452,8,울산광역시 울주군 웅촌면 대복리 452-8,317103011007,울산광역시 울주군 웅촌면 웅촌로,656,,3171034029104520002022620,,울산광역시 울주군 웅촌면 웅촌로 656,689873,44962,,,,129.218343968082,35.4857816463146
MA010120220811057398,대양제1충전소,,G2,소매,G214,연료 소매,G21402,가스 충전소,G47712,운송장비용 가스 충전업,31,울산광역시,31140,남구,31140670,야음장생포동,3114010700,여천동,3114010700111100005,1,대지,1110,5,울산광역시 남구 여천동 1110-5,311403011003,울산광역시 남구 화합로,18,,3114010700111100005000900,,울산광역시 남구 화합로 18,680090,44762,,,,129.343750826299,35.5271203962832
MA010120220811057399,대양제2충전소,,G2,소매,G214,연료 소매,G21402,가스 충전소,G47712,운송장비용 가스 충전업,31,울산광역시,31140,남구,31140585,삼호동,3114010100,무거동,3114010100112830000,1,대지,1283,,울산광역시 남구 무거동 1283,311403170007,울산광역시 남구 남산로,231,,3114010100112800000035158,,울산광역시 남구 남산로 231,680811,44621,,,,129.294231212614,35.5443102277606
MA010120220811057434,신일복합충전소,,G2,소매,G214,연료 소매,G21402,가스 충전소,G47712,운송장비용 가스 충전업,31,울산광역시,31710,울주군,31710340,웅촌면,3171034023,웅촌면,3171034023100010011,1,대지,1,11,울산광역시 울주군 웅촌면 곡천리 1-11,317103011007,울산광역시 울주군 웅촌면 웅촌로,490,,3171034023100010011022330,,울산광역시 울주군 웅촌면 웅촌로 490,689872,44962,,,,129.218254340227,35.4716992605353
MA010120220811024673,성원상사,,G2,소매,G214,연료 소매,G21402,가스 충전소,G47712,운송장비용 가스 충전업,31,울산광역시,31140,남구,31140585,삼호동,3114010100,무거동,3114010100112830000,1,대지,1283,,울산광역시 남구 무거동 1283,311403170007,울산광역시 남구 남산로,231,,3114010100112800000035158,,울산광역시 남구 남산로 231,680811,44621,,,,129.294231212614,35.5443102277606
MA010120220812457985,현대가스충전소,,G2,소매,G214,연료 소매,G21402,가스 충전소,G47712,운송장비용 가스 충전업,52,전북특별자치도,52800,부안군,52800330,행안면,5280033025,행안면,5280033025101840002,1,대지,184,2,전북특별자치도 부안군 행안면 신기리 184-2,528003280035,전북특별자치도 부안군 행안면 변산로,47,,4580033025101840002097009,,전북특별자치도 부안군 행안면 변산로 47,579832,56319,,,,126.716231189664,35.7287695712744
MA010120220812464901,에코에너텍,,G2,소매,G214,연료 소매,G21402,가스 충전소,G47712,운송장비용 가스 충전업,41,경기도,41590,화성시,41590310,매송면,4159031022,매송면,4159031022103430000,1,대지,343,,경기도 화성시 매송면 원평리 343,415903012003,경기도 화성시 매송면 매송고색로,131,,4159031022103430000000001,,경기도 화성시 매송면 매송고색로 131,445832,18287,,,,126.919774671109,37.2451526638852
MA010120220812455756,에스케이오케이충전소,,G2,소매,G214,연료 소매,G21402,가스 충전소,G47712,운송장비용 가스 충전업,41,경기도,41135,성남시 분당구,41135662,금곡동,4113511100,금곡동,4113511100103440000,1,대지,344,,경기도 성남시 분당구 금곡동 344,411353180005,경기도 성남시 분당구 대왕판교로,131,,4113511100103440000047557,,경기도 성남시 분당구 대왕판교로 131,463869,13552,,,,127.101212255247,37.3551441051378
MA010120220812444818,동원에너지산업,,G2,소매,G214,연료 소매,G21402,가스 충전소,G47712,운송장비용 가스 충전업,51,강원특별자치도,51730,횡성군,51730250,횡성읍,5173025043,횡성읍,5173025043105670024,1,대지,567,24,강원특별자치도 횡성군 횡성읍 학곡리 567-24,517303000145,강원특별자치도 횡성군 횡성읍 경강로,1531,,4273025043105670024000001,,강원특별자치도 횡성군 횡성읍 경강로 1531,225802,25210,,,,127.953953087547,37.5131033749489
MA010120220812471522,황계충전소,,G2,소매,G214,연료 소매,G21402,가스 충전소,G47712,운송장비용 가스 충전업,41,경기도,41113,수원시 권선구,41113690,곡선동,4111313900,대황교동,4111313900100590004,1,대지,59,4,경기도 수원시 권선구 대황교동 59-4,411132012008,경기도 수원시 권선구 경수대로,14,,4111313900100590004000001,외,경기도 수원시 권선구 경수대로 14,441410,16661,,,,127.024058074318,37.2293640344524
MA010120220812494101,진성에너지색장충전소,,G2,소매,G214,연료 소매,G21402,가스 충전소,G47712,운송장비용 가스 충전업,52,전북특별자치도,52111,전주시 완산구,52111650,동서학동,5211114400,색장동,5211114400108720015,1,대지,872,15,전북특별자치도 전주시 완산구 색장동 872-15,521113266092,전북특별자치도 전주시 완산구 춘향로,4900,,4511114400108720015000001,,전북특별자치도 전주시 완산구 춘향로 4900,560120,55117,,,,127.199164443752,35.7806902068335
MA010120220812518522,"낚시팡팡,디오충전소",,G2,소매,G214,연료 소매,G21402,가스 충전소,G47712,운송장비용 가스 충전업,29,광주광역시,29170,북구,29170695,건국동,2917013100,용두동,2917013100110430020,1,대지,1043,20,광주광역시 북구 용두동 1043-20,291702009010,광주광역시 북구 빛고을대로,656,,2917013100110430003000001,,광주광역시 북구 빛고을대로 656,500220,61017,,,,126.869479241209,35.2201797446153
MA010120220812532942,덕소충전소,,G2,소매,G214,연료 소매,G21402,가스 충전소,G47712,운송장비용 가스 충전업,41,경기도,41360,남양주시,41360540,양정동,4136010500,이패동,4136010500104130010,1,대지,413,10,경기도 남양주시 이패동 413-10,413603000145,경기도 남양주시 경강로,228,,4136010500104080001015131,덕소충전소,경기도 남양주시 경강로 228,472930,12245,,,,127.193335773084,37.6043112630759
MA010120220812553930,평창올림피아LPG충전소,,G2,소매,G214,연료 소매,G21402,가스 충전소,G47712,운송장비용 가스 충전업,51,강원특별자치도,51760,평창군,51760380,대관령면,5176038024,대관령면,5176038024103770014,1,대지,377,14,강원특별자치도 평창군 대관령면 횡계리 377-14,517603000145,강원특별자치도 평창군 대관령면 경강로,5195,5,4276038024103770014011166,평창올림피아LP,강원특별자치도 평창군 대관령면 경강로 5195-5,232954,25347,,,,128.70048809,37.6796755044689
MA010120220812554588,피크사이언티픽인스트루먼츠,코리아,G2,소매,G214,연료 소매,G21402,가스 충전소,G47712,운송장비용 가스 충전업,11,서울특별시,11110,종로구,11110615,종로1.2.3.4가동,1111012200,청진동,1111012200102460000,1,대지,246,,서울특별시 종로구 청진동 246,111104100333,서울특별시 종로구 종로3길,17,,1111012200102490000000001,디타워,서울특별시 종로구 종로3길 17,110130,03155,,,,126.978911421018,37.5709958587349
MA010120220812520553,점보충전소,,G2,소매,G214,연료 소매,G21402,가스 충전소,G47712,운송장비용 가스 충전업,28,인천광역시,28260,서구,28260610,가좌4동,2826011200,가좌동,2826011200102870009,1,대지,287,9,인천광역시 서구 가좌동 287-9,282604268644,인천광역시 서구 장고개로238번길,9,,2826011200102870008010863,점보가스충전소,인천광역시 서구 장고개로238번길 9,404815,22826,,,,126.68007301089,37.4860145797962
MA010120220812578244,구미광평LPG충전소,,G2,소매,G214,연료 소매,G21402,가스 충전소,G47712,운송장비용 가스 충전업,47,경상북도,47190,구미시,47190630,광평동,4719011400,광평동,4719011400100600006,1,대지,60,6,경상북도 구미시 광평동 60-6,471902308005,경상북도 구미시 수출대로,17,,4719011400100600006033615,,경상북도 구미시 수출대로 17,730080,39255,,,,128.366109786846,36.1111573744426
MA010120220812573893,경서에너지대천충전소,,G2,소매,G214,연료 소매,G21402,가스 충전소,G47712,운송장비용 가스 충전업,48,경상남도,48127,창원시 마산회원구,48127550,회성동,4812710200,두척동,4812710200102900002,1,대지,290,2,경상남도 창원시 마산회원구 두척동 290-2,481273330034,경상남도 창원시 마산회원구 북성로,442,,4812710200102900002009441,,경상남도 창원시 마산회원구 북성로 442,630825,51310,,,,128.549638617449,35.2366388846366
MA010120220812573960,개인가스충전소,,G2,소매,G214,연료 소매,G21402,가스 충전소,G47712,운송장비용 가스 충전업,46,전라남도,46130,여수시,46130780,쌍봉동,4613012900,학용동,4613012900100180007,1,대지,18,7,전라남도 여수시 학용동 18-7,461303282046,전라남도 여수시 쌍봉로,253,,4613012900200940003000001,,전라남도 여수시 쌍봉로 253,555100,59682,,,,127.683326728439,34.7649813232882
MA010120220812572078,다원에너지,,G2,소매,G214,연료 소매,G21402,가스 충전소,G47712,운송장비용 가스 충전업,52,전북특별자치도,52720,진안군,52720360,성수면,5272036026,성수면,5272036026102170001,1,대지,217,1,전북특별자치도 진안군 성수면 도통리 217-1,527203016053,전북특별자치도 진안군 성수면 관진로,1061,35,4572036026102170001000001,,전북특별자치도 진안군 성수면 관진로 1061-35,567892,55459,,,,127.342188563111,35.7219031608552
MA010120220812574351,지엔에스,,G2,소매,G214,연료 소매,G21402,가스 충전소,G47712,운송장비용 가스 충전업,51,강원특별자치도,51130,원주시,51130310,소초면,5113031021,소초면,5113031021101200002,1,대지,120,2,강원특별자치도 원주시 소초면 평장리 120-2,511303219054,강원특별자치도 원주시 소초면 치악로,2918,,4213031021101200002000001,,강원특별자치도 원주시 소초면 치악로 2918,220835,26305,,,,128.007816371259,37.428270807291
MA010120220812563893,대전도시공사학하수소충전소,,G2,소매,G214,연료 소매,G21402,가스 충전소,G47712,운송장비용 가스 충전업,30,대전광역시,30200,유성구,30200526,학하동,3020010500,학하동,3020010500104000002,1,대지,400,2,대전광역시 유성구 학하동 400-2,302002167001,대전광역시 유성구 유성대로,437,,3020010500104000002000001,,대전광역시 유성구 유성대로 437,305360,34203,,,,127.316295671025,36.3358975723396
MA010120220809222647,영덕LPG충전소,,G2,소매,G214,연료 소매,G21402,가스 충전소,G47712,운송장비용 가스 충전업,47,경상북도,47770,영덕군,47770350,축산면,4777035036,축산면,4777035036100480000,1,대지,48,,경상북도 영덕군 축산면 상원리 48,477703318006,경상북도 영덕군 축산면 영덕로,1379,,4777035036100480000011878,,경상북도 영덕군 축산면 영덕로 1379,766832,36419,,,,129.409984617569,36.5057420052924
MA010120220809222666,신한종합가스충전소,,G2,소매,G214,연료 소매,G21402,가스 충전소,G47712,운송장비용 가스 충전업,47,경상북도,47930,울진군,47930400,매화면,4793040023,매화면,4793040023115630000,1,대지,1563,,경상북도 울진군 매화면 오산리 1563,479303352577,경상북도 울진군 매화면 매화로,147,49,4793034023115630000007310,,경상북도 울진군 매화면 매화로 147-49,767863,36340,,,,129.398107988074,36.8961974855926
MA010120220809223496,강구LPG충전소,,G2,소매,G214,연료 소매,G21402,가스 충전소,G47712,운송장비용 가스 충전업,47,경상북도,47770,영덕군,47770310,강구면,4777031033,강구면,4777031033100410000,1,대지,41,,경상북도 영덕군 강구면 삼사리 41,477702000023,경상북도 영덕군 강구면 동해대로,4383,,4777031033100570000001111,,경상북도 영덕군 강구면 동해대로 4383,766824,36460,,,,129.379212635698,36.3489390784012
MA010120220809221378,천일가스,,G2,소매,G214,연료 소매,G21402,가스 충전소,G47712,운송장비용 가스 충전업,47,경상북도,47770,영덕군,47770250,영덕읍,4777025026,영덕읍,4777025026101520000,1,대지,152,,경상북도 영덕군 영덕읍 남산리 152,477704754066,경상북도 영덕군 영덕읍 남산2길,2,17,4777025026101520000018744,,경상북도 영덕군 영덕읍 남산2길 2-17,766805,36441,,,,129.369699354357,36.3951305739285
MA010120220809212416,일선에너지주,,G2,소매,G214,연료 소매,G21402,가스 충전소,G47712,운송장비용 가스 충전업,47,경상북도,47130,경주시,47130550,성건동,4713010800,성건동,4713010800104160004,1,대지,416,4,경상북도 경주시 성건동 416-4,471303305066,경상북도 경주시 화랑로,14,,4713010800104160004039284,,경상북도 경주시 화랑로 14,780943,38156,,,,129.202055079603,35.844489430977
MA010120220809209564,포항유업주,,G2,소매,G214,연료 소매,G21402,가스 충전소,G47712,운송장비용 가스 충전업,47,경상북도,47113,포항시 북구,47113680,우창동,4711311800,우현동,4711311800102980000,1,대지,298,,경상북도 포항시 북구 우현동 298,471133304018,경상북도 포항시 북구 소티재로,70,,4711311800102980000113229,,경상북도 포항시 북구 소티재로 70,791814,37635,,,,129.355687909154,36.0581485301448
MA010120220809215313,한국광유제2항구주유소주,,G2,소매,G214,연료 소매,G21402,가스 충전소,G47712,운송장비용 가스 충전업,47,경상북도,47113,포항시 북구,47113520,중앙동,4711311300,항구동,4711311300100970007,1,대지,97,7,경상북도 포항시 북구 항구동 97-7,471133303058,경상북도 포항시 북구 해동로,349,,4711311300100970007104938,,경상북도 포항시 북구 해동로 349,791080,37716,,,,129.372434338072,36.0504660539551
MA010120220809215362,대잠충전소,,G2,소매,G214,연료 소매,G21402,가스 충전소,G47712,운송장비용 가스 충전업,47,경상북도,47111,포항시 남구,47111525,상대동,4711110100,상도동,4711110100104530003,1,대지,453,3,경상북도 포항시 남구 상도동 453-3,471112303004,경상북도 포항시 남구 희망대로,666,,4711110100104530003127614,외,경상북도 포항시 남구 희망대로 666,790828,37834,,,,129.345866378442,36.01024616472
MA010120220809215427,케이케이단지충전소주,,G2,소매,G214,연료 소매,G21402,가스 충전소,G47712,운송장비용 가스 충전업,47,경상북도,47111,포항시 남구,47111570,제철동,4711111000,동촌동,4711111000110110001,1,대지,1011,1,경상북도 포항시 남구 동촌동 1011-1,471113303005,경상북도 포항시 남구 대송로,290,,4711111000110110001123889,,경상북도 포항시 남구 대송로 290,790360,37863,,1,,129.381565085624,36.0021991941392
MA010120220809195472,대송가스충전소,,G2,소매,G214,연료 소매,G21402,가스 충전소,G47712,운송장비용 가스 충전업,47,경상북도,47111,포항시 남구,47111310,대송면,4711131027,대송면,4711131027107760000,1,대지,776,,경상북도 포항시 남구 대송면 제내리 776,471113303051,경상북도 포항시 남구 대송면 철강로,154,,4711131027107760000059481,,경상북도 포항시 남구 대송면 철강로 154,790842,37868,,1,,129.359191003954,35.9877571086392
MA010120220809211217,포항개인택시충전소주,,G2,소매,G214,연료 소매,G21402,가스 충전소,G47712,운송장비용 가스 충전업,47,경상북도,47111,포항시 남구,47111253,연일읍,4711125324,연일읍,4711125324100920001,1,대지,92,1,경상북도 포항시 남구 연일읍 오천리 92-1,471114709677,경상북도 포항시 남구 연일읍 형산강남로418번길,1,,4711125324100920001052970,,경상북도 포항시 남구 연일읍 형산강남로418번길 1,790884,37838,,1,,129.359407746562,36.0002406549582
MA010120220809211632,포항우현LPG충전소,,G2,소매,G214,연료 소매,G21402,가스 충전소,G47712,운송장비용 가스 충전업,47,경상북도,47113,포항시 북구,47113680,우창동,4711311800,우현동,4711311800104520001,1,대지,452,1,경상북도 포항시 북구 우현동 452-1,471133304018,경상북도 포항시 북구 소티재로,211,,4711311800104520001109103,,경상북도 포항시 북구 소티재로 211,791814,37642,,,,129.348658230723,36.0695218800892
MA010120220809214415,한국가스공사포항LCNG충전소,,G2,소매,G214,연료 소매,G21402,가스 충전소,G47712,운송장비용 가스 충전업,47,경상북도,47113,포항시 북구,47113700,장량동,4711312200,양덕동,4711312200101370000,1,대지,137,,경상북도 포항시 북구 양덕동 137,471132303001,경상북도 포항시 북구 새천년대로,1415,,4711312200101370000111806,외,경상북도 포항시 북구 새천년대로 1415,791270,37597,,,,129.401583685971,36.0779238348691
MA010120220809240860,에너지프라자울진충전소주,,G2,소매,G214,연료 소매,G21402,가스 충전소,G47712,운송장비용 가스 충전업,47,경상북도,47930,울진군,47930250,울진읍,4793025022,울진읍,4793025022103500000,1,대지,350,,경상북도 울진군 울진읍 읍남리 350,479303325022,경상북도 울진군 울진읍 울진북로,331,,4793025022103500000020390,,경상북도 울진군 울진읍 울진북로 331,767801,36331,,,,129.396147984878,36.9776127496511
MA010120220809250540,청송LPG충전소,,G2,소매,G214,연료 소매,G21402,가스 충전소,G47712,운송장비용 가스 충전업,47,경상북도,47750,청송군,47750250,청송읍,4775025022,청송읍,4775025022102890001,1,대지,289,1,경상북도 청송군 청송읍 덕리 289-1,477503018014,경상북도 청송군 청송읍 길안청송로,1689,,4775025022102890001000355,,경상북도 청송군 청송읍 길안청송로 1689,763804,37432,,,,129.048533823483,36.4347081593093
MA010120220809258461,영양엘피지충전소,,G2,소매,G214,연료 소매,G21402,가스 충전소,G47712,운송장비용 가스 충전업,47,경상북도,47760,영양군,47760250,영양읍,4776025023,영양읍,4776025023103190000,1,대지,319,,경상북도 영양군 영양읍 감천리 319,477603018071,경상북도 영양군 영양읍 영양로,1267,,4776025023103190000006328,,경상북도 영양군 영양읍 영양로 1267,764801,36533,,,,129.092048293863,36.6350422362313
MA010120220809244340,대동L.P.G충전소,,G2,소매,G214,연료 소매,G21402,가스 충전소,G47712,운송장비용 가스 충전업,47,경상북도,47170,안동시,47170690,강남동,4717014100,수상동,4717014100105900047,1,대지,590,47,경상북도 안동시 수상동 590-47,471702018002,경상북도 안동시 경북대로,176,,4717014100105900047003090,,경상북도 안동시 경북대로 176,760410,36744,,,,128.701773335014,36.5480833265579
MA010120220809249230,추광충전소,,G2,소매,G214,연료 소매,G21402,가스 충전소,G47712,운송장비용 가스 충전업,47,경상북도,47170,안동시,47170555,용상동,4717011000,용상동,4717011000104760004,1,대지,476,4,경상북도 안동시 용상동 476-4,471703018013,경상북도 안동시 경동로,1082,,4717011000104760004019458,,경상북도 안동시 경동로 1082,760901,36727,,,,128.771508158719,36.549842602446
MA010120220809258533,에덴가스,,G2,소매,G214,연료 소매,G21402,가스 충전소,G47712,운송장비용 가스 충전업,47,경상북도,47760,영양군,47760330,일월면,4776033037,일월면,4776033037107970001,1,대지,797,1,경상북도 영양군 일월면 도계리 797-1,477603317026,경상북도 영양군 일월면 재일로,2490,14,4776033037107970001000001,,경상북도 영양군 일월면 재일로 2490-14,764833,36515,,,,129.123175623943,36.7019547580078
MA010120220809244769,옥동LPG충전소,,G2,소매,G214,연료 소매,G21402,가스 충전소,G47712,운송장비용 가스 충전업,47,경상북도,47170,안동시,47170650,옥동,4717013300,옥동,4717013300110550002,1,대지,1055,2,경상북도 안동시 옥동 1055-2,471703307031,경상북도 안동시 은행나무로,67,,4717013300110550002027072,,경상북도 안동시 은행나무로 67,760310,36635,,,,128.691680386649,36.5671396906304
MA010120220809239664,서광충전주유소,,G2,소매,G214,연료 소매,G21402,가스 충전소,G47712,운송장비용 가스 충전업,47,경상북도,47930,울진군,47930380,후포면,4793038023,후포면,4793038023100660000,1,대지,66,,경상북도 울진군 후포면 금음리 66,479302000023,경상북도 울진군 후포면 동해대로,317,,4793038023100660000000001,,경상북도 울진군 후포면 동해대로 317,767831,36371,,,,129.435170145721,36.669168408909
MA010120220809239964,세븐,,G2,소매,G214,연료 소매,G21402,가스 충전소,G47712,운송장비용 가스 충전업,47,경상북도,47770,영덕군,47770360,영해면,4777036030,영해면,4777036030200500001,2,산,50,1,경상북도 영덕군 영해면 성내리 산50-1,477704754002,경상북도 영덕군 영해면 318만세길,49,20,4777036030200500001006491,,경상북도 영덕군 영해면 318만세길 49-20,766815,36409,,,,129.402588529848,36.5300089669266
MA010120220809251578,영풍에너지,,G2,소매,G214,연료 소매,G21402,가스 충전소,G47712,운송장비용 가스 충전업,47,경상북도,47170,안동시,47170660,송하동,4717013600,송현동,4717013600104230009,1,대지,423,9,경상북도 안동시 송현동 423-9,471702018002,경상북도 안동시 경북대로,543,,4717013600104230009025065,외,경상북도 안동시 경북대로 543,760300,36632,,,,128.697435696308,36.5769602029682
MA010120220809265177,삼성충전소,,G2,소매,G214,연료 소매,G21402,가스 충전소,G47712,운송장비용 가스 충전업,47,경상북도,47170,안동시,47170600,태화동,4717012200,태화동,4717012200102300047,1,대지,230,47,경상북도 안동시 태화동 230-47,471703307039,경상북도 안동시 태화중앙로,67,,4717012200102300047024536,,경상북도 안동시 태화중앙로 67,760904,36677,,,,128.712098651055,36.5590181800045
MA010120220809282089,안동개인택시충전소주,,G2,소매,G214,연료 소매,G21402,가스 충전소,G47712,운송장비용 가스 충전업,47,경상북도,47170,안동시,47170690,강남동,4717014200,수하동,4717014200106530000,1,대지,653,,경상북도 안동시 수하동 653,471703307025,경상북도 안동시 앙실로,402,17,4717014200106530000009046,,경상북도 안동시 앙실로 402-17,760420,36742,,,,128.678768651238,36.5558250361469
MA010120220809284871,대성산업낙동강충전소주,,G2,소매,G214,연료 소매,G21402,가스 충전소,G47712,운송장비용 가스 충전업,47,경상북도,47170,안동시,47170555,용상동,4717011000,용상동,4717011000114320002,1,대지,1432,2,경상북도 안동시 용상동 1432-2,471703018013,경상북도 안동시 경동로,823,,4717011000114320002011622,,경상북도 안동시 경동로 823,760902,36711,,,,128.747345410318,36.5619035702817
MA010120220809294577,에스케이세종충전소,,G2,소매,G214,연료 소매,G21402,가스 충전소,G47712,운송장비용 가스 충전업,36,세종특별자치시,36110,세종특별자치시,36110525,해밀동,3611011500,산울동,3611011500106930000,1,대지,693,,세종특별자치시 세종특별자치시 산울동 693,361103000231,세종특별자치시 세종특별자치시 정안세종로,1567,,3611031028106930000000001,세종SK가스충전소,세종특별자치시 세종특별자치시 정안세종로 1567,,30090,,,,127.247574244273,36.5296841996521
MA010120220809288579,비안쌍용자동차충전소,,G2,소매,G214,연료 소매,G21402,가스 충전소,G47712,운송장비용 가스 충전업,47,경상북도,47730,의성군,47730390,비안면,4773039038,비안면,4773039038101600002,1,대지,160,2,경상북도 의성군 비안면 용천리 160-2,477303315013,경상북도 의성군 비안면 서부로,1017,,4773039039101380003016366,,경상북도 의성군 비안면 서부로 1017,769922,37364,,,,128.477608289687,36.3422478106807
MA010120220809297346,수지충전소,,G2,소매,G214,연료 소매,G21402,가스 충전소,G47712,운송장비용 가스 충전업,41,경기도,41463,용인시 기흥구,41463590,보정동,4146311800,보정동,4146311800104740009,1,대지,474,9,경기도 용인시 기흥구 보정동 474-9,414633204045,경기도 용인시 기흥구 신정로,609,,4146311800104740009024925,외,경기도 용인시 기흥구 신정로 609,446850,16924,,,,127.102847520097,37.3210296808135
MA010120220809320754,신세기충전소,,G2,소매,G214,연료 소매,G21402,가스 충전소,G47712,운송장비용 가스 충전업,47,경상북도,47840,성주군,47840310,선남면,4784031038,선남면,4784031038108030001,1,대지,803,1,경상북도 성주군 선남면 도성리 803-1,478404763080,경상북도 성주군 선남면 도성3길,18,,4784031038107650004021046,,경상북도 성주군 선남면 도성3길 18,719832,40047,,,,128.371183790747,35.8817647652899
MA010120220809311186,제일엘피지충전소,,G2,소매,G214,연료 소매,G21402,가스 충전소,G47712,운송장비용 가스 충전업,47,경상북도,47150,김천시,47150536,평화남산동,4715010500,평화동,4715010500100900000,1,대지,90,,경상북도 김천시 평화동 90,471502306002,경상북도 김천시 영남대로,1630,,4715010500100900000002592,,경상북도 김천시 영남대로 1630,740982,39573,,,,128.112463495953,36.1298942652674
MA010120220809342977,대광엘피지충전소,,G2,소매,G214,연료 소매,G21402,가스 충전소,G47712,운송장비용 가스 충전업,47,경상북도,47150,김천시,47150575,대신동,4715011700,대광동,4715011700108690002,1,대지,869,2,경상북도 김천시 대광동 869-2,471503306037,경상북도 김천시 환경로,164,,4715011700108690002005901,,경상북도 김천시 환경로 164,740170,39558,,,,128.143288328243,36.133632168673
MA010120220809317954,아포가스충전소,,G2,소매,G214,연료 소매,G21402,가스 충전소,G47712,운송장비용 가스 충전업,47,경상북도,47150,김천시,47150250,아포읍,4715025027,아포읍,4715025027104290003,1,대지,429,3,경상북도 김천시 아포읍 제석리 429-3,471502018001,경상북도 김천시 아포읍 아포대로,999,,4715025027104290003018283,,경상북도 김천시 아포읍 아포대로 999,740863,39673,,,,128.238145443384,36.1582185854813
MA010120220809310691,김천LPG충전소,,G2,소매,G214,연료 소매,G21402,가스 충전소,G47712,운송장비용 가스 충전업,47,경상북도,47150,김천시,47150595,대곡동,4715011300,백옥동,4715011300101690001,1,대지,169,1,경상북도 김천시 백옥동 169-1,471502306002,경상북도 김천시 영남대로,1348,,4715011300101690001001341,,경상북도 김천시 영남대로 1348,740120,39639,,1,,128.083606688946,36.1244724668717
MA010120220810751693,마라톤가스서부충전소,,G2,소매,G214,연료 소매,G21402,가스 충전소,G47712,운송장비용 가스 충전업,26,부산광역시,26530,사상구,26530580,삼락동,2653010100,삼락동,2653010100103610002,1,대지,361,2,부산광역시 사상구 삼락동 361-2,265302006002,부산광역시 사상구 낙동대로,1384,,2653010100103610002007371,,부산광역시 사상구 낙동대로 1384,617825,46907,,,,128.976968847605,35.1835689141526
MA010120220810752200,대천주,,G2,소매,G214,연료 소매,G21402,가스 충전소,G47712,운송장비용 가스 충전업,48,경상남도,48170,진주시,48170515,천전동,4817010200,주약동,4817010200107760039,1,대지,776,39,경상남도 진주시 주약동 776-39,481703332003,경상남도 진주시 강남로,15,,4817010200107760039000001,,경상남도 진주시 강남로 15,660290,52728,,,,128.096851892108,35.1701170924087
MA010120220810750804,성은에너지제2충전소주,,G2,소매,G214,연료 소매,G21402,가스 충전소,G47712,운송장비용 가스 충전업,26,부산광역시,26530,사상구,26530680,엄궁동,2653010800,엄궁동,2653010800106510081,1,대지,651,81,부산광역시 사상구 엄궁동 651-81,265302006016,부산광역시 사상구 강변대로,412,,2653010800106510003000001,,부산광역시 사상구 강변대로 412,617831,47033,,,,128.962067299192,35.1220894299652
MA010120220810750942,비케이에너지동양가스충전소주,,G2,소매,G214,연료 소매,G21402,가스 충전소,G47712,운송장비용 가스 충전업,26,부산광역시,26320,북구,26320560,덕천2동,2632010400,덕천동,2632010400105470000,1,대지,547,,부산광역시 북구 덕천동 547,263202132001,부산광역시 북구 금곡대로,103,,2632010400105470000004872,,부산광역시 북구 금곡대로 103,616817,46543,,,,129.006162260593,35.2190903009349
MA010120220810716445,신에너지,명지,G2,소매,G214,연료 소매,G21402,가스 충전소,G47712,운송장비용 가스 충전업,26,부산광역시,26440,강서구,26440535,명지1동,2644010400,명지동,2644010400114980002,1,대지,1498,2,부산광역시 강서구 명지동 1498-2,264402136003,부산광역시 강서구 르노삼성대로,560,,2644010400114980002000001,외,부산광역시 강서구 르노삼성대로 560,618815,46773,,,,128.927355473274,35.0975573474049
MA010120220810720129,동호상사,,G2,소매,G214,연료 소매,G21402,가스 충전소,G47712,운송장비용 가스 충전업,26,부산광역시,26530,사상구,26530670,학장동,2653010700,학장동,2653010700101940005,1,대지,194,5,부산광역시 사상구 학장동 194-5,265302006017,부산광역시 사상구 학감대로,98,,2653010700101940005014136,,부산광역시 사상구 학감대로 98,617841,47048,,,,128.990143773091,35.1404571440883
MA010120220810751372,덕양에너지직영구덕산충전소주,,G2,소매,G214,연료 소매,G21402,가스 충전소,G47712,운송장비용 가스 충전업,26,부산광역시,26530,사상구,26530670,학장동,2653010700,학장동,2653010700101940018,1,대지,194,18,부산광역시 사상구 학장동 194-18,265302006017,부산광역시 사상구 학감대로,102,,2653010700101940018003121,,부산광역시 사상구 학감대로 102,617841,47048,,1,,128.989648306148,35.140834766026
MA010120220810747503,삼진그린에너지,,G2,소매,G214,연료 소매,G21402,가스 충전소,G47712,운송장비용 가스 충전업,26,부산광역시,26320,북구,26320530,금곡동,2632010100,금곡동,2632010100104780001,1,대지,478,1,부산광역시 북구 금곡동 478-1,263202132001,부산광역시 북구 금곡대로,730,,2632010100104780001000001,,부산광역시 북구 금곡대로 730,616810,46510,,,,129.018738094246,35.2718963260171
MA010120220810841712,삼화가스충전소,,G2,소매,G214,연료 소매,G21402,가스 충전소,G47712,운송장비용 가스 충전업,48,경상남도,48125,창원시 마산합포구,48125510,현동,4812513600,예곡동,4812513600100840001,1,대지,84,1,경상남도 창원시 마산합포구 예곡동 84-1,481253329014,경상남도 창원시 마산합포구 밤밭고개로,243,,4812513600100840001045189,,경상남도 창원시 마산합포구 밤밭고개로 243,631270,51774,,,,128.553310344604,35.1635642021035
MA010120220810825159,케이앤피디벨롭먼트,,G2,소매,G214,연료 소매,G21402,가스 충전소,G47712,운송장비용 가스 충전업,52,전북특별자치도,52113,전주시 덕진구,52113600,팔복동,5211310900,팔복동2가,5211310900101040006,1,대지,104,6,전북특별자치도 전주시 덕진구 팔복동2가 104-6,521134601043,전북특별자치도 전주시 덕진구 구주길,8,,4511310900101040006024013,,전북특별자치도 전주시 덕진구 구주길 8,561842,54884,,2,,127.103067389595,35.8457558579697
MA010120220810817852,삼성에너지주,,G2,소매,G214,연료 소매,G21402,가스 충전소,G47712,운송장비용 가스 충전업,26,부산광역시,26260,동래구,26260510,수민동,2626010600,수안동,2626010600100800005,1,대지,80,5,부산광역시 동래구 수안동 80-5,262603130023,부산광역시 동래구 명륜로,48,,2626010600100800005016016,,부산광역시 동래구 명륜로 48,607823,47883,,1,,129.084801566563,35.198134021557
MA010120220810849166,대흥가스충전소,,G2,소매,G214,연료 소매,G21402,가스 충전소,G47712,운송장비용 가스 충전업,48,경상남도,48740,창녕군,48740250,창녕읍,4874025031,창녕읍,4874025031100020001,1,대지,2,1,경상남도 창녕군 창녕읍 탐하리 2-1,487402341003,경상남도 창녕군 창녕읍 창녕대로,142,,4874025031100020001009107,,경상남도 창녕군 창녕읍 창녕대로 142,635806,50322,,,,128.499625055397,35.5332848661373
MA010120220810841639,우산엘피지충전소,,G2,소매,G214,연료 소매,G21402,가스 충전소,G47712,운송장비용 가스 충전업,48,경상남도,48125,창원시 마산합포구,48125510,현동,4812513800,우산동,4812513800100840000,1,대지,84,,경상남도 창원시 마산합포구 우산동 84,481253329062,경상남도 창원시 마산합포구 현동로,12,,4812513800100980000000001,,경상남도 창원시 마산합포구 현동로 12,631270,51778,,,,128.550789414504,35.1533312943434
MA010120220810881589,산인충전소,,G2,소매,G214,연료 소매,G21402,가스 충전소,G47712,운송장비용 가스 충전업,48,경상남도,48730,함안군,48730380,산인면,4873038022,산인면,4873038022101670001,1,대지,167,1,경상남도 함안군 산인면 신산리 167-1,487302330001,경상남도 함안군 산인면 함마대로,2367,,4873038022101670001026768,,경상남도 함안군 산인면 함마대로 2367,637842,52032,,,,128.481245417832,35.2655060663995
MA010120220810876737,의령가스충전소,,G2,소매,G214,연료 소매,G21402,가스 충전소,G47712,운송장비용 가스 충전업,48,경상남도,48720,의령군,48720250,의령읍,4872025023,의령읍,4872025023103930000,1,대지,393,,경상남도 의령군 의령읍 동동리 393,487203339052,경상남도 의령군 의령읍 백산로,89,,4872025023103930000020385,,경상남도 의령군 의령읍 백산로 89,636803,52141,,,,128.271960057311,35.3243699025201
MA010120220810853474,천사에너텍,,G2,소매,G214,연료 소매,G21402,가스 충전소,G47712,운송장비용 가스 충전업,48,경상남도,48730,함안군,48730380,산인면,4873038023,산인면,4873038023109970014,1,대지,997,14,경상남도 함안군 산인면 모곡리 997-14,487302330001,경상남도 함안군 산인면 함마대로,2033,,4873038023109970014026731,,경상남도 함안군 산인면 함마대로 2033,637842,52032,,,,128.448767692016,35.2731904700785
MA010120220810877527,정암LPG충전소,,G2,소매,G214,연료 소매,G21402,가스 충전소,G47712,운송장비용 가스 충전업,48,경상남도,48720,의령군,48720250,의령읍,4872025025,의령읍,4872025025104210005,1,대지,421,5,경상남도 의령군 의령읍 정암리 421-5,487203339047,경상남도 의령군 의령읍 남강로,771,,4872025025104210005018603,,경상남도 의령군 의령읍 남강로 771,636801,52154,,,,128.285113879067,35.3147315070948
MA010120220810865967,조은충전소,,G2,소매,G214,연료 소매,G21402,가스 충전소,G47712,운송장비용 가스 충전업,48,경상남도,48730,함안군,48730380,산인면,4873038022,산인면,4873038022101690001,1,대지,169,1,경상남도 함안군 산인면 신산리 169-1,487302330001,경상남도 함안군 산인면 함마대로,2348,,4873038022101690001026813,외,경상남도 함안군 산인면 함마대로 2348,637842,52072,,,,128.480235505889,35.2649596577141
MA010120220810861721,칠북충전소,,G2,소매,G214,연료 소매,G21402,가스 충전소,G47712,운송장비용 가스 충전업,48,경상남도,48730,함안군,48730360,칠북면,4873036021,칠북면,4873036021100700000,1,대지,70,,경상남도 함안군 칠북면 화천리 70,487302019004,경상남도 함안군 칠북면 경남대로,2399,,4873036021100690000000001,외,경상남도 함안군 칠북면 경남대로 2399,637931,52007,,,,128.517595960474,35.349672156126
MA010120220812263180,현대가스충전소,,G2,소매,G214,연료 소매,G21402,가스 충전소,G47712,운송장비용 가스 충전업,44,충청남도,44230,논산시,44230520,부창동,4423010400,부창동,4423010400101850001,1,대지,185,1,충청남도 논산시 부창동 185-1,442303000095,충청남도 논산시 계백로,917,,4423010400101850001045101,,충청남도 논산시 계백로 917,320080,32956,,,,127.081201090096,36.1984870708456
MA010120220812288362,양포LPG충전소,,G2,소매,G214,연료 소매,G21402,가스 충전소,G47712,운송장비용 가스 충전업,47,경상북도,47190,구미시,47190690,양포동,4719012800,옥계동,4719012800104830001,1,대지,483,1,경상북도 구미시 옥계동 483-1,471903308045,경상북도 구미시 옥계2공단로,554,,4719012800104830001000001,,경상북도 구미시 옥계2공단로 554,730825,39181,,,,128.415911720381,36.1546983450885
MA010120220812314736,팔팔엘피지충전소,,G2,소매,G214,연료 소매,G21402,가스 충전소,G47712,운송장비용 가스 충전업,47,경상북도,47230,영천시,47230520,중앙동,4723012300,오미동,4723012300117620000,1,대지,1762,,경상북도 영천시 오미동 1762,472303018036,경상북도 영천시 천문로,484,,4723011000100840010000001,,경상북도 영천시 천문로 484,770270,38823,,,,128.923704001285,35.9787290390181
MA010120220812301629,매일엘피지,,G2,소매,G214,연료 소매,G21402,가스 충전소,G47712,운송장비용 가스 충전업,29,광주광역시,29170,북구,29170695,건국동,2917013600,용전동,2917013600112230007,1,대지,1223,7,광주광역시 북구 용전동 1223-7,291703162056,광주광역시 북구 우치로,850,,2917013600112230007000001,,광주광역시 북구 우치로 850,500230,61042,,,,126.893235609694,35.2381939476568
MA010120220812313161,부평충전소,,G2,소매,G214,연료 소매,G21402,가스 충전소,G47712,운송장비용 가스 충전업,28,인천광역시,28237,부평구,28237592,청천2동,2823710400,청천동,2823710400103960014,1,대지,396,14,인천광역시 부평구 청천동 396-14,282373008033,인천광역시 부평구 안남로,421,,2823710400103960014004198,,인천광역시 부평구 안남로 421,403858,21310,,,,126.709926050216,37.5203027159162
MA010120220812352832,용정LPG충전소,,G2,소매,G214,연료 소매,G21402,가스 충전소,G47712,운송장비용 가스 충전업,44,충청남도,44760,부여군,44760250,부여읍,4476025026,부여읍,4476025026104420000,1,대지,442,,충청남도 부여군 부여읍 용정리 442,447604577214,충청남도 부여군 부여읍 백제문화로124번길,11,,4476025026104420000010758,,충청남도 부여군 부여읍 백제문화로124번길 11,323801,33130,,,,126.937670328043,36.2931600717977
MA010120220812403182,대영엘피지충전소,,G2,소매,G214,연료 소매,G21402,가스 충전소,G47712,운송장비용 가스 충전업,48,경상남도,48840,남해군,48840250,남해읍,4884025030,남해읍,4884025030114010004,1,대지,1401,4,경상남도 남해군 남해읍 입현리 1401-4,488402343003,경상남도 남해군 남해읍 남해대로,2675,,4884025030114010004041133,,경상남도 남해군 남해읍 남해대로 2675,668806,52429,,,,127.906595316845,34.8304415563691
MA0101202406A0227829,삼계LPG충전소,,G2,소매,G214,연료 소매,G21402,가스 충전소,G47712,운송장비용 가스 충전업,48,경상남도,48250,김해시,48250340,한림면,4825034024,한림면,4825034024101730004,1,대지,173,4,경상남도 김해시 한림면 신천리 173-4,482502335001,경상남도 김해시 한림면 김해대로,1604,,4825034024101730004100628,,경상남도 김해시 한림면 김해대로 1604,621873,50853,,,,128.846513176598,35.2743601180602
MA0101202406A0214125,태양벌크에너지,,G2,소매,G214,연료 소매,G21402,가스 충전소,G47712,운송장비용 가스 충전업,27,대구광역시,27720,군위군,27720250,군위읍,2772025023,군위읍,2772025023106710000,1,대지,671,,대구광역시 군위군 군위읍 금구리 671,277202018002,대구광역시 군위군 군위읍 경북대로,3465,,4772025023106710000000001,,대구광역시 군위군 군위읍 경북대로 3465,716802,43122,,,,128.564431461474,36.2140888006942
MA0101202406A0192693,판암ICLPG충전소,,G2,소매,G214,연료 소매,G21402,가스 충전소,G47712,운송장비용 가스 충전업,30,대전광역시,30110,동구,30110551,판암1동,3011010800,삼정동,3011010800101180011,1,대지,118,11,대전광역시 동구 삼정동 118-11,301103000091,대전광역시 동구 옥천로,309,,3011010800101180011029153,,대전광역시 동구 옥천로 309,300832,34502,,,,127.471482794579,36.322526351706
MA0101202406A0184024,한영가스충전소,,G2,소매,G214,연료 소매,G21402,가스 충전소,G47712,운송장비용 가스 충전업,11,서울특별시,11320,도봉구,11320670,쌍문2동,1132010500,쌍문동,1132010500107150001,1,대지,715,1,서울특별시 도봉구 쌍문동 715-1,113203005039,서울특별시 도봉구 도봉로,627,,1132010500107150001006369,,서울특별시 도봉구 도봉로 627,132896,01392,,,,127.041298501514,37.6606568788435
MA0101202406A0202831,용인충전소,,G2,소매,G214,연료 소매,G21402,가스 충전소,G47712,운송장비용 가스 충전업,41,경기도,41461,용인시 처인구,41461530,유림동,4146110500,유방동,4146110500105390001,1,대지,539,1,경기도 용인시 처인구 유방동 539-1,414612012009,경기도 용인시 처인구 백옥대로,1225,6,4146110500105390001029912,,경기도 용인시 처인구 백옥대로 1225-6,449935,17043,,,,127.211244105032,37.2437930312218
MA0101202406A0198810,강진LPG충전소,,G2,소매,G214,연료 소매,G21402,가스 충전소,G47712,운송장비용 가스 충전업,46,전라남도,46810,강진군,46810250,강진읍,4681025035,강진읍,4681025035105160003,1,대지,516,3,전라남도 강진군 강진읍 서산리 516-3,468103293028,전라남도 강진군 강진읍 송계로,458,,4681025035105160003602842,,전라남도 강진군 강진읍 송계로 458,527804,59245,,,,126.726933220362,34.6582416203521
MA0101202406A0251709,새한가스,,G2,소매,G214,연료 소매,G21402,가스 충전소,G47712,운송장비용 가스 충전업,26,부산광역시,26500,수영구,26500740,망미1동,2650010100,망미동,2650010100108020030,1,대지,802,30,부산광역시 수영구 망미동 802-30,265004214324,부산광역시 수영구 연수로310번길,3,,2650010100108020030016812,,부산광역시 수영구 연수로310번길 3,613826,48235,,,,129.104388235425,35.1722204467266
MA0101202406A0214778,동부충전소,,G2,소매,G214,연료 소매,G21402,가스 충전소,G47712,운송장비용 가스 충전업,29,광주광역시,29110,동구,29110730,지원1동,2911012600,용산동,2911012600102970009,1,대지,297,9,광주광역시 동구 용산동 297-9,291103159003,광주광역시 동구 남문로,615,,2911012600102970009015730,,광주광역시 동구 남문로 615,501832,61499,,,,126.930805086751,35.1257320096285
MA0101202406A0262304,군포충전소,,G2,소매,G214,연료 소매,G21402,가스 충전소,G47712,운송장비용 가스 충전업,41,경기도,41410,군포시,41410520,군포2동,4141010300,부곡동,4141010300111800000,1,대지,1180,,경기도 군포시 부곡동 1180,414103200025,경기도 군포시 번영로,204,,4141010300107630002000001,,경기도 군포시 번영로 204,435012,15874,,,,126.926540998794,37.3339723774031
MA0101202406A0249399,지에스부평충전소,,G2,소매,G214,연료 소매,G21402,가스 충전소,G47712,운송장비용 가스 충전업,28,인천광역시,28237,부평구,28237592,청천2동,2823710400,청천동,2823710400104000006,1,대지,400,6,인천광역시 부평구 청천동 400-6,282373008033,인천광역시 부평구 안남로,399,,2823710400104000006015252,,인천광역시 부평구 안남로 399,403858,21310,,,,126.709774174783,37.5186264825667
MA0101202406A0214973,단월가스,,G2,소매,G214,연료 소매,G21402,가스 충전소,G47712,운송장비용 가스 충전업,41,경기도,41830,양평군,41830360,단월면,4183036021,단월면,4183036021100190002,1,대지,19,2,경기도 양평군 단월면 보룡리 19-2,418304451510,경기도 양평군 단월면 보룡길,92,,4183036021103860007000001,,경기도 양평군 단월면 보룡길 92,476853,12529,,,,127.673412418094,37.5417232796488
MA0101202406A0238948,미래LPG충전소,,G2,소매,G214,연료 소매,G21402,가스 충전소,G47712,운송장비용 가스 충전업,29,광주광역시,29170,북구,29170697,신용동,2917013000,신용동,2917013000104870012,1,대지,487,12,광주광역시 북구 신용동 487-12,291702009005,광주광역시 북구 임방울대로,983,,2917013000104870012049147,,광주광역시 북구 임방울대로 983,500832,61016,,,,126.86551214687,35.2146951932095
MA0101202406A0216764,새군산충전소SK,,G2,소매,G214,연료 소매,G21402,가스 충전소,G47712,운송장비용 가스 충전업,52,전북특별자치도,52130,군산시,52130690,수송동,5213014200,미장동,5213014200100620023,1,대지,62,23,전북특별자치도 군산시 미장동 62-23,521303268007,전북특별자치도 군산시 공단대로,101,,4513014200100620023033269,새군산충전소,전북특별자치도 군산시 공단대로 101,573370,54097,,,,126.730473670773,35.9592890336488
MA0101202406A0220844,금곡역LPG충전소,,G2,소매,G214,연료 소매,G21402,가스 충전소,G47712,운송장비용 가스 충전업,26,부산광역시,26320,북구,26320530,금곡동,2632010100,금곡동,2632010100105160001,1,대지,516,1,부산광역시 북구 금곡동 516-1,263202132001,부산광역시 북구 금곡대로,704,,2632010100105160001000001,,부산광역시 북구 금곡대로 704,616810,46510,,,,129.018776809651,35.2694715722362
MA0101202406A0304832,해바라기충전소,,G2,소매,G214,연료 소매,G21402,가스 충전소,G47712,운송장비용 가스 충전업,44,충청남도,44270,당진시,44270253,송악읍,4427025327,송악읍,4427025327102360036,1,대지,236,36,충청남도 당진시 송악읍 광명리 236-36,442703000117,충청남도 당진시 송악읍 서해로,6622,,4483025627102360036000001,,충청남도 당진시 송악읍 서해로 6622,343824,31735,,,,126.718638963969,36.8945100338832
MA0101202406A0337210,백석LPG충전소,,G2,소매,G214,연료 소매,G21402,가스 충전소,G47712,운송장비용 가스 충전업,44,충청남도,44133,천안시 서북구,44133560,백석동,4413310300,백석동,4413310300101740001,1,대지,174,1,충청남도 천안시 서북구 백석동 174-1,441333015009,충청남도 천안시 서북구 백석로,103,,4413310300101740001050147,,충청남도 천안시 서북구 백석로 103,331979,31097,,,,127.123049011521,36.8239527265857
MA0101202406A0341497,호남가스충전소,,G2,소매,G214,연료 소매,G21402,가스 충전소,G47712,운송장비용 가스 충전업,52,전북특별자치도,52113,전주시 덕진구,52113580,금암1동,5211310700,금암동,5211310700107100003,1,대지,710,3,전북특별자치도 전주시 덕진구 금암동 710-3,521132266001,전북특별자치도 전주시 덕진구 기린대로,424,,4511310700107100003010305,,전북특별자치도 전주시 덕진구 기린대로 424,561803,54931,,,,127.13023237775,35.8393756286183
MA0101202406A0345889,공항로LPG충전소,,G2,소매,G214,연료 소매,G21402,가스 충전소,G47712,운송장비용 가스 충전업,43,충청북도,43114,청주시 청원구,43114550,오근장동,4311410600,주중동,4311410600104970007,1,대지,497,7,충청북도 청주시 청원구 주중동 497-7,431143236064,충청북도 청주시 청원구 공항로,292,,4311113200104970007038295,,충청북도 청주시 청원구 공항로 292,363568,28307,,,,127.482791120423,36.6828775063127
MA0101202406A0294918,익산LPG충전소,,G2,소매,G214,연료 소매,G21402,가스 충전소,G47712,운송장비용 가스 충전업,52,전북특별자치도,52140,익산시,52140570,동산동,5214012500,금강동,5214012500111180016,1,대지,1118,16,전북특별자치도 익산시 금강동 1118-16,521403269039,전북특별자치도 익산시 하나로,16,,4514012500111180009063605,,전북특별자치도 익산시 하나로 16,570961,54590,,,,126.97865939058,35.9236932957516
MA0101202406A0295035,삼웅,,G2,소매,G214,연료 소매,G21402,가스 충전소,G47712,운송장비용 가스 충전업,51,강원특별자치도,51130,원주시,51130310,소초면,5113031023,소초면,5113031023109290001,1,대지,929,1,강원특별자치도 원주시 소초면 장양리 929-1,511303219073,강원특별자치도 원주시 소초면 북원로,3095,,4213031023109290001000001,,강원특별자치도 원주시 소초면 북원로 3095,220833,26306,,,,127.962311991026,37.4179012938606
MA0101202406A0303699,새시대가스,,G2,소매,G214,연료 소매,G21402,가스 충전소,G47712,운송장비용 가스 충전업,48,경상남도,48250,김해시,48250360,상동면,4825036025,상동면,4825036025102660001,1,대지,266,1,경상남도 김해시 상동면 우계리 266-1,482503335035,경상남도 김해시 상동면 상동로,351,,4825036025102660001058625,,경상남도 김해시 상동면 상동로 351,621816,50805,,,,128.909158899604,35.3050996914715
MA0101202406A0289490,제이와이특수가스,,G2,소매,G214,연료 소매,G21402,가스 충전소,G47712,운송장비용 가스 충전업,48,경상남도,48250,김해시,48250340,한림면,4825034028,한림면,4825034028110510000,1,대지,1051,,경상남도 김해시 한림면 장방리 1051,482504805666,경상남도 김해시 한림면 장방로222번길,46,28,4825034028110510000000001,,경상남도 김해시 한림면 장방로222번길 46-28,621874,50848,,,,128.780388128545,35.3239169089482
MA0101202406A0312378,착한충전소,,G2,소매,G214,연료 소매,G21402,가스 충전소,G47712,운송장비용 가스 충전업,43,충청북도,43130,충주시,43130625,칠금.금릉동,4313012800,금릉동,4313012800104210001,1,대지,421,1,충청북도 충주시 금릉동 421-1,431302238008,충청북도 충주시 충원대로,713,,4313012800104210001000001,,충청북도 충주시 충원대로 713,380230,27438,,,,127.91697829098,36.9894662206554
MA0101202406A0365206,시화충전소,,G2,소매,G214,연료 소매,G21402,가스 충전소,G47712,운송장비용 가스 충전업,41,경기도,41390,시흥시,41390589,정왕본동,4139013200,정왕동,4139013200111120000,1,대지,1112,,경기도 시흥시 정왕동 1112,413903000020,경기도 시흥시 서해안로,596,,4139013200111120000013667,,경기도 시흥시 서해안로 596,429455,15008,,,,126.738723240478,37.3717209861246
MA0101202406A0324748,신항LPG충전소,,G2,소매,G214,연료 소매,G21402,가스 충전소,G47712,운송장비용 가스 충전업,48,경상남도,48129,창원시 진해구,48129630,웅천동,4812915500,죽곡동,4812915500102620000,1,대지,262,,경상남도 창원시 진해구 죽곡동 262,481292000030,경상남도 창원시 진해구 진해대로,1331,,4812915500102620000031027,,경상남도 창원시 진해구 진해대로 1331,645430,51622,,,,128.721189003101,35.1145303020139
MA0101202406A0289753,문경LPG충전소,,G2,소매,G214,연료 소매,G21402,가스 충전소,G47712,운송장비용 가스 충전업,47,경상북도,47280,문경시,47280600,점촌4동,4728010900,공평동,4728010900106760026,1,대지,676,26,경상북도 문경시 공평동 676-26,472803312002,경상북도 문경시 공평로,211,,4728010900106760026002868,,경상북도 문경시 공평로 211,745150,36991,,,,128.172291684796,36.6139015584611
MA0101202406A0278472,영도LPG충전소,,G2,소매,G214,연료 소매,G21402,가스 충전소,G47712,운송장비용 가스 충전업,26,부산광역시,26200,영도구,26200650,동삼1동,2620012100,동삼동,2620012100102540019,1,대지,254,19,부산광역시 영도구 동삼동 254-19,262003128032,부산광역시 영도구 해양로,296,,2620012100102540019000001,,부산광역시 영도구 해양로 296,606807,49110,,,,129.076430359045,35.0821813119652
MA0101202406A0323934,공릉동충전소,,G2,소매,G214,연료 소매,G21402,가스 충전소,G47712,운송장비용 가스 충전업,11,서울특별시,11350,노원구,11350595,공릉1동,1135010300,공릉동,1135010300107110001,1,대지,711,1,서울특별시 노원구 공릉동 711-1,113503000001,서울특별시 노원구 동일로,1113,,1135010300107110001013660,,서울특별시 노원구 동일로 1113,139805,01851,,,,127.070837089345,37.6291174162457
MA0101202406A0338417,구옥충전소,,G2,소매,G214,연료 소매,G21402,가스 충전소,G47712,운송장비용 가스 충전업,47,경상북도,47111,포항시 남구,47111560,청림동,4711110600,일월동,4711110600101900071,1,대지,190,71,경상북도 포항시 남구 일월동 190-71,471113000101,경상북도 포항시 남구 동해안로,5826,,4711110600101900071125937,구옥충전소,경상북도 포항시 남구 동해안로 5826,790836,37919,,,,129.425469742987,35.9915523273398
MA0101202406A0450499,동방LPG충전소,,G2,소매,G214,연료 소매,G21402,가스 충전소,G47712,운송장비용 가스 충전업,48,경상남도,48820,고성군,48820250,고성읍,4882025031,고성읍,4882025031100040002,1,대지,4,2,경상남도 고성군 고성읍 우산리 4-2,488202328001,경상남도 고성군 고성읍 남해안대로,3055,,4882025031100040002002506,,경상남도 고성군 고성읍 남해안대로 3055,638802,52930,,,,128.341212454087,35.0105275815698
MA0101202406A0428608,사하LPG충전소,,G2,소매,G214,연료 소매,G21402,가스 충전소,G47712,운송장비용 가스 충전업,26,부산광역시,26380,사하구,26380571,신평1동,2638010400,신평동,2638010400105360004,1,대지,536,4,부산광역시 사하구 신평동 536-4,263802006011,부산광역시 사하구 을숙도대로,585,,2638010400105360004000001,,부산광역시 사하구 을숙도대로 585,604836,49439,,,,128.969466799722,35.0859129200333
MA0101202406A0388266,고려LPG충전소,,G2,소매,G214,연료 소매,G21402,가스 충전소,G47712,운송장비용 가스 충전업,41,경기도,41461,용인시 처인구,41461540,동부동,4146110700,마평동,4146110700105320000,1,대지,532,,경기도 용인시 처인구 마평동 532,414612012012,경기도 용인시 처인구 중부대로,1558,,4146110700105320000008060,,경기도 용인시 처인구 중부대로 1558,449928,17144,,,,127.217637039543,37.2329148597363
MA0101202406A0434780,목포가스충전소,,G2,소매,G214,연료 소매,G21402,가스 충전소,G47712,운송장비용 가스 충전업,46,전라남도,46110,목포시,46110757,하당동,4611016000,석현동,4611016000106690019,1,대지,669,19,전라남도 목포시 석현동 669-19,461103281043,전라남도 목포시 석현로,5,,4611016000106690019000001,,전라남도 목포시 석현로 5,530830,58655,,,,126.421481449173,34.8162551252938
MA0101202406A0456643,광교신도시충전소,,G2,소매,G214,연료 소매,G21402,가스 충전소,G47712,운송장비용 가스 충전업,41,경기도,41117,수원시 영통구,41117610,광교2동,4111710400,하동,4111710400110330000,1,대지,1033,,경기도 수원시 영통구 하동 1033,411173177023,경기도 수원시 영통구 광교호수로,101,,4111710400110330000000001,,경기도 수원시 영통구 광교호수로 101,443280,16514,,,,127.066717663711,37.2774994569915
MA0101202406A0379796,구이LPG충전소,,G2,소매,G214,연료 소매,G21402,가스 충전소,G47712,운송장비용 가스 충전업,52,전북특별자치도,52710,완주군,52710350,구이면,5271035026,구이면,5271035026106040000,1,대지,604,,전북특별자치도 완주군 구이면 항가리 604,527103266089,전북특별자치도 완주군 구이면 모악로,3850,,4571035026106040000000001,,전북특별자치도 완주군 구이면 모악로 3850,565824,55362,,,,127.115907512549,35.7159438082693
MA0101202406A0400065,영진LPG충전소,,G2,소매,G214,연료 소매,G21402,가스 충전소,G47712,운송장비용 가스 충전업,48,경상남도,48129,창원시 진해구,48129610,덕산동,4812914300,덕산동,4812914300100250001,1,대지,25,1,경상남도 창원시 진해구 덕산동 25-1,481293331067,경상남도 창원시 진해구 충장로,483,,4812914300100250001019946,,경상남도 창원시 진해구 충장로 483,645310,51649,,,,128.700848586216,35.1464235791853
MA0101202406A0417701,동부산LPG충전소,,G2,소매,G214,연료 소매,G21402,가스 충전소,G47712,운송장비용 가스 충전업,26,부산광역시,26710,기장군,26710330,철마면,2671033029,철마면,2671033029105080001,1,대지,508,1,부산광역시 기장군 철마면 고촌리 508-1,267103130026,부산광역시 기장군 철마면 반송로,1022,,2671033029105080001011575,,부산광역시 기장군 철마면 반송로 1022,619871,46051,,,,129.16372882641,35.2359301850323
MA0101202406A0411800,동광주LPG충전소,,G2,소매,G214,연료 소매,G21402,가스 충전소,G47712,운송장비용 가스 충전업,29,광주광역시,29170,북구,29170685,석곡동,2917012100,망월동,2917012100110890001,1,대지,1089,1,광주광역시 북구 망월동 1089-1,291702162002,광주광역시 북구 동문대로,560,,2917012100110890001046758,,광주광역시 북구 동문대로 560,500500,61140,,,,126.943375540942,35.2084561975521
MA0101202406A0426810,보은군현대수소충전소,,G2,소매,G214,연료 소매,G21402,가스 충전소,G47712,운송장비용 가스 충전업,43,충청북도,43720,보은군,43720250,보은읍,4372025042,보은읍,4372025042100060004,1,대지,6,4,충청북도 보은군 보은읍 풍취리 6-4,437202014002,충청북도 보은군 보은읍 보청대로,1670,,4372025042100050001007278,,충청북도 보은군 보은읍 보청대로 1670,376802,28938,,,,127.739419211655,36.4963887375632
MA0101202406A0455649,논산LPG충전소,,G2,소매,G214,연료 소매,G21402,가스 충전소,G47712,운송장비용 가스 충전업,44,충청남도,44230,논산시,44230510,취암동,4423010800,덕지동,4423010800102670001,1,대지,267,1,충청남도 논산시 덕지동 267-1,442303000095,충청남도 논산시 계백로,1171,,4423010800102650004040439,,충청남도 논산시 계백로 1171,320803,32972,,,,127.10522281881,36.2105174414683
MA0101202406A0533944,블루에너지서비스동해지사,,G2,소매,G214,연료 소매,G21402,가스 충전소,G47712,운송장비용 가스 충전업,51,강원특별자치도,51170,동해시,51170630,망상동,5117012900,망상동,5117012900100950001,1,대지,95,1,강원특별자치도 동해시 망상동 95-1,511702000023,강원특별자치도 동해시 동해대로,6060,,4217012900100950001000001,,강원특별자치도 동해시 동해대로 6060,240080,25707,,,,129.097455832057,37.5784330461771
MA0101202406A0511375,덕진종합가스,,G2,소매,G214,연료 소매,G21402,가스 충전소,G47712,운송장비용 가스 충전업,51,강원특별자치도,51130,원주시,51130360,귀래면,5113036022,귀래면,5113036022101770006,1,대지,177,6,강원특별자치도 원주시 귀래면 귀래리 177-6,511303219073,강원특별자치도 원주시 귀래면 북원로,671,1,5113036022101770006000001,,강원특별자치도 원주시 귀래면 북원로 671-1,220851,26500,,,,127.895801107476,37.2164908802787
MA0101202406A0546042,조은에너지의성충전소,,G2,소매,G214,연료 소매,G21402,가스 충전소,G47712,운송장비용 가스 충전업,47,경상북도,47730,의성군,47730250,의성읍,4773025032,의성읍,4773025032102700023,1,대지,270,23,경상북도 의성군 의성읍 철파리 270-23,477304745201,경상북도 의성군 의성읍 북부길,138,,4773025032102700023066535,,경상북도 의성군 의성읍 북부길 138,769804,37330,,,,128.685214483824,36.3662525546026
MA0101202406A0534796,조은에너지편백충전소,,G2,소매,G214,연료 소매,G21402,가스 충전소,G47712,운송장비용 가스 충전업,52,전북특별자치도,52710,완주군,52710320,상관면,5271032022,상관면,5271032022102670001,1,대지,267,1,전북특별자치도 완주군 상관면 죽림리 267-1,527103266092,전북특별자치도 완주군 상관면 춘향로,4449,,4571032022102670001007851,,전북특별자치도 완주군 상관면 춘향로 4449,565833,55360,,,,127.220640138024,35.7473689275328
MA0101202406A0525255,전주오렌지충전소,,G2,소매,G214,연료 소매,G21402,가스 충전소,G47712,운송장비용 가스 충전업,52,전북특별자치도,52113,전주시 덕진구,52113665,여의동,5211313000,여의동,5211313000110000000,1,대지,1000,,전북특별자치도 전주시 덕진구 여의동 1000,521133266051,전북특별자치도 전주시 덕진구 온고을로,523,,4511313000110000000013416,오렌지LPG충전소,전북특별자치도 전주시 덕진구 온고을로 523,561330,54857,,,,127.072456740304,35.8538534686287
MA0101202406A0541941,강서공영수소충전소,,G2,소매,G214,연료 소매,G21402,가스 충전소,G47712,운송장비용 가스 충전업,26,부산광역시,26440,강서구,26440560,녹산동,2644011000,화전동,2644011000200740000,2,산,74,,부산광역시 강서구 화전동 산74,264403136034,부산광역시 강서구 녹산화전로,117,,2644011000200740000000001,,부산광역시 강서구 녹산화전로 117,618210,46733,,,,128.867698687371,35.102600814688
MA0101202406A0549573,블루에너지서비스대구지사,,G2,소매,G214,연료 소매,G21402,가스 충전소,G47712,운송장비용 가스 충전업,27,대구광역시,27140,동구,27140755,혁신동,2714012400,신서동,2714012400111410000,1,대지,1141,,대구광역시 동구 신서동 1141,271403142053,대구광역시 동구 첨단로,120,,2714012400111410000000001,,대구광역시 동구 첨단로 120,701300,41062,,,,128.729852939538,35.8868030429596
MA0101202406A0550550,수도권매립지수소충전소,,G2,소매,G214,연료 소매,G21402,가스 충전소,G47712,운송장비용 가스 충전업,28,인천광역시,28260,서구,28260720,오류왕길동,2826012000,왕길동,2826012000100610011,1,대지,61,11,인천광역시 서구 왕길동 61-11,282603156011,인천광역시 서구 거월로,17,,2826012000100610011000001,,인천광역시 서구 거월로 17,404290,22672,,,,126.64920714138,37.582270524227
MA0101202406A0525557,서오릉충전소,,G2,소매,G214,연료 소매,G21402,가스 충전소,G47712,운송장비용 가스 충전업,41,경기도,41281,고양시 덕양구,41281530,흥도동,4128110500,도내동,4128110500109940000,1,대지,994,,경기도 고양시 덕양구 도내동 994,412813192101,경기도 고양시 덕양구 권율대로,450,1,4128110500100480004000008,,경기도 고양시 덕양구 권율대로 450-1,412060,10551,,,,126.865513743349,37.6322785555588
MA0101202406A0542625,케이에이치에너지직영활주로충전소,,G2,소매,G214,연료 소매,G21402,가스 충전소,G47712,운송장비용 가스 충전업,11,서울특별시,11500,강서구,11500611,발산1동,1150010700,외발산동,1150010700103840004,1,대지,384,4,서울특별시 강서구 외발산동 384-4,115002115001,서울특별시 강서구 방화대로,26,,1150010700103840002000001,,서울특별시 강서구 방화대로 26,157290,07506,,,,126.817074721282,37.5428890992255
MA0101202406A0545644,한유에너지동일충전소,,G2,소매,G214,연료 소매,G21402,가스 충전소,G47712,운송장비용 가스 충전업,52,전북특별자치도,52130,군산시,52130710,소룡동,5213014600,소룡동,5213014600105450000,1,대지,545,,전북특별자치도 군산시 소룡동 545,521304604828,전북특별자치도 군산시 외항1길,32,1,4513014600105450000014331,,전북특별자치도 군산시 외항1길 32-1,573880,54008,,,,126.671958346115,35.9798987679778
MA0101202406A0480153,에스케이안산충전소,,G2,소매,G214,연료 소매,G21402,가스 충전소,G47712,운송장비용 가스 충전업,41,경기도,41271,안산시 상록구,41271532,사이동,4127110300,사동,4127110300114930000,1,대지,1493,,경기도 안산시 상록구 사동 1493,412714370239,경기도 안산시 상록구 선진안길,83,,4127110300114930000002360,,경기도 안산시 상록구 선진안길 83,426825,15633,,,,126.848512088696,37.2777006519553
MA0101202406A0484816,상서충전소,,G2,소매,G214,연료 소매,G21402,가스 충전소,G47712,운송장비용 가스 충전업,30,대전광역시,30230,대덕구,30230570,덕암동,3023011600,상서동,3023011600104400000,1,대지,440,,대전광역시 대덕구 상서동 440,302303010031,대전광역시 대덕구 신탄진로,484,,3023011600104400000000001,,대전광역시 대덕구 신탄진로 484,306200,34335,,,,127.419844591355,36.4222711675053
MA0101202406A0505225,케이엘에너지,,G2,소매,G214,연료 소매,G21402,가스 충전소,G47712,운송장비용 가스 충전업,46,전라남도,46860,함평군,46860330,학교면,4686033028,학교면,4686033028114360010,1,대지,1436,10,전라남도 함평군 학교면 월산리 1436-10,468603297013,전라남도 함평군 학교면 함영로,730,,4686033028114360010000001,,전라남도 함평군 학교면 함영로 730,525811,57158,,,,126.534499915167,35.0421670182875
MA0101202406A0572751,블루에너지서비스포항지사,,G2,소매,G214,연료 소매,G21402,가스 충전소,G47712,운송장비용 가스 충전업,47,경상북도,47113,포항시 북구,47113700,장량동,4711312200,양덕동,4711312200101370000,1,대지,137,,경상북도 포항시 북구 양덕동 137,471132303001,경상북도 포항시 북구 새천년대로,1415,,4711312200101370000111806,포항시시내버스공용차고지,경상북도 포항시 북구 새천년대로 1415,791270,37597,,,,129.401583685971,36.0779238348691
MA0101202406A0554244,조은에너지남원충전소,,G2,소매,G214,연료 소매,G21402,가스 충전소,G47712,운송장비용 가스 충전업,52,전북특별자치도,52190,남원시,52190540,노암동,5219012200,어현동,5219012200104340000,1,대지,434,,전북특별자치도 남원시 어현동 434,521903271014,전북특별자치도 남원시 문오로,539,,4519012200104340000070234,,전북특별자치도 남원시 문오로 539,590090,55801,,,,127.388280391448,35.388843366831
MA0101202406A0579096,에스케이제주공항충전소,,G2,소매,G214,연료 소매,G21402,가스 충전소,G47712,운송장비용 가스 충전업,50,제주특별자치도,50110,제주시,50110580,용담2동,5011010900,용담이동,5011010900115430000,1,대지,1543,,제주특별자치도 제주시 용담이동 1543,501103349154,제주특별자치도 제주시 용문로,28,,5011010900115430000012404,,제주특별자치도 제주시 용문로 28,690821,63164,,,,126.499354822613,33.5045921132496
MA0101202406A0555402,포항IC충전소신일,,G2,소매,G214,연료 소매,G21402,가스 충전소,G47712,운송장비용 가스 충전업,47,경상북도,47113,포항시 북구,47113250,흥해읍,4711325050,흥해읍,4711325050103330001,1,대지,333,1,경상북도 포항시 북구 흥해읍 대련리 333-1,471133018003,경상북도 포항시 북구 흥해읍 새마을로,362,,4711325050103330001011585,,경상북도 포항시 북구 흥해읍 새마을로 362,791944,37653,,,,129.325376270367,36.0450635409451
MA0101202406A0554349,태보에너지지점,,G2,소매,G214,연료 소매,G21402,가스 충전소,G47712,운송장비용 가스 충전업,28,인천광역시,28200,남동구,28200650,장수서창동,2820010400,장수동,2820010400104880003,1,대지,488,3,인천광역시 남동구 장수동 488-3,282003000064,인천광역시 남동구 수인로,3735,,2820010400104880003000001,장수충전소,인천광역시 남동구 수인로 3735,405250,21532,,1,,126.746747667186,37.449640409157
MA0101202406A0578201,블루에너지서비스대전지사,,G2,소매,G214,연료 소매,G21402,가스 충전소,G47712,운송장비용 가스 충전업,30,대전광역시,30110,동구,30110740,산내동,3011014200,구도동,3011014200100810000,1,대지,81,,대전광역시 동구 구도동 81,301103000088,대전광역시 동구 금산로,471,,3011014200100810000035648,낭월,대전광역시 동구 금산로 471,300300,34709,,,,127.476994849516,36.2694249974657
MA0101202406A0563678,블루에너지서비스,,G2,소매,G214,연료 소매,G21402,가스 충전소,G47712,운송장비용 가스 충전업,27,대구광역시,27260,수성구,27260680,고산2동,2726012700,대흥동,2726012700108330001,1,대지,833,1,대구광역시 수성구 대흥동 833-1,272604854955,대구광역시 수성구 알파시티1로42길,17,,2726012700108330001000001,이니셜타운,대구광역시 수성구 알파시티1로42길 17,706130,42250,,3,,128.683721974703,35.837689268622
MA0101202406A0569214,유남에너지,,G2,소매,G214,연료 소매,G21402,가스 충전소,G47712,운송장비용 가스 충전업,48,경상남도,48121,창원시 의창구,48121520,팔룡동,4812112900,팔용동,4812112900100190001,1,대지,19,1,경상남도 창원시 의창구 팔용동 19-1,481212019002,경상남도 창원시 의창구 창원대로,314,,4812112900100190001023309,,경상남도 창원시 의창구 창원대로 314,641846,51401,,,,128.63375498605,35.2380919398691
MA0101202406A0561583,블루에너지서비스김해지사,,G2,소매,G214,연료 소매,G21402,가스 충전소,G47712,운송장비용 가스 충전업,48,경상남도,48250,김해시,48250590,삼안동,4825012000,안동,4825012000105400013,1,대지,540,13,경상남도 김해시 안동 540-13,482504805208,경상남도 김해시 김해대로2596번길,65,,4825012000105400004049777,,경상남도 김해시 김해대로2596번길 65,621914,50936,,,,128.913943224791,35.2257927445381
MA0101202406A0579755,다인산업화성충전소,,G2,소매,G214,연료 소매,G21402,가스 충전소,G47712,운송장비용 가스 충전업,41,경기도,41590,화성시,41590320,비봉면,4159032024,비봉면,4159032024107730001,1,대지,773,1,경기도 화성시 비봉면 삼화리 773-1,415903210140,경기도 화성시 비봉면 비봉로,366,,4159032024107730001000001,,경기도 화성시 비봉면 비봉로 366,445842,18283,,,,126.848876222905,37.2478315911323
MA0101202406A0582023,익산ICLPG충전소,,G2,소매,G214,연료 소매,G21402,가스 충전소,G47712,운송장비용 가스 충전업,52,전북특별자치도,52140,익산시,52140670,팔봉동,5214012800,덕기동,5214012800102290007,1,대지,229,7,전북특별자치도 익산시 덕기동 229-7,521403016011,전북특별자치도 익산시 무왕로,1711,,4514012800102290007000001,금마LPG충전소,전북특별자치도 익산시 무왕로 1711,570997,54570,,1,,127.038408744618,35.9788179642515
MA0101202409A0004363,여수오렌지충전소,,G2,소매,G214,연료 소매,G21402,가스 충전소,G47712,운송장비용 가스 충전업,46,전라남도,46130,여수시,46130700,여서동,4613011900,여서동,4613011900101440000,1,대지,144,,전라남도 여수시 여서동 144,461303282079,전라남도 여수시 한재로,9,,4613011900101440000000001,,전라남도 여수시 한재로 9,550260,59720,,,,127.711151785616,34.7489394003174
MA0101202409A0063290,구봉가스3충전소,,G2,소매,G214,연료 소매,G21402,가스 충전소,G47712,운송장비용 가스 충전업,46,전라남도,46130,여수시,46130800,여천동,4613013700,화장동,4613013700103170003,1,대지,317,3,전라남도 여수시 화장동 317-3,461303282025,전라남도 여수시 무선로,280,,4613013700103170003000001,,전라남도 여수시 무선로 280,555090,59649,,,,127.644566266728,34.782481481959
MA0101202409A0010117,동신에너지진천충전소,,G2,소매,G214,연료 소매,G21402,가스 충전소,G47712,운송장비용 가스 충전업,43,충청북도,43750,진천군,43750250,진천읍,4375025028,진천읍,4375025028200010039,2,산,1,39,충청북도 진천군 진천읍 장관리 산1-39,437503014047,충청북도 진천군 진천읍 생거진천로,1452,,4375025028200010039000001,,충청북도 진천군 진천읍 생거진천로 1452,365802,27844,,,,127.43547050032,36.8758340993457
MA0101202409A0061701,서정엘피지충전소,,G2,소매,G214,연료 소매,G21402,가스 충전소,G47712,운송장비용 가스 충전업,30,대전광역시,30170,서구,30170535,정림동,3017010400,정림동,3017010400100080057,1,대지,8,57,대전광역시 서구 정림동 8-57,301703000095,대전광역시 서구 계백로,1332,,3017010400100080057015333,,대전광역시 서구 계백로 1332,302854,35403,,,,127.370157202107,36.3092932745728
MA0101202409A0007434,여수공항LPG충전소,,G2,소매,G214,연료 소매,G21402,가스 충전소,G47712,운송장비용 가스 충전업,46,전라남도,46130,여수시,46130320,율촌면,4613032028,율촌면,4613032028108840002,1,대지,884,2,전라남도 여수시 율촌면 신풍리 884-2,461303282087,전라남도 여수시 율촌면 여순로,514,,4613032028108840002015751,,전라남도 여수시 율촌면 여순로 514,556893,59605,,,,127.605787162166,34.848942054845
MA0101202409A0020032,의정부LPG충전소,,G2,소매,G214,연료 소매,G21402,가스 충전소,G47712,운송장비용 가스 충전업,41,경기도,41150,의정부시,41150567,신곡1동,4115010400,신곡동,4115010400102620002,1,대지,262,2,경기도 의정부시 신곡동 262-2,411503181006,경기도 의정부시 금신로,54,,4115010400102620002019052,,경기도 의정부시 금신로 54,480830,11795,,,,127.064679024238,37.7258680578175
MA0101202409A0007651,제천삼보수소충전소,,G2,소매,G214,연료 소매,G21402,가스 충전소,G47712,운송장비용 가스 충전업,43,충청북도,43150,제천시,43150250,봉양읍,4315025032,봉양읍,4315025032109030000,1,대지,903,,충청북도 제천시 봉양읍 원박리 903,431503238087,충청북도 제천시 봉양읍 북부로,913,,4315025032109030000018582,,충청북도 제천시 봉양읍 북부로 913,390871,27111,,,,128.073115184736,37.1391157584929
MA0101202409A0152131,신울산충전소,,G2,소매,G214,연료 소매,G21402,가스 충전소,G47712,운송장비용 가스 충전업,31,울산광역시,31140,남구,31140670,야음장생포동,3114010700,여천동,3114010700110000001,1,대지,1000,1,울산광역시 남구 여천동 1000-1,311403000104,울산광역시 남구 산업로,477,,3114010700110000001001090,,울산광역시 남구 산업로 477,680090,44762,,,,129.344240559666,35.5257682973486
MA0101202409A0083901,마이산LPG충전소,,G2,소매,G214,연료 소매,G21402,가스 충전소,G47712,운송장비용 가스 충전업,52,전북특별자치도,52720,진안군,52720250,진안읍,5272025032,진안읍,5272025032102120005,1,대지,212,5,전북특별자치도 진안군 진안읍 연장리 212-5,527203267080,전북특별자치도 진안군 진안읍 전진로,3067,,4572025032102120005022171,,전북특별자치도 진안군 진안읍 전진로 3067,567807,55425,,,,127.396832137526,35.7778931637248
MA0101202409A0096155,용진충전소,,G2,소매,G214,연료 소매,G21402,가스 충전소,G47712,운송장비용 가스 충전업,52,전북특별자치도,52710,완주군,52710256,용진읍,5271025623,용진읍,5271025623100410005,1,대지,41,5,전북특별자치도 완주군 용진읍 상운리 41-5,527103273094,전북특별자치도 완주군 용진읍 초포다리로,259,,4571031025100410005029502,,전북특별자치도 완주군 용진읍 초포다리로 259,565813,55351,,,,127.155765849676,35.8781622553571
MA0101202409A0117437,더블유피에이,,G2,소매,G214,연료 소매,G21402,가스 충전소,G47712,운송장비용 가스 충전업,48,경상남도,48250,김해시,48250330,진례면,4825033021,진례면,4825033021103580001,1,대지,358,1,경상남도 김해시 진례면 청천리 358-1,482504805544,경상남도 김해시 진례면 서부로436번길,37,,4825033021103590003000001,,경상남도 김해시 진례면 서부로436번길 37,621884,50872,,,,128.749716125118,35.2660392256188
MA0101202409A0093737,대성지점,,G2,소매,G214,연료 소매,G21402,가스 충전소,G47712,운송장비용 가스 충전업,41,경기도,41830,양평군,41830250,양평읍,4183025026,양평읍,4183025026103330000,1,대지,333,,경기도 양평군 양평읍 백안리 333,418303000145,경기도 양평군 양평읍 경강로,2244,,4183025026103330000018545,,경기도 양평군 양평읍 경강로 2244,476808,12549,,,,127.526370238316,37.4946725953519
MA0101202409A0111948,대일에너지신도시충전소,,G2,소매,G214,연료 소매,G21402,가스 충전소,G47712,운송장비용 가스 충전업,41,경기도,41480,파주시,41480510,금촌1동,4148010200,아동동,4148010200101460008,1,대지,146,8,경기도 파주시 아동동 146-8,414803206045,경기도 파주시 새꽃로,312,,4148010200101460008000001,,경기도 파주시 새꽃로 312,413803,10944,,,,126.786168535411,37.7694518244302
MA0101202409A0129868,인천충전소,,G2,소매,G214,연료 소매,G21402,가스 충전소,G47712,운송장비용 가스 충전업,28,인천광역시,28200,남동구,28200551,간석4동,2820010200,간석동,2820010200106160040,1,대지,616,40,인천광역시 남동구 간석동 616-40,282003150038,인천광역시 남동구 염전로,403,,2820010200106160040000980,,인천광역시 남동구 염전로 403,405810,21500,,,,126.684618847322,37.4697546348647
MA0101202409A0127065,차사랑LPG충전소,,G2,소매,G214,연료 소매,G21402,가스 충전소,G47712,운송장비용 가스 충전업,46,전라남도,46790,화순군,46790250,화순읍,4679025040,화순읍,4679025040102660001,1,대지,266,1,전라남도 화순군 화순읍 연양리 266-1,467903291054,전라남도 화순군 화순읍 화보로,3901,,4679025040102660001000001,,전라남도 화순군 화순읍 화보로 3901,519801,58141,,,,126.965630203961,35.0407385866635
MA0101202409A0161897,북세종LPG충전소,,G2,소매,G214,연료 소매,G21402,가스 충전소,G47712,운송장비용 가스 충전업,36,세종특별자치시,36110,세종특별자치시,36110250,조치원읍,3611025032,조치원읍,3611025032100860004,1,대지,86,4,세종특별자치시 세종특별자치시 조치원읍 신안리 86-4,361103000189,세종특별자치시 세종특별자치시 조치원읍 세종로,2566,,4473025032100860004041710,,세종특별자치시 세종특별자치시 조치원읍 세종로 2566,339886,30016,,,,127.292977529385,36.6160190266268
MA0101202409A0238178,안동VIP충전소,,G2,소매,G214,연료 소매,G21402,가스 충전소,G47712,운송장비용 가스 충전업,47,경상북도,47170,안동시,47170555,용상동,4717011000,용상동,4717011000110780114,1,대지,1078,114,경상북도 안동시 용상동 1078-114,471703018013,경상북도 안동시 경동로,962,,4717011000110780114019588,,경상북도 안동시 경동로 962,760901,36724,,,,128.758957437956,36.5538488047762
MA0101202409A0195927,구봉가스2충전소,,G2,소매,G214,연료 소매,G21402,가스 충전소,G47712,운송장비용 가스 충전업,46,전라남도,46130,여수시,46130740,둔덕동,4613012300,둔덕동,4613012300102750003,1,대지,275,3,전라남도 여수시 둔덕동 275-3,461303282069,전라남도 여수시 좌수영로,656,,4613012300102750002069044,,전라남도 여수시 좌수영로 656,550250,59625,,,,127.69591631184,34.7826584568114
MA0101202409A0177459,이든랜드반디가스,첨단점,G2,소매,G214,연료 소매,G21402,가스 충전소,G47712,운송장비용 가스 충전업,29,광주광역시,29200,광산구,29200626,첨단2동,2920011700,산월동,2920011700108530001,1,대지,853,1,광주광역시 광산구 산월동 853-1,292003163049,광주광역시 광산구 첨단월봉로,114,,2920011700108530002000001,,광주광역시 광산구 첨단월봉로 114,506305,62272,,,,126.851007867237,35.206295647942
MA0101202409A0235365,평창방림에너지충전소,,G2,소매,G214,연료 소매,G21402,가스 충전소,G47712,운송장비용 가스 충전업,51,강원특별자치도,51760,평창군,51760320,방림면,5176032021,방림면,5176032021107500003,1,대지,750,3,강원특별자치도 평창군 방림면 방림리 750-3,517603219074,강원특별자치도 평창군 방림면 서동로,1547,,4276032021107500003020742,방림LPG충전소,강원특별자치도 평창군 방림면 서동로 1547,232813,25365,,,,128.414950845724,37.4304317372275
MA0101202409A0195422,계룡LPG충전소,,G2,소매,G214,연료 소매,G21402,가스 충전소,G47712,운송장비용 가스 충전업,44,충청남도,44250,계룡시,44250315,엄사면,4425031522,엄사면,4425031522100820000,1,대지,82,,충청남도 계룡시 엄사면 유동리 82,442503000095,충청남도 계룡시 엄사면 계백로,3013,,4425031522100820000000253,,충청남도 계룡시 엄사면 계백로 3013,321933,32829,,,,127.235849912221,36.2751542521575
MA0101202409A0223262,태산이앤엘청계가스충전소,,G2,소매,G214,연료 소매,G21402,가스 충전소,G47712,운송장비용 가스 충전업,41,경기도,41430,의왕시,41430560,청계동,4143010800,청계동,4143010800102490001,1,대지,249,1,경기도 의왕시 청계동 249-1,414303012010,경기도 의왕시 안양판교로,469,,4143010800102490001000653,,경기도 의왕시 안양판교로 469,437827,16011,,,,127.021253691291,37.3948215939299
MA0101202409A0187041,구봉가스충전소,,G2,소매,G214,연료 소매,G21402,가스 충전소,G47712,운송장비용 가스 충전업,46,전라남도,46130,여수시,46130670,국동,4613011700,국동,4613011700100370497,1,대지,37,497,전라남도 여수시 국동 37-497,461304646147,전라남도 여수시 국동남9길,14,,4613011700100370051032673,,전라남도 여수시 국동남9길 14,550806,59761,,,,127.722497988501,34.7300694763439
MA0101202409A0247713,괘릉LPG충전소,,G2,소매,G214,연료 소매,G21402,가스 충전소,G47712,운송장비용 가스 충전업,47,경상북도,47130,경주시,47130259,외동읍,4713025934,외동읍,4713025934106930004,1,대지,693,4,경상북도 경주시 외동읍 괘릉리 693-4,471303000104,경상북도 경주시 외동읍 산업로,2785,,4713025934106900004081700,괘릉충전소,경상북도 경주시 외동읍 산업로 2785,780822,38210,,,,129.313414674427,35.7589878315043
