상가업소번호,상호명,지점명,상권업종대분류코드,상권업종대분류명,상권업종중분류코드,상권업종중분류명,상권업종소분류코드,상권업종소분류명,표준산업분류코드,표준산업분류명,시도코드,시도명,시군구코드,시군구명,행정동코드,행정동명,법정동코드,법정동명,PNU코드,대지구분코드,대지구분명,지번본번지,지번부번지,지번주소,도로명코드,도로명,건물본번지,건물부번지,건물관리번호,건물명,도로명주소,구우편번호,신우편번호,동정보,층정보,호정보,경도,위도
MA010120220804242972,강동O.A,,G2,소매,G216,안경·정밀기기 소매,G21601,사무기기 소매업,G47821,사무용 기기 소매업,11,서울특별시,11740,강동구,11740660,성내3동,1174010800,성내동,1174010800103810000,1,대지,381,,서울특별시 강동구 성내동 381,117404172227,서울특별시 강동구 양재대로103길,59,,1174010800103810000004538,메이저하우스,서울특별시 강동구 양재대로103길 59,134843,05374,,1,,127.134614392567,37.5336287085436
MA010120220803399015,피에이치포스,,G2,소매,G216,안경·정밀기기 소매,G21601,사무기기 소매업,G47821,사무용 기기 소매업,11,서울특별시,11500,강서구,11500640,방화2동,1150010900,방화동,1150010900105930066,1,대지,593,66,서울특별시 강서구 방화동 593-66,115004145229,서울특별시 강서구 금낭화로11길,31,24,1150010900105930066003026,가나아델리움,서울특별시 강서구 금낭화로11길 31-24,157851,07608,,2,,126.810918513657,37.5700083984049
MA010120220804646679,아이엘아이엔티,,G2,소매,G216,안경·정밀기기 소매,G21601,사무기기 소매업,G47821,사무용 기기 소매업,51,강원특별자치도,51130,원주시,51130542,명륜2동,5113010600,명륜동,5113010600107650000,1,대지,765,,강원특별자치도 원주시 명륜동 765,511304457648,강원특별자치도 원주시 한지공원길,102,,4213010600107640014000001,한솔솔파크아파트,강원특별자치도 원주시 한지공원길 102,220731,26479,,1,,127.938985079798,37.3345668460481
MA010120220801709060,드림정보통신,,G2,소매,G216,안경·정밀기기 소매,G21601,사무기기 소매업,G47821,사무용 기기 소매업,41,경기도,41150,의정부시,41150510,의정부1동,4115010100,의정부동,4115010100101660012,1,대지,166,12,경기도 의정부시 의정부동 166-12,411503215066,경기도 의정부시 평화로,471,,4115010100101660012000001,맥스타워,경기도 의정부시 평화로 471,480011,11696,,2,,127.047533361227,37.7341291106536
MA010120220802881630,라나소잉,,G2,소매,G216,안경·정밀기기 소매,G21601,사무기기 소매업,G47821,사무용 기기 소매업,41,경기도,41117,수원시 영통구,41117550,원천동,4111710200,원천동,4111710200105890000,1,대지,589,,경기도 수원시 영통구 원천동 589,411173350755,경기도 수원시 영통구 광교호수공원로,277,,4111710200105890000000001,중흥에스클래스,경기도 수원시 영통구 광교호수공원로 277,443380,16517,,2,,127.057509974407,37.2833700556837
MA010120220803682579,아트씨앤피주,,G2,소매,G216,안경·정밀기기 소매,G21601,사무기기 소매업,G47821,사무용 기기 소매업,11,서울특별시,11230,동대문구,11230705,청량리동,1123010700,청량리동,1123010700102120000,1,대지,212,,서울특별시 동대문구 청량리동 212,112304115649,서울특별시 동대문구 홍릉로10길,48,,1123010700102120000000007,홍릉동부아파트,서울특별시 동대문구 홍릉로10길 48,130721,02485,,1,,127.046261403541,37.5858010205906
MA010120220805362380,요기나라판다,,G2,소매,G216,안경·정밀기기 소매,G21601,사무기기 소매업,G47821,사무용 기기 소매업,11,서울특별시,11500,강서구,11500590,화곡본동,1150010300,화곡동,1150010300109650019,1,대지,965,19,서울특별시 강서구 화곡동 965-19,115004145257,서울특별시 강서구 까치산로18가길,19,,1150010300109650019016334,명칭없음,서울특별시 강서구 까치산로18가길 19,157895,07674,,2,,126.849067058645,37.5467004979801
MA010120220803928998,명성오에이주,,G2,소매,G216,안경·정밀기기 소매,G21601,사무기기 소매업,G47821,사무용 기기 소매업,11,서울특별시,11290,성북구,11290580,돈암1동,1129010300,돈암동,1129010300100070015,1,대지,7,15,서울특별시 성북구 돈암동 7-15,112904121637,서울특별시 성북구 정릉로48길,35,,1129010300100070015043126,서라벌,서울특별시 성북구 정릉로48길 35,136813,02801,,3,,127.027722318621,37.6026103254231
MA010120220805192538,라원솔루션즈,,G2,소매,G216,안경·정밀기기 소매,G21601,사무기기 소매업,G47821,사무용 기기 소매업,11,서울특별시,11215,광진구,11215770,중곡4동,1121510100,중곡동,1121510100100970023,1,대지,97,23,서울특별시 광진구 중곡동 97-23,112154112395,서울특별시 광진구 용마산로2길,40,,1121510100100970023020955,가든시티2차,서울특별시 광진구 용마산로2길 40,143888,04951,,1,,127.090618019269,37.5555469194039
MA010120220802645446,더블유티코퍼레이션,,G2,소매,G216,안경·정밀기기 소매,G21601,사무기기 소매업,G47821,사무용 기기 소매업,41,경기도,41173,안양시 동안구,41173610,범계동,4117310400,호계동,4117310400110520000,1,대지,1052,,경기도 안양시 동안구 호계동 1052,411733183006,경기도 안양시 동안구 동안로,102,,4117310400110520000005121,목련마을대우선경2단지,경기도 안양시 동안구 동안로 102,431775,14075,,2,,126.954334571431,37.3881741495883
MA010120220802834232,제이프린터스,,G2,소매,G216,안경·정밀기기 소매,G21601,사무기기 소매업,G47821,사무용 기기 소매업,11,서울특별시,11215,광진구,11215870,구의3동,1121510300,구의동,1121510300102270036,1,대지,227,36,서울특별시 광진구 구의동 227-36,112154112056,서울특별시 광진구 구의로12길,3,8,1121510300102270036008723,명칭없음,서울특별시 광진구 구의로12길 3-8,143961,05033,,5,,127.090659785161,37.543311330795
MA010120220803949114,서울사무기,,G2,소매,G216,안경·정밀기기 소매,G21601,사무기기 소매업,G47821,사무용 기기 소매업,11,서울특별시,11230,동대문구,11230750,이문2동,1123011000,이문동,1123011000100640000,1,대지,64,,서울특별시 동대문구 이문동 64,112304115640,서울특별시 동대문구 한천로58길,47,,1123011000100640000001830,쌍용아파트,서울특별시 동대문구 한천로58길 47,130765,02423,,2,,127.0687718269,37.6007465141143
MA010120220805331731,티에스사무기,,G2,소매,G216,안경·정밀기기 소매,G21601,사무기기 소매업,G47821,사무용 기기 소매업,41,경기도,41220,평택시,41220560,송북동,4122011100,독곡동,4122011100104680000,1,대지,468,,경기도 평택시 독곡동 468,412202012013,경기도 평택시 경기대로,1578,,4122011100104680000001090,삼익,경기도 평택시 경기대로 1578,459710,17720,,1,,127.06393918506,37.0849005600813
MA010120220806564432,셀링,,G2,소매,G216,안경·정밀기기 소매,G21601,사무기기 소매업,G47821,사무용 기기 소매업,52,전북특별자치도,52113,전주시 덕진구,52113580,금암1동,5211310700,금암동,5211310700107650001,1,대지,765,1,전북특별자치도 전주시 덕진구 금암동 765-1,521134601349,전북특별자치도 전주시 덕진구 용산1길,12,,4511310700107650001009561,금암상가,전북특별자치도 전주시 덕진구 용산1길 12,561801,54933,,1,,127.130468668934,35.8349682229755
MA010120220806618401,신도금정센터,,G2,소매,G216,안경·정밀기기 소매,G21601,사무기기 소매업,G47821,사무용 기기 소매업,26,부산광역시,26410,금정구,26410600,장전1동,2641010800,장전동,2641010800101340007,1,대지,134,7,부산광역시 금정구 장전동 134-7,264104205310,부산광역시 금정구 수림로75번길,38,,2641010800101340007000001,빌레더샵,부산광역시 금정구 수림로75번길 38,609837,46281,,1,,129.083960334543,35.2382316457613
MA010120220808373968,준비즈,,G2,소매,G216,안경·정밀기기 소매,G21601,사무기기 소매업,G47821,사무용 기기 소매업,41,경기도,41360,남양주시,41360570,별내동,4136011100,별내동,4136011100108690000,1,대지,869,,경기도 남양주시 별내동 869,413603197076,경기도 남양주시 불암로,337,,4136011100108690000000001,유승한내들,경기도 남양주시 불암로 337,472501,12095,,3,,127.12810616948,37.6641714388543
MA010120220806043912,대도사무기,,G2,소매,G216,안경·정밀기기 소매,G21601,사무기기 소매업,G47821,사무용 기기 소매업,44,충청남도,44131,천안시 동남구,44131590,신안동,4413111800,신부동,4413111800100850000,1,대지,85,,충청남도 천안시 동남구 신부동 85,441313249055,충청남도 천안시 동남구 충절로,42,,4413111800100850000010338,경남아너스빌아파트,충청남도 천안시 동남구 충절로 42,330795,31123,,1,,127.158036767232,36.815702271765
MA010120220807416910,컴퓨터프린터수리컴닥터서비스센터,,G2,소매,G216,안경·정밀기기 소매,G21601,사무기기 소매업,G47821,사무용 기기 소매업,41,경기도,41131,성남시 수정구,41131550,태평2동,4113110200,태평동,4113110200133520002,1,대지,3352,2,경기도 성남시 수정구 태평동 3352-2,411314334373,경기도 성남시 수정구 수정로171번길,17,4,4113110200133520002053936,현대쉐르빌,경기도 성남시 수정구 수정로171번길 17-4,461822,13291,,2,,127.137833354424,37.4444613310717
MA010120220806864076,유니온OA시스템,,G2,소매,G216,안경·정밀기기 소매,G21601,사무기기 소매업,G47821,사무용 기기 소매업,26,부산광역시,26290,남구,26290680,문현1동,2629010900,문현동,2629010900100950010,1,대지,95,10,부산광역시 남구 문현동 95-10,262903129046,부산광역시 남구 진남로,176,1,2629010900100950002013862,글로벌빌라트,부산광역시 남구 진남로 176-1,608821,48423,,1,,129.078824321248,35.1423380620022
MA010120220806329726,청운오에이파트너,,G2,소매,G216,안경·정밀기기 소매,G21601,사무기기 소매업,G47821,사무용 기기 소매업,43,충청북도,43113,청주시 흥덕구,43113700,운천.신봉동,4311310500,신봉동,4311310500101960002,1,대지,196,2,충청북도 청주시 흥덕구 신봉동 196-2,431134512152,충청북도 청주시 흥덕구 1순환로436번길,105,,4311310500101960002057865,크라운시티,충청북도 청주시 흥덕구 1순환로436번길 105,361839,28457,,1,,127.466841093729,36.6557902411164
MA010120220808027966,전자아울렛,,G2,소매,G216,안경·정밀기기 소매,G21601,사무기기 소매업,G47821,사무용 기기 소매업,41,경기도,41590,화성시,41590590,동탄5동,4159013100,영천동,4159013100108730004,1,대지,873,4,경기도 화성시 영천동 873-4,415902348100,경기도 화성시 동탄대로,636,3,4159013100200240001000001,메가비즈타워,경기도 화성시 동탄대로 636-3,445130,18467,,1,,127.100264231501,37.2107173853778
MA010120220806449484,나이스콜센터,,G2,소매,G216,안경·정밀기기 소매,G21601,사무기기 소매업,G47821,사무용 기기 소매업,31,울산광역시,31140,남구,31140520,신정2동,3114010400,신정동,3114010400118730000,1,대지,1873,,울산광역시 남구 신정동 1873,311403170054,울산광역시 남구 대공원로,241,,3114010400110990007033445,대공원코오롱파크폴리스,울산광역시 남구 대공원로 241,680012,44667,,3,,129.307278590688,35.5310137533004
MA010120220807190083,예안토탈OA시스템,,G2,소매,G216,안경·정밀기기 소매,G21601,사무기기 소매업,G47821,사무용 기기 소매업,52,전북특별자치도,52130,군산시,52130650,조촌동,5213013400,조촌동,5213013400107490004,1,대지,749,4,전북특별자치도 군산시 조촌동 749-4,521303268039,전북특별자치도 군산시 법원로,85,,4513013400107490004025037,동명주택,전북특별자치도 군산시 법원로 85,573885,54079,,1,,126.74017204843,35.9698008119475
MA010120220808136897,신다보통신,,G2,소매,G216,안경·정밀기기 소매,G21601,사무기기 소매업,G47821,사무용 기기 소매업,11,서울특별시,11380,은평구,11380631,신사1동,1138010900,신사동,1138010900100130023,1,대지,13,23,서울특별시 은평구 신사동 13-23,113804133056,서울특별시 은평구 갈현로5길,29,10,1138010900100130023014174,홍암하이츠맨숀,서울특별시 은평구 갈현로5길 29-10,122880,03435,,3,,126.908296483717,37.6009111222164
MA010120220806820055,한결오에이,,G2,소매,G216,안경·정밀기기 소매,G21601,사무기기 소매업,G47821,사무용 기기 소매업,11,서울특별시,11305,강북구,11305595,번1동,1130510200,번동,1130510200104710065,1,대지,471,65,서울특별시 강북구 번동 471-65,113054124564,서울특별시 강북구 한천로130길,46,,1130510200104710065018097,메종빌라2차,서울특별시 강북구 한천로130길 46,142868,01060,,1,,127.031814790821,37.6393695864226
MA010120220800144300,제너럴정보통신,,G2,소매,G216,안경·정밀기기 소매,G21601,사무기기 소매업,G47821,사무용 기기 소매업,11,서울특별시,11530,구로구,11530780,오류2동,1153010800,오류동,1153010800103480000,1,대지,348,,서울특별시 구로구 오류동 348,115303000020,서울특별시 구로구 서해안로,2368,,1153010800103480000026803,우림필유,서울특별시 구로구 서해안로 2368,152102,08340,,4,,126.847431519439,37.49410689928
MA010120220800819932,디지털오에이솔루션주,,G2,소매,G216,안경·정밀기기 소매,G21601,사무기기 소매업,G47821,사무용 기기 소매업,41,경기도,41610,광주시,41610610,능평동,4161011600,능평동,4161011600104900018,1,대지,490,18,경기도 광주시 능평동 490-18,416104433112,경기도 광주시 능평로30번길,39,24,4161025023104900018000001,라테르포레,경기도 광주시 능평로30번길 39-24,464922,12772,,2,,127.160726718964,37.3537987537616
MA010120220801486257,신도사무기,,G2,소매,G216,안경·정밀기기 소매,G21601,사무기기 소매업,G47821,사무용 기기 소매업,41,경기도,41220,평택시,41220590,신평동,4122011700,합정동,4122011700109740001,1,대지,974,1,경기도 평택시 합정동 974-1,412204364857,경기도 평택시 평택5로34번길,43,,4122011700109740001000001,명칭없음,경기도 평택시 평택5로34번길 43,450020,17902,,1,,127.114508139182,36.9892312932099
MA010120220801217832,동양정보통신,,G2,소매,G216,안경·정밀기기 소매,G21601,사무기기 소매업,G47821,사무용 기기 소매업,28,인천광역시,28260,서구,28260720,오류왕길동,2826012000,왕길동,2826012000106920001,1,대지,692,1,인천광역시 서구 왕길동 692-1,282603156107,인천광역시 서구 버들로,27,,2826012000104830004000001,검단자이1단지,인천광역시 서구 버들로 27,404290,22657,,5,,126.638289520725,37.5971038729577
MA010120220800178267,서울OA,,G2,소매,G216,안경·정밀기기 소매,G21601,사무기기 소매업,G47821,사무용 기기 소매업,11,서울특별시,11410,서대문구,11410720,북가좌2동,1141011900,북가좌동,1141011900103460006,1,대지,346,6,서울특별시 서대문구 북가좌동 346-6,114104136159,서울특별시 서대문구 불광천길,126,,1141011900103460006000003,명칭없음,서울특별시 서대문구 불광천길 126,120814,03680,,1,,126.908037804681,37.5810620692174
MA010120220800709931,비케이씨시스템,,G2,소매,G216,안경·정밀기기 소매,G21601,사무기기 소매업,G47821,사무용 기기 소매업,28,인천광역시,28177,미추홀구,28177540,용현1.4동,2817710200,용현동,2817710200101810004,1,대지,181,4,인천광역시 미추홀구 용현동 181-4,281774253621,인천광역시 미추홀구 인하로77번길,28,,2817010200101810004090086,새한,인천광역시 미추홀구 인하로77번길 28,402734,22207,,1,,126.658460543681,37.4523645516411
MA010120220801191904,제이테크,,G2,소매,G216,안경·정밀기기 소매,G21601,사무기기 소매업,G47821,사무용 기기 소매업,11,서울특별시,11440,마포구,11440585,도화동,1144010400,도화동,1144010400100830000,1,대지,83,,서울특별시 마포구 도화동 83,114403005017,서울특별시 마포구 삼개로,33,,1144010400100820000003244,우성아파트,서울특별시 마포구 삼개로 33,121812,04179,,2,,126.947749673133,37.5366401434797
MA010120220800188130,디포라인,,G2,소매,G216,안경·정밀기기 소매,G21601,사무기기 소매업,G47821,사무용 기기 소매업,11,서울특별시,11380,은평구,11380631,신사1동,1138010900,신사동,1138010900100150059,1,대지,15,59,서울특별시 은평구 신사동 15-59,113804133024,서울특별시 은평구 갈현로1길,16,1,1138010900100150059044214,정원씨티빌,서울특별시 은평구 갈현로1길 16-1,122880,03436,,3,,126.908377454695,37.5995236597366
MA010120220800361128,디지탈카피,,G2,소매,G216,안경·정밀기기 소매,G21601,사무기기 소매업,G47821,사무용 기기 소매업,11,서울특별시,11560,영등포구,11560620,양평2동,1156012900,양평동5가,1156012900100760000,1,대지,76,,서울특별시 영등포구 양평동5가 76,115604154625,서울특별시 영등포구 양평로24길,9,,1156012900100760000019143,한신아파트,서울특별시 영등포구 양평로24길 9,150751,07204,,1,,126.89174898993,37.5402871771937
MA010120220801019221,신도리코청담지점,,G2,소매,G216,안경·정밀기기 소매,G21601,사무기기 소매업,G47821,사무용 기기 소매업,11,서울특별시,11710,송파구,11710561,방이1동,1171011100,방이동,1171011100101600003,1,대지,160,3,서울특별시 송파구 방이동 160-3,117103123001,서울특별시 송파구 가락로,270,,1171011100101600003017315,우정팰리스,서울특별시 송파구 가락로 270,138833,05635,,2,,127.119554760437,37.511948783155
MA010120220800197732,신도네트여의도,,G2,소매,G216,안경·정밀기기 소매,G21601,사무기기 소매업,G47821,사무용 기기 소매업,11,서울특별시,11440,마포구,11440585,도화동,1144010400,도화동,1144010400100820000,1,대지,82,,서울특별시 마포구 도화동 82,114403005017,서울특별시 마포구 삼개로,38,,1144010400100820000003241,우성아파트,서울특별시 마포구 삼개로 38,121774,04179,,2,,126.947104728212,37.5366668863746
MA010120220801098669,정보통신예닮,,G2,소매,G216,안경·정밀기기 소매,G21601,사무기기 소매업,G47821,사무용 기기 소매업,28,인천광역시,28260,서구,28260575,신현원창동,2826010900,신현동,2826010900101430021,1,대지,143,21,인천광역시 서구 신현동 143-21,282603156064,인천광역시 서구 염곡로,335,,2826010900101430021003955,우리기도원,인천광역시 서구 염곡로 335,404830,22781,,2,,126.668470368397,37.5145713894425
MA010120220801099881,삼인건설사무기,,G2,소매,G216,안경·정밀기기 소매,G21601,사무기기 소매업,G47821,사무용 기기 소매업,28,인천광역시,28110,중구,28110530,신포동,2811012500,답동,2811012500100180002,1,대지,18,2,인천광역시 중구 답동 18-2,281103149064,인천광역시 중구 제물량로,143,,2811012500100180003105607,,인천광역시 중구 제물량로 143,400080,22324,,1,,126.627859762224,37.4697426840445
MA010120220801126511,스타정보,,G2,소매,G216,안경·정밀기기 소매,G21601,사무기기 소매업,G47821,사무용 기기 소매업,28,인천광역시,28260,서구,28260539,청라3동,2826012200,청라동,2826012200101050061,1,대지,105,61,인천광역시 서구 청라동 105-61,282603156186,인천광역시 서구 푸른로,9,,2826010400109760061000001,,인천광역시 서구 푸른로 9,,22765,,,,126.630007393925,37.5247916176866
MA010120220801095570,인천디지털오에이,,G2,소매,G216,안경·정밀기기 소매,G21601,사무기기 소매업,G47821,사무용 기기 소매업,28,인천광역시,28185,연수구,28185761,연수1동,2818510300,연수동,2818510300105240005,1,대지,524,5,인천광역시 연수구 연수동 524-5,281854256315,인천광역시 연수구 함박로88번길,5,,2818510300105240005022648,,인천광역시 연수구 함박로88번길 5,406810,21913,,,,126.68576852739,37.4246260752538
MA010120220801178193,드림종합사무기,,G2,소매,G216,안경·정밀기기 소매,G21601,사무기기 소매업,G47821,사무용 기기 소매업,28,인천광역시,28260,서구,28260515,검암경서동,2826010300,검암동,2826010300106710014,1,대지,671,14,인천광역시 서구 검암동 671-14,282604268251,인천광역시 서구 도요지로236번길,20,,2826010300106710014000001,,인천광역시 서구 도요지로236번길 20,404845,22699,,,,126.674509402066,37.5564755317971
MA010120220801173374,드림솔루션,,G2,소매,G216,안경·정밀기기 소매,G21601,사무기기 소매업,G47821,사무용 기기 소매업,28,인천광역시,28260,서구,28260575,신현원창동,2826010900,신현동,2826010900102900029,1,대지,290,29,인천광역시 서구 신현동 290-29,282604268633,인천광역시 서구 율도로65번길,11,,2826010900102900029004944,,인천광역시 서구 율도로65번길 11,404832,22782,,,,126.669329723947,37.5146368683742
MA010120220801166022,오에이서비스,,G2,소매,G216,안경·정밀기기 소매,G21601,사무기기 소매업,G47821,사무용 기기 소매업,28,인천광역시,28237,부평구,28237540,부평4동,2823710100,부평동,2823710100100100547,1,대지,10,547,인천광역시 부평구 부평동 10-547,282374262111,인천광역시 부평구 길주남로77번길,36,,2823710100100100547102224,,인천광역시 부평구 길주남로77번길 36,403816,21355,,1,,126.730407286605,37.5059081871413
MA010120220801179389,잉크스테이션,,G2,소매,G216,안경·정밀기기 소매,G21601,사무기기 소매업,G47821,사무용 기기 소매업,28,인천광역시,28237,부평구,28237661,부개3동,2823710700,부개동,2823710700100120281,1,대지,12,281,인천광역시 부평구 부개동 12-281,282374262655,인천광역시 부평구 장제로222번길,25,,2823710700100120281100860,,인천광역시 부평구 장제로222번길 25,403806,21351,,1,,126.732773171767,37.5053098911929
MA010120220801158420,한국캐쉬백카드,,G2,소매,G216,안경·정밀기기 소매,G21601,사무기기 소매업,G47821,사무용 기기 소매업,28,인천광역시,28110,중구,28110560,도원동,2811013200,도원동,2811013200100050027,1,대지,5,27,인천광역시 중구 도원동 5-27,281103149062,인천광역시 중구 샛골로,51,1,2811013200100050027100391,,인천광역시 중구 샛골로 51-1,400140,22327,,,,126.641605906098,37.4673614689118
MA010120220801169804,프리렌탈,,G2,소매,G216,안경·정밀기기 소매,G21601,사무기기 소매업,G47821,사무용 기기 소매업,28,인천광역시,28177,미추홀구,28177600,도화1동,2817710400,도화동,2817710400104020001,1,대지,402,1,인천광역시 미추홀구 도화동 402-1,281774253685,인천광역시 미추홀구 주안서로33번길,73,,2817010500104020001165968,,인천광역시 미추홀구 주안서로33번길 73,402809,22136,,1,,126.673854118196,37.4626344847719
MA010120220801212992,카피어랜드,인천지점,G2,소매,G216,안경·정밀기기 소매,G21601,사무기기 소매업,G47821,사무용 기기 소매업,28,인천광역시,28237,부평구,28237660,부개2동,2823710700,부개동,2823710700104910011,1,대지,491,11,인천광역시 부평구 부개동 491-11,282374262350,인천광역시 부평구 부일로113번길,29,12,2823710700104910011108693,,인천광역시 부평구 부일로113번길 29-12,403814,21402,,,,126.741461271779,37.4915438653669
MA010120220801220383,스노우보드,,G2,소매,G216,안경·정밀기기 소매,G21601,사무기기 소매업,G47821,사무용 기기 소매업,28,인천광역시,28237,부평구,28237690,십정2동,2823710200,십정동,2823710200105150008,1,대지,515,8,인천광역시 부평구 십정동 515-8,282374262209,인천광역시 부평구 동암남로3번길,18,4,2823710200105150008007300,,인천광역시 부평구 동암남로3번길 18-4,403849,21437,,,,126.704325930062,37.4717157254314
MA010120220801191050,하이네트사무기,,G2,소매,G216,안경·정밀기기 소매,G21601,사무기기 소매업,G47821,사무용 기기 소매업,28,인천광역시,28237,부평구,28237540,부평4동,2823710100,부평동,2823710100100120008,1,대지,12,8,인천광역시 부평구 부평동 12-8,282374262651,인천광역시 부평구 장제로199번길,29,,2823710100100120008100679,,인천광역시 부평구 장제로199번길 29,403816,21356,,,,126.729058910913,37.5034723946095
MA010120220801191975,멀티온서비스,,G2,소매,G216,안경·정밀기기 소매,G21601,사무기기 소매업,G47821,사무용 기기 소매업,41,경기도,41173,안양시 동안구,41173540,부흥동,4117310100,비산동,4117310100111080000,1,대지,1108,,경기도 안양시 동안구 비산동 1108,411732182002,경기도 안양시 동안구 시민대로,171,,4117310100111080000005145,금강벤처텔,경기도 안양시 동안구 시민대로 171,431817,14048,,,,126.950030298681,37.3911367744638
MA010120220801222345,나우정보통신,,G2,소매,G216,안경·정밀기기 소매,G21601,사무기기 소매업,G47821,사무용 기기 소매업,28,인천광역시,28185,연수구,28185630,옥련1동,2818510100,옥련동,2818510100102840003,1,대지,284,3,인천광역시 연수구 옥련동 284-3,281852000014,인천광역시 연수구 비류대로,184,,2818510100102840003210488,태영프라자,인천광역시 연수구 비류대로 184,406051,21954,,3,,126.655069394148,37.4278832447454
MA010120220801263054,이앤원,,G2,소매,G216,안경·정밀기기 소매,G21601,사무기기 소매업,G47821,사무용 기기 소매업,28,인천광역시,28177,미추홀구,28177580,학익1동,2817710300,학익동,2817710300102510043,1,대지,251,43,인천광역시 미추홀구 학익동 251-43,281773151009,인천광역시 미추홀구 소성로,172,,2817010300102510043054710,,인천광역시 미추홀구 소성로 172,402041,22224,,3,,126.667188344636,37.4415142583739
MA010120220801279399,포인트,,G2,소매,G216,안경·정밀기기 소매,G21601,사무기기 소매업,G47821,사무용 기기 소매업,41,경기도,41113,수원시 권선구,41113560,서둔동,4111313100,서둔동,4111313100100140044,1,대지,14,44,경기도 수원시 권선구 서둔동 14-44,411133000064,경기도 수원시 권선구 수인로,43,10,4111313100100140044000036,,경기도 수원시 권선구 수인로 43-10,441853,16617,,,,126.99319019515,37.2702646845158
MA010120220801261167,카피컴,,G2,소매,G216,안경·정밀기기 소매,G21601,사무기기 소매업,G47821,사무용 기기 소매업,41,경기도,41410,군포시,41410570,재궁동,4141010500,금정동,4141010500107190004,1,대지,719,4,경기도 군포시 금정동 719-4,414103200025,경기도 군포시 번영로,559,,4141010500107190004005954,,경기도 군포시 번영로 559,435863,15828,,,,126.938107538611,37.3609648206371
MA010120220801273013,뱅크라인,,G2,소매,G216,안경·정밀기기 소매,G21601,사무기기 소매업,G47821,사무용 기기 소매업,41,경기도,41173,안양시 동안구,41173578,귀인동,4117310300,평촌동,4117310300109000001,1,대지,900,1,경기도 안양시 동안구 평촌동 900-1,411732183002,경기도 안양시 동안구 평촌대로,142,,4117310300109000001004618,평촌트윈마트,경기도 안양시 동안구 평촌대로 142,431801,14103,,,,126.959891994209,37.3850045626796
MA010120220801273611,경기OA안,양지점,G2,소매,G216,안경·정밀기기 소매,G21601,사무기기 소매업,G47821,사무용 기기 소매업,41,경기도,41173,안양시 동안구,41173620,신촌동,4117310400,호계동,4117310400110720010,1,대지,1072,10,경기도 안양시 동안구 호계동 1072-10,411734349195,경기도 안양시 동안구 평촌대로127번길,103,,4117310400110720010004406,,경기도 안양시 동안구 평촌대로127번길 103,431827,14099,,1,,126.959758526164,37.3812021963473
MA010120220803027055,누리CNS,,G2,소매,G216,안경·정밀기기 소매,G21601,사무기기 소매업,G47821,사무용 기기 소매업,41,경기도,41173,안양시 동안구,41173600,호계3동,4117310400,호계동,4117310400108590023,1,대지,859,23,경기도 안양시 동안구 호계동 859-23,411733012014,경기도 안양시 동안구 포도원로,26,,4117310400108590023006232,대림프라자,경기도 안양시 동안구 포도원로 26,431835,14128,,,,126.964792034277,37.3620119545471
MA010120220803020588,선진정보시스템,,G2,소매,G216,안경·정밀기기 소매,G21601,사무기기 소매업,G47821,사무용 기기 소매업,11,서울특별시,11740,강동구,11740685,길동,1174010500,길동,1174010500103450009,1,대지,345,9,서울특별시 강동구 길동 345-9,117403124009,서울특별시 강동구 천중로,213,,1174010500103450009002392,어반라이프오피스,서울특별시 강동구 천중로 213,134811,05303,,,,127.143973946203,37.5409968563312
MA010120220803078513,아이디네트워크,,G2,소매,G216,안경·정밀기기 소매,G21601,사무기기 소매업,G47821,사무용 기기 소매업,28,인천광역시,28237,부평구,28237510,부평1동,2823710100,부평동,2823710100103410094,1,대지,341,94,인천광역시 부평구 부평동 341-94,282374262024,인천광역시 부평구 경원대로1347번길,22,,2823710100103410094016395,,인천광역시 부평구 경원대로1347번길 22,403819,21389,,1,,126.71936431499,37.4920250348541
MA010120220803060320,한국정보통신거제지사,,G2,소매,G216,안경·정밀기기 소매,G21601,사무기기 소매업,G47821,사무용 기기 소매업,48,경상남도,48310,거제시,48310590,상문동,4831011000,상동동,4831011000109430015,1,대지,943,15,경상남도 거제시 상동동 943-15,483104811051,경상남도 거제시 계룡로5길,9,,4831011000109430015026256,왕주빌딩,경상남도 거제시 계룡로5길 9,656300,53290,,,,128.627529505515,34.8743140332435
MA010120220803076533,쓰리디클라우드,,G2,소매,G216,안경·정밀기기 소매,G21601,사무기기 소매업,G47821,사무용 기기 소매업,41,경기도,41210,광명시,41210655,일직동,4121010600,일직동,4121010600105140000,1,대지,514,,경기도 광명시 일직동 514,412103182031,경기도 광명시 일직로,43,,4121010600105140000000001,지아이디씨,경기도 광명시 일직로 43,423090,14353,,,,126.886947562971,37.4227731509461
MA010120220803041679,에스티랩스,,G2,소매,G216,안경·정밀기기 소매,G21601,사무기기 소매업,G47821,사무용 기기 소매업,30,대전광역시,30230,대덕구,30230520,대화동,3023010200,대화동,3023010200102890001,1,대지,289,1,대전광역시 대덕구 대화동 289-1,302303168004,대전광역시 대덕구 대화로,160,,3023010200102890001008147,산업용재유통상가,대전광역시 대덕구 대화로 160,306754,34368,,,,127.402936017244,36.3652945197826
MA010120220803051080,신도디지털테크,,G2,소매,G216,안경·정밀기기 소매,G21601,사무기기 소매업,G47821,사무용 기기 소매업,41,경기도,41465,용인시 수지구,41465510,풍덕천1동,4146510100,풍덕천동,4146510100106920000,1,대지,692,,경기도 용인시 수지구 풍덕천동 692,414653205013,경기도 용인시 수지구 수풍로,16,,4146510100106920000026360,보원아파트,경기도 용인시 수지구 수풍로 16,448761,16819,,,,127.090861324331,37.3265628223048
MA010120220803087267,태광종합사무기,,G2,소매,G216,안경·정밀기기 소매,G21601,사무기기 소매업,G47821,사무용 기기 소매업,44,충청남도,44200,아산시,44200590,온양3동,4420011400,권곡동,4420011400105360030,1,대지,536,30,충청남도 아산시 권곡동 536-30,442003253080,충청남도 아산시 청운로,156,,4420011400105360030032645,,충청남도 아산시 청운로 156,336030,31519,,,,127.009141971743,36.7876021094051
MA010120220803087399,클릭사무기,,G2,소매,G216,안경·정밀기기 소매,G21601,사무기기 소매업,G47821,사무용 기기 소매업,51,강원특별자치도,51110,춘천시,51110570,근화동,5111011700,근화동,5111011700102830012,1,대지,283,12,강원특별자치도 춘천시 근화동 283-12,511104454059,강원특별자치도 춘천시 공지로451번길,16,,4211011700102830012009804,,강원특별자치도 춘천시 공지로451번길 16,200931,24360,,,,127.716751689396,37.8728669852384
MA010120220803085131,해피정보통신,,G2,소매,G216,안경·정밀기기 소매,G21601,사무기기 소매업,G47821,사무용 기기 소매업,11,서울특별시,11680,강남구,11680640,역삼1동,1168010100,역삼동,1168010100106420003,1,대지,642,3,서울특별시 강남구 역삼동 642-3,116804166726,서울특별시 강남구 테헤란로25길,6,9,1168010100106420003000001,석암빌딩,서울특별시 강남구 테헤란로25길 6-9,135910,06132,,6,,127.035917885787,37.5012998857024
MA010120220803090846,에이스컴퓨터O.A,,G2,소매,G216,안경·정밀기기 소매,G21601,사무기기 소매업,G47821,사무용 기기 소매업,43,충청북도,43111,청주시 상당구,43111525,중앙동,4311111200,수동,4311111200101000003,1,대지,100,3,충청북도 청주시 상당구 수동 100-3,431114508393,충청북도 청주시 상당구 수동로73번길,2,,4311111200101000003086814,,충청북도 청주시 상당구 수동로73번길 2,360112,28507,,,,127.49294086988,36.6446282722784
MA010120220804595281,홍인사무기,,G2,소매,G216,안경·정밀기기 소매,G21601,사무기기 소매업,G47821,사무용 기기 소매업,51,강원특별자치도,51720,홍천군,51720380,북방면,5172038037,북방면,5172038037102980004,1,대지,298,4,강원특별자치도 홍천군 북방면 하화계리 298-4,517203225052,강원특별자치도 홍천군 북방면 홍천로,196,3,4272038037102980004000001,,강원특별자치도 홍천군 북방면 홍천로 196-3,250885,25115,,,,127.867680399533,37.6909161911821
MA010120220804594058,에이스체크,,G2,소매,G216,안경·정밀기기 소매,G21601,사무기기 소매업,G47821,사무용 기기 소매업,51,강원특별자치도,51110,춘천시,51110390,동내면,5111039025,동내면,5111039025106160000,1,대지,616,,강원특별자치도 춘천시 동내면 학곡리 616,511103013022,강원특별자치도 춘천시 동내면 영서로,1782,,4211039025106160000004899,,강원특별자치도 춘천시 동내면 영서로 1782,200882,24408,,,,127.760448186098,37.8359969885803
MA010120220804599206,신화테크,,G2,소매,G216,안경·정밀기기 소매,G21601,사무기기 소매업,G47821,사무용 기기 소매업,52,전북특별자치도,52710,완주군,52710340,소양면,5271034022,소양면,5271034022109540001,1,대지,954,1,전북특별자치도 완주군 소양면 명덕리 954-1,527104619107,전북특별자치도 완주군 소양면 명덕안길,22,3,4571034022109540001000001,,전북특별자치도 완주군 소양면 명덕안길 22-3,565842,55355,,,,127.21016407165,35.8625868888665
MA010120220804617355,중앙종합사무기,,G2,소매,G216,안경·정밀기기 소매,G21601,사무기기 소매업,G47821,사무용 기기 소매업,51,강원특별자치도,51130,원주시,51130590,단계동,5113011000,단계동,5113011000107800001,1,대지,780,1,강원특별자치도 원주시 단계동 780-1,511304457369,강원특별자치도 원주시 소삼터길,40,,4213011000107800001022944,,강원특별자치도 원주시 소삼터길 40,220937,26424,,1,,127.935442723746,37.3473620557244
MA010120220804646980,애플카드포스,,G2,소매,G216,안경·정밀기기 소매,G21601,사무기기 소매업,G47821,사무용 기기 소매업,51,강원특별자치도,51130,원주시,51130515,중앙동,5113010900,학성동,5113010900102130011,1,대지,213,11,강원특별자치도 원주시 학성동 213-11,511303219066,강원특별자치도 원주시 중앙로,189,,4213010900102130010016923,,강원특별자치도 원주시 중앙로 189,220963,26415,,2,,127.947332757694,37.3532500464147
MA010120220804639099,원주종합사무기,,G2,소매,G216,안경·정밀기기 소매,G21601,사무기기 소매업,G47821,사무용 기기 소매업,51,강원특별자치도,51130,원주시,51130515,중앙동,5113010900,학성동,5113010900102130001,1,대지,213,1,강원특별자치도 원주시 학성동 213-1,511303219066,강원특별자치도 원주시 중앙로,201,,4213010900102130001016940,,강원특별자치도 원주시 중앙로 201,220963,26415,,,,127.947160229194,37.3538911350155
MA010120220804633910,동신종합사무기,,G2,소매,G216,안경·정밀기기 소매,G21601,사무기기 소매업,G47821,사무용 기기 소매업,51,강원특별자치도,51130,원주시,51130515,중앙동,5113010900,학성동,5113010900103110023,1,대지,311,23,강원특별자치도 원주시 학성동 311-23,511303219043,강원특별자치도 원주시 원일로,176,,4213010900103110023017843,,강원특별자치도 원주시 원일로 176,220963,26415,,,,127.94598360144,37.353666292189
MA010120220804637018,아이티센타,,G2,소매,G216,안경·정밀기기 소매,G21601,사무기기 소매업,G47821,사무용 기기 소매업,51,강원특별자치도,51730,횡성군,51730250,횡성읍,5173025021,횡성읍,5173025021101230006,1,대지,123,6,강원특별자치도 횡성군 횡성읍 읍상리 123-6,517303226064,강원특별자치도 횡성군 횡성읍 읍상로,8,,4273025021101230006020802,,강원특별자치도 횡성군 횡성읍 읍상로 8,225807,25231,,,,127.989989810375,37.4866606298072
MA010120220804639557,신도리코아이티,,G2,소매,G216,안경·정밀기기 소매,G21601,사무기기 소매업,G47821,사무용 기기 소매업,51,강원특별자치도,51130,원주시,51130542,명륜2동,5113010600,명륜동,5113010600108240003,1,대지,824,3,강원특별자치도 원주시 명륜동 824-3,511304457648,강원특별자치도 원주시 한지공원길,23,,4213010600108240000007166,,강원특별자치도 원주시 한지공원길 23,220948,26482,,,,127.943289479721,37.3295771083375
MA010120220804675769,OA랜드,,G2,소매,G216,안경·정밀기기 소매,G21601,사무기기 소매업,G47821,사무용 기기 소매업,51,강원특별자치도,51760,평창군,51760250,평창읍,5176025023,평창읍,5176025023100760006,1,대지,76,6,강원특별자치도 평창군 평창읍 하리 76-6,517604484410,강원특별자치도 평창군 평창읍 향교길,68,,4276025023100760006027506,,강원특별자치도 평창군 평창읍 향교길 68,232807,25376,,,,128.391691644265,37.3682900220922
MA010120220804666657,동아사무기와알파문구,,G2,소매,G216,안경·정밀기기 소매,G21601,사무기기 소매업,G47821,사무용 기기 소매업,51,강원특별자치도,51130,원주시,51130660,무실동,5113011500,무실동,5113011500118570015,1,대지,1857,15,강원특별자치도 원주시 무실동 1857-15,511304517922,강원특별자치도 원주시 능라동길,35,,4213011500118570015000001,,강원특별자치도 원주시 능라동길 35,220150,26392,,,,127.928583363511,37.3338020071603
MA010120220804706136,동부디지테크,,G2,소매,G216,안경·정밀기기 소매,G21601,사무기기 소매업,G47821,사무용 기기 소매업,51,강원특별자치도,51150,강릉시,51150571,포남1동,5115011100,포남동,5115011100111700017,1,대지,1170,17,강원특별자치도 강릉시 포남동 1170-17,511504460555,강원특별자치도 강릉시 성덕포남로168번길,8,,4215011100111700017006315,,강원특별자치도 강릉시 성덕포남로168번길 8,210953,25571,,1,,128.910827546247,37.7675205861844
MA010120220804710833,신도리코평창센터,,G2,소매,G216,안경·정밀기기 소매,G21601,사무기기 소매업,G47821,사무용 기기 소매업,51,강원특별자치도,51760,평창군,51760250,평창읍,5176025023,평창읍,5176025023100580040,1,대지,58,40,강원특별자치도 평창군 평창읍 하리 58-40,517604484137,강원특별자치도 평창군 평창읍 문화길,48,,4276025023100580040022496,,강원특별자치도 평창군 평창읍 문화길 48,232807,25376,,,,128.392433606048,37.3669028258016
MA010120220804706711,컴포유시스템,,G2,소매,G216,안경·정밀기기 소매,G21601,사무기기 소매업,G47821,사무용 기기 소매업,51,강원특별자치도,51150,강릉시,51150615,강남동,5115012200,유산동,5115012200103440018,1,대지,344,18,강원특별자치도 강릉시 유산동 344-18,511503220045,강원특별자치도 강릉시 칠성로,549,,4215012200103440018010222,,강원특별자치도 강릉시 칠성로 549,210220,25612,,,,128.91169826892,37.7356617345666
MA010120220804703683,사무기,코리아,G2,소매,G216,안경·정밀기기 소매,G21601,사무기기 소매업,G47821,사무용 기기 소매업,51,강원특별자치도,51150,강릉시,51150571,포남1동,5115011100,포남동,5115011100110930004,1,대지,1093,4,강원특별자치도 강릉시 포남동 1093-4,511504460378,강원특별자치도 강릉시 명륜로121번길,11,,4215011100110930004010750,,강원특별자치도 강릉시 명륜로121번길 11,210954,25488,,,,128.901473547441,37.7696087477631
MA010120220806068548,티페이충청지사,,G2,소매,G216,안경·정밀기기 소매,G21601,사무기기 소매업,G47821,사무용 기기 소매업,44,충청남도,44133,천안시 서북구,44133550,쌍용3동,4413310700,쌍용동,4413310700102770000,1,대지,277,,충청남도 천안시 서북구 쌍용동 277,441334851576,충청남도 천안시 서북구 미라16길,33,4,4413310700102770000000001,,충청남도 천안시 서북구 미라16길 33-4,331093,31167,,,,127.127111266948,36.8064669221783
MA010120220806049757,포항유통,,G2,소매,G216,안경·정밀기기 소매,G21601,사무기기 소매업,G47216,"빵류, 과자류 및 당류 소매업",47,경상북도,47113,포항시 북구,47113320,청하면,4711332024,청하면,4711332024101020001,1,대지,102,1,경상북도 포항시 북구 청하면 필화리 102-1,471132000023,경상북도 포항시 북구 청하면 동해대로,2666,,4711332024101020001010137,,경상북도 포항시 북구 청하면 동해대로 2666,791923,37517,,,,129.3521740586,36.2044647541469
MA010120220806064138,비젼테크,,G2,소매,G216,안경·정밀기기 소매,G21601,사무기기 소매업,G47821,사무용 기기 소매업,44,충청남도,44133,천안시 서북구,44133520,성정2동,4413310200,성정동,4413310200108340000,1,대지,834,,충청남도 천안시 서북구 성정동 834,441334550092,충청남도 천안시 서북구 도원1길,30,,4413310200108340000050001,아르세움,충청남도 천안시 서북구 도원1길 30,331977,31139,,,,127.132740506762,36.8216264534375
MA010120220806042573,예스정보통신,,G2,소매,G216,안경·정밀기기 소매,G21601,사무기기 소매업,G47821,사무용 기기 소매업,44,충청남도,44131,천안시 동남구,44131560,일봉동,4413111400,다가동,4413111400103680018,1,대지,368,18,충청남도 천안시 동남구 다가동 368-18,441314547120,충청남도 천안시 동남구 다가12길,17,2,4413111400103680018023459,,충청남도 천안시 동남구 다가12길 17-2,330110,31154,,,,127.141758646841,36.8009085296931
MA010120220806056078,대성사무기,,G2,소매,G216,안경·정밀기기 소매,G21601,사무기기 소매업,G47821,사무용 기기 소매업,44,충청남도,44133,천안시 서북구,44133520,성정2동,4413310200,성정동,4413310200106770001,1,대지,677,1,충청남도 천안시 서북구 성정동 677-1,441332249004,충청남도 천안시 서북구 쌍용대로,254,,4413310200106770001051266,,충청남도 천안시 서북구 쌍용대로 254,331975,31138,,,,127.136200748861,36.8198563669298
MA010120220806072144,도시바두원사무기,,G2,소매,G216,안경·정밀기기 소매,G21601,사무기기 소매업,G47821,사무용 기기 소매업,44,충청남도,44200,아산시,44200590,온양3동,4420011400,권곡동,4420011400105390013,1,대지,539,13,충청남도 아산시 권곡동 539-13,442004559764,충청남도 아산시 충무로82번길,5,10,4420011400105390013029261,,충청남도 아산시 충무로82번길 5-10,336030,31515,,,,127.007551220287,36.7889358706046
MA010120220806074841,중앙사무기도시바천안,대리점,G2,소매,G216,안경·정밀기기 소매,G21601,사무기기 소매업,G47821,사무용 기기 소매업,44,충청남도,44131,천안시 동남구,44131550,봉명동,4413111300,봉명동,4413111300104740000,1,대지,474,,충청남도 천안시 동남구 봉명동 474,441314547295,충청남도 천안시 동남구 봉서9길,17,3,4413111300104740000014422,봉서타운하우스,충청남도 천안시 동남구 봉서9길 17-3,330930,31148,,1,,127.132466704978,36.8123363194312
MA010120220806048048,가나종합사무기기,,G2,소매,G216,안경·정밀기기 소매,G21601,사무기기 소매업,G47821,사무용 기기 소매업,44,충청남도,44133,천안시 서북구,44133590,부성2동,4413310400,두정동,4413310400119370000,1,대지,1937,,충청남도 천안시 서북구 두정동 1937,441334550118,충청남도 천안시 서북구 두정고6길,32,,4413310400119370000009019,,충청남도 천안시 서북구 두정고6길 32,331964,31089,,,,127.133089925104,36.8357013660461
MA010120220806048566,천안리소,,G2,소매,G216,안경·정밀기기 소매,G21601,사무기기 소매업,G47821,사무용 기기 소매업,44,충청남도,44133,천안시 서북구,44133520,성정2동,4413310200,성정동,4413310200106780010,1,대지,678,10,충청남도 천안시 서북구 성정동 678-10,441334550300,충청남도 천안시 서북구 서부8길,10,,4413310200106780010052301,,충청남도 천안시 서북구 서부8길 10,331975,31138,,,,127.1375441847,36.8189987669425
MA010120220806048927,가보사무기,,G2,소매,G216,안경·정밀기기 소매,G21601,사무기기 소매업,G47821,사무용 기기 소매업,44,충청남도,44133,천안시 서북구,44133566,불당1동,4413310800,불당동,4413310800108890000,1,대지,889,,충청남도 천안시 서북구 불당동 889,441334550251,충청남도 천안시 서북구 불당2길,33,16,4413310800108890000007203,,충청남도 천안시 서북구 불당2길 33-16,331984,31164,,,,127.107185713774,36.8057206046064
MA010120220806071812,에스오에스OA,,G2,소매,G216,안경·정밀기기 소매,G21601,사무기기 소매업,G47821,사무용 기기 소매업,44,충청남도,44133,천안시 서북구,44133540,쌍용2동,4413310700,쌍용동,4413310700117610000,1,대지,1761,,충청남도 천안시 서북구 쌍용동 1761,441334550565,충청남도 천안시 서북구 월봉7길,21,,4413310700117610000058303,,충청남도 천안시 서북구 월봉7길 21,331955,31179,,,,127.11468065873,36.7894214968151
MA010120220806065737,고려사무기,,G2,소매,G216,안경·정밀기기 소매,G21601,사무기기 소매업,G47821,사무용 기기 소매업,44,충청남도,44131,천안시 동남구,44131340,성남면,4413134027,성남면,4413134027104220004,1,대지,422,4,충청남도 천안시 동남구 성남면 신사리 422-4,441314547449,충청남도 천안시 동남구 성남면 신사2길,18,,4413134027104220004058843,,충청남도 천안시 동남구 성남면 신사2길 18,330892,31245,,,,127.235604947688,36.7429170853839
MA010120220806069256,금성정보통신,,G2,소매,G216,안경·정밀기기 소매,G21601,사무기기 소매업,G47821,사무용 기기 소매업,44,충청남도,44133,천안시 서북구,44133580,부성1동,4413310400,두정동,4413310400115000000,1,대지,1500,,충청남도 천안시 서북구 두정동 1500,441333250017,충청남도 천안시 서북구 두정로,236,,4413310400115000000048063,,충청남도 천안시 서북구 두정로 236,331962,31105,,,,127.14305108161,36.8330765886132
MA010120220806080949,에스제이트랜드,,G2,소매,G216,안경·정밀기기 소매,G21601,사무기기 소매업,G47821,사무용 기기 소매업,44,충청남도,44131,천안시 동남구,44131590,신안동,4413111800,신부동,4413111800106320000,1,대지,632,,충청남도 천안시 동남구 신부동 632,441314547730,충청남도 천안시 동남구 터미널3길,37,,4413111800106320000007867,본은빌딩,충청남도 천안시 동남구 터미널3길 37,330944,31119,,3,,127.158577738158,36.8225950347889
MA010120220806104932,유니월드,,G2,소매,G216,안경·정밀기기 소매,G21601,사무기기 소매업,G45213,자동차 내장용 신품 전기ㆍ전자ㆍ정밀기기 판매업,44,충청남도,44131,천안시 동남구,44131570,신방동,4413111600,신방동,4413111600108070002,1,대지,807,2,충청남도 천안시 동남구 신방동 807-2,441313249071,충청남도 천안시 동남구 충무로,26,,4413111600108070002035702,,충청남도 천안시 동남구 충무로 26,330940,31178,,,,127.115637360579,36.784887966034
MA010120220806084866,사장천하,,G2,소매,G216,안경·정밀기기 소매,G21601,사무기기 소매업,G47821,사무용 기기 소매업,44,충청남도,44131,천안시 동남구,44131570,신방동,4413111600,신방동,4413111600107840001,1,대지,784,1,충청남도 천안시 동남구 신방동 784-1,441313249033,충청남도 천안시 동남구 신촌로,24,,4413111600107840001033303,천안산업기자재유통단지,충청남도 천안시 동남구 신촌로 24,330940,31177,,,,127.121948677558,36.7874318168802
MA010120220806094918,대한정보통신,,G2,소매,G216,안경·정밀기기 소매,G21601,사무기기 소매업,G47821,사무용 기기 소매업,44,충청남도,44200,아산시,44200253,배방읍,4420025325,배방읍,4420025325114510000,1,대지,1451,,충청남도 아산시 배방읍 북수리 1451,442004559250,충청남도 아산시 배방읍 북수로111번길,6,4,4420025325114510000007803,태하빌딩,충청남도 아산시 배방읍 북수로111번길 6-4,336851,31491,,,,127.073459120139,36.774243269139
MA010120220806080414,세일아이티,,G2,소매,G216,안경·정밀기기 소매,G21601,사무기기 소매업,G47821,사무용 기기 소매업,43,충청북도,43113,청주시 흥덕구,43113700,운천.신봉동,4311310400,운천동,4311310400112800000,1,대지,1280,,충청북도 청주시 흥덕구 운천동 1280,431133236020,충청북도 청주시 흥덕구 무심서로,687,,4311310400112800000014330,,충청북도 청주시 흥덕구 무심서로 687,361842,28468,,,,127.476644902557,36.6513989743268
MA010120220806146318,디지털정보통신,,G2,소매,G216,안경·정밀기기 소매,G21601,사무기기 소매업,G47221,음료 소매업,44,충청남도,44180,보령시,44180525,대천2동,4418010100,대천동,4418010100103450021,1,대지,345,21,충청남도 보령시 대천동 345-21,441803252047,충청남도 보령시 대흥로,78,,4418010100103450021015382,,충청남도 보령시 대흥로 78,355012,33455,,,,126.590964824478,36.3511974748102
MA010120220806136894,벤큐브,,G2,소매,G216,안경·정밀기기 소매,G21601,사무기기 소매업,G47821,사무용 기기 소매업,41,경기도,41250,동두천시,41250535,중앙동,4125010300,생연동,4125010300105890043,1,대지,589,43,경기도 동두천시 생연동 589-43,412503189012,경기도 동두천시 생연로,164,1,4125010300105890043006432,,경기도 동두천시 생연로 164-1,483800,11328,,,,127.052522594369,37.9071377525404
MA010120220806144868,신도리코서천점,,G2,소매,G216,안경·정밀기기 소매,G21601,사무기기 소매업,G47821,사무용 기기 소매업,44,충청남도,44770,서천군,44770253,서천읍,4477025321,서천읍,4477025321106270006,1,대지,627,6,충청남도 서천군 서천읍 군사리 627-6,447704580854,충청남도 서천군 서천읍 충절로81번길,12,,4477025321106270006029109,,충청남도 서천군 서천읍 충절로81번길 12,325802,33646,,1,,126.691801522172,36.0750487026015
MA010120220806131102,씨엔씨,,G2,소매,G216,안경·정밀기기 소매,G21601,사무기기 소매업,G47821,사무용 기기 소매업,43,충청북도,43113,청주시 흥덕구,43113760,강서1동,4311313900,석소동,4311313900100810003,1,대지,81,3,충청북도 청주시 흥덕구 석소동 81-3,431134512145,충청북도 청주시 흥덕구 가로수로725번길,26,,4311313900100810003000001,,충청북도 청주시 흥덕구 가로수로725번길 26,361340,28369,,,,127.381444165806,36.6228786286976
MA010120220806145351,새나라상사,,G2,소매,G216,안경·정밀기기 소매,G21601,사무기기 소매업,G47821,사무용 기기 소매업,44,충청남도,44180,보령시,44180525,대천2동,4418010100,대천동,4418010100101480009,1,대지,148,9,충청남도 보령시 대천동 148-9,441803252020,충청남도 보령시 보령북로,104,,4418010100101480009024092,,충청남도 보령시 보령북로 104,355930,33439,,,,126.595085121896,36.3536717122939
MA010120220806145758,스카이정보통신,,G2,소매,G216,안경·정밀기기 소매,G21601,사무기기 소매업,G47821,사무용 기기 소매업,44,충청남도,44180,보령시,44180545,대천4동,4418010600,궁촌동,4418010600103470000,1,대지,347,,충청남도 보령시 궁촌동 347,441804556619,충청남도 보령시 터미널길,8,,4418010600103470000013197,,충청남도 보령시 터미널길 8,355060,33458,,,,126.589473215838,36.3424780021343
MA010120220806151459,서림사무기,,G2,소매,G216,안경·정밀기기 소매,G21601,사무기기 소매업,G47821,사무용 기기 소매업,44,충청남도,44770,서천군,44770253,서천읍,4477025328,서천읍,4477025328107400000,1,대지,740,,충청남도 서천군 서천읍 삼산리 740,447704580299,충청남도 서천군 서천읍 삼산길,195,,4477025328107400000000001,,충청남도 서천군 서천읍 삼산길 195,325801,33649,,,,126.709778830771,36.0648647374882
MA010120220806144264,신도대천OA,,G2,소매,G216,안경·정밀기기 소매,G21601,사무기기 소매업,G47821,사무용 기기 소매업,44,충청남도,44180,보령시,44180535,대천3동,4418010400,동대동,4418010400112460000,1,대지,1246,,충청남도 보령시 동대동 1246,441803252020,충청남도 보령시 보령북로,17,1,4418010400112460000011761,,충청남도 보령시 보령북로 17-1,355936,33467,,,,126.602805496112,36.3493269292709
MA010120220806133279,선인오에이솔루션,,G2,소매,G216,안경·정밀기기 소매,G21601,사무기기 소매업,G47821,사무용 기기 소매업,44,충청남도,44200,아산시,44200570,온양1동,4420010100,온천동,4420010100114290001,1,대지,1429,1,충청남도 아산시 온천동 1429-1,442004559410,충청남도 아산시 시민로457번길,28,5,4420010100114290001040765,,충청남도 아산시 시민로457번길 28-5,336816,31508,,1,,126.998319452105,36.7893596222072
MA010120220806207524,오피스아이티,,G2,소매,G216,안경·정밀기기 소매,G21601,사무기기 소매업,G47821,사무용 기기 소매업,30,대전광역시,30230,대덕구,30230510,오정동,3023010100,오정동,3023010100102980005,1,대지,298,5,대전광역시 대덕구 오정동 298-5,302304304402,대전광역시 대덕구 오정로99번길,8,,3023010100102980005018490,일심빌딩,대전광역시 대덕구 오정로99번길 8,306820,34440,,,,127.407515714303,36.3546361381039
MA010120220806175195,신도훼밀리O.A,,G2,소매,G216,안경·정밀기기 소매,G21601,사무기기 소매업,G47821,사무용 기기 소매업,30,대전광역시,30170,서구,30170575,내동,3017011000,내동,3017011000100190024,1,대지,19,24,대전광역시 서구 내동 19-24,301703166017,대전광역시 서구 도솔로,257,,3017011000100190024014789,,대전광역시 서구 도솔로 257,302817,35289,,,,127.378098190135,36.3327801953303
MA010120220806183599,포스뱅크대전,,G2,소매,G216,안경·정밀기기 소매,G21601,사무기기 소매업,G47821,사무용 기기 소매업,30,대전광역시,30200,유성구,30200600,관평동,3020014400,용산동,3020014400105330001,1,대지,533,1,대전광역시 유성구 용산동 533-1,302003167072,대전광역시 유성구 테크노2로,187,,3020014400105330001002260,미건테크노월드,대전광역시 유성구 테크노2로 187,305509,34025,,,,127.405658192622,36.4238702071594
MA010120220806196809,드림O.A,,G2,소매,G216,안경·정밀기기 소매,G21601,사무기기 소매업,G47821,사무용 기기 소매업,30,대전광역시,30200,유성구,30200546,노은1동,3020011900,노은동,3020011900105560002,1,대지,556,2,대전광역시 유성구 노은동 556-2,302004301292,대전광역시 유성구 왕가봉로2번길,87,,3020011900105560002010386,위너스빌,대전광역시 유성구 왕가봉로2번길 87,305325,34145,,,,127.316257002739,36.3648975441328
MA010120220806206646,대영OA,,G2,소매,G216,안경·정밀기기 소매,G21601,사무기기 소매업,G47821,사무용 기기 소매업,30,대전광역시,30200,유성구,30200540,온천2동,3020011700,장대동,3020011700102810004,1,대지,281,4,대전광역시 유성구 장대동 281-4,302004301354,대전광역시 유성구 유성대로736번길,63,,3020011700102810005010374,,대전광역시 유성구 유성대로736번길 63,305308,34171,,,,127.337100199182,36.3587305912489
MA010120220807546705,디유,,G2,소매,G216,안경·정밀기기 소매,G21601,사무기기 소매업,G47821,사무용 기기 소매업,29,광주광역시,29200,광산구,29200680,삼도동,2920016000,삼거동,2920016000108450000,1,대지,845,,광주광역시 광산구 삼거동 845,292004858391,광주광역시 광산구 빛동2로가길,5,,2920016000108450000000001,,광주광역시 광산구 빛동2로가길 5,506458,62405,,,,126.671892053366,35.1654901467446
MA010120220807548927,모든유통,,G2,소매,G216,안경·정밀기기 소매,G21601,사무기기 소매업,G47821,사무용 기기 소매업,46,전라남도,46710,담양군,46710250,담양읍,4671025023,담양읍,4671025023100680008,1,대지,68,8,전라남도 담양군 담양읍 지침리 68-8,467104658353,전라남도 담양군 담양읍 지침1길,19,26,4671025023100680008010036,,전라남도 담양군 담양읍 지침1길 19-26,517804,57344,,,,126.98472483863,35.3194780162056
MA010120220807524409,아이피시스템,,G2,소매,G216,안경·정밀기기 소매,G21601,사무기기 소매업,G47821,사무용 기기 소매업,29,광주광역시,29170,북구,29170535,중흥동,2917010100,중흥동,2917010100103270005,1,대지,327,5,광주광역시 북구 중흥동 327-5,291703162041,광주광역시 북구 신흥로,28,3,2917010100103270005008343,,광주광역시 북구 신흥로 28-3,500874,61217,,,,126.90798963706,35.1704874390838
MA010120220807555202,서해P&S,,G2,소매,G216,안경·정밀기기 소매,G21601,사무기기 소매업,G47821,사무용 기기 소매업,52,전북특별자치도,52111,전주시 완산구,52111635,완산동,5211112300,서완산동1가,5211112300101120002,1,대지,112,2,전북특별자치도 전주시 완산구 서완산동1가 112-2,521114598293,전북특별자치도 전주시 완산구 유기전2길,2,3,4511112300101120002027649,,전북특별자치도 전주시 완산구 유기전2길 2-3,560151,55096,,,,127.136400379938,35.8086899149398
MA010120220807542245,하나O&C,,G2,소매,G216,안경·정밀기기 소매,G21601,사무기기 소매업,G47821,사무용 기기 소매업,29,광주광역시,29200,광산구,29200700,신창동,2920011800,신창동,2920011800112330002,1,대지,1233,2,광주광역시 광산구 신창동 1233-2,292004289397,광주광역시 광산구 신창로86번길,7,7,2920011800112330002000001,,광주광역시 광산구 신창로86번길 7-7,506841,62252,,1,,126.837745619848,35.1932720863856
MA010120220807545350,조은기획전산,,G2,소매,G216,안경·정밀기기 소매,G21601,사무기기 소매업,G47821,사무용 기기 소매업,29,광주광역시,29170,북구,29170510,중흥1동,2917010100,중흥동,2917010100106500018,1,대지,650,18,광주광역시 북구 중흥동 650-18,291704286693,광주광역시 북구 중흥로183번길,17,3,2917010100106500018009490,,광주광역시 북구 중흥로183번길 17-3,500877,61235,,2,,126.913860537476,35.1618477292074
MA010120220807555650,광주리소,,G2,소매,G216,안경·정밀기기 소매,G21601,사무기기 소매업,G47821,사무용 기기 소매업,29,광주광역시,29170,북구,29170590,용봉동,2917010700,용봉동,2917010700111520001,1,대지,1152,1,광주광역시 북구 용봉동 1152-1,291703162055,광주광역시 북구 용주로,45,,2917010700111520001025379,투인맨션,광주광역시 북구 용주로 45,500842,61178,,,,126.902387682843,35.1826964382367
MA010120220807580865,디지털시스템,,G2,소매,G216,안경·정밀기기 소매,G21601,사무기기 소매업,G47821,사무용 기기 소매업,29,광주광역시,29170,북구,29170676,오치1동,2917011500,오치동,2917011500109800019,1,대지,980,19,광주광역시 북구 오치동 980-19,291704286559,광주광역시 북구 우치로228번길,54,18,2917011500109800019000516,,광주광역시 북구 우치로228번길 54-18,500838,61130,,,,126.909201285622,35.1864874312289
MA010120220807597494,케이앤티크레딧남부,,G2,소매,G216,안경·정밀기기 소매,G21601,사무기기 소매업,G47821,사무용 기기 소매업,46,전라남도,46150,순천시,46150610,장천동,4615011900,장천동,4615011900100140002,1,대지,14,2,전라남도 순천시 장천동 14-2,461503282002,전라남도 순천시 강남로,51,,4615011900100140002008994,KT순천지사,전라남도 순천시 강남로 51,540959,57956,,,,127.490530145066,34.9500202292501
MA010120220807595092,사이버다인PC유통,,G2,소매,G216,안경·정밀기기 소매,G21601,사무기기 소매업,G47821,사무용 기기 소매업,29,광주광역시,29155,남구,29155705,진월동,2915510800,진월동,2915510800103460000,1,대지,346,,광주광역시 남구 진월동 346,291554283394,광주광역시 남구 서문대로749번마길,41,,2915510800103460000015616,,광주광역시 남구 서문대로749번마길 41,503841,61735,,1,,126.894615636803,35.1223979392089
MA010120220807601982,우리동네마트무한유통,,G2,소매,G216,안경·정밀기기 소매,G21601,사무기기 소매업,G47821,사무용 기기 소매업,29,광주광역시,29200,광산구,29200637,수완동,2920012300,장덕동,2920012300116570000,1,대지,1657,,광주광역시 광산구 장덕동 1657,292003163047,광주광역시 광산구 장신로,68,,2920012300116570000000001,,광주광역시 광산구 장신로 68,506304,62225,,,,126.817658045872,35.1905124066839
MA010120220807561362,신도하나OA,,G2,소매,G216,안경·정밀기기 소매,G21601,사무기기 소매업,G47821,사무용 기기 소매업,46,전라남도,46710,담양군,46710250,담양읍,4671025023,담양읍,4671025023100370002,1,대지,37,2,전라남도 담양군 담양읍 지침리 37-2,467103286019,전라남도 담양군 담양읍 추성로,1368,,4671025023100370002000001,,전라남도 담양군 담양읍 추성로 1368,517804,57345,,,,126.987869976832,35.3199560805925
MA010120220807605603,첨단OA,,G2,소매,G216,안경·정밀기기 소매,G21601,사무기기 소매업,G47821,사무용 기기 소매업,29,광주광역시,29200,광산구,29200626,첨단2동,2920011500,월계동,2920011500108950007,1,대지,895,7,광주광역시 광산구 월계동 895-7,292004289618,광주광역시 광산구 첨단중앙로67번길,7,14,2920011500108950007018367,,광주광역시 광산구 첨단중앙로67번길 7-14,506824,62268,,,,126.84215886108,35.2107100707684
MA010120220807604774,엔터O.A,,G2,소매,G216,안경·정밀기기 소매,G21601,사무기기 소매업,G47821,사무용 기기 소매업,29,광주광역시,29140,서구,29140824,금호2동,2914013000,금호동,2914013000109220007,1,대지,922,7,광주광역시 서구 금호동 922-7,291404280476,광주광역시 서구 화개1로1번길,10,11,2914013000109220007026440,,광주광역시 서구 화개1로1번길 10-11,502154,62011,,,,126.853437542119,35.1252755626303
MA010120220807635268,일신사무기,,G2,소매,G216,안경·정밀기기 소매,G21601,사무기기 소매업,G47821,사무용 기기 소매업,29,광주광역시,29140,서구,29140660,농성2동,2914010600,농성동,2914010600106510026,1,대지,651,26,광주광역시 서구 농성동 651-26,291404280051,광주광역시 서구 군분로236번길,8,,2914010600106510026016191,,광주광역시 서구 군분로236번길 8,502812,61981,,1,,126.882681305367,35.1517623767422
MA010120220807605190,금성복사문구,,G2,소매,G216,안경·정밀기기 소매,G21601,사무기기 소매업,G47821,사무용 기기 소매업,29,광주광역시,29110,동구,29110655,서남동,2911011800,서석동,2911011800101250006,1,대지,125,6,광주광역시 동구 서석동 125-6,291103009003,광주광역시 동구 백서로,157,,2911011800101250006011137,,광주광역시 동구 백서로 157,501824,61468,,1,,126.922263855691,35.1432673597084
MA010120220807605198,크로바정보,,G2,소매,G216,안경·정밀기기 소매,G21601,사무기기 소매업,G47821,사무용 기기 소매업,29,광주광역시,29110,동구,29110620,지산1동,2911011100,지산동,2911011100107030002,1,대지,703,2,광주광역시 동구 지산동 703-2,291104277253,광주광역시 동구 필문대로191번길,42,1,2911011100107030002009236,,광주광역시 동구 필문대로191번길 42-1,501838,61439,,,,126.936104441304,35.1534337885534
MA010120220807653948,에스텔레콤,서구점,G2,소매,G216,안경·정밀기기 소매,G21601,사무기기 소매업,G47821,사무용 기기 소매업,28,인천광역시,28260,서구,28260550,석남1동,2826011000,석남동,2826011000104560031,1,대지,456,31,인천광역시 서구 석남동 456-31,282603156005,인천광역시 서구 가정로,312,,2826011000104560031015570,,인천광역시 서구 가정로 312,404824,22784,,,,126.672912567043,37.5126826639361
MA010120220807683721,피씨랜드,,G2,소매,G216,안경·정밀기기 소매,G21601,사무기기 소매업,G47821,사무용 기기 소매업,30,대전광역시,30140,중구,30140560,중촌동,3014010400,중촌동,3014010400100200010,1,대지,20,10,대전광역시 중구 중촌동 20-10,301403010004,대전광역시 중구 대종로,708,,3014010400100200010018465,,대전광역시 중구 대종로 708,301840,34803,,,,127.409233149479,36.3421940629338
MA010120220807644573,대우통신광주점,,G2,소매,G216,안경·정밀기기 소매,G21601,사무기기 소매업,G47821,사무용 기기 소매업,29,광주광역시,29140,서구,29140770,화정2동,2914011900,화정동,2914011900106350047,1,대지,635,47,광주광역시 서구 화정동 635-47,291403160034,광주광역시 서구 염화로,167,,2914011900111950000021969,,광주광역시 서구 염화로 167,502840,62039,,,,126.882516839924,35.1440195280967
MA010120220807688335,하임카드체크,,G2,소매,G216,안경·정밀기기 소매,G21601,사무기기 소매업,G47821,사무용 기기 소매업,46,전라남도,46110,목포시,46110510,용당1동,4611010100,용당동,4611010100109650016,1,대지,965,16,전라남도 목포시 용당동 965-16,461104643295,전라남도 목포시 산정로186번길,13,,4611010100109650016000497,,전라남도 목포시 산정로186번길 13,530361,58649,,,,126.392246835185,34.8055032109363
MA010120220807653171,유킴스,코리아,G2,소매,G216,안경·정밀기기 소매,G21601,사무기기 소매업,G47821,사무용 기기 소매업,29,광주광역시,29140,서구,29140770,화정2동,2914011900,화정동,2914011900107700042,1,대지,770,42,광주광역시 서구 화정동 770-42,291404280168,광주광역시 서구 상무대로1080번길,12,,2914011900107700042023649,,광주광역시 서구 상무대로1080번길 12,502841,61980,,1,,126.880563629126,35.1514718725417
MA010120220807670652,비젼포스,,G2,소매,G216,안경·정밀기기 소매,G21601,사무기기 소매업,G47821,사무용 기기 소매업,29,광주광역시,29140,서구,29140824,금호2동,2914013000,금호동,2914013000109120001,1,대지,912,1,광주광역시 서구 금호동 912-1,291403160055,광주광역시 서구 화개1로,3,,2914013000109120001024719,,광주광역시 서구 화개1로 3,502858,62011,,,,126.854206478188,35.1247356716688
MA010120220800892029,라이카,,G2,소매,G216,안경·정밀기기 소매,G21601,사무기기 소매업,G47821,사무용 기기 소매업,41,경기도,41390,시흥시,41390621,과림동,4139011200,과림동,4139011200103200002,1,대지,320,2,경기도 시흥시 과림동 320-2,413904397122,경기도 시흥시 금오로480번길,15,,4139011200103200002000624,,경기도 시흥시 금오로480번길 15,429120,14926,,,,126.832319408051,37.4455310021729
MA010120220800939686,수제.Handmade,,G2,소매,G216,안경·정밀기기 소매,G21601,사무기기 소매업,G47821,사무용 기기 소매업,41,경기도,41273,안산시 단원구,41273535,호수동,4127310100,고잔동,4127310100107620004,1,대지,762,4,경기도 안산시 단원구 고잔동 762-4,412734373330,경기도 안산시 단원구 이삭3길,56,,4127310100107620004007367,청담빌딩,경기도 안산시 단원구 이삭3길 56,425809,15465,,1,,126.841166631233,37.3122818159948
MA010120220800900247,상승정보통신,,G2,소매,G216,안경·정밀기기 소매,G21601,사무기기 소매업,G47821,사무용 기기 소매업,11,서울특별시,11560,영등포구,11560535,영등포동,1156010300,영등포동2가,1156010300100940119,1,대지,94,119,서울특별시 영등포구 영등포동2가 94-119,115603118010,서울특별시 영등포구 버드나루로,50,,1156010300100940120033763,리버타워,서울특별시 영등포구 버드나루로 50,150901,07248,,,,126.911140641344,37.5231753323621
MA010120220800914119,신도디지탈센타,,G2,소매,G216,안경·정밀기기 소매,G21601,사무기기 소매업,G47821,사무용 기기 소매업,11,서울특별시,11560,영등포구,11560720,대림3동,1156013300,대림동,1156013300107380009,1,대지,738,9,서울특별시 영등포구 대림동 738-9,115604154177,서울특별시 영등포구 대림로35가길,22,,1156013300107380009001429,,서울특별시 영등포구 대림로35가길 22,150815,07412,,,,126.89805383614,37.4969725688395
MA010120220800949518,진영사무기,,G2,소매,G216,안경·정밀기기 소매,G21601,사무기기 소매업,G47821,사무용 기기 소매업,11,서울특별시,11530,구로구,11530595,가리봉동,1153010300,가리봉동,1153010300101310043,1,대지,131,43,서울특별시 구로구 가리봉동 131-43,115304148454,서울특별시 구로구 우마3길,44,,1153010300101310043015400,,서울특별시 구로구 우마3길 44,152801,08388,,1,,126.890736678821,37.4818291049054
MA010120220800943812,신도네트,구로점,G2,소매,G216,안경·정밀기기 소매,G21601,사무기기 소매업,G47821,사무용 기기 소매업,41,경기도,41390,시흥시,41390520,신천동,4139010200,신천동,4139010200108340014,1,대지,834,14,경기도 시흥시 신천동 834-14,413904397410,경기도 시흥시 신천6길,15,10,4139010200108340014007603,가운데코너,경기도 시흥시 신천6길 15-10,429826,14948,,1,,126.780688632592,37.436994970379
MA010120220801021639,피서플라이,,G2,소매,G216,안경·정밀기기 소매,G21601,사무기기 소매업,G47821,사무용 기기 소매업,11,서울특별시,11710,송파구,11710641,문정1동,1171010800,문정동,1171010800100630019,1,대지,63,19,서울특별시 송파구 문정동 63-19,117104169327,서울특별시 송파구 송파대로18길,9,,1171010800100630019004660,,서울특별시 송파구 송파대로18길 9,138826,05807,,1,,127.124871452647,37.485165390213
MA010120220800993956,스타쉽,코리아,G2,소매,G216,안경·정밀기기 소매,G21601,사무기기 소매업,G47821,사무용 기기 소매업,26,부산광역시,26440,강서구,26440520,대저2동,2644010200,대저2동,2644010200131380001,1,대지,3138,1,부산광역시 강서구 대저2동 3138-1,264403136075,부산광역시 강서구 유통단지1로,50,,2644010200131380001000001,부산티플렉스,부산광역시 강서구 유통단지1로 50,618899,46721,,,,128.954182358142,35.1703220301173
MA010120220801014505,지비솔루션,,G2,소매,G216,안경·정밀기기 소매,G21601,사무기기 소매업,G47821,사무용 기기 소매업,11,서울특별시,11545,금천구,11545620,독산2동,1154510200,독산동,1154510200110420001,1,대지,1042,1,서울특별시 금천구 독산동 1042-1,115454151138,서울특별시 금천구 독산로67길,9,,1154510200110420001010739,,서울특별시 금천구 독산로67길 9,153832,08618,,1,,126.90197427658,37.4651162200987
MA010120220801026045,LC강남영업소,,G2,소매,G216,안경·정밀기기 소매,G21601,사무기기 소매업,G47821,사무용 기기 소매업,11,서울특별시,11680,강남구,11680590,삼성2동,1168010500,삼성동,1168010500100350009,1,대지,35,9,서울특별시 강남구 삼성동 35-9,116803122006,서울특별시 강남구 선릉로,610,,1168010500100350009016302,성림,서울특별시 강남구 선릉로 610,135867,06097,,,,127.043749704538,37.5113794917548
MA010120220801015722,봄봄유통,,G2,소매,G216,안경·정밀기기 소매,G21601,사무기기 소매업,G47821,사무용 기기 소매업,11,서울특별시,11410,서대문구,11410585,신촌동,1141011600,창천동,1141011600101120012,1,대지,112,12,서울특별시 서대문구 창천동 112-12,114103005057,서울특별시 서대문구 신촌로,51,,1141011600101120012022671,,서울특별시 서대문구 신촌로 51,120835,03786,,,,126.932275665619,37.556994856126
MA010120220801027874,서일씨엔씨,,G2,소매,G216,안경·정밀기기 소매,G21601,사무기기 소매업,G47821,사무용 기기 소매업,41,경기도,41131,성남시 수정구,41131620,복정동,4113110700,복정동,4113110700106310000,1,대지,631,,경기도 성남시 수정구 복정동 631,411314334277,경기도 성남시 수정구 성남대로1542번길,23,8,4113110700106310000000002,,경기도 성남시 수정구 성남대로1542번길 23-8,461830,13113,,,,127.129476743946,37.4675096640639
MA010120220801048689,와이디솔루션,,G2,소매,G216,안경·정밀기기 소매,G21601,사무기기 소매업,G47821,사무용 기기 소매업,11,서울특별시,11680,강남구,11680650,역삼2동,1168010100,역삼동,1168010100107320001,1,대지,732,1,서울특별시 강남구 역삼동 732-1,116804166614,서울특별시 강남구 언주로75길,33,,1168010100107320001024215,굿모닝스위트홈,서울특별시 강남구 언주로75길 33,135514,06225,,,,127.041887232451,37.4979191469402
MA010120220801084421,오에이시스템,,G2,소매,G216,안경·정밀기기 소매,G21601,사무기기 소매업,G47821,사무용 기기 소매업,28,인천광역시,28200,남동구,28200710,논현고잔동,2820011100,고잔동,2820011100106480001,1,대지,648,1,인천광역시 남동구 고잔동 648-1,282003008031,인천광역시 남동구 호구포로,189,,2820011100106480001015142,남동테크노타워,인천광역시 남동구 호구포로 189,405817,21644,,9,,126.707666938001,37.4004178848187
MA010120220801081761,현교솔루션,,G2,소매,G216,안경·정밀기기 소매,G21601,사무기기 소매업,G47821,사무용 기기 소매업,28,인천광역시,28110,중구,28110530,신포동,2811011600,항동5가,2811011600100030000,1,대지,3,,인천광역시 중구 항동5가 3,281103149064,인천광역시 중구 제물량로,201,1,2811011600100030000205477,,인천광역시 중구 제물량로 201-1,400080,22313,,,,126.621578505726,37.4712003842283
MA010120220801046745,이노텍,,G2,소매,G216,안경·정밀기기 소매,G21601,사무기기 소매업,G47821,사무용 기기 소매업,11,서울특별시,11680,강남구,11680630,대치4동,1168010600,대치동,1168010600108990009,1,대지,899,9,서울특별시 강남구 대치동 899-9,116804166492,서울특별시 강남구 선릉로76길,9,20,1168010600108990009012892,,서울특별시 강남구 선릉로76길 9-20,135840,06198,,,,127.051219898053,37.5023574288434
MA010120220801085161,컴나라잉크나라,,G2,소매,G216,안경·정밀기기 소매,G21601,사무기기 소매업,G47821,사무용 기기 소매업,28,인천광역시,28200,남동구,28200530,간석1동,2820010200,간석동,2820010200105190004,1,대지,519,4,인천광역시 남동구 간석동 519-4,282004259028,인천광역시 남동구 경인로524번길,24,,2820010200105190004002694,한진아파트,인천광역시 남동구 경인로524번길 24,405714,21552,,1,,126.697759638029,37.4600580883921
MA010120220801082315,한국시스템,,G2,소매,G216,안경·정밀기기 소매,G21601,사무기기 소매업,G47821,사무용 기기 소매업,28,인천광역시,28110,중구,28110560,도원동,2811013200,도원동,2811013200100280038,1,대지,28,38,인천광역시 중구 도원동 28-38,281103149014,인천광역시 중구 도원로,32,,2811013200100280038167253,,인천광역시 중구 도원로 32,400140,22327,,,,126.637457926829,37.4672406947416
MA010120220802759980,디지털O.A,,G2,소매,G216,안경·정밀기기 소매,G21601,사무기기 소매업,G47821,사무용 기기 소매업,41,경기도,41287,고양시 일산서구,41287610,가좌동,4128710700,구산동,4128710700103720003,1,대지,372,3,경기도 고양시 일산서구 구산동 372-3,412873194007,경기도 고양시 일산서구 구산로,114,,4128710700103720003000814,,경기도 고양시 일산서구 구산로 114,411800,10201,,,,126.704376888763,37.6935847334698
MA010120220802771362,모든C&C,,G2,소매,G216,안경·정밀기기 소매,G21601,사무기기 소매업,G47821,사무용 기기 소매업,41,경기도,41287,고양시 일산서구,41287600,덕이동,4128710500,덕이동,4128710500102770004,1,대지,277,4,경기도 고양시 일산서구 덕이동 277-4,412873012061,경기도 고양시 일산서구 경의로,873,,4128710500102770004007193,,경기도 고양시 일산서구 경의로 873,411808,10233,,2,,126.759463095497,37.6955749797472
MA010120220802765297,아름다운VAN,,G2,소매,G216,안경·정밀기기 소매,G21601,사무기기 소매업,G47821,사무용 기기 소매업,11,서울특별시,11500,강서구,11500603,가양1동,1150010400,가양동,1150010400114980000,1,대지,1498,,서울특별시 강서구 가양동 1498,115003115008,서울특별시 강서구 양천로,401,,1150010400100520007000001,강서한강자이타워,서울특별시 강서구 양천로 401,157201,07528,,3,,126.847647828913,37.5657006958558
MA010120220802858530,전자담배멀티샵,,G2,소매,G216,안경·정밀기기 소매,G21601,사무기기 소매업,G47821,사무용 기기 소매업,41,경기도,41590,화성시,41590262,남양읍,4159026221,남양읍,4159026221112160001,1,대지,1216,1,경기도 화성시 남양읍 남양리 1216-1,415904430215,경기도 화성시 남양읍 남양시장로66번길,9,6,4159010100112160001004024,,경기도 화성시 남양읍 남양시장로66번길 9-6,445851,18261,,1,,126.817389243933,37.2085286280928
MA010120220802812275,네오포스,,G2,소매,G216,안경·정밀기기 소매,G21601,사무기기 소매업,G47821,사무용 기기 소매업,41,경기도,41465,용인시 수지구,41465520,풍덕천2동,4146510100,풍덕천동,4146510100110180000,1,대지,1018,,경기도 용인시 수지구 풍덕천동 1018,414653205018,경기도 용인시 수지구 정평로,73,,4146510100110180000026344,신정마을임광3단지,경기도 용인시 수지구 정평로 73,448989,16839,,6,,127.088025311015,37.3231320318792
MA010120220802822518,프린터온,용인점,G2,소매,G216,안경·정밀기기 소매,G21601,사무기기 소매업,G47821,사무용 기기 소매업,41,경기도,41463,용인시 기흥구,41463520,구갈동,4146310200,구갈동,4146310200103470003,1,대지,347,3,경기도 용인시 기흥구 구갈동 347-3,414634412039,경기도 용인시 기흥구 관곡로64번길,4,7,4146310200103470003023248,,경기도 용인시 기흥구 관곡로64번길 4-7,446569,16972,,,,127.112346175056,37.2825377986809
MA010120220802882798,제일정보통신,,G2,소매,G216,안경·정밀기기 소매,G21601,사무기기 소매업,G47821,사무용 기기 소매업,41,경기도,41194,부천시 소사구,41194590,송내1동,4119410500,송내동,4119410500104090000,1,대지,409,,경기도 부천시 소사구 송내동 409,411943000028,경기도 부천시 소사구 경인로,20,,4119710500104090000000017,송내자이아파트,경기도 부천시 소사구 경인로 20,422834,14743,,1,,126.757003291238,37.4829271978538
MA010120220802883179,신도사무기,,G2,소매,G216,안경·정밀기기 소매,G21601,사무기기 소매업,G47821,사무용 기기 소매업,26,부산광역시,26410,금정구,26410580,부곡2동,2641010900,부곡동,2641010900102940001,1,대지,294,1,부산광역시 금정구 부곡동 294-1,264103006035,부산광역시 금정구 부곡로,140,,2641010900102940001021017,금정프라자,부산광역시 금정구 부곡로 140,609823,46271,,6,,129.092315127825,35.2282469292444
MA010120220802902875,비티솔루션,,G2,소매,G216,안경·정밀기기 소매,G21601,사무기기 소매업,G47821,사무용 기기 소매업,41,경기도,41210,광명시,41210655,일직동,4121010600,일직동,4121010600105150001,1,대지,515,1,경기도 광명시 일직동 515-1,412103351807,경기도 광명시 새빛공원로,67,,4121010600105150001000001,광명역자이타워,경기도 광명시 새빛공원로 67,423090,14348,,,,126.888386922471,37.4196750177163
MA010120220802897442,월드밴넷,,G2,소매,G216,안경·정밀기기 소매,G21601,사무기기 소매업,G47821,사무용 기기 소매업,11,서울특별시,11530,구로구,11530800,항동,1153011200,항동,1153011200102460001,1,대지,246,1,서울특별시 구로구 항동 246-1,115303185018,서울특별시 구로구 부광로,88,,1153011200200510001000002,,서울특별시 구로구 부광로 88,152140,08362,,9,,126.816839183281,37.4772326174633
MA010120220802862643,만사형통,,G2,소매,G216,안경·정밀기기 소매,G21601,사무기기 소매업,G47821,사무용 기기 소매업,41,경기도,41610,광주시,41610259,곤지암읍,4161025936,곤지암읍,4161025936101510002,1,대지,151,2,경기도 광주시 곤지암읍 삼리 151-2,416102012002,경기도 광주시 곤지암읍 경충대로,811,2,4161025636101510002000001,제,경기도 광주시 곤지암읍 경충대로 811-2,464937,12805,,,,127.320949584116,37.3574821089747
MA010120220802890794,올포인트주,,G2,소매,G216,안경·정밀기기 소매,G21601,사무기기 소매업,G47821,사무용 기기 소매업,41,경기도,41135,성남시 분당구,41135680,운중동,4113511500,운중동,4113511500109410000,1,대지,941,,경기도 성남시 분당구 운중동 941,411353180046,경기도 성남시 분당구 운중로,140,,4113511500109410000000001,메트로골드,경기도 성남시 분당구 운중로 140,463440,13466,,,,127.078540069551,37.3912564035652
MA010120220802924416,지피솔루션,,G2,소매,G216,안경·정밀기기 소매,G21601,사무기기 소매업,G47821,사무용 기기 소매업,29,광주광역시,29140,서구,29140745,치평동,2914012000,치평동,2914012000112080010,1,대지,1208,10,광주광역시 서구 치평동 1208-10,291403160019,광주광역시 서구 상무시민로,129,,2914012000112080010024910,,광주광역시 서구 상무시민로 129,502827,61946,,3,,126.853284633528,35.1554709899399
MA010120220802920522,오수,,G2,소매,G216,안경·정밀기기 소매,G21601,사무기기 소매업,G47821,사무용 기기 소매업,41,경기도,41390,시흥시,41390650,거북섬동,4139013200,정왕동,4139013200127030014,1,대지,2703,14,경기도 시흥시 정왕동 2703-14,413904855375,경기도 시흥시 거북섬1길,22,,4139013200127030014000001,퍼스트에비뉴,경기도 시흥시 거북섬1길 22,429450,15119,,3,,126.676257091332,37.3271729797812
MA010120220802932790,아인스정보통신,,G2,소매,G216,안경·정밀기기 소매,G21601,사무기기 소매업,G47821,사무용 기기 소매업,41,경기도,41220,평택시,41220590,신평동,4122011700,합정동,4122011700109310007,1,대지,931,7,경기도 평택시 합정동 931-7,412204364694,경기도 평택시 조개터로2번길,87,8,4122011700109310007017404,,경기도 평택시 조개터로2번길 87-8,450020,17915,,,,127.103857018673,36.9875110085363
MA010120220804446915,신도강남사무기,,G2,소매,G216,안경·정밀기기 소매,G21601,사무기기 소매업,G47821,사무용 기기 소매업,11,서울특별시,11680,강남구,11680656,도곡2동,1168011800,도곡동,1168011800104240012,1,대지,424,12,서울특별시 강남구 도곡동 424-12,116804166169,서울특별시 강남구 논현로26길,21,,1168011800104240012001230,화인빌딩,서울특별시 강남구 논현로26길 21,135855,06302,,,,127.044264407479,37.4827543233652
MA010120220804443833,신도디지털,,G2,소매,G216,안경·정밀기기 소매,G21601,사무기기 소매업,G47821,사무용 기기 소매업,11,서울특별시,11680,강남구,11680655,도곡1동,1168011800,도곡동,1168011800105520012,1,대지,552,12,서울특별시 강남구 도곡동 552-12,116804166031,서울특별시 강남구 강남대로58길,45,,1168011800105520013000214,명성빌딩,서울특별시 강남구 강남대로58길 45,135858,06260,,,,127.035697753535,37.4902536099697
MA010120220804450678,신도디지털,,G2,소매,G216,안경·정밀기기 소매,G21601,사무기기 소매업,G47821,사무용 기기 소매업,11,서울특별시,11680,강남구,11680531,논현2동,1168010800,논현동,1168010800102190024,1,대지,219,24,서울특별시 강남구 논현동 219-24,116804166790,서울특별시 강남구 학동로30길,43,20,1168010800102190024007559,상지빌딩,서울특별시 강남구 학동로30길 43-20,135829,06106,,1,,127.034542967589,37.5117159145617
MA010120220804467814,비즈솔루션,,G2,소매,G216,안경·정밀기기 소매,G21601,사무기기 소매업,G47821,사무용 기기 소매업,11,서울특별시,11650,서초구,11650510,서초1동,1165010800,서초동,1165010800114450003,1,대지,1445,3,서울특별시 서초구 서초동 1445-3,116503121021,서울특별시 서초구 효령로,304,,1165010800114450003024144,국제전자센터,서울특별시 서초구 효령로 304,137728,06720,,8,,127.017807990612,37.4847344817979
MA010120220804454010,선진하이테크,,G2,소매,G216,안경·정밀기기 소매,G21601,사무기기 소매업,G47821,사무용 기기 소매업,11,서울특별시,11680,강남구,11680690,개포4동,1168010300,개포동,1168010300112610004,1,대지,1261,4,서울특별시 강남구 개포동 1261-4,116804166061,서울특별시 강남구 개포로31길,15,3,1168010300102610004020329,자성빌,서울특별시 강남구 개포로31길 15-3,135965,06306,,,,127.049022506592,37.4798782266017
MA010120220804460710,신도네트대치지점,,G2,소매,G216,안경·정밀기기 소매,G21601,사무기기 소매업,G47821,사무용 기기 소매업,11,서울특별시,11680,강남구,11680630,대치4동,1168010600,대치동,1168010600109170000,1,대지,917,,서울특별시 강남구 대치동 917,116804166491,서울특별시 강남구 선릉로72길,42,,1168010600109170000013307,아전빌딩,서울특별시 강남구 선릉로72길 42,135843,06200,,1,,127.054600332798,37.500914305528
MA010120220804441245,O.A시스템,,G2,소매,G216,안경·정밀기기 소매,G21601,사무기기 소매업,G47821,사무용 기기 소매업,11,서울특별시,11650,서초구,11650510,서초1동,1165010800,서초동,1165010800116660011,1,대지,1666,11,서울특별시 서초구 서초동 1666-11,116504163420,서울특별시 서초구 서초대로56길,34,,1165010800116660011024407,,서울특별시 서초구 서초대로56길 34,137881,06633,,1,,127.017312412551,37.4930328374281
MA010120220804441522,라노스사무용가구,,G2,소매,G216,안경·정밀기기 소매,G21601,사무기기 소매업,G47821,사무용 기기 소매업,11,서울특별시,11650,서초구,11650651,양재1동,1165010200,양재동,1165010200100030009,1,대지,3,9,서울특별시 서초구 양재동 3-9,116503121022,서울특별시 서초구 논현로,155,,1165010200100030009005106,광성빌딩,서울특별시 서초구 논현로 155,137886,06740,,1,,127.041879193146,37.4835210502322
MA010120220804455932,디지털디앤씨,,G2,소매,G216,안경·정밀기기 소매,G21601,사무기기 소매업,G47821,사무용 기기 소매업,11,서울특별시,11680,강남구,11680690,개포4동,1168010300,개포동,1168010300112500005,1,대지,1250,5,서울특별시 강남구 개포동 1250-5,116804166052,서울특별시 강남구 개포로17길,22,,1168010300102500005020289,,서울특별시 강남구 개포로17길 22,135965,06303,,1,,127.046761484394,37.4801404357081
MA010120220804490347,동방오에이에스,,G2,소매,G216,안경·정밀기기 소매,G21601,사무기기 소매업,G47821,사무용 기기 소매업,11,서울특별시,11140,중구,11140625,다산동,1114016200,신당동,1114016200103570003,1,대지,357,3,서울특별시 중구 신당동 357-3,111404103092,서울특별시 중구 동호로15길,21,7,1114016200103570003008197,,서울특별시 중구 동호로15길 21-7,100828,04598,,,,127.008963408662,37.5561039314751
MA010120220804505788,코콜,,G2,소매,G216,안경·정밀기기 소매,G21601,사무기기 소매업,G47821,사무용 기기 소매업,51,강원특별자치도,51110,춘천시,51110611,후평3동,5111012000,후평동,5111012000108800001,1,대지,880,1,강원특별자치도 춘천시 후평동 880-1,511104454807,강원특별자치도 춘천시 후만로126번길,34,,4211012000108800001032993,,강원특별자치도 춘천시 후만로126번길 34,200963,24307,,2,,127.759571420574,37.8745535256116
MA010120220804502344,연합사무기계상사,,G2,소매,G216,안경·정밀기기 소매,G21601,사무기기 소매업,G47821,사무용 기기 소매업,51,강원특별자치도,51110,춘천시,51110390,동내면,5111039021,동내면,5111039021109760002,1,대지,976,2,강원특별자치도 춘천시 동내면 거두리 976-2,511104454028,강원특별자치도 춘천시 동내면 거두택지길4번길,19,4,4211039021109760002044952,,강원특별자치도 춘천시 동내면 거두택지길4번길 19-4,200883,24405,,1,,127.753401410359,37.8512680651171
MA010120220804492510,오피스솔루션주,,G2,소매,G216,안경·정밀기기 소매,G21601,사무기기 소매업,G47821,사무용 기기 소매업,11,서울특별시,11680,강남구,11680640,역삼1동,1168010100,역삼동,1168010100107960008,1,대지,796,8,서울특별시 강남구 역삼동 796-8,116804166220,서울특별시 강남구 도곡로21길,24,,1168010100107960008025695,,서울특별시 강남구 도곡로21길 24,135930,06257,,,,127.038673332947,37.4935683803059
MA010120220804474587,에이치엘정보,,G2,소매,G216,안경·정밀기기 소매,G21601,사무기기 소매업,G47821,사무용 기기 소매업,43,충청북도,43130,충주시,43130400,동량면,4313040027,동량면,4313040027115380001,1,대지,1538,1,충청북도 충주시 동량면 대전리 1538-1,431304514661,충청북도 충주시 동량면 사천새터길,49,,4313040027115380001000001,,충청북도 충주시 동량면 사천새터길 49,380812,27443,,,,127.93236564578,37.0353538329985
MA010120220804514025,디지털비전사무기,,G2,소매,G216,안경·정밀기기 소매,G21601,사무기기 소매업,G47821,사무용 기기 소매업,51,강원특별자치도,51110,춘천시,51110640,효자3동,5111011200,효자동,5111011200107530021,1,대지,753,21,강원특별자치도 춘천시 효자동 753-21,511104454330,강원특별자치도 춘천시 삭주로70번길,41,,4211011200107530021028087,,강원특별자치도 춘천시 삭주로70번길 41,200950,24259,,1,,127.739859747477,37.879886426306
MA010120220804538727,첨단OA,,G2,소매,G216,안경·정밀기기 소매,G21601,사무기기 소매업,G47821,사무용 기기 소매업,51,강원특별자치도,51110,춘천시,51110660,퇴계동,5111012300,퇴계동,5111012300101950019,1,대지,195,19,강원특별자치도 춘천시 퇴계동 195-19,511103218006,강원특별자치도 춘천시 김유정로,1869,,4211012300101950002015717,,강원특별자치도 춘천시 김유정로 1869,200943,24432,,,,127.735621203533,37.8537139014791
MA010120220804522592,프라자OA,,G2,소매,G216,안경·정밀기기 소매,G21601,사무기기 소매업,G47821,사무용 기기 소매업,51,강원특별자치도,51110,춘천시,51110600,후평1동,5111012000,후평동,5111012000105580001,1,대지,558,1,강원특별자치도 춘천시 후평동 558-1,511104454822,강원특별자치도 춘천시 후석로420번길,7,,4211012000105580001034406,춘천하이테크타워,강원특별자치도 춘천시 후석로420번길 7,200959,24232,,,,127.744941210117,37.8878456160021
MA010120220804564073,신도태백센터,,G2,소매,G216,안경·정밀기기 소매,G21601,사무기기 소매업,G47821,사무용 기기 소매업,51,강원특별자치도,51190,태백시,51190515,황지동,5119010100,황지동,5119010100100790008,1,대지,79,8,강원특별자치도 태백시 황지동 79-8,511903222013,강원특별자치도 태백시 황지로,56,,4219010100100790008002248,,강원특별자치도 태백시 황지로 56,235800,26021,,,,128.991595630189,37.1637899514506
MA010120220804556779,영동종합사무기,,G2,소매,G216,안경·정밀기기 소매,G21601,사무기기 소매업,G47821,사무용 기기 소매업,51,강원특별자치도,51170,동해시,51170510,천곡동,5117010100,천곡동,5117010100103730003,1,대지,373,3,강원특별자치도 동해시 천곡동 373-3,511703221015,강원특별자치도 동해시 동굴로,23,,4217010100003730003012544,,강원특별자치도 동해시 동굴로 23,240808,25775,,,,129.106795337811,37.5166041092738
MA010120220804578555,신한정보통신,,G2,소매,G216,안경·정밀기기 소매,G21601,사무기기 소매업,G47821,사무용 기기 소매업,43,충청북도,43114,청주시 청원구,43114550,오근장동,4311410500,주성동,4311410500104220000,1,대지,422,,충청북도 청주시 청원구 주성동 422,431144571735,충청북도 청주시 청원구 율량로138번길,42,1,4311113100101420007000001,,충청북도 청주시 청원구 율량로138번길 42-1,363215,28318,,,,127.497863530464,36.6710467937479
MA010120220804559255,동해OA디자인,,G2,소매,G216,안경·정밀기기 소매,G21601,사무기기 소매업,G47821,사무용 기기 소매업,51,강원특별자치도,51170,동해시,51170600,북평동,5117011300,구미동,5117011300105190001,1,대지,519,1,강원특별자치도 동해시 구미동 519-1,511704463022,강원특별자치도 동해시 구미3길,9,1,4217011300005190001006879,,강원특별자치도 동해시 구미3길 9-1,240200,25792,,,,129.129068790634,37.4817562718607
MA010120220805895447,신도리코,구미점,G2,소매,G216,안경·정밀기기 소매,G21601,사무기기 소매업,G47821,사무용 기기 소매업,47,경상북도,47190,구미시,47190680,진미동,4719012500,임수동,4719012500100920009,1,대지,92,9,경상북도 구미시 임수동 92-9,471903018095,경상북도 구미시 3공단1로,302,7,4719012500100920009008041,구미공구상가,경상북도 구미시 3공단1로 302-7,730720,39391,,2,,128.402646516423,36.1098790445333
MA010120220805916486,현진OA,,G2,소매,G216,안경·정밀기기 소매,G21601,사무기기 소매업,G47821,사무용 기기 소매업,44,충청남도,44250,계룡시,44250315,엄사면,4425031521,엄사면,4425031521103660011,1,대지,366,11,충청남도 계룡시 엄사면 엄사리 366-11,442504568019,충청남도 계룡시 엄사면 번영10길,35,4,4425031521103660011003301,,충청남도 계룡시 엄사면 번영10길 35-4,321931,32808,,,,127.237215870694,36.2851998101173
MA010120220805909973,태양종합사무기,,G2,소매,G216,안경·정밀기기 소매,G21601,사무기기 소매업,G47821,사무용 기기 소매업,44,충청남도,44230,논산시,44230510,취암동,4423010500,취암동,4423010500105810007,1,대지,581,7,충청남도 논산시 취암동 581-7,442303255045,충청남도 논산시 시민로,417,,4423010500105810006044213,,충청남도 논산시 시민로 417,320803,32954,,,,127.086252461549,36.2015926888727
MA010120220805891255,문경엠케이포스,,G2,소매,G216,안경·정밀기기 소매,G21601,사무기기 소매업,G47821,사무용 기기 소매업,11,서울특별시,11215,광진구,11215810,광장동,1121510400,광장동,1121510400101020000,1,대지,102,,서울특별시 광진구 광장동 102,112154112359,서울특별시 광진구 아차산로78길,75,,1121510400101020000024668,현대골든텔,서울특별시 광진구 아차산로78길 75,143802,04969,,,,127.110983377998,37.5515921740355
MA010120220805912206,현대OA,,G2,소매,G216,안경·정밀기기 소매,G21601,사무기기 소매업,G47821,사무용 기기 소매업,44,충청남도,44230,논산시,44230510,취암동,4423010500,취암동,4423010500106160008,1,대지,616,8,충청남도 논산시 취암동 616-8,442304565890,충청남도 논산시 해월로168번길,40,,4423010500106160004043270,,충청남도 논산시 해월로168번길 40,320803,32969,,,,127.088679852777,36.204591920483
MA010120220805911183,중앙OA,,G2,소매,G216,안경·정밀기기 소매,G21601,사무기기 소매업,G47821,사무용 기기 소매업,44,충청남도,44230,논산시,44230310,성동면,4423031025,성동면,4423031025105430013,1,대지,543,13,충청남도 논산시 성동면 우곤리 543-13,442304565683,충청남도 논산시 성동면 우곤3길,140,2,4423031025105430013025658,,충청남도 논산시 성동면 우곤3길 140-2,320941,32929,,,,126.996641792535,36.2057241935481
MA010120220805927432,우리사무기,,G2,소매,G216,안경·정밀기기 소매,G21601,사무기기 소매업,G47821,사무용 기기 소매업,44,충청남도,44230,논산시,44230410,은진면,4423041027,은진면,4423041027101140016,1,대지,114,16,충청남도 논산시 은진면 와야리 114-16,442303255048,충청남도 논산시 은진면 대학로,148,,4423041027101140016012537,,충청남도 논산시 은진면 대학로 148,320821,32998,,,,127.113744208972,36.1818693934553
MA010120220805962786,신도리코로컬사무기,,G2,소매,G216,안경·정밀기기 소매,G21601,사무기기 소매업,G47821,사무용 기기 소매업,41,경기도,41670,여주시,41670520,중앙동,4167010300,창동,4167010300101330003,1,대지,133,3,경기도 여주시 창동 133-3,416703214042,경기도 여주시 여흥로,98,,4173025023101330003057760,,경기도 여주시 여흥로 98,469103,12627,,,,127.634095729663,37.295579440975
MA010120220805936548,오에이,코리아,G2,소매,G216,안경·정밀기기 소매,G21601,사무기기 소매업,G47821,사무용 기기 소매업,44,충청남도,44200,아산시,44200253,배방읍,4420025325,배방읍,4420025325113280000,1,대지,1328,,충청남도 아산시 배방읍 북수리 1328,442004559192,충청남도 아산시 배방읍 배방로229번길,32,5,4420025325113280000000001,,충청남도 아산시 배방읍 배방로229번길 32-5,336851,31492,,,,127.071733308637,36.7733972726698
MA010120220805931729,고려사무기,,G2,소매,G216,안경·정밀기기 소매,G21601,사무기기 소매업,G47821,사무용 기기 소매업,44,충청남도,44760,부여군,44760250,부여읍,4476025028,부여읍,4476025028106660001,1,대지,666,1,충청남도 부여군 부여읍 동남리 666-1,447603259175,충청남도 부여군 부여읍 정림로,62,,4476025028106660001022192,,충청남도 부여군 부여읍 정림로 62,323806,33154,,,,126.912483730047,36.2780313271065
MA010120220805965417,지이티,,G2,소매,G216,안경·정밀기기 소매,G21601,사무기기 소매업,G47821,사무용 기기 소매업,11,서울특별시,11650,서초구,11650520,서초2동,1165010800,서초동,1165010800113550008,1,대지,1355,8,서울특별시 서초구 서초동 1355-8,116503121016,서울특별시 서초구 서운로,13,,1165010800113550008022759,,서울특별시 서초구 서운로 13,137862,06732,,18,,127.028979179142,37.4852728749369
MA010120220805975344,성보OA상사,,G2,소매,G216,안경·정밀기기 소매,G21601,사무기기 소매업,G47821,사무용 기기 소매업,44,충청남도,44790,청양군,44790250,청양읍,4479025021,청양읍,4479025021102200019,1,대지,220,19,충청남도 청양군 청양읍 읍내리 220-19,447904583259,충청남도 청양군 청양읍 중앙로13길,9,,4479025021102200019003920,,충청남도 청양군 청양읍 중앙로13길 9,345804,33330,,,,126.802287050584,36.453133788924
MA010120220805974019,서산사무기,,G2,소매,G216,안경·정밀기기 소매,G21601,사무기기 소매업,G47821,사무용 기기 소매업,44,충청남도,44210,서산시,44210525,동문1동,4421010200,동문동,4421010200104020007,1,대지,402,7,충청남도 서산시 동문동 402-7,442103254105,충청남도 서산시 안견로,137,1,4421010200104020007031725,,충청남도 서산시 안견로 137-1,356802,31977,,,,126.459481641975,36.7862302210357
MA010120220805972743,신홍성종합사무기기,,G2,소매,G216,안경·정밀기기 소매,G21601,사무기기 소매업,G47821,사무용 기기 소매업,44,충청남도,44800,홍성군,44800250,홍성읍,4480025022,홍성읍,4480025022103750000,1,대지,375,,충청남도 홍성군 홍성읍 대교리 375,448003252053,충청남도 홍성군 홍성읍 충서로,1593,,4480025022103750000050577,,충청남도 홍성군 홍성읍 충서로 1593,350805,32218,,,,126.668838908524,36.605069337275
MA010120220805974211,신도서산오에이,,G2,소매,G216,안경·정밀기기 소매,G21601,사무기기 소매업,G47821,사무용 기기 소매업,44,충청남도,44210,서산시,44210510,부춘동,4421010100,읍내동,4421010100101830001,1,대지,183,1,충청남도 서산시 읍내동 183-1,442103254008,충청남도 서산시 고운로,119,,4421010100102140005035956,,충청남도 서산시 고운로 119,356836,31985,,,,126.449904453371,36.7813293688655
MA010120220806022358,제이유통,,G2,소매,G216,안경·정밀기기 소매,G21601,사무기기 소매업,G47821,사무용 기기 소매업,41,경기도,41590,화성시,41590586,동탄2동,4159012700,반송동,4159012700101420006,1,대지,142,6,경기도 화성시 반송동 142-6,415903210001,경기도 화성시 10용사로,456,,4159012700101320000000001,,경기도 화성시 10용사로 456,445160,18439,,3,,127.065801698768,37.1966671225182
MA010120220806009412,당진OA,,G2,소매,G216,안경·정밀기기 소매,G21601,사무기기 소매업,G47821,사무용 기기 소매업,44,충청남도,44270,당진시,44270520,당진2동,4427010200,채운동,4427010200100250007,1,대지,25,7,충청남도 당진시 채운동 25-7,442703265069,충청남도 당진시 아미로,844,,4483025022100250007084993,,충청남도 당진시 아미로 844,343926,31783,,,,126.632071121366,36.883325222633
MA010120220806003163,예당oa,,G2,소매,G216,안경·정밀기기 소매,G21601,사무기기 소매업,G47821,사무용 기기 소매업,44,충청남도,44810,예산군,44810250,예산읍,4481025021,예산읍,4481025021105930005,1,대지,593,5,충청남도 예산군 예산읍 예산리 593-5,448103263054,충청남도 예산군 예산읍 사직로,32,,4481025021105930005005506,,충청남도 예산군 예산읍 사직로 32,340804,32435,,,,126.848737206049,36.6821200920545
MA010120220807388994,토탈시스템,,G2,소매,G216,안경·정밀기기 소매,G21601,사무기기 소매업,G47821,사무용 기기 소매업,46,전라남도,46130,여수시,46130600,충무동,4613011000,충무동,4613011000103220002,1,대지,322,2,전라남도 여수시 충무동 322-2,461303282075,전라남도 여수시 충무로,79,6,4613011000103220002071599,,전라남도 여수시 충무로 79-6,550100,59733,,,,127.730106687002,34.7435721008409
MA010120220807403994,은혜사무기상사,,G2,소매,G216,안경·정밀기기 소매,G21601,사무기기 소매업,G47821,사무용 기기 소매업,52,전북특별자치도,52720,진안군,52720250,진안읍,5272025021,진안읍,5272025021102820008,1,대지,282,8,전북특별자치도 진안군 진안읍 군상리 282-8,527203274046,전북특별자치도 진안군 진안읍 진장로,17,,4572025021102820008000001,,전북특별자치도 진안군 진안읍 진장로 17,567804,55431,,,,127.432990336282,35.7927833708186
MA010120220807391386,호남사무기상사,,G2,소매,G216,안경·정밀기기 소매,G21601,사무기기 소매업,G47821,사무용 기기 소매업,52,전북특별자치도,52800,부안군,52800250,부안읍,5280025022,부안읍,5280025022102210002,1,대지,221,2,전북특별자치도 부안군 부안읍 서외리 221-2,528003280045,전북특별자치도 부안군 부안읍 부풍로,6,,4580025022102210002026850,,전북특별자치도 부안군 부안읍 부풍로 6,579803,56309,,,,126.732848896373,35.7306462058281
MA010120220807404285,동부O.A,,G2,소매,G216,안경·정밀기기 소매,G21601,사무기기 소매업,G47821,사무용 기기 소매업,52,전북특별자치도,52720,진안군,52720250,진안읍,5272025021,진안읍,5272025021109480002,1,대지,948,2,전북특별자치도 진안군 진안읍 군상리 948-2,527203274056,전북특별자치도 진안군 진안읍 중앙로,80,2,4572025021109480002005860,,전북특별자치도 진안군 진안읍 중앙로 80-2,567805,55429,,,,127.426282335503,35.7919511453068
MA010120220807422632,아이티하나정보,,G2,소매,G216,안경·정밀기기 소매,G21601,사무기기 소매업,G47821,사무용 기기 소매업,52,전북특별자치도,52720,진안군,52720330,동향면,5272033024,동향면,5272033024106310003,1,대지,631,3,전북특별자치도 진안군 동향면 자산리 631-3,527204622085,전북특별자치도 진안군 동향면 대야길,4,,4572033024106310003029487,,전북특별자치도 진안군 동향면 대야길 4,567862,55445,,,,127.560244377406,35.8318045605516
MA010120220807421693,거성OA,,G2,소매,G216,안경·정밀기기 소매,G21601,사무기기 소매업,G47821,사무용 기기 소매업,52,전북특별자치도,52190,남원시,52190590,도통동,5219011700,월락동,5219011700101310023,1,대지,131,23,전북특별자치도 남원시 월락동 131-23,521903271024,전북특별자치도 남원시 용성로,308,,4519011700101310023000001,한빛빌딩,전북특별자치도 남원시 용성로 308,590983,55735,,1,,127.402832821556,35.4223877528553
MA010120220807424648,KS정보통신,,G2,소매,G216,안경·정밀기기 소매,G21601,사무기기 소매업,G47821,사무용 기기 소매업,52,전북특별자치도,52190,남원시,52190590,도통동,5219011600,도통동,5219011600105010001,1,대지,501,1,전북특별자치도 남원시 도통동 501-1,521904613479,전북특별자치도 남원시 용중1길,1,,4519011600105010001313805,,전북특별자치도 남원시 용중1길 1,590984,55737,,,,127.391306440859,35.4205779579295
MA010120220807424904,오피스전산OA,,G2,소매,G216,안경·정밀기기 소매,G21601,사무기기 소매업,G47821,사무용 기기 소매업,52,전북특별자치도,52190,남원시,52190570,향교동,5219011100,향교동,5219011100101980001,1,대지,198,1,전북특별자치도 남원시 향교동 198-1,521903271011,전북특별자치도 남원시 동림로,42,,4519011100101980001314610,,전북특별자치도 남원시 동림로 42,590989,55751,,,,127.388471433691,35.4126104774598
MA010120220807426552,중앙사무기,,G2,소매,G216,안경·정밀기기 소매,G21601,사무기기 소매업,G47821,사무용 기기 소매업,52,전북특별자치도,52190,남원시,52190520,죽항동,5219010300,죽항동,5219010300100620003,1,대지,62,3,전북특별자치도 남원시 죽항동 62-3,521903271012,전북특별자치도 남원시 동문로,24,,4519010300100620003306832,,전북특별자치도 남원시 동문로 24,590987,55772,,,,127.386069326399,35.4075798258676
MA010120220807426910,삼성IT솔루션,,G2,소매,G216,안경·정밀기기 소매,G21601,사무기기 소매업,G47821,사무용 기기 소매업,52,전북특별자치도,52190,남원시,52190550,금동,5219010700,조산동,5219010700100250024,1,대지,25,24,전북특별자치도 남원시 조산동 25-24,521904613580,전북특별자치도 남원시 조산길,31,7,4519010700100250024000001,,전북특별자치도 남원시 조산길 31-7,590980,55766,,,,127.372125999446,35.399133181668
MA010120220807422491,우성퍼니처,,G2,소매,G216,안경·정밀기기 소매,G21601,사무기기 소매업,G47821,사무용 기기 소매업,52,전북특별자치도,52770,순창군,52770250,순창읍,5277025021,순창읍,5277025021101560004,1,대지,156,4,전북특별자치도 순창군 순창읍 순화리 156-4,527704634181,전북특별자치도 순창군 순창읍 순창9길,16,3,4577025021001560003000510,,전북특별자치도 순창군 순창읍 순창9길 16-3,595805,56040,,,,127.141510855063,35.3753688155675
MA010120220807466113,태산,,G2,소매,G216,안경·정밀기기 소매,G21601,사무기기 소매업,G47821,사무용 기기 소매업,46,전라남도,46780,보성군,46780253,벌교읍,4678025339,벌교읍,4678025339108410000,1,대지,841,,전라남도 보성군 벌교읍 장양리 841,467804670354,전라남도 보성군 벌교읍 장양길,132,1,4678025339108410000000001,,전라남도 보성군 벌교읍 장양길 132-1,546907,59419,,,,127.365977387174,34.8483676887175
MA010120220807452368,한샘O.A상사,,G2,소매,G216,안경·정밀기기 소매,G21601,사무기기 소매업,G47821,사무용 기기 소매업,46,전라남도,46790,화순군,46790250,화순읍,4679025030,화순읍,4679025030103820000,1,대지,382,,전라남도 화순군 화순읍 광덕리 382,467903291052,전라남도 화순군 화순읍 충의로,127,,4679025030103820000044964,,전라남도 화순군 화순읍 충의로 127,519803,58125,,,,126.991789627567,35.0558772844412
MA010120220807456865,덕영오에이상사,,G2,소매,G216,안경·정밀기기 소매,G21601,사무기기 소매업,G47821,사무용 기기 소매업,29,광주광역시,29110,동구,29110590,산수1동,2911011000,산수동,2911011000105540013,1,대지,554,13,광주광역시 동구 산수동 554-13,291103009017,광주광역시 동구 경양로,377,,2911011000105540013004908,,광주광역시 동구 경양로 377,501820,61418,,,,126.93016623649,35.154385953491
MA010120220807460902,한울테크,,G2,소매,G216,안경·정밀기기 소매,G21601,사무기기 소매업,G47821,사무용 기기 소매업,29,광주광역시,29155,남구,29155630,월산4동,2915510400,월산동,2915510400109290001,1,대지,929,1,광주광역시 남구 월산동 929-1,291554283188,광주광역시 남구 대남대로409번길,7,1,2915510400109290001027401,월산동,광주광역시 남구 대남대로409번길 7-1,503829,61610,,1,,126.888372845372,35.146864351905
MA010120220807459574,광주상사,,G2,소매,G216,안경·정밀기기 소매,G21601,사무기기 소매업,G47821,사무용 기기 소매업,29,광주광역시,29110,동구,29110655,서남동,2911011400,금동,2911011400101070001,1,대지,107,1,광주광역시 동구 금동 107-1,291104277097,광주광역시 동구 문화전당로23번길,13,,2911011400101070001007621,외,광주광역시 동구 문화전당로23번길 13,501808,61487,,,,126.918290548998,35.1441751210851
MA010120220807468956,한솔상사,,G2,소매,G216,안경·정밀기기 소매,G21601,사무기기 소매업,G47821,사무용 기기 소매업,29,광주광역시,29155,남구,29155545,사직동,2915510300,서동,2915510300100440002,1,대지,44,2,광주광역시 남구 서동 44-2,291553161011,광주광역시 남구 서동로,20,1,2915510300100440002029215,,광주광역시 남구 서동로 20-1,503817,61635,,,,126.904230992949,35.1462019020361
MA010120220807455883,아가페정보,,G2,소매,G216,안경·정밀기기 소매,G21601,사무기기 소매업,G47821,사무용 기기 소매업,29,광주광역시,29140,서구,29140760,화정1동,2914011900,화정동,2914011900107400006,1,대지,740,6,광주광역시 서구 화정동 740-6,291404280502,광주광역시 서구 화운로175번길,15,,2914011900107400006019954,현대아파트,광주광역시 서구 화운로175번길 15,502866,61975,,1,,126.875380503859,35.1535217534769
MA010120220807449893,대호정보통신,,G2,소매,G216,안경·정밀기기 소매,G21601,사무기기 소매업,G47821,사무용 기기 소매업,29,광주광역시,29110,동구,29110590,산수1동,2911011000,산수동,2911011000105360053,1,대지,536,53,광주광역시 동구 산수동 536-53,291104277245,광주광역시 동구 필문대로123번길,1,,2911011000105360053005263,,광주광역시 동구 필문대로123번길 1,501822,61407,,1,,126.931138405845,35.1598487506054
MA010120220807463913,하람시스템,,G2,소매,G216,안경·정밀기기 소매,G21601,사무기기 소매업,G47821,사무용 기기 소매업,29,광주광역시,29140,서구,29140770,화정2동,2914011900,화정동,2914011900107650063,1,대지,765,63,광주광역시 서구 화정동 765-63,291404280498,광주광역시 서구 화운로126번길,17,,2914011900107650063023275,,광주광역시 서구 화운로126번길 17,502841,61980,,1,,126.87962146306,35.150353253374
MA010120220807451911,POSCOM,,G2,소매,G216,안경·정밀기기 소매,G21601,사무기기 소매업,G47821,사무용 기기 소매업,29,광주광역시,29170,북구,29170696,양산동,2917012900,연제동,2917012900100050014,1,대지,5,14,광주광역시 북구 연제동 5-14,291704286498,광주광역시 북구 연양로20번길,33,,2917012900100050014028365,,광주광역시 북구 연양로20번길 33,500887,61076,,,,126.869844398535,35.2047309810332
MA010120220807489081,현대OA솔루션,,G2,소매,G216,안경·정밀기기 소매,G21601,사무기기 소매업,G47821,사무용 기기 소매업,31,울산광역시,31140,남구,31140570,삼산동,3114010600,삼산동,3114010600115020002,1,대지,1502,2,울산광역시 남구 삼산동 1502-2,311404310716,울산광역시 남구 월평로199번길,16,,3114010600115020002005067,,울산광역시 남구 월평로199번길 16,680814,44696,,1,,129.326453850754,35.5472517440846
MA010120220807479924,알파,봉선점,G2,소매,G216,안경·정밀기기 소매,G21601,사무기기 소매업,G47821,사무용 기기 소매업,29,광주광역시,29155,남구,29155538,봉선2동,2915511500,봉선동,2915511500101140003,1,대지,114,3,광주광역시 남구 봉선동 114-3,291553161009,광주광역시 남구 봉선로,169,,2915511500101140005000001,용연빌딩,광주광역시 남구 봉선로 169,503810,61685,,,,126.913549839823,35.1235216010389
MA010120220807489673,다온O·A,,G2,소매,G216,안경·정밀기기 소매,G21601,사무기기 소매업,G47821,사무용 기기 소매업,43,충청북도,43112,청주시 서원구,43112590,성화.개신.죽림동,4311210900,개신동,4311210900106130000,1,대지,613,,충청북도 청주시 서원구 개신동 613,431123237008,충청북도 청주시 서원구 경신로,65,,4311311100106130000023953,청주개신주공그린빌1단지,충청북도 청주시 서원구 경신로 65,362709,28609,,1,,127.448984302504,36.6218502734402
MA010120220807483117,금성종합사무기,,G2,소매,G216,안경·정밀기기 소매,G21601,사무기기 소매업,G47821,사무용 기기 소매업,29,광주광역시,29170,북구,29170580,신안동,2917010600,신안동,2917010600104750003,1,대지,475,3,광주광역시 북구 신안동 475-3,291703162053,광주광역시 북구 용봉로,40,,2917010600104750003000001,,광주광역시 북구 용봉로 40,500831,61220,,,,126.901369288951,35.1714286551577
MA010120220807483287,국제O.A시스템,,G2,소매,G216,안경·정밀기기 소매,G21601,사무기기 소매업,G47821,사무용 기기 소매업,29,광주광역시,29110,동구,29110655,서남동,2911011800,서석동,2911011800104660001,1,대지,466,1,광주광역시 동구 서석동 466-1,291104277128,광주광역시 동구 백서로176번길,10,,2911011800104660001011297,,광주광역시 동구 백서로176번길 10,501824,61468,,,,126.92522593505,35.1440984765341
MA010120220807513588,동서사무용가구,,G2,소매,G216,안경·정밀기기 소매,G21601,사무기기 소매업,G47821,사무용 기기 소매업,29,광주광역시,29170,북구,29170662,두암2동,2917011400,두암동,2917011400105660002,1,대지,566,2,광주광역시 북구 두암동 566-2,291702162002,광주광역시 북구 동문대로,189,1,2917011400105660002042641,,광주광역시 북구 동문대로 189-1,500812,61171,,,,126.92928855625,35.1793801124001
MA010120220807481325,원인투,,G2,소매,G216,안경·정밀기기 소매,G21601,사무기기 소매업,G47821,사무용 기기 소매업,11,서울특별시,11290,성북구,11290810,석관동,1129013900,석관동,1129013900101290034,1,대지,129,34,서울특별시 성북구 석관동 129-34,112904121718,서울특별시 성북구 한천로80길,43,9,1129013900101290034000001,,서울특별시 성북구 한천로80길 43-9,136817,02781,,,,127.063742619676,37.6125342823118
MA010120220807511356,하나시스템,,G2,소매,G216,안경·정밀기기 소매,G21601,사무기기 소매업,G47821,사무용 기기 소매업,29,광주광역시,29170,북구,29170662,두암2동,2917011400,두암동,2917011400105700001,1,대지,570,1,광주광역시 북구 두암동 570-1,291704286203,광주광역시 북구 면앙로155번길,10,,2917011400105700001040976,다가구주택,광주광역시 북구 면앙로155번길 10,500812,61168,,,,126.929104311674,35.1766308666942
MA010120220807499622,명광사무기,,G2,소매,G216,안경·정밀기기 소매,G21601,사무기기 소매업,G47821,사무용 기기 소매업,29,광주광역시,29110,동구,29110545,동명동,2911010800,동명동,2911010800100180014,1,대지,18,14,광주광역시 동구 동명동 18-14,291102009007,광주광역시 동구 필문대로,232,1,2911010800100180014009557,,광주광역시 동구 필문대로 232-1,501813,61435,,,,126.929610045304,35.1502844411298
MA010120220808867162,웰컴,,G2,소매,G216,안경·정밀기기 소매,G21601,사무기기 소매업,G47821,사무용 기기 소매업,27,대구광역시,27140,동구,27140620,불로.봉무동,2714010600,불로동,2714010600111390011,1,대지,1139,11,대구광역시 동구 불로동 1139-11,271403000048,대구광역시 동구 팔공로,180,,2714010600111390011041576,,대구광역시 동구 팔공로 180,701805,41030,,1,,128.64135667876,35.9148900488764
MA010120220808860355,아룡전산,,G2,소매,G216,안경·정밀기기 소매,G21601,사무기기 소매업,G47821,사무용 기기 소매업,27,대구광역시,27230,북구,27230620,산격2동,2723011100,산격동,2723011100107060009,1,대지,706,9,대구광역시 북구 산격동 706-9,272304235279,대구광역시 북구 연암로42길,3,,2723011100107060009000001,,대구광역시 북구 연암로42길 3,702835,41502,,,,128.596695650622,35.9029665902378
MA010120220808860645,신용카드결제시스템,,G2,소매,G216,안경·정밀기기 소매,G21601,사무기기 소매업,G47821,사무용 기기 소매업,27,대구광역시,27200,남구,27200650,대명10동,2720010300,대명동,2720010300115940026,1,대지,1594,26,대구광역시 남구 대명동 1594-26,272004232077,대구광역시 남구 대명복개로4길,65,2,2720010300115940026002411,,대구광역시 남구 대명복개로4길 65-2,705815,42479,,1,,128.563533736123,35.8398541455507
MA010120220808871005,아이엔피,,G2,소매,G216,안경·정밀기기 소매,G21601,사무기기 소매업,G47821,사무용 기기 소매업,27,대구광역시,27260,수성구,27260590,수성4가동,2726010600,수성동4가,2726010600112240012,1,대지,1224,12,대구광역시 수성구 수성동4가 1224-12,272603007020,대구광역시 수성구 신천동로,426,,2726010600112240012028730,,대구광역시 수성구 신천동로 426,706836,42008,,,,128.61082455454,35.8623077022021
MA010120220808861489,가가사무기,,G2,소매,G216,안경·정밀기기 소매,G21601,사무기기 소매업,G47821,사무용 기기 소매업,27,대구광역시,27140,동구,27140600,효목2동,2714010300,효목동,2714010300103800009,1,대지,380,9,대구광역시 동구 효목동 380-9,271403142045,대구광역시 동구 효서로,62,,2714010300103800009021901,,대구광역시 동구 효서로 62,701844,41233,,,,128.636758905638,35.878826389269
MA010120220808897710,경약,,G2,소매,G216,안경·정밀기기 소매,G21601,사무기기 소매업,G47821,사무용 기기 소매업,27,대구광역시,27140,동구,27140580,신천4동,2714010200,신천동,2714010200102910001,1,대지,291,1,대구광역시 동구 신천동 291-1,271404226065,대구광역시 동구 동부로22길,28,,2714010200102910001042126,동원빌딩,대구광역시 동구 동부로22길 28,701827,41242,,,,128.626443550395,35.874163473518
MA010120220800800168,다원기획,,G2,소매,G216,안경·정밀기기 소매,G21601,사무기기 소매업,G47821,사무용 기기 소매업,41,경기도,41117,수원시 영통구,41117585,영통3동,4111710500,영통동,4111710500109980001,1,대지,998,1,경기도 수원시 영통구 영통동 998-1,411174331084,경기도 수원시 영통구 반달로7번길,40,,4111710500109980001001201,평익칼라스위트,경기도 수원시 영통구 반달로7번길 40,443470,16704,,4,,127.075206898123,37.2535356685032
MA010120220800819626,밴프라자,,G2,소매,G216,안경·정밀기기 소매,G21601,사무기기 소매업,G47821,사무용 기기 소매업,11,서울특별시,11650,서초구,11650560,반포1동,1165010700,반포동,1165010700107090006,1,대지,709,6,서울특별시 서초구 반포동 709-6,116504163335,서울특별시 서초구 사평대로55길,125,,1165010700107090006018105,S&T빌딩,서울특별시 서초구 사평대로55길 125,137808,06534,,1,,127.020200317925,37.50932256617
MA010120220800820034,비츠아이엔에프주,,G2,소매,G216,안경·정밀기기 소매,G21601,사무기기 소매업,G47821,사무용 기기 소매업,41,경기도,41281,고양시 덕양구,41281630,행주동,4128112000,토당동,4128112000108700005,1,대지,870,5,경기도 고양시 덕양구 토당동 870-5,412813192066,경기도 고양시 덕양구 토당로,4,,4128112000108700005010547,,경기도 고양시 덕양구 토당로 4,412821,10510,,5,,126.824209442904,37.617375998361
MA010120220800876718,한덕유통,,G2,소매,G216,안경·정밀기기 소매,G21601,사무기기 소매업,G47821,사무용 기기 소매업,11,서울특별시,11470,양천구,11470530,목3동,1147010200,목동,1147010200107170055,1,대지,717,55,서울특별시 양천구 목동 717-55,114704142130,서울특별시 양천구 목동중앙남로14길,20,,1147010200107170055018690,,서울특별시 양천구 목동중앙남로14길 20,158813,07955,,,,126.866572483297,37.5405947840319
MA010120220800886605,디지털솔루션,,G2,소매,G216,안경·정밀기기 소매,G21601,사무기기 소매업,G47821,사무용 기기 소매업,11,서울특별시,11530,구로구,11530730,고척2동,1153010600,고척동,1153010600102500118,1,대지,250,118,서울특별시 구로구 고척동 250-118,115304148151,서울특별시 구로구 고척로27바길,41,,1153010600102500118011181,,서울특별시 구로구 고척로27바길 41,152833,08242,,,,126.847359107932,37.5074597023641
MA010120220800880963,에스엔테크,,G2,소매,G216,안경·정밀기기 소매,G21601,사무기기 소매업,G47821,사무용 기기 소매업,11,서울특별시,11545,금천구,11545510,가산동,1154510100,가산동,1154510100103360007,1,대지,336,7,서울특별시 금천구 가산동 336-7,115453117001,서울특별시 금천구 가산디지털1로,33,22,1154510100103360007015367,,서울특별시 금천구 가산디지털1로 33-22,153802,08592,,5,,126.884966493672,37.4696960420147
MA010120220800858909,신도네트양천점,,G2,소매,G216,안경·정밀기기 소매,G21601,사무기기 소매업,G47821,사무용 기기 소매업,11,서울특별시,11560,영등포구,11560610,양평1동,1156012500,양평동1가,1156012500100080000,1,대지,8,,서울특별시 영등포구 양평동1가 8,115603118009,서울특별시 영등포구 문래북로,47,1,1156012500100080000022119,지하,서울특별시 영등포구 문래북로 47-1,150862,07291,,,,126.89083777635,37.5211220470138
MA010120220800856352,잉크셀프,,G2,소매,G216,안경·정밀기기 소매,G21601,사무기기 소매업,G47821,사무용 기기 소매업,11,서울특별시,11500,강서구,11500520,등촌1동,1150010200,등촌동,1150010200106280009,1,대지,628,9,서울특별시 강서구 등촌동 628-9,115003005069,서울특별시 강서구 화곡로,416,,1150010200106280009027121,가양역더스카이밸리5차,서울특별시 강서구 화곡로 416,157838,07548,,B1,,126.855423720682,37.5599350912863
MA010120220800862526,아이정보통신,,G2,소매,G216,안경·정밀기기 소매,G21601,사무기기 소매업,G47821,사무용 기기 소매업,11,서울특별시,11500,강서구,11500591,화곡6동,1150010300,화곡동,1150010300111070000,1,대지,1107,,서울특별시 강서구 화곡동 1107,115002005007,서울특별시 강서구 공항대로,426,,1150010300111070000015968,,서울특별시 강서구 공항대로 426,157707,07654,,1,,126.854222649558,37.5548249637562
MA010120220800872730,애니오에이시스템,,G2,소매,G216,안경·정밀기기 소매,G21601,사무기기 소매업,G47821,사무용 기기 소매업,11,서울특별시,11380,은평구,11380570,대조동,1138010600,대조동,1138010600101900021,1,대지,190,21,서울특별시 은평구 대조동 190-21,113804133140,서울특별시 은평구 역말로9길,30,1,1138010600101900021027664,,서울특별시 은평구 역말로9길 30-1,122842,03390,,,,126.922325253911,37.6136611802417
MA010120220800888347,승화종합OA,,G2,소매,G216,안경·정밀기기 소매,G21601,사무기기 소매업,G47821,사무용 기기 소매업,11,서울특별시,11470,양천구,11470630,신정2동,1147010100,신정동,1147010100102960115,1,대지,296,115,서울특별시 양천구 신정동 296-115,114703114009,서울특별시 양천구 신목로,58,3,1147010100102960115005650,,서울특별시 양천구 신목로 58-3,158852,08015,,,,126.873407148084,37.5203027585132
MA010120220800872858,PC친구,,G2,소매,G216,안경·정밀기기 소매,G21601,사무기기 소매업,G47821,사무용 기기 소매업,11,서울특별시,11500,강서구,11500540,화곡1동,1150010300,화곡동,1150010300104000018,1,대지,400,18,서울특별시 강서구 화곡동 400-18,115004145039,서울특별시 강서구 강서로27길,13,,1150010300104000018012783,,서울특별시 강서구 강서로27길 13,157887,07720,,,,126.841184604089,37.5391037507128
MA010120220800845563,더원기획,,G2,소매,G216,안경·정밀기기 소매,G21601,사무기기 소매업,G47821,사무용 기기 소매업,51,강원특별자치도,51770,정선군,51770250,정선읍,5177025021,정선읍,5177025021103440014,1,대지,344,14,강원특별자치도 정선군 정선읍 봉양리 344-14,517704487146,강원특별자치도 정선군 정선읍 봉양6길,34,,4277025021103440014008680,,강원특별자치도 정선군 정선읍 봉양6길 34,233804,26130,,,,128.663644150968,37.3805429025776
MA010120220802552529,드림,,G2,소매,G216,안경·정밀기기 소매,G21601,사무기기 소매업,G47821,사무용 기기 소매업,28,인천광역시,28237,부평구,28237642,갈산2동,2823710600,갈산동,2823710600103700010,1,대지,370,10,인천광역시 부평구 갈산동 370-10,282373154002,인천광역시 부평구 갈월동로,29,,2823710600103700010101228,일부,인천광역시 부평구 갈월동로 29,403805,21336,,2,,126.728911441767,37.509851153784
MA010120220802529067,정우제록스,,G2,소매,G216,안경·정밀기기 소매,G21601,사무기기 소매업,G47821,사무용 기기 소매업,28,인천광역시,28260,서구,28260600,가좌3동,2826011200,가좌동,2826011200100940009,1,대지,94,9,인천광역시 서구 가좌동 94-9,282603156013,인천광역시 서구 건지로,360,1,2826011200100940009007966,,인천광역시 서구 건지로 360-1,404809,22809,,,,126.681824187204,37.4970025449514
MA010120220802540934,김포디지털랜드,,G2,소매,G216,안경·정밀기기 소매,G21601,사무기기 소매업,G47821,사무용 기기 소매업,41,경기도,41570,김포시,41570250,통진읍,4157025022,통진읍,4157025022105380006,1,대지,538,6,경기도 김포시 통진읍 마송리 538-6,415704427483,경기도 김포시 통진읍 율마로384번길,89,,4157025022100380000000520,,경기도 김포시 통진읍 율마로384번길 89,415865,10032,,,,126.600752094641,37.6838642711372
MA010120220802546401,금파OA,,G2,소매,G216,안경·정밀기기 소매,G21601,사무기기 소매업,G47821,사무용 기기 소매업,41,경기도,41570,김포시,41570256,양촌읍,4157025623,양촌읍,4157025623102800013,1,대지,280,13,경기도 김포시 양촌읍 석모리 280-13,415703209137,경기도 김포시 양촌읍 모산로,7,1,4157032023102800013002141,,경기도 김포시 양촌읍 모산로 7-1,415824,10064,,1,,126.656995689467,37.6514259221625
MA010120220802526615,삼성OA테크,,G2,소매,G216,안경·정밀기기 소매,G21601,사무기기 소매업,G47821,사무용 기기 소매업,41,경기도,41570,김포시,41570560,장기동,4157010400,장기동,4157010400120830006,1,대지,2083,6,경기도 김포시 장기동 2083-6,415704427682,경기도 김포시 태장로795번길,23,,4157010400120830006000001,마스터비즈파크,경기도 김포시 태장로795번길 23,415060,10090,,3,,126.680907199311,37.6378702002963
MA010120220802629905,원테크,,G2,소매,G216,안경·정밀기기 소매,G21601,사무기기 소매업,G47821,사무용 기기 소매업,41,경기도,41173,안양시 동안구,41173630,갈산동,4117310400,호계동,4117310400110830002,1,대지,1083,2,경기도 안양시 동안구 호계동 1083-2,411734349008,경기도 안양시 동안구 갈산로72번길,5,,4117310400110830002004750,,경기도 안양시 동안구 갈산로72번길 5,431800,14107,,,,126.96021152666,37.3786344300269
MA010120220802613796,디지털오에이,,G2,소매,G216,안경·정밀기기 소매,G21601,사무기기 소매업,G47821,사무용 기기 소매업,41,경기도,41173,안양시 동안구,41173530,비산3동,4117310100,비산동,4117310100110370005,1,대지,1037,5,경기도 안양시 동안구 비산동 1037-5,411734349047,경기도 안양시 동안구 관악대로249번길,55,,4117310100110370005003109,,경기도 안양시 동안구 관악대로249번길 55,431825,13941,,,,126.951558296861,37.4032471426355
MA010120220802633979,현대시스템,,G2,소매,G216,안경·정밀기기 소매,G21601,사무기기 소매업,G47821,사무용 기기 소매업,41,경기도,41113,수원시 권선구,41113670,권선1동,4111313700,권선동,4111313700109550008,1,대지,955,8,경기도 수원시 권선구 권선동 955-8,411134325337,경기도 수원시 권선구 세지로112번길,33,2,4111313700109550008022739,,경기도 수원시 권선구 세지로112번길 33-2,441821,16569,,1,,127.02126120969,37.2613066149087
MA010120220802611099,현대플러스사무가구,,G2,소매,G216,안경·정밀기기 소매,G21601,사무기기 소매업,G47821,사무용 기기 소매업,41,경기도,41133,성남시 중원구,41133510,성남동,4113310100,성남동,4113310100132080000,1,대지,3208,,경기도 성남시 중원구 성남동 3208,411333179004,경기도 성남시 중원구 광명로,5,,4113310100132080000031032,성남동메디칼센터,경기도 성남시 중원구 광명로 5,462827,13355,,2,,127.129700030391,37.4331627994264
MA010120220802631697,신도서비스만안점,,G2,소매,G216,안경·정밀기기 소매,G21601,사무기기 소매업,G47821,사무용 기기 소매업,41,경기도,41173,안양시 동안구,41173590,호계2동,4117310400,호계동,4117310400109000000,1,대지,900,,경기도 안양시 동안구 호계동 900,411734349139,경기도 안양시 동안구 시민대로109번길,29,,4117310400109000000013972,에이스하이테크시티범계,경기도 안양시 동안구 시민대로109번길 29,431836,14042,,,,126.943551355512,37.387133317272
MA010120220802621038,신도서비스,,G2,소매,G216,안경·정밀기기 소매,G21601,사무기기 소매업,G47821,사무용 기기 소매업,41,경기도,41173,안양시 동안구,41173590,호계2동,4117310400,호계동,4117310400109000000,1,대지,900,,경기도 안양시 동안구 호계동 900,411734349139,경기도 안양시 동안구 시민대로109번길,29,,4117310400109000000013972,B,경기도 안양시 동안구 시민대로109번길 29,431836,14042,,,,126.943551355512,37.387133317272
MA010120220802615727,아산정보통신,,G2,소매,G216,안경·정밀기기 소매,G21601,사무기기 소매업,G47821,사무용 기기 소매업,41,경기도,41173,안양시 동안구,41173580,호계1동,4117310400,호계동,4117310400105550009,1,대지,555,9,경기도 안양시 동안구 호계동 555-9,411733182030,경기도 안양시 동안구 엘에스로,92,,4117310400105550009005178,안양국제유통단지,경기도 안양시 동안구 엘에스로 92,431763,14117,,,,126.95173678756,37.3714771356516
MA010120220802676727,인천신도O.A,,G2,소매,G216,안경·정밀기기 소매,G21601,사무기기 소매업,G47821,사무용 기기 소매업,28,인천광역시,28200,남동구,28200583,만수6동,2820010300,만수동,2820010300110210004,1,대지,1021,4,인천광역시 남동구 만수동 1021-4,282004259263,인천광역시 남동구 담방로47번길,14,15,2820010300110210004007513,,인천광역시 남동구 담방로47번길 14-15,405868,21594,,,,126.737746906004,37.44456610373
MA010120220802649719,나래정보,,G2,소매,G216,안경·정밀기기 소매,G21601,사무기기 소매업,G47821,사무용 기기 소매업,29,광주광역시,29170,북구,29170669,일곡동,2917012700,일곡동,2917012700108180004,1,대지,818,4,광주광역시 북구 일곡동 818-4,291703162033,광주광역시 북구 설죽로,556,,2917012700108180004014781,금호,광주광역시 북구 설죽로 556,500865,61037,,,,126.898150724968,35.2084085751068
MA010120220802644555,신화오에이,,G2,소매,G216,안경·정밀기기 소매,G21601,사무기기 소매업,G47821,사무용 기기 소매업,41,경기도,41410,군포시,41410520,군포2동,4141010100,당동,4141010100109600001,1,대지,960,1,경기도 군포시 당동 960-1,414104400305,경기도 군포시 용호1로60번길,4,,4141010100109600002000001,태평양프라자,경기도 군포시 용호1로60번길 4,435012,15871,,501,,126.940454815182,37.3474866426119
MA010120220802656846,고려디엔씨주,,G2,소매,G216,안경·정밀기기 소매,G21601,사무기기 소매업,G47821,사무용 기기 소매업,41,경기도,41173,안양시 동안구,41173580,호계1동,4117310400,호계동,4117310400105550009,1,대지,555,9,경기도 안양시 동안구 호계동 555-9,411733182030,경기도 안양시 동안구 엘에스로,76,,4117310400105550009005725,안양국제유통단지,경기도 안양시 동안구 엘에스로 76,431763,14117,,,,126.953126304246,37.3700450634828
MA010120220802674827,대우OA시스템,,G2,소매,G216,안경·정밀기기 소매,G21601,사무기기 소매업,G47821,사무용 기기 소매업,28,인천광역시,28200,남동구,28200510,구월1동,2820010100,구월동,2820010100112220001,1,대지,1222,1,인천광역시 남동구 구월동 1222-1,282003153058,인천광역시 남동구 용천로,12,,2820010100112220001004167,,인천광역시 남동구 용천로 12,405837,21563,,1,,126.714399904968,37.4505127286939
MA010120220802667357,미놀타정보통신,,G2,소매,G216,안경·정밀기기 소매,G21601,사무기기 소매업,G47821,사무용 기기 소매업,28,인천광역시,28177,미추홀구,28177690,주안8동,2817710500,주안동,2817710500110600010,1,대지,1060,10,인천광역시 미추홀구 주안동 1060-10,281774253242,인천광역시 미추홀구 문화서로49번길,55,,2817010600113690004138900,동,인천광역시 미추홀구 문화서로49번길 55,402849,22239,,1,,126.693178761882,37.4497747740745
MA010120220802679652,씨에이치인더스트리,,G2,소매,G216,안경·정밀기기 소매,G21601,사무기기 소매업,G47821,사무용 기기 소매업,41,경기도,41220,평택시,41220610,통복동,4122011400,통복동,4122011400100710006,1,대지,71,6,경기도 평택시 통복동 71-6,412204364818,경기도 평택시 통복시장로47번길,23,,4122011400100710006012198,,경기도 평택시 통복시장로47번길 23,450040,17892,,,,127.084717825484,36.9987446951138
MA010120220802717514,IT솔루션서현종합상사,,G2,소매,G216,안경·정밀기기 소매,G21601,사무기기 소매업,G47821,사무용 기기 소매업,41,경기도,41390,시흥시,41390592,정왕2동,4139013200,정왕동,4139013200113640000,1,대지,1364,,경기도 시흥시 정왕동 1364,413902199001,경기도 시흥시 공단1대로,204,,4139013200113640000014640,호,경기도 시흥시 공단1대로 204,429879,15090,,,,126.724701548813,37.3377115059812
MA010120220802696445,우리POS,,G2,소매,G216,안경·정밀기기 소매,G21601,사무기기 소매업,G47821,사무용 기기 소매업,41,경기도,41390,시흥시,41390630,연성동,4139012900,장현동,4139012900105300003,1,대지,530,3,경기도 시흥시 장현동 530-3,413904397390,경기도 시흥시 시청로68번길,25,,4139012900105300003011620,,경기도 시흥시 시청로68번길 25,429844,14998,,,,126.801782208662,37.3822142590648
MA010120220802699757,이안,,G2,소매,G216,안경·정밀기기 소매,G21601,사무기기 소매업,G47821,사무용 기기 소매업,41,경기도,41390,시흥시,41390591,정왕1동,4139013200,정왕동,4139013200113670001,1,대지,1367,1,경기도 시흥시 정왕동 1367-1,413902199001,경기도 시흥시 공단1대로,244,,4139013200113670001016345,시화유통상가,경기도 시흥시 공단1대로 244,429853,15103,,,,126.728445299906,37.3353324328239
MA010120220802700393,신도네트군자점,,G2,소매,G216,안경·정밀기기 소매,G21601,사무기기 소매업,G47821,사무용 기기 소매업,41,경기도,41390,시흥시,41390589,정왕본동,4139013200,정왕동,4139013200118310011,1,대지,1831,11,경기도 시흥시 정왕동 1831-11,413903199008,경기도 시흥시 군서마을로,80,1,4139013200118310011018647,,경기도 시흥시 군서마을로 80-1,429455,15053,,1,,126.743952870247,37.3477201025833
MA010120220802706148,삼성시스템,,G2,소매,G216,안경·정밀기기 소매,G21601,사무기기 소매업,G47821,사무용 기기 소매업,41,경기도,41390,시흥시,41390597,배곧2동,4139013500,배곧동,4139013500102910001,1,대지,291,1,경기도 시흥시 배곧동 291-1,413903350759,경기도 시흥시 서울대학로,59,47,4139013200117710031000001,M플러스지식산업센터,경기도 시흥시 서울대학로 59-47,,15012,,,,126.707789262148,37.3601695653556
MA010120220802715153,삼성정보통신,,G2,소매,G216,안경·정밀기기 소매,G21601,사무기기 소매업,G47821,사무용 기기 소매업,41,경기도,41390,시흥시,41390510,대야동,4139010100,대야동,4139010100105440001,1,대지,544,1,경기도 시흥시 대야동 544-1,413904397301,경기도 시흥시 비둘기공원7길,39,,4139010100105440001003894,트윈프라자,경기도 시흥시 비둘기공원7길 39,429874,14912,,,,126.79240232482,37.4424762671072
MA010120220804252389,제이케이시스템,,G2,소매,G216,안경·정밀기기 소매,G21601,사무기기 소매업,G47821,사무용 기기 소매업,11,서울특별시,11710,송파구,11710600,석촌동,1171010500,석촌동,1171010500102810022,1,대지,281,22,서울특별시 송파구 석촌동 281-22,117104169192,서울특별시 송파구 백제고분로40길,16,15,1171010500102810022010061,,서울특별시 송파구 백제고분로40길 16-15,138847,05689,,,,127.106059198167,37.5026633042136
MA010120220804255326,삼성통신기기서비스,,G2,소매,G216,안경·정밀기기 소매,G21601,사무기기 소매업,G47821,사무용 기기 소매업,11,서울특별시,11710,송파구,11710632,가락2동,1171010700,가락동,1171010700101580023,1,대지,158,23,서울특별시 송파구 가락동 158-23,117104169396,서울특별시 송파구 오금로38길,12,,1171010700101580023004983,,서울특별시 송파구 오금로38길 12,138809,05818,,,,127.128267193822,37.5005689657579
MA010120220804252848,푸른신도,,G2,소매,G216,안경·정밀기기 소매,G21601,사무기기 소매업,G47821,사무용 기기 소매업,11,서울특별시,11710,송파구,11710580,송파1동,1171010400,송파동,1171010400101210000,1,대지,121,,서울특별시 송파구 송파동 121,117103123001,서울특별시 송파구 가락로,183,,1171010400101210000012952,한양아파트,서울특별시 송파구 가락로 183,138773,05664,,2,,127.114522412073,37.5051601966695
MA010120220804274626,오에이사무기,,G2,소매,G216,안경·정밀기기 소매,G21601,사무기기 소매업,G47821,사무용 기기 소매업,11,서울특별시,11710,송파구,11710570,오금동,1171011200,오금동,1171011200100720002,1,대지,72,2,서울특별시 송파구 오금동 72-2,117104169296,서울특별시 송파구 성내천로6길,16,1,1171011200100720002014418,,서울특별시 송파구 성내천로6길 16-1,138857,05728,,1,,127.134844473626,37.5043098222936
MA010120220804274993,지원솔루션,,G2,소매,G216,안경·정밀기기 소매,G21601,사무기기 소매업,G47821,사무용 기기 소매업,11,서울특별시,11710,송파구,11710632,가락2동,1171010700,가락동,1171010700101850004,1,대지,185,4,서울특별시 송파구 가락동 185-4,117104169132,서울특별시 송파구 문정로11길,10,,1171010700101850004005482,,서울특별시 송파구 문정로11길 10,138812,05782,,1,,127.134734375061,37.4933897594407
MA010120220804265206,디지털OA,,G2,소매,G216,안경·정밀기기 소매,G21601,사무기기 소매업,G47821,사무용 기기 소매업,11,서울특별시,11710,송파구,11710570,오금동,1171011200,오금동,1171011200100800000,1,대지,80,,서울특별시 송파구 오금동 80,117104169476,서울특별시 송파구 중대로34길,14,,1171011200100800000014265,,서울특별시 송파구 중대로34길 14,138858,05724,,1,,127.133579983769,37.5055366253939
MA010120220804256565,다운정보통신,,G2,소매,G216,안경·정밀기기 소매,G21601,사무기기 소매업,G47821,사무용 기기 소매업,11,서울특별시,11710,송파구,11710646,장지동,1171010800,문정동,1171010800101000000,1,대지,100,,서울특별시 송파구 문정동 100,117104169317,서울특별시 송파구 송이로36길,35,,1171010800101000000002674,,서울특별시 송파구 송이로36길 35,138869,05802,,,,127.129754496726,37.4843221911143
MA010120220804277296,씨제이사무기기,,G2,소매,G216,안경·정밀기기 소매,G21601,사무기기 소매업,G47821,사무용 기기 소매업,11,서울특별시,11710,송파구,11710570,오금동,1171011200,오금동,1171011200100710007,1,대지,71,7,서울특별시 송파구 오금동 71-7,117104169548,서울특별시 송파구 성내천로8가길,9,,1171011200100710007014628,,서울특별시 송파구 성내천로8가길 9,138857,05728,,1,,127.134197827758,37.5031933125944
MA010120220804242535,송파사무기,,G2,소매,G216,안경·정밀기기 소매,G21601,사무기기 소매업,G47821,사무용 기기 소매업,11,서울특별시,11710,송파구,11710620,가락본동,1171010700,가락동,1171010700100130009,1,대지,13,9,서울특별시 송파구 가락동 13-9,117104169302,서울특별시 송파구 송이로17길,54,28,1171010700100130009006611,,서울특별시 송파구 송이로17길 54-28,138800,05702,,,,127.126299879603,37.5008413871114
MA010120220804257045,잉크-락,,G2,소매,G216,안경·정밀기기 소매,G21601,사무기기 소매업,G47821,사무용 기기 소매업,11,서울특별시,11710,송파구,11710620,가락본동,1171010700,가락동,1171010700100910010,1,대지,91,10,서울특별시 송파구 가락동 91-10,117104169368,서울특별시 송파구 양재대로62길,18,,1171010700100910010006861,형수빌딩,서울특별시 송파구 양재대로62길 18,138804,05711,,,,127.118684430393,37.4980381458598
MA010120220804257069,조은사무기,,G2,소매,G216,안경·정밀기기 소매,G21601,사무기기 소매업,G47821,사무용 기기 소매업,11,서울특별시,11560,영등포구,11560720,대림3동,1156013300,대림동,1156013300106040131,1,대지,604,131,서울특별시 영등포구 대림동 604-131,115604154355,서울특별시 영등포구 도신로9길,10,1,1156013300106040131037767,,서울특별시 영등포구 도신로9길 10-1,150811,07376,,1,,126.896763907627,37.5057382325138
MA010120220804267744,바위샘OA,,G2,소매,G216,안경·정밀기기 소매,G21601,사무기기 소매업,G47821,사무용 기기 소매업,11,서울특별시,11650,서초구,11650651,양재1동,1165010200,양재동,1165010200100020015,1,대지,2,15,서울특별시 서초구 양재동 2-15,116504163090,서울특별시 서초구 남부순환로364길,8,5,1165010200100020015004981,,서울특별시 서초구 남부순환로364길 8-5,137886,06739,,1,,127.04028564778,37.4847649960455
MA010120220804268077,디지털사무기,,G2,소매,G216,안경·정밀기기 소매,G21601,사무기기 소매업,G47821,사무용 기기 소매업,41,경기도,41281,고양시 덕양구,41281670,대덕동,4128113000,현천동,4128113000101430000,1,대지,143,,경기도 고양시 덕양구 현천동 143,412814376051,경기도 고양시 덕양구 대덕로141번길,30,,4128113000101430000016624,,경기도 고양시 덕양구 대덕로141번길 30,412190,10541,,B1,,126.866446108439,37.5923838522431
MA010120220804232044,제신오에이,,G2,소매,G216,안경·정밀기기 소매,G21601,사무기기 소매업,G47821,사무용 기기 소매업,11,서울특별시,11710,송파구,11710620,가락본동,1171010700,가락동,1171010700100480001,1,대지,48,1,서울특별시 송파구 가락동 48-1,117104169394,서울특별시 송파구 오금로36길,70,5,1171010700100480001006826,중간,서울특별시 송파구 오금로36길 70-5,138801,05706,,1,,127.12074343003,37.4985496326789
MA010120220804246198,태성디지탈솔루션,,G2,소매,G216,안경·정밀기기 소매,G21601,사무기기 소매업,G47821,사무용 기기 소매업,43,충청북도,43111,청주시 상당구,43111525,중앙동,4311110100,영동,4311110100100470030,1,대지,47,30,충청북도 청주시 상당구 영동 47-30,431113236004,충청북도 청주시 상당구 교서로,62,,4311110100100470030032179,,충청북도 청주시 상당구 교서로 62,360020,28544,,,,127.485880432369,36.6421701684029
MA010120220804249377,사트커뮤니케이션,,G2,소매,G216,안경·정밀기기 소매,G21601,사무기기 소매업,G47821,사무용 기기 소매업,11,서울특별시,11710,송파구,11710531,거여1동,1171011300,거여동,1171011300105610000,1,대지,561,,서울특별시 송파구 거여동 561,117104169364,서울특별시 송파구 양산로7길,17,1,1171011300105610000023813,지,서울특별시 송파구 양산로7길 17-1,138816,05772,,1,,127.14226530369,37.493299840065
MA010120220804268867,디지털라인,코리아,G2,소매,G216,안경·정밀기기 소매,G21601,사무기기 소매업,G47821,사무용 기기 소매업,11,서울특별시,11545,금천구,11545640,독산4동,1154510200,독산동,1154510200101880027,1,대지,188,27,서울특별시 금천구 독산동 188-27,115454151161,서울특별시 금천구 독산로80길,36,,1154510200101880027007719,,서울특별시 금천구 독산로80길 36,153808,08557,,,,126.904816100953,37.4704074762661
MA010120220804284162,오피스45,,G2,소매,G216,안경·정밀기기 소매,G21601,사무기기 소매업,G47821,사무용 기기 소매업,41,경기도,41135,성남시 분당구,41135620,야탑1동,4113510700,야탑동,4113510700103420003,1,대지,342,3,경기도 성남시 분당구 야탑동 342-3,411354340372,경기도 성남시 분당구 장미로48번길,14,,4113510700103420003058110,엔즈빌오피스텔,경기도 성남시 분당구 장미로48번길 14,463828,13496,,1,,127.125496502348,37.4126511721569
MA010120220804304106,디지털솔루션,,G2,소매,G216,안경·정밀기기 소매,G21601,사무기기 소매업,G47821,사무용 기기 소매업,11,서울특별시,11710,송파구,11710642,문정2동,1171010800,문정동,1171010800106280000,1,대지,628,,서울특별시 송파구 문정동 628,117103123017,서울특별시 송파구 충민로,10,,1171010800104090003000001,에이,서울특별시 송파구 충민로 10,138888,05840,,2,,127.119388027962,37.4782693339906
MA010120220804314183,드림종합사무기,,G2,소매,G216,안경·정밀기기 소매,G21601,사무기기 소매업,G47821,사무용 기기 소매업,41,경기도,41360,남양주시,41360520,평내동,4136010200,평내동,4136010200102490002,1,대지,249,2,경기도 남양주시 평내동 249-2,413603000120,경기도 남양주시 경춘로,1281,,4136010200102490002004584,화성빌딩,경기도 남양주시 경춘로 1281,472936,12217,,,,127.235366380636,37.6488787227419
MA010120220804323272,한국후지제록스제주,대리점,G2,소매,G216,안경·정밀기기 소매,G21601,사무기기 소매업,G47821,사무용 기기 소매업,50,제주특별자치도,50110,제주시,50110640,오라동,5011012000,오라이동,5011012000121970004,1,대지,2197,4,제주특별자치도 제주시 오라이동 2197-4,501104847614,제주특별자치도 제주시 동성길,61,,5011012000121970004000001,,제주특별자치도 제주시 동성길 61,690162,63148,,,,126.508964768564,33.4951638635151
MA010120220804372100,GV전자담배그린베이퍼,,G2,소매,G216,안경·정밀기기 소매,G21601,사무기기 소매업,G47821,사무용 기기 소매업,11,서울특별시,11320,도봉구,11320513,창3동,1132010700,창동,1132010700105570058,1,대지,557,58,서울특별시 도봉구 창동 557-58,113203000004,서울특별시 도봉구 덕릉로,228,,1132010700105570058015072,,서울특별시 도봉구 덕릉로 228,132917,01473,,1,,127.037898415274,37.6381604693901
MA010120220804372248,가람솔루션,,G2,소매,G216,안경·정밀기기 소매,G21601,사무기기 소매업,G47821,사무용 기기 소매업,46,전라남도,46170,나주시,46170620,빛가람동,4617013400,빛가람동,4617013400102000000,1,대지,200,,전라남도 나주시 빛가람동 200,461704685289,전라남도 나주시 상야3길,8,,4617013400102000000000001,중흥S클래스메가티움2차,전라남도 나주시 상야3길 8,520350,58217,,,,126.790363572019,35.0229314265878
MA010120220804344104,한통,,G2,소매,G216,안경·정밀기기 소매,G21601,사무기기 소매업,G47821,사무용 기기 소매업,11,서울특별시,11350,노원구,11350625,중계2.3동,1135010600,중계동,1135010600105090001,1,대지,509,1,서울특별시 노원구 중계동 509-1,113504130198,서울특별시 노원구 동일로204가길,34,,1135010600105090001010520,씨앤미복합빌딩,서울특별시 노원구 동일로204가길 34,139938,01783,,6,,127.068174191982,37.6407507053019
MA010120220804351104,신도네트도봉지점,,G2,소매,G216,안경·정밀기기 소매,G21601,사무기기 소매업,G47821,사무용 기기 소매업,11,서울특별시,11320,도봉구,11320514,창4동,1132010700,창동,1132010700100100003,1,대지,10,3,서울특별시 도봉구 창동 10-3,113204127032,서울특별시 도봉구 노해로69길,15,,1132010700100100003014432,세정빌딩,서울특별시 도봉구 노해로69길 15,132898,01414,,,,127.0506432469,37.6529768700525
MA010120220804368636,디지탈랜드,,G2,소매,G216,안경·정밀기기 소매,G21601,사무기기 소매업,G47821,사무용 기기 소매업,11,서울특별시,11215,광진구,11215830,자양2동,1121510500,자양동,1121510500106880009,1,대지,688,9,서울특별시 광진구 자양동 688-9,112154112291,서울특별시 광진구 뚝섬로64길,42,,1121510500106880009014279,,서울특별시 광진구 뚝섬로64길 42,143875,05113,,,,127.088869544533,37.5317618703538
MA010120220804368940,나온테크,,G2,소매,G216,안경·정밀기기 소매,G21601,사무기기 소매업,G47821,사무용 기기 소매업,11,서울특별시,11320,도봉구,11320513,창3동,1132010700,창동,1132010700104510000,1,대지,451,,서울특별시 도봉구 창동 451,113204127057,서울특별시 도봉구 덕릉로60바길,17,,1132010700104510000014955,한신아파트,서울특별시 도봉구 덕릉로60바길 17,132783,01474,,,,127.040991904704,37.6389523018338
MA010120220804346419,신도디지텍,,G2,소매,G216,안경·정밀기기 소매,G21601,사무기기 소매업,G47821,사무용 기기 소매업,11,서울특별시,11320,도봉구,11320670,쌍문2동,1132010500,쌍문동,1132010500100260049,1,대지,26,49,서울특별시 도봉구 쌍문동 26-49,113204127132,서울특별시 도봉구 도봉로139길,93,,1132010500100260049018867,,서울특별시 도봉구 도봉로139길 93,132858,01393,,1,,127.03649305604,37.6603881689283
MA010120220804408557,소민,,G2,소매,G216,안경·정밀기기 소매,G21601,사무기기 소매업,G47821,사무용 기기 소매업,41,경기도,41390,시흥시,41390650,거북섬동,4139013200,정왕동,4139013200127030014,1,대지,2703,14,경기도 시흥시 정왕동 2703-14,413904855375,경기도 시흥시 거북섬1길,22,,4139013200127030014000001,,경기도 시흥시 거북섬1길 22,429450,15119,,5,,126.676257091332,37.3271729797812
MA010120220804420609,신도서비스판매,,G2,소매,G216,안경·정밀기기 소매,G21601,사무기기 소매업,G47821,사무용 기기 소매업,11,서울특별시,11710,송파구,11710600,석촌동,1171010500,석촌동,1171010500102450004,1,대지,245,4,서울특별시 송파구 석촌동 245-4,117104169024,서울특별시 송파구 가락로5길,33,,1171010500102450004010121,,서울특별시 송파구 가락로5길 33,138845,05680,,,,127.100924233737,37.5022803705646
MA010120220804382871,전자,코리아,G2,소매,G216,안경·정밀기기 소매,G21601,사무기기 소매업,G45213,자동차 내장용 신품 전기ㆍ전자ㆍ정밀기기 판매업,28,인천광역시,28177,미추홀구,28177650,주안4동,2817710500,주안동,2817710500115060015,1,대지,1506,15,인천광역시 미추홀구 주안동 1506-15,281772008004,인천광역시 미추홀구 인주대로,437,,2817010600115060015138293,,인천광역시 미추홀구 인주대로 437,402859,22150,,1,,126.685204788315,37.4513305717468
MA010120220804429816,씨앤비월드,,G2,소매,G216,안경·정밀기기 소매,G21601,사무기기 소매업,G47821,사무용 기기 소매업,11,서울특별시,11500,강서구,11500620,공항동,1150010800,공항동,1150010800113360011,1,대지,1336,11,서울특별시 강서구 공항동 1336-11,115004145347,서울특별시 강서구 방화대로5가길,38,,1150010800113360011007141,,서울특별시 강서구 방화대로5가길 38,157815,07628,,,,126.814251072524,37.5544715185987
MA010120220804424482,신도네트,삼전점,G2,소매,G216,안경·정밀기기 소매,G21601,사무기기 소매업,G47821,사무용 기기 소매업,11,서울특별시,11710,송파구,11710600,석촌동,1171010500,석촌동,1171010500102240000,1,대지,224,,서울특별시 송파구 석촌동 224,117104169340,서울특별시 송파구 송파대로37길,124,,1171010500102240000010728,,서울특별시 송파구 송파대로37길 124,138845,05694,,,,127.098950627059,37.4978941421677
MA010120220804427285,홍천신도OA,,G2,소매,G216,안경·정밀기기 소매,G21601,사무기기 소매업,G47821,사무용 기기 소매업,51,강원특별자치도,51720,홍천군,51720250,홍천읍,5172025023,홍천읍,5172025023101010003,1,대지,101,3,강원특별자치도 홍천군 홍천읍 희망리 101-3,517204475670,강원특별자치도 홍천군 홍천읍 희망로9길,21,,4272025023101010003024524,,강원특별자치도 홍천군 홍천읍 희망로9길 21,250809,25123,,,,127.887999939266,37.6958913222259
MA010120220805741677,하나OA시스템,,G2,소매,G216,안경·정밀기기 소매,G21601,사무기기 소매업,G47821,사무용 기기 소매업,30,대전광역시,30170,서구,30170650,만년동,3017012800,만년동,3017012800103010000,1,대지,301,,대전광역시 서구 만년동 301,301702010001,대전광역시 서구 대덕대로,408,,3017012800103010000019328,,대전광역시 서구 대덕대로 408,302834,35203,,5,,127.380013351134,36.3693437977204
MA010120220805742254,대진OA,,G2,소매,G216,안경·정밀기기 소매,G21601,사무기기 소매업,G47821,사무용 기기 소매업,30,대전광역시,30170,서구,30170586,월평1동,3017011300,월평동,3017011300111040000,1,대지,1104,,대전광역시 서구 월평동 1104,301704298519,대전광역시 서구 월평로14번길,19,,3017011300111040000018663,,대전광역시 서구 월평로14번길 19,302852,35225,,1,,127.359710316254,36.354735541792
MA010120220805758926,플러스,,G2,소매,G216,안경·정밀기기 소매,G21601,사무기기 소매업,G47821,사무용 기기 소매업,30,대전광역시,30170,서구,30170586,월평1동,3017011300,월평동,3017011300114550000,1,대지,1455,,대전광역시 서구 월평동 1455,301704298042,대전광역시 서구 계룡로219번길,14,,3017011300114550000022350,,대전광역시 서구 계룡로219번길 14,302852,35226,,1,,127.353917005949,36.3522746091992
MA010120220805742448,창신테크,,G2,소매,G216,안경·정밀기기 소매,G21601,사무기기 소매업,G47821,사무용 기기 소매업,30,대전광역시,30140,중구,30140535,은행선화동,3014010200,선화동,3014010200102010004,1,대지,201,4,대전광역시 중구 선화동 201-4,301404295367,대전광역시 중구 보문로337번길,43,,3014010200102010004015679,,대전광역시 중구 보문로337번길 43,301825,34846,,1,,127.416177555159,36.3326086064651
MA010120220805754262,유민OA시스템,,G2,소매,G216,안경·정밀기기 소매,G21601,사무기기 소매업,G47821,사무용 기기 소매업,30,대전광역시,30230,대덕구,30230525,회덕동,3023010300,읍내동,3023010300103620010,1,대지,362,10,대전광역시 대덕구 읍내동 362-10,302304304371,대전광역시 대덕구 아리랑로151번길,8,,3023010300103620010012329,,대전광역시 대덕구 아리랑로151번길 8,306822,34360,,1,,127.420941708764,36.3734691397597
MA010120220805752634,우성정보통신,,G2,소매,G216,안경·정밀기기 소매,G21601,사무기기 소매업,G47821,사무용 기기 소매업,30,대전광역시,30230,대덕구,30230533,비래동,3023011000,비래동,3023011000101090016,1,대지,109,16,대전광역시 대덕구 비래동 109-16,302304304244,대전광역시 대덕구 비래서로9번길,67,,3023011000101090016021261,,대전광역시 대덕구 비래서로9번길 67,306808,34417,,2,,127.447398174579,36.3581612347689
MA010120220805741573,한신테크,,G2,소매,G216,안경·정밀기기 소매,G21601,사무기기 소매업,G47821,사무용 기기 소매업,30,대전광역시,30140,중구,30140560,중촌동,3014010400,중촌동,3014010400100230012,1,대지,23,12,대전광역시 중구 중촌동 23-12,301404295515,대전광역시 중구 어덕마을로150번길,9,1,3014010400100230012017131,,대전광역시 중구 어덕마을로150번길 9-1,301840,34803,,,,127.409446346747,36.3424907205061
MA010120220805752900,원시스템,,G2,소매,G216,안경·정밀기기 소매,G21601,사무기기 소매업,G47821,사무용 기기 소매업,30,대전광역시,30170,서구,30170555,탄방동,3017010600,탄방동,3017010600111470000,1,대지,1147,,대전광역시 서구 탄방동 1147,301703166014,대전광역시 서구 남선로,41,10,3017010600111470000022450,,대전광역시 서구 남선로 41-10,302861,35255,,1,,127.39717269953,36.3472272645953
MA010120220805787553,현대테크,,G2,소매,G216,안경·정밀기기 소매,G21601,사무기기 소매업,G47821,사무용 기기 소매업,30,대전광역시,30140,중구,30140535,은행선화동,3014010200,선화동,3014010200102010010,1,대지,201,10,대전광역시 중구 선화동 201-10,301404295467,대전광역시 중구 선화로97번길,76,,3014010200102010009026459,,대전광역시 중구 선화로97번길 76,301825,34846,,,,127.416165650672,36.3324644596817
MA010120220805769307,지나시스템,,G2,소매,G216,안경·정밀기기 소매,G21601,사무기기 소매업,G47821,사무용 기기 소매업,41,경기도,41115,수원시 팔달구,41115730,인계동,4111514100,인계동,4111514100110460019,1,대지,1046,19,경기도 수원시 팔달구 인계동 1046-19,411153175009,경기도 수원시 팔달구 권광로,159,,4111514100110460019011537,수원프라자,경기도 수원시 팔달구 권광로 159,442834,16490,,,,127.031587780014,37.2621242588485
MA010120220805765203,신도애니테크,,G2,소매,G216,안경·정밀기기 소매,G21601,사무기기 소매업,G47821,사무용 기기 소매업,30,대전광역시,30230,대덕구,30230510,오정동,3023010100,오정동,3023010100103020004,1,대지,302,4,대전광역시 대덕구 오정동 302-4,302304304398,대전광역시 대덕구 오정로77번길,58,,3023010100103020004019475,,대전광역시 대덕구 오정로77번길 58,306820,34440,,,,127.406512942105,36.3524767370547
MA010120220805782685,컴퓨터119，대전컴퓨터수리,,G2,소매,G216,안경·정밀기기 소매,G21601,사무기기 소매업,G47821,사무용 기기 소매업,30,대전광역시,30230,대덕구,30230546,중리동,3023010900,중리동,3023010900101650003,1,대지,165,3,대전광역시 대덕구 중리동 165-3,302304304438,대전광역시 대덕구 중리로26번길,10,,3023010900101650003013459,그린캐슬,대전광역시 대덕구 중리로26번길 10,306825,34390,,,,127.425744702847,36.3612142188661
MA010120220805768079,디지털프라자,,G2,소매,G216,안경·정밀기기 소매,G21601,사무기기 소매업,G47821,사무용 기기 소매업,30,대전광역시,30110,동구,30110665,성남동,3011011600,성남동,3011011600102050072,1,대지,205,72,대전광역시 동구 성남동 205-72,301103010001,대전광역시 동구 계족로,385,1,3011011600102050072008149,,대전광역시 동구 계족로 385-1,300819,34580,,,,127.432491133105,36.3461133694739
MA010120220805777915,우리정보카드체크기,,G2,소매,G216,안경·정밀기기 소매,G21601,사무기기 소매업,G47821,사무용 기기 소매업,30,대전광역시,30170,서구,30170582,갈마2동,3017011100,갈마동,3017011100114260000,1,대지,1426,,대전광역시 서구 갈마동 1426,301704298165,대전광역시 서구 대덕대로162번길,51,,3017011100114260001006877,외,대전광역시 서구 대덕대로162번길 51,302809,35265,,,,127.377915673277,36.3457216702111
MA010120220805793781,동광정보통신,,G2,소매,G216,안경·정밀기기 소매,G21601,사무기기 소매업,G47821,사무용 기기 소매업,30,대전광역시,30140,중구,30140560,중촌동,3014010400,중촌동,3014010400100710006,1,대지,71,6,대전광역시 중구 중촌동 71-6,301403165007,대전광역시 중구 대전천서로,663,,3014010400100710006016937,,대전광역시 중구 대전천서로 663,301840,34803,,2,,127.41231503499,36.3414985765826
MA010120220805788608,휴먼파트너,,G2,소매,G216,안경·정밀기기 소매,G21601,사무기기 소매업,G47821,사무용 기기 소매업,30,대전광역시,30230,대덕구,30230520,대화동,3023010200,대화동,3023010200100400037,1,대지,40,37,대전광역시 대덕구 대화동 40-37,302304304126,대전광역시 대덕구 대화로106번길,66,,3023010200100400037004587,펜타플렉스,대전광역시 대덕구 대화로106번길 66,306802,34365,,7,,127.407682530375,36.3695319474676
MA010120220805770197,첸스,,G2,소매,G216,안경·정밀기기 소매,G21601,사무기기 소매업,G47821,사무용 기기 소매업,41,경기도,41550,안성시,41550340,미양면,4155034031,미양면,4155034031102420000,1,대지,242,,경기도 안성시 미양면 갈전리 242,415504424530,경기도 안성시 미양면 은골길,12,,4155034031102420000030030,,경기도 안성시 미양면 은골길 12,456841,17598,,,,127.230046844527,36.9845942517937
MA010120220805798407,오에이비지니스솔루션,,G2,소매,G216,안경·정밀기기 소매,G21601,사무기기 소매업,G47821,사무용 기기 소매업,30,대전광역시,30110,동구,30110640,용전동,3011011500,용전동,3011011500100240002,1,대지,24,2,대전광역시 동구 용전동 24-2,301102010004,대전광역시 동구 한밭대로,1297,,3011011500100240002002773,,대전광역시 동구 한밭대로 1297,300824,34540,,2,,127.439951051747,36.3533766281853
MA010120220805792435,프린트매니저,,G2,소매,G216,안경·정밀기기 소매,G21601,사무기기 소매업,G47821,사무용 기기 소매업,30,대전광역시,30140,중구,30140535,은행선화동,3014010200,선화동,3014010200103910005,1,대지,391,5,대전광역시 중구 선화동 391-5,301404295573,대전광역시 중구 중앙로59번길,46,,3014010200103910005000001,,대전광역시 중구 중앙로59번길 46,301826,34865,,1,,127.41767885327,36.325916636676
MA010120220805789913,벧엘전산,,G2,소매,G216,안경·정밀기기 소매,G21601,사무기기 소매업,G47821,사무용 기기 소매업,30,대전광역시,30140,중구,30140560,중촌동,3014010400,중촌동,3014010400100250008,1,대지,25,8,대전광역시 중구 중촌동 25-8,301404295188,대전광역시 중구 대종로704번길,19,,3014010400100250008018437,,대전광역시 중구 대종로704번길 19,301840,34803,,,,127.410203989012,36.3425241693187
MA010120220805825307,메리트청주지사,,G2,소매,G216,안경·정밀기기 소매,G21601,사무기기 소매업,G47821,사무용 기기 소매업,43,충청북도,43113,청주시 흥덕구,43113747,가경동,4311311300,가경동,4311311300114850005,1,대지,1485,5,충청북도 청주시 흥덕구 가경동 1485-5,431134511791,충청북도 청주시 흥덕구 장구봉로29번길,26,,4311311300114850005000405,,충청북도 청주시 흥덕구 장구봉로29번길 26,361802,28403,,,,127.4368699937,36.6225621436442
MA010120220805828375,영광O.A,,G2,소매,G216,안경·정밀기기 소매,G21601,사무기기 소매업,G47821,사무용 기기 소매업,30,대전광역시,30230,대덕구,30230520,대화동,3023010200,대화동,3023010200102890001,1,대지,289,1,대전광역시 대덕구 대화동 289-1,302303168004,대전광역시 대덕구 대화로,160,,3023010200102890001008147,대전산업용재유통단지,대전광역시 대덕구 대화로 160,306754,34368,,1,,127.402936017244,36.3652945197826
MA010120220805803479,하늘정보통신,,G2,소매,G216,안경·정밀기기 소매,G21601,사무기기 소매업,G47821,사무용 기기 소매업,41,경기도,41281,고양시 덕양구,41281577,삼송2동,4128111100,삼송동,4128111100103500000,1,대지,350,,경기도 고양시 덕양구 삼송동 350,412814382175,경기도 고양시 덕양구 삼원로1길,40,,4128111100103500000000001,,경기도 고양시 덕양구 삼원로1길 40,412080,10550,,,,126.875688392638,37.6451377510053
MA010120220805876066,드림정보통신,,G2,소매,G216,안경·정밀기기 소매,G21601,사무기기 소매업,G47821,사무용 기기 소매업,44,충청남도,44150,공주시,44150370,정안면,4415037026,정안면,4415037026101400008,1,대지,140,8,충청남도 공주시 정안면 석송리 140-8,441504553618,충청남도 공주시 정안면 석송안말길,60,6,4415037026101380005025936,,충청남도 공주시 정안면 석송안말길 60-6,314825,32513,,,,127.114461747899,36.5587771293686
MA010120220805868310,웅진산업,,G2,소매,G216,안경·정밀기기 소매,G21601,사무기기 소매업,G47821,사무용 기기 소매업,44,충청남도,44150,공주시,44150560,옥룡동,4415010900,옥룡동,4415010900103110004,1,대지,311,4,충청남도 공주시 옥룡동 311-4,441504554093,충청남도 공주시 중골2길,8,,4415010900103110004755467,,충청남도 공주시 중골2길 8,314805,32561,,,,127.133284477742,36.4550795161512
MA010120220805859865,신도리코창신,,G2,소매,G216,안경·정밀기기 소매,G21601,사무기기 소매업,G47821,사무용 기기 소매업,30,대전광역시,30230,대덕구,30230546,중리동,3023010900,중리동,3023010900103910008,1,대지,391,8,대전광역시 대덕구 중리동 391-8,302303168029,대전광역시 대덕구 중리로,35,,3023010900103910008012099,,대전광역시 대덕구 중리로 35,306827,34391,,,,127.425048413615,36.3622530454293
MA010120220807251325,예인전산시스템,,G2,소매,G216,안경·정밀기기 소매,G21601,사무기기 소매업,G47821,사무용 기기 소매업,52,전북특별자치도,52111,전주시 완산구,52111713,효자3동,5211114000,효자동1가,5211114000106640003,1,대지,664,3,전북특별자치도 전주시 완산구 효자동1가 664-3,521114598444,전북특별자치도 전주시 완산구 효자천변1길,32,6,4511114000106640003025362,,전북특별자치도 전주시 완산구 효자천변1길 32-6,560858,55085,,1,,127.114613499698,35.8000605386431
MA010120220807235809,연정보통신,,G2,소매,G216,안경·정밀기기 소매,G21601,사무기기 소매업,G47821,사무용 기기 소매업,52,전북특별자치도,52111,전주시 완산구,52111510,중앙동,5211110100,중앙동1가,5211110100100500003,1,대지,50,3,전북특별자치도 전주시 완산구 중앙동1가 50-3,521113266074,전북특별자치도 전주시 완산구 충경로,18,43,4511110100100500003026415,,전북특별자치도 전주시 완산구 충경로 18-43,560011,55038,,1,,127.141769042677,35.8163173854267
MA010120220807235828,에이투지,,G2,소매,G216,안경·정밀기기 소매,G21601,사무기기 소매업,G47821,사무용 기기 소매업,52,전북특별자치도,52113,전주시 덕진구,52113600,팔복동,5211310900,팔복동2가,5211310900102250000,1,대지,225,,전북특별자치도 전주시 덕진구 팔복동2가 225,521134601229,전북특별자치도 전주시 덕진구 상리4길,10,,4511310900102250000001247,,전북특별자치도 전주시 덕진구 상리4길 10,561843,54882,,,,127.100916345687,35.8516699236485
MA010120220807241567,신도무주센타,,G2,소매,G216,안경·정밀기기 소매,G21601,사무기기 소매업,G47821,사무용 기기 소매업,52,전북특별자치도,52730,무주군,52730250,무주읍,5273025021,무주읍,5273025021103150002,1,대지,315,2,전북특별자치도 무주군 무주읍 읍내리 315-2,527303275055,전북특별자치도 무주군 무주읍 향학로,47,,4573025021103150002000740,,전북특별자치도 무주군 무주읍 향학로 47,568804,55518,,,,127.662394477735,36.0084121074704
MA010120220807243381,대경,,G2,소매,G216,안경·정밀기기 소매,G21601,사무기기 소매업,G47821,사무용 기기 소매업,52,전북특별자치도,52113,전주시 덕진구,52113590,금암2동,5211310700,금암동,5211310700115610041,1,대지,1561,41,전북특별자치도 전주시 덕진구 금암동 1561-41,521133267061,전북특별자치도 전주시 덕진구 조경단로,70,,4511310700115610041020844,,전북특별자치도 전주시 덕진구 조경단로 70,561805,54922,,,,127.138790044324,35.8403484204778
MA010120220807243551,삼성카드체크기전주지사,,G2,소매,G216,안경·정밀기기 소매,G21601,사무기기 소매업,G47821,사무용 기기 소매업,52,전북특별자치도,52113,전주시 덕진구,52113525,진북동,5211310200,진북동,5211310200104160000,1,대지,416,,전북특별자치도 전주시 덕진구 진북동 416,521133267026,전북특별자치도 전주시 덕진구 벚꽃로,57,,4511310200104160000007573,우성,전북특별자치도 전주시 덕진구 벚꽃로 57,561783,54937,,2,,127.135739121091,35.8297170632211
MA010120220807233367,에이스체크,,G2,소매,G216,안경·정밀기기 소매,G21601,사무기기 소매업,G47821,사무용 기기 소매업,52,전북특별자치도,52140,익산시,52140570,동산동,5214012500,금강동,5214012500102830041,1,대지,283,41,전북특별자치도 익산시 금강동 283-41,521403269037,전북특별자치도 익산시 춘포로,17,1,4514012500102830041063872,,전북특별자치도 익산시 춘포로 17-1,570958,54679,,,,126.978715637155,35.9205389465365
MA010120220807254120,온정정보통신,,G2,소매,G216,안경·정밀기기 소매,G21601,사무기기 소매업,G47821,사무용 기기 소매업,52,전북특별자치도,52111,전주시 완산구,52111510,중앙동,5211111700,고사동,5211111700104860002,1,대지,486,2,전북특별자치도 전주시 완산구 고사동 486-2,521114598333,전북특별자치도 전주시 완산구 전주객사2길,40,,4511111700104860002031062,,전북특별자치도 전주시 완산구 전주객사2길 40,560803,54999,,,,127.14060020443,35.8186349973718
MA010120220807235184,한빛O.A,,G2,소매,G216,안경·정밀기기 소매,G21601,사무기기 소매업,G47821,사무용 기기 소매업,52,전북특별자치도,52730,무주군,52730250,무주읍,5273025021,무주읍,5273025021102490004,1,대지,249,4,전북특별자치도 무주군 무주읍 읍내리 249-4,527303275011,전북특별자치도 무주군 무주읍 단천로,109,,4573025021102490004000530,,전북특별자치도 무주군 무주읍 단천로 109,568804,55521,,,,127.662999221287,36.0077779165638
MA010120220807250101,문우IT,,G2,소매,G216,안경·정밀기기 소매,G21601,사무기기 소매업,G47821,사무용 기기 소매업,52,전북특별자치도,52111,전주시 완산구,52111711,효자1동,5211114000,효자동1가,5211114000106870013,1,대지,687,13,전북특별자치도 전주시 완산구 효자동1가 687-13,521114598252,전북특별자치도 전주시 완산구 안행7길,5,15,4511114000106870013023716,,전북특별자치도 전주시 완산구 안행7길 5-15,560850,55105,,,,127.133158171541,35.8018349437084
MA010120220807244145,토기장이시스템,,G2,소매,G216,안경·정밀기기 소매,G21601,사무기기 소매업,G47821,사무용 기기 소매업,52,전북특별자치도,52113,전주시 덕진구,52113665,여의동,5211313100,만성동,5211313100113450003,1,대지,1345,3,전북특별자치도 전주시 덕진구 만성동 1345-3,521133351432,전북특별자치도 전주시 덕진구 만성북로,51,25,4511313100113450003000001,지식산업센터,전북특별자치도 전주시 덕진구 만성북로 51-25,561330,54858,,3,,127.082636661029,35.8490522177601
MA010120220807280818,전주메리트,,G2,소매,G216,안경·정밀기기 소매,G21601,사무기기 소매업,G47821,사무용 기기 소매업,52,전북특별자치도,52113,전주시 덕진구,52113570,덕진동,5211310500,덕진동1가,5211310500114330003,1,대지,1433,3,전북특별자치도 전주시 덕진구 덕진동1가 1433-3,521134601102,전북특별자치도 전주시 덕진구 들사평1길,6,,4511310500114330003017568,,전북특별자치도 전주시 덕진구 들사평1길 6,561811,54893,,,,127.12012696233,35.839476280338
MA010120220807284573,태진주,,G2,소매,G216,안경·정밀기기 소매,G21601,사무기기 소매업,G47821,사무용 기기 소매업,52,전북특별자치도,52113,전주시 덕진구,52113560,인후3동,5211310300,인후동1가,5211310300109160005,1,대지,916,5,전북특별자치도 전주시 덕진구 인후동1가 916-5,521133266047,전북특별자치도 전주시 덕진구 아중로,147,,4511310300109160005028810,회광빌딩,전북특별자치도 전주시 덕진구 아중로 147,561845,55024,,4,,127.165668564173,35.8262096905862
MA010120220807259623,대한상사,,G2,소매,G216,안경·정밀기기 소매,G21601,사무기기 소매업,G47821,사무용 기기 소매업,52,전북특별자치도,52111,전주시 완산구,52111672,중화산2동,5211112800,중화산동2가,5211112800106890007,1,대지,689,7,전북특별자치도 전주시 완산구 중화산동2가 689-7,521114598109,전북특별자치도 전주시 완산구 메너머3길,33,10,4511112800106890007067035,,전북특별자치도 전주시 완산구 메너머3길 33-10,560838,54972,,,,127.118884995459,35.8231016475919
MA010120220807274684,라피3d,,G2,소매,G216,안경·정밀기기 소매,G21601,사무기기 소매업,G47821,사무용 기기 소매업,26,부산광역시,26470,연제구,26470720,연산8동,2647010200,연산동,2647010200103780030,1,대지,378,30,부산광역시 연제구 연산동 378-30,264704211059,부산광역시 연제구 고분로143번길,22,,2647010200103780030007930,,부산광역시 연제구 고분로143번길 22,611816,47557,,,,129.099009060285,35.1862456238437
MA010120220807262456,전주사무기,,G2,소매,G216,안경·정밀기기 소매,G21601,사무기기 소매업,G47821,사무용 기기 소매업,52,전북특별자치도,52111,전주시 완산구,52111712,효자2동,5211114000,효자동1가,5211114000106050002,1,대지,605,2,전북특별자치도 전주시 완산구 효자동1가 605-2,521114598230,전북특별자치도 전주시 완산구 신봉3길,31,,4511114000106050002014608,,전북특별자치도 전주시 완산구 신봉3길 31,560855,55051,,,,127.114863678313,35.8124616697699
MA010120220807258749,사계절,,G2,소매,G216,안경·정밀기기 소매,G21601,사무기기 소매업,G47821,사무용 기기 소매업,52,전북특별자치도,52111,전주시 완산구,52111510,중앙동,5211111900,태평동,5211111900100830018,1,대지,83,18,전북특별자치도 전주시 완산구 태평동 83-18,521113266076,전북특별자치도 전주시 완산구 태진로,4,31,4511111900100830018016313,,전북특별자치도 전주시 완산구 태진로 4-31,560080,54997,,,,127.138325813861,35.8215937689257
MA010120220807262891,JB솔루션,,G2,소매,G216,안경·정밀기기 소매,G21601,사무기기 소매업,G47821,사무용 기기 소매업,52,전북특별자치도,52111,전주시 완산구,52111730,효자5동,5211114200,효자동3가,5211114200116370008,1,대지,1637,8,전북특별자치도 전주시 완산구 효자동3가 1637-8,521114598363,전북특별자치도 전주시 완산구 척동길,16,,4511114200116370008000001,,전북특별자치도 전주시 완산구 척동길 16,560901,54961,,,,127.099807532524,35.8237318590798
MA010120220807321862,드림팩토리,,G2,소매,G216,안경·정밀기기 소매,G21601,사무기기 소매업,G47821,사무용 기기 소매업,52,전북특별자치도,52140,익산시,52140656,신동,5214012100,신동,5214012100101200037,1,대지,120,37,전북특별자치도 익산시 신동 120-37,521403269034,전북특별자치도 익산시 인북로,390,,4514012100101200037000001,,전북특별자치도 익산시 인북로 390,570974,54543,,,,126.96335059955,35.9627133892009
MA010120220807309711,동성OA시스템,,G2,소매,G216,안경·정밀기기 소매,G21601,사무기기 소매업,G47821,사무용 기기 소매업,52,전북특별자치도,52140,익산시,52140595,남중동,5214011300,남중동,5214011300102180008,1,대지,218,8,전북특별자치도 익산시 남중동 218-8,521404607690,전북특별자치도 익산시 선화로33길,38,1,4514011300102180008079990,,전북특별자치도 익산시 선화로33길 38-1,570955,54620,,,,126.954700458938,35.9490386199004
MA010120220807309810,혜성상사,,G2,소매,G216,안경·정밀기기 소매,G21601,사무기기 소매업,G47821,사무용 기기 소매업,52,전북특별자치도,52140,익산시,52140250,함열읍,5214025021,함열읍,5214025021105470001,1,대지,547,1,전북특별자치도 익산시 함열읍 와리 547-1,521403269044,전북특별자치도 익산시 함열읍 함열중앙로,10,,4514025021105470001041045,,전북특별자치도 익산시 함열읍 함열중앙로 10,570804,54511,,,,126.95851175277,36.0789795697719
MA010120220807309972,다인정보시스템,,G2,소매,G216,안경·정밀기기 소매,G21601,사무기기 소매업,G47821,사무용 기기 소매업,52,전북특별자치도,52210,김제시,52210580,교월동,5221011000,옥산동,5221011000102760001,1,대지,276,1,전북특별자치도 김제시 옥산동 276-1,522103272085,전북특별자치도 김제시 동서로,70,,4521011000102760001000001,,전북특별자치도 김제시 동서로 70,576050,54414,,,,126.87811493767,35.7948621087055
MA010120220807313883,지평선사무기기,,G2,소매,G216,안경·정밀기기 소매,G21601,사무기기 소매업,G47821,사무용 기기 소매업,52,전북특별자치도,52210,김제시,52210510,요촌동,5221010100,요촌동,5221010100100510033,1,대지,51,33,전북특별자치도 김제시 요촌동 51-33,522103272085,전북특별자치도 김제시 동서로,244,5,4521010100100510033054838,,전북특별자치도 김제시 동서로 244-5,576805,54394,,,,126.894210796533,35.8031058834955
MA010120220807323215,대명정보,,G2,소매,G216,안경·정밀기기 소매,G21601,사무기기 소매업,G47821,사무용 기기 소매업,52,전북특별자치도,52140,익산시,52140656,신동,5214012100,신동,5214012100108200052,1,대지,820,52,전북특별자치도 익산시 신동 820-52,521404607266,전북특별자치도 익산시 동서로11길,38,,4514012100108200052067416,,전북특별자치도 익산시 동서로11길 38,570976,54647,,,,126.958674214401,35.9592781471781
MA010120220807304701,드림정보시스템,,G2,소매,G216,안경·정밀기기 소매,G21601,사무기기 소매업,G47821,사무용 기기 소매업,52,전북특별자치도,52140,익산시,52140595,남중동,5214011300,남중동,5214011300100860007,1,대지,86,7,전북특별자치도 익산시 남중동 86-7,521403269023,전북특별자치도 익산시 선화로,253,,4514011300100860007078391,,전북특별자치도 익산시 선화로 253,570954,54621,,,,126.95806102501,35.9449301790601
MA010120220807321077,아이티솔루션,,G2,소매,G216,안경·정밀기기 소매,G21601,사무기기 소매업,G47821,사무용 기기 소매업,52,전북특별자치도,52140,익산시,52140595,남중동,5214011300,남중동,5214011300105390005,1,대지,539,5,전북특별자치도 익산시 남중동 539-5,521404607284,전북특별자치도 익산시 동서로33길,31,30,4514011300105390005064514,,전북특별자치도 익산시 동서로33길 31-30,570957,54633,,,,126.961147864982,35.9559263602872
MA010120220807323609,전북포스.체크기,,G2,소매,G216,안경·정밀기기 소매,G21601,사무기기 소매업,G47821,사무용 기기 소매업,52,전북특별자치도,52140,익산시,52140646,영등1동,5214012200,영등동,5214012200102170002,1,대지,217,2,전북특별자치도 익산시 영등동 217-2,521403269016,전북특별자치도 익산시 보석로,101,,4514012200102170002000001,,전북특별자치도 익산시 보석로 101,570979,54628,,,,126.972623307514,35.9480977424032
MA010120220807353132,기산정보시스템,,G2,소매,G216,안경·정밀기기 소매,G21601,사무기기 소매업,G47821,사무용 기기 소매업,52,전북특별자치도,52790,고창군,52790250,고창읍,5279025022,고창읍,5279025022102960015,1,대지,296,15,전북특별자치도 고창군 고창읍 교촌리 296-15,527903279026,전북특별자치도 고창군 고창읍 보릿골로,161,,4579025022102960015000080,,전북특별자치도 고창군 고창읍 보릿골로 161,585801,56435,,,,126.695408793585,35.4398635693043
MA010120220807340532,원광종합상사,,G2,소매,G216,안경·정밀기기 소매,G21601,사무기기 소매업,G47821,사무용 기기 소매업,52,전북특별자치도,52140,익산시,52140656,신동,5214012100,신동,5214012100103110002,1,대지,311,2,전북특별자치도 익산시 신동 311-2,521404608037,전북특별자치도 익산시 익산대로25길,18,,4514012100103110002068602,,전북특별자치도 익산시 익산대로25길 18,570975,54535,,,,126.952517417736,35.966774179807
MA010120220807350312,천우종합산업,,G2,소매,G216,안경·정밀기기 소매,G21601,사무기기 소매업,G47821,사무용 기기 소매업,52,전북특별자치도,52180,정읍시,52180520,장명동,5218010200,장명동,5218010200100900001,1,대지,90,1,전북특별자치도 정읍시 장명동 90-1,521803270044,전북특별자치도 정읍시 충정로,218,,4518010200100900001081284,,전북특별자치도 정읍시 충정로 218,580030,56180,,,,126.857631354306,35.5688074127244
MA010120220807331074,나라정보통신,,G2,소매,G216,안경·정밀기기 소매,G21601,사무기기 소매업,G47821,사무용 기기 소매업,52,전북특별자치도,52140,익산시,52140652,어양동,5214012300,어양동,5214012300106600003,1,대지,660,3,전북특별자치도 익산시 어양동 660-3,521403269039,전북특별자치도 익산시 하나로,422,15,4514012300106600003058680,,전북특별자치도 익산시 하나로 422-15,570210,54563,,,,126.983106402905,35.95780603962
MA010120220807333677,원테크,,G2,소매,G216,안경·정밀기기 소매,G21601,사무기기 소매업,G47821,사무용 기기 소매업,41,경기도,41450,하남시,41450610,미사1동,4145010900,망월동,4145010900111350000,1,대지,1135,,경기도 하남시 망월동 1135,414503202056,경기도 하남시 미사강변남로,125,,4145010900111350000000001,미사역마이움푸르지오,경기도 하남시 미사강변남로 125,465150,12912,,,,127.194504740509,37.5617644962578
MA010120220808725957,창원O·A시스템,,G2,소매,G216,안경·정밀기기 소매,G21601,사무기기 소매업,G47821,사무용 기기 소매업,48,경상남도,48123,창원시 성산구,48123510,반송동,4812312400,반지동,4812312400100840002,1,대지,84,2,경상남도 창원시 성산구 반지동 84-2,481233328016,경상남도 창원시 성산구 반지로,28,1,4812312400100840002008849,,경상남도 창원시 성산구 반지로 28-1,642820,51420,,,,128.661055101099,35.2409376213311
MA010120220808701364,양구종합오에이상사,,G2,소매,G216,안경·정밀기기 소매,G21601,사무기기 소매업,G47821,사무용 기기 소매업,51,강원특별자치도,51800,양구군,51800250,양구읍,5180025021,양구읍,5180025021102270070,1,대지,227,70,강원특별자치도 양구군 양구읍 상리 227-70,518004496063,강원특별자치도 양구군 양구읍 사명길,70,,4280025021002270070004666,,강원특별자치도 양구군 양구읍 사명길 70,255804,24532,,,,127.98851190357,38.1054477317569
MA010120220808771693,유진정보통신,,G2,소매,G216,안경·정밀기기 소매,G21601,사무기기 소매업,G47821,사무용 기기 소매업,43,충청북도,43113,청주시 흥덕구,43113751,봉명1동,4311311500,봉명동,4311311500109620004,1,대지,962,4,충청북도 청주시 흥덕구 봉명동 962-4,431134511416,충청북도 청주시 흥덕구 봉명로205번길,23,,4311311500109620004002302,,충청북도 청주시 흥덕구 봉명로205번길 23,361818,28561,,,,127.464246594416,36.6409227711316
MA010120220808771930,유앤아이인포텍,,G2,소매,G216,안경·정밀기기 소매,G21601,사무기기 소매업,G47821,사무용 기기 소매업,11,서울특별시,11380,은평구,11380552,갈현2동,1138010400,갈현동,1138010400104610001,1,대지,461,1,서울특별시 은평구 갈현동 461-1,113803111006,서울특별시 은평구 연서로,195,,1138010400104610001031497,영보빌딩,서울특별시 은평구 연서로 195,122813,03333,,,,126.918448751978,37.6163705398013
MA010120220808792439,제이디원,,G2,소매,G216,안경·정밀기기 소매,G21601,사무기기 소매업,G47821,사무용 기기 소매업,41,경기도,41670,여주시,41670510,여흥동,4167010500,단현동,4167010500100690001,1,대지,69,1,경기도 여주시 단현동 69-1,416704442098,경기도 여주시 단현길,44,,4173025025100690001056390,,경기도 여주시 단현길 44,469105,12654,,,,127.681851183941,37.2697789825751
MA010120220808804266,대원사,,G2,소매,G216,안경·정밀기기 소매,G21601,사무기기 소매업,G47821,사무용 기기 소매업,27,대구광역시,27110,중구,27110595,대신동,2711015400,대신동,2711015400101150001,1,대지,115,1,대구광역시 중구 대신동 115-1,271103007001,대구광역시 중구 국채보상로,470,,2711013500101540018000001,대신지하상가,대구광역시 중구 국채보상로 470,700750,41925,,,,128.581053359105,35.8705161947503
MA010120220808800764,중앙서적,,G2,소매,G216,안경·정밀기기 소매,G21601,사무기기 소매업,G47821,사무용 기기 소매업,52,전북특별자치도,52140,익산시,52140530,평화동,5214010600,평화동,5214010600101050011,1,대지,105,11,전북특별자치도 익산시 평화동 105-11,521404608317,전북특별자치도 익산시 평동로3길,14,1,4514010600101050011085553,,전북특별자치도 익산시 평동로3길 14-1,570010,54602,,2,,126.946354000267,35.9331552863913
MA010120220808820797,피버트,,G2,소매,G216,안경·정밀기기 소매,G21601,사무기기 소매업,G47821,사무용 기기 소매업,48,경상남도,48170,진주시,48170515,천전동,4817010100,망경동,4817010100100660006,1,대지,66,6,경상남도 진주시 망경동 66-6,481704796523,경상남도 진주시 망경남길60번길,11,1,4817010100100660006086403,,경상남도 진주시 망경남길60번길 11-1,660801,52711,,,,128.084130838224,35.1833906360068
MA010120220800615657,삼구프라자,,G2,소매,G216,안경·정밀기기 소매,G21601,사무기기 소매업,G47821,사무용 기기 소매업,41,경기도,41281,고양시 덕양구,41281630,행주동,4128112000,토당동,4128112000108840002,1,대지,884,2,경기도 고양시 덕양구 토당동 884-2,412814376226,경기도 고양시 덕양구 지도로26번길,16,,4128112000108840002011333,,경기도 고양시 덕양구 지도로26번길 16,412821,10516,,,,126.8253834124,37.619089616586
MA010120220800612876,카피맨,,G2,소매,G216,안경·정밀기기 소매,G21601,사무기기 소매업,G47821,사무용 기기 소매업,11,서울특별시,11650,서초구,11650510,서초1동,1165010800,서초동,1165010800114450003,1,대지,1445,3,서울특별시 서초구 서초동 1445-3,116503121021,서울특별시 서초구 효령로,304,,1165010800114450003024144,국제전자센터,서울특별시 서초구 효령로 304,137728,06720,,5,,127.017807990612,37.4847344817979
MA010120220800602664,로우코스트,,G2,소매,G216,안경·정밀기기 소매,G21601,사무기기 소매업,G47821,사무용 기기 소매업,11,서울특별시,11200,성동구,11200660,성수1가2동,1120011400,성수동1가,1120011400100080018,1,대지,8,18,서울특별시 성동구 성수동1가 8-18,112004109310,서울특별시 성동구 상원1길,41,,1120011400100080018008343,,서울특별시 성동구 상원1길 41,133822,04778,,2,,127.046825902611,37.547085004827
MA010120220800625854,한국평가인증,,G2,소매,G216,안경·정밀기기 소매,G21601,사무기기 소매업,G47821,사무용 기기 소매업,11,서울특별시,11440,마포구,11440660,서교동,1144012000,서교동,1144012000103950180,1,대지,395,180,서울특별시 마포구 서교동 395-180,114404139090,서울특별시 마포구 독막로3길,51,,1144012000103950180010790,서주빌딩,서울특별시 마포구 독막로3길 51,121840,04044,,,,126.917762395178,37.5504714263252
MA010120220800603650,티엔에스,,G2,소매,G216,안경·정밀기기 소매,G21601,사무기기 소매업,G47821,사무용 기기 소매업,11,서울특별시,11740,강동구,11740685,길동,1174010500,길동,1174010500103450009,1,대지,345,9,서울특별시 강동구 길동 345-9,117403124009,서울특별시 강동구 천중로,213,,1174010500103450009002392,,서울특별시 강동구 천중로 213,134811,05303,,6,,127.143973946203,37.5409968563312
MA010120220800609461,접속사,,G2,소매,G216,안경·정밀기기 소매,G21601,사무기기 소매업,G47821,사무용 기기 소매업,11,서울특별시,11650,서초구,11650510,서초1동,1165010800,서초동,1165010800114450003,1,대지,1445,3,서울특별시 서초구 서초동 1445-3,116503121021,서울특별시 서초구 효령로,304,,1165010800114450003024144,국제전자센터,서울특별시 서초구 효령로 304,137728,06720,,2,,127.017807990612,37.4847344817979
MA010120220800714303,착한전산,,G2,소매,G216,안경·정밀기기 소매,G21601,사무기기 소매업,G47821,사무용 기기 소매업,41,경기도,41285,고양시 일산동구,41285570,마두2동,4128510500,마두동,4128510500107850000,1,대지,785,,경기도 고양시 일산동구 마두동 785,412853193003,경기도 고양시 일산동구 강송로,169,,4128510500107850000005634,한주프라자,경기도 고양시 일산동구 강송로 169,410811,10415,,,,126.783610898174,37.6537983769244
MA010120220800718506,디지털OA서비스,,G2,소매,G216,안경·정밀기기 소매,G21601,사무기기 소매업,G47821,사무용 기기 소매업,11,서울특별시,11530,구로구,11530530,구로2동,1153010200,구로동,1153010200103940080,1,대지,394,80,서울특별시 구로구 구로동 394-80,115303000023,서울특별시 구로구 가마산로,159,11,1153010200103940080024763,,서울특별시 구로구 가마산로 159-11,152851,08287,,,,126.880502672093,37.4901084690131
MA010120220800723550,아이테크,,G2,소매,G216,안경·정밀기기 소매,G21601,사무기기 소매업,G47821,사무용 기기 소매업,11,서울특별시,11530,구로구,11530595,가리봉동,1153010300,가리봉동,1153010300101370008,1,대지,137,8,서울특별시 구로구 가리봉동 137-8,115302000003,서울특별시 구로구 남부순환로,1287,,1153010300101370008016107,전국체신노동조합회관,서울특별시 구로구 남부순환로 1287,152801,08395,,,,126.893861256373,37.4789577352796
MA010120220800745565,남부OA서비스,,G2,소매,G216,안경·정밀기기 소매,G21601,사무기기 소매업,G47821,사무용 기기 소매업,11,서울특별시,11530,구로구,11530760,개봉3동,1153010700,개봉동,1153010700103650010,1,대지,365,10,서울특별시 구로구 개봉동 365-10,115304148054,서울특별시 구로구 개봉로3가길,44,2,1153010700103650010008131,,서울특별시 구로구 개봉로3가길 44-2,152815,08353,,,,126.853601853956,37.484500962124
MA010120220800728147,잉크에버,,G2,소매,G216,안경·정밀기기 소매,G21601,사무기기 소매업,G47821,사무용 기기 소매업,11,서울특별시,11530,구로구,11530530,구로2동,1153010200,구로동,1153010200104290224,1,대지,429,224,서울특별시 구로구 구로동 429-224,115304148253,서울특별시 구로구 구로중앙로19길,19,17,1153010200104290224023176,,서울특별시 구로구 구로중앙로19길 19-17,152854,08306,,,,126.888559702333,37.493603240439
MA010120220800711378,BEARO.A,,G2,소매,G216,안경·정밀기기 소매,G21601,사무기기 소매업,G47821,사무용 기기 소매업,41,경기도,41210,광명시,41210655,일직동,4121010600,일직동,4121010600105010004,1,대지,501,4,경기도 광명시 일직동 501-4,412104855368,경기도 광명시 덕안로104번길,17,,4121010600105010004000001,광명역M클러스터,경기도 광명시 덕안로104번길 17,423090,14353,,,,126.887058370828,37.4242148846332
MA010120220800694270,완동,,G2,소매,G216,안경·정밀기기 소매,G21601,사무기기 소매업,G47821,사무용 기기 소매업,46,전라남도,46710,담양군,46710250,담양읍,4671025028,담양읍,4671025028103210002,1,대지,321,2,전라남도 담양군 담양읍 만성리 321-2,467104658263,전라남도 담양군 담양읍 완동길,48,2,4671025028103210002000001,,전라남도 담양군 담양읍 완동길 48-2,517805,57335,,,,126.978168487299,35.3269130261692
MA010120220800708114,성광OA상사,,G2,소매,G216,안경·정밀기기 소매,G21601,사무기기 소매업,G47821,사무용 기기 소매업,41,경기도,41281,고양시 덕양구,41281610,능곡동,4128112000,토당동,4128112000108370003,1,대지,837,3,경기도 고양시 덕양구 토당동 837-3,412814376250,경기도 고양시 덕양구 토당로168번길,44,,4128112000108370003012426,,경기도 고양시 덕양구 토당로168번길 44,412820,10507,,1,,126.821480267251,37.6266160210055
MA010120220800708179,신O.A시스템,,G2,소매,G216,안경·정밀기기 소매,G21601,사무기기 소매업,G47821,사무용 기기 소매업,11,서울특별시,11530,구로구,11530530,구로2동,1153010200,구로동,1153010200103940080,1,대지,394,80,서울특별시 구로구 구로동 394-80,115303000023,서울특별시 구로구 가마산로,159,11,1153010200103940080024763,,서울특별시 구로구 가마산로 159-11,152851,08287,,,,126.880502672093,37.4901084690131
MA010120220800715520,디지털솔루션,,G2,소매,G216,안경·정밀기기 소매,G21601,사무기기 소매업,G47821,사무용 기기 소매업,11,서울특별시,11530,구로구,11530730,고척2동,1153010600,고척동,1153010600102200008,1,대지,220,8,서울특별시 구로구 고척동 220-8,115304148463,서울특별시 구로구 중앙로15길,83,,1153010600102200008011476,,서울특별시 구로구 중앙로15길 83,152832,08241,,,,126.855164243483,37.5068478373798
MA010120220800715621,씨앤엠디지털솔루션,,G2,소매,G216,안경·정밀기기 소매,G21601,사무기기 소매업,G47821,사무용 기기 소매업,11,서울특별시,11260,중랑구,11260520,면목2동,1126010100,면목동,1126010100101420005,1,대지,142,5,서울특별시 중랑구 면목동 142-5,112604118063,서울특별시 중랑구 동일로100길,55,,1126010100101420005027169,,서울특별시 중랑구 동일로100길 55,131819,02141,,1,,127.082382790173,37.5898267934727
MA010120220800750902,탑쉬레드,,G2,소매,G216,안경·정밀기기 소매,G21601,사무기기 소매업,G47821,사무용 기기 소매업,11,서울특별시,11680,강남구,11680565,청담동,1168010400,청담동,1168010400100410000,1,대지,41,,서울특별시 강남구 청담동 41,116803122006,서울특별시 강남구 선릉로,704,,1168010400100410001019004,청담벤처프라자,서울특별시 강남구 선릉로 704,135951,06069,,10,,127.04138932091,37.5178044997454
MA010120220800695010,비즈프린팅,,G2,소매,G216,안경·정밀기기 소매,G21601,사무기기 소매업,G47821,사무용 기기 소매업,26,부산광역시,26530,사상구,26530645,감전동,2653010500,감전동,2653010500101210025,1,대지,121,25,부산광역시 사상구 감전동 121-25,265303139012,부산광역시 사상구 새벽로,172,,2653010500101210025016705,,부산광역시 사상구 새벽로 172,617800,46981,,1,,128.983598882104,35.156470281482
MA010120220800725859,원정보통신,,G2,소매,G216,안경·정밀기기 소매,G21601,사무기기 소매업,G47821,사무용 기기 소매업,11,서울특별시,11530,구로구,11530740,개봉1동,1153010700,개봉동,1153010700101390091,1,대지,139,91,서울특별시 구로구 개봉동 139-91,115304148091,서울특별시 구로구 경인로35가길,16,,1153010700101390091006601,,서울특별시 구로구 경인로35가길 16,152805,08238,,,,126.852182381748,37.4990955015809
MA010120220800709658,카피아,,G2,소매,G216,안경·정밀기기 소매,G21601,사무기기 소매업,G47821,사무용 기기 소매업,11,서울특별시,11530,구로구,11530540,구로3동,1153010200,구로동,1153010200101970007,1,대지,197,7,서울특별시 구로구 구로동 197-7,115304148335,서울특별시 구로구 디지털로31길,19,,1153010200101970007022652,에이스테크노타워,서울특별시 구로구 디지털로31길 19,152766,08381,,,,126.893762429319,37.4848772722063
MA010120220800709847,현대사무기,,G2,소매,G216,안경·정밀기기 소매,G21601,사무기기 소매업,G47821,사무용 기기 소매업,11,서울특별시,11560,영등포구,11560720,대림3동,1156013300,대림동,1156013300106820008,1,대지,682,8,서울특별시 영등포구 대림동 682-8,115604154008,서울특별시 영등포구 가마산로46가길,18,,1156013300106820008000951,,서울특별시 영등포구 가마산로46가길 18,150813,07401,,,,126.89912331867,37.500559490593
MA010120220800786183,우리넷,,G2,소매,G216,안경·정밀기기 소매,G21601,사무기기 소매업,G47821,사무용 기기 소매업,11,서울특별시,11650,서초구,11650652,양재2동,1165010200,양재동,1165010200102750001,1,대지,275,1,서울특별시 서초구 양재동 275-1,116503121022,서울특별시 서초구 논현로,83,,1165010200102750001002669,삼호물산빌딩,서울특별시 서초구 논현로 83,137940,06775,,,,127.044385478438,37.477177031504
MA010120220800782038,베스트OA,,G2,소매,G216,안경·정밀기기 소매,G21601,사무기기 소매업,G47821,사무용 기기 소매업,11,서울특별시,11650,서초구,11650620,방배3동,1165010100,방배동,1165010100104880004,1,대지,488,4,서울특별시 서초구 방배동 488-4,116502000003,서울특별시 서초구 남부순환로,2201,,1165010100104880004011435,리더스빌,서울특별시 서초구 남부순환로 2201,137822,06702,,,,126.99311521239,37.4741757946627
MA010120220800780922,대아솔루션,,G2,소매,G216,안경·정밀기기 소매,G21601,사무기기 소매업,G47821,사무용 기기 소매업,11,서울특별시,11650,서초구,11650540,잠원동,1165010600,잠원동,1165010600100440017,1,대지,44,17,서울특별시 서초구 잠원동 44-17,116504163458,서울특별시 서초구 신반포로43길,23,10,1165010600100440017018909,,서울특별시 서초구 신반포로43길 23-10,137906,06529,,,,127.017101712918,37.511233185058
MA010120220800768558,원티엔씨,,G2,소매,G216,안경·정밀기기 소매,G21601,사무기기 소매업,G47821,사무용 기기 소매업,11,서울특별시,11545,금천구,11545510,가산동,1154510100,가산동,1154510100104810011,1,대지,481,11,서울특별시 금천구 가산동 481-11,115453000023,서울특별시 금천구 가마산로,96,,1154510100104810011015653,대륭테크노타운8차,서울특별시 금천구 가마산로 96,153775,08501,,,,126.87746888699,37.4852579413226
MA010120220800779196,유원O.A,,G2,소매,G216,안경·정밀기기 소매,G21601,사무기기 소매업,G47821,사무용 기기 소매업,11,서울특별시,11230,동대문구,11230650,장안1동,1123010600,장안동,1123010600103700002,1,대지,370,2,서울특별시 동대문구 장안동 370-2,112303005025,서울특별시 동대문구 답십리로,268,,1123010600103700002016752,해림빌딩,서울특별시 동대문구 답십리로 268,130842,02624,,,,127.070160596825,37.5722472969838
MA010120220800789020,신영벤처,,G2,소매,G216,안경·정밀기기 소매,G21601,사무기기 소매업,G47821,사무용 기기 소매업,11,서울특별시,11440,마포구,11440680,합정동,1144012200,합정동,1144012200103760013,1,대지,376,13,서울특별시 마포구 합정동 376-13,114404139436,서울특별시 마포구 양화진길,51,,1144012200103760013012619,,서울특별시 마포구 양화진길 51,121897,04083,,,,126.912176829754,37.5463588511238
MA010120220802358207,더나은,,G2,소매,G216,안경·정밀기기 소매,G21601,사무기기 소매업,G47821,사무용 기기 소매업,41,경기도,41271,안산시 상록구,41271515,이동,4127110200,이동,4127110200106040004,1,대지,604,4,경기도 안산시 상록구 이동 604-4,412714370113,경기도 안산시 상록구 매화로4길,23,5,4127110200106040004015956,,경기도 안산시 상록구 매화로4길 23-5,426857,15514,,,,126.861607673777,37.3059732129459
MA010120220802358870,안산O.A솔루션,,G2,소매,G216,안경·정밀기기 소매,G21601,사무기기 소매업,G47821,사무용 기기 소매업,41,경기도,41273,안산시 단원구,41273570,초지동,4127310700,초지동,4127310700106990007,1,대지,699,7,경기도 안산시 단원구 초지동 699-7,412734373234,경기도 안산시 단원구 신촌5길,25,,4127310700106990007026571,,경기도 안산시 단원구 신촌5길 25,425853,15441,,1,,126.81855359387,37.314934384351
MA010120220802327170,청호,,G2,소매,G216,안경·정밀기기 소매,G21601,사무기기 소매업,G47821,사무용 기기 소매업,41,경기도,41273,안산시 단원구,41273570,초지동,4127310700,초지동,4127310700106950010,1,대지,695,10,경기도 안산시 단원구 초지동 695-10,412734373235,경기도 안산시 단원구 신촌6길,3,,4127310700106950010034960,,경기도 안산시 단원구 신촌6길 3,425853,15440,,1,,126.816149486136,37.3154352522604
MA010120220802320500,K&KOA,,G2,소매,G216,안경·정밀기기 소매,G21601,사무기기 소매업,G47821,사무용 기기 소매업,41,경기도,41273,안산시 단원구,41273570,초지동,4127310700,초지동,4127310700106950003,1,대지,695,3,경기도 안산시 단원구 초지동 695-3,412734373230,경기도 안산시 단원구 신촌1길,50,,4127310700106950003037092,,경기도 안산시 단원구 신촌1길 50,425853,15440,,,,126.816532784022,37.3155439711092
MA010120220802343735,엔젤정보통신,,G2,소매,G216,안경·정밀기기 소매,G21601,사무기기 소매업,G47821,사무용 기기 소매업,41,경기도,41273,안산시 단원구,41273535,호수동,4127310100,고잔동,4127310100107690003,1,대지,769,3,경기도 안산시 단원구 고잔동 769-3,412733191004,경기도 안산시 단원구 광덕동로,65,,4127310100107690003019736,거성타운,경기도 안산시 단원구 광덕동로 65,425906,15470,,,,126.832383358627,37.3102784163835
MA010120220802343993,해찬OA사무기,,G2,소매,G216,안경·정밀기기 소매,G21601,사무기기 소매업,G47821,사무용 기기 소매업,41,경기도,41273,안산시 단원구,41273535,호수동,4127310100,고잔동,4127310100107060003,1,대지,706,3,경기도 안산시 단원구 고잔동 706-3,412732190001,경기도 안산시 단원구 광덕대로,187,,4127310100107060003044547,장은타워,경기도 안산시 단원구 광덕대로 187,425807,15461,,,,126.829296792281,37.3133735606982
MA010120220802334784,나래,,G2,소매,G216,안경·정밀기기 소매,G21601,사무기기 소매업,G47821,사무용 기기 소매업,41,경기도,41390,시흥시,41390591,정왕1동,4139013200,정왕동,4139013200112770006,1,대지,1277,6,경기도 시흥시 정왕동 1277-6,413902199001,경기도 시흥시 공단1대로,263,,4139013200112770006035924,유호엔씨티,경기도 시흥시 공단1대로 263,429850,15079,,,,126.730532215287,37.3355174100402
MA010120220802321699,신라정보통신,,G2,소매,G216,안경·정밀기기 소매,G21601,사무기기 소매업,G47821,사무용 기기 소매업,31,울산광역시,31110,중구,31110610,다운동,3111011100,태화동,3111011100109130007,1,대지,913,7,울산광역시 중구 태화동 913-7,311103169008,울산광역시 중구 명난로,9,,3111011100109130007001793,,울산광역시 중구 명난로 9,681802,44432,,1,,129.28091941571,35.5554297641812
MA010120220802337729,잉크플러스,,G2,소매,G216,안경·정밀기기 소매,G21601,사무기기 소매업,G47821,사무용 기기 소매업,41,경기도,41273,안산시 단원구,41273535,호수동,4127310100,고잔동,4127310100107390001,1,대지,739,1,경기도 안산시 단원구 고잔동 739-1,412734373329,경기도 안산시 단원구 이삭2길,55,7,4127310100107390001044553,,경기도 안산시 단원구 이삭2길 55-7,425809,15466,,1,,126.837104029756,37.312988110222
MA010120220802325831,안산O.A사무기,,G2,소매,G216,안경·정밀기기 소매,G21601,사무기기 소매업,G47821,사무용 기기 소매업,41,경기도,41273,안산시 단원구,41273535,호수동,4127310100,고잔동,4127310100106960003,1,대지,696,3,경기도 안산시 단원구 고잔동 696-3,412733190011,경기도 안산시 단원구 광덕3로,89,,4127310100106960003003545,,경기도 안산시 단원구 광덕3로 89,425802,15459,,,,126.822653002381,37.3130844701942
MA010120220802406277,새한사무기,,G2,소매,G216,안경·정밀기기 소매,G21601,사무기기 소매업,G47821,사무용 기기 소매업,41,경기도,41115,수원시 팔달구,41115710,우만1동,4111514000,우만동,4111514000104820009,1,대지,482,9,경기도 수원시 팔달구 우만동 482-9,411154328220,경기도 수원시 팔달구 월드컵로345번길,18,,4111514000104820009020487,,경기도 수원시 팔달구 월드컵로345번길 18,442819,16234,,,,127.031147560042,37.2881284025365
MA010120220802386315,넥젠시스템주,,G2,소매,G216,안경·정밀기기 소매,G21601,사무기기 소매업,G47821,사무용 기기 소매업,11,서울특별시,11440,마포구,11440585,도화동,1144010400,도화동,1144010400105680000,1,대지,568,,서울특별시 마포구 도화동 568,114403005018,서울특별시 마포구 새창로,11,,1144010400100180005000001,공덕빌딩,서울특별시 마포구 새창로 11,121815,04168,,,,126.951343881,37.5424891689828
MA010120220802406567,한슬정보,,G2,소매,G216,안경·정밀기기 소매,G21601,사무기기 소매업,G47821,사무용 기기 소매업,41,경기도,41461,용인시 처인구,41461526,삼가동,4146110300,삼가동,4146110300101170000,1,대지,117,,경기도 용인시 처인구 삼가동 117,414614409144,경기도 용인시 처인구 금학로1번길,9,,4146110300101170000028976,풍림,경기도 용인시 처인구 금학로1번길 9,449719,17017,,,,127.167055556044,37.2452782534673
MA010120220802386427,청송시스템,,G2,소매,G216,안경·정밀기기 소매,G21601,사무기기 소매업,G47821,사무용 기기 소매업,41,경기도,41273,안산시 단원구,41273570,초지동,4127310500,원시동,4127310500107840002,1,대지,784,2,경기도 안산시 단원구 원시동 784-2,412733191028,경기도 안산시 단원구 별망로,555,,4127310500107840002033615,,경기도 안산시 단원구 별망로 555,425852,15434,,9,,126.786982974804,37.3010418867486
MA010120220802380641,신도리코경기센터,,G2,소매,G216,안경·정밀기기 소매,G21601,사무기기 소매업,G47821,사무용 기기 소매업,41,경기도,41273,안산시 단원구,41273570,초지동,4127310500,원시동,4127310500107730009,1,대지,773,9,경기도 안산시 단원구 원시동 773-9,412733191020,경기도 안산시 단원구 동산로,63,,4127310500107730009013324,비,경기도 안산시 단원구 동산로 63,425782,15433,,1,,126.797267391709,37.3144312946454
MA010120220802415343,수정보통신,,G2,소매,G216,안경·정밀기기 소매,G21601,사무기기 소매업,G47821,사무용 기기 소매업,41,경기도,41461,용인시 처인구,41461530,유림동,4146110600,고림동,4146110600108060001,1,대지,806,1,경기도 용인시 처인구 고림동 806-1,414613203009,경기도 용인시 처인구 고진로,85,,4146110600108060001040243,,경기도 용인시 처인구 고진로 85,449923,17151,,,,127.219098519287,37.2356062893031
MA010120220802418180,한국신용카드결제경기남부점주,,G2,소매,G216,안경·정밀기기 소매,G21601,사무기기 소매업,G47821,사무용 기기 소매업,41,경기도,41461,용인시 처인구,41461540,동부동,4146110700,마평동,4146110700106160001,1,대지,616,1,경기도 용인시 처인구 마평동 616-1,414614409039,경기도 용인시 처인구 경안천로8번길,23,,4146110700106160001008789,동,경기도 용인시 처인구 경안천로8번길 23,449929,17154,,3,,127.213673245971,37.2339312481858
MA010120220802424523,아이앤티,,G2,소매,G216,안경·정밀기기 소매,G21601,사무기기 소매업,G47821,사무용 기기 소매업,41,경기도,41111,수원시 장안구,41111591,송죽동,4111113500,송죽동,4111113500101950000,1,대지,195,,경기도 수원시 장안구 송죽동 195,411114322042,경기도 수원시 장안구 경수대로994번길,31,,4111113500101950000047834,광교프라자,경기도 수원시 장안구 경수대로994번길 31,440800,16298,,,,127.00382391289,37.3069010407899
MA010120220802439592,SEMISPEED,,G2,소매,G216,안경·정밀기기 소매,G21601,사무기기 소매업,G47821,사무용 기기 소매업,41,경기도,41117,수원시 영통구,41117550,원천동,4111710200,원천동,4111710200103320002,1,대지,332,2,경기도 수원시 영통구 원천동 332-2,411173177009,경기도 수원시 영통구 삼성로,274,,4111710200103320002003513,팩토리월드상가,경기도 수원시 영통구 삼성로 274,443758,16522,,,,127.06436222494,37.2656160320406
MA010120220802443686,탑시스템,,G2,소매,G216,안경·정밀기기 소매,G21601,사무기기 소매업,G47821,사무용 기기 소매업,41,경기도,41113,수원시 권선구,41113520,세류1동,4111312600,세류동,4111312600100900009,1,대지,90,9,경기도 수원시 권선구 세류동 90-9,411133175010,경기도 수원시 권선구 권선로,532,,4111312600100900009034783,칸창조빌딩,경기도 수원시 권선구 권선로 532,441846,16593,,1,,127.009683893651,37.2631462544369
MA010120220802446834,디에스,,G2,소매,G216,안경·정밀기기 소매,G21601,사무기기 소매업,G47821,사무용 기기 소매업,41,경기도,41590,화성시,41590560,기배동,4159012300,배양동,4159012300100240004,1,대지,24,4,경기도 화성시 배양동 24-4,415904430529,경기도 화성시 배양길,91,,4159012300000240004012892,,경기도 화성시 배양길 91,445350,18340,,,,126.996878818302,37.2252306275715
MA010120220802432096,동탄화분팜,,G2,소매,G216,안경·정밀기기 소매,G21601,사무기기 소매업,G47821,사무용 기기 소매업,41,경기도,41590,화성시,41590600,동탄6동,4159013900,금곡동,4159013900107660049,1,대지,766,49,경기도 화성시 금곡동 766-49,415903210131,경기도 화성시 금곡로,96,31,4159013900107660049000001,,경기도 화성시 금곡로 96-31,,18511,,,,127.080302700066,37.1692931621451
MA010120220802450992,인퍼니가구산업,,G2,소매,G216,안경·정밀기기 소매,G21601,사무기기 소매업,G47821,사무용 기기 소매업,41,경기도,41590,화성시,41590253,봉담읍,4159025333,봉담읍,4159025333101000005,1,대지,100,5,경기도 화성시 봉담읍 덕리 100-5,415903012004,경기도 화성시 봉담읍 삼천병마로,694,8,4159025333101000005034265,,경기도 화성시 봉담읍 삼천병마로 694-8,445898,18336,,,,126.93611356114,37.1693842445318
MA010120220802505688,아랑상회,,G2,소매,G216,안경·정밀기기 소매,G21601,사무기기 소매업,G47821,사무용 기기 소매업,41,경기도,41570,김포시,41570256,양촌읍,4157025621,양촌읍,4157025621103790006,1,대지,379,6,경기도 김포시 양촌읍 양곡리 379-6,415703209083,경기도 김포시 양촌읍 양곡로,559,1,4157032021103790006002586,,경기도 김포시 양촌읍 양곡로 559-1,415845,10059,,,,126.620989467855,37.6546403428608
MA010120220802474220,주원포스,,G2,소매,G216,안경·정밀기기 소매,G21601,사무기기 소매업,G47821,사무용 기기 소매업,41,경기도,41463,용인시 기흥구,41463572,동백1동,4146311500,동백동,4146311500106210001,1,대지,621,1,경기도 용인시 기흥구 동백동 621-1,414634412265,경기도 용인시 기흥구 평촌2로2번길,7,19,4146311500106210001000001,,경기도 용인시 기흥구 평촌2로2번길 7-19,446911,17001,,,,127.152263998101,37.2823400064577
MA010120220802523716,스피드종합사무기,,G2,소매,G216,안경·정밀기기 소매,G21601,사무기기 소매업,G47821,사무용 기기 소매업,28,인천광역시,28177,미추홀구,28177610,도화2.3동,2817710400,도화동,2817710400108630002,1,대지,863,2,인천광역시 미추홀구 도화동 863-2,281773151032,인천광역시 미추홀구 연송로,99,,2817010500108630002104067,,인천광역시 미추홀구 연송로 99,402062,22110,,,,126.658091568364,37.4763122604888
MA010120220804086847,대성정밀기전상사,,G2,소매,G216,안경·정밀기기 소매,G21601,사무기기 소매업,G47821,사무용 기기 소매업,11,서울특별시,11740,강동구,11740660,성내3동,1174010800,성내동,1174010800103790013,1,대지,379,13,서울특별시 강동구 성내동 379-13,117402000008,서울특별시 강동구 천호대로,1138,18,1174010800103790013022640,,서울특별시 강동구 천호대로 1138-18,134843,05373,,,,127.137419654339,37.5332921074599
MA010120220804083063,신도네트둔촌점,,G2,소매,G216,안경·정밀기기 소매,G21601,사무기기 소매업,G47821,사무용 기기 소매업,11,서울특별시,11740,강동구,11740660,성내3동,1174010800,성내동,1174010800104040000,1,대지,404,,서울특별시 강동구 성내동 404,117404172274,서울특별시 강동구 양재대로97길,33,,1174010800104040000004375,,서울특별시 강동구 양재대로97길 33,134844,05376,,1,,127.13533438627,37.5313573643818
MA010120220804080911,반도전자,,G2,소매,G216,안경·정밀기기 소매,G21601,사무기기 소매업,G47821,사무용 기기 소매업,11,서울특별시,11230,동대문구,11230536,용신동,1123010200,용두동,1123010200100390027,1,대지,39,27,서울특별시 동대문구 용두동 39-27,112304115287,서울특별시 동대문구 왕산로32길,80,,1123010200100390027037786,강동빌딩,서울특별시 동대문구 왕산로32길 80,130817,02560,,1,,127.040312140293,37.5760634604969
MA010120220804100779,영진인터내셔날,,G2,소매,G216,안경·정밀기기 소매,G21601,사무기기 소매업,G47821,사무용 기기 소매업,11,서울특별시,11740,강동구,11740650,성내2동,1174010800,성내동,1174010800100120032,1,대지,12,32,서울특별시 강동구 성내동 12-32,117404172411,서울특별시 강동구 천호옛14길,23,10,1174010800100120032005061,,서울특별시 강동구 천호옛14길 23-10,134840,05379,,,,127.127151796899,37.5363760197611
MA010120220804132571,한국엔에프씨포스,,G2,소매,G216,안경·정밀기기 소매,G21601,사무기기 소매업,G47821,사무용 기기 소매업,11,서울특별시,11545,금천구,11545510,가산동,1154510100,가산동,1154510100104480000,1,대지,448,,서울특별시 금천구 가산동 448,115453117002,서울특별시 금천구 가산디지털2로,115,,1154510100104480000015529,대륭테크노타운3차,서울특별시 금천구 가산디지털2로 115,153772,08505,,,,126.879379495616,37.4783671932201
MA010120220804104277,강동토탈OA,,G2,소매,G216,안경·정밀기기 소매,G21601,사무기기 소매업,G47821,사무용 기기 소매업,11,서울특별시,11740,강동구,11740660,성내3동,1174010800,성내동,1174010800104460006,1,대지,446,6,서울특별시 강동구 성내동 446-6,117404172002,서울특별시 강동구 강동대로51길,28,,1174010800104460006022594,제,서울특별시 강동구 강동대로51길 28,134847,05407,,1,,127.130209239096,37.5248218574299
MA010120220804111417,스마트월드,,G2,소매,G216,안경·정밀기기 소매,G21601,사무기기 소매업,G47821,사무용 기기 소매업,11,서울특별시,11740,강동구,11740660,성내3동,1174010800,성내동,1174010800104430019,1,대지,443,19,서울특별시 강동구 성내동 443-19,117404172003,서울특별시 강동구 강동대로53길,40,,1174010800104430020004240,,서울특별시 강동구 강동대로53길 40,134846,05408,,2,,127.132222307427,37.5244862502621
MA010120220804141800,알파시스템,,G2,소매,G216,안경·정밀기기 소매,G21601,사무기기 소매업,G47821,사무용 기기 소매업,47,경상북도,47290,경산시,47290550,북부동,4729011200,대평동,4729011200104320004,1,대지,432,4,경상북도 경산시 대평동 432-4,472904739081,경상북도 경산시 경안로67길,4,2,4729011200104320004004568,,경상북도 경산시 경안로67길 4-2,712130,38503,,1,,128.733169723087,35.8367428243509
MA010120220804108361,퍼스트아이엔지,,G2,소매,G216,안경·정밀기기 소매,G21601,사무기기 소매업,G47821,사무용 기기 소매업,11,서울특별시,11560,영등포구,11560610,양평1동,1156012600,양평동2가,1156012600100210000,1,대지,21,,서울특별시 영등포구 양평동2가 21,115603118022,서울특별시 영등포구 영등포로,20,,1156012600100210000021562,우신빌딩,서울특별시 영등포구 영등포로 20,150102,07278,,,,126.883516042873,37.5229080475242
MA010120220804099500,드림테크,,G2,소매,G216,안경·정밀기기 소매,G21601,사무기기 소매업,G47821,사무용 기기 소매업,11,서울특별시,11710,송파구,11710570,오금동,1171011200,오금동,1171011200101500000,1,대지,150,,서울특별시 송파구 오금동 150,117104169247,서울특별시 송파구 성내천로12길,6,,1171011200101500000015216,,서울특별시 송파구 성내천로12길 6,138859,05740,,4,,127.137563486507,37.5007116770106
MA010120220804102589,디에스텍,,G2,소매,G216,안경·정밀기기 소매,G21601,사무기기 소매업,G47821,사무용 기기 소매업,11,서울특별시,11740,강동구,11740610,천호2동,1174010900,천호동,1174010900104640008,1,대지,464,8,서울특별시 강동구 천호동 464-8,117404172288,서울특별시 강동구 올림픽로71길,60,,1174010900104640008011725,,서울특별시 강동구 올림픽로71길 60,134874,05247,,,,127.120925331771,37.5412029079456
MA010120220804139569,OA나라,,G2,소매,G216,안경·정밀기기 소매,G21601,사무기기 소매업,G47821,사무용 기기 소매업,41,경기도,41500,이천시,41500510,창전동,4150010100,창전동,4150010100104450011,1,대지,445,11,경기도 이천시 창전동 445-11,415003207044,경기도 이천시 이섭대천로,1304,18,4150010100104450011010695,,경기도 이천시 이섭대천로 1304-18,467806,17357,,,,127.448927140609,37.2854340700763
MA010120220804184745,팩스컴통신,,G2,소매,G216,안경·정밀기기 소매,G21601,사무기기 소매업,G47821,사무용 기기 소매업,11,서울특별시,11650,서초구,11650531,서초4동,1165010800,서초동,1165010800116870002,1,대지,1687,2,서울특별시 서초구 서초동 1687-2,116504163710,서울특별시 서초구 서초중앙로24길,55,,1165010800116870002020038,앙프라자,서울특별시 서초구 서초중앙로24길 55,137882,06603,,,,127.019382554255,37.4961049496053
MA010120220804174432,LK테크,,G2,소매,G216,안경·정밀기기 소매,G21601,사무기기 소매업,G47821,사무용 기기 소매업,41,경기도,41133,성남시 중원구,41133570,상대원1동,4113310500,상대원동,4113310500101900001,1,대지,190,1,경기도 성남시 중원구 상대원동 190-1,411333179011,경기도 성남시 중원구 사기막골로,124,,4113310500101900001068591,SK테크노파크,경기도 성남시 중원구 사기막골로 124,462721,13207,,,,127.17748919965,37.4405611042644
MA010120220804174766,TY전산,,G2,소매,G216,안경·정밀기기 소매,G21601,사무기기 소매업,G47821,사무용 기기 소매업,41,경기도,41210,광명시,41210631,하안1동,4121010300,하안동,4121010300103020005,1,대지,302,5,경기도 광명시 하안동 302-5,412103000027,경기도 광명시 범안로,1008,,4121010300103020005012359,녹원토피아,경기도 광명시 범안로 1008,423851,14303,,,,126.875735565711,37.4599918174581
MA010120220804165598,명성사무기,,G2,소매,G216,안경·정밀기기 소매,G21601,사무기기 소매업,G47821,사무용 기기 소매업,11,서울특별시,11170,용산구,11170625,한강로동,1117012500,한강로2가,1117012500100150013,1,대지,15,13,서울특별시 용산구 한강로2가 15-13,111703101023,서울특별시 용산구 청파로,132,,1117012500100150013012990,동,서울특별시 용산구 청파로 132,140873,04371,,1,,126.965843051259,37.5333400901545
MA010120220804160914,신성OA,,G2,소매,G216,안경·정밀기기 소매,G21601,사무기기 소매업,G47821,사무용 기기 소매업,11,서울특별시,11650,서초구,11650510,서초1동,1165010800,서초동,1165010800114450003,1,대지,1445,3,서울특별시 서초구 서초동 1445-3,116503121021,서울특별시 서초구 효령로,304,,1165010800114450003024144,국제전자,서울특별시 서초구 효령로 304,137728,06720,,5,,127.017807990612,37.4847344817979
MA010120220804169035,서울사무기,,G2,소매,G216,안경·정밀기기 소매,G21601,사무기기 소매업,G47821,사무용 기기 소매업,11,서울특별시,11650,서초구,11650530,서초3동,1165010800,서초동,1165010800114800013,1,대지,1480,13,서울특별시 서초구 서초동 1480-13,116504163068,서울특별시 서초구 남부순환로315길,88,3,1165010800114800013021508,,서울특별시 서초구 남부순환로315길 88-3,137868,06709,,1,,127.00745085959,37.4824199967177
MA010120220804172717,에이스시스템,,G2,소매,G216,안경·정밀기기 소매,G21601,사무기기 소매업,G47821,사무용 기기 소매업,11,서울특별시,11710,송파구,11710620,가락본동,1171010700,가락동,1171010700101040012,1,대지,104,12,서울특별시 송파구 가락동 104-12,117104169070,서울특별시 송파구 동남로3길,17,,1171010700101040012007241,,서울특별시 송파구 동남로3길 17,138806,05831,,1,,127.121613076454,37.4908811761352
MA010120220804184408,세은씨앤씨,,G2,소매,G216,안경·정밀기기 소매,G21601,사무기기 소매업,G47821,사무용 기기 소매업,11,서울특별시,11650,서초구,11650510,서초1동,1165010800,서초동,1165010800114450003,1,대지,1445,3,서울특별시 서초구 서초동 1445-3,116503121021,서울특별시 서초구 효령로,304,,1165010800114450003024144,국제전자센터,서울특별시 서초구 효령로 304,137728,06720,,,,127.017807990612,37.4847344817979
MA010120220804178539,신도디지털,,G2,소매,G216,안경·정밀기기 소매,G21601,사무기기 소매업,G47821,사무용 기기 소매업,11,서울특별시,11680,강남구,11680690,개포4동,1168010300,개포동,1168010300111740017,1,대지,1174,17,서울특별시 강남구 개포동 1174-17,116804166190,서울특별시 강남구 논현로6길,28,,1168010300101740017021065,제,서울특별시 강남구 논현로6길 28,135961,06314,,1,,127.051686646346,37.4739844887113
MA010120220804181862,아이피윈,,G2,소매,G216,안경·정밀기기 소매,G21601,사무기기 소매업,G47821,사무용 기기 소매업,11,서울특별시,11680,강남구,11680650,역삼2동,1168010100,역삼동,1168010100107750017,1,대지,775,17,서울특별시 강남구 역삼동 775-17,116804166645,서울특별시 강남구 역삼로34길,14,,1168010100107750017024796,,서울특별시 강남구 역삼로34길 14,135928,06227,,1,,127.042315989916,37.4961980717007
MA010120220804193196,에스디오에이,,G2,소매,G216,안경·정밀기기 소매,G21601,사무기기 소매업,G47821,사무용 기기 소매업,11,서울특별시,11650,서초구,11650510,서초1동,1165010800,서초동,1165010800114450003,1,대지,1445,3,서울특별시 서초구 서초동 1445-3,116503121021,서울특별시 서초구 효령로,304,,1165010800114450003024144,국제전자센터,서울특별시 서초구 효령로 304,137728,06720,,5,,127.017807990612,37.4847344817979
MA010120220804214385,넷프리닷컴주,,G2,소매,G216,안경·정밀기기 소매,G21601,사무기기 소매업,G47821,사무용 기기 소매업,36,세종특별자치시,36110,세종특별자치시,36110518,나성동,3611010700,나성동,3611010700107650000,1,대지,765,,세종특별자치시 세종특별자치시 나성동 765,361102000002,세종특별자치시 세종특별자치시 한누리대로,284,,3611010700103610069000002,마들렌오피스텔,세종특별자치시 세종특별자치시 한누리대로 284,339003,30128,,,,127.257211730729,36.4895534336288
MA010120220804215384,지에스지,,G2,소매,G216,안경·정밀기기 소매,G21601,사무기기 소매업,G47821,사무용 기기 소매업,11,서울특별시,11170,용산구,11170560,원효로1동,1117012300,신계동,1117012300100050001,1,대지,5,1,서울특별시 용산구 신계동 5-1,111704106104,서울특별시 용산구 백범로90다길,75,,1117012300100050001014327,,서울특별시 용산구 백범로90다길 75,140090,04370,,,,126.967313457404,37.5342865572473
MA010120220804216328,성지오에이시스템,,G2,소매,G216,안경·정밀기기 소매,G21601,사무기기 소매업,G47821,사무용 기기 소매업,11,서울특별시,11650,서초구,11650510,서초1동,1165010800,서초동,1165010800114450003,1,대지,1445,3,서울특별시 서초구 서초동 1445-3,116503121021,서울특별시 서초구 효령로,304,,1165010800114450003024144,국제전자,서울특별시 서초구 효령로 304,137728,06720,,5,,127.017807990612,37.4847344817979
MA010120220805568830,광림종합사무기,,G2,소매,G216,안경·정밀기기 소매,G21601,사무기기 소매업,G47821,사무용 기기 소매업,43,충청북도,43113,청주시 흥덕구,43113700,운천.신봉동,4311310400,운천동,4311310400110640000,1,대지,1064,,충청북도 청주시 흥덕구 운천동 1064,431134511859,충청북도 청주시 흥덕구 직지대로753번길,41,,4311310400110640000015495,,충청북도 청주시 흥덕구 직지대로753번길 41,361841,28470,,,,127.475772899719,36.6459956999813
MA010120220805568871,에이스사무기기,,G2,소매,G216,안경·정밀기기 소매,G21601,사무기기 소매업,G47821,사무용 기기 소매업,43,충청북도,43113,청주시 흥덕구,43113310,강내면,4311331030,강내면,4311331030100390005,1,대지,39,5,충청북도 청주시 흥덕구 강내면 월탄리 39-5,431134520542,충청북도 청주시 흥덕구 강내면 월탄3길,3,,4371039030000390005025035,,충청북도 청주시 흥덕구 강내면 월탄3길 3,361893,28173,,,,127.353993048374,36.6069862070909
MA010120220805571564,선진상사,,G2,소매,G216,안경·정밀기기 소매,G21601,사무기기 소매업,G47821,사무용 기기 소매업,43,충청북도,43111,청주시 상당구,43111670,영운동,4311111900,영운동,4311111900100620012,1,대지,62,12,충청북도 청주시 상당구 영운동 62-12,431114508411,충청북도 청주시 상당구 수영로156번길,73,2,4311111900100620012040712,,충청북도 청주시 상당구 수영로156번길 73-2,360090,28741,,,,127.505535538154,36.6194340154795
MA010120220805576060,경신OA,,G2,소매,G216,안경·정밀기기 소매,G21601,사무기기 소매업,G47821,사무용 기기 소매업,43,충청북도,43111,청주시 상당구,43111720,용암1동,4311112500,용정동,4311112500107950000,1,대지,795,,충청북도 청주시 상당구 용정동 795,431113236038,충청북도 청주시 상당구 영운천로,175,,4311112500107950000041150,,충청북도 청주시 상당구 영운천로 175,360809,28750,,,,127.515404770737,36.6242127763779
MA010120220805580567,창원상사,,G2,소매,G216,안경·정밀기기 소매,G21601,사무기기 소매업,G47821,사무용 기기 소매업,43,충청북도,43750,진천군,43750250,진천읍,4375025024,진천읍,4375025024104250001,1,대지,425,1,충청북도 진천군 진천읍 읍내리 425-1,437503245007,충청북도 진천군 진천읍 상산로,53,1,4375025024104250001022824,,충청북도 진천군 진천읍 상산로 53-1,365807,27832,,,,127.440128673448,36.8549295493015
MA010120220805593989,코콤시스템,,G2,소매,G216,안경·정밀기기 소매,G21601,사무기기 소매업,G47821,사무용 기기 소매업,43,충청북도,43113,청주시 흥덕구,43113747,가경동,4311311300,가경동,4311311300109560000,1,대지,956,,충청북도 청주시 흥덕구 가경동 956,431134512038,충청북도 청주시 흥덕구 풍년로206번길,24,2,4311311300109560000009580,,충청북도 청주시 흥덕구 풍년로206번길 24-2,361800,28389,,1,,127.431024040597,36.6307476873645
MA010120220805568121,성신,,G2,소매,G216,안경·정밀기기 소매,G21601,사무기기 소매업,G47821,사무용 기기 소매업,43,충청북도,43113,청주시 흥덕구,43113742,복대2동,4311311400,복대동,4311311400121070000,1,대지,2107,,충청북도 청주시 흥덕구 복대동 2107,431134511661,충청북도 청주시 흥덕구 신율로111번길,28,,4311311400121070000011514,,충청북도 청주시 흥덕구 신율로111번길 28,361814,28605,,,,127.444613716719,36.6277780847593
MA010120220805577338,KS믿음정보통신,,G2,소매,G216,안경·정밀기기 소매,G21601,사무기기 소매업,G47821,사무용 기기 소매업,43,충청북도,43112,청주시 서원구,43112310,남이면,4311231038,남이면,4311231038101580005,1,대지,158,5,충청북도 청주시 서원구 남이면 가마리 158-5,431124520012,충청북도 청주시 서원구 남이면 가마2길,23,2,4371035038101580005000001,,충청북도 청주시 서원구 남이면 가마2길 23-2,362811,28219,,,,127.462980614051,36.5975201856555
MA010120220805599982,티엠사이트,,G2,소매,G216,안경·정밀기기 소매,G21601,사무기기 소매업,G47821,사무용 기기 소매업,30,대전광역시,30230,대덕구,30230550,신탄진동,3023012000,이현동,3023012000103250000,1,대지,325,,대전광역시 대덕구 이현동 325,302304304108,대전광역시 대덕구 대청호수로1325번길,44,,3023012000103250000006042,,대전광역시 대덕구 대청호수로1325번길 44,306830,34316,,,,127.461685614488,36.4097617815359
MA010120220805595294,K2NET정보통신,,G2,소매,G216,안경·정밀기기 소매,G21601,사무기기 소매업,G47821,사무용 기기 소매업,43,충청북도,43112,청주시 서원구,43112510,사직1동,4311210100,사직동,4311210100102450014,1,대지,245,14,충청북도 청주시 서원구 사직동 245-14,431123237036,충청북도 청주시 서원구 사운로,137,,4311310100102450014003672,,충청북도 청주시 서원구 사운로 137,362828,28551,,,,127.478998818666,36.6414320788514
MA010120220805566286,성우전산OA,,G2,소매,G216,안경·정밀기기 소매,G21601,사무기기 소매업,G47821,사무용 기기 소매업,43,충청북도,43112,청주시 서원구,43112510,사직1동,4311210100,사직동,4311210100102460015,1,대지,246,15,충청북도 청주시 서원구 사직동 246-15,431124511465,충청북도 청주시 서원구 사운로145번길,13,,4311310100102460015003577,,충청북도 청주시 서원구 사운로145번길 13,362828,28551,,1,,127.478286915801,36.642038694741
MA010120220805626448,나이스사무기기,,G2,소매,G216,안경·정밀기기 소매,G21601,사무기기 소매업,G47821,사무용 기기 소매업,43,충청북도,43720,보은군,43720250,보은읍,4372025021,보은읍,4372025021101500003,1,대지,150,3,충청북도 보은군 보은읍 삼산리 150-3,437204523049,충청북도 보은군 보은읍 교사삼산길,33,,4372025021101500003003249,,충청북도 보은군 보은읍 교사삼산길 33,376807,28948,,,,127.718013428978,36.4856247160755
MA010120220805626646,영동OA랜드,,G2,소매,G216,안경·정밀기기 소매,G21601,사무기기 소매업,G47821,사무용 기기 소매업,43,충청북도,43740,영동군,43740250,영동읍,4374025021,영동읍,4374025021106650001,1,대지,665,1,충청북도 영동군 영동읍 계산리 665-1,437403243002,충청북도 영동군 영동읍 계산로,40,,4374025021106650001004661,,충청북도 영동군 영동읍 계산로 40,370802,29144,,,,127.781241443137,36.1731201044604
MA010120220805631957,보은종합사무기,,G2,소매,G216,안경·정밀기기 소매,G21601,사무기기 소매업,G47821,사무용 기기 소매업,43,충청북도,43720,보은군,43720250,보은읍,4372025021,보은읍,4372025021101430020,1,대지,143,20,충청북도 보은군 보은읍 삼산리 143-20,437203241015,충청북도 보은군 보은읍 삼산로,30,7,4372025021101430019003029,,충청북도 보은군 보은읍 삼산로 30-7,376807,28948,,,,127.718480779531,36.4842701934166
MA010120220805640114,현대디지털사무기,,G2,소매,G216,안경·정밀기기 소매,G21601,사무기기 소매업,G47821,사무용 기기 소매업,43,충청북도,43720,보은군,43720250,보은읍,4372025021,보은읍,4372025021101510008,1,대지,151,8,충청북도 보은군 보은읍 삼산리 151-8,437204523049,충청북도 보은군 보은읍 교사삼산길,32,,4372025021101510008003224,,충청북도 보은군 보은읍 교사삼산길 32,376807,28942,,,,127.718140002546,36.4860384785191
MA010120220805619282,삼성티피에스,,G2,소매,G216,안경·정밀기기 소매,G21601,사무기기 소매업,G47821,사무용 기기 소매업,43,충청북도,43113,청주시 흥덕구,43113700,운천.신봉동,4311310400,운천동,4311310400112800000,1,대지,1280,,충청북도 청주시 흥덕구 운천동 1280,431133236020,충청북도 청주시 흥덕구 무심서로,687,,4311310400112800000014330,,충청북도 청주시 흥덕구 무심서로 687,361842,28468,,,,127.476644902557,36.6513989743268
MA010120220805632471,금산정보통신,,G2,소매,G216,안경·정밀기기 소매,G21601,사무기기 소매업,G47821,사무용 기기 소매업,44,충청남도,44710,금산군,44710340,군북면,4471034022,군북면,4471034022106330007,1,대지,633,7,충청남도 금산군 군북면 내부리 633-7,447104571240,충청남도 금산군 군북면 부말길,46,5,4471034022106330007038324,,충청남도 금산군 군북면 부말길 46-5,312831,32721,,,,127.499659027351,36.1268808095426
MA010120220805676890,충주사무기,,G2,소매,G216,안경·정밀기기 소매,G21601,사무기기 소매업,G47821,사무용 기기 소매업,43,충청북도,43130,충주시,43130630,연수동,4313011800,연수동,4313011800111500000,1,대지,1150,,충청북도 충주시 연수동 1150,431302238001,충청북도 충주시 계명대로,127,,4313011800111500000019925,,충청북도 충주시 계명대로 127,380963,27349,,,,127.928969611713,36.9825880631148
MA010120220805655571,토탈OA,,G2,소매,G216,안경·정밀기기 소매,G21601,사무기기 소매업,G47821,사무용 기기 소매업,43,충청북도,43130,충주시,43130630,연수동,4313011800,연수동,4313011800108190001,1,대지,819,1,충청북도 충주시 연수동 819-1,431302238002,충청북도 충주시 국원대로,206,,4313011800108190001018348,,충청북도 충주시 국원대로 206,380963,27347,,,,127.928609100476,36.9898894009141
MA010120220805654157,선진정보통신,,G2,소매,G216,안경·정밀기기 소매,G21601,사무기기 소매업,G47821,사무용 기기 소매업,43,충청북도,43130,충주시,43130535,교현.안림동,4313010500,교현동,4313010500102160017,1,대지,216,17,충청북도 충주시 교현동 216-17,431303238002,충청북도 충주시 갱고개로,2,1,4313010500102160017004511,,충청북도 충주시 갱고개로 2-1,380950,27383,,,,127.938793183203,36.971292682103
MA010120220805675333,나이스체크기,,G2,소매,G216,안경·정밀기기 소매,G21601,사무기기 소매업,G47821,사무용 기기 소매업,43,충청북도,43770,음성군,43770253,금왕읍,4377025336,금왕읍,4377025336102960006,1,대지,296,6,충청북도 음성군 금왕읍 유포리 296-6,437704541701,충청북도 음성군 금왕읍 동학골길,58,,4377025336200140000218433,,충청북도 음성군 금왕읍 동학골길 58,369906,27679,,,,127.548518599517,36.9699076804761
MA010120220805680575,제이피푸드앤비,,G2,소매,G216,안경·정밀기기 소매,G21601,사무기기 소매업,G47821,사무용 기기 소매업,43,충청북도,43770,음성군,43770360,생극면,4377036023,생극면,4377036023101370005,1,대지,137,5,충청북도 음성군 생극면 도신리 137-5,437703247044,충청북도 음성군 생극면 음성로,1420,6,4377036023101370005210886,,충청북도 음성군 생극면 음성로 1420-6,369841,27625,,,,127.601398502758,37.0153448525639
MA010120220805678495,중앙O.A,,G2,소매,G216,안경·정밀기기 소매,G21601,사무기기 소매업,G47821,사무용 기기 소매업,43,충청북도,43130,충주시,43130630,연수동,4313011800,연수동,4313011800111150000,1,대지,1115,,충청북도 충주시 연수동 1115,431304515035,충청북도 충주시 연원16길,11,,4313011800111150000019863,,충청북도 충주시 연원16길 11,380963,27349,,,,127.930417092166,36.9833966840926
MA010120220805676561,영창정보통신,,G2,소매,G216,안경·정밀기기 소매,G21601,사무기기 소매업,G47821,사무용 기기 소매업,43,충청북도,43770,음성군,43770253,금왕읍,4377025337,금왕읍,4377025337104780005,1,대지,478,5,충청북도 음성군 금왕읍 오선리 478-5,437703014058,충청북도 음성군 금왕읍 대금로,1088,,4377025337104780005217475,,충청북도 음성군 금왕읍 대금로 1088,369906,27639,,,,127.55483338307,36.9796820291461
MA010120220805720331,대성사무기,,G2,소매,G216,안경·정밀기기 소매,G21601,사무기기 소매업,G47821,사무용 기기 소매업,43,충청북도,43150,제천시,43150590,청전동,4315011300,청전동,4315011300104970043,1,대지,497,43,충청북도 제천시 청전동 497-43,431504517110,충청북도 제천시 내제로15길,7,,4315011300104970043031484,,충청북도 제천시 내제로15길 7,390899,27164,,,,128.205504359897,37.1443033686842
MA010120220805710489,유니전산,,G2,소매,G216,안경·정밀기기 소매,G21601,사무기기 소매업,G47821,사무용 기기 소매업,43,충청북도,43150,제천시,43150605,화산동,4315010900,화산동,4315010900107450001,1,대지,745,1,충청북도 제천시 화산동 745-1,431504517164,충청북도 제천시 내토로34안길,9,1,4315010900107450001022649,,충청북도 제천시 내토로34안길 9-1,390150,27196,,,,128.209630701303,37.1284846975149
MA010120220805687759,프러스Q,,G2,소매,G216,안경·정밀기기 소매,G21601,사무기기 소매업,G47821,사무용 기기 소매업,43,충청북도,43113,청주시 흥덕구,43113741,복대1동,4311311400,복대동,4311311400127680000,1,대지,2768,,충청북도 청주시 흥덕구 복대동 2768,431134511883,충청북도 청주시 흥덕구 짐대로38번길,18,,4311311400127680000008418,청운빌,충청북도 청주시 흥덕구 짐대로38번길 18,361815,28417,,2,,127.426317950622,36.6329453569225
MA010120220805688084,지원시스템,,G2,소매,G216,안경·정밀기기 소매,G21601,사무기기 소매업,G47821,사무용 기기 소매업,46,전라남도,46170,나주시,46170620,빛가람동,4617013400,빛가람동,4617013400107430002,1,대지,743,2,전라남도 나주시 빛가람동 743-2,461703295058,전라남도 나주시 호수로,58,,4617039027106060019000001,,전라남도 나주시 호수로 58,520350,58328,,,,126.788733710571,35.0133289175127
MA010120220805685985,대영사무기,,G2,소매,G216,안경·정밀기기 소매,G21601,사무기기 소매업,G47821,사무용 기기 소매업,43,충청북도,43770,음성군,43770253,금왕읍,4377025322,금왕읍,4377025322102760005,1,대지,276,5,충청북도 음성군 금왕읍 금석리 276-5,437703014058,충청북도 음성군 금왕읍 대금로,1512,,4377025322102760005000001,,충청북도 음성군 금왕읍 대금로 1512,369903,27637,,,,127.59987021308,36.9895910452731
MA010120220807084425,중부총판,,G2,소매,G216,안경·정밀기기 소매,G21601,사무기기 소매업,G47821,사무용 기기 소매업,41,경기도,41220,평택시,41220310,진위면,4122031027,진위면,4122031027107370002,1,대지,737,2,경기도 평택시 진위면 갈곶리 737-2,412203351191,경기도 평택시 진위면 진위2산단로,140,,4122031027107370002000001,더퍼스트타워,경기도 평택시 진위면 진위2산단로 140,451862,17712,,8,,127.077943073714,37.1191867796608
MA010120220807082011,럭키OA,,G2,소매,G216,안경·정밀기기 소매,G21601,사무기기 소매업,G47821,사무용 기기 소매업,41,경기도,41115,수원시 팔달구,41115730,인계동,4111514100,인계동,4111514100109850007,1,대지,985,7,경기도 수원시 팔달구 인계동 985-7,411154328167,경기도 수원시 팔달구 세지로198번길,18,22,4111514100109850007012029,,경기도 수원시 팔달구 세지로198번길 18-22,442833,16476,,,,127.023438923431,37.2677306337985
MA010120220807103150,하동사무기,,G2,소매,G216,안경·정밀기기 소매,G21601,사무기기 소매업,G47821,사무용 기기 소매업,48,경상남도,48850,하동군,48850410,옥종면,4885041021,옥종면,4885041021101420004,1,대지,142,4,경상남도 하동군 옥종면 청룡리 142-4,488504832342,경상남도 하동군 옥종면 옥종중앙길,61,1,4885041021101420004048588,동부동산내,경상남도 하동군 옥종면 옥종중앙길 61-1,667893,52313,,,,127.879292043134,35.1808689749361
MA010120220807118772,케이쓰리전산,,G2,소매,G216,안경·정밀기기 소매,G21601,사무기기 소매업,G47821,사무용 기기 소매업,47,경상북도,47840,성주군,47840250,성주읍,4784025029,성주읍,4784025029107190003,1,대지,719,3,경상북도 성주군 성주읍 백전리 719-3,478404763436,경상북도 성주군 성주읍 성주순환로1길,8,112,4784025029107190003000001,,경상북도 성주군 성주읍 성주순환로1길 8-112,719803,40022,,,,128.278729402698,35.9202106690549
MA010120220807132755,파인오에이,,G2,소매,G216,안경·정밀기기 소매,G21601,사무기기 소매업,G47821,사무용 기기 소매업,41,경기도,41281,고양시 덕양구,41281560,효자동,4128110900,지축동,4128110900102700005,1,대지,270,5,경기도 고양시 덕양구 지축동 270-5,412814000019,경기도 고양시 덕양구 백운길,51,,4128110900102700005000001,,경기도 고양시 덕양구 백운길 51,412814,10580,,,,126.935530100941,37.65467298083
MA010120220807180420,BS디지털,,G2,소매,G216,안경·정밀기기 소매,G21601,사무기기 소매업,G47821,사무용 기기 소매업,52,전북특별자치도,52130,군산시,52130640,흥남동,5213013300,서흥남동,5213013300108050022,1,대지,805,22,전북특별자치도 군산시 서흥남동 805-22,521304604548,전북특별자치도 군산시 서흥안길,71,,4513013300108050022030637,,전북특별자치도 군산시 서흥안길 71,573190,54123,,,,126.71050303827,35.9731305576064
MA010120220807184345,보성정보통신,,G2,소매,G216,안경·정밀기기 소매,G21601,사무기기 소매업,G47821,사무용 기기 소매업,52,전북특별자치도,52130,군산시,52130605,중앙동,5213012300,신영동,5213012300100030015,1,대지,3,15,전북특별자치도 군산시 신영동 3-15,521303268095,전북특별자치도 군산시 죽성로,43,,4513012300100030015021649,,전북특별자치도 군산시 죽성로 43,573250,54026,,,,126.718347541855,35.9870732823146
MA010120220807186149,월드사무기,,G2,소매,G216,안경·정밀기기 소매,G21601,사무기기 소매업,G47821,사무용 기기 소매업,52,전북특별자치도,52130,군산시,52130660,경암동,5213013600,경암동,5213013600105720183,1,대지,572,183,전북특별자치도 군산시 경암동 572-183,521303268109,전북특별자치도 군산시 해망로,69,4,4513013600105720183010389,,전북특별자치도 군산시 해망로 69-4,573860,54030,,,,126.723954384727,35.9819222495526
MA010120220807182694,삼호종합사무기기,,G2,소매,G216,안경·정밀기기 소매,G21601,사무기기 소매업,G47821,사무용 기기 소매업,52,전북특별자치도,52130,군산시,52130690,수송동,5213014100,수송동,5213014100104160007,1,대지,416,7,전북특별자치도 군산시 수송동 416-7,521303268088,전북특별자치도 군산시 월명로,309,,4513014100104160007000874,,전북특별자치도 군산시 월명로 309,573370,54081,,,,126.715374907906,35.9718444348762
MA010120220807186350,멀티O/A,,G2,소매,G216,안경·정밀기기 소매,G21601,사무기기 소매업,G47821,사무용 기기 소매업,52,전북특별자치도,52130,군산시,52130550,신풍동,5213011000,문화동,5213011000108900011,1,대지,890,11,전북특별자치도 군산시 문화동 890-11,521303268023,전북특별자치도 군산시 대학로,179,1,4513011000108900011038073,,전북특별자치도 군산시 대학로 179-1,573874,54115,,,,126.7029544693,35.975617538766
MA010120220807177939,코아스,코리아,G2,소매,G216,안경·정밀기기 소매,G21601,사무기기 소매업,G47821,사무용 기기 소매업,52,전북특별자치도,52130,군산시,52130640,흥남동,5213013200,동흥남동,5213013200104070058,1,대지,407,58,전북특별자치도 군산시 동흥남동 407-58,521303268104,전북특별자치도 군산시 팔마로,205,8,4513013200104070058031420,,전북특별자치도 군산시 팔마로 205-8,573200,54040,,,,126.723969877673,35.9742888348252
MA010120220807186879,미래디지탈,,G2,소매,G216,안경·정밀기기 소매,G21601,사무기기 소매업,G47821,사무용 기기 소매업,52,전북특별자치도,52130,군산시,52130690,수송동,5213014300,지곡동,5213014300104930011,1,대지,493,11,전북특별자치도 군산시 지곡동 493-11,521304604491,전북특별자치도 군산시 상지곡3길,8,,4513014300104930011033828,,전북특별자치도 군산시 상지곡3길 8,573370,54103,,,,126.705766941451,35.9586992748011
MA010120220807197142,메인OA,,G2,소매,G216,안경·정밀기기 소매,G21601,사무기기 소매업,G47821,사무용 기기 소매업,52,전북특별자치도,52130,군산시,52130550,신풍동,5213011000,문화동,5213011000109190004,1,대지,919,4,전북특별자치도 군산시 문화동 919-4,521303268023,전북특별자치도 군산시 대학로,219,,4513011000109190004027391,,전북특별자치도 군산시 대학로 219,573874,54133,,,,126.700514984972,35.9727455513352
MA010120220807193153,신도O.A,,G2,소매,G216,안경·정밀기기 소매,G21601,사무기기 소매업,G47821,사무용 기기 소매업,52,전북특별자치도,52130,군산시,52130550,신풍동,5213011000,문화동,5213011000109190004,1,대지,919,4,전북특별자치도 군산시 문화동 919-4,521303268023,전북특별자치도 군산시 대학로,219,,4513011000109190004027391,,전북특별자치도 군산시 대학로 219,573874,54133,,,,126.700514984972,35.9727455513352
MA010120220807203204,평택사무기,,G2,소매,G216,안경·정밀기기 소매,G21601,사무기기 소매업,G47821,사무용 기기 소매업,41,경기도,41220,평택시,41220256,포승읍,4122025621,포승읍,4122025621100040007,1,대지,4,7,경기도 평택시 포승읍 내기리 4-7,412202012006,경기도 평택시 포승읍 서동대로,1107,,4122025621100040007042251,,경기도 평택시 포승읍 서동대로 1107,451821,17964,,,,126.878047487153,36.9802941351224
MA010120220807201574,비트전산,,G2,소매,G216,안경·정밀기기 소매,G21601,사무기기 소매업,G47821,사무용 기기 소매업,52,전북특별자치도,52130,군산시,52130360,개정면,5213036025,개정면,5213036025103220021,1,대지,322,21,전북특별자치도 군산시 개정면 통사리 322-21,521304604666,전북특별자치도 군산시 개정면 신동화1길,6,2,4513036025003220021228752,,전북특별자치도 군산시 개정면 신동화1길 6-2,573923,54065,,,,126.806078399188,35.948764341488
MA010120220808538007,나이스밴정보통신,,G2,소매,G216,안경·정밀기기 소매,G21601,사무기기 소매업,G47821,사무용 기기 소매업,47,경상북도,47290,경산시,47290510,중방동,4729011700,중방동,4729011700104410013,1,대지,441,13,경상북도 경산시 중방동 441-13,472904739667,경상북도 경산시 중앙로17길,41,,4729011700104410013000001,킹덤,경상북도 경산시 중앙로17길 41,712803,38624,,,,128.734675612848,35.8271240782994
MA010120220808531199,온누리종합기획,,G2,소매,G216,안경·정밀기기 소매,G21601,사무기기 소매업,G47821,사무용 기기 소매업,47,경상북도,47130,경주시,47130530,황오동,4713010400,성동동,4713010400102540020,1,대지,254,20,경상북도 경주시 성동동 254-20,471303305073,경상북도 경주시 동문로,44,,4713010400102540020005209,,경상북도 경주시 동문로 44,780947,38139,,,,129.214192328343,35.8483660491701
MA010120220808531397,미르페이,,G2,소매,G216,안경·정밀기기 소매,G21601,사무기기 소매업,G47821,사무용 기기 소매업,11,서울특별시,11215,광진구,11215780,능동,1121510200,능동,1121510200102510012,1,대지,251,12,서울특별시 광진구 능동 251-12,112154112143,서울특별시 광진구 능동로32길,130,5,1121510200102510012000001,,서울특별시 광진구 능동로32길 130-5,143849,04988,,,,127.085250173083,37.5525415851086
MA010120220808576667,세계정보통신,,G2,소매,G216,안경·정밀기기 소매,G21601,사무기기 소매업,G47821,사무용 기기 소매업,41,경기도,41310,구리시,41310570,수택1동,4131010500,수택동,4131010500104190011,1,대지,419,11,경기도 구리시 수택동 419-11,413104388129,경기도 구리시 안골로97번길,17,28,4131010500104190011004559,호,경기도 구리시 안골로97번길 17-28,471815,11928,,1,,127.140857366274,37.5984930900844
MA010120220808588777,루키종합,,G2,소매,G216,안경·정밀기기 소매,G21601,사무기기 소매업,G47821,사무용 기기 소매업,30,대전광역시,30200,유성구,30200550,신성동,3020012700,도룡동,3020012700103990008,1,대지,399,8,대전광역시 유성구 도룡동 399-8,302002010001,대전광역시 유성구 대덕대로,530,,3020012700103990008008673,가열,대전광역시 유성구 대덕대로 530,305805,34121,,,,127.379129867462,36.3801696723251
MA010120220808597292,MS정보통신,,G2,소매,G216,안경·정밀기기 소매,G21601,사무기기 소매업,G47821,사무용 기기 소매업,11,서울특별시,11710,송파구,11710532,거여2동,1171011300,거여동,1171011300102930001,1,대지,293,1,서울특별시 송파구 거여동 293-1,117103123022,서울특별시 송파구 양산로,12,,1171011300102930001022891,세신거여훼미리타운,서울특별시 송파구 양산로 12,138112,05787,,5,,127.143581844876,37.4899104622609
MA010120220808578708,로제트,,G2,소매,G216,안경·정밀기기 소매,G21601,사무기기 소매업,G47821,사무용 기기 소매업,11,서울특별시,11530,구로구,11530540,구로3동,1153010200,구로동,1153010200101970005,1,대지,197,5,서울특별시 구로구 구로동 197-5,115304148340,서울특별시 구로구 디지털로33길,27,,1153010200101970005000001,삼성IT밸리,서울특별시 구로구 디지털로33길 27,152743,08380,,5,,126.894676612063,37.4860584110989
MA010120220808628422,잉크충전무한렌탈,,G2,소매,G216,안경·정밀기기 소매,G21601,사무기기 소매업,G47821,사무용 기기 소매업,30,대전광역시,30200,유성구,30200546,노은1동,3020011900,노은동,3020011900104880005,1,대지,488,5,대전광역시 유성구 노은동 488-5,302004301082,대전광역시 유성구 노은서로112번길,100,,3020011900104880005009575,,대전광역시 유성구 노은서로112번길 100,305325,34089,,2,,127.316452930219,36.3720072888103
MA010120220808610610,복사기프린터렌탈임대,전문점,G2,소매,G216,안경·정밀기기 소매,G21601,사무기기 소매업,G47821,사무용 기기 소매업,48,경상남도,48250,김해시,48250360,상동면,4825036025,상동면,4825036025103690003,1,대지,369,3,경상남도 김해시 상동면 우계리 369-3,482504805494,경상남도 김해시 상동면 상동로375번길,21,,4825036025103690003041178,,경상남도 김해시 상동면 상동로375번길 21,621816,50805,,,,128.912107356943,35.307531310339
MA010120220808611572,아임아이티프라자,,G2,소매,G216,안경·정밀기기 소매,G21601,사무기기 소매업,G47821,사무용 기기 소매업,29,광주광역시,29170,북구,29170695,건국동,2917014100,오룡동,2917014100111100022,1,대지,1110,22,광주광역시 북구 오룡동 1110-22,291704286722,광주광역시 북구 첨단과기로208번길,43,10,2917014100111100022000001,비호마루힐아이비씨지식산업센터,광주광역시 북구 첨단과기로208번길 43-10,500480,61011,,,,126.849209462821,35.2226889865775
MA010120220808658576,올고,,G2,소매,G216,안경·정밀기기 소매,G21601,사무기기 소매업,G47821,사무용 기기 소매업,26,부산광역시,26350,해운대구,26350520,우2동,2635010500,우동,2635010500114590000,1,대지,1459,,부산광역시 해운대구 우동 1459,263503133020,부산광역시 해운대구 센텀중앙로,60,,2635010500114590000000001,퍼스트인센텀,부산광역시 해운대구 센텀중앙로 60,612022,48059,,6,,129.128860165767,35.1738292429563
MA010120220808676315,진덕기업,,G2,소매,G216,안경·정밀기기 소매,G21601,사무기기 소매업,N75999,그 외 기타 분류 안된 사업 지원 서비스업,31,울산광역시,31170,동구,31170510,방어동,3117010100,방어동,3117010100111420011,1,대지,1142,11,울산광역시 동구 방어동 1142-11,311704313033,울산광역시 동구 남진1길,12,,3117010100111420011000001,,울산광역시 동구 남진1길 12,682806,44108,,,,129.41754026536,35.4824760686976
MA010120220800438758,준원OA,,G2,소매,G216,안경·정밀기기 소매,G21601,사무기기 소매업,G47821,사무용 기기 소매업,11,서울특별시,11545,금천구,11545510,가산동,1154510100,가산동,1154510100106700000,1,대지,670,,서울특별시 금천구 가산동 670,115453117001,서울특별시 금천구 가산디지털1로,25,,1154510100106700000015494,대륭테크노타운17차,서울특별시 금천구 가산디지털1로 25,153803,08594,,,,126.886200814697,37.4682826508417
MA010120220800430880,우리정보통신,,G2,소매,G216,안경·정밀기기 소매,G21601,사무기기 소매업,G47821,사무용 기기 소매업,11,서울특별시,11560,영등포구,11560650,신길3동,1156013200,신길동,1156013200102960015,1,대지,296,15,서울특별시 영등포구 신길동 296-15,115604154022,서울특별시 영등포구 가마산로61라길,3,1,1156013200102960015013490,,서울특별시 영등포구 가마산로61라길 3-1,150847,07383,,,,126.9043051594,37.5076186723744
MA010120220800409206,더비즈,코리아,G2,소매,G216,안경·정밀기기 소매,G21601,사무기기 소매업,G47821,사무용 기기 소매업,11,서울특별시,11560,영등포구,11560610,양평1동,1156012700,양평동3가,1156012700100130000,1,대지,13,,서울특별시 영등포구 양평동3가 13,115603118016,서울특별시 영등포구 양산로,57,5,1156012700100140000000001,양평동이노플렉스,서울특별시 영등포구 양산로 57-5,150103,07271,,,,126.889360627076,37.5255716229907
MA010120220800429012,백정보,,G2,소매,G216,안경·정밀기기 소매,G21601,사무기기 소매업,G47821,사무용 기기 소매업,11,서울특별시,11560,영등포구,11560650,신길3동,1156013200,신길동,1156013200102870006,1,대지,287,6,서울특별시 영등포구 신길동 287-6,115603118006,서울특별시 영등포구 도신로,146,8,1156013200102870006014888,,서울특별시 영등포구 도신로 146-8,150847,07385,,,,126.907685058536,37.5090990095901
MA010120220800419179,동주하이텍,,G2,소매,G216,안경·정밀기기 소매,G21601,사무기기 소매업,G47821,사무용 기기 소매업,11,서울특별시,11530,구로구,11530540,구로3동,1153010200,구로동,1153010200102120008,1,대지,212,8,서울특별시 구로구 구로동 212-8,115303000026,서울특별시 구로구 디지털로,288,,1153010200102120008022974,대륭포스트타워1차,서울특별시 구로구 디지털로 288,152790,08390,,9,,126.895505475009,37.4835723648529
MA010120220800426638,두잇전산,,G2,소매,G216,안경·정밀기기 소매,G21601,사무기기 소매업,G47821,사무용 기기 소매업,11,서울특별시,11545,금천구,11545610,독산1동,1154510200,독산동,1154510200101470051,1,대지,147,51,서울특별시 금천구 독산동 147-51,115454151279,서울특별시 금천구 시흥대로149길,31,,1154510200101470051012162,,서울특별시 금천구 시흥대로149길 31,153806,08533,,3,,126.896195080884,37.4754638929133
MA010120220800441056,스마일서광,,G2,소매,G216,안경·정밀기기 소매,G21601,사무기기 소매업,G47821,사무용 기기 소매업,11,서울특별시,11650,서초구,11650510,서초1동,1165010800,서초동,1165010800116660010,1,대지,1666,10,서울특별시 서초구 서초동 1666-10,116504163418,서울특별시 서초구 서초대로54길,29,32,1165010800116660010023423,,서울특별시 서초구 서초대로54길 29-32,137881,06633,,,,127.017165391149,37.4929517682345
MA010120220800405155,알에스포스,,G2,소매,G216,안경·정밀기기 소매,G21601,사무기기 소매업,G47821,사무용 기기 소매업,11,서울특별시,11500,강서구,11500520,등촌1동,1150010200,등촌동,1150010200106350012,1,대지,635,12,서울특별시 강서구 등촌동 635-12,115004145206,서울특별시 강서구 공항대로59길,57,,1150010200106350012027236,,서울특별시 강서구 공항대로59길 57,157839,07551,,1,,126.863209632645,37.5542230393684
MA010120220800436223,케이에스밴,,G2,소매,G216,안경·정밀기기 소매,G21601,사무기기 소매업,G47821,사무용 기기 소매업,11,서울특별시,11560,영등포구,11560720,대림3동,1156013300,대림동,1156013300106890017,1,대지,689,17,서울특별시 영등포구 대림동 689-17,115604154168,서울특별시 영등포구 대림로34나길,1,1,1156013300106890017001206,,서울특별시 영등포구 대림로34나길 1-1,150813,07401,,1,,126.899012837241,37.4986222336795
MA010120220800468325,베스트원테크놀로지주,,G2,소매,G216,안경·정밀기기 소매,G21601,사무기기 소매업,G47821,사무용 기기 소매업,11,서울특별시,11545,금천구,11545510,가산동,1154510100,가산동,1154510100103710041,1,대지,371,41,서울특별시 금천구 가산동 371-41,115453117001,서울특별시 금천구 가산디지털1로,171,,1154510100103710041014470,가산에스케이브이원센터,서울특별시 금천구 가산디지털1로 171,153803,08503,,,,126.880675837505,37.4807651927289
MA010120220800496305,티앤에스,,G2,소매,G216,안경·정밀기기 소매,G21601,사무기기 소매업,G47821,사무용 기기 소매업,11,서울특별시,11500,강서구,11500630,방화1동,1150010500,마곡동,1150010500107390001,1,대지,739,1,서울특별시 강서구 마곡동 739-1,115002115001,서울특별시 강서구 방화대로,294,,1150010500107390001000001,마곡더블유타워,서울특별시 강서구 방화대로 294,157855,07599,,5,,126.817049734702,37.5669997276526
MA010120220800485142,신도디지털OA,,G2,소매,G216,안경·정밀기기 소매,G21601,사무기기 소매업,G47821,사무용 기기 소매업,11,서울특별시,11500,강서구,11500620,공항동,1150010800,공항동,1150010800113350003,1,대지,1335,3,서울특별시 강서구 공항동 1335-3,115004145279,서울특별시 강서구 남부순환로11가길,19,,1150010800113350003007216,,서울특별시 강서구 남부순환로11가길 19,157815,07628,,1,,126.813787227186,37.5544077182215
MA010120220800488721,명OA,,G2,소매,G216,안경·정밀기기 소매,G21601,사무기기 소매업,G47821,사무용 기기 소매업,11,서울특별시,11500,강서구,11500540,화곡1동,1150010300,화곡동,1150010300103670023,1,대지,367,23,서울특별시 강서구 화곡동 367-23,115004145013,서울특별시 강서구 가로공원로86길,20,,1150010300103670023029779,,서울특별시 강서구 가로공원로86길 20,157884,07763,,,,126.840986600626,37.5364365258962
MA010120220800486136,다큐칼라시스템,,G2,소매,G216,안경·정밀기기 소매,G21601,사무기기 소매업,G47821,사무용 기기 소매업,41,경기도,41570,김포시,41570253,고촌읍,4157025324,고촌읍,4157025324100010000,1,대지,1,,경기도 김포시 고촌읍 신곡리 1,415703209076,경기도 김포시 고촌읍 신기신동로,87,,4157025324100010002018400,,경기도 김포시 고촌읍 신기신동로 87,415811,10124,,,,126.768932067106,37.6110548871857
MA010120220800531456,문경OA사무기,,G2,소매,G216,안경·정밀기기 소매,G21601,사무기기 소매업,G47821,사무용 기기 소매업,47,경상북도,47280,문경시,47280580,점촌2동,4728011100,윤직동,4728011100105270000,1,대지,527,,경상북도 문경시 윤직동 527,472804736580,경상북도 문경시 윤직동1길,11,,4728011100105270000005091,,경상북도 문경시 윤직동1길 11,745340,36946,,,,128.197433921866,36.5859611681358
MA010120220800505154,스카이정보통신,,G2,소매,G216,안경·정밀기기 소매,G21601,사무기기 소매업,G47821,사무용 기기 소매업,11,서울특별시,11500,강서구,11500593,화곡8동,1150010300,화곡동,1150010300104080092,1,대지,408,92,서울특별시 강서구 화곡동 408-92,115004145468,서울특별시 강서구 초록마을로32길,29,44,1150010300104080092011250,,서울특별시 강서구 초록마을로32길 29-44,157889,07730,,,,126.845827206306,37.5373980042294
MA010120220800526463,정진사무기,,G2,소매,G216,안경·정밀기기 소매,G21601,사무기기 소매업,G47821,사무용 기기 소매업,11,서울특별시,11500,강서구,11500630,방화1동,1150010900,방화동,1150010900104950013,1,대지,495,13,서울특별시 강서구 방화동 495-13,115004145431,서울특별시 강서구 양천로7길,7,,1150010900104950013003543,정현빌딩,서울특별시 강서구 양천로7길 7,157849,07516,,1,,126.807627662168,37.5731926001026
MA010120220800536114,코아종합시스템,,G2,소매,G216,안경·정밀기기 소매,G21601,사무기기 소매업,G47821,사무용 기기 소매업,11,서울특별시,11500,강서구,11500611,발산1동,1150010500,마곡동,1150010500107990003,1,대지,799,3,서울특별시 강서구 마곡동 799-3,115002005007,서울특별시 강서구 공항대로,194,,1150010500107990003000001,문영퀸즈파크12차,서울특별시 강서구 공항대로 194,157210,07631,,10,,126.829043634836,37.558980825258
MA010120220800552775,디앤텍,,G2,소매,G216,안경·정밀기기 소매,G21601,사무기기 소매업,G47821,사무용 기기 소매업,11,서울특별시,11140,중구,11140550,명동,1114010500,을지로2가,1114010500101490010,1,대지,149,10,서울특별시 중구 을지로2가 149-10,111403101006,서울특별시 중구 을지로,88,,1114010500100550007000001,을,서울특별시 중구 을지로 88,100845,04542,,,,126.986870012429,37.5661496556429
MA010120220800553641,원정보통신,,G2,소매,G216,안경·정밀기기 소매,G21601,사무기기 소매업,G47821,사무용 기기 소매업,11,서울특별시,11500,강서구,11500593,화곡8동,1150010300,화곡동,1150010300104100295,1,대지,410,295,서울특별시 강서구 화곡동 410-295,115004145462,서울특별시 강서구 초록마을로22길,57,12,1150010300104100295012231,,서울특별시 강서구 초록마을로22길 57-12,157889,07725,,,,126.848631270283,37.5383657012173
MA010120220800558861,신도서부센타,,G2,소매,G216,안경·정밀기기 소매,G21601,사무기기 소매업,G47821,사무용 기기 소매업,11,서울특별시,11380,은평구,11380570,대조동,1138010600,대조동,1138010600101920030,1,대지,192,30,서울특별시 은평구 대조동 192-30,113804133317,서울특별시 은평구 통일로75길,15,1,1138010600101920030025234,,서울특별시 은평구 통일로75길 15-1,122842,03385,,,,126.922221498108,37.6154090293789
MA010120220800582609,내비플러스,,G2,소매,G216,안경·정밀기기 소매,G21601,사무기기 소매업,G45213,자동차 내장용 신품 전기ㆍ전자ㆍ정밀기기 판매업,11,서울특별시,11380,은평구,11380510,녹번동,1138010200,녹번동,1138010200101550001,1,대지,155,1,서울특별시 은평구 녹번동 155-1,113803000007,서울특별시 은평구 서오릉로,29,,1138010200101550001041080,,서울특별시 은평구 서오릉로 29,122834,03459,,,,126.925065078286,37.6034727626197
MA010120220802118140,연수OA시스템,,G2,소매,G216,안경·정밀기기 소매,G21601,사무기기 소매업,G47821,사무용 기기 소매업,28,인천광역시,28185,연수구,28185761,연수1동,2818510300,연수동,2818510300105530004,1,대지,553,4,인천광역시 연수구 연수동 553-4,281854256325,인천광역시 연수구 함박뫼로84번길,42,,2818510300105530004192821,,인천광역시 연수구 함박뫼로84번길 42,406814,21921,,,,126.677263638744,37.4214856532059
MA010120220802123056,우림정보통신,,G2,소매,G216,안경·정밀기기 소매,G21601,사무기기 소매업,G47821,사무용 기기 소매업,28,인천광역시,28177,미추홀구,28177710,문학동,2817710700,문학동,2817710700103780012,1,대지,378,12,인천광역시 미추홀구 문학동 378-12,281774253228,인천광역시 미추홀구 매소홀로546번길,7,47,2817010900103780012187144,,인천광역시 미추홀구 매소홀로546번길 7-47,402070,22235,,,,126.684107728949,37.4380827832555
MA010120220802131746,O.A써비스,,G2,소매,G216,안경·정밀기기 소매,G21601,사무기기 소매업,G47821,사무용 기기 소매업,28,인천광역시,28200,남동구,28200521,구월3동,2820010100,구월동,2820010100113450003,1,대지,1345,3,인천광역시 남동구 구월동 1345-3,282004259348,인천광역시 남동구 문화로115번길,47,,2820010100113450003005810,,인천광역시 남동구 문화로115번길 47,405840,21569,,1,,126.696841453494,37.4495139227812
MA010120220802128378,고객정보통신,,G2,소매,G216,안경·정밀기기 소매,G21601,사무기기 소매업,G47821,사무용 기기 소매업,28,인천광역시,28200,남동구,28200522,구월4동,2820010100,구월동,2820010100113130019,1,대지,1313,19,인천광역시 남동구 구월동 1313-19,282003153007,인천광역시 남동구 구월말로,8,,2820010100113130019028268,,인천광역시 남동구 구월말로 8,405839,21537,,2,,126.724506835734,37.449581648552
MA010120220802137703,솔오피스,,G2,소매,G216,안경·정밀기기 소매,G21601,사무기기 소매업,G47821,사무용 기기 소매업,28,인천광역시,28185,연수구,28185840,송도3동,2818510600,송도동,2818510600102140000,1,대지,214,,인천광역시 연수구 송도동 214,281853152042,인천광역시 연수구 송도미래로,30,,2818510600102140000000001,호,인천광역시 연수구 송도미래로 30,406083,21990,,,,126.647278391163,37.3666451386433
MA010120220802168020,누리테크로이포스,,G2,소매,G216,안경·정밀기기 소매,G21601,사무기기 소매업,G47821,사무용 기기 소매업,41,경기도,41610,광주시,41610520,송정동,4161010300,송정동,4161010300101010048,1,대지,101,48,경기도 광주시 송정동 101-48,416104433489,경기도 광주시 통미로24번길,13,,4161010300101010048248074,,경기도 광주시 통미로24번길 13,464902,12743,,1,,127.25768881746,37.4152391130686
MA010120220802181504,성화종합사무기,,G2,소매,G216,안경·정밀기기 소매,G21601,사무기기 소매업,G47821,사무용 기기 소매업,41,경기도,41310,구리시,41310530,인창동,4131010300,인창동,4131010300103070021,1,대지,307,21,경기도 구리시 인창동 307-21,413104388142,경기도 구리시 응달말로52번길,54,,4131010300103070021002418,,경기도 구리시 응달말로52번길 54,471833,11920,,,,127.136631764679,37.6036967697582
MA010120220802211230,하나O.A,,G2,소매,G216,안경·정밀기기 소매,G21601,사무기기 소매업,G47821,사무용 기기 소매업,41,경기도,41360,남양주시,41360256,화도읍,4136025621,화도읍,4136025621102490007,1,대지,249,7,경기도 남양주시 화도읍 마석우리 249-7,413603197022,경기도 남양주시 화도읍 마석중앙로,106,,4136025621102490007019905,,경기도 남양주시 화도읍 마석중앙로 106,472845,12180,,,,127.311481271512,37.651936827279
MA010120220802216697,한별오에이,,G2,소매,G216,안경·정밀기기 소매,G21601,사무기기 소매업,G47821,사무용 기기 소매업,41,경기도,41360,남양주시,41360259,진건읍,4136025924,진건읍,4136025924100710002,1,대지,71,2,경기도 남양주시 진건읍 신월리 71-2,413604391798,경기도 남양주시 진건읍 양진로470번길,14,,4136025924100710002009516,,경기도 남양주시 진건읍 양진로470번길 14,472832,12131,,1,,127.172951591508,37.6631051117678
MA010120220802189489,EMPIS,,G2,소매,G216,안경·정밀기기 소매,G21601,사무기기 소매업,G47821,사무용 기기 소매업,41,경기도,41360,남양주시,41360259,진건읍,4136025922,진건읍,4136025922104830001,1,대지,483,1,경기도 남양주시 진건읍 배양리 483-1,413603197005,경기도 남양주시 진건읍 고재로,20,,4136025922104830001013946,,경기도 남양주시 진건읍 고재로 20,472831,12247,,1,,127.166228257139,37.6365718417546
MA010120220802189795,디지털OA랜드,,G2,소매,G216,안경·정밀기기 소매,G21601,사무기기 소매업,G47821,사무용 기기 소매업,41,경기도,41360,남양주시,41360259,진건읍,4136025925,진건읍,4136025925107940138,1,대지,794,138,경기도 남양주시 진건읍 용정리 794-138,413603197033,경기도 남양주시 진건읍 사릉로,413,,4136025925107940138000001,상가,경기도 남양주시 진건읍 사릉로 413,472835,12138,,,,127.178239671085,37.6563849344721
MA010120220802211141,악셀워크,,G2,소매,G216,안경·정밀기기 소매,G21601,사무기기 소매업,G47821,사무용 기기 소매업,41,경기도,41590,화성시,41590410,정남면,4159041021,정남면,4159041021107090000,1,대지,709,,경기도 화성시 정남면 발산리 709,415903210033,경기도 화성시 정남면 만년로,396,1,4159041021107090000007226,,경기도 화성시 정남면 만년로 396-1,445967,18517,,,,126.982663158852,37.1571277939269
MA010120220802261398,효성사무기,,G2,소매,G216,안경·정밀기기 소매,G21601,사무기기 소매업,G47821,사무용 기기 소매업,41,경기도,41390,시흥시,41390594,정왕4동,4139013200,정왕동,4139013200118810011,1,대지,1881,11,경기도 시흥시 정왕동 1881-11,413903199057,경기도 시흥시 함송로,15,,4139013200118810011014032,화신프라자,경기도 시흥시 함송로 15,429865,15020,,3,,126.730294812589,37.3640343552651
MA010120220802220508,에이스테크,,G2,소매,G216,안경·정밀기기 소매,G21601,사무기기 소매업,G47821,사무용 기기 소매업,41,경기도,41360,남양주시,41360259,진건읍,4136025925,진건읍,4136025925107510013,1,대지,751,13,경기도 남양주시 진건읍 용정리 751-13,413604391661,경기도 남양주시 진건읍 진건오남로86번길,44,21,4136025925107510013009969,,경기도 남양주시 진건읍 진건오남로86번길 44-21,472835,12135,,,,127.18292351986,37.6578013141687
MA010120220802261784,교세라화성,,G2,소매,G216,안경·정밀기기 소매,G21601,사무기기 소매업,G47821,사무용 기기 소매업,41,경기도,41590,화성시,41590256,우정읍,4159025622,우정읍,4159025622102280141,1,대지,228,141,경기도 화성시 우정읍 호곡리 228-141,415903210193,경기도 화성시 우정읍 호곡공단로,119,22,4159025622102280141000001,사무동,경기도 화성시 우정읍 호곡공단로 119-22,445956,18558,,,,126.783968298729,37.1322521752075
MA010120220802265783,유일사무기,,G2,소매,G216,안경·정밀기기 소매,G21601,사무기기 소매업,G47821,사무용 기기 소매업,46,전라남도,46810,강진군,46810250,강진읍,4681025021,강진읍,4681025021101950002,1,대지,195,2,전라남도 강진군 강진읍 동성리 195-2,468103293060,전라남도 강진군 강진읍 중앙로,152,2,4681025021101950002604663,,전라남도 강진군 강진읍 중앙로 152-2,527803,59231,,,,126.772896731895,34.6410013388006
MA010120220802231521,에이스정보통신,,G2,소매,G216,안경·정밀기기 소매,G21601,사무기기 소매업,G47821,사무용 기기 소매업,41,경기도,41360,남양주시,41360545,다산1동,4136011200,다산동,4136011200161430000,1,대지,6143,,경기도 남양주시 다산동 6143,413603351591,경기도 남양주시 다산순환로,20,,4136011200161430000000001,지식산업센터,경기도 남양주시 다산순환로 20,,12248,,,,127.151689117087,37.6126792551016
MA010120220802217426,디지탈OA,,G2,소매,G216,안경·정밀기기 소매,G21601,사무기기 소매업,G47821,사무용 기기 소매업,41,경기도,41360,남양주시,41360530,금곡동,4136010300,금곡동,4136010300106640002,1,대지,664,2,경기도 남양주시 금곡동 664-2,413603197069,경기도 남양주시 홍유릉로,328,2,4136010300106640002007122,,경기도 남양주시 홍유릉로 328-2,472809,12238,,,,127.203939383659,37.6305391585649
MA010120220802301570,미래정보시스템,,G2,소매,G216,안경·정밀기기 소매,G21601,사무기기 소매업,G47821,사무용 기기 소매업,41,경기도,41273,안산시 단원구,41273570,초지동,4127310700,초지동,4127310700107000000,1,대지,700,,경기도 안산시 단원구 초지동 700,412734373235,경기도 안산시 단원구 신촌6길,30,,4127310700107000000000001,,경기도 안산시 단원구 신촌6길 30,425853,15441,,,,126.819207618472,37.3150525196737
MA010120220802310649,월드오에이사무기,,G2,소매,G216,안경·정밀기기 소매,G21601,사무기기 소매업,G47821,사무용 기기 소매업,41,경기도,41273,안산시 단원구,41273545,원곡동,4127310800,원곡동,4127310800109940005,1,대지,994,5,경기도 안산시 단원구 원곡동 994-5,412733012031,경기도 안산시 단원구 산단로,326,,4127310800109940005001086,유통상가,경기도 안산시 단원구 산단로 326,425780,15431,,,,126.78750644884,37.3234425118844
MA010120220802280068,신도네트,금천점,G2,소매,G216,안경·정밀기기 소매,G21601,사무기기 소매업,G47821,사무용 기기 소매업,41,경기도,41210,광명시,41210655,일직동,4121010600,일직동,4121010600105140000,1,대지,514,,경기도 광명시 일직동 514,412103182031,경기도 광명시 일직로,43,,4121010600105140000000001,GIDC상가,경기도 광명시 일직로 43,423090,14353,,1,,126.886947562971,37.4227731509461
MA010120220802313944,잉크스테이션,,G2,소매,G216,안경·정밀기기 소매,G21601,사무기기 소매업,G47821,사무용 기기 소매업,41,경기도,41390,시흥시,41390510,대야동,4139010100,대야동,4139010100104900003,1,대지,490,3,경기도 시흥시 대야동 490-3,413904397267,경기도 시흥시 복지로43번길,2,,4139010100104900003005064,대야빌딩,경기도 시흥시 복지로43번길 2,429811,14909,,1,,126.788952669419,37.4435693939455
MA010120220802301147,디지털오피스,,G2,소매,G216,안경·정밀기기 소매,G21601,사무기기 소매업,G47821,사무용 기기 소매업,41,경기도,41390,시흥시,41390591,정왕1동,4139013200,정왕동,4139013200113670001,1,대지,1367,1,경기도 시흥시 정왕동 1367-1,413902199001,경기도 시흥시 공단1대로,244,,4139013200113670001016345,공구상가,경기도 시흥시 공단1대로 244,429853,15103,,,,126.728445299906,37.3353324328239
MA010120220803889501,영인,,G2,소매,G216,안경·정밀기기 소매,G21601,사무기기 소매업,G47821,사무용 기기 소매업,11,서울특별시,11290,성북구,11290600,안암동,1129012300,안암동3가,1129012300101330040,1,대지,133,40,서울특별시 성북구 안암동3가 133-40,112904121201,서울특별시 성북구 보문로22길,53,6,1129012300101330040041967,,서울특별시 성북구 보문로22길 53-6,136073,02853,,,,127.023481228536,37.5843571514362
MA010120220803900524,S&J상사,,G2,소매,G216,안경·정밀기기 소매,G21601,사무기기 소매업,G47821,사무용 기기 소매업,11,서울특별시,11290,성북구,11290715,월곡1동,1129013600,하월곡동,1129013600100900108,1,대지,90,108,서울특별시 성북구 하월곡동 90-108,112903005036,서울특별시 성북구 종암로,182,,1129013600100900118018431,,서울특별시 성북구 종암로 182,136874,02739,,,,127.031596744815,37.6060511340534
MA010120220803923471,신도네트수표점,,G2,소매,G216,안경·정밀기기 소매,G21601,사무기기 소매업,G47821,사무용 기기 소매업,11,서울특별시,11560,영등포구,11560720,대림3동,1156013300,대림동,1156013300107540007,1,대지,754,7,서울특별시 영등포구 대림동 754-7,115604154252,서울특별시 영등포구 도림로47가길,16,2,1156013300107540007002023,,서울특별시 영등포구 도림로47가길 16-2,150815,07409,,1,,126.901140245804,37.4975878761675
MA010120220803954215,제이에이치컴퍼니,,G2,소매,G216,안경·정밀기기 소매,G21601,사무기기 소매업,G47821,사무용 기기 소매업,11,서울특별시,11350,노원구,11350611,하계1동,1135010400,하계동,1135010400100650006,1,대지,65,6,서울특별시 노원구 하계동 65-6,113504130034,서울특별시 노원구 공릉로58마길,31,,1135010400100650006013069,,서울특별시 노원구 공릉로58마길 31,139869,01808,,1,,127.077800369885,37.6363929940362
MA010120220803967366,신도뉴테크,,G2,소매,G216,안경·정밀기기 소매,G21601,사무기기 소매업,G47821,사무용 기기 소매업,41,경기도,41115,수원시 팔달구,41115700,지동,4111513900,지동,4111513900103710000,1,대지,371,,경기도 수원시 팔달구 지동 371,411152012012,경기도 수원시 팔달구 중부대로,47,,4111513900103710000015530,외,경기도 수원시 팔달구 중부대로 47,442837,16245,,10,,127.0220658063,37.2757051103267
MA010120220803958349,대림전산,,G2,소매,G216,안경·정밀기기 소매,G21601,사무기기 소매업,G47821,사무용 기기 소매업,11,서울특별시,11350,노원구,11350670,상계5동,1135010500,상계동,1135010500104560114,1,대지,456,114,서울특별시 노원구 상계동 456-114,113504130423,서울특별시 노원구 한글비석로47길,48,,1135010500104560114001961,,서울특별시 노원구 한글비석로47길 48,139820,01679,,1,,127.066550260997,37.6619968071032
MA010120220803946624,주광O.A,,G2,소매,G216,안경·정밀기기 소매,G21601,사무기기 소매업,G47821,사무용 기기 소매업,11,서울특별시,11305,강북구,11305535,미아동,1130510100,미아동,1130510100103090041,1,대지,309,41,서울특별시 강북구 미아동 309-41,113054124340,서울특별시 강북구 솔매로46길,50,,1130510100103090041030622,,서울특별시 강북구 솔매로46길 50,142812,01170,,,,127.026121685972,37.623892045425
MA010120220803939173,에코에어,,G2,소매,G216,안경·정밀기기 소매,G21601,사무기기 소매업,G47821,사무용 기기 소매업,11,서울특별시,11560,영등포구,11560670,신길5동,1156013200,신길동,1156013200104010008,1,대지,401,8,서울특별시 영등포구 신길동 401-8,115603116010,서울특별시 영등포구 도림로,263,,1156013200104010008011769,,서울특별시 영등포구 도림로 263,150850,07406,,5,,126.904561792483,37.5014830352455
MA010120220803959621,디에스시스템,,G2,소매,G216,안경·정밀기기 소매,G21601,사무기기 소매업,G47821,사무용 기기 소매업,41,경기도,41310,구리시,41310510,갈매동,4131010100,갈매동,4131010100105250001,1,대지,525,1,경기도 구리시 갈매동 525-1,413104853960,경기도 구리시 갈매순환로204번길,35,9,4131010100105250001000001,,경기도 구리시 갈매순환로204번길 35-9,471859,11901,,,,127.122510271584,37.6384092855593
MA010120220803962295,신도IT시스템,,G2,소매,G216,안경·정밀기기 소매,G21601,사무기기 소매업,G47821,사무용 기기 소매업,11,서울특별시,11320,도봉구,11320680,쌍문3동,1132010500,쌍문동,1132010500101000013,1,대지,100,13,서울특별시 도봉구 쌍문동 100-13,113204127016,서울특별시 도봉구 노해로54길,75,,1132010500101000013005601,,서울특별시 도봉구 노해로54길 75,132864,01447,,1,,127.031784274672,37.6475235011297
MA010120220803998510,에이.오.티주,,G2,소매,G216,안경·정밀기기 소매,G21601,사무기기 소매업,G47821,사무용 기기 소매업,11,서울특별시,11320,도봉구,11320680,쌍문3동,1132010500,쌍문동,1132010500101230069,1,대지,123,69,서울특별시 도봉구 쌍문동 123-69,113204127097,서울특별시 도봉구 도봉로109길,36,4,1132010500101230069000001,테디베어,서울특별시 도봉구 도봉로109길 36-4,132866,01444,,,,127.031364869155,37.6471722297972
MA010120220803990758,우성상사,,G2,소매,G216,안경·정밀기기 소매,G21601,사무기기 소매업,G47821,사무용 기기 소매업,11,서울특별시,11320,도봉구,11320690,방학1동,1132010600,방학동,1132010600106470027,1,대지,647,27,서울특별시 도봉구 방학동 647-27,113204127072,서울특별시 도봉구 도당로13나길,107,,1132010600106470027002869,,서울특별시 도봉구 도당로13나길 107,132845,01352,,,,127.040146650287,37.6683516533445
MA010120220804013287,그린디지탈OA,,G2,소매,G216,안경·정밀기기 소매,G21601,사무기기 소매업,G47821,사무용 기기 소매업,11,서울특별시,11650,서초구,11650540,잠원동,1165010600,잠원동,1165010600100480001,1,대지,48,1,서울특별시 서초구 잠원동 48-1,116504163039,서울특별시 서초구 강남대로95길,87,,1165010600100480001019670,선진빌딩,서울특별시 서초구 강남대로95길 87,137906,06529,,,,127.016163019763,37.5116567892861
MA010120220803970106,김지상사,,G2,소매,G216,안경·정밀기기 소매,G21601,사무기기 소매업,G47821,사무용 기기 소매업,11,서울특별시,11305,강북구,11305545,송중동,1130510100,미아동,1130510100101260015,1,대지,126,15,서울특별시 강북구 미아동 126-15,113054124343,서울특별시 강북구 솔매로50길,62,,1130510100101260015035385,,서울특별시 강북구 솔매로50길 62,142808,01158,,,,127.027854764024,37.6237294713541
MA010120220805421576,탑솔루션OA,,G2,소매,G216,안경·정밀기기 소매,G21601,사무기기 소매업,G47821,사무용 기기 소매업,11,서울특별시,11620,관악구,11620605,은천동,1162010100,봉천동,1162010100109240004,1,대지,924,4,서울특별시 관악구 봉천동 924-4,116204160597,서울특별시 관악구 양녕로1길,35,,1162010100109240004040126,장원빌,서울특별시 관악구 양녕로1길 35,151843,08752,,1,,126.944507799586,37.4835334609714
MA010120220805478731,써플라이서비스센타,,G2,소매,G216,안경·정밀기기 소매,G21601,사무기기 소매업,G47821,사무용 기기 소매업,41,경기도,41220,평택시,41220250,팽성읍,4122025035,팽성읍,4122025035100170024,1,대지,17,24,경기도 평택시 팽성읍 본정리 17-24,412204364225,경기도 평택시 팽성읍 본정2길,6,,4122025035100170024000001,,경기도 평택시 팽성읍 본정2길 6,451804,17979,,,,127.012057864248,36.9495029142643
MA010120220805453170,잉크잼,,G2,소매,G216,안경·정밀기기 소매,G21601,사무기기 소매업,G47821,사무용 기기 소매업,11,서울특별시,11380,은평구,11380632,신사2동,1138010900,신사동,1138010900103430022,1,대지,343,22,서울특별시 은평구 신사동 343-22,113804133254,서울특별시 은평구 증산로15길,38,1,1138010900103430022013864,우측,서울특별시 은평구 증산로15길 38-1,122891,03443,,1,,126.909475604225,37.5904064750818
MA010120220805455652,도전하는사람들,,G2,소매,G216,안경·정밀기기 소매,G21601,사무기기 소매업,G47821,사무용 기기 소매업,11,서울특별시,11560,영등포구,11560700,대림1동,1156013300,대림동,1156013300109750040,1,대지,975,40,서울특별시 영등포구 대림동 975-40,115604154138,서울특별시 영등포구 대림로12길,17,,1156013300109750040005668,,서울특별시 영등포구 대림로12길 17,150822,07438,,1,,126.904982964388,37.4904009957672
MA010120220805455683,삼성오피스,,G2,소매,G216,안경·정밀기기 소매,G21601,사무기기 소매업,G47821,사무용 기기 소매업,41,경기도,41370,오산시,41370543,신장1동,4137010800,수청동,4137010800105610008,1,대지,561,8,경기도 오산시 수청동 561-8,413704394095,경기도 오산시 수청로8번길,27,8,4137010800105610008008520,세명,경기도 오산시 수청로8번길 27-8,447290,18110,,1,,127.059317152228,37.1720357252298
MA010120220805471228,신우사무기기,,G2,소매,G216,안경·정밀기기 소매,G21601,사무기기 소매업,G47821,사무용 기기 소매업,28,인천광역시,28177,미추홀구,28177540,용현1.4동,2817710200,용현동,2817710200101460195,1,대지,146,195,인천광역시 미추홀구 용현동 146-195,281774253520,인천광역시 미추홀구 인주대로171번길,7,,2817010200101460195027000,,인천광역시 미추홀구 인주대로171번길 7,402822,22180,,,,126.656793386062,37.4561079188543
MA010120220805490173,싱크케어북부지사,,G2,소매,G216,안경·정밀기기 소매,G21601,사무기기 소매업,G47821,사무용 기기 소매업,47,경상북도,47900,예천군,47900250,예천읍,4790025024,예천읍,4790025024102400006,1,대지,240,6,경상북도 예천군 예천읍 동본리 240-6,479003307052,경상북도 예천군 예천읍 충효로,396,5,4790025024102400006050009,,경상북도 예천군 예천읍 충효로 396-5,757802,36819,,,,128.465368691883,36.6567643328101
MA010120220805499049,오피스사무기기,,G2,소매,G216,안경·정밀기기 소매,G21601,사무기기 소매업,G47821,사무용 기기 소매업,41,경기도,41500,이천시,41500250,장호원읍,4150025023,장호원읍,4150025023100050005,1,대지,5,5,경기도 이천시 장호원읍 진암리 5-5,415003000128,경기도 이천시 장호원읍 장감로,23,,4150025023100050005019938,,경기도 이천시 장호원읍 장감로 23,467904,17419,,,,127.625293782052,37.1161127744695
MA010120220805535051,오케이정보통신,,G2,소매,G216,안경·정밀기기 소매,G21601,사무기기 소매업,G47821,사무용 기기 소매업,44,충청남도,44770,서천군,44770253,서천읍,4477025321,서천읍,4477025321105780002,1,대지,578,2,충청남도 서천군 서천읍 군사리 578-2,447704580406,충청남도 서천군 서천읍 서천향교길,3,,4477025321105780002029360,,충청남도 서천군 서천읍 서천향교길 3,325802,33644,,,,126.693426628561,36.076801233941
MA010120220805554688,KIS정보통신충북,대리점,G2,소매,G216,안경·정밀기기 소매,G21601,사무기기 소매업,G47821,사무용 기기 소매업,43,충청북도,43113,청주시 흥덕구,43113700,운천.신봉동,4311310400,운천동,4311310400111220000,1,대지,1122,,충청북도 청주시 흥덕구 운천동 1122,431133237036,충청북도 청주시 흥덕구 사운로,211,,4311310400111220000015323,송원빌딩,충청북도 청주시 흥덕구 사운로 211,361841,28470,,3,,127.476608175378,36.647253938831
MA010120220805561428,신도O.A,,G2,소매,G216,안경·정밀기기 소매,G21601,사무기기 소매업,G47821,사무용 기기 소매업,43,충청북도,43745,증평군,43745250,증평읍,4374525021,증평읍,4374525021102310001,1,대지,231,1,충청북도 증평군 증평읍 증평리 231-1,437453244012,충청북도 증평군 증평읍 삼일로,65,,4374525021102310001008276,,충청북도 증평군 증평읍 삼일로 65,368902,27936,,,,127.585711179803,36.7817810986533
MA010120220805553415,중앙사무기,,G2,소매,G216,안경·정밀기기 소매,G21601,사무기기 소매업,G47821,사무용 기기 소매업,43,충청북도,43112,청주시 서원구,43112510,사직1동,4311210100,사직동,4311210100101410006,1,대지,141,6,충청북도 청주시 서원구 사직동 141-6,431123236024,충청북도 청주시 서원구 사북로,87,,4311310100101410006017180,,충청북도 청주시 서원구 사북로 87,362827,28549,,,,127.48062685635,36.6443001181583
MA010120220805561699,폭스일레븐,,G2,소매,G216,안경·정밀기기 소매,G21601,사무기기 소매업,G47821,사무용 기기 소매업,43,충청북도,43113,청주시 흥덕구,43113747,가경동,4311311300,가경동,4311311300101810001,1,대지,181,1,충청북도 청주시 흥덕구 가경동 181-1,431133237002,충청북도 청주시 흥덕구 가경로,85,,4311311300101810001000001,,충청북도 청주시 흥덕구 가경로 85,361800,28402,,,,127.440091839397,36.6229467853124
MA010120220805557998,정현종합사무기,,G2,소매,G216,안경·정밀기기 소매,G21601,사무기기 소매업,G47821,사무용 기기 소매업,43,충청북도,43750,진천군,43750250,진천읍,4375025024,진천읍,4375025024104380012,1,대지,438,12,충청북도 진천군 진천읍 읍내리 438-12,437504535065,충청북도 진천군 진천읍 남산길,15,,4375025024104380012000001,,충청북도 진천군 진천읍 남산길 15,365807,27832,,,,127.436926025811,36.8537158722897
MA010120220805556073,대한사무기복사,,G2,소매,G216,안경·정밀기기 소매,G21601,사무기기 소매업,G47821,사무용 기기 소매업,43,충청북도,43112,청주시 서원구,43112560,분평동,4311211100,장성동,4311211100101150015,1,대지,115,15,충청북도 청주시 서원구 장성동 115-15,431123014065,충청북도 청주시 서원구 2순환로,1814,19,4311211100101150015000001,,충청북도 청주시 서원구 2순환로 1814-19,362855,28805,,,,127.478017579263,36.5929911960928
MA010120220805560248,한국OA,,G2,소매,G216,안경·정밀기기 소매,G21601,사무기기 소매업,G47821,사무용 기기 소매업,43,충청북도,43114,청주시 청원구,43114550,오근장동,4311410800,정하동,4311410800100840004,1,대지,84,4,충청북도 청주시 청원구 정하동 84-4,431143236060,충청북도 청주시 청원구 토성로,138,,4311410800100840004000001,,충청북도 청주시 청원구 토성로 138,363225,28353,,,,127.463222722575,36.6790713997432
MA010120220805558352,충청OA시스템,,G2,소매,G216,안경·정밀기기 소매,G21601,사무기기 소매업,G47821,사무용 기기 소매업,43,충청북도,43112,청주시 서원구,43112570,수곡1동,4311210700,수곡동,4311210700100790023,1,대지,79,23,충청북도 청주시 서원구 수곡동 79-23,431123236067,충청북도 청주시 서원구 청남로,2078,2,4311310900100790023020570,,충청북도 청주시 서원구 청남로 2078-2,362834,28708,,,,127.486955301179,36.6175108858043
MA010120220805560499,유니트전산,,G2,소매,G216,안경·정밀기기 소매,G21601,사무기기 소매업,G47821,사무용 기기 소매업,43,충청북도,43112,청주시 서원구,43112550,산남동,4311210600,분평동,4311210600111460000,1,대지,1146,,충청북도 청주시 서원구 분평동 1146,431124511290,충청북도 청주시 서원구 매봉로13번길,25,,4311310800111460000024315,,충청북도 청주시 서원구 매봉로13번길 25,362856,28698,,,,127.47621369609,36.612228609563
MA010120220806901523,삼천리기업사,,G2,소매,G216,안경·정밀기기 소매,G21601,사무기기 소매업,G47821,사무용 기기 소매업,43,충청북도,43111,청주시 상당구,43111525,중앙동,4311110400,북문로3가,4311110400100050015,1,대지,5,15,충청북도 청주시 상당구 북문로3가 5-15,431113236056,충청북도 청주시 상당구 중앙로,96,2,4311110400100050015046002,,충청북도 청주시 상당구 중앙로 96-2,360013,28537,,1,,127.488294857547,36.6455665563635
MA010120220806904669,마스터플랜사무기,,G2,소매,G216,안경·정밀기기 소매,G21601,사무기기 소매업,M71531,경영 컨설팅업,44,충청남도,44200,아산시,44200610,온양5동,4420011200,용화동,4420011200104030001,1,대지,403,1,충청남도 아산시 용화동 403-1,442003253047,충청남도 아산시 시민로,251,,4420011200104030001064565,,충청남도 아산시 시민로 251,336050,31567,,1,,126.994421813399,36.7723554498759
MA010120220806924081,나이스정보통신,,G2,소매,G216,안경·정밀기기 소매,G21601,사무기기 소매업,G47821,사무용 기기 소매업,27,대구광역시,27230,북구,27230750,관음동,2723012500,관음동,2723012500112920019,1,대지,1292,19,대구광역시 북구 관음동 1292-19,272303145008,대구광역시 북구 관음동로,99,,2723012500112920019022134,,대구광역시 북구 관음동로 99,702802,41441,,,,128.5472202092,35.941705653793
MA010120220806967864,제이씨포스,,G2,소매,G216,안경·정밀기기 소매,G21601,사무기기 소매업,G47821,사무용 기기 소매업,41,경기도,41550,안성시,41550310,보개면,4155031024,보개면,4155031024100540003,1,대지,54,3,경기도 안성시 보개면 상삼리 54-3,415502012006,경기도 안성시 보개면 서동대로,5790,22,4155031024100540003005597,,경기도 안성시 보개면 서동대로 5790-22,456872,17508,,,,127.330898081943,37.0229040893393
MA010120220806947265,카피앤토너,,G2,소매,G216,안경·정밀기기 소매,G21601,사무기기 소매업,G47821,사무용 기기 소매업,11,서울특별시,11680,강남구,11680690,개포4동,1168010300,개포동,1168010300112470002,1,대지,1247,2,서울특별시 강남구 개포동 1247-2,116804166052,서울특별시 강남구 개포로17길,10,,1168010300102470002020403,,서울특별시 강남구 개포로17길 10,135965,06303,,,,127.046580057639,37.4792845486791
MA010120220807015986,어플라이언스,코리아,G2,소매,G216,안경·정밀기기 소매,G21601,사무기기 소매업,J62010,컴퓨터 프로그래밍 서비스업,11,서울특별시,11530,구로구,11530540,구로3동,1153010200,구로동,1153010200101870010,1,대지,187,10,서울특별시 구로구 구로동 187-10,115304148341,서울특별시 구로구 디지털로34길,43,,1153010200101870010022962,코오롱싸이언스밸리1차,서울특별시 구로구 디지털로34길 43,152729,08378,,,,126.898816143603,37.4851520107434
MA010120220806989971,밤스커피,,G2,소매,G216,안경·정밀기기 소매,G21601,사무기기 소매업,G47821,사무용 기기 소매업,41,경기도,41150,의정부시,41150520,의정부2동,4115010100,의정부동,4115010100104180052,1,대지,418,52,경기도 의정부시 의정부동 418-52,411504343452,경기도 의정부시 호국로1267번길,41,16,4115010100104180052004165,,경기도 의정부시 호국로1267번길 41-16,480845,11664,,3,,127.043739662524,37.7455188318961
MA010120220807014530,김천신도사무기,,G2,소매,G216,안경·정밀기기 소매,G21601,사무기기 소매업,G47821,사무용 기기 소매업,47,경상북도,47150,김천시,47150516,자산동,4715010400,성내동,4715010400102100011,1,대지,210,11,경상북도 김천시 성내동 210-11,471503306005,경상북도 김천시 김천로,183,1,4715010600102100011003835,,경상북도 김천시 김천로 183-1,740100,39596,,,,128.120862748149,36.1198220705282
MA010120220807010241,다온솔루션,,G2,소매,G216,안경·정밀기기 소매,G21601,사무기기 소매업,G47821,사무용 기기 소매업,11,서울특별시,11740,강동구,11740620,천호3동,1174010900,천호동,1174010900104490049,1,대지,449,49,서울특별시 강동구 천호동 449-49,117402000008,서울특별시 강동구 천호대로,1073,,1174010900104490049010659,힐탑프라자,서울특별시 강동구 천호대로 1073,134785,05340,,10,,127.131338465582,37.5365606477099
MA010120220807048598,이노프린팅,,G2,소매,G216,안경·정밀기기 소매,G21601,사무기기 소매업,G47821,사무용 기기 소매업,41,경기도,41590,화성시,41590253,봉담읍,4159025331,봉담읍,4159025331203250005,2,산,325,5,경기도 화성시 봉담읍 마하리 산325-5,415903210146,경기도 화성시 봉담읍 시청로,1552,,4159025331203250005000001,,경기도 화성시 봉담읍 시청로 1552,445902,18335,,,,126.948338092042,37.1742198652824
MA010120220807046651,원광테크,,G2,소매,G216,안경·정밀기기 소매,G21601,사무기기 소매업,G47821,사무용 기기 소매업,11,서울특별시,11710,송파구,11710646,장지동,1171010800,문정동,1171010800101090019,1,대지,109,19,서울특별시 송파구 문정동 109-19,117104169238,서울특별시 송파구 새말로17길,10,,1171010800101090019003013,,서울특별시 송파구 새말로17길 10,138870,05800,,1,,127.131035553797,37.486275964117
MA010120220807049626,LT정보통신,,G2,소매,G216,안경·정밀기기 소매,G21601,사무기기 소매업,G47821,사무용 기기 소매업,26,부산광역시,26230,부산진구,26230720,가야2동,2623011000,가야동,2623011000101310007,1,대지,131,7,부산광역시 부산진구 가야동 131-7,262304187028,부산광역시 부산진구 가야대로521번길,21,1,2623011000101310007038050,,부산광역시 부산진구 가야대로521번길 21-1,614801,47270,,,,129.028989726949,35.1545288023569
MA010120220807025609,고령사무기,,G2,소매,G216,안경·정밀기기 소매,G21601,사무기기 소매업,G47821,사무용 기기 소매업,47,경상북도,47830,고령군,47830253,대가야읍,4783025326,대가야읍,4783025326102040018,1,대지,204,18,경상북도 고령군 대가야읍 지산리 204-18,478303320011,경상북도 고령군 대가야읍 왕릉로,59,,4783025026102040018029834,,경상북도 고령군 대가야읍 왕릉로 59,717801,40138,,,,128.264263600354,35.725760767595
MA010120220807030842,베스트정보,,G2,소매,G216,안경·정밀기기 소매,G21601,사무기기 소매업,G47821,사무용 기기 소매업,43,충청북도,43111,청주시 상당구,43111720,용암1동,4311112400,용암동,4311112400112000000,1,대지,1200,,충청북도 청주시 상당구 용암동 1200,431114508518,충청북도 청주시 상당구 용암북로44번길,4,1,4311112400112000000030060,,충청북도 청주시 상당구 용암북로44번길 4-1,360823,28770,,1,,127.504150922854,36.6162408693791
MA010120220807023643,이지정보,,G2,소매,G216,안경·정밀기기 소매,G21601,사무기기 소매업,G47821,사무용 기기 소매업,47,경상북도,47750,청송군,47750315,주왕산면,4775031525,주왕산면,4775031525104520001,1,대지,452,1,경상북도 청송군 주왕산면 부일리 452-1,477504748144,경상북도 청송군 주왕산면 새골길,348,,4775031035104520001006363,,경상북도 청송군 주왕산면 새골길 348,763832,37439,,,,129.139894737297,36.3687294630269
MA010120220807021184,바로기획,,G2,소매,G216,안경·정밀기기 소매,G21601,사무기기 소매업,G47821,사무용 기기 소매업,44,충청남도,44133,천안시 서북구,44133256,직산읍,4413325627,직산읍,4413325627101960010,1,대지,196,10,충청남도 천안시 서북구 직산읍 상덕리 196-10,441334550274,충청남도 천안시 서북구 직산읍 상덕매주길,10,,4413325627101960010024543,,충청남도 천안시 서북구 직산읍 상덕매주길 10,331817,31030,,,,127.12514328732,36.8916594513294
MA010120220808351280,문경하나OA,,G2,소매,G216,안경·정밀기기 소매,G21601,사무기기 소매업,G47821,사무용 기기 소매업,47,경상북도,47280,문경시,47280590,점촌3동,4728010300,흥덕동,4728010300107850005,1,대지,785,5,경상북도 문경시 흥덕동 785-5,472804736427,경상북도 문경시 신흥6길,26,,4728010300107850005030857,,경상북도 문경시 신흥6길 26,745891,36963,,,,128.207204054568,36.6027489510609
MA010120220808354194,카드플러스정보통신,,G2,소매,G216,안경·정밀기기 소매,G21601,사무기기 소매업,G47821,사무용 기기 소매업,27,대구광역시,27200,남구,27200560,대명1동,2720010300,대명동,2720010300116760001,1,대지,1676,1,대구광역시 남구 대명동 1676-1,272003144010,대구광역시 남구 현충로,99,,2720010300116760007013193,,대구광역시 남구 현충로 99,705808,42465,,1,,128.579573254085,35.8416809421998
MA010120220808411753,디와이택스앤컴퍼니,,G2,소매,G216,안경·정밀기기 소매,G21601,사무기기 소매업,G47821,사무용 기기 소매업,41,경기도,41113,수원시 권선구,41113560,서둔동,4111313100,서둔동,4111313100101560016,1,대지,156,16,경기도 수원시 권선구 서둔동 156-16,411133175024,경기도 수원시 권선구 서둔로,196,1,4111313100101560016021302,,경기도 수원시 권선구 서둔로 196-1,441855,16609,,,,126.979976797619,37.2690197500969
MA010120220808470823,지엘,코리아,G2,소매,G216,안경·정밀기기 소매,G21601,사무기기 소매업,G47821,사무용 기기 소매업,11,서울특별시,11500,강서구,11500535,등촌3동,1150010200,등촌동,1150010200107530000,1,대지,753,,서울특별시 강서구 등촌동 753,115003115008,서울특별시 강서구 양천로,362,,1150010400101300001010361,도우빌딩,서울특별시 강서구 양천로 362,157033,07573,,3,,126.842448626965,37.5675228920183
MA010120220800191468,모든OA,,G2,소매,G216,안경·정밀기기 소매,G21601,사무기기 소매업,G47821,사무용 기기 소매업,11,서울특별시,11470,양천구,11470650,신정4동,1147010100,신정동,1147010100109160014,1,대지,916,14,서울특별시 양천구 신정동 916-14,114703114014,서울특별시 양천구 오목로,177,,1147010100109160014001831,,서울특별시 양천구 오목로 177,158858,07944,,5,,126.857142228559,37.5253117962275
MA010120220800226201,삼일실업,,G2,소매,G216,안경·정밀기기 소매,G21601,사무기기 소매업,G47821,사무용 기기 소매업,11,서울특별시,11440,마포구,11440720,성산1동,1144012500,성산동,1144012500106250009,1,대지,625,9,서울특별시 마포구 성산동 625-9,114403113011,서울특별시 마포구 성미산로,93,,1144012500106250009018174,,서울특별시 마포구 성미산로 93,121844,03977,,1,,126.91787489434,37.5613915922756
MA010120220800188874,디지탈네트OA,,G2,소매,G216,안경·정밀기기 소매,G21601,사무기기 소매업,G47821,사무용 기기 소매업,11,서울특별시,11560,영등포구,11560550,당산1동,1156011200,당산동2가,1156011200100300002,1,대지,30,2,서울특별시 영등포구 당산동2가 30-2,115603118022,서울특별시 영등포구 영등포로,109,,1156011200100300002030099,유통상가,서울특별시 영등포구 영등포로 109,150723,07264,,1,,126.894399370198,37.522350648366
MA010120220800238462,에스알신도판매,,G2,소매,G216,안경·정밀기기 소매,G21601,사무기기 소매업,G47821,사무용 기기 소매업,11,서울특별시,11440,마포구,11440630,신수동,1144011200,현석동,1144011200100100001,1,대지,10,1,서울특별시 마포구 현석동 10-1,114403113013,서울특별시 마포구 신수로,30,,1144011200100100001008380,,서울특별시 마포구 신수로 30,121854,04091,,,,126.934369300759,37.5442198835221
MA010120220800238822,디지탈뱅크주,,G2,소매,G216,안경·정밀기기 소매,G21601,사무기기 소매업,G47821,사무용 기기 소매업,11,서울특별시,11230,동대문구,11230610,답십리2동,1123010500,답십리동,1123010500100640002,1,대지,64,2,서울특별시 동대문구 답십리동 64-2,112303005025,서울특별시 동대문구 답십리로,178,,1123010500100640002021470,,서울특별시 동대문구 답십리로 178,130883,02607,,,,127.059791933786,37.5726764714329
MA010120220800270521,아이티에스,,G2,소매,G216,안경·정밀기기 소매,G21601,사무기기 소매업,G47821,사무용 기기 소매업,11,서울특별시,11170,용산구,11170580,효창동,1117011900,효창동,1117011900100050240,1,대지,5,240,서울특별시 용산구 효창동 5-240,111703005016,서울특별시 용산구 백범로,259,16,1117011900100050240016768,,서울특별시 용산구 백범로 259-16,140897,04318,,,,126.95933351354,37.5406901913155
MA010120220800261457,G-oneSolution,,G2,소매,G216,안경·정밀기기 소매,G21601,사무기기 소매업,G47821,사무용 기기 소매업,11,서울특별시,11650,서초구,11650600,방배1동,1165010100,방배동,1165010100109310010,1,대지,931,10,서울특별시 서초구 방배동 931-10,116503121011,서울특별시 서초구 방배중앙로,56,,1165010100109310010014216,코아빌딩,서울특별시 서초구 방배중앙로 56,137844,06680,,1,,126.990909450102,37.4846904237043
MA010120220800283907,국제조명,,G2,소매,G216,안경·정밀기기 소매,G21601,사무기기 소매업,G47821,사무용 기기 소매업,11,서울특별시,11170,용산구,11170625,한강로동,1117012800,한강로3가,1117012800100160009,1,대지,16,9,서울특별시 용산구 한강로3가 16-9,111703101023,서울특별시 용산구 청파로,74,,1117012800100160009011402,별관동,서울특별시 용산구 청파로 74,140749,04372,,1,,126.959620593735,37.5328966360174
MA010120220800259421,마곡렌탈,,G2,소매,G216,안경·정밀기기 소매,G21601,사무기기 소매업,G47821,사무용 기기 소매업,11,서울특별시,11500,강서구,11500611,발산1동,1150010500,마곡동,1150010500107990002,1,대지,799,2,서울특별시 강서구 마곡동 799-2,115002005007,서울특별시 강서구 공항대로,190,,1150010500107990002000001,푸리마타워,서울특별시 강서구 공항대로 190,157210,07631,,,,126.828636069523,37.5590342941861
MA010120220800271787,신도DNC,,G2,소매,G216,안경·정밀기기 소매,G21601,사무기기 소매업,G47821,사무용 기기 소매업,11,서울특별시,11170,용산구,11170690,서빙고동,1117013200,동빙고동,1117013200100280015,1,대지,28,15,서울특별시 용산구 동빙고동 28-15,111704106166,서울특별시 용산구 서빙고로91나길,96,,1117013200100280015003431,,서울특별시 용산구 서빙고로91나길 96,140810,04395,,지,,126.996142360119,37.524947631196
MA010120220800262658,제이테크,,G2,소매,G216,안경·정밀기기 소매,G21601,사무기기 소매업,G47821,사무용 기기 소매업,11,서울특별시,11545,금천구,11545620,독산2동,1154510200,독산동,1154510200110580046,1,대지,1058,46,서울특별시 금천구 독산동 1058-46,115454151358,서울특별시 금천구 시흥대로94길,11,,1154510200110580046011426,,서울특별시 금천구 시흥대로94길 11,153832,08619,,2,,126.898632350374,37.4621761037488
MA010120220800319154,써먼디지탈,,G2,소매,G216,안경·정밀기기 소매,G21601,사무기기 소매업,G47821,사무용 기기 소매업,41,경기도,41480,파주시,41480540,교하동,4148011500,문발동,4148011500105180002,1,대지,518,2,경기도 파주시 문발동 518-2,414804418895,경기도 파주시 회동길,209,,4148025929105180002016052,지구문화사빌딩,경기도 파주시 회동길 209,413070,10881,,3,,126.687691155669,37.7115070995403
MA010120220800334295,신한사무기,,G2,소매,G216,안경·정밀기기 소매,G21601,사무기기 소매업,G47821,사무용 기기 소매업,11,서울특별시,11545,금천구,11545620,독산2동,1154510200,독산동,1154510200110310004,1,대지,1031,4,서울특별시 금천구 독산동 1031-4,115454151242,서울특별시 금천구 시흥대로102길,57,,1154510200110310004010443,,서울특별시 금천구 시흥대로102길 57,153830,08616,,1,,126.898389714839,37.4660682639225
MA010120220800319691,뉴메가주,,G2,소매,G216,안경·정밀기기 소매,G21601,사무기기 소매업,G47821,사무용 기기 소매업,11,서울특별시,11170,용산구,11170625,한강로동,1117012800,한강로3가,1117012800100160009,1,대지,16,9,서울특별시 용산구 한강로3가 16-9,111703101023,서울특별시 용산구 청파로,74,,1117012800100160009011402,광장층,서울특별시 용산구 청파로 74,140749,04372,,,,126.959620593735,37.5328966360174
MA010120220800292539,백광사무기기,,G2,소매,G216,안경·정밀기기 소매,G21601,사무기기 소매업,G47821,사무용 기기 소매업,31,울산광역시,31140,남구,31140570,삼산동,3114010600,삼산동,3114010600116240001,1,대지,1624,1,울산광역시 남구 삼산동 1624-1,311403170026,울산광역시 남구 삼산로,358,,3114010600116240001004841,코아루벨라채,울산광역시 남구 삼산로 358,680815,44715,,,,129.346104911773,35.5394461130864
MA010120220800340378,우리사무기,,G2,소매,G216,안경·정밀기기 소매,G21601,사무기기 소매업,G47821,사무용 기기 소매업,11,서울특별시,11560,영등포구,11560620,양평2동,1156012800,양평동4가,1156012800100800000,1,대지,80,,서울특별시 영등포구 양평동4가 80,115604154453,서울특별시 영등포구 선유로49길,23,,1156012800100790001020516,선유도역아이에스비즈타워2차,서울특별시 영등포구 선유로49길 23,150866,07208,,,,126.895058722477,37.5361906153416
MA010120220800317136,오피스아이티주,,G2,소매,G216,안경·정밀기기 소매,G21601,사무기기 소매업,G47821,사무용 기기 소매업,11,서울특별시,11650,서초구,11650510,서초1동,1165010800,서초동,1165010800114450003,1,대지,1445,3,서울특별시 서초구 서초동 1445-3,116503121021,서울특별시 서초구 효령로,304,,1165010800114450003024144,국제전자센터,서울특별시 서초구 효령로 304,137728,06720,,7,,127.017807990612,37.4847344817979
MA010120220800321360,씨제이에이치인터내셔날,,G2,소매,G216,안경·정밀기기 소매,G21601,사무기기 소매업,G47821,사무용 기기 소매업,11,서울특별시,11710,송파구,11710620,가락본동,1171010700,가락동,1171010700100990005,1,대지,99,5,서울특별시 송파구 가락동 99-5,117103123016,서울특별시 송파구 중대로,97,,1171010700100990005007137,효원빌딩,서울특별시 송파구 중대로 97,138720,05719,,5,,127.119309973945,37.4931720818008
MA010120220800336472,드림테크,,G2,소매,G216,안경·정밀기기 소매,G21601,사무기기 소매업,G47821,사무용 기기 소매업,11,서울특별시,11560,영등포구,11560550,당산1동,1156011200,당산동2가,1156011200100300002,1,대지,30,2,서울특별시 영등포구 당산동2가 30-2,115603118022,서울특별시 영등포구 영등포로,109,,1156011200100300002030099,영등포유통센터,서울특별시 영등포구 영등포로 109,150723,07264,,1,,126.894399370198,37.522350648366
MA010120220800329585,서경,,G2,소매,G216,안경·정밀기기 소매,G21601,사무기기 소매업,G47821,사무용 기기 소매업,11,서울특별시,11650,서초구,11650510,서초1동,1165010800,서초동,1165010800114450003,1,대지,1445,3,서울특별시 서초구 서초동 1445-3,116503121021,서울특별시 서초구 효령로,304,,1165010800114450003024144,국제전자센터,서울특별시 서초구 효령로 304,137728,06720,,5,,127.017807990612,37.4847344817979
MA010120220800322461,제이엠미디어테크,,G2,소매,G216,안경·정밀기기 소매,G21601,사무기기 소매업,G47821,사무용 기기 소매업,11,서울특별시,11560,영등포구,11560620,양평2동,1156012800,양평동4가,1156012800100800000,1,대지,80,,서울특별시 영등포구 양평동4가 80,115604154453,서울특별시 영등포구 선유로49길,23,,1156012800100790001020516,선유도아이에스비즈타워2차,서울특별시 영등포구 선유로49길 23,150866,07208,,,,126.895058722477,37.5361906153416
MA010120220800330274,리코피아,,G2,소매,G216,안경·정밀기기 소매,G21601,사무기기 소매업,G47821,사무용 기기 소매업,11,서울특별시,11500,강서구,11500620,공항동,1150010800,공항동,1150010800100140014,1,대지,14,14,서울특별시 강서구 공항동 14-14,115004145323,서울특별시 강서구 방화대로21길,18,,1150010800100140014005557,,서울특별시 강서구 방화대로21길 18,157811,07617,,1,,126.815451813095,37.563195041911
MA010120220800360024,한성CNP,,G2,소매,G216,안경·정밀기기 소매,G21601,사무기기 소매업,G47821,사무용 기기 소매업,11,서울특별시,11680,강남구,11680531,논현2동,1168010800,논현동,1168010800102770020,1,대지,277,20,서울특별시 강남구 논현동 277-20,116803122004,서울특별시 강남구 봉은사로,317,,1168010800102770020008210,아모제논현빌딩,서울특별시 강남구 봉은사로 317,135833,06103,,2,,127.041611211542,37.5099837075898
MA010120220800343183,한국모바일정보통신,,G2,소매,G216,안경·정밀기기 소매,G21601,사무기기 소매업,G47821,사무용 기기 소매업,11,서울특별시,11500,강서구,11500535,등촌3동,1150010200,등촌동,1150010200107000000,1,대지,700,,서울특별시 강서구 등촌동 700,115004145183,서울특별시 강서구 공항대로41길,34,,1150010200107000000025308,,서울특별시 강서구 공항대로41길 34,157930,07587,,,,126.845714235673,37.5592740853216
MA010120220800348590,디지탈OA,,G2,소매,G216,안경·정밀기기 소매,G21601,사무기기 소매업,G47821,사무용 기기 소매업,11,서울특별시,11560,영등포구,11560550,당산1동,1156011200,당산동2가,1156011200100300002,1,대지,30,2,서울특별시 영등포구 당산동2가 30-2,115603118022,서울특별시 영등포구 영등포로,109,,1156011200100300002030099,유통상가,서울특별시 영등포구 영등포로 109,150723,07264,,1,,126.894399370198,37.522350648366
MA010120220800356840,선경프린테크,,G2,소매,G216,안경·정밀기기 소매,G21601,사무기기 소매업,G47821,사무용 기기 소매업,11,서울특별시,11560,영등포구,11560540,여의동,1156011000,여의도동,1156011000100440013,1,대지,44,13,서울특별시 영등포구 여의도동 44-13,115604154688,서울특별시 영등포구 여의대방로69길,7,,1156011000100440013031502,충무빌딩,서울특별시 영등포구 여의대방로69길 7,150890,07333,,,,126.931257317969,37.5197649440054
MA010120220800368331,오에이솔루션,,G2,소매,G216,안경·정밀기기 소매,G21601,사무기기 소매업,G47821,사무용 기기 소매업,11,서울특별시,11560,영등포구,11560560,당산2동,1156011600,당산동6가,1156011600102890003,1,대지,289,3,서울특별시 영등포구 당산동6가 289-3,115604154127,서울특별시 영등포구 당산로48길,13,,1156011600102890003027300,명칭없음,서울특별시 영등포구 당산로48길 13,150809,07223,,,,126.903625364334,37.534927506701
MA010120220800342731,리더스,,G2,소매,G216,안경·정밀기기 소매,G21601,사무기기 소매업,G47821,사무용 기기 소매업,11,서울특별시,11710,송파구,11710632,가락2동,1171010700,가락동,1171010700101580044,1,대지,158,44,서울특별시 송파구 가락동 158-44,117104169395,서울특별시 송파구 오금로38가길,1,,1171010700101580044004932,,서울특별시 송파구 오금로38가길 1,138809,05818,,,,127.12868632337,37.5009739623615
MA010120220801902727,팍스아이엔씨,,G2,소매,G216,안경·정밀기기 소매,G21601,사무기기 소매업,G47821,사무용 기기 소매업,41,경기도,41135,성남시 분당구,41135580,서현1동,4113510500,서현동,4113510500102600004,1,대지,260,4,경기도 성남시 분당구 서현동 260-4,411354340472,경기도 성남시 분당구 황새울로335번길,8,,4113510500102600004053971,,경기도 성남시 분당구 황새울로335번길 8,463824,13590,,4,,127.122133260224,37.3866061794086
MA010120220801933515,베스트엔프라이스,,G2,소매,G216,안경·정밀기기 소매,G21601,사무기기 소매업,G47821,사무용 기기 소매업,41,경기도,41133,성남시 중원구,41133570,상대원1동,4113310500,상대원동,4113310500154600000,1,대지,5460,,경기도 성남시 중원구 상대원동 5460,411334337005,경기도 성남시 중원구 갈마치로288번길,14,,4113310500101450001068043,SKV1,경기도 성남시 중원구 갈마치로288번길 14,462121,13201,,12,,127.173859474151,37.4395123124284
MA010120220801922991,제이에스정보기술,,G2,소매,G216,안경·정밀기기 소매,G21601,사무기기 소매업,G47821,사무용 기기 소매업,41,경기도,41131,성남시 수정구,41131550,태평2동,4113110200,태평동,4113110200133250003,1,대지,3325,3,경기도 성남시 수정구 태평동 3325-3,411314334373,경기도 성남시 수정구 수정로171번길,21,14,4113110200133250003071912,,경기도 성남시 수정구 수정로171번길 21-14,461822,13291,,,,127.13718955124,37.444642282885
MA010120220801903733,세원종합사무기,,G2,소매,G216,안경·정밀기기 소매,G21601,사무기기 소매업,G47821,사무용 기기 소매업,48,경상남도,48880,거창군,48880250,거창읍,4888025021,거창읍,4888025021108570004,1,대지,857,4,경상남도 거창군 거창읍 상림리 857-4,488804841084,경상남도 거창군 거창읍 공수들5길,26,,4888025021108570004000001,,경상남도 거창군 거창읍 공수들5길 26,670807,50131,,1,,127.90338701085,35.6864548991583
MA010120220801903868,신도디지털,분당지점,G2,소매,G216,안경·정밀기기 소매,G21601,사무기기 소매업,G47821,사무용 기기 소매업,41,경기도,41135,성남시 분당구,41135620,야탑1동,4113510700,야탑동,4113510700103780007,1,대지,378,7,경기도 성남시 분당구 야탑동 378-7,411354340363,경기도 성남시 분당구 장미로100번길,15,34,4113510700103780007028111,,경기도 성남시 분당구 장미로100번길 15-34,463827,13505,,,,127.132557338306,37.4131930878905
MA010120220801935044,헬로우컴퓨터,,G2,소매,G216,안경·정밀기기 소매,G21601,사무기기 소매업,G47821,사무용 기기 소매업,41,경기도,41133,성남시 중원구,41133540,금광2동,4113310300,금광동,4113310300140850000,1,대지,4085,,경기도 성남시 중원구 금광동 4085,411334337400,경기도 성남시 중원구 자혜로14번길,2,,4113310300140850000000001,제비,경기도 성남시 중원구 자혜로14번길 2,462805,13171,,지,,127.160989366899,37.4502526044841
MA010120220801913081,형제사무기,,G2,소매,G216,안경·정밀기기 소매,G21601,사무기기 소매업,G47821,사무용 기기 소매업,41,경기도,41133,성남시 중원구,41133570,상대원1동,4113310500,상대원동,4113310500101460008,1,대지,146,8,경기도 성남시 중원구 상대원동 146-8,411334337205,경기도 성남시 중원구 사기막골로45번길,14,,4113310500101460008014823,제,경기도 성남시 중원구 사기막골로45번길 14,462807,13209,,10,,127.169853010805,37.4367159824391
MA010120220801899976,성남종합사무기,,G2,소매,G216,안경·정밀기기 소매,G21601,사무기기 소매업,G47821,사무용 기기 소매업,41,경기도,41133,성남시 중원구,41133510,성남동,4113310100,성남동,4113310100140190000,1,대지,4019,,경기도 성남시 중원구 성남동 4019,411334337120,경기도 성남시 중원구 둔촌대로127번길,12,3,4113310100140190000022612,,경기도 성남시 중원구 둔촌대로127번길 12-3,462828,13372,,,,127.133084363095,37.4301496443472
MA010120220801902449,리필랜드,,G2,소매,G216,안경·정밀기기 소매,G21601,사무기기 소매업,G47821,사무용 기기 소매업,41,경기도,41463,용인시 기흥구,41463586,상하동,4146311700,상하동,4146311700101880011,1,대지,188,11,경기도 용인시 기흥구 상하동 188-11,414634412240,경기도 용인시 기흥구 중부대로746번길,66,12,4146311700101880011000001,,경기도 용인시 기흥구 중부대로746번길 66-12,446513,17077,,1,,127.133853015395,37.2586829119417
MA010120220801983778,포스밴정보통신,코리아,G2,소매,G216,안경·정밀기기 소매,G21601,사무기기 소매업,G47821,사무용 기기 소매업,41,경기도,41192,부천시 원미구,41192700,상3동,4119210900,상동,4119210900105380004,1,대지,538,4,경기도 부천시 원미구 상동 538-4,411923000065,경기도 부천시 원미구 길주로,137,,4119510900105380004033777,상록그린힐빌딩,경기도 부천시 원미구 길주로 137,420862,14542,,,,126.757685924602,37.5061114547574
MA010120220801970164,생생잉크무한,,G2,소매,G216,안경·정밀기기 소매,G21601,사무기기 소매업,G47821,사무용 기기 소매업,41,경기도,41461,용인시 처인구,41461350,백암면,4146135026,백암면,4146135026103730003,1,대지,373,3,경기도 용인시 처인구 백암면 장평리 373-3,414613203107,경기도 용인시 처인구 백암면 장재로,42,,4146135026103730003014636,,경기도 용인시 처인구 백암면 장재로 42,449864,17182,,,,127.388461011524,37.1182876658083
MA010120220801982360,대명.O.A,,G2,소매,G216,안경·정밀기기 소매,G21601,사무기기 소매업,G47821,사무용 기기 소매업,41,경기도,41192,부천시 원미구,41192670,상동,4119210900,상동,4119210900104360002,1,대지,436,2,경기도 부천시 원미구 상동 436-2,411924352054,경기도 부천시 원미구 부일로243번길,10,8,4119510900104360002020490,,경기도 부천시 원미구 부일로243번길 10-8,420816,14622,,,,126.757380538948,37.4886403523262
MA010120220801982521,신우정보,,G2,소매,G216,안경·정밀기기 소매,G21601,사무기기 소매업,G47821,사무용 기기 소매업,41,경기도,41196,부천시 오정구,41196570,신흥동,4119610700,삼정동,4119610700103380004,1,대지,338,4,경기도 부천시 오정구 삼정동 338-4,411963000067,경기도 부천시 오정구 평천로,728,1,4119910700103380004041757,,경기도 부천시 오정구 평천로 728-1,421810,14516,,1,,126.771728607716,37.5149061819967
MA010120220801995858,소명시스템,,G2,소매,G216,안경·정밀기기 소매,G21601,사무기기 소매업,G47821,사무용 기기 소매업,41,경기도,41192,부천시 원미구,41192640,중2동,4119210800,중동,4119210800111250000,1,대지,1125,,경기도 부천시 원미구 중동 1125,411924352216,경기도 부천시 원미구 부흥로315번길,52,,4119510800111250000033888,다복빌딩,경기도 부천시 원미구 부흥로315번길 52,420851,14582,,,,126.777404442154,37.4966626845926
MA010120220802045683,쏘울피씨,,G2,소매,G216,안경·정밀기기 소매,G21601,사무기기 소매업,G47821,사무용 기기 소매업,41,경기도,41192,부천시 원미구,41192640,중2동,4119210800,중동,4119210800111260002,1,대지,1126,2,경기도 부천시 원미구 중동 1126-2,411924352216,경기도 부천시 원미구 부흥로315번길,58,,4119510800111260002045815,아이타운,경기도 부천시 원미구 부흥로315번길 58,420851,14582,,13,,126.777312878249,37.4970319240087
MA010120220802049499,드림컴텍,,G2,소매,G216,안경·정밀기기 소매,G21601,사무기기 소매업,G47821,사무용 기기 소매업,41,경기도,41192,부천시 원미구,41192660,중4동,4119210800,중동,4119210800110280001,1,대지,1028,1,경기도 부천시 원미구 중동 1028-1,411923184001,경기도 부천시 원미구 계남로,127,,4119510800110280001000001,,경기도 부천시 원미구 계남로 127,420847,14511,,,,126.763027905802,37.5085099500597
MA010120220802000938,온누리정보통신,,G2,소매,G216,안경·정밀기기 소매,G21601,사무기기 소매업,G47821,사무용 기기 소매업,41,경기도,41192,부천시 원미구,41192590,춘의동,4119210300,춘의동,4119210300102370000,1,대지,237,,경기도 부천시 원미구 춘의동 237,411923185012,경기도 부천시 원미구 원미로,204,,4119510300102370000039282,춘의주공아파트,경기도 부천시 원미구 원미로 204,420773,14560,,,,126.793666320356,37.5006476175874
MA010120220802044815,ELTP,,G2,소매,G216,안경·정밀기기 소매,G21601,사무기기 소매업,G47821,사무용 기기 소매업,41,경기도,41830,양평군,41830395,지평면,4183039522,지평면,4183039522104180021,1,대지,418,21,경기도 양평군 지평면 송현리 418-21,418304856771,경기도 양평군 지평면 꽃반들3길,11,,4183039522201010011000003,,경기도 양평군 지평면 꽃반들3길 11,476873,12541,,,,127.620091192422,37.4851177909949
MA010120220802001995,현대전자,,G2,소매,G216,안경·정밀기기 소매,G21601,사무기기 소매업,G47821,사무용 기기 소매업,41,경기도,41192,부천시 원미구,41192510,심곡1동,4119210200,심곡동,4119210200103720018,1,대지,372,18,경기도 부천시 원미구 심곡동 372-18,411923184014,경기도 부천시 원미구 장말로,357,,4119510200103720018037149,,경기도 부천시 원미구 장말로 357,420824,14630,,,,126.781708384881,37.4904627886321
MA010120220802103203,그린정보통신,,G2,소매,G216,안경·정밀기기 소매,G21601,사무기기 소매업,G47821,사무용 기기 소매업,28,인천광역시,28200,남동구,28200530,간석1동,2820010200,간석동,2820010200102920004,1,대지,292,4,인천광역시 남동구 간석동 292-4,282003008003,인천광역시 남동구 구월로,159,,2820010200102920004004797,,인천광역시 남동구 구월로 159,405807,21551,,,,126.708271484101,37.4571111745381
MA010120220802084556,인화O.A,,G2,소매,G216,안경·정밀기기 소매,G21601,사무기기 소매업,G47821,사무용 기기 소매업,28,인천광역시,28200,남동구,28200710,논현고잔동,2820011100,고잔동,2820011100106480001,1,대지,648,1,인천광역시 남동구 고잔동 648-1,282003008031,인천광역시 남동구 호구포로,189,,2820011100106480001015142,남동테크노타워,인천광역시 남동구 호구포로 189,405817,21644,,3,,126.707666938001,37.4004178848187
MA010120220802098203,뱅크25정보통신,,G2,소매,G216,안경·정밀기기 소매,G21601,사무기기 소매업,G47821,사무용 기기 소매업,28,인천광역시,28237,부평구,28237648,삼산2동,2823710500,삼산동,2823710500104600003,1,대지,460,3,인천광역시 부평구 삼산동 460-3,282374262733,인천광역시 부평구 충선로209번길,13,,2823710500104600003110275,,인천광역시 부평구 충선로209번길 13,403866,21344,,8,,126.735614177447,37.5078751314121
MA010120220802065525,제이앤에스넷주,,G2,소매,G216,안경·정밀기기 소매,G21601,사무기기 소매업,G47821,사무용 기기 소매업,11,서울특별시,11545,금천구,11545510,가산동,1154510100,가산동,1154510100103710050,1,대지,371,50,서울특별시 금천구 가산동 371-50,115453117001,서울특별시 금천구 가산디지털1로,145,,1154510100103710050000001,에이스하이엔드타워3차,서울특별시 금천구 가산디지털1로 145,153787,08506,,,,126.88159572103,37.4781712129141
MA010120220802053262,엘이디세상,,G2,소매,G216,안경·정밀기기 소매,G21601,사무기기 소매업,G47821,사무용 기기 소매업,41,경기도,41194,부천시 소사구,41194510,심곡본1동,4119410200,심곡본동,4119410200108140011,1,대지,814,11,경기도 부천시 소사구 심곡본동 814-11,411944355216,경기도 부천시 소사구 심곡로109번길,13,,4119710200108140011027754,,경기도 부천시 소사구 심곡로109번길 13,422842,14747,,1,,126.774789955219,37.474808322124
MA010120220802075448,스마트시스템,,G2,소매,G216,안경·정밀기기 소매,G21601,사무기기 소매업,G47821,사무용 기기 소매업,28,인천광역시,28185,연수구,28185640,옥련2동,2818510100,옥련동,2818510100102620009,1,대지,262,9,인천광역시 연수구 옥련동 262-9,281854256172,인천광역시 연수구 옥련로99번길,55,,2818510100102620009092761,,인천광역시 연수구 옥련로99번길 55,406838,21948,,1,,126.652460579334,37.4276593605351
MA010120220802079298,인천신도플라자,,G2,소매,G216,안경·정밀기기 소매,G21601,사무기기 소매업,G47821,사무용 기기 소매업,28,인천광역시,28200,남동구,28200521,구월3동,2820010100,구월동,2820010100113460008,1,대지,1346,8,인천광역시 남동구 구월동 1346-8,282004259361,인천광역시 남동구 문화서로46번길,43,,2820010100113460008002036,,인천광역시 남동구 문화서로46번길 43,405840,21569,,,,126.698741102988,37.4492574871881
MA010120220803724295,동부오에이주,,G2,소매,G216,안경·정밀기기 소매,G21601,사무기기 소매업,G47821,사무용 기기 소매업,11,서울특별시,11230,동대문구,11230660,장안2동,1123010600,장안동,1123010600103120002,1,대지,312,2,서울특별시 동대문구 장안동 312-2,112303105012,서울특별시 동대문구 장한로,188,,1123010600103120002016302,종오빌딩,서울특별시 동대문구 장한로 188,130839,02522,,5,,127.072395251028,37.5770392386198
MA010120220803731781,성우정보,,G2,소매,G216,안경·정밀기기 소매,G21601,사무기기 소매업,G47821,사무용 기기 소매업,41,경기도,41310,구리시,41310580,수택2동,4131010500,수택동,4131010500104790016,1,대지,479,16,경기도 구리시 수택동 479-16,413104388022,경기도 구리시 검배로84번길,20,,4131010500104790016006298,서일빌딩,경기도 구리시 검배로84번길 20,471819,11932,,4,,127.146715283845,37.5945035751502
MA010120220803731890,롯데캐논동부A/S센타,,G2,소매,G216,안경·정밀기기 소매,G21601,사무기기 소매업,G47821,사무용 기기 소매업,11,서울특별시,11215,광진구,11215830,자양2동,1121510500,자양동,1121510500106880009,1,대지,688,9,서울특별시 광진구 자양동 688-9,112154112291,서울특별시 광진구 뚝섬로64길,42,,1121510500106880009014279,,서울특별시 광진구 뚝섬로64길 42,143875,05113,,,,127.088869544533,37.5317618703538
MA010120220803746529,플러스사무기,,G2,소매,G216,안경·정밀기기 소매,G21601,사무기기 소매업,G47821,사무용 기기 소매업,11,서울특별시,11110,종로구,11110550,부암동,1111018600,신영동,1111018600100010011,1,대지,1,11,서울특별시 종로구 신영동 1-11,111103100020,서울특별시 종로구 진흥로,477,1,1111018600100010011023874,,서울특별시 종로구 진흥로 477-1,110830,03007,,2,,126.960826842344,37.6060308426444
MA010120220803769674,신도솔루션,,G2,소매,G216,안경·정밀기기 소매,G21601,사무기기 소매업,G47821,사무용 기기 소매업,11,서울특별시,11200,성동구,11200670,성수2가1동,1120011500,성수동2가,1120011500105610001,1,대지,561,1,서울특별시 성동구 성수동2가 561-1,112004109340,서울특별시 성동구 성덕정길,106,,1120011500105610001007222,승재빌딩,서울특별시 성동구 성덕정길 106,133828,04776,,,,127.055101962348,37.5371614275576
MA010120220803732303,건영D&C,,G2,소매,G216,안경·정밀기기 소매,G21601,사무기기 소매업,G47821,사무용 기기 소매업,11,서울특별시,11200,성동구,11200790,용답동,1120012200,용답동,1120012200100410017,1,대지,41,17,서울특별시 성동구 용답동 41-17,112004109472,서울특별시 성동구 용답25길,25,1,1120012200100410017000600,,서울특별시 성동구 용답25길 25-1,133848,04805,,,,127.052177877515,37.5625619007072
MA010120220803749958,선두OA,,G2,소매,G216,안경·정밀기기 소매,G21601,사무기기 소매업,G47821,사무용 기기 소매업,11,서울특별시,11545,금천구,11545610,독산1동,1154510200,독산동,1154510200103310047,1,대지,331,47,서울특별시 금천구 독산동 331-47,115454151209,서울특별시 금천구 범안로15길,8,5,1154510200103310047013056,,서울특별시 금천구 범안로15길 8-5,153813,08586,,1,,126.893482229126,37.4672082259757
MA010120220803750089,스타정보통신,,G2,소매,G216,안경·정밀기기 소매,G21601,사무기기 소매업,G47821,사무용 기기 소매업,52,전북특별자치도,52140,익산시,52140595,남중동,5214011300,남중동,5214011300101020010,1,대지,102,10,전북특별자치도 익산시 남중동 102-10,521403269023,전북특별자치도 익산시 선화로,258,,4514011300101020010077900,,전북특별자치도 익산시 선화로 258,570954,54595,,1,,126.958537919594,35.9443265125666
MA010120220803755940,부영잉크콜PC,,G2,소매,G216,안경·정밀기기 소매,G21601,사무기기 소매업,G47821,사무용 기기 소매업,11,서울특별시,11200,성동구,11200790,용답동,1120012200,용답동,1120012200102340000,1,대지,234,,서울특별시 성동구 용답동 234,112004109510,서울특별시 성동구 자동차시장1길,70,,1120012200102340000027956,매매센터,서울특별시 성동구 자동차시장1길 70,133707,04808,,3,,127.065146863891,37.5603660351847
MA010120220803773819,신도시스템,,G2,소매,G216,안경·정밀기기 소매,G21601,사무기기 소매업,G47821,사무용 기기 소매업,11,서울특별시,11215,광진구,11215820,자양1동,1121510500,자양동,1121510500106550014,1,대지,655,14,서울특별시 광진구 자양동 655-14,112154112472,서울특별시 광진구 자양로9길,45,1,1121510500106550014021903,,서울특별시 광진구 자양로9길 45-1,143867,05058,,1,,127.082274839391,37.5328658699307
MA010120220803751217,거성카메라,,G2,소매,G216,안경·정밀기기 소매,G21601,사무기기 소매업,G47821,사무용 기기 소매업,11,서울특별시,11215,광진구,11215870,구의3동,1121510300,구의동,1121510300105460004,1,대지,546,4,서울특별시 광진구 구의동 546-4,112154112040,서울특별시 광진구 광나루로56길,85,,1121510300105460004009814,구의동테크노-마트,서울특별시 광진구 광나루로56길 85,143721,05116,,5,,127.095696795724,37.5357209382758
MA010120220803740834,제이앤엘디지탈,,G2,소매,G216,안경·정밀기기 소매,G21601,사무기기 소매업,G47821,사무용 기기 소매업,41,경기도,41360,남양주시,41360565,다산2동,4136010800,수석동,4136010800103790006,1,대지,379,6,경기도 남양주시 수석동 379-6,413604391032,경기도 남양주시 강변북로651번길,22,34,4136010800103790006000001,,경기도 남양주시 강변북로651번길 22-34,472070,12268,,,,127.168033086252,37.5877537570304
MA010120220803743504,퍼스트솔루션,,G2,소매,G216,안경·정밀기기 소매,G21601,사무기기 소매업,G47821,사무용 기기 소매업,11,서울특별시,11710,송파구,11710580,송파1동,1171010400,송파동,1171010400101210000,1,대지,121,,서울특별시 송파구 송파동 121,117103123001,서울특별시 송파구 가락로,183,,1171010400101210000012952,한양아파트,서울특별시 송파구 가락로 183,138773,05664,,2,,127.114522412073,37.5051601966695
MA010120220803810467,브라더씨스템,,G2,소매,G216,안경·정밀기기 소매,G21601,사무기기 소매업,G47821,사무용 기기 소매업,11,서울특별시,11230,동대문구,11230650,장안1동,1123010600,장안동,1123010600103740001,1,대지,374,1,서울특별시 동대문구 장안동 374-1,112303105012,서울특별시 동대문구 장한로,85,,1123010600103740001018269,현대벤처빌,서울특별시 동대문구 장한로 85,130842,02625,,,,127.068787395752,37.5684459053679
MA010120220803816398,바로잉크,,G2,소매,G216,안경·정밀기기 소매,G21601,사무기기 소매업,G47821,사무용 기기 소매업,11,서울특별시,11110,종로구,11110630,종로5.6가동,1111016300,종로5가,1111016300104900000,1,대지,490,,서울특별시 종로구 종로5가 490,111103100021,서울특별시 종로구 청계천로,247,,1111016300104900000011759,로얄빌딩,서울특별시 종로구 청계천로 247,110836,03197,,2,,127.00518434362,37.5699344539443
MA010120220803790387,에스아이신도판매주,,G2,소매,G216,안경·정밀기기 소매,G21601,사무기기 소매업,G47821,사무용 기기 소매업,11,서울특별시,11200,성동구,11200690,성수2가3동,1120011500,성수동2가,1120011500102840062,1,대지,284,62,서울특별시 성동구 성수동2가 284-62,112004109358,서울특별시 성동구 성수일로10길,26,,1120011500102840062004190,하우스디세종타워,서울특별시 성동구 성수일로10길 26,133833,04793,,13,,127.053151149051,37.5464696478713
MA010120220803797185,럭스인매직,,G2,소매,G216,안경·정밀기기 소매,G21601,사무기기 소매업,G47821,사무용 기기 소매업,11,서울특별시,11200,성동구,11200690,성수2가3동,1120011500,성수동2가,1120011500102810002,1,대지,281,2,서울특별시 성동구 성수동2가 281-2,112004109036,서울특별시 성동구 광나루로8길,11,,1120011500102810002003879,,서울특별시 성동구 광나루로8길 11,133832,04799,,8,,127.063947694831,37.5477617327899
MA010120220803790605,오피스전산,,G2,소매,G216,안경·정밀기기 소매,G21601,사무기기 소매업,G47821,사무용 기기 소매업,52,전북특별자치도,52770,순창군,52770250,순창읍,5277025021,순창읍,5277025021101070001,1,대지,107,1,전북특별자치도 순창군 순창읍 순화리 107-1,527703278035,전북특별자치도 순창군 순창읍 옥천로,64,,4577025021001070001000268,오피스전산,전북특별자치도 순창군 순창읍 옥천로 64,595805,56035,,,,127.141504806874,35.3782080007055
MA010120220803856306,대학사,,G2,소매,G216,안경·정밀기기 소매,G21601,사무기기 소매업,G47821,사무용 기기 소매업,51,강원특별자치도,51230,삼척시,51230530,교동,5123010600,교동,5123010600105200002,1,대지,520,2,강원특별자치도 삼척시 교동 520-2,512304472210,강원특별자치도 삼척시 언장1길,68,,4223010600105200002000001,,강원특별자치도 삼척시 언장1길 68,245931,25912,,,,129.166121656594,37.4546697749178
MA010120220803859921,정우시스템OA,,G2,소매,G216,안경·정밀기기 소매,G21601,사무기기 소매업,G47821,사무용 기기 소매업,41,경기도,41310,구리시,41310520,동구동,4131010200,사노동,4131010200103100005,1,대지,310,5,경기도 구리시 사노동 310-5,413104388068,경기도 구리시 동구릉로431번길,30,,4131010200103100005000002,,경기도 구리시 동구릉로431번길 30,471040,11905,,,,127.138774612725,37.6355081257096
MA010120220803864036,비젼사무기,,G2,소매,G216,안경·정밀기기 소매,G21601,사무기기 소매업,G47821,사무용 기기 소매업,41,경기도,41133,성남시 중원구,41133570,상대원1동,4113310500,상대원동,4113310500104420017,1,대지,442,17,경기도 성남시 중원구 상대원동 442-17,411332179001,경기도 성남시 중원구 둔촌대로,537,,4113310500104420017062000,쌍용IT트윈타워,경기도 성남시 중원구 둔촌대로 537,462723,13216,,5,,127.176429721016,37.4320931519747
MA010120220803864832,한국후지제록스대신OA,,G2,소매,G216,안경·정밀기기 소매,G21601,사무기기 소매업,G47821,사무용 기기 소매업,11,서울특별시,11110,종로구,11110630,종로5.6가동,1111016300,종로5가,1111016300101040013,1,대지,104,13,서울특별시 종로구 종로5가 104-13,111104100037,서울특별시 종로구 대학로1길,25,,1111016300101040013012312,신흥빌딩,서울특별시 종로구 대학로1길 25,110835,03129,,3,,127.000577308633,37.5715833877692
MA010120220803873854,리드사무기,,G2,소매,G216,안경·정밀기기 소매,G21601,사무기기 소매업,G47821,사무용 기기 소매업,11,서울특별시,11230,동대문구,11230560,전농1동,1123010400,전농동,1123010400101030066,1,대지,103,66,서울특별시 동대문구 전농동 103-66,112304115450,서울특별시 동대문구 전농로36길,14,,1123010400101030066026976,전농동,서울특별시 동대문구 전농로36길 14,130851,02492,,1,,127.0531787281,37.585275531006
MA010120220805263066,합성IT,,G2,소매,G216,안경·정밀기기 소매,G21601,사무기기 소매업,G47821,사무용 기기 소매업,51,강원특별자치도,51150,강릉시,51150615,강남동,5115012100,노암동,5115012100103480001,1,대지,348,1,강원특별자치도 강릉시 노암동 348-1,511504460300,강원특별자치도 강릉시 노암길,20,,4215012100103480001000001,,강원특별자치도 강릉시 노암길 20,210931,25592,,,,128.89897830787,37.746146038394
MA010120220805257858,토너잉크나라,,G2,소매,G216,안경·정밀기기 소매,G21601,사무기기 소매업,G47821,사무용 기기 소매업,43,충청북도,43112,청주시 서원구,43112510,사직1동,4311210100,사직동,4311210100102610027,1,대지,261,27,충청북도 청주시 서원구 사직동 261-27,431123237095,충청북도 청주시 서원구 호국로,120,,4311310100102610027001825,,충청북도 청주시 서원구 호국로 120,362828,28552,,,,127.476153240086,36.6387491137211
MA010120220805267170,디어텍시스템,,G2,소매,G216,안경·정밀기기 소매,G21601,사무기기 소매업,G47821,사무용 기기 소매업,30,대전광역시,30170,서구,30170630,둔산1동,3017011200,둔산동,3017011200113800001,1,대지,1380,1,대전광역시 서구 둔산동 1380-1,301703166020,대전광역시 서구 둔산북로,121,,3017011200113800001020666,아너스빌오피스텔,대전광역시 서구 둔산북로 121,302831,35236,,9,,127.387871354845,36.3563056087698
MA010120220805281598,디엠솔루션,,G2,소매,G216,안경·정밀기기 소매,G21601,사무기기 소매업,G47821,사무용 기기 소매업,48,경상남도,48170,진주시,48170720,이현동,4817012700,이현동,4817012700102700000,1,대지,270,,경상남도 진주시 이현동 270,481703332032,경상남도 진주시 서장대로,226,,4817012700102700000212002,우신파크맨션,경상남도 진주시 서장대로 226,660983,52669,,,,128.058149223706,35.1904613297158
MA010120220805292321,핸드폰천국,,G2,소매,G216,안경·정밀기기 소매,G21601,사무기기 소매업,G47821,사무용 기기 소매업,11,서울특별시,11170,용산구,11170625,한강로동,1117012800,한강로3가,1117012800100020008,1,대지,2,8,서울특별시 용산구 한강로3가 2-8,111703101023,서울특별시 용산구 청파로,100,,1117012800100020008011403,나진상가,서울특별시 용산구 청파로 100,140878,04372,,,,126.962347249638,37.5328975368316
MA010120220805300178,한국씨앤디한국C&D,,G2,소매,G216,안경·정밀기기 소매,G21601,사무기기 소매업,G47821,사무용 기기 소매업,30,대전광역시,30170,서구,30170540,변동,3017010200,변동,3017010200102540249,1,대지,254,249,대전광역시 서구 변동 254-249,301704298405,대전광역시 서구 변동서로28번길,120,,3017010200102540249009477,,대전광역시 서구 변동서로28번길 120,302838,35342,,,,127.366552790746,36.3313742764501
MA010120220805304205,바른정보통신,,G2,소매,G216,안경·정밀기기 소매,G21601,사무기기 소매업,G47821,사무용 기기 소매업,26,부산광역시,26410,금정구,26410555,금사회동동,2641011100,금사동,2641011100101100009,1,대지,110,9,부산광역시 금정구 금사동 110-9,264103130026,부산광역시 금정구 반송로,463,,2641011100101100009024511,새석대주유소,부산광역시 금정구 반송로 463,609809,46332,,2,,129.114560800586,35.2157939007053
MA010120220805333385,충남종합사무기,,G2,소매,G216,안경·정밀기기 소매,G21601,사무기기 소매업,G47821,사무용 기기 소매업,44,충청남도,44270,당진시,44270350,면천면,4427035026,면천면,4427035026106790000,1,대지,679,,충청남도 당진시 면천면 율사리 679,442704595483,충청남도 당진시 면천면 오봉대길,122,18,4483035026106790000002821,,충청남도 당진시 면천면 오봉대길 122-18,343882,31807,,,,126.661882137915,36.7850313398737
MA010120220805373009,퍼스트인포holdings,,G2,소매,G216,안경·정밀기기 소매,G21601,사무기기 소매업,G47821,사무용 기기 소매업,28,인천광역시,28200,남동구,28200550,간석3동,2820010200,간석동,2820010200101110005,1,대지,111,5,인천광역시 남동구 간석동 111-5,282003153084,인천광역시 남동구 백범로,376,,2820010200101110005024491,도시타워,인천광역시 남동구 백범로 376,405801,21510,,,,126.709477724134,37.4666828606236
MA010120220805371590,라인플러스,,G2,소매,G216,안경·정밀기기 소매,G21601,사무기기 소매업,G47821,사무용 기기 소매업,11,서울특별시,11500,강서구,11500604,가양2동,1150010400,가양동,1150010400114790002,1,대지,1479,2,서울특별시 강서구 가양동 1479-2,115003115008,서울특별시 강서구 양천로,443,32,1150010400114790002009710,가양오피스텔,서울특별시 강서구 양천로 443-32,157807,07527,,2,,126.851658345867,37.5638677724295
MA010120220806744300,나이스체크,,G2,소매,G216,안경·정밀기기 소매,G21601,사무기기 소매업,G47821,사무용 기기 소매업,41,경기도,41220,평택시,41220630,비전2동,4122011800,비전동,4122011800108060000,1,대지,806,,경기도 평택시 비전동 806,412204364832,경기도 평택시 팔각정길,30,,4122011800108060000016184,,경기도 평택시 팔각정길 30,450809,17882,,,,127.101848854343,36.9977941067893
MA010120220806738934,이레오에이솔루션,,G2,소매,G216,안경·정밀기기 소매,G21601,사무기기 소매업,G47821,사무용 기기 소매업,41,경기도,41670,여주시,41670510,여흥동,4167010100,상동,4167010100103160008,1,대지,316,8,경기도 여주시 상동 316-8,416703214056,경기도 여주시 청심로,205,,4173025021103160008057997,,경기도 여주시 청심로 205,469101,12620,,,,127.642578464779,37.2957679556548
MA010120220806750220,유진OA,,G2,소매,G216,안경·정밀기기 소매,G21601,사무기기 소매업,G47821,사무용 기기 소매업,31,울산광역시,31140,남구,31140530,신정3동,3114010400,신정동,3114010400101820004,1,대지,182,4,울산광역시 남구 신정동 182-4,311404310789,울산광역시 남구 중앙로224번길,24,1,3114010400101820004010981,,울산광역시 남구 중앙로224번길 24-1,680822,44690,,,,129.31443733983,35.5415360945347
MA010120220806753590,알파대학로,본점,G2,소매,G216,안경·정밀기기 소매,G21601,사무기기 소매업,G47821,사무용 기기 소매업,11,서울특별시,11110,종로구,11110640,이화동,1111016600,연건동,1111016600101280008,1,대지,128,8,서울특별시 종로구 연건동 128-8,111103100002,서울특별시 종로구 대학로,57,,1111016600101280008000001,홍익대학교,서울특별시 종로구 대학로 57,110770,03082,,1,,127.001449025738,37.5764487522311
MA010120220806761806,인천정보통신,,G2,소매,G216,안경·정밀기기 소매,G21601,사무기기 소매업,G47821,사무용 기기 소매업,28,인천광역시,28260,서구,28260575,신현원창동,2826010900,신현동,2826010900101430021,1,대지,143,21,인천광역시 서구 신현동 143-21,282603156064,인천광역시 서구 염곡로,335,,2826010900101430021003955,,인천광역시 서구 염곡로 335,404830,22781,,,,126.668470368397,37.5145713894425
MA010120220806763754,SM정보통신,,G2,소매,G216,안경·정밀기기 소매,G21601,사무기기 소매업,G47821,사무용 기기 소매업,51,강원특별자치도,51110,춘천시,51110570,근화동,5111011700,근화동,5111011700107220011,1,대지,722,11,강원특별자치도 춘천시 근화동 722-11,511104454008,강원특별자치도 춘천시 가연길5번길,55,,4211011700107220011010572,,강원특별자치도 춘천시 가연길5번길 55,200931,24276,,1,,127.716490080488,37.8751929804186
MA010120220806754472,도시공간,,G2,소매,G216,안경·정밀기기 소매,G21601,사무기기 소매업,G47821,사무용 기기 소매업,11,서울특별시,11650,서초구,11650560,반포1동,1165010700,반포동,1165010700107450005,1,대지,745,5,서울특별시 서초구 반포동 745-5,116502121001,서울특별시 서초구 사평대로,343,,1165010700107450005018580,제일약품사옥,서울특별시 서초구 사평대로 343,137810,06543,,1,,127.020413666752,37.5036371871846
MA010120220806792355,연합컴퍼니,,G2,소매,G216,안경·정밀기기 소매,G21601,사무기기 소매업,G47821,사무용 기기 소매업,51,강원특별자치도,51110,춘천시,51110390,동내면,5111039021,동내면,5111039021109760002,1,대지,976,2,강원특별자치도 춘천시 동내면 거두리 976-2,511104454028,강원특별자치도 춘천시 동내면 거두택지길4번길,19,4,4211039021109760002044952,,강원특별자치도 춘천시 동내면 거두택지길4번길 19-4,200883,24405,,3,,127.753401410359,37.8512680651171
MA010120220806809553,금성사무기기,,G2,소매,G216,안경·정밀기기 소매,G21601,사무기기 소매업,G47821,사무용 기기 소매업,52,전북특별자치도,52140,익산시,52140670,팔봉동,5214012400,신흥동,5214012400107160000,1,대지,716,,전북특별자치도 익산시 신흥동 716,521403269019,전북특별자치도 익산시 서동로,296,,4514012400107160000000001,넥솔빌,전북특별자치도 익산시 서동로 296,570997,54615,,1,,126.982134817606,35.9404930511711
MA010120220806817621,제이에스오에이,,G2,소매,G216,안경·정밀기기 소매,G21601,사무기기 소매업,G47821,사무용 기기 소매업,11,서울특별시,11650,서초구,11650510,서초1동,1165010800,서초동,1165010800114450003,1,대지,1445,3,서울특별시 서초구 서초동 1445-3,116503121021,서울특별시 서초구 효령로,304,,1165010800114450003024144,국제전자센터,서울특별시 서초구 효령로 304,137728,06720,,5,,127.017807990612,37.4847344817979
MA010120220806813034,플러스사무기사무기기임대복사기임대,,G2,소매,G216,안경·정밀기기 소매,G21601,사무기기 소매업,G47821,사무용 기기 소매업,52,전북특별자치도,52113,전주시 덕진구,52113580,금암1동,5211310700,금암동,5211310700107530006,1,대지,753,6,전북특별자치도 전주시 덕진구 금암동 753-6,521134601111,전북특별자치도 전주시 덕진구 떡전5길,26,2,4511310700107530006000001,,전북특별자치도 전주시 덕진구 떡전5길 26-2,561801,54932,,,,127.130749565939,35.8375274895
MA010120220806870749,가족사무기,,G2,소매,G216,안경·정밀기기 소매,G21601,사무기기 소매업,G47821,사무용 기기 소매업,43,충청북도,43770,음성군,43770340,대소면,4377034032,대소면,4377034032105390002,1,대지,539,2,충청북도 음성군 대소면 대풍리 539-2,437703014058,충청북도 음성군 대소면 대금로,66,,4377034032105390002170461,,충청북도 음성군 대소면 대금로 66,369821,27671,,,,127.452967624216,36.9858362331822
MA010120220806863908,서부OA,,G2,소매,G216,안경·정밀기기 소매,G21601,사무기기 소매업,G47821,사무용 기기 소매업,50,제주특별자치도,50110,제주시,50110253,애월읍,5011025333,애월읍,5011025333109290001,1,대지,929,1,제주특별자치도 제주시 애월읍 고내리 929-1,501104847057,제주특별자치도 제주시 애월읍 고내안길,15,,5011025333009290001036249,,제주특별자치도 제주시 애월읍 고내안길 15,695901,63045,,,,126.335727332547,33.4653974056527
MA010120220806855961,에스엠테크,,G2,소매,G216,안경·정밀기기 소매,G21601,사무기기 소매업,G47821,사무용 기기 소매업,41,경기도,41450,하남시,41450620,미사2동,4145010900,망월동,4145010900108340002,1,대지,834,2,경기도 하남시 망월동 834-2,414503202055,경기도 하남시 미사강변한강로,155,,4145010900108340002000001,미사강변SK,경기도 하남시 미사강변한강로 155,465150,12902,,,,127.19346546338,37.575668545626
MA010120220808187050,하나렌탈세종지사,,G2,소매,G216,안경·정밀기기 소매,G21601,사무기기 소매업,G47821,사무용 기기 소매업,36,세종특별자치시,36110,세종특별자치시,36110523,어진동,3611011000,어진동,3611011000106700000,1,대지,670,,세종특별자치시 세종특별자치시 어진동 670,361103258073,세종특별자치시 세종특별자치시 갈매로,353,,3611011000106700000000001,에비뉴힐,세종특별자치시 세종특별자치시 갈매로 353,339012,30121,,,,127.262622494294,36.49557939664
MA010120220808218426,이에프알,,G2,소매,G216,안경·정밀기기 소매,G21601,사무기기 소매업,G47821,사무용 기기 소매업,26,부산광역시,26710,기장군,26710250,기장읍,2671025026,기장읍,2671025026101880014,1,대지,188,14,부산광역시 기장군 기장읍 대라리 188-14,267104220066,부산광역시 기장군 기장읍 대청로36번길,51,6,2671025026101880014000001,,부산광역시 기장군 기장읍 대청로36번길 51-6,619903,46073,,,,129.214399907865,35.2353197207781
MA010120220808234475,신도오에이사무기,,G2,소매,G216,안경·정밀기기 소매,G21601,사무기기 소매업,G47821,사무용 기기 소매업,11,서울특별시,11560,영등포구,11560605,문래동,1156012300,문래동5가,1156012300100100000,1,대지,10,,서울특별시 영등포구 문래동5가 10,115604154444,서울특별시 영등포구 선유로3길,10,,1156012300100100000000006,하우스디비즈,서울특별시 영등포구 선유로3길 10,150095,07285,,,,126.886818320814,37.5160456177497
MA010120220808270666,이천솔루션,,G2,소매,G216,안경·정밀기기 소매,G21601,사무기기 소매업,G47821,사무용 기기 소매업,41,경기도,41500,이천시,41500320,백사면,4150032022,백사면,4150032022104510002,1,대지,451,2,경기도 이천시 백사면 경사리 451-2,415003207043,경기도 이천시 백사면 원적로,720,,4150032022104510002016746,,경기도 이천시 백사면 원적로 720,467831,17310,,2,,127.45856883242,37.3374584619101
MA010120220808320415,정글통신진주점,,G2,소매,G216,안경·정밀기기 소매,G21601,사무기기 소매업,G47821,사무용 기기 소매업,48,경상남도,48170,진주시,48170673,상대동,4817011900,상대동,4817011900103060014,1,대지,306,14,경상남도 진주시 상대동 306-14,481704796313,경상남도 진주시 대신로255번길,16,1,4817011900103060014011379,,경상남도 진주시 대신로255번길 16-1,660807,52783,,,,128.115647150741,35.183239595476
MA010120220800031385,센트,,G2,소매,G216,안경·정밀기기 소매,G21601,사무기기 소매업,G47821,사무용 기기 소매업,41,경기도,41135,성남시 분당구,41135520,수내1동,4113510200,수내동,4113510200100110001,1,대지,11,1,경기도 성남시 분당구 수내동 11-1,411353180053,경기도 성남시 분당구 황새울로,224,,4113510200100110002055981,청구블루빌,경기도 성남시 분당구 황새울로 224,463825,13595,,,,127.113291293509,37.3788301368717
MA010120220800089867,엔젤정보통신,,G2,소매,G216,안경·정밀기기 소매,G21601,사무기기 소매업,G47821,사무용 기기 소매업,44,충청남도,44133,천안시 서북구,44133580,부성1동,4413310400,두정동,4413310400111200000,1,대지,1120,,충청남도 천안시 서북구 두정동 1120,441334550148,충청남도 천안시 서북구 두정중3길,41,,4413310400111200000046256,블루빌,충청남도 천안시 서북구 두정중3길 41,331961,31101,,1,,127.140953622777,36.8385397995912
MA010120220800118984,한국사무기,,G2,소매,G216,안경·정밀기기 소매,G21601,사무기기 소매업,G47821,사무용 기기 소매업,11,서울특별시,11140,중구,11140520,소공동,1114011600,남대문로3가,1114011600100130003,1,대지,13,3,서울특별시 중구 남대문로3가 13-3,111403101001,서울특별시 중구 남대문로,14,,1114011600100130003000001,쇼핑센터,서울특별시 중구 남대문로 14,100070,04528,,,,126.977918235553,37.5610126413194
MA010120220800118037,영명상사,,G2,소매,G216,안경·정밀기기 소매,G21601,사무기기 소매업,G47821,사무용 기기 소매업,11,서울특별시,11140,중구,11140520,소공동,1114011600,남대문로3가,1114011600100920002,1,대지,92,2,서울특별시 중구 남대문로3가 92-2,111403101001,서울특별시 중구 남대문로,23,1,1114011300101300001022737,,서울특별시 중구 남대문로 23-1,100070,04526,,,,126.978235023939,37.5614271586456
MA010120220800182265,콜사무기,,G2,소매,G216,안경·정밀기기 소매,G21601,사무기기 소매업,G47821,사무용 기기 소매업,11,서울특별시,11305,강북구,11305635,수유3동,1130510300,수유동,1130510300106050316,1,대지,605,316,서울특별시 강북구 수유동 605-316,113053108001,서울특별시 강북구 삼각산로,130,,1130510300106050316008657,외,서울특별시 강북구 삼각산로 130,142073,01075,,1,,127.018660962152,37.6408229855217
MA010120220800150217,바른정보,,G2,소매,G216,안경·정밀기기 소매,G21601,사무기기 소매업,G47821,사무용 기기 소매업,52,전북특별자치도,52113,전주시 덕진구,52113550,인후2동,5211310400,인후동2가,5211310400115380001,1,대지,1538,1,전북특별자치도 전주시 덕진구 인후동2가 1538-1,521134601137,전북특별자치도 전주시 덕진구 명주2길,21,,4511310400115380001019236,,전북특별자치도 전주시 덕진구 명주2길 21,561833,54917,,,,127.146874901435,35.8429164055269
MA010120220800179415,신도씨앤씨,,G2,소매,G216,안경·정밀기기 소매,G21601,사무기기 소매업,G47821,사무용 기기 소매업,11,서울특별시,11440,마포구,11440720,성산1동,1144012500,성산동,1144012500101080012,1,대지,108,12,서울특별시 마포구 성산동 108-12,114404139519,서울특별시 마포구 월드컵북로16길,7,,1144012500101080012019545,영재빌딩,서울특별시 마포구 월드컵북로16길 7,121844,03973,,1,,126.914636196747,37.5628669290979
MA010120220800164474,네오프라자,,G2,소매,G216,안경·정밀기기 소매,G21601,사무기기 소매업,G47821,사무용 기기 소매업,41,경기도,41450,하남시,41450630,미사3동,4145011000,풍산동,4145011000106180000,1,대지,618,,경기도 하남시 풍산동 618,414502202001,경기도 하남시 하남대로,947,,4145011000103930010000002,에이,경기도 하남시 하남대로 947,465170,12982,,12,,127.193637429932,37.5458903625758
MA010120220800159782,무명전자,,G2,소매,G216,안경·정밀기기 소매,G21601,사무기기 소매업,G47821,사무용 기기 소매업,11,서울특별시,11140,중구,11140520,소공동,1114011600,남대문로3가,1114011600100130003,1,대지,13,3,서울특별시 중구 남대문로3가 13-3,111403101001,서울특별시 중구 남대문로,14,,1114011600100130003000001,쇼핑센터,서울특별시 중구 남대문로 14,100070,04528,,,,126.977918235553,37.5610126413194
MA010120220800159906,정신사무기,,G2,소매,G216,안경·정밀기기 소매,G21601,사무기기 소매업,G47821,사무용 기기 소매업,11,서울특별시,11140,중구,11140520,소공동,1114011600,남대문로3가,1114011600100130003,1,대지,13,3,서울특별시 중구 남대문로3가 13-3,111403101001,서울특별시 중구 남대문로,14,,1114011600100130003000001,쇼핑센터,서울특별시 중구 남대문로 14,100070,04528,,,,126.977918235553,37.5610126413194
MA010120220800181634,신도엘피스,,G2,소매,G216,안경·정밀기기 소매,G21601,사무기기 소매업,G47821,사무용 기기 소매업,11,서울특별시,11440,마포구,11440660,서교동,1144012100,동교동,1144012100101790018,1,대지,179,18,서울특별시 마포구 동교동 179-18,114404139414,서울특별시 마포구 신촌로4길,5,21,1144012100101790018011905,,서울특별시 마포구 신촌로4길 5-21,121818,04056,,1,,126.929525158742,37.557353645305
MA010120220801700613,경기정보통신,,G2,소매,G216,안경·정밀기기 소매,G21601,사무기기 소매업,G47821,사무용 기기 소매업,41,경기도,41630,양주시,41630250,백석읍,4163025027,백석읍,4163025027103970000,1,대지,397,,경기도 양주시 백석읍 기산리 397,416303206109,경기도 양주시 백석읍 기산로,410,,4163025027103970000051752,,경기도 양주시 백석읍 기산로 410,482832,11518,,,,126.935629375704,37.775799850074
MA010120220801691257,삼일디지털솔루션,,G2,소매,G216,안경·정밀기기 소매,G21601,사무기기 소매업,G47821,사무용 기기 소매업,41,경기도,41630,양주시,41630510,양주1동,4163010200,어둔동,4163010200101150003,1,대지,115,3,경기도 양주시 어둔동 115-3,416303212033,경기도 양주시 양주산성로,244,,4163010200101150003001500,,경기도 양주시 양주산성로 244,482120,11500,,,,127.020078908674,37.7730948095248
MA010120220801712554,G테크,,G2,소매,G216,안경·정밀기기 소매,G21601,사무기기 소매업,G47821,사무용 기기 소매업,41,경기도,41150,의정부시,41150568,신곡2동,4115010400,신곡동,4115010400107770001,1,대지,777,1,경기도 의정부시 신곡동 777-1,411504343158,경기도 의정부시 부용로203번길,16,9,4115010400107770001019790,,경기도 의정부시 부용로203번길 16-9,480864,11772,,,,127.080336715427,37.7506170676566
MA010120220801729749,한빛O.A주,,G2,소매,G216,안경·정밀기기 소매,G21601,사무기기 소매업,G47821,사무용 기기 소매업,41,경기도,41150,의정부시,41150520,의정부2동,4115010100,의정부동,4115010100105420010,1,대지,542,10,경기도 의정부시 의정부동 542-10,411503181004,경기도 의정부시 경의로,21,,4115010100105420010020985,,경기도 의정부시 경의로 21,480849,11625,,,,127.037595036173,37.7330154959389
MA010120220801715656,중앙POS,,G2,소매,G216,안경·정밀기기 소매,G21601,사무기기 소매업,G47821,사무용 기기 소매업,41,경기도,41250,동두천시,41250566,송내동,4125010100,송내동,4125010100105100000,1,대지,510,,경기도 동두천시 송내동 510,412503189030,경기도 동두천시 강변로,62,,4125010100105100000000288,,경기도 동두천시 강변로 62,483010,11355,,1,,127.054308755502,37.8774327544813
MA010120220801724818,비앤씨,,G2,소매,G216,안경·정밀기기 소매,G21601,사무기기 소매업,G47821,사무용 기기 소매업,48,경상남도,48121,창원시 의창구,48121530,명곡동,4812112400,명서동,4812112400101920005,1,대지,192,5,경상남도 창원시 의창구 명서동 192-5,481214781467,경상남도 창원시 의창구 원이대로270번길,34,,4812112400101920005020839,,경상남도 창원시 의창구 원이대로270번길 34,641815,51387,,1,,128.647303260748,35.2404677296937
MA010120220801745742,반도종합사무기,,G2,소매,G216,안경·정밀기기 소매,G21601,사무기기 소매업,G47821,사무용 기기 소매업,41,경기도,41480,파주시,41480510,금촌1동,4148010100,금촌동,4148010100109410008,1,대지,941,8,경기도 파주시 금촌동 941-8,414804418166,경기도 파주시 동산6길,10,,4148010100109410008026134,,경기도 파주시 동산6길 10,413011,10927,,,,126.770991745148,37.759071233733
MA010120220801782866,뉴신도디지탈,,G2,소매,G216,안경·정밀기기 소매,G21601,사무기기 소매업,G47821,사무용 기기 소매업,41,경기도,41281,고양시 덕양구,41281610,능곡동,4128112000,토당동,4128112000108340008,1,대지,834,8,경기도 고양시 덕양구 토당동 834-8,412814376223,경기도 고양시 덕양구 지도로125번길,9,16,4128112000108340008012398,,경기도 고양시 덕양구 지도로125번길 9-16,412820,10507,,,,126.822203374678,37.6274099801135
MA010120220801767897,씨에스아이,,G2,소매,G216,안경·정밀기기 소매,G21601,사무기기 소매업,G47821,사무용 기기 소매업,11,서울특별시,11680,강남구,11680531,논현2동,1168010800,논현동,1168010800102770020,1,대지,277,20,서울특별시 강남구 논현동 277-20,116803122004,서울특별시 강남구 봉은사로,317,,1168010800102770020008210,,서울특별시 강남구 봉은사로 317,135833,06103,,2,,127.041611211542,37.5099837075898
MA010120220801798878,원컴,,G2,소매,G216,안경·정밀기기 소매,G21601,사무기기 소매업,G47821,사무용 기기 소매업,41,경기도,41285,고양시 일산동구,41285560,마두1동,4128510500,마두동,4128510500108420004,1,대지,842,4,경기도 고양시 일산동구 마두동 842-4,412854379152,경기도 고양시 일산동구 율천로8번길,23,4,4128510500108420004006431,,경기도 고양시 일산동구 율천로8번길 23-4,410812,10407,,,,126.784914617332,37.6654053845715
MA010120220801815846,존프린터복합기,,G2,소매,G216,안경·정밀기기 소매,G21601,사무기기 소매업,G47821,사무용 기기 소매업,41,경기도,41287,고양시 일산서구,41287610,가좌동,4128710600,가좌동,4128710600105400021,1,대지,540,21,경기도 고양시 일산서구 가좌동 540-21,412874382042,경기도 고양시 일산서구 덕산로121번길,112,7,4128710600105400021000001,,경기도 고양시 일산서구 덕산로121번길 112-7,411440,10205,,,,126.720302262473,37.6979032053073
MA010120220801795984,하나OA시스템,,G2,소매,G216,안경·정밀기기 소매,G21601,사무기기 소매업,G47821,사무용 기기 소매업,41,경기도,41285,고양시 일산동구,41285510,식사동,4128510100,식사동,4128510100104960001,1,대지,496,1,경기도 고양시 일산동구 식사동 496-1,412854379038,경기도 고양시 일산동구 고양대로1119번길,41,21,4128510100104960001007918,일부호,경기도 고양시 일산동구 고양대로1119번길 41-21,410821,10299,,,,126.817453052178,37.6660008171612
MA010120220801807134,하나O.A,,G2,소매,G216,안경·정밀기기 소매,G21601,사무기기 소매업,G47821,사무용 기기 소매업,41,경기도,41285,고양시 일산동구,41285540,풍산동,4128510700,풍동,4128510700100790001,1,대지,79,1,경기도 고양시 일산동구 풍동 79-1,412854379098,경기도 고양시 일산동구 백마로502번길,68,,4128510700100790001002200,,경기도 고양시 일산동구 백마로502번길 68,410842,10300,,,,126.803256340633,37.6598513288287
MA010120220801817777,대기OA,,G2,소매,G216,안경·정밀기기 소매,G21601,사무기기 소매업,G47821,사무용 기기 소매업,41,경기도,41281,고양시 덕양구,41281510,주교동,4128110100,주교동,4128110100106020001,1,대지,602,1,경기도 고양시 덕양구 주교동 602-1,412813192009,경기도 고양시 덕양구 고양시청로,13,6,4128110100106020001014022,현대빌딩,경기도 고양시 덕양구 고양시청로 13-6,412811,10460,,,,126.832139701867,37.6569677788949
MA010120220801838848,경인신용카드조회기,,G2,소매,G216,안경·정밀기기 소매,G21601,사무기기 소매업,G47821,사무용 기기 소매업,28,인천광역시,28177,미추홀구,28177660,주안5동,2817710500,주안동,2817710500100090027,1,대지,9,27,인천광역시 미추홀구 주안동 9-27,281774253101,인천광역시 미추홀구 길파로27번길,46,,2817010600100090027166515,유진아파트,인천광역시 미추홀구 길파로27번길 46,402836,22126,,,,126.676970422085,37.4686797954347
MA010120220801827662,OTS,,G2,소매,G216,안경·정밀기기 소매,G21601,사무기기 소매업,G47821,사무용 기기 소매업,41,경기도,41281,고양시 덕양구,41281590,고양동,4128111700,대자동,4128111700103510000,1,대지,351,,경기도 고양시 덕양구 대자동 351,412814376275,경기도 고양시 덕양구 통일로554번길,7,24,4128111700103510001031274,,경기도 고양시 덕양구 통일로554번길 7-24,412801,10282,,,,126.887469588786,37.6846395496944
MA010120220801805325,미래정보통신,,G2,소매,G216,안경·정밀기기 소매,G21601,사무기기 소매업,G47821,사무용 기기 소매업,41,경기도,41281,고양시 덕양구,41281610,능곡동,4128112100,내곡동,4128112100100680005,1,대지,68,5,경기도 고양시 덕양구 내곡동 68-5,412814376035,경기도 고양시 덕양구 내곡길,168,11,4128112100100680005017755,,경기도 고양시 덕양구 내곡길 168-11,412260,10457,,,,126.808246041596,37.6410110060073
MA010120220801818375,건아OA,,G2,소매,G216,안경·정밀기기 소매,G21601,사무기기 소매업,G47821,사무용 기기 소매업,41,경기도,41285,고양시 일산동구,41285600,고봉동,4128511200,문봉동,4128511200102080000,1,대지,208,,경기도 고양시 일산동구 문봉동 208,412854379093,경기도 고양시 일산동구 문봉길62번길,43,14,4128511200102080000008023,,경기도 고양시 일산동구 문봉길62번길 43-14,410560,10257,,,,126.815571813951,37.7071184528881
MA010120220801834154,씨엔피정보통신,,G2,소매,G216,안경·정밀기기 소매,G21601,사무기기 소매업,G47821,사무용 기기 소매업,41,경기도,41281,고양시 덕양구,41281577,삼송2동,4128111100,삼송동,4128111100103580002,1,대지,358,2,경기도 고양시 덕양구 삼송동 358-2,412814382175,경기도 고양시 덕양구 삼원로1길,82,,4128111100103580002000001,,경기도 고양시 덕양구 삼원로1길 82,412080,10550,,1,,126.875158690107,37.6434343328519
MA010120220801870793,J&C,,G2,소매,G216,안경·정밀기기 소매,G21601,사무기기 소매업,G47821,사무용 기기 소매업,11,서울특별시,11215,광진구,11215830,자양2동,1121510500,자양동,1121510500106700000,1,대지,670,,서울특별시 광진구 자양동 670,112154112282,서울특별시 광진구 뚝섬로56가길,13,,1121510500106700000013902,자양현대3차,서울특별시 광진구 뚝섬로56가길 13,143772,05106,,,,127.083401475017,37.5285943340784
MA010120220801867128,세명신도OA,,G2,소매,G216,안경·정밀기기 소매,G21601,사무기기 소매업,G47821,사무용 기기 소매업,41,경기도,41133,성남시 중원구,41133660,하대원동,4113310900,하대원동,4113310900101090011,1,대지,109,11,경기도 성남시 중원구 하대원동 109-11,411333179008,경기도 성남시 중원구 마지로,63,,4113310900101090011048876,,경기도 성남시 중원구 마지로 63,462838,13385,,,,127.13682131769,37.4285956301361
MA010120220801879899,애프터마켓,,G2,소매,G216,안경·정밀기기 소매,G21601,사무기기 소매업,G47821,사무용 기기 소매업,41,경기도,41133,성남시 중원구,41133570,상대원1동,4113310500,상대원동,4113310500101900001,1,대지,190,1,경기도 성남시 중원구 상대원동 190-1,411333179011,경기도 성남시 중원구 사기막골로,124,,4113310500101900001068591,외,경기도 성남시 중원구 사기막골로 124,462721,13207,,2,,127.17748919965,37.4405611042644
MA010120220801892306,엘비오에이솔루션,,G2,소매,G216,안경·정밀기기 소매,G21601,사무기기 소매업,G47821,사무용 기기 소매업,41,경기도,41135,성남시 분당구,41135630,야탑2동,4113510700,야탑동,4113510700105370004,1,대지,537,4,경기도 성남시 분당구 야탑동 537-4,411353180041,경기도 성남시 분당구 야탑로,28,,4113510700105370004046308,,경기도 성남시 분당구 야탑로 28,463840,13522,,,,127.122112610877,37.4086812208
MA010120220801887770,마스터카운터,,G2,소매,G216,안경·정밀기기 소매,G21601,사무기기 소매업,G47821,사무용 기기 소매업,41,경기도,41135,성남시 분당구,41135545,정자동,4113510300,정자동,4113510300100650001,1,대지,65,1,경기도 성남시 분당구 정자동 65-1,411353180004,경기도 성남시 분당구 느티로,65,,4113510300100650001065148,,경기도 성남시 분당구 느티로 65,463874,13610,,,,127.111853730866,37.368776066734
MA010120220801890171,대경정보통신,,G2,소매,G216,안경·정밀기기 소매,G21601,사무기기 소매업,G47821,사무용 기기 소매업,41,경기도,41135,성남시 분당구,41135640,야탑3동,4113510700,야탑동,4113510700102750001,1,대지,275,1,경기도 성남시 분당구 야탑동 275-1,411353196015,경기도 성남시 분당구 벌말로,47,,4113510700102750001055305,명지그린프라자,경기도 성남시 분당구 벌말로 47,463856,13504,,3,,127.138203384392,37.4121594613119
MA010120220801867912,아진통신,,G2,소매,G216,안경·정밀기기 소매,G21601,사무기기 소매업,G47821,사무용 기기 소매업,41,경기도,41135,성남시 분당구,41135580,서현1동,4113510500,서현동,4113510500102450002,1,대지,245,2,경기도 성남시 분당구 서현동 245-2,411354340225,경기도 성남시 분당구 서현로210번길,1,,4113510500102450002037662,보람코아빌딩,경기도 성남시 분당구 서현로210번길 1,463824,13591,,,,127.125938383295,37.386458024695
MA010120220801870421,중원정보통신,,G2,소매,G216,안경·정밀기기 소매,G21601,사무기기 소매업,N75999,그 외 기타 분류 안된 사업 지원 서비스업,41,경기도,41133,성남시 중원구,41133540,금광2동,4113310300,금광동,4113310300143180000,1,대지,4318,,경기도 성남시 중원구 금광동 4318,411334337217,경기도 성남시 중원구 산성대로382번길,12,,4113310300143180000051998,일부,경기도 성남시 중원구 산성대로382번길 12,462805,13179,,1,,127.158855115757,37.4457233961805
MA010120220803512578,주미음향기,,G2,소매,G216,안경·정밀기기 소매,G21601,사무기기 소매업,G47821,사무용 기기 소매업,11,서울특별시,11140,중구,11140605,을지로동,1114015100,을지로5가,1114015100100350006,1,대지,35,6,서울특별시 중구 을지로5가 35-6,111403101006,서울특별시 중구 을지로,218,,1114014800100230030000001,지하상가,서울특별시 중구 을지로 218,100195,04562,,,,127.003395715109,37.5667810340967
MA010120220803480595,신도OS시스템,,G2,소매,G216,안경·정밀기기 소매,G21601,사무기기 소매업,G47821,사무용 기기 소매업,11,서울특별시,11200,성동구,11200660,성수1가2동,1120011400,성수동1가,1120011400106560701,1,대지,656,701,서울특별시 성동구 성수동1가 656-701,112004109393,서울특별시 성동구 아차산로1길,15,,1120011400106560701007798,,서울특별시 성동구 아차산로1길 15,133843,04788,,,,127.045955970373,37.5493738832315
MA010120220803526985,제일전산시스템,,G2,소매,G216,안경·정밀기기 소매,G21601,사무기기 소매업,G47821,사무용 기기 소매업,11,서울특별시,11140,중구,11140550,명동,1114010500,을지로2가,1114010500101970000,1,대지,197,,서울특별시 중구 을지로2가 197,111403101006,서울특별시 중구 을지로,54,1,1114010500101970000020588,지하상가,서울특별시 중구 을지로 54-1,100845,04534,,,,126.983836585205,37.5659060103897
MA010120220803523549,오케이정보통신주,,G2,소매,G216,안경·정밀기기 소매,G21601,사무기기 소매업,G47821,사무용 기기 소매업,11,서울특별시,11230,동대문구,11230650,장안1동,1123010600,장안동,1123010600103750005,1,대지,375,5,서울특별시 동대문구 장안동 375-5,112304115390,서울특별시 동대문구 장한로13길,8,,1123010600103750005041554,,서울특별시 동대문구 장한로13길 8,130842,02628,,2,,127.067642713041,37.5668608144917
MA010120220803530387,LGOA통신,,G2,소매,G216,안경·정밀기기 소매,G21601,사무기기 소매업,G47821,사무용 기기 소매업,11,서울특별시,11140,중구,11140550,명동,1114010500,을지로2가,1114010500100010001,1,대지,1,1,서울특별시 중구 을지로2가 1-1,111403101006,서울특별시 중구 을지로,42,,1114010400101000001000001,지하상가,서울특별시 중구 을지로 42,100844,04533,,,,126.982376410891,37.5660499608156
MA010120220803520920,씨에스티솔루션주,,G2,소매,G216,안경·정밀기기 소매,G21601,사무기기 소매업,G47821,사무용 기기 소매업,11,서울특별시,11140,중구,11140625,다산동,1114016200,신당동,1114016200104320695,1,대지,432,695,서울특별시 중구 신당동 432-695,111403101014,서울특별시 중구 다산로,69,,1114016200104320695009371,신영빌딩,서울특별시 중구 다산로 69,100835,04600,,,,127.007310534179,37.550689047661
MA010120220803556428,알파OA테크,,G2,소매,G216,안경·정밀기기 소매,G21601,사무기기 소매업,G47821,사무용 기기 소매업,11,서울특별시,11140,중구,11140550,명동,1114010500,을지로2가,1114010500100090007,1,대지,9,7,서울특별시 중구 을지로2가 9-7,111403101006,서울특별시 중구 을지로,58,,1114010500100090007000001,을지입구지하쇼핑센터,서울특별시 중구 을지로 58,100844,04539,,,,126.983995005714,37.566113261057
MA010120220803563087,충무디지탈솔루션,,G2,소매,G216,안경·정밀기기 소매,G21601,사무기기 소매업,G47821,사무용 기기 소매업,11,서울특별시,11410,서대문구,11410565,충현동,1141011000,북아현동,1141011000101770005,1,대지,177,5,서울특별시 서대문구 북아현동 177-5,114104136105,서울특별시 서대문구 북아현로11가길,12,,1141011000101770005024594,,서울특별시 서대문구 북아현로11가길 12,120818,03762,,1,,126.95496399464,37.5626369207137
MA010120220803538778,지엠피프로,,G2,소매,G216,안경·정밀기기 소매,G21601,사무기기 소매업,G47821,사무용 기기 소매업,11,서울특별시,11140,중구,11140550,명동,1114010900,장교동,1114010900100010000,1,대지,1,,서울특별시 중구 장교동 1,111402100001,서울특별시 중구 삼일대로,363,,1114010900100010000019103,장교,서울특별시 중구 삼일대로 363,100760,04541,,1,,126.987050941021,37.5671587910618
MA010120220803531564,아마노사무기,,G2,소매,G216,안경·정밀기기 소매,G21601,사무기기 소매업,G47821,사무용 기기 소매업,11,서울특별시,11680,강남구,11680531,논현2동,1168010800,논현동,1168010800100640020,1,대지,64,20,서울특별시 강남구 논현동 64-20,116804166143,서울특별시 강남구 논현로150길,36,5,1168010800100640020005372,,서울특별시 강남구 논현로150길 36-5,135816,06049,,1,,127.031741245996,37.5196004830023
MA010120220803612293,신도OA파크,,G2,소매,G216,안경·정밀기기 소매,G21601,사무기기 소매업,G47821,사무용 기기 소매업,11,서울특별시,11230,동대문구,11230650,장안1동,1123010600,장안동,1123010600101910002,1,대지,191,2,서울특별시 동대문구 장안동 191-2,112304115098,서울특별시 동대문구 답십리로64길,120,,1123010600101910002017203,,서울특별시 동대문구 답십리로64길 120,130837,02627,,1,,127.064451663329,37.5679347845287
MA010120220803618347,대한정보통신,,G2,소매,G216,안경·정밀기기 소매,G21601,사무기기 소매업,G47821,사무용 기기 소매업,11,서울특별시,11260,중랑구,11260520,면목2동,1126010100,면목동,1126010100101810075,1,대지,181,75,서울특별시 중랑구 면목동 181-75,112604118310,서울특별시 중랑구 봉우재로6길,23,,1126010100101810074029459,,서울특별시 중랑구 봉우재로6길 23,131823,02131,,,,127.076686642977,37.5889386493361
MA010120220803609404,한달음정보통신,,G2,소매,G216,안경·정밀기기 소매,G21601,사무기기 소매업,G47821,사무용 기기 소매업,11,서울특별시,11230,동대문구,11230660,장안2동,1123010600,장안동,1123010600103010001,1,대지,301,1,서울특별시 동대문구 장안동 301-1,112303005034,서울특별시 동대문구 사가정로,240,,1123010600103010001014560,삼아빌딩,서울특별시 동대문구 사가정로 240,130838,02526,,2,,127.071570322318,37.5785804414479
MA010120220803610396,신도OA,강남점,G2,소매,G216,안경·정밀기기 소매,G21601,사무기기 소매업,G47821,사무용 기기 소매업,11,서울특별시,11680,강남구,11680690,개포4동,1168010300,개포동,1168010300111880000,1,대지,1188,,서울특별시 강남구 개포동 1188,116804166204,서울특별시 강남구 논현로8길,12,,1168010300101880000021085,주원빌딩,서울특별시 강남구 논현로8길 12,135961,06314,,,,127.050069887849,37.4737779525541
MA010120220803611262,월드정보통신,,G2,소매,G216,안경·정밀기기 소매,G21601,사무기기 소매업,G47821,사무용 기기 소매업,11,서울특별시,11230,동대문구,11230536,용신동,1123010200,용두동,1123010200101050013,1,대지,105,13,서울특별시 동대문구 용두동 105-13,112304115267,서울특별시 동대문구 왕산로16나길,25,2,1123010200101050013036198,,서울특별시 동대문구 왕산로16나길 25-2,130820,02585,,1,,127.032716482847,37.5769037347036
MA010120220803611762,DS무역,,G2,소매,G216,안경·정밀기기 소매,G21601,사무기기 소매업,G47821,사무용 기기 소매업,41,경기도,41650,포천시,41650250,소흘읍,4165025026,소흘읍,4165025026100990002,1,대지,99,2,경기도 포천시 소흘읍 고모리 99-2,416504439758,경기도 포천시 소흘읍 한성2길,28,54,4165025026100990002006585,,경기도 포천시 소흘읍 한성2길 28-54,487821,11185,,,,127.173243856397,37.8032684902594
MA010120220803649830,네오프린텍,,G2,소매,G216,안경·정밀기기 소매,G21601,사무기기 소매업,G47821,사무용 기기 소매업,47,경상북도,47170,안동시,47170510,중구동,4717010100,삼산동,4717010100101250016,1,대지,125,16,경상북도 안동시 삼산동 125-16,471703307019,경상북도 안동시 서동문로,174,8,4717010100101250016014783,,경상북도 안동시 서동문로 174-8,760080,36701,,1,,128.730835969944,36.5658476775774
MA010120220803630695,잉크필,,G2,소매,G216,안경·정밀기기 소매,G21601,사무기기 소매업,G47821,사무용 기기 소매업,11,서울특별시,11215,광진구,11215750,중곡2동,1121510100,중곡동,1121510100100430020,1,대지,43,20,서울특별시 광진구 중곡동 43-20,112154112160,서울특별시 광진구 능동로44길,25,,1121510100100430020000492,,서울특별시 광진구 능동로44길 25,143885,04921,,1,,127.083074926037,37.5605710209097
MA010120220803641255,동부오에이,,G2,소매,G216,안경·정밀기기 소매,G21601,사무기기 소매업,G47821,사무용 기기 소매업,41,경기도,41360,남양주시,41360570,별내동,4136011100,별내동,4136011100109750001,1,대지,975,1,경기도 남양주시 별내동 975-1,413603197037,경기도 남양주시 순화궁로,249,,4136011100109750001000001,별내역파라곤스퀘어,경기도 남양주시 순화궁로 249,472501,12106,,,,127.128119051286,37.6518820390067
MA010120220803650913,아리수,,G2,소매,G216,안경·정밀기기 소매,G21601,사무기기 소매업,G47821,사무용 기기 소매업,41,경기도,41150,의정부시,41150510,의정부1동,4115011000,가능동,4115011000100150368,1,대지,15,368,경기도 의정부시 가능동 15-368,411504343423,경기도 의정부시 평화로658번길,48,2,4115011000100150368008168,,경기도 의정부시 평화로658번길 48-2,480800,11685,,2,,127.046024564411,37.7524824439924
MA010120220803667663,종합인프라,,G2,소매,G216,안경·정밀기기 소매,G21601,사무기기 소매업,G47821,사무용 기기 소매업,11,서울특별시,11230,동대문구,11230536,용신동,1123010100,신설동,1123010100101140019,1,대지,114,19,서울특별시 동대문구 신설동 114-19,112304115047,서울특별시 동대문구 난계로26길,33,,1123010100101140019040807,,서울특별시 동대문구 난계로26길 33,130814,02586,,3,,127.025322428741,37.5718419619807
MA010120220803670938,영남정보통신,,G2,소매,G216,안경·정밀기기 소매,G21601,사무기기 소매업,G47821,사무용 기기 소매업,26,부산광역시,26410,금정구,26410555,금사회동동,2641011100,금사동,2641011100101100009,1,대지,110,9,부산광역시 금정구 금사동 110-9,264103130026,부산광역시 금정구 반송로,463,,2641011100101100009024511,새석대주유소,부산광역시 금정구 반송로 463,609809,46332,,2,,129.114560800586,35.2157939007053
MA010120220803629969,랜탈서비스,,G2,소매,G216,안경·정밀기기 소매,G21601,사무기기 소매업,G47821,사무용 기기 소매업,11,서울특별시,11680,강남구,11680690,개포4동,1168010300,개포동,1168010300111650008,1,대지,1165,8,서울특별시 강남구 개포동 1165-8,116804166171,서울특별시 강남구 논현로2길,61,,1168010300101650008020969,혜원빌딩,서울특별시 강남구 논현로2길 61,135960,06315,,1,,127.054660317055,37.4745958373015
MA010120220805081059,수OA,,G2,소매,G216,안경·정밀기기 소매,G21601,사무기기 소매업,G47821,사무용 기기 소매업,52,전북특별자치도,52130,군산시,52130530,월명동,5213011900,영화동,5213011900100040006,1,대지,4,6,전북특별자치도 군산시 영화동 4-6,521304604090,전북특별자치도 군산시 구영6길,133,4,4513011900100040006014903,,전북특별자치도 군산시 구영6길 133-4,573060,54021,,,,126.711595726409,35.9897248885665
MA010120220805104859,다노시스템,,G2,소매,G216,안경·정밀기기 소매,G21601,사무기기 소매업,G47821,사무용 기기 소매업,26,부산광역시,26350,해운대구,26350660,재송2동,2635010400,재송동,2635010400111450019,1,대지,1145,19,부산광역시 해운대구 재송동 1145-19,263503133035,부산광역시 해운대구 재반로,146,37,2635010400111450019001176,일부,부산광역시 해운대구 재반로 146-37,612832,48053,,1,,129.128396142774,35.1905446411213
MA010120220805100540,대호종합사무기,,G2,소매,G216,안경·정밀기기 소매,G21601,사무기기 소매업,G47821,사무용 기기 소매업,51,강원특별자치도,51820,고성군,51820330,토성면,5182033021,토성면,5182033021101540000,1,대지,154,,강원특별자치도 고성군 토성면 천진리 154,518204502524,강원특별자치도 고성군 토성면 천진7길,7,1,4282033021101540000014665,,강원특별자치도 고성군 토성면 천진7길 7-1,219833,24764,,,,128.557428996856,38.2586118938743
MA010120220805066773,테크넷엔터프라이즈,,G2,소매,G216,안경·정밀기기 소매,G21601,사무기기 소매업,G47821,사무용 기기 소매업,41,경기도,41450,하남시,41450530,신장2동,4145010600,신장동,4145010600105190000,1,대지,519,,경기도 하남시 신장동 519,414503202012,경기도 하남시 대청로,15,,4145010600105190000005066,오피스텔트레벨,경기도 하남시 대청로 15,465810,12950,,,,127.213922918074,37.5405755073876
MA010120220805125549,마루솔루션,,G2,소매,G216,안경·정밀기기 소매,G21601,사무기기 소매업,G47821,사무용 기기 소매업,41,경기도,41390,시흥시,41390510,대야동,4139010100,대야동,4139010100106670001,1,대지,667,1,경기도 시흥시 대야동 667-1,413904854192,경기도 시흥시 은계중앙로306번길,15,,4139010100106670001000001,,경기도 시흥시 은계중앙로306번길 15,429010,15120,,3,,126.80022115733,37.451337687134
MA010120220805143232,감세라믹,,G2,소매,G216,안경·정밀기기 소매,G21601,사무기기 소매업,G47821,사무용 기기 소매업,29,광주광역시,29155,남구,29155630,월산4동,2915510400,월산동,2915510400109640002,1,대지,964,2,광주광역시 남구 월산동 964-2,291552009001,광주광역시 남구 대남대로,375,,2915510400109640002027013,,광주광역시 남구 대남대로 375,503829,61611,,3,,126.890757142484,35.1446581899366
MA010120220805146734,오피스OA,,G2,소매,G216,안경·정밀기기 소매,G21601,사무기기 소매업,G47821,사무용 기기 소매업,30,대전광역시,30170,서구,30170582,갈마2동,3017011100,갈마동,3017011100109720000,1,대지,972,,대전광역시 서구 갈마동 972,301703166006,대전광역시 서구 갈마중로,33,9,3017011100109720000006524,,대전광역시 서구 갈마중로 33-9,302809,35271,,1,,127.372958575747,36.3480712888621
MA010120220805122246,편한가구,,G2,소매,G216,안경·정밀기기 소매,G21601,사무기기 소매업,G47821,사무용 기기 소매업,48,경상남도,48850,하동군,48850350,고전면,4885035023,고전면,4885035023109890000,1,대지,989,,경상남도 하동군 고전면 신월리 989,488504832212,경상남도 하동군 고전면 사막1길,26,,4885035023109890000000001,,경상남도 하동군 고전면 사막1길 26,667862,52339,,,,127.788134198563,35.0469358228152
MA010120220805133298,OA시스템,,G2,소매,G216,안경·정밀기기 소매,G21601,사무기기 소매업,G47821,사무용 기기 소매업,46,전라남도,46130,여수시,46130790,시전동,4613013300,신기동,4613013300100330010,1,대지,33,10,전라남도 여수시 신기동 33-10,461303282041,전라남도 여수시 선소로,130,,4613013300100330010059226,,전라남도 여수시 선소로 130,555802,59680,,,,127.669827341701,34.7637943818917
MA010120220805109837,엘에스퍼니처,,G2,소매,G216,안경·정밀기기 소매,G21601,사무기기 소매업,G47821,사무용 기기 소매업,30,대전광역시,30110,동구,30110515,중앙동,3011011300,소제동,3011011300103050169,1,대지,305,169,대전광역시 동구 소제동 305-169,301104292377,대전광역시 동구 수양8길,8,,3011011300103050169020706,,대전광역시 동구 수양8길 8,300080,34605,,,,127.440171600834,36.3331805064118
MA010120220805150152,원테크,,G2,소매,G216,안경·정밀기기 소매,G21601,사무기기 소매업,G47821,사무용 기기 소매업,48,경상남도,48720,의령군,48720370,지정면,4872037030,지정면,4872037030106650003,1,대지,665,3,경상남도 의령군 지정면 마산리 665-3,487204817116,경상남도 의령군 지정면 마산로3길,48,,4872037030106650003000001,,경상남도 의령군 지정면 마산로3길 48,636982,52120,,,,128.416952024676,35.3645659290189
MA010120220805198120,스피드오피,,G2,소매,G216,안경·정밀기기 소매,G21601,사무기기 소매업,G47821,사무용 기기 소매업,41,경기도,41463,용인시 기흥구,41463520,구갈동,4146310200,구갈동,4146310200103540000,1,대지,354,,경기도 용인시 기흥구 구갈동 354,414634412043,경기도 용인시 기흥구 구갈로60번길,9,1,4146310200103540000021746,라파빌딩,경기도 용인시 기흥구 구갈로60번길 9-1,446569,16972,,7,,127.112342492068,37.2800599447423
MA010120220805220152,다모사무기,,G2,소매,G216,안경·정밀기기 소매,G21601,사무기기 소매업,G47821,사무용 기기 소매업,41,경기도,41113,수원시 권선구,41113650,구운동,4111313200,구운동,4111313200105200002,1,대지,520,2,경기도 수원시 권선구 구운동 520-2,411133175008,경기도 수원시 권선구 구운중로,19,,4111313200105200002026117,,경기도 수원시 권선구 구운중로 19,441819,16408,,,,126.97363789085,37.2768665735064
MA010120220806581002,국가대표사무기기,,G2,소매,G216,안경·정밀기기 소매,G21601,사무기기 소매업,G47821,사무용 기기 소매업,41,경기도,41450,하남시,41450510,천현동,4145010200,하산곡동,4145010200102470001,1,대지,247,1,경기도 하남시 하산곡동 247-1,414504406105,경기도 하남시 산곡동로106번길,19,,4145010200102470001001754,,경기도 하남시 산곡동로106번길 19,465816,13025,,1,,127.226951853747,37.5124489887961
MA010120220806554629,비유글로벌,,G2,소매,G216,안경·정밀기기 소매,G21601,사무기기 소매업,G47821,사무용 기기 소매업,46,전라남도,46150,순천시,46150661,왕조1동,4615013300,조례동,4615013300117130009,1,대지,1713,9,전라남도 순천시 조례동 1713-9,461504649829,전라남도 순천시 유동1길,27,14,4615013300117130009000001,,전라남도 순천시 유동1길 27-14,540978,57950,,,,127.517599792477,34.9546761871286
MA010120220806565454,태양솔루션,,G2,소매,G216,안경·정밀기기 소매,G21601,사무기기 소매업,G47821,사무용 기기 소매업,47,경상북도,47190,구미시,47190680,진미동,4719012500,임수동,4719012500102600003,1,대지,260,3,경상북도 구미시 임수동 260-3,471903308055,경상북도 구미시 임수로,83,,4719012500102600003008150,,경상북도 구미시 임수로 83,730350,39386,,,,128.40074619527,36.1173086001736
MA010120220806590785,예가정보통신,,G2,소매,G216,안경·정밀기기 소매,G21601,사무기기 소매업,G47821,사무용 기기 소매업,48,경상남도,48121,창원시 의창구,48121540,봉림동,4812112700,봉곡동,4812112700100610010,1,대지,61,10,경상남도 창원시 의창구 봉곡동 61-10,481214781657,경상남도 창원시 의창구 창이대로205번길,5,,4812112700100610017005248,,경상남도 창원시 의창구 창이대로205번길 5,641822,51181,,,,128.659521015236,35.2454377339507
MA010120220806579495,성진정보,,G2,소매,G216,안경·정밀기기 소매,G21601,사무기기 소매업,G47821,사무용 기기 소매업,11,서울특별시,11230,동대문구,11230650,장안1동,1123010600,장안동,1123010600104160003,1,대지,416,3,서울특별시 동대문구 장안동 416-3,112304115615,서울특별시 동대문구 한천로2길,100,,1123010600104160003017804,신의S컬렉션,서울특별시 동대문구 한천로2길 100,130844,02633,,3,,127.063914787181,37.5622317715605
MA010120220806574424,이지그릴,코리아,G2,소매,G216,안경·정밀기기 소매,G21601,사무기기 소매업,G47821,사무용 기기 소매업,41,경기도,41570,김포시,41570525,장기본동,4157010400,장기동,4157010400118810002,1,대지,1881,2,경기도 김포시 장기동 1881-2,415703209024,경기도 김포시 김포한강4로,211,12,4157010400118810002000001,,경기도 김포시 김포한강4로 211-12,415060,10065,,,,126.658889194171,37.6487104557419
MA010120220806588040,하나OA,,G2,소매,G216,안경·정밀기기 소매,G21601,사무기기 소매업,G47821,사무용 기기 소매업,44,충청남도,44810,예산군,44810250,예산읍,4481025025,예산읍,4481025025106680000,1,대지,668,,충청남도 예산군 예산읍 산성리 668,448103263012,충청남도 예산군 예산읍 벚꽃로,155,,4481025025106680000009660,,충청남도 예산군 예산읍 벚꽃로 155,340803,32428,,,,126.836303948903,36.6942418533755
MA010120220806561918,에스와이컴퍼니,,G2,소매,G216,안경·정밀기기 소매,G21601,사무기기 소매업,G47821,사무용 기기 소매업,46,전라남도,46890,완도군,46890340,약산면,4689034025,약산면,4689034025103180001,1,대지,318,1,전라남도 완도군 약산면 해동리 318-1,468903300018,전라남도 완도군 약산면 약산로,756,,4689034025103180001044097,,전라남도 완도군 약산면 약산로 756,537882,59136,,,,126.934008328779,34.3847849392733
MA010120220806609706,진성정보기술,,G2,소매,G216,안경·정밀기기 소매,G21601,사무기기 소매업,G47821,사무용 기기 소매업,48,경상남도,48170,진주시,48170678,하대동,4817012000,하대동,4817012000101210011,1,대지,121,11,경상남도 진주시 하대동 121-11,481704796214,경상남도 진주시 남강로1425번길,17,,4817012000101210011012105,,경상남도 진주시 남강로1425번길 17,660995,52778,,,,128.126743460881,35.1878236079813
MA010120220806601742,하신상사,,G2,소매,G216,안경·정밀기기 소매,G21601,사무기기 소매업,G47821,사무용 기기 소매업,31,울산광역시,31200,북구,31200510,농소1동,3120010100,창평동,3120010100110980004,1,대지,1098,4,울산광역시 북구 창평동 1098-4,312003000104,울산광역시 북구 산업로,1274,,3120010100110980004010903,,울산광역시 북구 산업로 1274,683810,44231,,,,129.352644108721,35.6156555937083
MA010120220806610121,신도중앙센타,,G2,소매,G216,안경·정밀기기 소매,G21601,사무기기 소매업,G47821,사무용 기기 소매업,51,강원특별자치도,51730,횡성군,51730250,횡성읍,5173025022,횡성읍,5173025022100860009,1,대지,86,9,강원특별자치도 횡성군 횡성읍 읍하리 86-9,517303226082,강원특별자치도 횡성군 횡성읍 태풍로,6,,4273025022100860009022314,,강원특별자치도 횡성군 횡성읍 태풍로 6,225808,25233,,,,127.985269986385,37.4905832817623
MA010120220806610374,세종오피스,,G2,소매,G216,안경·정밀기기 소매,G21601,사무기기 소매업,G47821,사무용 기기 소매업,36,세종특별자치시,36110,세종특별자치시,36110523,어진동,3611011000,어진동,3611011000106570000,1,대지,657,,세종특별자치시 세종특별자치시 어진동 657,361103258074,세종특별자치시 세종특별자치시 가름로,232,,3611011000106570000000001,세종비지니스센터,세종특별자치시 세종특별자치시 가름로 232,339012,30121,,,,127.264910667014,36.4956193959394
MA010120220806612974,G2Biz,,G2,소매,G216,안경·정밀기기 소매,G21601,사무기기 소매업,G47821,사무용 기기 소매업,27,대구광역시,27140,동구,27140590,효목1동,2714010300,효목동,2714010300101670012,1,대지,167,12,대구광역시 동구 효목동 167-12,271403142043,대구광역시 동구 효동로,22,2,2714010300101670012021360,,대구광역시 동구 효동로 22-2,701843,41179,,1,,128.648515806425,35.8803236619782
MA010120220806632689,프리오에이,,G2,소매,G216,안경·정밀기기 소매,G21601,사무기기 소매업,G47821,사무용 기기 소매업,41,경기도,41360,남양주시,41360545,다산1동,4136011200,다산동,4136011200143060043,1,대지,4306,43,경기도 남양주시 다산동 4306-43,413604391324,경기도 남양주시 미금로57번길,15,,4136011000103060043013518,,경기도 남양주시 미금로57번길 15,,12253,,1,,127.151646851707,37.6085978320312
MA010120220806608702,오케이정보통신,,G2,소매,G216,안경·정밀기기 소매,G21601,사무기기 소매업,G47821,사무용 기기 소매업,44,충청남도,44180,보령시,44180515,대천1동,4418010200,죽정동,4418010200100990001,1,대지,99,1,충청남도 보령시 죽정동 99-1,441803252051,충청남도 보령시 죽성로,65,,4418010200100990001020833,,충청남도 보령시 죽성로 65,355932,33428,,,,126.620692156174,36.3755100539744
MA010120220806633245,체인지,,G2,소매,G216,안경·정밀기기 소매,G21601,사무기기 소매업,G47821,사무용 기기 소매업,48,경상남도,48250,김해시,48250520,회현동,4825010400,봉황동,4825010400101970001,1,대지,197,1,경상남도 김해시 봉황동 197-1,482504857370,경상남도 김해시 봉황대길,35,,4825010400101970001054974,,경상남도 김해시 봉황대길 35,621040,50927,,,,128.877472673226,35.2287612311921
MA010120220806670223,선진미터,,G2,소매,G216,안경·정밀기기 소매,G21601,사무기기 소매업,G45213,자동차 내장용 신품 전기ㆍ전자ㆍ정밀기기 판매업,11,서울특별시,11470,양천구,11470580,신월3동,1147010300,신월동,1147010300101500005,1,대지,150,5,서울특별시 양천구 신월동 150-5,114703000009,서울특별시 양천구 가로공원로,90,,1147010300101500005011522,,서울특별시 양천구 가로공원로 90,158829,07910,,,,126.825929630451,37.5353340921454
MA010120220806647176,국민커피머신,,G2,소매,G216,안경·정밀기기 소매,G21601,사무기기 소매업,M71531,경영 컨설팅업,41,경기도,41570,김포시,41570560,장기동,4157010400,장기동,4157010400120080001,1,대지,2008,1,경기도 김포시 장기동 2008-1,415703209168,경기도 김포시 태장로,765,,4157010400120080001000001,,경기도 김포시 태장로 765,415060,10090,,,,126.682213264934,37.6397928156407
MA010120220806694233,에듀스마트,,G2,소매,G216,안경·정밀기기 소매,G21601,사무기기 소매업,G47821,사무용 기기 소매업,46,전라남도,46110,목포시,46110510,용당1동,4611010100,용당동,4611010100109640161,1,대지,964,161,전라남도 목포시 용당동 964-161,461103281032,전라남도 목포시 산정로,213,,4611010100109640161046442,,전라남도 목포시 산정로 213,530361,58653,,,,126.389285529484,34.8069486444305
MA010120220806713086,아산닷컴,,G2,소매,G216,안경·정밀기기 소매,G21601,사무기기 소매업,G47821,사무용 기기 소매업,41,경기도,41194,부천시 소사구,41194560,옥길동,4119410600,옥길동,4119410600107950001,1,대지,795,1,경기도 부천시 소사구 옥길동 795-1,411943186021,경기도 부천시 소사구 양지로,237,,4119011500107950001000001,광양프런티어밸리5차,경기도 부천시 소사구 양지로 237,422080,14786,,1,,126.828192639313,37.4661672560148
MA010120220806687210,오늘의기록,,G2,소매,G216,안경·정밀기기 소매,G21601,사무기기 소매업,G47821,사무용 기기 소매업,48,경상남도,48730,함안군,48730250,가야읍,4873025024,가야읍,4873025024100860008,1,대지,86,8,경상남도 함안군 가야읍 도항리 86-8,487302340001,경상남도 함안군 가야읍 함안대로,584,1,4873025024100860008022511,,경상남도 함안군 가야읍 함안대로 584-1,637803,52041,,,,128.404228574428,35.2784382817111
MA010120220808015456,월드사무기기,,G2,소매,G216,안경·정밀기기 소매,G21601,사무기기 소매업,G47821,사무용 기기 소매업,44,충청남도,44200,아산시,44200570,온양1동,4420010100,온천동,4420010100118470000,1,대지,1847,,충청남도 아산시 온천동 1847,442004559206,충청남도 아산시 번영로115번길,7,1,4420010100118470000039138,,충청남도 아산시 번영로115번길 7-1,336815,31511,,,,127.004313268371,36.7868995130074
MA010120220808038879,다원디지털OA,,G2,소매,G216,안경·정밀기기 소매,G21601,사무기기 소매업,G47821,사무용 기기 소매업,41,경기도,41192,부천시 원미구,41192510,심곡1동,4119210200,심곡동,4119210200104310004,1,대지,431,4,경기도 부천시 원미구 심곡동 431-4,411924352333,경기도 부천시 원미구 신흥로92번길,51,,4119510200104310004045050,,경기도 부천시 원미구 신흥로92번길 51,420824,14631,,,,126.780913521863,37.4916055946245
MA010120220808026207,제이엠스케일,,G2,소매,G216,안경·정밀기기 소매,G21601,사무기기 소매업,G47821,사무용 기기 소매업,41,경기도,41450,하남시,41450630,미사3동,4145011000,풍산동,4145011000104890000,1,대지,489,,경기도 하남시 풍산동 489,414503202057,경기도 하남시 미사강변서로,25,,4145011000104890000000001,테스타타워,경기도 하남시 미사강변서로 25,465170,12918,,9,,127.182813367017,37.5526650967854
MA010120220808008497,두경정보통신,,G2,소매,G216,안경·정밀기기 소매,G21601,사무기기 소매업,G47821,사무용 기기 소매업,41,경기도,41192,부천시 원미구,41192520,심곡2동,4119210200,심곡동,4119210200101300006,1,대지,130,6,경기도 부천시 원미구 심곡동 130-6,411923000019,경기도 부천시 원미구 부일로,519,,4119510200101300006009035,화신오피스텔,경기도 부천시 원미구 부일로 519,420822,14642,,4,,126.788032349027,37.4853746081521
MA010120220808070538,나무숲,,G2,소매,G216,안경·정밀기기 소매,G21601,사무기기 소매업,G47821,사무용 기기 소매업,29,광주광역시,29140,서구,29140745,치평동,2914012000,치평동,2914012000111760003,1,대지,1176,3,광주광역시 서구 치평동 1176-3,291403160023,광주광역시 서구 상무중앙로,7,,2914012000111760003026619,상무타워,광주광역시 서구 상무중앙로 7,502827,61962,,5,,126.847921668951,35.1474963562563
MA010120220808078809,텍,코리아,G2,소매,G216,안경·정밀기기 소매,G21601,사무기기 소매업,G47821,사무용 기기 소매업,41,경기도,41220,평택시,41220590,신평동,4122011700,합정동,4122011700103560001,1,대지,356,1,경기도 평택시 합정동 356-1,412203188084,경기도 평택시 중앙로,254,,4122011700103560001019123,,경기도 평택시 중앙로 254,450829,17903,,,,127.110768323062,36.9897394484644
MA010120220808128384,SH-테크,,G2,소매,G216,안경·정밀기기 소매,G21601,사무기기 소매업,G47821,사무용 기기 소매업,11,서울특별시,11320,도봉구,11320522,도봉2동,1132010800,도봉동,1132010800100620001,1,대지,62,1,서울특별시 도봉구 도봉동 62-1,113204127183,서울특별시 도봉구 도봉로180길,38,,1132010800100620001009567,도봉엠블렘,서울특별시 도봉구 도봉로180길 38,132801,01320,,13,,127.048010581593,37.6825571564885
MA010120220808130294,제이엠마킹,,G2,소매,G216,안경·정밀기기 소매,G21601,사무기기 소매업,G47821,사무용 기기 소매업,48,경상남도,48121,창원시 의창구,48121540,봉림동,4812112500,사림동,4812112500101110016,1,대지,111,16,경상남도 창원시 의창구 사림동 111-16,481214781299,경상남도 창원시 의창구 사림로57번길,14,9,4812112500101110016011485,,경상남도 창원시 의창구 사림로57번길 14-9,641825,51143,,,,128.679982326972,35.2478590079336
MA010120220808114806,홍천현대체크기,,G2,소매,G216,안경·정밀기기 소매,G21601,사무기기 소매업,G47821,사무용 기기 소매업,51,강원특별자치도,51720,홍천군,51720380,북방면,5172038037,북방면,5172038037103340008,1,대지,334,8,강원특별자치도 홍천군 북방면 하화계리 334-8,517204475614,강원특별자치도 홍천군 북방면 하화계길,55,,4272038037200360002013332,,강원특별자치도 홍천군 북방면 하화계길 55,250885,25115,,2,,127.858097374486,37.6936261029326
MA010120220808130801,비엠네트웍스,,G2,소매,G216,안경·정밀기기 소매,G21601,사무기기 소매업,G47821,사무용 기기 소매업,41,경기도,41192,부천시 원미구,41192610,약대동,4119210500,약대동,4119210500101820049,1,대지,182,49,경기도 부천시 원미구 약대동 182-49,411923000067,경기도 부천시 원미구 평천로,667,6,4119510500101820049026740,우측,경기도 부천시 원미구 평천로 667-6,420831,14500,,1,,126.76494072218,37.5152802994435
MA010120220808130947,디지털비즈니스센터,,G2,소매,G216,안경·정밀기기 소매,G21601,사무기기 소매업,G47821,사무용 기기 소매업,41,경기도,41590,화성시,41590590,동탄5동,4159013100,영천동,4159013100108230006,1,대지,823,6,경기도 화성시 영천동 823-6,415903350556,경기도 화성시 동탄첨단산업1로,27,,4159013100102810000000001,금강펜테리움I,경기도 화성시 동탄첨단산업1로 27,445130,18469,,,,127.089472108373,37.2110233750325
MA010120220808156278,제우스,,G2,소매,G216,안경·정밀기기 소매,G21601,사무기기 소매업,G47821,사무용 기기 소매업,43,충청북도,43113,청주시 흥덕구,43113760,강서1동,4311313800,비하동,4311313800106830003,1,대지,683,3,충청북도 청주시 흥덕구 비하동 683-3,431134511981,충청북도 청주시 흥덕구 청향로23번길,28,,4311313800106830003007684,호,충청북도 청주시 흥덕구 청향로23번길 28,361825,28362,,3,,127.420019852686,36.6364641146348
MA010120220808150442,스타트밴,,G2,소매,G216,안경·정밀기기 소매,G21601,사무기기 소매업,G47821,사무용 기기 소매업,11,서울특별시,11320,도봉구,11320690,방학1동,1132010600,방학동,1132010600107180006,1,대지,718,6,서울특별시 도봉구 방학동 718-6,113203109006,서울특별시 도봉구 마들로,649,20,1132010600107180006004291,,서울특별시 도봉구 마들로 649-20,132854,01332,,,,127.04485044911,37.6683499585386
MA010120220808137460,네오정보플러스,,G2,소매,G216,안경·정밀기기 소매,G21601,사무기기 소매업,G47821,사무용 기기 소매업,29,광주광역시,29170,북구,29170669,일곡동,2917012700,일곡동,2917012700100440024,1,대지,44,24,광주광역시 북구 일곡동 44-24,291703162056,광주광역시 북구 우치로,587,,2917012700100440015015156,,광주광역시 북구 우치로 587,500865,61029,,,,126.902467642145,35.2168397645127
MA010120220801540701,경기정보,,G2,소매,G216,안경·정밀기기 소매,G21601,사무기기 소매업,G47821,사무용 기기 소매업,41,경기도,41500,이천시,41500520,중리동,4150010300,중리동,4150010300104450004,1,대지,445,4,경기도 이천시 중리동 445-4,415004421437,경기도 이천시 설봉로6번길,14,,4150010300104450004010158,,경기도 이천시 설봉로6번길 14,467801,17376,,,,127.437882550728,37.2768345413342
MA010120220801493961,명문사무기평택,,G2,소매,G216,안경·정밀기기 소매,G21601,사무기기 소매업,G47821,사무용 기기 소매업,41,경기도,41220,평택시,41220520,서정동,4122010100,서정동,4122010100105320006,1,대지,532,6,경기도 평택시 서정동 532-6,412203188029,경기도 평택시 서정북로,8,,4122010100105320006220028,,경기도 평택시 서정북로 8,459812,17771,,,,127.050353944903,37.0696069282368
MA010120220801512549,스마트정보통신,,G2,소매,G216,안경·정밀기기 소매,G21601,사무기기 소매업,G47821,사무용 기기 소매업,41,경기도,41220,평택시,41220250,팽성읍,4122025041,팽성읍,4122025041101490001,1,대지,149,1,경기도 평택시 팽성읍 안정리 149-1,412204364416,경기도 평택시 팽성읍 안정로39번길,25,,4122025041101490001034561,,경기도 평택시 팽성읍 안정로39번길 25,451807,17983,,,,127.047037108735,36.9608028800093
MA010120220801536070,페이펀,,G2,소매,G216,안경·정밀기기 소매,G21601,사무기기 소매업,G47821,사무용 기기 소매업,41,경기도,41550,안성시,41550510,안성1동,4155010100,봉산동,4155010100100160000,1,대지,16,,경기도 안성시 봉산동 16,415503012053,경기도 안성시 보개원삼로,1,,4155010100100160000015103,서우빌딩,경기도 안성시 보개원삼로 1,456030,17586,,5,,127.280107490012,37.0057071278433
MA010120220801495525,나이스멤버스정보통신,,G2,소매,G216,안경·정밀기기 소매,G21601,사무기기 소매업,G47821,사무용 기기 소매업,41,경기도,41220,평택시,41220620,비전1동,4122012700,죽백동,4122012700107470002,1,대지,747,2,경기도 평택시 죽백동 747-2,412204838187,경기도 평택시 죽백7길,2,49,4122012700107470002000001,,경기도 평택시 죽백7길 2-49,450805,17858,,3,,127.11387962019,37.0046494171253
MA010120220801498559,이지체크,,G2,소매,G216,안경·정밀기기 소매,G21601,사무기기 소매업,G47821,사무용 기기 소매업,51,강원특별자치도,51130,원주시,51130675,반곡관설동,5113011600,관설동,5113011600117300001,1,대지,1730,1,강원특별자치도 원주시 관설동 1730-1,511304457053,강원특별자치도 원주시 관설안길,21,,4213011600117300001000001,,강원특별자치도 원주시 관설안길 21,220934,26472,,1,,127.960985480312,37.317514475016
MA010120220801534715,유일정보통신,,G2,소매,G216,안경·정밀기기 소매,G21601,사무기기 소매업,G47821,사무용 기기 소매업,41,경기도,41220,평택시,41220620,비전1동,4122011800,비전동,4122011800110660000,1,대지,1066,,경기도 평택시 비전동 1066,412203198032,경기도 평택시 비전2로,195,,4122011800110660000000001,티에스원주차빌딩,경기도 평택시 비전2로 195,450151,17855,,,,127.111785094426,37.0013804825125
MA010120220801579166,아이티씨,,G2,소매,G216,안경·정밀기기 소매,G21601,사무기기 소매업,J62010,컴퓨터 프로그래밍 서비스업,41,경기도,41135,성남시 분당구,41135580,서현1동,4113510500,서현동,4113510500102450003,1,대지,245,3,경기도 성남시 분당구 서현동 245-3,411354340225,경기도 성남시 분당구 서현로210번길,2,,4113510500102450003064617,,경기도 성남시 분당구 서현로210번길 2,463824,13591,,,,127.1254760477,37.3868369457631
MA010120220801554329,모아정보통신,,G2,소매,G216,안경·정밀기기 소매,G21601,사무기기 소매업,G47821,사무용 기기 소매업,41,경기도,41360,남양주시,41360262,오남읍,4136026223,오남읍,4136026223102640005,1,대지,264,5,경기도 남양주시 오남읍 오남리 264-5,413603197050,경기도 남양주시 오남읍 진건오남로,592,,4136026223102640005007750,,경기도 남양주시 오남읍 진건오남로 592,472883,12039,,,,127.211404227503,37.6862246233855
MA010120220801563440,디지탈O.A,,G2,소매,G216,안경·정밀기기 소매,G21601,사무기기 소매업,G47821,사무용 기기 소매업,41,경기도,41135,성남시 분당구,41135650,판교동,4113510800,판교동,4113510800105650002,1,대지,565,2,경기도 성남시 분당구 판교동 565-2,411354340328,경기도 성남시 분당구 서판교로58번길,4,10,4113510800105650002000001,,경기도 성남시 분당구 서판교로58번길 4-10,463410,13479,,1,,127.098776618111,37.391412425702
MA010120220801551903,우리정보통신,,G2,소매,G216,안경·정밀기기 소매,G21601,사무기기 소매업,G47821,사무용 기기 소매업,41,경기도,41610,광주시,41610550,탄벌동,4161010400,회덕동,4161010400102890017,1,대지,289,17,경기도 광주시 회덕동 289-17,416103211027,경기도 광주시 행정타운로,143,83,4161010400102890017005252,,경기도 광주시 행정타운로 143-83,464100,12766,,,,127.245594734521,37.4268789515669
MA010120220801566406,다연OA시스템,,G2,소매,G216,안경·정밀기기 소매,G21601,사무기기 소매업,G47821,사무용 기기 소매업,41,경기도,41610,광주시,41610550,탄벌동,4161010500,탄벌동,4161010500103860008,1,대지,386,8,경기도 광주시 탄벌동 386-8,416104433464,경기도 광주시 탄벌길31번길,28,1,4161010500103860008000760,,경기도 광주시 탄벌길31번길 28-1,464100,12747,,,,127.240997993584,37.420301987492
MA010120220801590592,효원디지텍,,G2,소매,G216,안경·정밀기기 소매,G21601,사무기기 소매업,G47821,사무용 기기 소매업,11,서울특별시,11710,송파구,11710580,송파1동,1171010400,송파동,1171010400101060015,1,대지,106,15,서울특별시 송파구 송파동 106-15,117103123001,서울특별시 송파구 가락로,155,,1171010400101060015013173,,서울특별시 송파구 가락로 155,138850,05669,,2,,127.112834389329,37.5032516904669
MA010120220801555369,선우정보통신,,G2,소매,G216,안경·정밀기기 소매,G21601,사무기기 소매업,G47821,사무용 기기 소매업,41,경기도,41610,광주시,41610580,오포1동,4161011800,추자동,4161011800104000002,1,대지,400,2,경기도 광주시 추자동 400-2,416103211035,경기도 광주시 오포로,693,,4161025025104000002000001,,경기도 광주시 오포로 693,464894,12790,,1,,127.21821379343,37.3585632092574
MA010120220801549798,에스피씨네트웍스서울동부총판,,G2,소매,G216,안경·정밀기기 소매,G21601,사무기기 소매업,G47821,사무용 기기 소매업,41,경기도,41450,하남시,41450630,미사3동,4145011000,풍산동,4145011000106180000,1,대지,618,,경기도 하남시 풍산동 618,414502202001,경기도 하남시 하남대로,947,,4145011000103930010000002,하남테크노밸리,경기도 하남시 하남대로 947,465170,12982,,,,127.193637429932,37.5458903625758
MA010120220801552630,삼보컴퓨터,구리점,G2,소매,G216,안경·정밀기기 소매,G21601,사무기기 소매업,G47821,사무용 기기 소매업,41,경기도,41310,구리시,41310590,수택3동,4131010500,수택동,4131010500108490002,1,대지,849,2,경기도 구리시 수택동 849-2,413104388175,경기도 구리시 체육관로80번길,32,,4131010500108490002007476,,경기도 구리시 체육관로80번길 32,471828,11940,,,,127.139870565686,37.591574653581
MA010120220801584740,여주CCTV,,G2,소매,G216,안경·정밀기기 소매,G21601,사무기기 소매업,G47821,사무용 기기 소매업,41,경기도,41670,여주시,41670510,여흥동,4167010100,상동,4167010100101090008,1,대지,109,8,경기도 여주시 상동 109-8,416703214056,경기도 여주시 청심로,234,22,4173025021101090008057490,,경기도 여주시 청심로 234-22,469101,12629,,,,127.645097767372,37.2936278385324
MA010120220801590317,민영전산,,G2,소매,G216,안경·정밀기기 소매,G21601,사무기기 소매업,G47821,사무용 기기 소매업,41,경기도,41500,이천시,41500250,장호원읍,4150025021,장호원읍,4150025021100290006,1,대지,29,6,경기도 이천시 장호원읍 장호원리 29-6,415004421671,경기도 이천시 장호원읍 장감로77번길,40,,4150025021100290006061778,,경기도 이천시 장호원읍 장감로77번길 40,467902,17418,,,,127.631114113999,37.1192265972722
MA010120220801553469,이지시스템,,G2,소매,G216,안경·정밀기기 소매,G21601,사무기기 소매업,G47821,사무용 기기 소매업,41,경기도,41500,이천시,41500510,창전동,4150010100,창전동,4150010100104280006,1,대지,428,6,경기도 이천시 창전동 428-6,415003207076,경기도 이천시 향교로,66,,4150010100104280006007649,,경기도 이천시 향교로 66,467805,17364,,,,127.444658658816,37.2844320160697
MA010120220801565356,아이정보통신,,G2,소매,G216,안경·정밀기기 소매,G21601,사무기기 소매업,G47821,사무용 기기 소매업,41,경기도,41610,광주시,41610253,초월읍,4161025327,초월읍,4161025327100670062,1,대지,67,62,경기도 광주시 초월읍 용수리 67-62,416104433201,경기도 광주시 초월읍 무들로147번길,79,21,4161025327100670062000001,,경기도 광주시 초월읍 무들로147번길 79-21,464970,12733,,,,127.298026837411,37.3894202496851
MA010120220801609763,현대LED,,G2,소매,G216,안경·정밀기기 소매,G21601,사무기기 소매업,G47821,사무용 기기 소매업,41,경기도,41450,하남시,41450560,덕풍3동,4145010800,덕풍동,4145010800102850012,1,대지,285,12,경기도 하남시 덕풍동 285-12,414504406282,경기도 하남시 하남대로836번길,35,9,4145010800102850012005312,,경기도 하남시 하남대로836번길 35-9,465800,12935,,,,127.205740727441,37.5441850289449
MA010120220801652930,컴119,,G2,소매,G216,안경·정밀기기 소매,G21601,사무기기 소매업,G47821,사무용 기기 소매업,41,경기도,41250,동두천시,41250566,송내동,4125010100,송내동,4125010100106950002,1,대지,695,2,경기도 동두천시 송내동 695-2,412503189005,경기도 동두천시 동두천로,13,,4125010100106950002009214,우진프라자,경기도 동두천시 동두천로 13,483010,11354,,,,127.053971582639,37.8826674163261
MA010120220801660653,C&TONER,,G2,소매,G216,안경·정밀기기 소매,G21601,사무기기 소매업,G47821,사무용 기기 소매업,41,경기도,41220,평택시,41220640,세교동,4122012000,세교동,4122012000101970001,1,대지,197,1,경기도 평택시 세교동 197-1,412203188122,경기도 평택시 평택로,196,,4122012000101970001012260,,경기도 평택시 평택로 196,450816,17827,,,,127.076565094597,37.0021022592656
MA010120220801679743,와이지컴퍼니,,G2,소매,G216,안경·정밀기기 소매,G21601,사무기기 소매업,G47821,사무용 기기 소매업,41,경기도,41150,의정부시,41150578,송산3동,4115010600,민락동,4115010600108120004,1,대지,812,4,경기도 의정부시 민락동 812-4,411504343539,경기도 의정부시 오목로205번길,21,,4115010600108120003000001,골든프라자,경기도 의정부시 오목로205번길 21,480090,11813,,4,,127.097372512816,37.7449821853723
MA010120220801653229,포천OA사무기,,G2,소매,G216,안경·정밀기기 소매,G21601,사무기기 소매업,G47821,사무용 기기 소매업,41,경기도,41650,포천시,41650510,포천동,4165010200,어룡동,4165010200103010001,1,대지,301,1,경기도 포천시 어룡동 301-1,416503000136,경기도 포천시 호국로,1377,,4165010200103010001028768,,경기도 포천시 호국로 1377,487050,11150,,,,127.188126383674,37.8822321635971
MA010120220801655538,신도서비스,,G2,소매,G216,안경·정밀기기 소매,G21601,사무기기 소매업,G47821,사무용 기기 소매업,41,경기도,41150,의정부시,41150510,의정부1동,4115011000,가능동,4115011000100150175,1,대지,15,175,경기도 의정부시 가능동 15-175,411504343376,경기도 의정부시 태평로214번길,29,4,4115011000100150175008211,,경기도 의정부시 태평로214번길 29-4,480800,11687,,,,127.046704534508,37.7511036962248
MA010120220801682959,신우I&C,,G2,소매,G216,안경·정밀기기 소매,G21601,사무기기 소매업,G47821,사무용 기기 소매업,41,경기도,41150,의정부시,41150573,송산1동,4115010500,용현동,4115010500105440004,1,대지,544,4,경기도 의정부시 용현동 544-4,411504343163,경기도 의정부시 부용로219번길,45,,4115010500105440004019798,용현빌딩,경기도 의정부시 부용로219번길 45,480859,11772,,3,,127.082027644663,37.7508231255117
MA010120220801686474,철원정보통신초이스유통,,G2,소매,G216,안경·정밀기기 소매,G21601,사무기기 소매업,G47821,사무용 기기 소매업,51,강원특별자치도,51780,철원군,51780256,갈말읍,5178025624,갈말읍,5178025624103380010,1,대지,338,10,강원특별자치도 철원군 갈말읍 군탄리 338-10,517803230012,강원특별자치도 철원군 갈말읍 명성로,202,,4278025624103380010034223,,강원특별자치도 철원군 갈말읍 명성로 202,269802,24034,,2,,127.307733898135,38.1497528704283
MA010120220801686777,네트워크,,G2,소매,G216,안경·정밀기기 소매,G21601,사무기기 소매업,G47821,사무용 기기 소매업,41,경기도,41150,의정부시,41150545,호원1동,4115010200,호원동,4115010200102740006,1,대지,274,6,경기도 의정부시 호원동 274-6,411503181030,경기도 의정부시 안말로,56,,4115010200102740006016279,,경기도 의정부시 안말로 56,480866,11643,,,,127.045059720838,37.71450691809
MA010120220801646782,연천신도OA,,G2,소매,G216,안경·정밀기기 소매,G21601,사무기기 소매업,G47821,사무용 기기 소매업,41,경기도,41800,연천군,41800250,연천읍,4180025021,연천읍,4180025021102820028,1,대지,282,28,경기도 연천군 연천읍 차탄리 282-28,418003215030,경기도 연천군 연천읍 연천로,211,,4180025021102820028010944,,경기도 연천군 연천읍 연천로 211,486803,11014,,,,127.073759047275,38.0958259575707
MA010120220801670441,디티에스,,G2,소매,G216,안경·정밀기기 소매,G21601,사무기기 소매업,G47821,사무용 기기 소매업,51,강원특별자치도,51780,철원군,51780256,갈말읍,5178025624,갈말읍,5178025624109340001,1,대지,934,1,강원특별자치도 철원군 갈말읍 군탄리 934-1,517803230012,강원특별자치도 철원군 갈말읍 명성로,242,,4278025624109340001035592,,강원특별자치도 철원군 갈말읍 명성로 242,269802,24034,,,,127.307919681491,38.1532388785308
MA010120220801673947,제일종합사무기,,G2,소매,G216,안경·정밀기기 소매,G21601,사무기기 소매업,G47821,사무용 기기 소매업,41,경기도,41650,포천시,41650250,소흘읍,4165025021,소흘읍,4165025021105720031,1,대지,572,31,경기도 포천시 소흘읍 송우리 572-31,416503213024,경기도 포천시 소흘읍 송우로,134,,4165025021105720031015524,,경기도 포천시 소흘읍 송우로 134,487823,11171,,,,127.135463013072,37.8328964019258
MA010120220803305284,에스프리,,G2,소매,G216,안경·정밀기기 소매,G21601,사무기기 소매업,G47821,사무용 기기 소매업,11,서울특별시,11170,용산구,11170555,청파동,1117010900,청파동1가,1117010900100010160,1,대지,1,160,서울특별시 용산구 청파동1가 1-160,111704106508,서울특별시 용산구 효창원로104길,37,,1117010900100010160022801,,서울특별시 용산구 효창원로104길 37,140868,04304,,,,126.965699429289,37.5504860723195
MA010120220803326990,사무기기 소매업,,G2,소매,G216,안경·정밀기기 소매,G21601,사무기기 소매업,G47821,사무용 기기 소매업,41,경기도,41450,하남시,41450560,덕풍3동,4145010800,덕풍동,4145010800108310001,1,대지,831,1,경기도 하남시 덕풍동 831-1,414502000019,경기도 하남시 미사대로,520,,4145010800100070000000001,한강미사2차,경기도 하남시 미사대로 520,465013,12925,,,,127.204604101691,37.55889127082
MA010120220803301436,에스에이치정보,,G2,소매,G216,안경·정밀기기 소매,G21601,사무기기 소매업,G47821,사무용 기기 소매업,11,서울특별시,11350,노원구,11350665,상계3.4동,1135010500,상계동,1135010500113880027,1,대지,1388,27,서울특별시 노원구 상계동 1388-27,113504130289,서울특별시 노원구 상계로35길,5,,1135010500101110110004043,,서울특별시 노원구 상계로35길 5,139204,01635,,,,127.078448129943,37.670584848078
MA010120220803349312,로운씨앤씨,,G2,소매,G216,안경·정밀기기 소매,G21601,사무기기 소매업,G47821,사무용 기기 소매업,11,서울특별시,11500,강서구,11500604,가양2동,1150010400,가양동,1150010400100140051,1,대지,14,51,서울특별시 강서구 가양동 14-51,115003005069,서울특별시 강서구 화곡로,429,,1150010400100180038009661,토피아빌딩,서울특별시 강서구 화곡로 429,157800,07526,,4,,126.855069879014,37.5614753607881
MA010120220803345540,신도메카솔루션,,G2,소매,G216,안경·정밀기기 소매,G21601,사무기기 소매업,G47821,사무용 기기 소매업,41,경기도,41133,성남시 중원구,41133580,상대원2동,4113310500,상대원동,4113310500154420001,1,대지,5442,1,경기도 성남시 중원구 상대원동 5442-1,411332179001,경기도 성남시 중원구 둔촌대로,388,,4113310500154420001000633,크란츠테크노,경기도 성남시 중원구 둔촌대로 388,462729,13403,,4,,127.159290694704,37.4326310691712
MA010120220803342746,뉴젠파트너스,,G2,소매,G216,안경·정밀기기 소매,G21601,사무기기 소매업,G47821,사무용 기기 소매업,41,경기도,41135,성남시 분당구,41135620,야탑1동,4113510700,야탑동,4113510700103600001,1,대지,360,1,경기도 성남시 분당구 야탑동 360-1,411353180048,경기도 성남시 분당구 장미로,78,,4113510700103600001064064,시그마3,경기도 성남시 분당구 장미로 78,463857,13506,,,,127.129564460633,37.4135027520056
MA010120220803423158,미르정보시스템,,G2,소매,G216,안경·정밀기기 소매,G21601,사무기기 소매업,G47821,사무용 기기 소매업,43,충청북도,43111,청주시 상당구,43111720,용암1동,4311112400,용암동,4311112400113250000,1,대지,1325,,충청북도 청주시 상당구 용암동 1325,431114508523,충청북도 청주시 상당구 용암북로6번길,33,22,4311112400113250000030593,,충청북도 청주시 상당구 용암북로6번길 33-22,360823,28772,,1,,127.502019213641,36.6133121828464
MA010120220803397605,가온사무기,,G2,소매,G216,안경·정밀기기 소매,G21601,사무기기 소매업,G47821,사무용 기기 소매업,44,충청남도,44200,아산시,44200600,온양4동,4420010200,실옥동,4420010200101810034,1,대지,181,34,충청남도 아산시 실옥동 181-34,442004559222,충청남도 아산시 번영로43번길,26,,4420010200101810034000001,,충청남도 아산시 번영로43번길 26,336020,31505,,,,126.994577490554,36.7885304851611
MA010120220803453288,진테크,,G2,소매,G216,안경·정밀기기 소매,G21601,사무기기 소매업,G47821,사무용 기기 소매업,11,서울특별시,11140,중구,11140665,동화동,1114016200,신당동,1114016200102900066,1,대지,290,66,서울특별시 중구 신당동 290-66,111404103048,서울특별시 중구 다산로32길,49,,1114016200102900066004248,,서울특별시 중구 다산로32길 49,100824,04586,,,,127.016422810391,37.5616262418672
MA010120220803454113,한국OA시스템,,G2,소매,G216,안경·정밀기기 소매,G21601,사무기기 소매업,G47821,사무용 기기 소매업,11,서울특별시,11350,노원구,11350670,상계5동,1135010500,상계동,1135010500101690457,1,대지,169,457,서울특별시 노원구 상계동 169-457,113503110009,서울특별시 노원구 한글비석로,415,,1135010500101690457002003,,서울특별시 노원구 한글비석로 415,139815,01682,,1,,127.07050511848,37.6614359011832
MA010120220804894875,엔에스케이,,G2,소매,G216,안경·정밀기기 소매,G21601,사무기기 소매업,G47821,사무용 기기 소매업,46,전라남도,46890,완도군,46890340,약산면,4689034025,약산면,4689034025105840001,1,대지,584,1,전라남도 완도군 약산면 해동리 584-1,468904854409,전라남도 완도군 약산면 해동1길,7,,4689034025105840001000001,,전라남도 완도군 약산면 해동1길 7,537882,59136,,,,126.932726366344,34.3833869557466
MA010120220804964939,넥스트O.A,,G2,소매,G216,안경·정밀기기 소매,G21601,사무기기 소매업,G47821,사무용 기기 소매업,48,경상남도,48129,창원시 진해구,48129540,여좌동,4812913700,여좌동,4812913700101270023,1,대지,127,23,경상남도 창원시 진해구 여좌동 127-23,481294793227,경상남도 창원시 진해구 여좌남로49번길,2,,4812913700101270023011364,,경상남도 창원시 진해구 여좌남로49번길 2,645806,51690,,,,128.661359396724,35.1550646527235
MA010120220804965439,하나OA시스템,,G2,소매,G216,안경·정밀기기 소매,G21601,사무기기 소매업,G47821,사무용 기기 소매업,48,경상남도,48250,김해시,48250590,삼안동,4825011900,삼방동,4825011900105610003,1,대지,561,3,경상남도 김해시 삼방동 561-3,482504805653,경상남도 김해시 인제로284번길,38,1,4825011900105610003050921,,경상남도 김해시 인제로284번길 38-1,621909,50812,,,,128.906588134252,35.2536111123677
MA010120220804967820,다온정보통신,,G2,소매,G216,안경·정밀기기 소매,G21601,사무기기 소매업,G47821,사무용 기기 소매업,51,강원특별자치도,51170,동해시,51170550,동호동,5117011100,발한동,5117011100105480002,1,대지,548,2,강원특별자치도 동해시 발한동 548-2,511704463049,강원특별자치도 동해시 느릅재길,31,1,4217011100005480002021716,,강원특별자치도 동해시 느릅재길 31-1,240800,25732,,1,,129.099029397964,37.5437677622405
MA010120220804970571,다이나믹프린팅솔루션,,G2,소매,G216,안경·정밀기기 소매,G21601,사무기기 소매업,G47821,사무용 기기 소매업,41,경기도,41250,동두천시,41250600,상패동,4125011200,상패동,4125011200106860007,1,대지,686,7,경기도 동두천시 상패동 686-7,412504367065,경기도 동두천시 삼육사로692번길,188,5,4125011200106860007009729,,경기도 동두천시 삼육사로692번길 188-5,483120,11341,,,,127.025105391701,37.9019843839198
MA010120220804965531,아벨사무기기,,G2,소매,G216,안경·정밀기기 소매,G21601,사무기기 소매업,G47821,사무용 기기 소매업,48,경상남도,48240,사천시,48240550,벌용동,4824010800,벌리동,4824010800100120016,1,대지,12,16,경상남도 사천시 벌리동 12-16,482404802269,경상남도 사천시 벌리6길,51,,4824010800100120016016304,,경상남도 사천시 벌리6길 51,664833,52551,,2,,128.083505897419,34.9420500774195
MA010120220804965755,엠디퍼니쳐,,G2,소매,G216,안경·정밀기기 소매,G21601,사무기기 소매업,G47821,사무용 기기 소매업,44,충청남도,44825,태안군,44825250,태안읍,4482525021,태안읍,4482525021100830006,1,대지,83,6,충청남도 태안군 태안읍 동문리 83-6,448253264043,충청남도 태안군 태안읍 중앙로,181,,4482525021100830006008252,,충청남도 태안군 태안읍 중앙로 181,357905,32140,,,,126.307676444192,36.7493455157013
MA010120220804968441,만월당,,G2,소매,G216,안경·정밀기기 소매,G21601,사무기기 소매업,G47821,사무용 기기 소매업,51,강원특별자치도,51150,강릉시,51150572,포남2동,5115011100,포남동,5115011100100620002,1,대지,62,2,강원특별자치도 강릉시 포남동 62-2,511504460956,강원특별자치도 강릉시 춘갑봉길,159,,4215011100100620002018332,,강원특별자치도 강릉시 춘갑봉길 159,210957,25471,,,,128.911229699985,37.7800537260071
MA010120220804936782,조립,,G2,소매,G216,안경·정밀기기 소매,G21601,사무기기 소매업,G47821,사무용 기기 소매업,44,충청남도,44250,계룡시,44250315,엄사면,4425031521,엄사면,4425031521102720003,1,대지,272,3,충청남도 계룡시 엄사면 엄사리 272-3,442504568027,충청남도 계룡시 엄사면 번영7길,9,4,4425031521102720003000869,,충청남도 계룡시 엄사면 번영7길 9-4,321931,32809,,,,127.237122207075,36.2873538358658
MA010120220805009220,판테온스퀘어113,,G2,소매,G216,안경·정밀기기 소매,G21601,사무기기 소매업,G47821,사무용 기기 소매업,41,경기도,41171,안양시 만안구,41171550,안양5동,4117110100,안양동,4117110100106270001,1,대지,627,1,경기도 안양시 만안구 안양동 627-1,411713182016,경기도 안양시 만안구 안양로,247,,4117110100106270001000072,판테온스퀘어,경기도 안양시 만안구 안양로 247,430713,13999,,1,,126.92427968991,37.3946280660778
MA010120220804991117,피앤씨정보통신,,G2,소매,G216,안경·정밀기기 소매,G21601,사무기기 소매업,G47821,사무용 기기 소매업,43,충청북도,43150,제천시,43150605,화산동,4315010900,화산동,4315010900102050007,1,대지,205,7,충청북도 제천시 화산동 205-7,431502239002,충청북도 제천시 의림대로,28,,4315010900102050007021777,,충청북도 제천시 의림대로 28,390150,27184,,,,128.207009821241,37.1306738338299
MA010120220806390042,공유,,G2,소매,G216,안경·정밀기기 소매,G21601,사무기기 소매업,G47821,사무용 기기 소매업,31,울산광역시,31710,울주군,31710259,범서읍,3171025927,범서읍,3171025927108510001,1,대지,851,1,울산광역시 울주군 범서읍 구영리 851-1,317103173015,울산광역시 울주군 범서읍 구영로,82,,3171025927108510001003469,이프라자,울산광역시 울주군 범서읍 구영로 82,689852,44924,,,,129.240858023439,35.5751579652111
MA010120220806414396,제일ITS,,G2,소매,G216,안경·정밀기기 소매,G21601,사무기기 소매업,G47821,사무용 기기 소매업,51,강원특별자치도,51130,원주시,51130515,중앙동,5113010900,학성동,5113010900101270000,1,대지,127,,강원특별자치도 원주시 학성동 127,511304457549,강원특별자치도 원주시 정지길,250,,4213010900101270000000001,,강원특별자치도 원주시 정지길 250,220904,26332,,,,127.949697042328,37.3563665510922
MA010120220806429003,이원정보통신,,G2,소매,G216,안경·정밀기기 소매,G21601,사무기기 소매업,G47821,사무용 기기 소매업,43,충청북도,43111,청주시 상당구,43111330,가덕면,4311133028,가덕면,4311133028101220002,1,대지,122,2,충청북도 청주시 상당구 가덕면 계산리 122-2,431114520041,충청북도 청주시 상당구 가덕면 계산2길,37,,4371033029001220002068578,,충청북도 청주시 상당구 가덕면 계산2길 37,360851,28204,,,,127.55980871591,36.5559589280003
MA010120220806453801,모빌리티,코리아,G2,소매,G216,안경·정밀기기 소매,G21601,사무기기 소매업,G47821,사무용 기기 소매업,28,인천광역시,28200,남동구,28200690,논현1동,2820011000,논현동,2820011000101090073,1,대지,109,73,인천광역시 남동구 논현동 109-73,282003153068,인천광역시 남동구 장도로,24,,2820011000101090215000001,,인천광역시 남동구 장도로 24,405847,21669,,,,126.735981709228,37.4033947884245
MA010120220806495108,서울리싸이클,,G2,소매,G216,안경·정밀기기 소매,G21601,사무기기 소매업,G47821,사무용 기기 소매업,41,경기도,41273,안산시 단원구,41273570,초지동,4127310400,성곡동,4127310400107000013,1,대지,700,13,경기도 안산시 단원구 성곡동 700-13,412733191024,경기도 안산시 단원구 번영1로,58,,4127310400107000013033189,,경기도 안산시 단원구 번영1로 58,425853,15416,,,,126.736447411737,37.3187175148315
MA010120220806503535,L.S정보통신,,G2,소매,G216,안경·정밀기기 소매,G21601,사무기기 소매업,G47821,사무용 기기 소매업,52,전북특별자치도,52140,익산시,52140530,평화동,5214010600,평화동,5214010600102470001,1,대지,247,1,전북특별자치도 익산시 평화동 247-1,521402269001,전북특별자치도 익산시 익산대로,56,,4514010600102470000084968,고속버스터미널,전북특별자치도 익산시 익산대로 56,570010,54674,,2,,126.944704198957,35.9312078510827
MA010120220806498428,롯데캐논,여수점,G2,소매,G216,안경·정밀기기 소매,G21601,사무기기 소매업,G47821,사무용 기기 소매업,46,전라남도,46130,여수시,46130790,시전동,4613013300,신기동,4613013300100580007,1,대지,58,7,전라남도 여수시 신기동 58-7,461303282086,전라남도 여수시 흥국로,63,,4613013300100580007068332,,전라남도 여수시 흥국로 63,555802,59680,,,,127.669401307872,34.7624356154948
MA010120220806488730,에이스정보,,G2,소매,G216,안경·정밀기기 소매,G21601,사무기기 소매업,G47821,사무용 기기 소매업,52,전북특별자치도,52113,전주시 덕진구,52113560,인후3동,5211310300,인후동1가,5211310300108970002,1,대지,897,2,전북특별자치도 전주시 덕진구 인후동1가 897-2,521134601154,전북특별자치도 전주시 덕진구 무삼지3길,13,4,4511310300108970003034203,해광빌,전북특별자치도 전주시 덕진구 무삼지3길 13-4,561845,55024,,,,127.161376011986,35.8268644367387
MA010120220806523953,비즈메카,,G2,소매,G216,안경·정밀기기 소매,G21601,사무기기 소매업,M71531,경영 컨설팅업,41,경기도,41285,고양시 일산동구,41285590,장항2동,4128510400,장항동,4128510400108640002,1,대지,864,2,경기도 고양시 일산동구 장항동 864-2,412854379187,경기도 고양시 일산동구 중앙로1261번길,77,,4128510400108640002009173,메트로폴리스,경기도 고양시 일산동구 중앙로1261번길 77,410837,10402,,,,126.769786372264,37.6572139535205
MA010120220806521448,성동전산,,G2,소매,G216,안경·정밀기기 소매,G21601,사무기기 소매업,G47821,사무용 기기 소매업,11,서울특별시,11260,중랑구,11260565,면목본동,1126010100,면목동,1126010100100720029,1,대지,72,29,서울특별시 중랑구 면목동 72-29,112603005029,서울특별시 중랑구 겸재로,230,7,1126010100100720029020903,우측,서울특별시 중랑구 겸재로 230-7,131815,02199,,1,,127.093319573654,37.5891969688913
MA010120220807854032,고려OA상사,,G2,소매,G216,안경·정밀기기 소매,G21601,사무기기 소매업,G47821,사무용 기기 소매업,46,전라남도,46150,순천시,46150570,덕연동,4615011400,연향동,4615011400115180006,1,대지,1518,6,전라남도 순천시 연향동 1518-6,461504650104,전라남도 순천시 하대석길,8,,4615011400115180006010080,,전라남도 순천시 하대석길 8,540975,57987,,,,127.52512843798,34.943800295293
MA010120220807871390,디앤솔류션,,G2,소매,G216,안경·정밀기기 소매,G21601,사무기기 소매업,G47821,사무용 기기 소매업,46,전라남도,46150,순천시,46150620,중앙동,4615012200,동외동,4615012200100560142,1,대지,56,142,전라남도 순천시 동외동 56-142,461504649518,전라남도 순천시 성동2길,16,,4615012200100560142026495,,전라남도 순천시 성동2길 16,540945,57942,,,,127.489829715922,34.9537367380911
MA010120220807850919,현주디지털OA,,G2,소매,G216,안경·정밀기기 소매,G21601,사무기기 소매업,G47821,사무용 기기 소매업,46,전라남도,46730,구례군,46730250,구례읍,4673025022,구례읍,4673025022101550003,1,대지,155,3,전라남도 구례군 구례읍 봉남리 155-3,467303288009,전라남도 구례군 구례읍 봉성로,50,,4673025022101550003015543,,전라남도 구례군 구례읍 봉성로 50,542803,57642,,,,127.464647084932,35.2066945860708
MA010120220807852982,현대제일,,G2,소매,G216,안경·정밀기기 소매,G21601,사무기기 소매업,G47821,사무용 기기 소매업,46,전라남도,46150,순천시,46150580,풍덕동,4615011500,풍덕동,4615011500112640000,1,대지,1264,,전라남도 순천시 풍덕동 1264,461503283026,전라남도 순천시 장평로,60,,4615011500112640000006816,아랫장,전라남도 순천시 장평로 60,540972,57961,,,,127.496084036576,34.9451482521977
MA010120220807874080,후니시스템,,G2,소매,G216,안경·정밀기기 소매,G21601,사무기기 소매업,G47821,사무용 기기 소매업,41,경기도,41430,의왕시,41430550,내손2동,4143010700,내손동,4143010700106710003,1,대지,671,3,경기도 의왕시 내손동 671-3,414304403022,경기도 의왕시 내손중앙2길,64,,4143010700106710003002446,,경기도 의왕시 내손중앙2길 64,437809,16028,,,,126.98203472841,37.3859560742575
MA010120220807906938,여수OA랜드,,G2,소매,G216,안경·정밀기기 소매,G21601,사무기기 소매업,G47821,사무용 기기 소매업,46,전라남도,46130,여수시,46130800,여천동,4613013700,화장동,4613013700108470012,1,대지,847,12,전라남도 여수시 화장동 847-12,461303282013,전라남도 여수시 대통로,61,,4613013700108470012046691,,전라남도 여수시 대통로 61,555090,59638,,,,127.643212054767,34.7769180166773
MA010120220807910483,월드포스조회기,,G2,소매,G216,안경·정밀기기 소매,G21601,사무기기 소매업,G47821,사무용 기기 소매업,46,전라남도,46130,여수시,46130790,시전동,4613013300,신기동,4613013300100140002,1,대지,14,2,전라남도 여수시 신기동 14-2,461303282038,전라남도 여수시 새터로,99,,4613013300100140002063736,신기동,전라남도 여수시 새터로 99,555802,59681,,2,,127.676373235555,34.7641818511721
MA010120220807913024,한국정보,,G2,소매,G216,안경·정밀기기 소매,G21601,사무기기 소매업,G47821,사무용 기기 소매업,46,전라남도,46130,여수시,46130710,문수동,4613012000,문수동,4613012000104560005,1,대지,456,5,전라남도 여수시 문수동 456-5,461304646362,전라남도 여수시 문수7길,29,8,4613012000104560005056993,윤오피스텔,전라남도 여수시 문수7길 29-8,550817,59703,,1,,127.69488917531,34.7552709483844
MA010120220807881774,신영OA,,G2,소매,G216,안경·정밀기기 소매,G21601,사무기기 소매업,G47821,사무용 기기 소매업,46,전라남도,46230,광양시,46230250,광양읍,4623025023,광양읍,4623025023109060001,1,대지,906,1,전라남도 광양시 광양읍 칠성리 906-1,462303285061,전라남도 광양시 광양읍 인덕로,978,,4623025023109060001038961,,전라남도 광양시 광양읍 인덕로 978,545809,57755,,,,127.581939600016,34.969843516662
MA010120220807956007,잉크전산,,G2,소매,G216,안경·정밀기기 소매,G21601,사무기기 소매업,G47821,사무용 기기 소매업,41,경기도,41360,남양주시,41360256,화도읍,4136025626,화도읍,4136025626101740011,1,대지,174,11,경기도 남양주시 화도읍 답내리 174-11,413603000120,경기도 남양주시 화도읍 경춘로,2330,12,4136025626101740011000001,,경기도 남양주시 화도읍 경춘로 2330-12,472844,12191,,,,127.347335191707,37.6567470417448
MA010120220807971148,재우IT솔루션,,G2,소매,G216,안경·정밀기기 소매,G21601,사무기기 소매업,G47821,사무용 기기 소매업,52,전북특별자치도,52113,전주시 덕진구,52113665,여의동,5211313900,여의동2가,5211313900106520014,1,대지,652,14,전북특별자치도 전주시 덕진구 여의동2가 652-14,521134601443,전북특별자치도 전주시 덕진구 쪽구름3길,29,,4511312800106520014011969,,전북특별자치도 전주시 덕진구 쪽구름3길 29,561330,54847,,2,,127.078797026111,35.8730552020551
MA010120220807999355,제이미디어테크,,G2,소매,G216,안경·정밀기기 소매,G21601,사무기기 소매업,G47821,사무용 기기 소매업,52,전북특별자치도,52113,전주시 덕진구,52113665,여의동,5211313000,여의동,5211313000106390002,1,대지,639,2,전북특별자치도 전주시 덕진구 여의동 639-2,521132266001,전북특별자치도 전주시 덕진구 기린대로,1030,8,4511313000106390002034073,공영푸른솔,전북특별자치도 전주시 덕진구 기린대로 1030-8,561770,54850,,2,,127.073887468772,35.8686151448223
MA010120220807967129,미래OA상사,,G2,소매,G216,안경·정밀기기 소매,G21601,사무기기 소매업,G47821,사무용 기기 소매업,52,전북특별자치도,52111,전주시 완산구,52111730,효자5동,5211114200,효자동3가,5211114200115990004,1,대지,1599,4,전북특별자치도 전주시 완산구 효자동3가 1599-4,521113266086,전북특별자치도 전주시 완산구 황강서원로,34,,4511114200115990004000001,동화빌,전북특별자치도 전주시 완산구 황강서원로 34,560900,54960,,1,,127.100842790805,35.8285437206851
MA010120220807967459,삼성카드체크기전북정보통신,,G2,소매,G216,안경·정밀기기 소매,G21601,사무기기 소매업,G47821,사무용 기기 소매업,52,전북특별자치도,52113,전주시 덕진구,52113525,진북동,5211310200,진북동,5211310200109920010,1,대지,992,10,전북특별자치도 전주시 덕진구 진북동 992-10,521134601323,전북특별자치도 전주시 덕진구 어은골1길,11,,4511310200109920010000001,,전북특별자치도 전주시 덕진구 어은골1길 11,561856,54982,,,,127.129434176119,35.8249653707508
MA010120220807997820,홍길동정보통신,,G2,소매,G216,안경·정밀기기 소매,G21601,사무기기 소매업,G47821,사무용 기기 소매업,43,충청북도,43113,청주시 흥덕구,43113700,운천.신봉동,4311310400,운천동,4311310400113780000,1,대지,1378,,충청북도 청주시 흥덕구 운천동 1378,431133237098,충청북도 청주시 흥덕구 흥덕로,167,1,4311310400113780000014210,,충청북도 청주시 흥덕구 흥덕로 167-1,361842,28468,,1,,127.477175590847,36.6485943461818
MA010120220801295951,퍼스트오에이,,G2,소매,G216,안경·정밀기기 소매,G21601,사무기기 소매업,G47821,사무용 기기 소매업,41,경기도,41173,안양시 동안구,41173580,호계1동,4117310400,호계동,4117310400105550042,1,대지,555,42,경기도 안양시 동안구 호계동 555-42,411734349274,경기도 안양시 동안구 엘에스로116번길,25,32,4117310400105550042000001,안양SK,경기도 안양시 동안구 엘에스로116번길 25-32,431831,14118,,1,,126.9487884407,37.3740528286527
MA010120220801341100,대광IT,,G2,소매,G216,안경·정밀기기 소매,G21601,사무기기 소매업,G47821,사무용 기기 소매업,41,경기도,41115,수원시 팔달구,41115730,인계동,4111514100,인계동,4111514100109830017,1,대지,983,17,경기도 수원시 팔달구 인계동 983-17,411154328167,경기도 수원시 팔달구 세지로198번길,30,,4111514100109830017013467,,경기도 수원시 팔달구 세지로198번길 30,442833,16476,,1,,127.024476344858,37.2683521425233
MA010120220801313101,다우미디어,,G2,소매,G216,안경·정밀기기 소매,G21601,사무기기 소매업,G47821,사무용 기기 소매업,41,경기도,41173,안양시 동안구,41173580,호계1동,4117310400,호계동,4117310400105550009,1,대지,555,9,경기도 안양시 동안구 호계동 555-9,411733182030,경기도 안양시 동안구 엘에스로,92,,4117310400105550009005178,국제유통단지,경기도 안양시 동안구 엘에스로 92,431763,14117,,,,126.95173678756,37.3714771356516
MA010120220801339270,상은컴퓨터,,G2,소매,G216,안경·정밀기기 소매,G21601,사무기기 소매업,G47821,사무용 기기 소매업,41,경기도,41115,수원시 팔달구,41115710,우만1동,4111514000,우만동,4111514000104880003,1,대지,488,3,경기도 수원시 팔달구 우만동 488-3,411154328035,경기도 수원시 팔달구 경수대로680번길,29,,4111514000104880003018242,,경기도 수원시 팔달구 경수대로680번길 29,442819,16235,,,,127.02891414163,37.2867233490085
MA010120220801291465,벧엘정보통신,,G2,소매,G216,안경·정밀기기 소매,G21601,사무기기 소매업,G47821,사무용 기기 소매업,41,경기도,41173,안양시 동안구,41173559,인덕원동,4117310200,관양동,4117310200114840012,1,대지,1484,12,경기도 안양시 동안구 관양동 1484-12,411733183012,경기도 안양시 동안구 인덕원로,19,,4117310200114840013001669,,경기도 안양시 동안구 인덕원로 19,431810,13950,,2,,126.973831477795,37.4014791585323
MA010120220801337907,달마카사운드,,G2,소매,G216,안경·정밀기기 소매,G21601,사무기기 소매업,G45213,자동차 내장용 신품 전기ㆍ전자ㆍ정밀기기 판매업,41,경기도,41115,수원시 팔달구,41115730,인계동,4111514100,인계동,4111514100109960000,1,대지,996,,경기도 수원시 팔달구 인계동 996,411153175043,경기도 수원시 팔달구 장다리로,178,,4111514100109960000012079,,경기도 수원시 팔달구 장다리로 178,442833,16480,,,,127.024700996444,37.2658021479104
MA010120220801353178,신도제일사무기,,G2,소매,G216,안경·정밀기기 소매,G21601,사무기기 소매업,G47821,사무용 기기 소매업,41,경기도,41115,수원시 팔달구,41115730,인계동,4111514100,인계동,4111514100108750007,1,대지,875,7,경기도 수원시 팔달구 인계동 875-7,411153176010,경기도 수원시 팔달구 인계로,57,,4111514100108750007013424,,경기도 수원시 팔달구 인계로 57,442831,16474,,,,127.024228658345,37.2694334431564
MA010120220801376884,화성네트워크,,G2,소매,G216,안경·정밀기기 소매,G21601,사무기기 소매업,G47821,사무용 기기 소매업,41,경기도,41590,화성시,41590560,기배동,4159012400,기안동,4159012400103280001,1,대지,328,1,경기도 화성시 기안동 328-1,415903012007,경기도 화성시 효행로,229,9,4159012400003280001008900,광도와이드빌단지,경기도 화성시 효행로 229-9,445310,18337,,,,126.972798645591,37.2276693848245
MA010120220801374356,대명정보시스템,,G2,소매,G216,안경·정밀기기 소매,G21601,사무기기 소매업,G47821,사무용 기기 소매업,41,경기도,41111,수원시 장안구,41111560,파장동,4111112900,파장동,4111112900102660001,1,대지,266,1,경기도 수원시 장안구 파장동 266-1,411112012008,경기도 수원시 장안구 경수대로,1082,6,4111112900102660001048399,,경기도 수원시 장안구 경수대로 1082-6,440851,16205,,,,126.994596692758,37.3096581475857
MA010120220801384633,I&C,코리아,G2,소매,G216,안경·정밀기기 소매,G21601,사무기기 소매업,G47821,사무용 기기 소매업,41,경기도,41113,수원시 권선구,41113530,세류2동,4111312600,세류동,4111312600111070014,1,대지,1107,14,경기도 수원시 권선구 세류동 1107-14,411134325179,경기도 수원시 권선구 덕영대로1145번길,49,,4111312600111070014032183,,경기도 수원시 권선구 덕영대로1145번길 49,441879,16589,,,,127.017347609793,37.2534231252431
MA010120220801371804,신영사무기,,G2,소매,G216,안경·정밀기기 소매,G21601,사무기기 소매업,G47821,사무용 기기 소매업,41,경기도,41113,수원시 권선구,41113670,권선1동,4111313700,권선동,4111313700109640012,1,대지,964,12,경기도 수원시 권선구 권선동 964-12,411134325337,경기도 수원시 권선구 세지로112번길,34,,4111313700109640012022766,프라임빌,경기도 수원시 권선구 세지로112번길 34,441821,16569,,1,,127.021058249891,37.2611534739427
MA010120220801352133,카피랜드서수원,,G2,소매,G216,안경·정밀기기 소매,G21601,사무기기 소매업,G47821,사무용 기기 소매업,41,경기도,41113,수원시 권선구,41113560,서둔동,4111313300,탑동,4111313300100220033,1,대지,22,33,경기도 수원시 권선구 탑동 22-33,411134325258,경기도 수원시 권선구 서둔로251번길,5,,4111313300100220033026020,,경기도 수원시 권선구 서둔로251번길 5,441853,16605,,,,126.978419588101,37.2737589522892
MA010120220801358328,경기정보통신,,G2,소매,G216,안경·정밀기기 소매,G21601,사무기기 소매업,G47821,사무용 기기 소매업,41,경기도,41115,수원시 팔달구,41115730,인계동,4111514100,인계동,4111514100109570000,1,대지,957,,경기도 수원시 팔달구 인계동 957,411153175043,경기도 수원시 팔달구 장다리로,276,,4111514100109570000015058,동부프라자,경기도 수원시 팔달구 장다리로 276,442832,16481,,,,127.028221482657,37.2739647947496
MA010120220801390287,카피랜드,,G2,소매,G216,안경·정밀기기 소매,G21601,사무기기 소매업,G47821,사무용 기기 소매업,41,경기도,41117,수원시 영통구,41117520,매탄2동,4111710100,매탄동,4111710100112150004,1,대지,1215,4,경기도 수원시 영통구 매탄동 1215-4,411173177003,경기도 수원시 영통구 매영로,85,,4111710100112150004001398,성일코아,경기도 수원시 영통구 매영로 85,443807,16527,,,,127.052086786582,37.2681539959564
MA010120220801434020,제이솔루션,,G2,소매,G216,안경·정밀기기 소매,G21601,사무기기 소매업,G47821,사무용 기기 소매업,41,경기도,41115,수원시 팔달구,41115730,인계동,4111514100,인계동,4111514100109990010,1,대지,999,10,경기도 수원시 팔달구 인계동 999-10,411154328462,경기도 수원시 팔달구 효원로193번길,51,,4111514100109990010012003,,경기도 수원시 팔달구 효원로193번길 51,442833,16479,,3,,127.023900715764,37.2663159060197
MA010120220801397890,이지솔루션,,G2,소매,G216,안경·정밀기기 소매,G21601,사무기기 소매업,G47821,사무용 기기 소매업,41,경기도,41590,화성시,41590360,팔탄면,4159036026,팔탄면,4159036026105800015,1,대지,580,15,경기도 화성시 팔탄면 율암리 580-15,415904430695,경기도 화성시 팔탄면 서해로1121번길,3,,4159036026200460017006824,발안현대공구타운,경기도 화성시 팔탄면 서해로1121번길 3,445913,18529,,,,126.890963597662,37.1610976222046
MA010120220801411347,무한프린터,,G2,소매,G216,안경·정밀기기 소매,G21601,사무기기 소매업,G47821,사무용 기기 소매업,41,경기도,41463,용인시 기흥구,41463575,동백2동,4146311600,중동,4146311600108490002,1,대지,849,2,경기도 용인시 기흥구 중동 849-2,414633204027,경기도 용인시 기흥구 동백중앙로,191,,4146311600108490002017704,씨티프라자,경기도 용인시 기흥구 동백중앙로 191,446529,17006,,,,127.152951230692,37.2708869099097
MA010120220801389914,블루시스템,,G2,소매,G216,안경·정밀기기 소매,G21601,사무기기 소매업,G47821,사무용 기기 소매업,41,경기도,41115,수원시 팔달구,41115710,우만1동,4111514000,우만동,4111514000105550001,1,대지,555,1,경기도 수원시 팔달구 우만동 555-1,411154328394,경기도 수원시 팔달구 팔달문로140번길,16,,4111514000105550001016503,,경기도 수원시 팔달구 팔달문로140번길 16,442819,16240,,3,,127.031505755005,37.2817129104617
MA010120220801466145,평택OA시스템,,G2,소매,G216,안경·정밀기기 소매,G21601,사무기기 소매업,G47821,사무용 기기 소매업,41,경기도,41220,평택시,41220620,비전1동,4122011800,비전동,4122011800107990006,1,대지,799,6,경기도 평택시 비전동 799-6,412203188121,경기도 평택시 평택5로,260,,4122011800107990006015917,낙원빌딩,경기도 평택시 평택5로 260,450808,17881,,1,,127.097436355019,36.9997711808651
MA010120220801487919,원플러스,,G2,소매,G216,안경·정밀기기 소매,G21601,사무기기 소매업,G47821,사무용 기기 소매업,41,경기도,41550,안성시,41550250,공도읍,4155025025,공도읍,4155025025107520000,1,대지,752,,경기도 안성시 공도읍 용두리 752,415502012006,경기도 안성시 공도읍 서동대로,4081,,4155025025107520000005973,주은풍림아파트,경기도 안성시 공도읍 서동대로 4081,456714,17552,,,,127.159626853383,36.9981629894354
MA010120220801488136,나우테크,,G2,소매,G216,안경·정밀기기 소매,G21601,사무기기 소매업,G47821,사무용 기기 소매업,41,경기도,41220,평택시,41220570,신장1동,4122011200,신장동,4122011200100620002,1,대지,62,2,경기도 평택시 신장동 62-2,412203188015,경기도 평택시 목천로,74,13,4122011200100620002000001,,경기도 평택시 목천로 74-13,459821,17752,,,,127.055293074867,37.0887975245192
MA010120220801472852,한국부가통신,,G2,소매,G216,안경·정밀기기 소매,G21601,사무기기 소매업,G47821,사무용 기기 소매업,41,경기도,41220,평택시,41220590,신평동,4122011700,합정동,4122011700107560012,1,대지,756,12,경기도 평택시 합정동 756-12,412204364793,경기도 평택시 통미로47번길,7,,4122011700107560012017815,,경기도 평택시 통미로47번길 7,450831,17907,,,,127.098302839599,36.9921563181014
MA010120220801450416,신한오엔씨주,,G2,소매,G216,안경·정밀기기 소매,G21601,사무기기 소매업,G47821,사무용 기기 소매업,41,경기도,41113,수원시 권선구,41113520,세류1동,4111312600,세류동,4111312600112580000,1,대지,1258,,경기도 수원시 권선구 세류동 1258,411134853686,경기도 수원시 권선구 세류로90번길,31,,4111312600112580000000001,서안빌딩,경기도 수원시 권선구 세류로90번길 31,441111,16459,,5,,127.011161219557,37.266561073707
MA010120220801489222,J2시스템,,G2,소매,G216,안경·정밀기기 소매,G21601,사무기기 소매업,G47821,사무용 기기 소매업,41,경기도,41220,평택시,41220520,서정동,4122010100,서정동,4122010100105470003,1,대지,547,3,경기도 평택시 서정동 547-3,412203188103,경기도 평택시 탄현1로,102,,4122010100105470003005703,,경기도 평택시 탄현1로 102,459812,17771,,,,127.053636900039,37.0688846317752
MA010120220801482284,신도안중OA,,G2,소매,G216,안경·정밀기기 소매,G21601,사무기기 소매업,G47821,사무용 기기 소매업,41,경기도,41220,평택시,41220253,안중읍,4122025330,안중읍,4122025330108560012,1,대지,856,12,경기도 평택시 안중읍 현화리 856-12,412204364453,경기도 평택시 안중읍 안중로8번길,33,,4122025330108560012042890,,경기도 평택시 안중읍 안중로8번길 33,451885,17940,,,,126.92720554774,36.9829836433567
MA010120220801478458,신도아이티서비스,,G2,소매,G216,안경·정밀기기 소매,G21601,사무기기 소매업,G47821,사무용 기기 소매업,41,경기도,41220,평택시,41220510,중앙동,4122010900,이충동,4122010900103920001,1,대지,392,1,경기도 평택시 이충동 392-1,412204364688,경기도 평택시 정암로60번길,41,,4122010900103920001003945,유성빌딩,경기도 평택시 정암로60번길 41,459825,17782,,,,127.060012718612,37.0547527550973
MA010120220803140808,아이온,,G2,소매,G216,안경·정밀기기 소매,G21601,사무기기 소매업,G47821,사무용 기기 소매업,11,서울특별시,11680,강남구,11680580,삼성1동,1168010500,삼성동,1168010500100790000,1,대지,79,,서울특별시 강남구 삼성동 79,116803122011,서울특별시 강남구 학동로,608,,1168010500100790000014656,홍실상가,서울특별시 강남구 학동로 608,135866,06078,,,,127.059852341066,37.5208239571249
MA010120220803189266,스마트OA,,G2,소매,G216,안경·정밀기기 소매,G21601,사무기기 소매업,G47821,사무용 기기 소매업,31,울산광역시,31140,남구,31140585,삼호동,3114010100,무거동,3114010100114300002,1,대지,1430,2,울산광역시 남구 무거동 1430-2,311404310472,울산광역시 남구 삼호로23번길,10,3,3114010100114300002033864,,울산광역시 남구 삼호로23번길 10-3,680810,44635,,,,129.267276758106,35.5506321996096
MA010120220803187173,대전오에이,,G2,소매,G216,안경·정밀기기 소매,G21601,사무기기 소매업,G47821,사무용 기기 소매업,30,대전광역시,30140,중구,30140670,오류동,3014011300,오류동,3014011300101890032,1,대지,189,32,대전광역시 중구 오류동 189-32,301402010003,대전광역시 중구 동서대로,1299,,3014011300101890032010327,신도리코빌딩,대전광역시 중구 동서대로 1299,301829,34872,,3,,127.403859908851,36.3284423655579
MA010120220803170069,제일IT시스템,,G2,소매,G216,안경·정밀기기 소매,G21601,사무기기 소매업,G47821,사무용 기기 소매업,52,전북특별자치도,52113,전주시 덕진구,52113570,덕진동,5211310500,덕진동1가,5211310500112670022,1,대지,1267,22,전북특별자치도 전주시 덕진구 덕진동1가 1267-22,521132266001,전북특별자치도 전주시 덕진구 기린대로,465,,4511310500112670022020384,,전북특별자치도 전주시 덕진구 기린대로 465,561810,54893,,,,127.126040720022,35.8414710143236
MA010120220803175437,주은OA,,G2,소매,G216,안경·정밀기기 소매,G21601,사무기기 소매업,G47821,사무용 기기 소매업,43,충청북도,43112,청주시 서원구,43112570,수곡1동,4311210700,수곡동,4311210700101550011,1,대지,155,11,충청북도 청주시 서원구 수곡동 155-11,431124511159,충청북도 청주시 서원구 구룡산로337번길,13,7,4311310900101550011018333,,충청북도 청주시 서원구 구룡산로337번길 13-7,362836,28681,,1,,127.481420145068,36.6190292550278
MA010120220803222202,토탈이엔지,,G2,소매,G216,안경·정밀기기 소매,G21601,사무기기 소매업,G47821,사무용 기기 소매업,52,전북특별자치도,52800,부안군,52800250,부안읍,5280025022,부안읍,5280025022100290006,1,대지,29,6,전북특별자치도 부안군 부안읍 서외리 29-6,528004640457,전북특별자치도 부안군 부안읍 오정1길,34,,4580025022100290006030420,,전북특별자치도 부안군 부안읍 오정1길 34,579803,56313,,,,126.733284247525,35.7260506870156
MA010120220803251064,엔지니어장,,G2,소매,G216,안경·정밀기기 소매,G21601,사무기기 소매업,G47821,사무용 기기 소매업,41,경기도,41135,성남시 분당구,41135620,야탑1동,4113510700,야탑동,4113510700103780007,1,대지,378,7,경기도 성남시 분당구 야탑동 378-7,411354340363,경기도 성남시 분당구 장미로100번길,15,34,4113510700103780007028111,,경기도 성남시 분당구 장미로100번길 15-34,463827,13505,,1,,127.132557338306,37.4131930878905
MA010120220803291050,신성정보통신,,G2,소매,G216,안경·정밀기기 소매,G21601,사무기기 소매업,G47821,사무용 기기 소매업,41,경기도,41390,시흥시,41390597,배곧2동,4139013500,배곧동,4139013500102340000,1,대지,234,,경기도 시흥시 배곧동 234,413904853127,경기도 시흥시 서울대학로264번길,74,,4139013200117710001000009,배곧헤리움어반크로스1차,경기도 시흥시 서울대학로264번길 74,,15011,,,,126.728288936223,37.366201232418
MA010120220804746674,오케이컴퓨터,,G2,소매,G216,안경·정밀기기 소매,G21601,사무기기 소매업,G47821,사무용 기기 소매업,51,강원특별자치도,51210,속초시,51210600,대포동,5121011200,설악동,5121011200102460036,1,대지,246,36,강원특별자치도 속초시 설악동 246-36,512104469267,강원특별자치도 속초시 청봉로5길,46,,4221011200102460036017392,,강원특별자치도 속초시 청봉로5길 46,217100,24904,,,,128.526587065637,38.1664759207384
MA010120220804729869,프린팅솔루션,,G2,소매,G216,안경·정밀기기 소매,G21601,사무기기 소매업,G47821,사무용 기기 소매업,48,경상남도,48310,거제시,48310570,장평동,4831010800,장평동,4831010800101190012,1,대지,119,12,경상남도 거제시 장평동 119-12,483103337046,경상남도 거제시 장평4로,4,,4831010800101190012000001,프린팅솔루션,경상남도 거제시 장평4로 4,656925,53270,,1,,128.603086609886,34.888356291879
MA010120220804733618,백제정보통신,,G2,소매,G216,안경·정밀기기 소매,G21601,사무기기 소매업,G47821,사무용 기기 소매업,44,충청남도,44760,부여군,44760250,부여읍,4476025031,부여읍,4476025031105450014,1,대지,545,14,충청남도 부여군 부여읍 쌍북리 545-14,447603259115,충청남도 부여군 부여읍 성왕로,287,,4476025031105450014017619,,충청남도 부여군 부여읍 성왕로 287,323808,33134,,2,,126.919100315499,36.2836954664988
MA010120220804749106,성원카드포스,,G2,소매,G216,안경·정밀기기 소매,G21601,사무기기 소매업,G47821,사무용 기기 소매업,51,강원특별자치도,51210,속초시,51210560,교동,5121010500,청학동,5121010500104870089,1,대지,487,89,강원특별자치도 속초시 청학동 487-89,512103223024,강원특별자치도 속초시 번영로,60,16,4221010500104870089015066,,강원특별자치도 속초시 번영로 60-16,217800,24830,,,,128.585124816862,38.2050840309602
MA010120220804723627,제이디클라우드,,G2,소매,G216,안경·정밀기기 소매,G21601,사무기기 소매업,G47821,사무용 기기 소매업,11,서울특별시,11560,영등포구,11560720,대림3동,1156013300,대림동,1156013300107770001,1,대지,777,1,서울특별시 영등포구 대림동 777-1,115604154162,서울특별시 영등포구 대림로31길,40,,1156013300107770001001021,신동아상가,서울특별시 영등포구 대림로31길 40,150764,07411,,1,,126.894640217412,37.4958703460619
MA010120220804830581,블루사무기기,,G2,소매,G216,안경·정밀기기 소매,G21601,사무기기 소매업,G47821,사무용 기기 소매업,41,경기도,41650,포천시,41650510,포천동,4165010100,신읍동,4165010100100130055,1,대지,13,55,경기도 포천시 신읍동 13-55,416503213059,경기도 포천시 중앙로,181,,4165010100100130016035723,,경기도 포천시 중앙로 181,487804,11144,,,,127.207129556504,37.9015615632691
MA010120220804818586,블랙박스서비스센터,,G2,소매,G216,안경·정밀기기 소매,G21601,사무기기 소매업,G45219,기타 자동차 신품 부품 및 내장품 판매업,28,인천광역시,28177,미추홀구,28177690,주안8동,2817710500,주안동,2817710500114860021,1,대지,1486,21,인천광역시 미추홀구 주안동 1486-21,281772008004,인천광역시 미추홀구 인주대로,428,1,2817010600114860021048616,,인천광역시 미추홀구 인주대로 428-1,402858,22227,,,,126.68415606352,37.4507781576258
MA010120220804808392,비.알,,G2,소매,G216,안경·정밀기기 소매,G21601,사무기기 소매업,G47821,사무용 기기 소매업,41,경기도,41220,평택시,41220630,비전2동,4122011800,비전동,4122011800111040000,1,대지,1104,,경기도 평택시 비전동 1104,412203198035,경기도 평택시 비전5로,10,,4122011800111040000000001,,경기도 평택시 비전5로 10,450152,17854,,,,127.112545810942,36.9991811238926
MA010120220804808788,제일정보통신,,G2,소매,G216,안경·정밀기기 소매,G21601,사무기기 소매업,G47821,사무용 기기 소매업,52,전북특별자치도,52710,완주군,52710330,이서면,5271033024,이서면,5271033024106640006,1,대지,664,6,전북특별자치도 완주군 이서면 갈산리 664-6,527103016079,전북특별자치도 완주군 이서면 안전로,151,,4571033024106640006000001,대산빌딩,전북특별자치도 완주군 이서면 안전로 151,565851,55365,,5,,127.058219162949,35.8375394490168
MA010120220804876906,한빛씨앤에스,,G2,소매,G216,안경·정밀기기 소매,G21601,사무기기 소매업,G47821,사무용 기기 소매업,50,제주특별자치도,50110,제주시,50110570,용담1동,5011010800,용담일동,5011010800102280031,1,대지,228,31,제주특별자치도 제주시 용담일동 228-31,501103349152,제주특별자치도 제주시 용담로,133,,5011010800102280031019766,,제주특별자치도 제주시 용담로 133,690819,63154,,1,,126.515557181283,33.5094079083592
MA010120220806229266,제이컴퍼니,,G2,소매,G216,안경·정밀기기 소매,G21601,사무기기 소매업,G47821,사무용 기기 소매업,30,대전광역시,30110,동구,30110740,산내동,3011013600,낭월동,3011013600108190000,1,대지,819,,대전광역시 동구 낭월동 819,301103164034,대전광역시 동구 석천로,43,6,3011013600108190000000001,상가,대전광역시 동구 석천로 43-6,300220,34706,,1,,127.466735167192,36.2752150272933
MA010120220806234703,코앤드시스템,,G2,소매,G216,안경·정밀기기 소매,G21601,사무기기 소매업,G47821,사무용 기기 소매업,30,대전광역시,30170,서구,30170593,도안동,3017011500,도안동,3017011500116280000,1,대지,1628,,대전광역시 서구 도안동 1628,301703166056,대전광역시 서구 원도안로,30,,3017011400108960000000001,,대전광역시 서구 원도안로 30,302318,35368,,,,127.34865636338,36.3067715202159
MA010120220806232487,아이누리사무기기,,G2,소매,G216,안경·정밀기기 소매,G21601,사무기기 소매업,G47821,사무용 기기 소매업,30,대전광역시,30170,서구,30170581,갈마1동,3017011100,갈마동,3017011100103790004,1,대지,379,4,대전광역시 서구 갈마동 379-4,301703166004,대전광역시 서구 갈마로,72,,3017011100103790004006877,,대전광역시 서구 갈마로 72,302807,35281,,,,127.369194528467,36.3459832375413
MA010120220806237407,티엔케이네트워크,,G2,소매,G216,안경·정밀기기 소매,G21601,사무기기 소매업,G47821,사무용 기기 소매업,30,대전광역시,30170,서구,30170555,탄방동,3017010600,탄방동,3017010600100830008,1,대지,83,8,대전광역시 서구 탄방동 83-8,301703010024,대전광역시 서구 계룡로,625,,3017010600100830008023695,행복빌딩,대전광역시 서구 계룡로 625,302857,35264,,,,127.39206582107,36.3396021593274
MA010120220806237820,스마트오에이,,G2,소매,G216,안경·정밀기기 소매,G21601,사무기기 소매업,G47821,사무용 기기 소매업,30,대전광역시,30170,서구,30170575,내동,3017011000,내동,3017011000100200028,1,대지,20,28,대전광역시 서구 내동 20-28,301704298259,대전광역시 서구 도솔로267번길,31,,3017011000100200028011056,,대전광역시 서구 도솔로267번길 31,302817,35289,,,,127.377704324506,36.3342503601356
MA010120220806219359,첨단O.A,,G2,소매,G216,안경·정밀기기 소매,G21601,사무기기 소매업,G47821,사무용 기기 소매업,30,대전광역시,30170,서구,30170586,월평1동,3017011300,월평동,3017011300106250000,1,대지,625,,대전광역시 서구 월평동 625,301704298607,대전광역시 서구 한밭대로612번길,24,,3017011300106250000020636,,대전광역시 서구 한밭대로612번길 24,302852,35223,,,,127.366482215766,36.3567245834279
MA010120220806211956,멀티클릭,,G2,소매,G216,안경·정밀기기 소매,G21601,사무기기 소매업,G47821,사무용 기기 소매업,30,대전광역시,30170,서구,30170555,탄방동,3017010600,탄방동,3017010600114100000,1,대지,1410,,대전광역시 서구 탄방동 1410,301704298276,대전광역시 서구 도솔로483번길,30,,3017010600114100000023197,,대전광역시 서구 도솔로483번길 30,302861,35253,,,,127.398565122795,36.3428429172177
MA010120220806222296,세븐재생토너,,G2,소매,G216,안경·정밀기기 소매,G21601,사무기기 소매업,G47821,사무용 기기 소매업,30,대전광역시,30170,서구,30170581,갈마1동,3017011100,갈마동,3017011100103910012,1,대지,391,12,대전광역시 서구 갈마동 391-12,301704298062,대전광역시 서구 계룡로354번길,200,,3017011100103910012005839,,대전광역시 서구 계룡로354번길 200,302807,35281,,2,,127.367427956331,36.3446008709558
MA010120220806222680,본정보시스템,,G2,소매,G216,안경·정밀기기 소매,G21601,사무기기 소매업,G47821,사무용 기기 소매업,30,대전광역시,30170,서구,30170570,가장동,3017010900,가장동,3017010900100520001,1,대지,52,1,대전광역시 서구 가장동 52-1,301704298237,대전광역시 서구 도산로314번길,19,,3017010900100520001008474,,대전광역시 서구 도산로314번길 19,302804,35312,,2,,127.388827168584,36.3334306674617
MA010120220806241557,으뜸종합오에이,,G2,소매,G216,안경·정밀기기 소매,G21601,사무기기 소매업,G47821,사무용 기기 소매업,44,충청남도,44133,천안시 서북구,44133530,쌍용1동,4413310700,쌍용동,4413310700108290000,1,대지,829,,충청남도 천안시 서북구 쌍용동 829,441334550224,충청남도 천안시 서북구 봉서7길,20,,4413310700108290000055168,,충청남도 천안시 서북구 봉서7길 20,331949,31149,,,,127.131349748996,36.8079671720103
MA010120220806251125,에이치피씨유통사업부주,코리아,G2,소매,G216,안경·정밀기기 소매,G21601,사무기기 소매업,G47821,사무용 기기 소매업,30,대전광역시,30170,서구,30170650,만년동,3017012800,만년동,3017012800103010000,1,대지,301,,대전광역시 서구 만년동 301,301702010001,대전광역시 서구 대덕대로,408,,3017012800103010000019328,테크노월드,대전광역시 서구 대덕대로 408,302834,35203,,7,,127.380013351134,36.3693437977204
MA010120220806209525,스마트상사,,G2,소매,G216,안경·정밀기기 소매,G21601,사무기기 소매업,G47821,사무용 기기 소매업,30,대전광역시,30200,유성구,30200520,진잠동,3020010100,원내동,3020010100103060003,1,대지,306,3,대전광역시 유성구 원내동 306-3,302004301429,대전광역시 유성구 진잠로78번길,16,,3020010100103060003019851,,대전광역시 유성구 진잠로78번길 16,305808,34230,,1,,127.316980345902,36.2986859631077
MA010120220806266039,나이스체크기,,G2,소매,G216,안경·정밀기기 소매,G21601,사무기기 소매업,G47821,사무용 기기 소매업,43,충청북도,43111,청주시 상당구,43111670,영운동,4311111900,영운동,4311111900100660017,1,대지,66,17,충청북도 청주시 상당구 영운동 66-17,431114508411,충청북도 청주시 상당구 수영로156번길,45,6,4311111900100660017040734,,충청북도 청주시 상당구 수영로156번길 45-6,360090,28742,,,,127.504125687522,36.6192327287335
MA010120220806267776,충북KIS정보통신,,G2,소매,G216,안경·정밀기기 소매,G21601,사무기기 소매업,G47821,사무용 기기 소매업,43,충청북도,43111,청주시 상당구,43111720,용암1동,4311112400,용암동,4311112400121810000,1,대지,2181,,충청북도 청주시 상당구 용암동 2181,431113236048,충청북도 청주시 상당구 원봉로,90,,4311112400121810000030863,,충청북도 청주시 상당구 원봉로 90,360812,28766,,,,127.506546930548,36.6168254540908
MA010120220806288652,남양정보통신,,G2,소매,G216,안경·정밀기기 소매,G21601,사무기기 소매업,G47821,사무용 기기 소매업,44,충청남도,44210,서산시,44210535,동문2동,4421010200,동문동,4421010200102730000,1,대지,273,,충청남도 서산시 동문동 273,442103254182,충청남도 서산시 한마음3로,43,,4421010200102730000041356,,충청남도 서산시 한마음3로 43,356801,31991,,,,126.458781638914,36.7774412733949
MA010120220806290255,세한솔루션,,G2,소매,G216,안경·정밀기기 소매,G21601,사무기기 소매업,G47821,사무용 기기 소매업,44,충청남도,44210,서산시,44210525,동문1동,4421010200,동문동,4421010200106590038,1,대지,659,38,충청남도 서산시 동문동 659-38,442103254072,충청남도 서산시 서령로,80,,4421010200106590038029204,,충청남도 서산시 서령로 80,356802,31968,,,,126.457422611883,36.789077343833
MA010120220806264090,대영정보통신,,G2,소매,G216,안경·정밀기기 소매,G21601,사무기기 소매업,G47821,사무용 기기 소매업,43,충청북도,43745,증평군,43745250,증평읍,4374525026,증평읍,4374525026107970000,1,대지,797,,충청북도 증평군 증평읍 창동리 797,437453244026,충청북도 증평군 증평읍 중앙로,161,,4374525026107990000008656,,충청북도 증평군 증평읍 중앙로 161,368908,27929,,,,127.57814538113,36.781223382755
MA010120220806270823,대원O.A,,G2,소매,G216,안경·정밀기기 소매,G21601,사무기기 소매업,G47821,사무용 기기 소매업,43,충청북도,43750,진천군,43750370,광혜원면,4375037027,광혜원면,4375037027105290149,1,대지,529,149,충청북도 진천군 광혜원면 광혜원리 529-149,437504535432,충청북도 진천군 광혜원면 화랑길,109,,4375037027105290149000001,,충청북도 진천군 광혜원면 화랑길 109,365833,27802,,,,127.437429858094,36.9911117376567
MA010120220806292293,프러스상사서부지사,,G2,소매,G216,안경·정밀기기 소매,G21601,사무기기 소매업,G47821,사무용 기기 소매업,44,충청남도,44210,서산시,44210525,동문1동,4421010200,동문동,4421010200104340010,1,대지,434,10,충청남도 서산시 동문동 434-10,442104562155,충청남도 서산시 대사동14길,4,,4421010200104340010031769,,충청남도 서산시 대사동14길 4,356802,31976,,1,,126.457409905864,36.7861126565114
MA010120220806289265,신도리코태안OA,,G2,소매,G216,안경·정밀기기 소매,G21601,사무기기 소매업,G47821,사무용 기기 소매업,44,충청남도,44825,태안군,44825250,태안읍,4482525022,태안읍,4482525022107140004,1,대지,714,4,충청남도 태안군 태안읍 남문리 714-4,448253258001,충청남도 태안군 태안읍 군청로,2,,4482525022107140004007319,,충청남도 태안군 태안읍 군청로 2,357901,32144,,1,,126.299274354128,36.746079402156
MA010120220806290973,롯데캐논태안,대리점,G2,소매,G216,안경·정밀기기 소매,G21601,사무기기 소매업,G47821,사무용 기기 소매업,44,충청남도,44825,태안군,44825250,태안읍,4482525022,태안읍,4482525022102380000,1,대지,238,,충청남도 태안군 태안읍 남문리 238,448254592008,충청남도 태안군 태안읍 경이정1길,39,,4482525022102380000004913,,충청남도 태안군 태안읍 경이정1길 39,357901,32142,,,,126.296227047209,36.7560726480005
MA010120220806266923,서원정보,,G2,소매,G216,안경·정밀기기 소매,G21601,사무기기 소매업,G47821,사무용 기기 소매업,43,충청북도,43113,청주시 흥덕구,43113700,운천.신봉동,4311310400,운천동,4311310400109670001,1,대지,967,1,충청북도 청주시 흥덕구 운천동 967-1,431133236058,충청북도 청주시 흥덕구 직지대로,751,,4311310400109670001015744,,충청북도 청주시 흥덕구 직지대로 751,361841,28470,,1,,127.475963372179,36.644237740895
MA010120220806294538,현대금융OA,,G2,소매,G216,안경·정밀기기 소매,G21601,사무기기 소매업,G47821,사무용 기기 소매업,44,충청남도,44210,서산시,44210540,수석동,4421010700,석림동,4421010700103020136,1,대지,302,136,충청남도 서산시 석림동 302-136,442103254080,충청남도 서산시 석림4로,12,,4421010700103020136000001,,충청남도 서산시 석림4로 12,356817,32003,,,,126.470062162849,36.7692559524143
MA010120220806288482,컴퓨터119,,G2,소매,G216,안경·정밀기기 소매,G21601,사무기기 소매업,G47821,사무용 기기 소매업,44,충청남도,44825,태안군,44825360,이원면,4482536025,이원면,4482536025102270002,1,대지,227,2,충청남도 태안군 이원면 사창리 227-2,448253264031,충청남도 태안군 이원면 원이로,1223,,4482536025102270002031593,,충청남도 태안군 이원면 원이로 1223,357923,32104,,,,126.27773193825,36.8509999749399
MA010120220806298922,SK정보통신,,G2,소매,G216,안경·정밀기기 소매,G21601,사무기기 소매업,G47821,사무용 기기 소매업,44,충청남도,44210,서산시,44210535,동문2동,4421010200,동문동,4421010200110340000,1,대지,1034,,충청남도 서산시 동문동 1034,442103254182,충청남도 서산시 한마음3로,27,3,4421010200110340000039864,,충청남도 서산시 한마음3로 27-3,356804,31991,,,,126.457533557015,36.7765164618126
MA010120220806310987,신도리코삼성사주,,G2,소매,G216,안경·정밀기기 소매,G21601,사무기기 소매업,G47821,사무용 기기 소매업,44,충청남도,44210,서산시,44210535,동문2동,4421010200,동문동,4421010200110120010,1,대지,1012,10,충청남도 서산시 동문동 1012-10,442103254105,충청남도 서산시 안견로,247,,4421010200110120010039352,,충청남도 서산시 안견로 247,356804,31991,,,,126.456170054514,36.7776636504423
MA010120220806300087,케이에스정보통신충남,,G2,소매,G216,안경·정밀기기 소매,G21601,사무기기 소매업,G47821,사무용 기기 소매업,44,충청남도,44210,서산시,44210510,부춘동,4421010100,읍내동,4421010100100820004,1,대지,82,4,충청남도 서산시 읍내동 82-4,442103254008,충청남도 서산시 고운로,80,,4421010100100820008038625,,충청남도 서산시 고운로 80,356805,31984,,1,,126.447359970849,36.7784250316407
MA010120220806325092,다나정보,,G2,소매,G216,안경·정밀기기 소매,G21601,사무기기 소매업,G47821,사무용 기기 소매업,43,충청북도,43111,청주시 상당구,43111720,용암1동,4311112400,용암동,4311112400128120000,1,대지,2812,,충청북도 청주시 상당구 용암동 2812,431114508725,충청북도 청주시 상당구 호미로167번길,30,,4311112400128120000041823,,충청북도 청주시 상당구 호미로167번길 30,360812,28762,,1,,127.516435784794,36.6229106864146
MA010120220806365529,케이엔씨,,G2,소매,G216,안경·정밀기기 소매,G21601,사무기기 소매업,G47821,사무용 기기 소매업,11,서울특별시,11740,강동구,11740570,암사1동,1174010700,암사동,1174010700104600015,1,대지,460,15,서울특별시 강동구 암사동 460-15,117403124001,서울특별시 강동구 고덕로,56,,1174010700104600015015806,,서울특별시 강동구 고덕로 56,134858,05252,,3,,127.131517206902,37.5545804195708
MA010120220806376775,지니포스밴,,G2,소매,G216,안경·정밀기기 소매,G21601,사무기기 소매업,G47821,사무용 기기 소매업,51,강원특별자치도,51130,원주시,51130590,단계동,5113011000,단계동,5113011000100940030,1,대지,94,30,강원특별자치도 원주시 단계동 94-30,511304457474,강원특별자치도 원주시 원문로100번길,29,,4213011000100940030000001,서전팰리스,강원특별자치도 원주시 원문로100번길 29,220935,26408,,3,,127.935327261434,37.358976814638
MA010120220807694329,정성OA,,G2,소매,G216,안경·정밀기기 소매,G21601,사무기기 소매업,G47821,사무용 기기 소매업,46,전라남도,46110,목포시,46110510,용당1동,4611010200,산정동,4611010200110400491,1,대지,1040,491,전라남도 목포시 산정동 1040-491,461104643422,전라남도 목포시 신촌로13번길,2,,4611010200110400491000442,,전라남도 목포시 신촌로13번길 2,530807,58653,,,,126.388131281988,34.8063839819142
MA010120220807691416,전남사무기,,G2,소매,G216,안경·정밀기기 소매,G21601,사무기기 소매업,G47821,사무용 기기 소매업,46,전라남도,46110,목포시,46110758,신흥동,4611015800,상동,4611015800109320001,1,대지,932,1,전라남도 목포시 상동 932-1,461103281072,전라남도 목포시 입암로,16,,4611015800109320001042942,,전라남도 목포시 입암로 16,530826,58697,,,,126.417029023188,34.8013067651717
MA010120220807699870,무림오피스웨이,목포점,G2,소매,G216,안경·정밀기기 소매,G21601,사무기기 소매업,G47821,사무용 기기 소매업,46,전라남도,46110,목포시,46110750,이로동,4611015900,용해동,4611015900101700053,1,대지,170,53,전라남도 목포시 용해동 170-53,461103281037,전라남도 목포시 삼학로,282,,4611015900101700053004429,,전라남도 목포시 삼학로 282,530840,58699,,2,,126.40891611121,34.7958141830154
MA010120220807713652,인뱅크,,G2,소매,G216,안경·정밀기기 소매,G21601,사무기기 소매업,G47821,사무용 기기 소매업,28,인천광역시,28177,미추홀구,28177520,숭의1.3동,2817710100,숭의동,2817710100103530001,1,대지,353,1,인천광역시 미추홀구 숭의동 353-1,281774253508,인천광역시 미추홀구 인주대로11번길,49,,2817010100103530018013471,,인천광역시 미추홀구 인주대로11번길 49,402816,22174,,2,,126.640678851342,37.4626644080301
MA010120220807693751,디지털정보통신,,G2,소매,G216,안경·정밀기기 소매,G21601,사무기기 소매업,G47821,사무용 기기 소매업,46,전라남도,46840,무안군,46840250,무안읍,4684025024,무안읍,4684025024100660002,1,대지,66,2,전라남도 무안군 무안읍 교촌리 66-2,468403296010,전라남도 무안군 무안읍 무안중앙로,104,,4684025024100660002056310,,전라남도 무안군 무안읍 무안중앙로 104,534802,58522,,,,126.470911545297,34.9927728376412
MA010120220807738853,아이에스정보통신,,G2,소매,G216,안경·정밀기기 소매,G21601,사무기기 소매업,G47821,사무용 기기 소매업,46,전라남도,46170,나주시,46170540,금남동,4617010900,보산동,4617010900101950000,1,대지,195,,전라남도 나주시 보산동 195,461703281095,전라남도 나주시 영산로,5087,,4617010900101950000005028,,전라남도 나주시 영산로 5087,520210,58263,,,,126.691389129224,35.0249915677442
MA010120220807740919,동방사무기,,G2,소매,G216,안경·정밀기기 소매,G21601,사무기기 소매업,G47821,사무용 기기 소매업,46,전라남도,46170,나주시,46170600,이창동,4617012800,이창동,4617012800107360011,1,대지,736,11,전라남도 나주시 이창동 736-11,461704652592,전라남도 나주시 풍물시장2길,27,10,4617012800107360011000001,,전라남도 나주시 풍물시장2길 27-10,520952,58274,,,,126.707694169813,34.9941597395191
MA010120220807771477,미래정보시스템,,G2,소매,G216,안경·정밀기기 소매,G21601,사무기기 소매업,G47821,사무용 기기 소매업,41,경기도,41590,화성시,41590256,우정읍,4159025632,우정읍,4159025632108100004,1,대지,810,4,경기도 화성시 우정읍 조암리 810-4,415904848172,경기도 화성시 우정읍 조암북로68번길,12,1,4159025632108100004000001,,경기도 화성시 우정읍 조암북로68번길 12-1,445955,18565,,,,126.821948184426,37.0851806126386
MA010120220807737480,영암사무기,,G2,소매,G216,안경·정밀기기 소매,G21601,사무기기 소매업,G47821,사무용 기기 소매업,46,전라남도,46830,영암군,46830250,영암읍,4683025026,영암읍,4683025026101600002,1,대지,160,2,전라남도 영암군 영암읍 역리 160-2,468303295123,전라남도 영암군 영암읍 중앙로,80,,4683025026101600002017694,,전라남도 영암군 영암읍 중앙로 80,526804,58416,,,,126.699682881024,34.8029634828296
MA010120220807740014,모닝닷컴,,G2,소매,G216,안경·정밀기기 소매,G21601,사무기기 소매업,G47821,사무용 기기 소매업,46,전라남도,46170,나주시,46170620,빛가람동,4617013400,빛가람동,4617013400102030002,1,대지,203,2,전라남도 나주시 빛가람동 203-2,461704685290,전라남도 나주시 상야4길,22,,4617013400102030002000001,대양스퀘어,전라남도 나주시 상야4길 22,520350,58217,,,,126.791733669674,35.0227625237032
MA010120220807744480,우리사무기,,G2,소매,G216,안경·정밀기기 소매,G21601,사무기기 소매업,G47821,사무용 기기 소매업,46,전라남도,46860,함평군,46860250,함평읍,4686025022,함평읍,4686025022103780021,1,대지,378,21,전라남도 함평군 함평읍 기각리 378-21,468604691212,전라남도 함평군 함평읍 영수길,274,,4686025022103780021000001,,전라남도 함평군 함평읍 영수길 274,525802,57146,,,,126.524608324097,35.0658706128699
MA010120220807789481,신도강진OA,,G2,소매,G216,안경·정밀기기 소매,G21601,사무기기 소매업,G47821,사무용 기기 소매업,46,전라남도,46810,강진군,46810250,강진읍,4681025022,강진읍,4681025022100230009,1,대지,23,9,전라남도 강진군 강진읍 남성리 23-9,468103293031,전라남도 강진군 강진읍 영랑로,4,,4681025022100230009607089,,전라남도 강진군 강진읍 영랑로 4,527802,59233,,,,126.770160450506,34.6365611549928
MA010120220807824003,조은오에이,,G2,소매,G216,안경·정밀기기 소매,G21601,사무기기 소매업,G47821,사무용 기기 소매업,41,경기도,41173,안양시 동안구,41173580,호계1동,4117310400,호계동,4117310400105550009,1,대지,555,9,경기도 안양시 동안구 호계동 555-9,411733182030,경기도 안양시 동안구 엘에스로,92,,4117310400105550009005178,국제유통단지,경기도 안양시 동안구 엘에스로 92,431763,14117,,4,,126.95173678756,37.3714771356516
MA010120220807812694,강진종합사무기,,G2,소매,G216,안경·정밀기기 소매,G21601,사무기기 소매업,G47821,사무용 기기 소매업,46,전라남도,46810,강진군,46810250,강진읍,4681025022,강진읍,4681025022100770007,1,대지,77,7,전라남도 강진군 강진읍 남성리 77-7,468104679264,전라남도 강진군 강진읍 연지길,25,,4681025022100770007605136,,전라남도 강진군 강진읍 연지길 25,527802,59229,,,,126.769318698266,34.6412109676504
MA010120220807828501,강변,,G2,소매,G216,안경·정밀기기 소매,G21601,사무기기 소매업,G47821,사무용 기기 소매업,41,경기도,41450,하남시,41450560,덕풍3동,4145010800,덕풍동,4145010800108310001,1,대지,831,1,경기도 하남시 덕풍동 831-1,414502000019,경기도 하남시 미사대로,520,,4145010800100070000000001,한강미사2차,경기도 하남시 미사대로 520,465013,12925,,1,,127.204604101691,37.55889127082
MA010120220807812044,첨단사무기,,G2,소매,G216,안경·정밀기기 소매,G21601,사무기기 소매업,G47821,사무용 기기 소매업,46,전라남도,46820,해남군,46820250,해남읍,4682025021,해남읍,4682025021106870003,1,대지,687,3,전라남도 해남군 해남읍 해리 687-3,468204682043,전라남도 해남군 해남읍 교육청길,45,6,4682025021106870003000003,,전라남도 해남군 해남읍 교육청길 45-6,536809,59038,,,,126.608014495018,34.5675035344944
MA010120220809411579,대양종합사무기,,G2,소매,G216,안경·정밀기기 소매,G21601,사무기기 소매업,G47821,사무용 기기 소매업,47,경상북도,47190,구미시,47190645,상모사곡동,4719011500,사곡동,4719011500106690001,1,대지,669,1,경상북도 구미시 사곡동 669-1,471904724427,경상북도 구미시 상사동로24길,14,,4719011500106690001044076,조은베네시움,경상북도 구미시 상사동로24길 14,730110,39328,,1,,128.360356793261,36.0989042667279
MA010120220809487681,하나포스,,G2,소매,G216,안경·정밀기기 소매,G21601,사무기기 소매업,G47821,사무용 기기 소매업,27,대구광역시,27710,달성군,27710256,다사읍,2771025627,다사읍,2771025627108180000,1,대지,818,,대구광역시 달성군 다사읍 죽곡리 818,277103148058,대구광역시 달성군 다사읍 대실역남로,33,,2771025627108180000000001,죽곡청아람리슈빌3단지,대구광역시 달성군 다사읍 대실역남로 33,711795,42919,,2,,128.467604931758,35.8538426971177
MA010120220812237715,미르테크OA,,G2,소매,G216,안경·정밀기기 소매,G21601,사무기기 소매업,G47821,사무용 기기 소매업,43,충청북도,43113,청주시 흥덕구,43113700,운천.신봉동,4311310500,신봉동,4311310500101960002,1,대지,196,2,충청북도 청주시 흥덕구 신봉동 196-2,431134512152,충청북도 청주시 흥덕구 1순환로436번길,105,,4311310500101960002057865,크라운시티,충청북도 청주시 흥덕구 1순환로436번길 105,361839,28457,,1,,127.466841093729,36.6557902411164
MA010120220811752380,뉴그린OA,,G2,소매,G216,안경·정밀기기 소매,G21601,사무기기 소매업,G47821,사무용 기기 소매업,44,충청남도,44210,서산시,44210550,석남동,4421010900,예천동,4421010900117180000,1,대지,1718,,충청남도 서산시 예천동 1718,442103352393,충청남도 서산시 예천5로,32,,4421010900117180000000001,서산예천중흥에스클래스더퍼스트,충청남도 서산시 예천5로 32,356110,32005,,2,,126.452291681383,36.7638499325736
MA010120220812073324,정글통신대전지사,,G2,소매,G216,안경·정밀기기 소매,G21601,사무기기 소매업,G47821,사무용 기기 소매업,30,대전광역시,30110,동구,30110530,효동,3011010500,가오동,3011010500105560000,1,대지,556,,대전광역시 동구 가오동 556,301103010015,대전광역시 동구 은어송로,100,,3011010500105560000032175,은어송마을5단지,대전광역시 동구 은어송로 100,300741,34681,,2,,127.459837460079,36.3079185725987
MA010120220810554978,스마트시스템,,G2,소매,G216,안경·정밀기기 소매,G21601,사무기기 소매업,G47821,사무용 기기 소매업,26,부산광역시,26230,부산진구,26230760,개금3동,2623011100,개금동,2623011100100010001,1,대지,1,1,부산광역시 부산진구 개금동 1-1,262304187279,부산광역시 부산진구 백양관문로77번길,145,,2623011100100010001001562,개금도개공아파트,부산광역시 부산진구 백양관문로77번길 145,614809,47166,,2,,129.023104967606,35.1632514343153
MA010120220812136996,찬누리에스앤씨,,G2,소매,G216,안경·정밀기기 소매,G21601,사무기기 소매업,G47821,사무용 기기 소매업,11,서울특별시,11470,양천구,11470510,목1동,1147010200,목동,1147010200109330000,1,대지,933,,서울특별시 양천구 목동 933,114704142097,서울특별시 양천구 목동동로12길,45,,1147010200109330000021210,삼익아파트,서울특별시 양천구 목동동로12길 45,158820,08007,,1,,126.876367130537,37.5225854298005
MA010120220811305551,24시잉크은행,,G2,소매,G216,안경·정밀기기 소매,G21601,사무기기 소매업,G47821,사무용 기기 소매업,50,제주특별자치도,50110,제주시,50110680,이호동,5011012600,이호이동,5011012600101160009,1,대지,116,9,제주특별자치도 제주시 이호이동 116-9,501104848314,제주특별자치도 제주시 오도1길,34,2,5011012600101160009059181,비취빌라,제주특별자치도 제주시 오도1길 34-2,690231,63109,,3,,126.463864915352,33.4935794725765
MA010120220813469938,페이준,,G2,소매,G216,안경·정밀기기 소매,G21601,사무기기 소매업,G47821,사무용 기기 소매업,26,부산광역시,26230,부산진구,26230550,초읍동,2623010700,초읍동,2623010700102880007,1,대지,288,7,부산광역시 부산진구 초읍동 288-7,262304187406,부산광역시 부산진구 새싹로266번길,7,,2623010700102880007030159,블루스카이빌,부산광역시 부산진구 새싹로266번길 7,614872,47124,,5,,129.0478835911,35.1798669156605
MA010120220810278719,새미래OA시스템,,G2,소매,G216,안경·정밀기기 소매,G21601,사무기기 소매업,G47821,사무용 기기 소매업,30,대전광역시,30200,유성구,30200548,노은3동,3020012000,지족동,3020012000110300000,1,대지,1030,,대전광역시 유성구 지족동 1030,302003167063,대전광역시 유성구 지족동로,124,,3020012000110300000000002,노은리슈빌3차,대전광역시 유성구 지족동로 124,305330,34075,,2,,127.308233706116,36.384482985549
MA010120220811016331,컴퓨터서비스,,G2,소매,G216,안경·정밀기기 소매,G21601,사무기기 소매업,G47821,사무용 기기 소매업,31,울산광역시,31110,중구,31110610,다운동,3111011200,다운동,3111011200109270002,1,대지,927,2,울산광역시 중구 다운동 927-2,311104307117,울산광역시 중구 다운19길,29,,3111011200109270002024029,다운샛별,울산광역시 중구 다운19길 29,681802,44400,,1,,129.265089112885,35.5673161020132
MA010120220811768347,아이콘정보기술,,G2,소매,G216,안경·정밀기기 소매,G21601,사무기기 소매업,G47821,사무용 기기 소매업,48,경상남도,48121,창원시 의창구,48121530,명곡동,4812110500,도계동,4812110500104220001,1,대지,422,1,경상남도 창원시 의창구 도계동 422-1,481214781732,경상남도 창원시 의창구 태복산로13번길,29,,4812110500104220001014935,황제빌라3차,경상남도 창원시 의창구 태복산로13번길 29,641811,51166,,2,,128.638317648869,35.2552165664174
MA010120220812547024,아이오더컴퍼니,,G2,소매,G216,안경·정밀기기 소매,G21601,사무기기 소매업,G47216,"빵류, 과자류 및 당류 소매업",11,서울특별시,11590,동작구,11590530,상도1동,1159010200,상도동,1159010200104670005,1,대지,467,5,서울특별시 동작구 상도동 467-5,115904157348,서울특별시 동작구 상도로37길,64,,1159010200104670005020914,명칭없음,서울특별시 동작구 상도로37길 64,156880,06971,,1,,126.952186578155,37.4986377020904
MA010120220811558068,카피솔루텍,,G2,소매,G216,안경·정밀기기 소매,G21601,사무기기 소매업,G47821,사무용 기기 소매업,11,서울특별시,11230,동대문구,11230660,장안2동,1123010600,장안동,1123010600103290003,1,대지,329,3,서울특별시 동대문구 장안동 329-3,112303105011,서울특별시 동대문구 장안벚꽃로,167,,1123010600103290003016703,장안래미안2차,서울특별시 동대문구 장안벚꽃로 167,130762,02524,,2,,127.074283838988,37.5750738977446
MA010120220811880633,태영,,G2,소매,G216,안경·정밀기기 소매,G21601,사무기기 소매업,G47821,사무용 기기 소매업,11,서울특별시,11740,강동구,11740685,길동,1174010500,길동,1174010500103850006,1,대지,385,6,서울특별시 강동구 길동 385-6,117404172232,서울특별시 강동구 양재대로113길,51,,1174010500103850007002840,우성아트빌,서울특별시 강동구 양재대로113길 51,134813,05354,,4,,127.137123580874,37.538428151436
MA010120220810534078,비에스렌탈,,G2,소매,G216,안경·정밀기기 소매,G21601,사무기기 소매업,G47821,사무용 기기 소매업,26,부산광역시,26380,사하구,26380601,다대1동,2638010600,다대동,2638010600103820003,1,대지,382,3,부산광역시 사하구 다대동 382-3,263803134007,부산광역시 사하구 다대로,617,,2638010600103820003000906,자유,부산광역시 사하구 다대로 617,604765,49525,,1,,128.971557853528,35.0516156675791
MA010120220811355981,이엠정보통신,,G2,소매,G216,안경·정밀기기 소매,G21601,사무기기 소매업,G47821,사무용 기기 소매업,50,제주특별자치도,50110,제주시,50110670,외도동,5011012300,외도일동,5011012300105600001,1,대지,560,1,제주특별자치도 제주시 외도일동 560-1,501104848472,제주특별자치도 제주시 우정로11길,22,,5011012300105600001057497,부영1차,제주특별자치도 제주시 우정로11길 22,690775,63070,,5,,126.433950867123,33.4868738544915
MA010120220813322057,블루OA,,G2,소매,G216,안경·정밀기기 소매,G21601,사무기기 소매업,G47821,사무용 기기 소매업,11,서울특별시,11260,중랑구,11260565,면목본동,1126010100,면목동,1126010100101010045,1,대지,101,45,서울특별시 중랑구 면목동 101-45,112604118248,서울특별시 중랑구 면목로74길,23,3,1126010100101010045031491,명칭없음,서울특별시 중랑구 면목로74길 23-3,131816,02161,,1,,127.088802330847,37.5895428308246
MA010120220810601608,삼우정보,,G2,소매,G216,안경·정밀기기 소매,G21601,사무기기 소매업,G47821,사무용 기기 소매업,26,부산광역시,26230,부산진구,26230510,부전1동,2623010300,부전동,2623010300100270001,1,대지,27,1,부산광역시 부산진구 부전동 27-1,262303129023,부산광역시 부산진구 부전로,196,,2623010300100270001046473,전자종합상가,부산광역시 부산진구 부전로 196,614842,47250,,1,,129.062540011344,35.1634963725123
MA010120220811250869,도경종합사무기,,G2,소매,G216,안경·정밀기기 소매,G21601,사무기기 소매업,G47821,사무용 기기 소매업,48,경상남도,48250,김해시,48250565,칠산서부동,4825011000,흥동,4825011000100070004,1,대지,7,4,경상남도 김해시 흥동 7-4,482503335069,경상남도 김해시 흥동로,177,,4825011000100070004087594,두산프리빌리지,경상남도 김해시 흥동로 177,621120,50963,,1,,128.867909061813,35.2226459768552
MA0101202308A0071728,에버네트웍스,,G2,소매,G216,안경·정밀기기 소매,G21601,사무기기 소매업,G47821,사무용 기기 소매업,11,서울특별시,11620,관악구,11620765,미성동,1162010200,신림동,1162010200117300000,1,대지,1730,,서울특별시 관악구 신림동 1730,116202000003,서울특별시 관악구 남부순환로,1430,,1162010200117300000000001,신림푸르지오,서울특별시 관악구 남부순환로 1430,151772,08770,,1,,126.909044594828,37.4792316914733
MA0101202212A0034555,유정페이,,G2,소매,G216,안경·정밀기기 소매,G21601,사무기기 소매업,G47821,사무용 기기 소매업,41,경기도,41133,성남시 중원구,41133525,중앙동,4113313200,중앙동,4113313200120050000,1,대지,2005,,경기도 성남시 중원구 중앙동 2005,411334337044,경기도 성남시 중원구 광명로264번길,8,,4113310200120050000032568,동아아트빌라,경기도 성남시 중원구 광명로264번길 8,462836,13251,,2,,127.156170396959,37.4426274866706
MA0101202301A0047006,다온시스템,,G2,소매,G216,안경·정밀기기 소매,G21601,사무기기 소매업,G47821,사무용 기기 소매업,31,울산광역시,31140,남구,31140520,신정2동,3114010400,신정동,3114010400112100007,1,대지,1210,7,울산광역시 남구 신정동 1210-7,311404310446,울산광역시 남구 삼산로9번길,25,,3114010400112100007012621,리버빌칸,울산광역시 남구 삼산로9번길 25,680828,44677,,1,,129.307862767032,35.5348591276517
MA0101202309A0034730,이나밴,,G2,소매,G216,안경·정밀기기 소매,G21601,사무기기 소매업,G47821,사무용 기기 소매업,41,경기도,41111,수원시 장안구,41111591,송죽동,4111113500,송죽동,4111113500105140000,1,대지,514,,경기도 수원시 장안구 송죽동 514,411113174006,경기도 수원시 장안구 송정로,83,,4111113500105140000037991,수원로얄팰리스,경기도 수원시 장안구 송정로 83,440210,16307,,1,,127.008289599725,37.2961063956131
MA0101202406A0148319,네오피스,,G2,소매,G216,안경·정밀기기 소매,G21601,사무기기 소매업,G47821,사무용 기기 소매업,11,서울특별시,11170,용산구,11170580,효창동,1117011900,효창동,1117011900100050207,1,대지,5,207,서울특별시 용산구 효창동 5-207,111704106086,서울특별시 용산구 백범로45길,4,22,1117011900100050207016631,명칭없음,서울특별시 용산구 백범로45길 4-22,140897,04319,,1,,126.959446376644,37.5412218200126
MA0101202311A0091177,탑스보안동부,,G2,소매,G216,안경·정밀기기 소매,G21601,사무기기 소매업,G47821,사무용 기기 소매업,11,서울특별시,11230,동대문구,11230536,용신동,1123010200,용두동,1123010200101000005,1,대지,100,5,서울특별시 동대문구 용두동 100-5,112303105008,서울특별시 동대문구 왕산로,92,,1123010200101000005036072,동대문베네스트,서울특별시 동대문구 왕산로 92,130820,02585,,3,,127.033588564168,37.5777864641614
MA0101202305A0017153,신도OA솔루션,,G2,소매,G216,안경·정밀기기 소매,G21601,사무기기 소매업,G47821,사무용 기기 소매업,11,서울특별시,11410,서대문구,11410720,북가좌2동,1141011900,북가좌동,1141011900103250009,1,대지,325,9,서울특별시 서대문구 북가좌동 325-9,114104136354,서울특별시 서대문구 증가로29길,24,,1141011900103250009000979,동화빌라,서울특별시 서대문구 증가로29길 24,120814,03678,,1,,126.911886024563,37.5819029282779
MA0101202301A0104451,맥스통신,,G2,소매,G216,안경·정밀기기 소매,G21601,사무기기 소매업,G47821,사무용 기기 소매업,26,부산광역시,26470,연제구,26470680,연산4동,2647010200,연산동,2647010200105880007,1,대지,588,7,부산광역시 연제구 연산동 588-7,264704211036,부산광역시 연제구 거제천로230번길,81,,2647010200105880007025139,연산역유성해네스타워,부산광역시 연제구 거제천로230번길 81,611820,47520,,1,,129.083201980509,35.1883750393179
MA0101202212A0099776,지앤씨시스템,,G2,소매,G216,안경·정밀기기 소매,G21601,사무기기 소매업,G47821,사무용 기기 소매업,11,서울특별시,11230,동대문구,11230650,장안1동,1123010600,장안동,1123010600104320012,1,대지,432,12,서울특별시 동대문구 장안동 432-12,112304115569,서울특별시 동대문구 천호대로83길,10,,1123010600104320012017562,장안솔렌시아6차,서울특별시 동대문구 천호대로83길 10,130844,02636,,2,,127.064707485028,37.5627088678746
MA0101202409A0228535,에스와이정보통신,,G2,소매,G216,안경·정밀기기 소매,G21601,사무기기 소매업,G47821,사무용 기기 소매업,41,경기도,41171,안양시 만안구,41171600,석수2동,4117110200,석수동,4117110200104840008,1,대지,484,8,경기도 안양시 만안구 석수동 484-8,411714346268,경기도 안양시 만안구 연현로79번길,105,,4117110200104840008003508,석수엘지빌리지1단지,경기도 안양시 만안구 연현로79번길 105,430809,13903,,1,,126.903063308888,37.4270763062668
MA0106202301A0078351,한국젠OA,,G2,소매,G216,안경·정밀기기 소매,G21601,사무기기 소매업,G47821,사무용 기기 소매업,11,서울특별시,11380,은평구,11380580,응암1동,1138010700,응암동,1138010700100930006,1,대지,93,6,서울특별시 은평구 응암동 93-6,113803111007,서울특별시 은평구 은평로,182,8,1138010700100930006000001,명남더블레스,서울특별시 은평구 은평로 182-8,122906,03471,,1,,126.927672091049,37.6010417152954
MA0106202301A0298361,유니온잉크,,G2,소매,G216,안경·정밀기기 소매,G21601,사무기기 소매업,G47821,사무용 기기 소매업,28,인천광역시,28200,남동구,28200521,구월3동,2820010100,구월동,2820010100111600000,1,대지,1160,,인천광역시 남동구 구월동 1160,282004259136,인천광역시 남동구 남동대로725번길,31,,2820010100111600000001839,송정아파트,인천광역시 남동구 남동대로725번길 31,405223,21572,,2,,126.705090147569,37.4469579022825
MA0106202301A0068889,이아이피,,G2,소매,G216,안경·정밀기기 소매,G21601,사무기기 소매업,G47821,사무용 기기 소매업,11,서울특별시,11500,강서구,11500611,발산1동,1150010600,내발산동,1150010600106970011,1,대지,697,11,서울특별시 강서구 내발산동 697-11,115004145060,서울특별시 강서구 강서로47다길,12,,1150010600106970011008601,예그린하우스,서울특별시 강서구 강서로47다길 12,157831,07638,,1,,126.834151711007,37.5521945962771
MA0106202404A1141093,오바이오,,G2,소매,G216,안경·정밀기기 소매,G21601,사무기기 소매업,G47821,사무용 기기 소매업,11,서울특별시,11260,중랑구,11260565,면목본동,1126010100,면목동,1126010100100980029,1,대지,98,29,서울특별시 중랑구 면목동 98-29,112604118250,서울특별시 중랑구 면목로78길,16,2,1126010100100980029029603,리움,서울특별시 중랑구 면목로78길 16-2,131816,02161,,1,,127.088157629446,37.5901199490448
MA0106202308A0844788,하나OA,,G2,소매,G216,안경·정밀기기 소매,G21601,사무기기 소매업,G47821,사무용 기기 소매업,11,서울특별시,11230,동대문구,11230545,제기동,1123010300,제기동,1123010300111420004,1,대지,1142,4,서울특별시 동대문구 제기동 1142-4,112303105020,서울특별시 동대문구 회기로,32,,1123010300111420004032381,로얄팰리스,서울특별시 동대문구 회기로 32,130865,02468,,1,,127.040048484934,37.591065088454
MA0106202311A1764836,무한사무기,,G2,소매,G216,안경·정밀기기 소매,G21601,사무기기 소매업,G47821,사무용 기기 소매업,26,부산광역시,26230,부산진구,26230670,당감1동,2623010900,당감동,2623010900106230002,1,대지,623,2,부산광역시 부산진구 당감동 623-2,262303129016,부산광역시 부산진구 백양순환로,9,,2623010900106230001042301,동남주상복합,부산광역시 부산진구 백양순환로 9,614822,47160,,1,,129.032992178261,35.1654469086087
MA0106202411A1838005,오피스웨이카피센터,,G2,소매,G216,안경·정밀기기 소매,G21601,사무기기 소매업,G47821,사무용 기기 소매업,48,경상남도,48310,거제시,48310580,고현동,4831010900,고현동,4831010900101590013,1,대지,159,13,경상남도 거제시 고현동 159-13,483104811064,경상남도 거제시 고현로2길,51,,4831010900101590013025436,유경베스트빌라,경상남도 거제시 고현로2길 51,656931,53256,,1,,128.623809797732,34.8820246191961
MA0106202301A0039855,중앙사무기,,G2,소매,G216,안경·정밀기기 소매,G21601,사무기기 소매업,G47821,사무용 기기 소매업,11,서울특별시,11170,용산구,11170640,이촌2동,1117012900,이촌동,1117012900104220000,1,대지,422,,서울특별시 용산구 이촌동 422,111704106277,서울특별시 용산구 이촌로2가길,66,,1117012900104220000010943,북한강성원아파트,서울특별시 용산구 이촌로2가길 66,140772,04374,,1,,126.953706696991,37.5275785574705
MA0106202301A0298892,에이스OA,,G2,소매,G216,안경·정밀기기 소매,G21601,사무기기 소매업,G47821,사무용 기기 소매업,28,인천광역시,28200,남동구,28200510,구월1동,2820010100,구월동,2820010100112210007,1,대지,1221,7,인천광역시 남동구 구월동 1221-7,282002008004,인천광역시 남동구 인주대로,705,,2820010100112210007000153,청솔아파트,인천광역시 남동구 인주대로 705,405837,21563,,1,,126.715431879083,37.4495781667135
MA0101202411A0000337,우리오더,,G2,소매,G216,안경·정밀기기 소매,G21601,사무기기 소매업,G47821,사무용 기기 소매업,44,충청남도,44133,천안시 서북구,44133590,부성2동,4413310400,두정동,4413310400119560000,1,대지,1956,,충청남도 천안시 서북구 두정동 1956,441334550114,충청남도 천안시 서북구 두정고2길,14,4,4413310400119560000047366,일부,충청남도 천안시 서북구 두정고2길 14-4,331964,31089,,2,,127.131463186669,36.8349822904741
MA0101202411A0037690,피앤씨정보통신,,G2,소매,G216,안경·정밀기기 소매,G21601,사무기기 소매업,G47821,사무용 기기 소매업,11,서울특별시,11650,서초구,11650531,서초4동,1165010800,서초동,1165010800113070007,1,대지,1307,7,서울특별시 서초구 서초동 1307-7,116504163028,서울특별시 서초구 강남대로61길,10,,1165010800113070007020000,센터프라자,서울특별시 서초구 강남대로61길 10,137856,06614,,,,127.025490151044,37.4992663223251
MA0101202411A0092222,카피,코리아,G2,소매,G216,안경·정밀기기 소매,G21601,사무기기 소매업,G47821,사무용 기기 소매업,47,경상북도,47190,구미시,47190690,양포동,4719012800,옥계동,4719012800108340001,1,대지,834,1,경상북도 구미시 옥계동 834-1,471903308047,경상북도 구미시 옥계북로,36,,4719012800108340001036134,실메디칼타워,경상북도 구미시 옥계북로 36,730824,39185,,,,128.421534239977,36.1380780253705
MA0101202411A0110911,이페이솔루션,,G2,소매,G216,안경·정밀기기 소매,G21601,사무기기 소매업,G47821,사무용 기기 소매업,11,서울특별시,11710,송파구,11710642,문정2동,1171010800,문정동,1171010800106320000,1,대지,632,,서울특별시 송파구 문정동 632,117103123017,서울특별시 송파구 충민로,52,,1171010800102890000000001,제,서울특별시 송파구 충민로 52,138888,05839,,,,127.122756215917,37.4777162672276
MA0101202411A0106774,연합사무기,,G2,소매,G216,안경·정밀기기 소매,G21601,사무기기 소매업,G47821,사무용 기기 소매업,41,경기도,41271,안산시 상록구,41271600,반월동,4127111000,팔곡일동,4127111000102620007,1,대지,262,7,경기도 안산시 상록구 팔곡일동 262-7,412714370065,경기도 안산시 상록구 남산평길,20,,4127111000102620007030204,,경기도 안산시 상록구 남산평길 20,426200,15521,,,,126.900106517815,37.3053902560827
MA0101202411A0055222,풍기마켓,,G2,소매,G216,안경·정밀기기 소매,G21601,사무기기 소매업,G47821,사무용 기기 소매업,26,부산광역시,26350,해운대구,26350520,우2동,2635010500,우동,2635010500114590000,1,대지,1459,,부산광역시 해운대구 우동 1459,263503133020,부산광역시 해운대구 센텀중앙로,60,,2635010500114590000000001,퍼스트인센텀,부산광역시 해운대구 센텀중앙로 60,612022,48059,,,,129.128860165767,35.1738292429563
MA0101202411A0110013,사비오에이,,G2,소매,G216,안경·정밀기기 소매,G21601,사무기기 소매업,G47821,사무용 기기 소매업,44,충청남도,44760,부여군,44760250,부여읍,4476025028,부여읍,4476025028107390003,1,대지,739,3,충청남도 부여군 부여읍 동남리 739-3,447603000095,충청남도 부여군 부여읍 계백로,264,1,4476025028107390003022242,,충청남도 부여군 부여읍 계백로 264-1,323806,33168,,,,126.909247200255,36.2760102455097
MA0101202411A0114843,제이더블유네트웍스,,G2,소매,G216,안경·정밀기기 소매,G21601,사무기기 소매업,G47821,사무용 기기 소매업,30,대전광역시,30170,서구,30170581,갈마1동,3017011100,갈마동,3017011100102710015,1,대지,271,15,대전광역시 서구 갈마동 271-15,301704298066,대전광역시 서구 계룡로407번길,49,1,3017011100102710015015117,금강하우스,대전광역시 서구 계룡로407번길 49-1,302805,35231,,,,127.371184820305,36.3522402413952
MA0101202411A0116024,다온사무기,,G2,소매,G216,안경·정밀기기 소매,G21601,사무기기 소매업,G47821,사무용 기기 소매업,31,울산광역시,31110,중구,31110620,병영1동,3111011500,남외동,3111011500105490016,1,대지,549,16,울산광역시 중구 남외동 549-16,311104307213,울산광역시 중구 병영1길,10,,3111011500105490016014678,,울산광역시 중구 병영1길 10,681800,44494,,,,129.348472073369,35.5707026124451
MA0101202411A0084022,제이인터내셔널,,G2,소매,G216,안경·정밀기기 소매,G21601,사무기기 소매업,G47821,사무용 기기 소매업,30,대전광역시,30170,서구,30170640,둔산2동,3017011200,둔산동,3017011200112730000,1,대지,1273,,대전광역시 서구 둔산동 1273,301703166019,대전광역시 서구 둔산로,63,,3017011200112730000021508,,대전광역시 서구 둔산로 63,302830,35233,,,,127.380985298559,36.3515695622226
MA0101202411A0124878,주원시스템,,G2,소매,G216,안경·정밀기기 소매,G21601,사무기기 소매업,G47821,사무용 기기 소매업,41,경기도,41285,고양시 일산동구,41285590,장항2동,4128510400,장항동,4128510400107600000,1,대지,760,,경기도 고양시 일산동구 장항동 760,412853193011,경기도 고양시 일산동구 무궁화로,18,,4128510400107600000009277,남정씨티프라자,경기도 고양시 일산동구 무궁화로 18,410837,10401,,,,126.766893788779,37.6617131720204
MA0106202312A0334715,현대사무용가구,,G2,소매,G216,안경·정밀기기 소매,G21601,사무기기 소매업,G47821,사무용 기기 소매업,41,경기도,41463,용인시 기흥구,41463586,상하동,4146311700,상하동,4146311700104850005,1,대지,485,5,경기도 용인시 기흥구 상하동 485-5,414633204046,경기도 용인시 기흥구 어정로,120,,4146311700104850005021016,외,경기도 용인시 기흥구 어정로 120,446517,16994,,,,127.143059985936,37.2750350496168
MA0106202403A0541149,캐논사무기기,,G2,소매,G216,안경·정밀기기 소매,G21601,사무기기 소매업,G47821,사무용 기기 소매업,11,서울특별시,11260,중랑구,11260520,면목2동,1126010100,면목동,1126010100101430045,1,대지,143,45,서울특별시 중랑구 면목동 143-45,112604118065,서울특별시 중랑구 동일로102길,27,,1126010100101430045027491,,서울특별시 중랑구 동일로102길 27,131820,02141,,1,,127.081805775153,37.5902236313217
MA0106202403A2139087,오에이렌탈,,G2,소매,G216,안경·정밀기기 소매,G21601,사무기기 소매업,G47821,사무용 기기 소매업,26,부산광역시,26410,금정구,26410670,남산동,2641010400,남산동,2641010400102570000,1,대지,257,,부산광역시 금정구 남산동 257,264103135009,부산광역시 금정구 금단로,190,,2641010400102570000001829,대화빌딩,부산광역시 금정구 금단로 190,609811,46214,,2,,129.093906500233,35.2657880955785
MA0106202401A1217758,광주하이컴,,G2,소매,G216,안경·정밀기기 소매,G21601,사무기기 소매업,G47821,사무용 기기 소매업,29,광주광역시,29140,서구,29140830,풍암동,2914012800,풍암동,2914012800110340004,1,대지,1034,4,광주광역시 서구 풍암동 1034-4,291404280460,광주광역시 서구 풍암신흥로62번길,3,60,2914012800110340004024718,,광주광역시 서구 풍암신흥로62번길 3-60,502832,62054,,1,,126.869261293472,35.1230943351514
MA0106202411A1121179,더기획,,G2,소매,G216,안경·정밀기기 소매,G21601,사무기기 소매업,G47821,사무용 기기 소매업,44,충청남도,44250,계룡시,44250510,금암동,4425010100,금암동,4425010100100610006,1,대지,61,6,충청남도 계룡시 금암동 61-6,442503256001,충청남도 계룡시 금암로,192,,4425010100100610006000825,,충청남도 계룡시 금암로 192,321900,32833,,2,,127.258820506941,36.2714479158914
MA0106202312A0047043,사랑행복씨앤씨,,G2,소매,G216,안경·정밀기기 소매,G21601,사무기기 소매업,G47821,사무용 기기 소매업,11,서울특별시,11170,용산구,11170570,원효로2동,1117011700,원효로3가,1117011700100460005,1,대지,46,5,서울특별시 용산구 원효로3가 46-5,111704106245,서울특별시 용산구 원효로41길,34,,1117011700100460005017288,,서울특별시 용산구 원효로41길 34,140848,04363,,3,,126.959314085013,37.5347976426978
MA0106202411A1750234,아렌디솔루션,,G2,소매,G216,안경·정밀기기 소매,G21601,사무기기 소매업,G47821,사무용 기기 소매업,26,부산광역시,26380,사하구,26380571,신평1동,2638010400,신평동,2638010400104930000,1,대지,493,,부산광역시 사하구 신평동 493,263803134018,부산광역시 사하구 신산로,120,,2638010400104930000038090,펜타플렉스,부산광역시 사하구 신산로 120,604836,49438,,,,128.968571755166,35.0892708681891
MA0106202411A0200528,디지털OA,,G2,소매,G216,안경·정밀기기 소매,G21601,사무기기 소매업,G47821,사무용 기기 소매업,41,경기도,41220,평택시,41220535,송탄동,4122010800,장안동,4122010800103970022,1,대지,397,22,경기도 평택시 장안동 397-22,412204364667,경기도 평택시 장안웃길,89,,4122010800103970022000824,,경기도 평택시 장안웃길 89,459070,17731,,3,,127.075359287946,37.0666201407049
MA0106202404A2290482,한솔정보기획,,G2,소매,G216,안경·정밀기기 소매,G21601,사무기기 소매업,G47821,사무용 기기 소매업,52,전북특별자치도,52140,익산시,52140595,남중동,5214011300,남중동,5214011300105340060,1,대지,534,60,전북특별자치도 익산시 남중동 534-60,521403269026,전북특별자치도 익산시 신동로,75,,4514011300105340060064622,,전북특별자치도 익산시 신동로 75,570957,54633,,1,,126.960549233502,35.9560343138486
MA0106202401A0172630,아이솔루션,,G2,소매,G216,안경·정밀기기 소매,G21601,사무기기 소매업,G47821,사무용 기기 소매업,28,인천광역시,28200,남동구,28200700,논현2동,2820011000,논현동,2820011000104330009,1,대지,433,9,인천광역시 남동구 논현동 433-9,282003153060,인천광역시 남동구 은봉로,81,,2820011000104330009007729,,인천광역시 남동구 은봉로 81,405848,21631,,3,,126.700649106825,37.4100141812869
MA0106202401A1338505,이프,,G2,소매,G216,안경·정밀기기 소매,G21601,사무기기 소매업,G47821,사무용 기기 소매업,11,서울특별시,11500,강서구,11500640,방화2동,1150010900,방화동,1150010900106480030,1,대지,648,30,서울특별시 강서구 방화동 648-30,115004145486,서울특별시 강서구 초원로2길,16,,1150010900106480030002018,,서울특별시 강서구 초원로2길 16,157853,07612,,1,,126.806455107812,37.5669918443295
MA0106202404A1893458,부건사무기,,G2,소매,G216,안경·정밀기기 소매,G21601,사무기기 소매업,G47821,사무용 기기 소매업,26,부산광역시,26470,연제구,26470720,연산8동,2647010200,연산동,2647010200103690007,1,대지,369,7,부산광역시 연제구 연산동 369-7,264704211107,부산광역시 연제구 과정로283번길,6,,2647010200103690007024686,,부산광역시 연제구 과정로283번길 6,611816,47555,,,,129.096205526916,35.1877811001461
MA0106202312A1539579,제일종합사무기,,G2,소매,G216,안경·정밀기기 소매,G21601,사무기기 소매업,G47821,사무용 기기 소매업,47,경상북도,47900,예천군,47900250,예천읍,4790025027,예천읍,4790025027103830007,1,대지,383,7,경상북도 예천군 예천읍 대심리 383-7,479004769120,경상북도 예천군 예천읍 무리실길,20,,4790025027103830007049569,,경상북도 예천군 예천읍 무리실길 20,757806,36826,,,,128.435984971522,36.6474629865861
MA0106202312A0179656,비비시스템,,G2,소매,G216,안경·정밀기기 소매,G21601,사무기기 소매업,G47821,사무용 기기 소매업,41,경기도,41111,수원시 장안구,41111573,정자3동,4111113300,천천동,4111113300105600008,1,대지,560,8,경기도 수원시 장안구 천천동 560-8,411114322103,경기도 수원시 장안구 서부로2168번길,5,6,4111113300105600008044747,,경기도 수원시 장안구 서부로2168번길 5-6,440303,16324,,1,,126.973741911268,37.3020055642307
MA0106202411A2242858,베스트OA,,G2,소매,G216,안경·정밀기기 소매,G21601,사무기기 소매업,G47821,사무용 기기 소매업,43,충청북도,43114,청주시 청원구,43114520,내덕1동,4311410200,내덕동,4311410200106720006,1,대지,672,6,충청북도 청주시 청원구 내덕동 672-6,431144508028,충청북도 청주시 청원구 1순환로353번길,7,,4311410200106720006000001,,충청북도 청주시 청원구 1순환로353번길 7,363808,28483,,,,127.476122801088,36.6574205832091
MA0106202404A0159019,예스제본,,G2,소매,G216,안경·정밀기기 소매,G21601,사무기기 소매업,G47821,사무용 기기 소매업,28,인천광역시,28260,서구,28260536,청라1동,2826012200,청라동,2826012200102020003,1,대지,202,3,인천광역시 서구 청라동 202-3,282602008002,인천광역시 서구 중봉대로,490,,2826012200102020003000001,,인천광역시 서구 중봉대로 490,,22770,,,,126.650469739564,37.5228447229925
MA0106202402A0183311,현대M솔루션,,G2,소매,G216,안경·정밀기기 소매,G21601,사무기기 소매업,G47821,사무용 기기 소매업,41,경기도,41410,군포시,41410510,군포1동,4141010200,당정동,4141010200109890004,1,대지,989,4,경기도 군포시 당정동 989-4,414104400321,경기도 군포시 한세로78번길,45,,4141010200109890004000001,,경기도 군포시 한세로78번길 45,435870,15853,,,,126.957328710005,37.3452683894955
MA0106202404A0706282,충청렌탈,,G2,소매,G216,안경·정밀기기 소매,G21601,사무기기 소매업,G47821,사무용 기기 소매업,43,충청북도,43114,청주시 청원구,43114253,오창읍,4311425345,오창읍,4311425345106820004,1,대지,682,4,충청북도 청주시 청원구 오창읍 양청리 682-4,431144520434,충청북도 청주시 청원구 오창읍 양청5길,17,9,4311425345106820004000001,에이치엔엠,충청북도 청주시 청원구 오창읍 양청5길 17-9,363883,28116,,,,127.435133896595,36.7232962004044
MA0106202410A2234374,태정시스템,,G2,소매,G216,안경·정밀기기 소매,G21601,사무기기 소매업,G47821,사무용 기기 소매업,26,부산광역시,26260,동래구,26260740,안락1동,2626010200,안락동,2626010200105760018,1,대지,576,18,부산광역시 동래구 안락동 576-18,262604190536,부산광역시 동래구 충렬대로409번길,20,,2626010200105760018014836,,부산광역시 동래구 충렬대로409번길 20,607828,47796,,,,129.103321084127,35.1976694483612
MA0101202411A0141821,조은저울,,G2,소매,G216,안경·정밀기기 소매,G21601,사무기기 소매업,G47821,사무용 기기 소매업,41,경기도,41630,양주시,41630570,옥정1동,4163011400,옥정동,4163011400109870001,1,대지,987,1,경기도 양주시 옥정동 987-1,416304852494,경기도 양주시 화합로1710번길,12,,4163011400109870001000001,제비,경기도 양주시 화합로1710번길 12,482130,11465,,1,,127.095553080919,37.8388097650951
MA0106202410A1037735,아이티프렌드,,G2,소매,G216,안경·정밀기기 소매,G21601,사무기기 소매업,G47821,사무용 기기 소매업,30,대전광역시,30230,대덕구,30230510,오정동,3023010100,오정동,3023010100102990001,1,대지,299,1,대전광역시 대덕구 오정동 299-1,302304304402,대전광역시 대덕구 오정로99번길,13,,3023010100102990001017904,,대전광역시 대덕구 오정로99번길 13,306820,34440,,,,127.407501990198,36.3541405394942
MA0106202403A1265131,세광OA시스템,,G2,소매,G216,안경·정밀기기 소매,G21601,사무기기 소매업,G47821,사무용 기기 소매업,46,전라남도,46230,광양시,46230530,중마동,4623010700,마동,4623010700112020003,1,대지,1202,3,전라남도 광양시 마동 1202-3,462304655570,전라남도 광양시 눈소5길,45,12,4623010700112020003000001,,전라남도 광양시 눈소5길 45-12,545070,57798,,,,127.710082161747,34.9386776317827
MA0106202411A2232290,에스제이,,G2,소매,G216,안경·정밀기기 소매,G21601,사무기기 소매업,G47821,사무용 기기 소매업,46,전라남도,46150,순천시,46150320,서면,4615032029,서면,4615032029105020003,1,대지,502,3,전라남도 순천시 서면 압곡리 502-3,461504649649,전라남도 순천시 서면 압곡길,55,,4615032029105020002023209,,전라남도 순천시 서면 압곡길 55,540812,57903,,,,127.522846478864,34.9843720500131
MA0106202402A2029696,케이제이비즈텍복사,,G2,소매,G216,안경·정밀기기 소매,G21601,사무기기 소매업,G47821,사무용 기기 소매업,11,서울특별시,11305,강북구,11305608,번3동,1130510200,번동,1130510200101680007,1,대지,168,7,서울특별시 강북구 번동 168-7,113054124551,서울특별시 강북구 한천로109길,68,,1130510200101680007014722,,서울특별시 강북구 한천로109길 68,142861,01224,,1,,127.040577748851,37.6274108183026
MA0101202411A0146625,게임&PC마트,,G2,소매,G216,안경·정밀기기 소매,G21601,사무기기 소매업,G47821,사무용 기기 소매업,41,경기도,41150,의정부시,41150595,가능동,4115010100,의정부동,4115010100104060015,1,대지,406,15,경기도 의정부시 의정부동 406-15,411503181002,경기도 의정부시 가능로,82,1,4115010100104060015004777,,경기도 의정부시 가능로 82-1,480810,11663,,1,,127.04021160928,37.7466643181676
MA0106202201A0841560,하나솔루션,,G2,소매,G216,안경·정밀기기 소매,G21601,사무기기 소매업,G47821,사무용 기기 소매업,52,전북특별자치도,52113,전주시 덕진구,52113550,인후2동,5211310400,인후동2가,5211310400115280016,1,대지,1528,16,전북특별자치도 전주시 덕진구 인후동2가 1528-16,521133266010,전북특별자치도 전주시 덕진구 견훤왕궁로,278,,4511310400115280016019205,,전북특별자치도 전주시 덕진구 견훤왕궁로 278,561833,54917,,,,127.144627486673,35.8426938171599
MA0106202408A0543693,카피테크이십일,,G2,소매,G216,안경·정밀기기 소매,G21601,사무기기 소매업,G47821,사무용 기기 소매업,28,인천광역시,28177,미추홀구,28177540,용현1.4동,2817710200,용현동,2817710200101910001,1,대지,191,1,인천광역시 미추홀구 용현동 191-1,281773008011,인천광역시 미추홀구 인하로,77,,2817010200101910001075342,,인천광역시 미추홀구 인하로 77,402825,22207,,3,,126.656939644325,37.4513059657876
MA0106202408A1095534,피엔씨솔루션,,G2,소매,G216,안경·정밀기기 소매,G21601,사무기기 소매업,G47821,사무용 기기 소매업,52,전북특별자치도,52111,전주시 완산구,52111714,효자4동,5211114100,효자동2가,5211114100112060006,1,대지,1206,6,전북특별자치도 전주시 완산구 효자동2가 1206-6,521114598215,전북특별자치도 전주시 완산구 소태정3길,16,,5211114100112060006000001,,전북특별자치도 전주시 완산구 소태정3길 16,560801,55065,,1,,127.099372830413,35.8034718632473
MA0106202408A0590194,강동토탈OA,,G2,소매,G216,안경·정밀기기 소매,G21601,사무기기 소매업,G47821,사무용 기기 소매업,11,서울특별시,11740,강동구,11740660,성내3동,1174010800,성내동,1174010800104090010,1,대지,409,10,서울특별시 강동구 성내동 409-10,117404172425,서울특별시 강동구 풍성로51길,7,,1174010800104090010000001,,서울특별시 강동구 풍성로51길 7,134844,05377,,1,,127.132628633682,37.5303513131596
MA0106202407A1192851,아이엔티,,G2,소매,G216,안경·정밀기기 소매,G21601,사무기기 소매업,G47821,사무용 기기 소매업,29,광주광역시,29140,서구,29140760,화정1동,2914011900,화정동,2914011900101020053,1,대지,102,53,광주광역시 서구 화정동 102-53,291404280097,광주광역시 서구 내방마을1길,4,,2914011900101020053023041,,광주광역시 서구 내방마을1길 4,502849,61974,,1,,126.876201582001,35.1548656212791
MA0106202407A2439638,신도오피스,,G2,소매,G216,안경·정밀기기 소매,G21601,사무기기 소매업,G47821,사무용 기기 소매업,41,경기도,41360,남양주시,41360565,다산2동,4136011200,다산동,4136011200162500000,1,대지,6250,,경기도 남양주시 다산동 6250,413603351589,경기도 남양주시 다산지금로,202,,4136011200162500000000001,,경기도 남양주시 다산지금로 202,,12284,,4,,127.172217832858,37.5956404071921
MA0106202409A1891875,은성OA시스템,,G2,소매,G216,안경·정밀기기 소매,G21601,사무기기 소매업,G47821,사무용 기기 소매업,26,부산광역시,26230,부산진구,26230660,부암3동,2623010800,부암동,2623010800103250028,1,대지,325,28,부산광역시 부산진구 부암동 325-28,262304187213,부산광역시 부산진구 동평로127번길,60,,2623010800103250028000650,,부산광역시 부산진구 동평로127번길 60,614093,47139,,,,129.042658451914,35.1688798867077
MA0106202408A0735858,태영비즈니스솔루션,,G2,소매,G216,안경·정밀기기 소매,G21601,사무기기 소매업,G47821,사무용 기기 소매업,11,서울특별시,11740,강동구,11740660,성내3동,1174010800,성내동,1174010800104090010,1,대지,409,10,서울특별시 강동구 성내동 409-10,117404172425,서울특별시 강동구 풍성로51길,7,,1174010800104090010000001,,서울특별시 강동구 풍성로51길 7,134844,05377,,1,,127.132628633682,37.5303513131596
MA0106202201A0192119,미르,,G2,소매,G216,안경·정밀기기 소매,G21601,사무기기 소매업,G47821,사무용 기기 소매업,41,경기도,41410,군포시,41410610,대야동,4141010800,대야미동,4141010800106350010,1,대지,635,10,경기도 군포시 대야미동 635-10,414104400197,경기도 군포시 대야2로55번안길,11,,4141010800200010192000002,,경기도 군포시 대야2로55번안길 11,435060,15886,,,,126.916352203126,37.3333619218216
MA0106202408A0103431,영황하이테크,,G2,소매,G216,안경·정밀기기 소매,G21601,사무기기 소매업,G47821,사무용 기기 소매업,11,서울특별시,11530,구로구,11530720,고척1동,1153010600,고척동,1153010600100750001,1,대지,75,1,서울특별시 구로구 고척동 75-1,115304148465,서울특별시 구로구 중앙로1길,42,,1153010600100750001014408,일이삼전자타운,서울특별시 구로구 중앙로1길 42,152722,08227,,5,,126.862374050174,37.4977743261244
MA0106202403A0645231,신도중앙판매강서지사,,G2,소매,G216,안경·정밀기기 소매,G21601,사무기기 소매업,G47821,사무용 기기 소매업,11,서울특별시,11680,강남구,11680640,역삼1동,1168010100,역삼동,1168010100106010020,1,대지,601,20,서울특별시 강남구 역삼동 601-20,116804166373,서울특별시 강남구 봉은사로6길,10,,1168010100106010022022563,,서울특별시 강남구 봉은사로6길 10,135907,06123,,,,127.026588898683,37.5043117127653
MA0106202403A0645230,신도중앙판매강북지사,,G2,소매,G216,안경·정밀기기 소매,G21601,사무기기 소매업,G47821,사무용 기기 소매업,11,서울특별시,11680,강남구,11680640,역삼1동,1168010100,역삼동,1168010100106010020,1,대지,601,20,서울특별시 강남구 역삼동 601-20,116804166373,서울특별시 강남구 봉은사로6길,10,,1168010100106010022022563,,서울특별시 강남구 봉은사로6길 10,135907,06123,,,,127.026588898683,37.5043117127653
MA0106202403A0645229,신도리코중앙판매강남지사,,G2,소매,G216,안경·정밀기기 소매,G21601,사무기기 소매업,G47821,사무용 기기 소매업,11,서울특별시,11680,강남구,11680640,역삼1동,1168010100,역삼동,1168010100106010020,1,대지,601,20,서울특별시 강남구 역삼동 601-20,116804166373,서울특별시 강남구 봉은사로6길,10,,1168010100106010022022563,,서울특별시 강남구 봉은사로6길 10,135907,06123,,,,127.026588898683,37.5043117127653
MA0106202410A1775729,부산아재의컴가게,,G2,소매,G216,안경·정밀기기 소매,G21601,사무기기 소매업,G47821,사무용 기기 소매업,26,부산광역시,26440,강서구,26440535,명지1동,2644010400,명지동,2644010400135860002,1,대지,3586,2,부산광역시 강서구 명지동 3586-2,264403350869,부산광역시 강서구 명지국제8로10번길,46,,2644010400135860002000001,,부산광역시 강서구 명지국제8로10번길 46,618200,46726,,2,,128.902393080321,35.0944911212216
MA0106202301A0654484,신도디엑스,,G2,소매,G216,안경·정밀기기 소매,G21601,사무기기 소매업,G47821,사무용 기기 소매업,11,서울특별시,11680,강남구,11680640,역삼1동,1168010100,역삼동,1168010100106010020,1,대지,601,20,서울특별시 강남구 역삼동 601-20,116804166373,서울특별시 강남구 봉은사로6길,10,,1168010100106010022022563,,서울특별시 강남구 봉은사로6길 10,135907,06123,,,,127.026588898683,37.5043117127653
MA0106202405A0421934,그린정보시스템,,G2,소매,G216,안경·정밀기기 소매,G21601,사무기기 소매업,G47821,사무용 기기 소매업,41,경기도,41281,고양시 덕양구,41281660,화전동,4128113200,향동동,4128113200103960000,1,대지,396,,경기도 고양시 덕양구 향동동 396,412813351992,경기도 고양시 덕양구 향동로,218,,4128113200103960000000001,현대테라타워,경기도 고양시 덕양구 향동로 218,412160,10545,,5,,126.894017700618,37.6081521313266
MA0106202201A0236944,신성네트워크,,G2,소매,G216,안경·정밀기기 소매,G21601,사무기기 소매업,G47821,사무용 기기 소매업,41,경기도,41450,하남시,41450530,신장2동,4145010600,신장동,4145010600104540031,1,대지,454,31,경기도 하남시 신장동 454-31,414504406271,경기도 하남시 하남대로761번길,13,,4145010600104540031003180,,경기도 하남시 하남대로761번길 13,465810,12961,,,,127.211834660297,37.5383538056488
MA0106202201A0624502,승산복합기,,G2,소매,G216,안경·정밀기기 소매,G21601,사무기기 소매업,G47821,사무용 기기 소매업,11,서울특별시,11140,중구,11140520,소공동,1114016600,서소문동,1114016600100580007,1,대지,58,7,서울특별시 중구 서소문동 58-7,111403005010,서울특별시 중구 서소문로,106,,1114016600100580007022592,,서울특별시 중구 서소문로 106,100736,04513,,,,126.973028237623,37.5625252998626
MA0106202201A0449666,그린정보시스템,,G2,소매,G216,안경·정밀기기 소매,G21601,사무기기 소매업,G47821,사무용 기기 소매업,11,서울특별시,11440,마포구,11440660,서교동,1144011000,노고산동,1144011000100540092,1,대지,54,92,서울특별시 마포구 노고산동 54-92,114404139391,서울특별시 마포구 신촌로12나길,32,,1144011000100540092007359,,서울특별시 마포구 신촌로12나길 32,121807,04057,,,,126.93425811497,37.5548606127176
MA0106202407A0459929,불여우오피스,,G2,소매,G216,안경·정밀기기 소매,G21601,사무기기 소매업,G47821,사무용 기기 소매업,28,인천광역시,28110,중구,28110620,영종동,2811014600,운남동,2811014600116000001,1,대지,1600,1,인천광역시 중구 운남동 1600-1,281103149060,인천광역시 중구 흰바위로,236,,2811014600116000001000001,,인천광역시 중구 흰바위로 236,400812,22376,,,,126.502078139509,37.4797402301042
MA0106202410A1883176,우창정보기술,,G2,소매,G216,안경·정밀기기 소매,G21601,사무기기 소매업,G47821,사무용 기기 소매업,50,제주특별자치도,50110,제주시,50110540,이도2동,5011010400,이도이동,5011010400110760005,1,대지,1076,5,제주특별자치도 제주시 이도이동 1076-5,501104847367,제주특별자치도 제주시 남광북3길,18,9,5011010400110760005043999,,제주특별자치도 제주시 남광북3길 18-9,690825,63223,,,,126.536935677056,33.4945412573984
MA0106202204A0076336,오피스뱅크링크,,G2,소매,G216,안경·정밀기기 소매,G21601,사무기기 소매업,G47821,사무용 기기 소매업,11,서울특별시,11545,금천구,11545510,가산동,1154510100,가산동,1154510100103450029,1,대지,345,29,서울특별시 금천구 가산동 345-29,115453117002,서울특별시 금천구 가산디지털2로,70,,1154510100103450029000004,,서울특별시 금천구 가산디지털2로 70,153802,08589,,,,126.882347331925,37.4747030781747
MA0106202410A1211550,복사나라,,G2,소매,G216,안경·정밀기기 소매,G21601,사무기기 소매업,G47821,사무용 기기 소매업,29,광주광역시,29140,서구,29140760,화정1동,2914011900,화정동,2914011900101000000,1,대지,100,,광주광역시 서구 화정동 100,291403160065,광주광역시 서구 화운로,205,,2914011900101000000018790,영화아파트,광주광역시 서구 화운로 205,502849,61972,,1,,126.876614971765,35.1572907000567
MA0105202301E0348093,리코솔루텍,,G2,소매,G216,안경·정밀기기 소매,G21601,사무기기 소매업,G47821,사무용 기기 소매업,41,경기도,41210,광명시,41210590,철산1동,4121010200,철산동,4121010200100550001,1,대지,55,1,경기도 광명시 철산동 55-1,412104361155,경기도 광명시 사성로103번길,14,,,,경기도 광명시 사성로103번길 14,423721,14224,,,,126.867058410835,37.4899319244673
MA0106202409A0088183,대원OA시스템,,G2,소매,G216,안경·정밀기기 소매,G21601,사무기기 소매업,G47821,사무용 기기 소매업,41,경기도,41287,고양시 일산서구,41287570,대화동,4128710400,대화동,4128710400122060001,1,대지,2206,1,경기도 고양시 일산서구 대화동 2206-1,412873193002,경기도 고양시 일산서구 강성로,271,,4128710400122060001006661,,경기도 고양시 일산서구 강성로 271,411805,10381,,2,,126.747007837255,37.6771690182804
MA0106202409A0697680,태백제일상사,,G2,소매,G216,안경·정밀기기 소매,G21601,사무기기 소매업,G47821,사무용 기기 소매업,51,강원특별자치도,51190,태백시,51190535,삼수동,5119010100,황지동,5119010100103790012,1,대지,379,12,강원특별자치도 태백시 황지동 379-12,511903222011,강원특별자치도 태백시 오투로,70,,4219010100103790012001528,,강원특별자치도 태백시 오투로 70,235802,26010,,,,128.979628027669,37.1749456154284
MA0103202411C0052251,디오픽스,,G2,소매,G216,안경·정밀기기 소매,G21601,사무기기 소매업,G47821,사무용 기기 소매업,28,인천광역시,28110,중구,28110615,개항동,2811013800,북성동1가,2811013800100040072,1,대지,4,72,인천광역시 중구 북성동1가 4-72,281104247291,인천광역시 중구 월미로38번길,2,,2811013800100040072212738,,인천광역시 중구 월미로38번길 2,400201,22300,,2,,126.614967656938,37.4773599201214
MA0106202410A0846773,충청렌탈,,G2,소매,G216,안경·정밀기기 소매,G21601,사무기기 소매업,G47821,사무용 기기 소매업,43,충청북도,43750,진천군,43750330,문백면,4375033021,문백면,4375033021103630011,1,대지,363,11,충청북도 진천군 문백면 문덕리 363-11,437504535114,충청북도 진천군 문백면 문덕길,37,28,4375033021103630011000001,,충청북도 진천군 문백면 문덕길 37-28,365862,27862,,,,127.446769772833,36.8380902860797
MA0106202407A1876716,제주종합OA,,G2,소매,G216,안경·정밀기기 소매,G21601,사무기기 소매업,G47821,사무용 기기 소매업,50,제주특별자치도,50110,제주시,50110540,이도2동,5011010400,이도이동,5011010400119750008,1,대지,1975,8,제주특별자치도 제주시 이도이동 1975-8,501104847694,제주특별자치도 제주시 박성내서길,2,7,5011010400119750008000001,신도리코,제주특별자치도 제주시 박성내서길 2-7,690851,63231,,1,,126.540273670665,33.4921013508965
MA0106202307A0169355,153솔루션,,G2,소매,G216,안경·정밀기기 소매,G21601,사무기기 소매업,G47821,사무용 기기 소매업,28,인천광역시,28260,서구,28260536,청라1동,2826012200,청라동,2826012200102020003,1,대지,202,3,인천광역시 서구 청라동 202-3,282602008002,인천광역시 서구 중봉대로,490,,2826012200102020003000001,,인천광역시 서구 중봉대로 490,,22770,,,,126.650469739564,37.5228447229925
MA0106202201A0562442,카피테크이십일,,G2,소매,G216,안경·정밀기기 소매,G21601,사무기기 소매업,G47821,사무용 기기 소매업,28,인천광역시,28177,미추홀구,28177540,용현1.4동,2817710200,용현동,2817710200102530005,1,대지,253,5,인천광역시 미추홀구 용현동 253-5,281773008011,인천광역시 미추홀구 인하로,100,,2817010200102010000000002,,인천광역시 미추홀구 인하로 100,402021,22212,,,,126.651548114804,37.451452374212
MA0101202411A0186759,케이비케이에코,,G2,소매,G216,안경·정밀기기 소매,G21601,사무기기 소매업,G47821,사무용 기기 소매업,31,울산광역시,31200,북구,31200540,강동동,3120011800,산하동,3120011800104620000,1,대지,462,,울산광역시 북구 산하동 462,312003172052,울산광역시 북구 강동산하1로,39,,3120011800104620000000001,,울산광역시 북구 강동산하1로 39,683260,44233,,2,,129.439170765053,35.6230884758633
MA0106202406A1217652,그린OA시스템,,G2,소매,G216,안경·정밀기기 소매,G21601,사무기기 소매업,G47821,사무용 기기 소매업,29,광주광역시,29170,북구,29170650,문화동,2917011300,각화동,2917011300105010003,1,대지,501,3,광주광역시 북구 각화동 501-3,291704286414,광주광역시 북구 서하로455번길,21,,2917011300105010003000001,,광주광역시 북구 서하로455번길 21,500801,61136,,1,,126.929340787888,35.1824537678327
MA0106202309A1827669,아이투비연우전산,,G2,소매,G216,안경·정밀기기 소매,G21601,사무기기 소매업,G47821,사무용 기기 소매업,31,울산광역시,31170,동구,31170530,화정동,3117010200,화정동,3117010200108510003,1,대지,851,3,울산광역시 동구 화정동 851-3,311703171011,울산광역시 동구 봉수로,98,,3117010200108510003002442,현대파라다이스3차,울산광역시 동구 봉수로 98,682823,44073,,,,129.418567206414,35.4965208175107
MA0106202301A0068035,신도오에이,,G2,소매,G216,안경·정밀기기 소매,G21601,사무기기 소매업,G47821,사무용 기기 소매업,11,서울특별시,11470,양천구,11470650,신정4동,1147010100,신정동,1147010100109100001,1,대지,910,1,서울특별시 양천구 신정동 910-1,114704142339,서울특별시 양천구 은행정로17길,13,,1147010100109100001001603,,서울특별시 양천구 은행정로17길 13,158857,07944,,1,,126.857343353075,37.5266275014158
MA0106202406A0262828,명성오에이,,G2,소매,G216,안경·정밀기기 소매,G21601,사무기기 소매업,G47821,사무용 기기 소매업,41,경기도,41135,성남시 분당구,41135545,정자동,4113510300,정자동,4113510300100540001,1,대지,54,1,경기도 성남시 분당구 정자동 54-1,411354340030,경기도 성남시 분당구 내정로113번길,4,,4113510300100540001011119,,경기도 성남시 분당구 내정로113번길 4,463874,13609,,2,,127.114836981016,37.3706743717963
MA0106202405A0537958,디엔에스,,G2,소매,G216,안경·정밀기기 소매,G21601,사무기기 소매업,G47821,사무용 기기 소매업,11,서울특별시,11710,송파구,11710520,풍납2동,1171010300,풍납동,1171010300104080019,1,대지,408,19,서울특별시 송파구 풍납동 408-19,117104169491,서울특별시 송파구 토성로19길,3,10,1171010300104080019024907,,서울특별시 송파구 토성로19길 3-10,138879,05531,,,,127.117478124323,37.5292771444502
MA0106202404A2043361,미르테크OA,,G2,소매,G216,안경·정밀기기 소매,G21601,사무기기 소매업,G47821,사무용 기기 소매업,43,충청북도,43114,청주시 청원구,43114510,우암동,4311410100,우암동,4311410100103300023,1,대지,330,23,충청북도 청주시 청원구 우암동 330-23,431144508624,충청북도 청주시 청원구 중앙로103번길,30,,4311111300103300023046214,,충청북도 청주시 청원구 중앙로103번길 30,363814,28538,,1,,127.486420976546,36.6463311692621
MA0106202407A0037660,인포시스,,G2,소매,G216,안경·정밀기기 소매,G21601,사무기기 소매업,G47821,사무용 기기 소매업,41,경기도,41281,고양시 덕양구,41281660,화전동,4128113200,향동동,4128113200103910000,1,대지,391,,경기도 고양시 덕양구 향동동 391,412813351992,경기도 고양시 덕양구 향동로,217,,4128113200103910000000001,DMC플렉스데시앙,경기도 고양시 덕양구 향동로 217,412160,10545,,,,126.89239687218,37.6090606636254
MA0106202405A1635269,한울OA,,G2,소매,G216,안경·정밀기기 소매,G21601,사무기기 소매업,G47821,사무용 기기 소매업,46,전라남도,46150,순천시,46150540,매곡동,4615010700,매곡동,4615010700104280012,1,대지,428,12,전라남도 순천시 매곡동 428-12,461504649396,전라남도 순천시 북정2길,12,,4615010700100460000043332,,전라남도 순천시 북정2길 12,540948,57940,,1,,127.483910036726,34.963594505283
MA0106202308A1221985,신도네트,,G2,소매,G216,안경·정밀기기 소매,G21601,사무기기 소매업,G47821,사무용 기기 소매업,29,광주광역시,29140,서구,29140800,서창동,2914013200,매월동,2914013200109520059,1,대지,952,59,광주광역시 서구 매월동 952-59,291403160008,광주광역시 서구 매월1로,45,,2914013200109520059000001,,광주광역시 서구 매월1로 45,502151,62072,,1,,126.857407644012,35.1134994610662
MA0106202201A0172586,153솔루션,,G2,소매,G216,안경·정밀기기 소매,G21601,사무기기 소매업,G47821,사무용 기기 소매업,41,경기도,41196,부천시 오정구,41196570,신흥동,4119610800,내동,4119610800102120034,1,대지,212,34,경기도 부천시 오정구 내동 212-34,411963000015,경기도 부천시 오정구 오정로,183,20,4119910800102120034047804,,경기도 부천시 오정구 오정로 183-20,421806,14441,,,,126.780471568821,37.5266898310309
MA0106202306A1168114,원광프린테크,,G2,소매,G216,안경·정밀기기 소매,G21601,사무기기 소매업,G47821,사무용 기기 소매업,52,전북특별자치도,52710,완주군,52710256,용진읍,5271025622,용진읍,5271025622101850000,1,대지,185,,전북특별자치도 완주군 용진읍 구억리 185,527104619389,전북특별자치도 완주군 용진읍 하이1길,2,,4571031024101850000029236,,전북특별자치도 완주군 용진읍 하이1길 2,565812,55353,,,,127.174013771625,35.8621039339845
MA0106202301A0166992,구영테크,,G2,소매,G216,안경·정밀기기 소매,G21601,사무기기 소매업,G47821,사무용 기기 소매업,28,인천광역시,28200,남동구,28200510,구월1동,2820010100,구월동,2820010100112200004,1,대지,1220,4,인천광역시 남동구 구월동 1220-4,282002008004,인천광역시 남동구 인주대로,691,,2820010100112200004003039,,인천광역시 남동구 인주대로 691,405837,21564,,,,126.713872069604,37.449637471508
MA0106202309A0616732,컨트롤피,,G2,소매,G216,안경·정밀기기 소매,G21601,사무기기 소매업,G47821,사무용 기기 소매업,11,서울특별시,11545,금천구,11545510,가산동,1154510100,가산동,1154510100103270005,1,대지,327,5,서울특별시 금천구 가산동 327-5,115453117002,서울특별시 금천구 가산디지털2로,34,,1154510100103270005015330,지밸리더리브스마트타워,서울특별시 금천구 가산디지털2로 34,153802,08592,,2,,126.883595604834,37.471667911676
MA0106202309A1901311,정우OA,,G2,소매,G216,안경·정밀기기 소매,G21601,사무기기 소매업,G47821,사무용 기기 소매업,48,경상남도,48330,양산시,48330330,상북면,4833033023,상북면,4833033023104790037,1,대지,479,37,경상남도 양산시 상북면 소토리 479-37,483302000032,경상남도 양산시 상북면 양산대로,1222,,4833033023104790037005187,,경상남도 양산시 상북면 양산대로 1222,626856,50565,,1,,129.047915392303,35.3779208348063
MA0106202301A0111451,유원OA,,G2,소매,G216,안경·정밀기기 소매,G21601,사무기기 소매업,G47821,사무용 기기 소매업,11,서울특별시,11230,동대문구,11230660,장안2동,1123010600,장안동,1123010600105350000,1,대지,535,,서울특별시 동대문구 장안동 535,112303005038,서울특별시 동대문구 한천로,146,,1123010600105350000015232,,서울특별시 동대문구 한천로 146,130847,02529,,,,127.067150967685,37.5738708378894
MA0106202301A1542824,두성종합상사,,G2,소매,G216,안경·정밀기기 소매,G21601,사무기기 소매업,G47821,사무용 기기 소매업,48,경상남도,48890,합천군,48890250,합천읍,4889025021,합천읍,4889025021104150005,1,대지,415,5,경상남도 합천군 합천읍 합천리 415-5,488903348048,경상남도 합천군 합천읍 옥산로,67,,4889025021104150005001877,,경상남도 합천군 합천읍 옥산로 67,678801,50232,,,,128.162481545579,35.5684867494067
MA0106202301A0549890,윤앤킴,코리아,G2,소매,G216,안경·정밀기기 소매,G21601,사무기기 소매업,G47821,사무용 기기 소매업,11,서울특별시,11200,성동구,11200660,성수1가2동,1120011400,성수동1가,1120011400106561179,1,대지,656,1179,서울특별시 성동구 성수동1가 656-1179,112003005024,서울특별시 성동구 광나루로,142,68,1120011400106561179007460,,서울특별시 성동구 광나루로 142-68,133924,04788,,1,,127.045934216692,37.5508064791356
MA0106202404A1287327,신도유성사무기,,G2,소매,G216,안경·정밀기기 소매,G21601,사무기기 소매업,G47821,사무용 기기 소매업,30,대전광역시,30200,유성구,30200546,노은1동,3020011900,노은동,3020011900105350014,1,대지,535,14,대전광역시 유성구 노은동 535-14,302004301072,대전광역시 유성구 노은동로87번길,5,23,3020011900105350014009084,,대전광역시 유성구 노은동로87번길 5-23,305325,34091,,,,127.322219747169,36.3679726396829
MA0106202301A0144178,로킷,,G2,소매,G216,안경·정밀기기 소매,G21601,사무기기 소매업,G47821,사무용 기기 소매업,11,서울특별시,11545,금천구,11545510,가산동,1154510100,가산동,1154510100100600005,1,대지,60,5,서울특별시 금천구 가산동 60-5,115454151195,서울특별시 금천구 디지털로9길,32,,1154510100100600005000001,갑을그레이트밸리,서울특별시 금천구 디지털로9길 32,153709,08512,,,,126.887280270136,37.4796364070487
MA0106202309A1222630,미르,,G2,소매,G216,안경·정밀기기 소매,G21601,사무기기 소매업,G47821,사무용 기기 소매업,29,광주광역시,29170,북구,29170615,동림동,2917010800,동림동,2917010800209250017,2,산,925,17,광주광역시 북구 동림동 산925-17,291704286179,광주광역시 북구 동운로52번길,81,,2917010800209250017000001,,광주광역시 북구 동운로52번길 81,500180,61094,,,,126.849437410535,35.1765580401275
MA0101202411A0187481,티마켓팅,,G2,소매,G216,안경·정밀기기 소매,G21601,사무기기 소매업,G47821,사무용 기기 소매업,41,경기도,41410,군포시,41410510,군포1동,4141010100,당동,4141010100107510007,1,대지,751,7,경기도 군포시 당동 751-7,414103200004,경기도 군포시 군포로,535,,4141010100107510007003835,,경기도 군포시 군포로 535,435814,15860,,지,,126.946160971573,37.3539047024019
MA0106202307A0947571,에스오에스OA,,G2,소매,G216,안경·정밀기기 소매,G21601,사무기기 소매업,G47821,사무용 기기 소매업,44,충청남도,44131,천안시 동남구,44131590,신안동,4413111800,신부동,4413111800105030020,1,대지,503,20,충청남도 천안시 동남구 신부동 503-20,441314547435,충청남도 천안시 동남구 신부12길,39,,4413111800105030020009393,,충청남도 천안시 동남구 신부12길 39,330943,31124,,,,127.162614856885,36.8182732718645
MA0106202308A2448224,삼성복사기,,G2,소매,G216,안경·정밀기기 소매,G21601,사무기기 소매업,G47821,사무용 기기 소매업,47,경상북도,47190,구미시,47190610,비산동,4719011200,비산동,4719011200103630005,1,대지,363,5,경상북도 구미시 비산동 363-5,471904724371,경상북도 구미시 비산로3길,20,4,4719011200103630005000002,,경상북도 구미시 비산로3길 20-4,730100,39245,,1,,128.378205220111,36.1214089205463
MA0106202201A1207507,복사나라,,G2,소매,G216,안경·정밀기기 소매,G21601,사무기기 소매업,G47821,사무용 기기 소매업,29,광주광역시,29140,서구,29140730,광천동,2914011500,광천동,2914011500106500307,1,대지,650,307,광주광역시 서구 광천동 650-307,291404280511,광주광역시 서구 화운로304번길,11,1,2914011500106500307002377,,광주광역시 서구 화운로304번길 11-1,502802,61913,,,,126.878588463211,35.1660719275162
MA0106202405A1291470,다원디지털OA,,G2,소매,G216,안경·정밀기기 소매,G21601,사무기기 소매업,G47821,사무용 기기 소매업,41,경기도,41480,파주시,41480520,금촌2동,4148012300,금릉동,4148012300104430005,1,대지,443,5,경기도 파주시 금릉동 443-5,414804418477,경기도 파주시 쇠재1길,25,4,4148010300104430005001372,,경기도 파주시 쇠재1길 25-4,413818,10934,,,,126.779367967093,37.7510235719726
MA0106202404A0939176,잉크스테이션,천안점,G2,소매,G216,안경·정밀기기 소매,G21601,사무기기 소매업,G47821,사무용 기기 소매업,44,충청남도,44131,천안시 동남구,44131550,봉명동,4413111300,봉명동,4413111300104430002,1,대지,443,2,충청남도 천안시 동남구 봉명동 443-2,441314547288,충청남도 천안시 동남구 봉서10길,33,,4413111300104430002012534,신비주택,충청남도 천안시 동남구 봉서10길 33,330930,31148,,,,127.133566193375,36.8130289444764
MA0106202310A2463610,Y.E.S세진,,G2,소매,G216,안경·정밀기기 소매,G21601,사무기기 소매업,G47821,사무용 기기 소매업,26,부산광역시,26260,동래구,26260740,안락1동,2626010200,안락동,2626010200104450025,1,대지,445,25,부산광역시 동래구 안락동 445-25,262603130016,부산광역시 동래구 안락로,61,,2626010200104450025020400,,부산광역시 동래구 안락로 61,607828,47783,,,,129.103726833744,35.1997800957954
MA0106202404A0343267,서해실업,,G2,소매,G216,안경·정밀기기 소매,G21601,사무기기 소매업,G47821,사무용 기기 소매업,28,인천광역시,28177,미추홀구,28177700,관교동,2817710600,관교동,2817710600104840004,1,대지,484,4,인천광역시 미추홀구 관교동 484-4,281774253660,인천광역시 미추홀구 주승로197번길,14,30,2817010800104840004139347,,인천광역시 미추홀구 주승로197번길 14-30,402080,22240,,,,126.69307517229,37.4447018143659
MA0106202310A1623467,스마트OA시스템,,G2,소매,G216,안경·정밀기기 소매,G21601,사무기기 소매업,G47821,사무용 기기 소매업,26,부산광역시,26350,해운대구,26350620,반송2동,2635010100,반송동,2635010100102160262,1,대지,216,262,부산광역시 해운대구 반송동 216-262,263503133033,부산광역시 해운대구 윗반송로,39,,2635010100102160262000612,,부산광역시 해운대구 윗반송로 39,612807,48007,,,,129.153884869163,35.2295906395703
MA0106202301A0182414,우리사무기,,G2,소매,G216,안경·정밀기기 소매,G21601,사무기기 소매업,G47821,사무용 기기 소매업,41,경기도,41173,안양시 동안구,41173580,호계1동,4117310400,호계동,4117310400105550009,1,대지,555,9,경기도 안양시 동안구 호계동 555-9,411733182030,경기도 안양시 동안구 엘에스로,92,,4117310400105550009005178,안양국제유통단지,경기도 안양시 동안구 엘에스로 92,431763,14117,,,,126.95173678756,37.3714771356516
MA0106202201A1208538,미르,,G2,소매,G216,안경·정밀기기 소매,G21601,사무기기 소매업,G47821,사무용 기기 소매업,29,광주광역시,29140,서구,29140751,상무1동,2914011800,쌍촌동,2914011800113640010,1,대지,1364,10,광주광역시 서구 쌍촌동 1364-10,291404280234,광주광역시 서구 상일로14번길,6,5,2914011800113640010025696,,광주광역시 서구 상일로14번길 6-5,502860,61966,,,,126.863906913124,35.156447841486
MA0106202405A0867491,하나시스템,,G2,소매,G216,안경·정밀기기 소매,G21601,사무기기 소매업,G47821,사무용 기기 소매업,43,충청북도,43130,충주시,43130625,칠금.금릉동,4313011600,칠금동,4313011600110900000,1,대지,1090,,충청북도 충주시 칠금동 1090,431304514265,충청북도 충주시 대가미4길,5,1,4313011600110900000018455,,충청북도 충주시 대가미4길 5-1,380965,27363,,,,127.922072434398,36.9806415003068
MA0106202405A0601811,아이코닉솔루션,,G2,소매,G216,안경·정밀기기 소매,G21601,사무기기 소매업,G47821,사무용 기기 소매업,41,경기도,41370,오산시,41370560,초평동,4137012100,가수동,4137012100103990000,1,대지,399,,경기도 오산시 가수동 399,413704394092,경기도 오산시 수목원로88번길,35,,4137012100103790000000002,현대테라타워,경기도 오산시 수목원로88번길 35,447150,18126,,,,127.059992492093,37.1432195421686
MA0106202309A1607464,드림오에이,,G2,소매,G216,안경·정밀기기 소매,G21601,사무기기 소매업,G47821,사무용 기기 소매업,30,대전광역시,30110,동구,30110740,산내동,3011013600,낭월동,3011013600106390000,1,대지,639,,대전광역시 동구 낭월동 639,301103000087,대전광역시 동구 곤룡로,32,,3011013600106390000000001,,대전광역시 동구 곤룡로 32,300220,34703,,1,,127.471579493522,36.2794045465512
MA0106202201A2167008,태정시스템,,G2,소매,G216,안경·정밀기기 소매,G21601,사무기기 소매업,G47821,사무용 기기 소매업,26,부산광역시,26260,동래구,26260600,사직3동,2626010900,사직동,2626010900101490032,1,대지,149,32,부산광역시 동래구 사직동 149-32,262604190453,부산광역시 동래구 중앙대로1267번길,82,,,,부산광역시 동래구 중앙대로1267번길 82,607813,47830,,,,129.073290045838,35.1991878398608
MA0106202311A0546241,세이프티블루,,G2,소매,G216,안경·정밀기기 소매,G21601,사무기기 소매업,G47821,사무용 기기 소매업,11,서울특별시,11230,동대문구,11230600,답십리1동,1123010500,답십리동,1123010500104680013,1,대지,468,13,서울특별시 동대문구 답십리동 468-13,112303105019,서울특별시 동대문구 황물로,71,,1123010500104680013020738,,서울특별시 동대문구 황물로 71,130804,02596,,1,,127.048833663307,37.5718075478408
MA0106202308A0302991,한성사무기기,,G2,소매,G216,안경·정밀기기 소매,G21601,사무기기 소매업,G47821,사무용 기기 소매업,41,경기도,41310,구리시,41310590,수택3동,4131010700,토평동,4131010700104400008,1,대지,440,8,경기도 구리시 토평동 440-8,413104388088,경기도 구리시 벌말로80번길,23,,4131010700104400008013269,,경기도 구리시 벌말로80번길 23,471033,11960,,1,,127.148222332144,37.5836177122042
MA0106202307A2325108,상하오에이,,G2,소매,G216,안경·정밀기기 소매,G21601,사무기기 소매업,G47821,사무용 기기 소매업,50,제주특별자치도,50110,제주시,50110600,화북동,5011011200,화북이동,5011011200151380020,1,대지,5138,20,제주특별자치도 제주시 화북이동 5138-20,501103349137,제주특별자치도 제주시 연삼로,668,,5011011200151380020000002,,제주특별자치도 제주시 연삼로 668,690061,63304,,1,,126.558419896396,33.5082788247255
MA0106202201A1044909,아이티프렌드,,G2,소매,G216,안경·정밀기기 소매,G21601,사무기기 소매업,G47821,사무용 기기 소매업,30,대전광역시,30110,동구,30110695,삼성동,3011011800,삼성동,3011011800102820041,1,대지,282,41,대전광역시 동구 삼성동 282-41,301104292457,대전광역시 동구 우암로50번길,23,,3011011800102820041019144,,대전광역시 동구 우암로50번길 23,300812,34624,,,,127.425345835003,36.3350004932699
MA0106202201A0888602,오피스디포인천,중앙점,G2,소매,G216,안경·정밀기기 소매,G21601,사무기기 소매업,G47821,사무용 기기 소매업,28,인천광역시,28140,동구,28140610,송림4동,2814010700,송림동,2814010700102950000,1,대지,295,,인천광역시 동구 송림동 295,281403150035,인천광역시 동구 방축로,105,,2814010700102950000001592,,인천광역시 동구 방축로 105,401821,22530,,,,126.656111278768,37.4841182260411
MA0106202301A0546813,나스파,코리아,G2,소매,G216,안경·정밀기기 소매,G21601,사무기기 소매업,G47821,사무용 기기 소매업,11,서울특별시,11215,광진구,11215847,자양4동,1121510500,자양동,1121510500107850001,1,대지,785,1,서울특별시 광진구 자양동 785-1,112154112253,서울특별시 광진구 뚝섬로31길,11,,1121510500107840001025266,대동상가,서울특별시 광진구 뚝섬로31길 11,143881,05076,,,,127.067569710337,37.5361548415513
MA0106202301A0267309,시스엔컴,,G2,소매,G216,안경·정밀기기 소매,G21601,사무기기 소매업,G47821,사무용 기기 소매업,41,경기도,41135,성남시 분당구,41135640,야탑3동,4113510700,야탑동,4113510700102770001,1,대지,277,1,경기도 성남시 분당구 야탑동 277-1,411354340368,경기도 성남시 분당구 장미로148번길,3,4,4113510700102770001055284,,경기도 성남시 분당구 장미로148번길 3-4,463856,13504,,,,127.137458888282,37.4127189609138
MA0106202201A1865208,정우OA,,G2,소매,G216,안경·정밀기기 소매,G21601,사무기기 소매업,G47821,사무용 기기 소매업,26,부산광역시,26410,금정구,26410580,부곡2동,2641010900,부곡동,2641010900102840029,1,대지,284,29,부산광역시 금정구 부곡동 284-29,264104205190,부산광역시 금정구 부곡로126번길,36,,,,부산광역시 금정구 부곡로126번길 36,609822,46271,,,,129.093916751239,35.2268945377862
MA0106202301A0916404,솜씨O/A,,G2,소매,G216,안경·정밀기기 소매,G21601,사무기기 소매업,G47821,사무용 기기 소매업,44,충청남도,44230,논산시,44230520,부창동,4423010400,부창동,4423010400101410002,1,대지,141,2,충청남도 논산시 부창동 141-2,442303000095,충청남도 논산시 계백로,902,,4423010400101410002045543,,충청남도 논산시 계백로 902,320080,32956,,,,127.080610293999,36.1970275201835
MA0106202301A1736238,신도태광사무기,,G2,소매,G216,안경·정밀기기 소매,G21601,사무기기 소매업,G47821,사무용 기기 소매업,26,부산광역시,26170,동구,26170550,초량6동,2617010100,초량동,2617010100107980017,1,대지,798,17,부산광역시 동구 초량동 798-17,261703127046,부산광역시 동구 초량북로,13,,2617010100107980017017815,,부산광역시 동구 초량북로 13,601832,48803,,,,129.035206153068,35.1212794860409
MA0106202301A1742926,부산비지니스,,G2,소매,G216,안경·정밀기기 소매,G21601,사무기기 소매업,G47821,사무용 기기 소매업,26,부산광역시,26230,부산진구,26230760,개금3동,2623011100,개금동,2623011100102080011,1,대지,208,11,부산광역시 부산진구 개금동 208-11,262302006008,부산광역시 부산진구 백양대로,267,1,2623011100102080011015411,,부산광역시 부산진구 백양대로 267-1,614811,47259,,,,129.022164613069,35.1549673725538
MA0106202301A0079558,FA-TECH,,G2,소매,G216,안경·정밀기기 소매,G21601,사무기기 소매업,G47821,사무용 기기 소매업,41,경기도,41173,안양시 동안구,41173580,호계1동,4117310400,호계동,4117310400105550009,1,대지,555,9,경기도 안양시 동안구 호계동 555-9,411733182030,경기도 안양시 동안구 엘에스로,76,,4117310400105550009005725,국제유통단지,경기도 안양시 동안구 엘에스로 76,431763,14117,,,,126.953126304246,37.3700450634828
MA0106202301A0151762,동연디자인,,G2,소매,G216,안경·정밀기기 소매,G21601,사무기기 소매업,G47821,사무용 기기 소매업,11,서울특별시,11650,서초구,11650600,방배1동,1165010100,방배동,1165010100109270002,1,대지,927,2,서울특별시 서초구 방배동 927-2,116504163255,서울특별시 서초구 방배로19길,31,,1165010100109270002015491,서진빌딩,서울특별시 서초구 방배로19길 31,137843,06682,,6,,126.993442139815,37.4846996015111
MA0106202212A0959602,대한종합상사,,G2,소매,G216,안경·정밀기기 소매,G21601,사무기기 소매업,G47821,사무용 기기 소매업,44,충청남도,44180,보령시,44180545,대천4동,4418010500,명천동,4418010500112280000,1,대지,1228,,충청남도 보령시 명천동 1228,441804855599,충청남도 보령시 명천로5길,13,,4418010500112280000000001,,충청남도 보령시 명천로5길 13,355941,33475,,,,126.607219028306,36.335616610978
MA0106202212A2117391,비엘,코리아,G2,소매,G216,안경·정밀기기 소매,G21601,사무기기 소매업,G47821,사무용 기기 소매업,52,전북특별자치도,52111,전주시 완산구,52111672,중화산2동,5211112800,중화산동2가,5211112800105870003,1,대지,587,3,전북특별자치도 전주시 완산구 중화산동2가 587-3,521114598300,전북특별자치도 전주시 완산구 인정2길,2,,4511112800105870003027428,,전북특별자치도 전주시 완산구 인정2길 2,560838,54973,,,,127.120053051473,35.8198018750036
MA0106202301A0343118,삼성토탈OA,,G2,소매,G216,안경·정밀기기 소매,G21601,사무기기 소매업,G47821,사무용 기기 소매업,41,경기도,41461,용인시 처인구,41461510,중앙동,4146110100,김량장동,4146110100103280003,1,대지,328,3,경기도 용인시 처인구 김량장동 328-3,414613203017,경기도 용인시 처인구 금령로,20,,4146110100103280003010682,,경기도 용인시 처인구 금령로 20,449926,17049,,,,127.198394380626,37.2346966863961
MA0106202301A1435519,동인씨엔씨,,G2,소매,G216,안경·정밀기기 소매,G21601,사무기기 소매업,G47821,사무용 기기 소매업,27,대구광역시,27140,동구,27140555,신천1.2동,2714010200,신천동,2714010200106690011,1,대지,669,11,대구광역시 동구 신천동 669-11,271404226175,대구광역시 동구 송라로3길,39,,2714010200106690011031138,,대구광역시 동구 송라로3길 39,701832,41268,,,,128.61791111675,35.8700073209436
MA0106202301A1824971,삼성종합사무기,,G2,소매,G216,안경·정밀기기 소매,G21601,사무기기 소매업,G47821,사무용 기기 소매업,48,경상남도,48220,통영시,48220590,정량동,4822010900,정량동,4822010900110050006,1,대지,1005,6,경상남도 통영시 정량동 1005-6,482203333042,경상남도 통영시 통영해안로,426,,,,경상남도 통영시 통영해안로 426,650806,53048,,,,128.43318158835,34.8466030716421
MA0106202301A1830020,지엔텍,,G2,소매,G216,안경·정밀기기 소매,G21601,사무기기 소매업,G47821,사무용 기기 소매업,48,경상남도,48310,거제시,48310540,아주동,4831010500,아주동,4831010500100010000,1,대지,1,,경상남도 거제시 아주동 1,483102006004,경상남도 거제시 거제대로,3370,,,,경상남도 거제시 거제대로 3370,656714,53302,,,,128.725308858965,34.8816716937486
MA0106202204A1310469,대우디지털오에이,,G2,소매,G216,안경·정밀기기 소매,G21601,사무기기 소매업,G47821,사무용 기기 소매업,41,경기도,41450,하남시,41450630,미사3동,4145011000,풍산동,4145011000106010000,1,대지,601,,경기도 하남시 풍산동 601,414502202001,경기도 하남시 하남대로,990,,4145011000106010000000001,,경기도 하남시 하남대로 990,465170,12939,,,,127.189954391485,37.5482299286574
MA0106202206A1477246,브랜드구제샵,,G2,소매,G216,안경·정밀기기 소매,G21601,사무기기 소매업,G47821,사무용 기기 소매업,47,경상북도,47130,경주시,47130590,선도동,4713011400,충효동,4713011400129950004,1,대지,2995,4,경상북도 경주시 충효동 2995-4,471304716182,경상북도 경주시 충효녹지길,44,,4713011400129950004035532,,경상북도 경주시 충효녹지길 44,780973,38061,,,,129.186160025552,35.8419504940395
MA0106202301A0549123,신도디지탈,,G2,소매,G216,안경·정밀기기 소매,G21601,사무기기 소매업,G47821,사무용 기기 소매업,11,서울특별시,11215,광진구,11215847,자양4동,1121510500,자양동,1121510500101970036,1,대지,197,36,서울특별시 광진구 자양동 197-36,112154112239,서울특별시 광진구 뚝섬로22가길,28,,1121510500101970036015862,,서울특별시 광진구 뚝섬로22가길 28,143846,05083,,,,127.06276035257,37.535283524893
MA0106202301A0147205,대동문구상사,,G2,소매,G216,안경·정밀기기 소매,G21601,사무기기 소매업,G47821,사무용 기기 소매업,11,서울특별시,11680,강남구,11680610,대치2동,1168010600,대치동,1168010600109680006,1,대지,968,6,서울특별시 강남구 대치동 968-6,116802122002,서울특별시 강남구 영동대로,329,,1168010600109680006027401,,서울특별시 강남구 영동대로 329,135848,06188,,,,127.065244769101,37.5038732145672
MA0106202301A0183881,마스터OA,,G2,소매,G216,안경·정밀기기 소매,G21601,사무기기 소매업,G47821,사무용 기기 소매업,41,경기도,41173,안양시 동안구,41173580,호계1동,4117310400,호계동,4117310400105550009,1,대지,555,9,경기도 안양시 동안구 호계동 555-9,411733182030,경기도 안양시 동안구 엘에스로,76,,4117310400105550009005725,국제유통단지,경기도 안양시 동안구 엘에스로 76,431763,14117,,,,126.953126304246,37.3700450634828
MA0106202301A0666795,양구종합O.A상사,,G2,소매,G216,안경·정밀기기 소매,G21601,사무기기 소매업,G47821,사무용 기기 소매업,51,강원특별자치도,51800,양구군,51800250,양구읍,5180025021,양구읍,5180025021103330021,1,대지,333,21,강원특별자치도 양구군 양구읍 상리 333-21,518004496063,강원특별자치도 양구군 양구읍 사명길,108,29,4280025021003330002004917,상,강원특별자치도 양구군 양구읍 사명길 108-29,255804,24525,,,,127.988990005137,38.1070833113775
MA0106202301A0977449,우진테크,,G2,소매,G216,안경·정밀기기 소매,G21601,사무기기 소매업,G47821,사무용 기기 소매업,44,충청남도,44760,부여군,44760310,규암면,4476031032,규암면,4476031032101340009,1,대지,134,9,충청남도 부여군 규암면 규암리 134-9,447603259129,충청남도 부여군 규암면 수북로,46,,4476031032101340009026026,,충청남도 부여군 규암면 수북로 46,323811,33126,,,,126.889240126278,36.2729023016855
MA0106202301A0650910,신도강남프라자,,G2,소매,G216,안경·정밀기기 소매,G21601,사무기기 소매업,G47821,사무용 기기 소매업,11,서울특별시,11680,강남구,11680650,역삼2동,1168010100,역삼동,1168010100107810000,1,대지,781,,서울특별시 강남구 역삼동 781,116804166189,서울특별시 강남구 논현로68길,12,,1168010100107810000025343,,서울특별시 강남구 논현로68길 12,135515,06228,,,,127.040946814357,37.4946217923544
MA0106202210A0616346,그린OA,,G2,소매,G216,안경·정밀기기 소매,G21601,사무기기 소매업,G47821,사무용 기기 소매업,41,경기도,41210,광명시,41210640,소하1동,4121010400,소하동,4121010400113440000,1,대지,1344,,경기도 광명시 소하동 1344,412103187036,경기도 광명시 소하로,190,,4121010400113440000000003,,경기도 광명시 소하로 190,423051,14322,,,,126.894201896532,37.4458278489744
MA0106202210A1652027,한국슈레더,,G2,소매,G216,안경·정밀기기 소매,G21601,사무기기 소매업,G47821,사무용 기기 소매업,41,경기도,41480,파주시,41480540,교하동,4148012000,신촌동,4148012000102450018,1,대지,245,18,경기도 파주시 신촌동 245-18,414804418451,경기도 파주시 소라지로195번길,36,19,4148025934102450018003079,,경기도 파주시 소라지로195번길 36-19,413070,10863,,,,126.691713927314,37.7396639357741
MA0106202301A0907765,모든정보시스템,,G2,소매,G216,안경·정밀기기 소매,G21601,사무기기 소매업,G47821,사무용 기기 소매업,36,세종특별자치시,36110,세종특별자치시,36110250,조치원읍,3611025030,조치원읍,3611025030103790011,1,대지,379,11,세종특별자치시 세종특별자치시 조치원읍 죽림리 379-11,361103258034,세종특별자치시 세종특별자치시 조치원읍 충현로,77,,4473025030103790011035606,,세종특별자치시 세종특별자치시 조치원읍 충현로 77,339884,30034,,,,127.296185062296,36.5953750194103
MA0106202301A1812378,덕산종합상사,,G2,소매,G216,안경·정밀기기 소매,G21601,사무기기 소매업,G47821,사무용 기기 소매업,31,울산광역시,31140,남구,31140550,신정5동,3114010400,신정동,3114010400101620016,1,대지,162,16,울산광역시 남구 신정동 162-16,311403170037,울산광역시 남구 신정로,118,,,,울산광역시 남구 신정로 118,680821,44688,,1,,129.319583994505,35.5422391019202
MA0106202301A0140684,복합기렌탈더존프린터,,G2,소매,G216,안경·정밀기기 소매,G21601,사무기기 소매업,G47821,사무용 기기 소매업,11,서울특별시,11545,금천구,11545510,가산동,1154510100,가산동,1154510100104700005,1,대지,470,5,서울특별시 금천구 가산동 470-5,115453117001,서울특별시 금천구 가산디지털1로,196,,1154510100104700005000001,에이스테크노타워10차,서울특별시 금천구 가산디지털1로 196,153789,08502,,,,126.88128288533,37.4829642647067
MA0106202301A0035714,디지탈뱅크,,G2,소매,G216,안경·정밀기기 소매,G21601,사무기기 소매업,G47821,사무용 기기 소매업,11,서울특별시,11230,동대문구,11230610,답십리2동,1123010500,답십리동,1123010500100640002,1,대지,64,2,서울특별시 동대문구 답십리동 64-2,112303005025,서울특별시 동대문구 답십리로,178,,1123010500100640002021470,,서울특별시 동대문구 답십리로 178,130883,02607,,,,127.059791933786,37.5726764714329
MA0106202301A1866452,삼성사무기,,G2,소매,G216,안경·정밀기기 소매,G21601,사무기기 소매업,G47821,사무용 기기 소매업,50,제주특별자치도,50130,서귀포시,50130530,중앙동,5013010100,서귀동,5013010100102860004,1,대지,286,4,제주특별자치도 서귀포시 서귀동 286-4,501303350339,제주특별자치도 서귀포시 동문로,12,,,,제주특별자치도 서귀포시 동문로 12,697843,63591,,,,126.562386247959,33.2518205163119
MA0106202206A0301840,한솔OA시스템,,G2,소매,G216,안경·정밀기기 소매,G21601,사무기기 소매업,G47821,사무용 기기 소매업,28,인천광역시,28200,남동구,28200700,논현2동,2820011000,논현동,2820011000106370001,1,대지,637,1,인천광역시 남동구 논현동 637-1,282004259254,인천광역시 남동구 논현로46번길,14,,2820011000106370001000001,,인천광역시 남동구 논현로46번길 14,405825,21655,,,,126.710677092189,37.4018038464787
MA0106202201A0036736,인포시스,,G2,소매,G216,안경·정밀기기 소매,G21601,사무기기 소매업,G47821,사무용 기기 소매업,11,서울특별시,11500,강서구,11500603,가양1동,1150010400,가양동,1150010400114980000,1,대지,1498,,서울특별시 강서구 가양동 1498,115003115008,서울특별시 강서구 양천로,401,,1150010400100520007000001,,서울특별시 강서구 양천로 401,157201,07528,,,,126.847647828913,37.5657006958558
MA0106202201A0160839,드림센터,,G2,소매,G216,안경·정밀기기 소매,G21601,사무기기 소매업,G47821,사무용 기기 소매업,28,인천광역시,28177,미추홀구,28177630,주안2동,2817710500,주안동,2817710500106060008,1,대지,606,8,인천광역시 미추홀구 주안동 606-8,281773151034,인천광역시 미추홀구 한나루로,556,,2817010600106060008043379,,인천광역시 미추홀구 한나루로 556,402844,22156,,,,126.670560757608,37.4558407559055
MA0106202301A1276877,미래OA상사,,G2,소매,G216,안경·정밀기기 소매,G21601,사무기기 소매업,G47821,사무용 기기 소매업,52,전북특별자치도,52111,전주시 완산구,52111730,효자5동,5211114200,효자동3가,5211114200115990007,1,대지,1599,7,전북특별자치도 전주시 완산구 효자동3가 1599-7,521113266086,전북특별자치도 전주시 완산구 황강서원로,38,,4511114200115990007000001,은우빌,전북특별자치도 전주시 완산구 황강서원로 38,560900,54960,,,,127.101285494349,35.8285613736209
MA0106202301A0045367,광산사무기상사,,G2,소매,G216,안경·정밀기기 소매,G21601,사무기기 소매업,G47821,사무용 기기 소매업,11,서울특별시,11170,용산구,11170570,원효로2동,1117011700,원효로3가,1117011700100510030,1,대지,51,30,서울특별시 용산구 원효로3가 51-30,111703101023,서울특별시 용산구 청파로,77,,1117012300100510015000218,용산전자상가,서울특별시 용산구 청파로 77,140849,04366,,1,,126.96062713043,37.5336628267143
MA0106202301A0686780,화이팅사무기,,G2,소매,G216,안경·정밀기기 소매,G21601,사무기기 소매업,G47821,사무용 기기 소매업,51,강원특별자치도,51130,원주시,51130660,무실동,5113011500,무실동,5113011500117200006,1,대지,1720,6,강원특별자치도 원주시 무실동 1720-6,511303219035,강원특별자치도 원주시 시청로,22,,4213011500117200006000001,리젠트프라자,강원특별자치도 원주시 시청로 22,220150,26387,,,,127.922196129361,37.3402040171656
MA0106202301A0965339,소프트어웨이,,G2,소매,G216,안경·정밀기기 소매,G21601,사무기기 소매업,G47821,사무용 기기 소매업,30,대전광역시,30110,동구,30110665,성남동,3011011600,성남동,3011011600105020030,1,대지,502,30,대전광역시 동구 성남동 502-30,301104292031,대전광역시 동구 계족로392번길,35,,3011011600105020011006555,,대전광역시 동구 계족로392번길 35,300817,34572,,,,127.434381867335,36.3475754248111
MA0106202301A1756743,세기OA시스템,,G2,소매,G216,안경·정밀기기 소매,G21601,사무기기 소매업,G47821,사무용 기기 소매업,26,부산광역시,26230,부산진구,26230570,양정2동,2623010100,양정동,2623010100101400050,1,대지,140,50,부산광역시 부산진구 양정동 140-50,262304187704,부산광역시 부산진구 중앙대로970번가길,18,,,,부산광역시 부산진구 중앙대로970번가길 18,614854,47217,,1,,129.075192665458,35.1760135664913
MA0106202301A1822619,오성사무기,,G2,소매,G216,안경·정밀기기 소매,G21601,사무기기 소매업,G47821,사무용 기기 소매업,48,경상남도,48310,거제시,48310580,고현동,4831010900,고현동,4831010900107200004,1,대지,720,4,경상남도 거제시 고현동 720-4,483103337006,경상남도 거제시 계룡로,134,,,,경상남도 거제시 계룡로 134,656934,53256,,,,128.621800509414,34.8816278467259
MA0106202301A0099563,미래오에이,,G2,소매,G216,안경·정밀기기 소매,G21601,사무기기 소매업,G47821,사무용 기기 소매업,11,서울특별시,11620,관악구,11620625,인헌동,1162010100,봉천동,1162010100116320001,1,대지,1632,1,서울특별시 관악구 봉천동 1632-1,116203005083,서울특별시 관악구 봉천로,594,,1162010100116320001023925,,서울특별시 관악구 봉천로 594,151832,08793,,,,126.963167055149,37.4762696074754
MA0106202211A0536072,비즈니스메이트,,G2,소매,G216,안경·정밀기기 소매,G21601,사무기기 소매업,G47821,사무용 기기 소매업,41,경기도,41360,남양주시,41360250,와부읍,4136025025,와부읍,4136025025107480025,1,대지,748,25,경기도 남양주시 와부읍 율석리 748-25,413604391479,경기도 남양주시 와부읍 석실로488번길,12,,4136025025107480025014553,,경기도 남양주시 와부읍 석실로488번길 12,472904,12201,,,,127.212684105367,37.6102965818035
MA0106202209A0583854,하이정보통신,,G2,소매,G216,안경·정밀기기 소매,G21601,사무기기 소매업,G47821,사무용 기기 소매업,41,경기도,41461,용인시 처인구,41461530,유림동,4146110600,고림동,4146110600107970014,1,대지,797,14,경기도 용인시 처인구 고림동 797-14,414613203009,경기도 용인시 처인구 고진로,61,4,4146110600107970014039873,,경기도 용인시 처인구 고진로 61-4,449923,17151,,,,127.217027221429,37.2363940121382
MA0106202301A0029018,신도OA,,G2,소매,G216,안경·정밀기기 소매,G21601,사무기기 소매업,G47821,사무용 기기 소매업,11,서울특별시,11440,마포구,11440630,신수동,1144011100,신수동,1144011100100890001,1,대지,89,1,서울특별시 마포구 신수동 89-1,114403113001,서울특별시 마포구 광성로,34,,1144011100100890001007818,,서울특별시 마포구 광성로 34,121854,04096,,1,,126.936661716191,37.5497262380397
MA0106202301A0514059,씨에스티솔루션,,G2,소매,G216,안경·정밀기기 소매,G21601,사무기기 소매업,G47821,사무용 기기 소매업,11,서울특별시,11140,중구,11140625,다산동,1114016200,신당동,1114016200103530019,1,대지,353,19,서울특별시 중구 신당동 353-19,111403101014,서울특별시 중구 다산로,79,,1114016200103530019009464,약수빌딩,서울특별시 중구 다산로 79,100828,04599,,,,127.007808578093,37.5517702137214
MA0106202301A0571395,조은커뮤니케이션,,G2,소매,G216,안경·정밀기기 소매,G21601,사무기기 소매업,G47821,사무용 기기 소매업,11,서울특별시,11290,성북구,11290705,종암동,1129013500,종암동,1129013500100030337,1,대지,3,337,서울특별시 성북구 종암동 3-337,112904121472,서울특별시 성북구 월곡로7길,25,,1129013500100030337000001,,서울특별시 성북구 월곡로7길 25,136858,02797,,,,127.038116007474,37.5983367304273
MA0106202301A1901734,현대사무기,,G2,소매,G216,안경·정밀기기 소매,G21601,사무기기 소매업,G47821,사무용 기기 소매업,31,울산광역시,31200,북구,31200530,농소3동,3120010800,천곡동,3120010800109400006,1,대지,940,6,울산광역시 북구 천곡동 940-6,312004316343,울산광역시 북구 천곡길,165,,,,울산광역시 북구 천곡길 165,683500,44202,,,,129.327356061757,35.6374657984541
MA0106202301A1836138,현진OA테크,,G2,소매,G216,안경·정밀기기 소매,G21601,사무기기 소매업,G47821,사무용 기기 소매업,48,경상남도,48170,진주시,48170695,초장동,4817012200,초전동,4817012200106760003,1,대지,676,3,경상남도 진주시 초전동 676-3,481703332061,경상남도 진주시 초전남로,30,,,,경상남도 진주시 초전남로 30,660785,52738,,,,128.114791529104,35.199362668499
MA0106202301A0395404,한성사무기,,G2,소매,G216,안경·정밀기기 소매,G21601,사무기기 소매업,G47821,사무용 기기 소매업,41,경기도,41463,용인시 기흥구,41463575,동백2동,4146311600,중동,4146311600108480002,1,대지,848,2,경기도 용인시 기흥구 중동 848-2,414633204027,경기도 용인시 기흥구 동백중앙로,203,,4146311600108480002017700,,경기도 용인시 기흥구 동백중앙로 203,446529,17006,,,,127.151768631278,37.2715011392264
MA0106202301A1139501,동부디지털씨스템,,G2,소매,G216,안경·정밀기기 소매,G21601,사무기기 소매업,G47821,사무용 기기 소매업,52,전북특별자치도,52130,군산시,52130650,조촌동,5213013500,경장동,5213013500104850003,1,대지,485,3,전북특별자치도 군산시 경장동 485-3,521303268117,전북특별자치도 군산시 번영로,35,,4513013500104850003030116,,전북특별자치도 군산시 번영로 35,573884,54036,,,,126.72697752315,35.9734215183736
MA0106202301A0622597,렌탈리안,,G2,소매,G216,안경·정밀기기 소매,G21601,사무기기 소매업,G47821,사무용 기기 소매업,11,서울특별시,11710,송파구,11710570,오금동,1171011200,오금동,1171011200100470001,1,대지,47,1,서울특별시 송파구 오금동 47-1,117104169471,서울특별시 송파구 중대로29길,13,,1171011200100470001014300,홍실빌딩,서울특별시 송파구 중대로29길 13,138857,05661,,1,,127.128171280624,37.5040018996238
MA0106202301A1737815,대우사무기,,G2,소매,G216,안경·정밀기기 소매,G21601,사무기기 소매업,G47821,사무용 기기 소매업,26,부산광역시,26530,사상구,26530670,학장동,2653010700,학장동,2653010700102450002,1,대지,245,2,부산광역시 사상구 학장동 245-2,265304217381,부산광역시 사상구 학장로135번길,122,,,,부산광역시 사상구 학장로135번길 122,617844,47019,,,,128.983638155205,35.1472415827628
MA0106202301A0157191,디지탈OA우리사무기,,G2,소매,G216,안경·정밀기기 소매,G21601,사무기기 소매업,G47821,사무용 기기 소매업,28,인천광역시,28177,미추홀구,28177540,용현1.4동,2817710200,용현동,2817710200101650003,1,대지,165,3,인천광역시 미추홀구 용현동 165-3,281773008011,인천광역시 미추홀구 인하로,47,,2817010200101650003146427,,인천광역시 미추홀구 인하로 47,402824,22207,,1,,126.653771301063,37.4521526851377
MA0106202212A1154984,대양사무용가구,,G2,소매,G216,안경·정밀기기 소매,G21601,사무기기 소매업,G47821,사무용 기기 소매업,52,전북특별자치도,52111,전주시 완산구,52111672,중화산2동,5211112800,중화산동2가,5211112800105290001,1,대지,529,1,전북특별자치도 전주시 완산구 중화산동2가 529-1,521114598161,전북특별자치도 전주시 완산구 산월1길,27,,4511112800105290001010864,,전북특별자치도 전주시 완산구 산월1길 27,560837,54980,,,,127.120153171544,35.8128079912937
MA0106202301A1622072,한울OA,,G2,소매,G216,안경·정밀기기 소매,G21601,사무기기 소매업,G47821,사무용 기기 소매업,46,전라남도,46150,순천시,46150320,서면,4615032032,서면,4615032032104840009,1,대지,484,9,전라남도 순천시 서면 지본리 484-9,461504857936,전라남도 순천시 서면 장자길,50,,,,전라남도 순천시 서면 장자길 50,540814,57904,,,,127.510999318131,35.0024769706882
MA0106202301A0886557,오피스디포인천,중앙점,G2,소매,G216,안경·정밀기기 소매,G21601,사무기기 소매업,G47821,사무용 기기 소매업,28,인천광역시,28140,동구,28140610,송림4동,2814010700,송림동,2814010700102940000,1,대지,294,,인천광역시 동구 송림동 294,281404250070,인천광역시 동구 방축로83번길,23,,2814010700102940000004016,인천산업용품유통센터,인천광역시 동구 방축로83번길 23,401705,22530,,,,126.654796465778,37.4848261851048
MA0106202301A0046988,사랑행복씨앤씨,,G2,소매,G216,안경·정밀기기 소매,G21601,사무기기 소매업,G47821,사무용 기기 소매업,11,서울특별시,11170,용산구,11170570,원효로2동,1117011700,원효로3가,1117011700100510030,1,대지,51,30,서울특별시 용산구 원효로3가 51-30,111703101023,서울특별시 용산구 청파로,77,,1117012300100510015000218,원효전자상가,서울특별시 용산구 청파로 77,140849,04366,,2,,126.96062713043,37.5336628267143
MA0106202210A2413994,디지털뱅크,,G2,소매,G216,안경·정밀기기 소매,G21601,사무기기 소매업,G47821,사무용 기기 소매업,11,서울특별시,11230,동대문구,11230610,답십리2동,1123010500,답십리동,1123010500100640002,1,대지,64,2,서울특별시 동대문구 답십리동 64-2,112303005025,서울특별시 동대문구 답십리로,178,,1123010500100640002021470,,서울특별시 동대문구 답십리로 178,130883,02607,,,,127.059791933786,37.5726764714329
MA0106202301A0055105,동하기기상사,,G2,소매,G216,안경·정밀기기 소매,G21601,사무기기 소매업,G47821,사무용 기기 소매업,11,서울특별시,11530,구로구,11530530,구로2동,1153010200,구로동,1153010200112580000,1,대지,1258,,서울특별시 구로구 구로동 1258,115304148108,서울특별시 구로구 경인로53길,15,,1153010200112580000017234,중앙유통,서울특별시 구로구 경인로53길 15,152721,08217,,,,126.876118294779,37.5020332748086
MA0106202301A0369133,제로테크오에이,,G2,소매,G216,안경·정밀기기 소매,G21601,사무기기 소매업,G47821,사무용 기기 소매업,41,경기도,41173,안양시 동안구,41173580,호계1동,4117310400,호계동,4117310400105550009,1,대지,555,9,경기도 안양시 동안구 호계동 555-9,411733182030,경기도 안양시 동안구 엘에스로,76,,4117310400105550009005725,국제유통단지,경기도 안양시 동안구 엘에스로 76,431763,14117,,,,126.953126304246,37.3700450634828
MA0106202301A0369909,우리엔솔루션,,G2,소매,G216,안경·정밀기기 소매,G21601,사무기기 소매업,G47821,사무용 기기 소매업,41,경기도,41173,안양시 동안구,41173580,호계1동,4117310400,호계동,4117310400105550009,1,대지,555,9,경기도 안양시 동안구 호계동 555-9,411733182030,경기도 안양시 동안구 엘에스로,76,,4117310400105550009005725,국제유통단지,경기도 안양시 동안구 엘에스로 76,431763,14117,,,,126.953126304246,37.3700450634828
MA0106202301A1475695,제일,,G2,소매,G216,안경·정밀기기 소매,G21601,사무기기 소매업,G47821,사무용 기기 소매업,11,서울특별시,11110,종로구,11110630,종로5.6가동,1111016400,종로6가,1111016400102890003,1,대지,289,3,서울특별시 종로구 종로6가 289-3,111103100013,서울특별시 종로구 종로,266,,1111016400102700003012054,동대문종합시장,서울특별시 종로구 종로 266,110784,03198,,,,127.007323809304,37.570700186669
MA0106202301A0210179,창진상사,,G2,소매,G216,안경·정밀기기 소매,G21601,사무기기 소매업,G47821,사무용 기기 소매업,41,경기도,41220,평택시,41220256,포승읍,4122025628,포승읍,4122025628102560002,1,대지,256,2,경기도 평택시 포승읍 석정리 256-2,412202012006,경기도 평택시 포승읍 서동대로,1297,1,4122025628102560002043597,,경기도 평택시 포승읍 서동대로 1297-1,451824,17814,,,,126.896569638139,36.9876465436129
MA0106202202A0215270,잉크몰,,G2,소매,G216,안경·정밀기기 소매,G21601,사무기기 소매업,G47821,사무용 기기 소매업,41,경기도,41590,화성시,41590259,향남읍,4159025939,향남읍,4159025939104800000,1,대지,480,,경기도 화성시 향남읍 행정리 480,415903210115,경기도 화성시 향남읍 행정동로,62,,4159025939103600002000001,향남시범살구꽃마을풍림아이원,경기도 화성시 향남읍 행정동로 62,445926,18601,,,,126.927436883632,37.1294352838408
MA0106202201A0304884,한솔OA시스템,,G2,소매,G216,안경·정밀기기 소매,G21601,사무기기 소매업,G47821,사무용 기기 소매업,28,인천광역시,28200,남동구,28200521,구월3동,2820010100,구월동,2820010100110970006,1,대지,1097,6,인천광역시 남동구 구월동 1097-6,282004259350,인천광역시 남동구 문화로145번길,48,4,2820010100110970006002704,,인천광역시 남동구 문화로145번길 48-4,405824,21559,,,,126.697270980594,37.4522991456628
MA0106202301A0046055,세진비지니스,,G2,소매,G216,안경·정밀기기 소매,G21601,사무기기 소매업,G47821,사무용 기기 소매업,11,서울특별시,11170,용산구,11170625,한강로동,1117012500,한강로2가,1117012500100160001,1,대지,16,1,서울특별시 용산구 한강로2가 16-1,111703005018,서울특별시 용산구 새창로,181,,1117012500100160001000297,선인상가,서울특별시 용산구 새창로 181,140747,04371,,,,126.964983571174,37.5325199274883
MA0106202301A0781859,디에스테크,,G2,소매,G216,안경·정밀기기 소매,G21601,사무기기 소매업,G47821,사무용 기기 소매업,52,전북특별자치도,52113,전주시 덕진구,52113600,팔복동,5211311000,팔복동3가,5211311000101120000,1,대지,112,,전북특별자치도 전주시 덕진구 팔복동3가 112,521133266051,전북특별자치도 전주시 덕진구 온고을로,284,,4511311000101120000023912,,전북특별자치도 전주시 덕진구 온고을로 284,561203,54885,,,,127.095370860301,35.8430133794627
MA0106202301A0221484,동양사무용가구,,G2,소매,G216,안경·정밀기기 소매,G21601,사무기기 소매업,G47821,사무용 기기 소매업,41,경기도,41610,광주시,41610253,초월읍,4161025323,초월읍,4161025323100170012,1,대지,17,12,경기도 광주시 초월읍 산이리 17-12,416102012002,경기도 광주시 초월읍 경충대로,873,,4161025323100170012040489,,경기도 광주시 초월읍 경충대로 873,464962,12807,,,,127.315197186375,37.3611917752731
MA0106202301A0516136,아마노사무기,,G2,소매,G216,안경·정밀기기 소매,G21601,사무기기 소매업,G47821,사무용 기기 소매업,11,서울특별시,11140,중구,11140550,명동,1114010800,수하동,1114010800100650001,1,대지,65,1,서울특별시 중구 수하동 65-1,111404103012,서울특별시 중구 남대문로10길,6,,1114010800100650001019221,경기주차빌딩,서울특별시 중구 남대문로10길 6,100210,04539,,1,,126.983247783584,37.5668790039481
MA0106202301A0102458,애드앤테크,,G2,소매,G216,안경·정밀기기 소매,G21601,사무기기 소매업,G47821,사무용 기기 소매업,11,서울특별시,11530,구로구,11530530,구로2동,1153010200,구로동,1153010200106070001,1,대지,607,1,서울특별시 구로구 구로동 607-1,115304148111,서울특별시 구로구 경인로55길,17,,1153010200106070005017252,,서울특별시 구로구 경인로55길 17,152865,08215,,,,126.877294175858,37.502205693086
MA0106202301A0359991,월드디지털사무기기,,G2,소매,G216,안경·정밀기기 소매,G21601,사무기기 소매업,G47821,사무용 기기 소매업,41,경기도,41570,김포시,41570340,대곶면,4157034026,대곶면,4157034026103920000,1,대지,392,,경기도 김포시 대곶면 초원지리 392,415703209038,경기도 김포시 대곶면 대명항로,220,11,4157034026103920000004698,,경기도 김포시 대곶면 대명항로 220-11,415837,10039,,,,126.595062011509,37.6544821123207
MA0106202301A0127597,신도네트,화곡점,G2,소매,G216,안경·정밀기기 소매,G21601,사무기기 소매업,G47821,사무용 기기 소매업,11,서울특별시,11470,양천구,11470650,신정4동,1147010100,신정동,1147010100109420013,1,대지,942,13,서울특별시 양천구 신정동 942-13,114703005068,서울특별시 양천구 중앙로,316,,1147010100109420013002159,,서울특별시 양천구 중앙로 316,158871,07942,,,,126.851046361059,37.524448314002
MA0106202301A0210686,신도안중OA,,G2,소매,G216,안경·정밀기기 소매,G21601,사무기기 소매업,G47821,사무용 기기 소매업,41,경기도,41220,평택시,41220253,안중읍,4122025330,안중읍,4122025330108510006,1,대지,851,6,경기도 평택시 안중읍 현화리 851-6,412204364450,경기도 평택시 안중읍 안중로18번길,43,,4122025330108510006042884,,경기도 평택시 안중읍 안중로18번길 43,451885,17940,,,,126.926946747204,36.9834700701501
MA0106202301A0238934,타임C&P,,G2,소매,G216,안경·정밀기기 소매,G21601,사무기기 소매업,G47821,사무용 기기 소매업,41,경기도,41800,연천군,41800253,전곡읍,4180025321,전곡읍,4180025321104560020,1,대지,456,20,경기도 연천군 전곡읍 전곡리 456-20,418004445303,경기도 연천군 전곡읍 은전로85번길,30,,4180025321104560020002863,가동,경기도 연천군 전곡읍 은전로85번길 30,486903,11029,,,,127.068316603783,38.0296386769408
MA0106202301A0715681,태백제일상사,,G2,소매,G216,안경·정밀기기 소매,G21601,사무기기 소매업,G47821,사무용 기기 소매업,51,강원특별자치도,51190,태백시,51190515,황지동,5119010100,황지동,5119010100100680007,1,대지,68,7,강원특별자치도 태백시 황지동 68-7,511903222013,강원특별자치도 태백시 황지로,122,,4219010100100680007004303,,강원특별자치도 태백시 황지로 122,235800,26013,,,,128.992119211207,37.1695829990783
MA0106202206A0414276,나눔솔루션무인과금,,G2,소매,G216,안경·정밀기기 소매,G21601,사무기기 소매업,G47821,사무용 기기 소매업,41,경기도,41590,화성시,41590259,향남읍,4159025923,향남읍,4159025923103360002,1,대지,336,2,경기도 화성시 향남읍 제암리 336-2,415904431170,경기도 화성시 향남읍 제암길56번길,76,,4159025923103360002000200,,경기도 화성시 향남읍 제암길56번길 76,445946,18595,,,,126.896354103344,37.1297185444954
MA0106202201A2219921,OA네트윅스,,G2,소매,G216,안경·정밀기기 소매,G21601,사무기기 소매업,G47821,사무용 기기 소매업,26,부산광역시,26170,동구,26170530,초량3동,2617010100,초량동,2617010100111680013,1,대지,1168,13,부산광역시 동구 초량동 1168-13,261704181426,부산광역시 동구 중앙대로260번길,3,2,,,부산광역시 동구 중앙대로260번길 3-2,601837,48731,,,,129.043189685025,35.1199105164084
MA0106202301A1710720,극동종합사무기,,G2,소매,G216,안경·정밀기기 소매,G21601,사무기기 소매업,G47821,사무용 기기 소매업,26,부산광역시,26170,동구,26170570,수정2동,2617010200,수정동,2617010200108580011,1,대지,858,11,부산광역시 동구 수정동 858-11,261703127029,부산광역시 동구 수정중로,7,,,,부산광역시 동구 수정중로 7,601819,48782,,,,129.04374104755,35.1292463457588
MA0106202301A0003920,위드솔루션,,G2,소매,G216,안경·정밀기기 소매,G21601,사무기기 소매업,G47821,사무용 기기 소매업,11,서울특별시,11200,성동구,11200660,성수1가2동,1120011400,성수동1가,1120011400100130129,1,대지,13,129,서울특별시 성동구 성수동1가 13-129,112004109314,서울특별시 성동구 상원6길,7,,1120011400100130129007909,,서울특별시 성동구 상원6길 7,133822,04790,,,,127.048977057805,37.5487689997684
MA0106202301A0051305,상신서부특약점,,G2,소매,G216,안경·정밀기기 소매,G21601,사무기기 소매업,G47821,사무용 기기 소매업,11,서울특별시,11560,영등포구,11560535,영등포동,1156010900,영등포동8가,1156010900100590002,1,대지,59,2,서울특별시 영등포구 영등포동8가 59-2,115603118024,서울특별시 영등포구 영중로,134,,1156010900100590002031696,,서울특별시 영등포구 영중로 134,150030,07229,,,,126.906043781342,37.5281629381536
MA0106202301A1724919,퍼스트삼융,,G2,소매,G216,안경·정밀기기 소매,G21601,사무기기 소매업,G47821,사무용 기기 소매업,26,부산광역시,26380,사하구,26380610,구평동,2638010700,구평동,2638010700104350242,1,대지,435,242,부산광역시 사하구 구평동 435-242,263803134011,부산광역시 사하구 두송로,139,,,,부산광역시 사하구 두송로 139,604818,49461,,,,128.984003250687,35.0727348279152
MA0106202301A1810001,영사무기,,G2,소매,G216,안경·정밀기기 소매,G21601,사무기기 소매업,G47821,사무용 기기 소매업,31,울산광역시,31140,남구,31140640,선암동,3114010900,선암동,3114010900105650006,1,대지,565,6,울산광역시 남구 선암동 565-6,311404310219,울산광역시 남구 두왕로106번길,3,,,,울산광역시 남구 두왕로106번길 3,680819,44774,,,,129.30972245572,35.512828498616
MA0106202301A0053846,컴퓨터복사기벼룩시장,,G2,소매,G216,안경·정밀기기 소매,G21601,사무기기 소매업,G47821,사무용 기기 소매업,11,서울특별시,11560,영등포구,11560550,당산1동,1156011200,당산동2가,1156011200100300002,1,대지,30,2,서울특별시 영등포구 당산동2가 30-2,115603118022,서울특별시 영등포구 영등포로,109,,1156011200100300002030099,유통,서울특별시 영등포구 영등포로 109,150723,07264,,,,126.894399370198,37.522350648366
MA0106202211A1206598,토탈OA시스템,,G2,소매,G216,안경·정밀기기 소매,G21601,사무기기 소매업,G47821,사무용 기기 소매업,29,광주광역시,29140,서구,29140740,유덕동,2914011600,유촌동,2914011600108780001,1,대지,878,1,광주광역시 서구 유촌동 878-1,291404280427,광주광역시 서구 칠성로52번길,12,,2914011600108780001026449,,광주광역시 서구 칠성로52번길 12,502863,61910,,,,126.862112499809,35.1661804850561
MA0106202301A0327998,메리트사무기기,,G2,소매,G216,안경·정밀기기 소매,G21601,사무기기 소매업,G47821,사무용 기기 소매업,41,경기도,41273,안산시 단원구,41273545,원곡동,4127310800,원곡동,4127310800109940005,1,대지,994,5,경기도 안산시 단원구 원곡동 994-5,412733191083,경기도 안산시 단원구 풍전로,7,,4127310800109940005046580,유통상가,경기도 안산시 단원구 풍전로 7,425780,15431,,,,126.787700657123,37.3225868805499
MA0106202301A0167516,경인사무기,,G2,소매,G216,안경·정밀기기 소매,G21601,사무기기 소매업,G47821,사무용 기기 소매업,28,인천광역시,28140,동구,28140610,송림4동,2814010700,송림동,2814010700102940000,1,대지,294,,인천광역시 동구 송림동 294,281404250070,인천광역시 동구 방축로83번길,23,,2814010700102940000004016,인천산업용품유통센터,인천광역시 동구 방축로83번길 23,401705,22530,,,,126.654796465778,37.4848261851048
MA0106202301A1757918,렛츠고시스템,,G2,소매,G216,안경·정밀기기 소매,G21601,사무기기 소매업,G47821,사무용 기기 소매업,26,부산광역시,26530,사상구,26530620,괘법동,2653010400,괘법동,2653010400105410003,1,대지,541,3,부산광역시 사상구 괘법동 541-3,265304217206,부산광역시 사상구 사상로202번길,60,,,,부산광역시 사상구 사상로202번길 60,617807,46967,,,,128.987384218306,35.1641222869764
MA0106202301A0531425,용건OA시스템,,G2,소매,G216,안경·정밀기기 소매,G21601,사무기기 소매업,G47821,사무용 기기 소매업,11,서울특별시,11215,광진구,11215760,중곡3동,1121510100,중곡동,1121510100101810007,1,대지,181,7,서울특별시 광진구 중곡동 181-7,112154112232,서울특별시 광진구 동일로76가길,45,7,1121510100101810007019920,,서울특별시 광진구 동일로76가길 45-7,143901,04901,,,,127.079995036752,37.5698804356973
MA0106202211A0059868,대광OA퍼니처,,G2,소매,G216,안경·정밀기기 소매,G21601,사무기기 소매업,G47821,사무용 기기 소매업,11,서울특별시,11650,서초구,11650621,방배4동,1165010100,방배동,1165010100119430000,1,대지,1943,,서울특별시 서초구 방배동 1943,116502005009,서울특별시 서초구 동작대로,144,,1165010100119430000009384,,서울특별시 서초구 동작대로 144,137852,06567,,,,126.982914568653,37.4894198305701
MA0106202301A1740801,보라미상사,,G2,소매,G216,안경·정밀기기 소매,G21601,사무기기 소매업,G47821,사무용 기기 소매업,11,서울특별시,11170,용산구,11170570,원효로2동,1117011700,원효로3가,1117011700100490008,1,대지,49,8,서울특별시 용산구 원효로3가 49-8,111703102007,서울특별시 용산구 원효로,146,,,,서울특별시 용산구 원효로 146,140848,04366,,,,126.959450162894,37.5342300590038
MA0106202301A1209773,거성OA,,G2,소매,G216,안경·정밀기기 소매,G21601,사무기기 소매업,G47821,사무용 기기 소매업,29,광주광역시,29140,서구,29140751,상무1동,2914011800,쌍촌동,2914011800109650039,1,대지,965,39,광주광역시 서구 쌍촌동 965-39,291404280190,광주광역시 서구 상무대로911번길,6,,2914011800109650039009726,,광주광역시 서구 상무대로911번길 6,502817,61969,,,,126.86179681991,35.151641206068
MA0106202301A0723966,대경정보통신,,G2,소매,G216,안경·정밀기기 소매,G21601,사무기기 소매업,G47821,사무용 기기 소매업,41,경기도,41650,포천시,41650510,포천동,4165010100,신읍동,4165010100101240005,1,대지,124,5,경기도 포천시 신읍동 124-5,416504439608,경기도 포천시 중앙로75번길,26,,4165010100101240005032176,,경기도 포천시 중앙로75번길 26,487803,11147,,,,127.198221134525,37.8952252488277
MA0106202301A0889420,계룡종합사무기,,G2,소매,G216,안경·정밀기기 소매,G21601,사무기기 소매업,G47821,사무용 기기 소매업,30,대전광역시,30140,중구,30140700,유천1동,3014011500,유천동,3014011500103050004,1,대지,305,4,대전광역시 중구 유천동 305-4,301403000095,대전광역시 중구 계백로,1570,,3014011500103050004028382,,대전광역시 중구 계백로 1570,301837,34974,,,,127.394638694372,36.3174787879973
MA0106202201A0755528,하나OA시스템,,G2,소매,G216,안경·정밀기기 소매,G21601,사무기기 소매업,G47821,사무용 기기 소매업,48,경상남도,48250,김해시,48250590,삼안동,4825011900,삼방동,4825011900101620003,1,대지,162,3,경상남도 김해시 삼방동 162-3,482504805648,경상남도 김해시 인제로210번길,10,1,4825011900101620003078008,,경상남도 김해시 인제로210번길 10-1,621909,50813,,,,128.90498076613,35.2473642330311
MA0106202201A0872713,하나시스템,,G2,소매,G216,안경·정밀기기 소매,G21601,사무기기 소매업,G47821,사무용 기기 소매업,43,충청북도,43130,충주시,43130625,칠금.금릉동,4313011600,칠금동,4313011600109560000,1,대지,956,,충청북도 충주시 칠금동 956,431304515401,충청북도 충주시 칠금중앙6길,5,,4313011600109560000017520,,충청북도 충주시 칠금중앙6길 5,380965,27362,,,,127.921172565857,36.9814594339796
MA0106202301A0031234,세경OA,,G2,소매,G216,안경·정밀기기 소매,G21601,사무기기 소매업,G47821,사무용 기기 소매업,11,서울특별시,11440,마포구,11440630,신수동,1144011100,신수동,1144011100100890001,1,대지,89,1,서울특별시 마포구 신수동 89-1,114403113001,서울특별시 마포구 광성로,34,,1144011100100890001007818,,서울특별시 마포구 광성로 34,121854,04096,,1,,126.936661716191,37.5497262380397
MA0106202301A1267122,리바트네오스사무용가구,,G2,소매,G216,안경·정밀기기 소매,G21601,사무기기 소매업,G47821,사무용 기기 소매업,46,전라남도,46130,여수시,46130740,둔덕동,4613012300,둔덕동,4613012300104850005,1,대지,485,5,전라남도 여수시 둔덕동 485-5,461303282022,전라남도 여수시 만성로,9,,4613012300104850005000705,,전라남도 여수시 만성로 9,550250,59697,,,,127.696907227247,34.7692761118051
MA0106202301A0279851,삼성프린터스,,G2,소매,G216,안경·정밀기기 소매,G21601,사무기기 소매업,G47821,사무용 기기 소매업,11,서울특별시,11530,구로구,11530530,구로2동,1153010200,구로동,1153010200112580000,1,대지,1258,,서울특별시 구로구 구로동 1258,115304148108,서울특별시 구로구 경인로53길,15,,1153010200112580000017234,중앙유통,서울특별시 구로구 경인로53길 15,152721,08217,,,,126.876118294779,37.5020332748086
MA0106202301A0137006,듀오백관악총판,코리아,G2,소매,G216,안경·정밀기기 소매,G21601,사무기기 소매업,G47821,사무용 기기 소매업,11,서울특별시,11620,관악구,11620605,은천동,1162010100,봉천동,1162010100109580027,1,대지,958,27,서울특별시 관악구 봉천동 958-27,116202000003,서울특별시 관악구 남부순환로,1667,1,1162010100109580027039534,,서울특별시 관악구 남부순환로 1667-1,151843,08756,,,,126.936071911498,37.4850068514558
MA0106202210A0239692,케이엠디지털라인,,G2,소매,G216,안경·정밀기기 소매,G21601,사무기기 소매업,G47821,사무용 기기 소매업,41,경기도,41630,양주시,41630570,옥정1동,4163011200,회암동,4163011200104470006,1,대지,447,6,경기도 양주시 회암동 447-6,416304436362,경기도 양주시 칠봉산로34번길,98,,4163011200104470006010403,,경기도 양주시 칠봉산로34번길 98,482160,11464,,,,127.086085500447,37.8448894926669
MA0106202301A0917576,우리사무기,,G2,소매,G216,안경·정밀기기 소매,G21601,사무기기 소매업,G47821,사무용 기기 소매업,44,충청남도,44230,논산시,44230410,은진면,4423041027,은진면,4423041027101140004,1,대지,114,4,충청남도 논산시 은진면 와야리 114-4,442303255048,충청남도 논산시 은진면 대학로,168,,4423041027101140004012592,,충청남도 논산시 은진면 대학로 168,320821,32998,,,,127.114669137399,36.1834185849116
MA0106202301A0171080,"모든오피스부평,계양점",,G2,소매,G216,안경·정밀기기 소매,G21601,사무기기 소매업,G47821,사무용 기기 소매업,28,인천광역시,28245,계양구,28245612,계산2동,2824510200,계산동,2824510200109170004,1,대지,917,4,인천광역시 계양구 계산동 917-4,282452008010,인천광역시 계양구 경명대로,1127,,2824510200109170004021089,제,인천광역시 계양구 경명대로 1127,407804,21031,,1,,126.732422365503,37.5433763404001
MA0106202301A0045231,선진통상,,G2,소매,G216,안경·정밀기기 소매,G21601,사무기기 소매업,G47821,사무용 기기 소매업,11,서울특별시,11170,용산구,11170625,한강로동,1117012500,한강로2가,1117012500100160001,1,대지,16,1,서울특별시 용산구 한강로2가 16-1,111703005018,서울특별시 용산구 새창로,181,,1117012500100160001000297,선인전자상가,서울특별시 용산구 새창로 181,140747,04371,,,,126.964983571174,37.5325199274883
MA0106202301A1799680,을숙도전산,,G2,소매,G216,안경·정밀기기 소매,G21601,사무기기 소매업,G47821,사무용 기기 소매업,26,부산광역시,26440,강서구,26440560,녹산동,2644011200,생곡동,2644011200101990000,1,대지,199,,부산광역시 강서구 생곡동 199,264404852266,부산광역시 강서구 생곡길26번길,7,,2644011200101990000016034,,부산광역시 강서구 생곡길26번길 7,618210,46729,,,,128.880000954207,35.1306902842732
MA0106202301A1465963,삼일OA,,G2,소매,G216,안경·정밀기기 소매,G21601,사무기기 소매업,G47821,사무용 기기 소매업,47,경상북도,47850,칠곡군,47850250,왜관읍,4785025021,왜관읍,4785025021102730045,1,대지,273,45,경상북도 칠곡군 왜관읍 왜관리 273-45,478504766001,경상북도 칠곡군 왜관읍 2번도로길,7,10,4785025021102730045039699,,경상북도 칠곡군 왜관읍 2번도로길 7-10,718805,39896,,,,128.396395025846,35.9886852224731
MA0106202301A0101864,현대사무기기,,G2,소매,G216,안경·정밀기기 소매,G21601,사무기기 소매업,G47821,사무용 기기 소매업,11,서울특별시,11620,관악구,11620655,신원동,1162010200,신림동,1162010200116280010,1,대지,1628,10,서울특별시 관악구 신림동 1628-10,116203117009,서울특별시 관악구 문성로,199,,1162010200116280010020230,,서울특별시 관악구 문성로 199,151900,08774,,,,126.925822503994,37.4791713350686
MA0106202301A0151720,아이신도판매,,G2,소매,G216,안경·정밀기기 소매,G21601,사무기기 소매업,G47821,사무용 기기 소매업,11,서울특별시,11680,강남구,11680610,대치2동,1168010600,대치동,1168010600109530011,1,대지,953,11,서울특별시 강남구 대치동 953-11,116804166427,서울특별시 강남구 삼성로76길,28,,1168010600109530011012387,조윤빌딩,서울특별시 강남구 삼성로76길 28,135847,06184,,1,,127.060710125218,37.5044702956407
MA0106202301A1901603,OA파트너,,G2,소매,G216,안경·정밀기기 소매,G21601,사무기기 소매업,G47821,사무용 기기 소매업,31,울산광역시,31710,울주군,31710259,범서읍,3171025922,범서읍,3171025922102990001,1,대지,299,1,울산광역시 울주군 범서읍 천상리 299-1,317104319196,울산광역시 울주군 범서읍 대동길,34,,,,울산광역시 울주군 범서읍 대동길 34,689770,44931,,,,129.229652136913,35.560831497429
MA0106202301A0945048,미라시스,,G2,소매,G216,안경·정밀기기 소매,G21601,사무기기 소매업,G47821,사무용 기기 소매업,44,충청남도,44133,천안시 서북구,44133250,성환읍,4413325023,성환읍,4413325023103250005,1,대지,325,5,충청남도 천안시 서북구 성환읍 매주리 325-5,441333250039,충청남도 천안시 서북구 성환읍 연암율금로,472,,4413325023103250005018650,,충청남도 천안시 서북구 성환읍 연암율금로 472,331803,31019,,,,127.129809836269,36.9113073648207
MA0106202301A1154111,삼성O/A,,G2,소매,G216,안경·정밀기기 소매,G21601,사무기기 소매업,G47821,사무용 기기 소매업,52,전북특별자치도,52111,전주시 완산구,52111660,서서학동,5211112600,서서학동,5211112600109730008,1,대지,973,8,전북특별자치도 전주시 완산구 서서학동 973-8,521114598403,전북특별자치도 전주시 완산구 학봉1길,29,6,4511112600109730008026107,,전북특별자치도 전주시 완산구 학봉1길 29-6,560817,55114,,,,127.151757450433,35.8028042945597
MA0106202301A0234400,아이티세상,,G2,소매,G216,안경·정밀기기 소매,G21601,사무기기 소매업,G47821,사무용 기기 소매업,41,경기도,41650,포천시,41650310,군내면,4165031028,군내면,4165031028102520004,1,대지,252,4,경기도 포천시 군내면 하성북리 252-4,416503213014,경기도 포천시 군내면 반월산성로,123,,4165031028102520010000001,,경기도 포천시 군내면 반월산성로 123,487878,11151,,,,127.225432324921,37.907996699225
MA0106202301A1496421,양지오에이,,G2,소매,G216,안경·정밀기기 소매,G21601,사무기기 소매업,G47821,사무용 기기 소매업,47,경상북도,47930,울진군,47930250,울진읍,4793025021,울진읍,4793025021100700001,1,대지,70,1,경상북도 울진군 울진읍 읍내리 70-1,479303325023,경상북도 울진군 울진읍 울진중앙로,126,,,,경상북도 울진군 울진읍 울진중앙로 126,767801,36325,,,,129.401339663895,36.9927414090647
MA0106202301A0212575,테라시스템,,G2,소매,G216,안경·정밀기기 소매,G21601,사무기기 소매업,G47821,사무용 기기 소매업,41,경기도,41113,수원시 권선구,41113690,곡선동,4111313600,곡반정동,4111313600105870013,1,대지,587,13,경기도 수원시 권선구 곡반정동 587-13,411134325196,경기도 수원시 권선구 동수원로36번길,5,16,4111313600105870013020957,외,경기도 수원시 권선구 동수원로36번길 5-16,441400,16672,,1,,127.024961454682,37.2351485691833
MA0106202207A1884497,은성OA시스템,,G2,소매,G216,안경·정밀기기 소매,G21601,사무기기 소매업,G47821,사무용 기기 소매업,26,부산광역시,26170,동구,26170645,좌천동,2617010300,좌천동,2617010300109500007,1,대지,950,7,부산광역시 동구 좌천동 950-7,261703127039,부산광역시 동구 증산로,10,,2617010300109500007004878,,부산광역시 동구 증산로 10,601825,48770,,,,129.046744190247,35.1348459699635
MA0106202301A0096315,시온테크,,G2,소매,G216,안경·정밀기기 소매,G21601,사무기기 소매업,G47821,사무용 기기 소매업,11,서울특별시,11620,관악구,11620565,성현동,1162010100,봉천동,1162010100100410190,1,대지,41,190,서울특별시 관악구 봉천동 41-190,116203120009,서울특별시 관악구 은천로,167,,1162010100100410190036839,,서울특별시 관악구 은천로 167,151805,08728,,,,126.954003615157,37.4861865038979
MA0106202301A1483273,제일사무기,,G2,소매,G216,안경·정밀기기 소매,G21601,사무기기 소매업,G47821,사무용 기기 소매업,47,경상북도,47111,포항시 남구,47111545,해도동,4711110300,해도동,4711110300100250003,1,대지,25,3,경상북도 포항시 남구 해도동 25-3,471113303054,경상북도 포항시 남구 축항로,14,,,,경상북도 포항시 남구 축항로 14,790838,37790,,,,129.369991890761,36.0285843250418
MA0106202301A1258733,순흥상사,,G2,소매,G216,안경·정밀기기 소매,G21601,사무기기 소매업,G47821,사무용 기기 소매업,46,전라남도,46150,순천시,46150570,덕연동,4615011400,연향동,4615011400113650001,1,대지,1365,1,전라남도 순천시 연향동 1365-1,461504649675,전라남도 순천시 연향번영4길,24,,4615011400113650001052215,,전라남도 순천시 연향번영4길 24,540954,57979,,1,,127.517188410375,34.9467007435376
MA0106202301A0521699,라이프가구,,G2,소매,G216,안경·정밀기기 소매,G21601,사무기기 소매업,G47821,사무용 기기 소매업,41,경기도,41360,남양주시,41360256,화도읍,4136025629,화도읍,4136025629102690028,1,대지,269,28,경기도 남양주시 화도읍 녹촌리 269-28,413604391008,경기도 남양주시 화도읍 가구단지1길,1,,4136025629102690028003079,,경기도 남양주시 화도읍 가구단지1길 1,472843,12178,,,,127.284584908005,37.6534103067736
MA0106202301A0359145,강화사무기,,G2,소매,G216,안경·정밀기기 소매,G21601,사무기기 소매업,G47821,사무용 기기 소매업,28,인천광역시,28710,강화군,28710250,강화읍,2871025022,강화읍,2871025022101410007,1,대지,141,7,인천광역시 강화군 강화읍 관청리 141-7,287104271315,인천광역시 강화군 강화읍 동문로20번길,3,,2871025022101410007004399,,인천광역시 강화군 강화읍 동문로20번길 3,417802,23036,,,,126.489530229749,37.7462775445923
MA0106202301A0158475,드림센터,,G2,소매,G216,안경·정밀기기 소매,G21601,사무기기 소매업,G47821,사무용 기기 소매업,28,인천광역시,28177,미추홀구,28177660,주안5동,2817710500,주안동,2817710500113850010,1,대지,1385,10,인천광역시 미추홀구 주안동 1385-10,281773150035,인천광역시 미추홀구 방축로,312,,2817710500113850010000001,,인천광역시 미추홀구 방축로 312,402854,22121,,9,,126.677499392473,37.4744837236026
MA0106202212A0552416,세이프티블루,,G2,소매,G216,안경·정밀기기 소매,G21601,사무기기 소매업,G47821,사무용 기기 소매업,11,서울특별시,11200,성동구,11200650,성수1가1동,1120011400,성수동1가,1120011400100950000,1,대지,95,,서울특별시 성동구 성수동1가 95,112004109340,서울특별시 성동구 성덕정길,33,,1120011400100950000008666,,서울특별시 성동구 성덕정길 33,133819,04774,,,,127.04747713777,37.5390478296065
MA0106202301A0318015,라온,,G2,소매,G216,안경·정밀기기 소매,G21601,사무기기 소매업,G47821,사무용 기기 소매업,41,경기도,41360,남양주시,41360565,다산2동,4136011200,다산동,4136011200162500000,1,대지,6250,,경기도 남양주시 다산동 6250,413603351589,경기도 남양주시 다산지금로,202,,4136011200162500000000001,현대DIMC테라타워,경기도 남양주시 다산지금로 202,,12284,,9,,127.172217832858,37.5956404071921
MA0106202301A0624241,오에이사무기,,G2,소매,G216,안경·정밀기기 소매,G21601,사무기기 소매업,G47821,사무용 기기 소매업,11,서울특별시,11710,송파구,11710620,가락본동,1171010700,가락동,1171010700100050000,1,대지,5,,서울특별시 송파구 가락동 5,117104169392,서울특별시 송파구 오금로34길,10,,1171010700100050000006414,,서울특별시 송파구 오금로34길 10,138800,05700,,,,127.124651812165,37.5026811884478
MA0106202301A0646041,신도리코,,G2,소매,G216,안경·정밀기기 소매,G21601,사무기기 소매업,G47821,사무용 기기 소매업,11,서울특별시,11200,성동구,11200690,성수2가3동,1120011500,성수동2가,1120011500102770022,1,대지,277,22,서울특별시 성동구 성수동2가 277-22,112004109348,서울특별시 성동구 성수이로24길,3,,1120011500102770021000001,,서울특별시 성동구 성수이로24길 3,133705,04797,,,,127.059510023839,37.5455836354178
MA0106202301A1749686,신도오에이서비스,,G2,소매,G216,안경·정밀기기 소매,G21601,사무기기 소매업,G47821,사무용 기기 소매업,26,부산광역시,26230,부산진구,26230610,전포2동,2623010200,전포동,2623010200101710006,1,대지,171,6,부산광역시 부산진구 전포동 171-6,262302006005,부산광역시 부산진구 전포대로,286,,,,부산광역시 부산진구 전포대로 286,614862,47237,,,,129.065609165696,35.1620562721175
MA0106202301A0257257,잉크센스,,G2,소매,G216,안경·정밀기기 소매,G21601,사무기기 소매업,G47821,사무용 기기 소매업,41,경기도,41285,고양시 일산동구,41285525,중산1동,4128510200,중산동,4128510200115600003,1,대지,1560,3,경기도 고양시 일산동구 중산동 1560-3,412853194033,경기도 고양시 일산동구 탄중로,311,16,4128510200115600003011455,한진프라자,경기도 고양시 일산동구 탄중로 311-16,410831,10336,,,,126.780148718867,37.6942008298379
MA0106202210A2382084,삼성토탈오에이시스템,,G2,소매,G216,안경·정밀기기 소매,G21601,사무기기 소매업,G47821,사무용 기기 소매업,41,경기도,41111,수원시 장안구,41111566,율천동,4111113300,천천동,4111113300105850000,1,대지,585,,경기도 수원시 장안구 천천동 585,411113012005,경기도 수원시 장안구 서부로,2066,,4111113300103000000042672,,경기도 수원시 장안구 서부로 2066,440330,16419,,,,126.974206418875,37.2959777301305
MA0106202201A0540466,비즈니스메이트,,G2,소매,G216,안경·정밀기기 소매,G21601,사무기기 소매업,G47821,사무용 기기 소매업,41,경기도,41360,남양주시,41360259,진건읍,4136025925,진건읍,4136025925102010004,1,대지,201,4,경기도 남양주시 진건읍 용정리 201-4,413604391638,경기도 남양주시 진건읍 진건오남로277번길,58,,4136025925102010004000001,,경기도 남양주시 진건읍 진건오남로277번길 58,472835,12128,,,,127.19049769902,37.6770432519609
MA0106202306A1209616,빛고을종합사무기,,G2,소매,G216,안경·정밀기기 소매,G21601,사무기기 소매업,G47821,사무용 기기 소매업,29,광주광역시,29170,북구,29170666,삼각동,2917011600,삼각동,2917011600107970003,1,대지,797,3,광주광역시 북구 삼각동 797-3,291703162037,광주광역시 북구 송해로,35,,2917011600107970003034112,,광주광역시 북구 송해로 35,500826,61049,,,,126.900553190301,35.2015693068516
MA0106202303A0529177,잉크리스,,G2,소매,G216,안경·정밀기기 소매,G21601,사무기기 소매업,G47821,사무용 기기 소매업,41,경기도,41150,의정부시,41150578,송산3동,4115010600,민락동,4115010600109270001,1,대지,927,1,경기도 의정부시 민락동 927-1,411504857270,경기도 의정부시 배꽃길,105,,4115010600109270001000001,,경기도 의정부시 배꽃길 105,480090,11817,,9,,127.119240128573,37.7472415410061
MA0106202304A0866007,옥천사무기,,G2,소매,G216,안경·정밀기기 소매,G21601,사무기기 소매업,G47821,사무용 기기 소매업,43,충청북도,43730,옥천군,43730250,옥천읍,4373025037,옥천읍,4373025037102870002,1,대지,287,2,충청북도 옥천군 옥천읍 장야리 287-2,437303242012,충청북도 옥천군 옥천읍 문장로,94,,4373025037102870002000001,,충청북도 옥천군 옥천읍 문장로 94,373805,29049,,,,127.576064750127,36.296898311389
MA0106202306A0293383,에이스OA,,G2,소매,G216,안경·정밀기기 소매,G21601,사무기기 소매업,G47821,사무용 기기 소매업,28,인천광역시,28200,남동구,28200510,구월1동,2820010100,구월동,2820010100114800004,1,대지,1480,4,인천광역시 남동구 구월동 1480-4,282004259746,인천광역시 남동구 호구포로739번길,35,,2820010100100000000000046,,인천광역시 남동구 호구포로739번길 35,405221,21580,,,,126.716431080558,37.4483371731309
MA0106202201A1865272,비에스렌탈,,G2,소매,G216,안경·정밀기기 소매,G21601,사무기기 소매업,G47821,사무용 기기 소매업,26,부산광역시,26470,연제구,26470690,연산5동,2647010200,연산동,2647010200112880007,1,대지,1288,7,부산광역시 연제구 연산동 1288-7,264704211311,부산광역시 연제구 월드컵대로153번길,39,,,,부산광역시 연제구 월드컵대로153번길 39,611839,47540,,,,129.078528594755,35.1850399932076
MA0106202301A0089693,대원OA시스템,,G2,소매,G216,안경·정밀기기 소매,G21601,사무기기 소매업,G47821,사무용 기기 소매업,11,서울특별시,11440,마포구,11440565,공덕동,1144010200,공덕동,1144010200100170017,1,대지,17,17,서울특별시 마포구 공덕동 17-17,114403101016,서울특별시 마포구 만리재로,101,,1144010200100170012001444,,서울특별시 마포구 만리재로 101,121800,04208,,,,126.959792748831,37.5494120206145
MA0106202306A1817728,태광글로벌,,G2,소매,G216,안경·정밀기기 소매,G21601,사무기기 소매업,G47821,사무용 기기 소매업,44,충청남도,44133,천안시 서북구,44133590,부성2동,4413310600,차암동,4413310600100130000,1,대지,13,,충청남도 천안시 서북구 차암동 13,441333250005,충청남도 천안시 서북구 2공단5로,52,,4413310600100130000042988,룩소루지식산업센터,충청남도 천안시 서북구 2공단5로 52,331200,31075,,3,,127.118142768177,36.8551630118704
MA0106202201A1722293,무한사무기,,G2,소매,G216,안경·정밀기기 소매,G21601,사무기기 소매업,G47821,사무용 기기 소매업,26,부산광역시,26530,사상구,26530680,엄궁동,2653010800,엄궁동,2653010800101380002,1,대지,138,2,부산광역시 사상구 엄궁동 138-2,265303139015,부산광역시 사상구 엄궁로,70,16,2653010800101380002000001,,부산광역시 사상구 엄궁로 70-16,617829,47046,,,,128.973592036177,35.1224159298836
MA0106202301A0055133,경방크로바,,G2,소매,G216,안경·정밀기기 소매,G21601,사무기기 소매업,G47821,사무용 기기 소매업,11,서울특별시,11560,영등포구,11560550,당산1동,1156011200,당산동2가,1156011200101480000,1,대지,148,,서울특별시 영등포구 당산동2가 148,115603118011,서울특별시 영등포구 선유동1로,18,,1156011200101480000029484,,서울특별시 영등포구 선유동1로 18,150042,07263,,,,126.892067307052,37.5235468731709
MA0106202306A2343393,티앤아이,,G2,소매,G216,안경·정밀기기 소매,G21601,사무기기 소매업,G47821,사무용 기기 소매업,43,충청북도,43114,청주시 청원구,43114510,우암동,4311410100,우암동,4311410100103320042,1,대지,332,42,충청북도 청주시 청원구 우암동 332-42,431143236024,충청북도 청주시 청원구 사북로,129,1,4311111300103320042046375,,충청북도 청주시 청원구 사북로 129-1,363814,28538,,,,127.48530684225,36.6452093049454
MA0106202201A0186863,신도리코안,양지점,G2,소매,G216,안경·정밀기기 소매,G21601,사무기기 소매업,G47821,사무용 기기 소매업,41,경기도,41410,군포시,41410510,군포1동,4141010100,당동,4141010100107430020,1,대지,743,20,경기도 군포시 당동 743-20,414104400165,경기도 군포시 당산로36번길,1,,4141010100107430020004278,,경기도 군포시 당산로36번길 1,435813,15860,,,,126.944963786141,37.3549493442508
MA0106202201A1736148,소민사무기,,G2,소매,G216,안경·정밀기기 소매,G21601,사무기기 소매업,G47821,사무용 기기 소매업,26,부산광역시,26470,연제구,26470620,거제2동,2647010100,거제동,2647010100108560006,1,대지,856,6,부산광역시 연제구 거제동 856-6,264702006012,부산광역시 연제구 아시아드대로,9,,2647010100108560006021413,,부산광역시 연제구 아시아드대로 9,611807,47530,,,,129.070186069948,35.1858948514634
MA0106202201A0189493,현대M솔루션,,G2,소매,G216,안경·정밀기기 소매,G21601,사무기기 소매업,G47821,사무용 기기 소매업,41,경기도,41173,안양시 동안구,41173590,호계2동,4117310400,호계동,4117310400109330009,1,대지,933,9,경기도 안양시 동안구 호계동 933-9,411732012008,경기도 안양시 동안구 경수대로,657,,4117310400109330005004201,,경기도 안양시 동안구 경수대로 657,431838,14082,,,,126.953300371838,37.3806321772276
MA0106202201A0306601,구영테크,,G2,소매,G216,안경·정밀기기 소매,G21601,사무기기 소매업,G47821,사무용 기기 소매업,28,인천광역시,28200,남동구,28200582,만수5동,2820010300,만수동,2820010300108970002,1,대지,897,2,인천광역시 남동구 만수동 897-2,282003153084,인천광역시 남동구 백범로,203,,2820010300108970002026009,,인천광역시 남동구 백범로 203,405862,21543,,,,126.726188659755,37.4594516204835
MA0106202201A2363290,삼성복사기,,G2,소매,G216,안경·정밀기기 소매,G21601,사무기기 소매업,G47821,사무용 기기 소매업,47,경상북도,47190,구미시,47190610,비산동,4719011200,비산동,4719011200103880002,1,대지,388,2,경상북도 구미시 비산동 388-2,471903308041,경상북도 구미시 신비로,152,,,,경상북도 구미시 신비로 152,730100,39245,,,,128.378428339891,36.1221002270525
MA0106202303A0193701,화성사무기,,G2,소매,G216,안경·정밀기기 소매,G21601,사무기기 소매업,G47821,사무용 기기 소매업,41,경기도,41590,화성시,41590360,팔탄면,4159036026,팔탄면,4159036026105800003,1,대지,580,3,경기도 화성시 팔탄면 율암리 580-3,415904430695,경기도 화성시 팔탄면 서해로1121번길,4,,4159036026200460017006557,,경기도 화성시 팔탄면 서해로1121번길 4,445913,18529,,,,126.890973044179,37.1623591111469
MA0106202304A0435646,신도디지털솔루션,,G2,소매,G216,안경·정밀기기 소매,G21601,사무기기 소매업,G47821,사무용 기기 소매업,11,서울특별시,11650,서초구,11650651,양재1동,1165010200,양재동,1165010200100170024,1,대지,17,24,서울특별시 서초구 양재동 17-24,116504163015,서울특별시 서초구 강남대로30길,36,,1165010200100170024007475,명현빌딩,서울특별시 서초구 강남대로30길 36,137888,06745,,1,,127.039221427338,37.4820983686549
MA0106202201A0033099,클린까사,,G2,소매,G216,안경·정밀기기 소매,G21601,사무기기 소매업,G47821,사무용 기기 소매업,41,경기도,41480,파주시,41480540,교하동,4148011200,산남동,4148011200103870003,1,대지,387,3,경기도 파주시 산남동 387-3,414803206117,경기도 파주시 산남로,5,105,4148025926103870003000001,,경기도 파주시 산남로 5-105,413070,10881,,,,126.687963442419,37.7087778796592
MA0106202201A1146425,대양사무용가구,,G2,소매,G216,안경·정밀기기 소매,G21601,사무기기 소매업,G47821,사무용 기기 소매업,52,전북특별자치도,52111,전주시 완산구,52111712,효자2동,5211114000,효자동1가,5211114000105930006,1,대지,593,6,전북특별자치도 전주시 완산구 효자동1가 593-6,521113266035,전북특별자치도 전주시 완산구 서원로,216,,4511114000105930006028147,,전북특별자치도 전주시 완산구 서원로 216,560855,55051,,,,127.117895467521,35.8124857725543
MA0106202201A1197736,토탈OA시스템,,G2,소매,G216,안경·정밀기기 소매,G21601,사무기기 소매업,G47821,사무용 기기 소매업,29,광주광역시,29140,서구,29140760,화정1동,2914011900,화정동,2914011900101780120,1,대지,178,120,광주광역시 서구 화정동 178-120,291404280169,광주광역시 서구 상무대로1081번길,26,1,2914011900101780120023935,,광주광역시 서구 상무대로1081번길 26-1,502834,61977,,,,126.880283957626,35.1550950636383
MA0106202201A1711389,원흥에스앤디,,G2,소매,G216,안경·정밀기기 소매,G21601,사무기기 소매업,G47821,사무용 기기 소매업,26,부산광역시,26380,사하구,26380550,당리동,2638010200,당리동,2638010200103170064,1,대지,317,64,부산광역시 사하구 당리동 317-64,263804202140,부산광역시 사하구 낙동대로398번길,14,,2638010200103170064003211,,부산광역시 사하구 낙동대로398번길 14,604828,49328,,,,128.974925685731,35.1040551051408
MA0106202301A0896100,유한책임회사현대오피스,,G2,소매,G216,안경·정밀기기 소매,G21601,사무기기 소매업,G47821,사무용 기기 소매업,30,대전광역시,30230,대덕구,30230546,중리동,3023010900,중리동,3023010900102520001,1,대지,252,1,대전광역시 대덕구 중리동 252-1,302302010004,대전광역시 대덕구 한밭대로,1176,,3023010900102520011015377,현대오피스빌딩,대전광역시 대덕구 한밭대로 1176,306826,34428,,,,127.429173671179,36.3586876817982
MA0106202304A1919737,틴크,,G2,소매,G216,안경·정밀기기 소매,G21601,사무기기 소매업,G47821,사무용 기기 소매업,48,경상남도,48330,양산시,48330560,평산동,4833011900,평산동,4833011900100310009,1,대지,31,9,경상남도 양산시 평산동 31-9,483302000011,경상남도 양산시 웅상대로,945,,4833011900100310009026344,,경상남도 양산시 웅상대로 945,626848,50548,,,,129.154966592085,35.3839339877791
MA0106202301A1144691,군산오.에이,,G2,소매,G216,안경·정밀기기 소매,G21601,사무기기 소매업,G47821,사무용 기기 소매업,52,전북특별자치도,52130,군산시,52130550,신풍동,5213011000,문화동,5213011000105990001,1,대지,599,1,전북특별자치도 군산시 문화동 599-1,521304604332,전북특별자치도 군산시 문화2길,14,,4513011000105990001027542,,전북특별자치도 군산시 문화2길 14,573874,54133,,,,126.701558619244,35.9723606208482
MA0106202201A0554766,디엔에스,,G2,소매,G216,안경·정밀기기 소매,G21601,사무기기 소매업,G47821,사무용 기기 소매업,11,서울특별시,11740,강동구,11740650,성내2동,1174010800,성내동,1174010800101110013,1,대지,111,13,서울특별시 강동구 성내동 111-13,117404172283,서울특별시 강동구 올림픽로54길,9,,1174010800101110013005741,,서울특별시 강동구 올림픽로54길 9,134841,05385,,,,127.122474753981,37.5338221223281
MA0106202201A1787507,아이투비연우전산,,G2,소매,G216,안경·정밀기기 소매,G21601,사무기기 소매업,G47821,사무용 기기 소매업,31,울산광역시,31140,남구,31140570,삼산동,3114010500,달동,3114010500112750007,1,대지,1275,7,울산광역시 남구 달동 1275-7,311404310282,울산광역시 남구 번영로104번길,18,,,,울산광역시 남구 번영로104번길 18,680804,44721,,,,129.331689223909,35.5350133085927
MA0106202301A1756735,소민사무기,,G2,소매,G216,안경·정밀기기 소매,G21601,사무기기 소매업,G47821,사무용 기기 소매업,26,부산광역시,26470,연제구,26470610,거제1동,2647010100,거제동,2647010100114610001,1,대지,1461,1,부산광역시 연제구 거제동 1461-1,264704211043,부산광역시 연제구 거제천로287번길,14,,,,부산광역시 연제구 거제천로287번길 14,611803,47517,,,,129.088511432653,35.192527984191
MA0106202301A1725037,신라가구뷰오피스,,G2,소매,G216,안경·정밀기기 소매,G21601,사무기기 소매업,G47821,사무용 기기 소매업,26,부산광역시,26380,사하구,26380610,구평동,2638010700,구평동,2638010700104350246,1,대지,435,246,부산광역시 사하구 구평동 435-246,263803134011,부산광역시 사하구 두송로,146,,,,부산광역시 사하구 두송로 146,604818,49512,,,,128.983896564004,35.0724031343306
MA0106202303A1182101,신도영우OA,,G2,소매,G216,안경·정밀기기 소매,G21601,사무기기 소매업,G47821,사무용 기기 소매업,29,광주광역시,29110,동구,29110740,지원2동,2911011900,소태동,2911011900102070000,1,대지,207,,광주광역시 동구 소태동 207,291104277148,광주광역시 동구 소태길,23,1,2911011900102070000014988,,광주광역시 동구 소태길 23-1,501827,61503,,,,126.935011079179,35.1206326122874
MA0106202201A1422188,동인씨엔씨,,G2,소매,G216,안경·정밀기기 소매,G21601,사무기기 소매업,G47821,사무용 기기 소매업,27,대구광역시,27110,중구,27110517,동인동,2711010100,동인동1가,2711010100103690003,1,대지,369,3,대구광역시 중구 동인동1가 369-3,271103141011,대구광역시 중구 태평로,258,,2711010100103690003014822,,대구광역시 중구 태평로 258,700421,41905,,,,128.605479369247,35.8722738037922
MA0106202303A0032804,클린까사,,G2,소매,G216,안경·정밀기기 소매,G21601,사무기기 소매업,G47821,사무용 기기 소매업,41,경기도,41480,파주시,41480320,탄현면,4148032023,탄현면,4148032023108600000,1,대지,860,,경기도 파주시 탄현면 갈현리 860,414803206093,경기도 파주시 탄현면 평화로,649,,4148032023108600000000001,,경기도 파주시 탄현면 평화로 649,413841,10860,,,,126.714195546325,37.7762907100349
MA0106202201A0306212,에이스OA,,G2,소매,G216,안경·정밀기기 소매,G21601,사무기기 소매업,G47821,사무용 기기 소매업,28,인천광역시,28200,남동구,28200510,구월1동,2820010100,구월동,2820010100112230002,1,대지,1223,2,인천광역시 남동구 구월동 1223-2,282004259055,인천광역시 남동구 구월남로232번길,40,,2820010100112230002006126,,인천광역시 남동구 구월남로232번길 40,405837,21563,,,,126.71512250912,37.4506946748287
MA0106202301A0262249,상도가구,,G2,소매,G216,안경·정밀기기 소매,G21601,사무기기 소매업,G47821,사무용 기기 소매업,41,경기도,41570,김포시,41570340,대곶면,4157034029,대곶면,4157034029101450001,1,대지,145,1,경기도 김포시 대곶면 송마리 145-1,415704427491,경기도 김포시 대곶면 율생중앙로206번길,47,,4157034029101450001006340,,경기도 김포시 대곶면 율생중앙로206번길 47,415855,10027,,,,126.574668307342,37.6636453417545
MA0106202304A0138111,brotherOA,,G2,소매,G216,안경·정밀기기 소매,G21601,사무기기 소매업,G47821,사무용 기기 소매업,11,서울특별시,11530,구로구,11530595,가리봉동,1153010300,가리봉동,1153010300101260045,1,대지,126,45,서울특별시 구로구 가리봉동 126-45,115304148297,서울특별시 구로구 남부순환로105라길,15,6,1153010300101260045015889,,서울특별시 구로구 남부순환로105라길 15-6,152801,08387,,,,126.889551079296,37.4807738225571
MA0106202303A0292808,구영테크,,G2,소매,G216,안경·정밀기기 소매,G21601,사무기기 소매업,G47821,사무용 기기 소매업,28,인천광역시,28200,남동구,28200521,구월3동,2820010100,구월동,2820010100113440009,1,대지,1344,9,인천광역시 남동구 구월동 1344-9,282004259362,인천광역시 남동구 문화서로49번길,3,,2820010100113440009002851,,인천광역시 남동구 문화서로49번길 3,405840,21566,,지,,126.696038849667,37.449565921947
MA0106202201A1156063,원광프린테크,,G2,소매,G216,안경·정밀기기 소매,G21601,사무기기 소매업,G47821,사무용 기기 소매업,52,전북특별자치도,52140,익산시,52140656,신동,5214012000,신용동,5214012000103440002,1,대지,344,2,전북특별자치도 익산시 신용동 344-2,521402269001,전북특별자치도 익산시 익산대로,501,,4514012000103260013070410,,전북특별자치도 익산시 익산대로 501,570749,54536,,,,126.951603650427,35.9744613758208
MA0106202303A0181001,텐클라우드,,G2,소매,G216,안경·정밀기기 소매,G21601,사무기기 소매업,G47821,사무용 기기 소매업,11,서울특별시,11530,구로구,11530550,구로4동,1153010200,구로동,1153010200100970001,1,대지,97,1,서울특별시 구로구 구로동 97-1,115303000023,서울특별시 구로구 가마산로,278,,1153010200100970001016235,로얄프라자,서울특별시 구로구 가마산로 278,152841,08302,,,,126.891292641437,37.4960835546376
MA0106202201A0215767,잉크몰,,G2,소매,G216,안경·정밀기기 소매,G21601,사무기기 소매업,G47821,사무용 기기 소매업,41,경기도,41370,오산시,41370530,남촌동,4137010400,궐동,4137010400106530005,1,대지,653,5,경기도 오산시 궐동 653-5,413703198018,경기도 오산시 법원로,60,,4137010400106530005005093,,경기도 오산시 법원로 60,447140,18120,,,,127.058585863271,37.158231893954
MA0106202201A1855514,우창정보기술,,G2,소매,G216,안경·정밀기기 소매,G21601,사무기기 소매업,G47821,사무용 기기 소매업,50,제주특별자치도,50110,제주시,50110650,연동,5011013700,연동,5011013700103200058,1,대지,320,58,제주특별자치도 제주시 연동 320-58,501104848097,제주특별자치도 제주시 신대로5길,33,,,,제주특별자치도 제주시 신대로5길 33,690815,63120,,,,126.500336501462,33.492947519376
MA0106202201A0627047,컨트롤피,,G2,소매,G216,안경·정밀기기 소매,G21601,사무기기 소매업,G47821,사무용 기기 소매업,11,서울특별시,11560,영등포구,11560605,문래동,1156012400,문래동6가,1156012400100190000,1,대지,19,,서울특별시 영등포구 문래동6가 19,115604154461,서울특별시 영등포구 선유로9길,10,,1156012400100190000022459,,서울특별시 영등포구 선유로9길 10,150096,07281,,,,126.88715492107,37.5178659660267
MA0106202304A1843286,경동디자인가구,,G2,소매,G216,안경·정밀기기 소매,G21601,사무기기 소매업,G47821,사무용 기기 소매업,48,경상남도,48170,진주시,48170680,상평동,4817012100,상평동,4817012100103160007,1,대지,316,7,경상남도 진주시 상평동 316-7,481704796207,경상남도 진주시 남강로1241번길,7,,4817012100103160005407911,,경상남도 진주시 남강로1241번길 7,660902,52801,,1,,128.125692776744,35.172934929749
MA0106202301A0718938,신도중앙판매,,G2,소매,G216,안경·정밀기기 소매,G21601,사무기기 소매업,G47821,사무용 기기 소매업,11,서울특별시,11650,서초구,11650651,양재1동,1165010200,양재동,1165010200100980002,1,대지,98,2,서울특별시 서초구 양재동 98-2,116503121023,서울특별시 서초구 양재천로,99,5,1165010200100980002005786,,서울특별시 서초구 양재천로 99-5,137891,06748,,,,127.039715841296,37.4763137241221
MA0106202301A0377433,에이제트,,G2,소매,G216,안경·정밀기기 소매,G21601,사무기기 소매업,G47821,사무용 기기 소매업,28,인천광역시,28200,남동구,28200522,구월4동,2820010100,구월동,2820010100112900001,1,대지,1290,1,인천광역시 남동구 구월동 1290-1,282004259747,인천광역시 남동구 호구포로740번길,6,11,2820010100112900001006847,,인천광역시 남동구 호구포로740번길 6-11,405839,21588,,,,126.7190666159,37.447703749205
MA0106202201A0018909,삼성전산OA,,G2,소매,G216,안경·정밀기기 소매,G21601,사무기기 소매업,G47821,사무용 기기 소매업,11,서울특별시,11410,서대문구,11410565,충현동,1141010400,미근동,1141010400102570000,1,대지,257,,서울특별시 서대문구 미근동 257,114103000008,서울특별시 서대문구 통일로,87,,1141010400102570000033048,,서울특별시 서대문구 통일로 87,120020,03739,,,,126.968523406328,37.56277646382
MA0106202201A0318411,한성사무기기,,G2,소매,G216,안경·정밀기기 소매,G21601,사무기기 소매업,G47821,사무용 기기 소매업,41,경기도,41310,구리시,41310541,교문1동,4131010400,교문동,4131010400101930014,1,대지,193,14,경기도 구리시 교문동 193-14,413103196013,경기도 구리시 체육관로,149,,4131010400101930014004813,,경기도 구리시 체육관로 149,471801,11925,,,,127.136451446062,37.5979756916169
MA0106202303A0740710,하나OA시스템,,G2,소매,G216,안경·정밀기기 소매,G21601,사무기기 소매업,G47821,사무용 기기 소매업,48,경상남도,48250,김해시,48250580,활천동,4825011800,어방동,4825011800111000006,1,대지,1100,6,경상남도 김해시 어방동 1100-6,482503335031,경상남도 김해시 분성로,510,,4825011800111000006087210,,경상남도 김해시 분성로 510,621916,50929,,2,,128.90171992847,35.2352135546096
MA0106202301A0284683,칼리솔루션,,G2,소매,G216,안경·정밀기기 소매,G21601,사무기기 소매업,G47821,사무용 기기 소매업,41,경기도,41192,부천시 원미구,41192600,도당동,4119210400,도당동,4119210400102610016,1,대지,261,16,경기도 부천시 원미구 도당동 261-16,411923184015,경기도 부천시 원미구 정주로,22,10,4119510400102610016022929,,경기도 부천시 원미구 정주로 22-10,420808,14532,,,,126.779250970176,37.5070817567451
MA0106202301A0266273,메리트,,G2,소매,G216,안경·정밀기기 소매,G21601,사무기기 소매업,G47821,사무용 기기 소매업,41,경기도,41131,성남시 수정구,41131510,신흥1동,4113110100,신흥동,4113110100153430000,1,대지,5343,,경기도 성남시 수정구 신흥동 5343,411314334372,경기도 성남시 수정구 수정로170번길,15,,4113110100153440000016103,,경기도 성남시 수정구 수정로170번길 15,461813,13340,,,,127.139783507888,37.4418551100028
MA0106202201A0209151,디앤아이,,G2,소매,G216,안경·정밀기기 소매,G21601,사무기기 소매업,G47821,사무용 기기 소매업,41,경기도,41117,수원시 영통구,41117550,원천동,4111710200,원천동,4111710200103660003,1,대지,366,3,경기도 수원시 영통구 원천동 366-3,411173177003,경기도 수원시 영통구 매영로,230,,4111710200103660003003408,,경기도 수원시 영통구 매영로 230,443823,16675,,,,127.063805612112,37.2606425806326
MA0106202305A1461133,디지털신세기,,G2,소매,G216,안경·정밀기기 소매,G21601,사무기기 소매업,G47821,사무용 기기 소매업,27,대구광역시,27170,서구,27170675,상중이동,2717010500,중리동,2717010500110700000,1,대지,1070,,대구광역시 서구 중리동 1070,271704229286,대구광역시 서구 와룡로72길,15,,2717010500110700000031669,,대구광역시 서구 와룡로72길 15,703833,41841,,,,128.5394227908,35.8652896359424
MA0106202201A1304553,대우디지털오에이,,G2,소매,G216,안경·정밀기기 소매,G21601,사무기기 소매업,G47821,사무용 기기 소매업,41,경기도,41450,하남시,41450550,덕풍2동,4145010800,덕풍동,4145010800103420036,1,대지,342,36,경기도 하남시 덕풍동 342-36,414503202048,경기도 하남시 신장로,214,,4145010800103420036009000,,경기도 하남시 신장로 214,465803,12971,,,,127.198159108993,37.5441259153364
MA0106202201A0066364,프린팅박스,,G2,소매,G216,안경·정밀기기 소매,G21601,사무기기 소매업,G47821,사무용 기기 소매업,11,서울특별시,11590,동작구,11590651,사당5동,1159010700,사당동,1159010700102130025,1,대지,213,25,서울특별시 동작구 사당동 213-25,115903119004,서울특별시 동작구 사당로,172,,1159010700102130025005597,,서울특별시 동작구 사당로 172,156879,07030,,,,126.967888329343,37.4864974362994
MA0106202201A1136907,도움미디어,,G2,소매,G216,안경·정밀기기 소매,G21601,사무기기 소매업,G47821,사무용 기기 소매업,50,제주특별자치도,50110,제주시,50110540,이도2동,5011010400,이도이동,5011010400110780007,1,대지,1078,7,제주특별자치도 제주시 이도이동 1078-7,501104847367,제주특별자치도 제주시 남광북3길,14,8,5011010400110780007061420,,제주특별자치도 제주시 남광북3길 14-8,690825,63223,,,,126.536247958531,33.4943583667878
MA0106202201A2175590,베스트사무기,,G2,소매,G216,안경·정밀기기 소매,G21601,사무기기 소매업,G47821,사무용 기기 소매업,43,충청북도,43113,청주시 흥덕구,43113741,복대1동,4311311400,복대동,4311311400124610000,1,대지,2461,,충청북도 청주시 흥덕구 복대동 2461,431133237081,충청북도 청주시 흥덕구 진재로,67,,,,충청북도 청주시 흥덕구 진재로 67,361815,28415,,,,127.428055208162,36.6377511645718
MA0106202201A1210793,그린OA시스템,,G2,소매,G216,안경·정밀기기 소매,G21601,사무기기 소매업,G47821,사무용 기기 소매업,29,광주광역시,29170,북구,29170676,오치1동,2917011500,오치동,2917011500110280027,1,대지,1028,27,광주광역시 북구 오치동 1028-27,291703162031,광주광역시 북구 서하로,319,1,2917011500110280027001378,,광주광역시 북구 서하로 319-1,500836,61124,,,,126.915557671775,35.1870869242657
MA0106202201A0329513,라온,,G2,소매,G216,안경·정밀기기 소매,G21601,사무기기 소매업,G47821,사무용 기기 소매업,41,경기도,41360,남양주시,41360565,다산2동,4136011200,다산동,4136011200106660003,1,대지,666,3,경기도 남양주시 다산동 666-3,413604391021,경기도 남양주시 가운로1길,1,,4136010700105670000002487,,경기도 남양주시 가운로1길 1,,12263,,,,127.158557857095,37.6044532099356
MA0106202201A0853690,충북세종OA,,G2,소매,G216,안경·정밀기기 소매,G21601,사무기기 소매업,G47821,사무용 기기 소매업,43,충청북도,43750,진천군,43750250,진천읍,4375025026,진천읍,4375025026100520003,1,대지,52,3,충청북도 진천군 진천읍 벽암리 52-3,437503245024,충청북도 진천군 진천읍 문화로,185,,4375025026100520003006724,,충청북도 진천군 진천읍 문화로 185,365806,27829,,,,127.435129230779,36.8571916866058
MA0106202306A1773095,사람과샘물,,G2,소매,G216,안경·정밀기기 소매,G21601,사무기기 소매업,G47821,사무용 기기 소매업,26,부산광역시,26440,강서구,26440530,강동동,2644010300,강동동,2644010300100860014,1,대지,86,14,부산광역시 강서구 강동동 86-14,264403006026,부산광역시 강서구 낙동북로,38,,2644010300100860014039538,,부산광역시 강서구 낙동북로 38,618800,46706,,,,128.933748798606,35.2190254443745
MA0101202410A0255513,아이텔,,G2,소매,G216,안경·정밀기기 소매,G21601,사무기기 소매업,G47821,사무용 기기 소매업,41,경기도,41830,양평군,41830250,양평읍,4183025022,양평읍,4183025022104240040,1,대지,424,40,경기도 양평군 양평읍 오빈리 424-40,418304451286,경기도 양평군 양평읍 덕구실길,23,8,4183025022104240040000001,,경기도 양평군 양평읍 덕구실길 23-8,476803,12545,,,,127.459446061598,37.5070792679388
MA010120220809047206,하나OA,,G2,소매,G216,안경·정밀기기 소매,G21601,사무기기 소매업,G47821,사무용 기기 소매업,27,대구광역시,27710,달성군,27710265,현풍읍,2771026523,현풍읍,2771026523101440002,1,대지,144,2,대구광역시 달성군 현풍읍 부리 144-2,277104244575,대구광역시 달성군 현풍읍 현풍동로29길,13,11,2771036023101440002000001,명문빌,대구광역시 달성군 현풍읍 현풍동로29길 13-11,711872,42998,,,,128.446420222234,35.699511959599
MA010120220809070549,파인테크,,G2,소매,G216,안경·정밀기기 소매,G21601,사무기기 소매업,G47821,사무용 기기 소매업,27,대구광역시,27230,북구,27230745,구암동,2723012300,구암동,2723012300106810001,1,대지,681,1,대구광역시 북구 구암동 681-1,272304235434,대구광역시 북구 태암로18길,13,,2723012300106810001047389,,대구광역시 북구 태암로18길 13,702807,41465,,1,,128.555906190387,35.9257783579633
MA010120220809053807,카스컴퓨터속기교육원,,G2,소매,G216,안경·정밀기기 소매,G21601,사무기기 소매업,G47821,사무용 기기 소매업,27,대구광역시,27110,중구,27110565,성내1동,2711011900,동성로3가,2711011900100110001,1,대지,11,1,대구광역시 중구 동성로3가 11-1,271102007001,대구광역시 중구 중앙대로,390,,2711011900100250001000001,센트럴엠,대구광역시 중구 중앙대로 390,700093,41937,,7,,128.5938208035,35.8678512790527
MA010120220809042622,디지라인,,G2,소매,G216,안경·정밀기기 소매,G21601,사무기기 소매업,G47821,사무용 기기 소매업,27,대구광역시,27230,북구,27230800,국우동,2723012200,국우동,2723012200110940012,1,대지,1094,12,대구광역시 북구 국우동 1094-12,272304235197,대구광역시 북구 동암로37길,8,1,2723012200110940012000001,,대구광역시 북구 동암로37길 8-1,702877,41419,,1,,128.571369257113,35.9440682550345
MA010120220809071525,세진씨앤씨,,G2,소매,G216,안경·정밀기기 소매,G21601,사무기기 소매업,G47821,사무용 기기 소매업,27,대구광역시,27200,남구,27200515,이천동,2720010100,이천동,2720010100105480002,1,대지,548,2,대구광역시 남구 이천동 548-2,272004232259,대구광역시 남구 용두방천2길,34,,2720010100105480002028817,상일빌딩,대구광역시 남구 용두방천2길 34,705836,42440,,1,,128.605489612719,35.8458881992413
MA010120220809048551,광성OA시스템,,G2,소매,G216,안경·정밀기기 소매,G21601,사무기기 소매업,G47821,사무용 기기 소매업,27,대구광역시,27170,서구,27170675,상중이동,2717010500,중리동,2717010500111660001,1,대지,1166,1,대구광역시 서구 중리동 1166-1,271703143013,대구광역시 서구 와룡로,307,,2717010500111660001031733,디센터,대구광역시 서구 와룡로 307,703833,41756,,7,,128.536705294558,35.8598634531259
MA010120220809048707,정우OA통신,,G2,소매,G216,안경·정밀기기 소매,G21601,사무기기 소매업,G47821,사무용 기기 소매업,27,대구광역시,27230,북구,27230620,산격2동,2723011100,산격동,2723011100116210000,1,대지,1621,,대구광역시 북구 산격동 1621,272303145037,대구광역시 북구 유통단지로,45,,2723011100116210000039338,전자관,대구광역시 북구 유통단지로 45,702711,41505,,2,,128.607026565901,35.907199264718
MA010120220809072006,동진카드시스템,,G2,소매,G216,안경·정밀기기 소매,G21601,사무기기 소매업,G47821,사무용 기기 소매업,27,대구광역시,27110,중구,27110545,삼덕동,2711010700,삼덕동3가,2711010700102320004,1,대지,232,4,대구광역시 중구 삼덕동3가 232-4,271104223075,대구광역시 중구 동덕로26길,108,,2711010700102320004011696,,대구광역시 중구 동덕로26길 108,700413,41948,,2,,128.609128510624,35.864385038953
MA010120220809039560,디지탈솔루션,,G2,소매,G216,안경·정밀기기 소매,G21601,사무기기 소매업,G47821,사무용 기기 소매업,27,대구광역시,27230,북구,27230620,산격2동,2723011100,산격동,2723011100116260000,1,대지,1626,,대구광역시 북구 산격동 1626,272303145037,대구광역시 북구 유통단지로,25,,2723011100116260000007543,전자도매상가,대구광역시 북구 유통단지로 25,702915,41505,,,,128.604986394508,35.905451317948
MA010120220809111998,대일정보통신,,G2,소매,G216,안경·정밀기기 소매,G21601,사무기기 소매업,G47821,사무용 기기 소매업,47,경상북도,47130,경주시,47130515,중부동,4713010200,서부동,4713010200100040006,1,대지,4,6,경상북도 경주시 서부동 4-6,471304715541,경상북도 경주시 북성로51번길,26,18,4713010200100040006033861,천광오피스텔,경상북도 경주시 북성로51번길 26-18,780060,38141,,,,129.208112592324,35.8494240743409
MA010120220809113889,지성O.A,,G2,소매,G216,안경·정밀기기 소매,G21601,사무기기 소매업,G47821,사무용 기기 소매업,47,경상북도,47130,경주시,47130630,동천동,4713012600,동천동,4713012600109270013,1,대지,927,13,경상북도 경주시 동천동 927-13,471304716163,경상북도 경주시 초당길23번길,24,,4713012600109270013016922,,경상북도 경주시 초당길23번길 24,780933,38112,,,,129.23315969408,35.8467263927073
MA010120220809108433,중앙정보통신,,G2,소매,G216,안경·정밀기기 소매,G21601,사무기기 소매업,G47821,사무용 기기 소매업,47,경상북도,47130,경주시,47130615,용강동,4713012500,용강동,4713012500113100008,1,대지,1310,8,경상북도 경주시 용강동 1310-8,471303305047,경상북도 경주시 원화로,502,,4713012500113100008033202,세광상가,경상북도 경주시 원화로 502,780959,38095,,2,,129.222775940572,35.8648497235098
MA010120220809103789,영천파인드라이브,,G2,소매,G216,안경·정밀기기 소매,G21601,사무기기 소매업,G45213,자동차 내장용 신품 전기ㆍ전자ㆍ정밀기기 판매업,47,경상북도,47230,영천시,47230540,완산동,4723011300,완산동,4723011300111510002,1,대지,1151,2,경상북도 영천시 완산동 1151-2,472303310019,경상북도 영천시 영화로,113,,4723011300111510002000001,,경상북도 영천시 영화로 113,770906,38896,,,,128.940565878439,35.9579038493195
MA010120220809112406,한국신용통신,,G2,소매,G216,안경·정밀기기 소매,G21601,사무기기 소매업,G47821,사무용 기기 소매업,47,경상북도,47130,경주시,47130630,동천동,4713012600,동천동,4713012600107330137,1,대지,733,137,경상북도 경주시 동천동 733-137,471303305017,경상북도 경주시 동천로,39,,4713012600107330137015170,,경상북도 경주시 동천로 39,780934,38107,,,,129.226483261473,35.8513645583447
MA010120220809110916,동아O.A시스템,,G2,소매,G216,안경·정밀기기 소매,G21601,사무기기 소매업,G47821,사무용 기기 소매업,47,경상북도,47230,영천시,47230520,중앙동,4723010500,문외동,4723010500101720000,1,대지,172,,경상북도 영천시 문외동 172,472303310025,경상북도 영천시 최무선로,343,,4723010500101720000000001,,경상북도 영천시 최무선로 343,770030,38852,,,,128.935791428146,35.9698031300261
MA010120220809105649,동진시스템,,G2,소매,G216,안경·정밀기기 소매,G21601,사무기기 소매업,G47821,사무용 기기 소매업,27,대구광역시,27260,수성구,27260652,지산2동,2726011200,지산동,2726011200112120008,1,대지,1212,8,대구광역시 수성구 지산동 1212-8,272604238229,대구광역시 수성구 범안로3길,77,6,2726011200112120008004239,,대구광역시 수성구 범안로3길 77-6,706845,42212,,2,,128.636572917248,35.8196961172201
MA010120220809103081,경주종합사무기상사,,G2,소매,G216,안경·정밀기기 소매,G21601,사무기기 소매업,G47821,사무용 기기 소매업,47,경상북도,47130,경주시,47130550,성건동,4713010800,성건동,4713010800101760001,1,대지,176,1,경상북도 경주시 성건동 176-1,471303305009,경상북도 경주시 금성로,353,,4713010800101760001033830,,경상북도 경주시 금성로 353,780942,38142,,,,129.206708583513,35.8490804503802
MA010120220809103418,K2포항시스템,,G2,소매,G216,안경·정밀기기 소매,G21601,사무기기 소매업,G47821,사무용 기기 소매업,47,경상북도,47111,포항시 남구,47111525,상대동,4711110200,대도동,4711110200100040038,1,대지,4,38,경상북도 포항시 남구 대도동 4-38,471114709517,경상북도 포항시 남구 중앙로121번길,26,,4711110200100040038133809,,경상북도 포항시 남구 중앙로121번길 26,790821,37775,,,,129.365989597193,36.0253117141789
MA010120220809106431,새벌상사,,G2,소매,G216,안경·정밀기기 소매,G21601,사무기기 소매업,G47821,사무용 기기 소매업,47,경상북도,47130,경주시,47130630,동천동,4713012600,동천동,4713012600108330002,1,대지,833,2,경상북도 경주시 동천동 833-2,471304730230,경상북도 경주시 백률로76번길,32,,4713012600108330002000001,,경상북도 경주시 백률로76번길 32,780935,38108,,1,,129.227854592842,35.8536998537858
MA010120220809118059,영천디지털O.A,,G2,소매,G216,안경·정밀기기 소매,G21601,사무기기 소매업,G47821,사무용 기기 소매업,47,경상북도,47230,영천시,47230520,중앙동,4723010500,문외동,4723010500101390008,1,대지,139,8,경상북도 영천시 문외동 139-8,472304730613,경상북도 영천시 중앙동2길,35,,4723010500102310000011526,,경상북도 영천시 중앙동2길 35,770030,38850,,,,128.93414324221,35.9735781991655
MA010120220809157850,동양사,,G2,소매,G216,안경·정밀기기 소매,G21601,사무기기 소매업,G47821,사무용 기기 소매업,47,경상북도,47113,포항시 북구,47113520,중앙동,4711310200,신흥동,4711310200107010020,1,대지,701,20,경상북도 포항시 북구 신흥동 701-20,471133304027,경상북도 포항시 북구 용당로,131,,4711310200107010020103060,,경상북도 포항시 북구 용당로 131,791080,37706,,,,129.363005238116,36.0390206017314
MA010120220809123434,매인정보통신,,G2,소매,G216,안경·정밀기기 소매,G21601,사무기기 소매업,G47821,사무용 기기 소매업,47,경상북도,47130,경주시,47130630,동천동,4713012600,동천동,4713012600109430010,1,대지,943,10,경상북도 경주시 동천동 943-10,471304716169,경상북도 경주시 초당길55번길,11,,4713012600109430010017150,,경상북도 경주시 초당길55번길 11,780933,38113,,1,,129.235283679604,35.845119073254
MA010120220809118865,금강OA,,G2,소매,G216,안경·정밀기기 소매,G21601,사무기기 소매업,G47821,사무용 기기 소매업,47,경상북도,47130,경주시,47130621,황성동,4713012400,황성동,4713012400113250000,1,대지,1325,,경상북도 경주시 황성동 1325,471304730195,경상북도 경주시 용황로4길,3,10,4713012400111720033000001,금강OA욜로오피스텔,경상북도 경주시 용황로4길 3-10,780130,38069,,1,,129.222844724019,35.8819681841771
MA010120220809119579,토탈오피스프라자,,G2,소매,G216,안경·정밀기기 소매,G21601,사무기기 소매업,R91221,전자 게임장 운영업,47,경상북도,47130,경주시,47130550,성건동,4713010800,성건동,4713010800103690015,1,대지,369,15,경상북도 경주시 성건동 369-15,471303305066,경상북도 경주시 화랑로,20,,4713010800103690015039667,,경상북도 경주시 화랑로 20,780943,38156,,,,129.20285421561,35.8445738924956
MA010120220809157387,SafeSoft,,G2,소매,G216,안경·정밀기기 소매,G21601,사무기기 소매업,G47821,사무용 기기 소매업,47,경상북도,47940,울릉군,47940250,울릉읍,4794025024,울릉읍,4794025024101350001,1,대지,135,1,경상북도 울릉군 울릉읍 도동리 135-1,479404778021,경상북도 울릉군 울릉읍 도동길,79,,4794025024101370002002864,,경상북도 울릉군 울릉읍 도동길 79,799801,40227,,,,130.907140358559,37.4834308255621
MA010120220809120113,일성OA통신,,G2,소매,G216,안경·정밀기기 소매,G21601,사무기기 소매업,G47821,사무용 기기 소매업,47,경상북도,47130,경주시,47130615,용강동,4713012500,용강동,4713012500110490002,1,대지,1049,2,경상북도 경주시 용강동 1049-2,471304715892,경상북도 경주시 용강상리길,28,,4713012500110490002033143,,경상북도 경주시 용강상리길 28,780951,38093,,,,129.226019807163,35.8636813561501
MA010120220809181793,그린POS시스템,,G2,소매,G216,안경·정밀기기 소매,G21601,사무기기 소매업,G47821,사무용 기기 소매업,47,경상북도,47113,포항시 북구,47113700,장량동,4711312100,장성동,4711312100113560009,1,대지,1356,9,경상북도 포항시 북구 장성동 1356-9,471134712300,경상북도 포항시 북구 삼흥로32번길,8,,4711312100113560009114696,,경상북도 포항시 북구 삼흥로32번길 8,791850,37611,,2,,129.380156241408,36.0651881657813
MA010120220809184094,신세계사무기,,G2,소매,G216,안경·정밀기기 소매,G21601,사무기기 소매업,G47821,사무용 기기 소매업,47,경상북도,47113,포항시 북구,47113655,죽도동,4711311600,죽도동,4711311600102100007,1,대지,210,7,경상북도 포항시 북구 죽도동 210-7,471134712670,경상북도 포항시 북구 중흥로255번길,42,,4711311600102100007133840,,경상북도 포항시 북구 중흥로255번길 42,791842,37748,,,,129.357141278905,36.0280088343637
MA010120220809163026,복사공사,,G2,소매,G216,안경·정밀기기 소매,G21601,사무기기 소매업,G47821,사무용 기기 소매업,47,경상북도,47113,포항시 북구,47113655,죽도동,4711311600,죽도동,4711311600106220030,1,대지,622,30,경상북도 포항시 북구 죽도동 622-30,471134712665,경상북도 포항시 북구 중흥로213번길,36,,4711311600106220030132966,,경상북도 포항시 북구 중흥로213번길 36,791843,37751,,,,129.354663089784,36.0244986230207
MA010120220809164865,포항나이스카드,,G2,소매,G216,안경·정밀기기 소매,G21601,사무기기 소매업,G47821,사무용 기기 소매업,47,경상북도,47111,포항시 남구,47111525,상대동,4711110200,대도동,4711110200100910022,1,대지,91,22,경상북도 포항시 남구 대도동 91-22,471113303014,경상북도 포항시 남구 상공로,129,,4711110200100910022131854,,경상북도 포항시 남구 상공로 129,790822,37782,,,,129.361432029958,36.0190315773742
MA010120220809165072,창업파트너,,G2,소매,G216,안경·정밀기기 소매,G21601,사무기기 소매업,G47821,사무용 기기 소매업,47,경상북도,47111,포항시 남구,47111525,상대동,4711110200,대도동,4711110200100250022,1,대지,25,22,경상북도 포항시 남구 대도동 25-22,471114709517,경상북도 포항시 남구 중앙로121번길,17,1,4711110200100250022133377,,경상북도 포항시 남구 중앙로121번길 17-1,790821,37778,,2,,129.366341392638,36.0248362537558
MA010120220809165099,경북정보,,G2,소매,G216,안경·정밀기기 소매,G21601,사무기기 소매업,G47821,사무용 기기 소매업,47,경상북도,47113,포항시 북구,47113665,용흥동,4711311700,용흥동,4711311700103560009,1,대지,356,9,경상북도 포항시 북구 용흥동 356-9,471133018003,경상북도 포항시 북구 새마을로,92,,4711311700103560009116139,,경상북도 포항시 북구 새마을로 92,791811,37645,,,,129.350559066564,36.0412835947216
MA010120220809167402,케이에스넷,,G2,소매,G216,안경·정밀기기 소매,G21601,사무기기 소매업,G47821,사무용 기기 소매업,47,경상북도,47113,포항시 북구,47113665,용흥동,4711311700,용흥동,4711311700104640000,1,대지,464,,경상북도 포항시 북구 용흥동 464,471134712106,경상북도 포항시 북구 대안길,97,,4711311700104640000112121,한라타워맨션,경상북도 포항시 북구 대안길 97,791755,37645,,,,129.348244450049,36.044031950828
MA010120220809178737,미래OA,,G2,소매,G216,안경·정밀기기 소매,G21601,사무기기 소매업,G47821,사무용 기기 소매업,47,경상북도,47940,울릉군,47940250,울릉읍,4794025025,울릉읍,4794025025104610001,1,대지,461,1,경상북도 울릉군 울릉읍 저동리 461-1,479404778045,경상북도 울릉군 울릉읍 저동길,71,32,4794025025104610001005665,,경상북도 울릉군 울릉읍 저동길 71-32,799804,40218,,,,130.904735465284,37.4947392134153
MA010120220810573305,이니메이드툴즈,,G2,소매,G216,안경·정밀기기 소매,G21601,사무기기 소매업,G47821,사무용 기기 소매업,11,서울특별시,11170,용산구,11170685,한남동,1117013100,한남동,1117013100100320065,1,대지,32,65,서울특별시 용산구 한남동 32-65,111704106468,서울특별시 용산구 한남대로20길,61,18,1117013100100320065006041,,서울특별시 용산구 한남대로20길 61-18,140885,04419,,1,,127.01040917981,37.5355340030858
MA010120220810548467,일신정보통신,,G2,소매,G216,안경·정밀기기 소매,G21601,사무기기 소매업,G47821,사무용 기기 소매업,48,경상남도,48250,김해시,48250580,활천동,4825011700,삼정동,4825011700100200013,1,대지,20,13,경상남도 김해시 삼정동 20-13,482503335068,경상남도 김해시 활천로,79,,4825011700100200013086200,,경상남도 김해시 활천로 79,621912,50923,,,,128.892810572984,35.234677368036
MA010120220810532136,비케이정보통신,,G2,소매,G216,안경·정밀기기 소매,G21601,사무기기 소매업,G47821,사무용 기기 소매업,26,부산광역시,26380,사하구,26380520,괴정2동,2638010100,괴정동,2638010100103640003,1,대지,364,3,부산광역시 사하구 괴정동 364-3,263804202286,부산광역시 사하구 사리로18번길,24,1,2638010100103640003033211,,부산광역시 사하구 사리로18번길 24-1,604807,49348,,1,,129.000904201769,35.1018175989045
MA010120220810614125,하나정보통신,,G2,소매,G216,안경·정밀기기 소매,G21601,사무기기 소매업,G47821,사무용 기기 소매업,26,부산광역시,26200,영도구,26200590,봉래1동,2620011600,봉래동2가,2620011600100970020,1,대지,97,20,부산광역시 영도구 봉래동2가 97-20,262004184053,부산광역시 영도구 대교로32번길,4,,2620011600100970020002497,,부산광역시 영도구 대교로32번길 4,606062,49003,,,,129.041869745855,35.0942673836356
MA010120220810578185,상주하나OA,,G2,소매,G216,안경·정밀기기 소매,G21601,사무기기 소매업,G47821,사무용 기기 소매업,47,경상북도,47250,상주시,47250530,북문동,4725013300,만산동,4725013300102290001,1,대지,229,1,경상북도 상주시 만산동 229-1,472503311032,경상북도 상주시 상산로,437,,4725013300102290001098108,,경상북도 상주시 상산로 437,742260,37160,,,,128.158000950249,36.4299914725345
MA010120220810600280,나이스카드시스템,,G2,소매,G216,안경·정밀기기 소매,G21601,사무기기 소매업,G47821,사무용 기기 소매업,11,서울특별시,11710,송파구,11710642,문정2동,1171010800,문정동,1171010800106440000,1,대지,644,,서울특별시 송파구 문정동 644,117104853405,서울특별시 송파구 법원로11길,11,,1171010800102130000000001,현대지식산업센터,서울특별시 송파구 법원로11길 11,138888,05836,,,,127.118437299936,37.4847665617069
MA010120220810615148,한월드슈팅스타,,G2,소매,G216,안경·정밀기기 소매,G21601,사무기기 소매업,G47821,사무용 기기 소매업,26,부산광역시,26320,북구,26320560,덕천2동,2632010400,덕천동,2632010400103270000,1,대지,327,,부산광역시 북구 덕천동 327,263202006007,부산광역시 북구 만덕대로,39,,2632010400103280000000001,덕천지하상가,부산광역시 북구 만덕대로 39,616817,46548,,,,129.009668463922,35.2112010089618
MA010120220810629365,스마트넷,,G2,소매,G216,안경·정밀기기 소매,G21601,사무기기 소매업,G47821,사무용 기기 소매업,26,부산광역시,26290,남구,26290645,우암동,2629011000,우암동,2629011000101890013,1,대지,189,13,부산광역시 남구 우암동 189-13,262904193354,부산광역시 남구 장고개로33번길,1,,2629011000101890013021568,,부산광역시 남구 장고개로33번길 1,608845,48478,,1,,129.070941419212,35.1282527430588
MA010120220810634793,대신사무기,,G2,소매,G216,안경·정밀기기 소매,G21601,사무기기 소매업,G47821,사무용 기기 소매업,26,부산광역시,26470,연제구,26470610,거제1동,2647010100,거제동,2647010100114770007,1,대지,1477,7,부산광역시 연제구 거제동 1477-7,264702006012,부산광역시 연제구 아시아드대로,82,,2647010100114770007022139,삼화빌딩,부산광역시 연제구 아시아드대로 82,611803,47508,,1,,129.06766343796,35.1920387927479
MA010120220810640515,제이케이정보통신,,G2,소매,G216,안경·정밀기기 소매,G21601,사무기기 소매업,G47821,사무용 기기 소매업,26,부산광역시,26230,부산진구,26230560,양정1동,2623010100,양정동,2623010100103610001,1,대지,361,1,부산광역시 부산진구 양정동 361-1,262304187560,부산광역시 부산진구 양지로11번길,16,,2623010100103610001028218,대학빌딩,부산광역시 부산진구 양지로11번길 16,614853,47229,,6,,129.070335467564,35.1697165187006
MA010120220810632659,한국밴서비스,,G2,소매,G216,안경·정밀기기 소매,G21601,사무기기 소매업,G47821,사무용 기기 소매업,26,부산광역시,26230,부산진구,26230610,전포2동,2623010200,전포동,2623010200106660006,1,대지,666,6,부산광역시 부산진구 전포동 666-6,262304187202,부산광역시 부산진구 동천로108번길,36,,2623010200106660010019056,세화빌딩,부산광역시 부산진구 동천로108번길 36,614742,47247,,7,,129.064380557292,35.1581661839065
MA010120220810638050,현지OA시스템,,G2,소매,G216,안경·정밀기기 소매,G21601,사무기기 소매업,G47821,사무용 기기 소매업,26,부산광역시,26230,부산진구,26230540,연지동,2623010600,연지동,2623010600103380135,1,대지,338,135,부산광역시 부산진구 연지동 338-135,262304187228,부산광역시 부산진구 동평로183번길,140,,2623010600103380135007595,,부산광역시 부산진구 동평로183번길 140,614860,47109,,1,,129.048139912297,35.1730227604689
MA010120220810619345,가히.원,,G2,소매,G216,안경·정밀기기 소매,G21601,사무기기 소매업,G47821,사무용 기기 소매업,26,부산광역시,26230,부산진구,26230570,양정2동,2623010100,양정동,2623010100101400050,1,대지,140,50,부산광역시 부산진구 양정동 140-50,262304187704,부산광역시 부산진구 중앙대로970번가길,18,,2623010100101400050024417,,부산광역시 부산진구 중앙대로970번가길 18,614854,47217,,,,129.075192665458,35.1760135664913
MA010120220810633445,MGO,,G2,소매,G216,안경·정밀기기 소매,G21601,사무기기 소매업,G47821,사무용 기기 소매업,26,부산광역시,26230,부산진구,26230740,개금1동,2623011100,개금동,2623011100101960000,1,대지,196,,부산광역시 부산진구 개금동 196,262303129003,부산광역시 부산진구 개금온정로,9,,2623011100101960000013795,석천오피스텔,부산광역시 부산진구 개금온정로 9,614813,47268,,7,,129.024777106778,35.1541216835915
MA010120220810614868,탑정보,,G2,소매,G216,안경·정밀기기 소매,G21601,사무기기 소매업,G47821,사무용 기기 소매업,26,부산광역시,26230,부산진구,26230610,전포2동,2623010200,전포동,2623010200106630007,1,대지,663,7,부산광역시 부산진구 전포동 663-7,262304187420,부산광역시 부산진구 서전로37번길,14,1,2623010200106630007013858,B,부산광역시 부산진구 서전로37번길 14-1,614865,47247,,,,129.064199786664,35.1583945555547
MA010120220810696280,유정서비스,,G2,소매,G216,안경·정밀기기 소매,G21601,사무기기 소매업,G47821,사무용 기기 소매업,26,부산광역시,26530,사상구,26530645,감전동,2653010500,감전동,2653010500105020001,1,대지,502,1,부산광역시 사상구 감전동 502-1,265302006002,부산광역시 사상구 낙동대로,910,,2653010500105020001015535,마트월드,부산광역시 사상구 낙동대로 910,617723,47029,,,,128.970549909223,35.1413722494204
MA010120220810654146,라이카,,G2,소매,G216,안경·정밀기기 소매,G21601,사무기기 소매업,G47821,사무용 기기 소매업,26,부산광역시,26230,부산진구,26230510,부전1동,2623010500,범전동,2623010500100700021,1,대지,70,21,부산광역시 부산진구 범전동 70-21,262303129017,부산광역시 부산진구 범양로,51,,2623010500100700021010100,,부산광역시 부산진구 범양로 51,614844,47200,,,,129.063137220768,35.1693257186954
MA010120220810658286,도도상사,,G2,소매,G216,안경·정밀기기 소매,G21601,사무기기 소매업,G45213,자동차 내장용 신품 전기ㆍ전자ㆍ정밀기기 판매업,52,전북특별자치도,52210,김제시,52210510,요촌동,5221010700,서암동,5221010700100030014,1,대지,3,14,전북특별자치도 김제시 서암동 3-14,522104616082,전북특별자치도 김제시 구수동2길,11,,4521010700100030014048021,,전북특별자치도 김제시 구수동2길 11,576805,54364,,,,126.885923828782,35.8111285525881
MA010120220810685206,신도정보기술,,G2,소매,G216,안경·정밀기기 소매,G21601,사무기기 소매업,G47821,사무용 기기 소매업,26,부산광역시,26290,남구,26290700,문현3동,2629010900,문현동,2629010900101830108,1,대지,183,108,부산광역시 남구 문현동 183-108,262904193094,부산광역시 남구 문현로23번길,1,,2629010900101830108014180,,부산광역시 남구 문현로23번길 1,608822,48416,,,,129.072418727068,35.1415286422411
MA010120220810668439,위쉬주,,G2,소매,G216,안경·정밀기기 소매,G21601,사무기기 소매업,G47821,사무용 기기 소매업,26,부산광역시,26110,중구,26110590,영주1동,2611010100,영주동,2611010100106320001,1,대지,632,1,부산광역시 중구 영주동 632-1,261104175038,부산광역시 중구 대영로242번길,12,1,2611010100106320001005529,,부산광역시 중구 대영로242번길 12-1,600811,48922,,3,,129.036815167831,35.1110151342694
MA010120220812109451,전주속기시스템,,G2,소매,G216,안경·정밀기기 소매,G21601,사무기기 소매업,G47821,사무용 기기 소매업,52,전북특별자치도,52111,전주시 완산구,52111530,풍남동,5211110500,경원동1가,5211110500100730001,1,대지,73,1,전북특별자치도 전주시 완산구 경원동1가 73-1,521113266074,전북특별자치도 전주시 완산구 충경로,69,,4511110500100730001031118,,전북특별자치도 전주시 완산구 충경로 69,560021,54999,,3,,127.146520279385,35.818609901944
MA010120220812104542,원정보통신,,G2,소매,G216,안경·정밀기기 소매,G21601,사무기기 소매업,G47821,사무용 기기 소매업,29,광주광역시,29140,서구,29140800,서창동,2914013200,매월동,2914013200106210002,1,대지,621,2,광주광역시 서구 매월동 621-2,291403160008,광주광역시 서구 매월1로,28,,2914013200106210002000001,광주건어물유통종합상가,광주광역시 서구 매월1로 28,502151,62071,,,,126.855323574887,35.1134248824767
MA010120220812177178,조은정보통신,,G2,소매,G216,안경·정밀기기 소매,G21601,사무기기 소매업,G47821,사무용 기기 소매업,41,경기도,41287,고양시 일산서구,41287510,일산1동,4128710100,일산동,4128710100121150000,1,대지,2115,,경기도 고양시 일산서구 일산동 2115,412874382104,경기도 고양시 일산서구 원일로21번길,40,,4128710300121150000004106,금빌,경기도 고양시 일산서구 원일로21번길 40,411860,10348,,,,126.76494873169,37.6890990235137
MA010120220812175752,행복정보통신,,G2,소매,G216,안경·정밀기기 소매,G21601,사무기기 소매업,G47821,사무용 기기 소매업,41,경기도,41630,양주시,41630520,양주2동,4163010800,삼숭동,4163010800105580003,1,대지,558,3,경기도 양주시 삼숭동 558-3,416303206116,경기도 양주시 부흥로,2155,,4163010800105580003000001,,경기도 양주시 부흥로 2155,482110,11477,,,,127.093615996599,37.807241810005
MA010120220812186794,아이넷,,G2,소매,G216,안경·정밀기기 소매,G21601,사무기기 소매업,G47821,사무용 기기 소매업,11,서울특별시,11230,동대문구,11230560,전농1동,1123010400,전농동,1123010400101030591,1,대지,103,591,서울특별시 동대문구 전농동 103-591,112304115456,서울특별시 동대문구 전농로38가길,4,,1123010400101030591027049,,서울특별시 동대문구 전농로38가길 4,130851,02492,,,,127.052692085627,37.5855550570599
MA010120220812179256,다온디지털웍스복합기렌탈,,G2,소매,G216,안경·정밀기기 소매,G21601,사무기기 소매업,G47821,사무용 기기 소매업,41,경기도,41360,남양주시,41360259,진건읍,4136025924,진건읍,4136025924105410030,1,대지,541,30,경기도 남양주시 진건읍 신월리 541-30,413603197052,경기도 남양주시 진건읍 진관로,576,12,4136025924105410033000001,,경기도 남양주시 진건읍 진관로 576-12,472832,12131,,1,,127.154901342204,37.6596974605092
MA0101202305A0106812,라이카판매,,G2,소매,G216,안경·정밀기기 소매,G21601,사무기기 소매업,G47821,사무용 기기 소매업,41,경기도,41131,성남시 수정구,41131625,위례동,4113110800,창곡동,4113110800105620002,1,대지,562,2,경기도 성남시 수정구 창곡동 562-2,411313000238,경기도 성남시 수정구 위례광장로,21,13,4113110700105620002000001,힘찬프라자,경기도 성남시 수정구 위례광장로 21-13,461210,13646,,2,,127.139837860774,37.4649840376342
MA0101202305A0121863,신도사무기,,G2,소매,G216,안경·정밀기기 소매,G21601,사무기기 소매업,G47821,사무용 기기 소매업,51,강원특별자치도,51230,삼척시,51230570,성내동,5123010500,당저동,5123010500100400001,1,대지,40,1,강원특별자치도 삼척시 당저동 40-1,512303223002,강원특별자치도 삼척시 교동로,21,,4223010500100400001000001,,강원특별자치도 삼척시 교동로 21,245942,25916,,,,129.164921512877,37.4471426989063
MA0101202305A0181073,그린사무기기,,G2,소매,G216,안경·정밀기기 소매,G21601,사무기기 소매업,G47821,사무용 기기 소매업,29,광주광역시,29155,남구,29155605,월산동,2915510400,월산동,2915510400100450010,1,대지,45,10,광주광역시 남구 월산동 45-10,291554283209,광주광역시 남구 덕림길,15,,2915510400100450010020319,,광주광역시 남구 덕림길 15,503824,61632,,,,126.902056926601,35.147236729641
MA0101202306A0073144,신도OA솔루션,,G2,소매,G216,안경·정밀기기 소매,G21601,사무기기 소매업,G47821,사무용 기기 소매업,41,경기도,41220,평택시,41220535,송탄동,4122010300,모곡동,4122010300102940020,1,대지,294,20,경기도 평택시 모곡동 294-20,412204364177,경기도 평택시 모곡길,10,,4122010300102940020000001,,경기도 평택시 모곡길 10,459040,17747,,1,,127.07226549251,37.0293445973727
MA0101202307A0038733,본렌탈,,G2,소매,G216,안경·정밀기기 소매,G21601,사무기기 소매업,G47821,사무용 기기 소매업,41,경기도,41111,수원시 장안구,41111573,정자3동,4111113300,천천동,4111113300104800005,1,대지,480,5,경기도 수원시 장안구 천천동 480-5,411114322313,경기도 수원시 장안구 정자로41번길,5,8,4111113300104800005044637,캐논,경기도 수원시 장안구 정자로41번길 5-8,440303,16323,,2,,126.980870637311,37.3010518325282
MA0101202307A0056193,미라클OA,,G2,소매,G216,안경·정밀기기 소매,G21601,사무기기 소매업,G47821,사무용 기기 소매업,52,전북특별자치도,52111,전주시 완산구,52111730,효자5동,5211114200,효자동3가,5211114200116500007,1,대지,1650,7,전북특별자치도 전주시 완산구 효자동3가 1650-7,521114598357,전북특별자치도 전주시 완산구 척동4길,9,,4511114200116500007000001,,전북특별자치도 전주시 완산구 척동4길 9,560901,54961,,,,127.100823835747,35.82230702016
MA0101202307A0063977,마트페이,,G2,소매,G216,안경·정밀기기 소매,G21601,사무기기 소매업,G47821,사무용 기기 소매업,11,서울특별시,11470,양천구,11470611,신월7동,1147010300,신월동,1147010300109280001,1,대지,928,1,서울특별시 양천구 신월동 928-1,114703114013,서울특별시 양천구 지양로,78,,1147010300109280001007632,,서울특별시 양천구 지양로 78,158845,08034,,4,,126.833572306416,37.5226590202723
MA0101202308A0038969,유앤미카드포스,,G2,소매,G216,안경·정밀기기 소매,G21601,사무기기 소매업,G47821,사무용 기기 소매업,51,강원특별자치도,51130,원주시,51130660,무실동,5113011500,무실동,5113011500117310004,1,대지,1731,4,강원특별자치도 원주시 무실동 1731-4,511304457185,강원특별자치도 원주시 만대공원길,24,6,4213011500117310004000001,,강원특별자치도 원주시 만대공원길 24-6,220150,26383,,,,127.927860170223,37.3383036694497
MA0101202308A0086070,에이치와이컴퍼니,,G2,소매,G216,안경·정밀기기 소매,G21601,사무기기 소매업,G47821,사무용 기기 소매업,30,대전광역시,30140,중구,30140740,산성동,3014011700,산성동,3014011700100880003,1,대지,88,3,대전광역시 중구 산성동 88-3,301403000093,대전광역시 중구 대둔산로,419,4,3014011700100880003007386,한밭프라자,대전광역시 중구 대둔산로 419-4,301817,34989,,3,,127.386792658972,36.3071408573778
MA0101202309A0060220,스카이포스,,G2,소매,G216,안경·정밀기기 소매,G21601,사무기기 소매업,G47821,사무용 기기 소매업,28,인천광역시,28185,연수구,28185762,연수2동,2818510300,연수동,2818510300106270005,1,대지,627,5,인천광역시 연수구 연수동 627-5,281854256116,인천광역시 연수구 샘말로38번길,20,,2818510300106270005005110,,인천광역시 연수구 샘말로38번길 20,406818,21929,,3,,126.679708609905,37.4124010603774
MA0101202310A0012054,시즌,,G2,소매,G216,안경·정밀기기 소매,G21601,사무기기 소매업,G47821,사무용 기기 소매업,41,경기도,41800,연천군,41800253,전곡읍,4180025321,전곡읍,4180025321103000003,1,대지,300,3,경기도 연천군 전곡읍 전곡리 300-3,418003215032,경기도 연천군 전곡읍 온골로,19,,4180025321103000003001874,,경기도 연천군 전곡읍 온골로 19,486903,11038,,,,127.069369424337,38.0228090466592
MA0101202309A0057592,샤인포스,,G2,소매,G216,안경·정밀기기 소매,G21601,사무기기 소매업,G47821,사무용 기기 소매업,43,충청북도,43111,청주시 상당구,43111545,성안동,4311110500,남문로1가,4311110500100800003,1,대지,80,3,충청북도 청주시 상당구 남문로1가 80-3,431114508325,충청북도 청주시 상당구 상당로29번길,17,6,4311110500100800003049674,일부,충청북도 청주시 상당구 상당로29번길 17-6,360041,28531,,4,,127.489788628872,36.6306918152427
MA0101202310A0042780,대주종합상사,,G2,소매,G216,안경·정밀기기 소매,G21601,사무기기 소매업,G47821,사무용 기기 소매업,44,충청남도,44150,공주시,44150330,계룡면,4415033037,계룡면,4415033037103620012,1,대지,362,12,충청남도 공주시 계룡면 유평리 362-12,441503251025,충청남도 공주시 계룡면 영규대사로,383,1,4415033037103620013000001,,충청남도 공주시 계룡면 영규대사로 383-1,314833,32616,,,,127.137764863649,36.3517280092605
MA0101202310A0003108,넥스트정보통신,,G2,소매,G216,안경·정밀기기 소매,G21601,사무기기 소매업,G47821,사무용 기기 소매업,27,대구광역시,27200,남구,27200650,대명10동,2720010300,대명동,2720010300116370022,1,대지,1637,22,대구광역시 남구 대명동 1637-22,272003144003,대구광역시 남구 대명로,131,,2720010300116370022006358,,대구광역시 남구 대명로 131,705810,42474,,3,,128.572183994701,35.8396331262852
MA0101202311A0088109,이룸,,G2,소매,G216,안경·정밀기기 소매,G21601,사무기기 소매업,G47821,사무용 기기 소매업,46,전라남도,46730,구례군,46730250,구례읍,4673025021,구례읍,4673025021101680001,1,대지,168,1,전라남도 구례군 구례읍 봉동리 168-1,467303288011,전라남도 구례군 구례읍 서시천로,7,,4673025021101680001000001,,전라남도 구례군 구례읍 서시천로 7,542804,57637,,,,127.473160257541,35.2108618714776
MA0101202311A0032267,제이엄,,G2,소매,G216,안경·정밀기기 소매,G21601,사무기기 소매업,G47821,사무용 기기 소매업,30,대전광역시,30200,유성구,30200530,온천1동,3020011100,봉명동,3020011100106900006,1,대지,690,6,대전광역시 유성구 봉명동 690-6,302003167046,대전광역시 유성구 온천북로,65,9,3020011100106900006013430,,대전광역시 유성구 온천북로 65-9,305301,34185,,,,127.350060169279,36.3567648110931
MA0101202406A0003240,솔그린,,G2,소매,G216,안경·정밀기기 소매,G21601,사무기기 소매업,G47821,사무용 기기 소매업,11,서울특별시,11305,강북구,11305635,수유3동,1130510300,수유동,1130510300101340020,1,대지,134,20,서울특별시 강북구 수유동 134-20,113053108003,서울특별시 강북구 수유로,63,,1130510300101340020006673,,서울특별시 강북구 수유로 63,142890,01080,,2,,127.020631119307,37.6360834767381
MA0101202406A0065630,틸문,,G2,소매,G216,안경·정밀기기 소매,G21601,사무기기 소매업,G47821,사무용 기기 소매업,30,대전광역시,30140,중구,30140605,문창동,3014010600,문창동,3014010600100610009,1,대지,61,9,대전광역시 중구 문창동 61-9,301403010018,대전광역시 중구 충무로,171,,3014010600100610009019043,,대전광역시 중구 충무로 171,301809,34930,,,,127.435091715797,36.3209791520646
MA0101202406A0017253,청일사무기,,G2,소매,G216,안경·정밀기기 소매,G21601,사무기기 소매업,G47821,사무용 기기 소매업,41,경기도,41196,부천시 오정구,41196570,신흥동,4119610800,내동,4119610800100570018,1,대지,57,18,경기도 부천시 오정구 내동 57-18,411964358272,경기도 부천시 오정구 신흥로377번가길,32,,4119910800100570018047591,일부호,경기도 부천시 오정구 신흥로377번가길 32,421805,14494,,1,,126.774293193385,37.5159202326627
MA0101202406A0078794,나랑놀자,,G2,소매,G216,안경·정밀기기 소매,G21601,사무기기 소매업,G47821,사무용 기기 소매업,46,전라남도,46110,목포시,46110558,원산동,4611010200,산정동,4611010200117330010,1,대지,1733,10,전라남도 목포시 산정동 1733-10,461103281065,전라남도 목포시 원산중앙로,44,,4611010200117330006042692,,전라남도 목포시 원산중앙로 44,530810,58636,,2,,126.377008422507,34.8089866578826
MA0101202406A0110722,소망상사,,G2,소매,G216,안경·정밀기기 소매,G21601,사무기기 소매업,G47821,사무용 기기 소매업,44,충청남도,44825,태안군,44825250,태안읍,4482525021,태안읍,4482525021100810001,1,대지,81,1,충청남도 태안군 태안읍 동문리 81-1,448253264041,충청남도 태안군 태안읍 동평로,35,7,4482525021100810001000001,,충청남도 태안군 태안읍 동평로 35-7,357905,32140,,,,126.30833334762,36.7497638426186
MA0101202406A0178663,대전포스기카드기,,G2,소매,G216,안경·정밀기기 소매,G21601,사무기기 소매업,G47821,사무용 기기 소매업,30,대전광역시,30170,서구,30170560,괴정동,3017010800,괴정동,3017010800100010005,1,대지,1,5,대전광역시 서구 괴정동 1-5,301703010024,대전광역시 서구 계룡로,566,,3017010800100010006006168,,대전광역시 서구 계룡로 566,302814,35269,,4,,127.386263957254,36.3421533572434
MA0101202406A0173291,하이테크,,G2,소매,G216,안경·정밀기기 소매,G21601,사무기기 소매업,G47821,사무용 기기 소매업,47,경상북도,47170,안동시,47170650,옥동,4717013300,옥동,4717013300110410015,1,대지,1041,15,경상북도 안동시 옥동 1041-15,471703307031,경상북도 안동시 은행나무로,46,23,4717013300110410015027284,,경상북도 안동시 은행나무로 46-23,760310,36637,,,,128.689984569769,36.5656950632436
MA0101202406A0103815,가나안,,G2,소매,G216,안경·정밀기기 소매,G21601,사무기기 소매업,G47821,사무용 기기 소매업,41,경기도,41390,시흥시,41390540,은행동,4139010600,은행동,4139010600106060001,1,대지,606,1,경기도 시흥시 은행동 606-1,413903351808,경기도 시흥시 은계호수로,50,,4139011300107500004000001,은계레이크파크,경기도 시흥시 은계호수로 50,429060,14923,,,,126.802742998629,37.4464314047922
MA0101202406A0144874,제주광림,,G2,소매,G216,안경·정밀기기 소매,G21601,사무기기 소매업,G47821,사무용 기기 소매업,50,제주특별자치도,50110,제주시,50110540,이도2동,5011010400,이도이동,5011010400120260010,1,대지,2026,10,제주특별자치도 제주시 이도이동 2026-10,501104847228,제주특별자치도 제주시 구남동6길,45,2,5011010400120260010000002,,제주특별자치도 제주시 구남동6길 45-2,690851,63233,,1,,126.535049567862,33.4870419481279
MA0101202406A0110020,잉크충전,,G2,소매,G216,안경·정밀기기 소매,G21601,사무기기 소매업,G47821,사무용 기기 소매업,41,경기도,41115,수원시 팔달구,41115670,고등동,4111513700,고등동,4111513700102420004,1,대지,242,4,경기도 수원시 팔달구 고등동 242-4,411154328012,경기도 수원시 팔달구 갓매산로86번길,23,,4111513700102420004010203,수원중앙교회,경기도 수원시 팔달구 갓매산로86번길 23,442883,16454,,,,127.001837763969,37.2710307510896
MA0101202406A0142732,바로컴시스템,,G2,소매,G216,안경·정밀기기 소매,G21601,사무기기 소매업,G47821,사무용 기기 소매업,11,서울특별시,11620,관악구,11620655,신원동,1162010200,신림동,1162010200115780013,1,대지,1578,13,서울특별시 관악구 신림동 1578-13,116204160219,서울특별시 관악구 남부순환로172길,36,,1162010200115780013019248,,서울특별시 관악구 남부순환로172길 36,151869,08773,,1,,126.923806263491,37.4829182487506
MA010120220808904972,엠지서비스,,G2,소매,G216,안경·정밀기기 소매,G21601,사무기기 소매업,G47821,사무용 기기 소매업,26,부산광역시,26230,부산진구,26230610,전포2동,2623010200,전포동,2623010200106660006,1,대지,666,6,부산광역시 부산진구 전포동 666-6,262304187202,부산광역시 부산진구 동천로108번길,36,,2623010200106660010019056,세화빌딩,부산광역시 부산진구 동천로108번길 36,614742,47247,,7,,129.064380557292,35.1581661839065
MA010120220808899394,지앤비영어,,G2,소매,G216,안경·정밀기기 소매,G21601,사무기기 소매업,G47821,사무용 기기 소매업,27,대구광역시,27290,달서구,27290576,이곡1동,2729010800,이곡동,2729010800112460003,1,대지,1246,3,대구광역시 달서구 이곡동 1246-3,272904241053,대구광역시 달서구 달구벌대로259길,33,,2729010800112460003002153,제일빌딩,대구광역시 달서구 달구벌대로259길 33,704928,42620,,6,,128.509426309043,35.8544960036247
MA010120220808902459,대구전자담배총판,,G2,소매,G216,안경·정밀기기 소매,G21601,사무기기 소매업,G47821,사무용 기기 소매업,27,대구광역시,27140,동구,27140570,신천3동,2714010200,신천동,2714010200102780002,1,대지,278,2,대구광역시 동구 신천동 278-2,271403142009,대구광역시 동구 동부로,60,1,2714010200102780002022656,동아빌딩,대구광역시 동구 동부로 60-1,701823,41254,,1,,128.619248497776,35.8747923699542
MA010120220808902530,해원포스인벤션,,G2,소매,G216,안경·정밀기기 소매,G21601,사무기기 소매업,G47821,사무용 기기 소매업,27,대구광역시,27260,수성구,27260560,만촌2동,2726010200,만촌동,2726010200110030002,1,대지,1003,2,대구광역시 수성구 만촌동 1003-2,272603146030,대구광역시 수성구 충의로,7,,2726010200110030002034475,,대구광역시 수성구 충의로 7,706806,42059,,1,,128.647087983837,35.8621673515533
MA010120220808936251,대경사무기,,G2,소매,G216,안경·정밀기기 소매,G21601,사무기기 소매업,G47821,사무용 기기 소매업,27,대구광역시,27290,달서구,27290640,송현2동,2729012200,송현동,2729012200105670001,1,대지,567,1,대구광역시 달서구 송현동 567-1,272904241615,대구광역시 달서구 학산로42길,64,,2729012200105670001030825,,대구광역시 달서구 학산로42길 64,704825,42739,,,,128.548585719996,35.8309460843713
MA010120220808980493,나이스정보통신,,G2,소매,G216,안경·정밀기기 소매,G21601,사무기기 소매업,G47821,사무용 기기 소매업,52,전북특별자치도,52140,익산시,52140656,신동,5214012100,신동,5214012100103890001,1,대지,389,1,전북특별자치도 익산시 신동 389-1,521402269001,전북특별자치도 익산시 익산대로,432,,4514012100103890001069767,,전북특별자치도 익산시 익산대로 432,570975,54645,,1,,126.953660758703,35.9642872074411
MA010120220808975121,혁신정보통신,,G2,소매,G216,안경·정밀기기 소매,G21601,사무기기 소매업,G47821,사무용 기기 소매업,27,대구광역시,27170,서구,27170675,상중이동,2717010500,중리동,2717010500107150022,1,대지,715,22,대구광역시 서구 중리동 715-22,271704241571,대구광역시 서구 죽전길,132,8,2717010500107150022002315,,대구광역시 서구 죽전길 132-8,703832,41846,,,,128.540799327492,35.857477025008
MA010120220808940974,OA나라,,G2,소매,G216,안경·정밀기기 소매,G21601,사무기기 소매업,G47821,사무용 기기 소매업,27,대구광역시,27290,달서구,27290555,감삼동,2729011300,감삼동,2729011300101930001,1,대지,193,1,대구광역시 달서구 감삼동 193-1,272904241011,대구광역시 달서구 감삼남4길,13,,2729011300101930001020190,,대구광역시 달서구 감삼남4길 13,704903,42651,,,,128.54246651823,35.8481106772915
MA010120220808952588,부강사무기,,G2,소매,G216,안경·정밀기기 소매,G21601,사무기기 소매업,G47821,사무용 기기 소매업,27,대구광역시,27290,달서구,27290555,감삼동,2729011300,감삼동,2729011300102930024,1,대지,293,24,대구광역시 달서구 감삼동 293-24,272904241095,대구광역시 달서구 당산로21안길,32,,2729011300102930024005555,하나빌,대구광역시 달서구 당산로21안길 32,704904,42653,,1,,128.543385061425,35.8458189627884
MA010120220808971527,신도리코유앤아이시스템,,G2,소매,G216,안경·정밀기기 소매,G21601,사무기기 소매업,G47821,사무용 기기 소매업,27,대구광역시,27290,달서구,27290572,용산2동,2729011100,용산동,2729011100105840005,1,대지,584,5,대구광역시 달서구 용산동 584-5,272904241248,대구광역시 달서구 선원로55길,28,12,2729011100105840005002949,,대구광역시 달서구 선원로55길 28-12,704934,42607,,1,,128.523123685138,35.8593605687316
MA010120220808979853,칼라웨이브시스템,,G2,소매,G216,안경·정밀기기 소매,G21601,사무기기 소매업,G47821,사무용 기기 소매업,11,서울특별시,11650,서초구,11650652,양재2동,1165010200,양재동,1165010200102170000,1,대지,217,,서울특별시 서초구 양재동 217,116504163469,서울특별시 서초구 양재대로11길,36,,1165010200102170000000001,금관,서울특별시 서초구 양재대로11길 36,137917,06772,,,,127.035379052617,37.461835858534
MA010120220808942910,한국디지탈시스템,,G2,소매,G216,안경·정밀기기 소매,G21601,사무기기 소매업,G47821,사무용 기기 소매업,27,대구광역시,27110,중구,27110660,남산3동,2711015600,남산동,2711015600122060003,1,대지,2206,3,대구광역시 중구 남산동 2206-3,271104223039,대구광역시 중구 남산로4길,80,,2711015600122060003026124,,대구광역시 중구 남산로4길 80,700805,41969,,,,128.585645375226,35.8603808579722
MA010120220808992491,성창OA시스템,,G2,소매,G216,안경·정밀기기 소매,G21601,사무기기 소매업,G47821,사무용 기기 소매업,27,대구광역시,27230,북구,27230725,태전1동,2723012600,태전동,2723012600109640023,1,대지,964,23,대구광역시 북구 태전동 964-23,272304235356,대구광역시 북구 칠곡중앙대로71길,29,,2723012600109640023023839,지하,대구광역시 북구 칠곡중앙대로71길 29,702868,41452,,1,,128.54488352825,35.928119520332
MA010120220808995496,OA,코리아,G2,소매,G216,안경·정밀기기 소매,G21601,사무기기 소매업,G47821,사무용 기기 소매업,27,대구광역시,27200,남구,27200610,대명6동,2720010300,대명동,2720010300105930004,1,대지,593,4,대구광역시 남구 대명동 593-4,272004232150,대구광역시 남구 번덕길,12,15,2720010300105930006003224,,대구광역시 남구 번덕길 12-15,705807,42495,,,,128.565535154034,35.8341328054379
MA010120220809012845,가자OA,,G2,소매,G216,안경·정밀기기 소매,G21601,사무기기 소매업,G47821,사무용 기기 소매업,27,대구광역시,27230,북구,27230620,산격2동,2723011100,산격동,2723011100116260000,1,대지,1626,,대구광역시 북구 산격동 1626,272303145037,대구광역시 북구 유통단지로,25,,2723011100116260000007543,전자상가,대구광역시 북구 유통단지로 25,702915,41505,,,,128.604986394508,35.905451317948
MA010120220809017054,엘지사무기서비스,,G2,소매,G216,안경·정밀기기 소매,G21601,사무기기 소매업,G47821,사무용 기기 소매업,27,대구광역시,27290,달서구,27290615,진천동,2729011700,진천동,2729011700103830005,1,대지,383,5,대구광역시 달서구 진천동 383-5,272904241589,대구광역시 달서구 진천로3길,45,,2729011700103830005015236,,대구광역시 달서구 진천로3길 45,704837,42775,,,,128.523558923739,35.8097733594355
MA010120220809023350,자유사무기,,G2,소매,G216,안경·정밀기기 소매,G21601,사무기기 소매업,G47821,사무용 기기 소매업,47,경상북도,47290,경산시,47290253,진량읍,4729025324,진량읍,4729025324103170005,1,대지,317,5,경상북도 경산시 진량읍 봉회리 317-5,472903305008,경상북도 경산시 진량읍 공단로,607,,4729025324103170005026120,,경상북도 경산시 진량읍 공단로 607,712835,38451,,,,128.81703622886,35.885434295588
MA010120220809019225,영전자,,G2,소매,G216,안경·정밀기기 소매,G21601,사무기기 소매업,G47821,사무용 기기 소매업,27,대구광역시,27230,북구,27230620,산격2동,2723011100,산격동,2723011100116210000,1,대지,1621,,대구광역시 북구 산격동 1621,272303145037,대구광역시 북구 유통단지로,45,,2723011100116210000039338,전자관,대구광역시 북구 유통단지로 45,702711,41505,,1,,128.607026565901,35.907199264718
MA010120220810444136,제이오피스,,G2,소매,G216,안경·정밀기기 소매,G21601,사무기기 소매업,G47821,사무용 기기 소매업,46,전라남도,46780,보성군,46780250,보성읍,4678025029,보성읍,4678025029103900012,1,대지,390,12,전라남도 보성군 보성읍 주봉리 390-12,467803290014,전라남도 보성군 보성읍 현충로,25,1,4678025029103900012100745,,전라남도 보성군 보성읍 현충로 25-1,546806,59458,,,,127.075719304017,34.7647749656473
MA010120220810429090,선진O.A시스템,,G2,소매,G216,안경·정밀기기 소매,G21601,사무기기 소매업,G47821,사무용 기기 소매업,26,부산광역시,26260,동래구,26260750,안락2동,2626010200,안락동,2626010200112260007,1,대지,1226,7,부산광역시 동래구 안락동 1226-7,262604190151,부산광역시 동래구 명안로46번길,38,,2626010200112260007012052,지하,부산광역시 동래구 명안로46번길 38,607830,47784,,1,,129.106644351231,35.2005223628811
MA010120220810408104,우리OA,,G2,소매,G216,안경·정밀기기 소매,G21601,사무기기 소매업,G47821,사무용 기기 소매업,52,전북특별자치도,52130,군산시,52130640,흥남동,5213013200,동흥남동,5213013200104000033,1,대지,400,33,전북특별자치도 군산시 동흥남동 400-33,521303268104,전북특별자치도 군산시 팔마로,164,,4513013200104000033028825,호남빌딩,전북특별자치도 군산시 팔마로 164,573200,54083,,1,,126.719094123833,35.9735385075358
MA010120220810416209,지즐,,G2,소매,G216,안경·정밀기기 소매,G21601,사무기기 소매업,G47821,사무용 기기 소매업,41,경기도,41390,시흥시,41390650,거북섬동,4139013200,정왕동,4139013200127030014,1,대지,2703,14,경기도 시흥시 정왕동 2703-14,413904855375,경기도 시흥시 거북섬1길,22,,4139013200127030014000001,퍼스트에비뉴,경기도 시흥시 거북섬1길 22,429450,15119,,1,,126.676257091332,37.3271729797812
MA010120220810432224,디오,,G2,소매,G216,안경·정밀기기 소매,G21601,사무기기 소매업,G47821,사무용 기기 소매업,11,서울특별시,11470,양천구,11470600,신월5동,1147010300,신월동,1147010300100110024,1,대지,11,24,서울특별시 양천구 신월동 11-24,114704142028,서울특별시 양천구 남부순환로27길,5,,1147010300100110024009838,,서울특별시 양천구 남부순환로27길 5,158822,07900,,1,,126.826064514969,37.5405871164576
MA010120220810416864,이.에스정보통신지점,,G2,소매,G216,안경·정밀기기 소매,G21601,사무기기 소매업,G47821,사무용 기기 소매업,41,경기도,41463,용인시 기흥구,41463516,영덕1동,4146311100,영덕동,4146311100109750005,1,대지,975,5,경기도 용인시 기흥구 영덕동 975-5,414633204076,경기도 용인시 기흥구 흥덕중앙로,55,,4146311100109750005000001,리써밋타워,경기도 용인시 기흥구 흥덕중앙로 55,446908,16953,,5,,127.073267815968,37.2765044401836
MA010120220810467165,도매전자,,G2,소매,G216,안경·정밀기기 소매,G21601,사무기기 소매업,G47821,사무용 기기 소매업,26,부산광역시,26110,중구,26110570,광복동,2611013200,창선동2가,2611013200100260001,1,대지,26,1,부산광역시 중구 창선동2가 26-1,261104175030,부산광역시 중구 국제시장2길,5,,2611013200100270002003247,,부산광역시 중구 국제시장2길 5,600819,48945,,,,129.028320672571,35.099703683235
MA010120220810474680,장미사,,G2,소매,G216,안경·정밀기기 소매,G21601,사무기기 소매업,G47821,사무용 기기 소매업,26,부산광역시,26110,중구,26110560,부평동,2611012300,부평동1가,2611012300100150052,1,대지,15,52,부산광역시 중구 부평동1가 15-52,261104175238,부산광역시 중구 중구로43번길,18,2,2611012300100150052000896,장미아케이드,부산광역시 중구 중구로43번길 18-2,600804,48978,,,,129.026904795597,35.1018631580435
MA010120220810518623,부경OA시스템,,G2,소매,G216,안경·정밀기기 소매,G21601,사무기기 소매업,G47821,사무용 기기 소매업,26,부산광역시,26380,사하구,26380520,괴정2동,2638010100,괴정동,2638010100100390000,1,대지,39,,부산광역시 사하구 괴정동 39,263803134020,부산광역시 사하구 오작로,167,,2638010100100390000020683,좌측,부산광역시 사하구 오작로 167,604807,49347,,1,,129.007411191708,35.1051254619278
MA010120220810485030,신도대구사무기,,G2,소매,G216,안경·정밀기기 소매,G21601,사무기기 소매업,G47821,사무용 기기 소매업,27,대구광역시,27140,동구,27140755,혁신동,2714012400,신서동,2714012400111650012,1,대지,1165,12,대구광역시 동구 신서동 1165-12,271404226428,대구광역시 동구 이노밸리로54길,15,5,2714012400111650012000001,,대구광역시 동구 이노밸리로54길 15-5,701300,41068,,,,128.725939295833,35.8768929455144
MA010120220810495580,동화오에이,,G2,소매,G216,안경·정밀기기 소매,G21601,사무기기 소매업,G47821,사무용 기기 소매업,26,부산광역시,26110,중구,26110590,영주1동,2611010100,영주동,2611010100100230011,1,대지,23,11,부산광역시 중구 영주동 23-11,261103125009,부산광역시 중구 대영로,233,,2611010100100230015006812,,부산광역시 중구 대영로 233,600811,48911,,,,129.036189939827,35.1123323422697
MA010120220810508589,오에이써비스,코리아,G2,소매,G216,안경·정밀기기 소매,G21601,사무기기 소매업,G47821,사무용 기기 소매업,26,부산광역시,26380,사하구,26380572,신평2동,2638010400,신평동,2638010400105960001,1,대지,596,1,부산광역시 사하구 신평동 596-1,263804202511,부산광역시 사하구 하신번영로177번길,49,,2638010400105960001018886,,부산광역시 사하구 하신번영로177번길 49,604838,49431,,1,,128.957367844707,35.0985002535265
MA010120220811922908,불라코,,G2,소매,G216,안경·정밀기기 소매,G21601,사무기기 소매업,G47821,사무용 기기 소매업,41,경기도,41281,고양시 덕양구,41281655,행신3동,4128112800,행신동,4128112800109050000,1,대지,905,,경기도 고양시 덕양구 행신동 905,412813192087,경기도 고양시 덕양구 화신로,168,,4128112800109050000004688,햇빛마을대우21단지,경기도 고양시 덕양구 화신로 168,412720,10484,,,,126.84177799298,37.6276721081468
MA010120220811937098,삼성솔루션,,G2,소매,G216,안경·정밀기기 소매,G21601,사무기기 소매업,G47821,사무용 기기 소매업,44,충청남도,44230,논산시,44230510,취암동,4423010500,취암동,4423010500104120000,1,대지,412,,충청남도 논산시 취암동 412,442303255047,충청남도 논산시 중앙로,358,,4423010500104120000000001,,충청남도 논산시 중앙로 358,320804,32979,,,,127.091984535015,36.1969021632918
MA010120220811915578,유민OA시스템,,G2,소매,G216,안경·정밀기기 소매,G21601,사무기기 소매업,G47821,사무용 기기 소매업,30,대전광역시,30230,대덕구,30230525,회덕동,3023010300,읍내동,3023010300103620010,1,대지,362,10,대전광역시 대덕구 읍내동 362-10,302304304371,대전광역시 대덕구 아리랑로151번길,8,,3023010300103620010012329,,대전광역시 대덕구 아리랑로151번길 8,306822,34360,,1,,127.420941708764,36.3734691397597
MA010120220811935374,지에스전산,,G2,소매,G216,안경·정밀기기 소매,G21601,사무기기 소매업,G47821,사무용 기기 소매업,31,울산광역시,31140,남구,31140570,삼산동,3114010600,삼산동,3114010600115110014,1,대지,1511,14,울산광역시 남구 삼산동 1511-14,311404310450,울산광역시 남구 삼산중로131번길,42,7,3114010600115110014007449,,울산광역시 남구 삼산중로131번길 42-7,680814,44701,,1,,129.33099999637,35.5443345794196
MA010120220811926728,그린비지니스,,G2,소매,G216,안경·정밀기기 소매,G21601,사무기기 소매업,G47821,사무용 기기 소매업,28,인천광역시,28200,남동구,28200522,구월4동,2820010100,구월동,2820010100112560001,1,대지,1256,1,인천광역시 남동구 구월동 1256-1,282004259417,인천광역시 남동구 복개서로97번길,15,,2820010100112560001027807,향군회관,인천광역시 남동구 복개서로97번길 15,405839,21534,,2,,126.721649325586,37.4552152795699
MA010120220811951782,다나와컴퓨터,안동점,G2,소매,G216,안경·정밀기기 소매,G21601,사무기기 소매업,G47821,사무용 기기 소매업,48,경상남도,48250,김해시,48250590,삼안동,4825011900,삼방동,4825011900101990006,1,대지,199,6,경상남도 김해시 삼방동 199-6,482503335034,경상남도 김해시 삼안로,169,,4825011900101990006090648,,경상남도 김해시 삼안로 169,621909,50822,,2,,128.91283836284,35.2432840789367
MA010120220811954073,이레시스템,,G2,소매,G216,안경·정밀기기 소매,G21601,사무기기 소매업,G47821,사무용 기기 소매업,11,서울특별시,11290,성북구,11290600,안암동,1129012400,안암동4가,1129012400100180001,1,대지,18,1,서울특별시 성북구 안암동4가 18-1,112904121431,서울특별시 성북구 안암로9길,35,,1129012400100180001041162,,서울특별시 성북구 안암로9길 35,136074,02858,,2,,127.024204782402,37.5811584785535
MA010120220811990466,여주사무기,,G2,소매,G216,안경·정밀기기 소매,G21601,사무기기 소매업,G47821,사무용 기기 소매업,41,경기도,41670,여주시,41670510,여흥동,4167010200,홍문동,4167010200102830006,1,대지,283,6,경기도 여주시 홍문동 283-6,416704442242,경기도 여주시 세종로79번길,23,3,4173025022102830006057050,,경기도 여주시 세종로79번길 23-3,469102,12630,,,,127.637751729141,37.2904600083109
MA010120220811998374,케이정보통신,,G2,소매,G216,안경·정밀기기 소매,G21601,사무기기 소매업,G47821,사무용 기기 소매업,47,경상북도,47250,상주시,47250520,남원동,4725010700,남성동,4725010700100290002,1,대지,29,2,경상북도 상주시 남성동 29-2,472504733376,경상북도 상주시 상서문3길,87,,4725010700100290002092862,,경상북도 상주시 상서문3길 87,742903,37197,,,,128.156351127315,36.4142379444562
MA010120220812062015,체어파크,,G2,소매,G216,안경·정밀기기 소매,G21601,사무기기 소매업,G47821,사무용 기기 소매업,11,서울특별시,11680,강남구,11680565,청담동,1168010400,청담동,1168010400101180017,1,대지,118,17,서울특별시 강남구 청담동 118-17,116803122007,서울특별시 강남구 압구정로,461,,1168010400101180017027598,네이처포엠,서울특별시 강남구 압구정로 461,135955,06011,,2,,127.047230826411,37.5252536010873
MA010120220812039976,청년포스,,G2,소매,G216,안경·정밀기기 소매,G21601,사무기기 소매업,G47821,사무용 기기 소매업,11,서울특별시,11500,강서구,11500520,등촌1동,1150010200,등촌동,1150010200106360061,1,대지,636,61,서울특별시 강서구 등촌동 636-61,115004145199,서울특별시 강서구 공항대로55길,55,17,1150010200106360061000001,,서울특별시 강서구 공항대로55길 55-17,157839,07565,,,,126.861361821189,37.5559057486138
MA010120220812051421,인시스템,,G2,소매,G216,안경·정밀기기 소매,G21601,사무기기 소매업,G47821,사무용 기기 소매업,26,부산광역시,26350,해운대구,26350650,재송1동,2635010400,재송동,2635010400102620002,1,대지,262,2,부산광역시 해운대구 재송동 262-2,263503133035,부산광역시 해운대구 재반로,61,,2635010400102620002019337,,부산광역시 해운대구 재반로 61,612831,48056,,3,,129.126078220455,35.1841602065765
MA010120220812057328,세종정보통신,,G2,소매,G216,안경·정밀기기 소매,G21601,사무기기 소매업,G47821,사무용 기기 소매업,36,세종특별자치시,36110,세종특별자치시,36110560,보람동,3611010300,보람동,3611010300107040000,1,대지,704,,세종특별자치시 세종특별자치시 보람동 704,361102348105,세종특별자치시 세종특별자치시 시청대로,123,,3611010300106640011000002,해오름빌딩,세종특별자치시 세종특별자치시 시청대로 123,339008,30151,,,,127.285342946956,36.479369479645
MA010120220814193947,제일기획,,G2,소매,G216,안경·정밀기기 소매,G21601,사무기기 소매업,G47821,사무용 기기 소매업,44,충청남도,44200,아산시,44200590,온양3동,4420011300,모종동,4420011300105950020,1,대지,595,20,충청남도 아산시 모종동 595-20,442004559270,충청남도 아산시 삼동로12번길,4,,4420011300105950020048180,,충청남도 아산시 삼동로12번길 4,336802,31521,,,,127.010754334078,36.7809697668067
MA010120220814234192,푸른정보통신,,G2,소매,G216,안경·정밀기기 소매,G21601,사무기기 소매업,G47821,사무용 기기 소매업,41,경기도,41117,수원시 영통구,41117585,영통3동,4111710500,영통동,4111710500110370012,1,대지,1037,12,경기도 수원시 영통구 영통동 1037-12,411173177005,경기도 수원시 영통구 반달로,102,,4111710500110370012001026,육송빌딩,경기도 수원시 영통구 반달로 102,443470,16705,,2,,127.07747173212,37.2527142586333
MA010120220814214304,신도리코장흥,,G2,소매,G216,안경·정밀기기 소매,G21601,사무기기 소매업,G47821,사무용 기기 소매업,46,전라남도,46800,장흥군,46800250,장흥읍,4680025037,장흥읍,4680025037104730030,1,대지,473,30,전라남도 장흥군 장흥읍 건산리 473-30,468003292014,전라남도 장흥군 장흥읍 부동로,25,,4680025037104730030007184,,전라남도 장흥군 장흥읍 부동로 25,529801,59324,,,,126.909637868992,34.6797967232115
MA010120220814167574,하이하이,,G2,소매,G216,안경·정밀기기 소매,G21601,사무기기 소매업,G47821,사무용 기기 소매업,11,서울특별시,11560,영등포구,11560550,당산1동,1156011200,당산동2가,1156011200100300002,1,대지,30,2,서울특별시 영등포구 당산동2가 30-2,115603118022,서울특별시 영등포구 영등포로,109,,1156011200100300002030099,영등포유통상가,서울특별시 영등포구 영등포로 109,150723,07264,,6,,126.894399370198,37.522350648366
MA010120220814320710,서영통상,,G2,소매,G216,안경·정밀기기 소매,G21601,사무기기 소매업,G47821,사무용 기기 소매업,11,서울특별시,11230,동대문구,11230536,용신동,1123010100,신설동,1123010100100890053,1,대지,89,53,서울특별시 동대문구 신설동 89-53,112303105008,서울특별시 동대문구 왕산로,27,,1123010100100890053040661,동은컴페니언오피스텔,서울특별시 동대문구 왕산로 27,130810,02580,,11,,127.026433544431,37.5768602590572
MA010120220814261030,다크정보통신,,G2,소매,G216,안경·정밀기기 소매,G21601,사무기기 소매업,G47821,사무용 기기 소매업,43,충청북도,43114,청주시 청원구,43114250,내수읍,4311425028,내수읍,4311425028101800003,1,대지,180,3,충청북도 청주시 청원구 내수읍 비상리 180-3,431143240043,충청북도 청주시 청원구 내수읍 세교초정로,199,,4371025028001800003051415,,충청북도 청주시 청원구 내수읍 세교초정로 199,363935,28147,,,,127.585106438975,36.7124889195927
MA010120220814303380,에이치케이오에이솔루션,,G2,소매,G216,안경·정밀기기 소매,G21601,사무기기 소매업,G47821,사무용 기기 소매업,44,충청남도,44200,아산시,44200610,온양5동,4420010500,초사동,4420010500101100001,1,대지,110,1,충청남도 아산시 초사동 110-1,442004559745,충청남도 아산시 초사길,3,90,4420010500101100001000001,주,충청남도 아산시 초사길 3-90,336090,31559,,,,126.971489431655,36.7517435836241
MA010120220814327782,사무기기 소매업,,G2,소매,G216,안경·정밀기기 소매,G21601,사무기기 소매업,G47821,사무용 기기 소매업,41,경기도,41450,하남시,41450560,덕풍3동,4145010800,덕풍동,4145010800108310001,1,대지,831,1,경기도 하남시 덕풍동 831-1,414502000019,경기도 하남시 미사대로,520,,4145010800100070000000001,현대지식산업센터,경기도 하남시 미사대로 520,465013,12925,,,,127.204604101691,37.55889127082
MA010120220814331248,오름정보시스템,,G2,소매,G216,안경·정밀기기 소매,G21601,사무기기 소매업,G47821,사무용 기기 소매업,44,충청남도,44270,당진시,44270510,당진1동,4427010600,수청동,4427010600101140031,1,대지,114,31,충청남도 당진시 수청동 114-31,442703265118,충청남도 당진시 남부로,419,,4427010600101140031000001,,충청남도 당진시 남부로 419,343050,31817,,2,,126.658547918597,36.8799170070828
MA010120220814333979,에이스전자저울,,G2,소매,G216,안경·정밀기기 소매,G21601,사무기기 소매업,G47821,사무용 기기 소매업,11,서울특별시,11200,성동구,11200540,마장동,1120010500,마장동,1120010500107710005,1,대지,771,5,서울특별시 성동구 마장동 771-5,112004109185,서울특별시 성동구 마장로39가길,40,,1120010500107710005000001,,서울특별시 성동구 마장로39가길 40,133815,04756,,1,,127.04337473116,37.5670073740208
MA010120220814374654,국제금고,,G2,소매,G216,안경·정밀기기 소매,G21601,사무기기 소매업,G47821,사무용 기기 소매업,31,울산광역시,31110,중구,31110510,학성동,3111010100,학성동,3111010100104350009,1,대지,435,9,울산광역시 중구 학성동 435-9,311103169023,울산광역시 중구 학성로,161,,3111010100104350009000001,,울산광역시 중구 학성로 161,681822,44519,,,,129.32850304297,35.556727343682
MA0101202209A0002341,행복한오늘,,G2,소매,G216,안경·정밀기기 소매,G21601,사무기기 소매업,G47821,사무용 기기 소매업,27,대구광역시,27140,동구,27140760,공산동,2714014500,지묘동,2714014500113780002,1,대지,1378,2,대구광역시 동구 지묘동 1378-2,271404856451,대구광역시 동구 동화천로77길,8,,2714014500113780002000001,미성프라자,대구광역시 동구 동화천로77길 8,701480,41003,,4,,128.631678404708,35.9420198388744
MA010120220814383632,프린트매니저,,G2,소매,G216,안경·정밀기기 소매,G21601,사무기기 소매업,G47821,사무용 기기 소매업,36,세종특별자치시,36110,세종특별자치시,36110523,어진동,3611011000,어진동,3611011000106700000,1,대지,670,,세종특별자치시 세종특별자치시 어진동 670,361103258073,세종특별자치시 세종특별자치시 갈매로,353,,3611011000106700000000001,세종에비뉴힐,세종특별자치시 세종특별자치시 갈매로 353,339012,30121,,6,,127.262622494294,36.49557939664
MA010120220814354511,신도조은사무기,,G2,소매,G216,안경·정밀기기 소매,G21601,사무기기 소매업,G47821,사무용 기기 소매업,48,경상남도,48250,김해시,48250250,진영읍,4825025028,진영읍,4825025028112120025,1,대지,1212,25,경상남도 김해시 진영읍 본산리 1212-25,482503335027,경상남도 김해시 진영읍 본산로,127,,4825025028112120025001525,,경상남도 김해시 진영읍 본산로 127,621803,50858,,1,,128.741181956733,35.3154760706326
MA0101202209A0080308,타와이유,,G2,소매,G216,안경·정밀기기 소매,G21601,사무기기 소매업,G47821,사무용 기기 소매업,28,인천광역시,28260,서구,28260530,연희동,2826010700,심곡동,2826010700102450006,1,대지,245,6,인천광역시 서구 심곡동 245-6,282604268376,인천광역시 서구 서곶로301번길,16,,2826010700102450006012257,태영프라자,인천광역시 서구 서곶로301번길 16,404833,22726,,6,,126.674899760489,37.5447726872194
MA0101202209A0066881,카피전산,,G2,소매,G216,안경·정밀기기 소매,G21601,사무기기 소매업,G47821,사무용 기기 소매업,27,대구광역시,27200,남구,27200660,대명11동,2720010300,대명동,2720010300111730002,1,대지,1173,2,대구광역시 남구 대명동 1173-2,272004232021,대구광역시 남구 관문시장4길,62,,2720010300111730002001347,,대구광역시 남구 관문시장4길 62,705813,42497,,1,,128.561149224602,35.8362084522796
MA0101202209A0003457,프론토,,G2,소매,G216,안경·정밀기기 소매,G21601,사무기기 소매업,G47821,사무용 기기 소매업,41,경기도,41360,남양주시,41360565,다산2동,4136011200,다산동,4136011200162500000,1,대지,6250,,경기도 남양주시 다산동 6250,413603351589,경기도 남양주시 다산지금로,202,,4136011200162500000000001,현대테라타워,경기도 남양주시 다산지금로 202,,12284,,7,,127.172217832858,37.5956404071921
MA0101202210A0076973,성남컴퓨터,,G2,소매,G216,안경·정밀기기 소매,G21601,사무기기 소매업,G47821,사무용 기기 소매업,31,울산광역시,31110,중구,31110585,중앙동,3111010600,성남동,3111010600101900239,1,대지,190,239,울산광역시 중구 성남동 190-239,311104307405,울산광역시 중구 중앙3길,6,,3111010600101900239008463,성남프라자,울산광역시 중구 중앙3길 6,681812,44529,,5,,129.317556072793,35.5545145180702
MA0101202211A0013681,주손,,G2,소매,G216,안경·정밀기기 소매,G21601,사무기기 소매업,G47821,사무용 기기 소매업,26,부산광역시,26140,서구,26140520,동대신2동,2614010200,동대신동2가,2614010200100790087,1,대지,79,87,부산광역시 서구 동대신동2가 79-87,261403125011,부산광역시 서구 망양로,163,1,2614010200100790087001507,,부산광역시 서구 망양로 163-1,602809,49214,,,,129.023988259634,35.1151772035962
MA0101202211A0026394,오엠상사,,G2,소매,G216,안경·정밀기기 소매,G21601,사무기기 소매업,G47821,사무용 기기 소매업,44,충청남도,44250,계룡시,44250315,엄사면,4425031521,엄사면,4425031521101210001,1,대지,121,1,충청남도 계룡시 엄사면 엄사리 121-1,442504568056,충청남도 계룡시 엄사면 전원2길,41,,4425031521101210001003087,,충청남도 계룡시 엄사면 전원2길 41,321931,32802,,1,,127.238048692853,36.2918669457399
MA0101202212A0070312,남영퍼니처,,G2,소매,G216,안경·정밀기기 소매,G21601,사무기기 소매업,G47821,사무용 기기 소매업,47,경상북도,47111,포항시 남구,47111590,대이동,4711111600,대잠동,4711111600109550000,1,대지,955,,경상북도 포항시 남구 대잠동 955,471112303001,경상북도 포항시 남구 새천년대로,408,,4711111600109550000120628,,경상북도 포항시 남구 새천년대로 408,790826,37762,,,,129.343443772526,36.0123207919893
MA0101202301A0054572,황제종합사무기,,G2,소매,G216,안경·정밀기기 소매,G21601,사무기기 소매업,G47821,사무용 기기 소매업,43,충청북도,43111,청주시 상당구,43111525,중앙동,4311110100,영동,4311110100101020000,1,대지,102,,충청북도 청주시 상당구 영동 102,431114508270,충청북도 청주시 상당구 사직대로361번길,17,,4311110100101020000032354,본관동,충청북도 청주시 상당구 사직대로361번길 17,360020,28545,,3,,127.487294859352,36.6377128205861
MA0101202212A0080486,세영정보통신제주,,G2,소매,G216,안경·정밀기기 소매,G21601,사무기기 소매업,G47821,사무용 기기 소매업,50,제주특별자치도,50110,제주시,50110660,노형동,5011013900,해안동,5011013900108420000,1,대지,842,,제주특별자치도 제주시 해안동 842,501104849090,제주특별자치도 제주시 해안뱅디길,5,,5011013900108430003000001,,제주특별자치도 제주시 해안뱅디길 5,690802,63093,,,,126.461447131236,33.4686940800655
MA0101202212A0061270,참좋은사무기,,G2,소매,G216,안경·정밀기기 소매,G21601,사무기기 소매업,G47821,사무용 기기 소매업,41,경기도,41590,화성시,41590540,병점2동,4159011700,병점동,4159011700108260007,1,대지,826,7,경기도 화성시 병점동 826-7,415903210051,경기도 화성시 병점로,54,,4159011700008260007022880,,경기도 화성시 병점로 54,445360,18403,,,,127.040241033101,37.2109962670425
MA0101202212A0071386,제이솔루션,,G2,소매,G216,안경·정밀기기 소매,G21601,사무기기 소매업,G47821,사무용 기기 소매업,30,대전광역시,30230,대덕구,30230543,송촌동,3023010700,송촌동,3023010700104450002,1,대지,445,2,대전광역시 대덕구 송촌동 445-2,302304304202,대전광역시 대덕구 동춘당로114번길,11,17,3023010700104450002022808,비젼타워,대전광역시 대덕구 동춘당로114번길 11-17,306813,34400,,,,127.437756501713,36.3673348232991
MA0101202301A0001710,그린디지털,,G2,소매,G216,안경·정밀기기 소매,G21601,사무기기 소매업,G47821,사무용 기기 소매업,43,충청북도,43111,청주시 상당구,43111545,성안동,4311110700,문화동,4311110700100670009,1,대지,67,9,충청북도 청주시 상당구 문화동 67-9,431114508334,충청북도 청주시 상당구 상당로70번길,14,,4311110700100670009050351,,충청북도 청주시 상당구 상당로70번길 14,360030,28516,,1,,127.49150059302,36.6344244486706
MA0101202212A0029911,토탈O.A솔루션,,G2,소매,G216,안경·정밀기기 소매,G21601,사무기기 소매업,G47821,사무용 기기 소매업,41,경기도,41830,양평군,41830395,지평면,4183039523,지평면,4183039523109640000,1,대지,964,,경기도 양평군 지평면 월산리 964,418304452133,경기도 양평군 지평면 월산길,164,,4183039523109640000000001,,경기도 양평군 지평면 월산길 164,476873,12541,,,,127.652236387596,37.4878008483891
MA0101202302A0025959,빅셀팜,,G2,소매,G216,안경·정밀기기 소매,G21601,사무기기 소매업,G47821,사무용 기기 소매업,46,전라남도,46130,여수시,46130700,여서동,4613011900,여서동,4613011900102700001,1,대지,270,1,전라남도 여수시 여서동 270-1,461304646679,전라남도 여수시 여서동5길,14,7,4613011900102700001024058,,전라남도 여수시 여서동5길 14-7,550260,59711,,2,,127.708619625005,34.7516673634516
MA0101202301A0083028,정우정보,,G2,소매,G216,안경·정밀기기 소매,G21601,사무기기 소매업,G47821,사무용 기기 소매업,47,경상북도,47130,경주시,47130550,성건동,4713010800,성건동,4713010800101780001,1,대지,178,1,경상북도 경주시 성건동 178-1,471303305009,경상북도 경주시 금성로,345,,4713010800101780001033937,,경상북도 경주시 금성로 345,780942,38142,,1,,129.206596298158,35.8486229804731
MA0101202301A0070268,한서사무기,,G2,소매,G216,안경·정밀기기 소매,G21601,사무기기 소매업,G47821,사무용 기기 소매업,51,강원특별자치도,51130,원주시,51130675,반곡관설동,5113011700,반곡동,5113011700119300005,1,대지,1930,5,강원특별자치도 원주시 반곡동 1930-5,511304517941,강원특별자치도 원주시 웅비3길,24,,4213011700119300005000001,,강원특별자치도 원주시 웅비3길 24,220170,26462,,1,,127.989629211022,37.32791014048
MA0101202302A0026962,선우네트,,G2,소매,G216,안경·정밀기기 소매,G21601,사무기기 소매업,G47821,사무용 기기 소매업,11,서울특별시,11350,노원구,11350595,공릉1동,1135010300,공릉동,1135010300105750006,1,대지,575,6,서울특별시 노원구 공릉동 575-6,113504130168,서울특별시 노원구 동일로173가길,66,8,1135010300105750006017115,,서울특별시 노원구 동일로173가길 66-8,139807,01858,,,,127.07309532266,37.6214936908667
MA0101202301A0060136,더함,,G2,소매,G216,안경·정밀기기 소매,G21601,사무기기 소매업,G47821,사무용 기기 소매업,29,광주광역시,29140,서구,29140590,양3동,2914010400,양동,2914010400104380007,1,대지,438,7,광주광역시 서구 양동 438-7,291404280401,광주광역시 서구 천변좌로130번길,2,4,2914010400104380007005511,,광주광역시 서구 천변좌로130번길 2-4,502826,61918,,,,126.89293165953,35.160091418142
MA0101202302A0046324,플러스페이,,G2,소매,G216,안경·정밀기기 소매,G21601,사무기기 소매업,G47821,사무용 기기 소매업,52,전북특별자치도,52113,전주시 덕진구,52113580,금암1동,5211310700,금암동,5211310700104610010,1,대지,461,10,전북특별자치도 전주시 덕진구 금암동 461-10,521133267002,전북특별자치도 전주시 덕진구 가리내로,10,,4511310700104610010009520,LGU+건물,전북특별자치도 전주시 덕진구 가리내로 10,561801,54933,,2,,127.134961562844,35.8345667081764
MA0101202302A0040074,지오정보통신,,G2,소매,G216,안경·정밀기기 소매,G21601,사무기기 소매업,G47821,사무용 기기 소매업,41,경기도,41220,평택시,41220610,통복동,4122011400,통복동,4122011400100840003,1,대지,84,3,경기도 평택시 통복동 84-3,412203188084,경기도 평택시 중앙로,29,,4122011400100840003015620,,경기도 평택시 중앙로 29,450040,17894,,,,127.086410338214,36.9953283721678
MA0101202303A0067995,다온프린터복합기렌탈,,G2,소매,G216,안경·정밀기기 소매,G21601,사무기기 소매업,G47821,사무용 기기 소매업,41,경기도,41117,수원시 영통구,41117580,영통2동,4111710500,영통동,4111710500109780006,1,대지,978,6,경기도 수원시 영통구 영통동 978-6,411174331138,경기도 수원시 영통구 영통로217번길,5,,4111710500109780006000682,,경기도 수원시 영통구 영통로217번길 5,443812,16698,,5,,127.056602929885,37.2466620459401
MA0101202302A0105007,열린OA,,G2,소매,G216,안경·정밀기기 소매,G21601,사무기기 소매업,G47821,사무용 기기 소매업,46,전라남도,46110,목포시,46110780,삼향동,4611016000,석현동,4611016000104980004,1,대지,498,4,전라남도 목포시 석현동 498-4,461103281095,전라남도 목포시 영산로,682,,4611016000104980004038995,,전라남도 목포시 영산로 682,530828,58606,,1,,126.422505695731,34.8261032130343
MA0101202303A0074174,나눔사무기,,G2,소매,G216,안경·정밀기기 소매,G21601,사무기기 소매업,G47821,사무용 기기 소매업,44,충청남도,44250,계룡시,44250510,금암동,4425010100,금암동,4425010100101480003,1,대지,148,3,충청남도 계룡시 금암동 148-3,442503015015,충청남도 계룡시 계룡대로,325,,4425010100101480003004497,씨티타워,충청남도 계룡시 계룡대로 325,321900,32826,,1,,127.254700892091,36.2743135321352
MA0101202302A0103590,골드카드,,G2,소매,G216,안경·정밀기기 소매,G21601,사무기기 소매업,G47821,사무용 기기 소매업,11,서울특별시,11650,서초구,11650520,서초2동,1165010800,서초동,1165010800113650007,1,대지,1365,7,서울특별시 서초구 서초동 1365-7,116504163017,서울특별시 서초구 강남대로37길,49,,1165010800113650007000001,,서울특별시 서초구 강남대로37길 49,137863,06734,,4,,127.030901057805,37.4846236618706
MA0101202303A0082626,정시스템,,G2,소매,G216,안경·정밀기기 소매,G21601,사무기기 소매업,G47821,사무용 기기 소매업,47,경상북도,47130,경주시,47130550,성건동,4713010800,성건동,4713010800106470001,1,대지,647,1,경상북도 경주시 성건동 647-1,471304715180,경상북도 경주시 금성로396번길,32,,4713010800106470001009099,,경상북도 경주시 금성로396번길 32,780963,38136,,1,,129.210367642682,35.8529146861562
MA0101202305A0022394,사무기,김포한강,G2,소매,G216,안경·정밀기기 소매,G21601,사무기기 소매업,G47821,사무용 기기 소매업,41,경기도,41570,김포시,41570250,통진읍,4157025021,통진읍,4157025021107460003,1,대지,746,3,경기도 김포시 통진읍 도사리 746-3,415703209135,경기도 김포시 통진읍 흥신로,284,1,4157025021107460003000001,,경기도 김포시 통진읍 흥신로 284-1,415863,10035,,,,126.609639426046,37.6818307955374
MA0101202305A0061175,다온프린터복합기,,G2,소매,G216,안경·정밀기기 소매,G21601,사무기기 소매업,G47821,사무용 기기 소매업,41,경기도,41360,남양주시,41360259,진건읍,4136025924,진건읍,4136025924105410030,1,대지,541,30,경기도 남양주시 진건읍 신월리 541-30,413603197052,경기도 남양주시 진건읍 진관로,576,12,4136025924105410033000001,,경기도 남양주시 진건읍 진관로 576-12,472832,12131,,,,127.154901342204,37.6596974605092
MA0101202305A0006193,썬사무기기,,G2,소매,G216,안경·정밀기기 소매,G21601,사무기기 소매업,G47821,사무용 기기 소매업,28,인천광역시,28260,서구,28260740,아라동,2826011500,원당동,2826011500110430005,1,대지,1043,5,인천광역시 서구 원당동 1043-5,282604858484,인천광역시 서구 발산로5번길,12,,2826011500110430004000001,인천검단엔젤리움1차,인천광역시 서구 발산로5번길 12,404320,22866,,,,126.711080711957,37.5933671867883
MA0101202305A0027527,라인정보통신,,G2,소매,G216,안경·정밀기기 소매,G21601,사무기기 소매업,G47821,사무용 기기 소매업,28,인천광역시,28260,서구,28260580,가좌1동,2826011200,가좌동,2826011200101780214,1,대지,178,214,인천광역시 서구 가좌동 178-214,282604268290,인천광역시 서구 백범로934번길,37,,2826011200101780214020179,,인천광역시 서구 백범로934번길 37,404812,22846,,2,,126.655149492158,37.4916568237121
MA010120220810231182,동성시스템,,G2,소매,G216,안경·정밀기기 소매,G21601,사무기기 소매업,G47821,사무용 기기 소매업,29,광주광역시,29110,동구,29110620,지산1동,2911011100,지산동,2911011100104140008,1,대지,414,8,광주광역시 동구 지산동 414-8,291104277081,광주광역시 동구 동명로98번길,17,4,2911011100104140008010189,,광주광역시 동구 동명로98번길 17-4,501838,61445,,1,,126.931224035393,35.149393020659
MA010120220810209888,리필테크,,G2,소매,G216,안경·정밀기기 소매,G21601,사무기기 소매업,G47821,사무용 기기 소매업,11,서울특별시,11650,서초구,11650510,서초1동,1165010800,서초동,1165010800114450003,1,대지,1445,3,서울특별시 서초구 서초동 1445-3,116503121021,서울특별시 서초구 효령로,304,,1165010800114450003024144,국제전자센터,서울특별시 서초구 효령로 304,137728,06720,,6,,127.017807990612,37.4847344817979
MA010120220810210344,베네09,,G2,소매,G216,안경·정밀기기 소매,G21601,사무기기 소매업,G47821,사무용 기기 소매업,11,서울특별시,11740,강동구,11740600,천호1동,1174010900,천호동,1174010900102240015,1,대지,224,15,서울특별시 강동구 천호동 224-15,117403124003,서울특별시 강동구 상암로,125,7,1174010900102240015013009,,서울특별시 강동구 상암로 125-7,134866,05309,,,,127.136866965427,37.5466005096561
MA010120220810231059,가람오피스,,G2,소매,G216,안경·정밀기기 소매,G21601,사무기기 소매업,G47821,사무용 기기 소매업,46,전라남도,46780,보성군,46780250,보성읍,4678025021,보성읍,4678025021107530001,1,대지,753,1,전라남도 보성군 보성읍 보성리 753-1,467803290018,전라남도 보성군 보성읍 중앙로,82,,4678025021107530001101886,,전라남도 보성군 보성읍 중앙로 82,546802,59455,,,,127.082223303632,34.7695392471335
MA010120220810192165,스타정보,,G2,소매,G216,안경·정밀기기 소매,G21601,사무기기 소매업,G47821,사무용 기기 소매업,28,인천광역시,28177,미추홀구,28177670,주안6동,2817710500,주안동,2817710500115850009,1,대지,1585,9,인천광역시 미추홀구 주안동 1585-9,281774253097,인천광역시 미추홀구 구월로37번길,3,,2817010600115850009153430,동한빌딩,인천광역시 미추홀구 구월로37번길 3,402848,22145,,6,,126.694400758092,37.4577518770791
MA010120220810237406,페이봇,,G2,소매,G216,안경·정밀기기 소매,G21601,사무기기 소매업,G47821,사무용 기기 소매업,11,서울특별시,11650,서초구,11650651,양재1동,1165010200,양재동,1165010200100010026,1,대지,1,26,서울특별시 서초구 양재동 1-26,116502000003,서울특별시 서초구 남부순환로,2636,,1165010200100010026004940,성문빌딩,서울특별시 서초구 남부순환로 2636,137886,06738,,,,127.039041975838,37.4848825446481
MA010120220810251359,인천블랙박스,,G2,소매,G216,안경·정밀기기 소매,G21601,사무기기 소매업,G45219,기타 자동차 신품 부품 및 내장품 판매업,28,인천광역시,28177,미추홀구,28177650,주안4동,2817710500,주안동,2817710500115060015,1,대지,1506,15,인천광역시 미추홀구 주안동 1506-15,281772008004,인천광역시 미추홀구 인주대로,437,,2817010600115060015138293,,인천광역시 미추홀구 인주대로 437,402859,22150,,2,,126.685204788315,37.4513305717468
MA010120220810285553,하나컴퓨터,,G2,소매,G216,안경·정밀기기 소매,G21601,사무기기 소매업,G47821,사무용 기기 소매업,41,경기도,41150,의정부시,41150615,흥선동,4115011000,가능동,4115011000105850010,1,대지,585,10,경기도 의정부시 가능동 585-10,411503000136,경기도 의정부시 호국로,1071,,4115011000105850010011399,,경기도 의정부시 호국로 1071,480811,11619,,,,127.022918480554,37.7426776581128
MA010120220810321795,영원사무기,,G2,소매,G216,안경·정밀기기 소매,G21601,사무기기 소매업,G47821,사무용 기기 소매업,44,충청남도,44200,아산시,44200600,온양4동,4420010200,실옥동,4420010200101810034,1,대지,181,34,충청남도 아산시 실옥동 181-34,442004559222,충청남도 아산시 번영로43번길,26,,4420010200101810034000001,,충청남도 아산시 번영로43번길 26,336020,31505,,,,126.994577490554,36.7885304851611
MA010120220811803000,정인시스템,,G2,소매,G216,안경·정밀기기 소매,G21601,사무기기 소매업,G47821,사무용 기기 소매업,41,경기도,41670,여주시,41670250,가남읍,4167025023,가남읍,4167025023103570002,1,대지,357,2,경기도 여주시 가남읍 신해리 357-2,416703214052,경기도 여주시 가남읍 일신로,114,,4173032023103570002000001,,경기도 여주시 가남읍 일신로 114,469885,12662,,,,127.546752096067,37.2199139972184
MA010120220811822851,진오피스,,G2,소매,G216,안경·정밀기기 소매,G21601,사무기기 소매업,G47821,사무용 기기 소매업,41,경기도,41461,용인시 처인구,41461525,역북동,4146110200,역북동,4146110200104410009,1,대지,441,9,경기도 용인시 처인구 역북동 441-9,414614409780,경기도 용인시 처인구 중부대로1331번길,6,21,4146110200104410009030949,,경기도 용인시 처인구 중부대로1331번길 6-21,449931,17048,,1,,127.194137623625,37.2358660892136
MA010120220811863506,JB텔레콤김해,공항점,G2,소매,G216,안경·정밀기기 소매,G21601,사무기기 소매업,G47821,사무용 기기 소매업,27,대구광역시,27200,남구,27200600,대명5동,2720010300,대명동,2720010300103130002,1,대지,313,2,대구광역시 남구 대명동 313-2,272004232148,대구광역시 남구 백의1길,30,10,2720010300103130002017269,위드빌,대구광역시 남구 백의1길 30-10,705802,42417,,1,,128.586916543581,35.8458466020709
MA010120220811905352,신도성우사무기,,G2,소매,G216,안경·정밀기기 소매,G21601,사무기기 소매업,G47821,사무용 기기 소매업,11,서울특별시,11440,마포구,11440590,용강동,1144010400,도화동,1144010400101730000,1,대지,173,,서울특별시 마포구 도화동 173,114402113001,서울특별시 마포구 마포대로,63,8,1144010400101730000003276,삼창프라자,서울특별시 마포구 마포대로 63-8,121745,04157,,,,126.947824963444,37.5422534067421
MA010120220811871140,수복상사,,G2,소매,G216,안경·정밀기기 소매,G21601,사무기기 소매업,G47821,사무용 기기 소매업,43,충청북도,43770,음성군,43770340,대소면,4377034022,대소면,4377034022105220000,1,대지,522,,충청북도 음성군 대소면 태생리 522,437703014058,충청북도 음성군 대소면 대금로,492,,4377034022105220000170743,,충청북도 음성군 대소면 대금로 492,369824,27666,,,,127.493136974678,36.9671049749466
MA010120220811876710,뉴런소프트,,G2,소매,G216,안경·정밀기기 소매,G21601,사무기기 소매업,G47821,사무용 기기 소매업,41,경기도,41285,고양시 일산동구,41285590,장항2동,4128510400,장항동,4128510400107500000,1,대지,750,,경기도 고양시 일산동구 장항동 750,412853192096,경기도 고양시 일산동구 호수로,678,,4128510400107500000002816,삼성스위트,경기도 고양시 일산동구 호수로 678,410837,10364,,,,126.764808053758,37.6618351689049
MA010120220811885076,진포스체크기,,G2,소매,G216,안경·정밀기기 소매,G21601,사무기기 소매업,G47821,사무용 기기 소매업,52,전북특별자치도,52140,익산시,52140646,영등1동,5214012200,영등동,5214012200107480007,1,대지,748,7,전북특별자치도 익산시 영등동 748-7,521403269002,전북특별자치도 익산시 고봉로,290,19,4514012200107480007000001,수빌리지,전북특별자치도 익산시 고봉로 290-19,570981,54636,,,,126.972852710165,35.9579032946994
MA010120220810044404,진진정보통신,,G2,소매,G216,안경·정밀기기 소매,G21601,사무기기 소매업,G47821,사무용 기기 소매업,11,서울특별시,11680,강남구,11680531,논현2동,1168010800,논현동,1168010800102490006,1,대지,249,6,서울특별시 강남구 논현동 249-6,116803005086,서울특별시 강남구 언주로,626,,1168010800102490006027660,,서울특별시 강남구 언주로 626,135832,06101,,,,127.036070310358,37.5125353718764
MA010120220810052356,서윤전자,,G2,소매,G216,안경·정밀기기 소매,G21601,사무기기 소매업,G45213,자동차 내장용 신품 전기ㆍ전자ㆍ정밀기기 판매업,41,경기도,41570,김포시,41570250,통진읍,4157025021,통진읍,4157025021107270044,1,대지,727,44,경기도 김포시 통진읍 도사리 727-44,415702209001,경기도 김포시 통진읍 김포대로,2095,,4157025021107270044010251,,경기도 김포시 통진읍 김포대로 2095,415863,10035,,,,126.611847762855,37.6844418958165
MA010120220810064627,대원프라자,,G2,소매,G216,안경·정밀기기 소매,G21601,사무기기 소매업,G47821,사무용 기기 소매업,11,서울특별시,11650,서초구,11650530,서초3동,1165010800,서초동,1165010800115730001,1,대지,1573,1,서울특별시 서초구 서초동 1573-1,116502121002,서울특별시 서초구 서초대로,286,,1165010800115730021020454,서초프라자,서울특별시 서초구 서초대로 286,137913,06644,,1,,127.013038045604,37.4931685375501
MA010120220810136013,상양컨설팅,,G2,소매,G216,안경·정밀기기 소매,G21601,사무기기 소매업,G47821,사무용 기기 소매업,41,경기도,41370,오산시,41370543,신장1동,4137010800,수청동,4137010800106080011,1,대지,608,11,경기도 오산시 수청동 608-11,413703198045,경기도 오산시 청학로,266,22,4137010800106080011000001,명성위드스타,경기도 오산시 청학로 266-22,447290,18110,,,,127.061861080273,37.1710432627719
MA010120220810144243,제주포스정보통신,,G2,소매,G216,안경·정밀기기 소매,G21601,사무기기 소매업,G47821,사무용 기기 소매업,50,제주특별자치도,50130,서귀포시,50130540,천지동,5013010100,서귀동,5013010100103160002,1,대지,316,2,제주특별자치도 서귀포시 서귀동 316-2,501303350254,제주특별자치도 서귀포시 중정로,20,1,5013010100103160002000001,,제주특별자치도 서귀포시 중정로 20-1,697844,63592,,2,,126.558481349831,33.2473165964951
MA010120220810128523,제록스몰,,G2,소매,G216,안경·정밀기기 소매,G21601,사무기기 소매업,G47821,사무용 기기 소매업,11,서울특별시,11680,강남구,11680690,개포4동,1168010300,개포동,1168010300112320003,1,대지,1232,3,서울특별시 강남구 개포동 1232-3,116804166053,서울특별시 강남구 개포로20길,20,,1168010300102320004020606,,서울특별시 강남구 개포로20길 20,135964,06307,,1,,127.047630402366,37.4775541919963
MA010120220810185088,오케이정보통신,,G2,소매,G216,안경·정밀기기 소매,G21601,사무기기 소매업,G47821,사무용 기기 소매업,48,경상남도,48125,창원시 마산합포구,48125630,오동동,4812514600,중성동,4812514600100280001,1,대지,28,1,경상남도 창원시 마산합포구 중성동 28-1,481254787476,경상남도 창원시 마산합포구 오동서14길,20,2,4812514600100280001031981,,경상남도 창원시 마산합포구 오동서14길 20-2,631859,51283,,,,128.573515880695,35.2091585084826
MA010120220810166942,오에이랜드,,G2,소매,G216,안경·정밀기기 소매,G21601,사무기기 소매업,G47821,사무용 기기 소매업,43,충청북도,43113,청주시 흥덕구,43113756,봉명2.송정동,4311311600,송정동,4311311600104070000,1,대지,407,,충청북도 청주시 흥덕구 송정동 407,431133236058,충청북도 청주시 흥덕구 직지대로,530,,4311311600104070000000001,,충청북도 청주시 흥덕구 직지대로 530,361817,28578,,,,127.452328243526,36.6431223180668
MA010120220810154307,셈프레정보통신,,G2,소매,G216,안경·정밀기기 소매,G21601,사무기기 소매업,G47821,사무용 기기 소매업,41,경기도,41590,화성시,41590530,병점1동,4159011700,병점동,4159011700103810017,1,대지,381,17,경기도 화성시 병점동 381-17,415902012013,경기도 화성시 경기대로,1025,5,4159011700003810017021094,병점제일타운,경기도 화성시 경기대로 1025-5,445360,18412,,3,,127.035372335244,37.2068800200647
MA010120220811585870,프라임위더스,,G2,소매,G216,안경·정밀기기 소매,G21601,사무기기 소매업,G47821,사무용 기기 소매업,26,부산광역시,26320,북구,26320572,만덕2동,2632010300,만덕동,2632010300108940016,1,대지,894,16,부산광역시 북구 만덕동 894-16,263204196144,부산광역시 북구 덕천로380번길,20,,2632010300108940016014284,,부산광역시 북구 덕천로380번길 20,616831,46609,,2,,129.044774865685,35.2091080391269
MA010120220811579278,현대테크윈,,G2,소매,G216,안경·정밀기기 소매,G21601,사무기기 소매업,G47821,사무용 기기 소매업,26,부산광역시,26230,부산진구,26230560,양정1동,2623010100,양정동,2623010100105110003,1,대지,511,3,부산광역시 부산진구 양정동 511-3,262303129011,부산광역시 부산진구 동평로,350,,2623010100105110003054044,양정현대프라자,부산광역시 부산진구 동평로 350,614858,47206,,,,129.063202296796,35.1745062780556
MA010120220811572197,대학사무기,,G2,소매,G216,안경·정밀기기 소매,G21601,사무기기 소매업,G47821,사무용 기기 소매업,48,경상남도,48330,양산시,48330560,평산동,4833011900,평산동,4833011900105680043,1,대지,568,43,경상남도 양산시 평산동 568-43,483303338056,경상남도 양산시 신명로,74,20,4833011900105680043032126,,경상남도 양산시 신명로 74-20,626848,50545,,,,129.145950102274,35.3862482101694
MA010120220811582553,인포테크,,G2,소매,G216,안경·정밀기기 소매,G21601,사무기기 소매업,G47821,사무용 기기 소매업,26,부산광역시,26410,금정구,26410520,서2동,2641011000,서동,2641011000103020482,1,대지,302,482,부산광역시 금정구 서동 302-482,264104205237,부산광역시 금정구 서동로134번길,31,16,2641011000103020482010642,,부산광역시 금정구 서동로134번길 31-16,609832,46325,,,,129.100634692841,35.2139908326572
MA010120220811626350,신도유원사무기,,G2,소매,G216,안경·정밀기기 소매,G21601,사무기기 소매업,G47821,사무용 기기 소매업,26,부산광역시,26410,금정구,26410580,부곡2동,2641010900,부곡동,2641010900102780025,1,대지,278,25,부산광역시 금정구 부곡동 278-25,264104205138,부산광역시 금정구 동부곡로15번길,72,,2641010900102780025035570,,부산광역시 금정구 동부곡로15번길 72,609822,46270,,1,,129.09396675954,35.2288401488218
MA010120220811672109,에치디에스,,G2,소매,G216,안경·정밀기기 소매,G21601,사무기기 소매업,G47821,사무용 기기 소매업,41,경기도,41210,광명시,41210631,하안1동,4121010300,하안동,4121010300103050001,1,대지,305,1,경기도 광명시 하안동 305-1,412104361243,경기도 광명시 오리로651번길,5,,4121010300103050001012529,프라임모터스빌딩,경기도 광명시 오리로651번길 5,423851,14303,,4,,126.876743535753,37.4587674970251
MA010120220811650613,한미전자,,G2,소매,G216,안경·정밀기기 소매,G21601,사무기기 소매업,G47821,사무용 기기 소매업,29,광주광역시,29110,동구,29110525,충장동,2911010100,대인동,2911010100100230010,1,대지,23,10,광주광역시 동구 대인동 23-10,291104277184,광주광역시 동구 제봉로213번길,12,1,2911010100100230010001242,,광주광역시 동구 제봉로213번길 12-1,501811,61470,,1,,126.913221427244,35.1538702405653
MA010120220811657952,유진종합사무기,,G2,소매,G216,안경·정밀기기 소매,G21601,사무기기 소매업,G47821,사무용 기기 소매업,48,경상남도,48250,김해시,48250250,진영읍,4825025030,진영읍,4825025030107230000,1,대지,723,,경상남도 김해시 진영읍 설창리 723,482503335036,경상남도 김해시 진영읍 서부로,23,,4825025030107230000092605,,경상남도 김해시 진영읍 서부로 23,621801,50869,,,,128.763187721531,35.2939159368289
MA010120220811652880,김해사무기,,G2,소매,G216,안경·정밀기기 소매,G21601,사무기기 소매업,G47821,사무용 기기 소매업,48,경상남도,48250,김해시,48250530,부원동,4825010300,부원동,4825010300106160007,1,대지,616,7,경상남도 김해시 부원동 616-7,482503000042,경상남도 김해시 호계로,424,,4825010300106160007096923,,경상남도 김해시 호계로 424,621906,50924,,,,128.885368613295,35.2282509564896
MA010120220812817125,씨엔에스,,G2,소매,G216,안경·정밀기기 소매,G21601,사무기기 소매업,G47821,사무용 기기 소매업,41,경기도,41390,시흥시,41390570,목감동,4139012400,조남동,4139012400107070003,1,대지,707,3,경기도 시흥시 조남동 707-3,413903350920,경기도 시흥시 목감둘레로,253,12,4139012400102540011000001,목감로얄팰리스1차,경기도 시흥시 목감둘레로 253-12,429320,14986,,,,126.860544887555,37.3805501657128
MA010120220812785345,한국결제정보통신,,G2,소매,G216,안경·정밀기기 소매,G21601,사무기기 소매업,G47821,사무용 기기 소매업,11,서울특별시,11260,중랑구,11260630,묵2동,1126010400,묵동,1126010400102430024,1,대지,243,24,서울특별시 중랑구 묵동 243-24,112603106010,서울특별시 중랑구 중랑역로,169,1,1126010400102430024008331,,서울특별시 중랑구 중랑역로 169-1,131852,02008,,4,,127.076208479136,37.6085715488344
MA010120220812862805,웅부정보기술,,G2,소매,G216,안경·정밀기기 소매,G21601,사무기기 소매업,G47821,사무용 기기 소매업,47,경상북도,47170,안동시,47170585,서구동,4717011800,대석동,4717011800102110002,1,대지,211,2,경상북도 안동시 대석동 211-2,471704722077,경상북도 안동시 중앙시장길,66,,4717011800102130001016983,,경상북도 안동시 중앙시장길 66,760150,36696,,1,,128.724673078029,36.5664776317896
MA010120220812840453,에스에이치네트워크,,G2,소매,G216,안경·정밀기기 소매,G21601,사무기기 소매업,G47821,사무용 기기 소매업,27,대구광역시,27290,달서구,27290630,송현1동,2729012200,송현동,2729012200102050014,1,대지,205,14,대구광역시 달서구 송현동 205-14,272904241514,대구광역시 달서구 월배로88길,17,,2729012200102050014033334,,대구광역시 달서구 월배로88길 17,704823,42818,,3,,128.553972501351,35.8319579252909
MA010120220812869135,에이피컴퍼니,,G2,소매,G216,안경·정밀기기 소매,G21601,사무기기 소매업,G47821,사무용 기기 소매업,11,서울특별시,11710,송파구,11710620,가락본동,1171010700,가락동,1171010700100790005,1,대지,79,5,서울특별시 송파구 가락동 79-5,117104169333,서울특별시 송파구 송파대로28길,24,,1171010700100790005007046,밀리아나2차,서울특별시 송파구 송파대로28길 24,138713,05718,,,,127.120544331495,37.4942880769094
MA010120220812918304,다산컴퍼니,,G2,소매,G216,안경·정밀기기 소매,G21601,사무기기 소매업,G47821,사무용 기기 소매업,51,강원특별자치도,51770,정선군,51770250,정선읍,5177025022,정선읍,5177025022106110007,1,대지,611,7,강원특별자치도 정선군 정선읍 북실리 611-7,517704487293,강원특별자치도 정선군 정선읍 용담길,66,2,4277025022106110007035023,,강원특별자치도 정선군 정선읍 용담길 66-2,233807,26132,,,,128.648101846452,37.3776163481952
MA010120220812939753,혜영통신,,G2,소매,G216,안경·정밀기기 소매,G21601,사무기기 소매업,G47821,사무용 기기 소매업,48,경상남도,48127,창원시 마산회원구,48127570,양덕2동,4812710500,양덕동,4812710500101480011,1,대지,148,11,경상남도 창원시 마산회원구 양덕동 148-11,481273329034,경상남도 창원시 마산회원구 용마로,146,,4812710500101480011013158,,경상남도 창원시 마산회원구 용마로 146,630811,51320,,2,,128.58683592622,35.2249635158858
MA010120220812866935,양영숙,,G2,소매,G216,안경·정밀기기 소매,G21601,사무기기 소매업,G47821,사무용 기기 소매업,41,경기도,41450,하남시,41450560,덕풍3동,4145010800,덕풍동,4145010800108310001,1,대지,831,1,경기도 하남시 덕풍동 831-1,414502000019,경기도 하남시 미사대로,520,,4145010800100070000000001,한강미사2차,경기도 하남시 미사대로 520,465013,12925,,,,127.204604101691,37.55889127082
MA010120220812960513,숨실내공기질연구소,,G2,소매,G216,안경·정밀기기 소매,G21601,사무기기 소매업,G47821,사무용 기기 소매업,43,충청북도,43113,청주시 흥덕구,43113747,가경동,4311311300,가경동,4311311300109500000,1,대지,950,,충청북도 청주시 흥덕구 가경동 950,431134512036,충청북도 청주시 흥덕구 풍년로198번길,63,,4311311300109500000009541,오피스밸리,충청북도 청주시 흥덕구 풍년로198번길 63,361800,28389,,,,127.431721443476,36.6315021123429
MA010120220812992363,현사무기,,G2,소매,G216,안경·정밀기기 소매,G21601,사무기기 소매업,G47821,사무용 기기 소매업,31,울산광역시,31140,남구,31140585,삼호동,3114010100,무거동,3114010100112150012,1,대지,1215,12,울산광역시 남구 무거동 1215-12,311404310062,울산광역시 남구 남산로62번길,11,,3114010100112150012035831,,울산광역시 남구 남산로62번길 11,680811,44627,,,,129.276739120682,35.5503186565182
MA010120220813047868,한울정보통신,,G2,소매,G216,안경·정밀기기 소매,G21601,사무기기 소매업,G47821,사무용 기기 소매업,41,경기도,41173,안양시 동안구,41173559,인덕원동,4117310200,관양동,4117310200115050029,1,대지,1505,29,경기도 안양시 동안구 관양동 1505-29,411733012010,경기도 안양시 동안구 안양판교로,20,,4117310200115050029003477,신한데뷰오피스텔,경기도 안양시 동안구 안양판교로 20,431810,13943,,,,126.978055829997,37.400299680138
MA010120220813061600,우정정보,,G2,소매,G216,안경·정밀기기 소매,G21601,사무기기 소매업,G47821,사무용 기기 소매업,28,인천광역시,28110,중구,28110540,신흥동,2811012800,신흥동3가,2811012800100700000,1,대지,70,,인천광역시 중구 신흥동3가 70,281104247392,인천광역시 중구 축항대로296번길,183,,2811012800100700000000001,에스케이씨티,인천광역시 중구 축항대로296번길 183,400103,22343,,1,,126.623822504288,37.4316983294506
MA010120220812982468,수OA네트워크,,G2,소매,G216,안경·정밀기기 소매,G21601,사무기기 소매업,G47821,사무용 기기 소매업,26,부산광역시,26260,동래구,26260600,사직3동,2626010900,사직동,2626010900101460002,1,대지,146,2,부산광역시 동래구 사직동 146-2,262604190355,부산광역시 동래구 여고로127번길,34,1,2626010900101460002006127,,부산광역시 동래구 여고로127번길 34-1,607813,47833,,,,129.076013703675,35.2005199217695
MA010120220812988081,J·H네트웍스,,G2,소매,G216,안경·정밀기기 소매,G21601,사무기기 소매업,G47821,사무용 기기 소매업,30,대전광역시,30170,서구,30170581,갈마1동,3017011100,갈마동,3017011100103070001,1,대지,307,1,대전광역시 서구 갈마동 307-1,301703010024,대전광역시 서구 계룡로,366,,3017011100103070001004443,드림빌딩,대전광역시 서구 계룡로 366,302806,35276,,4,,127.368969484703,36.352589548858
MA010120220812985629,메이드PC,,G2,소매,G216,안경·정밀기기 소매,G21601,사무기기 소매업,G47821,사무용 기기 소매업,30,대전광역시,30170,서구,30170587,월평2동,3017011300,월평동,3017011300102370000,1,대지,237,,대전광역시 서구 월평동 237,301703166041,대전광역시 서구 월평북로,85,,3017011300102370000019250,학산빌딩,대전광역시 서구 월평북로 85,302847,35213,,4,,127.377874010533,36.3624566121169
MA010120220812993634,창원포스시스템,,G2,소매,G216,안경·정밀기기 소매,G21601,사무기기 소매업,G47821,사무용 기기 소매업,48,경상남도,48123,창원시 성산구,48123515,용지동,4812313600,신월동,4812313600100440007,1,대지,44,7,경상남도 창원시 성산구 신월동 44-7,481234781372,경상남도 창원시 성산구 신월로6번길,13,19,4812112600100440007031556,,경상남도 창원시 성산구 신월로6번길 13-19,641837,51443,,,,128.689838772939,35.229427064082
MA010120220812970734,삼성오에이시스템,,G2,소매,G216,안경·정밀기기 소매,G21601,사무기기 소매업,G47821,사무용 기기 소매업,28,인천광역시,28260,서구,28260720,오류왕길동,2826011900,오류동,2826011900116560001,1,대지,1656,1,인천광역시 서구 오류동 1656-1,282603156156,인천광역시 서구 보듬로,158,,2826011900116560001000001,검단지,인천광역시 서구 보듬로 158,404300,22664,,,,126.614890052624,37.5958675696797
MA010120220813099596,카카오포스,,G2,소매,G216,안경·정밀기기 소매,G21601,사무기기 소매업,G47821,사무용 기기 소매업,11,서울특별시,11740,강동구,11740540,명일2동,1174010100,명일동,1174010100100480013,1,대지,48,13,서울특별시 강동구 명일동 48-13,117404172095,서울특별시 강동구 동남로71길,32,,1174010100100480013019136,환타지아,서울특별시 강동구 동남로71길 32,134825,05269,,6,,127.154497109976,37.5520027650561
MA010120220813097870,하나정보시스템,,G2,소매,G216,안경·정밀기기 소매,G21601,사무기기 소매업,G47821,사무용 기기 소매업,41,경기도,41590,화성시,41590253,봉담읍,4159025324,봉담읍,4159025324105640000,1,대지,564,,경기도 화성시 봉담읍 동화리 564,415904430329,경기도 화성시 봉담읍 동화길,51,,4159025324105640000000001,원희캐슬봉담,경기도 화성시 봉담읍 동화길 51,445893,18303,,,,126.955484550715,37.2190321000044
MA010120220813283608,제이제이사무기기,,G2,소매,G216,안경·정밀기기 소매,G21601,사무기기 소매업,G47821,사무용 기기 소매업,41,경기도,41590,화성시,41590410,정남면,4159041021,정남면,4159041021107030000,1,대지,703,,경기도 화성시 정남면 발산리 703,415904430497,경기도 화성시 정남면 발산4길,4,,4159041021107020002000001,,경기도 화성시 정남면 발산4길 4,445967,18517,,,,126.982314544095,37.155523858147
MA010120220813126514,신흥OA,,G2,소매,G216,안경·정밀기기 소매,G21601,사무기기 소매업,G47821,사무용 기기 소매업,47,경상북도,47850,칠곡군,47850250,왜관읍,4785025021,왜관읍,4785025021103470016,1,대지,347,16,경상북도 칠곡군 왜관읍 왜관리 347-16,478504766533,경상북도 칠곡군 왜관읍 평장3길,17,,4785025021103470016000001,,경상북도 칠곡군 왜관읍 평장3길 17,718805,39900,,,,128.406043223028,35.9868873636913
MA010120220813290114,퍼스트OA,,G2,소매,G216,안경·정밀기기 소매,G21601,사무기기 소매업,G47821,사무용 기기 소매업,11,서울특별시,11530,구로구,11530730,고척2동,1153010600,고척동,1153010600101670020,1,대지,167,20,서울특별시 구로구 고척동 167-20,115304148172,서울특별시 구로구 고척로47길,16,20,1153010600101670020011743,,서울특별시 구로구 고척로47길 16-20,152830,08241,,,,126.855291122658,37.5055685665965
MA010120220813183991,더포스앤커피,,G2,소매,G216,안경·정밀기기 소매,G21601,사무기기 소매업,G47821,사무용 기기 소매업,46,전라남도,46130,여수시,46130710,문수동,4613012000,문수동,4613012000107210002,1,대지,721,2,전라남도 여수시 문수동 721-2,461304646968,전라남도 여수시 허문정2길,7,,4613012000107210002067374,,전라남도 여수시 허문정2길 7,550817,59704,,1,,127.694970766592,34.7493663334416
MA010120220813267180,지오솔루션,,G2,소매,G216,안경·정밀기기 소매,G21601,사무기기 소매업,G47821,사무용 기기 소매업,28,인천광역시,28177,미추홀구,28177640,주안3동,2817710500,주안동,2817710500108040003,1,대지,804,3,인천광역시 미추홀구 주안동 804-3,281774253535,인천광역시 미추홀구 인주대로292번길,22,,2817010600108040003090242,,인천광역시 미추홀구 인주대로292번길 22,402845,22213,,1,,126.668626558687,37.4510599991108
MA010120220813189116,원시스템,,G2,소매,G216,안경·정밀기기 소매,G21601,사무기기 소매업,G47821,사무용 기기 소매업,11,서울특별시,11680,강남구,11680690,개포4동,1168010300,개포동,1168010300111650011,1,대지,1165,11,서울특별시 강남구 개포동 1165-11,116804166171,서울특별시 강남구 논현로2길,55,,1168010300101650011021012,성우빌딩,서울특별시 강남구 논현로2길 55,135960,06315,,1,,127.054253143569,37.4743347320779
MA010120220813181914,컴파스,,G2,소매,G216,안경·정밀기기 소매,G21601,사무기기 소매업,G47821,사무용 기기 소매업,41,경기도,41210,광명시,41210655,일직동,4121010600,일직동,4121010600105140000,1,대지,514,,경기도 광명시 일직동 514,412103182031,경기도 광명시 일직로,43,,4121010600105140000000001,광명역GIDC,경기도 광명시 일직로 43,423090,14353,,,,126.886947562971,37.4227731509461
MA010120220813222870,제이케이정보,,G2,소매,G216,안경·정밀기기 소매,G21601,사무기기 소매업,G47821,사무용 기기 소매업,27,대구광역시,27710,달성군,27710262,옥포읍,2771026229,옥포읍,2771026229126620002,1,대지,2662,2,대구광역시 달성군 옥포읍 본리리 2662-2,277104244300,대구광역시 달성군 옥포읍 비슬로447길,6,,2771026229126620002000001,,대구광역시 달성군 옥포읍 비슬로447길 6,711845,42971,,1,,128.46652110247,35.7901434427487
MA010120220813276832,에스텍,,G2,소매,G216,안경·정밀기기 소매,G21601,사무기기 소매업,G47821,사무용 기기 소매업,28,인천광역시,28177,미추홀구,28177590,학익2동,2817710300,학익동,2817710300106350017,1,대지,635,17,인천광역시 미추홀구 학익동 635-17,281773151009,인천광역시 미추홀구 소성로,147,,2817010300106350017047588,,인천광역시 미추홀구 소성로 147,402042,22219,,,,126.665137470527,37.4427608709653
MA010120220813171567,안성신도상사,,G2,소매,G216,안경·정밀기기 소매,G21601,사무기기 소매업,G47821,사무용 기기 소매업,41,경기도,41550,안성시,41550510,안성1동,4155010400,봉남동,4155010400103290006,1,대지,329,6,경기도 안성시 봉남동 329-6,415504424637,경기도 안성시 중앙로433번길,17,,4155010400103290006023244,,경기도 안성시 중앙로433번길 17,456040,17590,,,,127.275102082658,37.0072416575627
MA010120220813282772,신광사무기상사,,G2,소매,G216,안경·정밀기기 소매,G21601,사무기기 소매업,G47821,사무용 기기 소매업,11,서울특별시,11140,중구,11140520,소공동,1114011600,남대문로3가,1114011600100130003,1,대지,13,3,서울특별시 중구 남대문로3가 13-3,111403101001,서울특별시 중구 남대문로,14,,1114011600100130003000001,쇼핑센터,서울특별시 중구 남대문로 14,100070,04528,,,,126.977918235553,37.5610126413194
MA010120220813405401,서경오피스,천안점,G2,소매,G216,안경·정밀기기 소매,G21601,사무기기 소매업,G47821,사무용 기기 소매업,44,충청남도,44133,천안시 서북구,44133256,직산읍,4413325626,직산읍,4413325626100720066,1,대지,72,66,충청남도 천안시 서북구 직산읍 삼은리 72-66,441334550269,충청남도 천안시 서북구 직산읍 삼은3길,13,,4413325626100720066032012,,충청남도 천안시 서북구 직산읍 삼은3길 13,331816,31037,,1,,127.15097582119,36.8783111944369
MA010120220813443926,아인즈,,G2,소매,G216,안경·정밀기기 소매,G21601,사무기기 소매업,G47821,사무용 기기 소매업,41,경기도,41430,의왕시,41430520,부곡동,4143011000,월암동,4143011000102910002,1,대지,291,2,경기도 의왕시 월암동 291-2,414304403163,경기도 의왕시 월암길,79,,4143011000102910002012027,외,경기도 의왕시 월암길 79,437825,16107,,2,,126.956437043784,37.306343453172
MA010120220813303610,엔티에스솔루션,,G2,소매,G216,안경·정밀기기 소매,G21601,사무기기 소매업,G47821,사무용 기기 소매업,27,대구광역시,27140,동구,27140590,효목1동,2714010300,효목동,2714010300101740017,1,대지,174,17,대구광역시 동구 효목동 174-17,271404226373,대구광역시 동구 화랑로41길,42,,2714010300101740017029588,,대구광역시 동구 화랑로41길 42,701843,41176,,1,,128.645228157673,35.8814410980828
MA010120220813424081,넷엔진산업,,G2,소매,G216,안경·정밀기기 소매,G21601,사무기기 소매업,G47821,사무용 기기 소매업,41,경기도,41390,시흥시,41390591,정왕1동,4139013200,정왕동,4139013200113670001,1,대지,1367,1,경기도 시흥시 정왕동 1367-1,413902199001,경기도 시흥시 공단1대로,244,,4139013200113670001016345,공구상가,경기도 시흥시 공단1대로 244,429853,15103,,,,126.728445299906,37.3353324328239
MA010120220813529728,다온디지털솔루션,,G2,소매,G216,안경·정밀기기 소매,G21601,사무기기 소매업,G47821,사무용 기기 소매업,41,경기도,41590,화성시,41590590,동탄5동,4159013100,영천동,4159013100108320003,1,대지,832,3,경기도 화성시 영천동 832-3,415902348101,경기도 화성시 동탄순환대로,878,,4159013100103580084000001,동탄아이티타워,경기도 화성시 동탄순환대로 878,445130,18469,,3,,127.091408196175,37.2096883427697
MA010120220813494017,원오에이시스템,,G2,소매,G216,안경·정밀기기 소매,G21601,사무기기 소매업,G47821,사무용 기기 소매업,46,전라남도,46130,여수시,46130730,미평동,4613012200,미평동,4613012200104380017,1,대지,438,17,전라남도 여수시 미평동 438-17,461303282028,전라남도 여수시 미평로,31,,4613012200104380017000737,,전라남도 여수시 미평로 31,550240,59629,,1,,127.707474079138,34.7658890239368
MA010120220813550004,포스21,,G2,소매,G216,안경·정밀기기 소매,G21601,사무기기 소매업,G47821,사무용 기기 소매업,27,대구광역시,27260,수성구,27260680,고산2동,2726011400,시지동,2726011400105840001,1,대지,584,1,대구광역시 수성구 시지동 584-1,272603351532,대구광역시 수성구 알파시티2로,26,,2726011400105840001000001,리치빌딩,대구광역시 수성구 알파시티2로 26,706220,42251,,,,128.692030021827,35.8396271364969
MA010120220813641274,휴먼시스템,,G2,소매,G216,안경·정밀기기 소매,G21601,사무기기 소매업,G47821,사무용 기기 소매업,47,경상북도,47230,영천시,47230510,동부동,4723010200,망정동,4723010200101890006,1,대지,189,6,경상북도 영천시 망정동 189-6,472303018037,경상북도 영천시 호국로,112,8,4723010200101630002006639,,경상북도 영천시 호국로 112-8,770110,38864,,,,128.949555793404,35.9750947922908
MA010120220813531005,지연컨설턴트,,G2,소매,G216,안경·정밀기기 소매,G21601,사무기기 소매업,G47821,사무용 기기 소매업,41,경기도,41450,하남시,41450560,덕풍3동,4145010800,덕풍동,4145010800108330001,1,대지,833,1,경기도 하남시 덕풍동 833-1,414502000019,경기도 하남시 미사대로,550,,4145010800100730007000001,현대지식산업센터,경기도 하남시 미사대로 550,465013,12925,,,,127.206465693798,37.5567706900926
MA010120220813641811,삼성프린텍,,G2,소매,G216,안경·정밀기기 소매,G21601,사무기기 소매업,G47821,사무용 기기 소매업,11,서울특별시,11680,강남구,11680590,삼성2동,1168010500,삼성동,1168010500101130000,1,대지,113,,서울특별시 강남구 삼성동 113,116803122004,서울특별시 강남구 봉은사로,418,,1168010500101130000016514,조양빌딩,서울특별시 강남구 봉은사로 418,135874,06153,,5,,127.045988682021,37.5105046670113
MA010120220813517739,한별상사,,G2,소매,G216,안경·정밀기기 소매,G21601,사무기기 소매업,G47821,사무용 기기 소매업,47,경상북도,47111,포항시 남구,47111253,연일읍,4711125322,연일읍,4711125322101700000,1,대지,170,,경상북도 포항시 남구 연일읍 괴정리 170,471114709573,경상북도 포항시 남구 연일읍 철강로41번길,11,3,4711125322101700000069468,,경상북도 포항시 남구 연일읍 철강로41번길 11-3,790881,37849,,,,129.347549911874,35.9922292893281
MA010120220813567935,K2포항시스템,,G2,소매,G216,안경·정밀기기 소매,G21601,사무기기 소매업,G47821,사무용 기기 소매업,47,경상북도,47111,포항시 남구,47111525,상대동,4711110200,대도동,4711110200100040038,1,대지,4,38,경상북도 포항시 남구 대도동 4-38,471114709517,경상북도 포항시 남구 중앙로121번길,26,,4711110200100040038133809,,경상북도 포항시 남구 중앙로121번길 26,790821,37775,,2,,129.365989597193,36.0253117141789
MA010120220813618749,미래1,,G2,소매,G216,안경·정밀기기 소매,G21601,사무기기 소매업,G47821,사무용 기기 소매업,29,광주광역시,29110,동구,29110655,서남동,2911011200,남동,2911011200101410002,1,대지,141,2,광주광역시 동구 남동 141-2,291104277097,광주광역시 동구 문화전당로23번길,5,22,2911011200101410002000001,,광주광역시 동구 문화전당로23번길 5-22,501810,61487,,,,126.919443273685,35.1436711303033
MA010120220813493120,현대내비서비스,,G2,소매,G216,안경·정밀기기 소매,G21601,사무기기 소매업,G47821,사무용 기기 소매업,52,전북특별자치도,52130,군산시,52130650,조촌동,5213013400,조촌동,5213013400102350009,1,대지,235,9,전북특별자치도 군산시 조촌동 235-9,521303268117,전북특별자치도 군산시 번영로,215,,4513013400102350009026131,,전북특별자치도 군산시 번영로 215,573883,54080,,1,,126.7408511318,35.9621597989649
MA010120220813676988,인피니,,G2,소매,G216,안경·정밀기기 소매,G21601,사무기기 소매업,G47821,사무용 기기 소매업,11,서울특별시,11500,강서구,11500611,발산1동,1150010500,마곡동,1150010500107990009,1,대지,799,9,서울특별시 강서구 마곡동 799-9,115003155053,서울특별시 강서구 마곡중앙4로,18,,1150010500107990009000001,마곡그랑트윈타워,서울특별시 강서구 마곡중앙4로 18,157210,07631,,7,,126.828614610166,37.5585206952668
MA010120220813784350,태산OA시스템,,G2,소매,G216,안경·정밀기기 소매,G21601,사무기기 소매업,G47821,사무용 기기 소매업,29,광주광역시,29140,서구,29140830,풍암동,2914012800,풍암동,2914012800108720005,1,대지,872,5,광주광역시 서구 풍암동 872-5,291404280463,광주광역시 서구 풍암신흥안길,21,13,2914012800108720005027055,서해안빌라,광주광역시 서구 풍암신흥안길 21-13,502832,62050,,1,,126.861992006598,35.1205264013926
MA010120220813811661,오피스디포,김포검단점,G2,소매,G216,안경·정밀기기 소매,G21601,사무기기 소매업,G47821,사무용 기기 소매업,28,인천광역시,28260,서구,28260720,오류왕길동,2826011900,오류동,2826011900116400001,1,대지,1640,1,인천광역시 서구 오류동 1640-1,282603156147,인천광역시 서구 보듬5로,5,,2826011900116400001000001,,인천광역시 서구 보듬5로 5,404300,22666,,,,126.612316917873,37.5942103409073
MA010120220813751572,피씨앤프린터다산점,,G2,소매,G216,안경·정밀기기 소매,G21601,사무기기 소매업,G47821,사무용 기기 소매업,41,경기도,41360,남양주시,41360545,다산1동,4136011200,다산동,4136011200161520001,1,대지,6152,1,경기도 남양주시 다산동 6152-1,413603351605,경기도 남양주시 다산중앙로20번길,10,18,4136011200161520001000001,우빌,경기도 남양주시 다산중앙로20번길 10-18,,12285,,1,,127.155907773464,37.6152595921706
MA010120220813651432,엔터인베스트,,G2,소매,G216,안경·정밀기기 소매,G21601,사무기기 소매업,G47821,사무용 기기 소매업,29,광주광역시,29170,북구,29170696,양산동,2917012800,양산동,2917012800110180000,1,대지,1018,,광주광역시 북구 양산동 1018,291703162045,광주광역시 북구 양산택지로,15,,2917012800110180000000002,,광주광역시 북구 양산택지로 15,500896,61071,,,,126.878548164146,35.2079217965327
MA010120220813765946,신도디지털,,G2,소매,G216,안경·정밀기기 소매,G21601,사무기기 소매업,G47821,사무용 기기 소매업,47,경상북도,47190,구미시,47190600,신평2동,4719011100,신평동,4719011100100700065,1,대지,70,65,경상북도 구미시 신평동 70-65,471904724609,경상북도 구미시 야은로45길,22,3,4719011100100700065032444,,경상북도 구미시 야은로45길 22-3,730826,39251,,1,,128.363311848187,36.1253280968252
MA010120220813948170,고은인터내셔널,,G2,소매,G216,안경·정밀기기 소매,G21601,사무기기 소매업,G47821,사무용 기기 소매업,27,대구광역시,27260,수성구,27260602,황금2동,2726010700,황금동,2726010700108740002,1,대지,874,2,대구광역시 수성구 황금동 874-2,272604238159,대구광역시 수성구 들안로28길,16,3,2726010700108740002017940,,대구광역시 수성구 들안로28길 16-3,706853,42148,,2,,128.618081757813,35.8424571218375
MA010120220813957418,다온솔루션,,G2,소매,G216,안경·정밀기기 소매,G21601,사무기기 소매업,G47821,사무용 기기 소매업,41,경기도,41450,하남시,41450630,미사3동,4145011000,풍산동,4145011000105950001,1,대지,595,1,경기도 하남시 풍산동 595-1,414504853319,경기도 하남시 미사강변중앙로7번안길,25,,4145011000105950001000001,하남미사유테크밸리,경기도 하남시 미사강변중앙로7번안길 25,465170,12939,,7,,127.190329933156,37.5490582415317
MA010120220813866705,마스터오에이,,G2,소매,G216,안경·정밀기기 소매,G21601,사무기기 소매업,G47821,사무용 기기 소매업,11,서울특별시,11290,성북구,11290725,월곡2동,1129013700,상월곡동,1129013700100290072,1,대지,29,72,서울특별시 성북구 상월곡동 29-72,112904121759,서울특별시 성북구 화랑로19길,39,,1129013700100290072000147,왼쪽,서울특별시 성북구 화랑로19길 39,136865,02773,,,,127.049740976651,37.6084325040965
MA010120220813950833,드림밴,,G2,소매,G216,안경·정밀기기 소매,G21601,사무기기 소매업,G47821,사무용 기기 소매업,28,인천광역시,28177,미추홀구,28177690,주안8동,2817710500,주안동,2817710500114650035,1,대지,1465,35,인천광역시 미추홀구 주안동 1465-35,281774253259,인천광역시 미추홀구 미추홀대로578번길,21,1,2817010600114650035096687,갤러리하우스,인천광역시 미추홀구 미추홀대로578번길 21-1,402858,22227,,,,126.681089319258,37.4490670130354
MA010120220813819368,엠아이비,,G2,소매,G216,안경·정밀기기 소매,G21601,사무기기 소매업,G47821,사무용 기기 소매업,30,대전광역시,30110,동구,30110725,대청동,3011012300,주산동,3011012300102110027,1,대지,211,27,대전광역시 동구 주산동 211-27,301104292153,대전광역시 동구 대청호수로337번길,79,,3011012300102110027001365,,대전광역시 동구 대청호수로337번길 79,300320,34500,,,,127.476938735623,36.3589211077179
MA010120220813889852,으뜸플러스,,G2,소매,G216,안경·정밀기기 소매,G21601,사무기기 소매업,G47821,사무용 기기 소매업,51,강원특별자치도,51130,원주시,51130515,중앙동,5113010100,중앙동,5113010100100590010,1,대지,59,10,강원특별자치도 원주시 중앙동 59-10,511303219043,강원특별자치도 원주시 원일로,122,1,4213010100100590010000576,,강원특별자치도 원주시 원일로 122-1,220903,26428,,,,127.948392527604,37.3504664867037
MA010120220813904729,동아OA서비스,,G2,소매,G216,안경·정밀기기 소매,G21601,사무기기 소매업,G47821,사무용 기기 소매업,27,대구광역시,27290,달서구,27290555,감삼동,2729011300,감삼동,2729011300101280002,1,대지,128,2,대구광역시 달서구 감삼동 128-2,272904241017,대구광역시 달서구 감삼북길,83,,2729011300101280002020655,,대구광역시 달서구 감삼북길 83,704954,42644,,,,128.544046399461,35.851956327448
MA010120220813967881,장인세단기광주전남지사,,G2,소매,G216,안경·정밀기기 소매,G21601,사무기기 소매업,G47821,사무용 기기 소매업,46,전라남도,46170,나주시,46170510,송월동,4617010200,송월동,4617010200111100013,1,대지,1110,13,전라남도 나주시 송월동 1110-13,461704652342,전라남도 나주시 신내동길,31,12,4617010200111100013014067,,전라남도 나주시 신내동길 31-12,520130,58263,,1,,126.711412553673,35.0114120177076
MA010120220813899917,하나정보통신,,G2,소매,G216,안경·정밀기기 소매,G21601,사무기기 소매업,G47821,사무용 기기 소매업,43,충청북도,43770,음성군,43770330,맹동면,4377033028,맹동면,4377033028113820000,1,대지,1382,,충청북도 음성군 맹동면 두성리 1382,437703000235,충청북도 음성군 맹동면 대하로,226,,4377033028113820000000001,에이스프라자,충청북도 음성군 맹동면 대하로 226,369811,27738,,2,,127.542126715459,36.9078165561392
MA010120220813973557,눈을맞추다,,G2,소매,G216,안경·정밀기기 소매,G21601,사무기기 소매업,G47821,사무용 기기 소매업,50,제주특별자치도,50130,서귀포시,50130250,대정읍,5013025029,대정읍,5013025029124770000,1,대지,2477,,제주특별자치도 서귀포시 대정읍 보성리 2477,501303350503,제주특별자치도 서귀포시 대정읍 글로벌에듀로,370,,5013025029124770000000001,이노에듀파트,제주특별자치도 서귀포시 대정읍 글로벌에듀로 370,699931,63644,,,,126.278240969228,33.2807270158593
MA010120220813997143,유나인테크,,G2,소매,G216,안경·정밀기기 소매,G21601,사무기기 소매업,G47821,사무용 기기 소매업,11,서울특별시,11350,노원구,11350619,중계본동,1135010600,중계동,1135010600100270059,1,대지,27,59,서울특별시 노원구 중계동 27-59,113504130370,서울특별시 노원구 중계로6길,14,,1135010600100270059012692,약국,서울특별시 노원구 중계로6길 14,139854,01729,,3,,127.084006106105,37.6438939390686
MA010120220813997236,씨제이솔루션,,G2,소매,G216,안경·정밀기기 소매,G21601,사무기기 소매업,G47821,사무용 기기 소매업,11,서울특별시,11170,용산구,11170625,한강로동,1117012800,한강로3가,1117012800100160058,1,대지,16,58,서울특별시 용산구 한강로3가 16-58,111703101023,서울특별시 용산구 청파로,48,,1117012800100160058011424,용산전자오피스텔,서울특별시 용산구 청파로 48,140879,04373,,,,126.956826485491,37.5321478167086
MA010120220814090014,광양IT솔루션,,G2,소매,G216,안경·정밀기기 소매,G21601,사무기기 소매업,G47821,사무용 기기 소매업,46,전라남도,46230,광양시,46230250,광양읍,4623025035,광양읍,4623025035117920006,1,대지,1792,6,전라남도 광양시 광양읍 덕례리 1792-6,462304655331,전라남도 광양시 광양읍 예구길,12,,4623025035117920006037649,,전라남도 광양시 광양읍 예구길 12,545802,57761,,,,127.56674714336,34.9643989658625
MA010120220814054896,마켓미소,,G2,소매,G216,안경·정밀기기 소매,G21601,사무기기 소매업,G47821,사무용 기기 소매업,11,서울특별시,11440,마포구,11440720,성산1동,1144012500,성산동,1144012500102500019,1,대지,250,19,서울특별시 마포구 성산동 250-19,114403113011,서울특별시 마포구 성미산로,15,,1144012500102500019017652,,서울특별시 마포구 성미산로 15,121847,03971,,5,,126.909865023223,37.5585385995521
MA010120220814104278,윈앤윈,,G2,소매,G216,안경·정밀기기 소매,G21601,사무기기 소매업,G47821,사무용 기기 소매업,47,경상북도,47170,안동시,47170690,강남동,4717014000,정하동,4717014000102830002,1,대지,283,2,경상북도 안동시 정하동 283-2,471704721051,경상북도 안동시 강남6길,6,,4717014000102830002000001,,경상북도 안동시 강남6길 6,760400,36751,,1,,128.732871189869,36.5499509889553
MA010120220814068710,엠기획,,G2,소매,G216,안경·정밀기기 소매,G21601,사무기기 소매업,G47821,사무용 기기 소매업,41,경기도,41220,평택시,41220330,고덕면,4122033028,고덕면,4122033028102650002,1,대지,265,2,경기도 평택시 고덕면 방축리 265-2,412204364207,경기도 평택시 고덕면 방축3길,128,,4122033028102650002025142,디동,경기도 평택시 고덕면 방축3길 128,451841,17821,,,,127.043476426143,37.0179419698753
MA010120220814028159,행운OHSolution,,G2,소매,G216,안경·정밀기기 소매,G21601,사무기기 소매업,G47821,사무용 기기 소매업,44,충청남도,44133,천안시 서북구,44133560,백석동,4413310300,백석동,4413310300112060000,1,대지,1206,,충청남도 천안시 서북구 백석동 1206,441333250019,충청남도 천안시 서북구 백석공단1로,10,,4413310300107190000051127,천안미래에이스하이테크시티,충청남도 천안시 서북구 백석공단1로 10,331220,31094,,,,127.111089151161,36.8238203240415
MA010120220809862222,에스케이넷,,G2,소매,G216,안경·정밀기기 소매,G21601,사무기기 소매업,G47821,사무용 기기 소매업,30,대전광역시,30110,동구,30110665,성남동,3011011600,성남동,3011011600100660011,1,대지,66,11,대전광역시 동구 성남동 66-11,301103010001,대전광역시 동구 계족로,305,,3011011600100660011014406,,대전광역시 동구 계족로 305,300818,34592,,2,,127.436486918377,36.3395202696613
MA010120220809852127,스마트OA시스템,,G2,소매,G216,안경·정밀기기 소매,G21601,사무기기 소매업,G47821,사무용 기기 소매업,26,부산광역시,26350,해운대구,26350620,반송2동,2635010100,반송동,2635010100100070037,1,대지,7,37,부산광역시 해운대구 반송동 7-37,263504199152,부산광역시 해운대구 윗반송로51번길,233,,2635010100100070037015820,,부산광역시 해운대구 윗반송로51번길 233,612800,48005,,,,129.158347393299,35.2347016444294
MA010120220809913813,일인자사무기,,G2,소매,G216,안경·정밀기기 소매,G21601,사무기기 소매업,G47821,사무용 기기 소매업,46,전라남도,46860,함평군,46860250,함평읍,4686025022,함평읍,4686025022108390000,1,대지,839,,전라남도 함평군 함평읍 기각리 839,468604691284,전라남도 함평군 함평읍 중앙길,199,19,4686025022108390000045894,,전라남도 함평군 함평읍 중앙길 199-19,525802,57150,,,,126.51696642846,35.0641278315668
MA010120220809938444,샤펜,,G2,소매,G216,안경·정밀기기 소매,G21601,사무기기 소매업,G47821,사무용 기기 소매업,41,경기도,41480,파주시,41480530,금촌3동,4148010400,야동동,4148010400103080002,1,대지,308,2,경기도 파주시 야동동 308-2,414804418838,경기도 파주시 풀무골로56번길,21,,4148010400103080002028351,,경기도 파주시 풀무골로56번길 21,413040,10849,,,,126.759131570683,37.7769497275466
MA010120220809938500,비앤비포스,,G2,소매,G216,안경·정밀기기 소매,G21601,사무기기 소매업,G47821,사무용 기기 소매업,11,서울특별시,11350,노원구,11350670,상계5동,1135010500,상계동,1135010500101350075,1,대지,135,75,서울특별시 노원구 상계동 135-75,113504130421,서울특별시 노원구 한글비석로46길,48,,1135010500101350075001515,,서울특별시 노원구 한글비석로46길 48,139813,01657,,2,,127.069296347802,37.6656351886298
MA010120220809963292,송도안경아울렛,,G2,소매,G216,안경·정밀기기 소매,G21601,사무기기 소매업,G47821,사무용 기기 소매업,28,인천광역시,28185,연수구,28185830,송도2동,2818510600,송도동,2818510600100210009,1,대지,21,9,인천광역시 연수구 송도동 21-9,281853152037,인천광역시 연수구 해돋이로,168,15,2818510600100210009000001,글로벌시티프라자,인천광역시 연수구 해돋이로 168-15,406082,22002,,1,,126.646145345976,37.3963663933265
MA010120220811389786,아림O.A상사,,G2,소매,G216,안경·정밀기기 소매,G21601,사무기기 소매업,G47821,사무용 기기 소매업,26,부산광역시,26500,수영구,26500740,망미1동,2650010100,망미동,2650010100108060009,1,대지,806,9,부산광역시 수영구 망미동 806-9,265004214322,부산광역시 수영구 연수로296번길,51,,2650010100108060009004895,,부산광역시 수영구 연수로296번길 51,613826,48235,,,,129.102228122591,35.1705908385967
MA010120220811389833,신도네트K.J,,G2,소매,G216,안경·정밀기기 소매,G21601,사무기기 소매업,G47821,사무용 기기 소매업,26,부산광역시,26710,기장군,26710250,기장읍,2671025026,기장읍,2671025026109830000,1,대지,983,,부산광역시 기장군 기장읍 대라리 983,267103140053,부산광역시 기장군 기장읍 차성서로,108,,2671025026109830000006458,,부산광역시 기장군 기장읍 차성서로 108,619903,46067,,,,129.210628446901,35.2428499822995
MA010120220811392330,무한프라자,,G2,소매,G216,안경·정밀기기 소매,G21601,사무기기 소매업,G47821,사무용 기기 소매업,11,서울특별시,11710,송파구,11710641,문정1동,1171010800,문정동,1171010800100680012,1,대지,68,12,서울특별시 송파구 문정동 68-12,117104169240,서울특별시 송파구 새말로5길,4,23,1171010800100680012004840,,서울특별시 송파구 새말로5길 4-23,138826,05808,,지,,127.125999096253,37.4833621771034
MA010120220811407055,퍼스트오에이,,G2,소매,G216,안경·정밀기기 소매,G21601,사무기기 소매업,G47821,사무용 기기 소매업,26,부산광역시,26260,동래구,26260740,안락1동,2626010200,안락동,2626010200104400055,1,대지,440,55,부산광역시 동래구 안락동 440-55,262604190146,부산광역시 동래구 명안로25번길,49,1,2626010200104400055019890,,부산광역시 동래구 명안로25번길 49-1,607828,47788,,1,,129.101871186254,35.1993437361899
MA010120220811400448,PK정보시스템,,G2,소매,G216,안경·정밀기기 소매,G21601,사무기기 소매업,G47821,사무용 기기 소매업,26,부산광역시,26290,남구,26290530,대연3동,2629010600,대연동,2629010600104300001,1,대지,430,1,부산광역시 남구 대연동 430-1,262903131023,부산광역시 남구 용소로,45,,2629010600118080002004012,,부산광역시 남구 용소로 45,608810,48513,,,,129.104735795336,35.1311938648973
MA010120220811450074,한시스템,,G2,소매,G216,안경·정밀기기 소매,G21601,사무기기 소매업,G47821,사무용 기기 소매업,26,부산광역시,26290,남구,26290700,문현3동,2629010900,문현동,2629010900101450026,1,대지,145,26,부산광역시 남구 문현동 145-26,262904193096,부산광역시 남구 문현로66번길,15,,2629010900101450026014188,,부산광역시 남구 문현로66번길 15,608822,48418,,1,,129.075828296255,35.1427318848032
MA010120220811446977,세진정보통신,,G2,소매,G216,안경·정밀기기 소매,G21601,사무기기 소매업,G47821,사무용 기기 소매업,26,부산광역시,26290,남구,26290610,용당동,2629010800,용당동,2629010800101780003,1,대지,178,3,부산광역시 남구 용당동 178-3,262904193173,부산광역시 남구 신선로303번길,20,,2629010800101780003012933,,부산광역시 남구 신선로303번길 20,608829,48548,,,,129.094820272127,35.1136669499933
MA010120220811412450,디지털사무기,,G2,소매,G216,안경·정밀기기 소매,G21601,사무기기 소매업,G47821,사무용 기기 소매업,26,부산광역시,26290,남구,26290680,문현1동,2629010900,문현동,2629010900101170010,1,대지,117,10,부산광역시 남구 문현동 117-10,262904193015,부산광역시 남구 고동골로78번길,45,8,2629010900101170010013917,,부산광역시 남구 고동골로78번길 45-8,608821,48409,,1,,129.074065731208,35.1441769013529
MA010120220811478902,우성디지털,,G2,소매,G216,안경·정밀기기 소매,G21601,사무기기 소매업,G47821,사무용 기기 소매업,27,대구광역시,27140,동구,27140685,해안동,2714011100,방촌동,2714011100109930036,1,대지,993,36,대구광역시 동구 방촌동 993-36,271403142017,대구광역시 동구 방촌로,89,3,2714011100109930036044114,,대구광역시 동구 방촌로 89-3,701801,41137,,,,128.662714651265,35.8842010231188
MA010120220811473156,태강디지탈OA사무기,,G2,소매,G216,안경·정밀기기 소매,G21601,사무기기 소매업,G47821,사무용 기기 소매업,41,경기도,41590,화성시,41590310,매송면,4159031022,매송면,4159031022100780005,1,대지,78,5,경기도 화성시 매송면 원평리 78-5,415904431403,경기도 화성시 매송면 화성로2381번길,22,12,4159031022100780005012187,,경기도 화성시 매송면 화성로2381번길 22-12,445832,18289,,,,126.927725993114,37.2512668647815
MA010120220811526810,현대전산,,G2,소매,G216,안경·정밀기기 소매,G21601,사무기기 소매업,G47821,사무용 기기 소매업,31,울산광역시,31710,울주군,31710360,두동면,3171036021,두동면,3171036021102180000,1,대지,218,,울산광역시 울주군 두동면 만화리 218,317104320026,울산광역시 울주군 두동면 치술령길,67,3,3171036021102180000019250,,울산광역시 울주군 두동면 치술령길 67-3,689842,44916,,,,129.235785177812,35.6544471630259
MA010120220811520764,대원정보통신,,G2,소매,G216,안경·정밀기기 소매,G21601,사무기기 소매업,G47821,사무용 기기 소매업,31,울산광역시,31140,남구,31140570,삼산동,3114010500,달동,3114010500113210013,1,대지,1321,13,울산광역시 남구 달동 1321-13,311404310450,울산광역시 남구 삼산중로131번길,39,,3114010500113210013007404,,울산광역시 남구 삼산중로131번길 39,680814,44701,,,,129.331575119685,35.5440170950632
MA010120220811525378,팬사,,G2,소매,G216,안경·정밀기기 소매,G21601,사무기기 소매업,G47821,사무용 기기 소매업,31,울산광역시,31110,중구,31110585,중앙동,3111010600,성남동,3111010600100430003,1,대지,43,3,울산광역시 중구 성남동 43-3,311103169023,울산광역시 중구 학성로,86,,3111010600100430003006626,,울산광역시 중구 학성로 86,681812,44532,,,,129.320536341371,35.5550068136757
MA010120220811525465,현대사무가구,,G2,소매,G216,안경·정밀기기 소매,G21601,사무기기 소매업,G47821,사무용 기기 소매업,31,울산광역시,31140,남구,31140585,삼호동,3114010100,무거동,3114010100114290002,1,대지,1429,2,울산광역시 남구 무거동 1429-2,311404310474,울산광역시 남구 삼호로37번길,8,6,3114010100114290002033811,,울산광역시 남구 삼호로37번길 8-6,680810,44635,,,,129.268655384367,35.5502548387285
MA010120220811515315,덕인TPS,,G2,소매,G216,안경·정밀기기 소매,G21601,사무기기 소매업,G47821,사무용 기기 소매업,31,울산광역시,31140,남구,31140530,신정3동,3114010400,신정동,3114010400102390008,1,대지,239,8,울산광역시 남구 신정동 239-8,311403170037,울산광역시 남구 신정로,151,,3114010400102390008010460,,울산광역시 남구 신정로 151,680823,44684,,1,,129.318018465787,35.5449183407604
MA010120220811530550,현대오피스,,G2,소매,G216,안경·정밀기기 소매,G21601,사무기기 소매업,G47821,사무용 기기 소매업,31,울산광역시,31140,남구,31140510,신정1동,3114010400,신정동,3114010400114060008,1,대지,1406,8,울산광역시 남구 신정동 1406-8,311404310058,울산광역시 남구 남산로354번길,19,,3114010400114060008038170,,울산광역시 남구 남산로354번길 19,680825,44623,,,,129.306402861748,35.5485471996951
MA010120220811523626,체스통신,,G2,소매,G216,안경·정밀기기 소매,G21601,사무기기 소매업,G47821,사무용 기기 소매업,31,울산광역시,31110,중구,31110590,우정동,3111010800,우정동,3111010800102820002,1,대지,282,2,울산광역시 중구 우정동 282-2,311104307134,울산광역시 중구 당산2길,44,9,3111010800102820002007166,,울산광역시 중구 당산2길 44-9,681815,44467,,,,129.312101789873,35.555412220021
MA010120220811528789,하나사무기,,G2,소매,G216,안경·정밀기기 소매,G21601,사무기기 소매업,G47821,사무용 기기 소매업,31,울산광역시,31710,울주군,31710259,범서읍,3171025927,범서읍,3171025927101180006,1,대지,118,6,울산광역시 울주군 범서읍 구영리 118-6,317104319330,울산광역시 울주군 범서읍 모두박길,5,16,3171025927101180006000001,백산빌,울산광역시 울주군 범서읍 모두박길 5-16,689852,44921,,,,129.250511668649,35.5673820011221
MA010120220809756236,드림오에이,,G2,소매,G216,안경·정밀기기 소매,G21601,사무기기 소매업,G47821,사무용 기기 소매업,30,대전광역시,30110,동구,30110740,산내동,3011013600,낭월동,3011013600108140000,1,대지,814,,대전광역시 동구 낭월동 814,301103164034,대전광역시 동구 석천로,47,17,3011013600108140000000002,,대전광역시 동구 석천로 47-17,300220,34706,,1,,127.467083130124,36.27570931954
MA010120220809725898,지비솔루션,,G2,소매,G216,안경·정밀기기 소매,G21601,사무기기 소매업,G47821,사무용 기기 소매업,52,전북특별자치도,52111,전주시 완산구,52111730,효자5동,5211114100,효자동2가,5211114100112390005,1,대지,1239,5,전북특별자치도 전주시 완산구 효자동2가 1239-5,521113266082,전북특별자치도 전주시 완산구 홍산로,249,,4511114100112390005033826,대신타워,전북특별자치도 전주시 완산구 홍산로 249,560800,54966,,,,127.105518636095,35.8160212048572
MA010120220809726870,세림오피스,,G2,소매,G216,안경·정밀기기 소매,G21601,사무기기 소매업,G47821,사무용 기기 소매업,47,경상북도,47850,칠곡군,47850250,왜관읍,4785025027,왜관읍,4785025027106940002,1,대지,694,2,경상북도 칠곡군 왜관읍 낙산리 694-2,478504766005,경상북도 칠곡군 왜관읍 2산업단지4길,1,,4785025027106940002000001,,경상북도 칠곡군 왜관읍 2산업단지4길 1,718801,39912,,,,128.407176795986,35.9370582547223
MA010120220809793381,바른테크&OA,,G2,소매,G216,안경·정밀기기 소매,G21601,사무기기 소매업,G47821,사무용 기기 소매업,52,전북특별자치도,52111,전주시 완산구,52111730,효자5동,5211114200,효자동3가,5211114200116540007,1,대지,1654,7,전북특별자치도 전주시 완산구 효자동3가 1654-7,521114598358,전북특별자치도 전주시 완산구 척동5길,9,,4511114200116540007000001,다인하우스,전북특별자치도 전주시 완산구 척동5길 9,560901,54961,,1,,127.098810634028,35.8229846369788
MA010120220809849534,경성티에스,,G2,소매,G216,안경·정밀기기 소매,G21601,사무기기 소매업,G47821,사무용 기기 소매업,48,경상남도,48170,진주시,48170678,하대동,4817012000,하대동,4817012000101350008,1,대지,135,8,경상남도 진주시 하대동 135-8,481704796725,경상남도 진주시 상대로143번길,17,14,4817012000101350008012172,,경상남도 진주시 상대로143번길 17-14,660995,52779,,1,,128.126373032646,35.186439057308
MA010120220809808348,투윈컴퍼니,,G2,소매,G216,안경·정밀기기 소매,G21601,사무기기 소매업,G47821,사무용 기기 소매업,11,서울특별시,11215,광진구,11215850,구의1동,1121510300,구의동,1121510300102520014,1,대지,252,14,서울특별시 광진구 구의동 252-14,112153104010,서울특별시 광진구 자양로,126,,1121510300102520014009555,성지하이츠,서울특별시 광진구 자양로 126,143826,05043,,8,,127.08361668123,37.5389556900813
MA010120220811233716,동아사무기상사,,G2,소매,G216,안경·정밀기기 소매,G21601,사무기기 소매업,G47821,사무용 기기 소매업,48,경상남도,48270,밀양시,48270520,내이동,4827010200,내이동,4827010200115940014,1,대지,1594,14,경상남도 밀양시 내이동 1594-14,482703336070,경상남도 밀양시 북성로,69,,4827010200106370010046715,,경상남도 밀양시 북성로 69,627130,50422,,,,128.750260338129,35.4990692199871
MA010120220811235331,영남사무기,,G2,소매,G216,안경·정밀기기 소매,G21601,사무기기 소매업,G47821,사무용 기기 소매업,48,경상남도,48270,밀양시,48270540,가곡동,4827010800,가곡동,4827010800106470021,1,대지,647,21,경상남도 밀양시 가곡동 647-21,482703336074,경상남도 밀양시 중앙로,148,,4827010800106470021044046,,경상남도 밀양시 중앙로 148,627801,50442,,,,128.763885592817,35.4786124339935
MA010120220811237765,삼성사무기,,G2,소매,G216,안경·정밀기기 소매,G21601,사무기기 소매업,G47821,사무용 기기 소매업,48,경상남도,48250,김해시,48250565,칠산서부동,4825011100,풍유동,4825011100100690006,1,대지,69,6,경상남도 김해시 풍유동 69-6,482503335057,경상남도 김해시 전하로,25,,4825011100100690006084949,,경상남도 김해시 전하로 25,621130,50965,,,,128.850950872708,35.2211221785421
MA010120220811242454,경남사무기,,G2,소매,G216,안경·정밀기기 소매,G21601,사무기기 소매업,G47821,사무용 기기 소매업,48,경상남도,48270,밀양시,48270520,내이동,4827010200,내이동,4827010200115590015,1,대지,1559,15,경상남도 밀양시 내이동 1559-15,482703336022,경상남도 밀양시 백민로,91,,4827010200111670000041180,,경상남도 밀양시 백민로 91,627130,50423,,,,128.745699790037,35.5006763135783
MA010120220811244852,한진종합사무기,,G2,소매,G216,안경·정밀기기 소매,G21601,사무기기 소매업,G47821,사무용 기기 소매업,48,경상남도,48250,김해시,48250330,진례면,4825033023,진례면,4825033023104330001,1,대지,433,1,경상남도 김해시 진례면 송정리 433-1,482503335058,경상남도 김해시 진례면 진례로,231,,4825033023104330001091802,,경상남도 김해시 진례면 진례로 231,621883,50874,,,,128.748187597299,35.248082306362
MA010120220811244455,창녕사무기한국후지제록스,창녕점,G2,소매,G216,안경·정밀기기 소매,G21601,사무기기 소매업,G47821,사무용 기기 소매업,48,경상남도,48740,창녕군,48740250,창녕읍,4874025022,창녕읍,4874025022110350015,1,대지,1035,15,경상남도 창녕군 창녕읍 교리 1035-15,487404823081,경상남도 창녕군 창녕읍 군청길,7,,4874025022110350015002534,,경상남도 창녕군 창녕읍 군청길 7,635801,50317,,,,128.492512738214,35.5433404165951
MA010120220811236928,가야사무기,,G2,소매,G216,안경·정밀기기 소매,G21601,사무기기 소매업,G47821,사무용 기기 소매업,48,경상남도,48250,김해시,48250550,북부동,4825010500,대성동,4825010500101360003,1,대지,136,3,경상남도 김해시 대성동 136-3,482504805098,경상남도 김해시 구지로124번길,1,11,4825010500101360003049695,,경상남도 김해시 구지로124번길 1-11,621050,50917,,,,128.877230802167,35.2387591313113
MA010120220811247624,신도OA사무기,,G2,소매,G216,안경·정밀기기 소매,G21601,사무기기 소매업,G47821,사무용 기기 소매업,48,경상남도,48250,김해시,48250590,삼안동,4825011900,삼방동,4825011900101430001,1,대지,143,1,경상남도 김해시 삼방동 143-1,482504805650,경상남도 김해시 인제로230번길,6,,4825011900101430001096026,,경상남도 김해시 인제로230번길 6,621909,50813,,,,128.905029269327,35.2489675674808
MA010120220811237023,신도하나OA,,G2,소매,G216,안경·정밀기기 소매,G21601,사무기기 소매업,G47821,사무용 기기 소매업,48,경상남도,48250,김해시,48250565,칠산서부동,4825011500,전하동,4825011500100430009,1,대지,43,9,경상남도 김해시 전하동 43-9,482504805711,경상남도 김해시 전하로176번길,91,,4825011500100430009087542,,경상남도 김해시 전하로176번길 91,621100,50939,,,,128.874576627116,35.2246156101324
MA010120220811217912,서울정보통신,,G2,소매,G216,안경·정밀기기 소매,G21601,사무기기 소매업,G47821,사무용 기기 소매업,43,충청북도,43111,청주시 상당구,43111730,용암2동,4311112400,용암동,4311112400118010000,1,대지,1801,,충청북도 청주시 상당구 용암동 1801,431114508225,충청북도 청주시 상당구 무농정로15번길,7,7,4311112400118010000042236,,충청북도 청주시 상당구 무농정로15번길 7-7,360825,28782,,,,127.504544531832,36.6063087370031
MA010120220811256030,애플사무기,,G2,소매,G216,안경·정밀기기 소매,G21601,사무기기 소매업,G47821,사무용 기기 소매업,48,경상남도,48250,김해시,48250620,장유2동,4825012800,삼문동,4825012800100970002,1,대지,97,2,경상남도 김해시 삼문동 97-2,482504805354,경상남도 김해시 번화1로114번길,7,13,4825031026100970002000001,,경상남도 김해시 번화1로114번길 7-13,621290,50979,,,,128.798540738235,35.1980575922636
MA010120220811248815,디지털종합사무기,,G2,소매,G216,안경·정밀기기 소매,G21601,사무기기 소매업,G47821,사무용 기기 소매업,48,경상남도,48250,김해시,48250540,내외동,4825010800,내동,4825010800101870008,1,대지,187,8,경상남도 김해시 내동 187-8,482503335063,경상남도 김해시 평전로,96,,4825010800101870008088855,,경상남도 김해시 평전로 96,621904,50893,,,,128.856847089779,35.2389024443975
MA010120220811249511,마이다스정보시스템,,G2,소매,G216,안경·정밀기기 소매,G21601,사무기기 소매업,G47821,사무용 기기 소매업,48,경상남도,48250,김해시,48250590,삼안동,4825011900,삼방동,4825011900106610013,1,대지,661,13,경상남도 김해시 삼방동 661-13,482504805478,경상남도 김해시 삼안로279번길,15,1,4825011900106610013098994,,경상남도 김해시 삼안로279번길 15-1,621910,50814,,,,128.908594069309,35.2506055943618
MA010120220811275638,큐브OA테크,,G2,소매,G216,안경·정밀기기 소매,G21601,사무기기 소매업,G47821,사무용 기기 소매업,48,경상남도,48250,김해시,48250580,활천동,4825011700,삼정동,4825011700101080014,1,대지,108,14,경상남도 김해시 삼정동 108-14,482504805901,경상남도 김해시 활천로29번길,3,,4825011700101080014051953,,경상남도 김해시 활천로29번길 3,621912,50923,,2,,128.893363615893,35.2301177416903
MA010120220811248738,장유정보,,G2,소매,G216,안경·정밀기기 소매,G21601,사무기기 소매업,G47821,사무용 기기 소매업,48,경상남도,48250,김해시,48250610,장유1동,4825012500,부곡동,4825012500108090006,1,대지,809,6,경상남도 김해시 부곡동 809-6,482503335054,경상남도 김해시 장유로,190,,4825031023108090006093914,부영프라자,경상남도 김해시 장유로 190,621250,50976,,,,128.806364977196,35.2063132606317
MA010120220811326212,미래정보통신,,G2,소매,G216,안경·정밀기기 소매,G21601,사무기기 소매업,G47821,사무용 기기 소매업,50,제주특별자치도,50110,제주시,50110520,일도2동,5011010200,일도이동,5011010200101680015,1,대지,168,15,제주특별자치도 제주시 일도이동 168-15,501103349113,제주특별자치도 제주시 신산로,73,3,5011010200101680015031453,,제주특별자치도 제주시 신산로 73-3,690833,63271,,,,126.534660865071,33.507407477346
MA010120220811320514,신도OA나라,,G2,소매,G216,안경·정밀기기 소매,G21601,사무기기 소매업,G47821,사무용 기기 소매업,50,제주특별자치도,50110,제주시,50110650,연동,5011013700,연동,5011013700102910119,1,대지,291,119,제주특별자치도 제주시 연동 291-119,501104848085,제주특별자치도 제주시 신대로10길,10,,5011013700102910119008107,,제주특별자치도 제주시 신대로10길 10,690814,63125,,,,126.49535514676,33.4909528471266
MA010120220811324373,금호네트웍스,,G2,소매,G216,안경·정밀기기 소매,G21601,사무기기 소매업,G47821,사무용 기기 소매업,50,제주특별자치도,50110,제주시,50110650,연동,5011013700,연동,5011013700102920093,1,대지,292,93,제주특별자치도 제주시 연동 292-93,501104848252,제주특별자치도 제주시 연동13길,5,,5011013700102920093010512,도호빌딩,제주특별자치도 제주시 연동13길 5,690814,63124,,2,,126.494763575439,33.489057093334
MA010120220811331861,최남단안경원,,G2,소매,G216,안경·정밀기기 소매,G21601,사무기기 소매업,G47821,사무용 기기 소매업,50,제주특별자치도,50130,서귀포시,50130250,대정읍,5013025021,대정읍,5013025021134530000,1,대지,3453,,제주특별자치도 서귀포시 대정읍 상모리 3453,501303349236,제주특별자치도 서귀포시 대정읍 일주서로,2460,,5013025021134530000000001,,제주특별자치도 서귀포시 대정읍 일주서로 2460,699934,63509,,,,126.264205521557,33.2340405156947
MA010120220811326596,대광정보통신제주지사,,G2,소매,G216,안경·정밀기기 소매,G21601,사무기기 소매업,G47821,사무용 기기 소매업,50,제주특별자치도,50130,서귀포시,50130530,중앙동,5013010100,서귀동,5013010100102690011,1,대지,269,11,제주특별자치도 서귀포시 서귀동 269-11,501303350339,제주특별자치도 서귀포시 동문로,43,1,5013010100102690011016549,,제주특별자치도 서귀포시 동문로 43-1,697843,63590,,,,126.565420014848,33.2502803506775
MA010120220811321668,통합정보OA,,G2,소매,G216,안경·정밀기기 소매,G21601,사무기기 소매업,G47821,사무용 기기 소매업,50,제주특별자치도,50110,제주시,50110540,이도2동,5011010400,이도이동,5011010400103890003,1,대지,389,3,제주특별자치도 제주시 이도이동 389-3,501103349192,제주특별자치도 제주시 청귤로,29,,5011010400103890003046569,,제주특별자치도 제주시 청귤로 29,690824,63217,,,,126.539343131449,33.4991663887544
MA010120220811309388,아이전산시스템,,G2,소매,G216,안경·정밀기기 소매,G21601,사무기기 소매업,G47821,사무용 기기 소매업,50,제주특별자치도,50110,제주시,50110540,이도2동,5011010400,이도이동,5011010400110120011,1,대지,1012,11,제주특별자치도 제주시 이도이동 1012-11,501104848131,제주특별자치도 제주시 신성로14길,18,,5011010400110120011045725,탑향,제주특별자치도 제주시 신성로14길 18,690826,63206,,1,,126.531408049218,33.4958999151493
MA010120220811316822,신도서귀사무기,,G2,소매,G216,안경·정밀기기 소매,G21601,사무기기 소매업,G47821,사무용 기기 소매업,50,제주특별자치도,50130,서귀포시,50130550,효돈동,5013010800,하효동,5013010800102150002,1,대지,215,2,제주특별자치도 서귀포시 하효동 215-2,501303350333,제주특별자치도 서귀포시 효돈로,184,1,5013010800102150002038304,,제주특별자치도 서귀포시 효돈로 184-1,697030,63606,,,,126.618416054197,33.2634377431241
MA010120220811335849,월드정보통신,,G2,소매,G216,안경·정밀기기 소매,G21601,사무기기 소매업,G47821,사무용 기기 소매업,50,제주특별자치도,50110,제주시,50110640,오라동,5011012100,오라삼동,5011012100121010001,1,대지,2101,1,제주특별자치도 제주시 오라삼동 2101-1,501104848270,제주특별자치도 제주시 연미길,26,,5011012100121010001029626,,제주특별자치도 제주시 연미길 26,690163,63145,,,,126.506856443311,33.4912245486386
MA010120220811334341,예스정보통신,,G2,소매,G216,안경·정밀기기 소매,G21601,사무기기 소매업,G47821,사무용 기기 소매업,50,제주특별자치도,50110,제주시,50110660,노형동,5011012200,노형동,5011012200127330000,1,대지,2733,,제주특별자치도 제주시 노형동 2733,501103349169,제주특별자치도 제주시 월랑로,84,,5011012200127330000005158,,제주특별자치도 제주시 월랑로 84,690805,63095,,,,126.473084113854,33.4922486002681
MA010120220811344144,미소텔레콤,,G2,소매,G216,안경·정밀기기 소매,G21601,사무기기 소매업,G47821,사무용 기기 소매업,50,제주특별자치도,50110,제주시,50110256,구좌읍,5011025630,구좌읍,5011025630119930001,1,대지,1993,1,제주특별자치도 제주시 구좌읍 한동리 1993-1,501104848988,제주특별자치도 제주시 구좌읍 한동로5길,17,,5011025630019930001056695,,제주특별자치도 제주시 구좌읍 한동로5길 17,695982,63359,,,,126.821763811694,33.5323881820448
MA010120220811355581,원종합OA,,G2,소매,G216,안경·정밀기기 소매,G21601,사무기기 소매업,G47821,사무용 기기 소매업,50,제주특별자치도,50130,서귀포시,50130570,동홍동,5013010500,동홍동,5013010500113250001,1,대지,1325,1,제주특별자치도 서귀포시 동홍동 1325-1,501304850790,제주특별자치도 서귀포시 중산간동로7987번길,20,,5013010500113250001000001,,제주특별자치도 서귀포시 중산간동로7987번길 20,697838,63585,,,,126.563328508938,33.2630220628789
MA010120220811344347,요한잉크,,G2,소매,G216,안경·정밀기기 소매,G21601,사무기기 소매업,G47821,사무용 기기 소매업,50,제주특별자치도,50110,제주시,50110580,용담2동,5011010900,용담이동,5011010900106090068,1,대지,609,68,제주특별자치도 제주시 용담이동 609-68,501104848449,제주특별자치도 제주시 용화로5길,14,,5011010900106090068012703,남양맨션,제주특별자치도 제주시 용화로5길 14,690821,63157,,,,126.506539056477,33.5111304160125
MA010120220811343113,카스전자저울,,G2,소매,G216,안경·정밀기기 소매,G21601,사무기기 소매업,G47821,사무용 기기 소매업,50,제주특별자치도,50110,제주시,50110560,삼도2동,5011010600,삼도이동,5011010600108950000,1,대지,895,,제주특별자치도 제주시 삼도이동 895,501103349016,제주특별자치도 제주시 관덕로,3,1,5011010600108950000021759,,제주특별자치도 제주시 관덕로 3-1,690808,63167,,,,126.519594191619,33.5131201489739
MA010120220811358680,대경네트웍스,,G2,소매,G216,안경·정밀기기 소매,G21601,사무기기 소매업,G47821,사무용 기기 소매업,50,제주특별자치도,50130,서귀포시,50130320,표선면,5013032023,표선면,5013032023129190008,1,대지,2919,8,제주특별자치도 서귀포시 표선면 성읍리 2919-8,501304850459,제주특별자치도 서귀포시 표선면 성읍이리로47번길,9,,5013032023129190008000001,,제주특별자치도 서귀포시 표선면 성읍이리로47번길 9,699912,63624,,,,126.771023467289,33.4144919808564
MA010120220811333499,한라시스템,,G2,소매,G216,안경·정밀기기 소매,G21601,사무기기 소매업,G47821,사무용 기기 소매업,50,제주특별자치도,50110,제주시,50110520,일도2동,5011010200,일도이동,5011010200100710018,1,대지,71,18,제주특별자치도 제주시 일도이동 71-18,501103349139,제주특별자치도 제주시 연신로,13,,5011010200100710018026642,,제주특별자치도 제주시 연신로 13,690831,63260,,,,126.544796136398,33.4997455297601
MA010120220809530354,세진사,,G2,소매,G216,안경·정밀기기 소매,G21601,사무기기 소매업,G47821,사무용 기기 소매업,41,경기도,41360,남양주시,41360545,다산1동,4136011200,다산동,4136011200161430000,1,대지,6143,,경기도 남양주시 다산동 6143,413603351591,경기도 남양주시 다산순환로,20,,4136011200161430000000001,자족,경기도 남양주시 다산순환로 20,,12248,,,,127.151689117087,37.6126792551016
MA010120220809516540,디엠테크,,G2,소매,G216,안경·정밀기기 소매,G21601,사무기기 소매업,G47821,사무용 기기 소매업,11,서울특별시,11590,동작구,11590620,사당1동,1159010700,사당동,1159010700110050042,1,대지,1005,42,서울특별시 동작구 사당동 1005-42,115904157113,서울특별시 동작구 동작대로17길,14,1,1159010700110050042010182,,서울특별시 동작구 동작대로17길 14-1,156824,07013,,1,,126.980281671621,37.4828781007287
MA010120220809526216,에이치비포스시스템,,G2,소매,G216,안경·정밀기기 소매,G21601,사무기기 소매업,G47821,사무용 기기 소매업,27,대구광역시,27200,남구,27200586,대명3동,2720010300,대명동,2720010300118970008,1,대지,1897,8,대구광역시 남구 대명동 1897-8,272004232356,대구광역시 남구 현충로48길,7,,2720010300118970008015748,,대구광역시 남구 현충로48길 7,705820,42412,,,,128.58388951775,35.8528073598866
MA010120220809553240,디지털청도OA,,G2,소매,G216,안경·정밀기기 소매,G21601,사무기기 소매업,G47821,사무용 기기 소매업,47,경상북도,47820,청도군,47820253,청도읍,4782025321,청도읍,4782025321102190001,1,대지,219,1,경상북도 청도군 청도읍 고수리 219-1,478204757025,경상북도 청도군 청도읍 고수산복길,20,,4782025321102190001054766,,경상북도 청도군 청도읍 고수산복길 20,714802,38345,,,,128.73697092117,35.6457093248392
MA010120220809554473,동아OA시스템,,G2,소매,G216,안경·정밀기기 소매,G21601,사무기기 소매업,G47821,사무용 기기 소매업,47,경상북도,47290,경산시,47290510,중방동,4729011700,중방동,4729011700102770003,1,대지,277,3,경상북도 경산시 중방동 277-3,472904739667,경상북도 경산시 중앙로17길,75,,4729011700102770003000001,,경상북도 경산시 중앙로17길 75,712802,38624,,,,128.73403968719,35.8299357670329
MA010120220809593332,피페이경기남부총판,,G2,소매,G216,안경·정밀기기 소매,G21601,사무기기 소매업,G47821,사무용 기기 소매업,41,경기도,41220,평택시,41220590,신평동,4122011300,평택동,4122011300102910000,1,대지,291,,경기도 평택시 평택동 291,412203188083,경기도 평택시 중앙2로,13,,4122011300102910000013974,센텀스카이빌딩,경기도 평택시 중앙2로 13,450828,17909,,4,,127.088529627041,36.9919657706929
MA010120220809658660,태성디앤에스,,G2,소매,G216,안경·정밀기기 소매,G21601,사무기기 소매업,G47821,사무용 기기 소매업,41,경기도,41550,안성시,41550250,공도읍,4155025025,공도읍,4155025025102310032,1,대지,231,32,경기도 안성시 공도읍 용두리 231-32,415503208012,경기도 안성시 공도읍 기업단지로,16,,4155025025102310032023632,,경기도 안성시 공도읍 기업단지로 16,456821,17551,,1,,127.161842428667,36.9993133737329
MA010120220811067526,대경정보,,G2,소매,G216,안경·정밀기기 소매,G21601,사무기기 소매업,G47821,사무용 기기 소매업,48,경상남도,48880,거창군,48880250,거창읍,4888025021,거창읍,4888025021100810003,1,대지,81,3,경상남도 거창군 거창읍 상림리 81-3,488804841295,경상남도 거창군 거창읍 상동2길,17,,4888025021100810003012989,,경상남도 거창군 거창읍 상동2길 17,670807,50132,,,,127.907891221305,35.6861957022757
MA010120220811071332,원정보통신,,G2,소매,G216,안경·정밀기기 소매,G21601,사무기기 소매업,G47821,사무용 기기 소매업,48,경상남도,48880,거창군,48880250,거창읍,4888025023,거창읍,4888025023109800015,1,대지,980,15,경상남도 거창군 거창읍 대동리 980-15,488804841347,경상남도 거창군 거창읍 소만1길,55,16,4888025023109800015000001,,경상남도 거창군 거창읍 소만1길 55-16,670803,50135,,1,,127.920170511218,35.6944299520595
MA010120220811066449,제일종합사무기,,G2,소매,G216,안경·정밀기기 소매,G21601,사무기기 소매업,G47821,사무용 기기 소매업,48,경상남도,48880,거창군,48880250,거창읍,4888025021,거창읍,4888025021107830003,1,대지,783,3,경상남도 거창군 거창읍 상림리 783-3,488804841051,경상남도 거창군 거창읍 거열로4길,35,,4888025021107830003000001,,경상남도 거창군 거창읍 거열로4길 35,670807,50130,,1,,127.906622947584,35.6902878972822
MA010120220811077938,한일상사,,G2,소매,G216,안경·정밀기기 소매,G21601,사무기기 소매업,G47821,사무용 기기 소매업,48,경상남도,48890,합천군,48890250,합천읍,4889025021,합천읍,4889025021103840006,1,대지,384,6,경상남도 합천군 합천읍 합천리 384-6,488903348048,경상남도 합천군 합천읍 옥산로,102,,4889025021203840006000001,,경상남도 합천군 합천읍 옥산로 102,678801,50231,,,,128.16620016256,35.5678199636993
MA010120220811125883,드림시스템,,G2,소매,G216,안경·정밀기기 소매,G21601,사무기기 소매업,G47821,사무용 기기 소매업,31,울산광역시,31110,중구,31110510,학성동,3111010100,학성동,3111010100103790002,1,대지,379,2,울산광역시 중구 학성동 379-2,311104307437,울산광역시 중구 학성4길,63,,3111010100103790002019813,,울산광역시 중구 학성4길 63,681822,44517,,1,,129.331184400266,35.5583154266918
MA010120220811097603,롯데이지밴,,G2,소매,G216,안경·정밀기기 소매,G21601,사무기기 소매업,G47821,사무용 기기 소매업,48,경상남도,48170,진주시,48170740,가호동,4817013100,가좌동,4817013100104920013,1,대지,492,13,경상남도 진주시 가좌동 492-13,481704797337,경상남도 진주시 진주대로500번길,9,,4817013100104920013000001,가서빌딩,경상남도 진주시 진주대로500번길 9,660300,52827,,3,,128.105557742127,35.1515792673075
MA010120220811160934,가야정보시스템,,G2,소매,G216,안경·정밀기기 소매,G21601,사무기기 소매업,G47821,사무용 기기 소매업,48,경상남도,48170,진주시,48170678,하대동,4817012000,하대동,4817012000101210011,1,대지,121,11,경상남도 진주시 하대동 121-11,481704796214,경상남도 진주시 남강로1425번길,17,,4817012000101210011012105,,경상남도 진주시 남강로1425번길 17,660995,52778,,,,128.126743460881,35.1878236079813
MA010120220811161069,스카이정보시스템,,G2,소매,G216,안경·정밀기기 소매,G21601,사무기기 소매업,G47821,사무용 기기 소매업,48,경상남도,48170,진주시,48170678,하대동,4817012000,하대동,4817012000101210011,1,대지,121,11,경상남도 진주시 하대동 121-11,481704796214,경상남도 진주시 남강로1425번길,17,,4817012000101210011012105,,경상남도 진주시 남강로1425번길 17,660995,52778,,,,128.126743460881,35.1878236079813
MA010120220811150745,테크원시스템,,G2,소매,G216,안경·정밀기기 소매,G21601,사무기기 소매업,G47821,사무용 기기 소매업,48,경상남도,48170,진주시,48170710,평거동,4817012600,평거동,4817012600107600004,1,대지,760,4,경상남도 진주시 평거동 760-4,481704797580,경상남도 진주시 평거로48번길,10,,4817012600107600004212723,,경상남도 진주시 평거로48번길 10,660992,52699,,,,128.065982194333,35.1740159468158
MA010120220811163267,나이스정보통신(진,,G2,소매,G216,안경·정밀기기 소매,G21601,사무기기 소매업,G47821,사무용 기기 소매업,48,경상남도,48170,진주시,48170565,중앙동,4817011800,옥봉동,4817011800108250005,1,대지,825,5,경상남도 진주시 옥봉동 825-5,481703332056,경상남도 진주시 진양호로,623,,4817011800108250005007095,,경상남도 진주시 진양호로 623,660980,52760,,,,128.0924158446,35.1921489252678
MA010120220811154694,신영OA프라자,,G2,소매,G216,안경·정밀기기 소매,G21601,사무기기 소매업,G47821,사무용 기기 소매업,48,경상남도,48170,진주시,48170695,초장동,4817012200,초전동,4817012200113490021,1,대지,1349,21,경상남도 진주시 초전동 1349-21,481703332062,경상남도 진주시 초전북로,23,1,4817012200113490021001033,,경상남도 진주시 초전북로 23-1,660985,52736,,,,128.109539151765,35.2079642120925
MA010120220811163430,경남OA정보통신,신안점,G2,소매,G216,안경·정밀기기 소매,G21601,사무기기 소매업,G47821,사무용 기기 소매업,48,경상남도,48170,진주시,48170715,신안동,4817012500,신안동,4817012500104570008,1,대지,457,8,경상남도 진주시 신안동 457-8,481704797561,경상남도 진주시 평거로126번길,12,,4817012500104570008208824,,경상남도 진주시 평거로126번길 12,660908,52695,,1,,128.07030128138,35.1811071693717
MA010120220811150073,아주사무기,,G2,소매,G216,안경·정밀기기 소매,G21601,사무기기 소매업,G47821,사무용 기기 소매업,48,경상남도,48170,진주시,48170678,하대동,4817012000,하대동,4817012000101350008,1,대지,135,8,경상남도 진주시 하대동 135-8,481704796725,경상남도 진주시 상대로143번길,17,14,4817012000101350008012172,,경상남도 진주시 상대로143번길 17-14,660995,52779,,1,,128.126373032646,35.186439057308
MA010120220811156895,두리정보시스템,,G2,소매,G216,안경·정밀기기 소매,G21601,사무기기 소매업,G47821,사무용 기기 소매업,48,경상남도,48170,진주시,48170678,하대동,4817012000,하대동,4817012000101210011,1,대지,121,11,경상남도 진주시 하대동 121-11,481704796214,경상남도 진주시 남강로1425번길,17,,4817012000101210011012105,,경상남도 진주시 남강로1425번길 17,660995,52778,,,,128.126743460881,35.1878236079813
MA010120220811165674,신도OA남해프라자,,G2,소매,G216,안경·정밀기기 소매,G21601,사무기기 소매업,G47821,사무용 기기 소매업,48,경상남도,48840,남해군,48840250,남해읍,4884025021,남해읍,4884025021101450008,1,대지,145,8,경상남도 남해군 남해읍 북변리 145-8,488403343013,경상남도 남해군 남해읍 망운로,4,2,4884025021101450008061321,,경상남도 남해군 남해읍 망운로 4-2,668802,52420,,,,127.893562398943,34.8382807524404
MA010120220811207397,촉석정보시스템주,,G2,소매,G216,안경·정밀기기 소매,G21601,사무기기 소매업,G47821,사무용 기기 소매업,48,경상남도,48170,진주시,48170695,초장동,4817012200,초전동,4817012200112410004,1,대지,1241,4,경상남도 진주시 초전동 1241-4,481703332075,경상남도 진주시 대신로,642,4,4817012200112410004000001,,경상남도 진주시 대신로 642-4,660985,52638,,4,,128.111316649146,35.2167175047648
MA010120220811170961,신화정보통신,,G2,소매,G216,안경·정밀기기 소매,G21601,사무기기 소매업,G47821,사무용 기기 소매업,48,경상남도,48170,진주시,48170730,판문동,4817012600,평거동,4817012600107320003,1,대지,732,3,경상남도 진주시 평거동 732-3,481703332056,경상남도 진주시 진양호로,121,,4817012600107320003202466,,경상남도 진주시 진양호로 121,660991,52649,,,,128.052776556557,35.1680296066968
MA010120220811171653,동성사무기,,G2,소매,G216,안경·정밀기기 소매,G21601,사무기기 소매업,G47821,사무용 기기 소매업,48,경상남도,48170,진주시,48170678,하대동,4817012000,하대동,4817012000101210011,1,대지,121,11,경상남도 진주시 하대동 121-11,481704796214,경상남도 진주시 남강로1425번길,17,,4817012000101210011012105,,경상남도 진주시 남강로1425번길 17,660995,52778,,,,128.126743460881,35.1878236079813
MA010120220811171709,삼성정보통신,,G2,소매,G216,안경·정밀기기 소매,G21601,사무기기 소매업,G47821,사무용 기기 소매업,48,경상남도,48170,진주시,48170740,가호동,4817013100,가좌동,4817013100114360001,1,대지,1436,1,경상남도 진주시 가좌동 1436-1,481704796013,경상남도 진주시 가좌길74번길,4,,4817013100114360001409414,,경상남도 진주시 가좌길74번길 4,660300,52822,,1,,128.106022789737,35.1599931945441
MA010120220811195456,진주O.A시스템,,G2,소매,G216,안경·정밀기기 소매,G21601,사무기기 소매업,G47821,사무용 기기 소매업,48,경상남도,48170,진주시,48170515,천전동,4817010400,칠암동,4817010400104180009,1,대지,418,9,경상남도 진주시 칠암동 418-9,481702332003,경상남도 진주시 진주대로,894,14,4817010400104180009088328,,경상남도 진주시 진주대로 894-14,660987,52725,,,,128.091227142627,35.180433725898
MA010120220812733095,가람비앤에스,,G2,소매,G216,안경·정밀기기 소매,G21601,사무기기 소매업,G47821,사무용 기기 소매업,41,경기도,41570,김포시,41570515,김포본동,4157010200,걸포동,4157010200105820000,1,대지,582,,경기도 김포시 걸포동 582,415704427608,경기도 김포시 홍도평로138번길,20,,4157010200105820000019319,,경기도 김포시 홍도평로138번길 20,415020,10093,,1,,126.719689794757,37.6406896821865
MA010120220812751456,스피드OA,,G2,소매,G216,안경·정밀기기 소매,G21601,사무기기 소매업,G47821,사무용 기기 소매업,47,경상북도,47113,포항시 북구,47113655,죽도동,4711311600,죽도동,4711311600103320002,1,대지,332,2,경상북도 포항시 북구 죽도동 332-2,471133303028,경상북도 포항시 북구 양학천로,100,,4711311600103320002131818,,경상북도 포항시 북구 양학천로 100,791843,37781,,,,129.36066635372,36.0223623130309
MA010120220812668664,마루시스템,,G2,소매,G216,안경·정밀기기 소매,G21601,사무기기 소매업,G47821,사무용 기기 소매업,27,대구광역시,27230,북구,27230695,무태조야동,2723011400,동변동,2723011400102760001,1,대지,276,1,대구광역시 북구 동변동 276-1,272304235179,대구광역시 북구 동변로24길,14,3,2723011400102760001009089,,대구광역시 북구 동변로24길 14-3,702881,41412,,1,,128.600862733192,35.9223305851372
MA010120220812616489,초심시스템,,G2,소매,G216,안경·정밀기기 소매,G21601,사무기기 소매업,G47821,사무용 기기 소매업,28,인천광역시,28260,서구,28260680,검단동,2826011300,마전동,2826011300109180004,1,대지,918,4,인천광역시 서구 마전동 918-4,282604268536,인천광역시 서구 완정로178번길,40,,2826011300106900005029886,보성상가,인천광역시 서구 완정로178번길 40,404260,22618,,1,,126.659598891857,37.6049157398461
MA010120220812730213,모던전산,,G2,소매,G216,안경·정밀기기 소매,G21601,사무기기 소매업,G47821,사무용 기기 소매업,26,부산광역시,26230,부산진구,26230570,양정2동,2623010100,양정동,2623010100100880028,1,대지,88,28,부산광역시 부산진구 양정동 88-28,262304187547,부산광역시 부산진구 양연로16번길,28,,2623010100100880028036641,,부산광역시 부산진구 양연로16번길 28,614851,47218,,1,,129.077827278324,35.1738776990323
MA010120220812708201,명일과학,,G2,소매,G216,안경·정밀기기 소매,G21601,사무기기 소매업,G47821,사무용 기기 소매업,44,충청남도,44230,논산시,44230520,부창동,4423010400,부창동,4423010400102550039,1,대지,255,39,충청남도 논산시 부창동 255-39,442304565020,충청남도 논산시 강변로308번길,62,,4423010400102550039044428,,충청남도 논산시 강변로308번길 62,320080,32957,,,,127.080002554947,36.2007498985266
MA010120220812772706,한성오에이랜드5지점,,G2,소매,G216,안경·정밀기기 소매,G21601,사무기기 소매업,G47821,사무용 기기 소매업,41,경기도,41450,하남시,41450630,미사3동,4145011000,풍산동,4145011000104920000,1,대지,492,,경기도 하남시 풍산동 492,414502000007,경기도 하남시 조정대로,35,,4145011000102160011000001,하우스디엘타워,경기도 하남시 조정대로 35,465170,12918,,1,,127.183214730631,37.5501957427263
MA010120220812761148,한경아이시티,,G2,소매,G216,안경·정밀기기 소매,G21601,사무기기 소매업,G47821,사무용 기기 소매업,41,경기도,41281,고양시 덕양구,41281656,행신4동,4128112800,행신동,4128112800110930005,1,대지,1093,5,경기도 고양시 덕양구 행신동 1093-5,412813192105,경기도 고양시 덕양구 서정로,9,,4128112800110930005000001,일부해피콜,경기도 고양시 덕양구 서정로 9,412220,10490,,2,,126.851916522615,37.6163868946303
MA010120220809349169,현대사무기,,G2,소매,G216,안경·정밀기기 소매,G21601,사무기기 소매업,G47821,사무용 기기 소매업,47,경상북도,47250,상주시,47250520,남원동,4725010700,남성동,4725010700100510010,1,대지,51,10,경상북도 상주시 남성동 51-10,472503303047,경상북도 상주시 중앙로,143,,4725010700100510011094779,,경상북도 상주시 중앙로 143,742903,37185,,,,128.154056223777,36.4158641354618
MA010120220809351079,삼백사무기,,G2,소매,G216,안경·정밀기기 소매,G21601,사무기기 소매업,G47821,사무용 기기 소매업,47,경상북도,47250,상주시,47250530,북문동,4725010900,무양동,4725010900102850009,1,대지,285,9,경상북도 상주시 무양동 285-9,472502018003,경상북도 상주시 경상대로,3024,1,4725010900102850009093903,,경상북도 상주시 경상대로 3024-1,742906,37184,,,,128.15140766339,36.4169530237724
MA010120220809374171,경일,,G2,소매,G216,안경·정밀기기 소매,G21601,사무기기 소매업,G47821,사무용 기기 소매업,47,경상북도,47280,문경시,47280610,점촌5동,4728011000,모전동,4728011000106490000,1,대지,649,,경상북도 문경시 모전동 649,472803312007,경상북도 문경시 매봉로,97,6,4728011000106490000000001,,경상북도 문경시 매봉로 97-6,745883,36975,,,,128.183386357465,36.5916521829288
MA010120220809348877,한국카드포스,,G2,소매,G216,안경·정밀기기 소매,G21601,사무기기 소매업,G47821,사무용 기기 소매업,47,경상북도,47250,상주시,47250520,남원동,4725010700,남성동,4725010700100060010,1,대지,6,10,경상북도 상주시 남성동 6-10,472503311009,경상북도 상주시 남성로,81,6,4725010700100060010092239,,경상북도 상주시 남성로 81-6,742903,37196,,,,128.160514661264,36.415323944554
MA010120220809354481,첨단오에이정보,,G2,소매,G216,안경·정밀기기 소매,G21601,사무기기 소매업,G47821,사무용 기기 소매업,47,경상북도,47280,문경시,47280570,점촌1동,4728010100,점촌동,4728010100103590016,1,대지,359,16,경상북도 문경시 점촌동 359-16,472803312031,경상북도 문경시 호서로,46,1,4728010100103590016029049,,경상북도 문경시 호서로 46-1,745888,36969,,,,128.200558818876,36.5987071383646
MA010120220809358390,신도리코문경사무기,,G2,소매,G216,안경·정밀기기 소매,G21601,사무기기 소매업,G47821,사무용 기기 소매업,47,경상북도,47280,문경시,47280610,점촌5동,4728011000,모전동,4728011000102820001,1,대지,282,1,경상북도 문경시 모전동 282-1,472803018044,경상북도 문경시 모전로,99,,4728011000102820001000002,,경상북도 문경시 모전로 99,745882,36980,,,,128.189526805038,36.5898429413008
MA010120220809387999,스타포스경북,북부점,G2,소매,G216,안경·정밀기기 소매,G21601,사무기기 소매업,G47821,사무용 기기 소매업,47,경상북도,47210,영주시,47210560,영주2동,4721010100,영주동,4721010100105360006,1,대지,536,6,경상북도 영주시 영주동 536-6,472103309008,경상북도 영주시 구성로,323,,4721010100105360007008747,,경상북도 영주시 구성로 323,750909,36100,,2,,128.625106590026,36.8211907282872
MA010120220809395404,예천사무기,,G2,소매,G216,안경·정밀기기 소매,G21601,사무기기 소매업,G47821,사무용 기기 소매업,47,경상북도,47900,예천군,47900250,예천읍,4790025021,예천읍,4790025021100710002,1,대지,71,2,경상북도 예천군 예천읍 노하리 71-2,479003323029,경상북도 예천군 예천읍 효자로,90,,4790025021100710002042508,,경상북도 예천군 예천읍 효자로 90,757805,36828,,,,128.453659363988,36.6567456523677
MA010120220809380844,제일종합사무기,,G2,소매,G216,안경·정밀기기 소매,G21601,사무기기 소매업,G47821,사무용 기기 소매업,47,경상북도,47900,예천군,47900250,예천읍,4790025023,예천읍,4790025023101220004,1,대지,122,4,경상북도 예천군 예천읍 백전리 122-4,479003323024,경상북도 예천군 예천읍 시장로,143,,4790025023101220004043049,,경상북도 예천군 예천읍 시장로 143,757804,36820,,,,128.459400802622,36.6581621618034
MA010120220809411318,디지털프린팅시스템,,G2,소매,G216,안경·정밀기기 소매,G21601,사무기기 소매업,G47821,사무용 기기 소매업,47,경상북도,47190,구미시,47190700,공단동,4719011300,공단동,4719011300101930008,1,대지,193,8,경상북도 구미시 공단동 193-8,471902308005,경상북도 구미시 수출대로,152,,4719011300101930008000004,지식산업센터,경상북도 구미시 수출대로 152,730903,39367,,,,128.381035252214,36.1104996147797
MA010120220809390489,OA마트,,G2,소매,G216,안경·정밀기기 소매,G21601,사무기기 소매업,G47821,사무용 기기 소매업,47,경상북도,47920,봉화군,47920250,봉화읍,4792025031,봉화읍,4792025031102160001,1,대지,216,1,경상북도 봉화군 봉화읍 내성리 216-1,479204772070,경상북도 봉화군 봉화읍 내성로4길,6,36,4792025031102160001000001,KT봉화빌딩,경상북도 봉화군 봉화읍 내성로4길 6-36,755805,36238,,1,,128.741751607458,36.8880319403695
MA010120220809387066,한국정보통신뱅크포스，나이스，케에스넷,,G2,소매,G216,안경·정밀기기 소매,G21601,사무기기 소매업,G47821,사무용 기기 소매업,47,경상북도,47210,영주시,47210620,가흥1동,4721010500,가흥동,4721010500118350004,1,대지,1835,4,경상북도 영주시 가흥동 1835-4,472104727712,경상북도 영주시 대동로34번길,23,9,4721010500118350004000001,,경상북도 영주시 대동로34번길 23-9,750021,36135,,1,,128.607389087803,36.8137279791063
MA010120220809382896,한국O.ASYSTEM,,G2,소매,G216,안경·정밀기기 소매,G21601,사무기기 소매업,G47821,사무용 기기 소매업,47,경상북도,47210,영주시,47210600,휴천2동,4721010400,휴천동,4721010400106420534,1,대지,642,534,경상북도 영주시 휴천동 642-534,472103309076,경상북도 영주시 대학로,60,1,4721010400106420534014274,,경상북도 영주시 대학로 60-1,750052,36125,,,,128.617835143275,36.8085045990343
MA010120220809379848,미래통신,,G2,소매,G216,안경·정밀기기 소매,G21601,사무기기 소매업,G47821,사무용 기기 소매업,47,경상북도,47210,영주시,47210620,가흥1동,4721010500,가흥동,4721010500114580043,1,대지,1458,43,경상북도 영주시 가흥동 1458-43,472103309017,경상북도 영주시 대동로,137,,4721010500114580043011795,,경상북도 영주시 대동로 137,750901,36110,,,,128.617702038998,36.8144260383131
MA010120220809433594,에어포스,,G2,소매,G216,안경·정밀기기 소매,G21601,사무기기 소매업,G47821,사무용 기기 소매업,47,경상북도,47190,구미시,47190645,상모사곡동,4719011500,사곡동,4719011500106570005,1,대지,657,5,경상북도 구미시 사곡동 657-5,471904724430,경상북도 구미시 상사동로28길,20,,4719011500106570005044564,,경상북도 구미시 상사동로28길 20,730110,39328,,4,,128.36124426357,36.1007865809862
MA010120220809447261,드림OA시스템,,G2,소매,G216,안경·정밀기기 소매,G21601,사무기기 소매업,G47821,사무용 기기 소매업,47,경상북도,47190,구미시,47190253,고아읍,4719025338,고아읍,4719025338107060042,1,대지,706,42,경상북도 구미시 고아읍 예강리 706-42,471904724631,경상북도 구미시 고아읍 예강1길,22,,4719025338107060042020650,,경상북도 구미시 고아읍 예강1길 22,730815,39143,,,,128.337305038742,36.1990186768938
MA010120220809425843,황보정보통신,,G2,소매,G216,안경·정밀기기 소매,G21601,사무기기 소매업,G47821,사무용 기기 소매업,47,경상북도,47250,상주시,47250570,신흥동,4725011200,신봉동,4725011200102640013,1,대지,264,13,경상북도 상주시 신봉동 264-13,472503311032,경상북도 상주시 상산로,107,1,4725011200102640013081903,,경상북도 상주시 상산로 107-1,742130,37221,,,,128.159372376179,36.4007279319696
MA010120220809448332,한국결제시스템,,G2,소매,G216,안경·정밀기기 소매,G21601,사무기기 소매업,G47821,사무용 기기 소매업,47,경상북도,47190,구미시,47190600,신평2동,4719011100,신평동,4719011100100700023,1,대지,70,23,경상북도 구미시 신평동 70-23,471904724571,경상북도 구미시 신비로3길,37,13,4719011100100700023031030,,경상북도 구미시 신비로3길 37-13,730826,39251,,2,,128.363330588708,36.1257694403349
MA010120220809414333,동아사무기,,G2,소매,G216,안경·정밀기기 소매,G21601,사무기기 소매업,G47821,사무용 기기 소매업,47,경상북도,47190,구미시,47190253,고아읍,4719025332,고아읍,4719025332113170000,1,대지,1317,,경상북도 구미시 고아읍 문성리 1317,471904724226,경상북도 구미시 고아읍 들성로11길,6,67,4719025332113170000000001,,경상북도 구미시 고아읍 들성로11길 6-67,730814,39146,,,,128.349555131833,36.1626196838143
MA010120220809418731,이지밴,,G2,소매,G216,안경·정밀기기 소매,G21601,사무기기 소매업,G47821,사무용 기기 소매업,47,경상북도,47150,김천시,47150565,양금동,4715010700,황금동,4715010700100970004,1,대지,97,4,경상북도 김천시 황금동 97-4,471504718013,경상북도 김천시 가산길,26,1,4715010700100970004026583,,경상북도 김천시 가산길 26-1,740070,39617,,,,128.125000692269,36.1147998494899
MA010120220809424676,신도리코，유성OA시스템,,G2,소매,G216,안경·정밀기기 소매,G21601,사무기기 소매업,G47821,사무용 기기 소매업,47,경상북도,47190,구미시,47190590,신평1동,4719011100,신평동,4719011100103130009,1,대지,313,9,경상북도 구미시 신평동 313-9,471904724055,경상북도 구미시 구미대로24길,15,6,4719011100103130009030157,,경상북도 구미시 구미대로24길 15-6,730917,39254,,1,,128.365245570622,36.1151232227171
MA010120220809454763,제일사무기,,G2,소매,G216,안경·정밀기기 소매,G21601,사무기기 소매업,G47821,사무용 기기 소매업,47,경상북도,47190,구미시,47190535,원평동,4719010100,원평동,4719010100101400000,1,대지,140,,경상북도 구미시 원평동 140,471904724065,경상북도 구미시 구미중앙로15길,9,,4719010100101400000015031,,경상북도 구미시 구미중앙로15길 9,730922,39220,,,,128.333159944586,36.128920628137
MA010120220809494937,티페이대구경북센터,,G2,소매,G216,안경·정밀기기 소매,G21601,사무기기 소매업,G47821,사무용 기기 소매업,27,대구광역시,27230,북구,27230695,무태조야동,2723011400,동변동,2723011400106900014,1,대지,690,14,대구광역시 북구 동변동 690-14,272304235173,대구광역시 북구 동변로14길,11,,2723011400106900014006458,성광빌리지,대구광역시 북구 동변로14길 11,702882,41413,,1,,128.604964608978,35.91972559833
MA010120220809491201,나이스태광,,G2,소매,G216,안경·정밀기기 소매,G21601,사무기기 소매업,G47821,사무용 기기 소매업,27,대구광역시,27230,북구,27230610,산격1동,2723011100,산격동,2723011100110260000,1,대지,1026,,대구광역시 북구 산격동 1026,272304235267,대구광역시 북구 연암로12길,3,,2723011100110260000033738,,대구광역시 북구 연암로12길 3,702838,41541,,1,,128.597128863479,35.8914532843923
MA010120220809493586,프린터카피,,G2,소매,G216,안경·정밀기기 소매,G21601,사무기기 소매업,G47821,사무용 기기 소매업,27,대구광역시,27200,남구,27200586,대명3동,2720010300,대명동,2720010300121490008,1,대지,2149,8,대구광역시 남구 대명동 2149-8,272004232351,대구광역시 남구 현충로39길,20,,2720010300121490008013497,,대구광역시 남구 현충로39길 20,705816,42455,,,,128.580060904861,35.8506409558201
MA010120220809456420,조은OA시스템,,G2,소매,G216,안경·정밀기기 소매,G21601,사무기기 소매업,G47821,사무용 기기 소매업,47,경상북도,47190,구미시,47190253,고아읍,4719025332,고아읍,4719025332111640000,1,대지,1164,,경상북도 구미시 고아읍 문성리 1164,471904724231,경상북도 구미시 고아읍 들성로7길,10,61,4719025332111640000000001,,경상북도 구미시 고아읍 들성로7길 10-61,730814,39146,,,,128.344992654163,36.1622565063428
MA010120220809487602,올컴,,G2,소매,G216,안경·정밀기기 소매,G21601,사무기기 소매업,G47821,사무용 기기 소매업,27,대구광역시,27170,서구,27170525,내당2.3동,2717010100,내당동,2717010100109040022,1,대지,904,22,대구광역시 서구 내당동 904-22,271704229080,대구광역시 서구 달구벌대로377길,24,,2717010100109040022006231,,대구광역시 서구 달구벌대로377길 24,703806,41870,,,,128.569424887617,35.8641714397171
MA010120220809481720,스마일OA시스템,,G2,소매,G216,안경·정밀기기 소매,G21601,사무기기 소매업,G47821,사무용 기기 소매업,27,대구광역시,27290,달서구,27290572,용산2동,2729011100,용산동,2729011100104550002,1,대지,455,2,대구광역시 달서구 용산동 455-2,272904241348,대구광역시 달서구 성지로14안길,22,,2729011100104550002002875,,대구광역시 달서구 성지로14안길 22,704933,42617,,,,128.52219457664,35.8565066747517
MA010120220810915667,창원O/A시스템,,G2,소매,G216,안경·정밀기기 소매,G21601,사무기기 소매업,G47821,사무용 기기 소매업,48,경상남도,48121,창원시 의창구,48121530,명곡동,4812112400,명서동,4812112400100750016,1,대지,75,16,경상남도 창원시 의창구 명서동 75-16,481214781183,경상남도 창원시 의창구 명서로116번길,20,,4812112400100750016006057,명곡종합상가,경상남도 창원시 의창구 명서로116번길 20,641813,51174,,4,,128.646224029968,35.2484852664475
MA010120220810920732,영진종합사무기,,G2,소매,G216,안경·정밀기기 소매,G21601,사무기기 소매업,G47821,사무용 기기 소매업,48,경상남도,48121,창원시 의창구,48121530,명곡동,4812112400,명서동,4812112400100990013,1,대지,99,13,경상남도 창원시 의창구 명서동 99-13,481214781452,경상남도 창원시 의창구 원이대로200번길,24,,4812112400100990013015264,,경상남도 창원시 의창구 원이대로200번길 24,641814,51384,,,,128.641415113934,35.2448195431239
MA010120220810903190,삼원테크,,G2,소매,G216,안경·정밀기기 소매,G21601,사무기기 소매업,G47821,사무용 기기 소매업,48,경상남도,48123,창원시 성산구,48123520,중앙동,4812312500,중앙동,4812312500100190003,1,대지,19,3,경상남도 창원시 성산구 중앙동 19-3,481234784180,경상남도 창원시 성산구 외동반림로126번길,24,,4812312500100190003001774,,경상남도 창원시 성산구 외동반림로126번길 24,642843,51517,,,,128.673735546511,35.2288217329264
MA010120220810911547,조은사무기,,G2,소매,G216,안경·정밀기기 소매,G21601,사무기기 소매업,G47821,사무용 기기 소매업,48,경상남도,48123,창원시 성산구,48123540,사파동,4812313000,사파동,4812313000101250007,1,대지,125,7,경상남도 창원시 성산구 사파동 125-7,481234784067,경상남도 창원시 성산구 동산로220번길,9,,4812313000101250007031544,,경상남도 창원시 성산구 동산로220번길 9,642827,51447,,,,128.697910643051,35.2256911921199
MA010120220810914056,세이퍼컴퓨터,,G2,소매,G216,안경·정밀기기 소매,G21601,사무기기 소매업,G47821,사무용 기기 소매업,48,경상남도,48129,창원시 진해구,48129590,이동,4812914100,이동,4812914100106340011,1,대지,634,11,경상남도 창원시 진해구 이동 634-11,481294793380,경상남도 창원시 진해구 이동로40번길,22,,4812914100106340011018692,,경상남도 창원시 진해구 이동로40번길 22,645808,51655,,1,,128.697643738361,35.1490190065987
MA010120220810925075,한솔오피스,,G2,소매,G216,안경·정밀기기 소매,G21601,사무기기 소매업,G47821,사무용 기기 소매업,48,경상남도,48123,창원시 성산구,48123520,중앙동,4812312500,중앙동,4812312500100140018,1,대지,14,18,경상남도 창원시 성산구 중앙동 14-18,481234784181,경상남도 창원시 성산구 외동반림로130번길,1,,4812312500100140018002223,,경상남도 창원시 성산구 외동반림로130번길 1,642843,51512,,,,128.672556751899,35.2302529455633
MA010120220810904031,진성정보통신,,G2,소매,G216,안경·정밀기기 소매,G21601,사무기기 소매업,G47821,사무용 기기 소매업,48,경상남도,48125,창원시 마산합포구,48125630,오동동,4812510400,남성동,4812510400102500003,1,대지,250,3,경상남도 창원시 마산합포구 남성동 250-3,481254787400,경상남도 창원시 마산합포구 수산2길,210,,4812510400102500003033856,용산빌딩,경상남도 창원시 마산합포구 수산2길 210,631860,51713,,5,,128.578620603143,35.2022786924029
MA010120220810933937,이안OA,,G2,소매,G216,안경·정밀기기 소매,G21601,사무기기 소매업,G47821,사무용 기기 소매업,48,경상남도,48129,창원시 진해구,48129530,충무동,4812910800,충의동,4812910800100290004,1,대지,29,4,경상남도 창원시 진해구 충의동 29-4,481294793435,경상남도 창원시 진해구 중원동로10번길,17,,4812910800100290004001851,,경상남도 창원시 진해구 중원동로10번길 17,645230,51703,,,,128.662664163012,35.1453044308779
MA010120220810935204,창원오피스,,G2,소매,G216,안경·정밀기기 소매,G21601,사무기기 소매업,G47821,사무용 기기 소매업,48,경상남도,48121,창원시 의창구,48121520,팔룡동,4812112900,팔용동,4812112900101200001,1,대지,120,1,경상남도 창원시 의창구 팔용동 120-1,481214781775,경상남도 창원시 의창구 팔용로451번길,11,,4812112900101200001018892,,경상남도 창원시 의창구 팔용로451번길 11,641849,51374,,1,,128.612693512422,35.2573182462886
MA010120220810968254,인프로통신,,G2,소매,G216,안경·정밀기기 소매,G21601,사무기기 소매업,G47821,사무용 기기 소매업,48,경상남도,48121,창원시 의창구,48121530,명곡동,4812112400,명서동,4812112400101040001,1,대지,104,1,경상남도 창원시 의창구 명서동 104-1,481214781463,경상남도 창원시 의창구 원이대로240번길,31,,4812112400101040001020968,서창원분국,경상남도 창원시 의창구 원이대로240번길 31,641814,51386,,4,,128.645244405204,35.2413248659679
MA010120220810968295,대성사무기상사,,G2,소매,G216,안경·정밀기기 소매,G21601,사무기기 소매업,G47821,사무용 기기 소매업,48,경상남도,48123,창원시 성산구,48123510,반송동,4812312400,반지동,4812312400100840002,1,대지,84,2,경상남도 창원시 성산구 반지동 84-2,481233328016,경상남도 창원시 성산구 반지로,28,1,4812312400100840002008849,,경상남도 창원시 성산구 반지로 28-1,642820,51420,,,,128.661055101099,35.2409376213311
MA010120220810941516,승호정보시스템,,G2,소매,G216,안경·정밀기기 소매,G21601,사무기기 소매업,G47821,사무용 기기 소매업,48,경상남도,48129,창원시 진해구,48129560,경화동,4812913900,경화동,4812913900111760028,1,대지,1176,28,경상남도 창원시 진해구 경화동 1176-28,481293331067,경상남도 창원시 진해구 충장로,289,,4812913900111760028014579,,경상남도 창원시 진해구 충장로 289,645802,51667,,1,,128.68363613833,35.153495341413
MA010120220810946810,신도창원OA,,G2,소매,G216,안경·정밀기기 소매,G21601,사무기기 소매업,G47821,사무용 기기 소매업,48,경상남도,48121,창원시 의창구,48121520,팔룡동,4812112900,팔용동,4812112900101070008,1,대지,107,8,경상남도 창원시 의창구 팔용동 107-8,481214781316,경상남도 창원시 의창구 사화로48번길,36,,4812112900101070008013313,,경상남도 창원시 의창구 사화로48번길 36,641849,51377,,,,128.609990101121,35.2528481254241
MA010120220810936296,뱅크포스시스템,,G2,소매,G216,안경·정밀기기 소매,G21601,사무기기 소매업,G47821,사무용 기기 소매업,48,경상남도,48121,창원시 의창구,48121520,팔룡동,4812112900,팔용동,4812112900101740002,1,대지,174,2,경상남도 창원시 의창구 팔용동 174-2,481214781519,경상남도 창원시 의창구 의창대로116번길,21,10,4812112900101740002018212,,경상남도 창원시 의창구 의창대로116번길 21-10,641851,51368,,,,128.613543248408,35.2597221981154
MA010120220811014174,태광OA,,G2,소매,G216,안경·정밀기기 소매,G21601,사무기기 소매업,G47821,사무용 기기 소매업,31,울산광역시,31140,남구,31140570,삼산동,3114010500,달동,3114010500112750007,1,대지,1275,7,울산광역시 남구 달동 1275-7,311404310282,울산광역시 남구 번영로104번길,18,,3114010500112750007008118,,울산광역시 남구 번영로104번길 18,680804,44721,,,,129.331689223909,35.5350133085927
MA010120220810973028,삼성프린팅솔루션,,G2,소매,G216,안경·정밀기기 소매,G21601,사무기기 소매업,G47821,사무용 기기 소매업,48,경상남도,48121,창원시 의창구,48121520,팔룡동,4812112900,팔용동,4812112900101070008,1,대지,107,8,경상남도 창원시 의창구 팔용동 107-8,481214781316,경상남도 창원시 의창구 사화로48번길,36,,4812112900101070008013313,,경상남도 창원시 의창구 사화로48번길 36,641849,51377,,,,128.609990101121,35.2528481254241
MA010120220810991805,보광사,,G2,소매,G216,안경·정밀기기 소매,G21601,사무기기 소매업,G47821,사무용 기기 소매업,31,울산광역시,31140,남구,31140570,삼산동,3114010600,삼산동,3114010600116490005,1,대지,1649,5,울산광역시 남구 삼산동 1649-5,311404310381,울산광역시 남구 산업로625번길,12,,3114010600116490005000001,,울산광역시 남구 산업로625번길 12,680855,44716,,,,129.350321762002,35.5373726273276
MA010120220810992222,스피드OA,,G2,소매,G216,안경·정밀기기 소매,G21601,사무기기 소매업,G47821,사무용 기기 소매업,31,울산광역시,31140,남구,31140530,신정3동,3114010400,신정동,3114010400104690018,1,대지,469,18,울산광역시 남구 신정동 469-18,311404310831,울산광역시 남구 팔등로67번길,29,,3114010400104690018009598,,울산광역시 남구 팔등로67번길 29,680824,44679,,,,129.312671002024,35.5479765518749
MA010120220811009368,이엑스컴퍼니,,G2,소매,G216,안경·정밀기기 소매,G21601,사무기기 소매업,G47821,사무용 기기 소매업,31,울산광역시,31110,중구,31110650,성안동,3111010900,성안동,3111010900103720002,1,대지,372,2,울산광역시 중구 성안동 372-2,311104307483,울산광역시 중구 함월23길,16,,3111010900103720002000001,,울산광역시 중구 함월23길 16,681300,44416,,,,129.318645183895,35.580444044025
MA010120220810998056,OA정보,,G2,소매,G216,안경·정밀기기 소매,G21601,사무기기 소매업,G47821,사무용 기기 소매업,31,울산광역시,31140,남구,31140570,삼산동,3114010600,삼산동,3114010600115910004,1,대지,1591,4,울산광역시 남구 삼산동 1591-4,311403170001,울산광역시 남구 갈밭로,24,,3114010600115910004005877,울산산업공구월드,울산광역시 남구 갈밭로 24,680815,44717,,2,,129.342635980933,35.5357832094548
MA010120220811009575,두현정보통신,,G2,소매,G216,안경·정밀기기 소매,G21601,사무기기 소매업,G47821,사무용 기기 소매업,31,울산광역시,31140,남구,31140560,달동,3114010500,달동,3114010500108810013,1,대지,881,13,울산광역시 남구 달동 881-13,311404310440,울산광역시 남구 삼산로67번길,17,1,3114010500108810013012794,,울산광역시 남구 삼산로67번길 17-1,680802,44691,,,,129.314285294122,35.5358623190965
MA010120220811004442,신우종합사무기,,G2,소매,G216,안경·정밀기기 소매,G21601,사무기기 소매업,G47821,사무용 기기 소매업,31,울산광역시,31140,남구,31140530,신정3동,3114010400,신정동,3114010400104970010,1,대지,497,10,울산광역시 남구 신정동 497-10,311404310729,울산광역시 남구 월평로69번길,17,,3114010400104970010009444,,울산광역시 남구 월평로69번길 17,680824,44683,,,,129.312473573211,35.5437904011011
MA010120220811017053,잉크몬스터울산지사,,G2,소매,G216,안경·정밀기기 소매,G21601,사무기기 소매업,G47821,사무용 기기 소매업,31,울산광역시,31110,중구,31110530,반구2동,3111011800,반구동,3111011800100480012,1,대지,48,12,울산광역시 중구 반구동 48-12,311103169004,울산광역시 중구 구교로,197,,3111011800100480012015780,,울산광역시 중구 구교로 197,681804,44508,,,,129.341329192953,35.5621104177525
MA010120220811017395,스피드정보,,G2,소매,G216,안경·정밀기기 소매,G21601,사무기기 소매업,G47821,사무용 기기 소매업,31,울산광역시,31140,남구,31140560,달동,3114010500,달동,3114010500105770018,1,대지,577,18,울산광역시 남구 달동 577-18,311404310616,울산광역시 남구 신정로78번길,44,1,3114010500105770018012218,,울산광역시 남구 신정로78번길 44-1,680801,44695,,,,129.325443785974,35.5397654095928
MA010120220811019571,아주시스텍,,G2,소매,G216,안경·정밀기기 소매,G21601,사무기기 소매업,G47821,사무용 기기 소매업,31,울산광역시,31710,울주군,31710259,범서읍,3171025927,범서읍,3171025927107140004,1,대지,714,4,울산광역시 울주군 범서읍 구영리 714-4,317104319917,울산광역시 울주군 범서읍 점촌1길,2,6,3171025927107140004000167,,울산광역시 울주군 범서읍 점촌1길 2-6,689852,44924,,,,129.240095711776,35.5770914263347
MA010120220811015988,신용카드단말기,,G2,소매,G216,안경·정밀기기 소매,G21601,사무기기 소매업,G47821,사무용 기기 소매업,31,울산광역시,31140,남구,31140670,야음장생포동,3114010800,야음동,3114010800104450016,1,대지,445,16,울산광역시 남구 야음동 445-16,311404310654,울산광역시 남구 여천로5번길,10,,3114010800104450016004478,,울산광역시 남구 여천로5번길 10,680834,44761,,,,129.334076490663,35.5234335407935
MA010120220811042301,더원OA,,G2,소매,G216,안경·정밀기기 소매,G21601,사무기기 소매업,G47821,사무용 기기 소매업,11,서울특별시,11545,금천구,11545510,가산동,1154510100,가산동,1154510100102190005,1,대지,219,5,서울특별시 금천구 가산동 219-5,115454151192,서울특별시 금천구 디지털로10길,78,,1154510100102190005016815,가산테라타워,서울특별시 금천구 디지털로10길 78,153801,08517,,14,,126.889729831702,37.4745390065155
MA010120220812441730,키마라,,G2,소매,G216,안경·정밀기기 소매,G21601,사무기기 소매업,G47821,사무용 기기 소매업,31,울산광역시,31140,남구,31140585,삼호동,3114010100,무거동,3114010100112380010,1,대지,1238,10,울산광역시 남구 무거동 1238-10,311403170007,울산광역시 남구 남산로,104,,3114010100112380010036697,,울산광역시 남구 남산로 104,680811,44626,,,,129.281121819612,35.5493437254791
MA010120220812460730,신도네트워크,,G2,소매,G216,안경·정밀기기 소매,G21601,사무기기 소매업,G47821,사무용 기기 소매업,11,서울특별시,11680,강남구,11680690,개포4동,1168010300,개포동,1168010300111670005,1,대지,1167,5,서울특별시 강남구 개포동 1167-5,116804166179,서울특별시 강남구 논현로4길,34,,1168010300101670005021122,,서울특별시 강남구 논현로4길 34,135961,06314,,1,,127.052749047486,37.4735965849005
MA010120220812436633,국가대표사무기기,,G2,소매,G216,안경·정밀기기 소매,G21601,사무기기 소매업,G47821,사무용 기기 소매업,41,경기도,41450,하남시,41450510,천현동,4145010200,하산곡동,4145010200102470001,1,대지,247,1,경기도 하남시 하산곡동 247-1,414504406105,경기도 하남시 산곡동로106번길,19,,4145010200102470001001754,,경기도 하남시 산곡동로106번길 19,465816,13025,,,,127.226951853747,37.5124489887961
MA010120220812503375,청주정보통신,,G2,소매,G216,안경·정밀기기 소매,G21601,사무기기 소매업,G47821,사무용 기기 소매업,43,충청북도,43113,청주시 흥덕구,43113751,봉명1동,4311311500,봉명동,4311311500110540000,1,대지,1054,,충청북도 청주시 흥덕구 봉명동 1054,431133237064,충청북도 청주시 흥덕구 예체로,155,1,4311311500110540000003901,,충청북도 청주시 흥덕구 예체로 155-1,361818,28560,,,,127.46874852534,36.6401932507571
MA010120220812493174,제이티정보,,G2,소매,G216,안경·정밀기기 소매,G21601,사무기기 소매업,G47821,사무용 기기 소매업,47,경상북도,47130,경주시,47130621,황성동,4713012400,황성동,4713012400112050000,1,대지,1205,,경상북도 경주시 황성동 1205,471304730213,경상북도 경주시 현진앞2길,29,,4713012400108100000000001,,경상북도 경주시 현진앞2길 29,780130,38069,,,,129.221419724944,35.8832740325736
MA010120220812538062,신도스마트사무기,,G2,소매,G216,안경·정밀기기 소매,G21601,사무기기 소매업,G47821,사무용 기기 소매업,11,서울특별시,11200,성동구,11200660,성수1가2동,1120011400,성수동1가,1120011400106560439,1,대지,656,439,서울특별시 성동구 성수동1가 656-439,112004109415,서울특별시 성동구 왕십리로10길,6,,1120011400106560439008214,,서울특별시 성동구 왕십리로10길 6,133823,04778,,,,127.045309309561,37.5466891569932
MA010120220812517035,바른정보통신,,G2,소매,G216,안경·정밀기기 소매,G21601,사무기기 소매업,G47821,사무용 기기 소매업,30,대전광역시,30200,유성구,30200540,온천2동,3020011700,장대동,3020011700103410004,1,대지,341,4,대전광역시 유성구 장대동 341-4,302002167001,대전광역시 유성구 유성대로,798,1,3020011700103410004011064,메디칼벤처센터,대전광역시 유성구 유성대로 798-1,305308,34166,,5,,127.337698474379,36.3631086106124
MA010120220812561812,뉴정보통신,,G2,소매,G216,안경·정밀기기 소매,G21601,사무기기 소매업,G47821,사무용 기기 소매업,28,인천광역시,28200,남동구,28200700,논현2동,2820011000,논현동,2820011000105590012,1,대지,559,12,인천광역시 남동구 논현동 559-12,282004259233,인천광역시 남동구 논곡로85번길,5,7,2820011000105590012008138,,인천광역시 남동구 논곡로85번길 5-7,405850,21636,,1,,126.71304591095,37.4144238595664
MA010120220812592001,소망과학,,G2,소매,G216,안경·정밀기기 소매,G21601,사무기기 소매업,G47821,사무용 기기 소매업,28,인천광역시,28237,부평구,28237670,일신동,2823710800,일신동,2823710800104100000,1,대지,410,,인천광역시 부평구 일신동 410,282374262059,인천광역시 부평구 경인로1118번길,67,,2823710800104100000200657,일신주공,인천광역시 부평구 경인로1118번길 67,403764,21422,,,,126.74238684149,37.4821483972584
MA010120220812575681,중앙오에이사무기,,G2,소매,G216,안경·정밀기기 소매,G21601,사무기기 소매업,G47821,사무용 기기 소매업,41,경기도,41220,평택시,41220630,비전2동,4122011800,비전동,4122011800108380009,1,대지,838,9,경기도 평택시 비전동 838-9,412204364186,경기도 평택시 무지개공원4길,8,,4122011800108380009019238,,경기도 평택시 무지개공원4길 8,450810,17900,,2,,127.111413227515,36.9929106579753
MA010120220812597709,삼주메타,,G2,소매,G216,안경·정밀기기 소매,G21601,사무기기 소매업,G47821,사무용 기기 소매업,30,대전광역시,30170,서구,30170593,도안동,3017011500,도안동,3017011500108750000,1,대지,875,,대전광역시 서구 도안동 875,301703166057,대전광역시 서구 도안북로,95,,3017011500108750000000001,도안시티타워,대전광역시 서구 도안북로 95,302318,35350,,2,,127.33911640437,36.3303738555627
MA010120220809200518,TG정보통신,,G2,소매,G216,안경·정밀기기 소매,G21601,사무기기 소매업,G47821,사무용 기기 소매업,47,경상북도,47940,울릉군,47940250,울릉읍,4794025024,울릉읍,4794025024101350001,1,대지,135,1,경상북도 울릉군 울릉읍 도동리 135-1,479404778021,경상북도 울릉군 울릉읍 도동길,79,,4794025024101370002002864,,경상북도 울릉군 울릉읍 도동길 79,799801,40227,,2,,130.907140358559,37.4834308255621
MA010120220809225241,양지오에이,,G2,소매,G216,안경·정밀기기 소매,G21601,사무기기 소매업,G47821,사무용 기기 소매업,47,경상북도,47930,울진군,47930250,울진읍,4793025021,울진읍,4793025021101840085,1,대지,184,85,경상북도 울진군 울진읍 읍내리 184-85,479303305004,경상북도 울진군 울진읍 강변로,67,,4793025021101840085025369,,경상북도 울진군 울진읍 강변로 67,767801,36326,,,,129.400909293448,36.9879845506004
MA010120220809203656,신도네트,포항중앙점,G2,소매,G216,안경·정밀기기 소매,G21601,사무기기 소매업,G47821,사무용 기기 소매업,47,경상북도,47111,포항시 남구,47111545,해도동,4711110300,해도동,4711110300100770003,1,대지,77,3,경상북도 포항시 남구 해도동 77-3,471113303007,경상북도 포항시 남구 대해로,143,,4711110300100770003131627,,경상북도 포항시 남구 대해로 143,790862,37815,,,,129.366688370831,36.0186395910915
MA010120220809248491,현소프트뱅크,,G2,소매,G216,안경·정밀기기 소매,G21601,사무기기 소매업,G47821,사무용 기기 소매업,47,경상북도,47170,안동시,47170520,명륜동,4717010500,신안동,4717010500102970000,1,대지,297,,경상북도 안동시 신안동 297,471703307012,경상북도 안동시 단원로,251,,4717010500102970000018130,,경상북도 안동시 단원로 251,760130,36688,,,,128.731519481513,36.5699464354328
MA010120220809243700,구미뱅크포스,,G2,소매,G216,안경·정밀기기 소매,G21601,사무기기 소매업,G47821,사무용 기기 소매업,47,경상북도,47190,구미시,47190565,선주원남동,4719010400,봉곡동,4719010400101390001,1,대지,139,1,경상북도 구미시 봉곡동 139-1,471904724343,경상북도 구미시 봉곡북로3길,11,,4719010400101390001000001,상가,경상북도 구미시 봉곡북로3길 11,730807,39204,,1,,128.304147468609,36.1558867914952
MA010120220809260144,삼성정보통신,,G2,소매,G216,안경·정밀기기 소매,G21601,사무기기 소매업,G47821,사무용 기기 소매업,47,경상북도,47730,의성군,47730250,의성읍,4773025021,의성읍,4773025021105760005,1,대지,576,5,경상북도 의성군 의성읍 후죽리 576-5,477304745475,경상북도 의성군 의성읍 중앙길,78,3,4773025021105760005018205,,경상북도 의성군 의성읍 중앙길 78-3,769805,37338,,,,128.696789468997,36.3513383109034
MA010120220809246089,기원정보사무기,,G2,소매,G216,안경·정밀기기 소매,G21601,사무기기 소매업,G47821,사무용 기기 소매업,47,경상북도,47170,안동시,47170630,안기동,4717012800,안기동,4717012800102350021,1,대지,235,21,경상북도 안동시 안기동 235-21,471703307035,경상북도 안동시 제비원로,285,,4717012800102350021023142,,경상북도 안동시 제비원로 285,760260,36627,,,,128.717600729458,36.5769866442735
MA010120220809249710,동원O.A.,,G2,소매,G216,안경·정밀기기 소매,G21601,사무기기 소매업,G47821,사무용 기기 소매업,47,경상북도,47750,청송군,47750250,청송읍,4775025021,청송읍,4775025021102700002,1,대지,270,2,경상북도 청송군 청송읍 월막리 270-2,477503303047,경상북도 청송군 청송읍 중앙로,274,,4775025021102700002000379,,경상북도 청송군 청송읍 중앙로 274,763802,37430,,,,129.059024774879,36.4338068177546
MA010120220809231432,백호상사,,G2,소매,G216,안경·정밀기기 소매,G21601,사무기기 소매업,G47821,사무용 기기 소매업,27,대구광역시,27230,북구,27230620,산격2동,2723011100,산격동,2723011100116260000,1,대지,1626,,대구광역시 북구 산격동 1626,272303145037,대구광역시 북구 유통단지로,25,,2723011100116260000007543,전자상가,대구광역시 북구 유통단지로 25,702915,41505,,,,128.604986394508,35.905451317948
MA010120220809263804,디지털종합OA,,G2,소매,G216,안경·정밀기기 소매,G21601,사무기기 소매업,G47821,사무용 기기 소매업,47,경상북도,47170,안동시,47170585,서구동,4717011800,대석동,4717011800102110002,1,대지,211,2,경상북도 안동시 대석동 211-2,471704722077,경상북도 안동시 중앙시장길,66,,4717011800102130001016983,,경상북도 안동시 중앙시장길 66,760150,36696,,,,128.724673078029,36.5664776317896
MA010120220809243357,국제상사,,G2,소매,G216,안경·정밀기기 소매,G21601,사무기기 소매업,G47821,사무용 기기 소매업,47,경상북도,47170,안동시,47170510,중구동,4717010100,삼산동,4717010100101250025,1,대지,125,25,경상북도 안동시 삼산동 125-25,471703307019,경상북도 안동시 서동문로,174,10,4717010100101250025016323,,경상북도 안동시 서동문로 174-10,760080,36701,,,,128.730933048072,36.5656930930399
MA010120220809249963,가나정보통신,,G2,소매,G216,안경·정밀기기 소매,G21601,사무기기 소매업,G47821,사무용 기기 소매업,47,경상북도,47170,안동시,47170620,평화동,4717012700,평화동,4717012700101680018,1,대지,168,18,경상북도 안동시 평화동 168-18,471704722175,경상북도 안동시 평화길,10,,4717012700101680018021109,,경상북도 안동시 평화길 10,760270,36655,,2,,128.713072830831,36.5667170070447
MA010120220809267320,전주오피스웨이문구,,G2,소매,G216,안경·정밀기기 소매,G21601,사무기기 소매업,G47821,사무용 기기 소매업,52,전북특별자치도,52113,전주시 덕진구,52113665,여의동,5211313100,만성동,5211313100113600010,1,대지,1360,10,전북특별자치도 전주시 덕진구 만성동 1360-10,521133351435,전북특별자치도 전주시 덕진구 만성중앙로,17,,4511313100113600010000001,,전북특별자치도 전주시 덕진구 만성중앙로 17,561330,54860,,,,127.073754267483,35.8443534383513
MA010120220809309187,S&S,,G2,소매,G216,안경·정밀기기 소매,G21601,사무기기 소매업,G47821,사무용 기기 소매업,47,경상북도,47840,성주군,47840250,성주읍,4784025021,성주읍,4784025021106150000,1,대지,615,,경상북도 성주군 성주읍 경산리 615,478404763260,경상북도 성주군 성주읍 시장길,4,22,4784025021106150000029769,,경상북도 성주군 성주읍 시장길 4-22,719801,40027,,,,128.285613445684,35.9177219957481
MA010120220809314585,민정보시스템,,G2,소매,G216,안경·정밀기기 소매,G21601,사무기기 소매업,G47821,사무용 기기 소매업,47,경상북도,47150,김천시,47150575,대신동,4715010900,교동,4715010900105950008,1,대지,595,8,경상북도 김천시 교동 595-8,471504718421,경상북도 김천시 부거리길,366,,4715010900105950008000001,,경상북도 김천시 부거리길 366,740160,39522,,2,,128.097385205702,36.1343949963122
MA010120220809329876,잉크몬스터경기지사,,G2,소매,G216,안경·정밀기기 소매,G21601,사무기기 소매업,G47821,사무용 기기 소매업,41,경기도,41273,안산시 단원구,41273565,신길동,4127310300,신길동,4127310300112290000,1,대지,1229,,경기도 안산시 단원구 신길동 1229,412733012031,경기도 안산시 단원구 산단로,325,,4127310300112290000044323,호리드스마트스퀘어지식산업센터,경기도 안산시 단원구 산단로 325,425839,15426,,3,,126.785102816127,37.3236093669733
MA010120220809315858,김천보청기,,G2,소매,G216,안경·정밀기기 소매,G21601,사무기기 소매업,G47821,사무용 기기 소매업,47,경상북도,47150,김천시,47150516,자산동,4715010400,성내동,4715010400100410009,1,대지,41,9,경상북도 김천시 성내동 41-9,471503306030,경상북도 김천시 자산로,130,3,4715010400100410009003472,,경상북도 김천시 자산로 130-3,740100,39586,,,,128.118339761329,36.1220535011366
MA010120220809315953,김천종합사무기,,G2,소매,G216,안경·정밀기기 소매,G21601,사무기기 소매업,G47821,사무용 기기 소매업,47,경상북도,47150,김천시,47150516,자산동,4715010400,성내동,4715010400100730014,1,대지,73,14,경상북도 김천시 성내동 73-14,471504718849,경상북도 김천시 충효길,18,,4715010400100730014003667,,경상북도 김천시 충효길 18,740100,39587,,,,128.119561032665,36.1220150575993
MA010120220810735568,에스정보,,G2,소매,G216,안경·정밀기기 소매,G21601,사무기기 소매업,G47821,사무용 기기 소매업,26,부산광역시,26290,남구,26290710,문현4동,2629010900,문현동,2629010900108150000,1,대지,815,,부산광역시 남구 문현동 815,262903127052,부산광역시 남구 자성로,152,,2629010900108150000018895,한일오피스텔,부산광역시 남구 자성로 152,608792,48475,,,,129.066904772081,35.1364952372381
MA010120220810756851,월드네트웍스,,G2,소매,G216,안경·정밀기기 소매,G21601,사무기기 소매업,G47821,사무용 기기 소매업,26,부산광역시,26530,사상구,26530620,괘법동,2653010400,괘법동,2653010400105250017,1,대지,525,17,부산광역시 사상구 괘법동 525-17,265303132023,부산광역시 사상구 사상로,231,,2653010400105250017003594,,부산광역시 사상구 사상로 231,617808,46963,,5,,128.982678559684,35.1655692081258
MA010120220810722692,제일사무기,,G2,소매,G216,안경·정밀기기 소매,G21601,사무기기 소매업,G47821,사무용 기기 소매업,26,부산광역시,26530,사상구,26530645,감전동,2653010500,감전동,2653010500101040054,1,대지,104,54,부산광역시 사상구 감전동 104-54,265304217201,부산광역시 사상구 사상로161번길,37,,2653010500101040041018169,,부산광역시 사상구 사상로161번길 37,617800,46982,,,,128.986256733687,35.1583732614048
MA010120220810742207,신도네트신사상점,,G2,소매,G216,안경·정밀기기 소매,G21601,사무기기 소매업,G47821,사무용 기기 소매업,26,부산광역시,26530,사상구,26530600,덕포1동,2653010300,덕포동,2653010300107870011,1,대지,787,11,부산광역시 사상구 덕포동 787-11,265304217176,부산광역시 사상구 백양대로703번길,16,,2653010300107870011018468,,부산광역시 사상구 백양대로703번길 16,617812,46956,,,,128.987644778623,35.1698675043263
MA010120220810792260,이십일디에프,,G2,소매,G216,안경·정밀기기 소매,G21601,사무기기 소매업,G47821,사무용 기기 소매업,26,부산광역시,26260,동래구,26260545,명륜동,2626010700,명륜동,2626010700107000153,1,대지,700,153,부산광역시 동래구 명륜동 700-153,262604190116,부산광역시 동래구 명륜로207번길,31,,2626010700107000153004307,,부산광역시 동래구 명륜로207번길 31,607803,47741,,,,129.081178173944,35.2123084137788
MA010120220810772759,대상정보통신,,G2,소매,G216,안경·정밀기기 소매,G21601,사무기기 소매업,G47821,사무용 기기 소매업,26,부산광역시,26290,남구,26290580,용호2동,2629010700,용호동,2629010700105310035,1,대지,531,35,부산광역시 남구 용호동 531-35,262904193051,부산광역시 남구 동명로146번길,123,,2629010700105310035010785,,부산광역시 남구 동명로146번길 123,608846,48591,,1,,129.1119357656,35.1139375719198
MA010120220810783434,나이스패스,,G2,소매,G216,안경·정밀기기 소매,G21601,사무기기 소매업,G47821,사무용 기기 소매업,26,부산광역시,26230,부산진구,26230570,양정2동,2623010100,양정동,2623010100101110009,1,대지,111,9,부산광역시 부산진구 양정동 111-9,262303129040,부산광역시 부산진구 양연로,10,,2623010100101110009045481,,부산광역시 부산진구 양연로 10,614851,47218,,,,129.078926460062,35.1748050454067
MA010120220810807948,다모아시스템,,G2,소매,G216,안경·정밀기기 소매,G21601,사무기기 소매업,G47821,사무용 기기 소매업,26,부산광역시,26260,동래구,26260545,명륜동,2626010700,명륜동,2626010700100030009,1,대지,3,9,부산광역시 동래구 명륜동 3-9,262603130023,부산광역시 동래구 명륜로,253,,2626010700100030009022032,,부산광역시 동래구 명륜로 253,607802,47739,,3,,129.084242668129,35.2162117252173
MA010120220810775889,케이에스디카드단말기,,G2,소매,G216,안경·정밀기기 소매,G21601,사무기기 소매업,G47821,사무용 기기 소매업,26,부산광역시,26470,연제구,26470650,연산1동,2647010200,연산동,2647010200103320009,1,대지,332,9,부산광역시 연제구 연산동 332-9,264703135002,부산광역시 연제구 고분로,62,,2647010200103320009018949,하나빌,부산광역시 연제구 고분로 62,611814,47579,,,,129.089108045449,35.1853895732615
MA010120220810773565,이지시스템,,G2,소매,G216,안경·정밀기기 소매,G21601,사무기기 소매업,G47821,사무용 기기 소매업,26,부산광역시,26440,강서구,26440560,녹산동,2644011600,범방동,2644011600118880001,1,대지,1888,1,부산광역시 강서구 범방동 1888-1,264404853430,부산광역시 강서구 범방3로64번길,26,,2644011600103540010000002,,부산광역시 강서구 범방3로64번길 26,618210,46727,,,,128.883404748988,35.1484450712714
MA010120220810773987,오에이뱅크,,G2,소매,G216,안경·정밀기기 소매,G21601,사무기기 소매업,G47821,사무용 기기 소매업,26,부산광역시,26230,부산진구,26230610,전포2동,2623010200,전포동,2623010200105540008,1,대지,554,8,부산광역시 부산진구 전포동 554-8,262304187678,부산광역시 부산진구 전포대로306번길,6,,2623010200105540002036565,동정우빌딩,부산광역시 부산진구 전포대로306번길 6,614870,47236,,2,,129.065800916077,35.1648646212989
MA010120220810834119,건우정보통신,,G2,소매,G216,안경·정밀기기 소매,G21601,사무기기 소매업,G47821,사무용 기기 소매업,48,경상남도,48121,창원시 의창구,48121520,팔룡동,4812112900,팔용동,4812112900101890009,1,대지,189,9,경상남도 창원시 의창구 팔용동 189-9,481214781522,경상남도 창원시 의창구 의창대로156번길,15,15,4812112900101890009018601,,경상남도 창원시 의창구 의창대로156번길 15-15,641851,51368,,,,128.615590635719,35.2604609133701
MA010120220810847305,퀸스정보통신,,G2,소매,G216,안경·정밀기기 소매,G21601,사무기기 소매업,G47821,사무용 기기 소매업,48,경상남도,48125,창원시 마산합포구,48125610,교방동,4812511900,상남동,4812511900100970001,1,대지,97,1,경상남도 창원시 마산합포구 상남동 97-1,481253330034,경상남도 창원시 마산합포구 북성로,46,,4812511900100970001031838,,경상남도 창원시 마산합포구 북성로 46,631857,51273,,2,,128.572243843605,35.2115272665447
MA010120220810831190,세원포스텍,,G2,소매,G216,안경·정밀기기 소매,G21601,사무기기 소매업,G47821,사무용 기기 소매업,48,경상남도,48121,창원시 의창구,48121540,봉림동,4812112700,봉곡동,4812112700100370003,1,대지,37,3,경상남도 창원시 의창구 봉곡동 37-3,481212327001,경상남도 창원시 의창구 원이대로,283,,4812112700100370003005231,청마빌딩,경상남도 창원시 의창구 원이대로 283,641821,51176,,,,128.650995675383,35.2427065072374
MA010120220810839092,C&PSOLUTIONS,,G2,소매,G216,안경·정밀기기 소매,G21601,사무기기 소매업,G47821,사무용 기기 소매업,48,경상남도,48121,창원시 의창구,48121530,명곡동,4812112400,명서동,4812112400101020002,1,대지,102,2,경상남도 창원시 의창구 명서동 102-2,481214781453,경상남도 창원시 의창구 원이대로206번길,64,1,4812112400101020002014824,,경상남도 창원시 의창구 원이대로206번길 64-1,641814,51385,,,,128.641802550364,35.2416960564502
MA010120220810887873,온디맨드,,G2,소매,G216,안경·정밀기기 소매,G21601,사무기기 소매업,G47821,사무용 기기 소매업,46,전라남도,46150,순천시,46150570,덕연동,4615011400,연향동,4615011400116630007,1,대지,1663,7,전라남도 순천시 연향동 1663-7,461504650069,전라남도 순천시 팔마1길,9,52,4615011400116630007000001,,전라남도 순천시 팔마1길 9-52,540976,58001,,1,,127.513376510199,34.9322768069566
MA010120220810860565,씨티영상정보통신,,G2,소매,G216,안경·정밀기기 소매,G21601,사무기기 소매업,G47821,사무용 기기 소매업,48,경상남도,48125,창원시 마산합포구,48125630,오동동,4812513700,오동동,4812513700103030004,1,대지,303,4,경상남도 창원시 마산합포구 오동동 303-4,481252329003,경상남도 창원시 마산합포구 해안대로,412,,4812513700103030004029712,학성빌딩,경상남도 창원시 마산합포구 해안대로 412,631860,51713,,5,,128.583725807176,35.2056457247924
MA010120220810863404,창일사,,G2,소매,G216,안경·정밀기기 소매,G21601,사무기기 소매업,G47821,사무용 기기 소매업,48,경상남도,48740,창녕군,48740250,창녕읍,4874025037,창녕읍,4874025037101020000,1,대지,102,,경상남도 창녕군 창녕읍 교하리 102,487403341040,경상남도 창녕군 창녕읍 종로,47,,4874025037101020000003790,,경상남도 창녕군 창녕읍 종로 47,635805,50325,,,,128.499403229693,35.5415065895551
MA010120220810863643,DY테크,,G2,소매,G216,안경·정밀기기 소매,G21601,사무기기 소매업,G47821,사무용 기기 소매업,48,경상남도,48127,창원시 마산회원구,48127560,양덕1동,4812710500,양덕동,4812710500100260007,1,대지,26,7,경상남도 창원시 마산회원구 양덕동 26-7,481273019003,경상남도 창원시 마산회원구 팔용로,60,,4812710500100260007012650,호빌딩,경상남도 창원시 마산회원구 팔용로 60,630809,51361,,1,,128.588407725947,35.2346041083349
MA010120220810856253,컴친구,,G2,소매,G216,안경·정밀기기 소매,G21601,사무기기 소매업,G47821,사무용 기기 소매업,48,경상남도,48127,창원시 마산회원구,48127510,회원1동,4812710800,회원동,4812710800101390015,1,대지,139,15,경상남도 창원시 마산회원구 회원동 139-15,481273330039,경상남도 창원시 마산회원구 회원동북로,11,,4812710800101390015019943,,경상남도 창원시 마산회원구 회원동북로 11,630819,51324,,,,128.575295867154,35.221716616308
MA010120220810880427,신도리코,중리점,G2,소매,G216,안경·정밀기기 소매,G21601,사무기기 소매업,G47821,사무용 기기 소매업,48,경상남도,48127,창원시 마산회원구,48127250,내서읍,4812725025,내서읍,4812725025111160005,1,대지,1116,5,경상남도 창원시 마산회원구 내서읍 중리 1116-5,481273330004,경상남도 창원시 마산회원구 내서읍 광려천남로,1,6,4812725025111160005000320,,경상남도 창원시 마산회원구 내서읍 광려천남로 1-6,630857,51232,,1,,128.515357573643,35.2503392918124
MA010120220810878133,라이브스,,G2,소매,G216,안경·정밀기기 소매,G21601,사무기기 소매업,J62010,컴퓨터 프로그래밍 서비스업,48,경상남도,48730,함안군,48730250,가야읍,4873025022,가야읍,4873025022110030013,1,대지,1003,13,경상남도 함안군 가야읍 검암리 1003-13,487303335004,경상남도 함안군 가야읍 가야로,118,,4873025022110030013008438,,경상남도 함안군 가야읍 가야로 118,637802,52045,,,,128.41391337852,35.2785597819222
MA010120220810864019,경남네트웍스,,G2,소매,G216,안경·정밀기기 소매,G21601,사무기기 소매업,G47821,사무용 기기 소매업,48,경상남도,48125,창원시 마산합포구,48125630,오동동,4812512100,성호동,4812512100100030022,1,대지,3,22,경상남도 창원시 마산합포구 성호동 3-22,481254787026,경상남도 창원시 마산합포구 교방남7길,3,13,4812510200100030022037823,,경상남도 창원시 마산합포구 교방남7길 3-13,631859,51281,,,,128.567641954923,35.2097754631704
MA010120220810878216,영남OA,,G2,소매,G216,안경·정밀기기 소매,G21601,사무기기 소매업,G47821,사무용 기기 소매업,48,경상남도,48730,함안군,48730250,가야읍,4873025021,가야읍,4873025021102360012,1,대지,236,12,경상남도 함안군 가야읍 말산리 236-12,487304820513,경상남도 함안군 가야읍 중앙본길,31,,4873025021102360012025045,,경상남도 함안군 가야읍 중앙본길 31,637805,52050,,,,128.409563972266,35.2723829040744
MA010120220810849910,대형네트웍스,,G2,소매,G216,안경·정밀기기 소매,G21601,사무기기 소매업,G47821,사무용 기기 소매업,48,경상남도,48121,창원시 의창구,48121530,명곡동,4812112400,명서동,4812112400101040001,1,대지,104,1,경상남도 창원시 의창구 명서동 104-1,481214781463,경상남도 창원시 의창구 원이대로240번길,31,,4812112400101040001020968,KT명서빌딩,경상남도 창원시 의창구 원이대로240번길 31,641814,51386,,1,,128.645244405204,35.2413248659679
MA010120220812257436,현서전자,,G2,소매,G216,안경·정밀기기 소매,G21601,사무기기 소매업,G45213,자동차 내장용 신품 전기ㆍ전자ㆍ정밀기기 판매업,41,경기도,41463,용인시 기흥구,41463535,보라동,4146310500,보라동,4146310500102890014,1,대지,289,14,경기도 용인시 기흥구 보라동 289-14,414633204034,경기도 용인시 기흥구 사은로,78,,4146310500102890014021140,,경기도 용인시 기흥구 사은로 78,446904,17079,,1,,127.113568396059,37.2554243106386
MA010120220812281839,이지시스템,,G2,소매,G216,안경·정밀기기 소매,G21601,사무기기 소매업,G47821,사무용 기기 소매업,41,경기도,41500,이천시,41500510,창전동,4150010100,창전동,4150010100104280006,1,대지,428,6,경기도 이천시 창전동 428-6,415003207076,경기도 이천시 향교로,66,,4150010100104280006007649,리치빌딩,경기도 이천시 향교로 66,467805,17364,,5,,127.444658658816,37.2844320160697
MA010120220812263561,에이씨엘,,G2,소매,G216,안경·정밀기기 소매,G21601,사무기기 소매업,G47821,사무용 기기 소매업,41,경기도,41465,용인시 수지구,41465590,성복동,4146510600,성복동,4146510600107400001,1,대지,740,1,경기도 용인시 수지구 성복동 740-1,414654415193,경기도 용인시 수지구 성복2로76번길,26,3,4146510600107400001028237,드림타워,경기도 용인시 수지구 성복2로76번길 26-3,448832,16848,,,,127.080773596755,37.315271181748
MA010120220812290615,다온컴퍼니,,G2,소매,G216,안경·정밀기기 소매,G21601,사무기기 소매업,G47821,사무용 기기 소매업,51,강원특별자치도,51110,춘천시,51110650,석사동,5111012400,석사동,5111012400106560012,1,대지,656,12,강원특별자치도 춘천시 석사동 656-12,511104454277,강원특별자치도 춘천시 벌말길,26,5,4211012400106560012016150,,강원특별자치도 춘천시 벌말길 26-5,200935,24385,,1,,127.739891911313,37.8592368897095
MA010120220812258695,므니엘정보통신,,G2,소매,G216,안경·정밀기기 소매,G21601,사무기기 소매업,G47821,사무용 기기 소매업,41,경기도,41117,수원시 영통구,41117580,영통2동,4111710600,신동,4111710600109200001,1,대지,920,1,경기도 수원시 영통구 신동 920-1,411174848227,경기도 수원시 영통구 권선로882번길,26,51,4111710600105540007000001,,경기도 수원시 영통구 권선로882번길 26-51,443472,16683,,,,127.043180944017,37.249758283735
MA010120220812267005,플러스인,,G2,소매,G216,안경·정밀기기 소매,G21601,사무기기 소매업,G47821,사무용 기기 소매업,41,경기도,41285,고양시 일산동구,41285590,장항2동,4128510400,장항동,4128510400108680000,1,대지,868,,경기도 고양시 일산동구 장항동 868,412853193031,경기도 고양시 일산동구 정발산로,24,,4128510400108670000001233,제티,경기도 고양시 일산동구 정발산로 24,410837,10403,,3,,126.772045596105,37.655902909646
MA010120220812270018,아주포스밴,,G2,소매,G216,안경·정밀기기 소매,G21601,사무기기 소매업,G47821,사무용 기기 소매업,41,경기도,41115,수원시 팔달구,41115710,우만1동,4111514000,우만동,4111514000104750016,1,대지,475,16,경기도 수원시 팔달구 우만동 475-16,411154328037,경기도 수원시 팔달구 경수대로704번길,24,23,4111514000104750016018653,,경기도 수원시 팔달구 경수대로704번길 24-23,442819,16233,,2,,127.028384513486,37.2877596715816
MA010120220812325095,케이클래스,,G2,소매,G216,안경·정밀기기 소매,G21601,사무기기 소매업,G47821,사무용 기기 소매업,27,대구광역시,27290,달서구,27290563,죽전동,2729011200,죽전동,2729011200102590011,1,대지,259,11,대구광역시 달서구 죽전동 259-11,272904241428,대구광역시 달서구 와룡로43길,20,,2729011200102590011005183,성진빌라,대구광역시 달서구 와룡로43길 20,704932,42632,,,,128.536045651008,35.8520679057801
MA010120220812330852,제천사무기,,G2,소매,G216,안경·정밀기기 소매,G21601,사무기기 소매업,G47821,사무용 기기 소매업,43,충청북도,43150,제천시,43150537,남현동,4315010300,동현동,4315010300103860000,1,대지,386,,충청북도 제천시 동현동 386,431503239010,충청북도 제천시 내토로,582,,4315010300103860000000001,,충청북도 제천시 내토로 582,390190,27197,,1,,128.21980009833,37.1289931661585
MA010120220812367682,올어바웃아이티,,G2,소매,G216,안경·정밀기기 소매,G21601,사무기기 소매업,G47821,사무용 기기 소매업,11,서울특별시,11215,광진구,11215780,능동,1121510200,능동,1121510200102220011,1,대지,222,11,서울특별시 광진구 능동 222-11,112154112499,서울특별시 광진구 천호대로110길,7,,1121510200102220011005922,올어바웃아이티마주빌딩,서울특별시 광진구 천호대로110길 7,143847,04985,,7,,127.080580189737,37.5561578647722
MA010120220812349039,오피스포유,,G2,소매,G216,안경·정밀기기 소매,G21601,사무기기 소매업,G47821,사무용 기기 소매업,29,광주광역시,29155,남구,29155690,주월1동,2915510600,주월동,2915510600104150005,1,대지,415,5,광주광역시 남구 주월동 415-5,291554283025,광주광역시 남구 광복마을6길,16,,2915510600104150005012439,,광주광역시 남구 광복마을6길 16,503836,61732,,1,,126.895051064295,35.1250483287272
MA010120220812404375,엠케이트라움티플,,G2,소매,G216,안경·정밀기기 소매,G21601,사무기기 소매업,G47821,사무용 기기 소매업,11,서울특별시,11560,영등포구,11560550,당산1동,1156011200,당산동2가,1156011200100300002,1,대지,30,2,서울특별시 영등포구 당산동2가 30-2,115603118022,서울특별시 영등포구 영등포로,109,,1156011200100300002030099,영등포유통상가,서울특별시 영등포구 영등포로 109,150723,07264,,,,126.894399370198,37.522350648366
MA010120220812415171,문창사무기,,G2,소매,G216,안경·정밀기기 소매,G21601,사무기기 소매업,G47821,사무용 기기 소매업,26,부산광역시,26410,금정구,26410680,구서1동,2641010700,구서동,2641010700104860043,1,대지,486,43,부산광역시 금정구 구서동 486-43,264103130034,부산광역시 금정구 체육공원로,31,,2641010700104860043011873,,부산광역시 금정구 체육공원로 31,609800,46251,,1,,129.096203613623,35.2470495989433
MA010120220812404684,우진에프앤비,,G2,소매,G216,안경·정밀기기 소매,G21601,사무기기 소매업,G47821,사무용 기기 소매업,11,서울특별시,11545,금천구,11545710,시흥5동,1154510300,시흥동,1154510300102530018,1,대지,253,18,서울특별시 금천구 시흥동 253-18,115453000024,서울특별시 금천구 금하로,727,,1154510300102510004017016,,서울특별시 금천구 금하로 727,153035,08657,,,,126.910695306016,37.45067089572
MA0101202406A0228028,짱아저씨반값가구,,G2,소매,G216,안경·정밀기기 소매,G21601,사무기기 소매업,G47821,사무용 기기 소매업,41,경기도,41390,시흥시,41390531,신현동,4139010500,미산동,4139010500102420000,1,대지,242,,경기도 시흥시 미산동 242,413902348121,경기도 시흥시 시흥대로,959,,4139010500102420000025254,,경기도 시흥시 시흥대로 959,429822,14956,,1,,126.788617619571,37.4220705826111
MA0101202406A0221291,성현컴퍼니,,G2,소매,G216,안경·정밀기기 소매,G21601,사무기기 소매업,G47821,사무용 기기 소매업,29,광주광역시,29170,북구,29170677,오치2동,2917011500,오치동,2917011500109490022,1,대지,949,22,광주광역시 북구 오치동 949-22,291703162031,광주광역시 북구 서하로,209,,2917011500109490022002099,,광주광역시 북구 서하로 209,500840,61054,,5,,126.903392214462,35.1873572514453
MA0101202406A0262550,무한잉퀵,,G2,소매,G216,안경·정밀기기 소매,G21601,사무기기 소매업,G47821,사무용 기기 소매업,11,서울특별시,11260,중랑구,11260590,상봉2동,1126010200,상봉동,1126010200101250002,1,대지,125,2,서울특별시 중랑구 상봉동 125-2,112603106002,서울특별시 중랑구 봉우재로,95,,1126010200101250002015437,,서울특별시 중랑구 봉우재로 95,131860,02139,,,,127.083483762418,37.5922316684309
MA0101202406A0270692,한국전자통신,,G2,소매,G216,안경·정밀기기 소매,G21601,사무기기 소매업,G47821,사무용 기기 소매업,46,전라남도,46110,목포시,46110655,만호동,4611011700,복만동,4611011700100040000,1,대지,4,,전라남도 목포시 복만동 4,461104643784,전라남도 목포시 해안로237번길,27,,4611011700100040000045395,,전라남도 목포시 해안로237번길 27,530130,58753,,,,126.385364054756,34.7875579148589
MA0101202406A0349372,제이엠테크,,G2,소매,G216,안경·정밀기기 소매,G21601,사무기기 소매업,G47821,사무용 기기 소매업,43,충청북도,43111,청주시 상당구,43111720,용암1동,4311112400,용암동,4311112400132370000,1,대지,3237,,충청북도 청주시 상당구 용암동 3237,431114857346,충청북도 청주시 상당구 중고개로125번길,31,15,4311112400101770011000002,,충청북도 청주시 상당구 중고개로125번길 31-15,360101,28808,,,,127.516589386907,36.6140969723453
MA0101202406A0365696,나눔정보통신,,G2,소매,G216,안경·정밀기기 소매,G21601,사무기기 소매업,G47821,사무용 기기 소매업,41,경기도,41113,수원시 권선구,41113690,곡선동,4111313600,곡반정동,4111313600105180005,1,대지,518,5,경기도 수원시 권선구 곡반정동 518-5,411134325192,경기도 수원시 권선구 동수원로146번길,16,28,4111313600105180005029647,,경기도 수원시 권선구 동수원로146번길 16-28,441400,16667,,1,,127.032324094611,37.2440491215198
MA0101202406A0299940,천일단말기,,G2,소매,G216,안경·정밀기기 소매,G21601,사무기기 소매업,G47821,사무용 기기 소매업,41,경기도,41113,수원시 권선구,41113670,권선1동,4111313700,권선동,4111313700110010000,1,대지,1001,,경기도 수원시 권선구 권선동 1001,411134325353,경기도 수원시 권선구 세지로66번길,42,,4111313700110010000031237,,경기도 수원시 권선구 세지로66번길 42,441822,16564,,,,127.019636798799,37.2571711086289
MA0101202406A0337966,이공사무기기,,G2,소매,G216,안경·정밀기기 소매,G21601,사무기기 소매업,G47821,사무용 기기 소매업,41,경기도,41590,화성시,41590320,비봉면,4159032024,비봉면,4159032024118620001,1,대지,1862,1,경기도 화성시 비봉면 삼화리 1862-1,415904862078,경기도 화성시 비봉면 간곡6길,6,6,4159032024100000000000018,,경기도 화성시 비봉면 간곡6길 6-6,445842,18283,,1,,126.865388819798,37.2476352633228
MA0101202406A0320591,전자담배몰,,G2,소매,G216,안경·정밀기기 소매,G21601,사무기기 소매업,G47821,사무용 기기 소매업,46,전라남도,46130,여수시,46130800,여천동,4613013700,화장동,4613013700107730007,1,대지,773,7,전라남도 여수시 화장동 773-7,461303282082,전라남도 여수시 화산로,36,,4613013700107730007005822,,전라남도 여수시 화산로 36,555090,59643,,1,,127.642573636584,34.7720718723385
MA0101202406A0288713,남일OA,,G2,소매,G216,안경·정밀기기 소매,G21601,사무기기 소매업,G47821,사무용 기기 소매업,52,전북특별자치도,52190,남원시,52190350,금지면,5219035021,금지면,5219035021102230003,1,대지,223,3,전북특별자치도 남원시 금지면 옹정리 223-3,521903000200,전북특별자치도 남원시 금지면 요천로,537,,4519035021102230003015672,,전북특별자치도 남원시 금지면 요천로 537,590953,55784,,1,,127.30548023505,35.3573364853063
MA0101202406A0376200,프렌즈페이퍼,,G2,소매,G216,안경·정밀기기 소매,G21601,사무기기 소매업,G47821,사무용 기기 소매업,29,광주광역시,29155,남구,29155545,사직동,2915510200,구동,2915510200100370106,1,대지,37,106,광주광역시 남구 구동 37-106,291554283625,광주광역시 남구 천변좌로370번길,8,5,2915510200100370106027815,,광주광역시 남구 천변좌로370번길 8-5,503020,61639,,,,126.911419800934,35.1453510770396
MA0101202406A0385355,동탄프린터복합기임대렌탈,,G2,소매,G216,안경·정밀기기 소매,G21601,사무기기 소매업,G47821,사무용 기기 소매업,41,경기도,41590,화성시,41590590,동탄5동,4159013100,영천동,4159013100108440001,1,대지,844,1,경기도 화성시 영천동 844-1,415903350553,경기도 화성시 동탄영천로,150,,4159013100108440001000002,P,경기도 화성시 동탄영천로 150,445130,18462,,12,,127.101555577787,37.2159874249586
MA0101202406A0420110,잇테리어,,G2,소매,G216,안경·정밀기기 소매,G21601,사무기기 소매업,G47821,사무용 기기 소매업,41,경기도,41430,의왕시,41430520,부곡동,4143010200,이동,4143010200107320000,1,대지,732,,경기도 의왕시 이동 732,414303352557,경기도 의왕시 오봉산단1로,12,,4143010200107320000000001,에이스하이테크비전,경기도 의왕시 오봉산단1로 12,437030,16079,,8,,126.958204351039,37.3332849948574
MA0101202406A0375406,제이와이페이,,G2,소매,G216,안경·정밀기기 소매,G21601,사무기기 소매업,G47821,사무용 기기 소매업,30,대전광역시,30170,서구,30170581,갈마1동,3017011100,갈마동,3017011100103070001,1,대지,307,1,대전광역시 서구 갈마동 307-1,301703010024,대전광역시 서구 계룡로,366,,3017011100103070001004443,일부호,대전광역시 서구 계룡로 366,302806,35276,,3,,127.368969484703,36.352589548858
MA0101202406A0371346,대성오피스,,G2,소매,G216,안경·정밀기기 소매,G21601,사무기기 소매업,G47821,사무용 기기 소매업,41,경기도,41480,파주시,41480350,광탄면,4148035021,광탄면,4148035021100410007,1,대지,41,7,경기도 파주시 광탄면 분수리 41-7,414803206075,경기도 파주시 광탄면 장지산로,197,34,4148035021100410007034144,컨테이너,경기도 파주시 광탄면 장지산로 197-34,413853,10954,,,,126.880684863726,37.7515570991999
MA0101202406A0381744,자동박스,,G2,소매,G216,안경·정밀기기 소매,G21601,사무기기 소매업,G47821,사무용 기기 소매업,28,인천광역시,28185,연수구,28185761,연수1동,2818510300,연수동,2818510300105250001,1,대지,525,1,인천광역시 연수구 연수동 525-1,281854256318,인천광역시 연수구 함박로92번길,19,,2818510300105250001183923,,인천광역시 연수구 함박로92번길 19,406810,21913,,,,126.684944946494,37.4243535789619
MA0101202406A0375903,테마,,G2,소매,G216,안경·정밀기기 소매,G21601,사무기기 소매업,G47821,사무용 기기 소매업,41,경기도,41194,부천시 소사구,41194520,심곡본동,4119410200,심곡본동,4119410200106680003,1,대지,668,3,경기도 부천시 소사구 심곡본동 668-3,411944355028,경기도 부천시 소사구 경인로216번길,7,,4119710200106680003015544,일부호,경기도 부천시 소사구 경인로216번길 7,422841,14711,,2,,126.779548051455,37.4829714139737
MA0101202406A0534012,로아스전산,,G2,소매,G216,안경·정밀기기 소매,G21601,사무기기 소매업,G47821,사무용 기기 소매업,41,경기도,41463,용인시 기흥구,41463535,보라동,4146310600,지곡동,4146310600103060002,1,대지,306,2,경기도 용인시 기흥구 지곡동 306-2,414633204057,경기도 용인시 기흥구 지삼로,165,,4146310600103060002222800,,경기도 용인시 기흥구 지삼로 165,446904,17088,,,,127.132844710192,37.242978858864
MA0101202406A0534214,레나글로벌,,G2,소매,G216,안경·정밀기기 소매,G21601,사무기기 소매업,G47821,사무용 기기 소매업,11,서울특별시,11200,성동구,11200580,응봉동,1120010800,응봉동,1120010800100980000,1,대지,98,,서울특별시 성동구 응봉동 98,112003005014,서울특별시 성동구 독서당로,381,,1120010800100980000016376,금호현대,서울특별시 성동구 독서당로 381,133770,04720,,,,127.030701775058,37.5501897334253
MA0101202406A0502384,경북정보통신,,G2,소매,G216,안경·정밀기기 소매,G21601,사무기기 소매업,G47821,사무용 기기 소매업,47,경상북도,47113,포항시 북구,47113665,용흥동,4711311700,용흥동,4711311700103560009,1,대지,356,9,경상북도 포항시 북구 용흥동 356-9,471133018003,경상북도 포항시 북구 새마을로,92,,4711311700103560009116139,,경상북도 포항시 북구 새마을로 92,791811,37645,,2,,129.350559066564,36.0412835947216
MA0101202406A0505410,유케이시스템,,G2,소매,G216,안경·정밀기기 소매,G21601,사무기기 소매업,G47821,사무용 기기 소매업,11,서울특별시,11680,강남구,11680690,개포4동,1168010300,개포동,1168010300111740005,1,대지,1174,5,서울특별시 강남구 개포동 1174-5,116804166190,서울특별시 강남구 논현로6길,30,10,1168010300111740005000001,,서울특별시 강남구 논현로6길 30-10,135961,06314,,1,,127.052138685074,37.4737500275077
MA0101202406A0520296,에스에이치솔루션,,G2,소매,G216,안경·정밀기기 소매,G21601,사무기기 소매업,G47821,사무용 기기 소매업,30,대전광역시,30170,서구,30170586,월평1동,3017011300,월평동,3017011300109550000,1,대지,955,,대전광역시 서구 월평동 955,301704298538,대전광역시 서구 월평중로3번길,52,,3017011300109550000020458,황실빌라,대전광역시 서구 월평중로3번길 52,302852,35225,,,,127.361089822622,36.3543078288125
MA0101202406A0539649,빛커뮤니케이션광명,,G2,소매,G216,안경·정밀기기 소매,G21601,사무기기 소매업,G47821,사무용 기기 소매업,41,경기도,41210,광명시,41210610,철산3동,4121010200,철산동,4121010200104110000,1,대지,411,,경기도 광명시 철산동 411,412104361246,경기도 광명시 오리로856번길,8,,4121010200104110000000250,금봉빌딩,경기도 광명시 오리로856번길 8,423837,14240,,,,126.867740765947,37.4748858536096
MA0101202406A0522092,미래,,G2,소매,G216,안경·정밀기기 소매,G21601,사무기기 소매업,G47821,사무용 기기 소매업,47,경상북도,47190,구미시,47190565,선주원남동,4719010400,봉곡동,4719010400101390001,1,대지,139,1,경상북도 구미시 봉곡동 139-1,471904724343,경상북도 구미시 봉곡북로3길,11,,4719010400101390001000001,,경상북도 구미시 봉곡북로3길 11,730807,39204,,1,,128.304147468609,36.1558867914952
MA0101202406A0477651,와이케이2호,,G2,소매,G216,안경·정밀기기 소매,G21601,사무기기 소매업,G47821,사무용 기기 소매업,43,충청북도,43770,음성군,43770370,감곡면,4377037023,감곡면,4377037023104350015,1,대지,435,15,충청북도 음성군 감곡면 원당리 435-15,437704541419,충청북도 음성군 감곡면 원당길,114,16,4377037023104350015205428,,충청북도 음성군 감곡면 원당길 114-16,369853,27613,,,,127.607823051239,37.0798461197453
MA0101202406A0483711,용두페이,,G2,소매,G216,안경·정밀기기 소매,G21601,사무기기 소매업,G47821,사무용 기기 소매업,30,대전광역시,30140,중구,30140655,용두동,3014011200,용두동,3014011200101610010,1,대지,161,10,대전광역시 중구 용두동 161-10,301404295006,대전광역시 중구 계룡로733번길,23,,3014011200101610010016065,,대전광역시 중구 계룡로733번길 23,301832,34821,,,,127.40090173176,36.3336340932582
MA0101202406A0516300,에펨정보통신,,G2,소매,G216,안경·정밀기기 소매,G21601,사무기기 소매업,G47821,사무용 기기 소매업,30,대전광역시,30200,유성구,30200540,온천2동,3020011700,장대동,3020011700103410004,1,대지,341,4,대전광역시 유성구 장대동 341-4,302002167001,대전광역시 유성구 유성대로,798,1,3020011700103410004011064,,대전광역시 유성구 유성대로 798-1,305308,34166,,5,,127.337698474379,36.3631086106124
MA0101202406A0539108,로엘트,,G2,소매,G216,안경·정밀기기 소매,G21601,사무기기 소매업,G47821,사무용 기기 소매업,41,경기도,41463,용인시 기흥구,41463520,구갈동,4146310200,구갈동,4146310200103540002,1,대지,354,2,경기도 용인시 기흥구 구갈동 354-2,414634412043,경기도 용인시 기흥구 구갈로60번길,15,1,4146310200103540002021676,인텔존,경기도 용인시 기흥구 구갈로60번길 15-1,446569,16972,,,,127.113018981725,37.2800142488409
MA0101202406A0544991,나리솔루션,,G2,소매,G216,안경·정밀기기 소매,G21601,사무기기 소매업,G47821,사무용 기기 소매업,11,서울특별시,11200,성동구,11200720,송정동,1120011800,송정동,1120011800100810003,1,대지,81,3,서울특별시 성동구 송정동 81-3,112003005024,서울특별시 성동구 광나루로,275,,1120011800100810003003302,세신빌딩,서울특별시 성동구 광나루로 275,133837,04802,,3,,127.060383712653,37.5485204479622
MA0101202409A0005999,엘다라도,,G2,소매,G216,안경·정밀기기 소매,G21601,사무기기 소매업,G47821,사무용 기기 소매업,41,경기도,41220,평택시,41220256,포승읍,4122025622,포승읍,4122025622111390006,1,대지,1139,6,경기도 평택시 포승읍 도곡리 1139-6,412204364501,경기도 평택시 포승읍 여술4길,18,8,4122025622111390006046882,,경기도 평택시 포승읍 여술4길 18-8,451822,17955,,,,126.844984857783,36.9898250786257
MA0101202409A0045004,이진,,G2,소매,G216,안경·정밀기기 소매,G21601,사무기기 소매업,G47821,사무용 기기 소매업,27,대구광역시,27230,북구,27230695,무태조야동,2723013100,연경동,2723013100109620003,1,대지,962,3,대구광역시 북구 연경동 962-3,272303352157,대구광역시 북구 연경지묘로,2,,2723013100109620003000001,연경동태왕아너스스퀘어,대구광역시 북구 연경지묘로 2,702130,41409,,4,,128.61532578976,35.942196009957
MA0101202409A0003574,퀵페이,,G2,소매,G216,안경·정밀기기 소매,G21601,사무기기 소매업,G47821,사무용 기기 소매업,11,서울특별시,11680,강남구,11680640,역삼1동,1168010100,역삼동,1168010100106210027,1,대지,621,27,서울특별시 강남구 역삼동 621-27,116804166749,서울특별시 강남구 테헤란로5길,51,10,1168010100106210027028046,,서울특별시 강남구 테헤란로5길 51-10,135908,06129,,,,127.028827242094,37.5018154021519
MA0101202409A0033870,제이엠산업개발,,G2,소매,G216,안경·정밀기기 소매,G21601,사무기기 소매업,G47821,사무용 기기 소매업,51,강원특별자치도,51830,양양군,51830250,양양읍,5183025035,양양읍,5183025035102280001,1,대지,228,1,강원특별자치도 양양군 양양읍 서문리 228-1,518303235016,강원특별자치도 양양군 양양읍 양양로,145,4,4283025035102280001011397,,강원특별자치도 양양군 양양읍 양양로 145-4,215805,25027,,,,128.613309457874,38.0734591765562
MA0101202409A0038327,비제이산업개발,,G2,소매,G216,안경·정밀기기 소매,G21601,사무기기 소매업,G47821,사무용 기기 소매업,11,서울특별시,11710,송파구,11710642,문정2동,1171010800,문정동,1171010800106420003,1,대지,642,3,서울특별시 송파구 문정동 642-3,117103350849,서울특별시 송파구 법원로,128,,1171010800106420003000001,에스,서울특별시 송파구 법원로 128,138888,05854,,,,127.120487144417,37.4868458170421
MA0101202409A0014748,하나사무용가구,,G2,소매,G216,안경·정밀기기 소매,G21601,사무기기 소매업,G47821,사무용 기기 소매업,27,대구광역시,27290,달서구,27290563,죽전동,2729011300,감삼동,2729011300100590018,1,대지,59,18,대구광역시 달서구 감삼동 59-18,272904229138,대구광역시 달서구 당산로41동길,3,,2729011300100590018018934,,대구광역시 달서구 당산로41동길 3,704953,42641,,1,,128.54680747279,35.8550568161185
MA0101202409A0056203,오피스플랜,,G2,소매,G216,안경·정밀기기 소매,G21601,사무기기 소매업,G47821,사무용 기기 소매업,41,경기도,41570,김포시,41570256,양촌읍,4157025621,양촌읍,4157025621113060001,1,대지,1306,1,경기도 김포시 양촌읍 양곡리 1306-1,415703209083,경기도 김포시 양촌읍 양곡로,495,,4157025621113060001000002,V,경기도 김포시 양촌읍 양곡로 495,415845,10062,,3,,126.628126194491,37.6551676041925
MA0101202409A0073638,로타리컴퓨터,,G2,소매,G216,안경·정밀기기 소매,G21601,사무기기 소매업,G47821,사무용 기기 소매업,27,대구광역시,27200,남구,27200586,대명3동,2720010300,대명동,2720010300121400031,1,대지,2140,31,대구광역시 남구 대명동 2140-31,272003144010,대구광역시 남구 현충로,227,,2720010300121400031014957,,대구광역시 남구 현충로 227,705816,42408,,,,128.582516238647,35.8527713897828
MA0101202409A0009537,수닮,,G2,소매,G216,안경·정밀기기 소매,G21601,사무기기 소매업,G47821,사무용 기기 소매업,46,전라남도,46110,목포시,46110750,이로동,4611015900,용해동,4611015900102090039,1,대지,209,39,전라남도 목포시 용해동 209-39,461103281095,전라남도 목포시 영산로,360,1,4611015900102090039053491,,전라남도 목포시 영산로 360-1,530840,58701,,2,,126.404865285091,34.8060252866496
MA0101202409A0155910,더포스앤모어,,G2,소매,G216,안경·정밀기기 소매,G21601,사무기기 소매업,G47821,사무용 기기 소매업,11,서울특별시,11710,송파구,11710642,문정2동,1171010800,문정동,1171010800106280000,1,대지,628,,서울특별시 송파구 문정동 628,117103123017,서울특별시 송파구 충민로,10,,1171010800104090003000001,이치,서울특별시 송파구 충민로 10,138888,05840,,8,,127.119105944117,37.4786210121534
MA0101202409A0164195,우진사무기,,G2,소매,G216,안경·정밀기기 소매,G21601,사무기기 소매업,G47821,사무용 기기 소매업,48,경상남도,48123,창원시 성산구,48123515,용지동,4812313500,용호동,4812313500100370002,1,대지,37,2,경상남도 창원시 성산구 용호동 37-2,481234781394,경상남도 창원시 성산구 외동반림로282번길,23,,4812112800100370002010761,사무실,경상남도 창원시 성산구 외동반림로282번길 23,641840,51428,,,,128.683735900567,35.2402456271899
MA0101202409A0100321,동그라미전자담배24,,G2,소매,G216,안경·정밀기기 소매,G21601,사무기기 소매업,G47821,사무용 기기 소매업,41,경기도,41450,하남시,41450610,미사1동,4145010900,망월동,4145010900111160000,1,대지,1116,,경기도 하남시 망월동 1116,414503202059,경기도 하남시 미사강변동로,81,,4145010900111160000000001,미사역큐브앤타워,경기도 하남시 미사강변동로 81,465150,12913,,,,127.192717690697,37.5622449543001
MA0101202409A0096329,와이디알테크,,G2,소매,G216,안경·정밀기기 소매,G21601,사무기기 소매업,G47821,사무용 기기 소매업,46,전라남도,46150,순천시,46150515,향동,4615010600,금곡동,4615010600101760001,1,대지,176,1,전라남도 순천시 금곡동 176-1,461504649111,전라남도 순천시 금곡길,55,,4615010600101760001000278,,전라남도 순천시 금곡길 55,540050,57941,,,,127.479489581679,34.9547244448208
MA0101202409A0147111,동산OA,,G2,소매,G216,안경·정밀기기 소매,G21601,사무기기 소매업,G47821,사무용 기기 소매업,46,전라남도,46150,순천시,46150320,서면,4615032029,서면,4615032029105660006,1,대지,566,6,전라남도 순천시 서면 압곡리 566-6,461504650154,전라남도 순천시 서면 화정1길,14,,4615032029105660001004358,,전라남도 순천시 서면 화정1길 14,540812,57928,,,,127.516212249594,34.9813177400906
MA0101202409A0136307,다일시스템,,G2,소매,G216,안경·정밀기기 소매,G21601,사무기기 소매업,G47821,사무용 기기 소매업,29,광주광역시,29170,북구,29170666,삼각동,2917011600,삼각동,2917011600108140002,1,대지,814,2,광주광역시 북구 삼각동 814-2,291703162037,광주광역시 북구 송해로,10,,2917011600108140002047767,,광주광역시 북구 송해로 10,500826,61050,,1,,126.901708616146,35.1995872733179
MA0101202409A0088479,드림,,G2,소매,G216,안경·정밀기기 소매,G21601,사무기기 소매업,G47821,사무용 기기 소매업,46,전라남도,46720,곡성군,46720250,곡성읍,4672025021,곡성읍,4672025021103100016,1,대지,310,16,전라남도 곡성군 곡성읍 읍내리 310-16,467203287033,전라남도 곡성군 곡성읍 중앙로,88,,4672025021103100016004602,,전라남도 곡성군 곡성읍 중앙로 88,516804,57541,,,,127.292680506959,35.2799166974944
MA0101202409A0158363,제이에이치포스기,,G2,소매,G216,안경·정밀기기 소매,G21601,사무기기 소매업,G47821,사무용 기기 소매업,44,충청남도,44133,천안시 서북구,44133590,부성2동,4413310400,두정동,4413310400119560000,1,대지,1956,,충청남도 천안시 서북구 두정동 1956,441334550114,충청남도 천안시 서북구 두정고2길,14,4,4413310400119560000047366,다경빌딩,충청남도 천안시 서북구 두정고2길 14-4,331964,31089,,2,,127.131463186669,36.8349822904741
MA0101202409A0125711,키페이,,G2,소매,G216,안경·정밀기기 소매,G21601,사무기기 소매업,G47821,사무용 기기 소매업,28,인천광역시,28260,서구,28260740,아라동,2826011500,원당동,2826011500110410010,1,대지,1041,10,인천광역시 서구 원당동 1041-10,282602156002,인천광역시 서구 원당대로,983,,2826011500110410010000001,이안테라디움검단,인천광역시 서구 원당대로 983,404320,22866,,10,,126.710631701963,37.5923569792061
MA0101202409A0221251,한국유통,,G2,소매,G216,안경·정밀기기 소매,G21601,사무기기 소매업,G47821,사무용 기기 소매업,46,전라남도,46130,여수시,46130710,문수동,4613012000,문수동,4613012000104560005,1,대지,456,5,전라남도 여수시 문수동 456-5,461304646362,전라남도 여수시 문수7길,29,8,4613012000104560005056993,,전라남도 여수시 문수7길 29-8,550817,59703,,1,,127.69488917531,34.7552709483844
MA0101202409A0232234,조은정보통신,,G2,소매,G216,안경·정밀기기 소매,G21601,사무기기 소매업,G47821,사무용 기기 소매업,47,경상북도,47111,포항시 남구,47111256,오천읍,4711125621,오천읍,4711125621109070002,1,대지,907,2,경상북도 포항시 남구 오천읍 원리 907-2,471114709042,경상북도 포항시 남구 오천읍 냉천로270번길,29,8,4711125621109070002000001,,경상북도 포항시 남구 오천읍 냉천로270번길 29-8,790911,37884,,,,129.406389374369,35.9700157410244
MA0101202409A0192224,코지페이,,G2,소매,G216,안경·정밀기기 소매,G21601,사무기기 소매업,G47821,사무용 기기 소매업,44,충청남도,44131,천안시 동남구,44131550,봉명동,4413111300,봉명동,4413111300102670001,1,대지,267,1,충청남도 천안시 동남구 봉명동 267-1,441314547014,충청남도 천안시 동남구 개목1길,28,,4413111300102670001010870,,충청남도 천안시 동남구 개목1길 28,330930,31140,,2,,127.13151064344,36.8168609522817
MA0101202409A0177962,블랙박스서비스센터,,G2,소매,G216,안경·정밀기기 소매,G21601,사무기기 소매업,G47821,사무용 기기 소매업,28,인천광역시,28177,미추홀구,28177650,주안4동,2817710500,주안동,2817710500115060020,1,대지,1506,20,인천광역시 미추홀구 주안동 1506-20,281774253193,인천광역시 미추홀구 동주길,4,,2817010600115060020076344,,인천광역시 미추홀구 동주길 4,402859,22150,,1,,126.684809086006,37.451365557498
MA0101202409A0202309,드림컴퍼니,,G2,소매,G216,안경·정밀기기 소매,G21601,사무기기 소매업,G47821,사무용 기기 소매업,50,제주특별자치도,50130,서귀포시,50130540,천지동,5013010100,서귀동,5013010100102990001,1,대지,299,1,제주특별자치도 서귀포시 서귀동 299-1,501303350343,제주특별자치도 서귀포시 서문로,1,,5013010100102990001031411,,제주특별자치도 서귀포시 서문로 1,697844,63592,,3,,126.56075304411,33.2522385246391
MA0101202409A0191235,세움,,G2,소매,G216,안경·정밀기기 소매,G21601,사무기기 소매업,G47821,사무용 기기 소매업,41,경기도,41480,파주시,41480590,운정5동,4148011300,동패동,4148011300116950002,1,대지,1695,2,경기도 파주시 동패동 1695-2,414803206086,경기도 파주시 청석로,272,,4148025927116950002018400,센타프라자,경기도 파주시 청석로 272,413100,10874,,10,,126.71778002384,37.7261336235949
MA0101202409A0249490,삼성디지탈랜드송도국제도,시지점,G2,소매,G216,안경·정밀기기 소매,G21601,사무기기 소매업,G47821,사무용 기기 소매업,28,인천광역시,28185,연수구,28185820,송도1동,2818510600,송도동,2818510600100090017,1,대지,9,17,인천광역시 연수구 송도동 9-17,281854256188,인천광역시 연수구 인천타워대로54번길,15,3,2818510600100090016000001,리슈프라자,인천광역시 연수구 인천타워대로54번길 15-3,406081,22000,,1,,126.646146463412,37.3793101125109
MA0101202409A0233051,포스온테크닉스,,G2,소매,G216,안경·정밀기기 소매,G21601,사무기기 소매업,G47821,사무용 기기 소매업,41,경기도,41281,고양시 덕양구,41281640,행신1동,4128112800,행신동,4128112800106340063,1,대지,634,63,경기도 고양시 덕양구 행신동 634-63,412814376297,경기도 고양시 덕양구 행신로143번길,101,,4128112800106340063011856,,경기도 고양시 덕양구 행신로143번길 101,412824,10513,,,,126.829972438487,37.6233579844137
MA0101202409A0182594,착한포스기,,G2,소매,G216,안경·정밀기기 소매,G21601,사무기기 소매업,G47821,사무용 기기 소매업,44,충청남도,44133,천안시 서북구,44133590,부성2동,4413310400,두정동,4413310400119560000,1,대지,1956,,충청남도 천안시 서북구 두정동 1956,441334550114,충청남도 천안시 서북구 두정고2길,14,4,4413310400119560000047366,다경빌딩,충청남도 천안시 서북구 두정고2길 14-4,331964,31089,,2,,127.131463186669,36.8349822904741
MA0101202409A0215231,블랙박스네비게이션서비스센터,,G2,소매,G216,안경·정밀기기 소매,G21601,사무기기 소매업,G47821,사무용 기기 소매업,28,인천광역시,28177,미추홀구,28177650,주안4동,2817710500,주안동,2817710500115060020,1,대지,1506,20,인천광역시 미추홀구 주안동 1506-20,281774253193,인천광역시 미추홀구 동주길,4,,2817010600115060020076344,,인천광역시 미추홀구 동주길 4,402859,22150,,1,,126.684809086006,37.451365557498
