상가업소번호,상호명,지점명,상권업종대분류코드,상권업종대분류명,상권업종중분류코드,상권업종중분류명,상권업종소분류코드,상권업종소분류명,표준산업분류코드,표준산업분류명,시도코드,시도명,시군구코드,시군구명,행정동코드,행정동명,법정동코드,법정동명,PNU코드,대지구분코드,대지구분명,지번본번지,지번부번지,지번주소,도로명코드,도로명,건물본번지,건물부번지,건물관리번호,건물명,도로명주소,구우편번호,신우편번호,동정보,층정보,호정보,경도,위도
MA010120220804007696,일신건재,,G2,소매,G210,철물·건설자재 소매,G21099,기타 건설/건축자재 소매업,G47519,"페인트, 창호 및 기타 건설자재 소매업",11,서울특별시,11440,마포구,11440565,공덕동,1144010100,아현동,1144010100107620000,1,대지,762,,서울특별시 마포구 아현동 762,114404139622,서울특별시 마포구 환일2길,3,,1144010100107620000000022,명칭없음,서울특별시 마포구 환일2길 3,121858,04199,,1,,126.959822775637,37.5567191242275
MA010120220805051976,나우시스템,,G2,소매,G210,철물·건설자재 소매,G21099,기타 건설/건축자재 소매업,G47519,"페인트, 창호 및 기타 건설자재 소매업",11,서울특별시,11260,중랑구,11260655,망우본동,1126010500,망우동,1126010500105080026,1,대지,508,26,서울특별시 중랑구 망우동 508-26,112604118401,서울특별시 중랑구 상봉로28길,29,,1126010500105080026004797,두양하이츠,서울특별시 중랑구 상봉로28길 29,131809,02169,,1,,127.094607721712,37.596079519559
MA010120220804553798,엠에이치엔지니어링,,G2,소매,G210,철물·건설자재 소매,G21099,기타 건설/건축자재 소매업,G47519,"페인트, 창호 및 기타 건설자재 소매업",41,경기도,41310,구리시,41310570,수택1동,4131010500,수택동,4131010500102900007,1,대지,290,7,경기도 구리시 수택동 290-7,413103196002,경기도 구리시 검배로,85,24,4131010500102900007005748,무명,경기도 구리시 검배로 85-24,471814,11943,,1,,127.14811028875,37.5956370812843
MA010120220802400019,원일건재,,G2,소매,G210,철물·건설자재 소매,G21099,기타 건설/건축자재 소매업,G47519,"페인트, 창호 및 기타 건설자재 소매업",41,경기도,41192,부천시 원미구,41192570,역곡1동,4119210700,역곡동,4119210700102450017,1,대지,245,17,경기도 부천시 원미구 역곡동 245-17,411924352130,경기도 부천시 원미구 부일로815번길,22,19,4119510700102450017039649,성덕맨션,경기도 부천시 원미구 부일로815번길 22-19,420833,14665,,1,,126.819236259963,37.4911839029745
MA010120220803189150,디앤에이채원,,G2,소매,G210,철물·건설자재 소매,G21099,기타 건설/건축자재 소매업,G47519,"페인트, 창호 및 기타 건설자재 소매업",41,경기도,41271,안산시 상록구,41271550,본오2동,4127110400,본오동,4127110400108710000,1,대지,871,,경기도 안산시 상록구 본오동 871,412713190025,경기도 안산시 상록구 반석로,44,,4127110400108710000000579,신안1차,경기도 안산시 상록구 반석로 44,426729,15541,,3,,126.864571350636,37.2950200446026
MA010120220803051858,에이치피세라믹,,G2,소매,G210,철물·건설자재 소매,G21099,기타 건설/건축자재 소매업,G47519,"페인트, 창호 및 기타 건설자재 소매업",11,서울특별시,11320,도봉구,11320522,도봉2동,1132010800,도봉동,1132010800106550000,1,대지,655,,서울특별시 도봉구 도봉동 655,113204127172,서울특별시 도봉구 도봉로170길,40,,1132010800106550000010489,도봉삼성래미안아파트,서울특별시 도봉구 도봉로170길 40,132707,01321,,1,,127.04718118833,37.6796833703365
MA010120220805145770,세인ENG,,G2,소매,G210,철물·건설자재 소매,G21099,기타 건설/건축자재 소매업,G47519,"페인트, 창호 및 기타 건설자재 소매업",41,경기도,41610,광주시,41610600,신현동,4161011500,신현동,4161011500108590029,1,대지,859,29,경기도 광주시 신현동 859-29,416104433274,경기도 광주시 상태길81번길,3,3,4161025022108590029000001,훼미리하우스2차,경기도 광주시 상태길81번길 3-3,464925,12771,,4,,127.143854424551,37.3547124923806
MA010120220802322466,대원합판,,G2,소매,G210,철물·건설자재 소매,G21099,기타 건설/건축자재 소매업,G47519,"페인트, 창호 및 기타 건설자재 소매업",41,경기도,41192,부천시 원미구,41192700,상3동,4119210900,상동,4119210900105260006,1,대지,526,6,경기도 부천시 원미구 상동 526-6,411923184001,경기도 부천시 원미구 계남로,81,,4119510900105260006033701,진달래마을신동아아파트,경기도 부천시 원미구 계남로 81,420860,14507,,1,,126.75793324845,37.5100763741068
MA010120220801614665,금왕상사,,G2,소매,G210,철물·건설자재 소매,G21099,기타 건설/건축자재 소매업,G47519,"페인트, 창호 및 기타 건설자재 소매업",43,충청북도,43770,음성군,43770253,금왕읍,4377025321,금왕읍,4377025321100930000,1,대지,93,,충청북도 음성군 금왕읍 무극리 93,437704541216,충청북도 음성군 금왕읍 무극로324번길,15,,4377025321100960004214664,음성금왕LH3단지,충청북도 음성군 금왕읍 무극로324번길 15,369904,27636,,2,,127.598576148008,36.9935983282873
MA010120220808149586,소망상사,,G2,소매,G210,철물·건설자재 소매,G21099,기타 건설/건축자재 소매업,G47519,"페인트, 창호 및 기타 건설자재 소매업",44,충청남도,44825,태안군,44825250,태안읍,4482525022,태안읍,4482525022104580002,1,대지,458,2,충청남도 태안군 태안읍 남문리 458-2,448254592059,충청남도 태안군 태안읍 능샘2길,20,,4482525022104580002000001,푸르지오빌,충청남도 태안군 태안읍 능샘2길 20,357901,32142,,4,,126.292987129492,36.7540169544561
MA010120220807095628,드림인테리어,,G2,소매,G210,철물·건설자재 소매,G21099,기타 건설/건축자재 소매업,G47519,"페인트, 창호 및 기타 건설자재 소매업",11,서울특별시,11200,성동구,11200645,옥수동,1120011300,옥수동,1120011300100040000,1,대지,4,,서울특별시 성동구 옥수동 4,112004109085,서울특별시 성동구 독서당로40길,25,,1120011300100040000010103,현대아파트,서울특별시 성동구 독서당로40길 25,133767,04739,,1,,127.019304253388,37.5433445547516
MA010120220810089744,이음,,G2,소매,G210,철물·건설자재 소매,G21099,기타 건설/건축자재 소매업,G47519,"페인트, 창호 및 기타 건설자재 소매업",41,경기도,41192,부천시 원미구,41192530,심곡3동,4119210200,심곡동,4119210200103390001,1,대지,339,1,경기도 부천시 원미구 심곡동 339-1,411924352329,경기도 부천시 원미구 신흥로59번길,53,,4119010200103390001000001,에이엔캐슬,경기도 부천시 원미구 신흥로59번길 53,420826,14616,,1,,126.77435057647,37.4893407273388
MA010120220806692908,경북건재,,G2,소매,G210,철물·건설자재 소매,G21099,기타 건설/건축자재 소매업,G47519,"페인트, 창호 및 기타 건설자재 소매업",11,서울특별시,11380,은평구,11380520,불광1동,1138010300,불광동,1138010300102790003,1,대지,279,3,서울특별시 은평구 불광동 279-3,113803111004,서울특별시 은평구 불광로,65,,1138010300102790003039295,명칭없음,서울특별시 은평구 불광로 65,122858,03358,,1,,126.931794625793,37.6128831730102
MA010120220808123330,비에스하우징,,G2,소매,G210,철물·건설자재 소매,G21099,기타 건설/건축자재 소매업,G47519,"페인트, 창호 및 기타 건설자재 소매업",44,충청남도,44131,천안시 동남구,44131570,신방동,4413111600,신방동,4413111600109200000,1,대지,920,,충청남도 천안시 동남구 신방동 920,441313249032,충청남도 천안시 동남구 신촌4로,16,,4413111600109200000031705,초원그린타운,충청남도 천안시 동남구 신촌4로 16,330770,31177,,2,,127.126844836433,36.7876069194517
MA010120220809699900,이원산업,,G2,소매,G210,철물·건설자재 소매,G21099,기타 건설/건축자재 소매업,G47519,"페인트, 창호 및 기타 건설자재 소매업",44,충청남도,44760,부여군,44760250,부여읍,4476025029,부여읍,4476025029101450005,1,대지,145,5,충청남도 부여군 부여읍 구아리 145-5,447603259094,충청남도 부여군 부여읍 사비로,112,,4476025029101450005014445,수정상가,충청남도 부여군 부여읍 사비로 112,323805,33146,,2,,126.910886887706,36.2826352348136
MA010120220806862621,새길상사,,G2,소매,G210,철물·건설자재 소매,G21099,기타 건설/건축자재 소매업,G47519,"페인트, 창호 및 기타 건설자재 소매업",28,인천광역시,28200,남동구,28200560,만수1동,2820010300,만수동,2820010300110050000,1,대지,1005,,인천광역시 남동구 만수동 1005,282003153019,인천광역시 남동구 담방로,105,,2820010300110050000029484,만수주공8단지,인천광역시 남동구 담방로 105,405770,21541,,4,,126.740578827048,37.4491494934721
MA010120220808345391,리치홈하우징,,G2,소매,G210,철물·건설자재 소매,G21099,기타 건설/건축자재 소매업,G47519,"페인트, 창호 및 기타 건설자재 소매업",27,대구광역시,27110,중구,27110670,남산4동,2711015600,남산동,2711015600124820001,1,대지,2482,1,대구광역시 중구 남산동 2482-1,271104223043,대구광역시 중구 남산로7길,80,,2711015600124820001021572,까치아파트,대구광역시 중구 남산로7길 80,700753,41977,,1,,128.579245478643,35.8603119755445
MA010120220810193115,더나무,,G2,소매,G210,철물·건설자재 소매,G21099,기타 건설/건축자재 소매업,G47519,"페인트, 창호 및 기타 건설자재 소매업",26,부산광역시,26500,수영구,26500760,광안1동,2650010400,광안동,2650010400101010022,1,대지,101,22,부산광역시 수영구 광안동 101-22,265004214203,부산광역시 수영구 무학로9번길,32,,2650010400101010022000001,골든하우스,부산광역시 수영구 무학로9번길 32,613801,48269,,1,,129.115260834129,35.1631907103256
MA010120220800602459,탱크유,,G2,소매,G210,철물·건설자재 소매,G21099,기타 건설/건축자재 소매업,G47519,"페인트, 창호 및 기타 건설자재 소매업",11,서울특별시,11740,강동구,11740590,암사3동,1174010700,암사동,1174010700104410010,1,대지,441,10,서울특별시 강동구 암사동 441-10,117403124001,서울특별시 강동구 고덕로,47,,1174010700104410010023575,정산아파트,서울특별시 강동구 고덕로 47,134855,05238,,3,,127.130420194589,37.5550141150205
MA010120220800214757,사스티에스,,G2,소매,G210,철물·건설자재 소매,G21099,기타 건설/건축자재 소매업,G47519,"페인트, 창호 및 기타 건설자재 소매업",11,서울특별시,11440,마포구,11440710,연남동,1144012400,연남동,1144012400103640008,1,대지,364,8,서울특별시 마포구 연남동 364-8,114403113016,서울특별시 마포구 연남로,83,,1144012400103640008027661,무지개연남,서울특별시 마포구 연남로 83,121866,03975,,2,,126.918356425833,37.5661131460009
MA010120220800597120,삼성케미칼,,G2,소매,G210,철물·건설자재 소매,G21099,기타 건설/건축자재 소매업,G47519,"페인트, 창호 및 기타 건설자재 소매업",11,서울특별시,11380,은평구,11380520,불광1동,1138010300,불광동,1138010300106310001,1,대지,631,1,서울특별시 은평구 불광동 631-1,113803111004,서울특별시 은평구 불광로,90,,1138010300106310001040164,대호프라자아파트,서울특별시 은평구 불광로 90,122847,03364,,2,,126.933004546457,37.6150732682207
MA010120220801361346,케이솔루션,,G2,소매,G210,철물·건설자재 소매,G21099,기타 건설/건축자재 소매업,G47519,"페인트, 창호 및 기타 건설자재 소매업",41,경기도,41370,오산시,41370523,대원1동,4137010100,오산동,4137010100105400015,1,대지,540,15,경기도 오산시 오산동 540-15,413703198029,경기도 오산시 역광장로,90,,4137010100105400015000548,미소가,경기도 오산시 역광장로 90,447801,18137,,1,,127.068089935444,37.148405272971
MA010120220800862871,삼성공업사,,G2,소매,G210,철물·건설자재 소매,G21099,기타 건설/건축자재 소매업,G47519,"페인트, 창호 및 기타 건설자재 소매업",11,서울특별시,11470,양천구,11470530,목3동,1147010200,목동,1147010200107160009,1,대지,716,9,서울특별시 양천구 목동 716-9,114704142129,서울특별시 양천구 목동중앙남로14가길,3,,1147010200107160009018639,효원그린빌라,서울특별시 양천구 목동중앙남로14가길 3,158813,07955,,1,,126.866549387481,37.5408560477197
MA010120220801340342,동남타일,,G2,소매,G210,철물·건설자재 소매,G21099,기타 건설/건축자재 소매업,G47519,"페인트, 창호 및 기타 건설자재 소매업",41,경기도,41115,수원시 팔달구,41115680,화서1동,4111513800,화서동,4111513800100670014,1,대지,67,14,경기도 수원시 팔달구 화서동 67-14,411153176014,경기도 수원시 팔달구 팔달로,146,1,4111513800100670014007382,상원빌,경기도 수원시 팔달구 팔달로 146-1,442858,16440,,1,,127.005626807339,37.2813655639888
MA010120220801117045,나무생각,,G2,소매,G210,철물·건설자재 소매,G21099,기타 건설/건축자재 소매업,G47519,"페인트, 창호 및 기타 건설자재 소매업",28,인천광역시,28260,서구,28260550,석남1동,2826011000,석남동,2826011000101890023,1,대지,189,23,인천광역시 서구 석남동 189-23,282603156052,인천광역시 서구 신석로,39,,2826011000101890023014253,,인천광역시 서구 신석로 39,404822,22786,,,,126.666317916575,37.5102405271237
MA010120220801104310,대풍건재,,G2,소매,G210,철물·건설자재 소매,G21099,기타 건설/건축자재 소매업,G47519,"페인트, 창호 및 기타 건설자재 소매업",28,인천광역시,28140,동구,28140555,송현1.2동,2814010300,송현동,2814010300100700015,1,대지,70,15,인천광역시 동구 송현동 70-15,281403150028,인천광역시 동구 화도진로,57,,2814010300100700015060602,,인천광역시 동구 화도진로 57,401041,22550,,1,,126.632310089539,37.4773971407913
MA010120220801166017,영재목재전시장,,G2,소매,G210,철물·건설자재 소매,G21099,기타 건설/건축자재 소매업,G47519,"페인트, 창호 및 기타 건설자재 소매업",41,경기도,41285,고양시 일산동구,41285580,장항1동,4128510600,백석동,4128510600111220032,1,대지,1122,32,경기도 고양시 일산동구 백석동 1122-32,412853193030,경기도 고양시 일산동구 장항로,45,6,4128510600111220032003031,,경기도 고양시 일산동구 장항로 45-6,410835,10433,,,,126.789287795204,37.6299235981369
MA010120220801144479,세원종합자재,,G2,소매,G210,철물·건설자재 소매,G21099,기타 건설/건축자재 소매업,G47519,"페인트, 창호 및 기타 건설자재 소매업",46,전라남도,46110,목포시,46110520,용당2동,4611010100,용당동,4611010100109600158,1,대지,960,158,전라남도 목포시 용당동 960-158,461104643290,전라남도 목포시 산정로142번길,27,,4611010100109600158044378,,전라남도 목포시 산정로142번길 27,530834,58707,,1,,126.395448906024,34.8024994873139
MA010120220801209465,현대냉동산업,,G2,소매,G210,철물·건설자재 소매,G21099,기타 건설/건축자재 소매업,G47519,"페인트, 창호 및 기타 건설자재 소매업",41,경기도,41570,김포시,41570250,통진읍,4157025021,통진읍,4157025021108900003,1,대지,890,3,경기도 김포시 통진읍 도사리 890-3,415702209001,경기도 김포시 통진읍 김포대로,1939,,4157025021108900003000001,,경기도 김포시 통진읍 김포대로 1939,415863,10036,,,,126.626944052803,37.6785261717585
MA010120220801234005,한스엠알오,,G2,소매,G210,철물·건설자재 소매,G21099,기타 건설/건축자재 소매업,G47519,"페인트, 창호 및 기타 건설자재 소매업",44,충청남도,44800,홍성군,44800253,광천읍,4480025330,광천읍,4480025330105090023,1,대지,509,23,충청남도 홍성군 광천읍 옹암리 509-23,448004586529,충청남도 홍성군 광천읍 토굴새우젓길,39,,4480025330105090023011444,,충청남도 홍성군 광천읍 토굴새우젓길 39,350907,32297,,,,126.616817426807,36.486007279703
MA010120220801208790,하나앵글인테리어,,G2,소매,G210,철물·건설자재 소매,G21099,기타 건설/건축자재 소매업,G47519,"페인트, 창호 및 기타 건설자재 소매업",28,인천광역시,28245,계양구,28245611,계산1동,2824510200,계산동,2824510200109550029,1,대지,955,29,인천광역시 계양구 계산동 955-29,282454265063,인천광역시 계양구 계산천동로7번길,18,1,2824510200109550029197170,,인천광역시 계양구 계산천동로7번길 18-1,407807,21053,,,,126.723697065504,37.5405991959248
MA010120220801215883,신화종합공사,,G2,소매,G210,철물·건설자재 소매,G21099,기타 건설/건축자재 소매업,G47519,"페인트, 창호 및 기타 건설자재 소매업",28,인천광역시,28237,부평구,28237660,부개2동,2823710700,부개동,2823710700101250009,1,대지,125,9,인천광역시 부평구 부개동 125-9,282373154013,인천광역시 부평구 동수천로,82,4,2823710700101250009109047,,인천광역시 부평구 동수천로 82-4,403807,21401,,1,,126.736900213029,37.4927051022583
MA010120220801250652,에이치케이글로벌,,G2,소매,G210,철물·건설자재 소매,G21099,기타 건설/건축자재 소매업,G47519,"페인트, 창호 및 기타 건설자재 소매업",46,전라남도,46230,광양시,46230530,중마동,4623010600,중동,4623010600118880001,1,대지,1888,1,전라남도 광양시 중동 1888-1,462303285050,전라남도 광양시 항만13로,23,7,4623010600118880001000001,,전라남도 광양시 항만13로 23-7,545827,57793,,,,127.698330672556,34.9262798006086
MA010120220802954790,테라스,,G2,소매,G210,철물·건설자재 소매,G21099,기타 건설/건축자재 소매업,G47519,"페인트, 창호 및 기타 건설자재 소매업",41,경기도,41465,용인시 수지구,41465510,풍덕천1동,4146510100,풍덕천동,4146510100107040006,1,대지,704,6,경기도 용인시 수지구 풍덕천동 704-6,414654415079,경기도 용인시 수지구 수지로342번길,34,,4146510100107040006025435,신촌빌딩,경기도 용인시 수지구 수지로342번길 34,448553,16837,,5,,127.096907571223,37.3254767860811
MA010120220802958002,홈앤톤즈,,G2,소매,G210,철물·건설자재 소매,G21099,기타 건설/건축자재 소매업,G47519,"페인트, 창호 및 기타 건설자재 소매업",41,경기도,41131,성남시 수정구,41131570,수진1동,4113110300,수진동,4113110300100870000,1,대지,87,,경기도 성남시 수정구 수진동 87,411313179021,경기도 성남시 수정구 제일로,148,1,4113110300100870000045349,,경기도 성남시 수정구 제일로 148-1,461804,13329,,,,127.132536472919,37.4398091453147
MA010120220803035592,테라스,안산지점,G2,소매,G210,철물·건설자재 소매,G21099,기타 건설/건축자재 소매업,G47519,"페인트, 창호 및 기타 건설자재 소매업",41,경기도,41273,안산시 단원구,41273545,원곡동,4127310800,원곡동,4127310800109940005,1,대지,994,5,경기도 안산시 단원구 원곡동 994-5,412733012031,경기도 안산시 단원구 산단로,326,,4127310800109940005001086,,경기도 안산시 단원구 산단로 326,425780,15431,,,,126.78750644884,37.3234425118844
MA010120220803025224,일신,,G2,소매,G210,철물·건설자재 소매,G21099,기타 건설/건축자재 소매업,G47519,"페인트, 창호 및 기타 건설자재 소매업",48,경상남도,48890,합천군,48890250,합천읍,4889025021,합천읍,4889025021103430001,1,대지,343,1,경상남도 합천군 합천읍 합천리 343-1,488903348045,경상남도 합천군 합천읍 동서로,123,,4889025021103430001003217,,경상남도 합천군 합천읍 동서로 123,678801,50231,,,,128.165586270692,35.5657981158291
MA010120220803033711,양산자재총판,,G2,소매,G210,철물·건설자재 소매,G21099,기타 건설/건축자재 소매업,G47519,"페인트, 창호 및 기타 건설자재 소매업",48,경상남도,48330,양산시,48330310,동면,4833031023,동면,4833031023101110000,1,대지,111,,경상남도 양산시 동면 여락리 111,483303000039,경상남도 양산시 동면 영천로,78,,4833031023101110000000001,,경상남도 양산시 동면 영천로 78,626824,50647,,,,129.107894250823,35.3060782247759
MA010120220802994267,대성종합석재,,G2,소매,G210,철물·건설자재 소매,G21099,기타 건설/건축자재 소매업,G47519,"페인트, 창호 및 기타 건설자재 소매업",48,경상남도,48730,함안군,48730330,법수면,4873033024,법수면,4873033024107950001,1,대지,795,1,경상남도 함안군 법수면 윤외리 795-1,487303340012,경상남도 함안군 법수면 법수로,451,,4873033024107950001021852,,경상남도 함안군 법수면 법수로 451,637833,52057,,,,128.373124874117,35.312258895275
MA010120220803073098,다복,,G2,소매,G210,철물·건설자재 소매,G21099,기타 건설/건축자재 소매업,G47519,"페인트, 창호 및 기타 건설자재 소매업",11,서울특별시,11260,중랑구,11260610,중화2동,1126010300,중화동,1126010300103010068,1,대지,301,68,서울특별시 중랑구 중화동 301-68,112604118080,서울특별시 중랑구 동일로123가길,10,13,1126010300103010068012443,,서울특별시 중랑구 동일로123가길 10-13,131880,02103,,,,127.078938336089,37.5982714377939
MA010120220803040860,한도,,G2,소매,G210,철물·건설자재 소매,G21099,기타 건설/건축자재 소매업,G47519,"페인트, 창호 및 기타 건설자재 소매업",27,대구광역시,27110,중구,27110650,남산2동,2711015600,남산동,2711015600102410008,1,대지,241,8,대구광역시 중구 남산동 241-8,271104223104,대구광역시 중구 명륜로6길,24,10,2711015600102410008023915,,대구광역시 중구 명륜로6길 24-10,700831,41965,,,,128.587321340051,35.8644859668364
MA010120220803071329,형제석재,,G2,소매,G210,철물·건설자재 소매,G21099,기타 건설/건축자재 소매업,G47519,"페인트, 창호 및 기타 건설자재 소매업",48,경상남도,48240,사천시,48240360,곤명면,4824036032,곤명면,4824036032101990016,1,대지,199,16,경상남도 사천시 곤명면 정곡리 199-16,482402332001,경상남도 사천시 곤명면 경서대로,3365,,4824036032101990016027885,,경상남도 사천시 곤명면 경서대로 3365,664921,52501,,,,127.975851146789,35.1272492378292
MA010120220803040053,에이스,,G2,소매,G210,철물·건설자재 소매,G21099,기타 건설/건축자재 소매업,G47519,"페인트, 창호 및 기타 건설자재 소매업",41,경기도,41150,의정부시,41150568,신곡2동,4115010400,신곡동,4115010400101210017,1,대지,121,17,경기도 의정부시 신곡동 121-17,411504343347,경기도 의정부시 추동로108번길,46,,4115010400101210017017272,,경기도 의정부시 추동로108번길 46,480828,11779,,,,127.067408861734,37.7466158631411
MA010120220803120365,태진종합상사,,G2,소매,G210,철물·건설자재 소매,G21099,기타 건설/건축자재 소매업,G47519,"페인트, 창호 및 기타 건설자재 소매업",41,경기도,41461,용인시 처인구,41461256,이동읍,4146125626,이동읍,4146125626103100001,1,대지,310,1,경기도 용인시 처인구 이동읍 덕성리 310-1,414614409374,경기도 용인시 처인구 이동읍 백옥대로320번길,58,6,4146133026103100001004366,나,경기도 용인시 처인구 이동읍 백옥대로320번길 58-6,449831,17130,,,,127.212172500834,37.1648143740148
MA010120220803086239,도명,,G2,소매,G210,철물·건설자재 소매,G21099,기타 건설/건축자재 소매업,G47519,"페인트, 창호 및 기타 건설자재 소매업",41,경기도,41360,남양주시,41360570,별내동,4136011100,별내동,4136011100109740001,1,대지,974,1,경기도 남양주시 별내동 974-1,413603197037,경기도 남양주시 순화궁로,272,,4136011100109740001000001,동광비즈타워,경기도 남양주시 순화궁로 272,472501,12106,,,,127.129421722394,37.6515923027159
MA010120220804593947,상진철망，휀스,,G2,소매,G210,철물·건설자재 소매,G21099,기타 건설/건축자재 소매업,G47519,"페인트, 창호 및 기타 건설자재 소매업",51,강원특별자치도,51720,홍천군,51720250,홍천읍,5172025029,홍천읍,5172025029101770015,1,대지,177,15,강원특별자치도 홍천군 홍천읍 연봉리 177-15,517203225035,강원특별자치도 홍천군 홍천읍 연봉동로,10,,4272025029101770015015313,,강원특별자치도 홍천군 홍천읍 연봉동로 10,250930,25145,,,,127.878364632475,37.6845484553615
MA010120220804594911,우리종합샷시유리,,G2,소매,G210,철물·건설자재 소매,G21099,기타 건설/건축자재 소매업,G47519,"페인트, 창호 및 기타 건설자재 소매업",51,강원특별자치도,51720,홍천군,51720250,홍천읍,5172025029,홍천읍,5172025029100730000,1,대지,73,,강원특별자치도 홍천군 홍천읍 연봉리 73,517203000146,강원특별자치도 홍천군 홍천읍 설악로,1628,30,4272025029100750000009100,,강원특별자치도 홍천군 홍천읍 설악로 1628-30,250930,25142,,1,,127.882458914449,37.6799140285533
MA010120220804585010,현대자원개발,,G2,소매,G210,철물·건설자재 소매,G21099,기타 건설/건축자재 소매업,G47519,"페인트, 창호 및 기타 건설자재 소매업",51,강원특별자치도,51230,삼척시,51230570,성내동,5123010500,당저동,5123010500100390009,1,대지,39,9,강원특별자치도 삼척시 당저동 39-9,512303223002,강원특별자치도 삼척시 교동로,13,,4223010500100390009000001,,강원특별자치도 삼척시 교동로 13,245942,25916,,1,,129.164197863354,37.4467325610299
MA010120220804593657,서석종합목공소,,G2,소매,G210,철물·건설자재 소매,G21099,기타 건설/건축자재 소매업,G47519,"페인트, 창호 및 기타 건설자재 소매업",51,강원특별자치도,51720,홍천군,51720340,서석면,5172034021,서석면,5172034021102730000,1,대지,273,,강원특별자치도 홍천군 서석면 풍암리 273,517203013017,강원특별자치도 홍천군 서석면 구룡령로,2565,,4272034021102730000027058,,강원특별자치도 홍천군 서석면 구룡령로 2565,250835,25166,,,,128.189982308799,37.7108794754102
MA010120220804639359,대광E.S,,G2,소매,G210,철물·건설자재 소매,G21099,기타 건설/건축자재 소매업,G47519,"페인트, 창호 및 기타 건설자재 소매업",51,강원특별자치도,51130,원주시,51130600,우산동,5113011100,우산동,5113011100102300005,1,대지,230,5,강원특별자치도 원주시 우산동 230-5,511304457288,강원특별자치도 원주시 북원로2507번길,19,,4213011100102300005015433,,강원특별자치도 원주시 북원로2507번길 19,220955,26342,,,,127.938988343528,37.3683541919479
MA010120220804680849,기쁨창종합문,,G2,소매,G210,철물·건설자재 소매,G21099,기타 건설/건축자재 소매업,G47519,"페인트, 창호 및 기타 건설자재 소매업",51,강원특별자치도,51770,정선군,51770250,정선읍,5177025021,정선읍,5177025021101970000,1,대지,197,,강원특별자치도 정선군 정선읍 봉양리 197,517704487142,강원특별자치도 정선군 정선읍 봉양2길,11,20,4277025021101970000011532,,강원특별자치도 정선군 정선읍 봉양2길 11-20,233804,26131,,,,128.659941143588,37.3784957967953
MA010120220804666788,행복,,G2,소매,G210,철물·건설자재 소매,G21099,기타 건설/건축자재 소매업,G47519,"페인트, 창호 및 기타 건설자재 소매업",51,강원특별자치도,51130,원주시,51130660,무실동,5113011500,무실동,5113011500110190015,1,대지,1019,15,강원특별자치도 원주시 무실동 1019-15,511303219073,강원특별자치도 원주시 북원로,1891,,4213011500110190009000001,,강원특별자치도 원주시 북원로 1891,220150,26396,,,,127.916227898556,37.3180136760239
MA010120220804675036,천혜자원,,G2,소매,G210,철물·건설자재 소매,G21099,기타 건설/건축자재 소매업,G47519,"페인트, 창호 및 기타 건설자재 소매업",51,강원특별자치도,51130,원주시,51130515,중앙동,5113010900,학성동,5113010900100010006,1,대지,1,6,강원특별자치도 원주시 학성동 1-6,511304457549,강원특별자치도 원주시 정지길,8,,4213010900100010006837682,,강원특별자치도 원주시 정지길 8,220963,26332,,,,127.948456463752,37.3654134805477
MA010120220804696692,동서골재,,G2,소매,G210,철물·건설자재 소매,G21099,기타 건설/건축자재 소매업,G47519,"페인트, 창호 및 기타 건설자재 소매업",51,강원특별자치도,51150,강릉시,51150510,홍제동,5115010100,홍제동,5115010100103660009,1,대지,366,9,강원특별자치도 강릉시 홍제동 366-9,511504460096,강원특별자치도 강릉시 경강로1928번길,15,,4215010100103660015026406,,강원특별자치도 강릉시 경강로1928번길 15,210949,25523,,,,128.879365766456,37.7466947178229
MA010120220804719349,강일상사,,G2,소매,G210,철물·건설자재 소매,G21099,기타 건설/건축자재 소매업,G47519,"페인트, 창호 및 기타 건설자재 소매업",51,강원특별자치도,51150,강릉시,51150560,교2동,5115011000,교동,5115011000108010012,1,대지,801,12,강원특별자치도 강릉시 교동 801-12,511503220032,강원특별자치도 강릉시 율곡로,2938,1,4215011000108010012011851,,강원특별자치도 강릉시 율곡로 2938-1,210922,25490,,1,,128.891833661976,37.7649534619077
MA010120220806055804,보령석재,,G2,소매,G210,철물·건설자재 소매,G21099,기타 건설/건축자재 소매업,G47519,"페인트, 창호 및 기타 건설자재 소매업",44,충청남도,44133,천안시 서북구,44133250,성환읍,4413325022,성환읍,4413325022102110000,1,대지,211,,충청남도 천안시 서북구 성환읍 성월리 211,441334550341,충청남도 천안시 서북구 성환읍 성월4길,1,1,4413325022102110000011531,,충청남도 천안시 서북구 성환읍 성월4길 1-1,331804,31022,,,,127.13485816929,36.9233043173037
MA010120220806071206,진우상사,,G2,소매,G210,철물·건설자재 소매,G21099,기타 건설/건축자재 소매업,G47519,"페인트, 창호 및 기타 건설자재 소매업",44,충청남도,44133,천안시 서북구,44133520,성정2동,4413310200,성정동,4413310200106750008,1,대지,675,8,충청남도 천안시 서북구 성정동 675-8,441332249004,충청남도 천안시 서북구 쌍용대로,256,,4413310200106750008051361,,충청남도 천안시 서북구 쌍용대로 256,331975,31138,,,,127.13631321304,36.8200725042335
MA010120220806054390,삼성가설산업,,G2,소매,G210,철물·건설자재 소매,G21099,기타 건설/건축자재 소매업,G47519,"페인트, 창호 및 기타 건설자재 소매업",44,충청남도,44131,천안시 동남구,44131250,목천읍,4413125029,목천읍,4413125029102460000,1,대지,246,,충청남도 천안시 동남구 목천읍 운전리 246,441312249001,충청남도 천안시 동남구 목천읍 남부대로,1159,,4413125029102460000000001,,충청남도 천안시 동남구 목천읍 남부대로 1159,330843,31246,,,,127.240364933237,36.7648768118876
MA010120220806056485,청일건재,,G2,소매,G210,철물·건설자재 소매,G21099,기타 건설/건축자재 소매업,G47519,"페인트, 창호 및 기타 건설자재 소매업",44,충청남도,44133,천안시 서북구,44133250,성환읍,4413325023,성환읍,4413325023103630013,1,대지,363,13,충청남도 천안시 서북구 성환읍 매주리 363-13,441333250039,충청남도 천안시 서북구 성환읍 연암율금로,377,,4413325023103630013018679,,충청남도 천안시 서북구 성환읍 연암율금로 377,331803,31010,,,,127.120087694401,36.9085241936318
MA010120220806048623,남선공업사,,G2,소매,G210,철물·건설자재 소매,G21099,기타 건설/건축자재 소매업,G47519,"페인트, 창호 및 기타 건설자재 소매업",44,충청남도,44133,천안시 서북구,44133250,성환읍,4413325021,성환읍,4413325021103210000,1,대지,321,,충청남도 천안시 서북구 성환읍 성환리 321,441333015012,충청남도 천안시 서북구 성환읍 신방로,513,,4413325021103210000010217,,충청남도 천안시 서북구 성환읍 신방로 513,331805,31013,,,,127.133451077888,36.9208999865898
MA010120220806075992,다머박스,,G2,소매,G210,철물·건설자재 소매,G21099,기타 건설/건축자재 소매업,G47519,"페인트, 창호 및 기타 건설자재 소매업",44,충청남도,44200,아산시,44200360,둔포면,4420036022,둔포면,4420036022100750017,1,대지,75,17,충청남도 아산시 둔포면 송용리 75-17,442003253076,충청남도 아산시 둔포면 윤보선로,625,1,4420036022100750017000001,,충청남도 아산시 둔포면 윤보선로 625-1,336874,31400,,,,127.029572984685,36.9227914751062
MA010120220806063579,준공업사,,G2,소매,G210,철물·건설자재 소매,G21099,기타 건설/건축자재 소매업,G47519,"페인트, 창호 및 기타 건설자재 소매업",44,충청남도,44200,아산시,44200253,배방읍,4420025322,배방읍,4420025322103300001,1,대지,330,1,충청남도 아산시 배방읍 수철리 330-1,442003015030,충청남도 아산시 배방읍 고불로,273,,4420025322103300001000001,,충청남도 아산시 배방읍 고불로 273,336856,31582,,,,127.057037730397,36.7287727472375
MA010120220806084495,연합철공구공사,,G2,소매,G210,철물·건설자재 소매,G21099,기타 건설/건축자재 소매업,G47519,"페인트, 창호 및 기타 건설자재 소매업",44,충청남도,44200,아산시,44200590,온양3동,4420011400,권곡동,4420011400105390021,1,대지,539,21,충청남도 아산시 권곡동 539-21,442004559764,충청남도 아산시 충무로82번길,5,2,4420011400105390021032603,,충청남도 아산시 충무로82번길 5-2,336030,31515,,,,127.007371907584,36.7883591685571
MA010120220806110895,우신상사,,G2,소매,G210,철물·건설자재 소매,G21099,기타 건설/건축자재 소매업,G47519,"페인트, 창호 및 기타 건설자재 소매업",44,충청남도,44133,천안시 서북구,44133250,성환읍,4413325028,성환읍,4413325028100540001,1,대지,54,1,충청남도 천안시 서북구 성환읍 우신리 54-1,441334550523,충청남도 천안시 서북구 성환읍 와룡길,47,7,4413325028100540001007136,,충청남도 천안시 서북구 성환읍 와룡길 47-7,331808,31002,,,,127.116626628204,36.9273605136025
MA010120220806106083,보성,,G2,소매,G210,철물·건설자재 소매,G21099,기타 건설/건축자재 소매업,G47519,"페인트, 창호 및 기타 건설자재 소매업",44,충청남도,44131,천안시 동남구,44131340,성남면,4413134027,성남면,4413134027103150000,1,대지,315,,충청남도 천안시 동남구 성남면 신사리 315,441313249030,충청남도 천안시 동남구 성남면 신사대화로,145,,4413134027103150000059465,,충청남도 천안시 동남구 성남면 신사대화로 145,330892,31245,,2,,127.236230946846,36.7425824302635
MA010120220806150343,명천조각,,G2,소매,G210,철물·건설자재 소매,G21099,기타 건설/건축자재 소매업,G47519,"페인트, 창호 및 기타 건설자재 소매업",44,충청남도,44180,보령시,44180250,웅천읍,4418025025,웅천읍,4418025025100540001,1,대지,54,1,충청남도 보령시 웅천읍 대천리 54-1,441804556069,충청남도 보령시 웅천읍 구장터1길,43,,4418025025100540001000001,,충청남도 보령시 웅천읍 구장터1길 43,355854,33519,,,,126.593937395467,36.2355678491079
MA010120220806144923,남진샤시,,G2,소매,G210,철물·건설자재 소매,G21099,기타 건설/건축자재 소매업,G47519,"페인트, 창호 및 기타 건설자재 소매업",44,충청남도,44770,서천군,44770250,장항읍,4477025022,장항읍,4477025022103890003,1,대지,389,3,충청남도 서천군 장항읍 창선2리 389-3,447704580673,충청남도 서천군 장항읍 장서로44번길,37,,4477025022103900002008466,,충청남도 서천군 장항읍 장서로44번길 37,325907,33674,,,,126.700345021547,36.0118315196985
MA010120220806155095,효성건재,,G2,소매,G210,철물·건설자재 소매,G21099,기타 건설/건축자재 소매업,G47519,"페인트, 창호 및 기타 건설자재 소매업",44,충청남도,44180,보령시,44180250,웅천읍,4418025021,웅천읍,4418025021107240005,1,대지,724,5,충청남도 보령시 웅천읍 대창리 724-5,441804556537,충청남도 보령시 웅천읍 장터중앙길,190,,4418025021107240001027926,,충청남도 보령시 웅천읍 장터중앙길 190,355853,33520,,,,126.598275601143,36.2356005176964
MA010120220806132893,대경석재산업,,G2,소매,G210,철물·건설자재 소매,G21099,기타 건설/건축자재 소매업,G47519,"페인트, 창호 및 기타 건설자재 소매업",28,인천광역시,28260,서구,28260539,청라3동,2826012200,청라동,2826012200100960003,1,대지,96,3,인천광역시 서구 청라동 96-3,282604853096,인천광역시 서구 청라한내로100번길,8,16,2826012200100960003000001,현대썬앤빌더테라스레이크,인천광역시 서구 청라한내로100번길 8-16,,22758,,,,126.629060369615,37.5332760366312
MA010120220806144136,광영건재,,G2,소매,G210,철물·건설자재 소매,G21099,기타 건설/건축자재 소매업,G47519,"페인트, 창호 및 기타 건설자재 소매업",44,충청남도,44180,보령시,44180525,대천2동,4418010100,대천동,4418010100104090004,1,대지,409,4,충청남도 보령시 대천동 409-4,441803252047,충청남도 보령시 대흥로,101,,4418010100104090004015288,,충청남도 보령시 대흥로 101,355931,33449,,,,126.588517852308,36.3525678695037
MA010120220806126513,청석산업주,,G2,소매,G210,철물·건설자재 소매,G21099,기타 건설/건축자재 소매업,G47519,"페인트, 창호 및 기타 건설자재 소매업",44,충청남도,44131,천안시 동남구,44131360,병천면,4413136027,병천면,4413136027108770000,1,대지,877,,충청남도 천안시 동남구 병천면 봉항리 877,441314547745,충청남도 천안시 동남구 병천면 풍산공원길,92,,4413136027108770000002841,,충청남도 천안시 동남구 병천면 풍산공원길 92,330862,31239,,,,127.306372384949,36.8281632728074
MA010120220806185897,삼성종합상사,,G2,소매,G210,철물·건설자재 소매,G21099,기타 건설/건축자재 소매업,G47519,"페인트, 창호 및 기타 건설자재 소매업",30,대전광역시,30200,유성구,30200540,온천2동,3020011700,장대동,3020011700102830012,1,대지,283,12,대전광역시 유성구 장대동 283-12,302003167061,대전광역시 유성구 장대로,32,,3020011700102830013012981,,대전광역시 유성구 장대로 32,305308,34170,,,,127.336550855172,36.3579391057693
MA010120220806201995,동하산업,,G2,소매,G210,철물·건설자재 소매,G21099,기타 건설/건축자재 소매업,G47519,"페인트, 창호 및 기타 건설자재 소매업",30,대전광역시,30200,유성구,30200540,온천2동,3020012200,궁동,3020012200103950007,1,대지,395,7,대전광역시 유성구 궁동 395-7,302003167013,대전광역시 유성구 궁동로,28,,3020012200103950007010978,,대전광역시 유성구 궁동로 28,305335,34137,,,,127.348183294003,36.3631145633545
MA010120220806173633,제일공업사,,G2,소매,G210,철물·건설자재 소매,G21099,기타 건설/건축자재 소매업,G47519,"페인트, 창호 및 기타 건설자재 소매업",30,대전광역시,30170,서구,30170530,도마2동,3017010300,도마동,3017010300101270016,1,대지,127,16,대전광역시 서구 도마동 127-16,301704298441,대전광역시 서구 사마1길,7,,3017010300101270016028966,,대전광역시 서구 사마1길 7,302822,35334,,,,127.377866552385,36.3171004155543
MA010120220807559179,세보건영,,G2,소매,G210,철물·건설자재 소매,G21099,기타 건설/건축자재 소매업,G47519,"페인트, 창호 및 기타 건설자재 소매업",41,경기도,41610,광주시,41610560,광남1동,4161011100,장지동,4161011100105600001,1,대지,560,1,경기도 광주시 장지동 560-1,416102012002,경기도 광주시 경충대로,1920,,4161011100105600001009170,,경기도 광주시 경충대로 1920,464070,12748,,,,127.227232576699,37.4071834033544
MA010120220807580877,디펜스,,G2,소매,G210,철물·건설자재 소매,G21099,기타 건설/건축자재 소매업,G47519,"페인트, 창호 및 기타 건설자재 소매업",29,광주광역시,29110,동구,29110620,지산1동,2911011100,지산동,2911011100107030028,1,대지,703,28,광주광역시 동구 지산동 703-28,291103162072,광주광역시 동구 밤실로,55,,2911011100107030028009193,,광주광역시 동구 밤실로 55,501838,61439,,,,126.936072257063,35.1524873430515
MA010120220807599286,동곡석재,,G2,소매,G210,철물·건설자재 소매,G21099,기타 건설/건축자재 소매업,G47519,"페인트, 창호 및 기타 건설자재 소매업",46,전라남도,46170,나주시,46170380,노안면,4617038023,노안면,4617038023105500058,1,대지,550,58,전라남도 나주시 노안면 학산리 550-58,461703000079,전라남도 나주시 노안면 건재로,485,,4617038023105500058000001,,전라남도 나주시 노안면 건재로 485,520814,58208,,,,126.749000896805,35.0619184863962
MA010120220807593123,MS화이바,,G2,소매,G210,철물·건설자재 소매,G21099,기타 건설/건축자재 소매업,G47519,"페인트, 창호 및 기타 건설자재 소매업",29,광주광역시,29200,광산구,29200565,어룡동,2920010600,운수동,2920010600100540003,1,대지,54,3,광주광역시 광산구 운수동 54-3,292004289420,광주광역시 광산구 어등대로531번길,27,,2920010600100540003033735,,광주광역시 광산구 어등대로531번길 27,506110,62382,,,,126.781772744431,35.1547683949668
MA010120220807566990,성실기업,,G2,소매,G210,철물·건설자재 소매,G21099,기타 건설/건축자재 소매업,G47519,"페인트, 창호 및 기타 건설자재 소매업",29,광주광역시,29170,북구,29170650,문화동,2917011300,각화동,2917011300101800012,1,대지,180,12,광주광역시 북구 각화동 180-12,291703162002,광주광역시 북구 군왕로,196,,2917011300101800005000001,,광주광역시 북구 군왕로 196,500800,61151,,,,126.93498713308,35.1783467449762
MA010120220807569690,대동실업,,G2,소매,G210,철물·건설자재 소매,G21099,기타 건설/건축자재 소매업,G47519,"페인트, 창호 및 기타 건설자재 소매업",29,광주광역시,29170,북구,29170666,삼각동,2917011600,삼각동,2917011600105810019,1,대지,581,19,광주광역시 북구 삼각동 581-19,291704286575,광주광역시 북구 우치로361번길,22,,2917011600105810019000001,,광주광역시 북구 우치로361번길 22,500825,61050,,,,126.9021393955,35.19748746867
MA010120220807563476,보령FRP.SMC,,G2,소매,G210,철물·건설자재 소매,G21099,기타 건설/건축자재 소매업,G47519,"페인트, 창호 및 기타 건설자재 소매업",28,인천광역시,28260,서구,28260515,검암경서동,2826010300,검암동,2826010300105000010,1,대지,500,10,인천광역시 서구 검암동 500-10,282603156016,인천광역시 서구 검암로,35,,2826010300105000010012670,,인천광역시 서구 검암로 35,404842,22704,,,,126.680280147633,37.5673392552375
MA010120220807583810,씨에스연구소,,G2,소매,G210,철물·건설자재 소매,G21099,기타 건설/건축자재 소매업,G47519,"페인트, 창호 및 기타 건설자재 소매업",29,광주광역시,29170,북구,29170510,중흥1동,2917010100,중흥동,2917010100106440024,1,대지,644,24,광주광역시 북구 중흥동 644-24,291704286133,광주광역시 북구 독립로375번길,3,,2917010100106440024011126,,광주광역시 북구 독립로375번길 3,500876,61228,,2,,126.915405880766,35.1640391201508
MA010120220807622546,케이제이상사,,G2,소매,G210,철물·건설자재 소매,G21099,기타 건설/건축자재 소매업,G47519,"페인트, 창호 및 기타 건설자재 소매업",29,광주광역시,29200,광산구,29200630,신가동,2920011900,신가동,2920011900110020007,1,대지,1002,7,광주광역시 광산구 신가동 1002-7,292004289114,광주광역시 광산구 목련로394번길,23,7,2920011900110020007042633,,광주광역시 광산구 목련로394번길 23-7,506901,62300,,,,126.83374555514,35.1840998900951
MA010120220807617931,중앙앵글,,G2,소매,G210,철물·건설자재 소매,G21099,기타 건설/건축자재 소매업,G47519,"페인트, 창호 및 기타 건설자재 소매업",29,광주광역시,29200,광산구,29200565,어룡동,2920010800,소촌동,2920010800105340001,1,대지,534,1,광주광역시 광산구 소촌동 534-1,292002009004,광주광역시 광산구 상무대로,251,1,2920010800105340001000001,외,광주광역시 광산구 상무대로 251-1,506802,62429,,,,126.79379041076,35.1417017056488
MA010120220807628667,문강산업,,G2,소매,G210,철물·건설자재 소매,G21099,기타 건설/건축자재 소매업,G47519,"페인트, 창호 및 기타 건설자재 소매업",29,광주광역시,29170,북구,29170676,오치1동,2917011500,오치동,2917011500110360004,1,대지,1036,4,광주광역시 북구 오치동 1036-4,291704286446,광주광역시 북구 송월로30번길,9,,2917011500110360004001596,,광주광역시 북구 송월로30번길 9,500836,61132,,3,,126.913878400557,35.1865449286332
MA010120220807621105,동강실업,,G2,소매,G210,철물·건설자재 소매,G21099,기타 건설/건축자재 소매업,G47519,"페인트, 창호 및 기타 건설자재 소매업",29,광주광역시,29200,광산구,29200600,월곡1동,2920012800,월곡동,2920012800105510003,1,대지,551,3,광주광역시 광산구 월곡동 551-3,292004289513,광주광역시 광산구 월곡중앙로33번길,6,,2920012800105510003001104,,광주광역시 광산구 월곡중앙로33번길 6,506827,62347,,,,126.810745786123,35.1694010817248
MA010120220807628838,나산석재,,G2,소매,G210,철물·건설자재 소매,G21099,기타 건설/건축자재 소매업,G47519,"페인트, 창호 및 기타 건설자재 소매업",29,광주광역시,29200,광산구,29200640,하남동,2920012500,하남동,2920012500100210012,1,대지,21,12,광주광역시 광산구 하남동 21-12,292002009008,광주광역시 광산구 하남대로,105,,2920012500100210012000001,,광주광역시 광산구 하남대로 105,506250,62233,,1,,126.805186687573,35.1805961199099
MA010120220807683472,태화조립식건축,,G2,소매,G210,철물·건설자재 소매,G21099,기타 건설/건축자재 소매업,G47519,"페인트, 창호 및 기타 건설자재 소매업",46,전라남도,46110,목포시,46110757,하당동,4611015800,상동,4611015800108390000,1,대지,839,,전라남도 목포시 상동 839,461104643208,전라남도 목포시 백년대로315번길,14,,4611015800108390000015332,,전라남도 목포시 백년대로315번길 14,530822,58665,,,,126.421368744384,34.8057984026889
MA010120220807682213,성원적벽돌,,G2,소매,G210,철물·건설자재 소매,G21099,기타 건설/건축자재 소매업,G47519,"페인트, 창호 및 기타 건설자재 소매업",46,전라남도,46110,목포시,46110756,상동,4611016000,석현동,4611016000106780014,1,대지,678,14,전라남도 목포시 석현동 678-14,461103281095,전라남도 목포시 영산로,586,,4611016000106780014000001,,전라남도 목포시 영산로 586,530830,58655,,,,126.421319109701,34.8175884172467
MA010120220807647955,성운장애인편의시설,,G2,소매,G210,철물·건설자재 소매,G21099,기타 건설/건축자재 소매업,G47519,"페인트, 창호 및 기타 건설자재 소매업",41,경기도,41310,구리시,41310590,수택3동,4131010700,토평동,4131010700107200004,1,대지,720,4,경기도 구리시 토평동 720-4,413104388176,경기도 구리시 코스모스길,95,,4131010700107200004000001,,경기도 구리시 코스모스길 95,471033,11961,,,,127.138241636324,37.5801700099699
MA010120220809040187,인테리어모든,,G2,소매,G210,철물·건설자재 소매,G21099,기타 건설/건축자재 소매업,G47519,"페인트, 창호 및 기타 건설자재 소매업",27,대구광역시,27110,중구,27110517,동인동,2711010400,동인동4가,2711010400104380002,1,대지,438,2,대구광역시 중구 동인동4가 438-2,271103007001,대구광역시 중구 국채보상로,740,,2711010400104380003014381,,대구광역시 중구 국채보상로 740,700847,41946,,,,128.611387637695,35.8682476823729
MA010120220809070819,천일건재상사,,G2,소매,G210,철물·건설자재 소매,G21099,기타 건설/건축자재 소매업,G47519,"페인트, 창호 및 기타 건설자재 소매업",27,대구광역시,27230,북구,27230645,대현동,2723011000,대현동,2723011000104160019,1,대지,416,19,대구광역시 북구 대현동 416-19,272304235248,대구광역시 북구 신천동로148길,37,,2723011000104160019048480,,대구광역시 북구 신천동로148길 37,702823,41571,,,,128.604210029984,35.8845462762894
MA010120220809070896,형제합판,,G2,소매,G210,철물·건설자재 소매,G21099,기타 건설/건축자재 소매업,G47519,"페인트, 창호 및 기타 건설자재 소매업",27,대구광역시,27230,북구,27230645,대현동,2723011000,대현동,2723011000104120001,1,대지,412,1,대구광역시 북구 대현동 412-1,272303007003,대구광역시 북구 대현로,28,,2723011000104120001007119,,대구광역시 북구 대현로 28,702823,41572,,,,128.602990112802,35.8855538207076
MA010120220809043845,D.H우드,,G2,소매,G210,철물·건설자재 소매,G21099,기타 건설/건축자재 소매업,G47519,"페인트, 창호 및 기타 건설자재 소매업",41,경기도,41390,시흥시,41390591,정왕1동,4139013200,정왕동,4139013200113670001,1,대지,1367,1,경기도 시흥시 정왕동 1367-1,413902199001,경기도 시흥시 공단1대로,244,,4139013200113670001016345,공구상가,경기도 시흥시 공단1대로 244,429853,15103,,,,126.728445299906,37.3353324328239
MA010120220809103490,제일가설산업,,G2,소매,G210,철물·건설자재 소매,G21099,기타 건설/건축자재 소매업,G47519,"페인트, 창호 및 기타 건설자재 소매업",47,경상북도,47130,경주시,47130330,내남면,4713033022,내남면,4713033022105890000,1,대지,589,,경상북도 경주시 내남면 노곡리 589,471303305012,경상북도 경주시 내남면 내외로,1268,1,4713033022105890000091207,,경상북도 경주시 내남면 내외로 1268-1,780851,38198,,,,129.222586496364,35.741779135061
MA010120220809133064,신일적연와,,G2,소매,G210,철물·건설자재 소매,G21099,기타 건설/건축자재 소매업,G47519,"페인트, 창호 및 기타 건설자재 소매업",47,경상북도,47230,영천시,47230540,완산동,4723011300,완산동,4723011300104990020,1,대지,499,20,경상북도 영천시 완산동 499-20,472303310019,경상북도 영천시 영화로,240,,4723011300104990020000001,,경상북도 영천시 영화로 240,770905,38895,,,,128.948981306437,35.9639037619407
MA010120220809136202,성우건재,,G2,소매,G210,철물·건설자재 소매,G21099,기타 건설/건축자재 소매업,G47519,"페인트, 창호 및 기타 건설자재 소매업",47,경상북도,47230,영천시,47230400,대창면,4723040032,대창면,4723040032110330001,1,대지,1033,1,경상북도 영천시 대창면 대창리 1033-1,472303018029,경상북도 영천시 대창면 금박로,1053,,4723040032110330004005689,,경상북도 영천시 대창면 금박로 1053,770912,38911,,,,128.89517160294,35.8753596867634
MA010120220809121730,어일상사,,G2,소매,G210,철물·건설자재 소매,G21099,기타 건설/건축자재 소매업,G47519,"페인트, 창호 및 기타 건설자재 소매업",47,경상북도,47130,경주시,47130315,문무대왕면,4713031531,문무대왕면,4713031531120180000,1,대지,2018,,경상북도 경주시 문무대왕면 용동리 2018,471303018002,경상북도 경주시 문무대왕면 기림로,623,5,4713031031120180000047079,,경상북도 경주시 문무대왕면 기림로 623-5,780892,38119,,,,129.411194618204,35.8381303896673
MA010120220809157106,미래건업,,G2,소매,G210,철물·건설자재 소매,G21099,기타 건설/건축자재 소매업,G47519,"페인트, 창호 및 기타 건설자재 소매업",47,경상북도,47111,포항시 남구,47111320,동해면,4711132028,동해면,4711132028102200000,1,대지,220,,경상북도 포항시 남구 동해면 마산리 220,471113303064,경상북도 포항시 남구 동해면 호미로,2732,,4711132028102200000000001,,경상북도 포항시 남구 동해면 호미로 2732,790854,37922,,,,129.482540029481,36.016188018163
MA010120220809124495,제일건재,,G2,소매,G210,철물·건설자재 소매,G21099,기타 건설/건축자재 소매업,G47519,"페인트, 창호 및 기타 건설자재 소매업",47,경상북도,47130,경주시,47130250,감포읍,4713025029,감포읍,4713025029103810001,1,대지,381,1,경상북도 경주시 감포읍 감포리 381-1,471303305002,경상북도 경주시 감포읍 감포로,129,2,4713025029103810001054330,,경상북도 경주시 감포읍 감포로 129-2,780831,38125,,,,129.502057036766,35.8055752631303
MA010120220809172380,포항알미늄,,G2,소매,G210,철물·건설자재 소매,G21099,기타 건설/건축자재 소매업,G47519,"페인트, 창호 및 기타 건설자재 소매업",47,경상북도,47113,포항시 북구,47113665,용흥동,4711311700,용흥동,4711311700102480010,1,대지,248,10,경상북도 포항시 북구 용흥동 248-10,471134712369,경상북도 포항시 북구 새천년대로631번길,53,,4711311700102480010000001,,경상북도 포항시 북구 새천년대로631번길 53,791811,37689,,,,129.351904269193,36.0264628966088
MA010120220809179798,공간연출,,G2,소매,G210,철물·건설자재 소매,G21099,기타 건설/건축자재 소매업,G47519,"페인트, 창호 및 기타 건설자재 소매업",47,경상북도,47111,포항시 남구,47111525,상대동,4711110200,대도동,4711110200100600027,1,대지,60,27,경상북도 포항시 남구 대도동 60-27,471113303014,경상북도 포항시 남구 상공로,185,,4711110200100600027130054,,경상북도 포항시 남구 상공로 185,790821,37779,,,,129.366121054751,36.0222907979869
MA010120220809186220,스마트상사,,G2,소매,G210,철물·건설자재 소매,G21099,기타 건설/건축자재 소매업,G47519,"페인트, 창호 및 기타 건설자재 소매업",47,경상북도,47111,포항시 남구,47111590,대이동,4711111600,대잠동,4711111600109170003,1,대지,917,3,경상북도 포항시 남구 대잠동 917-3,471114709241,경상북도 포항시 남구 새천년대로460번길,7,,4711111600109170003117039,,경상북도 포항시 남구 새천년대로460번길 7,790826,37759,,,,129.347225755886,36.0164454414136
MA010120220809169657,동성샷시,,G2,소매,G210,철물·건설자재 소매,G21099,기타 건설/건축자재 소매업,G47519,"페인트, 창호 및 기타 건설자재 소매업",47,경상북도,47113,포항시 북구,47113250,흥해읍,4711325048,흥해읍,4711325048110750000,1,대지,1075,,경상북도 포항시 북구 흥해읍 성곡리 1075,471134712398,경상북도 포항시 북구 흥해읍 소티재로361번길,25,,4711325048110750000012673,,경상북도 포항시 북구 흥해읍 소티재로361번길 25,791948,37561,,,,129.340109550913,36.0802667968913
MA010120220809187338,히트팩토리,,G2,소매,G210,철물·건설자재 소매,G21099,기타 건설/건축자재 소매업,G47519,"페인트, 창호 및 기타 건설자재 소매업",47,경상북도,47111,포항시 남구,47111550,송도동,4711110400,송도동,4711110400104610010,1,대지,461,10,경상북도 포항시 남구 송도동 461-10,471114709269,경상북도 포항시 남구 송림로10번길,21,,4711110400104610010098631,,경상북도 포항시 남구 송림로10번길 21,790830,37799,,1,,129.378441790972,36.0310928709073
MA010120220810572961,대명건재,,G2,소매,G210,철물·건설자재 소매,G21099,기타 건설/건축자재 소매업,G47519,"페인트, 창호 및 기타 건설자재 소매업",26,부산광역시,26170,동구,26170650,범일1동,2617010400,범일동,2617010400115220216,1,대지,1522,216,부산광역시 동구 범일동 1522-216,261703127010,부산광역시 동구 범상로,45,1,2617010400115220216009142,,부산광역시 동구 범상로 45-1,601811,48701,,,,129.047953914208,35.1441616130307
MA010120220810537643,유림건재,,G2,소매,G210,철물·건설자재 소매,G21099,기타 건설/건축자재 소매업,G47519,"페인트, 창호 및 기타 건설자재 소매업",26,부산광역시,26140,서구,26140660,남부민2동,2614012300,남부민동,2614012300104410051,1,대지,441,51,부산광역시 서구 남부민동 441-51,261403126022,부산광역시 서구 해돋이로,42,1,2614012300104410051016235,,부산광역시 서구 해돋이로 42-1,602804,49262,,,,129.018282877848,35.0835058562768
MA010120220810576733,이성건재,,G2,소매,G210,철물·건설자재 소매,G21099,기타 건설/건축자재 소매업,G47519,"페인트, 창호 및 기타 건설자재 소매업",26,부산광역시,26170,동구,26170550,초량6동,2617010100,초량동,2617010100108060001,1,대지,806,1,부산광역시 동구 초량동 806-1,261703127002,부산광역시 동구 구봉로,7,1,2617010100108060001002846,,부산광역시 동구 구봉로 7-1,601832,48802,,,,129.03788216434,35.1212705530357
MA010120220810582479,원당건축자재,,G2,소매,G210,철물·건설자재 소매,G21099,기타 건설/건축자재 소매업,G47519,"페인트, 창호 및 기타 건설자재 소매업",52,전북특별자치도,52111,전주시 완산구,52111692,평화2동,5211113100,원당동,5211113100100730001,1,대지,73,1,전북특별자치도 전주시 완산구 원당동 73-1,521114598113,전북특별자치도 전주시 완산구 모악산자락길,270,7,4511113100100730001000001,,전북특별자치도 전주시 완산구 모악산자락길 270-7,560287,55142,,,,127.11841855723,35.7548763549118
MA010120220810580227,경남건재,,G2,소매,G210,철물·건설자재 소매,G21099,기타 건설/건축자재 소매업,G47519,"페인트, 창호 및 기타 건설자재 소매업",26,부산광역시,26380,사하구,26380530,괴정3동,2638010100,괴정동,2638010100104000006,1,대지,400,6,부산광역시 사하구 괴정동 400-6,263804202300,부산광역시 사하구 사리로7번길,29,1,2638010100104000006039268,,부산광역시 사하구 사리로7번길 29-1,604810,49353,,,,128.998491673921,35.0995684057616
MA010120220810591932,한려종합상사,,G2,소매,G210,철물·건설자재 소매,G21099,기타 건설/건축자재 소매업,G47519,"페인트, 창호 및 기타 건설자재 소매업",48,경상남도,48220,통영시,48220340,광도면,4822034024,광도면,4822034024104010001,1,대지,401,1,경상남도 통영시 광도면 죽림리 401-1,482202328001,경상남도 통영시 광도면 남해안대로,952,16,4822034024104010001000001,,경상남도 통영시 광도면 남해안대로 952-16,650828,53018,,,,128.413752493655,34.8784573937692
MA010120220810588875,디자인시선,,G2,소매,G210,철물·건설자재 소매,G21099,기타 건설/건축자재 소매업,G47519,"페인트, 창호 및 기타 건설자재 소매업",41,경기도,41287,고양시 일산서구,41287580,송포동,4128710400,대화동,4128710400123070012,1,대지,2307,12,경기도 고양시 일산서구 대화동 2307-12,412873194032,경기도 고양시 일산서구 킨텍스로,255,,4128710400123070012000001,사무동,경기도 고양시 일산서구 킨텍스로 255,411807,10390,,11,,126.749551342649,37.6691467379771
MA010120220810646571,에프엠하우징,,G2,소매,G210,철물·건설자재 소매,G21099,기타 건설/건축자재 소매업,G47519,"페인트, 창호 및 기타 건설자재 소매업",26,부산광역시,26230,부산진구,26230660,부암3동,2623010800,부암동,2623010800106170007,1,대지,617,7,부산광역시 부산진구 부암동 617-7,262304187641,부산광역시 부산진구 용사촌로37번길,12,,2623010800106170007000001,진여그린빌,부산광역시 부산진구 용사촌로37번길 12,614841,47149,,2,,129.032852888498,35.1743978226215
MA010120220810637917,어반세라믹,,G2,소매,G210,철물·건설자재 소매,G21099,기타 건설/건축자재 소매업,G47519,"페인트, 창호 및 기타 건설자재 소매업",41,경기도,41281,고양시 덕양구,41281610,능곡동,4128112000,토당동,4128112000108320011,1,대지,832,11,경기도 고양시 덕양구 토당동 832-11,412814376223,경기도 고양시 덕양구 지도로125번길,6,,4128112000108320011012872,,경기도 고양시 덕양구 지도로125번길 6,412820,10507,,지,,126.822654639575,37.6281945165775
MA010120220810649721,영진건재,,G2,소매,G210,철물·건설자재 소매,G21099,기타 건설/건축자재 소매업,G47519,"페인트, 창호 및 기타 건설자재 소매업",26,부산광역시,26230,부산진구,26230680,당감2동,2623010900,당감동,2623010900100690003,1,대지,69,3,부산광역시 부산진구 당감동 69-3,262304187054,부산광역시 부산진구 가야대로703번길,37,,2623010900100690003007432,,부산광역시 부산진구 가야대로703번길 37,614816,47262,,,,129.048505526899,35.1587241258833
MA010120220810648471,송천종합건재,,G2,소매,G210,철물·건설자재 소매,G21099,기타 건설/건축자재 소매업,G47519,"페인트, 창호 및 기타 건설자재 소매업",11,서울특별시,11305,강북구,11305555,송천동,1130510100,미아동,1130510100104730137,1,대지,473,137,서울특별시 강북구 미아동 473-137,113054124067,서울특별시 강북구 도봉로13길,63,1,1130510100104730137025387,,서울특별시 강북구 도봉로13길 63-1,142805,01210,,,,127.026718865213,37.614981142098
MA010120220810690181,구포문집,,G2,소매,G210,철물·건설자재 소매,G21099,기타 건설/건축자재 소매업,G47519,"페인트, 창호 및 기타 건설자재 소매업",26,부산광역시,26320,북구,26320520,구포2동,2632010500,구포동,2632010500111180002,1,대지,1118,2,부산광역시 북구 구포동 1118-2,263203132023,부산광역시 북구 사상로,620,,2632010500111180002012009,,부산광역시 북구 사상로 620,616807,46503,,,,128.991460924564,35.1994263128415
MA010120220810680264,부산건재,,G2,소매,G210,철물·건설자재 소매,G21099,기타 건설/건축자재 소매업,G47519,"페인트, 창호 및 기타 건설자재 소매업",26,부산광역시,26440,강서구,26440530,강동동,2644010300,강동동,2644010300106610530,1,대지,661,530,부산광역시 강서구 강동동 661-530,264403006026,부산광역시 강서구 낙동북로,151,,2644010300106610530027577,,부산광역시 강서구 낙동북로 151,618800,46705,,,,128.945394335552,35.2155585231944
MA010120220800912211,다온농자재,,G2,소매,G210,철물·건설자재 소매,G21099,기타 건설/건축자재 소매업,G47519,"페인트, 창호 및 기타 건설자재 소매업",44,충청남도,44230,논산시,44230253,연무읍,4423025331,연무읍,4423025331105330016,1,대지,533,16,충청남도 논산시 연무읍 안심리 533-16,442303255028,충청남도 논산시 연무읍 연무로,14,,4423025331105330016055136,,충청남도 논산시 연무읍 연무로 14,320838,33007,,,,127.083036769064,36.1362754047221
MA010120220800915023,이태리상점,,G2,소매,G210,철물·건설자재 소매,G21099,기타 건설/건축자재 소매업,G47519,"페인트, 창호 및 기타 건설자재 소매업",36,세종특별자치시,36110,세종특별자치시,36110518,나성동,3611010700,나성동,3611010700107680000,1,대지,768,,세종특별자치시 세종특별자치시 나성동 768,361102000002,세종특별자치시 세종특별자치시 한누리대로,234,,3611010700104180000000001,르네상스,세종특별자치시 세종특별자치시 한누리대로 234,339003,30128,,7,,127.25911820114,36.4856202622605
MA010120220800979497,지엘그린,,G2,소매,G210,철물·건설자재 소매,G21099,기타 건설/건축자재 소매업,G47519,"페인트, 창호 및 기타 건설자재 소매업",11,서울특별시,11620,관악구,11620585,낙성대동,1162010100,봉천동,1162010100116010025,1,대지,1601,25,서울특별시 관악구 봉천동 1601-25,116204160255,서울특별시 관악구 남부순환로230길,9,,1162010100116010025030154,,서울특별시 관악구 남부순환로230길 9,151835,08789,,,,126.955511281655,37.4796908087691
MA010120220800943117,샘스,코리아,G2,소매,G210,철물·건설자재 소매,G21099,기타 건설/건축자재 소매업,G47519,"페인트, 창호 및 기타 건설자재 소매업",11,서울특별시,11740,강동구,11740540,명일2동,1174010100,명일동,1174010100100440000,1,대지,44,,서울특별시 강동구 명일동 44,117404172032,서울특별시 강동구 고덕로62길,48,,1174010100100440000018755,신동아,서울특별시 강동구 고덕로62길 48,134786,05268,,,,127.152620160604,37.5528070936216
MA010120220800958427,한창네트웍스,,G2,소매,G210,철물·건설자재 소매,G21099,기타 건설/건축자재 소매업,G47519,"페인트, 창호 및 기타 건설자재 소매업",41,경기도,41590,화성시,41590330,마도면,4159033027,마도면,4159033027103340017,1,대지,334,17,경기도 화성시 마도면 해문리 334-17,415903210032,경기도 화성시 마도면 마도북로,193,22,4159033027103340017000001,,경기도 화성시 마도면 마도북로 193-22,445861,18537,,,,126.752729711423,37.2006172301116
MA010120220801007719,케이스리주,,G2,소매,G210,철물·건설자재 소매,G21099,기타 건설/건축자재 소매업,G47519,"페인트, 창호 및 기타 건설자재 소매업",11,서울특별시,11620,관악구,11620695,신림동,1162010200,신림동,1162010200114090001,1,대지,1409,1,서울특별시 관악구 신림동 1409-1,116203005083,서울특별시 관악구 봉천로,298,,1162010200114090001012993,광진빌딩,서울특별시 관악구 봉천로 298,151890,08755,,1,,126.933662255151,37.4865102066699
MA010120220801013745,신화건업,,G2,소매,G210,철물·건설자재 소매,G21099,기타 건설/건축자재 소매업,G47519,"페인트, 창호 및 기타 건설자재 소매업",11,서울특별시,11620,관악구,11620585,낙성대동,1162010100,봉천동,1162010100102070008,1,대지,207,8,서울특별시 관악구 봉천동 207-8,116204160261,서울특별시 관악구 남부순환로240길,26,,1162010100102070008030721,,서울특별시 관악구 남부순환로240길 26,151851,08792,,1,,126.960770026701,37.4768184518404
MA010120220801030506,천년나무,,G2,소매,G210,철물·건설자재 소매,G21099,기타 건설/건축자재 소매업,G47519,"페인트, 창호 및 기타 건설자재 소매업",44,충청남도,44210,서산시,44210550,석남동,4421010900,예천동,4421010900106180002,1,대지,618,2,충청남도 서산시 예천동 618-2,442103254009,충청남도 서산시 공림4로,14,,4421010900106180002000001,호,충청남도 서산시 공림4로 14,356808,31988,,,,126.434762277818,36.7717156928783
MA010120220801054124,에프페이머스,,G2,소매,G210,철물·건설자재 소매,G21099,기타 건설/건축자재 소매업,G47519,"페인트, 창호 및 기타 건설자재 소매업",41,경기도,41117,수원시 영통구,41117585,영통3동,4111710500,영통동,4111710500109960004,1,대지,996,4,경기도 수원시 영통구 영통동 996-4,411173177007,경기도 수원시 영통구 봉영로,1612,,4111710500109960004001202,보보스프라자,경기도 수원시 영통구 봉영로 1612,443470,16704,,7,,127.074971114515,37.2544729032565
MA010120220801065228,라인앤,,G2,소매,G210,철물·건설자재 소매,G21099,기타 건설/건축자재 소매업,G47519,"페인트, 창호 및 기타 건설자재 소매업",11,서울특별시,11710,송파구,11710642,문정2동,1171010800,문정동,1171010800106340000,1,대지,634,,서울특별시 송파구 문정동 634,117103123017,서울특별시 송파구 충민로,66,,1171010800105600000000001,와이동,서울특별시 송파구 충민로 66,138888,05838,,8,,127.12496063833,37.4776148454472
MA010120220802790175,케이제이진,,G2,소매,G210,철물·건설자재 소매,G21099,기타 건설/건축자재 소매업,G47519,"페인트, 창호 및 기타 건설자재 소매업",11,서울특별시,11620,관악구,11620575,행운동,1162010100,봉천동,1162010100116740015,1,대지,1674,15,서울특별시 관악구 봉천동 1674-15,116204160757,서울특별시 관악구 행운길,9,,1162010100116740015032446,드림빌라,서울특별시 관악구 행운길 9,151849,08739,,2,,126.958925717009,37.4795929340567
MA010120220802801537,덕성종합상사,,G2,소매,G210,철물·건설자재 소매,G21099,기타 건설/건축자재 소매업,G47519,"페인트, 창호 및 기타 건설자재 소매업",41,경기도,41461,용인시 처인구,41461350,백암면,4146135021,백암면,4146135021103660001,1,대지,366,1,경기도 용인시 처인구 백암면 백암리 366-1,414613203052,경기도 용인시 처인구 백암면 백암로,210,,4146135021103660001001006,,경기도 용인시 처인구 백암면 백암로 210,449862,17178,,2,,127.374605760632,37.1653673515311
MA010120220802804648,광주건철,,G2,소매,G210,철물·건설자재 소매,G21099,기타 건설/건축자재 소매업,G47519,"페인트, 창호 및 기타 건설자재 소매업",41,경기도,41461,용인시 처인구,41461253,모현읍,4146125324,모현읍,4146125324105860004,1,대지,586,4,경기도 용인시 처인구 모현읍 일산리 586-4,414613203149,경기도 용인시 처인구 모현읍 문현로,212,4,4146131024105860004001206,,경기도 용인시 처인구 모현읍 문현로 212-4,449855,17032,,,,127.231852079522,37.3411113993871
MA010120220802810329,태흥목재문짝,,G2,소매,G210,철물·건설자재 소매,G21099,기타 건설/건축자재 소매업,G47519,"페인트, 창호 및 기타 건설자재 소매업",41,경기도,41461,용인시 처인구,41461510,중앙동,4146110400,남동,4146110400106810000,1,대지,681,,경기도 용인시 처인구 남동 681,414612012009,경기도 용인시 처인구 백옥대로,1028,,4146110100100060020212430,,경기도 용인시 처인구 백옥대로 1028,449030,17063,,,,127.211300570311,37.2276822489841
MA010120220802817744,보다아트,,G2,소매,G210,철물·건설자재 소매,G21099,기타 건설/건축자재 소매업,G47519,"페인트, 창호 및 기타 건설자재 소매업",41,경기도,41461,용인시 처인구,41461540,동부동,4146110700,마평동,4146110700102740002,1,대지,274,2,경기도 용인시 처인구 마평동 274-2,414612012012,경기도 용인시 처인구 중부대로,1703,,4146110700102740002008463,,경기도 용인시 처인구 중부대로 1703,449928,17143,,,,127.23372551911,37.2317669055187
MA010120220802855008,한라산업,,G2,소매,G210,철물·건설자재 소매,G21099,기타 건설/건축자재 소매업,G47519,"페인트, 창호 및 기타 건설자재 소매업",41,경기도,41590,화성시,41590256,우정읍,4159025631,우정읍,4159025631106930005,1,대지,693,5,경기도 화성시 우정읍 화산리 693-5,415903210010,경기도 화성시 우정읍 기아자동차로,510,22,4159025631106930005000001,,경기도 화성시 우정읍 기아자동차로 510-22,445953,18569,,,,126.791761666709,37.0603250039661
MA010120220802808303,우린도어,,G2,소매,G210,철물·건설자재 소매,G21099,기타 건설/건축자재 소매업,G47519,"페인트, 창호 및 기타 건설자재 소매업",41,경기도,41461,용인시 처인구,41461253,모현읍,4146125327,모현읍,4146125327103570002,1,대지,357,2,경기도 용인시 처인구 모현읍 능원리 357-2,414614409187,경기도 용인시 처인구 모현읍 능곡로56번길,47,,4146131027103570002257349,,경기도 용인시 처인구 모현읍 능곡로56번길 47,449852,16886,,,,127.180611693514,37.3338302972732
MA010120220802891628,아로에이지,,G2,소매,G210,철물·건설자재 소매,G21099,기타 건설/건축자재 소매업,G47519,"페인트, 창호 및 기타 건설자재 소매업",41,경기도,41133,성남시 중원구,41133570,상대원1동,4113310500,상대원동,4113310500105130022,1,대지,513,22,경기도 성남시 중원구 상대원동 513-22,411332179001,경기도 성남시 중원구 둔촌대로,464,,4113310500105130022000001,드림테크노,경기도 성남시 중원구 둔촌대로 464,462806,13229,,,,127.168259882432,37.4317086167116
MA010120220802898668,장평석재,,G2,소매,G210,철물·건설자재 소매,G21099,기타 건설/건축자재 소매업,G47519,"페인트, 창호 및 기타 건설자재 소매업",52,전북특별자치도,52140,익산시,52140370,낭산면,5214037026,낭산면,5214037026100880000,1,대지,88,,전북특별자치도 익산시 낭산면 구평리 88,521404608144,전북특별자치도 익산시 낭산면 장평길,58,20,4514037026100880000033302,,전북특별자치도 익산시 낭산면 장평길 58-20,570891,54523,,,,127.014162296121,36.057329512857
MA010120220802930631,대전넘버원방충망,,G2,소매,G210,철물·건설자재 소매,G21099,기타 건설/건축자재 소매업,G47519,"페인트, 창호 및 기타 건설자재 소매업",30,대전광역시,30140,중구,30140730,문화2동,3014011600,문화동,3014011600101600028,1,대지,160,28,대전광역시 중구 문화동 160-28,301404295586,대전광역시 중구 천근로70번길,31,,3014011600101600028029679,해피빌,대전광역시 중구 천근로70번길 31,301132,35005,,,,127.407052198804,36.3083803058884
MA010120220802936209,대구문수리,,G2,소매,G210,철물·건설자재 소매,G21099,기타 건설/건축자재 소매업,G47519,"페인트, 창호 및 기타 건설자재 소매업",27,대구광역시,27290,달서구,27290615,진천동,2729011700,진천동,2729011700107670000,1,대지,767,,대구광역시 달서구 진천동 767,272904241216,대구광역시 달서구 상화로9길,37,6,2729011700107670000012110,,대구광역시 달서구 상화로9길 37-6,704837,42777,,,,128.519447843626,35.8100056343218
MA010120220802939509,동원설비,,G2,소매,G210,철물·건설자재 소매,G21099,기타 건설/건축자재 소매업,G47519,"페인트, 창호 및 기타 건설자재 소매업",43,충청북도,43130,충주시,43130610,봉방동,4313011500,봉방동,4313011500104060006,1,대지,406,6,충청북도 충주시 봉방동 406-6,431304514709,충청북도 충주시 상방4길,11,,4313011500104060006000001,대훈산업개발,충청북도 충주시 상방4길 11,380960,27431,,,,127.910309735709,36.9737401021936
MA010120220802945392,신양개발,,G2,소매,G210,철물·건설자재 소매,G21099,기타 건설/건축자재 소매업,G47519,"페인트, 창호 및 기타 건설자재 소매업",41,경기도,41830,양평군,41830320,강하면,4183032022,강하면,4183032022103980006,1,대지,398,6,경기도 양평군 강하면 왕창리 398-6,418303217033,경기도 양평군 강하면 강남로,12,,4183032022103980006007711,,경기도 양평군 강하면 강남로 12,476921,12574,,,,127.393739326204,37.4863142291837
MA010120220802913313,미르이엔지,,G2,소매,G210,철물·건설자재 소매,G21099,기타 건설/건축자재 소매업,G47519,"페인트, 창호 및 기타 건설자재 소매업",47,경상북도,47930,울진군,47930310,북면,4793031021,북면,4793031021101620004,1,대지,162,4,경상북도 울진군 북면 부구리 162-4,479303325022,경상북도 울진군 북면 울진북로,2103,,4793031021101620010028159,,경상북도 울진군 북면 울진북로 2103,767894,36305,,,,129.374101151279,37.1040504972853
MA010120220804472495,김포상회,,G2,소매,G210,철물·건설자재 소매,G21099,기타 건설/건축자재 소매업,G47519,"페인트, 창호 및 기타 건설자재 소매업",41,경기도,41570,김포시,41570250,통진읍,4157025029,통진읍,4157025029101820011,1,대지,182,11,경기도 김포시 통진읍 옹정리 182-11,415703209089,경기도 김포시 통진읍 옹정로,114,,4157025029101820011010429,,경기도 김포시 통진읍 옹정로 114,415869,10029,,,,126.569860704584,37.6895398804484
MA010120220804442620,영동,,G2,소매,G210,철물·건설자재 소매,G21099,기타 건설/건축자재 소매업,G47519,"페인트, 창호 및 기타 건설자재 소매업",41,경기도,41570,김포시,41570540,사우동,4157010600,사우동,4157010600102110014,1,대지,211,14,경기도 김포시 사우동 211-14,415704427213,경기도 김포시 돌문로95번길,13,25,4157010600102110010019859,,경기도 김포시 돌문로95번길 13-25,415801,10108,,1,,126.713976358311,37.6207822592996
MA010120220804494276,비비엔,,G2,소매,G210,철물·건설자재 소매,G21099,기타 건설/건축자재 소매업,G47519,"페인트, 창호 및 기타 건설자재 소매업",11,서울특별시,11680,강남구,11680640,역삼1동,1168010100,역삼동,1168010100106210014,1,대지,621,14,서울특별시 강남구 역삼동 621-14,116804166337,서울특별시 강남구 봉은사로18길,79,,1168010100106210014023384,,서울특별시 강남구 봉은사로18길 79,135908,06129,,,,127.027651008599,37.5016174620462
MA010120220804507791,다미그린물탱크,,G2,소매,G210,철물·건설자재 소매,G21099,기타 건설/건축자재 소매업,G47519,"페인트, 창호 및 기타 건설자재 소매업",51,강원특별자치도,51110,춘천시,51110600,후평1동,5111012000,후평동,5111012000105580001,1,대지,558,1,강원특별자치도 춘천시 후평동 558-1,511104454822,강원특별자치도 춘천시 후석로420번길,7,,4211012000105580001034406,춘천하이테크타워,강원특별자치도 춘천시 후석로420번길 7,200959,24232,,,,127.744941210117,37.8878456160021
MA010120220804504375,금강건재,,G2,소매,G210,철물·건설자재 소매,G21099,기타 건설/건축자재 소매업,G47519,"페인트, 창호 및 기타 건설자재 소매업",51,강원특별자치도,51800,양구군,51800250,양구읍,5180025023,양구읍,5180025023104430002,1,대지,443,2,강원특별자치도 양구군 양구읍 하리 443-2,518003232022,강원특별자치도 양구군 양구읍 금강산로,425,,4280025023000000000005474,,강원특별자치도 양구군 양구읍 금강산로 425,255801,24520,,,,127.990448828484,38.1180167120184
MA010120220804506423,현대건업,,G2,소매,G210,철물·건설자재 소매,G21099,기타 건설/건축자재 소매업,G47519,"페인트, 창호 및 기타 건설자재 소매업",51,강원특별자치도,51110,춘천시,51110310,동면,5111031021,동면,5111031021106810003,1,대지,681,3,강원특별자치도 춘천시 동면 지내리 681-3,511104454637,강원특별자치도 춘천시 동면 지내솔밭길,60,,4211031021106810003000001,,강원특별자치도 춘천시 동면 지내솔밭길 60,200853,24210,,,,127.770780069122,37.92489642064
MA010120220804536658,에이치제이세라믹스,,G2,소매,G210,철물·건설자재 소매,G21099,기타 건설/건축자재 소매업,G47519,"페인트, 창호 및 기타 건설자재 소매업",11,서울특별시,11620,관악구,11620765,미성동,1162010200,신림동,1162010200107440000,1,대지,744,,서울특별시 관악구 신림동 744,116204160350,서울특별시 관악구 미성길,64,,1162010200107440000002849,,서울특별시 관악구 미성길 64,151898,08866,,,,126.913515916939,37.474441678873
MA010120220804550057,산주주,,G2,소매,G210,철물·건설자재 소매,G21099,기타 건설/건축자재 소매업,G47519,"페인트, 창호 및 기타 건설자재 소매업",51,강원특별자치도,51110,춘천시,51110390,동내면,5111039022,동내면,5111039022102100007,1,대지,210,7,강원특별자치도 춘천시 동내면 신촌리 210-7,511103218005,강원특별자치도 춘천시 동내면 금촌로,28,26,4211039022102100007000001,,강원특별자치도 춘천시 동내면 금촌로 28-26,200881,24399,,1,,127.778268051604,37.8529442384818
MA010120220804578485,시안기성문,,G2,소매,G210,철물·건설자재 소매,G21099,기타 건설/건축자재 소매업,G47519,"페인트, 창호 및 기타 건설자재 소매업",46,전라남도,46890,완도군,46890250,완도읍,4689025022,완도읍,4689025022110860004,1,대지,1086,4,전라남도 완도군 완도읍 가용리 1086-4,468904700137,전라남도 완도군 완도읍 농공단지3길,18,,4689025022110860004006219,,전라남도 완도군 완도읍 농공단지3길 18,537801,59108,,,,126.734231857723,34.3355550439021
MA010120220804561574,우성종합상사,,G2,소매,G210,철물·건설자재 소매,G21099,기타 건설/건축자재 소매업,G47519,"페인트, 창호 및 기타 건설자재 소매업",51,강원특별자치도,51170,동해시,51170570,발한동,5117011100,발한동,5117011100100400012,1,대지,40,12,강원특별자치도 동해시 발한동 40-12,511703221018,강원특별자치도 동해시 발한로,208,2,4217011100100400012000001,,강원특별자치도 동해시 발한로 208-2,240804,25719,,,,129.109161757921,37.5480192733316
MA010120220804561680,서울기성문,,G2,소매,G210,철물·건설자재 소매,G21099,기타 건설/건축자재 소매업,G47519,"페인트, 창호 및 기타 건설자재 소매업",51,강원특별자치도,51190,태백시,51190525,황연동,5119010100,황지동,5119010100102740809,1,대지,274,809,강원특별자치도 태백시 황지동 274-809,511903222003,강원특별자치도 태백시 광장로,25,,4219010100102740809003523,,강원특별자치도 태백시 광장로 25,235801,26025,,,,128.986505913182,37.1783440075426
MA010120220805918198,중앙데코무역,,G2,소매,G210,철물·건설자재 소매,G21099,기타 건설/건축자재 소매업,G47519,"페인트, 창호 및 기타 건설자재 소매업",44,충청남도,44230,논산시,44230520,부창동,4423010400,부창동,4423010400104910118,1,대지,491,118,충청남도 논산시 부창동 491-118,442303255038,충청남도 논산시 해월로,79,,4423010400105610031044787,,충청남도 논산시 해월로 79,320080,32957,,,,127.079800754231,36.199118855123
MA010120220805919196,연무건재사,,G2,소매,G210,철물·건설자재 소매,G21099,기타 건설/건축자재 소매업,G47519,"페인트, 창호 및 기타 건설자재 소매업",44,충청남도,44230,논산시,44230253,연무읍,4423025331,연무읍,4423025331111190048,1,대지,1119,48,충청남도 논산시 연무읍 안심리 1119-48,442303255027,충청남도 논산시 연무읍 안심로,177,,4423025331111190048052262,,충청남도 논산시 연무읍 안심로 177,320838,33009,,,,127.099891362443,36.1367491891864
MA010120220805923625,도어마트,,G2,소매,G210,철물·건설자재 소매,G21099,기타 건설/건축자재 소매업,G47519,"페인트, 창호 및 기타 건설자재 소매업",44,충청남도,44230,논산시,44230520,부창동,4423010600,등화동,4423010600103870001,1,대지,387,1,충청남도 논산시 등화동 387-1,442303000095,충청남도 논산시 계백로,780,,4423010600103870001000001,,충청남도 논산시 계백로 780,320080,32960,,,,127.073174523131,36.1878850706635
MA010120220805909172,한솔골재,,G2,소매,G210,철물·건설자재 소매,G21099,기타 건설/건축자재 소매업,G47519,"페인트, 창호 및 기타 건설자재 소매업",44,충청남도,44230,논산시,44230390,양촌면,4423039031,양촌면,4423039031102750001,1,대지,275,1,충청남도 논산시 양촌면 모촌리 275-1,442303255041,충청남도 논산시 양촌면 황산벌로,740,,4423039031102750001082905,,충청남도 논산시 양촌면 황산벌로 740,320852,33021,,,,127.214074936703,36.1507395246731
MA010120220805912517,영일종합건재,,G2,소매,G210,철물·건설자재 소매,G21099,기타 건설/건축자재 소매업,G47519,"페인트, 창호 및 기타 건설자재 소매업",44,충청남도,44230,논산시,44230520,부창동,4423010400,부창동,4423010400102680008,1,대지,268,8,충청남도 논산시 부창동 268-8,442304565020,충청남도 논산시 강변로308번길,12,,4423010400102680008043262,,충청남도 논산시 강변로308번길 12,320080,32957,,,,127.077037496044,36.2045909683628
MA010120220805931936,합동타일,,G2,소매,G210,철물·건설자재 소매,G21099,기타 건설/건축자재 소매업,G47519,"페인트, 창호 및 기타 건설자재 소매업",44,충청남도,44760,부여군,44760250,부여읍,4476025028,부여읍,4476025028102500000,1,대지,250,,충청남도 부여군 부여읍 동남리 250,447603259112,충청남도 부여군 부여읍 석탑로,58,1,4476025028102500000017645,,충청남도 부여군 부여읍 석탑로 58-1,323806,33149,,,,126.91289201017,36.2812128304782
MA010120220805927894,현대철물건재,,G2,소매,G210,철물·건설자재 소매,G21099,기타 건설/건축자재 소매업,G47519,"페인트, 창호 및 기타 건설자재 소매업",44,충청남도,44230,논산시,44230360,연산면,4423036021,연산면,4423036021103750005,1,대지,375,5,충청남도 논산시 연산면 연산리 375-5,442304565629,충청남도 논산시 연산면 연산4길,54,,4423036021103750005012894,,충청남도 논산시 연산면 연산4길 54,320875,32911,,,,127.211737293094,36.2153059577312
MA010120220805948594,에스투엠,,G2,소매,G210,철물·건설자재 소매,G21099,기타 건설/건축자재 소매업,G47519,"페인트, 창호 및 기타 건설자재 소매업",50,제주특별자치도,50110,제주시,50110610,삼양동,5011011300,삼양일동,5011011300115410017,1,대지,1541,17,제주특별자치도 제주시 삼양일동 1541-17,501104848503,제주특별자치도 제주시 원당로13길,32,6,5011011300115410017000281,,제주특별자치도 제주시 원당로13길 32-6,690071,63314,,3,,126.591614210738,33.5306349808922
MA010120220805936861,데코라이프,,G2,소매,G210,철물·건설자재 소매,G21099,기타 건설/건축자재 소매업,G47519,"페인트, 창호 및 기타 건설자재 소매업",41,경기도,41480,파주시,41480320,탄현면,4148032024,탄현면,4148032024102610001,1,대지,261,1,경기도 파주시 탄현면 문지리 261-1,414804418283,경기도 파주시 탄현면 방촌로955번길,259,,4148032024102610001000002,,경기도 파주시 탄현면 방촌로955번길 259,413843,10857,,,,126.725576650567,37.8325645046415
MA010120220805974542,동해종합상사,,G2,소매,G210,철물·건설자재 소매,G21099,기타 건설/건축자재 소매업,G47519,"페인트, 창호 및 기타 건설자재 소매업",44,충청남도,44200,아산시,44200390,선장면,4420039026,선장면,4420039026100770020,1,대지,77,20,충청남도 아산시 선장면 신성리 77-20,442004559279,충청남도 아산시 선장면 삼봉산길136번길,20,,4420039026100770020000001,,충청남도 아산시 선장면 삼봉산길136번길 20,336893,31547,,,,126.89393624028,36.7722272017607
MA010120220805967813,하나로산업,,G2,소매,G210,철물·건설자재 소매,G21099,기타 건설/건축자재 소매업,G47519,"페인트, 창호 및 기타 건설자재 소매업",29,광주광역시,29170,북구,29170590,용봉동,2917010700,용봉동,2917010700112330010,1,대지,1233,10,광주광역시 북구 용봉동 1233-10,291704286259,광주광역시 북구 반룡로27번길,9,4,2917010700112330010025031,,광주광역시 북구 반룡로27번길 9-4,500844,61181,,,,126.901051823998,35.1797659472191
MA010120220805974716,신우종합건재상사,,G2,소매,G210,철물·건설자재 소매,G21099,기타 건설/건축자재 소매업,G47519,"페인트, 창호 및 기타 건설자재 소매업",44,충청남도,44790,청양군,44790390,비봉면,4479039023,비봉면,4479039023105090000,1,대지,509,,충청남도 청양군 비봉면 중묵리 509,447903259240,충청남도 청양군 비봉면 충절로,1606,3,4479039023105090000000001,,충청남도 청양군 비봉면 충절로 1606-3,345882,33318,,,,126.790624637768,36.4883132485793
MA010120220805981140,G.N.A,,G2,소매,G210,철물·건설자재 소매,G21099,기타 건설/건축자재 소매업,G47519,"페인트, 창호 및 기타 건설자재 소매업",44,충청남도,44790,청양군,44790250,청양읍,4479025025,청양읍,4479025025103520000,1,대지,352,,충청남도 청양군 청양읍 적누리 352,447903259240,충청남도 청양군 청양읍 충절로,918,,4479025025103520000002203,,충청남도 청양군 청양읍 충절로 918,345802,33303,,,,126.795393721073,36.4274479635518
MA010120220805975682,대우종합건재,,G2,소매,G210,철물·건설자재 소매,G21099,기타 건설/건축자재 소매업,G47519,"페인트, 창호 및 기타 건설자재 소매업",44,충청남도,44790,청양군,44790250,청양읍,4479025029,청양읍,4479025029100820000,1,대지,82,,충청남도 청양군 청양읍 송방리 82,447903261022,충청남도 청양군 청양읍 중앙로,194,,4479025029100820000002598,,충청남도 청양군 청양읍 중앙로 194,345801,33324,,,,126.803059017857,36.4566496028806
MA010120220805981318,JK종합상사,,G2,소매,G210,철물·건설자재 소매,G21099,기타 건설/건축자재 소매업,G47519,"페인트, 창호 및 기타 건설자재 소매업",44,충청남도,44800,홍성군,44800250,홍성읍,4480025026,홍성읍,4480025026101810013,1,대지,181,13,충청남도 홍성군 홍성읍 남장리 181-13,448004586464,충청남도 홍성군 홍성읍 충서로1216번길,65,5,4480025026101810013000001,,충청남도 홍성군 홍성읍 충서로1216번길 65-5,350803,32244,,1,,126.661876515928,36.5869549124436
MA010120220805989606,썬,코리아,G2,소매,G210,철물·건설자재 소매,G21099,기타 건설/건축자재 소매업,G47519,"페인트, 창호 및 기타 건설자재 소매업",11,서울특별시,11500,강서구,11500620,공항동,1150010800,공항동,1150010800113530001,1,대지,1353,1,서울특별시 강서구 공항동 1353-1,115004145355,서울특별시 강서구 방화대로6다길,6,,1150010800113530001006994,,서울특별시 강서구 방화대로6다길 6,157816,07645,,,,126.817155832634,37.5560077465692
MA010120220805981478,경동금속,,G2,소매,G210,철물·건설자재 소매,G21099,기타 건설/건축자재 소매업,G47519,"페인트, 창호 및 기타 건설자재 소매업",44,충청남도,44800,홍성군,44800250,홍성읍,4480025027,홍성읍,4480025027101980000,1,대지,198,,충청남도 홍성군 홍성읍 학계리 198,448004586182,충청남도 홍성군 홍성읍 대학길,211,7,4480025027101980000050005,,충청남도 홍성군 홍성읍 대학길 211-7,350802,32243,,,,126.66308472999,36.5660608472715
MA010120220805969548,태양철물건재,,G2,소매,G210,철물·건설자재 소매,G21099,기타 건설/건축자재 소매업,G47519,"페인트, 창호 및 기타 건설자재 소매업",44,충청남도,44210,서산시,44210550,석남동,4421010900,예천동,4421010900106330008,1,대지,633,8,충청남도 서산시 예천동 633-8,442104562074,충청남도 서산시 공림5길,30,,4421010900106330008000001,,충청남도 서산시 공림5길 30,356808,31988,,,,126.431206680429,36.7693468635353
MA010120220805969662,연합공사,,G2,소매,G210,철물·건설자재 소매,G21099,기타 건설/건축자재 소매업,G47519,"페인트, 창호 및 기타 건설자재 소매업",44,충청남도,44800,홍성군,44800250,홍성읍,4480025021,홍성읍,4480025021104990030,1,대지,499,30,충청남도 홍성군 홍성읍 오관리 499-30,448003262026,충청남도 홍성군 홍성읍 문화로,66,,4480025021104990030021064,,충청남도 홍성군 홍성읍 문화로 66,350817,32245,,1,,126.660864411297,36.5935303592294
MA010120220805990352,광신건재,,G2,소매,G210,철물·건설자재 소매,G21099,기타 건설/건축자재 소매업,G47519,"페인트, 창호 및 기타 건설자재 소매업",44,충청남도,44210,서산시,44210510,부춘동,4421010100,읍내동,4421010100101260018,1,대지,126,18,충청남도 서산시 읍내동 126-18,442103254110,충청남도 서산시 양유정3로,2,,4421010100101260018037968,,충청남도 서산시 양유정3로 2,356805,31985,,,,126.447546452232,36.7789755712908
MA010120220806007182,그린샷시공사,,G2,소매,G210,철물·건설자재 소매,G21099,기타 건설/건축자재 소매업,G47519,"페인트, 창호 및 기타 건설자재 소매업",44,충청남도,44810,예산군,44810360,덕산면,4481036021,덕산면,4481036021102350013,1,대지,235,13,충청남도 예산군 덕산면 읍내리 235-13,448103263010,충청남도 예산군 덕산면 덕산온천로,455,,4481036021102350009016185,,충청남도 예산군 덕산면 덕산온천로 455,340923,32406,,,,126.670819109076,36.7044605093339
MA010120220806013162,이석토건,,G2,소매,G210,철물·건설자재 소매,G21099,기타 건설/건축자재 소매업,G47519,"페인트, 창호 및 기타 건설자재 소매업",44,충청남도,44810,예산군,44810390,신암면,4481039022,신암면,4481039022102330000,1,대지,233,,충청남도 예산군 신암면 계촌리 233,448104589017,충청남도 예산군 신암면 계촌1길,4,,4481039022102330000000001,,충청남도 예산군 신암면 계촌1길 4,340861,32418,,,,126.825657232495,36.7411212379883
MA010120220806022321,풍림종합기획,,G2,소매,G210,철물·건설자재 소매,G21099,기타 건설/건축자재 소매업,G47519,"페인트, 창호 및 기타 건설자재 소매업",44,충청남도,44270,당진시,44270250,합덕읍,4427025021,합덕읍,4427025021102470298,1,대지,247,298,충청남도 당진시 합덕읍 운산리 247-298,442704595607,충청남도 당진시 합덕읍 지새울길,117,24,4483025321102470298080755,,충청남도 당진시 합덕읍 지새울길 117-24,343907,31812,,,,126.776175473461,36.8041165123587
MA010120220806005692,한진함석,,G2,소매,G210,철물·건설자재 소매,G21099,기타 건설/건축자재 소매업,G47519,"페인트, 창호 및 기타 건설자재 소매업",44,충청남도,44810,예산군,44810250,예산읍,4481025024,예산읍,4481025024104710000,1,대지,471,,충청남도 예산군 예산읍 주교리 471,448103251047,충청남도 예산군 예산읍 차동로,1825,,4481025024104710000004570,,충청남도 예산군 예산읍 차동로 1825,340808,32441,,,,126.825722752002,36.6823860066596
MA010120220806039169,씨엘팜,,G2,소매,G210,철물·건설자재 소매,G21099,기타 건설/건축자재 소매업,G47519,"페인트, 창호 및 기타 건설자재 소매업",50,제주특별자치도,50110,제주시,50110640,오라동,5011012000,오라이동,5011012000120090000,1,대지,2009,,제주특별자치도 제주시 오라이동 2009,501104847802,제주특별자치도 제주시 사평2길,21,,5011012000120090000000001,,제주특별자치도 제주시 사평2길 21,690162,63145,,2,,126.510429326912,33.491148556266
MA010120220806012293,덕산PVC,,G2,소매,G210,철물·건설자재 소매,G21099,기타 건설/건축자재 소매업,G47519,"페인트, 창호 및 기타 건설자재 소매업",44,충청남도,44810,예산군,44810360,덕산면,4481036021,덕산면,4481036021100350003,1,대지,35,3,충청남도 예산군 덕산면 읍내리 35-3,448103263018,충청남도 예산군 덕산면 수암산로,76,6,4481036021100350003000001,,충청남도 예산군 덕산면 수암산로 76-6,340923,32406,,,,126.669100717985,36.6980577690336
MA010120220806004781,은광산업,,G2,소매,G210,철물·건설자재 소매,G21099,기타 건설/건축자재 소매업,G47519,"페인트, 창호 및 기타 건설자재 소매업",44,충청남도,44270,당진시,44270530,당진3동,4427010500,시곡동,4427010500107020002,1,대지,702,2,충청남도 당진시 시곡동 702-2,442704595018,충청남도 당진시 감골길,10,19,4483025025107020002088267,,충청남도 당진시 감골길 10-19,343060,31764,,,,126.665270061552,36.9048604029057
MA010120220806035407,중앙단열,,G2,소매,G210,철물·건설자재 소매,G21099,기타 건설/건축자재 소매업,G47519,"페인트, 창호 및 기타 건설자재 소매업",44,충청남도,44270,당진시,44270360,순성면,4427036027,순성면,4427036027101370000,1,대지,137,,충청남도 당진시 순성면 중방리 137,442704595294,충청남도 당진시 순성면 붉은재길,11,,4483036027101370000027855,,충청남도 당진시 순성면 붉은재길 11,343894,31759,,,,126.764007802885,36.8509775594185
MA010120220807390177,미도종합상사,,G2,소매,G210,철물·건설자재 소매,G21099,기타 건설/건축자재 소매업,G47519,"페인트, 창호 및 기타 건설자재 소매업",30,대전광역시,30230,대덕구,30230510,오정동,3023010100,오정동,3023010100100800017,1,대지,80,17,대전광역시 대덕구 오정동 80-17,302304304380,대전광역시 대덕구 오정로100번길,25,10,3023010100100800017020704,성모빌라,대전광역시 대덕구 오정로100번길 25-10,306817,34438,,,,127.40880382739,36.3559564628851
MA010120220807385233,호남앵글총판,,G2,소매,G210,철물·건설자재 소매,G21099,기타 건설/건축자재 소매업,G47519,"페인트, 창호 및 기타 건설자재 소매업",52,전북특별자치도,52210,김제시,52210520,신풍동,5221010200,신풍동,5221010200105840004,1,대지,584,4,전북특별자치도 김제시 신풍동 584-4,522103272085,전북특별자치도 김제시 동서로,280,1,4521010200105840004058201,,전북특별자치도 김제시 동서로 280-1,576804,54395,,,,126.897485125059,35.8034692251672
MA010120220807371322,디바인동화,,G2,소매,G210,철물·건설자재 소매,G21099,기타 건설/건축자재 소매업,G47519,"페인트, 창호 및 기타 건설자재 소매업",41,경기도,41273,안산시 단원구,41273545,원곡동,4127310800,원곡동,4127310800109940000,1,대지,994,,경기도 안산시 단원구 원곡동 994,412733012031,경기도 안산시 단원구 산단로,348,,4127310800109940000017317,원곡동안산유통상가,경기도 안산시 단원구 산단로 348,425850,15431,,,,126.786403540792,37.3264499703308
MA010120220807371431,지엘하우징,,G2,소매,G210,철물·건설자재 소매,G21099,기타 건설/건축자재 소매업,G47519,"페인트, 창호 및 기타 건설자재 소매업",11,서울특별시,11545,금천구,11545510,가산동,1154510100,가산동,1154510100106850000,1,대지,685,,서울특별시 금천구 가산동 685,115453000027,서울특별시 금천구 범안로,1130,,1154510100106850000000001,디지털엠파이어빌딩,서울특별시 금천구 범안로 1130,153716,08595,,3,,126.887629117358,37.4656260360814
MA010120220807404430,효원개발,,G2,소매,G210,철물·건설자재 소매,G21099,기타 건설/건축자재 소매업,G47519,"페인트, 창호 및 기타 건설자재 소매업",47,경상북도,47150,김천시,47150575,대신동,4715010900,교동,4715010900105880000,1,대지,588,,경상북도 김천시 교동 588,471504718926,경상북도 김천시 한일길,51,32,4715010900105880000019684,,경상북도 김천시 한일길 51-32,740160,39522,,,,128.098186664977,36.1353068358627
MA010120220807398278,서진컨테이너,,G2,소매,G210,철물·건설자재 소매,G21099,기타 건설/건축자재 소매업,G47519,"페인트, 창호 및 기타 건설자재 소매업",41,경기도,41465,용인시 수지구,41465540,죽전1동,4146510200,죽전동,4146510200114830000,1,대지,1483,,경기도 용인시 수지구 죽전동 1483,414653205001,경기도 용인시 수지구 대지로,77,,4146510200114830000001922,죽전휴먼빌,경기도 용인시 수지구 대지로 77,448161,16872,,,,127.116976289936,37.3306305711962
MA010120220807429377,충경사,,G2,소매,G210,철물·건설자재 소매,G21099,기타 건설/건축자재 소매업,G47519,"페인트, 창호 및 기타 건설자재 소매업",52,전북특별자치도,52750,임실군,52750250,임실읍,5275025027,임실읍,5275025027110800000,1,대지,1080,,전북특별자치도 임실군 임실읍 대곡리 1080,527503277003,전북특별자치도 임실군 임실읍 감천로,55,77,4575025027109990001000001,육군35사단,전북특별자치도 임실군 임실읍 감천로 55-77,566801,55929,,1,,127.294705943028,35.601049890347
MA010120220807423071,전주비석,,G2,소매,G210,철물·건설자재 소매,G21099,기타 건설/건축자재 소매업,G47519,"페인트, 창호 및 기타 건설자재 소매업",52,전북특별자치도,52190,남원시,52190590,도통동,5219011700,월락동,5219011700101440000,1,대지,144,,전북특별자치도 남원시 월락동 144,521903000200,전북특별자치도 남원시 요천로,1788,,4519011700101440000000001,,전북특별자치도 남원시 요천로 1788,590983,55734,,,,127.407986844413,35.4225507133755
MA010120220807423578,현대종합상사,,G2,소매,G210,철물·건설자재 소매,G21099,기타 건설/건축자재 소매업,G47519,"페인트, 창호 및 기타 건설자재 소매업",52,전북특별자치도,52750,임실군,52750250,임실읍,5275025022,임실읍,5275025022102560003,1,대지,256,3,전북특별자치도 임실군 임실읍 이도리 256-3,527503277031,전북특별자치도 임실군 임실읍 중동로,49,,4575025022102560003120554,,전북특별자치도 임실군 임실읍 중동로 49,566805,55928,,1,,127.282896023716,35.6130653395865
MA010120220807433324,태경CNC,,G2,소매,G210,철물·건설자재 소매,G21099,기타 건설/건축자재 소매업,G47519,"페인트, 창호 및 기타 건설자재 소매업",26,부산광역시,26410,금정구,26410580,부곡2동,2641010900,부곡동,2641010900102790019,1,대지,279,19,부산광역시 금정구 부곡동 279-19,264104205142,부산광역시 금정구 동부곡로27번길,34,,2641010900102790019019450,,부산광역시 금정구 동부곡로27번길 34,609822,46270,,,,129.09506372515,35.2270819475729
MA010120220807422503,산내종합자재,,G2,소매,G210,철물·건설자재 소매,G21099,기타 건설/건축자재 소매업,G47519,"페인트, 창호 및 기타 건설자재 소매업",52,전북특별자치도,52190,남원시,52190460,산내면,5219046023,산내면,5219046023106730002,1,대지,673,2,전북특별자치도 남원시 산내면 대정리 673-2,521904613154,전북특별자치도 남원시 산내면 대정길,73,,4519046023106730002000001,,전북특별자치도 남원시 산내면 대정길 73,590851,55804,,,,127.625564864172,35.419591721225
MA010120220807460497,에스이에스필름화순,대리점,G2,소매,G210,철물·건설자재 소매,G21099,기타 건설/건축자재 소매업,G47519,"페인트, 창호 및 기타 건설자재 소매업",46,전라남도,46790,화순군,46790415,사평면,4679041521,사평면,4679041521101040007,1,대지,104,7,전라남도 화순군 사평면 사평리 104-7,467903291011,전라남도 화순군 사평면 사호로,236,12,4679041021101040007000001,,전라남도 화순군 사평면 사호로 236-12,519891,58144,,1,,127.09649275125,35.0060470423009
MA010120220807460557,하이테크,,G2,소매,G210,철물·건설자재 소매,G21099,기타 건설/건축자재 소매업,G47519,"페인트, 창호 및 기타 건설자재 소매업",29,광주광역시,29140,서구,29140740,유덕동,2914011600,유촌동,2914011600101810005,1,대지,181,5,광주광역시 서구 유촌동 181-5,291404280368,광주광역시 서구 유덕로27번길,31,11,2914011600101810005004401,,광주광역시 서구 유덕로27번길 31-11,502861,61901,,1,,126.85230303912,35.1642039626441
MA010120220807454904,대명종합건재,,G2,소매,G210,철물·건설자재 소매,G21099,기타 건설/건축자재 소매업,G47519,"페인트, 창호 및 기타 건설자재 소매업",46,전라남도,46720,곡성군,46720250,곡성읍,4672025021,곡성읍,4672025021101980027,1,대지,198,27,전라남도 곡성군 곡성읍 읍내리 198-27,467203287003,전라남도 곡성군 곡성읍 곡성로,877,,4672025021101980027004398,,전라남도 곡성군 곡성읍 곡성로 877,516804,57535,,,,127.299301180831,35.280891969929
MA010120220807472772,대송목재건재사,,G2,소매,G210,철물·건설자재 소매,G21099,기타 건설/건축자재 소매업,G47519,"페인트, 창호 및 기타 건설자재 소매업",29,광주광역시,29110,동구,29110545,동명동,2911010800,동명동,2911010800102530008,1,대지,253,8,광주광역시 동구 동명동 253-8,291104277064,광주광역시 동구 동계로15번길,26,3,2911010800102530004021424,,광주광역시 동구 동계로15번길 26-3,501815,61430,,,,126.921814433945,35.1542276207432
MA010120220807453581,부광문집,,G2,소매,G210,철물·건설자재 소매,G21099,기타 건설/건축자재 소매업,G47519,"페인트, 창호 및 기타 건설자재 소매업",29,광주광역시,29110,동구,29110545,동명동,2911010800,동명동,2911010800102520002,1,대지,252,2,광주광역시 동구 동명동 252-2,291103009017,광주광역시 동구 경양로,292,,2911010800102520002006182,,광주광역시 동구 경양로 292,501815,61429,,,,126.921177817651,35.1542993170841
MA010120220807458293,동아건재,,G2,소매,G210,철물·건설자재 소매,G21099,기타 건설/건축자재 소매업,G47519,"페인트, 창호 및 기타 건설자재 소매업",29,광주광역시,29155,남구,29155538,봉선2동,2915511500,봉선동,2915511500100440003,1,대지,44,3,광주광역시 남구 봉선동 44-3,291554283500,광주광역시 남구 용대로74번길,25,,2915511500100440003000001,,광주광역시 남구 용대로74번길 25,503810,61682,,,,126.920617008536,35.1215073780818
MA010120220807454106,금오문집,,G2,소매,G210,철물·건설자재 소매,G21099,기타 건설/건축자재 소매업,G47519,"페인트, 창호 및 기타 건설자재 소매업",29,광주광역시,29110,동구,29110590,산수1동,2911011000,산수동,2911011000104890040,1,대지,489,40,광주광역시 동구 산수동 489-40,291103009017,광주광역시 동구 경양로,307,,2911011000104890040004116,,광주광역시 동구 경양로 307,501819,61415,,,,126.922999473151,35.1544987877057
MA010120220807491574,예찬교역,,G2,소매,G210,철물·건설자재 소매,G21099,기타 건설/건축자재 소매업,G47519,"페인트, 창호 및 기타 건설자재 소매업",41,경기도,41360,남양주시,41360540,양정동,4136010400,일패동,4136010400104460015,1,대지,446,15,경기도 남양주시 일패동 446-15,413603197038,경기도 남양주시 양정로,80,,4136010400104460015008526,외,경기도 남양주시 양정로 80,472931,12242,,2,,127.184984723393,37.6161185816664
MA010120220807487631,아치울타일,,G2,소매,G210,철물·건설자재 소매,G21099,기타 건설/건축자재 소매업,G47519,"페인트, 창호 및 기타 건설자재 소매업",41,경기도,41310,구리시,41310541,교문1동,4131010600,아천동,4131010600103060010,1,대지,306,10,경기도 구리시 아천동 306-10,413103000002,경기도 구리시 아차산로,44,,4131010600103060010000029,,경기도 구리시 아차산로 44,471855,11962,,,,127.115153060613,37.5622740049941
MA010120220807486254,육육공사,,G2,소매,G210,철물·건설자재 소매,G21099,기타 건설/건축자재 소매업,G47519,"페인트, 창호 및 기타 건설자재 소매업",46,전라남도,46720,곡성군,46720250,곡성읍,4672025021,곡성읍,4672025021104640002,1,대지,464,2,전라남도 곡성군 곡성읍 읍내리 464-2,467204661271,전라남도 곡성군 곡성읍 읍내31길,8,,4672025021104640002004280,,전라남도 곡성군 곡성읍 읍내31길 8,516804,57534,,,,127.297596111673,35.2835370947992
MA010120220807479619,신흥철물건재산업,,G2,소매,G210,철물·건설자재 소매,G21099,기타 건설/건축자재 소매업,G47519,"페인트, 창호 및 기타 건설자재 소매업",29,광주광역시,29110,동구,29110740,지원2동,2911011900,소태동,2911011900102000002,1,대지,200,2,광주광역시 동구 소태동 200-2,291103159003,광주광역시 동구 남문로,498,1,2911011900102000002000001,,광주광역시 동구 남문로 498-1,501827,61512,,1,,126.936067762349,35.1161263459575
MA010120220808867452,명마하우징개발,,G2,소매,G210,철물·건설자재 소매,G21099,기타 건설/건축자재 소매업,G47519,"페인트, 창호 및 기타 건설자재 소매업",27,대구광역시,27260,수성구,27260680,고산2동,2726011400,시지동,2726011400104930014,1,대지,493,14,대구광역시 수성구 시지동 493-14,272604238310,대구광역시 수성구 시지로14길,17,,2726011400104930014026463,,대구광역시 수성구 시지로14길 17,706220,42251,,,,128.695058769938,35.8373766670274
MA010120220808873174,명신타일건재,,G2,소매,G210,철물·건설자재 소매,G21099,기타 건설/건축자재 소매업,G47519,"페인트, 창호 및 기타 건설자재 소매업",27,대구광역시,27140,동구,27140615,도평동,2714010700,도동,2714010700103210000,1,대지,321,,대구광역시 동구 도동 321,271404226054,대구광역시 동구 도평로43길,41,,2714010700103210000000436,,대구광역시 동구 도평로43길 41,701180,41017,,,,128.660380288776,35.9203505847121
MA010120220808867922,나이테대구지사,,G2,소매,G210,철물·건설자재 소매,G21099,기타 건설/건축자재 소매업,G47519,"페인트, 창호 및 기타 건설자재 소매업",27,대구광역시,27200,남구,27200640,대명9동,2720010300,대명동,2720010300106630002,1,대지,663,2,대구광역시 남구 대명동 663-2,272004232360,대구광역시 남구 현충로7길,38,,2720010300106630002011020,,대구광역시 남구 현충로7길 38,705804,42489,,,,128.577370367646,35.8349512605877
MA010120220808891796,공항타일,,G2,소매,G210,철물·건설자재 소매,G21099,기타 건설/건축자재 소매업,G47519,"페인트, 창호 및 기타 건설자재 소매업",27,대구광역시,27140,동구,27140640,지저동,2714010800,지저동,2714010800107640001,1,대지,764,1,대구광역시 동구 지저동 764-1,271403142042,대구광역시 동구 해동로,40,,2714010800107640001039657,,대구광역시 동구 해동로 40,701853,41050,,,,128.637438852229,35.8946410455471
MA010120220808858934,신라건재,,G2,소매,G210,철물·건설자재 소매,G21099,기타 건설/건축자재 소매업,G47519,"페인트, 창호 및 기타 건설자재 소매업",27,대구광역시,27140,동구,27140580,신천4동,2714010200,신천동,2714010200103350022,1,대지,335,22,대구광역시 동구 신천동 335-22,271404226068,대구광역시 동구 동부로28길,32,,2714010200103350022039782,,대구광역시 동구 동부로28길 32,701829,41249,,,,128.628184329544,35.8732027028147
MA010120220808921660,한성데코,동탄지점,G2,소매,G210,철물·건설자재 소매,G21099,기타 건설/건축자재 소매업,G47519,"페인트, 창호 및 기타 건설자재 소매업",41,경기도,41590,화성시,41590585,동탄1동,4159012700,반송동,4159012700101060003,1,대지,106,3,경기도 화성시 반송동 106-3,415903210025,경기도 화성시 노작로,147,,4159012700101060003000001,돌모루프라자,경기도 화성시 노작로 147,445160,18455,,6,,127.073465155465,37.2010417304719
MA010120220808906441,사월건재건축폐기물운반,,G2,소매,G210,철물·건설자재 소매,G21099,기타 건설/건축자재 소매업,G47519,"페인트, 창호 및 기타 건설자재 소매업",27,대구광역시,27260,수성구,27260690,고산3동,2726011700,사월동,2726011700103800009,1,대지,380,9,대구광역시 수성구 사월동 380-9,272602007002,대구광역시 수성구 달구벌대로,3321,,2726011700103800009028312,,대구광역시 수성구 달구벌대로 3321,706160,42272,,,,128.719063801896,35.8364138167919
MA010120220808935262,도매부속상사,,G2,소매,G210,철물·건설자재 소매,G21099,기타 건설/건축자재 소매업,G47519,"페인트, 창호 및 기타 건설자재 소매업",27,대구광역시,27200,남구,27200650,대명10동,2720010300,대명동,2720010300116480020,1,대지,1648,20,대구광역시 남구 대명동 1648-20,272003007009,대구광역시 남구 두류공원로,69,,2720010300116480020005499,,대구광역시 남구 두류공원로 69,705810,42473,,,,128.570566865148,35.8429344633969
MA010120220808933122,조은스톤,,G2,소매,G210,철물·건설자재 소매,G21099,기타 건설/건축자재 소매업,G47519,"페인트, 창호 및 기타 건설자재 소매업",30,대전광역시,30140,중구,30140710,유천2동,3014011500,유천동,3014011500102670051,1,대지,267,51,대전광역시 중구 유천동 267-51,301403165035,대전광역시 중구 유천로,27,,3014011500102670051022310,,대전광역시 중구 유천로 27,301836,34985,,,,127.398368154641,36.3150963154647
MA010120220808961787,천연,,G2,소매,G210,철물·건설자재 소매,G21099,기타 건설/건축자재 소매업,G47519,"페인트, 창호 및 기타 건설자재 소매업",47,경상북도,47170,안동시,47170340,풍천면,4717034021,풍천면,4717034021113540000,1,대지,1354,,경상북도 안동시 풍천면 갈전리 1354,471704853931,경상북도 안동시 풍천면 풍요6길,7,,4717034021113540000000001,,경상북도 안동시 풍천면 풍요6길 7,760811,36759,,,,128.497803122875,36.5760230948915
MA010120220808981915,신우종합상사제일브러쉬,,G2,소매,G210,철물·건설자재 소매,G21099,기타 건설/건축자재 소매업,G47519,"페인트, 창호 및 기타 건설자재 소매업",50,제주특별자치도,50110,제주시,50110256,구좌읍,5011025630,구좌읍,5011025630100100079,1,대지,10,79,제주특별자치도 제주시 구좌읍 한동리 10-79,501104847039,제주특별자치도 제주시 구좌읍 계룡길,11,,5011025630000100079056978,,제주특별자치도 제주시 구좌읍 계룡길 11,695982,63359,,,,126.835535502008,33.5367890018057
MA010120220808986571,오성방수,,G2,소매,G210,철물·건설자재 소매,G21099,기타 건설/건축자재 소매업,G47519,"페인트, 창호 및 기타 건설자재 소매업",47,경상북도,47820,청도군,47820250,화양읍,4782025029,화양읍,4782025029101990001,1,대지,199,1,경상북도 청도군 화양읍 눌미리 199-1,478204757139,경상북도 청도군 화양읍 동고길,105,,4782025029101990001059212,,경상북도 청도군 화양읍 동고길 105,714902,38327,,,,128.716830645846,35.6605247910303
MA010120220808988973,대성건재상사,,G2,소매,G210,철물·건설자재 소매,G21099,기타 건설/건축자재 소매업,G47519,"페인트, 창호 및 기타 건설자재 소매업",27,대구광역시,27290,달서구,27290563,죽전동,2729011300,감삼동,2729011300100430001,1,대지,43,1,대구광역시 달서구 감삼동 43-1,272904241571,대구광역시 달서구 죽전길,48,,2729011300100430001019062,,대구광역시 달서구 죽전길 48,704902,42640,,,,128.540530733962,35.8538938834665
MA010120220809006742,에이스주,코리아,G2,소매,G210,철물·건설자재 소매,G21099,기타 건설/건축자재 소매업,G47519,"페인트, 창호 및 기타 건설자재 소매업",27,대구광역시,27290,달서구,27290555,감삼동,2729011300,감삼동,2729011300101290005,1,대지,129,5,대구광역시 달서구 감삼동 129-5,272904241016,대구광역시 달서구 감삼북2길,6,9,2729011300101290005020771,,대구광역시 달서구 감삼북2길 6-9,704954,42644,,2,,128.544641530233,35.8518225154538
MA010120220810391977,동하전기,,G2,소매,G210,철물·건설자재 소매,G21099,기타 건설/건축자재 소매업,G47519,"페인트, 창호 및 기타 건설자재 소매업",46,전라남도,46110,목포시,46110510,용당1동,4611010100,용당동,4611010100111870004,1,대지,1187,4,전라남도 목포시 용당동 1187-4,461104643307,전라남도 목포시 산정로238번길,36,,4611010100111870004011178,,전라남도 목포시 산정로238번길 36,530838,58647,,1,,126.392313891523,34.8097671405621
MA010120220810368538,재일건자재,,G2,소매,G210,철물·건설자재 소매,G21099,기타 건설/건축자재 소매업,G47519,"페인트, 창호 및 기타 건설자재 소매업",41,경기도,41830,양평군,41830340,옥천면,4183034021,옥천면,4183034021100620007,1,대지,62,7,경기도 양평군 옥천면 옥천리 62-7,418303217009,경기도 양평군 옥천면 마유산로,369,,4183034021100620007000001,,경기도 양평군 옥천면 마유산로 369,476832,12507,,,,127.480442195176,37.520195324059
MA010120220810371072,상미화학,,G2,소매,G210,철물·건설자재 소매,G21099,기타 건설/건축자재 소매업,G47519,"페인트, 창호 및 기타 건설자재 소매업",44,충청남도,44131,천안시 동남구,44131510,중앙동,4413110100,대흥동,4413110100102550001,1,대지,255,1,충청남도 천안시 동남구 대흥동 255-1,441313249006,충청남도 천안시 동남구 대흥로,188,1,4413110100102550001020971,,충청남도 천안시 동남구 대흥로 188-1,330010,31129,,,,127.146775015916,36.8048853578772
MA010120220810425785,해피도어,,G2,소매,G210,철물·건설자재 소매,G21099,기타 건설/건축자재 소매업,G47519,"페인트, 창호 및 기타 건설자재 소매업",41,경기도,41220,평택시,41220660,고덕동,4122012800,고덕동,4122012800120480002,1,대지,2048,2,경기도 평택시 고덕동 2048-2,412203352098,경기도 평택시 고덕중앙로,290,,4122033029143910002000001,에이퍼스트고덕,경기도 평택시 고덕중앙로 290,,18014,,,,127.052631301027,37.0456193624333
MA010120220810445224,해동건재,,G2,소매,G210,철물·건설자재 소매,G21099,기타 건설/건축자재 소매업,G47519,"페인트, 창호 및 기타 건설자재 소매업",26,부산광역시,26200,영도구,26200530,남항동,2620010500,남항동1가,2620010500101000003,1,대지,100,3,부산광역시 영도구 남항동1가 100-3,262003128020,부산광역시 영도구 절영로,38,1,2620010500101000003018844,,부산광역시 영도구 절영로 38-1,606800,49045,,,,129.038907872661,35.0911270875648
MA010120220810421063,더원중문,,G2,소매,G210,철물·건설자재 소매,G21099,기타 건설/건축자재 소매업,G47519,"페인트, 창호 및 기타 건설자재 소매업",27,대구광역시,27710,달성군,27710256,다사읍,2771025627,다사읍,2771025627108540011,1,대지,854,11,대구광역시 달성군 다사읍 죽곡리 854-11,277104244630,대구광역시 달성군 다사읍 대실역남로4길,4,6,2771025627108540011000001,,대구광역시 달성군 다사읍 대실역남로4길 4-6,711815,42917,,,,128.467708430388,35.849849283144
MA010120220810437948,건일ENG,,G2,소매,G210,철물·건설자재 소매,G21099,기타 건설/건축자재 소매업,G47519,"페인트, 창호 및 기타 건설자재 소매업",27,대구광역시,27260,수성구,27260690,고산3동,2726011700,사월동,2726011700101600002,1,대지,160,2,대구광역시 수성구 사월동 160-2,272604238257,대구광역시 수성구 성동로15길,79,9,2726011700101600002028250,,대구광역시 수성구 성동로15길 79-9,706160,42264,,,,128.719511355377,35.840741844553
MA010120220810457293,지코러스,,G2,소매,G210,철물·건설자재 소매,G21099,기타 건설/건축자재 소매업,G47519,"페인트, 창호 및 기타 건설자재 소매업",11,서울특별시,11500,강서구,11500603,가양1동,1150010400,가양동,1150010400114980000,1,대지,1498,,서울특별시 강서구 가양동 1498,115003115008,서울특별시 강서구 양천로,401,,1150010400100520007000001,강서한강자이타워,서울특별시 강서구 양천로 401,157201,07528,,14,,126.847647828913,37.5657006958558
MA010120220810505770,팔팔건재,,G2,소매,G210,철물·건설자재 소매,G21099,기타 건설/건축자재 소매업,G47519,"페인트, 창호 및 기타 건설자재 소매업",26,부산광역시,26140,서구,26140510,동대신1동,2614010100,동대신동1가,2614010100101840005,1,대지,184,5,부산광역시 서구 동대신동1가 184-5,261402006003,부산광역시 서구 보수대로,165,,2614010100101840005000536,,부산광역시 서구 보수대로 165,602808,49219,,,,129.022068348142,35.1102708175358
MA010120220810510080,동신건재,,G2,소매,G210,철물·건설자재 소매,G21099,기타 건설/건축자재 소매업,G47519,"페인트, 창호 및 기타 건설자재 소매업",26,부산광역시,26140,서구,26140615,아미동,2614011600,아미동2가,2614011600102310128,1,대지,231,128,부산광역시 서구 아미동2가 231-128,261403006012,부산광역시 서구 옥천로,137,1,2614011600102310128019665,,부산광역시 서구 옥천로 137-1,602829,49242,,,,129.011381566637,35.0980124118668
MA010120220810520423,다대건재,,G2,소매,G210,철물·건설자재 소매,G21099,기타 건설/건축자재 소매업,G47519,"페인트, 창호 및 기타 건설자재 소매업",26,부산광역시,26380,사하구,26380601,다대1동,2638010600,다대동,2638010600107290000,1,대지,729,,부산광역시 사하구 다대동 729,263803134007,부산광역시 사하구 다대로,567,,2638010600107290000026652,,부산광역시 사하구 다대로 567,604824,49524,,,,128.97067216487,35.0558025851447
MA010120220810513152,부평건재,,G2,소매,G210,철물·건설자재 소매,G21099,기타 건설/건축자재 소매업,G47519,"페인트, 창호 및 기타 건설자재 소매업",26,부산광역시,26140,서구,26140590,부민동,2614010900,부민동1가,2614010900100240004,1,대지,24,4,부산광역시 서구 부민동1가 24-4,261404178032,부산광역시 서구 구덕로200번길,17,,2614010900100240004020518,,부산광역시 서구 구덕로200번길 17,602816,49224,,,,129.020978794914,35.1025659132083
MA010120220800831308,소담,,G2,소매,G210,철물·건설자재 소매,G21099,기타 건설/건축자재 소매업,G47519,"페인트, 창호 및 기타 건설자재 소매업",44,충청남도,44760,부여군,44760250,부여읍,4476025028,부여읍,4476025028106190002,1,대지,619,2,충청남도 부여군 부여읍 동남리 619-2,447603000095,충청남도 부여군 부여읍 계백로,307,,4476025028106190002022170,,충청남도 부여군 부여읍 계백로 307,323806,33155,,,,126.914110574536,36.2763472781174
MA010120220800811381,문화에코,,G2,소매,G210,철물·건설자재 소매,G21099,기타 건설/건축자재 소매업,G47519,"페인트, 창호 및 기타 건설자재 소매업",47,경상북도,47850,칠곡군,47850330,가산면,4785033047,가산면,4785033047104170002,1,대지,417,2,경상북도 칠곡군 가산면 송학리 417-2,478503308087,경상북도 칠곡군 가산면 인동가산로,955,,4785033047104170002022968,,경상북도 칠곡군 가산면 인동가산로 955,718911,39849,,,,128.512022679027,36.101213245852
MA010120220800801273,대성기업,,G2,소매,G210,철물·건설자재 소매,G21099,기타 건설/건축자재 소매업,G47519,"페인트, 창호 및 기타 건설자재 소매업",11,서울특별시,11650,서초구,11650540,잠원동,1165010600,잠원동,1165010600100150010,1,대지,15,10,서울특별시 서초구 잠원동 15-10,116503121002,서울특별시 서초구 나루터로,59,,1165010600100150010019585,라성빌딩,서울특별시 서초구 나루터로 59,137902,06525,,4,,127.016469207066,37.5152877933376
MA010120220800889941,이화적벽돌금산,,G2,소매,G210,철물·건설자재 소매,G21099,기타 건설/건축자재 소매업,G47519,"페인트, 창호 및 기타 건설자재 소매업",44,충청남도,44710,금산군,44710250,금산읍,4471025022,금산읍,4471025022102060008,1,대지,206,8,충청남도 금산군 금산읍 중도리 206-8,447103000088,충청남도 금산군 금산읍 금산로,1534,,4471025022102060008017696,,충청남도 금산군 금산읍 금산로 1534,312806,32725,,,,127.491657379744,36.1102956859542
MA010120220800884279,카오스몰,,G2,소매,G210,철물·건설자재 소매,G21099,기타 건설/건축자재 소매업,G47519,"페인트, 창호 및 기타 건설자재 소매업",41,경기도,41173,안양시 동안구,41173566,부림동,4117310200,관양동,4117310200115940000,1,대지,1594,,경기도 안양시 동안구 관양동 1594,411732182002,경기도 안양시 동안구 시민대로,267,,4117310200115940000007395,아크로팰리스,경기도 안양시 동안구 시민대로 267,431700,14054,,8,,126.959728807225,37.3945463398633
MA010120220800859727,선일합판목재,,G2,소매,G210,철물·건설자재 소매,G21099,기타 건설/건축자재 소매업,G47519,"페인트, 창호 및 기타 건설자재 소매업",11,서울특별시,11470,양천구,11470540,목4동,1147010200,목동,1147010200108020006,1,대지,802,6,서울특별시 양천구 목동 802-6,114702005008,서울특별시 양천구 국회대로,285,,1147010200108020006017298,,서울특별시 양천구 국회대로 285,158819,07967,,,,126.866681017549,37.530476675981
MA010120220802568079,씨제이티,,G2,소매,G210,철물·건설자재 소매,G21099,기타 건설/건축자재 소매업,G47519,"페인트, 창호 및 기타 건설자재 소매업",41,경기도,41281,고양시 덕양구,41281650,행신2동,4128112800,행신동,4128112800107250000,1,대지,725,,경기도 고양시 덕양구 행신동 725,412814376104,경기도 고양시 덕양구 무원로36번길,46,,4128112800107250000010809,예일클리닉빌딩,경기도 고양시 덕양구 무원로36번길 46,412825,10524,,,,126.833532112665,37.617020113158
MA010120220802570950,마송가설재,,G2,소매,G210,철물·건설자재 소매,G21099,기타 건설/건축자재 소매업,G47519,"페인트, 창호 및 기타 건설자재 소매업",41,경기도,41570,김포시,41570350,월곶면,4157035025,월곶면,4157035025100200003,1,대지,20,3,경기도 김포시 월곶면 포내리 20-3,415702209001,경기도 김포시 월곶면 김포대로,3015,1,4157035025100200003014441,,경기도 김포시 월곶면 김포대로 3015-1,415877,10020,,,,126.531351300367,37.7284590355364
MA010120220802524425,현대건축자재,백화점,G2,소매,G210,철물·건설자재 소매,G21099,기타 건설/건축자재 소매업,G47519,"페인트, 창호 및 기타 건설자재 소매업",30,대전광역시,30230,대덕구,30230546,중리동,3023010900,중리동,3023010900101510005,1,대지,151,5,대전광역시 대덕구 중리동 151-5,302303010001,대전광역시 대덕구 계족로,581,,3023010900101510005012949,,대전광역시 대덕구 계족로 581,306825,34390,,,,127.430715105903,36.3634403217
MA010120220802531292,도림판넬,,G2,소매,G210,철물·건설자재 소매,G21099,기타 건설/건축자재 소매업,G47519,"페인트, 창호 및 기타 건설자재 소매업",28,인천광역시,28260,서구,28260720,오류왕길동,2826011900,오류동,2826011900105960000,1,대지,596,,인천광역시 서구 오류동 596,282603156036,인천광역시 서구 백석산로,29,,2826011900105960000023424,,인천광역시 서구 백석산로 29,404300,22652,,,,126.630466075459,37.599160915704
MA010120220802547968,서구농자재,,G2,소매,G210,철물·건설자재 소매,G21099,기타 건설/건축자재 소매업,G47519,"페인트, 창호 및 기타 건설자재 소매업",28,인천광역시,28710,강화군,28710400,교동면,2871040021,교동면,2871040021104650023,1,대지,465,23,인천광역시 강화군 교동면 대룡리 465-23,287103157010,인천광역시 강화군 교동면 교동남로,5,,2871040021104650006046317,,인천광역시 강화군 교동면 교동남로 5,417922,23002,,,,126.27932821195,37.782839340114
MA010120220802565222,그린큐비클,,G2,소매,G210,철물·건설자재 소매,G21099,기타 건설/건축자재 소매업,G47519,"페인트, 창호 및 기타 건설자재 소매업",28,인천광역시,28260,서구,28260680,검단동,2826011300,마전동,2826011300109890011,1,대지,989,11,인천광역시 서구 마전동 989-11,282604268133,인천광역시 서구 검단로518번길,5,,2826011300106750001000001,,인천광역시 서구 검단로518번길 5,404260,22635,,,,126.661860853168,37.6030752207447
MA010120220802607633,현대수도,,G2,소매,G210,철물·건설자재 소매,G21099,기타 건설/건축자재 소매업,G47519,"페인트, 창호 및 기타 건설자재 소매업",11,서울특별시,11230,동대문구,11230600,답십리1동,1123010500,답십리동,1123010500104890125,1,대지,489,125,서울특별시 동대문구 답십리동 489-125,112304115681,서울특별시 동대문구 황물로7길,3,,1123010500104890125019198,,서울특별시 동대문구 황물로7길 3,130805,02605,,,,127.054049020879,37.5675525771763
MA010120220802583669,건우시스템,,G2,소매,G210,철물·건설자재 소매,G21099,기타 건설/건축자재 소매업,G47519,"페인트, 창호 및 기타 건설자재 소매업",41,경기도,41287,고양시 일산서구,41287560,주엽2동,4128710200,주엽동,4128710200100300002,1,대지,30,2,경기도 고양시 일산서구 주엽동 30-2,412873194026,경기도 고양시 일산서구 대산로,123,,4128710200100300002002344,현대프라자,경기도 고양시 일산서구 대산로 123,411838,10388,,3,,126.763624010734,37.6742482851777
MA010120220802585271,원건업,,G2,소매,G210,철물·건설자재 소매,G21099,기타 건설/건축자재 소매업,G47519,"페인트, 창호 및 기타 건설자재 소매업",48,경상남도,48123,창원시 성산구,48123510,반송동,4812312400,반지동,4812312400100930005,1,대지,93,5,경상남도 창원시 성산구 반지동 93-5,481234784253,경상남도 창원시 성산구 창원천로138번길,26,,4812312400100930005005330,,경상남도 창원시 성산구 창원천로138번길 26,642820,51421,,,,128.656518614755,35.2409547510937
MA010120220802624593,백운건재,,G2,소매,G210,철물·건설자재 소매,G21099,기타 건설/건축자재 소매업,G47519,"페인트, 창호 및 기타 건설자재 소매업",41,경기도,41430,의왕시,41430560,청계동,4143010800,청계동,4143010800109960001,1,대지,996,1,경기도 의왕시 청계동 996-1,414303012010,경기도 의왕시 안양판교로,245,,4143010800108350005000001,,경기도 의왕시 안양판교로 245,437110,16010,,1,,126.998430373972,37.3890389281934
MA010120220802644808,씨에스케이켐,,G2,소매,G210,철물·건설자재 소매,G21099,기타 건설/건축자재 소매업,G47519,"페인트, 창호 및 기타 건설자재 소매업",41,경기도,41173,안양시 동안구,41173590,호계2동,4117310400,호계동,4117310400108980000,1,대지,898,,경기도 안양시 동안구 호계동 898,411733182024,경기도 안양시 동안구 전파로,88,,4117310400108980000006893,신원비젼타워,경기도 안양시 동안구 전파로 88,431836,14042,,,,126.942567234806,37.3893854011256
MA010120220802674729,당진종합상사,,G2,소매,G210,철물·건설자재 소매,G21099,기타 건설/건축자재 소매업,G47519,"페인트, 창호 및 기타 건설자재 소매업",28,인천광역시,28200,남동구,28200550,간석3동,2820010200,간석동,2820010200109210005,1,대지,921,5,인천광역시 남동구 간석동 921-5,282004259389,인천광역시 남동구 백범로248번길,3,,2820010200109210005029205,,인천광역시 남동구 백범로248번길 3,405815,21518,,,,126.72167286322,37.4610628881572
MA010120220802686556,현용산업,,G2,소매,G210,철물·건설자재 소매,G21099,기타 건설/건축자재 소매업,G47519,"페인트, 창호 및 기타 건설자재 소매업",41,경기도,41220,평택시,41220560,송북동,4122011000,지산동,4122011000107530016,1,대지,753,16,경기도 평택시 지산동 753-16,412204364774,경기도 평택시 탄현로326번길,27,9,4122011000107530017008780,,경기도 평택시 탄현로326번길 27-9,459110,17757,,,,127.057570743234,37.0814076723257
MA010120220802727273,한그루,,G2,소매,G210,철물·건설자재 소매,G21099,기타 건설/건축자재 소매업,G47519,"페인트, 창호 및 기타 건설자재 소매업",41,경기도,41590,화성시,41590340,송산면,4159034026,송산면,4159034026110570000,1,대지,1057,,경기도 화성시 송산면 쌍정리 1057,415903210005,경기도 화성시 송산면 공룡로,70,28,4159034026110570000000001,외,경기도 화성시 송산면 공룡로 70-28,445873,18547,,,,126.732967034588,37.2245331812076
MA010120220802735988,두성대주환경,,G2,소매,G210,철물·건설자재 소매,G21099,기타 건설/건축자재 소매업,G47519,"페인트, 창호 및 기타 건설자재 소매업",41,경기도,41390,시흥시,41390630,연성동,4139012900,장현동,4139012900105400000,1,대지,540,,경기도 시흥시 장현동 540,413903199068,경기도 시흥시 시청로,61,,4139012900105400000011861,새재마을청구5단지,경기도 시흥시 시청로 61,429739,14998,,,,126.800275331512,37.3798960950786
MA010120220804253375,신신목재,,G2,소매,G210,철물·건설자재 소매,G21099,기타 건설/건축자재 소매업,G47519,"페인트, 창호 및 기타 건설자재 소매업",11,서울특별시,11710,송파구,11710600,석촌동,1171010500,석촌동,1171010500100190006,1,대지,19,6,서울특별시 송파구 석촌동 19-6,117104169183,서울특별시 송파구 백제고분로33길,16,5,1171010500100190006000001,,서울특별시 송파구 백제고분로33길 16-5,138842,05614,,,,127.099060772336,37.504228119307
MA010120220804274412,네스트,,G2,소매,G210,철물·건설자재 소매,G21099,기타 건설/건축자재 소매업,G47519,"페인트, 창호 및 기타 건설자재 소매업",11,서울특별시,11710,송파구,11710642,문정2동,1171010800,문정동,1171010800106340000,1,대지,634,,서울특별시 송파구 문정동 634,117103123017,서울특별시 송파구 충민로,66,,1171010800105600000000001,테크노관,서울특별시 송파구 충민로 66,138888,05838,,,,127.12496063833,37.4776148454472
MA010120220804251586,포이에마,,G2,소매,G210,철물·건설자재 소매,G21099,기타 건설/건축자재 소매업,G47519,"페인트, 창호 및 기타 건설자재 소매업",41,경기도,41133,성남시 중원구,41133590,상대원3동,4113310500,상대원동,4113310500107630000,1,대지,763,,경기도 성남시 중원구 상대원동 763,411334337108,경기도 성남시 중원구 금상로90번길,10,,4113310500107630000004738,,경기도 성남시 중원구 금상로90번길 10,462809,13233,,1,,127.165592444649,37.4415334450821
MA010120220804326790,가나데코,,G2,소매,G210,철물·건설자재 소매,G21099,기타 건설/건축자재 소매업,G47519,"페인트, 창호 및 기타 건설자재 소매업",41,경기도,41360,남양주시,41360259,진건읍,4136025926,진건읍,4136025926101290004,1,대지,129,4,경기도 남양주시 진건읍 송능리 129-4,413603197050,경기도 남양주시 진건읍 진건오남로,391,,4136025926101290004008027,,경기도 남양주시 진건읍 진건오남로 391,472835,12129,,1,,127.200473093002,37.6728011314109
MA010120220804292298,네이처엔지니어링주,,G2,소매,G210,철물·건설자재 소매,G21099,기타 건설/건축자재 소매업,G47519,"페인트, 창호 및 기타 건설자재 소매업",52,전북특별자치도,52720,진안군,52720250,진안읍,5272025021,진안읍,5272025021104030071,1,대지,403,71,전북특별자치도 진안군 진안읍 군상리 403-71,527203274057,전북특별자치도 진안군 진안읍 진무로,1116,2,4572025021104030071005952,,전북특별자치도 진안군 진안읍 진무로 1116-2,567804,55432,,,,127.43069680764,35.7920976402451
MA010120220804288256,대한건재,,G2,소매,G210,철물·건설자재 소매,G21099,기타 건설/건축자재 소매업,G47519,"페인트, 창호 및 기타 건설자재 소매업",47,경상북도,47210,영주시,47210590,휴천1동,4721010400,휴천동,4721010400117660000,1,대지,1766,,경상북도 영주시 휴천동 1766,472103309035,경상북도 영주시 서원로,63,,4721010400117660000000001,,경상북도 영주시 서원로 63,750914,36155,,,,128.633053469217,36.8075306895943
MA010120220804356621,이레건장,,G2,소매,G210,철물·건설자재 소매,G21099,기타 건설/건축자재 소매업,G47519,"페인트, 창호 및 기타 건설자재 소매업",11,서울특별시,11350,노원구,11350670,상계5동,1135010500,상계동,1135010500101380150,1,대지,138,150,서울특별시 노원구 상계동 138-150,113503110006,서울특별시 노원구 수락산로,31,8,1135010500101380150005167,,서울특별시 노원구 수락산로 31-8,139205,01659,,2,,127.072401567451,37.6653179802686
MA010120220804348914,오픈닥트,,G2,소매,G210,철물·건설자재 소매,G21099,기타 건설/건축자재 소매업,G47519,"페인트, 창호 및 기타 건설자재 소매업",11,서울특별시,11740,강동구,11740660,성내3동,1174010800,성내동,1174010800104200046,1,대지,420,46,서울특별시 강동구 성내동 420-46,117403124007,서울특별시 강동구 성안로,70,,1174010800104200046004004,,서울특별시 강동구 성안로 70,134845,05403,,1,,127.131779121582,37.5297846335556
MA010120220804379976,진남건재,,G2,소매,G210,철물·건설자재 소매,G21099,기타 건설/건축자재 소매업,G47519,"페인트, 창호 및 기타 건설자재 소매업",11,서울특별시,11350,노원구,11350595,공릉1동,1135010300,공릉동,1135010300105090038,1,대지,509,38,서울특별시 노원구 공릉동 509-38,113504130179,서울특별시 노원구 동일로184길,57,,1135010300105090038016059,,서울특별시 노원구 동일로184길 57,139806,01843,,,,127.076734618582,37.6246268154785
MA010120220804334200,다원기업,,G2,소매,G210,철물·건설자재 소매,G21099,기타 건설/건축자재 소매업,G47519,"페인트, 창호 및 기타 건설자재 소매업",41,경기도,41113,수원시 권선구,41113540,세류3동,4111312600,세류동,4111312600110790004,1,대지,1079,4,경기도 수원시 권선구 세류동 1079-4,411132012008,경기도 수원시 권선구 경수대로,319,,4111312600110790004031244,승일빌딩,경기도 수원시 권선구 경수대로 319,441878,16580,,4,,127.021045369849,37.2553777904071
MA010120220804334437,더함하우징,,G2,소매,G210,철물·건설자재 소매,G21099,기타 건설/건축자재 소매업,G47519,"페인트, 창호 및 기타 건설자재 소매업",11,서울특별시,11380,은평구,11380640,증산동,1138011000,증산동,1138011000101610007,1,대지,161,7,서울특별시 은평구 증산동 161-7,113804133267,서울특별시 은평구 증산서길,144,,1138011000101610007012019,,서울특별시 은평구 증산서길 144,122935,03497,,1,,126.911539817502,37.587452785578
MA010120220804412344,지인산업,,G2,소매,G210,철물·건설자재 소매,G21099,기타 건설/건축자재 소매업,G47519,"페인트, 창호 및 기타 건설자재 소매업",28,인천광역시,28200,남동구,28200650,장수서창동,2820010500,서창동,2820010500105480009,1,대지,548,9,인천광역시 남동구 서창동 548-9,282003149061,인천광역시 남동구 매소홀로,1135,,2820010500105480009000001,,인천광역시 남동구 매소홀로 1135,405260,21602,,,,126.748886743364,37.4385625210112
MA010120220805740296,삼정개발,,G2,소매,G210,철물·건설자재 소매,G21099,기타 건설/건축자재 소매업,G47519,"페인트, 창호 및 기타 건설자재 소매업",30,대전광역시,30140,중구,30140575,대흥동,3014010500,대흥동,3014010500103400012,1,대지,340,12,대전광역시 중구 대흥동 340-12,301403164032,대전광역시 중구 보문로,194,1,3014010500103400013010457,,대전광역시 중구 보문로 194-1,301805,34932,,,,127.424474580594,36.3201702185874
MA010120220805754632,상월헌목재,,G2,소매,G210,철물·건설자재 소매,G21099,기타 건설/건축자재 소매업,G47519,"페인트, 창호 및 기타 건설자재 소매업",30,대전광역시,30140,중구,30140655,용두동,3014011200,용두동,3014011200101650005,1,대지,165,5,대전광역시 중구 용두동 165-5,301404295007,대전광역시 중구 계룡로737번길,7,,3014011200101650005000001,,대전광역시 중구 계룡로737번길 7,301832,34821,,,,127.400774554236,36.3327243311222
MA010120220805755769,가나판넬,,G2,소매,G210,철물·건설자재 소매,G21099,기타 건설/건축자재 소매업,G47519,"페인트, 창호 및 기타 건설자재 소매업",44,충청남도,44200,아산시,44200250,염치읍,4420025023,염치읍,4420025023100270051,1,대지,27,51,충청남도 아산시 염치읍 서원리 27-51,442003253052,충청남도 아산시 염치읍 아산로,744,,4420025023100270051000001,,충청남도 아산시 염치읍 아산로 744,336811,31442,,,,126.967117615492,36.8409797071563
MA010120220805754310,하나목재,,G2,소매,G210,철물·건설자재 소매,G21099,기타 건설/건축자재 소매업,G47519,"페인트, 창호 및 기타 건설자재 소매업",30,대전광역시,30140,중구,30140620,석교동,3014010700,석교동,3014010700100960005,1,대지,96,5,대전광역시 중구 석교동 96-5,301403010004,대전광역시 중구 대종로,181,,3014010700100960005007632,,대전광역시 중구 대종로 181,301821,35063,,,,127.446449516335,36.3071222097765
MA010120220805740955,중앙가설재,,G2,소매,G210,철물·건설자재 소매,G21099,기타 건설/건축자재 소매업,G47519,"페인트, 창호 및 기타 건설자재 소매업",44,충청남도,44710,금산군,44710390,추부면,4471039022,추부면,4471039022102840000,1,대지,284,,충청남도 금산군 추부면 추정리 284,447103000088,충청남도 금산군 추부면 금산로,2434,,4471039022102840000000001,,충청남도 금산군 추부면 금산로 2434,312942,32715,,,,127.472403589619,36.1814690066406
MA010120220805739272,대화차유리,,G2,소매,G210,철물·건설자재 소매,G21099,기타 건설/건축자재 소매업,G45219,기타 자동차 신품 부품 및 내장품 판매업,30,대전광역시,30140,중구,30140740,산성동,3014011700,산성동,3014011700101400017,1,대지,140,17,대전광역시 중구 산성동 140-17,301403000093,대전광역시 중구 대둔산로,480,,3014011700101400017007480,,대전광역시 중구 대둔산로 480,301817,34979,,,,127.389042965432,36.3118647550826
MA010120220805760540,효성코트,,G2,소매,G210,철물·건설자재 소매,G21099,기타 건설/건축자재 소매업,G47519,"페인트, 창호 및 기타 건설자재 소매업",46,전라남도,46110,목포시,46110756,상동,4611016000,석현동,4611016000107750003,1,대지,775,3,전라남도 목포시 석현동 775-3,461104643093,전라남도 목포시 도룡길5번길,14,,4611016000107750003043811,,전라남도 목포시 도룡길5번길 14,530823,58607,,,,126.420029106025,34.8254244011678
MA010120220805769867,파랑인테리어,,G2,소매,G210,철물·건설자재 소매,G21099,기타 건설/건축자재 소매업,G47519,"페인트, 창호 및 기타 건설자재 소매업",30,대전광역시,30200,유성구,30200600,관평동,3020014600,관평동,3020014600109460000,1,대지,946,,대전광역시 유성구 관평동 946,302003167080,대전광역시 유성구 테크노중앙로,60,,3020014600109460000000001,,대전광역시 유성구 테크노중앙로 60,305509,34018,,,,127.39176306627,36.4258541073334
MA010120220805780673,브이티시스템즈,,G2,소매,G210,철물·건설자재 소매,G21099,기타 건설/건축자재 소매업,G47519,"페인트, 창호 및 기타 건설자재 소매업",30,대전광역시,30170,서구,30170581,갈마1동,3017011100,갈마동,3017011100103930012,1,대지,393,12,대전광역시 서구 갈마동 393-12,301703166037,대전광역시 서구 신갈마로,110,7,3017011100103930012007449,갈마빌딩,대전광역시 서구 신갈마로 110-7,302807,35281,,,,127.369118206488,36.3439738505516
MA010120220805794459,제일안전공사,,G2,소매,G210,철물·건설자재 소매,G21099,기타 건설/건축자재 소매업,G47519,"페인트, 창호 및 기타 건설자재 소매업",30,대전광역시,30110,동구,30110545,신인동,3011010200,인동,3011010200100120009,1,대지,12,9,대전광역시 동구 인동 12-9,301104292160,대전광역시 동구 대흥로202번길,21,3,3011010200100120009027376,,대전광역시 동구 대흥로202번길 21-3,300827,34631,,,,127.434404023018,36.3254875393651
MA010120220805766616,기타 건설/건축자재 소매업,,G2,소매,G210,철물·건설자재 소매,G21099,기타 건설/건축자재 소매업,G47519,"페인트, 창호 및 기타 건설자재 소매업",30,대전광역시,30140,중구,30140730,문화2동,3014011600,문화동,3014011600106680004,1,대지,668,4,대전광역시 중구 문화동 668-4,301403165047,대전광역시 중구 문화로,134,,3014011600106680004021142,,대전광역시 중구 문화로 134,301814,34991,,,,127.400316742068,36.3128999390981
MA010120220805781632,대전건축자재,,G2,소매,G210,철물·건설자재 소매,G21099,기타 건설/건축자재 소매업,G47519,"페인트, 창호 및 기타 건설자재 소매업",30,대전광역시,30230,대덕구,30230510,오정동,3023010100,오정동,3023010100104300015,1,대지,430,15,대전광역시 대덕구 오정동 430-15,302304304377,대전광역시 대덕구 옛신탄진로151번길,2,,3023010100104300015022527,,대전광역시 대덕구 옛신탄진로151번길 2,306819,34433,,,,127.417890215556,36.3529781943632
MA010120220805769021,Z:inInteriorFilm,,G2,소매,G210,철물·건설자재 소매,G21099,기타 건설/건축자재 소매업,G47519,"페인트, 창호 및 기타 건설자재 소매업",30,대전광역시,30110,동구,30110590,자양동,3011011100,자양동,3011011100100900042,1,대지,90,42,대전광역시 동구 자양동 90-42,301103164018,대전광역시 동구 성동로,9,,3011011100100900042016822,,대전광역시 동구 성동로 9,300830,34517,,1,,127.452536078074,36.3372797337758
MA010120220805825484,명문가설재,,G2,소매,G210,철물·건설자재 소매,G21099,기타 건설/건축자재 소매업,G47519,"페인트, 창호 및 기타 건설자재 소매업",44,충청남도,44710,금산군,44710380,복수면,4471038024,복수면,4471038024102020000,1,대지,202,,충청남도 금산군 복수면 수영리 202,447103000094,충청남도 금산군 복수면 복수로,301,,4471038024102020000031401,,충청남도 금산군 복수면 복수로 301,312921,32701,,,,127.390105985122,36.1785932450198
MA010120220805802436,현대종합건축인테리어,,G2,소매,G210,철물·건설자재 소매,G21099,기타 건설/건축자재 소매업,G47519,"페인트, 창호 및 기타 건설자재 소매업",11,서울특별시,11410,서대문구,11410615,연희동,1141011700,연희동,1141011700105330045,1,대지,533,45,서울특별시 서대문구 연희동 533-45,114103112013,서울특별시 서대문구 홍제천로,36,,1141011700105330045032315,,서울특별시 서대문구 홍제천로 36,120832,03705,,1,,126.920321621541,37.5701509483967
MA010120220805835813,대영종합건재,,G2,소매,G210,철물·건설자재 소매,G21099,기타 건설/건축자재 소매업,G47519,"페인트, 창호 및 기타 건설자재 소매업",41,경기도,41273,안산시 단원구,41273610,대부동,4127311100,대부북동,4127311100103320000,1,대지,332,,경기도 안산시 단원구 대부북동 332,412733350798,경기도 안산시 단원구 상동로,76,,4127311100103320000000001,,경기도 안산시 단원구 상동로 76,425330,15645,,,,126.58314832461,37.2416529098681
MA010120220805843169,남현,,G2,소매,G210,철물·건설자재 소매,G21099,기타 건설/건축자재 소매업,G47519,"페인트, 창호 및 기타 건설자재 소매업",41,경기도,41463,용인시 기흥구,41463550,서농동,4146311000,서천동,4146311000102870010,1,대지,287,10,경기도 용인시 기흥구 서천동 287-10,414633204038,경기도 용인시 기흥구 서그내로,46,12,4146311000102870010019757,,경기도 용인시 기흥구 서그내로 46-12,446906,17103,,,,127.073269761195,37.2435983641117
MA010120220805843352,고려환경산업,,G2,소매,G210,철물·건설자재 소매,G21099,기타 건설/건축자재 소매업,G47519,"페인트, 창호 및 기타 건설자재 소매업",30,대전광역시,30110,동구,30110515,중앙동,3011011300,소제동,3011011300103050684,1,대지,305,684,대전광역시 동구 소제동 305-684,301104292240,대전광역시 동구 미래8길,11,,3011011300103050684017534,,대전광역시 동구 미래8길 11,300080,34605,,,,127.442522229232,36.3352445293544
MA010120220805834132,에코산업,,G2,소매,G210,철물·건설자재 소매,G21099,기타 건설/건축자재 소매업,G47519,"페인트, 창호 및 기타 건설자재 소매업",41,경기도,41461,용인시 처인구,41461350,백암면,4146135029,백암면,4146135029100520000,1,대지,52,,경기도 용인시 처인구 백암면 근삼리 52,414614409107,경기도 용인시 처인구 백암면 근창로35번길,150,14,4146135029100490000012675,,경기도 용인시 처인구 백암면 근창로35번길 150-14,449864,17181,,,,127.37170914567,37.1532392891902
MA010120220805868010,공간창호,,G2,소매,G210,철물·건설자재 소매,G21099,기타 건설/건축자재 소매업,G47519,"페인트, 창호 및 기타 건설자재 소매업",36,세종특별자치시,36110,세종특별자치시,36110360,연서면,3611036021,연서면,3611036021109730002,1,대지,973,2,세종특별자치시 세종특별자치시 연서면 월하리 973-2,361104574381,세종특별자치시 세종특별자치시 연서면 연화사길,3,,4473032021109730002027387,,세종특별자치시 세종특별자치시 연서면 연화사길 3,339815,30049,,,,127.277606855457,36.5941130847558
MA010120220805848051,동원유리,,G2,소매,G210,철물·건설자재 소매,G21099,기타 건설/건축자재 소매업,G47519,"페인트, 창호 및 기타 건설자재 소매업",30,대전광역시,30230,대덕구,30230510,오정동,3023010100,오정동,3023010100102350018,1,대지,235,18,대전광역시 대덕구 오정동 235-18,302304304397,대전광역시 대덕구 오정로76번길,27,,3023010100102350018018223,,대전광역시 대덕구 오정로76번길 27,306818,34439,,,,127.411186900372,36.3536232588931
MA010120220805868074,대한상사,,G2,소매,G210,철물·건설자재 소매,G21099,기타 건설/건축자재 소매업,G47519,"페인트, 창호 및 기타 건설자재 소매업",44,충청남도,44150,공주시,44150570,신관동,4415012200,쌍신동,4415012200100500005,1,대지,50,5,충청남도 공주시 쌍신동 50-5,441504553753,충청남도 공주시 심산길,225,,4415012200100500005050544,,충청남도 공주시 심산길 225,314802,32529,,1,,127.131611420697,36.4882261064798
MA010120220805866926,미래가설산업,,G2,소매,G210,철물·건설자재 소매,G21099,기타 건설/건축자재 소매업,G47519,"페인트, 창호 및 기타 건설자재 소매업",41,경기도,41550,안성시,41550330,서운면,4155033029,서운면,4155033029101370003,1,대지,137,3,경기도 안성시 서운면 신능리 137-3,415503208023,경기도 안성시 서운면 바우덕이로,347,20,4155033029101370003000001,제,경기도 안성시 서운면 바우덕이로 347-20,456853,17606,,,,127.276503295967,36.9660049117188
MA010120220807251018,예감인테리어장식철물,,G2,소매,G210,철물·건설자재 소매,G21099,기타 건설/건축자재 소매업,G47519,"페인트, 창호 및 기타 건설자재 소매업",52,전북특별자치도,52111,전주시 완산구,52111510,중앙동,5211111600,다가동4가,5211111600100030002,1,대지,3,2,전북특별자치도 전주시 완산구 다가동4가 3-2,521114598367,전북특별자치도 전주시 완산구 태평1길,28,,4511111600100030002030853,,전북특별자치도 전주시 완산구 태평1길 28,560054,54999,,,,127.139055339162,35.8211152594939
MA010120220807234799,구이종합건재,,G2,소매,G210,철물·건설자재 소매,G21099,기타 건설/건축자재 소매업,G47519,"페인트, 창호 및 기타 건설자재 소매업",52,전북특별자치도,52710,완주군,52710350,구이면,5271035026,구이면,5271035026100780012,1,대지,78,12,전북특별자치도 완주군 구이면 항가리 78-12,527103266093,전북특별자치도 완주군 구이면 구이로,1362,,4571035026100780012002836,,전북특별자치도 완주군 구이면 구이로 1362,565824,55362,,,,127.120667014677,35.720842068893
MA010120220807242199,삼화페인트든솔,,G2,소매,G210,철물·건설자재 소매,G21099,기타 건설/건축자재 소매업,G47519,"페인트, 창호 및 기타 건설자재 소매업",30,대전광역시,30230,대덕구,30230580,목상동,3023011400,신일동,3023011400100580004,1,대지,58,4,대전광역시 대덕구 신일동 58-4,302303168012,대전광역시 대덕구 산업단지로,85,,3023011400100580004022212,,대전광역시 대덕구 산업단지로 85,306210,34328,,,,127.412101903768,36.4299219760738
MA010120220807233670,전동목재,,G2,소매,G210,철물·건설자재 소매,G21099,기타 건설/건축자재 소매업,G47519,"페인트, 창호 및 기타 건설자재 소매업",52,전북특별자치도,52111,전주시 완산구,52111530,풍남동,5211111100,전동,5211111100102210001,1,대지,221,1,전북특별자치도 전주시 완산구 전동 221-1,521113266077,전북특별자치도 전주시 완산구 팔달로,101,12,4511111100102210001017820,,전북특별자치도 전주시 완산구 팔달로 101-12,560040,55043,,1,,127.148953845375,35.8122169735249
MA010120220807244171,남호스텐부속,,G2,소매,G210,철물·건설자재 소매,G21099,기타 건설/건축자재 소매업,G47519,"페인트, 창호 및 기타 건설자재 소매업",48,경상남도,48880,거창군,48880250,거창읍,4888025024,거창읍,4888025024110730004,1,대지,1073,4,경상남도 거창군 거창읍 대평리 1073-4,488804841171,경상남도 거창군 거창읍 대평5길,20,9,4888025024110730004018715,,경상남도 거창군 거창읍 대평5길 20-9,670804,50145,,,,127.918739849659,35.6843199199251
MA010120220807275620,전주특수건조목재,,G2,소매,G210,철물·건설자재 소매,G21099,기타 건설/건축자재 소매업,G47519,"페인트, 창호 및 기타 건설자재 소매업",52,전북특별자치도,52210,김제시,52210420,금구면,5221042027,금구면,5221042027103300001,1,대지,330,1,전북특별자치도 김제시 금구면 대화리 330-1,522103272091,전북특별자치도 김제시 금구면 선비로,1102,,4521042027103300001034807,,전북특별자치도 김제시 금구면 선비로 1102,576943,54341,,,,127.035451540302,35.7873750697897
MA010120220807287065,제일엔지니어링,,G2,소매,G210,철물·건설자재 소매,G21099,기타 건설/건축자재 소매업,G47519,"페인트, 창호 및 기타 건설자재 소매업",52,전북특별자치도,52111,전주시 완산구,52111680,서신동,5211112900,서신동,5211112900103250001,1,대지,325,1,전북특별자치도 전주시 완산구 서신동 325-1,521114598330,전북특별자치도 전주시 완산구 전룡5길,17,5,4511112900103250001033737,서신영창,전북특별자치도 전주시 완산구 전룡5길 17-5,560820,54954,,2,,127.12085959791,35.826272111879
MA010120220807268985,한국건재,,G2,소매,G210,철물·건설자재 소매,G21099,기타 건설/건축자재 소매업,G47519,"페인트, 창호 및 기타 건설자재 소매업",52,전북특별자치도,52710,완주군,52710360,고산면,5271036021,고산면,5271036021108790000,1,대지,879,,전북특별자치도 완주군 고산면 읍내리 879,527103273002,전북특별자치도 완주군 고산면 고산로,69,14,4571036021108800037027918,,전북특별자치도 완주군 고산면 고산로 69-14,565864,55311,,,,127.205097885761,35.9759811659008
MA010120220807329342,새마을상회,,G2,소매,G210,철물·건설자재 소매,G21099,기타 건설/건축자재 소매업,G47519,"페인트, 창호 및 기타 건설자재 소매업",52,전북특별자치도,52140,익산시,52140400,금마면,5214040021,금마면,5214040021106420001,1,대지,642,1,전북특별자치도 익산시 금마면 동고도리 642-1,521404607047,전북특별자치도 익산시 금마면 고도길,47,,4514040021106410001049762,,전북특별자치도 익산시 금마면 고도길 47,570912,54572,,,,127.052477392033,35.992556482302
MA010120220807299935,세화벽돌,,G2,소매,G210,철물·건설자재 소매,G21099,기타 건설/건축자재 소매업,G47519,"페인트, 창호 및 기타 건설자재 소매업",52,전북특별자치도,52140,익산시,52140390,여산면,5214039026,여산면,5214039026106180062,1,대지,618,62,전북특별자치도 익산시 여산면 두여리 618-62,521403269001,전북특별자치도 익산시 여산면 가람로,529,95,4514039026106180054039183,,전북특별자치도 익산시 여산면 가람로 529-95,570931,54518,,,,127.080463298664,36.0749222669449
MA010120220807307974,원평샷시,,G2,소매,G210,철물·건설자재 소매,G21099,기타 건설/건축자재 소매업,G47519,"페인트, 창호 및 기타 건설자재 소매업",52,전북특별자치도,52210,김제시,52210430,봉남면,5221043022,봉남면,5221043022103300006,1,대지,330,6,전북특별자치도 김제시 봉남면 평사리 330-6,522103272026,전북특별자치도 김제시 봉남면 봉남로,198,9,4521043022103300006019757,,전북특별자치도 김제시 봉남면 봉남로 198-9,576951,54357,,,,126.983593920139,35.743928997517
MA010120220807329419,현대종합건재,,G2,소매,G210,철물·건설자재 소매,G21099,기타 건설/건축자재 소매업,G47519,"페인트, 창호 및 기타 건설자재 소매업",52,전북특별자치도,52140,익산시,52140250,함열읍,5214025021,함열읍,5214025021106450002,1,대지,645,2,전북특별자치도 익산시 함열읍 와리 645-2,521403269043,전북특별자치도 익산시 함열읍 함열로,19,,4514025021106450002040642,,전북특별자치도 익산시 함열읍 함열로 19,570805,54511,,,,126.957980735434,36.0754465942346
MA010120220807300483,조은유리，샷시.열쇠,,G2,소매,G210,철물·건설자재 소매,G21099,기타 건설/건축자재 소매업,G47519,"페인트, 창호 및 기타 건설자재 소매업",52,전북특별자치도,52140,익산시,52140646,영등1동,5214012200,영등동,5214012200105280007,1,대지,528,7,전북특별자치도 익산시 영등동 528-7,521403269008,전북특별자치도 익산시 동서로,273,,4514012200105280004050870,,전북특별자치도 익산시 동서로 273,570979,54634,,,,126.964197885494,35.9521420981544
MA010120220807314299,일화종합상사,,G2,소매,G210,철물·건설자재 소매,G21099,기타 건설/건축자재 소매업,G47519,"페인트, 창호 및 기타 건설자재 소매업",52,전북특별자치도,52140,익산시,52140580,마동,5214011200,마동,5214011200103540004,1,대지,354,4,전북특별자치도 익산시 마동 354-4,521403269061,전북특별자치도 익산시 중앙로,164,,4514011200103540004075288,,전북특별자치도 익산시 중앙로 164,570964,54598,,,,126.964349284019,35.9358837347266
MA010120220807299328,동양골재사,,G2,소매,G210,철물·건설자재 소매,G21099,기타 건설/건축자재 소매업,G47519,"페인트, 창호 및 기타 건설자재 소매업",52,전북특별자치도,52140,익산시,52140670,팔봉동,5214012400,신흥동,5214012400103970006,1,대지,397,6,전북특별자치도 익산시 신흥동 397-6,521404607598,전북특별자치도 익산시 서동로27길,99,,4514012400103970006063318,,전북특별자치도 익산시 서동로27길 99,570997,54591,,,,126.991387859036,35.9492090825727
MA010120220807344586,더리버스,,G2,소매,G210,철물·건설자재 소매,G21099,기타 건설/건축자재 소매업,G47519,"페인트, 창호 및 기타 건설자재 소매업",11,서울특별시,11650,서초구,11650652,양재2동,1165010200,양재동,1165010200102870004,1,대지,287,4,서울특별시 서초구 양재동 287-4,116504163092,서울특별시 서초구 논현로11길,6,7,1165010200102870004002999,동주빌딩,서울특별시 서초구 논현로11길 6-7,137895,06782,,,,127.047662001671,37.4739050897472
MA010120220807363955,세봉산업사,,G2,소매,G210,철물·건설자재 소매,G21099,기타 건설/건축자재 소매업,G47519,"페인트, 창호 및 기타 건설자재 소매업",52,전북특별자치도,52790,고창군,52790250,고창읍,5279025031,고창읍,5279025031111840000,1,대지,1184,,전북특별자치도 고창군 고창읍 주곡리 1184,527904637358,전북특별자치도 고창군 고창읍 사계길,14,,4579025031111840000000001,,전북특별자치도 고창군 고창읍 사계길 14,585802,56443,,,,126.666443624493,35.4344242114548
MA010120220807361934,일신석재,,G2,소매,G210,철물·건설자재 소매,G21099,기타 건설/건축자재 소매업,G47519,"페인트, 창호 및 기타 건설자재 소매업",52,전북특별자치도,52180,정읍시,52180440,산외면,5218044026,산외면,5218044026105700000,1,대지,570,,전북특별자치도 정읍시 산외면 오공리 570,521803270015,전북특별자치도 정읍시 산외면 빗재로,351,,4518044026105700000039674,,전북특별자치도 정읍시 산외면 빗재로 351,580951,56122,,,,127.021624131309,35.6209032490569
MA010120220807352991,칠성건재,,G2,소매,G210,철물·건설자재 소매,G21099,기타 건설/건축자재 소매업,G47519,"페인트, 창호 및 기타 건설자재 소매업",52,전북특별자치도,52180,정읍시,52180250,신태인읍,5218025022,신태인읍,5218025022104530004,1,대지,453,4,전북특별자치도 정읍시 신태인읍 우령리 453-4,521803270035,전북특별자치도 정읍시 신태인읍 정신로,1263,,4518025022104530004061989,,전북특별자치도 정읍시 신태인읍 정신로 1263,580901,56103,,,,126.876426566449,35.6920162734851
MA010120220808709831,현민,,G2,소매,G210,철물·건설자재 소매,G21099,기타 건설/건축자재 소매업,G47519,"페인트, 창호 및 기타 건설자재 소매업",47,경상북도,47820,청도군,47820340,이서면,4782034045,이서면,4782034045100990001,1,대지,99,1,경상북도 청도군 이서면 수야리 99-1,478204757452,경상북도 청도군 이서면 중촌길,26,1,4782034045100990001008840,,경상북도 청도군 이서면 중촌길 26-1,714853,38316,,,,128.651897929273,35.6688948777741
MA010120220808700100,왜관현대유리샷시,,G2,소매,G210,철물·건설자재 소매,G21099,기타 건설/건축자재 소매업,G47519,"페인트, 창호 및 기타 건설자재 소매업",47,경상북도,47850,칠곡군,47850250,왜관읍,4785025021,왜관읍,4785025021102590068,1,대지,259,68,경상북도 칠곡군 왜관읍 왜관리 259-68,478504766001,경상북도 칠곡군 왜관읍 2번도로길,45,2,4785025021102590068039164,,경상북도 칠곡군 왜관읍 2번도로길 45-2,718805,39893,,,,128.397557192765,35.9917085684319
MA010120220808726666,진영이엔지,,G2,소매,G210,철물·건설자재 소매,G21099,기타 건설/건축자재 소매업,G47519,"페인트, 창호 및 기타 건설자재 소매업",29,광주광역시,29170,북구,29170685,석곡동,2917012400,장등동,2917012400110160005,1,대지,1016,5,광주광역시 북구 장등동 1016-5,291704286552,광주광역시 북구 용호천변길,19,1,2917012400110160005011705,,광주광역시 북구 용호천변길 19-1,500510,61046,,,,126.941671927057,35.2103662553516
MA010120220808705918,은지건설,,G2,소매,G210,철물·건설자재 소매,G21099,기타 건설/건축자재 소매업,G47519,"페인트, 창호 및 기타 건설자재 소매업",51,강원특별자치도,51110,춘천시,51110350,서면,5111035026,서면,5111035026107840001,1,대지,784,1,강원특별자치도 춘천시 서면 월송리 784-1,511104454572,강원특별자치도 춘천시 서면 월송길,336,,4211035026107840001000001,,강원특별자치도 춘천시 서면 월송길 336,200831,24460,,,,127.673124573421,37.9208647803152
MA010120220808698558,신광특수,,G2,소매,G210,철물·건설자재 소매,G21099,기타 건설/건축자재 소매업,G47519,"페인트, 창호 및 기타 건설자재 소매업",48,경상남도,48330,양산시,48330540,서창동,4833011400,삼호동,4833011400104160006,1,대지,416,6,경상남도 양산시 삼호동 416-6,483302000011,경상남도 양산시 웅상대로,1370,,4833011400104160006034361,,경상남도 양산시 웅상대로 1370,626836,50528,,,,129.172063386406,35.4182933604591
MA010120220808770163,튼튼건재.골재,,G2,소매,G210,철물·건설자재 소매,G21099,기타 건설/건축자재 소매업,G47519,"페인트, 창호 및 기타 건설자재 소매업",43,충청북도,43114,청주시 청원구,43114310,북이면,4311431036,북이면,4311431036101480020,1,대지,148,20,충청북도 청주시 청원구 북이면 옥수리 148-20,431142014003,충청북도 청주시 청원구 북이면 충청대로,1511,,4371043036001480020045434,,충청북도 청주시 청원구 북이면 충청대로 1511,363922,28135,,,,127.56386505351,36.7708751683514
MA010120220808760836,청남단열,,G2,소매,G210,철물·건설자재 소매,G21099,기타 건설/건축자재 소매업,G47519,"페인트, 창호 및 기타 건설자재 소매업",43,충청북도,43113,청주시 흥덕구,43113770,강서2동,4311312600,신성동,4311312600101700010,1,대지,170,10,충청북도 청주시 흥덕구 신성동 170-10,431133237056,충청북도 청주시 흥덕구 신성로,157,,4311312600101700010000001,,충청북도 청주시 흥덕구 신성로 157,361450,28355,,,,127.409160013377,36.6570927131156
MA010120220808790440,명진건재,,G2,소매,G210,철물·건설자재 소매,G21099,기타 건설/건축자재 소매업,G47519,"페인트, 창호 및 기타 건설자재 소매업",28,인천광역시,28140,동구,28140610,송림4동,2814010700,송림동,2814010700100080565,1,대지,8,565,인천광역시 동구 송림동 8-565,281403150038,인천광역시 동구 염전로,84,,2814010700100080565040032,,인천광역시 동구 염전로 84,401074,22535,,,,126.652719073661,37.48172965223
MA010120220808783804,수컴퍼니,,G2,소매,G210,철물·건설자재 소매,G21099,기타 건설/건축자재 소매업,G47519,"페인트, 창호 및 기타 건설자재 소매업",27,대구광역시,27230,북구,27230526,칠성동,2723010200,칠성동2가,2723010200100890001,1,대지,89,1,대구광역시 북구 칠성동2가 89-1,272303007021,대구광역시 북구 옥산로,87,,2723010200100890001000001,태왕아너스로뎀플러스,대구광역시 북구 옥산로 87,702851,41593,,,,128.585345838952,35.8847968008758
MA010120220808851683,신일목재합판,,G2,소매,G210,철물·건설자재 소매,G21099,기타 건설/건축자재 소매업,G47519,"페인트, 창호 및 기타 건설자재 소매업",27,대구광역시,27140,동구,27140530,신암3동,2714010100,신암동,2714010100101640015,1,대지,164,15,대구광역시 동구 신암동 164-15,271403142028,대구광역시 동구 아양로,12,,2714010100101640015031765,,대구광역시 동구 아양로 12,701814,41206,,,,128.615548697526,35.881249294821
MA010120220808837590,동양상사,,G2,소매,G210,철물·건설자재 소매,G21099,기타 건설/건축자재 소매업,G47519,"페인트, 창호 및 기타 건설자재 소매업",27,대구광역시,27110,중구,27110595,대신동,2711015400,대신동,2711015400114950000,1,대지,1495,,대구광역시 중구 대신동 1495,271103141016,대구광역시 중구 큰장로,88,1,2711015400114950000003246,,대구광역시 중구 큰장로 88-1,700819,41928,,,,128.576300821405,35.8670191373795
MA010120220808824821,국일건재방수,,G2,소매,G210,철물·건설자재 소매,G21099,기타 건설/건축자재 소매업,G47519,"페인트, 창호 및 기타 건설자재 소매업",27,대구광역시,27110,중구,27110585,성내3동,2711015500,달성동,2711015500101640001,1,대지,164,1,대구광역시 중구 달성동 164-1,271103141011,대구광역시 중구 태평로,5,,2711015500101640001001828,,대구광역시 중구 태평로 5,700841,41900,,,,128.578663094194,35.8783875942448
MA010120220808816602,만경벽돌,,G2,소매,G210,철물·건설자재 소매,G21099,기타 건설/건축자재 소매업,G47519,"페인트, 창호 및 기타 건설자재 소매업",52,전북특별자치도,52210,김제시,52210250,만경읍,5221025021,만경읍,5221025021105780004,1,대지,578,4,전북특별자치도 김제시 만경읍 만경리 578-4,522103272018,전북특별자치도 김제시 만경읍 두내산로,8,,4521025021105780004014810,,전북특별자치도 김제시 만경읍 두내산로 8,576862,54307,,,,126.819547064443,35.8503240580571
MA010120220808841316,세원미디어,,G2,소매,G210,철물·건설자재 소매,G21099,기타 건설/건축자재 소매업,G47519,"페인트, 창호 및 기타 건설자재 소매업",46,전라남도,46150,순천시,46150665,왕조2동,4615013300,조례동,4615013300101340000,1,대지,134,,전라남도 순천시 조례동 134,461503283036,전라남도 순천시 순광로,160,,4615013300101340000000001,,전라남도 순천시 순광로 160,540969,57972,,,,127.5366788849,34.9608579489893
MA010120220808843340,가온스틸,,G2,소매,G210,철물·건설자재 소매,G21099,기타 건설/건축자재 소매업,G47519,"페인트, 창호 및 기타 건설자재 소매업",47,경상북도,47850,칠곡군,47850320,동명면,4785032030,동명면,4785032030103610006,1,대지,361,6,경상북도 칠곡군 동명면 금암리 361-6,478504766090,경상북도 칠곡군 동명면 금암동석4길,34,,4785032030103610006000001,,경상북도 칠곡군 동명면 금암동석4길 34,718922,39858,,,,128.55464122552,35.9856212029302
MA010120220808849360,성빈산업,,G2,소매,G210,철물·건설자재 소매,G21099,기타 건설/건축자재 소매업,G47519,"페인트, 창호 및 기타 건설자재 소매업",27,대구광역시,27260,수성구,27260630,파동,2726011000,파동,2726011000101260004,1,대지,126,4,대구광역시 수성구 파동 126-4,272604238447,대구광역시 수성구 파동로32길,28,6,2726011000101260004000722,,대구광역시 수성구 파동로32길 28-6,706848,42230,,,,128.614916205965,35.8184211020201
MA010120220808821897,지앤아이,,G2,소매,G210,철물·건설자재 소매,G21099,기타 건설/건축자재 소매업,G47519,"페인트, 창호 및 기타 건설자재 소매업",30,대전광역시,30170,서구,30170540,변동,3017010200,변동,3017010200100220101,1,대지,22,101,대전광역시 서구 변동 22-101,301703166029,대전광역시 서구 변동로,24,,3017010200100220101013943,,대전광역시 서구 변동로 24,302835,35323,,,,127.375773708287,36.3265153257531
MA010120220808846833,진보상사,,G2,소매,G210,철물·건설자재 소매,G21099,기타 건설/건축자재 소매업,G47519,"페인트, 창호 및 기타 건설자재 소매업",27,대구광역시,27260,수성구,27260640,두산동,2726011100,두산동,2726011100100710006,1,대지,71,6,대구광역시 수성구 두산동 71-6,272603146015,대구광역시 수성구 상화로,95,,2726011100100710006000002,,대구광역시 수성구 상화로 95,706800,42172,,,,128.617527114452,35.8353095061683
MA010120220810189983,라피,,G2,소매,G210,철물·건설자재 소매,G21099,기타 건설/건축자재 소매업,G47519,"페인트, 창호 및 기타 건설자재 소매업",28,인천광역시,28237,부평구,28237560,부평6동,2823710100,부평동,2823710100106230028,1,대지,623,28,인천광역시 부평구 부평동 623-28,282374262040,인천광역시 부평구 경인로1012번길,30,,2823710100106230028200355,,인천광역시 부평구 경인로1012번길 30,403827,21426,,1,,126.73187077439,37.4856659540142
MA010120220810204129,두산판넬건재,,G2,소매,G210,철물·건설자재 소매,G21099,기타 건설/건축자재 소매업,G47519,"페인트, 창호 및 기타 건설자재 소매업",48,경상남도,48270,밀양시,48270550,교동,4827010300,교동,4827010300102460030,1,대지,246,30,경상남도 밀양시 교동 246-30,482703336054,경상남도 밀양시 용평로,537,1,4827010300102460030000001,,경상남도 밀양시 용평로 537-1,627120,50432,,,,128.769895721564,35.5130301468679
MA010120220810220542,그린산업,,G2,소매,G210,철물·건설자재 소매,G21099,기타 건설/건축자재 소매업,G47519,"페인트, 창호 및 기타 건설자재 소매업",28,인천광역시,28245,계양구,28245611,계산1동,2824510200,계산동,2824510200109700029,1,대지,970,29,인천광역시 계양구 계산동 970-29,282454265469,인천광역시 계양구 향교로6번길,16,,2824510200109700029005546,,인천광역시 계양구 향교로6번길 16,407807,21054,,,,126.721183525773,37.5379894056482
MA010120220810191702,송화목재,,G2,소매,G210,철물·건설자재 소매,G21099,기타 건설/건축자재 소매업,G47519,"페인트, 창호 및 기타 건설자재 소매업",41,경기도,41250,동두천시,41250510,생연1동,4125010300,생연동,4125010300102180001,1,대지,218,1,경기도 동두천시 생연동 218-1,412503189024,경기도 동두천시 장고갯로,156,,4125010300102180001000001,,경기도 동두천시 장고갯로 156,483031,11318,,,,127.066009939197,37.9086535557786
MA010120220810234471,승진ENG,,G2,소매,G210,철물·건설자재 소매,G21099,기타 건설/건축자재 소매업,G47519,"페인트, 창호 및 기타 건설자재 소매업",52,전북특별자치도,52750,임실군,52750410,지사면,5275041026,지사면,5275041026102390000,1,대지,239,,전북특별자치도 임실군 지사면 방계리 239,527504631099,전북특별자치도 임실군 지사면 방계1길,64,8,4575041026102390000132638,,전북특별자치도 임실군 지사면 방계1길 64-8,566921,55921,,,,127.353363378972,35.556611718724
MA010120220810244944,신한디앤씨,,G2,소매,G210,철물·건설자재 소매,G21099,기타 건설/건축자재 소매업,G47519,"페인트, 창호 및 기타 건설자재 소매업",41,경기도,41150,의정부시,41150520,의정부2동,4115010100,의정부동,4115010100104840001,1,대지,484,1,경기도 의정부시 의정부동 484-1,411504343117,경기도 의정부시 둔야로45번길,11,,4115010100104840001021166,,경기도 의정부시 둔야로45번길 11,480848,11673,,1,,127.038994000573,37.7399074610405
MA010120220810256175,보람하우징,,G2,소매,G210,철물·건설자재 소매,G21099,기타 건설/건축자재 소매업,G47519,"페인트, 창호 및 기타 건설자재 소매업",11,서울특별시,11260,중랑구,11260590,상봉2동,1126010200,상봉동,1126010200101150046,1,대지,115,46,서울특별시 중랑구 상봉동 115-46,112604118266,서울특별시 중랑구 면목로95길,40,,1126010200101150046014496,,서울특별시 중랑구 면목로95길 40,131860,02137,,,,127.08338515377,37.5951869904003
MA010120220810279041,강북설비자재,,G2,소매,G210,철물·건설자재 소매,G21099,기타 건설/건축자재 소매업,G47519,"페인트, 창호 및 기타 건설자재 소매업",11,서울특별시,11320,도봉구,11320511,창1동,1132010700,창동,1132010700103800001,1,대지,380,1,서울특별시 도봉구 창동 380-1,113203000004,서울특별시 도봉구 덕릉로,358,,1132010700103800001018419,창동주공4단지,서울특별시 도봉구 덕릉로 358,132911,01488,,1,,127.048790971908,37.6451210768733
MA010120220810306468,곤지암목재,,G2,소매,G210,철물·건설자재 소매,G21099,기타 건설/건축자재 소매업,G47519,"페인트, 창호 및 기타 건설자재 소매업",41,경기도,41610,광주시,41610259,곤지암읍,4161025936,곤지암읍,4161025936100160003,1,대지,16,3,경기도 광주시 곤지암읍 삼리 16-3,416102012002,경기도 광주시 곤지암읍 경충대로,675,,4161025636100160003023827,,경기도 광주시 곤지암읍 경충대로 675,464937,12805,,,,127.333847589404,37.3515717316681
MA010120220810280252,흥양건업,,G2,소매,G210,철물·건설자재 소매,G21099,기타 건설/건축자재 소매업,G47519,"페인트, 창호 및 기타 건설자재 소매업",27,대구광역시,27110,중구,27110575,성내2동,2711011300,종로1가,2711011300100710001,1,대지,71,1,대구광역시 중구 종로1가 71-1,271103141010,대구광역시 중구 종로,45,4,2711011300100710001005847,,대구광역시 중구 종로 45-4,700191,41934,,3,,128.590961460616,35.8699167615011
MA010120220810332902,웜드,,G2,소매,G210,철물·건설자재 소매,G21099,기타 건설/건축자재 소매업,G47519,"페인트, 창호 및 기타 건설자재 소매업",41,경기도,41461,용인시 처인구,41461253,모현읍,4146125328,모현읍,4146125328100690002,1,대지,69,2,경기도 용인시 처인구 모현읍 오산리 69-2,414614409603,경기도 용인시 처인구 모현읍 오산로99번길,45,1,4146131028100690002000001,,경기도 용인시 처인구 모현읍 오산로99번길 45-1,449852,16885,,,,127.156348881509,37.3218631071773
MA010120220810336491,베러폼,,G2,소매,G210,철물·건설자재 소매,G21099,기타 건설/건축자재 소매업,G47519,"페인트, 창호 및 기타 건설자재 소매업",48,경상남도,48170,진주시,48170410,금산면,4817041024,금산면,4817041024100410004,1,대지,41,4,경상남도 진주시 금산면 속사리 41-4,481703332035,경상남도 진주시 금산면 송백로,38,,4817041024100430002032123,,경상남도 진주시 금산면 송백로 38,660922,52850,,2,,128.151439923258,35.1850857046999
MA010120220810317481,타라모터스,,G2,소매,G210,철물·건설자재 소매,G21099,기타 건설/건축자재 소매업,G47519,"페인트, 창호 및 기타 건설자재 소매업",41,경기도,41173,안양시 동안구,41173559,인덕원동,4117310200,관양동,4117310200115050004,1,대지,1505,4,경기도 안양시 동안구 관양동 1505-4,411732000018,경기도 안양시 동안구 흥안대로,528,,4117310200115050004003467,타워빌딩,경기도 안양시 동안구 흥안대로 528,431810,13943,,7,,126.977287623031,37.4010203521059
MA010120220800603285,미드미가,,G2,소매,G210,철물·건설자재 소매,G21099,기타 건설/건축자재 소매업,G47519,"페인트, 창호 및 기타 건설자재 소매업",11,서울특별시,11380,은평구,11380600,응암3동,1138010700,응암동,1138010700106030073,1,대지,603,73,서울특별시 은평구 응암동 603-73,113803005055,서울특별시 은평구 응암로,170,,1138010700106030073001730,,서울특별시 은평구 응암로 170,122927,03478,,2,,126.91666916112,37.5870961211613
MA010120220800604023,현대건재,,G2,소매,G210,철물·건설자재 소매,G21099,기타 건설/건축자재 소매업,G47519,"페인트, 창호 및 기타 건설자재 소매업",11,서울특별시,11410,서대문구,11410520,천연동,1141010500,냉천동,1141010500101820000,1,대지,182,,서울특별시 서대문구 냉천동 182,114103112004,서울특별시 서대문구 경기대로,88,,1141010500101820000030779,,서울특별시 서대문구 경기대로 88,120040,03735,,1,,126.964616745391,37.5665775615678
MA010120220800654165,경동건재설비,,G2,소매,G210,철물·건설자재 소매,G21099,기타 건설/건축자재 소매업,G47519,"페인트, 창호 및 기타 건설자재 소매업",11,서울특별시,11380,은평구,11380632,신사2동,1138010900,신사동,1138010900101930002,1,대지,193,2,서울특별시 은평구 신사동 193-2,113804133257,서울특별시 은평구 증산로17길,64,,1138010900101930002013909,,서울특별시 은평구 증산로17길 64,122887,03444,,,,126.906846590761,37.5921433438148
MA010120220800691291,"우성자동문나주,영암",대리점,G2,소매,G210,철물·건설자재 소매,G21099,기타 건설/건축자재 소매업,G47519,"페인트, 창호 및 기타 건설자재 소매업",46,전라남도,46170,나주시,46170600,이창동,4617012800,이창동,4617012800107610001,1,대지,761,1,전라남도 나주시 이창동 761-1,461704652592,전라남도 나주시 풍물시장2길,24,2,4617012800107610001000001,상가호,전라남도 나주시 풍물시장2길 24-2,520952,58274,,1,,126.70793917919,34.9930245899019
MA010120220800690918,가나방충망,,G2,소매,G210,철물·건설자재 소매,G21099,기타 건설/건축자재 소매업,G47519,"페인트, 창호 및 기타 건설자재 소매업",41,경기도,41113,수원시 권선구,41113670,권선1동,4111313700,권선동,4111313700110560005,1,대지,1056,5,경기도 수원시 권선구 권선동 1056-5,411134325293,경기도 수원시 권선구 세권로165번길,20,20,4111313700110560005030987,,경기도 수원시 권선구 세권로165번길 20-20,441824,16566,,,,127.02395400621,37.2565936462521
MA010120220800659106,응암인테리어,,G2,소매,G210,철물·건설자재 소매,G21099,기타 건설/건축자재 소매업,G47519,"페인트, 창호 및 기타 건설자재 소매업",11,서울특별시,11380,은평구,11380600,응암3동,1138010700,응암동,1138010700107520002,1,대지,752,2,서울특별시 은평구 응암동 752-2,113804133225,서울특별시 은평구 응암로12길,30,,1138010700107520002000780,좌측,서울특별시 은평구 응암로12길 30,122952,03480,,1,,126.91972623846,37.5869991305779
MA010120220800650158,불광타일도기상사,,G2,소매,G210,철물·건설자재 소매,G21099,기타 건설/건축자재 소매업,G47519,"페인트, 창호 및 기타 건설자재 소매업",11,서울특별시,11380,은평구,11380520,불광1동,1138010300,불광동,1138010300102900020,1,대지,290,20,서울특별시 은평구 불광동 290-20,113803000008,서울특별시 은평구 통일로,814,,1138010300102900020037224,,서울특별시 은평구 통일로 814,122859,03351,,,,126.924043867413,37.6165724911716
MA010120220800653043,응암건재,,G2,소매,G210,철물·건설자재 소매,G21099,기타 건설/건축자재 소매업,G47519,"페인트, 창호 및 기타 건설자재 소매업",11,서울특별시,11380,은평구,11380580,응암1동,1138010700,응암동,1138010700101170034,1,대지,117,34,서울특별시 은평구 응암동 117-34,113803005055,서울특별시 은평구 응암로,273,,1138010700101170034024794,,서울특별시 은평구 응암로 273,122910,03454,,,,126.919059448281,37.5963329510197
MA010120220800664777,승기종합산업,,G2,소매,G210,철물·건설자재 소매,G21099,기타 건설/건축자재 소매업,G47519,"페인트, 창호 및 기타 건설자재 소매업",44,충청남도,44133,천안시 서북구,44133540,쌍용2동,4413310700,쌍용동,4413310700115920000,1,대지,1592,,충청남도 천안시 서북구 쌍용동 1592,441334550565,충청남도 천안시 서북구 월봉7길,49,,4413310700115920000058313,,충청남도 천안시 서북구 월봉7길 49,331955,31174,,,,127.116207293079,36.7913664208426
MA010120220800676171,풍년건재,,G2,소매,G210,철물·건설자재 소매,G21099,기타 건설/건축자재 소매업,G47519,"페인트, 창호 및 기타 건설자재 소매업",11,서울특별시,11620,관악구,11620575,행운동,1162010100,봉천동,1162010100116720018,1,대지,1672,18,서울특별시 관악구 봉천동 1672-18,116204160744,서울특별시 관악구 행운1길,32,,1162010100116720018032160,,서울특별시 관악구 행운1길 32,151849,08740,,,,126.957512088824,37.480286211209
MA010120220800728664,현진산업,,G2,소매,G210,철물·건설자재 소매,G21099,기타 건설/건축자재 소매업,G47519,"페인트, 창호 및 기타 건설자재 소매업",41,경기도,41461,용인시 처인구,41461253,모현읍,4146125323,모현읍,4146125323106790001,1,대지,679,1,경기도 용인시 처인구 모현읍 초부리 679-1,414613203062,경기도 용인시 처인구 모현읍 새래로,158,16,4146131023106790001244218,,경기도 용인시 처인구 모현읍 새래로 158-16,449851,17037,,,,127.252682270184,37.3000628141925
MA010120220800746734,충남건재,,G2,소매,G210,철물·건설자재 소매,G21099,기타 건설/건축자재 소매업,G47519,"페인트, 창호 및 기타 건설자재 소매업",11,서울특별시,11530,구로구,11530510,신도림동,1153010100,신도림동,1153010100102800026,1,대지,280,26,서울특별시 구로구 신도림동 280-26,115304148398,서울특별시 구로구 신도림로15길,21,35,1153010100102800026025676,,서울특별시 구로구 신도림로15길 21-35,152886,08203,,,,126.880231904771,37.5109664728283
MA010120220800721454,로타리건재,,G2,소매,G210,철물·건설자재 소매,G21099,기타 건설/건축자재 소매업,G47519,"페인트, 창호 및 기타 건설자재 소매업",11,서울특별시,11530,구로구,11530510,신도림동,1153010100,신도림동,1153010100103940014,1,대지,394,14,서울특별시 구로구 신도림동 394-14,115304148392,서울특별시 구로구 신도림로11길,8,3,1153010100103940014026064,,서울특별시 구로구 신도림로11길 8-3,152887,08203,,,,126.879986937829,37.5085515331561
MA010120220800770641,화영,,G2,소매,G210,철물·건설자재 소매,G21099,기타 건설/건축자재 소매업,G47519,"페인트, 창호 및 기타 건설자재 소매업",11,서울특별시,11710,송파구,11710646,장지동,1171010800,문정동,1171010800101160006,1,대지,116,6,서울특별시 송파구 문정동 116-6,117104169313,서울특별시 송파구 송이로31길,4,,1171010800101160006002874,공원빌딩,서울특별시 송파구 송이로31길 4,138870,05798,,,,127.131864264705,37.4881581476829
MA010120220800771423,효승세라믹스,,G2,소매,G210,철물·건설자재 소매,G21099,기타 건설/건축자재 소매업,G47519,"페인트, 창호 및 기타 건설자재 소매업",28,인천광역시,28200,남동구,28200650,장수서창동,2820010400,장수동,2820010400100370001,1,대지,37,1,인천광역시 남동구 장수동 37-1,282003153032,인천광역시 남동구 만의골로,197,,2820010400100370001012085,,인천광역시 남동구 만의골로 197,405250,21533,,,,126.772584573684,37.4601717081903
MA010120220800772987,현진상사,,G2,소매,G210,철물·건설자재 소매,G21099,기타 건설/건축자재 소매업,G47519,"페인트, 창호 및 기타 건설자재 소매업",11,서울특별시,11530,구로구,11530740,개봉1동,1153010700,개봉동,1153010700100330032,1,대지,33,32,서울특별시 구로구 개봉동 33-32,115304148133,서울특별시 구로구 고척로19길,41,,1153010700100330032010667,매봉빌딩,서울특별시 구로구 고척로19길 41,152802,08251,,,,126.844563444795,37.5030050946814
MA010120220802343247,대성철망,,G2,소매,G210,철물·건설자재 소매,G21099,기타 건설/건축자재 소매업,G47519,"페인트, 창호 및 기타 건설자재 소매업",41,경기도,41271,안산시 상록구,41271600,반월동,4127111100,건건동,4127111100108870007,1,대지,887,7,경기도 안산시 상록구 건건동 887-7,412714370039,경기도 안산시 상록구 건지미길,15,12,4127111100108870007025119,,경기도 안산시 상록구 건지미길 15-12,426210,15521,,,,126.906180479057,37.3009981719976
MA010120220802346710,서연테크,,G2,소매,G210,철물·건설자재 소매,G21099,기타 건설/건축자재 소매업,G47519,"페인트, 창호 및 기타 건설자재 소매업",41,경기도,41273,안산시 단원구,41273535,호수동,4127310100,고잔동,4127310100107680003,1,대지,768,3,경기도 안산시 단원구 고잔동 768-3,412733191004,경기도 안산시 단원구 광덕동로,81,,4127310100107680003025062,,경기도 안산시 단원구 광덕동로 81,425906,15470,,,,126.832447921972,37.3116841208055
MA010120220802350233,화인아트,,G2,소매,G210,철물·건설자재 소매,G21099,기타 건설/건축자재 소매업,G47519,"페인트, 창호 및 기타 건설자재 소매업",41,경기도,41273,안산시 단원구,41273535,호수동,4127310100,고잔동,4127310100107290000,1,대지,729,,경기도 안산시 단원구 고잔동 729,412733190012,경기도 안산시 단원구 광덕4로,220,,4127310100107290000032528,밀레니엄프라자,경기도 안산시 단원구 광덕4로 220,425809,15464,,,,126.837021796023,37.3145017334534
MA010120220802338497,두꺼비상사,,G2,소매,G210,철물·건설자재 소매,G21099,기타 건설/건축자재 소매업,G47519,"페인트, 창호 및 기타 건설자재 소매업",41,경기도,41273,안산시 단원구,41273565,신길동,4127310300,신길동,4127310300113930002,1,대지,1393,2,경기도 안산시 단원구 신길동 1393-2,412734373214,경기도 안산시 단원구 신길중앙로1길,4,1,4127310300113930002040259,,경기도 안산시 단원구 신길중앙로1길 4-1,425838,15398,,,,126.759152190101,37.3380569620155
MA010120220802376294,현대이앤씨,,G2,소매,G210,철물·건설자재 소매,G21099,기타 건설/건축자재 소매업,G47519,"페인트, 창호 및 기타 건설자재 소매업",11,서울특별시,11710,송파구,11710650,잠실본동,1171010100,잠실동,1171010100101750002,1,대지,175,2,서울특별시 송파구 잠실동 175-2,117103123006,서울특별시 송파구 백제고분로,63,,1171010100101750002000549,위너스오피스텔,서울특별시 송파구 백제고분로 63,138861,05556,,,,127.078880316479,37.511045904364
MA010120220802403012,지동종합건재상사,,G2,소매,G210,철물·건설자재 소매,G21099,기타 건설/건축자재 소매업,G47519,"페인트, 창호 및 기타 건설자재 소매업",41,경기도,41115,수원시 팔달구,41115700,지동,4111513900,지동,4111513900101440005,1,대지,144,5,경기도 수원시 팔달구 지동 144-5,411153175031,경기도 수원시 팔달구 세지로,337,,4111513900101440005016759,,경기도 수원시 팔달구 세지로 337,442836,16243,,,,127.024424112733,37.281164949342
MA010120220802388357,강산산업주,,G2,소매,G210,철물·건설자재 소매,G21099,기타 건설/건축자재 소매업,G47519,"페인트, 창호 및 기타 건설자재 소매업",41,경기도,41271,안산시 상록구,41271600,반월동,4127111100,건건동,4127111100105340001,1,대지,534,1,경기도 안산시 상록구 건건동 534-1,412713190082,경기도 안산시 상록구 건건로,125,,4127111100105340001013596,,경기도 안산시 상록구 건건로 125,426210,15521,,3,,126.904971018649,37.312025879786
MA010120220802416174,영화샷시유리,,G2,소매,G210,철물·건설자재 소매,G21099,기타 건설/건축자재 소매업,G47519,"페인트, 창호 및 기타 건설자재 소매업",41,경기도,41115,수원시 팔달구,41115670,고등동,4111513700,고등동,4111513700100570021,1,대지,57,21,경기도 수원시 팔달구 고등동 57-21,411154328061,경기도 수원시 팔달구 고매로39번길,12,,4111513700100570021010784,,경기도 수원시 팔달구 고매로39번길 12,442880,16454,,,,127.005062438393,37.2729949263823
MA010120220802421027,중원건재,,G2,소매,G210,철물·건설자재 소매,G21099,기타 건설/건축자재 소매업,G47519,"페인트, 창호 및 기타 건설자재 소매업",41,경기도,41461,용인시 처인구,41461510,중앙동,4146110400,남동,4146110400100610000,1,대지,61,,경기도 용인시 처인구 남동 61,414613203041,경기도 용인시 처인구 명지로,240,4,4146110400100610000000641,,경기도 용인시 처인구 명지로 240-4,449030,17060,,,,127.201652872312,37.2268701058947
MA010120220802435791,태화목재,,G2,소매,G210,철물·건설자재 소매,G21099,기타 건설/건축자재 소매업,G47519,"페인트, 창호 및 기타 건설자재 소매업",41,경기도,41115,수원시 팔달구,41115700,지동,4111513900,지동,4111513900103670007,1,대지,367,7,경기도 수원시 팔달구 지동 367-7,411152012012,경기도 수원시 팔달구 중부대로,53,,4111513900103670007015529,,경기도 수원시 팔달구 중부대로 53,442837,16245,,1,,127.022595735652,37.2756689687495
MA010120220802424341,일신알미늄유리,,G2,소매,G210,철물·건설자재 소매,G21099,기타 건설/건축자재 소매업,G47519,"페인트, 창호 및 기타 건설자재 소매업",41,경기도,41465,용인시 수지구,41465510,풍덕천1동,4146510100,풍덕천동,4146510100100850010,1,대지,85,10,경기도 용인시 수지구 풍덕천동 85-10,414652012014,경기도 용인시 수지구 포은대로,468,,4146510100100850010026202,,경기도 용인시 수지구 포은대로 468,448505,16834,,,,127.101169390057,37.3231936064935
MA010120220802433152,거성종합건재,,G2,소매,G210,철물·건설자재 소매,G21099,기타 건설/건축자재 소매업,G47519,"페인트, 창호 및 기타 건설자재 소매업",41,경기도,41461,용인시 처인구,41461510,중앙동,4146110100,김량장동,4146110100100060009,1,대지,6,9,경기도 용인시 처인구 김량장동 6-9,414612012009,경기도 용인시 처인구 백옥대로,1032,,4146110100100060009011479,,경기도 용인시 처인구 백옥대로 1032,449924,17063,,1,,127.211143269217,37.2278447178077
MA010120220802431084,경남목재,,G2,소매,G210,철물·건설자재 소매,G21099,기타 건설/건축자재 소매업,G47519,"페인트, 창호 및 기타 건설자재 소매업",41,경기도,41461,용인시 처인구,41461530,유림동,4146110500,유방동,4146110500105390007,1,대지,539,7,경기도 용인시 처인구 유방동 539-7,414612012009,경기도 용인시 처인구 백옥대로,1225,4,4146110500105390007029911,,경기도 용인시 처인구 백옥대로 1225-4,449935,17043,,,,127.211515175947,37.243999787373
MA010120220802439431,포곡알미늄공업사,,G2,소매,G210,철물·건설자재 소매,G21099,기타 건설/건축자재 소매업,G47519,"페인트, 창호 및 기타 건설자재 소매업",41,경기도,41461,용인시 처인구,41461250,포곡읍,4146125024,포곡읍,4146125024104360001,1,대지,436,1,경기도 용인시 처인구 포곡읍 영문리 436-1,414614409596,경기도 용인시 처인구 포곡읍 영문로29번길,86,,4146125024104360001039449,,경기도 용인시 처인구 포곡읍 영문로29번길 86,449813,17040,,,,127.200331172916,37.2681851794821
MA010120220802465072,엠엔지,,G2,소매,G210,철물·건설자재 소매,G21099,기타 건설/건축자재 소매업,G47519,"페인트, 창호 및 기타 건설자재 소매업",41,경기도,41461,용인시 처인구,41461250,포곡읍,4146125029,포곡읍,4146125029103830000,1,대지,383,,경기도 용인시 처인구 포곡읍 신원리 383,414613203011,경기도 용인시 처인구 포곡읍 곡현로,254,3,4146125029103830000000001,,경기도 용인시 처인구 포곡읍 곡현로 254-3,449814,17022,,,,127.222062814602,37.3087020707202
MA010120220802431558,육일목공소,,G2,소매,G210,철물·건설자재 소매,G21099,기타 건설/건축자재 소매업,G47519,"페인트, 창호 및 기타 건설자재 소매업",41,경기도,41461,용인시 처인구,41461250,포곡읍,4146125028,포곡읍,4146125028102720000,1,대지,272,,경기도 용인시 처인구 포곡읍 유운리 272,414614409066,경기도 용인시 처인구 포곡읍 곡현로167번길,36,4,4146125028102720000039238,,경기도 용인시 처인구 포곡읍 곡현로167번길 36-4,449815,17022,,,,127.220747921761,37.3026585924361
MA010120220802422710,남사석재,,G2,소매,G210,철물·건설자재 소매,G21099,기타 건설/건축자재 소매업,G47519,"페인트, 창호 및 기타 건설자재 소매업",41,경기도,41461,용인시 처인구,41461259,남사읍,4146125921,남사읍,4146125921106610013,1,대지,661,13,경기도 용인시 처인구 남사읍 봉무리 661-13,414614409820,경기도 용인시 처인구 남사읍 처인성로185번길,7,,4146132021106610013005549,,경기도 용인시 처인구 남사읍 처인성로185번길 7,449883,17118,,,,127.149719191291,37.11307172798
MA010120220802428812,세종산업,,G2,소매,G210,철물·건설자재 소매,G21099,기타 건설/건축자재 소매업,G47221,음료 소매업,11,서울특별시,11740,강동구,11740580,암사2동,1174010700,암사동,1174010700101870019,1,대지,187,19,서울특별시 강동구 암사동 187-19,117404172279,서울특별시 강동구 올림픽로107길,17,13,1174010700101870019015402,,서울특별시 강동구 올림픽로107길 17-13,134876,05239,,1,,127.128862480152,37.5573764373376
MA010120220802437949,형제종합건재,,G2,소매,G210,철물·건설자재 소매,G21099,기타 건설/건축자재 소매업,G47519,"페인트, 창호 및 기타 건설자재 소매업",41,경기도,41461,용인시 처인구,41461350,백암면,4146135021,백암면,4146135021103660006,1,대지,366,6,경기도 용인시 처인구 백암면 백암리 366-6,414614409329,경기도 용인시 처인구 백암면 백암로201번길,6,,4146135021103660006012271,,경기도 용인시 처인구 백암면 백암로201번길 6,449862,17178,,,,127.374479070168,37.1647910786578
MA010120220802444409,대운,,G2,소매,G210,철물·건설자재 소매,G21099,기타 건설/건축자재 소매업,G47519,"페인트, 창호 및 기타 건설자재 소매업",41,경기도,41111,수원시 장안구,41111571,정자1동,4111113000,정자동,4111113000104370002,1,대지,437,2,경기도 수원시 장안구 정자동 437-2,411114322296,경기도 수원시 장안구 정자로145번길,17,,4111113000104370002043005,,경기도 수원시 장안구 정자로145번길 17,440840,16337,,1,,126.991404908304,37.3046842424039
MA010120220802510262,형제철물,,G2,소매,G210,철물·건설자재 소매,G21099,기타 건설/건축자재 소매업,G47519,"페인트, 창호 및 기타 건설자재 소매업",28,인천광역시,28710,강화군,28710360,내가면,2871036021,내가면,2871036021107830001,1,대지,783,1,인천광역시 강화군 내가면 고천리 783-1,287103157004,인천광역시 강화군 내가면 강화서로,244,,2871036021107830001014095,,인천광역시 강화군 내가면 강화서로 244,417891,23018,,,,126.390535935117,37.7184451480075
MA010120220802508409,진양알미늄,,G2,소매,G210,철물·건설자재 소매,G21099,기타 건설/건축자재 소매업,G47519,"페인트, 창호 및 기타 건설자재 소매업",28,인천광역시,28710,강화군,28710250,강화읍,2871025021,강화읍,2871025021102460000,1,대지,246,,인천광역시 강화군 강화읍 신문리 246,287104271246,인천광역시 강화군 강화읍 남문안길,36,2,2871025021102460000003370,,인천광역시 강화군 강화읍 남문안길 36-2,417807,23033,,,,126.482814664534,37.7460770863205
MA010120220802499336,북평골재,,G2,소매,G210,철물·건설자재 소매,G21099,기타 건설/건축자재 소매업,G47519,"페인트, 창호 및 기타 건설자재 소매업",51,강원특별자치도,51770,정선군,51770340,북평면,5177034024,북평면,5177034024103800003,1,대지,380,3,강원특별자치도 정선군 북평면 문곡리 380-3,517704487055,강원특별자치도 정선군 북평면 넘말길,6,,4277034024103800003014919,,강원특별자치도 정선군 북평면 넘말길 6,233854,26103,,,,128.678659220183,37.4098898459629
MA010120220802509023,강화알미늄,,G2,소매,G210,철물·건설자재 소매,G21099,기타 건설/건축자재 소매업,G47519,"페인트, 창호 및 기타 건설자재 소매업",28,인천광역시,28710,강화군,28710250,강화읍,2871025022,강화읍,2871025022100390002,1,대지,39,2,인천광역시 강화군 강화읍 관청리 39-2,287104271437,인천광역시 강화군 강화읍 새말길,25,,2871025022100390002002783,,인천광역시 강화군 강화읍 새말길 25,417802,23030,,,,126.489733603545,37.7513598339487
MA010120220802502702,제일상사,,G2,소매,G210,철물·건설자재 소매,G21099,기타 건설/건축자재 소매업,G47422,의복 액세서리 및 모조 장신구 소매업,11,서울특별시,11290,성북구,11290715,월곡1동,1129013600,하월곡동,1129013600100670100,1,대지,67,100,서울특별시 성북구 하월곡동 67-100,112903005046,서울특별시 성북구 화랑로,43,,1129013600100670100019413,,서울특별시 성북구 화랑로 43,136131,02740,,,,127.037189691559,37.6028329694821
MA010120220802509161,금강건재,,G2,소매,G210,철물·건설자재 소매,G21099,기타 건설/건축자재 소매업,G47519,"페인트, 창호 및 기타 건설자재 소매업",28,인천광역시,28710,강화군,28710250,강화읍,2871025022,강화읍,2871025022108910004,1,대지,891,4,인천광역시 강화군 강화읍 관청리 891-4,287102157001,인천광역시 강화군 강화읍 강화대로,464,,2871025022108910004002528,,인천광역시 강화군 강화읍 강화대로 464,417803,23032,,,,126.480144488097,37.7482456601247
MA010120220802509756,교동알미늄,,G2,소매,G210,철물·건설자재 소매,G21099,기타 건설/건축자재 소매업,G47519,"페인트, 창호 및 기타 건설자재 소매업",28,인천광역시,28710,강화군,28710400,교동면,2871040021,교동면,2871040021105070000,1,대지,507,,인천광역시 강화군 교동면 대룡리 507,287104271256,인천광역시 강화군 교동면 대룡안길22번길,13,,2871040021105080001046241,,인천광역시 강화군 교동면 대룡안길22번길 13,417922,23002,,,,126.280245198306,37.7830972098566
MA010120220802518787,고려용접봉서울사무소,,G2,소매,G210,철물·건설자재 소매,G21099,기타 건설/건축자재 소매업,G47519,"페인트, 창호 및 기타 건설자재 소매업",11,서울특별시,11140,중구,11140570,필동,1114014100,주자동,1114014100100430001,1,대지,43,1,서울특별시 중구 주자동 43-1,111403101011,서울특별시 중구 퇴계로,166,,1114014100100430001018704,흥국빌딩,서울특별시 중구 퇴계로 166,100240,04627,,8,,126.990164518817,37.5608971670213
MA010120220804098355,태건산업,,G2,소매,G210,철물·건설자재 소매,G21099,기타 건설/건축자재 소매업,G47519,"페인트, 창호 및 기타 건설자재 소매업",11,서울특별시,11740,강동구,11740620,천호3동,1174010900,천호동,1174010900101230022,1,대지,123,22,서울특별시 강동구 천호동 123-22,117403124009,서울특별시 강동구 천중로,150,,1174010900101230022000001,,서울특별시 강동구 천중로 150,134864,05331,,2,,127.136879729652,37.5412035123898
MA010120220804105085,비전,,G2,소매,G210,철물·건설자재 소매,G21099,기타 건설/건축자재 소매업,G47519,"페인트, 창호 및 기타 건설자재 소매업",11,서울특별시,11740,강동구,11740620,천호3동,1174010900,천호동,1174010900104490049,1,대지,449,49,서울특별시 강동구 천호동 449-49,117402000008,서울특별시 강동구 천호대로,1073,,1174010900104490049010659,B,서울특별시 강동구 천호대로 1073,134785,05340,,,,127.131338465582,37.5365606477099
MA010120220804152328,삼목통상,,G2,소매,G210,철물·건설자재 소매,G21099,기타 건설/건축자재 소매업,G47519,"페인트, 창호 및 기타 건설자재 소매업",11,서울특별시,11110,종로구,11110560,평창동,1111018300,평창동,1111018300101520002,1,대지,152,2,서울특별시 종로구 평창동 152-2,111103100023,서울특별시 종로구 평창문화로,94,,1111018300101520002022524,,서울특별시 종로구 평창문화로 94,110847,03011,,1,,126.971494642358,37.6069348912263
MA010120220804192309,스마텐,,G2,소매,G210,철물·건설자재 소매,G21099,기타 건설/건축자재 소매업,G47519,"페인트, 창호 및 기타 건설자재 소매업",11,서울특별시,11650,서초구,11650652,양재2동,1165010200,양재동,1165010200103130004,1,대지,313,4,서울특별시 서초구 양재동 313-4,116504163010,서울특별시 서초구 강남대로18길,24,14,1165010200103130004002555,방림빌딩,서울특별시 서초구 강남대로18길 24-14,137896,06779,,,,127.040052348866,37.4713400349503
MA010120220804227776,금송물산주,,G2,소매,G210,철물·건설자재 소매,G21099,기타 건설/건축자재 소매업,G47519,"페인트, 창호 및 기타 건설자재 소매업",11,서울특별시,11650,서초구,11650520,서초2동,1165010800,서초동,1165010800113290008,1,대지,1329,8,서울특별시 서초구 서초동 1329-8,116502102001,서울특별시 서초구 강남대로,341,,1165010800113290008022565,삼원빌딩,서울특별시 서초구 강남대로 341,137858,06626,,,,127.029366729754,37.4932466977171
MA010120220805603889,수원목재사,,G2,소매,G210,철물·건설자재 소매,G21099,기타 건설/건축자재 소매업,G47519,"페인트, 창호 및 기타 건설자재 소매업",43,충청북도,43114,청주시 청원구,43114530,내덕2동,4311410200,내덕동,4311410200103830001,1,대지,383,1,충청북도 청주시 청원구 내덕동 383-1,431143236064,충청북도 청주시 청원구 공항로,50,,4311111400103830001036752,,충청북도 청주시 청원구 공항로 50,363805,28493,,,,127.487389752439,36.6616463430386
MA010120220805568353,예일가설재,,G2,소매,G210,철물·건설자재 소매,G21099,기타 건설/건축자재 소매업,G47519,"페인트, 창호 및 기타 건설자재 소매업",43,충청북도,43114,청주시 청원구,43114253,오창읍,4311425339,오창읍,4311425339200040005,2,산,4,5,충청북도 청주시 청원구 오창읍 기암리 산4-5,431144520437,충청북도 청주시 청원구 오창읍 양청농소길,21,26,4311425339200040005000001,,충청북도 청주시 청원구 오창읍 양청농소길 21-26,363886,28131,,,,127.44342536274,36.7129928613294
MA010120220805568595,유승건설,,G2,소매,G210,철물·건설자재 소매,G21099,기타 건설/건축자재 소매업,G47519,"페인트, 창호 및 기타 건설자재 소매업",43,충청북도,43114,청주시 청원구,43114540,율량.사천동,4311410300,율량동,4311410300110540000,1,대지,1054,,충청북도 청주시 청원구 율량동 1054,431144508647,충청북도 청주시 청원구 충청대로115번길,15,2,4311111500110540000038094,,충청북도 청주시 청원구 충청대로115번길 15-2,363819,28333,,,,127.492400409203,36.6668792848191
MA010120220805605519,대동건축자재,,G2,소매,G210,철물·건설자재 소매,G21099,기타 건설/건축자재 소매업,G47519,"페인트, 창호 및 기타 건설자재 소매업",48,경상남도,48170,진주시,48170310,내동면,4817031022,내동면,4817031022104690000,1,대지,469,,경상남도 진주시 내동면 신율리 469,481703332012,경상남도 진주시 내동면 내동로,216,12,4817031022104690000000001,,경상남도 진주시 내동면 내동로 216-12,660812,52849,,,,128.088388447505,35.1511218390281
MA010120220805626009,용산종합건재,,G2,소매,G210,철물·건설자재 소매,G21099,기타 건설/건축자재 소매업,G47519,"페인트, 창호 및 기타 건설자재 소매업",43,충청북도,43740,영동군,43740310,용산면,4374031021,용산면,4374031021101670005,1,대지,167,5,충청북도 영동군 용산면 구촌리 167-5,437403243064,충청북도 영동군 용산면 용산로,361,,4374031021101670002003918,,충청북도 영동군 용산면 용산로 361,370912,29110,,,,127.827456832843,36.2628277087456
MA010120220805631400,추풍령건재사,,G2,소매,G210,철물·건설자재 소매,G21099,기타 건설/건축자재 소매업,G47519,"페인트, 창호 및 기타 건설자재 소매업",43,충청북도,43740,영동군,43740335,추풍령면,4374033524,추풍령면,4374033524101650010,1,대지,165,10,충청북도 영동군 추풍령면 추풍령리 165-10,437403243052,충청북도 영동군 추풍령면 추풍령로,502,,4374033524101650010002220,,충청북도 영동군 추풍령면 추풍령로 502,370893,29120,,,,128.001948043315,36.2114069562038
MA010120220805628234,대한건재사,,G2,소매,G210,철물·건설자재 소매,G21099,기타 건설/건축자재 소매업,G47519,"페인트, 창호 및 기타 건설자재 소매업",43,충청북도,43740,영동군,43740335,추풍령면,4374033524,추풍령면,4374033524103510001,1,대지,351,1,충청북도 영동군 추풍령면 추풍령리 351-1,437403243052,충청북도 영동군 추풍령면 추풍령로,473,,4374033524103510001002074,,충청북도 영동군 추풍령면 추풍령로 473,370893,29120,,,,127.999222164689,36.2121686997862
MA010120220805636137,신도타이루상사,,G2,소매,G210,철물·건설자재 소매,G21099,기타 건설/건축자재 소매업,G47519,"페인트, 창호 및 기타 건설자재 소매업",43,충청북도,43730,옥천군,43730250,옥천읍,4373025022,옥천읍,4373025022104640001,1,대지,464,1,충청북도 옥천군 옥천읍 문정리 464-1,437303242048,충청북도 옥천군 옥천읍 중앙로,80,1,4373025022104640001009293,,충청북도 옥천군 옥천읍 중앙로 80-1,373803,29039,,,,127.571184735948,36.3039959474402
MA010120220805609649,태현자재,,G2,소매,G210,철물·건설자재 소매,G21099,기타 건설/건축자재 소매업,G47519,"페인트, 창호 및 기타 건설자재 소매업",41,경기도,41610,광주시,41610253,초월읍,4161025322,초월읍,4161025322100380018,1,대지,38,18,경기도 광주시 초월읍 쌍동리 38-18,416104433048,경기도 광주시 초월읍 경충대로963번길,11,5,4161025322100380018000001,,경기도 광주시 초월읍 경충대로963번길 11-5,464861,12736,,,,127.308396825739,37.3654985729557
MA010120220805669850,탄금목재,,G2,소매,G210,철물·건설자재 소매,G21099,기타 건설/건축자재 소매업,G47519,"페인트, 창호 및 기타 건설자재 소매업",43,충청북도,43130,충주시,43130625,칠금.금릉동,4313011600,칠금동,4313011600102830002,1,대지,283,2,충청북도 충주시 칠금동 283-2,431304514744,충청북도 충주시 새말1길,26,1,4313011600102830002000001,,충청북도 충주시 새말1길 26-1,380964,27441,,,,127.906964808017,36.9814516961179
MA010120220805660003,삼성건재,,G2,소매,G210,철물·건설자재 소매,G21099,기타 건설/건축자재 소매업,G47519,"페인트, 창호 및 기타 건설자재 소매업",41,경기도,41360,남양주시,41360545,다산1동,4136011200,다산동,4136011200142990018,1,대지,4299,18,경기도 남양주시 다산동 4299-18,413604391322,경기도 남양주시 미금로42번길,5,2,4136011000102990018013417,,경기도 남양주시 미금로42번길 5-2,,12252,,,,127.15276876106,37.6089387607584
MA010120220805660195,광신종합건재,,G2,소매,G210,철물·건설자재 소매,G21099,기타 건설/건축자재 소매업,G47519,"페인트, 창호 및 기타 건설자재 소매업",43,충청북도,43770,음성군,43770253,금왕읍,4377025321,금왕읍,4377025321105850005,1,대지,585,5,충청북도 음성군 금왕읍 무극리 585-5,437703247019,충청북도 음성군 금왕읍 무극로,199,,4377025321105850033215328,,충청북도 음성군 금왕읍 무극로 199,369904,27630,,,,127.583997926745,36.9910127880201
MA010120220805684161,준산업,,G2,소매,G210,철물·건설자재 소매,G21099,기타 건설/건축자재 소매업,G47519,"페인트, 창호 및 기타 건설자재 소매업",28,인천광역시,28177,미추홀구,28177520,숭의1.3동,2817710100,숭의동,2817710100104330002,1,대지,433,2,인천광역시 미추홀구 숭의동 433-2,281773149062,인천광역시 미추홀구 샛골로,1,19,2817010100104330002200192,숭의동공구상가,인천광역시 미추홀구 샛골로 1-19,402816,22171,,206,,126.642090624085,37.4629029541882
MA010120220805681616,크리도,,G2,소매,G210,철물·건설자재 소매,G21099,기타 건설/건축자재 소매업,G47519,"페인트, 창호 및 기타 건설자재 소매업",41,경기도,41463,용인시 기흥구,41463570,마북동,4146311300,마북동,4146311300103690003,1,대지,369,3,경기도 용인시 기흥구 마북동 369-3,414633204013,경기도 용인시 기흥구 구성로,27,,4146311300103680000230687,,경기도 용인시 기흥구 구성로 27,446509,16917,,,,127.112567590373,37.2949178495167
MA010120220805697484,"영림목재,영림몰딩도어",대리점,G2,소매,G210,철물·건설자재 소매,G21099,기타 건설/건축자재 소매업,G47519,"페인트, 창호 및 기타 건설자재 소매업",44,충청남도,44800,홍성군,44800250,홍성읍,4480025021,홍성읍,4480025021104590013,1,대지,459,13,충청남도 홍성군 홍성읍 오관리 459-13,448004586615,충청남도 홍성군 홍성읍 홍성천길,126,,4480025021104590013059812,,충청남도 홍성군 홍성읍 홍성천길 126,350817,32236,,,,126.66383885149,36.5982607550445
MA010120220805716714,강원건재철물,,G2,소매,G210,철물·건설자재 소매,G21099,기타 건설/건축자재 소매업,G47519,"페인트, 창호 및 기타 건설자재 소매업",43,충청북도,43800,단양군,43800253,매포읍,4380025327,매포읍,4380025327102540006,1,대지,254,6,충청북도 단양군 매포읍 평동리 254-6,438003014063,충청북도 단양군 매포읍 단양로,1947,,4380025327102540006012264,,충청북도 단양군 매포읍 단양로 1947,395904,27005,,,,128.301422801229,37.0353034509985
MA010120220805692795,에이스비데,,G2,소매,G210,철물·건설자재 소매,G21099,기타 건설/건축자재 소매업,G47519,"페인트, 창호 및 기타 건설자재 소매업",41,경기도,41115,수원시 팔달구,41115660,매산동,4111513600,매산로3가,4111513600100950009,1,대지,95,9,경기도 수원시 팔달구 매산로3가 95-9,411154328157,경기도 수원시 팔달구 세류로75번길,35,,4111513600100950009009352,매산빌라,경기도 수원시 팔달구 세류로75번길 35,442852,16460,,,,127.007576178214,37.2673362532806
MA010120220805695558,대한산업안전,,G2,소매,G210,철물·건설자재 소매,G21099,기타 건설/건축자재 소매업,G47519,"페인트, 창호 및 기타 건설자재 소매업",41,경기도,41590,화성시,41590262,남양읍,4159026226,남양읍,4159026226101080000,1,대지,108,,경기도 화성시 남양읍 온석리 108,415904430983,경기도 화성시 남양읍 온석동길,41,,4159010600101080000008758,,경기도 화성시 남양읍 온석동길 41,445867,18279,,1,,126.860809821162,37.1756271087769
MA010120220807081907,TOP상사,,G2,소매,G210,철물·건설자재 소매,G21099,기타 건설/건축자재 소매업,G47519,"페인트, 창호 및 기타 건설자재 소매업",27,대구광역시,27170,서구,27170610,비산7동,2717010200,비산동,2717010200109270009,1,대지,927,9,대구광역시 서구 비산동 927-9,271704229120,대구광역시 서구 달서천로53길,19,1,2717010200109270009023812,,대구광역시 서구 달서천로53길 19-1,703820,41721,,1,,128.561775183098,35.8856103049819
MA010120220807145017,디메이커,,G2,소매,G210,철물·건설자재 소매,G21099,기타 건설/건축자재 소매업,G47519,"페인트, 창호 및 기타 건설자재 소매업",41,경기도,41570,김포시,41570250,통진읍,4157025026,통진읍,4157025026100480007,1,대지,48,7,경기도 김포시 통진읍 동을산리 48-7,415704427219,경기도 김포시 통진읍 동을산로143번길,75,,4157025026100480007000001,,경기도 김포시 통진읍 동을산로143번길 75,415864,10015,,,,126.624028930978,37.7035819542123
MA010120220807108122,창호공장,,G2,소매,G210,철물·건설자재 소매,G21099,기타 건설/건축자재 소매업,G47519,"페인트, 창호 및 기타 건설자재 소매업",41,경기도,41450,하남시,41450590,춘궁동,4145011800,춘궁동,4145011800100780001,1,대지,78,1,경기도 하남시 춘궁동 78-1,414504406203,경기도 하남시 이성로41번길,222,26,4145011800100780001007970,,경기도 하남시 이성로41번길 222-26,465060,13016,,,,127.193309128529,37.528303397702
MA010120220807158706,대창종합목재,,G2,소매,G210,철물·건설자재 소매,G21099,기타 건설/건축자재 소매업,G47519,"페인트, 창호 및 기타 건설자재 소매업",41,경기도,41390,시흥시,41390589,정왕본동,4139013300,죽율동,4139013300100910000,1,대지,91,,경기도 시흥시 죽율동 91,413903199048,경기도 시흥시 죽율로,96,12,4139013300100910000013749,,경기도 시흥시 죽율로 96-12,429455,15050,,,,126.76359060418,37.3513200332079
MA010120220807150662,조은건설안전,,G2,소매,G210,철물·건설자재 소매,G21099,기타 건설/건축자재 소매업,G47519,"페인트, 창호 및 기타 건설자재 소매업",27,대구광역시,27200,남구,27200571,대명2동,2720010300,대명동,2720010300117930006,1,대지,1793,6,대구광역시 남구 대명동 1793-6,272004232314,대구광역시 남구 중앙대로47길,3,,2720010300117930006018939,,대구광역시 남구 중앙대로47길 3,705817,42410,,,,128.590224028294,35.8540663802579
MA010120220807156379,한성데코기흥,,G2,소매,G210,철물·건설자재 소매,G21099,기타 건설/건축자재 소매업,G47519,"페인트, 창호 및 기타 건설자재 소매업",41,경기도,41463,용인시 기흥구,41463590,보정동,4146311800,보정동,4146311800112070001,1,대지,1207,1,경기도 용인시 기흥구 보정동 1207-1,414633204055,경기도 용인시 기흥구 죽전로,29,,4146311800112070001023430,포레스트프라자,경기도 용인시 기흥구 죽전로 29,446858,16898,,6,,127.11207585175,37.3207509902192
MA010120220807167167,건창산업,,G2,소매,G210,철물·건설자재 소매,G21099,기타 건설/건축자재 소매업,G47519,"페인트, 창호 및 기타 건설자재 소매업",41,경기도,41650,포천시,41650520,선단동,4165010400,선단동,4165010400200110001,2,산,11,1,경기도 포천시 선단동 산11-1,416503000136,경기도 포천시 호국로,1007,,4165010300200320003027357,대진대학교,경기도 포천시 호국로 1007,487711,11159,,,,127.15755355255,37.8738081434956
MA010120220807172900,칠성철망,,G2,소매,G210,철물·건설자재 소매,G21099,기타 건설/건축자재 소매업,G47519,"페인트, 창호 및 기타 건설자재 소매업",43,충청북도,43113,청주시 흥덕구,43113250,오송읍,4311325028,오송읍,4311325028101460016,1,대지,146,16,충청북도 청주시 흥덕구 오송읍 오송리 146-16,431133014012,충청북도 청주시 흥덕구 오송읍 가로수로,199,50,4371040028001460016017460,,충청북도 청주시 흥덕구 오송읍 가로수로 199-50,361954,28168,,,,127.325010174382,36.6121962462986
MA010120220807185142,현대타일,,G2,소매,G210,철물·건설자재 소매,G21099,기타 건설/건축자재 소매업,G47519,"페인트, 창호 및 기타 건설자재 소매업",52,전북특별자치도,52130,군산시,52130550,신풍동,5213011000,문화동,5213011000108780003,1,대지,878,3,전북특별자치도 군산시 문화동 878-3,521303268038,전북특별자치도 군산시 백토로,20,,4513011000108780003038349,,전북특별자치도 군산시 백토로 20,573874,54115,,,,126.705586270666,35.9775076032852
MA010120220807199992,에스알공구철물건재,,G2,소매,G210,철물·건설자재 소매,G21099,기타 건설/건축자재 소매업,G47519,"페인트, 창호 및 기타 건설자재 소매업",52,전북특별자치도,52130,군산시,52130710,소룡동,5213014600,소룡동,5213014600115370008,1,대지,1537,8,전북특별자치도 군산시 소룡동 1537-8,521303268007,전북특별자치도 군산시 공단대로,636,,4513014600115370008013714,,전북특별자치도 군산시 공단대로 636,573882,54011,,,,126.678222152077,35.9746705551578
MA010120220807210839,대영건재,,G2,소매,G210,철물·건설자재 소매,G21099,기타 건설/건축자재 소매업,G47519,"페인트, 창호 및 기타 건설자재 소매업",52,전북특별자치도,52130,군산시,52130340,서수면,5213034021,서수면,5213034021107940003,1,대지,794,3,전북특별자치도 군산시 서수면 서수리 794-3,521303016007,전북특별자치도 군산시 서수면 탑천로,600,1,4513034021107940003013338,,전북특별자치도 군산시 서수면 탑천로 600-1,573943,54055,,,,126.877994506336,35.9817631995057
MA010120220807222012,더제이엠티,,G2,소매,G210,철물·건설자재 소매,G21099,기타 건설/건축자재 소매업,G47519,"페인트, 창호 및 기타 건설자재 소매업",41,경기도,41117,수원시 영통구,41117585,영통3동,4111710500,영통동,4111710500110050001,1,대지,1005,1,경기도 수원시 영통구 영통동 1005-1,411173177005,경기도 수원시 영통구 반달로,38,,4111710500110050001000991,,경기도 수원시 영통구 반달로 38,443470,16705,,,,127.076060554475,37.2505346474221
MA010120220807222097,두광,,G2,소매,G210,철물·건설자재 소매,G21099,기타 건설/건축자재 소매업,G47519,"페인트, 창호 및 기타 건설자재 소매업",41,경기도,41450,하남시,41450620,미사2동,4145010900,망월동,4145010900108430014,1,대지,843,14,경기도 하남시 망월동 843-14,414504851268,경기도 하남시 미사강변한강로158번길,52,,4145010900108430014000001,,경기도 하남시 미사강변한강로158번길 52,465150,12903,,,,127.189886957157,37.575169799735
MA010120220807196301,고려타이루,,G2,소매,G210,철물·건설자재 소매,G21099,기타 건설/건축자재 소매업,G47519,"페인트, 창호 및 기타 건설자재 소매업",52,전북특별자치도,52130,군산시,52130605,중앙동,5213012300,신영동,5213012300100130026,1,대지,13,26,전북특별자치도 군산시 신영동 13-26,521303268009,전북특별자치도 군산시 구시장로,52,1,4513012300100130026010587,,전북특별자치도 군산시 구시장로 52-1,573250,54027,,,,126.719486722226,35.9847868205952
MA010120220807208987,미성타이루,,G2,소매,G210,철물·건설자재 소매,G21099,기타 건설/건축자재 소매업,G47519,"페인트, 창호 및 기타 건설자재 소매업",52,전북특별자치도,52130,군산시,52130710,소룡동,5213014600,소룡동,5213014600115330009,1,대지,1533,9,전북특별자치도 군산시 소룡동 1533-9,521303268007,전북특별자치도 군산시 공단대로,568,1,4513014600115330009008350,,전북특별자치도 군산시 공단대로 568-1,573882,54014,,,,126.684025809267,35.9706394392668
MA010120220808540119,보스건자재,,G2,소매,G210,철물·건설자재 소매,G21099,기타 건설/건축자재 소매업,G47519,"페인트, 창호 및 기타 건설자재 소매업",11,서울특별시,11545,금천구,11545630,독산3동,1154510200,독산동,1154510200109070011,1,대지,907,11,서울특별시 금천구 독산동 907-11,115453117009,서울특별시 금천구 문성로,56,1,1154510200109070011018097,,서울특별시 금천구 문성로 56-1,153820,08551,,1,,126.909974514565,37.47686274949
MA010120220808556056,미주산업,,G2,소매,G210,철물·건설자재 소매,G21099,기타 건설/건축자재 소매업,G47519,"페인트, 창호 및 기타 건설자재 소매업",50,제주특별자치도,50130,서귀포시,50130610,중문동,5013011200,중문동,5013011200117180002,1,대지,1718,2,제주특별자치도 서귀포시 중문동 1718-2,501303350253,제주특별자치도 서귀포시 중문상로,92,,5013011200117180002019426,,제주특별자치도 서귀포시 중문상로 92,697857,63545,,,,126.427985335988,33.2560896184173
MA010120220808551938,봉민개발,,G2,소매,G210,철물·건설자재 소매,G21099,기타 건설/건축자재 소매업,G47519,"페인트, 창호 및 기타 건설자재 소매업",47,경상북도,47111,포항시 남구,47111256,오천읍,4711125630,오천읍,4711125630103950003,1,대지,395,3,경상북도 포항시 남구 오천읍 용덕리 395-3,471113303055,경상북도 포항시 남구 오천읍 충무로,39,1,4711125630103950003053707,,경상북도 포항시 남구 오천읍 충무로 39-1,790908,37903,,,,129.414118623046,35.976329496326
MA010120220808550786,금창,,G2,소매,G210,철물·건설자재 소매,G21099,기타 건설/건축자재 소매업,G47519,"페인트, 창호 및 기타 건설자재 소매업",27,대구광역시,27110,중구,27110565,성내1동,2711011500,사일동,2711011500100590000,1,대지,59,,대구광역시 중구 사일동 59,271103141006,대구광역시 중구 동성로,25,,2711011500100590000000001,영스퀘어,대구광역시 중구 동성로 25,700040,41937,,,,128.595080434724,35.8693845234591
MA010120220808528768,금강건재산업,,G2,소매,G210,철물·건설자재 소매,G21099,기타 건설/건축자재 소매업,G47519,"페인트, 창호 및 기타 건설자재 소매업",36,세종특별자치시,36110,세종특별자치시,36110250,조치원읍,3611025027,조치원읍,3611025027100580001,1,대지,58,1,세종특별자치시 세종특별자치시 조치원읍 남리 58-1,361103258013,세종특별자치시 세종특별자치시 조치원읍 새내로,66,,4473025027100580001039589,,세종특별자치시 세종특별자치시 조치원읍 새내로 66,339802,30027,,1,,127.299044106807,36.5977829357041
MA010120220808591513,제이알앤씨,,G2,소매,G210,철물·건설자재 소매,G21099,기타 건설/건축자재 소매업,G47519,"페인트, 창호 및 기타 건설자재 소매업",41,경기도,41285,고양시 일산동구,41285590,장항2동,4128510400,장항동,4128510400108630002,1,대지,863,2,경기도 고양시 일산동구 장항동 863-2,412853193031,경기도 고양시 일산동구 정발산로,11,,4128510400108630002009174,일호골든타워,경기도 고양시 일산동구 정발산로 11,410837,10402,,,,126.770173710503,37.6565569932151
MA010120220808564691,신아솔루션,,G2,소매,G210,철물·건설자재 소매,G21099,기타 건설/건축자재 소매업,G47519,"페인트, 창호 및 기타 건설자재 소매업",28,인천광역시,28177,미추홀구,28177680,주안7동,2817710500,주안동,2817710500114620006,1,대지,1462,6,인천광역시 미추홀구 주안동 1462-6,281774253258,인천광역시 미추홀구 미추홀대로575번길,9,,2817010600114620006020551,,인천광역시 미추홀구 미추홀대로575번길 9,402852,22215,,1,,126.679000807733,37.44854778322
MA010120220808594603,조일샷시,,G2,소매,G210,철물·건설자재 소매,G21099,기타 건설/건축자재 소매업,G47519,"페인트, 창호 및 기타 건설자재 소매업",48,경상남도,48250,김해시,48250530,부원동,4825010300,부원동,4825010300100260005,1,대지,26,5,경상남도 김해시 부원동 26-5,482504805408,경상남도 김해시 분성로376번길,21,4,4825010300100260005085272,,경상남도 김해시 분성로376번길 21-4,621906,50922,,,,128.887291625553,35.2320870603197
MA010120220808614645,주성건재,,G2,소매,G210,철물·건설자재 소매,G21099,기타 건설/건축자재 소매업,G47519,"페인트, 창호 및 기타 건설자재 소매업",41,경기도,41117,수원시 영통구,41117610,광교2동,4111710400,하동,4111710400109860007,1,대지,986,7,경기도 수원시 영통구 하동 986-7,411174331225,경기도 수원시 영통구 광교중앙로248번길,7,3,4111710400109860007000001,우연법전프라자,경기도 수원시 영통구 광교중앙로248번길 7-3,443280,16512,,3,,127.06775656078,37.2917983535036
MA010120220808623568,윈드클린,,G2,소매,G210,철물·건설자재 소매,G21099,기타 건설/건축자재 소매업,G47519,"페인트, 창호 및 기타 건설자재 소매업",50,제주특별자치도,50110,제주시,50110259,조천읍,5011025924,조천읍,5011025924107680001,1,대지,768,1,제주특별자치도 제주시 조천읍 함덕리 768-1,501103350925,제주특별자치도 제주시 조천읍 조천우회로,586,,5011025924107680001000002,,제주특별자치도 제주시 조천읍 조천우회로 586,695965,63334,,,,126.67136375944,33.5306919550972
MA010120220808683123,케이엠에이치,,G2,소매,G210,철물·건설자재 소매,G21099,기타 건설/건축자재 소매업,G47519,"페인트, 창호 및 기타 건설자재 소매업",41,경기도,41461,용인시 처인구,41461253,모현읍,4146125321,모현읍,4146125321106650001,1,대지,665,1,경기도 용인시 처인구 모현읍 왕산리 665-1,414612012009,경기도 용인시 처인구 모현읍 백옥대로,2578,2,4146131021106650001255226,,경기도 용인시 처인구 모현읍 백옥대로 2578-2,449854,17035,,,,127.247249595826,37.3528656590017
MA010120220808648243,비봉상사,,G2,소매,G210,철물·건설자재 소매,G21099,기타 건설/건축자재 소매업,G47519,"페인트, 창호 및 기타 건설자재 소매업",11,서울특별시,11560,영등포구,11560605,문래동,1156012100,문래동3가,1156012100100550020,1,대지,55,20,서울특별시 영등포구 문래동3가 55-20,115603000028,서울특별시 영등포구 경인로,775,,1156012100100540066000001,에이스하이테크시티,서울특별시 영등포구 경인로 775,150972,07299,,,,126.897543279645,37.5147489529039
MA010120220808648471,화암석물,,G2,소매,G210,철물·건설자재 소매,G21099,기타 건설/건축자재 소매업,G47519,"페인트, 창호 및 기타 건설자재 소매업",47,경상북도,47820,청도군,47820253,청도읍,4782025321,청도읍,4782025321110340041,1,대지,1034,41,경상북도 청도군 청도읍 고수리 1034-41,478203311079,경상북도 청도군 청도읍 청화로,265,,4782025321110340041000001,,경상북도 청도군 청도읍 청화로 265,714802,38341,,,,128.750277725345,35.6362527949124
MA010120220808682738,엔티디,,G2,소매,G210,철물·건설자재 소매,G21099,기타 건설/건축자재 소매업,G47519,"페인트, 창호 및 기타 건설자재 소매업",41,경기도,41461,용인시 처인구,41461526,삼가동,4146110300,삼가동,4146110300104190001,1,대지,419,1,경기도 용인시 처인구 삼가동 419-1,414614856536,경기도 용인시 처인구 지삼로470번길,4,3,4146110300104190008000001,,경기도 용인시 처인구 지삼로470번길 4-3,449060,17090,,2,,127.156992149053,37.235083184228
MA010120220808652222,유진,,G2,소매,G210,철물·건설자재 소매,G21099,기타 건설/건축자재 소매업,G47519,"페인트, 창호 및 기타 건설자재 소매업",41,경기도,41590,화성시,41590360,팔탄면,4159036022,팔탄면,4159036022100820014,1,대지,82,14,경기도 화성시 팔탄면 창곡리 82-14,415904430944,경기도 화성시 팔탄면 언창공단길,103,18,4159036022100540014000001,,경기도 화성시 팔탄면 언창공단길 103-18,445949,18525,,,,126.88501301621,37.1949175949174
MA010120220808660501,우일종합상사,,G2,소매,G210,철물·건설자재 소매,G21099,기타 건설/건축자재 소매업,G47519,"페인트, 창호 및 기타 건설자재 소매업",41,경기도,41550,안성시,41550250,공도읍,4155025023,공도읍,4155025023102250019,1,대지,225,19,경기도 안성시 공도읍 신두리 225-19,415504424173,경기도 안성시 공도읍 대신두길,139,,4155025023102240000051765,,경기도 안성시 공도읍 대신두길 139,456824,17558,,,,127.204429769174,36.9943187531163
MA010120220810045134,제이에스솔루션,,G2,소매,G210,철물·건설자재 소매,G21099,기타 건설/건축자재 소매업,G47519,"페인트, 창호 및 기타 건설자재 소매업",41,경기도,41220,평택시,41220253,안중읍,4122025329,안중읍,4122025329108330004,1,대지,833,4,경기도 평택시 안중읍 송담리 833-4,412203188135,경기도 평택시 안중읍 안현로,338,,4122025329108330004000001,SKY-I,경기도 평택시 안중읍 안현로 338,451881,17941,,,,126.927601006054,36.9805149123492
MA010120220810026923,천명유리&창호,,G2,소매,G210,철물·건설자재 소매,G21099,기타 건설/건축자재 소매업,G47519,"페인트, 창호 및 기타 건설자재 소매업",44,충청남도,44825,태안군,44825250,태안읍,4482525021,태안읍,4482525021102870013,1,대지,287,13,충청남도 태안군 태안읍 동문리 287-13,448253264043,충청남도 태안군 태안읍 중앙로,100,,4482525021102870014015467,,충청남도 태안군 태안읍 중앙로 100,357905,32143,,,,126.29959631663,36.7525421931537
MA010120220810057005,사팔우드,,G2,소매,G210,철물·건설자재 소매,G21099,기타 건설/건축자재 소매업,G47519,"페인트, 창호 및 기타 건설자재 소매업",11,서울특별시,11500,강서구,11500540,화곡1동,1150010300,화곡동,1150010300110710011,1,대지,1071,11,서울특별시 강서구 화곡동 1071-11,115004145499,서울특별시 강서구 화곡로18길,14,27,1150010300110710011012783,,서울특별시 강서구 화곡로18길 14-27,157925,07718,,,,126.834904819789,37.5391221682326
MA010120220810040693,바렘중문,,G2,소매,G210,철물·건설자재 소매,G21099,기타 건설/건축자재 소매업,G47519,"페인트, 창호 및 기타 건설자재 소매업",36,세종특별자치시,36110,세종특별자치시,36110518,나성동,3611010700,나성동,3611010700107680000,1,대지,768,,세종특별자치시 세종특별자치시 나성동 768,361102000002,세종특별자치시 세종특별자치시 한누리대로,234,,3611010700104180000000001,르네상스,세종특별자치시 세종특별자치시 한누리대로 234,339003,30128,,3,,127.25911820114,36.4856202622605
MA010120220810070722,평창종합건축자재,,G2,소매,G210,철물·건설자재 소매,G21099,기타 건설/건축자재 소매업,G47519,"페인트, 창호 및 기타 건설자재 소매업",51,강원특별자치도,51760,평창군,51760250,평창읍,5176025044,평창읍,5176025044102340000,1,대지,234,,강원특별자치도 평창군 평창읍 주진리 234,517603219074,강원특별자치도 평창군 평창읍 서동로,1988,,4276025044102340000023676,,강원특별자치도 평창군 평창읍 서동로 1988,232803,25369,,,,128.408437966737,37.3987781705461
MA010120220810080219,야전,,G2,소매,G210,철물·건설자재 소매,G21099,기타 건설/건축자재 소매업,G47519,"페인트, 창호 및 기타 건설자재 소매업",41,경기도,41310,구리시,41310510,갈매동,4131010100,갈매동,4131010100105240000,1,대지,524,,경기도 구리시 갈매동 524,413104853960,경기도 구리시 갈매순환로204번길,7,50,4131010100101100027000001,,경기도 구리시 갈매순환로204번길 7-50,471859,11901,,,,127.122884662225,37.6387152309024
MA010120220810125225,삼육공사,,G2,소매,G210,철물·건설자재 소매,G21099,기타 건설/건축자재 소매업,G47519,"페인트, 창호 및 기타 건설자재 소매업",41,경기도,41500,이천시,41500520,중리동,4150011200,단월동,4150011200107270004,1,대지,727,4,경기도 이천시 단월동 727-4,415003207055,경기도 이천시 진상미로,1857,6,4150011200107270004000001,태훈빌딩,경기도 이천시 진상미로 1857-6,467030,17400,,2,,127.45108491232,37.2142439599908
MA010120220810133837,천지인상사,,G2,소매,G210,철물·건설자재 소매,G21099,기타 건설/건축자재 소매업,G47519,"페인트, 창호 및 기타 건설자재 소매업",26,부산광역시,26290,남구,26290590,용호3동,2629010700,용호동,2629010700200200001,2,산,20,1,부산광역시 남구 용호동 산20-1,262904193345,부산광역시 남구 이기대공원로26번길,21,7,2629010700200200001012733,한라아파트,부산광역시 남구 이기대공원로26번길 21-7,608836,48577,,,,129.1158417143,35.1237551136231
MA010120220810146191,태양가설산업,,G2,소매,G210,철물·건설자재 소매,G21099,기타 건설/건축자재 소매업,G47519,"페인트, 창호 및 기타 건설자재 소매업",50,제주특별자치도,50130,서귀포시,50130320,표선면,5013032022,표선면,5013032022102850002,1,대지,285,2,제주특별자치도 서귀포시 표선면 하천리 285-2,501303349235,제주특별자치도 서귀포시 표선면 일주동로,5681,,5013032022102850002000001,,제주특별자치도 서귀포시 표선면 일주동로 5681,699916,63627,,,,126.843450489388,33.3381470471049
MA010120220810118982,한일목공소,,G2,소매,G210,철물·건설자재 소매,G21099,기타 건설/건축자재 소매업,G47519,"페인트, 창호 및 기타 건설자재 소매업",44,충청남도,44770,서천군,44770380,판교면,4477038029,판교면,4477038029101540006,1,대지,154,6,충청남도 서천군 판교면 현암리 154-6,447704580762,충청남도 서천군 판교면 종판로887번길,62,,4477038029101540006012758,,충청남도 서천군 판교면 종판로887번길 62,325822,33615,,,,126.689558935554,36.1569090345202
MA010120220810147708,포유건설,,G2,소매,G210,철물·건설자재 소매,G21099,기타 건설/건축자재 소매업,G47519,"페인트, 창호 및 기타 건설자재 소매업",30,대전광역시,30170,서구,30170581,갈마1동,3017011100,갈마동,3017011100103070001,1,대지,307,1,대전광역시 서구 갈마동 307-1,301703010024,대전광역시 서구 계룡로,366,,3017011100103070001004443,드림빌딩,대전광역시 서구 계룡로 366,302806,35276,,,,127.368969484703,36.352589548858
MA010120220810154578,대광산업,,G2,소매,G210,철물·건설자재 소매,G21099,기타 건설/건축자재 소매업,G47519,"페인트, 창호 및 기타 건설자재 소매업",43,충청북도,43740,영동군,43740250,영동읍,4374025028,영동읍,4374025028103980012,1,대지,398,12,충청북도 영동군 영동읍 부용리 398-12,437404529386,충청북도 영동군 영동읍 성안길,20,8,4374025028103980012006021,,충청북도 영동군 영동읍 성안길 20-8,370807,29149,,,,127.770501891609,36.1762717477699
MA010120220810165233,엘지하우징,,G2,소매,G210,철물·건설자재 소매,G21099,기타 건설/건축자재 소매업,G47519,"페인트, 창호 및 기타 건설자재 소매업",28,인천광역시,28245,계양구,28245720,계양2동,2824510700,병방동,2824510700103530000,1,대지,353,,인천광역시 계양구 병방동 353,282454265098,인천광역시 계양구 계양산로193번길,8,1,2824510700103530000002296,,인천광역시 계양구 계양산로193번길 8-1,407320,21027,,,,126.737610297815,37.5482803940495
MA010120220810162857,한국실리콘,,G2,소매,G210,철물·건설자재 소매,G21099,기타 건설/건축자재 소매업,G47519,"페인트, 창호 및 기타 건설자재 소매업",41,경기도,41271,안산시 상록구,41271525,사동,4127110300,사동,4127110300111850005,1,대지,1185,5,경기도 안산시 상록구 사동 1185-5,412714370210,경기도 안산시 상록구 서암로1길,29,1,4127110300111850005044601,상가,경기도 안산시 상록구 서암로1길 29-1,426822,15580,,1,,126.848145622469,37.3029562580798
MA010120220810155288,JS통상,,G2,소매,G210,철물·건설자재 소매,G21099,기타 건설/건축자재 소매업,G47519,"페인트, 창호 및 기타 건설자재 소매업",48,경상남도,48170,진주시,48170420,집현면,4817042029,집현면,4817042029105700000,1,대지,570,,경상남도 진주시 집현면 신당리 570,481704796654,경상남도 진주시 집현면 불너머길,152,,4817042029105700000000001,,경상남도 진주시 집현면 불너머길 152,660933,52638,,,,128.115674423739,35.2333963920799
MA010120220800434432,명성알미늄유리,,G2,소매,G210,철물·건설자재 소매,G21099,기타 건설/건축자재 소매업,G47519,"페인트, 창호 및 기타 건설자재 소매업",11,서울특별시,11590,동작구,11590620,사당1동,1159010700,사당동,1159010700110330032,1,대지,1033,32,서울특별시 동작구 사당동 1033-32,115904157165,서울특별시 동작구 동작대로9가길,11,,1159010700110330032011716,,서울특별시 동작구 동작대로9가길 11,156826,07015,,1,,126.979988590009,37.4795623383961
MA010120220800475864,대흥건재,,G2,소매,G210,철물·건설자재 소매,G21099,기타 건설/건축자재 소매업,G47519,"페인트, 창호 및 기타 건설자재 소매업",11,서울특별시,11530,구로구,11530720,고척1동,1153010600,고척동,1153010600100520278,1,대지,52,278,서울특별시 구로구 고척동 52-278,115304148102,서울특별시 구로구 경인로47가길,17,2,1153010600100520278013823,,서울특별시 구로구 경인로47가길 17-2,152824,08222,,1,,126.865238353423,37.502273645578
MA010120220800452262,삼화목재,,G2,소매,G210,철물·건설자재 소매,G21099,기타 건설/건축자재 소매업,G47519,"페인트, 창호 및 기타 건설자재 소매업",50,제주특별자치도,50130,서귀포시,50130510,송산동,5013011000,보목동,5013011000112220007,1,대지,1222,7,제주특별자치도 서귀포시 보목동 1222-7,501303350263,제주특별자치도 서귀포시 칠십리로,437,4,5013011000112220007021930,,제주특별자치도 서귀포시 칠십리로 437-4,697013,63599,,,,126.598469388324,33.243584121628
MA010120220800452437,차오름디자인,,G2,소매,G210,철물·건설자재 소매,G21099,기타 건설/건축자재 소매업,G47519,"페인트, 창호 및 기타 건설자재 소매업",30,대전광역시,30140,중구,30140560,중촌동,3014010400,중촌동,3014010400103960012,1,대지,396,12,대전광역시 중구 중촌동 396-12,301403010004,대전광역시 중구 대종로,625,,3014010400103960012004334,,대전광역시 중구 대종로 625,301841,34813,,5,,127.415375092636,36.3367027378842
MA010120220800530686,건영상사,,G2,소매,G210,철물·건설자재 소매,G21099,기타 건설/건축자재 소매업,G47519,"페인트, 창호 및 기타 건설자재 소매업",11,서울특별시,11500,강서구,11500590,화곡본동,1150010300,화곡동,1150010300100980064,1,대지,98,64,서울특별시 강서구 화곡동 98-64,115003115003,서울특별시 강서구 까치산로,40,,1150010300100980064016789,,서울특별시 강서구 까치산로 40,157871,07722,,,,126.844537286972,37.5428743878315
MA010120220800530915,서울유리,,G2,소매,G210,철물·건설자재 소매,G21099,기타 건설/건축자재 소매업,G47519,"페인트, 창호 및 기타 건설자재 소매업",11,서울특별시,11500,강서구,11500540,화곡1동,1150010300,화곡동,1150010300103770031,1,대지,377,31,서울특별시 강서구 화곡동 377-31,115004145501,서울특별시 강서구 화곡로20길,54,,1150010300103770031013130,,서울특별시 강서구 화곡로20길 54,157884,07718,,1,,126.836728843894,37.538052515082
MA010120220800501840,강서산업,,G2,소매,G210,철물·건설자재 소매,G21099,기타 건설/건축자재 소매업,G47519,"페인트, 창호 및 기타 건설자재 소매업",11,서울특별시,11500,강서구,11500620,공항동,1150010800,공항동,1150010800100120013,1,대지,12,13,서울특별시 강서구 공항동 12-13,115004145172,서울특별시 강서구 공항대로15가길,23,,1150010800100120013005874,,서울특별시 강서구 공항대로15가길 23,157811,07618,,1,,126.815986528114,37.5620786423039
MA010120220800502892,지엘파크,,G2,소매,G210,철물·건설자재 소매,G21099,기타 건설/건축자재 소매업,G47519,"페인트, 창호 및 기타 건설자재 소매업",11,서울특별시,11110,종로구,11110700,숭인1동,1111017500,숭인동,1111017500100110005,1,대지,11,5,서울특별시 종로구 숭인동 11-5,111104100385,서울특별시 종로구 지봉로16길,13,6,1111017500100110005002238,,서울특별시 종로구 지봉로16길 13-6,110862,03108,,,,127.015951214548,37.5793128450074
MA010120220800516336,KCC종합건축자재,,G2,소매,G210,철물·건설자재 소매,G21099,기타 건설/건축자재 소매업,G47519,"페인트, 창호 및 기타 건설자재 소매업",31,울산광역시,31710,울주군,31710340,웅촌면,3171034026,웅촌면,3171034026111780063,1,대지,1178,63,울산광역시 울주군 웅촌면 고연리 1178-63,317104319056,울산광역시 울주군 웅촌면 고연공단2길,147,,3171034026111780063023541,,울산광역시 울주군 웅촌면 고연공단2길 147,689871,44968,,,,129.159770118398,35.4418886624045
MA010120220800566898,하나건업,,G2,소매,G210,철물·건설자재 소매,G21099,기타 건설/건축자재 소매업,G47519,"페인트, 창호 및 기타 건설자재 소매업",41,경기도,41285,고양시 일산동구,41285600,고봉동,4128511300,성석동,4128511300105360005,1,대지,536,5,경기도 고양시 일산동구 성석동 536-5,412853193045,경기도 고양시 일산동구 성현로,149,,4128511300105360005001014,,경기도 고양시 일산동구 성현로 149,410570,10252,,3,,126.802434634389,37.7090252546098
MA010120220800592725,경일산업,,G2,소매,G210,철물·건설자재 소매,G21099,기타 건설/건축자재 소매업,G47519,"페인트, 창호 및 기타 건설자재 소매업",11,서울특별시,11110,종로구,11110560,평창동,1111018300,평창동,1111018300102130001,1,대지,213,1,서울특별시 종로구 평창동 213-1,111103100023,서울특별시 종로구 평창문화로,72,6,1111018300200100000021450,,서울특별시 종로구 평창문화로 72-6,110847,03011,,,,126.969569634409,37.6062856979237
MA010120220800573971,기분앤드조이,,G2,소매,G210,철물·건설자재 소매,G21099,기타 건설/건축자재 소매업,G47519,"페인트, 창호 및 기타 건설자재 소매업",11,서울특별시,11380,은평구,11380520,불광1동,1138010300,불광동,1138010300103310012,1,대지,331,12,서울특별시 은평구 불광동 331-12,113804133319,서울특별시 은평구 통일로78가길,13,103,1138010300103310012044569,,서울특별시 은평구 통일로78가길 13-103,122861,03352,,,,126.927179064252,37.6188990163731
MA010120220802167737,영림몰딩,,G2,소매,G210,철물·건설자재 소매,G21099,기타 건설/건축자재 소매업,G47519,"페인트, 창호 및 기타 건설자재 소매업",41,경기도,41670,여주시,41670520,중앙동,4167010300,창동,4167010300101890001,1,대지,189,1,경기도 여주시 창동 189-1,416703214073,경기도 여주시 향교로,4,,4173025023101890001056932,,경기도 여주시 향교로 4,469103,12626,,,,127.631801379707,37.2895999073139
MA010120220802144534,중앙상회,,G2,소매,G210,철물·건설자재 소매,G21099,기타 건설/건축자재 소매업,G47519,"페인트, 창호 및 기타 건설자재 소매업",28,인천광역시,28177,미추홀구,28177620,주안1동,2817710500,주안동,2817710500101840010,1,대지,184,10,인천광역시 미추홀구 주안동 184-10,281773000028,인천광역시 미추홀구 경인로,367,,2817010600101840010146047,,인천광역시 미추홀구 경인로 367,402835,22140,,1,,126.680913135531,37.4586172382719
MA010120220802173128,태영알미늄,,G2,소매,G210,철물·건설자재 소매,G21099,기타 건설/건축자재 소매업,G47519,"페인트, 창호 및 기타 건설자재 소매업",41,경기도,41830,양평군,41830250,양평읍,4183025027,양평읍,4183025027108940000,1,대지,894,,경기도 양평군 양평읍 도곡리 894,418304451889,경기도 양평군 양평읍 양근로345번길,24,,4183025027108940000020564,,경기도 양평군 양평읍 양근로345번길 24,476804,12564,,,,127.504982025522,37.482215045479
MA010120220802170383,한국상사,,G2,소매,G210,철물·건설자재 소매,G21099,기타 건설/건축자재 소매업,G47519,"페인트, 창호 및 기타 건설자재 소매업",41,경기도,41830,양평군,41830410,개군면,4183041021,개군면,4183041021102110006,1,대지,211,6,경기도 양평군 개군면 하자포리 211-6,418303217004,경기도 양평군 개군면 개군로,459,,4183041021102110006027249,,경기도 양평군 개군면 개군로 459,476893,12569,,1,,127.538210325937,37.4285217725512
MA010120220802134544,아주코팅강관,,G2,소매,G210,철물·건설자재 소매,G21099,기타 건설/건축자재 소매업,G47519,"페인트, 창호 및 기타 건설자재 소매업",28,인천광역시,28200,남동구,28200660,남촌도림동,2820010800,수산동,2820010800102940003,1,대지,294,3,인천광역시 남동구 수산동 294-3,282003153006,인천광역시 남동구 구수골로,88,1,2820010800102940003000001,,인천광역시 남동구 구수골로 88-1,405290,21590,,1,,126.725992103902,37.4358716961904
MA010120220802202481,동신건업,,G2,소매,G210,철물·건설자재 소매,G21099,기타 건설/건축자재 소매업,G47519,"페인트, 창호 및 기타 건설자재 소매업",41,경기도,41360,남양주시,41360253,진접읍,4136025321,진접읍,4136025321100790001,1,대지,79,1,경기도 남양주시 진접읍 장현리 79-1,413603000121,경기도 남양주시 진접읍 금강로,1553,21,4136025321100790001025479,신우,경기도 남양주시 진접읍 금강로 1553-21,472763,12005,,1,,127.191641045022,37.729288867348
MA010120220802183854,양평석재판넬,,G2,소매,G210,철물·건설자재 소매,G21099,기타 건설/건축자재 소매업,G47519,"페인트, 창호 및 기타 건설자재 소매업",41,경기도,41830,양평군,41830250,양평읍,4183025021,양평읍,4183025021105040103,1,대지,504,103,경기도 양평군 양평읍 양근리 504-103,418303217015,경기도 양평군 양평읍 양근로,81,,4183025021105040103000001,,경기도 양평군 양평읍 양근로 81,476802,12546,,,,127.483098978936,37.4971460079925
MA010120220802186202,진건석재,,G2,소매,G210,철물·건설자재 소매,G21099,기타 건설/건축자재 소매업,G47519,"페인트, 창호 및 기타 건설자재 소매업",41,경기도,41360,남양주시,41360259,진건읍,4136025921,진건읍,4136025921106330014,1,대지,633,14,경기도 남양주시 진건읍 사능리 633-14,413603197050,경기도 남양주시 진건읍 진건오남로,22,18,4136025921106330014000001,,경기도 남양주시 진건읍 진건오남로 22-18,472831,12140,,1,,127.180419294893,37.6532552159077
MA010120220802180537,강산판넬,,G2,소매,G210,철물·건설자재 소매,G21099,기타 건설/건축자재 소매업,G47519,"페인트, 창호 및 기타 건설자재 소매업",41,경기도,41310,구리시,41310541,교문1동,4131010400,교문동,4131010400103070013,1,대지,307,13,경기도 구리시 교문동 307-13,413103000120,경기도 구리시 경춘로,47,,4131010400103070013000001,,경기도 구리시 경춘로 47,471855,11950,,,,127.120467239843,37.6010474461548
MA010120220802178718,서울상사,,G2,소매,G210,철물·건설자재 소매,G21099,기타 건설/건축자재 소매업,G47519,"페인트, 창호 및 기타 건설자재 소매업",41,경기도,41310,구리시,41310520,동구동,4131010200,사노동,4131010200105720001,1,대지,572,1,경기도 구리시 사노동 572-1,413104388065,경기도 구리시 동구릉로389번길,89,,4131010200105720001000697,,경기도 구리시 동구릉로389번길 89,471040,11905,,1,,127.13718304244,37.6325457464659
MA010120220802240862,유로레하우,이천점,G2,소매,G210,철물·건설자재 소매,G21099,기타 건설/건축자재 소매업,G47519,"페인트, 창호 및 기타 건설자재 소매업",41,경기도,41670,여주시,41670330,금사면,4167033021,금사면,4167033021101330000,1,대지,133,,경기도 여주시 금사면 이포리 133,416703012067,경기도 여주시 금사면 이여로,1365,,4167033021101330000000001,,경기도 여주시 금사면 이여로 1365,469832,12604,,,,127.533406694432,37.3979813190141
MA010120220802234990,월마트건축자재,,G2,소매,G210,철물·건설자재 소매,G21099,기타 건설/건축자재 소매업,G47519,"페인트, 창호 및 기타 건설자재 소매업",41,경기도,41830,양평군,41830250,양평읍,4183025025,양평읍,4183025025104080005,1,대지,408,5,경기도 양평군 양평읍 공흥리 408-5,418303217038,경기도 양평군 양평읍 시민로,130,,4183025025104080005019552,,경기도 양평군 양평읍 시민로 130,476801,12560,,,,127.506290842333,37.4901922955388
MA010120220802241519,하나건재,,G2,소매,G210,철물·건설자재 소매,G21099,기타 건설/건축자재 소매업,G47519,"페인트, 창호 및 기타 건설자재 소매업",44,충청남도,44210,서산시,44210550,석남동,4421010900,예천동,4421010900107190000,1,대지,719,,충청남도 서산시 예천동 719,442104562489,충청남도 서산시 여전중앙길,13,2,4421010900107190000043482,,충청남도 서산시 여전중앙길 13-2,356808,31998,,,,126.438795422847,36.7700677427091
MA010120220802219026,서울건재,,G2,소매,G210,철물·건설자재 소매,G21099,기타 건설/건축자재 소매업,G47519,"페인트, 창호 및 기타 건설자재 소매업",41,경기도,41820,가평군,41820250,가평읍,4182025021,가평읍,4182025021101710004,1,대지,171,4,경기도 가평군 가평읍 읍내리 171-4,418204448233,경기도 가평군 가평읍 잎너비길,50,48,4182025021101710004000001,,경기도 가평군 가평읍 잎너비길 50-48,477805,12411,,,,127.510225880483,37.8445093877003
MA010120220802225112,고려상재,,G2,소매,G210,철물·건설자재 소매,G21099,기타 건설/건축자재 소매업,G47519,"페인트, 창호 및 기타 건설자재 소매업",41,경기도,41360,남양주시,41360310,별내면,4136031023,별내면,4136031023102930001,1,대지,293,1,경기도 남양주시 별내면 광전리 293-1,413604391503,경기도 남양주시 별내면 송산로532번길,11,3,4136031023102930001000001,,경기도 남양주시 별내면 송산로532번길 11-3,472811,12090,,,,127.13355761814,37.689401798609
MA010120220802310873,안산유리샷시,,G2,소매,G210,철물·건설자재 소매,G21099,기타 건설/건축자재 소매업,G47519,"페인트, 창호 및 기타 건설자재 소매업",41,경기도,41273,안산시 단원구,41273510,와동,4127310200,와동,4127310200108190019,1,대지,819,19,경기도 안산시 단원구 와동 819-19,412733191052,경기도 안산시 단원구 와동공원로,51,1,4127310200108190019025970,,경기도 안산시 단원구 와동공원로 51-1,425844,15252,,1,,126.818295237588,37.3379012792073
MA010120220802298746,삼화페인트,,G2,소매,G210,철물·건설자재 소매,G21099,기타 건설/건축자재 소매업,G47519,"페인트, 창호 및 기타 건설자재 소매업",28,인천광역시,28245,계양구,28245611,계산1동,2824510200,계산동,2824510200109640060,1,대지,964,60,인천광역시 계양구 계산동 964-60,282453155003,인천광역시 계양구 계산천동로,47,,2824510200109640060063260,,인천광역시 계양구 계산천동로 47,407807,21052,,1,,126.727476392251,37.5374634970679
MA010120220802297451,성진목재,,G2,소매,G210,철물·건설자재 소매,G21099,기타 건설/건축자재 소매업,G47519,"페인트, 창호 및 기타 건설자재 소매업",41,경기도,41273,안산시 단원구,41273545,원곡동,4127310800,원곡동,4127310800107870019,1,대지,787,19,경기도 안산시 단원구 원곡동 787-19,412734373054,경기도 안산시 단원구 다문화1길,11,,4127310800107870019014907,,경기도 안산시 단원구 다문화1길 11,425846,15394,,,,126.788866512299,37.3293016480947
MA010120220803886798,삼양문짝,,G2,소매,G210,철물·건설자재 소매,G21099,기타 건설/건축자재 소매업,G47519,"페인트, 창호 및 기타 건설자재 소매업",11,서울특별시,11290,성북구,11290580,돈암1동,1129010300,돈암동,1129010300100300013,1,대지,30,13,서울특별시 성북구 돈암동 30-13,112903107003,서울특별시 성북구 동소문로,207,,1129010300100300013042729,,서울특별시 성북구 동소문로 207,136890,02817,,,,127.02168576632,37.6005212908552
MA010120220803885295,에벤에셀,,G2,소매,G210,철물·건설자재 소매,G21099,기타 건설/건축자재 소매업,G47519,"페인트, 창호 및 기타 건설자재 소매업",11,서울특별시,11305,강북구,11305555,송천동,1130510100,미아동,1130510100104450019,1,대지,445,19,서울특별시 강북구 미아동 445-19,113054124067,서울특별시 강북구 도봉로13길,90,,1130510100104450019026925,,서울특별시 강북구 도봉로13길 90,142805,01207,,1,,127.025405106549,37.6152697485566
MA010120220803890901,성덕가설,,G2,소매,G210,철물·건설자재 소매,G21099,기타 건설/건축자재 소매업,G47519,"페인트, 창호 및 기타 건설자재 소매업",11,서울특별시,11290,성북구,11290575,동선동,1129011900,동선동4가,1129011900101110001,1,대지,111,1,서울특별시 성북구 동선동4가 111-1,112903107003,서울특별시 성북구 동소문로,125,,1129011900101110001054886,외,서울특별시 성북구 동소문로 125,136054,02829,,,,127.018219022518,37.5941608788862
MA010120220803939307,믿음공사,,G2,소매,G210,철물·건설자재 소매,G21099,기타 건설/건축자재 소매업,G47519,"페인트, 창호 및 기타 건설자재 소매업",11,서울특별시,11305,강북구,11305555,송천동,1130510100,미아동,1130510100103110015,1,대지,311,15,서울특별시 강북구 미아동 311-15,113054124260,서울특별시 강북구 삼양로54길,110,,1130510100103110015021144,기용빌딩,서울특별시 강북구 삼양로54길 110,142814,01172,,,,127.024071127639,37.62313565229
MA010120220803923978,성신건재,,G2,소매,G210,철물·건설자재 소매,G21099,기타 건설/건축자재 소매업,G47519,"페인트, 창호 및 기타 건설자재 소매업",11,서울특별시,11290,성북구,11290810,석관동,1129013900,석관동,1129013900103320518,1,대지,332,518,서울특별시 성북구 석관동 332-518,112903107002,서울특별시 성북구 돌곶이로,9,,1129013900103320518002409,,서울특별시 성북구 돌곶이로 9,136819,02788,,,,127.061811290887,37.6053904643832
MA010120220803951763,현대건재,,G2,소매,G210,철물·건설자재 소매,G21099,기타 건설/건축자재 소매업,G47519,"페인트, 창호 및 기타 건설자재 소매업",11,서울특별시,11320,도봉구,11320690,방학1동,1132010600,방학동,1132010600106760010,1,대지,676,10,서울특별시 도봉구 방학동 676-10,113203005048,서울특별시 도봉구 방학로,111,1,1132010600106760010003728,,서울특별시 도봉구 방학로 111-1,132849,01390,,,,127.03983758136,37.6626665696467
MA010120220803921853,바스베네,,G2,소매,G210,철물·건설자재 소매,G21099,기타 건설/건축자재 소매업,G47519,"페인트, 창호 및 기타 건설자재 소매업",11,서울특별시,11680,강남구,11680521,논현1동,1168010800,논현동,1168010800101510003,1,대지,151,3,서울특별시 강남구 논현동 151-3,116804166343,서울특별시 강남구 봉은사로25길,70,,1168010800101510003007775,,서울특별시 강남구 봉은사로25길 70,135824,06116,,1,,127.030346486926,37.5112215148476
MA010120220803933664,제이워크,,G2,소매,G210,철물·건설자재 소매,G21099,기타 건설/건축자재 소매업,G47519,"페인트, 창호 및 기타 건설자재 소매업",41,경기도,41135,성남시 분당구,41135600,이매1동,4113510600,이매동,4113510600100870006,1,대지,87,6,경기도 성남시 분당구 이매동 87-6,411352000005,경기도 성남시 분당구 성남대로,776,,4113510600100870006000001,,경기도 성남시 분당구 성남대로 776,463829,13569,,,,127.129245443738,37.3987624161771
MA010120220803964220,기성기와,,G2,소매,G210,철물·건설자재 소매,G21099,기타 건설/건축자재 소매업,G47519,"페인트, 창호 및 기타 건설자재 소매업",41,경기도,41150,의정부시,41150573,송산1동,4115010500,용현동,4115010500104040029,1,대지,404,29,경기도 의정부시 용현동 404-29,411504343225,경기도 의정부시 시민로387번길,16,11,4115010500104040029017992,,경기도 의정부시 시민로387번길 16-11,480839,11784,,,,127.078278211859,37.7353830717982
MA010120220803922731,진흥건재,,G2,소매,G210,철물·건설자재 소매,G21099,기타 건설/건축자재 소매업,G47519,"페인트, 창호 및 기타 건설자재 소매업",11,서울특별시,11290,성북구,11290610,보문동,1129012600,보문동4가,1129012600100150000,1,대지,15,,서울특별시 성북구 보문동4가 15,112903005003,서울특별시 성북구 보문로,90,1,1129012600100150000037859,,서울특별시 성북구 보문로 90-1,136084,02852,,,,127.020729763137,37.5833125144884
MA010120220803983262,경남건재,,G2,소매,G210,철물·건설자재 소매,G21099,기타 건설/건축자재 소매업,G47519,"페인트, 창호 및 기타 건설자재 소매업",11,서울특별시,11305,강북구,11305645,우이동,1130510300,수유동,1130510300102790207,1,대지,279,207,서울특별시 강북구 수유동 279-207,113054124192,서울특별시 강북구 삼양로139길,9,,1130510300102790207004105,,서울특별시 강북구 삼양로139길 9,142090,01011,,,,127.01307660896,37.6492209068624
MA010120220803990484,광명합판목재,,G2,소매,G210,철물·건설자재 소매,G21099,기타 건설/건축자재 소매업,G47519,"페인트, 창호 및 기타 건설자재 소매업",11,서울특별시,11305,강북구,11305625,수유2동,1130510300,수유동,1130510300102400016,1,대지,240,16,서울특별시 강북구 수유동 240-16,113054124581,서울특별시 강북구 한천로155길,5,,1130510300102400016011062,,서울특별시 강북구 한천로155길 5,142877,01043,,1,,127.02100712041,37.6436336622696
MA010120220803993921,승재가설산업,,G2,소매,G210,철물·건설자재 소매,G21099,기타 건설/건축자재 소매업,G47519,"페인트, 창호 및 기타 건설자재 소매업",41,경기도,41630,양주시,41630250,백석읍,4163025021,백석읍,4163025021101540000,1,대지,154,,경기도 양주시 백석읍 방성리 154,416303212009,경기도 양주시 백석읍 꿈나무로,38,,4163025021101570000000001,,경기도 양주시 백석읍 꿈나무로 38,482833,11505,,,,126.997978818148,37.8026750868364
MA010120220804034309,원종합공사,청담동,G2,소매,G210,철물·건설자재 소매,G21099,기타 건설/건축자재 소매업,G47519,"페인트, 창호 및 기타 건설자재 소매업",11,서울특별시,11680,강남구,11680565,청담동,1168010400,청담동,1168010400100310005,1,대지,31,5,서울특별시 강남구 청담동 31-5,116804166819,서울특별시 강남구 학동로77길,36,,1168010400100310005018654,,서울특별시 강남구 학동로77길 36,135950,06067,,,,127.048370693706,37.5210364480357
MA010120220804030004,큐브세라믹,,G2,소매,G210,철물·건설자재 소매,G21099,기타 건설/건축자재 소매업,G47519,"페인트, 창호 및 기타 건설자재 소매업",11,서울특별시,11680,강남구,11680531,논현2동,1168010800,논현동,1168010800102370000,1,대지,237,,서울특별시 강남구 논현동 237,116804166564,서울특별시 강남구 언주로113길,7,,1168010800102370000000001,,서울특별시 강남구 언주로113길 7,135831,06109,,4,,127.036781311124,37.5093095568389
MA010120220805432794,썬가드제주,,G2,소매,G210,철물·건설자재 소매,G21099,기타 건설/건축자재 소매업,G47519,"페인트, 창호 및 기타 건설자재 소매업",50,제주특별자치도,50110,제주시,50110640,오라동,5011012000,오라이동,5011012000112090001,1,대지,1209,1,제주특별자치도 제주시 오라이동 1209-1,501103349137,제주특별자치도 제주시 연삼로,184,,5011012000112090001012051,,제주특별자치도 제주시 연삼로 184,690162,63145,,,,126.512100024614,33.4925616300538
MA010120220805449999,디앤비건축,,G2,소매,G210,철물·건설자재 소매,G21099,기타 건설/건축자재 소매업,G47519,"페인트, 창호 및 기타 건설자재 소매업",41,경기도,41210,광명시,41210631,하안1동,4121010300,하안동,4121010300106110006,1,대지,611,6,경기도 광명시 하안동 611-6,412104361207,경기도 광명시 안재로6번길,10,,4121010300106110006011054,,경기도 광명시 안재로6번길 10,423844,14259,,,,126.873057934321,37.4593042026477
MA010120220805467607,동명WMS,,G2,소매,G210,철물·건설자재 소매,G21099,기타 건설/건축자재 소매업,G47519,"페인트, 창호 및 기타 건설자재 소매업",41,경기도,41830,양평군,41830250,양평읍,4183025026,양평읍,4183025026103820007,1,대지,382,7,경기도 양평군 양평읍 백안리 382-7,418304451484,경기도 양평군 양평읍 백안길31번길,18,,4183025026103820007000001,,경기도 양평군 양평읍 백안길31번길 18,476808,12549,,,,127.516419638433,37.4963833576027
MA010120220805476187,동양,,G2,소매,G210,철물·건설자재 소매,G21099,기타 건설/건축자재 소매업,G47519,"페인트, 창호 및 기타 건설자재 소매업",41,경기도,41500,이천시,41500510,창전동,4150010100,창전동,4150010100101600041,1,대지,160,41,경기도 이천시 창전동 160-41,415003207052,경기도 이천시 중리천로,53,2,4150010100101600039010046,,경기도 이천시 중리천로 53-2,467804,17369,,3,,127.444003261105,37.2803618112218
MA010120220805484375,대경상사,,G2,소매,G210,철물·건설자재 소매,G21099,기타 건설/건축자재 소매업,G47519,"페인트, 창호 및 기타 건설자재 소매업",43,충청북도,43760,괴산군,43760250,괴산읍,4376025021,괴산읍,4376025021106570018,1,대지,657,18,충청북도 괴산군 괴산읍 동부리 657-18,437604538585,충청북도 괴산군 괴산읍 읍내로2길,44,,4376025021106570018202716,,충청북도 괴산군 괴산읍 읍내로2길 44,367805,28030,,,,127.792599693498,36.8082819802624
MA010120220805480340,바스프렌즈,,G2,소매,G210,철물·건설자재 소매,G21099,기타 건설/건축자재 소매업,G47519,"페인트, 창호 및 기타 건설자재 소매업",41,경기도,41360,남양주시,41360256,화도읍,4136025621,화도읍,4136025621104740000,1,대지,474,,경기도 남양주시 화도읍 마석우리 474,413604391426,경기도 남양주시 화도읍 비룡로99번길,1,,4136025621104740000001316,경춘,경기도 남양주시 화도읍 비룡로99번길 1,472845,12166,,3,,127.302713257604,37.6610235007726
MA010120220805449741,새만금고리,,G2,소매,G210,철물·건설자재 소매,G21099,기타 건설/건축자재 소매업,G47519,"페인트, 창호 및 기타 건설자재 소매업",52,전북특별자치도,52210,김제시,52210510,요촌동,5221010100,요촌동,5221010100102050027,1,대지,205,27,전북특별자치도 김제시 요촌동 205-27,522103272083,전북특별자치도 김제시 남북로,184,,4521010100102050027056374,해피통신건물,전북특별자치도 김제시 남북로 184,576806,54390,,1,,126.884899205681,35.8004205784326
MA010120220805519778,중원인테리어,,G2,소매,G210,철물·건설자재 소매,G21099,기타 건설/건축자재 소매업,G47519,"페인트, 창호 및 기타 건설자재 소매업",51,강원특별자치도,51130,원주시,51130330,지정면,5113033024,지정면,5113033024106060044,1,대지,606,44,강원특별자치도 원주시 지정면 판대리 606-44,511303219008,강원특별자치도 원주시 지정면 구재로,352,70,4213033024106060044000001,,강원특별자치도 원주시 지정면 구재로 352-70,220824,26357,,,,127.807821891153,37.4166072650172
MA010120220805492088,엘엔씨디자인,,G2,소매,G210,철물·건설자재 소매,G21099,기타 건설/건축자재 소매업,G47519,"페인트, 창호 및 기타 건설자재 소매업",41,경기도,41113,수원시 권선구,41113530,세류2동,4111312600,세류동,4111312600111190029,1,대지,1119,29,경기도 수원시 권선구 세류동 1119-29,411134325015,경기도 수원시 권선구 경수대로261번길,18,,4111312600111190029030044,,경기도 수원시 권선구 경수대로261번길 18,441879,16590,,,,127.017865545253,37.2509812190965
MA010120220805490921,상록페인트,,G2,소매,G210,철물·건설자재 소매,G21099,기타 건설/건축자재 소매업,G47519,"페인트, 창호 및 기타 건설자재 소매업",29,광주광역시,29140,서구,29140840,동천동,2914013300,동천동,2914013300102370000,1,대지,237,,광주광역시 서구 동천동 237,291404280562,광주광역시 서구 하남대로550번길,61,7,2917010800109070013000001,,광주광역시 서구 하남대로550번길 61-7,502881,61901,,,,126.85185509664,35.1691068011979
MA010120220805516208,포비라이프,,G2,소매,G210,철물·건설자재 소매,G21099,기타 건설/건축자재 소매업,G47519,"페인트, 창호 및 기타 건설자재 소매업",41,경기도,41450,하남시,41450630,미사3동,4145011000,풍산동,4145011000106180000,1,대지,618,,경기도 하남시 풍산동 618,414502202001,경기도 하남시 하남대로,947,,4145011000103930010000002,비,경기도 하남시 하남대로 947,465170,12982,,,,127.193637429932,37.5458903625758
MA010120220805528595,가은건설,,G2,소매,G210,철물·건설자재 소매,G21099,기타 건설/건축자재 소매업,G47519,"페인트, 창호 및 기타 건설자재 소매업",47,경상북도,47190,구미시,47190660,임오동,4719011800,오태동,4719011800107650002,1,대지,765,2,경상북도 구미시 오태동 765-2,471904724106,경상북도 구미시 금오대로22길,29,6,4719011800107650002043079,하늘채상가,경상북도 구미시 금오대로22길 29-6,730142,39363,,,,128.354843495598,36.0701031255738
MA010120220805499098,토탈하우징,,G2,소매,G210,철물·건설자재 소매,G21099,기타 건설/건축자재 소매업,G47519,"페인트, 창호 및 기타 건설자재 소매업",41,경기도,41115,수원시 팔달구,41115740,행궁동,4111512000,팔달로1가,4111512000100080002,1,대지,8,2,경기도 수원시 팔달구 팔달로1가 8-2,411154328344,경기도 수원시 팔달구 창룡대로8번길,18,,4111512000100080002053402,,경기도 수원시 팔달구 창룡대로8번길 18,442021,16257,,B1,,127.017444134379,37.2809499342216
MA010120220805541414,에이스상사,,G2,소매,G210,철물·건설자재 소매,G21099,기타 건설/건축자재 소매업,G47519,"페인트, 창호 및 기타 건설자재 소매업",43,충청북도,43111,청주시 상당구,43111720,용암1동,4311112400,용암동,4311112400124930000,1,대지,2493,,충청북도 청주시 상당구 용암동 2493,431114508112,충청북도 청주시 상당구 낙영로40번길,4,,4311112400124930000042684,,충청북도 청주시 상당구 낙영로40번길 4,360812,28767,,,,127.509900189083,36.6184782427589
MA010120220805541729,강남도배타일문수리페인트방수집수리,,G2,소매,G210,철물·건설자재 소매,G21099,기타 건설/건축자재 소매업,G47519,"페인트, 창호 및 기타 건설자재 소매업",11,서울특별시,11680,강남구,11680640,역삼1동,1168010100,역삼동,1168010100106680004,1,대지,668,4,서울특별시 강남구 역삼동 668-4,116803121022,서울특별시 강남구 논현로,518,,1168010100106680004023047,,서울특별시 강남구 논현로 518,135914,06140,,2,,127.036325783651,37.5028855311117
MA010120220805559694,금천목재,,G2,소매,G210,철물·건설자재 소매,G21099,기타 건설/건축자재 소매업,G47519,"페인트, 창호 및 기타 건설자재 소매업",43,충청북도,43111,청주시 상당구,43111340,남일면,4311134028,남일면,4311134028103550000,1,대지,355,,충청북도 청주시 상당구 남일면 고은리 355,431113240004,충청북도 청주시 상당구 남일면 고은두산로,55,,4371034032003550000065490,,충청북도 청주시 상당구 남일면 고은두산로 55,360842,28190,,,,127.51009006451,36.559020581419
MA010120220806898368,유승석재,,G2,소매,G210,철물·건설자재 소매,G21099,기타 건설/건축자재 소매업,G47519,"페인트, 창호 및 기타 건설자재 소매업",47,경상북도,47250,상주시,47250310,중동면,4725031025,중동면,4725031025107200001,1,대지,720,1,경상북도 상주시 중동면 신암리 720-1,472503018068,경상북도 상주시 중동면 상주다인로,537,9,4725031025107200000023888,,경상북도 상주시 중동면 상주다인로 537-9,742941,37246,,,,128.309771329292,36.4183394838831
MA010120220806941852,JC컴퍼니,,G2,소매,G210,철물·건설자재 소매,G21099,기타 건설/건축자재 소매업,G47519,"페인트, 창호 및 기타 건설자재 소매업",41,경기도,41630,양주시,41630320,남면,4163032021,남면,4163032021104120003,1,대지,412,3,경기도 양주시 남면 신산리 412-3,416304436036,경기도 양주시 남면 감악산로466번길,12,,4163032021104170003035252,,경기도 양주시 남면 감악산로466번길 12,482873,11404,,,,126.964366039083,37.901504166834
MA010120220806965712,한성데코영통지점,,G2,소매,G210,철물·건설자재 소매,G21099,기타 건설/건축자재 소매업,G47519,"페인트, 창호 및 기타 건설자재 소매업",41,경기도,41117,수원시 영통구,41117585,영통3동,4111710500,영통동,4111710500109980009,1,대지,998,9,경기도 수원시 영통구 영통동 998-9,411173177013,경기도 수원시 영통구 청명남로,39,,4111710500109980009000956,럭셔리프라자,경기도 수원시 영통구 청명남로 39,443470,16704,,,,127.075713822901,37.2532199801881
MA010120220807008102,초록숲산업,,G2,소매,G210,철물·건설자재 소매,G21099,기타 건설/건축자재 소매업,G47519,"페인트, 창호 및 기타 건설자재 소매업",41,경기도,41500,이천시,41500340,마장면,4150034025,마장면,4150034025100260000,1,대지,26,,경기도 이천시 마장면 장암리 26,415004421388,경기도 이천시 마장면 서이천로634번길,85,,4150034025100260000014610,,경기도 이천시 마장면 서이천로634번길 85,467811,17383,,,,127.403774109432,37.2788840077943
MA010120220807016386,플렉스호남총판,코리아,G2,소매,G210,철물·건설자재 소매,G21099,기타 건설/건축자재 소매업,G47519,"페인트, 창호 및 기타 건설자재 소매업",52,전북특별자치도,52111,전주시 완산구,52111680,서신동,5211112900,서신동,5211112900107980019,1,대지,798,19,전북특별자치도 전주시 완산구 서신동 798-19,521114598184,전북특별자치도 전주시 완산구 서신천변15길,19,,4511112900107980019025773,,전북특별자치도 전주시 완산구 서신천변15길 19,560821,54951,,,,127.11226848047,35.8317510852403
MA010120220807004993,대화이엔지,,G2,소매,G210,철물·건설자재 소매,G21099,기타 건설/건축자재 소매업,G47519,"페인트, 창호 및 기타 건설자재 소매업",46,전라남도,46170,나주시,46170620,빛가람동,4617013400,빛가람동,4617013400103480013,1,대지,348,13,전라남도 나주시 빛가람동 348-13,461703295056,전라남도 나주시 문화로,238,,4617013400103480013000001,아주드림타워,전라남도 나주시 문화로 238,520350,58325,,6,,126.785342061769,35.0199030320142
MA010120220807024031,헬리오팜,,G2,소매,G210,철물·건설자재 소매,G21099,기타 건설/건축자재 소매업,G47519,"페인트, 창호 및 기타 건설자재 소매업",44,충청남도,44200,아산시,44200350,음봉면,4420035028,음봉면,4420035028107900000,1,대지,790,,충청남도 아산시 음봉면 신휴리 790,442004853868,충청남도 아산시 음봉면 아산밸리로459번길,34,,4420035028107900000000001,,충청남도 아산시 음봉면 아산밸리로459번길 34,336865,31408,,,,127.06630945839,36.9004745312259
MA010120220808366064,신우,,G2,소매,G210,철물·건설자재 소매,G21099,기타 건설/건축자재 소매업,G47519,"페인트, 창호 및 기타 건설자재 소매업",44,충청남도,44150,공주시,44150360,의당면,4415036021,의당면,4415036021104320004,1,대지,432,4,충청남도 공주시 의당면 월곡리 432-4,441503251034,충청남도 공주시 의당면 의당로,669,,4415036021104320004022755,,충청남도 공주시 의당면 의당로 669,314812,32518,,2,,127.148515817296,36.5274606283205
MA010120220808352492,가온산업,,G2,소매,G210,철물·건설자재 소매,G21099,기타 건설/건축자재 소매업,G47519,"페인트, 창호 및 기타 건설자재 소매업",43,충청북도,43114,청주시 청원구,43114253,오창읍,4311425351,오창읍,4311425351100190001,1,대지,19,1,충청북도 청주시 청원구 오창읍 가좌리 19-1,431144520480,충청북도 청주시 청원구 오창읍 오창가좌3길,46,,4371025351000190001000361,,충청북도 청주시 청원구 오창읍 오창가좌3길 46,363888,28106,,1,,127.376205838068,36.7318594140505
MA010120220808356493,제이오비,,G2,소매,G210,철물·건설자재 소매,G21099,기타 건설/건축자재 소매업,G47519,"페인트, 창호 및 기타 건설자재 소매업",43,충청북도,43800,단양군,43800320,가곡면,4380032021,가곡면,4380032021104820018,1,대지,482,18,충청북도 단양군 가곡면 사평리 482-18,438004544252,충청북도 단양군 가곡면 사평3길,6,7,4380032021104820018004771,,충청북도 단양군 가곡면 사평3길 6-7,395821,27021,,,,128.38481185526,37.0258538945475
MA010120220808412369,맥스지오,,G2,소매,G210,철물·건설자재 소매,G21099,기타 건설/건축자재 소매업,G47519,"페인트, 창호 및 기타 건설자재 소매업",46,전라남도,46840,무안군,46840250,무안읍,4684025023,무안읍,4684025023103600005,1,대지,360,5,전라남도 무안군 무안읍 성남리 360-5,468403296009,전라남도 무안군 무안읍 무안로,420,,4684025023103600005059101,,전라남도 무안군 무안읍 무안로 420,534803,58531,,3,,126.472871111792,34.9826859940405
MA010120220808405189,다미세라믹,,G2,소매,G210,철물·건설자재 소매,G21099,기타 건설/건축자재 소매업,G47519,"페인트, 창호 및 기타 건설자재 소매업",48,경상남도,48820,고성군,48820250,고성읍,4882025034,고성읍,4882025034110000001,1,대지,1000,1,경상남도 고성군 고성읍 월평리 1000-1,488202328001,경상남도 고성군 고성읍 남해안대로,2339,,4882025034110000001000001,,경상남도 고성군 고성읍 남해안대로 2339,638807,52949,,,,128.342073061146,34.9545382853553
MA010120220808394516,하나레미콘,,G2,소매,G210,철물·건설자재 소매,G21099,기타 건설/건축자재 소매업,G47519,"페인트, 창호 및 기타 건설자재 소매업",41,경기도,41550,안성시,41550250,공도읍,4155025028,공도읍,4155025028102490004,1,대지,249,4,경기도 안성시 공도읍 불당리 249-4,415504424320,경기도 안성시 공도읍 불당안길,18,10,4155025028102490004000001,,경기도 안성시 공도읍 불당안길 18-10,456824,17566,,,,127.170776330967,36.9803691062654
MA010120220808443767,대광전기공사,,G2,소매,G210,철물·건설자재 소매,G21099,기타 건설/건축자재 소매업,G47519,"페인트, 창호 및 기타 건설자재 소매업",29,광주광역시,29170,북구,29170535,중흥동,2917010100,중흥동,2917010100102700012,1,대지,270,12,광주광역시 북구 중흥동 270-12,291703162029,광주광역시 북구 서방로,39,,2917010100102700012006800,,광주광역시 북구 서방로 39,500873,61190,,,,126.917339567057,35.1730450218685
MA010120220808439787,에스앤피산업,,G2,소매,G210,철물·건설자재 소매,G21099,기타 건설/건축자재 소매업,G47519,"페인트, 창호 및 기타 건설자재 소매업",43,충청북도,43740,영동군,43740310,용산면,4374031034,용산면,4374031034104320001,1,대지,432,1,충청북도 영동군 용산면 미전리 432-1,437403240090,충청북도 영동군 용산면 남부로,1500,42,4374031034104330000002852,,충청북도 영동군 용산면 남부로 1500-42,370913,29108,,,,127.826045778033,36.2947206239229
MA010120220808432227,테라스,대전지점,G2,소매,G210,철물·건설자재 소매,G21099,기타 건설/건축자재 소매업,G47519,"페인트, 창호 및 기타 건설자재 소매업",30,대전광역시,30230,대덕구,30230520,대화동,3023010200,대화동,3023010200102890001,1,대지,289,1,대전광역시 대덕구 대화동 289-1,302303168004,대전광역시 대덕구 대화로,160,,3023010200102890001008147,대전산업유통상가,대전광역시 대덕구 대화로 160,306754,34368,,,,127.402936017244,36.3652945197826
MA010120220808505757,에스에스테크,,G2,소매,G210,철물·건설자재 소매,G21099,기타 건설/건축자재 소매업,G47519,"페인트, 창호 및 기타 건설자재 소매업",51,강원특별자치도,51130,원주시,51130610,태장1동,5113011200,태장동,5113011200101540003,1,대지,154,3,강원특별자치도 원주시 태장동 154-3,511303219054,강원특별자치도 원주시 치악로,2078,,4213011200101540003033132,,강원특별자치도 원주시 치악로 2078,220967,26323,,,,127.962920946974,37.3648551130051
MA010120220808492650,라이프상사,,G2,소매,G210,철물·건설자재 소매,G21099,기타 건설/건축자재 소매업,G47519,"페인트, 창호 및 기타 건설자재 소매업",30,대전광역시,30200,유성구,30200540,온천2동,3020011700,장대동,3020011700102450054,1,대지,245,54,대전광역시 유성구 장대동 245-54,302003010030,대전광역시 유성구 현충원로,514,1,3020011700102450054012224,,대전광역시 유성구 현충원로 514-1,305308,34156,,1,,127.327965132967,36.3589722963851
MA010120220808495412,기타 건설/건축자재 소매업,,G2,소매,G210,철물·건설자재 소매,G21099,기타 건설/건축자재 소매업,G47519,"페인트, 창호 및 기타 건설자재 소매업",46,전라남도,46110,목포시,46110640,동명동,4611010200,산정동,4611010200111080012,1,대지,1108,12,전라남도 목포시 산정동 1108-12,461103281032,전라남도 목포시 산정로,26,5,4611010200111080012020635,,전라남도 목포시 산정로 26-5,530812,58740,,,,126.393228064619,34.7909054974147
MA010120220808506199,성민건축자재,,G2,소매,G210,철물·건설자재 소매,G21099,기타 건설/건축자재 소매업,G47519,"페인트, 창호 및 기타 건설자재 소매업",11,서울특별시,11470,양천구,11470600,신월5동,1147010300,신월동,1147010300100630007,1,대지,63,7,서울특별시 양천구 신월동 63-7,114703005067,서울특별시 양천구 월정로,228,,1147010300100630007010105,,서울특별시 양천구 월정로 228,158824,07907,,,,126.833231330043,37.5386242672047
MA010120220808496220,영종도개발,,G2,소매,G210,철물·건설자재 소매,G21099,기타 건설/건축자재 소매업,G47519,"페인트, 창호 및 기타 건설자재 소매업",28,인천광역시,28110,중구,28110585,동인천동,2811013500,용동,2811013500101910000,1,대지,191,,인천광역시 중구 용동 191,281104247243,인천광역시 중구 우현로72번길,6,,2811013500101910000122507,,인천광역시 중구 우현로72번길 6,400170,22318,,1,,126.63017137441,37.473209802855
MA010120220808512727,소풍,,G2,소매,G210,철물·건설자재 소매,G21099,기타 건설/건축자재 소매업,G47519,"페인트, 창호 및 기타 건설자재 소매업",44,충청남도,44133,천안시 서북구,44133580,부성1동,4413310400,두정동,4413310400114230000,1,대지,1423,,충청남도 천안시 서북구 두정동 1423,441334550128,충청남도 천안시 서북구 두정상가6길,9,,4413310400114230000019001,올양빌딩,충청남도 천안시 서북구 두정상가6길 9,331962,31105,,,,127.144032931928,36.8306063696387
MA010120220809855704,태진에이치알,,G2,소매,G210,철물·건설자재 소매,G21099,기타 건설/건축자재 소매업,G47519,"페인트, 창호 및 기타 건설자재 소매업",27,대구광역시,27230,북구,27230695,무태조야동,2723011500,서변동,2723011500117540011,1,대지,1754,11,대구광역시 북구 서변동 1754-11,272304235487,대구광역시 북구 호국로39길,32,9,2723011500117540011034573,,대구광역시 북구 호국로39길 32-9,702894,41477,,1,,128.595421091435,35.9194743445488
MA010120220809864424,조은피씨에이,,G2,소매,G210,철물·건설자재 소매,G21099,기타 건설/건축자재 소매업,G47519,"페인트, 창호 및 기타 건설자재 소매업",41,경기도,41670,여주시,41670510,여흥동,4167011500,점봉동,4167011500103170000,1,대지,317,,경기도 여주시 점봉동 317,416703214023,경기도 여주시 명성로,9,,4173025035103170000061196,,경기도 여주시 명성로 9,469115,12653,,,,127.648443626578,37.256397223652
MA010120220809880857,정원산업개발,,G2,소매,G210,철물·건설자재 소매,G21099,기타 건설/건축자재 소매업,G47519,"페인트, 창호 및 기타 건설자재 소매업",41,경기도,41630,양주시,41630540,회천2동,4163011600,덕계동,4163011600106700009,1,대지,670,9,경기도 양주시 덕계동 670-9,416304436376,경기도 양주시 평화로1429번길,27,,4163011600106700009018657,,경기도 양주시 평화로1429번길 27,482050,11442,,5,,127.044441886516,37.8192803953121
MA010120220809862944,일국샷시,,G2,소매,G210,철물·건설자재 소매,G21099,기타 건설/건축자재 소매업,G47519,"페인트, 창호 및 기타 건설자재 소매업",46,전라남도,46170,나주시,46170540,금남동,4617010800,경현동,4617010800102810005,1,대지,281,5,전라남도 나주시 경현동 281-5,461703284049,전라남도 나주시 예향로,4195,,4617010800102810005004774,,전라남도 나주시 예향로 4195,520120,58263,,,,126.710798151627,35.0272207016442
MA010120220809930775,제이케이ENG,,G2,소매,G210,철물·건설자재 소매,G21099,기타 건설/건축자재 소매업,G47519,"페인트, 창호 및 기타 건설자재 소매업",29,광주광역시,29200,광산구,29200637,수완동,2920012400,흑석동,2920012400105100000,1,대지,510,,광주광역시 광산구 흑석동 510,292004289671,광주광역시 광산구 풍영로145번길,82,,2920012400105100000000002,,광주광역시 광산구 풍영로145번길 82,506304,62234,,4,,126.809834784177,35.1835058687114
MA010120220809898698,에스제이건재,,G2,소매,G210,철물·건설자재 소매,G21099,기타 건설/건축자재 소매업,G47519,"페인트, 창호 및 기타 건설자재 소매업",41,경기도,41250,동두천시,41250565,불현동,4125010300,생연동,4125010300103040000,1,대지,304,,경기도 동두천시 생연동 304,412503012028,경기도 동두천시 삼육사로,1034,,4125010300103040000008821,생연오피스텔,경기도 동두천시 삼육사로 1034,483030,11359,,,,127.064659936872,37.8992844865216
MA010120220810005399,권스엔지니어링,,G2,소매,G210,철물·건설자재 소매,G21099,기타 건설/건축자재 소매업,G47519,"페인트, 창호 및 기타 건설자재 소매업",31,울산광역시,31200,북구,31200560,효문동,3120012100,진장동,3120012100102850003,1,대지,285,3,울산광역시 북구 진장동 285-3,312003172025,울산광역시 북구 진장유통로,16,,3120012100102850003000001,진장디플렉스,울산광역시 북구 진장유통로 16,683360,44248,,,,129.358156032566,35.5718650411146
MA010120220810012389,모마인테리어,,G2,소매,G210,철물·건설자재 소매,G21099,기타 건설/건축자재 소매업,G47519,"페인트, 창호 및 기타 건설자재 소매업",11,서울특별시,11530,구로구,11530510,신도림동,1153010100,신도림동,1153010100102710041,1,대지,271,41,서울특별시 구로구 신도림동 271-41,115304148400,서울특별시 구로구 신도림로19길,124,,1153010100102710041025382,콜카빌,서울특별시 구로구 신도림로19길 124,152886,08200,,,,126.880792934863,37.5137961920421
MA010120220810017801,휴앤티엔씨,,G2,소매,G210,철물·건설자재 소매,G21099,기타 건설/건축자재 소매업,G47519,"페인트, 창호 및 기타 건설자재 소매업",11,서울특별시,11680,강남구,11680640,역삼1동,1168010100,역삼동,1168010100106430003,1,대지,643,3,서울특별시 강남구 역삼동 643-3,116804166207,서울특별시 강남구 논현로95길,15,,1168010100106430003023302,,서울특별시 강남구 논현로95길 15,135910,06131,,,,127.034696842983,37.5020480854865
MA010120220800213266,가예석재,,G2,소매,G210,철물·건설자재 소매,G21099,기타 건설/건축자재 소매업,G47519,"페인트, 창호 및 기타 건설자재 소매업",41,경기도,41281,고양시 덕양구,41281670,대덕동,4128113100,덕은동,4128113100103230002,1,대지,323,2,경기도 고양시 덕양구 덕은동 323-2,412813352414,경기도 고양시 덕양구 으뜸로,124,,4128113100103230002000001,덕은,경기도 고양시 덕양구 으뜸로 124,412170,10544,,8,,126.869775500625,37.579124964281
MA010120220800218454,바우디자인,,G2,소매,G210,철물·건설자재 소매,G21099,기타 건설/건축자재 소매업,G47519,"페인트, 창호 및 기타 건설자재 소매업",11,서울특별시,11440,마포구,11440630,신수동,1144011100,신수동,1144011100100910392,1,대지,91,392,서울특별시 마포구 신수동 91-392,114403113001,서울특별시 마포구 광성로,27,1,1144011100100910392026631,,서울특별시 마포구 광성로 27-1,121854,04094,,2,,126.936242769116,37.55000532206
MA010120220800216586,코팩시스템,,G2,소매,G210,철물·건설자재 소매,G21099,기타 건설/건축자재 소매업,G47519,"페인트, 창호 및 기타 건설자재 소매업",11,서울특별시,11740,강동구,11740550,고덕1동,1174010200,고덕동,1174010200106580000,1,대지,658,,서울특별시 강동구 고덕동 658,117404172103,서울특별시 강동구 동남로87길,85,,1174010200106580000018247,,서울특별시 강동구 동남로87길 85,134806,05227,,,,127.15200400153,37.5614664654204
MA010120220800243695,건안씨아이,,G2,소매,G210,철물·건설자재 소매,G21099,기타 건설/건축자재 소매업,G47519,"페인트, 창호 및 기타 건설자재 소매업",43,충청북도,43770,음성군,43770340,대소면,4377034025,대소면,4377034025102240003,1,대지,224,3,충청북도 음성군 대소면 부윤리 224-3,437703247005,충청북도 음성군 대소면 대동로,595,,4377034025102240003000001,,충청북도 음성군 대소면 대동로 595,369823,27677,,,,127.515171508642,36.9507649706104
MA010120220800264648,현대상회,,G2,소매,G210,철물·건설자재 소매,G21099,기타 건설/건축자재 소매업,G47519,"페인트, 창호 및 기타 건설자재 소매업",11,서울특별시,11170,용산구,11170660,이태원2동,1117013000,이태원동,1117013000102250043,1,대지,225,43,서울특별시 용산구 이태원동 225-43,111703102012,서울특별시 용산구 회나무로,31,,1117013000102250043008132,,서울특별시 용산구 회나무로 31,140857,04344,,,,126.989997575106,37.5397326999474
MA010120220800278330,태광종합건재철물,,G2,소매,G210,철물·건설자재 소매,G21099,기타 건설/건축자재 소매업,G47519,"페인트, 창호 및 기타 건설자재 소매업",11,서울특별시,11170,용산구,11170520,용산2가동,1117010200,용산동2가,1117010200100051120,1,대지,5,1120,서울특별시 용산구 용산동2가 5-1120,111704106172,서울특별시 용산구 소월로20길,68,,1117010200100051120000001,,서울특별시 용산구 소월로20길 68,140833,04337,,,,126.984214775786,37.5437865673288
MA010120220800295039,동남건재상회,,G2,소매,G210,철물·건설자재 소매,G21099,기타 건설/건축자재 소매업,G47519,"페인트, 창호 및 기타 건설자재 소매업",11,서울특별시,11170,용산구,11170590,용문동,1117012100,용문동,1117012100100250009,1,대지,25,9,서울특별시 용산구 용문동 25-9,111703005018,서울특별시 용산구 새창로,120,,1117012100100250009015919,,서울특별시 용산구 새창로 120,140832,04363,,,,126.96059155737,37.5367622572062
MA010120220800292727,한양종합건재,,G2,소매,G210,철물·건설자재 소매,G21099,기타 건설/건축자재 소매업,G47519,"페인트, 창호 및 기타 건설자재 소매업",11,서울특별시,11590,동작구,11590605,흑석동,1159010500,흑석동,1159010500101800015,1,대지,180,15,서울특별시 동작구 흑석동 180-15,115904157420,서울특별시 동작구 서달로15길,25,,1159010500101800015016088,,서울특별시 동작구 서달로15길 25,156860,06972,,1,,126.961793895282,37.5086964213964
MA010120220800299199,서산판넬창호,,G2,소매,G210,철물·건설자재 소매,G21099,기타 건설/건축자재 소매업,G47519,"페인트, 창호 및 기타 건설자재 소매업",44,충청남도,44210,서산시,44210525,동문1동,4421010500,잠홍동,4421010500107500017,1,대지,750,17,충청남도 서산시 잠홍동 750-17,442103000117,충청남도 서산시 서해로,3598,,4421010500107500017033967,,충청남도 서산시 서해로 3598,356040,32002,,,,126.472339329783,36.7818274857894
MA010120220800296670,리버팰리스,,G2,소매,G210,철물·건설자재 소매,G21099,기타 건설/건축자재 소매업,G47519,"페인트, 창호 및 기타 건설자재 소매업",41,경기도,41210,광명시,41210655,일직동,4121010600,일직동,4121010600105090001,1,대지,509,1,경기도 광명시 일직동 509-1,412103182031,경기도 광명시 일직로,22,,4121010600105090001000001,광명역효성해링턴타워,경기도 광명시 일직로 22,423090,14344,,17,,126.884157570413,37.4224821243383
MA010120220800369811,이에스코,,G2,소매,G210,철물·건설자재 소매,G21099,기타 건설/건축자재 소매업,G47519,"페인트, 창호 및 기타 건설자재 소매업",11,서울특별시,11560,영등포구,11560710,대림2동,1156013300,대림동,1156013300110590035,1,대지,1059,35,서울특별시 영등포구 대림동 1059-35,115604154297,서울특별시 영등포구 도림천로11길,10,2,1156013300110590035002914,,서울특별시 영등포구 도림천로11길 10-2,150825,07420,,,,126.896931035846,37.491115051318
MA010120220800370288,태양상사,,G2,소매,G210,철물·건설자재 소매,G21099,기타 건설/건축자재 소매업,G47519,"페인트, 창호 및 기타 건설자재 소매업",28,인천광역시,28177,미추홀구,28177630,주안2동,2817710500,주안동,2817710500107190010,1,대지,719,10,인천광역시 미추홀구 주안동 719-10,281772008004,인천광역시 미추홀구 인주대로,299,,2817010600107190010145498,,인천광역시 미추홀구 인주대로 299,402844,22158,,1,,126.669819121158,37.4522887098863
MA010120220800370667,제일건재사,,G2,소매,G210,철물·건설자재 소매,G21099,기타 건설/건축자재 소매업,G47519,"페인트, 창호 및 기타 건설자재 소매업",48,경상남도,48870,함양군,48870360,안의면,4887036034,안의면,4887036034100500002,1,대지,50,2,경상남도 함양군 안의면 교북리 50-2,488703346001,경상남도 함양군 안의면 광풍로,177,,4887036034100500002032987,,경상남도 함양군 안의면 광풍로 177,676821,50005,,,,127.815771859653,35.6309232835159
MA010120220800392486,대영건재,,G2,소매,G210,철물·건설자재 소매,G21099,기타 건설/건축자재 소매업,G47519,"페인트, 창호 및 기타 건설자재 소매업",41,경기도,41610,광주시,41610253,초월읍,4161025322,초월읍,4161025322101360007,1,대지,136,7,경기도 광주시 초월읍 쌍동리 136-7,416104433126,경기도 광주시 초월읍 도곡길,56,,4161025322101360007000001,,경기도 광주시 초월읍 도곡길 56,464861,12736,,,,127.298664845577,37.3680644327202
MA010120220801926236,마당건축,,G2,소매,G210,철물·건설자재 소매,G21099,기타 건설/건축자재 소매업,G47519,"페인트, 창호 및 기타 건설자재 소매업",41,경기도,41131,성남시 수정구,41131630,신촌동,4113110900,신촌동,4113110900102190005,1,대지,219,5,경기도 성남시 수정구 신촌동 219-5,411313178020,경기도 성남시 수정구 신촌남로,53,,4113110900102190005000001,,경기도 성남시 수정구 신촌남로 53,461330,13101,,,,127.102266019373,37.4578504727915
MA010120220801908601,정호상사,,G2,소매,G210,철물·건설자재 소매,G21099,기타 건설/건축자재 소매업,G47519,"페인트, 창호 및 기타 건설자재 소매업",41,경기도,41133,성남시 중원구,41133660,하대원동,4113310900,하대원동,4113310900102220005,1,대지,222,5,경기도 성남시 중원구 하대원동 222-5,411332179001,경기도 성남시 중원구 둔촌대로,355,,4113310900102220005005311,,경기도 성남시 중원구 둔촌대로 355,462840,13391,,,,127.156837619562,37.4320396791113
MA010120220801914717,삼마도어,,G2,소매,G210,철물·건설자재 소매,G21099,기타 건설/건축자재 소매업,G47519,"페인트, 창호 및 기타 건설자재 소매업",41,경기도,41450,하남시,41450580,감북동,4145011300,감북동,4145011300103410005,1,대지,341,5,경기도 하남시 감북동 341-5,414504406001,경기도 하남시 감북로27번길,58,,4145011300103410005007231,,경기도 하남시 감북로27번길 58,465818,12990,,,,127.160783652092,37.5177743970821
MA010120220801968995,대광알미늄,,G2,소매,G210,철물·건설자재 소매,G21099,기타 건설/건축자재 소매업,G47519,"페인트, 창호 및 기타 건설자재 소매업",41,경기도,41194,부천시 소사구,41194510,심곡본1동,4119410200,심곡본동,4119410200105790014,1,대지,579,14,경기도 부천시 소사구 심곡본동 579-14,411943185021,경기도 부천시 소사구 심곡로,44,,4119710200105790014027643,,경기도 부천시 소사구 심곡로 44,422824,14739,,,,126.775215174186,37.4800439868955
MA010120220801974881,동부건재,,G2,소매,G210,철물·건설자재 소매,G21099,기타 건설/건축자재 소매업,G47519,"페인트, 창호 및 기타 건설자재 소매업",41,경기도,41210,광명시,41210650,소하2동,4121010400,소하동,4121010400108250003,1,대지,825,3,경기도 광명시 소하동 825-3,412103187031,경기도 광명시 서면로,63,70,4121010400108250003000001,,경기도 광명시 서면로 63-70,423823,14323,,,,126.884648766625,37.4410435357849
MA010120220801955682,지주,,G2,소매,G210,철물·건설자재 소매,G21099,기타 건설/건축자재 소매업,G47519,"페인트, 창호 및 기타 건설자재 소매업",26,부산광역시,26110,중구,26110600,영주2동,2611010100,영주동,2611010100102890032,1,대지,289,32,부산광역시 중구 영주동 289-32,261103125005,부산광역시 중구 영주로,7,1,2611010100102890032006087,,부산광역시 중구 영주로 7-1,600112,48919,,,,129.032777481882,35.1100555972264
MA010120220802081200,남주건재자원,,G2,소매,G210,철물·건설자재 소매,G21099,기타 건설/건축자재 소매업,G47519,"페인트, 창호 및 기타 건설자재 소매업",28,인천광역시,28110,중구,28110540,신흥동,2811012800,신흥동3가,2811012800100170001,1,대지,17,1,인천광역시 중구 신흥동3가 17-1,281104247312,인천광역시 중구 인중로34번길,10,,2811012800100170001056100,,인천광역시 중구 인중로34번길 10,400103,22329,,,,126.639395758039,37.463876859136
MA010120220802084107,한신타이루,,G2,소매,G210,철물·건설자재 소매,G21099,기타 건설/건축자재 소매업,G47519,"페인트, 창호 및 기타 건설자재 소매업",28,인천광역시,28177,미추홀구,28177550,용현2동,2817710200,용현동,2817710200105580029,1,대지,558,29,인천광역시 미추홀구 용현동 558-29,281774253461,인천광역시 미추홀구 아암대로45번길,93,,2817010200105580029131753,,인천광역시 미추홀구 아암대로45번길 93,402833,22185,,,,126.640521980026,37.4552936876577
MA010120220802053402,가람브러쉬,,G2,소매,G210,철물·건설자재 소매,G21099,기타 건설/건축자재 소매업,G47519,"페인트, 창호 및 기타 건설자재 소매업",41,경기도,41480,파주시,41480320,탄현면,4148032025,탄현면,4148032025100880005,1,대지,88,5,경기도 파주시 탄현면 대동리 88-5,414803206046,경기도 파주시 탄현면 새오리로,167,47,4148032025100880005000001,,경기도 파주시 탄현면 새오리로 167-47,413842,10858,,,,126.686775150565,37.7997090052494
MA010120220802067533,두천건설주,,G2,소매,G210,철물·건설자재 소매,G21099,기타 건설/건축자재 소매업,G47519,"페인트, 창호 및 기타 건설자재 소매업",41,경기도,41192,부천시 원미구,41192690,상2동,4119210900,상동,4119210900105460006,1,대지,546,6,경기도 부천시 원미구 상동 546-6,411923184007,경기도 부천시 원미구 소향로,25,,4119510900105460006033192,서해프라자,경기도 부천시 원미구 소향로 25,420864,14544,,,,126.750658344274,37.5039614524225
MA010120220802092408,경인건재,,G2,소매,G210,철물·건설자재 소매,G21099,기타 건설/건축자재 소매업,G47519,"페인트, 창호 및 기타 건설자재 소매업",28,인천광역시,28177,미추홀구,28177610,도화2.3동,2817710400,도화동,2817710400100160017,1,대지,16,17,인천광역시 미추홀구 도화동 16-17,281773151032,인천광역시 미추홀구 연송로,56,,2817010500100160017173231,,인천광역시 미추홀구 연송로 56,402803,22110,,,,126.656119057316,37.4774868533011
MA010120220803728115,대원창호,,G2,소매,G210,철물·건설자재 소매,G21099,기타 건설/건축자재 소매업,G47519,"페인트, 창호 및 기타 건설자재 소매업",11,서울특별시,11200,성동구,11200540,마장동,1120010500,마장동,1120010500104580014,1,대지,458,14,서울특별시 성동구 마장동 458-14,112004109525,서울특별시 성동구 청계천로10나길,32,,1120010500104580014020449,,서울특별시 성동구 청계천로10나길 32,133812,04704,,,,127.034784871783,37.5698573635501
MA010120220803718134,용인건재,,G2,소매,G210,철물·건설자재 소매,G21099,기타 건설/건축자재 소매업,G47519,"페인트, 창호 및 기타 건설자재 소매업",11,서울특별시,11230,동대문구,11230650,장안1동,1123010600,장안동,1123010600101690002,1,대지,169,2,서울특별시 동대문구 장안동 169-2,112304115100,서울특별시 동대문구 답십리로66길,32,,1123010600101690002016929,,서울특별시 동대문구 답십리로66길 32,130837,02623,,,,127.067646681223,37.5712486598197
MA010120220803688241,쿠타,,G2,소매,G210,철물·건설자재 소매,G21099,기타 건설/건축자재 소매업,G47519,"페인트, 창호 및 기타 건설자재 소매업",11,서울특별시,11170,용산구,11170625,한강로동,1117012800,한강로3가,1117012800100160091,1,대지,16,91,서울특별시 용산구 한강로3가 16-91,111703102008,서울특별시 용산구 이촌로,5,,1117012800100160091011448,한강그랜드오피스텔,서울특별시 용산구 이촌로 5,140879,04373,,,,126.955050833585,37.5311200128408
MA010120220803697440,중앙판넬,,G2,소매,G210,철물·건설자재 소매,G21099,기타 건설/건축자재 소매업,G47519,"페인트, 창호 및 기타 건설자재 소매업",11,서울특별시,11290,성북구,11290810,석관동,1129013900,석관동,1129013900101680034,1,대지,168,34,서울특별시 성북구 석관동 168-34,112903005046,서울특별시 성북구 화랑로,316,,1129013900101680034007985,,서울특별시 성북구 화랑로 316,136817,02781,,1,,127.063290840617,37.614021156751
MA010120220803740243,라이프인,,G2,소매,G210,철물·건설자재 소매,G21099,기타 건설/건축자재 소매업,G47519,"페인트, 창호 및 기타 건설자재 소매업",11,서울특별시,11215,광진구,11215860,구의2동,1121510300,구의동,1121510300106190018,1,대지,619,18,서울특별시 광진구 구의동 619-18,112154112439,서울특별시 광진구 자양로35길,15,,1121510300106190018010151,,서울특별시 광진구 자양로35길 15,143833,04993,,,,127.086330628767,37.5473690702977
MA010120220803786249,명선상회,,G2,소매,G210,철물·건설자재 소매,G21099,기타 건설/건축자재 소매업,G47519,"페인트, 창호 및 기타 건설자재 소매업",27,대구광역시,27290,달서구,27290568,장기동,2729011000,장기동,2729011000105580011,1,대지,558,11,대구광역시 달서구 장기동 558-11,272904241447,대구광역시 달서구 용산로14길,24,,2729011000105580011000001,,대구광역시 달서구 용산로14길 24,704945,42690,,,,128.532028318742,35.8429003935916
MA010120220803842260,대한철물열쇠,,G2,소매,G210,철물·건설자재 소매,G21099,기타 건설/건축자재 소매업,G47519,"페인트, 창호 및 기타 건설자재 소매업",11,서울특별시,11380,은평구,11380625,역촌동,1138010800,역촌동,1138010800100280072,1,대지,28,72,서울특별시 은평구 역촌동 28-72,113803100020,서울특별시 은평구 진흥로,65,,1138010800100280072018059,,서울특별시 은평구 진흥로 65,122897,03405,,1,,126.920886845877,37.602956471407
MA010120220803828755,미가건축,,G2,소매,G210,철물·건설자재 소매,G21099,기타 건설/건축자재 소매업,G47519,"페인트, 창호 및 기타 건설자재 소매업",11,서울특별시,11410,서대문구,11410700,남가좌2동,1141012000,남가좌동,1141012000100050115,1,대지,5,115,서울특별시 서대문구 남가좌동 5-115,114104136078,서울특별시 서대문구 명지대5길,25,,1141012000100050115004418,,서울특별시 서대문구 명지대5길 25,120800,03672,,1,,126.921961178856,37.5827028930474
MA010120220803855558,한성,,G2,소매,G210,철물·건설자재 소매,G21099,기타 건설/건축자재 소매업,G47519,"페인트, 창호 및 기타 건설자재 소매업",44,충청남도,44825,태안군,44825330,근흥면,4482533026,근흥면,4482533026106660054,1,대지,666,54,충청남도 태안군 근흥면 도황리 666-54,448253264002,충청남도 태안군 근흥면 근흥로,978,24,4482533026106660054000001,,충청남도 태안군 근흥면 근흥로 978-24,357942,32130,,,,126.204492248499,36.7036364683931
MA010120220805260760,서울건재,,G2,소매,G210,철물·건설자재 소매,G21099,기타 건설/건축자재 소매업,G47519,"페인트, 창호 및 기타 건설자재 소매업",51,강원특별자치도,51810,인제군,51810320,북면,5181032021,북면,5181032021104960014,1,대지,496,14,강원특별자치도 인제군 북면 원통리 496-14,518103233019,강원특별자치도 인제군 북면 원통로,236,,4281032021004960014011749,,강원특별자치도 인제군 북면 원통로 236,252822,24616,,,,128.209298837886,38.1243367295538
MA010120220805267748,가온이엔씨,,G2,소매,G210,철물·건설자재 소매,G21099,기타 건설/건축자재 소매업,G47519,"페인트, 창호 및 기타 건설자재 소매업",51,강원특별자치도,51190,태백시,51190540,상장동,5119010100,황지동,5119010100101720017,1,대지,172,17,강원특별자치도 태백시 황지동 172-17,511904466228,강원특별자치도 태백시 함태길,114,,4219010100101720017002455,,강원특별자치도 태백시 함태길 114,235800,26036,,102,,128.986022088726,37.146099539493
MA010120220805243288,대설종합건재사,,G2,소매,G210,철물·건설자재 소매,G21099,기타 건설/건축자재 소매업,G47519,"페인트, 창호 및 기타 건설자재 소매업",52,전북특별자치도,52111,전주시 완산구,52111605,노송동,5211114700,서노송동,5211114700106600045,1,대지,660,45,전북특별자치도 전주시 완산구 서노송동 660-45,521113266077,전북특별자치도 전주시 완산구 팔달로,290,,4511114700106600045020968,,전북특별자치도 전주시 완산구 팔달로 290,560913,54993,,,,127.143095370431,35.8278068745068
MA010120220805289422,하나로종합건재,,G2,소매,G210,철물·건설자재 소매,G21099,기타 건설/건축자재 소매업,G47519,"페인트, 창호 및 기타 건설자재 소매업",52,전북특별자치도,52140,익산시,52140690,삼성동,5214013200,임상동,5214013200102530008,1,대지,253,8,전북특별자치도 익산시 임상동 253-8,521404608338,전북특별자치도 익산시 하나로15길,1,,4514013200102530008000004,,전북특별자치도 익산시 하나로15길 1,570380,54531,,,,126.978121120679,35.9871675652923
MA010120220805331450,김하성,,G2,소매,G210,철물·건설자재 소매,G21099,기타 건설/건축자재 소매업,G47519,"페인트, 창호 및 기타 건설자재 소매업",29,광주광역시,29170,북구,29170650,문화동,2917011200,문흥동,2917011200109290006,1,대지,929,6,광주광역시 북구 문흥동 929-6,291704286679,광주광역시 북구 중문로84번길,68,,2917011200109290006035766,,광주광역시 북구 중문로84번길 68,500110,61172,,,,126.924337640765,35.1790436190294
MA010120220805334845,랜드컴,강릉지점,G2,소매,G210,철물·건설자재 소매,G21099,기타 건설/건축자재 소매업,G47519,"페인트, 창호 및 기타 건설자재 소매업",51,강원특별자치도,51150,강릉시,51150572,포남2동,5115011100,포남동,5115011100112930002,1,대지,1293,2,강원특별자치도 강릉시 포남동 1293-2,511504460997,강원특별자치도 강릉시 하평2길,6,,4215011100112930002019699,청송아파트,강원특별자치도 강릉시 하평2길 6,210737,25567,,,,128.912591026745,37.7707800283086
MA010120220805357207,데코라인몰딩취급점,,G2,소매,G210,철물·건설자재 소매,G21099,기타 건설/건축자재 소매업,G47519,"페인트, 창호 및 기타 건설자재 소매업",47,경상북도,47230,영천시,47230520,중앙동,4723010800,과전동,4723010800101230006,1,대지,123,6,경상북도 영천시 과전동 123-6,472303018036,경상북도 영천시 천문로,319,1,4723010800101240001012053,,경상북도 영천시 천문로 319-1,770040,38847,,2,,128.931493970206,35.9663041337027
MA010120220805360589,한샘종합상사,,G2,소매,G210,철물·건설자재 소매,G21099,기타 건설/건축자재 소매업,G47519,"페인트, 창호 및 기타 건설자재 소매업",27,대구광역시,27230,북구,27230725,태전1동,2723012600,태전동,2723012600110660003,1,대지,1066,3,대구광역시 북구 태전동 1066-3,272303145035,대구광역시 북구 영송로,69,37,2723012600110660003045163,,대구광역시 북구 영송로 69-37,702868,41450,,2,,128.542719477736,35.9324998687156
MA010120220805382644,백수,,G2,소매,G210,철물·건설자재 소매,G21099,기타 건설/건축자재 소매업,G47519,"페인트, 창호 및 기타 건설자재 소매업",48,경상남도,48240,사천시,48240330,용현면,4824033022,용현면,4824033022101220015,1,대지,122,15,경상남도 사천시 용현면 선진리 122-15,482404802372,경상남도 사천시 용현면 선진공원길,62,,4824033022101220015000001,,경상남도 사천시 용현면 선진공원길 62,664953,52537,,,,128.061486985187,35.0424815300064
MA010120220805385354,홈앤톤즈,,G2,소매,G210,철물·건설자재 소매,G21099,기타 건설/건축자재 소매업,G47519,"페인트, 창호 및 기타 건설자재 소매업",11,서울특별시,11110,종로구,11110615,종로1.2.3.4가동,1111015100,묘동,1111015100101260000,1,대지,126,,서울특별시 종로구 묘동 126,111103100003,서울특별시 종로구 돈화문로,58,1,1111015100101260000015630,,서울특별시 종로구 돈화문로 58-1,110370,03134,,1,,126.991396717582,37.5737724935638
MA010120220806735690,경기소방산업,,G2,소매,G210,철물·건설자재 소매,G21099,기타 건설/건축자재 소매업,G47519,"페인트, 창호 및 기타 건설자재 소매업",41,경기도,41171,안양시 만안구,41171560,안양6동,4117110100,안양동,4117110100105280013,1,대지,528,13,경기도 안양시 만안구 안양동 528-13,411713182003,경기도 안양시 만안구 만안로,49,,4117110100105280013010441,호정타워,경기도 안양시 만안구 만안로 49,430715,14034,,,,126.933557419713,37.3877318100079
MA010120220806756767,플랜A컴퍼니,,G2,소매,G210,철물·건설자재 소매,G21099,기타 건설/건축자재 소매업,G47519,"페인트, 창호 및 기타 건설자재 소매업",50,제주특별자치도,50110,제주시,50110550,삼도1동,5011010500,삼도일동,5011010500105290010,1,대지,529,10,제주특별자치도 제주시 삼도일동 529-10,501103349176,제주특별자치도 제주시 전농로,56,,5011010500105290010035468,,제주특별자치도 제주시 전농로 56,690812,63176,,,,126.519094059836,33.5043006519829
MA010120220806725427,건우,,G2,소매,G210,철물·건설자재 소매,G21099,기타 건설/건축자재 소매업,G47519,"페인트, 창호 및 기타 건설자재 소매업",30,대전광역시,30170,서구,30170630,둔산1동,3017011200,둔산동,3017011200113800001,1,대지,1380,1,대전광역시 서구 둔산동 1380-1,301703166020,대전광역시 서구 둔산북로,121,,3017011200113800001020666,아너스빌,대전광역시 서구 둔산북로 121,302831,35236,,,,127.387871354845,36.3563056087698
MA010120220806737241,푸른꿈,,G2,소매,G210,철물·건설자재 소매,G21099,기타 건설/건축자재 소매업,G47519,"페인트, 창호 및 기타 건설자재 소매업",43,충청북도,43111,청주시 상당구,43111690,용담.명암.산성동,4311112100,용담동,4311112100101560003,1,대지,156,3,충청북도 청주시 상당구 용담동 156-3,431113236013,충청북도 청주시 상당구 당산로,70,,4311112100101560003000001,,충청북도 청주시 상당구 당산로 70,360190,28520,,,,127.502883538747,36.6345211249331
MA010120220806762715,경신철물건재,,G2,소매,G210,철물·건설자재 소매,G21099,기타 건설/건축자재 소매업,G47519,"페인트, 창호 및 기타 건설자재 소매업",11,서울특별시,11650,서초구,11650540,잠원동,1165010600,잠원동,1165010600100480004,1,대지,48,4,서울특별시 서초구 잠원동 48-4,116504163456,서울특별시 서초구 신반포로41길,35,,1165010600100480004019499,,서울특별시 서초구 신반포로41길 35,137906,06529,,1,,127.016185578944,37.5113684648031
MA010120220806741319,크린월드,,G2,소매,G210,철물·건설자재 소매,G21099,기타 건설/건축자재 소매업,G47519,"페인트, 창호 및 기타 건설자재 소매업",41,경기도,41271,안산시 상록구,41271600,반월동,4127111000,팔곡일동,4127111000100600004,1,대지,60,4,경기도 안산시 상록구 팔곡일동 60-4,412714370065,경기도 안산시 상록구 남산평길,135,,4127111000100600004020263,,경기도 안산시 상록구 남산평길 135,426200,15520,,,,126.891759518727,37.313248950359
MA010120220806765759,담아에스피씨,,G2,소매,G210,철물·건설자재 소매,G21099,기타 건설/건축자재 소매업,G47519,"페인트, 창호 및 기타 건설자재 소매업",41,경기도,41630,양주시,41630320,남면,4163032024,남면,4163032024100150001,1,대지,15,1,경기도 양주시 남면 구암리 15-1,416303012060,경기도 양주시 남면 감악산로,200,25,4163032024100150001000001,,경기도 양주시 남면 감악산로 200-25,482872,11406,,,,126.98131208808,37.8834351004695
MA010120220806785834,와이디파워,,G2,소매,G210,철물·건설자재 소매,G21099,기타 건설/건축자재 소매업,G47519,"페인트, 창호 및 기타 건설자재 소매업",11,서울특별시,11680,강남구,11680565,청담동,1168010400,청담동,1168010400100710025,1,대지,71,25,서울특별시 강남구 청담동 71-25,116804166828,서울특별시 강남구 학동로97길,20,,1168010400100710025018626,,서울특별시 강남구 학동로97길 20,135953,06072,,2,,127.055520040921,37.5211414240479
MA010120220806814216,싸멕,,G2,소매,G210,철물·건설자재 소매,G21099,기타 건설/건축자재 소매업,G47519,"페인트, 창호 및 기타 건설자재 소매업",41,경기도,41463,용인시 기흥구,41463560,구성동,4146311400,청덕동,4146311400105550007,1,대지,555,7,경기도 용인시 기흥구 청덕동 555-7,414633204011,경기도 용인시 기흥구 구성2로,18,21,4146311400105550007000001,골드빌,경기도 용인시 기흥구 구성2로 18-21,446915,16914,,3,,127.148021544661,37.2925451352306
MA010120220806812145,지누디자인,,G2,소매,G210,철물·건설자재 소매,G21099,기타 건설/건축자재 소매업,G47519,"페인트, 창호 및 기타 건설자재 소매업",27,대구광역시,27140,동구,27140620,불로.봉무동,2714010600,불로동,2714010600109470000,1,대지,947,,대구광역시 동구 불로동 947,271404226010,대구광역시 동구 공항로31길,9,8,2714010600109470000001242,주,대구광역시 동구 공항로31길 9-8,701807,41039,,,,128.629655935779,35.901793801703
MA010120220806845323,다인아이앤씨,,G2,소매,G210,철물·건설자재 소매,G21099,기타 건설/건축자재 소매업,G47519,"페인트, 창호 및 기타 건설자재 소매업",41,경기도,41210,광명시,41210655,일직동,4121010600,일직동,4121010600105150001,1,대지,515,1,경기도 광명시 일직동 515-1,412103351807,경기도 광명시 새빛공원로,67,,4121010600105150001000001,,경기도 광명시 새빛공원로 67,423090,14348,,14,,126.888386922471,37.4196750177163
MA010120220806875652,에이치에스,,G2,소매,G210,철물·건설자재 소매,G21099,기타 건설/건축자재 소매업,G47519,"페인트, 창호 및 기타 건설자재 소매업",43,충청북도,43800,단양군,43800310,대강면,4380031033,대강면,4380031033100070000,1,대지,7,,충청북도 단양군 대강면 두음리 7,438004544392,충청북도 단양군 대강면 용부원길,82,48,4380031033100070000002871,,충청북도 단양군 대강면 용부원길 82-48,395813,27027,,,,128.378092302829,36.9100346435803
MA010120220806887581,서우건축,,G2,소매,G210,철물·건설자재 소매,G21099,기타 건설/건축자재 소매업,G47519,"페인트, 창호 및 기타 건설자재 소매업",48,경상남도,48129,창원시 진해구,48129540,여좌동,4812913700,여좌동,4812913700101270023,1,대지,127,23,경상남도 창원시 진해구 여좌동 127-23,481294793227,경상남도 창원시 진해구 여좌남로49번길,2,,4812913700101270023011364,,경상남도 창원시 진해구 여좌남로49번길 2,645806,51690,,,,128.661359396724,35.1550646527235
MA010120220806880329,충남석물공장,,G2,소매,G210,철물·건설자재 소매,G21099,기타 건설/건축자재 소매업,G47519,"페인트, 창호 및 기타 건설자재 소매업",46,전라남도,46900,진도군,46900250,진도읍,4690025025,진도읍,4690025025104530027,1,대지,453,27,전라남도 진도군 진도읍 남동리 453-27,469004703066,전라남도 진도군 진도읍 남산1길,29,10,4690025025104530027000001,,전라남도 진도군 진도읍 남산1길 29-10,539802,58928,,,,126.260414294483,34.4756054933601
MA010120220806880759,대종기업,,G2,소매,G210,철물·건설자재 소매,G21099,기타 건설/건축자재 소매업,G47519,"페인트, 창호 및 기타 건설자재 소매업",46,전라남도,46790,화순군,46790360,도곡면,4679036022,도곡면,4679036022103210000,1,대지,321,,전라남도 화순군 도곡면 효산리 321,467903291002,전라남도 화순군 도곡면 고인돌1로,282,4,4679036022103210000000001,,전라남도 화순군 도곡면 고인돌1로 282-4,519833,58154,,,,126.919962156843,34.9944762340949
MA010120220808184969,새남도석재,,G2,소매,G210,철물·건설자재 소매,G21099,기타 건설/건축자재 소매업,G47519,"페인트, 창호 및 기타 건설자재 소매업",46,전라남도,46820,해남군,46820350,북평면,4682035023,북평면,4682035023103630007,1,대지,363,7,전라남도 해남군 북평면 서홍리 363-7,468204682081,전라남도 해남군 북평면 남부아랫길,252,,4682035023200970002000004,,전라남도 해남군 북평면 남부아랫길 252,536931,59056,,,,126.608970160044,34.3628131782525
MA010120220808194929,세경부자재,,G2,소매,G210,철물·건설자재 소매,G21099,기타 건설/건축자재 소매업,G47519,"페인트, 창호 및 기타 건설자재 소매업",51,강원특별자치도,51720,홍천군,51720250,홍천읍,5172025033,홍천읍,5172025033100810018,1,대지,81,18,강원특별자치도 홍천군 홍천읍 상오안리 81-18,517203000146,강원특별자치도 홍천군 홍천읍 설악로,1008,,4272025033100810018010122,,강원특별자치도 홍천군 홍천읍 설악로 1008,250920,25117,,,,127.82533629789,37.6562811089834
MA010120220808228747,위드자동문,,G2,소매,G210,철물·건설자재 소매,G21099,기타 건설/건축자재 소매업,G47519,"페인트, 창호 및 기타 건설자재 소매업",41,경기도,41450,하남시,41450610,미사1동,4145010900,망월동,4145010900111430001,1,대지,1143,1,경기도 하남시 망월동 1143-1,414502000019,경기도 하남시 미사대로,410,,4145010900111430001000001,미사강변오벨리스크,경기도 하남시 미사대로 410,465150,12912,,,,127.197109385059,37.5666075292488
MA010120220808249603,대진산업,,G2,소매,G210,철물·건설자재 소매,G21099,기타 건설/건축자재 소매업,G47519,"페인트, 창호 및 기타 건설자재 소매업",43,충청북도,43740,영동군,43740250,영동읍,4374025034,영동읍,4374025034104510003,1,대지,451,3,충청북도 영동군 영동읍 주곡리 451-3,437403243060,충청북도 영동군 영동읍 회동로,46,,4374025034104510003001028,,충청북도 영동군 영동읍 회동로 46,370801,29141,,,,127.810525403614,36.1684195282758
MA010120220808231741,우원산업,,G2,소매,G210,철물·건설자재 소매,G21099,기타 건설/건축자재 소매업,G47519,"페인트, 창호 및 기타 건설자재 소매업",41,경기도,41610,광주시,41610560,광남1동,4161010800,중대동,4161010800101740000,1,대지,174,,경기도 광주시 중대동 174,416102012002,경기도 광주시 경충대로,1975,,4161010800101740000259065,,경기도 광주시 경충대로 1975,464080,12768,,,,127.222781432149,37.4030561977561
MA010120220808229315,화인,,G2,소매,G210,철물·건설자재 소매,G21099,기타 건설/건축자재 소매업,G47519,"페인트, 창호 및 기타 건설자재 소매업",47,경상북도,47113,포항시 북구,47113250,흥해읍,4711325049,흥해읍,4711325049100140004,1,대지,14,4,경상북도 포항시 북구 흥해읍 이인리 14-4,471133304004,경상북도 포항시 북구 흥해읍 달전로,394,38,4711325049100140004040991,,경상북도 포항시 북구 흥해읍 달전로 394-38,791944,37566,,,,129.342896017921,36.0765453021487
MA010120220808231918,광개토건설,,G2,소매,G210,철물·건설자재 소매,G21099,기타 건설/건축자재 소매업,G47519,"페인트, 창호 및 기타 건설자재 소매업",47,경상북도,47250,상주시,47250390,모서면,4725039021,모서면,4725039021101150000,1,대지,115,,경상북도 상주시 모서면 삼포리 115,472503311021,경상북도 상주시 모서면 백화로,1430,,4725039021101160001067388,,경상북도 상주시 모서면 백화로 1430,742891,37275,,,,127.965349693744,36.3414198073425
MA010120220808218796,고려페인트사,,G2,소매,G210,철물·건설자재 소매,G21099,기타 건설/건축자재 소매업,G47519,"페인트, 창호 및 기타 건설자재 소매업",41,경기도,41250,동두천시,41250510,생연1동,4125010300,생연동,4125010300104950022,1,대지,495,22,경기도 동두천시 생연동 495-22,412503215066,경기도 동두천시 평화로,2486,1,4125010300104950022007068,,경기도 동두천시 평화로 2486-1,483031,11312,,,,127.058437593327,37.9097747287121
MA010120220808234674,미담테크,,G2,소매,G210,철물·건설자재 소매,G21099,기타 건설/건축자재 소매업,G47519,"페인트, 창호 및 기타 건설자재 소매업",41,경기도,41271,안산시 상록구,41271510,일동,4127110100,일동,4127110100105730009,1,대지,573,9,경기도 안산시 상록구 일동 573-9,412713190048,경기도 안산시 상록구 식물원로,24,,4127110100105730009040050,,경기도 안산시 상록구 식물원로 24,426859,15322,,,,126.862999503027,37.3159763132092
MA010120220808276360,바우하우스,,G2,소매,G210,철물·건설자재 소매,G21099,기타 건설/건축자재 소매업,G47519,"페인트, 창호 및 기타 건설자재 소매업",47,경상북도,47920,봉화군,47920330,법전면,4792033025,법전면,4792033025103370002,1,대지,337,2,경상북도 봉화군 법전면 눌산리 337-2,479204772150,경상북도 봉화군 법전면 방고개길,62,131,4792033025103370002000001,,경상북도 봉화군 법전면 방고개길 62-131,755831,36224,,,,128.975971036095,36.894511538905
MA010120220808284676,동아건업,,G2,소매,G210,철물·건설자재 소매,G21099,기타 건설/건축자재 소매업,G47519,"페인트, 창호 및 기타 건설자재 소매업",47,경상북도,47190,구미시,47190535,원평동,4719010100,원평동,4719010100101950003,1,대지,195,3,경상북도 구미시 원평동 195-3,471903305077,경상북도 구미시 산업로,131,,4719010100101950003014695,,경상북도 구미시 산업로 131,730922,39216,,,,128.337043588715,36.1312923865181
MA010120220808286342,와이제이엔터프라이즈,,G2,소매,G210,철물·건설자재 소매,G21099,기타 건설/건축자재 소매업,G47519,"페인트, 창호 및 기타 건설자재 소매업",41,경기도,41610,광주시,41610330,도척면,4161033022,도척면,4161033022102200001,1,대지,220,1,경기도 광주시 도척면 유정리 220-1,416103012064,경기도 광주시 도척면 마도로,265,16,4161033022102200001000001,,경기도 광주시 도척면 마도로 265-16,464955,12817,,,,127.330074380342,37.2940245748604
MA010120220808310401,에이치.디산업,,G2,소매,G210,철물·건설자재 소매,G21099,기타 건설/건축자재 소매업,G47519,"페인트, 창호 및 기타 건설자재 소매업",48,경상남도,48890,합천군,48890410,대양면,4889041021,대양면,4889041021101040001,1,대지,104,1,경상남도 합천군 대양면 정양리 104-1,488903348044,경상남도 합천군 대양면 동부로,11,,4889041021101040001031060,,경상남도 합천군 대양면 동부로 11,678942,50239,,,,128.163220336047,35.5562588230151
MA010120220808337766,제대로,,G2,소매,G210,철물·건설자재 소매,G21099,기타 건설/건축자재 소매업,G47519,"페인트, 창호 및 기타 건설자재 소매업",41,경기도,41570,김포시,41570256,양촌읍,4157025621,양촌읍,4157025621112960018,1,대지,1296,18,경기도 김포시 양촌읍 양곡리 1296-18,415704427392,경기도 김포시 양촌읍 양곡2로60번길,46,,4157032021112730018000001,제,경기도 김포시 양촌읍 양곡2로60번길 46,415845,10060,,,,126.629862634492,37.6569299714277
MA010120220809688351,경산,,G2,소매,G210,철물·건설자재 소매,G21099,기타 건설/건축자재 소매업,G47519,"페인트, 창호 및 기타 건설자재 소매업",30,대전광역시,30230,대덕구,30230533,비래동,3023011000,비래동,3023011000101390010,1,대지,139,10,대전광역시 대덕구 비래동 139-10,302304304230,대전광역시 대덕구 비래동로16번길,13,,3023011000101390010018024,,대전광역시 대덕구 비래동로16번길 13,306828,34418,,2,,127.450668098256,36.3552471736734
MA010120220809701370,후광산업,,G2,소매,G210,철물·건설자재 소매,G21099,기타 건설/건축자재 소매업,G47519,"페인트, 창호 및 기타 건설자재 소매업",41,경기도,41590,화성시,41590262,남양읍,4159026223,남양읍,4159026223105980011,1,대지,598,11,경기도 화성시 남양읍 장덕리 598-11,415904431108,경기도 화성시 남양읍 장덕북길145번길,62,,4159026223105980011000001,,경기도 화성시 남양읍 장덕북길145번길 62,445869,18281,,,,126.797363064378,37.1650563265338
MA010120220809756361,해성테크,,G2,소매,G210,철물·건설자재 소매,G21099,기타 건설/건축자재 소매업,G47519,"페인트, 창호 및 기타 건설자재 소매업",41,경기도,41390,시흥시,41390591,정왕1동,4139013200,정왕동,4139013200116200002,1,대지,1620,2,경기도 시흥시 정왕동 1620-2,413904397276,경기도 시흥시 봉우재로11번길,15,1,4139013200116200002014742,,경기도 시흥시 봉우재로11번길 15-1,429857,15056,,,,126.741174483625,37.3450199852812
MA010120220809746790,토탈해창바스,,G2,소매,G210,철물·건설자재 소매,G21099,기타 건설/건축자재 소매업,G47519,"페인트, 창호 및 기타 건설자재 소매업",30,대전광역시,30170,서구,30170586,월평1동,3017011300,월평동,3017011300104570000,1,대지,457,,대전광역시 서구 월평동 457,301704298521,대전광역시 서구 월평로31번길,6,,3017011300104570000020550,,대전광역시 서구 월평로31번길 6,302852,35221,,,,127.360789733457,36.3568770833841
MA010120220809724533,삼백종합상사,,G2,소매,G210,철물·건설자재 소매,G21099,기타 건설/건축자재 소매업,G47519,"페인트, 창호 및 기타 건설자재 소매업",47,경상북도,47250,상주시,47250550,동문동,4725010600,서성동,4725010600100260004,1,대지,26,4,경상북도 상주시 서성동 26-4,472503311028,경상북도 상주시 삼백로,163,,4725010600100260004087442,,경상북도 상주시 삼백로 163,742050,37179,,1,,128.161583284629,36.4189540604049
MA010120220809797694,휴텍,,G2,소매,G210,철물·건설자재 소매,G21099,기타 건설/건축자재 소매업,G47519,"페인트, 창호 및 기타 건설자재 소매업",51,강원특별자치도,51110,춘천시,51110640,효자3동,5111011200,효자동,5111011200106540003,1,대지,654,3,강원특별자치도 춘천시 효자동 654-3,511103218037,강원특별자치도 춘천시 춘천로,188,,4211011200106540009000001,메가시티,강원특별자치도 춘천시 춘천로 188,200093,24329,,,,127.735379331844,37.8762567244143
MA010120220809805881,다함이엔지,,G2,소매,G210,철물·건설자재 소매,G21099,기타 건설/건축자재 소매업,G47519,"페인트, 창호 및 기타 건설자재 소매업",41,경기도,41500,이천시,41500253,부발읍,4150025330,부발읍,4150025330106700005,1,대지,670,5,경기도 이천시 부발읍 아미리 670-5,415004421027,경기도 이천시 부발읍 경충대로2092번길,31,,4150025330106700005005111,이천아미리슈빌에스,경기도 이천시 부발읍 경충대로2092번길 31,467866,17332,,,,127.491429813304,37.2526118247532
MA010120220809804223,무등건축자재,,G2,소매,G210,철물·건설자재 소매,G21099,기타 건설/건축자재 소매업,G47519,"페인트, 창호 및 기타 건설자재 소매업",29,광주광역시,29140,서구,29140800,서창동,2914012600,세하동,2914012600109340052,1,대지,934,52,광주광역시 서구 세하동 934-52,291404280445,광주광역시 서구 풍서좌로253번길,26,,2914012600109340006000005,,광주광역시 서구 풍서좌로253번길 26,502151,62076,,,,126.84108281536,35.1259540436272
MA010120220809776688,현대샷시,,G2,소매,G210,철물·건설자재 소매,G21099,기타 건설/건축자재 소매업,G47519,"페인트, 창호 및 기타 건설자재 소매업",48,경상남도,48129,창원시 진해구,48129590,이동,4812914100,이동,4812914100100620205,1,대지,62,205,경상남도 창원시 진해구 이동 62-205,481293331067,경상남도 창원시 진해구 충장로,453,,4812914100100620205019000,,경상남도 창원시 진해구 충장로 453,645807,51663,,,,128.699007422889,35.1486393970003
MA010120220809793332,우드리움,,G2,소매,G210,철물·건설자재 소매,G21099,기타 건설/건축자재 소매업,G47519,"페인트, 창호 및 기타 건설자재 소매업",48,경상남도,48730,함안군,48730350,칠서면,4873035022,칠서면,4873035022110390001,1,대지,1039,1,경상남도 함안군 칠서면 무릉리 1039-1,487304820408,경상남도 함안군 칠서면 운서천길,15,,4873035022111730030013975,,경상남도 함안군 칠서면 운서천길 15,637942,52015,,2,,128.513216268807,35.3147774187197
MA010120220809768500,티에스아이,,G2,소매,G210,철물·건설자재 소매,G21099,기타 건설/건축자재 소매업,G47519,"페인트, 창호 및 기타 건설자재 소매업",41,경기도,41173,안양시 동안구,41173566,부림동,4117310200,관양동,4117310200116050000,1,대지,1605,,경기도 안양시 동안구 관양동 1605,411733183003,경기도 안양시 동안구 관평로,176,,4117310200116050000004832,한솔센트럴파크,경기도 안양시 동안구 관평로 176,431815,14066,,,,126.960915677133,37.3924383458169
MA010120220809846293,한샘리하우스대구K,대리점,G2,소매,G210,철물·건설자재 소매,G21099,기타 건설/건축자재 소매업,G47519,"페인트, 창호 및 기타 건설자재 소매업",27,대구광역시,27230,북구,27230735,태전2동,2723012600,태전동,2723012600110310007,1,대지,1031,7,대구광역시 북구 태전동 1031-7,272302145001,대구광역시 북구 칠곡중앙대로,360,,2723012600110310007041923,,대구광역시 북구 칠곡중앙대로 360,702866,41461,,2,,128.547922985705,35.9277379270396
MA010120220809833598,브라더산업,,G2,소매,G210,철물·건설자재 소매,G21099,기타 건설/건축자재 소매업,G47519,"페인트, 창호 및 기타 건설자재 소매업",47,경상북도,47130,경주시,47130380,천북면,4713038023,천북면,4713038023200540001,2,산,54,1,경상북도 경주시 천북면 갈곡리 산54-1,471304715013,경상북도 경주시 천북면 갈곡삼막길,51,,4713038023200540001000001,,경상북도 경주시 천북면 갈곡삼막길 51,780871,38036,,,,129.291026621711,35.8854979207036
MA010120220809828280,대동건설,,G2,소매,G210,철물·건설자재 소매,G21099,기타 건설/건축자재 소매업,G47519,"페인트, 창호 및 기타 건설자재 소매업",41,경기도,41480,파주시,41480520,금촌2동,4148010100,금촌동,4148010100109870005,1,대지,987,5,경기도 파주시 금촌동 987-5,414803206160,경기도 파주시 금빛로,44,1,4148010100109870005005591,힘찬프라자,경기도 파주시 금빛로 44-1,413826,10915,,,,126.767892131628,37.7522989219821
MA010120220809836791,아이앤비컨설팅,,G2,소매,G210,철물·건설자재 소매,G21099,기타 건설/건축자재 소매업,M71531,경영 컨설팅업,11,서울특별시,11500,강서구,11500603,가양1동,1150010500,마곡동,1150010500107740009,1,대지,774,9,서울특별시 강서구 마곡동 774-9,115003155054,서울특별시 강서구 마곡중앙6로,42,,1150010500107740009000001,사이언스타,서울특별시 강서구 마곡중앙6로 42,157805,07802,,11,,126.832085601289,37.5601114356851
MA010120220809815341,시스타트레이딩,,G2,소매,G210,철물·건설자재 소매,G21099,기타 건설/건축자재 소매업,G47519,"페인트, 창호 및 기타 건설자재 소매업",11,서울특별시,11260,중랑구,11260565,면목본동,1126010100,면목동,1126010100101100026,1,대지,110,26,서울특별시 중랑구 면목동 110-26,112604118239,서울특별시 중랑구 면목로64길,28,,1126010100101100026021037,,서울특별시 중랑구 면목로64길 28,131814,02206,,,,127.090598182671,37.5858924467936
MA010120220800012071,대화건재,,G2,소매,G210,철물·건설자재 소매,G21099,기타 건설/건축자재 소매업,G47519,"페인트, 창호 및 기타 건설자재 소매업",11,서울특별시,11110,종로구,11110600,가회동,1111014700,재동,1111014700100440002,1,대지,44,2,서울특별시 종로구 재동 44-2,111104100110,서울특별시 종로구 북촌로4길,2,,1111014700100620000018104,,서울특별시 종로구 북촌로4길 2,110260,03059,,2,,126.985384724099,37.5789706402436
MA010120220800002668,강호건재,,G2,소매,G210,철물·건설자재 소매,G21099,기타 건설/건축자재 소매업,G47519,"페인트, 창호 및 기타 건설자재 소매업",11,서울특별시,11110,종로구,11110670,창신1동,1111017400,창신동,1111017400103950008,1,대지,395,8,서울특별시 종로구 창신동 395-8,111103005007,서울특별시 종로구 지봉로,10,,1111017400103950008005485,,서울특별시 종로구 지봉로 10,110841,03118,,,,127.016028638051,37.5708074451613
MA010120220800006418,아이템뱅크,,G2,소매,G210,철물·건설자재 소매,G21099,기타 건설/건축자재 소매업,G47519,"페인트, 창호 및 기타 건설자재 소매업",11,서울특별시,11140,중구,11140570,필동,1114015800,충무로3가,1114015800100490000,1,대지,49,,서울특별시 중구 충무로3가 49,111403101009,서울특별시 중구 충무로,13,,1114015800100490000000001,엘크루메트로시티,서울특별시 중구 충무로 13,100013,04554,,,,126.992631745503,37.562239831867
MA010120220800039496,보이스,,G2,소매,G210,철물·건설자재 소매,G21099,기타 건설/건축자재 소매업,G47519,"페인트, 창호 및 기타 건설자재 소매업",11,서울특별시,11290,성북구,11290705,종암동,1129013500,종암동,1129013500100280248,1,대지,28,248,서울특별시 성북구 종암동 28-248,112904121458,서울특별시 성북구 월곡로10길,160,,1129013500100280248000001,,서울특별시 성북구 월곡로10길 160,136858,02796,,2,,127.039087047614,37.5929665038612
MA010120220800086068,청용건재,,G2,소매,G210,철물·건설자재 소매,G21099,기타 건설/건축자재 소매업,G47519,"페인트, 창호 및 기타 건설자재 소매업",11,서울특별시,11110,종로구,11110515,청운효자동,1111011000,누하동,1111011000102130000,1,대지,213,,서울특별시 종로구 누하동 213,111104100304,서울특별시 종로구 자하문로9길,36,,1111011000102130000029410,,서울특별시 종로구 자하문로9길 36,110806,03036,,,,126.969218264558,37.579508128084
MA010120220800060715,문형건재,,G2,소매,G210,철물·건설자재 소매,G21099,기타 건설/건축자재 소매업,G47519,"페인트, 창호 및 기타 건설자재 소매업",41,경기도,41610,광주시,41610580,오포1동,4161011700,문형동,4161011700102700001,1,대지,270,1,경기도 광주시 문형동 270-1,416103203149,경기도 광주시 문현로,1,3,4161025024102700001000001,,경기도 광주시 문현로 1-3,464889,12774,,,,127.212993327274,37.3486073677419
MA010120220800111270,좋은공기방충망,,G2,소매,G210,철물·건설자재 소매,G21099,기타 건설/건축자재 소매업,G47519,"페인트, 창호 및 기타 건설자재 소매업",48,경상남도,48170,진주시,48170320,정촌면,4817032025,정촌면,4817032025112970013,1,대지,1297,13,경상남도 진주시 정촌면 예하리 1297-13,481703350109,경상남도 진주시 정촌면 화개천로54번길,31,,4817032025112970013000001,,경상남도 진주시 정촌면 화개천로54번길 31,660822,52845,,,,128.102240837334,35.1228848597922
MA010120220800155283,조은공간,,G2,소매,G210,철물·건설자재 소매,G21099,기타 건설/건축자재 소매업,G47519,"페인트, 창호 및 기타 건설자재 소매업",28,인천광역시,28140,동구,28140605,송림3.5동,2814010700,송림동,2814010700100910086,1,대지,91,86,인천광역시 동구 송림동 91-86,281404250225,인천광역시 동구 우각로147번길,45,,2814010700100910086181726,,인천광역시 동구 우각로147번길 45,401817,22568,,1,,126.647276025238,37.4707212636935
MA010120220800172541,제이엠트레이드,,G2,소매,G210,철물·건설자재 소매,G21099,기타 건설/건축자재 소매업,G47519,"페인트, 창호 및 기타 건설자재 소매업",41,경기도,41133,성남시 중원구,41133510,성남동,4113310100,성남동,4113310100137900000,1,대지,3790,,경기도 성남시 중원구 성남동 3790,411332179001,경기도 성남시 중원구 둔촌대로,163,,4113310100137900000034200,,경기도 성남시 중원구 둔촌대로 163,462828,13372,,4,,127.136789718322,37.4298570894792
MA010120220800147621,OK냉동,,G2,소매,G210,철물·건설자재 소매,G21099,기타 건설/건축자재 소매업,G47519,"페인트, 창호 및 기타 건설자재 소매업",28,인천광역시,28260,서구,28260515,검암경서동,2826010400,경서동,2826010400107590006,1,대지,759,6,인천광역시 서구 경서동 759-6,282604268175,인천광역시 서구 경서로14번길,41,,2826010400201180012000001,,인천광역시 서구 경서로14번길 41,404170,22693,,,,126.656414413981,37.5561269339268
MA010120220800149285,하비우드,,G2,소매,G210,철물·건설자재 소매,G21099,기타 건설/건축자재 소매업,G47519,"페인트, 창호 및 기타 건설자재 소매업",51,강원특별자치도,51830,양양군,51830350,강현면,5183035023,강현면,5183035023100090000,1,대지,9,,강원특별자치도 양양군 강현면 하복리 9,518304505093,강원특별자치도 양양군 강현면 복골길,36,,4283035023100090000019637,,강원특별자치도 양양군 강현면 복골길 36,215851,25005,,,,128.585231592478,38.1452320833895
MA010120220801725560,태영건업,,G2,소매,G210,철물·건설자재 소매,G21099,기타 건설/건축자재 소매업,G47519,"페인트, 창호 및 기타 건설자재 소매업",41,경기도,41360,남양주시,41360259,진건읍,4136025923,진건읍,4136025923106090018,1,대지,609,18,경기도 남양주시 진건읍 진관리 609-18,413603197052,경기도 남양주시 진건읍 진관로,511,,4136025923106090018000001,,경기도 남양주시 진건읍 진관로 511,472831,12139,,,,127.155616035738,37.6546059758979
MA010120220801709250,한보상사,,G2,소매,G210,철물·건설자재 소매,G21099,기타 건설/건축자재 소매업,G45212,자동차용 전용 신품 부품 판매업,41,경기도,41630,양주시,41630310,은현면,4163031021,은현면,4163031021107300001,1,대지,730,1,경기도 양주시 은현면 용암리 730-1,416303212038,경기도 양주시 은현면 화합로,1079,,4163031021107300001019132,,경기도 양주시 은현면 화합로 1079,482863,11429,,,,127.036621543787,37.8523210934092
MA010120220801707536,송건재철물상회,,G2,소매,G210,철물·건설자재 소매,G21099,기타 건설/건축자재 소매업,G47519,"페인트, 창호 및 기타 건설자재 소매업",41,경기도,41650,포천시,41650370,일동면,4165037026,일동면,4165037026100750006,1,대지,75,6,경기도 포천시 일동면 수입리 75-6,416503213025,경기도 포천시 일동면 수입로,43,,4165037026100690003048714,,경기도 포천시 일동면 수입로 43,487855,11115,,,,127.325824866137,37.9717820536053
MA010120220801699369,도신건재,,G2,소매,G210,철물·건설자재 소매,G21099,기타 건설/건축자재 소매업,G47519,"페인트, 창호 및 기타 건설자재 소매업",41,경기도,41800,연천군,41800360,신서면,4180036022,신서면,4180036022102930002,1,대지,293,2,경기도 연천군 신서면 도신리 293-2,418004445072,경기도 연천군 신서면 도대로11번길,44,,4180036022102930002007656,,경기도 연천군 신서면 도대로11번길 44,486832,11000,,,,127.105968821742,38.1855767589099
MA010120220801713681,동양알미늄,,G2,소매,G210,철물·건설자재 소매,G21099,기타 건설/건축자재 소매업,G47519,"페인트, 창호 및 기타 건설자재 소매업",41,경기도,41250,동두천시,41250520,생연2동,4125010300,생연동,4125010300107950040,1,대지,795,40,경기도 동두천시 생연동 795-40,412504367068,경기도 동두천시 삼육사로888번길,30,,4125010300107950008016574,,경기도 동두천시 삼육사로888번길 30,483032,11342,,,,127.047764503069,37.8993736399505
MA010120220801747656,벌곡건재,,G2,소매,G210,철물·건설자재 소매,G21099,기타 건설/건축자재 소매업,G47519,"페인트, 창호 및 기타 건설자재 소매업",44,충청남도,44230,논산시,44230380,벌곡면,4423038021,벌곡면,4423038021102650007,1,대지,265,7,충청남도 논산시 벌곡면 한삼천리 265-7,442303015045,충청남도 논산시 벌곡면 대둔로,833,,4423038021102650007081718,,충청남도 논산시 벌곡면 대둔로 833,320883,33026,,,,127.267174044322,36.2080214901353
MA010120220801752738,오성목재건설,,G2,소매,G210,철물·건설자재 소매,G21099,기타 건설/건축자재 소매업,G47519,"페인트, 창호 및 기타 건설자재 소매업",41,경기도,41480,파주시,41480250,문산읍,4148025021,문산읍,4148025021100230002,1,대지,23,2,경기도 파주시 문산읍 문산리 23-2,414804418244,경기도 파주시 문산읍 문향로17번길,8,,4148025021100220012016900,,경기도 파주시 문산읍 문향로17번길 8,413904,10823,,,,126.785822981309,37.8537627371326
MA010120220801752844,동영유리샷시,,G2,소매,G210,철물·건설자재 소매,G21099,기타 건설/건축자재 소매업,G47519,"페인트, 창호 및 기타 건설자재 소매업",41,경기도,41480,파주시,41480256,법원읍,4148025625,법원읍,4148025625100950007,1,대지,95,7,경기도 파주시 법원읍 대능리 95-7,414803206042,경기도 파주시 법원읍 사임당로,806,,4148025625100950007010713,,경기도 파주시 법원읍 사임당로 806,413874,10826,,,,126.870357796994,37.8496787030183
MA010120220801751145,영봉타이루,,G2,소매,G210,철물·건설자재 소매,G21099,기타 건설/건축자재 소매업,G47519,"페인트, 창호 및 기타 건설자재 소매업",41,경기도,41480,파주시,41480250,문산읍,4148025023,문산읍,4148025023109570028,1,대지,957,28,경기도 파주시 문산읍 선유리 957-28,414804418253,경기도 파주시 문산읍 문향로84번길,17,1,4148025023109570028014730,,경기도 파주시 문산읍 문향로84번길 17-1,413902,10824,,,,126.787340589461,37.859459491352
MA010120220801826202,한얼이앤씨,,G2,소매,G210,철물·건설자재 소매,G21099,기타 건설/건축자재 소매업,G47519,"페인트, 창호 및 기타 건설자재 소매업",41,경기도,41390,시흥시,41390550,매화동,4139011000,금이동,4139011000104420005,1,대지,442,5,경기도 시흥시 금이동 442-5,413904397136,경기도 시흥시 금화로550번길,61,,4139011000104420005000001,,경기도 시흥시 금화로550번길 61,429818,14981,,,,126.842217923349,37.3921323057974
MA010120220801795972,삼건사,,G2,소매,G210,철물·건설자재 소매,G21099,기타 건설/건축자재 소매업,G47519,"페인트, 창호 및 기타 건설자재 소매업",41,경기도,41281,고양시 덕양구,41281590,고양동,4128111500,선유동,4128111500104960005,1,대지,496,5,경기도 고양시 덕양구 선유동 496-5,412814376329,경기도 고양시 덕양구 호국로1430번길,104,,4128111500104960003027977,,경기도 고양시 덕양구 호국로1430번길 104,412500,10277,,,,126.898407555791,37.6779191734568
MA010120220801874006,상원건재,,G2,소매,G210,철물·건설자재 소매,G21099,기타 건설/건축자재 소매업,G47519,"페인트, 창호 및 기타 건설자재 소매업",41,경기도,41133,성남시 중원구,41133590,상대원3동,4113310500,상대원동,4113310500123420000,1,대지,2342,,경기도 성남시 중원구 상대원동 2342,411333179006,경기도 성남시 중원구 금상로,52,,4113310500123420000040221,,경기도 성남시 중원구 금상로 52,462814,13232,,,,127.162232713003,37.4398712279478
MA010120220801867082,태창목재,,G2,소매,G210,철물·건설자재 소매,G21099,기타 건설/건축자재 소매업,G47519,"페인트, 창호 및 기타 건설자재 소매업",41,경기도,41133,성남시 중원구,41133510,성남동,4113310100,성남동,4113310100135640000,1,대지,3564,,경기도 성남시 중원구 성남동 3564,411334337119,경기도 성남시 중원구 둔촌대로113번길,22,9,4113310100135640000000001,,경기도 성남시 중원구 둔촌대로113번길 22-9,462828,13366,,,,127.131956735727,37.4314123310002
MA010120220803515039,초록가설,,G2,소매,G210,철물·건설자재 소매,G21099,기타 건설/건축자재 소매업,G47519,"페인트, 창호 및 기타 건설자재 소매업",41,경기도,41271,안산시 상록구,41271510,일동,4127110100,일동,4127110100105900010,1,대지,590,10,경기도 안산시 상록구 일동 590-10,412714370527,경기도 안산시 상록구 호동로5길,12,,4127110100105900010027460,,경기도 안산시 상록구 호동로5길 12,426859,15320,,,,126.866282218755,37.3160611611717
MA010120220803565582,yes자재,,G2,소매,G210,철물·건설자재 소매,G21099,기타 건설/건축자재 소매업,G47519,"페인트, 창호 및 기타 건설자재 소매업",41,경기도,41150,의정부시,41150561,장암동,4115010300,장암동,4115010300102440006,1,대지,244,6,경기도 의정부시 장암동 244-6,411503000001,경기도 의정부시 동일로,115,8,4115010300102440006000001,,경기도 의정부시 동일로 115-8,480030,11726,,,,127.053611654152,37.6993939997042
MA010120220803577161,고남자재마트,,G2,소매,G210,철물·건설자재 소매,G21099,기타 건설/건축자재 소매업,G47519,"페인트, 창호 및 기타 건설자재 소매업",44,충청남도,44825,태안군,44825310,고남면,4482531023,고남면,4482531023112330001,1,대지,1233,1,충청남도 태안군 고남면 고남리 1233-1,448254592214,충청남도 태안군 고남면 옷점길,11,,4482531023112330001000899,,충청남도 태안군 고남면 옷점길 11,357971,32172,,,,126.406301166355,36.4230472380631
MA010120220803563913,중원,,G2,소매,G210,철물·건설자재 소매,G21099,기타 건설/건축자재 소매업,G47519,"페인트, 창호 및 기타 건설자재 소매업",41,경기도,41461,용인시 처인구,41461253,모현읍,4146125322,모현읍,4146125322104960000,1,대지,496,,경기도 용인시 처인구 모현읍 갈담리 496,414613203125,경기도 용인시 처인구 모현읍 파담로,102,1,4146125322104960000000001,,경기도 용인시 처인구 모현읍 파담로 102-1,449851,17036,,,,127.23930943321,37.3226704922789
MA010120220803570547,태우건재,,G2,소매,G210,철물·건설자재 소매,G21099,기타 건설/건축자재 소매업,G47519,"페인트, 창호 및 기타 건설자재 소매업",29,광주광역시,29170,북구,29170697,신용동,2917013000,신용동,2917013000107050000,1,대지,705,,광주광역시 북구 신용동 705,291704286823,광주광역시 북구 첨단연신로107번길,29,,2917013000107050000000001,삼보빌딩,광주광역시 북구 첨단연신로107번길 29,500832,61087,,,,126.861087490513,35.2073531991743
MA010120220803588885,진양건재,,G2,소매,G210,철물·건설자재 소매,G21099,기타 건설/건축자재 소매업,G47519,"페인트, 창호 및 기타 건설자재 소매업",11,서울특별시,11140,중구,11140570,필동,1114013800,필동2가,1114013800100720005,1,대지,72,5,서울특별시 중구 필동2가 72-5,111403101003,서울특별시 중구 서애로,31,,1114013800100720005018651,,서울특별시 중구 서애로 31,100272,04623,,,,126.996695143377,37.5598523740436
MA010120220803596428,강일실업,,G2,소매,G210,철물·건설자재 소매,G21099,기타 건설/건축자재 소매업,G47519,"페인트, 창호 및 기타 건설자재 소매업",11,서울특별시,11290,성북구,11290610,보문동,1129012900,보문동7가,1129012900100220005,1,대지,22,5,서울특별시 성북구 보문동7가 22-5,112903005003,서울특별시 성북구 보문로,58,1,1129012900100220005038629,한주빌딩,서울특별시 성북구 보문로 58-1,136087,02859,,,,127.022166825531,37.5806993720378
MA010120220803586568,도건설자재,,G2,소매,G210,철물·건설자재 소매,G21099,기타 건설/건축자재 소매업,G47519,"페인트, 창호 및 기타 건설자재 소매업",11,서울특별시,11680,강남구,11680640,역삼1동,1168010100,역삼동,1168010100107400017,1,대지,740,17,서울특별시 강남구 역삼동 740-17,116804166725,서울특별시 강남구 테헤란로22길,36,,1168010100107400017024285,,서울특별시 강남구 테헤란로22길 36,135924,06237,,,,127.035746508892,37.4976508627364
MA010120220803623199,삼덕건축자재,,G2,소매,G210,철물·건설자재 소매,G21099,기타 건설/건축자재 소매업,G47519,"페인트, 창호 및 기타 건설자재 소매업",11,서울특별시,11230,동대문구,11230610,답십리2동,1123010500,답십리동,1123010500102580006,1,대지,258,6,서울특별시 동대문구 답십리동 258-6,112303105013,서울특별시 동대문구 전농로,60,1,1123010500102580006021724,,서울특별시 동대문구 전농로 60-1,130032,02615,,1,,127.057412914216,37.5702900154402
MA010120220803617004,현대비닐,,G2,소매,G210,철물·건설자재 소매,G21099,기타 건설/건축자재 소매업,G47519,"페인트, 창호 및 기타 건설자재 소매업",11,서울특별시,11260,중랑구,11260610,중화2동,1126010300,중화동,1126010300103030044,1,대지,303,44,서울특별시 중랑구 중화동 303-44,112604118315,서울특별시 중랑구 봉화산로16길,17,5,1126010300103030044010320,,서울특별시 중랑구 봉화산로16길 17-5,131881,02102,,,,127.079020289864,37.6008121766622
MA010120220803626965,가경창호,,G2,소매,G210,철물·건설자재 소매,G21099,기타 건설/건축자재 소매업,G47519,"페인트, 창호 및 기타 건설자재 소매업",41,경기도,41360,남양주시,41360259,진건읍,4136025923,진건읍,4136025923109030002,1,대지,903,2,경기도 남양주시 진건읍 진관리 903-2,413604391182,경기도 남양주시 진건읍 금강로380번길,21,,4136025923109030002000001,외,경기도 남양주시 진건읍 금강로380번길 21,472831,12139,,,,127.151763215322,37.6379878604279
MA010120220803675758,어울림하우징,,G2,소매,G210,철물·건설자재 소매,G21099,기타 건설/건축자재 소매업,G47519,"페인트, 창호 및 기타 건설자재 소매업",51,강원특별자치도,51730,횡성군,51730250,횡성읍,5173025021,횡성읍,5173025021103000012,1,대지,300,12,강원특별자치도 횡성군 횡성읍 읍상리 300-12,517303226064,강원특별자치도 횡성군 횡성읍 읍상로,22,,4273025021103000012000002,,강원특별자치도 횡성군 횡성읍 읍상로 22,225807,25231,,,,127.989345867915,37.4875579875597
MA010120220803678302,이룸eng,,G2,소매,G210,철물·건설자재 소매,G21099,기타 건설/건축자재 소매업,G47519,"페인트, 창호 및 기타 건설자재 소매업",44,충청남도,44200,아산시,44200590,온양3동,4420011800,신동,4420011800104150000,1,대지,415,,충청남도 아산시 신동 415,442004559428,충청남도 아산시 신동안길,31,11,4420011800104150000049964,,충청남도 아산시 신동안길 31-11,336180,31476,,,,127.033150534214,36.786867938488
MA010120220803632620,상호건재,,G2,소매,G210,철물·건설자재 소매,G21099,기타 건설/건축자재 소매업,G47519,"페인트, 창호 및 기타 건설자재 소매업",11,서울특별시,11230,동대문구,11230560,전농1동,1123010400,전농동,1123010400102220005,1,대지,222,5,서울특별시 동대문구 전농동 222-5,112304115185,서울특별시 동대문구 서울시립대로12길,47,,1123010400102220005000001,,서울특별시 동대문구 서울시립대로12길 47,130854,02549,,,,127.052290381026,37.5777796614742
MA010120220803661849,신흥기업,,G2,소매,G210,철물·건설자재 소매,G21099,기타 건설/건축자재 소매업,G47519,"페인트, 창호 및 기타 건설자재 소매업",11,서울특별시,11260,중랑구,11260590,상봉2동,1126010200,상봉동,1126010200101110000,1,대지,111,,서울특별시 중랑구 상봉동 111,112604118259,서울특별시 중랑구 면목로91길,13,,1126010200101110000016468,,서울특별시 중랑구 면목로91길 13,131860,02138,,,,127.085127870324,37.5942397053963
MA010120220803677166,삼성건재,,G2,소매,G210,철물·건설자재 소매,G21099,기타 건설/건축자재 소매업,G47519,"페인트, 창호 및 기타 건설자재 소매업",11,서울특별시,11230,동대문구,11230600,답십리1동,1123010500,답십리동,1123010500104850008,1,대지,485,8,서울특별시 동대문구 답십리동 485-8,112304115180,서울특별시 동대문구 사가정로2길,94,,1123010500104850008019053,,서울특별시 동대문구 사가정로2길 94,130805,02605,,,,127.054321413591,37.5685615672419
MA010120220805070927,한샘리하우스혁신,대리점,G2,소매,G210,철물·건설자재 소매,G21099,기타 건설/건축자재 소매업,G47519,"페인트, 창호 및 기타 건설자재 소매업",48,경상남도,48170,진주시,48170750,충무공동,4817013700,충무공동,4817013700100400002,1,대지,40,2,경상남도 진주시 충무공동 40-2,481703350079,경상남도 진주시 영천강로,172,,4817013700100400002000001,트레젠웰가,경상남도 진주시 영천강로 172,660031,52851,,2,,128.139594454371,35.1788075654456
MA010120220805081743,한국페인트,,G2,소매,G210,철물·건설자재 소매,G21099,기타 건설/건축자재 소매업,G47519,"페인트, 창호 및 기타 건설자재 소매업",11,서울특별시,11470,양천구,11470540,목4동,1147010200,목동,1147010200107300004,1,대지,730,4,서울특별시 양천구 목동 730-4,114703005064,서울특별시 양천구 등촌로,82,,1147010200107300004016732,,서울특별시 양천구 등촌로 82,158814,07959,,1,,126.863817327844,37.5374471506126
MA010120220805097728,앱패널,,G2,소매,G210,철물·건설자재 소매,G21099,기타 건설/건축자재 소매업,G47519,"페인트, 창호 및 기타 건설자재 소매업",30,대전광역시,30170,서구,30170582,갈마2동,3017011100,갈마동,3017011100114470000,1,대지,1447,,대전광역시 서구 갈마동 1447,301704298167,대전광역시 서구 대덕대로168번길,74,,3017011100114470000006986,,대전광역시 서구 대덕대로168번길 74,302809,35265,,,,127.378626028561,36.3451877279693
MA010120220805108152,태창인터내셔널,,G2,소매,G210,철물·건설자재 소매,G21099,기타 건설/건축자재 소매업,G47519,"페인트, 창호 및 기타 건설자재 소매업",52,전북특별자치도,52111,전주시 완산구,52111701,삼천1동,5211113700,삼천동1가,5211113700107510014,1,대지,751,14,전북특별자치도 전주시 완산구 삼천동1가 751-14,521113266048,전북특별자치도 전주시 완산구 안행로,40,,4511113700107510014023507,,전북특별자치도 전주시 완산구 안행로 40,560810,55104,,1,,127.132592520556,35.8009793691152
MA010120220805111301,에이치제이쎄라믹,,G2,소매,G210,철물·건설자재 소매,G21099,기타 건설/건축자재 소매업,G47519,"페인트, 창호 및 기타 건설자재 소매업",41,경기도,41192,부천시 원미구,41192590,춘의동,4119210300,춘의동,4119210300102020000,1,대지,202,,경기도 부천시 원미구 춘의동 202,411924352152,경기도 부천시 원미구 부천로198번길,18,,4119510300102020000036182,춘의테크노파크,경기도 부천시 원미구 부천로198번길 18,420857,14557,,,,126.787556891139,37.5015468029977
MA010120220805116705,정하상사,,G2,소매,G210,철물·건설자재 소매,G21099,기타 건설/건축자재 소매업,G47519,"페인트, 창호 및 기타 건설자재 소매업",43,충청북도,43113,청주시 흥덕구,43113756,봉명2.송정동,4311311500,봉명동,4311311500114310000,1,대지,1431,,충청북도 청주시 흥덕구 봉명동 1431,431134512270,충청북도 청주시 흥덕구 1순환로536번길,14,,4311311500114310000016358,,충청북도 청주시 흥덕구 1순환로536번길 14,361819,28451,,1,,127.463110933159,36.6454778880267
MA010120220805148204,솔아이에스티,,G2,소매,G210,철물·건설자재 소매,G21099,기타 건설/건축자재 소매업,G47519,"페인트, 창호 및 기타 건설자재 소매업",29,광주광역시,29170,북구,29170695,건국동,2917014100,오룡동,2917014100111100022,1,대지,1110,22,광주광역시 북구 오룡동 1110-22,291704286722,광주광역시 북구 첨단과기로208번길,43,10,2917014100111100022000001,,광주광역시 북구 첨단과기로208번길 43-10,500480,61011,,,,126.849209462821,35.2226889865775
MA010120220805114510,진성골재,,G2,소매,G210,철물·건설자재 소매,G21099,기타 건설/건축자재 소매업,G47519,"페인트, 창호 및 기타 건설자재 소매업",47,경상북도,47130,경주시,47130530,황오동,4713010400,성동동,4713010400101130005,1,대지,113,5,경상북도 경주시 성동동 113-5,471303305041,경상북도 경주시 양정로,147,,4713010400101130005020457,,경상북도 경주시 양정로 147,780946,38148,,,,129.22059895356,35.8471304770526
MA010120220805157774,이앤엠솔루션,,G2,소매,G210,철물·건설자재 소매,G21099,기타 건설/건축자재 소매업,G47519,"페인트, 창호 및 기타 건설자재 소매업",11,서울특별시,11710,송파구,11710642,문정2동,1171010800,문정동,1171010800106420000,1,대지,642,,서울특별시 송파구 문정동 642,117102005011,서울특별시 송파구 송파대로,201,,1171010800101970001000001,스마트탑오피스내송파테라타워2,서울특별시 송파구 송파대로 201,138888,05854,,,,127.120658284786,37.4878007103813
MA010120220805153360,진양상사,,G2,소매,G210,철물·건설자재 소매,G21099,기타 건설/건축자재 소매업,G47519,"페인트, 창호 및 기타 건설자재 소매업",11,서울특별시,11230,동대문구,11230705,청량리동,1123010700,청량리동,1123010700100180038,1,대지,18,38,서울특별시 동대문구 청량리동 18-38,112303105008,서울특별시 동대문구 왕산로,287,,1123010700100180038013358,,서울특별시 동대문구 왕산로 287,130866,02462,,1,,127.05159430403,37.5861952469515
MA010120220805213840,삼진기업,,G2,소매,G210,철물·건설자재 소매,G21099,기타 건설/건축자재 소매업,G47519,"페인트, 창호 및 기타 건설자재 소매업",52,전북특별자치도,52140,익산시,52140520,중앙동,5214010100,창인동1가,5214010100101750020,1,대지,175,20,전북특별자치도 익산시 창인동1가 175-20,521404608027,전북특별자치도 익산시 익산대로16길,35,,4514010100101750020094881,,전북특별자치도 익산시 익산대로16길 35,570991,54594,,2,,126.951425161902,35.9400339312093
MA010120220805193742,정성에프앤피,,G2,소매,G210,철물·건설자재 소매,G21099,기타 건설/건축자재 소매업,G47519,"페인트, 창호 및 기타 건설자재 소매업",41,경기도,41360,남양주시,41360570,별내동,4136011100,별내동,4136011100109750001,1,대지,975,1,경기도 남양주시 별내동 975-1,413603197037,경기도 남양주시 순화궁로,249,,4136011100109750001000001,지식산업센터,경기도 남양주시 순화궁로 249,472501,12106,,,,127.128119051286,37.6518820390067
MA010120220806595822,조이바스,,G2,소매,G210,철물·건설자재 소매,G21099,기타 건설/건축자재 소매업,G47519,"페인트, 창호 및 기타 건설자재 소매업",41,경기도,41360,남양주시,41360540,양정동,4136010500,이패동,4136010500105540022,1,대지,554,22,경기도 남양주시 이패동 554-22,413603000145,경기도 남양주시 경강로,151,1,4136010500105540022000001,이패동,경기도 남양주시 경강로 151-1,472932,12245,,1,,127.186835421427,37.6088537053182
MA010120220806610828,남문석재,,G2,소매,G210,철물·건설자재 소매,G21099,기타 건설/건축자재 소매업,G47519,"페인트, 창호 및 기타 건설자재 소매업",28,인천광역시,28710,강화군,28710370,하점면,2871037023,하점면,2871037023106460002,1,대지,646,2,인천광역시 강화군 하점면 부근리 646-2,287104271046,인천광역시 강화군 하점면 강화대로1093번길,3,27,2871037023106460002045988,,인천광역시 강화군 하점면 강화대로1093번길 3-27,417871,23014,,,,126.428229585534,37.7724391460565
MA010120220806619783,공간디자인,,G2,소매,G210,철물·건설자재 소매,G21099,기타 건설/건축자재 소매업,G47519,"페인트, 창호 및 기타 건설자재 소매업",44,충청남도,44131,천안시 동남구,44131570,신방동,4413111600,신방동,4413111600105880014,1,대지,588,14,충청남도 천안시 동남구 신방동 588-14,441314547432,충청남도 천안시 동남구 신방남부길,56,,4413111600105880014041200,,충청남도 천안시 동남구 신방남부길 56,330939,31210,,,,127.125064372927,36.7674598599067
MA010120220806657204,마가금속,,G2,소매,G210,철물·건설자재 소매,G21099,기타 건설/건축자재 소매업,G47519,"페인트, 창호 및 기타 건설자재 소매업",41,경기도,41480,파주시,41480350,광탄면,4148035026,광탄면,4148035026103330002,1,대지,333,2,경기도 파주시 광탄면 용미리 333-2,414804418443,경기도 파주시 광탄면 세류길,26,,4148035026103330002032203,,경기도 파주시 광탄면 세류길 26,413855,10955,,,,126.880183813477,37.7385826501021
MA010120220806695661,한성데코,,G2,소매,G210,철물·건설자재 소매,G21099,기타 건설/건축자재 소매업,G47519,"페인트, 창호 및 기타 건설자재 소매업",44,충청남도,44133,천안시 서북구,44133520,성정2동,4413310200,성정동,4413310200111180000,1,대지,1118,,충청남도 천안시 서북구 성정동 1118,441334550366,충청남도 천안시 서북구 성정중1길,31,,4413310200111180000048829,삼소빌딩,충청남도 천안시 서북구 성정중1길 31,331937,31108,,,,127.133763669674,36.8299064911537
MA010120220806680003,대성건자재,,G2,소매,G210,철물·건설자재 소매,G21099,기타 건설/건축자재 소매업,G47519,"페인트, 창호 및 기타 건설자재 소매업",51,강원특별자치도,51750,영월군,51750250,영월읍,5175025021,영월읍,5175025021109590034,1,대지,959,34,강원특별자치도 영월군 영월읍 영흥리 959-34,517504481045,강원특별자치도 영월군 영월읍 단종로33번길,4,,4275025021109590034017039,,강원특별자치도 영월군 영월읍 단종로33번길 4,230805,26233,,,,128.46654382863,37.1858418039189
MA010120220806693920,천사,,G2,소매,G210,철물·건설자재 소매,G21099,기타 건설/건축자재 소매업,G47519,"페인트, 창호 및 기타 건설자재 소매업",47,경상북도,47210,영주시,47210250,풍기읍,4721025022,풍기읍,4721025022101360001,1,대지,136,1,경상북도 영주시 풍기읍 동부리 136-1,472103309083,경상북도 영주시 풍기읍 소백로,1877,,4721025022101360001013886,,경상북도 영주시 풍기읍 소백로 1877,750803,36033,,,,128.533815083542,36.8650306360867
MA010120220806699260,모던방충망,,G2,소매,G210,철물·건설자재 소매,G21099,기타 건설/건축자재 소매업,G47519,"페인트, 창호 및 기타 건설자재 소매업",41,경기도,41135,성남시 분당구,41135655,삼평동,4113510900,삼평동,4113510900106620000,1,대지,662,,경기도 성남시 분당구 삼평동 662,411354340520,경기도 성남시 분당구 판교역로192번길,16,,4113510900106620000000001,판교타워,경기도 성남시 분당구 판교역로192번길 16,463400,13524,,8,,127.111433730963,37.3977443691571
MA010120220806719807,에스케이티케이,,G2,소매,G210,철물·건설자재 소매,G21099,기타 건설/건축자재 소매업,G47519,"페인트, 창호 및 기타 건설자재 소매업",41,경기도,41570,김포시,41570250,통진읍,4157025022,통진읍,4157025022105810005,1,대지,581,5,경기도 김포시 통진읍 마송리 581-5,415704427484,경기도 김포시 통진읍 율마로438번길,34,4,4157025021107640000000001,,경기도 김포시 통진읍 율마로438번길 34-4,415865,10017,,,,126.604946973911,37.6880859379579
MA010120220808039085,대룡산업,,G2,소매,G210,철물·건설자재 소매,G21099,기타 건설/건축자재 소매업,G47519,"페인트, 창호 및 기타 건설자재 소매업",44,충청남도,44200,아산시,44200600,온양4동,4420011500,배미동,4420011500100820000,1,대지,82,,충청남도 아산시 배미동 82,442003253027,충청남도 아산시 배미로,69,5,4420011500100820000000001,,충청남도 아산시 배미로 69-5,336130,31529,,1,,126.972717468158,36.7939792203298
MA010120220808064876,신우가설,,G2,소매,G210,철물·건설자재 소매,G21099,기타 건설/건축자재 소매업,G47519,"페인트, 창호 및 기타 건설자재 소매업",41,경기도,41610,광주시,41610560,광남1동,4161010800,중대동,4161010800102510001,1,대지,251,1,경기도 광주시 중대동 251-1,416103211033,경기도 광주시 순암로,367,15,4161010800102510001010257,,경기도 광주시 순암로 367-15,464080,12768,,,,127.211749363536,37.4039504579956
MA010120220808052472,신일건축자재,,G2,소매,G210,철물·건설자재 소매,G21099,기타 건설/건축자재 소매업,G47519,"페인트, 창호 및 기타 건설자재 소매업",30,대전광역시,30170,서구,30170560,괴정동,3017010800,괴정동,3017010800100730037,1,대지,73,37,대전광역시 서구 괴정동 73-37,301704298022,대전광역시 서구 갈마로219번길,47,,3017010800100730037007389,,대전광역시 서구 갈마로219번길 47,302815,35293,,,,127.380849950233,36.3375026390006
MA010120220808048045,늘채움2,,G2,소매,G210,철물·건설자재 소매,G21099,기타 건설/건축자재 소매업,G47519,"페인트, 창호 및 기타 건설자재 소매업",46,전라남도,46150,순천시,46150320,서면,4615032025,서면,4615032025101300001,1,대지,130,1,전라남도 순천시 서면 동산리 130-1,461503283012,전라남도 순천시 서면 순천로,112,,4615032025101300001017527,,전라남도 순천시 서면 순천로 112,540813,57906,,,,127.484905563417,34.9987441639827
MA010120220808053608,라온창호,,G2,소매,G210,철물·건설자재 소매,G21099,기타 건설/건축자재 소매업,G47519,"페인트, 창호 및 기타 건설자재 소매업",31,울산광역시,31140,남구,31140585,삼호동,3114010100,무거동,3114010100111750015,1,대지,1175,15,울산광역시 남구 무거동 1175-15,311404310478,울산광역시 남구 삼호로55번길,8,,3114010100111750015034296,,울산광역시 남구 삼호로55번길 8,680810,44635,,,,129.269585734806,35.5500120546956
MA010120220808069606,원하우징/컨테이너연구소,,G2,소매,G210,철물·건설자재 소매,G21099,기타 건설/건축자재 소매업,G47519,"페인트, 창호 및 기타 건설자재 소매업",48,경상남도,48170,진주시,48170420,집현면,4817042029,집현면,4817042029101560001,1,대지,156,1,경상남도 진주시 집현면 신당리 156-1,481704796840,경상남도 진주시 집현면 신당길,253,,4817042029101560001000001,,경상남도 진주시 집현면 신당길 253,660933,52638,,,,128.121993755734,35.2216482266787
MA010120220808103967,이루다,,G2,소매,G210,철물·건설자재 소매,G21099,기타 건설/건축자재 소매업,G47519,"페인트, 창호 및 기타 건설자재 소매업",11,서울특별시,11215,광진구,11215750,중곡2동,1121510100,중곡동,1121510100101610023,1,대지,161,23,서울특별시 광진구 중곡동 161-23,112153104007,서울특별시 광진구 능동로,330,,1121510100101610023003015,우진빌딩,서울특별시 광진구 능동로 330,143898,04928,,4,,127.080741637764,37.5589418354914
MA010120220808115284,금화상사,,G2,소매,G210,철물·건설자재 소매,G21099,기타 건설/건축자재 소매업,G47519,"페인트, 창호 및 기타 건설자재 소매업",27,대구광역시,27260,수성구,27260661,범물1동,2726011300,범물동,2726011300111000000,1,대지,1100,,대구광역시 수성구 범물동 1100,272604238384,대구광역시 수성구 진밭길,388,6,2726011300111000000000408,,대구광역시 수성구 진밭길 388-6,706811,42240,,1,,128.669486632433,35.7973726818388
MA010120220808123366,자하플랜,,G2,소매,G210,철물·건설자재 소매,G21099,기타 건설/건축자재 소매업,G47519,"페인트, 창호 및 기타 건설자재 소매업",11,서울특별시,11215,광진구,11215730,군자동,1121510900,군자동,1121510900104700013,1,대지,470,13,서울특별시 광진구 군자동 470-13,112154112305,서울특별시 광진구 면목로6길,7,,1121510900104700013019692,,서울특별시 광진구 면목로6길 7,143838,04996,,4,,127.07656273152,37.5563857875396
MA010120220808094329,호남건재,,G2,소매,G210,철물·건설자재 소매,G21099,기타 건설/건축자재 소매업,G47519,"페인트, 창호 및 기타 건설자재 소매업",11,서울특별시,11140,중구,11140580,장충동,1114014300,장충동1가,1114014300100010000,1,대지,1,,서울특별시 중구 장충동1가 1,111404103364,서울특별시 중구 퇴계로58길,5,,1114014300100010003000042,,서울특별시 중구 퇴계로58길 5,100391,04615,,,,127.006564774831,37.5636544437762
MA010120220808109090,보금휴엔텍,,G2,소매,G210,철물·건설자재 소매,G21099,기타 건설/건축자재 소매업,G47519,"페인트, 창호 및 기타 건설자재 소매업",11,서울특별시,11680,강남구,11680750,수서동,1168011500,수서동,1168011500107260000,1,대지,726,,서울특별시 강남구 수서동 726,116804166082,서울특별시 강남구 광평로56길,10,,1168011500107260000001511,광안빌딩,서울특별시 강남구 광평로56길 10,135885,06367,,4,,127.103764439534,37.4870689192724
MA010120220808125281,월포한일건재,,G2,소매,G210,철물·건설자재 소매,G21099,기타 건설/건축자재 소매업,G47519,"페인트, 창호 및 기타 건설자재 소매업",47,경상북도,47113,포항시 북구,47113320,청하면,4711332026,청하면,4711332026102000005,1,대지,200,5,경상북도 포항시 북구 청하면 월포리 200-5,471133304031,경상북도 포항시 북구 청하면 월포로,143,,4711332026102000005010228,,경상북도 포항시 북구 청하면 월포로 143,791923,37517,,,,129.367821594235,36.2039307990759
MA010120220808130441,부티판넬,,G2,소매,G210,철물·건설자재 소매,G21099,기타 건설/건축자재 소매업,G47519,"페인트, 창호 및 기타 건설자재 소매업",27,대구광역시,27140,동구,27140730,안심2동,2714011900,용계동,2714011900101710000,1,대지,171,,대구광역시 동구 용계동 171,271404226257,대구광역시 동구 용계로1길,40,,2714011900101710000013873,,대구광역시 동구 용계로1길 40,701835,41124,,,,128.692539075889,35.8755480496106
MA010120220809533013,선영산업,,G2,소매,G210,철물·건설자재 소매,G21099,기타 건설/건축자재 소매업,G47519,"페인트, 창호 및 기타 건설자재 소매업",50,제주특별자치도,50130,서귀포시,50130600,대천동,5013011600,강정동,5013011600101600003,1,대지,160,3,제주특별자치도 서귀포시 강정동 160-3,501304850054,제주특별자치도 서귀포시 김정문화로27번길,23,,5013011600101600003022161,,제주특별자치도 서귀포시 김정문화로27번길 23,697826,63566,,1,,126.508150772296,33.253926009472
MA010120220809496424,청마상사,,G2,소매,G210,철물·건설자재 소매,G21099,기타 건설/건축자재 소매업,G47519,"페인트, 창호 및 기타 건설자재 소매업",27,대구광역시,27710,달성군,27710310,가창면,2771031028,가창면,2771031028102990004,1,대지,299,4,대구광역시 달성군 가창면 대일리 299-4,277104244008,대구광역시 달성군 가창면 가창로123길,2,,2771031028102990004037283,,대구광역시 달성군 가창면 가창로123길 2,711862,42939,,,,128.648243953785,35.7687390115787
MA010120220809543577,성현아이엔지,,G2,소매,G210,철물·건설자재 소매,G21099,기타 건설/건축자재 소매업,G47519,"페인트, 창호 및 기타 건설자재 소매업",11,서울특별시,11110,종로구,11110615,종로1.2.3.4가동,1111013700,낙원동,1111013700101460000,1,대지,146,,서울특별시 종로구 낙원동 146,111103005006,서울특별시 종로구 수표로,118,,1111013700101430000014175,계성빌딩,서울특별시 종로구 수표로 118,110320,03139,,,,126.989382013333,37.5718351903278
MA010120220809504343,대유건재,,G2,소매,G210,철물·건설자재 소매,G21099,기타 건설/건축자재 소매업,G47519,"페인트, 창호 및 기타 건설자재 소매업",27,대구광역시,27710,달성군,27710265,현풍읍,2771026522,현풍읍,2771026522104770014,1,대지,477,14,대구광역시 달성군 현풍읍 중리 477-14,277103341005,대구광역시 달성군 현풍읍 테크노북로,33,35,2771036022104770014000001,,대구광역시 달성군 현풍읍 테크노북로 33-35,711873,43005,,,,128.448440526824,35.6927107366034
MA010120220809550766,선진광고자재,,G2,소매,G210,철물·건설자재 소매,G21099,기타 건설/건축자재 소매업,G47519,"페인트, 창호 및 기타 건설자재 소매업",47,경상북도,47290,경산시,47290520,중앙동,4729010200,삼북동,4729010200102390002,1,대지,239,2,경상북도 경산시 삼북동 239-2,472903000052,경상북도 경산시 경안로,117,,4729010200102390002000899,,경상북도 경산시 경안로 117,712020,38641,,,,128.738205375582,35.8179896908788
MA010120220809574580,신흥종합상사,,G2,소매,G210,철물·건설자재 소매,G21099,기타 건설/건축자재 소매업,G47519,"페인트, 창호 및 기타 건설자재 소매업",47,경상북도,47820,청도군,47820320,풍각면,4782032034,풍각면,4782032034107940011,1,대지,794,11,경상북도 청도군 풍각면 봉기리 794-11,478203319004,경상북도 청도군 풍각면 봉기로,105,,4782032034107940011001075,,경상북도 청도군 풍각면 봉기로 105,714833,38307,,1,,128.610069579097,35.6399662692424
MA010120220809567431,금호파렛트,,G2,소매,G210,철물·건설자재 소매,G21099,기타 건설/건축자재 소매업,G47519,"페인트, 창호 및 기타 건설자재 소매업",47,경상북도,47230,영천시,47230400,대창면,4723040030,대창면,4723040030110620001,1,대지,1062,1,경상북도 영천시 대창면 구지리 1062-1,472303018029,경상북도 영천시 대창면 금박로,882,,4723040030110650002000001,,경상북도 영천시 대창면 금박로 882,770911,38911,,,,128.87861395727,35.8732499648997
MA010120220809589458,가온상사,,G2,소매,G210,철물·건설자재 소매,G21099,기타 건설/건축자재 소매업,G47519,"페인트, 창호 및 기타 건설자재 소매업",26,부산광역시,26440,강서구,26440550,가락동,2644010700,죽동동,2644010700103320001,1,대지,332,1,부산광역시 강서구 죽동동 332-1,264404208500,부산광역시 강서구 죽동길,76,,2644010700103310001023786,,부산광역시 강서구 죽동길 76,618320,46708,,,,128.890442909639,35.19795502389
MA010120220809565192,우진종합상사,,G2,소매,G210,철물·건설자재 소매,G21099,기타 건설/건축자재 소매업,G47519,"페인트, 창호 및 기타 건설자재 소매업",47,경상북도,47290,경산시,47290560,동부동,4729012600,사동,4729012600105730001,1,대지,573,1,경상북도 경산시 사동 573-1,472904739587,경상북도 경산시 원효로32길,11,,4729012600105730001012418,,경상북도 경산시 원효로32길 11,712190,38581,,,,128.753664993042,35.8196484358173
MA010120220809571304,오성목재,,G2,소매,G210,철물·건설자재 소매,G21099,기타 건설/건축자재 소매업,G47519,"페인트, 창호 및 기타 건설자재 소매업",47,경상북도,47290,경산시,47290253,진량읍,4729025324,진량읍,4729025324101350001,1,대지,135,1,경상북도 경산시 진량읍 봉회리 135-1,472904739371,경상북도 경산시 진량읍 봉회길,36,,4729025321108890000026348,,경상북도 경산시 진량읍 봉회길 36,712835,38451,,,,128.814475471831,35.8814270410884
MA010120220809550509,대성건재,,G2,소매,G210,철물·건설자재 소매,G21099,기타 건설/건축자재 소매업,G47519,"페인트, 창호 및 기타 건설자재 소매업",47,경상북도,47290,경산시,47290530,남부동,4729010300,서상동,4729010300100300001,1,대지,30,1,경상북도 경산시 서상동 30-1,472904739666,경상북도 경산시 중앙로16길,44,,4729010300100300001001410,,경상북도 경산시 중앙로16길 44,712010,38629,,,,128.735975719714,35.8192474573055
MA010120220809601819,백사오일,,G2,소매,G210,철물·건설자재 소매,G21099,기타 건설/건축자재 소매업,G47519,"페인트, 창호 및 기타 건설자재 소매업",44,충청남도,44200,아산시,44200253,배방읍,4420025330,배방읍,4420025330100240002,1,대지,24,2,충청남도 아산시 배방읍 휴대리 24-2,442004559823,충청남도 아산시 배방읍 휴대길,167,,4420025330100240000000002,,충청남도 아산시 배방읍 휴대길 167,336855,31474,,,,127.118941726248,36.7700523440464
MA010120220809591211,주문창호,,G2,소매,G210,철물·건설자재 소매,G21099,기타 건설/건축자재 소매업,G47519,"페인트, 창호 및 기타 건설자재 소매업",29,광주광역시,29170,북구,29170685,석곡동,2917011800,충효동,2917011800103110000,1,대지,311,,광주광역시 북구 충효동 311,291703286001,광주광역시 북구 가사문학로,954,38,2917011800103110000005791,,광주광역시 북구 가사문학로 954-38,500410,61146,,,,127.012680106317,35.1802203234664
MA010120220809627469,제이산업개발,,G2,소매,G210,철물·건설자재 소매,G21099,기타 건설/건축자재 소매업,G47519,"페인트, 창호 및 기타 건설자재 소매업",48,경상남도,48170,진주시,48170555,성북동,4817011300,봉곡동,4817011300104890003,1,대지,489,3,경상남도 진주시 봉곡동 489-3,481702332003,경상남도 진주시 진주대로,1230,,4817011300104890003213585,일부,경상남도 진주시 진주대로 1230,660040,52665,,1,,128.068754480941,35.1937661023595
MA010120220809598151,휴먼건축,,G2,소매,G210,철물·건설자재 소매,G21099,기타 건설/건축자재 소매업,G47519,"페인트, 창호 및 기타 건설자재 소매업",41,경기도,41450,하남시,41450560,덕풍3동,4145010800,덕풍동,4145010800108310001,1,대지,831,1,경기도 하남시 덕풍동 831-1,414502000019,경기도 하남시 미사대로,520,,4145010800100070000000001,현대지식산업센터,경기도 하남시 미사대로 520,465013,12925,,8,,127.204604101691,37.55889127082
MA010120220809611431,청연,,G2,소매,G210,철물·건설자재 소매,G21099,기타 건설/건축자재 소매업,G47519,"페인트, 창호 및 기타 건설자재 소매업",41,경기도,41285,고양시 일산동구,41285590,장항2동,4128510400,장항동,4128510400107600000,1,대지,760,,경기도 고양시 일산동구 장항동 760,412853193011,경기도 고양시 일산동구 무궁화로,18,,4128510400107600000009277,남정씨티프라자,경기도 고양시 일산동구 무궁화로 18,410837,10401,,,,126.766893788779,37.6617131720204
MA010120220809675284,하나냉동산업,,G2,소매,G210,철물·건설자재 소매,G21099,기타 건설/건축자재 소매업,G47519,"페인트, 창호 및 기타 건설자재 소매업",44,충청남도,44790,청양군,44790250,청양읍,4479025022,청양읍,4479025022105750000,1,대지,575,,충청남도 청양군 청양읍 백천리 575,447903261024,충청남도 청양군 청양읍 청신로,240,10,4479025022105750000000001,,충청남도 청양군 청양읍 청신로 240-10,345803,33320,,,,126.820382363066,36.4717173287778
MA010120220809656985,용금토건,,G2,소매,G210,철물·건설자재 소매,G21099,기타 건설/건축자재 소매업,G47519,"페인트, 창호 및 기타 건설자재 소매업",47,경상북도,47113,포항시 북구,47113250,흥해읍,4711325041,흥해읍,4711325041110270001,1,대지,1027,1,경상북도 포항시 북구 흥해읍 용천리 1027-1,471134712474,경상북도 포항시 북구 흥해읍 용금길83번길,26,,4711325041110270001000001,,경상북도 포항시 북구 흥해읍 용금길83번길 26,791942,37531,,,,129.35485954965,36.1393434957813
MA010120220809649514,케이유,,G2,소매,G210,철물·건설자재 소매,G21099,기타 건설/건축자재 소매업,G47519,"페인트, 창호 및 기타 건설자재 소매업",52,전북특별자치도,52210,김제시,52210350,백구면,5221035025,백구면,5221035025103110001,1,대지,311,1,전북특별자치도 김제시 백구면 백구리 311-1,522104616346,전북특별자치도 김제시 백구면 백구7길,4,,4521035025103110001068401,,전북특별자치도 김제시 백구면 백구7길 4,576913,54328,,,,126.951304065602,35.9025600931806
MA010120220811069021,동신휀스철망사,,G2,소매,G210,철물·건설자재 소매,G21099,기타 건설/건축자재 소매업,G47519,"페인트, 창호 및 기타 건설자재 소매업",48,경상남도,48890,합천군,48890360,초계면,4889036027,초계면,4889036027104150001,1,대지,415,1,경상남도 합천군 초계면 원당리 415-1,488904844462,경상남도 합천군 초계면 원당길,44,6,4889036027104150001021736,,경상남도 합천군 초계면 원당길 44-6,678822,50245,,,,128.239500945128,35.5380327904212
MA010120220811089910,리누,,G2,소매,G210,철물·건설자재 소매,G21099,기타 건설/건축자재 소매업,G47519,"페인트, 창호 및 기타 건설자재 소매업",46,전라남도,46110,목포시,46110595,목원동,4611011100,명륜동,4611011100100060002,1,대지,6,2,전라남도 목포시 명륜동 6-2,461103281095,전라남도 목포시 영산로,93,1,4611011100100060002046810,,전라남도 목포시 영산로 93-1,530270,58728,,4,,126.385513189896,34.7910200305074
MA010120220811069359,종합샷시유리,,G2,소매,G210,철물·건설자재 소매,G21099,기타 건설/건축자재 소매업,G47519,"페인트, 창호 및 기타 건설자재 소매업",48,경상남도,48880,거창군,48880250,거창읍,4888025021,거창읍,4888025021105660000,1,대지,566,,경상남도 거창군 거창읍 상림리 566,488803347018,경상남도 거창군 거창읍 중앙로,11,,4888025021105660000021282,,경상남도 거창군 거창읍 중앙로 11,670807,50131,,,,127.900020028826,35.6846956538281
MA010120220811066275,유원석물,,G2,소매,G210,철물·건설자재 소매,G21099,기타 건설/건축자재 소매업,G47519,"페인트, 창호 및 기타 건설자재 소매업",48,경상남도,48890,합천군,48890250,합천읍,4889025023,합천읍,4889025023100140002,1,대지,14,2,경상남도 합천군 합천읍 영창리 14-2,488903348043,경상남도 합천군 합천읍 대야로,1078,,4889025023100140002054683,,경상남도 합천군 합천읍 대야로 1078,678802,50230,,,,128.16926166372,35.5826607065851
MA010120220811071425,웰빙전기온돌판넬,,G2,소매,G210,철물·건설자재 소매,G21099,기타 건설/건축자재 소매업,G47519,"페인트, 창호 및 기타 건설자재 소매업",48,경상남도,48890,합천군,48890250,합천읍,4889025021,합천읍,4889025021102960016,1,대지,296,16,경상남도 합천군 합천읍 합천리 296-16,488904844066,경상남도 합천군 합천읍 교동3길,25,,4889025021102960016000001,,경상남도 합천군 합천읍 교동3길 25,678801,50238,,,,128.166313165603,35.5649619459591
MA010120220811079676,초계건재사,,G2,소매,G210,철물·건설자재 소매,G21099,기타 건설/건축자재 소매업,G47519,"페인트, 창호 및 기타 건설자재 소매업",48,경상남도,48890,합천군,48890360,초계면,4889036022,초계면,4889036022100240001,1,대지,24,1,경상남도 합천군 초계면 초계리 24-1,488903348030,경상남도 합천군 초계면 초계중앙로,82,,4889036022100240001019209,,경상남도 합천군 초계면 초계중앙로 82,678823,50246,,,,128.268916156366,35.5588696747272
MA010120220811077518,위드,,G2,소매,G210,철물·건설자재 소매,G21099,기타 건설/건축자재 소매업,G47519,"페인트, 창호 및 기타 건설자재 소매업",26,부산광역시,26320,북구,26320560,덕천2동,2632010400,덕천동,2632010400103490034,1,대지,349,34,부산광역시 북구 덕천동 349-34,263204196039,부산광역시 북구 금곡대로13번길,26,6,2632010400103490034001081,,부산광역시 북구 금곡대로13번길 26-6,616817,46544,,1,,129.003296925722,35.2110813490885
MA010120220811071708,위천제일벽돌,,G2,소매,G210,철물·건설자재 소매,G21099,기타 건설/건축자재 소매업,G47519,"페인트, 창호 및 기타 건설자재 소매업",48,경상남도,48880,거창군,48880350,위천면,4888035021,위천면,4888035021100520004,1,대지,52,4,경상남도 거창군 위천면 장기리 52-4,488803347007,경상남도 거창군 위천면 송계로,249,,4888035021100520004045711,,경상남도 거창군 위천면 송계로 249,670851,50103,,,,127.835108645621,35.7449881481769
MA010120220811085441,논산목재,,G2,소매,G210,철물·건설자재 소매,G21099,기타 건설/건축자재 소매업,G47519,"페인트, 창호 및 기타 건설자재 소매업",44,충청남도,44230,논산시,44230520,부창동,4423011000,강산동,4423011000106140000,1,대지,614,,충청남도 논산시 강산동 614,442304565126,충청남도 논산시 구르뫼1길,36,,4423011000106140000046898,,충청남도 논산시 구르뫼1길 36,320080,32959,,,,127.085932405063,36.193617266442
MA010120220811077982,성창목공건재상사,,G2,소매,G210,철물·건설자재 소매,G21099,기타 건설/건축자재 소매업,G47519,"페인트, 창호 및 기타 건설자재 소매업",48,경상남도,48890,합천군,48890250,합천읍,4889025021,합천읍,4889025021113640132,1,대지,1364,132,경상남도 합천군 합천읍 합천리 1364-132,488903348043,경상남도 합천군 합천읍 대야로,909,,4889025023109070021054216,,경상남도 합천군 합천읍 대야로 909,678804,50232,,,,128.163302546815,35.569578339234
MA010120220811066736,경남종합건재,,G2,소매,G210,철물·건설자재 소매,G21099,기타 건설/건축자재 소매업,G47519,"페인트, 창호 및 기타 건설자재 소매업",48,경상남도,48880,거창군,48880250,거창읍,4888025023,거창읍,4888025023102020031,1,대지,202,31,경상남도 거창군 거창읍 대동리 202-31,488803347003,경상남도 거창군 거창읍 거열로,240,1,4888025023102020031020976,,경상남도 거창군 거창읍 거열로 240-1,670803,50134,,,,127.918798699826,35.6933048656384
MA010120220811065573,한국건재,,G2,소매,G210,철물·건설자재 소매,G21099,기타 건설/건축자재 소매업,G47519,"페인트, 창호 및 기타 건설자재 소매업",48,경상남도,48890,합천군,48890330,가야면,4889033031,가야면,4889033031100220003,1,대지,22,3,경상남도 합천군 가야면 황산리 22-3,488903348002,경상남도 합천군 가야면 가야시장로,41,,4889033031100220003010015,,경상남도 합천군 가야면 가야시장로 41,678892,50201,,,,128.138415313903,35.7584427193261
MA010120220811068697,충남석물,,G2,소매,G210,철물·건설자재 소매,G21099,기타 건설/건축자재 소매업,G47519,"페인트, 창호 및 기타 건설자재 소매업",48,경상남도,48880,거창군,48880250,거창읍,4888025024,거창읍,4888025024115040004,1,대지,1504,4,경상남도 거창군 거창읍 대평리 1504-4,488804841066,경상남도 거창군 거창읍 거함대로5길,7,,4888025024115040004018494,,경상남도 거창군 거창읍 거함대로5길 7,670804,50145,,,,127.918538947029,35.6822125419333
MA010120220811099093,영흥건재,,G2,소매,G210,철물·건설자재 소매,G21099,기타 건설/건축자재 소매업,G47519,"페인트, 창호 및 기타 건설자재 소매업",48,경상남도,48220,통영시,48220530,명정동,4822010300,명정동,4822010300103910001,1,대지,391,1,경상남도 통영시 명정동 391-1,482203333041,경상남도 통영시 충렬로,48,,4822010300103910001018707,,경상남도 통영시 충렬로 48,650100,53061,,,,128.417840229063,34.8458094912109
MA010120220811098386,조일샤시.제이고시텔,,G2,소매,G210,철물·건설자재 소매,G21099,기타 건설/건축자재 소매업,G47519,"페인트, 창호 및 기타 건설자재 소매업",48,경상남도,48310,거제시,48310580,고현동,4831010900,고현동,4831010900110090012,1,대지,1009,12,경상남도 거제시 고현동 1009-12,483104811660,경상남도 거제시 중곡로1길,38,,4831010900110090012014529,,경상남도 거제시 중곡로1길 38,656936,53249,,,,128.6266023259,34.8927484864428
MA010120220801511667,태양산업개발,,G2,소매,G210,철물·건설자재 소매,G21099,기타 건설/건축자재 소매업,G47519,"페인트, 창호 및 기타 건설자재 소매업",41,경기도,41220,평택시,41220635,용이동,4122012400,용이동,4122012400100080006,1,대지,8,6,경기도 평택시 용이동 8-6,412204364045,경기도 평택시 구룡길,69,1,4122012400100080006018611,,경기도 평택시 구룡길 69-1,450130,17868,,,,127.139138000137,36.9994412778966
MA010120220801543782,성신샷시유리,,G2,소매,G210,철물·건설자재 소매,G21099,기타 건설/건축자재 소매업,G47519,"페인트, 창호 및 기타 건설자재 소매업",41,경기도,41450,하남시,41450560,덕풍3동,4145010800,덕풍동,4145010800103260112,1,대지,326,112,경기도 하남시 덕풍동 326-112,414504406151,경기도 하남시 수리북로34번길,6,,4145010800103260112005709,,경기도 하남시 수리북로34번길 6,465013,12967,,,,127.203800861213,37.5423863968354
MA010120220801500555,넥서스,,G2,소매,G210,철물·건설자재 소매,G21099,기타 건설/건축자재 소매업,G47519,"페인트, 창호 및 기타 건설자재 소매업",41,경기도,41360,남양주시,41360250,와부읍,4136025024,와부읍,4136025024106210007,1,대지,621,7,경기도 남양주시 와부읍 월문리 621-7,413603197008,경기도 남양주시 와부읍 글개울로,93,,4136025024106210007000001,,경기도 남양주시 와부읍 글개울로 93,472905,12203,,,,127.24388189866,37.6089838607676
MA010120220801540983,우일홈우드,,G2,소매,G210,철물·건설자재 소매,G21099,기타 건설/건축자재 소매업,G47519,"페인트, 창호 및 기타 건설자재 소매업",41,경기도,41500,이천시,41500515,증포동,4150010900,증포동,4150010900102270010,1,대지,227,10,경기도 이천시 증포동 227-10,415003207044,경기도 이천시 이섭대천로,1455,,4150010900102270010012682,,경기도 이천시 이섭대천로 1455,467802,17346,,,,127.457785382427,37.2976000922225
MA010120220801541596,KCC중부총판,,G2,소매,G210,철물·건설자재 소매,G21099,기타 건설/건축자재 소매업,G47519,"페인트, 창호 및 기타 건설자재 소매업",41,경기도,41500,이천시,41500520,중리동,4150010300,중리동,4150010300104560012,1,대지,456,12,경기도 이천시 중리동 456-12,415002012002,경기도 이천시 경충대로,2606,,4150010300104560012010477,,경기도 이천시 경충대로 2606,467800,17377,,1,,127.443433855757,37.2755614408711
MA010120220801516684,코백철강,,G2,소매,G210,철물·건설자재 소매,G21099,기타 건설/건축자재 소매업,G47519,"페인트, 창호 및 기타 건설자재 소매업",41,경기도,41220,평택시,41220253,안중읍,4122025329,안중읍,4122025329100930033,1,대지,93,33,경기도 평택시 안중읍 송담리 93-33,412203188130,경기도 평택시 안중읍 현덕로,58,2,4122025329100930033000001,,경기도 평택시 안중읍 현덕로 58-2,451881,17942,,,,126.940003433571,36.9770436377795
MA010120220801520422,평택건재공구&인테리어,,G2,소매,G210,철물·건설자재 소매,G21099,기타 건설/건축자재 소매업,G47519,"페인트, 창호 및 기타 건설자재 소매업",41,경기도,41220,평택시,41220640,세교동,4122012100,지제동,4122012100108260001,1,대지,826,1,경기도 평택시 지제동 826-1,412203353379,경기도 평택시 평택지제역로,22,,4122012100108260001000002,,경기도 평택시 평택지제역로 22,450100,17823,,1,,127.062782215874,37.0184469424509
MA010120220801554157,금강건재상사,,G2,소매,G210,철물·건설자재 소매,G21099,기타 건설/건축자재 소매업,G47519,"페인트, 창호 및 기타 건설자재 소매업",41,경기도,41670,여주시,41670530,오학동,4167012100,오학동,4167012100103000011,1,대지,300,11,경기도 여주시 오학동 300-11,416703214070,경기도 여주시 여양로,312,,4173025041103000011058988,,경기도 여주시 여양로 312,469121,12636,,,,127.645198387025,37.3093681291987
MA010120220801559783,성남건재공구,,G2,소매,G210,철물·건설자재 소매,G21099,기타 건설/건축자재 소매업,G47519,"페인트, 창호 및 기타 건설자재 소매업",41,경기도,41281,고양시 덕양구,41281590,고양동,4128111600,고양동,4128111600108460000,1,대지,846,,경기도 고양시 덕양구 고양동 846,412813012033,경기도 고양시 덕양구 혜음로,164,,4128111400108460000006976,,경기도 고양시 덕양구 혜음로 164,412828,10271,,1,,126.901407710031,37.7150869676851
MA010120220801563781,쌍용건재,,G2,소매,G210,철물·건설자재 소매,G21099,기타 건설/건축자재 소매업,G47519,"페인트, 창호 및 기타 건설자재 소매업",41,경기도,41610,광주시,41610259,곤지암읍,4161025936,곤지암읍,4161025936100100002,1,대지,10,2,경기도 광주시 곤지암읍 삼리 10-2,416102012002,경기도 광주시 곤지암읍 경충대로,687,,4161025636100100002000001,,경기도 광주시 곤지암읍 경충대로 687,464937,12805,,,,127.332619153257,37.3519806532541
MA010120220801563843,배달건재,,G2,소매,G210,철물·건설자재 소매,G21099,기타 건설/건축자재 소매업,G47519,"페인트, 창호 및 기타 건설자재 소매업",41,경기도,41610,광주시,41610259,곤지암읍,4161025921,곤지암읍,4161025921104530007,1,대지,453,7,경기도 광주시 곤지암읍 곤지암리 453-7,416103211003,경기도 광주시 곤지암읍 곤지암로,70,14,4161025621104530007024269,,경기도 광주시 곤지암읍 곤지암로 70-14,464872,12804,,,,127.338389523124,37.3501081766184
MA010120220801586617,영남테크,,G2,소매,G210,철물·건설자재 소매,G21099,기타 건설/건축자재 소매업,G47519,"페인트, 창호 및 기타 건설자재 소매업",47,경상북도,47820,청도군,47820253,청도읍,4782025329,청도읍,4782025329104740004,1,대지,474,4,경상북도 청도군 청도읍 원정리 474-4,478203303047,경상북도 청도군 청도읍 중앙로,76,,4782025329104740004049627,,경상북도 청도군 청도읍 중앙로 76,714807,38337,,,,128.752015598434,35.6455724630962
MA010120220801583568,박홍구아트샵,,G2,소매,G210,철물·건설자재 소매,G21099,기타 건설/건축자재 소매업,G47519,"페인트, 창호 및 기타 건설자재 소매업",41,경기도,41500,이천시,41500370,설성면,4150037030,설성면,4150037030105220002,1,대지,522,2,경기도 이천시 설성면 상봉리 522-2,415004421418,경기도 이천시 설성면 설가로219번길,96,,4150037030105220002000001,,경기도 이천시 설성면 설가로219번길 96,467882,17409,,,,127.506476747596,37.1580832197708
MA010120220801564450,성심공업사,,G2,소매,G210,철물·건설자재 소매,G21099,기타 건설/건축자재 소매업,G47519,"페인트, 창호 및 기타 건설자재 소매업",41,경기도,41450,하남시,41450560,덕풍3동,4145010800,덕풍동,4145010800102190014,1,대지,219,14,경기도 하남시 덕풍동 219-14,414504406083,경기도 하남시 덕풍로81번길,51,,4145010800102190014006294,,경기도 하남시 덕풍로81번길 51,465801,12932,,,,127.203414417601,37.5500815824763
MA010120220801577820,상지테크,,G2,소매,G210,철물·건설자재 소매,G21099,기타 건설/건축자재 소매업,G47519,"페인트, 창호 및 기타 건설자재 소매업",41,경기도,41450,하남시,41450540,덕풍1동,4145010800,덕풍동,4145010800104350052,1,대지,435,52,경기도 하남시 덕풍동 435-52,414504406080,경기도 하남시 덕풍공원로93번길,18,4,4145010800104350052004702,,경기도 하남시 덕풍공원로93번길 18-4,465806,12977,,,,127.201090956272,37.5361110818776
MA010120220801584053,하남샷시유리공사,,G2,소매,G210,철물·건설자재 소매,G21099,기타 건설/건축자재 소매업,G47519,"페인트, 창호 및 기타 건설자재 소매업",41,경기도,41450,하남시,41450510,천현동,4145010100,천현동,4145010100103540003,1,대지,354,3,경기도 하남시 천현동 354-3,414503202028,경기도 하남시 샘재로,89,,4145010100103540003002469,,경기도 하남시 샘재로 89,465816,13018,,,,127.211605232404,37.5292361034806
MA010120220801587413,유플랜스홈,,G2,소매,G210,철물·건설자재 소매,G21099,기타 건설/건축자재 소매업,G47519,"페인트, 창호 및 기타 건설자재 소매업",41,경기도,41670,여주시,41670250,가남읍,4167025025,가남읍,4167025025102360000,1,대지,236,,경기도 여주시 가남읍 은봉리 236,416702012002,경기도 여주시 가남읍 경충대로,1004,,4173032025102360000011817,,경기도 여주시 가남읍 경충대로 1004,469881,12663,,,,127.563906308322,37.1843866630067
MA010120220801562630,양평황토방원두막,,G2,소매,G210,철물·건설자재 소매,G21099,기타 건설/건축자재 소매업,G47519,"페인트, 창호 및 기타 건설자재 소매업",41,경기도,41830,양평군,41830360,단월면,4183036023,단월면,4183036023200010002,2,산,1,2,경기도 양평군 단월면 봉상리 산1-2,418303000145,경기도 양평군 단월면 경강로,3693,,4183036023200010002000001,,경기도 양평군 단월면 경강로 3693,476853,12529,,,,127.662842938114,37.5211324932529
MA010120220801605023,제일다구함상사,,G2,소매,G210,철물·건설자재 소매,G21099,기타 건설/건축자재 소매업,G47519,"페인트, 창호 및 기타 건설자재 소매업",41,경기도,41500,이천시,41500515,증포동,4150010900,증포동,4150010900100210000,1,대지,21,,경기도 이천시 증포동 21,415003207057,경기도 이천시 황무로,1022,,4150010900100210000000001,,경기도 이천시 황무로 1022,467110,17348,,,,127.459036499145,37.2974691022956
MA010120220801613806,세광,,G2,소매,G210,철물·건설자재 소매,G21099,기타 건설/건축자재 소매업,G47519,"페인트, 창호 및 기타 건설자재 소매업",11,서울특별시,11290,성북구,11290575,동선동,1129010900,동소문동6가,1129010900101330001,1,대지,133,1,서울특별시 성북구 동소문동6가 133-1,112903107009,서울특별시 성북구 아리랑로,3,,1129010900101330002044135,,서울특별시 성북구 아리랑로 3,136036,02830,,6,,127.016146620749,37.5929718714043
MA010120220801604133,나무랑놀자,,G2,소매,G210,철물·건설자재 소매,G21099,기타 건설/건축자재 소매업,G47519,"페인트, 창호 및 기타 건설자재 소매업",41,경기도,41670,여주시,41670345,세종대왕면,4167034523,세종대왕면,4167034523100320011,1,대지,32,11,경기도 여주시 세종대왕면 왕대리 32-11,416704442356,경기도 여주시 세종대왕면 왕터1길,10,,4173035023100320013060386,,경기도 여주시 세종대왕면 왕터1길 10,469812,12642,,,,127.606140934888,37.3241351227225
MA010120220801604663,가남유성철물건재,,G2,소매,G210,철물·건설자재 소매,G21099,기타 건설/건축자재 소매업,G47519,"페인트, 창호 및 기타 건설자재 소매업",41,경기도,41670,여주시,41670250,가남읍,4167025021,가남읍,4167025021101110005,1,대지,111,5,경기도 여주시 가남읍 태평리 111-5,416704442463,경기도 여주시 가남읍 태평중앙1길,17,,4173032021101110005014269,,경기도 여주시 가남읍 태평중앙1길 17,469884,12662,,,,127.545876144376,37.2015458481935
MA010120220801641027,장수건재,,G2,소매,G210,철물·건설자재 소매,G21099,기타 건설/건축자재 소매업,G47519,"페인트, 창호 및 기타 건설자재 소매업",51,강원특별자치도,51780,철원군,51780256,갈말읍,5178025624,갈말읍,5178025624109370003,1,대지,937,3,강원특별자치도 철원군 갈말읍 군탄리 937-3,517803230012,강원특별자치도 철원군 갈말읍 명성로,220,,4278025624109370003035380,,강원특별자치도 철원군 갈말읍 명성로 220,269802,24034,,,,127.307774672417,38.1513113262174
MA010120220801647834,대원목재,,G2,소매,G210,철물·건설자재 소매,G21099,기타 건설/건축자재 소매업,G47519,"페인트, 창호 및 기타 건설자재 소매업",30,대전광역시,30170,서구,30170550,용문동,3017010500,용문동,3017010500102280047,1,대지,228,47,대전광역시 서구 용문동 228-47,301703166016,대전광역시 서구 도산로,428,,3017010500102280012023306,,대전광역시 서구 도산로 428,302844,35308,,,,127.396995679852,36.3408835781152
MA010120220801652894,월드샤시,,G2,소매,G210,철물·건설자재 소매,G21099,기타 건설/건축자재 소매업,G47519,"페인트, 창호 및 기타 건설자재 소매업",41,경기도,41250,동두천시,41250510,생연1동,4125010300,생연동,4125010300101530001,1,대지,153,1,경기도 동두천시 생연동 153-1,412503189031,경기도 동두천시 중앙로,451,19,4125010300101530001009507,,경기도 동두천시 중앙로 451-19,483031,11309,,,,127.067573275316,37.9146439389699
MA010120220801647939,동일건재,,G2,소매,G210,철물·건설자재 소매,G21099,기타 건설/건축자재 소매업,G47519,"페인트, 창호 및 기타 건설자재 소매업",41,경기도,41250,동두천시,41250565,불현동,4125010400,광암동,4125010400104940026,1,대지,494,26,경기도 동두천시 광암동 494-26,412503189003,경기도 동두천시 광암로,21,,4125010400104940028002557,,경기도 동두천시 광암로 21,483040,11321,,,,127.084348018609,37.8954520181801
MA010120220801671817,경기타일,,G2,소매,G210,철물·건설자재 소매,G21099,기타 건설/건축자재 소매업,G47519,"페인트, 창호 및 기타 건설자재 소매업",41,경기도,41650,포천시,41650250,소흘읍,4165025021,소흘읍,4165025021101370004,1,대지,137,4,경기도 포천시 소흘읍 송우리 137-4,416504439309,경기도 포천시 소흘읍 솔모루로58번길,21,,4165025021101370004013357,,경기도 포천시 소흘읍 솔모루로58번길 21,487823,11179,,,,127.146878574334,37.8267562259012
MA010120220801677443,신흥종합상사,,G2,소매,G210,철물·건설자재 소매,G21099,기타 건설/건축자재 소매업,G47519,"페인트, 창호 및 기타 건설자재 소매업",41,경기도,41630,양주시,41630520,양주2동,4163010900,고읍동,4163010900102570001,1,대지,257,1,경기도 양주시 고읍동 257-1,416304436349,경기도 양주시 청담로84번길,20,36,4163010900102570001000001,,경기도 양주시 청담로84번길 20-36,482020,11459,,,,127.074289271103,37.8078321966674
MA010120220801653847,도영건축내장,,G2,소매,G210,철물·건설자재 소매,G21099,기타 건설/건축자재 소매업,G47519,"페인트, 창호 및 기타 건설자재 소매업",41,경기도,41250,동두천시,41250520,생연2동,4125010300,생연동,4125010300106760006,1,대지,676,6,경기도 동두천시 생연동 676-6,412503189021,경기도 동두천시 어수로,104,,4125010300106760006007866,,경기도 동두천시 어수로 104,483032,11333,,,,127.054031278994,37.9021368302218
MA010120220803313903,성산,,G2,소매,G210,철물·건설자재 소매,G21099,기타 건설/건축자재 소매업,G47519,"페인트, 창호 및 기타 건설자재 소매업",48,경상남도,48123,창원시 성산구,48123540,사파동,4812313000,사파동,4812313000100300023,1,대지,30,23,경상남도 창원시 성산구 사파동 30-23,481234784121,경상남도 창원시 성산구 비음로27번길,4,,4812313000100300023033870,,경상남도 창원시 성산구 비음로27번길 4,642826,51452,,1,,128.699689475309,35.2298839118053
MA010120220803298003,김해종합석재토건,,G2,소매,G210,철물·건설자재 소매,G21099,기타 건설/건축자재 소매업,G47519,"페인트, 창호 및 기타 건설자재 소매업",48,경상남도,48250,김해시,48250580,활천동,4825011700,삼정동,4825011700106160004,1,대지,616,4,경상남도 김해시 삼정동 616-4,482502335001,경상남도 김해시 김해대로,2467,,4825011700106160004000001,,경상남도 김해시 김해대로 2467,621913,50934,,,,128.896685553001,35.2279749739072
MA010120220803315081,든든종합건설자재,,G2,소매,G210,철물·건설자재 소매,G21099,기타 건설/건축자재 소매업,G47519,"페인트, 창호 및 기타 건설자재 소매업",48,경상남도,48870,함양군,48870250,함양읍,4887025025,함양읍,4887025025103040006,1,대지,304,6,경상남도 함양군 함양읍 신천리 304-6,488704838069,경상남도 함양군 함양읍 기동길,37,3,4887025025103040004000001,,경상남도 함양군 함양읍 기동길 37-3,676804,50024,,,,127.739401578457,35.5253274562797
MA010120220803353489,수앤텍,,G2,소매,G210,철물·건설자재 소매,G21099,기타 건설/건축자재 소매업,G47519,"페인트, 창호 및 기타 건설자재 소매업",47,경상북도,47290,경산시,47290370,남천면,4729037024,남천면,4729037024105360062,1,대지,536,62,경상북도 경산시 남천면 대명리 536-62,472904739318,경상북도 경산시 남천면 모골길,50,,4729037000105360120000001,,경상북도 경산시 남천면 모골길 50,712881,38695,,,,128.721433956811,35.7791038488291
MA010120220803378902,강산상사,,G2,소매,G210,철물·건설자재 소매,G21099,기타 건설/건축자재 소매업,G47519,"페인트, 창호 및 기타 건설자재 소매업",43,충청북도,43730,옥천군,43730310,동이면,4373031022,동이면,4373031022112340000,1,대지,1234,,충청북도 옥천군 동이면 세산리 1234,437303000091,충청북도 옥천군 동이면 옥천로,2112,5,4373031022112340000026781,,충청북도 옥천군 동이면 옥천로 2112-5,373833,29024,,,,127.600193854091,36.2698885258173
MA010120220803346354,수명케미칼,,G2,소매,G210,철물·건설자재 소매,G21099,기타 건설/건축자재 소매업,G47519,"페인트, 창호 및 기타 건설자재 소매업",46,전라남도,46130,여수시,46130330,화양면,4613033022,화양면,4613033022114610002,1,대지,1461,2,전라남도 여수시 화양면 용주리 1461-2,461304646736,전라남도 여수시 화양면 용문사길,57,21,4613033022114610002017830,,전라남도 여수시 화양면 용문사길 57-21,556824,59658,,,,127.618146717187,34.7235496610398
MA010120220803360969,가람ENG,,G2,소매,G210,철물·건설자재 소매,G21099,기타 건설/건축자재 소매업,G47519,"페인트, 창호 및 기타 건설자재 소매업",26,부산광역시,26290,남구,26290630,감만2동,2629011100,감만동,2629011100100220012,1,대지,22,12,부산광역시 남구 감만동 22-12,262904193110,부산광역시 남구 석포로20번길,9,15,2629011100100220012023104,,부산광역시 남구 석포로20번길 9-15,608800,48542,,,,129.083826613526,35.1220931397892
MA010120220803341649,전남문박사,,G2,소매,G210,철물·건설자재 소매,G21099,기타 건설/건축자재 소매업,G47519,"페인트, 창호 및 기타 건설자재 소매업",46,전라남도,46150,순천시,46150560,조곡동,4615011100,조곡동,4615011100101530018,1,대지,153,18,전라남도 순천시 조곡동 153-18,461503283029,전라남도 순천시 팔마로,99,,4615011100101530018047042,,전라남도 순천시 팔마로 99,540963,57964,,,,127.499199046273,34.9461540504175
MA010120220803367043,텍스토머촘촘망버그쉴드,,G2,소매,G210,철물·건설자재 소매,G21099,기타 건설/건축자재 소매업,G47519,"페인트, 창호 및 기타 건설자재 소매업",30,대전광역시,30200,유성구,30200530,온천1동,3020011200,구암동,3020011200106700008,1,대지,670,8,대전광역시 유성구 구암동 670-8,302004301577,대전광역시 유성구 동서대로5번길,39,6,3020011200106700008000002,,대전광역시 유성구 동서대로5번길 39-6,305801,34155,,,,127.307319927221,36.3590181680092
MA010120220803472739,시대샷시,,G2,소매,G210,철물·건설자재 소매,G21099,기타 건설/건축자재 소매업,G47519,"페인트, 창호 및 기타 건설자재 소매업",11,서울특별시,11140,중구,11140615,신당동,1114016300,흥인동,1114016300100120008,1,대지,12,8,서울특별시 중구 흥인동 12-8,111404103071,서울특별시 중구 다산로48길,17,,1114016300100120008009661,,서울특별시 중구 다산로48길 17,100879,04570,,1,,127.017159801954,37.5673114234193
MA010120220803457036,앵글하우스,,G2,소매,G210,철물·건설자재 소매,G21099,기타 건설/건축자재 소매업,G47519,"페인트, 창호 및 기타 건설자재 소매업",11,서울특별시,11215,광진구,11215820,자양1동,1121510500,자양동,1121510500106230043,1,대지,623,43,서울특별시 광진구 자양동 623-43,112154112417,서울특별시 광진구 자양로13나길,12,,1121510500106230043013030,,서울특별시 광진구 자양로13나길 12,143866,05057,,지,,127.08051090555,37.5338311564905
MA010120220804929414,월성건축자재,,G2,소매,G210,철물·건설자재 소매,G21099,기타 건설/건축자재 소매업,G47519,"페인트, 창호 및 기타 건설자재 소매업",27,대구광역시,27170,서구,27170550,비산1동,2717010200,비산동,2717010200100520011,1,대지,52,11,대구광역시 서구 비산동 52-11,271703143002,대구광역시 서구 달서로,215,,2717010200100520011023097,,대구광역시 서구 달서로 215,703810,41743,,,,128.571771628008,35.8815328670812
MA010120220804902586,명진스틸,,G2,소매,G210,철물·건설자재 소매,G21099,기타 건설/건축자재 소매업,G47519,"페인트, 창호 및 기타 건설자재 소매업",41,경기도,41192,부천시 원미구,41192600,도당동,4119210400,도당동,4119210400100090000,1,대지,9,,경기도 부천시 원미구 도당동 9,411923184008,경기도 부천시 원미구 수도로,118,,4119510400100090000018989,,경기도 부천시 원미구 수도로 118,420800,14519,,3,,126.7791672925,37.5162898468263
MA010120220804932292,포나호스,,G2,소매,G210,철물·건설자재 소매,G21099,기타 건설/건축자재 소매업,G47519,"페인트, 창호 및 기타 건설자재 소매업",29,광주광역시,29140,서구,29140800,서창동,2914013200,매월동,2914013200109480000,1,대지,948,,광주광역시 서구 매월동 948,291403160009,광주광역시 서구 매월2로,53,,2914013200109460000024501,광주산업용재유통센터,광주광역시 서구 매월2로 53,502795,62074,,,,126.860287964665,35.1162249385525
MA010120220804976250,석재인,,G2,소매,G210,철물·건설자재 소매,G21099,기타 건설/건축자재 소매업,G47519,"페인트, 창호 및 기타 건설자재 소매업",11,서울특별시,11710,송파구,11710642,문정2동,1171010800,문정동,1171010800105160000,1,대지,516,,서울특별시 송파구 문정동 516,117103123017,서울특별시 송파구 충민로,66,,1171010800105600000000001,가든파이브라이프,서울특별시 송파구 충민로 66,138960,05838,,,,127.12496063833,37.4776148454472
MA010120220804950613,다린유통,,G2,소매,G210,철물·건설자재 소매,G21099,기타 건설/건축자재 소매업,G47519,"페인트, 창호 및 기타 건설자재 소매업",41,경기도,41370,오산시,41370526,대원2동,4137010300,원동,4137010300106690015,1,대지,669,15,경기도 오산시 원동 669-15,413703198044,경기도 오산시 부원로,146,,4137010300106690015010627,,경기도 오산시 부원로 146,447804,18149,,,,127.087809138698,37.1369398270944
MA010120220805002046,케이알테크,,G2,소매,G210,철물·건설자재 소매,G21099,기타 건설/건축자재 소매업,G47519,"페인트, 창호 및 기타 건설자재 소매업",41,경기도,41610,광주시,41610510,경안동,4161011200,역동,4161011200101350032,1,대지,135,32,경기도 광주시 역동 135-32,416103211018,경기도 광주시 역동로,76,,4161011200101350032000001,,경기도 광주시 역동로 76,464807,12778,,,,127.255553801867,37.4019267053674
MA010120220804989707,하이얀나무,,G2,소매,G210,철물·건설자재 소매,G21099,기타 건설/건축자재 소매업,G47519,"페인트, 창호 및 기타 건설자재 소매업",51,강원특별자치도,51110,춘천시,51110310,동면,5111031024,동면,5111031024106650010,1,대지,665,10,강원특별자치도 춘천시 동면 감정리 665-10,511104454490,강원특별자치도 춘천시 동면 연산골길,60,,4211031024106650010000001,,강원특별자치도 춘천시 동면 연산골길 60,200851,24212,,,,127.786865847699,37.9006902994335
MA010120220805008793,영성토탈인테리어,,G2,소매,G210,철물·건설자재 소매,G21099,기타 건설/건축자재 소매업,G47519,"페인트, 창호 및 기타 건설자재 소매업",41,경기도,41111,수원시 장안구,41111560,파장동,4111112900,파장동,4111112900104950019,1,대지,495,19,경기도 수원시 장안구 파장동 495-19,411114322086,경기도 수원시 장안구 만석로159번길,80,,4111112900104950019045963,,경기도 수원시 장안구 만석로159번길 80,440852,16351,,,,126.996322816344,37.3050629324788
MA010120220804983198,진우상사,,G2,소매,G210,철물·건설자재 소매,G21099,기타 건설/건축자재 소매업,G47519,"페인트, 창호 및 기타 건설자재 소매업",11,서울특별시,11200,성동구,11200790,용답동,1120012200,용답동,1120012200102280001,1,대지,228,1,서울특별시 성동구 용답동 228-1,112002000008,서울특별시 성동구 천호대로,366,,1120012200102280001001515,미라보타워,서울특별시 성동구 천호대로 366,133847,04808,,4,,127.059500255873,37.5617655606555
MA010120220805047372,대림창호판넬,,G2,소매,G210,철물·건설자재 소매,G21099,기타 건설/건축자재 소매업,G47519,"페인트, 창호 및 기타 건설자재 소매업",41,경기도,41360,남양주시,41360259,진건읍,4136025921,진건읍,4136025921106330125,1,대지,633,125,경기도 남양주시 진건읍 사능리 633-125,413603197050,경기도 남양주시 진건읍 진건오남로,22,2,4136025921106330125000001,,경기도 남양주시 진건읍 진건오남로 22-2,472831,12140,,,,127.180213945224,37.6526879113984
MA010120220805024835,골재마트,,G2,소매,G210,철물·건설자재 소매,G21099,기타 건설/건축자재 소매업,G47519,"페인트, 창호 및 기타 건설자재 소매업",43,충청북도,43720,보은군,43720250,보은읍,4372025033,보은읍,4372025033101580000,1,대지,158,,충청북도 보은군 보은읍 대야리 158,437202014002,충청북도 보은군 보은읍 보청대로,1597,,4372025033101580000000001,,충청북도 보은군 보은읍 보청대로 1597,376802,28916,,,,127.746869918953,36.4958827482725
MA010120220805027190,선린바이오,,G2,소매,G210,철물·건설자재 소매,G21099,기타 건설/건축자재 소매업,G47519,"페인트, 창호 및 기타 건설자재 소매업",11,서울특별시,11560,영등포구,11560515,영등포본동,1156013200,신길동,1156013200100480010,1,대지,48,10,서울특별시 영등포구 신길동 48-10,115604154734,서울특별시 영등포구 영등포로62가길,2,,1156013200100480010015142,,서울특별시 영등포구 영등포로62가길 2,150838,07309,,,,126.916251034204,37.5155926221532
MA010120220805050817,양우그린건축,,G2,소매,G210,철물·건설자재 소매,G21099,기타 건설/건축자재 소매업,G47519,"페인트, 창호 및 기타 건설자재 소매업",11,서울특별시,11545,금천구,11545510,가산동,1154510100,가산동,1154510100106600000,1,대지,660,,서울특별시 금천구 가산동 660,115453117001,서울특별시 금천구 가산디지털1로,30,,1154510100106600000017241,에이스하이엔드타워,서울특별시 금천구 가산디지털1로 30,153803,08591,,,,126.887500023525,37.4687974708553
MA010120220806410437,하우징서브,,G2,소매,G210,철물·건설자재 소매,G21099,기타 건설/건축자재 소매업,G47519,"페인트, 창호 및 기타 건설자재 소매업",41,경기도,41370,오산시,41370530,남촌동,4137010600,가장동,4137010600101610000,1,대지,161,,경기도 오산시 가장동 161,413704394004,경기도 오산시 가장로506번길,6,,4137010600101610000000001,,경기도 오산시 가장로506번길 6,447210,18104,,,,127.035001760654,37.1606109884647
MA010120220806417810,양평방화문,,G2,소매,G210,철물·건설자재 소매,G21099,기타 건설/건축자재 소매업,G47519,"페인트, 창호 및 기타 건설자재 소매업",41,경기도,41830,양평군,41830250,양평읍,4183025027,양평읍,4183025027105930002,1,대지,593,2,경기도 양평군 양평읍 도곡리 593-2,418303217044,경기도 양평군 양평읍 중앙로,300,,4183025027105930002019631,,경기도 양평군 양평읍 중앙로 300,476804,12564,,,,127.521384868814,37.4916313120634
MA010120220806401473,대신건재상사,,G2,소매,G210,철물·건설자재 소매,G21099,기타 건설/건축자재 소매업,G47519,"페인트, 창호 및 기타 건설자재 소매업",47,경상북도,47840,성주군,47840360,대가면,4784036036,대가면,4784036036105620006,1,대지,562,6,경상북도 성주군 대가면 옥화리 562-6,478403321023,경상북도 성주군 대가면 참별로,1796,,4784036036105620006000002,,경상북도 성주군 대가면 참별로 1796,719861,40054,,,,128.19285594976,35.8914095829398
MA010120220806459309,신성실업,,G2,소매,G210,철물·건설자재 소매,G21099,기타 건설/건축자재 소매업,G47519,"페인트, 창호 및 기타 건설자재 소매업",52,전북특별자치도,52130,군산시,52130650,조촌동,5213013500,경장동,5213013500101990003,1,대지,199,3,전북특별자치도 군산시 경장동 199-3,521304604966,전북특별자치도 군산시 조촌안5길,35,,4513013500101990003027042,,전북특별자치도 군산시 조촌안5길 35,573883,54076,,2,,126.734120727401,35.9725092867676
MA010120220806433583,제이앤에스파트너스,,G2,소매,G210,철물·건설자재 소매,G21099,기타 건설/건축자재 소매업,G47519,"페인트, 창호 및 기타 건설자재 소매업",41,경기도,41173,안양시 동안구,41173559,인덕원동,4117310200,관양동,4117310200109540006,1,대지,954,6,경기도 안양시 동안구 관양동 954-6,411734349232,경기도 안양시 동안구 흥안대로427번길,38,,4117310200109540006000001,제비,경기도 안양시 동안구 흥안대로427번길 38,431804,14059,,2,,126.972287316027,37.3929641506366
MA010120220806482113,하빈,,G2,소매,G210,철물·건설자재 소매,G21099,기타 건설/건축자재 소매업,G47519,"페인트, 창호 및 기타 건설자재 소매업",48,경상남도,48860,산청군,48860320,오부면,4886032023,오부면,4886032023104550001,1,대지,455,1,경상남도 산청군 오부면 내곡리 455-1,488603345046,경상남도 산청군 오부면 오동로,213,,4886032023104550001034010,,경상남도 산청군 오부면 오동로 213,666821,52205,,,,127.878305676341,35.4707971391024
MA010120220806501927,우전스톤,,G2,소매,G210,철물·건설자재 소매,G21099,기타 건설/건축자재 소매업,G47519,"페인트, 창호 및 기타 건설자재 소매업",51,강원특별자치도,51110,춘천시,51110600,후평1동,5111012000,후평동,5111012000103010001,1,대지,301,1,강원특별자치도 춘천시 후평동 301-1,511103218002,강원특별자치도 춘천시 공단로,16,,4211012000103010001031597,영신빌딩,강원특별자치도 춘천시 공단로 16,200957,24233,,2,,127.749893040468,37.887399748273
MA010120220806473052,창조알앤디,,G2,소매,G210,철물·건설자재 소매,G21099,기타 건설/건축자재 소매업,G47519,"페인트, 창호 및 기타 건설자재 소매업",11,서울특별시,11560,영등포구,11560605,문래동,1156012200,문래동4가,1156012200100670000,1,대지,67,,서울특별시 영등포구 문래동4가 67,115604154052,서울특별시 영등포구 경인로77길,49,,1156012200100670000000001,리버뷰신안인스빌,서울특별시 영등포구 경인로77길 49,150919,07287,,2,,126.888935975565,37.514407801863
MA010120220806522842,홍성목재상사,,G2,소매,G210,철물·건설자재 소매,G21099,기타 건설/건축자재 소매업,G47519,"페인트, 창호 및 기타 건설자재 소매업",44,충청남도,44800,홍성군,44800250,홍성읍,4480025022,홍성읍,4480025022101230004,1,대지,123,4,충청남도 홍성군 홍성읍 대교리 123-4,448003262016,충청남도 홍성군 홍성읍 의사로,84,,4480025022101230004008050,,충청남도 홍성군 홍성읍 의사로 84,350805,32218,,,,126.672192355318,36.604979483387
MA010120220806544414,스톤베니어,,G2,소매,G210,철물·건설자재 소매,G21099,기타 건설/건축자재 소매업,G47519,"페인트, 창호 및 기타 건설자재 소매업",11,서울특별시,11215,광진구,11215830,자양2동,1121510500,자양동,1121510500106800068,1,대지,680,68,서울특별시 광진구 자양동 680-68,112153104010,서울특별시 광진구 자양로,86,,1121510500106800068014077,,서울특별시 광진구 자양로 86,143874,05051,,3,,127.08442729586,37.5353601225713
MA010120220806528747,김순옥직권,,G2,소매,G210,철물·건설자재 소매,G21099,기타 건설/건축자재 소매업,G47519,"페인트, 창호 및 기타 건설자재 소매업",11,서울특별시,11530,구로구,11530595,가리봉동,1153010300,가리봉동,1153010300100880024,1,대지,88,24,서울특별시 구로구 가리봉동 88-24,115304148227,서울특별시 구로구 구로동로3길,10,4,1153010300100880024015147,,서울특별시 구로구 구로동로3길 10-4,152800,08322,,,,126.885837735141,37.4840319432262
MA010120220806536589,태경산업,,G2,소매,G210,철물·건설자재 소매,G21099,기타 건설/건축자재 소매업,G47519,"페인트, 창호 및 기타 건설자재 소매업",26,부산광역시,26440,강서구,26440530,강동동,2644010300,강동동,2644010300135830001,1,대지,3583,1,부산광역시 강서구 강동동 3583-1,264404208051,부산광역시 강서구 강동중곡2길,48,,2644010300135830001000001,,부산광역시 강서구 강동중곡2길 48,618802,46711,,,,128.910832818296,35.1666430813087
MA010120220807869362,제비표우의광양영업소,,G2,소매,G210,철물·건설자재 소매,G21099,기타 건설/건축자재 소매업,G47519,"페인트, 창호 및 기타 건설자재 소매업",46,전라남도,46230,광양시,46230250,광양읍,4623025023,광양읍,4623025023105670001,1,대지,567,1,전라남도 광양시 광양읍 칠성리 567-1,462304655419,전라남도 광양시 광양읍 인서중앙길,7,1,4623025023105670001044020,,전라남도 광양시 광양읍 인서중앙길 7-1,545808,57755,,1,,127.582773312185,34.9700558478507
MA010120220807867455,남부산업,,G2,소매,G210,철물·건설자재 소매,G21099,기타 건설/건축자재 소매업,G47519,"페인트, 창호 및 기타 건설자재 소매업",46,전라남도,46230,광양시,46230530,중마동,4623010600,중동,4623010600112350014,1,대지,1235,14,전라남도 광양시 중동 1235-14,462303285040,전라남도 광양시 중마로,47,,4623010600112350014000001,,전라남도 광양시 중마로 47,545879,57793,,,,127.688110758787,34.9291413743907
MA010120220807865217,북부타일건재,,G2,소매,G210,철물·건설자재 소매,G21099,기타 건설/건축자재 소매업,G47519,"페인트, 창호 및 기타 건설자재 소매업",46,전라남도,46150,순천시,46150620,중앙동,4615012200,동외동,4615012200101950014,1,대지,195,14,전라남도 순천시 동외동 195-14,461503283030,전라남도 순천시 환선로,27,1,4615012200101950014028508,,전라남도 순천시 환선로 27-1,540945,57939,,,,127.487062457504,34.9578761807714
MA010120220807858152,순천기와,,G2,소매,G210,철물·건설자재 소매,G21099,기타 건설/건축자재 소매업,G47519,"페인트, 창호 및 기타 건설자재 소매업",46,전라남도,46150,순천시,46150550,삼산동,4615010900,가곡동,4615010900110260005,1,대지,1026,5,전라남도 순천시 가곡동 1026-5,461504650181,전라남도 순천시 원가곡1길,5,,4615010900101210000000001,,전라남도 순천시 원가곡1길 5,540080,57924,,,,127.485263750256,34.9851950889811
MA010120220807869837,10mm디자인,,G2,소매,G210,철물·건설자재 소매,G21099,기타 건설/건축자재 소매업,G47519,"페인트, 창호 및 기타 건설자재 소매업",46,전라남도,46150,순천시,46150550,삼산동,4615010900,가곡동,4615010900103360019,1,대지,336,19,전라남도 순천시 가곡동 336-19,461503283038,전라남도 순천시 중앙로,386,,4615010900103360019055939,,전라남도 순천시 중앙로 386,540080,57923,,,,127.48462724209,34.979401790252
MA010120220807849368,대성건재,,G2,소매,G210,철물·건설자재 소매,G21099,기타 건설/건축자재 소매업,G47519,"페인트, 창호 및 기타 건설자재 소매업",46,전라남도,46770,고흥군,46770253,도양읍,4677025324,도양읍,4677025324120700017,1,대지,2070,17,전라남도 고흥군 도양읍 봉암리 2070-17,467703289018,전라남도 고흥군 도양읍 비봉로,121,,4677025324120700017063780,,전라남도 고흥군 도양읍 비봉로 121,548905,59555,,,,127.13632934902,34.5300155843438
MA010120220807850090,봉화석재,,G2,소매,G210,철물·건설자재 소매,G21099,기타 건설/건축자재 소매업,G47519,"페인트, 창호 및 기타 건설자재 소매업",46,전라남도,46780,보성군,46780250,보성읍,4678025024,보성읍,4678025024202350000,2,산,235,,전라남도 보성군 보성읍 봉산리 산235,467803290003,전라남도 보성군 보성읍 녹차로,1181,20,4678025024202350000104642,,전라남도 보성군 보성읍 녹차로 1181-20,546804,59448,,,,127.089890334372,34.7480349870044
MA010120220807866966,행복건재,,G2,소매,G210,철물·건설자재 소매,G21099,기타 건설/건축자재 소매업,G47519,"페인트, 창호 및 기타 건설자재 소매업",46,전라남도,46230,광양시,46230250,광양읍,4623025023,광양읍,4623025023100170001,1,대지,17,1,전라남도 광양시 광양읍 칠성리 17-1,462304655395,전라남도 광양시 광양읍 읍성길,201,6,4623025023100170001023869,,전라남도 광양시 광양읍 읍성길 201-6,545808,57743,,,,127.586704609146,34.9777616677602
MA010120220807886067,삼영페인트,,G2,소매,G210,철물·건설자재 소매,G21099,기타 건설/건축자재 소매업,G47519,"페인트, 창호 및 기타 건설자재 소매업",46,전라남도,46150,순천시,46150340,월등면,4615034022,월등면,4615034022100300000,1,대지,30,,전라남도 순천시 월등면 농선리 30,461504649181,전라남도 순천시 월등면 농곡아랫길,22,,4615034022100300000024965,,전라남도 순천시 월등면 농곡아랫길 22,540832,57902,,,,127.423713397898,35.1021707308499
MA010120220807901055,테라스,청주지점,G2,소매,G210,철물·건설자재 소매,G21099,기타 건설/건축자재 소매업,G47519,"페인트, 창호 및 기타 건설자재 소매업",43,충청북도,43113,청주시 흥덕구,43113751,봉명1동,4311311500,봉명동,4311311500107980000,1,대지,798,,충청북도 청주시 흥덕구 봉명동 798,431134512271,충청북도 청주시 흥덕구 1순환로565번길,10,,4311311500107980000002023,,충청북도 청주시 흥덕구 1순환로565번길 10,361818,28557,,,,127.462734607253,36.6423884815789
MA010120220807907545,덕충건재,,G2,소매,G210,철물·건설자재 소매,G21099,기타 건설/건축자재 소매업,G47519,"페인트, 창호 및 기타 건설자재 소매업",46,전라남도,46130,여수시,46130765,만덕동,4613012600,덕충동,4613012600112600012,1,대지,1260,12,전라남도 여수시 덕충동 1260-12,461303282076,전라남도 여수시 충민로,215,1,4613012600112600012045325,,전라남도 여수시 충민로 215-1,550812,59724,,,,127.739337424112,34.7512954481559
MA010120220807913605,태흥건업,,G2,소매,G210,철물·건설자재 소매,G21099,기타 건설/건축자재 소매업,G47519,"페인트, 창호 및 기타 건설자재 소매업",46,전라남도,46130,여수시,46130625,광림동,4613012100,오림동,4613012100104140004,1,대지,414,4,전라남도 여수시 오림동 414-4,461304646804,전라남도 여수시 장군산길,84,,4613012100104140004005909,,전라남도 여수시 장군산길 84,550210,59716,,,,127.718244726945,34.7558655587783
MA010120220807915806,엑스포단열,,G2,소매,G210,철물·건설자재 소매,G21099,기타 건설/건축자재 소매업,G47519,"페인트, 창호 및 기타 건설자재 소매업",46,전라남도,46130,여수시,46130310,소라면,4613031021,소라면,4613031021101840004,1,대지,184,4,전라남도 여수시 소라면 덕양리 184-4,461303282015,전라남도 여수시 소라면 덕양로,207,26,4613031021101840004000001,,전라남도 여수시 소라면 덕양로 207-26,556813,59649,,,,127.63352539801,34.7759322048703
MA010120220807908568,문수건재사,,G2,소매,G210,철물·건설자재 소매,G21099,기타 건설/건축자재 소매업,G47519,"페인트, 창호 및 기타 건설자재 소매업",46,전라남도,46130,여수시,46130710,문수동,4613012000,문수동,4613012000100800011,1,대지,80,11,전라남도 여수시 문수동 80-11,461304646372,전라남도 여수시 문수북6길,6,1,4613012000100800011008580,,전라남도 여수시 문수북6길 6-1,550816,59699,,,,127.70961516113,34.7582507671216
MA010120220807940944,아파트건재,,G2,소매,G210,철물·건설자재 소매,G21099,기타 건설/건축자재 소매업,G47519,"페인트, 창호 및 기타 건설자재 소매업",46,전라남도,46130,여수시,46130670,국동,4613011700,국동,4613011700104100001,1,대지,410,1,전라남도 여수시 국동 410-1,461303282045,전라남도 여수시 신월로,662,1,4613011700104100001021103,,전라남도 여수시 신월로 662-1,550805,59761,,,,127.717072891068,34.7302187155431
MA010120220807936677,대길건재,,G2,소매,G210,철물·건설자재 소매,G21099,기타 건설/건축자재 소매업,G47519,"페인트, 창호 및 기타 건설자재 소매업",43,충청북도,43111,청주시 상당구,43111525,중앙동,4311111200,수동,4311111200101120002,1,대지,112,2,충청북도 청주시 상당구 수동 112-2,431114508549,충청북도 청주시 상당구 우암산로89번길,16,,4311111200101120002052859,,충청북도 청주시 상당구 우암산로89번길 16,360112,28507,,,,127.495464823501,36.6441131704232
MA010120220807958827,화성중고목재,,G2,소매,G210,철물·건설자재 소매,G21099,기타 건설/건축자재 소매업,G47519,"페인트, 창호 및 기타 건설자재 소매업",52,전북특별자치도,52113,전주시 덕진구,52113540,인후1동,5211310300,인후동1가,5211310300106270017,1,대지,627,17,전북특별자치도 전주시 덕진구 인후동1가 627-17,521133267005,전북특별자치도 전주시 덕진구 건산로,156,,4511310300106270017027867,,전북특별자치도 전주시 덕진구 건산로 156,561830,55009,,,,127.154305377168,35.833119442064
MA010120220807922427,구봉건재사,,G2,소매,G210,철물·건설자재 소매,G21099,기타 건설/건축자재 소매업,G47519,"페인트, 창호 및 기타 건설자재 소매업",46,전라남도,46130,여수시,46130655,대교동,4613011500,봉산동,4613011500102680018,1,대지,268,18,전라남도 여수시 봉산동 268-18,461303282045,전라남도 여수시 신월로,724,,4613011500102680018050407,,전라남도 여수시 신월로 724,550818,59762,,,,127.720486837587,34.7348497839536
MA010120220807942217,씨엔케이서비스,,G2,소매,G210,철물·건설자재 소매,G21099,기타 건설/건축자재 소매업,G47519,"페인트, 창호 및 기타 건설자재 소매업",41,경기도,41630,양주시,41630520,양주2동,4163010600,광사동,4163010600106550001,1,대지,655,1,경기도 양주시 광사동 655-1,416303212004,경기도 양주시 고읍로,96,,4163010600106550001000001,그린프라자,경기도 양주시 고읍로 96,482030,11492,,,,127.08136163853,37.7954213091827
MA010120220807956128,다나산업,,G2,소매,G210,철물·건설자재 소매,G21099,기타 건설/건축자재 소매업,G47519,"페인트, 창호 및 기타 건설자재 소매업",52,전북특별자치도,52710,완주군,52710250,삼례읍,5271025029,삼례읍,5271025029104990008,1,대지,499,8,전북특별자치도 완주군 삼례읍 수계리 499-8,527103273043,전북특별자치도 완주군 삼례읍 신수로,416,,4571025029104990008006354,,전북특별자치도 완주군 삼례읍 신수로 416,565804,55332,,,,127.121856050839,35.927797103083
MA010120220807927759,디와이,,G2,소매,G210,철물·건설자재 소매,G21099,기타 건설/건축자재 소매업,N75999,그 외 기타 분류 안된 사업 지원 서비스업,41,경기도,41570,김포시,41570340,대곶면,4157034025,대곶면,4157034025100720001,1,대지,72,1,경기도 김포시 대곶면 율생리 72-1,415704427540,경기도 김포시 대곶면 종생로77번길,70,,4157034025100720001000001,,경기도 김포시 대곶면 종생로77번길 70,415854,10044,,,,126.595193526521,37.6511309293341
MA010120220807930851,개발샷슈,,G2,소매,G210,철물·건설자재 소매,G21099,기타 건설/건축자재 소매업,G47519,"페인트, 창호 및 기타 건설자재 소매업",46,전라남도,46130,여수시,46130600,충무동,4613011100,연등동,4613011100107270001,1,대지,727,1,전라남도 여수시 연등동 727-1,461303282069,전라남도 여수시 좌수영로,174,,4613011100107270001005946,,전라남도 여수시 좌수영로 174,550100,59727,,,,127.725469298342,34.7552278107557
MA010120220807983434,에스피아이화학,,G2,소매,G210,철물·건설자재 소매,G21099,기타 건설/건축자재 소매업,G47519,"페인트, 창호 및 기타 건설자재 소매업",36,세종특별자치시,36110,세종특별자치시,36110518,나성동,3611010700,나성동,3611010700107470000,1,대지,747,,세종특별자치시 세종특별자치시 나성동 747,361102000002,세종특별자치시 세종특별자치시 한누리대로,245,,3611010700104210000000001,S,세종특별자치시 세종특별자치시 한누리대로 245,339003,30127,,,,127.257680098971,36.4860739553461
MA010120220807982175,착한건축인테리어,,G2,소매,G210,철물·건설자재 소매,G21099,기타 건설/건축자재 소매업,G47519,"페인트, 창호 및 기타 건설자재 소매업",31,울산광역시,31170,동구,31170560,전하2동,3117010400,전하동,3117010400106750021,1,대지,675,21,울산광역시 동구 전하동 675-21,311704313220,울산광역시 동구 진성14길,57,,3117010400106750021003633,,울산광역시 동구 진성14길 57,682817,44049,,2,,129.425460837378,35.5077535286077
MA010120220809363286,에이버리단열필름,,G2,소매,G210,철물·건설자재 소매,G21099,기타 건설/건축자재 소매업,G47519,"페인트, 창호 및 기타 건설자재 소매업",41,경기도,41461,용인시 처인구,41461256,이동읍,4146125627,이동읍,4146125627105780001,1,대지,578,1,경기도 용인시 처인구 이동읍 묵리 578-1,414613203104,경기도 용인시 처인구 이동읍 이원로,374,,4146125627105780001000001,,경기도 용인시 처인구 이동읍 이원로 374,449833,17132,,,,127.231378965056,37.1755460318979
MA010120220809366682,로이상사,,G2,소매,G210,철물·건설자재 소매,G21099,기타 건설/건축자재 소매업,G47519,"페인트, 창호 및 기타 건설자재 소매업",28,인천광역시,28260,서구,28260515,검암경서동,2826010400,경서동,2826010400103320003,1,대지,332,3,인천광역시 서구 경서동 332-3,282602008010,인천광역시 서구 경명대로,393,,2826010400103320003026967,,인천광역시 서구 경명대로 393,404170,22692,,,,126.651674429084,37.553265906127
MA010120220809355111,삼백종합건재,,G2,소매,G210,철물·건설자재 소매,G21099,기타 건설/건축자재 소매업,G47519,"페인트, 창호 및 기타 건설자재 소매업",47,경상북도,47250,상주시,47250530,북문동,4725010900,무양동,4725010900100010078,1,대지,1,78,경상북도 상주시 무양동 1-78,472502018003,경상북도 상주시 경상대로,3089,,4725010900100010078095347,,경상북도 상주시 경상대로 3089,742905,37165,,,,128.150679892519,36.4227902622843
MA010120220809349547,가야건업,,G2,소매,G210,철물·건설자재 소매,G21099,기타 건설/건축자재 소매업,G47519,"페인트, 창호 및 기타 건설자재 소매업",47,경상북도,47190,구미시,47190250,선산읍,4719025022,선산읍,4719025022105500009,1,대지,550,9,경상북도 구미시 선산읍 동부리 550-9,471904855285,경상북도 구미시 선산읍 동교1길,17,,4719025022105500009041049,,경상북도 구미시 선산읍 동교1길 17,730804,39112,,,,128.30137515829,36.2448857827415
MA010120220809371903,명동전기,,G2,소매,G210,철물·건설자재 소매,G21099,기타 건설/건축자재 소매업,G47519,"페인트, 창호 및 기타 건설자재 소매업",51,강원특별자치도,51110,춘천시,51110545,약사명동,5111010900,죽림동,5111010900100320000,1,대지,32,,강원특별자치도 춘천시 죽림동 32,511104454476,강원특별자치도 춘천시 약사고개길,13,,4211010900100320000023432,호제일백화점,강원특별자치도 춘천시 약사고개길 13,200050,24355,,,,127.726071267564,37.8774857085028
MA010120220809353980,점촌골재,,G2,소매,G210,철물·건설자재 소매,G21099,기타 건설/건축자재 소매업,G47519,"페인트, 창호 및 기타 건설자재 소매업",47,경상북도,47280,문경시,47280600,점촌4동,4728010600,신기동,4728010600111100000,1,대지,1110,,경상북도 문경시 신기동 1110,472804736406,경상북도 문경시 신기공단1길,34,,4728010600111100000023467,,경상북도 문경시 신기공단1길 34,745060,36990,,,,128.176355209357,36.6378393532691
MA010120220809375292,성부,,G2,소매,G210,철물·건설자재 소매,G21099,기타 건설/건축자재 소매업,G47519,"페인트, 창호 및 기타 건설자재 소매업",41,경기도,41220,평택시,41220590,신평동,4122011300,평택동,4122011300100330003,1,대지,33,3,경기도 평택시 평택동 33-3,412204364847,경기도 평택시 평택1로20번길,42,,4122011300100330003014911,,경기도 평택시 평택1로20번길 42,450826,17910,,,,127.089430800916,36.994109673103
MA010120220809351348,흥농산업사,,G2,소매,G210,철물·건설자재 소매,G21099,기타 건설/건축자재 소매업,G47519,"페인트, 창호 및 기타 건설자재 소매업",47,경상북도,47250,상주시,47250250,함창읍,4725025024,함창읍,4725025024102360001,1,대지,236,1,경상북도 상주시 함창읍 증촌리 236-1,472503311067,경상북도 상주시 함창읍 함창중앙로,68,,4725025024100360001049689,,경상북도 상주시 함창읍 함창중앙로 68,742804,37117,,,,128.174018758005,36.5655951702312
MA010120220809351503,동아앵글,,G2,소매,G210,철물·건설자재 소매,G21099,기타 건설/건축자재 소매업,G47519,"페인트, 창호 및 기타 건설자재 소매업",47,경상북도,47250,상주시,47250540,계림동,4725010500,냉림동,4725010500102430007,1,대지,243,7,경상북도 상주시 냉림동 243-7,472503311074,경상북도 상주시 왕산로,381,,4725010500102430007087546,,경상북도 상주시 왕산로 381,742070,37179,,,,128.159981662314,36.421465721401
MA010120220809356447,중앙건재사,,G2,소매,G210,철물·건설자재 소매,G21099,기타 건설/건축자재 소매업,G47519,"페인트, 창호 및 기타 건설자재 소매업",47,경상북도,47280,문경시,47280580,점촌2동,4728010100,점촌동,4728010100102670020,1,대지,267,20,경상북도 문경시 점촌동 267-20,472803304021,경상북도 문경시 신흥로,153,,4728010100102670020024689,,경상북도 문경시 신흥로 153,745887,36970,,,,128.201717069197,36.5948478275037
MA010120220809351735,명창건업,,G2,소매,G210,철물·건설자재 소매,G21099,기타 건설/건축자재 소매업,G47519,"페인트, 창호 및 기타 건설자재 소매업",47,경상북도,47250,상주시,47250550,동문동,4725010300,인봉동,4725010300100100001,1,대지,10,1,경상북도 상주시 인봉동 10-1,472503311028,경상북도 상주시 삼백로,198,,4725010300100100001090265,,경상북도 상주시 삼백로 198,742060,37191,,,,128.165424734419,36.418610246054
MA010120220809354525,상산건업,,G2,소매,G210,철물·건설자재 소매,G21099,기타 건설/건축자재 소매업,G47519,"페인트, 창호 및 기타 건설자재 소매업",47,경상북도,47250,상주시,47250560,동성동,4725012000,서곡동,4725012000100810008,1,대지,81,8,경상북도 상주시 서곡동 81-8,472503311041,경상북도 상주시 식산로,83,2,4725012000100810008087271,,경상북도 상주시 식산로 83-2,742300,37243,,,,128.17925889764,36.4044440499182
MA010120220809381895,한성샷시,,G2,소매,G210,철물·건설자재 소매,G21099,기타 건설/건축자재 소매업,G47519,"페인트, 창호 및 기타 건설자재 소매업",47,경상북도,47210,영주시,47210250,풍기읍,4721025030,풍기읍,4721025030101100000,1,대지,110,,경상북도 영주시 풍기읍 백리 110,472103309091,경상북도 영주시 풍기읍 죽령로,1110,12,4721025030101090001006725,,경상북도 영주시 풍기읍 죽령로 1110-12,750804,36020,,,,128.507936341516,36.8788320032204
MA010120220809393550,황토친구편백,,G2,소매,G210,철물·건설자재 소매,G21099,기타 건설/건축자재 소매업,G47519,"페인트, 창호 및 기타 건설자재 소매업",52,전북특별자치도,52113,전주시 덕진구,52113642,송천2동,5211311900,전미동1가,5211311900103020007,1,대지,302,7,전북특별자치도 전주시 덕진구 전미동1가 302-7,521133016032,전북특별자치도 전주시 덕진구 과학로,316,,4511311900103020007000001,,전북특별자치도 전주시 덕진구 과학로 316,561311,54814,,,,127.126183964491,35.8969339595456
MA010120220809388915,대림금속,,G2,소매,G210,철물·건설자재 소매,G21099,기타 건설/건축자재 소매업,G47519,"페인트, 창호 및 기타 건설자재 소매업",47,경상북도,47210,영주시,47210380,단산면,4721038021,단산면,4721038021103880000,1,대지,388,,경상북도 영주시 단산면 동원리 388,472104727189,경상북도 영주시 단산면 동원로163번길,17,,4721038021103880000019467,,경상북도 영주시 단산면 동원로163번길 17,750831,36011,,,,128.613026640689,36.8815332963964
MA010120220809379927,현대함석,,G2,소매,G210,철물·건설자재 소매,G21099,기타 건설/건축자재 소매업,G47519,"페인트, 창호 및 기타 건설자재 소매업",47,경상북도,47210,영주시,47210550,영주1동,4721010100,영주동,4721010100103470011,1,대지,347,11,경상북도 영주시 영주동 347-11,472103309006,경상북도 영주시 광복로,20,2,4721010100103470002000001,,경상북도 영주시 광복로 20-2,750907,36077,,,,128.620518790536,36.8273711911818
MA010120220809394805,동원종합상사,,G2,소매,G210,철물·건설자재 소매,G21099,기타 건설/건축자재 소매업,G47519,"페인트, 창호 및 기타 건설자재 소매업",47,경상북도,47900,예천군,47900250,예천읍,4790025032,예천읍,4790025032108340001,1,대지,834,1,경상북도 예천군 예천읍 청복리 834-1,479003323006,경상북도 예천군 예천읍 양궁로,94,,4790025032108340001000002,,경상북도 예천군 예천읍 양궁로 94,757807,36829,,,,128.462791331526,36.6446678827239
MA010120220809399070,세진씨티에스,,G2,소매,G210,철물·건설자재 소매,G21099,기타 건설/건축자재 소매업,G47519,"페인트, 창호 및 기타 건설자재 소매업",44,충청남도,44200,아산시,44200590,온양3동,4420011400,권곡동,4420011400103710011,1,대지,371,11,충청남도 아산시 권곡동 371-11,442003253090,충청남도 아산시 문화로,225,16,4420011400103710011000001,,충청남도 아산시 문화로 225-16,336030,31518,,1,,127.011125525333,36.7914226654373
MA010120220809415072,금오건재사,,G2,소매,G210,철물·건설자재 소매,G21099,기타 건설/건축자재 소매업,G47519,"페인트, 창호 및 기타 건설자재 소매업",47,경상북도,47190,구미시,47190535,원평동,4719010100,원평동,4719010100110220015,1,대지,1022,15,경상북도 구미시 원평동 1022-15,471903308008,경상북도 구미시 금오시장로,33,,4719010100110220015000001,,경상북도 구미시 금오시장로 33,730924,39227,,,,128.34204655862,36.1276228636515
MA010120220809417351,해평종합건재,,G2,소매,G210,철물·건설자재 소매,G21099,기타 건설/건축자재 소매업,G47519,"페인트, 창호 및 기타 건설자재 소매업",47,경상북도,47190,구미시,47190340,해평면,4719034023,해평면,4719034023103380005,1,대지,338,5,경상북도 구미시 해평면 오상리 338-5,471903305003,경상북도 구미시 해평면 강동로,1566,,4719034023103380005064121,,경상북도 구미시 해평면 강동로 1566,730871,39155,,,,128.395238817757,36.190760794858
MA010120220809424261,일성알미늄,,G2,소매,G210,철물·건설자재 소매,G21099,기타 건설/건축자재 소매업,G47519,"페인트, 창호 및 기타 건설자재 소매업",47,경상북도,47190,구미시,47190256,산동읍,4719025626,산동읍,4719025626101980003,1,대지,198,3,경상북도 구미시 산동읍 봉산리 198-3,471904724788,경상북도 구미시 산동읍 임봉길,27,16,4719035026101980003052987,,경상북도 구미시 산동읍 임봉길 27-16,730853,39164,,,,128.457014728241,36.1403459446734
MA010120220809422199,세현창호개발,,G2,소매,G210,철물·건설자재 소매,G21099,기타 건설/건축자재 소매업,G47519,"페인트, 창호 및 기타 건설자재 소매업",47,경상북도,47190,구미시,47190253,고아읍,4719025321,고아읍,4719025321108090014,1,대지,809,14,경상북도 구미시 고아읍 관심리 809-14,471902308003,경상북도 구미시 고아읍 선산대로,1044,,4719025321108090014000374,,경상북도 구미시 고아읍 선산대로 1044,730811,39142,,,,128.322737943625,36.2140672303792
MA010120220809420667,고려알미늄샷시,,G2,소매,G210,철물·건설자재 소매,G21099,기타 건설/건축자재 소매업,G47519,"페인트, 창호 및 기타 건설자재 소매업",47,경상북도,47190,구미시,47190630,광평동,4719011400,광평동,4719011400100870011,1,대지,87,11,경상북도 구미시 광평동 87-11,471904724003,경상북도 구미시 1공단로3길,63,17,4719011400100870011029932,,경상북도 구미시 1공단로3길 63-17,730080,39345,,,,128.36570193343,36.1074853803005
MA010120220809449685,대금산업,,G2,소매,G210,철물·건설자재 소매,G21099,기타 건설/건축자재 소매업,G47519,"페인트, 창호 및 기타 건설자재 소매업",47,경상북도,47190,구미시,47190253,고아읍,4719025332,고아읍,4719025332114450000,1,대지,1445,,경상북도 구미시 고아읍 문성리 1445,471904724257,경상북도 구미시 고아읍 문성9길,22,90,4719025332114450000000001,,경상북도 구미시 고아읍 문성9길 22-90,730814,39147,,,,128.352363165459,36.1617679666595
MA010120220809488798,달서건재,,G2,소매,G210,철물·건설자재 소매,G21099,기타 건설/건축자재 소매업,G47519,"페인트, 창호 및 기타 건설자재 소매업",27,대구광역시,27290,달서구,27290601,월성1동,2729012000,월성동,2729012000115360004,1,대지,1536,4,대구광역시 달서구 월성동 1536-4,272903147040,대구광역시 달서구 조암로,97,,2729012000115360004000002,,대구광역시 달서구 조암로 97,704830,42755,,,,128.519991632116,35.8222815777782
MA010120220809471065,이지하우징,,G2,소매,G210,철물·건설자재 소매,G21099,기타 건설/건축자재 소매업,G47519,"페인트, 창호 및 기타 건설자재 소매업",11,서울특별시,11545,금천구,11545630,독산3동,1154510200,독산동,1154510200108960001,1,대지,896,1,서울특별시 금천구 독산동 896-1,115454151051,서울특별시 금천구 독산로106길,68,,1154510200108960001009166,독산동미소,서울특별시 금천구 독산로106길 68,153820,08549,,,,126.907576003793,37.4782844923133
MA010120220810921411,태화창호,,G2,소매,G210,철물·건설자재 소매,G21099,기타 건설/건축자재 소매업,G47519,"페인트, 창호 및 기타 건설자재 소매업",48,경상남도,48121,창원시 의창구,48121540,봉림동,4812112700,봉곡동,4812112700100460012,1,대지,46,12,경상남도 창원시 의창구 봉곡동 46-12,481214781608,경상남도 창원시 의창구 지귀로32번길,31,,4812112700100460012004326,,경상남도 창원시 의창구 지귀로32번길 31,641821,51180,,,,128.653850873891,35.2442806997363
MA010120220810912019,호정,,G2,소매,G210,철물·건설자재 소매,G21099,기타 건설/건축자재 소매업,G47519,"페인트, 창호 및 기타 건설자재 소매업",48,경상남도,48330,양산시,48330330,상북면,4833033023,상북면,4833033023102500000,1,대지,250,,경상남도 양산시 상북면 소토리 250,483304814503,경상남도 양산시 상북면 소토1길,23,1,4833033023102500000004097,,경상남도 양산시 상북면 소토1길 23-1,626856,50566,,,,129.057641014389,35.3804859736864
MA010120220810967366,일진스텐알루미늄판유리,,G2,소매,G210,철물·건설자재 소매,G21099,기타 건설/건축자재 소매업,G47519,"페인트, 창호 및 기타 건설자재 소매업",48,경상남도,48123,창원시 성산구,48123515,용지동,4812313600,신월동,4812313600100780009,1,대지,78,9,경상남도 창원시 성산구 신월동 78-9,481234781376,경상남도 창원시 성산구 신월로86번길,2,,4812112600100780009031325,,경상남도 창원시 성산구 신월로86번길 2,641838,51441,,,,128.695265571078,35.2252506284778
MA010120220810970595,대림목재산업사,,G2,소매,G210,철물·건설자재 소매,G21099,기타 건설/건축자재 소매업,G47519,"페인트, 창호 및 기타 건설자재 소매업",48,경상남도,48121,창원시 의창구,48121310,북면,4812131036,북면,4812131036106080002,1,대지,608,2,경상남도 창원시 의창구 북면 신촌리 608-2,481213327052,경상남도 창원시 의창구 북면 천주로,1109,,4812131036106080002047718,,경상남도 창원시 의창구 북면 천주로 1109,641873,51103,,,,128.606929139679,35.3497969870051
MA010120220810953750,한성목재상사,,G2,소매,G210,철물·건설자재 소매,G21099,기타 건설/건축자재 소매업,G47519,"페인트, 창호 및 기타 건설자재 소매업",48,경상남도,48129,창원시 진해구,48129560,경화동,4812913900,경화동,4812913900111670040,1,대지,1167,40,경상남도 창원시 진해구 경화동 1167-40,481294793024,경상남도 창원시 진해구 경화로7번길,36,,4812913900111670029013698,,경상남도 창원시 진해구 경화로7번길 36,645802,51667,,,,128.682506379107,35.1540517763547
MA010120220810996691,일성알루미늄,,G2,소매,G210,철물·건설자재 소매,G21099,기타 건설/건축자재 소매업,G47519,"페인트, 창호 및 기타 건설자재 소매업",31,울산광역시,31140,남구,31140510,신정1동,3114010400,신정동,3114010400114020006,1,대지,1402,6,울산광역시 남구 신정동 1402-6,311404310054,울산광역시 남구 남산로324번길,8,,3114010400114020006038143,,울산광역시 남구 남산로324번길 8,680825,44623,,1,,129.304049397972,35.5460602260181
MA010120220810989806,153조경자재,,G2,소매,G210,철물·건설자재 소매,G21099,기타 건설/건축자재 소매업,G47519,"페인트, 창호 및 기타 건설자재 소매업",51,강원특별자치도,51150,강릉시,51150600,내곡동,5115011600,내곡동,5115011600104800008,1,대지,480,8,강원특별자치도 강릉시 내곡동 480-8,511503220014,강원특별자치도 강릉시 범일로,613,,4215011600104800008028257,,강원특별자치도 강릉시 범일로 613,210927,25603,,,,128.880562315531,37.7424236335942
MA010120220811017497,상미종합판넬,,G2,소매,G210,철물·건설자재 소매,G21099,기타 건설/건축자재 소매업,G47519,"페인트, 창호 및 기타 건설자재 소매업",31,울산광역시,31110,중구,31110520,반구1동,3111011800,반구동,3111011800105940010,1,대지,594,10,울산광역시 중구 반구동 594-10,311104307090,울산광역시 중구 내황11길,11,,3111011800105940010017196,,울산광역시 중구 내황11길 11,681806,44504,,1,,129.345095443459,35.5539907686147
MA010120220811040655,제주앵글,,G2,소매,G210,철물·건설자재 소매,G21099,기타 건설/건축자재 소매업,G47519,"페인트, 창호 및 기타 건설자재 소매업",50,제주특별자치도,50110,제주시,50110640,오라동,5011011900,오라일동,5011011900124460020,1,대지,2446,20,제주특별자치도 제주시 오라일동 2446-20,501104847140,제주특별자치도 제주시 공설로7길,8,1,5011011900124460020039215,,제주특별자치도 제주시 공설로7길 8-1,690161,63190,,,,126.517646887102,33.497451945293
MA010120220811046407,한국타일도기상사,,G2,소매,G210,철물·건설자재 소매,G21099,기타 건설/건축자재 소매업,G47519,"페인트, 창호 및 기타 건설자재 소매업",31,울산광역시,31110,중구,31110610,다운동,3111011100,태화동,3111011100109120002,1,대지,912,2,울산광역시 중구 태화동 912-2,311103169020,울산광역시 중구 태화로,39,,3111011100109120002000001,,울산광역시 중구 태화로 39,681802,44432,,,,129.280492258003,35.5547530368443
MA010120220811040987,민하우징,,G2,소매,G210,철물·건설자재 소매,G21099,기타 건설/건축자재 소매업,G47519,"페인트, 창호 및 기타 건설자재 소매업",26,부산광역시,26710,기장군,26710259,일광읍,2671025932,일광읍,2671025932100330003,1,대지,33,3,부산광역시 기장군 일광읍 횡계리 33-3,267103140061,부산광역시 기장군 일광읍 이화로,87,,2671031032100330003000001,,부산광역시 기장군 일광읍 이화로 87,619912,46048,,,,129.229987148391,35.2730875404397
MA010120220811036545,서형,,G2,소매,G210,철물·건설자재 소매,G21099,기타 건설/건축자재 소매업,G47519,"페인트, 창호 및 기타 건설자재 소매업",31,울산광역시,31140,남구,31140560,달동,3114010500,달동,3114010500105730016,1,대지,573,16,울산광역시 남구 달동 573-16,311404310616,울산광역시 남구 신정로78번길,45,,3114010500105730016012321,,울산광역시 남구 신정로78번길 45,680801,44695,,1,,129.325440830366,35.5400447952842
MA010120220801334349,부광조립식앵글,,G2,소매,G210,철물·건설자재 소매,G21099,기타 건설/건축자재 소매업,G47519,"페인트, 창호 및 기타 건설자재 소매업",41,경기도,41113,수원시 권선구,41113540,세류3동,4111312600,세류동,4111312600103520008,1,대지,352,8,경기도 수원시 권선구 세류동 352-8,411134325312,경기도 수원시 권선구 세권로43번길,19,,4111312600103520008033830,,경기도 수원시 권선구 세권로43번길 19,441868,16575,,,,127.009548251672,37.2602899606753
MA010120220801327795,씨티신안산업,,G2,소매,G210,철물·건설자재 소매,G21099,기타 건설/건축자재 소매업,G47519,"페인트, 창호 및 기타 건설자재 소매업",43,충청북도,43114,청주시 청원구,43114253,오창읍,4311425345,오창읍,4311425345106590006,1,대지,659,6,충청북도 청주시 청원구 오창읍 양청리 659-6,431144520433,충청북도 청주시 청원구 오창읍 양청4길,7,6,4371025345006590006004597,,충청북도 청주시 청원구 오창읍 양청4길 7-6,363883,28116,,,,127.434185676074,36.7238763779019
MA010120220801372387,건영합판상사,,G2,소매,G210,철물·건설자재 소매,G21099,기타 건설/건축자재 소매업,G47519,"페인트, 창호 및 기타 건설자재 소매업",41,경기도,41590,화성시,41590360,팔탄면,4159036025,팔탄면,4159036025103810001,1,대지,381,1,경기도 화성시 팔탄면 구장리 381-1,415903210029,경기도 화성시 팔탄면 마당바위로,24,,4159036025103810001000001,,경기도 화성시 팔탄면 마당바위로 24,445915,18532,,,,126.901133666937,37.1581420628452
MA010120220801382317,유성가설산업,,G2,소매,G210,철물·건설자재 소매,G21099,기타 건설/건축자재 소매업,G47519,"페인트, 창호 및 기타 건설자재 소매업",41,경기도,41500,이천시,41500360,모가면,4150036022,모가면,4150036022103750009,1,대지,375,9,경기도 이천시 모가면 서경리 375-9,415003207055,경기도 이천시 모가면 진상미로,1111,28,4150036022103750009024036,,경기도 이천시 모가면 진상미로 1111-28,467872,17408,,,,127.480046466173,37.1567515456003
MA010120220801376460,우성건재,,G2,소매,G210,철물·건설자재 소매,G21099,기타 건설/건축자재 소매업,G47519,"페인트, 창호 및 기타 건설자재 소매업",41,경기도,41590,화성시,41590256,우정읍,4159025626,우정읍,4159025626108470035,1,대지,847,35,경기도 화성시 우정읍 화수리 847-35,415903210138,경기도 화성시 우정읍 버들로,725,,4159025626108470035012151,,경기도 화성시 우정읍 버들로 725,445956,18558,,,,126.80018839377,37.1096639562979
MA010120220801342805,경성종합건재,,G2,소매,G210,철물·건설자재 소매,G21099,기타 건설/건축자재 소매업,G47519,"페인트, 창호 및 기타 건설자재 소매업",41,경기도,41113,수원시 권선구,41113670,권선1동,4111313700,권선동,4111313700109400003,1,대지,940,3,경기도 수원시 권선구 권선동 940-3,411134325343,경기도 수원시 권선구 세지로140번길,51,,4111313700109400003022965,,경기도 수원시 권선구 세지로140번길 51,441821,16569,,,,127.023381215587,37.2634056440289
MA010120220801359561,한국종합목재창호,,G2,소매,G210,철물·건설자재 소매,G21099,기타 건설/건축자재 소매업,G47519,"페인트, 창호 및 기타 건설자재 소매업",41,경기도,41370,오산시,41370510,중앙동,4137010100,오산동,4137010100100730008,1,대지,73,8,경기도 오산시 오산동 73-8,413704394012,경기도 오산시 경기대로339번길,3,,4137010100100730008016407,,경기도 오산시 경기대로339번길 3,447800,18135,,,,127.072868877257,37.1548990674181
MA010120220801343678,오뚜기석재,,G2,소매,G210,철물·건설자재 소매,G21099,기타 건설/건축자재 소매업,G47519,"페인트, 창호 및 기타 건설자재 소매업",41,경기도,41113,수원시 권선구,41113550,평동,4111312800,고색동,4111312800100230001,1,대지,23,1,경기도 수원시 권선구 고색동 23-1,411133175046,경기도 수원시 권선구 평동로,7,,4111312800100230001054387,,경기도 수원시 권선구 평동로 7,441804,16602,,,,126.988040389542,37.2535319172947
MA010120220801397272,티제이우드,,G2,소매,G210,철물·건설자재 소매,G21099,기타 건설/건축자재 소매업,G47519,"페인트, 창호 및 기타 건설자재 소매업",41,경기도,41465,용인시 수지구,41465590,성복동,4146510600,성복동,4146510600105100004,1,대지,510,4,경기도 용인시 수지구 성복동 510-4,414654415071,경기도 용인시 수지구 성복2로301번길,21,,4146510600105100004000001,,경기도 용인시 수지구 성복2로301번길 21,448831,16805,,,,127.055820938185,37.3171867648765
MA010120220801417614,우진산업,,G2,소매,G210,철물·건설자재 소매,G21099,기타 건설/건축자재 소매업,G47519,"페인트, 창호 및 기타 건설자재 소매업",41,경기도,41113,수원시 권선구,41113550,평동,4111312800,고색동,4111312800109860000,1,대지,986,,경기도 수원시 권선구 고색동 986,411133175010,경기도 수원시 권선구 권선로,308,18,4111312800109860000050960,수원종합공구단지,경기도 수원시 권선구 권선로 308-18,441813,16602,,,,126.985368816943,37.2540722435472
MA010120220801390811,은진건재,,G2,소매,G210,철물·건설자재 소매,G21099,기타 건설/건축자재 소매업,G47519,"페인트, 창호 및 기타 건설자재 소매업",41,경기도,41113,수원시 권선구,41113670,권선1동,4111313700,권선동,4111313700109560001,1,대지,956,1,경기도 수원시 권선구 권선동 956-1,411134325116,경기도 수원시 권선구 권선로639번길,30,,4111313700109560001022803,,경기도 수원시 권선구 권선로639번길 30,441821,16569,,1,,127.022039263558,37.2620092857929
MA010120220801422736,삼흥석재,,G2,소매,G210,철물·건설자재 소매,G21099,기타 건설/건축자재 소매업,G47519,"페인트, 창호 및 기타 건설자재 소매업",41,경기도,41590,화성시,41590259,향남읍,4159025941,향남읍,4159025941102900001,1,대지,290,1,경기도 화성시 향남읍 장짐리 290-1,415904430537,경기도 화성시 향남읍 배터길,48,,4159025941102900000008549,,경기도 화성시 향남읍 배터길 48,445925,18594,,,,126.904348820477,37.1349694449121
MA010120220801392926,대성석재,,G2,소매,G210,철물·건설자재 소매,G21099,기타 건설/건축자재 소매업,G47519,"페인트, 창호 및 기타 건설자재 소매업",41,경기도,41590,화성시,41590253,봉담읍,4159025329,봉담읍,4159025329100250002,1,대지,25,2,경기도 화성시 봉담읍 세곡리 25-2,415904430006,경기도 화성시 봉담읍 가능골2길,17,,4159025329100250002000001,,경기도 화성시 봉담읍 가능골2길 17,445905,18334,,,,126.937641702032,37.1869195911328
MA010120220801411610,그린피플,,G2,소매,G210,철물·건설자재 소매,G21099,기타 건설/건축자재 소매업,G47519,"페인트, 창호 및 기타 건설자재 소매업",41,경기도,41590,화성시,41590253,봉담읍,4159025330,봉담읍,4159025330102680006,1,대지,268,6,경기도 화성시 봉담읍 당하리 268-6,415904430442,경기도 화성시 봉담읍 모세골길,12,,4159025330102680006031273,,경기도 화성시 봉담읍 모세골길 12,445892,18334,,,,126.936261309442,37.1811521096008
MA010120220801478993,대일건재,,G2,소매,G210,철물·건설자재 소매,G21099,기타 건설/건축자재 소매업,G47519,"페인트, 창호 및 기타 건설자재 소매업",41,경기도,41220,평택시,41220610,통복동,4122011400,통복동,4122011400101110020,1,대지,111,20,경기도 평택시 통복동 111-20,412203188084,경기도 평택시 중앙로,12,,4122011400101110020015463,,경기도 평택시 중앙로 12,450040,17911,,,,127.084545410692,36.9952215851392
MA010120220801474799,가강창호건축,,G2,소매,G210,철물·건설자재 소매,G21099,기타 건설/건축자재 소매업,G47519,"페인트, 창호 및 기타 건설자재 소매업",41,경기도,41220,평택시,41220520,서정동,4122010100,서정동,4122010100108660016,1,대지,866,16,경기도 평택시 서정동 866-16,412204364683,경기도 평택시 점촌로31번길,34,,4122010100108660016005954,태영공사,경기도 평택시 점촌로31번길 34,459813,17777,,,,127.057884281337,37.0648188000078
MA010120220801488042,대현테크,,G2,소매,G210,철물·건설자재 소매,G21099,기타 건설/건축자재 소매업,G47519,"페인트, 창호 및 기타 건설자재 소매업",41,경기도,41220,평택시,41220580,신장2동,4122011200,신장동,4122011200102670188,1,대지,267,188,경기도 평택시 신장동 267-188,412203188042,경기도 평택시 송월로,7,,4122011200102670188011714,,경기도 평택시 송월로 7,459120,17759,,1,,127.048850068832,37.0741579675013
MA010120220801490694,그린건설,,G2,소매,G210,철물·건설자재 소매,G21099,기타 건설/건축자재 소매업,G47519,"페인트, 창호 및 기타 건설자재 소매업",43,충청북도,43130,충주시,43130605,달천동,4313011000,풍동,4313011000104080002,1,대지,408,2,충청북도 충주시 풍동 408-2,431304515473,충청북도 충주시 하풍1길,15,,4313011000104080002011292,,충청북도 충주시 하풍1길 15,380190,27479,,,,127.901166602886,36.9402454555256
MA010120220801469527,경기건재상사,,G2,소매,G210,철물·건설자재 소매,G21099,기타 건설/건축자재 소매업,G47519,"페인트, 창호 및 기타 건설자재 소매업",41,경기도,41550,안성시,41550530,안성3동,4155012900,신소현동,4155012900100280001,1,대지,28,1,경기도 안성시 신소현동 28-1,415504424275,경기도 안성시 밤골길,92,,4155012900100280001015734,,경기도 안성시 밤골길 92,456380,17568,,,,127.261221931786,37.0224021095383
MA010120220801486407,한화농자재건재,,G2,소매,G210,철물·건설자재 소매,G21099,기타 건설/건축자재 소매업,G47519,"페인트, 창호 및 기타 건설자재 소매업",41,경기도,41550,안성시,41550520,안성2동,4155012200,옥산동,4155012200100790006,1,대지,79,6,경기도 안성시 옥산동 79-6,415503208066,경기도 안성시 중앙로,136,,4155012200100790006021640,,경기도 안성시 중앙로 136,456260,17576,,,,127.244208962946,37.0121750664602
MA010120220801486974,종합자재상사,,G2,소매,G210,철물·건설자재 소매,G21099,기타 건설/건축자재 소매업,G47519,"페인트, 창호 및 기타 건설자재 소매업",41,경기도,41220,평택시,41220535,송탄동,4122010300,모곡동,4122010300103100004,1,대지,310,4,경기도 평택시 모곡동 310-4,412202012013,경기도 평택시 경기대로,877,,4122010300103100004002938,,경기도 평택시 경기대로 877,459040,17787,,,,127.07073552928,37.0277416006425
MA010120220803136766,초일산업개발,,G2,소매,G210,철물·건설자재 소매,G21099,기타 건설/건축자재 소매업,G47519,"페인트, 창호 및 기타 건설자재 소매업",44,충청남도,44210,서산시,44210550,석남동,4421010800,석남동,4421010800100730010,1,대지,73,10,충청남도 서산시 석남동 73-10,442104562121,충청남도 서산시 남원3길,14,,4421010800100730010046211,,충청남도 서산시 남원3길 14,356110,32004,,,,126.460509950357,36.7657888162774
MA010120220803196051,라온이앤씨,,G2,소매,G210,철물·건설자재 소매,G21099,기타 건설/건축자재 소매업,G47519,"페인트, 창호 및 기타 건설자재 소매업",46,전라남도,46810,강진군,46810310,군동면,4681031022,군동면,4681031022106080016,1,대지,608,16,전라남도 강진군 군동면 호계리 608-16,468104679126,전라남도 강진군 군동면 문화마을길,20,5,4681031022106080016000001,,전라남도 강진군 군동면 문화마을길 20-5,527853,59223,,,,126.784970172542,34.6496319170932
MA010120220803198448,재팬네트웍스,,G2,소매,G210,철물·건설자재 소매,G21099,기타 건설/건축자재 소매업,G47519,"페인트, 창호 및 기타 건설자재 소매업",41,경기도,41135,성남시 분당구,41135655,삼평동,4113510900,삼평동,4113510900106600000,1,대지,660,,경기도 성남시 분당구 삼평동 660,411354340520,경기도 성남시 분당구 판교역로192번길,14,2,4113510900106600000000001,골드타워,경기도 성남시 분당구 판교역로192번길 14-2,463400,13524,,9,,127.112043180702,37.3974734868481
MA010120220803242517,하다건재,,G2,소매,G210,철물·건설자재 소매,G21099,기타 건설/건축자재 소매업,G47519,"페인트, 창호 및 기타 건설자재 소매업",41,경기도,41610,광주시,41610590,오포2동,4161011900,매산동,4161011900106290021,1,대지,629,21,경기도 광주시 매산동 629-21,416104433296,경기도 광주시 성들길,46,3,4161025026106290021039661,,경기도 광주시 성들길 46-3,464893,12798,,,,127.241577281976,37.3649781519602
MA010120220803229971,숨버미서부경남총판점,코리아,G2,소매,G210,철물·건설자재 소매,G21099,기타 건설/건축자재 소매업,G47519,"페인트, 창호 및 기타 건설자재 소매업",48,경상남도,48170,진주시,48170678,하대동,4817012000,하대동,4817012000103480028,1,대지,348,28,경상남도 진주시 하대동 348-28,481703332023,경상남도 진주시 모덕로,247,1,4817012000103480028009542,,경상남도 진주시 모덕로 247-1,660997,52771,,,,128.121051700416,35.1890751578948
MA010120220803251414,성광창호유리산업,,G2,소매,G210,철물·건설자재 소매,G21099,기타 건설/건축자재 소매업,G47519,"페인트, 창호 및 기타 건설자재 소매업",47,경상북도,47111,포항시 남구,47111250,구룡포읍,4711125028,구룡포읍,4711125028101570037,1,대지,157,37,경상북도 포항시 남구 구룡포읍 병포리 157-37,471114709184,경상북도 포항시 남구 구룡포읍 병포길,26,1,4711125028101570037064599,,경상북도 포항시 남구 구룡포읍 병포길 26-1,790804,37935,,,,129.550680751408,35.9850167846589
MA010120220803253628,부창ENG,,G2,소매,G210,철물·건설자재 소매,G21099,기타 건설/건축자재 소매업,G47519,"페인트, 창호 및 기타 건설자재 소매업",26,부산광역시,26410,금정구,26410591,부곡4동,2641010900,부곡동,2641010900107650009,1,대지,765,9,부산광역시 금정구 부곡동 765-9,264104205253,부산광역시 금정구 서동로60번길,15,9,2641010900107650009006314,,부산광역시 금정구 서동로60번길 15-9,609818,46309,,1,,129.093763152281,35.2174982296656
MA010120220804743450,대지기성문,,G2,소매,G210,철물·건설자재 소매,G21099,기타 건설/건축자재 소매업,G47519,"페인트, 창호 및 기타 건설자재 소매업",51,강원특별자치도,51210,속초시,51210510,영랑동,5121010100,영랑동,5121010100101630066,1,대지,163,66,강원특별자치도 속초시 영랑동 163-66,512103223024,강원특별자치도 속초시 번영로,234,,4221010100101630066017355,,강원특별자치도 속초시 번영로 234,217010,24807,,,,128.590439004596,38.2195062489961
MA010120220804756645,소비더즈,,G2,소매,G210,철물·건설자재 소매,G21099,기타 건설/건축자재 소매업,G47519,"페인트, 창호 및 기타 건설자재 소매업",51,강원특별자치도,51130,원주시,51130550,단구동,5113010700,단구동,5113010700101680020,1,대지,168,20,강원특별자치도 원주시 단구동 168-20,511303219054,강원특별자치도 원주시 치악로,1608,,4213010700101680020005522,,강원특별자치도 원주시 치악로 1608,220940,26451,,,,127.960807011093,37.3265349286826
MA010120220804747419,노디스,,G2,소매,G210,철물·건설자재 소매,G21099,기타 건설/건축자재 소매업,G47519,"페인트, 창호 및 기타 건설자재 소매업",51,강원특별자치도,51130,원주시,51130590,단계동,5113011000,단계동,5113011000111960007,1,대지,1196,7,강원특별자치도 원주시 단계동 1196-7,511304517934,강원특별자치도 원주시 바우골길,17,2,4213011000111960007000001,,강원특별자치도 원주시 바우골길 17-2,220100,26379,,,,127.91839551492,37.3542891619006
MA010120220804781142,중앙창호,,G2,소매,G210,철물·건설자재 소매,G21099,기타 건설/건축자재 소매업,G47519,"페인트, 창호 및 기타 건설자재 소매업",51,강원특별자치도,51190,태백시,51190535,삼수동,5119010100,황지동,5119010100102620007,1,대지,262,7,강원특별자치도 태백시 황지동 262-7,511903222013,강원특별자치도 태백시 황지로,215,1,4219010100102620007001631,,강원특별자치도 태백시 황지로 215-1,235801,26007,,,,128.987313317382,37.1765016203463
MA010120220804796968,보경목재상사,,G2,소매,G210,철물·건설자재 소매,G21099,기타 건설/건축자재 소매업,G47519,"페인트, 창호 및 기타 건설자재 소매업",11,서울특별시,11650,서초구,11650652,양재2동,1165010200,양재동,1165010200103190004,1,대지,319,4,서울특별시 서초구 양재동 319-4,116504163009,서울특별시 서초구 강남대로16길,16,,1165010200103190004003242,,서울특별시 서초구 강남대로16길 16,137896,06779,,,,127.040040755857,37.4707994325845
MA010120220804800574,비에스제이코오퍼레이션,,G2,소매,G210,철물·건설자재 소매,G21099,기타 건설/건축자재 소매업,G47519,"페인트, 창호 및 기타 건설자재 소매업",47,경상북도,47210,영주시,47210360,봉현면,4721036022,봉현면,4721036022104730000,1,대지,473,,경상북도 영주시 봉현면 오현리 473,472104727308,경상북도 영주시 봉현면 소백로1701번길,62,15,4721036022104730000000001,,경상북도 영주시 봉현면 소백로1701번길 62-15,750894,36045,,,,128.522105305995,36.855279063225
MA010120220804779893,철암블럭,,G2,소매,G210,철물·건설자재 소매,G21099,기타 건설/건축자재 소매업,G47519,"페인트, 창호 및 기타 건설자재 소매업",51,강원특별자치도,51190,태백시,51190615,철암동,5119010400,철암동,5119010400103490016,1,대지,349,16,강원특별자치도 태백시 철암동 349-16,511904466190,강원특별자치도 태백시 철암길,15,,4219010400103490016010574,,강원특별자치도 태백시 철암길 15,235200,26045,,,,129.040266224629,37.1171596817723
MA010120220804784284,중앙건재인테리어,,G2,소매,G210,철물·건설자재 소매,G21099,기타 건설/건축자재 소매업,G47519,"페인트, 창호 및 기타 건설자재 소매업",41,경기도,41670,여주시,41670520,중앙동,4167010300,창동,4167010300101400006,1,대지,140,6,경기도 여주시 창동 140-6,416704442331,경기도 여주시 여흥로88번길,2,,4173025023101400006028155,,경기도 여주시 여흥로88번길 2,469103,12627,,,,127.63267377136,37.2954699177709
MA010120220804792839,온누리엔텍,,G2,소매,G210,철물·건설자재 소매,G21099,기타 건설/건축자재 소매업,G47519,"페인트, 창호 및 기타 건설자재 소매업",41,경기도,41463,용인시 기흥구,41463520,구갈동,4146310200,구갈동,4146310200105790002,1,대지,579,2,경기도 용인시 기흥구 구갈동 579-2,414633204004,경기도 용인시 기흥구 강남로,9,,4146310200105790002021452,태평양프라자,경기도 용인시 기흥구 강남로 9,446573,16977,,,,127.126761440541,37.2715395671222
MA010120220804836870,포인트넷,,G2,소매,G210,철물·건설자재 소매,G21099,기타 건설/건축자재 소매업,G47519,"페인트, 창호 및 기타 건설자재 소매업",46,전라남도,46150,순천시,46150580,풍덕동,4615011500,풍덕동,4615011500108790012,1,대지,879,12,전라남도 순천시 풍덕동 879-12,461504650006,전라남도 순천시 중앙초등길,8,,4615011500108790012036784,,전라남도 순천시 중앙초등길 8,540970,57962,,,,127.499074426494,34.9454605001248
MA010120220804831347,석주건재,,G2,소매,G210,철물·건설자재 소매,G21099,기타 건설/건축자재 소매업,G47519,"페인트, 창호 및 기타 건설자재 소매업",41,경기도,41650,포천시,41650360,영중면,4165036021,영중면,4165036021107570002,1,대지,757,2,경기도 포천시 영중면 양문리 757-2,416504439237,경기도 포천시 영중면 뻐꾹천길,4,,4165036021107570002052903,,경기도 포천시 영중면 뻐꾹천길 4,487883,11129,,,,127.243790797194,37.9991797357339
MA010120220804843951,보드48,,G2,소매,G210,철물·건설자재 소매,G21099,기타 건설/건축자재 소매업,G47519,"페인트, 창호 및 기타 건설자재 소매업",41,경기도,41287,고양시 일산서구,41287560,주엽2동,4128710200,주엽동,4128710200100180000,1,대지,18,,경기도 고양시 일산서구 주엽동 18,412873193052,경기도 고양시 일산서구 주엽로,150,,4128710200100180000002012,자유프라자,경기도 고양시 일산서구 주엽로 150,411838,10387,,,,126.758983986888,37.6719414018126
MA010120220804824366,엠씨물류산업,,G2,소매,G210,철물·건설자재 소매,G21099,기타 건설/건축자재 소매업,G47519,"페인트, 창호 및 기타 건설자재 소매업",52,전북특별자치도,52113,전주시 덕진구,52113665,여의동,5211313900,여의동2가,5211313900105950002,1,대지,595,2,전북특별자치도 전주시 덕진구 여의동2가 595-2,521134601067,전북특별자치도 전주시 덕진구 덕용2길,35,,4511313900105950002000001,,전북특별자치도 전주시 덕진구 덕용2길 35,561330,54848,,,,127.079935466483,35.8709635435229
MA010120220804802312,일심건재,,G2,소매,G210,철물·건설자재 소매,G21099,기타 건설/건축자재 소매업,G47519,"페인트, 창호 및 기타 건설자재 소매업",11,서울특별시,11350,노원구,11350665,상계3.4동,1135010500,상계동,1135010500100370000,1,대지,37,,서울특별시 노원구 상계동 37,113503000004,서울특별시 노원구 덕릉로,881,,1135010500100370000004574,,서울특별시 노원구 덕릉로 881,139809,01633,,,,127.08503811299,37.6744995416548
MA010120220804855566,백암판넬,,G2,소매,G210,철물·건설자재 소매,G21099,기타 건설/건축자재 소매업,G47519,"페인트, 창호 및 기타 건설자재 소매업",41,경기도,41461,용인시 처인구,41461350,백암면,4146135031,백암면,4146135031107070002,1,대지,707,2,경기도 용인시 처인구 백암면 근곡리 707-2,414612012010,경기도 용인시 처인구 백암면 죽양대로,1427,33,4146135031107070002000001,,경기도 용인시 처인구 백암면 죽양대로 1427-33,449861,17176,,,,127.354109508257,37.1715034601232
MA010120220806210162,금강건축자재,백화점,G2,소매,G210,철물·건설자재 소매,G21099,기타 건설/건축자재 소매업,G47519,"페인트, 창호 및 기타 건설자재 소매업",30,대전광역시,30200,유성구,30200530,온천1동,3020011200,구암동,3020011200105990017,1,대지,599,17,대전광역시 유성구 구암동 599-17,302004301343,대전광역시 유성구 유성대로680번길,38,,3020011200105990002012633,,대전광역시 유성구 유성대로680번길 38,305801,34176,,,,127.332744397086,36.3536241238765
MA010120220806229635,아이거,,G2,소매,G210,철물·건설자재 소매,G21099,기타 건설/건축자재 소매업,G47519,"페인트, 창호 및 기타 건설자재 소매업",30,대전광역시,30170,서구,30170570,가장동,3017010900,가장동,3017010900100340045,1,대지,34,45,대전광역시 서구 가장동 34-45,301702010003,대전광역시 서구 동서대로,1144,11,3017010900100340045000001,,대전광역시 서구 동서대로 1144-11,302803,35318,,,,127.38743873439,36.3274513561807
MA010120220806252150,소풍,포항지점,G2,소매,G210,철물·건설자재 소매,G21099,기타 건설/건축자재 소매업,G47519,"페인트, 창호 및 기타 건설자재 소매업",47,경상북도,47113,포항시 북구,47113655,죽도동,4711311600,죽도동,4711311600102070002,1,대지,207,2,경상북도 포항시 북구 죽도동 207-2,471133303049,경상북도 포항시 북구 중흥로,265,,4711311600102070002135632,성원메디컬빌딩,경상북도 포항시 북구 중흥로 265,791842,37748,,,,129.360649104571,36.0266153368686
MA010120220806294388,서안냉열자재.부속,,G2,소매,G210,철물·건설자재 소매,G21099,기타 건설/건축자재 소매업,G47519,"페인트, 창호 및 기타 건설자재 소매업",44,충청남도,44210,서산시,44210540,수석동,4421010700,석림동,4421010700101830012,1,대지,183,12,충청남도 서산시 석림동 183-12,442104562293,충청남도 서산시 벌말1길,37,,4421010700101830012039053,,충청남도 서산시 벌말1길 37,356816,32002,,,,126.468250518324,36.7769523234476
MA010120220806267119,청주KS,,G2,소매,G210,철물·건설자재 소매,G21099,기타 건설/건축자재 소매업,G47519,"페인트, 창호 및 기타 건설자재 소매업",43,충청북도,43113,청주시 흥덕구,43113741,복대1동,4311311400,복대동,4311311400101170000,1,대지,117,,충청북도 청주시 흥덕구 복대동 117,431134511104,충청북도 청주시 흥덕구 가로수로1379번길,24,,4311311400106260014010486,,충청북도 청주시 흥덕구 가로수로1379번길 24,361811,28587,,,,127.445315429374,36.6350926435113
MA010120220806326463,에이스문짝,,G2,소매,G210,철물·건설자재 소매,G21099,기타 건설/건축자재 소매업,G47519,"페인트, 창호 및 기타 건설자재 소매업",43,충청북도,43114,청주시 청원구,43114520,내덕1동,4311410200,내덕동,4311410200107160002,1,대지,716,2,충청북도 청주시 청원구 내덕동 716-2,431144508027,충청북도 청주시 청원구 1순환로342번길,4,,4311111400107160002051845,,충청북도 청주시 청원구 1순환로342번길 4,363808,28343,,1,,127.476700524559,36.658607757839
MA010120220806334271,에이원,,G2,소매,G210,철물·건설자재 소매,G21099,기타 건설/건축자재 소매업,G47519,"페인트, 창호 및 기타 건설자재 소매업",43,충청북도,43111,청주시 상당구,43111720,용암1동,4311112400,용암동,4311112400122100000,1,대지,2210,,충청북도 청주시 상당구 용암동 2210,431114508113,충청북도 청주시 상당구 낙영로4번길,9,,4311112400122100000030121,,충청북도 청주시 상당구 낙영로4번길 9,360812,28767,,1,,127.507491349075,36.6159473391453
MA010120220806301745,건덕산업,,G2,소매,G210,철물·건설자재 소매,G21099,기타 건설/건축자재 소매업,G47519,"페인트, 창호 및 기타 건설자재 소매업",27,대구광역시,27230,북구,27230620,산격2동,2723011100,산격동,2723011100112690037,1,대지,1269,37,대구광역시 북구 산격동 1269-37,272304235183,대구광역시 북구 동북로31길,3,16,2723011100112690037029046,,대구광역시 북구 동북로31길 3-16,702837,41519,,,,128.609771199312,35.9005211199494
MA010120220806301804,상산브릭,,G2,소매,G210,철물·건설자재 소매,G21099,기타 건설/건축자재 소매업,G47519,"페인트, 창호 및 기타 건설자재 소매업",43,충청북도,43750,진천군,43750253,덕산읍,4375025322,덕산읍,4375025322103300001,1,대지,330,1,충청북도 진천군 덕산읍 화상리 330-1,437504535042,충청북도 진천군 덕산읍 귀농1길,121,46,4375031022103300001033813,,충청북도 진천군 덕산읍 귀농1길 121-46,365842,27856,,,,127.501952356375,36.8849612665297
MA010120220806307289,솔마종합우드,,G2,소매,G210,철물·건설자재 소매,G21099,기타 건설/건축자재 소매업,G47519,"페인트, 창호 및 기타 건설자재 소매업",41,경기도,41461,용인시 처인구,41461256,이동읍,4146125626,이동읍,4146125626105290008,1,대지,529,8,경기도 용인시 처인구 이동읍 덕성리 529-8,414612012009,경기도 용인시 처인구 이동읍 백옥대로,546,,4146125626105290008000001,,경기도 용인시 처인구 이동읍 백옥대로 546,449831,17130,,,,127.205361182857,37.1857128077265
MA010120220806324889,지산,,G2,소매,G210,철물·건설자재 소매,G21099,기타 건설/건축자재 소매업,G47519,"페인트, 창호 및 기타 건설자재 소매업",43,충청북도,43114,청주시 청원구,43114253,오창읍,4311425324,오창읍,4311425324102490000,1,대지,249,,충청북도 청주시 청원구 오창읍 일신리 249,431144520561,충청북도 청주시 청원구 오창읍 일신1길,35,,4371025324002490000005934,,충청북도 청주시 청원구 오창읍 일신1길 35,363887,28128,,1,,127.473570768264,36.7555895541736
MA010120220806302824,세상편한도어,,G2,소매,G210,철물·건설자재 소매,G21099,기타 건설/건축자재 소매업,G47519,"페인트, 창호 및 기타 건설자재 소매업",28,인천광역시,28260,서구,28260537,청라2동,2826012200,청라동,2826012200101470015,1,대지,147,15,인천광역시 서구 청라동 147-15,282604268930,인천광역시 서구 청라커낼로319번길,10,,2826010400108480015000001,,인천광역시 서구 청라커낼로319번길 10,,22748,,,,126.64364787018,37.5372222689684
MA010120220806363301,아키우드,,G2,소매,G210,철물·건설자재 소매,G21099,기타 건설/건축자재 소매업,G47519,"페인트, 창호 및 기타 건설자재 소매업",11,서울특별시,11680,강남구,11680521,논현1동,1168010800,논현동,1168010800101320009,1,대지,132,9,서울특별시 강남구 논현동 132-9,116804166784,서울특별시 강남구 학동로24길,19,,1168010800101320009007464,논현동공용빌딩,서울특별시 강남구 학동로24길 19,135824,06112,,1,,127.029317509965,37.5119696083086
MA010120220806350174,대산판넬,,G2,소매,G210,철물·건설자재 소매,G21099,기타 건설/건축자재 소매업,G47519,"페인트, 창호 및 기타 건설자재 소매업",44,충청남도,44790,청양군,44790250,청양읍,4479025021,청양읍,4479025021103330017,1,대지,333,17,충청남도 청양군 청양읍 읍내리 333-17,447904583311,충청남도 청양군 청양읍 칠갑산로열길,28,3,4479025021103330017001067,,충청남도 청양군 청양읍 칠갑산로열길 28-3,345804,33333,,,,126.803224436165,36.448575447271
MA010120220807692749,동아건재,,G2,소매,G210,철물·건설자재 소매,G21099,기타 건설/건축자재 소매업,G47519,"페인트, 창호 및 기타 건설자재 소매업",46,전라남도,46840,무안군,46840250,무안읍,4684025024,무안읍,4684025024100770000,1,대지,77,,전라남도 무안군 무안읍 교촌리 77,468403296023,전라남도 무안군 무안읍 승달로,28,,4684025024100770000056791,,전라남도 무안군 무안읍 승달로 28,534802,58522,,,,126.471654251064,34.9913969738679
MA010120220807715462,대진상사,,G2,소매,G210,철물·건설자재 소매,G21099,기타 건설/건축자재 소매업,G47519,"페인트, 창호 및 기타 건설자재 소매업",47,경상북도,47111,포항시 남구,47111545,해도동,4711110300,해도동,4711110300105110011,1,대지,511,11,경상북도 포항시 남구 해도동 511-11,471114709630,경상북도 포항시 남구 해동로60번길,8,3,4711110300105110011099038,,경상북도 포항시 남구 해동로60번길 8-3,790839,37794,,,,129.374113521783,36.0247366159944
MA010120220807701680,동양호스,,G2,소매,G210,철물·건설자재 소매,G21099,기타 건설/건축자재 소매업,G47519,"페인트, 창호 및 기타 건설자재 소매업",46,전라남도,46110,목포시,46110655,만호동,4611012500,행복동2가,4611012500100060000,1,대지,6,,전라남도 목포시 행복동2가 6,461104643402,전라남도 목포시 수강로12번길,11,1,4611012500100060000036254,,전라남도 목포시 수강로12번길 11-1,530130,58753,,,,126.386013069713,34.7869662684308
MA010120220807702028,정우기업,,G2,소매,G210,철물·건설자재 소매,G21099,기타 건설/건축자재 소매업,G47519,"페인트, 창호 및 기타 건설자재 소매업",46,전라남도,46830,영암군,46830253,삼호읍,4683025326,삼호읍,4683025326102550008,1,대지,255,8,전라남도 영암군 삼호읍 용앙리 255-8,468303295110,전라남도 영암군 삼호읍 녹색로,1015,5,4683025326102550031008042,,전라남도 영암군 삼호읍 녹색로 1015-5,526897,58447,,,,126.475695645234,34.7502387236854
MA010120220807714140,정석케미칼,,G2,소매,G210,철물·건설자재 소매,G21099,기타 건설/건축자재 소매업,G47519,"페인트, 창호 및 기타 건설자재 소매업",29,광주광역시,29200,광산구,29200626,첨단2동,2920011700,산월동,2920011700101940000,1,대지,194,,광주광역시 광산구 산월동 194,292004289523,광주광역시 광산구 월봉반월길,121,,2920011700101940000018420,정석케미칼,광주광역시 광산구 월봉반월길 121,506305,62272,,2,,126.848254457819,35.1987479104547
MA010120220807696442,동남건재,,G2,소매,G210,철물·건설자재 소매,G21099,기타 건설/건축자재 소매업,G47519,"페인트, 창호 및 기타 건설자재 소매업",46,전라남도,46110,목포시,46110640,동명동,4611011800,동명동,4611011800103390000,1,대지,339,,전라남도 목포시 동명동 339,461103281032,전라남도 목포시 산정로,8,1,4611011800103390000010751,,전라남도 목포시 산정로 8-1,530805,58742,,,,126.392562748911,34.7892526227009
MA010120220807712774,남양페인트,,G2,소매,G210,철물·건설자재 소매,G21099,기타 건설/건축자재 소매업,G47519,"페인트, 창호 및 기타 건설자재 소매업",46,전라남도,46110,목포시,46110510,용당1동,4611010200,산정동,4611010200110400217,1,대지,1040,217,전라남도 목포시 산정동 1040-217,461103281032,전라남도 목포시 산정로,190,,4611010200110400217032360,,전라남도 목포시 산정로 190,530808,58649,,,,126.39107973676,34.8051999164944
MA010120220807752006,모든도어,,G2,소매,G210,철물·건설자재 소매,G21099,기타 건설/건축자재 소매업,G47519,"페인트, 창호 및 기타 건설자재 소매업",47,경상북도,47113,포항시 북구,47113665,용흥동,4711311700,용흥동,4711311700100710007,1,대지,71,7,경상북도 포항시 북구 용흥동 71-7,471134712724,경상북도 포항시 북구 탑산길10번길,19,,4711311700100710007135879,,경상북도 포항시 북구 탑산길10번길 19,791809,37686,,,,129.358455179843,36.0367316177937
MA010120220807737764,문평철물건재,,G2,소매,G210,철물·건설자재 소매,G21099,기타 건설/건축자재 소매업,G47519,"페인트, 창호 및 기타 건설자재 소매업",46,전라남도,46170,나주시,46170370,문평면,4617037021,문평면,4617037021100690001,1,대지,69,1,전라남도 나주시 문평면 안곡리 69-1,461703000086,전라남도 나주시 문평면 체암로,314,,4617037021100690001048888,,전라남도 나주시 문평면 체암로 314,520942,58200,,,,126.603402001783,35.0562748575074
MA010120220807739946,김포타이루,,G2,소매,G210,철물·건설자재 소매,G21099,기타 건설/건축자재 소매업,G47519,"페인트, 창호 및 기타 건설자재 소매업",46,전라남도,46170,나주시,46170580,영산동,4617012400,용산동,4617012400102540002,1,대지,254,2,전라남도 나주시 용산동 254-2,461704652003,전라남도 나주시 가마태길,16,,4617012400102540002017397,외,전라남도 나주시 가마태길 16,520240,58272,,,,126.717946559076,34.9941839912794
MA010120220807744533,함평사료건재,,G2,소매,G210,철물·건설자재 소매,G21099,기타 건설/건축자재 소매업,G47519,"페인트, 창호 및 기타 건설자재 소매업",46,전라남도,46860,함평군,46860250,함평읍,4686025022,함평읍,4686025022109610003,1,대지,961,3,전라남도 함평군 함평읍 기각리 961-3,468604691212,전라남도 함평군 함평읍 영수길,229,6,4686025022109610003047089,,전라남도 함평군 함평읍 영수길 229-6,525802,57147,,,,126.522329913279,35.0655461845618
MA010120220807750240,동성상회,,G2,소매,G210,철물·건설자재 소매,G21099,기타 건설/건축자재 소매업,G47519,"페인트, 창호 및 기타 건설자재 소매업",46,전라남도,46830,영암군,46830250,영암읍,4683025024,영암읍,4683025024101090008,1,대지,109,8,전라남도 영암군 영암읍 동무리 109-8,468303295123,전라남도 영암군 영암읍 중앙로,48,1,4683025024101090005000001,,전라남도 영암군 영암읍 중앙로 48-1,526804,58416,,,,126.698545183179,34.8002834866236
MA010120220807740211,산포형제석재,,G2,소매,G210,철물·건설자재 소매,G21099,기타 건설/건축자재 소매업,G47519,"페인트, 창호 및 기타 건설자재 소매업",46,전라남도,46170,나주시,46170400,산포면,4617040025,산포면,4617040025104480000,1,대지,448,,전라남도 나주시 산포면 산제리 448,461703284039,전라남도 나주시 산포면 세남로,1353,,4617040025104480000076898,,전라남도 나주시 산포면 세남로 1353,520833,58213,,,,126.822296113554,35.0115078251226
MA010120220807789763,새로이창호,,G2,소매,G210,철물·건설자재 소매,G21099,기타 건설/건축자재 소매업,G47519,"페인트, 창호 및 기타 건설자재 소매업",50,제주특별자치도,50130,서귀포시,50130259,성산읍,5013025924,성산읍,5013025924105180001,1,대지,518,1,제주특별자치도 서귀포시 성산읍 고성리 518-1,501304850527,제주특별자치도 서귀포시 성산읍 신고로22번길,3,,5013025924105180001000001,,제주특별자치도 서귀포시 성산읍 신고로22번길 3,699901,63641,,,,126.917441886012,33.4377210905209
MA010120220807796724,리빙스페이스솔루션,,G2,소매,G210,철물·건설자재 소매,G21099,기타 건설/건축자재 소매업,G47519,"페인트, 창호 및 기타 건설자재 소매업",11,서울특별시,11530,구로구,11530530,구로2동,1153010200,구로동,1153010200106140033,1,대지,614,33,서울특별시 구로구 구로동 614-33,115303116005,서울특별시 구로구 구로중앙로,237,,1153010200106140033017075,라이프종합공구상가,서울특별시 구로구 구로중앙로 237,152864,08215,,5,,126.875353280813,37.5064203640439
MA010120220807778108,목향민속,,G2,소매,G210,철물·건설자재 소매,G21099,기타 건설/건축자재 소매업,G47519,"페인트, 창호 및 기타 건설자재 소매업",52,전북특별자치도,52111,전주시 완산구,52111660,서서학동,5211112600,서서학동,5211112600102670003,1,대지,267,3,전북특별자치도 전주시 완산구 서서학동 267-3,521113266077,전북특별자치도 전주시 완산구 팔달로,54,,4511112600102670003012820,,전북특별자치도 전주시 완산구 팔달로 54,560815,55100,,,,127.149863175549,35.8074031074548
MA010120220807805582,조은팜,,G2,소매,G210,철물·건설자재 소매,G21099,기타 건설/건축자재 소매업,G47519,"페인트, 창호 및 기타 건설자재 소매업",47,경상북도,47190,구미시,47190250,선산읍,4719025029,선산읍,4719025029103670015,1,대지,367,15,경상북도 구미시 선산읍 교리 367-15,471902308003,경상북도 구미시 선산읍 선산대로,1536,,4719025029103670010042246,,경상북도 구미시 선산읍 선산대로 1536,730801,39116,,,,128.306659347478,36.2515685919555
MA010120220807807598,황소타이루,,G2,소매,G210,철물·건설자재 소매,G21099,기타 건설/건축자재 소매업,G47519,"페인트, 창호 및 기타 건설자재 소매업",46,전라남도,46820,해남군,46820250,해남읍,4682025024,해남읍,4682025024104790006,1,대지,479,6,전라남도 해남군 해남읍 고도리 479-6,468203294003,전라남도 해남군 해남읍 남부순환로,122,,4682025024104790006000001,,전라남도 해남군 해남읍 남부순환로 122,536801,59042,,,,126.598567134574,34.56512908929
MA010120220807807642,좌일샷시,,G2,소매,G210,철물·건설자재 소매,G21099,기타 건설/건축자재 소매업,G47519,"페인트, 창호 및 기타 건설자재 소매업",46,전라남도,46820,해남군,46820360,북일면,4682036024,북일면,4682036024101320008,1,대지,132,8,전라남도 해남군 북일면 흥촌리 132-8,468203293053,전라남도 해남군 북일면 백도로,813,,4682036024101320008000001,,전라남도 해남군 북일면 백도로 813,536943,59051,,1,,126.675204724101,34.4641872874511
MA010120220807795835,대성종합건재,,G2,소매,G210,철물·건설자재 소매,G21099,기타 건설/건축자재 소매업,G47519,"페인트, 창호 및 기타 건설자재 소매업",46,전라남도,46800,장흥군,46800256,대덕읍,4680025623,대덕읍,4680025623103400005,1,대지,340,5,전라남도 장흥군 대덕읍 신월리 340-5,468003292008,전라남도 장흥군 대덕읍 도청신월로,175,,4680025623103400005038714,,전라남도 장흥군 대덕읍 도청신월로 175,529902,59365,,,,126.88591289594,34.4980818100408
MA010120220807811169,태영상사,,G2,소매,G210,철물·건설자재 소매,G21099,기타 건설/건축자재 소매업,G47519,"페인트, 창호 및 기타 건설자재 소매업",46,전라남도,46810,강진군,46810250,강진읍,4681025023,강진읍,4681025023103790051,1,대지,379,51,전라남도 강진군 강진읍 서성리 379-51,468104679007,전라남도 강진군 강진읍 강진공단길,42,16,4681025023103790024603372,,전라남도 강진군 강진읍 강진공단길 42-16,527805,59243,,,,126.757068330139,34.6343903658856
MA010120220807816084,현대석재,,G2,소매,G210,철물·건설자재 소매,G21099,기타 건설/건축자재 소매업,G47519,"페인트, 창호 및 기타 건설자재 소매업",46,전라남도,46820,해남군,46820350,북평면,4682035021,북평면,4682035021108500000,1,대지,850,,전라남도 해남군 북평면 남창리 850,468203294005,전라남도 해남군 북평면 땅끝해안로,4143,,4682035021108500000000001,,전라남도 해남군 북평면 땅끝해안로 4143,536932,59055,,,,126.622274622207,34.4090821996841
MA010120220807814562,제일기업,,G2,소매,G210,철물·건설자재 소매,G21099,기타 건설/건축자재 소매업,G47519,"페인트, 창호 및 기타 건설자재 소매업",46,전라남도,46890,완도군,46890250,완도읍,4689025021,완도읍,4689025021112730004,1,대지,1273,4,전라남도 완도군 완도읍 군내리 1273-4,468904700015,전라남도 완도군 완도읍 개포로56번길,29,9,4689025021112730004008379,,전라남도 완도군 완도읍 개포로56번길 29-9,537800,59118,,,,126.748510124689,34.3177449107734
MA010120220807824596,지흥,,G2,소매,G210,철물·건설자재 소매,G21099,기타 건설/건축자재 소매업,G47519,"페인트, 창호 및 기타 건설자재 소매업",31,울산광역시,31170,동구,31170560,전하2동,3117010400,전하동,3117010400106750021,1,대지,675,21,울산광역시 동구 전하동 675-21,311704313220,울산광역시 동구 진성14길,57,,3117010400106750021003633,,울산광역시 동구 진성14길 57,682817,44049,,3,,129.425460837378,35.5077535286077
MA010120220807822186,케이-스토어하드웨어,,G2,소매,G210,철물·건설자재 소매,G21099,기타 건설/건축자재 소매업,G47519,"페인트, 창호 및 기타 건설자재 소매업",44,충청남도,44200,아산시,44200250,염치읍,4420025031,염치읍,4420025031101840002,1,대지,184,2,충청남도 아산시 염치읍 방현리 184-2,442004559181,충청남도 아산시 염치읍 방현동길,75,19,4420025031101890000000001,,충청남도 아산시 염치읍 방현동길 75-19,336814,31448,,1,,127.015422232861,36.8193206127647
MA010120220807810187,해성철물농자재,,G2,소매,G210,철물·건설자재 소매,G21099,기타 건설/건축자재 소매업,G47519,"페인트, 창호 및 기타 건설자재 소매업",46,전라남도,46820,해남군,46820400,황산면,4682040025,황산면,4682040025104860009,1,대지,486,9,전라남도 해남군 황산면 우항리 486-9,468203294013,전라남도 해남군 황산면 시등로,95,,4682040025104860009000002,,전라남도 해남군 황산면 시등로 95,536862,59007,,1,,126.433886051608,34.5759517044974
MA010120220807810358,보길목공소,,G2,소매,G210,철물·건설자재 소매,G21099,기타 건설/건축자재 소매업,G47519,"페인트, 창호 및 기타 건설자재 소매업",46,전라남도,46890,완도군,46890380,보길면,4689038023,보길면,4689038023101840002,1,대지,184,2,전라남도 완도군 보길면 부황리 184-2,468904854551,전라남도 완도군 보길면 부황길,31,,4689038023101840002030511,,전라남도 완도군 보길면 부황길 31,537852,59161,,,,126.557828134808,34.1648989207179
MA010120220807818659,완도고리상사,,G2,소매,G210,철물·건설자재 소매,G21099,기타 건설/건축자재 소매업,G47519,"페인트, 창호 및 기타 건설자재 소매업",46,전라남도,46890,완도군,46890340,약산면,4689034022,약산면,4689034022109330001,1,대지,933,1,전라남도 완도군 약산면 우두리 933-1,468904854425,전라남도 완도군 약산면 천동넙고길,36,,4689034022109330001021262,,전라남도 완도군 약산면 천동넙고길 36,537881,59134,,,,126.873537873012,34.3937340912548
MA010120220807828887,화도,,G2,소매,G210,철물·건설자재 소매,G21099,기타 건설/건축자재 소매업,G47519,"페인트, 창호 및 기타 건설자재 소매업",48,경상남도,48330,양산시,48330310,동면,4833031026,동면,4833031026114740001,1,대지,1474,1,경상남도 양산시 동면 석산리 1474-1,483304814926,경상남도 양산시 동면 금오11길,15,,4833031026114740001000001,,경상남도 양산시 동면 금오11길 15,626821,50639,,,,129.023678540771,35.3149789058273
MA010120220809220428,야시홀건재,,G2,소매,G210,철물·건설자재 소매,G21099,기타 건설/건축자재 소매업,G47519,"페인트, 창호 및 기타 건설자재 소매업",47,경상북도,47770,영덕군,47770250,영덕읍,4777025023,영덕읍,4777025023100690008,1,대지,69,8,경상북도 영덕군 영덕읍 남석리 69-8,477704754311,경상북도 영덕군 영덕읍 중앙길,113,,4777025023100690008013691,,경상북도 영덕군 영덕읍 중앙길 113,766801,36436,,,,129.367648966921,36.4112891399676
MA010120220809201406,신일건재사,,G2,소매,G210,철물·건설자재 소매,G21099,기타 건설/건축자재 소매업,G47519,"페인트, 창호 및 기타 건설자재 소매업",47,경상북도,47113,포항시 북구,47113655,죽도동,4711311600,죽도동,4711311600100770008,1,대지,77,8,경상북도 포항시 북구 죽도동 77-8,471134712715,경상북도 포항시 북구 칠성천길,62,,4711311600100770008132064,,경상북도 포항시 북구 칠성천길 62,791841,37743,,,,129.361123721776,36.0339670891355
MA010120220809225448,윤택상회,,G2,소매,G210,철물·건설자재 소매,G21099,기타 건설/건축자재 소매업,G47519,"페인트, 창호 및 기타 건설자재 소매업",47,경상북도,47930,울진군,47930380,후포면,4793038021,후포면,4793038021104920000,1,대지,492,,경상북도 울진군 후포면 후포리 492,479303325034,경상북도 울진군 후포면 후포로,173,,4793038021104930002015871,,경상북도 울진군 후포면 후포로 173,767834,36369,,,,129.459504431717,36.6831994404744
MA010120220809197477,현대건재사,,G2,소매,G210,철물·건설자재 소매,G21099,기타 건설/건축자재 소매업,G47519,"페인트, 창호 및 기타 건설자재 소매업",47,경상북도,47111,포항시 남구,47111250,구룡포읍,4711125021,구룡포읍,4711125021109550006,1,대지,955,6,경상북도 포항시 남구 구룡포읍 구룡포리 955-6,471113303064,경상북도 포항시 남구 구룡포읍 호미로,241,,4711125021109550006064563,,경상북도 포항시 남구 구룡포읍 호미로 241,790801,37933,,,,129.55669043224,35.9912405252292
MA010120220809198163,흥해건재사,,G2,소매,G210,철물·건설자재 소매,G21099,기타 건설/건축자재 소매업,G47519,"페인트, 창호 및 기타 건설자재 소매업",47,경상북도,47113,포항시 북구,47113250,흥해읍,4711325025,흥해읍,4711325025101630001,1,대지,163,1,경상북도 포항시 북구 흥해읍 약성리 163-1,471133304047,경상북도 포항시 북구 흥해읍 흥해로,88,1,4711325025101630001012339,,경상북도 포항시 북구 흥해읍 흥해로 88-1,791946,37540,,,,129.347819441844,36.1125784527477
MA010120220809250302,한일스텐금속,,G2,소매,G210,철물·건설자재 소매,G21099,기타 건설/건축자재 소매업,G47519,"페인트, 창호 및 기타 건설자재 소매업",47,경상북도,47170,안동시,47170330,서후면,4717033025,서후면,4717033025105130000,1,대지,513,,경상북도 안동시 서후면 금계리 513,471704721151,경상북도 안동시 서후면 금계1길,32,18,4717033025105130000000001,,경상북도 안동시 서후면 금계1길 32-18,760822,36616,,,,128.671734111253,36.6118420369341
MA010120220809254230,백두철강,,G2,소매,G210,철물·건설자재 소매,G21099,기타 건설/건축자재 소매업,G47519,"페인트, 창호 및 기타 건설자재 소매업",47,경상북도,47760,영양군,47760250,영양읍,4776025022,영양읍,4776025022104520004,1,대지,452,4,경상북도 영양군 영양읍 서부리 452-4,477604751258,경상북도 영양군 영양읍 자부1길,12,3,4776025022104520004010367,,경상북도 영양군 영양읍 자부1길 12-3,764805,36538,,,,129.110209999301,36.6647867767216
MA010120220809252601,미성사,,G2,소매,G210,철물·건설자재 소매,G21099,기타 건설/건축자재 소매업,G47519,"페인트, 창호 및 기타 건설자재 소매업",47,경상북도,47170,안동시,47170250,풍산읍,4717025021,풍산읍,4717025021100820003,1,대지,82,3,경상북도 안동시 풍산읍 안교리 82-3,471704722190,경상북도 안동시 풍산읍 풍산중앙길,110,,4717025021100820003095488,,경상북도 안동시 풍산읍 풍산중앙길 110,760802,36621,,,,128.572742485015,36.5793467493332
MA010120220809253450,보광,,G2,소매,G210,철물·건설자재 소매,G21099,기타 건설/건축자재 소매업,G47519,"페인트, 창호 및 기타 건설자재 소매업",27,대구광역시,27720,군위군,27720250,군위읍,2772025032,군위읍,2772025032103800002,1,대지,380,2,대구광역시 군위군 군위읍 정리 380-2,277204742242,대구광역시 군위군 군위읍 정2길,14,,4772025032103800002011072,,대구광역시 군위군 군위읍 정2길 14,716801,43110,,,,128.569244263575,36.2496010467324
MA010120220809249843,진보판넬,,G2,소매,G210,철물·건설자재 소매,G21099,기타 건설/건축자재 소매업,G47519,"페인트, 창호 및 기타 건설자재 소매업",47,경상북도,47750,청송군,47750370,진보면,4775037045,진보면,4775037045102530000,1,대지,253,,경상북도 청송군 진보면 각산리 253,477504748004,경상북도 청송군 진보면 각산윗길,19,,4775037045102530000000001,,경상북도 청송군 진보면 각산윗길 19,763811,37404,,,,129.058739746105,36.5292625265426
MA010120220809246790,영양석물공장,,G2,소매,G210,철물·건설자재 소매,G21099,기타 건설/건축자재 소매업,G47519,"페인트, 창호 및 기타 건설자재 소매업",47,경상북도,47760,영양군,47760250,영양읍,4776025022,영양읍,4776025022105420002,1,대지,542,2,경상북도 영양군 영양읍 서부리 542-2,477603303047,경상북도 영양군 영양읍 중앙로,73,,4776025022105250002009965,,경상북도 영양군 영양읍 중앙로 73,764805,36539,,,,129.112085317757,36.6601586427602
MA010120220809257424,삼성종합건재상사,,G2,소매,G210,철물·건설자재 소매,G21099,기타 건설/건축자재 소매업,G47519,"페인트, 창호 및 기타 건설자재 소매업",47,경상북도,47750,청송군,47750330,현동면,4775033029,현동면,4775033029105970005,1,대지,597,5,경상북도 청송군 현동면 거성리 597-5,477503018003,경상북도 청송군 현동면 새마을로,5409,,4775033029105970005006902,,경상북도 청송군 현동면 새마을로 5409,763852,37456,,,,129.019173829929,36.2816310324337
MA010120220809234830,타일박사,,G2,소매,G210,철물·건설자재 소매,G21099,기타 건설/건축자재 소매업,G47519,"페인트, 창호 및 기타 건설자재 소매업",52,전북특별자치도,52180,정읍시,52180535,내장상동,5218011300,송산동,5218011300100580005,1,대지,58,5,전북특별자치도 정읍시 송산동 58-5,521803270041,전북특별자치도 정읍시 천변로,424,,4518011300100580005000001,,전북특별자치도 정읍시 천변로 424,580200,56197,,,,126.87044279708,35.5524722972035
MA010120220809288784,단촌샷시,,G2,소매,G210,철물·건설자재 소매,G21099,기타 건설/건축자재 소매업,G47519,"페인트, 창호 및 기타 건설자재 소매업",47,경상북도,47730,의성군,47730310,단촌면,4773031030,단촌면,4773031030104070008,1,대지,407,8,경상북도 의성군 단촌면 세촌리 407-8,477302018002,경상북도 의성군 단촌면 경북대로,6802,,4773031030104060008000834,,경상북도 의성군 단촌면 경북대로 6802,769821,37327,,,,128.67558727575,36.4357514637984
MA010120220809264431,보덕가설재,,G2,소매,G210,철물·건설자재 소매,G21099,기타 건설/건축자재 소매업,G47519,"페인트, 창호 및 기타 건설자재 소매업",11,서울특별시,11545,금천구,11545630,독산3동,1154510200,독산동,1154510200109060025,1,대지,906,25,서울특별시 금천구 독산동 906-25,115453117009,서울특별시 금천구 문성로,55,,1154510200109060025009541,,서울특별시 금천구 문성로 55,153820,08549,,6,,126.909680193065,37.4771778781486
MA010120220809279375,썬가드공식총판코코필름,,G2,소매,G210,철물·건설자재 소매,G21099,기타 건설/건축자재 소매업,G47519,"페인트, 창호 및 기타 건설자재 소매업",41,경기도,41410,군포시,41410510,군포1동,4141010100,당동,4141010100107320014,1,대지,732,14,경기도 군포시 당동 732-14,414104400050,경기도 군포시 군포로565번길,4,,4141010100107320014004773,,경기도 군포시 군포로565번길 4,435813,15839,,2,,126.946655693264,37.356599000668
MA010120220809293066,신안건재,,G2,소매,G210,철물·건설자재 소매,G21099,기타 건설/건축자재 소매업,G47519,"페인트, 창호 및 기타 건설자재 소매업",47,경상북도,47730,의성군,47730380,봉양면,4773038040,봉양면,4773038040101330004,1,대지,133,4,경상북도 의성군 봉양면 화전리 133-4,477304745120,경상북도 의성군 봉양면 도리원3길,7,,4773038040101330004056430,,경상북도 의성군 봉양면 도리원3길 7,769913,37362,,,,128.578849248366,36.2989894695217
MA010120220809274510,금동종합상사,,G2,소매,G210,철물·건설자재 소매,G21099,기타 건설/건축자재 소매업,G47519,"페인트, 창호 및 기타 건설자재 소매업",11,서울특별시,11710,송파구,11710570,오금동,1171011200,오금동,1171011200100520020,1,대지,52,20,서울특별시 송파구 오금동 52-20,117104169544,서울특별시 송파구 동남로23길,51,,1171011200100520020015253,,서울특별시 송파구 동남로23길 51,138857,05726,,1,,127.134052400211,37.50408547259
MA010120220809265524,예시건축,,G2,소매,G210,철물·건설자재 소매,G21099,기타 건설/건축자재 소매업,G47519,"페인트, 창호 및 기타 건설자재 소매업",50,제주특별자치도,50130,서귀포시,50130570,동홍동,5013010500,동홍동,5013010500106430007,1,대지,643,7,제주특별자치도 서귀포시 동홍동 643-7,501303350072,제주특별자치도 서귀포시 동홍서로,43,,5013010500106430007019010,,제주특별자치도 서귀포시 동홍서로 43,697837,63589,,2,,126.569464699632,33.2526386573601
MA010120220809275096,코퍼레이션,,G2,소매,G210,철물·건설자재 소매,G21099,기타 건설/건축자재 소매업,G47519,"페인트, 창호 및 기타 건설자재 소매업",48,경상남도,48330,양산시,48330530,강서동,4833011200,어곡동,4833011200101390001,1,대지,139,1,경상남도 양산시 어곡동 139-1,483303338064,경상남도 양산시 어곡터널로,33,,4833011200101390001000001,,경상남도 양산시 어곡터널로 33,626220,50590,,,,129.03032755482,35.3755143503534
MA010120220809288348,대구알미늄,,G2,소매,G210,철물·건설자재 소매,G21099,기타 건설/건축자재 소매업,G47519,"페인트, 창호 및 기타 건설자재 소매업",47,경상북도,47730,의성군,47730370,금성면,4773037043,금성면,4773037043103880000,1,대지,388,,경상북도 의성군 금성면 초전리 388,477304745492,경상북도 의성군 금성면 초전1길,65,,4773037043103880000002535,,경상북도 의성군 금성면 초전1길 65,769852,37350,,,,128.666713939408,36.2760446605981
MA010120220809297697,케이와이기업,,G2,소매,G210,철물·건설자재 소매,G21099,기타 건설/건축자재 소매업,G47519,"페인트, 창호 및 기타 건설자재 소매업",46,전라남도,46830,영암군,46830250,영암읍,4683025023,영암읍,4683025023100960004,1,대지,96,4,전라남도 영암군 영암읍 서남리 96-4,468303295070,전라남도 영암군 영암읍 성밖로,37,,4683025023100960004017947,,전라남도 영암군 영암읍 성밖로 37,526802,58417,,,,126.695921540897,34.797572733105
MA010120220809310898,수성건재,,G2,소매,G210,철물·건설자재 소매,G21099,기타 건설/건축자재 소매업,G47519,"페인트, 창호 및 기타 건설자재 소매업",47,경상북도,47840,성주군,47840340,가천면,4784034030,가천면,4784034030105590003,1,대지,559,3,경상북도 성주군 가천면 창천리 559-3,478403317001,경상북도 성주군 가천면 가천로,80,,4784034030105590003015495,,경상북도 성주군 가천면 가천로 80,719883,40060,,,,128.16541593961,35.8856320145852
MA010120220809331271,신진건재사,,G2,소매,G210,철물·건설자재 소매,G21099,기타 건설/건축자재 소매업,G47519,"페인트, 창호 및 기타 건설자재 소매업",47,경상북도,47840,성주군,47840250,성주읍,4784025021,성주읍,4784025021100580006,1,대지,58,6,경상북도 성주군 성주읍 경산리 58-6,478404763229,경상북도 성주군 성주읍 성주읍4길,32,,4784025021100580006035745,,경상북도 성주군 성주읍 성주읍4길 32,719801,40026,,,,128.287458974839,35.9208563282444
MA010120220809311908,영남상회,,G2,소매,G210,철물·건설자재 소매,G21099,기타 건설/건축자재 소매업,G47519,"페인트, 창호 및 기타 건설자재 소매업",47,경상북도,47150,김천시,47150516,자산동,4715010200,용두동,4715010200100830001,1,대지,83,1,경상북도 김천시 용두동 83-1,471504718606,경상북도 김천시 아랫장터길,27,,4715010200100830001027467,,경상북도 김천시 아랫장터길 27,740040,39577,,,,128.128295998428,36.1207796087371
MA010120220809342792,미호산업,,G2,소매,G210,철물·건설자재 소매,G21099,기타 건설/건축자재 소매업,G47519,"페인트, 창호 및 기타 건설자재 소매업",47,경상북도,47150,김천시,47150575,대신동,4715011800,응명동,4715011800100060000,1,대지,6,,경상북도 김천시 응명동 6,471504718306,경상북도 김천시 매목길,263,,4715011800100060000000001,,경상북도 김천시 매목길 263,740180,39543,,,,128.134272645336,36.1424591334283
MA010120220809319912,부경티아이에스,,G2,소매,G210,철물·건설자재 소매,G21099,기타 건설/건축자재 소매업,G47519,"페인트, 창호 및 기타 건설자재 소매업",47,경상북도,47150,김천시,47150536,평화남산동,4715010500,평화동,4715010500100340001,1,대지,34,1,경상북도 김천시 평화동 34-1,471503306030,경상북도 김천시 자산로,161,,4715010500100340001003356,,경상북도 김천시 자산로 161,740982,39585,,3,,128.117798787408,36.1246358752679
MA010120220809334775,현대건재사,,G2,소매,G210,철물·건설자재 소매,G21099,기타 건설/건축자재 소매업,G47519,"페인트, 창호 및 기타 건설자재 소매업",47,경상북도,47150,김천시,47150420,지례면,4715042021,지례면,4715042021105940000,1,대지,594,,경상북도 김천시 지례면 교리 594,471504718774,경상북도 김천시 지례면 장터길,41,,4715042021105940000000157,,경상북도 김천시 지례면 장터길 41,740931,39691,,,,128.028578043637,35.9871401467372
MA010120220809334992,진안건설자재,,G2,소매,G210,철물·건설자재 소매,G21099,기타 건설/건축자재 소매업,G47519,"페인트, 창호 및 기타 건설자재 소매업",48,경상남도,48170,진주시,48170410,금산면,4817041023,금산면,4817041023108240000,1,대지,824,,경상남도 진주시 금산면 갈전리 824,481704796040,경상남도 진주시 금산면 갈전길82번길,27,,4817041023108240000000001,,경상남도 진주시 금산면 갈전길82번길 27,660922,52850,,,,128.165164160237,35.1905604735549
MA010120220810743443,강명산업,,G2,소매,G210,철물·건설자재 소매,G21099,기타 건설/건축자재 소매업,G47519,"페인트, 창호 및 기타 건설자재 소매업",41,경기도,41194,부천시 소사구,41194560,옥길동,4119410600,옥길동,4119410600107130007,1,대지,713,7,경기도 부천시 소사구 옥길동 713-7,411944853794,경기도 부천시 소사구 양지로166번길,9,,4119710300102550007000001,,경기도 부천시 소사구 양지로166번길 9,422080,14784,,,,126.820035378753,37.4691644876475
MA010120220810743581,삼암,,G2,소매,G210,철물·건설자재 소매,G21099,기타 건설/건축자재 소매업,G47519,"페인트, 창호 및 기타 건설자재 소매업",46,전라남도,46710,담양군,46710410,대전면,4671041026,대전면,4671041026103610008,1,대지,361,8,전라남도 담양군 대전면 태목리 361-8,467104658379,전라남도 담양군 대전면 태암길,106,,4671041026103610008000001,,전라남도 담양군 대전면 태암길 106,517922,57331,,,,126.897635467587,35.2601545337452
MA010120220810715439,상아유리,,G2,소매,G210,철물·건설자재 소매,G21099,기타 건설/건축자재 소매업,G47519,"페인트, 창호 및 기타 건설자재 소매업",26,부산광역시,26320,북구,26320520,구포2동,2632010500,구포동,2632010500111280022,1,대지,1128,22,부산광역시 북구 구포동 1128-22,263204006035,부산광역시 북구 사상로558번길,17,,2632010500111280022000463,,부산광역시 북구 사상로558번길 17,616807,46653,,,,128.991398325395,35.1941645101193
MA010120220810727814,제이워커스팀인테리어,,G2,소매,G210,철물·건설자재 소매,G21099,기타 건설/건축자재 소매업,G47519,"페인트, 창호 및 기타 건설자재 소매업",41,경기도,41210,광명시,41210580,광명7동,4121010100,광명동,4121010100103010031,1,대지,301,31,경기도 광명시 광명동 301-31,412103187064,경기도 광명시 새터로,55,,4121010100103010031006308,,경기도 광명시 새터로 55,423804,14273,,1,,126.85429093495,37.4731761358821
MA010120220810807654,고덕유리,,G2,소매,G210,철물·건설자재 소매,G21099,기타 건설/건축자재 소매업,G47519,"페인트, 창호 및 기타 건설자재 소매업",41,경기도,41220,평택시,41220580,신장2동,4122011200,신장동,4122011200103210040,1,대지,321,40,경기도 평택시 신장동 321-40,412203188085,경기도 평택시 중앙시장로,24,,4122011200103210040008410,상가,경기도 평택시 중앙시장로 24,459822,17758,,1,,127.052958753454,37.080067227025
MA010120220810797131,플랜A,,G2,소매,G210,철물·건설자재 소매,G21099,기타 건설/건축자재 소매업,G47519,"페인트, 창호 및 기타 건설자재 소매업",26,부산광역시,26410,금정구,26410635,선두구동,2641010100,두구동,2641010100103150010,1,대지,315,10,부산광역시 금정구 두구동 315-10,264103130034,부산광역시 금정구 체육공원로,593,,2641010100103150010000001,,부산광역시 금정구 체육공원로 593,609370,46206,,,,129.111079687475,35.2937131477169
MA010120220810780251,정훈공사,,G2,소매,G210,철물·건설자재 소매,G21099,기타 건설/건축자재 소매업,G47519,"페인트, 창호 및 기타 건설자재 소매업",26,부산광역시,26410,금정구,26410670,남산동,2641010400,남산동,2641010400109590026,1,대지,959,26,부산광역시 금정구 남산동 959-26,264104205090,부산광역시 금정구 금샘로582번길,22,,2641010400109590026008509,,부산광역시 금정구 금샘로582번길 22,609815,46217,,1,,129.086334886084,35.2743085842454
MA010120220810768604,목동하우징,,G2,소매,G210,철물·건설자재 소매,G21099,기타 건설/건축자재 소매업,G47519,"페인트, 창호 및 기타 건설자재 소매업",48,경상남도,48250,김해시,48250540,내외동,4825010900,외동,4825010900112440008,1,대지,1244,8,경상남도 김해시 외동 1244-8,482504805123,경상남도 김해시 금관대로1190번길,50,,4825010900112440008088141,,경상남도 김해시 금관대로1190번길 50,621919,50956,,,,128.858313327402,35.2319137459295
MA010120220810801487,대한종합자재,,G2,소매,G210,철물·건설자재 소매,G21099,기타 건설/건축자재 소매업,G47519,"페인트, 창호 및 기타 건설자재 소매업",47,경상북도,47210,영주시,47210590,휴천1동,4721010400,휴천동,4721010400117660002,1,대지,1766,2,경상북도 영주시 휴천동 1766-2,472103309035,경상북도 영주시 서원로,65,,4721010400117660002000002,,경상북도 영주시 서원로 65,750914,36155,,,,128.633068497761,36.8077106846626
MA010120220810813880,진선창호,,G2,소매,G210,철물·건설자재 소매,G21099,기타 건설/건축자재 소매업,G47519,"페인트, 창호 및 기타 건설자재 소매업",26,부산광역시,26500,수영구,26500740,망미1동,2650010100,망미동,2650010100108130014,1,대지,813,14,부산광역시 수영구 망미동 813-14,265004214147,부산광역시 수영구 망미로22번길,73,,2650010100108130014008146,,부산광역시 수영구 망미로22번길 73,613825,48234,,,,129.100653809353,35.1708254262974
MA010120220810828972,벽공건재,,G2,소매,G210,철물·건설자재 소매,G21099,기타 건설/건축자재 소매업,G47519,"페인트, 창호 및 기타 건설자재 소매업",48,경상남도,48121,창원시 의창구,48121310,북면,4812131037,북면,4812131037111410002,1,대지,1141,2,경상남도 창원시 의창구 북면 마산리 1141-2,481214793694,경상남도 창원시 의창구 북면 신촌본포로63번길,20,36,4812131037112530000000001,,경상남도 창원시 의창구 북면 신촌본포로63번길 20-36,641873,51101,,,,128.617448975286,35.3461328995091
MA010120220810845476,동아판넬,,G2,소매,G210,철물·건설자재 소매,G21099,기타 건설/건축자재 소매업,G47519,"페인트, 창호 및 기타 건설자재 소매업",48,경상남도,48125,창원시 마산합포구,48125330,진북면,4812533021,진북면,4812533021100690003,1,대지,69,3,경상남도 창원시 마산합포구 진북면 지산리 69-3,481252329002,경상남도 창원시 마산합포구 진북면 삼진의거대로,508,,4812533021100690003042188,,경상남도 창원시 마산합포구 진북면 삼진의거대로 508,631823,51794,,,,128.473800320495,35.115051509286
MA010120220810831649,아트.필산업,,G2,소매,G210,철물·건설자재 소매,G21099,기타 건설/건축자재 소매업,G47519,"페인트, 창호 및 기타 건설자재 소매업",47,경상북도,47850,칠곡군,47850253,북삼읍,4785025324,북삼읍,4785025324100360005,1,대지,36,5,경상북도 칠곡군 북삼읍 숭오리 36-5,478503322008,경상북도 칠곡군 북삼읍 북삼로,167,,4785025324100360005000001,,경상북도 칠곡군 북삼읍 북삼로 167,718841,39807,,,,128.333485057719,36.0666750103159
MA010120220810876211,양우산업,,G2,소매,G210,철물·건설자재 소매,G21099,기타 건설/건축자재 소매업,G47519,"페인트, 창호 및 기타 건설자재 소매업",41,경기도,41570,김포시,41570256,양촌읍,4157025621,양촌읍,4157025621100500043,1,대지,50,43,경기도 김포시 양촌읍 양곡리 50-43,415704427400,경기도 김포시 양촌읍 양곡로373번길,61,50,4157025621100500043000001,,경기도 김포시 양촌읍 양곡로373번길 61-50,415845,10056,,,,126.638888174244,37.6653100019649
MA010120220810850043,동아종합건재,,G2,소매,G210,철물·건설자재 소매,G21099,기타 건설/건축자재 소매업,G47519,"페인트, 창호 및 기타 건설자재 소매업",48,경상남도,48730,함안군,48730250,가야읍,4873025022,가야읍,4873025022106920004,1,대지,692,4,경상남도 함안군 가야읍 검암리 692-4,487303335004,경상남도 함안군 가야읍 가야로,194,,4873025022106920004010067,,경상남도 함안군 가야읍 가야로 194,637802,52049,,,,128.422378050709,35.2792986970718
MA010120220810869556,청림건설,,G2,소매,G210,철물·건설자재 소매,G21099,기타 건설/건축자재 소매업,G47519,"페인트, 창호 및 기타 건설자재 소매업",48,경상남도,48730,함안군,48730310,함안면,4873031023,함안면,4873031023106700000,1,대지,670,,경상남도 함안군 함안면 괴산리 670,487304820085,경상남도 함안군 함안면 괴산2길,105,2,4873031023106700000000001,,경상남도 함안군 함안면 괴산2길 105-2,637812,52051,,,,128.417814255696,35.2488719606638
MA010120220810876937,현대문집,,G2,소매,G210,철물·건설자재 소매,G21099,기타 건설/건축자재 소매업,G47519,"페인트, 창호 및 기타 건설자재 소매업",47,경상북도,47130,경주시,47130515,중부동,4713010700,노서동,4713010700101170041,1,대지,117,41,경상북도 경주시 노서동 117-41,471303305009,경상북도 경주시 금성로,264,,4713010700101170041010114,,경상북도 경주시 금성로 264,780931,38158,,,,129.207353171606,35.8411934703117
MA010120220810879245,대명건재,,G2,소매,G210,철물·건설자재 소매,G21099,기타 건설/건축자재 소매업,G47519,"페인트, 창호 및 기타 건설자재 소매업",48,경상남도,48730,함안군,48730253,칠원읍,4873025326,칠원읍,4873025326104470000,1,대지,447,,경상남도 함안군 칠원읍 예곡리 447,487302019004,경상남도 함안군 칠원읍 경남대로,1540,5,4873037026104470000043298,,경상남도 함안군 칠원읍 경남대로 1540-5,637923,52027,,,,128.531022258674,35.2770890412797
MA010120220810851527,동양판넬,,G2,소매,G210,철물·건설자재 소매,G21099,기타 건설/건축자재 소매업,G47519,"페인트, 창호 및 기타 건설자재 소매업",48,경상남도,48740,창녕군,48740250,창녕읍,4874025036,창녕읍,4874025036100400003,1,대지,40,3,경상남도 창녕군 창녕읍 여초리 40-3,487404823484,경상남도 창녕군 창녕읍 여초길,146,,4874025036100400003040520,,경상남도 창녕군 창녕읍 여초길 146,635808,50334,,,,128.506520315769,35.516427524901
MA010120220810886300,영창서포트상사,,G2,소매,G210,철물·건설자재 소매,G21099,기타 건설/건축자재 소매업,G47519,"페인트, 창호 및 기타 건설자재 소매업",48,경상남도,48127,창원시 마산회원구,48127550,회성동,4812710200,두척동,4812710200103030009,1,대지,303,9,경상남도 창원시 마산회원구 두척동 303-9,481273330034,경상남도 창원시 마산회원구 북성로,459,,4812710200103030009009479,,경상남도 창원시 마산회원구 북성로 459,630825,51310,,,,128.547974510801,35.2363537627618
MA010120220810878531,중앙유리건재상회,,G2,소매,G210,철물·건설자재 소매,G21099,기타 건설/건축자재 소매업,G47519,"페인트, 창호 및 기타 건설자재 소매업",48,경상남도,48730,함안군,48730250,가야읍,4873025021,가야읍,4873025021104820004,1,대지,482,4,경상남도 함안군 가야읍 말산리 482-4,487304820209,경상남도 함안군 가야읍 방목1길,16,7,4873025021104820004023430,,경상남도 함안군 가야읍 방목1길 16-7,637804,52041,,,,128.405111783209,35.2780314743237
MA010120220813549600,종제이폼,,G2,소매,G210,철물·건설자재 소매,G21099,기타 건설/건축자재 소매업,G47519,"페인트, 창호 및 기타 건설자재 소매업",41,경기도,41196,부천시 오정구,41196540,고강본동,4119610500,고강동,4119610500103650018,1,대지,365,18,경기도 부천시 오정구 고강동 365-18,411964358005,경기도 부천시 오정구 고강로126번길,18,,4119910500103650018017195,신탁주택,경기도 부천시 오정구 고강로126번길 18,421803,14405,,2,,126.818101007118,37.5303217436988
MA010120220812782661,경찰인복지사회적협동조합,,G2,소매,G210,철물·건설자재 소매,G21099,기타 건설/건축자재 소매업,G47519,"페인트, 창호 및 기타 건설자재 소매업",41,경기도,41171,안양시 만안구,41171560,안양6동,4117110100,안양동,4117110100105330006,1,대지,533,6,경기도 안양시 만안구 안양동 533-6,411713182003,경기도 안양시 만안구 만안로,35,,4117110100105330005014007,빌로채,경기도 안양시 만안구 만안로 35,430824,14035,,2,,126.933852248398,37.3863263790493
MA010120220812671865,다담종합관리,,G2,소매,G210,철물·건설자재 소매,G21099,기타 건설/건축자재 소매업,G47519,"페인트, 창호 및 기타 건설자재 소매업",44,충청남도,44200,아산시,44200590,온양3동,4420011400,권곡동,4420011400105280016,1,대지,528,16,충청남도 아산시 권곡동 528-16,442004559740,충청남도 아산시 청운로176번길,21,,4420011400105280007030966,우리빌라,충청남도 아산시 청운로176번길 21,336030,31519,,1,,127.011898297098,36.7894761838739
MA010120220813317920,스마트시티정보통신,,G2,소매,G210,철물·건설자재 소매,G21099,기타 건설/건축자재 소매업,G47519,"페인트, 창호 및 기타 건설자재 소매업",11,서울특별시,11230,동대문구,11230600,답십리1동,1123010500,답십리동,1123010500104980007,1,대지,498,7,서울특별시 동대문구 답십리동 498-7,112303005034,서울특별시 동대문구 사가정로,6,,1123010500104980007000001,청계지웰스테이트,서울특별시 동대문구 사가정로 6,130805,02603,,4,,127.049602364477,37.5702304858059
MA010120220813006362,이엔지,,G2,소매,G210,철물·건설자재 소매,G21099,기타 건설/건축자재 소매업,G47519,"페인트, 창호 및 기타 건설자재 소매업",11,서울특별시,11305,강북구,11305625,수유2동,1130510300,수유동,1130510300102520097,1,대지,252,97,서울특별시 강북구 수유동 252-97,113054124013,서울특별시 강북구 노해로27길,14,,1130510300102520097009640,청구타운,서울특별시 강북구 노해로27길 14,142879,01049,,4,,127.022922507169,37.6452550768781
MA0101202310A0034344,보헴인테리어,,G2,소매,G210,철물·건설자재 소매,G21099,기타 건설/건축자재 소매업,G47519,"페인트, 창호 및 기타 건설자재 소매업",41,경기도,41610,광주시,41610253,초월읍,4161025323,초월읍,4161025323101450001,1,대지,145,1,경기도 광주시 초월읍 산이리 145-1,416104433263,경기도 광주시 초월읍 산이길,52,93,4161025323101450001258753,,경기도 광주시 초월읍 산이길 52-93,464962,12807,,1,,127.309178745345,37.3634782393469
MA010120220814315002,대진상사,,G2,소매,G210,철물·건설자재 소매,G21099,기타 건설/건축자재 소매업,G47519,"페인트, 창호 및 기타 건설자재 소매업",11,서울특별시,11710,송파구,11710562,방이2동,1171011100,방이동,1171011100101730005,1,대지,173,5,서울특별시 송파구 방이동 173-5,117104169202,서울특별시 송파구 백제고분로50길,29,9,1171011100101730005015995,동서울맨션,서울특별시 송파구 백제고분로50길 29-9,138830,05628,,2,,127.118098556853,37.513779285503
MA0101202306A0110862,대명목재합판,,G2,소매,G210,철물·건설자재 소매,G21099,기타 건설/건축자재 소매업,G47519,"페인트, 창호 및 기타 건설자재 소매업",41,경기도,41111,수원시 장안구,41111580,영화동,4111113400,영화동,4111113400103080001,1,대지,308,1,경기도 수원시 장안구 영화동 308-1,411113012006,경기도 수원시 장안구 정조로,941,,4111113400103080001040635,동성영화타운,경기도 수원시 장안구 정조로 941,440819,16271,,2,,127.011706231411,37.2915018047714
MA0101202211A0038652,성찬,,G2,소매,G210,철물·건설자재 소매,G21099,기타 건설/건축자재 소매업,G47519,"페인트, 창호 및 기타 건설자재 소매업",41,경기도,41480,파주시,41480520,금촌2동,4148010100,금촌동,4148010100109720000,1,대지,972,,경기도 파주시 금촌동 972,414803206113,경기도 파주시 번영로,55,,4148010100109720000024062,새꽃마을주공뜨란채1단지,경기도 파주시 번영로 55,413771,10914,,4,,126.766784726973,37.75444103372
MA0101202406A0049929,프람티드랩서대문지사,,G2,소매,G210,철물·건설자재 소매,G21099,기타 건설/건축자재 소매업,G47519,"페인트, 창호 및 기타 건설자재 소매업",11,서울특별시,11380,은평구,11380632,신사2동,1138010900,신사동,1138010900102270000,1,대지,227,,서울특별시 은평구 신사동 227,113804133215,서울특별시 은평구 은평터널로13길,4,18,1138010900102270000013679,제일편안한세상,서울특별시 은평구 은평터널로13길 4-18,122888,03440,,4,,126.907849282813,37.5962346319266
MA0101202308A0095650,위너스원,,G2,소매,G210,철물·건설자재 소매,G21099,기타 건설/건축자재 소매업,G47519,"페인트, 창호 및 기타 건설자재 소매업",11,서울특별시,11545,금천구,11545510,가산동,1154510100,가산동,1154510100101420017,1,대지,142,17,서울특별시 금천구 가산동 142-17,115454151037,서울특별시 금천구 남부순환로108길,20,34,1154510100101420017014190,스마트캐슬,서울특별시 금천구 남부순환로108길 20-34,153801,08527,,2,,126.891668496223,37.4785683113366
MA0101202409A0018727,상상종합상사,,G2,소매,G210,철물·건설자재 소매,G21099,기타 건설/건축자재 소매업,G47519,"페인트, 창호 및 기타 건설자재 소매업",47,경상북도,47111,포항시 남구,47111545,해도동,4711110300,해도동,4711110300100970007,1,대지,97,7,경상북도 포항시 남구 해도동 97-7,471114709172,경상북도 포항시 남구 문예로152번길,20,,4711110300100970007097260,힐스토리,경상북도 포항시 남구 문예로152번길 20,790861,37811,,1,,129.370806606763,36.0165399874358
MA0101202409A0147407,에이치케이리더스,,G2,소매,G210,철물·건설자재 소매,G21099,기타 건설/건축자재 소매업,G47519,"페인트, 창호 및 기타 건설자재 소매업",41,경기도,41480,파주시,41480510,금촌1동,4148010100,금촌동,4148010100100520039,1,대지,52,39,경기도 파주시 금촌동 52-39,414803206129,경기도 파주시 중앙로,308,,4148010100100520039032944,금촌타워아파트,경기도 파주시 중앙로 308,413800,10930,,4,,126.775688187956,37.7634048950526
MA0101202406A0563091,선경양,양지점,G2,소매,G210,철물·건설자재 소매,G21099,기타 건설/건축자재 소매업,G47519,"페인트, 창호 및 기타 건설자재 소매업",51,강원특별자치도,51830,양양군,51830250,양양읍,5183025026,양양읍,5183025026100170000,1,대지,17,,강원특별자치도 양양군 양양읍 청곡리 17,518304505223,강원특별자치도 양양군 양양읍 청곡길,12,,4283025026100610001012094,양양유화,강원특별자치도 양양군 양양읍 청곡길 12,215802,25017,,1,,128.62773086358,38.0927452150051
MA0101202406A0529200,한비유통,,G2,소매,G210,철물·건설자재 소매,G21099,기타 건설/건축자재 소매업,G47519,"페인트, 창호 및 기타 건설자재 소매업",11,서울특별시,11650,서초구,11650651,양재1동,1165010200,양재동,1165010200101600002,1,대지,160,2,서울특별시 서초구 양재동 160-2,116503121009,서울특별시 서초구 바우뫼로,91,,1165010200101380001005816,우성KBS아파트,서울특별시 서초구 바우뫼로 91,137892,06751,,2,,127.029066638317,37.4775421967635
MA0101202406A0407597,비에스엠빌스만,,G2,소매,G210,철물·건설자재 소매,G21099,기타 건설/건축자재 소매업,G47519,"페인트, 창호 및 기타 건설자재 소매업",50,제주특별자치도,50130,서귀포시,50130310,안덕면,5013031028,안덕면,5013031028116000000,1,대지,1600,,제주특별자치도 서귀포시 안덕면 동광리 1600,501303350338,제주특별자치도 서귀포시 안덕면 동광로,64,,5013031028110510001000001,신화오션빌,제주특별자치도 서귀포시 안덕면 동광로 64,699925,63523,,1,,126.335846268584,33.302767939628
MA0101202409A0140779,빅앤빅강원지사,,G2,소매,G210,철물·건설자재 소매,G21099,기타 건설/건축자재 소매업,G47519,"페인트, 창호 및 기타 건설자재 소매업",51,강원특별자치도,51210,속초시,51210570,노학동,5121010600,교동,5121010600107830000,1,대지,783,,강원특별자치도 속초시 교동 783,512104469064,강원특별자치도 속초시 미시령로3337번길,7,,4221010600107830000001178,대명늘푸른아파트,강원특별자치도 속초시 미시령로3337번길 7,217755,24819,,3,,128.570951793537,38.2053556547815
MA0101202411A0047271,고구려방충망동탄,대리점,G2,소매,G210,철물·건설자재 소매,G21099,기타 건설/건축자재 소매업,G47519,"페인트, 창호 및 기타 건설자재 소매업",41,경기도,41590,화성시,41590588,동탄4동,4159013000,청계동,4159013000105450000,1,대지,545,,경기도 화성시 청계동 545,415904852379,경기도 화성시 동탄순환대로21길,15,,4159013000200490034000001,동탄신안인스빌리베라1차,경기도 화성시 동탄순환대로21길 15,445140,18482,,1,,127.118557103457,37.1946978235371
MA0103202406C0020957,솔리드방충망,,G2,소매,G210,철물·건설자재 소매,G21099,기타 건설/건축자재 소매업,G47519,"페인트, 창호 및 기타 건설자재 소매업",26,부산광역시,26170,동구,26170650,범일1동,2617010400,범일동,2617010400113110027,1,대지,1311,27,부산광역시 동구 범일동 1311-27,261704181158,부산광역시 동구 범곡로33번길,10,,2617010400113110027010995,다산빌라,부산광역시 동구 범곡로33번길 10,601804,48721,,1,,129.054509965184,35.1404819742623
MA0101202411A0120242,원타일,,G2,소매,G210,철물·건설자재 소매,G21099,기타 건설/건축자재 소매업,G47519,"페인트, 창호 및 기타 건설자재 소매업",11,서울특별시,11680,강남구,11680610,대치2동,1168010600,대치동,1168010600109590007,1,대지,959,7,서울특별시 강남구 대치동 959-7,116804166427,서울특별시 강남구 삼성로76길,5,3,1168010600109590007012437,도원빌,서울특별시 강남구 삼성로76길 5-3,135847,06185,,1,,127.058527141489,37.5041830756739
MA0101202411A0019503,"레미탈,시멘트,백시멘트,보도블럭,마사토,모래",,G2,소매,G210,철물·건설자재 소매,G21099,기타 건설/건축자재 소매업,G47519,"페인트, 창호 및 기타 건설자재 소매업",11,서울특별시,11530,구로구,11530540,구로3동,1153010200,구로동,1153010200102350003,1,대지,235,3,서울특별시 구로구 구로동 235-3,115304148327,서울특별시 구로구 디지털로26길,43,,1153010200102350003022886,대륭포스트8차,서울특별시 구로구 디지털로26길 43,152848,08389,,,,126.894400953798,37.4810755894878
MA0101202410A0971886,수현산업,,G2,소매,G210,철물·건설자재 소매,G21099,기타 건설/건축자재 소매업,G47519,"페인트, 창호 및 기타 건설자재 소매업",44,충청남도,44800,홍성군,44800370,서부면,4480037029,서부면,4480037029102470000,1,대지,247,,충청남도 홍성군 서부면 양곡리 247,448003262022,충청남도 홍성군 서부면 홍남서로,131,31,4480037029102470000000786,,충청남도 홍성군 서부면 홍남서로 131-31,350863,32205,,,,126.499975654525,36.5570717013232
MA0101202411A0001161,노원공구철물,,G2,소매,G210,철물·건설자재 소매,G21099,기타 건설/건축자재 소매업,G47519,"페인트, 창호 및 기타 건설자재 소매업",11,서울특별시,11470,양천구,11470620,신정1동,1147010100,신정동,1147010100110320010,1,대지,1032,10,서울특별시 양천구 신정동 1032-10,114703005068,서울특별시 양천구 중앙로,254,,1147010100110320010004138,일부호,서울특별시 양천구 중앙로 254,158071,08082,,1,,126.853658574917,37.5191717077437
MA0101202411A0009858,합천호건축자재,,G2,소매,G210,철물·건설자재 소매,G21099,기타 건설/건축자재 소매업,G47519,"페인트, 창호 및 기타 건설자재 소매업",48,경상남도,48890,합천군,48890450,대병면,4889045023,대병면,4889045023108880005,1,대지,888,5,경상남도 합천군 대병면 회양리 888-5,488904844358,경상남도 합천군 대병면 신성동길,6,2,4889045023108880005044338,단독주택,경상남도 합천군 대병면 신성동길 6-2,678922,50216,,,,128.015594986897,35.5226691176353
MA0101202411A0024519,민성테크,,G2,소매,G210,철물·건설자재 소매,G21099,기타 건설/건축자재 소매업,G47519,"페인트, 창호 및 기타 건설자재 소매업",41,경기도,41171,안양시 만안구,41171600,석수2동,4117110200,석수동,4117110200102680027,1,대지,268,27,경기도 안양시 만안구 석수동 268-27,411713182003,경기도 안양시 만안구 만안로,445,1,4117110200102680027007852,실,경기도 안양시 만안구 만안로 445-1,430852,13963,,,,126.909729376097,37.4174497052724
MA0101202411A0024566,동우산업,,G2,소매,G210,철물·건설자재 소매,G21099,기타 건설/건축자재 소매업,G47519,"페인트, 창호 및 기타 건설자재 소매업",46,전라남도,46710,담양군,46710360,무정면,4671036021,무정면,4671036021105140000,1,대지,514,,전라남도 담양군 무정면 봉안리 514,467104658217,전라남도 담양군 무정면 술지2길,26,20,4671036021105140000004195,,전라남도 담양군 무정면 술지2길 26-20,517841,57359,,,,127.033640771414,35.2934616943638
MA0101202411A0016328,명인문집,,G2,소매,G210,철물·건설자재 소매,G21099,기타 건설/건축자재 소매업,G47519,"페인트, 창호 및 기타 건설자재 소매업",27,대구광역시,27290,달서구,27290577,이곡2동,2729010800,이곡동,2729010800111860010,1,대지,1186,10,대구광역시 달서구 이곡동 1186-10,272903147015,대구광역시 달서구 선원로,91,,2729010800111860010001953,,대구광역시 달서구 선원로 91,704943,42604,,,,128.502411189855,35.8593420538891
MA0101202411A0026139,여문상사,,G2,소매,G210,철물·건설자재 소매,G21099,기타 건설/건축자재 소매업,G47519,"페인트, 창호 및 기타 건설자재 소매업",46,전라남도,46130,여수시,46130740,둔덕동,4613012300,둔덕동,4613012300104870012,1,대지,487,12,전라남도 여수시 둔덕동 487-12,461303282022,전라남도 여수시 만성로,25,,4613012300104870012000001,,전라남도 여수시 만성로 25,550250,59697,,,,127.698691159988,34.7696805285075
MA0101202411A0007819,대명패널,,G2,소매,G210,철물·건설자재 소매,G21099,기타 건설/건축자재 소매업,G47519,"페인트, 창호 및 기타 건설자재 소매업",41,경기도,41610,광주시,41610590,오포2동,4161011900,매산동,4161011900106180014,1,대지,618,14,경기도 광주시 매산동 618-14,416102012015,경기도 광주시 회안대로,119,5,4161025026106180014039555,,경기도 광주시 회안대로 119-5,464893,12798,,,,127.243532213022,37.3655958499872
MA0101202411A0028867,흥산,,G2,소매,G210,철물·건설자재 소매,G21099,기타 건설/건축자재 소매업,G47519,"페인트, 창호 및 기타 건설자재 소매업",47,경상북도,47930,울진군,47930310,북면,4793031024,북면,4793031024103120007,1,대지,312,7,경상북도 울진군 북면 주인리 312-7,479303325004,경상북도 울진군 북면 덕구온천로,298,,4793031024103120007026359,,경상북도 울진군 북면 덕구온천로 298,767891,36306,,,,129.342352829488,37.0909891740994
MA0101202411A0012107,조은바스,,G2,소매,G210,철물·건설자재 소매,G21099,기타 건설/건축자재 소매업,G47519,"페인트, 창호 및 기타 건설자재 소매업",47,경상북도,47130,경주시,47130621,황성동,4713012400,황성동,4713012400101970001,1,대지,197,1,경상북도 경주시 황성동 197-1,471304715040,경상북도 경주시 갓뒤길,23,,4713012400101970001024331,,경상북도 경주시 갓뒤길 23,780952,38074,,,,129.218235274998,35.8715202909084
MA0101202411A0000734,주윤이앤지,,G2,소매,G210,철물·건설자재 소매,G21099,기타 건설/건축자재 소매업,G47519,"페인트, 창호 및 기타 건설자재 소매업",41,경기도,41390,시흥시,41390510,대야동,4139011300,계수동,4139011300101510004,1,대지,151,4,경기도 시흥시 계수동 151-4,413904397010,경기도 시흥시 계수로197번길,17,,4139011300101510004000364,,경기도 시흥시 계수로197번길 17,429807,14925,,,,126.819833987128,37.4541623506708
MA0101202411A0112406,기안건재,,G2,소매,G210,철물·건설자재 소매,G21099,기타 건설/건축자재 소매업,G47519,"페인트, 창호 및 기타 건설자재 소매업",41,경기도,41590,화성시,41590560,기배동,4159012400,기안동,4159012400103350008,1,대지,335,8,경기도 화성시 기안동 335-8,415903012007,경기도 화성시 효행로,237,,4159012400003350008008865,,경기도 화성시 효행로 237,445310,18337,,,,126.972145506253,37.2265429233026
MA0101202411A0040095,해동상사,,G2,소매,G210,철물·건설자재 소매,G21099,기타 건설/건축자재 소매업,G47519,"페인트, 창호 및 기타 건설자재 소매업",47,경상북도,47170,안동시,47170630,안기동,4717012800,안기동,4717012800101410009,1,대지,141,9,경상북도 안동시 안기동 141-9,471704722212,경상북도 안동시 한화1길,30,,4717012800101410009020852,,경상북도 안동시 한화1길 30,760260,36651,,2,,128.716373072836,36.5719946116147
MA0101202411A0057931,제일목재,,G2,소매,G210,철물·건설자재 소매,G21099,기타 건설/건축자재 소매업,G47519,"페인트, 창호 및 기타 건설자재 소매업",41,경기도,41135,성남시 분당구,41135680,운중동,4113511600,대장동,4113511600103720004,1,대지,372,4,경기도 성남시 분당구 대장동 372-4,411354859961,경기도 성남시 분당구 판교대장로1길,57,,4113511600103720004000001,우측건물,경기도 성남시 분당구 판교대장로1길 57,463440,13544,,1,,127.063926604874,37.3636668198422
MA0101202411A0063903,"골재,톤백모래,중사,레미탈,보도블럭,시멘트,벽돌,자갈",,G2,소매,G210,철물·건설자재 소매,G21099,기타 건설/건축자재 소매업,G47519,"페인트, 창호 및 기타 건설자재 소매업",41,경기도,41463,용인시 기흥구,41463530,상갈동,4146310300,상갈동,4146310300104820001,1,대지,482,1,경기도 용인시 기흥구 상갈동 482-1,414633204014,경기도 용인시 기흥구 금화로,3,,4146310300104820001020602,,경기도 용인시 기흥구 금화로 3,446905,17073,,,,127.104638190247,37.2617308270611
MA0101202411A0083156,주현상사,,G2,소매,G210,철물·건설자재 소매,G21099,기타 건설/건축자재 소매업,G47519,"페인트, 창호 및 기타 건설자재 소매업",47,경상북도,47850,칠곡군,47850256,석적읍,4785025622,석적읍,4785025622101150003,1,대지,115,3,경상북도 칠곡군 석적읍 중리 115-3,478504766303,경상북도 칠곡군 석적읍 북중리2길,25,,4785025622101150003004872,,경상북도 칠곡군 석적읍 북중리2길 25,718833,39839,,,,128.408826399652,36.0778342328807
MA0101202411A0092343,일성상사,,G2,소매,G210,철물·건설자재 소매,G21099,기타 건설/건축자재 소매업,G47519,"페인트, 창호 및 기타 건설자재 소매업",30,대전광역시,30110,동구,30110670,홍도동,3011011700,홍도동,3011011700101410018,1,대지,141,18,대전광역시 동구 홍도동 141-18,301104292407,대전광역시 동구 옛신탄진로63번길,27,,3011011700101410018009050,,대전광역시 동구 옛신탄진로63번길 27,300836,34561,,,,127.421925673673,36.3451868836445
MA0101202411A0111637,와이에스,,G2,소매,G210,철물·건설자재 소매,G21099,기타 건설/건축자재 소매업,G47519,"페인트, 창호 및 기타 건설자재 소매업",41,경기도,41670,여주시,41670345,세종대왕면,4167034521,세종대왕면,4167034521105160005,1,대지,516,5,경기도 여주시 세종대왕면 번도리 516-5,416702012012,경기도 여주시 세종대왕면 중부대로,2545,22,4173035021105160005028942,,경기도 여주시 세종대왕면 중부대로 2545-22,469813,12641,,,,127.584838691424,37.2992389623428
MA0101202411A0068380,이루미윈도우솔루션,,G2,소매,G210,철물·건설자재 소매,G21099,기타 건설/건축자재 소매업,G47519,"페인트, 창호 및 기타 건설자재 소매업",41,경기도,41461,용인시 처인구,41461540,동부동,4146110700,마평동,4146110700103380046,1,대지,338,46,경기도 용인시 처인구 마평동 338-46,414614409555,경기도 용인시 처인구 신송로85번길,16,42,4146110700103380046000001,,경기도 용인시 처인구 신송로85번길 16-42,449928,17150,,,,127.24229663423,37.2339121874999
MA0101202411A0044663,맹동건재사,,G2,소매,G210,철물·건설자재 소매,G21099,기타 건설/건축자재 소매업,G47519,"페인트, 창호 및 기타 건설자재 소매업",36,세종특별자치시,36110,세종특별자치시,36110250,조치원읍,3611025028,조치원읍,3611025028100870042,1,대지,87,42,세종특별자치시 세종특별자치시 조치원읍 침산리 87-42,361104574506,세종특별자치시 세종특별자치시 조치원읍 침산8길,20,,4473025028100870042038916,,세종특별자치시 세종특별자치시 조치원읍 침산8길 20,339887,30022,,,,127.291845526816,36.6003960630006
MA0101202411A0046200,인천종합건재,,G2,소매,G210,철물·건설자재 소매,G21099,기타 건설/건축자재 소매업,G47519,"페인트, 창호 및 기타 건설자재 소매업",28,인천광역시,28200,남동구,28200690,논현1동,2820011000,논현동,2820011000106120007,1,대지,612,7,인천광역시 남동구 논현동 612-7,282004259211,인천광역시 남동구 논고개로136번길,11,,2820011000200350000031375,,인천광역시 남동구 논고개로136번길 11,405825,21666,,1,,126.724664161109,37.4035491790359
MA0101202411A0099672,삼원컴퍼니,,G2,소매,G210,철물·건설자재 소매,G21099,기타 건설/건축자재 소매업,G47519,"페인트, 창호 및 기타 건설자재 소매업",44,충청남도,44230,논산시,44230250,강경읍,4423025022,강경읍,4423025022100450000,1,대지,45,,충청남도 논산시 강경읍 동흥리 45,442304565057,충청남도 논산시 강경읍 계백로207번길,38,,4423025022100450000045054,,충청남도 논산시 강경읍 계백로207번길 38,320903,32933,,,,127.019071533889,36.1636544282903
MA0101202411A0065700,케이씨건설,,G2,소매,G210,철물·건설자재 소매,G21099,기타 건설/건축자재 소매업,G47519,"페인트, 창호 및 기타 건설자재 소매업",46,전라남도,46150,순천시,46150550,삼산동,4615011000,용당동,4615011000101380001,1,대지,138,1,전라남도 순천시 용당동 138-1,461504649298,전라남도 순천시 망북1길,47,,4615011000101380001017819,,전라남도 순천시 망북1길 47,540957,57935,,,,127.503147777982,34.9814627167781
MA0101202411A0080574,목재야,,G2,소매,G210,철물·건설자재 소매,G21099,기타 건설/건축자재 소매업,G47519,"페인트, 창호 및 기타 건설자재 소매업",28,인천광역시,28260,서구,28260575,신현원창동,2826011100,원창동,2826011100103810048,1,대지,381,48,인천광역시 서구 원창동 381-48,282604790432,인천광역시 서구 북항로32번안길,41,,2826011100103810048000001,건원프라자,인천광역시 서구 북항로32번안길 41,404210,22769,,,,126.646697648165,37.5095257415149
MA0101202411A0108394,제일테크,,G2,소매,G210,철물·건설자재 소매,G21099,기타 건설/건축자재 소매업,G47519,"페인트, 창호 및 기타 건설자재 소매업",46,전라남도,46170,나주시,46170550,성북동,4617011800,석현동,4617011800100970001,1,대지,97,1,전라남도 나주시 석현동 97-1,461704652316,전라남도 나주시 송현길,143,,4617011800100970001005340,석현동,전라남도 나주시 송현길 143,520050,58242,,,,126.733855680926,35.0569917561341
MA0101202411A0120861,고구려시스템,,G2,소매,G210,철물·건설자재 소매,G21099,기타 건설/건축자재 소매업,G47519,"페인트, 창호 및 기타 건설자재 소매업",11,서울특별시,11650,서초구,11650651,양재1동,1165010300,우면동,1165010300100660002,1,대지,66,2,서울특별시 서초구 우면동 66-2,116504163219,서울특별시 서초구 바우뫼로7길,8,,1165010300100660002006030,우면종합상가,서울특별시 서초구 바우뫼로7길 8,137889,06762,,,,127.025378759922,37.4708575518772
MA0101202411A0092745,주원개발,,G2,소매,G210,철물·건설자재 소매,G21099,기타 건설/건축자재 소매업,G47519,"페인트, 창호 및 기타 건설자재 소매업",28,인천광역시,28260,서구,28260530,연희동,2826010600,연희동,2826010600107370002,1,대지,737,2,인천광역시 서구 연희동 737-2,282604268496,인천광역시 서구 연희로28번길,9,13,2826010600107370002011674,성원주택,인천광역시 서구 연희로28번길 9-13,404838,22719,,,,126.672591678755,37.5498749521784
MA0101202411A0129511,대성종합물류인테리어,,G2,소매,G210,철물·건설자재 소매,G21099,기타 건설/건축자재 소매업,G47519,"페인트, 창호 및 기타 건설자재 소매업",48,경상남도,48127,창원시 마산회원구,48127570,양덕2동,4812710500,양덕동,4812710500101530008,1,대지,153,8,경상남도 창원시 마산회원구 양덕동 153-8,481273329059,경상남도 창원시 마산회원구 합포로,274,,4812710500101530008006263,한진오피스텔,경상남도 창원시 마산회원구 합포로 274,630813,51321,,14,,128.587550931906,35.221637600009
MA0101202411A0091557,리뷰,,G2,소매,G210,철물·건설자재 소매,G21099,기타 건설/건축자재 소매업,G47519,"페인트, 창호 및 기타 건설자재 소매업",41,경기도,41480,파주시,41480540,교하동,4148011000,오도동,4148011000100370095,1,대지,37,95,경기도 파주시 오도동 37-95,414804418679,경기도 파주시 장명산길,174,36,4148011000100370095000001,일부,경기도 파주시 장명산길 174-36,413070,10864,,1,,126.730331899635,37.7494259768621
MA0101202411A0094332,와이에이치건축,,G2,소매,G210,철물·건설자재 소매,G21099,기타 건설/건축자재 소매업,G47519,"페인트, 창호 및 기타 건설자재 소매업",26,부산광역시,26410,금정구,26410555,금사회동동,2641011200,회동동,2641011200101590018,1,대지,159,18,부산광역시 금정구 회동동 159-18,264103135010,부산광역시 금정구 금사로,173,1,2641011200101590023034768,,부산광역시 금정구 금사로 173-1,609845,46260,,2,,129.117434028429,35.2266384777247
MA0101202411A0055589,현강산업,,G2,소매,G210,철물·건설자재 소매,G21099,기타 건설/건축자재 소매업,G47519,"페인트, 창호 및 기타 건설자재 소매업",43,충청북도,43113,청주시 흥덕구,43113320,옥산면,4311332024,옥산면,4311332024100130000,1,대지,13,,충청북도 청주시 흥덕구 옥산면 환희리 13,431133240013,충청북도 청주시 흥덕구 옥산면 국사오산로,500,,4371041024000130000015037,,충청북도 청주시 흥덕구 옥산면 국사오산로 500,361913,28102,,1,,127.356934435851,36.677662200323
MA0101202411A0058629,동상앵글,,G2,소매,G210,철물·건설자재 소매,G21099,기타 건설/건축자재 소매업,G47519,"페인트, 창호 및 기타 건설자재 소매업",48,경상남도,48250,김해시,48250510,동상동,4825010100,동상동,4825010100106530006,1,대지,653,6,경상남도 김해시 동상동 653-6,482503335031,경상남도 김해시 분성로,378,,4825010100106530006046077,,경상남도 김해시 분성로 378,621020,50922,,,,128.887359295254,35.2340595975275
MA0101202411A0064539,피디에스,,G2,소매,G210,철물·건설자재 소매,G21099,기타 건설/건축자재 소매업,G47519,"페인트, 창호 및 기타 건설자재 소매업",43,충청북도,43750,진천군,43750253,덕산읍,4375025328,덕산읍,4375025328105180002,1,대지,518,2,충청북도 진천군 덕산읍 구산리 518-2,437504535208,충청북도 진천군 덕산읍 석장1길,35,,4375031028105180002031995,승현기업,충청북도 진천군 덕산읍 석장1길 35,365841,27855,,,,127.513272040592,36.8868232225006
MA0101202411A0064543,아트,코리아,G2,소매,G210,철물·건설자재 소매,G21099,기타 건설/건축자재 소매업,G47519,"페인트, 창호 및 기타 건설자재 소매업",41,경기도,41590,화성시,41590360,팔탄면,4159036036,팔탄면,4159036036102150001,1,대지,215,1,경기도 화성시 팔탄면 해창리 215-1,415904430639,경기도 화성시 팔탄면 삼암길,43,5,4159036036102150001014869,,경기도 화성시 팔탄면 삼암길 43-5,445959,18582,,,,126.871995663355,37.1063121396084
MA0101202411A0073736,에이치건축,,G2,소매,G210,철물·건설자재 소매,G21099,기타 건설/건축자재 소매업,G47519,"페인트, 창호 및 기타 건설자재 소매업",27,대구광역시,27290,달서구,27290650,본동,2729012400,본동,2729012400106070003,1,대지,607,3,대구광역시 달서구 본동 607-3,272904241621,대구광역시 달서구 학산로7안길,94,10,2729012400106070003000001,,대구광역시 달서구 학산로7안길 94-10,704806,42727,,,,128.530140569979,35.8368146130709
MA0101202411A0086842,제일상사,,G2,소매,G210,철물·건설자재 소매,G21099,기타 건설/건축자재 소매업,G47519,"페인트, 창호 및 기타 건설자재 소매업",50,제주특별자치도,50110,제주시,50110660,노형동,5011012200,노형동,5011012200110470005,1,대지,1047,5,제주특별자치도 제주시 노형동 1047-5,501103349036,제주특별자치도 제주시 남녕로,39,,5011012200110470005005674,,제주특별자치도 제주시 남녕로 39,690803,63097,,,,126.48029090363,33.4909086166695
MA0101202411A0055686,견우,,G2,소매,G210,철물·건설자재 소매,G21099,기타 건설/건축자재 소매업,G47519,"페인트, 창호 및 기타 건설자재 소매업",48,경상남도,48170,진주시,48170440,명석면,4817044031,명석면,4817044031100950010,1,대지,95,10,경상남도 진주시 명석면 우수리 95-10,481703332005,경상남도 진주시 명석면 광제산로,11,6,4817044031100950010022160,,경상남도 진주시 명석면 광제산로 11-6,660953,52642,,,,128.040679421965,35.2169938569542
MA0101202411A0057289,아호카방진망,,G2,소매,G210,철물·건설자재 소매,G21099,기타 건설/건축자재 소매업,G47519,"페인트, 창호 및 기타 건설자재 소매업",52,전북특별자치도,52111,전주시 완산구,52111701,삼천1동,5211113700,삼천동1가,5211113700105620017,1,대지,562,17,전북특별자치도 전주시 완산구 삼천동1가 562-17,521113266043,전북특별자치도 전주시 완산구 송정로,16,,4511113700105620017026441,,전북특별자치도 전주시 완산구 송정로 16,560806,55084,,1,,127.118333801539,35.8021568776294
MA0101202411A0064725,대성문집,,G2,소매,G210,철물·건설자재 소매,G21099,기타 건설/건축자재 소매업,G47519,"페인트, 창호 및 기타 건설자재 소매업",52,전북특별자치도,52720,진안군,52720250,진안읍,5272025021,진안읍,5272025021101010006,1,대지,101,6,전북특별자치도 진안군 진안읍 군상리 101-6,527203274057,전북특별자치도 진안군 진안읍 진무로,1183,,4572025021101010006025619,,전북특별자치도 진안군 진안읍 진무로 1183,567804,55422,,,,127.43520248176,35.7967949877977
MA0101202411A0078183,성심건설,,G2,소매,G210,철물·건설자재 소매,G21099,기타 건설/건축자재 소매업,G47519,"페인트, 창호 및 기타 건설자재 소매업",52,전북특별자치도,52130,군산시,52130380,나포면,5213038022,나포면,5213038022101380001,1,대지,138,1,전북특별자치도 군산시 나포면 장상리 138-1,521303268053,전북특별자치도 군산시 나포면 서라로,432,,5213038022101380001000001,,전북특별자치도 군산시 나포면 서라로 432,573851,54048,,,,126.863333712816,36.0214647229479
MA0101202411A0079526,재재인더스트리,,G2,소매,G210,철물·건설자재 소매,G21099,기타 건설/건축자재 소매업,G47519,"페인트, 창호 및 기타 건설자재 소매업",41,경기도,41570,김포시,41570360,하성면,4157036031,하성면,4157036031101730019,1,대지,173,19,경기도 김포시 하성면 전류리 173-19,415704427461,경기도 김포시 하성면 월하로912번길,70,49,4157036031101730019000001,,경기도 김포시 하성면 월하로912번길 70-49,415888,10013,,,,126.652963982356,37.7020128788118
MA0101202411A0116083,신원,,G2,소매,G210,철물·건설자재 소매,G21099,기타 건설/건축자재 소매업,G47519,"페인트, 창호 및 기타 건설자재 소매업",41,경기도,41590,화성시,41590590,동탄5동,4159013100,영천동,4159013100107480004,1,대지,748,4,경기도 화성시 영천동 748-4,415904852397,경기도 화성시 동탄치동천로2길,3,25,4159013100107480004000001,,경기도 화성시 동탄치동천로2길 3-25,445130,18474,,,,127.125847963134,37.2036107127748
MA0101202411A0052615,건영내장,,G2,소매,G210,철물·건설자재 소매,G21099,기타 건설/건축자재 소매업,G47519,"페인트, 창호 및 기타 건설자재 소매업",41,경기도,41171,안양시 만안구,41171520,안양2동,4117110100,안양동,4117110100108610032,1,대지,861,32,경기도 안양시 만안구 안양동 861-32,411713182003,경기도 안양시 만안구 만안로,284,,4117110100108610032011441,마인빌,경기도 안양시 만안구 만안로 284,430833,13991,,,,126.919310755294,37.4051306869228
MA0101202411A0044091,산척,,G2,소매,G210,철물·건설자재 소매,G21099,기타 건설/건축자재 소매업,G47519,"페인트, 창호 및 기타 건설자재 소매업",43,충청북도,43130,충주시,43130410,산척면,4313041022,산척면,4313041022107990003,1,대지,799,3,충청북도 충주시 산척면 영덕리 799-3,431304514333,충청북도 충주시 산척면 덕해길,10,1,4313041022107990003065544,,충청북도 충주시 산척면 덕해길 10-1,380831,27316,,,,127.950273175807,37.0734879320125
MA0101202411A0075594,한라조명창호,,G2,소매,G210,철물·건설자재 소매,G21099,기타 건설/건축자재 소매업,G47519,"페인트, 창호 및 기타 건설자재 소매업",41,경기도,41590,화성시,41590262,남양읍,4159026221,남양읍,4159026221120580005,1,대지,2058,5,경기도 화성시 남양읍 남양리 2058-5,415904430954,경기도 화성시 남양읍 역골동로36번길,8,,4159026221120580005000001,,경기도 화성시 남양읍 역골동로36번길 8,445851,18271,,1,,126.831618805093,37.2027919997343
MA0101202411A0102060,유진산업,,G2,소매,G210,철물·건설자재 소매,G21099,기타 건설/건축자재 소매업,G47519,"페인트, 창호 및 기타 건설자재 소매업",41,경기도,41461,용인시 처인구,41461340,원삼면,4146134026,원삼면,4146134026112860000,1,대지,1286,,경기도 용인시 처인구 원삼면 두창리 1286,414614409391,경기도 용인시 처인구 원삼면 백원로262번길,51,,4146134026112860000000001,,경기도 용인시 처인구 원삼면 백원로262번길 51,449872,17176,,,,127.345230907256,37.1503999567075
MA0101202411A0123169,라온하우징,,G2,소매,G210,철물·건설자재 소매,G21099,기타 건설/건축자재 소매업,G47519,"페인트, 창호 및 기타 건설자재 소매업",41,경기도,41117,수원시 영통구,41117510,매탄1동,4111710100,매탄동,4111710100101530009,1,대지,153,9,경기도 수원시 영통구 매탄동 153-9,411174331044,경기도 수원시 영통구 매여울로67번길,12,,4111710100101530009004387,,경기도 수원시 영통구 매여울로67번길 12,443800,16531,,2,,127.044525267823,37.274040879067
MA0101202411A0123836,삼화산업,,G2,소매,G210,철물·건설자재 소매,G21099,기타 건설/건축자재 소매업,G47519,"페인트, 창호 및 기타 건설자재 소매업",28,인천광역시,28710,강화군,28710250,강화읍,2871025028,강화읍,2871025028107530006,1,대지,753,6,인천광역시 강화군 강화읍 월곳리 753-6,287102348162,인천광역시 강화군 강화읍 강화산단로,178,,2871025028107530006000001,강화프라자,인천광역시 강화군 강화읍 강화산단로 178,417944,23021,,1,,126.498150343924,37.7635228673024
MA0101202411A0045611,대성오씨유대성OCU,,G2,소매,G210,철물·건설자재 소매,G21099,기타 건설/건축자재 소매업,G47519,"페인트, 창호 및 기타 건설자재 소매업",11,서울특별시,11530,구로구,11530530,구로2동,1153010200,구로동,1153010200112580000,1,대지,1258,,서울특별시 구로구 구로동 1258,115304148108,서울특별시 구로구 경인로53길,15,,1153010200112580000017234,중앙유통단지,서울특별시 구로구 경인로53길 15,152721,08217,,,,126.876118294779,37.5020332748086
MA0101202411A0123668,은강페인트,,G2,소매,G210,철물·건설자재 소매,G21099,기타 건설/건축자재 소매업,G47519,"페인트, 창호 및 기타 건설자재 소매업",48,경상남도,48127,창원시 마산회원구,48127545,석전동,4812710400,석전동,4812710400102570005,1,대지,257,5,경상남도 창원시 마산회원구 석전동 257-5,481274790128,경상남도 창원시 마산회원구 삼호천길,120,,4812710400102570005022335,,경상남도 창원시 마산회원구 삼호천길 120,630807,51304,,,,128.574469757961,35.2295500856491
MA0101202411A0056177,한마음석재사,,G2,소매,G210,철물·건설자재 소매,G21099,기타 건설/건축자재 소매업,G47519,"페인트, 창호 및 기타 건설자재 소매업",50,제주특별자치도,50130,서귀포시,50130250,대정읍,5013025021,대정읍,5013025021132030003,1,대지,3203,3,제주특별자치도 서귀포시 대정읍 상모리 3203-3,501303350122,제주특별자치도 서귀포시 대정읍 상모로,227,,5013025021132030003000001,,제주특별자치도 서귀포시 대정읍 상모로 227,699934,63510,,,,126.264660004855,33.2246033058168
MA0101202411A0075991,세원자재,,G2,소매,G210,철물·건설자재 소매,G21099,기타 건설/건축자재 소매업,G47519,"페인트, 창호 및 기타 건설자재 소매업",48,경상남도,48720,의령군,48720400,봉수면,4872040025,봉수면,4872040025100120000,1,대지,12,,경상남도 의령군 봉수면 삼가리 12,487204817353,경상남도 의령군 봉수면 한지18길,25,,4872040025100120000042286,,경상남도 의령군 봉수면 한지18길 25,636951,52102,,,,128.303765755482,35.464679709471
MA0101202411A0148314,서원개발,,G2,소매,G210,철물·건설자재 소매,G21099,기타 건설/건축자재 소매업,G47519,"페인트, 창호 및 기타 건설자재 소매업",41,경기도,41590,화성시,41590259,향남읍,4159025941,향남읍,4159025941103590005,1,대지,359,5,경기도 화성시 향남읍 장짐리 359-5,415904430513,경기도 화성시 향남읍 발안만세길,181,,4159025941103590005000003,,경기도 화성시 향남읍 발안만세길 181,445925,18594,,,,126.899199408753,37.1396056427506
MA0101202411A0141027,남양주아스콘포장건설,,G2,소매,G210,철물·건설자재 소매,G21099,기타 건설/건축자재 소매업,G47519,"페인트, 창호 및 기타 건설자재 소매업",41,경기도,41360,남양주시,41360570,별내동,4136011100,별내동,4136011100110060001,1,대지,1006,1,경기도 남양주시 별내동 1006-1,413603197091,경기도 남양주시 별내중앙로,30,,4136011100110060001000001,별내로데오몰,경기도 남양주시 별내중앙로 30,472501,12113,,,,127.125683967356,37.6459201524362
MA0101202411A0138289,일송종합목재,,G2,소매,G210,철물·건설자재 소매,G21099,기타 건설/건축자재 소매업,G47519,"페인트, 창호 및 기타 건설자재 소매업",41,경기도,41113,수원시 권선구,41113550,평동,4111312800,고색동,4111312800100070183,1,대지,7,183,경기도 수원시 권선구 고색동 7-183,411134325477,경기도 수원시 권선구 평동로9번길,113,,4111312800100070183000001,,경기도 수원시 권선구 평동로9번길 113,441804,16602,,,,126.986247436167,37.2573971990983
MA0101202411A0138327,두리하우징,,G2,소매,G210,철물·건설자재 소매,G21099,기타 건설/건축자재 소매업,G47519,"페인트, 창호 및 기타 건설자재 소매업",30,대전광역시,30170,서구,30170510,복수동,3017010100,복수동,3017010100107750000,1,대지,775,,대전광역시 서구 복수동 775,301704298432,대전광역시 서구 복수동로88번길,8,5,3017010100107750000019151,,대전광역시 서구 복수동로88번길 8-5,302870,35413,,,,127.377291513081,36.2971320483088
MA0101202411A0141249,임은재,,G2,소매,G210,철물·건설자재 소매,G21099,기타 건설/건축자재 소매업,G47519,"페인트, 창호 및 기타 건설자재 소매업",41,경기도,41430,의왕시,41430560,청계동,4143010600,학의동,4143010600101660001,1,대지,166,1,경기도 의왕시 학의동 166-1,414303201035,경기도 의왕시 학현로,46,,4143010600101660001001598,,경기도 의왕시 학현로 46,437827,16011,,,,127.01298629009,37.3900563815489
MA0101202411A0144190,포스건설,,G2,소매,G210,철물·건설자재 소매,G21099,기타 건설/건축자재 소매업,G47519,"페인트, 창호 및 기타 건설자재 소매업",51,강원특별자치도,51770,정선군,51770250,정선읍,5177025026,정선읍,5177025026103810002,1,대지,381,2,강원특별자치도 정선군 정선읍 덕우리 381-2,517704487083,강원특별자치도 정선군 정선읍 덕우윗길,33,,4277025026103810002000001,,강원특별자치도 정선군 정선읍 덕우윗길 33,233808,26124,,,,128.707762781897,37.3605621149031
MA0101202411A0173210,용산,거창지점,G2,소매,G210,철물·건설자재 소매,G21099,기타 건설/건축자재 소매업,G47519,"페인트, 창호 및 기타 건설자재 소매업",48,경상남도,48880,거창군,48880250,거창읍,4888025022,거창읍,4888025022102050002,1,대지,205,2,경상남도 거창군 거창읍 중앙리 205-2,488804841370,경상남도 거창군 거창읍 시장2길,9,,4888025022102050002011644,,경상남도 거창군 거창읍 시장2길 9,670808,50138,,3,,127.913474506374,35.6856307430856
MA0101202411A0189491,어니스트,대구지점,G2,소매,G210,철물·건설자재 소매,G21099,기타 건설/건축자재 소매업,G47519,"페인트, 창호 및 기타 건설자재 소매업",27,대구광역시,27710,달성군,27710256,다사읍,2771025628,다사읍,2771025628115270004,1,대지,1527,4,대구광역시 달성군 다사읍 매곡리 1527-4,277104244190,대구광역시 달성군 다사읍 대실역북로4길,8,,2771025628115270004000001,아름채,대구광역시 달성군 다사읍 대실역북로4길 8,711812,42911,,,,128.46623765049,35.8643489137857
MA0101202411A0140689,위드지스부산,,G2,소매,G210,철물·건설자재 소매,G21099,기타 건설/건축자재 소매업,G47519,"페인트, 창호 및 기타 건설자재 소매업",26,부산광역시,26350,해운대구,26350520,우2동,2635010500,우동,2635010500114540000,1,대지,1454,,부산광역시 해운대구 우동 1454,263503133018,부산광역시 해운대구 센텀동로,71,,2635010500114540000000001,벽산이센텀클래스원2차,부산광역시 해운대구 센텀동로 71,612022,48059,,,,129.128220753516,35.1745614011729
MA0101202411A0175271,다원엔텍,,G2,소매,G210,철물·건설자재 소매,G21099,기타 건설/건축자재 소매업,G47519,"페인트, 창호 및 기타 건설자재 소매업",11,서울특별시,11530,구로구,11530560,구로5동,1153010200,구로동,1153010200101110041,1,대지,111,41,서울특별시 구로구 구로동 111-41,115304148267,서울특별시 구로구 구로중앙로28길,59,,1153010200101110041020833,세광빌딩,서울특별시 구로구 구로중앙로28길 59,152844,08294,,,,126.888606298943,37.500297760054
MA0101202411A0177577,거산토건,,G2,소매,G210,철물·건설자재 소매,G21099,기타 건설/건축자재 소매업,G47519,"페인트, 창호 및 기타 건설자재 소매업",41,경기도,41480,파주시,41480310,월롱면,4148031025,월롱면,4148031025101570002,1,대지,157,2,경기도 파주시 월롱면 영태리 157-2,414804418517,경기도 파주시 월롱면 쉰우물길,121,,4148031025101570002000001,,경기도 파주시 월롱면 쉰우물길 121,413813,10945,,,,126.795224718475,37.7780450746528
MA0101202411A0181226,화영,,G2,소매,G210,철물·건설자재 소매,G21099,기타 건설/건축자재 소매업,G47519,"페인트, 창호 및 기타 건설자재 소매업",30,대전광역시,30140,중구,30140740,산성동,3014011700,산성동,3014011700101040006,1,대지,104,6,대전광역시 중구 산성동 104-6,301403165047,대전광역시 중구 문화로,92,,3014011700101040006000675,,대전광역시 중구 문화로 92,301817,34993,,3,,127.395956828318,36.3116888544839
MA0101202411A0178208,바른꼴개발,,G2,소매,G210,철물·건설자재 소매,G21099,기타 건설/건축자재 소매업,G47519,"페인트, 창호 및 기타 건설자재 소매업",41,경기도,41461,용인시 처인구,41461530,유림동,4146110600,고림동,4146110600104270010,1,대지,427,10,경기도 용인시 처인구 고림동 427-10,414613203106,경기도 용인시 처인구 임원로,56,,4146110600101860077000001,,경기도 용인시 처인구 임원로 56,449921,17039,,1,,127.227952589496,37.2531148686673
MA0101202411A0188769,일루이삼형제,,G2,소매,G210,철물·건설자재 소매,G21099,기타 건설/건축자재 소매업,G47519,"페인트, 창호 및 기타 건설자재 소매업",41,경기도,41113,수원시 권선구,41113690,곡선동,4111313600,곡반정동,4111313600105490003,1,대지,549,3,경기도 수원시 권선구 곡반정동 549-3,411134325065,경기도 수원시 권선구 곡선로49번길,40,8,4111313600105490003027993,,경기도 수원시 권선구 곡선로49번길 40-8,441400,16670,,1,,127.031172967856,37.2403461332956
MA010120220812097818,대한상사,,G2,소매,G210,철물·건설자재 소매,G21099,기타 건설/건축자재 소매업,G47519,"페인트, 창호 및 기타 건설자재 소매업",41,경기도,41650,포천시,41650250,소흘읍,4165025022,소흘읍,4165025022105690002,1,대지,569,2,경기도 포천시 소흘읍 이동교리 569-2,416503000136,경기도 포천시 소흘읍 호국로,77,,4165025022105690002000001,,경기도 포천시 소흘읍 호국로 77,487826,11184,,,,127.119967025977,37.7828199133304
MA010120220812156029,세명씨엔에프,,G2,소매,G210,철물·건설자재 소매,G21099,기타 건설/건축자재 소매업,G47519,"페인트, 창호 및 기타 건설자재 소매업",41,경기도,41480,파주시,41480540,교하동,4148011000,오도동,4148011000103540000,1,대지,354,,경기도 파주시 오도동 354,414804418561,경기도 파주시 연다산길,67,,4148011000103540000000001,,경기도 파주시 연다산길 67,413070,10864,,,,126.723137361243,37.7435169806687
MA010120220812178176,효성문짝,,G2,소매,G210,철물·건설자재 소매,G21099,기타 건설/건축자재 소매업,G47519,"페인트, 창호 및 기타 건설자재 소매업",43,충청북도,43130,충주시,43130571,문화동,4313012700,문화동,4313012700100560000,1,대지,56,,충청북도 충주시 문화동 56,431302246001,충청북도 충주시 중원대로,3495,,4313012700100560000028870,,충청북도 충주시 중원대로 3495,380955,27418,,,,127.915934047991,36.9698223089252
MA010120220812205182,영동,,G2,소매,G210,철물·건설자재 소매,G21099,기타 건설/건축자재 소매업,G47519,"페인트, 창호 및 기타 건설자재 소매업",41,경기도,41210,광명시,41210633,하안3동,4121010300,하안동,4121010300100540002,1,대지,54,2,경기도 광명시 하안동 54-2,412103187057,경기도 광명시 하안로,294,9,4121010300100540002012313,양정빌딩,경기도 광명시 하안로 294-9,423849,14306,,,,126.880987391547,37.4625380756743
MA010120220812208257,공간마스터,,G2,소매,G210,철물·건설자재 소매,G21099,기타 건설/건축자재 소매업,G47519,"페인트, 창호 및 기타 건설자재 소매업",47,경상북도,47230,영천시,47230555,남부동,4723011200,금노동,4723011200103720074,1,대지,372,74,경상북도 영천시 금노동 372-74,472303018036,경상북도 영천시 천문로,210,,4723011200103720074003291,,경상북도 영천시 천문로 210,770060,38896,,,,128.932204295309,35.9572458596968
MA010120220812186785,동산건재상사,,G2,소매,G210,철물·건설자재 소매,G21099,기타 건설/건축자재 소매업,G47519,"페인트, 창호 및 기타 건설자재 소매업",48,경상남도,48270,밀양시,48270380,무안면,4827038028,무안면,4827038028109630000,1,대지,963,,경상남도 밀양시 무안면 동산리 963,482703336075,경상남도 밀양시 무안면 창밀로,2376,,4827038028109630000008881,,경상남도 밀양시 무안면 창밀로 2376,627872,50405,,,,128.653270850438,35.5398192868604
MA010120220812223159,동명건축농자재판매상사,,G2,소매,G210,철물·건설자재 소매,G21099,기타 건설/건축자재 소매업,G47519,"페인트, 창호 및 기타 건설자재 소매업",48,경상남도,48121,창원시 의창구,48121320,대산면,4812132024,대산면,4812132024100200001,1,대지,20,1,경상남도 창원시 의창구 대산면 가술리 20-1,481213019034,경상남도 창원시 의창구 대산면 진산대로,499,,4812132024100200013037541,,경상남도 창원시 의창구 대산면 진산대로 499,641921,51125,,,,128.709114457802,35.3444386659322
MA010120220812226705,록시인테리어,,G2,소매,G210,철물·건설자재 소매,G21099,기타 건설/건축자재 소매업,G47519,"페인트, 창호 및 기타 건설자재 소매업",41,경기도,41171,안양시 만안구,41171520,안양2동,4117110100,안양동,4117110100108150025,1,대지,815,25,경기도 안양시 만안구 안양동 815-25,411713182003,경기도 안양시 만안구 만안로,276,,4117110100108150025017668,,경기도 안양시 만안구 만안로 276,430812,13991,,2,,126.919729350404,37.4044822371287
MA010120220812253218,사람과나무,,G2,소매,G210,철물·건설자재 소매,G21099,기타 건설/건축자재 소매업,G47519,"페인트, 창호 및 기타 건설자재 소매업",46,전라남도,46880,장성군,46880250,장성읍,4688025024,장성읍,4688025024110450028,1,대지,1045,28,전라남도 장성군 장성읍 영천리 1045-28,468804697392,전라남도 장성군 장성읍 청운길,22,,4688025024110440003000001,,전라남도 장성군 장성읍 청운길 22,515805,57220,,,,126.78145603746,35.3016603860731
MA0101202305A0173946,스원프렌즈,,G2,소매,G210,철물·건설자재 소매,G21099,기타 건설/건축자재 소매업,G47519,"페인트, 창호 및 기타 건설자재 소매업",41,경기도,41192,부천시 원미구,41192690,상2동,4119210900,상동,4119210900105450004,1,대지,545,4,경기도 부천시 원미구 상동 545-4,411924352291,경기도 부천시 원미구 소향로13번길,28,14,4119510900105450003045810,맘모스타워,경기도 부천시 원미구 소향로13번길 28-14,420864,14544,,5,,126.750101238047,37.5048432583289
MA0101202305A0188549,중앙건재사,,G2,소매,G210,철물·건설자재 소매,G21099,기타 건설/건축자재 소매업,G47519,"페인트, 창호 및 기타 건설자재 소매업",11,서울특별시,11380,은평구,11380520,불광1동,1138010300,불광동,1138010300102440069,1,대지,244,69,서울특별시 은평구 불광동 244-69,113804133311,서울특별시 은평구 통일로68길,25,16,1138010300102440069039281,,서울특별시 은평구 통일로68길 25-16,122856,03355,,,,126.930558689831,37.6143871031297
MA0101202305A0127184,제비스코,대리점,G2,소매,G210,철물·건설자재 소매,G21099,기타 건설/건축자재 소매업,G47519,"페인트, 창호 및 기타 건설자재 소매업",43,충청북도,43745,증평군,43745250,증평읍,4374525030,증평읍,4374525030105870014,1,대지,587,14,충청북도 증평군 증평읍 초중리 587-14,437454532183,충청북도 증평군 증평읍 초중11길,5,,4374525030105870014000001,제비스코,충청북도 증평군 증평읍 초중11길 5,368910,27938,,1,,127.575202402826,36.7801563263566
MA0101202305A0146370,다우안전산업,,G2,소매,G210,철물·건설자재 소매,G21099,기타 건설/건축자재 소매업,G47519,"페인트, 창호 및 기타 건설자재 소매업",43,충청북도,43720,보은군,43720250,보은읍,4372025031,보은읍,4372025031101340012,1,대지,134,12,충청북도 보은군 보은읍 이평리 134-12,437204523149,충청북도 보은군 보은읍 뱃들3길,6,,4372025031101340012000001,,충청북도 보은군 보은읍 뱃들3길 6,376806,28937,,2,,127.725453821718,36.4876973876327
MA0101202305A0154963,가론,김포지점,G2,소매,G210,철물·건설자재 소매,G21099,기타 건설/건축자재 소매업,G47519,"페인트, 창호 및 기타 건설자재 소매업",41,경기도,41570,김포시,41570575,마산동,4157010800,마산동,4157010800106210018,1,대지,621,18,경기도 김포시 마산동 621-18,415704838120,경기도 김포시 김포한강8로218번길,24,,4157010800106210018000001,일부,경기도 김포시 김포한강8로218번길 24,415090,10066,,,,126.644758589559,37.6416411111557
MA0101202305A0180398,쓰리엘컨설팅,,G2,소매,G210,철물·건설자재 소매,G21099,기타 건설/건축자재 소매업,G47519,"페인트, 창호 및 기타 건설자재 소매업",41,경기도,41590,화성시,41590585,동탄1동,4159012700,반송동,4159012700101030003,1,대지,103,3,경기도 화성시 반송동 103-3,415903210037,경기도 화성시 메타폴리스로,42,,4159012700100700000000001,디앤씨빌딩,경기도 화성시 메타폴리스로 42,445160,18455,,9,,127.071854998593,37.2017004856618
MA0101202305A0203310,보광개발,,G2,소매,G210,철물·건설자재 소매,G21099,기타 건설/건축자재 소매업,G47519,"페인트, 창호 및 기타 건설자재 소매업",27,대구광역시,27170,서구,27170510,내당1동,2717010100,내당동,2717010100102090091,1,대지,209,91,대구광역시 서구 내당동 209-91,271704229074,대구광역시 서구 달구벌대로361길,12,,2717010100102090091012967,,대구광역시 서구 달구벌대로361길 12,703802,41863,,,,128.561691868823,35.8604964188915
MA0101202305A0139498,현대건재상사,,G2,소매,G210,철물·건설자재 소매,G21099,기타 건설/건축자재 소매업,G47519,"페인트, 창호 및 기타 건설자재 소매업",47,경상북도,47250,상주시,47250350,공성면,4725035021,공성면,4725035021101780001,1,대지,178,1,경상북도 상주시 공성면 옥산리 178-1,472504733613,경상북도 상주시 공성면 옥산3길,16,,4725035021101780001073020,,경상북도 상주시 공성면 옥산3길 16,742844,37267,,,,128.093270309354,36.2851503262555
MA0101202306A0004712,동문가구,,G2,소매,G210,철물·건설자재 소매,G21099,기타 건설/건축자재 소매업,G47519,"페인트, 창호 및 기타 건설자재 소매업",41,경기도,41630,양주시,41630520,양주2동,4163010900,고읍동,4163010900101530002,1,대지,153,2,경기도 양주시 고읍동 153-2,416304436067,경기도 양주시 고덕로355번길,28,9,4163010900101530002003505,,경기도 양주시 고덕로355번길 28-9,482020,11480,,,,127.079463778299,37.8043691371969
MA0101202305A0139739,멀티,,G2,소매,G210,철물·건설자재 소매,G21099,기타 건설/건축자재 소매업,G47519,"페인트, 창호 및 기타 건설자재 소매업",26,부산광역시,26710,기장군,26710250,기장읍,2671025026,기장읍,2671025026103090001,1,대지,309,1,부산광역시 기장군 기장읍 대라리 309-1,267104220304,부산광역시 기장군 기장읍 차성로249번길,41,,2671025026107750016006350,리치하우스,부산광역시 기장군 기장읍 차성로249번길 41,619903,46069,,,,129.211124925075,35.2392904898947
MA0101202305A0191658,더하기,,G2,소매,G210,철물·건설자재 소매,G21099,기타 건설/건축자재 소매업,G47519,"페인트, 창호 및 기타 건설자재 소매업",52,전북특별자치도,52180,정읍시,52180535,내장상동,5218010300,상동,5218010300102550072,1,대지,255,72,전북특별자치도 정읍시 상동 255-72,521804610437,전북특별자치도 정읍시 상신경1길,11,,4518010300102550072010405,,전북특별자치도 정읍시 상신경1길 11,580800,56194,,1,,126.873645881668,35.5565135200972
MA0101202305A0187505,우송건축자재,,G2,소매,G210,철물·건설자재 소매,G21099,기타 건설/건축자재 소매업,G47519,"페인트, 창호 및 기타 건설자재 소매업",46,전라남도,46910,신안군,46910253,압해읍,4691025330,압해읍,4691025330105790001,1,대지,579,1,전라남도 신안군 압해읍 분매리 579-1,469103302011,전라남도 신안군 압해읍 압해로,533,,4691025330105790001000001,,전라남도 신안군 압해읍 압해로 533,535817,58825,,,,126.342910293171,34.8503252433154
MA0101202305A0163578,윤하이엔지,,G2,소매,G210,철물·건설자재 소매,G21099,기타 건설/건축자재 소매업,G47519,"페인트, 창호 및 기타 건설자재 소매업",47,경상북도,47250,상주시,47250530,북문동,4725013300,만산동,4725013300106120001,1,대지,612,1,경상북도 상주시 만산동 612-1,472502018003,경상북도 상주시 경상대로,3155,1,4725013300106120001000001,,경상북도 상주시 경상대로 3155-1,742260,37161,,,,128.151626954247,36.4287825589543
MA0101202305A0187959,데이원,,G2,소매,G210,철물·건설자재 소매,G21099,기타 건설/건축자재 소매업,G47519,"페인트, 창호 및 기타 건설자재 소매업",41,경기도,41590,화성시,41590262,남양읍,4159026222,남양읍,4159026222114100011,1,대지,1410,11,경기도 화성시 남양읍 신남리 1410-11,415904430842,경기도 화성시 남양읍 신남로240번길,19,8,4159026222114100011000001,,경기도 화성시 남양읍 신남로240번길 19-8,445864,18269,,,,126.795148751721,37.1720356970423
MA0101202306A0046909,아이에스물산,,G2,소매,G210,철물·건설자재 소매,G21099,기타 건설/건축자재 소매업,G47519,"페인트, 창호 및 기타 건설자재 소매업",46,전라남도,46820,해남군,46820250,해남읍,4682025035,해남읍,4682025035100340006,1,대지,34,6,전라남도 해남군 해남읍 용정리 34-6,468202294001,전라남도 해남군 해남읍 땅끝대로,103,3,4682025035100340006000002,,전라남도 해남군 해남읍 땅끝대로 103-3,536806,59044,,,,126.586742060202,34.5589147674994
MA0101202306A0052464,화성철물,,G2,소매,G210,철물·건설자재 소매,G21099,기타 건설/건축자재 소매업,G47519,"페인트, 창호 및 기타 건설자재 소매업",41,경기도,41590,화성시,41590400,양감면,4159040022,양감면,4159040022104030010,1,대지,403,10,경기도 화성시 양감면 사창리 403-10,415903012024,경기도 화성시 양감면 정문회화로,17,,4159040022104030010000001,,경기도 화성시 양감면 정문회화로 17,445932,18627,,1,,126.974062334173,37.0910242068108
MA0101202306A0103385,디와이산업,,G2,소매,G210,철물·건설자재 소매,G21099,기타 건설/건축자재 소매업,G47519,"페인트, 창호 및 기타 건설자재 소매업",41,경기도,41590,화성시,41590410,정남면,4159041035,정남면,4159041035100700001,1,대지,70,1,경기도 화성시 정남면 수면리 70-1,415904430893,경기도 화성시 정남면 안념길,180,3,4159041035100710002018360,,경기도 화성시 정남면 안념길 180-3,445968,18513,,,,127.020320591623,37.1588573518771
MA0101202306A0028046,경진창호,,G2,소매,G210,철물·건설자재 소매,G21099,기타 건설/건축자재 소매업,G47519,"페인트, 창호 및 기타 건설자재 소매업",48,경상남도,48240,사천시,48240550,벌용동,4824010800,벌리동,4824010800104940007,1,대지,494,7,경상남도 사천시 벌리동 494-7,482403334059,경상남도 사천시 중앙로,143,1,4824010800104940007019093,,경상남도 사천시 중앙로 143-1,664834,52558,,,,128.079190249428,34.9384831482469
MA0101202306A0035718,진건축,,G2,소매,G210,철물·건설자재 소매,G21099,기타 건설/건축자재 소매업,G47519,"페인트, 창호 및 기타 건설자재 소매업",52,전북특별자치도,52140,익산시,52140595,남중동,5214011300,남중동,5214011300103880022,1,대지,388,22,전북특별자치도 익산시 남중동 388-22,521402269001,전북특별자치도 익산시 익산대로,298,,4514011300103880022092961,,전북특별자치도 익산시 익산대로 298,570956,54619,,1,,126.952348710699,35.9523362517531
MA0101202306A0079652,춘양종합설비,,G2,소매,G210,철물·건설자재 소매,G21099,기타 건설/건축자재 소매업,G47519,"페인트, 창호 및 기타 건설자재 소매업",46,전라남도,46790,화순군,46790320,춘양면,4679032021,춘양면,4679032021105730091,1,대지,573,91,전라남도 화순군 춘양면 석정리 573-91,467903291035,전라남도 화순군 춘양면 춘양로,106,,4679032021105730088037414,,전라남도 화순군 춘양면 춘양로 106,519852,58157,,,,126.960960547103,34.9501570884258
MA0101202306A0101105,에이블리미세방충망,,G2,소매,G210,철물·건설자재 소매,G21099,기타 건설/건축자재 소매업,G47519,"페인트, 창호 및 기타 건설자재 소매업",43,충청북도,43111,청주시 상당구,43111720,용암1동,4311112500,용정동,4311112500110430000,1,대지,1043,,충청북도 청주시 상당구 용정동 1043,431114508726,충청북도 청주시 상당구 호미로198번길,10,8,4311112500110430000041014,,충청북도 청주시 상당구 호미로198번길 10-8,360809,28749,,,,127.516778504701,36.6256846771622
MA0101202306A0042256,논슬립702,,G2,소매,G210,철물·건설자재 소매,G21099,기타 건설/건축자재 소매업,G47519,"페인트, 창호 및 기타 건설자재 소매업",41,경기도,41570,김포시,41570515,김포본동,4157010500,감정동,4157010500104070010,1,대지,407,10,경기도 김포시 감정동 407-10,415702209001,경기도 김포시 김포대로,1129,,4157010500106320000019232,,경기도 김포시 김포대로 1129,415010,10100,,1,,126.696368189486,37.6333250036175
MA0101202307A0005116,더에이치산업개발,,G2,소매,G210,철물·건설자재 소매,G21099,기타 건설/건축자재 소매업,G47519,"페인트, 창호 및 기타 건설자재 소매업",46,전라남도,46820,해남군,46820250,해남읍,4682025036,해남읍,4682025036103660005,1,대지,366,5,전라남도 해남군 해남읍 구교리 366-5,468203294021,전라남도 해남군 해남읍 중앙1로,228,,4682025036103660005000002,,전라남도 해남군 해남읍 중앙1로 228,536803,59029,,,,126.595086370133,34.5728339144026
MA0101202306A0076536,우주상사,,G2,소매,G210,철물·건설자재 소매,G21099,기타 건설/건축자재 소매업,G47519,"페인트, 창호 및 기타 건설자재 소매업",41,경기도,41220,평택시,41220590,신평동,4122011700,합정동,4122011700100890003,1,대지,89,3,경기도 평택시 합정동 89-3,412204364212,경기도 평택시 배미1길,39,10,4122011700100890003000001,,경기도 평택시 배미1길 39-10,450829,17903,,1,,127.111606094693,36.9865217948834
MA0101202306A0023392,디자인스토리,,G2,소매,G210,철물·건설자재 소매,G21099,기타 건설/건축자재 소매업,G47519,"페인트, 창호 및 기타 건설자재 소매업",47,경상북도,47210,영주시,47210510,상망동,4721010200,상망동,4721010200103780008,1,대지,378,8,경상북도 영주시 상망동 378-8,472103309090,경상북도 영주시 의상로,173,,4721010200103780008000001,,경상북도 영주시 의상로 173,750904,36064,,,,128.636830852201,36.8512495175114
MA0101202308A0014148,코원상사,,G2,소매,G210,철물·건설자재 소매,G21099,기타 건설/건축자재 소매업,G47519,"페인트, 창호 및 기타 건설자재 소매업",41,경기도,41461,용인시 처인구,41461250,포곡읍,4146125021,포곡읍,4146125021100560003,1,대지,56,3,경기도 용인시 처인구 포곡읍 삼계리 56-3,414612012009,경기도 용인시 처인구 포곡읍 백옥대로,1984,,4146125021100560003038777,일부,경기도 용인시 처인구 포곡읍 백옥대로 1984,449814,17029,,3,,127.236021832871,37.3032057798186
MA0101202308A0007084,이산,,G2,소매,G210,철물·건설자재 소매,G21099,기타 건설/건축자재 소매업,G47519,"페인트, 창호 및 기타 건설자재 소매업",48,경상남도,48250,김해시,48250320,주촌면,4825032028,주촌면,4825032028106220009,1,대지,622,9,경상남도 김해시 주촌면 농소리 622-9,482504805935,경상남도 김해시 주촌면 골든루트로130번길,10,,4825032028106220002000002,,경상남도 김해시 주촌면 골든루트로130번길 10,621842,50969,,2,,128.828896575327,35.2175913478293
MA0101202307A0051222,지성,,G2,소매,G210,철물·건설자재 소매,G21099,기타 건설/건축자재 소매업,G47519,"페인트, 창호 및 기타 건설자재 소매업",41,경기도,41281,고양시 덕양구,41281580,창릉동,4128111200,동산동,4128111200100760051,1,대지,76,51,경기도 고양시 덕양구 동산동 76-51,412814376027,경기도 고양시 덕양구 고양대로1954번길,37,,4128111200100760051003803,,경기도 고양시 덕양구 고양대로1954번길 37,412090,10596,,,,126.896583837995,37.6442569345319
MA0101202308A0008753,거제가설자재,,G2,소매,G210,철물·건설자재 소매,G21099,기타 건설/건축자재 소매업,G47519,"페인트, 창호 및 기타 건설자재 소매업",48,경상남도,48310,거제시,48310340,거제면,4831034023,거제면,4831034023100500007,1,대지,50,7,경상남도 거제시 거제면 내간리 50-7,483103337003,경상남도 거제시 거제면 거제남서로,3799,19,4831034023100500007021133,,경상남도 거제시 거제면 거제남서로 3799-19,656861,53283,,,,128.567205479173,34.8472119282824
MA0101202307A0022743,제이설비,,G2,소매,G210,철물·건설자재 소매,G21099,기타 건설/건축자재 소매업,G47519,"페인트, 창호 및 기타 건설자재 소매업",41,경기도,41480,파주시,41480600,운정6동,4148011300,동패동,4148011300120770001,1,대지,2077,1,경기도 파주시 동패동 2077-1,414803353306,경기도 파주시 초롱꽃로,117,36,4148011300120770001000001,라스퀘어I,경기도 파주시 초롱꽃로 117-36,413100,10956,,3,,126.715584553764,37.7129291411541
MA0101202307A0047664,동광건재,,G2,소매,G210,철물·건설자재 소매,G21099,기타 건설/건축자재 소매업,G47519,"페인트, 창호 및 기타 건설자재 소매업",26,부산광역시,26110,중구,26110580,남포동,2611014100,남포동6가,2611014100101150005,1,대지,115,5,부산광역시 중구 남포동6가 115-5,261104175205,부산광역시 중구 자갈치로15번길,4,,2611014100101150005003285,,부산광역시 중구 자갈치로15번길 4,600046,48982,,1,,129.026196763497,35.0967382934495
MA0101202307A0070735,금오소매업,,G2,소매,G210,철물·건설자재 소매,G21099,기타 건설/건축자재 소매업,G47519,"페인트, 창호 및 기타 건설자재 소매업",41,경기도,41150,의정부시,41150580,자금동,4115010800,자일동,4115010800103950005,1,대지,395,5,경기도 의정부시 자일동 395-5,411504343476,경기도 의정부시 호국로1723번안길,77,,4115010800103950005020562,,경기도 의정부시 호국로1723번안길 77,480110,11766,,,,127.088365837369,37.7658736909769
MA0101202307A0081731,우신덕트자재총판,,G2,소매,G210,철물·건설자재 소매,G21099,기타 건설/건축자재 소매업,G47519,"페인트, 창호 및 기타 건설자재 소매업",41,경기도,41390,시흥시,41390589,정왕본동,4139013200,정왕동,4139013200105860000,1,대지,586,,경기도 시흥시 정왕동 586,413903199077,경기도 시흥시 오동마을로,79,,4139013200105860000000001,,경기도 시흥시 오동마을로 79,429455,15050,,1,,126.750690054653,37.35131156918
MA0101202307A0092045,광민산업,,G2,소매,G210,철물·건설자재 소매,G21099,기타 건설/건축자재 소매업,G47519,"페인트, 창호 및 기타 건설자재 소매업",29,광주광역시,29110,동구,29110730,지원1동,2911011900,소태동,2911011900105340053,1,대지,534,53,광주광역시 동구 소태동 534-53,291103159017,광주광역시 동구 학소로,110,12,2911011900105340053027290,,광주광역시 동구 학소로 110-12,501829,61496,,1,,126.933149835599,35.129492014499
MA0101202307A0107267,진성테크,,G2,소매,G210,철물·건설자재 소매,G21099,기타 건설/건축자재 소매업,G47216,"빵류, 과자류 및 당류 소매업",41,경기도,41500,이천시,41500520,중리동,4150010400,증일동,4150010400101860004,1,대지,186,4,경기도 이천시 증일동 186-4,415004421319,경기도 이천시 부악로90번길,128,,4150010400101860004007335,,경기도 이천시 부악로90번길 128,467808,17391,,,,127.431006783755,37.2633803009689
MA0101202307A0034618,호연,,G2,소매,G210,철물·건설자재 소매,G21099,기타 건설/건축자재 소매업,G47519,"페인트, 창호 및 기타 건설자재 소매업",41,경기도,41461,용인시 처인구,41461360,양지면,4146136029,양지면,4146136029104620006,1,대지,462,6,경기도 용인시 처인구 양지면 주북리 462-6,414613203070,경기도 용인시 처인구 양지면 송주로,231,19,4146136029104620006000001,일부,경기도 용인시 처인구 양지면 송주로 231-19,449822,17159,,1,,127.255094211405,37.2427335619426
MA0101202307A0074550,경인이엔이,,G2,소매,G210,철물·건설자재 소매,G21099,기타 건설/건축자재 소매업,G47519,"페인트, 창호 및 기타 건설자재 소매업",51,강원특별자치도,51150,강릉시,51150572,포남2동,5115011100,포남동,5115011100110750002,1,대지,1075,2,강원특별자치도 강릉시 포남동 1075-2,511504460446,강원특별자치도 강릉시 보래미하길41번길,1,,4215011100110750002007802,,강원특별자치도 강릉시 보래미하길41번길 1,210957,25485,,,,128.911038638656,37.7730753349323
MA0101202307A0089951,탑빌드테크닉스영남지사,,G2,소매,G210,철물·건설자재 소매,G21099,기타 건설/건축자재 소매업,G47519,"페인트, 창호 및 기타 건설자재 소매업",26,부산광역시,26380,사하구,26380571,신평1동,2638010400,신평동,2638010400103410000,1,대지,341,,부산광역시 사하구 신평동 341,263803134019,부산광역시 사하구 신산북로,45,,2638010400103410000013571,,부산광역시 사하구 신산북로 45,604835,49418,,,,128.969464402929,35.0912840407486
MA0101202307A0036809,동원건자재,,G2,소매,G210,철물·건설자재 소매,G21099,기타 건설/건축자재 소매업,G47519,"페인트, 창호 및 기타 건설자재 소매업",44,충청남도,44150,공주시,44150590,월송동,4415012600,송선동,4415012600101210001,1,대지,121,1,충청남도 공주시 송선동 121-1,441504553301,충청남도 공주시 동현길,36,24,4415012600101210001000001,,충청남도 공주시 동현길 36-24,314120,32590,,,,127.172513482277,36.4832896985062
MA0101202307A0044816,지솔건설,,G2,소매,G210,철물·건설자재 소매,G21099,기타 건설/건축자재 소매업,G47519,"페인트, 창호 및 기타 건설자재 소매업",41,경기도,41273,안산시 단원구,41273532,중앙동,4127310100,고잔동,4127310100105300002,1,대지,530,2,경기도 안산시 단원구 고잔동 530-2,412733191015,경기도 안산시 단원구 당곡로,11,,4127310100105300002046869,거풍스카이팰리스,경기도 안산시 단원구 당곡로 11,425868,15359,,,,126.83301986754,37.318307524443
MA0101202307A0073123,어번커넥트,,G2,소매,G210,철물·건설자재 소매,G21099,기타 건설/건축자재 소매업,G47519,"페인트, 창호 및 기타 건설자재 소매업",41,경기도,41173,안양시 동안구,41173580,호계1동,4117310400,호계동,4117310400105550037,1,대지,555,37,경기도 안양시 동안구 호계동 555-37,411733182030,경기도 안양시 동안구 엘에스로,142,,4117310400105550037000001,호계금정역SK,경기도 안양시 동안구 엘에스로 142,431831,14118,,9,,126.946914144664,37.3742682482924
MA0101202307A0094587,피에이치제이,,G2,소매,G210,철물·건설자재 소매,G21099,기타 건설/건축자재 소매업,G47519,"페인트, 창호 및 기타 건설자재 소매업",29,광주광역시,29170,북구,29170677,오치2동,2917011500,오치동,2917011500109210008,1,대지,921,8,광주광역시 북구 오치동 921-8,291703162056,광주광역시 북구 우치로,287,,2917011500109210008000841,,광주광역시 북구 우치로 287,500840,61053,,4,,126.905211203123,35.190450336082
MA0101202307A0050695,모든바닥,,G2,소매,G210,철물·건설자재 소매,G21099,기타 건설/건축자재 소매업,G47519,"페인트, 창호 및 기타 건설자재 소매업",41,경기도,41287,고양시 일산서구,41287570,대화동,4128710400,대화동,4128710400120050000,1,대지,2005,,경기도 고양시 일산서구 대화동 2005,412873194014,경기도 고양시 일산서구 성저로,104,,4128710400120050000003512,,경기도 고양시 일산서구 성저로 104,411803,10369,,1,,126.758295576461,37.6849861366747
MA0101202309A0002707,더공간,,G2,소매,G210,철물·건설자재 소매,G21099,기타 건설/건축자재 소매업,G47519,"페인트, 창호 및 기타 건설자재 소매업",51,강원특별자치도,51170,동해시,51170590,묵호동,5117012300,묵호진동,5117012300100030074,1,대지,3,74,강원특별자치도 동해시 묵호진동 3-74,511704463061,강원특별자치도 동해시 덕장1길,21,5,4217012300000030074007126,,강원특별자치도 동해시 덕장1길 21-5,240816,25711,,,,129.113809564966,37.5567463304346
MA0101202309A0031984,귀천,,G2,소매,G210,철물·건설자재 소매,G21099,기타 건설/건축자재 소매업,G47519,"페인트, 창호 및 기타 건설자재 소매업",48,경상남도,48240,사천시,48240250,사천읍,4824025028,사천읍,4824025028113540001,1,대지,1354,1,경상남도 사천시 사천읍 구암리 1354-1,482403334019,경상남도 사천시 사천읍 두량로,11,,4824025028113540001058136,,경상남도 사천시 사천읍 두량로 11,664801,52516,,,,128.098248997581,35.0910958074974
MA0101202308A0083788,남도상사,,G2,소매,G210,철물·건설자재 소매,G21099,기타 건설/건축자재 소매업,G47519,"페인트, 창호 및 기타 건설자재 소매업",51,강원특별자치도,51130,원주시,51130530,개운동,5113010500,개운동,5113010500102030027,1,대지,203,27,강원특별자치도 원주시 개운동 203-27,511304457033,강원특별자치도 원주시 개운4길,45,12,4213010500102030027019652,,강원특별자치도 원주시 개운4길 45-12,220931,26444,,1,,127.961778223129,37.3389968467881
MA0101202308A0085873,수정건재,,G2,소매,G210,철물·건설자재 소매,G21099,기타 건설/건축자재 소매업,G47519,"페인트, 창호 및 기타 건설자재 소매업",41,경기도,41610,광주시,41610253,초월읍,4161025329,초월읍,4161025329106280001,1,대지,628,1,경기도 광주시 초월읍 지월리 628-1,416104433433,경기도 광주시 초월읍 지월로16번길,85,21,4161025329106280001000001,,경기도 광주시 초월읍 지월로16번길 85-21,464863,12728,,,,127.292724186555,37.4080575468431
MA0101202308A0039473,인엑스,,G2,소매,G210,철물·건설자재 소매,G21099,기타 건설/건축자재 소매업,G47519,"페인트, 창호 및 기타 건설자재 소매업",48,경상남도,48310,거제시,48310390,장목면,4831039027,장목면,4831039027101270004,1,대지,127,4,경상남도 거제시 장목면 율천리 127-4,483103337030,경상남도 거제시 장목면 옥포대첩로,1432,7,4831039027200010006000004,,경상남도 거제시 장목면 옥포대첩로 1432-7,656834,53202,,,,128.691502602934,34.9760038454813
MA0101202308A0060029,모든건설자재,,G2,소매,G210,철물·건설자재 소매,G21099,기타 건설/건축자재 소매업,G47519,"페인트, 창호 및 기타 건설자재 소매업",52,전북특별자치도,52111,전주시 완산구,52111730,효자5동,5211114200,효자동3가,5211114200114290006,1,대지,1429,6,전북특별자치도 전주시 완산구 효자동3가 1429-6,521114598172,전북특별자치도 전주시 완산구 서곡1길,14,1,4511114200114290006024665,,전북특별자치도 전주시 완산구 서곡1길 14-1,560870,54956,,2,,127.099744807615,35.8355113659936
MA0101202309A0020192,대주상사,,G2,소매,G210,철물·건설자재 소매,G21099,기타 건설/건축자재 소매업,G47519,"페인트, 창호 및 기타 건설자재 소매업",44,충청남도,44200,아산시,44200330,탕정면,4420033024,탕정면,4420033024104680000,1,대지,468,,충청남도 아산시 탕정면 호산리 468,442004559774,충청남도 아산시 탕정면 탕정면로214번길,9,,4420033024104680000000001,,충청남도 아산시 탕정면 탕정면로214번길 9,336843,31457,,,,127.075407623366,36.8079797555648
MA0101202308A0043171,한성건재,,G2,소매,G210,철물·건설자재 소매,G21099,기타 건설/건축자재 소매업,G47519,"페인트, 창호 및 기타 건설자재 소매업",41,경기도,41480,파주시,41480350,광탄면,4148035027,광탄면,4148035027101560010,1,대지,156,10,경기도 파주시 광탄면 신산리 156-10,414803012033,경기도 파주시 광탄면 혜음로,1055,,4148035027101560010003592,,경기도 파주시 광탄면 혜음로 1055,413854,10948,,,,126.850540753101,37.7771641895505
MA0101202308A0054590,피에이치제이마산지점,,G2,소매,G210,철물·건설자재 소매,G21099,기타 건설/건축자재 소매업,G47519,"페인트, 창호 및 기타 건설자재 소매업",48,경상남도,48125,창원시 마산합포구,48125530,월영동,4812515800,해운동,4812515800100630000,1,대지,63,,경상남도 창원시 마산합포구 해운동 63,481252329003,경상남도 창원시 마산합포구 해안대로,11,,4812515800100630000043335,,경상남도 창원시 마산합포구 해안대로 11,631872,51744,,,,128.560232551275,35.1806439366924
MA0101202309A0010841,엘케이데코,,G2,소매,G210,철물·건설자재 소매,G21099,기타 건설/건축자재 소매업,G47519,"페인트, 창호 및 기타 건설자재 소매업",50,제주특별자치도,50110,제주시,50110630,아라동,5011013600,영평동,5011013600125380001,1,대지,2538,1,제주특별자치도 제주시 영평동 2538-1,501104847331,제주특별자치도 제주시 기와7길,81,,5011013600125380000048835,,제주특별자치도 제주시 기와7길 81,690140,63308,,1,,126.563034513964,33.4809317825475
MA0101202308A0102909,나로수산,,G2,소매,G210,철물·건설자재 소매,G21099,기타 건설/건축자재 소매업,G47519,"페인트, 창호 및 기타 건설자재 소매업",46,전라남도,46770,고흥군,46770360,봉래면,4677036024,봉래면,4677036024110810004,1,대지,1081,4,전라남도 고흥군 봉래면 신금리 1081-4,467704667066,전라남도 고흥군 봉래면 나로도항길,21,,4677036024110810001008795,,전라남도 고흥군 봉래면 나로도항길 21,548943,59569,,,,127.458466224599,34.4635697347585
MA0101202308A0101547,한샘리하우스쓰임,대리점,G2,소매,G210,철물·건설자재 소매,G21099,기타 건설/건축자재 소매업,G47519,"페인트, 창호 및 기타 건설자재 소매업",11,서울특별시,11470,양천구,11470510,목1동,1147010200,목동,1147010200109170009,1,대지,917,9,서울특별시 양천구 목동 917-9,114703114001,서울특별시 양천구 목동동로,293,,1147010200109170009021289,현대41타워,서울특별시 양천구 목동동로 293,158723,07997,,30,,126.875769610806,37.5281800233273
MA0101202309A0037315,선봉목재,,G2,소매,G210,철물·건설자재 소매,G21099,기타 건설/건축자재 소매업,G47519,"페인트, 창호 및 기타 건설자재 소매업",41,경기도,41285,고양시 일산동구,41285600,고봉동,4128511300,성석동,4128511300109860046,1,대지,986,46,경기도 고양시 일산동구 성석동 986-46,412853193045,경기도 고양시 일산동구 성현로,73,,4128511300109860046000001,,경기도 고양시 일산동구 성현로 73,410570,10250,,,,126.794737810624,37.7077687642405
MA0101202308A0051470,명륜철물열쇠,,G2,소매,G210,철물·건설자재 소매,G21099,기타 건설/건축자재 소매업,G47519,"페인트, 창호 및 기타 건설자재 소매업",11,서울특별시,11110,종로구,11110650,혜화동,1111017300,명륜3가,1111017300100020035,1,대지,2,35,서울특별시 종로구 명륜3가 2-35,111104100089,서울특별시 종로구 명륜길,9,,1111017300100020035007261,상가,서울특별시 종로구 명륜길 9,110812,03071,,,,126.996150432073,37.5879724058612
MA0101202308A0082968,지성종합건업,,G2,소매,G210,철물·건설자재 소매,G21099,기타 건설/건축자재 소매업,G47519,"페인트, 창호 및 기타 건설자재 소매업",47,경상북도,47113,포항시 북구,47113700,장량동,4711312100,장성동,4711312100113990019,1,대지,1399,19,경상북도 포항시 북구 장성동 1399-19,471134712204,경상북도 포항시 북구 법원로98번길,44,,4711312100113990019000001,더루벤스,경상북도 포항시 북구 법원로98번길 44,791851,37582,,2,,129.390301380275,36.0828616271999
MA0101202309A0038052,빌드글로벌,,G2,소매,G210,철물·건설자재 소매,G21099,기타 건설/건축자재 소매업,G47519,"페인트, 창호 및 기타 건설자재 소매업",41,경기도,41220,평택시,41220650,동삭동,4122011900,동삭동,4122011900106600009,1,대지,660,9,경기도 평택시 동삭동 660-9,412204838192,경기도 평택시 서재2길,23,5,4122011900106600009000001,비치,경기도 평택시 서재2길 23-5,450140,17848,,,,127.094787363796,37.0107034414322
MA0101202310A0045895,스마트포장,,G2,소매,G210,철물·건설자재 소매,G21099,기타 건설/건축자재 소매업,G47519,"페인트, 창호 및 기타 건설자재 소매업",44,충청남도,44200,아산시,44200370,영인면,4420037028,영인면,4420037028100630005,1,대지,63,5,충청남도 아산시 영인면 구성리 63-5,442003253061,충청남도 아산시 영인면 아산호로,376,,4420037028100630005086821,,충청남도 아산시 영인면 아산호로 376,336821,31402,,,,126.956043934964,36.8945376572993
MA0101202310A0022908,에쁠비바스,,G2,소매,G210,철물·건설자재 소매,G21099,기타 건설/건축자재 소매업,G47519,"페인트, 창호 및 기타 건설자재 소매업",41,경기도,41570,김포시,41570253,고촌읍,4157025322,고촌읍,4157025322102950001,1,대지,295,1,경기도 김포시 고촌읍 풍곡리 295-1,415703209121,경기도 김포시 고촌읍 풍곡로,77,,4157025322102950001020338,,경기도 김포시 고촌읍 풍곡로 77,415813,10123,,지,,126.760266086363,37.6116142326885
MA0101202310A0004154,우림건설,,G2,소매,G210,철물·건설자재 소매,G21099,기타 건설/건축자재 소매업,G47519,"페인트, 창호 및 기타 건설자재 소매업",41,경기도,41450,하남시,41450610,미사1동,4145010900,망월동,4145010900110830003,1,대지,1083,3,경기도 하남시 망월동 1083-3,414503202058,경기도 하남시 미사강변중앙로,208,,4145010900110830003000001,부강타워,경기도 하남시 미사강변중앙로 208,465150,12913,,7,,127.189657534449,37.5650520045435
MA0101202310A0009706,다온단열,,G2,소매,G210,철물·건설자재 소매,G21099,기타 건설/건축자재 소매업,G47519,"페인트, 창호 및 기타 건설자재 소매업",43,충청북도,43114,청주시 청원구,43114550,오근장동,4311410700,정상동,4311410700100090007,1,대지,9,7,충청북도 청주시 청원구 정상동 9-7,431144508685,충청북도 청주시 청원구 토성로214번가길,32,65,4311410700100090007000001,,충청북도 청주시 청원구 토성로214번가길 32-65,363226,28353,,,,127.47112333939,36.6831044651935
MA0101202310A0030640,아연건설,,G2,소매,G210,철물·건설자재 소매,G21099,기타 건설/건축자재 소매업,G47519,"페인트, 창호 및 기타 건설자재 소매업",41,경기도,41210,광명시,41210631,하안1동,4121010300,하안동,4121010300103030000,1,대지,303,,경기도 광명시 하안동 303,412104361243,경기도 광명시 오리로651번길,8,,4121010300103030000014395,,경기도 광명시 오리로651번길 8,423851,14303,,9,,126.875702984281,37.4591898827396
MA0101202309A0074249,드림데코,,G2,소매,G210,철물·건설자재 소매,G21099,기타 건설/건축자재 소매업,G47519,"페인트, 창호 및 기타 건설자재 소매업",41,경기도,41285,고양시 일산동구,41285510,식사동,4128510100,식사동,4128510100115750011,1,대지,1575,11,경기도 고양시 일산동구 식사동 1575-11,412853193060,경기도 고양시 일산동구 위시티3로,83,13,4128510100115750011000001,,경기도 고양시 일산동구 위시티3로 83-13,410821,10324,,,,126.813760132075,37.6742750399661
MA0101202309A0083491,지비산업,,G2,소매,G210,철물·건설자재 소매,G21099,기타 건설/건축자재 소매업,G47519,"페인트, 창호 및 기타 건설자재 소매업",29,광주광역시,29200,광산구,29200626,첨단2동,2920011600,쌍암동,2920011600106940027,1,대지,694,27,광주광역시 광산구 쌍암동 694-27,292004289555,광주광역시 광산구 임방울대로826번길,25,,2920011600106940027044278,,광주광역시 광산구 임방울대로826번길 25,506303,62279,,4,,126.848968533372,35.2163702247995
MA0101202310A0040305,광명이앤씨,,G2,소매,G210,철물·건설자재 소매,G21099,기타 건설/건축자재 소매업,G47519,"페인트, 창호 및 기타 건설자재 소매업",48,경상남도,48310,거제시,48310580,고현동,4831010900,고현동,4831010900110990004,1,대지,1099,4,경상남도 거제시 고현동 1099-4,483103352459,경상남도 거제시 고현항2로,24,,4831010900110990004000001,,경상남도 거제시 고현항2로 24,656304,53335,,2,,128.619398902449,34.8930069163552
MA0101202310A0055506,포유,,G2,소매,G210,철물·건설자재 소매,G21099,기타 건설/건축자재 소매업,G47519,"페인트, 창호 및 기타 건설자재 소매업",41,경기도,41830,양평군,41830340,옥천면,4183034024,옥천면,4183034024103850056,1,대지,385,56,경기도 양평군 옥천면 아신리 385-56,418303212004,경기도 양평군 옥천면 고읍로,39,13,4183034024103850056000001,,경기도 양평군 옥천면 고읍로 39-13,476832,12508,,,,127.449054648244,37.5131469012742
MA0101202310A0070495,자연자재,,G2,소매,G210,철물·건설자재 소매,G21099,기타 건설/건축자재 소매업,G47519,"페인트, 창호 및 기타 건설자재 소매업",41,경기도,41610,광주시,41610590,오포2동,4161012000,양벌동,4161012000109270018,1,대지,927,18,경기도 광주시 양벌동 927-18,416104433339,경기도 광주시 양벌로353번길,39,25,4161025027109270018000001,별채,경기도 광주시 양벌로353번길 39-25,464926,12798,,,,127.248312420944,37.3671356730129
MA0101202310A0029222,제일판넬.철강,,G2,소매,G210,철물·건설자재 소매,G21099,기타 건설/건축자재 소매업,G47519,"페인트, 창호 및 기타 건설자재 소매업",51,강원특별자치도,51750,영월군,51750250,영월읍,5175025030,영월읍,5175025030111300000,1,대지,1130,,강원특별자치도 영월군 영월읍 팔괴리 1130,517503227026,강원특별자치도 영월군 영월읍 팔괴로,32,15,4275025030111290003019664,,강원특별자치도 영월군 영월읍 팔괴로 32-15,230884,26240,,,,128.454461245983,37.1694218196307
MA0101202310A0072252,갑인엔터프라이즈,,G2,소매,G210,철물·건설자재 소매,G21099,기타 건설/건축자재 소매업,G47519,"페인트, 창호 및 기타 건설자재 소매업",48,경상남도,48310,거제시,48310580,고현동,4831010900,고현동,4831010900110990004,1,대지,1099,4,경상남도 거제시 고현동 1099-4,483103352459,경상남도 거제시 고현항2로,24,,4831010900110990004000001,,경상남도 거제시 고현항2로 24,656304,53335,,2,,128.619398902449,34.8930069163552
MA0101202310A0073211,진양스치로폴,,G2,소매,G210,철물·건설자재 소매,G21099,기타 건설/건축자재 소매업,G47519,"페인트, 창호 및 기타 건설자재 소매업",46,전라남도,46230,광양시,46230250,광양읍,4623025027,광양읍,4623025027107410005,1,대지,741,5,전라남도 광양시 광양읍 익신리 741-5,462304853956,전라남도 광양시 광양읍 익신산단1길,61,,4623025027107410005000001,,전라남도 광양시 광양읍 익신산단1길 61,545801,57759,,,,127.602457749931,34.9530680782767
MA0101202310A0003198,엘림문,,G2,소매,G210,철물·건설자재 소매,G21099,기타 건설/건축자재 소매업,G47519,"페인트, 창호 및 기타 건설자재 소매업",41,경기도,41173,안양시 동안구,41173580,호계1동,4117310400,호계동,4117310400105550002,1,대지,555,2,경기도 안양시 동안구 호계동 555-2,411733182030,경기도 안양시 동안구 엘에스로,136,,4117310400105550002014457,금정역2차,경기도 안양시 동안구 엘에스로 136,431831,14118,,15,,126.947704905081,37.3736108521183
MA0101202310A0069909,백우건설자재,,G2,소매,G210,철물·건설자재 소매,G21099,기타 건설/건축자재 소매업,G47519,"페인트, 창호 및 기타 건설자재 소매업",48,경상남도,48740,창녕군,48740310,고암면,4874031026,고암면,4874031026110540001,1,대지,1054,1,경상남도 창녕군 고암면 우천리 1054-1,487403336075,경상남도 창녕군 고암면 창밀로,398,,4874031026110540001000001,,경상남도 창녕군 고암면 창밀로 398,635933,50315,,,,128.51255961578,35.5768314137375
MA0101202309A0058364,영남창호유리KCC전시장,,G2,소매,G210,철물·건설자재 소매,G21099,기타 건설/건축자재 소매업,G47519,"페인트, 창호 및 기타 건설자재 소매업",31,울산광역시,31200,북구,31200560,효문동,3120012200,연암동,3120012200103510008,1,대지,351,8,울산광역시 북구 연암동 351-8,312003172029,울산광역시 북구 화봉로,132,1,3120012200103510009000001,,울산광역시 북구 화봉로 132-1,683805,44244,,,,129.369858122942,35.58498893819
MA0101202311A0053375,케일라이프에프엔씨부천지점,,G2,소매,G210,철물·건설자재 소매,G21099,기타 건설/건축자재 소매업,G47519,"페인트, 창호 및 기타 건설자재 소매업",41,경기도,41192,부천시 원미구,41192690,상2동,4119210900,상동,4119210900105460004,1,대지,546,4,경기도 부천시 원미구 상동 546-4,411924352291,경기도 부천시 원미구 소향로13번길,14,22,4119510900105460004033190,금호프라자,경기도 부천시 원미구 소향로13번길 14-22,420864,14544,,8,,126.750217095543,37.5040145804161
MA0101202311A0059049,원패스,,G2,소매,G210,철물·건설자재 소매,G21099,기타 건설/건축자재 소매업,G47519,"페인트, 창호 및 기타 건설자재 소매업",48,경상남도,48123,창원시 성산구,48123510,반송동,4812312400,반지동,4812312400101020011,1,대지,102,11,경상남도 창원시 성산구 반지동 102-11,481233328014,경상남도 창원시 성산구 반송로,34,,4812312400101020011009067,,경상남도 창원시 성산구 반송로 34,642820,51421,,,,128.661040898789,35.2418570605788
MA0101202311A0074819,영주상사,,G2,소매,G210,철물·건설자재 소매,G21099,기타 건설/건축자재 소매업,G47519,"페인트, 창호 및 기타 건설자재 소매업",47,경상북도,47210,영주시,47210550,영주1동,4721010100,영주동,4721010100103820005,1,대지,382,5,경상북도 영주시 영주동 382-5,472104727598,경상북도 영주시 중앙로83번길,20,,4721010100103820005000001,,경상북도 영주시 중앙로83번길 20,750907,36075,,,,128.624013874772,36.8235753080249
MA0101202310A0075971,미래포장,,G2,소매,G210,철물·건설자재 소매,G21099,기타 건설/건축자재 소매업,G47519,"페인트, 창호 및 기타 건설자재 소매업",28,인천광역시,28185,연수구,28185820,송도1동,2818510600,송도동,2818510600100130058,1,대지,13,58,인천광역시 연수구 송도동 13-58,281853152032,인천광역시 연수구 하모니로,271,,2818510600100130058000001,,인천광역시 연수구 하모니로 271,406081,22014,,1,,126.636688226676,37.3739203646695
MA0101202311A0066362,업소명없음,,G2,소매,G210,철물·건설자재 소매,G21099,기타 건설/건축자재 소매업,G47519,"페인트, 창호 및 기타 건설자재 소매업",41,경기도,41463,용인시 기흥구,41463535,보라동,4146310500,보라동,4146310500103900066,1,대지,390,66,경기도 용인시 기흥구 보라동 390-66,414634412206,경기도 용인시 기흥구 용구대로1900번길,12,49,4146310500103900066000001,,경기도 용인시 기흥구 용구대로1900번길 12-49,446904,17074,,,,127.107959301727,37.2585832076018
MA0101202311A0066461,중고건축자재,백화점,G2,소매,G210,철물·건설자재 소매,G21099,기타 건설/건축자재 소매업,G47519,"페인트, 창호 및 기타 건설자재 소매업",41,경기도,41461,용인시 처인구,41461253,모현읍,4146125323,모현읍,4146125323108160012,1,대지,816,12,경기도 용인시 처인구 모현읍 초부리 816-12,414612012009,경기도 용인시 처인구 모현읍 백옥대로,2008,,4146131023108080046245853,,경기도 용인시 처인구 모현읍 백옥대로 2008,449851,17037,,1,,127.236083862849,37.3050077241003
MA0101202311A0082903,엘티유이에스,,G2,소매,G210,철물·건설자재 소매,G21099,기타 건설/건축자재 소매업,G47519,"페인트, 창호 및 기타 건설자재 소매업",26,부산광역시,26410,금정구,26410665,청룡노포동,2641010200,노포동,2641010200102900000,1,대지,290,,부산광역시 금정구 노포동 290,264102000010,부산광역시 금정구 중앙대로,2333,,2641010200102900000000001,,부산광역시 금정구 중앙대로 2333,609360,46202,,,,129.098653206986,35.2921902965521
MA0101202311A0009442,정동가설재,,G2,소매,G210,철물·건설자재 소매,G21099,기타 건설/건축자재 소매업,G47519,"페인트, 창호 및 기타 건설자재 소매업",30,대전광역시,30110,동구,30110515,중앙동,3011011900,정동,3011011900100070012,1,대지,7,12,대전광역시 동구 정동 7-12,301103010002,대전광역시 동구 대전로,849,6,3011011900100070012019069,,대전광역시 동구 대전로 849-6,300150,34625,,,,127.43044730195,36.3350362992846
MA0101202311A0066151,아이에프,,G2,소매,G210,철물·건설자재 소매,G21099,기타 건설/건축자재 소매업,G47519,"페인트, 창호 및 기타 건설자재 소매업",29,광주광역시,29155,남구,29155730,대촌동,2915511800,도금동,2915511800102220001,1,대지,222,1,광주광역시 남구 도금동 222-1,291554283221,광주광역시 남구 도금마을길,56,,2915511800102220001000001,,광주광역시 남구 도금마을길 56,503201,61758,,,,126.84287961256,35.0757952962428
MA0101202311A0084736,남양건업,,G2,소매,G210,철물·건설자재 소매,G21099,기타 건설/건축자재 소매업,G47519,"페인트, 창호 및 기타 건설자재 소매업",29,광주광역시,29170,북구,29170696,양산동,2917012800,양산동,2917012800104010003,1,대지,401,3,광주광역시 북구 양산동 401-3,291703162082,광주광역시 북구 하서로,290,20,2917012800104010003029601,,광주광역시 북구 하서로 290-20,500888,61069,,,,126.877307045127,35.2007097265927
MA0101202311A0063176,신유세라믹스,,G2,소매,G210,철물·건설자재 소매,G21099,기타 건설/건축자재 소매업,G47519,"페인트, 창호 및 기타 건설자재 소매업",11,서울특별시,11440,마포구,11440590,용강동,1144010600,토정동,1144010600101380000,1,대지,138,,서울특별시 마포구 토정동 138,114404139598,서울특별시 마포구 토정로32길,13,,1144010600101380000004155,한강삼성아파트,서울특별시 마포구 토정로32길 13,121876,04164,,,,126.941026135737,37.5401058277565
MA0101202311A0039324,다원인테리어필름,,G2,소매,G210,철물·건설자재 소매,G21099,기타 건설/건축자재 소매업,G47519,"페인트, 창호 및 기타 건설자재 소매업",41,경기도,41480,파주시,41480510,금촌1동,4148010100,금촌동,4148010100102860003,1,대지,286,3,경기도 파주시 금촌동 286-3,414803206045,경기도 파주시 새꽃로,107,,4148010100102860003030853,,경기도 파주시 새꽃로 107,413011,10913,,,,126.768515536751,37.7598051870373
MA0101202311A0055791,와이낫,,G2,소매,G210,철물·건설자재 소매,G21099,기타 건설/건축자재 소매업,G47519,"페인트, 창호 및 기타 건설자재 소매업",41,경기도,41570,김포시,41570570,구래동,4157010900,구래동,4157010900168840003,1,대지,6884,3,경기도 김포시 구래동 6884-3,415703209169,경기도 김포시 김포한강8로,410,,4157010900168840003000001,스타프라자,경기도 김포시 김포한강8로 410,415080,10071,,5,,126.623631985127,37.6429991531669
MA0101202311A0022674,브릭아트,,G2,소매,G210,철물·건설자재 소매,G21099,기타 건설/건축자재 소매업,G47519,"페인트, 창호 및 기타 건설자재 소매업",41,경기도,41610,광주시,41610330,도척면,4161033028,도척면,4161033028104700005,1,대지,470,5,경기도 광주시 도척면 진우리 470-5,416103211011,경기도 광주시 도척면 도척로,336,,4161033028104700005028558,,경기도 광주시 도척면 도척로 336,464883,12814,,2,,127.335988156265,37.3228319245931
MA0101202311A0035577,아연건설,,G2,소매,G210,철물·건설자재 소매,G21099,기타 건설/건축자재 소매업,G47519,"페인트, 창호 및 기타 건설자재 소매업",30,대전광역시,30200,유성구,30200546,노은1동,3020012000,지족동,3020012000109060003,1,대지,906,3,대전광역시 유성구 지족동 906-3,302004301366,대전광역시 유성구 은구비남로33번길,13,8,3020012000109060003009619,양지빌딩,대전광역시 유성구 은구비남로33번길 13-8,305330,34086,,3,,127.318875190628,36.3730191740603
MA0101202311A0028066,양효숙,,G2,소매,G210,철물·건설자재 소매,G21099,기타 건설/건축자재 소매업,G47519,"페인트, 창호 및 기타 건설자재 소매업",26,부산광역시,26260,동래구,26260520,복산동,2626010500,복천동,2626010500102290014,1,대지,229,14,부산광역시 동래구 복천동 229-14,262604190097,부산광역시 동래구 동래시장길,15,5,2626010500102290014016301,,부산광역시 동래구 동래시장길 15-5,607020,47810,,,,129.085198366832,35.2037774076241
MA0101202311A0029981,아연건설,,G2,소매,G210,철물·건설자재 소매,G21099,기타 건설/건축자재 소매업,G47519,"페인트, 창호 및 기타 건설자재 소매업",41,경기도,41220,평택시,41220253,안중읍,4122025330,안중읍,4122025330100310000,1,대지,31,,경기도 평택시 안중읍 현화리 31,412204364468,경기도 평택시 안중읍 안현로서6길,10,,4122025330100310000042668,대원빌딩,경기도 평택시 안중읍 안현로서6길 10,451885,17936,,,,126.928103342269,36.9837951667128
MA0101202311A0058163,나산스크랩,,G2,소매,G210,철물·건설자재 소매,G21099,기타 건설/건축자재 소매업,G47519,"페인트, 창호 및 기타 건설자재 소매업",52,전북특별자치도,52140,익산시,52140410,왕궁면,5214041027,왕궁면,5214041027103050038,1,대지,305,38,전북특별자치도 익산시 왕궁면 평장리 305-38,521404608327,전북특별자치도 익산시 왕궁면 평장길,10,8,4514041027103050038000001,,전북특별자치도 익산시 왕궁면 평장길 10-8,570944,54576,,1,,127.054160154264,35.9558483293647
MA0101202310A0075261,신안케미칼,,G2,소매,G210,철물·건설자재 소매,G21099,기타 건설/건축자재 소매업,G47519,"페인트, 창호 및 기타 건설자재 소매업",46,전라남도,46910,신안군,46910253,압해읍,4691025321,압해읍,4691025321109620001,1,대지,962,1,전라남도 신안군 압해읍 복룡리 962-1,469104706039,전라남도 신안군 압해읍 남세촌길,79,,4691043021109620001000001,,전라남도 신안군 압해읍 남세촌길 79,535812,58820,,,,126.332621007332,34.8950137733011
MA0101202311A0080935,오케이산업,,G2,소매,G210,철물·건설자재 소매,G21099,기타 건설/건축자재 소매업,G47519,"페인트, 창호 및 기타 건설자재 소매업",29,광주광역시,29200,광산구,29200640,하남동,2920012100,안청동,2920012100100050034,1,대지,5,34,광주광역시 광산구 안청동 5-34,292003163045,광주광역시 광산구 임곡로,735,,2920012100100050034000001,,광주광역시 광산구 임곡로 735,506250,62208,,1,,126.810566952496,35.2180828746113
MA0101202311A0007208,와이낫,,G2,소매,G210,철물·건설자재 소매,G21099,기타 건설/건축자재 소매업,G47519,"페인트, 창호 및 기타 건설자재 소매업",41,경기도,41480,파주시,41480590,운정5동,4148011300,동패동,4148011300116950003,1,대지,1695,3,경기도 파주시 동패동 1695-3,414803206086,경기도 파주시 청석로,268,,4148025927116950003018399,미소시티,경기도 파주시 청석로 268,413100,10874,,,,126.717724470854,37.7258271612126
MA0101202311A0015951,아연건설,,G2,소매,G210,철물·건설자재 소매,G21099,기타 건설/건축자재 소매업,G47519,"페인트, 창호 및 기타 건설자재 소매업",36,세종특별자치시,36110,세종특별자치시,36110523,어진동,3611011000,어진동,3611011000106690000,1,대지,669,,세종특별자치시 세종특별자치시 어진동 669,361103258073,세종특별자치시 세종특별자치시 갈매로,363,,3611011000106690000000001,G30세종파이낸스센터,세종특별자치시 세종특별자치시 갈매로 363,339012,30121,,,,127.262837203986,36.4963629296512
MA0101202311A0051110,은하안전,,G2,소매,G210,철물·건설자재 소매,G21099,기타 건설/건축자재 소매업,G47519,"페인트, 창호 및 기타 건설자재 소매업",46,전라남도,46790,화순군,46790310,한천면,4679031021,한천면,4679031021106400005,1,대지,640,5,전라남도 화순군 한천면 모산리 640-5,467903291038,전라남도 화순군 한천면 학포로,1741,79,4679031021106400005000001,,전라남도 화순군 한천면 학포로 1741-79,519821,58147,,,,126.968075867281,34.9801303379245
MA0101202310A0088342,아림테크,,G2,소매,G210,철물·건설자재 소매,G21099,기타 건설/건축자재 소매업,G47519,"페인트, 창호 및 기타 건설자재 소매업",41,경기도,41360,남양주시,41360530,금곡동,4136010300,금곡동,4136010300103990021,1,대지,399,21,경기도 남양주시 금곡동 399-21,413604391434,경기도 남양주시 사릉로26번길,15,,4136010300103990021006509,,경기도 남양주시 사릉로26번길 15,472804,12237,,1,,127.209537683563,37.6352595167752
MA0101202311A0000926,아연건설,,G2,소매,G210,철물·건설자재 소매,G21099,기타 건설/건축자재 소매업,G47519,"페인트, 창호 및 기타 건설자재 소매업",44,충청남도,44133,천안시 서북구,44133520,성정2동,4413310200,성정동,4413310200106830008,1,대지,683,8,충청남도 천안시 서북구 성정동 683-8,441333015009,충청남도 천안시 서북구 백석로,277,,4413310200106830008050918,에이치,충청남도 천안시 서북구 백석로 277,331976,31137,,,,127.140491378258,36.818724988755
MA0101202311A0058809,아연건설,,G2,소매,G210,철물·건설자재 소매,G21099,기타 건설/건축자재 소매업,G47519,"페인트, 창호 및 기타 건설자재 소매업",41,경기도,41450,하남시,41450560,덕풍3동,4145010800,덕풍동,4145010800107440000,1,대지,744,,경기도 하남시 덕풍동 744,414503202016,경기도 하남시 덕풍동로,111,21,4145010800107440000000819,케이앤몰,경기도 하남시 덕풍동로 111-21,465831,12927,,,,127.207696836385,37.5518040412847
MA0101202310A0095846,벤인터내셔널,,G2,소매,G210,철물·건설자재 소매,G21099,기타 건설/건축자재 소매업,G47519,"페인트, 창호 및 기타 건설자재 소매업",41,경기도,41480,파주시,41480310,월롱면,4148031023,월롱면,4148031023102510034,1,대지,251,34,경기도 파주시 월롱면 덕은리 251-34,414804418599,경기도 파주시 월롱면 용상골길,190,10,4148031023102510034000001,,경기도 파주시 월롱면 용상골길 190-10,413811,10844,,1,,126.770474423557,37.79059489565
MA0101202311A0018457,엠&티인더스트리,,G2,소매,G210,철물·건설자재 소매,G21099,기타 건설/건축자재 소매업,G47519,"페인트, 창호 및 기타 건설자재 소매업",26,부산광역시,26110,중구,26110510,중앙동,2611010200,대창동1가,2611010200100540001,1,대지,54,1,부산광역시 중구 대창동1가 54-1,261102000010,부산광역시 중구 중앙대로,131,,2611010300100370003000417,센트렐오피스텔,부산광역시 중구 중앙대로 131,600101,48924,,,,129.036798300768,35.1094563889257
MA0101202311A0036478,케일라이프에프엔씨,분당지점,G2,소매,G210,철물·건설자재 소매,G21099,기타 건설/건축자재 소매업,G47519,"페인트, 창호 및 기타 건설자재 소매업",41,경기도,41135,성남시 분당구,41135580,서현1동,4113510500,서현동,4113510500102450002,1,대지,245,2,경기도 성남시 분당구 서현동 245-2,411354340225,경기도 성남시 분당구 서현로210번길,1,,4113510500102450002037662,보람코아,경기도 성남시 분당구 서현로210번길 1,463824,13591,,4,,127.125938383295,37.386458024695
MA0101202406A0044099,프람티드랩대구달서지사,,G2,소매,G210,철물·건설자재 소매,G21099,기타 건설/건축자재 소매업,G47519,"페인트, 창호 및 기타 건설자재 소매업",27,대구광역시,27290,달서구,27290576,이곡1동,2729010800,이곡동,2729010800110000069,1,대지,1000,69,대구광역시 달서구 이곡동 1000-69,272904241325,대구광역시 달서구 성서로72안길,5,,2729010800110000069000001,경우하이츠,대구광역시 달서구 성서로72안길 5,704929,42696,,1,,128.507853441952,35.8497666580193
MA0101202406A0077613,다현산업,,G2,소매,G210,철물·건설자재 소매,G21099,기타 건설/건축자재 소매업,G47519,"페인트, 창호 및 기타 건설자재 소매업",41,경기도,41630,양주시,41630320,남면,4163032026,남면,4163032026101880009,1,대지,188,9,경기도 양주시 남면 경신리 188-9,416304436403,경기도 양주시 남면 현석로785번길,226,,4163032026101880009032717,,경기도 양주시 남면 현석로785번길 226,482871,11413,,,,126.982011120193,37.8603078445222
MA0101202406A0039819,헤센233,,G2,소매,G210,철물·건설자재 소매,G21099,기타 건설/건축자재 소매업,G47519,"페인트, 창호 및 기타 건설자재 소매업",41,경기도,41590,화성시,41590550,반월동,4159012000,반월동,4159012000109760000,1,대지,976,,경기도 화성시 반월동 976,415904862106,경기도 화성시 영통로60번길,7,,4159012000109760000000001,아이티타워,경기도 화성시 영통로60번길 7,445330,18379,,2,,127.061948580999,37.2368019330531
MA0101202406A0044297,거창건재사,,G2,소매,G210,철물·건설자재 소매,G21099,기타 건설/건축자재 소매업,G47519,"페인트, 창호 및 기타 건설자재 소매업",48,경상남도,48880,거창군,48880250,거창읍,4888025023,거창읍,4888025023102020015,1,대지,202,15,경상남도 거창군 거창읍 대동리 202-15,488803347003,경상남도 거창군 거창읍 거열로,246,4,4888025023102020015020964,,경상남도 거창군 거창읍 거열로 246-4,670803,50134,,,,127.919255345497,35.6936258264599
MA0101202406A0047616,우리방수,,G2,소매,G210,철물·건설자재 소매,G21099,기타 건설/건축자재 소매업,G47519,"페인트, 창호 및 기타 건설자재 소매업",36,세종특별자치시,36110,세종특별자치시,36110350,장군면,3611035027,장군면,3611035027100360023,1,대지,36,23,세종특별자치시 세종특별자치시 장군면 은용리 36-23,361104574633,세종특별자치시 세종특별자치시 장군면 산학리길,16,6,3611035027100360023000001,행복마을,세종특별자치시 세종특별자치시 장군면 산학리길 16-6,339913,30054,,,,127.215225814838,36.4932682188396
MA0101202406A0052047,용포리철물,,G2,소매,G210,철물·건설자재 소매,G21099,기타 건설/건축자재 소매업,G47519,"페인트, 창호 및 기타 건설자재 소매업",41,경기도,41590,화성시,41590340,송산면,4159034024,송산면,4159034024101660005,1,대지,166,5,경기도 화성시 송산면 용포리 166-5,415904431028,경기도 화성시 송산면 용포로243번길,28,44,4159034024101660005000001,,경기도 화성시 송산면 용포로243번길 28-44,445871,18548,,,,126.760573938385,37.2277458667566
MA0101202406A0021614,진인더스트리,,G2,소매,G210,철물·건설자재 소매,G21099,기타 건설/건축자재 소매업,G47519,"페인트, 창호 및 기타 건설자재 소매업",41,경기도,41450,하남시,41450560,덕풍3동,4145010800,덕풍동,4145010800107440000,1,대지,744,,경기도 하남시 덕풍동 744,414503202016,경기도 하남시 덕풍동로,111,21,4145010800107440000000819,케이엔몰,경기도 하남시 덕풍동로 111-21,465831,12927,,10,,127.207696836385,37.5518040412847
MA0101202406A0045954,일신상사,,G2,소매,G210,철물·건설자재 소매,G21099,기타 건설/건축자재 소매업,G47519,"페인트, 창호 및 기타 건설자재 소매업",44,충청남도,44270,당진시,44270320,석문면,4427032021,석문면,4427032021103950002,1,대지,395,2,충청남도 당진시 석문면 통정리 395-2,442703265036,충청남도 당진시 석문면 보덕포로,1047,,4483032021103960003075406,,충청남도 당진시 석문면 보덕포로 1047,343856,31703,,,,126.591530152198,36.9825014965653
MA0101202406A0053674,남산,,G2,소매,G210,철물·건설자재 소매,G21099,기타 건설/건축자재 소매업,G47519,"페인트, 창호 및 기타 건설자재 소매업",47,경상북도,47770,영덕군,47770250,영덕읍,4777025026,영덕읍,4777025026100250000,1,대지,25,,경상북도 영덕군 영덕읍 남산리 25,477703318006,경상북도 영덕군 영덕읍 영덕로,72,78,4777025026100250000000001,,경상북도 영덕군 영덕읍 영덕로 72-78,766805,36441,,,,129.373569767428,36.4007386292417
MA0101202311A0102752,아연건설,,G2,소매,G210,철물·건설자재 소매,G21099,기타 건설/건축자재 소매업,G47519,"페인트, 창호 및 기타 건설자재 소매업",41,경기도,41133,성남시 중원구,41133510,성남동,4113310100,성남동,4113310100134890000,1,대지,3489,,경기도 성남시 중원구 성남동 3489,411334337118,경기도 성남시 중원구 둔촌대로101번길,27,,4113310100134890000053040,엠타워,경기도 성남시 중원구 둔촌대로101번길 27,462827,13365,,8,,127.12979991543,37.4321175114439
MA0101202406A0052476,한일공사,,G2,소매,G210,철물·건설자재 소매,G21099,기타 건설/건축자재 소매업,G47519,"페인트, 창호 및 기타 건설자재 소매업",44,충청남도,44210,서산시,44210390,해미면,4421039021,해미면,4421039021102420012,1,대지,242,12,충청남도 서산시 해미면 읍내리 242-12,442104562592,충청남도 서산시 해미면 읍성마을3길,10,,4421039021102420012064965,,충청남도 서산시 해미면 읍성마을3길 10,356826,31960,,,,126.544387210061,36.7109013017417
MA0101202311A0099491,금성석물,,G2,소매,G210,철물·건설자재 소매,G21099,기타 건설/건축자재 소매업,G47519,"페인트, 창호 및 기타 건설자재 소매업",47,경상북도,47820,청도군,47820253,청도읍,4782025330,청도읍,4782025330102540001,1,대지,254,1,경상북도 청도군 청도읍 구미리 254-1,478203350737,경상북도 청도군 청도읍 새마을로,1226,,4782025330102540001000001,,경상북도 청도군 청도읍 새마을로 1226,714805,38347,,,,128.751854172861,35.6412132407397
MA0101202406A0083067,지스텍,,G2,소매,G210,철물·건설자재 소매,G21099,기타 건설/건축자재 소매업,G47519,"페인트, 창호 및 기타 건설자재 소매업",48,경상남도,48127,창원시 마산회원구,48127620,봉암동,4812710300,봉암동,4812710300104280040,1,대지,428,40,경상남도 창원시 마산회원구 봉암동 428-40,481274790274,경상남도 창원시 마산회원구 자유무역3길,182,,4812710300109730001051549,,경상남도 창원시 마산회원구 자유무역3길 182,630804,51340,,,,128.594933582846,35.2195127639182
MA0101202311A0099525,아연건설,,G2,소매,G210,철물·건설자재 소매,G21099,기타 건설/건축자재 소매업,G47519,"페인트, 창호 및 기타 건설자재 소매업",41,경기도,41610,광주시,41610510,경안동,4161010100,경안동,4161010100101890002,1,대지,189,2,경기도 광주시 경안동 189-2,416104433022,경기도 광주시 경안로98번길,8,,4161010100101890002008614,,경기도 광주시 경안로98번길 8,464803,12762,,2,,127.250839746414,37.4073879613525
MA0101202406A0002615,지푸라기,,G2,소매,G210,철물·건설자재 소매,G21099,기타 건설/건축자재 소매업,G47519,"페인트, 창호 및 기타 건설자재 소매업",44,충청남도,44270,당진시,44270253,송악읍,4427025329,송악읍,4427025329100840003,1,대지,84,3,충청남도 당진시 송악읍 영천리 84-3,442704595346,충청남도 당진시 송악읍 새내큰말길,207,,4483025629100840003088226,,충청남도 당진시 송악읍 새내큰말길 207,343824,31731,,,,126.735454635164,36.9047130129028
MA0101202406A0004158,아인산업,,G2,소매,G210,철물·건설자재 소매,G21099,기타 건설/건축자재 소매업,G47519,"페인트, 창호 및 기타 건설자재 소매업",50,제주특별자치도,50130,서귀포시,50130259,성산읍,5013025930,성산읍,5013025930109590004,1,대지,959,4,제주특별자치도 서귀포시 성산읍 신천리 959-4,501303350288,제주특별자치도 서귀포시 성산읍 풍천로,77,23,5013025930109590000000002,,제주특별자치도 서귀포시 성산읍 풍천로 77-23,699904,63637,,,,126.843892143693,33.3494900557559
MA0101202406A0079493,잇츠자재,,G2,소매,G210,철물·건설자재 소매,G21099,기타 건설/건축자재 소매업,G47519,"페인트, 창호 및 기타 건설자재 소매업",48,경상남도,48860,산청군,48860340,금서면,4886034025,금서면,4886034025108370001,1,대지,837,1,경상남도 산청군 금서면 지막리 837-1,488603345026,경상남도 산청군 금서면 왕등재로,111,,4886034025108370001000001,,경상남도 산청군 금서면 왕등재로 111,666833,52230,,,,127.82764571872,35.399583948389
MA0101202406A0008623,홍우이앤씨,,G2,소매,G210,철물·건설자재 소매,G21099,기타 건설/건축자재 소매업,G47519,"페인트, 창호 및 기타 건설자재 소매업",41,경기도,41285,고양시 일산동구,41285530,정발산동,4128510300,정발산동,4128510300107100002,1,대지,710,2,경기도 고양시 일산동구 정발산동 710-2,412854379087,경기도 고양시 일산동구 무궁화로93번길,45,,4128510400107100002009773,,경기도 고양시 일산동구 무궁화로93번길 45,410828,10362,,,,126.771703035396,37.6678492356749
MA0101202406A0055708,에너지잡고용인수지,대리점,G2,소매,G210,철물·건설자재 소매,G21099,기타 건설/건축자재 소매업,G47519,"페인트, 창호 및 기타 건설자재 소매업",41,경기도,41465,용인시 수지구,41465510,풍덕천1동,4146510100,풍덕천동,4146510100107230001,1,대지,723,1,경기도 용인시 수지구 풍덕천동 723-1,414654415161,경기도 용인시 수지구 풍덕천로140번길,13,,4146510100107230001025371,,경기도 용인시 수지구 풍덕천로140번길 13,448554,16835,,2,,127.097930874469,37.3228359179469
MA0101202406A0058578,신세계거버넌스,,G2,소매,G210,철물·건설자재 소매,G21099,기타 건설/건축자재 소매업,G47519,"페인트, 창호 및 기타 건설자재 소매업",30,대전광역시,30170,서구,30170586,월평1동,3017011300,월평동,3017011300109870000,1,대지,987,,대전광역시 서구 월평동 987,301704298533,대전광역시 서구 월평서로6번길,57,13,3017011300109870000018393,,대전광역시 서구 월평서로6번길 57-13,302852,35225,,2,,127.361662712242,36.3553244238346
MA0101202406A0001187,좋은공기,구미점,G2,소매,G210,철물·건설자재 소매,G21099,기타 건설/건축자재 소매업,G47519,"페인트, 창호 및 기타 건설자재 소매업",47,경상북도,47190,구미시,47190690,양포동,4719012800,옥계동,4719012800108340001,1,대지,834,1,경상북도 구미시 옥계동 834-1,471903308047,경상북도 구미시 옥계북로,36,,4719012800108340001036134,실메디칼타워,경상북도 구미시 옥계북로 36,730824,39185,,8,,128.421534239977,36.1380780253705
MA0101202311A0094492,초금개발,,G2,소매,G210,철물·건설자재 소매,G21099,기타 건설/건축자재 소매업,G47519,"페인트, 창호 및 기타 건설자재 소매업",43,충청북도,43770,음성군,43770253,금왕읍,4377025337,금왕읍,4377025337101010000,1,대지,101,,충청북도 음성군 금왕읍 오선리 101,437704541565,충청북도 음성군 금왕읍 초금로752번길,107,,4377025337101010000217523,,충청북도 음성군 금왕읍 초금로752번길 107,369906,27639,,,,127.568901802575,36.9790838138736
MA0101202406A0031426,원남물류,,G2,소매,G210,철물·건설자재 소매,G21099,기타 건설/건축자재 소매업,G47519,"페인트, 창호 및 기타 건설자재 소매업",44,충청남도,44230,논산시,44230310,성동면,4423031026,성동면,4423031026103930008,1,대지,393,8,충청남도 논산시 성동면 원남리 393-8,442303255023,충청남도 논산시 성동면 성동로,295,5,4423031026103930008034922,,충청남도 논산시 성동면 성동로 295-5,320944,32927,,,,127.034916090574,36.2048900410548
MA0101202406A0058780,한라인테리어,,G2,소매,G210,철물·건설자재 소매,G21099,기타 건설/건축자재 소매업,G47519,"페인트, 창호 및 기타 건설자재 소매업",46,전라남도,46820,해남군,46820330,현산면,4682033027,현산면,4682033027107120013,1,대지,712,13,전라남도 해남군 현산면 백포리 712-13,468204682144,전라남도 해남군 현산면 두모길,22,,4682033027107120013000001,,전라남도 해남군 현산면 두모길 22,536911,59059,,,,126.512397422197,34.4262629983998
MA0101202406A0075815,프람티드랩창원지사,,G2,소매,G210,철물·건설자재 소매,G21099,기타 건설/건축자재 소매업,G47519,"페인트, 창호 및 기타 건설자재 소매업",48,경상남도,48123,창원시 성산구,48123515,용지동,4812313500,용호동,4812313500100730002,1,대지,73,2,경상남도 창원시 성산구 용호동 73-2,481234781412,경상남도 창원시 성산구 용지로169번길,13,,4812112800100730002010188,라이크빌,경상남도 창원시 성산구 용지로169번길 13,641842,51436,,,,128.680919200002,35.2304434927849
MA0101202406A0084181,대한종합상사,,G2,소매,G210,철물·건설자재 소매,G21099,기타 건설/건축자재 소매업,G47519,"페인트, 창호 및 기타 건설자재 소매업",31,울산광역시,31110,중구,31110610,다운동,3111011100,태화동,3111011100107750003,1,대지,775,3,울산광역시 중구 태화동 775-3,311103169020,울산광역시 중구 태화로,76,,3111011100107750003005270,,울산광역시 중구 태화로 76,681819,44439,,1,,129.284227527122,35.553492887175
MA0101202406A0054789,에코텍,,G2,소매,G210,철물·건설자재 소매,G21099,기타 건설/건축자재 소매업,G47519,"페인트, 창호 및 기타 건설자재 소매업",51,강원특별자치도,51130,원주시,51130550,단구동,5113010700,단구동,5113010700115430008,1,대지,1543,8,강원특별자치도 원주시 단구동 1543-8,511304457578,강원특별자치도 원주시 천매봉길,50,12,4213010700115430008000001,,강원특별자치도 원주시 천매봉길 50-12,220944,26483,,4,,127.941939387603,37.3235601744156
MA0101202406A0106428,송기사욕실타일,,G2,소매,G210,철물·건설자재 소매,G21099,기타 건설/건축자재 소매업,G47519,"페인트, 창호 및 기타 건설자재 소매업",48,경상남도,48310,거제시,48310570,장평동,4831010800,장평동,4831010800100790001,1,대지,79,1,경상남도 거제시 장평동 79-1,483104811624,경상남도 거제시 장평3로4길,48,2,4831010800100790001024096,,경상남도 거제시 장평3로4길 48-2,656925,53268,,,,128.614304462828,34.8903618566818
MA0101202406A0126665,길기획,,G2,소매,G210,철물·건설자재 소매,G21099,기타 건설/건축자재 소매업,G47519,"페인트, 창호 및 기타 건설자재 소매업",43,충청북도,43150,제천시,43150560,용두동,4315011200,신월동,4315011200103070001,1,대지,307,1,충청북도 제천시 신월동 307-1,431503239080,충청북도 제천시 대학로,51,,4315011200103070001000001,,충청북도 제천시 대학로 51,390230,27157,,1,,128.190387084695,37.1542501156712
MA0101202406A0089272,수성원상사,,G2,소매,G210,철물·건설자재 소매,G21099,기타 건설/건축자재 소매업,G47519,"페인트, 창호 및 기타 건설자재 소매업",27,대구광역시,27260,수성구,27260510,범어1동,2726010100,범어동,2726010100103770019,1,대지,377,19,대구광역시 수성구 범어동 377-19,272604238132,대구광역시 수성구 동대구로58길,32,1,2726010100103770019020290,,대구광역시 수성구 동대구로58길 32-1,706824,42097,,1,,128.627794513772,35.8563116287149
MA0101202406A0138924,도운,,G2,소매,G210,철물·건설자재 소매,G21099,기타 건설/건축자재 소매업,G47519,"페인트, 창호 및 기타 건설자재 소매업",11,서울특별시,11260,중랑구,11260680,신내1동,1126010600,신내동,1126010600103230004,1,대지,323,4,서울특별시 중랑구 신내동 323-4,112604118434,서울특별시 중랑구 신내로18길,84,6,1126010600103230004000001,,서울특별시 중랑구 신내로18길 84-6,131865,02052,,1,,127.10072432234,37.6143014793306
MA0101202406A0157268,농자재JW온실,,G2,소매,G210,철물·건설자재 소매,G21099,기타 건설/건축자재 소매업,G47519,"페인트, 창호 및 기타 건설자재 소매업",47,경상북도,47250,상주시,47250530,북문동,4725010900,무양동,4725010900100010078,1,대지,1,78,경상북도 상주시 무양동 1-78,472502018003,경상북도 상주시 경상대로,3089,,4725010900100010078095347,,경상북도 상주시 경상대로 3089,742905,37165,,,,128.150679892519,36.4227902622843
MA0101202406A0139010,호성건자재,,G2,소매,G210,철물·건설자재 소매,G21099,기타 건설/건축자재 소매업,G47519,"페인트, 창호 및 기타 건설자재 소매업",51,강원특별자치도,51770,정선군,51770250,정선읍,5177025023,정선읍,5177025023105670002,1,대지,567,2,강원특별자치도 정선군 정선읍 덕송리 567-2,517704487091,강원특별자치도 정선군 정선읍 돌다리길,33,1,4277025023105670002000001,,강원특별자치도 정선군 정선읍 돌다리길 33-1,233809,26121,,,,128.666898757763,37.3980199942275
MA0101202406A0090938,예간,,G2,소매,G210,철물·건설자재 소매,G21099,기타 건설/건축자재 소매업,G47519,"페인트, 창호 및 기타 건설자재 소매업",51,강원특별자치도,51720,홍천군,51720370,서면,5172037029,서면,5172037029105180100,1,대지,518,100,강원특별자치도 홍천군 서면 모곡리 518-100,517204475264,강원특별자치도 홍천군 서면 밤벌길2번길,43,14,4272037029105180089000001,,강원특별자치도 홍천군 서면 밤벌길2번길 43-14,250855,25100,,,,127.601974780606,37.6969686618059
MA0101202406A0102305,울타리천국,,G2,소매,G210,철물·건설자재 소매,G21099,기타 건설/건축자재 소매업,G47519,"페인트, 창호 및 기타 건설자재 소매업",41,경기도,41220,평택시,41220250,팽성읍,4122025038,팽성읍,4122025038101070004,1,대지,107,4,경기도 평택시 팽성읍 두정리 107-4,412203188003,경기도 평택시 팽성읍 계양로,152,,4122025038101070004036090,,경기도 평택시 팽성읍 계양로 152,451803,17980,,,,127.030894223073,36.9429395687907
MA0101202406A0146217,착한공방,,G2,소매,G210,철물·건설자재 소매,G21099,기타 건설/건축자재 소매업,G47519,"페인트, 창호 및 기타 건설자재 소매업",41,경기도,41273,안산시 단원구,41273545,원곡동,4127310800,원곡동,4127310800109940005,1,대지,994,5,경기도 안산시 단원구 원곡동 994-5,412733012031,경기도 안산시 단원구 산단로,326,,4127310800109940005001086,원곡유통상가,경기도 안산시 단원구 산단로 326,425780,15431,,,,126.78750644884,37.3234425118844
MA0101202406A0114295,삼성윈도우,,G2,소매,G210,철물·건설자재 소매,G21099,기타 건설/건축자재 소매업,G47519,"페인트, 창호 및 기타 건설자재 소매업",26,부산광역시,26710,기장군,26710259,일광읍,2671025921,일광읍,2671025921108380000,1,대지,838,,부산광역시 기장군 일광읍 삼성리 838,267103352380,부산광역시 기장군 일광읍 해빛6로,85,11,2671025921108380000000001,,부산광역시 기장군 일광읍 해빛6로 85-11,619912,46048,,,,129.225922861446,35.2651064549922
MA0101202406A0140607,다담온돌판매,,G2,소매,G210,철물·건설자재 소매,G21099,기타 건설/건축자재 소매업,G47519,"페인트, 창호 및 기타 건설자재 소매업",41,경기도,41390,시흥시,41390593,정왕3동,4139013200,정왕동,4139013200117010009,1,대지,1701,9,경기도 시흥시 정왕동 1701-9,413904397034,경기도 시흥시 공단2대로76번길,26,,4139013200117010009018924,시화공단,경기도 시흥시 공단2대로76번길 26,429911,15100,,,,126.700934457194,37.3324819140539
MA0101202406A0159857,디에이치인테리어,,G2,소매,G210,철물·건설자재 소매,G21099,기타 건설/건축자재 소매업,G47519,"페인트, 창호 및 기타 건설자재 소매업",47,경상북도,47190,구미시,47190535,원평동,4719010100,원평동,4719010100110460000,1,대지,1046,,경상북도 구미시 원평동 1046,471904724529,경상북도 구미시 송원서로8길,22,,4719010100110460000016579,,경상북도 구미시 송원서로8길 22,730925,39230,,,,128.346410930914,36.1249605783702
MA0101202406A0153660,청년방충망,수원점,G2,소매,G210,철물·건설자재 소매,G21099,기타 건설/건축자재 소매업,G47519,"페인트, 창호 및 기타 건설자재 소매업",41,경기도,41115,수원시 팔달구,41115730,인계동,4111514100,인계동,4111514100102410071,1,대지,241,71,경기도 수원시 팔달구 인계동 241-71,411154328254,경기도 수원시 팔달구 장다리로283번길,25,,4111514100102410071000001,,경기도 수원시 팔달구 장다리로283번길 25,442827,16482,,,,127.027872517141,37.2754876358817
MA0101202406A0104162,홈앤하우징,,G2,소매,G210,철물·건설자재 소매,G21099,기타 건설/건축자재 소매업,G47519,"페인트, 창호 및 기타 건설자재 소매업",51,강원특별자치도,51110,춘천시,51110390,동내면,5111039021,동내면,5111039021110200012,1,대지,1020,12,강원특별자치도 춘천시 동내면 거두리 1020-12,511104454518,강원특별자치도 춘천시 동내면 외솔길19번길,51,,4211039021110200012000001,,강원특별자치도 춘천시 동내면 외솔길19번길 51,200883,24400,,,,127.755513029333,37.8577772854837
MA0101202406A0153754,옥천석재건설장묘,,G2,소매,G210,철물·건설자재 소매,G21099,기타 건설/건축자재 소매업,G47519,"페인트, 창호 및 기타 건설자재 소매업",43,충청북도,43730,옥천군,43730250,옥천읍,4373025036,옥천읍,4373025036102020009,1,대지,202,9,충청북도 옥천군 옥천읍 금구리 202-9,437303000091,충청북도 옥천군 옥천읍 옥천로,1560,,4373025036102020003002404,,충청북도 옥천군 옥천읍 옥천로 1560,373806,29033,,,,127.563733976081,36.3036708422736
MA0101202406A0104267,그림상회,,G2,소매,G210,철물·건설자재 소매,G21099,기타 건설/건축자재 소매업,G47519,"페인트, 창호 및 기타 건설자재 소매업",47,경상북도,47290,경산시,47290253,진량읍,4729025322,진량읍,4729025322119940000,1,대지,1994,,경상북도 경산시 진량읍 선화리 1994,472904855612,경상북도 경산시 진량읍 선항1길,17,,4729025322119940000000001,,경상북도 경산시 진량읍 선항1길 17,712831,38488,,4,,128.805349311062,35.8759596865522
MA0101202406A0113053,석영산업,,G2,소매,G210,철물·건설자재 소매,G21099,기타 건설/건축자재 소매업,G47519,"페인트, 창호 및 기타 건설자재 소매업",48,경상남도,48820,고성군,48820430,거류면,4882043021,거류면,4882043021100770003,1,대지,77,3,경상남도 고성군 거류면 당동리 77-3,488203342002,경상남도 고성군 거류면 거류로,681,1,4882043021100770003059129,,경상남도 고성군 거류면 거류로 681-1,638832,52925,,2,,128.404837890773,34.9919982442027
MA0101202406A0171809,금문시스템,,G2,소매,G210,철물·건설자재 소매,G21099,기타 건설/건축자재 소매업,G47519,"페인트, 창호 및 기타 건설자재 소매업",41,경기도,41450,하남시,41450600,초이동,4145012200,초일동,4145012200100370003,1,대지,37,3,경기도 하남시 초일동 37-3,414503202038,경기도 하남시 청뜰로,116,,4145012200100370003009431,,경기도 하남시 청뜰로 116,465220,12985,,,,127.179288553687,37.5410205998258
MA0101202406A0173106,청년방충망,부천점,G2,소매,G210,철물·건설자재 소매,G21099,기타 건설/건축자재 소매업,G47519,"페인트, 창호 및 기타 건설자재 소매업",41,경기도,41192,부천시 원미구,41192700,상3동,4119210900,상동,4119210900105340003,1,대지,534,3,경기도 부천시 원미구 상동 534-3,411923184004,경기도 부천시 원미구 상동로,109,,4119510900105340002033759,상동프라자,경기도 부천시 원미구 상동로 109,420861,14543,,7,,126.752966391498,37.5071198124694
MA0101202406A0098589,광명페인트,,G2,소매,G210,철물·건설자재 소매,G21099,기타 건설/건축자재 소매업,G47519,"페인트, 창호 및 기타 건설자재 소매업",41,경기도,41630,양주시,41630530,회천1동,4163011000,덕정동,4163011000102830005,1,대지,283,5,경기도 양주시 덕정동 283-5,416303212010,경기도 양주시 독바위로,30,1,4163011000102830005013911,,경기도 양주시 독바위로 30-1,482060,11451,,1,,127.062414213007,37.8384265602236
MA0101202406A0119117,엘지하우스,,G2,소매,G210,철물·건설자재 소매,G21099,기타 건설/건축자재 소매업,G47519,"페인트, 창호 및 기타 건설자재 소매업",43,충청북도,43114,청주시 청원구,43114510,우암동,4311410100,우암동,4311410100103310017,1,대지,331,17,충청북도 청주시 청원구 우암동 331-17,431144508262,충청북도 청주시 청원구 사북로121번길,28,,4311111300103310017046207,,충청북도 청주시 청원구 사북로121번길 28,363814,28538,,,,127.484430886628,36.6464023577835
MA0101202406A0130710,두리산업,,G2,소매,G210,철물·건설자재 소매,G21099,기타 건설/건축자재 소매업,G47519,"페인트, 창호 및 기타 건설자재 소매업",46,전라남도,46910,신안군,46910420,암태면,4691042025,암태면,4691042025103360000,1,대지,336,,전라남도 신안군 암태면 오상리 336,469103302007,전라남도 신안군 암태면 중부로,2248,19,4691042025103360000000001,,전라남도 신안군 암태면 중부로 2248-19,535861,58834,,,,126.086119052916,34.855652348615
MA0101202406A0163407,창엔아이,,G2,소매,G210,철물·건설자재 소매,G21099,기타 건설/건축자재 소매업,G47519,"페인트, 창호 및 기타 건설자재 소매업",48,경상남도,48123,창원시 성산구,48123515,용지동,4812313500,용호동,4812313500100730002,1,대지,73,2,경상남도 창원시 성산구 용호동 73-2,481234781412,경상남도 창원시 성산구 용지로169번길,13,,4812112800100730002010188,JW공유오피스,경상남도 창원시 성산구 용지로169번길 13,641842,51436,,3,,128.680919200002,35.2304434927849
MA0101202406A0174803,스마일에너지,,G2,소매,G210,철물·건설자재 소매,G21099,기타 건설/건축자재 소매업,G47519,"페인트, 창호 및 기타 건설자재 소매업",41,경기도,41480,파주시,41480253,파주읍,4148025323,파주읍,4148025323104210005,1,대지,421,5,경기도 파주시 파주읍 부곡리 421-5,414804418719,경기도 파주시 파주읍 정문로588번길,10,,4148025323104210005000001,,경기도 파주시 파주읍 정문로588번길 10,413861,10839,,,,126.81954348793,37.8088436033727
MA0101202406A0097217,투에이치인테리어필름,,G2,소매,G210,철물·건설자재 소매,G21099,기타 건설/건축자재 소매업,G47519,"페인트, 창호 및 기타 건설자재 소매업",41,경기도,41210,광명시,41210660,학온동,4121010500,노온사동,4121010500105720090,1,대지,572,90,경기도 광명시 노온사동 572-90,412103000122,경기도 광명시 광명로,423,10,4121010500105720090000001,,경기도 광명시 광명로 423-10,423080,14336,,,,126.844505231451,37.4383215288436
MA0101202406A0122181,서울창호,,G2,소매,G210,철물·건설자재 소매,G21099,기타 건설/건축자재 소매업,G47519,"페인트, 창호 및 기타 건설자재 소매업",41,경기도,41450,하남시,41450560,덕풍3동,4145010800,덕풍동,4145010800108330001,1,대지,833,1,경기도 하남시 덕풍동 833-1,414502000019,경기도 하남시 미사대로,550,,4145010800100730007000001,현대지식산업센터,경기도 하남시 미사대로 550,465013,12925,,3,,127.206465693798,37.5567706900926
MA0101202406A0127629,정상PVC종합상사,,G2,소매,G210,철물·건설자재 소매,G21099,기타 건설/건축자재 소매업,G47519,"페인트, 창호 및 기타 건설자재 소매업",41,경기도,41630,양주시,41630530,회천1동,4163011000,덕정동,4163011000105140001,1,대지,514,1,경기도 양주시 덕정동 514-1,416303212038,경기도 양주시 화합로,1289,52,4163011000105140001056188,,경기도 양주시 화합로 1289-52,482060,11433,,,,127.057207912372,37.8489613492324
MA0101202406A0168503,왜관자동문,,G2,소매,G210,철물·건설자재 소매,G21099,기타 건설/건축자재 소매업,G47519,"페인트, 창호 및 기타 건설자재 소매업",47,경상북도,47850,칠곡군,47850256,석적읍,4785025622,석적읍,4785025622102280015,1,대지,228,15,경상북도 칠곡군 석적읍 중리 228-15,478504766214,경상북도 칠곡군 석적읍 동중리10길,16,,4785025622102280015004629,여름하늘선,경상북도 칠곡군 석적읍 동중리10길 16,718833,39833,,1,,128.418507265059,36.0772694574755
MA0101202406A0107321,3M수림상사,,G2,소매,G210,철물·건설자재 소매,G21099,기타 건설/건축자재 소매업,G47519,"페인트, 창호 및 기타 건설자재 소매업",43,충청북도,43112,청주시 서원구,43112550,산남동,4311210400,산남동,4311210400108510000,1,대지,851,,충청북도 청주시 서원구 산남동 851,431124511284,충청북도 청주시 서원구 두꺼비로70번길,70,,4311310600108510000023551,,충청북도 청주시 서원구 두꺼비로70번길 70,362160,28630,,1,,127.468491996798,36.6107453145069
MA0101202406A0172043,삼송상사,,G2,소매,G210,철물·건설자재 소매,G21099,기타 건설/건축자재 소매업,G47519,"페인트, 창호 및 기타 건설자재 소매업",44,충청남도,44133,천안시 서북구,44133520,성정2동,4413310200,성정동,4413310200111560000,1,대지,1156,,충청남도 천안시 서북구 성정동 1156,441334550372,충청남도 천안시 서북구 성정중7길,25,,4413310200111560000048710,금광빌딩,충청남도 천안시 서북구 성정중7길 25,331937,31108,,,,127.135913843407,36.8287416239324
MA0101202406A0088984,해성건설,,G2,소매,G210,철물·건설자재 소매,G21099,기타 건설/건축자재 소매업,G47519,"페인트, 창호 및 기타 건설자재 소매업",47,경상북도,47920,봉화군,47920350,소천면,4792035021,소천면,4792035021103860003,1,대지,386,3,경상북도 봉화군 소천면 현동리 386-3,479204772122,경상북도 봉화군 소천면 막지고개길,83,72,4792035021103860003000001,,경상북도 봉화군 소천면 막지고개길 83-72,755881,36266,,,,129.012106392615,36.9399608896061
MA010120220811934731,지스텍,,G2,소매,G210,철물·건설자재 소매,G21099,기타 건설/건축자재 소매업,G47519,"페인트, 창호 및 기타 건설자재 소매업",48,경상남도,48127,창원시 마산회원구,48127620,봉암동,4812710300,봉암동,4812710300104280040,1,대지,428,40,경상남도 창원시 마산회원구 봉암동 428-40,481274790274,경상남도 창원시 마산회원구 자유무역3길,182,,4812710300109730001051549,,경상남도 창원시 마산회원구 자유무역3길 182,630804,51340,,,,128.594933582846,35.2195127639182
MA010120220811910278,인네일,,G2,소매,G210,철물·건설자재 소매,G21099,기타 건설/건축자재 소매업,G47519,"페인트, 창호 및 기타 건설자재 소매업",41,경기도,41570,김포시,41570550,풍무동,4157010700,풍무동,4157010700101070006,1,대지,107,6,경기도 김포시 풍무동 107-6,415703209124,경기도 김포시 풍무로,104,,4157010700101070006048827,윤슬프라자,경기도 김포시 풍무로 104,415808,10114,,2,,126.722564879392,37.6048643196505
MA010120220811949546,왕덕네트웍,,G2,소매,G210,철물·건설자재 소매,G21099,기타 건설/건축자재 소매업,G47519,"페인트, 창호 및 기타 건설자재 소매업",41,경기도,41800,연천군,41800320,청산면,4180032023,청산면,4180032023104080001,1,대지,408,1,경기도 연천군 청산면 장탄리 408-1,418004445362,경기도 연천군 청산면 전영로215번길,154,,4180032023104080001000001,,경기도 연천군 청산면 전영로215번길 154,486852,11020,,,,127.09018600078,38.0395791454296
MA010120220811921346,이지스텍,,G2,소매,G210,철물·건설자재 소매,G21099,기타 건설/건축자재 소매업,G47519,"페인트, 창호 및 기타 건설자재 소매업",11,서울특별시,11530,구로구,11530530,구로2동,1153010200,구로동,1153010200106060001,1,대지,606,1,서울특별시 구로구 구로동 606-1,115303116005,서울특별시 구로구 구로중앙로,198,,1153010100104060001000034,구로공구상가,서울특별시 구로구 구로중앙로 198,152864,08212,,,,126.880785660177,37.5041464292403
MA010120220811946779,에스피하우징,,G2,소매,G210,철물·건설자재 소매,G21099,기타 건설/건축자재 소매업,G47519,"페인트, 창호 및 기타 건설자재 소매업",41,경기도,41461,용인시 처인구,41461256,이동읍,4146125627,이동읍,4146125627105780001,1,대지,578,1,경기도 용인시 처인구 이동읍 묵리 578-1,414613203104,경기도 용인시 처인구 이동읍 이원로,374,,4146125627105780001000001,,경기도 용인시 처인구 이동읍 이원로 374,449833,17132,,,,127.231378965056,37.1755460318979
MA010120220811941606,한일산업,,G2,소매,G210,철물·건설자재 소매,G21099,기타 건설/건축자재 소매업,G47519,"페인트, 창호 및 기타 건설자재 소매업",44,충청남도,44710,금산군,44710380,복수면,4471038029,복수면,4471038029104990005,1,대지,499,5,충청남도 금산군 복수면 지량리 499-5,447103000094,충청남도 금산군 복수면 복수로,1247,1,4471038029104990005000001,,충청남도 금산군 복수면 복수로 1247-1,312924,32701,,,,127.370967036235,36.2498575537355
MA010120220811930380,노루페인트사,,G2,소매,G210,철물·건설자재 소매,G21099,기타 건설/건축자재 소매업,G47519,"페인트, 창호 및 기타 건설자재 소매업",48,경상남도,48170,진주시,48170678,하대동,4817012000,하대동,4817012000103340012,1,대지,334,12,경상남도 진주시 하대동 334-12,481703332075,경상남도 진주시 대신로,336,1,4817012000103340012008940,,경상남도 진주시 대신로 336-1,660997,52770,,,,128.117041322641,35.1904551506997
MA010120220811950943,구구건축,,G2,소매,G210,철물·건설자재 소매,G21099,기타 건설/건축자재 소매업,G47519,"페인트, 창호 및 기타 건설자재 소매업",47,경상북도,47290,경산시,47290253,진량읍,4729025327,진량읍,4729025327101530002,1,대지,153,2,경상북도 경산시 진량읍 양기리 153-2,472904739530,경상북도 경산시 진량읍 양기길,20,4,4729025327101530002065748,,경상북도 경산시 진량읍 양기길 20-4,712835,38448,,,,128.830077553569,35.8963738989912
MA010120220811980971,제주광명,,G2,소매,G210,철물·건설자재 소매,G21099,기타 건설/건축자재 소매업,G47519,"페인트, 창호 및 기타 건설자재 소매업",50,제주특별자치도,50110,제주시,50110600,화북동,5011011200,화북이동,5011011200130800001,1,대지,3080,1,제주특별자치도 제주시 화북이동 3080-1,501104849123,제주특별자치도 제주시 황사평3길,7,,5011011200130800001000001,,제주특별자치도 제주시 황사평3길 7,690061,63305,,,,126.56459460377,33.4981307025514
MA010120220811992118,와니유니,,G2,소매,G210,철물·건설자재 소매,G21099,기타 건설/건축자재 소매업,G47519,"페인트, 창호 및 기타 건설자재 소매업",48,경상남도,48121,창원시 의창구,48121310,북면,4812131036,북면,4812131036108810003,1,대지,881,3,경상남도 창원시 의창구 북면 신촌리 881-3,481214781700,경상남도 창원시 의창구 북면 천주로1083번길,20,,4812131036108810003035713,,경상남도 창원시 의창구 북면 천주로1083번길 20,641873,51103,,,,128.605796263476,35.3481357895285
MA010120220811995619,예성도장,,G2,소매,G210,철물·건설자재 소매,G21099,기타 건설/건축자재 소매업,G47519,"페인트, 창호 및 기타 건설자재 소매업",41,경기도,41220,평택시,41220580,신장2동,4122011200,신장동,4122011200102670318,1,대지,267,318,경기도 평택시 신장동 267-318,412204364323,경기도 평택시 송월로15번길,25,,4122011200102670318011745,콘크리트건물,경기도 평택시 송월로15번길 25,459120,17759,,1,,127.04800690747,37.0745457722833
MA010120220811962501,제이엠이엔씨,,G2,소매,G210,철물·건설자재 소매,G21099,기타 건설/건축자재 소매업,G47519,"페인트, 창호 및 기타 건설자재 소매업",41,경기도,41173,안양시 동안구,41173580,호계1동,4117310400,호계동,4117310400105550009,1,대지,555,9,경기도 안양시 동안구 호계동 555-9,411733182030,경기도 안양시 동안구 엘에스로,92,,4117310400105550009005178,국제유통단지,경기도 안양시 동안구 엘에스로 92,431763,14117,,1,,126.95173678756,37.3714771356516
MA010120220811992932,중앙건재사,,G2,소매,G210,철물·건설자재 소매,G21099,기타 건설/건축자재 소매업,G47519,"페인트, 창호 및 기타 건설자재 소매업",47,경상북도,47190,구미시,47190250,선산읍,4719025022,선산읍,4719025022103000006,1,대지,300,6,경상북도 구미시 선산읍 동부리 300-6,471904724170,경상북도 구미시 선산읍 단계동길,8,,4719025022103000006038479,,경상북도 구미시 선산읍 단계동길 8,730804,39126,,,,128.302367400033,36.2389816153142
MA010120220811960509,한샘리하우스남산엠투,대리점,G2,소매,G210,철물·건설자재 소매,G21099,기타 건설/건축자재 소매업,G47519,"페인트, 창호 및 기타 건설자재 소매업",26,부산광역시,26410,금정구,26410670,남산동,2641010400,남산동,2641010400100230008,1,대지,23,8,부산광역시 금정구 남산동 23-8,264102000010,부산광역시 금정구 중앙대로,2094,,2641010400100230008023326,,부산광역시 금정구 중앙대로 2094,609813,46214,,2,,129.092979311158,35.2711749476288
MA010120220811974520,미래산업,,G2,소매,G210,철물·건설자재 소매,G21099,기타 건설/건축자재 소매업,G47519,"페인트, 창호 및 기타 건설자재 소매업",31,울산광역시,31710,울주군,31710310,서생면,3171031021,서생면,3171031021102910009,1,대지,291,9,울산광역시 울주군 서생면 신암리 291-9,317104319189,울산광역시 울주군 서생면 당물길,59,,3171031021102910009000001,,울산광역시 울주군 서생면 당물길 59,689882,45014,,,,129.326070425004,35.3480592422028
MA010120220811997564,엠에스건축인테리어,,G2,소매,G210,철물·건설자재 소매,G21099,기타 건설/건축자재 소매업,G47519,"페인트, 창호 및 기타 건설자재 소매업",47,경상북도,47210,영주시,47210620,가흥1동,4721010600,문정동,4721010600102560009,1,대지,256,9,경상북도 영주시 문정동 256-9,472104727001,경상북도 영주시 가흥로12번길,37,3,4721010600102560009000001,문정동,경상북도 영주시 가흥로12번길 37-3,750901,36142,,,,128.605772114713,36.8006941809456
MA010120220811998063,대영종합상사,,G2,소매,G210,철물·건설자재 소매,G21099,기타 건설/건축자재 소매업,G47519,"페인트, 창호 및 기타 건설자재 소매업",44,충청남도,44133,천안시 서북구,44133253,성거읍,4413325323,성거읍,4413325323100590002,1,대지,59,2,충청남도 천안시 서북구 성거읍 오목리 59-2,441333250051,충청남도 천안시 서북구 성거읍 망향로,813,,4413325323100590002003240,,충청남도 천안시 서북구 성거읍 망향로 813,331831,31043,,,,127.207558231723,36.888741662517
MA010120220812042928,원진종합상사,,G2,소매,G210,철물·건설자재 소매,G21099,기타 건설/건축자재 소매업,G47519,"페인트, 창호 및 기타 건설자재 소매업",48,경상남도,48250,김해시,48250370,대동면,4825037025,대동면,4825037025101000689,1,대지,100,689,경상남도 김해시 대동면 초정리 100-689,482504805305,경상남도 김해시 대동면 동남로45번길,92,60,4825037025101000689077370,,경상남도 김해시 대동면 동남로45번길 92-60,621899,50808,,,,128.986842936555,35.236080611234
MA010120220812076109,에코하우징,,G2,소매,G210,철물·건설자재 소매,G21099,기타 건설/건축자재 소매업,G47519,"페인트, 창호 및 기타 건설자재 소매업",48,경상남도,48330,양산시,48330570,덕계동,4833012100,매곡동,4833012100109840036,1,대지,984,36,경상남도 양산시 매곡동 984-36,483304814076,경상남도 양산시 그린공단2길,8,,4833012100109840036006974,,경상남도 양산시 그린공단2길 8,626842,50539,,3,,129.169417506386,35.3647518875293
MA010120220812071091,강릉미세방충망,,G2,소매,G210,철물·건설자재 소매,G21099,기타 건설/건축자재 소매업,G47519,"페인트, 창호 및 기타 건설자재 소매업",51,강원특별자치도,51150,강릉시,51150510,홍제동,5115010100,홍제동,5115010100102190039,1,대지,219,39,강원특별자치도 강릉시 홍제동 219-39,511504460015,강원특별자치도 강릉시 강릉대로106번길,15,1,4215010100102190039000195,,강원특별자치도 강릉시 강릉대로106번길 15-1,210948,25526,,,,128.883705593546,37.75409341877
MA010120220812071578,모드니,,G2,소매,G210,철물·건설자재 소매,G21099,기타 건설/건축자재 소매업,G47519,"페인트, 창호 및 기타 건설자재 소매업",11,서울특별시,11470,양천구,11470540,목4동,1147010200,목동,1147010200107670006,1,대지,767,6,서울특별시 양천구 목동 767-6,114704142141,서울특별시 양천구 목동중앙남로4길,8,,1147010200107670006016746,,서울특별시 양천구 목동중앙남로4길 8,158818,07962,,2,,126.867869459262,37.5365958041331
MA010120220814276277,펠리스트,,G2,소매,G210,철물·건설자재 소매,G21099,기타 건설/건축자재 소매업,G47519,"페인트, 창호 및 기타 건설자재 소매업",51,강원특별자치도,51770,정선군,51770259,신동읍,5177025921,신동읍,5177025921107080002,1,대지,708,2,강원특별자치도 정선군 신동읍 예미리 708-2,517704487272,강원특별자치도 정선군 신동읍 예미1길,23,,4277025921107080002012928,,강원특별자치도 정선군 신동읍 예미1길 23,233822,26142,,,,128.642482820335,37.2133814578864
MA010120220814259398,엠케이엠산업,,G2,소매,G210,철물·건설자재 소매,G21099,기타 건설/건축자재 소매업,G47519,"페인트, 창호 및 기타 건설자재 소매업",41,경기도,41465,용인시 수지구,41465560,동천동,4146510400,고기동,4146510400102130107,1,대지,213,107,경기도 용인시 수지구 고기동 213-107,414654415005,경기도 용인시 수지구 고기로377번길,67,,4146510400102130107000001,,경기도 용인시 수지구 고기로377번길 67,448500,16801,,,,127.062057101049,37.3552792498099
MA010120220814293030,서원유리샷시,,G2,소매,G210,철물·건설자재 소매,G21099,기타 건설/건축자재 소매업,G47519,"페인트, 창호 및 기타 건설자재 소매업",46,전라남도,46150,순천시,46150590,남제동,4615011600,남정동,4615011600105270006,1,대지,527,6,전라남도 순천시 남정동 527-6,461504649142,전라남도 순천시 남산6길,33,,4615011600105270006000001,,전라남도 순천시 남산6길 33,540942,57959,,1,,127.490936212649,34.9428436042692
MA010120220814316644,우와피앤에이,,G2,소매,G210,철물·건설자재 소매,G21099,기타 건설/건축자재 소매업,G47519,"페인트, 창호 및 기타 건설자재 소매업",11,서울특별시,11380,은평구,11380640,증산동,1138011000,증산동,1138011000101680001,1,대지,168,1,서울특별시 은평구 증산동 168-1,113803005056,서울특별시 은평구 증산로,307,,1138011000101680001011957,옥탑,서울특별시 은평구 증산로 307,122935,03499,,,,126.909992174076,37.584550419155
MA010120220814197916,한영솔루션,,G2,소매,G210,철물·건설자재 소매,G21099,기타 건설/건축자재 소매업,G47519,"페인트, 창호 및 기타 건설자재 소매업",41,경기도,41370,오산시,41370550,세마동,4137011300,세교동,4137011300104240010,1,대지,424,10,경기도 오산시 세교동 424-10,413704394149,경기도 오산시 큰말길,32,,4137011300104240010000001,,경기도 오산시 큰말길 32,447240,18102,,2,,127.036421489833,37.186560970882
MA010120220814185040,더비티컴퍼니,,G2,소매,G210,철물·건설자재 소매,G21099,기타 건설/건축자재 소매업,G47519,"페인트, 창호 및 기타 건설자재 소매업",26,부산광역시,26440,강서구,26440550,가락동,2644010500,죽림동,2644010500104530008,1,대지,453,8,부산광역시 강서구 죽림동 453-8,264403000041,부산광역시 강서구 식만로,27,,2644010500104530008000002,,부산광역시 강서구 식만로 27,618330,46707,,,,128.900974398795,35.1985470959084
MA010120220814193181,미래축산설비,,G2,소매,G210,철물·건설자재 소매,G21099,기타 건설/건축자재 소매업,G47519,"페인트, 창호 및 기타 건설자재 소매업",52,전북특별자치도,52800,부안군,52800340,계화면,5280034022,계화면,5280034022108050008,1,대지,805,8,전북특별자치도 부안군 계화면 창북리 805-8,528004640617,전북특별자치도 부안군 계화면 창북3길,18,4,4580034022108050008004793,,전북특별자치도 부안군 계화면 창북3길 18-4,579824,56301,,,,126.696534460586,35.7608066540984
MA010120220814313845,제일종합상사,,G2,소매,G210,철물·건설자재 소매,G21099,기타 건설/건축자재 소매업,G47519,"페인트, 창호 및 기타 건설자재 소매업",43,충청북도,43770,음성군,43770250,음성읍,4377025021,음성읍,4377025021106180053,1,대지,618,53,충청북도 음성군 음성읍 읍내리 618-53,437703247062,충청북도 음성군 음성읍 중앙로,156,,4377025021106180053008153,일부,충청북도 음성군 음성읍 중앙로 156,369807,27696,,2,,127.690500842038,36.9378996789117
MA010120220814379899,대영사,,G2,소매,G210,철물·건설자재 소매,G21099,기타 건설/건축자재 소매업,G47519,"페인트, 창호 및 기타 건설자재 소매업",41,경기도,41250,동두천시,41250566,송내동,4125010100,송내동,4125010100104110016,1,대지,411,16,경기도 동두천시 송내동 411-16,412503189034,경기도 동두천시 아차노리로,37,46,4125010100104110016000001,단독주택,경기도 동두천시 아차노리로 37-46,483010,11366,,,,127.058787881972,37.8783856081127
MA010120220814388354,태진서부지사,,G2,소매,G210,철물·건설자재 소매,G21099,기타 건설/건축자재 소매업,G47519,"페인트, 창호 및 기타 건설자재 소매업",27,대구광역시,27230,북구,27230695,무태조야동,2723011500,서변동,2723011500117600000,1,대지,1760,,대구광역시 북구 서변동 1760,272304235238,대구광역시 북구 서변로3길,20,,2723011500117600000034528,,대구광역시 북구 서변로3길 20,702894,41477,,,,128.595103239457,35.9185413871172
MA0101202209A0021905,우주컴퍼니,,G2,소매,G210,철물·건설자재 소매,G21099,기타 건설/건축자재 소매업,G47519,"페인트, 창호 및 기타 건설자재 소매업",41,경기도,41173,안양시 동안구,41173559,인덕원동,4117310200,관양동,4117310200107920002,1,대지,792,2,경기도 안양시 동안구 관양동 792-2,411733196015,경기도 안양시 동안구 벌말로,123,,4117310200107920002013332,평촌스마트베이,경기도 안양시 동안구 벌말로 123,431804,14056,,,,126.968309482599,37.3994865504194
MA0101202209A0062863,디더블유에이엔,,G2,소매,G210,철물·건설자재 소매,G21099,기타 건설/건축자재 소매업,G47519,"페인트, 창호 및 기타 건설자재 소매업",52,전북특별자치도,52710,완주군,52710330,이서면,5271033024,이서면,5271033024106620004,1,대지,662,4,전북특별자치도 완주군 이서면 갈산리 662-4,527103016078,전북특별자치도 완주군 이서면 기지로,43,,4571033024106620004000001,,전북특별자치도 완주군 이서면 기지로 43,565851,55365,,,,127.056869650053,35.8386846928385
MA0101202209A0069221,제이테크이엔씨,,G2,소매,G210,철물·건설자재 소매,G21099,기타 건설/건축자재 소매업,G47519,"페인트, 창호 및 기타 건설자재 소매업",11,서울특별시,11545,금천구,11545510,가산동,1154510100,가산동,1154510100105540002,1,대지,554,2,서울특별시 금천구 가산동 554-2,115453117002,서울특별시 금천구 가산디지털2로,43,14,1154510100105540002015294,가산한화비즈메트로2차,서울특별시 금천구 가산디지털2로 43-14,153803,08588,,17,,126.881808119454,37.4725220966779
MA0101202209A0030677,정탑,,G2,소매,G210,철물·건설자재 소매,G21099,기타 건설/건축자재 소매업,G47519,"페인트, 창호 및 기타 건설자재 소매업",48,경상남도,48121,창원시 의창구,48121540,봉림동,4812112700,봉곡동,4812112700100350007,1,대지,35,7,경상남도 창원시 의창구 봉곡동 35-7,481214781468,경상남도 창원시 의창구 원이대로279번길,5,,4812112700100350007004785,제,경상남도 창원시 의창구 원이대로279번길 5,641821,51176,,3,,128.650862585916,35.2431859704074
MA010120220814338584,양지바로마,,G2,소매,G210,철물·건설자재 소매,G21099,기타 건설/건축자재 소매업,G47519,"페인트, 창호 및 기타 건설자재 소매업",26,부산광역시,26530,사상구,26530660,주례2동,2653010600,주례동,2653010600100840171,1,대지,84,171,부산광역시 사상구 주례동 84-171,265304217360,부산광역시 사상구 진사로36번길,51,,2653010600100840171014511,,부산광역시 사상구 진사로36번길 51,617833,47010,,1,,129.013829317853,35.1466712898888
MA0101202209A0015506,한샘판넬,,G2,소매,G210,철물·건설자재 소매,G21099,기타 건설/건축자재 소매업,G47519,"페인트, 창호 및 기타 건설자재 소매업",27,대구광역시,27290,달서구,27290601,월성1동,2729012000,월성동,2729012000118260000,1,대지,1826,,대구광역시 달서구 월성동 1826,272903147040,대구광역시 달서구 조암로,32,,2729012000118260000000001,신월성미소지움,대구광역시 달서구 조암로 32,704401,42753,,4,,128.526211261398,35.8252306422338
MA010120220814362425,삼성건재상사,,G2,소매,G210,철물·건설자재 소매,G21099,기타 건설/건축자재 소매업,G47519,"페인트, 창호 및 기타 건설자재 소매업",43,충청북도,43770,음성군,43770350,삼성면,4377035021,삼성면,4377035021105280001,1,대지,528,1,충청북도 음성군 삼성면 덕정리 528-1,437703247013,충청북도 음성군 삼성면 덕정로,34,,4377035021105280008171026,,충청북도 음성군 삼성면 덕정로 34,369833,27652,,,,127.495829641146,37.0186442093596
MA0101202209A0024933,먼설,,G2,소매,G210,철물·건설자재 소매,G21099,기타 건설/건축자재 소매업,G47519,"페인트, 창호 및 기타 건설자재 소매업",11,서울특별시,11740,강동구,11740620,천호3동,1174010900,천호동,1174010900104490049,1,대지,449,49,서울특별시 강동구 천호동 449-49,117402000008,서울특별시 강동구 천호대로,1073,,1174010900104490049010659,힐탑프라자,서울특별시 강동구 천호대로 1073,134785,05340,,16,,127.131338465582,37.5365606477099
MA0101202209A0045640,진형테크,,G2,소매,G210,철물·건설자재 소매,G21099,기타 건설/건축자재 소매업,G47519,"페인트, 창호 및 기타 건설자재 소매업",43,충청북도,43770,음성군,43770340,대소면,4377034022,대소면,4377034022100850005,1,대지,85,5,충청북도 음성군 대소면 태생리 85-5,437703014058,충청북도 음성군 대소면 대금로,521,,4377034022100850005170746,,충청북도 음성군 대소면 대금로 521,369824,27661,,,,127.495953172202,36.9667328139638
MA0101202209A0071780,링크유니버스,,G2,소매,G210,철물·건설자재 소매,G21099,기타 건설/건축자재 소매업,G47519,"페인트, 창호 및 기타 건설자재 소매업",41,경기도,41410,군포시,41410510,군포1동,4141010200,당정동,4141010200110450000,1,대지,1045,,경기도 군포시 당정동 1045,414104403064,경기도 군포시 고산로148번길,17,,4141010200105430000000001,제,경기도 군포시 고산로148번길 17,435733,15850,,12,,126.953511456202,37.3496189228498
MA0101202209A0076256,진흥건재,,G2,소매,G210,철물·건설자재 소매,G21099,기타 건설/건축자재 소매업,G47519,"페인트, 창호 및 기타 건설자재 소매업",52,전북특별자치도,52190,남원시,52190520,죽항동,5219010300,죽항동,5219010300100100003,1,대지,10,3,전북특별자치도 남원시 죽항동 10-3,521903271011,전북특별자치도 남원시 동림로,7,,4519010300100100003312886,,전북특별자치도 남원시 동림로 7,590987,55772,,,,127.390241739488,35.4098557591784
MA0101202209A0016924,평화방충망,,G2,소매,G210,철물·건설자재 소매,G21099,기타 건설/건축자재 소매업,G47519,"페인트, 창호 및 기타 건설자재 소매업",46,전라남도,46110,목포시,46110757,하당동,4611015800,상동,4611015800108230005,1,대지,823,5,전라남도 목포시 상동 823-5,461104643336,전라남도 목포시 삼각로43번길,22,,4611015800108230005039240,,전라남도 목포시 삼각로43번길 22,530822,58667,,1,,126.417798393894,34.8053396898212
MA0101202210A0053911,이츠글로벌,,G2,소매,G210,철물·건설자재 소매,G21099,기타 건설/건축자재 소매업,G47519,"페인트, 창호 및 기타 건설자재 소매업",36,세종특별자치시,36110,세종특별자치시,36110555,소담동,3611010200,소담동,3611010200105740000,1,대지,574,,세종특별자치시 세종특별자치시 소담동 574,361102000002,세종특별자치시 세종특별자치시 한누리대로,2003,,3611010200100370007000001,펠리체타워,세종특별자치시 세종특별자치시 한누리대로 2003,339010,30150,,3,,127.301111568041,36.4854495905638
MA0101202210A0049753,팜닥터스,,G2,소매,G210,철물·건설자재 소매,G21099,기타 건설/건축자재 소매업,G47519,"페인트, 창호 및 기타 건설자재 소매업",47,경상북도,47750,청송군,47750315,주왕산면,4775031525,주왕산면,4775031525104490000,1,대지,449,,경상북도 청송군 주왕산면 부일리 449,477503316029,경상북도 청송군 주왕산면 주왕산로,940,,4775031035104490000000001,,경상북도 청송군 주왕산면 주왕산로 940,763832,37439,,,,129.13977739736,36.3693262190251
MA0101202210A0084607,제일상사,,G2,소매,G210,철물·건설자재 소매,G21099,기타 건설/건축자재 소매업,G47519,"페인트, 창호 및 기타 건설자재 소매업",11,서울특별시,11560,영등포구,11560720,대림3동,1156013300,대림동,1156013300107780040,1,대지,778,40,서울특별시 영등포구 대림동 778-40,115603000023,서울특별시 영등포구 가마산로,319,1,1156013300107780040000718,,서울특별시 영등포구 가마산로 319-1,150816,07378,,B1,,126.895020689537,37.4987358843039
MA0101202210A0088729,디자인태우기,,G2,소매,G210,철물·건설자재 소매,G21099,기타 건설/건축자재 소매업,G47519,"페인트, 창호 및 기타 건설자재 소매업",11,서울특별시,11650,서초구,11650651,양재1동,1165010300,우면동,1165010300100660002,1,대지,66,2,서울특별시 서초구 우면동 66-2,116504163219,서울특별시 서초구 바우뫼로7길,8,,1165010300100660002006030,우면종합상가,서울특별시 서초구 바우뫼로7길 8,137889,06762,,,,127.025378759922,37.4708575518772
MA0101202210A0025039,우창개발,,G2,소매,G210,철물·건설자재 소매,G21099,기타 건설/건축자재 소매업,G47519,"페인트, 창호 및 기타 건설자재 소매업",51,강원특별자치도,51150,강릉시,51150550,교1동,5115011000,교동,5115011000118830006,1,대지,1883,6,강원특별자치도 강릉시 교동 1883-6,511504460572,강원특별자치도 강릉시 솔올로5번길,47,,4215011000118830006000001,,강원특별자치도 강릉시 솔올로5번길 47,210924,25515,,,,128.876638869252,37.764043412768
MA0101202210A0065010,동도건설자재,,G2,소매,G210,철물·건설자재 소매,G21099,기타 건설/건축자재 소매업,G47519,"페인트, 창호 및 기타 건설자재 소매업",41,경기도,41250,동두천시,41250565,불현동,4125010300,생연동,4125010300107320016,1,대지,732,16,경기도 동두천시 생연동 732-16,412503215066,경기도 동두천시 평화로,2373,,4125010300107320016000001,,경기도 동두천시 평화로 2373,483030,11316,,,,127.057326446566,37.8993063053774
MA0101202211A0003816,아드리안디자인,,G2,소매,G210,철물·건설자재 소매,G21099,기타 건설/건축자재 소매업,G47519,"페인트, 창호 및 기타 건설자재 소매업",41,경기도,41360,남양주시,41360545,다산1동,4136011200,다산동,4136011200160630001,1,대지,6063,1,경기도 남양주시 다산동 6063-1,413603351598,경기도 남양주시 다산중앙로145번길,15,,4136011200158460001000001,신해센트럴타워,경기도 남양주시 다산중앙로145번길 15,,12248,,8,,127.150820043879,37.6253932971257
MA0101202210A0050341,고경창호도어,,G2,소매,G210,철물·건설자재 소매,G21099,기타 건설/건축자재 소매업,G47519,"페인트, 창호 및 기타 건설자재 소매업",47,경상북도,47113,포항시 북구,47113250,흥해읍,4711325031,흥해읍,4711325031106400000,1,대지,640,,경상북도 포항시 북구 흥해읍 남송리 640,471134712305,경상북도 포항시 북구 흥해읍 삼흥로502번길,47,,4711325031106400000000001,고경창호도어,경상북도 포항시 북구 흥해읍 삼흥로502번길 47,791941,37552,,1,,129.371927659327,36.104517075563
MA0101202211A0003867,업소명없음,,G2,소매,G210,철물·건설자재 소매,G21099,기타 건설/건축자재 소매업,G47519,"페인트, 창호 및 기타 건설자재 소매업",41,경기도,41630,양주시,41630530,회천1동,4163011100,봉양동,4163011100100710000,1,대지,71,,경기도 양주시 봉양동 71,416304436338,경기도 양주시 천보산로143번길,99,76,4163011100100710000000001,,경기도 양주시 천보산로143번길 99-76,482090,11448,,,,127.091322126836,37.8533004435203
MA0101202210A0048562,세종산업,,G2,소매,G210,철물·건설자재 소매,G21099,기타 건설/건축자재 소매업,G47519,"페인트, 창호 및 기타 건설자재 소매업",36,세종특별자치시,36110,세종특별자치시,36110360,연서면,3611036033,연서면,3611036033100910017,1,대지,91,17,세종특별자치시 세종특별자치시 연서면 봉암리 91-17,361103258037,세종특별자치시 세종특별자치시 연서면 함박로,318,,4473032033100910017015630,,세종특별자치시 세종특별자치시 연서면 함박로 318,339813,30047,,,,127.284895704639,36.5704769384243
MA0101202210A0055278,탑하우스,,G2,소매,G210,철물·건설자재 소매,G21099,기타 건설/건축자재 소매업,G47519,"페인트, 창호 및 기타 건설자재 소매업",48,경상남도,48121,창원시 의창구,48121310,북면,4812131033,북면,4812131033101360000,1,대지,136,,경상남도 창원시 의창구 북면 상천리 136,481214781384,경상남도 창원시 의창구 북면 온천로612번길,9,25,4812131033101360000035791,,경상남도 창원시 의창구 북면 온천로612번길 9-25,641874,51100,,,,128.588269296238,35.3580194368906
MA0101202210A0059467,일등종합건재,,G2,소매,G210,철물·건설자재 소매,G21099,기타 건설/건축자재 소매업,G47519,"페인트, 창호 및 기타 건설자재 소매업",51,강원특별자치도,51150,강릉시,51150330,구정면,5115033027,구정면,5115033027100430004,1,대지,43,4,강원특별자치도 강릉시 구정면 제비리 43-4,511503220037,강원특별자치도 강릉시 구정면 정등로,54,,4215033027100430004000001,,강원특별자치도 강릉시 구정면 정등로 54,210814,25621,,,,128.866873451873,37.7294709007823
MA0101202210A0065682,성원철물,,G2,소매,G210,철물·건설자재 소매,G21099,기타 건설/건축자재 소매업,G47519,"페인트, 창호 및 기타 건설자재 소매업",29,광주광역시,29155,남구,29155730,대촌동,2915512600,양과동,2915512600105190001,1,대지,519,1,광주광역시 남구 양과동 519-1,291554283350,광주광역시 남구 새동네길,31,3,2915512600105190001000001,,광주광역시 남구 새동네길 31-3,503214,61757,,,,126.869973531711,35.0891045561917
MA0101202210A0072198,깔래요마트,,G2,소매,G210,철물·건설자재 소매,G21099,기타 건설/건축자재 소매업,G47519,"페인트, 창호 및 기타 건설자재 소매업",41,경기도,41370,오산시,41370550,세마동,4137011400,지곶동,4137011400103520014,1,대지,352,14,경기도 오산시 지곶동 352-14,413703198013,경기도 오산시 독산성로,140,32,4137011400103520014000001,,경기도 오산시 독산성로 140-32,447250,18102,,1,,127.016069109547,37.177852280827
MA0101202210A0042703,유주하우스,,G2,소매,G210,철물·건설자재 소매,G21099,기타 건설/건축자재 소매업,G47519,"페인트, 창호 및 기타 건설자재 소매업",48,경상남도,48170,진주시,48170710,평거동,4817012600,평거동,4817012600100050000,1,대지,5,,경상남도 진주시 평거동 5,481704797217,경상남도 진주시 진양호로253번길,8,13,4817012600100050000201769,,경상남도 진주시 진양호로253번길 8-13,660991,52677,,,,128.062150672095,35.1773483831948
MA0101202210A0001198,재성앙카,,G2,소매,G210,철물·건설자재 소매,G21099,기타 건설/건축자재 소매업,G47519,"페인트, 창호 및 기타 건설자재 소매업",41,경기도,41590,화성시,41590520,진안동,4159011600,진안동,4159011600104850005,1,대지,485,5,경기도 화성시 진안동 485-5,415903012007,경기도 화성시 효행로,972,,4159011600004850005020555,,경기도 화성시 효행로 972,445390,18401,,,,127.034484083678,37.2105926102627
MA0101202209A0100930,호성,서천지점,G2,소매,G210,철물·건설자재 소매,G21099,기타 건설/건축자재 소매업,G47519,"페인트, 창호 및 기타 건설자재 소매업",44,충청남도,44770,서천군,44770250,장항읍,4477025022,장항읍,4477025022105400002,1,대지,540,2,충청남도 서천군 장항읍 창선2리 540-2,447704580717,충청남도 서천군 장항읍 장항로179번길,2,,4477025022104010000007962,,충청남도 서천군 장항읍 장항로179번길 2,325907,33672,,3,,126.697552135914,36.0111936499579
MA0101202210A0012651,와이지건재,,G2,소매,G210,철물·건설자재 소매,G21099,기타 건설/건축자재 소매업,G47519,"페인트, 창호 및 기타 건설자재 소매업",28,인천광역시,28185,연수구,28185766,청학동,2818510400,청학동,2818510400105000005,1,대지,500,5,인천광역시 연수구 청학동 500-5,281853152020,인천광역시 연수구 용담로,97,,2818510400105000005206251,,인천광역시 연수구 용담로 97,406831,21926,,3,,126.676122751424,37.4162115969104
MA0101202211A0009546,용천판넬,,G2,소매,G210,철물·건설자재 소매,G21099,기타 건설/건축자재 소매업,G47519,"페인트, 창호 및 기타 건설자재 소매업",47,경상북도,47111,포항시 남구,47111545,해도동,4711110300,해도동,4711110300100830037,1,대지,83,37,경상북도 포항시 남구 해도동 83-37,471114709530,경상북도 포항시 남구 중앙로62번길,13,,4711110300100830037101393,,경상북도 포항시 남구 중앙로62번길 13,790862,37809,,1,,129.371293086557,36.0190801694098
MA0101202211A0026213,금강창호,,G2,소매,G210,철물·건설자재 소매,G21099,기타 건설/건축자재 소매업,G47519,"페인트, 창호 및 기타 건설자재 소매업",48,경상남도,48250,김해시,48250540,내외동,4825010800,내동,4825010800106260001,1,대지,626,1,경상남도 김해시 내동 626-1,482504805142,경상남도 김해시 금관대로1347번길,1,,4825010800106260001053521,,경상남도 김해시 금관대로1347번길 1,621905,50890,,,,128.86533856175,35.2432417168461
MA0101202211A0075577,지석건축인테리어,,G2,소매,G210,철물·건설자재 소매,G21099,기타 건설/건축자재 소매업,G47519,"페인트, 창호 및 기타 건설자재 소매업",47,경상북도,47210,영주시,47210590,휴천1동,4721010400,휴천동,4721010400106910021,1,대지,691,21,경상북도 영주시 휴천동 691-21,472103309027,경상북도 영주시 번영로,26,,4721010400106910021011848,,경상북도 영주시 번영로 26,750914,36163,,,,128.628479117923,36.8142789070306
MA0101202211A0101503,경북SKC윈도우필름,,G2,소매,G210,철물·건설자재 소매,G21099,기타 건설/건축자재 소매업,G47519,"페인트, 창호 및 기타 건설자재 소매업",47,경상북도,47210,영주시,47210525,하망동,4721010300,하망동,4721010300102760023,1,대지,276,23,경상북도 영주시 하망동 276-23,472103309046,경상북도 영주시 영주로,303,,4721010300102760023006895,코오롱2차,경상북도 영주시 영주로 303,750756,36083,,,,128.633145292949,36.8250359792614
MA0101202211A0051069,미르,,G2,소매,G210,철물·건설자재 소매,G21099,기타 건설/건축자재 소매업,G47519,"페인트, 창호 및 기타 건설자재 소매업",26,부산광역시,26410,금정구,26410555,금사회동동,2641011200,회동동,2641011200102090006,1,대지,209,6,부산광역시 금정구 회동동 209-6,264103135010,부산광역시 금정구 금사로,160,,2641011200102090006000001,,부산광역시 금정구 금사로 160,609846,46329,,4,,129.116546452083,35.2254464759106
MA0101202211A0060997,제주썬나노,,G2,소매,G210,철물·건설자재 소매,G21099,기타 건설/건축자재 소매업,G47519,"페인트, 창호 및 기타 건설자재 소매업",50,제주특별자치도,50110,제주시,50110250,한림읍,5011025023,한림읍,5011025023104280006,1,대지,428,6,제주특별자치도 제주시 한림읍 대림리 428-6,501103349213,제주특별자치도 제주시 한림읍 한수풀로,140,,5011025023104280006000001,,제주특별자치도 제주시 한림읍 한수풀로 140,695925,63026,,,,126.276861230264,33.4217468679113
MA0101202211A0065394,지오,,G2,소매,G210,철물·건설자재 소매,G21099,기타 건설/건축자재 소매업,G47519,"페인트, 창호 및 기타 건설자재 소매업",28,인천광역시,28710,강화군,28710250,강화읍,2871025021,강화읍,2871025021100130001,1,대지,13,1,인천광역시 강화군 강화읍 신문리 13-1,287103157016,인천광역시 강화군 강화읍 남문로,70,,2871025021100130001002661,,인천광역시 강화군 강화읍 남문로 70,417943,23035,,,,126.487559237087,37.7441607467104
MA0101202211A0071653,타일덕,,G2,소매,G210,철물·건설자재 소매,G21099,기타 건설/건축자재 소매업,G47519,"페인트, 창호 및 기타 건설자재 소매업",41,경기도,41480,파주시,41480550,운정1동,4148012200,와동동,4148012200113020004,1,대지,1302,4,경기도 파주시 와동동 1302-4,414804418957,경기도 파주시 미래로602번길,31,,4148012200104760001000002,아이프라자,경기도 파주시 미래로602번길 31,413190,10895,,,,126.751858450367,37.731922422742
MA0101202212A0008253,금당건설자재,,G2,소매,G210,철물·건설자재 소매,G21099,기타 건설/건축자재 소매업,G47519,"페인트, 창호 및 기타 건설자재 소매업",46,전라남도,46150,순천시,46150635,도사동,4615012900,인월동,4615012900106450001,1,대지,645,1,전라남도 순천시 인월동 645-1,461504649872,전라남도 순천시 인월인덕길,48,,4615012900106450001010677,,전라남도 순천시 인월인덕길 48,540300,58027,,,,127.482375471269,34.8959968990278
MA0101202211A0078153,한강골재,,G2,소매,G210,철물·건설자재 소매,G21099,기타 건설/건축자재 소매업,G47519,"페인트, 창호 및 기타 건설자재 소매업",41,경기도,41570,김포시,41570360,하성면,4157036031,하성면,4157036031102150011,1,대지,215,11,경기도 김포시 하성면 전류리 215-11,415703209095,경기도 김포시 하성면 월하로,910,1,4157036031102150011000001,,경기도 김포시 하성면 월하로 910-1,415888,10013,,,,126.654159714101,37.7058004690394
MA0101202211A0082064,더비톤,,G2,소매,G210,철물·건설자재 소매,G21099,기타 건설/건축자재 소매업,G47519,"페인트, 창호 및 기타 건설자재 소매업",11,서울특별시,11710,송파구,11710642,문정2동,1171010800,문정동,1171010800102910000,1,대지,291,,서울특별시 송파구 문정동 291,117103123017,서울특별시 송파구 충민로,10,,1171010800104090003000001,가든파이브툴,서울특별시 송파구 충민로 10,138962,05840,,8,,127.119388027962,37.4782693339906
MA0101202211A0080345,미광하우징,,G2,소매,G210,철물·건설자재 소매,G21099,기타 건설/건축자재 소매업,G47519,"페인트, 창호 및 기타 건설자재 소매업",46,전라남도,46150,순천시,46150310,해룡면,4615031024,해룡면,4615031024107240003,1,대지,724,3,전라남도 순천시 해룡면 대안리 724-3,461504649215,전라남도 순천시 해룡면 대안마산길,22,,4615031024107240003000001,,전라남도 순천시 해룡면 대안마산길 22,540851,58019,,,,127.521697794714,34.9223712359553
MA0101202211A0088031,건진산업,,G2,소매,G210,철물·건설자재 소매,G21099,기타 건설/건축자재 소매업,G47519,"페인트, 창호 및 기타 건설자재 소매업",28,인천광역시,28200,남동구,28200660,남촌도림동,2820010800,수산동,2820010800102940003,1,대지,294,3,인천광역시 남동구 수산동 294-3,282003153006,인천광역시 남동구 구수골로,88,1,2820010800102940003000001,,인천광역시 남동구 구수골로 88-1,405290,21590,,2,,126.725992103902,37.4358716961904
MA0101202211A0088093,준혁상회,,G2,소매,G210,철물·건설자재 소매,G21099,기타 건설/건축자재 소매업,G47519,"페인트, 창호 및 기타 건설자재 소매업",47,경상북도,47111,포항시 남구,47111250,구룡포읍,4711125027,구룡포읍,4711125027106150000,1,대지,615,,경상북도 포항시 남구 구룡포읍 하정리 615,471113000101,경상북도 포항시 남구 구룡포읍 동해안로,4489,28,4711125027106150000000001,,경상북도 포항시 남구 구룡포읍 동해안로 4489-28,790804,37939,,2,,129.546838636787,35.961709545643
MA0101202211A0012446,한솔만물,백화점,G2,소매,G210,철물·건설자재 소매,G21099,기타 건설/건축자재 소매업,G47519,"페인트, 창호 및 기타 건설자재 소매업",47,경상북도,47280,문경시,47280580,점촌2동,4728010100,점촌동,4728010100100410039,1,대지,41,39,경상북도 문경시 점촌동 41-39,472803018105,경상북도 문경시 경서로,162,,4728010100100410039000001,,경상북도 문경시 경서로 162,745885,36945,,,,128.203723263677,36.5930704625882
MA0101202211A0016589,삼천리건재사,,G2,소매,G210,철물·건설자재 소매,G21099,기타 건설/건축자재 소매업,G47519,"페인트, 창호 및 기타 건설자재 소매업",47,경상북도,47730,의성군,47730250,의성읍,4773025021,의성읍,4773025021105260006,1,대지,526,6,경상북도 의성군 의성읍 후죽리 526-6,477304745174,경상북도 의성군 의성읍 문소3길,65,,4773025021105260006011760,,경상북도 의성군 의성읍 문소3길 65,769805,37338,,,,128.694811225198,36.3515466052215
MA0101202211A0021102,보성스톤앤브릭스,,G2,소매,G210,철물·건설자재 소매,G21099,기타 건설/건축자재 소매업,G47519,"페인트, 창호 및 기타 건설자재 소매업",11,서울특별시,11680,강남구,11680521,논현1동,1168010800,논현동,1168010800101320002,1,대지,132,2,서울특별시 강남구 논현동 132-2,116804166126,서울특별시 강남구 논현로127길,23,,1168010800101320002027068,유심빌딩,서울특별시 강남구 논현로127길 23,135824,06112,,1,,127.02919331613,37.5125462817697
MA0101202211A0012653,그집마루&디자인,,G2,소매,G210,철물·건설자재 소매,G21099,기타 건설/건축자재 소매업,G47519,"페인트, 창호 및 기타 건설자재 소매업",27,대구광역시,27720,군위군,27720330,부계면,2772033021,부계면,2772033021109870000,1,대지,987,,대구광역시 군위군 부계면 창평리 987,277203314002,대구광역시 군위군 부계면 부흥로,17,,4772033029109870000000001,,대구광역시 군위군 부계면 부흥로 17,716833,43162,,1,,128.666474387228,36.0995156465465
MA0101202211A0014915,미래스톤,,G2,소매,G210,철물·건설자재 소매,G21099,기타 건설/건축자재 소매업,G47519,"페인트, 창호 및 기타 건설자재 소매업",51,강원특별자치도,51150,강릉시,51150600,내곡동,5115011700,회산동,5115011700105220000,1,대지,522,,강원특별자치도 강릉시 회산동 522,511504461073,강원특별자치도 강릉시 회산로351번길,48,,4215011700105220000000001,,강원특별자치도 강릉시 회산로351번길 48,210927,25598,,,,128.861508698551,37.7407983701268
MA0101202212A0022622,대신골재,,G2,소매,G210,철물·건설자재 소매,G21099,기타 건설/건축자재 소매업,G47519,"페인트, 창호 및 기타 건설자재 소매업",41,경기도,41670,여주시,41670350,대신면,4167035024,대신면,4167035024102060009,1,대지,206,9,경기도 여주시 대신면 천남리 206-9,416703214070,경기도 여주시 대신면 여양로,776,,4167035024102060009000001,,경기도 여주시 대신면 여양로 776,469841,12611,,,,127.635828743636,37.3446756660909
MA0101202211A0025601,가온플레이스,,G2,소매,G210,철물·건설자재 소매,G21099,기타 건설/건축자재 소매업,G47519,"페인트, 창호 및 기타 건설자재 소매업",28,인천광역시,28185,연수구,28185840,송도3동,2818510600,송도동,2818510600102140000,1,대지,214,,인천광역시 연수구 송도동 214,281853152042,인천광역시 연수구 송도미래로,30,,2818510600102140000000001,스마트밸리지식산업센터,인천광역시 연수구 송도미래로 30,406083,21990,,,,126.647278391163,37.3666451386433
MA0101202212A0018995,스페이스,,G2,소매,G210,철물·건설자재 소매,G21099,기타 건설/건축자재 소매업,G47519,"페인트, 창호 및 기타 건설자재 소매업",43,충청북도,43113,청주시 흥덕구,43113742,복대2동,4311311400,복대동,4311311400108500003,1,대지,850,3,충청북도 청주시 흥덕구 복대동 850-3,431133236025,충청북도 청주시 흥덕구 사직대로,26,,4311311400108500003011875,,충청북도 청주시 흥덕구 사직대로 26,361814,28594,,,,127.450363127877,36.6340283584547
MA0101202212A0017850,한별인테리어,,G2,소매,G210,철물·건설자재 소매,G21099,기타 건설/건축자재 소매업,G47519,"페인트, 창호 및 기타 건설자재 소매업",28,인천광역시,28260,서구,28260515,검암경서동,2826010300,검암동,2826010300105130001,1,대지,513,1,인천광역시 서구 검암동 513-1,282603156051,인천광역시 서구 승학로,584,,2826010300105130001012645,힘찬프라자,인천광역시 서구 승학로 584,404842,22703,,1,,126.683934991845,37.5676284041242
MA0101202212A0017886,아름철강,,G2,소매,G210,철물·건설자재 소매,G21099,기타 건설/건축자재 소매업,G47519,"페인트, 창호 및 기타 건설자재 소매업",41,경기도,41360,남양주시,41360250,와부읍,4136025022,와부읍,4136025022106500002,1,대지,650,2,경기도 남양주시 와부읍 도곡리 650-2,413603197034,경기도 남양주시 와부읍 석실로,20,38,4136025022106500002000001,도곡아름빌딩,경기도 남양주시 와부읍 석실로 20-38,472908,12269,,3,,127.231055971789,37.5778894767406
MA0101202211A0034143,해든시스템,,G2,소매,G210,철물·건설자재 소매,G21099,기타 건설/건축자재 소매업,G47519,"페인트, 창호 및 기타 건설자재 소매업",43,충청북도,43113,청주시 흥덕구,43113756,봉명2.송정동,4311311500,봉명동,4311311500104590000,1,대지,459,,충청북도 청주시 흥덕구 봉명동 459,431133236001,충청북도 청주시 흥덕구 1순환로,503,,4311311500104590000016003,,충청북도 청주시 흥덕구 1순환로 503,361817,28475,,3,,127.465862454338,36.6474316171688
MA0101202211A0042543,동성개발,,G2,소매,G210,철물·건설자재 소매,G21099,기타 건설/건축자재 소매업,G47519,"페인트, 창호 및 기타 건설자재 소매업",29,광주광역시,29155,남구,29155730,대촌동,2915512200,화장동,2915512200100970003,1,대지,97,3,광주광역시 남구 화장동 97-3,291554283542,광주광역시 남구 월지길,36,,2915512200100970003013805,,광주광역시 남구 월지길 36,503209,61762,,,,126.805012730552,35.0694036907123
MA0101202212A0027849,현대홈도어,,G2,소매,G210,철물·건설자재 소매,G21099,기타 건설/건축자재 소매업,G47519,"페인트, 창호 및 기타 건설자재 소매업",48,경상남도,48123,창원시 성산구,48123560,성주동,4812312800,성주동,4812312800101370006,1,대지,137,6,경상남도 창원시 성산구 성주동 137-6,481234784311,경상남도 창원시 성산구 삼정자로64번길,8,,4812312800101370006000001,,경상남도 창원시 성산구 삼정자로64번길 8,642120,51474,,,,128.712840696658,35.1971465757966
MA0101202301A0013141,광성목재,,G2,소매,G210,철물·건설자재 소매,G21099,기타 건설/건축자재 소매업,G47519,"페인트, 창호 및 기타 건설자재 소매업",41,경기도,41194,부천시 소사구,41194600,송내2동,4119410500,송내동,4119410500105740001,1,대지,574,1,경기도 부천시 소사구 송내동 574-1,411943000028,경기도 부천시 소사구 경인로,166,,4119710500105740001027512,,경기도 부천시 소사구 경인로 166,422820,14725,,1,,126.773870221017,37.483645448754
MA0101202212A0034199,바른하우징,,G2,소매,G210,철물·건설자재 소매,G21099,기타 건설/건축자재 소매업,G47519,"페인트, 창호 및 기타 건설자재 소매업",47,경상북도,47770,영덕군,47770250,영덕읍,4777025026,영덕읍,4777025026100250000,1,대지,25,,경상북도 영덕군 영덕읍 남산리 25,477703318006,경상북도 영덕군 영덕읍 영덕로,72,78,4777025026100250000000001,,경상북도 영덕군 영덕읍 영덕로 72-78,766805,36441,,,,129.373569767428,36.4007386292417
MA0101202301A0007200,현대유리,,G2,소매,G210,철물·건설자재 소매,G21099,기타 건설/건축자재 소매업,G47519,"페인트, 창호 및 기타 건설자재 소매업",46,전라남도,46130,여수시,46130515,동문동,4613010400,관문동,4613010400106860000,1,대지,686,,전라남도 여수시 관문동 686,461303282020,전라남도 여수시 동문로,70,3,4613010400106860000000001,,전라남도 여수시 동문로 70-3,550070,59742,,,,127.741111325668,34.7432622555256
MA0101202301A0011594,청진건설,,G2,소매,G210,철물·건설자재 소매,G21099,기타 건설/건축자재 소매업,G47519,"페인트, 창호 및 기타 건설자재 소매업",46,전라남도,46880,장성군,46880320,남면,4688032028,남면,4688032028108550010,1,대지,855,10,전라남도 장성군 남면 삼태리 855-10,468803351041,전라남도 장성군 남면 나노산단로,105,,4688032028108550010000001,공장,전라남도 장성군 남면 나노산단로 105,515893,57248,,,,126.833623712725,35.2384601840977
MA0101202212A0040996,지디금속,,G2,소매,G210,철물·건설자재 소매,G21099,기타 건설/건축자재 소매업,G47519,"페인트, 창호 및 기타 건설자재 소매업",41,경기도,41360,남양주시,41360253,진접읍,4136025325,진접읍,4136025325100810003,1,대지,81,3,경기도 남양주시 진접읍 부평리 81-3,413603012039,경기도 남양주시 진접읍 부마로,200,38,4136025325100810000000001,,경기도 남양주시 진접읍 부마로 200-38,472864,12000,,,,127.194605359419,37.7609980595569
MA0101202212A0086025,명진디자인샵,,G2,소매,G210,철물·건설자재 소매,G21099,기타 건설/건축자재 소매업,G47519,"페인트, 창호 및 기타 건설자재 소매업",51,강원특별자치도,51130,원주시,51130675,반곡관설동,5113011600,관설동,5113011600116780003,1,대지,1678,3,강원특별자치도 원주시 관설동 1678-3,511304457179,강원특별자치도 원주시 라옹정길,51,3,4213011600116780003035077,,강원특별자치도 원주시 라옹정길 51-3,220934,26471,,3,,127.961186804932,37.3200356394417
MA0101202212A0070534,시대종합,,G2,소매,G210,철물·건설자재 소매,G21099,기타 건설/건축자재 소매업,G47519,"페인트, 창호 및 기타 건설자재 소매업",11,서울특별시,11500,강서구,11500620,공항동,1150010800,공항동,1150010800106920002,1,대지,692,2,서울특별시 강서구 공항동 692-2,115003115006,서울특별시 강서구 송정로,18,8,1150010800106920002005672,,서울특별시 강서구 송정로 18-8,157818,07626,,1,,126.812513795953,37.5567663135261
MA0101202212A0045135,태우종합상사,,G2,소매,G210,철물·건설자재 소매,G21099,기타 건설/건축자재 소매업,G47519,"페인트, 창호 및 기타 건설자재 소매업",28,인천광역시,28260,서구,28260580,가좌1동,2826011200,가좌동,2826011200101780160,1,대지,178,160,인천광역시 서구 가좌동 178-160,282603153084,인천광역시 서구 백범로,926,,2826011200101780160020605,,인천광역시 서구 백범로 926,404812,22845,,2,,126.656579635824,37.4880119256851
MA0101202301A0003212,하진상사,,G2,소매,G210,철물·건설자재 소매,G21099,기타 건설/건축자재 소매업,G47519,"페인트, 창호 및 기타 건설자재 소매업",43,충청북도,43113,청주시 흥덕구,43113742,복대2동,4311311400,복대동,4311311400109780005,1,대지,978,5,충청북도 청주시 흥덕구 복대동 978-5,431134511388,충청북도 청주시 흥덕구 복대로176번길,3,,4311311400109780005010105,,충청북도 청주시 흥덕구 복대로176번길 3,361814,28597,,3,,127.441162093205,36.6322334900773
MA0101202212A0090578,유로LX창호,,G2,소매,G210,철물·건설자재 소매,G21099,기타 건설/건축자재 소매업,G47519,"페인트, 창호 및 기타 건설자재 소매업",41,경기도,41461,용인시 처인구,41461540,동부동,4146110700,마평동,4146110700101570000,1,대지,157,,경기도 용인시 처인구 마평동 157,414614409797,경기도 용인시 처인구 중부대로1762번길,102,,4146110700101570000008202,,경기도 용인시 처인구 중부대로1762번길 102,449928,17143,,,,127.244002884232,37.2213571204114
MA0101202212A0062864,신원,,G2,소매,G210,철물·건설자재 소매,G21099,기타 건설/건축자재 소매업,G47519,"페인트, 창호 및 기타 건설자재 소매업",31,울산광역시,31110,중구,31110585,중앙동,3111010200,학산동,3111010200100020014,1,대지,2,14,울산광역시 중구 학산동 2-14,311104307348,울산광역시 중구 옥교12길,49,,3111010200100020014016619,왼쪽,울산광역시 중구 옥교12길 49,681200,44522,,1,,129.329884591848,35.5549345684479
MA0101202212A0029367,엠엔에스소재,,G2,소매,G210,철물·건설자재 소매,G21099,기타 건설/건축자재 소매업,G47519,"페인트, 창호 및 기타 건설자재 소매업",44,충청남도,44810,예산군,44810250,예산읍,4481025024,예산읍,4481025024105110014,1,대지,511,14,충청남도 예산군 예산읍 주교리 511-14,448103263029,충청남도 예산군 예산읍 예산산업단지로,67,11,4481025024105110014003734,,충청남도 예산군 예산읍 예산산업단지로 67-11,340808,32427,,1,,126.820120721001,36.6810079593809
MA0101202212A0084715,일신,,G2,소매,G210,철물·건설자재 소매,G21099,기타 건설/건축자재 소매업,G47519,"페인트, 창호 및 기타 건설자재 소매업",26,부산광역시,26440,강서구,26440510,대저1동,2644010100,대저1동,2644010100130450002,1,대지,3045,2,부산광역시 강서구 대저1동 3045-2,264404208055,부산광역시 강서구 경전철로188번길,129,9,2644010100130450001002308,,부산광역시 강서구 경전철로188번길 129-9,618803,46703,,,,128.967376710403,35.2000184088429
MA0101202301A0040829,신화판넬건설,,G2,소매,G210,철물·건설자재 소매,G21099,기타 건설/건축자재 소매업,G47519,"페인트, 창호 및 기타 건설자재 소매업",48,경상남도,48121,창원시 의창구,48121520,팔룡동,4812112900,팔용동,4812112900101130008,1,대지,113,8,경상남도 창원시 의창구 팔용동 113-8,481214781765,경상남도 창원시 의창구 팔용로419번길,6,,4812112900101130008013936,,경상남도 창원시 의창구 팔용로419번길 6,641849,51377,,,,128.611584772086,35.2545932962119
MA0101202212A0063399,청우컴퍼니평택,,G2,소매,G210,철물·건설자재 소매,G21099,기타 건설/건축자재 소매업,G47519,"페인트, 창호 및 기타 건설자재 소매업",41,경기도,41220,평택시,41220253,안중읍,4122025330,안중읍,4122025330100310000,1,대지,31,,경기도 평택시 안중읍 현화리 31,412204364468,경기도 평택시 안중읍 안현로서6길,10,,4122025330100310000042668,디,경기도 평택시 안중읍 안현로서6길 10,451885,17936,,4,,126.928103342269,36.9837951667128
MA0101202301A0010910,호남단열,,G2,소매,G210,철물·건설자재 소매,G21099,기타 건설/건축자재 소매업,G47519,"페인트, 창호 및 기타 건설자재 소매업",46,전라남도,46710,담양군,46710400,수북면,4671040032,수북면,4671040032109190000,1,대지,919,,전라남도 담양군 수북면 남산리 919,467104658141,전라남도 담양군 수북면 미산샛터길,152,,4671040031102980001000001,,전라남도 담양군 수북면 미산샛터길 152,517914,57325,,,,126.951162760416,35.2987113209514
MA0101202212A0065335,상명자재,,G2,소매,G210,철물·건설자재 소매,G21099,기타 건설/건축자재 소매업,G47519,"페인트, 창호 및 기타 건설자재 소매업",47,경상북도,47130,경주시,47130350,서면,4713035022,서면,4713035022104110045,1,대지,411,45,경상북도 경주시 서면 아화리 411-45,471304715772,경상북도 경주시 서면 아화3길,17,19,4713035022104110045000001,,경상북도 경주시 서면 아화3길 17-19,780862,38053,,,,129.050533776056,35.8915314433343
MA0101202212A0044307,엠글라스인천,,G2,소매,G210,철물·건설자재 소매,G21099,기타 건설/건축자재 소매업,G47519,"페인트, 창호 및 기타 건설자재 소매업",41,경기도,41192,부천시 원미구,41192630,중1동,4119210800,중동,4119210800111430004,1,대지,1143,4,경기도 부천시 원미구 중동 1143-4,411924352521,경기도 부천시 원미구 중동로254번길,90,,4119510800111430004000002,워크리움,경기도 부천시 원미구 중동로254번길 90,420852,14548,,6,,126.773703285323,37.5015030565963
MA0101202212A0089372,오에스시스템산업,,G2,소매,G210,철물·건설자재 소매,G21099,기타 건설/건축자재 소매업,G47519,"페인트, 창호 및 기타 건설자재 소매업",52,전북특별자치도,52140,익산시,52140570,동산동,5214012500,금강동,5214012500110030003,1,대지,1003,3,전북특별자치도 익산시 금강동 1003-3,521404608306,전북특별자치도 익산시 평동로14길,32,,4514012500110030003000001,,전북특별자치도 익산시 평동로14길 32,570959,54679,,,,126.97283200494,35.9212407309979
MA0101202302A0068577,에스아이세라믹,,G2,소매,G210,철물·건설자재 소매,G21099,기타 건설/건축자재 소매업,G47519,"페인트, 창호 및 기타 건설자재 소매업",47,경상북도,47290,경산시,47290256,압량읍,4729025621,압량읍,4729025621104080002,1,대지,408,2,경상북도 경산시 압량읍 부적리 408-2,472904739271,경상북도 경산시 압량읍 대학로73길,35,1,4729036021104080002038159,스,경상북도 경산시 압량읍 대학로73길 35-1,712821,38512,,,,128.757282221618,35.8431960473997
MA0101202302A0060482,킴스건재,,G2,소매,G210,철물·건설자재 소매,G21099,기타 건설/건축자재 소매업,G47519,"페인트, 창호 및 기타 건설자재 소매업",50,제주특별자치도,50110,제주시,50110540,이도2동,5011010400,이도이동,5011010400100750008,1,대지,75,8,제주특별자치도 제주시 이도이동 75-8,501103349139,제주특별자치도 제주시 연신로,81,3,5011010400100750008064881,,제주특별자치도 제주시 연신로 81-3,690824,63228,,1,,126.549062492203,33.4946671250545
MA0101202302A0023572,제이에이치판넬,,G2,소매,G210,철물·건설자재 소매,G21099,기타 건설/건축자재 소매업,G47519,"페인트, 창호 및 기타 건설자재 소매업",41,경기도,41220,평택시,41220330,고덕면,4122033028,고덕면,4122033028105060013,1,대지,506,13,경기도 평택시 고덕면 방축리 506-13,412204364210,경기도 평택시 고덕면 방축안길,16,25,4122033028105060013025029,,경기도 평택시 고덕면 방축안길 16-25,451841,17821,,,,127.040193820369,37.0153480171893
MA0101202302A0038438,팜,코리아,G2,소매,G210,철물·건설자재 소매,G21099,기타 건설/건축자재 소매업,G47519,"페인트, 창호 및 기타 건설자재 소매업",47,경상북도,47210,영주시,47210510,상망동,4721010200,상망동,4721010200108980000,1,대지,898,,경상북도 영주시 상망동 898,472103309052,경상북도 영주시 원당로,366,1,4721010200108980000000001,,경상북도 영주시 원당로 366-1,750905,36065,,,,128.646210393571,36.8369292018754
MA0101202301A0086804,대흥석재,,G2,소매,G210,철물·건설자재 소매,G21099,기타 건설/건축자재 소매업,G47519,"페인트, 창호 및 기타 건설자재 소매업",47,경상북도,47130,경주시,47130253,안강읍,4713025330,안강읍,4713025330105950007,1,대지,595,7,경상북도 경주시 안강읍 하곡리 595-7,471304715669,경상북도 경주시 안강읍 성산서당길,7,,4713025330105950007102329,,경상북도 경주시 안강읍 성산서당길 7,780802,38028,,,,129.144197639333,35.9815044043449
MA0101202302A0058156,블루로드,,G2,소매,G210,철물·건설자재 소매,G21099,기타 건설/건축자재 소매업,G47519,"페인트, 창호 및 기타 건설자재 소매업",41,경기도,41610,광주시,41610253,초월읍,4161025325,초월읍,4161025325102260000,1,대지,226,,경기도 광주시 초월읍 학동리 226,416104433157,경기도 광주시 초월읍 동막골길,170,,4161025325102260000257523,,경기도 광주시 초월읍 동막골길 170,464865,12731,,,,127.332819313963,37.3845250127173
MA0101202302A0013406,태온,,G2,소매,G210,철물·건설자재 소매,G21099,기타 건설/건축자재 소매업,G47519,"페인트, 창호 및 기타 건설자재 소매업",41,경기도,41220,평택시,41220535,송탄동,4122010300,모곡동,4122010300101380002,1,대지,138,2,경기도 평택시 모곡동 138-2,412204364177,경기도 평택시 모곡길,65,,4122010300101380002003055,,경기도 평택시 모곡길 65,459040,17747,,,,127.077133620851,37.0310535802779
MA0101202302A0000848,선일기업,,G2,소매,G210,철물·건설자재 소매,G21099,기타 건설/건축자재 소매업,G47519,"페인트, 창호 및 기타 건설자재 소매업",46,전라남도,46110,목포시,46110780,삼향동,4611016300,대양동,4611016300111870002,1,대지,1187,2,전라남도 목포시 대양동 1187-2,461103350987,전라남도 목포시 대양산단로,161,,4611016300111870002000001,,전라남도 목포시 대양산단로 161,530410,58600,,2,,126.403404743819,34.8358091716305
MA0101202301A0059474,연천HS판넬,,G2,소매,G210,철물·건설자재 소매,G21099,기타 건설/건축자재 소매업,G47519,"페인트, 창호 및 기타 건설자재 소매업",41,경기도,41800,연천군,41800340,미산면,4180034023,미산면,4180034023103670000,1,대지,367,,경기도 연천군 미산면 백석리 367,418003012091,경기도 연천군 미산면 청정로,1009,,4180034023103670000000001,,경기도 연천군 미산면 청정로 1009,486861,11045,,,,126.963673529103,38.0379143879288
MA0101202301A0105269,모동석재산업,,G2,소매,G210,철물·건설자재 소매,G21099,기타 건설/건축자재 소매업,G47519,"페인트, 창호 및 기타 건설자재 소매업",48,경상남도,48880,거창군,48880250,거창읍,4888025024,거창읍,4888025024112960005,1,대지,1296,5,경상남도 거창군 거창읍 대평리 1296-5,488802347001,경상남도 거창군 거창읍 거창대로,1,,4888025024112960005023153,,경상남도 거창군 거창읍 거창대로 1,670804,50144,,2,,127.917950858626,35.6819827040626
MA0101202302A0011984,서강건재,,G2,소매,G210,철물·건설자재 소매,G21099,기타 건설/건축자재 소매업,G47519,"페인트, 창호 및 기타 건설자재 소매업",41,경기도,41590,화성시,41590259,향남읍,4159025926,향남읍,4159025926111260001,1,대지,1126,1,경기도 화성시 향남읍 하길리 1126-1,415904430355,경기도 화성시 향남읍 마곡동길,19,40,4159025926111260001000001,,경기도 화성시 향남읍 마곡동길 19-40,445938,18608,,,,126.915031674272,37.092519409808
MA0101202302A0052285,정민,,G2,소매,G210,철물·건설자재 소매,G21099,기타 건설/건축자재 소매업,G47519,"페인트, 창호 및 기타 건설자재 소매업",27,대구광역시,27710,달성군,27710259,유가읍,2771025924,유가읍,2771025924106140002,1,대지,614,2,대구광역시 달성군 유가읍 봉리 614-2,277103341007,대구광역시 달성군 유가읍 테크노공원로,69,,2771025924106140002000001,파크뷰타워,대구광역시 달성군 유가읍 테크노공원로 69,711883,43018,,1,,128.460512867105,35.6919880859841
MA0101202301A0096432,화성종합상사,,G2,소매,G210,철물·건설자재 소매,G21099,기타 건설/건축자재 소매업,G47519,"페인트, 창호 및 기타 건설자재 소매업",47,경상북도,47830,고령군,47830253,대가야읍,4783025330,대가야읍,4783025330102840001,1,대지,284,1,경상북도 고령군 대가야읍 내상리 284-1,478304760051,경상북도 고령군 대가야읍 내상2길,9,11,4783025330102840001000001,,경상북도 고령군 대가야읍 내상2길 9-11,717803,40130,,,,128.221197210724,35.7556390192884
MA0101202301A0070158,코사스,,G2,소매,G210,철물·건설자재 소매,G21099,기타 건설/건축자재 소매업,G47216,"빵류, 과자류 및 당류 소매업",50,제주특별자치도,50130,서귀포시,50130580,서홍동,5013010600,서홍동,5013010600120570002,1,대지,2057,2,제주특별자치도 서귀포시 서홍동 2057-2,501304850431,제주특별자치도 서귀포시 서홍로242번길,15,13,5013010600120570002003768,,제주특별자치도 서귀포시 서홍로242번길 15-13,697854,63578,,,,126.549877448395,33.2699617081817
MA0101202302A0001591,샘아트,,G2,소매,G210,철물·건설자재 소매,G21099,기타 건설/건축자재 소매업,G47519,"페인트, 창호 및 기타 건설자재 소매업",36,세종특별자치시,36110,세종특별자치시,36110250,조치원읍,3611025030,조치원읍,3611025030102100005,1,대지,210,5,세종특별자치시 세종특별자치시 조치원읍 죽림리 210-5,361104574103,세종특별자치시 세종특별자치시 조치원읍 도장말길,48,,4473025030102100005041624,,세종특별자치시 세종특별자치시 조치원읍 도장말길 48,339884,30037,,1,,127.296783800553,36.5912192717173
MA0101202302A0072258,뮤직우드,,G2,소매,G210,철물·건설자재 소매,G21099,기타 건설/건축자재 소매업,G47519,"페인트, 창호 및 기타 건설자재 소매업",52,전북특별자치도,52130,군산시,52130720,미성동,5213015100,산북동,5213015100117680003,1,대지,1768,3,전북특별자치도 군산시 산북동 1768-3,521303268008,전북특별자치도 군산시 공항로,307,,4513015100117680003001797,,전북특별자치도 군산시 공항로 307,573876,54161,,,,126.661521624691,35.9623858556423
MA0101202301A0074823,우진석물,,G2,소매,G210,철물·건설자재 소매,G21099,기타 건설/건축자재 소매업,G47519,"페인트, 창호 및 기타 건설자재 소매업",47,경상북도,47850,칠곡군,47850250,왜관읍,4785025021,왜관읍,4785025021101340004,1,대지,134,4,경상북도 칠곡군 왜관읍 왜관리 134-4,478504766068,경상북도 칠곡군 왜관읍 군청1길,13,,4785025021101340004038879,,경상북도 칠곡군 왜관읍 군청1길 13,718805,39889,,,,128.401008888912,35.9887485715989
MA0101202301A0096900,태강스틸,,G2,소매,G210,철물·건설자재 소매,G21099,기타 건설/건축자재 소매업,G47519,"페인트, 창호 및 기타 건설자재 소매업",46,전라남도,46790,화순군,46790350,능주면,4679035026,능주면,4679035026104270000,1,대지,427,,전라남도 화순군 능주면 관영리 427,467903291038,전라남도 화순군 능주면 학포로,1903,,4679035026104270000000001,,전라남도 화순군 능주면 학포로 1903,519811,58153,,,,126.962355900847,34.9871054257793
MA0101202302A0075545,서리건자재,,G2,소매,G210,철물·건설자재 소매,G21099,기타 건설/건축자재 소매업,G47519,"페인트, 창호 및 기타 건설자재 소매업",41,경기도,41135,성남시 분당구,41135520,수내1동,4113510200,수내동,4113510200100110001,1,대지,11,1,경기도 성남시 분당구 수내동 11-1,411353180053,경기도 성남시 분당구 황새울로,224,,4113510200100110002055981,청구블루빌,경기도 성남시 분당구 황새울로 224,463825,13595,,,,127.113291293509,37.3788301368717
MA0101202303A0087945,신화,,G2,소매,G210,철물·건설자재 소매,G21099,기타 건설/건축자재 소매업,G47519,"페인트, 창호 및 기타 건설자재 소매업",52,전북특별자치도,52113,전주시 덕진구,52113620,호성동,5211311600,호성동1가,5211311600108360005,1,대지,836,5,전북특별자치도 전주시 덕진구 호성동1가 836-5,521132266002,전북특별자치도 전주시 덕진구 동부대로,897,21,4511311600108360005000001,,전북특별자치도 전주시 덕진구 동부대로 897-21,561211,54902,,2,,127.148332183354,35.8646348568958
MA0101202303A0025002,삼일ENG,,G2,소매,G210,철물·건설자재 소매,G21099,기타 건설/건축자재 소매업,G47519,"페인트, 창호 및 기타 건설자재 소매업",41,경기도,41390,시흥시,41390650,거북섬동,4139013200,정왕동,4139013200127030010,1,대지,2703,10,경기도 시흥시 정왕동 2703-10,413904855375,경기도 시흥시 거북섬1길,10,,4139013200127030010000001,대화위더스,경기도 시흥시 거북섬1길 10,429450,15119,,1,,126.676848930408,37.3259762293416
MA0101202303A0036480,영진목재,,G2,소매,G210,철물·건설자재 소매,G21099,기타 건설/건축자재 소매업,G47519,"페인트, 창호 및 기타 건설자재 소매업",26,부산광역시,26290,남구,26290510,대연1동,2629010600,대연동,2629010600108910001,1,대지,891,1,부산광역시 남구 대연동 891-1,262903131030,부산광역시 남구 유엔평화로,42,1,2629010600108910001004096,,부산광역시 남구 유엔평화로 42-1,608813,48494,,,,129.091888531539,35.1311099976184
MA0101202303A0069445,덕성건재사,,G2,소매,G210,철물·건설자재 소매,G21099,기타 건설/건축자재 소매업,G47519,"페인트, 창호 및 기타 건설자재 소매업",47,경상북도,47190,구미시,47190250,선산읍,4719025022,선산읍,4719025022105080004,1,대지,508,4,경상북도 구미시 선산읍 동부리 508-4,471903308032,경상북도 구미시 선산읍 선산중앙로,121,2,4719025022105080004042116,,경상북도 구미시 선산읍 선산중앙로 121-2,730804,39115,,,,128.304536290708,36.2436528509368
MA0101202303A0091119,섬진토건,,G2,소매,G210,철물·건설자재 소매,G21099,기타 건설/건축자재 소매업,G47519,"페인트, 창호 및 기타 건설자재 소매업",46,전라남도,46150,순천시,46150620,중앙동,4615012200,동외동,4615012200102170014,1,대지,217,14,전라남도 순천시 동외동 217-14,461503283030,전라남도 순천시 환선로,60,,4615012200102170014019325,,전라남도 순천시 환선로 60,540946,57939,,,,127.487571894834,34.9607044644111
MA0101202303A0081416,에이치엠에이산업,,G2,소매,G210,철물·건설자재 소매,G21099,기타 건설/건축자재 소매업,G47519,"페인트, 창호 및 기타 건설자재 소매업",41,경기도,41370,오산시,41370550,세마동,4137011300,세교동,4137011300105950001,1,대지,595,1,경기도 오산시 세교동 595-1,413703198013,경기도 오산시 독산성로,425,,4137011300105950001000001,,경기도 오산시 독산성로 425,447240,18105,,,,127.041490597038,37.1887218332183
MA0101202302A0088584,씨케이케미칼,,G2,소매,G210,철물·건설자재 소매,G21099,기타 건설/건축자재 소매업,G47519,"페인트, 창호 및 기타 건설자재 소매업",46,전라남도,46720,곡성군,46720380,입면,4672038021,입면,4672038021105650010,1,대지,565,10,전라남도 곡성군 입면 매월리 565-10,467203287023,전라남도 곡성군 입면 청계동로,1207,29,4672038021105650010000001,,전라남도 곡성군 입면 청계동로 1207-29,516942,57513,,,,127.204187931948,35.2985488231609
MA0101202303A0023693,헤세드하우징,,G2,소매,G210,철물·건설자재 소매,G21099,기타 건설/건축자재 소매업,G47519,"페인트, 창호 및 기타 건설자재 소매업",11,서울특별시,11215,광진구,11215730,군자동,1121510900,군자동,1121510900100930040,1,대지,93,40,서울특별시 광진구 군자동 93-40,112154112222,서울특별시 광진구 동일로58길,40,,1121510900100930040018613,,서울특별시 광진구 동일로58길 40,143838,04995,,,,127.074617618394,37.5578826881483
MA0101202303A0052837,브릭1982,,G2,소매,G210,철물·건설자재 소매,G21099,기타 건설/건축자재 소매업,G47519,"페인트, 창호 및 기타 건설자재 소매업",41,경기도,41590,화성시,41590259,향남읍,4159025926,향남읍,4159025926114530013,1,대지,1453,13,경기도 화성시 향남읍 하길리 1453-13,415904848220,경기도 화성시 향남읍 한절이2길,5,10,4159025926114530013000001,,경기도 화성시 향남읍 한절이2길 5-10,445938,18606,,1,,126.916354641213,37.1169032014518
MA0101202303A0041114,현대철재건재,,G2,소매,G210,철물·건설자재 소매,G21099,기타 건설/건축자재 소매업,G47519,"페인트, 창호 및 기타 건설자재 소매업",52,전북특별자치도,52740,장수군,52740250,장수읍,5274025023,장수읍,5274025023103540000,1,대지,354,,전북특별자치도 장수군 장수읍 선창리 354,527403276033,전북특별자치도 장수군 장수읍 장천로,259,,4574025023103540000002676,,전북특별자치도 장수군 장수읍 장천로 259,597803,55631,,,,127.519706875145,35.6552405039579
MA0101202303A0008360,케이지시스템,,G2,소매,G210,철물·건설자재 소매,G21099,기타 건설/건축자재 소매업,G47519,"페인트, 창호 및 기타 건설자재 소매업",52,전북특별자치도,52113,전주시 덕진구,52113650,조촌동,5211312500,용정동,5211312500102650028,1,대지,265,28,전북특별자치도 전주시 덕진구 용정동 265-28,521134601348,전북특별자치도 전주시 덕진구 용덕길,47,43,4511312500102650028000001,,전북특별자치도 전주시 덕진구 용덕길 47-43,561380,54801,,,,127.048968487909,35.8774601634438
MA0101202303A0004369,건안철물,,G2,소매,G210,철물·건설자재 소매,G21099,기타 건설/건축자재 소매업,G47519,"페인트, 창호 및 기타 건설자재 소매업",44,충청남도,44270,당진시,44270310,고대면,4427031029,고대면,4427031029111270000,1,대지,1127,,충청남도 당진시 고대면 진관리 1127,442703265012,충청남도 당진시 고대면 당미로,478,30,4483031029111270000056960,,충청남도 당진시 고대면 당미로 478-30,343844,31793,,,,126.578994578766,36.9194179336646
MA0101202303A0057297,에스디솔루션,,G2,소매,G210,철물·건설자재 소매,G21099,기타 건설/건축자재 소매업,G47519,"페인트, 창호 및 기타 건설자재 소매업",43,충청북도,43112,청주시 서원구,43112550,산남동,4311210400,산남동,4311210400103190000,1,대지,319,,충청북도 청주시 서원구 산남동 319,431123236001,충청북도 청주시 서원구 1순환로,850,,4311210400103190000000001,,충청북도 청주시 서원구 1순환로 850,362160,28640,,,,127.468468537336,36.6198017838849
MA0101202303A0085217,동행,,G2,소매,G210,철물·건설자재 소매,G21099,기타 건설/건축자재 소매업,G47519,"페인트, 창호 및 기타 건설자재 소매업",41,경기도,41220,평택시,41220560,송북동,4122011100,독곡동,4122011100103990018,1,대지,399,18,경기도 평택시 독곡동 399-18,412204364780,경기도 평택시 탄현로371번길,15,,4122011100103990018006598,,경기도 평택시 탄현로371번길 15,459800,17754,,지,,127.057967436742,37.0854352600899
MA0101202305A0005427,현대리바트,충청점,G2,소매,G210,철물·건설자재 소매,G21099,기타 건설/건축자재 소매업,G47519,"페인트, 창호 및 기타 건설자재 소매업",44,충청남도,44133,천안시 서북구,44133520,성정2동,4413310200,성정동,4413310200106770019,1,대지,677,19,충청남도 천안시 서북구 성정동 677-19,441332249004,충청남도 천안시 서북구 쌍용대로,250,,4413310200106770019052186,,충청남도 천안시 서북구 쌍용대로 250,331975,31138,,1,,127.136132909978,36.8195230342489
MA0101202305A0038008,선진건설,,G2,소매,G210,철물·건설자재 소매,G21099,기타 건설/건축자재 소매업,G47519,"페인트, 창호 및 기타 건설자재 소매업",31,울산광역시,31200,북구,31200560,효문동,3120012100,진장동,3120012100102850003,1,대지,285,3,울산광역시 북구 진장동 285-3,312003172025,울산광역시 북구 진장유통로,16,,3120012100102850003000001,진장디플렉스,울산광역시 북구 진장유통로 16,683360,44248,,,,129.358156032566,35.5718650411146
MA0101202305A0005632,그린판넬,,G2,소매,G210,철물·건설자재 소매,G21099,기타 건설/건축자재 소매업,G47519,"페인트, 창호 및 기타 건설자재 소매업",52,전북특별자치도,52190,남원시,52190540,노암동,5219012100,노암동,5219012100108530003,1,대지,853,3,전북특별자치도 남원시 노암동 853-3,521904613388,전북특별자치도 남원시 시묘길,56,90,4519012100108530003000001,,전북특별자치도 남원시 시묘길 56-90,590090,55801,,,,127.375821866669,35.3866655191552
MA0101202305A0077343,케이에이치와이,,G2,소매,G210,철물·건설자재 소매,G21099,기타 건설/건축자재 소매업,G47519,"페인트, 창호 및 기타 건설자재 소매업",41,경기도,41210,광명시,41210580,광명7동,4121010100,광명동,4121010100103420005,1,대지,342,5,경기도 광명시 광명동 342-5,412104361031,경기도 광명시 광명로832번길,5,,4121010100103420005007109,,경기도 광명시 광명로832번길 5,423813,14273,,2,,126.852368626508,37.4734170223322
MA0101202303A0113156,에너지가드,,G2,소매,G210,철물·건설자재 소매,G21099,기타 건설/건축자재 소매업,G47519,"페인트, 창호 및 기타 건설자재 소매업",11,서울특별시,11290,성북구,11290525,성북동,1129010100,성북동,1129010100101450069,1,대지,145,69,서울특별시 성북구 성북동 145-69,112904121323,서울특별시 성북구 성북로14길,44,5,1129010100101450069000001,,서울특별시 성북구 성북로14길 44-5,136822,02835,,,,127.001381454273,37.5954777246965
MA0101202305A0093982,28호작업실,,G2,소매,G210,철물·건설자재 소매,G21099,기타 건설/건축자재 소매업,G47519,"페인트, 창호 및 기타 건설자재 소매업",50,제주특별자치도,50110,제주시,50110310,한경면,5011031026,한경면,5011031026120810002,1,대지,2081,2,제주특별자치도 제주시 한경면 조수리 2081-2,501103349150,제주특별자치도 제주시 한경면 용금로,311,,5011031026020810002018671,,제주특별자치도 제주시 한경면 용금로 311,695948,63004,,,,126.213843933357,33.3324037431697
MA0101202303A0121215,자호건재,,G2,소매,G210,철물·건설자재 소매,G21099,기타 건설/건축자재 소매업,G47519,"페인트, 창호 및 기타 건설자재 소매업",47,경상북도,47230,영천시,47230510,동부동,4723010100,조교동,4723010100104020003,1,대지,402,3,경상북도 영천시 조교동 402-3,472303018037,경상북도 영천시 호국로,232,,4723010100104010005008398,,경상북도 영천시 호국로 232,770120,38865,,,,128.962581707776,35.9778018410625
MA0101202303A0115676,파트너동행,,G2,소매,G210,철물·건설자재 소매,G21099,기타 건설/건축자재 소매업,G47519,"페인트, 창호 및 기타 건설자재 소매업",28,인천광역시,28237,부평구,28237592,청천2동,2823710400,청천동,2823710400103960013,1,대지,396,13,인천광역시 부평구 청천동 396-13,282373008033,인천광역시 부평구 안남로,423,,2823710400103960013006190,,인천광역시 부평구 안남로 423,403858,21310,,,,126.709935722799,37.5207262096608
MA0101202305A0050403,미소휀스,,G2,소매,G210,철물·건설자재 소매,G21099,기타 건설/건축자재 소매업,G47519,"페인트, 창호 및 기타 건설자재 소매업",41,경기도,41670,여주시,41670530,오학동,4167012000,천송동,4167012000100340000,1,대지,34,,경기도 여주시 천송동 34,416704442249,경기도 여주시 소지개길,4,,4167012000100340000000001,,경기도 여주시 소지개길 4,469121,12613,,,,127.670659769833,37.304523251634
MA0101202305A0050534,디알내장,,G2,소매,G210,철물·건설자재 소매,G21099,기타 건설/건축자재 소매업,G47519,"페인트, 창호 및 기타 건설자재 소매업",11,서울특별시,11470,양천구,11470580,신월3동,1147010300,신월동,1147010300101980023,1,대지,198,23,서울특별시 양천구 신월동 198-23,114704142046,서울특별시 양천구 남부순환로56가길,11,,1147010300101980023012490,,서울특별시 양천구 남부순환로56가길 11,158830,07915,,,,126.830215361597,37.5313939515717
MA0101202305A0002922,신형상사,,G2,소매,G210,철물·건설자재 소매,G21099,기타 건설/건축자재 소매업,G47519,"페인트, 창호 및 기타 건설자재 소매업",47,경상북도,47113,포항시 북구,47113700,장량동,4711312100,장성동,4711312100114120001,1,대지,1412,1,경상북도 포항시 북구 장성동 1412-1,471134712688,경상북도 포항시 북구 천마로71번길,21,,4711312100114120001000001,,경상북도 포항시 북구 천마로71번길 21,791851,37587,,3,,129.394585680836,36.0828571409291
MA0101202305A0094677,미래,,G2,소매,G210,철물·건설자재 소매,G21099,기타 건설/건축자재 소매업,G47519,"페인트, 창호 및 기타 건설자재 소매업",48,경상남도,48125,창원시 마산합포구,48125510,현동,4812513800,우산동,4812513800100920000,1,대지,92,,경상남도 창원시 마산합포구 우산동 92,481253329062,경상남도 창원시 마산합포구 현동로,32,,4812513800100920000000001,힐링파크,경상남도 창원시 마산합포구 현동로 32,631270,51778,,,,128.552503797417,35.1523089487915
MA0101202305A0088172,나나바스욕실리모델링,,G2,소매,G210,철물·건설자재 소매,G21099,기타 건설/건축자재 소매업,G47519,"페인트, 창호 및 기타 건설자재 소매업",48,경상남도,48250,김해시,48250510,동상동,4825010100,동상동,4825010100106250029,1,대지,625,29,경상남도 김해시 동상동 625-29,482503335031,경상남도 김해시 분성로,397,,4825010100106250029090146,,경상남도 김해시 분성로 397,621020,50914,,1,,128.889417193605,35.2347033683645
MA010120220811752285,대성건재,,G2,소매,G210,철물·건설자재 소매,G21099,기타 건설/건축자재 소매업,G47519,"페인트, 창호 및 기타 건설자재 소매업",52,전북특별자치도,52111,전주시 완산구,52111714,효자4동,5211114100,효자동2가,5211114100103620002,1,대지,362,2,전북특별자치도 전주시 완산구 효자동2가 362-2,521113266046,전북특별자치도 전주시 완산구 쑥고개로,376,,4511114100103620002027685,,전북특별자치도 전주시 완산구 쑥고개로 376,560868,55079,,,,127.10615495799,35.8036012556867
MA010120220811755111,대한산업,,G2,소매,G210,철물·건설자재 소매,G21099,기타 건설/건축자재 소매업,G47519,"페인트, 창호 및 기타 건설자재 소매업",46,전라남도,46130,여수시,46130310,소라면,4613031025,소라면,4613031025104480000,1,대지,448,,전라남도 여수시 소라면 복산리 448,461303282039,전라남도 여수시 소라면 서부로,318,,4613031025104480000000001,,전라남도 여수시 소라면 서부로 318,556814,59648,,,,127.604359701984,34.7702754754384
MA010120220811736995,인테크이엔지,,G2,소매,G210,철물·건설자재 소매,G21099,기타 건설/건축자재 소매업,G47519,"페인트, 창호 및 기타 건설자재 소매업",11,서울특별시,11740,강동구,11740660,성내3동,1174010800,성내동,1174010800103810021,1,대지,381,21,서울특별시 강동구 성내동 381-21,117404172227,서울특별시 강동구 양재대로103길,53,,1174010800103810021003682,,서울특별시 강동구 양재대로103길 53,134843,05374,,,,127.13496494817,37.5335291983971
MA010120220811746039,다원플로링,,G2,소매,G210,철물·건설자재 소매,G21099,기타 건설/건축자재 소매업,G47519,"페인트, 창호 및 기타 건설자재 소매업",27,대구광역시,27230,북구,27230695,무태조야동,2723011500,서변동,2723011500117270010,1,대지,1727,10,대구광역시 북구 서변동 1727-10,272303145031,대구광역시 북구 서변로,125,1,2723011500117270010009642,,대구광역시 북구 서변로 125-1,702894,41474,,2,,128.596681500501,35.9270631680658
MA010120220811751665,통일동산건축자재,백화점,G2,소매,G210,철물·건설자재 소매,G21099,기타 건설/건축자재 소매업,G47519,"페인트, 창호 및 기타 건설자재 소매업",41,경기도,41480,파주시,41480320,탄현면,4148032022,탄현면,4148032022115950012,1,대지,1595,12,경기도 파주시 탄현면 법흥리 1595-12,414803206057,경기도 파주시 탄현면 약산로,37,1,4148032022115950012024826,,경기도 파주시 탄현면 약산로 37-1,413841,10861,,,,126.702465323929,37.7689819078191
MA010120220811820219,건안철물상사,,G2,소매,G210,철물·건설자재 소매,G21099,기타 건설/건축자재 소매업,G47519,"페인트, 창호 및 기타 건설자재 소매업",11,서울특별시,11230,동대문구,11230600,답십리1동,1123010500,답십리동,1123010500105300011,1,대지,530,11,서울특별시 동대문구 답십리동 530-11,112303105003,서울특별시 동대문구 고미술로,49,,1123010500105300011019011,,서울특별시 동대문구 고미술로 49,130805,02604,,3,,127.053482998352,37.5674627353815
MA010120220811781775,남선샷시,,G2,소매,G210,철물·건설자재 소매,G21099,기타 건설/건축자재 소매업,G47519,"페인트, 창호 및 기타 건설자재 소매업",26,부산광역시,26230,부산진구,26230610,전포2동,2623010200,전포동,2623010200101910258,1,대지,191,258,부산광역시 부산진구 전포동 191-258,262304187730,부산광역시 부산진구 진남로356번길,62,,2623010200101910258001319,,부산광역시 부산진구 진남로356번길 62,614865,47231,,1,,129.072531150484,35.1585045867522
MA010120220811793112,에바다유리,,G2,소매,G210,철물·건설자재 소매,G21099,기타 건설/건축자재 소매업,G47519,"페인트, 창호 및 기타 건설자재 소매업",52,전북특별자치도,52113,전주시 덕진구,52113525,진북동,5211310200,진북동,5211310200109920045,1,대지,992,45,전북특별자치도 전주시 덕진구 진북동 992-45,521134601323,전북특별자치도 전주시 덕진구 어은골1길,16,9,4511310200109920045006776,,전북특별자치도 전주시 덕진구 어은골1길 16-9,561856,54982,,,,127.12987786425,35.8255957736797
MA010120220811810450,태우상사,,G2,소매,G210,철물·건설자재 소매,G21099,기타 건설/건축자재 소매업,G47519,"페인트, 창호 및 기타 건설자재 소매업",28,인천광역시,28140,동구,28140610,송림4동,2814010700,송림동,2814010700102940000,1,대지,294,,인천광역시 동구 송림동 294,281404250070,인천광역시 동구 방축로83번길,23,,2814010700102940000004016,,인천광역시 동구 방축로83번길 23,401722,22530,,,,126.654796465778,37.4848261851048
MA010120220811836469,시티웍스,,G2,소매,G210,철물·건설자재 소매,G21099,기타 건설/건축자재 소매업,G47519,"페인트, 창호 및 기타 건설자재 소매업",28,인천광역시,28185,연수구,28185762,연수2동,2818510300,연수동,2818510300105960006,1,대지,596,6,인천광역시 연수구 연수동 596-6,281853152020,인천광역시 연수구 용담로,111,,2818510300105960006044111,연수동아시스타워,인천광역시 연수구 용담로 111,406818,21927,,6,,126.677493451594,37.4153143288131
MA010120220811836771,퍼즐,,G2,소매,G210,철물·건설자재 소매,G21099,기타 건설/건축자재 소매업,G47519,"페인트, 창호 및 기타 건설자재 소매업",41,경기도,41287,고양시 일산서구,41287560,주엽2동,4128710200,주엽동,4128710200100180001,1,대지,18,1,경기도 고양시 일산서구 주엽동 18-1,412873193002,경기도 고양시 일산서구 강성로,147,,4128710200100180001002071,동문씨티프라자,경기도 고양시 일산서구 강성로 147,411838,10387,,1,,126.759369926386,37.6717710040401
MA010120220811861110,아라산업,,G2,소매,G210,철물·건설자재 소매,G21099,기타 건설/건축자재 소매업,G47519,"페인트, 창호 및 기타 건설자재 소매업",11,서울특별시,11380,은평구,11380530,불광2동,1138010300,불광동,1138010300100900050,1,대지,90,50,서울특별시 은평구 불광동 90-50,113803111006,서울특별시 은평구 연서로,333,8,1138010300100900050045305,,서울특별시 은평구 연서로 333-8,122851,03343,,,,126.928203551146,37.6254137819925
MA010120220811831735,청주양봉원,,G2,소매,G210,철물·건설자재 소매,G21099,기타 건설/건축자재 소매업,G47519,"페인트, 창호 및 기타 건설자재 소매업",43,충청북도,43113,청주시 흥덕구,43113770,강서2동,4311313400,송절동,4311313400103170002,1,대지,317,2,충청북도 청주시 흥덕구 송절동 317-2,431134855162,충청북도 청주시 흥덕구 송화로108번길,38,,4311313400103170002057462,,충청북도 청주시 흥덕구 송화로108번길 38,361540,28293,,,,127.448975463909,36.6627164933022
MA010120220811850903,바닥평정,,G2,소매,G210,철물·건설자재 소매,G21099,기타 건설/건축자재 소매업,G47519,"페인트, 창호 및 기타 건설자재 소매업",48,경상남도,48127,창원시 마산회원구,48127560,양덕1동,4812710500,양덕동,4812710500100200031,1,대지,20,31,경상남도 창원시 마산회원구 양덕동 20-31,481273019003,경상남도 창원시 마산회원구 팔용로,39,,4812710500100200031012117,,경상남도 창원시 마산회원구 팔용로 39,630809,51364,,1,,128.586919273781,35.2331906777108
MA010120220811856464,원탑이앤지,,G2,소매,G210,철물·건설자재 소매,G21099,기타 건설/건축자재 소매업,G47519,"페인트, 창호 및 기타 건설자재 소매업",11,서울특별시,11260,중랑구,11260540,면목4동,1126010100,면목동,1126010100115020002,1,대지,1502,2,서울특별시 중랑구 면목동 1502-2,112603005028,서울특별시 중랑구 용마산로,248,,1126010100115020002025299,외필지,서울특별시 중랑구 용마산로 248,131204,02257,,,,127.088490966943,37.5751992521578
MA010120220811864146,쑈군,,G2,소매,G210,철물·건설자재 소매,G21099,기타 건설/건축자재 소매업,G47519,"페인트, 창호 및 기타 건설자재 소매업",41,경기도,41220,평택시,41220630,비전2동,4122011800,비전동,4122011800107450014,1,대지,745,14,경기도 평택시 비전동 745-14,412204364246,경기도 평택시 비전로64번길,25,3,4122011800107450014017979,코너,경기도 평택시 비전로64번길 25-3,450152,17897,,1,,127.09770942214,36.9936796384863
MA010120220811844120,동민산업,,G2,소매,G210,철물·건설자재 소매,G21099,기타 건설/건축자재 소매업,G47519,"페인트, 창호 및 기타 건설자재 소매업",47,경상북도,47210,영주시,47210560,영주2동,4721010100,영주동,4721010100105100002,1,대지,510,2,경상북도 영주시 영주동 510-2,472103309036,경상북도 영주시 선비로,230,,4721010100105100002007104,,경상북도 영주시 선비로 230,750910,36099,,1,,128.617279197962,36.8246852596191
MA010120220811857057,아루홈케어,,G2,소매,G210,철물·건설자재 소매,G21099,기타 건설/건축자재 소매업,G47519,"페인트, 창호 및 기타 건설자재 소매업",31,울산광역시,31140,남구,31140560,달동,3114010500,달동,3114010500105670008,1,대지,567,8,울산광역시 남구 달동 567-8,311403169026,울산광역시 남구 번영로,183,,3114010500105670008012293,청강빌딩,울산광역시 남구 번영로 183,680801,44695,,4,,129.325929774812,35.5413238767896
MA010120220811869594,삼보상사,,G2,소매,G210,철물·건설자재 소매,G21099,기타 건설/건축자재 소매업,G47519,"페인트, 창호 및 기타 건설자재 소매업",48,경상남도,48820,고성군,48820250,고성읍,4882025036,고성읍,4882025036110540000,1,대지,1054,,경상남도 고성군 고성읍 이당리 1054,488204826505,경상남도 고성군 고성읍 이당6길,247,,4882025036110540000000001,,경상남도 고성군 고성읍 이당6길 247,638815,52933,,,,128.259596927434,34.9839122067008
MA010120220811869604,케이엘,,G2,소매,G210,철물·건설자재 소매,G21099,기타 건설/건축자재 소매업,G47519,"페인트, 창호 및 기타 건설자재 소매업",41,경기도,41610,광주시,41610580,오포1동,4161011800,추자동,4161011800100520006,1,대지,52,6,경기도 광주시 추자동 52-6,416104433372,경기도 광주시 오포로871번길,88,,4161025025100520006039012,,경기도 광주시 오포로871번길 88,464891,12790,,,,127.222068732281,37.3682060149038
MA010120220811872575,지오패널,,G2,소매,G210,철물·건설자재 소매,G21099,기타 건설/건축자재 소매업,G47519,"페인트, 창호 및 기타 건설자재 소매업",41,경기도,41480,파주시,41480520,금촌2동,4148010100,금촌동,4148010100109900003,1,대지,990,3,경기도 파주시 금촌동 990-3,414803206160,경기도 파주시 금빛로,12,,4148010100109900003006338,삼성프라자,경기도 파주시 금빛로 12,413826,10915,,,,126.767214971501,37.7511263310671
MA010120220811866927,부모사랑,,G2,소매,G210,철물·건설자재 소매,G21099,기타 건설/건축자재 소매업,G47519,"페인트, 창호 및 기타 건설자재 소매업",41,경기도,41390,시흥시,41390630,연성동,4139011900,하중동,4139011900108300004,1,대지,830,4,경기도 시흥시 하중동 830-4,413904397646,경기도 시흥시 하중로136번길,14,,4139011900108300004011183,,경기도 시흥시 하중로136번길 14,429251,14975,,,,126.79945634399,37.3991225089807
MA010120220811574885,동원건재,,G2,소매,G210,철물·건설자재 소매,G21099,기타 건설/건축자재 소매업,G47519,"페인트, 창호 및 기타 건설자재 소매업",26,부산광역시,26410,금정구,26410670,남산동,2641010400,남산동,2641010400104850008,1,대지,485,8,부산광역시 금정구 남산동 485-8,264103130022,부산광역시 금정구 금강로,607,,2641010400104850008027927,,부산광역시 금정구 금강로 607,609813,46226,,,,129.087745498725,35.261623187263
MA010120220811577725,대성샷시,,G2,소매,G210,철물·건설자재 소매,G21099,기타 건설/건축자재 소매업,G47519,"페인트, 창호 및 기타 건설자재 소매업",26,부산광역시,26710,기장군,26710256,정관읍,2671025623,정관읍,2671025623104230002,1,대지,423,2,부산광역시 기장군 정관읍 임곡리 423-2,267102000011,부산광역시 기장군 정관읍 웅상대로,550,30,2671025623104230002000001,,부산광역시 기장군 정관읍 웅상대로 550-30,619962,46001,,,,129.137066145987,35.3523073743457
MA010120220811583043,영남산업양산영업소,,G2,소매,G210,철물·건설자재 소매,G21099,기타 건설/건축자재 소매업,G47519,"페인트, 창호 및 기타 건설자재 소매업",48,경상남도,48330,양산시,48330515,양주동,4833010200,남부동,4833010200104610002,1,대지,461,2,경상남도 양산시 남부동 461-2,483304814111,경상남도 양산시 남부6길,1,,4833010200104610002056737,,경상남도 양산시 남부6길 1,626010,50622,,,,129.037567219021,35.3391846170113
MA010120220811561706,서준종합상사,,G2,소매,G210,철물·건설자재 소매,G21099,기타 건설/건축자재 소매업,G47519,"페인트, 창호 및 기타 건설자재 소매업",31,울산광역시,31110,중구,31110620,병영1동,3111011500,남외동,3111011500105720002,1,대지,572,2,울산광역시 중구 남외동 572-2,311103169026,울산광역시 중구 번영로,631,1,3111011500105720002007120,,울산광역시 중구 번영로 631-1,681800,44487,,3,,129.350589117241,35.5706883607392
MA010120220811569575,국제샷시,,G2,소매,G210,철물·건설자재 소매,G21099,기타 건설/건축자재 소매업,G47519,"페인트, 창호 및 기타 건설자재 소매업",26,부산광역시,26410,금정구,26410680,구서1동,2641010700,구서동,2641010700104610025,1,대지,461,25,부산광역시 금정구 구서동 461-25,264103130022,부산광역시 금정구 금강로,411,,2641010700104610018027763,,부산광역시 금정구 금강로 411,609806,46245,,,,129.087931242316,35.2444531798912
MA010120220811553193,삼일문집,,G2,소매,G210,철물·건설자재 소매,G21099,기타 건설/건축자재 소매업,G47519,"페인트, 창호 및 기타 건설자재 소매업",31,울산광역시,31710,울주군,31710253,언양읍,3171025330,언양읍,3171025330102530003,1,대지,253,3,울산광역시 울주군 언양읍 동부리 253-3,317104319265,울산광역시 울주군 언양읍 동문길,43,,3171025330102530003014403,,울산광역시 울주군 언양읍 동문길 43,689804,44941,,,,129.125208789044,35.5670258959871
MA010120220811568356,천혜건설,,G2,소매,G210,철물·건설자재 소매,G21099,기타 건설/건축자재 소매업,G47519,"페인트, 창호 및 기타 건설자재 소매업",26,부산광역시,26410,금정구,26410590,부곡3동,2641010600,오륜동,2641010600106710001,1,대지,671,1,부산광역시 금정구 오륜동 671-1,264103135043,부산광역시 금정구 오륜대로,123,,2641010600106710001000001,,부산광역시 금정구 오륜대로 123,609323,46255,,,,129.102458377155,35.2480674809165
MA010120220811635503,미래물산주,,G2,소매,G210,철물·건설자재 소매,G21099,기타 건설/건축자재 소매업,G47519,"페인트, 창호 및 기타 건설자재 소매업",26,부산광역시,26410,금정구,26410635,선두구동,2641010100,두구동,2641010100104610000,1,대지,461,,부산광역시 금정구 두구동 461,264104205297,부산광역시 금정구 수내1길23번길,36,,2641010100104610000022567,,부산광역시 금정구 수내1길23번길 36,609370,46208,,,,129.113683332669,35.2919735241842
MA010120220811641216,동감디앤씨,,G2,소매,G210,철물·건설자재 소매,G21099,기타 건설/건축자재 소매업,G47519,"페인트, 창호 및 기타 건설자재 소매업",26,부산광역시,26350,해운대구,26350510,우1동,2635010500,우동,2635010500107600003,1,대지,760,3,부산광역시 해운대구 우동 760-3,263503133043,부산광역시 해운대구 해운대해변로,203,,2635010500107600003015156,오션타워,부산광역시 해운대구 해운대해변로 203,612726,48093,,,,129.153804656745,35.1587895718963
MA010120220811615114,현대풀,,G2,소매,G210,철물·건설자재 소매,G21099,기타 건설/건축자재 소매업,G47519,"페인트, 창호 및 기타 건설자재 소매업",26,부산광역시,26410,금정구,26410555,금사회동동,2641011200,회동동,2641011200101970046,1,대지,197,46,부산광역시 금정구 회동동 197-46,264104205460,부산광역시 금정구 회천로13번길,32,4,2641011200101970046011637,,부산광역시 금정구 회천로13번길 32-4,609845,46261,,,,129.114813976264,35.226395933405
MA010120220811612445,신양산건재상사,,G2,소매,G210,철물·건설자재 소매,G21099,기타 건설/건축자재 소매업,G47519,"페인트, 창호 및 기타 건설자재 소매업",48,경상남도,48330,양산시,48330520,삼성동,4833010700,북정동,4833010700109070002,1,대지,907,2,경상남도 양산시 북정동 907-2,483303338053,경상남도 양산시 신기로,65,,4833010600109070002063944,,경상남도 양산시 신기로 65,626110,50572,,,,129.0441297266,35.3565198598402
MA010120220811626101,성림상사,,G2,소매,G210,철물·건설자재 소매,G21099,기타 건설/건축자재 소매업,G47519,"페인트, 창호 및 기타 건설자재 소매업",48,경상남도,48330,양산시,48330340,하북면,4833034025,하북면,4833034025101010001,1,대지,101,1,경상남도 양산시 하북면 삼수리 101-1,483303338101,경상남도 양산시 하북면 충렬로,1574,,4833034025101010001000001,,경상남도 양산시 하북면 충렬로 1574,626861,50505,,1,,129.079983987148,35.4740543746155
MA010120220811629310,동해이피에스,,G2,소매,G210,철물·건설자재 소매,G21099,기타 건설/건축자재 소매업,G47519,"페인트, 창호 및 기타 건설자재 소매업",11,서울특별시,11500,강서구,11500605,가양3동,1150010400,가양동,1150010400104490021,1,대지,449,21,서울특별시 강서구 가양동 449-21,115003115008,서울특별시 강서구 양천로,551,24,1150010400104490021000001,한화비즈메트로2차,서울특별시 강서구 양천로 551-24,157804,07532,,,,126.861956173643,37.558870724041
MA010120220811679608,금강건축,,G2,소매,G210,철물·건설자재 소매,G21099,기타 건설/건축자재 소매업,G47519,"페인트, 창호 및 기타 건설자재 소매업",48,경상남도,48250,김해시,48250540,내외동,4825010900,외동,4825010900107020002,1,대지,702,2,경상남도 김해시 외동 702-2,482504805122,경상남도 김해시 금관대로1183번길,13,5,4825010900107020002084782,,경상남도 김해시 금관대로1183번길 13-5,621920,50894,,1,,128.852234335889,35.2336200807801
MA010120220811720515,에이치제이케이인프라,,G2,소매,G210,철물·건설자재 소매,G21099,기타 건설/건축자재 소매업,G47519,"페인트, 창호 및 기타 건설자재 소매업",41,경기도,41113,수원시 권선구,41113560,서둔동,4111313100,서둔동,4111313100102600053,1,대지,260,53,경기도 수원시 권선구 서둔동 260-53,411134325384,경기도 수원시 권선구 여기산로16번길,15,,4111313100102600053026904,,경기도 수원시 권선구 여기산로16번길 15,441857,16428,,1,,126.979444209708,37.2789311058015
MA010120220811734733,백석종합공사,,G2,소매,G210,철물·건설자재 소매,G21099,기타 건설/건축자재 소매업,G47519,"페인트, 창호 및 기타 건설자재 소매업",44,충청남도,44133,천안시 서북구,44133256,직산읍,4413325632,직산읍,4413325632101240002,1,대지,124,2,충청남도 천안시 서북구 직산읍 신갈리 124-2,441334550427,충청남도 천안시 서북구 직산읍 신갈1길,37,,4413325632101240002040890,,충청남도 천안시 서북구 직산읍 신갈1길 37,331814,31029,,,,127.111076988684,36.8619190890479
MA010120220812898702,삼도산업,,G2,소매,G210,철물·건설자재 소매,G21099,기타 건설/건축자재 소매업,G47519,"페인트, 창호 및 기타 건설자재 소매업",46,전라남도,46840,무안군,46840256,삼향읍,4684025624,삼향읍,4684025624120070003,1,대지,2007,3,전라남도 무안군 삼향읍 맥포리 2007-3,468404688012,전라남도 무안군 삼향읍 계두길,88,38,4684025624120070003000001,,전라남도 무안군 삼향읍 계두길 88-38,534824,58562,,,,126.480189293272,34.8364860182258
MA010120220812878265,건아판넬,,G2,소매,G210,철물·건설자재 소매,G21099,기타 건설/건축자재 소매업,G47519,"페인트, 창호 및 기타 건설자재 소매업",48,경상남도,48170,진주시,48170350,진성면,4817035025,진성면,4817035025106630001,1,대지,663,1,경상남도 진주시 진성면 천곡리 663-1,481703332019,경상남도 진주시 진성면 동부로,1530,,4817035025106630001030644,,경상남도 진주시 진성면 동부로 1530,660853,52623,,1,,128.241907969912,35.1884277602866
MA010120220812944237,홍창상사,,G2,소매,G210,철물·건설자재 소매,G21099,기타 건설/건축자재 소매업,G47519,"페인트, 창호 및 기타 건설자재 소매업",41,경기도,41220,평택시,41220256,포승읍,4122025624,포승읍,4122025624103110009,1,대지,311,9,경기도 평택시 포승읍 만호리 311-9,412203188123,경기도 평택시 포승읍 평택항로,1,11,4122025624103110009050019,,경기도 평택시 포승읍 평택항로 1-11,451821,17962,,,,126.853160700642,36.9615143631284
MA010120220812833848,제이엘컴퍼니,,G2,소매,G210,철물·건설자재 소매,G21099,기타 건설/건축자재 소매업,G47519,"페인트, 창호 및 기타 건설자재 소매업",27,대구광역시,27110,중구,27110650,남산2동,2711015600,남산동,2711015600102740007,1,대지,274,7,대구광역시 중구 남산동 274-7,271102007002,대구광역시 중구 달구벌대로,2038,,2711015600102740007024207,,대구광역시 중구 달구벌대로 2038,700831,41964,,2,,128.5867306439,35.8659536261111
MA010120220812823043,테라스,,G2,소매,G210,철물·건설자재 소매,G21099,기타 건설/건축자재 소매업,G47519,"페인트, 창호 및 기타 건설자재 소매업",41,경기도,41113,수원시 권선구,41113690,곡선동,4111313600,곡반정동,4111313600105160009,1,대지,516,9,경기도 수원시 권선구 곡반정동 516-9,411134325192,경기도 수원시 권선구 동수원로146번길,13,,4111313600105160009029625,,경기도 수원시 권선구 동수원로146번길 13,441400,16667,,2,,127.031050242898,37.243382688917
MA010120220812849834,페블제주,,G2,소매,G210,철물·건설자재 소매,G21099,기타 건설/건축자재 소매업,G47519,"페인트, 창호 및 기타 건설자재 소매업",50,제주특별자치도,50130,서귀포시,50130253,남원읍,5013025325,남원읍,5013025325108800000,1,대지,880,,제주특별자치도 서귀포시 남원읍 의귀리 880,501303349229,제주특별자치도 서귀포시 남원읍 남조로,296,13,5013025325108800000000001,,제주특별자치도 서귀포시 남원읍 남조로 296-13,699942,63618,,,,126.720252000553,33.3052377029418
MA010120220812862329,지에스케이개발,,G2,소매,G210,철물·건설자재 소매,G21099,기타 건설/건축자재 소매업,G47519,"페인트, 창호 및 기타 건설자재 소매업",11,서울특별시,11650,서초구,11650652,양재2동,1165010200,양재동,1165010200102790005,1,대지,279,5,서울특별시 서초구 양재동 279-5,116504163489,서울특별시 서초구 언남17길,5,,1165010200102790005002859,명성빌딩,서울특별시 서초구 언남17길 5,137895,06775,,2,,127.045481054451,37.4754286561075
MA010120220812807710,진성스치로폴,,G2,소매,G210,철물·건설자재 소매,G21099,기타 건설/건축자재 소매업,G47519,"페인트, 창호 및 기타 건설자재 소매업",46,전라남도,46110,목포시,46110660,유달동,4611015500,금화동,4611015500100030118,1,대지,3,118,전라남도 목포시 금화동 3-118,461103281042,전라남도 목포시 서산로,4,1,4611015500100030118028177,,전라남도 목포시 서산로 4-1,530050,58756,,,,126.379292492082,34.7812894384471
MA010120220812860384,영남스티로폼,,G2,소매,G210,철물·건설자재 소매,G21099,기타 건설/건축자재 소매업,G47519,"페인트, 창호 및 기타 건설자재 소매업",27,대구광역시,27710,달성군,27710256,다사읍,2771025625,다사읍,2771025625100160000,1,대지,16,,대구광역시 달성군 다사읍 서재리 16,277104244372,대구광역시 달성군 다사읍 서재로36길,17,9,2771025625100160000000001,,대구광역시 달성군 다사읍 서재로36길 17-9,711813,42925,,,,128.498846664303,35.8793291647516
MA010120220812895677,대성농공,,G2,소매,G210,철물·건설자재 소매,G21099,기타 건설/건축자재 소매업,G47519,"페인트, 창호 및 기타 건설자재 소매업",48,경상남도,48170,진주시,48170730,판문동,4817012600,평거동,4817012600107230008,1,대지,723,8,경상남도 진주시 평거동 723-8,481704797205,경상남도 진주시 진양호로111번길,14,,4817012600107230008205117,순화메인씨티빌,경상남도 진주시 진양호로111번길 14,660991,52649,,,,128.051357817194,35.1686638309484
MA010120220812937643,늘찬G&S,,G2,소매,G210,철물·건설자재 소매,G21099,기타 건설/건축자재 소매업,G47519,"페인트, 창호 및 기타 건설자재 소매업",48,경상남도,48170,진주시,48170678,하대동,4817012000,하대동,4817012000100700002,1,대지,70,2,경상남도 진주시 하대동 70-2,481704796728,경상남도 진주시 상대로69번길,8,,4817012000100700002011792,,경상남도 진주시 상대로69번길 8,660994,52776,,,,128.120153615866,35.1852349294845
MA010120220812785248,효성상사,,G2,소매,G210,철물·건설자재 소매,G21099,기타 건설/건축자재 소매업,G47519,"페인트, 창호 및 기타 건설자재 소매업",41,경기도,41273,안산시 단원구,41273545,원곡동,4127310800,원곡동,4127310800109940006,1,대지,994,6,경기도 안산시 단원구 원곡동 994-6,412733191083,경기도 안산시 단원구 풍전로,37,9,4127310800109940006013056,트리플렉스에이단지,경기도 안산시 단원구 풍전로 37-9,425850,15431,,,,126.788663259725,37.325327739093
MA010120220812852669,오앤컴퍼니,,G2,소매,G210,철물·건설자재 소매,G21099,기타 건설/건축자재 소매업,N75999,그 외 기타 분류 안된 사업 지원 서비스업,41,경기도,41465,용인시 수지구,41465530,신봉동,4146510500,신봉동,4146510500100250001,1,대지,25,1,경기도 용인시 수지구 신봉동 25-1,414653205014,경기도 용인시 수지구 신봉1로,62,,4146510500100250001028354,,경기도 용인시 수지구 신봉1로 62,448833,16815,,2,,127.078592676788,37.3226070634717
MA010120220812942289,유성건재,,G2,소매,G210,철물·건설자재 소매,G21099,기타 건설/건축자재 소매업,G47519,"페인트, 창호 및 기타 건설자재 소매업",11,서울특별시,11305,강북구,11305535,미아동,1130510100,미아동,1130510100102260001,1,대지,226,1,서울특별시 강북구 미아동 226-1,113054124113,서울특별시 강북구 도봉로53길,63,,1130510100102260001029598,,서울특별시 강북구 도봉로53길 63,142812,01126,,,,127.022123749015,37.6263976064846
MA010120220812865882,경진팀버,,G2,소매,G210,철물·건설자재 소매,G21099,기타 건설/건축자재 소매업,G47519,"페인트, 창호 및 기타 건설자재 소매업",28,인천광역시,28260,서구,28260561,석남3동,2826011000,석남동,2826011000104930000,1,대지,493,,인천광역시 서구 석남동 493,282603154071,인천광역시 서구 서달로,91,3,2826011000104930000005393,롯데우람아파트,인천광역시 서구 서달로 91-3,404823,22802,,,,126.677779881784,37.5065692357145
MA010120220812879534,1004몰딩도어,,G2,소매,G210,철물·건설자재 소매,G21099,기타 건설/건축자재 소매업,G47519,"페인트, 창호 및 기타 건설자재 소매업",46,전라남도,46110,목포시,46110645,삼학동,4611010200,산정동,4611010200113880000,1,대지,1388,,전라남도 목포시 산정동 1388,461103281058,전라남도 목포시 용당로,18,,4611010200113880000000001,,전라남도 목포시 용당로 18,530817,58745,,,,126.402352831874,34.7892199606485
MA010120220812923743,다원,,G2,소매,G210,철물·건설자재 소매,G21099,기타 건설/건축자재 소매업,G47519,"페인트, 창호 및 기타 건설자재 소매업",44,충청남도,44133,천안시 서북구,44133590,부성2동,4413310500,성성동,4413310500100900020,1,대지,90,20,충청남도 천안시 서북구 성성동 90-20,441334550335,충청남도 천안시 서북구 성성2길,59,7,4413310500100900020044240,,충청남도 천안시 서북구 성성2길 59-7,331300,31078,,,,127.130200779691,36.8441659510954
MA010120220812829516,오성상사,,G2,소매,G210,철물·건설자재 소매,G21099,기타 건설/건축자재 소매업,G47519,"페인트, 창호 및 기타 건설자재 소매업",46,전라남도,46130,여수시,46130810,주삼동,4613014000,해산동,4613014000100150001,1,대지,15,1,전라남도 여수시 해산동 15-1,461304646965,전라남도 여수시 해지길,30,,4613014000100150001055929,,전라남도 여수시 해지길 30,555130,59609,,,,127.645787362535,34.8003767010187
MA010120220812780352,영남화원,,G2,소매,G210,철물·건설자재 소매,G21099,기타 건설/건축자재 소매업,G47519,"페인트, 창호 및 기타 건설자재 소매업",31,울산광역시,31710,울주군,31710253,언양읍,3171025329,언양읍,3171025329107990001,1,대지,799,1,울산광역시 울주군 언양읍 직동리 799-1,317104319051,울산광역시 울주군 언양읍 고등골길,6,,3171025329107990001000001,,울산광역시 울주군 언양읍 고등골길 6,689807,44935,,1,,129.133064797294,35.5808900962124
MA010120220812861140,이피씨,,G2,소매,G210,철물·건설자재 소매,G21099,기타 건설/건축자재 소매업,G47519,"페인트, 창호 및 기타 건설자재 소매업",41,경기도,41463,용인시 기흥구,41463535,보라동,4146310600,지곡동,4146310600103060003,1,대지,306,3,경기도 용인시 기흥구 지곡동 306-3,414633204057,경기도 용인시 기흥구 지삼로,167,,4146310600103060003018426,,경기도 용인시 기흥구 지삼로 167,446904,17088,,,,127.133047102505,37.2427083182198
MA010120220813042020,다세움,,G2,소매,G210,철물·건설자재 소매,G21099,기타 건설/건축자재 소매업,G47519,"페인트, 창호 및 기타 건설자재 소매업",46,전라남도,46820,해남군,46820250,해남읍,4682025036,해남읍,4682025036103680001,1,대지,368,1,전라남도 해남군 해남읍 구교리 368-1,468203294021,전라남도 해남군 해남읍 중앙1로,236,,4682025036103680002000001,,전라남도 해남군 해남읍 중앙1로 236,536803,59029,,,,126.594747884801,34.5729680069227
MA010120220812984648,용산가설재,,G2,소매,G210,철물·건설자재 소매,G21099,기타 건설/건축자재 소매업,G47519,"페인트, 창호 및 기타 건설자재 소매업",47,경상북도,47900,예천군,47900370,유천면,4790037041,유천면,4790037041101090004,1,대지,109,4,경상북도 예천군 유천면 화지리 109-4,479003323007,경상북도 예천군 유천면 예성로,851,,4790037041101090003019084,,경상북도 예천군 유천면 예성로 851,757891,36840,,,,128.406801540444,36.6364939902693
MA010120220812966722,에스엠하나킹,,G2,소매,G210,철물·건설자재 소매,G21099,기타 건설/건축자재 소매업,G47519,"페인트, 창호 및 기타 건설자재 소매업",52,전북특별자치도,52113,전주시 덕진구,52113525,진북동,5211310200,진북동,5211310200110470028,1,대지,1047,28,전북특별자치도 전주시 덕진구 진북동 1047-28,521133266066,전북특별자치도 전주시 덕진구 전주천동로,338,,4511310200110470009006720,,전북특별자치도 전주시 덕진구 전주천동로 338,561856,54998,,,,127.13247695642,35.824655627456
MA010120220813094283,거복공영,,G2,소매,G210,철물·건설자재 소매,G21099,기타 건설/건축자재 소매업,G47519,"페인트, 창호 및 기타 건설자재 소매업",41,경기도,41590,화성시,41590590,동탄5동,4159013100,영천동,4159013100108460003,1,대지,846,3,경기도 화성시 영천동 846-3,415902348100,경기도 화성시 동탄대로,677,10,4159013100100990002000001,,경기도 화성시 동탄대로 677-10,445130,18468,,,,127.099886188769,37.2145021132462
MA010120220813006770,유진산업,,G2,소매,G210,철물·건설자재 소매,G21099,기타 건설/건축자재 소매업,G47519,"페인트, 창호 및 기타 건설자재 소매업",48,경상남도,48250,김해시,48250520,회현동,4825010400,봉황동,4825010400100260007,1,대지,26,7,경상남도 김해시 봉황동 26-7,482504805184,경상남도 김해시 김해대로2315번길,12,,4825010400100260007000001,,경상남도 김해시 김해대로2315번길 12,621040,50926,,,,128.879964180811,35.2272626281048
MA010120220812987224,케이제이스톤,,G2,소매,G210,철물·건설자재 소매,G21099,기타 건설/건축자재 소매업,G47519,"페인트, 창호 및 기타 건설자재 소매업",48,경상남도,48250,김해시,48250340,한림면,4825034025,한림면,4825034025107430001,1,대지,743,1,경상남도 김해시 한림면 용덕리 743-1,482504805597,경상남도 김해시 한림면 용덕로132번길,10,,4825034025110090000029740,,경상남도 김해시 한림면 용덕로132번길 10,621872,50853,,,,128.832899332556,35.2890672985691
MA010120220813232067,안전제일,,G2,소매,G210,철물·건설자재 소매,G21099,기타 건설/건축자재 소매업,G47519,"페인트, 창호 및 기타 건설자재 소매업",43,충청북도,43760,괴산군,43760400,소수면,4376040026,소수면,4376040026100040000,1,대지,4,,충청북도 괴산군 소수면 몽촌리 4,437603246047,충청북도 괴산군 소수면 원소로,518,,4376040026100040000000001,,충청북도 괴산군 소수면 원소로 518,367921,28040,,,,127.692292436782,36.857918453262
MA010120220813242191,리한물산,,G2,소매,G210,철물·건설자재 소매,G21099,기타 건설/건축자재 소매업,G47519,"페인트, 창호 및 기타 건설자재 소매업",11,서울특별시,11440,마포구,11440610,염리동,1144010900,염리동,1144010900100820016,1,대지,82,16,서울특별시 마포구 염리동 82-16,114404139376,서울특별시 마포구 숭문5길,8,17,1144010900100820016006327,,서울특별시 마포구 숭문5길 8-17,121872,04137,,지,,126.944912506691,37.548252737981
MA010120220813140291,서안엠디,,G2,소매,G210,철물·건설자재 소매,G21099,기타 건설/건축자재 소매업,G47519,"페인트, 창호 및 기타 건설자재 소매업",11,서울특별시,11680,강남구,11680640,역삼1동,1168010100,역삼동,1168010100106050010,1,대지,605,10,서울특별시 강남구 역삼동 605-10,116804166342,서울특별시 강남구 봉은사로24길,13,,1168010100106050010021946,,서울특별시 강남구 봉은사로24길 13,135907,06125,,5,,127.032889071274,37.5059499563349
MA010120220813178165,통큰외식산업,,G2,소매,G210,철물·건설자재 소매,G21099,기타 건설/건축자재 소매업,G47519,"페인트, 창호 및 기타 건설자재 소매업",51,강원특별자치도,51230,삼척시,51230510,남양동,5123012000,남양동,5123012000100080015,1,대지,8,15,강원특별자치도 삼척시 남양동 8-15,512303224030,강원특별자치도 삼척시 척주로,47,,4223012000100080015000001,송운주택,강원특별자치도 삼척시 척주로 47,245935,25922,,,,129.169292625347,37.4443509709368
MA010120220813260922,수성농자재,,G2,소매,G210,철물·건설자재 소매,G21099,기타 건설/건축자재 소매업,G47519,"페인트, 창호 및 기타 건설자재 소매업",47,경상북도,47130,경주시,47130370,강동면,4713037027,강동면,4713037027105000001,1,대지,500,1,경상북도 경주시 강동면 오금리 500-1,471304715862,경상북도 경주시 강동면 오금큰길,126,,4713037027105000002135277,,경상북도 경주시 강동면 오금큰길 126,780914,38033,,,,129.269052271792,35.9755399590968
MA010120220813264784,정도가설,,G2,소매,G210,철물·건설자재 소매,G21099,기타 건설/건축자재 소매업,G47519,"페인트, 창호 및 기타 건설자재 소매업",41,경기도,41590,화성시,41590587,동탄3동,4159011800,능동,4159011800110650003,1,대지,1065,3,경기도 화성시 능동 1065-3,415903012002,경기도 화성시 동탄원천로,360,,4159011800110650003000001,동탄푸르지오시티,경기도 화성시 동탄원천로 360,445320,18423,,13,,127.057415579602,37.2184408674534
MA010120220813288216,해원전력,,G2,소매,G210,철물·건설자재 소매,G21099,기타 건설/건축자재 소매업,G47519,"페인트, 창호 및 기타 건설자재 소매업",46,전라남도,46820,해남군,46820370,옥천면,4682037021,옥천면,4682037021108360000,1,대지,836,,전라남도 해남군 옥천면 영춘리 836,468203294030,전라남도 해남군 옥천면 해남로,352,4,4682037021108360000000001,,전라남도 해남군 옥천면 해남로 352-4,536824,59021,,,,126.64192868133,34.567021786864
MA010120220813208924,신우건축자재상사,,G2,소매,G210,철물·건설자재 소매,G21099,기타 건설/건축자재 소매업,G47519,"페인트, 창호 및 기타 건설자재 소매업",46,전라남도,46110,목포시,46110800,부흥동,4611016400,옥암동,4611016400110910008,1,대지,1091,8,전라남도 목포시 옥암동 1091-8,461102281004,전라남도 목포시 통일대로,108,1,4611016400110910008039368,,전라남도 목포시 통일대로 108-1,530847,58746,,,,126.435900446606,34.8014317562877
MA010120220813265721,원일창호,,G2,소매,G210,철물·건설자재 소매,G21099,기타 건설/건축자재 소매업,G47519,"페인트, 창호 및 기타 건설자재 소매업",26,부산광역시,26710,기장군,26710256,정관읍,2671025630,정관읍,2671025630109090001,1,대지,909,1,부산광역시 기장군 정관읍 예림리 909-1,267104220140,부산광역시 기장군 정관읍 서편길,29,1,2671032030109090001028795,,부산광역시 기장군 정관읍 서편길 29-1,619961,46020,,,,129.201567457582,35.3260712621027
MA010120220813130756,서진합판,,G2,소매,G210,철물·건설자재 소매,G21099,기타 건설/건축자재 소매업,G47519,"페인트, 창호 및 기타 건설자재 소매업",27,대구광역시,27200,남구,27200586,대명3동,2720010300,대명동,2720010300121330005,1,대지,2133,5,대구광역시 남구 대명동 2133-5,272003141013,대구광역시 남구 명덕로,92,,2720010300121330005013764,,대구광역시 남구 명덕로 92,705816,42402,,,,128.580467564311,35.8571869465962
MA010120220813434932,진성상사,,G2,소매,G210,철물·건설자재 소매,G21099,기타 건설/건축자재 소매업,G47519,"페인트, 창호 및 기타 건설자재 소매업",31,울산광역시,31710,울주군,31710250,온산읍,3171025032,온산읍,3171025032113370010,1,대지,1337,10,울산광역시 울주군 온산읍 덕신리 1337-10,317104319532,울산광역시 울주군 온산읍 서영남3길,6,,3171025032113370010001620,,울산광역시 울주군 온산읍 서영남3길 6,689894,45003,,,,129.305573845743,35.4393894076103
MA010120220813369815,제이엠산업,,G2,소매,G210,철물·건설자재 소매,G21099,기타 건설/건축자재 소매업,G47519,"페인트, 창호 및 기타 건설자재 소매업",41,경기도,41630,양주시,41630310,은현면,4163031023,은현면,4163031023103440001,1,대지,344,1,경기도 양주시 은현면 운암리 344-1,416304436473,경기도 양주시 은현면 운하로101번길,278,,4163031023103440001000001,,경기도 양주시 은현면 운하로101번길 278,482861,11426,,,,127.004399284049,37.8854906612291
MA010120220813429109,하성상사,,G2,소매,G210,철물·건설자재 소매,G21099,기타 건설/건축자재 소매업,G47519,"페인트, 창호 및 기타 건설자재 소매업",30,대전광역시,30110,동구,30110545,신인동,3011010200,인동,3011010200100520001,1,대지,52,1,대전광역시 동구 인동 52-1,301103010018,대전광역시 동구 충무로,185,,3011010200100520001029462,대전상가,대전광역시 동구 충무로 185,300827,34633,,,,127.436655268613,36.3217845103412
MA010120220813438686,원우C&C,,G2,소매,G210,철물·건설자재 소매,G21099,기타 건설/건축자재 소매업,G47519,"페인트, 창호 및 기타 건설자재 소매업",41,경기도,41273,안산시 단원구,41273545,원곡동,4127310800,원곡동,4127310800109940008,1,대지,994,8,경기도 안산시 단원구 원곡동 994-8,412733191083,경기도 안산시 단원구 풍전로,37,24,4127310800109940008000001,,경기도 안산시 단원구 풍전로 37-24,425850,15431,,,,126.788762256187,37.3262379572825
MA010120220813340833,마이패밀리,,G2,소매,G210,철물·건설자재 소매,G21099,기타 건설/건축자재 소매업,G47519,"페인트, 창호 및 기타 건설자재 소매업",41,경기도,41480,파주시,41480320,탄현면,4148032028,탄현면,4148032028105980002,1,대지,598,2,경기도 파주시 탄현면 금승리 598-2,414803206035,경기도 파주시 탄현면 방촌로,1041,,4148032028105980002028431,,경기도 파주시 탄현면 방촌로 1041,413843,10857,,,,126.736064084711,37.8254529229934
MA010120220813401526,호남건재사,,G2,소매,G210,철물·건설자재 소매,G21099,기타 건설/건축자재 소매업,G47519,"페인트, 창호 및 기타 건설자재 소매업",46,전라남도,46770,고흥군,46770250,고흥읍,4677025026,고흥읍,4677025026106230003,1,대지,623,3,전라남도 고흥군 고흥읍 남계리 623-3,467703289003,전라남도 고흥군 고흥읍 고흥로,1766,,4677025026106230003031408,,전라남도 고흥군 고흥읍 고흥로 1766,548802,59543,,,,127.28737867494,34.6073948980201
MA010120220813382889,더반디,,G2,소매,G210,철물·건설자재 소매,G21099,기타 건설/건축자재 소매업,G47519,"페인트, 창호 및 기타 건설자재 소매업",51,강원특별자치도,51720,홍천군,51720370,서면,5172037025,서면,5172037025100400000,1,대지,40,,강원특별자치도 홍천군 서면 대곡리 40,517203000143,강원특별자치도 홍천군 서면 한서로,2051,7,4272037025100400000000001,,강원특별자치도 홍천군 서면 한서로 2051-7,250852,25103,,,,127.665964472459,37.6240337938352
MA010120220813401809,탄화코르크,백화점,G2,소매,G210,철물·건설자재 소매,G21099,기타 건설/건축자재 소매업,G47519,"페인트, 창호 및 기타 건설자재 소매업",48,경상남도,48123,창원시 성산구,48123550,가음정동,4812313300,남양동,4812313300100380003,1,대지,38,3,경상남도 창원시 성산구 남양동 38-3,481234784020,경상남도 창원시 성산구 가음로85번길,10,,4812313300100380003027739,,경상남도 창원시 성산구 가음로85번길 10,642803,51488,,,,128.704307421507,35.2054320475858
MA010120220813404542,혁신종합건재,,G2,소매,G210,철물·건설자재 소매,G21099,기타 건설/건축자재 소매업,G47519,"페인트, 창호 및 기타 건설자재 소매업",43,충청북도,43770,음성군,43770330,맹동면,4377033028,맹동면,4377033028112220000,1,대지,1222,,충청북도 음성군 맹동면 두성리 1222,437704541736,충청북도 음성군 맹동면 용두1길,8,,4377033028112220000000001,,충청북도 음성군 맹동면 용두1길 8,369811,27738,,,,127.54522214955,36.9107579486737
MA010120220813360874,로몬드,,G2,소매,G210,철물·건설자재 소매,G21099,기타 건설/건축자재 소매업,G47519,"페인트, 창호 및 기타 건설자재 소매업",28,인천광역시,28237,부평구,28237592,청천2동,2823710400,청천동,2823710400100090072,1,대지,9,72,인천광역시 부평구 청천동 9-72,282373154066,인천광역시 부평구 마장로,468,,2823710400100090072000581,,인천광역시 부평구 마장로 468,403853,21311,,1,,126.704814856636,37.5198395524066
MA010120220813386206,디아이와이모노시스템,,G2,소매,G210,철물·건설자재 소매,G21099,기타 건설/건축자재 소매업,G47519,"페인트, 창호 및 기타 건설자재 소매업",36,세종특별자치시,36110,세종특별자치시,36110320,연동면,3611032021,연동면,3611032021100290028,1,대지,29,28,세종특별자치시 세종특별자치시 연동면 내판리 29-28,361103258069,세종특별자치시 세종특별자치시 연동면 청연로,584,,3611032021100290028000001,청연,세종특별자치시 세종특별자치시 연동면 청연로 584,339861,30068,,1,,127.326330415556,36.5567454186415
MA010120220813488072,토토건재상사,,G2,소매,G210,철물·건설자재 소매,G21099,기타 건설/건축자재 소매업,G47519,"페인트, 창호 및 기타 건설자재 소매업",48,경상남도,48125,창원시 마산합포구,48125640,합포동,4812511800,산호동,4812511800104890003,1,대지,489,3,경상남도 창원시 마산합포구 산호동 489-3,481254787801,경상남도 창원시 마산합포구 회원천북길,441,,4812511800104900003010737,,경상남도 창원시 마산합포구 회원천북길 441,631856,51726,,,,128.579632327261,35.2102955163343
MA010120220813532577,디아이,,G2,소매,G210,철물·건설자재 소매,G21099,기타 건설/건축자재 소매업,G47519,"페인트, 창호 및 기타 건설자재 소매업",26,부산광역시,26710,기장군,26710250,기장읍,2671025021,기장읍,2671025021103310013,1,대지,331,13,부산광역시 기장군 기장읍 동부리 331-13,267104220310,부산광역시 기장군 기장읍 차성로321번길,25,,2671025021103310013000001,,부산광역시 기장군 기장읍 차성로321번길 25,619905,46060,,2,,129.212118565103,35.247968141921
MA010120220813470600,전일건재사,,G2,소매,G210,철물·건설자재 소매,G21099,기타 건설/건축자재 소매업,G47519,"페인트, 창호 및 기타 건설자재 소매업",52,전북특별자치도,52770,순창군,52770250,순창읍,5277025022,순창읍,5277025022102070004,1,대지,207,4,전북특별자치도 순창군 순창읍 남계리 207-4,527703278043,전북특별자치도 순창군 순창읍 장류로,373,,4577025022002070004000366,,전북특별자치도 순창군 순창읍 장류로 373,595803,56035,,,,127.142976446299,35.3764757218904
MA010120220813608031,오성,,G2,소매,G210,철물·건설자재 소매,G21099,기타 건설/건축자재 소매업,G47519,"페인트, 창호 및 기타 건설자재 소매업",11,서울특별시,11710,송파구,11710650,잠실본동,1171010100,잠실동,1171010100103130002,1,대지,313,2,서울특별시 송파구 잠실동 313-2,117104169167,서울특별시 송파구 백제고분로14길,4,,1171010100103130002000627,정광빌딩,서울특별시 송파구 백제고분로14길 4,138866,05575,,,,127.083002376477,37.5053397204673
MA010120220813528182,몬스텍,,G2,소매,G210,철물·건설자재 소매,G21099,기타 건설/건축자재 소매업,G47519,"페인트, 창호 및 기타 건설자재 소매업",41,경기도,41463,용인시 기흥구,41463575,동백2동,4146311600,중동,4146311600108330000,1,대지,833,,경기도 용인시 기흥구 중동 833,414632203001,경기도 용인시 기흥구 동백죽전대로,444,,4146311600108330000017953,씨,경기도 용인시 기흥구 동백죽전대로 444,446765,17006,,,,127.15160126343,37.2779978497857
MA010120220813551008,경상투데이,,G2,소매,G210,철물·건설자재 소매,G21099,기타 건설/건축자재 소매업,G47519,"페인트, 창호 및 기타 건설자재 소매업",47,경상북도,47730,의성군,47730250,의성읍,4773025025,의성읍,4773025025101730005,1,대지,173,5,경상북도 의성군 의성읍 도서리 173-5,477304745475,경상북도 의성군 의성읍 중앙길,35,,4773025025101730005053297,,경상북도 의성군 의성읍 중앙길 35,769802,37343,,,,128.697340492249,36.3474739359462
MA010120220813622646,대일목공기성문,,G2,소매,G210,철물·건설자재 소매,G21099,기타 건설/건축자재 소매업,G47519,"페인트, 창호 및 기타 건설자재 소매업",52,전북특별자치도,52140,익산시,52140560,인화동,5214011000,인화동2가,5214011000100660036,1,대지,66,36,전북특별자치도 익산시 인화동2가 66-36,521404607392,전북특별자치도 익산시 목천로9길,26,,4514011000100660036085357,,전북특별자치도 익산시 목천로9길 26,570985,54675,,,,126.952760537817,35.9308417814182
MA010120220813528683,엔디,코리아,G2,소매,G210,철물·건설자재 소매,G21099,기타 건설/건축자재 소매업,G47519,"페인트, 창호 및 기타 건설자재 소매업",41,경기도,41610,광주시,41610259,곤지암읍,4161025932,곤지암읍,4161025932101640005,1,대지,164,5,경기도 광주시 곤지암읍 연곡리 164-5,416103012083,경기도 광주시 곤지암읍 광여로,509,20,4161025932101640005000001,엔디코리아,경기도 광주시 곤지암읍 광여로 509-20,464875,12722,,,,127.389664137242,37.369871988697
MA010120220813495871,대영테크,,G2,소매,G210,철물·건설자재 소매,G21099,기타 건설/건축자재 소매업,G47519,"페인트, 창호 및 기타 건설자재 소매업",47,경상북도,47150,김천시,47150320,남면,4715032023,남면,4715032023102610005,1,대지,261,5,경상북도 김천시 남면 송곡리 261-5,471502306002,경상북도 김천시 남면 영남대로,2905,,4715032023102610005000001,,경상북도 김천시 남면 영남대로 2905,740872,39665,,,,128.241432986032,36.0918058438141
MA010120220813482383,남용산업,,G2,소매,G210,철물·건설자재 소매,G21099,기타 건설/건축자재 소매업,G47519,"페인트, 창호 및 기타 건설자재 소매업",52,전북특별자치도,52210,김제시,52210450,금산면,5221045026,금산면,5221045026100260000,1,대지,26,,전북특별자치도 김제시 금산면 금성리 26,522103272042,전북특별자치도 김제시 금산면 수류로,557,22,4521045026100260000064893,,전북특별자치도 김제시 금산면 수류로 557-22,576963,54344,,,,127.040512186626,35.6893510148839
MA010120220813518487,기동우드,,G2,소매,G210,철물·건설자재 소매,G21099,기타 건설/건축자재 소매업,G47519,"페인트, 창호 및 기타 건설자재 소매업",41,경기도,41461,용인시 처인구,41461360,양지면,4146136021,양지면,4146136021104820002,1,대지,482,2,경기도 용인시 처인구 양지면 양지리 482-2,414612012012,경기도 용인시 처인구 양지면 중부대로,2227,,4146136021104820002032031,미니스탑,경기도 용인시 처인구 양지면 중부대로 2227,449823,17158,,,,127.28770999051,37.2336573900166
MA010120220813546380,보성제이아이,,G2,소매,G210,철물·건설자재 소매,G21099,기타 건설/건축자재 소매업,G47519,"페인트, 창호 및 기타 건설자재 소매업",47,경상북도,47230,영천시,47230510,동부동,4723010200,망정동,4723010200100080011,1,대지,8,11,경상북도 영천시 망정동 8-11,472304730450,경상북도 영천시 언하공단4길,5,,4723010200100080006007762,,경상북도 영천시 언하공단4길 5,770110,38829,,,,128.959286920765,35.9862266658585
MA010120220813552132,에벤에셀,,G2,소매,G210,철물·건설자재 소매,G21099,기타 건설/건축자재 소매업,G47519,"페인트, 창호 및 기타 건설자재 소매업",41,경기도,41150,의정부시,41150520,의정부2동,4115010100,의정부동,4115010100104790010,1,대지,479,10,경기도 의정부시 의정부동 479-10,411504343215,경기도 의정부시 시민로19번길,30,19,4115010100104790010012970,,경기도 의정부시 시민로19번길 30-19,480848,11673,,지,,127.037757260539,37.739718660107
MA010120220813774615,진우ENG,,G2,소매,G210,철물·건설자재 소매,G21099,기타 건설/건축자재 소매업,G47519,"페인트, 창호 및 기타 건설자재 소매업",26,부산광역시,26140,서구,26140660,남부민2동,2614012300,남부민동,2614012300102210002,1,대지,221,2,부산광역시 서구 남부민동 221-2,261404178431,부산광역시 서구 해돋이로84번길,12,3,2614012300102210002022671,,부산광역시 서구 해돋이로84번길 12-3,602802,49262,,,,129.021897012087,35.0864645767543
MA010120220813720357,가운석재,,G2,소매,G210,철물·건설자재 소매,G21099,기타 건설/건축자재 소매업,G47519,"페인트, 창호 및 기타 건설자재 소매업",46,전라남도,46170,나주시,46170360,다시면,4617036023,다시면,4617036023200940001,2,산,94,1,전라남도 나주시 다시면 가운리 산94-1,461703281095,전라남도 나주시 다시면 영산로,4836,,4617036023200940001057017,,전라남도 나주시 다시면 영산로 4836,520931,58279,,,,126.669977499137,35.0114776914154
MA010120220813766256,가야시스템,,G2,소매,G210,철물·건설자재 소매,G21099,기타 건설/건축자재 소매업,G47519,"페인트, 창호 및 기타 건설자재 소매업",41,경기도,41271,안산시 상록구,41271540,본오1동,4127110400,본오동,4127110400109700014,1,대지,970,14,경기도 안산시 상록구 본오동 970-14,412714370107,경기도 안산시 상록구 막고지3길,5,1,4127110400109700014008039,,경기도 안산시 상록구 막고지3길 5-1,426817,15574,,,,126.85669824925,37.2836126492114
MA010120220813644653,원스톤,,G2,소매,G210,철물·건설자재 소매,G21099,기타 건설/건축자재 소매업,G47519,"페인트, 창호 및 기타 건설자재 소매업",29,광주광역시,29155,남구,29155710,효덕동,2915510700,노대동,2915510700108130000,1,대지,813,,광주광역시 남구 노대동 813,291553161020,광주광역시 남구 효덕로,194,,2915510700106900001000001,,광주광역시 남구 효덕로 194,503320,61744,,,,126.900377970257,35.1021310843118
MA010120220813736292,유니스톤,,G2,소매,G210,철물·건설자재 소매,G21099,기타 건설/건축자재 소매업,G47519,"페인트, 창호 및 기타 건설자재 소매업",41,경기도,41173,안양시 동안구,41173559,인덕원동,4117310200,관양동,4117310200117460003,1,대지,1746,3,경기도 안양시 동안구 관양동 1746-3,411734349275,경기도 안양시 동안구 시민대로327번길,7,,4117310200117460003000001,대명글로벌비즈스퀘어,경기도 안양시 동안구 시민대로327번길 7,431062,14055,,8,,126.966119804141,37.3965396024215
MA010120220813772194,바른도어,,G2,소매,G210,철물·건설자재 소매,G21099,기타 건설/건축자재 소매업,G47519,"페인트, 창호 및 기타 건설자재 소매업",52,전북특별자치도,52111,전주시 완산구,52111702,삼천2동,5211113700,삼천동1가,5211113700106310005,1,대지,631,5,전북특별자치도 전주시 완산구 삼천동1가 631-5,521114598170,전북특별자치도 전주시 완산구 상거마4길,8,1,4511113700106310005025433,,전북특별자치도 전주시 완산구 상거마4길 8-1,560807,55089,,1,,127.120239761524,35.7968465457433
MA010120220813793118,온신산업,,G2,소매,G210,철물·건설자재 소매,G21099,기타 건설/건축자재 소매업,G47519,"페인트, 창호 및 기타 건설자재 소매업",41,경기도,41210,광명시,41210560,광명5동,4121010100,광명동,4121010100102460046,1,대지,246,46,경기도 광명시 광명동 246-46,412104361084,경기도 광명시 광화로38번길,2,,4121010100102460046005396,남양빌라,경기도 광명시 광화로38번길 2,423810,14294,,,,126.847664446357,37.474068788072
MA010120220813715141,대림방수철물,,G2,소매,G210,철물·건설자재 소매,G21099,기타 건설/건축자재 소매업,G47519,"페인트, 창호 및 기타 건설자재 소매업",11,서울특별시,11305,강북구,11305555,송천동,1130510100,미아동,1130510100103740041,1,대지,374,41,서울특별시 강북구 미아동 374-41,113053005042,서울특별시 강북구 솔샘로,335,,1130510100103740041022486,,서울특별시 강북구 솔샘로 335,142815,01179,,,,127.029381482992,37.6173320887304
MA010120220813715199,태광엔지니어링,,G2,소매,G210,철물·건설자재 소매,G21099,기타 건설/건축자재 소매업,G47519,"페인트, 창호 및 기타 건설자재 소매업",11,서울특별시,11560,영등포구,11560585,도림동,1156011800,도림동,1156011800100800035,1,대지,80,35,서울특별시 영등포구 도림동 80-35,115603118006,서울특별시 영등포구 도신로,127,,1156011800100800035027010,,서울특별시 영등포구 도신로 127,150829,07368,,1,,126.905875690235,37.508872330572
MA010120220813689441,점촌건재사,,G2,소매,G210,철물·건설자재 소매,G21099,기타 건설/건축자재 소매업,G47519,"페인트, 창호 및 기타 건설자재 소매업",47,경상북도,47280,문경시,47280570,점촌1동,4728010100,점촌동,4728010100103580002,1,대지,358,2,경상북도 문경시 점촌동 358-2,472803312031,경상북도 문경시 호서로,47,,4728010100103580002024576,,경상북도 문경시 호서로 47,745888,36969,,,,128.200371799611,36.5988982503449
MA010120220813708284,정인산업,,G2,소매,G210,철물·건설자재 소매,G21099,기타 건설/건축자재 소매업,G47519,"페인트, 창호 및 기타 건설자재 소매업",44,충청남도,44210,서산시,44210330,팔봉면,4421033029,팔봉면,4421033029108990003,1,대지,899,3,충청남도 서산시 팔봉면 진장리 899-3,442103254160,충청남도 서산시 팔봉면 팔봉2로,89,,4421033029108990003000001,,충청남도 서산시 팔봉면 팔봉2로 89,356984,31925,,,,126.360382330015,36.7791696115591
MA010120220813802046,금강이엔씨,,G2,소매,G210,철물·건설자재 소매,G21099,기타 건설/건축자재 소매업,G47519,"페인트, 창호 및 기타 건설자재 소매업",51,강원특별자치도,51130,원주시,51130620,태장2동,5113011200,태장동,5113011200117200022,1,대지,1720,22,강원특별자치도 원주시 태장동 1720-22,511304457606,강원특별자치도 원주시 태장공단길,42,1,4213011200117200022015160,,강원특별자치도 원주시 태장공단길 42-1,220962,26311,,,,127.947089282725,37.4048067542415
MA010120220813804592,명가,,G2,소매,G210,철물·건설자재 소매,G21099,기타 건설/건축자재 소매업,G47519,"페인트, 창호 및 기타 건설자재 소매업",41,경기도,41630,양주시,41630510,양주1동,4163010500,산북동,4163010500102270001,1,대지,227,1,경기도 양주시 산북동 227-1,416303215066,경기도 양주시 평화로,1182,19,4163010500102270001058847,,경기도 양주시 평화로 1182-19,482100,11498,,,,127.047959742085,37.7971334469288
MA010120220813866153,동명건축자재종합상사,,G2,소매,G210,철물·건설자재 소매,G21099,기타 건설/건축자재 소매업,G47519,"페인트, 창호 및 기타 건설자재 소매업",48,경상남도,48250,김해시,48250565,칠산서부동,4825011400,화목동,4825011400107140010,1,대지,714,10,경상남도 김해시 화목동 714-10,482503335061,경상남도 김해시 칠산로,421,,4825011400107140010099418,,경상남도 김해시 칠산로 421,621150,51006,,,,128.853378116173,35.2095407596425
MA010120220813903228,골드유통,,G2,소매,G210,철물·건설자재 소매,G21099,기타 건설/건축자재 소매업,G47519,"페인트, 창호 및 기타 건설자재 소매업",27,대구광역시,27170,서구,27170675,상중이동,2717010500,중리동,2717010500110920010,1,대지,1092,10,대구광역시 서구 중리동 1092-10,271704229286,대구광역시 서구 와룡로72길,55,10,2717010500110920010031288,골든라이프,대구광역시 서구 와룡로72길 55-10,703832,41842,,,,128.544007612625,35.8653659600721
MA010120220813914136,신안전기,,G2,소매,G210,철물·건설자재 소매,G21099,기타 건설/건축자재 소매업,G47519,"페인트, 창호 및 기타 건설자재 소매업",41,경기도,41220,평택시,41220320,서탄면,4122032023,서탄면,4122032023100410000,1,대지,41,,경기도 평택시 서탄면 수월암리 41,412204364353,경기도 평택시 서탄면 수월암1길,75,,4122032023100410000029328,,경기도 평택시 서탄면 수월암1길 75,451852,17704,,,,127.045699664923,37.1275294195159
MA010120220813891308,은성세라믹,,G2,소매,G210,철물·건설자재 소매,G21099,기타 건설/건축자재 소매업,G47519,"페인트, 창호 및 기타 건설자재 소매업",28,인천광역시,28260,서구,28260515,검암경서동,2826010400,경서동,2826010400103500226,1,대지,350,226,인천광역시 서구 경서동 350-226,282604268711,인천광역시 서구 호두산로58번길,22,5,2826010400103500226006866,,인천광역시 서구 호두산로58번길 22-5,404170,22745,,,,126.646887108956,37.5485214681499
MA010120220813934188,에코쿨루프이엔지,,G2,소매,G210,철물·건설자재 소매,G21099,기타 건설/건축자재 소매업,G47519,"페인트, 창호 및 기타 건설자재 소매업",41,경기도,41220,평택시,41220250,팽성읍,4122025042,팽성읍,4122025042100630001,1,대지,63,1,경기도 평택시 팽성읍 동창리 63-1,412204364142,경기도 평택시 팽성읍 동창길,41,17,4122025042100630001000001,,경기도 평택시 팽성읍 동창길 41-17,451802,17973,,,,127.032746751802,36.9696833940832
MA010120220813934672,예온,,G2,소매,G210,철물·건설자재 소매,G21099,기타 건설/건축자재 소매업,G47519,"페인트, 창호 및 기타 건설자재 소매업",46,전라남도,46110,목포시,46110595,목원동,4611010800,호남동,4611010800100070007,1,대지,7,7,전라남도 목포시 호남동 7-7,461104643339,전라남도 목포시 삼일로28번길,1,,4611010800100070007013198,,전라남도 목포시 삼일로28번길 1,530300,58722,,,,126.384567548088,34.7947650598569
MA010120220813853065,선경엔지니어링,,G2,소매,G210,철물·건설자재 소매,G21099,기타 건설/건축자재 소매업,G47519,"페인트, 창호 및 기타 건설자재 소매업",43,충청북도,43770,음성군,43770340,대소면,4377034028,대소면,4377034028103020002,1,대지,302,2,충청북도 음성군 대소면 미곡리 302-2,437704541637,충청북도 음성군 대소면 한삼로87번길,230,17,4377034028103020002000001,,충청북도 음성군 대소면 한삼로87번길 230-17,369822,27678,,,,127.475573895623,36.9381978579573
MA010120220813829333,네모,,G2,소매,G210,철물·건설자재 소매,G21099,기타 건설/건축자재 소매업,G47519,"페인트, 창호 및 기타 건설자재 소매업",11,서울특별시,11260,중랑구,11260575,면목3.8동,1126010100,면목동,1126010100100460015,1,대지,46,15,서울특별시 중랑구 면목동 46-15,112604118531,서울특별시 중랑구 용마산로94길,27,6,1126010100100460015018472,,서울특별시 중랑구 용마산로94길 27-6,131811,02189,,,,127.098595706186,37.5891025804321
MA010120220813917848,대일건축자재,,G2,소매,G210,철물·건설자재 소매,G21099,기타 건설/건축자재 소매업,G47519,"페인트, 창호 및 기타 건설자재 소매업",27,대구광역시,27170,서구,27170600,비산6동,2717010200,비산동,2717010200104570001,1,대지,457,1,대구광역시 서구 비산동 457-1,271704229093,대구광역시 서구 달서로27길,15,,2717010200104570001010116,,대구광역시 서구 달서로27길 15,703815,41790,,,,128.5694841033,35.874470771153
MA010120220813891645,와이에스종합안전,,G2,소매,G210,철물·건설자재 소매,G21099,기타 건설/건축자재 소매업,G47519,"페인트, 창호 및 기타 건설자재 소매업",28,인천광역시,28200,남동구,28200710,논현고잔동,2820011100,고잔동,2820011100106300000,1,대지,630,,인천광역시 남동구 고잔동 630,282003153061,인천광역시 남동구 은청로,4,7,2820011100106300000009826,,인천광역시 남동구 은청로 4-7,405727,21633,,,,126.693398664783,37.4069501649504
MA010120220813935247,대곶종합석재,,G2,소매,G210,철물·건설자재 소매,G21099,기타 건설/건축자재 소매업,G47519,"페인트, 창호 및 기타 건설자재 소매업",41,경기도,41570,김포시,41570340,대곶면,4157034033,대곶면,4157034033103710006,1,대지,371,6,경기도 김포시 대곶면 대명리 371-6,415703209038,경기도 김포시 대곶면 대명항로,599,,4157034033103710006000002,,경기도 김포시 대곶면 대명항로 599,415853,10042,,,,126.55482839855,37.6456697491941
MA010120220813929547,우리자재건설,,G2,소매,G210,철물·건설자재 소매,G21099,기타 건설/건축자재 소매업,G47519,"페인트, 창호 및 기타 건설자재 소매업",52,전북특별자치도,52111,전주시 완산구,52111714,효자4동,5211114100,효자동2가,5211114100113580001,1,대지,1358,1,전북특별자치도 전주시 완산구 효자동2가 1358-1,521114856555,전북특별자치도 전주시 완산구 효천천변길,20,,4511114100113580001000001,,전북특별자치도 전주시 완산구 효천천변길 20,560242,55079,,5,,127.102491173336,35.8022435277294
MA010120220813967706,이레건업,,G2,소매,G210,철물·건설자재 소매,G21099,기타 건설/건축자재 소매업,G47519,"페인트, 창호 및 기타 건설자재 소매업",41,경기도,41820,가평군,41820250,가평읍,4182025024,가평읍,4182025024103970000,1,대지,397,,경기도 가평군 가평읍 하색리 397,418204448259,경기도 가평군 가평읍 진동안길,61,9,4182025024103970000015390,,경기도 가평군 가평읍 진동안길 61-9,477806,12424,,,,127.491255349581,37.81066036312
MA010120220813924546,가화공간,,G2,소매,G210,철물·건설자재 소매,G21099,기타 건설/건축자재 소매업,G47519,"페인트, 창호 및 기타 건설자재 소매업",44,충청남도,44710,금산군,44710380,복수면,4471038028,복수면,4471038028104780004,1,대지,478,4,충청남도 금산군 복수면 신대리 478-4,447103000094,충청남도 금산군 복수면 복수로,740,7,4471038028104780004012233,,충청남도 금산군 복수면 복수로 740-7,312924,32701,,,,127.37880334499,36.2090810399471
MA010120220813822660,한미보온,,G2,소매,G210,철물·건설자재 소매,G21099,기타 건설/건축자재 소매업,G47519,"페인트, 창호 및 기타 건설자재 소매업",26,부산광역시,26440,강서구,26440520,대저2동,2644010200,대저2동,2644010200139180000,1,대지,3918,,부산광역시 강서구 대저2동 3918,264404208136,부산광역시 강서구 금호순서길7번길,100,,2644010200139180000030239,,부산광역시 강서구 금호순서길7번길 100,618808,46722,,,,128.956166130797,35.1592144895851
MA010120220813921467,붕익,,G2,소매,G210,철물·건설자재 소매,G21099,기타 건설/건축자재 소매업,G47519,"페인트, 창호 및 기타 건설자재 소매업",50,제주특별자치도,50110,제주시,50110670,외도동,5011012400,외도이동,5011012400119560002,1,대지,1956,2,제주특별자치도 제주시 외도이동 1956-2,501104848248,제주특별자치도 제주시 연대마을길,26,3,5011012400119560002000005,,제주특별자치도 제주시 연대마을길 26-3,690191,63068,,,,126.426585331716,33.494287109526
MA010120220813944212,라하상사,,G2,소매,G210,철물·건설자재 소매,G21099,기타 건설/건축자재 소매업,G47519,"페인트, 창호 및 기타 건설자재 소매업",28,인천광역시,28237,부평구,28237592,청천2동,2823710400,청천동,2823710400104250000,1,대지,425,,인천광역시 부평구 청천동 425,282372008008,인천광역시 부평구 부평대로,283,,2823710400104250000017195,부평우림라이온스밸리,인천광역시 부평구 부평대로 283,403911,21315,,2,,126.720105499514,37.5176332864301
MA010120220813936425,에스에이치,,G2,소매,G210,철물·건설자재 소매,G21099,기타 건설/건축자재 소매업,G47519,"페인트, 창호 및 기타 건설자재 소매업",46,전라남도,46150,순천시,46150620,중앙동,4615012000,남내동,4615012000100110000,1,대지,11,,전라남도 순천시 남내동 11,461503283014,전라남도 순천시 시민로,49,,4615012000100110000075907,,전라남도 순천시 시민로 49,540210,57942,,1,,127.485989337634,34.9541397574401
MA010120220813888143,제이샤워부스,,G2,소매,G210,철물·건설자재 소매,G21099,기타 건설/건축자재 소매업,G47519,"페인트, 창호 및 기타 건설자재 소매업",41,경기도,41610,광주시,41610560,광남1동,4161011300,목동,4161011300104200004,1,대지,420,4,경기도 광주시 목동 420-4,416104433192,경기도 광주시 목동길36번길,34,,4161011300104200007012622,,경기도 광주시 목동길36번길 34,464020,12770,,,,127.194394871289,37.3840767114024
MA010120220814010343,다원리미티드,,G2,소매,G210,철물·건설자재 소매,G21099,기타 건설/건축자재 소매업,G47519,"페인트, 창호 및 기타 건설자재 소매업",11,서울특별시,11680,강남구,11680521,논현1동,1168010800,논현동,1168010800101280007,1,대지,128,7,서울특별시 강남구 논현동 128-7,116803122011,서울특별시 강남구 학동로,170,,1168010800101280007006966,베터라이프빌딩,서울특별시 강남구 학동로 170,135823,06112,,,,127.029646063881,37.5133390526262
MA010120220814059357,아키디자인디앤씨,,G2,소매,G210,철물·건설자재 소매,G21099,기타 건설/건축자재 소매업,G47519,"페인트, 창호 및 기타 건설자재 소매업",11,서울특별시,11710,송파구,11710562,방이2동,1171011100,방이동,1171011100100220000,1,대지,22,,서울특별시 송파구 방이동 22,117103123023,서울특별시 송파구 올림픽로,336,,1171011100100220000016797,대우유토피아오피스텔,서울특별시 송파구 올림픽로 336,138827,05542,,16,,127.107457186727,37.5153932320046
MA010120220813998157,엠제이현관중문,,G2,소매,G210,철물·건설자재 소매,G21099,기타 건설/건축자재 소매업,R90199,그 외 기타 창작 및 예술관련 서비스업,26,부산광역시,26710,기장군,26710250,기장읍,2671025027,기장읍,2671025027101650001,1,대지,165,1,부산광역시 기장군 기장읍 청강리 165-1,267103140054,부산광역시 기장군 기장읍 청강로,71,,2671025027101650001000001,,부산광역시 기장군 기장읍 청강로 71,619906,46080,,1,,129.222085125502,35.2384318514622
MA010120220814070700,현대철강,,G2,소매,G210,철물·건설자재 소매,G21099,기타 건설/건축자재 소매업,G47519,"페인트, 창호 및 기타 건설자재 소매업",50,제주특별자치도,50110,제주시,50110660,노형동,5011012200,노형동,5011012200107610006,1,대지,761,6,제주특별자치도 제주시 노형동 761-6,501104848803,제주특별자치도 제주시 진군길,56,18,5011012200107610006062233,,제주특별자치도 제주시 진군길 56-18,690802,63089,,,,126.479718310789,33.47689547277
MA010120220814109208,제드산업,,G2,소매,G210,철물·건설자재 소매,G21099,기타 건설/건축자재 소매업,G47519,"페인트, 창호 및 기타 건설자재 소매업",44,충청남도,44131,천안시 동남구,44131580,청룡동,4413112000,구룡동,4413112000106160002,1,대지,616,2,충청남도 천안시 동남구 구룡동 616-2,441314547249,충청남도 천안시 동남구 배울1길,141,,4413112000106160002000001,,충청남도 천안시 동남구 배울1길 141,330080,31206,,,,127.137265973447,36.7635896263036
MA010120220814112711,코스톰스건축,,G2,소매,G210,철물·건설자재 소매,G21099,기타 건설/건축자재 소매업,G47519,"페인트, 창호 및 기타 건설자재 소매업",27,대구광역시,27290,달서구,27290563,죽전동,2729011200,죽전동,2729011200102630011,1,대지,263,11,대구광역시 달서구 죽전동 263-11,272904241428,대구광역시 달서구 와룡로43길,43,,2729011200102630011017300,,대구광역시 달서구 와룡로43길 43,704932,42633,,4,,128.534725633585,35.8519225690636
MA010120220814025444,가온상사,,G2,소매,G210,철물·건설자재 소매,G21099,기타 건설/건축자재 소매업,G47519,"페인트, 창호 및 기타 건설자재 소매업",41,경기도,41360,남양주시,41360256,화도읍,4136025630,화도읍,4136025630102130003,1,대지,213,3,경기도 남양주시 화도읍 차산리 213-3,413604391626,경기도 남양주시 화도읍 재재기로71번길,15,,4136025630102130003000001,,경기도 남양주시 화도읍 재재기로71번길 15,472847,12199,,,,127.303102795146,37.6285962038583
MA010120220814041572,장수석재,,G2,소매,G210,철물·건설자재 소매,G21099,기타 건설/건축자재 소매업,G47519,"페인트, 창호 및 기타 건설자재 소매업",52,전북특별자치도,52740,장수군,52740350,계남면,5274035024,계남면,5274035024107360003,1,대지,736,3,전북특별자치도 장수군 계남면 호덕리 736-3,527403276038,전북특별자치도 장수군 계남면 침곡로,3,,4574035024107360003000001,,전북특별자치도 장수군 계남면 침곡로 3,597831,55622,,,,127.584123083201,35.7162584171601
MA010120220814025475,안골하우스,,G2,소매,G210,철물·건설자재 소매,G21099,기타 건설/건축자재 소매업,G47519,"페인트, 창호 및 기타 건설자재 소매업",41,경기도,41150,의정부시,41150615,흥선동,4115011000,가능동,4115011000105780047,1,대지,578,47,경기도 의정부시 가능동 578-47,411503000136,경기도 의정부시 호국로,1106,,4115011000105780047011504,,경기도 의정부시 호국로 1106,480811,11658,,,,127.026628612401,37.7428480624455
MA010120220814086081,충남건재,,G2,소매,G210,철물·건설자재 소매,G21099,기타 건설/건축자재 소매업,G47519,"페인트, 창호 및 기타 건설자재 소매업",46,전라남도,46820,해남군,46820340,송지면,4682034026,송지면,4682034026102230000,1,대지,223,,전라남도 해남군 송지면 미야리 223,468204682248,전라남도 해남군 송지면 산정1길,10,,4682034026102230000000002,충남건재건축,전라남도 해남군 송지면 산정1길 10,536923,59063,,,,126.521788383768,34.372284532784
MA010120220814066904,한빛,,G2,소매,G210,철물·건설자재 소매,G21099,기타 건설/건축자재 소매업,G47519,"페인트, 창호 및 기타 건설자재 소매업",41,경기도,41192,부천시 원미구,41192640,중2동,4119210800,중동,4119210800111270003,1,대지,1127,3,경기도 부천시 원미구 중동 1127-3,411924352216,경기도 부천시 원미구 부흥로315번길,61,,4119510800111270003045274,내,경기도 부천시 원미구 부흥로315번길 61,420851,14582,,3,,126.776803972145,37.4970399736646
MA010120220811402127,비트,,G2,소매,G210,철물·건설자재 소매,G21099,기타 건설/건축자재 소매업,G47519,"페인트, 창호 및 기타 건설자재 소매업",26,부산광역시,26350,해운대구,26350530,중1동,2635010600,중동,2635010600113940056,1,대지,1394,56,부산광역시 해운대구 중동 1394-56,263504199235,부산광역시 해운대구 중동1로37번길,12,,2635010600113940056022026,,부산광역시 해운대구 중동1로37번길 12,612847,48095,,,,129.163941329952,35.1624297006726
MA010120220811367681,한신건자재,,G2,소매,G210,철물·건설자재 소매,G21099,기타 건설/건축자재 소매업,G47519,"페인트, 창호 및 기타 건설자재 소매업",11,서울특별시,11545,금천구,11545700,시흥4동,1154510300,시흥동,1154510300101700016,1,대지,170,16,서울특별시 금천구 시흥동 170-16,115454151072,서울특별시 금천구 독산로24마길,17,,1154510300101700016002911,,서울특별시 금천구 독산로24마길 17,153840,08572,,2,,126.908384785431,37.45477774676
MA010120220811393422,용호건재,,G2,소매,G210,철물·건설자재 소매,G21099,기타 건설/건축자재 소매업,G47519,"페인트, 창호 및 기타 건설자재 소매업",26,부산광역시,26290,남구,26290590,용호3동,2629010700,용호동,2629010700100870019,1,대지,87,19,부산광역시 남구 용호동 87-19,262904193230,부산광역시 남구 용호로123번길,80,,2629010700100870019008870,,부산광역시 남구 용호로123번길 80,608831,48577,,,,129.114753545808,35.1236659739718
MA010120220811451814,보유산업,,G2,소매,G210,철물·건설자재 소매,G21099,기타 건설/건축자재 소매업,G47519,"페인트, 창호 및 기타 건설자재 소매업",47,경상북도,47113,포항시 북구,47113330,송라면,4711333024,송라면,4711333024100410039,1,대지,41,39,경상북도 포항시 북구 송라면 광천리 41-39,471134712015,경상북도 포항시 북구 송라면 광천길,8,,4711333024100410039007816,,경상북도 포항시 북구 송라면 광천길 8,791862,37511,,,,129.358204447482,36.2275910199782
MA010120220811422739,남천건재,,G2,소매,G210,철물·건설자재 소매,G21099,기타 건설/건축자재 소매업,G47519,"페인트, 창호 및 기타 건설자재 소매업",26,부산광역시,26500,수영구,26500660,남천1동,2650010500,남천동,2650010500100740041,1,대지,74,41,부산광역시 수영구 남천동 74-41,265003131037,부산광역시 수영구 수영로,403,,2650010500100740041020196,,부산광역시 수영구 수영로 403,613816,48317,,,,129.107864278266,35.1423408336688
MA010120220811474809,도성기업사,,G2,소매,G210,철물·건설자재 소매,G21099,기타 건설/건축자재 소매업,G47519,"페인트, 창호 및 기타 건설자재 소매업",26,부산광역시,26710,기장군,26710250,기장읍,2671025030,기장읍,2671025030105650000,1,대지,565,,부산광역시 기장군 기장읍 만화리 565,267103130026,부산광역시 기장군 기장읍 반송로,1350,,2671025030103160000000001,,부산광역시 기장군 기장읍 반송로 1350,619901,46052,,,,129.193040166675,35.2517217837594
MA010120220811480890,반여페인트,,G2,소매,G210,철물·건설자재 소매,G21099,기타 건설/건축자재 소매업,G47519,"페인트, 창호 및 기타 건설자재 소매업",26,부산광역시,26350,해운대구,26350590,반여3동,2635010300,반여동,2635010300116090019,1,대지,1609,19,부산광역시 해운대구 반여동 1609-19,263503133035,부산광역시 해운대구 재반로,245,1,2635010300116090019009271,연립아파트,부산광역시 해운대구 재반로 245-1,612817,48024,,,,129.13120242271,35.1992183361751
MA010120220811481552,동명테크,,G2,소매,G210,철물·건설자재 소매,G21099,기타 건설/건축자재 소매업,G47519,"페인트, 창호 및 기타 건설자재 소매업",47,경상북도,47210,영주시,47210630,가흥2동,4721010500,가흥동,4721010500116080007,1,대지,1608,7,경상북도 영주시 가흥동 1608-7,472104727724,경상북도 영주시 대학로262번길,29,16,4721010500116080007000001,,경상북도 영주시 대학로262번길 29-16,750022,36136,,,,128.608389391219,36.819760223114
MA010120220811524416,더존샤시,,G2,소매,G210,철물·건설자재 소매,G21099,기타 건설/건축자재 소매업,G47519,"페인트, 창호 및 기타 건설자재 소매업",31,울산광역시,31170,동구,31170510,방어동,3117010100,방어동,3117010100100740007,1,대지,74,7,울산광역시 동구 방어동 74-7,311702011001,울산광역시 동구 방어진순환도로,551,,3117010100100740007003824,,울산광역시 동구 방어진순환도로 551,682803,44090,,,,129.426010421366,35.491226339454
MA010120220811536259,대양상사,,G2,소매,G210,철물·건설자재 소매,G21099,기타 건설/건축자재 소매업,G47519,"페인트, 창호 및 기타 건설자재 소매업",31,울산광역시,31200,북구,31200560,효문동,3120012100,진장동,3120012100105970003,1,대지,597,3,울산광역시 북구 진장동 597-3,312004316331,울산광역시 북구 진장7길,26,,3120012100105970003000002,,울산광역시 북구 진장7길 26,683360,44251,,,,129.360541663271,35.5659705154773
MA010120220811513448,형제건업,,G2,소매,G210,철물·건설자재 소매,G21099,기타 건설/건축자재 소매업,G47519,"페인트, 창호 및 기타 건설자재 소매업",31,울산광역시,31200,북구,31200560,효문동,3120012300,효문동,3120012300100330003,1,대지,33,3,울산광역시 북구 효문동 33-3,312004316262,울산광역시 북구 율동6길,14,,3120012300100330003000001,,울산광역시 북구 율동6길 14,683360,44246,,,,129.378729481111,35.5601074358016
MA010120220811536511,동해골재,,G2,소매,G210,철물·건설자재 소매,G21099,기타 건설/건축자재 소매업,G47519,"페인트, 창호 및 기타 건설자재 소매업",31,울산광역시,31170,동구,31170520,일산동,3117010300,일산동,3117010300109430003,1,대지,943,3,울산광역시 동구 일산동 943-3,311704313202,울산광역시 동구 일산진2길,11,2,3117010300109430003000001,,울산광역시 동구 일산진2길 11-2,682810,44056,,1,,129.430203137229,35.5009362622447
MA010120220811218946,광진창호,,G2,소매,G210,철물·건설자재 소매,G21099,기타 건설/건축자재 소매업,G47519,"페인트, 창호 및 기타 건설자재 소매업",48,경상남도,48840,남해군,48840250,남해읍,4884025024,남해읍,4884025024107900009,1,대지,790,9,경상남도 남해군 남해읍 차산리 790-9,488402343003,경상남도 남해군 남해읍 남해대로,2923,1,4884025024107900009059910,,경상남도 남해군 남해읍 남해대로 2923-1,668804,52417,,,,127.894072421286,34.8480388239035
MA010120220811247878,청아산업,,G2,소매,G210,철물·건설자재 소매,G21099,기타 건설/건축자재 소매업,G47519,"페인트, 창호 및 기타 건설자재 소매업",48,경상남도,48250,김해시,48250540,내외동,4825010900,외동,4825010900111870004,1,대지,1187,4,경상남도 김해시 외동 1187-4,482504805862,경상남도 김해시 함박로45번길,4,18,4825010900111870004088099,,경상남도 김해시 함박로45번길 4-18,621919,50955,,,,128.860077932291,35.2331933568791
MA010120220811274632,공간하우징,,G2,소매,G210,철물·건설자재 소매,G21099,기타 건설/건축자재 소매업,G47519,"페인트, 창호 및 기타 건설자재 소매업",48,경상남도,48250,김해시,48250600,불암동,4825012100,지내동,4825012100102640007,1,대지,264,7,경상남도 김해시 지내동 264-7,482504805487,경상남도 김해시 삼안로60번길,15,,4825012100102640007045787,,경상남도 김해시 삼안로60번길 15,621210,50827,,,,128.919245240508,35.2350089334365
MA010120220811248773,대성목재건재,,G2,소매,G210,철물·건설자재 소매,G21099,기타 건설/건축자재 소매업,G47519,"페인트, 창호 및 기타 건설자재 소매업",48,경상남도,48270,밀양시,48270380,무안면,4827038021,무안면,4827038021108180065,1,대지,818,65,경상남도 밀양시 무안면 무안리 818-65,482703336071,경상남도 밀양시 무안면 사명로,488,,4827038021108180065009016,,경상남도 밀양시 무안면 사명로 488,627874,50408,,,,128.651550880862,35.4682436845797
MA010120220811271871,부경몰딩,,G2,소매,G210,철물·건설자재 소매,G21099,기타 건설/건축자재 소매업,G47519,"페인트, 창호 및 기타 건설자재 소매업",26,부산광역시,26440,강서구,26440510,대저1동,2644010100,대저1동,2644010100103810017,1,대지,381,17,부산광역시 강서구 대저1동 381-17,264404208067,부산광역시 강서구 공항로1309번길,80,30,2644010100103810017039419,,부산광역시 강서구 공항로1309번길 80-30,618803,46702,,,,128.984804754107,35.2168921654859
MA010120220811283579,"예림금속샷시,세종용달",,G2,소매,G210,철물·건설자재 소매,G21099,기타 건설/건축자재 소매업,G47519,"페인트, 창호 및 기타 건설자재 소매업",48,경상남도,48270,밀양시,48270360,상남면,4827036022,상남면,4827036022109550052,1,대지,955,52,경상남도 밀양시 상남면 예림리 955-52,482704808667,경상남도 밀양시 상남면 예림1길,30,1,4827036022109550052036403,,경상남도 밀양시 상남면 예림1길 30-1,627914,50451,,1,,128.759451397059,35.4687642793111
MA010120220811269206,대륙자재상사,,G2,소매,G210,철물·건설자재 소매,G21099,기타 건설/건축자재 소매업,G47519,"페인트, 창호 및 기타 건설자재 소매업",48,경상남도,48250,김해시,48250620,장유2동,4825012900,대청동,4825012900102940014,1,대지,294,14,경상남도 김해시 대청동 294-14,482504805357,경상남도 김해시 번화1로19번길,26,,4825031027102940014093682,,경상남도 김해시 번화1로19번길 26,621280,51003,,,,128.798465680468,35.1886771699111
MA010120220811252562,제일종합건재,,G2,소매,G210,철물·건설자재 소매,G21099,기타 건설/건축자재 소매업,G47519,"페인트, 창호 및 기타 건설자재 소매업",48,경상남도,48270,밀양시,48270520,내이동,4827010200,내이동,4827010200111770005,1,대지,1177,5,경상남도 밀양시 내이동 1177-5,482702336001,경상남도 밀양시 밀양대로,1972,,4827010200111770005011230,,경상남도 밀양시 밀양대로 1972,627802,50423,,,,128.742445021855,35.4994797589101
MA010120220811273835,하나로샤워부스,,G2,소매,G210,철물·건설자재 소매,G21099,기타 건설/건축자재 소매업,G47519,"페인트, 창호 및 기타 건설자재 소매업",26,부산광역시,26440,강서구,26440520,대저2동,2644010200,대저2동,2644010200131410008,1,대지,3141,8,부산광역시 강서구 대저2동 3141-8,264403136075,부산광역시 강서구 유통단지1로,76,,2644010200131410008000001,,부산광역시 강서구 유통단지1로 76,618899,46721,,,,128.951688050196,35.1669828291371
MA010120220811330869,BAUHAUS이레실업,,G2,소매,G210,철물·건설자재 소매,G21099,기타 건설/건축자재 소매업,G47519,"페인트, 창호 및 기타 건설자재 소매업",50,제주특별자치도,50110,제주시,50110690,도두동,5011012800,도두이동,5011012800101590002,1,대지,159,2,제주특별자치도 제주시 도두이동 159-2,501104847442,제주특별자치도 제주시 다호길,5,,5011012800101590002012869,,제주특별자치도 제주시 다호길 5,690242,63116,,,,126.491837730256,33.4944276322243
MA010120220811314031,태성유리,,G2,소매,G210,철물·건설자재 소매,G21099,기타 건설/건축자재 소매업,G47519,"페인트, 창호 및 기타 건설자재 소매업",50,제주특별자치도,50110,제주시,50110520,일도2동,5011010200,일도이동,5011010200110400018,1,대지,1040,18,제주특별자치도 제주시 일도이동 1040-18,501104847838,제주특별자치도 제주시 삼성로5길,34,,5011010200110400018035104,,제주특별자치도 제주시 삼성로5길 34,690834,63269,,,,126.528151734631,33.5089967059979
MA010120220811325664,수산건재,,G2,소매,G210,철물·건설자재 소매,G21099,기타 건설/건축자재 소매업,G47519,"페인트, 창호 및 기타 건설자재 소매업",50,제주특별자치도,50130,서귀포시,50130259,성산읍,5013025924,성산읍,5013025924103210006,1,대지,321,6,제주특별자치도 서귀포시 성산읍 고성리 321-6,501303350018,제주특별자치도 서귀포시 성산읍 고성오조로,56,1,5013025924103210006000001,,제주특별자치도 서귀포시 성산읍 고성오조로 56-1,699901,63640,,,,126.915291099714,33.4487824229622
MA010120220811351754,아라유리,,G2,소매,G210,철물·건설자재 소매,G21099,기타 건설/건축자재 소매업,G47519,"페인트, 창호 및 기타 건설자재 소매업",50,제주특별자치도,50110,제주시,50110600,화북동,5011011100,화북일동,5011011100142590001,1,대지,4259,1,제주특별자치도 제주시 화북일동 4259-1,501104847299,제주특별자치도 제주시 금산5길,28,,5011011100142590001054655,,제주특별자치도 제주시 금산5길 28,690839,63286,,,,126.563803429758,33.5249863588472
MA010120220811359336,지전기통신,,G2,소매,G210,철물·건설자재 소매,G21099,기타 건설/건축자재 소매업,G47519,"페인트, 창호 및 기타 건설자재 소매업",50,제주특별자치도,50110,제주시,50110253,애월읍,5011025331,애월읍,5011025331111900000,1,대지,1190,,제주특별자치도 제주시 애월읍 상가리 1190,501104847853,제주특별자치도 제주시 애월읍 상가중길,9,6,5011025331011900000043307,,제주특별자치도 제주시 애월읍 상가중길 9-6,695908,63036,,,,126.34676232155,33.4498585838668
MA010120220811334173,솔라와디펜스,,G2,소매,G210,철물·건설자재 소매,G21099,기타 건설/건축자재 소매업,G47519,"페인트, 창호 및 기타 건설자재 소매업",50,제주특별자치도,50110,제주시,50110540,이도2동,5011010400,이도이동,5011010400103860002,1,대지,386,2,제주특별자치도 제주시 이도이동 386-2,501103349192,제주특별자치도 제주시 청귤로,26,,5011010400103860002046551,,제주특별자치도 제주시 청귤로 26,690824,63217,,,,126.538901492112,33.4992458894143
MA010120220811344180,동주유통,,G2,소매,G210,철물·건설자재 소매,G21099,기타 건설/건축자재 소매업,G47519,"페인트, 창호 및 기타 건설자재 소매업",50,제주특별자치도,50130,서귀포시,50130540,천지동,5013010100,서귀동,5013010100103140002,1,대지,314,2,제주특별자치도 서귀포시 서귀동 314-2,501303350269,제주특별자치도 서귀포시 태평로,347,,5013010100103140001002383,층까사로,제주특별자치도 서귀포시 태평로 347,697844,63592,,1,,126.557861446292,33.2468275138731
MA010120220811348536,백록건재,,G2,소매,G210,철물·건설자재 소매,G21099,기타 건설/건축자재 소매업,G47519,"페인트, 창호 및 기타 건설자재 소매업",50,제주특별자치도,50110,제주시,50110253,애월읍,5011025321,애월읍,5011025321117050000,1,대지,1705,,제주특별자치도 제주시 애월읍 광령리 1705,501104848686,제주특별자치도 제주시 애월읍 제시리길,118,,5011025321117050000000001,,제주특별자치도 제주시 애월읍 제시리길 118,695900,63073,,,,126.432588270751,33.4730732979346
MA010120220811132111,동남공업사,,G2,소매,G210,철물·건설자재 소매,G21099,기타 건설/건축자재 소매업,G47519,"페인트, 창호 및 기타 건설자재 소매업",48,경상남도,48310,거제시,48310560,옥포2동,4831010600,옥포동,4831010600106130008,1,대지,613,8,경상남도 거제시 옥포동 613-8,483103337032,경상남도 거제시 옥포성안로,86,,4831010600106130008044458,,경상남도 거제시 옥포성안로 86,656907,53230,,,,128.694993709778,34.8940129326666
MA010120220811100736,고룡샷시，유리,,G2,소매,G210,철물·건설자재 소매,G21099,기타 건설/건축자재 소매업,G47519,"페인트, 창호 및 기타 건설자재 소매업",48,경상남도,48820,고성군,48820250,고성읍,4882025024,고성읍,4882025024104120004,1,대지,412,4,경상남도 고성군 고성읍 동외리 412-4,488203342013,경상남도 고성군 고성읍 동외로,107,6,4882025024104120004007749,,경상남도 고성군 고성읍 동외로 107-6,638803,52944,,,,128.32787743468,34.9716839327931
MA010120220811122854,서울건재공구,,G2,소매,G210,철물·건설자재 소매,G21099,기타 건설/건축자재 소매업,G47519,"페인트, 창호 및 기타 건설자재 소매업",43,충청북도,43760,괴산군,43760250,괴산읍,4376025021,괴산읍,4376025021100600003,1,대지,60,3,충청북도 괴산군 괴산읍 동부리 60-3,437603246004,충청북도 괴산군 괴산읍 괴강로,149,,4376025021100600003204241,,충청북도 괴산군 괴산읍 괴강로 149,367805,28032,,,,127.80850210456,36.8083731665177
MA010120220811100905,남일건재사,,G2,소매,G210,철물·건설자재 소매,G21099,기타 건설/건축자재 소매업,G47519,"페인트, 창호 및 기타 건설자재 소매업",48,경상남도,48220,통영시,48220530,명정동,4822010200,서호동,4822010200101630025,1,대지,163,25,경상남도 통영시 서호동 163-25,482204799241,경상남도 통영시 새터길,61,,4822010200101630025025799,,경상남도 통영시 새터길 61,650100,53055,,1,,128.419968214578,34.8417648209202
MA010120220811099251,명아장식,,G2,소매,G210,철물·건설자재 소매,G21099,기타 건설/건축자재 소매업,G47519,"페인트, 창호 및 기타 건설자재 소매업",48,경상남도,48310,거제시,48310360,사등면,4831036027,사등면,4831036027101070054,1,대지,107,54,경상남도 거제시 사등면 덕호리 107-54,483103337003,경상남도 거제시 사등면 거제남서로,5323,,4831036027101070054000021,,경상남도 거제시 사등면 거제남서로 5323,656881,53274,,,,128.477136407873,34.8817505228335
MA010120220811123576,알루본테크,,G2,소매,G210,철물·건설자재 소매,G21099,기타 건설/건축자재 소매업,G47519,"페인트, 창호 및 기타 건설자재 소매업",11,서울특별시,11650,서초구,11650652,양재2동,1165010200,양재동,1165010200102750006,1,대지,275,6,서울특별시 서초구 양재동 275-6,116503121022,서울특별시 서초구 논현로,87,,1165010200102750006002673,상호물산,서울특별시 서초구 논현로 87,137941,06775,,,,127.044216118615,37.4775555189987
MA010120220811133241,대웅종합목문전시관.예다지,,G2,소매,G210,철물·건설자재 소매,G21099,기타 건설/건축자재 소매업,G47519,"페인트, 창호 및 기타 건설자재 소매업",48,경상남도,48310,거제시,48310580,고현동,4831010900,고현동,4831010900107940003,1,대지,794,3,경상남도 거제시 고현동 794-3,483103337007,경상남도 거제시 고현로,70,,4831010900107940003024774,,경상남도 거제시 고현로 70,656934,53254,,,,128.620793932756,34.8855077431448
MA010120220811123609,필봉자재,,G2,소매,G210,철물·건설자재 소매,G21099,기타 건설/건축자재 소매업,G47519,"페인트, 창호 및 기타 건설자재 소매업",48,경상남도,48870,함양군,48870250,함양읍,4887025024,함양읍,4887025024110210004,1,대지,1021,4,경상남도 함양군 함양읍 교산리 1021-4,488704838463,경상남도 함양군 함양읍 학당1길,15,1,4887025024110210004012720,,경상남도 함양군 함양읍 학당1길 15-1,676801,50034,,,,127.725271028321,35.5232591914655
MA010120220811130921,노롱컴퍼니,,G2,소매,G210,철물·건설자재 소매,G21099,기타 건설/건축자재 소매업,G47519,"페인트, 창호 및 기타 건설자재 소매업",41,경기도,41820,가평군,41820310,설악면,4182031022,설악면,4182031022103190069,1,대지,319,69,경기도 가평군 설악면 선촌리 319-69,418204448235,경기도 가평군 설악면 자잠로23번길,76,35,4182031022103190069000001,,경기도 가평군 설악면 자잠로23번길 76-35,477854,12466,,,,127.483870999815,37.6847457180183
MA010120220811129634,라온기업,,G2,소매,G210,철물·건설자재 소매,G21099,기타 건설/건축자재 소매업,G47519,"페인트, 창호 및 기타 건설자재 소매업",47,경상북도,47190,구미시,47190690,양포동,4719012800,옥계동,4719012800107440009,1,대지,744,9,경상북도 구미시 옥계동 744-9,471904724402,경상북도 구미시 산호대로33길,6,27,4719012800107440009036562,,경상북도 구미시 산호대로33길 6-27,730824,39184,,2,,128.424213512335,36.1369558259446
MA010120220811164081,진사가설산업,,G2,소매,G210,철물·건설자재 소매,G21099,기타 건설/건축자재 소매업,G47519,"페인트, 창호 및 기타 건설자재 소매업",48,경상남도,48240,사천시,48240340,축동면,4824034023,축동면,4824034023109650001,1,대지,965,1,경상남도 사천시 축동면 사다리 965-1,482404802500,경상남도 사천시 축동면 예동길,75,,4824034023109650001042313,,경상남도 사천시 축동면 예동길 75,664812,52510,,,,128.072030212777,35.1062111760434
MA010120220811152031,보강건업.건재,,G2,소매,G210,철물·건설자재 소매,G21099,기타 건설/건축자재 소매업,G47519,"페인트, 창호 및 기타 건설자재 소매업",48,경상남도,48240,사천시,48240250,사천읍,4824025022,사천읍,4824025022104010023,1,대지,401,23,경상남도 사천시 사천읍 정의리 401-23,482403334028,경상남도 사천시 사천읍 사천읍성로,42,,4824025022104010023061198,,경상남도 사천시 사천읍 사천읍성로 42,664807,52518,,,,128.088795417313,35.0852414078911
MA010120220811169382,경남종합목재,,G2,소매,G210,철물·건설자재 소매,G21099,기타 건설/건축자재 소매업,G47519,"페인트, 창호 및 기타 건설자재 소매업",48,경상남도,48860,산청군,48860380,신안면,4886038021,신안면,4886038021106470005,1,대지,647,5,경상남도 산청군 신안면 하정리 647-5,488603345030,경상남도 산청군 신안면 원지로,56,,4886038021106470005045361,,경상남도 산청군 신안면 원지로 56,666962,52249,,,,127.977346483752,35.3006937733966
MA010120220811164538,진주상회,,G2,소매,G210,철물·건설자재 소매,G21099,기타 건설/건축자재 소매업,G47519,"페인트, 창호 및 기타 건설자재 소매업",48,경상남도,48170,진주시,48170565,중앙동,4817011700,장대동,4817011700101270011,1,대지,127,11,경상남도 진주시 장대동 127-11,481703332056,경상남도 진주시 진양호로,565,,4817011700101270011000282,,경상남도 진주시 진양호로 565,660170,52755,,,,128.087139134209,35.1941251950678
MA010120220811166464,신우철물건재,,G2,소매,G210,철물·건설자재 소매,G21099,기타 건설/건축자재 소매업,G47519,"페인트, 창호 및 기타 건설자재 소매업",48,경상남도,48170,진주시,48170720,이현동,4817012700,이현동,4817012700101050020,1,대지,105,20,경상남도 진주시 이현동 105-20,481703332066,경상남도 진주시 평거로,223,,4817012700101050020210098,,경상남도 진주시 평거로 223,660983,52669,,,,128.064068410217,35.187200824601
MA010120220811169000,대평샷시,,G2,소매,G210,철물·건설자재 소매,G21099,기타 건설/건축자재 소매업,G47519,"페인트, 창호 및 기타 건설자재 소매업",48,경상남도,48170,진주시,48170678,하대동,4817012000,하대동,4817012000103390018,1,대지,339,18,경상남도 진주시 하대동 339-18,481703332075,경상남도 진주시 대신로,325,,4817012000103390018008634,,경상남도 진주시 대신로 325,660997,52761,,,,128.116590622698,35.1896120880385
MA010120220811157929,충남석재상사,,G2,소매,G210,철물·건설자재 소매,G21099,기타 건설/건축자재 소매업,G47519,"페인트, 창호 및 기타 건설자재 소매업",48,경상남도,48170,진주시,48170555,성북동,4817011300,봉곡동,4817011300104840016,1,대지,484,16,경상남도 진주시 봉곡동 484-16,481702332003,경상남도 진주시 진주대로,1211,1,4817011300104840016214189,,경상남도 진주시 진주대로 1211-1,660040,52680,,,,128.070775561383,35.1938293642957
MA010120220811165015,신일석물,,G2,소매,G210,철물·건설자재 소매,G21099,기타 건설/건축자재 소매업,G47519,"페인트, 창호 및 기타 건설자재 소매업",48,경상남도,48170,진주시,48170310,내동면,4817031022,내동면,4817031022104860002,1,대지,486,2,경상남도 진주시 내동면 신율리 486-2,481703332012,경상남도 진주시 내동면 내동로,177,,4817031022104860002000001,,경상남도 진주시 내동면 내동로 177,660812,52849,,,,128.0863822941,35.1537536313333
MA010120220811168184,동양샷시,,G2,소매,G210,철물·건설자재 소매,G21099,기타 건설/건축자재 소매업,G47519,"페인트, 창호 및 기타 건설자재 소매업",48,경상남도,48170,진주시,48170680,상평동,4817012100,상평동,4817012100102790016,1,대지,279,16,경상남도 진주시 상평동 279-16,481704796117,경상남도 진주시 공단로44번길,16,,4817012100102790016406609,,경상남도 진주시 공단로44번길 16,660904,52808,,,,128.104551722724,35.1737604814948
MA010120220811151179,동명앵글,,G2,소매,G210,철물·건설자재 소매,G21099,기타 건설/건축자재 소매업,G47519,"페인트, 창호 및 기타 건설자재 소매업",48,경상남도,48170,진주시,48170565,중앙동,4817011700,장대동,4817011700101060012,1,대지,106,12,경상남도 진주시 장대동 106-12,481703332011,경상남도 진주시 남강로,687,,4817011700101060012006838,,경상남도 진주시 남강로 687,660170,52758,,,,128.08686376055,35.1915860015512
MA010120220811166844,국제정원석,,G2,소매,G210,철물·건설자재 소매,G21099,기타 건설/건축자재 소매업,G47519,"페인트, 창호 및 기타 건설자재 소매업",48,경상남도,48170,진주시,48170680,상평동,4817012100,상평동,4817012100101620004,1,대지,162,4,경상남도 진주시 상평동 162-4,481703332075,경상남도 진주시 대신로,108,,4817012100101620004094999,,경상남도 진주시 대신로 108,660902,52812,,,,128.118625833709,35.1698819074593
MA010120220811154998,만물상회,,G2,소매,G210,철물·건설자재 소매,G21099,기타 건설/건축자재 소매업,G47519,"페인트, 창호 및 기타 건설자재 소매업",48,경상남도,48860,산청군,48860360,시천면,4886036022,시천면,4886036022109220002,1,대지,922,2,경상남도 산청군 시천면 사리 922-2,488603345006,경상남도 산청군 시천면 남명로,187,,4886036022109220002001279,,경상남도 산청군 시천면 남명로 187,666934,52234,,,,127.837172146624,35.2774100551963
MA010120220811188683,흥대개발,,G2,소매,G210,철물·건설자재 소매,G21099,기타 건설/건축자재 소매업,G47519,"페인트, 창호 및 기타 건설자재 소매업",48,경상남도,48170,진주시,48170565,중앙동,4817010600,동성동,4817010600102140005,1,대지,214,5,경상남도 진주시 동성동 214-5,481703332011,경상남도 진주시 남강로,676,,4817010600102140005006684,,경상남도 진주시 남강로 676,660150,52759,,4,,128.085539807331,35.1911021623222
MA010120220811193976,건설건재,,G2,소매,G210,철물·건설자재 소매,G21099,기타 건설/건축자재 소매업,G47519,"페인트, 창호 및 기타 건설자재 소매업",48,경상남도,48860,산청군,48860250,산청읍,4886025023,산청읍,4886025023103970000,1,대지,397,,경상남도 산청군 산청읍 지리 397,488604835364,경상남도 산청군 산청읍 친환경로2720번길,42,,4886025023103970000007544,,경상남도 산청군 산청읍 친환경로2720번길 42,666807,52218,,,,127.881850589252,35.4170368573756
MA010120220811199886,주컴퍼니,,G2,소매,G210,철물·건설자재 소매,G21099,기타 건설/건축자재 소매업,G47519,"페인트, 창호 및 기타 건설자재 소매업",41,경기도,41830,양평군,41830380,양동면,4183038025,양동면,4183038025101950006,1,대지,195,6,경기도 양평군 양동면 금왕리 195-6,418304451506,경기도 양평군 양동면 벗고갯길,148,15,4183038025101950006000001,,경기도 양평군 양동면 벗고갯길 148-15,476882,12534,,,,127.72964704586,37.5009530318053
MA010120220811197754,이음플레이스,,G2,소매,G210,철물·건설자재 소매,G21099,기타 건설/건축자재 소매업,G47519,"페인트, 창호 및 기타 건설자재 소매업",51,강원특별자치도,51110,춘천시,51110660,퇴계동,5111012300,퇴계동,5111012300111660013,1,대지,1166,13,강원특별자치도 춘천시 퇴계동 1166-13,511103218042,강원특별자치도 춘천시 퇴계로,61,,4211012300100000000000220,,강원특별자치도 춘천시 퇴계로 61,200943,24370,,2,,127.727871242162,37.8640417086081
MA010120220811206674,부광주,,G2,소매,G210,철물·건설자재 소매,G21099,기타 건설/건축자재 소매업,G47519,"페인트, 창호 및 기타 건설자재 소매업",48,경상남도,48850,하동군,48850360,금남면,4885036030,금남면,4885036030109730005,1,대지,973,5,경상남도 하동군 금남면 계천리 973-5,488502000027,경상남도 하동군 금남면 섬진강대로,974,18,4885036030109730005049362,,경상남도 하동군 금남면 섬진강대로 974-18,667921,52350,,,,127.810562531742,34.9973580584326
MA010120220811170207,삼광건재,,G2,소매,G210,철물·건설자재 소매,G21099,기타 건설/건축자재 소매업,G47519,"페인트, 창호 및 기타 건설자재 소매업",48,경상남도,48170,진주시,48170678,하대동,4817012000,하대동,4817012000103220033,1,대지,322,33,경상남도 진주시 하대동 322-33,481703332016,경상남도 진주시 도동로,241,,4817012000103220033008964,,경상남도 진주시 도동로 241,660993,52768,,,,128.121770956559,35.1918805425327
MA010120220812734684,혜성이노베이션,,G2,소매,G210,철물·건설자재 소매,G21099,기타 건설/건축자재 소매업,G47519,"페인트, 창호 및 기타 건설자재 소매업",26,부산광역시,26470,연제구,26470650,연산1동,2647010200,연산동,2647010200103130067,1,대지,313,67,부산광역시 연제구 연산동 313-67,264704211116,부산광역시 연제구 과정로343번길,9,,2647010200103130067000001,,부산광역시 연제구 과정로343번길 9,611811,47552,,3,,129.08993437352,35.1902235111944
MA010120220812740659,한양인테리어,,G2,소매,G210,철물·건설자재 소매,G21099,기타 건설/건축자재 소매업,G47519,"페인트, 창호 및 기타 건설자재 소매업",50,제주특별자치도,50130,서귀포시,50130620,예래동,5013012100,하예동,5013012100111060000,1,대지,1106,,제주특별자치도 서귀포시 하예동 1106,501303350302,제주특별자치도 서귀포시 하예로,1,46,5013012100111060000000001,,제주특별자치도 서귀포시 하예로 1-46,697310,63538,,,,126.382114320346,33.2430671545442
MA010120220812769448,미래상사,,G2,소매,G210,철물·건설자재 소매,G21099,기타 건설/건축자재 소매업,G47519,"페인트, 창호 및 기타 건설자재 소매업",48,경상남도,48170,진주시,48170740,가호동,4817013200,호탄동,4817013200103040002,1,대지,304,2,경상남도 진주시 호탄동 304-2,481703332019,경상남도 진주시 동부로,147,,4817013200103040002000001,경남진주시동부,경상남도 진주시 동부로 147,660310,52818,,,,128.123125995658,35.16348609922
MA010120220812685433,연우건재,,G2,소매,G210,철물·건설자재 소매,G21099,기타 건설/건축자재 소매업,G47519,"페인트, 창호 및 기타 건설자재 소매업",43,충청북도,43130,충주시,43130630,연수동,4313011800,연수동,4313011800116860000,1,대지,1686,,충청북도 충주시 연수동 1686,431304514132,충청북도 충주시 국원초5길,26,,4313011800116860000000001,,충청북도 충주시 국원초5길 26,380100,27372,,2,,127.942731202864,36.9819209211876
MA010120220812770454,하이케미칼,,G2,소매,G210,철물·건설자재 소매,G21099,기타 건설/건축자재 소매업,G47519,"페인트, 창호 및 기타 건설자재 소매업",41,경기도,41390,시흥시,41390591,정왕1동,4139013200,정왕동,4139013200113670001,1,대지,1367,1,경기도 시흥시 정왕동 1367-1,413902199001,경기도 시흥시 공단1대로,244,,4139013200113670001016345,공구상가,경기도 시흥시 공단1대로 244,429853,15103,,,,126.728445299906,37.3353324328239
MA010120220812702244,대원상사,,G2,소매,G210,철물·건설자재 소매,G21099,기타 건설/건축자재 소매업,G47519,"페인트, 창호 및 기타 건설자재 소매업",48,경상남도,48240,사천시,48240520,선구동,4824010700,좌룡동,4824010700103770020,1,대지,377,20,경상남도 사천시 좌룡동 377-20,482403019029,경상남도 사천시 삼천포대교로,617,,4824010700103770020022955,,경상남도 사천시 삼천포대교로 617,664838,52553,,,,128.076441309206,34.9525954264827
MA010120220812622177,에코라이프엘엔씨,,G2,소매,G210,철물·건설자재 소매,G21099,기타 건설/건축자재 소매업,G47519,"페인트, 창호 및 기타 건설자재 소매업",27,대구광역시,27110,중구,27110680,대봉1동,2711015700,대봉동,2711015700100400040,1,대지,40,40,대구광역시 중구 대봉동 40-40,271104223081,대구광역시 중구 동덕로8길,11,,2711015700100400040000001,,대구광역시 중구 동덕로8길 11,700809,41952,,,,128.605242150438,35.8588679793626
MA010120220812707685,한성건재,,G2,소매,G210,철물·건설자재 소매,G21099,기타 건설/건축자재 소매업,G47519,"페인트, 창호 및 기타 건설자재 소매업",43,충청북도,43740,영동군,43740250,영동읍,4374025021,영동읍,4374025021105840013,1,대지,584,13,충청북도 영동군 영동읍 계산리 584-13,437404529462,충청북도 영동군 영동읍 영산로3길,18,1,4374025021105810003005667,,충청북도 영동군 영동읍 영산로3길 18-1,370808,29146,,,,127.774747179932,36.176190278903
MA010120220812694776,칠만표방수,,G2,소매,G210,철물·건설자재 소매,G21099,기타 건설/건축자재 소매업,G47519,"페인트, 창호 및 기타 건설자재 소매업",41,경기도,41310,구리시,41310570,수택1동,4131010500,수택동,4131010500102870002,1,대지,287,2,경기도 구리시 수택동 287-2,413103196002,경기도 구리시 검배로,91,,4131010500102870002006045,,경기도 구리시 검배로 91,471814,11943,,,,127.148380887038,37.5950510974156
MA010120220812755468,오공상사,,G2,소매,G210,철물·건설자재 소매,G21099,기타 건설/건축자재 소매업,G47519,"페인트, 창호 및 기타 건설자재 소매업",11,서울특별시,11560,영등포구,11560720,대림3동,1156013300,대림동,1156013300106630016,1,대지,663,16,서울특별시 영등포구 대림동 663-16,115604154181,서울특별시 영등포구 대림로40가길,12,,1156013300106630016000629,,서울특별시 영등포구 대림로40가길 12,150812,07381,,1,,126.897594384882,37.5021799850667
MA010120220812772580,기산이엔지,,G2,소매,G210,철물·건설자재 소매,G21099,기타 건설/건축자재 소매업,G47519,"페인트, 창호 및 기타 건설자재 소매업",52,전북특별자치도,52111,전주시 완산구,52111510,중앙동,5211110100,중앙동1가,5211110100100320001,1,대지,32,1,전북특별자치도 전주시 완산구 중앙동1가 32-1,521114598333,전북특별자치도 전주시 완산구 전주객사2길,12,4,4511110100100320001029241,,전북특별자치도 전주시 완산구 전주객사2길 12-4,560011,54999,,3,,127.14160498359,35.8173990913429
MA010120220812667483,제일판넬,,G2,소매,G210,철물·건설자재 소매,G21099,기타 건설/건축자재 소매업,G47519,"페인트, 창호 및 기타 건설자재 소매업",47,경상북도,47170,안동시,47170585,서구동,4717012100,당북동,4717012100103330085,1,대지,333,85,경상북도 안동시 당북동 333-85,471703307035,경상북도 안동시 제비원로,111,1,4717012100103330085014893,,경상북도 안동시 제비원로 111-1,760230,36674,,,,128.720467764165,36.5622044569452
MA010120220812761804,현대건재철물,,G2,소매,G210,철물·건설자재 소매,G21099,기타 건설/건축자재 소매업,G47519,"페인트, 창호 및 기타 건설자재 소매업",11,서울특별시,11290,성북구,11290640,정릉3동,1129013300,정릉동,1129013300108940001,1,대지,894,1,서울특별시 성북구 정릉동 894-1,112904121598,서울특별시 성북구 정릉로10길,33,,1129013300108940001030840,,서울특별시 성북구 정릉로10길 33,136856,02812,,,,126.999750844524,37.6077041747498
MA010120220812633937,에이치제이화학,,G2,소매,G210,철물·건설자재 소매,G21099,기타 건설/건축자재 소매업,G47519,"페인트, 창호 및 기타 건설자재 소매업",41,경기도,41117,수원시 영통구,41117550,원천동,4111710200,원천동,4111710200105520000,1,대지,552,,경기도 수원시 영통구 원천동 552,411173177010,경기도 수원시 영통구 신원로,306,,4111710200105520000054495,영통이노플렉스-1단지,경기도 수원시 영통구 신원로 306,443380,16675,,,,127.06199205091,37.2623555246608
MA010120220812430260,다인디앤피,,G2,소매,G210,철물·건설자재 소매,G21099,기타 건설/건축자재 소매업,G47519,"페인트, 창호 및 기타 건설자재 소매업",26,부산광역시,26290,남구,26290630,감만2동,2629011100,감만동,2629011100100220012,1,대지,22,12,부산광역시 남구 감만동 22-12,262904193110,부산광역시 남구 석포로20번길,9,17,2629011100100220012023206,,부산광역시 남구 석포로20번길 9-17,608800,48542,,,,129.083870696494,35.1221013932059
MA010120220812494180,에스알샵,,G2,소매,G210,철물·건설자재 소매,G21099,기타 건설/건축자재 소매업,G47519,"페인트, 창호 및 기타 건설자재 소매업",46,전라남도,46880,장성군,46880320,남면,4688032028,남면,4688032028108610001,1,대지,861,1,전라남도 장성군 남면 삼태리 861-1,468803351045,전라남도 장성군 남면 나노산단5로,31,,4688032028108610001000001,,전라남도 장성군 남면 나노산단5로 31,515893,57248,,,,126.831396807147,35.236861718797
MA010120220812496698,디자이너스아가마,,G2,소매,G210,철물·건설자재 소매,G21099,기타 건설/건축자재 소매업,G47519,"페인트, 창호 및 기타 건설자재 소매업",41,경기도,41310,구리시,41310520,동구동,4131010300,인창동,4131010300100560000,1,대지,56,,경기도 구리시 인창동 56,413104388061,경기도 구리시 동구릉로223번길,13,,4131010300100560000001622,,경기도 구리시 동구릉로223번길 13,471829,11910,,,,127.138460704294,37.618975401748
MA010120220812489221,유건메카,,G2,소매,G210,철물·건설자재 소매,G21099,기타 건설/건축자재 소매업,G47519,"페인트, 창호 및 기타 건설자재 소매업",44,충청남도,44710,금산군,44710390,추부면,4471039025,추부면,4471039025104730009,1,대지,473,9,충청남도 금산군 추부면 자부리 473-9,447103257053,충청남도 금산군 추부면 추풍로,202,,4471039025104730001041061,,충청남도 금산군 추부면 추풍로 202,312943,32711,,,,127.483012006618,36.1928898855518
MA010120220812504731,정연단열,,G2,소매,G210,철물·건설자재 소매,G21099,기타 건설/건축자재 소매업,G47519,"페인트, 창호 및 기타 건설자재 소매업",28,인천광역시,28237,부평구,28237592,청천2동,2823710400,청천동,2823710400104250000,1,대지,425,,인천광역시 부평구 청천동 425,282372008008,인천광역시 부평구 부평대로,283,,2823710400104250000017195,부평우림라이온스밸리,인천광역시 부평구 부평대로 283,403911,21315,,,,126.720105499514,37.5176332864301
MA010120220812543057,대림목재,,G2,소매,G210,철물·건설자재 소매,G21099,기타 건설/건축자재 소매업,G47519,"페인트, 창호 및 기타 건설자재 소매업",11,서울특별시,11380,은평구,11380600,응암3동,1138010700,응암동,1138010700106950016,1,대지,695,16,서울특별시 은평구 응암동 695-16,113804133009,서울특별시 은평구 가좌로7길,34,,1138010700106950016001038,,서울특별시 은평구 가좌로7길 34,122930,03480,,1,,126.917632553472,37.5861777848657
MA010120220812514009,라온플래닛,,G2,소매,G210,철물·건설자재 소매,G21099,기타 건설/건축자재 소매업,G47519,"페인트, 창호 및 기타 건설자재 소매업",41,경기도,41287,고양시 일산서구,41287560,주엽2동,4128710200,주엽동,4128710200100180002,1,대지,18,2,경기도 고양시 일산서구 주엽동 18-2,412873192094,경기도 고양시 일산서구 중앙로,1456,,4128710200100180002002073,서현프라자,경기도 고양시 일산서구 중앙로 1456,411838,10387,,,,126.758973905035,37.6715539607544
MA010120220812514170,빛과열에너지,,G2,소매,G210,철물·건설자재 소매,G21099,기타 건설/건축자재 소매업,G47519,"페인트, 창호 및 기타 건설자재 소매업",41,경기도,41630,양주시,41630330,광적면,4163033026,광적면,4163033026103700003,1,대지,370,3,경기도 양주시 광적면 덕도리 370-3,416304436442,경기도 양주시 광적면 화합로430번길,172,69,4163033026103700003046741,,경기도 양주시 광적면 화합로430번길 172-69,482843,11413,,,,126.972296230381,37.857233716178
MA010120220812522613,영남상사,,G2,소매,G210,철물·건설자재 소매,G21099,기타 건설/건축자재 소매업,G47519,"페인트, 창호 및 기타 건설자재 소매업",26,부산광역시,26440,강서구,26440510,대저1동,2644010100,대저1동,2644010100114060012,1,대지,1406,12,부산광역시 강서구 대저1동 1406-12,264403136036,부산광역시 강서구 대저로,162,,2644010100114060012012737,,부산광역시 강서구 대저로 162,618805,46702,,,,128.970509649031,35.214719640986
MA010120220812542146,명성상사,,G2,소매,G210,철물·건설자재 소매,G21099,기타 건설/건축자재 소매업,G47519,"페인트, 창호 및 기타 건설자재 소매업",31,울산광역시,31200,북구,31200540,강동동,3120011800,산하동,3120011800109720006,1,대지,972,6,울산광역시 북구 산하동 972-6,312003172056,울산광역시 북구 강동산하5로,22,,3120011800100390000000001,,울산광역시 북구 강동산하5로 22,683260,44264,,1,,129.439472921353,35.6355705595115
MA010120220812583706,서린글로벌,,G2,소매,G210,철물·건설자재 소매,G21099,기타 건설/건축자재 소매업,G47519,"페인트, 창호 및 기타 건설자재 소매업",29,광주광역시,29155,남구,29155605,월산동,2915510400,월산동,2915510400100100009,1,대지,10,9,광주광역시 남구 월산동 10-9,291553009020,광주광역시 남구 독립로,169,,2915510400100100009020304,남경빌딩,광주광역시 남구 독립로 169,503823,61631,,4,,126.903756145581,35.1487253368354
MA010120220812570374,한림노루페인트세종페인트,백화점,G2,소매,G210,철물·건설자재 소매,G21099,기타 건설/건축자재 소매업,G47519,"페인트, 창호 및 기타 건설자재 소매업",50,제주특별자치도,50110,제주시,50110253,애월읍,5011025334,애월읍,5011025334115760001,1,대지,1576,1,제주특별자치도 제주시 애월읍 애월리 1576-1,501103349129,제주특별자치도 제주시 애월읍 애월로,110,,5011025334015760001039758,,제주특별자치도 제주시 애월읍 애월로 110,695913,63043,,1,,126.319092968281,33.4645227748116
MA010120220812573387,장엄장의석재,,G2,소매,G210,철물·건설자재 소매,G21099,기타 건설/건축자재 소매업,G47519,"페인트, 창호 및 기타 건설자재 소매업",48,경상남도,48310,거제시,48310310,일운면,4831031026,일운면,4831031026105740004,1,대지,574,4,경상남도 거제시 일운면 옥림리 574-4,483104811468,경상남도 거제시 일운면 옥녀봉길,12,,4831031026105740003032370,,경상남도 거제시 일운면 옥녀봉길 12,656892,53326,,,,128.707672903561,34.8501962827716
MA010120220812597964,흥안,,G2,소매,G210,철물·건설자재 소매,G21099,기타 건설/건축자재 소매업,G47519,"페인트, 창호 및 기타 건설자재 소매업",52,전북특별자치도,52113,전주시 덕진구,52113650,조촌동,5211312700,원동,5211312700105800001,1,대지,580,1,전북특별자치도 전주시 덕진구 원동 580-1,521134601130,전북특별자치도 전주시 덕진구 매암안길,7,,4511312700105800001000001,,전북특별자치도 전주시 덕진구 매암안길 7,561410,54802,,,,127.02907912674,35.8753847317457
MA010120220812587890,디에이치티,,G2,소매,G210,철물·건설자재 소매,G21099,기타 건설/건축자재 소매업,G47519,"페인트, 창호 및 기타 건설자재 소매업",11,서울특별시,11260,중랑구,11260565,면목본동,1126010100,면목동,1126010100101020017,1,대지,102,17,서울특별시 중랑구 면목동 102-17,112604118248,서울특별시 중랑구 면목로74길,16,,1126010100101020017031404,,서울특별시 중랑구 면목로74길 16,131816,02161,,3,,127.088235674881,37.5890927596861
MA010120220812563877,동하경북지사,,G2,소매,G210,철물·건설자재 소매,G21099,기타 건설/건축자재 소매업,G47519,"페인트, 창호 및 기타 건설자재 소매업",47,경상북도,47770,영덕군,47770330,달산면,4777033034,달산면,4777033034100920000,1,대지,92,,경상북도 영덕군 달산면 매일리 92,477704754116,경상북도 영덕군 달산면 매화길,37,8,4777033034100920000000001,,경상북도 영덕군 달산면 매화길 37-8,766882,36448,,,,129.302696889159,36.3738277943169
MA010120220812583214,미소장애인편의시설,,G2,소매,G210,철물·건설자재 소매,G21099,기타 건설/건축자재 소매업,G47519,"페인트, 창호 및 기타 건설자재 소매업",11,서울특별시,11530,구로구,11530800,항동,1153011200,항동,1153011200102460001,1,대지,246,1,서울특별시 구로구 항동 246-1,115303185018,서울특별시 구로구 부광로,88,,1153011200200510001000002,구로에스케이브이원센터,서울특별시 구로구 부광로 88,152140,08362,,4,,126.816839183281,37.4772326174633
MA010120220812591035,대목상사,,G2,소매,G210,철물·건설자재 소매,G21099,기타 건설/건축자재 소매업,G47519,"페인트, 창호 및 기타 건설자재 소매업",41,경기도,41670,여주시,41670510,여흥동,4167011400,삼교동,4167011400101400002,1,대지,140,2,경기도 여주시 삼교동 140-2,416704442181,경기도 여주시 삼교3길,51,1,4173025034101400002018735,,경기도 여주시 삼교3길 51-1,469114,12666,,,,127.66511535639,37.2320400367405
MA010120220812290951,진도고리파이프,,G2,소매,G210,철물·건설자재 소매,G21099,기타 건설/건축자재 소매업,G47519,"페인트, 창호 및 기타 건설자재 소매업",46,전라남도,46900,진도군,46900250,진도읍,4690025021,진도읍,4690025021110620006,1,대지,1062,6,전라남도 진도군 진도읍 동외리 1062-6,469004703028,전라남도 진도군 진도읍 공설운동장길,27,10,4690025021110620006000670,,전라남도 진도군 진도읍 공설운동장길 27-10,539803,58927,,,,126.276194591,34.4809913892133
MA010120220812260916,동일연와,,G2,소매,G210,철물·건설자재 소매,G21099,기타 건설/건축자재 소매업,G47519,"페인트, 창호 및 기타 건설자재 소매업",41,경기도,41220,평택시,41220630,비전2동,4122012400,용이동,4122012400106870003,1,대지,687,3,경기도 평택시 용이동 687-3,412203351420,경기도 평택시 용죽2로,32,46,4122012400106870003000001,,경기도 평택시 용죽2로 32-46,450152,17870,,,,127.125443317396,36.9926263360141
MA010120220812283826,운촌철물건재,,G2,소매,G210,철물·건설자재 소매,G21099,기타 건설/건축자재 소매업,G47519,"페인트, 창호 및 기타 건설자재 소매업",26,부산광역시,26350,해운대구,26350510,우1동,2635010500,우동,2635010500108370006,1,대지,837,6,부산광역시 해운대구 우동 837-6,263502006010,부산광역시 해운대구 해운대로,553,,2635010500108370006022982,,부산광역시 해운대구 해운대로 553,612822,48088,,,,129.152460647961,35.1606698244253
MA010120220812335948,기타 건설/건축자재 소매업,,G2,소매,G210,철물·건설자재 소매,G21099,기타 건설/건축자재 소매업,G47519,"페인트, 창호 및 기타 건설자재 소매업",41,경기도,41287,고양시 일산서구,41287600,덕이동,4128710500,덕이동,4128710500103090103,1,대지,309,103,경기도 고양시 일산서구 덕이동 309-103,412873012061,경기도 고양시 일산서구 경의로,936,,4128710500103090103000308,,경기도 고양시 일산서구 경의로 936,411808,10231,,,,126.760477623799,37.7009468485275
MA010120220812322868,구미도어,,G2,소매,G210,철물·건설자재 소매,G21099,기타 건설/건축자재 소매업,G47519,"페인트, 창호 및 기타 건설자재 소매업",47,경상북도,47190,구미시,47190253,고아읍,4719025334,고아읍,4719025334111190650,1,대지,1119,650,경상북도 구미시 고아읍 괴평리 1119-650,471904724179,경상북도 구미시 고아읍 대평14길,58,,4719025334111190651048112,외,경상북도 구미시 고아읍 대평14길 58,730812,39153,,,,128.366972476366,36.139136817912
MA010120220812328614,디와이앤케이시스,,G2,소매,G210,철물·건설자재 소매,G21099,기타 건설/건축자재 소매업,G47519,"페인트, 창호 및 기타 건설자재 소매업",30,대전광역시,30140,중구,30140575,대흥동,3014010500,대흥동,3014010500104470004,1,대지,447,4,대전광역시 중구 대흥동 447-4,301403010006,대전광역시 중구 대흥로,115,,3014010500104470004031462,대흥탑스빌,대전광역시 중구 대흥로 115,301803,34918,,,,127.425027351092,36.3235296474768
MA010120220812317961,동방상사,,G2,소매,G210,철물·건설자재 소매,G21099,기타 건설/건축자재 소매업,G47519,"페인트, 창호 및 기타 건설자재 소매업",46,전라남도,46730,구례군,46730250,구례읍,4673025028,구례읍,4673025028108290000,1,대지,829,,전라남도 구례군 구례읍 논곡리 829,467303283011,전라남도 구례군 구례읍 섬진강로,1236,,4673025028108290000000001,,전라남도 구례군 구례읍 섬진강로 1236,542801,57662,,,,127.369547315982,35.2268697929543
MA010120220812315332,신우기업,,G2,소매,G210,철물·건설자재 소매,G21099,기타 건설/건축자재 소매업,G47519,"페인트, 창호 및 기타 건설자재 소매업",41,경기도,41113,수원시 권선구,41113664,호매실동,4111313500,호매실동,4111313500114060003,1,대지,1406,3,경기도 수원시 권선구 호매실동 1406-3,411133175048,경기도 수원시 권선구 호매실로,100,,4111313500114060003000001,,경기도 수원시 권선구 호매실로 100,441450,16630,,1,,126.962643452052,37.2557251746771
MA010120220812337762,종합환경파인,,G2,소매,G210,철물·건설자재 소매,G21099,기타 건설/건축자재 소매업,G47519,"페인트, 창호 및 기타 건설자재 소매업",44,충청남도,44270,당진시,44270520,당진2동,4427010200,채운동,4427010200102680013,1,대지,268,13,충청남도 당진시 채운동 268-13,442703265124,충청남도 당진시 서부로,240,,4483025022102680013086949,,충청남도 당진시 서부로 240,343926,31784,,,,126.624412457387,36.8942135103561
MA010120220812333084,홍천자재,,G2,소매,G210,철물·건설자재 소매,G21099,기타 건설/건축자재 소매업,G47519,"페인트, 창호 및 기타 건설자재 소매업",51,강원특별자치도,51110,춘천시,51110640,효자3동,5111011200,효자동,5111011200106210001,1,대지,621,1,강원특별자치도 춘천시 효자동 621-1,511104454375,강원특별자치도 춘천시 서부대성로205번길,17,,4211011200106210001028384,,강원특별자치도 춘천시 서부대성로205번길 17,200947,24295,,,,127.742090072024,37.8756019824586
MA010120220812344225,조원건설,,G2,소매,G210,철물·건설자재 소매,G21099,기타 건설/건축자재 소매업,G47519,"페인트, 창호 및 기타 건설자재 소매업",41,경기도,41111,수원시 장안구,41111591,송죽동,4111113500,송죽동,4111113500104450006,1,대지,445,6,경기도 수원시 장안구 송죽동 445-6,411114322089,경기도 수원시 장안구 만석로209번길,4,,4111113500104450006047882,,경기도 수원시 장안구 만석로209번길 4,440802,16300,,,,127.001116693541,37.3052522018741
MA010120220812348039,성우인테리어,,G2,소매,G210,철물·건설자재 소매,G21099,기타 건설/건축자재 소매업,G47519,"페인트, 창호 및 기타 건설자재 소매업",52,전북특별자치도,52800,부안군,52800360,변산면,5280036022,변산면,5280036022103970000,1,대지,397,,전북특별자치도 부안군 변산면 격포리 397,528003280004,전북특별자치도 부안군 변산면 격포로,232,,4580036022103970000020981,,전북특별자치도 부안군 변산면 격포로 232,579851,56337,,,,126.473404215447,35.6212955700221
MA010120220812417316,이한종합상사,,G2,소매,G210,철물·건설자재 소매,G21099,기타 건설/건축자재 소매업,G47519,"페인트, 창호 및 기타 건설자재 소매업",52,전북특별자치도,52111,전주시 완산구,52111672,중화산2동,5211112800,중화산동2가,5211112800107080013,1,대지,708,13,전북특별자치도 전주시 완산구 중화산동2가 708-13,521114598107,전북특별자치도 전주시 완산구 메너머1길,38,,4511112800107080013028024,,전북특별자치도 전주시 완산구 메너머1길 38,560838,54972,,,,127.118837721337,35.8210828721021
MA010120220812423946,아이앤아이도어,,G2,소매,G210,철물·건설자재 소매,G21099,기타 건설/건축자재 소매업,G47519,"페인트, 창호 및 기타 건설자재 소매업",41,경기도,41590,화성시,41590550,반월동,4159012000,반월동,4159012000103330011,1,대지,333,11,경기도 화성시 반월동 333-11,415904430479,경기도 화성시 반월길,32,,4159012000103330011000001,,경기도 화성시 반월길 32,445330,18384,,,,127.061434916349,37.2287468422882
MA010120220812421735,엘스토어,,G2,소매,G210,철물·건설자재 소매,G21099,기타 건설/건축자재 소매업,G47519,"페인트, 창호 및 기타 건설자재 소매업",51,강원특별자치도,51190,태백시,51190515,황지동,5119010100,황지동,5119010100100810012,1,대지,81,12,강원특별자치도 태백시 황지동 81-12,511904466055,강원특별자치도 태백시 문화로남길,6,2,4219010100100810012003993,,강원특별자치도 태백시 문화로남길 6-2,235800,26020,,,,128.991370676886,37.1663703327233
MA010120220812402747,화장실하수구싱크대냄새제거차단골드트랩,,G2,소매,G210,철물·건설자재 소매,G21099,기타 건설/건축자재 소매업,G47519,"페인트, 창호 및 기타 건설자재 소매업",29,광주광역시,29140,서구,29140751,상무1동,2914011800,쌍촌동,2914011800103300010,1,대지,330,10,광주광역시 서구 쌍촌동 330-10,291404280335,광주광역시 서구 월드컵4강로197번길,20,23,2914011800103300010010231,,광주광역시 서구 월드컵4강로197번길 20-23,502817,61967,,,,126.867004756923,35.1547116577619
MA0101202406A0229220,대박농원,,G2,소매,G210,철물·건설자재 소매,G21099,기타 건설/건축자재 소매업,G47519,"페인트, 창호 및 기타 건설자재 소매업",43,충청북도,43730,옥천군,43730360,이원면,4373036021,이원면,4373036021100010002,1,대지,1,2,충청북도 옥천군 이원면 건진리 1-2,437303242011,충청북도 옥천군 이원면 묘목로,317,,4373036021100010002000001,,충청북도 옥천군 이원면 묘목로 317,373861,29061,,,,127.623780550819,36.2592961467181
MA0101202406A0206943,으뜸산업,,G2,소매,G210,철물·건설자재 소매,G21099,기타 건설/건축자재 소매업,G47519,"페인트, 창호 및 기타 건설자재 소매업",41,경기도,41590,화성시,41590560,기배동,4159012300,배양동,4159012300100690272,1,대지,69,272,경기도 화성시 배양동 69-272,415903210087,경기도 화성시 융건로,105,,4159012300000690272011239,,경기도 화성시 융건로 105,445350,18341,,1,,126.989285006838,37.2203645223679
MA0101202406A0205541,선진웰딩,,G2,소매,G210,철물·건설자재 소매,G21099,기타 건설/건축자재 소매업,G47519,"페인트, 창호 및 기타 건설자재 소매업",29,광주광역시,29200,광산구,29200626,첨단2동,2920011500,월계동,2920011500108460007,1,대지,846,7,광주광역시 광산구 월계동 846-7,292004289605,광주광역시 광산구 첨단내촌로36번길,34,13,2920011500108460007000001,,광주광역시 광산구 첨단내촌로36번길 34-13,506824,62269,,3,,126.839273090708,35.209372274959
MA0101202406A0235643,미래산업,,G2,소매,G210,철물·건설자재 소매,G21099,기타 건설/건축자재 소매업,G47519,"페인트, 창호 및 기타 건설자재 소매업",30,대전광역시,30110,동구,30110551,판암1동,3011010700,판암동,3011010700103390004,1,대지,339,4,대전광역시 동구 판암동 339-4,301104292413,대전광역시 동구 옥천로176번길,15,4,3011010700103390004031809,월드식자재마트,대전광역시 동구 옥천로176번길 15-4,300832,34676,,1,,127.459996548313,36.3160465858852
MA0101202406A0244241,에이원,코리아,G2,소매,G210,철물·건설자재 소매,G21099,기타 건설/건축자재 소매업,G47519,"페인트, 창호 및 기타 건설자재 소매업",41,경기도,41610,광주시,41610560,광남1동,4161011300,목동,4161011300101620000,1,대지,162,,경기도 광주시 목동 162,416103211005,경기도 광주시 광남안로,204,,4161011300101630004012709,,경기도 광주시 광남안로 204,464020,12770,,2,,127.208022316817,37.3835669734965
MA0101202406A0259902,서울샷시기성문,,G2,소매,G210,철물·건설자재 소매,G21099,기타 건설/건축자재 소매업,G47519,"페인트, 창호 및 기타 건설자재 소매업",51,강원특별자치도,51730,횡성군,51730250,횡성읍,5173025021,횡성읍,5173025021103680001,1,대지,368,1,강원특별자치도 횡성군 횡성읍 읍상리 368-1,517303226092,강원특별자치도 횡성군 횡성읍 화성로,20,1,4273025021103680000022966,,강원특별자치도 횡성군 횡성읍 화성로 20-1,225807,25225,,,,127.98911702798,37.4924972331447
MA0101202406A0243028,청주건자재,,G2,소매,G210,철물·건설자재 소매,G21099,기타 건설/건축자재 소매업,G47519,"페인트, 창호 및 기타 건설자재 소매업",43,충청북도,43113,청주시 흥덕구,43113747,가경동,4311311300,가경동,4311311300108740000,1,대지,874,,충청북도 청주시 흥덕구 가경동 874,431134512038,충청북도 청주시 흥덕구 풍년로206번길,46,,4311311300108740000009535,오피스벨리,충청북도 청주시 흥덕구 풍년로206번길 46,361800,28389,,,,127.431845283097,36.6316548557882
MA0101202406A0225555,하나테크,,G2,소매,G210,철물·건설자재 소매,G21099,기타 건설/건축자재 소매업,G47519,"페인트, 창호 및 기타 건설자재 소매업",30,대전광역시,30170,서구,30170590,가수원동,3017011400,가수원동,3017011400108010003,1,대지,801,3,대전광역시 서구 가수원동 801-3,301704298003,대전광역시 서구 가수원로65번길,74,,3017011400108010003018136,,대전광역시 서구 가수원로65번길 74,302802,35390,,,,127.352573605923,36.2989107284744
MA0101202406A0230201,재가,,G2,소매,G210,철물·건설자재 소매,G21099,기타 건설/건축자재 소매업,G47519,"페인트, 창호 및 기타 건설자재 소매업",31,울산광역시,31200,북구,31200560,효문동,3120012200,연암동,3120012200103510008,1,대지,351,8,울산광역시 북구 연암동 351-8,312003172029,울산광역시 북구 화봉로,132,1,3120012200103510009000001,,울산광역시 북구 화봉로 132-1,683805,44244,,,,129.369858122942,35.58498893819
MA0101202406A0224491,시연건설,,G2,소매,G210,철물·건설자재 소매,G21099,기타 건설/건축자재 소매업,G47519,"페인트, 창호 및 기타 건설자재 소매업",44,충청남도,44150,공주시,44150250,유구읍,4415025026,유구읍,4415025026103460003,1,대지,346,3,충청남도 공주시 유구읍 신영리 346-3,441504553734,충청남도 공주시 유구읍 신영1길,155,7,4415025026103460003000001,,충청남도 공주시 유구읍 신영1길 155-7,314893,32502,,,,126.969278776363,36.566298635263
MA0101202406A0233111,행복한건축,,G2,소매,G210,철물·건설자재 소매,G21099,기타 건설/건축자재 소매업,G47519,"페인트, 창호 및 기타 건설자재 소매업",41,경기도,41360,남양주시,41360256,화도읍,4136025622,화도읍,4136025622103370001,1,대지,337,1,경기도 남양주시 화도읍 묵현리 337-1,413604391306,경기도 남양주시 화도읍 묵현로25번길,18,48,4136025622103370001000003,,경기도 남양주시 화도읍 묵현로25번길 18-48,472846,12168,,지,,127.288433117537,37.6609781951267
MA0101202406A0257410,대성인테리어,,G2,소매,G210,철물·건설자재 소매,G21099,기타 건설/건축자재 소매업,G47519,"페인트, 창호 및 기타 건설자재 소매업",41,경기도,41290,과천시,41290560,문원동,4129010200,문원동,4129010200100980000,1,대지,98,,경기도 과천시 문원동 98,412903195018,경기도 과천시 문원로,72,,4129010200100980000000800,,경기도 과천시 문원로 72,427090,13828,,,,127.004790333992,37.4268997100156
MA0101202406A0214822,강구종합유통,,G2,소매,G210,철물·건설자재 소매,G21099,기타 건설/건축자재 소매업,G47519,"페인트, 창호 및 기타 건설자재 소매업",47,경상북도,47770,영덕군,47770310,강구면,4777031033,강구면,4777031033102930000,1,대지,293,,경상북도 영덕군 강구면 삼사리 293,477704754357,경상북도 영덕군 강구면 해상공원길,7,13,4777031033102930000021718,,경상북도 영덕군 강구면 해상공원길 7-13,766824,36460,,,,129.383325116753,36.3461091918704
MA0101202406A0265208,수민자재,,G2,소매,G210,철물·건설자재 소매,G21099,기타 건설/건축자재 소매업,G47519,"페인트, 창호 및 기타 건설자재 소매업",47,경상북도,47170,안동시,47170360,남후면,4717036024,남후면,4717036024108000000,1,대지,800,,경상북도 안동시 남후면 검암리 800,471704721385,경상북도 안동시 남후면 모운사길,2,47,4717036024108000000000001,,경상북도 안동시 남후면 모운사길 2-47,760871,36755,,,,128.646547130812,36.5400106580217
MA0101202406A0258723,삼원종합안전,,G2,소매,G210,철물·건설자재 소매,G21099,기타 건설/건축자재 소매업,G47519,"페인트, 창호 및 기타 건설자재 소매업",31,울산광역시,31140,남구,31140670,야음장생포동,3114010800,야음동,3114010800100140011,1,대지,14,11,울산광역시 남구 야음동 14-11,311404310847,울산광역시 남구 화합로71번길,11,,3114010800100140011000540,,울산광역시 남구 화합로71번길 11,680834,44757,,1,,129.340086047625,35.5311111969665
MA0101202406A0206384,엔에스이엔지,,G2,소매,G210,철물·건설자재 소매,G21099,기타 건설/건축자재 소매업,G47519,"페인트, 창호 및 기타 건설자재 소매업",11,서울특별시,11620,관악구,11620775,난곡동,1162010200,신림동,1162010200106540033,1,대지,654,33,서울특별시 관악구 신림동 654-33,116204160091,서울특별시 관악구 난곡로16길,15,,1162010200106540033001542,,서울특별시 관악구 난곡로16길 15,151889,08857,,1,,126.921471291065,37.4669057768223
MA0101202406A0224598,구일철물건재골재,,G2,소매,G210,철물·건설자재 소매,G21099,기타 건설/건축자재 소매업,G47519,"페인트, 창호 및 기타 건설자재 소매업",47,경상북도,47290,경산시,47290542,서부2동,4729011000,중산동,4729011000104730001,1,대지,473,1,경상북도 경산시 중산동 473-1,472903313081,경상북도 경산시 대학로,21,,4729011000104730001007163,구일철물,경상북도 경산시 대학로 21,712280,38653,,,,128.725099659177,35.8350927566621
MA0101202406A0225883,태광건축자재,,G2,소매,G210,철물·건설자재 소매,G21099,기타 건설/건축자재 소매업,G47519,"페인트, 창호 및 기타 건설자재 소매업",29,광주광역시,29155,남구,29155545,사직동,2915510200,구동,2915510200100010021,1,대지,1,21,광주광역시 남구 구동 1-21,291554283623,광주광역시 남구 천변좌로338번길,16,,2915510200100010021030844,구동오피스텔,광주광역시 남구 천변좌로338번길 16,503020,61636,,,,126.908815423182,35.1485760183322
MA0101202406A0203501,케이에스산업,,G2,소매,G210,철물·건설자재 소매,G21099,기타 건설/건축자재 소매업,G47519,"페인트, 창호 및 기타 건설자재 소매업",48,경상남도,48890,합천군,48890250,합천읍,4889025021,합천읍,4889025021106930007,1,대지,693,7,경상남도 합천군 합천읍 합천리 693-7,488903348032,경상남도 합천군 합천읍 충효로,40,1,4889025021106930007002524,,경상남도 합천군 합천읍 충효로 40-1,678807,50236,,,,128.160915579789,35.5639235492648
MA0101202406A0214958,창신에너지,,G2,소매,G210,철물·건설자재 소매,G21099,기타 건설/건축자재 소매업,G47519,"페인트, 창호 및 기타 건설자재 소매업",41,경기도,41480,파주시,41480253,파주읍,4148025323,파주읍,4148025323104210005,1,대지,421,5,경기도 파주시 파주읍 부곡리 421-5,414804418719,경기도 파주시 파주읍 정문로588번길,10,,4148025323104210005000001,,경기도 파주시 파주읍 정문로588번길 10,413861,10839,,,,126.81954348793,37.8088436033727
MA0101202406A0215123,성암스톤,,G2,소매,G210,철물·건설자재 소매,G21099,기타 건설/건축자재 소매업,G47519,"페인트, 창호 및 기타 건설자재 소매업",50,제주특별자치도,50110,제주시,50110259,조천읍,5011025924,조천읍,5011025924100650025,1,대지,65,25,제주특별자치도 제주시 조천읍 함덕리 65-25,501103349219,제주특별자치도 제주시 조천읍 함와로,175,,5011025924000650008065211,,제주특별자치도 제주시 조천읍 함와로 175,695965,63334,,,,126.678576348106,33.5249316611693
MA0101202406A0216708,조은상사,,G2,소매,G210,철물·건설자재 소매,G21099,기타 건설/건축자재 소매업,G47519,"페인트, 창호 및 기타 건설자재 소매업",51,강원특별자치도,51730,횡성군,51730250,횡성읍,5173025045,횡성읍,5173025045100120002,1,대지,12,2,강원특별자치도 횡성군 횡성읍 추동리 12-2,517303226086,강원특별자치도 횡성군 횡성읍 한우로,794,2,4273025045100120002000001,,강원특별자치도 횡성군 횡성읍 한우로 794-2,225806,25213,,,,128.036811333875,37.4924846767975
MA0101202406A0344391,우지핏,,G2,소매,G210,철물·건설자재 소매,G21099,기타 건설/건축자재 소매업,G47519,"페인트, 창호 및 기타 건설자재 소매업",11,서울특별시,11200,성동구,11200650,성수1가1동,1120011400,성수동1가,1120011400102730002,1,대지,273,2,서울특별시 성동구 성수동1가 273-2,112004109161,서울특별시 성동구 뚝섬로4길,18,1,1120011400102730001009464,,서울특별시 성동구 뚝섬로4길 18-1,133819,04775,,,,127.050226459603,37.5387673822355
MA0101202406A0303447,세븐향기,,G2,소매,G210,철물·건설자재 소매,G21099,기타 건설/건축자재 소매업,G47519,"페인트, 창호 및 기타 건설자재 소매업",43,충청북도,43130,충주시,43130250,주덕읍,4313025022,주덕읍,4313025022101680005,1,대지,168,5,충청북도 충주시 주덕읍 창전리 168-5,431302014003,충청북도 충주시 주덕읍 충청대로,2323,,4313025022101680005000001,,충청북도 충주시 주덕읍 충청대로 2323,380882,27463,,1,,127.778643011239,36.9635305037298
MA0101202406A0341370,진안상사,,G2,소매,G210,철물·건설자재 소매,G21099,기타 건설/건축자재 소매업,G47519,"페인트, 창호 및 기타 건설자재 소매업",52,전북특별자치도,52720,진안군,52720330,동향면,5272033021,동향면,5272033021106500003,1,대지,650,3,전북특별자치도 진안군 동향면 대량리 650-3,527204622218,전북특별자치도 진안군 동향면 양지길,33,1,4572033021106500003031709,,전북특별자치도 진안군 동향면 양지길 33-1,567861,55447,,,,127.568444869325,35.8395077436396
MA0101202406A0344325,태건철물전기,,G2,소매,G210,철물·건설자재 소매,G21099,기타 건설/건축자재 소매업,G47519,"페인트, 창호 및 기타 건설자재 소매업",28,인천광역시,28177,미추홀구,28177700,관교동,2817710600,관교동,2817710600104750007,1,대지,475,7,인천광역시 미추홀구 관교동 475-7,281773151018,인천광역시 미추홀구 주승로,195,,2817010800104750007041171,관교동,인천광역시 미추홀구 주승로 195,402080,22240,,1,,126.692034716542,37.4448973303534
MA0101202406A0293220,상우종합상사,,G2,소매,G210,철물·건설자재 소매,G21099,기타 건설/건축자재 소매업,G47519,"페인트, 창호 및 기타 건설자재 소매업",27,대구광역시,27290,달서구,27290563,죽전동,2729011200,죽전동,2729011200103650003,1,대지,365,3,대구광역시 달서구 죽전동 365-3,272903143015,대구광역시 달서구 평리로,112,,2729011200103650003017649,,대구광역시 달서구 평리로 112,704932,42627,,1,,128.536765134856,35.8583757861311
MA0101202406A0302085,대명시스템,,G2,소매,G210,철물·건설자재 소매,G21099,기타 건설/건축자재 소매업,G47519,"페인트, 창호 및 기타 건설자재 소매업",41,경기도,41281,고양시 덕양구,41281610,능곡동,4128112100,내곡동,4128112100100730001,1,대지,73,1,경기도 고양시 덕양구 내곡동 73-1,412814376035,경기도 고양시 덕양구 내곡길,168,1,4128112100100730001017758,,경기도 고양시 덕양구 내곡길 168-1,412260,10457,,,,126.808790008566,37.6409668397039
MA0101202406A0325564,에스비종합상사,,G2,소매,G210,철물·건설자재 소매,G21099,기타 건설/건축자재 소매업,G47519,"페인트, 창호 및 기타 건설자재 소매업",47,경상북도,47930,울진군,47930250,울진읍,4793025023,울진읍,4793025023100070000,1,대지,7,,경상북도 울진군 울진읍 연지리 7,479304775068,경상북도 울진군 울진읍 대나리항길,267,4,4793025023100070000024658,,경상북도 울진군 울진읍 대나리항길 267-4,767805,36321,,,,129.416723178876,37.0050771044636
MA0101202406A0296430,에스디인테리어,,G2,소매,G210,철물·건설자재 소매,G21099,기타 건설/건축자재 소매업,G47519,"페인트, 창호 및 기타 건설자재 소매업",47,경상북도,47250,상주시,47250530,북문동,4725010900,무양동,4725010900102660008,1,대지,266,8,경상북도 상주시 무양동 266-8,472503311016,경상북도 상주시 동수로,92,,4725010900102660008000001,,경상북도 상주시 동수로 92,742906,37180,,2,,128.155857456582,36.4200459128408
MA0101202406A0350919,대일상사,,G2,소매,G210,철물·건설자재 소매,G21099,기타 건설/건축자재 소매업,G47519,"페인트, 창호 및 기타 건설자재 소매업",41,경기도,41281,고양시 덕양구,41281660,화전동,4128112900,화전동,4128112900105140073,1,대지,514,73,경기도 고양시 덕양구 화전동 514-73,412814376357,경기도 고양시 덕양구 화랑로102번길,1,,4128112900105140073018719,,경기도 고양시 덕양구 화랑로102번길 1,412160,10538,,,,126.868650269833,37.6074328625282
MA0101202406A0328797,김광일,,G2,소매,G210,철물·건설자재 소매,G21099,기타 건설/건축자재 소매업,G47519,"페인트, 창호 및 기타 건설자재 소매업",41,경기도,41630,양주시,41630310,은현면,4163031026,은현면,4163031026105640003,1,대지,564,3,경기도 양주시 은현면 도하리 564-3,416304436239,경기도 양주시 은현면 삼일로342번길,195,,4163031026105640003000001,,경기도 양주시 은현면 삼일로342번길 195,482861,11432,,,,127.001079392588,37.8488220779393
MA0101202406A0346914,화원산업,,G2,소매,G210,철물·건설자재 소매,G21099,기타 건설/건축자재 소매업,G47519,"페인트, 창호 및 기타 건설자재 소매업",29,광주광역시,29200,광산구,29200620,비아동,2920011400,수완동,2920011400102160000,1,대지,216,,광주광역시 광산구 수완동 216,292002009002,광주광역시 광산구 북문대로,619,20,2920011400102160000000001,,광주광역시 광산구 북문대로 619-20,506300,62245,,3,,126.833689520311,35.206210005056
MA0101202406A0296760,제일건재삼화페인트,,G2,소매,G210,철물·건설자재 소매,G21099,기타 건설/건축자재 소매업,G47519,"페인트, 창호 및 기타 건설자재 소매업",41,경기도,41830,양평군,41830250,양평읍,4183025025,양평읍,4183025025105020000,1,대지,502,,경기도 양평군 양평읍 공흥리 502,418303217038,경기도 양평군 양평읍 시민로,63,,4183025025105020000019080,,경기도 양평군 양평읍 시민로 63,476801,12559,,,,127.498710041752,37.4911615783943
MA0101202406A0336339,중앙건재,,G2,소매,G210,철물·건설자재 소매,G21099,기타 건설/건축자재 소매업,G47519,"페인트, 창호 및 기타 건설자재 소매업",46,전라남도,46890,완도군,46890330,고금면,4689033021,고금면,4689033021100510000,1,대지,51,,전라남도 완도군 고금면 농상리 51,468904700149,전라남도 완도군 고금면 농상도남길,27,,4689033021100510000000001,,전라남도 완도군 고금면 농상도남길 27,537871,59130,,,,126.804806202728,34.3952483691249
MA0101202406A0355066,실로암시스템,,G2,소매,G210,철물·건설자재 소매,G21099,기타 건설/건축자재 소매업,G47519,"페인트, 창호 및 기타 건설자재 소매업",41,경기도,41500,이천시,41500360,모가면,4150036029,모가면,4150036029103120000,1,대지,312,,경기도 이천시 모가면 신갈리 312,415004421337,경기도 이천시 모가면 사실로1026번길,171,16,4150036029103120000000001,,경기도 이천시 모가면 사실로1026번길 171-16,467871,17406,,,,127.45479641717,37.1962990032892
MA0101202406A0324852,대한에서세계로,,G2,소매,G210,철물·건설자재 소매,G21099,기타 건설/건축자재 소매업,G47519,"페인트, 창호 및 기타 건설자재 소매업",29,광주광역시,29140,서구,29140660,농성2동,2914010600,농성동,2914010600106470006,1,대지,647,6,광주광역시 서구 농성동 647-6,291402009001,광주광역시 서구 대남대로,462,1,2914010600106470006015072,,광주광역시 서구 대남대로 462-1,502847,61927,,3,,126.886248389424,35.1515224107589
MA0101202406A0361937,남서울건재,,G2,소매,G210,철물·건설자재 소매,G21099,기타 건설/건축자재 소매업,G47519,"페인트, 창호 및 기타 건설자재 소매업",41,경기도,41271,안산시 상록구,41271600,반월동,4127111100,건건동,4127111100106430014,1,대지,643,14,경기도 안산시 상록구 건건동 643-14,412713190082,경기도 안산시 상록구 건건로,53,,4127111100106430010043826,,경기도 안산시 상록구 건건로 53,426210,15521,,,,126.902609817582,37.3060140570199
MA0101202406A0279730,우리창호,,G2,소매,G210,철물·건설자재 소매,G21099,기타 건설/건축자재 소매업,G47519,"페인트, 창호 및 기타 건설자재 소매업",27,대구광역시,27200,남구,27200560,대명1동,2720010300,대명동,2720010300112210004,1,대지,1221,4,대구광역시 남구 대명동 1221-4,272004232032,대구광역시 남구 대경길,132,2,2720010300112210004006949,,대구광역시 남구 대경길 132-2,705808,42468,,,,128.573131646376,35.8450276209794
MA0101202406A0329256,대하,,G2,소매,G210,철물·건설자재 소매,G21099,기타 건설/건축자재 소매업,G47519,"페인트, 창호 및 기타 건설자재 소매업",41,경기도,41390,시흥시,41390591,정왕1동,4139013200,정왕동,4139013200114070013,1,대지,1407,13,경기도 시흥시 정왕동 1407-13,413903199052,경기도 시흥시 큰솔로,34,,4139013200114070013017969,,경기도 시흥시 큰솔로 34,429855,15060,,,,126.752170059383,37.3405654219463
MA0101202406A0342331,씨와이산업,,G2,소매,G210,철물·건설자재 소매,G21099,기타 건설/건축자재 소매업,G47519,"페인트, 창호 및 기타 건설자재 소매업",47,경상북도,47820,청도군,47820253,청도읍,4782025339,청도읍,4782025339105240051,1,대지,524,51,경상북도 청도군 청도읍 유호리 524-51,478204757421,경상북도 청도군 청도읍 유천강변길,20,1,4782025339105240051046918,,경상북도 청도군 청도읍 유천강변길 20-1,714801,38349,,1,,128.7696198131,35.5707175772263
MA0101202406A0311406,한국메쉬,,G2,소매,G210,철물·건설자재 소매,G21099,기타 건설/건축자재 소매업,G47519,"페인트, 창호 및 기타 건설자재 소매업",27,대구광역시,27170,서구,27170630,평리2동,2717010300,평리동,2717010300111130006,1,대지,1113,6,대구광역시 서구 평리동 1113-6,271704229047,대구광역시 서구 국채보상로60길,62,,2717010300111130006001814,,대구광역시 서구 국채보상로60길 62,703845,41820,,,,128.564497934658,35.8663984696193
MA0101202406A0363672,다온상사,,G2,소매,G210,철물·건설자재 소매,G21099,기타 건설/건축자재 소매업,G47519,"페인트, 창호 및 기타 건설자재 소매업",27,대구광역시,27170,서구,27170525,내당2.3동,2717010100,내당동,2717010100109050002,1,대지,905,2,대구광역시 서구 내당동 905-2,271704229080,대구광역시 서구 달구벌대로377길,16,2,2717010100109050002006651,,대구광역시 서구 달구벌대로377길 16-2,703806,41870,,1,,128.569415116483,35.8636759363623
MA0101202406A0356579,와이제이창호,,G2,소매,G210,철물·건설자재 소매,G21099,기타 건설/건축자재 소매업,G47519,"페인트, 창호 및 기타 건설자재 소매업",47,경상북도,47150,김천시,47150575,대신동,4715011700,대광동,4715011700102890001,1,대지,289,1,경상북도 김천시 대광동 289-1,471504718021,경상북도 김천시 감남골길,1,2,4715011700102890001029267,,경상북도 김천시 감남골길 1-2,740170,39539,,,,128.147527885858,36.1470819445221
MA0101202406A0275680,호남산업개발,,G2,소매,G210,철물·건설자재 소매,G21099,기타 건설/건축자재 소매업,G47519,"페인트, 창호 및 기타 건설자재 소매업",29,광주광역시,29140,서구,29140740,유덕동,2914011600,유촌동,2914011600105950005,1,대지,595,5,광주광역시 서구 유촌동 595-5,291404280372,광주광역시 서구 유덕로6번길,30,41,2914011600105950005000001,,광주광역시 서구 유덕로6번길 30-41,502861,61901,,,,126.853053948001,35.1677922795927
MA0101202406A0315965,에코빌드,,G2,소매,G210,철물·건설자재 소매,G21099,기타 건설/건축자재 소매업,G47519,"페인트, 창호 및 기타 건설자재 소매업",11,서울특별시,11710,송파구,11710610,삼전동,1171010600,삼전동,1171010600100030000,1,대지,3,,서울특별시 송파구 삼전동 3,117103123007,서울특별시 송파구 삼전로,92,,1171010600100030000007646,,서울특별시 송파구 삼전로 92,138837,05599,,3,,127.090219376672,37.5064787052102
MA0101202406A0441110,더조은하우징,,G2,소매,G210,철물·건설자재 소매,G21099,기타 건설/건축자재 소매업,G47519,"페인트, 창호 및 기타 건설자재 소매업",50,제주특별자치도,50110,제주시,50110256,구좌읍,5011025632,구좌읍,5011025632127640015,1,대지,2764,15,제주특별자치도 제주시 구좌읍 종달리 2764-15,501103349105,제주특별자치도 제주시 구좌읍 세종로,355,,5011025632127640014000001,,제주특별자치도 제주시 구좌읍 세종로 355,695976,63354,,2,,126.891233571006,33.498757795973
MA0101202406A0398578,혜찬,,G2,소매,G210,철물·건설자재 소매,G21099,기타 건설/건축자재 소매업,G47519,"페인트, 창호 및 기타 건설자재 소매업",48,경상남도,48127,창원시 마산회원구,48127570,양덕2동,4812710500,양덕동,4812710500101740012,1,대지,174,12,경상남도 창원시 마산회원구 양덕동 174-12,481273328037,경상남도 창원시 마산회원구 봉양로,41,,4812710500101740012091665,,경상남도 창원시 마산회원구 봉양로 41,630813,51345,,,,128.591978246093,35.2217056191258
MA0101202406A0386613,진성종합건재,,G2,소매,G210,철물·건설자재 소매,G21099,기타 건설/건축자재 소매업,G47519,"페인트, 창호 및 기타 건설자재 소매업",43,충청북도,43150,제천시,43150518,의림지동,4315011500,고암동,4315011500102790000,1,대지,279,,충청북도 제천시 고암동 279,431503239010,충청북도 제천시 내토로,1001,,4315011500107520002000356,,충청북도 제천시 내토로 1001,390890,27140,,,,128.2351543558,37.1639282232764
MA0101202406A0441523,"태영알미늄샷시,스탠",,G2,소매,G210,철물·건설자재 소매,G21099,기타 건설/건축자재 소매업,G47519,"페인트, 창호 및 기타 건설자재 소매업",51,강원특별자치도,51230,삼척시,51230250,도계읍,5123025027,도계읍,5123025027100900009,1,대지,90,9,강원특별자치도 삼척시 도계읍 늑구리 90-9,512304472066,강원특별자치도 삼척시 도계읍 늑구점리1길,18,,4223025027100900009000001,,강원특별자치도 삼척시 도계읍 늑구점리1길 18,245904,25946,,1,,129.058088251136,37.2590939587691
MA0101202406A0389784,헤센231,,G2,소매,G210,철물·건설자재 소매,G21099,기타 건설/건축자재 소매업,G47519,"페인트, 창호 및 기타 건설자재 소매업",41,경기도,41590,화성시,41590550,반월동,4159012000,반월동,4159012000109760000,1,대지,976,,경기도 화성시 반월동 976,415904862106,경기도 화성시 영통로60번길,7,,4159012000109760000000001,아이티타워,경기도 화성시 영통로60번길 7,445330,18379,,2,,127.061948580999,37.2368019330531
MA0101202406A0398892,제이에스파일,,G2,소매,G210,철물·건설자재 소매,G21099,기타 건설/건축자재 소매업,G47519,"페인트, 창호 및 기타 건설자재 소매업",28,인천광역시,28177,미추홀구,28177630,주안2동,2817710500,주안동,2817710500105980019,1,대지,598,19,인천광역시 미추홀구 주안동 598-19,281774253138,인천광역시 미추홀구 남주길31번길,19,1,2817010600105980019026486,,인천광역시 미추홀구 남주길31번길 19-1,402844,22156,,지,,126.670982962079,37.4549229028717
MA0101202406A0402249,지성산업,,G2,소매,G210,철물·건설자재 소매,G21099,기타 건설/건축자재 소매업,G47519,"페인트, 창호 및 기타 건설자재 소매업",28,인천광역시,28260,서구,28260537,청라2동,2826012200,청라동,2826012200101800010,1,대지,180,10,인천광역시 서구 청라동 180-10,282603156127,인천광역시 서구 청라커낼로,229,10,2826010400109620010000001,,인천광역시 서구 청라커낼로 229-10,,22763,,1,,126.643811280295,37.5290327035367
MA0101202406A0415276,고구마하우징,,G2,소매,G210,철물·건설자재 소매,G21099,기타 건설/건축자재 소매업,G47519,"페인트, 창호 및 기타 건설자재 소매업",41,경기도,41830,양평군,41830400,용문면,4183040030,용문면,4183040030104570009,1,대지,457,9,경기도 양평군 용문면 조현리 457-9,418303217020,경기도 양평군 용문면 용문산로,338,9,4183040030104570009000001,,경기도 양평군 용문면 용문산로 338-9,476843,12511,,,,127.603244559591,37.5244882766676
MA0101202406A0444790,아이비건설,,G2,소매,G210,철물·건설자재 소매,G21099,기타 건설/건축자재 소매업,G47519,"페인트, 창호 및 기타 건설자재 소매업",41,경기도,41192,부천시 원미구,41192520,심곡2동,4119210200,심곡동,4119210200101440017,1,대지,144,17,경기도 부천시 원미구 심곡동 144-17,411924352192,경기도 부천시 원미구 부천로6번길,41,,4119010200101440017000001,제이타운,경기도 부천시 원미구 부천로6번길 41,420822,14643,,,,126.785117496952,37.4845764567597
MA0101202406A0447436,이엘테크,,G2,소매,G210,철물·건설자재 소매,G21099,기타 건설/건축자재 소매업,G47519,"페인트, 창호 및 기타 건설자재 소매업",11,서울특별시,11260,중랑구,11260660,망우3동,1126010500,망우동,1126010500104740024,1,대지,474,24,서울특별시 중랑구 망우동 474-24,112604118035,서울특별시 중랑구 겸재로61길,74,,1126010500104740024001969,,서울특별시 중랑구 겸재로61길 74,131807,02174,,,,127.094706218759,37.5933854765303
MA0101202406A0460357,여주사랑시민연합,,G2,소매,G210,철물·건설자재 소매,G21099,기타 건설/건축자재 소매업,G47519,"페인트, 창호 및 기타 건설자재 소매업",41,경기도,41670,여주시,41670520,중앙동,4167010900,월송동,4167010900103160005,1,대지,316,5,경기도 여주시 월송동 316-5,416703214050,경기도 여주시 월평로,61,6,4167010900103160007000001,,경기도 여주시 월평로 61-6,469109,12645,,2,,127.605635611131,37.2766087407101
MA0101202406A0379609,오케이방충망,,G2,소매,G210,철물·건설자재 소매,G21099,기타 건설/건축자재 소매업,G47519,"페인트, 창호 및 기타 건설자재 소매업",48,경상남도,48250,김해시,48250590,삼안동,4825011900,삼방동,4825011900101760003,1,대지,176,3,경상남도 김해시 삼방동 176-3,482504805899,경상남도 김해시 활천로267번길,27,13,4825011900101760003000001,,경상남도 김해시 활천로267번길 27-13,621909,50818,,,,128.907777450079,35.245292511464
MA0101202406A0388746,가수원건재,,G2,소매,G210,철물·건설자재 소매,G21099,기타 건설/건축자재 소매업,G47519,"페인트, 창호 및 기타 건설자재 소매업",30,대전광역시,30170,서구,30170590,가수원동,3017011400,가수원동,3017011400107660007,1,대지,766,7,대전광역시 서구 가수원동 766-7,301703000096,대전광역시 서구 벌곡로,1373,,3017011400107660007016399,,대전광역시 서구 벌곡로 1373,302802,35387,,,,127.353585991219,36.3036840095804
MA0101202406A0420203,헤센232,,G2,소매,G210,철물·건설자재 소매,G21099,기타 건설/건축자재 소매업,G47519,"페인트, 창호 및 기타 건설자재 소매업",41,경기도,41590,화성시,41590550,반월동,4159012000,반월동,4159012000109760000,1,대지,976,,경기도 화성시 반월동 976,415904862106,경기도 화성시 영통로60번길,7,,4159012000109760000000001,아이티타워,경기도 화성시 영통로60번길 7,445330,18379,,2,,127.061948580999,37.2368019330531
MA0101202406A0446701,주원산업,,G2,소매,G210,철물·건설자재 소매,G21099,기타 건설/건축자재 소매업,G47519,"페인트, 창호 및 기타 건설자재 소매업",28,인천광역시,28177,미추홀구,28177700,관교동,2817710600,관교동,2817710600104890004,1,대지,489,4,인천광역시 미추홀구 관교동 489-4,281774253005,인천광역시 미추홀구 경원대로658번길,15,15,2817010800104890004131623,,인천광역시 미추홀구 경원대로658번길 15-15,402080,22243,,,,126.693151805969,37.4425395861269
MA0101202406A0447575,시원덕트,,G2,소매,G210,철물·건설자재 소매,G21099,기타 건설/건축자재 소매업,G47519,"페인트, 창호 및 기타 건설자재 소매업",41,경기도,41550,안성시,41550250,공도읍,4155025021,공도읍,4155025021103520006,1,대지,352,6,경기도 안성시 공도읍 양기리 352-6,415504424461,경기도 안성시 공도읍 양기길,44,28,4155025021103520006000001,,경기도 안성시 공도읍 양기길 44-28,456824,17558,,,,127.198994998447,37.0038253822565
MA0101202406A0370660,제일유통,,G2,소매,G210,철물·건설자재 소매,G21099,기타 건설/건축자재 소매업,G47519,"페인트, 창호 및 기타 건설자재 소매업",28,인천광역시,28260,서구,28260560,석남2동,2826011000,석남동,2826011000106550040,1,대지,655,40,인천광역시 서구 석남동 655-40,282604790433,인천광역시 서구 북항로31번길,62,,2826011000106550040000001,,인천광역시 서구 북항로31번길 62,404222,22769,,,,126.644689792205,37.5012305117576
MA0101202406A0427711,채움,,G2,소매,G210,철물·건설자재 소매,G21099,기타 건설/건축자재 소매업,G47519,"페인트, 창호 및 기타 건설자재 소매업",26,부산광역시,26380,사하구,26380571,신평1동,2638010400,신평동,2638010400101610008,1,대지,161,8,부산광역시 사하구 신평동 161-8,263804202180,부산광역시 사하구 다대로130번길,125,,2638010400101610008024815,,부산광역시 사하구 다대로130번길 125,604832,49441,,1,,128.975370375264,35.0929452482638
MA0101202406A0451429,홈케어솔루션,,G2,소매,G210,철물·건설자재 소매,G21099,기타 건설/건축자재 소매업,G47519,"페인트, 창호 및 기타 건설자재 소매업",28,인천광역시,28720,옹진군,28720360,영흥면,2872036022,영흥면,2872036022113280094,1,대지,1328,94,인천광역시 옹진군 영흥면 내리 1328-94,287203158031,인천광역시 옹진군 영흥면 영흥서로,396,26,2872036022113280094000001,,인천광역시 옹진군 영흥면 영흥서로 396-26,409871,23117,,1,,126.462146225935,37.2821080259791
MA0101202406A0456439,태양,,G2,소매,G210,철물·건설자재 소매,G21099,기타 건설/건축자재 소매업,G47519,"페인트, 창호 및 기타 건설자재 소매업",11,서울특별시,11620,관악구,11620665,서림동,1162010200,신림동,1162010200115640073,1,대지,1564,73,서울특별시 관악구 신림동 1564-73,116204160590,서울특별시 관악구 쑥고개로2라길,6,,1162010200115640073019024,,서울특별시 관악구 쑥고개로2라길 6,151854,08829,,,,126.939822000583,37.4755662466186
MA0101202406A0438550,청주감성방충망,,G2,소매,G210,철물·건설자재 소매,G21099,기타 건설/건축자재 소매업,G47519,"페인트, 창호 및 기타 건설자재 소매업",43,충청북도,43111,청주시 상당구,43111720,용암1동,4311112400,용암동,4311112400123270000,1,대지,2327,,충청북도 청주시 상당구 용암동 2327,431114508105,충청북도 청주시 상당구 낙영로16번길,14,,4311112400123270000030697,,충청북도 청주시 상당구 낙영로16번길 14,360812,28767,,,,127.508591712307,36.6166905858866
MA0101202406A0408447,보성산업,,G2,소매,G210,철물·건설자재 소매,G21099,기타 건설/건축자재 소매업,G47519,"페인트, 창호 및 기타 건설자재 소매업",48,경상남도,48170,진주시,48170673,상대동,4817011900,상대동,4817011900103100064,1,대지,310,64,경상남도 진주시 상대동 310-64,481704796307,경상남도 진주시 대신로207번길,18,,4817011900103100064405759,,경상남도 진주시 대신로207번길 18,660807,52798,,,,128.115588158958,35.178922918724
MA0101202406A0412858,씨엘건재,,G2,소매,G210,철물·건설자재 소매,G21099,기타 건설/건축자재 소매업,G47519,"페인트, 창호 및 기타 건설자재 소매업",41,경기도,41285,고양시 일산동구,41285600,고봉동,4128511100,설문동,4128511100105830003,1,대지,583,3,경기도 고양시 일산동구 설문동 583-3,412854379235,경기도 고양시 일산동구 은마길,239,29,4128511100105830003000001,,경기도 고양시 일산동구 은마길 239-29,410819,10252,,,,126.799440791217,37.7258233175778
MA0101202406A0449074,아하보드,코리아,G2,소매,G210,철물·건설자재 소매,G21099,기타 건설/건축자재 소매업,G47519,"페인트, 창호 및 기타 건설자재 소매업",28,인천광역시,28245,계양구,28245611,계산1동,2824510200,계산동,2824510200109480004,1,대지,948,4,인천광역시 계양구 계산동 948-4,282453008034,인천광역시 계양구 주부토로,519,,2824510200109480004179029,D,인천광역시 계양구 주부토로 519,407806,21050,,5,,126.728064739068,37.5405823047647
MA0101202406A0427986,태양석재,,G2,소매,G210,철물·건설자재 소매,G21099,기타 건설/건축자재 소매업,G47519,"페인트, 창호 및 기타 건설자재 소매업",41,경기도,41273,안산시 단원구,41273590,선부2동,4127310900,선부동,4127310900101770002,1,대지,177,2,경기도 안산시 단원구 선부동 177-2,412734373062,경기도 안산시 단원구 대쟁이길,8,,4127310900101770002026170,,경기도 안산시 단원구 대쟁이길 8,425826,15210,,,,126.798388801222,37.3507176972949
MA0101202406A0453183,울산방충망제작소,,G2,소매,G210,철물·건설자재 소매,G21099,기타 건설/건축자재 소매업,G47519,"페인트, 창호 및 기타 건설자재 소매업",31,울산광역시,31140,남구,31140540,신정4동,3114010400,신정동,3114010400106850004,1,대지,685,4,울산광역시 남구 신정동 685-4,311403170026,울산광역시 남구 삼산로,48,,3114010400106850004029038,효천빌딩,울산광역시 남구 삼산로 48,680735,44730,,12,,129.313001705194,35.5333910109185
MA0101202406A0434104,덕유,,G2,소매,G210,철물·건설자재 소매,G21099,기타 건설/건축자재 소매업,G47519,"페인트, 창호 및 기타 건설자재 소매업",41,경기도,41192,부천시 원미구,41192630,중1동,4119210800,중동,4119210800111600000,1,대지,1160,,경기도 부천시 원미구 중동 1160,411923184007,경기도 부천시 원미구 소향로,135,,4119510800111600000026084,일부호부일상호신용금고,경기도 부천시 원미구 소향로 135,420852,14547,,3,,126.762968163296,37.5023649878244
MA0101202406A0453278,에코그린방충망,,G2,소매,G210,철물·건설자재 소매,G21099,기타 건설/건축자재 소매업,G47519,"페인트, 창호 및 기타 건설자재 소매업",27,대구광역시,27170,서구,27170540,내당4동,2717010100,내당동,2717010100102560018,1,대지,256,18,대구광역시 서구 내당동 256-18,271704229238,대구광역시 서구 서대구로5길,12,,2717010100102560018013613,,대구광역시 서구 서대구로5길 12,703804,41852,,1,,128.555327250132,35.8605339403282
MA0101202406A0455205,발렌타일,,G2,소매,G210,철물·건설자재 소매,G21099,기타 건설/건축자재 소매업,G47519,"페인트, 창호 및 기타 건설자재 소매업",41,경기도,41570,김포시,41570515,김포본동,4157010500,감정동,4157010500105200016,1,대지,520,16,경기도 김포시 감정동 520-16,415703209114,경기도 김포시 중봉로,41,,4157010500105200005047548,,경기도 김포시 중봉로 41,415010,10103,,1,,126.696362354991,37.6264054391322
MA0101202406A0419437,매여울건설,,G2,소매,G210,철물·건설자재 소매,G21099,기타 건설/건축자재 소매업,G47519,"페인트, 창호 및 기타 건설자재 소매업",41,경기도,41287,고양시 일산서구,41287545,탄현1동,4128710300,탄현동,4128710300115630003,1,대지,1563,3,경기도 고양시 일산서구 탄현동 1563-3,412873194022,경기도 고양시 일산서구 일현로,47,,4128710300115630003003731,큰프라자,경기도 고양시 일산서구 일현로 47,411320,10343,,2,,126.762764064078,37.6915633204512
MA0101202406A0431357,파주건축자재,,G2,소매,G210,철물·건설자재 소매,G21099,기타 건설/건축자재 소매업,G47519,"페인트, 창호 및 기타 건설자재 소매업",41,경기도,41480,파주시,41480310,월롱면,4148031022,월롱면,4148031022101980009,1,대지,198,9,경기도 파주시 월롱면 도내리 198-9,414803206102,경기도 파주시 월롱면 홀작로,100,,4148031022101980009000001,,경기도 파주시 월롱면 홀작로 100,413812,10947,,,,126.825744953248,37.7841846639052
MA0101202406A0384965,퍼펙트쉴드대구,1호점,G2,소매,G210,철물·건설자재 소매,G21099,기타 건설/건축자재 소매업,G47519,"페인트, 창호 및 기타 건설자재 소매업",27,대구광역시,27710,달성군,27710256,다사읍,2771025628,다사읍,2771025628115220015,1,대지,1522,15,대구광역시 달성군 다사읍 매곡리 1522-15,277104244191,대구광역시 달성군 다사읍 대실역북로5길,56,,2771025628115220003012862,,대구광역시 달성군 다사읍 대실역북로5길 56,711812,42911,,,,128.465004503373,35.8653191907046
MA0101202406A0534256,빅앤빅,울산지점,G2,소매,G210,철물·건설자재 소매,G21099,기타 건설/건축자재 소매업,G47519,"페인트, 창호 및 기타 건설자재 소매업",31,울산광역시,31140,남구,31140570,삼산동,3114010500,달동,3114010500112500010,1,대지,1250,10,울산광역시 남구 달동 1250-10,311404310285,울산광역시 남구 번영로124번길,21,,3114010500112500010006751,,울산광역시 남구 번영로124번길 21,680804,44718,,3,,129.330811647971,35.5370666758831
MA0101202406A0470156,청년방충망강서점,,G2,소매,G210,철물·건설자재 소매,G21099,기타 건설/건축자재 소매업,G47519,"페인트, 창호 및 기타 건설자재 소매업",11,서울특별시,11500,강서구,11500611,발산1동,1150010600,내발산동,1150010600107500011,1,대지,750,11,서울특별시 강서구 내발산동 750-11,115004145058,서울특별시 강서구 강서로47길,165,,1150010600107500011000001,신원메디칼프라자,서울특별시 강서구 강서로47길 165,157937,07635,,9,,126.826917383628,37.5534365991788
MA0101202406A0496423,태승전기건설,,G2,소매,G210,철물·건설자재 소매,G21099,기타 건설/건축자재 소매업,G47519,"페인트, 창호 및 기타 건설자재 소매업",30,대전광역시,30140,중구,30140620,석교동,3014010900,옥계동,3014010900100160005,1,대지,16,5,대전광역시 중구 옥계동 16-5,301404295267,대전광역시 중구 모암로7번길,55,,3014010900100160005029760,,대전광역시 중구 모암로7번길 55,301820,35068,,2,,127.451394908666,36.3016424921878
MA0101202406A0505396,제일석재,,G2,소매,G210,철물·건설자재 소매,G21099,기타 건설/건축자재 소매업,G47519,"페인트, 창호 및 기타 건설자재 소매업",48,경상남도,48850,하동군,48850370,진교면,4885037021,진교면,4885037021103020362,1,대지,302,362,경상남도 하동군 진교면 진교리 302-362,488504832260,경상남도 하동군 진교면 선창길,1,,4885037021103020362000001,,경상남도 하동군 진교면 선창길 1,667913,52348,,,,127.906859155126,35.0255108294573
MA0101202406A0511393,다산상사,,G2,소매,G210,철물·건설자재 소매,G21099,기타 건설/건축자재 소매업,G47519,"페인트, 창호 및 기타 건설자재 소매업",27,대구광역시,27230,북구,27230800,국우동,2723012000,학정동,2723012000109410013,1,대지,941,13,대구광역시 북구 학정동 941-13,272304235478,대구광역시 북구 학정로106길,2,,2723012000109410013000001,,대구광역시 북구 학정로106길 2,702912,41416,,,,128.565760735123,35.9518733110061
MA0101202406A0526423,다원테크,,G2,소매,G210,철물·건설자재 소매,G21099,기타 건설/건축자재 소매업,G47519,"페인트, 창호 및 기타 건설자재 소매업",28,인천광역시,28185,연수구,28185766,청학동,2818510400,청학동,2818510400105400005,1,대지,540,5,인천광역시 연수구 청학동 540-5,281854256252,인천광역시 연수구 청학로16번길,61,7,2818510400105400005037554,호,인천광역시 연수구 청학로16번길 61-7,406829,21904,,2,,126.667111689302,37.4282060941835
MA0101202406A0534371,강동건자재,,G2,소매,G210,철물·건설자재 소매,G21099,기타 건설/건축자재 소매업,G47519,"페인트, 창호 및 기타 건설자재 소매업",27,대구광역시,27140,동구,27140755,혁신동,2714012300,각산동,2714012300110330002,1,대지,1033,2,대구광역시 동구 각산동 1033-2,271403000052,대구광역시 동구 경안로,855,,2714012300110330002000001,라온프라자,대구광역시 동구 경안로 855,701290,41065,,3,,128.713796846132,35.878607766682
MA0101202406A0537123,하나기업,,G2,소매,G210,철물·건설자재 소매,G21099,기타 건설/건축자재 소매업,G47519,"페인트, 창호 및 기타 건설자재 소매업",44,충청남도,44810,예산군,44810350,응봉면,4481035025,응봉면,4481035025101730001,1,대지,173,1,충청남도 예산군 응봉면 평촌리 173-1,448104589547,충청남도 예산군 응봉면 평촌세곡길,12,18,4481035025101730001000001,,충청남도 예산군 응봉면 평촌세곡길 12-18,340832,32447,,,,126.78527612426,36.6346500367511
MA0101202406A0511462,미강건재철물,,G2,소매,G210,철물·건설자재 소매,G21099,기타 건설/건축자재 소매업,G47519,"페인트, 창호 및 기타 건설자재 소매업",48,경상남도,48121,창원시 의창구,48121320,대산면,4812132024,대산면,4812132024103910041,1,대지,391,41,경상남도 창원시 의창구 대산면 가술리 391-41,481213327045,경상남도 창원시 의창구 대산면 주남로,531,,4812132024103910012037410,,경상남도 창원시 의창구 대산면 주남로 531,641921,51124,,,,128.706303331025,35.3315822235172
MA0101202406A0519004,아스피데스,,G2,소매,G210,철물·건설자재 소매,G21099,기타 건설/건축자재 소매업,G47519,"페인트, 창호 및 기타 건설자재 소매업",41,경기도,41360,남양주시,41360340,수동면,4136034025,수동면,4136034025103640001,1,대지,364,1,경기도 남양주시 수동면 외방리 364-1,413603197058,경기도 남양주시 수동면 축령산로,206,5,4136034025103640001000001,주,경기도 남양주시 수동면 축령산로 206-5,472853,12025,,,,127.306179457374,37.7460482636233
MA0101202406A0490649,정장상사,,G2,소매,G210,철물·건설자재 소매,G21099,기타 건설/건축자재 소매업,G47519,"페인트, 창호 및 기타 건설자재 소매업",48,경상남도,48880,거창군,48880250,거창읍,4888025028,거창읍,4888025028106980000,1,대지,698,,경상남도 거창군 거창읍 정장리 698,488804841526,경상남도 거창군 거창읍 정장길,292,10,4888025028106980000018000,,경상남도 거창군 거창읍 정장길 292-10,670801,50147,,,,127.920473424624,35.6679040193197
MA0101202406A0463142,대성공사,,G2,소매,G210,철물·건설자재 소매,G21099,기타 건설/건축자재 소매업,G47519,"페인트, 창호 및 기타 건설자재 소매업",41,경기도,41830,양평군,41830330,양서면,4183033022,양서면,4183033022102100010,1,대지,210,10,경기도 양평군 양서면 용담리 210-10,418304452029,경기도 양평군 양서면 용담2길,28,11,4183033022102100010000001,,경기도 양평군 양서면 용담2길 28-11,476824,12584,,,,127.324808029116,37.5452329990527
MA0101202406A0473358,대신목재,,G2,소매,G210,철물·건설자재 소매,G21099,기타 건설/건축자재 소매업,G47519,"페인트, 창호 및 기타 건설자재 소매업",28,인천광역시,28140,동구,28140610,송림4동,2814010700,송림동,2814010700102940000,1,대지,294,,인천광역시 동구 송림동 294,281404250070,인천광역시 동구 방축로83번길,23,,2814010700102940000004016,인천산업용품유통단지,인천광역시 동구 방축로83번길 23,401705,22530,,1,,126.654796465778,37.4848261851048
MA0101202406A0513052,헤센234,,G2,소매,G210,철물·건설자재 소매,G21099,기타 건설/건축자재 소매업,G47519,"페인트, 창호 및 기타 건설자재 소매업",41,경기도,41590,화성시,41590550,반월동,4159012000,반월동,4159012000109760000,1,대지,976,,경기도 화성시 반월동 976,415904862106,경기도 화성시 영통로60번길,7,,4159012000109760000000001,아이티타워,경기도 화성시 영통로60번길 7,445330,18379,,2,,127.061948580999,37.2368019330531
MA0101202406A0530485,제이에스쉬자,,G2,소매,G210,철물·건설자재 소매,G21099,기타 건설/건축자재 소매업,G47519,"페인트, 창호 및 기타 건설자재 소매업",48,경상남도,48250,김해시,48250330,진례면,4825033029,진례면,4825033029115220008,1,대지,1522,8,경상남도 김해시 진례면 담안리 1522-8,482503351194,경상남도 김해시 진례면 테크노밸리로,17,4,4825033029115220008000001,,경상남도 김해시 진례면 테크노밸리로 17-4,621881,50875,,,,128.766102685982,35.266179581006
MA0101202406A0505799,구룡석재,,G2,소매,G210,철물·건설자재 소매,G21099,기타 건설/건축자재 소매업,G47519,"페인트, 창호 및 기타 건설자재 소매업",44,충청남도,44180,보령시,44180250,웅천읍,4418025029,웅천읍,4418025029105500000,1,대지,550,,충청남도 보령시 웅천읍 독산리 550,441804556680,충청남도 보령시 웅천읍 홀뫼4길,19,,4418025029105500000032387,,충청남도 보령시 웅천읍 홀뫼4길 19,355852,33509,,,,126.534761634119,36.221744405198
MA0101202406A0523820,에스타일,,G2,소매,G210,철물·건설자재 소매,G21099,기타 건설/건축자재 소매업,G47519,"페인트, 창호 및 기타 건설자재 소매업",47,경상북도,47113,포항시 북구,47113655,죽도동,4711311600,죽도동,4711311600100300011,1,대지,30,11,경상북도 포항시 북구 죽도동 30-11,471133303028,경상북도 포항시 북구 양학천로,233,1,4711311600100300011000002,,경상북도 포항시 북구 양학천로 233-1,791819,37787,,1,,129.368930013765,36.0301640311143
MA0101202406A0470705,제이케이스톤,,G2,소매,G210,철물·건설자재 소매,G21099,기타 건설/건축자재 소매업,G47519,"페인트, 창호 및 기타 건설자재 소매업",41,경기도,41310,구리시,41310520,동구동,4131010300,인창동,4131010300106700007,1,대지,670,7,경기도 구리시 인창동 670-7,413102196001,경기도 구리시 건원대로,36,,4131010300106700007002262,화성골드프라자,경기도 구리시 건원대로 36,471841,11921,,,,127.140483503752,37.6044220492583
MA0101202406A0469291,더존창호,,G2,소매,G210,철물·건설자재 소매,G21099,기타 건설/건축자재 소매업,G47519,"페인트, 창호 및 기타 건설자재 소매업",47,경상북도,47290,경산시,47290253,진량읍,4729025322,진량읍,4729025322114680000,1,대지,1468,,경상북도 경산시 진량읍 선화리 1468,472904739535,경상북도 경산시 진량읍 연지길,166,,4729025322114680000025230,,경상북도 경산시 진량읍 연지길 166,712831,38492,,,,128.790369072089,35.8666141265707
MA0101202406A0550393,엠지물류,,G2,소매,G210,철물·건설자재 소매,G21099,기타 건설/건축자재 소매업,G47519,"페인트, 창호 및 기타 건설자재 소매업",41,경기도,41550,안성시,41550390,일죽면,4155039026,일죽면,4155039026100490002,1,대지,49,2,경기도 안성시 일죽면 당촌리 49-2,415502012006,경기도 안성시 일죽면 서동대로,7829,,4155039026100490002031042,,경기도 안성시 일죽면 서동대로 7829,456914,17527,,,,127.510185953571,37.1035716432252
MA0101202406A0467955,정선판넬,,G2,소매,G210,철물·건설자재 소매,G21099,기타 건설/건축자재 소매업,G47519,"페인트, 창호 및 기타 건설자재 소매업",51,강원특별자치도,51770,정선군,51770250,정선읍,5177025022,정선읍,5177025022107070000,1,대지,707,,강원특별자치도 정선군 정선읍 북실리 707,517703229023,강원특별자치도 정선군 정선읍 정선로,1257,,4277025022107070000035177,,강원특별자치도 정선군 정선읍 정선로 1257,233807,26132,,,,128.654188269732,37.378711563248
MA0101202406A0533214,상아넥스트,,G2,소매,G210,철물·건설자재 소매,G21099,기타 건설/건축자재 소매업,G47519,"페인트, 창호 및 기타 건설자재 소매업",11,서울특별시,11680,강남구,11680531,논현2동,1168010800,논현동,1168010800102280002,1,대지,228,2,서울특별시 강남구 논현동 228-2,116803121022,서울특별시 강남구 논현로,618,,1168010800102280002008617,,서울특별시 강남구 논현로 618,135830,06108,,,,127.033489834064,37.5089501340128
MA0101202406A0540170,디에스산업,,G2,소매,G210,철물·건설자재 소매,G21099,기타 건설/건축자재 소매업,G47519,"페인트, 창호 및 기타 건설자재 소매업",44,충청남도,44180,보령시,44180525,대천2동,4418010100,대천동,4418010100101430090,1,대지,143,90,충청남도 보령시 대천동 143-90,441804556422,충청남도 보령시 옥갓티3길,7,,4418010100101430037024087,,충청남도 보령시 옥갓티3길 7,355930,33439,,,,126.59595334501,36.3538188390206
MA0101202406A0503188,한일종합상사치우GO,,G2,소매,G210,철물·건설자재 소매,G21099,기타 건설/건축자재 소매업,G47519,"페인트, 창호 및 기타 건설자재 소매업",48,경상남도,48121,창원시 의창구,48121540,봉림동,4812112700,봉곡동,4812112700100920018,1,대지,92,18,경상남도 창원시 의창구 봉곡동 92-18,481213327022,경상남도 창원시 의창구 봉곡로,37,,4812112700100920018009003,,경상남도 창원시 의창구 봉곡로 37,641822,51179,,1,,128.663549667624,35.2490503706147
MA0101202406A0521280,케이에스도어,,G2,소매,G210,철물·건설자재 소매,G21099,기타 건설/건축자재 소매업,G47519,"페인트, 창호 및 기타 건설자재 소매업",41,경기도,41590,화성시,41590550,반월동,4159012000,반월동,4159012000103330011,1,대지,333,11,경기도 화성시 반월동 333-11,415904430479,경기도 화성시 반월길,32,,4159012000103330011000001,,경기도 화성시 반월길 32,445330,18384,,,,127.061434916349,37.2287468422882
MA0101202406A0548284,태양패널,,G2,소매,G210,철물·건설자재 소매,G21099,기타 건설/건축자재 소매업,G47519,"페인트, 창호 및 기타 건설자재 소매업",27,대구광역시,27290,달서구,27290585,신당동,2729010700,신당동,2729010700110950013,1,대지,1095,13,대구광역시 달서구 신당동 1095-13,272903147019,대구광역시 달서구 성서공단북로,193,,2729010700110950013004957,,대구광역시 달서구 성서공단북로 193,704920,42702,,2,,128.493779169182,35.8447337797086
MA0101202406A0510912,반석물탱크,,G2,소매,G210,철물·건설자재 소매,G21099,기타 건설/건축자재 소매업,G47519,"페인트, 창호 및 기타 건설자재 소매업",52,전북특별자치도,52113,전주시 덕진구,52113665,여의동,5211312900,고랑동,5211312900106110044,1,대지,611,44,전북특별자치도 전주시 덕진구 고랑동 611-44,521132266002,전북특별자치도 전주시 덕진구 동부대로,1562,,4511312900106110044011794,,전북특별자치도 전주시 덕진구 동부대로 1562,561330,54811,,,,127.077605900929,35.8779587896928
MA0101202406A0543785,한비유통,,G2,소매,G210,철물·건설자재 소매,G21099,기타 건설/건축자재 소매업,G47519,"페인트, 창호 및 기타 건설자재 소매업",11,서울특별시,11305,강북구,11305575,삼각산동,1130510100,미아동,1130510100108110009,1,대지,811,9,서울특별시 강북구 미아동 811-9,113054124230,서울특별시 강북구 삼양로27길,43,,1130510100108110009000001,위브테라스파크,서울특별시 강북구 삼양로27길 43,142150,01197,,5,,127.018847951381,37.6185505751707
MA0101202406A0544601,지우이앤씨,,G2,소매,G210,철물·건설자재 소매,G21099,기타 건설/건축자재 소매업,G47519,"페인트, 창호 및 기타 건설자재 소매업",48,경상남도,48270,밀양시,48270530,삼문동,4827010400,삼문동,4827010400102990004,1,대지,299,4,경상남도 밀양시 삼문동 299-4,482704808563,경상남도 밀양시 수월3길,7,,4827010400102990004053161,,경상남도 밀양시 수월3길 7,627805,50435,,3,,128.753220960949,35.4882482158947
MA0101202406A0486015,중앙건재,,G2,소매,G210,철물·건설자재 소매,G21099,기타 건설/건축자재 소매업,G47519,"페인트, 창호 및 기타 건설자재 소매업",44,충청남도,44210,서산시,44210380,운산면,4421038032,운산면,4421038032102710013,1,대지,271,13,충청남도 서산시 운산면 용장리 271-13,442103015038,충청남도 서산시 운산면 운암로,1074,,4421038032102710007022477,,충청남도 서산시 운산면 운암로 1074,356832,31945,,,,126.58719183838,36.8101256940321
MA0101202406A0486105,금성,,G2,소매,G210,철물·건설자재 소매,G21099,기타 건설/건축자재 소매업,G47519,"페인트, 창호 및 기타 건설자재 소매업",28,인천광역시,28260,서구,28260700,원당동,2826011400,당하동,2826011400110230002,1,대지,1023,2,인천광역시 서구 당하동 1023-2,282604268589,인천광역시 서구 원당대로820번2길,14,,2826011400100120006000004,드림하우스,인천광역시 서구 원당대로820번2길 14,404320,22681,,,,126.690717905546,37.5915946972817
MA0101202406A0531189,부림이엔씨,,G2,소매,G210,철물·건설자재 소매,G21099,기타 건설/건축자재 소매업,G47519,"페인트, 창호 및 기타 건설자재 소매업",41,경기도,41360,남양주시,41360256,화도읍,4136025629,화도읍,4136025629105150035,1,대지,515,35,경기도 남양주시 화도읍 녹촌리 515-35,413604391291,경기도 남양주시 화도읍 마치로284번길,110,166,4136025629105150035000003,,경기도 남양주시 화도읍 마치로284번길 110-166,472843,12187,,,,127.27625597065,37.6442851519512
MA0101202406A0493219,블루하우징,,G2,소매,G210,철물·건설자재 소매,G21099,기타 건설/건축자재 소매업,G47519,"페인트, 창호 및 기타 건설자재 소매업",47,경상북도,47290,경산시,47290370,남천면,4729037023,남천면,4729037023104070000,1,대지,407,,경상북도 경산시 남천면 산전리 407,472904739399,경상북도 경산시 남천면 산전길,89,,4729037023104070000046315,,경상북도 경산시 남천면 산전길 89,712881,38695,,,,128.713338207311,35.7857617562625
MA0101202406A0545816,한비유통,,G2,소매,G210,철물·건설자재 소매,G21099,기타 건설/건축자재 소매업,G47519,"페인트, 창호 및 기타 건설자재 소매업",41,경기도,41135,성남시 분당구,41135680,운중동,4113511500,운중동,4113511500109450000,1,대지,945,,경기도 성남시 분당구 운중동 945,411353180046,경기도 성남시 분당구 운중로,124,,4113511500109450000000001,,경기도 성남시 분당구 운중로 124,463440,13466,,8,,127.076925311206,37.3913385570465
MA0101202406A0496258,대영건축자재,,G2,소매,G210,철물·건설자재 소매,G21099,기타 건설/건축자재 소매업,G47519,"페인트, 창호 및 기타 건설자재 소매업",26,부산광역시,26410,금정구,26410591,부곡4동,2641010900,부곡동,2641010900103940008,1,대지,394,8,부산광역시 금정구 부곡동 394-8,264104205154,부산광역시 금정구 동현로16번길,89,,2641010900103940008024895,,부산광역시 금정구 동현로16번길 89,609824,46311,,,,129.087691177771,35.2200903041903
MA0101202406A0502230,로얄스톤V&K,,G2,소매,G210,철물·건설자재 소매,G21099,기타 건설/건축자재 소매업,G47519,"페인트, 창호 및 기타 건설자재 소매업",43,충청북도,43111,청주시 상당구,43111730,용암2동,4311112600,방서동,4311112600108650000,1,대지,865,,충청북도 청주시 상당구 방서동 865,431113352536,충청북도 청주시 상당구 월운로,52,,4311112600106460157000001,,충청북도 청주시 상당구 월운로 52,360102,28786,,3,,127.512697353094,36.601966530101
MA0101202406A0571608,제이앤제이,,G2,소매,G210,철물·건설자재 소매,G21099,기타 건설/건축자재 소매업,G47519,"페인트, 창호 및 기타 건설자재 소매업",43,충청북도,43770,음성군,43770350,삼성면,4377035027,삼성면,4377035027107350020,1,대지,735,20,충청북도 음성군 삼성면 천평리 735-20,437703247048,충청북도 음성군 삼성면 청천로,127,,4377035027107350020000001,,충청북도 음성군 삼성면 청천로 127,369832,27655,,,,127.49344887173,36.9928023701937
MA0101202406A0592701,스마트종합시멘트,,G2,소매,G210,철물·건설자재 소매,G21099,기타 건설/건축자재 소매업,G47519,"페인트, 창호 및 기타 건설자재 소매업",36,세종특별자치시,36110,세종특별자치시,36110360,연서면,3611036021,연서면,3611036021105350001,1,대지,535,1,세종특별자치시 세종특별자치시 연서면 월하리 535-1,361103258005,세종특별자치시 세종특별자치시 연서면 당산로,505,,4473032021105340002016570,,세종특별자치시 세종특별자치시 연서면 당산로 505,339815,30049,,,,127.290989466332,36.5748057340058
MA0101202406A0556100,한비유통,,G2,소매,G210,철물·건설자재 소매,G21099,기타 건설/건축자재 소매업,G47519,"페인트, 창호 및 기타 건설자재 소매업",11,서울특별시,11560,영등포구,11560550,당산1동,1156011300,당산동3가,1156011300103950025,1,대지,395,25,서울특별시 영등포구 당산동3가 395-25,115604154069,서울특별시 영등포구 국회대로28길,17,,1156011300103950025031013,에이,서울특별시 영등포구 국회대로28길 17,150804,07256,,4,,126.894279521373,37.5271168414304
MA0101202406A0560555,케이에스개발,,G2,소매,G210,철물·건설자재 소매,G21099,기타 건설/건축자재 소매업,G47519,"페인트, 창호 및 기타 건설자재 소매업",30,대전광역시,30170,서구,30170596,관저1동,3017011600,관저동,3017011600118850000,1,대지,1885,,대전광역시 서구 관저동 1885,301703166061,대전광역시 서구 도안남로,137,,3017011600118850000000001,미소타워,대전광역시 서구 도안남로 137,302811,35360,,,,127.335454438015,36.3049168081884
MA0101202406A0564007,장운전력,,G2,소매,G210,철물·건설자재 소매,G21099,기타 건설/건축자재 소매업,G47519,"페인트, 창호 및 기타 건설자재 소매업",46,전라남도,46780,보성군,46780360,문덕면,4678036021,문덕면,4678036021106400001,1,대지,640,1,전라남도 보성군 문덕면 운곡리 640-1,467804670355,전라남도 보성군 문덕면 장운길,28,5,4678036021106400001000001,,전라남도 보성군 문덕면 장운길 28-5,546843,59400,,,,127.173276863218,34.9278925955541
MA0101202406A0566409,디자인더솜씨,,G2,소매,G210,철물·건설자재 소매,G21099,기타 건설/건축자재 소매업,G47519,"페인트, 창호 및 기타 건설자재 소매업",11,서울특별시,11440,마포구,11440630,신수동,1144011100,신수동,1144011100100660010,1,대지,66,10,서울특별시 마포구 신수동 66-10,114403113010,서울특별시 마포구 서강로,102,,1144011100100660010007674,유니시티,서울특별시 마포구 서강로 102,121854,04094,,,,126.933366555923,37.5520489998297
MA0101202406A0566447,빅앤빅달서지점,,G2,소매,G210,철물·건설자재 소매,G21099,기타 건설/건축자재 소매업,G47519,"페인트, 창호 및 기타 건설자재 소매업",27,대구광역시,27290,달서구,27290568,장기동,2729011000,장기동,2729011000105390001,1,대지,539,1,대구광역시 달서구 장기동 539-1,272903147036,대구광역시 달서구 장기로,225,,2729011000105390001005456,,대구광역시 달서구 장기로 225,704945,42690,,4,,128.535821771635,35.8433295733075
MA0101202406A0589256,원에스,,G2,소매,G210,철물·건설자재 소매,G21099,기타 건설/건축자재 소매업,G47519,"페인트, 창호 및 기타 건설자재 소매업",41,경기도,41194,부천시 소사구,41194560,옥길동,4119410600,옥길동,4119410600107940001,1,대지,794,1,경기도 부천시 소사구 옥길동 794-1,411943185018,경기도 부천시 소사구 부광로,220,,4119011500107940001000001,우성테크노파크Ⅰ,경기도 부천시 소사구 부광로 220,422080,14786,,3,,126.825272837869,37.4676316212653
MA0101202406A0598801,제이뉴어,,G2,소매,G210,철물·건설자재 소매,G21099,기타 건설/건축자재 소매업,G47519,"페인트, 창호 및 기타 건설자재 소매업",41,경기도,41570,김포시,41570540,사우동,4157010600,사우동,4157010600108810000,1,대지,881,,경기도 김포시 사우동 881,415704427277,경기도 김포시 사우중로74번길,39,,4157010600108810000018972,다이안월드빌,경기도 김포시 사우중로74번길 39,415802,10111,,,,126.721787589193,37.6219992442511
MA0101202406A0560752,사파이어,,G2,소매,G210,철물·건설자재 소매,G21099,기타 건설/건축자재 소매업,G47519,"페인트, 창호 및 기타 건설자재 소매업",26,부산광역시,26170,동구,26170510,초량1동,2617010100,초량동,2617010100112040007,1,대지,1204,7,부산광역시 동구 초량동 1204-7,261704181413,부산광역시 동구 중앙대로196번길,6,7,2617010100112040007004179,J,부산광역시 동구 중앙대로196번길 6-7,601839,48821,,,,129.039963818631,35.1137017312958
MA0101202406A0588299,원네스무역,,G2,소매,G210,철물·건설자재 소매,G21099,기타 건설/건축자재 소매업,G47519,"페인트, 창호 및 기타 건설자재 소매업",44,충청남도,44131,천안시 동남구,44131250,목천읍,4413125035,목천읍,4413125035100240001,1,대지,24,1,충청남도 천안시 동남구 목천읍 응원리 24-1,441313249055,충청남도 천안시 동남구 목천읍 충절로,700,,4413125035100240007046408,,충청남도 천안시 동남구 목천읍 충절로 700,330847,31224,,,,127.190329914373,36.767661711254
MA0101202406A0591854,한비유통,,G2,소매,G210,철물·건설자재 소매,G21099,기타 건설/건축자재 소매업,G47519,"페인트, 창호 및 기타 건설자재 소매업",11,서울특별시,11500,강서구,11500630,방화1동,1150010500,마곡동,1150010500107390001,1,대지,739,1,서울특별시 강서구 마곡동 739-1,115002115001,서울특별시 강서구 방화대로,294,,1150010500107390001000001,마곡더블유타워,서울특별시 강서구 방화대로 294,157855,07599,,5,,126.817049734702,37.5669997276526
MA0101202406A0571006,테브원,,G2,소매,G210,철물·건설자재 소매,G21099,기타 건설/건축자재 소매업,G47519,"페인트, 창호 및 기타 건설자재 소매업",11,서울특별시,11710,송파구,11710642,문정2동,1171010800,문정동,1171010800106390005,1,대지,639,5,서울특별시 송파구 문정동 639-5,117104853409,서울특별시 송파구 정의로7길,13,,1171010800106390005000001,힐스테이트에코송파,서울특별시 송파구 정의로7길 13,138888,05835,,7,,127.115125255627,37.4852924200064
MA0101202406A0579076,재성테크놀로지,,G2,소매,G210,철물·건설자재 소매,G21099,기타 건설/건축자재 소매업,G47519,"페인트, 창호 및 기타 건설자재 소매업",41,경기도,41287,고양시 일산서구,41287610,가좌동,4128710700,구산동,4128710700115190029,1,대지,1519,29,경기도 고양시 일산서구 구산동 1519-29,412873194015,경기도 고양시 일산서구 송산로,37,,4128710700115190029006449,,경기도 고양시 일산서구 송산로 37,411801,10200,,,,126.683919840051,37.6835669052152
MA0101202406A0591940,미진수횡성지점,,G2,소매,G210,철물·건설자재 소매,G21099,기타 건설/건축자재 소매업,G47519,"페인트, 창호 및 기타 건설자재 소매업",51,강원특별자치도,51730,횡성군,51730360,공근면,5173036038,공근면,5173036038105640004,1,대지,564,4,강원특별자치도 횡성군 공근면 신촌리 564-4,517304478071,강원특별자치도 횡성군 공근면 경강로신촌1길,4,,4273036038105640004000001,,강원특별자치도 횡성군 공근면 경강로신촌1길 4,225874,25209,,,,127.953350476606,37.5155228440187
MA0101202406A0563317,한울이앤에이,,G2,소매,G210,철물·건설자재 소매,G21099,기타 건설/건축자재 소매업,G47519,"페인트, 창호 및 기타 건설자재 소매업",43,충청북도,43113,청주시 흥덕구,43113760,강서1동,4311312300,수의동,4311312300101110001,1,대지,111,1,충청북도 청주시 흥덕구 수의동 111-1,431133237006,충청북도 청주시 흥덕구 강촌로,9,,4311312300101110001026936,,충청북도 청주시 흥덕구 강촌로 9,361330,28369,,,,127.39508322653,36.6207165212511
MA0101202406A0568861,한비유통,,G2,소매,G210,철물·건설자재 소매,G21099,기타 건설/건축자재 소매업,G47519,"페인트, 창호 및 기타 건설자재 소매업",11,서울특별시,11320,도봉구,11320514,창4동,1132010700,창동,1132010700100090000,1,대지,9,,서울특별시 도봉구 창동 9,113204127030,서울특별시 도봉구 노해로67길,2,,1132010700100090000014412,,서울특별시 도봉구 노해로67길 2,132898,01414,,B2,,127.050030943874,37.6524275318937
MA0101202406A0582634,엠트리,,G2,소매,G210,철물·건설자재 소매,G21099,기타 건설/건축자재 소매업,G47519,"페인트, 창호 및 기타 건설자재 소매업",27,대구광역시,27260,수성구,27260520,범어2동,2726010100,범어동,2726010100101470032,1,대지,147,32,대구광역시 수성구 범어동 147-32,272603146012,대구광역시 수성구 범어로,127,,2726010100101470032032602,,대구광역시 수성구 범어로 127,706820,42025,,,,128.635481374075,35.8608480821971
MA0101202406A0599214,제이테크,,G2,소매,G210,철물·건설자재 소매,G21099,기타 건설/건축자재 소매업,G47519,"페인트, 창호 및 기타 건설자재 소매업",46,전라남도,46710,담양군,46710370,금성면,4671037024,금성면,4671037024104220005,1,대지,422,5,전라남도 담양군 금성면 원율리 422-5,467104658050,전라남도 담양군 금성면 금성산성길,161,10,4671037024104220005002299,,전라남도 담양군 금성면 금성산성길 161-10,517812,57301,,,,127.024129666734,35.3622988861827
MA0101202406A0563391,대물림,,G2,소매,G210,철물·건설자재 소매,G21099,기타 건설/건축자재 소매업,G47519,"페인트, 창호 및 기타 건설자재 소매업",41,경기도,41360,남양주시,41360570,별내동,4136011100,별내동,4136011100108260008,1,대지,826,8,경기도 남양주시 별내동 826-8,413603197089,경기도 남양주시 별내3로,322,,4136011100108260008000001,,경기도 남양주시 별내3로 322,472501,12097,,,,127.117659565625,37.6661824982392
MA0101202406A0566831,루아인벤션,,G2,소매,G210,철물·건설자재 소매,G21099,기타 건설/건축자재 소매업,G47519,"페인트, 창호 및 기타 건설자재 소매업",11,서울특별시,11650,서초구,11650520,서초2동,1165010800,서초동,1165010800113550008,1,대지,1355,8,서울특별시 서초구 서초동 1355-8,116503121016,서울특별시 서초구 서운로,13,,1165010800113550008022759,중앙로얄오피스텔,서울특별시 서초구 서운로 13,137862,06732,,1,,127.028979179142,37.4852728749369
MA0101202406A0576897,반도시스템산업,,G2,소매,G210,철물·건설자재 소매,G21099,기타 건설/건축자재 소매업,G47519,"페인트, 창호 및 기타 건설자재 소매업",50,제주특별자치도,50110,제주시,50110660,노형동,5011012200,노형동,5011012200110440012,1,대지,1044,12,제주특별자치도 제주시 노형동 1044-12,501104848524,제주특별자치도 제주시 월랑로10길,13,,5011012200110440012010196,,제주특별자치도 제주시 월랑로10길 13,690803,63096,,2,,126.477057918519,33.4899303132988
MA0101202406A0596902,디에스산업수출포장,,G2,소매,G210,철물·건설자재 소매,G21099,기타 건설/건축자재 소매업,G47519,"페인트, 창호 및 기타 건설자재 소매업",44,충청남도,44133,천안시 서북구,44133310,입장면,4413331038,입장면,4413331038101920000,1,대지,192,,충청남도 천안시 서북구 입장면 독정리 192,441334550106,충청남도 천안시 서북구 입장면 독정4길,8,,4413331038101920000000001,,충청남도 천안시 서북구 입장면 독정4길 8,331823,31027,,,,127.230622331524,36.9221657968933
MA0101202406A0554435,한비유통,,G2,소매,G210,철물·건설자재 소매,G21099,기타 건설/건축자재 소매업,G47519,"페인트, 창호 및 기타 건설자재 소매업",43,충청북도,43113,청주시 흥덕구,43113747,가경동,4311311300,가경동,4311311300115540000,1,대지,1554,,충청북도 청주시 흥덕구 가경동 1554,431133237002,충청북도 청주시 흥덕구 가경로,8,1,4311311300115540000023020,,충청북도 청주시 흥덕구 가경로 8-1,361803,28409,,5,,127.444092585768,36.616840287239
MA0101202406A0598236,골드블루,,G2,소매,G210,철물·건설자재 소매,G21099,기타 건설/건축자재 소매업,G47519,"페인트, 창호 및 기타 건설자재 소매업",36,세종특별자치시,36110,세종특별자치시,36110250,조치원읍,3611025021,조치원읍,3611025021100010001,1,대지,1,1,세종특별자치시 세종특별자치시 조치원읍 원리 1-1,361104574255,세종특별자치시 세종특별자치시 조치원읍 새내12길,54,,4473025021100010001037424,,세종특별자치시 세종특별자치시 조치원읍 새내12길 54,339883,30024,,2,,127.300816889355,36.602464399861
MA0101202406A0559094,퓨처마켓,,G2,소매,G210,철물·건설자재 소매,G21099,기타 건설/건축자재 소매업,G47519,"페인트, 창호 및 기타 건설자재 소매업",46,전라남도,46800,장흥군,46800250,장흥읍,4680025037,장흥읍,4680025037107380008,1,대지,738,8,전라남도 장흥군 장흥읍 건산리 738-8,468004676130,전라남도 장흥군 장흥읍 동교2길,14,7,4680025037107380005000001,,전라남도 장흥군 장흥읍 동교2길 14-7,529801,59327,,2,,126.907468582731,34.6778209624858
MA0101202406A0562379,세람,서울지점,G2,소매,G210,철물·건설자재 소매,G21099,기타 건설/건축자재 소매업,G47519,"페인트, 창호 및 기타 건설자재 소매업",11,서울특별시,11710,송파구,11710642,문정2동,1171010800,문정동,1171010800106420000,1,대지,642,,서울특별시 송파구 문정동 642,117102005011,서울특별시 송파구 송파대로,201,,1171010800101970001000001,송파테라타워2,서울특별시 송파구 송파대로 201,138888,05854,,12,,127.12069210461,37.4877376053144
MA0101202406A0560194,테이퍼,,G2,소매,G210,철물·건설자재 소매,G21099,기타 건설/건축자재 소매업,G47519,"페인트, 창호 및 기타 건설자재 소매업",41,경기도,41281,고양시 덕양구,41281670,대덕동,4128113100,덕은동,412811310010000,1,대지,,,경기도 고양시 덕양구 덕은동 ,412813352414,경기도 고양시 덕양구 으뜸로,130,,4128113100100000000000032,위프라임트윈타워,경기도 고양시 덕양구 으뜸로 130,412170,10544,,11,,126.870748131497,37.5796846491415
MA0101202406A0571442,강산,,G2,소매,G210,철물·건설자재 소매,G21099,기타 건설/건축자재 소매업,G47519,"페인트, 창호 및 기타 건설자재 소매업",52,전북특별자치도,52750,임실군,52750355,오수면,5275035534,오수면,5275035534107170000,1,대지,717,,전북특별자치도 임실군 오수면 금암리 717,527504631032,전북특별자치도 임실군 오수면 금암1길,23,,4575035534107170000130457,,전북특별자치도 임실군 오수면 금암1길 23,566892,55955,,,,127.335230699274,35.535356837649
MA0101202406A0598492,세람,울산지점,G2,소매,G210,철물·건설자재 소매,G21099,기타 건설/건축자재 소매업,G47519,"페인트, 창호 및 기타 건설자재 소매업",31,울산광역시,31200,북구,31200560,효문동,3120012100,진장동,3120012100109430000,1,대지,943,,울산광역시 북구 진장동 943,312003169028,울산광역시 북구 염포로,260,13,3120012100109430000000001,,울산광역시 북구 염포로 260-13,683360,44259,,,,129.367918380175,35.5595724973436
MA0101202406A0584327,한비유통,,G2,소매,G210,철물·건설자재 소매,G21099,기타 건설/건축자재 소매업,G47519,"페인트, 창호 및 기타 건설자재 소매업",41,경기도,41590,화성시,41590585,동탄1동,4159012700,반송동,4159012700101040011,1,대지,104,11,경기도 화성시 반송동 104-11,415904431485,경기도 화성시 동탄중심상가1길,9,,4159012700100730002000001,월드프라자,경기도 화성시 동탄중심상가1길 9,445160,18455,,,,127.072034131341,37.2005470308662
MA0101202406A0584408,한비유통,,G2,소매,G210,철물·건설자재 소매,G21099,기타 건설/건축자재 소매업,G47519,"페인트, 창호 및 기타 건설자재 소매업",41,경기도,41117,수원시 영통구,41117593,망포1동,4111710700,망포동,4111710700105430002,1,대지,543,2,경기도 수원시 영통구 망포동 543-2,411173177018,경기도 수원시 영통구 영통로,127,,4111710700105430002003115,에이,경기도 수원시 영통구 영통로 127,443400,16687,,7,,127.055774304522,37.2387332404328
MA0101202409A0053782,영진산업,,G2,소매,G210,철물·건설자재 소매,G21099,기타 건설/건축자재 소매업,G47519,"페인트, 창호 및 기타 건설자재 소매업",47,경상북도,47770,영덕군,47770360,영해면,4777036030,영해면,4777036030104700018,1,대지,470,18,경상북도 영덕군 영해면 성내리 470-18,477704754250,경상북도 영덕군 영해면 예주시장길,39,,4777036030104700018029005,,경상북도 영덕군 영해면 예주시장길 39,766815,36411,,,,129.408368768872,36.5396492755722
MA0101202409A0060420,메이크,,G2,소매,G210,철물·건설자재 소매,G21099,기타 건설/건축자재 소매업,G47519,"페인트, 창호 및 기타 건설자재 소매업",41,경기도,41150,의정부시,41150578,송산3동,4115010600,민락동,4115010600109270003,1,대지,927,3,경기도 의정부시 민락동 927-3,411504857270,경기도 의정부시 배꽃길,7,,4115010600109270003000001,의정부더리브센텀스퀘어Ⅱ지식산업센터,경기도 의정부시 배꽃길 7,480090,11815,,,,127.119239449162,37.7468180868198
MA0101202409A0060441,대림타일,,G2,소매,G210,철물·건설자재 소매,G21099,기타 건설/건축자재 소매업,G47519,"페인트, 창호 및 기타 건설자재 소매업",52,전북특별자치도,52190,남원시,52190590,도통동,5219011600,도통동,5219011600105090003,1,대지,509,3,전북특별자치도 남원시 도통동 509-3,521903271044,전북특별자치도 남원시 충정로,142,1,4519011600105090003310439,,전북특별자치도 남원시 충정로 142-1,590984,55738,,1,,127.389605487771,35.4171945163235
MA0101202409A0023317,한영,,G2,소매,G210,철물·건설자재 소매,G21099,기타 건설/건축자재 소매업,G47519,"페인트, 창호 및 기타 건설자재 소매업",48,경상남도,48170,진주시,48170720,이현동,4817012700,이현동,4817012700100270006,1,대지,27,6,경상남도 진주시 이현동 27-6,481704797490,경상남도 진주시 촉석로11번길,7,,4817012700100270006000001,,경상남도 진주시 촉석로11번길 7,660982,52670,,,,128.064155797836,35.1905348766106
MA0101202409A0043263,동영산업,,G2,소매,G210,철물·건설자재 소매,G21099,기타 건설/건축자재 소매업,G47519,"페인트, 창호 및 기타 건설자재 소매업",30,대전광역시,30200,유성구,30200540,온천2동,3020011700,장대동,3020011700103470001,1,대지,347,1,대전광역시 유성구 장대동 347-1,302004301155,대전광역시 유성구 문화원로19번길,34,4,3020011700103470001010991,광진당,대전광역시 유성구 문화원로19번길 34-4,305308,34166,,1,,127.339500706628,36.3624636694531
MA0101202409A0010033,아우라단열,,G2,소매,G210,철물·건설자재 소매,G21099,기타 건설/건축자재 소매업,G47519,"페인트, 창호 및 기타 건설자재 소매업",46,전라남도,46710,담양군,46710310,봉산면,4671031023,봉산면,4671031023101450007,1,대지,145,7,전라남도 담양군 봉산면 신학리 145-7,467104658230,전라남도 담양군 봉산면 신학길,26,6,4671031023101450002001734,,전라남도 담양군 봉산면 신학길 26-6,517853,57367,,,,126.95685909543,35.2756842351164
MA0101202409A0054203,도윤상사,,G2,소매,G210,철물·건설자재 소매,G21099,기타 건설/건축자재 소매업,G47519,"페인트, 창호 및 기타 건설자재 소매업",47,경상북도,47210,영주시,47210525,하망동,4721010300,하망동,4721010300101470022,1,대지,147,22,경상북도 영주시 하망동 147-22,472103309006,경상북도 영주시 광복로,98,1,4721010300101470022005384,,경상북도 영주시 광복로 98-1,750911,36081,,,,128.629251999374,36.8274770670109
MA0101202409A0077053,히스토리,,G2,소매,G210,철물·건설자재 소매,G21099,기타 건설/건축자재 소매업,G47519,"페인트, 창호 및 기타 건설자재 소매업",46,전라남도,46230,광양시,46230540,광영동,4623010800,광영동,4623010800106770005,1,대지,677,5,전라남도 광양시 광영동 677-5,462304655281,전라남도 광양시 신광길,29,,4623010800106770005022588,,전라남도 광양시 신광길 29,545870,57721,,2,,127.721185893201,34.9617052228175
MA0101202409A0014344,이지스시스템,,G2,소매,G210,철물·건설자재 소매,G21099,기타 건설/건축자재 소매업,G47519,"페인트, 창호 및 기타 건설자재 소매업",11,서울특별시,11650,서초구,11650651,양재1동,1165010300,우면동,1165010300100660002,1,대지,66,2,서울특별시 서초구 우면동 66-2,116504163219,서울특별시 서초구 바우뫼로7길,8,,1165010300100660002006030,우면종합상가,서울특별시 서초구 바우뫼로7길 8,137889,06762,,,,127.025378759922,37.4708575518772
MA0101202409A0066756,경산방충망디자인,,G2,소매,G210,철물·건설자재 소매,G21099,기타 건설/건축자재 소매업,G47519,"페인트, 창호 및 기타 건설자재 소매업",47,경상북도,47290,경산시,47290256,압량읍,4729025622,압량읍,4729025622103790000,1,대지,379,,경상북도 경산시 압량읍 신대리 379,472904739766,경상북도 경산시 압량읍 압독2로1길,21,,4729036022103790000000001,,경상북도 경산시 압량읍 압독2로1길 21,712822,38536,,1,,128.764338256174,35.8434710987048
MA0101202409A0009269,계룡컨테이너,,G2,소매,G210,철물·건설자재 소매,G21099,기타 건설/건축자재 소매업,G47519,"페인트, 창호 및 기타 건설자재 소매업",44,충청남도,44230,논산시,44230360,연산면,4423036026,연산면,4423036026100810001,1,대지,81,1,충청남도 논산시 연산면 청동리 81-1,442303255034,충청남도 논산시 연산면 청동로,138,,4423036026100810001000001,,충청남도 논산시 연산면 청동로 138,320875,32913,,,,127.207231696422,36.210519461242
MA0101202409A0013302,성전유리,,G2,소매,G210,철물·건설자재 소매,G21099,기타 건설/건축자재 소매업,G47519,"페인트, 창호 및 기타 건설자재 소매업",46,전라남도,46810,강진군,46810360,성전면,4681036029,성전면,4681036029103900000,1,대지,390,,전라남도 강진군 성전면 도림리 390,468104679207,전라남도 강진군 성전면 성전도림길,56,12,4681036029103900000062773,,전라남도 강진군 성전면 성전도림길 56-12,527811,59206,,,,126.712231725247,34.6760200432544
MA0101202409A0032499,미주창호공업사,,G2,소매,G210,철물·건설자재 소매,G21099,기타 건설/건축자재 소매업,G47519,"페인트, 창호 및 기타 건설자재 소매업",26,부산광역시,26200,영도구,26200650,동삼1동,2620012100,동삼동,2620012100103310009,1,대지,331,9,부산광역시 영도구 동삼동 331-9,262003128009,부산광역시 영도구 동삼로,39,,2620012100103310009016058,미주창호공업,부산광역시 영도구 동삼로 39,606808,49106,,,,129.070827912585,35.0769602466125
MA0101202409A0056141,송은,,G2,소매,G210,철물·건설자재 소매,G21099,기타 건설/건축자재 소매업,G47519,"페인트, 창호 및 기타 건설자재 소매업",46,전라남도,46130,여수시,46130800,여천동,4613013600,여천동,4613013600106660004,1,대지,666,4,전라남도 여수시 여천동 666-4,461303282044,전라남도 여수시 시청로,158,,4613013600106660004078812,,전라남도 여수시 시청로 158,555090,59635,,,,127.66300788703,34.7756309857504
MA0101202409A0072668,산업,코리아,G2,소매,G210,철물·건설자재 소매,G21099,기타 건설/건축자재 소매업,G47519,"페인트, 창호 및 기타 건설자재 소매업",47,경상북도,47113,포항시 북구,47113690,두호동,4711312000,두호동,4711312000110760000,1,대지,1076,,경상북도 포항시 북구 두호동 1076,471134712296,경상북도 포항시 북구 삼흥로100번길,54,,4711312000110760000116187,현대종합시장,경상북도 포항시 북구 삼흥로100번길 54,791804,37608,,,,129.383510923727,36.0686082724774
MA0101202409A0009455,디트리오,,G2,소매,G210,철물·건설자재 소매,G21099,기타 건설/건축자재 소매업,G47519,"페인트, 창호 및 기타 건설자재 소매업",41,경기도,41115,수원시 팔달구,41115710,우만1동,4111514000,우만동,4111514000104900007,1,대지,490,7,경기도 수원시 팔달구 우만동 490-7,411153175031,경기도 수원시 팔달구 세지로,393,,4111514000104900007018262,,경기도 수원시 팔달구 세지로 393,442819,16235,,3,,127.028214370994,37.2851196688132
MA0101202409A0021721,디에이치프라임,,G2,소매,G210,철물·건설자재 소매,G21099,기타 건설/건축자재 소매업,G47519,"페인트, 창호 및 기타 건설자재 소매업",28,인천광역시,28260,서구,28260539,청라3동,2826012200,청라동,2826012200100970002,1,대지,97,2,인천광역시 서구 청라동 97-2,282604852298,인천광역시 서구 청라한내로72번길,13,,2826012200100970002000001,,인천광역시 서구 청라한내로72번길 13,,22758,,,,126.628987287997,37.5320414422453
MA0101202409A0090550,아존하우징,,G2,소매,G210,철물·건설자재 소매,G21099,기타 건설/건축자재 소매업,G47519,"페인트, 창호 및 기타 건설자재 소매업",52,전북특별자치도,52111,전주시 완산구,52111703,삼천3동,5211113900,삼천동3가,5211113900103010002,1,대지,301,2,전북특별자치도 전주시 완산구 삼천동3가 301-2,521113266046,전북특별자치도 전주시 완산구 쑥고개로,215,,4511113900103010002060593,일부,전북특별자치도 전주시 완산구 쑥고개로 215,560293,55071,,3,,127.089587399034,35.7987929836931
MA0101202409A0104346,우주판넬산업,,G2,소매,G210,철물·건설자재 소매,G21099,기타 건설/건축자재 소매업,G47519,"페인트, 창호 및 기타 건설자재 소매업",48,경상남도,48310,거제시,48310380,하청면,4831038022,하청면,4831038022108230002,1,대지,823,2,경상남도 거제시 하청면 덕곡리 823-2,483103337028,경상남도 거제시 하청면 연하해안로,1194,,4831038022108230002000001,,경상남도 거제시 하청면 연하해안로 1194,656822,53205,,,,128.609034473354,34.957729669133
MA0101202409A0138385,한스스톤,,G2,소매,G210,철물·건설자재 소매,G21099,기타 건설/건축자재 소매업,G47519,"페인트, 창호 및 기타 건설자재 소매업",41,경기도,41310,구리시,41310510,갈매동,4131010100,갈매동,4131010100105390005,1,대지,539,5,경기도 구리시 갈매동 539-5,413104853960,경기도 구리시 갈매순환로204번길,8,63,4131010100100990003010105,,경기도 구리시 갈매순환로204번길 8-63,471859,11901,,1,,127.124276562543,37.6377046703948
MA0101202409A0123041,산성상회,,G2,소매,G210,철물·건설자재 소매,G21099,기타 건설/건축자재 소매업,G47519,"페인트, 창호 및 기타 건설자재 소매업",44,충청남도,44710,금산군,44710380,복수면,4471038028,복수면,4471038028103620012,1,대지,362,12,충청남도 금산군 복수면 신대리 362-12,447103000093,충청남도 금산군 복수면 대둔산로,1406,,4471038028103620012000001,,충청남도 금산군 복수면 대둔산로 1406,312924,32701,,,,127.376696172339,36.2218666411744
MA0101202409A0100339,산동목재,,G2,소매,G210,철물·건설자재 소매,G21099,기타 건설/건축자재 소매업,G47519,"페인트, 창호 및 기타 건설자재 소매업",43,충청북도,43770,음성군,43770350,삼성면,4377035021,삼성면,4377035021103640001,1,대지,364,1,충청북도 음성군 삼성면 덕정리 364-1,437704541188,충청북도 음성군 삼성면 덕호로36번길,40,,4377035021103640001187149,,충청북도 음성군 삼성면 덕호로36번길 40,369833,27649,,,,127.502446340624,37.0268791855368
MA0101202409A0153997,엠제이씨하우징랩,,G2,소매,G210,철물·건설자재 소매,G21099,기타 건설/건축자재 소매업,G47519,"페인트, 창호 및 기타 건설자재 소매업",41,경기도,41450,하남시,41450610,미사1동,4145010900,망월동,4145010900110830003,1,대지,1083,3,경기도 하남시 망월동 1083-3,414503202058,경기도 하남시 미사강변중앙로,208,,4145010900110830003000001,부강타워,경기도 하남시 미사강변중앙로 208,465150,12913,,7,,127.189657534449,37.5650520045435
MA0101202409A0144139,한울에스앤씨,,G2,소매,G210,철물·건설자재 소매,G21099,기타 건설/건축자재 소매업,G47519,"페인트, 창호 및 기타 건설자재 소매업",43,충청북도,43114,청주시 청원구,43114250,내수읍,4311425035,내수읍,4311425035101800001,1,대지,180,1,충청북도 청주시 청원구 내수읍 묵방리 180-1,431144520242,충청북도 청주시 청원구 내수읍 묵방2길,59,20,4311425035101800001000001,,충청북도 청주시 청원구 내수읍 묵방2길 59-20,363931,28154,,,,127.529205954153,36.6903938524359
MA0101202409A0146924,지연건축,,G2,소매,G210,철물·건설자재 소매,G21099,기타 건설/건축자재 소매업,G47519,"페인트, 창호 및 기타 건설자재 소매업",47,경상북도,47170,안동시,47170330,서후면,4717033024,서후면,4717033024100150010,1,대지,15,10,경상북도 안동시 서후면 이송천리 15-10,471702018002,경상북도 안동시 서후면 경북대로,957,5,4717033024100150003000002,,경상북도 안동시 서후면 경북대로 957-5,760821,36616,,1,,128.702140146517,36.6136370188367
MA0101202409A0120499,탑하우징,,G2,소매,G210,철물·건설자재 소매,G21099,기타 건설/건축자재 소매업,G47519,"페인트, 창호 및 기타 건설자재 소매업",41,경기도,41135,성남시 분당구,41135510,분당동,4113510100,분당동,4113510100101280005,1,대지,128,5,경기도 성남시 분당구 분당동 128-5,411354340385,경기도 성남시 분당구 장안로62번길,21,,4113510100101280005020191,,경기도 성남시 분당구 장안로62번길 21,463832,13584,,,,127.146852687413,37.3699812052598
MA0101202409A0130592,세일배관,,G2,소매,G210,철물·건설자재 소매,G21099,기타 건설/건축자재 소매업,G47519,"페인트, 창호 및 기타 건설자재 소매업",41,경기도,41281,고양시 덕양구,41281660,화전동,4128113200,향동동,4128113200104900007,1,대지,490,7,경기도 고양시 덕양구 향동동 490-7,412814855822,경기도 고양시 덕양구 꽃내음1길,161,,4128113200100000000000190,,경기도 고양시 덕양구 꽃내음1길 161,412160,10545,,,,126.89032735829,37.5992740096993
MA0101202409A0151646,동양상사,,G2,소매,G210,철물·건설자재 소매,G21099,기타 건설/건축자재 소매업,G47519,"페인트, 창호 및 기타 건설자재 소매업",43,충청북도,43111,청주시 상당구,43111350,문의면,4311135023,문의면,4311135023103450000,1,대지,345,,충청북도 청주시 상당구 문의면 남계리 345,431114520121,충청북도 청주시 상당구 문의면 남계1길,14,,4371036023003450000072652,,충청북도 청주시 상당구 문의면 남계1길 14,360831,28207,,,,127.502980464285,36.5357833271103
MA0101202409A0155310,알에스하우스,,G2,소매,G210,철물·건설자재 소매,G21099,기타 건설/건축자재 소매업,G47519,"페인트, 창호 및 기타 건설자재 소매업",44,충청남도,44200,아산시,44200350,음봉면,4420035027,음봉면,4420035027201050001,2,산,105,1,충청남도 아산시 음봉면 소동리 산105-1,442003253029,충청남도 아산시 음봉면 봉신로,138,36,4420035027201050001000003,,충청남도 아산시 음봉면 봉신로 138-36,336864,31413,,,,127.040771594559,36.8766880069856
MA0101202409A0097828,광양한양배관자재도소매,,G2,소매,G210,철물·건설자재 소매,G21099,기타 건설/건축자재 소매업,G47519,"페인트, 창호 및 기타 건설자재 소매업",46,전라남도,46230,광양시,46230250,광양읍,4623025025,광양읍,4623025025108390004,1,대지,839,4,전라남도 광양시 광양읍 목성리 839-4,462303283034,전라남도 광양시 광양읍 매천로,869,,4623025025108390004010713,,전라남도 광양시 광양읍 매천로 869,545803,57751,,,,127.589852416673,34.973852496713
MA0101202409A0099297,본가,,G2,소매,G210,철물·건설자재 소매,G21099,기타 건설/건축자재 소매업,G47519,"페인트, 창호 및 기타 건설자재 소매업",41,경기도,41500,이천시,41500253,부발읍,4150025326,부발읍,4150025326100110001,1,대지,11,1,경기도 이천시 부발읍 마암리 11-1,415003207017,경기도 이천시 부발읍 무촌로,52,,4150025326100110001000001,,경기도 이천시 부발읍 무촌로 52,467863,17324,,2,,127.48018598619,37.2818694521851
MA0101202409A0134996,천호개발,,G2,소매,G210,철물·건설자재 소매,G21099,기타 건설/건축자재 소매업,G47519,"페인트, 창호 및 기타 건설자재 소매업",48,경상남도,48123,창원시 성산구,48123520,중앙동,4812312500,중앙동,4812312500101000004,1,대지,100,4,경상남도 창원시 성산구 중앙동 100-4,481232327003,경상남도 창원시 성산구 중앙대로,49,,4812312500101000004003362,서광오피스텔,경상남도 창원시 성산구 중앙대로 49,642946,51522,,,,128.675940190089,35.2201304981395
MA0101202409A0135226,내포앵글총판,,G2,소매,G210,철물·건설자재 소매,G21099,기타 건설/건축자재 소매업,G47519,"페인트, 창호 및 기타 건설자재 소매업",44,충청남도,44810,예산군,44810253,삽교읍,4481025326,삽교읍,4481025326109200003,1,대지,920,3,충청남도 예산군 삽교읍 목리 920-3,448103015095,충청남도 예산군 삽교읍 청사로,217,,4481025326109200003000001,엔젤스타워,충청남도 예산군 삽교읍 청사로 217,340904,32416,,1,,126.676073263706,36.6631402589087
MA0101202409A0087377,석광산업,,G2,소매,G210,철물·건설자재 소매,G21099,기타 건설/건축자재 소매업,G47519,"페인트, 창호 및 기타 건설자재 소매업",43,충청북도,43114,청주시 청원구,43114250,내수읍,4311425021,내수읍,4311425021102580023,1,대지,258,23,충청북도 청주시 청원구 내수읍 내수리 258-23,431144520148,충청북도 청주시 청원구 내수읍 내수2길,43,19,4371025021002550004048884,,충청북도 청주시 청원구 내수읍 내수2길 43-19,363932,28143,,,,127.521692799031,36.7177668855426
MA0101202409A0162048,다올,,G2,소매,G210,철물·건설자재 소매,G21099,기타 건설/건축자재 소매업,G47519,"페인트, 창호 및 기타 건설자재 소매업",29,광주광역시,29140,서구,29140740,유덕동,2914011700,덕흥동,2914011700105030002,1,대지,503,2,광주광역시 서구 덕흥동 503-2,291403160040,광주광역시 서구 유덕로,173,,2914011700105030002014298,,광주광역시 서구 유덕로 173,502290,61900,,2,,126.836774153577,35.1684204154854
MA0101202409A0106726,건호상사,,G2,소매,G210,철물·건설자재 소매,G21099,기타 건설/건축자재 소매업,G47519,"페인트, 창호 및 기타 건설자재 소매업",29,광주광역시,29155,남구,29155530,방림2동,2915511400,방림동,2915511400100740009,1,대지,74,9,광주광역시 남구 방림동 74-9,291554283646,광주광역시 남구 천변좌로552번길,24,,2915511400100740009002023,,광주광역시 남구 천변좌로552번길 24,503800,61677,,1,,126.922318786966,35.1316488294774
MA0101202409A0116812,민영기업,,G2,소매,G210,철물·건설자재 소매,G21099,기타 건설/건축자재 소매업,G47519,"페인트, 창호 및 기타 건설자재 소매업",41,경기도,41135,성남시 분당구,41135550,정자1동,4113510300,정자동,4113510300101580006,1,대지,158,6,경기도 성남시 분당구 정자동 158-6,411354340264,경기도 성남시 분당구 성남대로331번길,9,14,4113510300101580006000001,,경기도 성남시 분당구 성남대로331번길 9-14,463867,13558,,2,,127.106790083601,37.3644918628011
MA0101202409A0140725,투명한창호,,G2,소매,G210,철물·건설자재 소매,G21099,기타 건설/건축자재 소매업,G47519,"페인트, 창호 및 기타 건설자재 소매업",26,부산광역시,26260,동래구,26260545,명륜동,2626010700,명륜동,2626010700107140010,1,대지,714,10,부산광역시 동래구 명륜동 714-10,262603130018,부산광역시 동래구 온천천로,41,,2626010700107140010021785,블루타운,부산광역시 동래구 온천천로 41,607803,47740,,1,,129.082215348224,35.2150841403438
MA0101202409A0237357,덕있는사람,,G2,소매,G210,철물·건설자재 소매,G21099,기타 건설/건축자재 소매업,G47519,"페인트, 창호 및 기타 건설자재 소매업",44,충청남도,44270,당진시,44270320,석문면,4427032022,석문면,4427032022100200005,1,대지,20,5,충청남도 당진시 석문면 삼화리 20-5,442703265042,충청남도 당진시 석문면 북부산업로,2374,29,4427032022100200005000001,,충청남도 당진시 석문면 북부산업로 2374-29,343854,31704,,,,126.631266009663,36.9736838352585
MA0101202409A0240667,에스디,,G2,소매,G210,철물·건설자재 소매,G21099,기타 건설/건축자재 소매업,G47519,"페인트, 창호 및 기타 건설자재 소매업",41,경기도,41590,화성시,41590256,우정읍,4159025631,우정읍,4159025631102000005,1,대지,200,5,경기도 화성시 우정읍 화산리 200-5,415904430549,경기도 화성시 우정읍 버들로191번길,71,18,4159025631102000005000002,,경기도 화성시 우정읍 버들로191번길 71-18,445953,18569,,2,,126.790987365456,37.0761734697635
MA0101202409A0187371,영일상사,,G2,소매,G210,철물·건설자재 소매,G21099,기타 건설/건축자재 소매업,G47519,"페인트, 창호 및 기타 건설자재 소매업",51,강원특별자치도,51150,강릉시,51150571,포남1동,5115011100,포남동,5115011100112340002,1,대지,1234,2,강원특별자치도 강릉시 포남동 1234-2,511503220001,강원특별자치도 강릉시 가작로,308,,4215011100112340002009918,,강원특별자치도 강릉시 가작로 308,210954,25487,,,,128.909288605649,37.7707795499179
MA0101202409A0195898,서경종합,,G2,소매,G210,철물·건설자재 소매,G21099,기타 건설/건축자재 소매업,G47519,"페인트, 창호 및 기타 건설자재 소매업",47,경상북도,47230,영천시,47230510,동부동,4723010300,야사동,4723010300101780025,1,대지,178,25,경상북도 영천시 야사동 178-25,472303018037,경상북도 영천시 호국로,60,,4723010300101780001020711,,경상북도 영천시 호국로 60,770903,38860,,1,,128.944347390611,35.973359161752
MA0101202409A0238418,두산목재시스템,,G2,소매,G210,철물·건설자재 소매,G21099,기타 건설/건축자재 소매업,G47519,"페인트, 창호 및 기타 건설자재 소매업",51,강원특별자치도,51130,원주시,51130620,태장2동,5113011200,태장동,5113011200113750007,1,대지,1375,7,강원특별자치도 원주시 태장동 1375-7,511304457607,강원특별자치도 원주시 태장둔치길,41,1,4213011200113750007024298,,강원특별자치도 원주시 태장둔치길 41-1,220962,26316,,1,,127.952010230414,37.3840084374966
MA0101202409A0211646,풍산스틸,,G2,소매,G210,철물·건설자재 소매,G21099,기타 건설/건축자재 소매업,G47519,"페인트, 창호 및 기타 건설자재 소매업",41,경기도,41461,용인시 처인구,41461350,백암면,4146135029,백암면,4146135029108920007,1,대지,892,7,경기도 용인시 처인구 백암면 근삼리 892-7,414613203015,경기도 용인시 처인구 백암면 근삼로,20,,4146135029108920005217159,,경기도 용인시 처인구 백암면 근삼로 20,449864,17181,,,,127.369889033688,37.1331604574866
MA0101202409A0239108,스페이스우드,,G2,소매,G210,철물·건설자재 소매,G21099,기타 건설/건축자재 소매업,G47519,"페인트, 창호 및 기타 건설자재 소매업",41,경기도,41271,안산시 상록구,41271532,사이동,4127110300,사동,4127110300116390000,1,대지,1639,,경기도 안산시 상록구 사동 1639,412713352756,경기도 안산시 상록구 해양5로,11,,4127110300116390000000018,그랑시티자이2차,경기도 안산시 상록구 해양5로 11,426172,15596,,,,126.834163685688,37.2803575064122
MA0101202409A0213095,동진가설재,,G2,소매,G210,철물·건설자재 소매,G21099,기타 건설/건축자재 소매업,G47519,"페인트, 창호 및 기타 건설자재 소매업",44,충청남도,44200,아산시,44200620,온양6동,4420011100,풍기동,4420011100102110031,1,대지,211,31,충청남도 아산시 풍기동 211-31,442003015033,충청남도 아산시 온천대로,1626,7,4420011100102110033049730,,충청남도 아산시 온천대로 1626-7,336060,31526,,,,127.01827046583,36.7780222008868
MA0101202409A0183276,디머티리얼즈,,G2,소매,G210,철물·건설자재 소매,G21099,기타 건설/건축자재 소매업,G47519,"페인트, 창호 및 기타 건설자재 소매업",11,서울특별시,11215,광진구,11215710,화양동,1121510700,화양동,1121510700100180005,1,대지,18,5,서울특별시 광진구 화양동 18-5,112153005024,서울특별시 광진구 광나루로,362,,1121510700100180005025631,,서울특별시 광진구 광나루로 362,143916,05008,,1,,127.069877323673,37.5477133227316
MA0101202409A0177818,제이더블유,,G2,소매,G210,철물·건설자재 소매,G21099,기타 건설/건축자재 소매업,G47519,"페인트, 창호 및 기타 건설자재 소매업",29,광주광역시,29200,광산구,29200640,하남동,2920012200,진곡동,2920012200105210000,1,대지,521,,광주광역시 광산구 진곡동 521,292003163088,광주광역시 광산구 진곡산단5번로,43,20,2920012200105210000000001,,광주광역시 광산구 진곡산단5번로 43-20,506250,62464,,,,126.782790766682,35.2094103129694
MA0101202409A0207674,삼현이피에스,울산지점,G2,소매,G210,철물·건설자재 소매,G21099,기타 건설/건축자재 소매업,G47519,"페인트, 창호 및 기타 건설자재 소매업",31,울산광역시,31200,북구,31200510,농소1동,3120010200,호계동,3120010200110270003,1,대지,1027,3,울산광역시 북구 호계동 1027-3,312003351498,울산광역시 북구 호계매곡1로,92,,3120010200100730000000001,,울산광역시 북구 호계매곡1로 92,683400,44225,,3,,129.363686692961,35.6316671146152
MA0101202409A0234134,광주상사,,G2,소매,G210,철물·건설자재 소매,G21099,기타 건설/건축자재 소매업,G47519,"페인트, 창호 및 기타 건설자재 소매업",29,광주광역시,29200,광산구,29200600,월곡1동,2920012800,월곡동,2920012800105600009,1,대지,560,9,광주광역시 광산구 월곡동 560-9,292003163041,광주광역시 광산구 월곡반월로,61,,2920012800105600009000646,,광주광역시 광산구 월곡반월로 61,506827,62349,,,,126.81274199685,35.1700982284572
MA0101202409A0247303,세아산업,,G2,소매,G210,철물·건설자재 소매,G21099,기타 건설/건축자재 소매업,G47519,"페인트, 창호 및 기타 건설자재 소매업",51,강원특별자치도,51130,원주시,51130310,소초면,5113031025,소초면,5113031025106930000,1,대지,693,,강원특별자치도 원주시 소초면 수암리 693,511304457469,강원특별자치도 원주시 소초면 웃독골길,3,,4213031025106930000000001,,강원특별자치도 원주시 소초면 웃독골길 3,220833,26308,,,,127.993059228614,37.4032853091159
MA0101202409A0230121,금당동기와,,G2,소매,G210,철물·건설자재 소매,G21099,기타 건설/건축자재 소매업,G47519,"페인트, 창호 및 기타 건설자재 소매업",11,서울특별시,11440,마포구,11440655,서강동,1144011400,창전동,1144011400100060042,1,대지,6,42,서울특별시 마포구 창전동 6-42,114403113017,서울특별시 마포구 와우산로,140,,1144011400100060042008659,,서울특별시 마포구 와우산로 140,121880,04059,,1,,126.929177646735,37.5538305373596
MA0101202409A0192589,하이스,,G2,소매,G210,철물·건설자재 소매,G21099,기타 건설/건축자재 소매업,G47519,"페인트, 창호 및 기타 건설자재 소매업",31,울산광역시,31200,북구,31200520,농소2동,3120010300,매곡동,3120010300105280003,1,대지,528,3,울산광역시 북구 매곡동 528-3,312003172008,울산광역시 북구 매곡1로,15,1,3120010300105280003000001,해니비지니스센터,울산광역시 북구 매곡1로 15-1,683420,44220,,4,,129.353361825046,35.6423935443071
MA0101202409A0203775,현일건업,,G2,소매,G210,철물·건설자재 소매,G21099,기타 건설/건축자재 소매업,G47519,"페인트, 창호 및 기타 건설자재 소매업",51,강원특별자치도,51170,동해시,51170540,부곡동,5117011000,부곡동,5117011000101060011,1,대지,106,11,강원특별자치도 동해시 부곡동 106-11,511703221031,강원특별자치도 동해시 임항로,50,,4217011000001060011016459,,강원특별자치도 동해시 임항로 50,240814,25735,,,,129.107647732774,37.5384523610297
MA0101202409A0206605,부천자재퀵,,G2,소매,G210,철물·건설자재 소매,G21099,기타 건설/건축자재 소매업,G47519,"페인트, 창호 및 기타 건설자재 소매업",41,경기도,41196,부천시 오정구,41196570,신흥동,4119610800,내동,4119610800100570019,1,대지,57,19,경기도 부천시 오정구 내동 57-19,411964358271,경기도 부천시 오정구 신흥로365번길,36,2,4119910800100570019025065,전체,경기도 부천시 오정구 신흥로365번길 36-2,421805,14494,,1,,126.774259585232,37.5158120482108
MA0101202409A0207977,유원종합건재,,G2,소매,G210,철물·건설자재 소매,G21099,기타 건설/건축자재 소매업,G47519,"페인트, 창호 및 기타 건설자재 소매업",48,경상남도,48890,합천군,48890250,합천읍,4889025021,합천읍,4889025021103290006,1,대지,329,6,경상남도 합천군 합천읍 합천리 329-6,488903348045,경상남도 합천군 합천읍 동서로,113,,4889025021103290006000001,범한빌딩,경상남도 합천군 합천읍 동서로 113,678801,50231,,1,,128.164585284926,35.5659880381939
MA0101202409A0186816,아반트,,G2,소매,G210,철물·건설자재 소매,G21099,기타 건설/건축자재 소매업,G47519,"페인트, 창호 및 기타 건설자재 소매업",41,경기도,41135,성남시 분당구,41135550,정자1동,4113510300,정자동,4113510300100150003,1,대지,15,3,경기도 성남시 분당구 정자동 15-3,411352000005,경기도 성남시 분당구 성남대로,381,,4113510300100150003049115,폴라리스빌딩,경기도 성남시 분당구 성남대로 381,463811,13555,,,,127.107520819478,37.3702847977833
MA0101202409A0203953,상우산업개발,,G2,소매,G210,철물·건설자재 소매,G21099,기타 건설/건축자재 소매업,G47519,"페인트, 창호 및 기타 건설자재 소매업",41,경기도,41461,용인시 처인구,41461340,원삼면,4146134029,원삼면,4146134029100850000,1,대지,85,,경기도 용인시 처인구 원삼면 목신리 85,414614409425,경기도 용인시 처인구 원삼면 보개원삼로1372번길,38,,4146134029100850000000001,,경기도 용인시 처인구 원삼면 보개원삼로1372번길 38,449873,17170,,,,127.313091176545,37.1171320351099
MA0101202409A0208106,괴산동부종합철강,,G2,소매,G210,철물·건설자재 소매,G21099,기타 건설/건축자재 소매업,G47519,"페인트, 창호 및 기타 건설자재 소매업",43,충청북도,43760,괴산군,43760250,괴산읍,4376025021,괴산읍,4376025021100460000,1,대지,46,,충청북도 괴산군 괴산읍 동부리 46,437604538296,충청북도 괴산군 괴산읍 문무로역고개길,51,,4376025021100460000201122,괴산동부철강,충청북도 괴산군 괴산읍 문무로역고개길 51,367805,28032,,,,127.804707763913,36.809876683899
MA0101202409A0188428,정화종합인테리어,,G2,소매,G210,철물·건설자재 소매,G21099,기타 건설/건축자재 소매업,G47519,"페인트, 창호 및 기타 건설자재 소매업",47,경상북도,47280,문경시,47280580,점촌2동,4728010100,점촌동,4728010100100300001,1,대지,30,1,경상북도 문경시 점촌동 30-1,472803312019,경상북도 문경시 영신로,59,,4728010100100300001003087,,경상북도 문경시 영신로 59,745885,36944,,,,128.205620286335,36.5936189705787
MA0101202409A0211134,대길산업,,G2,소매,G210,철물·건설자재 소매,G21099,기타 건설/건축자재 소매업,G47519,"페인트, 창호 및 기타 건설자재 소매업",41,경기도,41590,화성시,41590320,비봉면,4159032025,비봉면,4159032025105630002,1,대지,563,2,경기도 화성시 비봉면 구포리 563-2,415903210111,경기도 화성시 비봉면 푸른들판로,1658,3,4159032025105630002014198,,경기도 화성시 비봉면 푸른들판로 1658-3,445841,18283,,,,126.872552662926,37.2503643428643
MA0101202409A0235891,지주종합상사,,G2,소매,G210,철물·건설자재 소매,G21099,기타 건설/건축자재 소매업,G47519,"페인트, 창호 및 기타 건설자재 소매업",26,부산광역시,26440,강서구,26440510,대저1동,2644010100,대저1동,2644010100125210001,1,대지,2521,1,부산광역시 강서구 대저1동 2521-1,264404208065,부산광역시 강서구 공항로1281번길,15,,2644010100125210001023396,,부산광역시 강서구 공항로1281번길 15,618803,46702,,,,128.986061176343,35.2121223942951
MA0101202409A0237219,우리동네맥가이버철물점,,G2,소매,G210,철물·건설자재 소매,G21099,기타 건설/건축자재 소매업,G47519,"페인트, 창호 및 기타 건설자재 소매업",11,서울특별시,11380,은평구,11380530,불광2동,1138010300,불광동,1138010300104840079,1,대지,484,79,서울특별시 은평구 불광동 484-79,113804133324,서울특별시 은평구 통일로82길,21,,1138010300104840079035887,,서울특별시 은평구 통일로82길 21,122860,03344,,1,,126.920187368386,37.621678546003
MA0101202409A0181221,제이텍울산지사,,G2,소매,G210,철물·건설자재 소매,G21099,기타 건설/건축자재 소매업,G47519,"페인트, 창호 및 기타 건설자재 소매업",31,울산광역시,31140,남구,31140540,신정4동,3114010400,신정동,3114010400106850004,1,대지,685,4,울산광역시 남구 신정동 685-4,311403170026,울산광역시 남구 삼산로,48,,3114010400106850004029038,효천빌딩,울산광역시 남구 삼산로 48,680735,44730,,12,,129.313001705194,35.5333910109185
MA0101202409A0187222,에스에이치이노베이션,,G2,소매,G210,철물·건설자재 소매,G21099,기타 건설/건축자재 소매업,G47519,"페인트, 창호 및 기타 건설자재 소매업",30,대전광역시,30200,유성구,30200530,온천1동,3020011200,구암동,3020011200105110019,1,대지,511,19,대전광역시 유성구 구암동 511-19,302004301576,대전광역시 유성구 현충원로347번길,14,,3020011200105110019000001,,대전광역시 유성구 현충원로347번길 14,305800,34144,,2,,127.309707563612,36.3598591081881
