상가업소번호,상호명,지점명,상권업종대분류코드,상권업종대분류명,상권업종중분류코드,상권업종중분류명,상권업종소분류코드,상권업종소분류명,표준산업분류코드,표준산업분류명,시도코드,시도명,시군구코드,시군구명,행정동코드,행정동명,법정동코드,법정동명,PNU코드,대지구분코드,대지구분명,지번본번지,지번부번지,지번주소,도로명코드,도로명,건물본번지,건물부번지,건물관리번호,건물명,도로명주소,구우편번호,신우편번호,동정보,층정보,호정보,경도,위도
MA010120220803719823,타이어아울렛,,G2,소매,G202,자동차 부품 소매,G20201,타이어 소매업,G45211,자동차 신품 타이어 및 튜브 판매업,11,서울특별시,11230,동대문구,11230650,장안1동,1123010600,장안동,1123010600104400007,1,대지,440,7,서울특별시 동대문구 장안동 440-7,112304115576,서울특별시 동대문구 천호대로97길,68,,1123010600104400007015869,상록파라브아파트,서울특별시 동대문구 천호대로97길 68,130845,02642,,1,,127.071986021753,37.5635245610044
MA010120220805086167,서울타이어,,G2,소매,G202,자동차 부품 소매,G20201,타이어 소매업,G45220,자동차 중고 부품 및 내장품 판매업,11,서울특별시,11470,양천구,11470611,신월7동,1147010300,신월동,1147010300103410001,1,대지,341,1,서울특별시 양천구 신월동 341-1,114703114013,서울특별시 양천구 지양로,101,,1147010300103410001007314,길훈아파트,서울특별시 양천구 지양로 101,158789,08035,,1,,126.83135336536,37.5234217240277
MA010120220801101153,유성타이어,,G2,소매,G202,자동차 부품 소매,G20201,타이어 소매업,G45211,자동차 신품 타이어 및 튜브 판매업,28,인천광역시,28110,중구,28110540,신흥동,2811012800,신흥동3가,2811012800100340020,1,대지,34,20,인천광역시 중구 신흥동3가 34-20,281104247391,인천광역시 중구 축항대로291번길,6,,2811012800100340012002819,,인천광역시 중구 축항대로291번길 6,400103,22334,,,,126.628516949962,37.4488684111899
MA010120220801101703,한국타이어남항총판,,G2,소매,G202,자동차 부품 소매,G20201,타이어 소매업,G45211,자동차 신품 타이어 및 튜브 판매업,28,인천광역시,28110,중구,28110540,신흥동,2811012800,신흥동3가,2811012800100600011,1,대지,60,11,인천광역시 중구 신흥동3가 60-11,281102008001,인천광역시 중구 서해대로,110,,2811012800100600011000001,,인천광역시 중구 서해대로 110,400103,22341,,,,126.618488830597,37.4385199071129
MA010120220801123591,타이어프로영종점,,G2,소매,G202,자동차 부품 소매,G20201,타이어 소매업,G45211,자동차 신품 타이어 및 튜브 판매업,28,인천광역시,28110,중구,28110620,영종동,2811014600,운남동,2811014600100240003,1,대지,24,3,인천광역시 중구 운남동 24-3,281103149042,인천광역시 중구 운중로,106,,2811014600100240003222594,,인천광역시 중구 운중로 106,400811,22359,,,,126.54508981499,37.4939332335997
MA010120220801102061,건우종합타이어,,G2,소매,G202,자동차 부품 소매,G20201,타이어 소매업,G45220,자동차 중고 부품 및 내장품 판매업,28,인천광역시,28177,미추홀구,28177520,숭의1.3동,2817710100,숭의동,2817710100101050082,1,대지,105,82,인천광역시 미추홀구 숭의동 105-82,281773008006,인천광역시 미추홀구 새천년로,6,,2817010100101050082041544,,인천광역시 미추홀구 새천년로 6,402813,22104,,,,126.648447882656,37.4691209647764
MA010120220801120929,노루발타이어,,G2,소매,G202,자동차 부품 소매,G20201,타이어 소매업,G45211,자동차 신품 타이어 및 튜브 판매업,28,인천광역시,28110,중구,28110620,영종동,2811014600,운남동,2811014600101640000,1,대지,164,,인천광역시 중구 운남동 164,281104247278,인천광역시 중구 운중로48번길,49,,2811014600101640000000001,,인천광역시 중구 운중로48번길 49,400812,22359,,,,126.537725187677,37.4889401363663
MA010120220801096678,창조상사,,G2,소매,G202,자동차 부품 소매,G20201,타이어 소매업,G45219,기타 자동차 신품 부품 및 내장품 판매업,28,인천광역시,28110,중구,28110540,신흥동,2811012800,신흥동3가,2811012800100340018,1,대지,34,18,인천광역시 중구 신흥동3가 34-18,281102149003,인천광역시 중구 축항대로,295,,2811012800100340018108980,,인천광역시 중구 축항대로 295,400103,22334,,,,126.628282660024,37.4482549884244
MA010120220801105000,통큰타이어,,G2,소매,G202,자동차 부품 소매,G20201,타이어 소매업,G45211,자동차 신품 타이어 및 튜브 판매업,28,인천광역시,28177,미추홀구,28177670,주안6동,2817710500,주안동,2817710500115850006,1,대지,1585,6,인천광역시 미추홀구 주안동 1585-6,281773008003,인천광역시 미추홀구 구월로,29,,2817010600115850006138766,,인천광역시 미추홀구 구월로 29,402848,22145,,1,,126.693552928377,37.4577857219818
MA010120220801118621,타이어팜,,G2,소매,G202,자동차 부품 소매,G20201,타이어 소매업,G45211,자동차 신품 타이어 및 튜브 판매업,28,인천광역시,28177,미추홀구,28177520,숭의1.3동,2817710100,숭의동,2817710100103420008,1,대지,342,8,인천광역시 미추홀구 숭의동 342-8,281774253652,인천광역시 미추홀구 제물량로24번길,88,,2817010100103420008186869,,인천광역시 미추홀구 제물량로24번길 88,402816,22174,,,,126.641614393382,37.4608472141633
MA010120220801091417,피앤와이인터내셔널,,G2,소매,G202,자동차 부품 소매,G20201,타이어 소매업,G45211,자동차 신품 타이어 및 튜브 판매업,28,인천광역시,28260,서구,28260515,검암경서동,2826010400,경서동,2826010400103500106,1,대지,350,106,인천광역시 서구 경서동 350-106,282603156091,인천광역시 서구 호두산로,46,,2826010400103500106007573,,인천광역시 서구 호두산로 46,404170,22745,,,,126.645766800418,37.546130477367
MA010120220801119384,성진타이어문병목,,G2,소매,G202,자동차 부품 소매,G20201,타이어 소매업,G45211,자동차 신품 타이어 및 튜브 판매업,28,인천광역시,28110,중구,28110520,연안동,2811011800,항동7가,2811011800100910025,1,대지,91,25,인천광역시 중구 항동7가 91-25,281104247388,인천광역시 중구 축항대로212번길,13,,2811011800100910025000001,,인천광역시 중구 축항대로212번길 13,400803,22338,,,,126.619130073574,37.4502260870545
MA010120220801119507,대황소타이어,,G2,소매,G202,자동차 부품 소매,G20201,타이어 소매업,G45220,자동차 중고 부품 및 내장품 판매업,28,인천광역시,28177,미추홀구,28177570,용현5동,2817710200,용현동,2817710200106270545,1,대지,627,545,인천광역시 미추홀구 용현동 627-545,281773149061,인천광역시 미추홀구 매소홀로,42,,2817010200106270545043086,,인천광역시 미추홀구 매소홀로 42,402834,22191,,,,126.630833537562,37.4512002727399
MA010120220801152695,금호타이어판매써비스주,,G2,소매,G202,자동차 부품 소매,G20201,타이어 소매업,G45211,자동차 신품 타이어 및 튜브 판매업,28,인천광역시,28177,미추홀구,28177510,숭의2동,2817710100,숭의동,2817710100103390001,1,대지,339,1,인천광역시 미추홀구 숭의동 339-1,281773008017,인천광역시 미추홀구 독배로,493,,2817010100103390001040603,,인천광역시 미추홀구 독배로 493,402012,22173,,,,126.644008417752,37.4613139640777
MA010120220801183568,부흥타이어,,G2,소매,G202,자동차 부품 소매,G20201,타이어 소매업,G45211,자동차 신품 타이어 및 튜브 판매업,28,인천광역시,28237,부평구,28237550,부평5동,2823710100,부평동,2823710100101270020,1,대지,127,20,인천광역시 부평구 부평동 127-20,282373000066,인천광역시 부평구 부흥로,368,,2823710100101270020108121,,인천광역시 부평구 부흥로 368,403817,21397,,,,126.732890483004,37.4977777686786
MA010120220801159163,선진타이어주,,G2,소매,G202,자동차 부품 소매,G20201,타이어 소매업,G45220,자동차 중고 부품 및 내장품 판매업,28,인천광역시,28177,미추홀구,28177580,학익1동,2817710300,학익동,2817710300105870101,1,대지,587,101,인천광역시 미추홀구 학익동 587-101,281774253458,인천광역시 미추홀구 아암대로253번길,88,,2817010300105870101019996,,인천광역시 미추홀구 아암대로253번길 88,402865,22196,,,,126.638357011752,37.4401591347708
MA010120220801193195,TireZone,,G2,소매,G202,자동차 부품 소매,G20201,타이어 소매업,G45211,자동차 신품 타이어 및 튜브 판매업,28,인천광역시,28237,부평구,28237591,청천1동,2823710400,청천동,2823710400100130005,1,대지,13,5,인천광역시 부평구 청천동 13-5,282373000067,인천광역시 부평구 평천로,102,,2823710400100130005016775,,인천광역시 부평구 평천로 102,403854,21304,,,,126.703408341294,37.5208091086766
MA010120220801207090,길갈종합타이어,,G2,소매,G202,자동차 부품 소매,G20201,타이어 소매업,G45211,자동차 신품 타이어 및 튜브 판매업,28,인천광역시,28237,부평구,28237570,산곡1동,2823710300,산곡동,2823710300100070091,1,대지,7,91,인천광역시 부평구 산곡동 7-91,282373154066,인천광역시 부평구 마장로,365,,2823710300100070091016278,,인천광역시 부평구 마장로 365,403832,21309,,,,126.703526735291,37.5108983998312
MA010120220801219531,타이어테크정비,구월점,G2,소매,G202,자동차 부품 소매,G20201,타이어 소매업,G45211,자동차 신품 타이어 및 튜브 판매업,28,인천광역시,28200,남동구,28200510,구월1동,2820010100,구월동,2820010100112340007,1,대지,1234,7,인천광역시 남동구 구월동 1234-7,282003008031,인천광역시 남동구 호구포로,743,,2820010100112340007002272,,인천광역시 남동구 호구포로 743,405837,21579,,,,126.71832789915,37.4488102347196
MA010120220801260944,타이어월드,,G2,소매,G202,자동차 부품 소매,G20201,타이어 소매업,G45211,자동차 신품 타이어 및 튜브 판매업,41,경기도,41220,평택시,41220510,중앙동,4122010900,이충동,4122010900104050012,1,대지,405,12,경기도 평택시 이충동 405-12,412202012013,경기도 평택시 경기대로,1231,,4122010900104050001203812,,경기도 평택시 경기대로 1231,459825,17782,,,,127.060553685193,37.0564194667371
MA010120220801270409,광주타이어,,G2,소매,G202,자동차 부품 소매,G20201,타이어 소매업,G45211,자동차 신품 타이어 및 튜브 판매업,41,경기도,41113,수원시 권선구,41113700,입북동,4111314000,입북동,4111314000103170001,1,대지,317,1,경기도 수원시 권선구 입북동 317-1,411134325409,경기도 수원시 권선구 입북로59번길,83,,4111314000103170001054441,,경기도 수원시 권선구 입북로59번길 83,441470,16365,,,,126.954343782775,37.2984045348702
MA010120220801271082,뉴타입모터스,,G2,소매,G202,자동차 부품 소매,G20201,타이어 소매업,G45211,자동차 신품 타이어 및 튜브 판매업,52,전북특별자치도,52111,전주시 완산구,52111714,효자4동,5211114100,효자동2가,5211114100107530032,1,대지,753,32,전북특별자치도 전주시 완산구 효자동2가 753-32,521113266046,전북특별자치도 전주시 완산구 쑥고개로,301,15,4511114100107530032032468,,전북특별자치도 전주시 완산구 쑥고개로 301-15,560859,55070,,,,127.097236029794,35.8022118421768
MA010120220802977118,신북타이어,,G2,소매,G202,자동차 부품 소매,G20201,타이어 소매업,G45220,자동차 중고 부품 및 내장품 판매업,41,경기도,41650,포천시,41650340,신북면,4165034022,신북면,4165034022108950000,1,대지,895,,경기도 포천시 신북면 기지리 895,416503000136,경기도 포천시 신북면 호국로,2053,,4165034022108940001040364,,경기도 포천시 신북면 호국로 2053,487915,11139,,,,127.226316461373,37.9330591522858
MA010120220802956078,타이어캠프,,G2,소매,G202,자동차 부품 소매,G20201,타이어 소매업,G45211,자동차 신품 타이어 및 튜브 판매업,30,대전광역시,30200,유성구,30200530,온천1동,3020011200,구암동,3020011200104270019,1,대지,427,19,대전광역시 유성구 구암동 427-19,302003010030,대전광역시 유성구 현충원로,417,,3020011200104270019012255,,대전광역시 유성구 현충원로 417,305800,34144,,,,127.317171857177,36.3596953393684
MA010120220802967457,강프로중고타이어,,G2,소매,G202,자동차 부품 소매,G20201,타이어 소매업,G45220,자동차 중고 부품 및 내장품 판매업,48,경상남도,48250,김해시,48250510,동상동,4825010100,동상동,4825010100102990013,1,대지,299,13,경상남도 김해시 동상동 299-13,482503335009,경상남도 김해시 구지로,173,,4825010100102990013045215,,경상남도 김해시 구지로 173,621020,50913,,,,128.882340433425,35.2388419597627
MA010120220802973168,타이어프로오창과학단지점,,G2,소매,G202,자동차 부품 소매,G20201,타이어 소매업,G45211,자동차 신품 타이어 및 튜브 판매업,43,충청북도,43114,청주시 청원구,43114253,오창읍,4311425330,오창읍,4311425330102710001,1,대지,271,1,충청북도 청주시 청원구 오창읍 장대리 271-1,431144520483,충청북도 청주시 청원구 오창읍 오창시내1길,5,2,4311425330102710001000001,,충청북도 청주시 청원구 오창읍 오창시내1길 5-2,363882,28129,,,,127.457645038236,36.7384045770665
MA010120220803036372,글로벌그라운드,,G2,소매,G202,자동차 부품 소매,G20201,타이어 소매업,G45219,기타 자동차 신품 부품 및 내장품 판매업,48,경상남도,48310,거제시,48310370,연초면,4831037025,연초면,4831037025102600002,1,대지,260,2,경상남도 거제시 연초면 다공리 260-2,483103337004,경상남도 거제시 연초면 거제북로,309,,4831037025102600002000001,,경상남도 거제시 연초면 거제북로 309,656811,53210,,1,,128.655765922789,34.9369492529221
MA010120220803011414,밧데리마트,,G2,소매,G202,자동차 부품 소매,G20201,타이어 소매업,G45211,자동차 신품 타이어 및 튜브 판매업,41,경기도,41465,용인시 수지구,41465510,풍덕천1동,4146510100,풍덕천동,4146510100106770009,1,대지,677,9,경기도 용인시 수지구 풍덕천동 677-9,414654415043,경기도 용인시 수지구 문인로13번길,12,,4146510100106770009026564,,경기도 용인시 수지구 문인로13번길 12,448552,16829,,1,,127.101192561907,37.332059742407
MA010120220803058825,미성타이어,,G2,소매,G202,자동차 부품 소매,G20201,타이어 소매업,G45211,자동차 신품 타이어 및 튜브 판매업,41,경기도,41650,포천시,41650320,내촌면,4165032021,내촌면,4165032021103130002,1,대지,313,2,경기도 포천시 내촌면 진목리 313-2,416503213046,경기도 포천시 내촌면 포천로,399,,4165032021103130002008218,,경기도 포천시 내촌면 포천로 399,487836,11190,,,,127.20991962819,37.8109480734999
MA010120220803081436,한국타이어용담점,,G2,소매,G202,자동차 부품 소매,G20201,타이어 소매업,G45211,자동차 신품 타이어 및 튜브 판매업,43,충청북도,43111,청주시 상당구,43111690,용담.명암.산성동,4311112100,용담동,4311112100100760016,1,대지,76,16,충청북도 청주시 상당구 용담동 76-16,431113236016,충청북도 청주시 상당구 명암로,7,6,4311112100100760016032332,,충청북도 청주시 상당구 명암로 7-6,360190,28314,,2,,127.508516352794,36.6375520371192
MA010120220803114872,동해타이어,,G2,소매,G202,자동차 부품 소매,G20201,타이어 소매업,G45211,자동차 신품 타이어 및 튜브 판매업,48,경상남도,48220,통영시,48220340,광도면,4822034026,광도면,4822034026110720000,1,대지,1072,,경상남도 통영시 광도면 황리 1072,482203019022,경상남도 통영시 광도면 안정로,927,7,4822034026110720000044131,,경상남도 통영시 광도면 안정로 927-7,650827,53008,,,,128.411396076565,34.9580515890845
MA010120220803101381,수지종합카센타,,G2,소매,G202,자동차 부품 소매,G20201,타이어 소매업,G45211,자동차 신품 타이어 및 튜브 판매업,52,전북특별자치도,52190,남원시,52190320,수지면,5219032025,수지면,5219032025109760068,1,대지,976,68,전북특별자치도 남원시 수지면 호곡리 976-68,521903000197,전북특별자치도 남원시 수지면 고주로,623,9,4519032025109760068017472,,전북특별자치도 남원시 수지면 고주로 623-9,590921,55791,,,,127.37035232748,35.3386058337855
MA010120220803122594,세종타이어,,G2,소매,G202,자동차 부품 소매,G20201,타이어 소매업,G45211,자동차 신품 타이어 및 튜브 판매업,41,경기도,41670,여주시,41670520,중앙동,4167011000,가업동,4167011000101590001,1,대지,159,1,경기도 여주시 가업동 159-1,416703214048,경기도 여주시 웅골로,169,,4173025030101590001000001,,경기도 여주시 웅골로 169,469110,12645,,,,127.627759723638,37.2659875129287
MA010120220803120933,타이어테크성당점,,G2,소매,G202,자동차 부품 소매,G20201,타이어 소매업,G45211,자동차 신품 타이어 및 튜브 판매업,47,경상북도,47280,문경시,47280610,점촌5동,4728011000,모전동,4728011000102980020,1,대지,298,20,경상북도 문경시 모전동 298-20,472803018044,경상북도 문경시 모전로,95,,4728011000102980020000001,,경상북도 문경시 모전로 95,745882,36980,,,,128.189679345301,36.5895891140563
MA010120220804589649,홍천모터스,,G2,소매,G202,자동차 부품 소매,G20201,타이어 소매업,G45212,자동차용 전용 신품 부품 판매업,51,강원특별자치도,51720,홍천군,51720250,홍천읍,5172025022,홍천읍,5172025022100260002,1,대지,26,2,강원특별자치도 홍천군 홍천읍 신장대리 26-2,517203225052,강원특별자치도 홍천군 홍천읍 홍천로,388,,4272025022100270002008665,,강원특별자치도 홍천군 홍천읍 홍천로 388,250805,25132,,,,127.888582779618,37.6896253358194
MA010120220804610626,타이어집,,G2,소매,G202,자동차 부품 소매,G20201,타이어 소매업,G45211,자동차 신품 타이어 및 튜브 판매업,41,경기도,41113,수원시 권선구,41113560,서둔동,4111313100,서둔동,4111313100100790039,1,대지,79,39,경기도 수원시 권선구 서둔동 79-39,411133175010,경기도 수원시 권선구 권선로,309,,4111313100100790009000002,,경기도 수원시 권선구 권선로 309,441853,16613,,2,,126.986044163789,37.2593794699598
MA010120220804590406,타이어프로인제점,,G2,소매,G202,자동차 부품 소매,G20201,타이어 소매업,G45211,자동차 신품 타이어 및 튜브 판매업,51,강원특별자치도,51810,인제군,51810250,인제읍,5181025021,인제읍,5181025021103240004,1,대지,324,4,강원특별자치도 인제군 인제읍 상동리 324-4,518103233020,강원특별자치도 인제군 인제읍 인제로,151,,4281025021003240004008832,,강원특별자치도 인제군 인제읍 인제로 151,252806,24625,,,,128.167544637221,38.0667611741834
MA010120220804594744,우성타이어,,G2,소매,G202,자동차 부품 소매,G20201,타이어 소매업,G45211,자동차 신품 타이어 및 튜브 판매업,51,강원특별자치도,51110,춘천시,51110600,후평1동,5111012000,후평동,5111012000102910018,1,대지,291,18,강원특별자치도 춘천시 후평동 291-18,511103218002,강원특별자치도 춘천시 공단로,18,,4211012000102910018033976,,강원특별자치도 춘천시 공단로 18,200957,24233,,,,127.749850404818,37.8876793074284
MA010120220804648711,하나로타이어,,G2,소매,G202,자동차 부품 소매,G20201,타이어 소매업,G45211,자동차 신품 타이어 및 튜브 판매업,51,강원특별자치도,51130,원주시,51130590,단계동,5113011000,단계동,5113011000108020007,1,대지,802,7,강원특별자치도 원주시 단계동 802-7,511303219022,강원특별자치도 원주시 무실로,174,,4213011000108020007022099,,강원특별자치도 원주시 무실로 174,220937,26434,,,,127.93980185333,37.3412547796536
MA010120220804627586,타이어라이프,단구점,G2,소매,G202,자동차 부품 소매,G20201,타이어 소매업,G45211,자동차 신품 타이어 및 튜브 판매업,51,강원특별자치도,51130,원주시,51130550,단구동,5113010700,단구동,5113010700114640022,1,대지,1464,22,강원특별자치도 원주시 단구동 1464-22,511304457697,강원특별자치도 원주시 송림길,48,29,4213010700114640021002630,,강원특별자치도 원주시 송림길 48-29,220943,26449,,,,127.951971079841,37.3308680796078
MA010120220804627622,365타이어,문산점,G2,소매,G202,자동차 부품 소매,G20201,타이어 소매업,G45211,자동차 신품 타이어 및 튜브 판매업,41,경기도,41480,파주시,41480250,문산읍,4148025021,문산읍,4148025021100170192,1,대지,17,192,경기도 파주시 문산읍 문산리 17-192,414803206033,경기도 파주시 문산읍 문향로,6,,4148025021100170192016908,,경기도 파주시 문산읍 문향로 6,413904,10823,,,,126.786814727842,37.8526563676771
MA010120220804640693,타이어드림,,G2,소매,G202,자동차 부품 소매,G20201,타이어 소매업,G45211,자동차 신품 타이어 및 튜브 판매업,51,강원특별자치도,51130,원주시,51130590,단계동,5113011000,단계동,5113011000101000026,1,대지,100,26,강원특별자치도 원주시 단계동 100-26,511304457474,강원특별자치도 원주시 원문로100번길,1,,4213011000101000026021649,,강원특별자치도 원주시 원문로100번길 1,220935,26408,,,,127.93573141917,37.3569824171164
MA010120220804624354,영주타이어,,G2,소매,G202,자동차 부품 소매,G20201,타이어 소매업,G45211,자동차 신품 타이어 및 튜브 판매업,51,강원특별자치도,51130,원주시,51130250,문막읍,5113025022,문막읍,5113025022112620004,1,대지,1262,4,강원특별자치도 원주시 문막읍 동화리 1262-4,511303219041,강원특별자치도 원주시 문막읍 원문로,1557,,4213025022112620004026052,,강원특별자치도 원주시 문막읍 원문로 1557,220801,26372,,,,127.835194613974,37.3221093083342
MA010120220804619048,A+밧데리,전문점,G2,소매,G202,자동차 부품 소매,G20201,타이어 소매업,G45212,자동차용 전용 신품 부품 판매업,51,강원특별자치도,51130,원주시,51130560,일산동,5113010800,일산동,5113010800101220001,1,대지,122,1,강원특별자치도 원주시 일산동 122-1,511304457508,강원특별자치도 원주시 일산로36번길,7,,4213010800101220001008008,,강원특별자치도 원주시 일산로36번길 7,220956,26427,,,,127.947544117088,37.3476171275534
MA010120220804647921,영서타이어,,G2,소매,G202,자동차 부품 소매,G20201,타이어 소매업,G45211,자동차 신품 타이어 및 튜브 판매업,51,강원특별자치도,51730,횡성군,51730250,횡성읍,5173025032,횡성읍,5173025032104750005,1,대지,475,5,강원특별자치도 횡성군 횡성읍 조곡리 475-5,517303219069,강원특별자치도 횡성군 횡성읍 덕고로,673,,4273025032104660003006863,,강원특별자치도 횡성군 횡성읍 덕고로 673,225806,25213,,,,128.011533369691,37.4903613131715
MA010120220804648528,타이어주치의닥터K,,G2,소매,G202,자동차 부품 소매,G20201,타이어 소매업,G45220,자동차 중고 부품 및 내장품 판매업,51,강원특별자치도,51130,원주시,51130635,봉산동,5113011300,봉산동,5113011300111990000,1,대지,1199,,강원특별자치도 원주시 봉산동 1199,511303219025,강원특별자치도 원주시 봉산로,136,,4213011300111990000010661,,강원특별자치도 원주시 봉산로 136,220950,26331,,,,127.96789713043,37.3427311254238
MA010120220804621541,용타이어,,G2,소매,G202,자동차 부품 소매,G20201,타이어 소매업,G45211,자동차 신품 타이어 및 튜브 판매업,51,강원특별자치도,51130,원주시,51130330,지정면,5113033027,지정면,5113033027102510001,1,대지,251,1,강원특별자치도 원주시 지정면 보통리 251-1,511303219024,강원특별자치도 원주시 지정면 보통로,380,,4213033027102480000000001,,강원특별자치도 원주시 지정면 보통로 380,220822,26356,,,,127.875255748805,37.3395334826765
MA010120220804644187,태양타이어,,G2,소매,G202,자동차 부품 소매,G20201,타이어 소매업,G45220,자동차 중고 부품 및 내장품 판매업,51,강원특별자치도,51130,원주시,51130320,호저면,5113032025,호저면,5113032025105930017,1,대지,593,17,강원특별자치도 원주시 호저면 만종리 593-17,511303219041,강원특별자치도 원주시 호저면 원문로,543,,4213032025105930017000001,,강원특별자치도 원주시 호저면 원문로 543,220924,26375,,,,127.903595557366,37.3587369495474
MA010120220804675276,태양타이어,,G2,소매,G202,자동차 부품 소매,G20201,타이어 소매업,G45211,자동차 신품 타이어 및 튜브 판매업,43,충청북도,43150,제천시,43150510,교동,4315011600,장락동,4315011600106940006,1,대지,694,6,충청북도 제천시 장락동 694-6,431503239010,충청북도 제천시 내토로,758,,4315011600106940006000001,,충청북도 제천시 내토로 758,390894,27177,,,,128.224116343179,37.1440585285906
MA010120220804676661,제이케이사운드,,G2,소매,G202,자동차 부품 소매,G20201,타이어 소매업,R90199,그 외 기타 창작 및 예술관련 서비스업,51,강원특별자치도,51770,정선군,51770250,정선읍,5177025021,정선읍,5177025021100330002,1,대지,33,2,강원특별자치도 정선군 정선읍 봉양리 33-2,517703229007,강원특별자치도 정선군 정선읍 녹송로,57,28,4277025021100330002033316,,강원특별자치도 정선군 정선읍 녹송로 57-28,233804,26128,,,,128.669672776745,37.3825750875377
MA010120220804678236,명성타이어,,G2,소매,G202,자동차 부품 소매,G20201,타이어 소매업,G45211,자동차 신품 타이어 및 튜브 판매업,51,강원특별자치도,51750,영월군,51750250,영월읍,5175025024,영월읍,5175025024106980008,1,대지,698,8,강원특별자치도 영월군 영월읍 덕포리 698-8,517503227034,강원특별자치도 영월군 영월읍 중앙로,255,1,4275025024106980008022261,,강원특별자치도 영월군 영월읍 중앙로 255-1,230802,26231,,,,128.47944978566,37.1697250793246
MA010120220804652981,서울카타이어배터리할인점,,G2,소매,G202,자동차 부품 소매,G20201,타이어 소매업,G45211,자동차 신품 타이어 및 튜브 판매업,51,강원특별자치도,51730,횡성군,51730250,횡성읍,5173025039,횡성읍,5173025039101300004,1,대지,130,4,강원특별자치도 횡성군 횡성읍 곡교리 130-4,517303219067,강원특별자치도 횡성군 횡성읍 횡성로,77,,4273025039101300004018851,,강원특별자치도 횡성군 횡성읍 횡성로 77,225802,25239,,,,127.974019123851,37.4618183343222
MA010120220804719250,동그라미중고타이어,,G2,소매,G202,자동차 부품 소매,G20201,타이어 소매업,G45220,자동차 중고 부품 및 내장품 판매업,51,강원특별자치도,51150,강릉시,51150571,포남1동,5115011100,포남동,5115011100110960006,1,대지,1096,6,강원특별자치도 강릉시 포남동 1096-6,511503220001,강원특별자치도 강릉시 가작로,270,,4215011100110960006010791,,강원특별자치도 강릉시 가작로 270,210954,25488,,1,,128.90449693309,37.770235536692
MA010120220804699249,영동타이어,,G2,소매,G202,자동차 부품 소매,G20201,타이어 소매업,G45211,자동차 신품 타이어 및 튜브 판매업,51,강원특별자치도,51150,강릉시,51150571,포남1동,5115011100,포남동,5115011100110960014,1,대지,1096,14,강원특별자치도 강릉시 포남동 1096-14,511504460379,강원특별자치도 강릉시 명륜로128번길,5,,4215011100110960014011708,,강원특별자치도 강릉시 명륜로128번길 5,210954,25488,,,,128.903886273964,37.7694346522833
MA010120220804709102,강릉쌍용부품,,G2,소매,G202,자동차 부품 소매,G20201,타이어 소매업,G45219,기타 자동차 신품 부품 및 내장품 판매업,51,강원특별자치도,51150,강릉시,51150645,성덕동,5115012500,입암동,5115012500100630001,1,대지,63,1,강원특별자치도 강릉시 입암동 63-1,511503220055,강원특별자치도 강릉시 강변로,526,,4215012500100630001025998,,강원특별자치도 강릉시 강변로 526,210935,25576,,,,128.918451520213,37.7652526796652
MA010120220804703463,프로미월드광명카,,G2,소매,G202,자동차 부품 소매,G20201,타이어 소매업,G45211,자동차 신품 타이어 및 튜브 판매업,51,강원특별자치도,51150,강릉시,51150572,포남2동,5115011100,포남동,5115011100112310003,1,대지,1231,3,강원특별자치도 강릉시 포남동 1231-3,511502220001,강원특별자치도 강릉시 강릉대로,485,,4215011100112310005008712,,강원특별자치도 강릉시 강릉대로 485,210112,25480,,,,128.914865356757,37.7762381887847
MA010120220804701961,강남세차장，카센타,,G2,소매,G202,자동차 부품 소매,G20201,타이어 소매업,G45211,자동차 신품 타이어 및 튜브 판매업,51,강원특별자치도,51150,강릉시,51150645,성덕동,5115012500,입암동,5115012500106380008,1,대지,638,8,강원특별자치도 강릉시 입암동 638-8,511503220055,강원특별자치도 강릉시 강변로,374,,4215012500106380008016239,,강원특별자치도 강릉시 강변로 374,210938,25581,,,,128.907325951369,37.7553439234481
MA010120220804696564,하나원타이어,,G2,소매,G202,자동차 부품 소매,G20201,타이어 소매업,G45211,자동차 신품 타이어 및 튜브 판매업,51,강원특별자치도,51150,강릉시,51150510,홍제동,5115010100,홍제동,5115010100107610007,1,대지,761,7,강원특별자치도 강릉시 홍제동 761-7,511504460090,강원특별자치도 강릉시 경강로1804번길,13,,5115010100107610007000001,,강원특별자치도 강릉시 경강로1804번길 13,210949,25524,,,,128.867422002346,37.7449838314506
MA010120220806044945,한국타이어남부쎈타,,G2,소매,G202,자동차 부품 소매,G20201,타이어 소매업,G45211,자동차 신품 타이어 및 튜브 판매업,44,충청남도,44131,천안시 동남구,44131530,원성1동,4413110700,원성동,4413110700104840015,1,대지,484,15,충청남도 천안시 동남구 원성동 484-15,441312249005,충청남도 천안시 동남구 천안대로,675,1,4413110700104840015015118,,충청남도 천안시 동남구 천안대로 675-1,330952,31126,,1,,127.164241942023,36.8086922395977
MA010120220806058295,태양사,,G2,소매,G202,자동차 부품 소매,G20201,타이어 소매업,G45211,자동차 신품 타이어 및 튜브 판매업,44,충청남도,44133,천안시 서북구,44133510,성정1동,4413310200,성정동,4413310200101350029,1,대지,135,29,충청남도 천안시 서북구 성정동 135-29,441334550327,충청남도 천안시 서북구 선영7길,3,,4413310200101350029052883,,충청남도 천안시 서북구 선영7길 3,331998,31143,,,,127.143902161974,36.8146478954261
MA010120220806073859,타이어1번지,,G2,소매,G202,자동차 부품 소매,G20201,타이어 소매업,G45211,자동차 신품 타이어 및 튜브 판매업,44,충청남도,44133,천안시 서북구,44133253,성거읍,4413325332,성거읍,4413325332101860000,1,대지,186,,충청남도 천안시 서북구 성거읍 소우리 186,441333250023,충청남도 천안시 서북구 성거읍 봉주로,139,,4413325332101860000037714,,충청남도 천안시 서북구 성거읍 봉주로 139,331835,31048,,,,127.161945664538,36.8783057632991
MA010120220806075761,타이어팩토리,다가점,G2,소매,G202,자동차 부품 소매,G20201,타이어 소매업,G45211,자동차 신품 타이어 및 튜브 판매업,44,충청남도,44131,천안시 동남구,44131560,일봉동,4413111400,다가동,4413111400104060012,1,대지,406,12,충청남도 천안시 동남구 다가동 406-12,441314547133,충청남도 천안시 동남구 다가말4길,70,,4413111400104060012028456,,충청남도 천안시 동남구 다가말4길 70,330110,31182,,,,127.142694877035,36.7982040739084
MA010120220806066921,만기타이어,,G2,소매,G202,자동차 부품 소매,G20201,타이어 소매업,G45220,자동차 중고 부품 및 내장품 판매업,44,충청남도,44133,천안시 서북구,44133580,부성1동,4413311000,신당동,4413311000100210012,1,대지,21,12,충청남도 천안시 서북구 신당동 21-12,441332249005,충청남도 천안시 서북구 천안대로,1400,,4413311000100210012039300,,충청남도 천안시 서북구 천안대로 1400,331280,31050,,,,127.150042619881,36.8657059734549
MA010120220806077119,브리지스톤천안,대리점,G2,소매,G202,자동차 부품 소매,G20201,타이어 소매업,G45211,자동차 신품 타이어 및 튜브 판매업,44,충청남도,44131,천안시 동남구,44131580,청룡동,4413112000,구룡동,4413112000100010000,1,대지,1,,충청남도 천안시 동남구 구룡동 1,441314547712,충청남도 천안시 동남구 청당산업길,33,,4413112000100010000045715,,충청남도 천안시 동남구 청당산업길 33,330080,31212,,,,127.16394949165,36.7661150226097
MA010120220806065277,공단종합타이어,,G2,소매,G202,자동차 부품 소매,G20201,타이어 소매업,G45220,자동차 중고 부품 및 내장품 판매업,41,경기도,41220,평택시,41220250,팽성읍,4122025023,팽성읍,4122025023102690005,1,대지,269,5,경기도 평택시 팽성읍 추팔리 269-5,412203188112,경기도 평택시 팽성읍 팽성로,356,,4122025023102690005025861,,경기도 평택시 팽성읍 팽성로 356,451805,17999,,,,127.069564925404,36.9641078229847
MA010120220806065627,동서상사,,G2,소매,G202,자동차 부품 소매,G20201,타이어 소매업,G45211,자동차 신품 타이어 및 튜브 판매업,44,충청남도,44200,아산시,44200250,염치읍,4420025032,염치읍,4420025032101120409,1,대지,112,409,충청남도 아산시 염치읍 송곡리 112-409,442004559353,충청남도 아산시 염치읍 송곡남길,82,19,4420025032101120409028262,,충청남도 아산시 염치읍 송곡남길 82-19,336813,31450,,,,127.012617105189,36.8002894726797
MA010120220806118788,타이어프로,인계점,G2,소매,G202,자동차 부품 소매,G20201,타이어 소매업,G45211,자동차 신품 타이어 및 튜브 판매업,41,경기도,41115,수원시 팔달구,41115730,인계동,4111514100,인계동,4111514100109750006,1,대지,975,6,경기도 수원시 팔달구 인계동 975-6,411153176010,경기도 수원시 팔달구 인계로,66,,4111514100109750006060751,,경기도 수원시 팔달구 인계로 66,442833,16476,,,,127.024555375619,37.2686945219125
MA010120220806119511,777타이어배산점,,G2,소매,G202,자동차 부품 소매,G20201,타이어 소매업,G45211,자동차 신품 타이어 및 튜브 판매업,52,전북특별자치도,52140,익산시,52140610,모현동,5214011400,모현동1가,5214011400100130113,1,대지,13,113,전북특별자치도 익산시 모현동1가 13-113,521403269008,전북특별자치도 익산시 동서로,155,,4514011400100130113050952,,전북특별자치도 익산시 동서로 155,570965,54651,,,,126.951737042069,35.9556796100029
MA010120220806084887,아산타이어,,G2,소매,G202,자동차 부품 소매,G20201,타이어 소매업,G45211,자동차 신품 타이어 및 튜브 판매업,44,충청남도,44200,아산시,44200370,영인면,4420037030,영인면,4420037030107100001,1,대지,710,1,충청남도 아산시 영인면 신봉리 710-1,442003000190,충청남도 아산시 영인면 장영실로,609,,4420037030105160018000001,,충청남도 아산시 영인면 장영실로 609,336822,31401,,,,126.977505221961,36.8968234368314
MA010120220806113234,제우스중고타이어,,G2,소매,G202,자동차 부품 소매,G20201,타이어 소매업,G45220,자동차 중고 부품 및 내장품 판매업,44,충청남도,44133,천안시 서북구,44133520,성정2동,4413310200,성정동,4413310200106340003,1,대지,634,3,충청남도 천안시 서북구 성정동 634-3,441332250001,충청남도 천안시 서북구 동서대로,198,,4413310200106340003049346,,충청남도 천안시 서북구 동서대로 198,331972,31136,,,,127.145008784798,36.8249912821667
MA010120220806116944,북천안타이어,,G2,소매,G202,자동차 부품 소매,G20201,타이어 소매업,G45211,자동차 신품 타이어 및 튜브 판매업,44,충청남도,44133,천안시 서북구,44133256,직산읍,4413325624,직산읍,4413325624101230000,1,대지,123,,충청남도 천안시 서북구 직산읍 판정리 123,441334550659,충청남도 천안시 서북구 직산읍 느르머리길,6,,4413325624101230000000001,,충청남도 천안시 서북구 직산읍 느르머리길 6,331811,31033,,1,,127.180045148826,36.9099803222795
MA010120220806120097,타이어프로선운점,,G2,소매,G202,자동차 부품 소매,G20201,타이어 소매업,G45211,자동차 신품 타이어 및 튜브 판매업,29,광주광역시,29200,광산구,29200565,어룡동,2920010600,운수동,2920010600102940001,1,대지,294,1,광주광역시 광산구 운수동 294-1,292002163001,광주광역시 광산구 어등대로,485,,2920010600102940001044707,,광주광역시 광산구 어등대로 485,506110,62397,,,,126.776073379923,35.1519818121329
MA010120220806088910,아산중고타이어,,G2,소매,G202,자동차 부품 소매,G20201,타이어 소매업,G45220,자동차 중고 부품 및 내장품 판매업,44,충청남도,44200,아산시,44200600,온양4동,4420011500,배미동,4420011500102180000,1,대지,218,,충청남도 아산시 배미동 218,442003253027,충청남도 아산시 배미로,6,,4420011500102180000029698,,충청남도 아산시 배미로 6,336130,31529,,,,126.974120139418,36.787644701167
MA010120220806077971,타이어테크서,북구점,G2,소매,G202,자동차 부품 소매,G20201,타이어 소매업,G45211,자동차 신품 타이어 및 튜브 판매업,44,충청남도,44133,천안시 서북구,44133520,성정2동,4413310200,성정동,4413310200106180002,1,대지,618,2,충청남도 천안시 서북구 성정동 618-2,441332250001,충청남도 천안시 서북구 동서대로,134,,4413310200106180002050361,,충청남도 천안시 서북구 동서대로 134,331936,31134,,,,127.137970541016,36.8254952666128
MA010120220806089595,거성타이어,,G2,소매,G202,자동차 부품 소매,G20201,타이어 소매업,G45220,자동차 중고 부품 및 내장품 판매업,44,충청남도,44131,천안시 동남구,44131320,광덕면,4413132029,광덕면,4413132029100500003,1,대지,50,3,충청남도 천안시 동남구 광덕면 행정리 50-3,441314547765,충청남도 천안시 동남구 광덕면 행정길,9,,4413132029100500003072700,,충청남도 천안시 동남구 광덕면 행정길 9,330922,31223,,,,127.158247027599,36.6889866311502
MA010120220806155231,777타이어,법원점,G2,소매,G202,자동차 부품 소매,G20201,타이어 소매업,G45211,자동차 신품 타이어 및 튜브 판매업,52,전북특별자치도,52113,전주시 덕진구,52113570,덕진동,5211310500,덕진동1가,5211310500114810013,1,대지,1481,13,전북특별자치도 전주시 덕진구 덕진동1가 1481-13,521133267018,전북특별자치도 전주시 덕진구 들사평서로,9,,4511310500114810013017532,,전북특별자치도 전주시 덕진구 들사평서로 9,561811,54893,,,,127.120964339406,35.8369519194447
MA010120220806144235,금호타이어보령총판,,G2,소매,G202,자동차 부품 소매,G20201,타이어 소매업,G45211,자동차 신품 타이어 및 튜브 판매업,44,충청남도,44180,보령시,44180515,대천1동,4418010100,대천동,4418010100102880177,1,대지,288,177,충청남도 보령시 대천동 288-177,441804556065,충청남도 보령시 구시7길,4,,4418010100102880177014303,,충청남도 보령시 구시7길 4,355934,33457,,,,126.591236148819,36.3461788624297
MA010120220806198577,타이어반값,,G2,소매,G202,자동차 부품 소매,G20201,타이어 소매업,G45211,자동차 신품 타이어 및 튜브 판매업,30,대전광역시,30170,서구,30170535,정림동,3017010400,정림동,3017010400100050059,1,대지,5,59,대전광역시 서구 정림동 5-59,301703000095,대전광역시 서구 계백로,1301,1,3017010400100050059016280,,대전광역시 서구 계백로 1301-1,302854,35348,,,,127.3669037765,36.3088346893394
MA010120220807543959,유달중고타이어,,G2,소매,G202,자동차 부품 소매,G20201,타이어 소매업,G45220,자동차 중고 부품 및 내장품 판매업,29,광주광역시,29170,북구,29170602,운암2동,2917010900,운암동,2917010900104210010,1,대지,421,10,광주광역시 북구 운암동 421-10,291703009021,광주광역시 북구 무등로,51,,2917010900104210010016976,,광주광역시 북구 무등로 51,500858,61233,,,,126.889966492274,35.1695169698924
MA010120220807532198,태영카월드,,G2,소매,G202,자동차 부품 소매,G20201,타이어 소매업,G45211,자동차 신품 타이어 및 튜브 판매업,46,전라남도,46880,장성군,46880250,장성읍,4688025024,장성읍,4688025024114890006,1,대지,1489,6,전라남도 장성군 장성읍 영천리 1489-6,468803299035,전라남도 장성군 장성읍 역전로,211,,4688025024114890008000001,,전라남도 장성군 장성읍 역전로 211,515805,57220,,,,126.787779033529,35.3054933116612
MA010120220807571044,한국타이어거북산,대리점,G2,소매,G202,자동차 부품 소매,G20201,타이어 소매업,G45211,자동차 신품 타이어 및 튜브 판매업,29,광주광역시,29170,북구,29170650,문화동,2917011300,각화동,2917011300102230000,1,대지,223,,광주광역시 북구 각화동 223,291702162001,광주광역시 북구 각화대로,61,,2917011300102230000044971,,광주광역시 북구 각화대로 61,500800,61142,,,,126.937488434851,35.180601453072
MA010120220807599410,F1타이어,,G2,소매,G202,자동차 부품 소매,G20201,타이어 소매업,G45211,자동차 신품 타이어 및 튜브 판매업,29,광주광역시,29140,서구,29140730,광천동,2914011500,광천동,2914011500106280005,1,대지,628,5,광주광역시 서구 광천동 628-5,291404280388,광주광역시 서구 죽봉대로132번길,1,,2914011500106280005000091,,광주광역시 서구 죽봉대로132번길 1,502802,61917,,,,126.884165635578,35.1653022205438
MA010120220807596817,오토인,,G2,소매,G202,자동차 부품 소매,G20201,타이어 소매업,G45213,자동차 내장용 신품 전기ㆍ전자ㆍ정밀기기 판매업,46,전라남도,46870,영광군,46870250,영광읍,4687025036,영광읍,4687025036100100000,1,대지,10,,전라남도 영광군 영광읍 녹사리 10,468703298028,전라남도 영광군 영광읍 옥당로,64,,4687025036100080002024129,,전라남도 영광군 영광읍 옥당로 64,513804,57048,,,,126.50739701093,35.2696325854845
MA010120220807584825,더블유제이,,G2,소매,G202,자동차 부품 소매,G20201,타이어 소매업,G45211,자동차 신품 타이어 및 튜브 판매업,41,경기도,41430,의왕시,41430510,고천동,4143010100,고천동,4143010100103490004,1,대지,349,4,경기도 의왕시 고천동 349-4,414302012008,경기도 의왕시 경수대로,297,,4143010100103490004005919,,경기도 의왕시 경수대로 297,437801,16072,,,,126.970631685281,37.3526698893374
MA010120220807592227,타이어365,송정점,G2,소매,G202,자동차 부품 소매,G20201,타이어 소매업,G45211,자동차 신품 타이어 및 튜브 판매업,29,광주광역시,29200,광산구,29200565,어룡동,2920010800,소촌동,2920010800106290000,1,대지,629,,광주광역시 광산구 소촌동 629,292002163001,광주광역시 광산구 어등대로,645,,2920010800106290000033165,,광주광역시 광산구 어등대로 645,506803,62389,,,,126.790015236766,35.146120900289
MA010120220807639106,월산타이어,,G2,소매,G202,자동차 부품 소매,G20201,타이어 소매업,G45211,자동차 신품 타이어 및 튜브 판매업,29,광주광역시,29155,남구,29155680,백운2동,2915510500,백운동,2915510500102060043,1,대지,206,43,광주광역시 남구 백운동 206-43,291553009015,광주광역시 남구 월산로,9,,2915510500102060043007094,,광주광역시 남구 월산로 9,503808,61653,,,,126.90099125518,35.1391596628586
MA010120220807636466,종합상사,,G2,소매,G202,자동차 부품 소매,G20201,타이어 소매업,G45220,자동차 중고 부품 및 내장품 판매업,29,광주광역시,29200,광산구,29200580,우산동,2920010900,우산동,2920010900116130007,1,대지,1613,7,광주광역시 광산구 우산동 1613-7,292003163014,광주광역시 광산구 사암로,96,,2920010900116130007000001,,광주광역시 광산구 사암로 96,506050,62373,,,,126.807568355232,35.1529192565015
MA010120220807609284,타이어프로,진월점,G2,소매,G202,자동차 부품 소매,G20201,타이어 소매업,G45211,자동차 신품 타이어 및 튜브 판매업,29,광주광역시,29155,남구,29155705,진월동,2915510800,진월동,2915510800104230000,1,대지,423,,광주광역시 남구 진월동 423,291552161001,광주광역시 남구 서문대로,645,,2915510800104230000014737,,광주광역시 남구 서문대로 645,503843,61737,,,,126.898023069495,35.1171639223233
MA010120220807682173,T，station한국타이어,,G2,소매,G202,자동차 부품 소매,G20201,타이어 소매업,G45211,자동차 신품 타이어 및 튜브 판매업,46,전라남도,46110,목포시,46110790,옥암동,4611016400,옥암동,4611016400109780000,1,대지,978,,전라남도 목포시 옥암동 978,461102281002,전라남도 목포시 백년대로,410,,4611016400109780000006783,,전라남도 목포시 백년대로 410,530831,58684,,,,126.431206557248,34.808648125385
MA010120220807649322,한국타이어,서구점,G2,소매,G202,자동차 부품 소매,G20201,타이어 소매업,G45211,자동차 신품 타이어 및 튜브 판매업,29,광주광역시,29140,서구,29140800,서창동,2914013200,매월동,2914013200105690001,1,대지,569,1,광주광역시 서구 매월동 569-1,291403000074,광주광역시 서구 회재로,771,,2914013200105690001000001,,광주광역시 서구 회재로 771,502151,62070,,,,126.851578662969,35.1158089734678
MA010120220807661824,오토월드,,G2,소매,G202,자동차 부품 소매,G20201,타이어 소매업,G45110,자동차 신품 판매업,43,충청북도,43114,청주시 청원구,43114250,내수읍,4311425022,내수읍,4311425022100940006,1,대지,94,6,충청북도 청주시 청원구 내수읍 마산리 94-6,431144520226,충청북도 청주시 청원구 내수읍 마산길,54,,4311425022100940006000001,,충청북도 청주시 청원구 내수읍 마산길 54,363934,28145,,,,127.536529314781,36.7201880106391
MA010120220809056780,메이드존,,G2,소매,G202,자동차 부품 소매,G20201,타이어 소매업,G45211,자동차 신품 타이어 및 튜브 판매업,27,대구광역시,27710,달성군,27710256,다사읍,2771025626,다사읍,2771025626116660001,1,대지,1666,1,대구광역시 달성군 다사읍 세천리 1666-1,277104244409,대구광역시 달성군 다사읍 세천북로18길,21,,2771025626116660001000001,,대구광역시 달성군 다사읍 세천북로18길 21,711814,42922,,,,128.471671840533,35.8786289111659
MA010120220809073263,붕붕자동차구하기,,G2,소매,G202,자동차 부품 소매,G20201,타이어 소매업,G45211,자동차 신품 타이어 및 튜브 판매업,27,대구광역시,27230,북구,27230645,대현동,2723011000,대현동,2723011000101530009,1,대지,153,9,대구광역시 북구 대현동 153-9,272304235165,대구광역시 북구 대현로21길,2,,2723011000101530009018734,,대구광역시 북구 대현로21길 2,702819,41569,,,,128.611120654726,35.8823991617555
MA010120220809056298,현대타이어,,G2,소매,G202,자동차 부품 소매,G20201,타이어 소매업,G45220,자동차 중고 부품 및 내장품 판매업,27,대구광역시,27230,북구,27230715,관문동,2723012800,팔달동,2723012800102360009,1,대지,236,9,대구광역시 북구 팔달동 236-9,272303000051,대구광역시 북구 사수로,575,,2723012800102360009012276,,대구광역시 북구 사수로 575,702903,41490,,,,128.539064056485,35.895960336387
MA010120220809059126,타이어메카달서점,,G2,소매,G202,자동차 부품 소매,G20201,타이어 소매업,G45211,자동차 신품 타이어 및 튜브 판매업,27,대구광역시,27290,달서구,27290601,월성1동,2729012000,월성동,2729012000114260000,1,대지,1426,,대구광역시 달서구 월성동 1426,272903147040,대구광역시 달서구 조암로,71,,2729012000114260000000002,,대구광역시 달서구 조암로 71,704830,42756,,1,,128.522520660023,35.8231867689274
MA010120220809110084,경주타이어,,G2,소매,G202,자동차 부품 소매,G20201,타이어 소매업,G45220,자동차 중고 부품 및 내장품 판매업,47,경상북도,47130,경주시,47130615,용강동,4713012500,용강동,4713012500113100014,1,대지,1310,14,경상북도 경주시 용강동 1310-14,471303305047,경상북도 경주시 원화로,518,1,4713012500113100017000001,,경상북도 경주시 원화로 518-1,780959,38095,,,,129.223564012978,35.8661146094647
MA010120220809114293,한국지엠경주용강지정서비스,,G2,소매,G202,자동차 부품 소매,G20201,타이어 소매업,G45212,자동차용 전용 신품 부품 판매업,47,경상북도,47130,경주시,47130615,용강동,4713012500,용강동,4713012500113590001,1,대지,1359,1,경상북도 경주시 용강동 1359-1,471303305041,경상북도 경주시 양정로,315,,4713012500113590001034147,,경상북도 경주시 양정로 315,780959,38096,,,,129.223904576665,35.860873262087
MA010120220809079727,미륜타이어,,G2,소매,G202,자동차 부품 소매,G20201,타이어 소매업,G45211,자동차 신품 타이어 및 튜브 판매업,47,경상북도,47850,칠곡군,47850330,가산면,4785033035,가산면,4785033035101180001,1,대지,118,1,경상북도 칠곡군 가산면 금화리 118-1,478502018002,경상북도 칠곡군 가산면 경북대로,1453,,4785033035101180001022278,,경상북도 칠곡군 가산면 경북대로 1453,718912,39852,,,,128.539026966116,36.0755659108178
MA010120220809116434,고속타이어,,G2,소매,G202,자동차 부품 소매,G20201,타이어 소매업,G45211,자동차 신품 타이어 및 튜브 판매업,47,경상북도,47130,경주시,47130256,건천읍,4713025625,건천읍,4713025625111040005,1,대지,1104,5,경상북도 경주시 건천읍 천포리 1104-5,471303305014,경상북도 경주시 건천읍 단석로,1808,,4713025625111040005000001,,경상북도 경주시 건천읍 단석로 1808,780901,38180,,,,129.084142038417,35.8387089246353
MA010120220809109698,호명밧데리,,G2,소매,G202,자동차 부품 소매,G20201,타이어 소매업,G45212,자동차용 전용 신품 부품 판매업,47,경상북도,47130,경주시,47130370,강동면,4713037027,강동면,4713037027108080005,1,대지,808,5,경상북도 경주시 강동면 오금리 808-5,471303000104,경상북도 경주시 강동면 산업로,5817,,4713037027108080005105069,,경상북도 경주시 강동면 산업로 5817,780914,38033,,1,,129.261859962961,35.9810368766538
MA010120220809101620,중고타이어할인매장,,G2,소매,G202,자동차 부품 소매,G20201,타이어 소매업,G45220,자동차 중고 부품 및 내장품 판매업,47,경상북도,47130,경주시,47130253,안강읍,4713025332,안강읍,4713025332118350002,1,대지,1835,2,경상북도 경주시 안강읍 산대리 1835-2,471303305036,경상북도 경주시 안강읍 안강중앙로,102,,4713025332118350012060887,,경상북도 경주시 안강읍 안강중앙로 102,780805,38018,,,,129.211238454174,35.993982630328
MA010120220809149149,황실주,,G2,소매,G202,자동차 부품 소매,G20201,타이어 소매업,G45211,자동차 신품 타이어 및 튜브 판매업,47,경상북도,47130,경주시,47130615,용강동,4713012500,용강동,4713012500108000018,1,대지,800,18,경상북도 경주시 용강동 800-18,471303000104,경상북도 경주시 산업로,4417,,4713012500108000018023953,,경상북도 경주시 산업로 4417,780950,38071,,1,,129.225708334306,35.8739139184057
MA010120220809121109,타이어나라,,G2,소매,G202,자동차 부품 소매,G20201,타이어 소매업,G45220,자동차 중고 부품 및 내장품 판매업,47,경상북도,47130,경주시,47130253,안강읍,4713025332,안강읍,4713025332118220007,1,대지,1822,7,경상북도 경주시 안강읍 산대리 1822-7,471303305036,경상북도 경주시 안강읍 안강중앙로,118,,4713025332118220007083906,,경상북도 경주시 안강읍 안강중앙로 118,780805,38018,,,,129.213047816559,35.9936609218407
MA010120220809133505,휠라인,,G2,소매,G202,자동차 부품 소매,G20201,타이어 소매업,G45211,자동차 신품 타이어 및 튜브 판매업,47,경상북도,47290,경산시,47290253,진량읍,4729025321,진량읍,4729025321103320010,1,대지,332,10,경상북도 경산시 진량읍 신상리 332-10,472904739128,경상북도 경산시 진량읍 공단1로1길,35,,4729025321103320010065293,,경상북도 경산시 진량읍 공단1로1길 35,712837,38457,,,,128.822041983186,35.8757976864599
MA010120220809118607,팀,코리아,G2,소매,G202,자동차 부품 소매,G20201,타이어 소매업,G45211,자동차 신품 타이어 및 튜브 판매업,47,경상북도,47130,경주시,47130621,황성동,4713012400,황성동,4713012400102150014,1,대지,215,14,경상북도 경주시 황성동 215-14,471304715983,경상북도 경주시 유림로33번길,20,4,4713012400102150014024462,,경상북도 경주시 유림로33번길 20-4,780952,38074,,,,129.216690964348,35.8721164657303
MA010120220809127548,타이어하우스,,G2,소매,G202,자동차 부품 소매,G20201,타이어 소매업,G45211,자동차 신품 타이어 및 튜브 판매업,47,경상북도,47230,영천시,47230510,동부동,4723010200,망정동,4723010200101020000,1,대지,102,,경상북도 영천시 망정동 102,472303310019,경상북도 영천시 영화로,345,,4723010200101020000011362,,경상북도 영천시 영화로 345,770110,38864,,,,128.951476536613,35.9729640548419
MA010120220809130042,통큰타이어,,G2,소매,G202,자동차 부품 소매,G20201,타이어 소매업,G45211,자동차 신품 타이어 및 튜브 판매업,47,경상북도,47130,경주시,47130550,성건동,4713010800,성건동,4713010800103690014,1,대지,369,14,경상북도 경주시 성건동 369-14,471303305066,경상북도 경주시 화랑로,26,,4713010800103690014039664,,경상북도 경주시 화랑로 26,780943,38156,,,,129.203451014022,35.844544924748
MA010120220809126143,더브이아이피,,G2,소매,G202,자동차 부품 소매,G20201,타이어 소매업,G45211,자동차 신품 타이어 및 튜브 판매업,47,경상북도,47130,경주시,47130621,황성동,4713012400,황성동,4713012400110730000,1,대지,1073,,경상북도 경주시 황성동 1073,471303305008,경상북도 경주시 공단로,34,,4713012400110730000023749,,경상북도 경주시 공단로 34,780952,38074,,,,129.217492794603,35.8746696233108
MA010120220809128317,사방타이어,,G2,소매,G202,자동차 부품 소매,G20201,타이어 소매업,G45211,자동차 신품 타이어 및 튜브 판매업,47,경상북도,47130,경주시,47130253,안강읍,4713025322,안강읍,4713025322105830021,1,대지,583,21,경상북도 경주시 안강읍 사방리 583-21,471303305037,경상북도 경주시 안강읍 안현로,876,,4713025322105830021055456,,경상북도 경주시 안강읍 안현로 876,780803,38031,,,,129.231978519966,35.9363472242385
MA010120220809142501,타이어프로삼천포점,,G2,소매,G202,자동차 부품 소매,G20201,타이어 소매업,G45211,자동차 신품 타이어 및 튜브 판매업,48,경상남도,48240,사천시,48240520,선구동,4824010700,좌룡동,4824010700102510006,1,대지,251,6,경상남도 사천시 좌룡동 251-6,482403019029,경상남도 사천시 삼천포대교로,654,,4824010700102510006000001,,경상남도 사천시 삼천포대교로 654,664837,52553,,,,128.07513189663,34.9554372174929
MA010120220809155031,브리지스톤포항대송점,,G2,소매,G202,자동차 부품 소매,G20201,타이어 소매업,G45211,자동차 신품 타이어 및 튜브 판매업,47,경상북도,47111,포항시 남구,47111310,대송면,4711131029,대송면,4711131029104550001,1,대지,455,1,경상북도 포항시 남구 대송면 남성리 455-1,471114709037,경상북도 포항시 남구 대송면 남성안길,5,,4711131029104550001000001,,경상북도 포항시 남구 대송면 남성안길 5,790841,37857,,,,129.35515479648,35.973934039395
MA010120220809174503,타이어프로기성점,,G2,소매,G202,자동차 부품 소매,G20201,타이어 소매업,G45211,자동차 신품 타이어 및 튜브 판매업,47,경상북도,47113,포항시 북구,47113680,우창동,4711311800,우현동,4711311800100640001,1,대지,64,1,경상북도 포항시 북구 우현동 64-1,471132303001,경상북도 포항시 북구 새천년대로,916,,4711311800100640004110921,,경상북도 포항시 북구 새천년대로 916,791813,37721,,,,129.362084825235,36.0535086366396
MA010120220809181626,대련중고타이어,,G2,소매,G202,자동차 부품 소매,G20201,타이어 소매업,G45220,자동차 중고 부품 및 내장품 판매업,47,경상북도,47113,포항시 북구,47113250,흥해읍,4711325050,흥해읍,4711325050100540003,1,대지,54,3,경상북도 포항시 북구 흥해읍 대련리 54-3,471133018003,경상북도 포항시 북구 흥해읍 새마을로,272,16,4711325050201310020000001,,경상북도 포항시 북구 흥해읍 새마을로 272-16,791944,37653,,,,129.333333988512,36.049675118937
MA010120220809181747,형제타이어해도점,,G2,소매,G202,자동차 부품 소매,G20201,타이어 소매업,G45211,자동차 신품 타이어 및 튜브 판매업,47,경상북도,47111,포항시 남구,47111545,해도동,4711110300,해도동,4711110300101220012,1,대지,122,12,경상북도 포항시 남구 해도동 122-12,471113303047,경상북도 포항시 남구 중앙로,21,,4711110300101220012135544,,경상북도 포항시 남구 중앙로 21,790863,37819,,,,129.370153030744,36.0150842961167
MA010120220809191481,타이어프로,오천점,G2,소매,G202,자동차 부품 소매,G20201,타이어 소매업,G45211,자동차 신품 타이어 및 튜브 판매업,47,경상북도,47111,포항시 남구,47111256,오천읍,4711125631,오천읍,4711125631105700002,1,대지,570,2,경상북도 포항시 남구 오천읍 구정리 570-2,471113303055,경상북도 포항시 남구 오천읍 충무로,3,,4711125600105700002000001,용덕,경상북도 포항시 남구 오천읍 충무로 3,790904,37904,,,,129.410121735705,35.9764819704806
MA010120220809184708,형제중고타이어,,G2,소매,G202,자동차 부품 소매,G20201,타이어 소매업,G45220,자동차 중고 부품 및 내장품 판매업,47,경상북도,47113,포항시 북구,47113700,장량동,4711312100,장성동,4711312100114540011,1,대지,1454,11,경상북도 포항시 북구 장성동 1454-11,471132303001,경상북도 포항시 북구 새천년대로,1297,1,4711312100114540011000001,,경상북도 포항시 북구 새천년대로 1297-1,791851,37586,,,,129.389021423967,36.0757784323511
MA010120220809165259,타이어클럽,,G2,소매,G202,자동차 부품 소매,G20201,타이어 소매업,G45211,자동차 신품 타이어 및 튜브 판매업,47,경상북도,47111,포항시 남구,47111580,효곡동,4711111400,효자동,4711111400105890001,1,대지,589,1,경상북도 포항시 남구 효자동 589-1,471113303065,경상북도 포항시 남구 효성로,97,,4711111400105890001000001,,경상북도 포항시 남구 효성로 97,790330,37835,,1,,129.3444832771,36.0058583335942
MA010120220809189397,형제타이어,,G2,소매,G202,자동차 부품 소매,G20201,타이어 소매업,G45220,자동차 중고 부품 및 내장품 판매업,47,경상북도,47111,포항시 남구,47111590,대이동,4711111600,대잠동,4711111600109480000,1,대지,948,,경상북도 포항시 남구 대잠동 948,471112303001,경상북도 포항시 남구 새천년대로,420,,4711111600109480000116668,,경상북도 포항시 남구 새천년대로 420,790826,37762,,,,129.344172168923,36.0133246771627
MA010120220809172362,자동차마을,,G2,소매,G202,자동차 부품 소매,G20201,타이어 소매업,G45219,기타 자동차 신품 부품 및 내장품 판매업,47,경상북도,47111,포항시 남구,47111525,상대동,4711110200,대도동,4711110200100570004,1,대지,57,4,경상북도 포항시 남구 대도동 57-4,471113303007,경상북도 포항시 남구 대해로,97,,4711110200100570004129822,,경상북도 포항시 남구 대해로 97,790821,37779,,,,129.363433202662,36.0221636291586
MA010120220810646464,타이어파크,,G2,소매,G202,자동차 부품 소매,G20201,타이어 소매업,G45211,자동차 신품 타이어 및 튜브 판매업,26,부산광역시,26470,연제구,26470720,연산8동,2647010200,연산동,2647010200103420022,1,대지,342,22,부산광역시 연제구 연산동 342-22,264703006054,부산광역시 연제구 과정로,299,,2647010200103420022000001,,부산광역시 연제구 과정로 299,611815,47555,,1,,129.094563308049,35.1883772505497
MA010120220810637133,한국타이어천일점,,G2,소매,G202,자동차 부품 소매,G20201,타이어 소매업,G45211,자동차 신품 타이어 및 튜브 판매업,26,부산광역시,26170,동구,26170510,초량1동,2617010100,초량동,2617010100112110009,1,대지,1211,9,부산광역시 동구 초량동 1211-9,261702000010,부산광역시 동구 중앙대로,168,,2617010100112110006000233,,부산광역시 동구 중앙대로 168,601839,48822,,,,129.038756931312,35.1123612737486
MA010120220810657927,칠서IC타이어,,G2,소매,G202,자동차 부품 소매,G20201,타이어 소매업,G45211,자동차 신품 타이어 및 튜브 판매업,48,경상남도,48730,함안군,48730350,칠서면,4873035022,칠서면,4873035022108020000,1,대지,802,,경상남도 함안군 칠서면 무릉리 802,487303340017,경상남도 함안군 칠서면 삼칠로,348,,4873035022108020000000001,,경상남도 함안군 칠서면 삼칠로 348,637942,52015,,,,128.50746053931,35.3233839871755
MA010120220810701127,차가미소짓는곳,,G2,소매,G202,자동차 부품 소매,G20201,타이어 소매업,G45211,자동차 신품 타이어 및 튜브 판매업,26,부산광역시,26320,북구,26320560,덕천2동,2632010400,덕천동,2632010400104520013,1,대지,452,13,부산광역시 북구 덕천동 452-13,263203132005,부산광역시 북구 덕천로,55,,2632010400104520013004330,,부산광역시 북구 덕천로 55,616820,46578,,,,129.010802173189,35.2086408941119
MA010120220810692020,신안타이어,,G2,소매,G202,자동차 부품 소매,G20201,타이어 소매업,G45211,자동차 신품 타이어 및 튜브 판매업,48,경상남도,48129,창원시 진해구,48129650,웅동2동,4812916500,가주동,4812916500100900004,1,대지,90,4,경상남도 창원시 진해구 가주동 90-4,481292136001,경상남도 창원시 진해구 가락대로,275,,4812916500100900004000070,,경상남도 창원시 진해구 가락대로 275,645500,51602,,,,128.841553448656,35.107867428975
MA010120220810659744,휠타이어샵,,G2,소매,G202,자동차 부품 소매,G20201,타이어 소매업,G45211,자동차 신품 타이어 및 튜브 판매업,11,서울특별시,11290,성북구,11290630,정릉2동,1129013300,정릉동,1129013300101600020,1,대지,160,20,서울특별시 성북구 정릉동 160-20,112903107014,서울특별시 성북구 정릉로,257,,1129013300101600020033451,,서울특별시 성북구 정릉로 257,136845,02718,,1,,127.012615759556,37.6043428083807
MA010120220810702197,발통,코리아,G2,소매,G202,자동차 부품 소매,G20201,타이어 소매업,G45211,자동차 신품 타이어 및 튜브 판매업,26,부산광역시,26320,북구,26320520,구포2동,2632010500,구포동,2632010500107220013,1,대지,722,13,부산광역시 북구 구포동 722-13,263202006008,부산광역시 북구 백양대로,1123,,2632010500107220013000001,,부산광역시 북구 백양대로 1123,616804,46586,,,,129.001062629778,35.2046028757434
MA010120220801021687,명성타이어,,G2,소매,G202,자동차 부품 소매,G20201,타이어 소매업,G45220,자동차 중고 부품 및 내장품 판매업,41,경기도,41113,수원시 권선구,41113560,서둔동,4111313300,탑동,4111313300101820000,1,대지,182,,경기도 수원시 권선구 탑동 182,411133012005,경기도 수원시 권선구 서부로,1822,25,4111313300101820000025874,,경기도 수원시 권선구 서부로 1822-25,441855,16603,,,,126.970335878636,37.2725137664739
MA010120220800991088,타이어프로,보라매점,G2,소매,G202,자동차 부품 소매,G20201,타이어 소매업,G45211,자동차 신품 타이어 및 튜브 판매업,11,서울특별시,11620,관악구,11620525,보라매동,1162010100,봉천동,1162010100109680013,1,대지,968,13,서울특별시 관악구 봉천동 968-13,116203005083,서울특별시 관악구 봉천로,289,,1162010100109680013038560,,서울특별시 관악구 봉천로 289,151829,08720,,1,,126.933401476116,37.4873209671296
MA010120220800993190,본토타이어,,G2,소매,G202,자동차 부품 소매,G20201,타이어 소매업,G45211,자동차 신품 타이어 및 튜브 판매업,41,경기도,41360,남양주시,41360262,오남읍,4136026221,오남읍,4136026221107180001,1,대지,718,1,경기도 남양주시 오남읍 양지리 718-1,413603197050,경기도 남양주시 오남읍 진건오남로,920,,4136026221107180001012495,,경기도 남양주시 오남읍 진건오남로 920,472881,12036,,,,127.193587255508,37.7056081554651
MA010120220801079290,합덕타이어,,G2,소매,G202,자동차 부품 소매,G20201,타이어 소매업,G45211,자동차 신품 타이어 및 튜브 판매업,28,인천광역시,28140,동구,28140570,송현3동,2814010300,송현동,2814010300100020093,1,대지,2,93,인천광역시 동구 송현동 2-93,281402008002,인천광역시 동구 중봉대로,52,,2814010300100020093115724,대현빌딩,인천광역시 동구 중봉대로 52,401800,22534,,,,126.643626496837,37.4846218300308
MA010120220801085254,금호타이어송도판매,,G2,소매,G202,자동차 부품 소매,G20201,타이어 소매업,G45211,자동차 신품 타이어 및 튜브 판매업,28,인천광역시,28185,연수구,28185780,동춘1동,2818510500,동춘동,2818510500109110009,1,대지,911,9,인천광역시 연수구 동춘동 911-9,281852008005,인천광역시 연수구 아암대로,715,,2818510500109110009000001,,인천광역시 연수구 아암대로 715,406131,21981,,,,126.653511464871,37.4031007846264
MA010120220802773798,제이에이치모터스,,G2,소매,G202,자동차 부품 소매,G20201,타이어 소매업,G45211,자동차 신품 타이어 및 튜브 판매업,41,경기도,41480,파주시,41480262,조리읍,4148026221,조리읍,4148026221101330009,1,대지,133,9,경기도 파주시 조리읍 봉일천리 133-9,414803000008,경기도 파주시 조리읍 통일로,277,,4148026221101330009035918,대봉빌딩,경기도 파주시 조리읍 통일로 277,413823,10937,,,,126.812582517184,37.741323592293
MA010120220802766736,타이어마을,,G2,소매,G202,자동차 부품 소매,G20201,타이어 소매업,G45220,자동차 중고 부품 및 내장품 판매업,41,경기도,41480,파주시,41480350,광탄면,4148035021,광탄면,4148035021103900003,1,대지,390,3,경기도 파주시 광탄면 분수리 390-3,414803012033,경기도 파주시 광탄면 혜음로,888,4,4148035021103900005003305,,경기도 파주시 광탄면 혜음로 888-4,413853,10954,,,,126.858135808361,37.7646501791269
MA010120220802798223,한국타이어TBX비젼상사,양지점,G2,소매,G202,자동차 부품 소매,G20201,타이어 소매업,G45211,자동차 신품 타이어 및 튜브 판매업,41,경기도,41461,용인시 처인구,41461340,원삼면,4146134024,원삼면,4146134024106980000,1,대지,698,,경기도 용인시 처인구 원삼면 맹리 698,414614409755,경기도 용인시 처인구 원삼면 죽양대로1650번길,14,,4146134024106980000017201,,경기도 용인시 처인구 원삼면 죽양대로1650번길 14,449871,17166,,,,127.331112083493,37.1858426007705
MA010120220802758348,신광자동차용품점,,G2,소매,G202,자동차 부품 소매,G20201,타이어 소매업,G45219,기타 자동차 신품 부품 및 내장품 판매업,28,인천광역시,28177,미추홀구,28177670,주안6동,2817710500,주안동,2817710500115850004,1,대지,1585,4,인천광역시 미추홀구 주안동 1585-4,281773008003,인천광역시 미추홀구 구월로,27,,2817010600115850004013310,동,인천광역시 미추홀구 구월로 27,402848,22145,,2,,126.693383134275,37.4578483522096
MA010120220802765720,블루모터스,,G2,소매,G202,자동차 부품 소매,G20201,타이어 소매업,G45211,자동차 신품 타이어 및 튜브 판매업,41,경기도,41480,파주시,41480540,교하동,4148011200,산남동,4148011200103600001,1,대지,360,1,경기도 파주시 산남동 360-1,414803206117,경기도 파주시 산남로,19,,4148025926103600001003678,,경기도 파주시 산남로 19,413070,10882,,,,126.689434982882,37.7039976079366
MA010120220802769484,교하타이어,,G2,소매,G202,자동차 부품 소매,G20201,타이어 소매업,G45211,자동차 신품 타이어 및 튜브 판매업,41,경기도,41480,파주시,41480540,교하동,4148011000,오도동,4148011000101440000,1,대지,144,,경기도 파주시 오도동 144,414804418561,경기도 파주시 연다산길,11,,4148025924101440000015894,,경기도 파주시 연다산길 11,413070,10864,,,,126.724336085887,37.7415196448929
MA010120220802820670,희망모터스,,G2,소매,G202,자동차 부품 소매,G20201,타이어 소매업,G45211,자동차 신품 타이어 및 튜브 판매업,41,경기도,41461,용인시 처인구,41461253,모현읍,4146125323,모현읍,4146125323100690005,1,대지,69,5,경기도 용인시 처인구 모현읍 초부리 69-5,414612012009,경기도 용인시 처인구 모현읍 백옥대로,2113,,4146131023100690005035791,,경기도 용인시 처인구 모현읍 백옥대로 2113,449851,17037,,,,127.24062312215,37.3136034484089
MA010120220802857472,로드스타&광주타이어24시,,G2,소매,G202,자동차 부품 소매,G20201,타이어 소매업,G45219,기타 자동차 신품 부품 및 내장품 판매업,29,광주광역시,29170,북구,29170602,운암2동,2917010900,운암동,2917010900104240015,1,대지,424,15,광주광역시 북구 운암동 424-15,291703009021,광주광역시 북구 무등로,57,,2917010900104240015020522,,광주광역시 북구 무등로 57,500858,61232,,,,126.8906031938,35.1694905058152
MA010120220802810491,클럽티에스피,,G2,소매,G202,자동차 부품 소매,G20201,타이어 소매업,G45211,자동차 신품 타이어 및 튜브 판매업,41,경기도,41463,용인시 기흥구,41463590,보정동,4146311800,보정동,4146311800104380000,1,대지,438,,경기도 용인시 기흥구 보정동 438,414633204053,경기도 용인시 기흥구 이현로,76,,4146311800104380000000001,,경기도 용인시 기흥구 이현로 76,446850,16926,,3,,127.094180453948,37.3100442818506
MA010120220802857989,타이어친구,,G2,소매,G202,자동차 부품 소매,G20201,타이어 소매업,G45211,자동차 신품 타이어 및 튜브 판매업,41,경기도,41590,화성시,41590360,팔탄면,4159036024,팔탄면,4159036024105340002,1,대지,534,2,경기도 화성시 팔탄면 가재리 534-2,415903012004,경기도 화성시 팔탄면 삼천병마로,349,,4159036024105340002009987,,경기도 화성시 팔탄면 삼천병마로 349,445911,18533,,,,126.917541881518,37.1426654065383
MA010120220802855700,타이어아울렛,,G2,소매,G202,자동차 부품 소매,G20201,타이어 소매업,G45211,자동차 신품 타이어 및 튜브 판매업,41,경기도,41590,화성시,41590253,봉담읍,4159025323,봉담읍,4159025323106270003,1,대지,627,3,경기도 화성시 봉담읍 수영리 627-3,415903012004,경기도 화성시 봉담읍 삼천병마로,1359,4,4159025323106270003000001,,경기도 화성시 봉담읍 삼천병마로 1359-4,445896,18295,,,,126.954004376757,37.2259696073251
MA010120220802812821,타이어마스터,모현점,G2,소매,G202,자동차 부품 소매,G20201,타이어 소매업,G45211,자동차 신품 타이어 및 튜브 판매업,41,경기도,41461,용인시 처인구,41461253,모현읍,4146125321,모현읍,4146125321106210000,1,대지,621,,경기도 용인시 처인구 모현읍 왕산리 621,414612012009,경기도 용인시 처인구 모현읍 백옥대로,2512,2,4146131021106210000000309,,경기도 용인시 처인구 모현읍 백옥대로 2512-2,449854,17035,,,,127.251510048642,37.3476937944888
MA010120220802856465,타이어세이프,,G2,소매,G202,자동차 부품 소매,G20201,타이어 소매업,G45220,자동차 중고 부품 및 내장품 판매업,41,경기도,41590,화성시,41590360,팔탄면,4159036035,팔탄면,4159036035101000000,1,대지,100,,경기도 화성시 팔탄면 매곡리 100,415903210002,경기도 화성시 팔탄면 31만세로,877,9,4159036035100920000013345,,경기도 화성시 팔탄면 31만세로 877-9,445947,18534,,2,,126.889055329965,37.1187009484074
MA010120220802847471,기흥인터내셔널유,용인점,G2,소매,G202,자동차 부품 소매,G20201,타이어 소매업,G45211,자동차 신품 타이어 및 튜브 판매업,41,경기도,41463,용인시 기흥구,41463510,신갈동,4146310100,신갈동,4146310100103780002,1,대지,378,2,경기도 용인시 기흥구 신갈동 378-2,414633204045,경기도 용인시 기흥구 신정로,115,,4146310100103710003229341,,경기도 용인시 기흥구 신정로 115,446598,17093,,,,127.102658639,37.2816815990499
MA010120220802886612,타이어마트,,G2,소매,G202,자동차 부품 소매,G20201,타이어 소매업,G45211,자동차 신품 타이어 및 튜브 판매업,41,경기도,41285,고양시 일산동구,41285600,고봉동,4128511000,지영동,4128511000103740020,1,대지,374,20,경기도 고양시 일산동구 지영동 374-20,412853193033,경기도 고양시 일산동구 지영로,36,1,4128511000103740020000001,,경기도 고양시 일산동구 지영로 36-1,410540,10256,,1,,126.824864548042,37.7049973146563
MA010120220802900577,행운타이어,,G2,소매,G202,자동차 부품 소매,G20201,타이어 소매업,G45220,자동차 중고 부품 및 내장품 판매업,27,대구광역시,27710,달성군,27710250,화원읍,2771025023,화원읍,2771025023105450001,1,대지,545,1,대구광역시 달성군 화원읍 성산리 545-1,277103148032,대구광역시 달성군 화원읍 성천로,43,,2771025023105450001000001,,대구광역시 달성군 화원읍 성천로 43,711839,42945,,,,128.487441555375,35.802277476093
MA010120220802886911,타이어프로,,G2,소매,G202,자동차 부품 소매,G20201,타이어 소매업,G45211,자동차 신품 타이어 및 튜브 판매업,11,서울특별시,11560,영등포구,11560535,영등포동,1156010900,영등포동8가,1156010900100830006,1,대지,83,6,서울특별시 영등포구 영등포동8가 83-6,115603118024,서울특별시 영등포구 영중로,155,,1156010900100830006031711,,서울특별시 영등포구 영중로 155,150030,07227,,,,126.905509299264,37.530351944974
MA010120220802921833,타이어T할인점,,G2,소매,G202,자동차 부품 소매,G20201,타이어 소매업,G45211,자동차 신품 타이어 및 튜브 판매업,11,서울특별시,11410,서대문구,11410585,신촌동,1141011600,창천동,1141011600105030008,1,대지,503,8,서울특별시 서대문구 창천동 503-8,114103005057,서울특별시 서대문구 신촌로,25,,1141011600105030008022365,상록빌딩,서울특별시 서대문구 신촌로 25,120836,03785,,2,,126.92962641567,37.5579934136618
MA010120220802932239,순풍타이어,,G2,소매,G202,자동차 부품 소매,G20201,타이어 소매업,G45211,자동차 신품 타이어 및 튜브 판매업,52,전북특별자치도,52770,순창군,52770250,순창읍,5277025021,순창읍,5277025021104890004,1,대지,489,4,전북특별자치도 순창군 순창읍 순화리 489-4,527703278043,전북특별자치도 순창군 순창읍 장류로,323,,4577025021004890001000395,,전북특별자치도 순창군 순창읍 장류로 323,595805,56036,,,,127.137728334503,35.3772118921179
MA010120220802943460,타이어캠프,서산점,G2,소매,G202,자동차 부품 소매,G20201,타이어 소매업,G45211,자동차 신품 타이어 및 튜브 판매업,44,충청남도,44210,서산시,44210510,부춘동,4421010100,읍내동,4421010100100610015,1,대지,61,15,충청남도 서산시 읍내동 61-15,442103254105,충청남도 서산시 안견로,333,,4421010100100610015039564,,충청남도 서산시 안견로 333,356805,31989,,,,126.446629543466,36.77718712343
MA010120220804433091,금호타이어서부산,,G2,소매,G202,자동차 부품 소매,G20201,타이어 소매업,G45211,자동차 신품 타이어 및 튜브 판매업,26,부산광역시,26530,사상구,26530680,엄궁동,2653010800,엄궁동,2653010800106880002,1,대지,688,2,부산광역시 사상구 엄궁동 688-2,265302006002,부산광역시 사상구 낙동대로,706,,2653010800106880002000001,,부산광역시 사상구 낙동대로 706,617830,47044,,,,128.967242903742,35.1247631313181
MA010120220804445489,SP타이어,,G2,소매,G202,자동차 부품 소매,G20201,타이어 소매업,G45211,자동차 신품 타이어 및 튜브 판매업,11,서울특별시,11680,강남구,11680690,개포4동,1168010300,개포동,1168010300112310003,1,대지,1231,3,서울특별시 강남구 개포동 1231-3,116804166055,서울특별시 강남구 개포로22길,8,,1168010300102310003020529,,서울특별시 강남구 개포로22길 8,135964,06307,,,,127.04757429145,37.4782119514828
MA010120220804475828,다올타이어,,G2,소매,G202,자동차 부품 소매,G20201,타이어 소매업,G45211,자동차 신품 타이어 및 튜브 판매업,41,경기도,41550,안성시,41550250,공도읍,4155025025,공도읍,4155025025102750059,1,대지,275,59,경기도 안성시 공도읍 용두리 275-59,415502012006,경기도 안성시 공도읍 서동대로,4133,,4155025025102750059000001,,경기도 안성시 공도읍 서동대로 4133,456821,17551,,,,127.164328707071,37.000931904179
MA010120220804502599,거상,대리점,G2,소매,G202,자동차 부품 소매,G20201,타이어 소매업,G45211,자동차 신품 타이어 및 튜브 판매업,51,강원특별자치도,51110,춘천시,51110570,근화동,5111011700,근화동,5111011700101560006,1,대지,156,6,강원특별자치도 춘천시 근화동 156-6,511103013022,강원특별자치도 춘천시 영서로,2566,,4211011700101560001010357,,강원특별자치도 춘천시 영서로 2566,200930,24244,,,,127.717113755076,37.886766136594
MA010120220804518505,블랙타이어,,G2,소매,G202,자동차 부품 소매,G20201,타이어 소매업,G45211,자동차 신품 타이어 및 튜브 판매업,44,충청남도,44210,서산시,44210510,부춘동,4421010300,갈산동,4421010300100590000,1,대지,59,,충청남도 서산시 갈산동 59,442103251049,충청남도 서산시 충의로,355,,4421010300100590000000002,,충청남도 서산시 충의로 355,356080,31963,,,,126.439172426081,36.8013377823097
MA010120220804520584,더타이어샵,춘천점,G2,소매,G202,자동차 부품 소매,G20201,타이어 소매업,G45211,자동차 신품 타이어 및 튜브 판매업,51,강원특별자치도,51110,춘천시,51110600,후평1동,5111012000,후평동,5111012000107200052,1,대지,720,52,강원특별자치도 춘천시 후평동 720-52,511103218049,강원특별자치도 춘천시 후석로,390,,4211012000107200052000001,,강원특별자치도 춘천시 후석로 390,200959,24234,,,,127.746962252163,37.8853552570959
MA010120220804525139,유노스모터샵,,G2,소매,G202,자동차 부품 소매,G20201,타이어 소매업,G45211,자동차 신품 타이어 및 튜브 판매업,51,강원특별자치도,51110,춘천시,51110580,소양동,5111011600,소양로4가,5111011600101150003,1,대지,115,3,강원특별자치도 춘천시 소양로4가 115-3,511103218033,강원특별자치도 춘천시 중앙로,144,,4211011600101150003000001,,강원특별자치도 춘천시 중앙로 144,200114,24276,,,,127.719224468575,37.875870024151
MA010120220804516928,대광금호타이어,,G2,소매,G202,자동차 부품 소매,G20201,타이어 소매업,G45211,자동차 신품 타이어 및 튜브 판매업,51,강원특별자치도,51110,춘천시,51110600,후평1동,5111012000,후평동,5111012000105990024,1,대지,599,24,강원특별자치도 춘천시 후평동 599-24,511103218049,강원특별자치도 춘천시 후석로,466,,4211012000105990024030260,,강원특별자치도 춘천시 후석로 466,200957,24232,,,,127.741239727752,37.8905537468628
MA010120220804538640,예안상사,,G2,소매,G202,자동차 부품 소매,G20201,타이어 소매업,G45211,자동차 신품 타이어 및 튜브 판매업,51,강원특별자치도,51110,춘천시,51110600,후평1동,5111012000,후평동,5111012000107240002,1,대지,724,2,강원특별자치도 춘천시 후평동 724-2,511103218049,강원특별자치도 춘천시 후석로,372,,4211012000107240002033325,,강원특별자치도 춘천시 후석로 372,200959,24234,,,,127.747925388635,37.8839256752314
MA010120220804515756,타이어마트,,G2,소매,G202,자동차 부품 소매,G20201,타이어 소매업,G45211,자동차 신품 타이어 및 튜브 판매업,51,강원특별자치도,51110,춘천시,51110630,효자2동,5111011200,효자동,5111011200106930009,1,대지,693,9,강원특별자치도 춘천시 효자동 693-9,511103218003,강원특별자치도 춘천시 공지로,327,,4211011200106930009029592,,강원특별자치도 춘천시 공지로 327,200953,24365,,,,127.729305617406,37.8689068736711
MA010120220804511836,춘천타이어,,G2,소매,G202,자동차 부품 소매,G20201,타이어 소매업,G45211,자동차 신품 타이어 및 튜브 판매업,51,강원특별자치도,51110,춘천시,51110390,동내면,5111039021,동내면,5111039021109860001,1,대지,986,1,강원특별자치도 춘천시 동내면 거두리 986-1,511103218008,강원특별자치도 춘천시 동내면 동내로,7,,4211039021109860001000001,,강원특별자치도 춘천시 동내면 동내로 7,200883,24405,,,,127.754210163189,37.8503529455528
MA010120220804563772,도계종합타이어,,G2,소매,G202,자동차 부품 소매,G20201,타이어 소매업,G45211,자동차 신품 타이어 및 튜브 판매업,51,강원특별자치도,51230,삼척시,51230250,도계읍,5123025030,도계읍,5123025030103520005,1,대지,352,5,강원특별자치도 삼척시 도계읍 도계리 352-5,512303013008,강원특별자치도 삼척시 도계읍 강원남부로,1508,,4223025030103520005000001,,강원특별자치도 삼척시 도계읍 강원남부로 1508,245905,25947,,,,129.044006286327,37.2389058247241
MA010120220804544169,타이어타운,양구점,G2,소매,G202,자동차 부품 소매,G20201,타이어 소매업,G45211,자동차 신품 타이어 및 튜브 판매업,51,강원특별자치도,51800,양구군,51800250,양구읍,5180025021,양구읍,5180025021101310005,1,대지,131,5,강원특별자치도 양구군 양구읍 상리 131-5,518003232017,강원특별자치도 양구군 양구읍 중심로,61,,4280025021001310005002747,,강원특별자치도 양구군 양구읍 중심로 61,255804,24547,,,,127.994545269268,38.0963519665245
MA010120220804566554,대성타이어,,G2,소매,G202,자동차 부품 소매,G20201,타이어 소매업,G45211,자동차 신품 타이어 및 튜브 판매업,51,강원특별자치도,51170,동해시,51170550,동호동,5117011100,발한동,5117011100105720001,1,대지,572,1,강원특별자치도 동해시 발한동 572-1,511703221016,강원특별자치도 동해시 동호로,1,,4217011100005720001009919,,강원특별자치도 동해시 동호로 1,240800,25724,,,,129.101815451181,37.543871326497
MA010120220804575695,금호타이어송정,대리점,G2,소매,G202,자동차 부품 소매,G20201,타이어 소매업,G45212,자동차용 전용 신품 부품 판매업,51,강원특별자치도,51170,동해시,51170520,송정동,5117010300,송정동,5117010300108670074,1,대지,867,74,강원특별자치도 동해시 송정동 867-74,511704463076,강원특별자치도 동해시 동해역길,110,,4217010300008670074002967,,강원특별자치도 동해시 동해역길 110,240806,25787,,,,129.126228187594,37.5011756198519
MA010120220804575738,타이어프로효가점,,G2,소매,G202,자동차 부품 소매,G20201,타이어 소매업,G45211,자동차 신품 타이어 및 튜브 판매업,51,강원특별자치도,51170,동해시,51170530,북삼동,5117010600,효가동,5117010600102820006,1,대지,282,6,강원특별자치도 동해시 효가동 282-6,511702000023,강원특별자치도 동해시 동해대로,5052,,4217010600102820006000003,,강원특별자치도 동해시 동해대로 5052,240160,25785,,,,129.11112955387,37.4970323897026
MA010120220804560968,영일수입중고타이어,,G2,소매,G202,자동차 부품 소매,G20201,타이어 소매업,G45220,자동차 중고 부품 및 내장품 판매업,51,강원특별자치도,51170,동해시,51170530,북삼동,5117010600,효가동,5117010600101450004,1,대지,145,4,강원특별자치도 동해시 효가동 145-4,511702000023,강원특별자치도 동해시 동해대로,4997,,4217010600101450004000001,,강원특별자치도 동해시 동해대로 4997,240160,25806,,,,129.110018547595,37.4921065961599
MA010120220804561412,동양타이어,,G2,소매,G202,자동차 부품 소매,G20201,타이어 소매업,G45211,자동차 신품 타이어 및 튜브 판매업,51,강원특별자치도,51170,동해시,51170650,삼화동,5117012600,이로동,5117012600112820075,1,대지,1282,75,강원특별자치도 동해시 이로동 1282-75,511703221048,강원특별자치도 동해시 삼화로,43,,4217012600012820074024852,,강원특별자치도 동해시 삼화로 43,240350,25745,,,,129.065864022197,37.4853471478696
MA010120220804563444,일호상사,,G2,소매,G202,자동차 부품 소매,G20201,타이어 소매업,G45211,자동차 신품 타이어 및 튜브 판매업,51,강원특별자치도,51170,동해시,51170520,송정동,5117010300,송정동,5117010300108480108,1,대지,848,108,강원특별자치도 동해시 송정동 848-108,511704463076,강원특별자치도 동해시 동해역길,86,,4217010300008480108007510,,강원특별자치도 동해시 동해역길 86,240806,25786,,,,129.124732097932,37.4994549128183
MA010120220804565857,맑은자동차정비공업사,,G2,소매,G202,자동차 부품 소매,G20201,타이어 소매업,G45211,자동차 신품 타이어 및 튜브 판매업,51,강원특별자치도,51170,동해시,51170530,북삼동,5117010600,효가동,5117010600101770001,1,대지,177,1,강원특별자치도 동해시 효가동 177-1,511702000023,강원특별자치도 동해시 동해대로,5015,,4217010600101770001000001,,강원특별자치도 동해시 동해대로 5015,240160,25802,,,,129.11012598574,37.4939153797421
MA010120220805920403,815카라이프,,G2,소매,G202,자동차 부품 소매,G20201,타이어 소매업,G45211,자동차 신품 타이어 및 튜브 판매업,44,충청남도,44230,논산시,44230510,취암동,4423010800,덕지동,4423010800102850000,1,대지,285,,충청남도 논산시 덕지동 285,442303000095,충청남도 논산시 계백로,1105,,4423010800102850003040933,,충청남도 논산시 계백로 1105,320803,32971,,,,127.097548238898,36.2093974407466
MA010120220805899069,안심서비스,,G2,소매,G202,자동차 부품 소매,G20201,타이어 소매업,G45211,자동차 신품 타이어 및 튜브 판매업,27,대구광역시,27140,동구,27140747,안심4동,2714011600,동호동,2714011600100990034,1,대지,99,34,대구광역시 동구 동호동 99-34,271403142014,대구광역시 동구 반야월로,246,,2714011600100990034024863,,대구광역시 동구 반야월로 246,701848,41078,,,,128.715453838095,35.8717535808456
MA010120220805960286,타이어천국,,G2,소매,G202,자동차 부품 소매,G20201,타이어 소매업,G45211,자동차 신품 타이어 및 튜브 판매업,26,부산광역시,26230,부산진구,26230760,개금3동,2623011100,개금동,2623011100102720000,1,대지,272,,부산광역시 부산진구 개금동 272,262302006008,부산광역시 부산진구 백양대로,248,,2623011100102720000020748,,부산광역시 부산진구 백양대로 248,614811,47172,,,,129.023677643058,35.1566903688633
MA010120220805962940,타이어투어,,G2,소매,G202,자동차 부품 소매,G20201,타이어 소매업,G45211,자동차 신품 타이어 및 튜브 판매업,48,경상남도,48220,통영시,48220340,광도면,4822034024,광도면,4822034024102590000,1,대지,259,,경상남도 통영시 광도면 죽림리 259,482202328001,경상남도 통영시 광도면 남해안대로,1045,,4822034024102590000010646,,경상남도 통영시 광도면 남해안대로 1045,650828,53021,,,,128.414797545307,34.8864668504514
MA010120220805937997,프링스타이어,,G2,소매,G202,자동차 부품 소매,G20201,타이어 소매업,G45211,자동차 신품 타이어 및 튜브 판매업,46,전라남도,46130,여수시,46130320,율촌면,4613032022,율촌면,4613032022104340024,1,대지,434,24,전라남도 여수시 율촌면 월산리 434-24,461303282087,전라남도 여수시 율촌면 여순로,1063,,4613032022200440000000001,다,전라남도 여수시 율촌면 여순로 1063,556892,59601,,,,127.567371543363,34.8833530258914
MA010120220805964248,논산타이어,,G2,소매,G202,자동차 부품 소매,G20201,타이어 소매업,G45211,자동차 신품 타이어 및 튜브 판매업,44,충청남도,44230,논산시,44230510,취암동,4423010900,내동,4423010900102780005,1,대지,278,5,충청남도 논산시 내동 278-5,442303255045,충청남도 논산시 시민로,262,,4423010900102780005047550,,충청남도 논산시 시민로 262,320803,32983,,,,127.095556641539,36.1902394657027
MA010120220805961968,중앙타이어,,G2,소매,G202,자동차 부품 소매,G20201,타이어 소매업,G45220,자동차 중고 부품 및 내장품 판매업,41,경기도,41390,시흥시,41390589,정왕본동,4139013300,죽율동,4139013300100300004,1,대지,30,4,경기도 시흥시 죽율동 30-4,413903199028,경기도 시흥시 봉화로,311,,4139013300100300004013717,,경기도 시흥시 봉화로 311,429455,15046,,,,126.762649449993,37.3562918143683
MA010120220805924648,연무모터스,,G2,소매,G202,자동차 부품 소매,G20201,타이어 소매업,G45211,자동차 신품 타이어 및 튜브 판매업,44,충청남도,44230,논산시,44230253,연무읍,4423025323,연무읍,4423025323100380003,1,대지,38,3,충청남도 논산시 연무읍 금곡리 38-3,442304565670,충청남도 논산시 연무읍 왕릉로13번길,38,,4423025323100380003000001,,충청남도 논산시 연무읍 왕릉로13번길 38,320832,33013,,,,127.098380053237,36.1186810967183
MA010120220805974941,창호상사,,G2,소매,G202,자동차 부품 소매,G20201,타이어 소매업,G45220,자동차 중고 부품 및 내장품 판매업,30,대전광역시,30200,유성구,30200530,온천1동,3020011200,구암동,3020011200106170007,1,대지,617,7,대전광역시 유성구 구암동 617-7,302004301340,대전광역시 유성구 유성대로654번길,78,,3020011200106170007013848,,대전광역시 유성구 유성대로654번길 78,305801,34181,,,,127.333257139982,36.351072366743
MA010120220805977181,르노자동차부품대리점홍성점,코리아,G2,소매,G202,자동차 부품 소매,G20201,타이어 소매업,G45219,기타 자동차 신품 부품 및 내장품 판매업,44,충청남도,44800,홍성군,44800320,금마면,4480032031,금마면,4480032031104410006,1,대지,441,6,충청남도 홍성군 금마면 죽림리 441-6,448003252053,충청남도 홍성군 금마면 충서로,1999,,4480032031104410005046995,,충청남도 홍성군 금마면 충서로 1999,350824,32280,,,,126.707924928144,36.6168142428155
MA010120220805972887,한국타이어홍성,대리점,G2,소매,G202,자동차 부품 소매,G20201,타이어 소매업,G45211,자동차 신품 타이어 및 튜브 판매업,44,충청남도,44800,홍성군,44800250,홍성읍,4480025025,홍성읍,4480025025102340002,1,대지,234,2,충청남도 홍성군 홍성읍 옥암리 234-2,448003252053,충청남도 홍성군 홍성읍 충서로,1299,,4480025025102340002009896,,충청남도 홍성군 홍성읍 충서로 1299,350808,32244,,,,126.654658858151,36.5917643301171
MA010120220806014872,카샵,,G2,소매,G202,자동차 부품 소매,G20201,타이어 소매업,G45219,기타 자동차 신품 부품 및 내장품 판매업,44,충청남도,44270,당진시,44270530,당진3동,4427010400,원당동,4427010400109530008,1,대지,953,8,충청남도 당진시 원당동 953-8,442703265082,충청남도 당진시 원당로,36,,4483025024109530008088233,원당동,충청남도 당진시 원당로 36,343090,31767,,,,126.642303312853,36.904532161172
MA010120220806033122,삼락중고타이어,,G2,소매,G202,자동차 부품 소매,G20201,타이어 소매업,G45220,자동차 중고 부품 및 내장품 판매업,26,부산광역시,26530,사상구,26530645,감전동,2653010500,감전동,2653010500101470004,1,대지,147,4,부산광역시 사상구 감전동 147-4,265303139013,부산광역시 사상구 새벽시장로,10,,2653010500101470004005601,,부산광역시 사상구 새벽시장로 10,617804,46990,,,,128.974797493094,35.1559742771993
MA010120220806037120,늘푸른공업사,,G2,소매,G202,자동차 부품 소매,G20201,타이어 소매업,G45211,자동차 신품 타이어 및 튜브 판매업,44,충청남도,44270,당진시,44270253,송악읍,4427025333,송악읍,4427025333116610000,1,대지,1661,,충청남도 당진시 송악읍 복운리 1661,442704595276,충청남도 당진시 송악읍 부곡공단1길,10,,4483025633116610000066208,,충청남도 당진시 송악읍 부곡공단1길 10,343827,31721,,1,,126.784766007655,36.945559956534
MA010120220806018100,서부종합타이어,,G2,소매,G202,자동차 부품 소매,G20201,타이어 소매업,G45211,자동차 신품 타이어 및 튜브 판매업,44,충청남도,44810,예산군,44810400,오가면,4481040021,오가면,4481040021104630089,1,대지,463,89,충청남도 예산군 오가면 역탑리 463-89,448103263031,충청남도 예산군 오가면 오신로,152,,4481040021104630056002572,,충청남도 예산군 오가면 오신로 152,340915,32425,,,,126.78426626351,36.6880312717332
MA010120220806008070,미쉐린타이어서해상사,당진점,G2,소매,G202,자동차 부품 소매,G20201,타이어 소매업,G45211,자동차 신품 타이어 및 튜브 판매업,44,충청남도,44270,당진시,44270380,신평면,4427038030,신평면,4427038030104870005,1,대지,487,5,충청남도 당진시 신평면 도성리 487-5,442704595431,충청남도 당진시 신평면 신평길,313,17,4483038030104870004039459,,충청남도 당진시 신평면 신평길 313-17,343813,31744,,,,126.79555982274,36.8805470730998
MA010120220806006139,원석종합타이어,,G2,소매,G202,자동차 부품 소매,G20201,타이어 소매업,G45211,자동차 신품 타이어 및 튜브 판매업,44,충청남도,44270,당진시,44270380,신평면,4427038027,신평면,4427038027100680001,1,대지,68,1,충청남도 당진시 신평면 신흥리 68-1,442704832223,충청남도 당진시 신평면 진살미길,91,11,4483038027100680001038748,,충청남도 당진시 신평면 진살미길 91-11,343816,31745,,,,126.795271960084,36.879131852038
MA010120220806006256,당진종합타이어,전문점,G2,소매,G202,자동차 부품 소매,G20201,타이어 소매업,G45220,자동차 중고 부품 및 내장품 판매업,44,충청남도,44270,당진시,44270510,당진1동,4427010100,읍내동,4427010100101390001,1,대지,139,1,충청남도 당진시 읍내동 139-1,442704595624,충청남도 당진시 청룡길,119,,4483025021101390001085564,,충청남도 당진시 청룡길 119,343920,31777,,,,126.632891311521,36.8877341117326
MA010120220806016883,천제타이어,,G2,소매,G202,자동차 부품 소매,G20201,타이어 소매업,G45211,자동차 신품 타이어 및 튜브 판매업,44,충청남도,44270,당진시,44270253,송악읍,4427025338,송악읍,4427025338101650010,1,대지,165,10,충청남도 당진시 송악읍 고대리 165-10,442704595043,충청남도 당진시 송악읍 고대공단2길,3,24,4483025638101650011075120,,충청남도 당진시 송악읍 고대공단2길 3-24,343823,31719,,,,126.738592761203,36.9813485193572
MA010120220807372610,임진강타이어,,G2,소매,G202,자동차 부품 소매,G20201,타이어 소매업,G45211,자동차 신품 타이어 및 튜브 판매업,41,경기도,41480,파주시,41480262,조리읍,4148026222,조리읍,4148026222103720001,1,대지,372,1,경기도 파주시 조리읍 뇌조리 372-1,414803206024,경기도 파주시 조리읍 등원로,165,,4148026222103720001000105,제,경기도 파주시 조리읍 등원로 165,413821,10949,,,,126.816236536513,37.7639616183836
MA010120220807391372,금호타이어부안,대리점,G2,소매,G202,자동차 부품 소매,G20201,타이어 소매업,G45211,자동차 신품 타이어 및 튜브 판매업,52,전북특별자치도,52800,부안군,52800250,부안읍,5280025022,부안읍,5280025022100090005,1,대지,9,5,전북특별자치도 부안군 부안읍 서외리 9-5,528003280032,전북특별자치도 부안군 부안읍 번영로,130,1,4580025022100090005030488,,전북특별자치도 부안군 부안읍 번영로 130-1,579803,56313,,,,126.73472125052,35.7260087998939
MA010120220807430363,한국타이어영주총판,,G2,소매,G202,자동차 부품 소매,G20201,타이어 소매업,G45211,자동차 신품 타이어 및 튜브 판매업,47,경상북도,47210,영주시,47210620,가흥1동,4721010600,문정동,4721010600101660000,1,대지,166,,경상북도 영주시 문정동 166,472103309072,경상북도 영주시 한정로,40,,4721010600101660000000001,,경상북도 영주시 한정로 40,750901,36142,,,,128.60888374865,36.8026884044002
MA010120220807464153,타이어,백화점,G2,소매,G202,자동차 부품 소매,G20201,타이어 소매업,G45211,자동차 신품 타이어 및 튜브 판매업,29,광주광역시,29155,남구,29155720,송암동,2915511200,송하동,2915511200101130000,1,대지,113,,광주광역시 남구 송하동 113,291552161001,광주광역시 남구 서문대로,482,,2915511200101130000031245,,광주광역시 남구 서문대로 482,503819,61741,,,,126.886177414525,35.107896348273
MA010120220807464567,타이어프로산수점,,G2,소매,G202,자동차 부품 소매,G20201,타이어 소매업,G45211,자동차 신품 타이어 및 튜브 판매업,29,광주광역시,29110,동구,29110590,산수1동,2911011000,산수동,2911011000105430001,1,대지,543,1,광주광역시 동구 산수동 543-1,291102009007,광주광역시 동구 필문대로,106,,2911011000105430001028547,산수동,광주광역시 동구 필문대로 106,501820,61405,,,,126.929996013958,35.1609207135434
MA010120220807472831,타이어프로,백운점,G2,소매,G202,자동차 부품 소매,G20201,타이어 소매업,G45211,자동차 신품 타이어 및 튜브 판매업,29,광주광역시,29155,남구,29155680,백운2동,2915510500,백운동,2915510500102060002,1,대지,206,2,광주광역시 남구 백운동 206-2,291553009020,광주광역시 남구 독립로,59,1,2915510500102060002030377,,광주광역시 남구 독립로 59-1,503808,61650,,,,126.901474172054,35.1390699202095
MA010120220807515206,금강자동차유리,,G2,소매,G202,자동차 부품 소매,G20201,타이어 소매업,G45219,기타 자동차 신품 부품 및 내장품 판매업,29,광주광역시,29170,북구,29170555,중앙동,2917010200,유동,2917010200100100025,1,대지,10,25,광주광역시 북구 유동 10-25,291703009018,광주광역시 북구 경열로,210,1,2917010200100100042015589,,광주광역시 북구 경열로 210-1,500862,61239,,,,126.906247510676,35.1581014362803
MA010120220807485790,일전모터스,,G2,소매,G202,자동차 부품 소매,G20201,타이어 소매업,G45211,자동차 신품 타이어 및 튜브 판매업,44,충청남도,44180,보령시,44180525,대천2동,4418010100,대천동,4418010100105950005,1,대지,595,5,충청남도 보령시 대천동 595-5,441803252052,충청남도 보령시 중앙로,239,,4418010100105950005023615,,충청남도 보령시 중앙로 239,355931,33450,,,,126.582038629389,36.3579524202528
MA010120220807501932,타이어박스주,,G2,소매,G202,자동차 부품 소매,G20201,타이어 소매업,G45211,자동차 신품 타이어 및 튜브 판매업,29,광주광역시,29110,동구,29110590,산수1동,2911011000,산수동,2911011000105390045,1,대지,539,45,광주광역시 동구 산수동 539-45,291102009007,광주광역시 동구 필문대로,159,,2911011000105390044000001,외,광주광역시 동구 필문대로 159,501822,61411,,,,126.932019304017,35.1564330948099
MA010120220808875588,현대상사,,G2,소매,G202,자동차 부품 소매,G20201,타이어 소매업,G45211,자동차 신품 타이어 및 튜브 판매업,27,대구광역시,27110,중구,27110585,성내3동,2711013300,서야동,2711013300101490015,1,대지,149,15,대구광역시 중구 서야동 149-15,271104223111,대구광역시 중구 북성로5길,8,16,2711013300101490015000483,,대구광역시 중구 북성로5길 8-16,700330,41920,,,,128.585672227219,35.8739517418292
MA010120220808860258,타이어마을,,G2,소매,G202,자동차 부품 소매,G20201,타이어 소매업,G45211,자동차 신품 타이어 및 튜브 판매업,27,대구광역시,27260,수성구,27260560,만촌2동,2726010200,만촌동,2726010200107940003,1,대지,794,3,대구광역시 수성구 만촌동 794-3,272602007002,대구광역시 수성구 달구벌대로,2693,,2726010200107940003024804,,대구광역시 수성구 달구벌대로 2693,706806,42066,,,,128.656078519304,35.854257915022
MA010120220808854018,타이어프로,동대구점,G2,소매,G202,자동차 부품 소매,G20201,타이어 소매업,G45211,자동차 신품 타이어 및 튜브 판매업,27,대구광역시,27140,동구,27140730,안심2동,2714011900,용계동,2714011900104420004,1,대지,442,4,대구광역시 동구 용계동 442-4,271403142047,대구광역시 동구 화랑로,487,,2714011900104420004044847,,대구광역시 동구 화랑로 487,701835,41166,,,,128.67714777291,35.875493641663
MA010120220808886772,피렐리타이어타이어,플러스점,G2,소매,G202,자동차 부품 소매,G20201,타이어 소매업,G45211,자동차 신품 타이어 및 튜브 판매업,27,대구광역시,27140,동구,27140530,신암3동,2714010100,신암동,2714010100102180008,1,대지,218,8,대구광역시 동구 신암동 218-8,271403142028,대구광역시 동구 아양로,84,,2714010100102180008031781,,대구광역시 동구 아양로 84,701815,41208,,,,128.623166340627,35.8828497228866
MA010120220808868793,진주타이어,,G2,소매,G202,자동차 부품 소매,G20201,타이어 소매업,G45211,자동차 신품 타이어 및 튜브 판매업,27,대구광역시,27260,수성구,27260550,만촌1동,2726010200,만촌동,2726010200106750013,1,대지,675,13,대구광역시 수성구 만촌동 675-13,272604238019,대구광역시 수성구 공경로6길,11,6,2726010200106750013035642,,대구광역시 수성구 공경로6길 11-6,706805,42046,,,,128.645631943234,35.8704507294399
MA010120220808877092,새왕타이어,,G2,소매,G202,자동차 부품 소매,G20201,타이어 소매업,G45211,자동차 신품 타이어 및 튜브 판매업,27,대구광역시,27710,달성군,27710310,가창면,2771031031,가창면,2771031031103600000,1,대지,360,,대구광역시 달성군 가창면 삼산리 360,277104244452,대구광역시 달성군 가창면 우록길,9,,2771031031103600000038312,,대구광역시 달성군 가창면 우록길 9,711863,42940,,,,128.66148552435,35.7339345912801
MA010120220808882441,타이어명가,,G2,소매,G202,자동차 부품 소매,G20201,타이어 소매업,G45211,자동차 신품 타이어 및 튜브 판매업,47,경상북도,47290,경산시,47290330,자인면,4729033033,자인면,4729033033102900000,1,대지,290,,경상북도 경산시 자인면 단북리 290,472904739208,경상북도 경산시 자인면 단북길,18,,4729033033102900000000001,외,경상북도 경산시 자인면 단북길 18,712851,38547,,,,128.815582717026,35.8377514405328
MA010120220808889399,타이어메카,만촌점,G2,소매,G202,자동차 부품 소매,G20201,타이어 소매업,G45211,자동차 신품 타이어 및 튜브 판매업,27,대구광역시,27260,수성구,27260550,만촌1동,2726010200,만촌동,2726010200113310009,1,대지,1331,9,대구광역시 수성구 만촌동 1331-9,272603142047,대구광역시 수성구 화랑로,166,,2726010200113310009035388,,대구광역시 수성구 화랑로 166,706803,42033,,,,128.643975958018,35.8755017452547
MA010120220808877640,오토월드아울렛,,G2,소매,G202,자동차 부품 소매,G20201,타이어 소매업,G45211,자동차 신품 타이어 및 튜브 판매업,27,대구광역시,27170,서구,27170640,평리3동,2717010300,평리동,2717010300107180001,1,대지,718,1,대구광역시 서구 평리동 718-1,271703143006,대구광역시 서구 서대구로,234,,2717010300107180001000001,,대구광역시 서구 서대구로 234,703839,41770,,,,128.555228439541,35.8787023724483
MA010120220808909277,한국타이어공항로점,,G2,소매,G202,자동차 부품 소매,G20201,타이어 소매업,G45211,자동차 신품 타이어 및 튜브 판매업,27,대구광역시,27140,동구,27140640,지저동,2714010800,지저동,2714010800107950031,1,대지,795,31,대구광역시 동구 지저동 795-31,271403007002,대구광역시 동구 공항로,278,,2714010800107950032018749,,대구광역시 동구 공항로 278,701854,41048,,,,128.641536211802,35.8940894749831
MA010120220808901713,타이어프로,시지점,G2,소매,G202,자동차 부품 소매,G20201,타이어 소매업,G45211,자동차 신품 타이어 및 튜브 판매업,27,대구광역시,27260,수성구,27260680,고산2동,2726011400,시지동,2726011400101950006,1,대지,195,6,대구광역시 수성구 시지동 195-6,272602007002,대구광역시 수성구 달구벌대로,3029,,2726011400101950006027217,,대구광역시 수성구 달구벌대로 3029,706220,42260,,,,128.688350052634,35.8424904439631
MA010120220808893919,정문타이어,,G2,소매,G202,자동차 부품 소매,G20201,타이어 소매업,G45211,자동차 신품 타이어 및 튜브 판매업,27,대구광역시,27260,수성구,27260560,만촌2동,2726010200,만촌동,2726010200109770026,1,대지,977,26,대구광역시 수성구 만촌동 977-26,272603146010,대구광역시 수성구 무열로,125,,2726010200109770026035365,,대구광역시 수성구 무열로 125,706810,42051,,,,128.648599655908,35.8694097690503
MA010120220808923858,타이어플러스,,G2,소매,G202,자동차 부품 소매,G20201,타이어 소매업,G45211,자동차 신품 타이어 및 튜브 판매업,27,대구광역시,27140,동구,27140530,신암3동,2714010100,신암동,2714010100102180008,1,대지,218,8,대구광역시 동구 신암동 218-8,271403142028,대구광역시 동구 아양로,84,,2714010100102180008031781,,대구광역시 동구 아양로 84,701815,41208,,,,128.623166340627,35.8828497228866
MA010120220808961103,발통Co.,,G2,소매,G202,자동차 부품 소매,G20201,타이어 소매업,G45211,자동차 신품 타이어 및 튜브 판매업,27,대구광역시,27290,달서구,27290563,죽전동,2729011200,죽전동,2729011200101700002,1,대지,170,2,대구광역시 달서구 죽전동 170-2,272903143013,대구광역시 달서구 와룡로,288,,2729011200101700002000001,,대구광역시 달서구 와룡로 288,704931,42638,,,,128.537740265055,35.8584263877461
MA010120220808952417,타이어파크,,G2,소매,G202,자동차 부품 소매,G20201,타이어 소매업,G45211,자동차 신품 타이어 및 튜브 판매업,27,대구광역시,27170,서구,27170610,비산7동,2717010200,비산동,2717010200116090003,1,대지,1609,3,대구광역시 서구 비산동 1609-3,271703007024,대구광역시 서구 팔달로,48,,2717010200116090003029894,,대구광역시 서구 팔달로 48,703824,41710,,,,128.555171574189,35.8905171377441
MA010120220808944581,카타이어,,G2,소매,G202,자동차 부품 소매,G20201,타이어 소매업,G45211,자동차 신품 타이어 및 튜브 판매업,27,대구광역시,27170,서구,27170675,상중이동,2717010400,상리동,2717010400101490001,1,대지,149,1,대구광역시 서구 상리동 149-1,271704229004,대구광역시 서구 가르뱅이로21길,24,,2717010400101490001032144,,대구광역시 서구 가르뱅이로21길 24,703100,41750,,,,128.525570961276,35.8807679273257
MA010120220808968232,달곰타이어,,G2,소매,G202,자동차 부품 소매,G20201,타이어 소매업,G45211,자동차 신품 타이어 및 튜브 판매업,47,경상북도,47730,의성군,47730430,안계면,4773043030,안계면,4773043030104870104,1,대지,487,104,경상북도 의성군 안계면 용기리 487-104,477303315013,경상북도 의성군 안계면 서부로,1657,,4773043030104870104000001,,경상북도 의성군 안계면 서부로 1657,769933,37311,,,,128.443074323687,36.3847779810784
MA010120220808981895,북광주타이어,,G2,소매,G202,자동차 부품 소매,G20201,타이어 소매업,G45211,자동차 신품 타이어 및 튜브 판매업,29,광주광역시,29170,북구,29170695,건국동,2917013900,월출동,2917013900100390005,1,대지,39,5,광주광역시 북구 월출동 39-5,291703000077,광주광역시 북구 삼소로,382,,2917013900100390005000002,,광주광역시 북구 삼소로 382,500460,61002,,,,126.87544259193,35.2423051141126
MA010120220808951152,발통천국,,G2,소매,G202,자동차 부품 소매,G20201,타이어 소매업,G45211,자동차 신품 타이어 및 튜브 판매업,27,대구광역시,27290,달서구,27290650,본동,2729012400,본동,2729012400107340001,1,대지,734,1,대구광역시 달서구 본동 734-1,272903143013,대구광역시 달서구 와룡로,51,,2729012400107340001000001,본동,대구광역시 달서구 와룡로 51,704806,42729,,,,128.536355058253,35.8371228080537
MA010120220808953669,타이어마트,,G2,소매,G202,자동차 부품 소매,G20201,타이어 소매업,G45211,자동차 신품 타이어 및 튜브 판매업,27,대구광역시,27110,중구,27110640,남산1동,2711015600,남산동,2711015600121070003,1,대지,2107,3,대구광역시 중구 남산동 2107-3,271103141013,대구광역시 중구 명덕로,195,,2711015600121070003020205,,대구광역시 중구 명덕로 195,700826,41963,,1,,128.591813503275,35.8571632915676
MA010120220809017268,대형상사,,G2,소매,G202,자동차 부품 소매,G20201,타이어 소매업,G45211,자동차 신품 타이어 및 튜브 판매업,27,대구광역시,27230,북구,27230745,구암동,2723012300,구암동,2723012300104820047,1,대지,482,47,대구광역시 북구 구암동 482-47,272303145052,대구광역시 북구 학정로,288,,2723012300104820047013162,,대구광역시 북구 학정로 288,702806,41473,,,,128.561609833089,35.930173940037
MA010120220809029394,충북타이어상사,,G2,소매,G202,자동차 부품 소매,G20201,타이어 소매업,G45211,자동차 신품 타이어 및 튜브 판매업,27,대구광역시,27230,북구,27230790,노원동,2723010900,노원동3가,2723010900107330000,1,대지,733,,대구광역시 북구 노원동3가 733,272303145016,대구광역시 북구 노원로,8,,2723010900107330000024996,,대구광역시 북구 노원로 8,702816,41557,,,,128.564418957887,35.8905321875125
MA010120220809012373,영기타이어,,G2,소매,G202,자동차 부품 소매,G20201,타이어 소매업,G45220,자동차 중고 부품 및 내장품 판매업,47,경상북도,47850,칠곡군,47850310,지천면,4785031039,지천면,4785031039100830002,1,대지,83,2,경상북도 칠곡군 지천면 연화리 83-2,478502000028,경상북도 칠곡군 지천면 칠곡대로,2144,6,4785031039100830002011419,,경상북도 칠곡군 지천면 칠곡대로 2144-6,718821,39867,,,,128.457465564334,35.9643667179437
MA010120220810394579,유니카,,G2,소매,G202,자동차 부품 소매,G20201,타이어 소매업,G45211,자동차 신품 타이어 및 튜브 판매업,11,서울특별시,11230,동대문구,11230610,답십리2동,1123010500,답십리동,1123010500107340000,1,대지,734,,서울특별시 동대문구 답십리동 734,112303005038,서울특별시 동대문구 한천로,119,,1123010500107340000019659,우측,서울특별시 동대문구 한천로 119,130808,02610,,1,,127.065439777503,37.571754460986
MA010120220810363989,타이어테크,해운대점,G2,소매,G202,자동차 부품 소매,G20201,타이어 소매업,G45211,자동차 신품 타이어 및 튜브 판매업,26,부산광역시,26350,해운대구,26350530,중1동,2635010600,중동,2635010600102000000,1,대지,200,,부산광역시 해운대구 중동 200,263503133038,부산광역시 해운대구 좌동로,63,,2635010600102000000013160,,부산광역시 해운대구 좌동로 63,612846,48082,,,,129.172626658978,35.1708800568069
MA010120220810379825,블루서비스대이점,,G2,소매,G202,자동차 부품 소매,G20201,타이어 소매업,G45211,자동차 신품 타이어 및 튜브 판매업,47,경상북도,47111,포항시 남구,47111590,대이동,4711111600,대잠동,4711111600101420016,1,대지,142,16,경상북도 포항시 남구 대잠동 142-16,471113303066,경상북도 포항시 남구 효자로,136,,4711111600101420016127776,,경상북도 포항시 남구 효자로 136,790825,37663,,,,129.340751797561,36.0112921895486
MA010120220810370154,더쎈타이어,,G2,소매,G202,자동차 부품 소매,G20201,타이어 소매업,G45211,자동차 신품 타이어 및 튜브 판매업,41,경기도,41480,파주시,41480262,조리읍,4148026224,조리읍,4148026224105350007,1,대지,535,7,경기도 파주시 조리읍 장곡리 535-7,414803206029,경기도 파주시 조리읍 명봉산로,46,,4148026224105350007003784,,경기도 파주시 조리읍 명봉산로 46,413825,10941,,,,126.841169745899,37.7323829181795
MA010120220810399722,타이어테크서원대로점,,G2,소매,G202,자동차 부품 소매,G20201,타이어 소매업,G45211,자동차 신품 타이어 및 튜브 판매업,51,강원특별자치도,51130,원주시,51130541,명륜1동,5113010600,명륜동,5113010600103100009,1,대지,310,9,강원특별자치도 원주시 명륜동 310-9,511302219001,강원특별자치도 원주시 서원대로,263,,4213010600103100009004375,,강원특별자치도 원주시 서원대로 263,220947,26447,,,,127.93883440417,37.3396857146031
MA010120220810372835,정문타이어,,G2,소매,G202,자동차 부품 소매,G20201,타이어 소매업,G45211,자동차 신품 타이어 및 튜브 판매업,46,전라남도,46710,담양군,46710250,담양읍,4671025028,담양읍,4671025028103620000,1,대지,362,,전라남도 담양군 담양읍 만성리 362,467103286013,전라남도 담양군 담양읍 월광로,14,,4671025028103620000000001,,전라남도 담양군 담양읍 월광로 14,517805,57334,,,,126.977749674835,35.330121700539
MA010120220810362653,제이에스퍼포먼스,,G2,소매,G202,자동차 부품 소매,G20201,타이어 소매업,G45211,자동차 신품 타이어 및 튜브 판매업,29,광주광역시,29200,광산구,29200670,평동,2920014500,옥동,2920014500101500001,1,대지,150,1,광주광역시 광산구 옥동 150-1,292003163083,광주광역시 광산구 연산로,303,,2920014500101500001000001,,광주광역시 광산구 연산로 303,506500,62420,,,,126.761409315267,35.1225694760804
MA010120220810365678,한국타이어송우점굴러라바퀴,,G2,소매,G202,자동차 부품 소매,G20201,타이어 소매업,G45211,자동차 신품 타이어 및 튜브 판매업,41,경기도,41650,포천시,41650250,소흘읍,4165025022,소흘읍,4165025022100210001,1,대지,21,1,경기도 포천시 소흘읍 이동교리 21-1,416503000136,경기도 포천시 소흘읍 호국로,546,,4165025022100210001000001,,경기도 포천시 소흘읍 호국로 546,487826,11184,,,,127.138677603915,37.8206666956949
MA010120220810441290,강변카랜드,,G2,소매,G202,자동차 부품 소매,G20201,타이어 소매업,G45211,자동차 신품 타이어 및 튜브 판매업,46,전라남도,46170,나주시,46170250,남평읍,4617025021,남평읍,4617025021101940002,1,대지,194,2,전라남도 나주시 남평읍 남평리 194-2,461703284015,전라남도 나주시 남평읍 남평1로,11,4,4617025021101940002066606,,전라남도 나주시 남평읍 남평1로 11-4,520844,58227,,,,126.83898860896,35.0471806108824
MA010120220810425611,타이어테크삼천포점,,G2,소매,G202,자동차 부품 소매,G20201,타이어 소매업,G45211,자동차 신품 타이어 및 튜브 판매업,48,경상남도,48240,사천시,48240550,벌용동,4824010800,벌리동,4824010800100530012,1,대지,53,12,경상남도 사천시 벌리동 53-12,482403334059,경상남도 사천시 중앙로,181,,4824010800100530012016377,,경상남도 사천시 중앙로 181,664833,52558,,,,128.080338400327,34.9417357818849
MA010120220810466373,금호타이어서부상사,,G2,소매,G202,자동차 부품 소매,G20201,타이어 소매업,G45211,자동차 신품 타이어 및 튜브 판매업,26,부산광역시,26140,서구,26140590,부민동,2614010900,부민동1가,2614010900100130026,1,대지,13,26,부산광역시 서구 부민동1가 13-26,261402006003,부산광역시 서구 보수대로,91,,2614010900100130026007923,,부산광역시 서구 보수대로 91,602816,49223,,,,129.021011714457,35.1038991056919
MA010120220810467410,타이어테크부산대교,,G2,소매,G202,자동차 부품 소매,G20201,타이어 소매업,G45211,자동차 신품 타이어 및 튜브 판매업,26,부산광역시,26200,영도구,26200590,봉래1동,2620011700,봉래동3가,2620011700100790001,1,대지,79,1,부산광역시 영도구 봉래동3가 79-1,262003006003,부산광역시 영도구 태종로,154,,2620011700100790001000001,,부산광역시 영도구 태종로 154,606063,49059,,1,,129.045666622148,35.0930768921254
MA010120220810449025,타이어티스토어,,G2,소매,G202,자동차 부품 소매,G20201,타이어 소매업,G45211,자동차 신품 타이어 및 튜브 판매업,41,경기도,41590,화성시,41590400,양감면,4159040024,양감면,4159040024100050025,1,대지,5,25,경기도 화성시 양감면 송산리 5-25,415903210137,경기도 화성시 양감면 발안로,834,,4159040024100080001000001,,경기도 화성시 양감면 발안로 834,445933,18628,,,,126.995453967654,37.1224741645401
MA010120220810449199,타이어맨,,G2,소매,G202,자동차 부품 소매,G20201,타이어 소매업,G45211,자동차 신품 타이어 및 튜브 판매업,27,대구광역시,27290,달서구,27290585,신당동,2729010700,신당동,2729010700105170000,1,대지,517,,대구광역시 달서구 신당동 517,272903147013,대구광역시 달서구 서당로,68,,2729010700105170000001135,,대구광역시 달서구 서당로 68,704919,42609,,,,128.496083124754,35.857789938343
MA010120220810488347,서대구타이어,,G2,소매,G202,자동차 부품 소매,G20201,타이어 소매업,G45211,자동차 신품 타이어 및 튜브 판매업,27,대구광역시,27230,북구,27230735,태전2동,2723012600,태전동,2723012600110290003,1,대지,1029,3,대구광역시 북구 태전동 1029-3,272303145048,대구광역시 북구 팔거천서로,43,5,2723012600110290003022649,,대구광역시 북구 팔거천서로 43-5,702866,41460,,,,128.551267315333,35.9287851311398
MA010120220810522740,타이어테크,재송점,G2,소매,G202,자동차 부품 소매,G20201,타이어 소매업,G45211,자동차 신품 타이어 및 튜브 판매업,26,부산광역시,26350,해운대구,26350650,재송1동,2635010400,재송동,2635010400101100001,1,대지,110,1,부산광역시 해운대구 재송동 110-1,263503133035,부산광역시 해운대구 재반로,48,,2635010400101100001000001,외,부산광역시 해운대구 재반로 48,612828,48057,,,,129.12663153437,35.1830691131152
MA010120220810489310,대진카센타,,G2,소매,G202,자동차 부품 소매,G20201,타이어 소매업,G45211,자동차 신품 타이어 및 튜브 판매업,41,경기도,41220,평택시,41220253,안중읍,4122025321,안중읍,4122025321102970014,1,대지,297,14,경기도 평택시 안중읍 안중리 297-14,412203188135,경기도 평택시 안중읍 안현로,422,,4122025321102970014040413,,경기도 평택시 안중읍 안현로 422,451884,17935,,,,126.931941514502,36.9873927559003
MA010120220810487205,한국타이어하남,직영점,G2,소매,G202,자동차 부품 소매,G20201,타이어 소매업,G45211,자동차 신품 타이어 및 튜브 판매업,29,광주광역시,29200,광산구,29200620,비아동,2920011300,도천동,2920011300103490010,1,대지,349,10,광주광역시 광산구 도천동 349-10,292003163014,광주광역시 광산구 사암로,720,,2920011300103490010000001,,광주광역시 광산구 사암로 720,506300,62244,,,,126.815611372403,35.2070491222297
MA010120220800827368,부자타이어,,G2,소매,G202,자동차 부품 소매,G20201,타이어 소매업,G45211,자동차 신품 타이어 및 튜브 판매업,44,충청남도,44133,천안시 서북구,44133310,입장면,4413331028,입장면,4413331028100240002,1,대지,24,2,충청남도 천안시 서북구 입장면 시장리 24-2,441333250051,충청남도 천안시 서북구 입장면 망향로,988,,4413331028100240002023563,,충청남도 천안시 서북구 입장면 망향로 988,331825,31059,,,,127.219237696083,36.9009936230606
MA010120220800861053,강서오토피아,,G2,소매,G202,자동차 부품 소매,G20201,타이어 소매업,G45211,자동차 신품 타이어 및 튜브 판매업,11,서울특별시,11560,영등포구,11560585,도림동,1156011800,도림동,1156011800101520012,1,대지,152,12,서울특별시 영등포구 도림동 152-12,115603116010,서울특별시 영등포구 도림로,342,,1156011800101520002026135,,서울특별시 영등포구 도림로 342,150830,07370,,,,126.900900427821,37.5079131965814
MA010120220800867750,타이어８９４９,,G2,소매,G202,자동차 부품 소매,G20201,타이어 소매업,G45211,자동차 신품 타이어 및 튜브 판매업,11,서울특별시,11470,양천구,11470580,신월3동,1147010300,신월동,1147010300101990005,1,대지,199,5,서울특별시 양천구 신월동 199-5,114702000003,서울특별시 양천구 남부순환로,408,,1147010300101990005012535,,서울특별시 양천구 남부순환로 408,158830,07915,,,,126.831007845706,37.5311608281483
MA010120220800889336,타이어프로,미장점,G2,소매,G202,자동차 부품 소매,G20201,타이어 소매업,G45211,자동차 신품 타이어 및 튜브 판매업,52,전북특별자치도,52130,군산시,52130690,수송동,5213014200,미장동,5213014200100580052,1,대지,58,52,전북특별자치도 군산시 미장동 58-52,521303268007,전북특별자치도 군산시 공단대로,157,,4513014200100580052000001,,전북특별자치도 군산시 공단대로 157,573370,54097,,,,126.724132858018,35.9593106754269
MA010120220800878826,대영타이어마트,,G2,소매,G202,자동차 부품 소매,G20201,타이어 소매업,G45211,자동차 신품 타이어 및 튜브 판매업,28,인천광역시,28245,계양구,28245622,작전2동,2824510300,작전동,2824510300108620023,1,대지,862,23,인천광역시 계양구 작전동 862-23,282452000016,인천광역시 계양구 봉오대로,689,,2824510300108620023010578,,인천광역시 계양구 봉오대로 689,407824,21091,,,,126.725418509759,37.5309174831189
MA010120220802531469,삼진상사경서,대리점,G2,소매,G202,자동차 부품 소매,G20201,타이어 소매업,G45211,자동차 신품 타이어 및 튜브 판매업,28,인천광역시,28260,서구,28260515,검암경서동,2826010400,경서동,2826010400103450008,1,대지,345,8,인천광역시 서구 경서동 345-8,282602008010,인천광역시 서구 경명대로,411,,2826010400103450008000001,,인천광역시 서구 경명대로 411,404170,22692,,,,126.653860071262,37.552947975964
MA010120220802565862,모든타이어,,G2,소매,G202,자동차 부품 소매,G20201,타이어 소매업,G45211,자동차 신품 타이어 및 튜브 판매업,28,인천광역시,28260,서구,28260530,연희동,2826010600,연희동,2826010600107110027,1,대지,711,27,인천광역시 서구 연희동 711-27,282603156046,인천광역시 서구 서곶로,350,,2826010600107110027011884,,인천광역시 서구 서곶로 350,404837,22713,,,,126.677371861342,37.5487979062661
MA010120220802525082,성민유통,,G2,소매,G202,자동차 부품 소매,G20201,타이어 소매업,G45211,자동차 신품 타이어 및 튜브 판매업,28,인천광역시,28260,서구,28260515,검암경서동,2826010400,경서동,2826010400103500060,1,대지,350,60,인천광역시 서구 경서동 350-60,282602008002,인천광역시 서구 중봉대로,803,,2826010400103500060007507,경서동62,인천광역시 서구 중봉대로 803,404170,22745,,,,126.64975934398,37.5513861739467
MA010120220802546092,용호타이어,,G2,소매,G202,자동차 부품 소매,G20201,타이어 소매업,G45211,자동차 신품 타이어 및 튜브 판매업,28,인천광역시,28260,서구,28260720,오류왕길동,2826012000,왕길동,2826012000101940000,1,대지,194,,인천광역시 서구 왕길동 194,282602156002,인천광역시 서구 원당대로,504,1,2826012000101940000025871,,인천광역시 서구 원당대로 504-1,404290,22673,,,,126.657675662049,37.5921251728024
MA010120220802560812,C.A.R.박사,,G2,소매,G202,자동차 부품 소매,G20201,타이어 소매업,G45219,기타 자동차 신품 부품 및 내장품 판매업,28,인천광역시,28140,동구,28140530,화수2동,2814010300,송현동,2814010300100660332,1,대지,66,332,인천광역시 동구 송현동 66-332,281404250190,인천광역시 동구 송화로44번길,13,2,2814010300100660332091031,,인천광역시 동구 송화로44번길 13-2,401040,22523,,,,126.633833985122,37.4801949872661
MA010120220802573011,엠타이어,,G2,소매,G202,자동차 부품 소매,G20201,타이어 소매업,G45211,자동차 신품 타이어 및 튜브 판매업,28,인천광역시,28260,서구,28260580,가좌1동,2826011200,가좌동,2826011200101780105,1,대지,178,105,인천광역시 서구 가좌동 178-105,282602000013,인천광역시 서구 봉수대로,158,,2826011200101780105000001,가좌동엠파크타워,인천광역시 서구 봉수대로 158,404812,22840,,1,,126.662847910017,37.4896067364751
MA010120220802538456,대길차유리,,G2,소매,G202,자동차 부품 소매,G20201,타이어 소매업,G45219,기타 자동차 신품 부품 및 내장품 판매업,28,인천광역시,28260,서구,28260560,석남2동,2826011000,석남동,2826011000102230415,1,대지,223,415,인천광역시 서구 석남동 223-415,282603156013,인천광역시 서구 건지로,151,,2826011000102230415015319,,인천광역시 서구 건지로 151,404825,22774,,,,126.658279508664,37.4995857315978
MA010120220802572551,타이어프로서,구청점,G2,소매,G202,자동차 부품 소매,G20201,타이어 소매업,G45211,자동차 신품 타이어 및 튜브 판매업,28,인천광역시,28260,서구,28260530,연희동,2826010700,심곡동,2826010700102390001,1,대지,239,1,인천광역시 서구 심곡동 239-1,282603156026,인천광역시 서구 대평로,3,,2826010700102390001013369,,인천광역시 서구 대평로 3,404833,22725,,,,126.676620841238,37.5471380209392
MA010120220802573579,경인우주타이어,,G2,소매,G202,자동차 부품 소매,G20201,타이어 소매업,G45211,자동차 신품 타이어 및 튜브 판매업,28,인천광역시,28260,서구,28260530,연희동,2826010600,연희동,2826010600100310000,1,대지,31,,인천광역시 서구 연희동 31,282602008010,인천광역시 서구 경명대로,650,,2826010600100310000011485,,인천광역시 서구 경명대로 650,404836,22708,,,,126.680493397918,37.5518607663734
MA010120220802541837,모든타이어,,G2,소매,G202,자동차 부품 소매,G20201,타이어 소매업,G45211,자동차 신품 타이어 및 튜브 판매업,41,경기도,41590,화성시,41590259,향남읍,4159025937,향남읍,4159025937100080003,1,대지,8,3,경기도 화성시 향남읍 관리 8-3,415903210137,경기도 화성시 향남읍 발안로,408,,4159025937100080003009171,,경기도 화성시 향남읍 발안로 408,445927,18589,,,,126.951665085972,37.1306370405342
MA010120220802542543,삼진상사한일점,,G2,소매,G202,자동차 부품 소매,G20201,타이어 소매업,G45211,자동차 신품 타이어 및 튜브 판매업,28,인천광역시,28260,서구,28260515,검암경서동,2826010400,경서동,2826010400103500054,1,대지,350,54,인천광역시 서구 경서동 350-54,282602008002,인천광역시 서구 중봉대로,781,,2826010400103500054008290,,인천광역시 서구 중봉대로 781,404170,22745,,,,126.649190563371,37.5496005172822
MA010120220802602157,북항현대판매,,G2,소매,G202,자동차 부품 소매,G20201,타이어 소매업,G45211,자동차 신품 타이어 및 튜브 판매업,28,인천광역시,28260,서구,28260560,석남2동,2826011000,석남동,2826011000106500125,1,대지,650,125,인천광역시 서구 석남동 650-125,282602008002,인천광역시 서구 중봉대로,290,,2826011000106500125017961,,인천광역시 서구 중봉대로 290,404825,22772,,,,126.648946767003,37.5050454643139
MA010120220802610858,타이어프로,용원점,G2,소매,G202,자동차 부품 소매,G20201,타이어 소매업,G45211,자동차 신품 타이어 및 튜브 판매업,48,경상남도,48129,창원시 진해구,48129650,웅동2동,4812916400,용원동,4812916400112280009,1,대지,1228,9,경상남도 창원시 진해구 용원동 1228-9,481293331039,경상남도 창원시 진해구 용원로,75,1,4812916400112280009000001,,경상남도 창원시 진해구 용원로 75-1,645510,51604,,,,128.817506339109,35.0991191845167
MA010120220802575757,신화장비타이어,,G2,소매,G202,자동차 부품 소매,G20201,타이어 소매업,G45211,자동차 신품 타이어 및 튜브 판매업,28,인천광역시,28260,서구,28260720,오류왕길동,2826012000,왕길동,2826012000105960001,1,대지,596,1,인천광역시 서구 왕길동 596-1,282604268571,인천광역시 서구 원당대로301번길,2,,2826012000105960001022925,일부,인천광역시 서구 원당대로301번길 2,404290,22661,,,,126.635718522202,37.5879239152929
MA010120220802652788,우리타이어,,G2,소매,G202,자동차 부품 소매,G20201,타이어 소매업,G45211,자동차 신품 타이어 및 튜브 판매업,46,전라남도,46230,광양시,46230515,골약동,4623010100,황금동,4623010100109920005,1,대지,992,5,전라남도 광양시 황금동 992-5,462303285038,전라남도 광양시 제철로,644,,4623010100109920005007871,,전라남도 광양시 제철로 644,545040,57770,,,,127.622735123231,34.9185693582632
MA010120220802683933,대박타이어,,G2,소매,G202,자동차 부품 소매,G20201,타이어 소매업,G45211,자동차 신품 타이어 및 튜브 판매업,41,경기도,41480,파주시,41480510,금촌1동,4148010100,금촌동,4148010100109380012,1,대지,938,12,경기도 파주시 금촌동 938-12,414803206093,경기도 파주시 평화로,15,,4148010100109380012008228,,경기도 파주시 평화로 15,413011,10927,,1,,126.772239742812,37.7591727582689
MA010120220802681292,우성타이어,,G2,소매,G202,자동차 부품 소매,G20201,타이어 소매업,G45211,자동차 신품 타이어 및 튜브 판매업,41,경기도,41461,용인시 처인구,41461350,백암면,4146135029,백암면,4146135029102970000,1,대지,297,,경기도 용인시 처인구 백암면 근삼리 297,414613203098,경기도 용인시 처인구 백암면 원설로,296,,4146135029102970000000001,,경기도 용인시 처인구 백암면 원설로 296,449864,17181,,,,127.366080648536,37.1439038597735
MA010120220802729500,원타이어,,G2,소매,G202,자동차 부품 소매,G20201,타이어 소매업,G45211,자동차 신품 타이어 및 튜브 판매업,41,경기도,41390,시흥시,41390520,신천동,4139010200,신천동,4139010200100850007,1,대지,85,7,경기도 시흥시 신천동 85-7,413902348121,경기도 시흥시 시흥대로,1103,,4139010200100850007006762,신천동,경기도 시흥시 시흥대로 1103,429882,14950,,1,,126.792583282542,37.434232306765
MA010120220802708915,타이어월드,,G2,소매,G202,자동차 부품 소매,G20201,타이어 소매업,G45220,자동차 중고 부품 및 내장품 판매업,41,경기도,41113,수원시 권선구,41113550,평동,4111312700,평동,4111312700100210019,1,대지,21,19,경기도 수원시 권선구 평동 21-19,411133175032,경기도 수원시 권선구 세화로,83,,4111312700100210019073090,,경기도 수원시 권선구 세화로 83,441230,16598,,,,126.997362126099,37.2598938574794
MA010120220802730034,타이어프로,소하점,G2,소매,G202,자동차 부품 소매,G20201,타이어 소매업,G45211,자동차 신품 타이어 및 튜브 판매업,41,경기도,41210,광명시,41210640,소하1동,4121010400,소하동,4121010400105480000,1,대지,548,,경기도 광명시 소하동 548,412103187057,경기도 광명시 하안로,35,,4121010400105480000000001,,경기도 광명시 하안로 35,423824,14323,,1,,126.894715759697,37.4420260275024
MA010120220802730072,영진사,,G2,소매,G202,자동차 부품 소매,G20201,타이어 소매업,G45220,자동차 중고 부품 및 내장품 판매업,41,경기도,41390,시흥시,41390640,능곡동,4139012800,군자동,4139012800100360001,1,대지,36,1,경기도 시흥시 군자동 36-1,413902348121,경기도 시흥시 시흥대로,182,,4139012800100360001012345,,경기도 시흥시 시흥대로 182,429802,14992,,,,126.80494041145,37.3573422201026
MA010120220802733679,타이어프로,하안점,G2,소매,G202,자동차 부품 소매,G20201,타이어 소매업,G45211,자동차 신품 타이어 및 튜브 판매업,41,경기도,41210,광명시,41210631,하안1동,4121010300,하안동,4121010300103340018,1,대지,334,18,경기도 광명시 하안동 334-18,412103000027,경기도 광명시 범안로,917,,4121010300103340018000001,,경기도 광명시 범안로 917,423844,14260,,,,126.867254887884,37.4555676370554
MA010120220802705557,청솔타이어,,G2,소매,G202,자동차 부품 소매,G20201,타이어 소매업,G45220,자동차 중고 부품 및 내장품 판매업,41,경기도,41390,시흥시,41390621,과림동,4139011200,과림동,4139011200104890003,1,대지,489,3,경기도 시흥시 과림동 489-3,413903000017,경기도 시흥시 금오로,371,,4139011200104890003002851,,경기도 시흥시 금오로 371,429120,14932,,,,126.833097749198,37.4359903637476
MA010120220802687783,발통천국,,G2,소매,G202,자동차 부품 소매,G20201,타이어 소매업,G45211,자동차 신품 타이어 및 튜브 판매업,47,경상북도,47210,영주시,47210600,휴천2동,4721010400,휴천동,4721010400104880013,1,대지,488,13,경상북도 영주시 휴천동 488-13,472103309022,경상북도 영주시 목민로,10,,4721010400104880013014772,,경상북도 영주시 목민로 10,750915,36129,,,,128.623073812194,36.807189807957
MA010120220802720571,인치업매니아,,G2,소매,G202,자동차 부품 소매,G20201,타이어 소매업,G45211,자동차 신품 타이어 및 튜브 판매업,41,경기도,41273,안산시 단원구,41273565,신길동,4127310300,신길동,4127310300114220005,1,대지,1422,5,경기도 안산시 단원구 신길동 1422-5,412734373218,경기도 안산시 단원구 신길중앙로5길,21,,4127310300114220005000001,상가,경기도 안산시 단원구 신길중앙로5길 21,425838,15397,,1,,126.762613340466,37.3354960246627
MA010120220802743284,에스타이어,,G2,소매,G202,자동차 부품 소매,G20201,타이어 소매업,G45211,자동차 신품 타이어 및 튜브 판매업,26,부산광역시,26320,북구,26320520,구포2동,2632010500,구포동,2632010500111230011,1,대지,1123,11,부산광역시 북구 구포동 1123-11,263203132023,부산광역시 북구 사상로,584,,2632010500111230012013533,,부산광역시 북구 사상로 584,616807,46503,,,,128.990908985417,35.1961551335909
MA010120220802703784,행운사,,G2,소매,G202,자동차 부품 소매,G20201,타이어 소매업,G45211,자동차 신품 타이어 및 튜브 판매업,41,경기도,41390,시흥시,41390630,연성동,4139011900,하중동,4139011900108300007,1,대지,830,7,경기도 시흥시 하중동 830-7,413904397646,경기도 시흥시 하중로136번길,12,,4139011900108300007009799,,경기도 시흥시 하중로136번길 12,429251,14975,,,,126.799738998595,37.3990058554202
MA010120220804326476,유성타이어,,G2,소매,G202,자동차 부품 소매,G20201,타이어 소매업,G45211,자동차 신품 타이어 및 튜브 판매업,41,경기도,41310,구리시,41310580,수택2동,4131010500,수택동,4131010500105870000,1,대지,587,,경기도 구리시 수택동 587,413103196002,경기도 구리시 검배로,86,,4131010500105870000006033,외,경기도 구리시 검배로 86,471826,11942,,,,127.147542981126,37.5950611577235
MA010120220804330454,남천안IC타이어,,G2,소매,G202,자동차 부품 소매,G20201,타이어 소매업,G45211,자동차 신품 타이어 및 튜브 판매업,44,충청남도,44131,천안시 동남구,44131250,목천읍,4413125038,목천읍,4413125038102160006,1,대지,216,6,충청남도 천안시 동남구 목천읍 소사리 216-6,441314015001,충청남도 천안시 동남구 목천읍 학수소사길,215,,4413125038102160006013816,,충청남도 천안시 동남구 목천읍 학수소사길 215,330844,31227,,,,127.169524965511,36.7447326796858
MA010120220804341825,차모터스,,G2,소매,G202,자동차 부품 소매,G20201,타이어 소매업,G45211,자동차 신품 타이어 및 튜브 판매업,27,대구광역시,27230,북구,27230800,국우동,2723012000,학정동,2723012000109260006,1,대지,926,6,대구광역시 북구 학정동 926-6,272303145052,대구광역시 북구 학정로,538,,2723012000109260006003776,,대구광역시 북구 학정로 538,702912,41415,,,,128.565819814744,35.9526204825625
MA010120220804336871,119타이어아라점,,G2,소매,G202,자동차 부품 소매,G20201,타이어 소매업,G45211,자동차 신품 타이어 및 튜브 판매업,50,제주특별자치도,50110,제주시,50110540,이도2동,5011010400,이도이동,5011010400100760011,1,대지,76,11,제주특별자치도 제주시 이도이동 76-11,501103349139,제주특별자치도 제주시 연신로,91,,5011010400100760011041733,,제주특별자치도 제주시 연신로 91,690824,63228,,,,126.5492390076,33.493829284631
MA010120220804361705,타이어프로상계,,G2,소매,G202,자동차 부품 소매,G20201,타이어 소매업,G45211,자동차 신품 타이어 및 튜브 판매업,11,서울특별시,11350,노원구,11350595,공릉1동,1135010300,공릉동,1135010300105680020,1,대지,568,20,서울특별시 노원구 공릉동 568-20,113503000001,서울특별시 노원구 동일로,1031,,1135010300105680020016265,,서울특별시 노원구 동일로 1031,139807,01857,,,,127.073673692285,37.6221780815247
MA010120220804331330,우리동네타이어'타닥',전문점,G2,소매,G202,자동차 부품 소매,G20201,타이어 소매업,G45211,자동차 신품 타이어 및 튜브 판매업,52,전북특별자치도,52140,익산시,52140560,인화동,5214010900,인화동1가,5214010900100440017,1,대지,44,17,전북특별자치도 익산시 인화동1가 44-17,521403269034,전북특별자치도 익산시 인북로,28,3,4514010900100440017084996,타이어테크,전북특별자치도 익산시 인북로 28-3,570983,54604,,,,126.950488136077,35.9320305078254
MA010120220804402043,호산나휠타이어,,G2,소매,G202,자동차 부품 소매,G20201,타이어 소매업,G45211,자동차 신품 타이어 및 튜브 판매업,11,서울특별시,11200,성동구,11200790,용답동,1120012200,용답동,1120012200102340000,1,대지,234,,서울특별시 성동구 용답동 234,112004109510,서울특별시 성동구 자동차시장1길,70,,1120012200102340000027956,나,서울특별시 성동구 자동차시장1길 70,133707,04808,,1,,127.065146863891,37.5603660351847
MA010120220804402110,동원타이어,,G2,소매,G202,자동차 부품 소매,G20201,타이어 소매업,G45211,자동차 신품 타이어 및 튜브 판매업,11,서울특별시,11230,동대문구,11230650,장안1동,1123010600,장안동,1123010600104550011,1,대지,455,11,서울특별시 동대문구 장안동 455-11,112304115576,서울특별시 동대문구 천호대로97길,21,,1123010600104550011015956,장안동,서울특별시 동대문구 천호대로97길 21,130846,02646,,1,,127.070411030574,37.5617054981335
MA010120220804402117,뉴서울타이어,,G2,소매,G202,자동차 부품 소매,G20201,타이어 소매업,G45211,자동차 신품 타이어 및 튜브 판매업,11,서울특별시,11200,성동구,11200790,용답동,1120012200,용답동,1120012200102340000,1,대지,234,,서울특별시 성동구 용답동 234,112004109510,서울특별시 성동구 자동차시장1길,70,,1120012200102340000027956,,서울특별시 성동구 자동차시장1길 70,133707,04808,,,,127.065146863891,37.5603660351847
MA010120220804402398,오토코리어,,G2,소매,G202,자동차 부품 소매,G20201,타이어 소매업,G45211,자동차 신품 타이어 및 튜브 판매업,11,서울특별시,11200,성동구,11200790,용답동,1120012200,용답동,1120012200102330010,1,대지,233,10,서울특별시 성동구 용답동 233-10,112004109510,서울특별시 성동구 자동차시장1길,63,,1120012200102330010002214,서울빌딩,서울특별시 성동구 자동차시장1길 63,133850,04808,,1,,127.064796393778,37.5608167264007
MA010120220804408598,세일타이어,,G2,소매,G202,자동차 부품 소매,G20201,타이어 소매업,G45211,자동차 신품 타이어 및 튜브 판매업,11,서울특별시,11200,성동구,11200790,용답동,1120012200,용답동,1120012200102340000,1,대지,234,,서울특별시 성동구 용답동 234,112004109510,서울특별시 성동구 자동차시장1길,70,,1120012200102340000027956,매매,서울특별시 성동구 자동차시장1길 70,133707,04808,,,,127.065146863891,37.5603660351847
MA010120220804386700,창도봉센타주,,G2,소매,G202,자동차 부품 소매,G20201,타이어 소매업,G45219,기타 자동차 신품 부품 및 내장품 판매업,11,서울특별시,11320,도봉구,11320515,창5동,1132010700,창동,1132010700107000099,1,대지,700,99,서울특별시 도봉구 창동 700-99,113203005047,서울특별시 도봉구 노해로,279,,1132010700107000099013889,,서울특별시 도봉구 노해로 279,132926,01428,,,,127.039208538423,37.6518369766629
MA010120220805743557,타이어크리닉,,G2,소매,G202,자동차 부품 소매,G20201,타이어 소매업,G45211,자동차 신품 타이어 및 튜브 판매업,30,대전광역시,30110,동구,30110530,효동,3011010300,효동,3011010300102500008,1,대지,250,8,대전광역시 동구 효동 250-8,301103010002,대전광역시 동구 대전로,612,,3011010300102500008032080,,대전광역시 동구 대전로 612,300030,34688,,,,127.440671548069,36.3151551268771
MA010120220805726472,우선타이어신장,,G2,소매,G202,자동차 부품 소매,G20201,타이어 소매업,G45211,자동차 신품 타이어 및 튜브 판매업,41,경기도,41450,하남시,41450520,신장1동,4145010600,신장동,4145010600104250000,1,대지,425,,경기도 하남시 신장동 425,414502202001,경기도 하남시 하남대로,811,,4145010600104250000005490,,경기도 하남시 하남대로 811,465811,12957,,,,127.20733892844,37.5410737901994
MA010120220805744690,한국타이어대원판매,산성점,G2,소매,G202,자동차 부품 소매,G20201,타이어 소매업,G45211,자동차 신품 타이어 및 튜브 판매업,30,대전광역시,30140,중구,30140740,산성동,3014011800,사정동,3014011800103510000,1,대지,351,,대전광역시 중구 사정동 351,301403165034,대전광역시 중구 유등천동로,192,,3014011800103510000023976,,대전광역시 중구 유등천동로 192,301819,35081,,,,127.38459143506,36.3010199226235
MA010120220805756171,금호타이어유일,대리점,G2,소매,G202,자동차 부품 소매,G20201,타이어 소매업,G45211,자동차 신품 타이어 및 튜브 판매업,30,대전광역시,30140,중구,30140670,오류동,3014011300,오류동,3014011300101890021,1,대지,189,21,대전광역시 중구 오류동 189-21,301403165031,대전광역시 중구 오류로,100,,3014011300101890021011119,,대전광역시 중구 오류로 100,301829,34872,,,,127.402349257656,36.3292224729759
MA010120220805744929,신신중고타이어,,G2,소매,G202,자동차 부품 소매,G20201,타이어 소매업,G45211,자동차 신품 타이어 및 튜브 판매업,30,대전광역시,30230,대덕구,30230510,오정동,3023010100,오정동,3023010100103840004,1,대지,384,4,대전광역시 대덕구 오정동 384-4,302303010002,대전광역시 대덕구 대전로,1091,,3023010100103840004009497,,대전광역시 대덕구 대전로 1091,306821,34434,,,,127.415121150881,36.3518163206716
MA010120220805733547,오토피아,,G2,소매,G202,자동차 부품 소매,G20201,타이어 소매업,G45211,자동차 신품 타이어 및 튜브 판매업,43,충청북도,43150,제천시,43150537,남현동,4315010300,동현동,4315010300103520000,1,대지,352,,충청북도 제천시 동현동 352,431503239010,충청북도 제천시 내토로,575,,4315010300103520000000058,,충청북도 제천시 내토로 575,390190,27182,,,,128.218872895339,37.1287143821347
MA010120220805741361,포승특장차타이어,,G2,소매,G202,자동차 부품 소매,G20201,타이어 소매업,G45211,자동차 신품 타이어 및 튜브 판매업,41,경기도,41220,평택시,41220256,포승읍,4122025624,포승읍,4122025624103940002,1,대지,394,2,경기도 평택시 포승읍 만호리 394-2,412202012006,경기도 평택시 포승읍 서동대로,759,,4122025624103940002049868,,경기도 평택시 포승읍 서동대로 759,451821,17962,,,,126.856692467619,36.9583558601453
MA010120220805780290,토탈타이어,,G2,소매,G202,자동차 부품 소매,G20201,타이어 소매업,G45211,자동차 신품 타이어 및 튜브 판매업,30,대전광역시,30230,대덕구,30230525,회덕동,3023010300,읍내동,3023010300103250011,1,대지,325,11,대전광역시 대덕구 읍내동 325-11,302303010002,대전광역시 대덕구 대전로,1347,,3023010300103250011006135,,대전광역시 대덕구 대전로 1347,306822,34359,,1,,127.41988623205,36.3740586146766
MA010120220805788433,대운타이어,,G2,소매,G202,자동차 부품 소매,G20201,타이어 소매업,G45211,자동차 신품 타이어 및 튜브 판매업,30,대전광역시,30230,대덕구,30230525,회덕동,3023010500,신대동,3023010500103110001,1,대지,311,1,대전광역시 대덕구 신대동 311-1,302304304374,대전광역시 대덕구 아리랑로55번길,238,,3023010500103110001001419,,대전광역시 대덕구 아리랑로55번길 238,306080,34358,,,,127.415450480308,36.3969998499713
MA010120220805763892,대전중고타이어,,G2,소매,G202,자동차 부품 소매,G20201,타이어 소매업,G45211,자동차 신품 타이어 및 튜브 판매업,30,대전광역시,30110,동구,30110530,효동,3011010500,가오동,3011010500104040001,1,대지,404,1,대전광역시 동구 가오동 404-1,301103010002,대전광역시 동구 대전로,486,,3011010500104040001000001,,대전광역시 동구 대전로 486,300030,34689,,,,127.450256496024,36.3089012785912
MA010120220805761632,신동양타이어,,G2,소매,G202,자동차 부품 소매,G20201,타이어 소매업,G45211,자동차 신품 타이어 및 튜브 판매업,44,충청남도,44230,논산시,44230360,연산면,4423036024,연산면,4423036024101070011,1,대지,107,11,충청남도 논산시 연산면 송정리 107-11,442303255040,충청남도 논산시 연산면 황룡재로,137,2,4423036024101070011005877,,충청남도 논산시 연산면 황룡재로 137-2,320873,32910,,,,127.226209267222,36.2125758792597
MA010120220805766777,타이어프로,변동점,G2,소매,G202,자동차 부품 소매,G20201,타이어 소매업,G45211,자동차 신품 타이어 및 튜브 판매업,30,대전광역시,30170,서구,30170540,변동,3017010200,변동,3017010200100150013,1,대지,15,13,대전광역시 서구 변동 15-13,301703166031,대전광역시 서구 변동중로,84,,3017010200100150013000001,,대전광역시 서구 변동중로 84,302835,35320,,,,127.378263193089,36.3300491042437
MA010120220805817592,미쉐린타이어대전주,,G2,소매,G202,자동차 부품 소매,G20201,타이어 소매업,G45211,자동차 신품 타이어 및 튜브 판매업,30,대전광역시,30110,동구,30110665,성남동,3011011600,성남동,3011011600105030027,1,대지,503,27,대전광역시 동구 성남동 503-27,301103010001,대전광역시 동구 계족로,394,,3011011600105030027000001,,대전광역시 동구 계족로 394,300817,34572,,,,127.43255186472,36.3470233351897
MA010120220805833735,007타이어,,G2,소매,G202,자동차 부품 소매,G20201,타이어 소매업,G45211,자동차 신품 타이어 및 튜브 판매업,44,충청남도,44200,아산시,44200570,온양1동,4420010100,온천동,4420010100109990000,1,대지,999,,충청남도 아산시 온천동 999,442003253052,충청남도 아산시 아산로,100,,4420010100109990000000001,,충청남도 아산시 아산로 100,336816,31509,,,,126.995720137036,36.7905760614224
MA010120220805874533,한국타이어고대점,,G2,소매,G202,자동차 부품 소매,G20201,타이어 소매업,G45211,자동차 신품 타이어 및 튜브 판매업,36,세종특별자치시,36110,세종특별자치시,36110250,조치원읍,3611025034,조치원읍,3611025034100660008,1,대지,66,8,세종특별자치시 세종특별자치시 조치원읍 서창리 66-8,361103000189,세종특별자치시 세종특별자치시 조치원읍 세종로,2489,,4473025034100660008036952,,세종특별자치시 세종특별자치시 조치원읍 세종로 2489,339806,30019,,,,127.292412795025,36.6085589922786
MA010120220805871304,월송카센타,,G2,소매,G202,자동차 부품 소매,G20201,타이어 소매업,G45211,자동차 신품 타이어 및 튜브 판매업,44,충청남도,44150,공주시,44150590,월송동,4415011900,월송동,4415011900100680006,1,대지,68,6,충청남도 공주시 월송동 68-6,441503251031,충청남도 공주시 월송동현로,165,4,4415011900100680006050713,,충청남도 공주시 월송동현로 165-4,314120,32593,,,,127.159977402857,36.4704566111226
MA010120220805876630,백제금호타이어,대리점,G2,소매,G202,자동차 부품 소매,G20201,타이어 소매업,G45211,자동차 신품 타이어 및 튜브 판매업,44,충청남도,44150,공주시,44150560,옥룡동,4415010900,옥룡동,4415010900101840000,1,대지,184,,충청남도 공주시 옥룡동 184,441503251029,충청남도 공주시 우금티로,749,,4415010900101840000755415,,충청남도 공주시 우금티로 749,314804,32560,,,,127.133568521666,36.4515826798852
MA010120220805868664,대우종합부품,,G2,소매,G202,자동차 부품 소매,G20201,타이어 소매업,G45219,기타 자동차 신품 부품 및 내장품 판매업,44,충청남도,44150,공주시,44150570,신관동,4415012000,신관동,4415012000105860003,1,대지,586,3,충청남도 공주시 신관동 586-3,441503251015,충청남도 공주시 번영1로,33,,4415012000105860003759222,,충청남도 공주시 번영1로 33,314802,32574,,,,127.132330230391,36.4712204100079
MA010120220805875520,성호중고타이어,,G2,소매,G202,자동차 부품 소매,G20201,타이어 소매업,G45220,자동차 중고 부품 및 내장품 판매업,36,세종특별자치시,36110,세종특별자치시,36110360,연서면,3611036033,연서면,3611036033102330005,1,대지,233,5,세종특별자치시 세종특별자치시 연서면 봉암리 233-5,361104574209,세종특별자치시 세종특별자치시 연서면 봉암길,127,,4473032033102330009027429,,세종특별자치시 세종특별자치시 연서면 봉암길 127,339813,30047,,,,127.284906402877,36.5612221531426
MA010120220805869013,한국타이어공주점,,G2,소매,G202,자동차 부품 소매,G20201,타이어 소매업,G45211,자동차 신품 타이어 및 튜브 판매업,44,충청남도,44150,공주시,44150560,옥룡동,4415010900,옥룡동,4415010900100300003,1,대지,30,3,충청남도 공주시 옥룡동 30-3,441503251013,충청남도 공주시 무령로,325,,4415010900100300003755781,,충청남도 공주시 무령로 325,314804,32556,,,,127.13546274898,36.4567892759858
MA010120220807246671,제일중고,,G2,소매,G202,자동차 부품 소매,G20201,타이어 소매업,G45220,자동차 중고 부품 및 내장품 판매업,43,충청북도,43114,청주시 청원구,43114530,내덕2동,4311410200,내덕동,4311410200101730001,1,대지,173,1,충청북도 청주시 청원구 내덕동 173-1,431143236064,충청북도 청주시 청원구 공항로,16,,4311111400101730001037811,,충청북도 청주시 청원구 공항로 16,363172,28494,,,,127.488221466855,36.6587413156193
MA010120220807243845,르노자동차혁성,코리아,G2,소매,G202,자동차 부품 소매,G20201,타이어 소매업,G45212,자동차용 전용 신품 부품 판매업,52,전북특별자치도,52113,전주시 덕진구,52113600,팔복동,5211311000,팔복동3가,5211311000102110001,1,대지,211,1,전북특별자치도 전주시 덕진구 팔복동3가 211-1,521133267040,전북특별자치도 전주시 덕진구 신행로,41,6,4511311000102110001000958,,전북특별자치도 전주시 덕진구 신행로 41-6,561203,54886,,,,127.092112896002,35.8494148423581
MA010120220807243964,한국타이어아중,대리점,G2,소매,G202,자동차 부품 소매,G20201,타이어 소매업,G45211,자동차 신품 타이어 및 튜브 판매업,52,전북특별자치도,52113,전주시 덕진구,52113560,인후3동,5211310300,인후동1가,5211310300108730001,1,대지,873,1,전북특별자치도 전주시 덕진구 인후동1가 873-1,521133267003,전북특별자치도 전주시 덕진구 가재미로,55,,4511310300108730001029500,,전북특별자치도 전주시 덕진구 가재미로 55,561845,55020,,,,127.161692023712,35.8298922404629
MA010120220807259351,리카보카타이어,,G2,소매,G202,자동차 부품 소매,G20201,타이어 소매업,G45211,자동차 신품 타이어 및 튜브 판매업,52,전북특별자치도,52710,완주군,52710250,삼례읍,5271025026,삼례읍,5271025026101520001,1,대지,152,1,전북특별자치도 완주군 삼례읍 석전리 152-1,527103273034,전북특별자치도 완주군 삼례읍 삼봉로,354,,4571025026101520001004917,,전북특별자치도 완주군 삼례읍 삼봉로 354,565804,55335,,,,127.107331655427,35.9215112666097
MA010120220807284836,타이어,백화점,G2,소매,G202,자동차 부품 소매,G20201,타이어 소매업,G45211,자동차 신품 타이어 및 튜브 판매업,52,전북특별자치도,52113,전주시 덕진구,52113570,덕진동,5211310500,덕진동1가,5211310500114030011,1,대지,1403,11,전북특별자치도 전주시 덕진구 덕진동1가 1403-11,521133267028,전북특별자치도 전주시 덕진구 사평로,55,,4511310500114030011020470,,전북특별자치도 전주시 덕진구 사평로 55,561811,54888,,,,127.122101579776,35.8423583129449
MA010120220807317591,재생타이어,,G2,소매,G202,자동차 부품 소매,G20201,타이어 소매업,G45220,자동차 중고 부품 및 내장품 판매업,52,전북특별자치도,52140,익산시,52140570,동산동,5214012600,석탄동,5214012600102720001,1,대지,272,1,전북특별자치도 익산시 석탄동 272-1,521404607946,전북특별자치도 익산시 용강1길,44,,4514012600102720001103356,,전북특별자치도 익산시 용강1길 44,570958,54673,,,,126.973934399688,35.9045318585205
MA010120220807311041,그린중고타이어,,G2,소매,G202,자동차 부품 소매,G20201,타이어 소매업,G45220,자동차 중고 부품 및 내장품 판매업,52,전북특별자치도,52210,김제시,52210510,요촌동,5221010100,요촌동,5221010100103600001,1,대지,360,1,전북특별자치도 김제시 요촌동 360-1,522103272083,전북특별자치도 김제시 남북로,284,,4521010100103600001000001,,전북특별자치도 김제시 남북로 284,576806,54374,,,,126.885196977111,35.8087575421514
MA010120220807319932,타이어황등점,백화점,G2,소매,G202,자동차 부품 소매,G20201,타이어 소매업,G45211,자동차 신품 타이어 및 튜브 판매업,52,전북특별자치도,52140,익산시,52140320,황등면,5214032021,황등면,5214032021101900000,1,대지,190,,전북특별자치도 익산시 황등면 황등리 190,521403269050,전북특별자치도 익산시 황등면 황등로,12,,4514032021101900000000001,,전북특별자치도 익산시 황등면 황등로 12,570814,54533,,,,126.949406686959,35.9944408720705
MA010120220807313458,동양카마스타,,G2,소매,G202,자동차 부품 소매,G20201,타이어 소매업,G45219,기타 자동차 신품 부품 및 내장품 판매업,52,전북특별자치도,52140,익산시,52140610,모현동,5214011400,모현동1가,5214011400102970000,1,대지,297,,전북특별자치도 익산시 모현동1가 297,521403269023,전북특별자치도 익산시 선화로,116,,4514011400102970000000001,,전북특별자치도 익산시 선화로 116,570967,54659,,,,126.943373501722,35.9480604698709
MA010120220807325046,KG모터스,,G2,소매,G202,자동차 부품 소매,G20201,타이어 소매업,G45211,자동차 신품 타이어 및 튜브 판매업,52,전북특별자치도,52210,김제시,52210520,신풍동,5221010200,신풍동,5221010200100130181,1,대지,13,181,전북특별자치도 김제시 신풍동 13-181,522103272019,전북특별자치도 김제시 두월로,172,,4521010200100130181060167,,전북특별자치도 김제시 두월로 172,576802,54402,,,,126.900598195342,35.791205638566
MA010120220807311544,동이리타이어할인점,,G2,소매,G202,자동차 부품 소매,G20201,타이어 소매업,G45220,자동차 중고 부품 및 내장품 판매업,52,전북특별자치도,52140,익산시,52140570,동산동,5214011100,동산동,5214011100110070008,1,대지,1007,8,전북특별자치도 익산시 동산동 1007-8,521403269066,전북특별자치도 익산시 평동로,792,,4514011100110070008083293,,전북특별자치도 익산시 평동로 792,570959,54679,,,,126.96540619424,35.926420980962
MA010120220807325629,한국타이어,신동점,G2,소매,G202,자동차 부품 소매,G20201,타이어 소매업,G45211,자동차 신품 타이어 및 튜브 판매업,52,전북특별자치도,52140,익산시,52140656,신동,5214012100,신동,5214012100103970010,1,대지,397,10,전북특별자치도 익산시 신동 397-10,521403016011,전북특별자치도 익산시 무왕로,845,,4514012100103970016068624,,전북특별자치도 익산시 무왕로 845,570975,54535,,,,126.952717760753,35.9654494378905
MA010120220807325962,777타이어익산모현,2호점,G2,소매,G202,자동차 부품 소매,G20201,타이어 소매업,G45211,자동차 신품 타이어 및 튜브 판매업,52,전북특별자치도,52140,익산시,52140595,남중동,5214011300,남중동,5214011300104720002,1,대지,472,2,전북특별자치도 익산시 남중동 472-2,521402269001,전북특별자치도 익산시 익산대로,240,,4514011300104720002090897,,전북특별자치도 익산시 익산대로 240,570957,54618,,,,126.950290271619,35.9471713045624
MA010120220807352005,정읍중고타이어,전문점,G2,소매,G202,자동차 부품 소매,G20201,타이어 소매업,G45220,자동차 중고 부품 및 내장품 판매업,52,전북특별자치도,52180,정읍시,52180510,수성동,5218010100,수성동,5218010100104480002,1,대지,448,2,전북특별자치도 정읍시 수성동 448-2,521803270044,전북특별자치도 정읍시 충정로,275,,4518010100104480002083007,,전북특별자치도 정읍시 충정로 275,580803,56161,,,,126.851483518629,35.5706837074333
MA010120220807358648,광동타이어，윤활유,,G2,소매,G202,자동차 부품 소매,G20201,타이어 소매업,G45211,자동차 신품 타이어 및 튜브 판매업,52,전북특별자치도,52180,정읍시,52180580,농소동,5218010600,농소동,5218010600102300019,1,대지,230,19,전북특별자치도 정읍시 농소동 230-19,521803270044,전북특별자치도 정읍시 충정로,447,17,4518010600102300021077133,,전북특별자치도 정읍시 충정로 447-17,580090,56155,,,,126.835494936578,35.5780445684306
MA010120220807358714,한국타이어,동부점,G2,소매,G202,자동차 부품 소매,G20201,타이어 소매업,G45211,자동차 신품 타이어 및 튜브 판매업,52,전북특별자치도,52800,부안군,52800250,부안읍,5280025023,부안읍,5280025023106630004,1,대지,663,4,전북특별자치도 부안군 부안읍 선은리 663-4,528003280054,전북특별자치도 부안군 부안읍 석정로,106,,4580025023106630004000001,,전북특별자치도 부안군 부안읍 석정로 106,579807,56305,,,,126.734952954443,35.7361395978382
MA010120220807344263,타이어팔구사구,,G2,소매,G202,자동차 부품 소매,G20201,타이어 소매업,G45211,자동차 신품 타이어 및 튜브 판매업,41,경기도,41117,수원시 영통구,41117580,영통2동,4111710600,신동,4111710600105030005,1,대지,503,5,경기도 수원시 영통구 신동 503-5,411173177009,경기도 수원시 영통구 삼성로,27,,4111710600105030005000850,,경기도 수원시 영통구 삼성로 27,443472,16677,,,,127.04830807394,37.2475937964086
MA010120220807335307,타이어마트,,G2,소매,G202,자동차 부품 소매,G20201,타이어 소매업,G45211,자동차 신품 타이어 및 튜브 판매업,44,충청남도,44770,서천군,44770253,서천읍,4477025321,서천읍,4477025321101790026,1,대지,179,26,충청남도 서천군 서천읍 군사리 179-26,447703260010,충청남도 서천군 서천읍 서천로,32,,4477025321101790027029663,,충청남도 서천군 서천읍 서천로 32,325802,33645,,,,126.696050375949,36.0758255883815
MA010120220807357866,오토존썬팅샵,,G2,소매,G202,자동차 부품 소매,G20201,타이어 소매업,G45219,기타 자동차 신품 부품 및 내장품 판매업,52,전북특별자치도,52790,고창군,52790250,고창읍,5279025022,고창읍,5279025022100550004,1,대지,55,4,전북특별자치도 고창군 고창읍 교촌리 55-4,527903279077,전북특별자치도 고창군 고창읍 중앙로,288,,4579025022100550004009898,,전북특별자치도 고창군 고창읍 중앙로 288,585801,56432,,,,126.707167980413,35.4346830644567
MA010120220807330868,오토피아,동부점,G2,소매,G202,자동차 부품 소매,G20201,타이어 소매업,G45211,자동차 신품 타이어 및 튜브 판매업,52,전북특별자치도,52140,익산시,52140670,팔봉동,5214012400,신흥동,5214012400107420005,1,대지,742,5,전북특별자치도 익산시 신흥동 742-5,521403269019,전북특별자치도 익산시 서동로,276,,4514012400107420005062463,,전북특별자치도 익산시 서동로 276,570997,54615,,,,126.980007018356,35.9402403676711
MA010120220807358362,타이어테크,고창점,G2,소매,G202,자동차 부품 소매,G20201,타이어 소매업,G45211,자동차 신품 타이어 및 튜브 판매업,52,전북특별자치도,52790,고창군,52790250,고창읍,5279025021,고창읍,5279025021107730001,1,대지,773,1,전북특별자치도 고창군 고창읍 읍내리 773-1,527903279012,전북특별자치도 고창군 고창읍 녹두로,1303,,4579025021107730001004555,외,전북특별자치도 고창군 고창읍 녹두로 1303,585809,56443,,,,126.688780168204,35.433744770251
MA010120220808707449,타이어팩토리,,G2,소매,G202,자동차 부품 소매,G20201,타이어 소매업,G45211,자동차 신품 타이어 및 튜브 판매업,11,서울특별시,11710,송파구,11710646,장지동,1171010900,장지동,1171010900106450001,1,대지,645,1,서울특별시 송파구 장지동 645-1,117103000236,서울특별시 송파구 위례중앙로,6,,1171010900106450001003492,,서울특별시 송파구 위례중앙로 6,138871,05844,,,,127.127851423472,37.4755934924296
MA010120220808766688,부평타이어직매장,,G2,소매,G202,자동차 부품 소매,G20201,타이어 소매업,G45211,자동차 신품 타이어 및 튜브 판매업,28,인천광역시,28237,부평구,28237680,십정1동,2823710200,십정동,2823710200102390001,1,대지,239,1,인천광역시 부평구 십정동 239-1,282372008007,인천광역시 부평구 경원대로,1055,,2823710200102390001011952,,인천광역시 부평구 경원대로 1055,403844,21448,,,,126.692615006934,37.4770648509458
MA010120220808758996,기아오토큐흑석점타이어,,G2,소매,G202,자동차 부품 소매,G20201,타이어 소매업,G45211,자동차 신품 타이어 및 튜브 판매업,29,광주광역시,29200,광산구,29200640,하남동,2920012400,흑석동,2920012400101210010,1,대지,121,10,광주광역시 광산구 흑석동 121-10,292003163035,광주광역시 광산구 용아로,426,,2920012400101210010000001,,광주광역시 광산구 용아로 426,506250,62233,,,,126.805119633676,35.181091757164
MA010120220808738477,반월모터스,,G2,소매,G202,자동차 부품 소매,G20201,타이어 소매업,G45211,자동차 신품 타이어 및 튜브 판매업,27,대구광역시,27140,동구,27140730,안심2동,2714011900,용계동,2714011900110340005,1,대지,1034,5,대구광역시 동구 용계동 1034-5,271403142010,대구광역시 동구 동촌로,360,,2714011900110340005033326,,대구광역시 동구 동촌로 360,701835,41166,,,,128.678580123207,35.8767352122989
MA010120220808772913,본,코리아,G2,소매,G202,자동차 부품 소매,G20201,타이어 소매업,G45219,기타 자동차 신품 부품 및 내장품 판매업,41,경기도,41463,용인시 기흥구,41463560,구성동,4146311400,청덕동,4146311400105560000,1,대지,556,,경기도 용인시 기흥구 청덕동 556,414633204013,경기도 용인시 기흥구 구성로,357,,4146311400105560000000001,용인테크노밸리,경기도 용인시 기흥구 구성로 357,446915,16914,,5,,127.14813183175,37.2912745349389
MA010120220808776335,킹콩타이어,,G2,소매,G202,자동차 부품 소매,G20201,타이어 소매업,G45211,자동차 신품 타이어 및 튜브 판매업,41,경기도,41461,용인시 처인구,41461525,역북동,4146110200,역북동,4146110200103870002,1,대지,387,2,경기도 용인시 처인구 역북동 387-2,414613203068,경기도 용인시 처인구 성산로,14,,4146110200103870002033401,,경기도 용인시 처인구 성산로 14,449930,17047,,,,127.186062743471,37.2380055173879
MA010120220808823832,타이어테크,송도점,G2,소매,G202,자동차 부품 소매,G20201,타이어 소매업,G45220,자동차 중고 부품 및 내장품 판매업,28,인천광역시,28185,연수구,28185780,동춘1동,2818510500,동춘동,2818510500108040009,1,대지,804,9,인천광역시 연수구 동춘동 804-9,281854256158,인천광역시 연수구 앵고개로103번길,1,,2818510500108040009024047,,인천광역시 연수구 앵고개로103번길 1,406800,21944,,,,126.656954370905,37.4134184453116
MA010120220808836101,24시타이어출장빵구,,G2,소매,G202,자동차 부품 소매,G20201,타이어 소매업,G45211,자동차 신품 타이어 및 튜브 판매업,51,강원특별자치도,51720,홍천군,51720250,홍천읍,5172025033,홍천읍,5172025033100460004,1,대지,46,4,강원특별자치도 홍천군 홍천읍 상오안리 46-4,517203000146,강원특별자치도 홍천군 홍천읍 설악로,978,,4272025033100460004015378,,강원특별자치도 홍천군 홍천읍 설악로 978,250920,25117,,,,127.822914243764,37.6545051236953
MA010120220808848937,경상타이어상사,,G2,소매,G202,자동차 부품 소매,G20201,타이어 소매업,G45211,자동차 신품 타이어 및 튜브 판매업,47,경상북도,47290,경산시,47290310,와촌면,4729031022,와촌면,4729031022105980001,1,대지,598,1,경상북도 경산시 와촌면 덕촌리 598-1,472903310032,경상북도 경산시 와촌면 금송로,341,,4729031022105980001069554,,경상북도 경산시 와촌면 금송로 341,712843,38412,,1,,128.833493461874,35.9397728724592
MA010120220808830905,스피드종합타이어,,G2,소매,G202,자동차 부품 소매,G20201,타이어 소매업,G45211,자동차 신품 타이어 및 튜브 판매업,46,전라남도,46230,광양시,46230330,옥곡면,4623033024,옥곡면,4623033024110530002,1,대지,1053,2,전라남도 광양시 옥곡면 신금리 1053-2,462303285034,전라남도 광양시 옥곡면 옥진로,746,,4623033024110530002000001,,전라남도 광양시 옥곡면 옥진로 746,545833,57726,,,,127.707577950136,34.9898987879171
MA010120220810216233,미쉐린타이어,안성점,G2,소매,G202,자동차 부품 소매,G20201,타이어 소매업,G45211,자동차 신품 타이어 및 튜브 판매업,41,경기도,41550,안성시,41550310,보개면,4155031030,보개면,4155031030101300000,1,대지,130,,경기도 안성시 보개면 내방리 130,415502012006,경기도 안성시 보개면 서동대로,5675,,4155031030101300010029856,,경기도 안성시 보개면 서동대로 5675,456872,17508,,,,127.320299828247,37.0173104571979
MA010120220810248522,ONE타이어,,G2,소매,G202,자동차 부품 소매,G20201,타이어 소매업,G45211,자동차 신품 타이어 및 튜브 판매업,44,충청남도,44210,서산시,44210525,동문1동,4421010500,잠홍동,4421010500104550007,1,대지,455,7,충청남도 서산시 잠홍동 455-7,442103000117,충청남도 서산시 서해로,3679,,4421010500104550007085287,,충청남도 서산시 서해로 3679,356040,31966,,,,126.478583959395,36.787721211529
MA010120220810239732,제이제이타이어,,G2,소매,G202,자동차 부품 소매,G20201,타이어 소매업,G45211,자동차 신품 타이어 및 튜브 판매업,41,경기도,41610,광주시,41610560,광남1동,4161011100,장지동,4161011100101310064,1,대지,131,64,경기도 광주시 장지동 131-64,416102012014,경기도 광주시 포은대로,718,6,4161011100101310064000001,,경기도 광주시 포은대로 718-6,464070,12777,,,,127.246751119433,37.3902141253624
MA010120220810281547,후프클럽,,G2,소매,G202,자동차 부품 소매,G20201,타이어 소매업,G45211,자동차 신품 타이어 및 튜브 판매업,26,부산광역시,26320,북구,26320530,금곡동,2632010100,금곡동,2632010100113300001,1,대지,1330,1,부산광역시 북구 금곡동 1330-1,263202132001,부산광역시 북구 금곡대로,458,,2632010100113300001001929,금곡월드프라자,부산광역시 북구 금곡대로 458,616813,46509,,1,,129.013295467417,35.2491156753196
MA010120220810281594,하나타이어,,G2,소매,G202,자동차 부품 소매,G20201,타이어 소매업,G45211,자동차 신품 타이어 및 튜브 판매업,44,충청남도,44133,천안시 서북구,44133250,성환읍,4413325021,성환읍,4413325021103040001,1,대지,304,1,충청남도 천안시 서북구 성환읍 성환리 304-1,441333015012,충청남도 천안시 서북구 성환읍 신방로,517,,4413325021103040001000001,,충청남도 천안시 서북구 성환읍 신방로 517,331805,31013,,,,127.133911450529,36.9210346325762
MA010120220810285608,정원영타이어,,G2,소매,G202,자동차 부품 소매,G20201,타이어 소매업,G45211,자동차 신품 타이어 및 튜브 판매업,41,경기도,41113,수원시 권선구,41113540,세류3동,4111312600,세류동,4111312600101470045,1,대지,147,45,경기도 수원시 권선구 세류동 147-45,411133012006,경기도 수원시 권선구 정조로,598,8,4111312600101470045033172,,경기도 수원시 권선구 정조로 598-8,441865,16577,,3,,127.014553862737,37.2623077865589
MA010120220810314516,힐링타이어,,G2,소매,G202,자동차 부품 소매,G20201,타이어 소매업,G45211,자동차 신품 타이어 및 튜브 판매업,41,경기도,41360,남양주시,41360540,양정동,4136010400,일패동,4136010400107770007,1,대지,777,7,경기도 남양주시 일패동 777-7,413603000145,경기도 남양주시 경강로,1,34,4136010400107770007009412,외,경기도 남양주시 경강로 1-34,472930,12244,,,,127.174501169273,37.6133234687848
MA010120220810344019,하이스코공업,,G2,소매,G202,자동차 부품 소매,G20201,타이어 소매업,G45211,자동차 신품 타이어 및 튜브 판매업,46,전라남도,46150,순천시,46150310,해룡면,4615031030,해룡면,4615031030102290000,1,대지,229,,전라남도 순천시 해룡면 호두리 229,461503285061,전라남도 순천시 해룡면 인덕로,108,,4615031030102290000080198,,전라남도 순천시 해룡면 인덕로 108,540856,58024,,,,127.571523860654,34.9000993175571
MA010120220800616180,상암타이어,,G2,소매,G202,자동차 부품 소매,G20201,타이어 소매업,G45211,자동차 신품 타이어 및 튜브 판매업,41,경기도,41281,고양시 덕양구,41281670,대덕동,4128113000,현천동,4128113000102780001,1,대지,278,1,경기도 고양시 덕양구 현천동 278-1,412813192012,경기도 고양시 덕양구 대덕로,184,23,4128113000102780001000001,,경기도 고양시 덕양구 대덕로 184-23,412190,10542,,,,126.860340441908,37.593782332018
MA010120220800641730,상준타이어,,G2,소매,G202,자동차 부품 소매,G20201,타이어 소매업,G45211,자동차 신품 타이어 및 튜브 판매업,52,전북특별자치도,52130,군산시,52130720,미성동,5213015100,산북동,5213015100120630000,1,대지,2063,,전북특별자치도 군산시 산북동 2063,521303268086,전북특별자치도 군산시 외항로,325,,4513015100120640000012866,,전북특별자치도 군산시 외항로 325,573877,54159,,,,126.633804884034,35.9677749674734
MA010120220800603860,엔피인터내셔날,,G2,소매,G202,자동차 부품 소매,G20201,타이어 소매업,G45211,자동차 신품 타이어 및 튜브 판매업,48,경상남도,48121,창원시 의창구,48121520,팔룡동,4812112900,팔용동,4812112900100100000,1,대지,10,,경상남도 창원시 의창구 팔용동 10,481214781236,경상남도 창원시 의창구 무역로581번길,32,,4812112900100100000024724,농산물시장,경상남도 창원시 의창구 무역로581번길 32,641846,51402,,,,128.637817224819,35.2314310507068
MA010120220800657277,서동상사,,G2,소매,G202,자동차 부품 소매,G20201,타이어 소매업,G45211,자동차 신품 타이어 및 튜브 판매업,44,충청남도,44760,부여군,44760310,규암면,4476031035,규암면,4476031035104280022,1,대지,428,22,충청남도 부여군 규암면 합송리 428-22,447603259226,충청남도 부여군 규암면 흥수로,665,,4476031035104280022023183,,충청남도 부여군 규암면 흥수로 665,323816,33120,,,,126.855413389821,36.269297470587
MA010120220800660046,정타이어,,G2,소매,G202,자동차 부품 소매,G20201,타이어 소매업,G45211,자동차 신품 타이어 및 튜브 판매업,30,대전광역시,30140,중구,30140740,산성동,3014011800,사정동,3014011800104610003,1,대지,461,3,대전광역시 중구 사정동 461-3,301403165029,대전광역시 중구 안영로,75,1,3014011800104610003000002,,대전광역시 중구 안영로 75-1,301819,35082,,,,127.382348272717,36.2953586776899
MA010120220800697480,타이어포레스트,,G2,소매,G202,자동차 부품 소매,G20201,타이어 소매업,G45211,자동차 신품 타이어 및 튜브 판매업,50,제주특별자치도,50130,서귀포시,50130570,동홍동,5013010500,동홍동,5013010500115610001,1,대지,1561,1,제주특별자치도 서귀포시 동홍동 1561-1,501303350347,제주특별자치도 서귀포시 중앙로,188,,5013010500115610001031532,,제주특별자치도 서귀포시 중앙로 188,697839,63585,,,,126.559323048324,33.2613399194249
MA010120220800712826,앗타이어신발보다싼곳,,G2,소매,G202,자동차 부품 소매,G20201,타이어 소매업,G45211,자동차 신품 타이어 및 튜브 판매업,28,인천광역시,28200,남동구,28200560,만수1동,2820010300,만수동,2820010300109610001,1,대지,961,1,인천광역시 남동구 만수동 961-1,282003153084,인천광역시 남동구 백범로,97,,2820010300109610001025968,,인천광역시 남동구 백범로 97,405865,21540,,,,126.735365967672,37.45320149621
MA010120220800729714,엔공구,구로점,G2,소매,G202,자동차 부품 소매,G20201,타이어 소매업,G45211,자동차 신품 타이어 및 튜브 판매업,11,서울특별시,11530,구로구,11530720,고척1동,1153010600,고척동,1153010600100850010,1,대지,85,10,서울특별시 구로구 고척동 85-10,115304148465,서울특별시 구로구 중앙로1길,51,,1153010600100850010027204,,서울특별시 구로구 중앙로1길 51,152827,08227,,1,,126.862273133293,37.4973056854873
MA010120220800786434,타이어프로,서초반포점,G2,소매,G202,자동차 부품 소매,G20201,타이어 소매업,G45211,자동차 신품 타이어 및 튜브 판매업,11,서울특별시,11650,서초구,11650580,반포3동,1165010600,잠원동,1165010600100660010,1,대지,66,10,서울특별시 서초구 잠원동 66-10,116503121019,서울특별시 서초구 잠원로,48,,1165010600100660010017453,,서울특별시 서초구 잠원로 48,137907,06521,,,,127.008460106936,37.5088915081795
MA010120220802365540,송도타이어,,G2,소매,G202,자동차 부품 소매,G20201,타이어 소매업,G45211,자동차 신품 타이어 및 튜브 판매업,41,경기도,41271,안산시 상록구,41271540,본오1동,4127110400,본오동,4127110400108930003,1,대지,893,3,경기도 안산시 상록구 본오동 893-3,412713190071,경기도 안산시 상록구 충장로,120,,4127110400108930003042895,,경기도 안산시 상록구 충장로 120,426816,15552,,,,126.85877960869,37.2922110511018
MA010120220802334561,타이어스토리,,G2,소매,G202,자동차 부품 소매,G20201,타이어 소매업,G45211,자동차 신품 타이어 및 튜브 판매업,41,경기도,41271,안산시 상록구,41271525,사동,4127110300,사동,4127110300112470002,1,대지,1247,2,경기도 안산시 상록구 사동 1247-2,412713190007,경기도 안산시 상록구 감골로,221,1,4127110300112470002035246,,경기도 안산시 상록구 감골로 221-1,426822,15584,,,,126.858220740848,37.3015541306053
MA010120220802337486,종합타이어,,G2,소매,G202,자동차 부품 소매,G20201,타이어 소매업,G45220,자동차 중고 부품 및 내장품 판매업,41,경기도,41271,안산시 상록구,41271560,본오3동,4127110400,본오동,4127110400111120040,1,대지,1112,40,경기도 안산시 상록구 본오동 1112-40,412714370197,경기도 안산시 상록구 상록수안길,55,,4127110400111120040028788,,경기도 안산시 상록구 상록수안길 55,426818,15533,,,,126.873165116078,37.3018684313959
MA010120220802350966,휠타이어왕국,,G2,소매,G202,자동차 부품 소매,G20201,타이어 소매업,G45220,자동차 중고 부품 및 내장품 판매업,41,경기도,41273,안산시 단원구,41273570,초지동,4127310700,초지동,4127310700107050003,1,대지,705,3,경기도 안산시 단원구 초지동 705-3,412733191080,경기도 안산시 단원구 초지로,170,,4127310700107050003021299,,경기도 안산시 단원구 초지로 170,425853,15440,,,,126.815577887179,37.3139026064077
MA010120220802332526,부곡중고타이어,,G2,소매,G202,자동차 부품 소매,G20201,타이어 소매업,G45220,자동차 중고 부품 및 내장품 판매업,41,경기도,41271,안산시 상록구,41271580,월피동,4127110700,부곡동,4127110700107370003,1,대지,737,3,경기도 안산시 상록구 부곡동 737-3,412713190046,경기도 안산시 상록구 시낭로,85,,4127110700107370003042106,,경기도 안산시 상록구 시낭로 85,426829,15277,,,,126.858422410938,37.3323516920879
MA010120220802408603,대창타이어,,G2,소매,G202,자동차 부품 소매,G20201,타이어 소매업,G45211,자동차 신품 타이어 및 튜브 판매업,48,경상남도,48310,거제시,48310370,연초면,4831037022,연초면,4831037022110630000,1,대지,1063,,경상남도 거제시 연초면 오비리 1063,483103337028,경상남도 거제시 연초면 연하해안로,430,,4831037022110630000000001,,경상남도 거제시 연초면 연하해안로 430,656813,53207,,,,128.619469659728,34.9116533045306
MA010120220802420313,종합타이어,,G2,소매,G202,자동차 부품 소매,G20201,타이어 소매업,G45211,자동차 신품 타이어 및 튜브 판매업,41,경기도,41115,수원시 팔달구,41115710,우만1동,4111514000,우만동,4111514000105830001,1,대지,583,1,경기도 수원시 팔달구 우만동 583-1,411152012001,경기도 수원시 팔달구 창룡대로,152,,4111514000105830001020578,,경기도 수원시 팔달구 창룡대로 152,442821,16232,,1,,127.02684074189,37.2911209044322
MA010120220802420601,대지타이어,,G2,소매,G202,자동차 부품 소매,G20201,타이어 소매업,G45211,자동차 신품 타이어 및 튜브 판매업,41,경기도,41461,용인시 처인구,41461256,이동읍,4146125625,이동읍,4146125625104520001,1,대지,452,1,경기도 용인시 처인구 이동읍 시미리 452-1,414612012009,경기도 용인시 처인구 이동읍 백옥대로,190,,4146133025104520001002948,,경기도 용인시 처인구 이동읍 백옥대로 190,449831,17134,,,,127.205884627757,37.1544993574131
MA010120220802405784,한국타이어수원,대리점,G2,소매,G202,자동차 부품 소매,G20201,타이어 소매업,G45211,자동차 신품 타이어 및 튜브 판매업,41,경기도,41111,수원시 장안구,41111580,영화동,4111113400,영화동,4111113400104220001,1,대지,422,1,경기도 수원시 장안구 영화동 422-1,411113176011,경기도 수원시 장안구 장안로,39,,4111113400104220001045377,,경기도 수원시 장안구 장안로 39,440822,16274,,2,,127.004837923234,37.2883576614062
MA010120220802441950,참좋은타이어,,G2,소매,G202,자동차 부품 소매,G20201,타이어 소매업,G45211,자동차 신품 타이어 및 튜브 판매업,41,경기도,41113,수원시 권선구,41113550,평동,4111312700,평동,4111312700100060016,1,대지,6,16,경기도 수원시 권선구 평동 6-16,411133175046,경기도 수원시 권선구 평동로,73,1,4111312700100060016027402,,경기도 수원시 권선구 평동로 73-1,441230,16600,,,,126.99308984756,37.2579744637471
MA010120220802442124,경기오일，타이어,전문점,G2,소매,G202,자동차 부품 소매,G20201,타이어 소매업,G45211,자동차 신품 타이어 및 튜브 판매업,41,경기도,41461,용인시 처인구,41461340,원삼면,4146134024,원삼면,4146134024106980102,1,대지,698,102,경기도 용인시 처인구 원삼면 맹리 698-102,414612012010,경기도 용인시 처인구 원삼면 죽양대로,1630,,4146134024106980102000001,,경기도 용인시 처인구 원삼면 죽양대로 1630,449871,17166,,,,127.333108880954,37.1840619350161
MA010120220802490126,그린타이어,,G2,소매,G202,자동차 부품 소매,G20201,타이어 소매업,G45211,자동차 신품 타이어 및 튜브 판매업,41,경기도,41220,평택시,41220310,진위면,4122031027,진위면,4122031027103480008,1,대지,348,8,경기도 평택시 진위면 갈곶리 348-8,412202012013,경기도 평택시 진위면 경기대로,2003,2,4122031027103480008000001,,경기도 평택시 진위면 경기대로 2003-2,451862,17707,,,,127.065209296349,37.1233393605356
MA010120220802497752,김포타이어,,G2,소매,G202,자동차 부품 소매,G20201,타이어 소매업,G45211,자동차 신품 타이어 및 튜브 판매업,41,경기도,41570,김포시,41570540,사우동,4157010600,사우동,4157010600103460006,1,대지,346,6,경기도 김포시 사우동 346-6,415703209110,경기도 김포시 조리미로,34,,4157010600103460006022474,,경기도 김포시 조리미로 34,415802,10110,,,,126.723517327796,37.6167866057667
MA010120220802512384,여주타이어직매장,,G2,소매,G202,자동차 부품 소매,G20201,타이어 소매업,G45211,자동차 신품 타이어 및 튜브 판매업,41,경기도,41670,여주시,41670510,여흥동,4167011500,점봉동,4167011500104380000,1,대지,438,,경기도 여주시 점봉동 438,416703214032,경기도 여주시 세종로,400,,4173025035104380000023020,,경기도 여주시 세종로 400,469115,12653,,,,127.640301624256,37.2626496164449
MA010120220804085015,태성상사,,G2,소매,G202,자동차 부품 소매,G20201,타이어 소매업,G45213,자동차 내장용 신품 전기ㆍ전자ㆍ정밀기기 판매업,11,서울특별시,11740,강동구,11740650,성내2동,1174010800,성내동,1174010800104080012,1,대지,408,12,서울특별시 강동구 성내동 408-12,117403123024,서울특별시 강동구 풍성로,173,,1174010800104080012006325,,서울특별시 강동구 풍성로 173,134032,05390,,,,127.131259840706,37.5304339324925
MA010120220804120446,타이어클럽,,G2,소매,G202,자동차 부품 소매,G20201,타이어 소매업,G45211,자동차 신품 타이어 및 튜브 판매업,27,대구광역시,27290,달서구,27290601,월성1동,2729012000,월성동,2729012000115380001,1,대지,1538,1,대구광역시 달서구 월성동 1538-1,272903147040,대구광역시 달서구 조암로,55,,2729012000115380001000001,,대구광역시 달서구 조암로 55,704830,42756,,,,128.524191557744,35.8237693644027
MA010120220804173412,런아웃,,G2,소매,G202,자동차 부품 소매,G20201,타이어 소매업,G45211,자동차 신품 타이어 및 튜브 판매업,43,충청북도,43770,음성군,43770250,음성읍,4377025022,음성읍,4377025022109580010,1,대지,958,10,충청북도 음성군 음성읍 평곡리 958-10,437703247028,충청북도 음성군 음성읍 설성로,117,,4377025022109580010010826,,충청북도 음성군 음성읍 설성로 117,369803,27702,,,,127.69501286879,36.9304304909126
MA010120220804203253,휠튠,,G2,소매,G202,자동차 부품 소매,G20201,타이어 소매업,G45211,자동차 신품 타이어 및 튜브 판매업,41,경기도,41273,안산시 단원구,41273565,신길동,4127310300,신길동,4127310300113930000,1,대지,1393,,경기도 안산시 단원구 신길동 1393,412734373214,경기도 안산시 단원구 신길중앙로1길,2,,4127310300113930000001757,,경기도 안산시 단원구 신길중앙로1길 2,425838,15398,,,,126.758880813966,37.3382276047172
MA010120220805578318,신영종합타이어,,G2,소매,G202,자동차 부품 소매,G20201,타이어 소매업,G45211,자동차 신품 타이어 및 튜브 판매업,44,충청남도,44200,아산시,44200370,영인면,4420037026,영인면,4420037026101040003,1,대지,104,3,충청남도 아산시 영인면 백석포리 104-3,442003253061,충청남도 아산시 영인면 아산호로,283,,4420037026101040003000001,,충청남도 아산시 영인면 아산호로 283,336821,31425,,,,126.949742601074,36.8888221929588
MA010120220805580969,타이어프로,흥덕점,G2,소매,G202,자동차 부품 소매,G20201,타이어 소매업,G45211,자동차 신품 타이어 및 튜브 판매업,43,충청북도,43113,청주시 흥덕구,43113700,운천.신봉동,4311310400,운천동,4311310400116480000,1,대지,1648,,충청북도 청주시 흥덕구 운천동 1648,431133236020,충청북도 청주시 흥덕구 무심서로,629,,4311310400116480000017011,,충청북도 청주시 흥덕구 무심서로 629,361842,28469,,,,127.479916616439,36.6469793289412
MA010120220805570066,타이어박사청주점,,G2,소매,G202,자동차 부품 소매,G20201,타이어 소매업,G45211,자동차 신품 타이어 및 튜브 판매업,43,충청북도,43112,청주시 서원구,43112570,수곡1동,4311210700,수곡동,4311210700100770006,1,대지,77,6,충청북도 청주시 서원구 수곡동 77-6,431123236067,충청북도 청주시 서원구 청남로,2064,,4311310900100770006020881,,충청북도 청주시 서원구 청남로 2064,362834,28708,,,,127.486600958369,36.6162687724014
MA010120220805592722,신일자동차용품,,G2,소매,G202,자동차 부품 소매,G20201,타이어 소매업,G45212,자동차용 전용 신품 부품 판매업,43,충청북도,43745,증평군,43745250,증평읍,4374525026,증평읍,4374525026101880000,1,대지,188,,충청북도 증평군 증평읍 창동리 188,437453244015,충청북도 증평군 증평읍 역전로,13,,4374525026101880000001632,,충청북도 증평군 증평읍 역전로 13,368908,27927,,,,127.578474041287,36.7847090507451
MA010120220805613015,한국타이어서부판매주,,G2,소매,G202,자동차 부품 소매,G20201,타이어 소매업,G45211,자동차 신품 타이어 및 튜브 판매업,43,충청북도,43113,청주시 흥덕구,43113700,운천.신봉동,4311310400,운천동,4311310400116520000,1,대지,1652,,충청북도 청주시 흥덕구 운천동 1652,431133236020,충청북도 청주시 흥덕구 무심서로,625,,4311310400116520000017044,,충청북도 청주시 흥덕구 무심서로 625,361842,28469,,,,127.48031717568,36.6466533088295
MA010120220805628626,타이어할인,백화점,G2,소매,G202,자동차 부품 소매,G20201,타이어 소매업,G45211,자동차 신품 타이어 및 튜브 판매업,43,충청북도,43730,옥천군,43730250,옥천읍,4373025033,옥천읍,4373025033103970000,1,대지,397,,충청북도 옥천군 옥천읍 대천리 397,437303000091,충청북도 옥천군 옥천읍 옥천로,1723,,4373025033103970000011350,,충청북도 옥천군 옥천읍 옥천로 1723,373801,29050,,,,127.569676767493,36.2895392744663
MA010120220805656162,타이어랜드,,G2,소매,G202,자동차 부품 소매,G20201,타이어 소매업,G45211,자동차 신품 타이어 및 튜브 판매업,43,충청북도,43770,음성군,43770340,대소면,4377034032,대소면,4377034032105810005,1,대지,581,5,충청북도 음성군 대소면 대풍리 581-5,437703014058,충청북도 음성군 대소면 대금로,99,1,4377034032105810005170430,,충청북도 음성군 대소면 대금로 99-1,369821,27659,,,,127.457155828028,36.9855949094857
MA010120220805659783,금천공업사,,G2,소매,G202,자동차 부품 소매,G20201,타이어 소매업,G45211,자동차 신품 타이어 및 튜브 판매업,43,충청북도,43130,충주시,43130625,칠금.금릉동,4313011600,칠금동,4313011600103300007,1,대지,330,7,충청북도 충주시 칠금동 330-7,431302238006,충청북도 충주시 탄금대로,202,1,4313011600103300007000001,,충청북도 충주시 탄금대로 202-1,380964,27439,,,,127.908989426647,36.9835897282605
MA010120220805660081,충주타이어마트금호타이어,호암점,G2,소매,G202,자동차 부품 소매,G20201,타이어 소매업,G45211,자동차 신품 타이어 및 튜브 판매업,43,충청북도,43130,충주시,43130580,호암.직동,4313010700,호암동,4313010700105580019,1,대지,558,19,충청북도 충주시 호암동 558-19,431302246001,충청북도 충주시 중원대로,3282,,4313010700105580019010018,,충청북도 충주시 중원대로 3282,380967,27414,,,,127.92694306484,36.9608885090196
MA010120220805670731,모던타이어,,G2,소매,G202,자동차 부품 소매,G20201,타이어 소매업,G45211,자동차 신품 타이어 및 튜브 판매업,43,충청북도,43130,충주시,43130571,문화동,4313012700,문화동,4313012700112050000,1,대지,1205,,충청북도 충주시 문화동 1205,431302246001,충청북도 충주시 중원대로,3469,,4313012700112050000026735,,충청북도 충주시 중원대로 3469,380956,27420,,,,127.918518497793,36.9708926183641
MA010120220805673209,목행타이어,,G2,소매,G202,자동차 부품 소매,G20201,타이어 소매업,G45211,자동차 신품 타이어 및 튜브 판매업,43,충청북도,43130,충주시,43130640,목행.용탄동,4313011900,목행동,4313011900106040004,1,대지,604,4,충청북도 충주시 목행동 604-4,431304515493,충청북도 충주시 행정3길,36,,4313011900106040004000001,,충청북도 충주시 행정3길 36,380240,27437,,,,127.916755052045,37.0120392520697
MA010120220805675935,한국상사,,G2,소매,G202,자동차 부품 소매,G20201,타이어 소매업,G45211,자동차 신품 타이어 및 튜브 판매업,43,충청북도,43770,음성군,43770253,금왕읍,4377025326,금왕읍,4377025326102300001,1,대지,230,1,충청북도 음성군 금왕읍 용계리 230-1,437703014045,충청북도 음성군 금왕읍 덕금로,986,,4377025326102300001218271,,충청북도 음성군 금왕읍 덕금로 986,369903,27681,,,,127.586521215777,36.9729158328537
MA010120220805671684,한국타이어한수카,,G2,소매,G202,자동차 부품 소매,G20201,타이어 소매업,G45211,자동차 신품 타이어 및 튜브 판매업,43,충청북도,43770,음성군,43770320,원남면,4377032025,원남면,4377032025105960040,1,대지,596,40,충청북도 음성군 원남면 하당리 596-40,437702014003,충청북도 음성군 원남면 충청대로,1147,,4377032025105960040005737,,충청북도 음성군 원남면 충청대로 1147,369861,27718,,,,127.686444057251,36.9123596800794
MA010120220805679202,해동중고타이어,,G2,소매,G202,자동차 부품 소매,G20201,타이어 소매업,G45220,자동차 중고 부품 및 내장품 판매업,43,충청북도,43130,충주시,43130610,봉방동,4313011500,봉방동,4313011500101020002,1,대지,102,2,충청북도 충주시 봉방동 102-2,431303238028,충청북도 충주시 봉현로,103,,4313011500101020002012814,,충청북도 충주시 봉현로 103,380959,27369,,,,127.916980466668,36.9774822025487
MA010120220805707999,금호타이어단양,대리점,G2,소매,G202,자동차 부품 소매,G20201,타이어 소매업,G45211,자동차 신품 타이어 및 튜브 판매업,43,충청북도,43800,단양군,43800250,단양읍,4380025026,단양읍,4380025026102840000,1,대지,284,,충청북도 단양군 단양읍 도전리 284,438003248030,충청북도 단양군 단양읍 삼봉로,223,,4380025026102840000006504,,충청북도 단양군 단양읍 삼봉로 223,395804,27012,,,,128.366253162884,36.9771982265725
MA010120220807088989,타이어테크,가음점,G2,소매,G202,자동차 부품 소매,G20201,타이어 소매업,G45211,자동차 신품 타이어 및 튜브 판매업,48,경상남도,48123,창원시 성산구,48123550,가음정동,4812313100,가음동,4812313100100390024,1,대지,39,24,경상남도 창원시 성산구 가음동 39-24,481233328001,경상남도 창원시 성산구 가양로,50,,4812313100100390024033683,,경상남도 창원시 성산구 가양로 50,642801,51490,,,,128.700220627159,35.2063817242116
MA010120220807070438,타이어시즌,,G2,소매,G202,자동차 부품 소매,G20201,타이어 소매업,G45211,자동차 신품 타이어 및 튜브 판매업,27,대구광역시,27260,수성구,27260620,상동,2726010900,상동,2726010900102060063,1,대지,206,63,대구광역시 수성구 상동 206-63,272603007020,대구광역시 수성구 신천동로,91,,2726010900102060063000001,,대구광역시 수성구 신천동로 91,706828,42165,,,,128.607037112538,35.8331703685728
MA010120220807141436,타이어테크원주총판,,G2,소매,G202,자동차 부품 소매,G20201,타이어 소매업,G45211,자동차 신품 타이어 및 튜브 판매업,51,강원특별자치도,51130,원주시,51130650,행구동,5113011400,행구동,5113011400115120060,1,대지,1512,60,강원특별자치도 원주시 행구동 1512-60,511303219085,강원특별자치도 원주시 양지로,209,,4213011400201760023000001,,강원특별자치도 원주시 양지로 209,220160,26456,,,,127.983799959161,37.3394554661252
MA010120220807123543,타이어베스트광주점,,G2,소매,G202,자동차 부품 소매,G20201,타이어 소매업,G45211,자동차 신품 타이어 및 튜브 판매업,29,광주광역시,29200,광산구,29200515,송정1동,2920010100,송정동,2920010100107790001,1,대지,779,1,광주광역시 광산구 송정동 779-1,292002009004,광주광역시 광산구 상무대로,282,,2920010100107790001011118,,광주광역시 광산구 상무대로 282,506805,62422,,,,126.796794312952,35.1428154532739
MA010120220807176587,타이어테크,평촌점,G2,소매,G202,자동차 부품 소매,G20201,타이어 소매업,G45211,자동차 신품 타이어 및 튜브 판매업,41,경기도,41173,안양시 동안구,41173559,인덕원동,4117310200,관양동,4117310200109150002,1,대지,915,2,경기도 안양시 동안구 관양동 915-2,411732182002,경기도 안양시 동안구 시민대로,360,,4117310200109150002006781,,경기도 안양시 동안구 시민대로 360,431804,14058,,,,126.970501991817,37.3956487650565
MA010120220807174795,타이어프로남원IC점,,G2,소매,G202,자동차 부품 소매,G20201,타이어 소매업,G45211,자동차 신품 타이어 및 튜브 판매업,52,전북특별자치도,52190,남원시,52190590,도통동,5219011700,월락동,5219011700104920000,1,대지,492,,전북특별자치도 남원시 월락동 492,521903271044,전북특별자치도 남원시 충정로,270,,4519011700104920000309633,,전북특별자치도 남원시 충정로 270,590983,55736,,,,127.39861554513,35.4246189767853
MA010120220807159629,더타이어프로,,G2,소매,G202,자동차 부품 소매,G20201,타이어 소매업,G45211,자동차 신품 타이어 및 튜브 판매업,44,충청남도,44200,아산시,44200600,온양4동,4420011600,득산동,4420011600102870006,1,대지,287,6,충청남도 아산시 득산동 287-6,442003015033,충청남도 아산시 온천대로,1173,,4420011600102870006000001,,충청남도 아산시 온천대로 1173,336120,31531,,,,126.968821164181,36.7870667168731
MA010120220807162726,슈퍼맨휠타이어,,G2,소매,G202,자동차 부품 소매,G20201,타이어 소매업,G45211,자동차 신품 타이어 및 튜브 판매업,52,전북특별자치도,52111,전주시 완산구,52111714,효자4동,5211114100,효자동2가,5211114100107590017,1,대지,759,17,전북특별자치도 전주시 완산구 효자동2가 759-17,521113266046,전북특별자치도 전주시 완산구 쑥고개로,260,,4511114100107590017032461,,전북특별자치도 전주시 완산구 쑥고개로 260,560859,55073,,,,127.094158042752,35.8002044749686
MA010120220807180206,금호타이어군산총판,,G2,소매,G202,자동차 부품 소매,G20201,타이어 소매업,G45211,자동차 신품 타이어 및 튜브 판매업,52,전북특별자치도,52130,군산시,52130650,조촌동,5213013400,조촌동,5213013400100280018,1,대지,28,18,전북특별자치도 군산시 조촌동 28-18,521303268036,전북특별자치도 군산시 백릉로,213,,4513013400100280018023028,,전북특별자치도 군산시 백릉로 213,573883,54072,,,,126.748349906141,35.9780825651569
MA010120220807190073,소룡중고타이어,,G2,소매,G202,자동차 부품 소매,G20201,타이어 소매업,G45220,자동차 중고 부품 및 내장품 판매업,52,전북특별자치도,52130,군산시,52130710,소룡동,5213014600,소룡동,5213014600113910013,1,대지,1391,13,전북특별자치도 군산시 소룡동 1391-13,521303268008,전북특별자치도 군산시 공항로,35,,4513014600113910013001782,,전북특별자치도 군산시 공항로 35,573881,54011,,,,126.682260498134,35.9795659989242
MA010120220807196986,열린타이어,,G2,소매,G202,자동차 부품 소매,G20201,타이어 소매업,G45211,자동차 신품 타이어 및 튜브 판매업,52,전북특별자치도,52130,군산시,52130650,조촌동,5213013400,조촌동,5213013400107660004,1,대지,766,4,전북특별자치도 군산시 조촌동 766-4,521303268117,전북특별자치도 군산시 번영로,204,,4513013400107660004026252,,전북특별자치도 군산시 번영로 204,573885,54095,,,,126.739686677754,35.9623014766459
MA010120220807214733,한국타이어여주,대리점,G2,소매,G202,자동차 부품 소매,G20201,타이어 소매업,G45211,자동차 신품 타이어 및 튜브 판매업,41,경기도,41670,여주시,41670520,중앙동,4167010300,창동,4167010300101900001,1,대지,190,1,경기도 여주시 창동 190-1,416703214045,경기도 여주시 영릉로,26,4,4173025023101900001027145,,경기도 여주시 영릉로 26-4,469103,12626,,,,127.632361177377,37.2904619003662
MA010120220807207393,비타민모터스,,G2,소매,G202,자동차 부품 소매,G20201,타이어 소매업,G45211,자동차 신품 타이어 및 튜브 판매업,48,경상남도,48220,통영시,48220340,광도면,4822034024,광도면,4822034024103730009,1,대지,373,9,경상남도 통영시 광도면 죽림리 373-9,482202328001,경상남도 통영시 광도면 남해안대로,949,,4822034024103730009004681,,경상남도 통영시 광도면 남해안대로 949,650828,53021,,,,128.412575527527,34.8780654886907
MA010120220807195690,타이어닷컴,,G2,소매,G202,자동차 부품 소매,G20201,타이어 소매업,G45211,자동차 신품 타이어 및 튜브 판매업,52,전북특별자치도,52130,군산시,52130650,조촌동,5213013500,경장동,5213013500105150007,1,대지,515,7,전북특별자치도 군산시 경장동 515-7,521303268098,전북특별자치도 군산시 진포로,118,,4513013500105150005026922,,전북특별자치도 군산시 진포로 118,573884,54078,,,,126.733334861776,35.9688214911752
MA010120220807199979,현대나운점,,G2,소매,G202,자동차 부품 소매,G20201,타이어 소매업,G45211,자동차 신품 타이어 및 튜브 판매업,52,전북특별자치도,52130,군산시,52130701,나운1동,5213014400,나운동,5213014400107980004,1,대지,798,4,전북특별자치도 군산시 나운동 798-4,521303268050,전북특별자치도 군산시 상나운로,14,,4513014400107980004007246,,전북특별자치도 군산시 상나운로 14,573869,54129,,,,126.692065442609,35.9644868826606
MA010120220807198273,더타이어샵서천점,,G2,소매,G202,자동차 부품 소매,G20201,타이어 소매업,G45211,자동차 신품 타이어 및 튜브 판매업,44,충청남도,44770,서천군,44770253,서천읍,4477025321,서천읍,4477025321101810004,1,대지,181,4,충청남도 서천군 서천읍 군사리 181-4,447703260010,충청남도 서천군 서천읍 서천로,13,,4477025321101810004029804,,충청남도 서천군 서천읍 서천로 13,325802,33645,,,,126.697730277205,36.0748925694443
MA010120220807222392,타이어달인,,G2,소매,G202,자동차 부품 소매,G20201,타이어 소매업,G45211,자동차 신품 타이어 및 튜브 판매업,27,대구광역시,27290,달서구,27290650,본동,2729012400,본동,2729012400109820000,1,대지,982,,대구광역시 달서구 본동 982,272904241422,대구광역시 달서구 와룡로2길,5,,2729012400109820000029172,,대구광역시 달서구 와룡로2길 5,704807,42733,,,,128.538046679402,35.834172410476
MA010120220807204020,그린타이어테크,군산점,G2,소매,G202,자동차 부품 소매,G20201,타이어 소매업,G45211,자동차 신품 타이어 및 튜브 판매업,52,전북특별자치도,52130,군산시,52130650,조촌동,5213013400,조촌동,5213013400106640002,1,대지,664,2,전북특별자치도 군산시 조촌동 664-2,521303268094,전북특별자치도 군산시 조촌로,174,,4513013400106640002039731,,전북특별자치도 군산시 조촌로 174,573885,54072,,,,126.737988547685,35.9796916206067
MA010120220807192527,넥센타이어,수송점,G2,소매,G202,자동차 부품 소매,G20201,타이어 소매업,G45211,자동차 신품 타이어 및 튜브 판매업,52,전북특별자치도,52130,군산시,52130690,수송동,5213014100,수송동,5213014100104290003,1,대지,429,3,전북특별자치도 군산시 수송동 429-3,521304604239,전북특별자치도 군산시 동메3길,41,,4513014100104290003000875,,전북특별자치도 군산시 동메3길 41,573370,54081,,,,126.715308775032,35.9717361298485
MA010120220808551143,타이어프로순창점,,G2,소매,G202,자동차 부품 소매,G20201,타이어 소매업,G45211,자동차 신품 타이어 및 튜브 판매업,52,전북특별자치도,52770,순창군,52770250,순창읍,5277025026,순창읍,5277025026103680000,1,대지,368,,전북특별자치도 순창군 순창읍 교성리 368,527703278008,전북특별자치도 순창군 순창읍 교성로,58,,4577025026103680000000001,,전북특별자치도 순창군 순창읍 교성로 58,595802,56047,,,,127.136935755335,35.3705700139788
MA010120220808525188,전주출장타이어,,G2,소매,G202,자동차 부품 소매,G20201,타이어 소매업,G45211,자동차 신품 타이어 및 튜브 판매업,52,전북특별자치도,52710,완주군,52710250,삼례읍,5271025022,삼례읍,5271025022107220001,1,대지,722,1,전북특별자치도 완주군 삼례읍 후정리 722-1,527103273033,전북특별자치도 완주군 삼례읍 삼례역로,138,,4571025022107220001002460,제,전북특별자치도 완주군 삼례읍 삼례역로 138,565806,55337,,,,127.060774033942,35.9075475016964
MA010120220808528277,타이어마켓,,G2,소매,G202,자동차 부품 소매,G20201,타이어 소매업,G45211,자동차 신품 타이어 및 튜브 판매업,26,부산광역시,26230,부산진구,26230560,양정1동,2623010100,양정동,2623010100105020008,1,대지,502,8,부산광역시 부산진구 양정동 502-8,262303129011,부산광역시 부산진구 동평로,378,,2623010100105020009006584,,부산광역시 부산진구 동평로 378,614858,47207,,,,129.066374147014,35.1745062577054
MA010120220808526381,타이어할인매장,,G2,소매,G202,자동차 부품 소매,G20201,타이어 소매업,G45211,자동차 신품 타이어 및 튜브 판매업,27,대구광역시,27230,북구,27230735,태전2동,2723012600,태전동,2723012600104720001,1,대지,472,1,대구광역시 북구 태전동 472-1,272302145001,대구광역시 북구 칠곡중앙대로,240,,2723012600104720001000001,,대구광역시 북구 칠곡중앙대로 240,702865,41467,,,,128.548751941748,35.9174091584463
MA010120220808587603,제이켄,,G2,소매,G202,자동차 부품 소매,G20201,타이어 소매업,G45211,자동차 신품 타이어 및 튜브 판매업,11,서울특별시,11530,구로구,11530540,구로3동,1153010200,구로동,1153010200101550075,1,대지,155,75,서울특별시 구로구 구로동 155-75,115304148313,서울특별시 구로구 도림로26길,10,,1153010200101550075000001,제,서울특별시 구로구 도림로26길 10,152847,08369,,1,,126.894262631944,37.4909775421686
MA010120220808559763,태호타이어상사,,G2,소매,G202,자동차 부품 소매,G20201,타이어 소매업,G45211,자동차 신품 타이어 및 튜브 판매업,44,충청남도,44270,당진시,44270253,송악읍,4427025338,송악읍,4427025338101670115,1,대지,167,115,충청남도 당진시 송악읍 고대리 167-115,442704595146,충청남도 당진시 송악읍 대섬길,4,13,4427025338101670115000001,,충청남도 당진시 송악읍 대섬길 4-13,343823,31726,,1,,126.723512422678,36.9802871226513
MA010120220808607310,타이어T월드,,G2,소매,G202,자동차 부품 소매,G20201,타이어 소매업,G45211,자동차 신품 타이어 및 튜브 판매업,41,경기도,41360,남양주시,41360250,와부읍,4136025022,와부읍,4136025022105680022,1,대지,568,22,경기도 남양주시 와부읍 도곡리 568-22,413603197034,경기도 남양주시 와부읍 석실로,4,3,4136025022105680022019133,,경기도 남양주시 와부읍 석실로 4-3,472908,12270,,,,127.227156634924,37.5762392183472
MA010120220808601828,제이에스씨티,,G2,소매,G202,자동차 부품 소매,G20201,타이어 소매업,G45211,자동차 신품 타이어 및 튜브 판매업,43,충청북도,43114,청주시 청원구,43114253,오창읍,4311425344,오창읍,4311425344104070000,1,대지,407,,충청북도 청주시 청원구 오창읍 각리 407,431143240095,충청북도 청주시 청원구 오창읍 중부로,546,,4311425344104070000000001,,충청북도 청주시 청원구 오창읍 중부로 546,363885,28112,,4,,127.421586152785,36.6961041142428
MA010120220808610791,시흥중고타이어,,G2,소매,G202,자동차 부품 소매,G20201,타이어 소매업,G45220,자동차 중고 부품 및 내장품 판매업,41,경기도,41390,시흥시,41390520,신천동,4139010200,신천동,4139010200108620014,1,대지,862,14,경기도 시흥시 신천동 862-14,413903199014,경기도 시흥시 두문로,80,,4139010200108620014006545,,경기도 시흥시 두문로 80,429825,14952,,,,126.786537738451,37.4344287772132
MA010120220808650259,일등타이어경주점,,G2,소매,G202,자동차 부품 소매,G20201,타이어 소매업,G45211,자동차 신품 타이어 및 튜브 판매업,47,경상북도,47130,경주시,47130515,중부동,4713010200,서부동,4713010200100020036,1,대지,2,36,경상북도 경주시 서부동 2-36,471303305009,경상북도 경주시 금성로,348,,4713010200100020036033949,,경상북도 경주시 금성로 348,780060,38141,,,,129.207120437233,35.8487665273905
MA010120220808684336,아름다운미래,,G2,소매,G202,자동차 부품 소매,G20201,타이어 소매업,G45211,자동차 신품 타이어 및 튜브 판매업,11,서울특별시,11620,관악구,11620605,은천동,1162010100,봉천동,1162010100109090036,1,대지,909,36,서울특별시 관악구 봉천동 909-36,116204160427,서울특별시 관악구 봉천로33가길,34,,1162010100109090036040564,,서울특별시 관악구 봉천로33가길 34,151840,08752,,,,126.945649205271,37.484290838668
MA010120220810033262,삼양타이어,,G2,소매,G202,자동차 부품 소매,G20201,타이어 소매업,G45211,자동차 신품 타이어 및 튜브 판매업,41,경기도,41550,안성시,41550350,대덕면,4155035027,대덕면,4155035027103680003,1,대지,368,3,경기도 안성시 대덕면 건지리 368-3,415502012006,경기도 안성시 대덕면 서동대로,4780,,4155035027103680003016746,,경기도 안성시 대덕면 서동대로 4780,456831,17545,,,,127.231777354537,37.0144526908984
MA010120220810038822,타이어스토리,,G2,소매,G202,자동차 부품 소매,G20201,타이어 소매업,G45211,자동차 신품 타이어 및 튜브 판매업,41,경기도,41590,화성시,41590360,팔탄면,4159036031,팔탄면,4159036031101900001,1,대지,190,1,경기도 화성시 팔탄면 서근리 190-1,415903210138,경기도 화성시 팔탄면 버들로,1342,,4159036031101900001000001,,경기도 화성시 팔탄면 버들로 1342,445914,18578,,,,126.854067996744,37.1271150160866
MA010120220810033588,애슐리테크,,G2,소매,G202,자동차 부품 소매,G20201,타이어 소매업,G45211,자동차 신품 타이어 및 튜브 판매업,41,경기도,41150,의정부시,41150595,가능동,4115011000,가능동,4115011000103620148,1,대지,362,148,경기도 의정부시 가능동 362-148,411504343081,경기도 의정부시 녹양로18번길,35,,4115011000103620148009393,,경기도 의정부시 녹양로18번길 35,480808,11616,,1,,127.034212580045,37.7536397028138
MA010120220810042460,타이어프로논산계백점,,G2,소매,G202,자동차 부품 소매,G20201,타이어 소매업,G45211,자동차 신품 타이어 및 튜브 판매업,44,충청남도,44230,논산시,44230510,취암동,4423010800,덕지동,4423010800102850000,1,대지,285,,충청남도 논산시 덕지동 285,442303000095,충청남도 논산시 계백로,1105,,4423010800102850003040933,,충청남도 논산시 계백로 1105,320803,32971,,,,127.097548238898,36.2093974407466
MA010120220810027185,타이어365부,산본점,G2,소매,G202,자동차 부품 소매,G20201,타이어 소매업,G45211,자동차 신품 타이어 및 튜브 판매업,26,부산광역시,26410,금정구,26410610,장전2동,2641010800,장전동,2641010800103420016,1,대지,342,16,부산광역시 금정구 장전동 342-16,264103006033,부산광역시 금정구 금정로,33,1,2641010800103420016016293,,부산광역시 금정구 금정로 33-1,609392,46297,,,,129.085712887584,35.2277481349112
MA010120220810051027,오케이타이어,,G2,소매,G202,자동차 부품 소매,G20201,타이어 소매업,G45211,자동차 신품 타이어 및 튜브 판매업,51,강원특별자치도,51790,화천군,51790250,화천읍,5179025025,화천읍,5179025025106380002,1,대지,638,2,강원특별자치도 화천군 화천읍 신읍리 638-2,517904493089,강원특별자치도 화천군 화천읍 옹기점길,14,,4279025025106380002000001,,강원특별자치도 화천군 화천읍 옹기점길 14,209803,24113,,,,127.699010635841,38.1140312387002
MA010120220810083634,동해종합타이어,,G2,소매,G202,자동차 부품 소매,G20201,타이어 소매업,G45211,자동차 신품 타이어 및 튜브 판매업,51,강원특별자치도,51170,동해시,51170600,북평동,5117011600,단봉동,5117011600104530019,1,대지,453,19,강원특별자치도 동해시 단봉동 453-19,511703013008,강원특별자치도 동해시 강원남부로,4609,,4217011600104530019000001,,강원특별자치도 동해시 강원남부로 4609,240200,25820,,,,129.114191071349,37.462051714047
MA010120220810080970,타이어가게,,G2,소매,G202,자동차 부품 소매,G20201,타이어 소매업,G45211,자동차 신품 타이어 및 튜브 판매업,44,충청남도,44270,당진시,44270253,송악읍,4427025328,송악읍,4427025328107960001,1,대지,796,1,충청남도 당진시 송악읍 반촌리 796-1,442703265033,충청남도 당진시 송악읍 반촌로,198,,4483025628107960001049775,하이카프라자,충청남도 당진시 송악읍 반촌로 198,343824,31733,,,,126.70184041626,36.9012452998097
MA010120220810137767,대현타이어상사,,G2,소매,G202,자동차 부품 소매,G20201,타이어 소매업,G45211,자동차 신품 타이어 및 튜브 판매업,47,경상북도,47111,포항시 남구,47111310,대송면,4711131027,대송면,4711131027109700004,1,대지,970,4,경상북도 포항시 남구 대송면 제내리 970-4,471113303005,경상북도 포항시 남구 대송면 대송로,23,1,4711131027109700000000002,,경상북도 포항시 남구 대송면 대송로 23-1,790842,37868,,,,129.361304604548,35.9846521147843
MA010120220810151602,친구네타이어,,G2,소매,G202,자동차 부품 소매,G20201,타이어 소매업,G45211,자동차 신품 타이어 및 튜브 판매업,41,경기도,41360,남양주시,41360570,별내동,4136011100,별내동,4136011100105880017,1,대지,588,17,경기도 남양주시 별내동 588-17,413603197076,경기도 남양주시 불암로,83,,4136031025105880017005990,,경기도 남양주시 불암로 83,472501,12100,,1,,127.110017025692,37.6485576638542
MA010120220810172981,안산중고타이어,,G2,소매,G202,자동차 부품 소매,G20201,타이어 소매업,G45220,자동차 중고 부품 및 내장품 판매업,41,경기도,41273,안산시 단원구,41273565,신길동,4127310300,신길동,4127310300114210002,1,대지,1421,2,경기도 안산시 단원구 신길동 1421-2,412734373218,경기도 안산시 단원구 신길중앙로5길,27,1,4127310300114210002000001,,경기도 안산시 단원구 신길중앙로5길 27-1,425838,15397,,1,,126.763223872752,37.3351188157893
MA010120220810181368,금당카서비스,,G2,소매,G202,자동차 부품 소매,G20201,타이어 소매업,G45211,자동차 신품 타이어 및 튜브 판매업,46,전라남도,46150,순천시,46150665,왕조2동,4615013300,조례동,4615013300116240011,1,대지,1624,11,전라남도 순천시 조례동 1624-11,461504649962,전라남도 순천시 조례원님길,49,,4615013300116240011012403,,전라남도 순천시 조례원님길 49,540977,57975,,,,127.527422721779,34.9516413583701
MA010120220800464061,신광타이어,,G2,소매,G202,자동차 부품 소매,G20201,타이어 소매업,G45211,자동차 신품 타이어 및 튜브 판매업,46,전라남도,46230,광양시,46230570,태인동,4623010900,태인동,4623010900103030077,1,대지,303,77,전라남도 광양시 태인동 303-77,462303285023,전라남도 광양시 삼봉산로,25,,4623010900103030077011895,,전라남도 광양시 삼봉산로 25,545883,57817,,,,127.744583971986,34.9363077886211
MA010120220800503954,KS타이어,가양점,G2,소매,G202,자동차 부품 소매,G20201,타이어 소매업,G45211,자동차 신품 타이어 및 튜브 판매업,11,서울특별시,11500,강서구,11500535,등촌3동,1150010200,등촌동,1150010200108510000,1,대지,851,,서울특별시 강서구 등촌동 851,115003115008,서울특별시 강서구 양천로,410,,1150010400100540005010319,,서울특별시 강서구 양천로 410,157033,07573,,1,,126.846517774334,37.5648072468132
MA010120220800530728,공항타이어나라,,G2,소매,G202,자동차 부품 소매,G20201,타이어 소매업,G45211,자동차 신품 타이어 및 튜브 판매업,11,서울특별시,11500,강서구,11500630,방화1동,1150010900,방화동,1150010900105050006,1,대지,505,6,서울특별시 강서구 방화동 505-6,115003000011,서울특별시 강서구 개화동로,437,,1150010900105050006003540,,서울특별시 강서구 개화동로 437,157849,07507,,1,,126.803823991863,37.573249410128
MA010120220800519293,화원타이어,,G2,소매,G202,자동차 부품 소매,G20201,타이어 소매업,G45211,자동차 신품 타이어 및 튜브 판매업,47,경상북도,47830,고령군,47830340,다산면,4783034031,다산면,4783034031102380007,1,대지,238,7,경상북도 고령군 다산면 평리리 238-7,478303320003,경상북도 고령군 다산면 다산로,717,,4783034031102380018031187,,경상북도 고령군 다산면 다산로 717,717873,40103,,,,128.455637338721,35.8240786129609
MA010120220800525133,남동탄타이어,,G2,소매,G202,자동차 부품 소매,G20201,타이어 소매업,G45211,자동차 신품 타이어 및 튜브 판매업,41,경기도,41590,화성시,41590620,동탄8동,4159013600,장지동,4159013600107870000,1,대지,787,,경기도 화성시 장지동 787,415903012069,경기도 화성시 경기동로,440,,4159013600107870000000001,,경기도 화성시 경기동로 440,,18510,,,,127.119078632819,37.1538254308634
MA010120220800528371,태백중고타이어,,G2,소매,G202,자동차 부품 소매,G20201,타이어 소매업,G45211,자동차 신품 타이어 및 튜브 판매업,51,강원특별자치도,51190,태백시,51190535,삼수동,5119010900,화전동,5119010900100780014,1,대지,78,14,강원특별자치도 태백시 화전동 78-14,511903000156,강원특별자치도 태백시 태백로,612,,4219010900100780014002848,,강원특별자치도 태백시 태백로 612,235270,26003,,2,,128.964794205262,37.1851296493168
MA010120220800600088,타이어클럽,,G2,소매,G202,자동차 부품 소매,G20201,타이어 소매업,G45211,자동차 신품 타이어 및 튜브 판매업,41,경기도,41670,여주시,41670510,여흥동,4167011500,점봉동,4167011500104290038,1,대지,429,38,경기도 여주시 점봉동 429-38,416703214032,경기도 여주시 세종로,356,4,4173025035104290038056304,,경기도 여주시 세종로 356-4,469115,12653,,1,,127.63792293924,37.2666540070015
MA010120220802152148,한국오토밸리주,,G2,소매,G202,자동차 부품 소매,G20201,타이어 소매업,G45211,자동차 신품 타이어 및 튜브 판매업,28,인천광역시,28200,남동구,28200710,논현고잔동,2820011100,고잔동,2820011100107210000,1,대지,721,,인천광역시 남동구 고잔동 721,282003153008,인천광역시 남동구 남동동로,104,,2820011100107210000009885,남동공단,인천광역시 남동구 남동동로 104,405821,21692,,,,126.697063238651,37.3944805122392
MA010120220802139839,유원지타이어,,G2,소매,G202,자동차 부품 소매,G20201,타이어 소매업,G45220,자동차 중고 부품 및 내장품 판매업,28,인천광역시,28185,연수구,28185630,옥련1동,2818510100,옥련동,2818510100105040005,1,대지,504,5,인천광역시 연수구 옥련동 504-5,281853008016,인천광역시 연수구 능허대로,192,,2818510100105040005000980,유원지물류센터,인천광역시 연수구 능허대로 192,406835,21960,,,,126.646403138022,37.4160093116224
MA010120220802115587,타이어피트간석,오거리점,G2,소매,G202,자동차 부품 소매,G20201,타이어 소매업,G45211,자동차 신품 타이어 및 튜브 판매업,28,인천광역시,28200,남동구,28200550,간석3동,2820010200,간석동,2820010200101090004,1,대지,109,4,인천광역시 남동구 간석동 109-4,282003000028,인천광역시 남동구 경인로,652,,2820010200101090004024070,,인천광역시 남동구 경인로 652,405801,21510,,,,126.708274795387,37.4678962579242
MA010120220802129913,다운매니아,,G2,소매,G202,자동차 부품 소매,G20201,타이어 소매업,G45211,자동차 신품 타이어 및 튜브 판매업,28,인천광역시,28200,남동구,28200710,논현고잔동,2820011100,고잔동,2820011100102050000,1,대지,205,,인천광역시 남동구 고잔동 205,282004259511,인천광역시 남동구 앵고개로697번길,96,,2820011100102050000012169,,인천광역시 남동구 앵고개로697번길 96,405816,21677,,,,126.716097050126,37.393149182978
MA010120220802146347,한국타이어,홍천점,G2,소매,G202,자동차 부품 소매,G20201,타이어 소매업,G45211,자동차 신품 타이어 및 튜브 판매업,51,강원특별자치도,51720,홍천군,51720380,북방면,5172038037,북방면,5172038037103360011,1,대지,336,11,강원특별자치도 홍천군 북방면 하화계리 336-11,517203225052,강원특별자치도 홍천군 북방면 홍천로,111,,4272038037103360011000001,,강원특별자치도 홍천군 북방면 홍천로 111,250885,25115,,,,127.859724604028,37.6951188373903
MA010120220802196146,타이어365,,G2,소매,G202,자동차 부품 소매,G20201,타이어 소매업,G45211,자동차 신품 타이어 및 튜브 판매업,41,경기도,41360,남양주시,41360265,퇴계원읍,4136026521,퇴계원읍,4136026521103560024,1,대지,356,24,경기도 남양주시 퇴계원읍 퇴계원리 356-24,413603197070,경기도 남양주시 퇴계원읍 경춘북로,433,,4136037021103560024000001,,경기도 남양주시 퇴계원읍 경춘북로 433,472822,12121,,1,,127.133102826725,37.6442542062585
MA010120220802181558,미금플러스,,G2,소매,G202,자동차 부품 소매,G20201,타이어 소매업,G45211,자동차 신품 타이어 및 튜브 판매업,41,경기도,41360,남양주시,41360530,금곡동,4136010300,금곡동,4136010300104280003,1,대지,428,3,경기도 남양주시 금곡동 428-3,413603000120,경기도 남양주시 경춘로,963,,4136010300104260002015443,,경기도 남양주시 경춘로 963,472808,12237,,,,127.208819673216,37.6337381267659
MA010120220802179366,용정타이어,,G2,소매,G202,자동차 부품 소매,G20201,타이어 소매업,G45220,자동차 중고 부품 및 내장품 판매업,41,경기도,41360,남양주시,41360259,진건읍,4136025925,진건읍,4136025925104330001,1,대지,433,1,경기도 남양주시 진건읍 용정리 433-1,413603197050,경기도 남양주시 진건읍 진건오남로,217,1,4136025925104330001009741,,경기도 남양주시 진건읍 진건오남로 217-1,472835,12130,,,,127.186902427789,37.6672733868744
MA010120220802196498,금호타이어,대리점,G2,소매,G202,자동차 부품 소매,G20201,타이어 소매업,G45211,자동차 신품 타이어 및 튜브 판매업,41,경기도,41360,남양주시,41360253,진접읍,4136025324,진접읍,4136025324102930002,1,대지,293,2,경기도 남양주시 진접읍 연평리 293-2,413603197039,경기도 남양주시 진접읍 양진로,889,,4136025324102930002023084,,경기도 남양주시 진접읍 양진로 889,472863,12073,,,,127.177888842666,37.699317056178
MA010120220802175232,장승타이어,,G2,소매,G202,자동차 부품 소매,G20201,타이어 소매업,G45220,자동차 중고 부품 및 내장품 판매업,41,경기도,41360,남양주시,41360253,진접읍,4136025323,진접읍,4136025323103730012,1,대지,373,12,경기도 남양주시 진접읍 내곡리 373-12,413603000121,경기도 남양주시 진접읍 금강로,907,6,4136025323103730012000001,,경기도 남양주시 진접읍 금강로 907-6,472863,12075,,,,127.158441293339,37.6829109884799
MA010120220802181062,타이어포시즌,,G2,소매,G202,자동차 부품 소매,G20201,타이어 소매업,G45211,자동차 신품 타이어 및 튜브 판매업,11,서울특별시,11200,성동구,11200790,용답동,1120012200,용답동,1120012200102340000,1,대지,234,,서울특별시 성동구 용답동 234,112004109510,서울특별시 성동구 자동차시장1길,70,,1120012200102340000027956,지층나열,서울특별시 성동구 자동차시장1길 70,133707,04808,,,,127.065146863891,37.5603660351847
MA010120220802187740,동연카타이어,,G2,소매,G202,자동차 부품 소매,G20201,타이어 소매업,G45211,자동차 신품 타이어 및 튜브 판매업,41,경기도,41360,남양주시,41360256,화도읍,4136025627,화도읍,4136025627103070002,1,대지,307,2,경기도 남양주시 화도읍 월산리 307-2,413603000120,경기도 남양주시 화도읍 경춘로,2166,,4136025627103070002021126,,경기도 남양주시 화도읍 경춘로 2166,472844,12190,,,,127.328598177901,37.6532328487375
MA010120220802223662,타이어테크,양평점,G2,소매,G202,자동차 부품 소매,G20201,타이어 소매업,G45211,자동차 신품 타이어 및 튜브 판매업,41,경기도,41830,양평군,41830250,양평읍,4183025032,양평읍,4183025032106910003,1,대지,691,3,경기도 양평군 양평읍 창대리 691-3,418303217015,경기도 양평군 양평읍 양근로,307,,4183025032106910003019771,,경기도 양평군 양평읍 양근로 307,476804,12562,,,,127.500151771564,37.4835330313917
MA010120220802239231,위드휠&타이어,,G2,소매,G202,자동차 부품 소매,G20201,타이어 소매업,G45211,자동차 신품 타이어 및 튜브 판매업,41,경기도,41360,남양주시,41360259,진건읍,4136025924,진건읍,4136025924105440094,1,대지,544,94,경기도 남양주시 진건읍 신월리 544-94,413603197076,경기도 남양주시 진건읍 불암로,567,,4136025924105440094000001,,경기도 남양주시 진건읍 불암로 567,472832,12131,,1,,127.153644017834,37.6600144481752
MA010120220802230738,오륜자동차공업사,,G2,소매,G202,자동차 부품 소매,G20201,타이어 소매업,G45211,자동차 신품 타이어 및 튜브 판매업,41,경기도,41360,남양주시,41360253,진접읍,4136025322,진접읍,4136025322102710004,1,대지,271,4,경기도 남양주시 진접읍 내각리 271-4,413603000121,경기도 남양주시 진접읍 금강로,1181,,4136025322102710004024039,,경기도 남양주시 진접읍 금강로 1181,472862,12072,,,,127.167286784117,37.7043870391676
MA010120220802222036,조은타이어,,G2,소매,G202,자동차 부품 소매,G20201,타이어 소매업,G45211,자동차 신품 타이어 및 튜브 판매업,41,경기도,41360,남양주시,41360540,양정동,4136010400,일패동,4136010400105240000,1,대지,524,,경기도 남양주시 일패동 524,413603000120,경기도 남양주시 경춘로,727,1,4136010400105240000008711,,경기도 남양주시 경춘로 727-1,472932,12242,,,,127.187099807027,37.6239718496388
MA010120220802314149,ZPROADSPECIAL,,G2,소매,G202,자동차 부품 소매,G20201,타이어 소매업,G45220,자동차 중고 부품 및 내장품 판매업,41,경기도,41271,안산시 상록구,41271540,본오1동,4127110400,본오동,4127110400108300010,1,대지,830,10,경기도 안산시 상록구 본오동 830-10,412713190003,경기도 안산시 상록구 각골로,27,,4127110400108300010018303,상가,경기도 안산시 상록구 각골로 27,426812,15556,,1,,126.872245842896,37.2918749472681
MA010120220802292600,명자동차공업사,,G2,소매,G202,자동차 부품 소매,G20201,타이어 소매업,G45211,자동차 신품 타이어 및 튜브 판매업,28,인천광역시,28177,미추홀구,28177580,학익1동,2817710300,학익동,2817710300105870273,1,대지,587,273,인천광역시 미추홀구 학익동 587-273,281774253457,인천광역시 미추홀구 아암대로227번길,28,,2817010300105870273000001,,인천광역시 미추홀구 아암대로227번길 28,402865,22196,,,,126.634574580024,37.4418594208667
MA010120220802295365,한국타이어금화,대리점,G2,소매,G202,자동차 부품 소매,G20201,타이어 소매업,G45211,자동차 신품 타이어 및 튜브 판매업,51,강원특별자치도,51780,철원군,51780253,김화읍,5178025321,김화읍,5178025321102480001,1,대지,248,1,강원특별자치도 철원군 김화읍 학사리 248-1,517803230007,강원특별자치도 철원군 김화읍 김화로,628,,4278025321102480001028517,,강원특별자치도 철원군 김화읍 김화로 628,269831,24054,,,,127.420052623766,38.2474851411125
MA010120220802310045,서산IC타이어,,G2,소매,G202,자동차 부품 소매,G20201,타이어 소매업,G45211,자동차 신품 타이어 및 튜브 판매업,44,충청남도,44210,서산시,44210380,운산면,4421038033,운산면,4421038033104300015,1,대지,430,15,충청남도 서산시 운산면 갈산리 430-15,442103254232,충청남도 서산시 운산면 장벌1로,16,,4421038033104300015000001,,충청남도 서산시 운산면 장벌1로 16,356832,31945,,,,126.578799791532,36.8098169249928
MA010120220802312792,대덕상사,,G2,소매,G202,자동차 부품 소매,G20201,타이어 소매업,G45212,자동차용 전용 신품 부품 판매업,41,경기도,41390,시흥시,41390592,정왕2동,4139013200,정왕동,4139013200121670008,1,대지,2167,8,경기도 시흥시 정왕동 2167-8,413903199009,경기도 시흥시 군자천로,267,,4139013200121670008019203,호,경기도 시흥시 군자천로 267,429452,15082,,,,126.729664624855,37.3414532062168
MA010120220803916613,삼광타이어,,G2,소매,G202,자동차 부품 소매,G20201,타이어 소매업,G45220,자동차 중고 부품 및 내장품 판매업,41,경기도,41650,포천시,41650340,신북면,4165034021,신북면,4165034021100120001,1,대지,12,1,경기도 포천시 신북면 가채리 12-1,416503000136,경기도 포천시 신북면 호국로,1899,36,4165034021100120001038927,,경기도 포천시 신북면 호국로 1899-36,487911,11139,,,,127.218557009441,37.9209471796112
MA010120220803940794,타이어마트,,G2,소매,G202,자동차 부품 소매,G20201,타이어 소매업,G45211,자동차 신품 타이어 및 튜브 판매업,11,서울특별시,11350,노원구,11350640,상계2동,1135010500,상계동,1135010500103990002,1,대지,399,2,서울특별시 노원구 상계동 399-2,113503110002,서울특별시 노원구 노원로,475,,1135010500103990002007161,,서울특별시 노원구 노원로 475,139818,01691,,1,,127.064915312891,37.6586370573939
MA010120220803958602,타이어패밀리,,G2,소매,G202,자동차 부품 소매,G20201,타이어 소매업,G45211,자동차 신품 타이어 및 튜브 판매업,11,서울특별시,11320,도봉구,11320511,창1동,1132010700,창동,1132010700106940001,1,대지,694,1,서울특별시 도봉구 창동 694-1,113203005047,서울특별시 도봉구 노해로,284,,1132010700106940001018469,,서울특별시 도봉구 노해로 284,132925,01483,,,,127.039570912065,37.6513683445725
MA010120220803922622,거산타이어,,G2,소매,G202,자동차 부품 소매,G20201,타이어 소매업,G45211,자동차 신품 타이어 및 튜브 판매업,44,충청남도,44270,당진시,44270380,신평면,4427038023,신평면,4427038023104530007,1,대지,453,7,충청남도 당진시 신평면 거산리 453-7,442703000117,충청남도 당진시 신평면 서해로,6869,,4483038023104530007042658,,충청남도 당진시 신평면 서해로 6869,343811,31739,,,,126.740441872139,36.8865669352132
MA010120220803936563,출장빵구신광타이어,,G2,소매,G202,자동차 부품 소매,G20201,타이어 소매업,G45211,자동차 신품 타이어 및 튜브 판매업,41,경기도,41630,양주시,41630530,회천1동,4163011100,봉양동,4163011100107550003,1,대지,755,3,경기도 양주시 봉양동 755-3,416303212022,경기도 양주시 칠봉산로,405,,4163011100107550003013282,,경기도 양주시 칠봉산로 405,482090,11447,,,,127.064073353008,37.8652830512901
MA010120220803990562,한국타이어도봉,대리점,G2,소매,G202,자동차 부품 소매,G20201,타이어 소매업,G45211,자동차 신품 타이어 및 튜브 판매업,11,서울특별시,11320,도봉구,11320690,방학1동,1132010600,방학동,1132010600106800030,1,대지,680,30,서울특별시 도봉구 방학동 680-30,113203005039,서울특별시 도봉구 도봉로,665,,1132010600106800030003466,,서울특별시 도봉구 도봉로 665,132850,01346,,,,127.042240961215,37.6638279990689
MA010120220804013130,세븐타이어,,G2,소매,G202,자동차 부품 소매,G20201,타이어 소매업,G45220,자동차 중고 부품 및 내장품 판매업,28,인천광역시,28260,서구,28260580,가좌1동,2826011200,가좌동,2826011200101730055,1,대지,173,55,인천광역시 서구 가좌동 173-55,282604268312,인천광역시 서구 봉수대로162번길,21,,2826011200101730335000001,,인천광역시 서구 봉수대로162번길 21,404811,22840,,1,,126.663614213733,37.49018556315
MA010120220804045707,타이어넷,,G2,소매,G202,자동차 부품 소매,G20201,타이어 소매업,G45220,자동차 중고 부품 및 내장품 판매업,41,경기도,41220,평택시,41220620,비전1동,4122012700,죽백동,4122012700101220000,1,대지,122,,경기도 평택시 죽백동 122,412204364708,경기도 평택시 죽백1길,8,,4122012700101220000000001,,경기도 평택시 죽백1길 8,450804,17865,,,,127.134894476571,37.0138995104726
MA010120220804049124,타이어천국,동구점,G2,소매,G202,자동차 부품 소매,G20201,타이어 소매업,G45211,자동차 신품 타이어 및 튜브 판매업,31,울산광역시,31170,동구,31170510,방어동,3117010100,방어동,3117010100100740008,1,대지,74,8,울산광역시 동구 방어동 74-8,311702011001,울산광역시 동구 방어진순환도로,549,,3117010100100740008010257,,울산광역시 동구 방어진순환도로 549,682803,44090,,,,129.42591746105,35.4910660214304
MA010120220805418652,타이어프로,안양점,G2,소매,G202,자동차 부품 소매,G20201,타이어 소매업,G45211,자동차 신품 타이어 및 튜브 판매업,41,경기도,41173,안양시 동안구,41173552,관양동,4117310200,관양동,4117310200114420005,1,대지,1442,5,경기도 안양시 동안구 관양동 1442-5,411733183003,경기도 안양시 동안구 관평로,291,,4117310200114420005003366,1~2층,경기도 안양시 동안구 관평로 291,431807,13944,,,,126.956708922525,37.4025913953715
MA010120220805423412,타이어,전문점,G2,소매,G202,자동차 부품 소매,G20201,타이어 소매업,G45211,자동차 신품 타이어 및 튜브 판매업,52,전북특별자치도,52800,부안군,52800330,행안면,5280033023,행안면,5280033023101890007,1,대지,189,7,전북특별자치도 부안군 행안면 진동리 189-7,528003280096,전북특별자치도 부안군 행안면 부안로,2501,,4580033023101890007095771,,전북특별자치도 부안군 행안면 부안로 2501,579831,56319,,,,126.717930358917,35.7170840694278
MA010120220805521694,타이어코디,,G2,소매,G202,자동차 부품 소매,G20201,타이어 소매업,G45211,자동차 신품 타이어 및 튜브 판매업,11,서울특별시,11350,노원구,11350630,상계1동,1135010500,상계동,1135010500111420011,1,대지,1142,11,서울특별시 노원구 상계동 1142-11,113504130252,서울특별시 노원구 동일로243길,51,,1135010500111420011009527,,서울특별시 노원구 동일로243길 51,139838,01605,,1,,127.052213668192,37.6785640362559
MA010120220805530208,안성맞춤타이어,,G2,소매,G202,자동차 부품 소매,G20201,타이어 소매업,G45211,자동차 신품 타이어 및 튜브 판매업,41,경기도,41550,안성시,41550310,보개면,4155031030,보개면,4155031030101300000,1,대지,130,,경기도 안성시 보개면 내방리 130,415502012006,경기도 안성시 보개면 서동대로,5675,,4155031030101300010029856,,경기도 안성시 보개면 서동대로 5675,456872,17508,,,,127.320299828247,37.0173104571979
MA010120220805533220,봉실타이어,,G2,소매,G202,자동차 부품 소매,G20201,타이어 소매업,G45211,자동차 신품 타이어 및 튜브 판매업,52,전북특별자치도,52710,완주군,52710253,봉동읍,5271025324,봉동읍,5271025324102970007,1,대지,297,7,전북특별자치도 완주군 봉동읍 둔산리 297-7,527103016033,전북특별자치도 완주군 봉동읍 봉동로,646,,4571025324200550001011492,,전북특별자치도 완주군 봉동읍 봉동로 646,565902,55317,,,,127.128656743381,35.9670030032952
MA010120220805559203,한국타이어,율량점,G2,소매,G202,자동차 부품 소매,G20201,타이어 소매업,G45211,자동차 신품 타이어 및 튜브 판매업,43,충청북도,43114,청주시 청원구,43114540,율량.사천동,4311410300,율량동,4311410300112270000,1,대지,1227,,충청북도 청주시 청원구 율량동 1227,431143236064,충청북도 청주시 청원구 공항로,135,,4311111500112270000047307,,충청북도 청주시 청원구 공항로 135,363820,28338,,,,127.484471830448,36.6690024077383
MA010120220805557219,타이어마스타부분정비공업사,,G2,소매,G202,자동차 부품 소매,G20201,타이어 소매업,G45211,자동차 신품 타이어 및 튜브 판매업,43,충청북도,43111,청주시 상당구,43111690,용담.명암.산성동,4311112100,용담동,4311112100100060000,1,대지,6,,충청북도 청주시 상당구 용담동 6,431114508009,충청북도 청주시 상당구 1순환로1656번길,4,,4311112100100060000050308,,충청북도 청주시 상당구 1순환로1656번길 4,360190,28754,,1,,127.512979199199,36.6377671969839
MA010120220805553777,형재중고타이어,,G2,소매,G202,자동차 부품 소매,G20201,타이어 소매업,G45220,자동차 중고 부품 및 내장품 판매업,43,충청북도,43112,청주시 서원구,43112590,성화.개신.죽림동,4311210900,개신동,4311210900102790011,1,대지,279,11,충청북도 청주시 서원구 개신동 279-11,431123237050,충청북도 청주시 서원구 성봉로,214,,4311311100102790001000009,,충청북도 청주시 서원구 성봉로 214,362804,28645,,,,127.44996955174,36.624027295245
MA010120220806911638,중부상사,,G2,소매,G202,자동차 부품 소매,G20201,타이어 소매업,G45211,자동차 신품 타이어 및 튜브 판매업,43,충청북도,43113,청주시 흥덕구,43113760,강서1동,4311312400,지동동,4311312400107330001,1,대지,733,1,충청북도 청주시 흥덕구 지동동 733-1,431133237009,충청북도 청주시 흥덕구 고락로,4,,4311312400107330001026054,,충청북도 청주시 흥덕구 고락로 4,361400,28359,,,,127.401786568961,36.6457635893481
MA010120220806914914,한국타이어계양점,,G2,소매,G202,자동차 부품 소매,G20201,타이어 소매업,G45211,자동차 신품 타이어 및 튜브 판매업,28,인천광역시,28245,계양구,28245621,작전1동,2824510300,작전동,2824510300108700000,1,대지,870,,인천광역시 계양구 작전동 870,282452000016,인천광역시 계양구 봉오대로,700,,2824510300108700000036575,,인천광역시 계양구 봉오대로 700,407820,21116,,,,126.726407259929,37.529694419461
MA010120220806973829,통큰타이어,,G2,소매,G202,자동차 부품 소매,G20201,타이어 소매업,G45211,자동차 신품 타이어 및 튜브 판매업,48,경상남도,48310,거제시,48310360,사등면,4831036021,사등면,4831036021108670001,1,대지,867,1,경상남도 거제시 사등면 사곡리 867-1,483103337064,경상남도 거제시 사등면 두동로,52,1,4831036021108670001020673,,경상남도 거제시 사등면 두동로 52-1,656882,53278,,,,128.566755401321,34.8961034202452
MA010120220806950163,세아타이어,,G2,소매,G202,자동차 부품 소매,G20201,타이어 소매업,G45211,자동차 신품 타이어 및 튜브 판매업,44,충청남도,44210,서산시,44210525,동문1동,4421010200,동문동,4421010200101670035,1,대지,167,35,충청남도 서산시 동문동 167-35,442104562691,충청남도 서산시 청지천1길,5,10,4421010200101670035000001,,충청남도 서산시 청지천1길 5-10,356800,32002,,,,126.470818831678,36.7797572016653
MA010120220806960959,타이어스토리,,G2,소매,G202,자동차 부품 소매,G20201,타이어 소매업,G45211,자동차 신품 타이어 및 튜브 판매업,46,전라남도,46110,목포시,46110545,산정동,4611010200,산정동,4611010200102870067,1,대지,287,67,전라남도 목포시 산정동 287-67,461103281052,전라남도 목포시 양을로,127,,4611010200102870013012393,,전라남도 목포시 양을로 127,530808,58634,,,,126.385528163266,34.8081466115014
MA010120220806989739,한국타이어북신점,,G2,소매,G202,자동차 부품 소매,G20201,타이어 소매업,G45211,자동차 신품 타이어 및 튜브 판매업,48,경상남도,48220,통영시,48220600,북신동,4822011000,북신동,4822011000105870001,1,대지,587,1,경상남도 통영시 북신동 587-1,482204799523,경상남도 통영시 장골로,46,,4822011000105870001000203,,경상남도 통영시 장골로 46,650805,53046,,,,128.423028572197,34.8576010935754
MA010120220806997588,날아라타이어,,G2,소매,G202,자동차 부품 소매,G20201,타이어 소매업,G45211,자동차 신품 타이어 및 튜브 판매업,51,강원특별자치도,51730,횡성군,51730250,횡성읍,5173025022,횡성읍,5173025022100690000,1,대지,69,,강원특별자치도 횡성군 횡성읍 읍하리 69,517303226080,강원특별자치도 횡성군 횡성읍 태기로,25,,4273025022100690000022525,,강원특별자치도 횡성군 횡성읍 태기로 25,225808,25220,,,,127.986294977369,37.4911423411444
MA010120220806992629,한진자동차,,G2,소매,G202,자동차 부품 소매,G20201,타이어 소매업,G45211,자동차 신품 타이어 및 튜브 판매업,41,경기도,41463,용인시 기흥구,41463590,보정동,4146311800,보정동,4146311800103000001,1,대지,300,1,경기도 용인시 기흥구 보정동 300-1,414633205019,경기도 용인시 기흥구 진산로,136,,4146311800103000001024842,,경기도 용인시 기흥구 진산로 136,446850,16923,,,,127.100490286733,37.3215723259661
MA010120220806995554,다모아중고타이어화북점,,G2,소매,G202,자동차 부품 소매,G20201,타이어 소매업,G45220,자동차 중고 부품 및 내장품 판매업,50,제주특별자치도,50110,제주시,50110600,화북동,5011011100,화북일동,5011011100137970004,1,대지,3797,4,제주특별자치도 제주시 화북일동 3797-4,501103349225,제주특별자치도 제주시 화남로,7,,5011011100137970004065618,,제주특별자치도 제주시 화남로 7,690061,63298,,,,126.563357357384,33.5173573269791
MA010120220807004138,타이어창고,,G2,소매,G202,자동차 부품 소매,G20201,타이어 소매업,G45211,자동차 신품 타이어 및 튜브 판매업,41,경기도,41650,포천시,41650250,소흘읍,4165025022,소흘읍,4165025022103470006,1,대지,347,6,경기도 포천시 소흘읍 이동교리 347-6,416503000136,경기도 포천시 소흘읍 호국로,324,,4165025022103470006006338,,경기도 포천시 소흘읍 호국로 324,487826,11184,,,,127.130967375787,37.8023140000292
MA010120220807019258,타이어테크청주,동남점,G2,소매,G202,자동차 부품 소매,G20201,타이어 소매업,G45211,자동차 신품 타이어 및 튜브 판매업,43,충청북도,43111,청주시 상당구,43111730,용암2동,4311112800,지북동,4311112800101180000,1,대지,118,,충청북도 청주시 상당구 지북동 118,431113014001,충청북도 청주시 상당구 목련로,56,,4311112800101180000000001,주건축물제,충청북도 청주시 상당구 목련로 56,360102,28759,,,,127.511170572955,36.599242656757
MA010120220807005289,하이카타이어,,G2,소매,G202,자동차 부품 소매,G20201,타이어 소매업,G45211,자동차 신품 타이어 및 튜브 판매업,51,강원특별자치도,51130,원주시,51130600,우산동,5113011100,우산동,5113011100101260024,1,대지,126,24,강원특별자치도 원주시 우산동 126-24,511304457330,강원특별자치도 원주시 상지대길,31,,4213011100101260001020195,,강원특별자치도 원주시 상지대길 31,220952,26342,,,,127.938379978326,37.3693591239084
MA010120220807029384,픽스팩토리,2호점,G2,소매,G202,자동차 부품 소매,G20201,타이어 소매업,G45211,자동차 신품 타이어 및 튜브 판매업,48,경상남도,48330,양산시,48330330,상북면,4833033023,상북면,4833033023106730000,1,대지,673,,경상남도 양산시 상북면 소토리 673,483304814669,경상남도 양산시 상북면 와곡4길,53,,4833033023106730000000001,,경상남도 양산시 상북면 와곡4길 53,626856,50566,,,,129.054953976418,35.3803965522663
MA010120220807048702,타이어프로,이동점,G2,소매,G202,자동차 부품 소매,G20201,타이어 소매업,G45211,자동차 신품 타이어 및 튜브 판매업,47,경상북도,47111,포항시 남구,47111590,대이동,4711111700,이동,4711111700201370002,2,산,137,2,경상북도 포항시 남구 이동 산137-2,471112303003,경상북도 포항시 남구 포스코대로,97,,4711111700201370002000001,외,경상북도 포항시 남구 포스코대로 97,790320,37659,,,,129.336215301784,36.0255353638039
MA010120220807054953,신현대상사,,G2,소매,G202,자동차 부품 소매,G20201,타이어 소매업,G45211,자동차 신품 타이어 및 튜브 판매업,41,경기도,41550,안성시,41550400,죽산면,4155040025,죽산면,4155040025105820010,1,대지,582,10,경기도 안성시 죽산면 장능리 582-10,415503208059,경기도 안성시 죽산면 삼죽로,288,,4155040025105820010000001,,경기도 안성시 죽산면 삼죽로 288,456892,17521,,,,127.392135147627,37.0736189386305
MA010120220807049646,더조은타이어,,G2,소매,G202,자동차 부품 소매,G20201,타이어 소매업,G45211,자동차 신품 타이어 및 튜브 판매업,41,경기도,41590,화성시,41590360,팔탄면,4159036025,팔탄면,4159036025101690004,1,대지,169,4,경기도 화성시 팔탄면 구장리 169-4,415903000117,경기도 화성시 팔탄면 서해로,1112,,4159036025101690004006880,,경기도 화성시 팔탄면 서해로 1112,445915,18529,,,,126.893148359186,37.1606310622595
MA010120220807046791,새시대타이어,,G2,소매,G202,자동차 부품 소매,G20201,타이어 소매업,G45211,자동차 신품 타이어 및 튜브 판매업,11,서울특별시,11530,구로구,11530720,고척1동,1153010600,고척동,1153010600100430039,1,대지,43,39,서울특별시 구로구 고척동 43-39,115304148103,서울특별시 구로구 경인로47길,142,,1153010600100430039013222,,서울특별시 구로구 경인로47길 142,152823,08218,,,,126.862904030258,37.5047937732938
MA010120220807061004,위드타이어,,G2,소매,G202,자동차 부품 소매,G20201,타이어 소매업,G45211,자동차 신품 타이어 및 튜브 판매업,41,경기도,41173,안양시 동안구,41173559,인덕원동,4117310200,관양동,4117310200107920002,1,대지,792,2,경기도 안양시 동안구 관양동 792-2,411733196015,경기도 안양시 동안구 벌말로,123,,4117310200107920002013332,평촌스마트베이,경기도 안양시 동안구 벌말로 123,431804,14056,,11,,126.968309482599,37.3994865504194
MA010120220807053697,타이어테크,옥포점,G2,소매,G202,자동차 부품 소매,G20201,타이어 소매업,G45211,자동차 신품 타이어 및 튜브 판매업,48,경상남도,48310,거제시,48310370,연초면,4831037030,연초면,4831037030101560006,1,대지,156,6,경상남도 거제시 연초면 송정리 156-6,483102006004,경상남도 거제시 연초면 거제대로,3916,,4831010600118640001044187,양지휴게소내,경상남도 거제시 연초면 거제대로 3916,656812,53218,,,,128.683211490874,34.9035948962872
MA010120220808345003,타이어솔루션,,G2,소매,G202,자동차 부품 소매,G20201,타이어 소매업,G45211,자동차 신품 타이어 및 튜브 판매업,41,경기도,41463,용인시 기흥구,41463510,신갈동,4146310100,신갈동,4146310100100590002,1,대지,59,2,경기도 용인시 기흥구 신갈동 59-2,414632012012,경기도 용인시 기흥구 중부대로,339,,4146310100100590001229388,,경기도 용인시 기흥구 중부대로 339,446596,16967,,,,127.104663379587,37.2717864262202
MA010120220808369316,영동타이어,,G2,소매,G202,자동차 부품 소매,G20201,타이어 소매업,G45211,자동차 신품 타이어 및 튜브 판매업,43,충청북도,43740,영동군,43740360,양강면,4374036022,양강면,4374036022105940000,1,대지,594,,충청북도 영동군 양강면 가동리 594,437404529012,충청북도 영동군 양강면 가동1길,13,19,4374036022105940000003078,,충청북도 영동군 양강면 가동1길 13-19,370811,29156,,,,127.761472483392,36.1609553215576
MA010120220808379904,소원타이어,,G2,소매,G202,자동차 부품 소매,G20201,타이어 소매업,G45220,자동차 중고 부품 및 내장품 판매업,51,강원특별자치도,51150,강릉시,51150340,강동면,5115034021,강동면,5115034021103410001,1,대지,341,1,강원특별자치도 강릉시 강동면 상시동리 341-1,511504460979,강원특별자치도 강릉시 강동면 풍호길,38,,4215034021003410001038367,,강원특별자치도 강릉시 강동면 풍호길 38,210821,25620,,,,128.946676359934,37.7372420814163
MA010120220808349186,그린타이어,,G2,소매,G202,자동차 부품 소매,G20201,타이어 소매업,G45211,자동차 신품 타이어 및 튜브 판매업,41,경기도,41630,양주시,41630340,장흥면,4163034023,장흥면,4163034023104040000,1,대지,404,,경기도 양주시 장흥면 부곡리 404,416303212001,경기도 양주시 장흥면 가마골로,85,,4163034023104040000048515,,경기도 양주시 장흥면 가마골로 85,482812,11521,,,,126.976587596671,37.7258744659628
MA010120220808424183,금호타이어부안,대리점,G2,소매,G202,자동차 부품 소매,G20201,타이어 소매업,G45211,자동차 신품 타이어 및 튜브 판매업,52,전북특별자치도,52800,부안군,52800250,부안읍,5280025022,부안읍,5280025022105400004,1,대지,540,4,전북특별자치도 부안군 부안읍 서외리 540-4,528003280067,전북특별자치도 부안군 부안읍 오리정로,97,,4580025022105400004000001,,전북특별자치도 부안군 부안읍 오리정로 97,579803,56313,,,,126.732828459517,35.7235261142899
MA010120220808436606,안전타이어,,G2,소매,G202,자동차 부품 소매,G20201,타이어 소매업,G45211,자동차 신품 타이어 및 튜브 판매업,41,경기도,41590,화성시,41590320,비봉면,4159032027,비봉면,4159032027102770000,1,대지,277,,경기도 화성시 비봉면 청요리 277,415903210103,경기도 화성시 비봉면 주석로,699,,4159032027200500001015282,,경기도 화성시 비봉면 주석로 699,445843,18525,,,,126.896855377336,37.1997851668729
MA010120220808457985,창통개발,,G2,소매,G202,자동차 부품 소매,G20201,타이어 소매업,G45211,자동차 신품 타이어 및 튜브 판매업,48,경상남도,48127,창원시 마산회원구,48127250,내서읍,4812725022,내서읍,4812725022104890000,1,대지,489,,경상남도 창원시 마산회원구 내서읍 평성리 489,481273330038,경상남도 창원시 마산회원구 내서읍 호원로,417,,4812725022104890000057708,,경상남도 창원시 마산회원구 내서읍 호원로 417,630856,51213,,,,128.529786505955,35.2680652910462
MA010120220808458185,와이에스무역,,G2,소매,G202,자동차 부품 소매,G20201,타이어 소매업,G45211,자동차 신품 타이어 및 튜브 판매업,41,경기도,41285,고양시 일산동구,41285600,고봉동,4128511100,설문동,4128511100107260004,1,대지,726,4,경기도 고양시 일산동구 설문동 726-4,412853012034,경기도 고양시 일산동구 고봉로,719,,4128511100107260004017696,,경기도 고양시 일산동구 고봉로 719,410819,10245,,,,126.788984572537,37.7210479417468
MA010120220808501642,봉봉테크,,G2,소매,G202,자동차 부품 소매,G20201,타이어 소매업,G45211,자동차 신품 타이어 및 튜브 판매업,28,인천광역시,28237,부평구,28237680,십정1동,2823710200,십정동,2823710200105580026,1,대지,558,26,인천광역시 부평구 십정동 558-26,282373008036,인천광역시 부평구 가재울로,174,,2823710200105580026000001,,인천광역시 부평구 가재울로 174,403847,21449,,,,126.688591808285,37.4712428236065
MA010120220808474560,타이어할인점,,G2,소매,G202,자동차 부품 소매,G20201,타이어 소매업,G45211,자동차 신품 타이어 및 튜브 판매업,44,충청남도,44770,서천군,44770253,서천읍,4477025321,서천읍,4477025321102040012,1,대지,204,12,충청남도 서천군 서천읍 군사리 204-12,447704580071,충청남도 서천군 서천읍 군사길,28,,4477025321102040012026283,,충청남도 서천군 서천읍 군사길 28,325802,33645,,,,126.697734239734,36.0767581016954
MA010120220808504796,동성중고타이어,,G2,소매,G202,자동차 부품 소매,G20201,타이어 소매업,G45220,자동차 중고 부품 및 내장품 판매업,48,경상남도,48250,김해시,48250540,내외동,4825010900,외동,4825010900112090008,1,대지,1209,8,경상남도 김해시 외동 1209-8,482502335002,경상남도 김해시 금관대로,1216,1,4825010900112090008090238,,경상남도 김해시 금관대로 1216-1,621919,50955,,,,128.855346969462,35.2347709759648
MA010120220809874942,타이어프로비전점,,G2,소매,G202,자동차 부품 소매,G20201,타이어 소매업,G45211,자동차 신품 타이어 및 튜브 판매업,41,경기도,41220,평택시,41220620,비전1동,4122011800,비전동,4122011800107770000,1,대지,777,,경기도 평택시 비전동 777,412203188117,경기도 평택시 평택1로,122,,4122011800107770000000001,,경기도 평택시 평택1로 122,450808,17880,,1,,127.090631486261,37.0024708066153
MA010120220809863850,타이어프로,명지점,G2,소매,G202,자동차 부품 소매,G20201,타이어 소매업,G45211,자동차 신품 타이어 및 튜브 판매업,26,부산광역시,26440,강서구,26440545,명지2동,2644010400,명지동,2644010400132290019,1,대지,3229,19,부산광역시 강서구 명지동 3229-19,264403136050,부산광역시 강서구 명지오션시티9로,30,,2644010400132290019000001,,부산광역시 강서구 명지오션시티9로 30,618814,46762,,,,128.899965012869,35.0881396946959
MA010120220809875022,카우타이어,,G2,소매,G202,자동차 부품 소매,G20201,타이어 소매업,G45211,자동차 신품 타이어 및 튜브 판매업,41,경기도,41370,오산시,41370546,신장2동,4137011000,내삼미동,4137011000104930040,1,대지,493,40,경기도 오산시 내삼미동 493-40,413702012013,경기도 오산시 경기대로,612,,4137011000104930040000001,,경기도 오산시 경기대로 612,447220,18112,,,,127.059512393648,37.1769103386343
MA010120220809879145,경문타이어,,G2,소매,G202,자동차 부품 소매,G20201,타이어 소매업,G45211,자동차 신품 타이어 및 튜브 판매업,11,서울특별시,11200,성동구,11200790,용답동,1120012200,용답동,1120012200102340000,1,대지,234,,서울특별시 성동구 용답동 234,112004109510,서울특별시 성동구 자동차시장1길,70,,1120012200102340000027956,,서울특별시 성동구 자동차시장1길 70,133707,04808,,,,127.065146863891,37.5603660351847
MA010120220809865590,타이어벨리,,G2,소매,G202,자동차 부품 소매,G20201,타이어 소매업,G45211,자동차 신품 타이어 및 튜브 판매업,27,대구광역시,27140,동구,27140747,안심4동,2714011600,동호동,2714011600102050001,1,대지,205,1,대구광역시 동구 동호동 205-1,271403142029,대구광역시 동구 안심로,285,,2714011600102050002010439,,대구광역시 동구 안심로 285,701848,41079,,1,,128.716086390253,35.8661755869594
MA010120220809904779,타이어프로,연향점,G2,소매,G202,자동차 부품 소매,G20201,타이어 소매업,G45211,자동차 신품 타이어 및 튜브 판매업,46,전라남도,46150,순천시,46150570,덕연동,4615011400,연향동,4615011400113180006,1,대지,1318,6,전라남도 순천시 연향동 1318-6,461503283028,전라남도 순천시 충효로,140,,4615011400113180006077812,,전라남도 순천시 충효로 140,540952,57967,,,,127.51659192259,34.9510839805236
MA010120220809927062,착한타이어,,G2,소매,G202,자동차 부품 소매,G20201,타이어 소매업,G45211,자동차 신품 타이어 및 튜브 판매업,46,전라남도,46870,영광군,46870250,영광읍,4687025028,영광읍,4687025028104310009,1,대지,431,9,전라남도 영광군 영광읍 단주리 431-9,468703298032,전라남도 영광군 영광읍 월현로,85,,4687025028104310009000001,,전라남도 영광군 영광읍 월현로 85,513809,57037,,,,126.497014713635,35.2814964475926
MA010120220809892669,중고타이어119,,G2,소매,G202,자동차 부품 소매,G20201,타이어 소매업,G45211,자동차 신품 타이어 및 튜브 판매업,41,경기도,41210,광명시,41210631,하안1동,4121010300,하안동,4121010300103030001,1,대지,303,1,경기도 광명시 하안동 303-1,412104361243,경기도 광명시 오리로651번길,6,,4121010300103030001012493,,경기도 광명시 오리로651번길 6,423745,14303,,,,126.876188484204,37.4595057465091
MA010120220809967842,모빌리티에스티멤버스,,G2,소매,G202,자동차 부품 소매,G20201,타이어 소매업,M71531,경영 컨설팅업,11,서울특별시,11350,노원구,11350560,월계1동,1135010200,월계동,1135010200109340000,1,대지,934,,서울특별시 노원구 월계동 934,113504130329,서울특별시 노원구 월계로44길,13,,1135010200108710003018647,,서울특별시 노원구 월계로44길 13,139847,01884,,,,127.051507604938,37.624667553662
MA010120220809950649,더라운드,,G2,소매,G202,자동차 부품 소매,G20201,타이어 소매업,G45211,자동차 신품 타이어 및 튜브 판매업,51,강원특별자치도,51810,인제군,51810320,북면,5181032021,북면,5181032021106500005,1,대지,650,5,강원특별자치도 인제군 북면 원통리 650-5,518103000121,강원특별자치도 인제군 북면 금강로,29,,4281032021006500005011319,,강원특별자치도 인제군 북면 금강로 29,252822,24617,,,,128.206374699495,38.1226641667347
MA010120220809997653,맥스런,,G2,소매,G202,자동차 부품 소매,G20201,타이어 소매업,G45211,자동차 신품 타이어 및 튜브 판매업,41,경기도,41480,파주시,41480310,월롱면,4148031023,월롱면,4148031023100920001,1,대지,92,1,경기도 파주시 월롱면 덕은리 92-1,414804418904,경기도 파주시 월롱면 휴암로79번길,62,24,4148031023100920001000001,,경기도 파주시 월롱면 휴암로79번길 62-24,413811,10844,,,,126.783828752722,37.7973232927283
MA010120220810018768,타이어아울렛문학점,,G2,소매,G202,자동차 부품 소매,G20201,타이어 소매업,G45211,자동차 신품 타이어 및 튜브 판매업,41,경기도,41590,화성시,41590410,정남면,4159041027,정남면,4159041027105080002,1,대지,508,2,경기도 화성시 정남면 문학리 508-2,415903210060,경기도 화성시 정남면 서봉로,937,,4159041027105080002000001,,경기도 화성시 정남면 서봉로 937,445961,18522,,,,126.966891138312,37.1571244373108
MA010120220809995808,아이케이중고타이어,,G2,소매,G202,자동차 부품 소매,G20201,타이어 소매업,G45220,자동차 중고 부품 및 내장품 판매업,41,경기도,41113,수원시 권선구,41113550,평동,4111312700,평동,4111312700100100026,1,대지,10,26,경기도 수원시 권선구 평동 10-26,411133175046,경기도 수원시 권선구 평동로,94,,4111312700100100026036544,,경기도 수원시 권선구 평동로 94,441230,16598,,,,126.994476291711,37.2592810488815
MA010120220810001201,킴스타이어,,G2,소매,G202,자동차 부품 소매,G20201,타이어 소매업,G45211,자동차 신품 타이어 및 튜브 판매업,41,경기도,41192,부천시 원미구,41192670,상동,4119210900,상동,4119210900104410004,1,대지,441,4,경기도 부천시 원미구 상동 441-4,411924352054,경기도 부천시 원미구 부일로243번길,52,12,4119510900104410004002924,,경기도 부천시 원미구 부일로243번길 52-12,420816,14622,,1,,126.758086787509,37.4905339123464
MA010120220809998839,명성타이어,,G2,소매,G202,자동차 부품 소매,G20201,타이어 소매업,G45211,자동차 신품 타이어 및 튜브 판매업,41,경기도,41220,평택시,41220370,현덕면,4122037030,현덕면,4122037030105700013,1,대지,570,13,경기도 평택시 현덕면 권관리 570-13,412202012006,경기도 평택시 현덕면 서동대로,83,,4122037030105700013049317,,경기도 평택시 현덕면 서동대로 83,451811,17948,,,,126.906428345941,36.9171354748169
MA010120220800206442,타이어타운성산점,,G2,소매,G202,자동차 부품 소매,G20201,타이어 소매업,G45211,자동차 신품 타이어 및 튜브 판매업,11,서울특별시,11440,마포구,11440730,성산2동,1144012500,성산동,1144012500105920003,1,대지,592,3,서울특별시 마포구 성산동 592-3,114404139505,서울특별시 마포구 월드컵로34길,8,,1144012500105920003018034,상암도시엔오피스텔,서울특별시 마포구 월드컵로34길 8,121850,03938,,,,126.903337887597,37.5647953609749
MA010120220800192707,신흥타이어,,G2,소매,G202,자동차 부품 소매,G20201,타이어 소매업,G45211,자동차 신품 타이어 및 튜브 판매업,11,서울특별시,11230,동대문구,11230650,장안1동,1123010600,장안동,1123010600104560005,1,대지,456,5,서울특별시 동대문구 장안동 456-5,112303105011,서울특별시 동대문구 장안벚꽃로,9,,1123010600104560006015968,,서울특별시 동대문구 장안벚꽃로 9,130846,02646,,1,,127.071078688892,37.5615789585608
MA010120220800229862,도전타이어,,G2,소매,G202,자동차 부품 소매,G20201,타이어 소매업,G45220,자동차 중고 부품 및 내장품 판매업,41,경기도,41670,여주시,41670370,강천면,4167037029,강천면,4167037029108890004,1,대지,889,4,경기도 여주시 강천면 도전리 889-4,416703000140,경기도 여주시 강천면 원양1로,575,4,4173038030108890004040724,,경기도 여주시 강천면 원양1로 575-4,469863,12617,,,,127.746237283568,37.3244877943719
MA010120220800330678,타이어테크,,G2,소매,G202,자동차 부품 소매,G20201,타이어 소매업,G45211,자동차 신품 타이어 및 튜브 판매업,11,서울특별시,11350,노원구,11350665,상계3.4동,1135010500,상계동,1135010500101100002,1,대지,110,2,서울특별시 노원구 상계동 110-2,113503000004,서울특별시 노원구 덕릉로,813,,1135010500101100002005381,상계동,서울특별시 노원구 덕릉로 813,139812,01637,,1,,127.080294612986,37.6695745080665
MA010120220800383870,타이어테크석현점,,G2,소매,G202,자동차 부품 소매,G20201,타이어 소매업,G45211,자동차 신품 타이어 및 튜브 판매업,46,전라남도,46110,목포시,46110756,상동,4611016000,석현동,4611016000106060001,1,대지,606,1,전라남도 목포시 석현동 606-1,461103281095,전라남도 목포시 영산로,648,,4611016000106060001000001,,전라남도 목포시 영산로 648,530822,58655,,,,126.422964486976,34.8230136102075
MA010120220800382983,아이타이어하귀점,,G2,소매,G202,자동차 부품 소매,G20201,타이어 소매업,G45211,자동차 신품 타이어 및 튜브 판매업,50,제주특별자치도,50110,제주시,50110253,애월읍,5011025340,애월읍,5011025340104920019,1,대지,492,19,제주특별자치도 제주시 애월읍 하귀1리 492-19,501103349236,제주특별자치도 제주시 애월읍 일주서로,7139,,5011025340104920019000001,,제주특별자치도 제주시 애월읍 일주서로 7139,695918,63053,,,,126.411576711128,33.4859491936302
MA010120220801918818,금호타이어성남,대리점,G2,소매,G202,자동차 부품 소매,G20201,타이어 소매업,G45211,자동차 신품 타이어 및 튜브 판매업,41,경기도,41135,성남시 분당구,41135590,서현2동,4113510500,서현동,4113510500103350001,1,대지,335,1,경기도 성남시 분당구 서현동 335-1,411353180030,경기도 성남시 분당구 불정로,420,,4113510500103350001064840,지층포함,경기도 성남시 분당구 불정로 420,463866,13578,,1,,127.14030585716,37.3765936642616
MA010120220801983501,이동상사,,G2,소매,G202,자동차 부품 소매,G20201,타이어 소매업,G45211,자동차 신품 타이어 및 튜브 판매업,41,경기도,41590,화성시,41590330,마도면,4159033022,마도면,4159033022104930000,1,대지,493,,경기도 화성시 마도면 두곡리 493,415903210128,경기도 화성시 마도면 화성로,914,,4159033022104930000000001,,경기도 화성시 마도면 화성로 914,445862,18537,,,,126.787564191917,37.202559001361
MA010120220801955203,삼목,,G2,소매,G202,자동차 부품 소매,G20201,타이어 소매업,G45212,자동차용 전용 신품 부품 판매업,41,경기도,41610,광주시,41610560,광남1동,4161010900,직동,4161010900100340001,1,대지,34,1,경기도 광주시 직동 34-1,416103211022,경기도 광주시 직동로,32,,4161010900100340001245369,,경기도 광주시 직동로 32,464090,12769,,,,127.199405855306,37.4002056572643
MA010120220802044426,OK타이어,,G2,소매,G202,자동차 부품 소매,G20201,타이어 소매업,G45211,자동차 신품 타이어 및 튜브 판매업,41,경기도,41194,부천시 소사구,41194570,괴안동,4119410400,괴안동,4119410400101100000,1,대지,110,,경기도 부천시 소사구 괴안동 110,411943000028,경기도 부천시 소사구 경인로,466,,4119710400101100000002252,,경기도 부천시 소사구 경인로 466,422803,14682,,,,126.807442952073,37.482164211696
MA010120220802029659,타이어스타,,G2,소매,G202,자동차 부품 소매,G20201,타이어 소매업,G45211,자동차 신품 타이어 및 튜브 판매업,41,경기도,41192,부천시 원미구,41192700,상3동,4119210900,상동,4119210900104990014,1,대지,499,14,경기도 부천시 원미구 상동 499-14,411922000015,경기도 부천시 원미구 송내대로,373,,4119510900104990014000001,,경기도 부천시 원미구 송내대로 373,420860,14503,,,,126.760525335354,37.5165328322375
MA010120220802023354,광명인치부천점,코리아,G2,소매,G202,자동차 부품 소매,G20201,타이어 소매업,G45211,자동차 신품 타이어 및 튜브 판매업,41,경기도,41196,부천시 오정구,41196560,오정동,4119610100,오정동,4119610100105650004,1,대지,565,4,경기도 부천시 오정구 오정동 565-4,411963186005,경기도 부천시 오정구 상오정로,43,1,4119910100105650004000002,,경기도 부천시 오정구 상오정로 43-1,421815,14439,,1,,126.788851046079,37.5238939873506
MA010120220802076196,타이어하우스,,G2,소매,G202,자동차 부품 소매,G20201,타이어 소매업,G45211,자동차 신품 타이어 및 튜브 판매업,28,인천광역시,28237,부평구,28237660,부개2동,2823710700,부개동,2823710700101910032,1,대지,191,32,인천광역시 부평구 부개동 191-32,282374262350,인천광역시 부평구 부일로113번길,53,,2823710700101910030111929,부개동1,인천광역시 부평구 부일로113번길 53,403808,21402,,2,,126.741601534669,37.4934993528032
MA010120220802084705,타이어프로동암점,,G2,소매,G202,자동차 부품 소매,G20201,타이어 소매업,G45211,자동차 신품 타이어 및 튜브 판매업,28,인천광역시,28237,부평구,28237680,십정1동,2823710200,십정동,2823710200103570001,1,대지,357,1,인천광역시 부평구 십정동 357-1,282373153084,인천광역시 부평구 백범로,537,,2823710200103570001014866,십정동,인천광역시 부평구 백범로 537,403847,21455,,,,126.692590046132,37.4721182597278
MA010120220802087482,대광오디오,,G2,소매,G202,자동차 부품 소매,G20201,타이어 소매업,G45213,자동차 내장용 신품 전기ㆍ전자ㆍ정밀기기 판매업,28,인천광역시,28200,남동구,28200522,구월4동,2820010100,구월동,2820010100113140014,1,대지,1314,14,인천광역시 남동구 구월동 1314-14,282002008004,인천광역시 남동구 인주대로,811,,2820010100113140014025606,,인천광역시 남동구 인주대로 811,405839,21537,,,,126.727289262712,37.4489483836635
MA010120220802079183,현대중고타이어,,G2,소매,G202,자동차 부품 소매,G20201,타이어 소매업,G45220,자동차 중고 부품 및 내장품 판매업,28,인천광역시,28260,서구,28260720,오류왕길동,2826012000,왕길동,2826012000103050001,1,대지,305,1,인천광역시 서구 왕길동 305-1,282603156024,인천광역시 서구 단봉로,31,,2826012000103050001024842,,인천광역시 서구 단봉로 31,404290,22658,,,,126.647713776923,37.598862273443
MA010120220803722658,케이에스대형종합타이어,,G2,소매,G202,자동차 부품 소매,G20201,타이어 소매업,G45211,자동차 신품 타이어 및 튜브 판매업,44,충청남도,44210,서산시,44210540,수석동,4421010600,수석동,4421010600102040019,1,대지,204,19,충청남도 서산시 수석동 204-19,442103015038,충청남도 서산시 운암로,76,,4421010600102040019000001,,충청남도 서산시 운암로 76,356050,32010,,,,126.497579389909,36.78167544608
MA010120220803709874,타이어스토리,,G2,소매,G202,자동차 부품 소매,G20201,타이어 소매업,G45211,자동차 신품 타이어 및 튜브 판매업,44,충청남도,44200,아산시,44200410,신창면,4420041022,신창면,4420041022102430001,1,대지,243,1,충청남도 아산시 신창면 읍내리 243-1,442003015033,충청남도 아산시 신창면 온천대로,847,,4420041022102430001023302,,충청남도 아산시 신창면 온천대로 847,336885,31536,,,,126.935509991393,36.7781232690626
MA010120220803696174,이천타이어,,G2,소매,G202,자동차 부품 소매,G20201,타이어 소매업,G45211,자동차 신품 타이어 및 튜브 판매업,11,서울특별시,11230,동대문구,11230650,장안1동,1123010600,장안동,1123010600104590003,1,대지,459,3,서울특별시 동대문구 장안동 459-3,112304115411,서울특별시 동대문구 장한로2길,41,,1123010600104590003015649,,서울특별시 동대문구 장한로2길 41,130846,02644,,1,,127.067502518575,37.5620225456378
MA010120220803718051,제기타이어,,G2,소매,G202,자동차 부품 소매,G20201,타이어 소매업,G45211,자동차 신품 타이어 및 튜브 판매업,11,서울특별시,11230,동대문구,11230650,장안1동,1123010600,장안동,1123010600104550008,1,대지,455,8,서울특별시 동대문구 장안동 455-8,112304115421,서울특별시 동대문구 장한로6길,83,,1123010600104550008015950,,서울특별시 동대문구 장한로6길 83,130846,02646,,,,127.070309242311,37.5617866484788
MA010120220803728146,고흥타이어,,G2,소매,G202,자동차 부품 소매,G20201,타이어 소매업,G45211,자동차 신품 타이어 및 튜브 판매업,11,서울특별시,11200,성동구,11200790,용답동,1120012200,용답동,1120012200102340000,1,대지,234,,서울특별시 성동구 용답동 234,112004109510,서울특별시 성동구 자동차시장1길,70,,1120012200102340000027956,,서울특별시 성동구 자동차시장1길 70,133707,04808,,,,127.065146863891,37.5603660351847
MA010120220803720358,에스지서비스창녕,,G2,소매,G202,자동차 부품 소매,G20201,타이어 소매업,G45211,자동차 신품 타이어 및 튜브 판매업,48,경상남도,48740,창녕군,48740250,창녕읍,4874025025,창녕읍,4874025025101760006,1,대지,176,6,경상남도 창녕군 창녕읍 술정리 176-6,487402341003,경상남도 창녕군 창녕읍 창녕대로,100,,4874025025101760006008303,사무실,경상남도 창녕군 창녕읍 창녕대로 100,635807,50322,,2,,128.496468869678,35.5360907709518
MA010120220803719425,광명타이어,,G2,소매,G202,자동차 부품 소매,G20201,타이어 소매업,G45211,자동차 신품 타이어 및 튜브 판매업,11,서울특별시,11230,동대문구,11230660,장안2동,1123010600,장안동,1123010600101260014,1,대지,126,14,서울특별시 동대문구 장안동 126-14,112303005038,서울특별시 동대문구 한천로,166,,1123010600101260014014876,,서울특별시 동대문구 한천로 166,130836,02529,,,,127.06771867863,37.5757535921435
MA010120220803738249,종합타이어,,G2,소매,G202,자동차 부품 소매,G20201,타이어 소매업,G45211,자동차 신품 타이어 및 튜브 판매업,11,서울특별시,11200,성동구,11200790,용답동,1120012200,용답동,1120012200102340000,1,대지,234,,서울특별시 성동구 용답동 234,112004109510,서울특별시 성동구 자동차시장1길,70,,1120012200102340000027956,자동차매매상가,서울특별시 성동구 자동차시장1길 70,133707,04808,,1,,127.065146863891,37.5603660351847
MA010120220803763370,에누리타이어,,G2,소매,G202,자동차 부품 소매,G20201,타이어 소매업,G45211,자동차 신품 타이어 및 튜브 판매업,11,서울특별시,11200,성동구,11200790,용답동,1120012200,용답동,1120012200102340000,1,대지,234,,서울특별시 성동구 용답동 234,112004109510,서울특별시 성동구 자동차시장1길,70,,1120012200102340000027956,나열,서울특별시 성동구 자동차시장1길 70,133707,04808,,1,,127.065146863891,37.5603660351847
MA010120220803775757,성북타이어,,G2,소매,G202,자동차 부품 소매,G20201,타이어 소매업,G45211,자동차 신품 타이어 및 튜브 판매업,11,서울특별시,11200,성동구,11200790,용답동,1120012200,용답동,1120012200102360008,1,대지,236,8,서울특별시 성동구 용답동 236-8,112004109510,서울특별시 성동구 자동차시장1길,97,,1120012200102360008001693,,서울특별시 성동구 자동차시장1길 97,133851,04808,,1,,127.068395117608,37.5603281583176
MA010120220803747634,덕건타이어,,G2,소매,G202,자동차 부품 소매,G20201,타이어 소매업,G45211,자동차 신품 타이어 및 튜브 판매업,11,서울특별시,11200,성동구,11200790,용답동,1120012200,용답동,1120012200102340000,1,대지,234,,서울특별시 성동구 용답동 234,112004109510,서울특별시 성동구 자동차시장1길,70,,1120012200102340000027956,호,서울특별시 성동구 자동차시장1길 70,133707,04808,,,,127.065146863891,37.5603660351847
MA010120220803773873,동일휠타이어,,G2,소매,G202,자동차 부품 소매,G20201,타이어 소매업,G45211,자동차 신품 타이어 및 튜브 판매업,11,서울특별시,11200,성동구,11200790,용답동,1120012200,용답동,1120012200102330010,1,대지,233,10,서울특별시 성동구 용답동 233-10,112004109510,서울특별시 성동구 자동차시장1길,63,,1120012200102330010002214,,서울특별시 성동구 자동차시장1길 63,133850,04808,,,,127.064796393778,37.5608167264007
MA010120220803765046,협동타이어,,G2,소매,G202,자동차 부품 소매,G20201,타이어 소매업,G45211,자동차 신품 타이어 및 튜브 판매업,11,서울특별시,11200,성동구,11200790,용답동,1120012200,용답동,1120012200102490004,1,대지,249,4,서울특별시 성동구 용답동 249-4,112004109512,서울특별시 성동구 자동차시장길,7,,1120012200102490004001500,,서울특별시 성동구 자동차시장길 7,133851,04808,,,,127.057621586986,37.5619827316515
MA010120220803812785,세진팩토리,,G2,소매,G202,자동차 부품 소매,G20201,타이어 소매업,G45211,자동차 신품 타이어 및 튜브 판매업,11,서울특별시,11545,금천구,11545510,가산동,1154510100,가산동,1154510100102190006,1,대지,219,6,서울특별시 금천구 가산동 219-6,115454151222,서울특별시 금천구 벚꽃로24길,26,,1154510100102190006015091,에이스하이엔드타워,서울특별시 금천구 벚꽃로24길 26,153801,08517,,,,126.888814785686,37.4740876442258
MA010120220803796580,우성오토파츠,,G2,소매,G202,자동차 부품 소매,G20201,타이어 소매업,G45212,자동차용 전용 신품 부품 판매업,11,서울특별시,11200,성동구,11200690,성수2가3동,1120011500,성수동2가,1120011500102840037,1,대지,284,37,서울특별시 성동구 성수동2가 284-37,112004109358,서울특별시 성동구 성수일로10길,11,,1120011500102840037005048,,서울특별시 성동구 성수일로10길 11,133833,04793,,1,,127.052190220961,37.5478035547471
MA010120220803783125,트레드웍스,,G2,소매,G202,자동차 부품 소매,G20201,타이어 소매업,G45211,자동차 신품 타이어 및 튜브 판매업,47,경상북도,47130,경주시,47130621,황성동,4713012400,황성동,4713012400101310000,1,대지,131,,경상북도 경주시 황성동 131,471304715042,경상북도 경주시 갓뒤길20번길,7,1,4713012400101310000024348,,경상북도 경주시 갓뒤길20번길 7-1,780952,38074,,,,129.218402528517,35.8707693379459
MA010120220803864272,휠타이어할인매장,,G2,소매,G202,자동차 부품 소매,G20201,타이어 소매업,G45211,자동차 신품 타이어 및 튜브 판매업,11,서울특별시,11200,성동구,11200790,용답동,1120012200,용답동,1120012200102330002,1,대지,233,2,서울특별시 성동구 용답동 233-2,112002000008,서울특별시 성동구 천호대로,418,,1120012200102330002001317,원광빌딩,서울특별시 성동구 천호대로 418,133850,04808,,1,,127.065339774686,37.5609425664691
MA010120220803831323,상상초월타이어,,G2,소매,G202,자동차 부품 소매,G20201,타이어 소매업,G45211,자동차 신품 타이어 및 튜브 판매업,41,경기도,41610,광주시,41610253,초월읍,4161025328,초월읍,4161025328104770024,1,대지,477,24,경기도 광주시 초월읍 신월리 477-24,416103012095,경기도 광주시 초월읍 산수로,501,,4161025328104770024000001,,경기도 광주시 초월읍 산수로 501,464864,12729,,1,,127.308775536797,37.4055569407066
MA010120220803849515,진격의타이어,,G2,소매,G202,자동차 부품 소매,G20201,타이어 소매업,G45220,자동차 중고 부품 및 내장품 판매업,41,경기도,41630,양주시,41630250,백석읍,4163025021,백석읍,4163025021100050025,1,대지,5,25,경기도 양주시 백석읍 방성리 5-25,416303206116,경기도 양주시 백석읍 부흥로,985,,4163025021100050025000001,,경기도 양주시 백석읍 부흥로 985,482833,11506,,,,126.998183081733,37.8078015490764
MA010120220805240529,금호타이어용상점,,G2,소매,G202,자동차 부품 소매,G20201,타이어 소매업,G45211,자동차 신품 타이어 및 튜브 판매업,47,경상북도,47170,안동시,47170555,용상동,4717011000,용상동,4717011000111200000,1,대지,1120,,경상북도 안동시 용상동 1120,471703307004,경상북도 안동시 관광단지로,76,,4717011000111200000012518,,경상북도 안동시 관광단지로 76,760901,36724,,,,128.756320724653,36.5547887090064
MA010120220805307518,다반티제주점,코리아,G2,소매,G202,자동차 부품 소매,G20201,타이어 소매업,G45211,자동차 신품 타이어 및 튜브 판매업,50,제주특별자치도,50110,제주시,50110253,애월읍,5011025340,애월읍,5011025340104920019,1,대지,492,19,제주특별자치도 제주시 애월읍 하귀1리 492-19,501103349236,제주특별자치도 제주시 애월읍 일주서로,7139,,5011025340104920019000001,,제주특별자치도 제주시 애월읍 일주서로 7139,695918,63053,,2,,126.411576711128,33.4859491936302
MA010120220805300964,원모터스,,G2,소매,G202,자동차 부품 소매,G20201,타이어 소매업,G45219,기타 자동차 신품 부품 및 내장품 판매업,47,경상북도,47190,구미시,47190645,상모사곡동,4719011500,사곡동,4719011500106700006,1,대지,670,6,경상북도 구미시 사곡동 670-6,471904724426,경상북도 구미시 상사동로22길,9,,4719011500106700006047063,,경상북도 구미시 상사동로22길 9,730110,39328,,,,128.359955735079,36.0988277173442
MA010120220805299040,타이어세상,,G2,소매,G202,자동차 부품 소매,G20201,타이어 소매업,G45220,자동차 중고 부품 및 내장품 판매업,41,경기도,41463,용인시 기흥구,41463517,영덕2동,4146310400,하갈동,4146310400103960000,1,대지,396,,경기도 용인시 기흥구 하갈동 396,414633012001,경기도 용인시 기흥구 덕영대로,1882,,4146310400103960000020495,,경기도 용인시 기흥구 덕영대로 1882,446930,17098,,,,127.092769554553,37.2542350352529
MA010120220805347285,제이에이치오토스,,G2,소매,G202,자동차 부품 소매,G20201,타이어 소매업,G45212,자동차용 전용 신품 부품 판매업,41,경기도,41465,용인시 수지구,41465560,동천동,4146510300,동천동,4146510300104970018,1,대지,497,18,경기도 용인시 수지구 동천동 497-18,414653205003,경기도 용인시 수지구 동천로,207,,4146510300104970018000001,,경기도 용인시 수지구 동천로 207,448501,16802,,2,,127.081193361667,37.3384364358911
MA010120220805355832,굿월드,,G2,소매,G202,자동차 부품 소매,G20201,타이어 소매업,G45211,자동차 신품 타이어 및 튜브 판매업,41,경기도,41135,성남시 분당구,41135630,야탑2동,4113510700,야탑동,4113510700105370004,1,대지,537,4,경기도 성남시 분당구 야탑동 537-4,411353180041,경기도 성남시 분당구 야탑로,28,,4113510700105370004046308,우당프라자,경기도 성남시 분당구 야탑로 28,463840,13522,,,,127.122112610877,37.4086812208
MA010120220805320927,비엠에스타이어김포센터,,G2,소매,G202,자동차 부품 소매,G20201,타이어 소매업,G45211,자동차 신품 타이어 및 튜브 판매업,41,경기도,41570,김포시,41570256,양촌읍,4157025624,양촌읍,4157025624107550002,1,대지,755,2,경기도 김포시 양촌읍 구래리 755-2,415704427248,경기도 김포시 양촌읍 봉수대로1825번길,32,,4157025624107550002000001,타이어몰,경기도 김포시 양촌읍 봉수대로1825번길 32,415841,10069,,,,126.62714600975,37.6313516269733
MA010120220805352028,더킹타이어,,G2,소매,G202,자동차 부품 소매,G20201,타이어 소매업,G45211,자동차 신품 타이어 및 튜브 판매업,47,경상북도,47290,경산시,47290520,중앙동,4729010200,삼북동,4729010200100310001,1,대지,31,1,경상북도 경산시 삼북동 31-1,472903313022,경상북도 경산시 남매로,63,,4729010200100310001006115,,경상북도 경산시 남매로 63,712020,38639,,1,,128.741908731562,35.8168366893855
MA010120220805359819,창고형매장정문타이어,,G2,소매,G202,자동차 부품 소매,G20201,타이어 소매업,G45211,자동차 신품 타이어 및 튜브 판매업,27,대구광역시,27230,북구,27230735,태전2동,2723012600,태전동,2723012600105840003,1,대지,584,3,대구광역시 북구 태전동 584-3,272303145052,대구광역시 북구 학정로,117,,2723012600105840003000004,,대구광역시 북구 학정로 117,702865,41469,,,,128.550611727928,35.918475531751
MA010120220806728604,타이어팜,,G2,소매,G202,자동차 부품 소매,G20201,타이어 소매업,G45211,자동차 신품 타이어 및 튜브 판매업,11,서울특별시,11260,중랑구,11260550,면목5동,1126010100,면목동,1126010100101750008,1,대지,175,8,서울특별시 중랑구 면목동 175-8,112603005029,서울특별시 중랑구 겸재로,96,,1126010100101750009023528,제,서울특별시 중랑구 겸재로 96,131822,02231,,1,,127.078483999368,37.5861714209143
MA010120220806736590,타이어프로동교동,삼거리점,G2,소매,G202,자동차 부품 소매,G20201,타이어 소매업,G45211,자동차 신품 타이어 및 튜브 판매업,11,서울특별시,11410,서대문구,11410585,신촌동,1141011600,창천동,1141011600105120001,1,대지,512,1,서울특별시 서대문구 창천동 512-1,114103112019,서울특별시 서대문구 연희로,14,,1141011600105120001021960,,서울특별시 서대문구 연희로 14,120836,03784,,1,,126.926874168876,37.5600820539722
MA010120220806750229,월평중고타이어,,G2,소매,G202,자동차 부품 소매,G20201,타이어 소매업,G45220,자동차 중고 부품 및 내장품 판매업,30,대전광역시,30170,서구,30170586,월평1동,3017011300,월평동,3017011300101370004,1,대지,137,4,대전광역시 서구 월평동 137-4,301704298515,대전광역시 서구 월드컵대로484번길,35,40,3017011300101370004013044,,대전광역시 서구 월드컵대로484번길 35-40,302846,35279,,,,127.355622796596,36.3476555248535
MA010120220806750682,카니즈,,G2,소매,G202,자동차 부품 소매,G20201,타이어 소매업,G45211,자동차 신품 타이어 및 튜브 판매업,30,대전광역시,30200,유성구,30200530,온천1동,3020011200,구암동,3020011200106300015,1,대지,630,15,대전광역시 유성구 구암동 630-15,302004301337,대전광역시 유성구 유성대로626번길,3,,3020011200106300015014857,,대전광역시 유성구 유성대로626번길 3,305801,34182,,,,127.327794368218,36.3501322297016
MA010120220806757590,발통의달인,,G2,소매,G202,자동차 부품 소매,G20201,타이어 소매업,G45211,자동차 신품 타이어 및 튜브 판매업,47,경상북도,47150,김천시,47150575,대신동,4715010800,신음동,4715010800107760002,1,대지,776,2,경상북도 김천시 신음동 776-2,471503306048,경상북도 김천시 시청로,121,1,4715010800107760002003286,,경상북도 김천시 시청로 121-1,740978,39545,,,,128.117229134881,36.1393030832331
MA010120220806732213,정타이어,,G2,소매,G202,자동차 부품 소매,G20201,타이어 소매업,G45220,자동차 중고 부품 및 내장품 판매업,41,경기도,41480,파주시,41480550,운정1동,4148011400,당하동,4148011400103770000,1,대지,377,,경기도 파주시 당하동 377,414803206085,경기도 파주시 천정구로,54,,4148025928103770000020190,,경기도 파주시 천정구로 54,413090,10870,,,,126.752828421434,37.7404386066768
MA010120220806748877,부산남부판매,,G2,소매,G202,자동차 부품 소매,G20201,타이어 소매업,G45211,자동차 신품 타이어 및 튜브 판매업,26,부산광역시,26290,남구,26290540,대연4동,2629010600,대연동,2629010600109610025,1,대지,961,25,부산광역시 남구 대연동 961-25,262903131030,부산광역시 남구 유엔평화로,74,,2629010600109610025003808,,부산광역시 남구 유엔평화로 74,608812,48533,,,,129.093393034739,35.128605820735
MA010120220806741355,정수한국타이어서비스,,G2,소매,G202,자동차 부품 소매,G20201,타이어 소매업,G45211,자동차 신품 타이어 및 튜브 판매업,44,충청남도,44210,서산시,44210550,석남동,4421010900,예천동,4421010900106880010,1,대지,688,10,충청남도 서산시 예천동 688-10,442104562489,충청남도 서산시 여전중앙길,13,7,4421010900106880010000001,,충청남도 서산시 여전중앙길 13-7,356808,31998,,,,126.438968456387,36.7709155974445
MA010120220806803316,언양중고타이어,,G2,소매,G202,자동차 부품 소매,G20201,타이어 소매업,G45220,자동차 중고 부품 및 내장품 판매업,31,울산광역시,31710,울주군,31710265,삼남읍,3171026521,삼남읍,3171026521104430041,1,대지,443,41,울산광역시 울주군 삼남읍 교동리 443-41,317102000017,울산광역시 울주군 삼남읍 반구대로,698,,3171039021104430041011432,,울산광역시 울주군 삼남읍 반구대로 698,689812,44951,,,,129.119243844241,35.5549390824929
MA010120220806806759,미래카중고타이어,,G2,소매,G202,자동차 부품 소매,G20201,타이어 소매업,G45220,자동차 중고 부품 및 내장품 판매업,43,충청북도,43114,청주시 청원구,43114550,오근장동,4311410600,주중동,4311410600105010002,1,대지,501,2,충청북도 청주시 청원구 주중동 501-2,431143236068,충청북도 청주시 청원구 팔결로,13,,4311113200105010002033761,,충청북도 청주시 청원구 팔결로 13,363568,28307,,,,127.48260043655,36.6845904095737
MA010120220806793059,"SSA타이어강원총판트라이앵글,사일룬",,G2,소매,G202,자동차 부품 소매,G20201,타이어 소매업,G45211,자동차 신품 타이어 및 튜브 판매업,51,강원특별자치도,51190,태백시,51190535,삼수동,5119010900,화전동,5119010900101470006,1,대지,147,6,강원특별자치도 태백시 화전동 147-6,511903000156,강원특별자치도 태백시 태백로,340,1,4219010900101470006000001,,강원특별자치도 태백시 태백로 340-1,235270,26003,,,,128.952715280667,37.2036088905541
MA010120220806802086,구미인동중고타이어,,G2,소매,G202,자동차 부품 소매,G20201,타이어 소매업,G45220,자동차 중고 부품 및 내장품 판매업,47,경상북도,47190,구미시,47190670,인동동,4719012000,구평동,4719012000109650000,1,대지,965,,경상북도 구미시 구평동 965,471903308087,경상북도 구미시 인동가산로,339,,4719012000109650000000001,,경상북도 구미시 인동가산로 339,730300,39443,,1,,128.447032387089,36.092815355103
MA010120220806764623,타이어테크,포항점,G2,소매,G202,자동차 부품 소매,G20201,타이어 소매업,G45211,자동차 신품 타이어 및 튜브 판매업,47,경상북도,47113,포항시 북구,47113655,죽도동,4711311600,죽도동,4711311600106990000,1,대지,699,,경상북도 포항시 북구 죽도동 699,471132303001,경상북도 포항시 북구 새천년대로,488,,4711311600106990000121155,,경상북도 포항시 북구 새천년대로 488,791845,37759,,,,129.348344212096,36.0186309747334
MA010120220806844388,유카스타이어,전문점,G2,소매,G202,자동차 부품 소매,G20201,타이어 소매업,G45211,자동차 신품 타이어 및 튜브 판매업,41,경기도,41480,파주시,41480530,금촌3동,4148010400,야동동,4148010400102760003,1,대지,276,3,경기도 파주시 야동동 276-3,414803206066,경기도 파주시 월롱산로,94,1,4148010400102760003000001,,경기도 파주시 월롱산로 94-1,413040,10849,,,,126.761856555298,37.7837935619711
MA010120220806810383,강창열타이어부산신항2점,,G2,소매,G202,자동차 부품 소매,G20201,타이어 소매업,G45211,자동차 신품 타이어 및 튜브 판매업,48,경상남도,48129,창원시 진해구,48129650,웅동2동,4812916400,용원동,4812916400111200010,1,대지,1120,10,경상남도 창원시 진해구 용원동 1120-10,481293331039,경상남도 창원시 진해구 용원로,115,,4812916400111200010003663,,경상남도 창원시 진해구 용원로 115,645510,51604,,,,128.821752920063,35.098262363811
MA010120220806888275,장수타이어이동빵구,,G2,소매,G202,자동차 부품 소매,G20201,타이어 소매업,G45220,자동차 중고 부품 및 내장품 판매업,41,경기도,41590,화성시,41590370,장안면,4159037023,장안면,4159037023109390006,1,대지,939,6,경기도 화성시 장안면 수촌리 939-6,415904430525,경기도 화성시 장안면 방축말길,2,,4159037023109390006015354,,경기도 화성시 장안면 방축말길 2,445944,18581,,,,126.849545271876,37.1038258696728
MA010120220806878859,창원중고타이어,,G2,소매,G202,자동차 부품 소매,G20201,타이어 소매업,G45211,자동차 신품 타이어 및 튜브 판매업,48,경상남도,48121,창원시 의창구,48121530,명곡동,4812112400,명서동,4812112400101810001,1,대지,181,1,경상남도 창원시 의창구 명서동 181-1,481214781462,경상남도 창원시 의창구 원이대로224번길,3,,4812112400101810001020801,,경상남도 창원시 의창구 원이대로224번길 3,641815,51387,,,,128.645270556531,35.2447942153439
MA010120220806873925,필종합타이어,,G2,소매,G202,자동차 부품 소매,G20201,타이어 소매업,G45211,자동차 신품 타이어 및 튜브 판매업,47,경상북도,47130,경주시,47130253,안강읍,4713025332,안강읍,4713025332118710001,1,대지,1871,1,경상북도 경주시 안강읍 산대리 1871-1,471304716311,경상북도 경주시 안강읍 화전북1길,58,1,4713025332118710001084213,,경상북도 경주시 안강읍 화전북1길 58-1,780805,38018,,,,129.213660595501,35.9929738419029
MA010120220806872327,동은타이어,,G2,소매,G202,자동차 부품 소매,G20201,타이어 소매업,G45211,자동차 신품 타이어 및 튜브 판매업,51,강원특별자치도,51150,강릉시,51150250,주문진읍,5115025021,주문진읍,5115025021109530083,1,대지,953,83,강원특별자치도 강릉시 주문진읍 주문리 953-83,511502000023,강원특별자치도 강릉시 주문진읍 동해대로,4757,,4215025021109530083000001,,강원특별자치도 강릉시 주문진읍 동해대로 4757,210806,25405,,,,128.819097569283,37.9000902365971
MA010120220806872992,서부타이어,,G2,소매,G202,자동차 부품 소매,G20201,타이어 소매업,G45211,자동차 신품 타이어 및 튜브 판매업,46,전라남도,46150,순천시,46150310,해룡면,4615031030,해룡면,4615031030104910000,1,대지,491,,전라남도 순천시 해룡면 호두리 491,461503282087,전라남도 순천시 해룡면 여순로,1148,,4615031030104910000000001,,전라남도 순천시 해룡면 여순로 1148,540856,58024,,,,127.565062308267,34.8911697746256
MA010120220808180070,특급중고타이어,,G2,소매,G202,자동차 부품 소매,G20201,타이어 소매업,G45220,자동차 중고 부품 및 내장품 판매업,41,경기도,41285,고양시 일산동구,41285600,고봉동,4128511200,문봉동,4128511200100800001,1,대지,80,1,경기도 고양시 일산동구 문봉동 80-1,412853193045,경기도 고양시 일산동구 성현로,430,,4128511200100800001000682,,경기도 고양시 일산동구 성현로 430,410560,10314,,,,126.830173970173,37.6990226125421
MA010120220808180300,자동차중고타이어,,G2,소매,G202,자동차 부품 소매,G20201,타이어 소매업,G45220,자동차 중고 부품 및 내장품 판매업,48,경상남도,48270,밀양시,48270310,부북면,4827031025,부북면,4827031025200210014,2,산,21,14,경상남도 밀양시 부북면 감천리 산21-14,482703336057,경상남도 밀양시 부북면 점필재로,146,,4827031025100900018085307,,경상남도 밀양시 부북면 점필재로 146,627852,50404,,,,128.730230539097,35.4864353542766
MA010120220808191021,타이어대마왕,,G2,소매,G202,자동차 부품 소매,G20201,타이어 소매업,G45211,자동차 신품 타이어 및 튜브 판매업,31,울산광역시,31200,북구,31200510,농소1동,3120010300,매곡동,3120010300109040001,1,대지,904,1,울산광역시 북구 매곡동 904-1,312004854867,울산광역시 북구 당수골3길,1,,3120010300109040001000001,,울산광역시 북구 당수골3길 1,683420,44225,,,,129.360024917427,35.6362531640108
MA010120220808197077,타이어팩토리,,G2,소매,G202,자동차 부품 소매,G20201,타이어 소매업,G45211,자동차 신품 타이어 및 튜브 판매업,41,경기도,41360,남양주시,41360570,별내동,4136011100,별내동,4136011100108340005,1,대지,834,5,경기도 남양주시 별내동 834-5,413604391803,경기도 남양주시 덕송2로10번길,3,26,4136011100108340005000001,,경기도 남양주시 덕송2로10번길 3-26,472501,12097,,1,,127.114690140959,37.6662575013053
MA010120220808183185,발통천국산격점,,G2,소매,G202,자동차 부품 소매,G20201,타이어 소매업,G45211,자동차 신품 타이어 및 튜브 판매업,27,대구광역시,27230,북구,27230631,산격4동,2723011100,산격동,2723011100112030001,1,대지,1203,1,대구광역시 북구 산격동 1203-1,272303007005,대구광역시 북구 동북로,122,,2723011100112030001027526,,대구광역시 북구 동북로 122,702869,41534,,,,128.606789265145,35.9014892351331
MA010120220808176145,신현타이어,,G2,소매,G202,자동차 부품 소매,G20201,타이어 소매업,G45211,자동차 신품 타이어 및 튜브 판매업,41,경기도,41250,동두천시,41250510,생연1동,4125010300,생연동,4125010300102030009,1,대지,203,9,경기도 동두천시 생연동 203-9,412503189006,경기도 동두천시 못골로,133,12,4125010300102030009001725,,경기도 동두천시 못골로 133-12,483031,11318,,,,127.067920294863,37.908643459456
MA010120220808235113,굿타이어,,G2,소매,G202,자동차 부품 소매,G20201,타이어 소매업,G45211,자동차 신품 타이어 및 튜브 판매업,44,충청남도,44230,논산시,44230510,취암동,4423010500,취암동,4423010500101370034,1,대지,137,34,충청남도 논산시 취암동 137-34,442303255047,충청남도 논산시 중앙로,297,1,4423010500101370034046961,,충청남도 논산시 중앙로 297-1,320802,32980,,,,127.096271714361,36.1931317592069
MA010120220808223173,미래자동차정비,,G2,소매,G202,자동차 부품 소매,G20201,타이어 소매업,G45211,자동차 신품 타이어 및 튜브 판매업,48,경상남도,48125,창원시 마산합포구,48125630,오동동,4812513700,오동동,4812513700103070007,1,대지,307,7,경상남도 창원시 마산합포구 오동동 307-7,481252329003,경상남도 창원시 마산합포구 해안대로,401,,4812513700103070007029686,,경상남도 창원시 마산합포구 해안대로 401,631860,51722,,,,128.582559202284,35.205507771263
MA010120220808226771,777진안타이어,전문점,G2,소매,G202,자동차 부품 소매,G20201,타이어 소매업,G45211,자동차 신품 타이어 및 튜브 판매업,52,전북특별자치도,52720,진안군,52720250,진안읍,5272025021,진안읍,5272025021102780007,1,대지,278,7,전북특별자치도 진안군 진안읍 군상리 278-7,527203274046,전북특별자치도 진안군 진안읍 진장로,37,,4572025021102780007006475,,전북특별자치도 진안군 진안읍 진장로 37,567804,55431,,,,127.435214289355,35.7928744799291
MA010120220808250072,삼호타이어,,G2,소매,G202,자동차 부품 소매,G20201,타이어 소매업,G45211,자동차 신품 타이어 및 튜브 판매업,47,경상북도,47111,포항시 남구,47111310,대송면,4711131026,대송면,4711131026104260008,1,대지,426,8,경상북도 포항시 남구 대송면 송동리 426-8,471114709340,경상북도 포항시 남구 대송면 운제로183번길,9,,4711131026104260008058182,,경상북도 포항시 남구 대송면 운제로183번길 9,790841,37874,,,,129.362785570592,35.9722342237118
MA010120220808261409,다된다오토,,G2,소매,G202,자동차 부품 소매,G20201,타이어 소매업,G45211,자동차 신품 타이어 및 튜브 판매업,48,경상남도,48310,거제시,48310580,고현동,4831010900,고현동,4831010900110690007,1,대지,1069,7,경상남도 거제시 고현동 1069-7,483102006004,경상남도 거제시 거제대로,4598,,4831010900110690008015552,,경상남도 거제시 거제대로 4598,656938,53248,,,,128.634172093163,34.8927640984763
MA010120220808269259,타이어달인,,G2,소매,G202,자동차 부품 소매,G20201,타이어 소매업,G45211,자동차 신품 타이어 및 튜브 판매업,31,울산광역시,31170,동구,31170560,전하2동,3117010400,전하동,3117010400106920003,1,대지,692,3,울산광역시 동구 전하동 692-3,311702011001,울산광역시 동구 방어진순환도로,721,,3117010400106920003004784,,울산광역시 동구 방어진순환도로 721,682818,44051,,,,129.429596352578,35.5060303695744
MA010120220808267172,문막타이어,,G2,소매,G202,자동차 부품 소매,G20201,타이어 소매업,G45211,자동차 신품 타이어 및 튜브 판매업,51,강원특별자치도,51130,원주시,51130250,문막읍,5113025026,문막읍,5113025026114700001,1,대지,1470,1,강원특별자치도 원주시 문막읍 건등리 1470-1,511303219041,강원특별자치도 원주시 문막읍 원문로,1724,,4213025026114700002025097,,강원특별자치도 원주시 문막읍 원문로 1724,220801,26371,,,,127.824835342599,37.3146585537271
MA010120220808259532,대명중고타이어,,G2,소매,G202,자동차 부품 소매,G20201,타이어 소매업,G45220,자동차 중고 부품 및 내장품 판매업,41,경기도,41196,부천시 오정구,41196560,오정동,4119610100,오정동,4119610100101110005,1,대지,111,5,경기도 부천시 오정구 오정동 111-5,411963000015,경기도 부천시 오정구 오정로,280,,4119910100101110030007786,,경기도 부천시 오정구 오정로 280,421814,14434,,,,126.789044518972,37.5315167955996
MA010120220808265534,몬딱타이어,,G2,소매,G202,자동차 부품 소매,G20201,타이어 소매업,G45211,자동차 신품 타이어 및 튜브 판매업,50,제주특별자치도,50110,제주시,50110690,도두동,5011012800,도두이동,5011012800103460001,1,대지,346,1,제주특별자치도 제주시 도두이동 346-1,501104847438,제주특별자치도 제주시 다호3길,15,,5011012800103460001061802,,제주특별자치도 제주시 다호3길 15,690242,63116,,,,126.48928789742,33.4998447254285
MA010120220808315162,타이어패밀리,,G2,소매,G202,자동차 부품 소매,G20201,타이어 소매업,G45211,자동차 신품 타이어 및 튜브 판매업,41,경기도,41550,안성시,41550520,안성2동,4155012400,도기동,4155012400100170003,1,대지,17,3,경기도 안성시 도기동 17-3,415502000021,경기도 안성시 안성맞춤대로,970,,4155012400100170003023578,,경기도 안성시 안성맞춤대로 970,456270,17596,,,,127.268089160077,37.0002833530116
MA010120220808326172,타이어투어,,G2,소매,G202,자동차 부품 소매,G20201,타이어 소매업,G45211,자동차 신품 타이어 및 튜브 판매업,41,경기도,41360,남양주시,41360259,진건읍,4136025926,진건읍,4136025926200500001,2,산,50,1,경기도 남양주시 진건읍 송능리 산50-1,413604391641,경기도 남양주시 진건읍 진건오남로390번길,174,20,4136025926200500001013776,,경기도 남양주시 진건읍 진건오남로390번길 174-20,472835,12129,,,,127.217351921961,37.6692033606444
MA010120220808338335,예일타이어아울렛,,G2,소매,G202,자동차 부품 소매,G20201,타이어 소매업,G45211,자동차 신품 타이어 및 튜브 판매업,44,충청남도,44180,보령시,44180545,대천4동,4418010600,궁촌동,4418010600103490002,1,대지,349,2,충청남도 보령시 궁촌동 349-2,441803252003,충청남도 보령시 남대천로,127,,4418010600103490002012678,,충청남도 보령시 남대천로 127,355060,33459,,,,126.591053354283,36.3427898193252
MA010120220808313940,착한타이어,,G2,소매,G202,자동차 부품 소매,G20201,타이어 소매업,G45211,자동차 신품 타이어 및 튜브 판매업,26,부산광역시,26440,강서구,26440510,대저1동,2644010100,대저1동,2644010100116510015,1,대지,1651,15,부산광역시 강서구 대저1동 1651-15,264403006026,부산광역시 강서구 낙동북로,213,,2644010100116510015000001,,부산광역시 강서구 낙동북로 213,618806,46700,,,,128.952091415077,35.2141259595394
MA010120220808330348,다함께차차차모터스,,G2,소매,G202,자동차 부품 소매,G20201,타이어 소매업,G45211,자동차 신품 타이어 및 튜브 판매업,47,경상북도,47113,포항시 북구,47113700,장량동,4711312200,양덕동,4711312200113620000,1,대지,1362,,경상북도 포항시 북구 양덕동 1362,471133304037,경상북도 포항시 북구 천마로,98,,4711312200113620000000001,,경상북도 포항시 북구 천마로 98,791270,37589,,,,129.397114596648,36.085356323132
MA010120220808320160,현대프라자,,G2,소매,G202,자동차 부품 소매,G20201,타이어 소매업,G45211,자동차 신품 타이어 및 튜브 판매업,31,울산광역시,31710,울주군,31710259,범서읍,3171025927,범서읍,3171025927103940008,1,대지,394,8,울산광역시 울주군 범서읍 구영리 394-8,317104319098,울산광역시 울주군 범서읍 구영앞길,2,,3171025927103940008002941,,울산광역시 울주군 범서읍 구영앞길 2,689852,44925,,1,,129.245924508887,35.5670080408374
MA010120220809696722,마산창원타이어스토어,,G2,소매,G202,자동차 부품 소매,G20201,타이어 소매업,G45211,자동차 신품 타이어 및 튜브 판매업,48,경상남도,48125,창원시 마산합포구,48125640,합포동,4812511800,산호동,4812511800103220001,1,대지,322,1,경상남도 창원시 마산합포구 산호동 322-1,481253329061,경상남도 창원시 마산합포구 허당로,90,,4812511800103220001032972,,경상남도 창원시 마산합포구 허당로 90,631855,51723,,,,128.585577712992,35.2105332178628
MA010120220809677694,금호타이어,마석점,G2,소매,G202,자동차 부품 소매,G20201,타이어 소매업,G45211,자동차 신품 타이어 및 튜브 판매업,41,경기도,41360,남양주시,41360256,화도읍,4136025621,화도읍,4136025621101030001,1,대지,103,1,경기도 남양주시 화도읍 마석우리 103-1,413603000120,경기도 남양주시 화도읍 경춘로,2045,,4136025621101030001000001,,경기도 남양주시 화도읍 경춘로 2045,472845,12180,,1,,127.315528246102,37.652286463989
MA010120220809699603,에스엔티모터스,,G2,소매,G202,자동차 부품 소매,G20201,타이어 소매업,G45211,자동차 신품 타이어 및 튜브 판매업,41,경기도,41430,의왕시,41430540,내손1동,4143010700,내손동,4143010700107380000,1,대지,738,,경기도 의왕시 내손동 738,414303201007,경기도 의왕시 계원대학로,47,,4143010700107380000000001,계원마당,경기도 의왕시 계원대학로 47,437834,16037,,,,126.976661745112,37.3797651010259
MA010120220809757316,흥업대형타이어,전문점,G2,소매,G202,자동차 부품 소매,G20201,타이어 소매업,G45211,자동차 신품 타이어 및 튜브 판매업,51,강원특별자치도,51130,원주시,51130370,흥업면,5113037024,흥업면,5113037024103110000,1,대지,311,,강원특별자치도 원주시 흥업면 대안리 311,511303219014,강원특별자치도 원주시 흥업면 대안로,986,,4213037024103110000000001,,강원특별자치도 원주시 흥업면 대안로 986,220841,26492,,,,127.894187433009,37.3039914526048
MA010120220809793787,엘투파츠팩토리,,G2,소매,G202,자동차 부품 소매,G20201,타이어 소매업,G45211,자동차 신품 타이어 및 튜브 판매업,41,경기도,41220,평택시,41220256,포승읍,4122025622,포승읍,4122025622108510003,1,대지,851,3,경기도 평택시 포승읍 도곡리 851-3,412204364237,경기도 평택시 포승읍 불당길,7,,4122025622108510003000001,,경기도 평택시 포승읍 불당길 7,451822,17964,,,,126.870624773604,36.9861253047566
MA010120220809766664,덕암중고타이어,,G2,소매,G202,자동차 부품 소매,G20201,타이어 소매업,G45220,자동차 중고 부품 및 내장품 판매업,30,대전광역시,30230,대덕구,30230560,석봉동,3023011100,석봉동,3023011100103150001,1,대지,315,1,대전광역시 대덕구 석봉동 315-1,302303168006,대전광역시 대덕구 덕암북로,43,,3023011100103150001002305,,대전광역시 대덕구 덕암북로 43,306810,34320,,,,127.422750081792,36.446060576956
MA010120220809774972,덕평타이어,,G2,소매,G202,자동차 부품 소매,G20201,타이어 소매업,G45211,자동차 신품 타이어 및 튜브 판매업,41,경기도,41500,이천시,41500340,마장면,4150034030,마장면,4150034030104150003,1,대지,415,3,경기도 이천시 마장면 덕평리 415-3,415003203146,경기도 이천시 마장면 덕평로,895,,4150034030104150003002630,,경기도 이천시 마장면 덕평로 895,467812,17389,,,,127.363840045433,37.2376468235684
MA010120220809785676,타이어클럽,,G2,소매,G202,자동차 부품 소매,G20201,타이어 소매업,G45211,자동차 신품 타이어 및 튜브 판매업,11,서울특별시,11260,중랑구,11260610,중화2동,1126010300,중화동,1126010300102090009,1,대지,209,9,서울특별시 중랑구 중화동 209-9,112603005032,서울특별시 중랑구 망우로,181,,1126010300102090011013041,,서울특별시 중랑구 망우로 181,131878,02116,,1,,127.072864029996,37.5934099912117
MA010120220809764858,타이어테크약대점,,G2,소매,G202,자동차 부품 소매,G20201,타이어 소매업,G45211,자동차 신품 타이어 및 튜브 판매업,41,경기도,41192,부천시 원미구,41192610,약대동,4119210500,약대동,4119210500101530024,1,대지,153,24,경기도 부천시 원미구 약대동 153-24,411923185020,경기도 부천시 원미구 신흥로,284,,4119510500101530024036443,,경기도 부천시 원미구 신흥로 284,420830,14531,,,,126.7751623785,37.5089751618087
MA010120220809830241,KP무역,,G2,소매,G202,자동차 부품 소매,G20201,타이어 소매업,G45120,중고 자동차 판매업,28,인천광역시,28185,연수구,28185630,옥련1동,2818510100,옥련동,2818510100105040005,1,대지,504,5,인천광역시 연수구 옥련동 504-5,281853008016,인천광역시 연수구 능허대로,192,,2818510100105040005000980,,인천광역시 연수구 능허대로 192,406835,21960,,,,126.646403138022,37.4160093116224
MA010120220809822067,금광,,G2,소매,G202,자동차 부품 소매,G20201,타이어 소매업,G45211,자동차 신품 타이어 및 튜브 판매업,11,서울특별시,11500,강서구,11500510,염창동,1150010100,염창동,1150010100102640000,1,대지,264,,서울특별시 강서구 염창동 264,115003115008,서울특별시 강서구 양천로,682,,1150010100102640000028112,전체동광빌딩,서울특별시 강서구 양천로 682,157862,07555,,1,,126.871805269281,37.5507638442698
MA010120220809836143,미쉐린서비스센터,광양점,G2,소매,G202,자동차 부품 소매,G20201,타이어 소매업,G45211,자동차 신품 타이어 및 튜브 판매업,46,전라남도,46230,광양시,46230530,중마동,4623010600,중동,4623010600118120001,1,대지,1812,1,전라남도 광양시 중동 1812-1,462303285048,전라남도 광양시 항만11로,32,,4623010600118120001000001,,전라남도 광양시 항만11로 32,545827,57793,,,,127.694452651594,34.9258333140608
MA010120220809841888,항공종합상사,,G2,소매,G202,자동차 부품 소매,G20201,타이어 소매업,G45211,자동차 신품 타이어 및 튜브 판매업,44,충청남도,44200,아산시,44200410,신창면,4420041021,신창면,4420041021101460005,1,대지,146,5,충청남도 아산시 신창면 오목리 146-5,442003253040,충청남도 아산시 신창면 서부남로,717,,4420041021101450002020699,,충청남도 아산시 신창면 서부남로 717,336885,31535,,,,126.933460794893,36.7901880708677
MA010120220809834151,그린통타이어,,G2,소매,G202,자동차 부품 소매,G20201,타이어 소매업,G45211,자동차 신품 타이어 및 튜브 판매업,48,경상남도,48250,김해시,48250320,주촌면,4825032021,주촌면,4825032021107130001,1,대지,713,1,경상남도 김해시 주촌면 선지리 713-1,482503352548,경상남도 김해시 주촌면 주선로,53,,4825032021107130001000001,,경상남도 김해시 주촌면 주선로 53,621845,50887,,2,,128.842837260581,35.2357822296149
MA010120220809823145,777타이어군산,수송점,G2,소매,G202,자동차 부품 소매,G20201,타이어 소매업,G45211,자동차 신품 타이어 및 튜브 판매업,52,전북특별자치도,52130,군산시,52130690,수송동,5213014100,수송동,5213014100100530013,1,대지,53,13,전북특별자치도 군산시 수송동 53-13,521303268088,전북특별자치도 군산시 월명로,125,,4513014100100530013000001,,전북특별자치도 군산시 월명로 125,573370,54105,,,,126.715279937319,35.955063198962
MA010120220800059074,한영타이어,,G2,소매,G202,자동차 부품 소매,G20201,타이어 소매업,G45220,자동차 중고 부품 및 내장품 판매업,43,충청북도,43114,청주시 청원구,43114310,북이면,4311431037,북이면,4311431037100410002,1,대지,41,2,충청북도 청주시 청원구 북이면 내추리 41-2,431143240094,충청북도 청주시 청원구 북이면 의암로,353,,4311431037100410002000001,,충청북도 청주시 청원구 북이면 의암로 353,363922,28134,,,,127.554929347872,36.7603472119237
MA010120220800085439,정오케미칼,,G2,소매,G202,자동차 부품 소매,G20201,타이어 소매업,G45219,기타 자동차 신품 부품 및 내장품 판매업,47,경상북도,47850,칠곡군,47850256,석적읍,4785025623,석적읍,4785025623106550000,1,대지,655,,경상북도 칠곡군 석적읍 남율리 655,478504766614,경상북도 칠곡군 석적읍 신기길,6,,4785025623106550000003096,,경상북도 칠곡군 석적읍 신기길 6,718831,39842,,,,128.398704065393,36.0779257772612
MA010120220800091256,타타타이어,,G2,소매,G202,자동차 부품 소매,G20201,타이어 소매업,G45211,자동차 신품 타이어 및 튜브 판매업,29,광주광역시,29170,북구,29170663,두암3동,2917011400,두암동,2917011400108520014,1,대지,852,14,광주광역시 북구 두암동 852-14,291703162002,광주광역시 북구 군왕로,108,,2917011400108520014038073,,광주광역시 북구 군왕로 108,500883,61156,,,,126.932852523294,35.1708823423965
MA010120220800113799,타이어포텐,,G2,소매,G202,자동차 부품 소매,G20201,타이어 소매업,G45211,자동차 신품 타이어 및 튜브 판매업,47,경상북도,47190,구미시,47190660,임오동,4719011800,오태동,4719011800106570010,1,대지,657,10,경상북도 구미시 오태동 657-10,471902018004,경상북도 구미시 금오대로,348,,4719011800106570010047110,,경상북도 구미시 금오대로 348,730141,39358,,,,128.351083069992,36.0754353016837
MA010120220800105374,넥센타이어신북점승지타이어,,G2,소매,G202,자동차 부품 소매,G20201,타이어 소매업,G45211,자동차 신품 타이어 및 튜브 판매업,41,경기도,41650,포천시,41650340,신북면,4165034024,신북면,4165034024100450003,1,대지,45,3,경기도 포천시 신북면 만세교리 45-3,416503000136,경기도 포천시 신북면 호국로,2462,,4165034024100450003000001,,경기도 포천시 신북면 호국로 2462,487914,11139,,,,127.24832959026,37.964250183783
MA010120220800148701,대경중고타이어,,G2,소매,G202,자동차 부품 소매,G20201,타이어 소매업,G45220,자동차 중고 부품 및 내장품 판매업,26,부산광역시,26470,연제구,26470650,연산1동,2647010200,연산동,2647010200105890001,1,대지,589,1,부산광역시 연제구 연산동 589-1,264703137019,부산광역시 연제구 쌍미천로,197,,2647010200105890001022666,,부산광역시 연제구 쌍미천로 197,611814,47551,,,,129.087233991278,35.1902250436931
MA010120220800159674,우정타이어,,G2,소매,G202,자동차 부품 소매,G20201,타이어 소매업,G45211,자동차 신품 타이어 및 튜브 판매업,28,인천광역시,28110,중구,28110520,연안동,2811011800,항동7가,2811011800100910022,1,대지,91,22,인천광역시 중구 항동7가 91-22,281104247129,인천광역시 중구 서해대로209번길,36,,2811011800100910022161876,외,인천광역시 중구 서해대로209번길 36,400803,22338,,,,126.61900241011,37.4486579205871
MA010120220801721348,더타이어세상,,G2,소매,G202,자동차 부품 소매,G20201,타이어 소매업,G45211,자동차 신품 타이어 및 튜브 판매업,41,경기도,41630,양주시,41630520,양주2동,4163010600,광사동,4163010600103770005,1,대지,377,5,경기도 양주시 광사동 377-5,416303206116,경기도 양주시 부흥로,1842,,4163010600103770005059820,,경기도 양주시 부흥로 1842,482030,11489,,,,127.07062612432,37.7889773514499
MA010120220801698663,동그리타이어,,G2,소매,G202,자동차 부품 소매,G20201,타이어 소매업,G45220,자동차 중고 부품 및 내장품 판매업,41,경기도,41630,양주시,41630520,양주2동,4163010900,고읍동,4163010900103880001,1,대지,388,1,경기도 양주시 고읍동 388-1,416303212026,경기도 양주시 고덕로,289,,4163010900103880001000001,,경기도 양주시 고덕로 289,482020,11459,,,,127.072603047856,37.8021391855334
MA010120220801704787,타이어휠마트,,G2,소매,G202,자동차 부품 소매,G20201,타이어 소매업,G45212,자동차용 전용 신품 부품 판매업,41,경기도,41650,포천시,41650250,소흘읍,4165025022,소흘읍,4165025022104030002,1,대지,403,2,경기도 포천시 소흘읍 이동교리 403-2,416503000136,경기도 포천시 소흘읍 호국로,258,,4165025022104030002000001,,경기도 포천시 소흘읍 호국로 258,487826,11184,,1,,127.127324522533,37.7969032256601
MA010120220801707788,타이어장터,,G2,소매,G202,자동차 부품 소매,G20201,타이어 소매업,G45220,자동차 중고 부품 및 내장품 판매업,41,경기도,41630,양주시,41630520,양주2동,4163010800,삼숭동,4163010800103490004,1,대지,349,4,경기도 양주시 삼숭동 349-4,416303352455,경기도 양주시 만삼로,187,,4163010800103490004000001,,경기도 양주시 만삼로 187,482110,11484,,,,127.102593929925,37.8040719674641
MA010120220801707789,가나타이어,,G2,소매,G202,자동차 부품 소매,G20201,타이어 소매업,G45211,자동차 신품 타이어 및 튜브 판매업,41,경기도,41630,양주시,41630310,은현면,4163031026,은현면,4163031026100340005,1,대지,34,5,경기도 양주시 은현면 도하리 34-5,416303212008,경기도 양주시 은현면 그루고개로,581,,4163031026100340005000001,,경기도 양주시 은현면 그루고개로 581,482861,11431,,,,127.012920700318,37.8607139376314
MA010120220801719419,대성중고타이어,전문점,G2,소매,G202,자동차 부품 소매,G20201,타이어 소매업,G45211,자동차 신품 타이어 및 튜브 판매업,41,경기도,41650,포천시,41650250,소흘읍,4165025022,소흘읍,4165025022100360001,1,대지,36,1,경기도 포천시 소흘읍 이동교리 36-1,416503000136,경기도 포천시 소흘읍 호국로,527,,4165025022100360001000001,,경기도 포천시 소흘읍 호국로 527,487826,11184,,,,127.137313113759,37.8198213951813
MA010120220801702330,타이어캠프,,G2,소매,G202,자동차 부품 소매,G20201,타이어 소매업,G45211,자동차 신품 타이어 및 튜브 판매업,41,경기도,41630,양주시,41630570,옥정1동,4163011200,회암동,4163011200105660006,1,대지,566,6,경기도 양주시 회암동 566-6,416303212038,경기도 양주시 화합로,1579,,4163011200105660006000001,,경기도 양주시 화합로 1579,482160,11463,,,,127.081773089155,37.8390633967322
MA010120220801693223,수경타이어,,G2,소매,G202,자동차 부품 소매,G20201,타이어 소매업,G45211,자동차 신품 타이어 및 튜브 판매업,41,경기도,41650,포천시,41650520,선단동,4165010300,자작동,4165010300102530001,1,대지,253,1,경기도 포천시 자작동 253-1,416503000136,경기도 포천시 호국로,1149,,4165010300102530001000002,,경기도 포천시 호국로 1149,487020,11158,,,,127.174287809666,37.8657390908596
MA010120220801696748,형제중고타이어,,G2,소매,G202,자동차 부품 소매,G20201,타이어 소매업,G45220,자동차 중고 부품 및 내장품 판매업,41,경기도,41630,양주시,41630510,양주1동,4163010500,산북동,4163010500102900011,1,대지,290,11,경기도 양주시 산북동 290-11,416303215066,경기도 양주시 평화로,1241,,4163010500102900011004393,,경기도 양주시 평화로 1241,482100,11497,,,,127.045078652625,37.8018285871603
MA010120220801713787,국제타이어,,G2,소매,G202,자동차 부품 소매,G20201,타이어 소매업,G45211,자동차 신품 타이어 및 튜브 판매업,41,경기도,41250,동두천시,41250520,생연2동,4125010300,생연동,4125010300106860052,1,대지,686,52,경기도 동두천시 생연동 686-52,412503189027,경기도 동두천시 큰시장로,34,,4125010300106860052007805,,경기도 동두천시 큰시장로 34,483032,11333,,,,127.054177968979,37.9006051570756
MA010120220801787344,타이어마트,,G2,소매,G202,자동차 부품 소매,G20201,타이어 소매업,G45220,자동차 중고 부품 및 내장품 판매업,41,경기도,41281,고양시 덕양구,41281640,행신1동,4128112800,행신동,4128112800106530047,1,대지,653,47,경기도 고양시 덕양구 행신동 653-47,412813192072,경기도 고양시 덕양구 행신로,117,,4128112800106530047010993,,경기도 고양시 덕양구 행신로 117,412824,10516,,,,126.828205557895,37.6183369299133
MA010120220801747713,파주,대리점,G2,소매,G202,자동차 부품 소매,G20201,타이어 소매업,G45211,자동차 신품 타이어 및 튜브 판매업,41,경기도,41480,파주시,41480530,금촌3동,4148010100,금촌동,4148010100104450001,1,대지,445,1,경기도 파주시 금촌동 445-1,414803206093,경기도 파주시 평화로,126,,4148010100104450001001933,,경기도 파주시 평화로 126,413010,10855,,,,126.766741952613,37.7680635284448
MA010120220801754692,더타이어샵,일산점,G2,소매,G202,자동차 부품 소매,G20201,타이어 소매업,G45211,자동차 신품 타이어 및 튜브 판매업,41,경기도,41287,고양시 일산서구,41287600,덕이동,4128710500,덕이동,4128710500104260003,1,대지,426,3,경기도 고양시 일산서구 덕이동 426-3,412873194012,경기도 고양시 일산서구 덕이로,70,,4128710500104260003007496,,경기도 고양시 일산서구 덕이로 70,411808,10236,,,,126.751802880217,37.6907749315225
MA010120220801822015,미래Tr,,G2,소매,G202,자동차 부품 소매,G20201,타이어 소매업,G45211,자동차 신품 타이어 및 튜브 판매업,41,경기도,41285,고양시 일산동구,41285526,중산2동,4128510200,중산동,4128510200117060000,1,대지,1706,,경기도 고양시 일산동구 중산동 1706,412854379209,경기도 고양시 일산동구 하늘마을로93번길,30,,4128510200117060000007368,,경기도 고양시 일산동구 하늘마을로93번길 30,410315,10310,,,,126.784974510037,37.6800013385867
MA010120220801791609,상진휠얼라이먼트,,G2,소매,G202,자동차 부품 소매,G20201,타이어 소매업,G45211,자동차 신품 타이어 및 튜브 판매업,41,경기도,41287,고양시 일산서구,41287600,덕이동,4128710500,덕이동,4128710500104590000,1,대지,459,,경기도 고양시 일산서구 덕이동 459,412873194012,경기도 고양시 일산서구 덕이로,30,15,4128710500104590000003826,,경기도 고양시 일산서구 덕이로 30-15,411808,10237,,1,,126.755852530333,37.6901527027465
MA010120220801815108,코크핏,,G2,소매,G202,자동차 부품 소매,G20201,타이어 소매업,G45219,기타 자동차 신품 부품 및 내장품 판매업,41,경기도,41287,고양시 일산서구,41287610,가좌동,4128710700,구산동,4128710700101370006,1,대지,137,6,경기도 고양시 일산서구 구산동 137-6,412874382069,경기도 고양시 일산서구 산율길,59,39,4128710700101370006001275,,경기도 고양시 일산서구 산율길 59-39,411800,10207,,,,126.710004922184,37.6895803646908
MA010120220801831397,짱짱휠，타이어,,G2,소매,G202,자동차 부품 소매,G20201,타이어 소매업,G45211,자동차 신품 타이어 및 튜브 판매업,28,인천광역시,28237,부평구,28237680,십정1동,2823710200,십정동,2823710200105580026,1,대지,558,26,인천광역시 부평구 십정동 558-26,282373008036,인천광역시 부평구 가재울로,174,,2823710200105580026000001,,인천광역시 부평구 가재울로 174,403847,21449,,,,126.688591808285,37.4712428236065
MA010120220801855571,타이어투데이,,G2,소매,G202,자동차 부품 소매,G20201,타이어 소매업,G45211,자동차 신품 타이어 및 튜브 판매업,41,경기도,41287,고양시 일산서구,41287600,덕이동,4128710500,덕이동,4128710500111960003,1,대지,1196,3,경기도 고양시 일산서구 덕이동 1196-3,412873194012,경기도 고양시 일산서구 덕이로,292,,4128710500111960003016114,,경기도 고양시 일산서구 덕이로 292,411809,10227,,1,,126.733145218471,37.7021945710995
MA010120220801853419,인퍼스트,,G2,소매,G202,자동차 부품 소매,G20201,타이어 소매업,G45211,자동차 신품 타이어 및 튜브 판매업,41,경기도,41281,고양시 덕양구,41281580,창릉동,4128111300,용두동,4128111300101260012,1,대지,126,12,경기도 고양시 덕양구 용두동 126-12,412813192030,경기도 고양시 덕양구 봉산로,287,70,4128111300101260012000001,,경기도 고양시 덕양구 봉산로 287-70,412110,10549,,,,126.89013037289,37.6177170733802
MA010120220801874194,대산산업중량,,G2,소매,G202,자동차 부품 소매,G20201,타이어 소매업,G45211,자동차 신품 타이어 및 튜브 판매업,41,경기도,41610,광주시,41610580,오포1동,4161011700,문형동,4161011700102500001,1,대지,250,1,경기도 광주시 문형동 250-1,416103211035,경기도 광주시 오포로,552,,4161025024102500001245978,,경기도 광주시 오포로 552,464891,12774,,,,127.212165965763,37.3473744465235
MA010120220801847403,인퍼스트설문점,,G2,소매,G202,자동차 부품 소매,G20201,타이어 소매업,G45211,자동차 신품 타이어 및 튜브 판매업,41,경기도,41285,고양시 일산동구,41285600,고봉동,4128511100,설문동,4128511100107380003,1,대지,738,3,경기도 고양시 일산동구 설문동 738-3,412853012034,경기도 고양시 일산동구 고봉로,688,,4128511100107380003000001,,경기도 고양시 일산동구 고봉로 688,410819,10251,,,,126.78942326058,37.7183368035508
MA010120220803514886,타이어브로,,G2,소매,G202,자동차 부품 소매,G20201,타이어 소매업,G45211,자동차 신품 타이어 및 튜브 판매업,30,대전광역시,30200,유성구,30200550,신성동,3020013000,화암동,3020013000101200012,1,대지,120,12,대전광역시 유성구 화암동 120-12,302002010001,대전광역시 유성구 대덕대로,957,,3020013000101200012002660,,대전광역시 유성구 대덕대로 957,305804,34058,,,,127.377857524081,36.4143279703314
MA010120220803547847,장학타이어,,G2,소매,G202,자동차 부품 소매,G20201,타이어 소매업,G45211,자동차 신품 타이어 및 튜브 판매업,52,전북특별자치도,52180,정읍시,52180580,농소동,5218010600,농소동,5218010600101910017,1,대지,191,17,전북특별자치도 정읍시 농소동 191-17,521803270044,전북특별자치도 정읍시 충정로,454,,4518010600101910017070899,,전북특별자치도 정읍시 충정로 454,580090,56155,,,,126.837496902592,35.5809855080569
MA010120220803573387,성남중고타이어,,G2,소매,G202,자동차 부품 소매,G20201,타이어 소매업,G45220,자동차 중고 부품 및 내장품 판매업,41,경기도,41463,용인시 기흥구,41463590,보정동,4146311800,보정동,4146311800101980012,1,대지,198,12,경기도 용인시 기흥구 보정동 198-12,414634412266,경기도 용인시 기흥구 포은대로512번길,23,,4146311800101980012001900,,경기도 용인시 기흥구 포은대로512번길 23,446850,16906,,,,127.106189827581,37.3230270216765
MA010120220803534187,진주신화타이어,,G2,소매,G202,자동차 부품 소매,G20201,타이어 소매업,G45211,자동차 신품 타이어 및 튜브 판매업,48,경상남도,48170,진주시,48170730,판문동,4817012900,판문동,4817012900102780007,1,대지,278,7,경상남도 진주시 판문동 278-7,481703332056,경상남도 진주시 진양호로,43,,4817012900102780007000001,,경상남도 진주시 진양호로 43,660989,52648,,,,128.044778479235,35.1674499154909
MA010120220803571125,명품휠스토리,시흥점,G2,소매,G202,자동차 부품 소매,G20201,타이어 소매업,G45211,자동차 신품 타이어 및 튜브 판매업,41,경기도,41390,시흥시,41390550,매화동,4139010900,도창동,4139010900101440047,1,대지,144,47,경기도 시흥시 도창동 144-47,413903000064,경기도 시흥시 수인로,2768,14,4139010900101440047001382,,경기도 시흥시 수인로 2768-14,429816,14931,,,,126.827631212258,37.405401995805
MA010120220803534288,세종타이어,,G2,소매,G202,자동차 부품 소매,G20201,타이어 소매업,G45211,자동차 신품 타이어 및 튜브 판매업,41,경기도,41590,화성시,41590259,향남읍,4159025924,향남읍,4159025924106110009,1,대지,611,9,경기도 화성시 향남읍 상신리 611-9,415903000117,경기도 화성시 향남읍 서해로,430,1,4159025924106110009009373,,경기도 화성시 향남읍 서해로 430-1,445937,18614,,,,126.902176174464,37.1004118629797
MA010120220803617870,태영상사,,G2,소매,G202,자동차 부품 소매,G20201,타이어 소매업,G45211,자동차 신품 타이어 및 튜브 판매업,41,경기도,41285,고양시 일산동구,41285600,고봉동,4128511300,성석동,4128511300112460080,1,대지,1246,80,경기도 고양시 일산동구 성석동 1246-80,412853012034,경기도 고양시 일산동구 고봉로,608,,4128511300112460080000001,,경기도 고양시 일산동구 고봉로 608,410570,10250,,,,126.788275674717,37.7110819260908
MA010120220803615162,명광타이어,,G2,소매,G202,자동차 부품 소매,G20201,타이어 소매업,G45220,자동차 중고 부품 및 내장품 판매업,11,서울특별시,11230,동대문구,11230650,장안1동,1123010600,장안동,1123010600104160004,1,대지,416,4,서울특별시 동대문구 장안동 416-4,112304115615,서울특별시 동대문구 한천로2길,104,,1123010600104160004017802,,서울특별시 동대문구 한천로2길 104,130844,02633,,,,127.064175124802,37.5622496502684
MA010120220803622385,남양타이어,,G2,소매,G202,자동차 부품 소매,G20201,타이어 소매업,G45220,자동차 중고 부품 및 내장품 판매업,11,서울특별시,11230,동대문구,11230650,장안1동,1123010600,장안동,1123010600104570012,1,대지,457,12,서울특별시 동대문구 장안동 457-12,112304115411,서울특별시 동대문구 장한로2길,67,,1123010600104570012015949,,서울특별시 동대문구 장한로2길 67,130846,02646,,1,,127.068985077569,37.5618685192914
MA010120220803586393,삼흥타이어,,G2,소매,G202,자동차 부품 소매,G20201,타이어 소매업,G45211,자동차 신품 타이어 및 튜브 판매업,11,서울특별시,11230,동대문구,11230650,장안1동,1123010600,장안동,1123010600104400008,1,대지,440,8,서울특별시 동대문구 장안동 440-8,112303105011,서울특별시 동대문구 장안벚꽃로,29,,1123010600104400008015570,,서울특별시 동대문구 장안벚꽃로 29,130845,02642,,,,127.071691627244,37.5634076106255
MA010120220803677990,양평중고타이어,,G2,소매,G202,자동차 부품 소매,G20201,타이어 소매업,G45220,자동차 중고 부품 및 내장품 판매업,41,경기도,41830,양평군,41830410,개군면,4183041033,개군면,4183041033104120007,1,대지,412,7,경기도 양평군 개군면 상자포리 412-7,418304452374,경기도 양평군 개군면 하자포길,1,,4183041033104120007006493,,경기도 양평군 개군면 하자포길 1,476893,12568,,,,127.538568634383,37.4233393506921
MA010120220803650592,맥시멈타이어,,G2,소매,G202,자동차 부품 소매,G20201,타이어 소매업,G45211,자동차 신품 타이어 및 튜브 판매업,11,서울특별시,11230,동대문구,11230650,장안1동,1123010600,장안동,1123010600104560001,1,대지,456,1,서울특별시 동대문구 장안동 456-1,112303105011,서울특별시 동대문구 장안벚꽃로,19,,1123010600104560001016094,,서울특별시 동대문구 장안벚꽃로 19,130846,02646,,,,127.071396502801,37.562524813077
MA010120220803653893,대일휠마트,,G2,소매,G202,자동차 부품 소매,G20201,타이어 소매업,G45219,기타 자동차 신품 부품 및 내장품 판매업,11,서울특별시,11230,동대문구,11230610,답십리2동,1123010500,답십리동,1123010500109520007,1,대지,952,7,서울특별시 동대문구 답십리동 952-7,112303105019,서울특별시 동대문구 황물로,190,,1123010500109520007020507,,서울특별시 동대문구 황물로 190,130705,02622,,1,,127.058109667292,37.5637754752485
MA010120220803654462,대흥타이어,,G2,소매,G202,자동차 부품 소매,G20201,타이어 소매업,G45211,자동차 신품 타이어 및 튜브 판매업,11,서울특별시,11260,중랑구,11260630,묵2동,1126010400,묵동,1126010400102480075,1,대지,248,75,서울특별시 중랑구 묵동 248-75,112603106011,서울특별시 중랑구 중랑천로,236,,1126010400102480075007859,,서울특별시 중랑구 중랑천로 236,131853,02012,,,,127.073838581961,37.6056448393758
MA010120220803651002,원콜타이어,,G2,소매,G202,자동차 부품 소매,G20201,타이어 소매업,G45211,자동차 신품 타이어 및 튜브 판매업,11,서울특별시,11230,동대문구,11230650,장안1동,1123010600,장안동,1123010600104400009,1,대지,440,9,서울특별시 동대문구 장안동 440-9,112303105011,서울특별시 동대문구 장안벚꽃로,27,,1123010600104400009016087,,서울특별시 동대문구 장안벚꽃로 27,130845,02642,,1,,127.071861128272,37.5631191887731
MA010120220803663993,충남사,,G2,소매,G202,자동차 부품 소매,G20201,타이어 소매업,G45211,자동차 신품 타이어 및 튜브 판매업,11,서울특별시,11230,동대문구,11230545,제기동,1123010300,제기동,1123010300106710002,1,대지,671,2,서울특별시 동대문구 제기동 671-2,112303105015,서울특별시 동대문구 제기로,43,,1123010300106710002030405,,서울특별시 동대문구 제기로 43,130864,02472,,,,127.03786099013,37.5867050067978
MA010120220803651270,OK타이어,,G2,소매,G202,자동차 부품 소매,G20201,타이어 소매업,G45211,자동차 신품 타이어 및 튜브 판매업,11,서울특별시,11230,동대문구,11230650,장안1동,1123010600,장안동,1123010600101410003,1,대지,141,3,서울특별시 동대문구 장안동 141-3,112303005025,서울특별시 동대문구 답십리로,244,,1123010600101410003016791,,서울특별시 동대문구 답십리로 244,130101,02623,,1,,127.067478015361,37.5725011393545
MA010120220805106228,선남타이어할인매장,,G2,소매,G202,자동차 부품 소매,G20201,타이어 소매업,G45211,자동차 신품 타이어 및 튜브 판매업,47,경상북도,47840,성주군,47840310,선남면,4784031045,선남면,4784031045106000021,1,대지,600,21,경상북도 성주군 선남면 관화리 600-21,478403311038,경상북도 성주군 선남면 성주로,3985,,4784031045106000021021197,,경상북도 성주군 선남면 성주로 3985,719831,40045,,,,128.356906840689,35.8939034821556
MA010120220805076616,더타이어샵,화전점,G2,소매,G202,자동차 부품 소매,G20201,타이어 소매업,G45211,자동차 신품 타이어 및 튜브 판매업,41,경기도,41281,고양시 덕양구,41281660,화전동,4128112900,화전동,4128112900105580002,1,대지,558,2,경기도 고양시 덕양구 화전동 558-2,412813192094,경기도 고양시 덕양구 중앙로,192,,4128112900105580002033580,,경기도 고양시 덕양구 중앙로 192,412160,10538,,,,126.869085411212,37.6047033484727
MA010120220805099394,H&K타이어,,G2,소매,G202,자동차 부품 소매,G20201,타이어 소매업,G45211,자동차 신품 타이어 및 튜브 판매업,26,부산광역시,26290,남구,26290540,대연4동,2629010600,대연동,2629010600109990003,1,대지,999,3,부산광역시 남구 대연동 999-3,262903131029,부산광역시 남구 유엔로,142,,2629010600109990003003325,,부산광역시 남구 유엔로 142,608024,48485,,,,129.091661904571,35.1299694381678
MA010120220805068843,휠서브,,G2,소매,G202,자동차 부품 소매,G20201,타이어 소매업,G45211,자동차 신품 타이어 및 튜브 판매업,41,경기도,41610,광주시,41610580,오포1동,4161011700,문형동,4161011700103180006,1,대지,318,6,경기도 광주시 문형동 318-6,416103211035,경기도 광주시 오포로,618,2,4161025024103180006000001,,경기도 광주시 오포로 618-2,464889,12774,,,,127.2149229378,37.3524512642854
MA010120220805077423,영진타이어,,G2,소매,G202,자동차 부품 소매,G20201,타이어 소매업,G45211,자동차 신품 타이어 및 튜브 판매업,47,경상북도,47850,칠곡군,47850310,지천면,4785031039,지천면,4785031039100090001,1,대지,9,1,경상북도 칠곡군 지천면 연화리 9-1,478502000028,경상북도 칠곡군 지천면 칠곡대로,2209,,4785031039100090001026066,,경상북도 칠곡군 지천면 칠곡대로 2209,718821,39867,,,,128.46473877523,35.9662516583529
MA010120220805147440,타이어여행,,G2,소매,G202,자동차 부품 소매,G20201,타이어 소매업,G45211,자동차 신품 타이어 및 튜브 판매업,29,광주광역시,29200,광산구,29200640,하남동,2920012500,하남동,2920012500108880000,1,대지,888,,광주광역시 광산구 하남동 888,292003163020,광주광역시 광산구 손재로,197,,2920012500108880000000001,,광주광역시 광산구 손재로 197,506250,62232,,,,126.79447652475,35.1830391178594
MA010120220805145455,금성에스엠타이어,,G2,소매,G202,자동차 부품 소매,G20201,타이어 소매업,G45211,자동차 신품 타이어 및 튜브 판매업,50,제주특별자치도,50130,서귀포시,50130530,중앙동,5013010100,서귀동,5013010100102530003,1,대지,253,3,제주특별자치도 서귀포시 서귀동 253-3,501303350346,제주특별자치도 서귀포시 중동로,58,,5013010100102530003039618,한국타이어서귀포점,제주특별자치도 서귀포시 중동로 58,697842,63590,,1,,126.568286823153,33.2499386994018
MA010120220805119474,아산타이어,,G2,소매,G202,자동차 부품 소매,G20201,타이어 소매업,G45211,자동차 신품 타이어 및 튜브 판매업,44,충청남도,44200,아산시,44200253,배방읍,4420025324,배방읍,4420025324109950000,1,대지,995,,충청남도 아산시 배방읍 공수리 995,442003253046,충청남도 아산시 배방읍 순천향로,1071,,4420025324109950000066078,,충청남도 아산시 배방읍 순천향로 1071,336852,31479,,,,127.038438835701,36.7651314198693
MA010120220805169517,타이어팩토리,,G2,소매,G202,자동차 부품 소매,G20201,타이어 소매업,G45211,자동차 신품 타이어 및 튜브 판매업,47,경상북도,47130,경주시,47130630,동천동,4713012600,동천동,4713012600105850000,1,대지,585,,경상북도 경주시 동천동 585,471303305039,경상북도 경주시 알천북로,261,1,4713012600105850000040381,,경상북도 경주시 알천북로 261-1,780934,38111,,,,129.227247517389,35.8470344020218
MA010120220805175387,한진,,G2,소매,G202,자동차 부품 소매,G20201,타이어 소매업,G45211,자동차 신품 타이어 및 튜브 판매업,11,서울특별시,11470,양천구,11470560,신월1동,1147010300,신월동,1147010300100970001,1,대지,97,1,서울특별시 양천구 신월동 97-1,114703000009,서울특별시 양천구 가로공원로,122,,1147010300100970001014090,,서울특별시 양천구 가로공원로 122,158826,07917,,1,,126.829560416241,37.5358169179179
MA010120220805176791,타이어프로담티점,,G2,소매,G202,자동차 부품 소매,G20201,타이어 소매업,G45211,자동차 신품 타이어 및 튜브 판매업,27,대구광역시,27260,수성구,27260561,만촌3동,2726010200,만촌동,2726010200107740000,1,대지,774,,대구광역시 수성구 만촌동 774,272602007002,대구광역시 수성구 달구벌대로,2726,,2726010200107740000000001,,대구광역시 수성구 달구벌대로 2726,706807,42071,,,,128.658955452059,35.8526141955207
MA010120220805196113,세종타이어,,G2,소매,G202,자동차 부품 소매,G20201,타이어 소매업,G45211,자동차 신품 타이어 및 튜브 판매업,36,세종특별자치시,36110,세종특별자치시,36110350,장군면,3611035023,장군면,3611035023105890001,1,대지,589,1,세종특별자치시 세종특별자치시 장군면 대교리 589-1,361103251037,세종특별자치시 세종특별자치시 장군면 장척로,475,,3611035023105890001000001,,세종특별자치시 세종특별자치시 장군면 장척로 475,339913,30052,,1,,127.211720717477,36.50124972844
MA010120220805213452,소망중고타이어,,G2,소매,G202,자동차 부품 소매,G20201,타이어 소매업,G45220,자동차 중고 부품 및 내장품 판매업,29,광주광역시,29200,광산구,29200670,평동,2920014700,장록동,2920014700105240004,1,대지,524,4,광주광역시 광산구 장록동 524-4,292003163008,광주광역시 광산구 동곡로,586,,2920014700105240004000001,,광주광역시 광산구 동곡로 586,506507,62410,,,,126.77629877031,35.1337837729926
MA010120220805215972,명품휠스토리수원,화성점,G2,소매,G202,자동차 부품 소매,G20201,타이어 소매업,G45211,자동차 신품 타이어 및 튜브 판매업,41,경기도,41590,화성시,41590253,봉담읍,4159025324,봉담읍,4159025324100050001,1,대지,5,1,경기도 화성시 봉담읍 동화리 5-1,415904431440,경기도 화성시 봉담읍 효행로184번길,5,19,4159025324100050001035184,,경기도 화성시 봉담읍 효행로184번길 5-19,445893,18298,,,,126.968188985703,37.2300019494344
MA010120220805211135,타이어D,,G2,소매,G202,자동차 부품 소매,G20201,타이어 소매업,G45211,자동차 신품 타이어 및 튜브 판매업,44,충청남도,44131,천안시 동남구,44131550,봉명동,4413111300,봉명동,4413111300101590018,1,대지,159,18,충청남도 천안시 동남구 봉명동 159-18,441312249003,충청남도 천안시 동남구 서부대로,565,,4413111300101590018000001,,충청남도 천안시 동남구 서부대로 565,330931,31160,,,,127.130469603231,36.817610019915
MA010120220805211390,박사카타이어,,G2,소매,G202,자동차 부품 소매,G20201,타이어 소매업,G45211,자동차 신품 타이어 및 튜브 판매업,44,충청남도,44200,아산시,44200380,인주면,4420038026,인주면,4420038026100530000,1,대지,53,,충청남도 아산시 인주면 문방리 53,442003253098,충청남도 아산시 인주면 현대로,1112,,4420038026100530000062315,,충청남도 아산시 인주면 현대로 1112,336834,31434,,1,,126.881995336521,36.8528563226645
MA010120220806559740,유성모터스,,G2,소매,G202,자동차 부품 소매,G20201,타이어 소매업,G45211,자동차 신품 타이어 및 튜브 판매업,27,대구광역시,27260,수성구,27260680,고산2동,2726012000,노변동,2726012000100710007,1,대지,71,7,대구광역시 수성구 노변동 71-7,272603146002,대구광역시 수성구 고산로,61,,2726012000100710007026582,,대구광역시 수성구 고산로 61,706230,42257,,,,128.703856814002,35.8363420754657
MA010120220806580659,의성타이어마트,,G2,소매,G202,자동차 부품 소매,G20201,타이어 소매업,G45211,자동차 신품 타이어 및 튜브 판매업,47,경상북도,47730,의성군,47730250,의성읍,4773025021,의성읍,4773025021103590001,1,대지,359,1,경상북도 의성군 의성읍 후죽리 359-1,477304745131,경상북도 의성군 의성읍 도토길,1,,4773025021103590001000001,,경상북도 의성군 의성읍 도토길 1,769805,37332,,,,128.691602960306,36.3602873294056
MA010120220806551781,빵빵중고타이어,,G2,소매,G202,자동차 부품 소매,G20201,타이어 소매업,G45211,자동차 신품 타이어 및 튜브 판매업,26,부산광역시,26200,영도구,26200650,동삼1동,2620012100,동삼동,2620012100102190047,1,대지,219,47,부산광역시 영도구 동삼동 219-47,262003128009,부산광역시 영도구 동삼로,122,,2620012100102190047018097,,부산광역시 영도구 동삼로 122,606806,49096,,1,,129.072021933285,35.0838608284407
MA010120220806580945,한국타이어,,G2,소매,G202,자동차 부품 소매,G20201,타이어 소매업,G45211,자동차 신품 타이어 및 튜브 판매업,28,인천광역시,28237,부평구,28237592,청천2동,2823710400,청천동,2823710400101990005,1,대지,199,5,인천광역시 부평구 청천동 199-5,282373000065,인천광역시 부평구 길주로,473,,2823710400101990000014000,,인천광역시 부평구 길주로 473,403857,21334,,1,,126.714531141467,37.5081324021588
MA010120220806575651,모두타이어,,G2,소매,G202,자동차 부품 소매,G20201,타이어 소매업,G45211,자동차 신품 타이어 및 튜브 판매업,44,충청남도,44800,홍성군,44800250,홍성읍,4480025022,홍성읍,4480025022104200001,1,대지,420,1,충청남도 홍성군 홍성읍 대교리 420-1,448004586085,충청남도 홍성군 홍성읍 교동길,16,12,4480025022104200001050140,,충청남도 홍성군 홍성읍 교동길 16-12,350805,32218,,,,126.664132714701,36.605236394455
MA010120220806571036,씨아이컴퍼니,,G2,소매,G202,자동차 부품 소매,G20201,타이어 소매업,G45211,자동차 신품 타이어 및 튜브 판매업,41,경기도,41310,구리시,41310590,수택3동,4131010700,토평동,4131010700104900001,1,대지,490,1,경기도 구리시 토평동 490-1,413104388176,경기도 구리시 코스모스길,160,,4131010700104900001000001,,경기도 구리시 코스모스길 160,471033,11961,,,,127.144975734435,37.5791708391645
MA010120220806595997,원타이어,,G2,소매,G202,자동차 부품 소매,G20201,타이어 소매업,G45211,자동차 신품 타이어 및 튜브 판매업,47,경상북도,47190,구미시,47190555,지산동,4719010200,지산동,4719010200105940026,1,대지,594,26,경상북도 구미시 지산동 594-26,471903018024,경상북도 구미시 야은로,532,,4719010200105940026035809,,경상북도 구미시 야은로 532,730160,39192,,,,128.33927098139,36.1316279541768
MA010120220806602049,금성타이어,,G2,소매,G202,자동차 부품 소매,G20201,타이어 소매업,G45211,자동차 신품 타이어 및 튜브 판매업,51,강원특별자치도,51760,평창군,51760380,대관령면,5176038024,대관령면,5176038024102040005,1,대지,204,5,강원특별자치도 평창군 대관령면 횡계리 204-5,517603228007,강원특별자치도 평창군 대관령면 대관령로,196,,4276038024102040005011164,,강원특별자치도 평창군 대관령면 대관령로 196,232954,25343,,,,128.717438789668,37.6725200946739
MA010120220806616178,형제타이어,,G2,소매,G202,자동차 부품 소매,G20201,타이어 소매업,G45211,자동차 신품 타이어 및 튜브 판매업,11,서울특별시,11200,성동구,11200790,용답동,1120012200,용답동,1120012200102490004,1,대지,249,4,서울특별시 성동구 용답동 249-4,112004109512,서울특별시 성동구 자동차시장길,7,,1120012200102490004001500,,서울특별시 성동구 자동차시장길 7,133851,04808,,,,127.057621586986,37.5619827316515
MA010120220806618804,중고타이어플러스,,G2,소매,G202,자동차 부품 소매,G20201,타이어 소매업,G45211,자동차 신품 타이어 및 튜브 판매업,41,경기도,41360,남양주시,41360253,진접읍,4136025326,진접읍,4136025326105630001,1,대지,563,1,경기도 남양주시 진접읍 팔야리 563-1,413603000121,경기도 남양주시 진접읍 금강로,1883,1,4136025326105630003027335,,경기도 남양주시 진접읍 금강로 1883-1,472868,12018,,,,127.212291515979,37.7508677061652
MA010120220806671855,제이케이타이어,,G2,소매,G202,자동차 부품 소매,G20201,타이어 소매업,G45211,자동차 신품 타이어 및 튜브 판매업,41,경기도,41287,고양시 일산서구,41287600,덕이동,4128710500,덕이동,4128710500111960003,1,대지,1196,3,경기도 고양시 일산서구 덕이동 1196-3,412873194012,경기도 고양시 일산서구 덕이로,292,,4128710500111960003016114,,경기도 고양시 일산서구 덕이로 292,411809,10227,,,,126.733145218471,37.7021945710995
MA010120220806677927,세계로타이어,,G2,소매,G202,자동차 부품 소매,G20201,타이어 소매업,G45220,자동차 중고 부품 및 내장품 판매업,44,충청남도,44131,천안시 동남구,44131320,광덕면,4413132029,광덕면,4413132029100500003,1,대지,50,3,충청남도 천안시 동남구 광덕면 행정리 50-3,441314547765,충청남도 천안시 동남구 광덕면 행정길,11,,4413132029100500003072697,,충청남도 천안시 동남구 광덕면 행정길 11,330922,31223,,,,127.158426089081,36.6890044156165
MA010120220806646017,경인상사,,G2,소매,G202,자동차 부품 소매,G20201,타이어 소매업,G45211,자동차 신품 타이어 및 튜브 판매업,28,인천광역시,28110,중구,28110540,신흥동,2811012800,신흥동3가,2811012800100330006,1,대지,33,6,인천광역시 중구 신흥동3가 33-6,281102149003,인천광역시 중구 축항대로,283,,2811012800100330006030621,,인천광역시 중구 축항대로 283,400103,22334,,,,126.627993979796,37.4494974724727
MA010120220806646342,피에이모터스,,G2,소매,G202,자동차 부품 소매,G20201,타이어 소매업,G45211,자동차 신품 타이어 및 튜브 판매업,41,경기도,41220,평택시,41220250,팽성읍,4122025021,팽성읍,4122025021100190032,1,대지,19,32,경기도 평택시 팽성읍 객사리 19-32,412203188056,경기도 평택시 팽성읍 안정로,264,,4122025021100190032026370,,경기도 평택시 팽성읍 안정로 264,451801,17999,,,,127.06859280335,36.9694788686536
MA010120220806641539,1등타이어,녹산점,G2,소매,G202,자동차 부품 소매,G20201,타이어 소매업,G45211,자동차 신품 타이어 및 튜브 판매업,26,부산광역시,26440,강서구,26440560,녹산동,2644011100,녹산동,2644011100100110014,1,대지,11,14,부산광역시 강서구 녹산동 11-14,264403136053,부산광역시 강서구 생곡로,22,5,2644011100100110014003466,,부산광역시 강서구 생곡로 22-5,618210,46728,,,,128.896398242858,35.123486507512
MA010120220806694531,티앤티타이어,,G2,소매,G202,자동차 부품 소매,G20201,타이어 소매업,G45211,자동차 신품 타이어 및 튜브 판매업,48,경상남도,48129,창원시 진해구,48129650,웅동2동,4812916300,안골동,4812916300108320002,1,대지,832,2,경상남도 창원시 진해구 안골동 832-2,481294793200,경상남도 창원시 진해구 안골로89번길,39,,4812916300108320002030922,,경상남도 창원시 진해구 안골로89번길 39,645520,51609,,,,128.787617893286,35.0907677829352
MA010120220806686846,구미타이어직매장,,G2,소매,G202,자동차 부품 소매,G20201,타이어 소매업,G45211,자동차 신품 타이어 및 튜브 판매업,47,경상북도,47850,칠곡군,47850256,석적읍,4785025622,석적읍,4785025622106340002,1,대지,634,2,경상북도 칠곡군 석적읍 중리 634-2,478502000012,경상북도 칠곡군 석적읍 강변대로,2357,,4785025622106340002000001,,경상북도 칠곡군 석적읍 강변대로 2357,718833,39842,,,,128.40092929953,36.078836967239
MA010120220808008038,당진다솔타이어,,G2,소매,G202,자동차 부품 소매,G20201,타이어 소매업,G45211,자동차 신품 타이어 및 튜브 판매업,44,충청남도,44270,당진시,44270253,송악읍,4427025328,송악읍,4427025328103990001,1,대지,399,1,충청남도 당진시 송악읍 반촌리 399-1,442703265033,충청남도 당진시 송악읍 반촌로,229,,4483025628103990001048646,,충청남도 당진시 송악읍 반촌로 229,343824,31734,,,,126.70362203658,36.8989519671267
MA010120220808045148,준타이어,,G2,소매,G202,자동차 부품 소매,G20201,타이어 소매업,G45211,자동차 신품 타이어 및 튜브 판매업,51,강원특별자치도,51110,춘천시,51110310,동면,5111031022,동면,5111031022106100001,1,대지,610,1,강원특별자치도 춘천시 동면 만천리 610-1,511104454409,강원특별자치도 춘천시 동면 소당골길,6,,4211031022106100001000001,외,강원특별자치도 춘천시 동면 소당골길 6,200852,24215,,,,127.76759589971,37.878961074206
MA010120220808023984,디데이타이어,,G2,소매,G202,자동차 부품 소매,G20201,타이어 소매업,G45211,자동차 신품 타이어 및 튜브 판매업,41,경기도,41480,파주시,41480262,조리읍,4148026224,조리읍,4148026224108040000,1,대지,804,,경기도 파주시 조리읍 장곡리 804,414803206029,경기도 파주시 조리읍 명봉산로,84,,4148026224108040000000001,,경기도 파주시 조리읍 명봉산로 84,413825,10941,,,,126.844170625973,37.7349276572563
MA010120220808026845,남양주블랙박스,,G2,소매,G202,자동차 부품 소매,G20201,타이어 소매업,G45213,자동차 내장용 신품 전기ㆍ전자ㆍ정밀기기 판매업,41,경기도,41360,남양주시,41360540,양정동,4136010400,일패동,4136010400106880002,1,대지,688,2,경기도 남양주시 일패동 688-2,413603000120,경기도 남양주시 경춘로,639,,4136010400106880002009208,,경기도 남양주시 경춘로 639,472932,12243,,,,127.1811374182,37.6176472180713
MA010120220808082513,청북종합타이어,,G2,소매,G202,자동차 부품 소매,G20201,타이어 소매업,G45211,자동차 신품 타이어 및 튜브 판매업,41,경기도,41220,평택시,41220259,청북읍,4122025925,청북읍,4122025925103640004,1,대지,364,4,경기도 평택시 청북읍 후사리 364-4,412204364607,경기도 평택시 청북읍 원후사길,7,,4122025925103640004000001,,경기도 평택시 청북읍 원후사길 7,451831,17799,,,,126.942461373543,37.0239912366585
MA010120220808070018,현일카매니저,,G2,소매,G202,자동차 부품 소매,G20201,타이어 소매업,G45211,자동차 신품 타이어 및 튜브 판매업,41,경기도,41480,파주시,41480250,문산읍,4148025023,문산읍,4148025023107450038,1,대지,745,38,경기도 파주시 문산읍 선유리 745-38,414803206042,경기도 파주시 문산읍 사임당로,63,,4148025023107450038014241,,경기도 파주시 문산읍 사임당로 63,413902,10812,,,,126.799935624126,37.8621393656075
MA010120220808046231,타이어프로엘지로점,,G2,소매,G202,자동차 부품 소매,G20201,타이어 소매업,G45211,자동차 신품 타이어 및 튜브 판매업,41,경기도,41480,파주시,41480310,월롱면,4148031023,월롱면,4148031023110160000,1,대지,1016,,경기도 파주시 월롱면 덕은리 1016,414803206125,경기도 파주시 월롱면 엘지로,246,,4148031023110160000007866,,경기도 파주시 월롱면 엘지로 246,413811,10844,,,,126.772914186582,37.813222681604
MA010120220808068779,타이어클럽,군산점,G2,소매,G202,자동차 부품 소매,G20201,타이어 소매업,G45211,자동차 신품 타이어 및 튜브 판매업,52,전북특별자치도,52130,군산시,52130660,경암동,5213013600,경암동,5213013600106410012,1,대지,641,12,전북특별자치도 군산시 경암동 641-12,521303268098,전북특별자치도 군산시 진포로,227,2,4513013600106410012040362,,전북특별자치도 군산시 진포로 227-2,573860,54034,,,,126.732723915746,35.9790401328108
MA010120220808120556,신동성자동차,,G2,소매,G202,자동차 부품 소매,G20201,타이어 소매업,G45211,자동차 신품 타이어 및 튜브 판매업,11,서울특별시,11500,강서구,11500520,등촌1동,1150010200,등촌동,1150010200106290000,1,대지,629,,서울특별시 강서구 등촌동 629,115003115008,서울특별시 강서구 양천로,528,,1150010200106290000026649,,서울특별시 강서구 양천로 528,157838,07549,,,,126.858163935576,37.559271677687
MA010120220808088804,1등타이어기흥IC점,,G2,소매,G202,자동차 부품 소매,G20201,타이어 소매업,G45211,자동차 신품 타이어 및 튜브 판매업,41,경기도,41463,용인시 기흥구,41463540,기흥동,4146310800,고매동,4146310800107220002,1,대지,722,2,경기도 용인시 기흥구 고매동 722-2,414633012058,경기도 용인시 기흥구 동탄기흥로,693,,4146310800107220002224678,,경기도 용인시 기흥구 동탄기흥로 693,446901,17102,,,,127.097214304445,37.2218839259641
MA010120220808099231,아마존타이어,,G2,소매,G202,자동차 부품 소매,G20201,타이어 소매업,G45211,자동차 신품 타이어 및 튜브 판매업,47,경상북도,47250,상주시,47250520,남원동,4725011000,낙양동,4725011000101460108,1,대지,146,108,경상북도 상주시 낙양동 146-108,472502018003,경상북도 상주시 경상대로,2925,,4725011000101460108081338,,경상북도 상주시 경상대로 2925,742901,37202,,,,128.150242319387,36.4082414397344
MA010120220808105597,밧데리타이어마트,,G2,소매,G202,자동차 부품 소매,G20201,타이어 소매업,G45211,자동차 신품 타이어 및 튜브 판매업,50,제주특별자치도,50110,제주시,50110256,구좌읍,5011025628,구좌읍,5011025628100610000,1,대지,61,,제주특별자치도 제주시 구좌읍 세화리 61,501103349235,제주특별자치도 제주시 구좌읍 일주동로,3226,,5011025628100610000000001,,제주특별자치도 제주시 구좌읍 일주동로 3226,695973,63361,,1,,126.862512697046,33.518203863045
MA010120220808111524,센트럴모터스,,G2,소매,G202,자동차 부품 소매,G20201,타이어 소매업,G45211,자동차 신품 타이어 및 튜브 판매업,41,경기도,41430,의왕시,41430510,고천동,4143010100,고천동,4143010100103760008,1,대지,376,8,경기도 의왕시 고천동 376-8,414304403203,경기도 의왕시 한밭들길,3,,4143010100103760008000002,,경기도 의왕시 한밭들길 3,437801,16073,,,,126.963318267689,37.3517578086744
MA010120220808108979,금호타이어장안,삼거리점,G2,소매,G202,자동차 부품 소매,G20201,타이어 소매업,G45211,자동차 신품 타이어 및 튜브 판매업,11,서울특별시,11230,동대문구,11230660,장안2동,1123010600,장안동,1123010600103150001,1,대지,315,1,서울특별시 동대문구 장안동 315-1,112303005034,서울특별시 동대문구 사가정로,262,,1123010600103150001016187,,서울특별시 동대문구 사가정로 262,130839,02519,,1,,127.074004951106,37.5792366657835
MA010120220808158808,성진타이어,,G2,소매,G202,자동차 부품 소매,G20201,타이어 소매업,G45220,자동차 중고 부품 및 내장품 판매업,48,경상남도,48250,김해시,48250550,북부동,4825010600,구산동,4825010600104800000,1,대지,480,,경상남도 김해시 구산동 480,482504805094,경상남도 김해시 구산로39번길,22,,4825010600104800000054678,,경상남도 김해시 구산로39번길 22,621901,50905,,,,128.871772978368,35.2507663649452
MA010120220808159847,타이어프로마산봉암점,,G2,소매,G202,자동차 부품 소매,G20201,타이어 소매업,G45211,자동차 신품 타이어 및 튜브 판매업,48,경상남도,48127,창원시 마산회원구,48127620,봉암동,4812710300,봉암동,4812710300104720014,1,대지,472,14,경상남도 창원시 마산회원구 봉암동 472-14,481273328037,경상남도 창원시 마산회원구 봉양로,168,,4812710300104720014052114,,경상남도 창원시 마산회원구 봉양로 168,630803,51342,,,,128.604570102735,35.2175378697115
MA010120220808154971,영진타이어,,G2,소매,G202,자동차 부품 소매,G20201,타이어 소매업,G45211,자동차 신품 타이어 및 튜브 판매업,41,경기도,41590,화성시,41590360,팔탄면,4159036021,팔탄면,4159036021109180000,1,대지,918,,경기도 화성시 팔탄면 하저리 918,415903210146,경기도 화성시 팔탄면 시청로,543,,4159036021109180000000001,,경기도 화성시 팔탄면 시청로 543,445958,18535,,,,126.864452145187,37.185317664146
MA010120220808163485,타이어카두업,전문점,G2,소매,G202,자동차 부품 소매,G20201,타이어 소매업,G45211,자동차 신품 타이어 및 튜브 판매업,48,경상남도,48310,거제시,48310590,상문동,4831011000,상동동,4831011000105180005,1,대지,518,5,경상남도 거제시 상동동 518-5,483103337005,경상남도 거제시 거제중앙로,1725,,4831011000105180005000001,,경상남도 거제시 거제중앙로 1725,656300,53290,,,,128.632274750794,34.8737096419166
MA010120220809502049,타이어창고,,G2,소매,G202,자동차 부품 소매,G20201,타이어 소매업,G45211,자동차 신품 타이어 및 튜브 판매업,27,대구광역시,27140,동구,27140540,신암4동,2714010100,신암동,2714010100102580012,1,대지,258,12,대구광역시 동구 신암동 258-12,271404226211,대구광역시 동구 아양로22길,31,1,2714010100102580012020727,,대구광역시 동구 아양로22길 31-1,701812,41225,,,,128.627175954887,35.8818222315483
MA010120220809496240,공단타이어,,G2,소매,G202,자동차 부품 소매,G20201,타이어 소매업,G45211,자동차 신품 타이어 및 튜브 판매업,27,대구광역시,27710,달성군,27710253,논공읍,2771025328,논공읍,2771025328108330008,1,대지,833,8,대구광역시 달성군 논공읍 북리 833-8,277103148012,대구광역시 달성군 논공읍 논공중앙로,146,1,2771025328108330008000001,,대구광역시 달성군 논공읍 논공중앙로 146-1,711857,42985,,,,128.451408704658,35.7284700212736
MA010120220809515348,현대타이어,,G2,소매,G202,자동차 부품 소매,G20201,타이어 소매업,G45211,자동차 신품 타이어 및 튜브 판매업,27,대구광역시,27290,달서구,27290640,송현2동,2729012200,송현동,2729012200119160041,1,대지,1916,41,대구광역시 달서구 송현동 1916-41,272904241493,대구광역시 달서구 월배로65길,14,,2729012200119160041030047,,대구광역시 달서구 월배로65길 14,704826,42742,,,,128.545578443852,35.8253796161452
MA010120220809547598,우성,,G2,소매,G202,자동차 부품 소매,G20201,타이어 소매업,G45213,자동차 내장용 신품 전기ㆍ전자ㆍ정밀기기 판매업,47,경상북도,47290,경산시,47290520,중앙동,4729011700,중방동,4729011700108330001,1,대지,833,1,경상북도 경산시 중방동 833-1,472903313022,경상북도 경산시 남매로,215,,4729011700108330001000959,,경상북도 경산시 남매로 215,712802,38617,,,,128.741063343519,35.8297981526854
MA010120220809503947,타이어타운,,G2,소매,G202,자동차 부품 소매,G20201,타이어 소매업,G45211,자동차 신품 타이어 및 튜브 판매업,27,대구광역시,27710,달성군,27710262,옥포읍,2771026229,옥포읍,2771026229123490000,1,대지,2349,,대구광역시 달성군 옥포읍 본리리 2349,277103007026,대구광역시 달성군 옥포읍 비슬로,2171,8,2771034029123490000009025,,대구광역시 달성군 옥포읍 비슬로 2171-8,711845,42970,,,,128.459223315,35.7884479234267
MA010120220809528310,한국타이어상진,대리점,G2,소매,G202,자동차 부품 소매,G20201,타이어 소매업,G45211,자동차 신품 타이어 및 튜브 판매업,27,대구광역시,27290,달서구,27290617,유천동,2729011800,유천동,2729011800103000012,1,대지,300,12,대구광역시 달서구 유천동 300-12,272902147001,대구광역시 달서구 달서대로,62,,2729011800103000012002006,,대구광역시 달서구 달서대로 62,704390,42762,,,,128.510589395483,35.8142626435797
MA010120220809501112,타이어마트,,G2,소매,G202,자동차 부품 소매,G20201,타이어 소매업,G45220,자동차 중고 부품 및 내장품 판매업,47,경상북도,47850,칠곡군,47850320,동명면,4785032038,동명면,4785032038104300001,1,대지,430,1,경상북도 칠곡군 동명면 봉암리 430-1,478502018002,경상북도 칠곡군 동명면 경북대로,78,,4785032038104300001017030,,경상북도 칠곡군 동명면 경북대로 78,718923,39862,,,,128.55208248517,35.968199375092
MA010120220809557058,신상중고타이어,,G2,소매,G202,자동차 부품 소매,G20201,타이어 소매업,G45220,자동차 중고 부품 및 내장품 판매업,47,경상북도,47290,경산시,47290253,진량읍,4729025321,진량읍,4729025321102970004,1,대지,297,4,경상북도 경산시 진량읍 신상리 297-4,472903305008,경상북도 경산시 진량읍 공단로,533,,4729025321102970004026390,,경상북도 경산시 진량읍 공단로 533,712837,38451,,,,128.818776069218,35.8791993193692
MA010120220809579643,코션앤타이어,,G2,소매,G202,자동차 부품 소매,G20201,타이어 소매업,G45211,자동차 신품 타이어 및 튜브 판매업,41,경기도,41550,안성시,41550380,원곡면,4155038026,원곡면,4155038026102800006,1,대지,280,6,경기도 안성시 원곡면 외가천리 280-6,415504424480,경기도 안성시 원곡면 오동길,53,2,4155038026102800006000001,,경기도 안성시 원곡면 오동길 53-2,456811,17556,,1,,127.12795910495,37.0392454963182
MA010120220809571476,올트럭,,G2,소매,G202,자동차 부품 소매,G20201,타이어 소매업,G45211,자동차 신품 타이어 및 튜브 판매업,41,경기도,41550,안성시,41550330,서운면,4155033031,서운면,4155033031101470000,1,대지,147,,경기도 안성시 서운면 송산리 147,415502000021,경기도 안성시 서운면 안성맞춤대로,186,,4155033031103610004026179,,경기도 안성시 서운면 안성맞춤대로 186,456851,17608,,,,127.235838213041,36.9394655100641
MA010120220809549987,한국타이어와촌,대리점,G2,소매,G202,자동차 부품 소매,G20201,타이어 소매업,G45211,자동차 신품 타이어 및 튜브 판매업,47,경상북도,47290,경산시,47290310,와촌면,4729031028,와촌면,4729031028101250008,1,대지,125,8,경상북도 경산시 와촌면 동강리 125-8,472903310032,경상북도 경산시 와촌면 금송로,499,,4729031028101250008069989,,경상북도 경산시 와촌면 금송로 499,712844,38412,,,,128.834442022119,35.9534820830463
MA010120220809563556,경산발통천국,,G2,소매,G202,자동차 부품 소매,G20201,타이어 소매업,G45211,자동차 신품 타이어 및 튜브 판매업,47,경상북도,47290,경산시,47290530,남부동,4729010500,상방동,4729010500101990001,1,대지,199,1,경상북도 경산시 상방동 199-1,472904739175,경상북도 경산시 남매로4길,2,1,4729010500101990001000001,,경상북도 경산시 남매로4길 2-1,712070,38638,,,,128.741027645686,35.8124609574915
MA010120220809573862,제이.비모터스,,G2,소매,G202,자동차 부품 소매,G20201,타이어 소매업,G45211,자동차 신품 타이어 및 튜브 판매업,26,부산광역시,26440,강서구,26440510,대저1동,2644010100,대저1동,2644010100117050029,1,대지,1705,29,부산광역시 강서구 대저1동 1705-29,264403006026,부산광역시 강서구 낙동북로,200,1,2644010100117050029000001,,부산광역시 강서구 낙동북로 200-1,618806,46704,,,,128.950480205843,35.2137914666834
MA010120220809625843,성림휠얼라이먼트,,G2,소매,G202,자동차 부품 소매,G20201,타이어 소매업,G45211,자동차 신품 타이어 및 튜브 판매업,27,대구광역시,27140,동구,27140730,안심2동,2714011900,용계동,2714011900110300001,1,대지,1030,1,대구광역시 동구 용계동 1030-1,271403142010,대구광역시 동구 동촌로,361,,2714011900110300001033743,,대구광역시 동구 동촌로 361,701835,41133,,,,128.678990965539,35.8773152036284
MA010120220809596689,장안카,,G2,소매,G202,자동차 부품 소매,G20201,타이어 소매업,G45211,자동차 신품 타이어 및 튜브 판매업,26,부산광역시,26710,기장군,26710253,장안읍,2671025321,장안읍,2671025321102780003,1,대지,278,3,부산광역시 기장군 장안읍 좌천리 278-3,267103140063,부산광역시 기장군 장안읍 좌천로,63,,2671025321102780003014451,,부산광역시 기장군 장안읍 좌천로 63,619953,46033,,,,129.243435883654,35.3136679967708
MA010120220809623285,타이어테크청주점,,G2,소매,G202,자동차 부품 소매,G20201,타이어 소매업,G45211,자동차 신품 타이어 및 튜브 판매업,43,충청북도,43112,청주시 서원구,43112590,성화.개신.죽림동,4311210900,개신동,4311210900103170005,1,대지,317,5,충청북도 청주시 서원구 개신동 317-5,431123014066,충청북도 청주시 서원구 서부로,1391,,4311311100103170005025144,,충청북도 청주시 서원구 서부로 1391,362804,28645,,,,127.45231219354,36.6193325405069
MA010120220809592451,타이어테크,,G2,소매,G202,자동차 부품 소매,G20201,타이어 소매업,G45211,자동차 신품 타이어 및 튜브 판매업,41,경기도,41500,이천시,41500250,장호원읍,4150025023,장호원읍,4150025023100090003,1,대지,9,3,경기도 이천시 장호원읍 진암리 9-3,415003000128,경기도 이천시 장호원읍 장감로,1,,4150025023100090003067106,일부,경기도 이천시 장호원읍 장감로 1,467904,17419,,,,127.622657740463,37.1157211753513
MA010120220809598197,오토랜드,해운대점,G2,소매,G202,자동차 부품 소매,G20201,타이어 소매업,G45211,자동차 신품 타이어 및 튜브 판매업,26,부산광역시,26350,해운대구,26350510,우1동,2635010500,우동,2635010500106410008,1,대지,641,8,부산광역시 해운대구 우동 641-8,263502006010,부산광역시 해운대구 해운대로,578,,2635010500106410008003972,,부산광역시 해운대구 해운대로 578,612821,48094,,,,129.154996607024,35.1611293617572
MA010120220809659279,여명타이어,,G2,소매,G202,자동차 부품 소매,G20201,타이어 소매업,G45211,자동차 신품 타이어 및 튜브 판매업,47,경상북도,47111,포항시 남구,47111256,오천읍,4711125622,오천읍,4711125622102150002,1,대지,215,2,경상북도 포항시 남구 오천읍 문덕리 215-2,471114709578,경상북도 포항시 남구 오천읍 철강로723번길,20,10,4711125622102150002000001,,경상북도 포항시 남구 오천읍 철강로723번길 20-10,790902,37886,,,,129.406510055005,35.9637694572286
MA010120220801499130,고덕타이어,,G2,소매,G202,자동차 부품 소매,G20201,타이어 소매업,G45211,자동차 신품 타이어 및 튜브 판매업,41,경기도,41220,평택시,41220330,고덕면,4122033027,고덕면,4122033027102520005,1,대지,252,5,경기도 평택시 고덕면 동고리 252-5,412204364131,경기도 평택시 고덕면 동고1길,26,5,4122033027102520005025256,,경기도 평택시 고덕면 동고1길 26-5,451841,17822,,,,127.041742050727,37.0108871350908
MA010120220801511819,한국타이어,안성공도점,G2,소매,G202,자동차 부품 소매,G20201,타이어 소매업,G45211,자동차 신품 타이어 및 튜브 판매업,41,경기도,41550,안성시,41550250,공도읍,4155025026,공도읍,4155025026105470007,1,대지,547,7,경기도 안성시 공도읍 승두리 547-7,415504424681,경기도 안성시 공도읍 팔머리길,95,,4155025026105470007000001,,경기도 안성시 공도읍 팔머리길 95,456825,17562,,,,127.161940365655,36.9978174446795
MA010120220801493440,영진사,,G2,소매,G202,자동차 부품 소매,G20201,타이어 소매업,G45211,자동차 신품 타이어 및 튜브 판매업,41,경기도,41220,평택시,41220340,오성면,4122034029,오성면,4122034029100210148,1,대지,21,148,경기도 평택시 오성면 창내리 21-148,412204364755,경기도 평택시 오성면 창내2길,55,,4122034029100210148032563,,경기도 평택시 오성면 창내2길 55,451871,17927,,,,127.02171236134,36.9863109562827
MA010120220801512647,카앤타이어,,G2,소매,G202,자동차 부품 소매,G20201,타이어 소매업,G45211,자동차 신품 타이어 및 튜브 판매업,41,경기도,41220,평택시,41220600,원평동,4122012200,신대동,4122012200101880011,1,대지,188,11,경기도 평택시 신대동 188-11,412203188116,경기도 평택시 평남로,70,,4122012200101880011000001,,경기도 평택시 평남로 70,450820,17830,,,,127.060061246927,37.002174833408
MA010120220801501172,친구타이어,,G2,소매,G202,자동차 부품 소매,G20201,타이어 소매업,G45211,자동차 신품 타이어 및 튜브 판매업,41,경기도,41220,평택시,41220590,신평동,4122011700,합정동,4122011700109200001,1,대지,920,1,경기도 평택시 합정동 920-1,412203188083,경기도 평택시 중앙2로,118,,4122011700109200001017665,,경기도 평택시 중앙2로 118,450020,17914,,,,127.099704004244,36.9898573868873
MA010120220801513369,투맨카타이어,,G2,소매,G202,자동차 부품 소매,G20201,타이어 소매업,G45211,자동차 신품 타이어 및 튜브 판매업,41,경기도,41220,평택시,41220259,청북읍,4122025925,청북읍,4122025925103610004,1,대지,361,4,경기도 평택시 청북읍 후사리 361-4,412204364607,경기도 평택시 청북읍 원후사길,13,,4122035025103610004000001,,경기도 평택시 청북읍 원후사길 13,451831,17799,,,,126.941989569055,37.0237387049439
MA010120220801507761,대성타이어,,G2,소매,G202,자동차 부품 소매,G20201,타이어 소매업,G45211,자동차 신품 타이어 및 튜브 판매업,41,경기도,41220,평택시,41220535,송탄동,4122010600,도일동,4122010600100260001,1,대지,26,1,경기도 평택시 도일동 26-1,412203012020,경기도 평택시 도일로,250,16,4122010600100260001000001,외,경기도 평택시 도일로 250-16,459090,17724,,,,127.120904236368,37.0559498070579
MA010120220801510910,오케이종합타이어,,G2,소매,G202,자동차 부품 소매,G20201,타이어 소매업,G45211,자동차 신품 타이어 및 튜브 판매업,41,경기도,41220,평택시,41220256,포승읍,4122025626,포승읍,4122025626103850011,1,대지,385,11,경기도 평택시 포승읍 신영리 385-11,412202012006,경기도 평택시 포승읍 서동대로,527,,4122025626103850009048307,,경기도 평택시 포승읍 서동대로 527,451823,17966,,,,126.875455838149,36.944076735788
MA010120220801513865,타이어프로안성,중앙점,G2,소매,G202,자동차 부품 소매,G20201,타이어 소매업,G45211,자동차 신품 타이어 및 튜브 판매업,41,경기도,41550,안성시,41550350,대덕면,4155035027,대덕면,4155035027104340003,1,대지,434,3,경기도 안성시 대덕면 건지리 434-3,415503208066,경기도 안성시 대덕면 중앙로,100,,4155035027104340003028584,,경기도 안성시 대덕면 중앙로 100,456831,17545,,,,127.240141779997,37.0122824841667
MA010120220801504779,타이어컴퍼니,,G2,소매,G202,자동차 부품 소매,G20201,타이어 소매업,G45211,자동차 신품 타이어 및 튜브 판매업,41,경기도,41220,평택시,41220510,중앙동,4122010200,장당동,4122010200100510006,1,대지,51,6,경기도 평택시 장당동 51-6,412202012013,경기도 평택시 경기대로,1050,,4122010200100510006003272,외,경기도 평택시 경기대로 1050,459020,17743,,,,127.065566847089,37.0420446598332
MA010120220801582934,신나는자동차세상,,G2,소매,G202,자동차 부품 소매,G20201,타이어 소매업,G45219,기타 자동차 신품 부품 및 내장품 판매업,41,경기도,41500,이천시,41500515,증포동,4150010900,증포동,4150010900101770004,1,대지,177,4,경기도 이천시 증포동 177-4,415004421759,경기도 이천시 증신로156번길,41,,4150010900101770004011576,,경기도 이천시 증신로156번길 41,467802,17346,,,,127.45394455245,37.290947264196
MA010120220801588895,양진타이어,,G2,소매,G202,자동차 부품 소매,G20201,타이어 소매업,G45211,자동차 신품 타이어 및 튜브 판매업,41,경기도,41500,이천시,41500380,율면,4150038025,율면,4150038025102760008,1,대지,276,8,경기도 이천시 율면 산양리 276-8,415003000127,경기도 이천시 율면 일생로,510,,4150038025102760008027652,,경기도 이천시 율면 일생로 510,467892,17424,,,,127.518737522002,37.0576255360911
MA010120220801583024,종합중고타이어,,G2,소매,G202,자동차 부품 소매,G20201,타이어 소매업,G45220,자동차 중고 부품 및 내장품 판매업,41,경기도,41500,이천시,41500360,모가면,4150036027,모가면,4150036027102620001,1,대지,262,1,경기도 이천시 모가면 원두리 262-1,415003207060,경기도 이천시 모가면 공원로,350,,4150036027102620001000001,,경기도 이천시 모가면 공원로 350,467873,17407,,,,127.4764702051,37.182436836999
MA010120220801586102,장호원종합타이어,,G2,소매,G202,자동차 부품 소매,G20201,타이어 소매업,G45211,자동차 신품 타이어 및 튜브 판매업,41,경기도,41500,이천시,41500250,장호원읍,4150025022,장호원읍,4150025022100670004,1,대지,67,4,경기도 이천시 장호원읍 오남리 67-4,415003207018,경기도 이천시 장호원읍 복숭아로,459,,4150025022100670004019714,,경기도 이천시 장호원읍 복숭아로 459,467905,17422,,,,127.631972978131,37.1129056638374
MA010120220801555162,이천타이어판매,,G2,소매,G202,자동차 부품 소매,G20201,타이어 소매업,G45211,자동차 신품 타이어 및 튜브 판매업,41,경기도,41500,이천시,41500515,증포동,4150010800,갈산동,4150010800102190022,1,대지,219,22,경기도 이천시 갈산동 219-22,415003207059,경기도 이천시 갈산로,121,,4150010800102190022013880,,경기도 이천시 갈산로 121,467802,17349,,,,127.466351704711,37.2876012588486
MA010120220801577693,타이어신발보다싸다,,G2,소매,G202,자동차 부품 소매,G20201,타이어 소매업,G45211,자동차 신품 타이어 및 튜브 판매업,41,경기도,41113,수원시 권선구,41113550,평동,4111312900,오목천동,4111312900104160006,1,대지,416,6,경기도 수원시 권선구 오목천동 416-6,411133012004,경기도 수원시 권선구 삼천병마로,1517,,4111312900104160006035054,제,경기도 수원시 권선구 삼천병마로 1517,441849,16634,,1,,126.96144624531,37.2381904607159
MA010120220801587658,토탈타이어,,G2,소매,G202,자동차 부품 소매,G20201,타이어 소매업,G45211,자동차 신품 타이어 및 튜브 판매업,41,경기도,41610,광주시,41610590,오포2동,4161012000,양벌동,4161012000100630001,1,대지,63,1,경기도 광주시 양벌동 63-1,416103211017,경기도 광주시 양벌로,85,,4161025027100630001000001,,경기도 광주시 양벌로 85,464893,12793,,,,127.255281834695,37.3883399145405
MA010120220801564999,한창타이어,,G2,소매,G202,자동차 부품 소매,G20201,타이어 소매업,G45211,자동차 신품 타이어 및 튜브 판매업,41,경기도,41450,하남시,41450600,초이동,4145012300,초이동,4145012300101330001,1,대지,133,1,경기도 하남시 초이동 133-1,414503202039,경기도 하남시 초이로,105,,4145012300101330001009514,,경기도 하남시 초이로 105,465220,12986,,,,127.170766185194,37.5401142126534
MA010120220801602044,유명자동차용품,백화점,G2,소매,G202,자동차 부품 소매,G20201,타이어 소매업,G45219,기타 자동차 신품 부품 및 내장품 판매업,41,경기도,41610,광주시,41610510,경안동,4161011200,역동,4161011200101760009,1,대지,176,9,경기도 광주시 역동 176-9,416103211018,경기도 광주시 역동로,106,,4161011200101760009000001,외,경기도 광주시 역동로 106,464807,12778,,,,127.25353586396,37.3996785021753
MA010120220801605333,셀세모종이학가남타이어,,G2,소매,G202,자동차 부품 소매,G20201,타이어 소매업,G45220,자동차 중고 부품 및 내장품 판매업,41,경기도,41670,여주시,41670250,가남읍,4167025023,가남읍,4167025023106350072,1,대지,635,72,경기도 여주시 가남읍 신해리 635-72,416702012002,경기도 여주시 가남읍 경충대로,1465,34,4167025023106350072000001,,경기도 여주시 가남읍 경충대로 1465-34,469885,12655,,,,127.539107961312,37.2144346819539
MA010120220801639183,신진상사,,G2,소매,G202,자동차 부품 소매,G20201,타이어 소매업,G45211,자동차 신품 타이어 및 튜브 판매업,41,경기도,41150,의정부시,41150520,의정부2동,4115010100,의정부동,4115010100106040000,1,대지,604,,경기도 의정부시 의정부동 604,411503181017,경기도 의정부시 범골로,70,,4115010100106040000000001,,경기도 의정부시 범골로 70,480850,11628,,,,127.03862639448,37.7311411437649
MA010120220801603558,넥센타이어렌탈,,G2,소매,G202,자동차 부품 소매,G20201,타이어 소매업,G45211,자동차 신품 타이어 및 튜브 판매업,11,서울특별시,11200,성동구,11200790,용답동,1120012200,용답동,1120012200102340000,1,대지,234,,서울특별시 성동구 용답동 234,112004109510,서울특별시 성동구 자동차시장1길,70,,1120012200102340000027956,장안평중고자동차시장,서울특별시 성동구 자동차시장1길 70,133707,04808,,1,,127.065146863891,37.5603660351847
MA010120220801607431,하이큐모터스,,G2,소매,G202,자동차 부품 소매,G20201,타이어 소매업,G45211,자동차 신품 타이어 및 튜브 판매업,41,경기도,41450,하남시,41450560,덕풍3동,4145010800,덕풍동,4145010800102980003,1,대지,298,3,경기도 하남시 덕풍동 298-3,414504406091,경기도 하남시 덕풍북로6번길,105,,4145010800102980003006297,,경기도 하남시 덕풍북로6번길 105,465800,12936,,1,,127.203964799128,37.5485669579172
MA010120220801607510,덕양,,G2,소매,G202,자동차 부품 소매,G20201,타이어 소매업,G45220,자동차 중고 부품 및 내장품 판매업,41,경기도,41610,광주시,41610550,탄벌동,4161010600,목현동,4161010600101310001,1,대지,131,1,경기도 광주시 목현동 131-1,416103211037,경기도 광주시 이배재로,296,,4161010600101310001000001,,경기도 광주시 이배재로 296,464100,12765,,,,127.226719988003,37.4357285827512
MA010120220801609990,모터스랩,,G2,소매,G202,자동차 부품 소매,G20201,타이어 소매업,G45211,자동차 신품 타이어 및 튜브 판매업,41,경기도,41500,이천시,41500253,부발읍,4150025331,부발읍,4150025331102290007,1,대지,229,7,경기도 이천시 부발읍 수정리 229-7,415004421909,경기도 이천시 부발읍 황무로1833번길,353,,4150025331102290007038431,,경기도 이천시 부발읍 황무로1833번길 353,467864,17405,,,,127.531054763123,37.2564953834958
MA010120220801610286,한국타이어,증포점,G2,소매,G202,자동차 부품 소매,G20201,타이어 소매업,G45211,자동차 신품 타이어 및 튜브 판매업,41,경기도,41500,이천시,41500515,증포동,4150010900,증포동,4150010900102100006,1,대지,210,6,경기도 이천시 증포동 210-6,415003207044,경기도 이천시 이섭대천로,1421,,4150010900102100006013591,,경기도 이천시 이섭대천로 1421,467802,17347,,,,127.456178175584,37.2947950855142
MA010120220801613288,타이어테크시화점,,G2,소매,G202,자동차 부품 소매,G20201,타이어 소매업,G45220,자동차 중고 부품 및 내장품 판매업,41,경기도,41390,시흥시,41390582,월곶동,4139013100,월곶동,4139013100106450009,1,대지,645,9,경기도 시흥시 월곶동 645-9,413903000020,경기도 시흥시 서해안로,818,,4139013100106450009030549,,경기도 시흥시 서해안로 818,429833,15005,,1,,126.748622931289,37.3890330552895
MA010120220801638847,금호타이어의정부,대리점,G2,소매,G202,자동차 부품 소매,G20201,타이어 소매업,G45211,자동차 신품 타이어 및 튜브 판매업,41,경기도,41150,의정부시,41150520,의정부2동,4115010100,의정부동,4115010100105320007,1,대지,532,7,경기도 의정부시 의정부동 532-7,411504343311,경기도 의정부시 의정로22번길,3,,4115010100105320007013020,,경기도 의정부시 의정로22번길 3,480849,11624,,,,127.035417865046,37.7349802853486
MA010120220801666212,타이어할인마트영북,,G2,소매,G202,자동차 부품 소매,G20201,타이어 소매업,G45211,자동차 신품 타이어 및 튜브 판매업,41,경기도,41650,포천시,41650390,영북면,4165039025,영북면,4165039025101000000,1,대지,100,,경기도 포천시 영북면 문암리 100,416503000136,경기도 포천시 영북면 호국로,3727,,4165039025101010000000001,,경기도 포천시 영북면 호국로 3727,487895,11107,,,,127.272661778702,38.0693702232795
MA010120220801682078,가산타이어,,G2,소매,G202,자동차 부품 소매,G20201,타이어 소매업,G45211,자동차 신품 타이어 및 튜브 판매업,41,경기도,41650,포천시,41650330,가산면,4165033021,가산면,4165033021103220000,1,대지,322,,경기도 포천시 가산면 마산리 322,416503213051,경기도 포천시 가산면 마정로,18,,4165033021103230000000001,,경기도 포천시 가산면 마정로 18,487814,11164,,,,127.180446047881,37.8418636268774
MA010120220801653574,도경,,G2,소매,G202,자동차 부품 소매,G20201,타이어 소매업,G45220,자동차 중고 부품 및 내장품 판매업,47,경상북도,47130,경주시,47130530,황오동,4713010400,성동동,4713010400104200008,1,대지,420,8,경상북도 경주시 성동동 420-8,471303305038,경상북도 경주시 알천남로,176,4,4713010400104200008005120,,경상북도 경주시 알천남로 176-4,780946,38148,,,,129.219202861851,35.8498503977153
MA010120220801654031,슬기로운오일생활일동타이어,,G2,소매,G202,자동차 부품 소매,G20201,타이어 소매업,G45211,자동차 신품 타이어 및 튜브 판매업,41,경기도,41650,포천시,41650370,일동면,4165037026,일동면,4165037026101450004,1,대지,145,4,경기도 포천시 일동면 수입리 145-4,416503213050,경기도 포천시 일동면 화동로,1133,,4165037026101450004047562,,경기도 포천시 일동면 화동로 1133,487855,11116,,,,127.32185144581,37.9636215482197
MA010120220801667540,타이어웨이,,G2,소매,G202,자동차 부품 소매,G20201,타이어 소매업,G45211,자동차 신품 타이어 및 튜브 판매업,41,경기도,41650,포천시,41650510,포천동,4165010200,어룡동,4165010200103910000,1,대지,391,,경기도 포천시 어룡동 391,416503000136,경기도 포천시 호국로,1405,,4165010200103910000029086,,경기도 포천시 호국로 1405,487050,11150,,,,127.190325450079,37.8842557579003
MA010120220801675773,일원타이어，오일교환소,,G2,소매,G202,자동차 부품 소매,G20201,타이어 소매업,G45211,자동차 신품 타이어 및 튜브 판매업,41,경기도,41650,포천시,41650350,창수면,4165035022,창수면,4165035022107890002,1,대지,789,2,경기도 포천시 창수면 주원리 789-2,416503215065,경기도 포천시 창수면 청창로,934,,4165035022107890002057554,,경기도 포천시 창수면 청창로 934,487921,11134,,,,127.154567574282,38.0165655859026
MA010120220801659660,신성타이어,,G2,소매,G202,자동차 부품 소매,G20201,타이어 소매업,G45211,자동차 신품 타이어 및 튜브 판매업,41,경기도,41630,양주시,41630520,양주2동,4163010900,고읍동,4163010900100360001,1,대지,36,1,경기도 양주시 고읍동 36-1,416304436349,경기도 양주시 청담로84번길,231,36,4163010900100360001005250,고읍동,경기도 양주시 청담로84번길 231-36,482020,11477,,,,127.083997136527,37.8066904666142
MA010120220801678479,익산중고타이어,,G2,소매,G202,자동차 부품 소매,G20201,타이어 소매업,G45211,자동차 신품 타이어 및 튜브 판매업,52,전북특별자치도,52140,익산시,52140560,인화동,5214011000,인화동2가,5214011000100900002,1,대지,90,2,전북특별자치도 익산시 인화동2가 90-2,521404608091,전북특별자치도 익산시 인북로2길,28,,4514011000100900002000001,,전북특별자치도 익산시 인북로2길 28,570986,54675,,,,126.95210781372,35.9290660716773
MA010120220801646960,한전타이어,,G2,소매,G202,자동차 부품 소매,G20201,타이어 소매업,G45211,자동차 신품 타이어 및 튜브 판매업,41,경기도,41650,포천시,41650320,내촌면,4165032021,내촌면,4165032021201990002,2,산,199,2,경기도 포천시 내촌면 진목리 산199-2,416503213046,경기도 포천시 내촌면 포천로,250,,4165032021201990002000001,,경기도 포천시 내촌면 포천로 250,487836,11190,,,,127.210348123339,37.797865399135
MA010120220801673702,태광타이어,,G2,소매,G202,자동차 부품 소매,G20201,타이어 소매업,G45220,자동차 중고 부품 및 내장품 판매업,41,경기도,41650,포천시,41650310,군내면,4165031023,군내면,4165031023110410011,1,대지,1041,11,경기도 포천시 군내면 유교리 1041-11,416503213046,경기도 포천시 군내면 포천로,913,,4165031023110410010000001,,경기도 포천시 군내면 포천로 913,487875,11157,,,,127.196577561014,37.8500364668335
MA010120220801676764,한국타이어타이어타운,포천점,G2,소매,G202,자동차 부품 소매,G20201,타이어 소매업,G45211,자동차 신품 타이어 및 튜브 판매업,41,경기도,41650,포천시,41650310,군내면,4165031028,군내면,4165031028107540001,1,대지,754,1,경기도 포천시 군내면 하성북리 754-1,416503000136,경기도 포천시 군내면 호국로,1630,,4165031028107540001034373,,경기도 포천시 군내면 호국로 1630,487878,11151,,,,127.207280424113,37.8985971939791
MA010120220803330713,서현타이어,,G2,소매,G202,자동차 부품 소매,G20201,타이어 소매업,G45211,자동차 신품 타이어 및 튜브 판매업,41,경기도,41113,수원시 권선구,41113550,평동,4111312700,평동,4111312700100100038,1,대지,10,38,경기도 수원시 권선구 평동 10-38,411133175046,경기도 수원시 권선구 평동로,95,,4111312700100100038036555,,경기도 수원시 권선구 평동로 95,441230,16597,,1,,126.994431176335,37.2596054222
MA010120220803381785,장수넥센타이어,,G2,소매,G202,자동차 부품 소매,G20201,타이어 소매업,G45211,자동차 신품 타이어 및 튜브 판매업,52,전북특별자치도,52740,장수군,52740250,장수읍,5274025023,장수읍,5274025023103660001,1,대지,366,1,전북특별자치도 장수군 장수읍 선창리 366-1,527403276033,전북특별자치도 장수군 장수읍 장천로,287,4,4574025023103660001012218,,전북특별자치도 장수군 장수읍 장천로 287-4,597803,55628,,,,127.520530413841,35.6579227418829
MA010120220803357921,043타이어,,G2,소매,G202,자동차 부품 소매,G20201,타이어 소매업,G45211,자동차 신품 타이어 및 튜브 판매업,43,충청북도,43150,제천시,43150518,의림지동,4315011400,모산동,4315011400104290001,1,대지,429,1,충청북도 제천시 모산동 429-1,431502239002,충청북도 제천시 의림대로,378,,4315011400104290001000002,,충청북도 제천시 의림대로 378,390110,27143,,,,128.21175388828,37.1607099902709
MA010120220803356241,상주중고타이어,,G2,소매,G202,자동차 부품 소매,G20201,타이어 소매업,G45220,자동차 중고 부품 및 내장품 판매업,47,경상북도,47250,상주시,47250520,남원동,4725011000,낙양동,4725011000100160005,1,대지,16,5,경상북도 상주시 낙양동 16-5,472502018003,경상북도 상주시 경상대로,2990,,4725011000100160005081603,,경상북도 상주시 경상대로 2990,742901,37200,,,,128.151575038811,36.4139416792635
MA010120220803414951,김판승1등타이어,,G2,소매,G202,자동차 부품 소매,G20201,타이어 소매업,G45211,자동차 신품 타이어 및 튜브 판매업,41,경기도,41590,화성시,41590520,진안동,4159011600,진안동,4159011600108320319,1,대지,832,319,경기도 화성시 진안동 832-319,415903012007,경기도 화성시 효행로,890,,4159011600108320319000001,,경기도 화성시 효행로 890,445390,18367,,,,127.026315313019,37.2071617040342
MA010120220803402120,서부산타이어프라자,,G2,소매,G202,자동차 부품 소매,G20201,타이어 소매업,G45211,자동차 신품 타이어 및 튜브 판매업,26,부산광역시,26380,사하구,26380510,괴정1동,2638010100,괴정동,2638010100106110022,1,대지,611,22,부산광역시 사하구 괴정동 611-22,263803134015,부산광역시 사하구 사하로,127,1,2638010100106110022015890,,부산광역시 사하구 사하로 127-1,604812,49394,,,,128.99256900362,35.0932044430707
MA010120220803413601,서울상사,,G2,소매,G202,자동차 부품 소매,G20201,타이어 소매업,G45212,자동차용 전용 신품 부품 판매업,11,서울특별시,11230,동대문구,11230650,장안1동,1123010600,장안동,1123010600104080007,1,대지,408,7,서울특별시 동대문구 장안동 408-7,112304115615,서울특별시 동대문구 한천로2길,63,,1123010600104080007018292,,서울특별시 동대문구 한천로2길 63,130843,02634,,1,,127.061991152033,37.5628184449298
MA010120220803417585,타이어쇼핑몰,죽동점,G2,소매,G202,자동차 부품 소매,G20201,타이어 소매업,G45211,자동차 신품 타이어 및 튜브 판매업,30,대전광역시,30200,유성구,30200540,온천2동,3020012100,죽동,3020012100107070002,1,대지,707,2,대전광역시 유성구 죽동 707-2,302004851241,대전광역시 유성구 죽동로297번길,16,,3020012100107070002000001,,대전광역시 유성구 죽동로297번길 16,305328,34127,,,,127.337903164087,36.3692179905601
MA010120220804902264,자동차마을,,G2,소매,G202,자동차 부품 소매,G20201,타이어 소매업,G45219,기타 자동차 신품 부품 및 내장품 판매업,11,서울특별시,11320,도봉구,11320515,창5동,1132010700,창동,1132010700107150034,1,대지,715,34,서울특별시 도봉구 창동 715-34,113203005039,서울특별시 도봉구 도봉로,566,,1132010700107150034013569,일부,서울특별시 도봉구 도봉로 566,132926,01426,,1,,127.03911972619,37.6553508381692
MA010120220804903277,타이어테크,,G2,소매,G202,자동차 부품 소매,G20201,타이어 소매업,G45211,자동차 신품 타이어 및 튜브 판매업,41,경기도,41610,광주시,41610550,탄벌동,4161010500,탄벌동,4161010500105470000,1,대지,547,,경기도 광주시 탄벌동 547,416102012015,경기도 광주시 회안대로,632,,4161010500105470000000001,,경기도 광주시 회안대로 632,464100,12749,,,,127.239414529154,37.409060511635
MA010120220804898305,이천테크,,G2,소매,G202,자동차 부품 소매,G20201,타이어 소매업,G45219,기타 자동차 신품 부품 및 내장품 판매업,41,경기도,41500,이천시,41500310,신둔면,4150031021,신둔면,4150031021102580015,1,대지,258,15,경기도 이천시 신둔면 수광리 258-15,415002012002,경기도 이천시 신둔면 경충대로,3181,,4150031021102580015016219,,경기도 이천시 신둔면 경충대로 3181,467843,17303,,1,,127.401121345826,37.3101858534271
MA010120220804952442,777타이어군산,시청점,G2,소매,G202,자동차 부품 소매,G20201,타이어 소매업,G45211,자동차 신품 타이어 및 튜브 판매업,52,전북특별자치도,52130,군산시,52130650,조촌동,5213013400,조촌동,5213013400108720002,1,대지,872,2,전북특별자치도 군산시 조촌동 872-2,521303268094,전북특별자치도 군산시 조촌로,52,,4513013400108720004027289,,전북특별자치도 군산시 조촌로 52,573885,54079,,,,126.738147397058,35.9685256689785
MA010120220804968210,휴게소,대리점,G2,소매,G202,자동차 부품 소매,G20201,타이어 소매업,G45211,자동차 신품 타이어 및 튜브 판매업,27,대구광역시,27710,달성군,27710265,현풍읍,2771026523,현풍읍,2771026523104530006,1,대지,453,6,대구광역시 달성군 현풍읍 부리 453-6,277103148047,대구광역시 달성군 현풍읍 현풍중앙로,91,,2771036023104530006016785,,대구광역시 달성군 현풍읍 현풍중앙로 91,711872,43000,,,,128.443361234873,35.6971335046279
MA010120220804973743,고양대로1246타이어,,G2,소매,G202,자동차 부품 소매,G20201,타이어 소매업,G45211,자동차 신품 타이어 및 튜브 판매업,41,경기도,41281,고양시 덕양구,41281510,주교동,4128110100,주교동,4128110100105290025,1,대지,529,25,경기도 고양시 덕양구 주교동 529-25,412812192001,경기도 고양시 덕양구 고양대로,1246,,4128110100105290025017856,,경기도 고양시 덕양구 고양대로 1246,412809,10454,,,,126.825229443083,37.6606517643524
MA010120220804944777,더존타이어,부여점,G2,소매,G202,자동차 부품 소매,G20201,타이어 소매업,G45211,자동차 신품 타이어 및 튜브 판매업,44,충청남도,44760,부여군,44760250,부여읍,4476025041,부여읍,4476025041100070000,1,대지,7,,충청남도 부여군 부여읍 왕포리 7,447603015046,충청남도 부여군 부여읍 대백제로,2372,,4476025041100070000000001,,충청남도 부여군 부여읍 대백제로 2372,323806,33164,,,,126.923746989609,36.2670354793329
MA010120220805001687,보고타이어,,G2,소매,G202,자동차 부품 소매,G20201,타이어 소매업,G45211,자동차 신품 타이어 및 튜브 판매업,44,충청남도,44133,천안시 서북구,44133253,성거읍,4413325333,성거읍,4413325333104410001,1,대지,441,1,충청남도 천안시 서북구 성거읍 신월리 441-1,441332249005,충청남도 천안시 서북구 성거읍 천안대로,1384,,4413325333104410001034864,,충청남도 천안시 서북구 성거읍 천안대로 1384,331835,31050,,,,127.150623239942,36.8644076521471
MA010120220805009691,꿀오토샵,,G2,소매,G202,자동차 부품 소매,G20201,타이어 소매업,G45219,기타 자동차 신품 부품 및 내장품 판매업,46,전라남도,46130,여수시,46130600,충무동,4613011100,연등동,4613011100103300001,1,대지,330,1,전라남도 여수시 연등동 330-1,461303282069,전라남도 여수시 좌수영로,113,,4613011100103300001069264,,전라남도 여수시 좌수영로 113,550100,59718,,,,127.727350141788,34.7505113112951
MA010120220805041366,타이어테크청주,오창점,G2,소매,G202,자동차 부품 소매,G20201,타이어 소매업,G45211,자동차 신품 타이어 및 튜브 판매업,43,충청북도,43114,청주시 청원구,43114253,오창읍,4311425344,오창읍,4311425344104070000,1,대지,407,,충청북도 청주시 청원구 오창읍 각리 407,431143240095,충청북도 청주시 청원구 오창읍 중부로,546,,4311425344104070000000001,,충청북도 청주시 청원구 오창읍 중부로 546,363885,28112,,,,127.421586152785,36.6961041142428
MA010120220805044421,에스에이휠타이어,,G2,소매,G202,자동차 부품 소매,G20201,타이어 소매업,G45211,자동차 신품 타이어 및 튜브 판매업,41,경기도,41192,부천시 원미구,41192600,도당동,4119210400,도당동,4119210400102810001,1,대지,281,1,경기도 부천시 원미구 도당동 281-1,411923184002,경기도 부천시 원미구 도약로,274,,4119010400102810001000001,,경기도 부천시 원미구 도약로 274,420808,14531,,,,126.780033042957,37.5103628668103
MA010120220805060886,출장빵구24시전문,,G2,소매,G202,자동차 부품 소매,G20201,타이어 소매업,G45211,자동차 신품 타이어 및 튜브 판매업,41,경기도,41390,시흥시,41390640,능곡동,4139011800,능곡동,4139011800105090000,1,대지,509,,경기도 시흥시 능곡동 509,413904397388,경기도 시흥시 승지로69번길,9,2,4139011800105060000009590,,경기도 시흥시 승지로69번길 9-2,429240,14994,,,,126.809331905109,37.3704683128064
MA010120220805061008,천안타이어24,,G2,소매,G202,자동차 부품 소매,G20201,타이어 소매업,G45211,자동차 신품 타이어 및 튜브 판매업,44,충청남도,44133,천안시 서북구,44133253,성거읍,4413325331,성거읍,4413325331101750009,1,대지,175,9,충청남도 천안시 서북구 성거읍 요방리 175-9,441333250051,충청남도 천안시 서북구 성거읍 망향로,340,,4413325331101540011043562,,충청남도 천안시 서북구 성거읍 망향로 340,331834,31053,,,,127.183538959127,36.8507186868938
MA010120220805027032,태원글로벌네트웍스,,G2,소매,G202,자동차 부품 소매,G20201,타이어 소매업,G45211,자동차 신품 타이어 및 튜브 판매업,28,인천광역시,28110,중구,28110520,연안동,2811011800,항동7가,2811011800100790001,1,대지,79,1,인천광역시 중구 항동7가 79-1,281102008001,인천광역시 중구 서해대로,175,,2811011800100790001210172,,인천광역시 중구 서해대로 175,400802,22342,,,,126.620606751068,37.4442661571216
MA010120220805025356,미라타이어미라모터스,,G2,소매,G202,자동차 부품 소매,G20201,타이어 소매업,G45211,자동차 신품 타이어 및 튜브 판매업,51,강원특별자치도,51110,춘천시,51110640,효자3동,5111011200,효자동,5111011200107470016,1,대지,747,16,강원특별자치도 춘천시 효자동 747-16,511103218037,강원특별자치도 춘천시 춘천로,231,1,4211011200107470016000001,,강원특별자치도 춘천시 춘천로 231-1,200950,24259,,,,127.739481988824,37.8784833499618
MA010120220806437468,대한타이어,,G2,소매,G202,자동차 부품 소매,G20201,타이어 소매업,G45211,자동차 신품 타이어 및 튜브 판매업,44,충청남도,44210,서산시,44210510,부춘동,4421010100,읍내동,4421010100100610015,1,대지,61,15,충청남도 서산시 읍내동 61-15,442103254105,충청남도 서산시 안견로,333,,4421010100100610015039564,,충청남도 서산시 안견로 333,356805,31989,,,,126.446629543466,36.77718712343
MA010120220806430026,타이어프로,시흥능곡점,G2,소매,G202,자동차 부품 소매,G20201,타이어 소매업,G45211,자동차 신품 타이어 및 튜브 판매업,41,경기도,41390,시흥시,41390640,능곡동,4139012800,군자동,4139012800101590004,1,대지,159,4,경기도 시흥시 군자동 159-4,413902348121,경기도 시흥시 시흥대로,261,,4139012800101590004012361,,경기도 시흥시 시흥대로 261,429802,14997,,,,126.806288200163,37.3643454070939
MA010120220806445848,출장빵구화물차트럭타이어,,G2,소매,G202,자동차 부품 소매,G20201,타이어 소매업,G45219,기타 자동차 신품 부품 및 내장품 판매업,43,충청북도,43760,괴산군,43760310,감물면,4376031026,감물면,4376031026105830010,1,대지,583,10,충청북도 괴산군 감물면 광전리 583-10,437604538065,충청북도 괴산군 감물면 광전3길,3,,4376031026105830010100940,,충청북도 괴산군 감물면 광전3길 3,367891,28006,,,,127.876348517742,36.8274730125956
MA010120220806456944,365타이어,,G2,소매,G202,자동차 부품 소매,G20201,타이어 소매업,G45211,자동차 신품 타이어 및 튜브 판매업,41,경기도,41630,양주시,41630310,은현면,4163031025,은현면,4163031025102420006,1,대지,242,6,경기도 양주시 은현면 하패리 242-6,416303351527,경기도 양주시 은현면 선하로,112,,4163031025102420006000001,,경기도 양주시 은현면 선하로 112,482862,11426,,,,127.037920792792,37.8821421215581
MA010120220806448895,타이어테크문경점,,G2,소매,G202,자동차 부품 소매,G20201,타이어 소매업,G45211,자동차 신품 타이어 및 튜브 판매업,47,경상북도,47280,문경시,47280610,점촌5동,4728011000,모전동,4728011000102980020,1,대지,298,20,경상북도 문경시 모전동 298-20,472803018044,경상북도 문경시 모전로,95,,4728011000102980020000001,,경상북도 문경시 모전로 95,745882,36980,,,,128.189679345301,36.5895891140563
MA010120220806435456,오성자동차정비,,G2,소매,G202,자동차 부품 소매,G20201,타이어 소매업,G45211,자동차 신품 타이어 및 튜브 판매업,48,경상남도,48330,양산시,48330560,평산동,4833011900,평산동,4833011900100310007,1,대지,31,7,경상남도 양산시 평산동 31-7,483302000011,경상남도 양산시 웅상대로,951,,4833011900100310007027021,,경상남도 양산시 웅상대로 951,626848,50548,,,,129.154935779608,35.3844301505586
MA010120220806500631,365타이어,시흥점,G2,소매,G202,자동차 부품 소매,G20201,타이어 소매업,G45211,자동차 신품 타이어 및 튜브 판매업,41,경기도,41390,시흥시,41390550,매화동,4139010900,도창동,4139010900101270012,1,대지,127,12,경기도 시흥시 도창동 127-12,413903000064,경기도 시흥시 수인로,2780,2,4139010900101270012000001,,경기도 시흥시 수인로 2780-2,429815,14931,,,,126.826262559089,37.4062649712632
MA010120220806495410,타이어테크,하단점,G2,소매,G202,자동차 부품 소매,G20201,타이어 소매업,G45211,자동차 신품 타이어 및 튜브 판매업,26,부산광역시,26380,사하구,26380561,하단1동,2638010300,하단동,2638010300100680002,1,대지,68,2,부산광역시 사하구 하단동 68-2,263803134025,부산광역시 사하구 제석로,2,,2638010300100680002000001,,부산광역시 사하구 제석로 2,604848,49410,,,,128.970154664893,35.1026548148305
MA010120220806498229,중고타이어,,G2,소매,G202,자동차 부품 소매,G20201,타이어 소매업,G45220,자동차 중고 부품 및 내장품 판매업,44,충청남도,44270,당진시,44270380,신평면,4427038023,신평면,4427038023104560008,1,대지,456,8,충청남도 당진시 신평면 거산리 456-8,442703000117,충청남도 당진시 신평면 서해로,6863,,4483038023104560008085422,외,충청남도 당진시 신평면 서해로 6863,343811,31739,,,,126.739745669803,36.8867726648207
MA010120220806527874,한국타이어남원주,,G2,소매,G202,자동차 부품 소매,G20201,타이어 소매업,G45211,자동차 신품 타이어 및 튜브 판매업,51,강원특별자치도,51130,원주시,51130660,무실동,5113011500,무실동,5113011500111240001,1,대지,1124,1,강원특별자치도 원주시 무실동 1124-1,511304457386,강원특별자치도 원주시 송삼길,194,,4213011500111240001000001,,강원특별자치도 원주시 송삼길 194,220150,26385,,,,127.919185479362,37.3265052088537
MA010120220806538718,신용중고타이어,,G2,소매,G202,자동차 부품 소매,G20201,타이어 소매업,G45220,자동차 중고 부품 및 내장품 판매업,30,대전광역시,30170,서구,30170582,갈마2동,3017011100,갈마동,3017011100114870000,1,대지,1487,,대전광역시 서구 갈마동 1487,301703166004,대전광역시 서구 갈마로,137,,3017011100114870000000001,,대전광역시 서구 갈마로 137,302810,35273,,1,,127.373159791249,36.3412127109484
MA010120220806542266,용인타이어직매장,,G2,소매,G202,자동차 부품 소매,G20201,타이어 소매업,G45211,자동차 신품 타이어 및 튜브 판매업,41,경기도,41461,용인시 처인구,41461540,동부동,4146110700,마평동,4146110700105190001,1,대지,519,1,경기도 용인시 처인구 마평동 519-1,414612012012,경기도 용인시 처인구 중부대로,1583,,4146110700105190001009171,타이어직매장애니카랜드,경기도 용인시 처인구 중부대로 1583,449928,17144,,,,127.220433423024,37.2334953671278
MA010120220806542460,타이어1983,,G2,소매,G202,자동차 부품 소매,G20201,타이어 소매업,G45211,자동차 신품 타이어 및 튜브 판매업,31,울산광역시,31710,울주군,31710256,온양읍,3171025629,온양읍,3171025629101430000,1,대지,143,,울산광역시 울주군 온양읍 운화리 143,317103011005,울산광역시 울주군 온양읍 남창로,453,,3171025629101430000000001,,울산광역시 울주군 온양읍 남창로 453,689905,44973,,,,129.277143561996,35.4182491415507
MA010120220807859958,보광타이어,,G2,소매,G202,자동차 부품 소매,G20201,타이어 소매업,G45211,자동차 신품 타이어 및 튜브 판매업,46,전라남도,46150,순천시,46150310,해룡면,4615031031,해룡면,4615031031100060001,1,대지,6,1,전라남도 순천시 해룡면 용전리 6-1,461503282087,전라남도 순천시 해룡면 여순로,1217,,4615031031100050001074794,,전라남도 순천시 해룡면 여순로 1217,540856,58024,,,,127.559071689263,34.8950373714233
MA010120220807846377,타이어클럽,,G2,소매,G202,자동차 부품 소매,G20201,타이어 소매업,G45211,자동차 신품 타이어 및 튜브 판매업,29,광주광역시,29110,동구,29110620,지산1동,2911011100,지산동,2911011100107190044,1,대지,719,44,광주광역시 동구 지산동 719-44,291102009007,광주광역시 동구 필문대로,211,,2911011100107190044023109,,광주광역시 동구 필문대로 211,501838,61440,,,,126.931002517955,35.1517995281169
MA010120220807867540,연합중고타이어,,G2,소매,G202,자동차 부품 소매,G20201,타이어 소매업,G45220,자동차 중고 부품 및 내장품 판매업,46,전라남도,46150,순천시,46150550,삼산동,4615010900,가곡동,4615010900110310001,1,대지,1031,1,전라남도 순천시 가곡동 1031-1,461503283038,전라남도 순천시 중앙로,461,,4615010900101370009000001,가곡동,전라남도 순천시 중앙로 461,540080,57924,,,,127.487457667006,34.985781207839
MA010120220807876228,반석중고타이어,,G2,소매,G202,자동차 부품 소매,G20201,타이어 소매업,G45220,자동차 중고 부품 및 내장품 판매업,46,전라남도,46150,순천시,46150580,풍덕동,4615011500,풍덕동,4615011500112940014,1,대지,1294,14,전라남도 순천시 풍덕동 1294-14,461503283032,전라남도 순천시 남산로,77,,4615011500112940014009640,,전라남도 순천시 남산로 77,540972,57961,,,,127.496992215318,34.9396371065712
MA010120220807869963,고흥중고타이어,,G2,소매,G202,자동차 부품 소매,G20201,타이어 소매업,G45220,자동차 중고 부품 및 내장품 판매업,46,전라남도,46770,고흥군,46770250,고흥읍,4677025026,고흥읍,4677025026108390003,1,대지,839,3,전라남도 고흥군 고흥읍 남계리 839-3,467703289003,전라남도 고흥군 고흥읍 고흥로,1681,,4677025026108390003000001,,전라남도 고흥군 고흥읍 고흥로 1681,548802,59543,,,,127.279713814336,34.6040142889831
MA010120220807879266,중고타이어,,G2,소매,G202,자동차 부품 소매,G20201,타이어 소매업,G45220,자동차 중고 부품 및 내장품 판매업,44,충청남도,44770,서천군,44770253,서천읍,4477025322,서천읍,4477025322102500001,1,대지,250,1,충청남도 서천군 서천읍 사곡리 250-1,447703260010,충청남도 서천군 서천읍 서천로,216,,4477025322102500001028248,,충청남도 서천군 서천읍 서천로 216,325806,33635,,,,126.685127588265,36.0866840965741
MA010120220807863656,타이어프로순천가곡점,,G2,소매,G202,자동차 부품 소매,G20201,타이어 소매업,G45211,자동차 신품 타이어 및 튜브 판매업,46,전라남도,46150,순천시,46150550,삼산동,4615010900,가곡동,4615010900110470005,1,대지,1047,5,전라남도 순천시 가곡동 1047-5,461503283038,전라남도 순천시 중앙로,417,,4615010900102350000000001,,전라남도 순천시 중앙로 417,540080,57924,,,,127.485803824984,34.9820651590335
MA010120220807870183,발통중고타이어,,G2,소매,G202,자동차 부품 소매,G20201,타이어 소매업,G45220,자동차 중고 부품 및 내장품 판매업,46,전라남도,46230,광양시,46230530,중마동,4623010600,중동,4623010600113670016,1,대지,1367,16,전라남도 광양시 중동 1367-16,462304655453,전라남도 광양시 중마용소길,24,,4623010600113670016048352,,전라남도 광양시 중마용소길 24,545880,57782,,,,127.686179997574,34.9404284416446
MA010120220807848982,해룡타이어,,G2,소매,G202,자동차 부품 소매,G20201,타이어 소매업,G45211,자동차 신품 타이어 및 튜브 판매업,46,전라남도,46130,여수시,46130320,율촌면,4613032027,율촌면,4613032027107130006,1,대지,713,6,전라남도 여수시 율촌면 취적리 713-6,461303282087,전라남도 여수시 율촌면 여순로,709,,4613032027107130006005067,,전라남도 여수시 율촌면 여순로 709,556896,59604,,,,127.591355862575,34.8613981513944
MA010120220807865990,중고타이어,,G2,소매,G202,자동차 부품 소매,G20201,타이어 소매업,G45220,자동차 중고 부품 및 내장품 판매업,46,전라남도,46150,순천시,46150661,왕조1동,4615013300,조례동,4615013300104900000,1,대지,490,,전라남도 순천시 조례동 490,461503283036,전라남도 순천시 순광로,7,,4615013300115880019006545,,전라남도 순천시 순광로 7,540964,57948,,,,127.522144573099,34.9548820793707
MA010120220807877848,성황타이어,,G2,소매,G202,자동차 부품 소매,G20201,타이어 소매업,G45220,자동차 중고 부품 및 내장품 판매업,46,전라남도,46230,광양시,46230515,골약동,4623010400,성황동,4623010400105300000,1,대지,530,,전라남도 광양시 성황동 530,462303285019,전라남도 광양시 백운로,1000,,4623010400105300000011511,,전라남도 광양시 백운로 1000,545050,57767,,,,127.678753882766,34.9438502982485
MA010120220807868698,타이어마트,,G2,소매,G202,자동차 부품 소매,G20201,타이어 소매업,G45211,자동차 신품 타이어 및 튜브 판매업,46,전라남도,46770,고흥군,46770253,도양읍,4677025324,도양읍,4677025324126990265,1,대지,2699,265,전라남도 고흥군 도양읍 봉암리 2699-265,467704667113,전라남도 고흥군 도양읍 녹동남촌3길,8,,4677025324126990265063741,,전라남도 고흥군 도양읍 녹동남촌3길 8,548907,59559,,,,127.140008634043,34.5286141709851
MA010120220807875981,시민중고타이어,,G2,소매,G202,자동차 부품 소매,G20201,타이어 소매업,G45211,자동차 신품 타이어 및 튜브 판매업,46,전라남도,46150,순천시,46150320,서면,4615032028,서면,4615032028103030001,1,대지,303,1,전라남도 순천시 서면 선평리 303-1,461503283007,전라남도 순천시 서면 백강로,693,,4615032028103030001035794,,전라남도 순천시 서면 백강로 693,540813,57927,,,,127.50705892124,34.9887926407351
MA010120220807864431,타이어프로풍덕점,,G2,소매,G202,자동차 부품 소매,G20201,타이어 소매업,G45211,자동차 신품 타이어 및 튜브 판매업,46,전라남도,46150,순천시,46150580,풍덕동,4615011500,풍덕동,4615011500108550001,1,대지,855,1,전라남도 순천시 풍덕동 855-1,461504649665,전라남도 순천시 역전장1길,3,,4615011500108550001000001,,전라남도 순천시 역전장1길 3,540970,57963,,,,127.506835078456,34.9417867948878
MA010120220807859721,벧엘중고타이어,,G2,소매,G202,자동차 부품 소매,G20201,타이어 소매업,G45220,자동차 중고 부품 및 내장품 판매업,46,전라남도,46150,순천시,46150550,삼산동,4615010900,가곡동,4615010900103780015,1,대지,378,15,전라남도 순천시 가곡동 378-15,461503283038,전라남도 순천시 중앙로,348,,4615010900103780015010484,,전라남도 순천시 중앙로 348,540080,57923,,,,127.482682485622,34.9764530242229
MA010120220807910562,호남타이어,,G2,소매,G202,자동차 부품 소매,G20201,타이어 소매업,G45211,자동차 신품 타이어 및 튜브 판매업,46,전라남도,46130,여수시,46130310,소라면,4613031022,소라면,4613031022109710001,1,대지,971,1,전라남도 여수시 소라면 죽림리 971-1,461303282039,전라남도 여수시 소라면 서부로,51,,4613031022109710001000001,외,전라남도 여수시 소라면 서부로 51,556811,59654,,,,127.625746416478,34.7613517480158
MA010120220807905595,타이어나라,,G2,소매,G202,자동차 부품 소매,G20201,타이어 소매업,G45211,자동차 신품 타이어 및 튜브 판매업,46,전라남도,46130,여수시,46130655,대교동,4613011500,봉산동,4613011500102500021,1,대지,250,21,전라남도 여수시 봉산동 250-21,461303282012,전라남도 여수시 대교로,2,,4613011500102500021025664,,전라남도 여수시 대교로 2,550818,59762,,,,127.721680281492,34.7364832619671
MA010120220807917049,OK휠타이어,,G2,소매,G202,자동차 부품 소매,G20201,타이어 소매업,G45211,자동차 신품 타이어 및 튜브 판매업,46,전라남도,46130,여수시,46130655,대교동,4613011500,봉산동,4613011500100810000,1,대지,81,,전라남도 여수시 봉산동 81,461303282012,전라남도 여수시 대교로,64,4,4613011500100810000000001,,전라남도 여수시 대교로 64-4,550818,59764,,,,127.726983116895,34.7335492276338
MA010120220807920159,한국타이어타이어나라,,G2,소매,G202,자동차 부품 소매,G20201,타이어 소매업,G45211,자동차 신품 타이어 및 튜브 판매업,46,전라남도,46130,여수시,46130710,문수동,4613012000,문수동,4613012000108840004,1,대지,884,4,전라남도 여수시 문수동 884-4,461303282053,전라남도 여수시 여서로,133,,4613012000108840004076781,,전라남도 여수시 여서로 133,550817,59704,,,,127.696932713627,34.7489134366256
MA010120220807881775,한국타이어광양,대리점,G2,소매,G202,자동차 부품 소매,G20201,타이어 소매업,G45211,자동차 신품 타이어 및 튜브 판매업,46,전라남도,46230,광양시,46230250,광양읍,4623025023,광양읍,4623025023109970002,1,대지,997,2,전라남도 광양시 광양읍 칠성리 997-2,462303285061,전라남도 광양시 광양읍 인덕로,1095,,4623025023109970002018086,,전라남도 광양시 광양읍 인덕로 1095,545809,57740,,,,127.581825607617,34.9800475839753
MA010120220807917776,한국타이어중부판매,,G2,소매,G202,자동차 부품 소매,G20201,타이어 소매업,G45211,자동차 신품 타이어 및 튜브 판매업,46,전라남도,46130,여수시,46130710,문수동,4613012000,문수동,4613012000100420001,1,대지,42,1,전라남도 여수시 문수동 42-1,461303282069,전라남도 여수시 좌수영로,359,1,4613012000100420001000001,,전라남도 여수시 좌수영로 359-1,550816,59699,,,,127.707460010209,34.7616795942234
MA010120220807881915,대일휠타이어,,G2,소매,G202,자동차 부품 소매,G20201,타이어 소매업,G45211,자동차 신품 타이어 및 튜브 판매업,11,서울특별시,11200,성동구,11200790,용답동,1120012200,용답동,1120012200102340000,1,대지,234,,서울특별시 성동구 용답동 234,112004109510,서울특별시 성동구 자동차시장1길,70,,1120012200102340000027956,자동차매매시장,서울특별시 성동구 자동차시장1길 70,133707,04808,,1,,127.065146863891,37.5603660351847
MA010120220807918709,타이어365무선점,,G2,소매,G202,자동차 부품 소매,G20201,타이어 소매업,G45211,자동차 신품 타이어 및 튜브 판매업,46,전라남도,46130,여수시,46130800,여천동,4613013700,화장동,4613013700107620005,1,대지,762,5,전라남도 여수시 화장동 762-5,461303282042,전라남도 여수시 성산로,32,1,4613013700107620005000001,,전라남도 여수시 성산로 32-1,555090,59642,,,,127.641407785465,34.773871800751
MA010120220807958556,삼건타이어,,G2,소매,G202,자동차 부품 소매,G20201,타이어 소매업,G45211,자동차 신품 타이어 및 튜브 판매업,52,전북특별자치도,52113,전주시 덕진구,52113600,팔복동,5211313300,팔복동4가,5211313300110000002,1,대지,1000,2,전북특별자치도 전주시 덕진구 팔복동4가 1000-2,521133267074,전북특별자치도 전주시 덕진구 한내로,21,,4511313300110000002024274,,전북특별자치도 전주시 덕진구 한내로 21,561204,54811,,,,127.100787156204,35.8720473878527
MA010120220807957090,독도카타이어,,G2,소매,G202,자동차 부품 소매,G20201,타이어 소매업,G45211,자동차 신품 타이어 및 튜브 판매업,52,전북특별자치도,52113,전주시 덕진구,52113590,금암2동,5211310700,금암동,5211310700115870101,1,대지,1587,101,전북특별자치도 전주시 덕진구 금암동 1587-101,521133267061,전북특별자치도 전주시 덕진구 조경단로,86,,4511310700115870101022166,,전북특별자치도 전주시 덕진구 조경단로 86,561805,54922,,,,127.139334976755,35.8418168385651
MA010120220807953274,안전타이어점,,G2,소매,G202,자동차 부품 소매,G20201,타이어 소매업,G45211,자동차 신품 타이어 및 튜브 판매업,52,전북특별자치도,52113,전주시 덕진구,52113620,호성동,5211311700,호성동2가,5211311700104920002,1,대지,492,2,전북특별자치도 전주시 덕진구 호성동2가 492-2,521133267079,전북특별자치도 전주시 덕진구 완주로,85,,4511311700104920002016588,,전북특별자치도 전주시 덕진구 완주로 85,561212,55151,,,,127.15059692157,35.8736806143921
MA010120220807932558,넘버원타이어,,G2,소매,G202,자동차 부품 소매,G20201,타이어 소매업,G45211,자동차 신품 타이어 및 튜브 판매업,52,전북특별자치도,52140,익산시,52140570,동산동,5214011100,동산동,5214011100111000001,1,대지,1100,1,전북특별자치도 익산시 동산동 1100-1,521403269012,전북특별자치도 익산시 목천로,327,,4514011100111000001000001,,전북특별자치도 익산시 목천로 327,570961,54676,,,,126.957050797231,35.9274997763338
MA010120220807925765,여수중고휠타이어,,G2,소매,G202,자동차 부품 소매,G20201,타이어 소매업,G45211,자동차 신품 타이어 및 튜브 판매업,46,전라남도,46130,여수시,46130655,대교동,4613011500,봉산동,4613011500100810000,1,대지,81,,전라남도 여수시 봉산동 81,461303282012,전라남도 여수시 대교로,64,4,4613011500100810000000001,,전라남도 여수시 대교로 64-4,550818,59764,,,,127.726983116895,34.7335492276338
MA010120220807925796,타이어프로봉강점,,G2,소매,G202,자동차 부품 소매,G20201,타이어 소매업,G45211,자동차 신품 타이어 및 튜브 판매업,46,전라남도,46130,여수시,46130635,서강동,4613011400,봉강동,4613011400103680000,1,대지,368,,전라남도 여수시 봉강동 368,461303282045,전라남도 여수시 신월로,791,,4613011400103680000000001,,전라남도 여수시 신월로 791,550160,59755,,,,127.725352127804,34.7393278924156
MA010120220807925837,내트럭금호타이어,,G2,소매,G202,자동차 부품 소매,G20201,타이어 소매업,G45211,자동차 신품 타이어 및 튜브 판매업,46,전라남도,46130,여수시,46130810,주삼동,4613013900,봉계동,4613013900104830006,1,대지,483,6,전라남도 여수시 봉계동 483-6,461304646425,전라남도 여수시 봉계3길,3,,4613013900104830006000001,,전라남도 여수시 봉계3길 3,555130,59631,,,,127.663524368646,34.7855615422414
MA010120220807943088,777타이어,덕진점,G2,소매,G202,자동차 부품 소매,G20201,타이어 소매업,G45211,자동차 신품 타이어 및 튜브 판매업,52,전북특별자치도,52113,전주시 덕진구,52113570,덕진동,5211310500,덕진동1가,5211310500114020008,1,대지,1402,8,전북특별자치도 전주시 덕진구 덕진동1가 1402-8,521133267028,전북특별자치도 전주시 덕진구 사평로,57,,4511310500114020008020438,,전북특별자치도 전주시 덕진구 사평로 57,561811,54888,,,,127.122223794242,35.8426556034603
MA010120220807925930,모터스금호타이어,,G2,소매,G202,자동차 부품 소매,G20201,타이어 소매업,G45211,자동차 신품 타이어 및 튜브 판매업,46,전라남도,46130,여수시,46130810,주삼동,4613013800,주삼동,4613013800110200000,1,대지,1020,,전라남도 여수시 주삼동 1020,461303282058,전라남도 여수시 여수산단로,140,,4613013800110200000000001,,전라남도 여수시 여수산단로 140,555130,59631,,,,127.662441611606,34.7977182203168
MA010120220807923620,타이어프로여수,전남대점,G2,소매,G202,자동차 부품 소매,G20201,타이어 소매업,G45211,자동차 신품 타이어 및 튜브 판매업,46,전라남도,46130,여수시,46130740,둔덕동,4613012300,둔덕동,4613012300104100004,1,대지,410,4,전라남도 여수시 둔덕동 410-4,461303282069,전라남도 여수시 좌수영로,590,,4613012300104100004000001,,전라남도 여수시 좌수영로 590,550250,59625,,,,127.694867821941,34.7761834316569
MA010120220807962233,아중광성타이어,,G2,소매,G202,자동차 부품 소매,G20201,타이어 소매업,G45211,자동차 신품 타이어 및 튜브 판매업,52,전북특별자치도,52113,전주시 덕진구,52113560,인후3동,5211310300,인후동1가,5211310300108960002,1,대지,896,2,전북특별자치도 전주시 덕진구 인후동1가 896-2,521133266009,전북특별자치도 전주시 덕진구 견훤로,162,,4511310300108960002028517,,전북특별자치도 전주시 덕진구 견훤로 162,561845,55024,,,,127.161054274878,35.8264683144387
MA010120220807968503,진보밧데리,,G2,소매,G202,자동차 부품 소매,G20201,타이어 소매업,G45220,자동차 중고 부품 및 내장품 판매업,52,전북특별자치도,52113,전주시 덕진구,52113600,팔복동,5211310800,팔복동1가,5211310800101880018,1,대지,188,18,전북특별자치도 전주시 덕진구 팔복동1가 188-18,521133267038,전북특별자치도 전주시 덕진구 신복로,42,,4511310800101880018026522,,전북특별자치도 전주시 덕진구 신복로 42,561840,54846,,,,127.109124051762,35.8550694952909
MA010120220807983180,한국타이어증평,대리점,G2,소매,G202,자동차 부품 소매,G20201,타이어 소매업,G45211,자동차 신품 타이어 및 튜브 판매업,43,충청북도,43745,증평군,43745250,증평읍,4374525027,증평읍,4374525027101710000,1,대지,171,,충청북도 증평군 증평읍 장동리 171,437453244026,충청북도 증평군 증평읍 중앙로,252,,4374525027101710000005884,,충청북도 증평군 증평읍 중앙로 252,368901,27925,,,,127.585213498459,36.7870459822728
MA010120220807995887,온누리타이어,,G2,소매,G202,자동차 부품 소매,G20201,타이어 소매업,G45211,자동차 신품 타이어 및 튜브 판매업,28,인천광역시,28110,중구,28110620,영종동,2811014800,운북동,2811014800100620010,1,대지,62,10,인천광역시 중구 운북동 62-10,281104247106,인천광역시 중구 백운로254번길,6,2,2811014800100620010000001,,인천광역시 중구 백운로254번길 6-2,400821,22357,,,,126.529963967152,37.5058933362987
MA010120220807962621,타이어타운,인후점,G2,소매,G202,자동차 부품 소매,G20201,타이어 소매업,G45211,자동차 신품 타이어 및 튜브 판매업,52,전북특별자치도,52113,전주시 덕진구,52113560,인후3동,5211310300,인후동1가,5211310300108260002,1,대지,826,2,전북특별자치도 전주시 덕진구 인후동1가 826-2,521133266009,전북특별자치도 전주시 덕진구 견훤로,220,,4511310300108260002027782,,전북특별자치도 전주시 덕진구 견훤로 220,561834,55019,,,,127.15908319188,35.8314098354907
MA010120220807971529,휠스톰,,G2,소매,G202,자동차 부품 소매,G20201,타이어 소매업,G45212,자동차용 전용 신품 부품 판매업,52,전북특별자치도,52113,전주시 덕진구,52113600,팔복동,5211310800,팔복동1가,5211310800101970053,1,대지,197,53,전북특별자치도 전주시 덕진구 팔복동1가 197-53,521133267038,전북특별자치도 전주시 덕진구 신복로,16,,4511310800101970053000001,,전북특별자치도 전주시 덕진구 신복로 16,561840,54846,,,,127.111513038198,35.8534360300489
MA010120220807969771,에벤에셀타이어,,G2,소매,G202,자동차 부품 소매,G20201,타이어 소매업,G45211,자동차 신품 타이어 및 튜브 판매업,52,전북특별자치도,52111,전주시 완산구,52111605,노송동,5211112100,남노송동,5211112100100200000,1,대지,20,,전북특별자치도 전주시 완산구 남노송동 20,521113266009,전북특별자치도 전주시 완산구 견훤로,82,,4511112100100200000000001,,전북특별자치도 전주시 완산구 견훤로 82,560110,55108,,,,127.161493039409,35.8190773994337
MA010120220808001086,새한상사,,G2,소매,G202,자동차 부품 소매,G20201,타이어 소매업,G45212,자동차용 전용 신품 부품 판매업,41,경기도,41570,김포시,41570570,구래동,4157010900,구래동,4157010900168710057,1,대지,6871,57,경기도 김포시 구래동 6871-57,415704838106,경기도 김포시 김포한강10로133번길,74,,4157010900168710057000001,두애틱,경기도 김포시 김포한강10로133번길 74,415080,10071,,,,126.619798800427,37.6414551975415
MA010120220809364300,차사랑타이어,,G2,소매,G202,자동차 부품 소매,G20201,타이어 소매업,G45211,자동차 신품 타이어 및 튜브 판매업,44,충청남도,44200,아산시,44200330,탕정면,4420033023,탕정면,4420033023102160008,1,대지,216,8,충청남도 아산시 탕정면 동산리 216-8,442003253082,충청남도 아산시 탕정면 탕정면로,439,,4420033023101090006001348,,충청남도 아산시 탕정면 탕정면로 439,336842,31458,,1,,127.087741525214,36.8238488552431
MA010120220809375323,행복타이어,,G2,소매,G202,자동차 부품 소매,G20201,타이어 소매업,G45211,자동차 신품 타이어 및 튜브 판매업,11,서울특별시,11200,성동구,11200720,송정동,1120011800,송정동,1120011800100960000,1,대지,96,,서울특별시 성동구 송정동 96,112003000001,서울특별시 성동구 동일로,285,,1120011800100960000003364,,서울특별시 성동구 동일로 285,133837,04800,,,,127.071889084423,37.5568752641707
MA010120220809370257,타이어프로문경점,,G2,소매,G202,자동차 부품 소매,G20201,타이어 소매업,G45211,자동차 신품 타이어 및 튜브 판매업,47,경상북도,47280,문경시,47280610,점촌5동,4728011000,모전동,4728011000101060080,1,대지,106,80,경상북도 문경시 모전동 106-80,472803018044,경상북도 문경시 모전로,68,,4728011000101060080026236,,경상북도 문경시 모전로 68,745882,36952,,,,128.191415759699,36.5876975049832
MA010120220809383671,한국타이어명신,대리점,G2,소매,G202,자동차 부품 소매,G20201,타이어 소매업,G45211,자동차 신품 타이어 및 튜브 판매업,47,경상북도,47210,영주시,47210590,휴천1동,4721010400,휴천동,4721010400111880001,1,대지,1188,1,경상북도 영주시 휴천동 1188-1,472103309035,경상북도 영주시 서원로,167,1,4721010400201810005000001,,경상북도 영주시 서원로 167-1,750914,36166,,,,128.636965791709,36.8165590327341
MA010120220809389905,타이어프로영주,중앙로점,G2,소매,G202,자동차 부품 소매,G20201,타이어 소매업,G45211,자동차 신품 타이어 및 튜브 판매업,47,경상북도,47210,영주시,47210560,영주2동,4721010100,영주동,4721010100105560001,1,대지,556,1,경상북도 영주시 영주동 556-1,472103303047,경상북도 영주시 중앙로,30,,4721010100105560001000001,,경상북도 영주시 중앙로 30,750909,36101,,,,128.620148245297,36.8198978852126
MA010120220809391649,미케닉샵,,G2,소매,G202,자동차 부품 소매,G20201,타이어 소매업,G45211,자동차 신품 타이어 및 튜브 판매업,47,경상북도,47210,영주시,47210630,가흥2동,4721010500,가흥동,4721010500105510002,1,대지,551,2,경상북도 영주시 가흥동 551-2,472103309065,경상북도 영주시 창진로,127,1,4721010500105510002000005,,경상북도 영주시 창진로 127-1,750902,36056,,,,128.605422346149,36.838126829717
MA010120220809411637,금호타이어，타이어프로，브리지스톤구미，금오중기정비,봉곡점,G2,소매,G202,자동차 부품 소매,G20201,타이어 소매업,G45220,자동차 중고 부품 및 내장품 판매업,47,경상북도,47190,구미시,47190565,선주원남동,4719010400,봉곡동,4719010400100420000,1,대지,42,,경상북도 구미시 봉곡동 42,471903018024,경상북도 구미시 야은로,284,,4719010400100420000025401,,경상북도 구미시 야은로 284,730807,39214,,,,128.313862939503,36.1387850939646
MA010120220809381544,한국타이어신봉화,대리점,G2,소매,G202,자동차 부품 소매,G20201,타이어 소매업,G45211,자동차 신품 타이어 및 튜브 판매업,47,경상북도,47920,봉화군,47920250,봉화읍,4792025031,봉화읍,4792025031101520012,1,대지,152,12,경상북도 봉화군 봉화읍 내성리 152-12,479203324003,경상북도 봉화군 봉화읍 내성로,29,,4792025031101520012024713,,경상북도 봉화군 봉화읍 내성로 29,755805,36238,,,,128.74040159546,36.8853848184557
MA010120220809388970,타이어마트,,G2,소매,G202,자동차 부품 소매,G20201,타이어 소매업,G45211,자동차 신품 타이어 및 튜브 판매업,47,경상북도,47210,영주시,47210550,영주1동,4721010100,영주동,4721010100105410002,1,대지,541,2,경상북도 영주시 영주동 541-2,472103309036,경상북도 영주시 선비로,289,,4721010100105410004003906,,경상북도 영주시 선비로 289,750906,36079,,,,128.614927316243,36.8295646508598
MA010120220809392554,타이어프라쟈,,G2,소매,G202,자동차 부품 소매,G20201,타이어 소매업,G45211,자동차 신품 타이어 및 튜브 판매업,47,경상북도,47920,봉화군,47920250,봉화읍,4792025023,봉화읍,4792025023102780005,1,대지,278,5,경상북도 봉화군 봉화읍 유곡리 278-5,479203324012,경상북도 봉화군 봉화읍 봉명로,4,,4792025023102780005029633,,경상북도 봉화군 봉화읍 봉명로 4,755801,36241,,,,128.772775025081,36.9068719456407
MA010120220809404229,한국타이어화성,반월점,G2,소매,G202,자동차 부품 소매,G20201,타이어 소매업,G45211,자동차 신품 타이어 및 튜브 판매업,41,경기도,41590,화성시,41590550,반월동,4159012000,반월동,4159012000106360004,1,대지,636,4,경기도 화성시 반월동 636-4,415903012007,경기도 화성시 효행로,1235,2,4159012000006360004027801,,경기도 화성시 효행로 1235-2,445330,18396,,,,127.057630930422,37.2201257242547
MA010120220809441438,한국타이어탑타이어,,G2,소매,G202,자동차 부품 소매,G20201,타이어 소매업,G45211,자동차 신품 타이어 및 튜브 판매업,47,경상북도,47190,구미시,47190565,선주원남동,4719010100,원평동,4719010100104510004,1,대지,451,4,경상북도 구미시 원평동 451-4,471904724112,경상북도 구미시 금오산로10길,4,,4719010100104510004009711,,경상북도 구미시 금오산로10길 4,730921,39303,,,,128.334991204388,36.1255479911303
MA010120220809431719,발통,코리아,G2,소매,G202,자동차 부품 소매,G20201,타이어 소매업,G45211,자동차 신품 타이어 및 튜브 판매업,47,경상북도,47190,구미시,47190645,상모사곡동,4719011600,상모동,4719011600104530000,1,대지,453,,경상북도 구미시 상모동 453,471903308015,경상북도 구미시 박정희로,45,3,4719011600104530000000001,,경상북도 구미시 박정희로 45-3,730120,39343,,,,128.35151302647,36.0830451230419
MA010120220809421206,대흥타이어,,G2,소매,G202,자동차 부품 소매,G20201,타이어 소매업,G45211,자동차 신품 타이어 및 튜브 판매업,47,경상북도,47850,칠곡군,47850330,가산면,4785033047,가산면,4785033047104140005,1,대지,414,5,경상북도 칠곡군 가산면 송학리 414-5,478503308087,경상북도 칠곡군 가산면 인동가산로,975,,4785033047104140005023080,,경상북도 칠곡군 가산면 인동가산로 975,718911,39849,,,,128.514577006599,36.1012350460916
MA010120220809415893,한국타이어구미공단,대리점,G2,소매,G202,자동차 부품 소매,G20201,타이어 소매업,G45211,자동차 신품 타이어 및 튜브 판매업,47,경상북도,47190,구미시,47190590,신평1동,4719011100,신평동,4719011100104600005,1,대지,460,5,경상북도 구미시 신평동 460-5,471904724541,경상북도 구미시 수출대로1길,47,,4719011100104600005031243,,경상북도 구미시 수출대로1길 47,730917,39254,,,,128.365857223678,36.1151703179835
MA010120220809430288,엠바골프&타이어타운북삼점,,G2,소매,G202,자동차 부품 소매,G20201,타이어 소매업,G45211,자동차 신품 타이어 및 튜브 판매업,47,경상북도,47850,칠곡군,47850253,북삼읍,4785025325,북삼읍,4785025325110820007,1,대지,1082,7,경상북도 칠곡군 북삼읍 인평리 1082-7,478502018004,경상북도 칠곡군 북삼읍 금오대로,265,1,4785025325110820005031488,세림빌딩,경상북도 칠곡군 북삼읍 금오대로 265-1,718844,39812,,1,,128.346456295877,36.0697020201715
MA010120220809415903,미쉐린경북서비스센터,,G2,소매,G202,자동차 부품 소매,G20201,타이어 소매업,G45211,자동차 신품 타이어 및 튜브 판매업,47,경상북도,47190,구미시,47190660,임오동,4719011800,오태동,4719011800101460001,1,대지,146,1,경상북도 구미시 오태동 146-1,471903308048,경상북도 구미시 왕산로,198,,4719011800101460001000001,,경상북도 구미시 왕산로 198,730141,39354,,,,128.377541726494,36.0789639257692
MA010120220809430780,삼일전장,,G2,소매,G202,자동차 부품 소매,G20201,타이어 소매업,G45220,자동차 중고 부품 및 내장품 판매업,47,경상북도,47190,구미시,47190253,고아읍,4719025338,고아읍,4719025338102770006,1,대지,277,6,경상북도 구미시 고아읍 예강리 277-6,471904724025,경상북도 구미시 고아읍 강정길,70,1,4719025338102770006022034,,경상북도 구미시 고아읍 강정길 70-1,730815,39151,,,,128.356268843554,36.1962370481656
MA010120220809422272,금호타이어남율점,,G2,소매,G202,자동차 부품 소매,G20201,타이어 소매업,G45211,자동차 신품 타이어 및 튜브 판매업,47,경상북도,47850,칠곡군,47850256,석적읍,4785025623,석적읍,4785025623112710000,1,대지,1271,,경상북도 칠곡군 석적읍 남율리 1271,478503322034,경상북도 칠곡군 석적읍 남율로,57,,4785025623112710000000001,,경상북도 칠곡군 석적읍 남율로 57,718831,39844,,,,128.406136103493,36.0670161194513
MA010120220809438271,휠스핀,,G2,소매,G202,자동차 부품 소매,G20201,타이어 소매업,G45211,자동차 신품 타이어 및 튜브 판매업,47,경상북도,47190,구미시,47190256,산동읍,4719025626,산동읍,4719025626103810006,1,대지,381,6,경상북도 구미시 산동읍 봉산리 381-6,471904724405,경상북도 구미시 산동읍 산호대로41길,14,25,4719035026103810006000001,,경상북도 구미시 산동읍 산호대로41길 14-25,730853,39172,,,,128.440274900061,36.1398636014762
MA010120220809431285,미쉐린경북판매,,G2,소매,G202,자동차 부품 소매,G20201,타이어 소매업,G45211,자동차 신품 타이어 및 튜브 판매업,47,경상북도,47190,구미시,47190660,임오동,4719011800,오태동,4719011800106520004,1,대지,652,4,경상북도 구미시 오태동 652-4,471902018004,경상북도 구미시 금오대로,345,,4719011800106520004046653,,경상북도 구미시 금오대로 345,730141,39359,,,,128.350180400418,36.0752292005599
MA010120220809441153,발통천국,,G2,소매,G202,자동차 부품 소매,G20201,타이어 소매업,G45211,자동차 신품 타이어 및 튜브 판매업,47,경상북도,47190,구미시,47190660,임오동,4719011800,오태동,4719011800106310000,1,대지,631,,경상북도 구미시 오태동 631,471902018004,경상북도 구미시 금오대로,323,,4719011800106310000044594,,경상북도 구미시 금오대로 323,730141,39359,,,,128.350226050047,36.0733543042313
MA010120220809455243,타이어프로구미,시청점,G2,소매,G202,자동차 부품 소매,G20201,타이어 소매업,G45211,자동차 신품 타이어 및 튜브 판매업,47,경상북도,47190,구미시,47190510,송정동,4719011000,송정동,4719011000100330015,1,대지,33,15,경상북도 구미시 송정동 33-15,471902308004,경상북도 구미시 송정대로,33,,4719011000100330015026614,,경상북도 구미시 송정대로 33,730912,39285,,,,128.34215853847,36.11788930539
MA010120220809450217,왜관중고타이어,,G2,소매,G202,자동차 부품 소매,G20201,타이어 소매업,G45220,자동차 중고 부품 및 내장품 판매업,47,경상북도,47850,칠곡군,47850360,약목면,4785036034,약목면,4785036034109290004,1,대지,929,4,경상북도 칠곡군 약목면 관호리 929-4,478502000028,경상북도 칠곡군 약목면 칠곡대로,1191,,4785036034109290004000001,,경상북도 칠곡군 약목면 칠곡대로 1191,718811,39830,,,,128.390538703246,35.996169737015
MA010120220809482718,현풍타이어,,G2,소매,G202,자동차 부품 소매,G20201,타이어 소매업,G45211,자동차 신품 타이어 및 튜브 판매업,47,경상북도,47850,칠곡군,47850320,동명면,4785032030,동명면,4785032030103840002,1,대지,384,2,경상북도 칠곡군 동명면 금암리 384-2,478504766089,경상북도 칠곡군 동명면 금암동석3길,14,,4785032030103840002015127,,경상북도 칠곡군 동명면 금암동석3길 14,718922,39858,,,,128.555646820102,35.9860136748674
MA010120220809456257,한국중고타이어,,G2,소매,G202,자동차 부품 소매,G20201,타이어 소매업,G45220,자동차 중고 부품 및 내장품 판매업,47,경상북도,47850,칠곡군,47850253,북삼읍,4785025325,북삼읍,4785025325103780000,1,대지,378,,경상북도 칠곡군 북삼읍 인평리 378,478502018004,경상북도 칠곡군 북삼읍 금오대로,194,,4785025325103780000034412,,경상북도 칠곡군 북삼읍 금오대로 194,718844,39814,,1,,128.345261071102,36.0627405656312
MA010120220809487289,기성타이어,,G2,소매,G202,자동차 부품 소매,G20201,타이어 소매업,G45211,자동차 신품 타이어 및 튜브 판매업,47,경상북도,47830,고령군,47830330,성산면,4783033036,성산면,4783033036101150005,1,대지,115,5,경상북도 고령군 성산면 득성리 115-5,478303000059,경상북도 고령군 성산면 성산로,1041,,4783033036101150005030516,,경상북도 고령군 성산면 성산로 1041,717811,40116,,,,128.375158242819,35.7521298105303
MA010120220809483560,상주이동빵구,,G2,소매,G202,자동차 부품 소매,G20201,타이어 소매업,G45211,자동차 신품 타이어 및 튜브 판매업,47,경상북도,47250,상주시,47250550,동문동,4725012300,헌신동,4725012300102930001,1,대지,293,1,경상북도 상주시 헌신동 293-1,472503311045,경상북도 상주시 영남제일로,1207,5,4725012300102930001087859,,경상북도 상주시 영남제일로 1207-5,742330,37240,,,,128.20675148627,36.4168930851991
MA010120220809490268,제일카서비스,,G2,소매,G202,자동차 부품 소매,G20201,타이어 소매업,G45211,자동차 신품 타이어 및 튜브 판매업,27,대구광역시,27290,달서구,27290617,유천동,2729011800,유천동,2729011800103040000,1,대지,304,,대구광역시 달서구 유천동 304,272902147001,대구광역시 달서구 달서대로,80,,2729011800103040000000001,,대구광역시 달서구 달서대로 80,704390,42762,,,,128.50887085952,35.8152394634096
MA010120220809485952,스마일중고타이어대구크롬휠전문매장,,G2,소매,G202,자동차 부품 소매,G20201,타이어 소매업,G45211,자동차 신품 타이어 및 튜브 판매업,47,경상북도,47850,칠곡군,47850330,가산면,4785033039,가산면,4785033039103080002,1,대지,308,2,경상북도 칠곡군 가산면 천평리 308-2,478502018002,경상북도 칠곡군 가산면 경북대로,1494,,4785033039103080002000001,,경상북도 칠곡군 가산면 경북대로 1494,718912,39852,,,,128.539627096773,36.0790185082503
MA010120220809492750,창호타이어,,G2,소매,G202,자동차 부품 소매,G20201,타이어 소매업,G45211,자동차 신품 타이어 및 튜브 판매업,27,대구광역시,27140,동구,27140747,안심4동,2714012300,각산동,2714012300102940015,1,대지,294,15,대구광역시 동구 각산동 294-15,271404226247,대구광역시 동구 안심로65길,31,,2714012300102940015032984,,대구광역시 동구 안심로65길 31,701856,41081,,1,,128.720216466439,35.869793095574
MA010120220801334619,다일종합타이어,,G2,소매,G202,자동차 부품 소매,G20201,타이어 소매업,G45211,자동차 신품 타이어 및 튜브 판매업,41,경기도,41220,평택시,41220310,진위면,4122031030,진위면,4122031030104250002,1,대지,425,2,경기도 평택시 진위면 견산리 425-2,412203188094,경기도 평택시 진위면 진위서로,104,,4122031030104520002000001,,경기도 평택시 진위면 진위서로 104,451863,17714,,,,127.074296949348,37.1072049567032
MA010120220801297388,중고종합타이어,,G2,소매,G202,자동차 부품 소매,G20201,타이어 소매업,G45220,자동차 중고 부품 및 내장품 판매업,44,충청남도,44180,보령시,44180545,대천4동,4418010500,명천동,4418010500105710004,1,대지,571,4,충청남도 보령시 명천동 571-4,441803252019,충청남도 보령시 보령남로,113,,4418010500105710004006067,,충청남도 보령시 보령남로 113,355940,33484,,,,126.600338195307,36.3351071640479
MA010120220801335449,광명타이어,,G2,소매,G202,자동차 부품 소매,G20201,타이어 소매업,G45211,자동차 신품 타이어 및 튜브 판매업,41,경기도,41590,화성시,41590330,마도면,4159033022,마도면,4159033022104930000,1,대지,493,,경기도 화성시 마도면 두곡리 493,415903210128,경기도 화성시 마도면 화성로,914,,4159033022104930000000001,,경기도 화성시 마도면 화성로 914,445862,18537,,,,126.787564191917,37.202559001361
MA010120220801378524,휠09,화성점,G2,소매,G202,자동차 부품 소매,G20201,타이어 소매업,G45211,자동차 신품 타이어 및 튜브 판매업,41,경기도,41590,화성시,41590360,팔탄면,4159036035,팔탄면,4159036035101490001,1,대지,149,1,경기도 화성시 팔탄면 매곡리 149-1,415903210002,경기도 화성시 팔탄면 31만세로,841,2,4159036035101490001013601,,경기도 화성시 팔탄면 31만세로 841-2,445947,18534,,,,126.887066848728,37.1165995918588
MA010120220801348062,신정타이어,,G2,소매,G202,자동차 부품 소매,G20201,타이어 소매업,G45211,자동차 신품 타이어 및 튜브 판매업,41,경기도,41590,화성시,41590320,비봉면,4159032021,비봉면,4159032021107600000,1,대지,760,,경기도 화성시 비봉면 양노리 760,415904430936,경기도 화성시 비봉면 양노남길,142,7,4159032021107600000000001,,경기도 화성시 비봉면 양노남길 142-7,445842,18284,,,,126.871144146915,37.2170060888848
MA010120220801373211,S&SAUTO,,G2,소매,G202,자동차 부품 소매,G20201,타이어 소매업,G45211,자동차 신품 타이어 및 튜브 판매업,41,경기도,41463,용인시 기흥구,41463540,기흥동,4146310700,공세동,4146310700103920003,1,대지,392,3,경기도 용인시 기흥구 공세동 392-3,414633204006,경기도 용인시 기흥구 공세로,244,,4146310700103920003018583,,경기도 용인시 기흥구 공세로 244,446902,17100,,,,127.103878472517,37.2420977556576
MA010120220801387950,오산중고타이어,,G2,소매,G202,자동차 부품 소매,G20201,타이어 소매업,G45211,자동차 신품 타이어 및 튜브 판매업,41,경기도,41370,오산시,41370510,중앙동,4137010100,오산동,4137010100108670001,1,대지,867,1,경기도 오산시 오산동 867-1,413702012013,경기도 오산시 경기대로,282,,4137010100108670001000001,,경기도 오산시 경기대로 282,447801,18134,,,,127.0740459786,37.1498524075286
MA010120220801342781,우리,,G2,소매,G202,자동차 부품 소매,G20201,타이어 소매업,G45211,자동차 신품 타이어 및 튜브 판매업,41,경기도,41113,수원시 권선구,41113670,권선1동,4111313700,권선동,4111313700110270012,1,대지,1027,12,경기도 수원시 권선구 권선동 1027-12,411134325087,경기도 수원시 권선구 권광로109번길,18,,4111313700110270012029070,권선동2,경기도 수원시 권선구 권광로109번길 18,441822,16568,,3,,127.029230059392,37.2579800677851
MA010120220801376822,한타기흥판매,,G2,소매,G202,자동차 부품 소매,G20201,타이어 소매업,G45211,자동차 신품 타이어 및 튜브 판매업,41,경기도,41461,용인시 처인구,41461259,남사읍,4146125923,남사읍,4146125923106410001,1,대지,641,1,경기도 용인시 처인구 남사읍 통삼리 641-1,414613203156,경기도 용인시 처인구 남사읍 서촌로,208,,4146132023106300004206305,,경기도 용인시 처인구 남사읍 서촌로 208,449884,17118,,,,127.131574671844,37.1476489750615
MA010120220801357806,동화상사,,G2,소매,G202,자동차 부품 소매,G20201,타이어 소매업,G45220,자동차 중고 부품 및 내장품 판매업,41,경기도,41590,화성시,41590320,비봉면,4159032026,비봉면,4159032026102650001,1,대지,265,1,경기도 화성시 비봉면 쌍학리 265-1,415903210128,경기도 화성시 비봉면 화성로,2064,,4159032026102650001000001,,경기도 화성시 비봉면 화성로 2064,445841,18292,,,,126.892191237869,37.2478699389192
MA010120220801380988,종합타이어직매장,,G2,소매,G202,자동차 부품 소매,G20201,타이어 소매업,G45211,자동차 신품 타이어 및 튜브 판매업,41,경기도,41590,화성시,41590253,봉담읍,4159025330,봉담읍,4159025330103060003,1,대지,306,3,경기도 화성시 봉담읍 당하리 306-3,415904430646,경기도 화성시 봉담읍 삼천병마로783번길,3,,4159025330103060003029881,,경기도 화성시 봉담읍 삼천병마로783번길 3,445892,18334,,,,126.935622171147,37.177907966429
MA010120220801397382,에스에스원,,G2,소매,G202,자동차 부품 소매,G20201,타이어 소매업,G45211,자동차 신품 타이어 및 튜브 판매업,41,경기도,41590,화성시,41590520,진안동,4159011900,기산동,4159011900100440001,1,대지,44,1,경기도 화성시 기산동 44-1,415903012007,경기도 화성시 효행로,1183,,4159011900000440001027290,,경기도 화성시 효행로 1183,445390,18385,,,,127.054687299591,37.2160633886677
MA010120220801413676,365타이어,,G2,소매,G202,자동차 부품 소매,G20201,타이어 소매업,G45211,자동차 신품 타이어 및 튜브 판매업,41,경기도,41463,용인시 기흥구,41463540,기흥동,4146310700,공세동,4146310700103610001,1,대지,361,1,경기도 용인시 기흥구 공세동 361-1,414633204006,경기도 용인시 기흥구 공세로,216,,4146310700103610001019586,,경기도 용인시 기흥구 공세로 216,446902,17100,,1,,127.10211748611,37.2400088622492
MA010120220801421487,타이어명가,,G2,소매,G202,자동차 부품 소매,G20201,타이어 소매업,G45211,자동차 신품 타이어 및 튜브 판매업,41,경기도,41590,화성시,41590330,마도면,4159033024,마도면,4159033024101240000,1,대지,124,,경기도 화성시 마도면 쌍송리 124,415903210030,경기도 화성시 마도면 마도공단로,138,,4159033024101240000000001,,경기도 화성시 마도면 마도공단로 138,445861,18541,,,,126.793878147392,37.1921089563273
MA010120220801406334,타이어프로동탄,신도시점,G2,소매,G202,자동차 부품 소매,G20201,타이어 소매업,G45211,자동차 신품 타이어 및 튜브 판매업,41,경기도,41590,화성시,41590587,동탄3동,4159011800,능동,4159011800109860002,1,대지,986,2,경기도 화성시 능동 986-2,415903210001,경기도 화성시 10용사로,376,,4159011800109860002000001,,경기도 화성시 10용사로 376,445320,18428,,,,127.059237132483,37.1993377009884
MA010120220801426072,유달중고타이어,전문점,G2,소매,G202,자동차 부품 소매,G20201,타이어 소매업,G45220,자동차 중고 부품 및 내장품 판매업,41,경기도,41113,수원시 권선구,41113540,세류3동,4111312600,세류동,4111312600101450016,1,대지,145,16,경기도 수원시 권선구 세류동 145-16,411133012006,경기도 수원시 권선구 정조로,613,1,4111312600101450016023256,,경기도 수원시 권선구 정조로 613-1,441865,16573,,,,127.01447515812,37.2633980574381
MA010120220801395903,타이어프로화성발안점,,G2,소매,G202,자동차 부품 소매,G20201,타이어 소매업,G45211,자동차 신품 타이어 및 튜브 판매업,41,경기도,41590,화성시,41590259,향남읍,4159025941,향남읍,4159025941102160004,1,대지,216,4,경기도 화성시 향남읍 장짐리 216-4,415903012004,경기도 화성시 향남읍 삼천병마로,275,,4159025941102160004037007,,경기도 화성시 향남읍 삼천병마로 275,445925,18587,,,,126.912336361298,37.1376427625235
MA010120220801400759,타이어타운,수원역점,G2,소매,G202,자동차 부품 소매,G20201,타이어 소매업,G45211,자동차 신품 타이어 및 튜브 판매업,41,경기도,41113,수원시 권선구,41113560,서둔동,4111313100,서둔동,4111313100103230066,1,대지,323,66,경기도 수원시 권선구 서둔동 323-66,411133175032,경기도 수원시 권선구 세화로,139,,4111313100103230066050382,,경기도 수원시 권선구 세화로 139,441100,16619,,,,126.994194086013,37.2642818213061
MA010120220801430636,타이어마트,,G2,소매,G202,자동차 부품 소매,G20201,타이어 소매업,G45211,자동차 신품 타이어 및 튜브 판매업,41,경기도,41113,수원시 권선구,41113550,평동,4111312800,고색동,4111312800101530001,1,대지,153,1,경기도 수원시 권선구 고색동 153-1,411133175046,경기도 수원시 권선구 평동로,4,,4111312800101530001054389,,경기도 수원시 권선구 평동로 4,441805,16601,,,,126.988220811956,37.2530814134815
MA010120220801427476,해피타이어,,G2,소매,G202,자동차 부품 소매,G20201,타이어 소매업,G45211,자동차 신품 타이어 및 튜브 판매업,41,경기도,41111,수원시 장안구,41111560,파장동,4111112900,파장동,4111112900104740003,1,대지,474,3,경기도 수원시 장안구 파장동 474-3,411112012008,경기도 수원시 장안구 경수대로,1060,7,4111112900104740003000001,,경기도 수원시 장안구 경수대로 1060-7,440852,16204,,,,126.996706158084,37.3089193761851
MA010120220801452825,리치자동차주,,G2,소매,G202,자동차 부품 소매,G20201,타이어 소매업,G45211,자동차 신품 타이어 및 튜브 판매업,41,경기도,41590,화성시,41590586,동탄2동,4159012700,반송동,4159012700101420004,1,대지,142,4,경기도 화성시 반송동 142-4,415903210001,경기도 화성시 10용사로,452,,4159012700101420004000002,,경기도 화성시 10용사로 452,445160,18439,,,,127.065779453105,37.1969915136839
MA010120220801485370,종합타이어,,G2,소매,G202,자동차 부품 소매,G20201,타이어 소매업,G45220,자동차 중고 부품 및 내장품 판매업,41,경기도,41220,평택시,41220330,고덕면,4122033028,고덕면,4122033028106280001,1,대지,628,1,경기도 평택시 고덕면 방축리 628-1,412202012006,경기도 평택시 고덕면 서동대로,2675,,4122033028106280001025064,,경기도 평택시 고덕면 서동대로 2675,451841,17821,,,,127.036811310094,37.0148264881138
MA010120220801490138,중고타이어,,G2,소매,G202,자동차 부품 소매,G20201,타이어 소매업,G45220,자동차 중고 부품 및 내장품 판매업,41,경기도,41550,안성시,41550410,삼죽면,4155041028,삼죽면,4155041028104570011,1,대지,457,11,경기도 안성시 삼죽면 미장리 457-11,415502012006,경기도 안성시 삼죽면 서동대로,6106,,4155041028104570011000506,,경기도 안성시 삼죽면 서동대로 6106,456881,17517,,,,127.357217056676,37.0397138878662
MA010120220801465114,동연타이어,,G2,소매,G202,자동차 부품 소매,G20201,타이어 소매업,G45211,자동차 신품 타이어 및 튜브 판매업,41,경기도,41550,안성시,41550250,공도읍,4155025029,공도읍,4155025029102990010,1,대지,299,10,경기도 안성시 공도읍 만정리 299-10,415502012006,경기도 안성시 공도읍 서동대로,4302,,4155025029102990010014279,,경기도 안성시 공도읍 서동대로 4302,456823,17559,,,,127.1807618767,37.0043861877649
MA010120220801479988,타이어프로브레인시티점,,G2,소매,G202,자동차 부품 소매,G20201,타이어 소매업,G45211,자동차 신품 타이어 및 튜브 판매업,41,경기도,41220,평택시,41220535,송탄동,4122010400,칠괴동,4122010400100520016,1,대지,52,16,경기도 평택시 칠괴동 52-16,412203188024,경기도 평택시 삼남로,101,,4122010400100520016000001,,경기도 평택시 삼남로 101,459050,17749,,,,127.098111336814,37.0354443563998
MA010120220801469725,평택타이어,,G2,소매,G202,자동차 부품 소매,G20201,타이어 소매업,G45211,자동차 신품 타이어 및 튜브 판매업,41,경기도,41220,평택시,41220535,송탄동,4122010300,모곡동,4122010300101110004,1,대지,111,4,경기도 평택시 모곡동 111-4,412202012013,경기도 평택시 경기대로,911,,4122010300101110004003067,,경기도 평택시 경기대로 911,459040,17787,,,,127.070378830136,37.0309226171706
MA010120220801473564,원곡타이어,,G2,소매,G202,자동차 부품 소매,G20201,타이어 소매업,G45220,자동차 중고 부품 및 내장품 판매업,41,경기도,41550,안성시,41550380,원곡면,4155038026,원곡면,4155038026101620002,1,대지,162,2,경기도 안성시 원곡면 외가천리 162-2,415504424009,경기도 안성시 원곡면 가천중앙1길,100,,4155038026101620002000001,,경기도 안성시 원곡면 가천중앙1길 100,456811,17556,,1,,127.133639938582,37.0418163100181
MA010120220801456095,코스모씨엔티,,G2,소매,G202,자동차 부품 소매,G20201,타이어 소매업,G45211,자동차 신품 타이어 및 튜브 판매업,41,경기도,41370,오산시,41370546,신장2동,4137010900,은계동,4137010900100670009,1,대지,67,9,경기도 오산시 은계동 67-9,413702012013,경기도 오산시 경기대로,400,,4137010900100670009009903,,경기도 오산시 경기대로 400,447300,18116,,,,127.069969222273,37.1600458572426
MA010120220801482567,타이어프로,,G2,소매,G202,자동차 부품 소매,G20201,타이어 소매업,G45211,자동차 신품 타이어 및 튜브 판매업,41,경기도,41220,평택시,41220640,세교동,4122012200,신대동,4122012200101120019,1,대지,112,19,경기도 평택시 신대동 112-19,412203188122,경기도 평택시 평택로,159,,4122012200101120019012773,,경기도 평택시 평택로 159,450819,17828,,,,127.078943998732,36.9993253682009
MA010120220801489678,미래중고타이어,,G2,소매,G202,자동차 부품 소매,G20201,타이어 소매업,G45220,자동차 중고 부품 및 내장품 판매업,41,경기도,41550,안성시,41550250,공도읍,4155025026,공도읍,4155025026105370003,1,대지,537,3,경기도 안성시 공도읍 승두리 537-3,415503208010,경기도 안성시 공도읍 공도로,34,,4155025026105370003005976,,경기도 안성시 공도읍 공도로 34,456825,17562,,,,127.165018980332,36.9980294643116
MA010120220801448108,그린타이어수원지점,,G2,소매,G202,자동차 부품 소매,G20201,타이어 소매업,G45211,자동차 신품 타이어 및 튜브 판매업,41,경기도,41113,수원시 권선구,41113670,권선1동,4111313700,권선동,4111313700109640023,1,대지,964,23,경기도 수원시 권선구 권선동 964-23,411133175010,경기도 수원시 권선구 권선로,621,,4111313700109640023076773,,경기도 수원시 권선구 권선로 621,441821,16569,,1,,127.019570270704,37.2614510732918
MA010120220803127862,황길중고타이어,,G2,소매,G202,자동차 부품 소매,G20201,타이어 소매업,G45220,자동차 중고 부품 및 내장품 판매업,26,부산광역시,26410,금정구,26410555,금사회동동,2641011100,금사동,2641011100100350009,1,대지,35,9,부산광역시 금정구 금사동 35-9,264103135010,부산광역시 금정구 금사로,112,1,2641011100100350009031377,,부산광역시 금정구 금사로 112-1,609808,46330,,,,129.113410025016,35.2222301474958
MA010120220803155978,달인타이어,,G2,소매,G202,자동차 부품 소매,G20201,타이어 소매업,G45211,자동차 신품 타이어 및 튜브 판매업,41,경기도,41273,안산시 단원구,41273570,초지동,4127310700,초지동,4127310700107420000,1,대지,742,,경기도 안산시 단원구 초지동 742,412733191066,경기도 안산시 단원구 원포공원로,54,,4127310700107420000036318,프라임아트,경기도 안산시 단원구 원포공원로 54,425856,15455,,,,126.809851235703,37.3033154036772
MA010120220803154217,성림타이어,,G2,소매,G202,자동차 부품 소매,G20201,타이어 소매업,G45211,자동차 신품 타이어 및 튜브 판매업,27,대구광역시,27290,달서구,27290576,이곡1동,2729010800,이곡동,2729010800110000121,1,대지,1000,121,대구광역시 달서구 이곡동 1000-121,272902007002,대구광역시 달서구 달구벌대로,1320,,2729010800110000121005470,,대구광역시 달서구 달구벌대로 1320,704929,42696,,,,128.511721899118,35.8506372219387
MA010120220803179450,타이어랜드,서구점,G2,소매,G202,자동차 부품 소매,G20201,타이어 소매업,G45211,자동차 신품 타이어 및 튜브 판매업,29,광주광역시,29140,서구,29140780,화정3동,2914011900,화정동,2914011900107500003,1,대지,750,3,광주광역시 서구 화정동 750-3,291402009004,광주광역시 서구 상무대로,1010,1,2914011900107500003000001,,광주광역시 서구 상무대로 1010-1,502837,61984,,,,126.872541339574,35.1513915904603
MA010120220803169531,동화타이어,,G2,소매,G202,자동차 부품 소매,G20201,타이어 소매업,G45211,자동차 신품 타이어 및 튜브 판매업,41,경기도,41210,광명시,41210660,학온동,4121010500,노온사동,4121010500106360004,1,대지,636,4,경기도 광명시 노온사동 636-4,412103000122,경기도 광명시 광명로,364,1,4121010500106360004010528,,경기도 광명시 광명로 364-1,423080,14334,,,,126.847555140272,37.433243776544
MA010120220803194246,하이웨이스타,,G2,소매,G202,자동차 부품 소매,G20201,타이어 소매업,G45211,자동차 신품 타이어 및 튜브 판매업,43,충청북도,43114,청주시 청원구,43114540,율량.사천동,4311410400,사천동,4311410400102010007,1,대지,201,7,충청북도 청주시 청원구 사천동 201-7,431143236054,충청북도 청주시 청원구 주성로,31,,4311410400102010007000001,,충청북도 청주시 청원구 주성로 31,363220,28336,,,,127.471478938696,36.6662070015207
MA010120220803231805,제일타이어,,G2,소매,G202,자동차 부품 소매,G20201,타이어 소매업,G45211,자동차 신품 타이어 및 튜브 판매업,11,서울특별시,11230,동대문구,11230650,장안1동,1123010600,장안동,1123010600104090006,1,대지,409,6,서울특별시 동대문구 장안동 409-6,112304115563,서울특별시 동대문구 천호대로77길,17,,1123010600104090006018098,,서울특별시 동대문구 천호대로77길 17,130843,02632,,,,127.061097075868,37.5629180205911
MA010120220803264322,한국타이어TBX,증평점,G2,소매,G202,자동차 부품 소매,G20201,타이어 소매업,G45211,자동차 신품 타이어 및 튜브 판매업,43,충청북도,43745,증평군,43745310,도안면,4374531021,도안면,4374531021102950000,1,대지,295,,충청북도 증평군 도안면 화성리 295,437452014003,충청북도 증평군 도안면 충청대로,2177,,4374531021102950000002923,,충청북도 증평군 도안면 충청대로 2177,368812,27903,,,,127.613916335393,36.8053467941231
MA010120220804750641,타이어프로,속초점,G2,소매,G202,자동차 부품 소매,G20201,타이어 소매업,G45211,자동차 신품 타이어 및 튜브 판매업,51,강원특별자치도,51210,속초시,51210580,조양동,5121010800,조양동,5121010800114970001,1,대지,1497,1,강원특별자치도 속초시 조양동 1497-1,512104469213,강원특별자치도 속초시 조양상가길,1,,4221010800114970001011110,,강원특별자치도 속초시 조양상가길 1,217812,24874,,,,128.578898152607,38.1916466826424
MA010120220804748968,타이어-배터리,교동점,G2,소매,G202,자동차 부품 소매,G20201,타이어 소매업,G45220,자동차 중고 부품 및 내장품 판매업,51,강원특별자치도,51210,속초시,51210570,노학동,5121010600,교동,5121010600107990007,1,대지,799,7,강원특별자치도 속초시 교동 799-7,512102000023,강원특별자치도 속초시 동해대로,4336,,4221010600107990007011478,,강원특별자치도 속초시 동해대로 4336,217805,24844,,,,128.569027296509,38.2023906812164
MA010120220804726094,금호타이어,주문진점,G2,소매,G202,자동차 부품 소매,G20201,타이어 소매업,G45211,자동차 신품 타이어 및 튜브 판매업,51,강원특별자치도,51150,강릉시,51150370,연곡면,5115037021,연곡면,5115037021100270004,1,대지,27,4,강원특별자치도 강릉시 연곡면 방내리 27-4,511503220022,강원특별자치도 강릉시 연곡면 연주로,42,3,4215037021000270004054176,,강원특별자치도 강릉시 연곡면 연주로 42-3,210862,25428,,,,128.837919801031,37.8606115249833
MA010120220804781132,번영타이어,,G2,소매,G202,자동차 부품 소매,G20201,타이어 소매업,G45211,자동차 신품 타이어 및 튜브 판매업,51,강원특별자치도,51190,태백시,51190540,상장동,5119010100,황지동,5119010100101800119,1,대지,180,119,강원특별자치도 태백시 황지동 180-119,511903222006,강원특별자치도 태백시 번영로,94,,4219010100101800119000001,,강원특별자치도 태백시 번영로 94,235800,26037,,1,,128.988701693774,37.1525862007587
MA010120220804762054,한국타이어,대리점,G2,소매,G202,자동차 부품 소매,G20201,타이어 소매업,G45211,자동차 신품 타이어 및 튜브 판매업,51,강원특별자치도,51210,속초시,51210580,조양동,5121010800,조양동,5121010800110030011,1,대지,1003,11,강원특별자치도 속초시 조양동 1003-11,512102000023,강원특별자치도 속초시 동해대로,4108,,4221010800110030011003319,,강원특별자치도 속초시 동해대로 4108,217811,24872,,,,128.585196150683,38.1899493386307
MA010120220804774154,전주타이어,,G2,소매,G202,자동차 부품 소매,G20201,타이어 소매업,G45211,자동차 신품 타이어 및 튜브 판매업,52,전북특별자치도,52113,전주시 덕진구,52113665,여의동,5211313200,장동,5211313200110530004,1,대지,1053,4,전북특별자치도 전주시 덕진구 장동 1053-4,521133267057,전북특별자치도 전주시 덕진구 장동유통로,29,18,4511313200110530004000001,,전북특별자치도 전주시 덕진구 장동유통로 29-18,561330,54810,,,,127.062089854508,35.8618263669872
MA010120220804804005,현대부품,,G2,소매,G202,자동차 부품 소매,G20201,타이어 소매업,G45211,자동차 신품 타이어 및 튜브 판매업,41,경기도,41550,안성시,41550310,보개면,4155031024,보개면,4155031024102090018,1,대지,209,18,경기도 안성시 보개면 상삼리 209-18,415502012006,경기도 안성시 보개면 서동대로,5882,,4155031024102090018000001,,경기도 안성시 보개면 서동대로 5882,456872,17508,,,,127.338986739489,37.0273866305424
MA010120220804840765,김상호타이어,장유점,G2,소매,G202,자동차 부품 소매,G20201,타이어 소매업,G45211,자동차 신품 타이어 및 튜브 판매업,48,경상남도,48250,김해시,48250610,장유1동,4825012600,무계동,4825012600101830013,1,대지,183,13,경상남도 김해시 무계동 183-13,482502335002,경상남도 김해시 금관대로,580,,4825031024101830013036897,,경상남도 김해시 금관대로 580,621240,51007,,,,128.813563654355,35.2006902729275
MA010120220804808191,구미중고타이어,,G2,소매,G202,자동차 부품 소매,G20201,타이어 소매업,G45211,자동차 신품 타이어 및 튜브 판매업,47,경상북도,47190,구미시,47190555,지산동,4719010200,지산동,4719010200103820001,1,대지,382,1,경상북도 구미시 지산동 382-1,471902308003,경상북도 구미시 선산대로,35,,4719010200103820001049206,,경상북도 구미시 선산대로 35,730160,39192,,,,128.344654227765,36.1333248516318
MA010120220804805160,타이어히어로,,G2,소매,G202,자동차 부품 소매,G20201,타이어 소매업,G45211,자동차 신품 타이어 및 튜브 판매업,41,경기도,41630,양주시,41630250,백석읍,4163025022,백석읍,4163025022105410001,1,대지,541,1,경기도 양주시 백석읍 오산리 541-1,416303212036,경기도 양주시 백석읍 중앙로,218,,4163025022105410001042425,,경기도 양주시 백석읍 중앙로 218,482835,11504,,1,,126.988487207817,37.7953857725329
MA010120220804889261,찐타이어,,G2,소매,G202,자동차 부품 소매,G20201,타이어 소매업,G45211,자동차 신품 타이어 및 튜브 판매업,41,경기도,41570,김포시,41570250,통진읍,4157025021,통진읍,4157025021104090006,1,대지,409,6,경기도 김포시 통진읍 도사리 409-6,415703209176,경기도 김포시 통진읍 서암고정로,22,,4157025021104090006000002,,경기도 김포시 통진읍 서암고정로 22,415863,10017,,,,126.609478451303,37.686587397901
MA010120220804890273,대명타이어,,G2,소매,G202,자동차 부품 소매,G20201,타이어 소매업,G45211,자동차 신품 타이어 및 튜브 판매업,44,충청남도,44200,아산시,44200360,둔포면,4420036027,둔포면,4420036027100600012,1,대지,60,12,충청남도 아산시 둔포면 관대리 60-12,442003249071,충청남도 아산시 둔포면 충무로,1588,7,4420036027100600012074081,,충청남도 아산시 둔포면 충무로 1588-7,336871,31411,,,,127.035000467976,36.912904989467
MA010120220804859021,명가타이어,,G2,소매,G202,자동차 부품 소매,G20201,타이어 소매업,G45211,자동차 신품 타이어 및 튜브 판매업,41,경기도,41610,광주시,41610253,초월읍,4161025323,초월읍,4161025323100130014,1,대지,13,14,경기도 광주시 초월읍 산이리 13-14,416102012002,경기도 광주시 초월읍 경충대로,879,,4161025323100130014020771,,경기도 광주시 초월읍 경충대로 879,464962,12807,,,,127.314477277961,37.3617973773105
MA010120220804873543,클럽타이어다운타운,,G2,소매,G202,자동차 부품 소매,G20201,타이어 소매업,G45211,자동차 신품 타이어 및 튜브 판매업,41,경기도,41570,김포시,41570525,장기본동,4157010400,장기동,4157010400100070000,1,대지,7,,경기도 김포시 장기동 7,415702209001,경기도 김포시 김포대로,1551,1,4157010400100070000026055,,경기도 김포시 김포대로 1551-1,415804,10054,,,,126.664420089061,37.6610426942059
MA010120220804891623,리더스휠,,G2,소매,G202,자동차 부품 소매,G20201,타이어 소매업,G45211,자동차 신품 타이어 및 튜브 판매업,41,경기도,41390,시흥시,41390589,정왕본동,4139013300,죽율동,4139013300100360002,1,대지,36,2,경기도 시흥시 죽율동 36-2,413903199048,경기도 시흥시 죽율로,111,20,4139013300100360002013677,리더스휠,경기도 시흥시 죽율로 111-20,429455,15046,,2,,126.763002131583,37.3554095159217
MA010120220806273192,타이어플러스,,G2,소매,G202,자동차 부품 소매,G20201,타이어 소매업,G45211,자동차 신품 타이어 및 튜브 판매업,43,충청북도,43111,청주시 상당구,43111670,영운동,4311111900,영운동,4311111900101990009,1,대지,199,9,충청북도 청주시 상당구 영운동 199-9,431113236065,충청북도 청주시 상당구 단재로,142,,4311111900101990009051254,,충청북도 청주시 상당구 단재로 142,360090,28713,,,,127.498755369867,36.6168042536404
MA010120220806286705,삼원물산,,G2,소매,G202,자동차 부품 소매,G20201,타이어 소매업,G45211,자동차 신품 타이어 및 튜브 판매업,52,전북특별자치도,52140,익산시,52140310,오산면,5214031023,오산면,5214031023108930001,1,대지,893,1,전북특별자치도 익산시 오산면 영만리 893-1,521403269059,전북특별자치도 익산시 오산면 오산로,163,,4514031023108930001099230,디동,전북특별자치도 익산시 오산면 오산로 163,570924,54670,,,,126.915571140374,35.9522979910274
MA010120220806289262,더타이어샵,,G2,소매,G202,자동차 부품 소매,G20201,타이어 소매업,G45211,자동차 신품 타이어 및 튜브 판매업,44,충청남도,44825,태안군,44825250,태안읍,4482525022,태안읍,4482525022107130003,1,대지,713,3,충청남도 태안군 태안읍 남문리 713-3,448253264039,충청남도 태안군 태안읍 후곡로,107,,4482525022107130003000001,,충청남도 태안군 태안읍 후곡로 107,357901,32144,,,,126.303326274289,36.7462383585706
MA010120220806291167,금호타이어수석점,,G2,소매,G202,자동차 부품 소매,G20201,타이어 소매업,G45211,자동차 신품 타이어 및 튜브 판매업,44,충청남도,44210,서산시,44210540,수석동,4421010600,수석동,4421010600106880075,1,대지,688,75,충청남도 서산시 수석동 688-75,442103254087,충청남도 서산시 소탐1로,5,,4421010600106880075047714,,충청남도 서산시 소탐1로 5,356050,32010,,,,126.486343156304,36.7615598110286
MA010120220806289749,타이어마트,,G2,소매,G202,자동차 부품 소매,G20201,타이어 소매업,G45211,자동차 신품 타이어 및 튜브 판매업,44,충청남도,44825,태안군,44825250,태안읍,4482525022,태안읍,4482525022106370010,1,대지,637,10,충청남도 태안군 태안읍 남문리 637-10,448254592173,충청남도 태안군 태안읍 시장1길,4,,4482525022106370010015395,,충청남도 태안군 태안읍 시장1길 4,357901,32143,,,,126.294367520331,36.7524662450809
MA010120220806274677,샘,,G2,소매,G202,자동차 부품 소매,G20201,타이어 소매업,G45211,자동차 신품 타이어 및 튜브 판매업,41,경기도,41461,용인시 처인구,41461259,남사읍,4146125931,남사읍,4146125931103210006,1,대지,321,6,경기도 용인시 처인구 남사읍 완장리 321-6,414613203117,경기도 용인시 처인구 남사읍 처인성로,933,,4146132031103210006000001,,경기도 용인시 처인구 남사읍 처인성로 933,449885,17115,,,,127.179038784063,37.1699960706751
MA010120220806328080,대형화물차출장빵구타이어이동빵꾸전문,,G2,소매,G202,자동차 부품 소매,G20201,타이어 소매업,G45211,자동차 신품 타이어 및 튜브 판매업,43,충청북도,43112,청주시 서원구,43112310,남이면,4311231022,남이면,4311231022103430000,1,대지,343,,충청북도 청주시 서원구 남이면 외천리 343,431124520131,충청북도 청주시 서원구 남이면 남이외천1길,26,23,4371035022003430000036522,,충청북도 청주시 서원구 남이면 남이외천1길 26-23,362813,28185,,,,127.433043198325,36.5539364770991
MA010120220806330821,휠팩토리,,G2,소매,G202,자동차 부품 소매,G20201,타이어 소매업,G45211,자동차 신품 타이어 및 튜브 판매업,43,충청북도,43114,청주시 청원구,43114253,오창읍,4311425345,오창읍,4311425345108000007,1,대지,800,7,충청북도 청주시 청원구 오창읍 양청리 800-7,431143240076,충청북도 청주시 청원구 오창읍 중심상업2로,47,24,4371025345108000007000001,,충청북도 청주시 청원구 오창읍 중심상업2로 47-24,363883,28119,,,,127.431230753854,36.715921240364
MA010120220806325678,형제타이어,,G2,소매,G202,자동차 부품 소매,G20201,타이어 소매업,G45220,자동차 중고 부품 및 내장품 판매업,43,충청북도,43114,청주시 청원구,43114530,내덕2동,4311410200,내덕동,4311410200103840022,1,대지,384,22,충청북도 청주시 청원구 내덕동 384-22,431143236064,충청북도 청주시 청원구 공항로,54,1,4311111400103840022036743,,충청북도 청주시 청원구 공항로 54-1,363172,28492,,,,127.487415303427,36.6621508680926
MA010120220806300937,서산타이어할인매장,,G2,소매,G202,자동차 부품 소매,G20201,타이어 소매업,G45211,자동차 신품 타이어 및 튜브 판매업,44,충청남도,44210,서산시,44210550,석남동,4421010900,예천동,4421010900106660011,1,대지,666,11,충청남도 서산시 예천동 666-11,442103254051,충청남도 서산시 무학로,1904,,4421010900106660011044052,,충청남도 서산시 무학로 1904,356808,32005,,,,126.436863237367,36.7708425737355
MA010120220806325867,타이어전문Shop,,G2,소매,G202,자동차 부품 소매,G20201,타이어 소매업,G45211,자동차 신품 타이어 및 튜브 판매업,43,충청북도,43760,괴산군,43760250,괴산읍,4376025022,괴산읍,4376025022101590001,1,대지,159,1,충청북도 괴산군 괴산읍 서부리 159-1,437604538813,충청북도 괴산군 괴산읍 향교길,3,,4376025022101590001202502,,충청북도 괴산군 괴산읍 향교길 3,367802,28027,,,,127.788467292465,36.8140043195245
MA010120220806333533,록산타이어,,G2,소매,G202,자동차 부품 소매,G20201,타이어 소매업,G45211,자동차 신품 타이어 및 튜브 판매업,43,충청북도,43114,청주시 청원구,43114253,오창읍,4311425321,오창읍,4311425321105400000,1,대지,540,,충청북도 청주시 청원구 오창읍 여천리 540,431144520529,충청북도 청주시 청원구 오창읍 원리여천길,366,,4311425321105400000000001,,충청북도 청주시 청원구 오창읍 원리여천길 366,363887,28127,,,,127.480706413797,36.7702850673893
MA010120220806324601,평화타이어,,G2,소매,G202,자동차 부품 소매,G20201,타이어 소매업,G45220,자동차 중고 부품 및 내장품 판매업,43,충청북도,43111,청주시 상당구,43111670,영운동,4311111900,영운동,4311111900102010008,1,대지,201,8,충청북도 청주시 상당구 영운동 201-8,431113236035,충청북도 청주시 상당구 수영로,124,,4311111900102010008029729,,충청북도 청주시 상당구 수영로 124,360090,28743,,,,127.499893336733,36.616457055452
MA010120220806300292,금호타이어서산,대리점,G2,소매,G202,자동차 부품 소매,G20201,타이어 소매업,G45211,자동차 신품 타이어 및 튜브 판매업,44,충청남도,44210,서산시,44210550,석남동,4421010900,예천동,4421010900104800000,1,대지,480,,충청남도 서산시 예천동 480,442104562113,충청남도 서산시 나무장1길,28,,4421010900106940002039983,,충청남도 서산시 나무장1길 28,356807,31998,,,,126.440875485923,36.7720599674099
MA010120220806362996,오토패밀리,,G2,소매,G202,자동차 부품 소매,G20201,타이어 소매업,G45211,자동차 신품 타이어 및 튜브 판매업,26,부산광역시,26380,사하구,26380590,장림2동,2638010500,장림동,2638010500105060001,1,대지,506,1,부산광역시 사하구 장림동 506-1,263803134007,부산광역시 사하구 다대로,361,,2638010500105060001000001,,부산광역시 사하구 다대로 361,604847,49511,,,,128.977682182581,35.0701705858503
MA010120220806339739,고고타이어,,G2,소매,G202,자동차 부품 소매,G20201,타이어 소매업,G47912,전자상거래 소매업,46,전라남도,46150,순천시,46150620,중앙동,4615012200,동외동,4615012200100350004,1,대지,35,4,전라남도 순천시 동외동 35-4,461504649022,전라남도 순천시 감사터3길,11,,4615012200100350004000001,,전라남도 순천시 감사터3길 11,540945,57942,,,,127.487971430811,34.9560697751933
MA010120220807708205,나반장멀티샵,,G2,소매,G202,자동차 부품 소매,G20201,타이어 소매업,G45219,기타 자동차 신품 부품 및 내장품 판매업,46,전라남도,46110,목포시,46110790,옥암동,4611016400,옥암동,4611016400109490024,1,대지,949,24,전라남도 목포시 옥암동 949-24,461104643053,전라남도 목포시 녹색로134번길,5,,4611016400109480000043589,,전라남도 목포시 녹색로134번길 5,530831,58657,,,,126.42883863096,34.8144600507599
MA010120220807710945,동화타이어,,G2,소매,G202,자동차 부품 소매,G20201,타이어 소매업,G45211,자동차 신품 타이어 및 튜브 판매업,47,경상북도,47290,경산시,47290370,남천면,4729037022,남천면,4729037022103200000,1,대지,320,,경상북도 경산시 남천면 협석리 320,472904739742,경상북도 경산시 남천면 협석2길,139,,4729037022103200000046233,,경상북도 경산시 남천면 협석2길 139,712881,38695,,,,128.72061310166,35.7846305575361
MA010120220807697598,KTS영진대불,산단점,G2,소매,G202,자동차 부품 소매,G20201,타이어 소매업,G45211,자동차 신품 타이어 및 튜브 판매업,46,전라남도,46830,영암군,46830253,삼호읍,4683025328,삼호읍,4683025328104770000,1,대지,477,,전라남도 영암군 삼호읍 삼포리 477,468303295137,전라남도 영암군 삼호읍 현대대불로,42,,4683025328104770000000001,,전라남도 영암군 삼호읍 현대대불로 42,526892,58450,,,,126.411664770728,34.7549580209059
MA010120220807723363,이종업1등타이어,,G2,소매,G202,자동차 부품 소매,G20201,타이어 소매업,G45211,자동차 신품 타이어 및 튜브 판매업,41,경기도,41590,화성시,41590520,진안동,4159011600,진안동,4159011600108320319,1,대지,832,319,경기도 화성시 진안동 832-319,415903012007,경기도 화성시 효행로,890,,4159011600108320319000001,,경기도 화성시 효행로 890,445390,18367,,,,127.026315313019,37.2071617040342
MA010120220807702644,타이어프로그랑프리점,,G2,소매,G202,자동차 부품 소매,G20201,타이어 소매업,G45211,자동차 신품 타이어 및 튜브 판매업,46,전라남도,46110,목포시,46110810,부주동,4611016400,옥암동,4611016400113580008,1,대지,1358,8,전라남도 목포시 옥암동 1358-8,461104643025,전라남도 목포시 남악2로9번길,9,12,4611016400113580008000001,,전라남도 목포시 남악2로9번길 9-12,530852,58680,,,,126.451332961313,34.8060093004558
MA010120220807694031,타이어마트,,G2,소매,G202,자동차 부품 소매,G20201,타이어 소매업,G45211,자동차 신품 타이어 및 튜브 판매업,46,전라남도,46110,목포시,46110758,신흥동,4611015800,상동,4611015800110220005,1,대지,1022,5,전라남도 목포시 상동 1022-5,461102281004,전라남도 목포시 통일대로,21,,4611015800110220004018938,,전라남도 목포시 통일대로 21,530826,58693,,,,126.427135731619,34.7983621196739
MA010120220807694057,T'STATION,상동점,G2,소매,G202,자동차 부품 소매,G20201,타이어 소매업,G45211,자동차 신품 타이어 및 튜브 판매업,46,전라남도,46110,목포시,46110757,하당동,4611015800,상동,4611015800108160011,1,대지,816,11,전라남도 목포시 상동 816-11,461103281003,전라남도 목포시 교육로,116,,4611015800108160011014693,,전라남도 목포시 교육로 116,530822,58666,,,,126.41753633438,34.8068617948999
MA010120220807739350,타이어할인마트,,G2,소매,G202,자동차 부품 소매,G20201,타이어 소매업,G45211,자동차 신품 타이어 및 튜브 판매업,46,전라남도,46170,나주시,46170510,송월동,4617010200,송월동,4617010200106730004,1,대지,673,4,전라남도 나주시 송월동 673-4,461703284049,전라남도 나주시 예향로,4182,1,4617010200106730004011439,,전라남도 나주시 예향로 4182-1,520130,58259,,,,126.712181458365,35.0264758486331
MA010120220807741692,타이어프로,,G2,소매,G202,자동차 부품 소매,G20201,타이어 소매업,G45211,자동차 신품 타이어 및 튜브 판매업,46,전라남도,46170,나주시,46170620,빛가람동,4617013400,빛가람동,4617013400100890002,1,대지,89,2,전라남도 나주시 빛가람동 89-2,461704685293,전라남도 나주시 쌍산3길,19,6,4617013400100890002000001,,전라남도 나주시 쌍산3길 19-6,520350,58323,,,,126.795532441978,35.0285378003888
MA010120220807739568,명성타이어,,G2,소매,G202,자동차 부품 소매,G20201,타이어 소매업,G45211,자동차 신품 타이어 및 튜브 판매업,46,전라남도,46170,나주시,46170600,이창동,4617012800,이창동,4617012800100930000,1,대지,93,,전라남도 나주시 이창동 93,461704652077,전라남도 나주시 남교2길,17,,4617012800100930000000001,,전라남도 나주시 남교2길 17,520951,58268,,,,126.715942261969,34.9972980940208
MA010120220807757455,건영카센터.타이어,,G2,소매,G202,자동차 부품 소매,G20201,타이어 소매업,G45211,자동차 신품 타이어 및 튜브 판매업,41,경기도,41590,화성시,41590340,송산면,4159034023,송산면,4159034023107500001,1,대지,750,1,경기도 화성시 송산면 삼존리 750-1,415903210128,경기도 화성시 송산면 화성로,615,,4159034023107500001000001,,경기도 화성시 송산면 화성로 615,445871,18549,,,,126.757120330523,37.2119074438581
MA010120220807744624,금호타이어KTS대한,대리점,G2,소매,G202,자동차 부품 소매,G20201,타이어 소매업,G45211,자동차 신품 타이어 및 튜브 판매업,46,전라남도,46230,광양시,46230570,태인동,4623010900,태인동,4623010900116540000,1,대지,1654,,전라남도 광양시 태인동 1654,462304655508,전라남도 광양시 태인4길,33,,4623010900116540000010000,컨테이너,전라남도 광양시 태인4길 33,545885,57815,,,,127.761162689321,34.9430103529116
MA010120220807800652,튠업개러지,,G2,소매,G202,자동차 부품 소매,G20201,타이어 소매업,G45211,자동차 신품 타이어 및 튜브 판매업,41,경기도,41271,안산시 상록구,41271600,반월동,4127111100,건건동,4127111100102430000,1,대지,243,,경기도 안산시 상록구 건건동 243,412714370192,경기도 안산시 상록구 삼천리5길,24,8,4127111100102430000000001,,경기도 안산시 상록구 삼천리5길 24-8,426210,15520,,,,126.900940949499,37.3141940676785
MA010120220807838388,금호타이어일등,대리점,G2,소매,G202,자동차 부품 소매,G20201,타이어 소매업,G45211,자동차 신품 타이어 및 튜브 판매업,46,전라남도,46230,광양시,46230530,중마동,4623010600,중동,4623010600112410002,1,대지,1241,2,전라남도 광양시 중동 1241-2,462303285040,전라남도 광양시 중마로,41,,4623010600112410002000001,,전라남도 광양시 중마로 41,545879,57793,,,,127.688030688555,34.9287271969676
MA010120220807838506,르노자동차서비스코너조례점오토맥스,코리아,G2,소매,G202,자동차 부품 소매,G20201,타이어 소매업,G45212,자동차용 전용 신품 부품 판매업,46,전라남도,46150,순천시,46150665,왕조2동,4615013300,조례동,4615013300115890002,1,대지,1589,2,전라남도 순천시 조례동 1589-2,461503283036,전라남도 순천시 순광로,30,,4615013300115890002039784,,전라남도 순천시 순광로 30,540968,57968,,,,127.524412099987,34.9550796272661
MA010120220807821667,에이엠특장강원도서비스센터,,G2,소매,G202,자동차 부품 소매,G20201,타이어 소매업,G45219,기타 자동차 신품 부품 및 내장품 판매업,51,강원특별자치도,51170,동해시,51170510,천곡동,5117010200,평릉동,5117010200101580002,1,대지,158,2,강원특별자치도 동해시 평릉동 158-2,511702000023,강원특별자치도 동해시 동해대로,5464,,4217010200001570001003836,,강원특별자치도 동해시 동해대로 5464,240807,25751,,1,,129.106054273705,37.5300669328363
MA010120220807843926,타이어타운,금당점,G2,소매,G202,자동차 부품 소매,G20201,타이어 소매업,G45211,자동차 신품 타이어 및 튜브 판매업,46,전라남도,46150,순천시,46150665,왕조2동,4615013300,조례동,4615013300100690008,1,대지,69,8,전라남도 순천시 조례동 69-8,461504649354,전라남도 순천시 백연길,99,,4615013300100690008000001,,전라남도 순천시 백연길 99,540969,57971,,,,127.533484758225,34.9528677992655
MA010120220807844022,24시타이어수리,,G2,소매,G202,자동차 부품 소매,G20201,타이어 소매업,G45211,자동차 신품 타이어 및 튜브 판매업,46,전라남도,46230,광양시,46230570,태인동,4623010900,태인동,4623010900108960345,1,대지,896,345,전라남도 광양시 태인동 896-345,462304655063,전라남도 광양시 김시식지1길,14,,4623010900108960345000001,,전라남도 광양시 김시식지1길 14,545883,57814,,,,127.756739875082,34.9477250797921
MA010120220809205361,뽀빠이중고타이어,,G2,소매,G202,자동차 부품 소매,G20201,타이어 소매업,G45220,자동차 중고 부품 및 내장품 판매업,29,광주광역시,29200,광산구,29200525,송정2동,2920010100,송정동,2920010100109530008,1,대지,953,8,광주광역시 광산구 송정동 953-8,292002009004,광주광역시 광산구 상무대로,162,2,2920010100109530008006464,,광주광역시 광산구 상무대로 162-2,506807,62439,,,,126.789684308943,35.1339880133993
MA010120220809224492,중앙타이어,,G2,소매,G202,자동차 부품 소매,G20201,타이어 소매업,G45211,자동차 신품 타이어 및 튜브 판매업,47,경상북도,47930,울진군,47930380,후포면,4793038022,후포면,4793038022101890000,1,대지,189,,경상북도 울진군 후포면 삼율리 189,479303325035,경상북도 울진군 후포면 후포삼율로,51,,4793038022101890000000001,,경상북도 울진군 후포면 후포삼율로 51,767831,36370,,,,129.439292633865,36.6750569357034
MA010120220809197713,깜장타이어,,G2,소매,G202,자동차 부품 소매,G20201,타이어 소매업,G45211,자동차 신품 타이어 및 튜브 판매업,47,경상북도,47280,문경시,47280580,점촌2동,4728011100,윤직동,4728011100100820002,1,대지,82,2,경상북도 문경시 윤직동 82-2,472804736581,경상북도 문경시 윤직동2길,37,,4728011100100820002000001,,경상북도 문경시 윤직동2길 37,745340,36946,,,,128.201606985894,36.5877483751953
MA010120220809198184,한국타이어동해로점,,G2,소매,G202,자동차 부품 소매,G20201,타이어 소매업,G45211,자동차 신품 타이어 및 튜브 판매업,47,경상북도,47113,포항시 북구,47113250,흥해읍,4711325023,흥해읍,4711325023101350005,1,대지,135,5,경상북도 포항시 북구 흥해읍 마산리 135-5,471132000023,경상북도 포항시 북구 흥해읍 동해대로,1557,,4711325023101350005012386,,경상북도 포항시 북구 흥해읍 동해대로 1557,791946,37534,,,,129.341186788872,36.1109604066286
MA010120220809245632,한승카세차장,,G2,소매,G202,자동차 부품 소매,G20201,타이어 소매업,G45211,자동차 신품 타이어 및 튜브 판매업,47,경상북도,47170,안동시,47170660,송하동,4717013600,송현동,4717013600103680003,1,대지,368,3,경상북도 안동시 송현동 368-3,471704721211,경상북도 안동시 노하길,440,,4717013600103680003024541,,경상북도 안동시 노하길 440,760300,36632,,,,128.696987826001,36.5728308473318
MA010120220809250855,타이어세상,,G2,소매,G202,자동차 부품 소매,G20201,타이어 소매업,G45211,자동차 신품 타이어 및 튜브 판매업,47,경상북도,47170,안동시,47170620,평화동,4717012900,운안동,4717012900101320003,1,대지,132,3,경상북도 안동시 운안동 132-3,471703307012,경상북도 안동시 단원로,113,,4717012900101320003021601,,경상북도 안동시 단원로 113,760270,36651,,,,128.716182240763,36.5709431555518
MA010120220809262959,강남타이어,,G2,소매,G202,자동차 부품 소매,G20201,타이어 소매업,G45211,자동차 신품 타이어 및 튜브 판매업,47,경상북도,47170,안동시,47170660,송하동,4717013600,송현동,4717013600104920000,1,대지,492,,경상북도 안동시 송현동 492,471704722098,경상북도 안동시 직곡길,54,,4717013600104920000000001,,경상북도 안동시 직곡길 54,760300,36632,,,,128.698042514826,36.5873224159996
MA010120220809246119,중고타이어마트,,G2,소매,G202,자동차 부품 소매,G20201,타이어 소매업,G45220,자동차 중고 부품 및 내장품 판매업,47,경상북도,47170,안동시,47170510,중구동,4717011300,운흥동,4717011300102190020,1,대지,219,20,경상북도 안동시 운흥동 219-20,471703018013,경상북도 안동시 경동로,713,,4717011300102190020017979,,경상북도 안동시 경동로 713,760110,36705,,,,128.735884192733,36.5638280421671
MA010120220809255620,금호타이어안동,대리점,G2,소매,G202,자동차 부품 소매,G20201,타이어 소매업,G45211,자동차 신품 타이어 및 튜브 판매업,47,경상북도,47170,안동시,47170585,서구동,4717012100,당북동,4717012100103170002,1,대지,317,2,경상북도 안동시 당북동 317-2,471703018013,경상북도 안동시 경동로,571,,4717012100103170002014491,,경상북도 안동시 경동로 571,760230,36671,,,,128.72025428061,36.5636581961972
MA010120220809245220,대창,대리점,G2,소매,G202,자동차 부품 소매,G20201,타이어 소매업,G45211,자동차 신품 타이어 및 튜브 판매업,47,경상북도,47170,안동시,47170250,풍산읍,4717025029,풍산읍,4717025029103980001,1,대지,398,1,경상북도 안동시 풍산읍 수곡리 398-1,471704721618,경상북도 안동시 풍산읍 서선길,25,,4717025029103980001000001,,경상북도 안동시 풍산읍 서선길 25,760801,36622,,,,128.635851702172,36.5904089354093
MA010120220809265185,더타이어삽,안동점,G2,소매,G202,자동차 부품 소매,G20201,타이어 소매업,G45211,자동차 신품 타이어 및 튜브 판매업,47,경상북도,47170,안동시,47170660,송하동,4717013600,송현동,4717013600103660005,1,대지,366,5,경상북도 안동시 송현동 366-5,471702018002,경상북도 안동시 경북대로,515,,4717013600103660005000001,,경상북도 안동시 경북대로 515,760300,36632,,,,128.697323654518,36.5743938598575
MA010120220809268668,금호타이어동신점,,G2,소매,G202,자동차 부품 소매,G20201,타이어 소매업,G45211,자동차 신품 타이어 및 튜브 판매업,47,경상북도,47170,안동시,47170585,서구동,4717012100,당북동,4717012100100860004,1,대지,86,4,경상북도 안동시 당북동 86-4,471703307019,경상북도 안동시 서동문로,60,,4717012100100860004017894,,경상북도 안동시 서동문로 60,760230,36670,,,,128.718450837731,36.5664503723437
MA010120220809299899,금호타이어진성유통,,G2,소매,G202,자동차 부품 소매,G20201,타이어 소매업,G45211,자동차 신품 타이어 및 튜브 판매업,47,경상북도,47210,영주시,47210590,휴천1동,4721010400,휴천동,4721010400117960000,1,대지,1796,,경상북도 영주시 휴천동 1796,472104727067,경상북도 영주시 구성로88번길,152,,4721010400117960000014683,,경상북도 영주시 구성로88번길 152,750914,36167,,,,128.634858288351,36.8075689569598
MA010120220809340765,타이어마트백년점,,G2,소매,G202,자동차 부품 소매,G20201,타이어 소매업,G45211,자동차 신품 타이어 및 튜브 판매업,46,전라남도,46110,목포시,46110520,용당2동,4611010100,용당동,4611010100111570008,1,대지,1157,8,전라남도 목포시 용당동 1157-8,461102281002,전라남도 목포시 백년대로,58,,4611010100111570004000001,,전라남도 목포시 백년대로 58,530362,58732,,,,126.395738200312,34.7987961887163
MA010120220809341031,검정발통,,G2,소매,G202,자동차 부품 소매,G20201,타이어 소매업,G45211,자동차 신품 타이어 및 튜브 판매업,30,대전광역시,30170,서구,30170560,괴정동,3017010800,괴정동,3017010800101290004,1,대지,129,4,대전광역시 서구 괴정동 129-4,301703166004,대전광역시 서구 갈마로,179,1,3017010800101290004023044,,대전광역시 서구 갈마로 179-1,302816,35290,,1,,127.376421136045,36.3383998235679
MA010120220809316782,타이어하우스할인마트,,G2,소매,G202,자동차 부품 소매,G20201,타이어 소매업,G45220,자동차 중고 부품 및 내장품 판매업,47,경상북도,47150,김천시,47150575,대신동,4715011700,대광동,4715011700109000008,1,대지,900,8,경상북도 김천시 대광동 900-8,471503305008,경상북도 김천시 공단로,51,,4715011700109000008000001,,경상북도 김천시 공단로 51,740170,39543,,,,128.138907608643,36.1372154608345
MA010120220809321133,타이어멀티샵,,G2,소매,G202,자동차 부품 소매,G20201,타이어 소매업,G45211,자동차 신품 타이어 및 튜브 판매업,47,경상북도,47840,성주군,47840250,성주읍,4784025029,성주읍,4784025029103410000,1,대지,341,,경상북도 성주군 성주읍 백전리 341,478403321017,경상북도 성주군 성주읍 성주순환로,77,,4784025029103410000000001,,경상북도 성주군 성주읍 성주순환로 77,719803,40018,,1,,128.277981612688,35.9246884599405
MA010120220809317288,대산발통,,G2,소매,G202,자동차 부품 소매,G20201,타이어 소매업,G45220,자동차 중고 부품 및 내장품 판매업,47,경상북도,47150,김천시,47150565,양금동,4715011900,양천동,4715011900111100002,1,대지,1110,2,경상북도 김천시 양천동 1110-2,471504718380,경상북도 김천시 배나무골길,6,,4715011900111100002001867,,경상북도 김천시 배나무골길 6,740060,39619,,,,128.101711517019,36.0846469636763
MA010120220809315435,김천디젤&타이어,,G2,소매,G202,자동차 부품 소매,G20201,타이어 소매업,G45211,자동차 신품 타이어 및 튜브 판매업,47,경상북도,47150,김천시,47150595,대곡동,4715011400,부곡동,4715011400109020024,1,대지,902,24,경상북도 김천시 부곡동 902-24,471502306002,경상북도 김천시 영남대로,1440,,4715011400109020024000001,,경상북도 김천시 영남대로 1440,740977,39571,,,,128.09348408329,36.1270591595492
MA010120220809324413,타이어마켓,,G2,소매,G202,자동차 부품 소매,G20201,타이어 소매업,G45211,자동차 신품 타이어 및 튜브 판매업,41,경기도,41135,성남시 분당구,41135640,야탑3동,4113510700,야탑동,4113510700101490005,1,대지,149,5,경기도 성남시 분당구 야탑동 149-5,411354340540,경기도 성남시 분당구 판교로715번길,9,,4113510700101490005037307,,경기도 성남시 분당구 판교로715번길 9,463816,13511,,1,,127.152016146697,37.4056191289578
MA010120220809334803,삼광게러지,,G2,소매,G202,자동차 부품 소매,G20201,타이어 소매업,G45211,자동차 신품 타이어 및 튜브 판매업,41,경기도,41650,포천시,41650340,신북면,4165034021,신북면,4165034021100120001,1,대지,12,1,경기도 포천시 신북면 가채리 12-1,416503000136,경기도 포천시 신북면 호국로,1899,36,4165034021100120001038927,,경기도 포천시 신북면 호국로 1899-36,487911,11139,,,,127.218557009441,37.9209471796112
MA010120220810756225,케이티에스에스원신항점,,G2,소매,G202,자동차 부품 소매,G20201,타이어 소매업,G45211,자동차 신품 타이어 및 튜브 판매업,26,부산광역시,26440,강서구,26440560,녹산동,2644011300,구랑동,2644011300112010000,1,대지,1201,,부산광역시 강서구 구랑동 1201,264403136089,부산광역시 강서구 미음산단로8번길,6,,2644011300106280000000001,,부산광역시 강서구 미음산단로8번길 6,618210,46748,,,,128.855471605944,35.1277520031345
MA010120220810756226,에스원아텍,,G2,소매,G202,자동차 부품 소매,G20201,타이어 소매업,G45211,자동차 신품 타이어 및 튜브 판매업,26,부산광역시,26440,강서구,26440560,녹산동,2644011300,구랑동,2644011300112010000,1,대지,1201,,부산광역시 강서구 구랑동 1201,264403136089,부산광역시 강서구 미음산단로8번길,6,,2644011300106280000000001,,부산광역시 강서구 미음산단로8번길 6,618210,46748,,,,128.855471605944,35.1277520031345
MA010120220810757287,모모금속,,G2,소매,G202,자동차 부품 소매,G20201,타이어 소매업,G45219,기타 자동차 신품 부품 및 내장품 판매업,52,전북특별자치도,52140,익산시,52140670,팔봉동,5214012400,신흥동,5214012400104400007,1,대지,440,7,전북특별자치도 익산시 신흥동 440-7,521403269019,전북특별자치도 익산시 서동로,344,,4514012400104400007000001,,전북특별자치도 익산시 서동로 344,570997,54615,,,,126.986490539949,35.9390065697017
MA010120220810736274,사상현대타이어,,G2,소매,G202,자동차 부품 소매,G20201,타이어 소매업,G45211,자동차 신품 타이어 및 튜브 판매업,26,부산광역시,26530,사상구,26530620,괘법동,2653010400,괘법동,2653010400105700002,1,대지,570,2,부산광역시 사상구 괘법동 570-2,265303139003,부산광역시 사상구 광장로,4,,2653010400105700002003188,,부산광역시 사상구 광장로 4,617809,46971,,,,128.977027551471,35.1624263727608
MA010120220810719116,영수상사,,G2,소매,G202,자동차 부품 소매,G20201,타이어 소매업,G45219,기타 자동차 신품 부품 및 내장품 판매업,26,부산광역시,26440,강서구,26440560,녹산동,2644010900,송정동,2644010900115120002,1,대지,1512,2,부산광역시 강서구 송정동 1512-2,264403136032,부산광역시 강서구 녹산산업북로,119,,2644010900115120002011076,,부산광역시 강서구 녹산산업북로 119,618817,46751,,,,128.837666616016,35.0983826170405
MA010120220810762067,광명카타이어,,G2,소매,G202,자동차 부품 소매,G20201,타이어 소매업,G45211,자동차 신품 타이어 및 튜브 판매업,48,경상남도,48330,양산시,48330530,강서동,4833011200,어곡동,4833011200103520000,1,대지,352,,경상남도 양산시 어곡동 352,483304814848,경상남도 양산시 학동길,48,,4833011200103520000000001,,경상남도 양산시 학동길 48,626220,50590,,1,,129.027220555817,35.3779815919986
MA010120220810763178,뉴대경타이어,,G2,소매,G202,자동차 부품 소매,G20201,타이어 소매업,G45211,자동차 신품 타이어 및 튜브 판매업,47,경상북도,47850,칠곡군,47850320,동명면,4785032030,동명면,4785032030102140000,1,대지,214,,경상북도 칠곡군 동명면 금암리 214,478502018002,경상북도 칠곡군 동명면 경북대로,252,,4785032030102140000014582,,경상북도 칠곡군 동명면 경북대로 252,718922,39857,,,,128.556814291164,35.9833582105796
MA010120220810709728,한성타이어,,G2,소매,G202,자동차 부품 소매,G20201,타이어 소매업,G45211,자동차 신품 타이어 및 튜브 판매업,26,부산광역시,26440,강서구,26440550,가락동,2644010800,봉림동,2644010800100580001,1,대지,58,1,부산광역시 강서구 봉림동 58-1,264404208022,부산광역시 강서구 가락대로1265번길,14,,2644010800100580001006945,외,부산광역시 강서구 가락대로1265번길 14,618350,46708,,,,128.900583908373,35.1780151643346
MA010120220810777129,동아중고타이어,,G2,소매,G202,자동차 부품 소매,G20201,타이어 소매업,G45220,자동차 중고 부품 및 내장품 판매업,48,경상남도,48250,김해시,48250580,활천동,4825011700,삼정동,4825011700106100007,1,대지,610,7,경상남도 김해시 삼정동 610-7,482504805192,경상남도 김해시 김해대로2453번길,6,,4825011700106100007052128,,경상남도 김해시 김해대로2453번길 6,621913,50934,,,,128.895418923135,35.2282922108515
MA010120220810782881,휠마스터,,G2,소매,G202,자동차 부품 소매,G20201,타이어 소매업,G45211,자동차 신품 타이어 및 튜브 판매업,26,부산광역시,26290,남구,26290620,감만1동,2629011100,감만동,2629011100102390052,1,대지,239,52,부산광역시 남구 감만동 239-52,262903131019,부산광역시 남구 신선로,197,,2629011100102390052000001,,부산광역시 남구 신선로 197,608803,48553,,,,129.085995040098,35.1107822826047
MA010120220810831116,동부타이어,,G2,소매,G202,자동차 부품 소매,G20201,타이어 소매업,G45211,자동차 신품 타이어 및 튜브 판매업,48,경상남도,48127,창원시 마산회원구,48127580,합성1동,4812710600,합성동,4812710600103790008,1,대지,379,8,경상남도 창원시 마산회원구 합성동 379-8,481273330032,경상남도 창원시 마산회원구 금강로,151,,4812710600103790008088647,,경상남도 창원시 마산회원구 금강로 151,630521,51208,,,,128.58431659604,35.2456437523274
MA010120220810833384,매일타이어,,G2,소매,G202,자동차 부품 소매,G20201,타이어 소매업,G45211,자동차 신품 타이어 및 튜브 판매업,48,경상남도,48730,함안군,48730320,군북면,4873032030,군북면,4873032030106850011,1,대지,685,11,경상남도 함안군 군북면 장지리 685-11,487303340034,경상남도 함안군 군북면 장백로,334,,4873032030106850011053926,,경상남도 함안군 군북면 장백로 334,637824,52062,,,,128.338127290274,35.2949145830301
MA0101202411A0002460,타이어테크,문래점,G2,소매,G202,자동차 부품 소매,G20201,타이어 소매업,G45211,자동차 신품 타이어 및 튜브 판매업,11,서울특별시,11560,영등포구,11560605,문래동,1156012100,문래동3가,1156012100100030001,1,대지,3,1,서울특별시 영등포구 문래동3가 3-1,115603000028,서울특별시 영등포구 경인로,795,,1156012100100030001023744,,서울특별시 영등포구 경인로 795,150834,07300,,1,,126.901535921463,37.5149055193181
MA0101202411A0009943,스피드메이트동화점,,G2,소매,G202,자동차 부품 소매,G20201,타이어 소매업,G45211,자동차 신품 타이어 및 튜브 판매업,41,경기도,41590,화성시,41590253,봉담읍,4159025324,봉담읍,4159025324100020010,1,대지,2,10,경기도 화성시 봉담읍 동화리 2-10,415904431440,경기도 화성시 봉담읍 효행로184번길,3,,4159025324100020010027409,,경기도 화성시 봉담읍 효행로184번길 3,445893,18298,,1,,126.968966284096,37.2305608049779
MA0101202411A0001719,타이어리페어,,G2,소매,G202,자동차 부품 소매,G20201,타이어 소매업,G45211,자동차 신품 타이어 및 튜브 판매업,27,대구광역시,27230,북구,27230790,노원동,2723010700,노원동1가,2723010700100300006,1,대지,30,6,대구광역시 북구 노원동1가 30-6,272303145036,대구광역시 북구 오봉로,54,1,2723010700100300006000001,,대구광역시 북구 오봉로 54-1,702810,41552,,,,128.577736551134,35.892520684074
MA0101202411A0026091,혜성타이어,양곡점,G2,소매,G202,자동차 부품 소매,G20201,타이어 소매업,G45211,자동차 신품 타이어 및 튜브 판매업,41,경기도,41570,김포시,41570256,양촌읍,4157025621,양촌읍,4157025621100760002,1,대지,76,2,경기도 김포시 양촌읍 양곡리 76-2,415703351036,경기도 김포시 양촌읍 양곡우회로,27,,4157025621100760002000001,,경기도 김포시 양촌읍 양곡우회로 27,415845,10056,,,,126.635950132205,37.665832546512
MA0101202411A0029442,스테이블타이어,,G2,소매,G202,자동차 부품 소매,G20201,타이어 소매업,G45211,자동차 신품 타이어 및 튜브 판매업,41,경기도,41610,광주시,41610550,탄벌동,4161010500,탄벌동,4161010500102570000,1,대지,257,,경기도 광주시 탄벌동 257,416103211037,경기도 광주시 이배재로,96,,4161010500102570000005293,,경기도 광주시 이배재로 96,464100,12746,,,,127.243115289949,37.4252712594326
MA0101202411A0029458,기성타이어,,G2,소매,G202,자동차 부품 소매,G20201,타이어 소매업,G45211,자동차 신품 타이어 및 튜브 판매업,47,경상북도,47830,고령군,47830330,성산면,4783033036,성산면,4783033036101150005,1,대지,115,5,경상북도 고령군 성산면 득성리 115-5,478303000059,경상북도 고령군 성산면 성산로,1041,,4783033036101150005030516,,경상북도 고령군 성산면 성산로 1041,717811,40116,,,,128.375158242819,35.7521298105303
MA0101202411A0030044,이엠모터스,,G2,소매,G202,자동차 부품 소매,G20201,타이어 소매업,G45211,자동차 신품 타이어 및 튜브 판매업,47,경상북도,47130,경주시,47130630,동천동,4713012600,동천동,4713012600107330228,1,대지,733,228,경상북도 경주시 동천동 733-228,471304715819,경상북도 경주시 양정로218번길,4,,4713012600107330228037393,,경상북도 경주시 양정로218번길 4,780934,38107,,,,129.224400639079,35.8520879401323
MA0101202411A0031783,천일타이어,,G2,소매,G202,자동차 부품 소매,G20201,타이어 소매업,G45211,자동차 신품 타이어 및 튜브 판매업,48,경상남도,48310,거제시,48310370,연초면,4831037022,연초면,4831037022108680000,1,대지,868,,경상남도 거제시 연초면 오비리 868,483104811454,경상남도 거제시 연초면 오비4길,10,,4831037022108680000000001,,경상남도 거제시 연초면 오비4길 10,656813,53207,,,,128.619705163302,34.9191847893404
MA0101202411A0038817,가나타이어,,G2,소매,G202,자동차 부품 소매,G20201,타이어 소매업,G45211,자동차 신품 타이어 및 튜브 판매업,41,경기도,41630,양주시,41630310,은현면,4163031026,은현면,4163031026100340005,1,대지,34,5,경기도 양주시 은현면 도하리 34-5,416303212008,경기도 양주시 은현면 그루고개로,581,,4163031026100340005000001,,경기도 양주시 은현면 그루고개로 581,482861,11431,,,,127.012920700318,37.8607139376314
MA0101202411A0064101,원배터리,,G2,소매,G202,자동차 부품 소매,G20201,타이어 소매업,G45211,자동차 신품 타이어 및 튜브 판매업,29,광주광역시,29200,광산구,29200640,하남동,2920012400,흑석동,2920012400101180011,1,대지,118,11,광주광역시 광산구 흑석동 118-11,292003163001,광주광역시 광산구 고봉로,2,,2920012400101180011045473,,광주광역시 광산구 고봉로 2,506250,62233,,,,126.806592396932,35.1804000746148
MA0101202411A0095531,워킹타이어북,고양점,G2,소매,G202,자동차 부품 소매,G20201,타이어 소매업,G45211,자동차 신품 타이어 및 튜브 판매업,41,경기도,41480,파주시,41480262,조리읍,4148026227,조리읍,4148026227105780001,1,대지,578,1,경기도 파주시 조리읍 대원리 578-1,414803206111,경기도 파주시 조리읍 대원로,147,,4148026227105780001028831,,경기도 파주시 조리읍 대원로 147,413822,10942,,1,,126.808634594295,37.7323796405608
MA0101202411A0109835,타이어테크,주안점,G2,소매,G202,자동차 부품 소매,G20201,타이어 소매업,G45211,자동차 신품 타이어 및 튜브 판매업,28,인천광역시,28177,미추홀구,28177690,주안8동,2817710500,주안동,2817710500115050012,1,대지,1505,12,인천광역시 미추홀구 주안동 1505-12,281774253555,인천광역시 미추홀구 인주대로434번길,3,,2817010600115050012131334,우디빌딩,인천광역시 미추홀구 인주대로434번길 3,402858,22228,,,,126.685105341366,37.4507897008039
MA0101202411A0082200,영주중고타이어,,G2,소매,G202,자동차 부품 소매,G20201,타이어 소매업,G45211,자동차 신품 타이어 및 튜브 판매업,47,경상북도,47210,영주시,47210510,상망동,4721010200,상망동,4721010200104630001,1,대지,463,1,경상북도 영주시 상망동 463-1,472103309052,경상북도 영주시 원당로,385,,4721010200104630001001693,,경상북도 영주시 원당로 385,750904,36065,,,,128.647313406994,36.8376617512708
MA0101202411A0102943,타이어트랙,수원점,G2,소매,G202,자동차 부품 소매,G20201,타이어 소매업,G45211,자동차 신품 타이어 및 튜브 판매업,41,경기도,41115,수원시 팔달구,41115660,매산동,4111513600,매산로3가,4111513600100590001,1,대지,59,1,경기도 수원시 팔달구 매산로3가 59-1,411153176007,경기도 수원시 팔달구 매산로,74,,4111513600100590001014629,,경기도 수원시 팔달구 매산로 74,442851,16464,,,,127.009481761192,37.2694445531089
MA0101202411A0058513,타이어골드충주점,,G2,소매,G202,자동차 부품 소매,G20201,타이어 소매업,G45211,자동차 신품 타이어 및 튜브 판매업,43,충청북도,43130,충주시,43130335,대소원면,4313033524,대소원면,4313033524102320012,1,대지,232,12,충청북도 충주시 대소원면 만정리 232-12,431302246001,충청북도 충주시 대소원면 중원대로,3914,,4313033524102320012000002,석정빌딩,충청북도 충주시 대소원면 중원대로 3914,380873,27470,,,,127.873035373433,36.962819907933
MA0101202411A0125945,화인상사,,G2,소매,G202,자동차 부품 소매,G20201,타이어 소매업,G45211,자동차 신품 타이어 및 튜브 판매업,48,경상남도,48125,창원시 마산합포구,48125630,오동동,4812512600,신포동2가,4812512600100910001,1,대지,91,1,경상남도 창원시 마산합포구 신포동2가 91-1,481254787153,경상남도 창원시 마산합포구 동서동2길,20,,4812512600100910001011625,현대공업,경상남도 창원시 마산합포구 동서동2길 20,631860,51719,,,,128.572269912935,35.2009193565874
MA0101202411A0097508,한국타이어,청북대리점,G2,소매,G202,자동차 부품 소매,G20201,타이어 소매업,G45211,자동차 신품 타이어 및 튜브 판매업,43,충청북도,43114,청주시 청원구,43114520,내덕1동,4311410200,내덕동,4311410200107030015,1,대지,703,15,충청북도 청주시 청원구 내덕동 703-15,431143236001,충청북도 청주시 청원구 1순환로,308,,4311111400107030015039700,,충청북도 청주시 청원구 1순환로 308,363806,28344,,,,127.479596131678,36.6602181586085
MA0101202411A0118018,타이어프로남광주점,,G2,소매,G202,자동차 부품 소매,G20201,타이어 소매업,G45211,자동차 신품 타이어 및 튜브 판매업,29,광주광역시,29155,남구,29155680,백운2동,2915510500,백운동,2915510500105900002,1,대지,590,2,광주광역시 남구 백운동 590-2,291553161006,광주광역시 남구 백운로,19,,2915510500105900002029661,,광주광역시 남구 백운로 19,503809,61658,,,,126.908753049932,35.1356324142035
MA0101202411A0057646,양산타이어,,G2,소매,G202,자동차 부품 소매,G20201,타이어 소매업,G45211,자동차 신품 타이어 및 튜브 판매업,48,경상남도,48330,양산시,48330253,물금읍,4833025324,물금읍,4833025324127690002,1,대지,2769,2,경상남도 양산시 물금읍 범어리 2769-2,483303338104,경상남도 양산시 물금읍 부산대학로,106,,4833025324127690002000001,,경상남도 양산시 물금읍 부산대학로 106,626815,50652,,,,129.008358149089,35.3187669421777
MA0101202411A0042625,대한상사,,G2,소매,G202,자동차 부품 소매,G20201,타이어 소매업,G45211,자동차 신품 타이어 및 튜브 판매업,26,부산광역시,26440,강서구,26440560,녹산동,2644011600,범방동,2644011600118980004,1,대지,1898,4,부산광역시 강서구 범방동 1898-4,264403350886,부산광역시 강서구 범방1로,10,,2644011600118980004000001,,부산광역시 강서구 범방1로 10,618210,46727,,2,,128.87900750563,35.1480807893535
MA0101202411A0124037,일조타이어,,G2,소매,G202,자동차 부품 소매,G20201,타이어 소매업,G45211,자동차 신품 타이어 및 튜브 판매업,41,경기도,41590,화성시,41590360,팔탄면,4159036035,팔탄면,4159036035101000001,1,대지,100,1,경기도 화성시 팔탄면 매곡리 100-1,415903210002,경기도 화성시 팔탄면 31만세로,877,10,4159036035101000001000001,,경기도 화성시 팔탄면 31만세로 877-10,445947,18534,,,,126.889078096826,37.1185207569346
MA0101202411A0068165,현대중고타이어,,G2,소매,G202,자동차 부품 소매,G20201,타이어 소매업,G45211,자동차 신품 타이어 및 튜브 판매업,44,충청남도,44230,논산시,44230510,취암동,4423010800,덕지동,4423010800102840000,1,대지,284,,충청남도 논산시 덕지동 284,442303000095,충청남도 논산시 계백로,1117,,4423010800102840000040800,,충청남도 논산시 계백로 1117,320803,32971,,,,127.098871577293,36.2094053668385
MA0101202411A0134662,타이어마스터,본점,G2,소매,G202,자동차 부품 소매,G20201,타이어 소매업,G45211,자동차 신품 타이어 및 튜브 판매업,48,경상남도,48170,진주시,48170678,하대동,4817012000,하대동,4817012000101230002,1,대지,123,2,경상남도 진주시 하대동 123-2,481704796214,경상남도 진주시 남강로1425번길,3,,4817012000101230002012283,,경상남도 진주시 남강로1425번길 3,660995,52778,,,,128.128326066156,35.1879440667941
MA0101202411A0176086,빅스타타이어양산태양타이어,,G2,소매,G202,자동차 부품 소매,G20201,타이어 소매업,G45211,자동차 신품 타이어 및 튜브 판매업,48,경상남도,48330,양산시,48330540,서창동,4833011300,용당동,4833011300100610000,1,대지,61,,경상남도 양산시 용당동 61,483304814695,경상남도 양산시 웅비공단길,10,,4833011300100610000034292,,경상남도 양산시 웅비공단길 10,626290,50524,,,,129.191330825929,35.4342640928394
MA0101202411A0189932,한익스프레스풀필먼트솔루션,,G2,소매,G202,자동차 부품 소매,G20201,타이어 소매업,G45211,자동차 신품 타이어 및 튜브 판매업,41,경기도,41500,이천시,41500253,부발읍,4150025324,부발읍,4150025324103130000,1,대지,313,,경기도 이천시 부발읍 고백리 313,415004421741,경기도 이천시 부발읍 중부대로2051번길,101,,4150025324103150007000001,,경기도 이천시 부발읍 중부대로2051번길 101,467862,17317,,,,127.529651856348,37.2959938100929
MA010120220812100954,밧데리119,,G2,소매,G202,자동차 부품 소매,G20201,타이어 소매업,G45220,자동차 중고 부품 및 내장품 판매업,44,충청남도,44133,천안시 서북구,44133590,부성2동,4413310500,성성동,4413310500104860000,1,대지,486,,충청남도 천안시 서북구 성성동 486,441334550261,충청남도 천안시 서북구 사라리길,23,8,4413310500104860000040409,,충청남도 천안시 서북구 사라리길 23-8,331300,31074,,,,127.11836725628,36.84803505259
MA010120220812103849,선인타이어,,G2,소매,G202,자동차 부품 소매,G20201,타이어 소매업,G45211,자동차 신품 타이어 및 튜브 판매업,28,인천광역시,28177,미추홀구,28177690,주안8동,2817710500,주안동,2817710500115740009,1,대지,1574,9,인천광역시 미추홀구 주안동 1574-9,281772008007,인천광역시 미추홀구 경원대로,730,,2817010600115740009187040,,인천광역시 미추홀구 경원대로 730,402860,22240,,1,,126.690271364983,37.4477489269931
MA010120220812125079,금호타이어신성,대리점,G2,소매,G202,자동차 부품 소매,G20201,타이어 소매업,G45211,자동차 신품 타이어 및 튜브 판매업,48,경상남도,48880,거창군,48880250,거창읍,4888025023,거창읍,4888025023101620004,1,대지,162,4,경상남도 거창군 거창읍 대동리 162-4,488803347003,경상남도 거창군 거창읍 거열로,236,,4888025023101620004020931,,경상남도 거창군 거창읍 거열로 236,670803,50134,,,,127.918605942123,35.6928737403676
MA010120220812083234,대상상사,,G2,소매,G202,자동차 부품 소매,G20201,타이어 소매업,G45211,자동차 신품 타이어 및 튜브 판매업,52,전북특별자치도,52130,군산시,52130703,나운3동,5213014500,미룡동,5213014500106410000,1,대지,641,,전북특별자치도 군산시 미룡동 641,521304604072,전북특별자치도 군산시 관여길,28,,4513014500106410000000001,,전북특별자치도 군산시 관여길 28,573353,54150,,,,126.681159472173,35.9528144380824
MA010120220812147676,달려라타이어,,G2,소매,G202,자동차 부품 소매,G20201,타이어 소매업,G45220,자동차 중고 부품 및 내장품 판매업,41,경기도,41630,양주시,41630540,회천2동,4163011700,회정동,4163011700104900000,1,대지,490,,경기도 양주시 회정동 490,416303215066,경기도 양주시 평화로,1844,,4163011700104900000000001,,경기도 양주시 평화로 1844,482170,11433,,,,127.054745966266,37.8538546899609
MA010120220812139989,천하타이어,,G2,소매,G202,자동차 부품 소매,G20201,타이어 소매업,G45220,자동차 중고 부품 및 내장품 판매업,41,경기도,41820,가평군,41820345,조종면,4182034521,조종면,4182034521103120001,1,대지,312,1,경기도 가평군 조종면 현리 312-1,418203213060,경기도 가평군 조종면 청군로,1311,,4182034021103120001017302,,경기도 가평군 조종면 청군로 1311,477834,12438,,,,127.344718340659,37.8208835912264
MA010120220812131458,타이어맥스,,G2,소매,G202,자동차 부품 소매,G20201,타이어 소매업,G45211,자동차 신품 타이어 및 튜브 판매업,41,경기도,41390,시흥시,41390531,신현동,4139010500,미산동,4139010500101630027,1,대지,163,27,경기도 시흥시 미산동 163-27,413902348121,경기도 시흥시 시흥대로,1033,33,4139010500101630027000001,,경기도 시흥시 시흥대로 1033-33,429822,14956,,,,126.788984427634,37.4282341870428
MA010120220812209157,관설타이어,,G2,소매,G202,자동차 부품 소매,G20201,타이어 소매업,G45211,자동차 신품 타이어 및 튜브 판매업,51,강원특별자치도,51130,원주시,51130675,반곡관설동,5113011600,관설동,5113011600107160004,1,대지,716,4,강원특별자치도 원주시 관설동 716-4,511303219054,강원특별자치도 원주시 치악로,1257,,4213011600107180001034917,,강원특별자치도 원주시 치악로 1257,220934,26505,,,,127.981867675534,37.3010980067804
MA010120220812172492,송추베터리,,G2,소매,G202,자동차 부품 소매,G20201,타이어 소매업,G45220,자동차 중고 부품 및 내장품 판매업,41,경기도,41630,양주시,41630340,장흥면,4163034023,장흥면,4163034023104040000,1,대지,404,,경기도 양주시 장흥면 부곡리 404,416303212001,경기도 양주시 장흥면 가마골로,85,,4163034023104040000048515,,경기도 양주시 장흥면 가마골로 85,482812,11521,,,,126.976587596671,37.7258744659628
MA010120220812201772,한국타이어물금점더발통,,G2,소매,G202,자동차 부품 소매,G20201,타이어 소매업,G45211,자동차 신품 타이어 및 튜브 판매업,48,경상남도,48330,양산시,48330253,물금읍,4833025321,물금읍,4833025321104040002,1,대지,404,2,경상남도 양산시 물금읍 물금리 404-2,483304814850,경상남도 양산시 물금읍 학산2길,1,,4833025321104040002012638,,경상남도 양산시 물금읍 학산2길 1,626812,50603,,,,128.988222007694,35.3127467043286
MA010120220812170530,해미대형타이어,,G2,소매,G202,자동차 부품 소매,G20201,타이어 소매업,G45211,자동차 신품 타이어 및 튜브 판매업,44,충청남도,44210,서산시,44210390,해미면,4421039042,해미면,4421039042102790001,1,대지,279,1,충청남도 서산시 해미면 조산리 279-1,442103254220,충청남도 서산시 해미면 중앙로,1150,,4421039042102790001000001,,충청남도 서산시 해미면 중앙로 1150,356823,31959,,,,126.5380873087,36.7106877887813
MA010120220812202678,타이어프로,상현점,G2,소매,G202,자동차 부품 소매,G20201,타이어 소매업,G45211,자동차 신품 타이어 및 튜브 판매업,41,경기도,41465,용인시 수지구,41465570,상현1동,4146510700,상현동,4146510700101070001,1,대지,107,1,경기도 용인시 수지구 상현동 107-1,414653205012,경기도 용인시 수지구 수지로,78,,4146510700101070001026664,,경기도 용인시 수지구 수지로 78,448822,16858,,,,127.076887406531,37.3099216253801
MA010120220812187073,한국타이어,신림점,G2,소매,G202,자동차 부품 소매,G20201,타이어 소매업,G45211,자동차 신품 타이어 및 튜브 판매업,11,서울특별시,11620,관악구,11620765,미성동,1162010200,신림동,1162010200115650012,1,대지,1565,12,서울특별시 관악구 신림동 1565-12,116203117009,서울특별시 관악구 문성로,107,,1162010200115650012003728,,서울특별시 관악구 문성로 107,151899,08772,,,,126.915625989425,37.4779841717953
MA010120220812217475,서수원타이어,,G2,소매,G202,자동차 부품 소매,G20201,타이어 소매업,G45211,자동차 신품 타이어 및 튜브 판매업,41,경기도,41113,수원시 권선구,41113650,구운동,4111313200,구운동,4111313200102170006,1,대지,217,6,경기도 수원시 권선구 구운동 217-6,411133000064,경기도 수원시 권선구 수인로,317,,4111313200102170006022069,,경기도 수원시 권선구 수인로 317,441816,16404,,,,126.96867352914,37.2844521172845
MA010120220812248643,아하대형타이어,,G2,소매,G202,자동차 부품 소매,G20201,타이어 소매업,G45211,자동차 신품 타이어 및 튜브 판매업,31,울산광역시,31710,울주군,31710265,삼남읍,3171026522,삼남읍,3171026522108750000,1,대지,875,,울산광역시 울주군 삼남읍 상천리 875,317103173003,울산광역시 울주군 삼남읍 강당로,58,,3171039022108750000008350,,울산광역시 울주군 삼남읍 강당로 58,689814,44953,,,,129.096295460765,35.5209992756441
MA010120220812233047,오토케어,,G2,소매,G202,자동차 부품 소매,G20201,타이어 소매업,G45211,자동차 신품 타이어 및 튜브 판매업,46,전라남도,46130,여수시,46130730,미평동,4613012200,미평동,4613012200106060006,1,대지,606,6,전라남도 여수시 미평동 606-6,461303282069,전라남도 여수시 좌수영로,422,,4613012200105710003059410,,전라남도 여수시 좌수영로 422,550240,59697,,,,127.703003507325,34.7668163132582
MA010120220812227550,타이어월드고색점,,G2,소매,G202,자동차 부품 소매,G20201,타이어 소매업,G45211,자동차 신품 타이어 및 튜브 판매업,41,경기도,41113,수원시 권선구,41113550,평동,4111312800,고색동,4111312800101460008,1,대지,146,8,경기도 수원시 권선구 고색동 146-8,411133012003,경기도 수원시 권선구 매송고색로,750,1,4111312800101460008035581,,경기도 수원시 권선구 매송고색로 750-1,441805,16649,,,,126.986428743219,37.2521261151068
MA010120220812249328,777타이어공단점,,G2,소매,G202,자동차 부품 소매,G20201,타이어 소매업,G45211,자동차 신품 타이어 및 튜브 판매업,52,전북특별자치도,52113,전주시 덕진구,52113600,팔복동,5211310900,팔복동2가,5211310900104640001,1,대지,464,1,전북특별자치도 전주시 덕진구 팔복동2가 464-1,521133267070,전북특별자치도 전주시 덕진구 팔과정로,78,,4511310900104640001011363,,전북특별자치도 전주시 덕진구 팔과정로 78,561844,54881,,,,127.089916046443,35.8547879901519
MA010120220812241165,타이어day,,G2,소매,G202,자동차 부품 소매,G20201,타이어 소매업,G45211,자동차 신품 타이어 및 튜브 판매업,11,서울특별시,11320,도봉구,11320690,방학1동,1132010600,방학동,1132010600106730012,1,대지,673,12,서울특별시 도봉구 방학동 673-12,113203005048,서울특별시 도봉구 방학로,123,,1132010600106730012003724,,서울특별시 도봉구 방학로 123,132849,01390,,,,127.038500217602,37.6626670137313
MA0101202305A0175492,부강타이어,,G2,소매,G202,자동차 부품 소매,G20201,타이어 소매업,G45211,자동차 신품 타이어 및 튜브 판매업,36,세종특별자치시,36110,세종특별자치시,36110330,부강면,3611033025,부강면,3611033025110910005,1,대지,1091,5,세종특별자치시 세종특별자치시 부강면 문곡리 1091-5,361103240036,세종특별자치시 세종특별자치시 부강면 부강외천로,70,,4371038026010800000029414,외,세종특별자치시 세종특별자치시 부강면 부강외천로 70,339944,30073,,,,127.37486250179,36.5264233251402
MA0101202305A0098160,지디엘레이싱,,G2,소매,G202,자동차 부품 소매,G20201,타이어 소매업,G45211,자동차 신품 타이어 및 튜브 판매업,48,경상남도,48250,김해시,48250360,상동면,4825036022,상동면,4825036022109820007,1,대지,982,7,경상남도 김해시 상동면 매리 982-7,482504805328,경상남도 김해시 상동면 동북로473번길,269,,4825036022109820007041336,,경상남도 김해시 상동면 동북로473번길 269,621813,50804,,2,,128.946108122526,35.300554428235
MA0101202305A0164582,한국타이어T스테이션청전점,,G2,소매,G202,자동차 부품 소매,G20201,타이어 소매업,G45211,자동차 신품 타이어 및 튜브 판매업,43,충청북도,43150,제천시,43150590,청전동,4315011300,청전동,4315011300103040000,1,대지,304,,충청북도 제천시 청전동 304,431502239002,충청북도 제천시 의림대로,293,,4315011300100410003021007,,충청북도 제천시 의림대로 293,390899,27154,,,,128.213109757909,37.153271849446
MA0101202305A0187025,타이어테크,교하점,G2,소매,G202,자동차 부품 소매,G20201,타이어 소매업,G45211,자동차 신품 타이어 및 튜브 판매업,41,경기도,41480,파주시,41480540,교하동,4148012000,신촌동,4148012000100120005,1,대지,12,5,경기도 파주시 신촌동 12-5,414803206081,경기도 파주시 지목로,161,,4148025934100120005002842,,경기도 파주시 지목로 161,413070,10880,,,,126.706931693874,37.7300804240261
MA0101202305A0107273,강신용타이어,,G2,소매,G202,자동차 부품 소매,G20201,타이어 소매업,G45211,자동차 신품 타이어 및 튜브 판매업,41,경기도,41570,김포시,41570256,양촌읍,4157025621,양촌읍,4157025621103590018,1,대지,359,18,경기도 김포시 양촌읍 양곡리 359-18,415703351036,경기도 김포시 양촌읍 양곡우회로,166,,4157025621103590018000001,,경기도 김포시 양촌읍 양곡우회로 166,415845,10057,,,,126.621148741075,37.6612089762014
MA0101202306A0002360,올디스타이어,,G2,소매,G202,자동차 부품 소매,G20201,타이어 소매업,G45211,자동차 신품 타이어 및 튜브 판매업,11,서울특별시,11230,동대문구,11230610,답십리2동,1123010500,답십리동,1123010500107340000,1,대지,734,,서울특별시 동대문구 답십리동 734,112303005038,서울특별시 동대문구 한천로,119,,1123010500107340000019659,,서울특별시 동대문구 한천로 119,130808,02610,,1,,127.065439777503,37.571754460986
MA0101202305A0124125,엠디타이어,,G2,소매,G202,자동차 부품 소매,G20201,타이어 소매업,G45211,자동차 신품 타이어 및 튜브 판매업,31,울산광역시,31200,북구,31200580,양정동,3120012400,양정동,3120012400100600011,1,대지,60,11,울산광역시 북구 양정동 60-11,312003169028,울산광역시 북구 염포로,427,,3120012400100600011000169,,울산광역시 북구 염포로 427,683380,44257,,,,129.381699733118,35.553164771117
MA0101202305A0111476,타이어프랜드,,G2,소매,G202,자동차 부품 소매,G20201,타이어 소매업,G45211,자동차 신품 타이어 및 튜브 판매업,41,경기도,41461,용인시 처인구,41461350,백암면,4146135021,백암면,4146135021102520005,1,대지,252,5,경기도 용인시 처인구 백암면 백암리 252-5,414612012010,경기도 용인시 처인구 백암면 죽양대로,1172,,4146135021102520005221029,,경기도 용인시 처인구 백암면 죽양대로 1172,449862,17178,,,,127.377687443147,37.1692411023238
MA0101202305A0165092,미희타이어,,G2,소매,G202,자동차 부품 소매,G20201,타이어 소매업,G45211,자동차 신품 타이어 및 튜브 판매업,41,경기도,41480,파주시,41480262,조리읍,4148026225,조리읍,4148026225100220020,1,대지,22,20,경기도 파주시 조리읍 오산리 22-20,414803206102,경기도 파주시 조리읍 홀작로,211,,4148026225100220020000001,일부,경기도 파주시 조리읍 홀작로 211,413821,10948,,1,,126.836398324697,37.7818754557696
MA0101202305A0130230,신한모터스,,G2,소매,G202,자동차 부품 소매,G20201,타이어 소매업,G45211,자동차 신품 타이어 및 튜브 판매업,27,대구광역시,27110,중구,27110660,남산3동,2711015600,남산동,2711015600121150008,1,대지,2115,8,대구광역시 중구 남산동 2115-8,271104223090,대구광역시 중구 명덕로35길,23,,2711015600121150008022772,,대구광역시 중구 명덕로35길 23,700804,41972,,,,128.588143377066,35.8579688327644
MA0101202305A0196298,정관진타이어,,G2,소매,G202,자동차 부품 소매,G20201,타이어 소매업,G45211,자동차 신품 타이어 및 튜브 판매업,26,부산광역시,26320,북구,26320542,화명2동,2632010200,화명동,2632010200101820002,1,대지,182,2,부산광역시 북구 화명동 182-2,263202132001,부산광역시 북구 금곡대로,420,,2632010200101820002002196,,부산광역시 북구 금곡대로 420,616833,46511,,,,129.013114443365,35.2457934100915
MA0101202306A0106948,타이어테크울산,중앙점,G2,소매,G202,자동차 부품 소매,G20201,타이어 소매업,G45211,자동차 신품 타이어 및 튜브 판매업,31,울산광역시,31110,중구,31110620,병영1동,3111011500,남외동,3111011500100200000,1,대지,20,,울산광역시 중구 남외동 20,311104307032,울산광역시 중구 곽남7길,50,,3111011500100200000007316,,울산광역시 중구 곽남7길 50,681800,44490,,,,129.33941477249,35.5743929208713
MA0101202306A0036369,우원기업,,G2,소매,G202,자동차 부품 소매,G20201,타이어 소매업,G45212,자동차용 전용 신품 부품 판매업,41,경기도,41465,용인시 수지구,41465540,죽전1동,4146510200,죽전동,4146510200111910005,1,대지,1191,5,경기도 용인시 수지구 죽전동 1191-5,414653205022,경기도 용인시 수지구 현암로,148,,4146510200111910005027759,죽전스카이프라자,경기도 용인시 수지구 현암로 148,448808,16880,,,,127.125790205451,37.3315225604384
MA0101202306A0107585,신성,,G2,소매,G202,자동차 부품 소매,G20201,타이어 소매업,G45211,자동차 신품 타이어 및 튜브 판매업,41,경기도,41630,양주시,41630520,양주2동,4163010600,광사동,4163010600104510002,1,대지,451,2,경기도 양주시 광사동 451-2,416303212045,경기도 양주시 원학로,212,,4163010600104510002000001,외,경기도 양주시 원학로 212,482030,11489,,,,127.069764751392,37.7784366031398
MA0101202306A0030843,대한밧데리,,G2,소매,G202,자동차 부품 소매,G20201,타이어 소매업,G45211,자동차 신품 타이어 및 튜브 판매업,51,강원특별자치도,51770,정선군,51770320,남면,5177032021,남면,5177032021100310000,1,대지,31,,강원특별자치도 정선군 남면 문곡리 31,517703229012,강원특별자치도 정선군 남면 문은단로,137,,4277032021100310000008060,,강원특별자치도 정선군 남면 문은단로 137,233835,26145,,,,128.749138333881,37.2665767402586
MA0101202307A0013946,타이어트랙,당진점,G2,소매,G202,자동차 부품 소매,G20201,타이어 소매업,G45211,자동차 신품 타이어 및 튜브 판매업,44,충청남도,44270,당진시,44270510,당진1동,4427010600,수청동,4427010600107570007,1,대지,757,7,충청남도 당진시 수청동 757-7,442703265118,충청남도 당진시 남부로,288,,4427010600107570007000001,,충청남도 당진시 남부로 288,343050,31817,,,,126.648591487606,36.8863668589794
MA0101202306A0050066,도청타이어,,G2,소매,G202,자동차 부품 소매,G20201,타이어 소매업,G45211,자동차 신품 타이어 및 튜브 판매업,47,경상북도,47170,안동시,47170340,풍천면,4717034021,풍천면,4717034021112880000,1,대지,1288,,경상북도 안동시 풍천면 갈전리 1288,471703351093,경상북도 안동시 풍천면 검무로,10,16,4717034021112880000000001,파라다이스빌딩,경상북도 안동시 풍천면 검무로 10-16,760811,36759,,,,128.494241678145,36.5755632064091
MA0101202306A0094070,타이어명가,,G2,소매,G202,자동차 부품 소매,G20201,타이어 소매업,G45211,자동차 신품 타이어 및 튜브 판매업,26,부산광역시,26530,사상구,26530645,감전동,2653010500,감전동,2653010500101730009,1,대지,173,9,부산광역시 사상구 감전동 173-9,265302006002,부산광역시 사상구 낙동대로,952,,2653010500101730009003942,,부산광역시 사상구 낙동대로 952,617804,47028,,,,128.970141855498,35.1453801299133
MA0101202306A0034817,유제욱타이어,,G2,소매,G202,자동차 부품 소매,G20201,타이어 소매업,G45211,자동차 신품 타이어 및 튜브 판매업,44,충청남도,44133,천안시 서북구,44133250,성환읍,4413325021,성환읍,4413325021102500004,1,대지,250,4,충청남도 천안시 서북구 성환읍 성환리 250-4,441333250033,충청남도 천안시 서북구 성환읍 성환2로,167,,4413325021102500004036558,,충청남도 천안시 서북구 성환읍 성환2로 167,331805,31013,,,,127.134227333081,36.9219714134597
MA0101202306A0053637,랠리오토서비스,,G2,소매,G202,자동차 부품 소매,G20201,타이어 소매업,G45211,자동차 신품 타이어 및 튜브 판매업,41,경기도,41135,성남시 분당구,41135545,정자동,4113510300,정자동,4113510300100310001,1,대지,31,1,경기도 성남시 분당구 정자동 31-1,411354340033,경기도 성남시 분당구 내정로129번길,28,,4113510300100310001047035,,경기도 성남시 분당구 내정로129번길 28,463848,13609,,,,127.113949608074,37.3736486131651
MA0101202306A0050232,한국타이어석현점,,G2,소매,G202,자동차 부품 소매,G20201,타이어 소매업,G45211,자동차 신품 타이어 및 튜브 판매업,46,전라남도,46110,목포시,46110757,하당동,4611016000,석현동,4611016000106680027,1,대지,668,27,전라남도 목포시 석현동 668-27,461103281043,전라남도 목포시 석현로,31,,4611016000106680027000001,,전라남도 목포시 석현로 31,530830,58655,,,,126.424308085596,34.8168544384449
MA0101202307A0018693,태현부품,,G2,소매,G202,자동차 부품 소매,G20201,타이어 소매업,G45211,자동차 신품 타이어 및 튜브 판매업,46,전라남도,46880,장성군,46880250,장성읍,4688025026,장성읍,4688025026104780076,1,대지,478,76,전라남도 장성군 장성읍 기산리 478-76,468803299035,전라남도 장성군 장성읍 역전로,136,,4688025026104780076000001,,전라남도 장성군 장성읍 역전로 136,515801,57220,,,,126.781284106652,35.3042649366328
MA0101202306A0021777,그린상사,,G2,소매,G202,자동차 부품 소매,G20201,타이어 소매업,G45211,자동차 신품 타이어 및 튜브 판매업,29,광주광역시,29170,북구,29170695,건국동,2917013600,용전동,2917013600111520018,1,대지,1152,18,광주광역시 북구 용전동 1152-18,291703000077,광주광역시 북구 삼소로,452,49,2917013600111520018000001,,광주광역시 북구 삼소로 452-49,500230,61001,,,,126.884121471895,35.2427914484043
MA0101202308A0002604,스테이블타이어,,G2,소매,G202,자동차 부품 소매,G20201,타이어 소매업,G45211,자동차 신품 타이어 및 튜브 판매업,41,경기도,41610,광주시,41610550,탄벌동,4161010500,탄벌동,4161010500102570000,1,대지,257,,경기도 광주시 탄벌동 257,416103211037,경기도 광주시 이배재로,96,,4161010500102570000005293,,경기도 광주시 이배재로 96,464100,12746,,,,127.243115289949,37.4252712594326
MA0101202308A0030742,타이어체인지,,G2,소매,G202,자동차 부품 소매,G20201,타이어 소매업,G45211,자동차 신품 타이어 및 튜브 판매업,48,경상남도,48330,양산시,48330310,동면,4833031025,동면,4833031025107430003,1,대지,743,3,경상남도 양산시 동면 내송리 743-3,483303338012,경상남도 양산시 동면 내송로,9,,4833031025107430003000001,,경상남도 양산시 동면 내송로 9,626823,50644,,,,129.059129897599,35.3247432994567
MA0101202307A0105131,타이어사자,,G2,소매,G202,자동차 부품 소매,G20201,타이어 소매업,G45211,자동차 신품 타이어 및 튜브 판매업,41,경기도,41550,안성시,41550350,대덕면,4155035027,대덕면,4155035027102640003,1,대지,264,3,경기도 안성시 대덕면 건지리 264-3,415504424495,경기도 안성시 대덕면 외건지안길,2,,4155035027102640003000001,,경기도 안성시 대덕면 외건지안길 2,456831,17545,,,,127.241132101922,37.0127670585173
MA0101202307A0047704,울트라타이어,,G2,소매,G202,자동차 부품 소매,G20201,타이어 소매업,G45211,자동차 신품 타이어 및 튜브 판매업,44,충청남도,44131,천안시 동남구,44131310,풍세면,4413131028,풍세면,4413131028103810000,1,대지,381,,충청남도 천안시 동남구 풍세면 보성리 381,441313249067,충청남도 천안시 동남구 풍세면 풍세로,201,,4413131028103810000062727,삼주화학,충청남도 천안시 동남구 풍세면 풍세로 201,330912,31217,,,,127.12162628836,36.7322746948184
MA0101202307A0065171,예일모터스일산,,G2,소매,G202,자동차 부품 소매,G20201,타이어 소매업,G45211,자동차 신품 타이어 및 튜브 판매업,41,경기도,41281,고양시 덕양구,41281660,화전동,4128112900,화전동,4128112900107280000,1,대지,728,,경기도 고양시 덕양구 화전동 728,412813192094,경기도 고양시 덕양구 중앙로,255,,4128112900107280000000786,,경기도 고양시 덕양구 중앙로 255,412160,10537,,,,126.862952730898,37.6079579672523
MA0101202307A0027193,타이어투어,,G2,소매,G202,자동차 부품 소매,G20201,타이어 소매업,G45211,자동차 신품 타이어 및 튜브 판매업,41,경기도,41220,평택시,41220510,중앙동,4122010100,서정동,4122010100109080002,1,대지,908,2,경기도 평택시 서정동 908-2,412203188047,경기도 평택시 송탄로,202,,4122010100109080002000280,일부,경기도 평택시 송탄로 202,459813,17780,,1,,127.058612869259,37.0618629240303
MA0101202307A0058415,드림,,G2,소매,G202,자동차 부품 소매,G20201,타이어 소매업,G45211,자동차 신품 타이어 및 튜브 판매업,48,경상남도,48820,고성군,48820250,고성읍,4882025022,고성읍,4882025022100380022,1,대지,38,22,경상남도 고성군 고성읍 서외리 38-22,488203342009,경상남도 고성군 고성읍 남포로,172,,4882025022100380022000001,,경상남도 고성군 고성읍 남포로 172,638808,52937,,,,128.320428733389,34.9783176492979
MA0101202308A0020373,모든타이어,,G2,소매,G202,자동차 부품 소매,G20201,타이어 소매업,G45211,자동차 신품 타이어 및 튜브 판매업,47,경상북도,47190,구미시,47190610,비산동,4719011200,비산동,4719011200101030013,1,대지,103,13,경상북도 구미시 비산동 103-13,471904724372,경상북도 구미시 비산로5길,11,,4719011200101030013033893,,경상북도 구미시 비산로5길 11,730100,39259,,,,128.379789957545,36.1205706419648
MA0101202307A0046500,부산오토모빌,,G2,소매,G202,자동차 부품 소매,G20201,타이어 소매업,G45211,자동차 신품 타이어 및 튜브 판매업,26,부산광역시,26410,금정구,26410580,부곡2동,2641010900,부곡동,2641010900102340028,1,대지,234,28,부산광역시 금정구 부곡동 234-28,264102000010,부산광역시 금정구 중앙대로,1682,,2641010900102340028000001,,부산광역시 금정구 중앙대로 1682,609821,46269,,2,,129.092060376235,35.234577381974
MA0101202308A0024612,착한타이어계동,,G2,소매,G202,자동차 부품 소매,G20201,타이어 소매업,G45211,자동차 신품 타이어 및 튜브 판매업,41,경기도,41550,안성시,41550520,안성2동,4155012400,도기동,4155012400102070004,1,대지,207,4,경기도 안성시 도기동 207-4,415502000021,경기도 안성시 안성맞춤대로,897,2,4155012400102070004000001,,경기도 안성시 안성맞춤대로 897-2,456270,17595,,,,127.26927880397,36.993567613437
MA0101202308A0032852,타이어333,,G2,소매,G202,자동차 부품 소매,G20201,타이어 소매업,G45211,자동차 신품 타이어 및 튜브 판매업,41,경기도,41630,양주시,41630520,양주2동,4163010900,고읍동,4163010900101180000,1,대지,118,,경기도 양주시 고읍동 118,416303212026,경기도 양주시 고덕로,333,,4163010900101180000000001,,경기도 양주시 고덕로 333,482020,11480,,2,,127.07736160907,37.8029740492916
MA0101202307A0041178,타이어프로웅상점,,G2,소매,G202,자동차 부품 소매,G20201,타이어 소매업,G45211,자동차 신품 타이어 및 튜브 판매업,48,경상남도,48330,양산시,48330560,평산동,4833011900,평산동,4833011900105660108,1,대지,566,108,경상남도 양산시 평산동 566-108,483303338083,경상남도 양산시 평산북로,67,,4833011900105660108000001,,경상남도 양산시 평산북로 67,626848,50547,,,,129.148472815098,35.3871855712076
MA0101202307A0046788,스테이블튜닝,,G2,소매,G202,자동차 부품 소매,G20201,타이어 소매업,G45211,자동차 신품 타이어 및 튜브 판매업,41,경기도,41610,광주시,41610550,탄벌동,4161010500,탄벌동,4161010500102570000,1,대지,257,,경기도 광주시 탄벌동 257,416103211037,경기도 광주시 이배재로,96,,4161010500102570000005293,,경기도 광주시 이배재로 96,464100,12746,,,,127.243115289949,37.4252712594326
MA0101202308A0067035,하이타이어,,G2,소매,G202,자동차 부품 소매,G20201,타이어 소매업,G45211,자동차 신품 타이어 및 튜브 판매업,48,경상남도,48125,창원시 마산합포구,48125630,오동동,4812512500,신포동1가,4812512500100680008,1,대지,68,8,경상남도 창원시 마산합포구 신포동1가 68-8,481252329003,경상남도 창원시 마산합포구 해안대로,268,,4812512500100680008016756,,경상남도 창원시 마산합포구 해안대로 268,631860,51714,,,,128.571502108766,35.1975406668543
MA0101202309A0019779,대형카타이어,,G2,소매,G202,자동차 부품 소매,G20201,타이어 소매업,G45211,자동차 신품 타이어 및 튜브 판매업,41,경기도,41463,용인시 기흥구,41463540,기흥동,4146310800,고매동,4146310800105460001,1,대지,546,1,경기도 용인시 기흥구 고매동 546-1,414633204006,경기도 용인시 기흥구 공세로,15,,4146310800105460001019342,,경기도 용인시 기흥구 공세로 15,446901,17101,,,,127.102823908336,37.2290695492178
MA0101202309A0022716,타이어프라자,기장점,G2,소매,G202,자동차 부품 소매,G20201,타이어 소매업,G45211,자동차 신품 타이어 및 튜브 판매업,26,부산광역시,26710,기장군,26710250,기장읍,2671025027,기장읍,2671025027100160004,1,대지,16,4,부산광역시 기장군 기장읍 청강리 16-4,267102006018,부산광역시 기장군 기장읍 기장대로,537,,2671025027100160004006558,,부산광역시 기장군 기장읍 기장대로 537,619906,46064,,,,129.220333386593,35.24306873599
MA0101202308A0069279,보스타이어,,G2,소매,G202,자동차 부품 소매,G20201,타이어 소매업,G45211,자동차 신품 타이어 및 튜브 판매업,41,경기도,41281,고양시 덕양구,41281600,관산동,4128111800,관산동,4128111800106900010,1,대지,690,10,경기도 고양시 덕양구 관산동 690-10,412813000008,경기도 고양시 덕양구 통일로,999,,4128111800106900008025137,,경기도 고양시 덕양구 통일로 999,412804,10262,,,,126.857024672305,37.7050947548951
MA0101202309A0014117,시민버스부품,,G2,소매,G202,자동차 부품 소매,G20201,타이어 소매업,G45211,자동차 신품 타이어 및 튜브 판매업,52,전북특별자치도,52113,전주시 덕진구,52113642,송천2동,5211312200,송천동2가,5211312200109850002,1,대지,985,2,전북특별자치도 전주시 덕진구 송천동2가 985-2,521133267010,전북특별자치도 전주시 덕진구 고내천변로,32,9,4511312200109850002000001,,전북특별자치도 전주시 덕진구 고내천변로 32-9,561822,54816,,,,127.10526078038,35.8721246640878
MA0101202308A0069315,킹모터스,,G2,소매,G202,자동차 부품 소매,G20201,타이어 소매업,G45211,자동차 신품 타이어 및 튜브 판매업,41,경기도,41590,화성시,41590560,기배동,4159012400,기안동,4159012400100470001,1,대지,47,1,경기도 화성시 기안동 47-1,415903210012,경기도 화성시 기안동로,40,,4159012400100470001000001,,경기도 화성시 기안동로 40,445310,18339,,,,126.989080852381,37.2297083726352
MA0101202308A0101072,타이어딜,,G2,소매,G202,자동차 부품 소매,G20201,타이어 소매업,G45211,자동차 신품 타이어 및 튜브 판매업,41,경기도,41610,광주시,41610259,곤지암읍,4161025936,곤지암읍,4161025936101730007,1,대지,173,7,경기도 광주시 곤지암읍 삼리 173-7,416102012002,경기도 광주시 곤지암읍 경충대로,830,,4161025636101730007021613,,경기도 광주시 곤지암읍 경충대로 830,464937,12800,,,,127.319264226507,37.3593157485983
MA0101202309A0010914,맛있는타이어,,G2,소매,G202,자동차 부품 소매,G20201,타이어 소매업,G45211,자동차 신품 타이어 및 튜브 판매업,41,경기도,41610,광주시,41610560,광남1동,4161011100,장지동,4161011100106690000,1,대지,669,,경기도 광주시 장지동 669,416104433408,경기도 광주시 장지9길,25,13,4161011100106690000247120,,경기도 광주시 장지9길 25-13,464070,12776,,,,127.235883561428,37.3996699837008
MA0101202308A0041563,타프,,G2,소매,G202,자동차 부품 소매,G20201,타이어 소매업,G45211,자동차 신품 타이어 및 튜브 판매업,29,광주광역시,29200,광산구,29200700,신창동,2920011800,신창동,2920011800100790002,1,대지,79,2,광주광역시 광산구 신창동 79-2,292002009002,광주광역시 광산구 북문대로,328,,2920011800100790002000001,,광주광역시 광산구 북문대로 328,506838,62273,,,,126.857361897801,35.1900338779604
MA0101202308A0082390,신성타이어,,G2,소매,G202,자동차 부품 소매,G20201,타이어 소매업,G45211,자동차 신품 타이어 및 튜브 판매업,41,경기도,41500,이천시,41500330,호법면,4150033025,호법면,4150033025102570011,1,대지,257,11,경기도 이천시 호법면 매곡리 257-11,415003207044,경기도 이천시 호법면 이섭대천로,32,,4150033025102570011003184,소명축산,경기도 이천시 호법면 이섭대천로 32,467821,17396,,,,127.389373494328,37.2106785108747
MA0101202309A0040422,믿음타이어,,G2,소매,G202,자동차 부품 소매,G20201,타이어 소매업,G45211,자동차 신품 타이어 및 튜브 판매업,41,경기도,41220,평택시,41220600,원평동,4122011400,통복동,4122011400102310006,1,대지,231,6,경기도 평택시 통복동 231-6,412203188116,경기도 평택시 평남로,208,,4122011400102310001000001,,경기도 평택시 평남로 208,450040,17923,,,,127.072558397275,36.9946167810234
MA0101202309A0031252,금호타이어강서사,,G2,소매,G202,자동차 부품 소매,G20201,타이어 소매업,G45211,자동차 신품 타이어 및 튜브 판매업,11,서울특별시,11500,강서구,11500520,등촌1동,1150010200,등촌동,1150010200106300007,1,대지,630,7,서울특별시 강서구 등촌동 630-7,115004145550,서울특별시 강서구 화곡로68길,91,,1150010200106300007029597,,서울특별시 강서구 화곡로68길 91,157839,07550,,1,,126.859095174463,37.5575879292968
MA0101202308A0037788,스피드공업사,,G2,소매,G202,자동차 부품 소매,G20201,타이어 소매업,G45211,자동차 신품 타이어 및 튜브 판매업,41,경기도,41390,시흥시,41390570,목감동,4139012400,조남동,4139012400100380016,1,대지,38,16,경기도 시흥시 조남동 38-16,413903000064,경기도 시흥시 수인로,2241,16,4139012400100380016000001,,경기도 시흥시 수인로 2241-16,429868,14987,,,,126.868573223003,37.3802980631989
MA0101202308A0068228,카발통,,G2,소매,G202,자동차 부품 소매,G20201,타이어 소매업,G45211,자동차 신품 타이어 및 튜브 판매업,47,경상북도,47170,안동시,47170620,평화동,4717012700,평화동,4717012700101630012,1,대지,163,12,경상북도 안동시 평화동 163-12,471703307019,경상북도 안동시 서동문로,1,,4717012700101630012098365,,경상북도 안동시 서동문로 1,760270,36655,,,,128.711970171524,36.5663544174795
MA0101202308A0105054,출장빵구대형차화물차출장중고타이어대형화물출장펑크출장타이어,,G2,소매,G202,자동차 부품 소매,G20201,타이어 소매업,G45211,자동차 신품 타이어 및 튜브 판매업,46,전라남도,46230,광양시,46230540,광영동,4623010800,광영동,4623010800108020004,1,대지,802,4,전라남도 광양시 광영동 802-4,462303285004,전라남도 광양시 광영로,48,,4623010800108020004013673,,전라남도 광양시 광영로 48,545873,57715,,4,,127.723620784907,34.9621864899182
MA0101202308A0053314,타이어91,,G2,소매,G202,자동차 부품 소매,G20201,타이어 소매업,G45211,자동차 신품 타이어 및 튜브 판매업,41,경기도,41285,고양시 일산동구,41285600,고봉동,4128511200,문봉동,4128511200100820029,1,대지,82,29,경기도 고양시 일산동구 문봉동 82-29,412854379128,경기도 고양시 일산동구 성현로431번길,68,,4128511200100820028000001,,경기도 고양시 일산동구 성현로431번길 68,410560,10258,,,,126.833825434751,37.6989016783819
MA0101202308A0083122,절골타이어할인마트,,G2,소매,G202,자동차 부품 소매,G20201,타이어 소매업,G45211,자동차 신품 타이어 및 튜브 판매업,51,강원특별자치도,51190,태백시,51190535,삼수동,5119010100,황지동,5119010100104630006,1,대지,463,6,강원특별자치도 태백시 황지동 463-6,511903222011,강원특별자치도 태백시 오투로,131,,4219010100104630006000001,,강원특별자치도 태백시 오투로 131,235802,26010,,,,128.97377171901,37.1727099889294
MA0101202308A0085051,일등타이어,,G2,소매,G202,자동차 부품 소매,G20201,타이어 소매업,G45211,자동차 신품 타이어 및 튜브 판매업,41,경기도,41287,고양시 일산서구,41287600,덕이동,4128710500,덕이동,4128710500102190001,1,대지,219,1,경기도 고양시 일산서구 덕이동 219-1,412873012061,경기도 고양시 일산서구 경의로,823,,4128710500102190001003837,일부,경기도 고양시 일산서구 경의로 823,411808,10237,,1,,126.759126320565,37.6910243710228
MA0101202310A0047307,김해타이어1993,,G2,소매,G202,자동차 부품 소매,G20201,타이어 소매업,G45211,자동차 신품 타이어 및 튜브 판매업,48,경상남도,48250,김해시,48250630,장유3동,4825013000,관동동,4825013000101090001,1,대지,109,1,경상남도 김해시 관동동 109-1,482503335008,경상남도 김해시 관동로,176,,4825013000101090001000001,,경상남도 김해시 관동로 176,621300,51016,,,,128.820979925139,35.1802658681892
MA0101202309A0058567,봉황타이어,,G2,소매,G202,자동차 부품 소매,G20201,타이어 소매업,G45211,자동차 신품 타이어 및 튜브 판매업,46,전라남도,46170,나주시,46170250,남평읍,4617025022,남평읍,4617025022102620000,1,대지,262,,전라남도 나주시 남평읍 대교리 262,461703284039,전라남도 나주시 남평읍 세남로,1754,9,4617025022102620000067744,,전라남도 나주시 남평읍 세남로 1754-9,520844,58227,,,,126.837241139146,35.0440414927013
MA0101202309A0086699,박앤안,,G2,소매,G202,자동차 부품 소매,G20201,타이어 소매업,G45211,자동차 신품 타이어 및 튜브 판매업,26,부산광역시,26350,해운대구,26350560,송정동,2635010800,송정동,2635010800101180007,1,대지,118,7,부산광역시 해운대구 송정동 118-7,263504199098,부산광역시 해운대구 송정중앙로5번길,112,,2635010800101180007015333,,부산광역시 해운대구 송정중앙로5번길 112,612040,48071,,,,129.203364381027,35.1878876445944
MA0101202310A0004447,송탄타이어총판,,G2,소매,G202,자동차 부품 소매,G20201,타이어 소매업,G45211,자동차 신품 타이어 및 튜브 판매업,41,경기도,41220,평택시,41220510,중앙동,4122010200,장당동,4122010200100650001,1,대지,65,1,경기도 평택시 장당동 65-1,412202012013,경기도 평택시 경기대로,1036,,4122010200100650001003466,,경기도 평택시 경기대로 1036,459020,17743,,,,127.066701476463,37.0412691021394
MA0101202309A0072658,신성타이어,,G2,소매,G202,자동차 부품 소매,G20201,타이어 소매업,G45211,자동차 신품 타이어 및 튜브 판매업,48,경상남도,48270,밀양시,48270253,하남읍,4827025327,하남읍,4827025327106110095,1,대지,611,95,경상남도 밀양시 하남읍 양동리 611-95,482703336043,경상남도 밀양시 하남읍 수산중앙로,118,,4827025327106110095026900,,경상남도 밀양시 하남읍 수산중앙로 118,627895,50460,,,,128.71783200447,35.3758929274797
MA0101202310A0031489,짱가타이어,,G2,소매,G202,자동차 부품 소매,G20201,타이어 소매업,G45211,자동차 신품 타이어 및 튜브 판매업,41,경기도,41281,고양시 덕양구,41281670,대덕동,4128113000,현천동,4128113000102600007,1,대지,260,7,경기도 고양시 덕양구 현천동 260-7,412813192012,경기도 고양시 덕양구 대덕로,158,2,4128113000102600007000001,,경기도 고양시 덕양구 대덕로 158-2,412190,10542,,,,126.864359245235,37.5942825639301
MA0101202309A0049086,윈런타이어마산경남총판점,,G2,소매,G202,자동차 부품 소매,G20201,타이어 소매업,G45211,자동차 신품 타이어 및 튜브 판매업,48,경상남도,48125,창원시 마산합포구,48125565,반월중앙동,4812514700,중앙동1가,4812514700100080018,1,대지,8,18,경상남도 창원시 마산합포구 중앙동1가 8-18,481254787270,경상남도 창원시 마산합포구 반월동6길,7,,4812514700100080018076314,타이어할인매장,경상남도 창원시 마산합포구 반월동6길 7,631421,51739,,1,,128.562384091641,35.1886733032469
MA0101202309A0059879,킴스개러지&타이어,,G2,소매,G202,자동차 부품 소매,G20201,타이어 소매업,G45211,자동차 신품 타이어 및 튜브 판매업,41,경기도,41590,화성시,41590259,향남읍,4159025935,향남읍,4159025935102290001,1,대지,229,1,경기도 화성시 향남읍 송곡리 229-1,415903210137,경기도 화성시 향남읍 발안로,587,3,4159025935102290001000001,킴스개러지&타이어,경기도 화성시 향남읍 발안로 587-3,445921,18624,,,,126.969739689035,37.1279758866296
MA0101202310A0001750,커스텀W제2공장,,G2,소매,G202,자동차 부품 소매,G20201,타이어 소매업,G45211,자동차 신품 타이어 및 튜브 판매업,41,경기도,41610,광주시,41610580,오포1동,4161011700,문형동,4161011700105180003,1,대지,518,3,경기도 광주시 문형동 518-3,416104433366,경기도 광주시 오포로448번길,6,,4161025024105180003246056,,경기도 광주시 오포로448번길 6,464924,12774,,,,127.206290191018,37.3406721769054
MA0101202310A0073052,엠모터스,,G2,소매,G202,자동차 부품 소매,G20201,타이어 소매업,G45211,자동차 신품 타이어 및 튜브 판매업,31,울산광역시,31710,울주군,31710256,온양읍,3171025629,온양읍,3171025629101390003,1,대지,139,3,울산광역시 울주군 온양읍 운화리 139-3,317104319775,울산광역시 울주군 온양읍 외고산옹기길,15,6,3171025629101390003000278,,울산광역시 울주군 온양읍 외고산옹기길 15-6,689905,44973,,1,,129.277515189294,35.4177645550487
MA0101202310A0079432,김제지평선타이어,,G2,소매,G202,자동차 부품 소매,G20201,타이어 소매업,G45211,자동차 신품 타이어 및 튜브 판매업,52,전북특별자치도,52210,김제시,52210510,요촌동,5221010700,서암동,5221010700104920003,1,대지,492,3,전북특별자치도 김제시 서암동 492-3,522103272023,전북특별자치도 김제시 벽성로,334,,4521010700104920003049286,,전북특별자치도 김제시 벽성로 334,576807,54371,,,,126.872515299317,35.8030938486559
MA0101202311A0031032,스피드메이트부평남부점,,G2,소매,G202,자동차 부품 소매,G20201,타이어 소매업,G45211,자동차 신품 타이어 및 튜브 판매업,28,인천광역시,28237,부평구,28237650,부개1동,2823710700,부개동,2823710700102690000,1,대지,269,,인천광역시 부평구 부개동 269,282373000028,인천광역시 부평구 경인로,1048,,2823710700102690000204478,,인천광역시 부평구 경인로 1048,403810,21427,,,,126.736220456469,37.4866398214433
MA0101202311A0072450,타이어랜드,,G2,소매,G202,자동차 부품 소매,G20201,타이어 소매업,G45211,자동차 신품 타이어 및 튜브 판매업,41,경기도,41461,용인시 처인구,41461250,포곡읍,4146125025,포곡읍,4146125025105540000,1,대지,554,,경기도 용인시 처인구 포곡읍 마성리 554,414614409502,경기도 용인시 처인구 포곡읍 석성로819번길,1,,4146125025105540000059338,,경기도 용인시 처인구 포곡읍 석성로819번길 1,449813,17024,,,,127.188266667724,37.281315100171
MA0101202311A0001586,타이어뷰,,G2,소매,G202,자동차 부품 소매,G20201,타이어 소매업,G45211,자동차 신품 타이어 및 튜브 판매업,52,전북특별자치도,52800,부안군,52800330,행안면,5280033025,행안면,5280033025100380014,1,대지,38,14,전북특별자치도 부안군 행안면 신기리 38-14,528003280067,전북특별자치도 부안군 행안면 오리정로,12,1,4580033025100380014000002,,전북특별자치도 부안군 행안면 오리정로 12-1,579832,56312,,,,126.722730346481,35.722421744545
MA0101202311A0017045,타이어팩토리,동탄점,G2,소매,G202,자동차 부품 소매,G20201,타이어 소매업,G45211,자동차 신품 타이어 및 튜브 판매업,41,경기도,41590,화성시,41590520,진안동,4159011800,능동,4159011800104510000,1,대지,451,,경기도 화성시 능동 451,415903177017,경기도 화성시 동탄지성로,170,,4159011800104510000000001,,경기도 화성시 동탄지성로 170,445390,18421,,,,127.057105956586,37.2112506417396
MA0101202311A0001871,비전상사,,G2,소매,G202,자동차 부품 소매,G20201,타이어 소매업,G45211,자동차 신품 타이어 및 튜브 판매업,26,부산광역시,26410,금정구,26410555,금사회동동,2641011200,회동동,2641011200102000021,1,대지,200,21,부산광역시 금정구 회동동 200-21,264104205467,부산광역시 금정구 회천로5번길,32,2,2641011200102000021013177,,부산광역시 금정구 회천로5번길 32-2,609845,46263,,1,,129.115349503393,35.2258729211182
MA0101202311A0006295,디와이모터스상남,,G2,소매,G202,자동차 부품 소매,G20201,타이어 소매업,G45211,자동차 신품 타이어 및 튜브 판매업,48,경상남도,48123,창원시 성산구,48123530,상남동,4812312700,상남동,4812312700100300008,1,대지,30,8,경상남도 창원시 성산구 상남동 30-8,481234784094,경상남도 창원시 성산구 마디미로74번길,8,,4812312700100300008000001,,경상남도 창원시 성산구 마디미로74번길 8,642832,51503,,,,128.680673513181,35.2190645076853
MA0101202311A0000324,조은상사,,G2,소매,G202,자동차 부품 소매,G20201,타이어 소매업,G45211,자동차 신품 타이어 및 튜브 판매업,29,광주광역시,29200,광산구,29200620,비아동,2920011300,도천동,2920011300100030005,1,대지,3,5,광주광역시 광산구 도천동 3-5,292003163014,광주광역시 광산구 사암로,860,,2920011300100030005000001,,광주광역시 광산구 사암로 860,506300,62244,,2,,126.824354609015,35.2165353145276
MA0101202311A0073193,기아AutoLand광주타이어센터,,G2,소매,G202,자동차 부품 소매,G20201,타이어 소매업,G45211,자동차 신품 타이어 및 튜브 판매업,29,광주광역시,29140,서구,29140740,유덕동,2914012100,내방동,2914012100107000000,1,대지,700,,광주광역시 서구 내방동 700,291403160036,광주광역시 서구 월드컵4강로,255,,2914011800106430004009003,기아광주공장,광주광역시 서구 월드컵4강로 255,502711,61943,,,,126.868820846771,35.1583010478555
MA0101202311A0023126,타이어프렌즈,일산백석점,G2,소매,G202,자동차 부품 소매,G20201,타이어 소매업,G45211,자동차 신품 타이어 및 튜브 판매업,41,경기도,41285,고양시 일산동구,41285580,장항1동,4128510600,백석동,4128510600111230008,1,대지,1123,8,경기도 고양시 일산동구 백석동 1123-8,412853193030,경기도 고양시 일산동구 장항로,33,,4128510600111230008000001,일부,경기도 고양시 일산동구 장항로 33,410835,10433,,2,,126.790692433541,37.6299621375956
MA0101202311A0018036,탁스,,G2,소매,G202,자동차 부품 소매,G20201,타이어 소매업,G45211,자동차 신품 타이어 및 튜브 판매업,26,부산광역시,26530,사상구,26530650,주례1동,2653010600,주례동,2653010600106860013,1,대지,686,13,부산광역시 사상구 주례동 686-13,265303132023,부산광역시 사상구 사상로,53,,2653010600106860013000001,주건축물제,부산광역시 사상구 사상로 53,617839,47001,,1,,128.994560693897,35.1528657840903
MA0101202310A0079278,넥센타이어내촌점,,G2,소매,G202,자동차 부품 소매,G20201,타이어 소매업,G45211,자동차 신품 타이어 및 튜브 판매업,41,경기도,41650,포천시,41650320,내촌면,4165032023,내촌면,4165032023107230004,1,대지,723,4,경기도 포천시 내촌면 음현리 723-4,416504439507,경기도 포천시 내촌면 음고개길,1,,4165032023107230004000001,,경기도 포천시 내촌면 음고개길 1,487835,11192,,,,127.22691549339,37.7798244616576
MA0101202406A0064744,메카닉센터,,G2,소매,G202,자동차 부품 소매,G20201,타이어 소매업,G45211,자동차 신품 타이어 및 튜브 판매업,52,전북특별자치도,52130,군산시,52130703,나운3동,5213014400,나운동,5213014400108460010,1,대지,846,10,전북특별자치도 군산시 나운동 846-10,521303268023,전북특별자치도 군산시 대학로,355,,4513014400108460010006827,,전북특별자치도 군산시 대학로 355,573872,54142,,,,126.692994320935,35.9622271620808
MA0101202311A0102416,타이어프로원종점,,G2,소매,G202,자동차 부품 소매,G20201,타이어 소매업,G45211,자동차 신품 타이어 및 튜브 판매업,41,경기도,41196,부천시 오정구,41196520,원종1동,4119610400,원종동,4119610400100690050,1,대지,69,50,경기도 부천시 오정구 원종동 69-50,411963012096,경기도 부천시 오정구 소사로,854,,4119910400100690050009315,,경기도 부천시 오정구 소사로 854,421817,14412,,,,126.806047698983,37.5320234738988
MA0101202406A0014017,타이어119,,G2,소매,G202,자동차 부품 소매,G20201,타이어 소매업,G45211,자동차 신품 타이어 및 튜브 판매업,52,전북특별자치도,52190,남원시,52190590,도통동,5219011600,도통동,5219011600100280004,1,대지,28,4,전북특별자치도 남원시 도통동 28-4,521903271024,전북특별자치도 남원시 용성로,256,,4519011600100280004309621,,전북특별자치도 남원시 용성로 256,590983,55755,,,,127.398282874128,35.4196718644584
MA0101202406A0018455,니카보카타이어,,G2,소매,G202,자동차 부품 소매,G20201,타이어 소매업,G45211,자동차 신품 타이어 및 튜브 판매업,51,강원특별자치도,51810,인제군,51810320,북면,5181032021,북면,5181032021107130037,1,대지,713,37,강원특별자치도 인제군 북면 원통리 713-37,518103233019,강원특별자치도 인제군 북면 원통로,159,,4281032021107130037000002,,강원특별자치도 인제군 북면 원통로 159,252822,24612,,,,128.202574817836,38.1218202838295
MA0101202406A0047863,더조은타이어,,G2,소매,G202,자동차 부품 소매,G20201,타이어 소매업,G45211,자동차 신품 타이어 및 튜브 판매업,29,광주광역시,29170,북구,29170510,중흥1동,2917010100,중흥동,2917010100107440022,1,대지,744,22,광주광역시 북구 중흥동 744-22,291702009011,광주광역시 북구 서암대로,292,,2917010100107440006009038,,광주광역시 북구 서암대로 292,500878,61227,,1,,126.915404424725,35.1654452385519
MA0101202406A0026443,션킴모터스충북,직영점,G2,소매,G202,자동차 부품 소매,G20201,타이어 소매업,G45211,자동차 신품 타이어 및 튜브 판매업,43,충청북도,43130,충주시,43130610,봉방동,4313011500,봉방동,4313011500102350016,1,대지,235,16,충청북도 충주시 봉방동 235-16,431304514600,충청북도 충주시 봉방4길,6,,4313011500102350002016631,,충청북도 충주시 봉방4길 6,380960,27425,,,,127.917540120632,36.9726482292596
MA0101202406A0014668,금강타이어,,G2,소매,G202,자동차 부품 소매,G20201,타이어 소매업,G45211,자동차 신품 타이어 및 튜브 판매업,41,경기도,41500,이천시,41500340,마장면,4150034031,마장면,4150034031102670052,1,대지,267,52,경기도 이천시 마장면 이평리 267-52,415003203146,경기도 이천시 마장면 덕평로,756,,4150034031102670052000001,,경기도 이천시 마장면 덕평로 756,467812,17389,,,,127.36917274492,37.2265384926937
MA0101202406A0022147,정안타이어,,G2,소매,G202,자동차 부품 소매,G20201,타이어 소매업,G45211,자동차 신품 타이어 및 튜브 판매업,44,충청남도,44150,공주시,44150370,정안면,4415037030,정안면,4415037030100420000,1,대지,42,,충청남도 공주시 정안면 운궁리 42,441504554292,충청남도 공주시 정안면 활원길,48,42,4415037030100420000000001,,충청남도 공주시 정안면 활원길 48-42,314824,32513,,,,127.118058874013,36.5809959106109
MA0101202406A0032541,"라미타이어,더타이어샵",,G2,소매,G202,자동차 부품 소매,G20201,타이어 소매업,G45211,자동차 신품 타이어 및 튜브 판매업,48,경상남도,48170,진주시,48170673,상대동,4817011900,상대동,4817011900102380018,1,대지,238,18,경상남도 진주시 상대동 238-18,481703332017,경상남도 진주시 도동천로,153,,4817011900102380018010753,,경상남도 진주시 도동천로 153,660805,52784,,,,128.115183275621,35.1838387247922
MA0101202406A0051282,동호,,G2,소매,G202,자동차 부품 소매,G20201,타이어 소매업,G45211,자동차 신품 타이어 및 튜브 판매업,46,전라남도,46130,여수시,46130730,미평동,4613012200,미평동,4613012200105320007,1,대지,532,7,전라남도 여수시 미평동 532-7,461303282069,전라남도 여수시 좌수영로,364,,4613012200105320007057336,,전라남도 여수시 좌수영로 364,550240,59630,,,,127.707935115687,34.7623168229333
MA0101202406A0011643,시동카서비스,,G2,소매,G202,자동차 부품 소매,G20201,타이어 소매업,G45211,자동차 신품 타이어 및 튜브 판매업,30,대전광역시,30230,대덕구,30230510,오정동,3023010100,오정동,3023010100103230008,1,대지,323,8,대전광역시 대덕구 오정동 323-8,302303168024,대전광역시 대덕구 오정로,85,,3023010100103230008018434,,대전광역시 대덕구 오정로 85,306820,34440,,,,127.408623854875,36.3534968751243
MA0101202311A0092556,모터,코리아,G2,소매,G202,자동차 부품 소매,G20201,타이어 소매업,G45211,자동차 신품 타이어 및 튜브 판매업,41,경기도,41670,여주시,41670380,산북면,4167038021,산북면,4167038021105430008,1,대지,543,8,경기도 여주시 산북면 상품리 543-8,416703012083,경기도 여주시 산북면 광여로,1067,,4173039021105430008000001,,경기도 여주시 산북면 광여로 1067,469892,12603,,,,127.427618053113,37.395582035755
MA0101202311A0105455,타이어짱,,G2,소매,G202,자동차 부품 소매,G20201,타이어 소매업,G45211,자동차 신품 타이어 및 튜브 판매업,41,경기도,41463,용인시 기흥구,41463535,보라동,4146310500,보라동,4146310500103920012,1,대지,392,12,경기도 용인시 기흥구 보라동 392-12,414632012011,경기도 용인시 기흥구 용구대로,1886,,4146310500103920012021175,,경기도 용인시 기흥구 용구대로 1886,446904,17074,,,,127.104935304783,37.2564955071179
MA0101202406A0025568,한국타이어골든루트로점,,G2,소매,G202,자동차 부품 소매,G20201,타이어 소매업,G45211,자동차 신품 타이어 및 튜브 판매업,48,경상남도,48250,김해시,48250565,칠산서부동,4825011100,풍유동,4825011100101430001,1,대지,143,1,경상남도 김해시 풍유동 143-1,482504805934,경상남도 김해시 골든루트로66번길,166,,4825011100101430001000001,,경상남도 김해시 골든루트로66번길 166,621130,50967,,,,128.845911461267,35.2187569163799
MA0101202311A0098125,타이어스테이션,,G2,소매,G202,자동차 부품 소매,G20201,타이어 소매업,G45211,자동차 신품 타이어 및 튜브 판매업,27,대구광역시,27260,수성구,27260680,고산2동,2726012000,노변동,2726012000100270005,1,대지,27,5,대구광역시 수성구 노변동 27-5,272602007002,대구광역시 수성구 달구벌대로,3168,,2726012000100270005014232,,대구광역시 수성구 달구벌대로 3168,706230,42257,,,,128.703299625637,35.8408195895469
MA0101202311A0092898,휠메이트,,G2,소매,G202,자동차 부품 소매,G20201,타이어 소매업,G45211,자동차 신품 타이어 및 튜브 판매업,36,세종특별자치시,36110,세종특별자치시,36110350,장군면,3611035023,장군면,3611035023105430000,1,대지,543,,세종특별자치시 세종특별자치시 장군면 대교리 543,361104574619,세종특별자치시 세종특별자치시 장군면 밤실길,13,,4415035023105430000018154,,세종특별자치시 세종특별자치시 장군면 밤실길 13,339913,30052,,,,127.206546824642,36.5032323300047
MA0101202406A0025753,넘버원모터스,,G2,소매,G202,자동차 부품 소매,G20201,타이어 소매업,G45211,자동차 신품 타이어 및 튜브 판매업,47,경상북도,47130,경주시,47130550,성건동,4713010800,성건동,4713010800102800000,1,대지,280,,경상북도 경주시 성건동 280,471303305066,경상북도 경주시 화랑로,27,16,4713010800102800000039691,,경상북도 경주시 화랑로 27-16,780942,38143,,,,129.203784403156,35.8453948018658
MA0101202406A0039372,행복타이어,,G2,소매,G202,자동차 부품 소매,G20201,타이어 소매업,G45211,자동차 신품 타이어 및 튜브 판매업,28,인천광역시,28237,부평구,28237690,십정2동,2823710200,십정동,2823710200105830000,1,대지,583,,인천광역시 부평구 십정동 583,282373000028,인천광역시 부평구 경인로,715,,2823710200105830000017064,부성빌딩,인천광역시 부평구 경인로 715,403849,21436,,1,,126.708851576347,37.4736551186314
MA0101202406A0057489,타이어프로강릉,교동점,G2,소매,G202,자동차 부품 소매,G20201,타이어 소매업,G45211,자동차 신품 타이어 및 튜브 판매업,51,강원특별자치도,51150,강릉시,51150550,교1동,5115011000,교동,5115011000109420000,1,대지,942,,강원특별자치도 강릉시 교동 942,511502220001,강원특별자치도 강릉시 강릉대로,117,,4215011000109420000000001,,강원특별자치도 강릉시 강릉대로 117,210924,25506,,,,128.883515152384,37.7559792276197
MA0101202406A0083232,더블유에이치타이어게러지,,G2,소매,G202,자동차 부품 소매,G20201,타이어 소매업,G45211,자동차 신품 타이어 및 튜브 판매업,41,경기도,41360,남양주시,41360259,진건읍,4136025926,진건읍,4136025926100120004,1,대지,12,4,경기도 남양주시 진건읍 송능리 12-4,413604391641,경기도 남양주시 진건읍 진건오남로390번길,151,,4136025926100120004000001,주,경기도 남양주시 진건읍 진건오남로390번길 151,472835,12129,,,,127.215392848961,37.6698286296569
MA0101202406A0084464,타이어센터,,G2,소매,G202,자동차 부품 소매,G20201,타이어 소매업,G45211,자동차 신품 타이어 및 튜브 판매업,41,경기도,41220,평택시,41220600,원평동,4122012200,신대동,4122012200103830001,1,대지,383,1,경기도 평택시 신대동 383-1,412203188116,경기도 평택시 평남로,94,,4122012200103830001024650,,경기도 평택시 평남로 94,450820,17830,,,,127.062273524174,37.0009752542922
MA0101202406A0138682,금호타이어포천어룡점,,G2,소매,G202,자동차 부품 소매,G20201,타이어 소매업,G45211,자동차 신품 타이어 및 튜브 판매업,41,경기도,41650,포천시,41650510,포천동,4165010200,어룡동,4165010200101900020,1,대지,190,20,경기도 포천시 어룡동 190-20,416503000136,경기도 포천시 호국로,1313,,4165010200101900020027937,,경기도 포천시 호국로 1313,487050,11150,,,,127.184147018471,37.8773192858041
MA0101202406A0140152,진,,G2,소매,G202,자동차 부품 소매,G20201,타이어 소매업,G45211,자동차 신품 타이어 및 튜브 판매업,44,충청남도,44131,천안시 동남구,44131570,신방동,4413111600,신방동,4413111600105390000,1,대지,539,,충청남도 천안시 동남구 신방동 539,441314547432,충청남도 천안시 동남구 신방남부길,79,,4413111600105390000040176,,충청남도 천안시 동남구 신방남부길 79,330939,31210,,2,,127.127809781412,36.7682409141792
MA0101202406A0163848,킹타이어,,G2,소매,G202,자동차 부품 소매,G20201,타이어 소매업,G45211,자동차 신품 타이어 및 튜브 판매업,48,경상남도,48129,창원시 진해구,48129650,웅동2동,4812916300,안골동,4812916300100800000,1,대지,80,,경상남도 창원시 진해구 안골동 80,481293331038,경상남도 창원시 진해구 용원동로,87,,4812916300100800000000001,,경상남도 창원시 진해구 용원동로 87,645520,51609,,,,128.805918623468,35.0903072645868
MA0101202406A0174939,금성베어링,,G2,소매,G202,자동차 부품 소매,G20201,타이어 소매업,G45211,자동차 신품 타이어 및 튜브 판매업,26,부산광역시,26530,사상구,26530620,괘법동,2653010400,괘법동,2653010400105780000,1,대지,578,,부산광역시 사상구 괘법동 578,265303139004,부산광역시 사상구 괘감로,37,,2653010400105780000002037,산업용품유통상가,부산광역시 사상구 괘감로 37,617726,46977,,,,128.980430562506,35.159757357537
MA0101202406A0147803,주문진우광할인타이어,,G2,소매,G202,자동차 부품 소매,G20201,타이어 소매업,G45211,자동차 신품 타이어 및 튜브 판매업,51,강원특별자치도,51150,강릉시,51150250,주문진읍,5115025021,주문진읍,5115025021108640014,1,대지,864,14,강원특별자치도 강릉시 주문진읍 주문리 864-14,511503220022,강원특별자치도 강릉시 주문진읍 연주로,577,,4215025021108640014000001,상가,강원특별자치도 강릉시 주문진읍 연주로 577,210806,25406,,1,,128.821998711041,37.9034054534123
MA0101202406A0160807,타이어프로,하이닉스점,G2,소매,G202,자동차 부품 소매,G20201,타이어 소매업,G45211,자동차 신품 타이어 및 튜브 판매업,41,경기도,41500,이천시,41500253,부발읍,4150025330,부발읍,4150025330110760000,1,대지,1076,,경기도 이천시 부발읍 아미리 1076,415002012002,경기도 이천시 부발읍 경충대로,2156,,4150025330110760000005033,,경기도 이천시 부발읍 경충대로 2156,467866,17332,,,,127.486350248836,37.2567415169476
MA0101202406A0123006,포천타이어,,G2,소매,G202,자동차 부품 소매,G20201,타이어 소매업,G45211,자동차 신품 타이어 및 튜브 판매업,41,경기도,41650,포천시,41650250,소흘읍,4165025027,소흘읍,4165025027100110000,1,대지,11,,경기도 포천시 소흘읍 이가팔리 11,416503213039,경기도 포천시 소흘읍 정금로,11,,4165025027100110008009716,,경기도 포천시 소흘읍 정금로 11,487825,11181,,,,127.16168727603,37.8149883609305
MA0101202406A0136428,강남타이어,,G2,소매,G202,자동차 부품 소매,G20201,타이어 소매업,G45211,자동차 신품 타이어 및 튜브 판매업,51,강원특별자치도,51150,강릉시,51150615,강남동,5115012100,노암동,5115012100107300026,1,대지,730,26,강원특별자치도 강릉시 노암동 730-26,511503220055,강원특별자치도 강릉시 강변로,232,,4215012100107300026026302,,강원특별자치도 강릉시 강변로 232,210932,25586,,,,128.894179163969,37.7483582874647
MA0101202406A0108423,순풍금호타이어,,G2,소매,G202,자동차 부품 소매,G20201,타이어 소매업,G45211,자동차 신품 타이어 및 튜브 판매업,52,전북특별자치도,52770,순창군,52770250,순창읍,5277025021,순창읍,5277025021104890004,1,대지,489,4,전북특별자치도 순창군 순창읍 순화리 489-4,527703278043,전북특별자치도 순창군 순창읍 장류로,323,,4577025021004890001000395,,전북특별자치도 순창군 순창읍 장류로 323,595805,56036,,,,127.137728334503,35.3772118921179
MA0101202406A0145119,타이어LAB,,G2,소매,G202,자동차 부품 소매,G20201,타이어 소매업,G45211,자동차 신품 타이어 및 튜브 판매업,41,경기도,41465,용인시 수지구,41465550,죽전2동,4146510200,죽전동,4146510200108110001,1,대지,811,1,경기도 용인시 수지구 죽전동 811-1,414652012011,경기도 용인시 수지구 용구대로,2787,,4146510200108110001028717,전체,경기도 용인시 수지구 용구대로 2787,448806,16865,,1,,127.108598171259,37.3344769507912
MA0101202406A0172609,진영타이어,,G2,소매,G202,자동차 부품 소매,G20201,타이어 소매업,G45211,자동차 신품 타이어 및 튜브 판매업,48,경상남도,48250,김해시,48250250,진영읍,4825025033,진영읍,4825025033102350012,1,대지,235,12,경상남도 김해시 진영읍 의전리 235-12,482503335036,경상남도 김해시 진영읍 서부로,338,,4825025033102350012093061,,경상남도 김해시 진영읍 서부로 338,621801,50870,,,,128.757447615494,35.27092880482
MA0101202406A0088528,신원-T,,G2,소매,G202,자동차 부품 소매,G20201,타이어 소매업,G45211,자동차 신품 타이어 및 튜브 판매업,41,경기도,41570,김포시,41570256,양촌읍,4157025621,양촌읍,4157025621100430002,1,대지,43,2,경기도 김포시 양촌읍 양곡리 43-2,415704427400,경기도 김포시 양촌읍 양곡로373번길,35,,4157032021100430007003693,,경기도 김포시 양촌읍 양곡로373번길 35,415845,10056,,,,126.637831161151,37.6635858963565
MA0101202406A0135303,팽성타이어,,G2,소매,G202,자동차 부품 소매,G20201,타이어 소매업,G45211,자동차 신품 타이어 및 튜브 판매업,41,경기도,41220,평택시,41220250,팽성읍,4122025022,팽성읍,4122025022100980071,1,대지,98,71,경기도 평택시 팽성읍 남산리 98-71,412203188048,경기도 평택시 팽성읍 송화택지로,148,,4122025022100980071000001,송화빌딩,경기도 평택시 팽성읍 송화택지로 148,451803,17995,,1,,127.065196260193,36.9635155841014
MA0101202406A0167947,한국타이어홍성점,,G2,소매,G202,자동차 부품 소매,G20201,타이어 소매업,G45211,자동차 신품 타이어 및 튜브 판매업,44,충청남도,44800,홍성군,44800250,홍성읍,4480025026,홍성읍,4480025026102140013,1,대지,214,13,충청남도 홍성군 홍성읍 남장리 214-13,448003252053,충청남도 홍성군 홍성읍 충서로,1222,7,4480025026102140013055819,,충청남도 홍성군 홍성읍 충서로 1222-7,350803,32244,,,,126.65703411905,36.5853190248774
MA0101202406A0095880,티티아이,,G2,소매,G202,자동차 부품 소매,G20201,타이어 소매업,G45211,자동차 신품 타이어 및 튜브 판매업,30,대전광역시,30230,대덕구,30230570,덕암동,3023011600,상서동,3023011600102670006,1,대지,267,6,대전광역시 대덕구 상서동 267-6,302303010031,대전광역시 대덕구 신탄진로,561,,3023011600102670006000001,,대전광역시 대덕구 신탄진로 561,306200,34334,,,,127.421097696052,36.4292507624955
MA0101202406A0101576,네바퀴타이어,,G2,소매,G202,자동차 부품 소매,G20201,타이어 소매업,G45211,자동차 신품 타이어 및 튜브 판매업,27,대구광역시,27230,북구,27230715,관문동,2723012900,금호동,2723012900107270000,1,대지,727,,대구광역시 북구 금호동 727,272303000051,대구광역시 북구 사수로,369,,2723012900107270000000001,,대구광역시 북구 사수로 369,702300,41492,,,,128.521506062075,35.8963373041775
MA0101202406A0168741,제이앤에스모터스,,G2,소매,G202,자동차 부품 소매,G20201,타이어 소매업,G45211,자동차 신품 타이어 및 튜브 판매업,46,전라남도,46110,목포시,46110790,옥암동,4611016400,옥암동,4611016400109950004,1,대지,995,4,전라남도 목포시 옥암동 995-4,461103281056,전라남도 목포시 옥암로,60,,4611016400109950004000001,,전라남도 목포시 옥암로 60,530831,58684,,,,126.428663452906,34.8050035843196
MA0101202406A0145593,경성모터스,,G2,소매,G202,자동차 부품 소매,G20201,타이어 소매업,G45211,자동차 신품 타이어 및 튜브 판매업,41,경기도,41610,광주시,41610560,광남1동,4161010900,직동,4161010900100070001,1,대지,7,1,경기도 광주시 직동 7-1,416103211002,경기도 광주시 고불로,325,,4161010900100070003010386,,경기도 광주시 고불로 325,464090,12769,,,,127.203921355796,37.3994410992736
MA0101202406A0154357,더타이어샵,봉일천점,G2,소매,G202,자동차 부품 소매,G20201,타이어 소매업,G45211,자동차 신품 타이어 및 튜브 판매업,41,경기도,41480,파주시,41480262,조리읍,4148026223,조리읍,4148026223104090025,1,대지,409,25,경기도 파주시 조리읍 등원리 409-25,414803000008,경기도 파주시 조리읍 통일로,477,10,4148026223104090025000001,,경기도 파주시 조리읍 통일로 477-10,413821,10949,,,,126.801482477324,37.7555947529954
MA010120220811916002,엠제이모터스,,G2,소매,G202,자동차 부품 소매,G20201,타이어 소매업,G45211,자동차 신품 타이어 및 튜브 판매업,46,전라남도,46110,목포시,46110790,옥암동,4611016400,옥암동,4611016400109910010,1,대지,991,10,전라남도 목포시 옥암동 991-10,461103281056,전라남도 목포시 옥암로,74,,4611016400109910010046495,,전라남도 목포시 옥암로 74,530831,58684,,1,,126.427913254508,34.8060276520405
MA010120220811936386,한국타이어앤테크놀로지TBX,대전점,G2,소매,G202,자동차 부품 소매,G20201,타이어 소매업,G45211,자동차 신품 타이어 및 튜브 판매업,30,대전광역시,30230,대덕구,30230580,목상동,3023011200,목상동,3023011200100160000,1,대지,16,,대전광역시 대덕구 목상동 16,302302010001,대전광역시 대덕구 대덕대로,1512,,3023011200100170014000001,,대전광역시 대덕구 대덕대로 1512,306210,34321,,1,,127.416274365159,36.4490391364415
MA010120220811916917,카슈즈인터내셔널,,G2,소매,G202,자동차 부품 소매,G20201,타이어 소매업,G45211,자동차 신품 타이어 및 튜브 판매업,11,서울특별시,11650,서초구,11650652,양재2동,1165010200,양재동,1165010200103150004,1,대지,315,4,서울특별시 서초구 양재동 315-4,116504163170,서울특별시 서초구 마방로2길,54,,1165010200103150004000001,,서울특별시 서초구 마방로2길 54,137896,06779,,2,,127.039193149167,37.4712502220109
MA010120220811981025,MK타이어클럽,,G2,소매,G202,자동차 부품 소매,G20201,타이어 소매업,G45211,자동차 신품 타이어 및 튜브 판매업,41,경기도,41463,용인시 기흥구,41463516,영덕1동,4146311100,영덕동,4146311100107800005,1,대지,780,5,경기도 용인시 기흥구 영덕동 780-5,414632012012,경기도 용인시 기흥구 중부대로,17,,4146311100107800005018857,,경기도 용인시 기흥구 중부대로 17,446908,16955,,,,127.070926151431,37.2683514479807
MA010120220812026179,몬스터타이어,남산점,G2,소매,G202,자동차 부품 소매,G20201,타이어 소매업,G45211,자동차 신품 타이어 및 튜브 판매업,26,부산광역시,26410,금정구,26410670,남산동,2641010400,남산동,2641010400100460001,1,대지,46,1,부산광역시 금정구 남산동 46-1,264102000010,부산광역시 금정구 중앙대로,1986,,2641010400100460001000001,,부산광역시 금정구 중앙대로 1986,609811,46216,,,,129.091906548632,35.2615062331665
MA010120220811996555,현대타이어,,G2,소매,G202,자동차 부품 소매,G20201,타이어 소매업,G45211,자동차 신품 타이어 및 튜브 판매업,41,경기도,41360,남양주시,41360259,진건읍,4136025924,진건읍,4136025924105580000,1,대지,558,,경기도 남양주시 진건읍 신월리 558,413604391686,경기도 남양주시 진건읍 진관로562번길,15,,4136025924105580000000001,,경기도 남양주시 진건읍 진관로562번길 15,472832,12131,,,,127.156260445586,37.6592812167555
MA010120220812003144,올타이어,대전점,G2,소매,G202,자동차 부품 소매,G20201,타이어 소매업,G45211,자동차 신품 타이어 및 튜브 판매업,30,대전광역시,30110,동구,30110530,효동,3011010400,천동,3011010400101150005,1,대지,115,5,대전광역시 동구 천동 115-5,301103010002,대전광역시 동구 대전로,574,,3011010400101150005032149,,대전광역시 동구 대전로 574,300030,34689,,1,,127.442370465408,36.3123371754942
MA010120220812008517,넥센타이어양평동,직영점,G2,소매,G202,자동차 부품 소매,G20201,타이어 소매업,G45211,자동차 신품 타이어 및 튜브 판매업,11,서울특별시,11560,영등포구,11560620,양평2동,1156012800,양평동4가,1156012800100360000,1,대지,36,,서울특별시 영등포구 양평동4가 36,115603005074,서울특별시 영등포구 선유로,255,,1156012800100360000000001,,서울특별시 영등포구 선유로 255,150866,07208,,,,126.897005593462,37.5356156891785
MA010120220812003648,유현타이어,,G2,소매,G202,자동차 부품 소매,G20201,타이어 소매업,G45211,자동차 신품 타이어 및 튜브 판매업,28,인천광역시,28260,서구,28260720,오류왕길동,2826012000,왕길동,2826012000100560009,1,대지,56,9,인천광역시 서구 왕길동 56-9,282603000071,인천광역시 서구 드림로,124,,2826012000100560009026462,,인천광역시 서구 드림로 124,404290,22672,,,,126.652453389582,37.5829108191066
MA010120220812033269,금호타이어프로,세종점,G2,소매,G202,자동차 부품 소매,G20201,타이어 소매업,G45211,자동차 신품 타이어 및 튜브 판매업,36,세종특별자치시,36110,세종특별자치시,36110340,금남면,3611034022,금남면,3611034022103150000,1,대지,315,,세종특별자치시 세종특별자치시 금남면 발산리 315,361104574405,세종특별자치시 세종특별자치시 금남면 용포2길,3,,3611034022103150000000001,,세종특별자치시 세종특별자치시 금남면 용포2길 3,339833,30083,,,,127.280085043381,36.460178223536
MA010120220812050817,현기타이어,,G2,소매,G202,자동차 부품 소매,G20201,타이어 소매업,G45211,자동차 신품 타이어 및 튜브 판매업,47,경상북도,47250,상주시,47250550,동문동,4725012200,외답동,4725012200104420005,1,대지,442,5,경상북도 상주시 외답동 442-5,472503311003,경상북도 상주시 경천로,43,,4725012200104420005096628,,경상북도 상주시 경천로 43,742320,37240,,,,128.201732346373,36.4218277332018
MA010120220812040008,경림산업,,G2,소매,G202,자동차 부품 소매,G20201,타이어 소매업,G45211,자동차 신품 타이어 및 튜브 판매업,41,경기도,41500,이천시,41500330,호법면,4150033024,호법면,4150033024105190001,1,대지,519,1,경기도 이천시 호법면 단천리 519-1,415004421266,경기도 이천시 호법면 동산로395번길,213,,4150033024105190001000001,,경기도 이천시 호법면 동산로395번길 213,467821,17397,,,,127.404688838709,37.2180247455369
MA010120220812048018,씨티타이어,용원점,G2,소매,G202,자동차 부품 소매,G20201,타이어 소매업,G45211,자동차 신품 타이어 및 튜브 판매업,48,경상남도,48129,창원시 진해구,48129650,웅동2동,4812916400,용원동,4812916400112320010,1,대지,1232,10,경상남도 창원시 진해구 용원동 1232-10,481293331043,경상남도 창원시 진해구 용재로,104,,4812916400112320010000069,,경상남도 창원시 진해구 용재로 104,645510,51604,,,,128.820805822976,35.100051985233
MA010120220812080570,타이어공항점,백화점,G2,소매,G202,자동차 부품 소매,G20201,타이어 소매업,G45211,자동차 신품 타이어 및 튜브 판매업,50,제주특별자치도,50110,제주시,50110580,용담2동,5011010900,용담이동,5011010900107460007,1,대지,746,7,제주특별자치도 제주시 용담이동 746-7,501103349154,제주특별자치도 제주시 용문로,70,,5011010900107460007000001,,제주특별자치도 제주시 용문로 70,690042,63164,,,,126.503749449437,33.5039426164592
MA010120220814215877,미친밧데리,,G2,소매,G202,자동차 부품 소매,G20201,타이어 소매업,G45212,자동차용 전용 신품 부품 판매업,44,충청남도,44131,천안시 동남구,44131540,원성2동,4413110700,원성동,4413110700106430005,1,대지,643,5,충청남도 천안시 동남구 원성동 643-5,441312249005,충청남도 천안시 동남구 천안대로,587,,4413110700106430005026166,,충청남도 천안시 동남구 천안대로 587,330954,31187,,,,127.164012088739,36.8007537686102
MA010120220814231506,군산볼보,,G2,소매,G202,자동차 부품 소매,G20201,타이어 소매업,G45211,자동차 신품 타이어 및 튜브 판매업,52,전북특별자치도,52130,군산시,52130720,미성동,5213015100,산북동,5213015100123730000,1,대지,2373,,전북특별자치도 군산시 산북동 2373,521303268083,전북특별자치도 군산시 옥녀로,23,11,4513015100123730000000001,,전북특별자치도 군산시 옥녀로 23-11,573877,54159,,,,126.622825252504,35.9639828190166
MA010120220814172241,고고타이어,광양점,G2,소매,G202,자동차 부품 소매,G20201,타이어 소매업,G45211,자동차 신품 타이어 및 튜브 판매업,46,전라남도,46230,광양시,46230250,광양읍,4623025030,광양읍,4623025030108750007,1,대지,875,7,전라남도 광양시 광양읍 용강리 875-7,462304655366,전라남도 광양시 광양읍 용두2길,8,,4623025030108750007000001,,전라남도 광양시 광양읍 용두2길 8,545801,57748,,,,127.607440363318,34.9710526665448
MA010120220814202878,세온씨앤이,,G2,소매,G202,자동차 부품 소매,G20201,타이어 소매업,G45211,자동차 신품 타이어 및 튜브 판매업,41,경기도,41650,포천시,41650330,가산면,4165033028,가산면,4165033028106430032,1,대지,643,32,경기도 포천시 가산면 마전리 643-32,416503213046,경기도 포천시 가산면 포천로,924,,4165033028106430032000001,,경기도 포천시 가산면 포천로 924,487815,11165,,,,127.198042603086,37.8497817457874
MA010120220814242082,송산타이어,,G2,소매,G202,자동차 부품 소매,G20201,타이어 소매업,G45220,자동차 중고 부품 및 내장품 판매업,41,경기도,41500,이천시,41500250,장호원읍,4150025026,장호원읍,4150025026101640000,1,대지,164,,경기도 이천시 장호원읍 송산리 164,415002012006,경기도 이천시 장호원읍 서동대로,8622,5,4150025026101640001018751,,경기도 이천시 장호원읍 서동대로 8622-5,467904,17415,,,,127.593645168021,37.1134461659821
MA010120220814184430,타이어HOUSE,,G2,소매,G202,자동차 부품 소매,G20201,타이어 소매업,G45211,자동차 신품 타이어 및 튜브 판매업,41,경기도,41271,안산시 상록구,41271540,본오1동,4127110400,본오동,4127110400108300009,1,대지,830,9,경기도 안산시 상록구 본오동 830-9,412713190003,경기도 안산시 상록구 각골로,31,1,4127110400108300009014700,타이어HOUSE,경기도 안산시 상록구 각골로 31-1,426812,15556,,1,,126.872256328417,37.2923434979716
MA010120220814214195,인제종합타이어밧데리,,G2,소매,G202,자동차 부품 소매,G20201,타이어 소매업,G45211,자동차 신품 타이어 및 튜브 판매업,51,강원특별자치도,51810,인제군,51810250,인제읍,5181025021,인제읍,5181025021102980001,1,대지,298,1,강원특별자치도 인제군 인제읍 상동리 298-1,518103233020,강원특별자치도 인제군 인제읍 인제로,174,1,4281025021002980001009015,,강원특별자치도 인제군 인제읍 인제로 174-1,252806,24632,,1,,128.170250956566,38.0678333228847
MA010120220814313604,금강중고타이어,,G2,소매,G202,자동차 부품 소매,G20201,타이어 소매업,G45220,자동차 중고 부품 및 내장품 판매업,27,대구광역시,27290,달서구,27290602,월성2동,2729012000,월성동,2729012000102200026,1,대지,220,26,대구광역시 달서구 월성동 220-26,272903147018,대구광역시 달서구 성서공단로,388,7,2729012000102200026000001,,대구광역시 달서구 성서공단로 388-7,704828,42723,,,,128.525656814867,35.8361507041301
MA010120220814260731,고속대형타이어,,G2,소매,G202,자동차 부품 소매,G20201,타이어 소매업,G45211,자동차 신품 타이어 및 튜브 판매업,44,충청남도,44710,금산군,44710390,추부면,4471039022,추부면,4471039022103610009,1,대지,361,9,충청남도 금산군 추부면 추정리 361-9,447103000088,충청남도 금산군 추부면 금산로,2388,12,4471039022103610009000001,,충청남도 금산군 추부면 금산로 2388-12,312942,32715,,,,127.473529292971,36.1782653089812
MA010120220814271314,타이어월드,,G2,소매,G202,자동차 부품 소매,G20201,타이어 소매업,G45220,자동차 중고 부품 및 내장품 판매업,52,전북특별자치도,52130,군산시,52130690,수송동,5213014100,수송동,5213014100104420029,1,대지,442,29,전북특별자치도 군산시 수송동 442-29,521303268030,전북특별자치도 군산시 문화로,55,2,4513014100104420029030913,,전북특별자치도 군산시 문화로 55-2,573370,54081,,,,126.711944463755,35.9700518045235
MA010120220814190320,의정부중고타이어,,G2,소매,G202,자동차 부품 소매,G20201,타이어 소매업,G45220,자동차 중고 부품 및 내장품 판매업,41,경기도,41150,의정부시,41150580,자금동,4115010900,금오동,4115010900103190001,1,대지,319,1,경기도 의정부시 금오동 319-1,411503000136,경기도 의정부시 호국로,1443,,4115010900103190001036558,,경기도 의정부시 호국로 1443,480822,11760,,,,127.061512280645,37.7508896758094
MA010120220814173596,타이어스토리,진접점,G2,소매,G202,자동차 부품 소매,G20201,타이어 소매업,G45211,자동차 신품 타이어 및 튜브 판매업,41,경기도,41360,남양주시,41360253,진접읍,4136025326,진접읍,4136025326107290003,1,대지,729,3,경기도 남양주시 진접읍 팔야리 729-3,413603000121,경기도 남양주시 진접읍 금강로,1815,,4136025326107290003000001,,경기도 남양주시 진접읍 금강로 1815,472868,12018,,,,127.206041046444,37.7474010678038
MA010120220814209287,금강타이어,,G2,소매,G202,자동차 부품 소매,G20201,타이어 소매업,G45211,자동차 신품 타이어 및 튜브 판매업,48,경상남도,48820,고성군,48820430,거류면,4882043028,거류면,4882043028100260000,1,대지,26,,경상남도 고성군 거류면 용산리 26,488204826444,경상남도 고성군 거류면 용산4길,12,,4882043028100260000058028,,경상남도 고성군 거류면 용산4길 12,638833,52924,,,,128.366393945836,34.9681561212384
MA010120220814318015,일등타이어중고타이어전문,,G2,소매,G202,자동차 부품 소매,G20201,타이어 소매업,G45211,자동차 신품 타이어 및 튜브 판매업,48,경상남도,48310,거제시,48310370,연초면,4831037023,연초면,4831037023102000000,1,대지,200,,경상남도 거제시 연초면 연사리 200,483103337028,경상남도 거제시 연초면 연하해안로,17,,4831037023102000000000001,,경상남도 거제시 연초면 연하해안로 17,656811,53209,,1,,128.645060862385,34.9078215983546
MA0101202209A0017386,명성타이어,,G2,소매,G202,자동차 부품 소매,G20201,타이어 소매업,G45211,자동차 신품 타이어 및 튜브 판매업,26,부산광역시,26380,사하구,26380510,괴정1동,2638010100,괴정동,2638010100104910026,1,대지,491,26,부산광역시 사하구 괴정동 491-26,263803134015,부산광역시 사하구 사하로,149,,2638010100104910026028455,,부산광역시 사하구 사하로 149,604812,49388,,,,128.993121631433,35.0951869714788
MA0101202209A0038979,타이어체인지,하남점,G2,소매,G202,자동차 부품 소매,G20201,타이어 소매업,G45211,자동차 신품 타이어 및 튜브 판매업,29,광주광역시,29200,광산구,29200640,하남동,2920012600,장수동,2920012600104590006,1,대지,459,6,광주광역시 광산구 장수동 459-6,292003163001,광주광역시 광산구 고봉로,224,7,2920012600104590006000001,,광주광역시 광산구 고봉로 224-7,506250,62395,,,,126.786905624035,35.1855317983099
MA0101202209A0083509,마산타이어,,G2,소매,G202,자동차 부품 소매,G20201,타이어 소매업,G45211,자동차 신품 타이어 및 튜브 판매업,41,경기도,41570,김포시,41570575,마산동,4157010800,마산동,4157010800106610005,1,대지,661,5,경기도 김포시 마산동 661-5,415704838100,경기도 김포시 김포한강8로148번길,46,,4157010800106610005000001,,경기도 김포시 김포한강8로148번길 46,415090,10068,,,,126.644720384148,37.6353881915482
MA010120220814392127,"픽스휠,타이어",,G2,소매,G202,자동차 부품 소매,G20201,타이어 소매업,G45211,자동차 신품 타이어 및 튜브 판매업,27,대구광역시,27110,중구,27110640,남산1동,2711015600,남산동,2711015600105960007,1,대지,596,7,대구광역시 중구 남산동 596-7,271104223090,대구광역시 중구 명덕로35길,70,,2711015600105960012022866,,대구광역시 중구 명덕로35길 70,700441,41968,,,,128.589385280377,35.8597366746491
MA0101202209A0072085,하람통상,,G2,소매,G202,자동차 부품 소매,G20201,타이어 소매업,G45211,자동차 신품 타이어 및 튜브 판매업,48,경상남도,48170,진주시,48170673,상대동,4817011900,상대동,4817011900101950008,1,대지,195,8,경상남도 진주시 상대동 195-8,481704796317,경상남도 진주시 대신로291번길,17,2,4817011900101950008011138,,경상남도 진주시 대신로291번길 17-2,660803,52774,,,,128.115193334535,35.1861820071069
MA0101202209A0031753,24시타이어,,G2,소매,G202,자동차 부품 소매,G20201,타이어 소매업,G45211,자동차 신품 타이어 및 튜브 판매업,44,충청남도,44230,논산시,44230410,은진면,4423041021,은진면,4423041021105000025,1,대지,500,25,충청남도 논산시 은진면 연서리 500-25,442302255002,충청남도 논산시 은진면 득안대로,1036,,4423041021105000025000001,,충청남도 논산시 은진면 득안대로 1036,320823,33001,,,,127.102510111043,36.1598720506265
MA010120220814382047,준파츠,,G2,소매,G202,자동차 부품 소매,G20201,타이어 소매업,G45212,자동차용 전용 신품 부품 판매업,26,부산광역시,26710,기장군,26710250,기장읍,2671025021,기장읍,2671025021103900009,1,대지,390,9,부산광역시 기장군 기장읍 동부리 390-9,267103140059,부산광역시 기장군 기장읍 배산로,71,2,2671025021103900009000001,,부산광역시 기장군 기장읍 배산로 71-2,619905,46057,,2,,129.213010255015,35.2496549487908
MA010120220814357977,대왕타이어,,G2,소매,G202,자동차 부품 소매,G20201,타이어 소매업,G45211,자동차 신품 타이어 및 튜브 판매업,41,경기도,41550,안성시,41550380,원곡면,4155038025,원곡면,4155038025101790016,1,대지,179,16,경기도 안성시 원곡면 내가천리 179-16,415503012025,경기도 안성시 원곡면 청원로,1768,,4155038025101790016006160,,경기도 안성시 원곡면 청원로 1768,456811,17556,,1,,127.116171803469,37.0416905270649
MA0101202210A0099277,247타이어,,G2,소매,G202,자동차 부품 소매,G20201,타이어 소매업,G45211,자동차 신품 타이어 및 튜브 판매업,26,부산광역시,26440,강서구,26440510,대저1동,2644010100,대저1동,2644010100107400004,1,대지,740,4,부산광역시 강서구 대저1동 740-4,264403136036,부산광역시 강서구 대저로,191,,2644010100107400004016588,,부산광역시 강서구 대저로 191,618803,46702,,1,,128.973699395625,35.2149380150846
MA0101202210A0017649,동원카센타,,G2,소매,G202,자동차 부품 소매,G20201,타이어 소매업,G45211,자동차 신품 타이어 및 튜브 판매업,41,경기도,41590,화성시,41590259,향남읍,4159025921,향남읍,4159025921101370019,1,대지,137,19,경기도 화성시 향남읍 평리 137-19,415903012004,경기도 화성시 향남읍 삼천병마로,173,4,4159025921101370019009200,,경기도 화성시 향남읍 삼천병마로 173-4,445939,18593,,,,126.908587516771,37.1291158864656
MA0101202210A0084431,베스트카,,G2,소매,G202,자동차 부품 소매,G20201,타이어 소매업,G45211,자동차 신품 타이어 및 튜브 판매업,48,경상남도,48220,통영시,48220340,광도면,4822034024,광도면,4822034024115740022,1,대지,1574,22,경상남도 통영시 광도면 죽림리 1574-22,482203333028,경상남도 통영시 광도면 죽림2로,55,27,4822034024115740022054925,,경상남도 통영시 광도면 죽림2로 55-27,650829,53015,,,,128.419879453291,34.8804950350634
MA0101202210A0097651,몽키타이어,,G2,소매,G202,자동차 부품 소매,G20201,타이어 소매업,G45211,자동차 신품 타이어 및 튜브 판매업,47,경상북도,47130,경주시,47130630,동천동,4713012600,동천동,4713012600107330228,1,대지,733,228,경상북도 경주시 동천동 733-228,471304715819,경상북도 경주시 양정로218번길,4,,4713012600107330228037393,,경상북도 경주시 양정로218번길 4,780934,38107,,,,129.224400639079,35.8520879401323
MA0101202210A0097974,마린자동차장비,,G2,소매,G202,자동차 부품 소매,G20201,타이어 소매업,G45211,자동차 신품 타이어 및 튜브 판매업,48,경상남도,48310,거제시,48310530,능포동,4831010100,능포동,4831010100101740003,1,대지,174,3,경상남도 거제시 능포동 174-3,483104811131,경상남도 거제시 능포로14길,11,,4831010100101740003000001,,경상남도 거제시 능포로14길 11,656900,53313,,,,128.738413647874,34.8838642787352
MA0101202210A0009328,타이어프렌즈,,G2,소매,G202,자동차 부품 소매,G20201,타이어 소매업,G45211,자동차 신품 타이어 및 튜브 판매업,41,경기도,41285,고양시 일산동구,41285580,장항1동,4128510600,백석동,4128510600111230008,1,대지,1123,8,경기도 고양시 일산동구 백석동 1123-8,412853193030,경기도 고양시 일산동구 장항로,33,,4128510600111230008000001,,경기도 고양시 일산동구 장항로 33,410835,10433,,,,126.790692433541,37.6299621375956
MA0101202210A0039814,대국카센터,,G2,소매,G202,자동차 부품 소매,G20201,타이어 소매업,G45211,자동차 신품 타이어 및 튜브 판매업,30,대전광역시,30230,대덕구,30230580,목상동,3023011400,신일동,3023011400116840003,1,대지,1684,3,대전광역시 대덕구 신일동 1684-3,302304304304,대전광역시 대덕구 신일동로5번길,29,,3023011400116840003021283,,대전광역시 대덕구 신일동로5번길 29,306210,34324,,,,127.406093415002,36.4453434052713
MA0101202210A0076004,한국타이어장평점,,G2,소매,G202,자동차 부품 소매,G20201,타이어 소매업,G45211,자동차 신품 타이어 및 튜브 판매업,48,경상남도,48310,거제시,48310570,장평동,4831010800,장평동,4831010800103790016,1,대지,379,16,경상남도 거제시 장평동 379-16,483103337043,경상남도 거제시 장평1로,93,,4831010800103790016023892,,경상남도 거제시 장평1로 93,656927,53265,,,,128.610822960003,34.8935625149275
MA0101202210A0092778,우바스타이어,,G2,소매,G202,자동차 부품 소매,G20201,타이어 소매업,G45211,자동차 신품 타이어 및 튜브 판매업,48,경상남도,48250,김해시,48250250,진영읍,4825025026,진영읍,4825025026106740116,1,대지,674,116,경상남도 김해시 진영읍 진영리 674-116,482503019034,경상남도 김해시 진영읍 진산대로,216,,4825025026106740104000001,,경상남도 김해시 진영읍 진산대로 216,621807,50859,,,,128.720512214182,35.3227833554388
MA0101202210A0034057,루마버텍스,시청점,G2,소매,G202,자동차 부품 소매,G20201,타이어 소매업,G45211,자동차 신품 타이어 및 튜브 판매업,36,세종특별자치시,36110,세종특별자치시,36110570,대평동,3611010400,대평동,3611010400106710000,1,대지,671,,세종특별자치시 세종특별자치시 대평동 671,361103350795,세종특별자치시 세종특별자치시 대평로,87,,3611010400105660005000001,태양빌딩,세종특별자치시 세종특별자치시 대평로 87,339005,30152,,,,127.275873966015,36.474444384492
MA0101202210A0014121,오일마트,,G2,소매,G202,자동차 부품 소매,G20201,타이어 소매업,G45211,자동차 신품 타이어 및 튜브 판매업,41,경기도,41590,화성시,41590256,우정읍,4159025628,우정읍,4159025628110860006,1,대지,1086,6,경기도 화성시 우정읍 이화리 1086-6,415903012027,경기도 화성시 우정읍 포승향남로,953,,4159025628110860006000001,정,경기도 화성시 우정읍 포승향남로 953,445954,18573,,,,126.80612009539,37.0335423933181
MA0101202210A0016872,중앙타이어,,G2,소매,G202,자동차 부품 소매,G20201,타이어 소매업,G45211,자동차 신품 타이어 및 튜브 판매업,52,전북특별자치도,52750,임실군,52750355,오수면,5275035534,오수면,5275035534107390003,1,대지,739,3,전북특별자치도 임실군 오수면 금암리 739-3,527503277023,전북특별자치도 임실군 오수면 오수로,84,,4575035534107390003130129,,전북특별자치도 임실군 오수면 오수로 84,566892,55955,,,,127.333650896523,35.5346311666693
MA0101202210A0036468,정여사네타이어,,G2,소매,G202,자동차 부품 소매,G20201,타이어 소매업,G45211,자동차 신품 타이어 및 튜브 판매업,41,경기도,41463,용인시 기흥구,41463586,상하동,4146311700,상하동,4146311700103880001,1,대지,388,1,경기도 용인시 기흥구 상하동 388-1,414632012012,경기도 용인시 기흥구 중부대로,679,,4146311700103880001000001,타이어타운,경기도 용인시 기흥구 중부대로 679,446516,16994,,1,,127.136663700952,37.2670053259977
MA0101202210B0037352,씨씨카서비스,,G2,소매,G202,자동차 부품 소매,G20201,타이어 소매업,G45211,자동차 신품 타이어 및 튜브 판매업,41,경기도,41271,안산시 상록구,41271580,월피동,4127110900,월피동,4127110900104570013,1,대지,457,13,경기도 안산시 상록구 월피동 457-13,412713190052,경기도 안산시 상록구 안산천동로,250,,4127110900104570013023225,,경기도 안산시 상록구 안산천동로 250,426854,15281,,1,,126.849851627902,37.3355668157713
MA0101202210A0049160,탄탄타이어,,G2,소매,G202,자동차 부품 소매,G20201,타이어 소매업,G45211,자동차 신품 타이어 및 튜브 판매업,44,충청남도,44200,아산시,44200330,탕정면,4420033025,탕정면,4420033025106070024,1,대지,607,24,충청남도 아산시 탕정면 매곡리 607-24,442003015035,충청남도 아산시 탕정면 이순신대로,710,,4420033025106070024000878,,충청남도 아산시 탕정면 이순신대로 710,336843,31461,,,,127.081307802751,36.7921072763477
MA0101202210A0024142,타이어테크,정관점,G2,소매,G202,자동차 부품 소매,G20201,타이어 소매업,G45211,자동차 신품 타이어 및 튜브 판매업,26,부산광역시,26710,기장군,26710256,정관읍,2671025630,정관읍,2671025630110190001,1,대지,1019,1,부산광역시 기장군 정관읍 예림리 1019-1,267103140047,부산광역시 기장군 정관읍 정관로,781,,2671032030110190001000001,,부산광역시 기장군 정관읍 정관로 781,619961,46020,,,,129.197991648252,35.3235501562582
MA0101202210A0074775,봉담타이어,,G2,소매,G202,자동차 부품 소매,G20201,타이어 소매업,G45211,자동차 신품 타이어 및 튜브 판매업,41,경기도,41590,화성시,41590570,화산동,4159012600,안녕동,4159012600101860020,1,대지,186,20,경기도 화성시 안녕동 186-20,415903012007,경기도 화성시 효행로,508,2,4159012600001860020030847,,경기도 화성시 효행로 508-2,445380,18325,,,,126.988723692642,37.2066595017627
MA0101202212A0003769,곤양대형타이어,,G2,소매,G202,자동차 부품 소매,G20201,타이어 소매업,G45211,자동차 신품 타이어 및 튜브 판매업,48,경상남도,48240,사천시,48240350,곤양면,4824035024,곤양면,4824035024103450000,1,대지,345,,경상남도 사천시 곤양면 송전리 345,482404802730,경상남도 사천시 곤양면 향교길,43,6,4824035024103450000038257,,경상남도 사천시 곤양면 향교길 43-6,664912,52504,,,,127.96864551022,35.0606720546418
MA0101202212A0001539,타이어1번지,,G2,소매,G202,자동차 부품 소매,G20201,타이어 소매업,G45211,자동차 신품 타이어 및 튜브 판매업,41,경기도,41285,고양시 일산동구,41285600,고봉동,4128511100,설문동,4128511100101490026,1,대지,149,26,경기도 고양시 일산동구 설문동 149-26,412854379178,경기도 고양시 일산동구 장진천길46번길,22,59,4128511100101490026000001,,경기도 고양시 일산동구 장진천길46번길 22-59,410818,10257,,,,126.815931157975,37.7131375125901
MA0101202212A0028296,명하성타이어,,G2,소매,G202,자동차 부품 소매,G20201,타이어 소매업,G45211,자동차 신품 타이어 및 튜브 판매업,29,광주광역시,29200,광산구,29200565,어룡동,2920010800,소촌동,2920010800107550004,1,대지,755,4,광주광역시 광산구 소촌동 755-4,292002009009,광주광역시 광산구 무진대로,80,,2920010800107550004000001,인산주유소,광주광역시 광산구 무진대로 80,506803,62382,,,,126.789804029227,35.1599744160282
MA0101202211A0032904,타이어팩토리,,G2,소매,G202,자동차 부품 소매,G20201,타이어 소매업,G45211,자동차 신품 타이어 및 튜브 판매업,41,경기도,41220,평택시,41220620,비전1동,4122012700,죽백동,4122012700104400003,1,대지,440,3,경기도 평택시 죽백동 440-3,412203012021,경기도 평택시 만세로,1644,,4122012700104400003000002,,경기도 평택시 만세로 1644,450804,17846,,,,127.117248923692,37.0184687056157
MA0101202211A0059008,백만타이어,,G2,소매,G202,자동차 부품 소매,G20201,타이어 소매업,G45211,자동차 신품 타이어 및 튜브 판매업,47,경상북도,47930,울진군,47930310,북면,4793031027,북면,4793031027101600000,1,대지,160,,경상북도 울진군 북면 두천리 160,479304775221,경상북도 울진군 북면 안말래길,16,,4793031027101600000000001,,경상북도 울진군 북면 안말래길 16,767893,36309,,,,129.288065198637,37.0290514006598
MA0101202211A0045951,오토오아시스홈플러스,강동점,G2,소매,G202,자동차 부품 소매,G20201,타이어 소매업,G45211,자동차 신품 타이어 및 튜브 판매업,11,서울특별시,11740,강동구,11740600,천호1동,1174010900,천호동,1174010900100420000,1,대지,42,,서울특별시 강동구 천호동 42,117402000006,서울특별시 강동구 양재대로,1571,,1174010900100420000000001,홈플러스강동점,서울특별시 강동구 양재대로 1571,134861,05314,,B3,,127.14226301945,37.5457201634821
MA0101202211A0094547,고스트스피드,,G2,소매,G202,자동차 부품 소매,G20201,타이어 소매업,G45211,자동차 신품 타이어 및 튜브 판매업,30,대전광역시,30200,유성구,30200526,학하동,3020011600,복용동,3020011600105720005,1,대지,572,5,대전광역시 유성구 복용동 572-5,302004301545,대전광역시 유성구 복용북로26번길,14,,3020011600105720005000001,,대전광역시 유성구 복용북로26번길 14,305360,34160,,,,127.310745251916,36.3434189499275
MA0101202211A0008693,비엠더블유협력업체,,G2,소매,G202,자동차 부품 소매,G20201,타이어 소매업,G45211,자동차 신품 타이어 및 튜브 판매업,48,경상남도,48250,김해시,48250565,칠산서부동,4825011000,흥동,4825011000100540002,1,대지,54,2,경상남도 김해시 흥동 54-2,482503335069,경상남도 김해시 흥동로,98,,4825011000100540002084363,,경상남도 김해시 흥동로 98,621120,50964,,1,,128.859395878198,35.2215965192234
MA0101202211A0015353,더타이어샵,평거점,G2,소매,G202,자동차 부품 소매,G20201,타이어 소매업,G45211,자동차 신품 타이어 및 튜브 판매업,48,경상남도,48170,진주시,48170710,평거동,4817012600,평거동,4817012600103080010,1,대지,308,10,경상남도 진주시 평거동 308-10,481703332056,경상남도 진주시 진양호로,173,,4817012600103080010213146,,경상남도 진주시 진양호로 173,660991,52678,,,,128.057618940226,35.1707183804477
MA0101202211A0032336,명품타이어,,G2,소매,G202,자동차 부품 소매,G20201,타이어 소매업,G45211,자동차 신품 타이어 및 튜브 판매업,43,충청북도,43150,제천시,43150510,교동,4315011600,장락동,4315011600103920010,1,대지,392,10,충청북도 제천시 장락동 392-10,431503239010,충청북도 제천시 내토로,827,,4315011600103920010000001,,충청북도 제천시 내토로 827,390894,27150,,,,128.226049068719,37.150138344343
MA0101202301A0030728,바퀴세상,,G2,소매,G202,자동차 부품 소매,G20201,타이어 소매업,G45211,자동차 신품 타이어 및 튜브 판매업,46,전라남도,46790,화순군,46790250,화순읍,4679025031,화순읍,4679025031107180008,1,대지,718,8,전라남도 화순군 화순읍 삼천리 718-8,467903291015,전라남도 화순군 화순읍 쌍충로,64,,4679025031107180008000001,,전라남도 화순군 화순읍 쌍충로 64,519807,58122,,,,126.981989421451,35.0575888378279
MA0101202212A0032202,공룡타이어,봉담점,G2,소매,G202,자동차 부품 소매,G20201,타이어 소매업,G45211,자동차 신품 타이어 및 튜브 판매업,41,경기도,41590,화성시,41590570,화산동,4159012600,안녕동,4159012600101700117,1,대지,170,117,경기도 화성시 안녕동 170-117,415903012007,경기도 화성시 효행로,578,,4159012600101700117000001,,경기도 화성시 효행로 578,445380,18325,,2,,126.996012302518,37.2042361438797
MA0101202212A0070527,경기특판,,G2,소매,G202,자동차 부품 소매,G20201,타이어 소매업,G45211,자동차 신품 타이어 및 튜브 판매업,41,경기도,41210,광명시,41210570,광명6동,4121010800,옥길동,4121010800103980002,1,대지,398,2,경기도 광명시 옥길동 398-2,412103000017,경기도 광명시 금오로,715,,4121010800103980002000001,,경기도 광명시 금오로 715,423817,14298,,,,126.83365599527,37.4645442440606
MA0101202301A0021072,티알트레이딩,,G2,소매,G202,자동차 부품 소매,G20201,타이어 소매업,G45211,자동차 신품 타이어 및 튜브 판매업,41,경기도,41570,김포시,41570560,장기동,4157010400,장기동,4157010400107960006,1,대지,796,6,경기도 김포시 장기동 796-6,415704427067,경기도 김포시 김포대로1237번길,70,,4157010400107960006023968,,경기도 김포시 김포대로1237번길 70,415805,10091,,,,126.684431597733,37.6376724538984
MA0101202212A0039445,타이어프로충무로점,,G2,소매,G202,자동차 부품 소매,G20201,타이어 소매업,G45211,자동차 신품 타이어 및 튜브 판매업,44,충청남도,44131,천안시 동남구,44131560,일봉동,4413111400,다가동,4413111400104090002,1,대지,409,2,충청남도 천안시 동남구 다가동 409-2,441314547132,충청남도 천안시 동남구 다가말2길,47,6,4413111400104090002028950,,충청남도 천안시 동남구 다가말2길 47-6,330110,31182,,,,127.137305445171,36.7982825066329
MA0101202212A0072950,비엠에스타이어,동대문점,G2,소매,G202,자동차 부품 소매,G20201,타이어 소매업,G45211,자동차 신품 타이어 및 튜브 판매업,11,서울특별시,11230,동대문구,11230705,청량리동,1123010700,청량리동,1123010700104930000,1,대지,493,,서울특별시 동대문구 청량리동 493,112303105018,서울특별시 동대문구 홍릉로,76,,1123010700104930000041616,,서울특별시 동대문구 홍릉로 76,130869,02464,,,,127.043216508556,37.5870185149908
MA0101202301A0019305,24시이동정비,,G2,소매,G202,자동차 부품 소매,G20201,타이어 소매업,G45211,자동차 신품 타이어 및 튜브 판매업,52,전북특별자치도,52180,정읍시,52180440,산외면,5218044022,산외면,5218044022103230004,1,대지,323,4,전북특별자치도 정읍시 산외면 평사리 323-4,521804611043,전북특별자치도 정읍시 산외면 평사3길,44,,4518044022103230004038163,,전북특별자치도 정읍시 산외면 평사3길 44,580951,56124,,,,127.043158368212,35.6179502385173
MA0101202301A0045070,영운유통,,G2,소매,G202,자동차 부품 소매,G20201,타이어 소매업,G45211,자동차 신품 타이어 및 튜브 판매업,11,서울특별시,11380,은평구,11380510,녹번동,1138010200,녹번동,1138010200101610006,1,대지,161,6,서울특별시 은평구 녹번동 161-6,113803005055,서울특별시 은평구 응암로,371,,1138010200101610006000001,,서울특별시 은평구 응암로 371,122834,03458,,,,126.922380109619,37.6044711262174
MA0101202212A0052039,지엘오토티,,G2,소매,G202,자동차 부품 소매,G20201,타이어 소매업,G45211,자동차 신품 타이어 및 튜브 판매업,41,경기도,41500,이천시,41500350,대월면,4150035025,대월면,4150035025104770008,1,대지,477,8,경기도 이천시 대월면 초지리 477-8,415004421231,경기도 이천시 대월면 대평로214번길,32,,4150035025104770008000001,,경기도 이천시 대월면 대평로214번길 32,467852,17343,,,,127.500342732517,37.223164653517
MA0101202212A0067510,형제모터스,,G2,소매,G202,자동차 부품 소매,G20201,타이어 소매업,G45211,자동차 신품 타이어 및 튜브 판매업,48,경상남도,48820,고성군,48820250,고성읍,4882025025,고성읍,4882025025104160010,1,대지,416,10,경상남도 고성군 고성읍 송학리 416-10,488203342022,경상남도 고성군 고성읍 송학고분로,325,,4882025025104160010000001,,경상남도 고성군 고성읍 송학고분로 325,638805,52931,,,,128.325486224823,34.9816153864935
MA0101202302A0053133,타이어프로,여수점,G2,소매,G202,자동차 부품 소매,G20201,타이어 소매업,G45211,자동차 신품 타이어 및 튜브 판매업,46,전라남도,46130,여수시,46130800,여천동,4613013500,선원동,4613013500112520002,1,대지,1252,2,전라남도 여수시 선원동 1252-2,461303282025,전라남도 여수시 무선로,127,,4613013500112520002000001,,전라남도 여수시 무선로 127,555801,59641,,,,127.654722746751,34.7722955896856
MA0101202302A0025664,타이어다함,,G2,소매,G202,자동차 부품 소매,G20201,타이어 소매업,G45211,자동차 신품 타이어 및 튜브 판매업,44,충청남도,44131,천안시 동남구,44131560,일봉동,4413111400,다가동,4413111400104090006,1,대지,409,6,충청남도 천안시 동남구 다가동 409-6,441314547133,충청남도 천안시 동남구 다가말4길,30,,4413111400104090006028784,,충청남도 천안시 동남구 다가말4길 30,330110,31182,,,,127.138347648539,36.7983623990398
MA0101202301A0088973,정타이어,,G2,소매,G202,자동차 부품 소매,G20201,타이어 소매업,G45211,자동차 신품 타이어 및 튜브 판매업,52,전북특별자치도,52800,부안군,52800250,부안읍,5280025022,부안읍,5280025022105580002,1,대지,558,2,전북특별자치도 부안군 부안읍 서외리 558-2,528003280045,전북특별자치도 부안군 부안읍 부풍로,134,1,4580025022105580002000001,,전북특별자치도 부안군 부안읍 부풍로 134-1,579803,56312,,,,126.730443908761,35.7194200068875
MA0101202302A0058121,상동타이어,,G2,소매,G202,자동차 부품 소매,G20201,타이어 소매업,G45211,자동차 신품 타이어 및 튜브 판매업,48,경상남도,48250,김해시,48250350,생림면,4825035021,생림면,4825035021110930006,1,대지,1093,6,경상남도 김해시 생림면 나전리 1093-6,482503335010,경상남도 김해시 생림면 나전로,73,,4825035021110930006047469,,경상남도 김해시 생림면 나전로 73,621821,50802,,,,128.871474634823,35.293676227706
MA0101202301A0085049,동부타이어,,G2,소매,G202,자동차 부품 소매,G20201,타이어 소매업,G45211,자동차 신품 타이어 및 튜브 판매업,48,경상남도,48127,창원시 마산회원구,48127560,양덕1동,4812710500,양덕동,4812710500100190006,1,대지,19,6,경상남도 창원시 마산회원구 양덕동 19-6,481273019003,경상남도 창원시 마산회원구 팔용로,19,,4812710500100190006012126,,경상남도 창원시 마산회원구 팔용로 19,630809,51364,,,,128.585679407034,35.2315666873233
MA0101202302A0000761,타이어다싸다주안,,G2,소매,G202,자동차 부품 소매,G20201,타이어 소매업,G45211,자동차 신품 타이어 및 튜브 판매업,28,인천광역시,28200,남동구,28200551,간석4동,2820010200,간석동,2820010200106160062,1,대지,616,62,인천광역시 남동구 간석동 616-62,282003150038,인천광역시 남동구 염전로,421,,2820010200106160062000908,,인천광역시 남동구 염전로 421,405810,21500,,,,126.686936966826,37.469580597733
MA0101202301A0058764,동그리타이어,,G2,소매,G202,자동차 부품 소매,G20201,타이어 소매업,G45211,자동차 신품 타이어 및 튜브 판매업,44,충청남도,44133,천안시 서북구,44133256,직산읍,4413325629,직산읍,4413325629102370049,1,대지,237,49,충청남도 천안시 서북구 직산읍 모시리 237-49,441333250063,충청남도 천안시 서북구 직산읍 4산단7로,44,3,4413325629102370049000001,,충청남도 천안시 서북구 직산읍 4산단7로 44-3,331814,31039,,1,,127.124459371584,36.8642667187778
MA0101202302A0059961,타이어다싸다도화,,G2,소매,G202,자동차 부품 소매,G20201,타이어 소매업,G45211,자동차 신품 타이어 및 튜브 판매업,28,인천광역시,28177,미추홀구,28177610,도화2.3동,2817710400,도화동,2817710400100840041,1,대지,84,41,인천광역시 미추홀구 도화동 84-41,281774253626,인천광역시 미추홀구 장고개로42번길,3,,2817010500100840041027134,,인천광역시 미추홀구 장고개로42번길 3,402806,22117,,1,,126.66780093988,37.471636705297
MA0101202301A0078478,효가자동차부품,,G2,소매,G202,자동차 부품 소매,G20201,타이어 소매업,G45211,자동차 신품 타이어 및 튜브 판매업,51,강원특별자치도,51170,동해시,51170650,삼화동,5117012400,삼화동,5117012400103600002,1,대지,360,2,강원특별자치도 동해시 삼화동 360-2,511703221029,강원특별자치도 동해시 이기로,33,,4217012400103600002000001,,강원특별자치도 동해시 이기로 33,240350,25746,,,,129.043760027502,37.4769393587439
MA0101202302A0045605,한성중기공업사,,G2,소매,G202,자동차 부품 소매,G20201,타이어 소매업,G45211,자동차 신품 타이어 및 튜브 판매업,41,경기도,41590,화성시,41590360,팔탄면,4159036022,팔탄면,4159036022103250001,1,대지,325,1,경기도 화성시 팔탄면 창곡리 325-1,415903210111,경기도 화성시 팔탄면 푸른들판로,928,4,4159036022103250001000001,,경기도 화성시 팔탄면 푸른들판로 928-4,445949,18525,,,,126.883951996281,37.1890416970671
MA0101202302A0013986,타이어스토어,,G2,소매,G202,자동차 부품 소매,G20201,타이어 소매업,G45211,자동차 신품 타이어 및 튜브 판매업,41,경기도,41480,파주시,41480510,금촌1동,4148010100,금촌동,4148010100107820003,1,대지,782,3,경기도 파주시 금촌동 782-3,414803206129,경기도 파주시 중앙로,231,,4148010100107820003026086,,경기도 파주시 중앙로 231,413011,10923,,,,126.779202866572,37.7569426064826
MA0101202302A0050206,타이어랜드,,G2,소매,G202,자동차 부품 소매,G20201,타이어 소매업,G45211,자동차 신품 타이어 및 튜브 판매업,28,인천광역시,28260,서구,28260580,가좌1동,2826011200,가좌동,2826011200101480022,1,대지,148,22,인천광역시 서구 가좌동 148-22,282603156064,인천광역시 서구 염곡로,102,,2826011200101480022019885,가좌동중원보드이노썬트전자,인천광역시 서구 염곡로 102,404810,22836,,,,126.666674541818,37.493627060021
MA0101202301A0068530,넘버원중고타이어,,G2,소매,G202,자동차 부품 소매,G20201,타이어 소매업,G45220,자동차 중고 부품 및 내장품 판매업,52,전북특별자치도,52140,익산시,52140570,동산동,5214012500,금강동,5214012500103800017,1,대지,380,17,전북특별자치도 익산시 금강동 380-17,521403269019,전북특별자치도 익산시 서동로,230,,4514012500103800000076831,,전북특별자치도 익산시 서동로 230,570959,54614,,,,126.975397026843,35.9390678956541
MA0101202303A0054438,국대타이어,광명점,G2,소매,G202,자동차 부품 소매,G20201,타이어 소매업,G45211,자동차 신품 타이어 및 튜브 판매업,41,경기도,41210,광명시,41210640,소하1동,4121010400,소하동,4121010400106820001,1,대지,682,1,경기도 광명시 소하동 682-1,412103000025,경기도 광명시 기아로,119,,4121010400106820001000001,,경기도 광명시 기아로 119,423824,14323,,,,126.892417804405,37.4369332237244
MA0101202303A0074884,온유타이어,,G2,소매,G202,자동차 부품 소매,G20201,타이어 소매업,G45211,자동차 신품 타이어 및 튜브 판매업,44,충청남도,44133,천안시 서북구,44133530,쌍용1동,4413310700,쌍용동,4413310700108490000,1,대지,849,,충청남도 천안시 서북구 쌍용동 849,441334550221,충청남도 천안시 서북구 봉서1길,3,,4413310700108490000053159,,충청남도 천안시 서북구 봉서1길 3,331949,31149,,,,127.129121943031,36.8093122667926
MA0101202302A0102985,타이어테크춘천,온의점,G2,소매,G202,자동차 부품 소매,G20201,타이어 소매업,G45211,자동차 신품 타이어 및 튜브 판매업,51,강원특별자치도,51110,춘천시,51110675,강남동,5111012100,온의동,5111012100100840003,1,대지,84,3,강원특별자치도 춘천시 온의동 84-3,511104454444,강원특별자치도 춘천시 스포츠타운길,500,,4211012100100840003000001,,강원특별자치도 춘천시 스포츠타운길 500,200937,24431,,,,127.712079383969,37.8668500829736
MA0101202303A0050909,타이어테크사곡점,,G2,소매,G202,자동차 부품 소매,G20201,타이어 소매업,G45211,자동차 신품 타이어 및 튜브 판매업,41,경기도,41550,안성시,41550530,안성3동,4155012300,사곡동,4155012300102320002,1,대지,232,2,경기도 안성시 사곡동 232-2,415502000021,경기도 안성시 안성맞춤대로,1431,,4155012300102320002020867,,경기도 안성시 안성맞춤대로 1431,456350,17539,,,,127.261471500087,37.0394769328247
MA0101202303A0039049,대원타이어,,G2,소매,G202,자동차 부품 소매,G20201,타이어 소매업,G45211,자동차 신품 타이어 및 튜브 판매업,47,경상북도,47850,칠곡군,47850370,기산면,4785037032,기산면,4785037032107480004,1,대지,748,4,경상북도 칠곡군 기산면 봉산리 748-4,478503018094,경상북도 칠곡군 기산면 지산로,581,,4785037032107480004001875,,경상북도 칠곡군 기산면 지산로 581,718851,39913,,,,128.343807926805,35.9863661273255
MA0101202302A0101516,1등타이어인천남동점,,G2,소매,G202,자동차 부품 소매,G20201,타이어 소매업,G45211,자동차 신품 타이어 및 튜브 판매업,28,인천광역시,28200,남동구,28200660,남촌도림동,2820010900,도림동,2820010900103480009,1,대지,348,9,인천광역시 남동구 도림동 348-9,282003153012,인천광역시 남동구 논고개로,267,1,2820010900103470012000001,,인천광역시 남동구 논고개로 267-1,405280,21645,,,,126.726149213036,37.4144549373544
MA0101202303A0090295,현타이어,,G2,소매,G202,자동차 부품 소매,G20201,타이어 소매업,G45211,자동차 신품 타이어 및 튜브 판매업,31,울산광역시,31140,남구,31140510,신정1동,3114010400,신정동,3114010400114110008,1,대지,1411,8,울산광역시 남구 신정동 1411-8,311404310056,울산광역시 남구 남산로338번길,1,,3114010400114110008037839,,울산광역시 남구 남산로338번길 1,680825,44623,,1,,129.304075237875,35.5473482532701
MA0101202302A0089389,블루모터스,,G2,소매,G202,자동차 부품 소매,G20201,타이어 소매업,G45211,자동차 신품 타이어 및 튜브 판매업,41,경기도,41281,고양시 덕양구,41281590,고양동,4128111600,고양동,4128111600102040001,1,대지,204,1,경기도 고양시 덕양구 고양동 204-1,412814376197,경기도 고양시 덕양구 읍내로6번길,1,20,4128111600102040001017222,,경기도 고양시 덕양구 읍내로6번길 1-20,412801,10275,,,,126.902253466431,37.7015190048013
MA0101202302A0097908,한국타이어산북점,,G2,소매,G202,자동차 부품 소매,G20201,타이어 소매업,G45211,자동차 신품 타이어 및 튜브 판매업,52,전북특별자치도,52130,군산시,52130720,미성동,5213015100,산북동,5213015100103940001,1,대지,394,1,전북특별자치도 군산시 산북동 394-1,521303268032,전북특별자치도 군산시 미성로,406,,4513015100103940001000001,,전북특별자치도 군산시 미성로 406,573875,54167,,,,126.665706749506,35.9557374588894
MA0101202303A0045698,다온터보,,G2,소매,G202,자동차 부품 소매,G20201,타이어 소매업,G45212,자동차용 전용 신품 부품 판매업,51,강원특별자치도,51730,횡성군,51730360,공근면,5173036026,공근면,5173036026100120003,1,대지,12,3,강원특별자치도 횡성군 공근면 삼배리 12-3,517303226008,강원특별자치도 횡성군 공근면 금계동로,401,30,4273036026100120003000001,,강원특별자치도 횡성군 공근면 금계동로 401-30,225871,25206,,,,128.011977785387,37.5810305335816
MA0101202302A0098189,미쉐린타이어타이어,플러스점,G2,소매,G202,자동차 부품 소매,G20201,타이어 소매업,G45211,자동차 신품 타이어 및 튜브 판매업,27,대구광역시,27140,동구,27140530,신암3동,2714010100,신암동,2714010100102180008,1,대지,218,8,대구광역시 동구 신암동 218-8,271403142028,대구광역시 동구 아양로,84,,2714010100102180008031781,,대구광역시 동구 아양로 84,701815,41208,,,,128.623166340627,35.8828497228866
MA0101202303A0031948,코끼리타이어,,G2,소매,G202,자동차 부품 소매,G20201,타이어 소매업,G45211,자동차 신품 타이어 및 튜브 판매업,41,경기도,41650,포천시,41650340,신북면,4165034022,신북면,4165034022108380002,1,대지,838,2,경기도 포천시 신북면 기지리 838-2,416503000136,경기도 포천시 신북면 호국로,2010,,4165034022108380002092105,,경기도 포천시 신북면 호국로 2010,487915,11139,,,,127.224371968433,37.9295221882517
MA0101202305A0054527,타이어K김제총판,,G2,소매,G202,자동차 부품 소매,G20201,타이어 소매업,G45211,자동차 신품 타이어 및 튜브 판매업,52,전북특별자치도,52210,김제시,52210510,요촌동,5221010700,서암동,5221010700102730008,1,대지,273,8,전북특별자치도 김제시 서암동 273-8,522103268116,전북특별자치도 김제시 금만로,32,,4521010700102730008048130,,전북특별자치도 김제시 금만로 32,576806,54372,,,,126.875187669163,35.806287121791
MA0101202305A0013398,38타이어,,G2,소매,G202,자동차 부품 소매,G20201,타이어 소매업,G45211,자동차 신품 타이어 및 튜브 판매업,47,경상북도,47290,경산시,47290550,북부동,4729012800,갑제동,4729012800101300002,1,대지,130,2,경상북도 경산시 갑제동 130-2,472903305066,경상북도 경산시 화랑로,204,,4729012800101300002011127,,경상북도 경산시 화랑로 204,712260,38540,,,,128.764336138117,35.8328829389499
MA0101202305A0054605,한국타이어,죽전점,G2,소매,G202,자동차 부품 소매,G20201,타이어 소매업,G45211,자동차 신품 타이어 및 튜브 판매업,41,경기도,41463,용인시 기흥구,41463590,보정동,4146311800,보정동,4146311800105730002,1,대지,573,2,경기도 용인시 기흥구 보정동 573-2,414632012011,경기도 용인시 기흥구 용구대로,2575,,4146311800105730002023463,,경기도 용인시 기흥구 용구대로 2575,446848,16905,,,,127.108096771025,37.3153034393983
MA0101202303A0116384,동성타이어,,G2,소매,G202,자동차 부품 소매,G20201,타이어 소매업,G45211,자동차 신품 타이어 및 튜브 판매업,51,강원특별자치도,51150,강릉시,51150645,성덕동,5115013000,남항진동,5115013000100510000,1,대지,51,,강원특별자치도 강릉시 남항진동 51,511504460176,강원특별자치도 강릉시 공항길127번길,7,,4215013000100510000013077,,강원특별자치도 강릉시 공항길127번길 7,210300,25617,,,,128.950282701367,37.7648651306319
MA0101202303A0120280,카우타이어,,G2,소매,G202,자동차 부품 소매,G20201,타이어 소매업,G45211,자동차 신품 타이어 및 튜브 판매업,41,경기도,41220,평택시,41220620,비전1동,4122012700,죽백동,4122012700105220001,1,대지,522,1,경기도 평택시 죽백동 522-1,412203012021,경기도 평택시 만세로,1740,,4122012700105220001019895,,경기도 평택시 만세로 1740,450805,17846,,,,127.110339954927,37.0120145894816
MA0101202305A0066545,휠스톰,,G2,소매,G202,자동차 부품 소매,G20201,타이어 소매업,G45211,자동차 신품 타이어 및 튜브 판매업,41,경기도,41461,용인시 처인구,41461360,양지면,4146136030,양지면,4146136030105070001,1,대지,507,1,경기도 용인시 처인구 양지면 송문리 507-1,414612012012,경기도 용인시 처인구 양지면 중부대로,1881,,4146136030105070001243998,,경기도 용인시 처인구 양지면 중부대로 1881,449823,17160,,,,127.252164340956,37.2259443707398
MA0101202303A0122319,타이어테크,순천점,G2,소매,G202,자동차 부품 소매,G20201,타이어 소매업,G45211,자동차 신품 타이어 및 튜브 판매업,46,전라남도,46150,순천시,46150610,장천동,4615011900,장천동,4615011900100450008,1,대지,45,8,전라남도 순천시 장천동 45-8,461503283025,전라남도 순천시 장명로,55,,4615011900100450008032728,,전라남도 순천시 장명로 55,540959,57956,,,,127.490011058893,34.9510949658301
MA0101202305A0044043,길벗타이어,,G2,소매,G202,자동차 부품 소매,G20201,타이어 소매업,G45211,자동차 신품 타이어 및 튜브 판매업,46,전라남도,46860,함평군,46860380,월야면,4686038025,월야면,4686038025107590018,1,대지,759,18,전라남도 함평군 월야면 월야리 759-18,468603297005,전라남도 함평군 월야면 밀재로,1488,,4686038025107590018024550,,전라남도 함평군 월야면 밀재로 1488,525884,57124,,,,126.624652962279,35.1790986011878
MA0101202305A0033158,공룡타이어오목천2점,,G2,소매,G202,자동차 부품 소매,G20201,타이어 소매업,G45211,자동차 신품 타이어 및 튜브 판매업,41,경기도,41113,수원시 권선구,41113550,평동,4111312900,오목천동,4111312900102150001,1,대지,215,1,경기도 수원시 권선구 오목천동 215-1,411133175025,경기도 수원시 권선구 서수원로,168,,4111312900102150001000001,,경기도 수원시 권선구 서수원로 168,441848,16638,,3,,126.969773022073,37.2420853965714
MA0101202303A0115852,비에스모터스,,G2,소매,G202,자동차 부품 소매,G20201,타이어 소매업,G45211,자동차 신품 타이어 및 튜브 판매업,27,대구광역시,27710,달성군,27710256,다사읍,2771025625,다사읍,2771025625107560000,1,대지,756,,대구광역시 달성군 다사읍 서재리 756,277104244379,대구광역시 달성군 다사읍 서재본길,76,,2771025625107560000042784,,대구광역시 달성군 다사읍 서재본길 76,711813,42923,,,,128.488672515738,35.8741028434043
MA0101202305A0018324,메가타이어,,G2,소매,G202,자동차 부품 소매,G20201,타이어 소매업,G45211,자동차 신품 타이어 및 튜브 판매업,29,광주광역시,29170,북구,29170590,용봉동,2917010700,용봉동,2917010700114250006,1,대지,1425,6,광주광역시 북구 용봉동 1425-6,291703162033,광주광역시 북구 설죽로,250,,2917010700114250006026546,,광주광역시 북구 설죽로 250,500846,61177,,2,,126.898688868681,35.1818641534684
MA0101202305A0045000,미르타이어,,G2,소매,G202,자동차 부품 소매,G20201,타이어 소매업,G45211,자동차 신품 타이어 및 튜브 판매업,52,전북특별자치도,52113,전주시 덕진구,52113580,금암1동,5211310700,금암동,5211310700104600008,1,대지,460,8,전북특별자치도 전주시 덕진구 금암동 460-8,521133267002,전북특별자치도 전주시 덕진구 가리내로,30,,4511310700107960005005936,,전북특별자치도 전주시 덕진구 가리내로 30,561801,54933,,,,127.132692430643,35.8344340461951
MA0101202305A0085126,예일모터스,,G2,소매,G202,자동차 부품 소매,G20201,타이어 소매업,G45211,자동차 신품 타이어 및 튜브 판매업,41,경기도,41590,화성시,41590550,반월동,4159012000,반월동,4159012000106360000,1,대지,636,,경기도 화성시 반월동 636,415903012007,경기도 화성시 효행로,1235,9,4159012000006360000027645,,경기도 화성시 효행로 1235-9,445330,18396,,,,127.057011487411,37.2204504015723
MA0101202305A0086362,타이어25,,G2,소매,G202,자동차 부품 소매,G20201,타이어 소매업,G45211,자동차 신품 타이어 및 튜브 판매업,41,경기도,41570,김포시,41570256,양촌읍,4157025622,양촌읍,4157025622102900003,1,대지,290,3,경기도 김포시 양촌읍 누산리 290-3,415702209001,경기도 김포시 양촌읍 김포대로,1563,,4157025622102900003000001,,경기도 김포시 양촌읍 김포대로 1563,415842,10054,,,,126.663340306765,37.6617333700098
MA0101202305A0060133,니즈타이어샵,,G2,소매,G202,자동차 부품 소매,G20201,타이어 소매업,G45211,자동차 신품 타이어 및 튜브 판매업,41,경기도,41500,이천시,41500515,증포동,4150010900,증포동,4150010900101040024,1,대지,104,24,경기도 이천시 증포동 104-24,415003207059,경기도 이천시 갈산로,69,1,4150010900101040024000001,,경기도 이천시 갈산로 69-1,467802,17348,,,,127.460974455432,37.289757765097
MA0101202305A0031761,지산타이어,,G2,소매,G202,자동차 부품 소매,G20201,타이어 소매업,G45211,자동차 신품 타이어 및 튜브 판매업,41,경기도,41570,김포시,41570256,양촌읍,4157025627,양촌읍,4157025627104520020,1,대지,452,20,경기도 김포시 양촌읍 유현리 452-20,415703209098,경기도 김포시 양촌읍 유현삭시로,173,,4157025627104520020000001,,경기도 김포시 양촌읍 유현삭시로 173,415821,10045,,,,126.612358040766,37.629925468543
MA0101202305A0007278,타이어티즈,,G2,소매,G202,자동차 부품 소매,G20201,타이어 소매업,G45211,자동차 신품 타이어 및 튜브 판매업,30,대전광역시,30230,대덕구,30230546,중리동,3023010900,중리동,3023010900103790006,1,대지,379,6,대전광역시 대덕구 중리동 379-6,302303168031,대전광역시 대덕구 중리서로,63,,3023010900103790006012000,,대전광역시 대덕구 중리서로 63,306827,34387,,2,,127.422274255438,36.3643536003735
MA010120220811753744,타이어프렌드,,G2,소매,G202,자동차 부품 소매,G20201,타이어 소매업,G45211,자동차 신품 타이어 및 튜브 판매업,27,대구광역시,27140,동구,27140640,지저동,2714010800,지저동,2714010800106770002,1,대지,677,2,대구광역시 동구 지저동 677-2,271403007002,대구광역시 동구 공항로,251,,2714010800106770002018730,,대구광역시 동구 공항로 251,701853,41046,,,,128.640896820172,35.8963780813014
MA010120220811775584,충주카써비스,,G2,소매,G202,자동차 부품 소매,G20201,타이어 소매업,G45211,자동차 신품 타이어 및 튜브 판매업,47,경상북도,47250,상주시,47250550,동문동,4725010300,인봉동,4725010300100780010,1,대지,78,10,경상북도 상주시 인봉동 78-10,472504733722,경상북도 상주시 인봉3길,50,,4725010300100780010000001,,경상북도 상주시 인봉3길 50,742060,37190,,,,128.164332379175,36.4186299148364
MA010120220811768686,명품휠스토리,,G2,소매,G202,자동차 부품 소매,G20201,타이어 소매업,G45212,자동차용 전용 신품 부품 판매업,51,강원특별자치도,51130,원주시,51130610,태장1동,5113011200,태장동,5113011200108460001,1,대지,846,1,강원특별자치도 원주시 태장동 846-1,511304457337,강원특별자치도 원주시 새동네4길,128,,4213011200108460002000001,창고,강원특별자치도 원주시 새동네4길 128,220966,26326,,,,127.952979912667,37.361592944628
MA010120220811820943,킹콩타이어,,G2,소매,G202,자동차 부품 소매,G20201,타이어 소매업,G45211,자동차 신품 타이어 및 튜브 판매업,44,충청남도,44133,천안시 서북구,44133520,성정2동,4413310200,성정동,4413310200106750009,1,대지,675,9,충청남도 천안시 서북구 성정동 675-9,441332249004,충청남도 천안시 서북구 쌍용대로,258,,4413310200106750009050632,,충청남도 천안시 서북구 쌍용대로 258,331975,31138,,,,127.136268668215,36.8202347549109
MA010120220811796537,한국타이어써비스센터남,제천점,G2,소매,G202,자동차 부품 소매,G20201,타이어 소매업,G45211,자동차 신품 타이어 및 튜브 판매업,43,충청북도,43150,제천시,43150310,금성면,4315031032,금성면,4315031032105990008,1,대지,599,8,충청북도 제천시 금성면 양화리 599-8,431503239047,충청북도 제천시 금성면 양월로,8,,4315031032105990008000001,,충청북도 제천시 금성면 양월로 8,390822,27209,,,,128.200705519147,37.0763527639579
MA010120220811780536,제일중고타이어,,G2,소매,G202,자동차 부품 소매,G20201,타이어 소매업,G45220,자동차 중고 부품 및 내장품 판매업,30,대전광역시,30230,대덕구,30230525,회덕동,3023010600,와동,3023010600101460009,1,대지,146,9,대전광역시 대덕구 와동 146-9,302304304336,대전광역시 대덕구 신탄진로318번길,1,,3023010600101460009005160,,대전광역시 대덕구 신탄진로318번길 1,306100,34357,,,,127.424798032114,36.408411772867
MA010120220811831385,한국타이어,혁신점,G2,소매,G202,자동차 부품 소매,G20201,타이어 소매업,G45211,자동차 신품 타이어 및 튜브 판매업,51,강원특별자치도,51130,원주시,51130650,행구동,5113011400,행구동,5113011400117580004,1,대지,1758,4,강원특별자치도 원주시 행구동 1758-4,511303219058,강원특별자치도 원주시 행구로,147,,4213011400117580001033558,,강원특별자치도 원주시 행구로 147,220160,26454,,,,127.972385375546,37.3424870882371
MA010120220811828858,네바퀴중고&새타이어할인점,,G2,소매,G202,자동차 부품 소매,G20201,타이어 소매업,G45211,자동차 신품 타이어 및 튜브 판매업,27,대구광역시,27290,달서구,27290515,성당동,2729010100,성당동,2729010100103410000,1,대지,341,,대구광역시 달서구 성당동 341,272903147004,대구광역시 달서구 대명천로,48,,2729010100103420000026881,,대구광역시 달서구 대명천로 48,704915,42679,,,,128.554256740312,35.838586737745
MA010120220811840334,타이어프로,구산점,G2,소매,G202,자동차 부품 소매,G20201,타이어 소매업,G45211,자동차 신품 타이어 및 튜브 판매업,48,경상남도,48250,김해시,48250550,북부동,4825010600,구산동,4825010600110830009,1,대지,1083,9,경상남도 김해시 구산동 1083-9,482502335001,경상남도 김해시 김해대로,1960,,4825010600110830009000001,,경상남도 김해시 김해대로 1960,621060,50884,,,,128.867440782789,35.2520409040925
MA010120220811856340,영인테크,,G2,소매,G202,자동차 부품 소매,G20201,타이어 소매업,G45211,자동차 신품 타이어 및 튜브 판매업,29,광주광역시,29140,서구,29140745,치평동,2914012000,치평동,2914012000108770004,1,대지,877,4,광주광역시 서구 치평동 877-4,291403160022,광주광역시 서구 상무자유로,3,,2914012000108770004003336,,광주광역시 서구 상무자유로 3,502827,61953,,,,126.834699923608,35.1519497860462
MA010120220811859839,현대동부타이어,,G2,소매,G202,자동차 부품 소매,G20201,타이어 소매업,G45211,자동차 신품 타이어 및 튜브 판매업,41,경기도,41830,양평군,41830250,양평읍,4183025025,양평읍,4183025025103690001,1,대지,369,1,경기도 양평군 양평읍 공흥리 369-1,418303217038,경기도 양평군 양평읍 시민로,149,,4183025025103690001019582,,경기도 양평군 양평읍 시민로 149,476801,12559,,,,127.508293714429,37.4904089448326
MA010120220811875271,타이어싸다고,,G2,소매,G202,자동차 부품 소매,G20201,타이어 소매업,G45211,자동차 신품 타이어 및 튜브 판매업,41,경기도,41590,화성시,41590253,봉담읍,4159025333,봉담읍,4159025333100250011,1,대지,25,11,경기도 화성시 봉담읍 덕리 25-11,415903012004,경기도 화성시 봉담읍 삼천병마로,732,6,4159025333100250011033884,,경기도 화성시 봉담읍 삼천병마로 732-6,445898,18336,,,,126.937067151482,37.1735656552499
MA010120220811904374,현암중고타이어,,G2,소매,G202,자동차 부품 소매,G20201,타이어 소매업,G45220,자동차 중고 부품 및 내장품 판매업,30,대전광역시,30110,동구,30110695,삼성동,3011011800,삼성동,3011011800103300024,1,대지,330,24,대전광역시 동구 삼성동 330-24,301103010003,대전광역시 동구 대전천북로,84,,3011011800103300024015027,,대전광역시 동구 대전천북로 84,300815,34571,,,,127.419865119927,36.3390120811725
MA010120220811548105,동경타이어,,G2,소매,G202,자동차 부품 소매,G20201,타이어 소매업,G45211,자동차 신품 타이어 및 튜브 판매업,31,울산광역시,31710,울주군,31710253,언양읍,3171025324,언양읍,3171025324104770006,1,대지,477,6,울산광역시 울주군 언양읍 어음리 477-6,317104319700,울산광역시 울주군 언양읍 어음길,10,,3171025324104770006000001,,울산광역시 울주군 언양읍 어음길 10,689808,44940,,,,129.132246191048,35.5624952208842
MA010120220811601107,성동상사,,G2,소매,G202,자동차 부품 소매,G20201,타이어 소매업,G45211,자동차 신품 타이어 및 튜브 판매업,48,경상남도,48330,양산시,48330520,삼성동,4833010700,북정동,4833010700102530012,1,대지,253,12,경상남도 양산시 북정동 253-12,483302000032,경상남도 양산시 양산대로,1097,,4833010700102530012062271,,경상남도 양산시 양산대로 1097,626110,50571,,,,129.04312727576,35.3678100625869
MA010120220811601406,타이어박스,,G2,소매,G202,자동차 부품 소매,G20201,타이어 소매업,G45211,자동차 신품 타이어 및 튜브 판매업,48,경상남도,48330,양산시,48330515,양주동,4833010200,남부동,4833010200104650001,1,대지,465,1,경상남도 양산시 남부동 465-1,483302000032,경상남도 양산시 양산대로,750,,4833010200104650002002382,,경상남도 양산시 양산대로 750,626010,50623,,,,129.035992576405,35.3382289124512
MA010120220811617961,비케이에프레이싱,,G2,소매,G202,자동차 부품 소매,G20201,타이어 소매업,G45211,자동차 신품 타이어 및 튜브 판매업,26,부산광역시,26260,동래구,26260510,수민동,2626010400,낙민동,2626010400100790005,1,대지,79,5,부산광역시 동래구 낙민동 79-5,262603130026,부산광역시 동래구 반송로,131,,2626010400100790005000001,,부산광역시 동래구 반송로 131,607801,47887,,,,129.091644901958,35.1944293802663
MA010120220811621603,넥센타이어특판점,,G2,소매,G202,자동차 부품 소매,G20201,타이어 소매업,G45211,자동차 신품 타이어 및 튜브 판매업,48,경상남도,48330,양산시,48330330,상북면,4833033023,상북면,4833033023104790034,1,대지,479,34,경상남도 양산시 상북면 소토리 479-34,483304814666,경상남도 양산시 상북면 와곡1길,46,,4833033023104790034020645,,경상남도 양산시 상북면 와곡1길 46,626856,50565,,,,129.047712189913,35.3777170188344
MA010120220811625734,한민상사,,G2,소매,G202,자동차 부품 소매,G20201,타이어 소매업,G45211,자동차 신품 타이어 및 튜브 판매업,26,부산광역시,26710,기장군,26710250,기장읍,2671025027,기장읍,2671025027107030007,1,대지,703,7,부산광역시 기장군 기장읍 청강리 703-7,267102006018,부산광역시 기장군 기장읍 기장대로,451,,2671025027100000100003463,,부산광역시 기장군 기장읍 기장대로 451,619906,46072,,,,129.217388389241,35.2361661046238
MA010120220811644981,타이어프로,김해점,G2,소매,G202,자동차 부품 소매,G20201,타이어 소매업,G45211,자동차 신품 타이어 및 튜브 판매업,48,경상남도,48250,김해시,48250540,내외동,4825010900,외동,4825010900112100001,1,대지,1210,1,경상남도 김해시 외동 1210-1,482502335002,경상남도 김해시 금관대로,1214,,4825010900112100001090240,,경상남도 김해시 금관대로 1214,621919,50955,,,,128.855057385652,35.2345951780763
MA010120220811620161,현대모터스,,G2,소매,G202,자동차 부품 소매,G20201,타이어 소매업,G45211,자동차 신품 타이어 및 튜브 판매업,26,부산광역시,26410,금정구,26410635,선두구동,2641010100,두구동,2641010100104920003,1,대지,492,3,부산광역시 금정구 두구동 492-3,264103130034,부산광역시 금정구 체육공원로,567,,2641010100104920003000001,,부산광역시 금정구 체육공원로 567,609370,46206,,,,129.110814558207,35.2911225084261
MA010120220811654032,한국타이어경남,대리점,G2,소매,G202,자동차 부품 소매,G20201,타이어 소매업,G45211,자동차 신품 타이어 및 튜브 판매업,48,경상남도,48250,김해시,48250565,칠산서부동,4825011400,화목동,4825011400104450009,1,대지,445,9,경상남도 김해시 화목동 445-9,482503335061,경상남도 김해시 칠산로,361,,4825011400104450009087664,,경상남도 김해시 칠산로 361,621150,51006,,1,,128.851364196541,35.204506872897
MA010120220811650461,성우상사,,G2,소매,G202,자동차 부품 소매,G20201,타이어 소매업,G45219,기타 자동차 신품 부품 및 내장품 판매업,48,경상남도,48250,김해시,48250580,활천동,4825011800,어방동,4825011800110630020,1,대지,1063,20,경상남도 김해시 어방동 1063-20,482503335031,경상남도 김해시 분성로,554,,4825011800110630020049295,,경상남도 김해시 분성로 554,621916,50931,,,,128.906383360138,35.2354826179306
MA010120220811673297,1등타이어울,산본점,G2,소매,G202,자동차 부품 소매,G20201,타이어 소매업,G45211,자동차 신품 타이어 및 튜브 판매업,31,울산광역시,31110,중구,31110630,병영2동,3111011400,서동,3111011400100430004,1,대지,43,4,울산광역시 중구 서동 43-4,311103169027,울산광역시 중구 북부순환도로,847,,3111011400100430004000001,,울산광역시 중구 북부순환도로 847,681290,44481,,,,129.342679544699,35.5800781953278
MA010120220811724938,타이어하우스,,G2,소매,G202,자동차 부품 소매,G20201,타이어 소매업,G45211,자동차 신품 타이어 및 튜브 판매업,50,제주특별자치도,50110,제주시,50110250,한림읍,5011025024,한림읍,5011025024115920003,1,대지,1592,3,제주특별자치도 제주시 한림읍 한림리 1592-3,501103349211,제주특별자치도 제주시 한림읍 한림해안로,104,,5011025024115920003000001,,제주특별자치도 제주시 한림읍 한림해안로 104,695932,63032,,,,126.259101264887,33.4126802903469
MA010120220811711314,넥센타이어타이어테크영주점,,G2,소매,G202,자동차 부품 소매,G20201,타이어 소매업,G45211,자동차 신품 타이어 및 튜브 판매업,47,경상북도,47210,영주시,47210630,가흥2동,4721010500,가흥동,4721010500107500003,1,대지,750,3,경상북도 영주시 가흥동 750-3,472103309046,경상북도 영주시 영주로,37,,4721010500110590001000001,,경상북도 영주시 영주로 37,750902,36058,,,,128.604516984754,36.8232273753368
MA010120220811726531,그린타이어타이어랜드,오산지점,G2,소매,G202,자동차 부품 소매,G20201,타이어 소매업,G45211,자동차 신품 타이어 및 튜브 판매업,41,경기도,41370,오산시,41370510,중앙동,4137010100,오산동,4137010100100630010,1,대지,63,10,경기도 오산시 오산동 63-10,413703198032,경기도 오산시 오산천로,282,,4137010100100630010014329,,경기도 오산시 오산천로 282,447800,18135,,,,127.072238997169,37.1554581093253
MA010120220812880852,조은타이어,,G2,소매,G202,자동차 부품 소매,G20201,타이어 소매업,G45220,자동차 중고 부품 및 내장품 판매업,41,경기도,41210,광명시,41210631,하안1동,4121010300,하안동,4121010300106070019,1,대지,607,19,경기도 광명시 하안동 607-19,412104361205,경기도 광명시 안재로2번길,9,,4121010300106070019011005,,경기도 광명시 안재로2번길 9,423844,14259,,,,126.87331794439,37.4592774513029
MA010120220812883556,모든타이어,,G2,소매,G202,자동차 부품 소매,G20201,타이어 소매업,G45211,자동차 신품 타이어 및 튜브 판매업,48,경상남도,48270,밀양시,48270530,삼문동,4827010400,삼문동,4827010400103580003,1,대지,358,3,경상남도 밀양시 삼문동 358-3,482702336001,경상남도 밀양시 밀양대로,1818,,4827010400103580003000004,,경상남도 밀양시 밀양대로 1818,627805,50435,,,,128.749505928009,35.4871486496661
MA010120220812778971,타이어베스트,,G2,소매,G202,자동차 부품 소매,G20201,타이어 소매업,G45211,자동차 신품 타이어 및 튜브 판매업,41,경기도,41590,화성시,41590262,남양읍,4159026221,남양읍,4159026221100570000,1,대지,57,,경기도 화성시 남양읍 남양리 57,415903210128,경기도 화성시 남양읍 화성로,1196,,4159010100100570000003551,,경기도 화성시 남양읍 화성로 1196,445851,18258,,2,,126.815487114466,37.2124542544828
MA010120220812889435,기능타이어,,G2,소매,G202,자동차 부품 소매,G20201,타이어 소매업,G45211,자동차 신품 타이어 및 튜브 판매업,30,대전광역시,30170,서구,30170586,월평1동,3017011300,월평동,3017011300101230010,1,대지,123,10,대전광역시 서구 월평동 123-10,301704298516,대전광역시 서구 월드컵대로484번안길,28,,3017011300101230010000001,기능중고타이어,대전광역시 서구 월드컵대로484번안길 28,302846,35279,,,,127.35531346412,36.3457729865857
MA010120220812784462,타이어프로삼덕,,G2,소매,G202,자동차 부품 소매,G20201,타이어 소매업,G45211,자동차 신품 타이어 및 튜브 판매업,27,대구광역시,27110,중구,27110545,삼덕동,2711010700,삼덕동3가,2711010700103700004,1,대지,370,4,대구광역시 중구 삼덕동3가 370-4,271104223058,대구광역시 중구 달구벌대로447길,3,,2711010700103700004000001,,대구광역시 중구 달구벌대로447길 3,700413,41948,,,,128.607176876936,35.8625818503216
MA010120220812802015,기성타이어,송도점,G2,소매,G202,자동차 부품 소매,G20201,타이어 소매업,G45211,자동차 신품 타이어 및 튜브 판매업,47,경상북도,47111,포항시 남구,47111550,송도동,4711110400,송도동,4711110400103940001,1,대지,394,1,경상북도 포항시 남구 송도동 394-1,471113303017,경상북도 포항시 남구 서동로,146,,4711110400103940001103189,,경상북도 포항시 남구 서동로 146,790829,37732,,,,129.373836315072,36.0395183226083
MA010120220812796033,WA타이어,,G2,소매,G202,자동차 부품 소매,G20201,타이어 소매업,G45211,자동차 신품 타이어 및 튜브 판매업,26,부산광역시,26530,사상구,26530610,덕포2동,2653010300,덕포동,2653010300103820003,1,대지,382,3,부산광역시 사상구 덕포동 382-3,265303132023,부산광역시 사상구 사상로,358,,2653010300103820003003412,,부산광역시 사상구 사상로 358,617814,46944,,,,128.984888054664,35.1765543774825
MA010120220812865144,북항타이어,,G2,소매,G202,자동차 부품 소매,G20201,타이어 소매업,G45211,자동차 신품 타이어 및 튜브 판매업,46,전라남도,46110,목포시,46110790,옥암동,4611016400,옥암동,4611016400109490024,1,대지,949,24,전라남도 목포시 옥암동 949-24,461104643053,전라남도 목포시 녹색로134번길,5,,4611016400109480000043589,,전라남도 목포시 녹색로134번길 5,530831,58657,,,,126.42883863096,34.8144600507599
MA010120220812890752,금호타이어프로신도시점,해운대,G2,소매,G202,자동차 부품 소매,G20201,타이어 소매업,G45211,자동차 신품 타이어 및 튜브 판매업,26,부산광역시,26350,해운대구,26350530,중1동,2635010600,중동,2635010600102480003,1,대지,248,3,부산광역시 해운대구 중동 248-3,263503133038,부산광역시 해운대구 좌동로,51,1,2635010600102480003000001,,부산광역시 해운대구 좌동로 51-1,612846,48082,,2,,129.171818899368,35.170218694529
MA010120220812871051,휠스타타이어타운,,G2,소매,G202,자동차 부품 소매,G20201,타이어 소매업,G45211,자동차 신품 타이어 및 튜브 판매업,11,서울특별시,11500,강서구,11500640,방화2동,1150010900,방화동,1150010900106060112,1,대지,606,112,서울특별시 강서구 방화동 606-112,115003115005,서울특별시 강서구 방화동로,59,,1150010900106060112002268,,서울특별시 강서구 방화동로 59,157851,07615,,1,,126.812083557895,37.5658476641186
MA010120220812777140,타이어클라쓰,,G2,소매,G202,자동차 부품 소매,G20201,타이어 소매업,G45211,자동차 신품 타이어 및 튜브 판매업,52,전북특별자치도,52180,정읍시,52180570,연지동,5218010500,연지동,5218010500100100013,1,대지,10,13,전북특별자치도 정읍시 연지동 10-13,521803270020,전북특별자치도 정읍시 서부산업도로,358,,4518010500100100013082695,,전북특별자치도 정읍시 서부산업도로 358,580805,56182,,,,126.847419075838,35.5790697030339
MA010120220812820882,원지타이어,,G2,소매,G202,자동차 부품 소매,G20201,타이어 소매업,G45211,자동차 신품 타이어 및 튜브 판매업,31,울산광역시,31200,북구,31200560,효문동,3120012300,효문동,3120012300110240000,1,대지,1024,,울산광역시 북구 효문동 1024,312003172034,울산광역시 북구 효암로,264,,3120012300110240000000001,,울산광역시 북구 효암로 264,683360,44252,,,,129.363985103829,35.5713183082068
MA010120220812823296,퍼스트원,,G2,소매,G202,자동차 부품 소매,G20201,타이어 소매업,G45211,자동차 신품 타이어 및 튜브 판매업,30,대전광역시,30110,동구,30110640,용전동,3011011500,용전동,3011011500100440001,1,대지,44,1,대전광역시 동구 용전동 44-1,301103010001,대전광역시 동구 계족로,520,,3011011500100440001001470,,대전광역시 동구 계족로 520,300823,34542,,,,127.43293713284,36.35825956562
MA010120220812850124,타타통상,,G2,소매,G202,자동차 부품 소매,G20201,타이어 소매업,G45211,자동차 신품 타이어 및 튜브 판매업,31,울산광역시,31200,북구,31200560,효문동,3120012100,진장동,3120012100108260000,1,대지,826,,울산광역시 북구 진장동 826,312004316115,울산광역시 북구 명촌7길,5,10,3120012100108260000000001,,울산광역시 북구 명촌7길 5-10,683360,44254,,3,,129.360101786937,35.5562387784356
MA010120220812815800,티씨티씨,,G2,소매,G202,자동차 부품 소매,G20201,타이어 소매업,G45212,자동차용 전용 신품 부품 판매업,41,경기도,41570,김포시,41570256,양촌읍,4157025623,양촌읍,4157025623108820000,1,대지,882,,경기도 김포시 양촌읍 석모리 882,415704427122,경기도 김포시 양촌읍 김포한강4로278번길,7,11,4157025623108820000000001,,경기도 김포시 양촌읍 김포한강4로278번길 7-11,415824,10064,,,,126.65143697724,37.6527340671715
MA010120220812829153,1등타이어,가야점,G2,소매,G202,자동차 부품 소매,G20201,타이어 소매업,G45211,자동차 신품 타이어 및 튜브 판매업,26,부산광역시,26230,부산진구,26230720,가야2동,2623011000,가야동,2623011000101430012,1,대지,143,12,부산광역시 부산진구 가야동 143-12,262302006015,부산광역시 부산진구 가야대로,513,,2623011000101430012000001,,부산광역시 부산진구 가야대로 513,614801,47270,,,,129.028186391438,35.1535509724696
MA010120220812868775,동양공업사,,G2,소매,G202,자동차 부품 소매,G20201,타이어 소매업,G45211,자동차 신품 타이어 및 튜브 판매업,51,강원특별자치도,51130,원주시,51130600,우산동,5113011100,우산동,5113011100100680024,1,대지,68,24,강원특별자치도 원주시 우산동 68-24,511303219073,강원특별자치도 원주시 북원로,2582,,4213011100100680024014723,,강원특별자치도 원주시 북원로 2582,220952,26337,,,,127.943884021081,37.3743698960631
MA010120220812936668,김영호타이어,,G2,소매,G202,자동차 부품 소매,G20201,타이어 소매업,G45211,자동차 신품 타이어 및 튜브 판매업,41,경기도,41370,오산시,41370546,신장2동,4137011000,내삼미동,4137011000104620017,1,대지,462,17,경기도 오산시 내삼미동 462-17,413702012013,경기도 오산시 경기대로,620,1,4137011000104620017000001,,경기도 오산시 경기대로 620-1,447220,18112,,,,127.059152391085,37.1773430254339
MA010120220812797926,뉴하남타이어,,G2,소매,G202,자동차 부품 소매,G20201,타이어 소매업,G45211,자동차 신품 타이어 및 튜브 판매업,41,경기도,41450,하남시,41450510,천현동,4145010100,천현동,4145010100105160002,1,대지,516,2,경기도 하남시 천현동 516-2,414502202001,경기도 하남시 하남대로,567,,4145010100105160002002187,,경기도 하남시 하남대로 567,465816,13024,,,,127.221071732044,37.5244614811284
MA010120220812835930,제천타이어,,G2,소매,G202,자동차 부품 소매,G20201,타이어 소매업,G45211,자동차 신품 타이어 및 튜브 판매업,43,충청북도,43150,제천시,43150510,교동,4315011600,장락동,4315011600106920002,1,대지,692,2,충청북도 제천시 장락동 692-2,431503239010,충청북도 제천시 내토로,751,,4315011600106920002007014,제천타이어,충청북도 제천시 내토로 751,390894,27167,,,,128.223319914741,37.1435261495447
MA010120220812877686,금호타이어장계점,,G2,소매,G202,자동차 부품 소매,G20201,타이어 소매업,G45211,자동차 신품 타이어 및 튜브 판매업,52,전북특별자치도,52740,장수군,52740350,계남면,5274035024,계남면,5274035024106130006,1,대지,613,6,전북특별자치도 장수군 계남면 호덕리 613-6,527403276056,전북특별자치도 장수군 계남면 장무로,148,3,4574035024106130006024774,,전북특별자치도 장수군 계남면 장무로 148-3,597831,55622,,,,127.583497260609,35.7243998382654
MA010120220812880484,타이어코스코,,G2,소매,G202,자동차 부품 소매,G20201,타이어 소매업,G45211,자동차 신품 타이어 및 튜브 판매업,41,경기도,41285,고양시 일산동구,41285510,식사동,4128510100,식사동,4128510100105750003,1,대지,575,3,경기도 고양시 일산동구 식사동 575-3,412853193066,경기도 고양시 일산동구 식사로,2,,4128510100105750027000001,,경기도 고양시 일산동구 식사로 2,410821,10299,,,,126.81321136614,37.6670933712696
MA010120220813083708,스피드대형타이어,,G2,소매,G202,자동차 부품 소매,G20201,타이어 소매업,G45211,자동차 신품 타이어 및 튜브 판매업,47,경상북도,47730,의성군,47730250,의성읍,4773025031,의성읍,4773025031109920004,1,대지,992,4,경상북도 의성군 의성읍 원당리 992-4,477304745398,경상북도 의성군 의성읍 원당2길,144,,4773025031109920004061292,,경상북도 의성군 의성읍 원당2길 144,769804,37333,,,,128.663539261651,36.3482016870238
MA010120220813086023,태일타이어,,G2,소매,G202,자동차 부품 소매,G20201,타이어 소매업,G45220,자동차 중고 부품 및 내장품 판매업,43,충청북도,43745,증평군,43745250,증평읍,4374525032,증평읍,4374525032101610003,1,대지,161,3,충청북도 증평군 증평읍 송산리 161-3,437454532097,충청북도 증평군 증평읍 송티로1길,68,,4374525032101610003000001,,충청북도 증평군 증평읍 송티로1길 68,368906,27914,,,,127.580151186995,36.794676072909
MA010120220813055714,공룡타이어남양점,,G2,소매,G202,자동차 부품 소매,G20201,타이어 소매업,G45211,자동차 신품 타이어 및 튜브 판매업,41,경기도,41590,화성시,41590262,남양읍,4159026228,남양읍,4159026228102020022,1,대지,202,22,경기도 화성시 남양읍 북양리 202-22,415904431391,경기도 화성시 남양읍 화성로1424번길,4,,4159010800102020022000001,,경기도 화성시 남양읍 화성로1424번길 4,445857,18255,,,,126.83759393806,37.2214971107159
MA010120220813098209,타이어성원,,G2,소매,G202,자동차 부품 소매,G20201,타이어 소매업,G45220,자동차 중고 부품 및 내장품 판매업,30,대전광역시,30200,유성구,30200526,학하동,3020011600,복용동,3020011600101680011,1,대지,168,11,대전광역시 유성구 복용동 168-11,302003167067,대전광역시 유성구 진잠옛로,273,9,3020011600101680011015407,,대전광역시 유성구 진잠옛로 273-9,305360,34163,,1,,127.318816077208,36.3421360422213
MA010120220813020083,타이어코스코,,G2,소매,G202,자동차 부품 소매,G20201,타이어 소매업,G45211,자동차 신품 타이어 및 튜브 판매업,41,경기도,41285,고양시 일산동구,41285510,식사동,4128510100,식사동,4128510100110590004,1,대지,1059,4,경기도 고양시 일산동구 식사동 1059-4,412852192001,경기도 고양시 일산동구 고양대로,1004,,4128510100110590004000001,,경기도 고양시 일산동구 고양대로 1004,410821,10303,,,,126.804987556755,37.6739004701685
MA010120220812977427,제이앤제이,,G2,소매,G202,자동차 부품 소매,G20201,타이어 소매업,G45211,자동차 신품 타이어 및 튜브 판매업,41,경기도,41830,양평군,41830250,양평읍,4183025032,양평읍,4183025032100440001,1,대지,44,1,경기도 양평군 양평읍 창대리 44-1,418303217015,경기도 양평군 양평읍 양근로,491,,4183025032100440001000001,,경기도 양평군 양평읍 양근로 491,476804,12563,,,,127.517435510882,37.4747999933925
MA010120220812953453,1등타이어,,G2,소매,G202,자동차 부품 소매,G20201,타이어 소매업,G45211,자동차 신품 타이어 및 튜브 판매업,47,경상북도,47113,포항시 북구,47113700,장량동,4711312100,장성동,4711312100104440000,1,대지,444,,경상북도 포항시 북구 장성동 444,471133304015,경상북도 포항시 북구 삼흥로,114,,4711312100104440000113975,,경상북도 포항시 북구 삼흥로 114,791815,37605,,,,129.379766575218,36.072142485924
MA010120220813056846,타이어마트,,G2,소매,G202,자동차 부품 소매,G20201,타이어 소매업,G45211,자동차 신품 타이어 및 튜브 판매업,47,경상북도,47930,울진군,47930310,북면,4793031021,북면,4793031021104030007,1,대지,403,7,경상북도 울진군 북면 부구리 403-7,479303325022,경상북도 울진군 북면 울진북로,2035,,4793031021104030007027999,,경상북도 울진군 북면 울진북로 2035,767894,36305,,,,129.370870335494,37.0985478914249
MA010120220812983536,영광중고타이어,,G2,소매,G202,자동차 부품 소매,G20201,타이어 소매업,G45220,자동차 중고 부품 및 내장품 판매업,43,충청북도,43114,청주시 청원구,43114520,내덕1동,4311410200,내덕동,4311410200106670001,1,대지,667,1,충청북도 청주시 청원구 내덕동 667-1,431144508133,충청북도 청주시 청원구 내덕로7번길,91,,4311111400106670001039670,,충청북도 청주시 청원구 내덕로7번길 91,363808,28482,,,,127.478683323306,36.6591134469421
MA010120220812957036,타이어,공도점,G2,소매,G202,자동차 부품 소매,G20201,타이어 소매업,G45211,자동차 신품 타이어 및 튜브 판매업,41,경기도,41550,안성시,41550250,공도읍,4155025029,공도읍,4155025029104170117,1,대지,417,117,경기도 안성시 공도읍 만정리 417-117,415503208010,경기도 안성시 공도읍 공도로,70,,4155025029104170012014579,,경기도 안성시 공도읍 공도로 70,456823,17562,,,,127.168986726683,36.9989700176338
MA010120220812999574,동그란휠타이어,,G2,소매,G202,자동차 부품 소매,G20201,타이어 소매업,G45211,자동차 신품 타이어 및 튜브 판매업,41,경기도,41463,용인시 기흥구,41463510,신갈동,4146310100,신갈동,4146310100100360006,1,대지,36,6,경기도 용인시 기흥구 신갈동 36-6,414633204042,경기도 용인시 기흥구 신갈로,101,,4146310100100360006022939,,경기도 용인시 기흥구 신갈로 101,446595,16967,,,,127.105424351625,37.2757773594027
MA010120220813104854,드렁큰타이어,,G2,소매,G202,자동차 부품 소매,G20201,타이어 소매업,G45211,자동차 신품 타이어 및 튜브 판매업,41,경기도,41590,화성시,41590256,우정읍,4159025632,우정읍,4159025632103850009,1,대지,385,9,경기도 화성시 우정읍 조암리 385-9,415903210073,경기도 화성시 우정읍 쌍봉로,93,,4159025632103850009000001,,경기도 화성시 우정읍 쌍봉로 93,445955,18563,,,,126.816181765146,37.0884697239296
MA010120220813220769,금강휠타이어,,G2,소매,G202,자동차 부품 소매,G20201,타이어 소매업,G45211,자동차 신품 타이어 및 튜브 판매업,27,대구광역시,27230,북구,27230790,노원동,2723010900,노원동3가,2723010900111560009,1,대지,1156,9,대구광역시 북구 노원동3가 1156-9,272304235111,대구광역시 북구 노원로26길,25,1,2723010900111560009000001,,대구광역시 북구 노원로26길 25-1,702818,41554,,,,128.577190877195,35.8957178956765
MA010120220813234199,휠MOA,,G2,소매,G202,자동차 부품 소매,G20201,타이어 소매업,G45211,자동차 신품 타이어 및 튜브 판매업,41,경기도,41630,양주시,41630530,회천1동,4163011000,덕정동,4163011000102860035,1,대지,286,35,경기도 양주시 덕정동 286-35,416303212010,경기도 양주시 독바위로,31,,4163011000102860035013717,,경기도 양주시 독바위로 31,482060,11451,,,,127.062914140606,37.8385073800976
MA010120220813131632,엔와이피디,,G2,소매,G202,자동차 부품 소매,G20201,타이어 소매업,G45211,자동차 신품 타이어 및 튜브 판매업,41,경기도,41113,수원시 권선구,41113550,평동,4111312900,오목천동,4111312900102150001,1,대지,215,1,경기도 수원시 권선구 오목천동 215-1,411133175025,경기도 수원시 권선구 서수원로,168,,4111312900102150001000001,,경기도 수원시 권선구 서수원로 168,441848,16638,,,,126.969773022073,37.2420853965714
MA010120220813270654,대도타이어,,G2,소매,G202,자동차 부품 소매,G20201,타이어 소매업,G45211,자동차 신품 타이어 및 튜브 판매업,26,부산광역시,26530,사상구,26530670,학장동,2653010700,학장동,2653010700107520014,1,대지,752,14,부산광역시 사상구 학장동 752-14,265303139021,부산광역시 사상구 학장로,43,,2653010700107520014002396,,부산광역시 사상구 학장로 43,617843,47026,,,,128.974582596648,35.1366384647962
MA010120220813129467,강남모터스,,G2,소매,G202,자동차 부품 소매,G20201,타이어 소매업,G45211,자동차 신품 타이어 및 튜브 판매업,11,서울특별시,11680,강남구,11680656,도곡2동,1168011800,도곡동,1168011800105150002,1,대지,515,2,서울특별시 강남구 도곡동 515-2,116803121022,서울특별시 강남구 논현로,152,,1168011800105150006001178,및,서울특별시 강남구 논현로 152,135854,06301,,1,,127.04278361865,37.4833585446455
MA010120220813271181,금호타이어분당판매,,G2,소매,G202,자동차 부품 소매,G20201,타이어 소매업,G45211,자동차 신품 타이어 및 튜브 판매업,41,경기도,41135,성남시 분당구,41135662,금곡동,4113511200,궁내동,4113511200102810001,1,대지,281,1,경기도 성남시 분당구 궁내동 281-1,411353180005,경기도 성남시 분당구 대왕판교로,307,,4113511200102810001000001,,경기도 성남시 분당구 대왕판교로 307,463869,13550,,2,,127.101437022527,37.3711911974152
MA010120220813135734,오토랜드,외동점,G2,소매,G202,자동차 부품 소매,G20201,타이어 소매업,G45211,자동차 신품 타이어 및 튜브 판매업,48,경상남도,48250,김해시,48250540,내외동,4825010900,외동,4825010900110940001,1,대지,1094,1,경상남도 김해시 외동 1094-1,482502335002,경상남도 김해시 금관대로,1144,,4825010900110940001000001,,경상남도 김해시 금관대로 1144,621921,50960,,,,128.850292178801,35.2298377590322
MA010120220813146885,국보타이어,,G2,소매,G202,자동차 부품 소매,G20201,타이어 소매업,G45211,자동차 신품 타이어 및 튜브 판매업,41,경기도,41281,고양시 덕양구,41281621,화정1동,4128112300,화정동,4128112300106740033,1,대지,674,33,경기도 고양시 덕양구 화정동 674-33,412813000136,경기도 고양시 덕양구 호국로,603,,4128112300106740033017706,,경기도 고양시 덕양구 호국로 603,412826,10455,,,,126.828673838195,37.6413217438467
MA010120220813220187,넥센타이어함양점,,G2,소매,G202,자동차 부품 소매,G20201,타이어 소매업,G45212,자동차용 전용 신품 부품 판매업,48,경상남도,48870,함양군,48870250,함양읍,4887025026,함양읍,4887025026103130000,1,대지,313,,경상남도 함양군 함양읍 신관리 313,488703329003,경상남도 함양군 함양읍 고운로,238,,4887025026103130000012786,,경상남도 함양군 함양읍 고운로 238,676804,50024,,,,127.747240360127,35.5229538439867
MA010120220813275987,착한타이어,,G2,소매,G202,자동차 부품 소매,G20201,타이어 소매업,G45211,자동차 신품 타이어 및 튜브 판매업,41,경기도,41450,하남시,41450510,천현동,4145010500,상산곡동,4145010500101370001,1,대지,137,1,경기도 하남시 상산곡동 137-1,414502202001,경기도 하남시 하남대로,234,,4145010500101370015001263,,경기도 하남시 하남대로 234,465816,13026,,,,127.23270451185,37.496408943217
MA010120220813141771,B.S타이어,,G2,소매,G202,자동차 부품 소매,G20201,타이어 소매업,G45211,자동차 신품 타이어 및 튜브 판매업,48,경상남도,48250,김해시,48250320,주촌면,4825032025,주촌면,4825032025110790007,1,대지,1079,7,경상남도 김해시 주촌면 내삼리 1079-7,482504805519,경상남도 김해시 주촌면 서부로1499번길,112,36,4825032025110790007066308,,경상남도 김해시 주촌면 서부로1499번길 112-36,621841,50877,,,,128.809308418411,35.2325662878719
MA010120220813220442,휠복원휠로세움,,G2,소매,G202,자동차 부품 소매,G20201,타이어 소매업,G45211,자동차 신품 타이어 및 튜브 판매업,30,대전광역시,30140,중구,30140740,산성동,3014011900,안영동,3014011900106930006,1,대지,693,6,대전광역시 중구 안영동 693-6,301404295082,대전광역시 중구 대둔산로184번길,13,,3014011900106930006005325,,대전광역시 중구 대둔산로184번길 13,301211,35074,,,,127.379044514634,36.2866907953888
MA010120220813215413,777타이어군산소룡점,,G2,소매,G202,자동차 부품 소매,G20201,타이어 소매업,G45211,자동차 신품 타이어 및 튜브 판매업,52,전북특별자치도,52130,군산시,52130720,미성동,5213015100,산북동,5213015100112290006,1,대지,1229,6,전북특별자치도 군산시 산북동 1229-6,521303268007,전북특별자치도 군산시 공단대로,641,,4513015100112290006000001,,전북특별자치도 군산시 공단대로 641,573876,54160,,,,126.677357459024,35.9746411962436
MA010120220813282683,양촌타이어할인매장,,G2,소매,G202,자동차 부품 소매,G20201,타이어 소매업,G45211,자동차 신품 타이어 및 튜브 판매업,44,충청남도,44230,논산시,44230390,양촌면,4423039021,양촌면,4423039021102940004,1,대지,294,4,충청남도 논산시 양촌면 인천리 294-4,442303255041,충청남도 논산시 양촌면 황산벌로,434,,4423039021102940004083205,,충청남도 논산시 양촌면 황산벌로 434,320853,33022,,,,127.238734633991,36.1367151421368
MA010120220813174683,타이어랜드,,G2,소매,G202,자동차 부품 소매,G20201,타이어 소매업,G45219,기타 자동차 신품 부품 및 내장품 판매업,41,경기도,41273,안산시 단원구,41273570,초지동,4127310700,초지동,4127310700106870001,1,대지,687,1,경기도 안산시 단원구 초지동 687-1,412733190012,경기도 안산시 단원구 광덕4로,32,,4127310700106870001000001,,경기도 안산시 단원구 광덕4로 32,425853,15440,,,,126.815934308563,37.3157773103197
MA010120220813405116,리얼엠,,G2,소매,G202,자동차 부품 소매,G20201,타이어 소매업,G45211,자동차 신품 타이어 및 튜브 판매업,41,경기도,41461,용인시 처인구,41461253,모현읍,4146125325,모현읍,4146125325103950001,1,대지,395,1,경기도 용인시 처인구 모현읍 매산리 395-1,414613203105,경기도 용인시 처인구 모현읍 이일로,112,,4146131025103950001000001,,경기도 용인시 처인구 모현읍 이일로 112,449853,17031,,,,127.215121483846,37.3310514738887
MA010120220813411204,타이어랜드,,G2,소매,G202,자동차 부품 소매,G20201,타이어 소매업,G45211,자동차 신품 타이어 및 튜브 판매업,41,경기도,41630,양주시,41630510,양주1동,4163010100,유양동,4163010100104040003,1,대지,404,3,경기도 양주시 유양동 404-3,416303206116,경기도 양주시 부흥로,1342,,4163010100104040003000001,,경기도 양주시 부흥로 1342,482140,11498,,,,127.024407574685,37.7857254982983
MA010120220813435230,다산,,G2,소매,G202,자동차 부품 소매,G20201,타이어 소매업,G45211,자동차 신품 타이어 및 튜브 판매업,41,경기도,41360,남양주시,41360259,진건읍,4136025922,진건읍,4136025922104800002,1,대지,480,2,경기도 남양주시 진건읍 배양리 480-2,413603197005,경기도 남양주시 진건읍 고재로,10,,4136025922104800002000001,,경기도 남양주시 진건읍 고재로 10,472831,12247,,3,,127.165379836551,37.6371586737823
MA010120220813400603,타이어프로아산,신동점,G2,소매,G202,자동차 부품 소매,G20201,타이어 소매업,G45211,자동차 신품 타이어 및 튜브 판매업,44,충청남도,44200,아산시,44200590,온양3동,4420011800,신동,4420011800102800008,1,대지,280,8,충청남도 아산시 신동 280-8,442003015033,충청남도 아산시 온천대로,1783,,4420011800102800008000001,,충청남도 아산시 온천대로 1783,336180,31476,,,,127.034769348642,36.774332956936
MA010120220813379330,화산자동차,,G2,소매,G202,자동차 부품 소매,G20201,타이어 소매업,G45211,자동차 신품 타이어 및 튜브 판매업,52,전북특별자치도,52710,완주군,52710390,화산면,5271039022,화산면,5271039022108970065,1,대지,897,65,전북특별자치도 완주군 화산면 화월리 897-65,527103273040,전북특별자치도 완주군 화산면 신구로,109,,4571039022108970065000001,,전북특별자치도 완주군 화산면 신구로 109,565882,55304,,,,127.202316306888,36.0329707468644
MA010120220813351718,한국타이어해룡신대점,,G2,소매,G202,자동차 부품 소매,G20201,타이어 소매업,G45211,자동차 신품 타이어 및 튜브 판매업,46,전라남도,46150,순천시,46150310,해룡면,4615031023,해룡면,4615031023103830030,1,대지,383,30,전라남도 순천시 해룡면 상삼리 383-30,461503283027,전라남도 순천시 해룡면 지봉로,394,,4615031023103830030000003,,전라남도 순천시 해룡면 지봉로 394,540854,57973,,,,127.53387113755,34.9482961189648
MA010120220813387515,타이어엔샵,,G2,소매,G202,자동차 부품 소매,G20201,타이어 소매업,G45211,자동차 신품 타이어 및 튜브 판매업,11,서울특별시,11500,강서구,11500603,가양1동,1150010500,마곡동,1150010500107740002,1,대지,774,2,서울특별시 강서구 마곡동 774-2,115002005007,서울특별시 강서구 공항대로,213,,1150010500107740002000001,,서울특별시 강서구 공항대로 213,157805,07802,,,,126.831373501823,37.5596959626564
MA010120220813302865,탑라인모터스,,G2,소매,G202,자동차 부품 소매,G20201,타이어 소매업,G45211,자동차 신품 타이어 및 튜브 판매업,41,경기도,41590,화성시,41590360,팔탄면,4159036025,팔탄면,4159036025100030042,1,대지,3,42,경기도 화성시 팔탄면 구장리 3-42,415903210146,경기도 화성시 팔탄면 시청로,929,16,4159036025100030042000001,,경기도 화성시 팔탄면 시청로 929-16,445915,18525,,,,126.891760713894,37.1705504377391
MA010120220813344041,광성종합타이어,,G2,소매,G202,자동차 부품 소매,G20201,타이어 소매업,G45211,자동차 신품 타이어 및 튜브 판매업,30,대전광역시,30230,대덕구,30230570,덕암동,3023011600,상서동,3023011600104080000,1,대지,408,,대전광역시 대덕구 상서동 408,302304304253,대전광역시 대덕구 상서당2길,29,,3023011600104080000004400,,대전광역시 대덕구 상서당2길 29,306200,34344,,,,127.424161603294,36.4225893403338
MA010120220813452266,진모터스,,G2,소매,G202,자동차 부품 소매,G20201,타이어 소매업,G45211,자동차 신품 타이어 및 튜브 판매업,44,충청남도,44270,당진시,44270253,송악읍,4427025338,송악읍,4427025338100380012,1,대지,38,12,충청남도 당진시 송악읍 고대리 38-12,442703265042,충청남도 당진시 송악읍 북부산업로,1225,,4483025638100380012074168,,충청남도 당진시 송악읍 북부산업로 1225,343823,31725,,2,,126.750946586544,36.9747791479678
MA010120220813341821,포항현대타이어,,G2,소매,G202,자동차 부품 소매,G20201,타이어 소매업,G45211,자동차 신품 타이어 및 튜브 판매업,47,경상북도,47111,포항시 남구,47111310,대송면,4711131027,대송면,4711131027103680000,1,대지,368,,경상북도 포항시 남구 대송면 제내리 368,471113303051,경상북도 포항시 남구 대송면 철강로,266,,4711131027103680000058450,,경상북도 포항시 남구 대송면 철강로 266,790842,37867,,,,129.369148473747,35.9818935184287
MA010120220813377497,한국타이어써비스센터,,G2,소매,G202,자동차 부품 소매,G20201,타이어 소매업,G45211,자동차 신품 타이어 및 튜브 판매업,43,충청북도,43150,제천시,43150605,화산동,4315012100,강제동,4315012100102190011,1,대지,219,11,충청북도 제천시 강제동 219-11,431503239001,충청북도 제천시 강저로,35,,4315012100102190010000001,,충청북도 제천시 강저로 35,390150,27205,,,,128.22371521052,37.1184560769765
MA010120220813394062,타이어타운,,G2,소매,G202,자동차 부품 소매,G20201,타이어 소매업,G45211,자동차 신품 타이어 및 튜브 판매업,11,서울특별시,11230,동대문구,11230730,휘경2동,1123010900,휘경동,1123010900100490250,1,대지,49,250,서울특별시 동대문구 휘경동 49-250,112303105011,서울특별시 동대문구 장안벚꽃로,267,,1123010900100490250007979,,서울특별시 동대문구 장안벚꽃로 267,130874,02513,,1,,127.073329610161,37.5832284884767
MA010120220813407183,서진정비,,G2,소매,G202,자동차 부품 소매,G20201,타이어 소매업,G45211,자동차 신품 타이어 및 튜브 판매업,47,경상북도,47111,포항시 남구,47111310,대송면,4711131026,대송면,4711131026104260001,1,대지,426,1,경상북도 포항시 남구 대송면 송동리 426-1,471114709340,경상북도 포항시 남구 대송면 운제로183번길,5,2,4711131026104260001057323,,경상북도 포항시 남구 대송면 운제로183번길 5-2,790841,37874,,,,129.362707688988,35.9725961574777
MA010120220813315342,타이어테크송천역점,,G2,소매,G202,자동차 부품 소매,G20201,타이어 소매업,G45211,자동차 신품 타이어 및 튜브 판매업,52,전북특별자치도,52113,전주시 덕진구,52113642,송천2동,5211312200,송천동2가,5211312200104920003,1,대지,492,3,전북특별자치도 전주시 덕진구 송천동2가 492-3,521132266002,전북특별자치도 전주시 덕진구 동부대로,1161,,4511312200104920003000001,,전북특별자치도 전주시 덕진구 동부대로 1161,561821,54827,,,,127.120017238785,35.8694971956325
MA010120220813512975,조훈민타이어,,G2,소매,G202,자동차 부품 소매,G20201,타이어 소매업,G45211,자동차 신품 타이어 및 튜브 판매업,41,경기도,41461,용인시 처인구,41461540,동부동,4146110700,마평동,4146110700105180011,1,대지,518,11,경기도 용인시 처인구 마평동 518-11,414612012012,경기도 용인시 처인구 중부대로,1591,,4146110700105180011008653,,경기도 용인시 처인구 중부대로 1591,449928,17144,,1,,127.221290126549,37.2335838739357
MA010120220813601853,국가대표1등타이어경주점,,G2,소매,G202,자동차 부품 소매,G20201,타이어 소매업,G45211,자동차 신품 타이어 및 튜브 판매업,47,경상북도,47130,경주시,47130615,용강동,4713012500,용강동,4713012500109620000,1,대지,962,,경상북도 경주시 용강동 962,471303305047,경상북도 경주시 원화로,515,,4713012500109620000033312,,경상북도 경주시 원화로 515,780950,38077,,,,129.222552675421,35.8663676026928
MA010120220813483214,777타이어,서신점,G2,소매,G202,자동차 부품 소매,G20201,타이어 소매업,G45211,자동차 신품 타이어 및 튜브 판매업,52,전북특별자치도,52111,전주시 완산구,52111680,서신동,5211112900,서신동,5211112900100400036,1,대지,40,36,전북특별자치도 전주시 완산구 서신동 40-36,521112266003,전북특별자치도 전주시 완산구 백제대로,406,,4511112900100400036022941,,전북특별자치도 전주시 완산구 백제대로 406,560818,54940,,,,127.123088762578,35.8293521555982
MA010120220813588787,영테크,,G2,소매,G202,자동차 부품 소매,G20201,타이어 소매업,G45211,자동차 신품 타이어 및 튜브 판매업,28,인천광역시,28237,부평구,28237690,십정2동,2823710200,십정동,2823710200103620047,1,대지,362,47,인천광역시 부평구 십정동 362-47,282373153084,인천광역시 부평구 백범로,511,,2823710200103620047013539,외,인천광역시 부평구 백범로 511,403845,21454,,,,126.694903545176,37.4703132314458
MA010120220813505771,타이어코치,,G2,소매,G202,자동차 부품 소매,G20201,타이어 소매업,G45220,자동차 중고 부품 및 내장품 판매업,41,경기도,41150,의정부시,41150580,자금동,4115010900,금오동,4115010900103320002,1,대지,332,2,경기도 의정부시 금오동 332-2,411503000136,경기도 의정부시 호국로,1427,,4115010900103320002011276,,경기도 의정부시 호국로 1427,480822,11760,,1,,127.059968182979,37.7497732716245
MA010120220813533117,한국타이어도척,,G2,소매,G202,자동차 부품 소매,G20201,타이어 소매업,G45211,자동차 신품 타이어 및 튜브 판매업,41,경기도,41610,광주시,41610330,도척면,4161033028,도척면,4161033028102060001,1,대지,206,1,경기도 광주시 도척면 진우리 206-1,416103211011,경기도 광주시 도척면 도척로,319,,4161033028102060001251132,,경기도 광주시 도척면 도척로 319,464883,12814,,,,127.336591737049,37.324091649714
MA010120220813471731,한국타이어대로상사,,G2,소매,G202,자동차 부품 소매,G20201,타이어 소매업,G45211,자동차 신품 타이어 및 튜브 판매업,47,경상북도,47111,포항시 남구,47111310,대송면,4711131027,대송면,4711131027103650002,1,대지,365,2,경상북도 포항시 남구 대송면 제내리 365-2,471113303051,경상북도 포항시 남구 대송면 철강로,272,,4711131027103650002058941,,경상북도 포항시 남구 대송면 철강로 272,790842,37867,,,,129.369797279811,35.9817185190164
MA010120220813626475,타이어마스터,,G2,소매,G202,자동차 부품 소매,G20201,타이어 소매업,G45211,자동차 신품 타이어 및 튜브 판매업,48,경상남도,48240,사천시,48240520,선구동,4824010300,선구동,4824010300100130002,1,대지,13,2,경상남도 사천시 선구동 13-2,482403334048,경상남도 사천시 한내로,32,,4824010300100130002004610,,경상남도 사천시 한내로 32,664837,52557,,,,128.076137153191,34.9351842973154
MA010120220813521365,장호원타이어,,G2,소매,G202,자동차 부품 소매,G20201,타이어 소매업,G45211,자동차 신품 타이어 및 튜브 판매업,41,경기도,41500,이천시,41500250,장호원읍,4150025021,장호원읍,4150025021103230098,1,대지,323,98,경기도 이천시 장호원읍 장호원리 323-98,415003207068,경기도 이천시 장호원읍 샘재로,7,,4150025021103230098000001,,경기도 이천시 장호원읍 샘재로 7,467902,17419,,,,127.615966976441,37.1245233401832
MA010120220813735838,삼촌네타이어,,G2,소매,G202,자동차 부품 소매,G20201,타이어 소매업,G45211,자동차 신품 타이어 및 튜브 판매업,44,충청남도,44131,천안시 동남구,44131570,신방동,4413111600,신방동,4413111600101070005,1,대지,107,5,충청남도 천안시 동남구 신방동 107-5,441312249003,충청남도 천안시 동남구 서부대로,182,,4413111600101070005000001,,충청남도 천안시 동남구 서부대로 182,330939,31203,,,,127.128810973403,36.7842256280231
MA010120220813668687,타이어한국,,G2,소매,G202,자동차 부품 소매,G20201,타이어 소매업,G45211,자동차 신품 타이어 및 튜브 판매업,41,경기도,41220,평택시,41220250,팽성읍,4122025031,팽성읍,4122025031101400001,1,대지,140,1,경기도 평택시 팽성읍 원정리 140-1,412204364840,경기도 평택시 팽성읍 팽성대교길,136,,4122025031101400001002010,,경기도 평택시 팽성읍 팽성대교길 136,451806,17974,,2,,127.039531768336,36.9737091862361
MA010120220813709360,장평타이어,,G2,소매,G202,자동차 부품 소매,G20201,타이어 소매업,G45211,자동차 신품 타이어 및 튜브 판매업,51,강원특별자치도,51760,평창군,51760350,용평면,5176035027,용평면,5176035027103140003,1,대지,314,3,강원특별자치도 평창군 용평면 장평리 314-3,517604484196,강원특별자치도 평창군 용평면 새이들길,46,,4276035027103140003007302,,강원특별자치도 평창군 용평면 새이들길 46,232933,25316,,,,128.413387591427,37.5807441976707
MA010120220813709377,한국타이어서청주점,,G2,소매,G202,자동차 부품 소매,G20201,타이어 소매업,G45211,자동차 신품 타이어 및 튜브 판매업,43,충청북도,43113,청주시 흥덕구,43113760,강서1동,4311313800,비하동,4311313800100420008,1,대지,42,8,충청북도 청주시 흥덕구 비하동 42-8,431133014012,충청북도 청주시 흥덕구 가로수로,1153,,4311313800100420008000001,,충청북도 청주시 흥덕구 가로수로 1153,361825,28366,,,,127.424844779375,36.6273275595082
MA010120220813774802,김포성난타이어,,G2,소매,G202,자동차 부품 소매,G20201,타이어 소매업,G45211,자동차 신품 타이어 및 튜브 판매업,41,경기도,41570,김포시,41570360,하성면,4157036028,하성면,4157036028104730008,1,대지,473,8,경기도 김포시 하성면 원산리 473-8,415703209126,경기도 김포시 하성면 하성로,319,,4157036028104730008000001,,경기도 김포시 하성면 하성로 319,415887,10013,,,,126.636616752298,37.7034412253152
MA010120220813658183,백자타이어,,G2,소매,G202,자동차 부품 소매,G20201,타이어 소매업,G45211,자동차 신품 타이어 및 튜브 판매업,48,경상남도,48250,김해시,48250370,대동면,4825037021,대동면,4825037021102340000,1,대지,234,,경상남도 김해시 대동면 수안리 234,482503335016,경상남도 김해시 대동면 대동로,126,,4825037021102340000083432,,경상남도 김해시 대동면 대동로 126,621894,50810,,,,128.936442137764,35.2288502597657
MA010120220813698814,장항타이어,,G2,소매,G202,자동차 부품 소매,G20201,타이어 소매업,G45211,자동차 신품 타이어 및 튜브 판매업,41,경기도,41287,고양시 일산서구,41287610,가좌동,4128710600,가좌동,4128710600106190009,1,대지,619,9,경기도 고양시 일산서구 가좌동 619-9,412874418184,경기도 고양시 일산서구 송파로151번길,15,,4128710600106190009013698,,경기도 고양시 일산서구 송파로151번길 15,411440,10204,,,,126.713715900202,37.6974999804709
MA010120220813756511,슈퍼그립,,G2,소매,G202,자동차 부품 소매,G20201,타이어 소매업,G45211,자동차 신품 타이어 및 튜브 판매업,30,대전광역시,30200,유성구,30200547,노은2동,3020012100,죽동,3020012100106140004,1,대지,614,4,대전광역시 유성구 죽동 614-4,302003167058,대전광역시 유성구 은구비로,149,,3020012100106140004000001,,대전광역시 유성구 은구비로 149,305328,34097,,1,,127.325962701505,36.3810745522316
MA010120220813787584,타이어프로국제점,명지,G2,소매,G202,자동차 부품 소매,G20201,타이어 소매업,G45211,자동차 신품 타이어 및 튜브 판매업,26,부산광역시,26440,강서구,26440535,명지1동,2644010400,명지동,2644010400101260000,1,대지,126,,부산광역시 강서구 명지동 126,264403006030,부산광역시 강서구 낙동남로,1027,,2644010400101260000020612,,부산광역시 강서구 낙동남로 1027,618813,46717,,,,128.925154425633,35.1135344514892
MA010120220813809147,구리렉카.타이어,,G2,소매,G202,자동차 부품 소매,G20201,타이어 소매업,G45211,자동차 신품 타이어 및 튜브 판매업,41,경기도,41310,구리시,41310520,동구동,4131010300,인창동,4131010300100780000,1,대지,78,,경기도 구리시 인창동 78,413103012037,경기도 구리시 동구릉로,181,,4131010300100780000000001,,경기도 구리시 동구릉로 181,471829,11910,,,,127.137626249336,37.6148588647201
MA010120220813711705,지평선타이어,,G2,소매,G202,자동차 부품 소매,G20201,타이어 소매업,G45211,자동차 신품 타이어 및 튜브 판매업,52,전북특별자치도,52210,김제시,52210580,교월동,5221012700,제월동,5221012700101650011,1,대지,165,11,전북특별자치도 김제시 제월동 165-11,522103272064,전북특별자치도 김제시 제월로,181,,4521012700101650011057527,,전북특별자치도 김제시 제월로 181,576340,54414,,,,126.890278779351,35.782220062367
MA010120220813720072,성진타이어,,G2,소매,G202,자동차 부품 소매,G20201,타이어 소매업,N75999,그 외 기타 분류 안된 사업 지원 서비스업,41,경기도,41590,화성시,41590560,기배동,4159012400,기안동,4159012400100210023,1,대지,21,23,경기도 화성시 기안동 21-23,415903210008,경기도 화성시 기배로,108,,4159012400100210023000001,,경기도 화성시 기배로 108,445310,18341,,,,126.986478627361,37.2252749492793
MA010120220813882818,타이어테크,거제점,G2,소매,G202,자동차 부품 소매,G20201,타이어 소매업,G45211,자동차 신품 타이어 및 튜브 판매업,48,경상남도,48310,거제시,48310580,고현동,4831010900,고현동,4831010900110720000,1,대지,1072,,경상남도 거제시 고현동 1072,483102006004,경상남도 거제시 거제대로,4558,,4831010900110720000000001,,경상남도 거제시 거제대로 4558,656938,53248,,,,128.637796961329,34.89297667009
MA010120220813821654,뉴인성자동차공업사,,G2,소매,G202,자동차 부품 소매,G20201,타이어 소매업,G45211,자동차 신품 타이어 및 튜브 판매업,29,광주광역시,29200,광산구,29200630,신가동,2920011900,신가동,2920011900105930014,1,대지,593,14,광주광역시 광산구 신가동 593-14,292003163009,광주광역시 광산구 목련로,372,52,2920011900105930014000002,,광주광역시 광산구 목련로 372-52,506307,62302,,,,126.834589595705,35.179341890653
MA010120220813824157,융타이어,,G2,소매,G202,자동차 부품 소매,G20201,타이어 소매업,G45211,자동차 신품 타이어 및 튜브 판매업,41,경기도,41220,평택시,41220250,팽성읍,4122025026,팽성읍,4122025026100110084,1,대지,11,84,경기도 평택시 팽성읍 신궁리 11-84,412204364373,경기도 평택시 팽성읍 신궁2길,145,9,4122025026100110084025907,,경기도 평택시 팽성읍 신궁2길 145-9,451806,18000,,,,127.071624376202,36.9809028488075
MA010120220813826801,머슴타이어,,G2,소매,G202,자동차 부품 소매,G20201,타이어 소매업,G45211,자동차 신품 타이어 및 튜브 판매업,27,대구광역시,27290,달서구,27290630,송현1동,2729012200,송현동,2729012200119320005,1,대지,1932,5,대구광역시 달서구 송현동 1932-5,272903007013,대구광역시 달서구 월배로,368,,2729012200119320005033039,,대구광역시 달서구 월배로 368,704824,42820,,,,128.549361369225,35.827583789472
MA010120220813873017,타이어프로정읍,연지점,G2,소매,G202,자동차 부품 소매,G20201,타이어 소매업,G45211,자동차 신품 타이어 및 튜브 판매업,52,전북특별자치도,52180,정읍시,52180570,연지동,5218010500,연지동,5218010500103520016,1,대지,352,16,전북특별자치도 정읍시 연지동 352-16,521803270020,전북특별자치도 정읍시 서부산업도로,347,,4518010500103520016023523,,전북특별자치도 정읍시 서부산업도로 347,580807,56183,,,,126.846173670783,35.5784011611398
MA010120220813883838,현대타이어,,G2,소매,G202,자동차 부품 소매,G20201,타이어 소매업,G45211,자동차 신품 타이어 및 튜브 판매업,52,전북특별자치도,52130,군산시,52130720,미성동,5213015100,산북동,5213015100121960000,1,대지,2196,,전북특별자치도 군산시 산북동 2196,521303268086,전북특별자치도 군산시 외항로,389,,4513015100121960000000001,,전북특별자치도 군산시 외항로 389,573877,54159,,,,126.626961880277,35.9659964863748
MA010120220813896934,타이어프로진위점,,G2,소매,G202,자동차 부품 소매,G20201,타이어 소매업,G45211,자동차 신품 타이어 및 튜브 판매업,41,경기도,41220,평택시,41220310,진위면,4122031031,진위면,4122031031100960012,1,대지,96,12,경기도 평택시 진위면 하북리 96-12,412202012013,경기도 평택시 진위면 경기대로,1880,,4122031031100960012029824,,경기도 평택시 진위면 경기대로 1880,451864,17714,,,,127.063286988195,37.1121041301775
MA010120220813965248,타이어이마켓,,G2,소매,G202,자동차 부품 소매,G20201,타이어 소매업,G45211,자동차 신품 타이어 및 튜브 판매업,44,충청남도,44133,천안시 서북구,44133520,성정2동,4413310200,성정동,4413310200109300000,1,대지,930,,충청남도 천안시 서북구 성정동 930,441332249004,충청남도 천안시 서북구 쌍용대로,249,,4413310200109300000051702,,충청남도 천안시 서북구 쌍용대로 249,331977,31139,,,,127.135348666194,36.8197041512891
MA010120220813897982,한국타이어대곶점,,G2,소매,G202,자동차 부품 소매,G20201,타이어 소매업,G45211,자동차 신품 타이어 및 튜브 판매업,41,경기도,41570,김포시,41570340,대곶면,4157034025,대곶면,4157034025105470002,1,대지,547,2,경기도 김포시 대곶면 율생리 547-2,415703209100,경기도 김포시 대곶면 율생로,105,,4157034025105470002000001,,경기도 김포시 대곶면 율생로 105,415854,10040,,,,126.580150665692,37.6501143053397
MA010120220813928100,타이어올브랜드,,G2,소매,G202,자동차 부품 소매,G20201,타이어 소매업,G45211,자동차 신품 타이어 및 튜브 판매업,31,울산광역시,31710,울주군,31710250,온산읍,3171025032,온산읍,3171025032100310019,1,대지,31,19,울산광역시 울주군 온산읍 덕신리 31-19,317103173026,울산광역시 울주군 온산읍 덕신로,306,,3171025032100310019003911,,울산광역시 울주군 온산읍 덕신로 306,689893,45007,,2,,129.314788851294,35.4339777521041
MA010120220814099945,타이어테크운남점,,G2,소매,G202,자동차 부품 소매,G20201,타이어 소매업,G45211,자동차 신품 타이어 및 튜브 판매업,29,광주광역시,29200,광산구,29200635,운남동,2920012000,운남동,2920012000105160013,1,대지,516,13,광주광역시 광산구 운남동 516-13,292003163009,광주광역시 광산구 목련로,189,,2920012000105160013000001,,광주광역시 광산구 목련로 189,506817,62318,,1,,126.818533863452,35.1719097560621
MA010120220814018865,타이어리더,,G2,소매,G202,자동차 부품 소매,G20201,타이어 소매업,G45211,자동차 신품 타이어 및 튜브 판매업,51,강원특별자치도,51130,원주시,51130650,행구동,5113011400,행구동,5113011400117470002,1,대지,1747,2,강원특별자치도 원주시 행구동 1747-2,511303219058,강원특별자치도 원주시 행구로,160,,4213011400117470002000001,,강원특별자치도 원주시 행구로 160,220160,26456,,,,127.974208091959,37.3420666435325
MA010120220814034676,썬타이어,,G2,소매,G202,자동차 부품 소매,G20201,타이어 소매업,G45211,자동차 신품 타이어 및 튜브 판매업,48,경상남도,48121,창원시 의창구,48121320,대산면,4812132024,대산면,4812132024101140000,1,대지,114,,경상남도 창원시 의창구 대산면 가술리 114,481213019034,경상남도 창원시 의창구 대산면 진산대로,441,,4812132024101140000061950,,경상남도 창원시 의창구 대산면 진산대로 441,641921,51124,,,,128.708540320954,35.3391116875314
MA010120220814114283,지타솔리드타이어,,G2,소매,G202,자동차 부품 소매,G20201,타이어 소매업,G45211,자동차 신품 타이어 및 튜브 판매업,41,경기도,41590,화성시,41590360,팔탄면,4159036026,팔탄면,4159036026101340020,1,대지,134,20,경기도 화성시 팔탄면 율암리 134-20,415904430520,경기도 화성시 팔탄면 밤뒤길39번길,30,12,4159036026101340020000001,,경기도 화성시 팔탄면 밤뒤길39번길 30-12,445913,18524,,,,126.879734515229,37.1710974973599
MA010120220814035005,한국타이어,신방점,G2,소매,G202,자동차 부품 소매,G20201,타이어 소매업,G45211,자동차 신품 타이어 및 튜브 판매업,44,충청남도,44131,천안시 동남구,44131570,신방동,4413111600,신방동,4413111600102740000,1,대지,274,,충청남도 천안시 동남구 신방동 274,441313249067,충청남도 천안시 동남구 풍세로,636,,4413111600102740000000001,,충청남도 천안시 동남구 풍세로 636,330939,31206,,,,127.133713550712,36.7688561962255
MA010120220814089923,착한타이어,,G2,소매,G202,자동차 부품 소매,G20201,타이어 소매업,G45211,자동차 신품 타이어 및 튜브 판매업,27,대구광역시,27230,북구,27230630,산격3동,2723011100,산격동,2723011100112780009,1,대지,1278,9,대구광역시 북구 산격동 1278-9,272303145021,대구광역시 북구 대학로,123,,2723011100112780009026436,,대구광역시 북구 대학로 123,702840,41536,,,,128.612161131725,35.8954877438036
MA010120220814162637,강서타이어,,G2,소매,G202,자동차 부품 소매,G20201,타이어 소매업,G45211,자동차 신품 타이어 및 튜브 판매업,26,부산광역시,26290,남구,26290580,용호2동,2629010700,용호동,2629010700105280001,1,대지,528,1,부산광역시 남구 용호동 528-1,262904193240,부산광역시 남구 용호로231번길,59,,2629010700105280001010727,사호,부산광역시 남구 용호로231번길 59,608839,48590,,,,129.114288272375,35.11203114975
MA010120220814154426,한국타이어원주,대리점,G2,소매,G202,자동차 부품 소매,G20201,타이어 소매업,G45211,자동차 신품 타이어 및 튜브 판매업,51,강원특별자치도,51130,원주시,51130600,우산동,5113011100,우산동,5113011100100760008,1,대지,76,8,강원특별자치도 원주시 우산동 76-8,511303219073,강원특별자치도 원주시 북원로,2519,,4213011100100760006016715,,강원특별자치도 원주시 북원로 2519,220952,26341,,,,127.940661688812,37.3694671368495
MA010120220814154831,논산중고타이어,,G2,소매,G202,자동차 부품 소매,G20201,타이어 소매업,G45220,자동차 중고 부품 및 내장품 판매업,44,충청남도,44230,논산시,44230520,부창동,4423010400,부창동,4423010400103810000,1,대지,381,,충청남도 논산시 부창동 381,442303000095,충청남도 논산시 계백로,860,,4423010400103810000000001,,충청남도 논산시 계백로 860,320080,32956,,,,127.077983316214,36.1940282509882
MA010120220813993434,타이어프로,,G2,소매,G202,자동차 부품 소매,G20201,타이어 소매업,G45211,자동차 신품 타이어 및 튜브 판매업,47,경상북도,47250,상주시,47250570,신흥동,4725011200,신봉동,4725011200105530001,1,대지,553,1,경상북도 상주시 신봉동 553-1,472502018003,경상북도 상주시 경상대로,2786,,4725011200105530001084256,,경상북도 상주시 경상대로 2786,742130,37206,,,,128.151602211549,36.3961443294985
MA010120220814023019,영천발통천국,,G2,소매,G202,자동차 부품 소매,G20201,타이어 소매업,G45211,자동차 신품 타이어 및 튜브 판매업,47,경상북도,47230,영천시,47230540,완산동,4723011300,완산동,4723011300111510007,1,대지,1151,7,경상북도 영천시 완산동 1151-7,472303310019,경상북도 영천시 영화로,103,,4723011300111510008000001,,경상북도 영천시 영화로 103,770906,38896,,,,128.939680024721,35.9579361966631
MA010120220811380319,금호타이어제주판매주,,G2,소매,G202,자동차 부품 소매,G20201,타이어 소매업,G45211,자동차 신품 타이어 및 튜브 판매업,50,제주특별자치도,50110,제주시,50110600,화북동,5011011200,화북이동,5011011200137020002,1,대지,3702,2,제주특별자치도 제주시 화북이동 3702-2,501103349225,제주특별자치도 제주시 화남로,66,,5011011200137020002053424,,제주특별자치도 제주시 화남로 66,690061,63296,,,,126.563470407099,33.5119932531487
MA010120220811400748,항만타이어,,G2,소매,G202,자동차 부품 소매,G20201,타이어 소매업,G45211,자동차 신품 타이어 및 튜브 판매업,26,부산광역시,26380,사하구,26380620,감천1동,2638010800,감천동,2638010800103440010,1,대지,344,10,부산광역시 사하구 감천동 344-10,263803006013,부산광역시 사하구 원양로,327,,2638010800103440010000001,,부산광역시 사하구 원양로 327,604804,49453,,,,129.005188887026,35.0802085505478
MA010120220811451243,타이어몬스터타이어,해운대,G2,소매,G202,자동차 부품 소매,G20201,타이어 소매업,G45211,자동차 신품 타이어 및 튜브 판매업,26,부산광역시,26500,수영구,26500800,민락동,2650010300,민락동,2650010300101670024,1,대지,167,24,부산광역시 수영구 민락동 167-24,265003138002,부산광역시 수영구 광남로,180,,2650010300101670024017657,,부산광역시 수영구 광남로 180,613828,48285,,,,129.119825122144,35.1568208673771
MA010120220811442285,타이어테크코스트코점,,G2,소매,G202,자동차 부품 소매,G20201,타이어 소매업,G45211,자동차 신품 타이어 및 튜브 판매업,26,부산광역시,26500,수영구,26500750,망미2동,2650010100,망미동,2650010100101980019,1,대지,198,19,부산광역시 수영구 망미동 198-19,265003138007,부산광역시 수영구 구락로,126,,2650010100101980019001521,,부산광역시 수영구 구락로 126,613820,48214,,,,129.116398725683,35.1783011283434
MA010120220811436173,타이어프로,마린시티점,G2,소매,G202,자동차 부품 소매,G20201,타이어 소매업,G45211,자동차 신품 타이어 및 튜브 판매업,26,부산광역시,26350,해운대구,26350650,재송1동,2635010400,재송동,2635010400106520007,1,대지,652,7,부산광역시 해운대구 재송동 652-7,263502006010,부산광역시 해운대구 해운대로,211,1,2635010400106520007000001,,부산광역시 해운대구 해운대로 211-1,612828,48056,,1,,129.125685210119,35.1796073080391
MA010120220811470357,삼성타이어,,G2,소매,G202,자동차 부품 소매,G20201,타이어 소매업,G45211,자동차 신품 타이어 및 튜브 판매업,26,부산광역시,26410,금정구,26410680,구서1동,2641010700,구서동,2641010700100810007,1,대지,81,7,부산광역시 금정구 구서동 81-7,264104205399,부산광역시 금정구 중앙대로1826번길,48,20,2641010700100810012031433,,부산광역시 금정구 중앙대로1826번길 48-20,609854,46250,,,,129.094529279579,35.2481509618095
MA010120220811540088,울산유통,대리점,G2,소매,G202,자동차 부품 소매,G20201,타이어 소매업,G45211,자동차 신품 타이어 및 튜브 판매업,31,울산광역시,31200,북구,31200560,효문동,3120012300,효문동,3120012300110320003,1,대지,1032,3,울산광역시 북구 효문동 1032-3,312003172035,울산광역시 북구 효자로,100,,3120012300101910001006240,,울산광역시 북구 효자로 100,683360,44252,,,,129.367688460962,35.5701192795214
MA010120220811525007,발통천국,,G2,소매,G202,자동차 부품 소매,G20201,타이어 소매업,G45211,자동차 신품 타이어 및 튜브 판매업,26,부산광역시,26710,기장군,26710250,기장읍,2671025034,기장읍,2671025034102060001,1,대지,206,1,부산광역시 기장군 기장읍 내리 206-1,267104220146,부산광역시 기장군 기장읍 소정길,1,,2671025034102060001000001,,부산광역시 기장군 기장읍 소정길 1,619902,46076,,,,129.20632101164,35.2002062863338
MA010120220811529884,타이어마켓,,G2,소매,G202,자동차 부품 소매,G20201,타이어 소매업,G45211,자동차 신품 타이어 및 튜브 판매업,31,울산광역시,31710,울주군,31710259,범서읍,3171025927,범서읍,3171025927103980008,1,대지,398,8,울산광역시 울주군 범서읍 구영리 398-8,317104319203,울산광역시 울주군 범서읍 대리3길,13,,3171025927103980008003779,,울산광역시 울주군 범서읍 대리3길 13,689852,44922,,,,129.247903114406,35.5675658537032
MA010120220811517031,영창타이어,,G2,소매,G202,자동차 부품 소매,G20201,타이어 소매업,G45211,자동차 신품 타이어 및 튜브 판매업,31,울산광역시,31170,동구,31170510,방어동,3117010100,방어동,3117010100113810000,1,대지,1381,,울산광역시 동구 방어동 1381,311702011001,울산광역시 동구 방어진순환도로,100,,3117010100107410003012165,,울산광역시 동구 방어진순환도로 100,682712,44113,,,,129.408824544423,35.4931116343979
MA010120220811533547,한국타이어T스테이션서동점,,G2,소매,G202,자동차 부품 소매,G20201,타이어 소매업,G45211,자동차 신품 타이어 및 튜브 판매업,31,울산광역시,31110,중구,31110630,병영2동,3111011400,서동,3111011400100670008,1,대지,67,8,울산광역시 중구 서동 67-8,311103169027,울산광역시 중구 북부순환도로,830,,3111011400100670008011755,,울산광역시 중구 북부순환도로 830,681290,44484,,,,129.342368281247,35.5784803755029
MA010120220811536085,타이어대통령,,G2,소매,G202,자동차 부품 소매,G20201,타이어 소매업,G45211,자동차 신품 타이어 및 튜브 판매업,31,울산광역시,31110,중구,31110530,반구2동,3111011800,반구동,3111011800104420021,1,대지,442,21,울산광역시 중구 반구동 442-21,311103169028,울산광역시 중구 염포로,1,,3111011800104420021017500,,울산광역시 중구 염포로 1,681823,44515,,,,129.341995014095,35.5588446731762
MA010120220811541732,식이카서비스,,G2,소매,G202,자동차 부품 소매,G20201,타이어 소매업,G45211,자동차 신품 타이어 및 튜브 판매업,31,울산광역시,31170,동구,31170510,방어동,3117010100,방어동,3117010100100820008,1,대지,82,8,울산광역시 동구 방어동 82-8,311702011001,울산광역시 동구 방어진순환도로,538,,3117010100100820008003714,,울산광역시 동구 방어진순환도로 538,682803,44097,,,,129.425504919355,35.4898038460371
MA010120220811245625,내덕카타이어,,G2,소매,G202,자동차 부품 소매,G20201,타이어 소매업,G45220,자동차 중고 부품 및 내장품 판매업,48,경상남도,48250,김해시,48250610,장유1동,4825012400,내덕동,4825012400102510006,1,대지,251,6,경상남도 김해시 내덕동 251-6,482503335011,경상남도 김해시 내덕로,132,1,4825031022102510006000001,,경상남도 김해시 내덕로 132-1,621230,50973,,,,128.822373026148,35.206271575618
MA010120220811246149,가야중고타이어빵구,,G2,소매,G202,자동차 부품 소매,G20201,타이어 소매업,G45220,자동차 중고 부품 및 내장품 판매업,48,경상남도,48250,김해시,48250510,동상동,4825010100,동상동,4825010100111080009,1,대지,1108,9,경상남도 김해시 동상동 1108-9,482503335004,경상남도 김해시 가야로,489,,4825010100111080009000001,,경상남도 김해시 가야로 489,621020,50843,,,,128.887887521661,35.2383680253837
MA010120220811247985,그린타이어,,G2,소매,G202,자동차 부품 소매,G20201,타이어 소매업,G45211,자동차 신품 타이어 및 튜브 판매업,48,경상남도,48250,김해시,48250320,주촌면,4825032021,주촌면,4825032021107130001,1,대지,713,1,경상남도 김해시 주촌면 선지리 713-1,482503352548,경상남도 김해시 주촌면 주선로,53,,4825032021107130001000001,,경상남도 김해시 주촌면 주선로 53,621845,50887,,,,128.842837260581,35.2357822296149
MA010120220811219625,한국타이어남해,대리점,G2,소매,G202,자동차 부품 소매,G20201,타이어 소매업,G45211,자동차 신품 타이어 및 튜브 판매업,48,경상남도,48840,남해군,48840250,남해읍,4884025023,남해읍,4884025023104910002,1,대지,491,2,경상남도 남해군 남해읍 남변리 491-2,488403343025,경상남도 남해군 남해읍 스포츠로,7,,4884025023104910002001003,,경상남도 남해군 남해읍 스포츠로 7,668801,52427,,,,127.898653058455,34.8328981305803
MA010120220811244057,한국타이어,밀양점,G2,소매,G202,자동차 부품 소매,G20201,타이어 소매업,G45211,자동차 신품 타이어 및 튜브 판매업,48,경상남도,48270,밀양시,48270360,상남면,4827036022,상남면,4827036022108830004,1,대지,883,4,경상남도 밀양시 상남면 예림리 883-4,482702336001,경상남도 밀양시 상남면 밀양대로,1514,,4827036022108830004010574,,경상남도 밀양시 상남면 밀양대로 1514,627914,50452,,,,128.759901419908,35.4661623362712
MA010120220811225448,타이어월드,,G2,소매,G202,자동차 부품 소매,G20201,타이어 소매업,G45211,자동차 신품 타이어 및 튜브 판매업,44,충청남도,44133,천안시 서북구,44133250,성환읍,4413325023,성환읍,4413325023100880010,1,대지,88,10,충청남도 천안시 서북구 성환읍 매주리 88-10,441332249005,충청남도 천안시 서북구 성환읍 천안대로,1746,,4413325023100880010024529,,충청남도 천안시 서북구 성환읍 천안대로 1746,331803,31020,,,,127.136546747857,36.8946835945827
MA010120220811228343,건영타이어,,G2,소매,G202,자동차 부품 소매,G20201,타이어 소매업,G45211,자동차 신품 타이어 및 튜브 판매업,28,인천광역시,28185,연수구,28185630,옥련1동,2818510100,옥련동,2818510100105040005,1,대지,504,5,인천광역시 연수구 옥련동 504-5,281853008016,인천광역시 연수구 능허대로,192,,2818510100105040005000980,,인천광역시 연수구 능허대로 192,406835,21960,,,,126.646403138022,37.4160093116224
MA010120220811271599,흥부타이어,,G2,소매,G202,자동차 부품 소매,G20201,타이어 소매업,G45211,자동차 신품 타이어 및 튜브 판매업,48,경상남도,48250,김해시,48250340,한림면,4825034024,한림면,4825034024107390010,1,대지,739,10,경상남도 김해시 한림면 신천리 739-10,482502335001,경상남도 김해시 한림면 김해대로,1399,,4825034024107390010092343,,경상남도 김해시 한림면 김해대로 1399,621873,50853,,,,128.825482562485,35.2784012883297
MA010120220811268922,타이어달인,,G2,소매,G202,자동차 부품 소매,G20201,타이어 소매업,G45211,자동차 신품 타이어 및 튜브 판매업,48,경상남도,48250,김해시,48250250,진영읍,4825025028,진영읍,4825025028105590000,1,대지,559,,경상남도 김해시 진영읍 본산리 559,482503335065,경상남도 김해시 진영읍 한림로,1152,,4825025028105590000000001,,경상남도 김해시 진영읍 한림로 1152,621803,50854,,,,128.743406115458,35.3243298099257
MA010120220811269031,에이스휠,,G2,소매,G202,자동차 부품 소매,G20201,타이어 소매업,G45211,자동차 신품 타이어 및 튜브 판매업,47,경상북도,47290,경산시,47290330,자인면,4729033023,자인면,4729033023110950016,1,대지,1095,16,경상북도 경산시 자인면 북사리 1095-16,472903313058,경상북도 경산시 자인면 자인공단3로,5,,4729033023110950016064207,,경상북도 경산시 자인면 자인공단3로 5,712852,38551,,,,128.823537698474,35.8241322661913
MA010120220811283871,전국타이어,,G2,소매,G202,자동차 부품 소매,G20201,타이어 소매업,G45211,자동차 신품 타이어 및 튜브 판매업,48,경상남도,48250,김해시,48250340,한림면,4825034024,한림면,4825034024102650001,1,대지,265,1,경상남도 김해시 한림면 신천리 265-1,482502335001,경상남도 김해시 한림면 김해대로,1537,,4825034024102650001000001,,경상남도 김해시 한림면 김해대로 1537,621873,50853,,,,128.839649573028,35.2760237675942
MA010120220811256988,세이프오토,,G2,소매,G202,자동차 부품 소매,G20201,타이어 소매업,G45211,자동차 신품 타이어 및 튜브 판매업,48,경상남도,48250,김해시,48250600,불암동,4825012100,지내동,4825012100101920014,1,대지,192,14,경상남도 김해시 지내동 192-14,482502335001,경상남도 김해시 김해대로,2692,,4825012100101920014086565,,경상남도 김해시 김해대로 2692,621210,50936,,,,128.921152682935,35.2287965810782
MA010120220811253990,송원자동차정비,,G2,소매,G202,자동차 부품 소매,G20201,타이어 소매업,G45211,자동차 신품 타이어 및 튜브 판매업,48,경상남도,48250,김해시,48250620,장유2동,4825012800,삼문동,4825012800105790014,1,대지,579,14,경상남도 김해시 삼문동 579-14,482503335024,경상남도 김해시 번화2로,30,,4825031026105790014091979,,경상남도 김해시 번화2로 30,621290,51000,,,,128.80540804947,35.1918542260631
MA010120220811270402,영진타이어,,G2,소매,G202,자동차 부품 소매,G20201,타이어 소매업,G45211,자동차 신품 타이어 및 튜브 판매업,48,경상남도,48250,김해시,48250565,칠산서부동,4825011400,화목동,4825011400106970012,1,대지,697,12,경상남도 김해시 화목동 697-12,482503335061,경상남도 김해시 칠산로,255,,4825011400106970012000001,,경상남도 김해시 칠산로 255,621150,51006,,,,128.845754885691,35.1963195621471
MA010120220811273762,넥센타이어김해,대리점,G2,소매,G202,자동차 부품 소매,G20201,타이어 소매업,G45211,자동차 신품 타이어 및 튜브 판매업,48,경상남도,48250,김해시,48250590,삼안동,4825012000,안동,4825012000107450004,1,대지,745,4,경상남도 김해시 안동 745-4,482503335031,경상남도 김해시 분성로,598,,4825012000107450004057897,,경상남도 김해시 분성로 598,621915,50932,,,,128.911300406444,35.2357925538539
MA010120220811309796,타이어,백화점,G2,소매,G202,자동차 부품 소매,G20201,타이어 소매업,G45211,자동차 신품 타이어 및 튜브 판매업,50,제주특별자치도,50110,제주시,50110650,연동,5011013700,연동,5011013700103100058,1,대지,310,58,제주특별자치도 제주시 연동 310-58,501103349137,제주특별자치도 제주시 연삼로,54,1,5011013700103100058009068,,제주특별자치도 제주시 연삼로 54-1,690815,63119,,,,126.498268743235,33.4932457056116
MA010120220811310851,동아종합상사,,G2,소매,G202,자동차 부품 소매,G20201,타이어 소매업,G45211,자동차 신품 타이어 및 튜브 판매업,50,제주특별자치도,50110,제주시,50110600,화북동,5011011100,화북일동,5011011100111010001,1,대지,1101,1,제주특별자치도 제주시 화북일동 1101-1,501104848873,제주특별자치도 제주시 청풍남8길,34,,5011011100111010001050548,,제주특별자치도 제주시 청풍남8길 34,690838,63300,,,,126.571283558089,33.5165194842898
MA010120220811319208,한국타이어동경，동경자동차공업사,대리점,G2,소매,G202,자동차 부품 소매,G20201,타이어 소매업,G45211,자동차 신품 타이어 및 튜브 판매업,50,제주특별자치도,50110,제주시,50110670,외도동,5011012300,외도일동,5011012300104050005,1,대지,405,5,제주특별자치도 제주시 외도일동 405-5,501103349236,제주특별자치도 제주시 일주서로,7328,,5011012300104050005062253,,제주특별자치도 제주시 일주서로 7328,690191,63069,,,,126.430060815604,33.492680285749
MA010120220811312262,화북중고타이어,,G2,소매,G202,자동차 부품 소매,G20201,타이어 소매업,G45220,자동차 중고 부품 및 내장품 판매업,50,제주특별자치도,50110,제주시,50110600,화북동,5011011100,화북일동,5011011100146370007,1,대지,4637,7,제주특별자치도 제주시 화북일동 4637-7,501104847616,제주특별자치도 제주시 동제원길,12,,5011011100146370007051727,,제주특별자치도 제주시 동제원길 12,690061,63293,,,,126.558412431459,33.5161046175295
MA010120220811343824,빅타이어화북점,,G2,소매,G202,자동차 부품 소매,G20201,타이어 소매업,G45211,자동차 신품 타이어 및 튜브 판매업,50,제주특별자치도,50110,제주시,50110600,화북동,5011011200,화북이동,5011011200123880002,1,대지,2388,2,제주특별자치도 제주시 화북이동 2388-2,501103349137,제주특별자치도 제주시 연삼로,786,,5011011200123880002053770,,제주특별자치도 제주시 연삼로 786,690838,63304,,,,126.569908451853,33.5116371028632
MA010120220811348392,쌍용부품상사,,G2,소매,G202,자동차 부품 소매,G20201,타이어 소매업,G45212,자동차용 전용 신품 부품 판매업,50,제주특별자치도,50110,제주시,50110600,화북동,5011011100,화북일동,5011011100121520000,1,대지,2152,,제주특별자치도 제주시 화북일동 2152,501104847963,제주특별자치도 제주시 선반로6길,21,,5011011100121520000053262,,제주특별자치도 제주시 선반로6길 21,690838,63297,,,,126.562764701676,33.5132079139545
MA010120220811355740,119타이어제주점,,G2,소매,G202,자동차 부품 소매,G20201,타이어 소매업,G45211,자동차 신품 타이어 및 튜브 판매업,50,제주특별자치도,50110,제주시,50110540,이도2동,5011010400,이도이동,5011010400110620005,1,대지,1062,5,제주특별자치도 제주시 이도이동 1062-5,501103349137,제주특별자치도 제주시 연삼로,434,,5011010400110620005044739,,제주특별자치도 제주시 연삼로 434,690825,63224,,,,126.537279075288,33.496742428239
MA010120220811358187,광명타이어,,G2,소매,G202,자동차 부품 소매,G20201,타이어 소매업,G45211,자동차 신품 타이어 및 튜브 판매업,41,경기도,41210,광명시,41210631,하안1동,4121010300,하안동,4121010300105780013,1,대지,578,13,경기도 광명시 하안동 578-13,412104361203,경기도 광명시 안재로1번길,34,,4121010300105780013014981,,경기도 광명시 안재로1번길 34,423844,14259,,,,126.870547951167,37.4597429755882
MA010120220811358500,119타이어,노형점,G2,소매,G202,자동차 부품 소매,G20201,타이어 소매업,G45211,자동차 신품 타이어 및 튜브 판매업,50,제주특별자치도,50110,제주시,50110660,노형동,5011012200,노형동,5011012200122810000,1,대지,2281,,제주특별자치도 제주시 노형동 2281,501103349042,제주특별자치도 제주시 노형로,302,,5011012200122810000029945,,제주특별자치도 제주시 노형로 302,690840,63093,,,,126.470431677969,33.4789839009141
MA010120220811347139,119타이어,서귀포점,G2,소매,G202,자동차 부품 소매,G20201,타이어 소매업,G45211,자동차 신품 타이어 및 튜브 판매업,50,제주특별자치도,50130,서귀포시,50130560,영천동,5013011100,토평동,5013011100122320003,1,대지,2232,3,제주특별자치도 서귀포시 토평동 2232-3,501303350279,제주특별자치도 서귀포시 토평로,5,,5013011100122320003012383,,제주특별자치도 서귀포시 토평로 5,697859,63603,,,,126.585885415226,33.2681122908654
MA010120220811358918,119타이어삼화점,,G2,소매,G202,자동차 부품 소매,G20201,타이어 소매업,G45211,자동차 신품 타이어 및 튜브 판매업,50,제주특별자치도,50110,제주시,50110600,화북동,5011011200,화북이동,5011011200123590007,1,대지,2359,7,제주특별자치도 제주시 화북이동 2359-7,501103349137,제주특별자치도 제주시 연삼로,780,,5011011200123590007000001,,제주특별자치도 제주시 연삼로 780,690838,63304,,1,,126.569005495278,33.5114085665666
MA010120220811332114,조은타이어마트카공업사,,G2,소매,G202,자동차 부품 소매,G20201,타이어 소매업,G45211,자동차 신품 타이어 및 튜브 판매업,50,제주특별자치도,50110,제주시,50110540,이도2동,5011010400,이도이동,5011010400103970002,1,대지,397,2,제주특별자치도 제주시 이도이동 397-2,501103349137,제주특별자치도 제주시 연삼로,458,1,5011010400103970002044763,,제주특별자치도 제주시 연삼로 458-1,690824,63225,,,,126.539337814135,33.4981385528188
MA010120220811069258,한국타이어123,,G2,소매,G202,자동차 부품 소매,G20201,타이어 소매업,G45211,자동차 신품 타이어 및 튜브 판매업,48,경상남도,48870,함양군,48870250,함양읍,4887025027,함양읍,4887025027117180000,1,대지,1718,,경상남도 함양군 함양읍 백천리 1718,488703329003,경상남도 함양군 함양읍 고운로,298,,4887025027117180000000001,,경상남도 함양군 함양읍 고운로 298,676804,50023,,,,127.75294607195,35.5247749972222
MA010120220811073118,한국타이어합천,대리점,G2,소매,G202,자동차 부품 소매,G20201,타이어 소매업,G45211,자동차 신품 타이어 및 튜브 판매업,48,경상남도,48890,합천군,48890250,합천읍,4889025021,합천읍,4889025021104180038,1,대지,418,38,경상남도 합천군 합천읍 합천리 418-38,488903348043,경상남도 합천군 합천읍 대야로,899,,4889025021104180038001892,,경상남도 합천군 합천읍 대야로 899,678801,50232,,,,128.163146143882,35.5686786106251
MA010120220811065114,금호타이어,,G2,소매,G202,자동차 부품 소매,G20201,타이어 소매업,G45211,자동차 신품 타이어 및 튜브 판매업,48,경상남도,48870,함양군,48870250,함양읍,4887025028,함양읍,4887025028101110044,1,대지,111,44,경상남도 함양군 함양읍 백연리 111-44,488703346023,경상남도 함양군 함양읍 한들로,50,,4887025028101110044000001,,경상남도 함양군 함양읍 한들로 50,676803,50048,,,,127.727924926394,35.5119321104839
MA010120220811082952,타이어테크춘천,중앙점,G2,소매,G202,자동차 부품 소매,G20201,타이어 소매업,G45211,자동차 신품 타이어 및 튜브 판매업,51,강원특별자치도,51110,춘천시,51110600,후평1동,5111012000,후평동,5111012000106030008,1,대지,603,8,강원특별자치도 춘천시 후평동 603-8,511103218049,강원특별자치도 춘천시 후석로,456,,4211012000106030008028389,,강원특별자치도 춘천시 후석로 456,200957,24232,,,,127.741926815689,37.8899187689145
MA010120220811091947,금호타이어동명,대리점,G2,소매,G202,자동차 부품 소매,G20201,타이어 소매업,G45211,자동차 신품 타이어 및 튜브 판매업,48,경상남도,48220,통영시,48220550,중앙동,4822010400,항남동,4822010400101250000,1,대지,125,,경상남도 통영시 항남동 125,482204799484,경상남도 통영시 항남1길,59,,4822010400101250000003759,,경상남도 통영시 항남1길 59,650060,53054,,,,128.425163094657,34.841253400672
MA010120220811117152,타이어테크,고성점,G2,소매,G202,자동차 부품 소매,G20201,타이어 소매업,G45211,자동차 신품 타이어 및 튜브 판매업,48,경상남도,48820,고성군,48820250,고성읍,4882025025,고성읍,4882025025101920012,1,대지,192,12,경상남도 고성군 고성읍 송학리 192-12,488202328001,경상남도 고성군 고성읍 남해안대로,2629,,4882025025101920012000001,,경상남도 고성군 고성읍 남해안대로 2629,638805,52940,,1,,128.332838761123,34.977839549352
MA010120220811120099,고성중고타이어,,G2,소매,G202,자동차 부품 소매,G20201,타이어 소매업,G45220,자동차 중고 부품 및 내장품 판매업,48,경상남도,48820,고성군,48820250,고성읍,4882025034,고성읍,4882025034106760007,1,대지,676,7,경상남도 고성군 고성읍 월평리 676-7,488204826471,경상남도 고성군 고성읍 월평4길,34,39,4882025034106760007000001,,경상남도 고성군 고성읍 월평4길 34-39,638807,52948,,,,128.3436427059,34.9541243552043
MA010120220811117962,카두업,,G2,소매,G202,자동차 부품 소매,G20201,타이어 소매업,G45211,자동차 신품 타이어 및 튜브 판매업,48,경상남도,48127,창원시 마산회원구,48127620,봉암동,4812710300,봉암동,4812710300106660064,1,대지,666,64,경상남도 창원시 마산회원구 봉암동 666-64,481274790085,경상남도 창원시 마산회원구 봉암공단3길,120,,4812710300106660064017513,부광산업설비공업,경상남도 창원시 마산회원구 봉암공단3길 120,630803,51342,,3,,128.605015637195,35.2122777800041
MA010120220811107538,한국타이어대교，대교카부분정비,대리점,G2,소매,G202,자동차 부품 소매,G20201,타이어 소매업,G45211,자동차 신품 타이어 및 튜브 판매업,48,경상남도,48220,통영시,48220310,용남면,4822031025,용남면,4822031025107790024,1,대지,779,24,경상남도 통영시 용남면 원평리 779-24,482203333047,경상남도 통영시 용남면 견내량로,10,,4822031025107790024044185,,경상남도 통영시 용남면 견내량로 10,650837,53025,,,,128.459674014301,34.8888113456022
MA010120220811110542,거가자동차,,G2,소매,G202,자동차 부품 소매,G20201,타이어 소매업,G45120,중고 자동차 판매업,48,경상남도,48310,거제시,48310370,연초면,4831037025,연초면,4831037025102600002,1,대지,260,2,경상남도 거제시 연초면 다공리 260-2,483103337004,경상남도 거제시 연초면 거제북로,309,,4831037025102600002000001,,경상남도 거제시 연초면 거제북로 309,656811,53210,,1,,128.655765922789,34.9369492529221
MA010120220811101793,타이어프로,,G2,소매,G202,자동차 부품 소매,G20201,타이어 소매업,G45211,자동차 신품 타이어 및 튜브 판매업,47,경상북도,47111,포항시 남구,47111545,해도동,4711110300,해도동,4711110300100340032,1,대지,34,32,경상북도 포항시 남구 해도동 34-32,471113303047,경상북도 포항시 남구 중앙로,143,,4711110300100340032000001,,경상북도 포항시 남구 중앙로 143,790838,37775,,,,129.367304060668,36.0258714033632
MA010120220811102093,타이어월드,,G2,소매,G202,자동차 부품 소매,G20201,타이어 소매업,G45211,자동차 신품 타이어 및 튜브 판매업,48,경상남도,48220,통영시,48220700,무전동,4822011100,무전동,4822011100108620002,1,대지,862,2,경상남도 통영시 무전동 862-2,482203333024,경상남도 통영시 원문로,144,,4822011100108620002031719,,경상남도 통영시 원문로 144,650800,53034,,,,128.420262184978,34.8652314585555
MA010120220811129776,현대사,,G2,소매,G202,자동차 부품 소매,G20201,타이어 소매업,G45212,자동차용 전용 신품 부품 판매업,48,경상남도,48820,고성군,48820250,고성읍,4882025032,고성읍,4882025032107800003,1,대지,780,3,경상남도 고성군 고성읍 죽계리 780-3,488204826539,경상남도 고성군 고성읍 죽계1길,7,,4882025032107800003000808,,경상남도 고성군 고성읍 죽계1길 7,638802,52930,,,,128.327836431335,34.9874571810407
MA010120220811150399,한국타이어경상,대리점,G2,소매,G202,자동차 부품 소매,G20201,타이어 소매업,G45211,자동차 신품 타이어 및 튜브 판매업,48,경상남도,48880,거창군,48880250,거창읍,4888025023,거창읍,4888025023109800011,1,대지,980,11,경상남도 거창군 거창읍 대동리 980-11,488803347011,경상남도 거창군 거창읍 창동로,190,,4888025023109800011000001,,경상남도 거창군 거창읍 창동로 190,670803,50135,,,,127.920055900322,35.6940703312292
MA010120220811166096,티-스테이션,사천점,G2,소매,G202,자동차 부품 소매,G20201,타이어 소매업,G45211,자동차 신품 타이어 및 튜브 판매업,48,경상남도,48240,사천시,48240250,사천읍,4824025023,사천읍,4824025023101920001,1,대지,192,1,경상남도 사천시 사천읍 평화리 192-1,482403334036,경상남도 사천시 사천읍 옥산로,50,35,4824025023101920001060149,,경상남도 사천시 사천읍 옥산로 50-35,664808,52521,,,,128.088407743176,35.0791700214944
MA010120220811139169,티에스이주,,G2,소매,G202,자동차 부품 소매,G20201,타이어 소매업,G45211,자동차 신품 타이어 및 튜브 판매업,48,경상남도,48310,거제시,48310570,장평동,4831010800,장평동,4831010800108170003,1,대지,817,3,경상남도 거제시 장평동 817-3,483102006004,경상남도 거제시 거제대로,4909,,4831010800108170003011207,,경상남도 거제시 거제대로 4909,656927,53272,,,,128.60114643902,34.8887063273796
MA010120220811149383,한국타이어정성판매,,G2,소매,G202,자동차 부품 소매,G20201,타이어 소매업,G45211,자동차 신품 타이어 및 튜브 판매업,48,경상남도,48170,진주시,48170673,상대동,4817011900,상대동,4817011900100330013,1,대지,33,13,경상남도 진주시 상대동 33-13,481703332016,경상남도 진주시 도동로,131,,4817011900100330013091602,,경상남도 진주시 도동로 131,660802,52782,,,,128.120540151642,35.182202993296
MA010120220811166541,금호타이어성지점,,G2,소매,G202,자동차 부품 소매,G20201,타이어 소매업,G45211,자동차 신품 타이어 및 튜브 판매업,48,경상남도,48170,진주시,48170555,성북동,4817010500,본성동,4817010500100150006,1,대지,15,6,경상남도 진주시 본성동 15-6,481703332056,경상남도 진주시 진양호로,498,1,4817010500100150006208182,,경상남도 진주시 진양호로 498-1,660160,52690,,,,128.080276596459,35.1916179062669
MA010120220811163325,사천중고타이어,,G2,소매,G202,자동차 부품 소매,G20201,타이어 소매업,G45220,자동차 중고 부품 및 내장품 판매업,48,경상남도,48240,사천시,48240250,사천읍,4824025028,사천읍,4824025028115350006,1,대지,1535,6,경상남도 사천시 사천읍 구암리 1535-6,482402334003,경상남도 사천시 사천읍 사천대로,2020,,4824025028115350006058143,,경상남도 사천시 사천읍 사천대로 2020,664801,52516,,,,128.091304448358,35.0949710708749
MA010120220811167352,단성영진카금호타이어,대리점,G2,소매,G202,자동차 부품 소매,G20201,타이어 소매업,G45211,자동차 신품 타이어 및 튜브 판매업,48,경상남도,48860,산청군,48860370,단성면,4886037021,단성면,4886037021100580022,1,대지,58,22,경상남도 산청군 단성면 성내리 58-22,488603345043,경상남도 산청군 단성면 목화로,1023,,4886037021100580022000001,,경상남도 산청군 단성면 목화로 1023,666941,52251,,,,127.961308260522,35.3008854162783
MA010120220811188932,진삼타이어,,G2,소매,G202,자동차 부품 소매,G20201,타이어 소매업,G45211,자동차 신품 타이어 및 튜브 판매업,48,경상남도,48240,사천시,48240250,사천읍,4824025028,사천읍,4824025028111520001,1,대지,1152,1,경상남도 사천시 사천읍 구암리 1152-1,482404802683,경상남도 사천시 사천읍 토촌길,6,130,4824025028111530004058636,,경상남도 사천시 사천읍 토촌길 6-130,664801,52515,,,,128.100662316553,35.0936066122124
MA010120220811193907,T，B，X서,안동점,G2,소매,G202,자동차 부품 소매,G20201,타이어 소매업,G45211,자동차 신품 타이어 및 튜브 판매업,47,경상북도,47170,안동시,47170250,풍산읍,4717025030,풍산읍,4717025030107490013,1,대지,749,13,경상북도 안동시 풍산읍 노리 749-13,471704721732,경상북도 안동시 풍산읍 신석현길,3,9,4717025030107490013088353,,경상북도 안동시 풍산읍 신석현길 3-9,760801,36621,,,,128.618643963171,36.5887787676264
MA010120220811194749,한국타이어신일,대리점,G2,소매,G202,자동차 부품 소매,G20201,타이어 소매업,G45211,자동차 신품 타이어 및 튜브 판매업,48,경상남도,48860,산청군,48860370,단성면,4886037022,단성면,4886037022104910000,1,대지,491,,경상남도 산청군 단성면 강누리 491,488602345002,경상남도 산청군 단성면 지리산대로,3389,,4886037022104910000000001,,경상남도 산청군 단성면 지리산대로 3389,666941,52248,,,,127.963832153515,35.3041911083387
MA010120220811186101,타이어통통진주，사천,,G2,소매,G202,자동차 부품 소매,G20201,타이어 소매업,G45211,자동차 신품 타이어 및 튜브 판매업,48,경상남도,48170,진주시,48170320,정촌면,4817032025,정촌면,4817032025109080005,1,대지,908,5,경상남도 진주시 정촌면 예하리 908-5,481704796068,경상남도 진주시 정촌면 강주길,28,,4817032025109080005054305,,경상남도 진주시 정촌면 강주길 28,660822,52847,,1,,128.094829901814,35.1142273560436
MA010120220811184201,찰스닷컴,,G2,소매,G202,자동차 부품 소매,G20201,타이어 소매업,G45219,기타 자동차 신품 부품 및 내장품 판매업,48,경상남도,48170,진주시,48170680,상평동,4817012100,상평동,4817012100102210039,1,대지,221,39,경상남도 진주시 상평동 221-39,481703332072,경상남도 진주시 공단로,89,,4817012100102210039095878,,경상남도 진주시 공단로 89,660904,52805,,,,128.109690196922,35.175471047022
MA010120220811192815,용용출장빵구,,G2,소매,G202,자동차 부품 소매,G20201,타이어 소매업,G45211,자동차 신품 타이어 및 튜브 판매업,48,경상남도,48330,양산시,48330540,서창동,4833011300,용당동,4833011300100610000,1,대지,61,,경상남도 양산시 용당동 61,483304814695,경상남도 양산시 웅비공단길,10,,4833011300100610000034292,주식,경상남도 양산시 웅비공단길 10,626290,50524,,,,129.191330825929,35.4342640928394
MA010120220811178836,타이어마을,,G2,소매,G202,자동차 부품 소매,G20201,타이어 소매업,G45211,자동차 신품 타이어 및 튜브 판매업,48,경상남도,48170,진주시,48170740,가호동,4817013200,호탄동,4817013200106200019,1,대지,620,19,경상남도 진주시 호탄동 620-19,481703332019,경상남도 진주시 동부로,67,,4817013200106200019409611,타이어마을,경상남도 진주시 동부로 67,660310,52819,,,,128.11471226683,35.1614006941059
MA010120220812711717,한국타이어예술의전당점,,G2,소매,G202,자동차 부품 소매,G20201,타이어 소매업,G45211,자동차 신품 타이어 및 튜브 판매업,41,경기도,41150,의정부시,41150520,의정부2동,4115010100,의정부동,4115010100105430008,1,대지,543,8,경기도 의정부시 의정부동 543-8,411503181004,경기도 의정부시 경의로,37,,4115010100105430008000001,,경기도 의정부시 경의로 37,480849,11625,,,,127.039557663321,37.7331319798341
MA010120220812668022,일공타이어,,G2,소매,G202,자동차 부품 소매,G20201,타이어 소매업,G45211,자동차 신품 타이어 및 튜브 판매업,52,전북특별자치도,52113,전주시 덕진구,52113612,우아2동,5211311300,우아동1가,5211311300108690003,1,대지,869,3,전북특별자치도 전주시 덕진구 우아동1가 869-3,521132266002,전북특별자치도 전주시 덕진구 동부대로,388,,4511311300108690003000001,,전북특별자치도 전주시 덕진구 동부대로 388,561221,55026,,,,127.17732376022,35.8270943193922
MA010120220812743513,도개미쉐린타이어,,G2,소매,G202,자동차 부품 소매,G20201,타이어 소매업,G45211,자동차 신품 타이어 및 튜브 판매업,47,경상북도,47190,구미시,47190330,도개면,4719033029,도개면,4719033029100010000,1,대지,1,,경상북도 구미시 도개면 용산리 1,471902308006,경상북도 구미시 도개면 낙동대로,3878,,4719033029200010005000001,,경상북도 구미시 도개면 낙동대로 3878,730861,39103,,,,128.310074561492,36.3287751410844
MA010120220812660536,한국타이어중동카,,G2,소매,G202,자동차 부품 소매,G20201,타이어 소매업,G45211,자동차 신품 타이어 및 튜브 판매업,26,부산광역시,26350,해운대구,26350530,중1동,2635010600,중동,2635010600113280000,1,대지,1328,,부산광역시 해운대구 중동 1328,263503133038,부산광역시 해운대구 좌동로,31,,2635010600113280000030779,일부호,부산광역시 해운대구 좌동로 31,612848,48082,,1,,129.170135211084,35.1688070607734
MA010120220812665922,타이어MAN,,G2,소매,G202,자동차 부품 소매,G20201,타이어 소매업,G45211,자동차 신품 타이어 및 튜브 판매업,41,경기도,41360,남양주시,41360259,진건읍,4136025923,진건읍,4136025923101310005,1,대지,131,5,경기도 남양주시 진건읍 진관리 131-5,413603197039,경기도 남양주시 진건읍 양진로,439,,4136025924101040006000001,,경기도 남양주시 진건읍 양진로 439,472831,12131,,,,127.171616806284,37.6593049239333
MA010120220812655368,미쉐린타이어강서,대리점,G2,소매,G202,자동차 부품 소매,G20201,타이어 소매업,G45211,자동차 신품 타이어 및 튜브 판매업,11,서울특별시,11470,양천구,11470610,신월6동,1147010300,신월동,1147010300105490010,1,대지,549,10,서울특별시 양천구 신월동 549-10,114704142238,서울특별시 양천구 신월로10길,5,,1147010300105490010008899,,서울특별시 양천구 신월로10길 5,158841,08065,,,,126.840553148771,37.5168211465374
MA010120220812608181,평창,신동점,G2,소매,G202,자동차 부품 소매,G20201,타이어 소매업,G45211,자동차 신품 타이어 및 튜브 판매업,51,강원특별자치도,51760,평창군,51760250,평창읍,5176025044,평창읍,5176025044101250014,1,대지,125,14,강원특별자치도 평창군 평창읍 주진리 125-14,517603219074,강원특별자치도 평창군 평창읍 서동로,1839,,4276025044101250014000001,,강원특별자치도 평창군 평창읍 서동로 1839,232803,25369,,,,128.416745968365,37.409985795281
MA010120220812710715,한국타이어선산점,,G2,소매,G202,자동차 부품 소매,G20201,타이어 소매업,G45211,자동차 신품 타이어 및 튜브 판매업,47,경상북도,47190,구미시,47190250,선산읍,4719025022,선산읍,4719025022103320001,1,대지,332,1,경상북도 구미시 선산읍 동부리 332-1,471902308003,경상북도 구미시 선산읍 선산대로,1417,,4719025022103320001041927,,경상북도 구미시 선산읍 선산대로 1417,730804,39118,,,,128.303896170092,36.2412808568476
MA010120220812664414,대형타이어,,G2,소매,G202,자동차 부품 소매,G20201,타이어 소매업,G45211,자동차 신품 타이어 및 튜브 판매업,41,경기도,41590,화성시,41590370,장안면,4159037022,장안면,4159037022107850255,1,대지,785,255,경기도 화성시 장안면 석포리 785-255,415903210034,경기도 화성시 장안면 매바위로,325,,4159037022107850255000001,,경기도 화성시 장안면 매바위로 325,445941,18574,,,,126.818251253594,37.1402750678417
MA010120220812672845,에스에스에프,,G2,소매,G202,자동차 부품 소매,G20201,타이어 소매업,G45212,자동차용 전용 신품 부품 판매업,11,서울특별시,11710,송파구,11710650,잠실본동,1171010100,잠실동,1171010100101960000,1,대지,196,,서울특별시 송파구 잠실동 196,117103123006,서울특별시 송파구 백제고분로,75,,1171010100101960000000001,,서울특별시 송파구 백제고분로 75,138759,05561,,5,,127.079150629608,37.5099645183871
MA010120220812620341,타이어프로,수완점,G2,소매,G202,자동차 부품 소매,G20201,타이어 소매업,G45211,자동차 신품 타이어 및 튜브 판매업,29,광주광역시,29200,광산구,29200637,수완동,2920011400,수완동,2920011400108990000,1,대지,899,,광주광역시 광산구 수완동 899,292002009005,광주광역시 광산구 임방울대로,468,1,2920011400108990000000001,,광주광역시 광산구 임방울대로 468-1,506304,62246,,,,126.820301718239,35.2016029971631
MA010120220810910762,남창원타이어,,G2,소매,G202,자동차 부품 소매,G20201,타이어 소매업,G45211,자동차 신품 타이어 및 튜브 판매업,48,경상남도,48123,창원시 성산구,48123570,웅남동,4812312900,웅남동,4812312900100720006,1,대지,72,6,경상남도 창원시 성산구 웅남동 72-6,481233328027,경상남도 창원시 성산구 완암로,1,,4812312900100720006024657,,경상남도 창원시 성산구 완암로 1,642290,51570,,,,128.659121938304,35.2031848832673
MA010120220810917700,중고타이어,,G2,소매,G202,자동차 부품 소매,G20201,타이어 소매업,G45220,자동차 중고 부품 및 내장품 판매업,48,경상남도,48129,창원시 진해구,48129560,경화동,4812913900,경화동,4812913900111290033,1,대지,1129,33,경상남도 창원시 진해구 경화동 1129-33,481292000030,경상남도 창원시 진해구 진해대로,609,1,4812913900111290033007718,,경상남도 창원시 진해구 진해대로 609-1,645801,51583,,,,128.682307793895,35.1582632703587
MA010120220810908272,동해카,,G2,소매,G202,자동차 부품 소매,G20201,타이어 소매업,G45219,기타 자동차 신품 부품 및 내장품 판매업,48,경상남도,48123,창원시 성산구,48123515,용지동,4812313600,신월동,4812313600100290018,1,대지,29,18,경상남도 창원시 성산구 신월동 29-18,481233328009,경상남도 창원시 성산구 동산로,219,,4812112600100290018031439,,경상남도 창원시 성산구 동산로 219,641837,51441,,,,128.696993314334,35.2264700926189
MA010120220810931508,타이어프로진해,구청점,G2,소매,G202,자동차 부품 소매,G20201,타이어 소매업,G45211,자동차 신품 타이어 및 튜브 판매업,48,경상남도,48129,창원시 진해구,48129620,풍호동,4812914400,풍호동,4812914400108060004,1,대지,806,4,경상남도 창원시 진해구 풍호동 806-4,481293331065,경상남도 창원시 진해구 천자로,401,,4812914400108060004003927,,경상남도 창원시 진해구 천자로 401,645320,51644,,,,128.708863536894,35.1351265642124
MA010120220810936977,창원형제중고타이어,,G2,소매,G202,자동차 부품 소매,G20201,타이어 소매업,G45211,자동차 신품 타이어 및 튜브 판매업,48,경상남도,48121,창원시 의창구,48121520,팔룡동,4812112000,사화동,4812112000106640009,1,대지,664,9,경상남도 창원시 의창구 사화동 664-9,481214781236,경상남도 창원시 의창구 무역로581번길,2,1,4812112000100450000022977,,경상남도 창원시 의창구 무역로581번길 2-1,641440,51402,,,,128.640855559885,35.2306779243422
MA010120220810949085,한국타이어,용원점,G2,소매,G202,자동차 부품 소매,G20201,타이어 소매업,G45211,자동차 신품 타이어 및 튜브 판매업,48,경상남도,48129,창원시 진해구,48129650,웅동2동,4812916400,용원동,4812916400111890007,1,대지,1189,7,경상남도 창원시 진해구 용원동 1189-7,481293331043,경상남도 창원시 진해구 용재로,65,,4812916400111890007000001,,경상남도 창원시 진해구 용재로 65,645510,51604,,,,128.816949216989,35.1011913169527
MA010120220811002770,뉴신우타이어,,G2,소매,G202,자동차 부품 소매,G20201,타이어 소매업,G45220,자동차 중고 부품 및 내장품 판매업,31,울산광역시,31200,북구,31200560,효문동,3120012200,연암동,3120012200103850012,1,대지,385,12,울산광역시 북구 연암동 385-12,312003172013,울산광역시 북구 무룡로,37,,3120012200103850012003793,,울산광역시 북구 무룡로 37,683805,44244,,,,129.364461620869,35.5811483964056
MA010120220811001202,대원차유리,,G2,소매,G202,자동차 부품 소매,G20201,타이어 소매업,G45212,자동차용 전용 신품 부품 판매업,31,울산광역시,31200,북구,31200560,효문동,3120012100,진장동,3120012100106670000,1,대지,667,,울산광역시 북구 진장동 667,312004316317,울산광역시 북구 진장17길,40,,3120012100106670000000001,,울산광역시 북구 진장17길 40,683360,44250,,,,129.355436988927,35.5648810250565
MA010120220810979400,디에이치주,코리아,G2,소매,G202,자동차 부품 소매,G20201,타이어 소매업,G45213,자동차 내장용 신품 전기ㆍ전자ㆍ정밀기기 판매업,48,경상남도,48121,창원시 의창구,48121320,대산면,4812132024,대산면,4812132024101530014,1,대지,153,14,경상남도 창원시 의창구 대산면 가술리 153-14,481213019034,경상남도 창원시 의창구 대산면 진산대로,442,14,4812132024101530014000001,,경상남도 창원시 의창구 대산면 진산대로 442-14,641921,51123,,,,128.709814979991,35.3390576125297
MA010120220810971801,아남특수.특장,,G2,소매,G202,자동차 부품 소매,G20201,타이어 소매업,G45211,자동차 신품 타이어 및 튜브 판매업,48,경상남도,48121,창원시 의창구,48121520,팔룡동,4812112100,차용동,4812112100100540029,1,대지,54,29,경상남도 창원시 의창구 차용동 54-29,481214781236,경상남도 창원시 의창구 무역로581번길,30,,4812112100100540029023158,,경상남도 창원시 의창구 무역로581번길 30,641450,51402,,,,128.638324336406,35.2315233210937
MA010120220811019910,타이어프로우정점,,G2,소매,G202,자동차 부품 소매,G20201,타이어 소매업,G45211,자동차 신품 타이어 및 튜브 판매업,31,울산광역시,31110,중구,31110590,우정동,3111010800,우정동,3111010800102800038,1,대지,280,38,울산광역시 중구 우정동 280-38,311103169019,울산광역시 중구 장춘로,6,,3111010800102800038000001,,울산광역시 중구 장춘로 6,681815,44534,,1,,129.310142069444,35.5559003339103
MA010120220811023709,인치업나라,,G2,소매,G202,자동차 부품 소매,G20201,타이어 소매업,G45220,자동차 중고 부품 및 내장품 판매업,41,경기도,41610,광주시,41610259,곤지암읍,4161025921,곤지암읍,4161025921101400000,1,대지,140,,경기도 광주시 곤지암읍 곤지암리 140,416103012083,경기도 광주시 곤지암읍 광여로,65,,4161025921101400000000001,,경기도 광주시 곤지암읍 광여로 65,464872,12801,,,,127.352916673816,37.3504441598169
MA010120220811034452,넥센타이어,달동점,G2,소매,G202,자동차 부품 소매,G20201,타이어 소매업,G45211,자동차 신품 타이어 및 튜브 판매업,31,울산광역시,31140,남구,31140560,달동,3114010500,달동,3114010500106500019,1,대지,650,19,울산광역시 남구 달동 650-19,311403170026,울산광역시 남구 삼산로,99,,3114010500106500019013957,,울산광역시 남구 삼산로 99,680802,44693,,,,129.318437261383,35.5353410107239
MA010120220812466526,정문타이어,,G2,소매,G202,자동차 부품 소매,G20201,타이어 소매업,G45211,자동차 신품 타이어 및 튜브 판매업,47,경상북도,47290,경산시,47290253,진량읍,4729025321,진량읍,4729025321106100000,1,대지,610,,경상북도 경산시 진량읍 신상리 610,472903305008,경상북도 경산시 진량읍 공단로,415,,4729025321106370000024770,,경상북도 경산시 진량읍 공단로 415,712837,38488,,,,128.817834401966,35.8685174088223
MA010120220812429695,타이어테크충주,직영점,G2,소매,G202,자동차 부품 소매,G20201,타이어 소매업,G45211,자동차 신품 타이어 및 튜브 판매업,43,충청북도,43130,충주시,43130625,칠금.금릉동,4313012800,금릉동,4313012800100580001,1,대지,58,1,충청북도 충주시 금릉동 58-1,431302238002,충청북도 충주시 국원대로,228,,4313012800100580001000001,,충청북도 충주시 국원대로 228,380230,27341,,,,127.928623829534,36.992024776078
MA010120220812503142,에이비씨상사,,G2,소매,G202,자동차 부품 소매,G20201,타이어 소매업,G45211,자동차 신품 타이어 및 튜브 판매업,44,충청남도,44270,당진시,44270253,송악읍,4427025328,송악읍,4427025328107670000,1,대지,767,,충청남도 당진시 송악읍 반촌리 767,442703000117,충청남도 당진시 송악읍 서해로,6431,,4483025628107660019048828,,충청남도 당진시 송악읍 서해로 6431,343824,31733,,,,126.698268739619,36.8993439857152
MA010120220812479890,콘티넨탈타이어,,G2,소매,G202,자동차 부품 소매,G20201,타이어 소매업,G45211,자동차 신품 타이어 및 튜브 판매업,41,경기도,41220,평택시,41220535,송탄동,4122010300,모곡동,4122010300101110004,1,대지,111,4,경기도 평택시 모곡동 111-4,412202012013,경기도 평택시 경기대로,911,,4122010300101110004003067,,경기도 평택시 경기대로 911,459040,17787,,,,127.070378830136,37.0309226171706
MA010120220812504096,행복타이어성,수지점,G2,소매,G202,자동차 부품 소매,G20201,타이어 소매업,G45211,자동차 신품 타이어 및 튜브 판매업,11,서울특별시,11200,성동구,11200660,성수1가2동,1120011400,성수동1가,1120011400106561169,1,대지,656,1169,서울특별시 성동구 성수동1가 656-1169,112003005024,서울특별시 성동구 광나루로,142,4,1120011400106561169007351,,서울특별시 성동구 광나루로 142-4,133924,04788,,,,127.045753453527,37.5513020983507
MA010120220812540635,선지중고타이어,,G2,소매,G202,자동차 부품 소매,G20201,타이어 소매업,G45220,자동차 중고 부품 및 내장품 판매업,48,경상남도,48250,김해시,48250320,주촌면,4825032021,주촌면,4825032021104200000,1,대지,420,,경상남도 김해시 주촌면 선지리 420,482503352548,경상남도 김해시 주촌면 주선로,88,,4825032021104200000035265,,경상남도 김해시 주촌면 주선로 88,621845,50887,,,,128.839971455741,35.2377724160124
MA010120220812549049,한국타이어서안성IC점,,G2,소매,G202,자동차 부품 소매,G20201,타이어 소매업,N75999,그 외 기타 분류 안된 사업 지원 서비스업,41,경기도,41220,평택시,41220620,비전1동,4122012600,청룡동,4122012600100320000,1,대지,32,,경기도 평택시 청룡동 32,412202012004,경기도 평택시 남북대로,923,,4122012600100320000000001,,경기도 평택시 남북대로 923,450804,17875,,,,127.131836230187,37.032302964313
MA010120220812546981,타이어테크정비,송내점,G2,소매,G202,자동차 부품 소매,G20201,타이어 소매업,G45211,자동차 신품 타이어 및 튜브 판매업,28,인천광역시,28237,부평구,28237670,일신동,2823710900,구산동,2823710900100120010,1,대지,12,10,인천광역시 부평구 구산동 12-10,282373000028,인천광역시 부평구 경인로,1192,,2823710900100120010206990,,인천광역시 부평구 경인로 1192,403110,21418,,,,126.752151824113,37.483241482739
MA010120220812587064,착한타이어,,G2,소매,G202,자동차 부품 소매,G20201,타이어 소매업,G45211,자동차 신품 타이어 및 튜브 판매업,48,경상남도,48250,김해시,48250620,장유2동,4825012900,대청동,4825012900104800000,1,대지,480,,경상남도 김해시 대청동 480,482503335006,경상남도 김해시 계동로,129,,4825031027104800000093723,,경상남도 김해시 계동로 129,621280,50995,,,,128.79280425368,35.1873192059496
MA010120220812576797,엔케이타이어,,G2,소매,G202,자동차 부품 소매,G20201,타이어 소매업,G45211,자동차 신품 타이어 및 튜브 판매업,29,광주광역시,29140,서구,29140800,서창동,2914013200,매월동,2914013200109480000,1,대지,948,,광주광역시 서구 매월동 948,291403160009,광주광역시 서구 매월2로,53,,2914013200109460000024501,광주산업용재유통센터,광주광역시 서구 매월2로 53,502795,62074,,,,126.860287964665,35.1162249385525
MA010120220812572364,당진타이어할인점,,G2,소매,G202,자동차 부품 소매,G20201,타이어 소매업,G45211,자동차 신품 타이어 및 튜브 판매업,44,충청남도,44270,당진시,44270520,당진2동,4427010700,대덕동,4427010700111890013,1,대지,1189,13,충청남도 당진시 대덕동 1189-13,442703265069,충청남도 당진시 아미로,818,,4483025027111890013084776,,충청남도 당진시 아미로 818,343030,31786,,,,126.63234043391,36.8809651870292
MA010120220810836477,자이언트타이어,,G2,소매,G202,자동차 부품 소매,G20201,타이어 소매업,G45211,자동차 신품 타이어 및 튜브 판매업,48,경상남도,48127,창원시 마산회원구,48127550,회성동,4812710700,회성동,4812710700102090018,1,대지,209,18,경상남도 창원시 마산회원구 회성동 209-18,481273330034,경상남도 창원시 마산회원구 북성로,364,1,4812710700102090018082374,,경상남도 창원시 마산회원구 북성로 364-1,630825,51306,,,,128.557929484875,35.2342072400756
MA010120220810845169,타이어테크감전점,,G2,소매,G202,자동차 부품 소매,G20201,타이어 소매업,G45211,자동차 신품 타이어 및 튜브 판매업,26,부산광역시,26530,사상구,26530645,감전동,2653010500,감전동,2653010500101730010,1,대지,173,10,부산광역시 사상구 감전동 173-10,265302006002,부산광역시 사상구 낙동대로,948,,2653010500101730010013066,,부산광역시 사상구 낙동대로 948,617804,47028,,,,128.969869738389,35.1450150714809
MA010120220810843103,장원타이어,,G2,소매,G202,자동차 부품 소매,G20201,타이어 소매업,G45211,자동차 신품 타이어 및 튜브 판매업,48,경상남도,48740,창녕군,48740250,창녕읍,4874025023,창녕읍,4874025023107800003,1,대지,780,3,경상남도 창녕군 창녕읍 말흘리 780-3,487402341003,경상남도 창녕군 창녕읍 창녕대로,182,,4874025023107790003009549,,경상남도 창녕군 창녕읍 창녕대로 182,635813,50322,,,,128.502475761722,35.5306629273087
MA010120220810843476,봉우타이어,,G2,소매,G202,자동차 부품 소매,G20201,타이어 소매업,G45211,자동차 신품 타이어 및 튜브 판매업,48,경상남도,48720,의령군,48720310,가례면,4872031029,가례면,4872031029100180001,1,대지,18,1,경상남도 의령군 가례면 봉두리 18-1,487203339044,경상남도 의령군 가례면 홍의로,109,,4872031029100180001000001,,경상남도 의령군 가례면 홍의로 109,636821,52133,,,,128.214759438629,35.3343223692607
MA010120220810848013,금호타이어함안,대리점,G2,소매,G202,자동차 부품 소매,G20201,타이어 소매업,G45211,자동차 신품 타이어 및 튜브 판매업,48,경상남도,48730,함안군,48730250,가야읍,4873025022,가야읍,4873025022107590005,1,대지,759,5,경상남도 함안군 가야읍 검암리 759-5,487304820544,경상남도 함안군 가야읍 하검길,14,,4873025022107590005000001,,경상남도 함안군 가야읍 하검길 14,637802,52048,,,,128.418689072323,35.2788913981258
MA010120220810858518,타이어할인매장,,G2,소매,G202,자동차 부품 소매,G20201,타이어 소매업,G45211,자동차 신품 타이어 및 튜브 판매업,48,경상남도,48127,창원시 마산회원구,48127620,봉암동,4812710300,봉암동,4812710300106660064,1,대지,666,64,경상남도 창원시 마산회원구 봉암동 666-64,481274790085,경상남도 창원시 마산회원구 봉암공단3길,120,,4812710300106660064017513,,경상남도 창원시 마산회원구 봉암공단3길 120,630803,51342,,1,,128.605015637195,35.2122777800041
MA010120220810868045,칠서대형타이어,,G2,소매,G202,자동차 부품 소매,G20201,타이어 소매업,G45211,자동차 신품 타이어 및 튜브 판매업,48,경상남도,48730,함안군,48730350,칠서면,4873035026,칠서면,4873035026103330006,1,대지,333,6,경상남도 함안군 칠서면 대치리 333-6,487304820070,경상남도 함안군 칠서면 공단상가1길,80,,4873035026103330006000001,,경상남도 함안군 칠서면 공단상가1길 80,637941,52009,,,,128.483816311259,35.3581756781657
MA010120220810870530,무학타이어,대리점,G2,소매,G202,자동차 부품 소매,G20201,타이어 소매업,G45211,자동차 신품 타이어 및 튜브 판매업,48,경상남도,48127,창원시 마산회원구,48127250,내서읍,4812725025,내서읍,4812725025106540002,1,대지,654,2,경상남도 창원시 마산회원구 내서읍 중리 654-2,481272330001,경상남도 창원시 마산회원구 내서읍 함마대로,2769,,4812725025106540002000324,,경상남도 창원시 마산회원구 내서읍 함마대로 2769,630857,51244,,,,128.515668568332,35.2511104627074
MA010120220810866094,성산카마스타,,G2,소매,G202,자동차 부품 소매,G20201,타이어 소매업,G45211,자동차 신품 타이어 및 튜브 판매업,48,경상남도,48123,창원시 성산구,48123560,성주동,4812310800,천선동,4812310800111900000,1,대지,1190,,경상남도 창원시 성산구 천선동 1190,481233328004,경상남도 창원시 성산구 공단로,770,1,4812310800111900000000002,,경상남도 창원시 성산구 공단로 770-1,642120,51545,,,,128.695981323438,35.1862718770016
MA010120220812288309,타이어보이,,G2,소매,G202,자동차 부품 소매,G20201,타이어 소매업,G45211,자동차 신품 타이어 및 튜브 판매업,30,대전광역시,30110,동구,30110740,산내동,3011014200,구도동,3011014200103660000,1,대지,366,,대전광역시 동구 구도동 366,301103010002,대전광역시 동구 대전로,1,,3011014200101640009000001,남대전물류단지,대전광역시 동구 대전로 1,300300,34708,,,,127.472025212042,36.2720941943988
MA010120220812304048,OS타이어,,G2,소매,G202,자동차 부품 소매,G20201,타이어 소매업,G45211,자동차 신품 타이어 및 튜브 판매업,51,강원특별자치도,51110,춘천시,51110570,근화동,5111011700,근화동,5111011700107480014,1,대지,748,14,강원특별자치도 춘천시 근화동 748-14,511103013022,강원특별자치도 춘천시 영서로,2444,,4211011700107480014000001,,강원특별자치도 춘천시 영서로 2444,200931,24246,,,,127.711766658425,37.8768703363231
MA010120220812310475,타이어프로안성IC점,,G2,소매,G202,자동차 부품 소매,G20201,타이어 소매업,G45211,자동차 신품 타이어 및 튜브 판매업,41,경기도,41550,안성시,41550250,공도읍,4155025026,공도읍,4155025026105370003,1,대지,537,3,경기도 안성시 공도읍 승두리 537-3,415503208010,경기도 안성시 공도읍 공도로,34,,4155025026105370003005976,,경기도 안성시 공도읍 공도로 34,456825,17562,,,,127.165018980332,36.9980294643116
MA010120220812327534,오성타이어,,G2,소매,G202,자동차 부품 소매,G20201,타이어 소매업,G45211,자동차 신품 타이어 및 튜브 판매업,41,경기도,41273,안산시 단원구,41273565,신길동,4127310300,신길동,4127310300102930000,1,대지,293,,경기도 안산시 단원구 신길동 293,412733191091,경기도 안산시 단원구 만해로,118,4,4127310300102930000038277,,경기도 안산시 단원구 만해로 118-4,425838,15408,,1,,126.75203538026,37.3266081959208
MA010120220812355566,강원타이어,,G2,소매,G202,자동차 부품 소매,G20201,타이어 소매업,G45211,자동차 신품 타이어 및 튜브 판매업,51,강원특별자치도,51130,원주시,51130590,단계동,5113011000,단계동,5113011000100420007,1,대지,42,7,강원특별자치도 원주시 단계동 42-7,511303219073,강원특별자치도 원주시 북원로,2396,1,4213011000100420007021560,,강원특별자치도 원주시 북원로 2396-1,220935,26413,,,,127.938245353979,37.3585482546962
MA010120220812361438,아파치충남지사,,G2,소매,G202,자동차 부품 소매,G20201,타이어 소매업,G45211,자동차 신품 타이어 및 튜브 판매업,41,경기도,41220,평택시,41220620,비전1동,4122012600,청룡동,4122012600100850001,1,대지,85,1,경기도 평택시 청룡동 85-1,412203012021,경기도 평택시 만세로,1474,,4122012600100850001020044,,경기도 평택시 만세로 1474,450804,17875,,1,,127.125385027235,37.0323730318119
MA010120220812347851,타이어프로,봉곡점,G2,소매,G202,자동차 부품 소매,G20201,타이어 소매업,G45211,자동차 신품 타이어 및 튜브 판매업,48,경상남도,48170,진주시,48170555,성북동,4817011300,봉곡동,4817011300100100022,1,대지,10,22,경상남도 진주시 봉곡동 10-22,481702332003,경상남도 진주시 진주대로,1152,,4817011300100100022000001,,경상남도 진주시 진주대로 1152,660040,52749,,,,128.077040164735,35.1959639656929
MA010120220812393193,타이어테크,태평로점,G2,소매,G202,자동차 부품 소매,G20201,타이어 소매업,G45211,자동차 신품 타이어 및 튜브 판매업,27,대구광역시,27110,중구,27110575,성내2동,2711014900,태평로2가,2711014900100010056,1,대지,1,56,대구광역시 중구 태평로2가 1-56,271103141011,대구광역시 중구 태평로,129,1,2711014900100010004004830,,대구광역시 중구 태평로 129-1,700112,41902,,,,128.591725091628,35.8759893590014
MA010120220812412527,고스트,,G2,소매,G202,자동차 부품 소매,G20201,타이어 소매업,G45211,자동차 신품 타이어 및 튜브 판매업,48,경상남도,48330,양산시,48330550,소주동,4833011800,주진동,4833011800104870001,1,대지,487,1,경상남도 양산시 주진동 487-1,483303338073,경상남도 양산시 주진로,127,,4833011800104870001002951,,경상남도 양산시 주진로 127,626280,50521,,,,129.144377905231,35.3917008556085
MA010120220812399155,밧데리할인마트,고성점,G2,소매,G202,자동차 부품 소매,G20201,타이어 소매업,G45220,자동차 중고 부품 및 내장품 판매업,51,강원특별자치도,51820,고성군,51820253,거진읍,5182025321,거진읍,5182025321102890170,1,대지,289,170,강원특별자치도 고성군 거진읍 거진리 289-170,518203234003,강원특별자치도 고성군 거진읍 거탄진로,71,,4282025321102890170019491,,강원특별자치도 고성군 거진읍 거탄진로 71,219901,24718,,,,128.45301887064,38.441743543116
MA010120220812418365,타이어코치,,G2,소매,G202,자동차 부품 소매,G20201,타이어 소매업,G45211,자동차 신품 타이어 및 튜브 판매업,41,경기도,41630,양주시,41630570,옥정1동,4163011300,율정동,4163011300101830000,1,대지,183,,경기도 양주시 율정동 183,416304436298,경기도 양주시 율정로199번길,110,,4163011300101830000009480,,경기도 양주시 율정로199번길 110,482150,11475,,,,127.106670582106,37.8278536208361
MA010120220812387166,신한상사,,G2,소매,G202,자동차 부품 소매,G20201,타이어 소매업,G45212,자동차용 전용 신품 부품 판매업,28,인천광역시,28237,부평구,28237642,갈산2동,2823710600,갈산동,2823710600103710012,1,대지,371,12,인천광역시 부평구 갈산동 371-12,282374262007,인천광역시 부평구 갈월동로29번길,34,,2823710600103710012106046,,인천광역시 부평구 갈월동로29번길 34,403805,21336,,,,126.727554825523,37.509676842179
MA0101202406A0249729,조은타이어,,G2,소매,G202,자동차 부품 소매,G20201,타이어 소매업,G45211,자동차 신품 타이어 및 튜브 판매업,51,강원특별자치도,51810,인제군,51810250,인제읍,5181025021,인제읍,5181025021100320018,1,대지,32,18,강원특별자치도 인제군 인제읍 상동리 32-18,518103233020,강원특별자치도 인제군 인제읍 인제로,229,,4281025021000320018009550,,강원특별자치도 인제군 인제읍 인제로 229,252806,24630,,,,128.175175474852,38.0707930988144
MA0101202406A0249781,그린익스프레스,,G2,소매,G202,자동차 부품 소매,G20201,타이어 소매업,G45211,자동차 신품 타이어 및 튜브 판매업,41,경기도,41196,부천시 오정구,41196570,신흥동,4119610700,삼정동,4119610700102640000,1,대지,264,,경기도 부천시 오정구 삼정동 264,411963184019,경기도 부천시 오정구 석천로,390,,4119910700102640000013812,,경기도 부천시 오정구 석천로 390,421809,14450,,,,126.768518193612,37.521594374435
MA0101202406A0183799,대석모터스,,G2,소매,G202,자동차 부품 소매,G20201,타이어 소매업,G45211,자동차 신품 타이어 및 튜브 판매업,47,경상북도,47130,경주시,47130650,불국동,4713013100,구정동,4713013100105060007,1,대지,506,7,경상북도 경주시 구정동 506-7,471303000104,경상북도 경주시 산업로,3045,,4713013100105060007018811,,경상북도 경주시 산업로 3045,780420,38129,,,,129.296952233088,35.7769728276549
MA0101202406A0234034,싱글벙글카센터,,G2,소매,G202,자동차 부품 소매,G20201,타이어 소매업,G45211,자동차 신품 타이어 및 튜브 판매업,47,경상북도,47760,영양군,47760350,석보면,4776035045,석보면,4776035045101930006,1,대지,193,6,경상북도 영양군 석보면 지경리 193-6,477603317022,경상북도 영양군 석보면 석보로,348,,4776035045101930006000001,,경상북도 영양군 석보면 석보로 348,764813,36561,,,,129.116750794722,36.5605104171549
MA0101202406A0240319,중고타이어마켓,,G2,소매,G202,자동차 부품 소매,G20201,타이어 소매업,G45211,자동차 신품 타이어 및 튜브 판매업,11,서울특별시,11530,구로구,11530780,오류2동,1153010800,오류동,1153010800101190001,1,대지,119,1,서울특별시 구로구 오류동 119-1,115303000028,서울특별시 구로구 경인로,89,,1153010800101190001002130,,서울특별시 구로구 경인로 89,152895,08264,,,,126.832046539633,37.491743412729
MA0101202406A0253664,삼성타이어,,G2,소매,G202,자동차 부품 소매,G20201,타이어 소매업,G45211,자동차 신품 타이어 및 튜브 판매업,41,경기도,41570,김포시,41570253,고촌읍,4157025324,고촌읍,4157025324110630000,1,대지,1063,,경기도 김포시 고촌읍 신곡리 1063,415704427512,경기도 김포시 고촌읍 장차로13번길,17,,4157025324110630000000001,,경기도 김포시 고촌읍 장차로13번길 17,415819,10126,,,,126.769668478416,37.6036321870925
MA0101202406A0179070,이프로타이어,,G2,소매,G202,자동차 부품 소매,G20201,타이어 소매업,G45211,자동차 신품 타이어 및 튜브 판매업,46,전라남도,46110,목포시,46110554,연산동,4611010300,연산동,4611010300106730000,1,대지,673,,전라남도 목포시 연산동 673,461103281012,전라남도 목포시 대양로,62,,4611010300106730000000001,,전라남도 목포시 대양로 62,530370,58612,,,,126.385905992963,34.8205606986876
MA0101202406A0247474,1등타이어용인,동백점,G2,소매,G202,자동차 부품 소매,G20201,타이어 소매업,G45211,자동차 신품 타이어 및 튜브 판매업,41,경기도,41463,용인시 기흥구,41463586,상하동,4146311700,상하동,4146311700102950010,1,대지,295,10,경기도 용인시 기흥구 상하동 295-10,414632012012,경기도 용인시 기흥구 중부대로,726,,4146311700102950010020083,,경기도 용인시 기흥구 중부대로 726,446914,17070,,,,127.13893346614,37.2628759149404
MA0101202406A0188635,킹콩타이어,,G2,소매,G202,자동차 부품 소매,G20201,타이어 소매업,G45211,자동차 신품 타이어 및 튜브 판매업,29,광주광역시,29170,북구,29170603,운암3동,2917010900,운암동,2917010900110780003,1,대지,1078,3,광주광역시 북구 운암동 1078-3,291702009002,광주광역시 북구 북문대로,183,,2917010900110590002045236,,광주광역시 북구 북문대로 183,500860,61267,,,,126.870590318262,35.1844873763531
MA0101202406A0246652,태진타이어,,G2,소매,G202,자동차 부품 소매,G20201,타이어 소매업,G45211,자동차 신품 타이어 및 튜브 판매업,48,경상남도,48330,양산시,48330540,서창동,4833011300,용당동,4833011300109770005,1,대지,977,5,경상남도 양산시 용당동 977-5,483303338006,경상남도 양산시 고연로,278,,4833011300109770005033449,,경상남도 양산시 고연로 278,626290,50523,,,,129.17799529591,35.4317300837275
MA0101202406A0181201,타이어투어,,G2,소매,G202,자동차 부품 소매,G20201,타이어 소매업,G45211,자동차 신품 타이어 및 튜브 판매업,41,경기도,41310,구리시,41310541,교문1동,4131010400,교문동,4131010400102600002,1,대지,260,2,경기도 구리시 교문동 260-2,413103000120,경기도 구리시 경춘로,123,,4131010400102600002003285,,경기도 구리시 경춘로 123,471855,11950,,,,127.129141648639,37.6010743129415
MA0101202406A0197584,카페인카,,G2,소매,G202,자동차 부품 소매,G20201,타이어 소매업,G45211,자동차 신품 타이어 및 튜브 판매업,41,경기도,41370,오산시,41370550,세마동,4137011200,양산동,4137011200104610014,1,대지,461,14,경기도 오산시 양산동 461-14,413703198027,경기도 오산시 양산로,321,,4137011200104610014000001,,경기도 오산시 양산로 321,447270,18101,,,,127.020623239842,37.1954401488865
MA0101202406A0228537,동그라미타이어,,G2,소매,G202,자동차 부품 소매,G20201,타이어 소매업,G45211,자동차 신품 타이어 및 튜브 판매업,41,경기도,41670,여주시,41670520,중앙동,4167010300,창동,4167010300102340005,1,대지,234,5,경기도 여주시 창동 234-5,416703214045,경기도 여주시 영릉로,76,,4173025023102340005027803,,경기도 여주시 영릉로 76,469103,12626,,,,127.629942800058,37.2939167050806
MA0101202406A0231539,타이어마스터,상평점,G2,소매,G202,자동차 부품 소매,G20201,타이어 소매업,G45211,자동차 신품 타이어 및 튜브 판매업,48,경상남도,48170,진주시,48170680,상평동,4817012100,상평동,4817012100101550021,1,대지,155,21,경상남도 진주시 상평동 155-21,481704796302,경상남도 진주시 대신로160번길,5,,4817012100101550011094776,,경상남도 진주시 대신로160번길 5,660902,52802,,,,128.11828516575,35.1746619408427
MA0101202406A0272971,타이어테크오산,세교점,G2,소매,G202,자동차 부품 소매,G20201,타이어 소매업,G45211,자동차 신품 타이어 및 튜브 판매업,41,경기도,41370,오산시,41370550,세마동,4137011200,양산동,4137011200101170001,1,대지,117,1,경기도 오산시 양산동 117-1,413704394101,경기도 오산시 양산로398번길,36,,4137011200101170001000001,,경기도 오산시 양산로398번길 36,447270,18101,,1,,127.031254951042,37.1932212313291
MA0101202406A0204648,양평타이어,,G2,소매,G202,자동차 부품 소매,G20201,타이어 소매업,G45211,자동차 신품 타이어 및 튜브 판매업,41,경기도,41830,양평군,41830250,양평읍,4183025022,양평읍,4183025022103620003,1,대지,362,3,경기도 양평군 양평읍 오빈리 362-3,418303000145,경기도 양평군 양평읍 경강로,1687,,4183025022103620003027270,,경기도 양평군 양평읍 경강로 1687,476803,12545,,,,127.469160218597,37.5032929352173
MA0101202406A0230248,중고타이어,내포점,G2,소매,G202,자동차 부품 소매,G20201,타이어 소매업,G45211,자동차 신품 타이어 및 튜브 판매업,44,충청남도,44810,예산군,44810253,삽교읍,4481025327,삽교읍,4481025327103580051,1,대지,358,51,충청남도 예산군 삽교읍 신리 358-51,448103263018,충청남도 예산군 삽교읍 수암산로,213,,4481025327103580051024365,,충청남도 예산군 삽교읍 수암산로 213,340904,32416,,,,126.672195523448,36.6860363122694
MA0101202406A0189162,혜성타이어,모현점,G2,소매,G202,자동차 부품 소매,G20201,타이어 소매업,G45211,자동차 신품 타이어 및 튜브 판매업,41,경기도,41461,용인시 처인구,41461253,모현읍,4146125321,모현읍,4146125321106770004,1,대지,677,4,경기도 용인시 처인구 모현읍 왕산리 677-4,414612012009,경기도 용인시 처인구 모현읍 백옥대로,2583,,4146125321106770004000001,,경기도 용인시 처인구 모현읍 백옥대로 2583,449854,17035,,1,,127.245931956274,37.3537604217529
MA0101202406A0238376,타이어테크충주,시청점,G2,소매,G202,자동차 부품 소매,G20201,타이어 소매업,G45211,자동차 신품 타이어 및 튜브 판매업,43,충청북도,43130,충주시,43130625,칠금.금릉동,4313012800,금릉동,4313012800100580001,1,대지,58,1,충청북도 충주시 금릉동 58-1,431302238002,충청북도 충주시 국원대로,228,,4313012800100580001000001,,충청북도 충주시 국원대로 228,380230,27341,,,,127.928623829534,36.992024776078
MA0101202406A0272596,자동차의모든것[Car&Man]신부점,,G2,소매,G202,자동차 부품 소매,G20201,타이어 소매업,G45211,자동차 신품 타이어 및 튜브 판매업,44,충청남도,44131,천안시 동남구,44131590,신안동,4413111800,신부동,4413111800105080011,1,대지,508,11,충청남도 천안시 동남구 신부동 508-11,441312249005,충청남도 천안시 동남구 천안대로,779,,4413111800105080011008696,,충청남도 천안시 동남구 천안대로 779,330943,31124,,1,,127.164765657243,36.8177566790922
MA0101202406A0263081,쭌타이어,,G2,소매,G202,자동차 부품 소매,G20201,타이어 소매업,G45211,자동차 신품 타이어 및 튜브 판매업,44,충청남도,44180,보령시,44180535,대천3동,4418010400,동대동,4418010400104890006,1,대지,489,6,충청남도 보령시 동대동 489-6,441804556642,충청남도 보령시 한내로터리길,75,5,4418010400104890006000001,,충청남도 보령시 한내로터리길 75-5,355935,33433,,,,126.609935428505,36.3470524192953
MA0101202406A0263915,군산윤활유,,G2,소매,G202,자동차 부품 소매,G20201,타이어 소매업,G45211,자동차 신품 타이어 및 튜브 판매업,52,전북특별자치도,52130,군산시,52130250,옥구읍,5213025027,옥구읍,5213025027200540000,2,산,54,,전북특별자치도 군산시 옥구읍 어은리 산54,521304604283,전북특별자치도 군산시 옥구읍 둔산1길,45,,4513025027104060002000001,,전북특별자치도 군산시 옥구읍 둔산1길 45,573903,54171,,,,126.669579800872,35.9147147805232
MA0101202406A0341284,제주타이어총판,,G2,소매,G202,자동차 부품 소매,G20201,타이어 소매업,G45211,자동차 신품 타이어 및 튜브 판매업,50,제주특별자치도,50110,제주시,50110650,연동,5011013700,연동,5011013700116620000,1,대지,1662,,제주특별자치도 제주시 연동 1662,501104848749,제주특별자치도 제주시 주수길,2,,5011013700116620000066486,,제주특별자치도 제주시 주수길 2,690817,63142,,1,,126.494969661664,33.4813583312513
MA0101202406A0311957,찬찬모터스타이어센터,,G2,소매,G202,자동차 부품 소매,G20201,타이어 소매업,G45211,자동차 신품 타이어 및 튜브 판매업,41,경기도,41450,하남시,41450600,초이동,4145012300,초이동,4145012300103370001,1,대지,337,1,경기도 하남시 초이동 337-1,414503202039,경기도 하남시 초이로,23,,4145012300103370001000001,,경기도 하남시 초이로 23,465220,12988,,1,,127.170624680999,37.5326361211536
MA0101202406A0274808,타이어아울렛광주점,,G2,소매,G202,자동차 부품 소매,G20201,타이어 소매업,G45211,자동차 신품 타이어 및 튜브 판매업,41,경기도,41610,광주시,41610590,오포2동,4161012000,양벌동,4161012000103950017,1,대지,395,17,경기도 광주시 양벌동 395-17,416104433169,경기도 광주시 마루들길172번길,21,,4161025027103950004000001,,경기도 광주시 마루들길172번길 21,464896,12795,,,,127.251056131434,37.3774465983587
MA0101202406A0337488,타이어팩토리남,평택점,G2,소매,G202,자동차 부품 소매,G20201,타이어 소매업,G45211,자동차 신품 타이어 및 튜브 판매업,41,경기도,41220,평택시,41220590,신평동,4122011700,합정동,4122011700100590002,1,대지,59,2,경기도 평택시 합정동 59-2,412202012006,경기도 평택시 서동대로,3650,,4122011700100590002000001,,경기도 평택시 서동대로 3650,450829,17878,,,,127.114425608454,36.9866272407985
MA0101202406A0286490,타이어몬드,,G2,소매,G202,자동차 부품 소매,G20201,타이어 소매업,G45211,자동차 신품 타이어 및 튜브 판매업,48,경상남도,48240,사천시,48240570,향촌동,4824011600,향촌동,4824011600108150026,1,대지,815,26,경상남도 사천시 향촌동 815-26,482404802338,경상남도 사천시 샛담1길,38,14,4824011600108150026014816,,경상남도 사천시 샛담1길 38-14,664220,52563,,,,128.096064469755,34.9316261277789
MA0101202406A0295134,대한타이어,,G2,소매,G202,자동차 부품 소매,G20201,타이어 소매업,G45211,자동차 신품 타이어 및 튜브 판매업,47,경상북도,47130,경주시,47130590,선도동,4713011400,충효동,4713011400130180002,1,대지,3018,2,경상북도 경주시 충효동 3018-2,471304716182,경상북도 경주시 충효녹지길,12,,4713011400130180002012206,,경상북도 경주시 충효녹지길 12,780973,38062,,,,129.189267372875,35.8406594614113
MA0101202406A0301006,타이어핏,,G2,소매,G202,자동차 부품 소매,G20201,타이어 소매업,G45211,자동차 신품 타이어 및 튜브 판매업,41,경기도,41590,화성시,41590410,정남면,4159041023,정남면,4159041023101370016,1,대지,137,16,경기도 화성시 정남면 보통리 137-16,415903210064,경기도 화성시 정남면 세자로,274,,4159041023101370016006173,,경기도 화성시 정남면 세자로 274,445963,18516,,,,126.980504149438,37.1913495594882
MA0101202406A0276453,타이어대통령,동구점,G2,소매,G202,자동차 부품 소매,G20201,타이어 소매업,G45211,자동차 신품 타이어 및 튜브 판매업,31,울산광역시,31170,동구,31170510,방어동,3117010100,방어동,3117010100109240024,1,대지,924,24,울산광역시 동구 방어동 924-24,311702011001,울산광역시 동구 방어진순환도로,511,,3117010100109240024000001,,울산광역시 동구 방어진순환도로 511,682805,44089,,1,,129.423013331825,35.4886465309207
MA0101202406A0333800,성실타이어칠서공단점대형,,G2,소매,G202,자동차 부품 소매,G20201,타이어 소매업,G45211,자동차 신품 타이어 및 튜브 판매업,48,경상남도,48730,함안군,48730350,칠서면,4873035026,칠서면,4873035026103330006,1,대지,333,6,경상남도 함안군 칠서면 대치리 333-6,487304820070,경상남도 함안군 칠서면 공단상가1길,80,,4873035026103330006000001,,경상남도 함안군 칠서면 공단상가1길 80,637941,52009,,,,128.483816311259,35.3581756781657
MA0101202406A0275593,구미발통천국,,G2,소매,G202,자동차 부품 소매,G20201,타이어 소매업,G45211,자동차 신품 타이어 및 튜브 판매업,47,경상북도,47190,구미시,47190535,원평동,4719010100,원평동,4719010100110420003,1,대지,1042,3,경상북도 구미시 원평동 1042-3,471903308037,경상북도 구미시 송원서로,80,,4719010100110420003000001,,경상북도 구미시 송원서로 80,730925,39230,,1,,128.343950027698,36.1246007279413
MA0101202406A0278495,삼성타이어,,G2,소매,G202,자동차 부품 소매,G20201,타이어 소매업,G45211,자동차 신품 타이어 및 튜브 판매업,43,충청북도,43770,음성군,43770350,삼성면,4377035022,삼성면,4377035022103970054,1,대지,397,54,충청북도 음성군 삼성면 양덕리 397-54,437703000129,충청북도 음성군 삼성면 금일로,980,,4377035022103970002171136,,충청북도 음성군 삼성면 금일로 980,369831,27649,,,,127.490512544687,37.0200899964632
MA0101202406A0291412,오토오아시스메가마트,동래점,G2,소매,G202,자동차 부품 소매,G20201,타이어 소매업,G45211,자동차 신품 타이어 및 튜브 판매업,26,부산광역시,26260,동래구,26260545,명륜동,2626010700,명륜동,2626010700105060003,1,대지,506,3,부산광역시 동래구 명륜동 506-3,262602006006,부산광역시 동래구 충렬대로,197,,2626010700105060003000040,메가마트,부산광역시 동래구 충렬대로 197,607804,47737,,2,,129.081133844024,35.2045502617048
MA0101202406A0366397,스텐스타이어,,G2,소매,G202,자동차 부품 소매,G20201,타이어 소매업,G45211,자동차 신품 타이어 및 튜브 판매업,41,경기도,41360,남양주시,41360250,와부읍,4136025024,와부읍,4136025024110900001,1,대지,1090,1,경기도 남양주시 와부읍 월문리 1090-1,413603197042,경기도 남양주시 와부읍 월문천로,179,1,4136025024110900001022075,,경기도 남양주시 와부읍 월문천로 179-1,472905,12203,,1,,127.229447207244,37.5922454051597
MA0101202406A0423924,365타이어,,G2,소매,G202,자동차 부품 소매,G20201,타이어 소매업,G45211,자동차 신품 타이어 및 튜브 판매업,43,충청북도,43770,음성군,43770330,맹동면,4377033028,맹동면,4377033028111260000,1,대지,1126,,충청북도 음성군 맹동면 두성리 1126,437703000233,충청북도 음성군 맹동면 교연로,962,,4377033028111260000000001,,충청북도 음성군 맹동면 교연로 962,369811,27739,,,,127.552443812794,36.913202567329
MA0101202406A0371528,타이어프로,,G2,소매,G202,자동차 부품 소매,G20201,타이어 소매업,G45211,자동차 신품 타이어 및 튜브 판매업,47,경상북도,47190,구미시,47190645,상모사곡동,4719011500,사곡동,4719011500103540015,1,대지,354,15,경상북도 구미시 사곡동 354-15,471902308001,경상북도 구미시 구미대로,144,,4719011500103540015044523,,경상북도 구미시 구미대로 144,730110,39348,,,,128.363088065376,36.0995310548333
MA0101202406A0404709,휠포스,,G2,소매,G202,자동차 부품 소매,G20201,타이어 소매업,G45211,자동차 신품 타이어 및 튜브 판매업,48,경상남도,48250,김해시,48250580,활천동,4825011800,어방동,4825011800110610006,1,대지,1061,6,경상남도 김해시 어방동 1061-6,482504805430,경상남도 김해시 분성로541번길,32,,4825011800110610006051560,,경상남도 김해시 분성로541번길 32,621917,50820,,,,128.905322196347,35.2384822390578
MA0101202406A0389685,타이어테크거창점,,G2,소매,G202,자동차 부품 소매,G20201,타이어 소매업,G45211,자동차 신품 타이어 및 튜브 판매업,48,경상남도,48880,거창군,48880250,거창읍,4888025024,거창읍,4888025024109260006,1,대지,926,6,경상남도 거창군 거창읍 대평리 926-6,488802346002,경상남도 거창군 거창읍 거함대로,3277,,4888025024109260006005959,,경상남도 거창군 거창읍 거함대로 3277,670804,50145,,,,127.91943865233,35.6807186208878
MA0101202406A0449504,대명자동차정비,,G2,소매,G202,자동차 부품 소매,G20201,타이어 소매업,G45211,자동차 신품 타이어 및 튜브 판매업,47,경상북도,47130,경주시,47130615,용강동,4713012500,용강동,4713012500105080000,1,대지,508,,경상북도 경주시 용강동 508,471304715735,경상북도 경주시 승삼신리길,66,,4713012500105080000023504,,경상북도 경주시 승삼신리길 66,780949,38090,,,,129.233125148169,35.8821738614538
MA0101202406A0450743,타이어드림,,G2,소매,G202,자동차 부품 소매,G20201,타이어 소매업,G45211,자동차 신품 타이어 및 튜브 판매업,41,경기도,41220,평택시,41220620,비전1동,4122012600,청룡동,4122012600102190001,1,대지,219,1,경기도 평택시 청룡동 219-1,412203188077,경기도 평택시 이화로,353,,4122012600102190001000002,,경기도 평택시 이화로 353,450804,17875,,,,127.124749643285,37.0218401034193
MA0101202406A0410853,타이어프라자서동점,,G2,소매,G202,자동차 부품 소매,G20201,타이어 소매업,G45211,자동차 신품 타이어 및 튜브 판매업,26,부산광역시,26410,금정구,26410520,서2동,2641011000,서동,2641011000102380007,1,대지,238,7,부산광역시 금정구 서동 238-7,264103130026,부산광역시 금정구 반송로,392,,2641011000102380007000002,,부산광역시 금정구 반송로 392,609831,46335,,,,129.107735234919,35.212993262635
MA0101202406A0458708,김영민타이어,,G2,소매,G202,자동차 부품 소매,G20201,타이어 소매업,G45211,자동차 신품 타이어 및 튜브 판매업,47,경상북도,47190,구미시,47190535,원평동,4719010100,원평동,4719010100105630002,1,대지,563,2,경상북도 구미시 원평동 563-2,471903308090,경상북도 구미시 칠성로,96,,4719010100105630002000001,,경상북도 구미시 칠성로 96,730924,39231,,,,128.357651592947,36.1249508355175
MA0101202406A0368725,핵사모터스,,G2,소매,G202,자동차 부품 소매,G20201,타이어 소매업,G45211,자동차 신품 타이어 및 튜브 판매업,48,경상남도,48240,사천시,48240250,사천읍,4824025028,사천읍,4824025028118500000,1,대지,1850,,경상남도 사천시 사천읍 구암리 1850,482403019010,경상남도 사천시 사천읍 구암두문로,154,6,4824025028118500000000001,,경상남도 사천시 사천읍 구암두문로 154-6,664801,52517,,,,128.102359796935,35.0893640328493
MA0101202406A0424524,메가타이어,,G2,소매,G202,자동차 부품 소매,G20201,타이어 소매업,G45211,자동차 신품 타이어 및 튜브 판매업,48,경상남도,48330,양산시,48330253,물금읍,4833025323,물금읍,4833025323104970009,1,대지,497,9,경상남도 양산시 물금읍 가촌리 497-9,483303338089,경상남도 양산시 물금읍 황산로,481,,4833025323104970009000001,,경상남도 양산시 물금읍 황산로 481,626811,50603,,,,128.993040606677,35.3178039300782
MA0101202406A0396239,스틸카용품부품,,G2,소매,G202,자동차 부품 소매,G20201,타이어 소매업,G45211,자동차 신품 타이어 및 튜브 판매업,41,경기도,41390,시흥시,41390593,정왕3동,4139013200,정왕동,4139013200122100000,1,대지,2210,,경기도 시흥시 정왕동 2210,413903199037,경기도 시흥시 오이도로,21,,4139013200108760022000001,,경기도 시흥시 오이도로 21,429937,15014,,,,126.700737545955,37.3451408521667
MA0101202406A0409787,굴렁쇠타이어,,G2,소매,G202,자동차 부품 소매,G20201,타이어 소매업,G45211,자동차 신품 타이어 및 튜브 판매업,47,경상북도,47190,구미시,47190670,인동동,4719012000,구평동,4719012000103880002,1,대지,388,2,경상북도 구미시 구평동 388-2,471903308087,경상북도 구미시 인동가산로,316,,4719012000103880002007015,,경상북도 구미시 인동가산로 316,730300,39445,,1,,128.444150123669,36.0924536338985
MA0101202406A0404468,타이어몬스터,,G2,소매,G202,자동차 부품 소매,G20201,타이어 소매업,G45211,자동차 신품 타이어 및 튜브 판매업,41,경기도,41450,하남시,41450510,천현동,4145010300,창우동,4145010300103660009,1,대지,366,9,경기도 하남시 창우동 366-9,414503351747,경기도 하남시 하산곡로,181,,4145010300103660009000001,,경기도 하남시 하산곡로 181,465816,13023,,1,,127.227081124379,37.5327122489628
MA0101202406A0378795,엔에스타이어,,G2,소매,G202,자동차 부품 소매,G20201,타이어 소매업,G45211,자동차 신품 타이어 및 튜브 판매업,41,경기도,41461,용인시 처인구,41461259,남사읍,4146125924,남사읍,4146125924103440000,1,대지,344,,경기도 용인시 처인구 남사읍 봉명리 344,414613203071,경기도 용인시 처인구 남사읍 수세로,7,,4146132024103440000007133,,경기도 용인시 처인구 남사읍 수세로 7,449882,17118,,,,127.131530646054,37.1092097108413
MA0101202406A0377493,더케이오토몰,,G2,소매,G202,자동차 부품 소매,G20201,타이어 소매업,G45211,자동차 신품 타이어 및 튜브 판매업,11,서울특별시,11560,영등포구,11560550,당산1동,1156011100,당산동1가,1156011100101860112,1,대지,186,112,서울특별시 영등포구 당산동1가 186-112,115604154707,서울특별시 영등포구 영등포로27길,22,,1156011100101860112030007,,서울특별시 영등포구 영등포로27길 22,150800,07267,,1,,126.899511860679,37.5228596700843
MA0101202406A0485070,조은중고타이어,,G2,소매,G202,자동차 부품 소매,G20201,타이어 소매업,G45211,자동차 신품 타이어 및 튜브 판매업,43,충청북도,43730,옥천군,43730250,옥천읍,4373025038,옥천읍,4373025038100280005,1,대지,28,5,충청북도 옥천군 옥천읍 삼양리 28-5,437303242021,충청북도 옥천군 옥천읍 성왕로,1100,,4373025038100280008009144,,충청북도 옥천군 옥천읍 성왕로 1100,373809,29032,,,,127.562174126223,36.3097160559865
MA0101202406A0489364,에스엠모터스,,G2,소매,G202,자동차 부품 소매,G20201,타이어 소매업,G45211,자동차 신품 타이어 및 튜브 판매업,51,강원특별자치도,51110,춘천시,51110650,석사동,5111012400,석사동,5111012400104920007,1,대지,492,7,강원특별자치도 춘천시 석사동 492-7,511103218049,강원특별자치도 춘천시 후석로,62,,4211012400104920007016222,,강원특별자치도 춘천시 후석로 62,200934,24387,,,,127.743303064559,37.8594496474232
MA0101202406A0490662,베스트카센터,,G2,소매,G202,자동차 부품 소매,G20201,타이어 소매업,G45211,자동차 신품 타이어 및 튜브 판매업,43,충청북도,43112,청주시 서원구,43112310,남이면,4311231022,남이면,4311231022104640007,1,대지,464,7,충청북도 청주시 서원구 남이면 외천리 464-7,431123236067,충청북도 청주시 서원구 남이면 청남로,1064,,4371035022004640007036804,한국타이어천일,충청북도 청주시 서원구 남이면 청남로 1064,362813,28185,,,,127.430885372409,36.5475191437548
MA0101202406A0490741,노정원타이어,,G2,소매,G202,자동차 부품 소매,G20201,타이어 소매업,G45211,자동차 신품 타이어 및 튜브 판매업,26,부산광역시,26350,해운대구,26350510,우1동,2635010500,우동,2635010500105520010,1,대지,552,10,부산광역시 해운대구 우동 552-10,263502006010,부산광역시 해운대구 해운대로,631,,2635010500105520010016543,,부산광역시 해운대구 해운대로 631,612819,48087,,,,129.159536584111,35.1643376517627
MA0101202406A0523832,타이어프로파주,갈현점,G2,소매,G202,자동차 부품 소매,G20201,타이어 소매업,G45211,자동차 신품 타이어 및 튜브 판매업,41,경기도,41480,파주시,41480320,탄현면,4148032023,탄현면,4148032023117810000,1,대지,1781,,경기도 파주시 탄현면 갈현리 1781,414803206107,경기도 파주시 탄현면 갈현로,14,,4148032023117810000000001,,경기도 파주시 탄현면 갈현로 14,413841,10860,,,,126.722418262875,37.7720037708807
MA0101202406A0488423,타이어테크용인,상현점,G2,소매,G202,자동차 부품 소매,G20201,타이어 소매업,G45211,자동차 신품 타이어 및 튜브 판매업,41,경기도,41465,용인시 수지구,41465570,상현1동,4146510700,상현동,4146510700101930011,1,대지,193,11,경기도 용인시 수지구 상현동 193-11,414653205012,경기도 용인시 수지구 수지로,42,,4146510700101930011026633,,경기도 용인시 수지구 수지로 42,448822,16859,,1,,127.075192203028,37.3067690914205
MA0101202406A0470831,제주KTS,노형점,G2,소매,G202,자동차 부품 소매,G20201,타이어 소매업,G45211,자동차 신품 타이어 및 튜브 판매업,50,제주특별자치도,50110,제주시,50110660,노형동,5011012200,노형동,5011012200130640001,1,대지,3064,1,제주특별자치도 제주시 노형동 3064-1,501103349143,제주특별자치도 제주시 오광로,173,,5011012200130640001064939,,제주특별자치도 제주시 오광로 173,690805,63105,,,,126.464054590031,33.48200386929
MA0101202406A0476755,에코원,,G2,소매,G202,자동차 부품 소매,G20201,타이어 소매업,G45211,자동차 신품 타이어 및 튜브 판매업,44,충청남도,44200,아산시,44200610,온양5동,4420010500,초사동,4420010500101220000,1,대지,122,,충청남도 아산시 초사동 122,442003253046,충청남도 아산시 순천향로,502,52,4420010500101220000000001,,충청남도 아산시 순천향로 502-52,336090,31559,,,,126.976831646213,36.7494739205555
MA0101202406A0524213,미래타이어,,G2,소매,G202,자동차 부품 소매,G20201,타이어 소매업,G45211,자동차 신품 타이어 및 튜브 판매업,46,전라남도,46230,광양시,46230570,태인동,4623010900,태인동,4623010900100280278,1,대지,28,278,전라남도 광양시 태인동 28-278,462304655063,전라남도 광양시 김시식지1길,1,26,4623010900100280278016540,,전라남도 광양시 김시식지1길 1-26,545883,57814,,,,127.758304530177,34.9452636119163
MA0101202406A0487427,타이어집,,G2,소매,G202,자동차 부품 소매,G20201,타이어 소매업,G45211,자동차 신품 타이어 및 튜브 판매업,41,경기도,41450,하남시,41450600,초이동,4145012300,초이동,4145012300102640003,1,대지,264,3,경기도 하남시 초이동 264-3,414503202039,경기도 하남시 초이로,77,36,4145012300102640003017207,외,경기도 하남시 초이로 77-36,465220,12986,,,,127.170217843872,37.5378174565404
MA0101202406A0512299,더타이어월드원미점,,G2,소매,G202,자동차 부품 소매,G20201,타이어 소매업,G45211,자동차 신품 타이어 및 튜브 판매업,41,경기도,41192,부천시 원미구,41192550,원미2동,4119210100,원미동,4119210100102040092,1,대지,204,92,경기도 부천시 원미구 원미동 204-92,411923000066,경기도 부천시 원미구 부흥로,449,,4119510100102040092038762,,경기도 부천시 원미구 부흥로 449,420841,14573,,,,126.789463291108,37.4871611598453
MA0101202406A0475812,명품휠스토리,부산점,G2,소매,G202,자동차 부품 소매,G20201,타이어 소매업,G45211,자동차 신품 타이어 및 튜브 판매업,26,부산광역시,26440,강서구,26440535,명지1동,2644010400,명지동,2644010400131730034,1,대지,3173,34,부산광역시 강서구 명지동 3173-34,264404208391,부산광역시 강서구 새진목길,34,12,2644010400131730034010904,,부산광역시 강서구 새진목길 34-12,618815,46717,,1,,128.920811614339,35.1154147669303
MA0101202406A0577607,장타이어,,G2,소매,G202,자동차 부품 소매,G20201,타이어 소매업,G45211,자동차 신품 타이어 및 튜브 판매업,31,울산광역시,31710,울주군,31710253,언양읍,3171025330,언양읍,3171025330100880002,1,대지,88,2,울산광역시 울주군 언양읍 동부리 88-2,317102000017,울산광역시 울주군 언양읍 반구대로,846,1,3171025330100880002010539,,울산광역시 울주군 언양읍 반구대로 846-1,689804,44940,,,,129.128184389031,35.5652793205476
MA0101202406A0590689,에스파츠모터스,,G2,소매,G202,자동차 부품 소매,G20201,타이어 소매업,G45211,자동차 신품 타이어 및 튜브 판매업,11,서울특별시,11650,서초구,11650651,양재1동,1165010300,우면동,1165010300100660002,1,대지,66,2,서울특별시 서초구 우면동 66-2,116504163219,서울특별시 서초구 바우뫼로7길,8,,1165010300100660002006030,우면종합상가,서울특별시 서초구 바우뫼로7길 8,137889,06762,,,,127.025378759922,37.4708575518772
MA0101202406A0590781,이유럽에이테크터보,,G2,소매,G202,자동차 부품 소매,G20201,타이어 소매업,G45211,자동차 신품 타이어 및 튜브 판매업,41,경기도,41461,용인시 처인구,41461540,동부동,4146110700,마평동,4146110700105820003,1,대지,582,3,경기도 용인시 처인구 마평동 582-3,414613203033,경기도 용인시 처인구 동부로,35,,4146110700105820003009372,,경기도 용인시 처인구 동부로 35,449929,17145,,2,,127.214507394916,37.2300372243435
MA0101202406A0570464,장타이어기,장지점,G2,소매,G202,자동차 부품 소매,G20201,타이어 소매업,G45211,자동차 신품 타이어 및 튜브 판매업,26,부산광역시,26710,기장군,26710250,기장읍,2671025021,기장읍,2671025021101210007,1,대지,121,7,부산광역시 기장군 기장읍 동부리 121-7,267103140052,부산광역시 기장군 기장읍 차성로,321,,2671025021100000609003401,넥센타이어,부산광역시 기장군 기장읍 차성로 321,619905,46060,,,,129.213479593953,35.2463122166605
MA0101202409A0053603,타이어프로구리사노점,,G2,소매,G202,자동차 부품 소매,G20201,타이어 소매업,G45211,자동차 신품 타이어 및 튜브 판매업,41,경기도,41310,구리시,41310520,동구동,4131010200,사노동,4131010200103910014,1,대지,391,14,경기도 구리시 사노동 391-14,413103012037,경기도 구리시 동구릉로,478,,4131010200103910014000001,,경기도 구리시 동구릉로 478,471040,11906,,,,127.140380182411,37.6398219414468
MA0101202409A0030152,피렐리&미쉐린강동,송파점,G2,소매,G202,자동차 부품 소매,G20201,타이어 소매업,G45211,자동차 신품 타이어 및 튜브 판매업,41,경기도,41450,하남시,41450580,감북동,4145011300,감북동,4145011300104190007,1,대지,419,7,경기도 하남시 감북동 419-7,414503000124,경기도 하남시 서하남로,40,,4145011300104190007009976,피렐리타이어강동송파점,경기도 하남시 서하남로 40,465819,12992,,1,,127.148348614345,37.5159796543798
MA0101202409A0041706,남일대타이어,,G2,소매,G202,자동차 부품 소매,G20201,타이어 소매업,G45211,자동차 신품 타이어 및 튜브 판매업,48,경상남도,48240,사천시,48240570,향촌동,4824011600,향촌동,4824011600100530011,1,대지,53,11,경상남도 사천시 향촌동 53-11,482403019026,경상남도 사천시 남일로,304,,4824011600100530011013731,,경상남도 사천시 남일로 304,664220,52564,,,,128.10819447258,34.9294430131285
MA0101202409A0053861,더스팀타이어,,G2,소매,G202,자동차 부품 소매,G20201,타이어 소매업,G45211,자동차 신품 타이어 및 튜브 판매업,48,경상남도,48240,사천시,48240550,벌용동,4824010900,용강동,4824010900106080003,1,대지,608,3,경상남도 사천시 용강동 608-3,482403334059,경상남도 사천시 중앙로,256,24,4824010900106080003000001,,경상남도 사천시 중앙로 256-24,664150,52548,,,,128.08081779799,34.9482391634589
MA0101202409A0037853,777타이어,법원점,G2,소매,G202,자동차 부품 소매,G20201,타이어 소매업,G45211,자동차 신품 타이어 및 튜브 판매업,52,전북특별자치도,52113,전주시 덕진구,52113570,덕진동,5211310500,덕진동1가,5211310500114810013,1,대지,1481,13,전북특별자치도 전주시 덕진구 덕진동1가 1481-13,521133267018,전북특별자치도 전주시 덕진구 들사평서로,9,,4511310500114810013017532,,전북특별자치도 전주시 덕진구 들사평서로 9,561811,54893,,,,127.120997543934,35.8369518860193
MA0101202409A0076983,해진글로벌,,G2,소매,G202,자동차 부품 소매,G20201,타이어 소매업,G45211,자동차 신품 타이어 및 튜브 판매업,28,인천광역시,28200,남동구,28200660,남촌도림동,2820010900,도림동,2820010900104240005,1,대지,424,5,인천광역시 남동구 도림동 424-5,282004259491,인천광역시 남동구 수골로54번길,29,1,2820010900104240005017445,축사일부,인천광역시 남동구 수골로54번길 29-1,405280,21646,,,,126.72041397219,37.4105671418524
MA0101202409A0051700,티티에스출판도시,,G2,소매,G202,자동차 부품 소매,G20201,타이어 소매업,G45211,자동차 신품 타이어 및 튜브 판매업,41,경기도,41480,파주시,41480540,교하동,4148011200,산남동,4148011200101290002,1,대지,129,2,경기도 파주시 산남동 129-2,414803206117,경기도 파주시 산남로,98,,4148011200101290002000001,,경기도 파주시 산남로 98,413070,10882,,2,,126.69506741079,37.6993092345472
MA0101202409A0051918,타이어스토어,성남점,G2,소매,G202,자동차 부품 소매,G20201,타이어 소매업,G45211,자동차 신품 타이어 및 튜브 판매업,41,경기도,41131,성남시 수정구,41131650,시흥동,4113111500,시흥동,4113111500102250010,1,대지,225,10,경기도 성남시 수정구 시흥동 225-10,411313180005,경기도 성남시 수정구 대왕판교로,889,,4113111500102250010000001,,경기도 성남시 수정구 대왕판교로 889,461370,13449,,,,127.101988109851,37.4196476721795
MA0101202409A0069545,명광캐스터,,G2,소매,G202,자동차 부품 소매,G20201,타이어 소매업,G45211,자동차 신품 타이어 및 튜브 판매업,47,경상북도,47840,성주군,47840250,성주읍,4784025028,성주읍,4784025028109430000,1,대지,943,,경상북도 성주군 성주읍 예산리 943,478403321030,경상북도 성주군 성주읍 성주산업단지로,78,,4784025028109430000000001,,경상북도 성주군 성주읍 성주산업단지로 78,719801,40031,,,,128.291673894854,35.9334184578578
MA0101202409A0072743,타이어프로구좌점,,G2,소매,G202,자동차 부품 소매,G20201,타이어 소매업,G45211,자동차 신품 타이어 및 튜브 판매업,50,제주특별자치도,50110,제주시,50110256,구좌읍,5011025634,구좌읍,5011025634121120002,1,대지,2112,2,제주특별자치도 제주시 구좌읍 김녕리 2112-2,501103349235,제주특별자치도 제주시 구좌읍 일주동로,2032,,5011025634121120002000001,,제주특별자치도 제주시 구좌읍 일주동로 2032,695971,63348,,1,,126.747405511646,33.5509218610161
MA0101202409A0031218,하윤모터스,,G2,소매,G202,자동차 부품 소매,G20201,타이어 소매업,G45211,자동차 신품 타이어 및 튜브 판매업,44,충청남도,44131,천안시 동남구,44131540,원성2동,4413110700,원성동,4413110700105090014,1,대지,509,14,충청남도 천안시 동남구 원성동 509-14,441314547610,충청남도 천안시 동남구 원성천1길,105,,4413110700105090014017614,,충청남도 천안시 동남구 원성천1길 105,330072,31187,,2,,127.159057658932,36.8053561654042
MA0101202409A0012205,타이어테크,마곡점,G2,소매,G202,자동차 부품 소매,G20201,타이어 소매업,G45211,자동차 신품 타이어 및 튜브 판매업,11,서울특별시,11500,강서구,11500630,방화1동,1150010500,마곡동,1150010500113770000,1,대지,1377,,서울특별시 강서구 마곡동 1377,115002115001,서울특별시 강서구 방화대로,336,,1150010900102570019029183,,서울특별시 강서구 방화대로 336,157221,07592,,,,126.816972428916,37.5708378439449
MA0101202409A0149471,대성휠타이어,,G2,소매,G202,자동차 부품 소매,G20201,타이어 소매업,G45211,자동차 신품 타이어 및 튜브 판매업,44,충청남도,44230,논산시,44230310,성동면,4423031028,성동면,4423031028102340000,1,대지,234,,충청남도 논산시 성동면 정지리 234,442303015044,충청남도 논산시 성동면 논산평야로,258,2,4423031028102340000000001,,충청남도 논산시 성동면 논산평야로 258-2,320944,32926,,,,127.054376764308,36.2225102819995
MA0101202409A0118588,신왕길타이어,,G2,소매,G202,자동차 부품 소매,G20201,타이어 소매업,G45211,자동차 신품 타이어 및 튜브 판매업,28,인천광역시,28260,서구,28260515,검암경서동,2826010100,백석동,2826010100102040000,1,대지,204,,인천광역시 서구 백석동 204,282602000013,인천광역시 서구 봉수대로,1192,,2826010100102040000025435,,인천광역시 서구 봉수대로 1192,404140,22687,,,,126.662395924512,37.5823990802916
MA0101202409A0130361,넥센타이어파주점,,G2,소매,G202,자동차 부품 소매,G20201,타이어 소매업,G45211,자동차 신품 타이어 및 튜브 판매업,41,경기도,41480,파주시,41480253,파주읍,4148025324,파주읍,4148025324102380001,1,대지,238,1,경기도 파주시 파주읍 봉암리 238-1,414803206121,경기도 파주시 파주읍 술이홀로,53,,4148025324102380001000001,,경기도 파주시 파주읍 술이홀로 53,413861,10838,,,,126.798622792565,37.8183688490709
MA0101202409A0157380,엠디타이어,병영점,G2,소매,G202,자동차 부품 소매,G20201,타이어 소매업,G45211,자동차 신품 타이어 및 튜브 판매업,31,울산광역시,31110,중구,31110530,반구2동,3111011800,반구동,3111011800100200008,1,대지,20,8,울산광역시 중구 반구동 20-8,311103169026,울산광역시 중구 번영로,554,,3111011800100200008000001,,울산광역시 중구 번영로 554,681804,44506,,1,,129.342874409005,35.5678381153465
MA0101202409A0117297,하이타이어사상점,,G2,소매,G202,자동차 부품 소매,G20201,타이어 소매업,G45211,자동차 신품 타이어 및 튜브 판매업,26,부산광역시,26530,사상구,26530670,학장동,2653010700,학장동,2653010700102640012,1,대지,264,12,부산광역시 사상구 학장동 264-12,265303139021,부산광역시 사상구 학장로,155,,2653010700102640012009350,,부산광역시 사상구 학장로 155,617844,47023,,,,128.984083763315,35.1425481580569
MA0101202409A0153095,출장타이어,,G2,소매,G202,자동차 부품 소매,G20201,타이어 소매업,G45211,자동차 신품 타이어 및 튜브 판매업,50,제주특별자치도,50130,서귀포시,50130310,안덕면,5013031024,안덕면,5013031024105870007,1,대지,587,7,제주특별자치도 서귀포시 안덕면 상창리 587-7,501304851118,제주특별자치도 서귀포시 안덕면 한창로97번길,2,,5013031024105870007000001,,제주특별자치도 서귀포시 안덕면 한창로97번길 2,699921,63526,,,,126.3649334458,33.2715889385445
MA0101202409A0166463,신흥타이어,,G2,소매,G202,자동차 부품 소매,G20201,타이어 소매업,G45211,자동차 신품 타이어 및 튜브 판매업,41,경기도,41480,파주시,41480262,조리읍,4148026222,조리읍,4148026222105270001,1,대지,527,1,경기도 파주시 조리읍 뇌조리 527-1,414803206077,경기도 파주시 조리읍 정문로,64,,4148026222105270001000001,,경기도 파주시 조리읍 정문로 64,413821,10949,,,,126.815450836093,37.7695824066348
MA0101202409A0109089,엠레이싱모터스,,G2,소매,G202,자동차 부품 소매,G20201,타이어 소매업,G45211,자동차 신품 타이어 및 튜브 판매업,41,경기도,41500,이천시,41500253,부발읍,4150025321,부발읍,4150025321104370001,1,대지,437,1,경기도 이천시 부발읍 무촌리 437-1,415003207057,경기도 이천시 부발읍 황무로,1274,,4150025321104370001000001,,경기도 이천시 부발읍 황무로 1274,467863,17324,,,,127.482209914727,37.288033282887
MA0101202409A0119261,현대공업사,,G2,소매,G202,자동차 부품 소매,G20201,타이어 소매업,G45211,자동차 신품 타이어 및 튜브 판매업,11,서울특별시,11440,마포구,11440660,서교동,1144012000,서교동,1144012000104440001,1,대지,444,1,서울특별시 마포구 서교동 444-1,114403113018,서울특별시 마포구 월드컵로,54,,1144012000104440001011035,,서울특별시 마포구 월드컵로 54,121896,04029,,1,,126.912043238749,37.5541163459045
MA0101202409A0158701,킹콩타이어,,G2,소매,G202,자동차 부품 소매,G20201,타이어 소매업,G45211,자동차 신품 타이어 및 튜브 판매업,29,광주광역시,29170,북구,29170676,오치1동,2917011500,오치동,2917011500110360002,1,대지,1036,2,광주광역시 북구 오치동 1036-2,291703162031,광주광역시 북구 서하로,304,,2917011500110360002001592,,광주광역시 북구 서하로 304,500836,61132,,1,,126.913702569999,35.1866980338824
MA0101202409A0146058,케이에이치글로벌,,G2,소매,G202,자동차 부품 소매,G20201,타이어 소매업,G45211,자동차 신품 타이어 및 튜브 판매업,31,울산광역시,31110,중구,31110630,병영2동,3111011400,서동,3111011400106390000,1,대지,639,,울산광역시 중구 서동 639,311104307159,울산광역시 중구 동천1길,40,,3111011400100140000000002,세영이노세븐지식산업센터,울산광역시 중구 동천1길 40,681290,44481,,,,129.345933468212,35.5846192454787
MA0101202409A0101129,죽산타이어,,G2,소매,G202,자동차 부품 소매,G20201,타이어 소매업,G45211,자동차 신품 타이어 및 튜브 판매업,41,경기도,41550,안성시,41550400,죽산면,4155040021,죽산면,4155040021100910001,1,대지,91,1,경기도 안성시 죽산면 죽산리 91-1,415502012006,경기도 안성시 죽산면 서동대로,7001,,4155040021100910001002670,,경기도 안성시 죽산면 서동대로 7001,456894,17519,,,,127.430174300279,37.0769741969844
MA0101202409A0132450,부여중고타이어,,G2,소매,G202,자동차 부품 소매,G20201,타이어 소매업,G45211,자동차 신품 타이어 및 튜브 판매업,44,충청남도,44760,부여군,44760310,규암면,4476031032,규암면,4476031032101200005,1,대지,120,5,충청남도 부여군 규암면 규암리 120-5,447603000095,충청남도 부여군 규암면 계백로,84,1,4476031032101200005022592,,충청남도 부여군 규암면 계백로 84-1,323811,33124,,,,126.889202905365,36.2756148548767
MA0101202409A0084760,베스트타이어,,G2,소매,G202,자동차 부품 소매,G20201,타이어 소매업,G45211,자동차 신품 타이어 및 튜브 판매업,28,인천광역시,28260,서구,28260680,검단동,2826011800,금곡동,2826011800101400001,1,대지,140,1,인천광역시 서구 금곡동 140-1,282603156068,인천광역시 서구 완정로,244,,2826011800101400001000001,,인천광역시 서구 완정로 244,404330,22613,,,,126.649477896821,37.6042013644724
MA0101202409A0171638,우리중고타이어휠전문,,G2,소매,G202,자동차 부품 소매,G20201,타이어 소매업,G45211,자동차 신품 타이어 및 튜브 판매업,41,경기도,41390,시흥시,41390589,정왕본동,4139013200,정왕동,4139013200115000014,1,대지,1500,14,경기도 시흥시 정왕동 1500-14,413903199047,경기도 시흥시 정왕천로,440,1,4139013200115000014017987,,경기도 시흥시 정왕천로 440-1,429455,15051,,,,126.754284059837,37.3463544301228
MA0101202409A0193228,한성대영정비점,,G2,소매,G202,자동차 부품 소매,G20201,타이어 소매업,G45211,자동차 신품 타이어 및 튜브 판매업,41,경기도,41461,용인시 처인구,41461350,백암면,4146135023,백암면,4146135023113820041,1,대지,1382,41,경기도 용인시 처인구 백암면 백봉리 1382-41,414613203052,경기도 용인시 처인구 백암면 백암로,46,,4146135023113820041000001,,경기도 용인시 처인구 백암면 백암로 46,449865,17180,,,,127.38554492808,37.1534113417066
MA0101202409A0209863,에스엠타이어,,G2,소매,G202,자동차 부품 소매,G20201,타이어 소매업,G45211,자동차 신품 타이어 및 튜브 판매업,44,충청남도,44200,아산시,44200370,영인면,4420037024,영인면,4420037024100570005,1,대지,57,5,충청남도 아산시 영인면 월선리 57-5,442004559484,충청남도 아산시 영인면 아산로1233번길,20,,4420037024100570005000001,,충청남도 아산시 영인면 아산로1233번길 20,336821,31428,,,,126.933958423704,36.8760458804736
MA0101202409A0223888,가나장동타이어,,G2,소매,G202,자동차 부품 소매,G20201,타이어 소매업,G45211,자동차 신품 타이어 및 튜브 판매업,52,전북특별자치도,52113,전주시 덕진구,52113665,여의동,5211313200,장동,5211313200106080002,1,대지,608,2,전북특별자치도 전주시 덕진구 장동 608-2,521133016002,전북특별자치도 전주시 덕진구 혁신로,428,,4511313200106080002000001,북쪽,전북특별자치도 전주시 덕진구 혁신로 428,561330,54857,,,,127.066465546435,35.8514235414676
MA0101202409A0190649,혜성타이어,화성점,G2,소매,G202,자동차 부품 소매,G20201,타이어 소매업,G45211,자동차 신품 타이어 및 튜브 판매업,41,경기도,41590,화성시,41590256,우정읍,4159025631,우정읍,4159025631100110005,1,대지,11,5,경기도 화성시 우정읍 화산리 11-5,415903210010,경기도 화성시 우정읍 기아자동차로,685,,4159025631100110005000001,혜성타이어화성점,경기도 화성시 우정읍 기아자동차로 685,445953,18569,,,,126.808414503509,37.0686969864422
MA0101202409A0221414,영일카센터,,G2,소매,G202,자동차 부품 소매,G20201,타이어 소매업,G45211,자동차 신품 타이어 및 튜브 판매업,51,강원특별자치도,51170,동해시,51170520,송정동,5117010300,송정동,5117010300115680000,1,대지,1568,,강원특별자치도 동해시 송정동 1568,511703221026,강원특별자치도 동해시 용정로,78,,4217010300115680000000001,,강원특별자치도 동해시 용정로 78,240806,25785,,,,129.118528049611,37.4975755181291
MA0101202409A0210460,타이어테크후평,직영점,G2,소매,G202,자동차 부품 소매,G20201,타이어 소매업,G45211,자동차 신품 타이어 및 튜브 판매업,51,강원특별자치도,51110,춘천시,51110600,후평1동,5111012000,후평동,5111012000106030008,1,대지,603,8,강원특별자치도 춘천시 후평동 603-8,511103218049,강원특별자치도 춘천시 후석로,456,,4211012000106030008028389,,강원특별자치도 춘천시 후석로 456,200957,24232,,,,127.741926815689,37.8899187689145
MA0101202409A0240503,타이어테크,울산점,G2,소매,G202,자동차 부품 소매,G20201,타이어 소매업,G45211,자동차 신품 타이어 및 튜브 판매업,31,울산광역시,31140,남구,31140570,삼산동,3114010600,삼산동,3114010600101780001,1,대지,178,1,울산광역시 남구 삼산동 178-1,311403170008,울산광역시 남구 남중로,135,,3114010600101780001008806,,울산광역시 남구 남중로 135,680813,44710,,,,129.348208530264,35.5465595255257
MA0101202409A0224506,파트너자동차용품점,,G2,소매,G202,자동차 부품 소매,G20201,타이어 소매업,G45211,자동차 신품 타이어 및 튜브 판매업,43,충청북도,43112,청주시 서원구,43112310,남이면,4311231037,남이면,4311231037100010077,1,대지,1,77,충청북도 청주시 서원구 남이면 양촌리 1-77,431123014065,충청북도 청주시 서원구 남이면 2순환로,1800,12,4311231037200050038000001,,충청북도 청주시 서원구 남이면 2순환로 1800-12,362811,28805,,,,127.476812362762,36.5932663641574
MA0101202409A0210975,최민우타이어서진주점,,G2,소매,G202,자동차 부품 소매,G20201,타이어 소매업,G45211,자동차 신품 타이어 및 튜브 판매업,48,경상남도,48170,진주시,48170515,천전동,4817010100,망경동,4817010100101480001,1,대지,148,1,경상남도 진주시 망경동 148-1,481703332059,경상남도 진주시 천수로,244,,4817010100101480001000001,,경상남도 진주시 천수로 244,660800,52706,,,,128.079488544934,35.1843334066668
MA0101202409A0169990,대한민국모빌리티타이어,,G2,소매,G202,자동차 부품 소매,G20201,타이어 소매업,G45211,자동차 신품 타이어 및 튜브 판매업,41,경기도,41590,화성시,41590253,봉담읍,4159025326,봉담읍,4159025326100110051,1,대지,11,51,경기도 화성시 봉담읍 수기리 11-51,415903210064,경기도 화성시 봉담읍 세자로,355,,4159025326100110051000001,,경기도 화성시 봉담읍 세자로 355,445904,18364,,,,126.982743984164,37.1977473814369
MA0101202409A0213982,미르타이어,,G2,소매,G202,자동차 부품 소매,G20201,타이어 소매업,G45211,자동차 신품 타이어 및 튜브 판매업,43,충청북도,43750,진천군,43750370,광혜원면,4375037026,광혜원면,4375037026200300000,2,산,30,,충청북도 진천군 광혜원면 실원리 산30,437503014047,충청북도 진천군 광혜원면 생거진천로,2947,,4375037026200300000000001,,충청북도 진천군 광혜원면 생거진천로 2947,365831,27800,,,,127.436671217963,37.0057750266989
MA0101202409A0185648,1등타이어,기장점,G2,소매,G202,자동차 부품 소매,G20201,타이어 소매업,G45211,자동차 신품 타이어 및 튜브 판매업,26,부산광역시,26710,기장군,26710250,기장읍,2671025027,기장읍,2671025027107030007,1,대지,703,7,부산광역시 기장군 기장읍 청강리 703-7,267102006018,부산광역시 기장군 기장읍 기장대로,451,,2671025027100000100003463,,부산광역시 기장군 기장읍 기장대로 451,619906,46072,,,,129.217388389241,35.2361661046238
MA0101202409A0198567,훈남모터스,,G2,소매,G202,자동차 부품 소매,G20201,타이어 소매업,G45211,자동차 신품 타이어 및 튜브 판매업,28,인천광역시,28140,동구,28140610,송림4동,2814010700,송림동,2814010700102960027,1,대지,296,27,인천광역시 동구 송림동 296-27,281403150035,인천광역시 동구 방축로,149,,2814010700102960027113846,,인천광역시 동구 방축로 149,401821,22531,,,,126.662258221223,37.482451079126
MA0101202409A0216805,투투타이어,,G2,소매,G202,자동차 부품 소매,G20201,타이어 소매업,G45211,자동차 신품 타이어 및 튜브 판매업,43,충청북도,43114,청주시 청원구,43114310,북이면,4311431040,북이면,4311431040105010006,1,대지,501,6,충청북도 청주시 청원구 북이면 용계리 501-6,431143240047,충청북도 청주시 청원구 북이면 신대석성로,314,,4371043040005010006045623,,충청북도 청주시 청원구 북이면 신대석성로 314,363923,28137,,,,127.515162891319,36.7506318582366
