상가업소번호,상호명,지점명,상권업종대분류코드,상권업종대분류명,상권업종중분류코드,상권업종중분류명,상권업종소분류코드,상권업종소분류명,표준산업분류코드,표준산업분류명,시도코드,시도명,시군구코드,시군구명,행정동코드,행정동명,법정동코드,법정동명,PNU코드,대지구분코드,대지구분명,지번본번지,지번부번지,지번주소,도로명코드,도로명,건물본번지,건물부번지,건물관리번호,건물명,도로명주소,구우편번호,신우편번호,동정보,층정보,호정보,경도,위도
MA010120220802448756,영통상하목장DS,대리점,G2,소매,G206,음료 소매,G20604,우유 소매업,G47221,음료 소매업,41,경기도,41115,수원시 팔달구,41115710,우만1동,4111514000,우만동,4111514000105580009,1,대지,558,9,경기도 수원시 팔달구 우만동 558-9,411154328391,경기도 수원시 팔달구 팔달문로130번길,41,,4111514000105580009016555,삼진빌딩,경기도 수원시 팔달구 팔달문로130번길 41,442819,16240,,1,,127.031144429684,37.2805326443017
MA010120220802011398,구로상하목장DS,대리점,G2,소매,G206,음료 소매,G20604,우유 소매업,G47221,음료 소매업,11,서울특별시,11530,구로구,11530730,고척2동,1153010600,고척동,1153010600102490113,1,대지,249,113,서울특별시 구로구 고척동 249-113,115304148154,서울특별시 구로구 고척로31길,74,,1153010600102490113010878,계림연립,서울특별시 구로구 고척로31길 74,152833,08244,,1,,126.847385506509,37.505603667632
MA010120220809314104,건국우유성주보급소,,G2,소매,G206,음료 소매,G20604,우유 소매업,G47992,계약배달 판매업,47,경상북도,47840,성주군,47840250,성주읍,4784025021,성주읍,4784025021107620005,1,대지,762,5,경상북도 성주군 성주읍 경산리 762-5,478404763204,경상북도 성주군 성주읍 성밖숲길,55,,4784025021107620005026623,청구신호타운,경상북도 성주군 성주읍 성밖숲길 55,719801,40023,,2,,128.282228034204,35.9145770529552
MA010120220808908247,윈드림,,G2,소매,G206,음료 소매,G20604,우유 소매업,G47221,음료 소매업,48,경상남도,48121,창원시 의창구,48121530,명곡동,4812110500,도계동,4812110500104030006,1,대지,403,6,경상남도 창원시 의창구 도계동 403-6,481214781476,경상남도 창원시 의창구 원이대로69번길,2,,4812110500104030006020681,칠성맨션,경상남도 창원시 의창구 원이대로69번길 2,641810,51166,,1,,128.635783170147,35.2564855358895
MA010120220809454756,건국유업,구미지점,G2,소매,G206,음료 소매,G20604,우유 소매업,G47992,계약배달 판매업,47,경상북도,47190,구미시,47190645,상모사곡동,4719011500,사곡동,4719011500106690001,1,대지,669,1,경상북도 구미시 사곡동 669-1,471904724427,경상북도 구미시 상사동로24길,14,,4719011500106690001044076,조은베네시움,경상북도 구미시 상사동로24길 14,730110,39328,,1,,128.360356793261,36.0989042667279
MA010120220808647520,새콤달콤이,,G2,소매,G206,음료 소매,G20604,우유 소매업,G47221,음료 소매업,41,경기도,41370,오산시,41370546,신장2동,4137011000,내삼미동,4137011000108990000,1,대지,899,,경기도 오산시 내삼미동 899,413703198010,경기도 오산시 내삼미로,142,,4137011000108990000000001,세교신도시호반베르디움,경기도 오산시 내삼미로 142,447220,18113,,2,,127.066953442804,37.1743924230245
MA010120220813299599,종합우유,,G2,소매,G206,음료 소매,G20604,우유 소매업,G47221,음료 소매업,11,서울특별시,11215,광진구,11215850,구의1동,1121510300,구의동,1121510300102210066,1,대지,221,66,서울특별시 광진구 구의동 221-66,112154112430,서울특별시 광진구 자양로26길,92,16,1121510300102210066008501,동진하우스,서울특별시 광진구 자양로26길 92-16,143823,05041,,5,,127.088652687204,37.5397178666905
MA010120220810945218,한국야쿠르트신운,,G2,소매,G206,음료 소매,G20604,우유 소매업,G47221,음료 소매업,48,경상남도,48121,창원시 의창구,48121530,명곡동,4812110500,도계동,4812110500104030006,1,대지,403,6,경상남도 창원시 의창구 도계동 403-6,481214781476,경상남도 창원시 의창구 원이대로69번길,2,,4812110500104030006020681,칠성맨션,경상남도 창원시 의창구 원이대로69번길 2,641810,51166,,1,,128.635783170147,35.2564855358895
MA010120220813985854,남양유업안양만안가정,대리점,G2,소매,G206,음료 소매,G20604,우유 소매업,G47992,계약배달 판매업,41,경기도,41171,안양시 만안구,41171540,안양4동,4117110100,안양동,4117110100107140047,1,대지,714,47,경기도 안양시 만안구 안양동 714-47,411714346305,경기도 안양시 만안구 장내로75번길,13,,4117110100107140047000001,한솔씨티빌,경기도 안양시 만안구 장내로75번길 13,430835,14003,,1,,126.916464294291,37.3951363857374
MA010120220814127655,강성원우유강남2서초,대리점,G2,소매,G206,음료 소매,G20604,우유 소매업,G47992,계약배달 판매업,11,서울특별시,11260,중랑구,11260570,면목7동,1126010100,면목동,1126010100115020000,1,대지,1502,,서울특별시 중랑구 면목동 1502,112603005028,서울특별시 중랑구 용마산로,252,,1126010100115020000019850,현대아파트,서울특별시 중랑구 용마산로 252,131752,02258,,2,,127.089386154594,37.5759373930441
MA0101202409A0259660,알펜밀크,,G2,소매,G206,음료 소매,G20604,우유 소매업,G47221,음료 소매업,26,부산광역시,26410,금정구,26410580,부곡2동,2641010900,부곡동,2641010900102950039,1,대지,295,39,부산광역시 금정구 부곡동 295-39,264104205190,부산광역시 금정구 부곡로126번길,8,,2641010900102950039019390,아이콘6차,부산광역시 금정구 부곡로126번길 8,609823,46271,,1,,129.092337165072,35.2269669196447
MA0101202406A0190045,연세,,G2,소매,G206,음료 소매,G20604,우유 소매업,G47221,음료 소매업,11,서울특별시,11500,강서구,11500591,화곡6동,1150010300,화곡동,1150010300109800019,1,대지,980,19,서울특별시 강서구 화곡동 980-19,115004145538,서울특별시 강서구 화곡로54길,43,,1150010300109800019016067,강서금호어울림퍼스티어,서울특별시 강서구 화곡로54길 43,157915,07659,,2,,126.85102732374,37.5510818369184
MA0106202404A1792482,나라셀라와타플러스,,G2,소매,G206,음료 소매,G20604,우유 소매업,G47221,음료 소매업,26,부산광역시,26350,해운대구,26350520,우2동,2635010500,우동,2635010500114980000,1,대지,1498,,부산광역시 해운대구 우동 1498,263503133018,부산광역시 해운대구 센텀동로,9,,2635010500114980000011507,대우트럼프월드센텀,부산광역시 해운대구 센텀동로 9,612874,48059,,1,,129.132455399159,35.169873024475
MA0106202311A1782945,굿바틀,,G2,소매,G206,음료 소매,G20604,우유 소매업,G47221,음료 소매업,26,부산광역시,26260,동래구,26260570,온천3동,2626010800,온천동,2626010800114240012,1,대지,1424,12,부산광역시 동래구 온천동 1424-12,262603130025,부산광역시 동래구 미남로,134,,2626010800114240012011183,더리체,부산광역시 동래구 미남로 134,607842,47821,,1,,129.069837878282,35.2059154641753
MA0106202301A0854938,가나세계주류,백화점,G2,소매,G206,음료 소매,G20604,우유 소매업,G47221,음료 소매업,43,충청북도,43114,청주시 청원구,43114510,우암동,4311410100,우암동,4311410100102290010,1,대지,229,10,충청북도 청주시 청원구 우암동 229-10,431143236027,충청북도 청주시 청원구 상당로,246,5,4311111300102290010053464,명칭없음,충청북도 청주시 청원구 상당로 246-5,363813,28505,,1,,127.489253887995,36.650446726097
MA0101202410A0948244,남양유업신중랑가점,대리점,G2,소매,G206,음료 소매,G20604,우유 소매업,G47221,음료 소매업,11,서울특별시,11260,중랑구,11260610,중화2동,1126010300,중화동,1126010300103220016,1,대지,322,16,서울특별시 중랑구 중화동 322-16,112604118549,서울특별시 중랑구 중랑역로3나길,39,,1126010300103220016012498,,서울특별시 중랑구 중랑역로3나길 39,131878,02112,,1,,127.073795377987,37.5963015950567
MA0101202411A0025828,디에이치유통,,G2,소매,G206,음료 소매,G20604,우유 소매업,G47221,음료 소매업,51,강원특별자치도,51210,속초시,51210580,조양동,5121010800,조양동,5121010800113760028,1,대지,1376,28,강원특별자치도 속초시 조양동 1376-28,512104469209,강원특별자치도 속초시 조양로22번길,9,,4221010800113760028002982,,강원특별자치도 속초시 조양로22번길 9,217811,24892,,,,128.599335320703,38.1872262574619
MA0101202411A0111275,오아시스,안동점,G2,소매,G206,음료 소매,G20604,우유 소매업,G47221,음료 소매업,47,경상북도,47170,안동시,47170555,용상동,4717011000,용상동,4717011000114270007,1,대지,1427,7,경상북도 안동시 용상동 1427-7,471704721891,경상북도 안동시 용상북1길,6,,4717011000114270007024017,에이스아울렛,경상북도 안동시 용상북1길 6,760902,36711,,1,,128.748641215873,36.5614160334454
MA0101202411A0130777,티엘에스,,G2,소매,G206,음료 소매,G20604,우유 소매업,G47221,음료 소매업,28,인천광역시,28140,동구,28140570,송현3동,2814010300,송현동,2814010300101290000,1,대지,129,,인천광역시 동구 송현동 129,281404250066,인천광역시 동구 방축로37번길,30,,2814010300101290000001672,인천산업용품유통단지,인천광역시 동구 방축로37번길 30,401704,22530,,1,,126.652754921392,37.4861987386311
MA0101202411A0100669,화목푸드,,G2,소매,G206,음료 소매,G20604,우유 소매업,G47221,음료 소매업,46,전라남도,46110,목포시,46110510,용당1동,4611010100,용당동,4611010100109820074,1,대지,982,74,전라남도 목포시 용당동 982-74,461104643122,전라남도 목포시 동목포길,51,,4611010100109820011054513,,전라남도 목포시 동목포길 51,530361,58650,,,,126.398000109507,34.8093266788959
MA0101202411A0100884,호반유통,,G2,소매,G206,음료 소매,G20604,우유 소매업,G47221,음료 소매업,41,경기도,41463,용인시 기흥구,41463535,보라동,4146310600,지곡동,4146310600103850000,1,대지,385,,경기도 용인시 기흥구 지곡동 385,414634412246,경기도 용인시 기흥구 지삼로107번길,24,1,4146310600103850000019879,,경기도 용인시 기흥구 지삼로107번길 24-1,446904,17088,,,,127.133607494793,37.2473210346388
MA0106202404A2030513,유어쏨,,G2,소매,G206,음료 소매,G20604,우유 소매업,G47221,음료 소매업,11,서울특별시,11680,강남구,11680640,역삼1동,1168010100,역삼동,1168010100108260021,1,대지,826,21,서울특별시 강남구 역삼동 826-21,116802102001,서울특별시 강남구 강남대로,364,,1168010100108260021025001,미왕빌딩,서울특별시 강남구 강남대로 364,135935,06241,,15,,127.029288471358,37.4955442848719
MA0106202410A0301006,기원위스키증류소,,G2,소매,G206,음료 소매,G20604,우유 소매업,G47221,음료 소매업,41,경기도,41360,남양주시,41360256,화도읍,4136025629,화도읍,4136025629103840020,1,대지,384,20,경기도 남양주시 화도읍 녹촌리 384-20,413603197011,경기도 남양주시 화도읍 녹촌로,259,18,4136025629103840020000001,,경기도 남양주시 화도읍 녹촌로 259-18,472843,12187,,,,127.279389523867,37.6368807116016
MA0106202410A1029370,엘컴즈포지티브비노,,G2,소매,G206,음료 소매,G20604,우유 소매업,G47221,음료 소매업,41,경기도,41570,김포시,41570515,김포본동,4157010500,감정동,4157010500105660000,1,대지,566,,경기도 김포시 감정동 566,415703000070,경기도 김포시 검단로,910,,4157010500105660000048959,본관,경기도 김포시 검단로 910,415010,10104,,3,,126.697916491194,37.6202647170593
MA0106202401A0822447,보르도아줌마,,G2,소매,G206,음료 소매,G20604,우유 소매업,G47221,음료 소매업,41,경기도,41117,수원시 영통구,41117550,원천동,4111710200,원천동,4111710200100770023,1,대지,77,23,경기도 수원시 영통구 원천동 77-23,411174331023,경기도 수원시 영통구 동수원로537번길,29,,4111710200100770023004477,,경기도 수원시 영통구 동수원로537번길 29,443821,16503,,,,127.047411895001,37.2743731431812
MA0106202312A1356204,와인스타,,G2,소매,G206,음료 소매,G20604,우유 소매업,G47221,음료 소매업,52,전북특별자치도,52111,전주시 완산구,52111730,효자5동,5211114200,효자동3가,5211114200117160018,1,대지,1716,18,전북특별자치도 전주시 완산구 효자동3가 1716-18,521114598070,전북특별자치도 전주시 완산구 농소1길,3,,4511114200117160018000001,,전북특별자치도 전주시 완산구 농소1길 3,560903,54965,,1,,127.096663868022,35.8139287126992
MA0101202411A0138975,행복한쉼터,,G2,소매,G206,음료 소매,G20604,우유 소매업,G47221,음료 소매업,43,충청북도,43130,충주시,43130400,동량면,4313040030,동량면,4313040030103060029,1,대지,306,29,충청북도 충주시 동량면 함암리 306-29,431303238056,충청북도 충주시 동량면 지등로,1593,,4313040030103060029000001,,충청북도 충주시 동량면 지등로 1593,380810,27323,,,,128.03933279035,36.9687611269595
MA0106202410A1218507,본가양조장,,G2,소매,G206,음료 소매,G20604,우유 소매업,G47221,음료 소매업,48,경상남도,48220,통영시,48220665,미수동,4822011500,미수동,4822011500105480002,1,대지,548,2,경상남도 통영시 미수동 548-2,482203333008,경상남도 통영시 미수로,112,,4822011500105480002028357,,경상남도 통영시 미수로 112,650803,53071,,,,128.401801645238,34.8251570607096
MA0106202411A0609044,윌리엄그랜트앤선즈성수점,코리아,G2,소매,G206,음료 소매,G20604,우유 소매업,G47221,음료 소매업,11,서울특별시,11200,성동구,11200690,성수2가3동,1120011500,성수동2가,1120011500103140011,1,대지,314,11,서울특별시 성동구 성수동2가 314-11,112004109411,서울특별시 성동구 연무장7길,13,,1120011500103140011004474,팩토리얼성수,서울특별시 성동구 연무장7길 13,133835,04782,,6,,127.054484761753,37.5441714923788
MA0101202411A0168273,드림산양유,,G2,소매,G206,음료 소매,G20604,우유 소매업,G47221,음료 소매업,48,경상남도,48170,진주시,48170400,대곡면,4817040024,대곡면,4817040024109220002,1,대지,922,2,경상남도 진주시 대곡면 단목리 922-2,481704796281,경상남도 진주시 대곡면 단목길7번길,8,,4817040024109220002009888,,경상남도 진주시 대곡면 단목길7번길 8,660913,52606,,,,128.1459340666,35.2565561249785
MA0101202411A0140680,남양우유정읍가정,대리점,G2,소매,G206,음료 소매,G20604,우유 소매업,G47221,음료 소매업,52,전북특별자치도,52180,정읍시,52180570,연지동,5218010500,연지동,5218010500102960003,1,대지,296,3,전북특별자치도 정읍시 연지동 296-3,521803270013,전북특별자치도 정읍시 명덕로,2,,4518010500102960003070531,,전북특별자치도 정읍시 명덕로 2,580807,56158,,,,126.841298408704,35.5722479994341
MA0106202408A0222429,와인보우의왕와인창고점,,G2,소매,G206,음료 소매,G20604,우유 소매업,G47221,음료 소매업,41,경기도,41430,의왕시,41430510,고천동,4143010400,왕곡동,4143010400101740001,1,대지,174,1,경기도 의왕시 왕곡동 174-1,414304403157,경기도 의왕시 왕림길,67,,4143010400101740001000001,,경기도 의왕시 왕림길 67,437800,16066,,,,126.99054256595,37.3453027379808
MA0106202408A1549463,아성주류판매,,G2,소매,G206,음료 소매,G20604,우유 소매업,G47221,음료 소매업,47,경상북도,47190,구미시,47190253,고아읍,4719025335,고아읍,4719025335104800006,1,대지,480,6,경상북도 구미시 고아읍 송림리 480-6,471904724535,경상북도 구미시 고아읍 송평구길,38,,4719025335104800006000001,,경상북도 구미시 고아읍 송평구길 38,730812,39152,,,,128.364982346954,36.1685364278451
MA0106202201A0701707,레끌레드크리스탈삼성,,G2,소매,G206,음료 소매,G20604,우유 소매업,G47221,음료 소매업,11,서울특별시,11680,강남구,11680590,삼성2동,1168010500,삼성동,1168010500101300009,1,대지,130,9,서울특별시 강남구 삼성동 130-9,116804166435,서울특별시 강남구 삼성로95길,24,,1168010500101300009027213,,서울특별시 강남구 삼성로95길 24,135875,06157,,,,127.053734388332,37.5076902629328
MA0106202410A2018482,압구정마켓부림시장,,G2,소매,G206,음료 소매,G20604,우유 소매업,G47221,음료 소매업,48,경상남도,48125,창원시 마산합포구,48125630,오동동,4812510400,남성동,4812510400101420071,1,대지,142,71,경상남도 창원시 마산합포구 남성동 142-71,481254787159,경상남도 창원시 마산합포구 동서북12길,39,,4812510400101420071029362,,경상남도 창원시 마산합포구 동서북12길 39,631860,51730,,1,,128.574632641723,35.2050073063855
MA0106202408A0507356,베러댄보틀,,G2,소매,G206,음료 소매,G20604,우유 소매업,G47221,음료 소매업,26,부산광역시,26500,수영구,26500800,민락동,2650010300,민락동,2650010300100370007,1,대지,37,7,부산광역시 수영구 민락동 37-7,265004214069,부산광역시 수영구 광안해변로277번길,66,,2650010300100370007005233,,부산광역시 수영구 광안해변로277번길 66,613828,48287,,1,,129.123394242483,35.1586237200826
MA0106202407A1088089,오후네시의가게,,G2,소매,G206,음료 소매,G20604,우유 소매업,G47221,음료 소매업,41,경기도,41480,파주시,41480560,운정2동,4148011700,목동동,4148011700111270002,1,대지,1127,2,경기도 파주시 목동동 1127-2,414804418962,경기도 파주시 심학산로423번길,21,5,4148011700111270002000001,,경기도 파주시 심학산로423번길 21-5,413110,10900,,1,,126.738210738464,37.719243296878
MA0106202410A1140339,지엘유통개발,,G2,소매,G206,음료 소매,G20604,우유 소매업,G47221,음료 소매업,11,서울특별시,11740,강동구,11740560,고덕2동,1174010200,고덕동,1174010200100380012,1,대지,38,12,서울특별시 강동구 고덕동 38-12,117404860971,서울특별시 강동구 고덕비즈밸리로6길,90,,1174010200100380012000001,KK,서울특별시 강동구 고덕비즈밸리로6길 90,134800,05203,,3,,127.161737635011,37.5666793058942
MA0106202408A1944401,갯내식당,,G2,소매,G206,음료 소매,G20604,우유 소매업,G47221,음료 소매업,46,전라남도,46130,여수시,46130570,중앙동,4613010700,중앙동,4613010700104320000,1,대지,432,,전라남도 여수시 중앙동 432,461303282072,전라남도 여수시 중앙로,77,,4613010700104320000015564,,전라남도 여수시 중앙로 77,550060,59737,,1,,127.7363555469,34.7401722741639
MA0106202404A0056474,디앤오트윈배럴스,,G2,소매,G206,음료 소매,G20604,우유 소매업,G47221,음료 소매업,11,서울특별시,11560,영등포구,11560540,여의동,1156011000,여의도동,1156011000100200000,1,대지,20,,서울특별시 영등포구 여의도동 20,115602118001,서울특별시 영등포구 여의대로,128,,1156011000100200000031046,LG트윈타워,서울특별시 영등포구 여의대로 128,150721,07336,,1,,126.929236083678,37.5279268311586
MA0106202211A1461345,엘에스스토어영등포역점,,G2,소매,G206,음료 소매,G20604,우유 소매업,G47221,음료 소매업,11,서울특별시,11560,영등포구,11560535,영등포동,1156010400,영등포동3가,1156010400100100001,1,대지,10,1,서울특별시 영등포구 영등포동3가 10-1,115603000028,서울특별시 영등포구 경인로,859,,1156010400100100061035529,,서울특별시 영등포구 경인로 859,150030,07304,,,,126.908116275692,37.5171633299544
MA0106202211A1305712,169,광화문,G2,소매,G206,음료 소매,G20604,우유 소매업,G47221,음료 소매업,11,서울특별시,11110,종로구,11110530,사직동,1111011900,세종로,1111011900101550004,1,대지,155,4,서울특별시 종로구 세종로 155-4,111102005001,서울특별시 종로구 세종대로,169,,1111011900101570004028349,,서울특별시 종로구 세종대로 169,110822,03183,,,,126.976319052875,37.5714999245077
MA0106202407A1634828,샤또봉,,G2,소매,G206,음료 소매,G20604,우유 소매업,G47221,음료 소매업,27,대구광역시,27260,수성구,27260640,두산동,2726011100,두산동,2726011100101310003,1,대지,131,3,대구광역시 수성구 두산동 131-3,272604238215,대구광역시 수성구 무학로21길,88,,2726011100101310003036003,,대구광역시 수성구 무학로21길 88,706800,42175,,1,,128.621020206924,35.8340278624408
MA0106202209A1460503,엘에스스토어,신촌점,G2,소매,G206,음료 소매,G20604,우유 소매업,G47221,음료 소매업,11,서울특별시,11410,서대문구,11410585,신촌동,1141011600,창천동,1141011600100040096,1,대지,4,96,서울특별시 서대문구 창천동 4-96,114103112007,서울특별시 서대문구 신촌역로,39,,1141011600100040096022115,,서울특별시 서대문구 신촌역로 39,120833,03777,,,,126.941033911874,37.5589637286934
MA0106202209A1460510,엘에스스토어이태원점,,G2,소매,G206,음료 소매,G20604,우유 소매업,G47221,음료 소매업,11,서울특별시,11170,용산구,11170685,한남동,1117013100,한남동,1117013100107360012,1,대지,736,12,서울특별시 용산구 한남동 736-12,111703102009,서울특별시 용산구 이태원로,212,,1117013100107360012005260,,서울특별시 용산구 이태원로 212,140893,04404,,,,126.997533508395,37.5345793752669
MA0106202209A1460509,엘에스스토어안암점,,G2,소매,G206,음료 소매,G20604,우유 소매업,G47221,음료 소매업,11,서울특별시,11290,성북구,11290600,안암동,1129012500,안암동5가,1129012500101030101,1,대지,103,101,서울특별시 성북구 안암동5가 103-101,112904856603,서울특별시 성북구 고려대로24길,45,,1129012500101030101041263,,서울특별시 성북구 고려대로24길 45,136075,02856,,,,127.029583583725,37.5842386506802
MA0106202303A0707460,투투벅스,,G2,소매,G206,음료 소매,G20604,우유 소매업,G47221,음료 소매업,51,강원특별자치도,51820,고성군,51820330,토성면,5182033027,토성면,5182033027101440004,1,대지,144,4,강원특별자치도 고성군 토성면 학야리 144-4,518204502398,강원특별자치도 고성군 토성면 뒷골길,44,15,4282033027101440004012228,토성면학야리,강원특별자치도 고성군 토성면 뒷골길 44-15,219831,24753,,,,128.509212133706,38.2826542155655
MA0106202407A0388836,라라와인샵,,G2,소매,G206,음료 소매,G20604,우유 소매업,G47221,음료 소매업,41,경기도,41570,김포시,41570550,풍무동,4157010700,풍무동,4157010700105320003,1,대지,532,3,경기도 김포시 풍무동 532-3,415703209097,경기도 김포시 유현로,52,,4157010700105320003021416,,경기도 김포시 유현로 52,415809,10120,,1,,126.727769678732,37.5968035870678
MA0106202201A0270347,라빈리커스토어,,G2,소매,G206,음료 소매,G20604,우유 소매업,G47221,음료 소매업,41,경기도,41281,고양시 덕양구,41281630,행주동,4128112500,행주내동,4128112500102080002,1,대지,208,2,경기도 고양시 덕양구 행주내동 208-2,412814376309,경기도 고양시 덕양구 행주로17번길,42,4,4128112500102080002000001,,경기도 고양시 덕양구 행주로17번길 42-4,412230,10440,,,,126.826338963682,37.6027200730648
MA0106202306A0413052,와인스테이션,,G2,소매,G206,음료 소매,G20604,우유 소매업,G47221,음료 소매업,41,경기도,41285,고양시 일산동구,41285551,백석1동,4128510600,백석동,4128510600112420000,1,대지,1242,,경기도 고양시 일산동구 백석동 1242,412853192094,경기도 고양시 일산동구 중앙로,1036,,4128510600112420000000001,일부호,경기도 고양시 일산동구 중앙로 1036,410816,10450,,1,,126.789658264704,37.643177728984
MA0106202209A1460501,엘에스스토어문정역점,,G2,소매,G206,음료 소매,G20604,우유 소매업,G47221,음료 소매업,11,서울특별시,11710,송파구,11710642,문정2동,1171010800,문정동,1171010800106510000,1,대지,651,,서울특별시 송파구 문정동 651,117102005011,서울특별시 송파구 송파대로,167,,1171010800103250003000001,,서울특별시 송파구 송파대로 167,138888,05855,,,,127.120754827749,37.4845569839723
MA0106202309A0026380,한화커넥트롯데마트보틀벙커,서울역점,G2,소매,G206,음료 소매,G20604,우유 소매업,G47221,음료 소매업,11,서울특별시,11140,중구,11140540,회현동,1114012000,봉래동2가,1114012000101220011,1,대지,122,11,서울특별시 중구 봉래동2가 122-11,111402005005,서울특별시 중구 한강대로,405,,1114012000101220019000001,,서울특별시 중구 한강대로 405,100162,04509,,,,126.969522706618,37.5547308218488
MA0106202207A0593718,스타보틀,반포점,G2,소매,G206,음료 소매,G20604,우유 소매업,G47221,음료 소매업,11,서울특별시,11650,서초구,11650581,반포4동,1165010700,반포동,1165010700105050000,1,대지,505,,서울특별시 서초구 반포동 505,116502121003,서울특별시 서초구 반포대로,222,,1165010700101230000017226,,서울특별시 서초구 반포대로 222,137701,06591,,,,127.005858228827,37.5023864078791
MA0106202209A1460511,엘에스스토어녹사평점,,G2,소매,G206,음료 소매,G20604,우유 소매업,G47221,음료 소매업,11,서울특별시,11170,용산구,11170650,이태원1동,1117013000,이태원동,1117013000100340015,1,대지,34,15,서울특별시 용산구 이태원동 34-15,111703102009,서울특별시 용산구 이태원로,136,,1117013000100340015009731,,서울특별시 용산구 이태원로 136,140863,04390,,,,126.988923510844,37.5339391709495
MA0106202306A0053456,바틀샵할라봉,,G2,소매,G206,음료 소매,G20604,우유 소매업,G47221,음료 소매업,51,강원특별자치도,51110,춘천시,51110660,퇴계동,5111012300,퇴계동,5111012300107790005,1,대지,779,5,강원특별자치도 춘천시 퇴계동 779-5,511103013022,강원특별자치도 춘천시 영서로,2267,,4211012300107790005000382,,강원특별자치도 춘천시 영서로 2267,200944,24440,,1,,127.722429379186,37.8642013551383
MA0106202201A0488186,피아자델라보나세라,,G2,소매,G206,음료 소매,G20604,우유 소매업,G47221,음료 소매업,11,서울특별시,11650,서초구,11650531,서초4동,1165010800,서초동,1165010800113030034,1,대지,1303,34,서울특별시 서초구 서초동 1303-34,116502102001,서울특별시 서초구 강남대로,459,,1165010800113030034019902,,서울특별시 서초구 강남대로 459,137855,06611,,,,127.024417060102,37.503104834229
MA0106202309A0664879,비노앤스피릿,,G2,소매,G206,음료 소매,G20604,우유 소매업,G47221,음료 소매업,11,서울특별시,11680,강남구,11680521,논현1동,1168010800,논현동,1168010800100420007,1,대지,42,7,서울특별시 강남구 논현동 42-7,116804166016,서울특별시 강남구 강남대로132길,59,,1168010800100420007006902,B,서울특별시 강남구 강남대로132길 59,135815,06045,,1,,127.02580040741,37.5135561962014
MA0106202405A1322796,복분자쉼터,,G2,소매,G206,음료 소매,G20604,우유 소매업,G47221,음료 소매업,52,전북특별자치도,52790,고창군,52790320,아산면,5279032033,아산면,5279032033103840032,1,대지,384,32,전북특별자치도 고창군 아산면 계산리 384-32,527903279050,전북특별자치도 고창군 아산면 인천강변로,382,,4579032033103840002015482,,전북특별자치도 고창군 아산면 인천강변로 382,585931,56452,,,,126.625481547186,35.4712848409961
MA0106202405A0010430,나라셀라,을지로점,G2,소매,G206,음료 소매,G20604,우유 소매업,G47221,음료 소매업,11,서울특별시,11140,중구,11140550,명동,1114010500,을지로2가,1114010500102030000,1,대지,203,,서울특별시 중구 을지로2가 203,111403101006,서울특별시 중구 을지로,100,,1114010500101450000000001,,서울특별시 중구 을지로 100,100192,04551,,1,,126.988137815349,37.5656452320494
MA0106202405A1081289,아웃토반9,,G2,소매,G206,음료 소매,G20604,우유 소매업,G47221,음료 소매업,47,경상북도,47113,포항시 북구,47113680,우창동,4711311800,우현동,471131180010000,1,대지,,,경상북도 포항시 북구 우현동 ,471133304029,경상북도 포항시 북구 우창동로,107,,4711311800100000000000019,이루스페이스,경상북도 포항시 북구 우창동로 107,791220,37636,,5,,129.368609394862,36.0594434764059
MA0106202309A2047849,퍼미에크뤼,,G2,소매,G206,음료 소매,G20604,우유 소매업,G47221,음료 소매업,11,서울특별시,11170,용산구,11170625,한강로동,1117012400,한강로1가,1117012400102750000,1,대지,275,,서울특별시 용산구 한강로1가 275,111704106441,서울특별시 용산구 한강대로57길,36,,1117012400102750000014365,,서울특별시 용산구 한강대로57길 36,140011,04375,,2,,126.973139872298,37.5353061570386
MA0106202306A0453569,와인마을,,G2,소매,G206,음료 소매,G20604,우유 소매업,G47221,음료 소매업,41,경기도,41135,성남시 분당구,41135580,서현1동,4113510500,서현동,4113510500100890000,1,대지,89,,경기도 성남시 분당구 서현동 89,411354340389,경기도 성남시 분당구 중앙공원로31번길,42,,4113510500100890000008057,서현파크,경기도 성남시 분당구 중앙공원로31번길 42,463821,13588,,1,,127.125492459705,37.3831337232859
MA0106202405A2343027,나이아스와인샵,,G2,소매,G206,음료 소매,G20604,우유 소매업,G47221,음료 소매업,11,서울특별시,11545,금천구,11545510,가산동,1154510100,가산동,1154510100104590007,1,대지,459,7,서울특별시 금천구 가산동 459-7,115453117001,서울특별시 금천구 가산디지털1로,205,27,1154510100104590007015610,,서울특별시 금천구 가산디지털1로 205-27,153803,08503,,15,,126.878829519668,37.4828896934628
MA0106202306A1604536,뱅드따블,,G2,소매,G206,음료 소매,G20604,우유 소매업,G47221,음료 소매업,41,경기도,41310,구리시,41310590,수택3동,4131010700,토평동,4131010700106110031,1,대지,611,31,경기도 구리시 토평동 611-31,413104388084,경기도 구리시 벌말로129번길,21,,4131010700106110031000001,,경기도 구리시 벌말로129번길 21,471033,11947,,,,127.147280231997,37.5881418723576
MA0106202311A1430888,와인공간,,G2,소매,G206,음료 소매,G20604,우유 소매업,G47221,음료 소매업,11,서울특별시,11680,강남구,11680565,청담동,1168010400,청담동,1168010400101340020,1,대지,134,20,서울특별시 강남구 청담동 134-20,116804166770,서울특별시 강남구 학동로101길,26,,1168010400101340020019007,청담삼익상가,서울특별시 강남구 학동로101길 26,135958,06077,,4,,127.05762510496,37.5224468696354
MA0106202311A0354198,에스제이와인,,G2,소매,G206,음료 소매,G20604,우유 소매업,G47221,음료 소매업,11,서울특별시,11440,마포구,11440655,서강동,1144011500,상수동,1144011500103040001,1,대지,304,1,서울특별시 마포구 상수동 304-1,114403113023,서울특별시 마포구 토정로,136,13,1144011500103040001009357,,서울특별시 마포구 토정로 136-13,121829,04081,,8,,126.92582534874,37.5448725551063
MA0106202311A0886767,와인아울렛에꼴뒤뱅,,G2,소매,G206,음료 소매,G20604,우유 소매업,G47221,음료 소매업,30,대전광역시,30230,대덕구,30230543,송촌동,3023010700,송촌동,3023010700102940016,1,대지,294,16,대전광역시 대덕구 송촌동 294-16,302304304286,대전광역시 대덕구 송촌남로56번길,42,,3023010700102940016018082,,대전광역시 대덕구 송촌남로56번길 42,306812,34425,,,,127.442507433777,36.3542863844291
MA0106202311A1290806,나슨,,G2,소매,G206,음료 소매,G20604,우유 소매업,G47221,음료 소매업,41,경기도,41135,성남시 분당구,41135657,백현동,4113511000,백현동,4113511000105400000,1,대지,540,,경기도 성남시 분당구 백현동 540,411353179025,경기도 성남시 분당구 판교역로,136,,4113511000105400000000001,힐스테이트판교역,경기도 성남시 분당구 판교역로 136,463420,13529,,,,127.110454776422,37.39249233109
MA0106202306A1050993,샵티에이치엑스,,G2,소매,G206,음료 소매,G20604,우유 소매업,G47221,음료 소매업,11,서울특별시,11650,서초구,11650510,서초1동,1165010800,서초동,1165010800114340007,1,대지,1434,7,서울특별시 서초구 서초동 1434-7,116504163077,서울특별시 서초구 남부순환로337가길,43,8,1165010800114340007024365,,서울특별시 서초구 남부순환로337가길 43-8,137865,06723,,1,,127.023427268376,37.4843100272258
MA0106202306A2090037,와인202,,G2,소매,G206,음료 소매,G20604,우유 소매업,G47221,음료 소매업,41,경기도,41173,안양시 동안구,41173590,호계2동,4117310400,호계동,4117310400109200006,1,대지,920,6,경기도 안양시 동안구 호계동 920-6,411734349098,경기도 안양시 동안구 귀인로79번길,38,,4117310400109200006004056,,경기도 안양시 동안구 귀인로79번길 38,431837,14077,,1,,126.948092881769,37.3840178565515
MA0106202201A1993060,유어쏨,,G2,소매,G206,음료 소매,G20604,우유 소매업,G47221,음료 소매업,11,서울특별시,11650,서초구,11650510,서초1동,1165010800,서초동,1165010800114290008,1,대지,1429,8,서울특별시 서초구 서초동 1429-8,116504163075,서울특별시 서초구 남부순환로333길,10,,,,서울특별시 서초구 남부순환로333길 10,137864,06725,,,,127.02041939997,37.4831572943461
MA0106202405A2006824,압구정와인마켓방이시장,,G2,소매,G206,음료 소매,G20604,우유 소매업,G47221,음료 소매업,11,서울특별시,11710,송파구,11710562,방이2동,1171011100,방이동,1171011100101410002,1,대지,141,2,서울특별시 송파구 방이동 141-2,117104169200,서울특별시 송파구 백제고분로48길,33,,1171011100101410002016561,,서울특별시 송파구 백제고분로48길 33,138832,05633,,,,127.116679812568,37.5106542124166
MA0106202405A1951392,브리즈컴퍼니,,G2,소매,G206,음료 소매,G20604,우유 소매업,G47221,음료 소매업,41,경기도,41117,수원시 영통구,41117600,광교1동,4111710300,이의동,4111710300112960004,1,대지,1296,4,경기도 수원시 영통구 이의동 1296-4,411174331244,경기도 수원시 영통구 센트럴파크로128번길,60,,4111710300112960004000001,,경기도 수원시 영통구 센트럴파크로128번길 60,443270,16504,,,,127.057316545587,37.2959576522467
MA0106202404A0693755,도도보틀,화정점,G2,소매,G206,음료 소매,G20604,우유 소매업,G47221,음료 소매업,29,광주광역시,29200,광산구,29200626,첨단2동,2920011600,쌍암동,2920011600106940050,1,대지,694,50,광주광역시 광산구 쌍암동 694-50,292004289555,광주광역시 광산구 임방울대로826번길,29,12,2920011600106940050000002,,광주광역시 광산구 임방울대로826번길 29-12,506303,62279,,,,126.84950737924,35.2160103557107
MA0106202311A0563464,바틀750,,G2,소매,G206,음료 소매,G20604,우유 소매업,G47221,음료 소매업,41,경기도,41590,화성시,41590590,동탄5동,4159013100,영천동,4159013100106860001,1,대지,686,1,경기도 화성시 영천동 686-1,415904852413,경기도 화성시 지산1길,21,5,4159013100200270052000003,,경기도 화성시 지산1길 21-5,445130,18466,,,,127.111458101912,37.2078780844719
MA0106202308A2450392,지자케씨와이광주지점,코리아,G2,소매,G206,음료 소매,G20604,우유 소매업,G47221,음료 소매업,41,경기도,41610,광주시,41610560,광남1동,4161011300,목동,4161011300103090001,1,대지,309,1,경기도 광주시 목동 309-1,416104433190,경기도 광주시 목동길13번길,12,,4161011300103090001000001,,경기도 광주시 목동길13번길 12,464020,12770,,,,127.199642391171,37.3829326808228
MA0106202308A1686444,팔레오와인스토리,,G2,소매,G206,음료 소매,G20604,우유 소매업,G47221,음료 소매업,41,경기도,41590,화성시,41590515,새솔동,4159014000,새솔동,4159014000100560001,1,대지,56,1,경기도 화성시 새솔동 56-1,415902348192,경기도 화성시 꽃내음2길,38,,4159014000100000000000172,,경기도 화성시 꽃내음2길 38,,18244,,,,126.814764054895,37.286960378349
MA0106202311A2032597,칸티나,,G2,소매,G206,음료 소매,G20604,우유 소매업,G47221,음료 소매업,11,서울특별시,11680,강남구,11680640,역삼1동,1168010100,역삼동,1168010100106420002,1,대지,642,2,서울특별시 강남구 역삼동 642-2,116804166726,서울특별시 강남구 테헤란로25길,6,13,1168010100106420002026731,,서울특별시 강남구 테헤란로25길 6-13,135910,06132,,,,127.035748287108,37.501381027676
MA0106202307A0768852,이유집,해운대,G2,소매,G206,음료 소매,G20604,우유 소매업,G47221,음료 소매업,26,부산광역시,26350,해운대구,26350552,좌2동,2635010700,좌동,2635010700114770001,1,대지,1477,1,부산광역시 해운대구 좌동 1477-1,263504199126,부산광역시 해운대구 양운로42번길,11,,2635010700114770001000001,,부산광역시 해운대구 양운로42번길 11,612842,48111,,,,129.17737505761,35.1678660625948
MA0106202308A2319599,와이바틀,,G2,소매,G206,음료 소매,G20604,우유 소매업,G47221,음료 소매업,44,충청남도,44270,당진시,44270253,송악읍,4427025321,송악읍,4427025321101550018,1,대지,155,18,충청남도 당진시 송악읍 기지시리 155-18,442703265033,충청남도 당진시 송악읍 반촌로,89,1,4483025621101150018000001,,충청남도 당진시 송악읍 반촌로 89-1,343825,31733,,,,126.693604608039,36.904143890248
MA0106202405A1702532,콜라블,,G2,소매,G206,음료 소매,G20604,우유 소매업,G47221,음료 소매업,11,서울특별시,11740,강동구,11740560,고덕2동,1174010200,고덕동,1174010200103430002,1,대지,343,2,서울특별시 강동구 고덕동 343-2,117403353650,서울특별시 강동구 고덕비즈밸리로,26,,1174010200103430002000001,,서울특별시 강동구 고덕비즈밸리로 26,134803,05203,,,,127.16055767533,37.5653834835391
MA0106202405A2323459,와인익스프레스,,G2,소매,G206,음료 소매,G20604,우유 소매업,G47221,음료 소매업,11,서울특별시,11650,서초구,11650652,양재2동,1165010200,양재동,1165010200103190001,1,대지,319,1,서울특별시 서초구 양재동 319-1,116504163009,서울특별시 서초구 강남대로16길,14,2,1165010200103190001003258,동창빌딩,서울특별시 서초구 강남대로16길 14-2,137896,06779,,,,127.03975807985,37.4706823966622
MA0106202309A0632019,마릴린와인365,교대점,G2,소매,G206,음료 소매,G20604,우유 소매업,G47221,음료 소매업,11,서울특별시,11650,서초구,11650531,서초4동,1165010800,서초동,1165010800116960012,1,대지,1696,12,서울특별시 서초구 서초동 1696-12,116504163417,서울특별시 서초구 서초대로53길,8,,1165010800116960012027624,,서울특별시 서초구 서초대로53길 8,137883,06604,,1,,127.015356571912,37.4951234441423
MA0106202210A1121428,여명상사,,G2,소매,G206,음료 소매,G20604,우유 소매업,G47221,음료 소매업,52,전북특별자치도,52111,전주시 완산구,52111530,풍남동,5211110600,경원동2가,5211110600100260002,1,대지,26,2,전북특별자치도 전주시 완산구 경원동2가 26-2,521114598019,전북특별자치도 전주시 완산구 경기전길,28,,4511110600100260002346098,,전북특별자치도 전주시 완산구 경기전길 28,560022,55039,,,,127.150160018763,35.8181547802882
MA0106202212A2334551,페르노리카,코리아,G2,소매,G206,음료 소매,G20604,우유 소매업,G47221,음료 소매업,11,서울특별시,11110,종로구,11110615,종로1.2.3.4가동,1111012300,서린동,1111012300100330000,1,대지,33,,서울특별시 종로구 서린동 33,111103100021,서울특별시 종로구 청계천로,41,,1111012300100330000015314,,서울특별시 종로구 청계천로 41,110752,03188,,,,126.98218312623,37.5696719346588
MA0106202301A0667741,세계주류,,G2,소매,G206,음료 소매,G20604,우유 소매업,G47221,음료 소매업,51,강원특별자치도,51110,춘천시,51110390,동내면,5111039025,동내면,5111039025100050063,1,대지,5,63,강원특별자치도 춘천시 동내면 학곡리 5-63,511102218001,강원특별자치도 춘천시 동내면 순환대로,630,,4211039025100050063005106,,강원특별자치도 춘천시 동내면 순환대로 630,200882,24408,,,,127.762054383943,37.8397435028653
MA0106202201A0676171,비노앤스피릿,,G2,소매,G206,음료 소매,G20604,우유 소매업,G47221,음료 소매업,41,경기도,41390,시흥시,41390570,목감동,4139012600,목감동,4139012600102020023,1,대지,202,23,경기도 시흥시 목감동 202-23,413903199013,경기도 시흥시 동서로,1106,,4139012600102020023012320,,경기도 시흥시 동서로 1106,429820,14984,,,,126.861300110727,37.3873717991596
MA0106202301A0595385,나라셀라,압구정점,G2,소매,G206,음료 소매,G20604,우유 소매업,G47221,음료 소매업,11,서울특별시,11680,강남구,11680545,압구정동,1168010700,신사동,1168010700105900018,1,대지,590,18,서울특별시 강남구 신사동 590-18,116804166145,서울특별시 강남구 논현로152길,9,,1168010700105900018011357,지,서울특별시 강남구 논현로152길 9,135893,06025,,1,,127.028936474858,37.5211148884648
MA0106202301A0923241,가자세계주류,구리점,G2,소매,G206,음료 소매,G20604,우유 소매업,G47221,음료 소매업,41,경기도,41310,구리시,41310570,수택1동,4131010500,수택동,4131010500105620011,1,대지,562,11,경기도 구리시 수택동 562-11,413104388039,경기도 구리시 경춘로276번길,5,,4131010500105620011002688,,경기도 구리시 경춘로276번길 5,471824,11930,,,,127.145927189458,37.6026224746904
MA0106202202A2218263,옥슨인터네셔널,,G2,소매,G206,음료 소매,G20604,우유 소매업,G47221,음료 소매업,48,경상남도,48250,김해시,48250360,상동면,4825036022,상동면,4825036022104640034,1,대지,464,34,경상남도 김해시 상동면 매리 464-34,482503335035,경상남도 김해시 상동면 상동로,862,23,4825036022104640034039657,,경상남도 김해시 상동면 상동로 862-23,621813,50804,,,,128.959837743796,35.3164994715633
MA0106202209A0853132,달달,,G2,소매,G206,음료 소매,G20604,우유 소매업,G47221,음료 소매업,11,서울특별시,11680,강남구,11680531,논현2동,1168010800,논현동,1168010800100800005,1,대지,80,5,서울특별시 강남구 논현동 80-5,116804166137,서울특별시 강남구 논현로140길,8,,1168010800100800005027232,,서울특별시 강남구 논현로140길 8,135818,06051,,,,127.030190413334,37.5168708495785
MA0106202202A0404748,와인비,,G2,소매,G206,음료 소매,G20604,우유 소매업,G47221,음료 소매업,11,서울특별시,11170,용산구,11170685,한남동,1117013100,한남동,1117013100106270000,1,대지,627,,서울특별시 용산구 한남동 627,111704106031,서울특별시 용산구 대사관로34길,21,,1117013100106270000006475,,서울특별시 용산구 대사관로34길 21,140887,04410,,,,127.006075526972,37.5322546621269
MA0106202210A1399015,한낮의밤,,G2,소매,G206,음료 소매,G20604,우유 소매업,G47221,음료 소매업,11,서울특별시,11200,성동구,11200670,성수2가1동,1120011500,성수동2가,1120011500105660010,1,대지,566,10,서울특별시 성동구 성수동2가 566-10,112004109340,서울특별시 성동구 성덕정길,109,,1120011500105660010006546,,서울특별시 성동구 성덕정길 109,133829,04776,,,,127.055645081623,37.5371882028988
MA0106202211A1766636,굿바틀,,G2,소매,G206,음료 소매,G20604,우유 소매업,G47221,음료 소매업,26,부산광역시,26230,부산진구,26230600,전포1동,2623010200,전포동,2623010200106810011,1,대지,681,11,부산광역시 부산진구 전포동 681-11,262304187667,부산광역시 부산진구 전포대로223번길,15,,2623010200106810002051332,,부산광역시 부산진구 전포대로223번길 15,614866,47293,,,,129.064333660461,35.1563105908964
MA0106202301A1763094,대도실업,,G2,소매,G206,음료 소매,G20604,우유 소매업,G47221,음료 소매업,26,부산광역시,26530,사상구,26530591,모라1동,2653010200,모라동,2653010200106580007,1,대지,658,7,부산광역시 사상구 모라동 658-7,265304217139,부산광역시 사상구 모덕로67번길,138,,,,부산광역시 사상구 모덕로67번길 138,617822,46921,,,,128.985435608047,35.1877830272777
MA0106202301A1483078,성화민속주,,G2,소매,G206,음료 소매,G20604,우유 소매업,G47221,음료 소매업,47,경상북도,47111,포항시 남구,47111253,연일읍,4711125321,연일읍,4711125321101960000,1,대지,196,,경상북도 포항시 남구 연일읍 생지리 196,471114709325,경상북도 포항시 남구 연일읍 연일로159번길,36,3,4711125321101960000051118,,경상북도 포항시 남구 연일읍 연일로159번길 36-3,790883,37846,,,,129.347729329955,35.9960370012889
MA0106202301A1823593,세계주류할인점,,G2,소매,G206,음료 소매,G20604,우유 소매업,G47221,음료 소매업,48,경상남도,48310,거제시,48310580,고현동,4831010900,고현동,4831010900101550001,1,대지,155,1,경상남도 거제시 고현동 155-1,483103337005,경상남도 거제시 거제중앙로,1855,,,,경상남도 거제시 거제중앙로 1855,656931,53256,,,,128.625095863469,34.8840172729163
MA0106202301A0075913,세광주류,,G2,소매,G206,음료 소매,G20604,우유 소매업,G47221,음료 소매업,11,서울특별시,11560,영등포구,11560620,양평2동,1156012900,양평동5가,1156012900101230000,1,대지,123,,서울특별시 영등포구 양평동5가 123,115604154622,서울특별시 영등포구 양평로22바길,10,,1156012900101230000019353,,서울특별시 영등포구 양평로22바길 10,150105,07203,,,,126.894656380819,37.5406952563751
MA0106202211A0138326,광동비타500,,G2,소매,G206,음료 소매,G20604,우유 소매업,G47221,음료 소매업,11,서울특별시,11530,구로구,11530520,구로1동,1153010200,구로동,1153010200106420062,1,대지,642,62,서울특별시 구로구 구로동 642-62,115304148292,서울특별시 구로구 구일로8길,147,,1153010200106420062025226,,서울특별시 구로구 구일로8길 147,152868,08323,,,,126.87736729213,37.4989891793949
MA0106202301A0590175,녹색마을,,G2,소매,G206,음료 소매,G20604,우유 소매업,G47221,음료 소매업,11,서울특별시,11680,강남구,11680565,청담동,1168010400,청담동,1168010400100350001,1,대지,35,1,서울특별시 강남구 청담동 35-1,116804166402,서울특별시 강남구 삼성로135길,41,,1168010400100350001018833,동주빌딩,서울특별시 강남구 삼성로135길 41,135950,06066,,,,127.046107285862,37.5194425780743
MA0106202301A1990089,압구정와인마켓,,G2,소매,G206,음료 소매,G20604,우유 소매업,G47221,음료 소매업,11,서울특별시,11680,강남구,11680510,신사동,1168011000,압구정동,1168011000104260000,1,대지,426,,서울특별시 강남구 압구정동 426,116803122007,서울특별시 강남구 압구정로,151,,,,서울특별시 강남구 압구정로 151,135786,06001,,1,,127.02411907803,37.5260174240713
MA0106202301A0713627,양양합동상사,,G2,소매,G206,음료 소매,G20604,우유 소매업,G47221,음료 소매업,51,강원특별자치도,51830,양양군,51830250,양양읍,5183025035,양양읍,5183025035101780000,1,대지,178,,강원특별자치도 양양군 양양읍 서문리 178,518303235016,강원특별자치도 양양군 양양읍 양양로,120,,4283025035101780000014399,,강원특별자치도 양양군 양양읍 양양로 120,215805,25024,,,,128.61654017675,38.0737210570011
MA0106202207A2265195,더몰트샵,강남점,G2,소매,G206,음료 소매,G20604,우유 소매업,G47221,음료 소매업,11,서울특별시,11680,강남구,11680640,역삼1동,1168010100,역삼동,1168010100106830011,1,대지,683,11,서울특별시 강남구 역삼동 683-11,116803122006,서울특별시 강남구 선릉로,565,,1168010100106830011027060,,서울특별시 강남구 선릉로 565,135916,06145,,,,127.044110225174,37.5089646656123
MA0106202204A2367365,틸에프터,,G2,소매,G206,음료 소매,G20604,우유 소매업,G47221,음료 소매업,11,서울특별시,11440,마포구,11440660,서교동,1144012100,동교동,1144012100101540029,1,대지,154,29,서울특별시 마포구 동교동 154-29,114404139425,서울특별시 마포구 양화로19길,22,30,1144012100101540029011705,,서울특별시 마포구 양화로19길 22-30,121816,03994,,,,126.924724831413,37.5589995070217
MA0106202301A0880104,세계주류,전문점,G2,소매,G206,음료 소매,G20604,우유 소매업,G47221,음료 소매업,43,충청북도,43150,제천시,43150605,화산동,4315010900,화산동,4315010900102010001,1,대지,201,1,충청북도 제천시 화산동 201-1,431502239002,충청북도 제천시 의림대로,46,,4315010900102010001025322,,충청북도 제천시 의림대로 46,390150,27184,,,,128.207751809643,37.13204481728
MA0106202301A1527368,쥬네뜨와인,,G2,소매,G206,음료 소매,G20604,우유 소매업,G47221,음료 소매업,47,경상북도,47210,영주시,47210380,단산면,4721038025,단산면,4721038025102440004,1,대지,244,4,경상북도 영주시 단산면 옥대리 244-4,472103309074,경상북도 영주시 단산면 옥대로,66,4,4721038025102440005003133,,경상북도 영주시 단산면 옥대로 66-4,750832,36008,,,,128.620593681089,36.9534647635019
MA0106202201A0405957,와인비,,G2,소매,G206,음료 소매,G20604,우유 소매업,G47221,음료 소매업,41,경기도,41465,용인시 수지구,41465560,동천동,4146510300,동천동,4146510300109370000,1,대지,937,,경기도 용인시 수지구 동천동 937,414653205003,경기도 용인시 수지구 동천로,137,,4146510300109370000033413,,경기도 용인시 수지구 동천로 137,448120,16822,,,,127.088854290509,37.3372686009101
MA0106202201A1582597,미래F&B,,G2,소매,G206,음료 소매,G20604,우유 소매업,G47221,음료 소매업,41,경기도,41590,화성시,41590600,동탄6동,4159013800,방교동,4159013800107660002,1,대지,766,2,경기도 화성시 방교동 766-2,415904848197,경기도 화성시 동탄기흥로257번가길,4,15,4159042032107660002000001,,경기도 화성시 동탄기흥로257번가길 4-15,,18487,,,,127.090722899683,37.1830357460898
MA0106202201A2243970,와인익스프레스,,G2,소매,G206,음료 소매,G20604,우유 소매업,G47221,음료 소매업,11,서울특별시,11680,강남구,11680545,압구정동,1168010700,신사동,1168010700106350004,1,대지,635,4,서울특별시 강남구 신사동 635-4,116804166597,서울특별시 강남구 언주로168길,5,,,,서울특별시 강남구 언주로168길 5,135896,06017,,,,127.034040754075,37.5266186525163
MA0106202201A2217257,옥슨인터네셔널,,G2,소매,G206,음료 소매,G20604,우유 소매업,G47221,음료 소매업,48,경상남도,48250,김해시,48250250,진영읍,4825025027,진영읍,4825025027107000065,1,대지,700,65,경상남도 김해시 진영읍 여래리 700-65,482503335041,경상남도 김해시 진영읍 여래로,30,3,4825025027107000065002008,,경상남도 김해시 진영읍 여래로 30-3,621806,50865,,,,128.733617548973,35.3036348857704
MA010120220800745049,유진상사,,G2,소매,G206,음료 소매,G20604,우유 소매업,G47992,계약배달 판매업,11,서울특별시,11530,구로구,11530740,개봉1동,1153010700,개봉동,1153010700101090037,1,대지,109,37,서울특별시 구로구 개봉동 109-37,115304148150,서울특별시 구로구 고척로27마길,6,,1153010600102480007000004,수정드림빌,서울특별시 구로구 고척로27마길 6,152804,08243,,1,,126.845993405742,37.5060884032579
MA0106202201A1511929,와인마트,,G2,소매,G206,음료 소매,G20604,우유 소매업,G47221,음료 소매업,11,서울특별시,11710,송파구,11710650,잠실본동,1171010100,잠실동,1171010100102280008,1,대지,228,8,서울특별시 송파구 잠실동 228-8,117103123006,서울특별시 송파구 백제고분로,135,,1171010100102280008001381,,서울특별시 송파구 백제고분로 135,138863,05569,,,,127.082019492294,37.5063134923992
MA0106202201A0236721,Viticole,,G2,소매,G206,음료 소매,G20604,우유 소매업,G47221,음료 소매업,41,경기도,41430,의왕시,41430510,고천동,4143010400,왕곡동,4143010400101740001,1,대지,174,1,경기도 의왕시 왕곡동 174-1,414304403157,경기도 의왕시 왕림길,67,,4143010400101740001000001,,경기도 의왕시 왕림길 67,437800,16066,,,,126.99054256595,37.3453027379808
MA0106202303A0875415,바흐브Barbe,,G2,소매,G206,음료 소매,G20604,우유 소매업,G47221,음료 소매업,30,대전광역시,30170,서구,30170593,도안동,3017011500,도안동,3017011500113950000,1,대지,1395,,대전광역시 서구 도안동 1395,301704709105,대전광역시 서구 도안중로311번길,64,,3017011500113950000000001,,대전광역시 서구 도안중로311번길 64,302318,35353,,,,127.350109705064,36.3155628071138
MA0106202303A0648296,와인비엠,,G2,소매,G206,음료 소매,G20604,우유 소매업,G47221,음료 소매업,11,서울특별시,11215,광진구,11215780,능동,1121510200,능동,1121510200102820006,1,대지,282,6,서울특별시 광진구 능동 282-6,112153104007,서울특별시 광진구 능동로,276,,1121510200102820006006484,한성빌딩,서울특별시 광진구 능동로 276,143847,04989,,,,127.078314911728,37.5544474938695
MA0106202303A0509197,비노파라다이스지점,,G2,소매,G206,음료 소매,G20604,우유 소매업,G47221,음료 소매업,11,서울특별시,11140,중구,11140590,광희동,1114014700,쌍림동,1114014700100220001,1,대지,22,1,서울특별시 중구 쌍림동 22-1,111403101011,서울특별시 중구 퇴계로,299,,1114014700100220001014767,파라다이스빌딩,서울특별시 중구 퇴계로 299,100400,04560,,4,,127.004663283618,37.5641320622606
MA0106202201A2345114,틸애프터연남,,G2,소매,G206,음료 소매,G20604,우유 소매업,G47221,음료 소매업,11,서울특별시,11440,마포구,11440660,서교동,1144012100,동교동,1144012100101540029,1,대지,154,29,서울특별시 마포구 동교동 154-29,114404139425,서울특별시 마포구 양화로19길,22,30,,,서울특별시 마포구 양화로19길 22-30,121816,03994,,,,126.924724831413,37.5589995070217
MA010120220800985143,덴마크우유동작/관악,대리점,G2,소매,G206,음료 소매,G20604,우유 소매업,G47992,계약배달 판매업,11,서울특별시,11590,동작구,11590650,사당4동,1159010700,사당동,1159010700111500000,1,대지,1150,,서울특별시 동작구 사당동 1150,115904157031,서울특별시 동작구 남부순환로255길,21,,1159010700111500000000003,삼익그린뷰아파트,서울특별시 동작구 남부순환로255길 21,156094,07021,,1,,126.96888711976,37.4773794939542
MA0106202301A2346366,와인앤글라스,데일리,G2,소매,G206,음료 소매,G20604,우유 소매업,G47221,음료 소매업,48,경상남도,48129,창원시 진해구,48129630,웅천동,4812915000,남문동,4812915000112340005,1,대지,1234,5,경상남도 창원시 진해구 남문동 1234-5,481293331004,경상남도 창원시 진해구 남영로,41,,,,경상남도 창원시 진해구 남영로 41,645370,51617,,,,128.750347858139,35.1061007765386
MA0106202303A0055209,나라셀라,여의도점,G2,소매,G206,음료 소매,G20604,우유 소매업,G47221,음료 소매업,11,서울특별시,11560,영등포구,11560540,여의동,1156011000,여의도동,1156011000100440005,1,대지,44,5,서울특별시 영등포구 여의도동 44-5,115604154688,서울특별시 영등포구 여의대방로69길,19,,1156011000100440005031608,,서울특별시 영등포구 여의대방로69길 19,150890,07333,,1,,126.930419456602,37.5206023860499
MA0106202304A0477173,피아자델라보나세라,,G2,소매,G206,음료 소매,G20604,우유 소매업,G47221,음료 소매업,11,서울특별시,11680,강남구,11680545,압구정동,1168010700,신사동,1168010700106500001,1,대지,650,1,서울특별시 강남구 신사동 650-1,116804166277,서울특별시 강남구 도산대로45길,18,2,1168010700106500001010537,,서울특별시 강남구 도산대로45길 18-2,135896,06021,,1,,127.035679711106,37.5236268413201
MA010120220801044099,강남상하목장DS,대리점,G2,소매,G206,음료 소매,G20604,우유 소매업,G47992,계약배달 판매업,11,서울특별시,11590,동작구,11590650,사당4동,1159010700,사당동,1159010700111500000,1,대지,1150,,서울특별시 동작구 사당동 1150,115904157031,서울특별시 동작구 남부순환로255길,21,,1159010700111500000000003,삼익그린뷰아파트,서울특별시 동작구 남부순환로255길 21,156094,07021,,1,,126.96888711976,37.4773794939542
MA0101202410A0057563,건국우유목동외판원,,G2,소매,G206,음료 소매,G20604,우유 소매업,G47221,음료 소매업,11,서울특별시,11470,양천구,11470630,신정2동,1147010100,신정동,1147010100101440021,1,대지,144,21,서울특별시 양천구 신정동 144-21,114704142096,서울특별시 양천구 목동동로10길,16,15,1147010100101440021006152,,서울특별시 양천구 목동동로10길 16-15,158849,08014,,,,126.872053000679,37.5183731538247
MA0101202410A0090192,연세우유,,G2,소매,G206,음료 소매,G20604,우유 소매업,G47221,음료 소매업,41,경기도,41210,광명시,41210650,소하2동,4121010400,소하동,4121010400103240027,1,대지,324,27,경기도 광명시 소하동 324-27,412103000022,경기도 광명시 오리로,421,,4121010400103240027013762,,경기도 광명시 오리로 421,423823,14332,,,,126.878424197939,37.4399470694228
MA0101202410A0113154,중계종합우유,,G2,소매,G206,음료 소매,G20604,우유 소매업,G47221,음료 소매업,41,경기도,41150,의정부시,41150615,흥선동,4115011000,가능동,4115011000107180021,1,대지,718,21,경기도 의정부시 가능동 718-21,411504343507,경기도 의정부시 흥선로41번길,4,,4115011000107180021006143,,경기도 의정부시 흥선로41번길 4,480812,11661,,,,127.032438554187,37.7448827961288
MA0101202410A0106506,종합우유,,G2,소매,G206,음료 소매,G20604,우유 소매업,G47221,음료 소매업,41,경기도,41450,하남시,41450520,신장1동,4145010600,신장동,4145010600104110034,1,대지,411,34,경기도 하남시 신장동 411-34,414504406161,경기도 하남시 신장1로33번길,41,,4145010600104110034004172,,경기도 하남시 신장1로33번길 41,465811,12958,,,,127.208580551136,37.5399813955893
MA0101202410A0274752,건국우유외판,,G2,소매,G206,음료 소매,G20604,우유 소매업,G47221,음료 소매업,11,서울특별시,11215,광진구,11215760,중곡3동,1121510100,중곡동,1121510100101910044,1,대지,191,44,서울특별시 광진구 중곡동 191-44,112154112231,서울특별시 광진구 동일로74길,43,,1121510100101910044003634,,서울특별시 광진구 동일로74길 43,143901,04906,,,,127.08046683105,37.5665103920299
MA0101202410A0278917,우유사랑,,G2,소매,G206,음료 소매,G20604,우유 소매업,G47221,음료 소매업,11,서울특별시,11290,성북구,11290575,동선동,1129010900,동소문동6가,1129010900101950002,1,대지,195,2,서울특별시 성북구 동소문동6가 195-2,112904121088,서울특별시 성북구 동소문로13나길,61,,1129010900101950002043923,,서울특별시 성북구 동소문로13나길 61,136036,02830,,,,127.015218381164,37.5941883336694
MA010120220801130910,에치와이,인하점,G2,소매,G206,음료 소매,G20604,우유 소매업,G47992,계약배달 판매업,28,인천광역시,28177,미추홀구,28177570,용현5동,2817710200,용현동,2817710200105770089,1,대지,577,89,인천광역시 미추홀구 용현동 577-89,281774253711,인천광역시 미추홀구 토금북로57번길,19,,2817010200105770089139336,,인천광역시 미추홀구 토금북로57번길 19,402025,22187,,,,126.640652983705,37.4538975230397
MA010120220801126809,에치와이,용현점,G2,소매,G206,음료 소매,G20604,우유 소매업,G47992,계약배달 판매업,28,인천광역시,28177,미추홀구,28177560,용현3동,2817710200,용현동,2817710200104910045,1,대지,491,45,인천광역시 미추홀구 용현동 491-45,281774253190,인천광역시 미추홀구 독정이로9번길,29,,2817010200104910045145262,,인천광역시 미추홀구 독정이로9번길 29,402831,22179,,1,,126.653161486738,37.4569442635211
MA010120220801148441,남양유업대전중부가정,대리점,G2,소매,G206,음료 소매,G20604,우유 소매업,G47992,계약배달 판매업,30,대전광역시,30140,중구,30140740,산성동,3014011700,산성동,3014011700101350001,1,대지,135,1,대전광역시 중구 산성동 135-1,301404295326,대전광역시 중구 문화로45번길,32,,3014011700101350001005575,,대전광역시 중구 문화로45번길 32,301817,34981,,1,,127.390569226608,36.3120219908516
MA010120220801166386,연세우유서광주,대리점,G2,소매,G206,음료 소매,G20604,우유 소매업,G47992,계약배달 판매업,29,광주광역시,29155,남구,29155700,주월2동,2915510600,주월동,2915510600101060010,1,대지,106,10,광주광역시 남구 주월동 106-10,291554283343,광주광역시 남구 봉주길,20,2,2915510600101060010010847,,광주광역시 남구 봉주길 20-2,503833,61603,,,,126.892029776961,35.136583127158
MA010120220801185146,남양유업계양남부가정,대리점,G2,소매,G206,음료 소매,G20604,우유 소매업,G47992,계약배달 판매업,28,인천광역시,28245,계양구,28245640,작전서운동,2824510300,작전동,2824510300106930032,1,대지,693,32,인천광역시 계양구 작전동 693-32,282454265112,인천광역시 계양구 까치말로15번길,9,,2824510300106930032156435,,인천광역시 계양구 까치말로15번길 9,407821,21127,,,,126.734924887924,37.5268847067193
MA010120220801169433,건국우유가좌보급소,,G2,소매,G206,음료 소매,G20604,우유 소매업,G47992,계약배달 판매업,28,인천광역시,28237,부평구,28237680,십정1동,2823710200,십정동,2823710200101870020,1,대지,187,20,인천광역시 부평구 십정동 187-20,282373154032,인천광역시 부평구 상정로,17,,2823710200101870020003415,,인천광역시 부평구 상정로 17,403843,21441,,,,126.701294044148,37.480799255997
MA010120220801189943,파스퇴르유업계양서구,대리점,G2,소매,G206,음료 소매,G20604,우유 소매업,G47992,계약배달 판매업,28,인천광역시,28245,계양구,28245612,계산2동,2824510200,계산동,2824510200109280023,1,대지,928,23,인천광역시 계양구 계산동 928-23,282454265025,인천광역시 계양구 경명대로1079번길,9,3,2824510200109280023024998,,인천광역시 계양구 경명대로1079번길 9-3,407805,21040,,1,,126.726795562101,37.5442013831095
MA010120220801220265,신부평,대리점,G2,소매,G206,음료 소매,G20604,우유 소매업,G47992,계약배달 판매업,28,인천광역시,28237,부평구,28237550,부평5동,2823710100,부평동,2823710100101450034,1,대지,145,34,인천광역시 부평구 부평동 145-34,282374262646,인천광역시 부평구 장제로184번길,59,,2823710100101450034107208,,인천광역시 부평구 장제로184번길 59,403817,21352,,1,,126.734301116386,37.5017994259563
MA010120220801226924,에치와이,상동점,G2,소매,G206,음료 소매,G20604,우유 소매업,G47992,계약배달 판매업,28,인천광역시,28237,부평구,28237646,삼산1동,2823710500,삼산동,2823710500101670010,1,대지,167,10,인천광역시 부평구 삼산동 167-10,282374262153,인천광역시 부평구 대보로12번길,17,36,2823710500101670010101770,,인천광역시 부평구 대보로12번길 17-36,403862,21321,,1,,126.74100494912,37.5188973145931
MA010120220801219134,남양유업계양가정,대리점,G2,소매,G206,음료 소매,G20604,우유 소매업,G47992,계약배달 판매업,28,인천광역시,28245,계양구,28245611,계산1동,2824510200,계산동,2824510200109800002,1,대지,980,2,인천광역시 계양구 계산동 980-2,282453155001,인천광역시 계양구 계산로,34,,2824510200109800002174391,,인천광역시 계양구 계산로 34,407808,21043,,,,126.71840146286,37.540640746298
MA010120220801239055,우유 소매업,,G2,소매,G206,음료 소매,G20604,우유 소매업,G47221,음료 소매업,28,인천광역시,28245,계양구,28245611,계산1동,2824510200,계산동,2824510200109510024,1,대지,951,24,인천광역시 계양구 계산동 951-24,282454265447,인천광역시 계양구 주부토로529번길,10,11,2824510200109510024078106,,인천광역시 계양구 주부토로529번길 10-11,407806,21050,,,,126.727074885719,37.5420756764218
MA010120220802957689,남양유업제주동남,대리점,G2,소매,G206,음료 소매,G20604,우유 소매업,G47221,음료 소매업,50,제주특별자치도,50130,서귀포시,50130259,성산읍,5013025927,성산읍,5013025927110360006,1,대지,1036,6,제주특별자치도 서귀포시 성산읍 신산리 1036-6,501303349235,제주특별자치도 서귀포시 성산읍 일주동로,5105,,5013025927110360006000001,,제주특별자치도 서귀포시 성산읍 일주동로 5105,699907,63634,,,,126.876646331575,33.3809935603662
MA010120220802989925,안성파스퇴르,,G2,소매,G206,음료 소매,G20604,우유 소매업,G47992,계약배달 판매업,41,경기도,41550,안성시,41550530,안성3동,4155012800,신건지동,4155012800101510001,1,대지,151,1,경기도 안성시 신건지동 151-1,415504424035,경기도 안성시 개내교5길,6,6,4155012800101510001019625,,경기도 안성시 개내교5길 6-6,456370,17573,,1,,127.251370021801,37.0132594307981
MA010120220803002621,종곤상사,,G2,소매,G206,음료 소매,G20604,우유 소매업,G47221,음료 소매업,27,대구광역시,27170,서구,27170650,평리4동,2717010300,평리동,2717010300113150021,1,대지,1315,21,대구광역시 서구 평리동 1315-21,271704229038,대구광역시 서구 국채보상로48길,57,,2717010300113150021021269,,대구광역시 서구 국채보상로48길 57,703847,41830,,,,128.558751914638,35.8658243496595
MA010120220803002938,삼립식품.샤니화성조암,대리점,G2,소매,G206,음료 소매,G20604,우유 소매업,G47221,음료 소매업,41,경기도,41590,화성시,41590370,장안면,4159037022,장안면,4159037022101380018,1,대지,138,18,경기도 화성시 장안면 석포리 138-18,415903210138,경기도 화성시 장안면 버들로,1077,,4159037022101380018000001,,경기도 화성시 장안면 버들로 1077,445941,18574,,,,126.832122898248,37.1226076915648
MA010120220803030352,매일유업성서상하목장DS,대리점,G2,소매,G206,음료 소매,G20604,우유 소매업,G47992,계약배달 판매업,27,대구광역시,27290,달서구,27290577,이곡2동,2729010800,이곡동,2729010800113100003,1,대지,1310,3,대구광역시 달서구 이곡동 1310-3,272904241237,대구광역시 달서구 선원로23남길,15,,2729010800113100003002571,,대구광역시 달서구 선원로23남길 15,704941,42604,,1,,128.504394994642,35.8594614105788
MA010120220804648906,파스퇴르남원주가정,대리점,G2,소매,G206,음료 소매,G20604,우유 소매업,G47221,음료 소매업,51,강원특별자치도,51130,원주시,51130550,단구동,5113010700,단구동,5113010700115810001,1,대지,1581,1,강원특별자치도 원주시 단구동 1581-1,511304457065,강원특별자치도 원주시 구곡길,57,11,4213010700115810001000759,,강원특별자치도 원주시 구곡길 57-11,220944,26486,,1,,127.948653350036,37.3236506931457
MA010120220804646846,건국우유평창보급소,,G2,소매,G206,음료 소매,G20604,우유 소매업,G47992,계약배달 판매업,51,강원특별자치도,51760,평창군,51760330,대화면,5176033021,대화면,5176033021109600004,1,대지,960,4,강원특별자치도 평창군 대화면 대화리 960-4,517603228008,강원특별자치도 평창군 대화면 대화중앙로,87,,4276033021109600004007086,,강원특별자치도 평창군 대화면 대화중앙로 87,232912,25359,,1,,128.455993625643,37.4968006507438
MA010120220804636210,원주상하목장,대리점,G2,소매,G206,음료 소매,G20604,우유 소매업,G47992,계약배달 판매업,51,강원특별자치도,51130,원주시,51130550,단구동,5113010700,단구동,5113010700115810001,1,대지,1581,1,강원특별자치도 원주시 단구동 1581-1,511304457065,강원특별자치도 원주시 구곡길,57,11,4213010700115810001000759,,강원특별자치도 원주시 구곡길 57-11,220944,26486,,,,127.948653350036,37.3236506931457
MA010120220804642810,연세우유남원주,대리점,G2,소매,G206,음료 소매,G20604,우유 소매업,G47992,계약배달 판매업,51,강원특별자치도,51130,원주시,51130590,단계동,5113011000,단계동,5113011000110780012,1,대지,1078,12,강원특별자치도 원주시 단계동 1078-12,511304457198,강원특별자치도 원주시 모래내길,1,6,4213011000110780012022622,,강원특별자치도 원주시 모래내길 1-6,220939,26411,,,,127.934860835615,37.3541331431061
MA010120220804630648,남양우유원주홈서비스,,G2,소매,G206,음료 소매,G20604,우유 소매업,G47992,계약배달 판매업,51,강원특별자치도,51130,원주시,51130550,단구동,5113010700,단구동,5113010700101460062,1,대지,146,62,강원특별자치도 원주시 단구동 146-62,511304457592,강원특별자치도 원주시 치악로1604번길,5,,4213010700101460062000001,,강원특별자치도 원주시 치악로1604번길 5,220940,26451,,,,127.961505304958,37.3264391560024
MA010120220804677235,연세우유영월,대리점,G2,소매,G206,음료 소매,G20604,우유 소매업,G47992,계약배달 판매업,51,강원특별자치도,51750,영월군,51750250,영월읍,5175025021,영월읍,5175025021110960015,1,대지,1096,15,강원특별자치도 영월군 영월읍 영흥리 1096-15,517503227006,강원특별자치도 영월군 영월읍 단종로,179,,4275025021110960015016169,,강원특별자치도 영월군 영월읍 단종로 179,230805,26225,,,,128.456065258992,37.1949177430537
MA010120220804651923,원주우유,대리점,G2,소매,G206,음료 소매,G20604,우유 소매업,G47992,계약배달 판매업,51,강원특별자치도,51130,원주시,51130250,문막읍,5113025026,문막읍,5113025026117190003,1,대지,1719,3,강원특별자치도 원주시 문막읍 건등리 1719-3,511303219005,강원특별자치도 원주시 문막읍 건등로,3,42,4213025026117190003026237,,강원특별자치도 원주시 문막읍 건등로 3-42,220801,26370,,1,,127.817082452933,37.3133428072182
MA010120220804650733,매일우유원주가정,대리점,G2,소매,G206,음료 소매,G20604,우유 소매업,G47992,계약배달 판매업,51,강원특별자치도,51130,원주시,51130660,무실동,5113011000,단계동,5113011000109350001,1,대지,935,1,강원특별자치도 원주시 단계동 935-1,511304457504,강원특별자치도 원주시 이화3길,2,41,4213011000109350001023922,,강원특별자치도 원주시 이화3길 2-41,220939,26476,,,,127.934149809093,37.3386506107493
MA010120220804698885,빙그레대리점주,문지점,G2,소매,G206,음료 소매,G20604,우유 소매업,G47221,음료 소매업,51,강원특별자치도,51150,강릉시,51150370,연곡면,5115037022,연곡면,5115037022103540001,1,대지,354,1,강원특별자치도 강릉시 연곡면 영진리 354-1,511504460675,강원특별자치도 강릉시 연곡면 영진길,6,,4215037022003540001053200,,강원특별자치도 강릉시 연곡면 영진길 6,210861,25429,,,,128.836819727655,37.8707630890461
MA010120220804719299,우유강릉,대리점,G2,소매,G206,음료 소매,G20604,우유 소매업,G47992,계약배달 판매업,51,강원특별자치도,51150,강릉시,51150580,초당동,5115011200,초당동,5115011200101300012,1,대지,130,12,강원특별자치도 강릉시 초당동 130-12,511504460953,강원특별자치도 강릉시 초당원길,1,,4215011200101300012000001,,강원특별자치도 강릉시 초당원길 1,210120,25469,,,,128.918034114444,37.7824744713939
MA010120220806042854,매일청주흥덕상하목장,대리점,G2,소매,G206,음료 소매,G20604,우유 소매업,G47992,계약배달 판매업,43,충청북도,43113,청주시 흥덕구,43113756,봉명2.송정동,4311311500,봉명동,4311311500120140000,1,대지,2014,,충청북도 청주시 흥덕구 봉명동 2014,431134511428,충청북도 청주시 흥덕구 봉정로56번길,41,,4311311500120140000014948,,충청북도 청주시 흥덕구 봉정로56번길 41,361820,28448,,1,,127.458353181301,36.6483889092477
MA010120220806052651,남양유업천안가정,대리점,G2,소매,G206,음료 소매,G20604,우유 소매업,G47992,계약배달 판매업,44,충청남도,44133,천안시 서북구,44133530,쌍용1동,4413310700,쌍용동,4413310700109080000,1,대지,908,,충청남도 천안시 서북구 쌍용동 908,441334550189,충청남도 천안시 서북구 미라1길,47,,4413310700109080000055741,,충청남도 천안시 서북구 미라1길 47,331949,31155,,,,127.128792380585,36.8065822579835
MA010120220806081791,덴마크우유아산,대리점,G2,소매,G206,음료 소매,G20604,우유 소매업,G47221,음료 소매업,44,충청남도,44200,아산시,44200253,배방읍,4420025325,배방읍,4420025325112600000,1,대지,1260,,충청남도 아산시 배방읍 북수리 1260,442004559192,충청남도 아산시 배방읍 배방로229번길,5,8,4420025325112600000004230,다우리치상가,충청남도 아산시 배방읍 배방로229번길 5-8,336851,31492,,1,,127.070566430486,36.7712803460248
MA010120220806094264,자연푸드,,G2,소매,G206,음료 소매,G20604,우유 소매업,G47992,계약배달 판매업,44,충청남도,44200,아산시,44200253,배방읍,4420025328,배방읍,4420025328101390003,1,대지,139,3,충청남도 아산시 배방읍 갈매리 139-3,442004559013,충청남도 아산시 배방읍 갈매길,53,,4420025328101390003000201,,충청남도 아산시 배방읍 갈매길 53,336851,31497,,,,127.085108983969,36.7644313504908
MA010120220806152205,연세우유대천,대리점,G2,소매,G206,음료 소매,G20604,우유 소매업,G47992,계약배달 판매업,44,충청남도,44180,보령시,44180535,대천3동,4418010400,동대동,4418010400110110000,1,대지,1011,,충청남도 보령시 동대동 1011,441803252025,충청남도 보령시 신평로,17,1,4418010400110110000019974,,충청남도 보령시 신평로 17-1,355936,33436,,,,126.606551549274,36.3531693131991
MA010120220806194897,연세우유대덕북부유성,대리점,G2,소매,G206,음료 소매,G20604,우유 소매업,G47992,계약배달 판매업,30,대전광역시,30200,유성구,30200580,구즉동,3020014500,봉산동,3020014500101970006,1,대지,197,6,대전광역시 유성구 봉산동 197-6,302004301187,대전광역시 유성구 봉산로40번길,7,5,3020014500101970006000680,,대전광역시 유성구 봉산로40번길 7-5,305506,34007,,,,127.386433838892,36.4373072268649
MA010120220807522394,남양운암가정,,G2,소매,G206,음료 소매,G20604,우유 소매업,G47992,계약배달 판매업,29,광주광역시,29170,북구,29170602,운암2동,2917010900,운암동,2917010900104790034,1,대지,479,34,광주광역시 북구 운암동 479-34,291703162004,광주광역시 북구 금호로,105,1,2917010900104790034017526,,광주광역시 북구 금호로 105-1,500855,61117,,,,126.88405127634,35.1762716307909
MA010120220807593345,남양우유서광주가정,대리점,G2,소매,G206,음료 소매,G20604,우유 소매업,G47992,계약배달 판매업,29,광주광역시,29155,남구,29155670,백운1동,2915510500,백운동,2915510500105870001,1,대지,587,1,광주광역시 남구 백운동 587-1,291554283271,광주광역시 남구 백운로34번길,8,,2915510500105870001006248,,광주광역시 남구 백운로34번길 8,503807,61644,,1,,126.908597783577,35.1371105321491
MA010120220807627702,남양유업금당가정,대리점,G2,소매,G206,음료 소매,G20604,우유 소매업,G47992,계약배달 판매업,29,광주광역시,29140,서구,29140830,풍암동,2914012800,풍암동,2914012800109620013,1,대지,962,13,광주광역시 서구 풍암동 962-13,291404280438,광주광역시 서구 풍금로24번길,14,,2914012800109620013025349,,광주광역시 서구 풍금로24번길 14,502832,62051,,,,126.866168825442,35.1223067731236
MA010120220807639368,서울우유금호고객센터,,G2,소매,G206,음료 소매,G20604,우유 소매업,G47992,계약배달 판매업,29,광주광역시,29140,서구,29140824,금호2동,2914013000,금호동,2914013000109160005,1,대지,916,5,광주광역시 서구 금호동 916-5,291404280476,광주광역시 서구 화개1로1번길,6,2,2914013000109160005026052,,광주광역시 서구 화개1로1번길 6-2,502858,62011,,1,,126.853844162742,35.1248884671787
MA010120220807618907,남양우유신가가정,대리점,G2,소매,G206,음료 소매,G20604,우유 소매업,G47992,계약배달 판매업,29,광주광역시,29200,광산구,29200630,신가동,2920011900,신가동,2920011900110080008,1,대지,1008,8,광주광역시 광산구 신가동 1008-8,292004289114,광주광역시 광산구 목련로394번길,60,14,2920011900110080008042186,,광주광역시 광산구 목련로394번길 60-14,506901,62300,,,,126.835294910802,35.1834440178999
MA010120220807609954,빙그레신세계,대리점,G2,소매,G206,음료 소매,G20604,우유 소매업,G47992,계약배달 판매업,29,광주광역시,29200,광산구,29200600,월곡1동,2920012800,월곡동,2920012800105640004,1,대지,564,4,광주광역시 광산구 월곡동 564-4,292004289100,광주광역시 광산구 목련로142번길,22,,2920012800105640004000773,,광주광역시 광산구 목련로142번길 22,506827,62351,,,,126.813914218319,35.1711185676033
MA010120220807640395,연세우유영광,대리점,G2,소매,G206,음료 소매,G20604,우유 소매업,G47992,계약배달 판매업,46,전라남도,46870,영광군,46870250,영광읍,4687025039,영광읍,4687025039103240003,1,대지,324,3,전라남도 영광군 영광읍 신하리 324-3,468703298049,전라남도 영광군 영광읍 신남로,100,48,4687025039108080000020689,,전라남도 영광군 영광읍 신남로 100-48,513805,57039,,,,126.494728538464,35.2743934510033
MA010120220807646766,일동후디스서광주,대리점,G2,소매,G206,음료 소매,G20604,우유 소매업,G47221,음료 소매업,29,광주광역시,29155,남구,29155630,월산4동,2915510400,월산동,2915510400109300009,1,대지,930,9,광주광역시 남구 월산동 930-9,291554009015,광주광역시 남구 화정로280번길,25,,2915510400109300009027337,엘리시아,광주광역시 남구 화정로280번길 25,503829,61610,,1,,126.888658057449,35.1469457368018
MA010120220807688495,서울우유목포,대리점,G2,소매,G206,음료 소매,G20604,우유 소매업,G47992,계약배달 판매업,46,전라남도,46110,목포시,46110535,연동,4611010200,산정동,4611010200110800083,1,대지,1080,83,전라남도 목포시 산정동 1080-83,461104643316,전라남도 목포시 산정로64번길,18,2,4611010200110800083015078,산정동,전라남도 목포시 산정로64번길 18-2,530811,58732,,,,126.395182962744,34.7940250455496
MA010120220809082486,중랑DS,대리점,G2,소매,G206,음료 소매,G20604,우유 소매업,G47992,계약배달 판매업,11,서울특별시,11260,중랑구,11260565,면목본동,1126010100,면목동,1126010100104080022,1,대지,408,22,서울특별시 중랑구 면목동 408-22,112604118235,서울특별시 중랑구 면목로58길,38,,1126010100104080022021576,,서울특별시 중랑구 면목로58길 38,131814,02209,,1,,127.090517096324,37.5843788410772
MA010120220809109576,남양유업경주북부가정,대리점,G2,소매,G206,음료 소매,G20604,우유 소매업,G47221,음료 소매업,47,경상북도,47130,경주시,47130590,선도동,4713011400,충효동,4713011400101400001,1,대지,140,1,경상북도 경주시 충효동 140-1,471303305061,경상북도 경주시 태종로,556,6,4713011400101400001012170,,경상북도 경주시 태종로 556-6,780971,38064,,,,129.189491063993,35.8395380830934
MA010120220809125369,남양유업안강,대리점,G2,소매,G206,음료 소매,G20604,우유 소매업,G47221,음료 소매업,47,경상북도,47130,경주시,47130253,안강읍,4713025328,안강읍,4713025328100370006,1,대지,37,6,경상북도 경주시 안강읍 옥산리 37-6,471304715870,경상북도 경주시 안강읍 옥산서원길,172,35,4713025328100380005134116,,경상북도 경주시 안강읍 옥산서원길 172-35,780805,38000,,,,129.168270515086,36.0080214957545
MA010120220809130077,비락우유영천,대리점,G2,소매,G206,음료 소매,G20604,우유 소매업,G47221,음료 소매업,47,경상북도,47230,영천시,47230510,동부동,4723010300,야사동,4723010300103350081,1,대지,335,81,경상북도 영천시 야사동 335-81,472304730300,경상북도 영천시 상록1길,18,,4723010300102980001006116,,경상북도 영천시 상록1길 18,770904,38858,,,,128.941853323199,35.9733635210543
MA010120220809122129,매일우유안강D.S,대리점,G2,소매,G206,음료 소매,G20604,우유 소매업,G47992,계약배달 판매업,47,경상북도,47130,경주시,47130253,안강읍,4713025333,안강읍,4713025333104420006,1,대지,442,6,경상북도 경주시 안강읍 안강리 442-6,471303305030,경상북도 경주시 안강읍 비화원로,21,,4713025333104420006128220,,경상북도 경주시 안강읍 비화원로 21,780807,38024,,,,129.230123215835,35.989749479543
MA010120220810613782,남양우유진해가정,대리점,G2,소매,G206,음료 소매,G20604,우유 소매업,G47992,계약배달 판매업,48,경상남도,48129,창원시 진해구,48129590,이동,4812914100,이동,4812914100106400005,1,대지,640,5,경상남도 창원시 진해구 이동 640-5,481294793377,경상남도 창원시 진해구 이동로2번길,24,6,4812914100106400005018662,,경상남도 창원시 진해구 이동로2번길 24-6,645808,51655,,,,128.691761877143,35.1489931474812
MA010120220810595029,연세우유,,G2,소매,G206,음료 소매,G20604,우유 소매업,G47221,음료 소매업,27,대구광역시,27290,달서구,27290563,죽전동,2729011200,죽전동,2729011200103760005,1,대지,376,5,대구광역시 달서구 죽전동 376-5,272904241433,대구광역시 달서구 와룡로49길,24,4,2729011200103760005017471,,대구광역시 달서구 와룡로49길 24-4,704932,42631,,,,128.5359162098,35.8545387208734
MA010120220810656680,명품우유,,G2,소매,G206,음료 소매,G20604,우유 소매업,G47221,음료 소매업,26,부산광역시,26320,북구,26320543,화명3동,2632010200,화명동,2632010200122970003,1,대지,2297,3,부산광역시 북구 화명동 2297-3,263204196337,부산광역시 북구 용당로15번길,15,,2632010200122970004006349,,부산광역시 북구 용당로15번길 15,616852,46527,,,,129.008641553218,35.2310166203245
MA010120220812197389,에치와이,간석점,G2,소매,G206,음료 소매,G20604,우유 소매업,G47992,계약배달 판매업,28,인천광역시,28200,남동구,28200540,간석2동,2820010200,간석동,2820010200101740022,1,대지,174,22,인천광역시 남동구 간석동 174-22,282004259398,인천광역시 남동구 백범로359번길,11,,2820010200101740022024167,,인천광역시 남동구 백범로359번길 11,405803,21544,,,,126.710331731431,37.4650721522658
MA010120220812171026,남양유업신풍,대리점,G2,소매,G206,음료 소매,G20604,우유 소매업,G47221,음료 소매업,29,광주광역시,29170,북구,29170555,중앙동,2917010200,유동,2917010200101150016,1,대지,115,16,광주광역시 북구 유동 115-16,291703009028,광주광역시 북구 중가로,37,,2917010200101150016047224,,광주광역시 북구 중가로 37,500862,61245,,,,126.904335585803,35.1599747691972
MA0101202305A0201826,주원종합,,G2,소매,G206,음료 소매,G20604,우유 소매업,G47221,음료 소매업,41,경기도,41285,고양시 일산동구,41285600,고봉동,4128511300,성석동,4128511300110070000,1,대지,1007,,경기도 고양시 일산동구 성석동 1007,412854379027,경기도 고양시 일산동구 고봉로658번길,133,,4128511300110070000010968,,경기도 고양시 일산동구 고봉로658번길 133,410570,10251,,,,126.793752150262,37.7115150900577
MA0101202305A0146077,서울우유경인아이,,G2,소매,G206,음료 소매,G20604,우유 소매업,G47221,음료 소매업,28,인천광역시,28260,서구,28260530,연희동,2826010700,심곡동,2826010700103410010,1,대지,341,10,인천광역시 서구 심곡동 341-10,282604268471,인천광역시 서구 심곡로24번길,10,,2826010700103410010012984,,인천광역시 서구 심곡로24번길 10,404835,22729,,1,,126.67190443702,37.5414307185748
MA0101202307A0003992,다옴통상,,G2,소매,G206,음료 소매,G20604,우유 소매업,G47221,음료 소매업,52,전북특별자치도,52113,전주시 덕진구,52113641,송천1동,5211312100,송천동1가,5211312100104780013,1,대지,478,13,전북특별자치도 전주시 덕진구 송천동1가 478-13,521134601252,전북특별자치도 전주시 덕진구 솔내7길,8,,4511312100104780013025179,,전북특별자치도 전주시 덕진구 솔내7길 8,561818,54836,,,,127.121851424445,35.8597257612405
MA0101202306A0065333,연세유업원주특판,대리점,G2,소매,G206,음료 소매,G20604,우유 소매업,G47221,음료 소매업,51,강원특별자치도,51130,원주시,51130250,문막읍,5113025029,문막읍,5113025029111140002,1,대지,1114,2,강원특별자치도 원주시 문막읍 반계리 1114-2,511304457575,강원특별자치도 원주시 문막읍 쪽섬길,2,,4213025029111140002026172,,강원특별자치도 원주시 문막읍 쪽섬길 2,220805,26361,,,,127.79158096061,37.292207186037
MA0101202308A0030730,화성우유,대리점,G2,소매,G206,음료 소매,G20604,우유 소매업,G47992,계약배달 판매업,41,경기도,41590,화성시,41590262,남양읍,4159026229,남양읍,4159026229102880001,1,대지,288,1,경기도 화성시 남양읍 송림리 288-1,415903210066,경기도 화성시 남양읍 송림로,57,,4159010900102890001303368,,경기도 화성시 남양읍 송림로 57,445858,18254,,,,126.821449595465,37.2208161090065
MA0101202307A0100177,남양유업서부,대리점,G2,소매,G206,음료 소매,G20604,우유 소매업,G47221,음료 소매업,30,대전광역시,30140,중구,30140690,태평2동,3014011400,태평동,3014011400104100003,1,대지,410,3,대전광역시 중구 태평동 410-3,301404295230,대전광역시 중구 동서대로1199번길,17,,3014011400104100003000620,,대전광역시 중구 동서대로1199번길 17,301845,34880,,,,127.393607535672,36.3272239301257
MA0101202308A0040897,연세유업의정부,대리점,G2,소매,G206,음료 소매,G20604,우유 소매업,G47992,계약배달 판매업,41,경기도,41150,의정부시,41150568,신곡2동,4115010400,신곡동,4115010400108020010,1,대지,802,10,경기도 의정부시 신곡동 802-10,411504343349,경기도 의정부시 추동로140번길,26,18,4115010400108020010017249,,경기도 의정부시 추동로140번길 26-18,480072,11780,,1,,127.068543956327,37.7471107410114
MA0101202308A0066340,한라우유한경보급소,,G2,소매,G206,음료 소매,G20604,우유 소매업,G47992,계약배달 판매업,50,제주특별자치도,50110,제주시,50110310,한경면,5011031021,한경면,5011031021100570000,1,대지,57,,제주특별자치도 제주시 한경면 청수리 57,501103020001,제주특별자치도 제주시 한경면 연명로,465,,5011031021000570000016384,,제주특별자치도 제주시 한경면 연명로 465,695949,63006,,,,126.261051438843,33.3117493902469
MA0101202308A0092124,늘벗유통,,G2,소매,G206,음료 소매,G20604,우유 소매업,G47221,음료 소매업,44,충청남도,44210,서산시,44210380,운산면,4421038021,운산면,4421038021103790030,1,대지,379,30,충청남도 서산시 운산면 신창리 379-30,442103254071,충청남도 서산시 운산면 새터로,127,,4421038021103790030000001,,충청남도 서산시 운산면 새터로 127,356833,31948,,,,126.558910247396,36.7586339958089
MA0101202309A0075398,와인577,,G2,소매,G206,음료 소매,G20604,우유 소매업,G47221,음료 소매업,11,서울특별시,11650,서초구,11650540,잠원동,1165010600,잠원동,1165010600100280010,1,대지,28,10,서울특별시 서초구 잠원동 28-10,116502102001,서울특별시 서초구 강남대로,577,,1165010600100280010018893,HY빌딩,서울특별시 서초구 강남대로 577,137904,06530,,B1,,127.019816803984,37.513251010255
MA0101202309A0082593,남양유업동남,대리점,G2,소매,G206,음료 소매,G20604,우유 소매업,G47221,음료 소매업,50,제주특별자치도,50110,제주시,50110690,도두동,5011012800,도두이동,5011012800111570001,1,대지,1157,1,제주특별자치도 제주시 도두이동 1157-1,501104848682,제주특별자치도 제주시 제성1길,26,,5011012800111570001000001,,제주특별자치도 제주시 제성1길 26,690242,63116,,,,126.48329536674,33.4959520579977
MA0101202311A0041498,해보라,,G2,소매,G206,음료 소매,G20604,우유 소매업,G47221,음료 소매업,41,경기도,41131,성남시 수정구,41131520,신흥2동,4113110100,신흥동,4113110100124670000,1,대지,2467,,경기도 성남시 수정구 신흥동 2467,411312179002,경기도 성남시 수정구 산성대로,270,2,4113110100124670000000178,성남중앙지하도상가,경기도 성남시 수정구 산성대로 270-2,461810,13353,,,,127.146979618723,37.4407741735089
MA0101202406A0053582,매일유업신당진,대리점,G2,소매,G206,음료 소매,G20604,우유 소매업,G47221,음료 소매업,44,충청남도,44270,당진시,44270520,당진2동,4427010200,채운동,4427010200101030000,1,대지,103,,충청남도 당진시 채운동 103,442703265118,충청남도 당진시 남부로,63,,4483025022101030000085160,,충청남도 당진시 남부로 63,343926,31785,,,,126.623416389196,36.8845866766798
MA0101202406A0047885,남양유업남천안,대리점,G2,소매,G206,음료 소매,G20604,우유 소매업,G47221,음료 소매업,44,충청남도,44131,천안시 동남구,44131510,중앙동,4413110500,영성동,4413110500101350002,1,대지,135,2,충청남도 천안시 동남구 영성동 135-2,441314547610,충청남도 천안시 동남구 원성천1길,35,,4413110500101350002024884,,충청남도 천안시 동남구 원성천1길 35,330050,31132,,1,,127.153648366121,36.801344320049
MA0101202406A0026781,건국우유속초보급소,,G2,소매,G206,음료 소매,G20604,우유 소매업,G47221,음료 소매업,51,강원특별자치도,51210,속초시,51210580,조양동,5121010800,조양동,5121010800113760032,1,대지,1376,32,강원특별자치도 속초시 조양동 1376-32,512104469209,강원특별자치도 속초시 조양로22번길,10,,4221010800113760032010222,,강원특별자치도 속초시 조양로22번길 10,217811,24893,,,,128.599515515935,38.1871157042686
MA0101202406A0014787,태백정선우유홈서비스,,G2,소매,G206,음료 소매,G20604,우유 소매업,G47221,음료 소매업,51,강원특별자치도,51190,태백시,51190540,상장동,5119010100,황지동,5119010100101730000,1,대지,173,,강원특별자치도 태백시 황지동 173,511904466228,강원특별자치도 태백시 함태길,129,,4219010100101730000010146,태백반석교회,강원특별자치도 태백시 함태길 129,235800,26036,,1,,128.986324995013,37.1469233008941
MA0101202406A0105595,푸른건강유통,,G2,소매,G206,음료 소매,G20604,우유 소매업,G47221,음료 소매업,41,경기도,41220,평택시,41220630,비전2동,4122011800,비전동,4122011800108540004,1,대지,854,4,경기도 평택시 비전동 854-4,412204364185,경기도 평택시 무지개공원3길,9,,4122011800108540004019072,,경기도 평택시 무지개공원3길 9,450810,17900,,1,,127.109153275909,36.9914890462023
MA010120220800935942,남양유업관악동부가정,,G2,소매,G206,음료 소매,G20604,우유 소매업,G47221,음료 소매업,11,서울특별시,11620,관악구,11620575,행운동,1162010100,봉천동,1162010100101010001,1,대지,101,1,서울특별시 관악구 봉천동 101-1,116204160257,서울특별시 관악구 남부순환로233길,36,,1162010100101010001032506,,서울특별시 관악구 남부순환로233길 36,151813,08740,,1,,126.959219170525,37.4805120650038
MA010120220800964270,신금천남양우유가정,대리점,G2,소매,G206,음료 소매,G20604,우유 소매업,G47992,계약배달 판매업,11,서울특별시,11545,금천구,11545640,독산4동,1154510200,독산동,1154510200102010008,1,대지,201,8,서울특별시 금천구 독산동 201-8,115454151262,서울특별시 금천구 시흥대로128길,27,,1154510200102010008007955,,서울특별시 금천구 시흥대로128길 27,153809,08576,,,,126.899932635204,37.470349381026
MA010120220801040036,매일유업소망유통,대리점,G2,소매,G206,음료 소매,G20604,우유 소매업,G47221,음료 소매업,11,서울특별시,11560,영등포구,11560690,신길7동,1156013200,신길동,1156013200110650000,1,대지,1065,,서울특별시 영등포구 신길동 1065,115604154662,서울특별시 영등포구 여의대방로43가길,17,,1156013200110650000006150,,서울특별시 영등포구 여의대방로43가길 17,150855,07359,,,,126.922616201068,37.5076410973063
MA010120220801047904,강남서초,대리점,G2,소매,G206,음료 소매,G20604,우유 소매업,G47221,음료 소매업,41,경기도,41131,성남시 수정구,41131630,신촌동,4113110900,신촌동,4113110900102130001,1,대지,213,1,경기도 성남시 수정구 신촌동 213-1,411313178020,경기도 성남시 수정구 신촌남로,26,,4113110900102130001045049,,경기도 성남시 수정구 신촌남로 26,461330,13101,,1,,127.104787855462,37.4588213566818
MA010120220802828767,오가닉모닝팜,,G2,소매,G206,음료 소매,G20604,우유 소매업,G47221,음료 소매업,11,서울특별시,11710,송파구,11710540,마천1동,1171011400,마천동,1171011400103110074,1,대지,311,74,서울특별시 송파구 마천동 311-74,117104169121,서울특별시 송파구 마천로61길,14,1,1171011400103110074020488,,서울특별시 송파구 마천로61길 14-1,138821,05763,,1,,127.153924372025,37.4935825568515
MA010120220802806144,남양우유수원가정,대리점,G2,소매,G206,음료 소매,G20604,우유 소매업,G47992,계약배달 판매업,41,경기도,41463,용인시 기흥구,41463550,서농동,4146311000,서천동,4146311000103620000,1,대지,362,,경기도 용인시 기흥구 서천동 362,414634412203,경기도 용인시 기흥구 예현로35번길,5,5,4146311000103620000019687,,경기도 용인시 기흥구 예현로35번길 5-5,446906,17103,,,,127.067848822272,37.243808834546
MA010120220802887352,건국우유경산시지,대리점,G2,소매,G206,음료 소매,G20604,우유 소매업,G47221,음료 소매업,47,경상북도,47290,경산시,47290530,남부동,4729010600,백천동,4729010600105860002,1,대지,586,2,경상북도 경산시 백천동 586-2,472904739091,경상북도 경산시 경청로217길,3,1,4729010600105860002010404,,경상북도 경산시 경청로217길 3-1,712100,38651,,1,,128.737843835274,35.8019097401598
MA010120220802873247,파스퇴르뉴분당,대리점,G2,소매,G206,음료 소매,G20604,우유 소매업,G47992,계약배달 판매업,41,경기도,41135,성남시 분당구,41135545,정자동,4113510300,정자동,4113510300100670003,1,대지,67,3,경기도 성남시 분당구 정자동 67-3,411354340458,경기도 성남시 분당구 황새울로108번길,20,,4113510300100670003047213,,경기도 성남시 분당구 황새울로108번길 20,463874,13610,,,,127.112103313563,37.369595763791
MA010120220802911281,다사랑,대리점,G2,소매,G206,음료 소매,G20604,우유 소매업,G47221,음료 소매업,27,대구광역시,27170,서구,27170640,평리3동,2717010300,평리동,2717010300106930007,1,대지,693,7,대구광역시 서구 평리동 693-7,271704229161,대구광역시 서구 문화로47길,19,,2717010300106930007017861,,대구광역시 서구 문화로47길 19,703835,41770,,,,128.55753949308,35.8774108162226
MA010120220804505407,연세대학우유,북부대리점,G2,소매,G206,음료 소매,G20604,우유 소매업,G47221,음료 소매업,51,강원특별자치도,51110,춘천시,51110330,신동면,5111033025,신동면,5111033025106160006,1,대지,616,6,강원특별자치도 춘천시 신동면 정족리 616-6,511104454617,강원특별자치도 춘천시 신동면 정족길,200,21,4211033025106160006000001,,강원특별자치도 춘천시 신동면 정족길 200-21,200812,24412,,,,127.734203099403,37.8424790915974
MA010120220804507775,연세우유춘천서부,대리점,G2,소매,G206,음료 소매,G20604,우유 소매업,G47992,계약배달 판매업,51,강원특별자치도,51110,춘천시,51110520,교동,5111012200,교동,5111012200101240004,1,대지,124,4,강원특별자치도 춘천시 교동 124-4,511104454669,강원특별자치도 춘천시 춘천로213번길,11,,4211012200101240004008326,,강원특별자치도 춘천시 춘천로213번길 11,200060,24261,,1,,127.737014388768,37.8783726940478
MA010120220804556837,서울우유삼척점,,G2,소매,G206,음료 소매,G20604,우유 소매업,G47992,계약배달 판매업,51,강원특별자치도,51230,삼척시,51230510,남양동,5123012000,남양동,5123012000100070014,1,대지,7,14,강원특별자치도 삼척시 남양동 7-14,512303224030,강원특별자치도 삼척시 척주로,65,,4223012000100070014000001,,강원특별자치도 삼척시 척주로 65,245935,25922,,,,129.171136158113,37.4444161974943
MA010120220804566880,서울우유동해.삼척가정,대리점,G2,소매,G206,음료 소매,G20604,우유 소매업,G47992,계약배달 판매업,51,강원특별자치도,51230,삼척시,51230570,성내동,5123010500,당저동,5123010500100350002,1,대지,35,2,강원특별자치도 삼척시 당저동 35-2,512304472155,강원특별자치도 삼척시 사대안2길,12,,4223010500100350002000001,,강원특별자치도 삼척시 사대안2길 12,245942,25921,,,,129.166618031782,37.4464179458185
MA010120220805924378,논산건국우유,대리점,G2,소매,G206,음료 소매,G20604,우유 소매업,G47992,계약배달 판매업,44,충청남도,44230,논산시,44230510,취암동,4423010900,내동,4423010900110400000,1,대지,1040,,충청남도 논산시 내동 1040,442304565537,충청남도 논산시 시민로295번길,6,,4423010900110400000047288,,충청남도 논산시 시민로295번길 6,320802,32981,,1,,127.092056320709,36.191738208392
MA010120220805915303,남양파스퇴르논산계룡,대리점,G2,소매,G206,음료 소매,G20604,우유 소매업,G47221,음료 소매업,44,충청남도,44230,논산시,44230510,취암동,4423010100,화지동,4423010100100240004,1,대지,24,4,충청남도 논산시 화지동 24-4,442303255038,충청남도 논산시 해월로,247,,4423010100100240004041190,,충청남도 논산시 해월로 247,320802,32964,,,,127.093054691745,36.2086349973068
MA010120220805910847,연세우유신탄진,대리점,G2,소매,G206,음료 소매,G20604,우유 소매업,G47992,계약배달 판매업,30,대전광역시,30230,대덕구,30230570,덕암동,3023011500,덕암동,3023011500100410017,1,대지,41,17,대전광역시 대덕구 덕암동 41-17,302304304161,대전광역시 대덕구 덕암로221번길,30,,3023011500100410017000921,,대전광역시 대덕구 덕암로221번길 30,306804,34329,,,,127.422318559183,36.4405289844152
MA010120220805912329,건국우유,,G2,소매,G206,음료 소매,G20604,우유 소매업,G47221,음료 소매업,44,충청남도,44790,청양군,44790330,정산면,4479033021,정산면,4479033021101560044,1,대지,156,44,충청남도 청양군 정산면 서정리 156-44,447904583250,충청남도 청양군 정산면 정현길,73,1,4479033021101570013017775,,충청남도 청양군 정산면 정현길 73-1,345814,33351,,,,126.950107902224,36.4109682319659
MA010120220805938962,연수상하목장DS,,G2,소매,G206,음료 소매,G20604,우유 소매업,G47992,계약배달 판매업,28,인천광역시,28185,연수구,28185766,청학동,2818510400,청학동,2818510400100950002,1,대지,95,2,인천광역시 연수구 청학동 95-2,281854256086,인천광역시 연수구 비류대로244번길,24,,2818510400100950002198908,,인천광역시 연수구 비류대로244번길 24,406828,21940,,,,126.661946258692,37.4261821758633
MA010120220805975917,빙그레광천,대리점,G2,소매,G206,음료 소매,G20604,우유 소매업,G47221,음료 소매업,44,충청남도,44800,홍성군,44800253,광천읍,4480025321,광천읍,4480025321105260002,1,대지,526,2,충청남도 홍성군 광천읍 신진리 526-2,448003252053,충청남도 홍성군 광천읍 충서로,228,13,4480025321105260002053875,,충청남도 홍성군 광천읍 충서로 228-13,350906,32296,,,,126.617689459822,36.5038529089173
MA010120220806014971,남양유업예산가정,대리점,G2,소매,G206,음료 소매,G20604,우유 소매업,G47992,계약배달 판매업,44,충청남도,44810,예산군,44810250,예산읍,4481025022,예산읍,4481025022102950013,1,대지,295,13,충청남도 예산군 예산읍 향천리 295-13,448103263046,충청남도 예산군 예산읍 충령사로,40,,4481025022102950013009761,,충청남도 예산군 예산읍 충령사로 40,340809,32433,,,,126.868269399386,36.6768356428899
MA010120220807389157,심포상회,,G2,소매,G206,음료 소매,G20604,우유 소매업,G47221,음료 소매업,52,전북특별자치도,52210,김제시,52210410,진봉면,5221041025,진봉면,5221041025112650006,1,대지,1265,6,전북특별자치도 김제시 진봉면 심포리 1265-6,522103272069,전북특별자치도 김제시 진봉면 지평선로,1099,,4521041025112650006000787,,전북특별자치도 김제시 진봉면 지평선로 1099,576874,54300,,,,126.701980131822,35.8511895173686
MA010120220807403587,서울우유,,G2,소매,G206,음료 소매,G20604,우유 소매업,G47992,계약배달 판매업,52,전북특별자치도,52730,무주군,52730250,무주읍,5273025021,무주읍,5273025021101990000,1,대지,199,,전북특별자치도 무주군 무주읍 읍내리 199,527303275044,전북특별자치도 무주군 무주읍 주계로,130,,4573025021101990000001225,,전북특별자치도 무주군 무주읍 주계로 130,568804,55522,,,,127.664291911538,36.0071759630421
MA010120220807429861,여원상사,,G2,소매,G206,음료 소매,G20604,우유 소매업,G47221,음료 소매업,52,전북특별자치도,52190,남원시,52190590,도통동,5219011600,도통동,5219011600105660007,1,대지,566,7,전북특별자치도 남원시 도통동 566-7,521904613432,전북특별자치도 남원시 역재2길,20,6,4519011600105660007000001,,전북특별자치도 남원시 역재2길 20-6,590190,55755,,1,,127.399033948234,35.4201470813788
MA010120220807429969,남양우유순창,대리점,G2,소매,G206,음료 소매,G20604,우유 소매업,G47992,계약배달 판매업,52,전북특별자치도,52770,순창군,52770250,순창읍,5277025021,순창읍,5277025021104880000,1,대지,488,,전북특별자치도 순창군 순창읍 순화리 488,527703278043,전북특별자치도 순창군 순창읍 장류로,329,,4577025021004880000000518,,전북특별자치도 순창군 순창읍 장류로 329,595805,56036,,,,127.138179494725,35.3771843372421
MA010120220807428341,빙그레순창,대리점,G2,소매,G206,음료 소매,G20604,우유 소매업,G47992,계약배달 판매업,52,전북특별자치도,52770,순창군,52770250,순창읍,5277025021,순창읍,5277025021104880000,1,대지,488,,전북특별자치도 순창군 순창읍 순화리 488,527703278043,전북특별자치도 순창군 순창읍 장류로,327,,4577025021004880000000609,,전북특별자치도 순창군 순창읍 장류로 327,595805,56036,,,,127.138157761212,35.3773466008345
MA010120220807428357,서울우유순창고객센터,,G2,소매,G206,음료 소매,G20604,우유 소매업,G47221,음료 소매업,52,전북특별자치도,52770,순창군,52770250,순창읍,5277025021,순창읍,5277025021104880000,1,대지,488,,전북특별자치도 순창군 순창읍 순화리 488,527703278043,전북특별자치도 순창군 순창읍 장류로,329,,4577025021004880000000518,,전북특별자치도 순창군 순창읍 장류로 329,595805,56036,,,,127.138179494725,35.3771843372421
MA010120220807515528,정진유통,,G2,소매,G206,음료 소매,G20604,우유 소매업,G47992,계약배달 판매업,29,광주광역시,29170,북구,29170669,일곡동,2917012700,일곡동,2917012700109030003,1,대지,903,3,광주광역시 북구 일곡동 903-3,291703162060,광주광역시 북구 일곡로,16,,2917012700109030003014907,,광주광역시 북구 일곡로 16,500866,61039,,1,,126.890245175611,35.2071758285413
MA010120220808860015,매일유업신성서,대리점,G2,소매,G206,음료 소매,G20604,우유 소매업,G47221,음료 소매업,27,대구광역시,27710,달성군,27710256,다사읍,2771025628,다사읍,2771025628115320004,1,대지,1532,4,대구광역시 달성군 다사읍 매곡리 1532-4,277104244188,대구광역시 달성군 다사읍 대실역북로2길,101,12,2771025628115320006012857,,대구광역시 달성군 다사읍 대실역북로2길 101-12,711812,42911,,,,128.468350242111,35.8630434592754
MA010120220808856237,지산，범물건국우유보급소,,G2,소매,G206,음료 소매,G20604,우유 소매업,G47992,계약배달 판매업,27,대구광역시,27260,수성구,27260652,지산2동,2726011200,지산동,2726011200112520015,1,대지,1252,15,대구광역시 수성구 지산동 1252-15,272604238338,대구광역시 수성구 용학로31안길,11,,2726011200112520015002925,,대구광역시 수성구 용학로31안길 11,706844,42216,,1,,128.627533973033,35.8240632676897
MA010120220808893301,대구동구milk,,G2,소매,G206,음료 소매,G20604,우유 소매업,G47992,계약배달 판매업,27,대구광역시,27260,수성구,27260680,고산2동,2726011400,시지동,2726011400104950011,1,대지,495,11,대구광역시 수성구 시지동 495-11,272604238310,대구광역시 수성구 시지로14길,7,15,2726011400104950011026381,,대구광역시 수성구 시지로14길 7-15,706220,42251,,,,128.696186791077,35.8368200673688
MA010120220808866602,서울우유파동외판원,,G2,소매,G206,음료 소매,G20604,우유 소매업,G47221,음료 소매업,27,대구광역시,27260,수성구,27260651,지산1동,2726011200,지산동,2726011200110470006,1,대지,1047,6,대구광역시 수성구 지산동 1047-6,272604238218,대구광역시 수성구 무학로27길,25,,2726011200110470006005938,,대구광역시 수성구 무학로27길 25,706842,42185,,,,128.624577909547,35.832664141716
MA010120220808882705,남양유업안심가정,대리점,G2,소매,G206,음료 소매,G20604,우유 소매업,G47992,계약배달 판매업,27,대구광역시,27140,동구,27140742,안심3동,2714012400,신서동,2714012400105530005,1,대지,553,5,대구광역시 동구 신서동 553-5,271404226103,대구광역시 동구 동호로11길,39,,2714012400105530005006550,,대구광역시 동구 동호로11길 39,701869,41088,,,,128.731563906269,35.8692605671609
MA010120220808902056,신두산유통,,G2,소매,G206,음료 소매,G20604,우유 소매업,G47221,음료 소매업,27,대구광역시,27260,수성구,27260640,두산동,2726011100,두산동,2726011100107430012,1,대지,743,12,대구광역시 수성구 두산동 743-12,272604238334,대구광역시 수성구 용학로25안길,5,12,2726011100107430012006069,,대구광역시 수성구 용학로25안길 5-12,706801,42216,,,,128.625429409912,35.8244972686546
MA010120220808950132,영남우유,,G2,소매,G206,음료 소매,G20604,우유 소매업,G47992,계약배달 판매업,27,대구광역시,27170,서구,27170565,비산2.3동,2717010200,비산동,2717010200100710005,1,대지,71,5,대구광역시 서구 비산동 71-5,271704229200,대구광역시 서구 북비산로74길,8,1,2717010200100710016007462,,대구광역시 서구 북비산로74길 8-1,703811,41794,,,,128.574037715879,35.8785384212555
MA010120220808962083,삼육두유성서,대리점,G2,소매,G206,음료 소매,G20604,우유 소매업,G47221,음료 소매업,27,대구광역시,27290,달서구,27290577,이곡2동,2729010800,이곡동,2729010800111780004,1,대지,1178,4,대구광역시 달서구 이곡동 1178-4,272903147015,대구광역시 달서구 선원로,105,17,2729010800111780004002118,,대구광역시 달서구 선원로 105-17,704943,42604,,,,128.503862899614,35.8600087672463
MA010120220808959390,대구중서구우유,대리점,G2,소매,G206,음료 소매,G20604,우유 소매업,G47221,음료 소매업,27,대구광역시,27170,서구,27170580,비산4동,2717010200,비산동,2717010200102280011,1,대지,228,11,대구광역시 서구 비산동 228-11,271704229062,대구광역시 서구 국채보상로78길,8,,2717010200102280011005088,,대구광역시 서구 국채보상로78길 8,703813,41803,,,,128.572593632911,35.8715824748515
MA010120220808971430,비락우유서,북부대리점,G2,소매,G206,음료 소매,G20604,우유 소매업,G47992,계약배달 판매업,27,대구광역시,27170,서구,27170630,평리2동,2717010300,평리동,2717010300111010004,1,대지,1101,4,대구광역시 서구 평리동 1101-4,271703143010,대구광역시 서구 통학로,114,1,2717010300111010004012237,,대구광역시 서구 통학로 114-1,703845,41813,,,,128.563271889592,35.8704876199396
MA010120220809031338,우유,,G2,소매,G206,음료 소매,G20604,우유 소매업,G47221,음료 소매업,27,대구광역시,27110,중구,27110670,남산4동,2711015600,남산동,2711015600124880018,1,대지,2488,18,대구광역시 중구 남산동 2488-18,271104223043,대구광역시 중구 남산로7길,44,,2711015600124880018020544,,대구광역시 중구 남산로7길 44,700837,41977,,,,128.580399442345,35.8587738609545
MA010120220809011948,서울우유대구동명외판원,,G2,소매,G206,음료 소매,G20604,우유 소매업,G47221,음료 소매업,47,경상북도,47850,칠곡군,47850320,동명면,4785032031,동명면,4785032031101100001,1,대지,110,1,경상북도 칠곡군 동명면 송산리 110-1,478503322006,경상북도 칠곡군 동명면 백송로,796,,4785032031101100001014467,,경상북도 칠곡군 동명면 백송로 796,718922,39860,,,,128.549141869118,35.9839261319516
MA010120220809016005,태범유통,,G2,소매,G206,음료 소매,G20604,우유 소매업,G47221,음료 소매업,27,대구광역시,27200,남구,27200515,이천동,2720010100,이천동,2720010100102970005,1,대지,297,5,대구광역시 남구 이천동 297-5,272003141012,대구광역시 남구 대봉로,160,1,2720010100102970005026721,,대구광역시 남구 대봉로 160-1,705837,42433,,,,128.6030111808,35.8530763837048
MA010120220810405826,남양유업목포가정,대리점,G2,소매,G206,음료 소매,G20604,우유 소매업,G47992,계약배달 판매업,46,전라남도,46110,목포시,46110757,하당동,4611015800,상동,4611015800109230008,1,대지,923,8,전라남도 목포시 상동 923-8,461103281089,전라남도 목포시 하당로,130,,4611015800109230008046380,,전라남도 목포시 하당로 130,530826,58667,,1,,126.414876742981,34.8027837402218
MA010120220811950326,대진급식,,G2,소매,G206,음료 소매,G20604,우유 소매업,G47221,음료 소매업,43,충청북도,43111,청주시 상당구,43111690,용담.명암.산성동,4311112100,용담동,4311112100101800003,1,대지,180,3,충청북도 청주시 상당구 용담동 180-3,431113236013,충청북도 청주시 상당구 당산로,55,,4311112100101800003050239,,충청북도 청주시 상당구 당산로 55,360190,28519,,,,127.501340885115,36.6345726829692
MA010120220812024604,제주우유건입동보급소,,G2,소매,G206,음료 소매,G20604,우유 소매업,G47221,음료 소매업,50,제주특별자치도,50110,제주시,50110520,일도2동,5011010200,일도이동,5011010200101480022,1,대지,148,22,제주특별자치도 제주시 일도이동 148-22,501104847072,제주특별자치도 제주시 고마로3길,19,,5011010200101480022034164,,제주특별자치도 제주시 고마로3길 19,690832,63250,,,,126.540176083316,33.5125941894196
MA010120220812032852,포항,대리점,G2,소매,G206,음료 소매,G20604,우유 소매업,G47992,계약배달 판매업,47,경상북도,47113,포항시 북구,47113250,흥해읍,4711325030,흥해읍,4711325030109810000,1,대지,981,,경상북도 포항시 북구 흥해읍 망천리 981,471134712843,경상북도 포항시 북구 흥해읍 흥해로74번길,44,,4711325030109810000014677,,경상북도 포항시 북구 흥해읍 흥해로74번길 44,791942,37541,,1,,129.352622506688,36.1109254798984
MA010120220814169439,매일유업운암DS,대리점,G2,소매,G206,음료 소매,G20604,우유 소매업,G47992,계약배달 판매업,29,광주광역시,29140,서구,29140730,광천동,2914011500,광천동,2914011500101190002,1,대지,119,2,광주광역시 서구 광천동 119-2,291404280384,광주광역시 서구 죽봉대로119번길,13,,2914011500101190002002521,,광주광역시 서구 죽봉대로119번길 13,502801,61915,,,,126.882169097413,35.1644890726603
MA010120220814314310,서울우유동작동고객센터,,G2,소매,G206,음료 소매,G20604,우유 소매업,G47992,계약배달 판매업,11,서울특별시,11650,서초구,11650621,방배4동,1165010100,방배동,1165010100108220001,1,대지,822,1,서울특별시 서초구 방배동 822-1,116503121004,서울특별시 서초구 동광로,28,,1165010100108220001008673,,서울특별시 서초구 동광로 28,137833,06565,,1,,126.986057730185,37.490960966335
MA010120220814351597,매일유업남부특약점,,G2,소매,G206,음료 소매,G20604,우유 소매업,G47992,계약배달 판매업,41,경기도,41113,수원시 권선구,41113540,세류3동,4111312600,세류동,4111312600110950007,1,대지,1095,7,경기도 수원시 권선구 세류동 1095-7,411134325292,경기도 수원시 권선구 세권로138번길,61,,4111312600110950007031411,,경기도 수원시 권선구 세권로138번길 61,441878,16579,,,,127.018080483627,37.2542339549435
MA010120220814391664,남양우유월포,대리점,G2,소매,G206,음료 소매,G20604,우유 소매업,G47221,음료 소매업,48,경상남도,48125,창원시 마산합포구,48125530,월영동,4812513400,월영동,4812513400106140179,1,대지,614,179,경상남도 창원시 마산합포구 월영동 614-179,481254787576,경상남도 창원시 마산합포구 월영남18길,8,,4812513400106140179046222,,경상남도 창원시 마산합포구 월영남18길 8,631865,51752,,1,,128.563180357396,35.17751465593
MA0101202210A0085506,마이산산양유,,G2,소매,G206,음료 소매,G20604,우유 소매업,G47221,음료 소매업,43,충청북도,43150,제천시,43150577,신백동,4315012000,신백동,4315012000101700004,1,대지,170,4,충청북도 제천시 신백동 170-4,431503239040,충청북도 제천시 신백로,81,,4315012000101700004023928,,충청북도 제천시 신백로 81,390892,27179,,,,128.224882274606,37.1322294289977
MA0101202210A0036492,연세우유영암신안,대리점,G2,소매,G206,음료 소매,G20604,우유 소매업,G47221,음료 소매업,46,전라남도,46830,영암군,46830253,삼호읍,4683025326,삼호읍,4683025326116930010,1,대지,1693,10,전라남도 영암군 삼호읍 용앙리 1693-10,468304685529,전라남도 영암군 삼호읍 대불주거1로12길,6,,4683025326116930010007846,,전라남도 영암군 삼호읍 대불주거1로12길 6,526897,58456,,,,126.454650060045,34.7520031939626
MA0101202212A0009783,중원유통,,G2,소매,G206,음료 소매,G20604,우유 소매업,G47221,음료 소매업,52,전북특별자치도,52113,전주시 덕진구,52113641,송천1동,5211312100,송천동1가,5211312100102240010,1,대지,224,10,전북특별자치도 전주시 덕진구 송천동1가 224-10,521134601246,전북특별자치도 전주시 덕진구 솔내1길,42,,4511312100102240010025485,,전북특별자치도 전주시 덕진구 솔내1길 42,561817,54837,,,,127.123127672435,35.8545332335383
MA0101202212A0024035,서울우유창원특수고객센터,,G2,소매,G206,음료 소매,G20604,우유 소매업,G47221,음료 소매업,48,경상남도,48121,창원시 의창구,48121540,봉림동,4812112500,사림동,4812112500100400006,1,대지,40,6,경상남도 창원시 의창구 사림동 40-6,481214781294,경상남도 창원시 의창구 사림로158번길,18,,4812112500100400006011110,왼쪽에서,경상남도 창원시 의창구 사림로158번길 18,641824,51151,,,,128.68370894777,35.2426612621176
MA0101202211A0043814,소이푸드원,,G2,소매,G206,음료 소매,G20604,우유 소매업,G47221,음료 소매업,52,전북특별자치도,52710,완주군,52710330,이서면,5271033024,이서면,5271033024106670006,1,대지,667,6,전북특별자치도 완주군 이서면 갈산리 667-6,527103016079,전북특별자치도 완주군 이서면 안전로,107,5,4571033024106670006000001,,전북특별자치도 완주군 이서면 안전로 107-5,565851,55365,,,,127.05797267761,35.8334388425224
MA0101202211A0045856,연세우유완주무진장,대리점,G2,소매,G206,음료 소매,G20604,우유 소매업,G47221,음료 소매업,52,전북특별자치도,52710,완주군,52710340,소양면,5271034027,소양면,5271034027105380001,1,대지,538,1,전북특별자치도 완주군 소양면 화심리 538-1,527103267080,전북특별자치도 완주군 소양면 전진로,1063,,4571034027105380001011704,,전북특별자치도 완주군 소양면 전진로 1063,565844,55346,,,,127.27060669889,35.8436387873043
MA0101202211A0094822,서울우유삼례삼봉고객센터,,G2,소매,G206,음료 소매,G20604,우유 소매업,G47221,음료 소매업,52,전북특별자치도,52710,완주군,52710250,삼례읍,5271025021,삼례읍,5271025021114550003,1,대지,1455,3,전북특별자치도 완주군 삼례읍 삼례리 1455-3,527104619374,전북특별자치도 완주군 삼례읍 충혼길,53,,4571025021114550003003130,,전북특별자치도 완주군 삼례읍 충혼길 53,565803,55343,,1,,127.070973949138,35.9042523522046
MA0101202211A0082971,파스퇴르군산중앙,대리점,G2,소매,G206,음료 소매,G20604,우유 소매업,G47221,음료 소매업,52,전북특별자치도,52130,군산시,52130560,삼학동,5213011100,삼학동,5213011100107950055,1,대지,795,55,전북특별자치도 군산시 삼학동 795-55,521304604454,전북특별자치도 군산시 삼학8길,68,,4513011100107950055016419,삼학시장,전북특별자치도 군산시 삼학8길 68,573310,54119,,1,,126.712079615508,35.9755766952387
MA0101202212A0036243,연세우유광진,,G2,소매,G206,음료 소매,G20604,우유 소매업,G47221,음료 소매업,11,서울특별시,11140,중구,11140665,동화동,1114016200,신당동,1114016200100500003,1,대지,50,3,서울특별시 중구 신당동 50-3,111404103060,서울특별시 중구 다산로38길,31,,1114016200100500003003483,,서울특별시 중구 다산로38길 31,100897,04585,,,,127.017407805945,37.5629415557662
MA0101202301A0014998,남양유업강북가정,대리점,G2,소매,G206,음료 소매,G20604,우유 소매업,G47992,계약배달 판매업,11,서울특별시,11305,강북구,11305535,미아동,1130510100,미아동,1130510100102240010,1,대지,224,10,서울특별시 강북구 미아동 224-10,113054124113,서울특별시 강북구 도봉로53길,41,,1130510100102240010035608,일부,서울특별시 강북구 도봉로53길 41,142812,01126,,1,,127.023471776803,37.6263522966966
MA0101202301A0076086,한결유통,,G2,소매,G206,음료 소매,G20604,우유 소매업,G47221,음료 소매업,41,경기도,41390,시흥시,41390630,연성동,4139011900,하중동,4139011900108230006,1,대지,823,6,경기도 시흥시 하중동 823-6,413904397036,경기도 시흥시 관곡지로40번길,13,,4139011900108230006010333,,경기도 시흥시 관곡지로40번길 13,429251,14975,,1,,126.800301723147,37.3997456435756
MA0101202303A0050933,후니유통,,G2,소매,G206,음료 소매,G20604,우유 소매업,G47221,음료 소매업,46,전라남도,46810,강진군,46810310,군동면,4681031022,군동면,4681031022106780010,1,대지,678,10,전라남도 강진군 군동면 호계리 678-10,468103293009,전라남도 강진군 군동면 까치내로,60,,4681031022106780010302948,,전라남도 강진군 군동면 까치내로 60,527853,59223,,,,126.787917707799,34.6486995883457
MA0101202305A0007816,삼척우유가정배달,대리점,G2,소매,G206,음료 소매,G20604,우유 소매업,G47992,계약배달 판매업,51,강원특별자치도,51230,삼척시,51230570,성내동,5123010500,당저동,5123010500100170010,1,대지,17,10,강원특별자치도 삼척시 당저동 17-10,512304472071,강원특별자치도 삼척시 당저동1길,31,,4223010500100170011000002,,강원특별자치도 삼척시 당저동1길 31,245941,25922,,,,129.16882614234,37.4473683568515
MA0101202303A0106301,범산목장마포센터,,G2,소매,G206,음료 소매,G20604,우유 소매업,G47992,계약배달 판매업,11,서울특별시,11140,중구,11140625,다산동,1114016200,신당동,1114016200103080018,1,대지,308,18,서울특별시 중구 신당동 308-18,111403101008,서울특별시 중구 청구로,83,26,1114016200103080018009127,,서울특별시 중구 청구로 83-26,100884,04608,,1,,127.013117599078,37.5600499109285
MA010120220800856189,건국우유강서보급소,,G2,소매,G206,음료 소매,G20604,우유 소매업,G47992,계약배달 판매업,11,서울특별시,11500,강서구,11500540,화곡1동,1150010300,화곡동,1150010300110810036,1,대지,1081,36,서울특별시 강서구 화곡동 1081-36,115004145504,서울특별시 강서구 화곡로24길,32,,1150010300110810036012956,,서울특별시 강서구 화곡로24길 32,157925,07717,,,,126.838615207682,37.5395327468689
MA010120220800856715,건국우유,,G2,소매,G206,음료 소매,G20604,우유 소매업,G47221,음료 소매업,41,경기도,41192,부천시 원미구,41192530,심곡3동,4119210200,심곡동,4119210200103220016,1,대지,322,16,경기도 부천시 원미구 심곡동 322-16,411924352330,경기도 부천시 원미구 신흥로67번길,92,,4119510200103220016002927,,경기도 부천시 원미구 신흥로67번길 92,420825,14614,,,,126.772379530662,37.4905172638914
MA010120220800866537,남양우유은평,대리점,G2,소매,G206,음료 소매,G20604,우유 소매업,G47992,계약배달 판매업,11,서울특별시,11380,은평구,11380570,대조동,1138010600,대조동,1138010600100480037,1,대지,48,37,서울특별시 은평구 대조동 48-37,113804133097,서울특별시 은평구 서오릉로10길,5,,1138010600100480037026415,,서울특별시 은평구 서오릉로10길 5,122838,03394,,1,,126.919327096713,37.6106318465873
MA010120220800872373,건국우유,신월점,G2,소매,G206,음료 소매,G20604,우유 소매업,G47992,계약배달 판매업,11,서울특별시,11470,양천구,11470590,신월4동,1147010300,신월동,1147010300105400005,1,대지,540,5,서울특별시 양천구 신월동 540-5,114704142239,서울특별시 양천구 신월로11길,14,,1147010300105400005010911,,서울특별시 양천구 신월로11길 14,158840,08031,,1,,126.840311614671,37.5186949054287
MA010120220802534623,베지밀검단,대리점,G2,소매,G206,음료 소매,G20604,우유 소매업,G47221,음료 소매업,28,인천광역시,28260,서구,28260720,오류왕길동,2826011900,오류동,2826011900103950185,1,대지,395,185,인천광역시 서구 오류동 395-185,282604268564,인천광역시 서구 원당대로205번길,44,,2826011900103950186000001,,인천광역시 서구 원당대로205번길 44,404300,22663,,,,126.620936802339,37.5913912210114
MA010120220802551899,건국우유중동보급소,,G2,소매,G206,음료 소매,G20604,우유 소매업,G47992,계약배달 판매업,28,인천광역시,28260,서구,28260530,연희동,2826010700,심곡동,2826010700102510012,1,대지,251,12,인천광역시 서구 심곡동 251-12,282603156055,인천광역시 서구 심곡로,37,5,2826010700102510012012412,,인천광역시 서구 심곡로 37-5,404833,22727,,,,126.673686753916,37.5426880414688
MA010120220802556099,검단,대리점,G2,소매,G206,음료 소매,G20604,우유 소매업,G47221,음료 소매업,28,인천광역시,28260,서구,28260720,오류왕길동,2826011900,오류동,2826011900107420001,1,대지,742,1,인천광역시 서구 오류동 742-1,282604268233,인천광역시 서구 단봉로62번길,28,,2826011900107420001025377,외,인천광역시 서구 단봉로62번길 28,404300,22650,,,,126.642493254254,37.5989096444828
MA010120220802556271,남양우유신현가정,대리점,G2,소매,G206,음료 소매,G20604,우유 소매업,G47992,계약배달 판매업,28,인천광역시,28260,서구,28260550,석남1동,2826011000,석남동,2826011000101690017,1,대지,169,17,인천광역시 서구 석남동 169-17,282604268453,인천광역시 서구 신석로51번길,24,,2826011000101690017014067,,인천광역시 서구 신석로51번길 24,404822,22786,,,,126.667915758437,37.5121010910746
MA010120220802559180,매일유업김포상하목장DS,대리점,G2,소매,G206,음료 소매,G20604,우유 소매업,G47221,음료 소매업,41,경기도,41570,김포시,41570250,통진읍,4157025023,통진읍,4157025023100190002,1,대지,19,2,경기도 김포시 통진읍 서암리 19-2,415703209176,경기도 김포시 통진읍 서암고정로,277,,4157025023100190002000001,,경기도 김포시 통진읍 서암고정로 277,415866,10016,,,,126.602956087818,37.7085042477552
MA010120220802562407,일동후디스인천서구,대리점,G2,소매,G206,음료 소매,G20604,우유 소매업,G47992,계약배달 판매업,28,인천광역시,28260,서구,28260561,석남3동,2826011000,석남동,2826011000105660006,1,대지,566,6,인천광역시 서구 석남동 566-6,282604268107,인천광역시 서구 건지로311번길,2,,2826011000105660006006043,,인천광역시 서구 건지로311번길 2,404828,22804,,,,126.676794084887,37.4991242664858
MA010120220802626317,안양상하목장DS,대리점,G2,소매,G206,음료 소매,G20604,우유 소매업,G47992,계약배달 판매업,41,경기도,41173,안양시 동안구,41173630,갈산동,4117310400,호계동,4117310400110790005,1,대지,1079,5,경기도 안양시 동안구 호계동 1079-5,411734349009,경기도 안양시 동안구 갈산로76번길,23,,4117310400110790005004731,,경기도 안양시 동안구 갈산로76번길 23,431800,14107,,1,,126.961024154758,37.3792203666005
MA010120220802608235,평촌,대리점,G2,소매,G206,음료 소매,G20604,우유 소매업,G47221,음료 소매업,41,경기도,41430,의왕시,41430550,내손2동,4143010700,내손동,4143010700106550006,1,대지,655,6,경기도 의왕시 내손동 655-6,414304403039,경기도 의왕시 동부시장4길,16,,4143010700106550006001613,,경기도 의왕시 동부시장4길 16,437808,16020,,,,126.98247417154,37.389983714064
MA010120220802627645,매일우유평촌과천,대리점,G2,소매,G206,음료 소매,G20604,우유 소매업,G47992,계약배달 판매업,41,경기도,41173,안양시 동안구,41173630,갈산동,4117310400,호계동,4117310400110810008,1,대지,1081,8,경기도 안양시 동안구 호계동 1081-8,411734349010,경기도 안양시 동안구 갈산로86번길,61,,4117310400110810008004793,,경기도 안양시 동안구 갈산로86번길 61,431800,14107,,1,,126.961521000538,37.379121416599
MA010120220802699548,에치와이,광명점,G2,소매,G206,음료 소매,G20604,우유 소매업,G47992,계약배달 판매업,41,경기도,41210,광명시,41210620,철산4동,4121010200,철산동,4121010200106250002,1,대지,625,2,경기도 광명시 철산동 625-2,412103187018,경기도 광명시 도덕공원로,21,1,4121010200106250002009355,철산동힐타운,경기도 광명시 도덕공원로 21-1,423843,14253,,,,126.865407515831,37.471026897789
MA010120220802721295,남양유업민수,대리점,G2,소매,G206,음료 소매,G20604,우유 소매업,G47992,계약배달 판매업,41,경기도,41273,안산시 단원구,41273565,신길동,4127310300,신길동,4127310300113780006,1,대지,1378,6,경기도 안산시 단원구 신길동 1378-6,412734373220,경기도 안산시 단원구 신길중앙로7길,15,,4127310300113780006004006,,경기도 안산시 단원구 신길중앙로7길 15,425838,15398,,,,126.760526529311,37.3388076056291
MA010120220802738677,매일유업양주,대리점,G2,소매,G206,음료 소매,G20604,우유 소매업,G47992,계약배달 판매업,41,경기도,41630,양주시,41630570,옥정1동,4163011200,회암동,4163011200101770004,1,대지,177,4,경기도 양주시 회암동 177-4,416303189032,경기도 양주시 천보산로,131,,4163011200101770004059205,,경기도 양주시 천보산로 131,482160,11464,,,,127.097579637008,37.8507637496925
MA010120220802707614,에치와이,은계점,G2,소매,G206,음료 소매,G20604,우유 소매업,G47992,계약배달 판매업,41,경기도,41390,시흥시,41390510,대야동,4139010100,대야동,4139010100104960007,1,대지,496,7,경기도 시흥시 대야동 496-7,413904397668,경기도 시흥시 호현로34번안길,5,,4139010100104960007005412,,경기도 시흥시 호현로34번안길 5,429812,14909,,,,126.786003782106,37.4433838890055
MA010120220804256231,엠디에이,,G2,소매,G206,음료 소매,G20604,우유 소매업,G47221,음료 소매업,11,서울특별시,11140,중구,11140570,필동,1114014200,예장동,1114014200100010135,1,대지,1,135,서울특별시 중구 예장동 1-135,111404103402,서울특별시 중구 필동로8길,30,,1114014200100010135018496,,서울특별시 중구 필동로8길 30,100250,04626,,지,,126.994816680196,37.5551581104329
MA010120220804256480,송천급식,,G2,소매,G206,음료 소매,G20604,우유 소매업,G47221,음료 소매업,11,서울특별시,11710,송파구,11710550,마천2동,1171011400,마천동,1171011400103450009,1,대지,345,9,서울특별시 송파구 마천동 345-9,117104169259,서울특별시 송파구 성내천로29가길,11,,1171011400103450009018381,,서울특별시 송파구 성내천로29가길 11,138819,05746,,1,,127.1532490027,37.5006383096853
MA010120220804248661,남양유업송파가정,대리점,G2,소매,G206,음료 소매,G20604,우유 소매업,G47221,음료 소매업,11,서울특별시,11710,송파구,11710620,가락본동,1171010700,가락동,1171010700100170000,1,대지,17,,서울특별시 송파구 가락동 17,117104169394,서울특별시 송파구 오금로36길,23,,1171010700100170000006550,,서울특별시 송파구 오금로36길 23,138800,05703,,1,,127.12455948143,37.5015640393367
MA010120220804315659,강남우유,대리점,G2,소매,G206,음료 소매,G20604,우유 소매업,G47221,음료 소매업,11,서울특별시,11680,강남구,11680690,개포4동,1168010300,개포동,1168010300111840011,1,대지,1184,11,서울특별시 강남구 개포동 1184-11,116804166055,서울특별시 강남구 개포로22길,84,,1168010300101840011020930,,서울특별시 강남구 개포로22길 84,135961,06314,,1,,127.052331579971,37.4747680834934
MA010120220804285243,남양유업양주주간,대리점,G2,소매,G206,음료 소매,G20604,우유 소매업,G47992,계약배달 판매업,41,경기도,41630,양주시,41630530,회천1동,4163011100,봉양동,4163011100108860002,1,대지,886,2,경기도 양주시 봉양동 886-2,416304436396,경기도 양주시 평화로1970번길,115,,4163011100108860002000001,,경기도 양주시 평화로1970번길 115,482090,11447,,1,,127.062205424839,37.8603558541288
MA010120220804361742,서초웰빙우유,,G2,소매,G206,음료 소매,G20604,우유 소매업,G47992,계약배달 판매업,11,서울특별시,11590,동작구,11590620,사당1동,1159010700,사당동,1159010700103160136,1,대지,316,136,서울특별시 동작구 사당동 316-136,115904157252,서울특별시 동작구 사당로20길,54,,1159010700103160136010939,,서울특별시 동작구 사당로20길 54,156091,07011,,1,,126.975499770087,37.4807418148496
MA010120220804401424,남양유업전하,대리점,G2,소매,G206,음료 소매,G20604,우유 소매업,G47221,음료 소매업,31,울산광역시,31170,동구,31170530,화정동,3117010200,화정동,3117010200108790004,1,대지,879,4,울산광역시 동구 화정동 879-4,311704313185,울산광역시 동구 월봉11길,65,,3117010200108790004000017,화정상가,울산광역시 동구 월봉11길 65,682823,44083,,,,129.420577546809,35.4911823320847
MA010120220804384102,금천남양유업특판급식,대리점,G2,소매,G206,음료 소매,G20604,우유 소매업,G47992,계약배달 판매업,11,서울특별시,11545,금천구,11545640,독산4동,1154510200,독산동,1154510200102010008,1,대지,201,8,서울특별시 금천구 독산동 201-8,115454151262,서울특별시 금천구 시흥대로128길,27,,1154510200102010008007955,,서울특별시 금천구 시흥대로128길 27,153809,08576,,1,,126.899932635204,37.470349381026
MA010120220805742599,둔산유통,,G2,소매,G206,음료 소매,G20604,우유 소매업,G47221,음료 소매업,30,대전광역시,30170,서구,30170582,갈마2동,3017011100,갈마동,3017011100102630002,1,대지,263,2,대전광역시 서구 갈마동 263-2,301703166037,대전광역시 서구 신갈마로,239,17,3017011100102630002020013,,대전광역시 서구 신갈마로 239-17,302172,35224,,1,,127.368222964568,36.354934906165
MA010120220805747051,연세대전옥계,대리점,G2,소매,G206,음료 소매,G20604,우유 소매업,G47992,계약배달 판매업,30,대전광역시,30140,중구,30140620,석교동,3014010700,석교동,3014010700102780001,1,대지,278,1,대전광역시 중구 석교동 278-1,301404295221,대전광역시 중구 돌다리로52번길,2,,3014010700102780001023149,,대전광역시 중구 돌다리로52번길 2,301820,35064,,,,127.440116070559,36.3054785112163
MA010120220805782249,매일우유대전중부상하목장DS,대리점,G2,소매,G206,음료 소매,G20604,우유 소매업,G47992,계약배달 판매업,30,대전광역시,30140,중구,30140730,문화2동,3014011600,문화동,3014011600105570001,1,대지,557,1,대전광역시 중구 문화동 557-1,301404295393,대전광역시 중구 보문산로177번안길,50,,3014011600105570001012001,보성빌라,대전광역시 중구 보문산로177번안길 50,301814,35014,,,,127.397222621336,36.3065929847308
MA010120220805768531,네이쳐팜스,,G2,소매,G206,음료 소매,G20604,우유 소매업,G47221,음료 소매업,30,대전광역시,30230,대덕구,30230546,중리동,3023010900,중리동,3023010900103630020,1,대지,363,20,대전광역시 대덕구 중리동 363-20,302304304447,대전광역시 대덕구 중리로75번길,26,,3023010900103630020010859,,대전광역시 대덕구 중리로75번길 26,306827,34388,,1,,127.42358633257,36.3659079822418
MA010120220805794930,에치와이,대덕점,G2,소매,G206,음료 소매,G20604,우유 소매업,G47992,계약배달 판매업,30,대전광역시,30230,대덕구,30230510,오정동,3023010100,오정동,3023010100101000011,1,대지,100,11,대전광역시 대덕구 오정동 100-11,302304304485,대전광역시 대덕구 한밭대로1006번길,68,,3023010100101000012016579,,대전광역시 대덕구 한밭대로1006번길 68,306818,34439,,1,,127.41302386089,36.3554913639647
MA010120220805789705,대전대덕우유,대리점,G2,소매,G206,음료 소매,G20604,우유 소매업,G47992,계약배달 판매업,30,대전광역시,30230,대덕구,30230546,중리동,3023010900,중리동,3023010900101170012,1,대지,117,12,대전광역시 대덕구 중리동 117-12,302304304009,대전광역시 대덕구 계족로574번길,64,,3023010900101170012013103,,대전광역시 대덕구 계족로574번길 64,306824,34411,,,,127.434736655042,36.3632995926237
MA010120220805876592,연세우유,,G2,소매,G206,음료 소매,G20604,우유 소매업,G47992,계약배달 판매업,36,세종특별자치시,36110,세종특별자치시,36110360,연서면,3611036021,연서면,3611036021101380001,1,대지,138,1,세종특별자치시 세종특별자치시 연서면 월하리 138-1,361103000189,세종특별자치시 세종특별자치시 연서면 세종로,2085,,4473032021101380001000001,,세종특별자치시 세종특별자치시 연서면 세종로 2085,339815,30049,,,,127.290470843011,36.5735544090977
MA010120220807242641,태양원유통,,G2,소매,G206,음료 소매,G20604,우유 소매업,G47221,음료 소매업,52,전북특별자치도,52140,익산시,52140310,오산면,5214031022,오산면,5214031022108230002,1,대지,823,2,전북특별자치도 익산시 오산면 장신리 823-2,521403269059,전북특별자치도 익산시 오산면 오산로,125,,4514031022108230002000001,,전북특별자치도 익산시 오산면 오산로 125,570922,54670,,,,126.916106490994,35.9491710605069
MA010120220807247141,건국우유동부,대리점,G2,소매,G206,음료 소매,G20604,우유 소매업,G47221,음료 소매업,52,전북특별자치도,52113,전주시 덕진구,52113642,송천2동,5211312100,송천동1가,5211312100108200002,1,대지,820,2,전북특별자치도 전주시 덕진구 송천동1가 820-2,521134601096,전북특별자치도 전주시 덕진구 두간5길,16,7,4511312100108200002000001,,전북특별자치도 전주시 덕진구 두간5길 16-7,561301,54830,,,,127.117152191205,35.8638671908843
MA010120220807245636,건국우유,,G2,소매,G206,음료 소매,G20604,우유 소매업,G47221,음료 소매업,52,전북특별자치도,52770,순창군,52770320,동계면,5277032021,동계면,5277032021102200004,1,대지,220,4,전북특별자치도 순창군 동계면 현포리 220-4,527703016016,전북특별자치도 순창군 동계면 동계로,53,2,4577032021002200004000441,,전북특별자치도 순창군 동계면 동계로 53-2,595822,56029,,,,127.24342224781,35.4399483055901
MA010120220807260583,덴)전북서전주덴,대리점,G2,소매,G206,음료 소매,G20604,우유 소매업,G47221,음료 소매업,52,전북특별자치도,52111,전주시 완산구,52111692,평화2동,5211113200,평화동1가,5211113200107030009,1,대지,703,9,전북특별자치도 전주시 완산구 평화동1가 703-9,521114598104,전북특별자치도 전주시 완산구 맏내3길,10,13,4511113200107030009025206,,전북특별자치도 전주시 완산구 맏내3길 10-13,560844,55134,,,,127.130633096176,35.7934649761634
MA010120220807309541,건국우유동이리보급소,,G2,소매,G206,음료 소매,G20604,우유 소매업,G47992,계약배달 판매업,52,전북특별자치도,52140,익산시,52140570,동산동,5214011100,동산동,5214011100110380002,1,대지,1038,2,전북특별자치도 익산시 동산동 1038-2,521404607619,전북특별자치도 익산시 서동로8길,16,1,4514011100110380002072880,,전북특별자치도 익산시 서동로8길 16-1,570959,54607,,,,126.960295318779,35.9318088409501
MA010120220807312492,파스퇴르유업익산,대리점,G2,소매,G206,음료 소매,G20604,우유 소매업,G47992,계약배달 판매업,52,전북특별자치도,52140,익산시,52140652,어양동,5214012300,어양동,5214012300105980006,1,대지,598,6,전북특별자치도 익산시 어양동 598-6,521404607291,전북특별자치도 익산시 동서로45길,31,17,4514012300105980006063190,,전북특별자치도 익산시 동서로45길 31-17,570210,54640,,,,126.979294544996,35.9524610862495
MA010120220807299636,고창상하목장,대리점,G2,소매,G206,음료 소매,G20604,우유 소매업,G47992,계약배달 판매업,52,전북특별자치도,52790,고창군,52790250,고창읍,5279025021,고창읍,5279025021105560014,1,대지,556,14,전북특별자치도 고창군 고창읍 읍내리 556-14,527903279026,전북특별자치도 고창군 고창읍 보릿골로,65,,4579025021105560014004688,,전북특별자치도 고창군 고창읍 보릿골로 65,585808,56438,,,,126.69512188721,35.4312462807237
MA010120220807356607,정읍상하목장,대리점,G2,소매,G206,음료 소매,G20604,우유 소매업,G47992,계약배달 판매업,52,전북특별자치도,52180,정읍시,52180545,시기동,5218010400,시기동,5218010400107410000,1,대지,741,,전북특별자치도 정읍시 시기동 741,521804610882,전북특별자치도 정읍시 조곡천1길,8,,4518010400107410000069922,,전북특별자치도 정읍시 조곡천1길 8,580060,56160,,,,126.845608647832,35.5681346681058
MA010120220807355204,서울우유부안,대리점,G2,소매,G206,음료 소매,G20604,우유 소매업,G47992,계약배달 판매업,52,전북특별자치도,52800,부안군,52800250,부안읍,5280025022,부안읍,5280025022105360003,1,대지,536,3,전북특별자치도 부안군 부안읍 서외리 536-3,528003280067,전북특별자치도 부안군 부안읍 오리정로,90,,4580025022105360003023275,,전북특별자치도 부안군 부안읍 오리정로 90,579803,56314,,,,126.731868413364,35.7230733428821
MA010120220807353832,남양우유정읍가정,대리점,G2,소매,G206,음료 소매,G20604,우유 소매업,G47992,계약배달 판매업,52,전북특별자치도,52180,정읍시,52180570,연지동,5218010500,연지동,5218010500102960003,1,대지,296,3,전북특별자치도 정읍시 연지동 296-3,521803270013,전북특별자치도 정읍시 명덕로,2,,4518010500102960003070531,,전북특별자치도 정읍시 명덕로 2,580807,56158,,,,126.841298373153,35.5722660253253
MA010120220807349812,매일우유부안DS,대리점,G2,소매,G206,음료 소매,G20604,우유 소매업,G47992,계약배달 판매업,52,전북특별자치도,52800,부안군,52800250,부안읍,5280025022,부안읍,5280025022105580004,1,대지,558,4,전북특별자치도 부안군 부안읍 서외리 558-4,528003280045,전북특별자치도 부안군 부안읍 부풍로,134,,4580025022105580004023068,,전북특별자치도 부안군 부안읍 부풍로 134,579803,56312,,,,126.730543830132,35.719285039743
MA010120220808852743,가야생수,,G2,소매,G206,음료 소매,G20604,우유 소매업,G47221,음료 소매업,47,경상북도,47130,경주시,47130253,안강읍,4713025330,안강읍,4713025330106840000,1,대지,684,,경상북도 경주시 안강읍 하곡리 684,471303305033,경상북도 경주시 안강읍 새안현로,1274,46,4713025330106840000102340,,경상북도 경주시 안강읍 새안현로 1274-46,780802,38028,,,,129.143097724031,35.9797760474615
MA010120220810214254,남양유업동부,대리점,G2,소매,G206,음료 소매,G20604,우유 소매업,G47221,음료 소매업,50,제주특별자치도,50110,제주시,50110690,도두동,5011012800,도두이동,5011012800111570001,1,대지,1157,1,제주특별자치도 제주시 도두이동 1157-1,501104848682,제주특별자치도 제주시 제성1길,26,,5011012800111570001000001,,제주특별자치도 제주시 제성1길 26,690242,63116,,,,126.48329536674,33.4959520579977
MA010120220810312554,한라우유정존보급소,,G2,소매,G206,음료 소매,G20604,우유 소매업,G47992,계약배달 판매업,50,제주특별자치도,50110,제주시,50110660,노형동,5011012200,노형동,5011012200125300004,1,대지,2530,4,제주특별자치도 제주시 노형동 2530-4,501104848679,제주특별자치도 제주시 정존5길,36,,5011012200125300004010763,,제주특별자치도 제주시 정존5길 36,690840,63102,,,,126.472416746309,33.4851863033047
MA010120220811749959,서울우유산청,대리점,G2,소매,G206,음료 소매,G20604,우유 소매업,G47992,계약배달 판매업,48,경상남도,48860,산청군,48860370,단성면,4886037023,단성면,4886037023102540006,1,대지,254,6,경상남도 산청군 단성면 방목리 254-6,488604835005,경상남도 산청군 단성면 강누방목로401번길,44,,4886037023200820076000001,,경상남도 산청군 단성면 강누방목로401번길 44,666944,52242,,,,127.934721164928,35.3283310134772
MA010120220800662483,고양동부,대리점,G2,소매,G206,음료 소매,G20604,우유 소매업,G47992,계약배달 판매업,41,경기도,41285,고양시 일산동구,41285510,식사동,4128510100,식사동,4128510100106030014,1,대지,603,14,경기도 고양시 일산동구 식사동 603-14,412854379037,경기도 고양시 일산동구 고양대로1080번길,54,,4128510100106030014016580,,경기도 고양시 일산동구 고양대로1080번길 54,410821,10304,,,,126.808190336839,37.6670763033315
MA010120220800747440,천왕,대리점,G2,소매,G206,음료 소매,G20604,우유 소매업,G47221,음료 소매업,11,서울특별시,11530,구로구,11530550,구로4동,1153010200,구로동,1153010200101230010,1,대지,123,10,서울특별시 구로구 구로동 123-10,115304148287,서울특별시 구로구 구로중앙로8길,42,,1153010200101230010016529,,서울특별시 구로구 구로중앙로8길 42,152845,08305,,1,,126.893932227594,37.4927342095808
MA010120220800793367,유정양행,,G2,소매,G206,음료 소매,G20604,우유 소매업,G47221,음료 소매업,11,서울특별시,11650,서초구,11650590,방배본동,1165010100,방배동,1165010100107960027,1,대지,796,27,서울특별시 서초구 방배동 796-27,116503121010,서울특별시 서초구 방배로,226,,1165010100107960027015977,넥센강남타워,서울특별시 서초구 방배로 226,137830,06584,,3,,126.990444772149,37.4933670921525
MA010120220802340141,에치와이시화점,,G2,소매,G206,음료 소매,G20604,우유 소매업,G47221,음료 소매업,41,경기도,41390,시흥시,41390593,정왕3동,4139013200,정왕동,4139013200121640008,1,대지,2164,8,경기도 시흥시 정왕동 2164-8,413903199030,경기도 시흥시 산기대학로,29,,4139013200121640001000001,라성아카데미타워,경기도 시흥시 산기대학로 29,429453,15080,,,,126.714991598429,37.3510417325729
MA010120220802420207,오산화성,대리점,G2,소매,G206,음료 소매,G20604,우유 소매업,G47221,음료 소매업,41,경기도,41590,화성시,41590570,화산동,4159012500,송산동,4159012500101350254,1,대지,135,254,경기도 화성시 송산동 135-254,415904431104,경기도 화성시 작현길,60,,4159012500101350254000001,,경기도 화성시 작현길 60,445370,18358,,,,127.016876006349,37.2110289316571
MA010120220802440743,장안상하목장DS,대리점,G2,소매,G206,음료 소매,G20604,우유 소매업,G47221,음료 소매업,41,경기도,41111,수원시 장안구,41111573,정자3동,4111113300,천천동,4111113300105030005,1,대지,503,5,경기도 수원시 장안구 천천동 503-5,411114322081,경기도 수원시 장안구 덕영대로497번길,14,12,4111113300105030005044581,,경기도 수원시 장안구 덕영대로497번길 14-12,440303,16325,,1,,126.97853638498,37.2992133174766
MA010120220802498925,비락우유달성,대리점,G2,소매,G206,음료 소매,G20604,우유 소매업,G47992,계약배달 판매업,27,대구광역시,27710,달성군,27710253,논공읍,2771025328,논공읍,2771025328108240151,1,대지,824,151,대구광역시 달성군 논공읍 북리 824-151,277104244127,대구광역시 달성군 논공읍 논공로26길,25,,2771025328108240151032064,,대구광역시 달성군 논공읍 논공로26길 25,711857,42986,,,,128.448850577163,35.7287982462294
MA010120220804114109,에치와이천일점,,G2,소매,G206,음료 소매,G20604,우유 소매업,G47992,계약배달 판매업,11,서울특별시,11740,강동구,11740600,천호1동,1174010900,천호동,1174010900100490036,1,대지,49,36,서울특별시 강동구 천호동 49-36,117404172347,서울특별시 강동구 천중로39길,55,,1174010900100490036014021,,서울특별시 강동구 천중로39길 55,134861,05313,,,,127.139611015175,37.5435248921672
MA010120220804126242,한아름유통,,G2,소매,G206,음료 소매,G20604,우유 소매업,G47221,음료 소매업,29,광주광역시,29200,광산구,29200620,비아동,2920011400,수완동,2920011400102560002,1,대지,256,2,광주광역시 광산구 수완동 256-2,292002009002,광주광역시 광산구 북문대로,619,46,2920011400102560002014903,,광주광역시 광산구 북문대로 619-46,506300,62245,,,,126.83082386225,35.2059085891863
MA010120220804145214,북부천,대리점,G2,소매,G206,음료 소매,G20604,우유 소매업,G47221,음료 소매업,41,경기도,41196,부천시 오정구,41196570,신흥동,4119610700,삼정동,4119610700103070015,1,대지,307,15,경기도 부천시 오정구 삼정동 307-15,411964358395,경기도 부천시 오정구 중동로420번길,36,,4119910700103070015029177,일부,경기도 부천시 오정구 중동로420번길 36,421810,14495,,1,,126.772128548237,37.517294609028
MA010120220804109195,종합우유,,G2,소매,G206,음료 소매,G20604,우유 소매업,G47221,음료 소매업,11,서울특별시,11215,광진구,11215840,자양3동,1121510500,자양동,1121510500104530008,1,대지,453,8,서울특별시 광진구 자양동 453-8,112154112484,서울특별시 광진구 자양번영로5길,27,,1121510500104530008011659,전면최우측,서울특별시 광진구 자양번영로5길 27,143857,05092,,1,,127.073970258406,37.5327001733369
MA010120220805603980,연세우유청주특판,대리점,G2,소매,G206,음료 소매,G20604,우유 소매업,G47221,음료 소매업,43,충청북도,43112,청주시 서원구,43112560,분평동,4311211100,장성동,4311211100100150014,1,대지,15,14,충청북도 청주시 서원구 장성동 15-14,431123237014,충청북도 청주시 서원구 궁뜰로,72,,4311314200100150014000001,,충청북도 청주시 서원구 궁뜰로 72,362855,28803,,1,,127.48342160849,36.597610242841
MA010120220805604717,건국우유단양,대리점,G2,소매,G206,음료 소매,G20604,우유 소매업,G47992,계약배달 판매업,43,충청북도,43800,단양군,43800253,매포읍,4380025327,매포읍,4380025327113300000,1,대지,1330,,충청북도 단양군 매포읍 평동리 1330,438004544501,충청북도 단양군 매포읍 평동38길,24,,4380025327113300000000001,,충청북도 단양군 매포읍 평동38길 24,395904,27006,,1,,128.295520414909,37.0305566395807
MA010120220805640708,정훈유통,,G2,소매,G206,음료 소매,G20604,우유 소매업,G47992,계약배달 판매업,41,경기도,41630,양주시,41630330,광적면,4163033023,광적면,4163033023100250001,1,대지,25,1,경기도 양주시 광적면 우고리 25-1,416304436200,경기도 양주시 광적면 부흥로618번길,146,,4163033023100250001056342,,경기도 양주시 광적면 부흥로618번길 146,482845,11502,,,,126.966859908706,37.8168515322418
MA010120220805661595,건국유업상주,대리점,G2,소매,G206,음료 소매,G20604,우유 소매업,G47992,계약배달 판매업,47,경상북도,47250,상주시,47250540,계림동,4725012900,화산동,4725012900110920002,1,대지,1092,2,경상북도 상주시 화산동 1092-2,472504733893,경상북도 상주시 화산1길,11,,4725012900110920002100552,,경상북도 상주시 화산1길 11,742220,37159,,,,128.160121762652,36.4353775628623
MA010120220805694377,행주몰,,G2,소매,G206,음료 소매,G20604,우유 소매업,G47221,음료 소매업,41,경기도,41135,성남시 분당구,41135620,야탑1동,4113510700,야탑동,4113510700103670004,1,대지,367,4,경기도 성남시 분당구 야탑동 367-4,411353180041,경기도 성남시 분당구 야탑로,95,,4113510700103670004064172,아빌딩,경기도 성남시 분당구 야탑로 95,463827,13506,,1,,127.129287644413,37.4101782949542
MA010120220805722133,제천남양홈써비스,,G2,소매,G206,음료 소매,G20604,우유 소매업,G47992,계약배달 판매업,43,충청북도,43150,제천시,43150528,중앙동,4315010700,중앙로2가,4315010700100660015,1,대지,66,15,충청북도 제천시 중앙로2가 66-15,431504518055,충청북도 제천시 칠성로13길,15,,4315010700100660015033401,,충청북도 제천시 칠성로13길 15,390012,27166,,,,128.214168654327,37.1441698698397
MA010120220805722632,서울우유제천가정,대리점,G2,소매,G206,음료 소매,G20604,우유 소매업,G47992,계약배달 판매업,43,충청북도,43150,제천시,43150528,중앙동,4315010700,중앙로2가,4315010700100660015,1,대지,66,15,충청북도 제천시 중앙로2가 66-15,431504518055,충청북도 제천시 칠성로13길,15,,4315010700100660015033401,,충청북도 제천시 칠성로13길 15,390012,27166,,,,128.214168654327,37.1441698698397
MA010120220805718933,유진상사,,G2,소매,G206,음료 소매,G20604,우유 소매업,G47221,음료 소매업,43,충청북도,43150,제천시,43150547,영서동,4315010200,서부동,4315010200104840000,1,대지,484,,충청북도 제천시 서부동 484,431503239009,충청북도 제천시 내제로,92,1,4315010200104840000022032,,충청북도 제천시 내제로 92-1,390060,27171,,1,,128.202877335125,37.1376175619636
MA010120220807084443,서울우유,,G2,소매,G206,음료 소매,G20604,우유 소매업,G47992,계약배달 판매업,41,경기도,41285,고양시 일산동구,41285510,식사동,4128510100,식사동,4128510100106030003,1,대지,603,3,경기도 고양시 일산동구 식사동 603-3,412854379037,경기도 고양시 일산동구 고양대로1080번길,52,,4128510100106030003013699,,경기도 고양시 일산동구 고양대로1080번길 52,410821,10304,,,,126.808280639636,37.6672206068253
MA010120220807083187,한국야쿠르트논산특판점,,G2,소매,G206,음료 소매,G20604,우유 소매업,G47992,계약배달 판매업,44,충청남도,44230,논산시,44230520,부창동,4423010300,대교동,4423010300100080000,1,대지,8,,충청남도 논산시 대교동 8,442304565810,충청남도 논산시 중앙로500번길,47,,4423010300100080000000001,,충청남도 논산시 중앙로500번길 47,320800,32966,,,,127.087549886975,36.2084048382492
MA010120220807182315,더좋은본향행복빙그레.샤니,,G2,소매,G206,음료 소매,G20604,우유 소매업,G47221,음료 소매업,52,전북특별자치도,52130,군산시,52130703,나운3동,5213014500,미룡동,5213014500108530001,1,대지,853,1,전북특별자치도 군산시 미룡동 853-1,521304605033,전북특별자치도 군산시 칠성5길,25,,4513014500108530001000001,,전북특별자치도 군산시 칠성5길 25,573872,54149,,,,126.676816383882,35.9577776448527
MA010120220807181359,연세우유군산중앙보급소,,G2,소매,G206,음료 소매,G20604,우유 소매업,G47992,계약배달 판매업,52,전북특별자치도,52130,군산시,52130701,나운1동,5213014400,나운동,5213014400107890016,1,대지,789,16,전북특별자치도 군산시 나운동 789-16,521304604675,전북특별자치도 군산시 신설3길,6,6,4513014400107890016007523,,전북특별자치도 군산시 신설3길 6-6,573869,54128,,,,126.695026182347,35.9671620987497
MA010120220807180210,빙그레대성,대리점,G2,소매,G206,음료 소매,G20604,우유 소매업,G47221,음료 소매업,52,전북특별자치도,52130,군산시,52130690,수송동,5213014300,지곡동,5213014300105280000,1,대지,528,,전북특별자치도 군산시 지곡동 528,521304604490,전북특별자치도 군산시 상지곡2길,11,,4513014300105280000034430,,전북특별자치도 군산시 상지곡2길 11,573370,54103,,,,126.709620139461,35.9568791495233
MA010120220807195667,연세우유무안함평,대리점,G2,소매,G206,음료 소매,G20604,우유 소매업,G47221,음료 소매업,46,전라남도,46840,무안군,46840250,무안읍,4684025021,무안읍,4684025021100200021,1,대지,20,21,전라남도 무안군 무안읍 성내리 20-21,468403295003,전라남도 무안군 무안읍 공항로,57,,4684025021100200021056189,,전라남도 무안군 무안읍 공항로 57,534802,58522,,,,126.475519379513,34.9933156268966
MA010120220807226269,남양유업덕진가정,대리점,G2,소매,G206,음료 소매,G20604,우유 소매업,G47992,계약배달 판매업,52,전북특별자치도,52113,전주시 덕진구,52113550,인후2동,5211310400,인후동2가,5211310400115490001,1,대지,1549,1,전북특별자치도 전주시 덕진구 인후동2가 1549-1,521134601138,전북특별자치도 전주시 덕진구 명주3길,27,,4511310400115490001004301,,전북특별자치도 전주시 덕진구 명주3길 27,561832,54916,,,,127.148523996493,35.8428152404861
MA010120220807191616,동원데어리푸드삼학,대리점,G2,소매,G206,음료 소매,G20604,우유 소매업,G47221,음료 소매업,52,전북특별자치도,52130,군산시,52130560,삼학동,5213011100,삼학동,5213011100108140032,1,대지,814,32,전북특별자치도 군산시 삼학동 814-32,521303268101,전북특별자치도 군산시 축동로,177,,4513011100108140032016505,,전북특별자치도 군산시 축동로 177,573310,54122,,,,126.710262800243,35.9751577544347
MA010120220808544183,파스퇴르뉴월드,,G2,소매,G206,음료 소매,G20604,우유 소매업,G47221,음료 소매업,11,서울특별시,11710,송파구,11710620,가락본동,1171010700,가락동,1171010700100830017,1,대지,83,17,서울특별시 송파구 가락동 83-17,117104169483,서울특별시 송파구 중대로9길,42,24,1171010700100830017006998,,서울특별시 송파구 중대로9길 42-24,138803,05712,,1,,127.119325711267,37.4959561758238
MA010120220808600092,덴마크우유평택가정,대리점,G2,소매,G206,음료 소매,G20604,우유 소매업,G47992,계약배달 판매업,41,경기도,41220,평택시,41220620,비전1동,4122011800,비전동,4122011800107860002,1,대지,786,2,경기도 평택시 비전동 786-2,412203188021,경기도 평택시 비전1로,26,1,4122011800107860002015957,,경기도 평택시 비전1로 26-1,450808,17880,,,,127.093439466119,37.0018739154017
MA010120220808684352,서울우유고객센터,광화문,G2,소매,G206,음료 소매,G20604,우유 소매업,G47992,계약배달 판매업,11,서울특별시,11110,종로구,11110530,사직동,1111011500,사직동,1111011500102300006,1,대지,230,6,서울특별시 종로구 사직동 230-6,111103100005,서울특별시 종로구 사직로,69,,1111011500102300006028286,,서울특별시 종로구 사직로 69,110054,03028,,,,126.967182612538,37.5746692403474
MA010120220810055884,밀크원,,G2,소매,G206,음료 소매,G20604,우유 소매업,G47221,음료 소매업,31,울산광역시,31200,북구,31200560,효문동,3120012000,명촌동,3120012000106960001,1,대지,696,1,울산광역시 북구 명촌동 696-1,312004316098,울산광역시 북구 명촌13길,29,1,3120012000106960001000004,진장명촌,울산광역시 북구 명촌13길 29-1,683360,44254,,,,129.353936309983,35.5565576024167
MA010120220810030397,남양우유하동,대리점,G2,소매,G206,음료 소매,G20604,우유 소매업,G47221,음료 소매업,48,경상남도,48850,하동군,48850250,하동읍,4885025021,하동읍,4885025021101170010,1,대지,117,10,경상남도 하동군 하동읍 읍내리 117-10,488504832329,경상남도 하동군 하동읍 연화길,8,1,4885025021101170007019678,,경상남도 하동군 하동읍 연화길 8-1,667804,52324,,,,127.753092932119,35.0718553384989
MA010120220810166697,건국우유경안보급소,,G2,소매,G206,음료 소매,G20604,우유 소매업,G47992,계약배달 판매업,41,경기도,41610,광주시,41610510,경안동,4161010100,경안동,4161010100102010001,1,대지,201,1,경기도 광주시 경안동 201-1,416103211001,경기도 광주시 경안로,121,,4161010100102010001247631,,경기도 광주시 경안로 121,464803,12764,,,,127.248377721584,37.4074742506658
MA010120220811627601,신천특판,,G2,소매,G206,음료 소매,G20604,우유 소매업,G47221,음료 소매업,27,대구광역시,27230,북구,27230631,산격4동,2723011100,산격동,2723011100111630015,1,대지,1163,15,대구광역시 북구 산격동 1163-15,272303145033,대구광역시 북구 연암공원로,74,2,2723011100111630015034347,,대구광역시 북구 연암공원로 74-2,702014,41534,,,,128.600472905576,35.8969327397332
MA010120220811621100,부산우유금사1,대리점,G2,소매,G206,음료 소매,G20604,우유 소매업,G47992,계약배달 판매업,26,부산광역시,26410,금정구,26410555,금사회동동,2641011200,회동동,2641011200102000020,1,대지,200,20,부산광역시 금정구 회동동 200-20,264104205467,부산광역시 금정구 회천로5번길,32,4,2641011200102000020018431,,부산광역시 금정구 회천로5번길 32-4,609845,46263,,,,129.11529625501,35.2259369319835
MA010120220811593489,부산우유남산,대리점,G2,소매,G206,음료 소매,G20604,우유 소매업,G47992,계약배달 판매업,26,부산광역시,26410,금정구,26410670,남산동,2641010400,남산동,2641010400100990021,1,대지,99,21,부산광역시 금정구 남산동 99-21,264104205186,부산광역시 금정구 범어천로31번길,32,,2641010400100990021015550,,부산광역시 금정구 범어천로31번길 32,609811,46220,,,,129.089863537023,35.2675161264717
MA010120220811609196,기장정관파스퇴르유통,대리점,G2,소매,G206,음료 소매,G20604,우유 소매업,G47221,음료 소매업,26,부산광역시,26710,기장군,26710250,기장읍,2671025026,기장읍,2671025026110370000,1,대지,1037,,부산광역시 기장군 기장읍 대라리 1037,267104220305,부산광역시 기장군 기장읍 차성로253번길,30,,2671025026110370000006480,,부산광역시 기장군 기장읍 차성로253번길 30,619903,46069,,,,129.2117536796,35.2401981401982
MA010120220811720553,와이엠푸드,,G2,소매,G206,음료 소매,G20604,우유 소매업,G47221,음료 소매업,52,전북특별자치도,52130,군산시,52130690,수송동,5213014300,지곡동,5213014300105190003,1,대지,519,3,전북특별자치도 군산시 지곡동 519-3,521304604696,전북특별자치도 군산시 신지길,42,7,4513014300105190003034413,상가,전북특별자치도 군산시 신지길 42-7,573370,54103,,1,,126.708622345148,35.956921793049
MA010120220812794983,동해삼척상하목장D.S,,G2,소매,G206,음료 소매,G20604,우유 소매업,G47992,계약배달 판매업,51,강원특별자치도,51170,동해시,51170530,북삼동,5117010900,쇄운동,5117010900102830000,1,대지,283,,강원특별자치도 동해시 쇄운동 283,511703221034,강원특별자치도 동해시 청운로,71,7,4217010900102830000000001,,강원특별자치도 동해시 청운로 71-7,240190,25805,,,,129.101008513238,37.4860784109063
MA010120220813004843,호명,,G2,소매,G206,음료 소매,G20604,우유 소매업,G47221,음료 소매업,26,부산광역시,26260,동래구,26260600,사직3동,2626010900,사직동,2626010900101470002,1,대지,147,2,부산광역시 동래구 사직동 147-2,262604190454,부산광역시 동래구 중앙대로1277번길,55,2,2626010900101470002006210,,부산광역시 동래구 중앙대로1277번길 55-2,607813,47831,,,,129.074786224975,35.2006040492834
MA010120220812949356,한아,,G2,소매,G206,음료 소매,G20604,우유 소매업,G47221,음료 소매업,44,충청남도,44250,계룡시,44250315,엄사면,4425031521,엄사면,4425031521103620004,1,대지,362,4,충청남도 계룡시 엄사면 엄사리 362-4,442504568019,충청남도 계룡시 엄사면 번영10길,33,3,4425031521103620004000549,,충청남도 계룡시 엄사면 번영10길 33-3,321931,32808,,2,,127.236626332539,36.2853361564041
MA010120220813123878,연세우유광명,대리점,G2,소매,G206,음료 소매,G20604,우유 소매업,G47992,계약배달 판매업,41,경기도,41210,광명시,41210580,광명7동,4121010100,광명동,4121010100107360004,1,대지,736,4,경기도 광명시 광명동 736-4,412104361124,경기도 광명시 도덕로38번길,14,,4121010100107360004007831,,경기도 광명시 도덕로38번길 14,423819,14282,,1,,126.851973589583,37.4673617418281
MA010120220813247709,디에프씨,,G2,소매,G206,음료 소매,G20604,우유 소매업,G47221,음료 소매업,41,경기도,41390,시흥시,41390510,대야동,4139010100,대야동,4139010100106640003,1,대지,664,3,경기도 시흥시 대야동 664-3,413904854192,경기도 시흥시 은계중앙로306번길,44,,4139010100102630017000003,,경기도 시흥시 은계중앙로306번길 44,429010,15120,,,,126.798463274968,37.4536232728556
MA010120220813161531,엠에이치유통,,G2,소매,G206,음료 소매,G20604,우유 소매업,G47221,음료 소매업,27,대구광역시,27290,달서구,27290571,용산1동,2729011100,용산동,2729011100108960000,1,대지,896,,대구광역시 달서구 용산동 896,272904241429,대구광역시 달서구 와룡로45길,77,,2729011100108960000016905,,대구광역시 달서구 와룡로45길 77,704935,42632,,1,,128.532866389427,35.853090772493
MA010120220813216623,남양유업문경가정,대리점,G2,소매,G206,음료 소매,G20604,우유 소매업,G47221,음료 소매업,47,경상북도,47280,문경시,47280610,점촌5동,4728011000,모전동,4728011000104410000,1,대지,441,,경상북도 문경시 모전동 441,472803312007,경상북도 문경시 매봉로,120,,4728011000104410000026070,,경상북도 문경시 매봉로 120,745884,36976,,,,128.185943920087,36.5915636833989
MA010120220813293158,건국우유영동보급소,,G2,소매,G206,음료 소매,G20604,우유 소매업,G47992,계약배달 판매업,43,충청북도,43740,영동군,43740250,영동읍,4374025021,영동읍,4374025021106630041,1,대지,663,41,충청북도 영동군 영동읍 계산리 663-41,437404529602,충청북도 영동군 영동읍 중앙로6길,48,,4374025021106630024004653,,충청북도 영동군 영동읍 중앙로6길 48,370802,29144,,,,127.782565113586,36.1732196013774
MA010120220813384315,기흥가정,대리점,G2,소매,G206,음료 소매,G20604,우유 소매업,G47992,계약배달 판매업,41,경기도,41463,용인시 기흥구,41463572,동백1동,4146311500,동백동,4146311500106080010,1,대지,608,10,경기도 용인시 기흥구 동백동 608-10,414634412263,경기도 용인시 기흥구 평촌1로8번길,7,4,4146311500106080010017319,,경기도 용인시 기흥구 평촌1로8번길 7-4,446911,17001,,,,127.152821983013,37.2850333919462
MA010120220813590000,치즈카페,,G2,소매,G206,음료 소매,G20604,우유 소매업,G47221,음료 소매업,52,전북특별자치도,52750,임실군,52750390,강진면,5275039023,강진면,5275039023105150004,1,대지,515,4,전북특별자치도 임실군 강진면 갈담리 515-4,527503277037,전북특별자치도 임실군 강진면 호국로,14,12,4575039023105150003103952,,전북특별자치도 임실군 강진면 호국로 14-12,566862,55939,,,,127.161009028244,35.5290275996654
MA010120220813969101,남양우유남구,대리점,G2,소매,G206,음료 소매,G20604,우유 소매업,G47992,계약배달 판매업,29,광주광역시,29155,남구,29155520,방림1동,2915511400,방림동,2915511400105450031,1,대지,545,31,광주광역시 남구 방림동 545-31,291554283323,광주광역시 남구 봉선중앙로124번길,15,1,2915511400105450031030407,대하수산,광주광역시 남구 봉선중앙로124번길 15-1,503803,61665,,,,126.912520088689,35.1323722572951
MA010120220813923390,후디스숲골우유전주,대리점,G2,소매,G206,음료 소매,G20604,우유 소매업,G47992,계약배달 판매업,52,전북특별자치도,52111,전주시 완산구,52111730,효자5동,5211114200,효자동3가,5211114200114780004,1,대지,1478,4,전북특별자치도 전주시 완산구 효자동3가 1478-4,521114598178,전북특별자치도 전주시 완산구 서곡7길,14,3,4511114200114780004027156,,전북특별자치도 전주시 완산구 서곡7길 14-3,560870,54957,,1,,127.101644052244,35.832021904959
MA010120220813910157,건국대학우유백운보급소,,G2,소매,G206,음료 소매,G20604,우유 소매업,G47992,계약배달 판매업,28,인천광역시,28237,부평구,28237530,부평3동,2823710200,십정동,2823710200101810134,1,대지,181,134,인천광역시 부평구 십정동 181-134,282374262070,인천광역시 부평구 경인로811번길,20,,2823710200101810134206624,,인천광역시 부평구 경인로811번길 20,403822,21412,,,,126.71081920567,37.4823096127308
MA010120220813976950,남양우유동구가정,,G2,소매,G206,음료 소매,G20604,우유 소매업,G47992,계약배달 판매업,30,대전광역시,30110,동구,30110552,판암2동,3011010700,판암동,3011010700105740002,1,대지,574,2,대전광역시 동구 판암동 574-2,301104292421,대전광역시 동구 옻밭2길,125,,3011010700105740002030253,,대전광역시 동구 옻밭2길 125,300834,34671,,,,127.452233352885,36.3195907988221
MA010120220814135189,합천의령,,G2,소매,G206,음료 소매,G20604,우유 소매업,G47221,음료 소매업,48,경상남도,48720,의령군,48720390,부림면,4872039021,부림면,4872039021105190003,1,대지,519,3,경상남도 의령군 부림면 신반리 519-3,487204817213,경상남도 의령군 부림면 신번로7길,10,5,4872039021105190003004076,,경상남도 의령군 부림면 신번로7길 10-5,636964,52104,,,,128.324999120299,35.4677019133149
MA010120220814048672,달구벌,,G2,소매,G206,음료 소매,G20604,우유 소매업,G47992,계약배달 판매업,27,대구광역시,27290,달서구,27290572,용산2동,2729011100,용산동,2729011100104550009,1,대지,455,9,대구광역시 달서구 용산동 455-9,272904241349,대구광역시 달서구 성지로16길,35,,2729011100104550009002896,,대구광역시 달서구 성지로16길 35,704933,42617,,,,128.522385299942,35.8566394310233
MA010120220814090342,연세우유용산,대리점,G2,소매,G206,음료 소매,G20604,우유 소매업,G47992,계약배달 판매업,11,서울특별시,11170,용산구,11170625,한강로동,1117012800,한강로3가,1117012800100400500,1,대지,40,500,서울특별시 용산구 한강로3가 40-500,111704106407,서울특별시 용산구 한강대로11길,40,,1117012800100400500011911,,서울특별시 용산구 한강대로11길 40,140880,04379,,1,,126.961796405842,37.5259596478081
MA010120220814093933,건국우유군포의왕보급소,,G2,소매,G206,음료 소매,G20604,우유 소매업,G47992,계약배달 판매업,41,경기도,41410,군포시,41410550,산본2동,4141010400,산본동,4141010400110870000,1,대지,1087,,경기도 군포시 산본동 1087,414104400019,경기도 군포시 곡란로103번안길,2,,4141010400110870000009227,,경기도 군포시 곡란로103번안길 2,435850,15800,,,,126.928806860427,37.3721863765392
MA010120220800438268,정식품대림,대리점,G2,소매,G206,음료 소매,G20604,우유 소매업,G47221,음료 소매업,11,서울특별시,11560,영등포구,11560650,신길3동,1156013200,신길동,1156013200103150086,1,대지,315,86,서울특별시 영등포구 신길동 315-86,115604154019,서울특별시 영등포구 가마산로61길,12,3,1156013200103150086012986,,서울특별시 영등포구 가마산로61길 12-3,150847,07383,,,,126.905189021949,37.5062949081344
MA010120220800418795,일원유통,,G2,소매,G206,음료 소매,G20604,우유 소매업,G47221,음료 소매업,11,서울특별시,11650,서초구,11650652,양재2동,1165010200,양재동,1165010200103440000,1,대지,344,,서울특별시 서초구 양재동 344,116504163036,서울특별시 서초구 강남대로8길,40,45,1165010200103440000003644,,서울특별시 서초구 강남대로8길 40-45,137897,06786,,,,127.043578005127,37.4689420990573
MA010120220800449618,남양우유,,G2,소매,G206,음료 소매,G20604,우유 소매업,G47221,음료 소매업,11,서울특별시,11560,영등포구,11560630,신길1동,1156013200,신길동,1156013200104590001,1,대지,459,1,서울특별시 영등포구 신길동 459-1,115604154672,서울특별시 영등포구 여의대방로47라길,4,,1156013200104590001018506,,서울특별시 영등포구 여의대방로47라길 4,150853,07358,,,,126.920658504095,37.5086309037098
MA010120220800531091,건국우유화곡보급소,,G2,소매,G206,음료 소매,G20604,우유 소매업,G47992,계약배달 판매업,11,서울특별시,11500,강서구,11500570,화곡4동,1150010300,화곡동,1150010300107940008,1,대지,794,8,서울특별시 강서구 화곡동 794-8,115004145158,서울특별시 강서구 곰달래로54길,9,,1150010300107940008020095,,서울특별시 강서구 곰달래로54길 9,157897,07785,,,,126.860298204136,37.5315324789358
MA010120220800502898,강서프리미엄우유,대리점,G2,소매,G206,음료 소매,G20604,우유 소매업,G47992,계약배달 판매업,11,서울특별시,11470,양천구,11470580,신월3동,1147010300,신월동,1147010300101550001,1,대지,155,1,서울특별시 양천구 신월동 155-1,114704142005,서울특별시 양천구 가로공원로60길,5,,1147010300101550001011605,,서울특별시 양천구 가로공원로60길 5,158829,07911,,,,126.825037215576,37.5347291035728
MA010120220800593009,서대문은평유기농,대리점,G2,소매,G206,음료 소매,G20604,우유 소매업,G47221,음료 소매업,11,서울특별시,11380,은평구,11380640,증산동,1138011000,증산동,1138011000101890070,1,대지,189,70,서울특별시 은평구 증산동 189-70,113804133266,서울특별시 은평구 증산로9길,21,,1138011000101890070011048,,서울특별시 은평구 증산로9길 21,122938,03498,,1,,126.908314989486,37.5858285381352
MA010120220802169778,건국우유금곡,대리점,G2,소매,G206,음료 소매,G20604,우유 소매업,G47992,계약배달 판매업,41,경기도,41360,남양주시,41360530,금곡동,4136010300,금곡동,4136010300104040134,1,대지,404,134,경기도 남양주시 금곡동 404-134,413604391208,경기도 남양주시 금곡로27번길,21,,4136010300104040134006621,,경기도 남양주시 금곡로27번길 21,472805,12234,,,,127.207012737124,37.6358045642675
MA010120220802145143,인천제일상하목장,대리점,G2,소매,G206,음료 소매,G20604,우유 소매업,G47992,계약배달 판매업,28,인천광역시,28185,연수구,28185750,선학동,2818510200,선학동,2818510200103750000,1,대지,375,,인천광역시 연수구 선학동 375,281854256101,인천광역시 연수구 비류대로529번길,27,17,2818510200103750000188006,,인천광역시 연수구 비류대로529번길 27-17,406807,21911,,1,,126.692311152208,37.424300900066
MA010120220802167520,일동후디스우유구리,대리점,G2,소매,G206,음료 소매,G20604,우유 소매업,G47992,계약배달 판매업,41,경기도,41360,남양주시,41360530,금곡동,4136010300,금곡동,4136010300102950001,1,대지,295,1,경기도 남양주시 금곡동 295-1,413604391459,경기도 남양주시 사릉로58번길,49,,4136010300102950001006335,,경기도 남양주시 사릉로58번길 49,472804,12231,,,,127.21202540421,37.6415619560273
MA010120220802134507,에치와이,연수점,G2,소매,G206,음료 소매,G20604,우유 소매업,G47992,계약배달 판매업,28,인천광역시,28185,연수구,28185762,연수2동,2818510300,연수동,2818510300106290003,1,대지,629,3,인천광역시 연수구 연수동 629-3,281854256124,인천광역시 연수구 샘말로8번길,13,13,2818510300106290003095047,,인천광역시 연수구 샘말로8번길 13-13,406818,21929,,1,,126.678896441914,37.4121375627605
MA010120220802182538,북대전밀크,,G2,소매,G206,음료 소매,G20604,우유 소매업,G47992,계약배달 판매업,30,대전광역시,30200,유성구,30200580,구즉동,3020014500,봉산동,3020014500102030004,1,대지,203,4,대전광역시 유성구 봉산동 203-4,302004301185,대전광역시 유성구 봉산로32번길,9,,3020014500102030004000430,,대전광역시 유성구 봉산로32번길 9,305506,34007,,1,,127.387301188151,36.4367907540571
MA010120220802207028,건국우유구리보급소,,G2,소매,G206,음료 소매,G20604,우유 소매업,G47992,계약배달 판매업,41,경기도,41310,구리시,41310580,수택2동,4131010500,수택동,4131010500104380034,1,대지,438,34,경기도 구리시 수택동 438-34,413104388132,경기도 구리시 원수택로11번길,28,,4131010500104380034006543,,경기도 구리시 원수택로11번길 28,471816,11933,,,,127.138391854145,37.5940451126285
MA010120220802267719,건국우유개봉보급소,,G2,소매,G206,음료 소매,G20604,우유 소매업,G47992,계약배달 판매업,11,서울특별시,11530,구로구,11530790,수궁동,1153011000,온수동,1153011000100050008,1,대지,5,8,서울특별시 구로구 온수동 5-8,115304148366,서울특별시 구로구 부일로9길,85,,1153011000100050008000833,,서울특별시 구로구 부일로9길 85,152905,08259,,1,,126.824347220027,37.4960480347718
MA010120220802221246,남양유업가평가정,대리점,G2,소매,G206,음료 소매,G20604,우유 소매업,G47221,음료 소매업,41,경기도,41820,가평군,41820250,가평읍,4182025027,가평읍,4182025027101130003,1,대지,113,3,경기도 가평군 가평읍 경반리 113-3,418204448140,경기도 가평군 가평읍 석봉로191번길,149,,4182025027101130003005224,,경기도 가평군 가평읍 석봉로191번길 149,477802,12415,,,,127.495174931988,37.8313207211178
MA010120220802291629,남양우유본오３동,대리점,G2,소매,G206,음료 소매,G20604,우유 소매업,G47221,음료 소매업,41,경기도,41271,안산시 상록구,41271570,부곡동,4127110700,부곡동,4127110700106400006,1,대지,640,6,경기도 안산시 상록구 부곡동 640-6,412714370457,경기도 안산시 상록구 정재로6길,11,,4127110700106400006030496,,경기도 안산시 상록구 정재로6길 11,426820,15304,,,,126.866263052718,37.3332438246999
MA010120220803887170,남양유업창동.수유가정,대리점,G2,소매,G206,음료 소매,G20604,우유 소매업,G47992,계약배달 판매업,11,서울특별시,11305,강북구,11305635,수유3동,1130510300,수유동,1130510300106850023,1,대지,685,23,서울특별시 강북구 수유동 685-23,113054124022,서울특별시 강북구 노해로36길,14,,1130510300106850023006777,,서울특별시 강북구 노해로36길 14,142878,01051,,1,,127.025438137115,37.6457230728731
MA010120220803913898,순창담양상하목장,대리점,G2,소매,G206,음료 소매,G20604,우유 소매업,G47992,계약배달 판매업,52,전북특별자치도,52770,순창군,52770250,순창읍,5277025022,순창읍,5277025022106380009,1,대지,638,9,전북특별자치도 순창군 순창읍 남계리 638-9,527704634177,전북특별자치도 순창군 순창읍 순창5길,23,,4577025022006380009000703,,전북특별자치도 순창군 순창읍 순창5길 23,595803,56046,,,,127.140098800401,35.373378528869
MA010120220803955591,남양우유가정,대리점,G2,소매,G206,음료 소매,G20604,우유 소매업,G47992,계약배달 판매업,11,서울특별시,11350,노원구,11350670,상계5동,1135010500,상계동,1135010500104390012,1,대지,439,12,서울특별시 노원구 상계동 439-12,113504130409,서울특별시 노원구 한글비석로31가길,25,,1135010500104390012001425,,서울특별시 노원구 한글비석로31가길 25,139820,01681,,,,127.068091022308,37.6613472212839
MA010120220803936815,파스퇴르판교가정,대리점,G2,소매,G206,음료 소매,G20604,우유 소매업,G47992,계약배달 판매업,11,서울특별시,11710,송파구,11710540,마천1동,1171011400,마천동,1171011400103110074,1,대지,311,74,서울특별시 송파구 마천동 311-74,117104169121,서울특별시 송파구 마천로61길,14,1,1171011400103110074020488,,서울특별시 송파구 마천로61길 14-1,138821,05763,,1,,127.153924372025,37.4935825568515
MA010120220805403179,프리미엄포항남부,대리점,G2,소매,G206,음료 소매,G20604,우유 소매업,G47992,계약배달 판매업,47,경상북도,47111,포항시 남구,47111590,대이동,4711111600,대잠동,4711111600109500010,1,대지,950,10,경상북도 포항시 남구 대잠동 950-10,471114709237,경상북도 포항시 남구 새천년대로410번길,11,,4711111600109500010120638,,경상북도 포항시 남구 새천년대로410번길 11,790826,37762,,,,129.344563725036,36.0123169127662
MA010120220805490507,매일우유장수,대리점,G2,소매,G206,음료 소매,G20604,우유 소매업,G47992,계약배달 판매업,52,전북특별자치도,52740,장수군,52740335,장계면,5274033521,장계면,5274033521106450000,1,대지,645,,전북특별자치도 장수군 장계면 장계리 645,527403276047,전북특별자치도 장수군 장계면 문화로,12,,4574033521106450000000001,,전북특별자치도 장수군 장계면 문화로 12,597842,55615,,,,127.584722155735,35.7347223250031
MA010120220806904781,남양우유평창,대리점,G2,소매,G206,음료 소매,G20604,우유 소매업,G47992,계약배달 판매업,51,강원특별자치도,51760,평창군,51760330,대화면,5176033021,대화면,5176033021109600004,1,대지,960,4,강원특별자치도 평창군 대화면 대화리 960-4,517603228008,강원특별자치도 평창군 대화면 대화중앙로,87,,4276033021109600004007086,,강원특별자치도 평창군 대화면 대화중앙로 87,232912,25359,,,,128.455993625643,37.4968006507438
MA010120220806914121,진영우유,대리점,G2,소매,G206,음료 소매,G20604,우유 소매업,G47992,계약배달 판매업,48,경상남도,48250,김해시,48250250,진영읍,4825025026,진영읍,4825025026115850001,1,대지,1585,1,경상남도 김해시 진영읍 진영리 1585-1,482504805744,경상남도 김해시 진영읍 진산대로54번길,1,16,4825025026115850001000001,,경상남도 김해시 진영읍 진산대로54번길 1-16,621809,50862,,,,128.727262868017,35.3113680178034
MA010120220806978087,연남상사,,G2,소매,G206,음료 소매,G20604,우유 소매업,G47992,계약배달 판매업,44,충청남도,44800,홍성군,44800250,홍성읍,4480025030,홍성읍,4480025030106330000,1,대지,633,,충청남도 홍성군 홍성읍 고암리 633,448003259240,충청남도 홍성군 홍성읍 충절로,979,,4480025030106350002037670,,충청남도 홍성군 홍성읍 충절로 979,350801,32234,,,,126.67312584389,36.5956552606649
MA010120220807061828,덕양상하목장DS,대리점,G2,소매,G206,음료 소매,G20604,우유 소매업,G47992,계약배달 판매업,41,경기도,41281,고양시 덕양구,41281630,행주동,4128112000,토당동,4128112000108520012,1,대지,852,12,경기도 고양시 덕양구 토당동 852-12,412814376234,경기도 고양시 덕양구 지도로92번길,14,5,4128112000108520012012105,,경기도 고양시 덕양구 지도로92번길 14-5,412820,10511,,1,,126.825006653643,37.6251887361162
MA010120220808346372,남양우유달성가정,대리점,G2,소매,G206,음료 소매,G20604,우유 소매업,G47992,계약배달 판매업,27,대구광역시,27710,달성군,27710253,논공읍,2771025328,논공읍,2771025328104860023,1,대지,486,23,대구광역시 달성군 논공읍 북리 486-23,277104244142,대구광역시 달성군 논공읍 논공중앙로30길,19,8,2771025328104860023000001,,대구광역시 달성군 논공읍 논공중앙로30길 19-8,711857,42985,,,,128.45331013796,35.7278883341429
MA010120220808476856,푸르망,,G2,소매,G206,음료 소매,G20604,우유 소매업,G47221,음료 소매업,27,대구광역시,27290,달서구,27290615,진천동,2729011700,진천동,2729011700103930002,1,대지,393,2,대구광역시 달서구 진천동 393-2,272904241214,대구광역시 달서구 상화로7길,94,,2729011700103930002000001,,대구광역시 달서구 상화로7길 94,704837,42775,,,,128.523324118011,35.8090644183692
MA010120220808500094,완도남양가정,대리점,G2,소매,G206,음료 소매,G20604,우유 소매업,G47992,계약배달 판매업,46,전라남도,46890,완도군,46890250,완도읍,4689025021,완도읍,4689025021112210023,1,대지,1221,23,전라남도 완도군 완도읍 군내리 1221-23,468903300001,전라남도 완도군 완도읍 개포로,106,1,4689025021112210023007128,,전라남도 완도군 완도읍 개포로 106-1,537800,59113,,,,126.742364500556,34.3164700642546
MA010120220809889914,하나밀크,,G2,소매,G206,음료 소매,G20604,우유 소매업,G47221,음료 소매업,26,부산광역시,26410,금정구,26410670,남산동,2641010400,남산동,2641010400109660012,1,대지,966,12,부산광역시 금정구 남산동 966-12,264104205448,부산광역시 금정구 팔송로45번길,23,,2641010400109660012006795,,부산광역시 금정구 팔송로45번길 23,609815,46221,,,,129.087636535682,35.2710780554585
MA010120220811404025,남양우유구리가정,대리점,G2,소매,G206,음료 소매,G20604,우유 소매업,G47992,계약배달 판매업,41,경기도,41310,구리시,41310542,교문2동,4131010400,교문동,4131010400107590019,1,대지,759,19,경기도 구리시 교문동 759-19,413104388152,경기도 구리시 이문안로5번길,28,,4131010400107590019006945,,경기도 구리시 이문안로5번길 28,471809,11936,,1,,127.131834225821,37.5931876677912
MA010120220811407209,남양유업동백주간,대리점,G2,소매,G206,음료 소매,G20604,우유 소매업,G47221,음료 소매업,26,부산광역시,26350,해운대구,26350530,중1동,2635010600,중동,2635010600103070001,1,대지,307,1,부산광역시 해운대구 중동 307-1,263504199210,부산광역시 해운대구 좌동로14번길,33,,2635010600103070001000004,,부산광역시 해운대구 좌동로14번길 33,612846,48102,,1,,129.170892695683,35.1679914685769
MA010120220811398719,부산우유문현４,대리점,G2,소매,G206,음료 소매,G20604,우유 소매업,G47992,계약배달 판매업,26,부산광역시,26290,남구,26290710,문현4동,2629010900,문현동,2629010900110060011,1,대지,1006,11,부산광역시 남구 문현동 1006-11,262903131032,부산광역시 남구 장고개로,91,,2629010900110060011019017,,부산광역시 남구 장고개로 91,608828,48476,,,,129.069587096663,35.1332503106147
MA010120220811444797,센텀가정,대리점,G2,소매,G206,음료 소매,G20604,우유 소매업,G47992,계약배달 판매업,26,부산광역시,26350,해운대구,26350510,우1동,2635010500,우동,2635010500102040004,1,대지,204,4,부산광역시 해운대구 우동 204-4,263504199145,부산광역시 해운대구 우동3로11번길,22,1,2635010500102040004022205,,부산광역시 해운대구 우동3로11번길 22-1,612818,48086,,1,,129.162588025518,35.1689240687585
MA010120220811427488,비락수남,대리점,G2,소매,G206,음료 소매,G20604,우유 소매업,G47992,계약배달 판매업,26,부산광역시,26500,수영구,26500730,수영동,2650010200,수영동,2650010200104670013,1,대지,467,13,부산광역시 수영구 수영동 467-13,265004214221,부산광역시 수영구 수미로14번길,46,,2650010200104670013002085,,부산광역시 수영구 수미로14번길 46,613831,48231,,1,,129.110506372087,35.1728438909291
MA010120220811528837,정우F.S,,G2,소매,G206,음료 소매,G20604,우유 소매업,G47992,계약배달 판매업,31,울산광역시,31170,동구,31170560,전하2동,3117010400,전하동,3117010400107390002,1,대지,739,2,울산광역시 동구 전하동 739-2,311703171011,울산광역시 동구 봉수로,265,,3117010400107390002002789,,울산광역시 동구 봉수로 265,682828,44020,,,,129.421164344982,35.5099933761233
MA010120220800213471,남양유업마포가정,대리점,G2,소매,G206,음료 소매,G20604,우유 소매업,G47992,계약배달 판매업,11,서울특별시,11440,마포구,11440630,신수동,1144011100,신수동,1144011100100890013,1,대지,89,13,서울특별시 마포구 신수동 89-13,114404139020,서울특별시 마포구 광성로4길,7,,1144011100100890013007827,,서울특별시 마포구 광성로4길 7,121854,04096,,1,,126.9374427254,37.5495194247647
MA010120220800364101,영등포상하목장DS,대리점,G2,소매,G206,음료 소매,G20604,우유 소매업,G47992,계약배달 판매업,11,서울특별시,11560,영등포구,11560550,당산1동,1156011100,당산동1가,1156011100103150000,1,대지,315,,서울특별시 영등포구 당산동1가 315,115604154102,서울특별시 영등포구 당산로20길,8,,1156011100103150000029821,,서울특별시 영등포구 당산로20길 8,150801,07265,,,,126.896954516214,37.5233980678902
MA010120220801925923,신분당서현,대리점,G2,소매,G206,음료 소매,G20604,우유 소매업,G47221,음료 소매업,41,경기도,41135,성남시 분당구,41135640,야탑3동,4113510700,야탑동,4113510700105970000,1,대지,597,,경기도 성남시 분당구 야탑동 597,411354340542,경기도 성남시 분당구 판교로562번길,2,,4113510700105970000019428,,경기도 성남시 분당구 판교로562번길 2,463839,13515,,,,127.135461191033,37.4073692125686
MA010120220801894984,서울우유속초가정고객센터,,G2,소매,G206,음료 소매,G20604,우유 소매업,G47992,계약배달 판매업,51,강원특별자치도,51210,속초시,51210570,노학동,5121010700,노학동,5121010700103240014,1,대지,324,14,강원특별자치도 속초시 노학동 324-14,512104469017,강원특별자치도 속초시 노리5길,9,,4221010700103240014014990,,강원특별자치도 속초시 노리5길 9,217070,24864,,,,128.556649171093,38.1898989670245
MA010120220801989309,덴마크우유,,G2,소매,G206,음료 소매,G20604,우유 소매업,G47221,음료 소매업,41,경기도,41192,부천시 원미구,41192510,심곡1동,4119210200,심곡동,4119210200103670002,1,대지,367,2,경기도 부천시 원미구 심곡동 367-2,411924352190,경기도 부천시 원미구 부천로65번길,34,,4119510200103670002030014,,경기도 부천시 원미구 부천로65번길 34,420824,14630,,1,,126.78287091284,37.4912037556933
MA010120220802034971,에치와이,심곡점,G2,소매,G206,음료 소매,G20604,우유 소매업,G47992,계약배달 판매업,41,경기도,41192,부천시 원미구,41192510,심곡1동,4119210200,심곡동,4119210200103660004,1,대지,366,4,경기도 부천시 원미구 심곡동 366-4,411924352223,경기도 부천시 원미구 부흥로374번길,25,5,4119510200103660004028506,,경기도 부천시 원미구 부흥로374번길 25-5,420824,14630,,1,,126.782770292947,37.4908071281699
MA010120220802028616,덴마크우유부천,대리점,G2,소매,G206,음료 소매,G20604,우유 소매업,G47221,음료 소매업,41,경기도,41192,부천시 원미구,41192620,중동,4119210800,중동,4119210800108190006,1,대지,819,6,경기도 부천시 원미구 중동 819-6,411924352064,경기도 부천시 원미구 부일로342번길,22,,4119510800108190006040850,,경기도 부천시 원미구 부일로342번길 22,420845,14626,,1,,126.767629648311,37.4871022147086
MA010120220802103550,신연수가정,대리점,G2,소매,G206,음료 소매,G20604,우유 소매업,G47992,계약배달 판매업,28,인천광역시,28185,연수구,28185761,연수1동,2818510300,연수동,2818510300105430005,1,대지,543,5,인천광역시 연수구 연수동 543-5,281854256056,인천광역시 연수구 먼우금로251번길,13,,2818510300105430005052389,,인천광역시 연수구 먼우금로251번길 13,406814,21921,,1,,126.678604728711,37.4196061864379
MA010120220803701021,에치와이만수점,,G2,소매,G206,음료 소매,G20604,우유 소매업,G47221,음료 소매업,28,인천광역시,28200,남동구,28200560,만수1동,2820010300,만수동,2820010300109620004,1,대지,962,4,인천광역시 남동구 만수동 962-4,282004259731,인천광역시 남동구 하촌로70번길,32,,2820010300109620004026460,,인천광역시 남동구 하촌로70번길 32,405865,21540,,1,,126.735174567849,37.4529938349998
MA010120220803766212,건국우유구의광장,대리점,G2,소매,G206,음료 소매,G20604,우유 소매업,G47992,계약배달 판매업,11,서울특별시,11215,광진구,11215870,구의3동,1121510300,구의동,1121510300102090074,1,대지,209,74,서울특별시 광진구 구의동 209-74,112154112349,서울특별시 광진구 아차산로63길,31,,1121510300102090074008254,점포,서울특별시 광진구 아차산로63길 31,143821,05036,,1,,127.092037151146,37.540769447003
MA010120220803762603,건국우유판교,대리점,G2,소매,G206,음료 소매,G20604,우유 소매업,G47992,계약배달 판매업,41,경기도,41133,성남시 중원구,41133570,상대원1동,4113310500,상대원동,4113310500109110000,1,대지,911,,경기도 성남시 중원구 상대원동 911,411334337182,경기도 성남시 중원구 박석로72번길,10,,4113310500109110000039391,,경기도 성남시 중원구 박석로72번길 10,462808,13235,,1,,127.166491662453,37.4393697477212
MA010120220803775065,서서울유통,,G2,소매,G206,음료 소매,G20604,우유 소매업,G47221,음료 소매업,41,경기도,41281,고양시 덕양구,41281600,관산동,4128111800,관산동,4128111800106080003,1,대지,608,3,경기도 고양시 덕양구 관산동 608-3,412814376005,경기도 고양시 덕양구 고골길116번길,39,78,4128111800106080003000001,,경기도 고양시 덕양구 고골길116번길 39-78,412804,10265,,,,126.869236850545,37.7121455342588
MA010120220803812350,제주우유애월,대리점,G2,소매,G206,음료 소매,G20604,우유 소매업,G47221,음료 소매업,50,제주특별자치도,50110,제주시,50110670,외도동,5011012300,외도일동,5011012300105390004,1,대지,539,4,제주특별자치도 제주시 외도일동 539-4,501104848469,제주특별자치도 제주시 우령안2길,21,,5011012300105390004000001,,제주특별자치도 제주시 우령안2길 21,690191,63069,,,,126.428291551119,33.4868208280919
MA010120220803841756,파스퇴르세종,대리점,G2,소매,G206,음료 소매,G20604,우유 소매업,G47992,계약배달 판매업,36,세종특별자치시,36110,세종특별자치시,36110250,조치원읍,3611025028,조치원읍,3611025028102560005,1,대지,256,5,세종특별자치시 세종특별자치시 조치원읍 침산리 256-5,361103258034,세종특별자치시 세종특별자치시 조치원읍 충현로,195,,4473025028102560005036749,,세종특별자치시 세종특별자치시 조치원읍 충현로 195,339887,30021,,,,127.29386693623,36.605897056497
MA010120220805390059,매일태안상하목장가정,대리점,G2,소매,G206,음료 소매,G20604,우유 소매업,G47992,계약배달 판매업,44,충청남도,44825,태안군,44825250,태안읍,4482525022,태안읍,4482525022106990006,1,대지,699,6,충청남도 태안군 태안읍 남문리 699-6,448254592032,충청남도 태안군 태안읍 군청7길,9,,4482525022106990006007642,,충청남도 태안군 태안읍 군청7길 9,357901,32144,,,,126.301238654773,36.7480193103774
MA010120220806731980,프리미엄우유,대리점,G2,소매,G206,음료 소매,G20604,우유 소매업,G47992,계약배달 판매업,47,경상북도,47113,포항시 북구,47113710,환여동,4711312300,환호동,4711312300104960007,1,대지,496,7,경상북도 포항시 북구 환호동 496-7,471133304014,경상북도 포항시 북구 삼호로,491,1,4711312300104960007115913,,경상북도 포항시 북구 삼호로 491-1,791280,37601,,,,129.398587510363,36.0717310779893
MA010120220806859796,대자연,,G2,소매,G206,음료 소매,G20604,우유 소매업,G47221,음료 소매업,51,강원특별자치도,51780,철원군,51780253,김화읍,5178025329,김화읍,5178025329102860001,1,대지,286,1,강원특별자치도 철원군 김화읍 도창리 286-1,517804490090,강원특별자치도 철원군 김화읍 도창1길,32,2,4278025329102860001000001,,강원특별자치도 철원군 김화읍 도창1길 32-2,269831,24052,,,,127.357583067845,38.2675476261497
MA010120220808253146,한울유통,,G2,소매,G206,음료 소매,G20604,우유 소매업,G47221,음료 소매업,46,전라남도,46110,목포시,46110520,용당2동,4611010100,용당동,4611010100111330014,1,대지,1133,14,전라남도 목포시 용당동 1133-14,461104643287,전라남도 목포시 산정로128번길,35,1,4611010100111330014000002,,전라남도 목포시 산정로128번길 35-1,530362,58707,,,,126.396328364758,34.8017827367449
MA010120220808259058,동원유가공도마,대리점,G2,소매,G206,음료 소매,G20604,우유 소매업,G47221,음료 소매업,30,대전광역시,30170,서구,30170520,도마1동,3017010300,도마동,3017010300100750023,1,대지,75,23,대전광역시 서구 도마동 75-23,301704298202,대전광역시 서구 도마15길,48,,3017010300100750023026335,,대전광역시 서구 도마15길 48,302819,35330,,1,,127.380604411762,36.3213723330767
MA010120220808275110,강남,대리점,G2,소매,G206,음료 소매,G20604,우유 소매업,G47992,계약배달 판매업,11,서울특별시,11710,송파구,11710520,풍납2동,1171010300,풍납동,1171010300102270020,1,대지,227,20,서울특별시 송파구 풍납동 227-20,117104169500,서울특별시 송파구 풍성로14길,18,,1171010300102270020024577,,서울특별시 송파구 풍성로14길 18,138874,05526,,,,127.115888684246,37.5329908384591
MA010120220808308283,에코팜서초,대리점,G2,소매,G206,음료 소매,G20604,우유 소매업,G47221,음료 소매업,41,경기도,41131,성남시 수정구,41131650,시흥동,4113111600,금토동,4113111600102900011,1,대지,290,11,경기도 성남시 수정구 금토동 290-11,411314334132,경기도 성남시 수정구 달래내로27번길,3,,4113111600102900011000001,,경기도 성남시 수정구 달래내로27번길 3,461370,13449,,1,,127.097386935458,37.4083347543014
MA010120220808319647,연세우유금오,대리점,G2,소매,G206,음료 소매,G20604,우유 소매업,G47992,계약배달 판매업,47,경상북도,47150,김천시,47150516,자산동,4715010300,모암동,4715010300101920011,1,대지,192,11,경상북도 김천시 모암동 192-11,471504718309,경상북도 김천시 모암길,92,,4715010300101920011004368,,경상북도 김천시 모암길 92,740010,39581,,,,128.124455760836,36.1240959498396
MA010120220809681003,포항북부상하목장,대리점,G2,소매,G206,음료 소매,G20604,우유 소매업,G47992,계약배달 판매업,47,경상북도,47113,포항시 북구,47113710,환여동,4711312300,환호동,4711312300104960007,1,대지,496,7,경상북도 포항시 북구 환호동 496-7,471133304014,경상북도 포항시 북구 삼호로,491,1,4711312300104960007115913,,경상북도 포항시 북구 삼호로 491-1,791280,37601,,,,129.398587510363,36.0717310779893
MA010120220809841036,프리미엄우유달성,대리점,G2,소매,G206,음료 소매,G20604,우유 소매업,G47992,계약배달 판매업,27,대구광역시,27710,달성군,27710253,논공읍,2771025328,논공읍,2771025328108330055,1,대지,833,55,대구광역시 달성군 논공읍 북리 833-55,277104244257,대구광역시 달성군 논공읍 북리1길,16,4,2771025328108330055040610,,대구광역시 달성군 논공읍 북리1길 16-4,711857,42985,,,,128.451832607753,35.7280773982499
MA010120220811264554,매일창원특판,,G2,소매,G206,음료 소매,G20604,우유 소매업,G47221,음료 소매업,48,경상남도,48127,창원시 마산회원구,48127250,내서읍,4812725023,내서읍,4812725023106350000,1,대지,635,,경상남도 창원시 마산회원구 내서읍 호계리 635,481273330028,경상남도 창원시 마산회원구 내서읍 호계본동로,104,,4812725023106350000006040,,경상남도 창원시 마산회원구 내서읍 호계본동로 104,630856,51212,,,,128.515892959363,35.2666990823161
MA010120220811329022,남양유업구제주가정,대리점,G2,소매,G206,음료 소매,G20604,우유 소매업,G47992,계약배달 판매업,50,제주특별자치도,50110,제주시,50110550,삼도1동,5011010500,삼도일동,5011010500107830027,1,대지,783,27,제주특별자치도 제주시 삼도일동 783-27,501104847913,제주특별자치도 제주시 서사로12길,5,,5011010500107830027037344,,제주특별자치도 제주시 서사로12길 5,690811,63177,,,,126.519120960358,33.5052744749027
MA010120220811355629,남양유업일출가정,대리점,G2,소매,G206,음료 소매,G20604,우유 소매업,G47992,계약배달 판매업,50,제주특별자치도,50110,제주시,50110670,외도동,5011012300,외도일동,5011012300105390010,1,대지,539,10,제주특별자치도 제주시 외도일동 539-10,501104848477,제주특별자치도 제주시 우정로16길,24,,5011012300105390010065430,,제주특별자치도 제주시 우정로16길 24,690191,63069,,,,126.428275067431,33.4860544016628
MA010120220811352353,남양유업제주가정,대리점,G2,소매,G206,음료 소매,G20604,우유 소매업,G47992,계약배달 판매업,50,제주특별자치도,50110,제주시,50110610,삼양동,5011011300,삼양일동,5011011300116590001,1,대지,1659,1,제주특별자치도 제주시 삼양일동 1659-1,501104848507,제주특별자치도 제주시 원당로3길,17,,5011011300116590001002286,,제주특별자치도 제주시 원당로3길 17,690071,63318,,,,126.588229643,33.524718351677
MA010120220800055359,해남상하DS,대리점,G2,소매,G206,음료 소매,G20604,우유 소매업,G47992,계약배달 판매업,46,전라남도,46820,해남군,46820250,해남읍,4682025036,해남읍,4682025036104520004,1,대지,452,4,전라남도 해남군 해남읍 구교리 452-4,468203294009,전라남도 해남군 해남읍 북부순환로,248,,4682025036104520004000001,,전라남도 해남군 해남읍 북부순환로 248,536803,59023,,,,126.585967201317,34.5789511305125
MA010120220801687949,석현마을휴게소,,G2,소매,G206,음료 소매,G20604,우유 소매업,G47221,음료 소매업,41,경기도,41630,양주시,41630340,장흥면,4163034024,장흥면,4163034024103730002,1,대지,373,2,경기도 양주시 장흥면 석현리 373-2,416303212007,경기도 양주시 장흥면 권율로,255,,4163034024103730002000002,,경기도 양주시 장흥면 권율로 255,482812,11519,,,,126.950934058637,37.7357592385519
MA010120220801721578,에코팜유기농,,G2,소매,G206,음료 소매,G20604,우유 소매업,G47221,음료 소매업,41,경기도,41150,의정부시,41150573,송산1동,4115010500,용현동,4115010500104040008,1,대지,404,8,경기도 의정부시 용현동 404-8,411504343225,경기도 의정부시 시민로387번길,12,,4115010500104040008021440,일부,경기도 의정부시 시민로387번길 12,480839,11784,,1,,127.077676992008,37.735428517998
MA010120220801696072,프리미엄우유의정부,대리점,G2,소매,G206,음료 소매,G20604,우유 소매업,G47221,음료 소매업,41,경기도,41150,의정부시,41150567,신곡1동,4115010400,신곡동,4115010400107070002,1,대지,707,2,경기도 의정부시 신곡동 707-2,411503181028,경기도 의정부시 신곡로,61,,4115010400107070002002189,후면,경기도 의정부시 신곡로 61,480834,11729,,1,,127.056369121033,37.7320349654935
MA010120220801711604,양주파스퇴르,,G2,소매,G206,음료 소매,G20604,우유 소매업,G47221,음료 소매업,41,경기도,41250,동두천시,41250565,불현동,4125010200,지행동,4125010200103390004,1,대지,339,4,경기도 동두천시 지행동 339-4,412504367151,경기도 동두천시 지행로94번길,24,7,4125010200103390004008944,,경기도 동두천시 지행로94번길 24-7,483020,11363,,,,127.058980086351,37.8913501400952
MA010120220801784591,건국우유파주보급소,,G2,소매,G206,음료 소매,G20604,우유 소매업,G47992,계약배달 판매업,41,경기도,41480,파주시,41480520,금촌2동,4148012300,금릉동,4148012300104440007,1,대지,444,7,경기도 파주시 금릉동 444-7,414804418477,경기도 파주시 쇠재1길,39,,4148010300104440007019445,,경기도 파주시 쇠재1길 39,413012,10934,,1,,126.779958329827,37.750916559689
MA010120220801760260,매일유업화전가정,대리점,G2,소매,G206,음료 소매,G20604,우유 소매업,G47992,계약배달 판매업,41,경기도,41281,고양시 덕양구,41281660,화전동,4128112900,화전동,4128112900103670001,1,대지,367,1,경기도 고양시 덕양구 화전동 367-1,412813192097,경기도 고양시 덕양구 화랑로,143,,4128112900103660001036134,,경기도 고양시 덕양구 화랑로 143,412160,10537,,,,126.870978291891,37.6103095851389
MA010120220801769792,에치와이김포,한강점,G2,소매,G206,음료 소매,G20604,우유 소매업,G47992,계약배달 판매업,41,경기도,41570,김포시,41570256,양촌읍,4157025623,양촌읍,4157025623109400007,1,대지,940,7,경기도 김포시 양촌읍 석모리 940-7,415703209024,경기도 김포시 양촌읍 김포한강4로,315,4,4157025623109400001000001,HY,경기도 김포시 양촌읍 김포한강4로 315-4,415824,10065,,1,,126.648795714919,37.650518835764
MA010120220801745457,연세우유일산서구,대리점,G2,소매,G206,음료 소매,G20604,우유 소매업,G47992,계약배달 판매업,41,경기도,41287,고양시 일산서구,41287520,일산2동,4128710100,일산동,4128710100105830017,1,대지,583,17,경기도 고양시 일산서구 일산동 583-17,412874382011,경기도 고양시 일산서구 고봉로329번길,18,,4128710100105830058007313,,경기도 고양시 일산서구 고봉로329번길 18,411864,10339,,,,126.776026361214,37.688832270621
MA010120220801807285,고양남양가정우유,,G2,소매,G206,음료 소매,G20604,우유 소매업,G47992,계약배달 판매업,41,경기도,41281,고양시 덕양구,41281600,관산동,4128111800,관산동,4128111800101930001,1,대지,193,1,경기도 고양시 덕양구 관산동 193-1,412814376280,경기도 고양시 덕양구 통일로759번길,32,,4128111800101930001005604,,경기도 고양시 덕양구 통일로759번길 32,412802,10287,,,,126.865292233957,37.6859227200906
MA010120220801819782,상하우유매일유업고양동부유기농,대리점,G2,소매,G206,음료 소매,G20604,우유 소매업,G47992,계약배달 판매업,41,경기도,41285,고양시 일산동구,41285510,식사동,4128510100,식사동,4128510100106030014,1,대지,603,14,경기도 고양시 일산동구 식사동 603-14,412854379037,경기도 고양시 일산동구 고양대로1080번길,54,,4128510100106030014016580,,경기도 고양시 일산동구 고양대로1080번길 54,410821,10304,,,,126.808190336839,37.6670763033315
MA010120220801791613,신고양건국보급소,,G2,소매,G206,음료 소매,G20604,우유 소매업,G47992,계약배달 판매업,41,경기도,41281,고양시 덕양구,41281510,주교동,4128110100,주교동,4128110100105960013,1,대지,596,13,경기도 고양시 덕양구 주교동 596-13,412814376185,경기도 고양시 덕양구 원당로59번길,49,6,4128110100105960013014508,,경기도 고양시 덕양구 원당로59번길 49-6,412811,10460,,,,126.831873828891,37.6592829212667
MA010120220801818357,건국우유행신보급소,,G2,소매,G206,음료 소매,G20604,우유 소매업,G47992,계약배달 판매업,41,경기도,41281,고양시 덕양구,41281630,행주동,4128112000,토당동,4128112000108750002,1,대지,875,2,경기도 고양시 덕양구 토당동 875-2,412814376228,경기도 고양시 덕양구 지도로42번길,5,,4128112000108750002011236,조화빌딩,경기도 고양시 덕양구 지도로42번길 5,412821,10515,,,,126.825027885888,37.6209631422548
MA010120220801865823,궁전우유외판원,,G2,소매,G206,음료 소매,G20604,우유 소매업,G47221,음료 소매업,41,경기도,41135,성남시 분당구,41135545,정자동,4113510300,정자동,4113510300100360001,1,대지,36,1,경기도 성남시 분당구 정자동 36-1,411354340031,경기도 성남시 분당구 내정로119번길,35,,4113510300100360001002054,,경기도 성남시 분당구 내정로119번길 35,463848,13609,,,,127.112537436289,37.3730282580343
MA010120220801861886,기흥상하목장DS,대리점,G2,소매,G206,음료 소매,G20604,우유 소매업,G47992,계약배달 판매업,41,경기도,41463,용인시 기흥구,41463516,영덕1동,4146311100,영덕동,4146311100109920011,1,대지,992,11,경기도 용인시 기흥구 영덕동 992-11,414634412298,경기도 용인시 기흥구 흥덕2로65번길,16,6,4146311100109920011001117,,경기도 용인시 기흥구 흥덕2로65번길 16-6,446908,16954,,1,,127.072464453288,37.2735765537177
MA010120220801893387,연세우유보급소,,G2,소매,G206,음료 소매,G20604,우유 소매업,G47992,계약배달 판매업,41,경기도,41131,성남시 수정구,41131550,태평2동,4113110200,태평동,4113110200132290000,1,대지,3229,,경기도 성남시 수정구 태평동 3229,411314334577,경기도 성남시 수정구 탄리로96번길,13,,4113110200132290000024670,,경기도 성남시 수정구 탄리로96번길 13,461822,13288,,,,127.136489241846,37.4448232964552
MA010120220803623857,남양우유중랑동부가정,대리점,G2,소매,G206,음료 소매,G20604,우유 소매업,G47992,계약배달 판매업,11,서울특별시,11260,중랑구,11260600,중화1동,1126010300,중화동,1126010300101320002,1,대지,132,2,서울특별시 중랑구 중화동 132-2,112604118329,서울특별시 중랑구 봉화산로30길,26,,1126010300101320002014385,,서울특별시 중랑구 봉화산로30길 26,131876,02089,,1,,127.085101801824,37.6011773542953
MA010120220805073612,비락연지,대리점,G2,소매,G206,음료 소매,G20604,우유 소매업,G47992,계약배달 판매업,26,부산광역시,26230,부산진구,26230540,연지동,2623010600,연지동,2623010600100460011,1,대지,46,11,부산광역시 부산진구 연지동 46-11,262304187234,부산광역시 부산진구 동평로265번길,28,,2623010600100460011024484,,부산광역시 부산진구 동평로265번길 28,614859,47123,,,,129.055709887589,35.172038373268
MA010120220805207187,비락우유신암,대리점,G2,소매,G206,음료 소매,G20604,우유 소매업,G47221,음료 소매업,27,대구광역시,27200,남구,27200590,대명4동,2720010300,대명동,2720010300130270066,1,대지,3027,66,대구광역시 남구 대명동 3027-66,272004232032,대구광역시 남구 대경길,73,1,2720010300130270066006854,,대구광역시 남구 대경길 73-1,705825,42462,,1,,128.572972510354,35.8470572905938
MA010120220805207776,이강유통,,G2,소매,G206,음료 소매,G20604,우유 소매업,G47992,계약배달 판매업,41,경기도,41410,군포시,41410560,금정동,4141010500,금정동,4141010500107340008,1,대지,734,8,경기도 군포시 금정동 734-8,414104400151,경기도 군포시 당산로155번길,10,,4141010500107340008006986,,경기도 군포시 당산로155번길 10,435826,15813,,1,,126.942744117695,37.3646703766669
MA010120220806563020,서울우유산본수리고객센터,,G2,소매,G206,음료 소매,G20604,우유 소매업,G47221,음료 소매업,41,경기도,41410,군포시,41410550,산본2동,4141010400,산본동,4141010400110840001,1,대지,1084,1,경기도 군포시 산본동 1084-1,414104400018,경기도 군포시 곡란로103번길,4,1,4141010400110840001009203,,경기도 군포시 곡란로103번길 4-1,435850,15800,,1,,126.929134364547,37.3720784501643
MA010120220806633925,남양우유양구가정,대리점,G2,소매,G206,음료 소매,G20604,우유 소매업,G47221,음료 소매업,51,강원특별자치도,51800,양구군,51800250,양구읍,5180025021,양구읍,5180025021102590008,1,대지,259,8,강원특별자치도 양구군 양구읍 상리 259-8,518003232021,강원특별자치도 양구군 양구읍 해시계로,22,,4280025021002590008004533,,강원특별자치도 양구군 양구읍 해시계로 22,255804,24536,,1,,127.989576086757,38.1048892359552
MA010120220806628306,부산우유정관가정,대리점,G2,소매,G206,음료 소매,G20604,우유 소매업,G47992,계약배달 판매업,26,부산광역시,26710,기장군,26710256,정관읍,2671025621,정관읍,2671025621104270006,1,대지,427,6,부산광역시 기장군 정관읍 방곡리 427-6,267103140021,부산광역시 기장군 정관읍 방곡5로,8,,2671032021104270006000001,,부산광역시 기장군 정관읍 방곡5로 8,619961,46022,,1,,129.185376074747,35.3229859605646
MA010120220806719534,서울우유정자동고객센터,,G2,소매,G206,음료 소매,G20604,우유 소매업,G47221,음료 소매업,41,경기도,41111,수원시 장안구,41111560,파장동,4111112900,파장동,4111112900105580017,1,대지,558,17,경기도 수원시 장안구 파장동 558-17,411114322371,경기도 수원시 장안구 파장로100번길,38,,4111112900105580017048584,,경기도 수원시 장안구 파장로100번길 38,440853,16347,,,,126.991347989765,37.3092254577535
MA010120220808014147,풍경,,G2,소매,G206,음료 소매,G20604,우유 소매업,G47221,음료 소매업,51,강원특별자치도,51150,강릉시,51150665,경포동,5115013200,지변동,5115013200102820011,1,대지,282,11,강원특별자치도 강릉시 지변동 282-11,511504460913,강원특별자치도 강릉시 지변길,34,17,4215013200102820011000001,,강원특별자치도 강릉시 지변길 34-17,210320,25457,,,,128.870817262734,37.7725859211636
MA010120220809524255,매일유업달서DS,대리점,G2,소매,G206,음료 소매,G20604,우유 소매업,G47992,계약배달 판매업,27,대구광역시,27290,달서구,27290615,진천동,2729011700,진천동,2729011700103930002,1,대지,393,2,대구광역시 달서구 진천동 393-2,272904241214,대구광역시 달서구 상화로7길,94,,2729011700103930002000001,,대구광역시 달서구 상화로7길 94,704837,42775,,1,,128.523324118011,35.8090644183692
MA010120220809512905,연세우유달서,대리점,G2,소매,G206,음료 소매,G20604,우유 소매업,G47992,계약배달 판매업,27,대구광역시,27290,달서구,27290626,상인3동,2729011500,상인동,2729011500115680015,1,대지,1568,15,대구광역시 달서구 상인동 1568-15,272904241194,대구광역시 달서구 상인로5길,38,,2729011500115680015015872,,대구광역시 달서구 상인로5길 38,704816,42815,,1,,128.548598235055,35.8105167130845
MA010120220809528076,달구벌,,G2,소매,G206,음료 소매,G20604,우유 소매업,G47221,음료 소매업,27,대구광역시,27290,달서구,27290572,용산2동,2729011100,용산동,2729011100104550009,1,대지,455,9,대구광역시 달서구 용산동 455-9,272904241349,대구광역시 달서구 성지로16길,35,,2729011100104550009002896,,대구광역시 달서구 성지로16길 35,704933,42617,,,,128.522385299942,35.8566394310233
MA010120220809506808,매일유업성당,대리점,G2,소매,G206,음료 소매,G20604,우유 소매업,G47992,계약배달 판매업,27,대구광역시,27290,달서구,27290515,성당동,2729010100,성당동,2729010100103840004,1,대지,384,4,대구광역시 달서구 성당동 384-4,272904241408,대구광역시 달서구 야외음악당로8길,34,,2729010100103840004027013,,대구광역시 달서구 야외음악당로8길 34,704915,42679,,1,,128.554777860167,35.8403372431852
MA010120220809513651,본리가정,대리점,G2,소매,G206,음료 소매,G20604,우유 소매업,G47992,계약배달 판매업,27,대구광역시,27290,달서구,27290650,본동,2729012400,본동,2729012400107750000,1,대지,775,,대구광역시 달서구 본동 775,272904241028,대구광역시 달서구 구마로26길,12,,2729012400107750000029589,,대구광역시 달서구 구마로26길 12,704807,42733,,1,,128.54120405796,35.8366371645115
MA010120220809516603,매일우유현풍DS,대리점,G2,소매,G206,음료 소매,G20604,우유 소매업,G47221,음료 소매업,27,대구광역시,27710,달성군,27710253,논공읍,2771025328,논공읍,2771025328108240135,1,대지,824,135,대구광역시 달성군 논공읍 북리 824-135,277104244125,대구광역시 달성군 논공읍 논공로24길,31,9,2771025328108240135040419,,대구광역시 달성군 논공읍 논공로24길 31-9,711857,42986,,,,128.448084234733,35.7285911891837
MA010120220809567427,덴마크우유시지경산,대리점,G2,소매,G206,음료 소매,G20604,우유 소매업,G47992,계약배달 판매업,47,경상북도,47290,경산시,47290350,남산면,4729035037,남산면,4729035037105100003,1,대지,510,3,경상북도 경산시 남산면 하대리 510-3,472904739712,경상북도 경산시 남산면 하대1길,1,1,4729035037105100003000001,,경상북도 경산시 남산면 하대1길 1-1,712863,38571,,,,128.801503274927,35.7935652098596
MA010120220809560756,반야월,대리점,G2,소매,G206,음료 소매,G20604,우유 소매업,G47221,음료 소매업,47,경상북도,47290,경산시,47290560,동부동,4729012500,평산동,4729012500105810001,1,대지,581,1,경상북도 경산시 평산동 581-1,472904739389,경상북도 경산시 붕디미길,8,,4729012500105810001000001,,경상북도 경산시 붕디미길 8,712250,38607,,,,128.765670989648,35.8032253232887
MA010120220809609794,에치와이,탑동점,G2,소매,G206,음료 소매,G20604,우유 소매업,G47992,계약배달 판매업,41,경기도,41113,수원시 권선구,41113650,구운동,4111313200,구운동,4111313200104920000,1,대지,492,,경기도 수원시 권선구 구운동 492,411134325082,경기도 수원시 권선구 구운중로31번길,22,,4111313200104920000026995,,경기도 수원시 권선구 구운중로31번길 22,441819,16407,,,,126.973558410842,37.2784433758903
MA010120220809630098,남양우유순천급식,대리점,G2,소매,G206,음료 소매,G20604,우유 소매업,G47221,음료 소매업,46,전라남도,46150,순천시,46150550,삼산동,4615010900,가곡동,4615010900110390011,1,대지,1039,11,전라남도 순천시 가곡동 1039-11,461504650179,전라남도 순천시 고지5길,20,15,4615010900102140008000002,,전라남도 순천시 고지5길 20-15,540080,57924,,1,,127.485783108407,34.9841203764356
MA010120220809653785,부평상하목장DS,,G2,소매,G206,음료 소매,G20604,우유 소매업,G47992,계약배달 판매업,28,인천광역시,28245,계양구,28245621,작전1동,2824510300,작전동,2824510300108710048,1,대지,871,48,인천광역시 계양구 작전동 871-48,282454265220,인천광역시 계양구 봉오대로706번길,17,,2824510300108710048113123,,인천광역시 계양구 봉오대로706번길 17,407820,21116,,1,,126.727554656495,37.5283906233836
MA010120220809655134,서울중부특판,대리점,G2,소매,G206,음료 소매,G20604,우유 소매업,G47221,음료 소매업,41,경기도,41670,여주시,41670510,여흥동,4167010100,상동,4167010100103420000,1,대지,342,,경기도 여주시 상동 342,416704442323,경기도 여주시 여흥로160번길,37,59,4173025021103420000057314,,경기도 여주시 여흥로160번길 37-59,469101,12629,,,,127.642132856947,37.292436591308
MA010120220811081765,정연유통,,G2,소매,G206,음료 소매,G20604,우유 소매업,G47221,음료 소매업,41,경기도,41390,시흥시,41390531,신현동,4139010400,포동,4139010400100200213,1,대지,20,213,경기도 시흥시 포동 20-213,413903199035,경기도 시흥시 신현로,218,,4139010400100200213000001,,경기도 시흥시 신현로 218,429871,14961,,,,126.767809259857,37.4034165226336
MA010120220811182626,남양우유남해가정,대리점,G2,소매,G206,음료 소매,G20604,우유 소매업,G47992,계약배달 판매업,48,경상남도,48840,남해군,48840250,남해읍,4884025023,남해읍,4884025023105020001,1,대지,502,1,경상남도 남해군 남해읍 남변리 502-1,488402343003,경상남도 남해군 남해읍 남해대로,2753,15,4884025023105020001001101,,경상남도 남해군 남해읍 남해대로 2753-15,668801,52423,,,,127.897774637886,34.8345541227506
MA010120220811176635,부산우유,,G2,소매,G206,음료 소매,G20604,우유 소매업,G47221,음료 소매업,48,경상남도,48170,진주시,48170740,가호동,4817013200,호탄동,4817013200106130006,1,대지,613,6,경상남도 진주시 호탄동 613-6,481704797670,경상남도 진주시 호탄길21번길,14,2,4817013200106130006409229,대흥빌라,경상남도 진주시 호탄길21번길 14-2,660310,52819,,,,128.114819337183,35.1636169100404
MA010120220812720970,보령지영유통,,G2,소매,G206,음료 소매,G20604,우유 소매업,G47221,음료 소매업,44,충청남도,44180,보령시,44180515,대천1동,4418010100,대천동,4418010100100590001,1,대지,59,1,충청남도 보령시 대천동 59-1,441804556381,충청남도 보령시 신평3길,13,11,4418010100100590001020167,,충청남도 보령시 신평3길 13-11,355932,33438,,,,126.599899254123,36.3534175764917
MA010120220812688766,건국우유음성보급소,,G2,소매,G206,음료 소매,G20604,우유 소매업,G47992,계약배달 판매업,43,충청북도,43770,음성군,43770253,금왕읍,4377025321,금왕읍,4377025321100790019,1,대지,79,19,충청북도 음성군 금왕읍 무극리 79-19,437703247002,충청북도 음성군 금왕읍 금석로,53,4,4377025321100790019215557,,충청북도 음성군 금왕읍 금석로 53-4,369904,27636,,,,127.598313929297,36.990238659406
MA010120220812766002,연세우유영종,,G2,소매,G206,음료 소매,G20604,우유 소매업,G47992,계약배달 판매업,28,인천광역시,28110,중구,28110620,영종동,2811014500,중산동,2811014500114020002,1,대지,1402,2,인천광역시 중구 중산동 1402-2,281104247272,인천광역시 중구 운중로107번길,55,5,2811014500114020002000001,,인천광역시 중구 운중로107번길 55-5,400842,22358,,,,126.545468660922,37.4985928580942
MA010120220812600164,시흥상하목장DS,대리점,G2,소매,G206,음료 소매,G20604,우유 소매업,G47992,계약배달 판매업,41,경기도,41390,시흥시,41390631,장곡동,4139013000,장곡동,4139013000107950002,1,대지,795,2,경기도 시흥시 장곡동 795-2,413904397525,경기도 시흥시 장곡로54번길,43,4,4139013000107950002011572,,경기도 시흥시 장곡로54번길 43-4,429842,15002,,1,,126.781932666051,37.3820621907175
MA010120220801502108,파스퇴르서평택유통,대리점,G2,소매,G206,음료 소매,G20604,우유 소매업,G47221,음료 소매업,41,경기도,41220,평택시,41220600,원평동,4122011400,통복동,4122011400104100022,1,대지,410,22,경기도 평택시 통복동 410-22,412203188116,경기도 평택시 평남로,280,33,4122011400104100022000001,,경기도 평택시 평남로 280-33,450040,17923,,,,127.078922605163,36.9894945667814
MA010120220801585609,건국우유곤지암,대리점,G2,소매,G206,음료 소매,G20604,우유 소매업,G47992,계약배달 판매업,41,경기도,41610,광주시,41610259,곤지암읍,4161025930,곤지암읍,4161025930105500004,1,대지,550,4,경기도 광주시 곤지암읍 건업리 550-4,416103012083,경기도 광주시 곤지암읍 광여로,711,,4161025630105500004251801,,경기도 광주시 곤지암읍 광여로 711,464931,12720,,,,127.404395901776,37.3760305611878
MA010120220801586359,남양유업이천가정,대리점,G2,소매,G206,음료 소매,G20604,우유 소매업,G47992,계약배달 판매업,41,경기도,41500,이천시,41500310,신둔면,4150031027,신둔면,4150031027102930007,1,대지,293,7,경기도 이천시 신둔면 수하리 293-7,415004421557,경기도 이천시 신둔면 원적로322번길,4,,4150031027102930007000001,,경기도 이천시 신둔면 원적로322번길 4,467842,17301,,,,127.427812072751,37.3183818297915
MA010120220801569661,설정유통,,G2,소매,G206,음료 소매,G20604,우유 소매업,G47992,계약배달 판매업,41,경기도,41450,하남시,41450530,신장2동,4145010600,신장동,4145010600104480048,1,대지,448,48,경기도 하남시 신장동 448-48,414504406162,경기도 하남시 신장1로34번길,5,,4145010600104480048003616,,경기도 하남시 신장1로34번길 5,465810,12960,,,,127.211055776173,37.5390039192746
MA010120220801572722,건국우유장호원보급소,,G2,소매,G206,음료 소매,G20604,우유 소매업,G47221,음료 소매업,41,경기도,41500,이천시,41500250,장호원읍,4150025021,장호원읍,4150025021101450001,1,대지,145,1,경기도 이천시 장호원읍 장호원리 145-1,415004421671,경기도 이천시 장호원읍 장감로77번길,47,1,4150025021101450001021557,,경기도 이천시 장호원읍 장감로77번길 47-1,467902,17418,,,,127.630756685826,37.1195438666867
MA010120220801649120,빙그레하계점,,G2,소매,G206,음료 소매,G20604,우유 소매업,G47221,음료 소매업,11,서울특별시,11350,노원구,11350670,상계5동,1135010500,상계동,1135010500101400006,1,대지,140,6,서울특별시 노원구 상계동 140-6,113504130413,서울특별시 노원구 한글비석로36길,68,,1135010500101400006006185,,서울특별시 노원구 한글비석로36길 68,139205,01660,,1,,127.072785805709,37.664173498267
MA010120220801678435,남양유업동두천가정주,대리점,G2,소매,G206,음료 소매,G20604,우유 소매업,G47992,계약배달 판매업,41,경기도,41250,동두천시,41250600,상패동,4125011200,상패동,4125011200100130029,1,대지,13,29,경기도 동두천시 상패동 13-29,412503189010,경기도 동두천시 상패로,171,,4125011200100130029004747,,경기도 동두천시 상패로 171,483120,11336,,,,127.053483744141,37.9154079766776
MA010120220803427267,남양우유강서가정,대리점,G2,소매,G206,음료 소매,G20604,우유 소매업,G47221,음료 소매업,11,서울특별시,11500,강서구,11500630,방화1동,1150010900,방화동,1150010900104940000,1,대지,494,,서울특별시 강서구 방화동 494,115004145431,서울특별시 강서구 양천로7길,15,,1150010900104940000028863,,서울특별시 강서구 양천로7길 15,157849,07516,,1,,126.807739888914,37.5735712002343
MA010120220803437058,남양유업남대구가정,대리점,G2,소매,G206,음료 소매,G20604,우유 소매업,G47992,계약배달 판매업,27,대구광역시,27290,달서구,27290625,상인2동,2729011500,상인동,2729011500103640013,1,대지,364,13,대구광역시 달서구 상인동 364-13,272904241479,대구광역시 달서구 월배로28길,95,,2729011500103640013013245,,대구광역시 달서구 월배로28길 95,704817,42788,,,,128.533393230956,35.8131808405126
MA010120220803446085,지훈상회,,G2,소매,G206,음료 소매,G20604,우유 소매업,G47221,음료 소매업,26,부산광역시,26230,부산진구,26230510,부전1동,2623010300,부전동,2623010300102650004,1,대지,265,4,부산광역시 부산진구 부전동 265-4,262304187692,부산광역시 부산진구 중앙대로755번길,17,,2623010300102650004040485,,부산광역시 부산진구 중앙대로755번길 17,614843,47254,,,,129.059813081899,35.1602355242156
MA010120220804975519,금천상하목장DS,대리점,G2,소매,G206,음료 소매,G20604,우유 소매업,G47992,계약배달 판매업,11,서울특별시,11545,금천구,11545610,독산1동,1154510200,독산동,1154510200111180000,1,대지,1118,,서울특별시 금천구 독산동 1118,115454151014,서울특별시 금천구 금하로1다길,20,,1154510200111180000013612,,서울특별시 금천구 금하로1다길 20,153833,08600,,1,,126.891320822697,37.4532045347881
MA010120220805035596,의성남양가정,대리점,G2,소매,G206,음료 소매,G20604,우유 소매업,G47221,음료 소매업,47,경상북도,47730,의성군,47730430,안계면,4773043030,안계면,4773043030108510029,1,대지,851,29,경상북도 의성군 안계면 용기리 851-29,477304745320,경상북도 의성군 안계면 안계길,169,1,4773043030108510029009030,,경상북도 의성군 안계면 안계길 169-1,769933,37313,,,,128.434798669518,36.3862383378487
MA010120220806473323,아이스요,코리아,G2,소매,G206,음료 소매,G20604,우유 소매업,G47221,음료 소매업,11,서울특별시,11680,강남구,11680640,역삼1동,1168010100,역삼동,1168010100107350036,1,대지,735,36,서울특별시 강남구 역삼동 735-36,116804166723,서울특별시 강남구 테헤란로20길,18,,1168010100107350036024064,,서울특별시 강남구 테헤란로20길 18,135923,06235,,2,,127.034401173326,37.4984982081555
MA010120220806465953,우분투숲골유가공임실치즈판매점,,G2,소매,G206,음료 소매,G20604,우유 소매업,G47221,음료 소매업,41,경기도,41670,여주시,41670250,가남읍,4167025028,가남읍,4167025028104740003,1,대지,474,3,경기도 여주시 가남읍 삼군리 474-3,416704442399,경기도 여주시 가남읍 자유그린길,37,,4167025028104740003000001,,경기도 여주시 가남읍 자유그린길 37,469884,12661,,,,127.560577462649,37.2124248179565
MA010120220806519032,울산남구가정,,G2,소매,G206,음료 소매,G20604,우유 소매업,G47221,음료 소매업,31,울산광역시,31110,중구,31110510,학성동,3111010100,학성동,3111010100101370008,1,대지,137,8,울산광역시 중구 학성동 137-8,311104307452,울산광역시 중구 학성공원4길,36,,3111010100101370008017956,,울산광역시 중구 학성공원4길 36,681821,44527,,,,129.337811880921,35.553014975151
MA010120220807876748,도화우유,,G2,소매,G206,음료 소매,G20604,우유 소매업,G47992,계약배달 판매업,46,전라남도,46770,고흥군,46770340,도화면,4677034027,도화면,4677034027110420000,1,대지,1042,,전라남도 고흥군 도화면 당오리 1042,467704667204,전라남도 고흥군 도화면 동신길,6,2,4677034027110420000011749,,전라남도 고흥군 도화면 동신길 6-2,548892,59529,,,,127.322662153782,34.5094459470724
MA010120220807863871,유자유통,,G2,소매,G206,음료 소매,G20604,우유 소매업,G47221,음료 소매업,46,전라남도,46770,고흥군,46770250,고흥읍,4677025026,고흥읍,4677025026104200004,1,대지,420,4,전라남도 고흥군 고흥읍 남계리 420-4,467703289003,전라남도 고흥군 고흥읍 고흥로,1817,1,4677025026104200004030936,,전라남도 고흥군 고흥읍 고흥로 1817-1,548802,59535,,,,127.289628559706,34.611680419512
MA010120220807910107,신순천상하목장가정,대리점,G2,소매,G206,음료 소매,G20604,우유 소매업,G47221,음료 소매업,46,전라남도,46150,순천시,46150570,덕연동,4615011400,연향동,4615011400115830007,1,대지,1583,7,전라남도 순천시 연향동 1583-7,461504649845,전라남도 순천시 율산3길,36,,4615011400115830007000442,,전라남도 순천시 율산3길 36,540976,58003,,,,127.523188534766,34.9417084526172
MA010120220807926598,매일우유여천,대리점,G2,소매,G206,음료 소매,G20604,우유 소매업,G47992,계약배달 판매업,46,전라남도,46130,여수시,46130790,시전동,4613013300,신기동,4613013300101210010,1,대지,121,10,전라남도 여수시 신기동 121-10,461304646604,전라남도 여수시 신기남길,14,,4613013300101210010034611,,전라남도 여수시 신기남길 14,555804,59685,,,,127.672159849138,34.7591393330485
MA010120220807976280,남양유업덕양,대리점,G2,소매,G206,음료 소매,G20604,우유 소매업,G47992,계약배달 판매업,41,경기도,41281,고양시 덕양구,41281610,능곡동,4128112000,토당동,4128112000100540003,1,대지,54,3,경기도 고양시 덕양구 토당동 54-3,412814376247,경기도 고양시 덕양구 토당로104번길,36,,4128112000100540003012423,,경기도 고양시 덕양구 토당로104번길 36,412816,10508,,1,,126.81951478328,37.6242974975242
MA010120220809351928,건국우유문경보급소,,G2,소매,G206,음료 소매,G20604,우유 소매업,G47992,계약배달 판매업,47,경상북도,47280,문경시,47280610,점촌5동,4728011000,모전동,4728011000104410000,1,대지,441,,경상북도 문경시 모전동 441,472803312007,경상북도 문경시 매봉로,120,,4728011000104410000026070,,경상북도 문경시 매봉로 120,745884,36976,,,,128.185943920087,36.5915636833989
MA010120220809353896,푸르밀상주중앙,,G2,소매,G206,음료 소매,G20604,우유 소매업,G47221,음료 소매업,47,경상북도,47250,상주시,47250550,동문동,4725010800,서문동,4725010800100950013,1,대지,95,13,경상북도 상주시 서문동 95-13,472504733416,경상북도 상주시 서문길,97,,4725010800100950013092025,,경상북도 상주시 서문길 97,742080,37186,,,,128.156795054735,36.4171082054393
MA010120220809355315,매일우유문경가정,대리점,G2,소매,G206,음료 소매,G20604,우유 소매업,G47221,음료 소매업,47,경상북도,47280,문경시,47280610,점촌5동,4728011000,모전동,4728011000108930006,1,대지,893,6,경상북도 문경시 모전동 893-6,472804736137,경상북도 문경시 당교3길,52,1,4728011000108930006023668,,경상북도 문경시 당교3길 52-1,745883,36985,,,,128.186230159842,36.5847125618765
MA010120220809383387,건국우유,,G2,소매,G206,음료 소매,G20604,우유 소매업,G47992,계약배달 판매업,47,경상북도,47900,예천군,47900250,예천읍,4790025027,예천읍,4790025027100310003,1,대지,31,3,경상북도 예천군 예천읍 대심리 31-3,479004769075,경상북도 예천군 예천읍 대심3길,55,4,4790025027100310003042833,,경상북도 예천군 예천읍 대심3길 55-4,757806,36827,,,,128.443701074939,36.653478839025
MA010120220809386272,파스퇴르，비락예천,대리점,G2,소매,G206,음료 소매,G20604,우유 소매업,G47992,계약배달 판매업,47,경상북도,47900,예천군,47900250,예천읍,4790025027,예천읍,4790025027100660005,1,대지,66,5,경상북도 예천군 예천읍 대심리 66-5,479004769073,경상북도 예천군 예천읍 대심1길,1,,4790025027100660005048502,,경상북도 예천군 예천읍 대심1길 1,757806,36826,,,,128.442951576013,36.6480725966179
MA010120220809390134,서울우유영주가정,대리점,G2,소매,G206,음료 소매,G20604,우유 소매업,G47992,계약배달 판매업,47,경상북도,47210,영주시,47210630,가흥2동,4721010500,가흥동,4721010500115380000,1,대지,1538,,경상북도 영주시 가흥동 1538,472104727720,경상북도 영주시 대학로298번길,20,,4721010500115380000000001,,경상북도 영주시 대학로298번길 20,750022,36136,,,,128.607340797544,36.8221350483241
MA010120220809415466,매일우유인동DS,대리점,G2,소매,G206,음료 소매,G20604,우유 소매업,G47221,음료 소매업,47,경상북도,47190,구미시,47190670,인동동,4719012200,인의동,4719012200108260016,1,대지,826,16,경상북도 구미시 인의동 826-16,471904724547,경상북도 구미시 수출대로29길,4,,4719012200108260016003857,,경상북도 구미시 수출대로29길 4,730320,39428,,,,128.425033102947,36.1110115730003
MA010120220809429186,왜관연세우유,대리점,G2,소매,G206,음료 소매,G20604,우유 소매업,G47992,계약배달 판매업,47,경상북도,47850,칠곡군,47850250,왜관읍,4785025021,왜관읍,4785025021102720029,1,대지,272,29,경상북도 칠곡군 왜관읍 왜관리 272-29,478504766498,경상북도 칠곡군 왜관읍 중앙로10길,28,5,4785025021102720029039863,,경상북도 칠곡군 왜관읍 중앙로10길 28-5,718805,39893,,,,128.396384793852,35.9899920117603
MA010120220809475230,매일유업화원DS,대리점,G2,소매,G206,음료 소매,G20604,우유 소매업,G47992,계약배달 판매업,27,대구광역시,27290,달서구,27290615,진천동,2729012300,대곡동,2729012300110170004,1,대지,1017,4,대구광역시 달서구 대곡동 1017-4,272904241635,대구광역시 달서구 화암로73길,8,14,2729012300110170004009526,,대구광역시 달서구 화암로73길 8-14,704840,42767,,,,128.51966358318,35.8068127941669
MA010120220809456323,건국우유형곡보급소,,G2,소매,G206,음료 소매,G20604,우유 소매업,G47992,계약배달 판매업,47,경상북도,47190,구미시,47190583,형곡2동,4719010900,형곡동,4719010900101750008,1,대지,175,8,경상북도 구미시 형곡동 175-8,471904724589,경상북도 구미시 신시로6길,27,1,4719010900101750008025277,,경상북도 구미시 신시로6길 27-1,730930,39315,,,,128.342052869093,36.1103749780687
MA010120220809456824,덴마크우유구미가정,대리점,G2,소매,G206,음료 소매,G20604,우유 소매업,G47992,계약배달 판매업,47,경상북도,47190,구미시,47190670,인동동,4719012200,인의동,4719012200108450002,1,대지,845,2,경상북도 구미시 인의동 845-2,471903308043,경상북도 구미시 여헌로,12,8,4719012200108450003006705,,경상북도 구미시 여헌로 12-8,730320,39435,,1,,128.424157194193,36.1024792596784
MA010120220810917379,부산우유의령점,,G2,소매,G206,음료 소매,G20604,우유 소매업,G47992,계약배달 판매업,48,경상남도,48720,의령군,48720320,칠곡면,4872032021,칠곡면,4872032021101030007,1,대지,103,7,경상남도 의령군 칠곡면 외조리 103-7,487203339042,경상남도 의령군 칠곡면 칠곡로,43,,4872032021101030007025173,,경상남도 의령군 칠곡면 칠곡로 43,636831,52134,,,,128.193752093979,35.3410297975093
MA010120220810923898,부산우유안민,대리점,G2,소매,G206,음료 소매,G20604,우유 소매업,G47221,음료 소매업,48,경상남도,48123,창원시 성산구,48123560,성주동,4812311000,안민동,4812311000101970000,1,대지,197,,경상남도 창원시 성산구 안민동 197,481234784155,경상남도 창원시 성산구 안민로101번길,27,,4812311000101970000028636,안민청솔마을대동아파트,경상남도 창원시 성산구 안민로101번길 27,642903,51551,,,,128.689146026754,35.1885754232061
MA010120220810907274,수정상사,,G2,소매,G206,음료 소매,G20604,우유 소매업,G47221,음료 소매업,48,경상남도,48127,창원시 마산회원구,48127250,내서읍,4812725029,내서읍,4812725029112740000,1,대지,1274,,경상남도 창원시 마산회원구 내서읍 신감리 1274,481274790278,경상남도 창원시 마산회원구 내서읍 전안길,25,,4812725029112740000005345,,경상남도 창원시 마산회원구 내서읍 전안길 25,630851,51240,,,,128.504756809906,35.2153230829505
MA010120220810963062,매일유업진영보급소,,G2,소매,G206,음료 소매,G20604,우유 소매업,G47992,계약배달 판매업,48,경상남도,48121,창원시 의창구,48121320,대산면,4812132024,대산면,4812132024103630000,1,대지,363,,경상남도 창원시 의창구 대산면 가술리 363,481213327021,경상남도 창원시 의창구 대산면 봉강가술로,573,,4812132024103630000062135,,경상남도 창원시 의창구 대산면 봉강가술로 573,641921,51124,,,,128.704884846284,35.3336840142128
MA010120220810945888,연세우유진해,대리점,G2,소매,G206,음료 소매,G20604,우유 소매업,G47992,계약배달 판매업,48,경상남도,48129,창원시 진해구,48129590,이동,4812914100,이동,4812914100106510002,1,대지,651,2,경상남도 창원시 진해구 이동 651-2,481294793380,경상남도 창원시 진해구 이동로40번길,32,,4812914100106510002019271,,경상남도 창원시 진해구 이동로40번길 32,645808,51655,,,,128.698253267607,35.1482534323986
MA010120220811013216,매일유업울산남부유기농DS,,G2,소매,G206,음료 소매,G20604,우유 소매업,G47992,계약배달 판매업,31,울산광역시,31140,남구,31140585,삼호동,3114010100,무거동,3114010100111990017,1,대지,1199,17,울산광역시 남구 무거동 1199-17,311404310643,울산광역시 남구 어은로18번길,11,,3114010100111990017036426,,울산광역시 남구 어은로18번길 11,680811,44627,,1,,129.275294925549,35.5507153686291
MA010120220811018410,울산남구우유,대리점,G2,소매,G206,음료 소매,G20604,우유 소매업,G47992,계약배달 판매업,31,울산광역시,31140,남구,31140560,달동,3114010500,달동,3114010500113690008,1,대지,1369,8,울산광역시 남구 달동 1369-8,311404310138,울산광역시 남구 도산로139번길,12,,3114010500113690008040389,,울산광역시 남구 도산로139번길 12,680803,44728,,,,129.32931469422,35.5325722920275
MA010120220811036738,새울산푸르밀우유,대리점,G2,소매,G206,음료 소매,G20604,우유 소매업,G47221,음료 소매업,31,울산광역시,31200,북구,31200560,효문동,3120012100,진장동,3120012100107930003,1,대지,793,3,울산광역시 북구 진장동 793-3,312004316106,울산광역시 북구 명촌20길,16,1,3120012100107930003000003,,울산광역시 북구 명촌20길 16-1,683360,44254,,1,,129.355443167136,35.5583122408538
MA010120220812512753,남양유업청송가정,대리점,G2,소매,G206,음료 소매,G20604,우유 소매업,G47992,계약배달 판매업,47,경상북도,47750,청송군,47750250,청송읍,4775025021,청송읍,4775025021102470000,1,대지,247,,경상북도 청송군 청송읍 월막리 247,477503303047,경상북도 청송군 청송읍 중앙로,259,,4775025021102470000000409,,경상북도 청송군 청송읍 중앙로 259,763802,37429,,,,129.057344476534,36.4339349064073
MA010120220812587408,모심산양유,,G2,소매,G206,음료 소매,G20604,우유 소매업,G47992,계약배달 판매업,41,경기도,41650,포천시,41650250,소흘읍,4165025021,소흘읍,4165025021101060003,1,대지,106,3,경기도 포천시 소흘읍 송우리 106-3,416503213022,경기도 포천시 소흘읍 솔모루로,102,1,4165025021101060003014798,,경기도 포천시 소흘읍 솔모루로 102-1,487823,11174,,2,,127.148566475816,37.8301597191359
MA010120220801293080,건국우유석수보급소,,G2,소매,G206,음료 소매,G20604,우유 소매업,G47992,계약배달 판매업,41,경기도,41171,안양시 만안구,41171600,석수2동,4117110200,석수동,4117110200102860004,1,대지,286,4,경기도 안양시 만안구 석수동 286-4,411714346140,경기도 안양시 만안구 석천로181번길,33,,4117110200102860004003591,,경기도 안양시 만안구 석천로181번길 33,430807,13968,,,,126.907914926991,37.4139433431498
MA010120220801342210,덴마크우유동안산삼양성이시돌우유,대리점,G2,소매,G206,음료 소매,G20604,우유 소매업,G47221,음료 소매업,41,경기도,41271,안산시 상록구,41271515,이동,4127110200,이동,4127110200106810008,1,대지,681,8,경기도 안산시 상록구 이동 681-8,412714370195,경기도 안산시 상록구 삼태기2길,19,,4127110200106810008000001,,경기도 안산시 상록구 삼태기2길 19,426862,15496,,,,126.846555657072,37.3082973446126
MA010120220801353944,남양가정우유,대리점,G2,소매,G206,음료 소매,G20604,우유 소매업,G47221,음료 소매업,44,충청남도,44210,서산시,44210360,성연면,4421036025,성연면,4421036025100150005,1,대지,15,5,충청남도 서산시 성연면 평리 15-5,442103254098,충청남도 서산시 성연면 신당1로,63,,4421036025100150005016048,,충청남도 서산시 성연면 신당1로 63,356851,31930,,1,,126.471773162967,36.8365397955234
MA010120220801417488,건우,,G2,소매,G206,음료 소매,G20604,우유 소매업,G47221,음료 소매업,41,경기도,41220,평택시,41220600,원평동,4122011400,통복동,4122011400104100022,1,대지,410,22,경기도 평택시 통복동 410-22,412203188116,경기도 평택시 평남로,280,33,4122011400104100022000001,좌측,경기도 평택시 평남로 280-33,450040,17923,,,,127.078922605163,36.9894945667814
MA010120220801407328,프리미엄우유화성,대리점,G2,소매,G206,음료 소매,G20604,우유 소매업,G47992,계약배달 판매업,41,경기도,41590,화성시,41590587,동탄3동,4159011800,능동,4159011800111650001,1,대지,1165,1,경기도 화성시 능동 1165-1,415904430216,경기도 화성시 남여울1길,17,,4159011800111650001000001,,경기도 화성시 남여울1길 17,445320,18428,,1,,127.051599776266,37.198755589888
MA010120220801475090,평택파스퇴르우유,대리점,G2,소매,G206,음료 소매,G20604,우유 소매업,G47992,계약배달 판매업,41,경기도,41220,평택시,41220600,원평동,4122011400,통복동,4122011400101490001,1,대지,149,1,경기도 평택시 통복동 149-1,412203188072,경기도 평택시 원평로,106,,4122011400101490001015664,통복동,경기도 평택시 원평로 106,450040,17919,,1,,127.080410312291,36.9942062345272
MA010120220801479772,남양유업팽성,대리점,G2,소매,G206,음료 소매,G20604,우유 소매업,G47221,음료 소매업,41,경기도,41220,평택시,41220250,팽성읍,4122025033,팽성읍,4122025033101450007,1,대지,145,7,경기도 평택시 팽성읍 함정리 145-7,412204364902,경기도 평택시 팽성읍 함정1길,75,4,4122025033101450007000001,,경기도 평택시 팽성읍 함정1길 75-4,451804,17979,,,,127.016448073393,36.951493796089
MA010120220801470135,삼양유제품,,G2,소매,G206,음료 소매,G20604,우유 소매업,G47221,음료 소매업,41,경기도,41220,평택시,41220253,안중읍,4122025321,안중읍,4122025321102730002,1,대지,273,2,경기도 평택시 안중읍 안중리 273-2,412203188059,경기도 평택시 안중읍 안중로,110,,4122025321102730002044223,,경기도 평택시 안중읍 안중로 110,451884,17936,,,,126.928649254652,36.9885712428863
MA010120220803196285,남양유업장안동부가정,대리점,G2,소매,G206,음료 소매,G20604,우유 소매업,G47992,계약배달 판매업,41,경기도,41113,수원시 권선구,41113650,구운동,4111313200,구운동,4111313200109530008,1,대지,953,8,경기도 수원시 권선구 구운동 953-8,411134325068,경기도 수원시 권선구 구운로47번길,42,,4111313200109530008027253,,경기도 수원시 권선구 구운로47번길 42,441819,16406,,,,126.970953904238,37.2779562038984
MA010120220804815860,그린에프앤비,,G2,소매,G206,음료 소매,G20604,우유 소매업,G47221,음료 소매업,11,서울특별시,11710,송파구,11710650,잠실본동,1171010100,잠실동,1171010100102490005,1,대지,249,5,서울특별시 송파구 잠실동 249-5,117104169171,서울특별시 송파구 백제고분로19길,4,19,1171010100102490005001528,,서울특별시 송파구 백제고분로19길 4-19,138864,05567,,1,,127.087695608507,37.5050660279988
MA010120220804847475,덴마크고창,대리점,G2,소매,G206,음료 소매,G20604,우유 소매업,G47992,계약배달 판매업,52,전북특별자치도,52790,고창군,52790250,고창읍,5279025021,고창읍,5279025021111470000,1,대지,1147,,전북특별자치도 고창군 고창읍 읍내리 1147,527904637130,전북특별자치도 고창군 고창읍 남구2길,11,20,4579025021111470000004868,,전북특별자치도 고창군 고창읍 남구2길 11-20,585809,56439,,,,126.695947397789,35.4284272457283
MA010120220804832750,건국우유동두천,대리점,G2,소매,G206,음료 소매,G20604,우유 소매업,G47992,계약배달 판매업,41,경기도,41250,동두천시,41250520,생연2동,4125010300,생연동,4125010300106770023,1,대지,677,23,경기도 동두천시 생연동 677-23,412504367111,경기도 동두천시 어수로106번길,18,,4125010300106770023007869,,경기도 동두천시 어수로106번길 18,483032,11333,,,,127.054121693081,37.901389004765
MA010120220806229458,연세우유노은서구,대리점,G2,소매,G206,음료 소매,G20604,우유 소매업,G47221,음료 소매업,30,대전광역시,30170,서구,30170570,가장동,3017010900,가장동,3017010900100520024,1,대지,52,24,대전광역시 서구 가장동 52-24,301704298123,대전광역시 서구 괴정로184번길,14,,3017010900100520024010792,,대전광역시 서구 괴정로184번길 14,302804,35312,,1,,127.390093143652,36.3326785650501
MA010120220806215707,건국우유대전특판,대리점,G2,소매,G206,음료 소매,G20604,우유 소매업,G47992,계약배달 판매업,30,대전광역시,30200,유성구,30200520,진잠동,3020010100,원내동,3020010100102960003,1,대지,296,3,대전광역시 유성구 원내동 296-3,302004301429,대전광역시 유성구 진잠로78번길,6,1,3020010100102960003019873,,대전광역시 유성구 진잠로78번길 6-1,305808,34230,,1,,127.316500611738,36.2984349022987
MA010120220806215827,오밀크대전,북부대리점,G2,소매,G206,음료 소매,G20604,우유 소매업,G47221,음료 소매업,30,대전광역시,30200,유성구,30200530,온천1동,3020011200,구암동,3020011200106040009,1,대지,604,9,대전광역시 유성구 구암동 604-9,302004301015,대전광역시 유성구 계룡로18번길,89,,3020011200106040009000001,멤버스빌,대전광역시 유성구 계룡로18번길 89,305801,34176,,1,,127.331623714397,36.3520682048011
MA010120220806231008,상하목장·강성원우유,대리점,G2,소매,G206,음료 소매,G20604,우유 소매업,G47992,계약배달 판매업,30,대전광역시,30230,대덕구,30230510,오정동,3023010100,오정동,3023010100100980001,1,대지,98,1,대전광역시 대덕구 오정동 98-1,302304304399,대전광역시 대덕구 오정로78번길,94,,3023010100100980001017665,,대전광역시 대덕구 오정로78번길 94,306818,34437,,,,127.413539963468,36.3561744704323
MA010120220806321720,남양우유청원주간,대리점,G2,소매,G206,음료 소매,G20604,우유 소매업,G47992,계약배달 판매업,43,충청북도,43111,청주시 상당구,43111330,가덕면,4311133031,가덕면,4311133031101180005,1,대지,118,5,충청북도 청주시 상당구 가덕면 병암리 118-5,431113236065,충청북도 청주시 상당구 가덕면 단재로,1458,,4371033032001180005069770,,충청북도 청주시 상당구 가덕면 단재로 1458,360853,28205,,1,,127.57891611311,36.5793782878803
MA010120220806354458,프리미엄우유수원,대리점,G2,소매,G206,음료 소매,G20604,우유 소매업,G47992,계약배달 판매업,41,경기도,41463,용인시 기흥구,41463550,서농동,4146311000,서천동,4146311000107160000,1,대지,716,,경기도 용인시 기흥구 서천동 716,414634412330,경기도 용인시 기흥구 서천서로20번길,18,2,4146311000107160000000001,,경기도 용인시 기흥구 서천서로20번길 18-2,446906,17105,,,,127.073392094442,37.2419043233542
MA010120220807701527,서울우유목포가정고객센터,,G2,소매,G206,음료 소매,G20604,우유 소매업,G47992,계약배달 판매업,46,전라남도,46110,목포시,46110750,이로동,4611015900,용해동,4611015900101430115,1,대지,143,115,전라남도 목포시 용해동 143-115,461104643359,전라남도 목포시 삼학로341번길,10,,4611015900101430115011376,,전라남도 목포시 삼학로341번길 10,530840,58703,,,,126.407739256846,34.8014692316002
MA010120220807776756,남양우유가정,대리점,G2,소매,G206,음료 소매,G20604,우유 소매업,G47992,계약배달 판매업,46,전라남도,46770,고흥군,46770250,고흥읍,4677025025,고흥읍,4677025025112660002,1,대지,1266,2,전라남도 고흥군 고흥읍 호형리 1266-2,467703289003,전라남도 고흥군 고흥읍 고흥로,1790,4,4677025025112660002029304,,전라남도 고흥군 고흥읍 고흥로 1790-4,548804,59537,,,,127.288921778774,34.6090859562101
MA010120220807806645,건국유업강진,대리점,G2,소매,G206,음료 소매,G20604,우유 소매업,G47221,음료 소매업,46,전라남도,46810,강진군,46810250,강진읍,4681025023,강진읍,4681025023100890005,1,대지,89,5,전라남도 강진군 강진읍 서성리 89-5,468103293041,전라남도 강진군 강진읍 탐진로,59,,4681025023100890005606078,,전라남도 강진군 강진읍 탐진로 59,527805,59227,,,,126.76339341838,34.6383691126744
MA010120220807825299,플러스유통,,G2,소매,G206,음료 소매,G20604,우유 소매업,G47221,음료 소매업,31,울산광역시,31110,중구,31110555,복산동,3111010300,복산동,3111010300106770002,1,대지,677,2,울산광역시 중구 복산동 677-2,311104307300,울산광역시 중구 손골6길,39,,3111010300106770002024659,,울산광역시 중구 손골6길 39,681811,44430,,,,129.325321371478,35.565294763292
MA010120220807816641,장흥고객센터서울우유,,G2,소매,G206,음료 소매,G20604,우유 소매업,G47992,계약배달 판매업,46,전라남도,46800,장흥군,46800250,장흥읍,4680025037,장흥읍,4680025037106760001,1,대지,676,1,전라남도 장흥군 장흥읍 건산리 676-1,468003292018,전라남도 장흥군 장흥읍 북부로,21,,4680025037106760001006367,,전라남도 장흥군 장흥읍 북부로 21,529801,59320,,,,126.905016691344,34.6845347328664
MA010120220809204044,비락우유흥해,대리점,G2,소매,G206,음료 소매,G20604,우유 소매업,G47221,음료 소매업,47,경상북도,47113,포항시 북구,47113320,청하면,4711332021,청하면,4711332021102560000,1,대지,256,,경상북도 포항시 북구 청하면 덕성리 256,471134712701,경상북도 포항시 북구 청하면 청하로217번길,40,18,4711332021102560000009444,,경상북도 포항시 북구 청하면 청하로217번길 40-18,791922,37515,,,,129.336396872439,36.1998996771292
MA010120220809244161,하동,대리점,G2,소매,G206,음료 소매,G20604,우유 소매업,G47221,음료 소매업,48,경상남도,48850,하동군,48850250,하동읍,4885025021,하동읍,4885025021101170010,1,대지,117,10,경상남도 하동군 하동읍 읍내리 117-10,488504832329,경상남도 하동군 하동읍 연화길,8,1,4885025021101170007019678,,경상남도 하동군 하동읍 연화길 8-1,667804,52324,,,,127.753092932119,35.0718553384989
MA010120220809239211,우유,백화점,G2,소매,G206,음료 소매,G20604,우유 소매업,G47221,음료 소매업,11,서울특별시,11215,광진구,11215750,중곡2동,1121510100,중곡동,1121510100101500131,1,대지,150,131,서울특별시 광진구 중곡동 150-131,112154112095,서울특별시 광진구 긴고랑로29길,14,,1121510100101500131020537,왼쪽,서울특별시 광진구 긴고랑로29길 14,143896,04936,,1,,127.08682117471,37.5605322856544
MA010120220809337658,김차장유통,,G2,소매,G206,음료 소매,G20604,우유 소매업,G47221,음료 소매업,27,대구광역시,27260,수성구,27260520,범어2동,2726010100,범어동,2726010100104300006,1,대지,430,6,대구광역시 수성구 범어동 430-6,272604238037,대구광역시 수성구 국채보상로192길,38,32,2726010100104300006032010,,대구광역시 수성구 국채보상로192길 38-32,706818,42022,,,,128.635588669532,35.8649918571989
MA010120220810737526,덴마크우유,청주대리점,G2,소매,G206,음료 소매,G20604,우유 소매업,G47221,음료 소매업,43,충청북도,43113,청주시 흥덕구,43113742,복대2동,4311311400,복대동,4311311400121680000,1,대지,2168,,충청북도 청주시 흥덕구 복대동 2168,431134511661,충청북도 청주시 흥덕구 신율로111번길,23,1,4311311400121680000011541,,충청북도 청주시 흥덕구 신율로111번길 23-1,361814,28606,,1,,127.445015052736,36.6275783375983
MA010120220810845213,부산우유회성동,대리점,G2,소매,G206,음료 소매,G20604,우유 소매업,G47221,음료 소매업,48,경상남도,48127,창원시 마산회원구,48127250,내서읍,4812725029,내서읍,4812725029112740000,1,대지,1274,,경상남도 창원시 마산회원구 내서읍 신감리 1274,481274790278,경상남도 창원시 마산회원구 내서읍 전안길,25,,4812725029112740000005345,,경상남도 창원시 마산회원구 내서읍 전안길 25,630851,51240,,,,128.504756809906,35.2153230829505
MA010120220810845955,부산경남우유교방,대리점,G2,소매,G206,음료 소매,G20604,우유 소매업,G47221,음료 소매업,48,경상남도,48127,창원시 마산회원구,48127520,회원2동,4812710800,회원동,4812710800106370001,1,대지,637,1,경상남도 창원시 마산회원구 회원동 637-1,481273329011,경상남도 창원시 마산회원구 무학로,598,,4812710800106370001014388,,경상남도 창원시 마산회원구 무학로 598,630824,51291,,,,128.562446454803,35.2205853947464
MA010120220812361527,용인처인상하목장DS,대리점,G2,소매,G206,음료 소매,G20604,우유 소매업,G47221,음료 소매업,41,경기도,41461,용인시 처인구,41461360,양지면,4146136022,양지면,4146136022101240007,1,대지,124,7,경기도 용인시 처인구 양지면 남곡리 124-7,414613203023,경기도 용인시 처인구 양지면 남평로,32,,4146136022101240006242784,보현판넬,경기도 용인시 처인구 양지면 남평로 32,449821,17161,,,,127.287868747181,37.2309538724361
MA0101202406A0208438,연세우유,대리점,G2,소매,G206,음료 소매,G20604,우유 소매업,G47221,음료 소매업,48,경상남도,48240,사천시,48240310,정동면,4824031024,정동면,4824031024103920000,1,대지,392,,경상남도 사천시 정동면 풍정리 392,482403334036,경상남도 사천시 정동면 옥산로,316,,4824031024103920000067437,,경상남도 사천시 정동면 옥산로 316,664932,52522,,,,128.1097668553,35.0662769025791
MA0101202406A0260764,마일즈컴퍼니,,G2,소매,G206,음료 소매,G20604,우유 소매업,G47221,음료 소매업,41,경기도,41135,성남시 분당구,41135640,야탑3동,4113510700,야탑동,4113510700102760004,1,대지,276,4,경기도 성남시 분당구 야탑동 276-4,411354340369,경기도 성남시 분당구 장미로156번길,10,,4113510700102760004001232,,경기도 성남시 분당구 장미로156번길 10,463856,13504,,1,,127.137842119778,37.4122680053211
MA0101202406A0287632,남부FS,,G2,소매,G206,음료 소매,G20604,우유 소매업,G47221,음료 소매업,46,전라남도,46800,장흥군,46800250,장흥읍,4680025037,장흥읍,4680025037106760001,1,대지,676,1,전라남도 장흥군 장흥읍 건산리 676-1,468003292018,전라남도 장흥군 장흥읍 북부로,21,,4680025037106760001006367,,전라남도 장흥군 장흥읍 북부로 21,529801,59320,,,,126.905016691344,34.6845347328664
MA0101202406A0289039,서울우유제천고객센터,,G2,소매,G206,음료 소매,G20604,우유 소매업,G47221,음료 소매업,43,충청북도,43150,제천시,43150590,청전동,4315011300,청전동,4315011300104820027,1,대지,482,27,충청북도 제천시 청전동 482-27,431503239018,충청북도 제천시 명륜로,20,,4315011300104820027032357,,충청북도 제천시 명륜로 20,390899,27163,,,,128.203402111579,37.1437480898521
MA0101202406A0318031,남양유업담양,대리점,G2,소매,G206,음료 소매,G20604,우유 소매업,G47221,음료 소매업,46,전라남도,46710,담양군,46710250,담양읍,4671025028,담양읍,4671025028101450015,1,대지,145,15,전라남도 담양군 담양읍 만성리 145-15,467104658263,전라남도 담양군 담양읍 완동길,9,9,4671025028101450015001425,,전라남도 담양군 담양읍 완동길 9-9,517805,57335,,,,126.980071880001,35.3240741498509
MA0101202406A0313563,호호유통,,G2,소매,G206,음료 소매,G20604,우유 소매업,G47221,음료 소매업,44,충청남도,44200,아산시,44200253,배방읍,4420025325,배방읍,4420025325112630000,1,대지,1263,,충청남도 아산시 배방읍 북수리 1263,442003253028,충청남도 아산시 배방읍 배방로,219,14,4420025325112630000004229,굿모닝2차,충청남도 아산시 배방읍 배방로 219-14,336851,31492,,1,,127.070521989568,36.7716768638285
MA0101202406A0334858,문정유통,,G2,소매,G206,음료 소매,G20604,우유 소매업,G47221,음료 소매업,48,경상남도,48170,진주시,48170730,판문동,4817012900,판문동,4817012900109150001,1,대지,915,1,경상남도 진주시 판문동 915-1,481703332002,경상남도 진주시 가화로,19,,4817012900109150001000001,,경상남도 진주시 가화로 19,660989,52647,,,,128.031506698645,35.201200419774
MA0101202406A0361802,연세우유여수,대리점,G2,소매,G206,음료 소매,G20604,우유 소매업,G47221,음료 소매업,46,전라남도,46130,여수시,46130800,여천동,4613013500,선원동,4613013500112290001,1,대지,1229,1,전라남도 여수시 선원동 1229-1,461304646353,전라남도 여수시 무선7길,15,,4613013500112290001058640,,전라남도 여수시 무선7길 15,555801,59640,,1,,127.652296183502,34.7748866092086
MA0101202406A0301417,서하유통,,G2,소매,G206,음료 소매,G20604,우유 소매업,G47221,음료 소매업,41,경기도,41830,양평군,41830400,용문면,4183040024,용문면,4183040024103200015,1,대지,320,15,경기도 양평군 용문면 다문리 320-15,418304452086,경기도 양평군 용문면 용문시장6길,1,,4183040024103200015003368,,경기도 양평군 용문면 용문시장6길 1,476841,12523,,1,,127.595743026084,37.4858917922144
MA0101202406A0356954,서울우유중동고객센터,,G2,소매,G206,음료 소매,G20604,우유 소매업,G47221,음료 소매업,26,부산광역시,26350,해운대구,26350530,중1동,2635010600,중동,2635010600102720001,1,대지,272,1,부산광역시 해운대구 중동 272-1,263504199210,부산광역시 해운대구 좌동로14번길,68,1,2635010600102720001003102,,부산광역시 해운대구 좌동로14번길 68-1,612846,48102,,,,129.171891263919,35.1692261441042
MA0101202406A0282969,죠스이편한,,G2,소매,G206,음료 소매,G20604,우유 소매업,G47221,음료 소매업,41,경기도,41360,남양주시,41360262,오남읍,4136026221,오남읍,4136026221108070000,1,대지,807,,경기도 남양주시 오남읍 양지리 807,413604391554,경기도 남양주시 오남읍 양지로240번길,33,,4136026221108070000030486,양지E-편한세상1단지,경기도 남양주시 오남읍 양지로240번길 33,472940,12046,,,,127.196395835901,37.6998823275785
MA0101202406A0310188,연세우유김제,대리점,G2,소매,G206,음료 소매,G20604,우유 소매업,G47221,음료 소매업,52,전북특별자치도,52210,김제시,52210510,요촌동,5221010100,요촌동,5221010100101470006,1,대지,147,6,전북특별자치도 김제시 요촌동 147-6,522103272083,전북특별자치도 김제시 남북로,124,,4521010100101470006055623,,전북특별자치도 김제시 남북로 124,576806,54408,,,,126.888676830956,35.7967650055597
MA0101202406A0367013,꾸러미유통,,G2,소매,G206,음료 소매,G20604,우유 소매업,G47221,음료 소매업,43,충청북도,43130,충주시,43130630,연수동,4313011800,연수동,4313011800104180000,1,대지,418,,충청북도 충주시 연수동 418,431303238002,충청북도 충주시 갱고개로,114,,4313011800104180000019405,유원하나1차,충청북도 충주시 갱고개로 114,380759,27372,,2,,127.940004158196,36.9811856634762
MA0101202406A0402576,유통골사과농장,,G2,소매,G206,음료 소매,G20604,우유 소매업,G47221,음료 소매업,48,경상남도,48880,거창군,48880380,남하면,4888038022,남하면,4888038022103420000,1,대지,342,,경상남도 거창군 남하면 양항리 342,488804841389,경상남도 거창군 남하면 아주2길,159,44,4888038022103420000000002,,경상남도 거창군 남하면 아주2길 159-44,670892,50121,,,,127.96375131136,35.6877081318244
MA0101202406A0414238,빙그레울산서구,대리점,G2,소매,G206,음료 소매,G20604,우유 소매업,G47221,음료 소매업,31,울산광역시,31140,남구,31140585,삼호동,3114010100,무거동,3114010100114600012,1,대지,1460,12,울산광역시 남구 무거동 1460-12,311404310465,울산광역시 남구 삼호로14번길,6,1,3114010100114600012033701,,울산광역시 남구 삼호로14번길 6-1,680810,44641,,1,,129.265486414333,35.5489177888785
MA0101202406A0387787,진송유통,,G2,소매,G206,음료 소매,G20604,우유 소매업,G47221,음료 소매업,51,강원특별자치도,51810,인제군,51810250,인제읍,5181025024,인제읍,5181025024103520003,1,대지,352,3,강원특별자치도 인제군 인제읍 덕산리 352-3,518104499047,강원특별자치도 인제군 인제읍 덕산로20번길,154,16,4281025024003520003010347,,강원특별자치도 인제군 인제읍 덕산로20번길 154-16,252801,24627,,,,128.198699024184,38.0884197575884
MA0101202406A0525632,매일유업방화,대리점,G2,소매,G206,음료 소매,G20604,우유 소매업,G47221,음료 소매업,11,서울특별시,11500,강서구,11500620,공항동,1150010800,공항동,1150010800100140092,1,대지,14,92,서울특별시 강서구 공항동 14-92,115004145323,서울특별시 강서구 방화대로21길,42,,1150010800100140092006929,,서울특별시 강서구 방화대로21길 42,157811,07616,,,,126.814195465325,37.5631930713999
MA0101202406A0466932,한국야쿠르트&주얼리,,G2,소매,G206,음료 소매,G20604,우유 소매업,G47221,음료 소매업,46,전라남도,46890,완도군,46890250,완도읍,4689025021,완도읍,4689025021114060000,1,대지,1406,,전라남도 완도군 완도읍 군내리 1406,468904700420,전라남도 완도군 완도읍 청해진남로24번길,9,,4689025021114060000009380,,전라남도 완도군 완도읍 청해진남로24번길 9,537800,59122,,1,,126.75533431556,34.3136389606434
MA0101202406A0556505,법인샘물유업,,G2,소매,G206,음료 소매,G20604,우유 소매업,G47221,음료 소매업,50,제주특별자치도,50110,제주시,50110256,구좌읍,5011025624,구좌읍,5011025624101120000,1,대지,112,,제주특별자치도 제주시 구좌읍 덕천리 112,501103349049,제주특별자치도 제주시 구좌읍 덕행로,519,46,5011025624001120000053621,,제주특별자치도 제주시 구좌읍 덕행로 519-46,695977,63356,,,,126.781101805242,33.5068257689744
MA0101202406A0590948,룰루바이오팜,,G2,소매,G206,음료 소매,G20604,우유 소매업,G47221,음료 소매업,29,광주광역시,29140,서구,29140745,치평동,2914012000,치평동,2914012000112500001,1,대지,1250,1,광주광역시 서구 치평동 1250-1,291403160020,광주광역시 서구 상무연하로,33,,2914012000112500001027641,,광주광역시 서구 상무연하로 33,502827,61963,,1,,126.849923012446,35.1512575234404
MA0101202408A0039291,우유나라호남,,G2,소매,G206,음료 소매,G20604,우유 소매업,G47221,음료 소매업,29,광주광역시,29170,북구,29170657,문흥2동,2917011200,문흥동,2917011200110100006,1,대지,1010,6,광주광역시 북구 문흥동 1010-6,291703162017,광주광역시 북구 문산로,7,1,2917011200110100006036556,라인,광주광역시 북구 문산로 7-1,500823,61133,,,,126.921007341689,35.1830525280969
MA0101202406A0595973,밀크에프에스,,G2,소매,G206,음료 소매,G20604,우유 소매업,G47221,음료 소매업,41,경기도,41465,용인시 수지구,41465510,풍덕천1동,4146510100,풍덕천동,4146510100106670005,1,대지,667,5,경기도 용인시 수지구 풍덕천동 667-5,414654415046,경기도 용인시 수지구 문인로39번길,9,1,4146510100106670005025984,,경기도 용인시 수지구 문인로39번길 9-1,448552,16829,,,,127.098462006893,37.3321431390532
MA0101202409A0009242,서울우유대구매천고객센터,,G2,소매,G206,음료 소매,G20604,우유 소매업,G47221,음료 소매업,27,대구광역시,27230,북구,27230735,태전2동,2723012600,태전동,2723012600106870023,1,대지,687,23,대구광역시 북구 태전동 687-23,272303145052,대구광역시 북구 학정로,11,7,2723012600106870023044780,,대구광역시 북구 학정로 11-7,702865,41468,,,,128.54393354722,35.9140198477471
MA0101202409A0133126,파스퇴르,,G2,소매,G206,음료 소매,G20604,우유 소매업,G47221,음료 소매업,44,충청남도,44270,당진시,44270520,당진2동,4427010200,채운동,4427010200102650005,1,대지,265,5,충청남도 당진시 채운동 265-5,442704595138,충청남도 당진시 당진천1길,69,,4483025022102650005087186,,충청남도 당진시 당진천1길 69,343926,31784,,,,126.624304290219,36.895681949852
MA0101202409A0224310,남양우유양구가정,대리점,G2,소매,G206,음료 소매,G20604,우유 소매업,G47221,음료 소매업,51,강원특별자치도,51800,양구군,51800250,양구읍,5180025021,양구읍,5180025021102590008,1,대지,259,8,강원특별자치도 양구군 양구읍 상리 259-8,518003232021,강원특별자치도 양구군 양구읍 해시계로,22,,4280025021002590008004533,,강원특별자치도 양구군 양구읍 해시계로 22,255804,24536,,1,,127.989576086757,38.1048892359552
