상가업소번호,상호명,지점명,상권업종대분류코드,상권업종대분류명,상권업종중분류코드,상권업종중분류명,상권업종소분류코드,상권업종소분류명,표준산업분류코드,표준산업분류명,시도코드,시도명,시군구코드,시군구명,행정동코드,행정동명,법정동코드,법정동명,PNU코드,대지구분코드,대지구분명,지번본번지,지번부번지,지번주소,도로명코드,도로명,건물본번지,건물부번지,건물관리번호,건물명,도로명주소,구우편번호,신우편번호,동정보,층정보,호정보,경도,위도
MA010120220805072478,중부물산,,G2,소매,G210,철물·건설자재 소매,G21003,건설/건축자재 소매업,G47519,"페인트, 창호 및 기타 건설자재 소매업",41,경기도,41590,화성시,41590540,병점2동,4159011700,병점동,4159011700102010002,1,대지,201,2,경기도 화성시 병점동 201-2,415904431435,경기도 화성시 효행로1156번길,22,,4159011700102010002024766,신미주아파트,경기도 화성시 효행로1156번길 22,445778,18421,,5,,127.05130486729,37.212370598384
MA010120220805791258,한국타일위생기,,G2,소매,G210,철물·건설자재 소매,G21003,건설/건축자재 소매업,G47519,"페인트, 창호 및 기타 건설자재 소매업",30,대전광역시,30230,대덕구,30230510,오정동,3023010100,오정동,3023010100103380009,1,대지,338,9,대전광역시 대덕구 오정동 338-9,302304304394,대전광역시 대덕구 오정로63번길,1,,3023010100103380009018651,대옥주택,대전광역시 대덕구 오정로63번길 1,306820,34441,,1,,127.410532843465,36.3521205478713
MA010120220805409723,에프에스에이치엔,,G2,소매,G210,철물·건설자재 소매,G21003,건설/건축자재 소매업,G47519,"페인트, 창호 및 기타 건설자재 소매업",41,경기도,41196,부천시 오정구,41196560,오정동,4119610100,오정동,4119610100101790000,1,대지,179,,경기도 부천시 오정구 오정동 179,411964358331,경기도 부천시 오정구 오정로252번길,41,,4119910100101790000001909,세종2차,경기도 부천시 오정구 오정로252번길 41,421814,14434,,3,,126.789447410801,37.5290577848355
MA010120220804771364,동수원유리,,G2,소매,G210,철물·건설자재 소매,G21003,건설/건축자재 소매업,G47519,"페인트, 창호 및 기타 건설자재 소매업",41,경기도,41115,수원시 팔달구,41115710,우만1동,4111514000,우만동,4111514000104790009,1,대지,479,9,경기도 수원시 팔달구 우만동 479-9,411154328222,경기도 수원시 팔달구 월드컵로365번길,10,,4111514000104790009020465,로뎀하우스,경기도 수원시 팔달구 월드컵로365번길 10,442819,16232,,4,,127.030291108817,37.2896603899841
MA010120220802104741,아름타일도기전시장,,G2,소매,G210,철물·건설자재 소매,G21003,건설/건축자재 소매업,G47519,"페인트, 창호 및 기타 건설자재 소매업",28,인천광역시,28200,남동구,28200560,만수1동,2820010300,만수동,2820010300109270001,1,대지,927,1,인천광역시 남동구 만수동 927-1,282003008002,인천광역시 남동구 구월남로,332,,2820010300109270001028820,은성프레미오,인천광역시 남동구 구월남로 332,405863,21538,,1,,126.726510780355,37.4516946684109
MA010120220805949492,에코플랜텍,,G2,소매,G210,철물·건설자재 소매,G21003,건설/건축자재 소매업,G47519,"페인트, 창호 및 기타 건설자재 소매업",28,인천광역시,28245,계양구,28245601,효성1동,2824510100,효성동,2824510100100250020,1,대지,25,20,인천광역시 계양구 효성동 25-20,282453008033,인천광역시 계양구 안남로,590,,2824510100100250020058151,동남아파트,인천광역시 계양구 안남로 590,407826,21094,,1,,126.711114560738,37.5347756717026
MA010120220809986124,스타타일도기,,G2,소매,G210,철물·건설자재 소매,G21003,건설/건축자재 소매업,G47519,"페인트, 창호 및 기타 건설자재 소매업",11,서울특별시,11305,강북구,11305595,번1동,1130510200,번동,1130510200104600015,1,대지,460,15,서울특별시 강북구 번동 460-15,113054124558,서울특별시 강북구 한천로124가길,29,,1130510200104600015018307,대원파크빌,서울특별시 강북구 한천로124가길 29,142865,01059,,1,,127.030794368413,37.6376309563151
MA010120220813571665,골든리테일,,G2,소매,G210,철물·건설자재 소매,G21003,건설/건축자재 소매업,G47519,"페인트, 창호 및 기타 건설자재 소매업",11,서울특별시,11680,강남구,11680690,개포4동,1168010300,개포동,1168010300106540000,1,대지,654,,서울특별시 강남구 개포동 654,116803005086,서울특별시 강남구 언주로,107,,1168010300106540000019414,현대2차,서울특별시 강남구 언주로 107,135808,06305,,1,,127.051919422926,37.4836341959282
MA010120220814106257,디에스방재산업,,G2,소매,G210,철물·건설자재 소매,G21003,건설/건축자재 소매업,G47519,"페인트, 창호 및 기타 건설자재 소매업",26,부산광역시,26230,부산진구,26230740,개금1동,2623011100,개금동,2623011100101770331,1,대지,177,331,부산광역시 부산진구 개금동 177-331,262304187369,부산광역시 부산진구 복지로13번길,33,7,2623011100101770331001927,드림빌6차,부산광역시 부산진구 복지로13번길 33-7,614813,47323,,4,,129.022054519594,35.1522927361385
MA010120220813748026,삼성SAMSUNG,,G2,소매,G210,철물·건설자재 소매,G21003,건설/건축자재 소매업,G47519,"페인트, 창호 및 기타 건설자재 소매업",41,경기도,41111,수원시 장안구,41111572,정자2동,4111113000,정자동,4111113000100510032,1,대지,51,32,경기도 수원시 장안구 정자동 51-32,411114322139,경기도 수원시 장안구 송정로76번길,20,,4111113000100510032037119,삼강빌라,경기도 수원시 장안구 송정로76번길 20,440833,16311,,1,,127.005763160988,37.2949982696471
MA010120220811793109,건설/건축자재 소매업,,G2,소매,G210,철물·건설자재 소매,G21003,건설/건축자재 소매업,G47519,"페인트, 창호 및 기타 건설자재 소매업",27,대구광역시,27260,수성구,27260670,고산1동,2726011800,신매동,2726011800100460000,1,대지,46,,대구광역시 수성구 신매동 46,272602007002,대구광역시 수성구 달구벌대로,3304,1,2726011800100460000001274,사월화성파크드림2단지,대구광역시 수성구 달구벌대로 3304-1,706170,42279,,5,,128.71609442251,35.8347080736055
MA010120220801249084,정우상사,,G2,소매,G210,철물·건설자재 소매,G21003,건설/건축자재 소매업,G47519,"페인트, 창호 및 기타 건설자재 소매업",28,인천광역시,28245,계양구,28245710,계양1동,2824512300,장기동,2824512300101310010,1,대지,131,10,인천광역시 계양구 장기동 131-10,282454265474,인천광역시 계양구 황어로115번길,13,,2824512300101310010000001,계양벽산블루밍,인천광역시 계양구 황어로115번길 13,407470,21007,,1,,126.731194773071,37.5795664873938
MA010120220800792828,삼경도기,,G2,소매,G210,철물·건설자재 소매,G21003,건설/건축자재 소매업,G47519,"페인트, 창호 및 기타 건설자재 소매업",11,서울특별시,11710,송파구,11710580,송파1동,1171010400,송파동,1171010400100880020,1,대지,88,20,서울특별시 송파구 송파동 88-20,117104169194,서울특별시 송파구 백제고분로42길,14,25,1171010400100880020013681,명칭없음,서울특별시 송파구 백제고분로42길 14-25,138850,05667,,2,,127.10918317488,37.5044444483463
MA010120220801341061,동서타이루,,G2,소매,G210,철물·건설자재 소매,G21003,건설/건축자재 소매업,G47519,"페인트, 창호 및 기타 건설자재 소매업",41,경기도,41113,수원시 권선구,41113540,세류3동,4111312600,세류동,4111312600101210020,1,대지,121,20,경기도 수원시 권선구 세류동 121-20,411134325445,경기도 수원시 권선구 정조로613번길,24,,4111312600101210020023245,타임캐슬,경기도 수원시 권선구 정조로613번길 24,441864,16573,,1,,127.013223911305,37.2640289333513
MA010120220801128346,대호목재,,G2,소매,G210,철물·건설자재 소매,G21003,건설/건축자재 소매업,G47519,"페인트, 창호 및 기타 건설자재 소매업",28,인천광역시,28140,동구,28140570,송현3동,2814010300,송현동,2814010300101290000,1,대지,129,,인천광역시 동구 송현동 129,281404250066,인천광역시 동구 방축로37번길,30,,2814010300101290000001672,인천산업용품유통센터,인천광역시 동구 방축로37번길 30,401704,22530,,,,126.652754921392,37.4861987386311
MA010120220801099025,칼라앤페인트,,G2,소매,G210,철물·건설자재 소매,G21003,건설/건축자재 소매업,G47519,"페인트, 창호 및 기타 건설자재 소매업",28,인천광역시,28200,남동구,28200551,간석4동,2820010200,간석동,2820010200103820002,1,대지,382,2,인천광역시 남동구 간석동 382-2,282003008014,인천광역시 남동구 주안로,273,,2820010200103820002002296,상원빌딩,인천광역시 남동구 주안로 273,405806,21506,,1,,126.700335068383,37.4632992685342
MA010120220801093730,대동타일,,G2,소매,G210,철물·건설자재 소매,G21003,건설/건축자재 소매업,G47519,"페인트, 창호 및 기타 건설자재 소매업",28,인천광역시,28237,부평구,28237690,십정2동,2823710200,십정동,2823710200105830021,1,대지,583,21,인천광역시 부평구 십정동 583-21,282374262064,인천광역시 부평구 경인로701번길,4,,2823710200105830021006347,,인천광역시 부평구 경인로701번길 4,403849,21436,,,,126.708460666288,37.4724287850058
MA010120220801105986,경동타일도기,,G2,소매,G210,철물·건설자재 소매,G21003,건설/건축자재 소매업,G47519,"페인트, 창호 및 기타 건설자재 소매업",28,인천광역시,28140,동구,28140590,송림2동,2814010700,송림동,2814010700101580016,1,대지,158,16,인천광역시 동구 송림동 158-16,281403150037,인천광역시 동구 송림로,61,,2814010700101580016029432,,인천광역시 동구 송림로 61,401815,22542,,,,126.641693306237,37.4751013746419
MA010120220801184317,페인트마당,,G2,소매,G210,철물·건설자재 소매,G21003,건설/건축자재 소매업,G47519,"페인트, 창호 및 기타 건설자재 소매업",28,인천광역시,28260,서구,28260710,당하동,2826011400,당하동,2826011400110660005,1,대지,1066,5,인천광역시 서구 당하동 1066-5,282603156104,인천광역시 서구 독정로,1,,2826011400108740008031437,,인천광역시 서구 독정로 1,404310,22686,,1,,126.676642492784,37.5840247080559
MA010120220801139721,노루페인트수원상사,,G2,소매,G210,철물·건설자재 소매,G21003,건설/건축자재 소매업,G47519,"페인트, 창호 및 기타 건설자재 소매업",41,경기도,41113,수원시 권선구,41113540,세류3동,4111312600,세류동,4111312600110980014,1,대지,1098,14,경기도 수원시 권선구 세류동 1098-14,411133175043,경기도 수원시 권선구 장다리로,36,,4111312600110980014031437,,경기도 수원시 권선구 장다리로 36,441878,16580,,1,,127.019083554705,37.2536481191262
MA010120220801220276,삼화페인트,,G2,소매,G210,철물·건설자재 소매,G21003,건설/건축자재 소매업,G47519,"페인트, 창호 및 기타 건설자재 소매업",28,인천광역시,28237,부평구,28237570,산곡1동,2823710300,산곡동,2823710300100130007,1,대지,13,7,인천광역시 부평구 산곡동 13-7,282374262474,인천광역시 부평구 산청로17번길,21,,2823710300100130007010671,,인천광역시 부평구 산청로17번길 21,403832,21308,,1,,126.699864457832,37.5103125101576
MA010120220801213736,부개타일,,G2,소매,G210,철물·건설자재 소매,G21003,건설/건축자재 소매업,G47519,"페인트, 창호 및 기타 건설자재 소매업",28,인천광역시,28237,부평구,28237650,부개1동,2823710700,부개동,2823710700102670000,1,대지,267,,인천광역시 부평구 부개동 267,282373000028,인천광역시 부평구 경인로,1056,,2823710700102670000203946,외,인천광역시 부평구 경인로 1056,403810,21427,,1,,126.737125129018,37.4866057975664
MA010120220801206857,인주타일,,G2,소매,G210,철물·건설자재 소매,G21003,건설/건축자재 소매업,G47519,"페인트, 창호 및 기타 건설자재 소매업",28,인천광역시,28245,계양구,28245601,효성1동,2824510100,효성동,2824510100100230006,1,대지,23,6,인천광역시 계양구 효성동 23-6,282454265207,인천광역시 계양구 봉오대로569번길,27,,2824510100100230006053511,,인천광역시 계양구 봉오대로569번길 27,407826,21097,,1,,126.711845109006,37.5331016003128
MA010120220801228254,현대상사KCC페인트,,G2,소매,G210,철물·건설자재 소매,G21003,건설/건축자재 소매업,G47519,"페인트, 창호 및 기타 건설자재 소매업",28,인천광역시,28237,부평구,28237510,부평1동,2823710100,부평동,2823710100104640007,1,대지,464,7,인천광역시 부평구 부평동 464-7,282372008008,인천광역시 부평구 부평대로,103,,2823710100104640007007527,,인천광역시 부평구 부평대로 103,403819,21379,,1,,126.721661719353,37.5006440671874
MA010120220801283579,신원상사,,G2,소매,G210,철물·건설자재 소매,G21003,건설/건축자재 소매업,G47519,"페인트, 창호 및 기타 건설자재 소매업",41,경기도,41171,안양시 만안구,41171560,안양6동,4117110100,안양동,4117110100104810001,1,대지,481,1,경기도 안양시 만안구 안양동 481-1,411713182016,경기도 안양시 만안구 안양로,161,,4117110100104810001000104,,경기도 안양시 만안구 안양로 161,430856,14089,,,,126.929706109043,37.3884954530154
MA010120220802991166,지원타일,,G2,소매,G210,철물·건설자재 소매,G21003,건설/건축자재 소매업,G47519,"페인트, 창호 및 기타 건설자재 소매업",47,경상북도,47113,포항시 북구,47113520,중앙동,4711311200,학산동,4711311200100870007,1,대지,87,7,경상북도 포항시 북구 학산동 87-7,471133304014,경상북도 포항시 북구 삼호로,127,,4711311200100870007108631,,경상북도 포항시 북구 삼호로 127,791080,37717,,,,129.371948589739,36.0516559632767
MA010120220802963771,"대림타일,욕실",,G2,소매,G210,철물·건설자재 소매,G21003,건설/건축자재 소매업,G47519,"페인트, 창호 및 기타 건설자재 소매업",51,강원특별자치도,51130,원주시,51130515,중앙동,5113010900,학성동,5113010900103270002,1,대지,327,2,강원특별자치도 원주시 학성동 327-2,511303219056,강원특별자치도 원주시 평원로,107,,4213010900103270002014224,,강원특별자치도 원주시 평원로 107,220963,26415,,,,127.947744581044,37.3536882352978
MA010120220802953428,삼화페인트,,G2,소매,G210,철물·건설자재 소매,G21003,건설/건축자재 소매업,G47519,"페인트, 창호 및 기타 건설자재 소매업",11,서울특별시,11440,마포구,11440690,망원1동,1144012300,망원동,1144012300104940000,1,대지,494,,서울특별시 마포구 망원동 494,114403113006,서울특별시 마포구 망원로,88,,1144012300104940000015322,삼성화원,서울특별시 마포구 망원로 88,121900,04011,,,,126.90666344889,37.5574459057305
MA010120220803033088,그린페인트,,G2,소매,G210,철물·건설자재 소매,G21003,건설/건축자재 소매업,G47519,"페인트, 창호 및 기타 건설자재 소매업",44,충청남도,44131,천안시 동남구,44131530,원성1동,4413110700,원성동,4413110700104610020,1,대지,461,20,충청남도 천안시 동남구 원성동 461-20,441313249025,충청남도 천안시 동남구 성황로,98,3,4413110700104610020014229,,충청남도 천안시 동남구 성황로 98-3,330952,31126,,,,127.159709479175,36.8116540543659
MA010120220803004707,태진타일도기,,G2,소매,G210,철물·건설자재 소매,G21003,건설/건축자재 소매업,G47519,"페인트, 창호 및 기타 건설자재 소매업",43,충청북도,43770,음성군,43770250,음성읍,4377025022,음성읍,4377025022109580015,1,대지,958,15,충청북도 음성군 음성읍 평곡리 958-15,437703247032,충청북도 음성군 음성읍 시장로,43,9,4377025022109580014010834,태진타일도기,충청북도 음성군 음성읍 시장로 43-9,369803,27702,,1,,127.69492831622,36.9310076732139
MA010120220803067012,삼화페인트금성상사,,G2,소매,G210,철물·건설자재 소매,G21003,건설/건축자재 소매업,G47519,"페인트, 창호 및 기타 건설자재 소매업",28,인천광역시,28237,부평구,28237570,산곡1동,2823710300,산곡동,2823710300100970005,1,대지,97,5,인천광역시 부평구 산곡동 97-5,282373154066,인천광역시 부평구 마장로,329,,2823710300100970005005470,,인천광역시 부평구 마장로 329,403021,21369,,,,126.703155702667,37.5074826720589
MA010120220803062451,바른공사,,G2,소매,G210,철물·건설자재 소매,G21003,건설/건축자재 소매업,G47519,"페인트, 창호 및 기타 건설자재 소매업",52,전북특별자치도,52140,익산시,52140656,신동,5214012100,신동,5214012100108090023,1,대지,809,23,전북특별자치도 익산시 신동 809-23,521404608111,전북특별자치도 익산시 인북로62길,13,10,4514012100108090023067098,,전북특별자치도 익산시 인북로62길 13-10,570976,54632,,,,126.962942301522,35.9587027474228
MA010120220803080044,노루표페인트지업사,,G2,소매,G210,철물·건설자재 소매,G21003,건설/건축자재 소매업,G47519,"페인트, 창호 및 기타 건설자재 소매업",46,전라남도,46770,고흥군,46770250,고흥읍,4677025026,고흥읍,4677025026106310012,1,대지,631,12,전라남도 고흥군 고흥읍 남계리 631-12,467703289003,전라남도 고흥군 고흥읍 고흥로,1741,,4677025026106310012031453,,전라남도 고흥군 고흥읍 고흥로 1741,548802,59543,,,,127.284882709968,34.6075990676833
MA010120220803098447,새두류도료,,G2,소매,G210,철물·건설자재 소매,G21003,건설/건축자재 소매업,G47519,"페인트, 창호 및 기타 건설자재 소매업",27,대구광역시,27290,달서구,27290515,성당동,2729010100,성당동,2729010100104290001,1,대지,429,1,대구광역시 달서구 성당동 429-1,272903147026,대구광역시 달서구 야외음악당로,39,,2729010100104290001029073,,대구광역시 달서구 야외음악당로 39,704916,42678,,,,128.55269455493,35.8407697031443
MA010120220803096158,태원시멘트,,G2,소매,G210,철물·건설자재 소매,G21003,건설/건축자재 소매업,G47519,"페인트, 창호 및 기타 건설자재 소매업",41,경기도,41113,수원시 권선구,41113560,서둔동,4111313100,서둔동,4111313100101030010,1,대지,103,10,경기도 수원시 권선구 서둔동 103-10,411133175028,경기도 수원시 권선구 서호서로,51,,4111313100101030010024927,,경기도 수원시 권선구 서호서로 51,441853,16615,,1,,126.985760467102,37.2693359514961
MA010120220803110473,대아타일도기,,G2,소매,G210,철물·건설자재 소매,G21003,건설/건축자재 소매업,G47519,"페인트, 창호 및 기타 건설자재 소매업",41,경기도,41610,광주시,41610590,오포2동,4161011900,매산동,4161011900106110009,1,대지,611,9,경기도 광주시 매산동 611-9,416102012015,경기도 광주시 회안대로,104,,4161025026106110009039789,,경기도 광주시 회안대로 104,464893,12798,,,,127.244544507767,37.3644584704439
MA010120220804592799,홍천대한건재,,G2,소매,G210,철물·건설자재 소매,G21003,건설/건축자재 소매업,G47519,"페인트, 창호 및 기타 건설자재 소매업",51,강원특별자치도,51720,홍천군,51720380,북방면,5172038037,북방면,5172038037100400000,1,대지,40,,강원특별자치도 홍천군 북방면 하화계리 40,517203225028,강원특별자치도 홍천군 북방면 송학정로,155,,4272038037100400000000001,,강원특별자치도 홍천군 북방면 송학정로 155,250885,25115,,,,127.864749109897,37.6894061076521
MA010120220804589814,우리페인트,,G2,소매,G210,철물·건설자재 소매,G21003,건설/건축자재 소매업,G47519,"페인트, 창호 및 기타 건설자재 소매업",51,강원특별자치도,51720,홍천군,51720380,북방면,5172038037,북방면,5172038037104800003,1,대지,480,3,강원특별자치도 홍천군 북방면 하화계리 480-3,517204475615,강원특별자치도 홍천군 북방면 하화계길11번길,13,,4272038037104800003011355,,강원특별자치도 홍천군 북방면 하화계길11번길 13,250885,25115,,1,,127.853235520775,37.6928234989329
MA010120220804595780,내면페인트,,G2,소매,G210,철물·건설자재 소매,G21003,건설/건축자재 소매업,G47519,"페인트, 창호 및 기타 건설자재 소매업",51,강원특별자치도,51720,홍천군,51720390,내면,5172039022,내면,5172039022117610000,1,대지,1761,,강원특별자치도 홍천군 내면 광원리 1761,517204475060,강원특별자치도 홍천군 내면 광원새터길,193,,4272039022117610000000001,,강원특별자치도 홍천군 내면 광원새터길 193,250841,25170,,,,128.425522639802,37.8334728537001
MA010120220804597495,SM하우징,,G2,소매,G210,철물·건설자재 소매,G21003,건설/건축자재 소매업,G47519,"페인트, 창호 및 기타 건설자재 소매업",51,강원특별자치도,51810,인제군,51810320,북면,5181032021,북면,5181032021106830041,1,대지,683,41,강원특별자치도 인제군 북면 원통리 683-41,518103000121,강원특별자치도 인제군 북면 금강로,7,,4281032021006830041011066,,강원특별자치도 인제군 북면 금강로 7,252822,24618,,,,128.208020362942,38.1214941502732
MA010120220804590336,현대건재,,G2,소매,G210,철물·건설자재 소매,G21003,건설/건축자재 소매업,G47519,"페인트, 창호 및 기타 건설자재 소매업",51,강원특별자치도,51720,홍천군,51720380,북방면,5172038037,북방면,5172038037102890003,1,대지,289,3,강원특별자치도 홍천군 북방면 하화계리 289-3,517203225052,강원특별자치도 홍천군 북방면 홍천로,182,8,4272038037102890003000001,,강원특별자치도 홍천군 북방면 홍천로 182-8,250885,25115,,,,127.865371294173,37.6912394829334
MA010120220804596213,양덕페인트,,G2,소매,G210,철물·건설자재 소매,G21003,건설/건축자재 소매업,G47519,"페인트, 창호 및 기타 건설자재 소매업",51,강원특별자치도,51720,홍천군,51720360,남면,5172036021,남면,5172036021101560006,1,대지,156,6,강원특별자치도 홍천군 남면 양덕원리 156-6,517203000143,강원특별자치도 홍천군 남면 한서로,3393,,4272036021101560006033312,,강원특별자치도 홍천군 남면 한서로 3393,250875,25108,,,,127.767658070697,37.6147667167018
MA010120220804608233,죽산타일,,G2,소매,G210,철물·건설자재 소매,G21003,건설/건축자재 소매업,G47519,"페인트, 창호 및 기타 건설자재 소매업",30,대전광역시,30230,대덕구,30230550,신탄진동,3023012600,신탄진동,3023012600101470004,1,대지,147,4,대전광역시 대덕구 신탄진동 147-4,302303010031,대전광역시 대덕구 신탄진로,799,,3023012600101470004022076,,대전광역시 대덕구 신탄진로 799,306815,34311,,,,127.429010438919,36.4486245680461
MA010120220804590788,벽산페인트，건축물보수,대리점,G2,소매,G210,철물·건설자재 소매,G21003,건설/건축자재 소매업,G47519,"페인트, 창호 및 기타 건설자재 소매업",51,강원특별자치도,51720,홍천군,51720250,홍천읍,5172025023,홍천읍,5172025023103700076,1,대지,370,76,강원특별자치도 홍천군 홍천읍 희망리 370-76,517203225052,강원특별자치도 홍천군 홍천읍 홍천로,327,1,4272025023103700076000002,,강원특별자치도 홍천군 홍천읍 홍천로 327-1,250809,25136,,,,127.881881535431,37.6885945027923
MA010120220804595128,제비표페인트,,G2,소매,G210,철물·건설자재 소매,G21003,건설/건축자재 소매업,G47519,"페인트, 창호 및 기타 건설자재 소매업",51,강원특별자치도,51720,홍천군,51720250,홍천읍,5172025021,홍천읍,5172025021100730004,1,대지,73,4,강원특별자치도 홍천군 홍천읍 진리 73-4,517203225007,강원특별자치도 홍천군 홍천읍 꽃뫼로,146,,4272025021100730004040043,,강원특별자치도 홍천군 홍천읍 꽃뫼로 146,250808,25138,,,,127.889967686747,37.6916690559493
MA010120220804629010,대경타일,,G2,소매,G210,철물·건설자재 소매,G21003,건설/건축자재 소매업,G47519,"페인트, 창호 및 기타 건설자재 소매업",51,강원특별자치도,51130,원주시,51130590,단계동,5113011000,단계동,5113011000108000001,1,대지,800,1,강원특별자치도 원주시 단계동 800-1,511304457136,강원특별자치도 원주시 단구로63번길,6,,4213011000108000001021822,,강원특별자치도 원주시 단구로63번길 6,220937,26434,,,,127.93968368109,37.3435442530169
MA010120220804622425,명성페인트,,G2,소매,G210,철물·건설자재 소매,G21003,건설/건축자재 소매업,G47519,"페인트, 창호 및 기타 건설자재 소매업",51,강원특별자치도,51130,원주시,51130550,단구동,5113010700,단구동,5113010700101280019,1,대지,128,19,강원특별자치도 원주시 단구동 128-19,511303219054,강원특별자치도 원주시 치악로,1579,,4213010700101280019005585,,강원특별자치도 원주시 치악로 1579,220940,26450,,,,127.961250641878,37.3241616980544
MA010120220804629331,광일타일,,G2,소매,G210,철물·건설자재 소매,G21003,건설/건축자재 소매업,G47519,"페인트, 창호 및 기타 건설자재 소매업",51,강원특별자치도,51730,횡성군,51730250,횡성읍,5173025021,횡성읍,5173025021105190009,1,대지,519,9,강원특별자치도 횡성군 횡성읍 읍상리 519-9,517303226086,강원특별자치도 횡성군 횡성읍 한우로,309,,4273025021105190009018517,,강원특별자치도 횡성군 횡성읍 한우로 309,225807,25231,,,,127.987276979533,37.4875752958372
MA010120220804627784,스마트타일,,G2,소매,G210,철물·건설자재 소매,G21003,건설/건축자재 소매업,G47519,"페인트, 창호 및 기타 건설자재 소매업",51,강원특별자치도,51130,원주시,51130541,명륜1동,5113010600,명륜동,5113010600102490018,1,대지,249,18,강원특별자치도 원주시 명륜동 249-18,511304457657,강원특별자치도 원주시 향교길,16,,4213010600102490018007129,,강원특별자치도 원주시 향교길 16,220947,26441,,,,127.949205326972,37.3370351114867
MA010120220804645063,대화타일,,G2,소매,G210,철물·건설자재 소매,G21003,건설/건축자재 소매업,G47519,"페인트, 창호 및 기타 건설자재 소매업",51,강원특별자치도,51760,평창군,51760330,대화면,5176033021,대화면,5176033021111650002,1,대지,1165,2,강원특별자치도 평창군 대화면 대화리 1165-2,517604484088,강원특별자치도 평창군 대화면 대화5길,15,,4276033021111650002005753,,강원특별자치도 평창군 대화면 대화5길 15,232912,25358,,,,128.454576343188,37.5024309093386
MA010120220804632271,장평타일.도기,,G2,소매,G210,철물·건설자재 소매,G21003,건설/건축자재 소매업,G47519,"페인트, 창호 및 기타 건설자재 소매업",51,강원특별자치도,51760,평창군,51760350,용평면,5176035027,용평면,5176035027103550001,1,대지,355,1,강원특별자치도 평창군 용평면 장평리 355-1,517604484041,강원특별자치도 평창군 용평면 금송1길,27,,4276035027103550001008187,,강원특별자치도 평창군 용평면 금송1길 27,232933,25315,,,,128.413863129583,37.5861350272214
MA010120220804625108,한일타일도기상사,,G2,소매,G210,철물·건설자재 소매,G21003,건설/건축자재 소매업,G47519,"페인트, 창호 및 기타 건설자재 소매업",51,강원특별자치도,51130,원주시,51130541,명륜1동,5113010600,명륜동,5113010600102790006,1,대지,279,6,강원특별자치도 원주시 명륜동 279-6,511303219011,강원특별자치도 원주시 남원로,606,,4213010600102790006007384,호아빌딩,강원특별자치도 원주시 남원로 606,220947,26446,,1,,127.951035887485,37.3372366491636
MA010120220804681564,벽산페인트,,G2,소매,G210,철물·건설자재 소매,G21003,건설/건축자재 소매업,G47519,"페인트, 창호 및 기타 건설자재 소매업",48,경상남도,48310,거제시,48310340,거제면,4831034026,거제면,4831034026106960004,1,대지,696,4,경상남도 거제시 거제면 서정리 696-4,483103337068,경상남도 거제시 거제면 읍내로,83,,4831034026106960004022026,,경상남도 거제시 거제면 읍내로 83,656862,53285,,,,128.587635819376,34.851056764389
MA010120220804674416,노루표페인트,,G2,소매,G210,철물·건설자재 소매,G21003,건설/건축자재 소매업,G47519,"페인트, 창호 및 기타 건설자재 소매업",51,강원특별자치도,51750,영월군,51750250,영월읍,5175025021,영월읍,5175025021109540010,1,대지,954,10,강원특별자치도 영월군 영월읍 영흥리 954-10,517503227021,강원특별자치도 영월군 영월읍 중앙1로,48,,4275025021109540010017092,,강원특별자치도 영월군 영월읍 중앙1로 48,230805,26233,,,,128.465972557371,37.1854164075793
MA010120220804677348,강원타일,,G2,소매,G210,철물·건설자재 소매,G21003,건설/건축자재 소매업,G47519,"페인트, 창호 및 기타 건설자재 소매업",51,강원특별자치도,51770,정선군,51770250,정선읍,5177025024,정선읍,5177025024105990012,1,대지,599,12,강원특별자치도 정선군 정선읍 애산리 599-12,517704487137,강원특별자치도 정선군 정선읍 병목길,14,,4277025024105990012028833,,강원특별자치도 정선군 정선읍 병목길 14,233808,26125,,,,128.672553118122,37.3734891094258
MA010120220804684734,평창타일,,G2,소매,G210,철물·건설자재 소매,G21003,건설/건축자재 소매업,G47519,"페인트, 창호 및 기타 건설자재 소매업",51,강원특별자치도,51760,평창군,51760250,평창읍,5176025025,평창읍,5176025025100580000,1,대지,58,,강원특별자치도 평창군 평창읍 종부리 58,517604484326,강원특별자치도 평창군 평창읍 종부1길,211,,4276025025100580000000001,,강원특별자치도 평창군 평창읍 종부1길 211,232809,25377,,,,128.411803053198,37.3505911236019
MA010120220804710345,중앙타일,,G2,소매,G210,철물·건설자재 소매,G21003,건설/건축자재 소매업,G47519,"페인트, 창호 및 기타 건설자재 소매업",51,강원특별자치도,51150,강릉시,51150560,교2동,5115011000,교동,5115011000107980002,1,대지,798,2,강원특별자치도 강릉시 교동 798-2,511503220032,강원특별자치도 강릉시 율곡로,2954,,4215011000107980002025987,,강원특별자치도 강릉시 율곡로 2954,210922,25490,,,,128.89186762252,37.7662861620539
MA010120220804718977,성광철물종합건재,,G2,소매,G210,철물·건설자재 소매,G21003,건설/건축자재 소매업,G47519,"페인트, 창호 및 기타 건설자재 소매업",51,강원특별자치도,51150,강릉시,51150250,주문진읍,5115025022,주문진읍,5115025022102860000,1,대지,286,,강원특별자치도 강릉시 주문진읍 교항리 286,511503220022,강원특별자치도 강릉시 주문진읍 연주로,390,,4215025022102860000037748,,강원특별자치도 강릉시 주문진읍 연주로 390,210801,25419,,,,128.82425318239,37.8869663643733
MA010120220804721936,지에스타일,,G2,소매,G210,철물·건설자재 소매,G21003,건설/건축자재 소매업,G47519,"페인트, 창호 및 기타 건설자재 소매업",48,경상남도,48880,거창군,48880250,거창읍,4888025024,거창읍,4888025024112840002,1,대지,1284,2,경상남도 거창군 거창읍 대평리 1284-2,488802347001,경상남도 거창군 거창읍 거창대로,11,,4888025024112840002023144,,경상남도 거창군 거창읍 거창대로 11,670804,50144,,,,127.917683187449,35.6827237650499
MA010120220806063904,삼원도장공사,,G2,소매,G210,철물·건설자재 소매,G21003,건설/건축자재 소매업,G47519,"페인트, 창호 및 기타 건설자재 소매업",44,충청남도,44131,천안시 동남구,44131250,목천읍,4413125036,목천읍,4413125036200580001,2,산,58,1,충청남도 천안시 동남구 목천읍 삼성리 산58-1,441314547323,충청남도 천안시 동남구 목천읍 삼성2길,13,,4413125036200580001047241,,충청남도 천안시 동남구 목천읍 삼성2길 13,330845,31226,,,,127.169347100203,36.7555103191143
MA010120220806058576,칠과사람들,,G2,소매,G210,철물·건설자재 소매,G21003,건설/건축자재 소매업,G47519,"페인트, 창호 및 기타 건설자재 소매업",44,충청남도,44133,천안시 서북구,44133520,성정2동,4413310200,성정동,4413310200111650000,1,대지,1165,,충청남도 천안시 서북구 성정동 1165,441334550372,충청남도 천안시 서북구 성정중7길,39,17,4413310200111650000048177,,충청남도 천안시 서북구 성정중7길 39-17,331937,31108,,,,127.137362138326,36.8300195324108
MA010120220806060937,충남타일,,G2,소매,G210,철물·건설자재 소매,G21003,건설/건축자재 소매업,G47519,"페인트, 창호 및 기타 건설자재 소매업",44,충청남도,44133,천안시 서북구,44133520,성정2동,4413310200,성정동,4413310200108590000,1,대지,859,,충청남도 천안시 서북구 성정동 859,441332249004,충청남도 천안시 서북구 쌍용대로,255,,4413310200108590000051610,,충청남도 천안시 서북구 쌍용대로 255,331977,31139,,,,127.135775590534,36.8202803743827
MA010120220806043880,한일도료공사,,G2,소매,G210,철물·건설자재 소매,G21003,건설/건축자재 소매업,G47519,"페인트, 창호 및 기타 건설자재 소매업",44,충청남도,44133,천안시 서북구,44133580,부성1동,4413311100,부대동,4413311100101280007,1,대지,128,7,충청남도 천안시 서북구 부대동 128-7,441334550648,충청남도 천안시 서북구 부대중앙길,63,,4413311100101280007045327,,충청남도 천안시 서북구 부대중앙길 63,331240,31080,,,,127.153037439988,36.8434448962105
MA010120220806048568,대왕타일,,G2,소매,G210,철물·건설자재 소매,G21003,건설/건축자재 소매업,G47519,"페인트, 창호 및 기타 건설자재 소매업",44,충청남도,44131,천안시 동남구,44131540,원성2동,4413110700,원성동,4413110700105830020,1,대지,583,20,충청남도 천안시 동남구 원성동 583-20,441313249071,충청남도 천안시 동남구 충무로,489,,4413110700105830020027242,,충청남도 천안시 동남구 충무로 489,330954,31187,,,,127.159739064223,36.7989213161808
MA010120220806055108,제비표페인트삼오공사,,G2,소매,G210,철물·건설자재 소매,G21003,건설/건축자재 소매업,G47519,"페인트, 창호 및 기타 건설자재 소매업",44,충청남도,44133,천안시 서북구,44133250,성환읍,4413325021,성환읍,4413325021104490159,1,대지,449,159,충청남도 천안시 서북구 성환읍 성환리 449-159,441333250032,충청남도 천안시 서북구 성환읍 성환1로,216,,4413325021104490159017638,,충청남도 천안시 서북구 성환읍 성환1로 216,331805,31017,,,,127.128400406312,36.9139761378045
MA010120220806044186,국제타일도기,,G2,소매,G210,철물·건설자재 소매,G21003,건설/건축자재 소매업,G47519,"페인트, 창호 및 기타 건설자재 소매업",44,충청남도,44131,천안시 동남구,44131510,중앙동,4413110400,사직동,4413110400101860005,1,대지,186,5,충청남도 천안시 동남구 사직동 186-5,441313249006,충청남도 천안시 동남구 대흥로,110,,4413110400101860005026355,,충청남도 천안시 동남구 대흥로 110,330040,31129,,,,127.150485616526,36.7998975737959
MA010120220806143944,현대페인트,,G2,소매,G210,철물·건설자재 소매,G21003,건설/건축자재 소매업,G47519,"페인트, 창호 및 기타 건설자재 소매업",44,충청남도,44180,보령시,44180515,대천1동,4418010100,대천동,4418010100102980005,1,대지,298,5,충청남도 보령시 대천동 298-5,441803252003,충청남도 보령시 남대천로,81,1,4418010100102980005014465,,충청남도 보령시 남대천로 81-1,355934,33460,,,,126.592069640519,36.346560203902
MA010120220806151555,웅천페인트,,G2,소매,G210,철물·건설자재 소매,G21003,건설/건축자재 소매업,G47519,"페인트, 창호 및 기타 건설자재 소매업",44,충청남도,44180,보령시,44180250,웅천읍,4418025021,웅천읍,4418025021103530006,1,대지,353,6,충청남도 보령시 웅천읍 대창리 353-6,441804556537,충청남도 보령시 웅천읍 장터중앙길,165,,4418025021103530006027948,,충청남도 보령시 웅천읍 장터중앙길 165,355853,33520,,,,126.598414986431,36.2344474603467
MA010120220806183919,제비표페인트흥산,,G2,소매,G210,철물·건설자재 소매,G21003,건설/건축자재 소매업,G47519,"페인트, 창호 및 기타 건설자재 소매업",30,대전광역시,30170,서구,30170530,도마2동,3017010300,도마동,3017010300101690006,1,대지,169,6,대전광역시 서구 도마동 169-6,301703000095,대전광역시 서구 계백로,1397,,3017010300101690006029534,,대전광역시 서구 계백로 1397,302823,35335,,,,127.376850339891,36.3118767767544
MA010120220806173494,삼화페인트신진상사,,G2,소매,G210,철물·건설자재 소매,G21003,건설/건축자재 소매업,G47519,"페인트, 창호 및 기타 건설자재 소매업",30,대전광역시,30230,대덕구,30230560,석봉동,3023011100,석봉동,3023011100101820015,1,대지,182,15,대전광역시 대덕구 석봉동 182-15,302304304260,대전광역시 대덕구 석봉로30번길,47,,3023011100101820015002245,,대전광역시 대덕구 석봉로30번길 47,306810,34320,,,,127.425132173482,36.4451689812884
MA010120220807540569,대륙,,G2,소매,G210,철물·건설자재 소매,G21003,건설/건축자재 소매업,G47519,"페인트, 창호 및 기타 건설자재 소매업",46,전라남도,46880,장성군,46880250,장성읍,4688025024,장성읍,4688025024110620003,1,대지,1062,3,전라남도 장성군 장성읍 영천리 1062-3,468803299038,전라남도 장성군 장성읍 영천로,204,,4688025024110620003026645,,전라남도 장성군 장성읍 영천로 204,515805,57219,,,,126.785312693806,35.3026136966632
MA010120220807591432,주월건재,,G2,소매,G210,철물·건설자재 소매,G21003,건설/건축자재 소매업,G47519,"페인트, 창호 및 기타 건설자재 소매업",29,광주광역시,29155,남구,29155690,주월1동,2915510600,주월동,2915510600100200012,1,대지,20,12,광주광역시 남구 주월동 20-12,291553000074,광주광역시 남구 회재로,1220,,2915510600100200012013390,,광주광역시 남구 회재로 1220,503832,61718,,,,126.894371252775,35.1332411343983
MA010120220807567592,금강건재,,G2,소매,G210,철물·건설자재 소매,G21003,건설/건축자재 소매업,G47519,"페인트, 창호 및 기타 건설자재 소매업",29,광주광역시,29170,북구,29170535,중흥동,2917010100,중흥동,2917010100102640002,1,대지,264,2,광주광역시 북구 중흥동 264-2,291703162069,광주광역시 북구 중문로,27,,2917010100102640002006468,,광주광역시 북구 중문로 27,500873,61190,,,,126.918863178884,35.1753174721702
MA010120220807558576,가인건축,,G2,소매,G210,철물·건설자재 소매,G21003,건설/건축자재 소매업,G47519,"페인트, 창호 및 기타 건설자재 소매업",11,서울특별시,11740,강동구,11740515,강일동,1174011000,강일동,1174011000106790003,1,대지,679,3,서울특별시 강동구 강일동 679-3,117403000035,서울특별시 강동구 아리수로,419,,1174011000106790003000001,강일리슈빌에스,서울특별시 강동구 아리수로 419,134100,05211,,2,,127.173730444327,37.56437373971
MA010120220807558583,비웍스,,G2,소매,G210,철물·건설자재 소매,G21003,건설/건축자재 소매업,G47519,"페인트, 창호 및 기타 건설자재 소매업",51,강원특별자치도,51110,춘천시,51110650,석사동,5111012400,석사동,5111012400101710021,1,대지,171,21,강원특별자치도 춘천시 석사동 171-21,511103218029,강원특별자치도 춘천시 안마산로,294,10,4211012400101710021000001,,강원특별자치도 춘천시 안마산로 294-10,200933,24417,,,,127.744729456798,37.845359048798
MA010120220807555844,진흥건재상회,,G2,소매,G210,철물·건설자재 소매,G21003,건설/건축자재 소매업,G47519,"페인트, 창호 및 기타 건설자재 소매업",29,광주광역시,29170,북구,29170535,중흥동,2917010100,중흥동,2917010100103740037,1,대지,374,37,광주광역시 북구 중흥동 374-37,291702009011,광주광역시 북구 서암대로,255,,2917010100103740037008723,,광주광역시 북구 서암대로 255,500872,61213,,,,126.911802543947,35.1669299111289
MA010120220807565646,삼아상사,,G2,소매,G210,철물·건설자재 소매,G21003,건설/건축자재 소매업,G47519,"페인트, 창호 및 기타 건설자재 소매업",29,광주광역시,29110,동구,29110590,산수1동,2911011000,산수동,2911011000105460009,1,대지,546,9,광주광역시 동구 산수동 546-9,291104277093,광주광역시 동구 무등로433번길,10,1,2911011000105460009005177,,광주광역시 동구 무등로433번길 10-1,501820,61406,,,,126.929866609346,35.1582345874659
MA010120220807615367,호성기업,,G2,소매,G210,철물·건설자재 소매,G21003,건설/건축자재 소매업,G47519,"페인트, 창호 및 기타 건설자재 소매업",29,광주광역시,29170,북구,29170656,문흥1동,2917011200,문흥동,2917011200109740001,1,대지,974,1,광주광역시 북구 문흥동 974-1,291704286285,광주광역시 북구 부남길15번길,72,,2917011200109740001036134,,광주광역시 북구 부남길15번길 72,500821,61127,,,,126.927456599104,35.190132202646
MA010120220807680092,석현유리페인트,,G2,소매,G210,철물·건설자재 소매,G21003,건설/건축자재 소매업,G47519,"페인트, 창호 및 기타 건설자재 소매업",46,전라남도,46110,목포시,46110780,삼향동,4611016000,석현동,4611016000104980008,1,대지,498,8,전라남도 목포시 석현동 498-8,461103281095,전라남도 목포시 영산로,688,,4611016000104980008021507,,전라남도 목포시 영산로 688,530828,58606,,,,126.42220811197,34.8264533434711
MA010120220809063182,비엔,,G2,소매,G210,철물·건설자재 소매,G21003,건설/건축자재 소매업,G47519,"페인트, 창호 및 기타 건설자재 소매업",27,대구광역시,27110,중구,27110575,성내2동,2711014700,대안동,2711014700100530014,1,대지,53,14,대구광역시 중구 대안동 53-14,271103141010,대구광역시 중구 종로,86,,2711014700100530014005302,,대구광역시 중구 종로 86,700280,41918,,,,128.591120090886,35.873420107427
MA010120220809094518,지피엘,,G2,소매,G210,철물·건설자재 소매,G21003,건설/건축자재 소매업,G47519,"페인트, 창호 및 기타 건설자재 소매업",27,대구광역시,27170,서구,27170695,원대동,2717010700,원대동1가,2717010700101950001,1,대지,195,1,대구광역시 서구 원대동1가 195-1,271703143003,대구광역시 서구 달서천로,387,1,2717010700101950001000001,,대구광역시 서구 달서천로 387-1,703031,41731,,,,128.576279343985,35.8826993398482
MA010120220809116810,대동타일상사,,G2,소매,G210,철물·건설자재 소매,G21003,건설/건축자재 소매업,G47519,"페인트, 창호 및 기타 건설자재 소매업",47,경상북도,47130,경주시,47130621,황성동,4713012400,황성동,4713012400100730024,1,대지,73,24,경상북도 경주시 황성동 73-24,471303305049,경상북도 경주시 유림로,91,,4713012400100730024024551,,경상북도 경주시 유림로 91,780952,38075,,,,129.220468354046,35.8686317314353
MA010120220809101441,성원산업,,G2,소매,G210,철물·건설자재 소매,G21003,건설/건축자재 소매업,G47519,"페인트, 창호 및 기타 건설자재 소매업",47,경상북도,47130,경주시,47130590,선도동,4713011400,충효동,4713011400129950008,1,대지,2995,8,경상북도 경주시 충효동 2995-8,471304716182,경상북도 경주시 충효녹지길,44,6,4713011400129950008011723,,경상북도 경주시 충효녹지길 44-6,780973,38061,,,,129.186252468135,35.8420929794525
MA010120220809122730,신라상사,,G2,소매,G210,철물·건설자재 소매,G21003,건설/건축자재 소매업,G47519,"페인트, 창호 및 기타 건설자재 소매업",47,경상북도,47130,경주시,47130530,황오동,4713010500,황오동,4713010500101240017,1,대지,124,17,경상북도 경주시 황오동 124-17,471303305047,경상북도 경주시 원화로,242,,4713010500101240017000001,,경상북도 경주시 원화로 242,780957,38147,,1,,129.217495072102,35.8421780222239
MA010120220809125226,대찬타일상사,,G2,소매,G210,철물·건설자재 소매,G21003,건설/건축자재 소매업,G47519,"페인트, 창호 및 기타 건설자재 소매업",47,경상북도,47130,경주시,47130550,성건동,4713010800,성건동,4713010800106770113,1,대지,677,113,경상북도 경주시 성건동 677-113,471304715175,경상북도 경주시 금성로368번길,33,,4713010800106770113009254,,경상북도 경주시 금성로368번길 33,780964,38136,,,,129.210494310888,35.8514977162019
MA010120220809127860,건천페인트,,G2,소매,G210,철물·건설자재 소매,G21003,건설/건축자재 소매업,G47519,"페인트, 창호 및 기타 건설자재 소매업",47,경상북도,47130,경주시,47130256,건천읍,4713025625,건천읍,4713025625106930007,1,대지,693,7,경상북도 경주시 건천읍 천포리 693-7,471303305014,경상북도 경주시 건천읍 단석로,1926,,4713025625106930007120289,,경상북도 경주시 건천읍 단석로 1926,780901,38179,,,,129.095106722217,35.8445283049097
MA010120220809132135,입실타일,,G2,소매,G210,철물·건설자재 소매,G21003,건설/건축자재 소매업,G47519,"페인트, 창호 및 기타 건설자재 소매업",47,경상북도,47130,경주시,47130259,외동읍,4713025921,외동읍,4713025921108720005,1,대지,872,5,경상북도 경주시 외동읍 입실리 872-5,471303305052,경상북도 경주시 외동읍 입실로,29,,4713025921108720005072903,,경상북도 경주시 외동읍 입실로 29,780827,38214,,,,129.325342810507,35.7111289576917
MA010120220809154804,삼광페인트,,G2,소매,G210,철물·건설자재 소매,G21003,건설/건축자재 소매업,G47519,"페인트, 창호 및 기타 건설자재 소매업",47,경상북도,47113,포항시 북구,47113520,중앙동,4711310100,대흥동,4711310100107070030,1,대지,707,30,경상북도 포항시 북구 대흥동 707-30,471133304027,경상북도 포항시 북구 용당로,125,,4711310100107070030105691,,경상북도 포항시 북구 용당로 125,791080,37707,,,,129.362732206104,36.0384223216984
MA010120220809128245,독수리페인트,,G2,소매,G210,철물·건설자재 소매,G21003,건설/건축자재 소매업,G47519,"페인트, 창호 및 기타 건설자재 소매업",47,경상북도,47130,경주시,47130253,안강읍,4713025334,안강읍,4713025334112210006,1,대지,1221,6,경상북도 경주시 안강읍 양월리 1221-6,471303305036,경상북도 경주시 안강읍 안강중앙로,177,1,4713025334112210027117147,,경상북도 경주시 안강읍 안강중앙로 177-1,780802,38009,,,,129.219618243892,35.9931069849356
MA010120220809132697,제비표페인트,,G2,소매,G210,철물·건설자재 소매,G21003,건설/건축자재 소매업,G47519,"페인트, 창호 및 기타 건설자재 소매업",47,경상북도,47230,영천시,47230555,남부동,4723011200,금노동,4723011200105230007,1,대지,523,7,경상북도 영천시 금노동 523-7,472303310014,경상북도 영천시 시장로,10,,4723011200105230007000001,,경상북도 영천시 시장로 10,770060,38886,,,,128.931696124364,35.9623181098308
MA010120220809130837,신일건재토목상사,,G2,소매,G210,철물·건설자재 소매,G21003,건설/건축자재 소매업,G47519,"페인트, 창호 및 기타 건설자재 소매업",47,경상북도,47230,영천시,47230320,신녕면,4723032027,신녕면,4723032027109700008,1,대지,970,8,경상북도 영천시 신녕면 화성리 970-8,472304730260,경상북도 영천시 신녕면 본관시장길,14,10,4723032027109700008046588,,경상북도 영천시 신녕면 본관시장길 14-10,770812,38803,,1,,128.787890686255,36.0412217832278
MA010120220809164816,현대목재합판,,G2,소매,G210,철물·건설자재 소매,G21003,건설/건축자재 소매업,G47519,"페인트, 창호 및 기타 건설자재 소매업",47,경상북도,47113,포항시 북구,47113520,중앙동,4711310900,대신동,4711310900100780010,1,대지,78,10,경상북도 포항시 북구 대신동 78-10,471133303047,경상북도 포항시 북구 중앙로,382,,4711310900100780010105830,,경상북도 포항시 북구 중앙로 382,791080,37726,,,,129.364684988982,36.0465918178908
MA010120220809169730,삼우페인트,,G2,소매,G210,철물·건설자재 소매,G21003,건설/건축자재 소매업,G47519,"페인트, 창호 및 기타 건설자재 소매업",47,경상북도,47111,포항시 남구,47111545,해도동,4711110300,해도동,4711110300100910011,1,대지,91,11,경상북도 포항시 남구 해도동 91-11,471112303004,경상북도 포항시 남구 희망대로,947,,4711110300100910011097895,,경상북도 포항시 남구 희망대로 947,790861,37811,,,,129.372960100195,36.0162360879713
MA010120220809169777,대양타일,,G2,소매,G210,철물·건설자재 소매,G21003,건설/건축자재 소매업,G47519,"페인트, 창호 및 기타 건설자재 소매업",47,경상북도,47111,포항시 남구,47111545,해도동,4711110300,해도동,4711110300104840013,1,대지,484,13,경상북도 포항시 남구 해도동 484-13,471113303014,경상북도 포항시 남구 상공로,241,,4711110300104840013097575,,경상북도 포항시 남구 상공로 241,790839,37795,,,,129.372085311263,36.023308159429
MA010120220809191187,참아름다운페인트사,,G2,소매,G210,철물·건설자재 소매,G21003,건설/건축자재 소매업,G47519,"페인트, 창호 및 기타 건설자재 소매업",47,경상북도,47111,포항시 남구,47111320,동해면,4711132024,동해면,4711132024102800002,1,대지,280,2,경상북도 포항시 남구 동해면 신정리 280-2,471113303040,경상북도 포항시 남구 동해면 일월로,112,6,4711132024102800002067186,,경상북도 포항시 남구 동해면 일월로 112-6,790855,37926,,,,129.444954652918,35.9877869131178
MA010120220809174104,타일하우스,,G2,소매,G210,철물·건설자재 소매,G21003,건설/건축자재 소매업,G47519,"페인트, 창호 및 기타 건설자재 소매업",47,경상북도,47113,포항시 북구,47113520,중앙동,4711310200,신흥동,4711310200107090011,1,대지,709,11,경상북도 포항시 북구 신흥동 709-11,471133304013,경상북도 포항시 북구 불종로,23,2,4711310200107090011105408,,경상북도 포항시 북구 불종로 23-2,791080,37706,,,,129.362293251551,36.038953549616
MA010120220809183160,백타일,,G2,소매,G210,철물·건설자재 소매,G21003,건설/건축자재 소매업,G47519,"페인트, 창호 및 기타 건설자재 소매업",47,경상북도,47940,울릉군,47940250,울릉읍,4794025024,울릉읍,4794025024102060022,1,대지,206,22,경상북도 울릉군 울릉읍 도동리 206-22,479404778066,경상북도 울릉군 울릉읍 행남길,16,1,4794025024102060022000317,,경상북도 울릉군 울릉읍 행남길 16-1,799801,40222,,,,130.906071840569,37.4848259084979
MA010120220810550033,삼화페인트유리,,G2,소매,G210,철물·건설자재 소매,G21003,건설/건축자재 소매업,G47519,"페인트, 창호 및 기타 건설자재 소매업",26,부산광역시,26380,사하구,26380571,신평1동,2638010400,신평동,2638010400101110136,1,대지,111,136,부산광역시 사하구 신평동 111-136,263804202179,부산광역시 사하구 다대로126번길,49,,2638010400101110136012467,,부산광역시 사하구 다대로126번길 49,604833,49440,,,,128.976861785611,35.0920467820875
MA010120220810536841,남부페인트,,G2,소매,G210,철물·건설자재 소매,G21003,건설/건축자재 소매업,G47519,"페인트, 창호 및 기타 건설자재 소매업",26,부산광역시,26140,서구,26140660,남부민2동,2614012300,남부민동,2614012300104410093,1,대지,441,93,부산광역시 서구 남부민동 441-93,261403126022,부산광역시 서구 해돋이로,42,,2614012300104410093016242,,부산광역시 서구 해돋이로 42,602804,49262,,,,129.018216238098,35.0834709186109
MA010120220810542036,장평페인트상사,,G2,소매,G210,철물·건설자재 소매,G21003,건설/건축자재 소매업,G47519,"페인트, 창호 및 기타 건설자재 소매업",26,부산광역시,26380,사하구,26380580,장림1동,2638010500,장림동,2638010500103300004,1,대지,330,4,부산광역시 사하구 장림동 330-4,263803134023,부산광역시 사하구 장림번영로,14,,2638010500103300004006632,,부산광역시 사하구 장림번영로 14,604041,49476,,,,128.967044267,35.0813652018836
MA010120220810579217,동아건재,,G2,소매,G210,철물·건설자재 소매,G21003,건설/건축자재 소매업,G47519,"페인트, 창호 및 기타 건설자재 소매업",26,부산광역시,26170,동구,26170560,수정1동,2617010200,수정동,2617010200103580025,1,대지,358,25,부산광역시 동구 수정동 358-25,261703127001,부산광역시 동구 고관로,55,,2617010200103580025007108,,부산광역시 동구 고관로 55,601814,48793,,,,129.043516304709,35.1242035886893
MA010120220810581791,퍼마텍스,코리아,G2,소매,G210,철물·건설자재 소매,G21003,건설/건축자재 소매업,G45213,자동차 내장용 신품 전기ㆍ전자ㆍ정밀기기 판매업,28,인천광역시,28260,서구,28260560,석남2동,2826011000,석남동,2826011000106550021,1,대지,655,21,인천광역시 서구 석남동 655-21,282603156070,인천광역시 서구 원석로,54,,2826011000106550021000001,시그마종합개발,인천광역시 서구 원석로 54,404222,22769,,,,126.642205998404,37.5003490435412
MA010120220810648632,포항페인트,,G2,소매,G210,철물·건설자재 소매,G21003,건설/건축자재 소매업,G47519,"페인트, 창호 및 기타 건설자재 소매업",26,부산광역시,26230,부산진구,26230540,연지동,2623010600,연지동,2623010600101600011,1,대지,160,11,부산광역시 부산진구 연지동 160-11,262303129011,부산광역시 부산진구 동평로,215,,2623010600101600011000001,,부산광역시 부산진구 동평로 215,614860,47133,,,,129.051064219927,35.1692875069438
MA010120220810615269,공간과색채,,G2,소매,G210,철물·건설자재 소매,G21003,건설/건축자재 소매업,G47519,"페인트, 창호 및 기타 건설자재 소매업",26,부산광역시,26230,부산진구,26230550,초읍동,2623010700,초읍동,2623010700102710019,1,대지,271,19,부산광역시 부산진구 초읍동 271-19,262303129024,부산광역시 부산진구 새싹로,203,,2623010700102710019014375,,부산광역시 부산진구 새싹로 203,614871,47108,,,,129.04887435052,35.1742989970284
MA010120220810649168,종합페인트,,G2,소매,G210,철물·건설자재 소매,G21003,건설/건축자재 소매업,G47519,"페인트, 창호 및 기타 건설자재 소매업",26,부산광역시,26230,부산진구,26230670,당감1동,2623010900,당감동,2623010900103200013,1,대지,320,13,부산광역시 부산진구 당감동 320-13,262304187142,부산광역시 부산진구 당감로64번길,8,,2623010900103200013020460,,부산광역시 부산진구 당감로64번길 8,614817,47144,,,,129.039087886817,35.16740808581
MA010120220810667355,정탑,,G2,소매,G210,철물·건설자재 소매,G21003,건설/건축자재 소매업,G47519,"페인트, 창호 및 기타 건설자재 소매업",30,대전광역시,30140,중구,30140550,목동,3014010300,목동,3014010300100640008,1,대지,64,8,대전광역시 중구 목동 64-8,301404295006,대전광역시 중구 계룡로733번길,82,,3014010300100640008015929,,대전광역시 중구 계룡로733번길 82,301808,34820,,B2,,127.402927784763,36.3355918450515
MA010120220810676339,금명상사,,G2,소매,G210,철물·건설자재 소매,G21003,건설/건축자재 소매업,G47519,"페인트, 창호 및 기타 건설자재 소매업",26,부산광역시,26320,북구,26320542,화명2동,2632010200,화명동,2632010200114170011,1,대지,1417,11,부산광역시 북구 화명동 1417-11,263204196257,부산광역시 북구 산성로12번길,80,,2632010200114170011003043,,부산광역시 북구 산성로12번길 80,616834,46531,,,,129.015093356102,35.2356494505244
MA010120220810689119,일성사,,G2,소매,G210,철물·건설자재 소매,G21003,건설/건축자재 소매업,G47519,"페인트, 창호 및 기타 건설자재 소매업",48,경상남도,48250,김해시,48250580,활천동,4825011700,삼정동,4825011700106090013,1,대지,609,13,경상남도 김해시 삼정동 609-13,482503335068,경상남도 김해시 활천로,8,,4825011700106090013052094,,경상남도 김해시 활천로 8,621913,50934,,,,128.89440677014,35.2282179422277
MA010120220812122006,엔케이산업,,G2,소매,G210,철물·건설자재 소매,G21003,건설/건축자재 소매업,G47519,"페인트, 창호 및 기타 건설자재 소매업",11,서울특별시,11200,성동구,11200540,마장동,1120010500,마장동,1120010500104440005,1,대지,444,5,서울특별시 성동구 마장동 444-5,112004109526,서울특별시 성동구 청계천로10다길,7,,1120010500104440005020997,,서울특별시 성동구 청계천로10다길 7,133812,04704,,,,127.033799772786,37.5691909130608
MA010120220812164425,삼화페인트,,G2,소매,G210,철물·건설자재 소매,G21003,건설/건축자재 소매업,G47519,"페인트, 창호 및 기타 건설자재 소매업",11,서울특별시,11380,은평구,11380590,응암2동,1138010700,응암동,1138010700104030020,1,대지,403,20,서울특별시 은평구 응암동 403-20,113804133229,서울특별시 은평구 응암로16길,29,,1138010700104030020020695,,서울특별시 은평구 응암로16길 29,122919,03468,,1,,126.9206612771,37.5914236347374
MA010120220812137958,집고치고집칠하는곳,,G2,소매,G210,철물·건설자재 소매,G21003,건설/건축자재 소매업,G47519,"페인트, 창호 및 기타 건설자재 소매업",28,인천광역시,28110,중구,28110628,운서동,2811014700,운서동,2811014700130510007,1,대지,3051,7,인천광역시 중구 운서동 3051-7,281104247462,인천광역시 중구 운서로63번길,31,,2811014700130510007000001,리치캐슬,인천광역시 중구 운서로63번길 31,400340,22361,,1,,126.503337432153,37.4995765149146
MA010120220812174925,비제이도어,,G2,소매,G210,철물·건설자재 소매,G21003,건설/건축자재 소매업,G47519,"페인트, 창호 및 기타 건설자재 소매업",11,서울특별시,11530,구로구,11530770,오류1동,1153010800,오류동,1153010800100030031,1,대지,3,31,서울특별시 구로구 오류동 3-31,115304148071,서울특별시 구로구 경인로15길,75,6,1153010800100030031005126,,서울특별시 구로구 경인로15길 75-6,152889,08254,,,,126.836727925443,37.4969397699277
MA010120220812175053,한울에스앤아이,,G2,소매,G210,철물·건설자재 소매,G21003,건설/건축자재 소매업,G47519,"페인트, 창호 및 기타 건설자재 소매업",41,경기도,41150,의정부시,41150561,장암동,4115010300,장암동,4115010300101350063,1,대지,135,63,경기도 의정부시 장암동 135-63,411503181039,경기도 의정부시 장곡로,62,,4115010300100790003000001,,경기도 의정부시 장곡로 62,480030,11723,,2,,127.051612041087,37.7100984712628
MA010120220812184534,컨셉디자인,,G2,소매,G210,철물·건설자재 소매,G21003,건설/건축자재 소매업,G47519,"페인트, 창호 및 기타 건설자재 소매업",41,경기도,41285,고양시 일산동구,41285590,장항2동,4128510400,장항동,4128510400108630001,1,대지,863,1,경기도 고양시 일산동구 장항동 863-1,412853193031,경기도 고양시 일산동구 정발산로,15,,4128510400108630001009181,드림월드빌딩,경기도 고양시 일산동구 정발산로 15,410837,10402,,4,,126.770514297781,37.6563594406117
MA010120220812220342,던에드워드페인트,,G2,소매,G210,철물·건설자재 소매,G21003,건설/건축자재 소매업,G47519,"페인트, 창호 및 기타 건설자재 소매업",11,서울특별시,11200,성동구,11200570,행당2동,1120010700,행당동,1120010700103460000,1,대지,346,,서울특별시 성동구 행당동 346,112003103006,서울특별시 성동구 행당로,84,,1120010700103460000017329,해모로한진타운,서울특별시 성동구 행당로 84,133777,04717,,1,,127.028746463834,37.5565692910007
MA010120220812250284,종합페인트,,G2,소매,G210,철물·건설자재 소매,G21003,건설/건축자재 소매업,G47519,"페인트, 창호 및 기타 건설자재 소매업",43,충청북도,43130,충주시,43130610,봉방동,4313011500,봉방동,4313011500101090002,1,대지,109,2,충청북도 충주시 봉방동 109-2,431302238006,충청북도 충주시 탄금대로,99,,4313011500101090002012866,,충청북도 충주시 탄금대로 99,380959,27368,,1,,127.918702838916,36.9778202969935
MA010120220812230328,이든건축자재,,G2,소매,G210,철물·건설자재 소매,G21003,건설/건축자재 소매업,G47519,"페인트, 창호 및 기타 건설자재 소매업",27,대구광역시,27260,수성구,27260580,수성2.3가동,2726010500,수성동3가,2726010500103700004,1,대지,370,4,대구광역시 수성구 수성동3가 370-4,272603146008,대구광역시 수성구 들안로,250,,2726010500103700004012903,,대구광역시 수성구 들안로 250,706834,42138,,3,,128.617171962242,35.8521566590064
MA010120220812214218,공씨네타일,,G2,소매,G210,철물·건설자재 소매,G21003,건설/건축자재 소매업,G47519,"페인트, 창호 및 기타 건설자재 소매업",26,부산광역시,26290,남구,26290590,용호3동,2629010700,용호동,2629010700103680003,1,대지,368,3,부산광역시 남구 용호동 368-3,262904193048,부산광역시 남구 동명로145번길,43,,2629010700103680003009199,,부산광역시 남구 동명로145번길 43,608831,48578,,1,,129.112921396669,35.1215261536849
MA010120220800912501,제이에이피산업,,G2,소매,G210,철물·건설자재 소매,G21003,건설/건축자재 소매업,G47519,"페인트, 창호 및 기타 건설자재 소매업",27,대구광역시,27230,북구,27230790,노원동,2723010900,노원동3가,2723010900112190002,1,대지,1219,2,대구광역시 북구 노원동3가 1219-2,272303145036,대구광역시 북구 오봉로,115,,2723010900112190002037407,,대구광역시 북구 오봉로 115,702814,41554,,2,,128.578720530054,35.8980137266793
MA010120220800939365,현대타일상사,,G2,소매,G210,철물·건설자재 소매,G21003,건설/건축자재 소매업,G47519,"페인트, 창호 및 기타 건설자재 소매업",11,서울특별시,11545,금천구,11545640,독산4동,1154510200,독산동,1154510200101790008,1,대지,179,8,서울특별시 금천구 독산동 179-8,115453117004,서울특별시 금천구 독산로,282,,1154510200101790009007751,,서울특별시 금천구 독산로 282,153808,08555,,,,126.903355977767,37.4718388973169
MA010120220800915749,온새미로,,G2,소매,G210,철물·건설자재 소매,G21003,건설/건축자재 소매업,G47519,"페인트, 창호 및 기타 건설자재 소매업",41,경기도,41590,화성시,41590253,봉담읍,4159025323,봉담읍,4159025323103020002,1,대지,302,2,경기도 화성시 봉담읍 수영리 302-2,415904430808,경기도 화성시 봉담읍 수영로82번길,22,19,4159025323103020002000001,,경기도 화성시 봉담읍 수영로82번길 22-19,445896,18297,,,,126.954008043258,37.2384851507489
MA010120220800911618,삼화페인트,,G2,소매,G210,철물·건설자재 소매,G21003,건설/건축자재 소매업,G47519,"페인트, 창호 및 기타 건설자재 소매업",11,서울특별시,11560,영등포구,11560710,대림2동,1156013300,대림동,1156013300108620005,1,대지,862,5,서울특별시 영등포구 대림동 862-5,115603000026,서울특별시 영등포구 디지털로,388,,1156013300108620005002744,,서울특별시 영등포구 디지털로 388,150819,07443,,,,126.902482648428,37.4914441267422
MA010120220800967778,삼화페인트신일상사,,G2,소매,G210,철물·건설자재 소매,G21003,건설/건축자재 소매업,G47519,"페인트, 창호 및 기타 건설자재 소매업",11,서울특별시,11545,금천구,11545670,시흥1동,1154510300,시흥동,1154510300108390000,1,대지,839,,서울특별시 금천구 시흥동 839,115453000024,서울특별시 금천구 금하로,657,,1154510300108390000006517,,서울특별시 금천구 금하로 657,153856,08627,,1,,126.904001008381,37.4536389910182
MA010120220800964638,삼광칠공사,,G2,소매,G210,철물·건설자재 소매,G21003,건설/건축자재 소매업,G47519,"페인트, 창호 및 기타 건설자재 소매업",11,서울특별시,11545,금천구,11545700,시흥4동,1154510300,시흥동,1154510300108140003,1,대지,814,3,서울특별시 금천구 시흥동 814-3,115454151083,서울특별시 금천구 독산로32길,6,,1154510300108140003002633,,서울특별시 금천구 독산로32길 6,153855,08570,,1,,126.905917827599,37.4572445829552
MA010120220800955135,충남도료,,G2,소매,G210,철물·건설자재 소매,G21003,건설/건축자재 소매업,G47519,"페인트, 창호 및 기타 건설자재 소매업",11,서울특별시,11545,금천구,11545630,독산3동,1154510200,독산동,1154510200109780025,1,대지,978,25,서울특별시 금천구 독산동 978-25,115453117004,서울특별시 금천구 독산로,307,,1154510200109780025017993,,서울특별시 금천구 독산로 307,153825,08542,,,,126.903160740631,37.4742083935443
MA010120220801037140,대정INC,,G2,소매,G210,철물·건설자재 소매,G21003,건설/건축자재 소매업,G47519,"페인트, 창호 및 기타 건설자재 소매업",41,경기도,41480,파주시,41480560,운정2동,4148011700,목동동,4148011700107450000,1,대지,745,,경기도 파주시 목동동 745,414803206147,경기도 파주시 가재울로,91,,4148011700105790018000001,,경기도 파주시 가재울로 91,413110,10871,,,,126.747131022316,37.7310204180425
MA010120220801082164,강남타일,,G2,소매,G210,철물·건설자재 소매,G21003,건설/건축자재 소매업,G47519,"페인트, 창호 및 기타 건설자재 소매업",28,인천광역시,28140,동구,28140580,송림1동,2814010700,송림동,2814010700102120010,1,대지,212,10,인천광역시 동구 송림동 212-10,281403150037,인천광역시 동구 송림로,51,,2814010700102120010211859,,인천광역시 동구 송림로 51,401812,22542,,,,126.640530748194,37.4747104112692
MA010120220801075043,아비타,,G2,소매,G210,철물·건설자재 소매,G21003,건설/건축자재 소매업,G47519,"페인트, 창호 및 기타 건설자재 소매업",41,경기도,41450,하남시,41450630,미사3동,4145011000,풍산동,4145011000104890000,1,대지,489,,경기도 하남시 풍산동 489,414503202057,경기도 하남시 미사강변서로,25,,4145011000104890000000001,테스타타워,경기도 하남시 미사강변서로 25,465170,12918,,4,,127.182813367017,37.5526650967854
MA010120220802762631,건설도료,,G2,소매,G210,철물·건설자재 소매,G21003,건설/건축자재 소매업,G47519,"페인트, 창호 및 기타 건설자재 소매업",41,경기도,41480,파주시,41480256,법원읍,4148025625,법원읍,4148025625100810041,1,대지,81,41,경기도 파주시 법원읍 대능리 81-41,414803206042,경기도 파주시 법원읍 사임당로,850,,4148025625100810041002243,,경기도 파주시 법원읍 사임당로 850,413874,10826,,,,126.875017684995,37.848845855407
MA010120220802783001,경기철강,,G2,소매,G210,철물·건설자재 소매,G21003,건설/건축자재 소매업,G47519,"페인트, 창호 및 기타 건설자재 소매업",41,경기도,41590,화성시,41590259,향남읍,4159025941,향남읍,4159025941101960001,1,대지,196,1,경기도 화성시 향남읍 장짐리 196-1,415903210111,경기도 화성시 향남읍 푸른들판로,281,20,4159025941101960001000001,,경기도 화성시 향남읍 푸른들판로 281-20,445925,18594,,,,126.904324326222,37.1365462825629
MA010120220802827384,페인트마트,,G2,소매,G210,철물·건설자재 소매,G21003,건설/건축자재 소매업,G47519,"페인트, 창호 및 기타 건설자재 소매업",41,경기도,41465,용인시 수지구,41465510,풍덕천1동,4146510100,풍덕천동,4146510100107030005,1,대지,703,5,경기도 용인시 수지구 풍덕천동 703-5,414654415165,경기도 용인시 수지구 풍덕천로171번길,1,,4146510100107030005025405,,경기도 용인시 수지구 풍덕천로171번길 1,448553,16832,,,,127.099604335963,37.325618711913
MA010120220802851532,남양화성유리샷시,,G2,소매,G210,철물·건설자재 소매,G21003,건설/건축자재 소매업,G47519,"페인트, 창호 및 기타 건설자재 소매업",41,경기도,41590,화성시,41590262,남양읍,4159026221,남양읍,4159026221113320001,1,대지,1332,1,경기도 화성시 남양읍 남양리 1332-1,415903210016,경기도 화성시 남양읍 남양성지로,183,,4159010100113320001005178,,경기도 화성시 남양읍 남양성지로 183,445851,18258,,,,126.82223749244,37.2115545177009
MA010120220802812803,이화타일,,G2,소매,G210,철물·건설자재 소매,G21003,건설/건축자재 소매업,G47519,"페인트, 창호 및 기타 건설자재 소매업",41,경기도,41461,용인시 처인구,41461540,동부동,4146110700,마평동,4146110700106280003,1,대지,628,3,경기도 용인시 처인구 마평동 628-3,414613203007,경기도 용인시 처인구 고림로,11,,4146110700106280003008518,,경기도 용인시 처인구 고림로 11,449929,17154,,,,127.21313334757,37.2342926390784
MA010120220802842538,디오이엔에스주,,G2,소매,G210,철물·건설자재 소매,G21003,건설/건축자재 소매업,G47519,"페인트, 창호 및 기타 건설자재 소매업",41,경기도,41135,성남시 분당구,41135620,야탑1동,4113510700,야탑동,4113510700103450002,1,대지,345,2,경기도 성남시 분당구 야탑동 345-2,411354340276,경기도 성남시 분당구 성남대로925번길,37,,4113510700103450002049104,한승베네피아오피스텔,경기도 성남시 분당구 성남대로925번길 37,463828,13496,,,,127.124557877572,37.4120034311029
MA010120220802870987,영생아이티에스충청지사,,G2,소매,G210,철물·건설자재 소매,G21003,건설/건축자재 소매업,G45212,자동차용 전용 신품 부품 판매업,44,충청남도,44200,아산시,44200350,음봉면,4420035033,음봉면,4420035033102750003,1,대지,275,3,충청남도 아산시 음봉면 산동리 275-3,442003015011,충청남도 아산시 음봉면 산동로,163,,4420035033102750003080333,,충청남도 아산시 음봉면 산동로 163,336863,31418,,,,127.09867362673,36.84414223259
MA010120220802880627,홈인테리어던에드워드분당,정자점,G2,소매,G210,철물·건설자재 소매,G21003,건설/건축자재 소매업,G47519,"페인트, 창호 및 기타 건설자재 소매업",41,경기도,41135,성남시 분당구,41135545,정자동,4113510300,정자동,4113510300100740005,1,대지,74,5,경기도 성남시 분당구 정자동 74-5,411354340459,경기도 성남시 분당구 황새울로116번길,17,,4113510300100740005029081,,경기도 성남시 분당구 황새울로116번길 17,463874,13610,,1,,127.112003169566,37.3705779764835
MA010120220802901967,노루표페인트우주상사,,G2,소매,G210,철물·건설자재 소매,G21003,건설/건축자재 소매업,G47519,"페인트, 창호 및 기타 건설자재 소매업",41,경기도,41461,용인시 처인구,41461510,중앙동,4146110400,남동,4146110400100270028,1,대지,27,28,경기도 용인시 처인구 남동 27-28,414612012009,경기도 용인시 처인구 백옥대로,1037,,4146110400100270028010949,환융빌딩,경기도 용인시 처인구 백옥대로 1037,449030,17063,,1,,127.210569948187,37.2283323033616
MA010120220802921575,이수건자재,,G2,소매,G210,철물·건설자재 소매,G21003,건설/건축자재 소매업,G47519,"페인트, 창호 및 기타 건설자재 소매업",43,충청북도,43740,영동군,43740250,영동읍,4374025021,영동읍,4374025021107870006,1,대지,787,6,충청북도 영동군 영동읍 계산리 787-6,437403243008,충청북도 영동군 영동읍 금동로,95,,4374025021107870013006827,,충청북도 영동군 영동읍 금동로 95,370808,29137,,,,127.769654299271,36.1828017564901
MA010120220802940588,케이에이치공사,,G2,소매,G210,철물·건설자재 소매,G21003,건설/건축자재 소매업,G47519,"페인트, 창호 및 기타 건설자재 소매업",48,경상남도,48880,거창군,48880250,거창읍,4888025021,거창읍,4888025021103670003,1,대지,367,3,경상남도 거창군 거창읍 상림리 367-3,488804841055,경상남도 거창군 거창읍 거열로8길,33,,4888025021103670003008089,현대,경상남도 거창군 거창읍 거열로8길 33,670807,50130,,,,127.900536624349,35.6883959075189
MA010120220804469077,스카이산업안전,,G2,소매,G210,철물·건설자재 소매,G21003,건설/건축자재 소매업,G47519,"페인트, 창호 및 기타 건설자재 소매업",51,강원특별자치도,51130,원주시,51130635,봉산동,5113011300,봉산동,5113011300108330006,1,대지,833,6,강원특별자치도 원주시 봉산동 833-6,511303219025,강원특별자치도 원주시 봉산로,135,1,4213011300108330006000001,,강원특별자치도 원주시 봉산로 135-1,220950,26331,,,,127.967856620774,37.3430918552038
MA010120220804505129,태평양페인트,,G2,소매,G210,철물·건설자재 소매,G21003,건설/건축자재 소매업,G47519,"페인트, 창호 및 기타 건설자재 소매업",51,강원특별자치도,51110,춘천시,51110545,약사명동,5111010500,중앙로2가,5111010500100420097,1,대지,42,97,강원특별자치도 춘천시 중앙로2가 42-97,511103218033,강원특별자치도 춘천시 중앙로,85,2,4211010500100420097023747,중앙시장,강원특별자치도 춘천시 중앙로 85-2,200042,24354,,,,127.725064858791,37.8780144507808
MA010120220804506289,양지종합페인트,,G2,소매,G210,철물·건설자재 소매,G21003,건설/건축자재 소매업,G47519,"페인트, 창호 및 기타 건설자재 소매업",51,강원특별자치도,51110,춘천시,51110630,효자2동,5111011200,효자동,5111011200106660004,1,대지,666,4,강원특별자치도 춘천시 효자동 666-4,511103218047,강원특별자치도 춘천시 효자로,92,,4211011200106660004027972,,강원특별자치도 춘천시 효자로 92,200952,24339,,,,127.732680711336,37.871174283385
MA010120220804518385,조은산업,,G2,소매,G210,철물·건설자재 소매,G21003,건설/건축자재 소매업,G47519,"페인트, 창호 및 기타 건설자재 소매업",51,강원특별자치도,51110,춘천시,51110570,근화동,5111011700,근화동,5111011700107430019,1,대지,743,19,강원특별자치도 춘천시 근화동 743-19,511104454627,강원특별자치도 춘천시 중앙로190번길,61,,4211011700107430028010286,,강원특별자치도 춘천시 중앙로190번길 61,200931,24245,,1,,127.71350934766,37.8796076262868
MA010120220804519416,알파타일,,G2,소매,G210,철물·건설자재 소매,G21003,건설/건축자재 소매업,G47519,"페인트, 창호 및 기타 건설자재 소매업",51,강원특별자치도,51110,춘천시,51110310,동면,5111031023,동면,5111031023104680007,1,대지,468,7,강원특별자치도 춘천시 동면 장학리 468-7,511103218022,강원특별자치도 춘천시 동면 소양강로,344,14,4211031023104680007000001,,강원특별자치도 춘천시 동면 소양강로 344-14,200853,24210,,1,,127.749249241303,37.9158460661365
MA010120220804564116,원덕종합페인트,,G2,소매,G210,철물·건설자재 소매,G21003,건설/건축자재 소매업,G47519,"페인트, 창호 및 기타 건설자재 소매업",47,경상북도,47930,울진군,47930310,북면,4793031021,북면,4793031021110980000,1,대지,1098,,경상북도 울진군 북면 부구리 1098,479304775172,경상북도 울진군 북면 상흥부1길,40,8,4793031021110980000026336,,경상북도 울진군 북면 상흥부1길 40-8,767894,36305,,,,129.354295398259,37.0993467533794
MA010120220804575756,신화타일,,G2,소매,G210,철물·건설자재 소매,G21003,건설/건축자재 소매업,G47519,"페인트, 창호 및 기타 건설자재 소매업",51,강원특별자치도,51170,동해시,51170520,송정동,5117010300,송정동,5117010300108480009,1,대지,848,9,강원특별자치도 동해시 송정동 848-9,511703221023,강원특별자치도 동해시 송정중앙로,57,1,4217010300008480009006725,,강원특별자치도 동해시 송정중앙로 57-1,240806,25786,,,,129.125987667319,37.4986756040281
MA010120220804545026,인정산업,,G2,소매,G210,철물·건설자재 소매,G21003,건설/건축자재 소매업,G47519,"페인트, 창호 및 기타 건설자재 소매업",11,서울특별시,11650,서초구,11650620,방배3동,1165010100,방배동,1165010100105930021,1,대지,593,21,서울특별시 서초구 방배동 593-21,116504163062,서울특별시 서초구 남부순환로297길,45,,1165010100105930021011177,,서울특별시 서초구 남부순환로297길 45,137825,06702,,2,,126.994686494637,37.4759058148543
MA010120220804545657,삼일페인트,,G2,소매,G210,철물·건설자재 소매,G21003,건설/건축자재 소매업,G47519,"페인트, 창호 및 기타 건설자재 소매업",43,충청북도,43112,청주시 서원구,43112580,수곡2동,4311210700,수곡동,4311210700106570000,1,대지,657,,충청북도 청주시 서원구 수곡동 657,431123237053,충청북도 청주시 서원구 수곡로,107,,4311310900106570000024606,,충청북도 청주시 서원구 수곡로 107,362838,28685,,1,,127.470532152453,36.6209020441532
MA010120220804579196,영동욕실전시장,,G2,소매,G210,철물·건설자재 소매,G21003,건설/건축자재 소매업,G47519,"페인트, 창호 및 기타 건설자재 소매업",51,강원특별자치도,51170,동해시,51170510,천곡동,5117010100,천곡동,5117010100110100014,1,대지,1010,14,강원특별자치도 동해시 천곡동 1010-14,511703221015,강원특별자치도 동해시 동굴로,95,,4217010100110100014000001,,강원특별자치도 동해시 동굴로 95,240807,25771,,,,129.11464665288,37.5178960828723
MA010120220805890433,공주페인트,,G2,소매,G210,철물·건설자재 소매,G21003,건설/건축자재 소매업,G47519,"페인트, 창호 및 기타 건설자재 소매업",44,충청남도,44150,공주시,44150510,중학동,4415010300,중학동,4415010300101420010,1,대지,142,10,충청남도 공주시 중학동 142-10,441503251030,충청남도 공주시 웅진로,96,1,4415010300101420010754470,,충청남도 공주시 웅진로 96-1,314070,32563,,,,127.123703466348,36.4489709200962
MA010120220805913265,한일페인트,,G2,소매,G210,철물·건설자재 소매,G21003,건설/건축자재 소매업,G47519,"페인트, 창호 및 기타 건설자재 소매업",44,충청남도,44760,부여군,44760250,부여읍,4476025032,부여읍,4476025032103990000,1,대지,399,,충청남도 부여군 부여읍 구교리 399,447603259115,충청남도 부여군 부여읍 성왕로,169,,4476025032103990000019570,,충청남도 부여군 부여읍 성왕로 169,323804,33141,,,,126.907450083947,36.2804247065013
MA010120220805888451,제일페인트상회,,G2,소매,G210,철물·건설자재 소매,G21003,건설/건축자재 소매업,G47519,"페인트, 창호 및 기타 건설자재 소매업",36,세종특별자치시,36110,세종특별자치시,36110340,금남면,3611034021,금남면,3611034021101940022,1,대지,194,22,세종특별자치시 세종특별자치시 금남면 용포리 194-22,361103258023,세종특별자치시 세종특별자치시 금남면 용포로,85,6,4473034021101940022029626,,세종특별자치시 세종특별자치시 금남면 용포로 85-6,339835,30083,,,,127.280988671235,36.4663580616391
MA010120220805890966,삼화페인트,,G2,소매,G210,철물·건설자재 소매,G21003,건설/건축자재 소매업,G47519,"페인트, 창호 및 기타 건설자재 소매업",44,충청남도,44150,공주시,44150540,웅진동,4415010800,금성동,4415010800100220010,1,대지,22,10,충청남도 공주시 금성동 22-10,441504553151,충청남도 공주시 금성길,18,7,4415010800100220010000001,,충청남도 공주시 금성길 18-7,314020,32538,,,,127.122338991167,36.4608676977528
MA010120220805909269,세창종합건재,,G2,소매,G210,철물·건설자재 소매,G21003,건설/건축자재 소매업,G47519,"페인트, 창호 및 기타 건설자재 소매업",44,충청남도,44230,논산시,44230253,연무읍,4423025331,연무읍,4423025331100890001,1,대지,89,1,충청남도 논산시 연무읍 안심리 89-1,442303255046,충청남도 논산시 연무읍 왕릉로,2,,4423025331100890001000001,,충청남도 논산시 연무읍 왕릉로 2,320838,33007,,,,127.097596946487,36.1231517644506
MA010120220805909342,금락페인트,,G2,소매,G210,철물·건설자재 소매,G21003,건설/건축자재 소매업,G47519,"페인트, 창호 및 기타 건설자재 소매업",44,충청남도,44760,부여군,44760250,부여읍,4476025029,부여읍,4476025029101550003,1,대지,155,3,충청남도 부여군 부여읍 구아리 155-3,447603259112,충청남도 부여군 부여읍 석탑로,69,1,4476025029101550003018516,,충청남도 부여군 부여읍 석탑로 69-1,323805,33146,,,,126.912478880907,36.2823750651912
MA010120220805889624,청주페인트,,G2,소매,G210,철물·건설자재 소매,G21003,건설/건축자재 소매업,G47519,"페인트, 창호 및 기타 건설자재 소매업",43,충청북도,43111,청주시 상당구,43111720,용암1동,4311112400,용암동,4311112400110720000,1,대지,1072,,충청북도 청주시 상당구 용암동 1072,431113236065,충청북도 청주시 상당구 단재로,255,,4311112400110720000042568,,충청북도 청주시 상당구 단재로 255,360809,28777,,,,127.500728277769,36.6072800329968
MA010120220805925130,이지민닥터욕실,,G2,소매,G210,철물·건설자재 소매,G21003,건설/건축자재 소매업,G47519,"페인트, 창호 및 기타 건설자재 소매업",11,서울특별시,11545,금천구,11545510,가산동,1154510100,가산동,1154510100100600024,1,대지,60,24,서울특별시 금천구 가산동 60-24,115453116013,서울특별시 금천구 벚꽃로,254,,1154510100100600024015649,월드메르디앙벤처센터,서울특별시 금천구 벚꽃로 254,153781,08511,,1,,126.885485496626,37.4777605826695
MA010120220805932159,제비표페인트,,G2,소매,G210,철물·건설자재 소매,G21003,건설/건축자재 소매업,G47519,"페인트, 창호 및 기타 건설자재 소매업",44,충청남도,44760,부여군,44760360,홍산면,4476036024,홍산면,4476036024101020004,1,대지,102,4,충청남도 부여군 홍산면 남촌리 102-4,447603259219,충청남도 부여군 홍산면 홍산시장로,40,,4476036024101020003070340,,충청남도 부여군 홍산면 홍산시장로 40,323842,33199,,,,126.758473947523,36.2136814587422
MA010120220805944106,씨카중부,코리아,G2,소매,G210,철물·건설자재 소매,G21003,건설/건축자재 소매업,G47519,"페인트, 창호 및 기타 건설자재 소매업",44,충청남도,44131,천안시 동남구,44131340,성남면,4413134023,성남면,4413134023104810015,1,대지,481,15,충청남도 천안시 동남구 성남면 대흥리 481-15,441314547147,충청남도 천안시 동남구 성남면 대흥1길,173,72,4413134023104810015012882,,충청남도 천안시 동남구 성남면 대흥1길 173-72,330893,31248,,,,127.228147086123,36.7237467532371
MA010120220805942456,하이진,코리아,G2,소매,G210,철물·건설자재 소매,G21003,건설/건축자재 소매업,G47519,"페인트, 창호 및 기타 건설자재 소매업",51,강원특별자치도,51130,원주시,51130310,소초면,5113031024,소초면,5113031024116840011,1,대지,1684,11,강원특별자치도 원주시 소초면 흥양리 1684-11,511303219054,강원특별자치도 원주시 소초면 치악로,2341,7,4213031024116840011000001,,강원특별자치도 원주시 소초면 치악로 2341-7,220836,26310,,,,127.975552512035,37.3849067550299
MA010120220805958656,진해타일건재,,G2,소매,G210,철물·건설자재 소매,G21003,건설/건축자재 소매업,G47519,"페인트, 창호 및 기타 건설자재 소매업",48,경상남도,48129,창원시 진해구,48129560,경화동,4812913900,경화동,4812913900101780001,1,대지,178,1,경상남도 창원시 진해구 경화동 178-1,481293331002,경상남도 창원시 진해구 경화로,12,1,4812913900101780001012703,,경상남도 창원시 진해구 경화로 12-1,645800,51670,,,,128.686390379048,35.1545565254728
MA010120220805935667,대운타일상사,,G2,소매,G210,철물·건설자재 소매,G21003,건설/건축자재 소매업,G47519,"페인트, 창호 및 기타 건설자재 소매업",41,경기도,41271,안산시 상록구,41271560,본오3동,4127110400,본오동,4127110400111170004,1,대지,1117,4,경기도 안산시 상록구 본오동 1117-4,412713190058,경기도 안산시 상록구 용신로,440,,4127110400111170004029422,,경기도 안산시 상록구 용신로 440,426818,15535,,1,,126.871023145341,37.3012353914377
MA010120220805928785,신성페인트,,G2,소매,G210,철물·건설자재 소매,G21003,건설/건축자재 소매업,G47519,"페인트, 창호 및 기타 건설자재 소매업",44,충청남도,44760,부여군,44760250,부여읍,4476025029,부여읍,4476025029101190004,1,대지,119,4,충청남도 부여군 부여읍 구아리 119-4,447603259030,충청남도 부여군 부여읍 나성로,97,,4476025029101190004016719,,충청남도 부여군 부여읍 나성로 97,323805,33140,,,,126.908336790847,36.2836156052425
MA010120220805946556,대성페인트,,G2,소매,G210,철물·건설자재 소매,G21003,건설/건축자재 소매업,G47519,"페인트, 창호 및 기타 건설자재 소매업",44,충청남도,44770,서천군,44770340,한산면,4477034021,한산면,4477034021101800001,1,대지,180,1,충청남도 서천군 한산면 지현리 180-1,447703015064,충청남도 서천군 한산면 한마로,39,,4477034021101800004045541,,충청남도 서천군 한산면 한마로 39,325844,33624,,,,126.805454531946,36.0854708480234
MA010120220805951354,비인제비표페인트,,G2,소매,G210,철물·건설자재 소매,G21003,건설/건축자재 소매업,G47519,"페인트, 창호 및 기타 건설자재 소매업",44,충청남도,44770,서천군,44770400,비인면,4477040021,비인면,4477040021103340024,1,대지,334,24,충청남도 서천군 비인면 성내리 334-24,447703260005,충청남도 서천군 비인면 비인로,151,,4477040021103340024019431,,충청남도 서천군 비인면 비인로 151,325883,33608,,,,126.604489504629,36.1391929301839
MA010120220805957041,서천타일상사,,G2,소매,G210,철물·건설자재 소매,G21003,건설/건축자재 소매업,G47519,"페인트, 창호 및 기타 건설자재 소매업",44,충청남도,44770,서천군,44770253,서천읍,4477025322,서천읍,4477025322102670031,1,대지,267,31,충청남도 서천군 서천읍 사곡리 267-31,447703260006,충청남도 서천군 서천읍 사곡로,52,,4477025322102670031028673,,충청남도 서천군 서천읍 사곡로 52,325806,33639,,,,126.688570943475,36.0835117986695
MA010120220805984789,칠공사,,G2,소매,G210,철물·건설자재 소매,G21003,건설/건축자재 소매업,G47519,"페인트, 창호 및 기타 건설자재 소매업",44,충청남도,44210,서산시,44210535,동문2동,4421010200,동문동,4421010200110120018,1,대지,1012,18,충청남도 서산시 동문동 1012-18,442103254180,충청남도 서산시 한마음1로,33,,4421010200110120018087112,,충청남도 서산시 한마음1로 33,356804,31991,,1,,126.456428960267,36.7774846128239
MA010120220805980747,결성페인트,,G2,소매,G210,철물·건설자재 소매,G21003,건설/건축자재 소매업,G47519,"페인트, 창호 및 기타 건설자재 소매업",44,충청남도,44800,홍성군,44800360,결성면,4480036021,결성면,4480036021101610002,1,대지,161,2,충청남도 홍성군 결성면 읍내리 161-2,448003262022,충청남도 홍성군 결성면 홍남서로,754,,4480036021101600000017106,,충청남도 홍성군 결성면 홍남서로 754,350873,32212,,,,126.548920208099,36.5247356185088
MA010120220805973958,종합페인트.방수공사,,G2,소매,G210,철물·건설자재 소매,G21003,건설/건축자재 소매업,G47519,"페인트, 창호 및 기타 건설자재 소매업",44,충청남도,44210,서산시,44210510,부춘동,4421010100,읍내동,4421010100101020009,1,대지,102,9,충청남도 서산시 읍내동 102-9,442103254135,충청남도 서산시 읍내1로,5,,4421010100101020009037879,서령상가,충청남도 서산시 읍내1로 5,356805,31984,,,,126.451050419157,36.7777212352757
MA010120220805972573,홍천도료,,G2,소매,G210,철물·건설자재 소매,G21003,건설/건축자재 소매업,G47519,"페인트, 창호 및 기타 건설자재 소매업",44,충청남도,44800,홍성군,44800253,광천읍,4480025321,광천읍,4480025321105170008,1,대지,517,8,충청남도 홍성군 광천읍 신진리 517-8,448003262021,충청남도 홍성군 광천읍 홍남로,624,,4480025321105170008028237,,충청남도 홍성군 광천읍 홍남로 624,350906,32296,,,,126.620145964617,36.50368953684
MA010120220805969496,제비표페인트,,G2,소매,G210,철물·건설자재 소매,G21003,건설/건축자재 소매업,G47519,"페인트, 창호 및 기타 건설자재 소매업",44,충청남도,44210,서산시,44210380,운산면,4421038032,운산면,4421038032104630008,1,대지,463,8,충청남도 서산시 운산면 용장리 463-8,442103254191,충청남도 서산시 운산면 해운로,1157,,4421038032104630008022681,,충청남도 서산시 운산면 해운로 1157,356832,31945,,1,,126.581382033819,36.8068884414034
MA010120220805969632,삼화페인트,,G2,소매,G210,철물·건설자재 소매,G21003,건설/건축자재 소매업,G47519,"페인트, 창호 및 기타 건설자재 소매업",44,충청남도,44800,홍성군,44800250,홍성읍,4480025022,홍성읍,4480025022103970004,1,대지,397,4,충청남도 홍성군 홍성읍 대교리 397-4,448004586387,충청남도 홍성군 홍성읍 의사로43번길,9,,4480025022103970004050677,,충청남도 홍성군 홍성읍 의사로43번길 9,350805,32221,,,,126.669939446991,36.6012245297808
MA010120220805971456,대성페인트,,G2,소매,G210,철물·건설자재 소매,G21003,건설/건축자재 소매업,G47519,"페인트, 창호 및 기타 건설자재 소매업",44,충청남도,44800,홍성군,44800380,갈산면,4480038021,갈산면,4480038021101770005,1,대지,177,5,충청남도 홍성군 갈산면 상촌리 177-5,448003262013,충청남도 홍성군 갈산면 상촌로,24,,4480038021101770004056818,,충청남도 홍성군 갈산면 상촌로 24,350853,32202,,,,126.549927536378,36.6032648027966
MA010120220806005758,종합페인트,,G2,소매,G210,철물·건설자재 소매,G21003,건설/건축자재 소매업,G47519,"페인트, 창호 및 기타 건설자재 소매업",44,충청남도,44810,예산군,44810250,예산읍,4481025024,예산읍,4481025024102670011,1,대지,267,11,충청남도 예산군 예산읍 주교리 267-11,448103263028,충청남도 예산군 예산읍 예산로,47,,4481025024102670011003035,,충청남도 예산군 예산읍 예산로 47,340808,32431,,,,126.83146288024,36.682096896375
MA010120220806041173,포엠페인트,,G2,소매,G210,철물·건설자재 소매,G21003,건설/건축자재 소매업,G47519,"페인트, 창호 및 기타 건설자재 소매업",44,충청남도,44131,천안시 동남구,44131560,일봉동,4413111400,다가동,4413111400103900016,1,대지,390,16,충청남도 천안시 동남구 다가동 390-16,441314547126,충청남도 천안시 동남구 다가5길,16,,4413111400103900016026731,,충청남도 천안시 동남구 다가5길 16,330110,31154,,,,127.142978014503,36.7998257357574
MA010120220806014124,페인트종합,백화점,G2,소매,G210,철물·건설자재 소매,G21003,건설/건축자재 소매업,G47519,"페인트, 창호 및 기타 건설자재 소매업",44,충청남도,44270,당진시,44270520,당진2동,4427010200,채운동,4427010200102320000,1,대지,232,,충청남도 당진시 채운동 232,442703265124,충청남도 당진시 서부로,111,,4483025022102320000043998,,충청남도 당진시 서부로 111,343926,31785,,1,,126.627332863062,36.8888792210373
MA010120220806004574,조광페인트,,G2,소매,G210,철물·건설자재 소매,G21003,건설/건축자재 소매업,G47519,"페인트, 창호 및 기타 건설자재 소매업",44,충청남도,44270,당진시,44270520,당진2동,4427010200,채운동,4427010200102500007,1,대지,250,7,충청남도 당진시 채운동 250-7,442703265035,충청남도 당진시 백암로,240,,4483025022102500007086434,,충청남도 당진시 백암로 240,343926,31785,,,,126.625265666325,36.8918012743319
MA010120220806008583,신일타일,,G2,소매,G210,철물·건설자재 소매,G21003,건설/건축자재 소매업,G47519,"페인트, 창호 및 기타 건설자재 소매업",44,충청남도,44270,당진시,44270520,당진2동,4427010200,채운동,4427010200102050000,1,대지,205,,충청남도 당진시 채운동 205,442703265124,충청남도 당진시 서부로,9,,4483025022102050000085234,,충청남도 당진시 서부로 9,343926,31785,,1,,126.63033460445,36.8852031214342
MA010120220806023643,테크노세라믹,,G2,소매,G210,철물·건설자재 소매,G21003,건설/건축자재 소매업,G47519,"페인트, 창호 및 기타 건설자재 소매업",27,대구광역시,27710,달성군,27710265,현풍읍,2771026522,현풍읍,2771026522104770002,1,대지,477,2,대구광역시 달성군 현풍읍 중리 477-2,277103341005,대구광역시 달성군 현풍읍 테크노북로,33,18,2771036022104770002000001,,대구광역시 달성군 현풍읍 테크노북로 33-18,711873,43005,,,,128.449636007102,35.6934533406073
MA010120220806004748,이화타일건재,,G2,소매,G210,철물·건설자재 소매,G21003,건설/건축자재 소매업,G47519,"페인트, 창호 및 기타 건설자재 소매업",44,충청남도,44270,당진시,44270520,당진2동,4427010700,대덕동,4427010700111580001,1,대지,1158,1,충청남도 당진시 대덕동 1158-1,442703265069,충청남도 당진시 아미로,776,,4483025027111580001038395,,충청남도 당진시 아미로 776,343030,31786,,,,126.63490088675,36.8779814436371
MA010120220806016816,대일종합철강,,G2,소매,G210,철물·건설자재 소매,G21003,건설/건축자재 소매업,G47519,"페인트, 창호 및 기타 건설자재 소매업",44,충청남도,44810,예산군,44810250,예산읍,4481025024,예산읍,4481025024103050012,1,대지,305,12,충청남도 예산군 예산읍 주교리 305-12,448103263028,충청남도 예산군 예산읍 예산로,56,1,4481025024103050012004576,,충청남도 예산군 예산읍 예산로 56-1,340808,32441,,,,126.832247059781,36.6816294162542
MA010120220807388876,신암페인트,,G2,소매,G210,철물·건설자재 소매,G21003,건설/건축자재 소매업,G47519,"페인트, 창호 및 기타 건설자재 소매업",52,전북특별자치도,52210,김제시,52210450,금산면,5221045021,금산면,5221045021100360018,1,대지,36,18,전북특별자치도 김제시 금산면 성계리 36-18,522103272057,전북특별자치도 김제시 금산면 원평로,142,,4521045021100360018037318,,전북특별자치도 김제시 금산면 원평로 142,576964,54347,,,,126.995059683727,35.721145808173
MA010120220807389719,한진도료,,G2,소매,G210,철물·건설자재 소매,G21003,건설/건축자재 소매업,G47519,"페인트, 창호 및 기타 건설자재 소매업",52,전북특별자치도,52800,부안군,52800250,부안읍,5280025024,부안읍,5280025024105780007,1,대지,578,7,전북특별자치도 부안군 부안읍 봉덕리 578-7,528004640383,전북특별자치도 부안군 부안읍 시장길,37,,4580025024105780007023996,,전북특별자치도 부안군 부안읍 시장길 37,579805,56308,,,,126.736661841717,35.7274370717617
MA010120220807372920,길우페인트상사,,G2,소매,G210,철물·건설자재 소매,G21003,건설/건축자재 소매업,G47519,"페인트, 창호 및 기타 건설자재 소매업",26,부산광역시,26710,기장군,26710250,기장읍,2671025027,기장읍,2671025027102910010,1,대지,291,10,부산광역시 기장군 기장읍 청강리 291-10,267102006018,부산광역시 기장군 기장읍 기장대로,469,,2671025027102910010000001,,부산광역시 기장군 기장읍 기장대로 469,619906,46072,,,,129.218419258305,35.2373186625911
MA010120220807389754,형제페인트,,G2,소매,G210,철물·건설자재 소매,G21003,건설/건축자재 소매업,G47519,"페인트, 창호 및 기타 건설자재 소매업",52,전북특별자치도,52800,부안군,52800250,부안읍,5280025021,부안읍,5280025021100150003,1,대지,15,3,전북특별자치도 부안군 부안읍 동중리 15-3,528003280054,전북특별자치도 부안군 부안읍 석정로,133,,4580025021100150001027000,,전북특별자치도 부안군 부안읍 석정로 133,579802,56306,,,,126.736066098344,35.7337987413138
MA010120220807389857,부안종합페인트,,G2,소매,G210,철물·건설자재 소매,G21003,건설/건축자재 소매업,G47519,"페인트, 창호 및 기타 건설자재 소매업",52,전북특별자치도,52800,부안군,52800250,부안읍,5280025024,부안읍,5280025024105870017,1,대지,587,17,전북특별자치도 부안군 부안읍 봉덕리 587-17,528004640376,전북특별자치도 부안군 부안읍 수정길,1,,4580025024105870017030149,,전북특별자치도 부안군 부안읍 수정길 1,579805,56313,,,,126.735094553668,35.723422971413
MA010120220807406740,서울페인트,,G2,소매,G210,철물·건설자재 소매,G21003,건설/건축자재 소매업,G47519,"페인트, 창호 및 기타 건설자재 소매업",52,전북특별자치도,52740,장수군,52740335,장계면,5274033521,장계면,5274033521105020001,1,대지,502,1,전북특별자치도 장수군 장계면 장계리 502-1,527404628302,전북특별자치도 장수군 장계면 천변안길,17,,4574033521105020001024413,,전북특별자치도 장수군 장계면 천변안길 17,597842,55614,,,,127.581185401142,35.7302241525955
MA010120220807385234,벽산페인트상사,,G2,소매,G210,철물·건설자재 소매,G21003,건설/건축자재 소매업,G47519,"페인트, 창호 및 기타 건설자재 소매업",52,전북특별자치도,52210,김제시,52210520,신풍동,5221010200,신풍동,5221010200103110003,1,대지,311,3,전북특별자치도 김제시 신풍동 311-3,522103272083,전북특별자치도 김제시 남북로,13,,4521010200103110003060618,,전북특별자치도 김제시 남북로 13,576804,54413,,,,126.89894946819,35.7916098334382
MA010120220807388843,만경페인트사,,G2,소매,G210,철물·건설자재 소매,G21003,건설/건축자재 소매업,G47519,"페인트, 창호 및 기타 건설자재 소매업",52,전북특별자치도,52210,김제시,52210250,만경읍,5221025021,만경읍,5221025021104600013,1,대지,460,13,전북특별자치도 김제시 만경읍 만경리 460-13,522104616302,전북특별자치도 김제시 만경읍 만경4길,19,,4521025021104600013014593,,전북특별자치도 김제시 만경읍 만경4길 19,576862,54307,,,,126.817592551532,35.8530248709486
MA010120220807427363,진영타일설비,,G2,소매,G210,철물·건설자재 소매,G21003,건설/건축자재 소매업,G47519,"페인트, 창호 및 기타 건설자재 소매업",52,전북특별자치도,52111,전주시 완산구,52111701,삼천1동,5211113700,삼천동1가,5211113700101500039,1,대지,150,39,전북특별자치도 전주시 완산구 삼천동1가 150-39,521113266038,전북특별자치도 전주시 완산구 성지산로,39,3,4511113700101500039008481,,전북특별자치도 전주시 완산구 성지산로 39-3,560806,55084,,,,127.122281731454,35.8010533863045
MA010120220807423022,현대페인트,,G2,소매,G210,철물·건설자재 소매,G21003,건설/건축자재 소매업,G47519,"페인트, 창호 및 기타 건설자재 소매업",52,전북특별자치도,52190,남원시,52190250,운봉읍,5219025026,운봉읍,5219025026104920000,1,대지,492,,전북특별자치도 남원시 운봉읍 동천리 492,521904613197,전북특별자치도 남원시 운봉읍 동천2길,5,4,4519025026104930001029666,,전북특별자치도 남원시 운봉읍 동천2길 5-4,590834,55718,,,,127.532102626367,35.4374078627584
MA010120220807437328,노루페인트,성남점,G2,소매,G210,철물·건설자재 소매,G21003,건설/건축자재 소매업,G47519,"페인트, 창호 및 기타 건설자재 소매업",41,경기도,41133,성남시 중원구,41133510,성남동,4113310100,성남동,4113310100139490000,1,대지,3949,,경기도 성남시 중원구 성남동 3949,411332179001,경기도 성남시 중원구 둔촌대로,143,,4113310100139490000007848,,경기도 성남시 중원구 둔촌대로 143,462828,13372,,1,,127.134720905559,37.4291837031831
MA010120220807428777,영광페인트,,G2,소매,G210,철물·건설자재 소매,G21003,건설/건축자재 소매업,G47519,"페인트, 창호 및 기타 건설자재 소매업",52,전북특별자치도,52190,남원시,52190420,이백면,5219042029,이백면,5219042029104580004,1,대지,458,4,전북특별자치도 남원시 이백면 과립리 458-4,521904613549,전북특별자치도 남원시 이백면 입촌길,48,,4519042029104580004004848,,전북특별자치도 남원시 이백면 입촌길 48,590822,55722,,,,127.46099767316,35.4269927251915
MA010120220807429158,현대상사,,G2,소매,G210,철물·건설자재 소매,G21003,건설/건축자재 소매업,G47519,"페인트, 창호 및 기타 건설자재 소매업",52,전북특별자치도,52190,남원시,52190590,도통동,5219011600,도통동,5219011600104980005,1,대지,498,5,전북특별자치도 남원시 도통동 498-5,521903266092,전북특별자치도 남원시 춘향로,85,,4519011600104980005313925,상가,전북특별자치도 남원시 춘향로 85,590984,55737,,1,,127.393327575983,35.4218422444356
MA010120220807469789,남양페인트,,G2,소매,G210,철물·건설자재 소매,G21003,건설/건축자재 소매업,G47519,"페인트, 창호 및 기타 건설자재 소매업",29,광주광역시,29110,동구,29110655,서남동,2911011200,남동,2911011200101520000,1,대지,152,,광주광역시 동구 남동 152,291104277097,광주광역시 동구 문화전당로23번길,5,,2911011200101520000007875,,광주광역시 동구 문화전당로23번길 5,501810,61487,,,,126.918839103406,35.1443016803648
MA010120220807465270,곡성도료,,G2,소매,G210,철물·건설자재 소매,G21003,건설/건축자재 소매업,G47519,"페인트, 창호 및 기타 건설자재 소매업",46,전라남도,46720,곡성군,46720250,곡성읍,4672025021,곡성읍,4672025021102480000,1,대지,248,,전라남도 곡성군 곡성읍 읍내리 248,467204661251,전라남도 곡성군 곡성읍 읍내10길,18,,4672025021102480000001813,,전라남도 곡성군 곡성읍 읍내10길 18,516804,57542,,,,127.29500791204,35.2791268804219
MA010120220807471201,대화페인트,,G2,소매,G210,철물·건설자재 소매,G21003,건설/건축자재 소매업,G47519,"페인트, 창호 및 기타 건설자재 소매업",46,전라남도,46720,곡성군,46720370,옥과면,4672037021,옥과면,4672037021101530008,1,대지,153,8,전라남도 곡성군 옥과면 옥과리 153-8,467203287027,전라남도 곡성군 옥과면 대학로,129,1,4672037021101530008022536,,전라남도 곡성군 옥과면 대학로 129-1,516911,57503,,,,127.134016906559,35.2755996721197
MA010120220807478303,삼화페인트호남산업,,G2,소매,G210,철물·건설자재 소매,G21003,건설/건축자재 소매업,G47519,"페인트, 창호 및 기타 건설자재 소매업",29,광주광역시,29140,서구,29140650,농성1동,2914010600,농성동,2914010600103450018,1,대지,345,18,광주광역시 서구 농성동 345-18,291403009015,광주광역시 서구 월산로,243,,2914010600103450018017118,,광주광역시 서구 월산로 243,502809,61936,,,,126.88962015732,35.1577449123822
MA010120220807479344,대성,,G2,소매,G210,철물·건설자재 소매,G21003,건설/건축자재 소매업,G47519,"페인트, 창호 및 기타 건설자재 소매업",29,광주광역시,29155,남구,29155605,월산동,2915510400,월산동,2915510400100380002,1,대지,38,2,광주광역시 남구 월산동 38-2,291553161011,광주광역시 남구 서동로,29,,2915510400100380002020320,,광주광역시 남구 서동로 29,503824,61634,,,,126.904274086248,35.1468869706135
MA010120220808856216,신천페인트,,G2,소매,G210,철물·건설자재 소매,G21003,건설/건축자재 소매업,G47519,"페인트, 창호 및 기타 건설자재 소매업",27,대구광역시,27140,동구,27140555,신천1.2동,2714010200,신천동,2714010200107350002,1,대지,735,2,대구광역시 동구 신천동 735-2,271404226165,대구광역시 동구 송라로11길,1,,2714010200107350002040154,,대구광역시 동구 송라로11길 1,701832,41264,,,,128.618340397585,35.8726058306096
MA010120220808874181,동화타일도기상사,,G2,소매,G210,철물·건설자재 소매,G21003,건설/건축자재 소매업,G47519,"페인트, 창호 및 기타 건설자재 소매업",27,대구광역시,27260,수성구,27260610,중동,2726010800,중동,2726010800103450001,1,대지,345,1,대구광역시 수성구 중동 345-1,272604238281,대구광역시 수성구 수성로41길,28,,2726010800103450001011154,,대구광역시 수성구 수성로41길 28,706838,42152,,,,128.610987935577,35.844670142011
MA010120220808941776,고려페인트,,G2,소매,G210,철물·건설자재 소매,G21003,건설/건축자재 소매업,G47519,"페인트, 창호 및 기타 건설자재 소매업",47,경상북도,47830,고령군,47830253,대가야읍,4783025322,대가야읍,4783025322101070006,1,대지,107,6,경상북도 고령군 대가야읍 고아리 107-6,478303320005,경상북도 고령군 대가야읍 대가야로,1331,,4783025022101070006025412,,경상북도 고령군 대가야읍 대가야로 1331,717802,40141,,,,128.27036518433,35.727210520665
MA010120220808956340,태영타일.씽크상사,,G2,소매,G210,철물·건설자재 소매,G21003,건설/건축자재 소매업,G47519,"페인트, 창호 및 기타 건설자재 소매업",27,대구광역시,27170,서구,27170640,평리3동,2717010300,평리동,2717010300106840015,1,대지,684,15,대구광역시 서구 평리동 684-15,271703143004,대구광역시 서구 문화로,223,1,2717010300106840015017980,,대구광역시 서구 문화로 223-1,703840,41773,,,,128.55706425709,35.8757588677598
MA010120220809016743,태양도료,,G2,소매,G210,철물·건설자재 소매,G21003,건설/건축자재 소매업,G47519,"페인트, 창호 및 기타 건설자재 소매업",27,대구광역시,27230,북구,27230735,태전2동,2723012600,태전동,2723012600110330001,1,대지,1033,1,대구광역시 북구 태전동 1033-1,272303145045,대구광역시 북구 태암로,6,,2723012600110330001044796,,대구광역시 북구 태암로 6,702866,41461,,,,128.548570176157,35.9285406059623
MA010120220809035750,강구페인트,,G2,소매,G210,철물·건설자재 소매,G21003,건설/건축자재 소매업,G47519,"페인트, 창호 및 기타 건설자재 소매업",27,대구광역시,27200,남구,27200610,대명6동,2720010300,대명동,2720010300110300002,1,대지,1030,2,대구광역시 남구 대명동 1030-2,272004232212,대구광역시 남구 안지랑로13길,65,1,2720010300110300002004132,,대구광역시 남구 안지랑로13길 65-1,705811,42494,,,,128.567816179082,35.835887343783
MA010120220809019134,선한기업스카이노루페인트,대리점,G2,소매,G210,철물·건설자재 소매,G21003,건설/건축자재 소매업,G47519,"페인트, 창호 및 기타 건설자재 소매업",52,전북특별자치도,52111,전주시 완산구,52111701,삼천1동,5211113700,삼천동1가,5211113700101500033,1,대지,150,33,전북특별자치도 전주시 완산구 삼천동1가 150-33,521113266038,전북특별자치도 전주시 완산구 성지산로,41,,4511113700101500033022027,,전북특별자치도 전주시 완산구 성지산로 41,560806,55084,,1,,127.12249218118,35.8012153994274
MA010120220810402625,드림하우스디자인,,G2,소매,G210,철물·건설자재 소매,G21003,건설/건축자재 소매업,G47519,"페인트, 창호 및 기타 건설자재 소매업",50,제주특별자치도,50110,제주시,50110550,삼도1동,5011010500,삼도일동,5011010500103050060,1,대지,305,60,제주특별자치도 제주시 삼도일동 305-60,501104849117,제주특별자치도 제주시 홍랑길,34,13,5011010500103050060039004,,제주특별자치도 제주시 홍랑길 34-13,690810,63180,,,,126.524278628078,33.5028330412848
MA010120220810416725,강천컴퍼니,,G2,소매,G210,철물·건설자재 소매,G21003,건설/건축자재 소매업,G47519,"페인트, 창호 및 기타 건설자재 소매업",11,서울특별시,11440,마포구,11440660,서교동,1144012000,서교동,1144012000103470021,1,대지,347,21,서울특별시 마포구 서교동 347-21,114403113015,서울특별시 마포구 어울마당로,130,,1144012000103470021024741,기린빌딩,서울특별시 마포구 어울마당로 130,121837,04053,,3,,126.924524326984,37.5558098491327
MA010120220810462273,태양유리페인트,,G2,소매,G210,철물·건설자재 소매,G21003,건설/건축자재 소매업,G47519,"페인트, 창호 및 기타 건설자재 소매업",26,부산광역시,26200,영도구,26200550,영선2동,2620011000,영선동3가,2620011000100670003,1,대지,67,3,부산광역시 영도구 영선동3가 67-3,262003128020,부산광역시 영도구 절영로,102,,2620011000100660003005592,,부산광역시 영도구 절영로 102,606043,49047,,,,129.040575940615,35.0859082490865
MA010120220810458974,대흥페인트,,G2,소매,G210,철물·건설자재 소매,G21003,건설/건축자재 소매업,G47519,"페인트, 창호 및 기타 건설자재 소매업",26,부산광역시,26110,중구,26110545,보수동,2611012200,보수동3가,2611012200100730008,1,대지,73,8,부산광역시 중구 보수동3가 73-8,261103125010,부산광역시 중구 대청로,25,,2611012200100720003001670,,부산광역시 중구 대청로 25,600083,48966,,,,129.022610789834,35.1033767809693
MA010120220810452519,동삼건재,,G2,소매,G210,철물·건설자재 소매,G21003,건설/건축자재 소매업,G47519,"페인트, 창호 및 기타 건설자재 소매업",26,부산광역시,26200,영도구,26200650,동삼1동,2620012100,동삼동,2620012100103300011,1,대지,330,11,부산광역시 영도구 동삼동 330-11,262003128009,부산광역시 영도구 동삼로,43,,2620012100103300011005609,,부산광역시 영도구 동삼로 43,606808,49106,,,,129.070614911267,35.0772072010278
MA010120220810459427,아름드리,,G2,소매,G210,철물·건설자재 소매,G21003,건설/건축자재 소매업,G47519,"페인트, 창호 및 기타 건설자재 소매업",26,부산광역시,26140,서구,26140650,남부민1동,2614012300,남부민동,2614012300100230138,1,대지,23,138,부산광역시 서구 남부민동 23-138,261403126017,부산광역시 서구 천마로,191,1,2614012300100230138022588,,부산광역시 서구 천마로 191-1,602800,49257,,,,129.022083364482,35.0926795980411
MA010120220810449195,신성타일건재,,G2,소매,G210,철물·건설자재 소매,G21003,건설/건축자재 소매업,G47519,"페인트, 창호 및 기타 건설자재 소매업",43,충청북도,43770,음성군,43770253,금왕읍,4377025321,금왕읍,4377025321105910001,1,대지,591,1,충청북도 음성군 금왕읍 무극리 591-1,437703247019,충청북도 음성군 금왕읍 무극로,178,,4377025321105910011216078,,충청북도 음성군 금왕읍 무극로 178,369904,27633,,,,127.581386482085,36.9903047501366
MA010120220810515826,태진상사,,G2,소매,G210,철물·건설자재 소매,G21003,건설/건축자재 소매업,G47519,"페인트, 창호 및 기타 건설자재 소매업",26,부산광역시,26440,강서구,26440530,강동동,2644010300,강동동,2644010300100290172,1,대지,29,172,부산광역시 강서구 강동동 29-172,264403006026,부산광역시 강서구 낙동북로,131,,2644010300100290172010564,,부산광역시 강서구 낙동북로 131,618800,46705,,1,,128.943466681301,35.2162293287676
MA010120220810521876,거제도장,,G2,소매,G210,철물·건설자재 소매,G21003,건설/건축자재 소매업,G47519,"페인트, 창호 및 기타 건설자재 소매업",26,부산광역시,26140,서구,26140560,서대신3동,2614010600,서대신동3가,2614010600105970003,1,대지,597,3,부산광역시 서구 서대신동3가 597-3,261403006009,부산광역시 서구 대티로,165,,2614010600105970003007214,,부산광역시 서구 대티로 165,602825,49209,,,,129.01154192516,35.1130143666844
MA010120220810519380,삼성페인트담배,,G2,소매,G210,철물·건설자재 소매,G21003,건설/건축자재 소매업,G47519,"페인트, 창호 및 기타 건설자재 소매업",26,부산광역시,26140,서구,26140630,초장동,2614011900,초장동,2614011900100830010,1,대지,83,10,부산광역시 서구 초장동 83-10,261403126021,부산광역시 서구 초장로,40,,2614011900100830010012600,,부산광역시 서구 초장로 40,602835,49251,,,,129.020807336849,35.0956206958267
MA010120220810508777,경인페인트,,G2,소매,G210,철물·건설자재 소매,G21003,건설/건축자재 소매업,G47519,"페인트, 창호 및 기타 건설자재 소매업",26,부산광역시,26380,사하구,26380601,다대1동,2638010600,다대동,2638010600108470001,1,대지,847,1,부산광역시 사하구 다대동 847-1,263803134006,부산광역시 사하구 다대동로,41,3,2638010600108470001030920,,부산광역시 사하구 다대동로 41-3,604825,49524,,,,128.972296215313,35.0572541362893
MA010120220811916311,경원이앤이,,G2,소매,G210,철물·건설자재 소매,G21003,건설/건축자재 소매업,G47519,"페인트, 창호 및 기타 건설자재 소매업",28,인천광역시,28237,부평구,28237580,산곡2동,2823710300,산곡동,2823710300101010014,1,대지,101,14,인천광역시 부평구 산곡동 101-14,282374262136,인천광역시 부평구 길주로388번길,10,,2823710300101010014017720,,인천광역시 부평구 길주로388번길 10,403834,21361,,,,126.704895411709,37.5080006021701
MA010120220811918963,온새미로방수페인트전주점,,G2,소매,G210,철물·건설자재 소매,G21003,건설/건축자재 소매업,G47519,"페인트, 창호 및 기타 건설자재 소매업",52,전북특별자치도,52111,전주시 완산구,52111635,완산동,5211112400,서완산동2가,5211112400100690001,1,대지,69,1,전북특별자치도 전주시 완산구 서완산동2가 69-1,521113266053,전북특별자치도 전주시 완산구 용머리로,223,,4511112400100690001028352,,전북특별자치도 전주시 완산구 용머리로 223,560152,55047,,,,127.134054214233,35.8083680997288
MA010120220811938928,용이앤티타일,,G2,소매,G210,철물·건설자재 소매,G21003,건설/건축자재 소매업,G47519,"페인트, 창호 및 기타 건설자재 소매업",41,경기도,41390,시흥시,41390594,정왕4동,4139013200,정왕동,4139013200118860002,1,대지,1886,2,경기도 시흥시 정왕동 1886-2,413904397656,경기도 시흥시 함송로14번길,30,,4139013200118860002017151,,경기도 시흥시 함송로14번길 30,429454,15021,,,,126.728980712783,37.3621842516254
MA010120220811922550,예원타일건축,,G2,소매,G210,철물·건설자재 소매,G21003,건설/건축자재 소매업,G47519,"페인트, 창호 및 기타 건설자재 소매업",11,서울특별시,11530,구로구,11530595,가리봉동,1153010300,가리봉동,1153010300101050002,1,대지,105,2,서울특별시 구로구 가리봉동 105-2,115304148218,서울특별시 구로구 구로동로2가길,29,3,1153010300101050002015493,,서울특별시 구로구 구로동로2가길 29-3,152800,08384,,2,,126.888416803845,37.4832415198983
MA010120220812028080,송파페인트방수공사,,G2,소매,G210,철물·건설자재 소매,G21003,건설/건축자재 소매업,G47519,"페인트, 창호 및 기타 건설자재 소매업",11,서울특별시,11740,강동구,11740590,암사3동,1174010700,암사동,1174010700104460000,1,대지,446,,서울특별시 강동구 암사동 446,117404172020,서울특별시 강동구 고덕로23길,13,21,1174010700104460000015274,,서울특별시 강동구 고덕로23길 13-21,134855,05237,,1,,127.133861441338,37.555460762279
MA010120220812004477,대림E&C,,G2,소매,G210,철물·건설자재 소매,G21003,건설/건축자재 소매업,G47519,"페인트, 창호 및 기타 건설자재 소매업",41,경기도,41194,부천시 소사구,41194590,송내1동,4119410500,송내동,4119410500103660003,1,대지,366,3,경기도 부천시 소사구 송내동 366-3,411943000028,경기도 부천시 소사구 경인로,61,,4119710500103660003042035,,경기도 부천시 소사구 경인로 61,422816,14721,,1,,126.762008862312,37.4839194838301
MA010120220812031052,수참고려페인트,,G2,소매,G210,철물·건설자재 소매,G21003,건설/건축자재 소매업,G47519,"페인트, 창호 및 기타 건설자재 소매업",41,경기도,41570,김포시,41570250,통진읍,4157025024,통진읍,4157025024102490004,1,대지,249,4,경기도 김포시 통진읍 수참리 249-4,415703209126,경기도 김포시 통진읍 하성로,78,3,4157025024102490004009147,,경기도 김포시 통진읍 하성로 78-3,415868,10014,,,,126.632014454503,37.6824613369479
MA010120220812080011,새천년페인트,,G2,소매,G210,철물·건설자재 소매,G21003,건설/건축자재 소매업,G47519,"페인트, 창호 및 기타 건설자재 소매업",27,대구광역시,27200,남구,27200530,봉덕1동,2720010200,봉덕동,2720010200105430029,1,대지,543,29,대구광역시 남구 봉덕동 543-29,272004232162,대구광역시 남구 봉덕로21길,25,,2720010200105430029025584,,대구광역시 남구 봉덕로21길 25,705826,42438,,,,128.600941131846,35.8459128521122
MA010120220812055506,지제이글로벌,,G2,소매,G210,철물·건설자재 소매,G21003,건설/건축자재 소매업,G47519,"페인트, 창호 및 기타 건설자재 소매업",41,경기도,41135,성남시 분당구,41135580,서현1동,4113510500,서현동,4113510500102680005,1,대지,268,5,경기도 성남시 분당구 서현동 268-5,411354340162,경기도 성남시 분당구 분당로53번길,12,,4113510500102680005037762,서현나산프라자,경기도 성남시 분당구 분당로53번길 12,463824,13591,,1,,127.121993013319,37.3836779989733
MA010120220814300659,노루페인트,,G2,소매,G210,철물·건설자재 소매,G21003,건설/건축자재 소매업,G47519,"페인트, 창호 및 기타 건설자재 소매업",30,대전광역시,30170,서구,30170530,도마2동,3017010300,도마동,3017010300100990009,1,대지,99,9,대전광역시 서구 도마동 99-9,301704298582,대전광역시 서구 조달청길,88,,3017010300100990009028400,,대전광역시 서구 조달청길 88,302822,35334,,,,127.377107929983,36.3191214541903
MA010120220814218464,제비표페인트,,G2,소매,G210,철물·건설자재 소매,G21003,건설/건축자재 소매업,G47519,"페인트, 창호 및 기타 건설자재 소매업",30,대전광역시,30170,서구,30170520,도마1동,3017010300,도마동,3017010300100970010,1,대지,97,10,대전광역시 서구 도마동 97-10,301703166016,대전광역시 서구 도산로,120,,3017010300100970010028444,,대전광역시 서구 도산로 120,302819,35331,,,,127.378164867092,36.3189198556081
MA010120220814327290,이노산업,,G2,소매,G210,철물·건설자재 소매,G21003,건설/건축자재 소매업,G47519,"페인트, 창호 및 기타 건설자재 소매업",52,전북특별자치도,52111,전주시 완산구,52111730,효자5동,5211114200,효자동3가,5211114200110460011,1,대지,1046,11,전북특별자치도 전주시 완산구 효자동3가 1046-11,521113016001,전북특별자치도 전주시 완산구 콩쥐팥쥐로,1693,,4511114200110460011000001,,전북특별자치도 전주시 완산구 콩쥐팥쥐로 1693,560860,54878,,1,,127.08388168673,35.8224462135016
MA010120220814167123,경복페인트공사,,G2,소매,G210,철물·건설자재 소매,G21003,건설/건축자재 소매업,G47519,"페인트, 창호 및 기타 건설자재 소매업",11,서울특별시,11215,광진구,11215850,구의1동,1121510300,구의동,1121510300102420111,1,대지,242,111,서울특별시 광진구 구의동 242-111,112154112059,서울특별시 광진구 구의로1길,14,,1121510300102420111024477,,서울특별시 광진구 구의로1길 14,143825,05042,,,,127.087497878494,37.5391330781025
MA010120220814311954,상호건재,,G2,소매,G210,철물·건설자재 소매,G21003,건설/건축자재 소매업,G47519,"페인트, 창호 및 기타 건설자재 소매업",41,경기도,41113,수원시 권선구,41113550,평동,4111312800,고색동,4111312800109860000,1,대지,986,,경기도 수원시 권선구 고색동 986,411133175010,경기도 수원시 권선구 권선로,308,18,4111312800109860000050960,수원종합공구단지,경기도 수원시 권선구 권선로 308-18,441813,16602,,2,,126.985368816943,37.2540722435472
MA010120220814239930,대성페인트,,G2,소매,G210,철물·건설자재 소매,G21003,건설/건축자재 소매업,G47519,"페인트, 창호 및 기타 건설자재 소매업",43,충청북도,43114,청주시 청원구,43114250,내수읍,4311425022,내수읍,4311425022101970078,1,대지,197,78,충청북도 청주시 청원구 내수읍 마산리 197-78,431143014017,충청북도 청주시 청원구 내수읍 내수로,716,1,4371025022001970078050423,,충청북도 청주시 청원구 내수읍 내수로 716-1,363934,28145,,,,127.535167310803,36.7255467544633
MA010120220814263223,구미장인페인트방수,,G2,소매,G210,철물·건설자재 소매,G21003,건설/건축자재 소매업,G47519,"페인트, 창호 및 기타 건설자재 소매업",47,경상북도,47190,구미시,47190645,상모사곡동,4719011500,사곡동,4719011500103090001,1,대지,309,1,경상북도 구미시 사곡동 309-1,471903308028,경상북도 구미시 상사동로,138,,4719011500103090001044488,,경상북도 구미시 상사동로 138,730110,39329,,,,128.358978266171,36.0968743220371
MA010120220814184831,미성씨엔아이,,G2,소매,G210,철물·건설자재 소매,G21003,건설/건축자재 소매업,G47519,"페인트, 창호 및 기타 건설자재 소매업",27,대구광역시,27260,수성구,27260602,황금2동,2726010700,황금동,2726010700107280001,1,대지,728,1,대구광역시 수성구 황금동 728-1,272604238168,대구광역시 수성구 들안로42안길,56,,2726010700107280001018418,서편,대구광역시 수성구 들안로42안길 56,706852,42142,,1,,128.620212412747,35.8498087661837
MA010120220814237467,디인터,,G2,소매,G210,철물·건설자재 소매,G21003,건설/건축자재 소매업,G47519,"페인트, 창호 및 기타 건설자재 소매업",11,서울특별시,11680,강남구,11680545,압구정동,1168010700,신사동,1168010700106150000,1,대지,615,,서울특별시 강남구 신사동 615,116803122007,서울특별시 강남구 압구정로,214,,1168010700106150000009719,현대종합상가,서울특별시 강남구 압구정로 214,135894,06023,,,,127.030737930276,37.5279980912295
MA010120220814260930,드림타일,,G2,소매,G210,철물·건설자재 소매,G21003,건설/건축자재 소매업,G47519,"페인트, 창호 및 기타 건설자재 소매업",52,전북특별자치도,52130,군산시,52130550,신풍동,5213011000,문화동,5213011000108920001,1,대지,892,1,전북특별자치도 군산시 문화동 892-1,521303268023,전북특별자치도 군산시 대학로,188,,4513011000108920001037826,창고햇살슈퍼,전북특별자치도 군산시 대학로 188,573874,54112,,1,,126.702124270458,35.9752549872197
MA0101202209A0067299,칠하는사람들,,G2,소매,G210,철물·건설자재 소매,G21003,건설/건축자재 소매업,G47519,"페인트, 창호 및 기타 건설자재 소매업",48,경상남도,48270,밀양시,48270520,내이동,4827010200,내이동,4827010200108270012,1,대지,827,12,경상남도 밀양시 내이동 827-12,482703336022,경상남도 밀양시 백민로,23,,4827010200108270012042527,,경상남도 밀양시 백민로 23,627803,50423,,,,128.747574457959,35.4946293410245
MA010120220814351513,금선상사,,G2,소매,G210,철물·건설자재 소매,G21003,건설/건축자재 소매업,G47519,"페인트, 창호 및 기타 건설자재 소매업",41,경기도,41194,부천시 소사구,41194560,옥길동,4119410600,옥길동,4119410600107310004,1,대지,731,4,경기도 부천시 소사구 옥길동 731-4,411944853795,경기도 부천시 소사구 양지로171번길,17,,4119710300102730004000001,,경기도 부천시 소사구 양지로171번길 17,422080,14784,,,,126.821708173852,37.4692661345053
MA010120220814362080,디오유씨이,,G2,소매,G210,철물·건설자재 소매,G21003,건설/건축자재 소매업,G47519,"페인트, 창호 및 기타 건설자재 소매업",41,경기도,41570,김포시,41570540,사우동,4157010600,사우동,4157010600102500003,1,대지,250,3,경기도 김포시 사우동 250-3,415703209140,경기도 김포시 봉화로,9,19,4157010600102500003021944,,경기도 김포시 봉화로 9-19,415801,10109,,2,,126.716164518359,37.6172737011348
MA010120220814383713,KM페인트,,G2,소매,G210,철물·건설자재 소매,G21003,건설/건축자재 소매업,G47519,"페인트, 창호 및 기타 건설자재 소매업",48,경상남도,48310,거제시,48310550,옥포1동,4831010600,옥포동,4831010600105350033,1,대지,535,33,경상남도 거제시 옥포동 535-33,483104811502,경상남도 거제시 옥포로18길,12,,4831010600105350033045236,,경상남도 거제시 옥포로18길 12,656904,53229,,,,128.692384450884,34.8931930988829
MA0101202209A0009447,동주,,G2,소매,G210,철물·건설자재 소매,G21003,건설/건축자재 소매업,G47519,"페인트, 창호 및 기타 건설자재 소매업",26,부산광역시,26110,중구,26110560,부평동,2611012600,부평동4가,2611012600100520003,1,대지,52,3,부산광역시 중구 부평동4가 52-3,261102006003,부산광역시 중구 보수대로,82,,2611012600100520003002246,골든시티오피스텔,부산광역시 중구 보수대로 82,600074,48973,,,,129.021504426993,35.1029806995958
MA0101202209A0031547,솔1,,G2,소매,G210,철물·건설자재 소매,G21003,건설/건축자재 소매업,G47519,"페인트, 창호 및 기타 건설자재 소매업",11,서울특별시,11680,강남구,11680630,대치4동,1168010600,대치동,1168010600109360003,1,대지,936,3,서울특별시 강남구 대치동 936-3,116804166486,서울특별시 강남구 선릉로64길,8,2,1168010600109360003014174,,서울특별시 강남구 선릉로64길 8-2,135998,06206,,1,,127.053003362142,37.4975362598132
MA0101202210A0008649,대광건설산업,,G2,소매,G210,철물·건설자재 소매,G21003,건설/건축자재 소매업,G47519,"페인트, 창호 및 기타 건설자재 소매업",41,경기도,41650,포천시,41650310,군내면,4165031023,군내면,4165031023102590004,1,대지,259,4,경기도 포천시 군내면 유교리 259-4,416503213046,경기도 포천시 군내면 포천로,1026,,4165031023102590010000001,,경기도 포천시 군내면 포천로 1026,487875,11157,,,,127.202529401318,37.8576304034812
MA0101202210A0024623,현대건축,,G2,소매,G210,철물·건설자재 소매,G21003,건설/건축자재 소매업,G47519,"페인트, 창호 및 기타 건설자재 소매업",47,경상북도,47730,의성군,47730250,의성읍,4773025033,의성읍,4773025033108410002,1,대지,841,2,경상북도 의성군 의성읍 업리 841-2,477304745340,경상북도 의성군 의성읍 업동길,37,,4773025033108410002066013,,경상북도 의성군 의성읍 업동길 37,769804,37330,,,,128.683147651712,36.3830504409707
MA0101202209A0086539,정탑,,G2,소매,G210,철물·건설자재 소매,G21003,건설/건축자재 소매업,G47519,"페인트, 창호 및 기타 건설자재 소매업",48,경상남도,48125,창원시 마산합포구,48125530,월영동,4812513400,월영동,4812513400106140180,1,대지,614,180,경상남도 창원시 마산합포구 월영동 614-180,481254787575,경상남도 창원시 마산합포구 월영남17길,1,,4812513400106140180046205,,경상남도 창원시 마산합포구 월영남17길 1,631865,51752,,,,128.56082296472,35.1770764164228
MA0101202210A0058712,삼일페인트,,G2,소매,G210,철물·건설자재 소매,G21003,건설/건축자재 소매업,G47519,"페인트, 창호 및 기타 건설자재 소매업",48,경상남도,48125,창원시 마산합포구,48125320,진동면,4812532024,진동면,4812532024104950004,1,대지,495,4,경상남도 창원시 마산합포구 진동면 진동리 495-4,481252329002,경상남도 창원시 마산합포구 진동면 삼진의거대로,657,,4812532024104950004042498,,경상남도 창원시 마산합포구 진동면 삼진의거대로 657,631816,51793,,,,128.489003203432,35.1168935204128
MA0101202209B0036111,정탑,,G2,소매,G210,철물·건설자재 소매,G21003,건설/건축자재 소매업,G47519,"페인트, 창호 및 기타 건설자재 소매업",43,충청북도,43111,청주시 상당구,43111525,중앙동,4311110300,북문로2가,4311110300101160231,1,대지,116,231,충청북도 청주시 상당구 북문로2가 116-231,431113236027,충청북도 청주시 상당구 상당로,117,1,4311110300101160231032085,,충청북도 청주시 상당구 상당로 117-1,360012,28543,,,,127.489862553289,36.6388377111694
MA0101202210A0020854,청수,,G2,소매,G210,철물·건설자재 소매,G21003,건설/건축자재 소매업,G47519,"페인트, 창호 및 기타 건설자재 소매업",41,경기도,41360,남양주시,41360510,호평동,4136010100,호평동,4136010100106760000,1,대지,676,,경기도 남양주시 호평동 676,413603197068,경기도 남양주시 호평로,93,,4136010100106750000003718,호평마을동원로얄듀크17단지,경기도 남양주시 호평로 93,472789,12146,,,,127.251464585761,37.6578282816004
MA0101202210A0039728,종합페인트,,G2,소매,G210,철물·건설자재 소매,G21003,건설/건축자재 소매업,G47519,"페인트, 창호 및 기타 건설자재 소매업",48,경상남도,48870,함양군,48870350,지곡면,4887035029,지곡면,4887035029106110000,1,대지,611,,경상남도 함양군 지곡면 공배리 611,488704838033,경상남도 함양군 지곡면 공배길,75,14,4887035029106110000000001,,경상남도 함양군 지곡면 공배길 75-14,676852,50020,,,,127.769522523931,35.5427319717424
MA0101202209B0014739,따뜻한이야기,,G2,소매,G210,철물·건설자재 소매,G21003,건설/건축자재 소매업,G47519,"페인트, 창호 및 기타 건설자재 소매업",51,강원특별자치도,51130,원주시,51130310,소초면,5113031024,소초면,5113031024116290000,1,대지,1629,,강원특별자치도 원주시 소초면 흥양리 1629,511303219062,강원특별자치도 원주시 소초면 흥양로,244,,4213031024116290000032042,,강원특별자치도 원주시 소초면 흥양로 244,220836,26310,,,,127.972693115771,37.381200213941
MA0101202210A0028001,포천철근,,G2,소매,G210,철물·건설자재 소매,G21003,건설/건축자재 소매업,G47519,"페인트, 창호 및 기타 건설자재 소매업",41,경기도,41650,포천시,41650340,신북면,4165034021,신북면,4165034021101230007,1,대지,123,7,경기도 포천시 신북면 가채리 123-7,416503000136,경기도 포천시 신북면 호국로,1722,,4165034021101230007037038,,경기도 포천시 신북면 호국로 1722,487911,11139,,,,127.212454342273,37.9067595214719
MA0101202210A0014530,봄타일,,G2,소매,G210,철물·건설자재 소매,G21003,건설/건축자재 소매업,G47519,"페인트, 창호 및 기타 건설자재 소매업",41,경기도,41480,파주시,41480570,운정3동,4148011300,동패동,4148011300118280003,1,대지,1828,3,경기도 파주시 동패동 1828-3,414804418963,경기도 파주시 와석순환로192번길,14,14,4148011300102130003000001,상가,경기도 파주시 와석순환로192번길 14-14,413100,10901,,1,,126.740403132829,37.7150316025737
MA0101202210A0051123,보라,,G2,소매,G210,철물·건설자재 소매,G21003,건설/건축자재 소매업,G47519,"페인트, 창호 및 기타 건설자재 소매업",41,경기도,41271,안산시 상록구,41271525,사동,4127110300,사동,4127110300111880004,1,대지,1188,4,경기도 안산시 상록구 사동 1188-4,412714370210,경기도 안산시 상록구 서암로1길,4,7,4127110300111880004037520,,경기도 안산시 상록구 서암로1길 4-7,426822,15580,,1,,126.849094402165,37.3022997157727
MA0101202210A0021874,청호페인트,,G2,소매,G210,철물·건설자재 소매,G21003,건설/건축자재 소매업,G47519,"페인트, 창호 및 기타 건설자재 소매업",31,울산광역시,31200,북구,31200540,강동동,3120011800,산하동,3120011800109760010,1,대지,976,10,울산광역시 북구 산하동 976-10,312004316439,울산광역시 북구 화암3길,19,,3120011800102480004000001,,울산광역시 북구 화암3길 19,683260,44264,,1,,129.439496003027,35.6334256540711
MA010120220800807869,에이오,,G2,소매,G210,철물·건설자재 소매,G21003,건설/건축자재 소매업,G47519,"페인트, 창호 및 기타 건설자재 소매업",44,충청남도,44800,홍성군,44800250,홍성읍,4480025030,홍성읍,4480025030110700000,1,대지,1070,,충청남도 홍성군 홍성읍 고암리 1070,448004586435,충청남도 홍성군 홍성읍 조양로247번길,8,11,4480025030110700000011385,,충청남도 홍성군 홍성읍 조양로247번길 8-11,350801,32220,,,,126.677384452151,36.6008484145916
MA010120220800804910,은성타일,,G2,소매,G210,철물·건설자재 소매,G21003,건설/건축자재 소매업,G47519,"페인트, 창호 및 기타 건설자재 소매업",11,서울특별시,11650,서초구,11650621,방배4동,1165010100,방배동,1165010100108600001,1,대지,860,1,서울특별시 서초구 방배동 860-1,116504163437,서울특별시 서초구 서초대로7길,38,,1165010100108600001009691,,서울특별시 서초구 서초대로7길 38,137838,06570,,1,,126.986578469763,37.487663338263
MA010120220800805690,휴먼타일,,G2,소매,G210,철물·건설자재 소매,G21003,건설/건축자재 소매업,G47519,"페인트, 창호 및 기타 건설자재 소매업",11,서울특별시,11650,서초구,11650610,방배2동,1165010100,방배동,1165010100104600011,1,대지,460,11,서울특별시 서초구 방배동 460-11,116504163572,서울특별시 서초구 청두곶8길,17,,1165010100104600011013055,,서울특별시 서초구 청두곶8길 17,137819,06678,,,,126.986263182422,37.4805002840297
MA010120220800859749,공간타일,,G2,소매,G210,철물·건설자재 소매,G21003,건설/건축자재 소매업,G47519,"페인트, 창호 및 기타 건설자재 소매업",11,서울특별시,11470,양천구,11470540,목4동,1147010200,목동,1147010200107970004,1,대지,797,4,서울특별시 양천구 목동 797-4,114703114008,서울특별시 양천구 목동중앙서로,26,,1147010200107970004017274,동,서울특별시 양천구 목동중앙서로 26,158819,07967,,,,126.866665838626,37.5326480704445
MA010120220800878972,수림디엔디,,G2,소매,G210,철물·건설자재 소매,G21003,건설/건축자재 소매업,G47519,"페인트, 창호 및 기타 건설자재 소매업",11,서울특별시,11470,양천구,11470611,신월7동,1147010300,신월동,1147010300109410004,1,대지,941,4,서울특별시 양천구 신월동 941-4,114704142403,서울특별시 양천구 지양로7길,20,,1147010300109410004008225,,서울특별시 양천구 지양로7길 20,158845,08037,,1,,126.832286411356,37.5209993580178
MA010120220802529047,성진도료,,G2,소매,G210,철물·건설자재 소매,G21003,건설/건축자재 소매업,G47519,"페인트, 창호 및 기타 건설자재 소매업",28,인천광역시,28710,강화군,28710250,강화읍,2871025024,강화읍,2871025024102110004,1,대지,211,4,인천광역시 강화군 강화읍 남산리 211-4,287103157016,인천광역시 강화군 강화읍 남문로,9,,2871025024102110004002477,,인천광역시 강화군 강화읍 남문로 9,417805,23037,,,,126.488026298707,37.7389462177483
MA010120220802546149,티엠세라믹,,G2,소매,G210,철물·건설자재 소매,G21003,건설/건축자재 소매업,G47519,"페인트, 창호 및 기타 건설자재 소매업",41,경기도,41830,양평군,41830350,서종면,4183035021,서종면,4183035021106630026,1,대지,663,26,경기도 양평군 서종면 문호리 663-26,418303216053,경기도 양평군 서종면 북한강로,894,,4183035021106650002000001,,경기도 양평군 서종면 북한강로 894,476813,12502,,,,127.351124848718,37.6167863312557
MA010120220802535656,강인타일전시장,,G2,소매,G210,철물·건설자재 소매,G21003,건설/건축자재 소매업,G47519,"페인트, 창호 및 기타 건설자재 소매업",28,인천광역시,28710,강화군,28710310,선원면,2871031025,선원면,2871031025105870001,1,대지,587,1,인천광역시 강화군 선원면 창리 587-1,287103150025,인천광역시 강화군 선원면 중앙로,217,,2871031025105870001000001,,인천광역시 강화군 선원면 중앙로 217,417823,23041,,,,126.485110594631,37.7258425494704
MA010120220802541365,원진상사,,G2,소매,G210,철물·건설자재 소매,G21003,건설/건축자재 소매업,G47519,"페인트, 창호 및 기타 건설자재 소매업",28,인천광역시,28260,서구,28260542,가정1동,2826010800,가정동,2826010800105170005,1,대지,517,5,인천광역시 서구 가정동 517-5,282603156005,인천광역시 서구 가정로,340,1,2826010800105170005003128,,인천광역시 서구 가정로 340-1,404839,22783,,,,126.672980616465,37.5152326828122
MA010120220802571143,엔비텍,,G2,소매,G210,철물·건설자재 소매,G21003,건설/건축자재 소매업,G47519,"페인트, 창호 및 기타 건설자재 소매업",28,인천광역시,28260,서구,28260560,석남2동,2826011000,석남동,2826011000105480001,1,대지,548,1,인천광역시 서구 석남동 548-1,282604268272,인천광역시 서구 면개포로10번길,16,,2826011000105480001017058,,인천광역시 서구 면개포로10번길 16,404827,22791,,,,126.674624994262,37.5038305530185
MA010120220802575133,보광페인트,,G2,소매,G210,철물·건설자재 소매,G21003,건설/건축자재 소매업,G47519,"페인트, 창호 및 기타 건설자재 소매업",11,서울특별시,11470,양천구,11470620,신정1동,1147010100,신정동,1147010100110270023,1,대지,1027,23,서울특별시 양천구 신정동 1027-23,114704142348,서울특별시 양천구 은행정로5길,20,1,1147010100110270023006428,,서울특별시 양천구 은행정로5길 20-1,158861,08082,,1,,126.857546072354,37.5211586655069
MA010120220802530577,합동상사,,G2,소매,G210,철물·건설자재 소매,G21003,건설/건축자재 소매업,G47519,"페인트, 창호 및 기타 건설자재 소매업",28,인천광역시,28237,부평구,28237680,십정1동,2823710200,십정동,2823710200103050025,1,대지,305,25,인천광역시 부평구 십정동 305-25,282373154072,인천광역시 부평구 열우물로,110,2,2823710200103050025013006,,인천광역시 부평구 열우물로 110-2,403846,21443,,,,126.696009164988,37.4764429276568
MA010120220802563338,천일페인트서인천,대리점,G2,소매,G210,철물·건설자재 소매,G21003,건설/건축자재 소매업,G47519,"페인트, 창호 및 기타 건설자재 소매업",28,인천광역시,28260,서구,28260515,검암경서동,2826010100,백석동,2826010100102180072,1,대지,218,72,인천광역시 서구 백석동 218-72,282604268257,인천광역시 서구 드림로177번길,24,,2826010100102180072000001,,인천광역시 서구 드림로177번길 24,404140,22671,,,,126.660952981651,37.5835301911958
MA010120220802563644,형제타일,,G2,소매,G210,철물·건설자재 소매,G21003,건설/건축자재 소매업,G47519,"페인트, 창호 및 기타 건설자재 소매업",28,인천광역시,28710,강화군,28710250,강화읍,2871025021,강화읍,2871025021100130001,1,대지,13,1,인천광역시 강화군 강화읍 신문리 13-1,287103157016,인천광역시 강화군 강화읍 남문로,70,,2871025021100130001002661,,인천광역시 강화군 강화읍 남문로 70,417943,23035,,,,126.487559237087,37.7441607467104
MA010120220802564266,고려페인트,,G2,소매,G210,철물·건설자재 소매,G21003,건설/건축자재 소매업,G47519,"페인트, 창호 및 기타 건설자재 소매업",28,인천광역시,28260,서구,28260575,신현원창동,2826010900,신현동,2826010900102790031,1,대지,279,31,인천광역시 서구 신현동 279-31,282604268460,인천광역시 서구 신현로37번길,24,,2826010900102790031004119,,인천광역시 서구 신현로37번길 24,404832,22782,,,,126.669669760969,37.5170434892907
MA010120220802616575,명성타일,,G2,소매,G210,철물·건설자재 소매,G21003,건설/건축자재 소매업,G47519,"페인트, 창호 및 기타 건설자재 소매업",41,경기도,41173,안양시 동안구,41173620,신촌동,4117310400,호계동,4117310400110700003,1,대지,1070,3,경기도 안양시 동안구 호계동 1070-3,411734349214,경기도 안양시 동안구 평촌대로99번길,42,13,4117310400110700003004965,,경기도 안양시 동안구 평촌대로99번길 42-13,431827,14099,,1,,126.958539236664,37.3809314679035
MA010120220802610969,신신타일,,G2,소매,G210,철물·건설자재 소매,G21003,건설/건축자재 소매업,G47519,"페인트, 창호 및 기타 건설자재 소매업",41,경기도,41410,군포시,41410560,금정동,4141010500,금정동,4141010500107210024,1,대지,721,24,경기도 군포시 금정동 721-24,414103200025,경기도 군포시 번영로,573,,4141010500107210026006164,,경기도 군포시 번영로 573,435829,15827,,,,126.939540471605,37.3617764861892
MA010120220802631533,포켐폼,,G2,소매,G210,철물·건설자재 소매,G21003,건설/건축자재 소매업,G47519,"페인트, 창호 및 기타 건설자재 소매업",41,경기도,41430,의왕시,41430560,청계동,4143010900,포일동,4143010900106530000,1,대지,653,,경기도 의왕시 포일동 653,414303201052,경기도 의왕시 이미로,40,,4143010900106530000000001,인덕원IT밸리,경기도 의왕시 이미로 40,437828,16006,,,,126.991314890258,37.400751908101
MA010120220802642180,우정타일,,G2,소매,G210,철물·건설자재 소매,G21003,건설/건축자재 소매업,G47519,"페인트, 창호 및 기타 건설자재 소매업",41,경기도,41173,안양시 동안구,41173630,갈산동,4117310400,호계동,4117310400110770000,1,대지,1077,,경기도 안양시 동안구 호계동 1077,411734349010,경기도 안양시 동안구 갈산로86번길,12,,4117310400110770000004716,,경기도 안양시 동안구 갈산로86번길 12,431800,14107,,,,126.959928755541,37.3795804103254
MA010120220802640378,백조타일,,G2,소매,G210,철물·건설자재 소매,G21003,건설/건축자재 소매업,G47519,"페인트, 창호 및 기타 건설자재 소매업",41,경기도,41430,의왕시,41430520,부곡동,4143010300,삼동,4143010300101460039,1,대지,146,39,경기도 의왕시 삼동 146-39,414304403120,경기도 의왕시 솔밭길,19,,4143010300101460039010775,,경기도 의왕시 솔밭길 19,437813,16095,,,,126.951319898266,37.3177485589265
MA010120220804248011,금홍페인트,,G2,소매,G210,철물·건설자재 소매,G21003,건설/건축자재 소매업,G47519,"페인트, 창호 및 기타 건설자재 소매업",11,서울특별시,11710,송파구,11710570,오금동,1171011200,오금동,1171011200100790002,1,대지,79,2,서울특별시 송파구 오금동 79-2,117103123004,서울특별시 송파구 마천로,131,,1171011200100790002014358,,서울특별시 송파구 마천로 131,138858,05724,,1,,127.134359372654,37.5049861286222
MA010120220804254446,미도타일,,G2,소매,G210,철물·건설자재 소매,G21003,건설/건축자재 소매업,G47519,"페인트, 창호 및 기타 건설자재 소매업",11,서울특별시,11710,송파구,11710550,마천2동,1171011400,마천동,1171011400100490014,1,대지,49,14,서울특별시 송파구 마천동 49-14,117103123003,서울특별시 송파구 거마로,88,,1171011400100490014018087,대연빌딩,서울특별시 송파구 거마로 88,138818,05754,,1,,127.147978697227,37.5004918582429
MA010120220804332658,친환경산업,,G2,소매,G210,철물·건설자재 소매,G21003,건설/건축자재 소매업,G47519,"페인트, 창호 및 기타 건설자재 소매업",28,인천광역시,28260,서구,28260515,검암경서동,2826010100,백석동,2826010100100510300,1,대지,51,300,인천광역시 서구 백석동 51-300,282603156089,인천광역시 서구 한들로,66,67,2826010100100510300000001,,인천광역시 서구 한들로 66-67,404140,22687,,,,126.67395700041,37.5741604875588
MA010120220804350770,건설종합건재,,G2,소매,G210,철물·건설자재 소매,G21003,건설/건축자재 소매업,G47519,"페인트, 창호 및 기타 건설자재 소매업",11,서울특별시,11320,도봉구,11320513,창3동,1132010700,창동,1132010700105540001,1,대지,554,1,서울특별시 도봉구 창동 554-1,113204127037,서울특별시 도봉구 덕릉로54길,29,,1132010700105540001015328,,서울특별시 도봉구 덕릉로54길 29,132917,01477,,,,127.038588884833,37.6368988665356
MA010120220804334516,대광타이루,,G2,소매,G210,철물·건설자재 소매,G21003,건설/건축자재 소매업,G47519,"페인트, 창호 및 기타 건설자재 소매업",44,충청남도,44790,청양군,44790250,청양읍,4479025021,청양읍,4479025021102460003,1,대지,246,3,충청남도 청양군 청양읍 읍내리 246-3,447903261022,충청남도 청양군 청양읍 중앙로,166,,4479025021102460003010552,,충청남도 청양군 청양읍 중앙로 166,345804,33327,,1,,126.803834673547,36.4542988435083
MA010120220804427647,도척페인트,,G2,소매,G210,철물·건설자재 소매,G21003,건설/건축자재 소매업,G47519,"페인트, 창호 및 기타 건설자재 소매업",41,경기도,41610,광주시,41610330,도척면,4161033021,도척면,4161033021102210066,1,대지,221,66,경기도 광주시 도척면 노곡리 221-66,416103211008,경기도 광주시 도척면 노곡로,13,1,4161033021102210022250177,,경기도 광주시 도척면 노곡로 13-1,464882,12815,,,,127.331994581143,37.3049577413147
MA010120220804384515,우남상사,,G2,소매,G210,철물·건설자재 소매,G21003,건설/건축자재 소매업,G47519,"페인트, 창호 및 기타 건설자재 소매업",50,제주특별자치도,50130,서귀포시,50130250,대정읍,5013025021,대정읍,5013025021138790002,1,대지,3879,2,제주특별자치도 서귀포시 대정읍 상모리 3879-2,501303350121,제주특별자치도 서귀포시 대정읍 상모대서로,32,,5013025021138790002000001,,제주특별자치도 서귀포시 대정읍 상모대서로 32,699934,63510,,,,126.257410581561,33.2255971019726
MA010120220804428546,합동도료,,G2,소매,G210,철물·건설자재 소매,G21003,건설/건축자재 소매업,G47519,"페인트, 창호 및 기타 건설자재 소매업",47,경상북도,47820,청도군,47820253,청도읍,4782025321,청도읍,4782025321103610000,1,대지,361,,경상북도 청도군 청도읍 고수리 361,478204757020,경상북도 청도군 청도읍 고수동2길,1,,4782025321103610000054695,,경상북도 청도군 청도읍 고수동2길 1,714802,38340,,,,128.740058161156,35.6460342231923
MA010120220804381160,제이에스건축,,G2,소매,G210,철물·건설자재 소매,G21003,건설/건축자재 소매업,G47519,"페인트, 창호 및 기타 건설자재 소매업",44,충청남도,44710,금산군,44710250,금산읍,4471025026,금산읍,4471025026103520006,1,대지,352,6,충청남도 금산군 금산읍 상옥리 352-6,447103257020,충청남도 금산군 금산읍 비단로,468,,4471025026103520006015423,,충청남도 금산군 금산읍 비단로 468,312801,32745,,,,127.48082818198,36.1010932412237
MA010120220805754356,우진수도공사,,G2,소매,G210,철물·건설자재 소매,G21003,건설/건축자재 소매업,G47519,"페인트, 창호 및 기타 건설자재 소매업",30,대전광역시,30140,중구,30140535,은행선화동,3014010200,선화동,3014010200101930019,1,대지,193,19,대전광역시 중구 선화동 193-19,301403165023,대전광역시 중구 선화서로,94,,3014010200101930019000001,,대전광역시 중구 선화서로 94,301825,34846,,,,127.416240162185,36.331815353109
MA010120220805749190,KCC페인트고려상사,,G2,소매,G210,철물·건설자재 소매,G21003,건설/건축자재 소매업,G47519,"페인트, 창호 및 기타 건설자재 소매업",44,충청남도,44710,금산군,44710250,금산읍,4471025022,금산읍,4471025022102230029,1,대지,223,29,충청남도 금산군 금산읍 중도리 223-29,447103257022,충청남도 금산군 금산읍 비호로,97,,4471025022102230029020105,,충청남도 금산군 금산읍 비호로 97,312806,32734,,,,127.493276050993,36.106287672672
MA010120220805805037,대한페인트테크,,G2,소매,G210,철물·건설자재 소매,G21003,건설/건축자재 소매업,G47519,"페인트, 창호 및 기타 건설자재 소매업",44,충청남도,44131,천안시 동남구,44131550,봉명동,4413111300,봉명동,4413111300100180007,1,대지,18,7,충청남도 천안시 동남구 봉명동 18-7,441313249041,충청남도 천안시 동남구 차돌로,109,,4413111300100180007023815,,충청남도 천안시 동남구 차돌로 109,330930,31153,,,,127.142188013095,36.8028363962578
MA010120220805802625,대연산업,,G2,소매,G210,철물·건설자재 소매,G21003,건설/건축자재 소매업,G47519,"페인트, 창호 및 기타 건설자재 소매업",46,전라남도,46110,목포시,46110757,하당동,4611015800,상동,4611015800109240018,1,대지,924,18,전라남도 목포시 상동 924-18,461103281089,전라남도 목포시 하당로,117,,4611015800109240003000610,,전라남도 목포시 하당로 117,530826,58667,,,,126.414380576074,34.801861929421
MA010120220805805434,마전미공사,,G2,소매,G210,철물·건설자재 소매,G21003,건설/건축자재 소매업,G47519,"페인트, 창호 및 기타 건설자재 소매업",44,충청남도,44710,금산군,44710390,추부면,4471039023,추부면,4471039023104200036,1,대지,420,36,충청남도 금산군 추부면 마전리 420-36,447103257054,충청남도 금산군 추부면 하마전로,34,,4471039023104200036042845,,충청남도 금산군 추부면 하마전로 34,312941,32714,,,,127.470079240389,36.1905982643909
MA010120220805831181,기린종합페인트,,G2,소매,G210,철물·건설자재 소매,G21003,건설/건축자재 소매업,G47519,"페인트, 창호 및 기타 건설자재 소매업",51,강원특별자치도,51810,인제군,51810330,기린면,5181033021,기린면,5181033021104280010,1,대지,428,10,강원특별자치도 인제군 기린면 현리 428-10,518103233003,강원특별자치도 인제군 기린면 기린로,67,,4281033021004280010003315,,강원특별자치도 인제군 기린면 기린로 67,252845,24660,,,,128.318370211483,37.9581426944269
MA010120220805801263,금산타일상회,,G2,소매,G210,철물·건설자재 소매,G21003,건설/건축자재 소매업,G47519,"페인트, 창호 및 기타 건설자재 소매업",44,충청남도,44710,금산군,44710250,금산읍,4471025024,금산읍,4471025024100390017,1,대지,39,17,충청남도 금산군 금산읍 상리 39-17,447103000088,충청남도 금산군 금산읍 금산로,1504,,4471025024100390017018328,,충청남도 금산군 금산읍 금산로 1504,312802,32734,,,,127.490264664107,36.1077960371378
MA010120220805872789,이칠사,,G2,소매,G210,철물·건설자재 소매,G21003,건설/건축자재 소매업,G47519,"페인트, 창호 및 기타 건설자재 소매업",44,충청남도,44150,공주시,44150250,유구읍,4415025023,유구읍,4415025023102730007,1,대지,273,7,충청남도 공주시 유구읍 석남리 273-7,441504554108,충청남도 공주시 유구읍 중앙1길,76,,4415025023102730007002844,,충청남도 공주시 유구읍 중앙1길 76,314896,32506,,,,126.951101164482,36.5514596484837
MA010120220805874556,청일페인트,,G2,소매,G210,철물·건설자재 소매,G21003,건설/건축자재 소매업,G47519,"페인트, 창호 및 기타 건설자재 소매업",44,충청남도,44790,청양군,44790250,청양읍,4479025021,청양읍,4479025021102040003,1,대지,204,3,충청남도 청양군 청양읍 읍내리 204-3,447904583276,충청남도 청양군 청양읍 중앙로열길,12,,4479025021102040003010202,,충청남도 청양군 청양읍 중앙로열길 12,345804,33326,,,,126.804599601908,36.4517588160994
MA010120220805874706,형제페인트사,,G2,소매,G210,철물·건설자재 소매,G21003,건설/건축자재 소매업,G47519,"페인트, 창호 및 기타 건설자재 소매업",44,충청남도,44790,청양군,44790250,청양읍,4479025029,청양읍,4479025029102220002,1,대지,222,2,충청남도 청양군 청양읍 송방리 222-2,447903259240,충청남도 청양군 청양읍 충절로,1140,,4479025029102220002000001,,충청남도 청양군 청양읍 충절로 1140,345801,33338,,,,126.793734181043,36.447757389804
MA010120220805868568,나산상사,,G2,소매,G210,철물·건설자재 소매,G21003,건설/건축자재 소매업,G47519,"페인트, 창호 및 기타 건설자재 소매업",36,세종특별자치시,36110,세종특별자치시,36110250,조치원읍,3611025027,조치원읍,3611025027100550001,1,대지,55,1,세종특별자치시 세종특별자치시 조치원읍 남리 55-1,361103258013,세종특별자치시 세종특별자치시 조치원읍 새내로,56,,4473025027100560001039315,,세종특별자치시 세종특별자치시 조치원읍 새내로 56,339802,30027,,,,127.299085296935,36.5968726809822
MA010120220805876998,영미사,,G2,소매,G210,철물·건설자재 소매,G21003,건설/건축자재 소매업,G47519,"페인트, 창호 및 기타 건설자재 소매업",36,세종특별자치시,36110,세종특별자치시,36110250,조치원읍,3611025026,조치원읍,3611025026100230005,1,대지,23,5,세종특별자치시 세종특별자치시 조치원읍 명리 23-5,361104574272,세종특별자치시 세종특별자치시 조치원읍 새내8길,103,,4473025026100230005038843,,세종특별자치시 세종특별자치시 조치원읍 새내8길 103,339803,30026,,,,127.304048641672,36.6000591684151
MA010120220805867482,신관타일,,G2,소매,G210,철물·건설자재 소매,G21003,건설/건축자재 소매업,G47519,"페인트, 창호 및 기타 건설자재 소매업",44,충청남도,44150,공주시,44150570,신관동,4415012000,신관동,4415012000106500010,1,대지,650,10,충청남도 공주시 신관동 650-10,441504553089,충청남도 공주시 관골1길,38,7,4415012000106500010759527,,충청남도 공주시 관골1길 38-7,314802,32575,,,,127.133828300924,36.4729309469272
MA010120220805875565,국제타일,,G2,소매,G210,철물·건설자재 소매,G21003,건설/건축자재 소매업,G47519,"페인트, 창호 및 기타 건설자재 소매업",36,세종특별자치시,36110,세종특별자치시,36110250,조치원읍,3611025025,조치원읍,3611025025100660001,1,대지,66,1,세종특별자치시 세종특별자치시 조치원읍 정리 66-1,361104574272,세종특별자치시 세종특별자치시 조치원읍 새내8길,18,,4473025025100660001034701,,세종특별자치시 세종특별자치시 조치원읍 새내8길 18,339882,30027,,,,127.299429792645,36.5992598365945
MA010120220807237653,삼성아트타일,,G2,소매,G210,철물·건설자재 소매,G21003,건설/건축자재 소매업,G47519,"페인트, 창호 및 기타 건설자재 소매업",52,전북특별자치도,52111,전주시 완산구,52111680,서신동,5211112900,서신동,5211112900108000012,1,대지,800,12,전북특별자치도 전주시 완산구 서신동 800-12,521114598182,전북특별자치도 전주시 완산구 서신천변13길,10,2,4511112900108000012028547,,전북특별자치도 전주시 완산구 서신천변13길 10-2,560821,54951,,,,127.113097107408,35.8307408987174
MA010120220807237892,한성타일,,G2,소매,G210,철물·건설자재 소매,G21003,건설/건축자재 소매업,G47519,"페인트, 창호 및 기타 건설자재 소매업",52,전북특별자치도,52111,전주시 완산구,52111701,삼천1동,5211113700,삼천동1가,5211113700105840001,1,대지,584,1,전북특별자치도 전주시 완산구 삼천동1가 584-1,521113266008,전북특별자치도 전주시 완산구 거마평로,94,,4511113700105840001026174,,전북특별자치도 전주시 완산구 거마평로 94,560806,55084,,,,127.117103772481,35.8007971747812
MA010120220807274255,쌍용페인트,,G2,소매,G210,철물·건설자재 소매,G21003,건설/건축자재 소매업,G47519,"페인트, 창호 및 기타 건설자재 소매업",52,전북특별자치도,52111,전주시 완산구,52111711,효자1동,5211114000,효자동1가,5211114000101450006,1,대지,145,6,전북특별자치도 전주시 완산구 효자동1가 145-6,521113266053,전북특별자치도 전주시 완산구 용머리로,178,,4511114000101450006013109,,전북특별자치도 전주시 완산구 용머리로 178,560852,55094,,,,127.129725310932,35.8066514383915
MA010120220807291262,명현에스유,,G2,소매,G210,철물·건설자재 소매,G21003,건설/건축자재 소매업,G47519,"페인트, 창호 및 기타 건설자재 소매업",52,전북특별자치도,52113,전주시 덕진구,52113611,우아1동,5211311500,우아동3가,5211311500107510069,1,대지,751,69,전북특별자치도 전주시 덕진구 우아동3가 751-69,521133267014,전북특별자치도 전주시 덕진구 도당산로,31,,4511311500107510069019804,,전북특별자치도 전주시 덕진구 도당산로 31,561825,54911,,,,127.156797274901,35.8452200971841
MA010120220807261106,원타이루,,G2,소매,G210,철물·건설자재 소매,G21003,건설/건축자재 소매업,G47519,"페인트, 창호 및 기타 건설자재 소매업",52,전북특별자치도,52111,전주시 완산구,52111660,서서학동,5211112600,서서학동,5211112600101250003,1,대지,125,3,전북특별자치도 전주시 완산구 서서학동 125-3,521113266077,전북특별자치도 전주시 완산구 팔달로,29,,4511112600101250003012348,,전북특별자치도 전주시 완산구 팔달로 29,560815,55099,,,,127.14930609283,35.805330898154
MA010120220807307449,칠칠페인트사,,G2,소매,G210,철물·건설자재 소매,G21003,건설/건축자재 소매업,G47519,"페인트, 창호 및 기타 건설자재 소매업",52,전북특별자치도,52140,익산시,52140560,인화동,5214011000,인화동2가,5214011000100650005,1,대지,65,5,전북특별자치도 익산시 인화동2가 65-5,521404608116,전북특별자치도 익산시 인북로8길,40,,4514011000100650005084340,,전북특별자치도 익산시 인북로8길 40,570985,54604,,,,126.954256477942,35.9308964353784
MA010120220807321802,한국상사,,G2,소매,G210,철물·건설자재 소매,G21003,건설/건축자재 소매업,G47519,"페인트, 창호 및 기타 건설자재 소매업",52,전북특별자치도,52210,김제시,52210580,교월동,5221011000,옥산동,5221011000102180008,1,대지,218,8,전북특별자치도 김제시 옥산동 218-8,522104616418,전북특별자치도 김제시 산정1길,26,13,4521011000102180008048678,,전북특별자치도 김제시 산정1길 26-13,576050,54414,,,,126.881105675467,35.7922424243218
MA010120220807298710,한보철재,,G2,소매,G210,철물·건설자재 소매,G21003,건설/건축자재 소매업,G47519,"페인트, 창호 및 기타 건설자재 소매업",52,전북특별자치도,52140,익산시,52140250,함열읍,5214025021,함열읍,5214025021103070010,1,대지,307,10,전북특별자치도 익산시 함열읍 와리 307-10,521404607920,전북특별자치도 익산시 함열읍 와리3길,65,,4514025021103070010043278,,전북특별자치도 익산시 함열읍 와리3길 65,570803,54511,,,,126.964194898899,36.081378651888
MA010120220807314288,선화로상사,,G2,소매,G210,철물·건설자재 소매,G21003,건설/건축자재 소매업,G47519,"페인트, 창호 및 기타 건설자재 소매업",52,전북특별자치도,52140,익산시,52140580,마동,5214011200,마동,5214011200101730021,1,대지,173,21,전북특별자치도 익산시 마동 173-21,521403269023,전북특별자치도 익산시 선화로,308,,4514011200101730021078016,,전북특별자치도 익산시 선화로 308,570962,54626,,,,126.963946113056,35.9451754263367
MA010120220807353816,부안페인트조광,대리점,G2,소매,G210,철물·건설자재 소매,G21003,건설/건축자재 소매업,G47519,"페인트, 창호 및 기타 건설자재 소매업",52,전북특별자치도,52800,부안군,52800250,부안읍,5280025022,부안읍,5280025022105660003,1,대지,566,3,전북특별자치도 부안군 부안읍 서외리 566-3,528003280025,전북특별자치도 부안군 부안읍 매창로,94,,4580025022105660003000001,,전북특별자치도 부안군 부안읍 매창로 94,579803,56318,,1,,126.72901059265,35.718407362351
MA010120220807365839,해리종합페인트,,G2,소매,G210,철물·건설자재 소매,G21003,건설/건축자재 소매업,G47519,"페인트, 창호 및 기타 건설자재 소매업",52,전북특별자치도,52790,고창군,52790360,해리면,5279036021,해리면,5279036021102270003,1,대지,227,3,전북특별자치도 고창군 해리면 하련리 227-3,527903279064,전북특별자치도 고창군 해리면 해리중앙로,101,,4579036021102270003014553,,전북특별자치도 고창군 해리면 해리중앙로 101,585894,56402,,,,126.539524489003,35.4609920406692
MA010120220807356024,동서페인트,,G2,소매,G210,철물·건설자재 소매,G21003,건설/건축자재 소매업,G47519,"페인트, 창호 및 기타 건설자재 소매업",52,전북특별자치도,52180,정읍시,52180520,장명동,5218010200,장명동,5218010200101400013,1,대지,140,13,전북특별자치도 정읍시 장명동 140-13,521803270004,전북특별자치도 정읍시 관통로,6,,4518010200101400013081432,,전북특별자치도 정읍시 관통로 6,580030,56165,,,,126.861618363951,35.5660450706218
MA010120220807351551,노루표페인트사,,G2,소매,G210,철물·건설자재 소매,G21003,건설/건축자재 소매업,G47519,"페인트, 창호 및 기타 건설자재 소매업",52,전북특별자치도,52180,정읍시,52180570,연지동,5218010500,연지동,5218010500100250001,1,대지,25,1,전북특별자치도 정읍시 연지동 25-1,521803270044,전북특별자치도 정읍시 충정로,345,1,4518010500100250001082848,,전북특별자치도 정읍시 충정로 345-1,580805,56159,,,,126.847226462755,35.5759239353341
MA010120220807362491,두성타일,,G2,소매,G210,철물·건설자재 소매,G21003,건설/건축자재 소매업,G47519,"페인트, 창호 및 기타 건설자재 소매업",52,전북특별자치도,52180,정읍시,52180545,시기동,5218010400,시기동,5218010400103820002,1,대지,382,2,전북특별자치도 정읍시 시기동 382-2,521804611016,전북특별자치도 정읍시 태평4길,45,,4518010400103820002082049,,전북특별자치도 정읍시 태평4길 45,580060,56164,,,,126.856328556111,35.5632538712641
MA010120220807336029,영서타일,,G2,소매,G210,철물·건설자재 소매,G21003,건설/건축자재 소매업,G47519,"페인트, 창호 및 기타 건설자재 소매업",41,경기도,41250,동두천시,41250600,상패동,4125011200,상패동,4125011200104850000,1,대지,485,,경기도 동두천시 상패동 485,412504367066,경기도 동두천시 삼육사로729번길,74,21,4125011200104850000001703,,경기도 동두천시 삼육사로729번길 74-21,483120,11335,,,,127.033910453139,37.9118565200874
MA010120220808704455,호성유리샷시,,G2,소매,G210,철물·건설자재 소매,G21003,건설/건축자재 소매업,G47519,"페인트, 창호 및 기타 건설자재 소매업",26,부산광역시,26290,남구,26290530,대연3동,2629010600,대연동,2629010600105440007,1,대지,544,7,부산광역시 남구 대연동 544-7,262904193149,부산광역시 남구 수영로266번길,87,,2629010600105440007001436,,부산광역시 남구 수영로266번길 87,608810,48500,,,,129.099415019866,35.1333047846167
MA010120220808708585,세방종합공사,,G2,소매,G210,철물·건설자재 소매,G21003,건설/건축자재 소매업,G47519,"페인트, 창호 및 기타 건설자재 소매업",28,인천광역시,28177,미추홀구,28177530,숭의4동,2817710100,숭의동,2817710100102010036,1,대지,201,36,인천광역시 미추홀구 숭의동 201-36,281773151016,인천광역시 미추홀구 장천로,72,,2817010100102010036047438,,인천광역시 미추홀구 장천로 72,402014,22168,,1,,126.652361360197,37.4613208114943
MA010120220808701046,타일갤러리,,G2,소매,G210,철물·건설자재 소매,G21003,건설/건축자재 소매업,G47519,"페인트, 창호 및 기타 건설자재 소매업",30,대전광역시,30200,유성구,30200600,관평동,3020014600,관평동,3020014600109190000,1,대지,919,,대전광역시 유성구 관평동 919,302003167074,대전광역시 유성구 테크노4로,115,,3020014600109190000000001,,대전광역시 유성구 테크노4로 115,305509,34019,,1,,127.389168852159,36.4244207295377
MA010120220808709424,우성건업,,G2,소매,G210,철물·건설자재 소매,G21003,건설/건축자재 소매업,G47519,"페인트, 창호 및 기타 건설자재 소매업",11,서울특별시,11410,서대문구,11410685,홍은2동,1141011800,홍은동,1141011800101900002,1,대지,190,2,서울특별시 서대문구 홍은동 190-2,114104136300,서울특별시 서대문구 연희로41다길,8,,1141011800101900002008947,,서울특별시 서대문구 연희로41다길 8,120845,03649,,1,,126.934473085225,37.5936845900637
MA010120220808769683,대승산업,,G2,소매,G210,철물·건설자재 소매,G21003,건설/건축자재 소매업,G47519,"페인트, 창호 및 기타 건설자재 소매업",27,대구광역시,27710,달성군,27710256,다사읍,2771025627,다사읍,2771025627108270005,1,대지,827,5,대구광역시 달성군 다사읍 죽곡리 827-5,277104244632,대구광역시 달성군 다사읍 대실역남로2길,8,10,2771025627108270005000001,리치빌,대구광역시 달성군 다사읍 대실역남로2길 8-10,711815,42920,,1,,128.467800343109,35.8506321717105
MA010120220808756910,아띠세라믹,,G2,소매,G210,철물·건설자재 소매,G21003,건설/건축자재 소매업,G47519,"페인트, 창호 및 기타 건설자재 소매업",26,부산광역시,26500,수영구,26500730,수영동,2650010200,수영동,2650010200104610016,1,대지,461,16,부산광역시 수영구 수영동 461-16,265004214177,부산광역시 수영구 망미번영로52번길,23,4,2650010200104610016015165,,부산광역시 수영구 망미번영로52번길 23-4,613831,48231,,1,,129.110651873648,35.1712553298578
MA010120220808760087,나인엑스,,G2,소매,G210,철물·건설자재 소매,G21003,건설/건축자재 소매업,G47519,"페인트, 창호 및 기타 건설자재 소매업",43,충청북도,43112,청주시 서원구,43112310,남이면,4311231038,남이면,4311231038100080000,1,대지,8,,충청북도 청주시 서원구 남이면 가마리 8,431123236067,충청북도 청주시 서원구 남이면 청남로,1808,,4311231038100080000000001,,충청북도 청주시 서원구 남이면 청남로 1808,362811,28803,,,,127.472644268983,36.5969686075805
MA010120220808744026,우리페인트,,G2,소매,G210,철물·건설자재 소매,G21003,건설/건축자재 소매업,G47519,"페인트, 창호 및 기타 건설자재 소매업",26,부산광역시,26410,금정구,26410520,서2동,2641011000,서동,2641011000102970166,1,대지,297,166,부산광역시 금정구 서동 297-166,264103130027,부산광역시 금정구 서동중심로,21,,2641011000102970166008598,,부산광역시 금정구 서동중심로 21,609832,46327,,,,129.104333225676,35.2117908604264
MA010120220808777104,성주우드,,G2,소매,G210,철물·건설자재 소매,G21003,건설/건축자재 소매업,G47519,"페인트, 창호 및 기타 건설자재 소매업",41,경기도,41610,광주시,41610259,곤지암읍,4161025936,곤지암읍,4161025936106120003,1,대지,612,3,경기도 광주시 곤지암읍 삼리 612-3,416104433497,경기도 광주시 곤지암읍 평촌길11번길,22,,4161025636106120003022644,,경기도 광주시 곤지암읍 평촌길11번길 22,464937,12800,,,,127.330412213815,37.3557531203537
MA010120220808809278,성호방음테크,,G2,소매,G210,철물·건설자재 소매,G21003,건설/건축자재 소매업,G47519,"페인트, 창호 및 기타 건설자재 소매업",41,경기도,41570,김포시,41570250,통진읍,4157025025,통진읍,4157025025108650049,1,대지,865,49,경기도 김포시 통진읍 가현리 865-49,415704427013,경기도 김포시 통진읍 가현로4번길,65,13,4157025025108650049007038,,경기도 김포시 통진읍 가현로4번길 65-13,415861,10038,,,,126.584049198426,37.6662826125094
MA010120220808823835,알천타일,,G2,소매,G210,철물·건설자재 소매,G21003,건설/건축자재 소매업,G47519,"페인트, 창호 및 기타 건설자재 소매업",47,경상북도,47130,경주시,47130550,성건동,4713010800,성건동,4713010800103740008,1,대지,374,8,경상북도 경주시 성건동 374-8,471304716295,경상북도 경주시 화랑로22번길,16,,4713010800103740008039247,,경상북도 경주시 화랑로22번길 16,780943,38156,,,,129.202821079083,35.8433761087257
MA010120220808849218,방촌페인트,,G2,소매,G210,철물·건설자재 소매,G21003,건설/건축자재 소매업,G47519,"페인트, 창호 및 기타 건설자재 소매업",27,대구광역시,27140,동구,27140670,방촌동,2714011100,방촌동,2714011100110870036,1,대지,1087,36,대구광역시 동구 방촌동 1087-36,271404226096,대구광역시 동구 동촌로48길,8,,2714011100110870036026571,,대구광역시 동구 동촌로48길 8,701804,41162,,,,128.665459101629,35.8809459523184
MA010120220810195562,고려페인트,,G2,소매,G210,철물·건설자재 소매,G21003,건설/건축자재 소매업,G47519,"페인트, 창호 및 기타 건설자재 소매업",46,전라남도,46810,강진군,46810250,강진읍,4681025022,강진읍,4681025022100100010,1,대지,10,10,전라남도 강진군 강진읍 남성리 10-10,468103293021,전라남도 강진군 강진읍 보은로,134,,4681025022100100010601490,,전라남도 강진군 강진읍 보은로 134,527802,59240,,,,126.773298673973,34.6375856498925
MA010120220810206310,한성,,G2,소매,G210,철물·건설자재 소매,G21003,건설/건축자재 소매업,N75999,그 외 기타 분류 안된 사업 지원 서비스업,11,서울특별시,11350,노원구,11350640,상계2동,1135010500,상계동,1135010500103870190,1,대지,387,190,서울특별시 노원구 상계동 387-190,113504130275,서울특별시 노원구 상계로18길,40,,1135010500103870190007541,,서울특별시 노원구 상계로18길 40,139816,01697,,1,,127.070115300446,37.6566699407951
MA010120220810222273,삼덕타일,,G2,소매,G210,철물·건설자재 소매,G21003,건설/건축자재 소매업,G47519,"페인트, 창호 및 기타 건설자재 소매업",11,서울특별시,11740,강동구,11740700,둔촌2동,1174010600,둔촌동,1174010600104540002,1,대지,454,2,서울특별시 강동구 둔촌동 454-2,117403124008,서울특별시 강동구 진황도로,164,,1174010600104540002000559,,서울특별시 강동구 진황도로 164,134822,05364,,1,,127.141862624749,37.5314848530315
MA010120220810230352,조광페인트,,G2,소매,G210,철물·건설자재 소매,G21003,건설/건축자재 소매업,G47519,"페인트, 창호 및 기타 건설자재 소매업",46,전라남도,46110,목포시,46110595,목원동,4611011000,창평동,4611011000100070001,1,대지,7,1,전라남도 목포시 창평동 7-1,461104643808,전라남도 목포시 호남로52번길,11,,4611011000100070001043099,,전라남도 목포시 호남로52번길 11,530290,58723,,,,126.384160987424,34.7936002028869
MA010120220810216498,대호케미칼상사,,G2,소매,G210,철물·건설자재 소매,G21003,건설/건축자재 소매업,G47519,"페인트, 창호 및 기타 건설자재 소매업",47,경상북도,47210,영주시,47210510,상망동,4721010200,상망동,4721010200106450004,1,대지,645,4,경상북도 영주시 상망동 645-4,472104727491,경상북도 영주시 원당로275번길,31,,4721010200106450006002033,장미,경상북도 영주시 원당로275번길 31,750904,36064,,,,128.638044879037,36.8340596938995
MA010120220810208630,아트타일,,G2,소매,G210,철물·건설자재 소매,G21003,건설/건축자재 소매업,G47519,"페인트, 창호 및 기타 건설자재 소매업",46,전라남도,46110,목포시,46110645,삼학동,4611010200,산정동,4611010200113750004,1,대지,1375,4,전라남도 목포시 산정동 1375-4,461103281037,전라남도 목포시 삼학로,161,,4611010200113750004004557,,전라남도 목포시 삼학로 161,530480,58744,,1,,126.401708156018,34.7877114595484
MA010120220810269945,공명페인트,,G2,소매,G210,철물·건설자재 소매,G21003,건설/건축자재 소매업,G47519,"페인트, 창호 및 기타 건설자재 소매업",41,경기도,41550,안성시,41550510,안성1동,4155013200,발화동,4155013200101510000,1,대지,151,,경기도 안성시 발화동 151,415504424269,경기도 안성시 발화대2길,27,9,4155013200101510000019769,,경기도 안성시 발화대2길 27-9,456140,17596,,,,127.282827525144,36.9847685875826
MA010120220810240626,누리가이,,G2,소매,G210,철물·건설자재 소매,G21003,건설/건축자재 소매업,G47519,"페인트, 창호 및 기타 건설자재 소매업",11,서울특별시,11440,마포구,11440590,용강동,1144010800,대흥동,1144010800103280012,1,대지,328,12,서울특별시 마포구 대흥동 328-12,114404139089,서울특별시 마포구 독막로38길,4,,1144010800103280012005359,,서울특별시 마포구 독막로38길 4,121810,04150,,1,,126.941541927008,37.5461247602752
MA010120220810255896,만석철물건재,,G2,소매,G210,철물·건설자재 소매,G21003,건설/건축자재 소매업,G47519,"페인트, 창호 및 기타 건설자재 소매업",41,경기도,41630,양주시,41630250,백석읍,4163025022,백석읍,4163025022100160023,1,대지,16,23,경기도 양주시 백석읍 오산리 16-23,416303212036,경기도 양주시 백석읍 중앙로,186,,4163025022100160003000001,,경기도 양주시 백석읍 중앙로 186,482835,11509,,,,126.990996652087,37.7933588286602
MA010120220810315118,준승케미칼,,G2,소매,G210,철물·건설자재 소매,G21003,건설/건축자재 소매업,G47519,"페인트, 창호 및 기타 건설자재 소매업",28,인천광역시,28185,연수구,28185820,송도1동,2818510600,송도동,2818510600100090017,1,대지,9,17,인천광역시 연수구 송도동 9-17,281854256188,인천광역시 연수구 인천타워대로54번길,15,3,2818510600100090016000001,리슈프라자,인천광역시 연수구 인천타워대로54번길 15-3,406081,22000,,,,126.646146463412,37.3793101125109
MA010120220810286674,금성봉산업,,G2,소매,G210,철물·건설자재 소매,G21003,건설/건축자재 소매업,G47519,"페인트, 창호 및 기타 건설자재 소매업",50,제주특별자치도,50110,제주시,50110660,노형동,5011012200,노형동,5011012200137940004,1,대지,3794,4,제주특별자치도 제주시 노형동 3794-4,501103349122,제주특별자치도 제주시 신형로,4,,5011012200137940004000001,동연타워,제주특별자치도 제주시 신형로 4,690805,63088,,,,126.47580930726,33.482856560473
MA010120220810305315,칠성건재,,G2,소매,G210,철물·건설자재 소매,G21003,건설/건축자재 소매업,G47519,"페인트, 창호 및 기타 건설자재 소매업",52,전북특별자치도,52111,전주시 완산구,52111530,풍남동,5211111100,전동,5211111100102550002,1,대지,255,2,전북특별자치도 전주시 완산구 전동 255-2,521114598412,전북특별자치도 전주시 완산구 향교길,4,,4511111100102550002345324,,전북특별자치도 전주시 완산구 향교길 4,560040,55044,,,,127.149771603014,35.8116661882299
MA010120220810307650,베일리,,G2,소매,G210,철물·건설자재 소매,G21003,건설/건축자재 소매업,G47519,"페인트, 창호 및 기타 건설자재 소매업",11,서울특별시,11305,강북구,11305615,수유1동,1130510300,수유동,1130510300104720193,1,대지,472,193,서울특별시 강북구 수유동 472-193,113053005041,서울특별시 강북구 삼양로,328,,1130510300104720193013450,건우빌딩,서울특별시 강북구 삼양로 328,142886,01111,,3,,127.017843236732,37.6326872157569
MA010120220810277121,로아,,G2,소매,G210,철물·건설자재 소매,G21003,건설/건축자재 소매업,G47519,"페인트, 창호 및 기타 건설자재 소매업",48,경상남도,48123,창원시 성산구,48123520,중앙동,4812312500,중앙동,4812312500101000002,1,대지,100,2,경상남도 창원시 성산구 중앙동 100-2,481232327003,경상남도 창원시 성산구 중앙대로,55,,4812312500101000002003364,현대오피스텔,경상남도 창원시 성산구 중앙대로 55,642948,51522,,,,128.676378938073,35.2206381174782
MA010120220810347177,페인트파크,,G2,소매,G210,철물·건설자재 소매,G21003,건설/건축자재 소매업,G47519,"페인트, 창호 및 기타 건설자재 소매업",41,경기도,41192,부천시 원미구,41192540,원미1동,4119210100,원미동,4119210100100010028,1,대지,1,28,경기도 부천시 원미구 원미동 1-28,411923185012,경기도 부천시 원미구 원미로,186,1,4119510100100010028012389,,경기도 부천시 원미구 원미로 186-1,420837,14561,,1,,126.79295823268,37.4990606105754
MA010120220810332868,던에드워드경기광주점,,G2,소매,G210,철물·건설자재 소매,G21003,건설/건축자재 소매업,G47519,"페인트, 창호 및 기타 건설자재 소매업",41,경기도,41610,광주시,41610253,초월읍,4161025329,초월읍,4161025329107240002,1,대지,724,2,경기도 광주시 초월읍 지월리 724-2,416103211028,경기도 광주시 초월읍 현산로,373,,4161025329107240002248528,,경기도 광주시 초월읍 현산로 373,464863,12728,,,,127.284188121202,37.4178273710622
MA010120220810352698,에브리컴퍼니,,G2,소매,G210,철물·건설자재 소매,G21003,건설/건축자재 소매업,G47519,"페인트, 창호 및 기타 건설자재 소매업",29,광주광역시,29170,북구,29170697,신용동,2917013000,신용동,2917013000105420000,1,대지,542,,광주광역시 북구 신용동 542,291704286610,광주광역시 북구 임방울대로1042번길,14,38,2917013000105420000000001,,광주광역시 북구 임방울대로1042번길 14-38,500832,61073,,1,,126.868152336031,35.2120661525997
MA010120220811738883,태광케미칼산업,,G2,소매,G210,철물·건설자재 소매,G21003,건설/건축자재 소매업,G47519,"페인트, 창호 및 기타 건설자재 소매업",41,경기도,41480,파주시,41480540,교하동,4148012000,신촌동,4148012000102240003,1,대지,224,3,경기도 파주시 신촌동 224-3,414804418450,경기도 파주시 소라지로177번길,65,,4148012000102240003000001,,경기도 파주시 소라지로177번길 65,413070,10863,,,,126.694850295193,37.7384287633219
MA010120220811741948,연세라믹,,G2,소매,G210,철물·건설자재 소매,G21003,건설/건축자재 소매업,G47519,"페인트, 창호 및 기타 건설자재 소매업",41,경기도,41390,시흥시,41390630,연성동,4139011900,하중동,4139011900108520002,1,대지,852,2,경기도 시흥시 하중동 852-2,413903199055,경기도 시흥시 하중로,181,,4139011900108520002009814,현성빌딩,경기도 시흥시 하중로 181,429251,14976,,,,126.803656467935,37.3952371496113
MA010120220811759778,보령상사,,G2,소매,G210,철물·건설자재 소매,G21003,건설/건축자재 소매업,G47519,"페인트, 창호 및 기타 건설자재 소매업",28,인천광역시,28110,중구,28110620,영종동,2811014800,운북동,2811014800101080009,1,대지,108,9,인천광역시 중구 운북동 108-9,281104247104,인천광역시 중구 백운로228번길,74,,2811014800101080009000001,,인천광역시 중구 백운로228번길 74,400821,22357,,,,126.527066580486,37.5098101180482
MA010120220811814562,서진도료,,G2,소매,G210,철물·건설자재 소매,G21003,건설/건축자재 소매업,G47519,"페인트, 창호 및 기타 건설자재 소매업",47,경상북도,47840,성주군,47840310,선남면,4784031038,선남면,4784031038107640001,1,대지,764,1,경상북도 성주군 선남면 도성리 764-1,478404763080,경상북도 성주군 선남면 도성3길,26,,4784031038107640001021048,,경상북도 성주군 선남면 도성3길 26,719832,40047,,,,128.370216711245,35.8815505102857
MA010120220811902212,하나도료,,G2,소매,G210,철물·건설자재 소매,G21003,건설/건축자재 소매업,G47519,"페인트, 창호 및 기타 건설자재 소매업",27,대구광역시,27170,서구,27170620,평리1동,2717010300,평리동,2717010300106590033,1,대지,659,33,대구광역시 서구 평리동 659-33,271704229326,대구광역시 서구 통학로40길,27,,2717010300106590033011398,,대구광역시 서구 통학로40길 27,703838,41778,,1,,128.565655732491,35.8785398514279
MA010120220811868744,더하다,,G2,소매,G210,철물·건설자재 소매,G21003,건설/건축자재 소매업,G47519,"페인트, 창호 및 기타 건설자재 소매업",41,경기도,41194,부천시 소사구,41194560,옥길동,4119410600,옥길동,4119410600107940001,1,대지,794,1,경기도 부천시 소사구 옥길동 794-1,411943185018,경기도 부천시 소사구 부광로,220,,4119011500107940001000001,우성테크노파크Ⅰ,경기도 부천시 소사구 부광로 220,422080,14786,,,,126.825272837869,37.4676316212653
MA010120220811899776,부창상사,,G2,소매,G210,철물·건설자재 소매,G21003,건설/건축자재 소매업,G47519,"페인트, 창호 및 기타 건설자재 소매업",43,충청북도,43130,충주시,43130540,교현2동,4313010500,교현동,4313010500106480005,1,대지,648,5,충청북도 충주시 교현동 648-5,431302238002,충청북도 충주시 국원대로,61,,4313010500106480005004748,,충청북도 충주시 국원대로 61,380951,27366,,,,127.927041628149,36.9773499987621
MA010120220811885180,에코앤데코,,G2,소매,G210,철물·건설자재 소매,G21003,건설/건축자재 소매업,G47519,"페인트, 창호 및 기타 건설자재 소매업",11,서울특별시,11410,서대문구,11410685,홍은2동,1141011800,홍은동,1141011800102750003,1,대지,275,3,서울특별시 서대문구 홍은동 275-3,114103112019,서울특별시 서대문구 연희로,261,20,1141011800102750003010099,,서울특별시 서대문구 연희로 261-20,120847,03658,,1,,126.934903991457,37.5799627097698
MA010120220800632122,제일건축,,G2,소매,G210,철물·건설자재 소매,G21003,건설/건축자재 소매업,G47519,"페인트, 창호 및 기타 건설자재 소매업",11,서울특별시,11380,은평구,11380551,갈현1동,1138010400,갈현동,1138010400104270028,1,대지,427,28,서울특별시 은평구 갈현동 427-28,113803111001,서울특별시 은평구 갈현로,294,,1138010400103890009033475,,서울특별시 은평구 갈현로 294,122810,03329,,,,126.917047908537,37.6232801379147
MA010120220800618137,동양FA,,G2,소매,G210,철물·건설자재 소매,G21003,건설/건축자재 소매업,G47519,"페인트, 창호 및 기타 건설자재 소매업",46,전라남도,46870,영광군,46870256,홍농읍,4687025621,홍농읍,4687025621104990002,1,대지,499,2,전라남도 영광군 홍농읍 상하리 499-2,468703298041,전라남도 영광군 홍농읍 홍농로,433,4,4687025621104990002005392,,전라남도 영광군 홍농읍 홍농로 433-4,513884,57004,,,,126.444926138637,35.3937622808082
MA010120220800660563,대성타일,,G2,소매,G210,철물·건설자재 소매,G21003,건설/건축자재 소매업,G47519,"페인트, 창호 및 기타 건설자재 소매업",11,서울특별시,11410,서대문구,11410700,남가좌2동,1141012000,남가좌동,1141012000103380001,1,대지,338,1,서울특별시 서대문구 남가좌동 338-1,114103112010,서울특별시 서대문구 증가로,123,,1141012000103380001032570,,서울특별시 서대문구 증가로 123,120806,03692,,,,126.923755572721,37.5772080041887
MA010120220800683403,화평상사,,G2,소매,G210,철물·건설자재 소매,G21003,건설/건축자재 소매업,G47519,"페인트, 창호 및 기타 건설자재 소매업",11,서울특별시,11620,관악구,11620525,보라매동,1162010100,봉천동,1162010100107080001,1,대지,708,1,서울특별시 관악구 봉천동 708-1,116204160303,서울특별시 관악구 당곡6길,12,,1162010100107080001037558,,서울특별시 관악구 당곡6길 12,151821,08710,,1,,126.928365910466,37.4914356258759
MA010120220800670225,삼화페인트명덕상사,,G2,소매,G210,철물·건설자재 소매,G21003,건설/건축자재 소매업,G47519,"페인트, 창호 및 기타 건설자재 소매업",11,서울특별시,11620,관악구,11620745,삼성동,1162010200,신림동,1162010200108080142,1,대지,808,142,서울특별시 관악구 신림동 808-142,116204160797,서울특별시 관악구 원신3길,18,,1162010200108080142011007,건물번호,서울특별시 관악구 원신3길 18,151862,08846,,,,126.932558207721,37.4694444649113
MA010120220800661737,동광공사,,G2,소매,G210,철물·건설자재 소매,G21003,건설/건축자재 소매업,G47519,"페인트, 창호 및 기타 건설자재 소매업",11,서울특별시,11380,은평구,11380631,신사1동,1138010900,신사동,1138010900100230037,1,대지,23,37,서울특별시 은평구 신사동 23-37,113803111007,서울특별시 은평구 은평로,60,3,1138010900100230037014549,,서울특별시 은평구 은평로 60-3,122882,03449,,,,126.914708679048,37.5985553348691
MA010120220800739348,소망페인트,,G2,소매,G210,철물·건설자재 소매,G21003,건설/건축자재 소매업,G47519,"페인트, 창호 및 기타 건설자재 소매업",41,경기도,41210,광명시,41210620,철산4동,4121010200,철산동,4121010200104670018,1,대지,467,18,경기도 광명시 철산동 467-18,412103187001,경기도 광명시 가림로,218,,4121010200104670018006793,제,경기도 광명시 가림로 218,423840,14251,,,,126.862945163179,37.4760967508822
MA010120220800697701,마빌라노타일,,G2,소매,G210,철물·건설자재 소매,G21003,건설/건축자재 소매업,G47519,"페인트, 창호 및 기타 건설자재 소매업",41,경기도,41220,평택시,41220600,원평동,4122011300,평택동,4122011300100910024,1,대지,91,24,경기도 평택시 평택동 91-24,412203188072,경기도 평택시 원평로,69,1,4122011300100910024015325,,경기도 평택시 원평로 69-1,450827,17921,,1,,127.082496933061,36.9915826505632
MA010120220800713181,중앙종합공사,,G2,소매,G210,철물·건설자재 소매,G21003,건설/건축자재 소매업,G47519,"페인트, 창호 및 기타 건설자재 소매업",41,경기도,41196,부천시 오정구,41196520,원종1동,4119610400,원종동,4119610400102320000,1,대지,232,,경기도 부천시 오정구 원종동 232,411964358234,경기도 부천시 오정구 소사로794번길,6,,4119910400102320000025255,,경기도 부천시 오정구 소사로794번길 6,421819,14419,,1,,126.805065620387,37.5268230853948
MA010120220800720975,형제타일상사,,G2,소매,G210,철물·건설자재 소매,G21003,건설/건축자재 소매업,G47519,"페인트, 창호 및 기타 건설자재 소매업",11,서울특별시,11530,구로구,11530770,오류1동,1153010800,오류동,1153010800100110048,1,대지,11,48,서울특별시 구로구 오류동 11-48,115303116003,서울특별시 구로구 고척로,24,,1153010800100110048005141,,서울특별시 구로구 고척로 24,152889,08269,,,,126.839951046876,37.4968450699163
MA010120220800706676,고려페인트금강도장,,G2,소매,G210,철물·건설자재 소매,G21003,건설/건축자재 소매업,G47519,"페인트, 창호 및 기타 건설자재 소매업",41,경기도,41192,부천시 원미구,41192550,원미2동,4119210100,원미동,4119210100101930020,1,대지,193,20,경기도 부천시 원미구 원미동 193-20,411923185012,경기도 부천시 원미구 원미로,69,3,4119510100101930020041735,,경기도 부천시 원미구 원미로 69-3,420840,14572,,,,126.789865495661,37.4888918081189
MA010120220800784668,현대금속,,G2,소매,G210,철물·건설자재 소매,G21003,건설/건축자재 소매업,G47519,"페인트, 창호 및 기타 건설자재 소매업",11,서울특별시,11215,광진구,11215750,중곡2동,1121510100,중곡동,1121510100101190004,1,대지,119,4,서울특별시 광진구 중곡동 119-4,112154112381,서울특별시 광진구 용마산로1길,31,,1121510100101190004023316,,서울특별시 광진구 용마산로1길 31,143890,04931,,1,,127.086667767591,37.5551174063088
MA010120220800759695,제이에스엠산업,,G2,소매,G210,철물·건설자재 소매,G21003,건설/건축자재 소매업,G47519,"페인트, 창호 및 기타 건설자재 소매업",41,경기도,41111,수원시 장안구,41111566,율천동,4111113200,율전동,4111113200102880006,1,대지,288,6,경기도 수원시 장안구 율전동 288-6,411113012005,경기도 수원시 장안구 서부로,2132,,4111113200102880006044867,,경기도 수원시 장안구 서부로 2132,440825,16417,,B1,,126.972175340758,37.2986263190395
MA010120220802330118,유영상사,,G2,소매,G210,철물·건설자재 소매,G21003,건설/건축자재 소매업,G47519,"페인트, 창호 및 기타 건설자재 소매업",41,경기도,41271,안산시 상록구,41271525,사동,4127110300,사동,4127110300112850007,1,대지,1285,7,경기도 안산시 상록구 사동 1285-7,412713190081,경기도 안산시 상록구 후곡로,37,2,4127110300112850007010704,,경기도 안산시 상록구 후곡로 37-2,426823,15589,,,,126.847842071308,37.2968648659291
MA010120220802353490,도시광물자원,,G2,소매,G210,철물·건설자재 소매,G21003,건설/건축자재 소매업,G47519,"페인트, 창호 및 기타 건설자재 소매업",41,경기도,41271,안산시 상록구,41271525,사동,4127110300,사동,4127110300115300000,1,대지,1530,,경기도 안산시 상록구 사동 1530,412713190031,경기도 안산시 상록구 삼리로,45,,4127110300115300003020510,의류상설매장,경기도 안산시 상록구 삼리로 45,426894,15499,,,,126.844667413261,37.3049790732922
MA010120220802402421,신갈타이루,,G2,소매,G210,철물·건설자재 소매,G21003,건설/건축자재 소매업,G47519,"페인트, 창호 및 기타 건설자재 소매업",41,경기도,41463,용인시 기흥구,41463530,상갈동,4146310300,상갈동,4146310300101240004,1,대지,124,4,경기도 용인시 기흥구 상갈동 124-4,414634412139,경기도 용인시 기흥구 상갈로11번길,9,,4146310300101240004020739,,경기도 용인시 기흥구 상갈로11번길 9,446905,17067,,,,127.106269535266,37.2674239573919
MA010120220802397423,광복페인트,,G2,소매,G210,철물·건설자재 소매,G21003,건설/건축자재 소매업,G47519,"페인트, 창호 및 기타 건설자재 소매업",41,경기도,41115,수원시 팔달구,41115710,우만1동,4111514000,우만동,4111514000104950021,1,대지,495,21,경기도 수원시 팔달구 우만동 495-21,411153175031,경기도 수원시 팔달구 세지로,425,7,4111514000104950021018273,,경기도 수원시 팔달구 세지로 425-7,442819,16234,,,,127.030741046594,37.2868129925176
MA010120220802406940,서문타일,,G2,소매,G210,철물·건설자재 소매,G21003,건설/건축자재 소매업,G47519,"페인트, 창호 및 기타 건설자재 소매업",41,경기도,41115,수원시 팔달구,41115680,화서1동,4111513800,화서동,4111513800100690001,1,대지,69,1,경기도 수원시 팔달구 화서동 69-1,411153176014,경기도 수원시 팔달구 팔달로,167,,4111513800100690001008098,,경기도 수원시 팔달구 팔달로 167,442858,16439,,,,127.006247140257,37.2831045388962
MA010120220802418498,한국타일,,G2,소매,G210,철물·건설자재 소매,G21003,건설/건축자재 소매업,G47519,"페인트, 창호 및 기타 건설자재 소매업",41,경기도,41111,수원시 장안구,41111580,영화동,4111113400,영화동,4111113400104220016,1,대지,422,16,경기도 수원시 장안구 영화동 422-16,411113176011,경기도 수원시 장안구 장안로,37,,4111113400104220016045365,,경기도 수원시 장안구 장안로 37,440822,16274,,1,,127.004961964263,37.2882315108864
MA010120220802407977,용인타일,,G2,소매,G210,철물·건설자재 소매,G21003,건설/건축자재 소매업,G47519,"페인트, 창호 및 기타 건설자재 소매업",41,경기도,41461,용인시 처인구,41461530,유림동,4146110600,고림동,4146110600101910001,1,대지,191,1,경기도 용인시 처인구 고림동 191-1,414613203106,경기도 용인시 처인구 임원로,25,,4146110600101910001040140,,경기도 용인시 처인구 임원로 25,449920,17039,,,,127.230528657844,37.2514069119134
MA010120220802451105,보민화학,,G2,소매,G210,철물·건설자재 소매,G21003,건설/건축자재 소매업,G47519,"페인트, 창호 및 기타 건설자재 소매업",41,경기도,41111,수원시 장안구,41111597,조원1동,4111113600,조원동,4111113600107290016,1,대지,729,16,경기도 수원시 장안구 조원동 729-16,411114322341,경기도 수원시 장안구 조원로112번길,2,,4111113600107290016038420,,경기도 수원시 장안구 조원로112번길 2,440847,16282,,,,127.014324716885,37.302386045461
MA010120220802463927,서울S타일,,G2,소매,G210,철물·건설자재 소매,G21003,건설/건축자재 소매업,G47519,"페인트, 창호 및 기타 건설자재 소매업",41,경기도,41370,오산시,41370510,중앙동,4137010100,오산동,4137010100108370002,1,대지,837,2,경기도 오산시 오산동 837-2,413704394118,경기도 오산시 오산로300번길,28,,4137010100108370002003685,,경기도 오산시 오산로300번길 28,447800,18135,,,,127.071505431213,37.1535122674267
MA010120220802432180,우성타일상사,,G2,소매,G210,철물·건설자재 소매,G21003,건설/건축자재 소매업,G47519,"페인트, 창호 및 기타 건설자재 소매업",41,경기도,41461,용인시 처인구,41461510,중앙동,4146110100,김량장동,4146110100101440006,1,대지,144,6,경기도 용인시 처인구 김량장동 144-6,414613203019,경기도 용인시 처인구 금학로,409,,4146110100101440006000001,,경기도 용인시 처인구 금학로 409,449925,17044,,,,127.209007471794,37.2378771403769
MA010120220802501721,금파삼화페인트,,G2,소매,G210,철물·건설자재 소매,G21003,건설/건축자재 소매업,G47519,"페인트, 창호 및 기타 건설자재 소매업",41,경기도,41570,김포시,41570540,사우동,4157010600,사우동,4157010600104070007,1,대지,407,7,경기도 김포시 사우동 407-7,415703209124,경기도 김포시 풍무로,210,,4157010600104070007023136,,경기도 김포시 풍무로 210,415802,10113,,,,126.725430614758,37.6139529677153
MA010120220802508991,동아페인트,,G2,소매,G210,철물·건설자재 소매,G21003,건설/건축자재 소매업,G47519,"페인트, 창호 및 기타 건설자재 소매업",28,인천광역시,28710,강화군,28710250,강화읍,2871025022,강화읍,2871025022108840009,1,대지,884,9,인천광역시 강화군 강화읍 관청리 884-9,287102157001,인천광역시 강화군 강화읍 강화대로,458,,2871025022108840009004449,,인천광역시 강화군 강화읍 강화대로 458,417803,23032,,,,126.480905625149,37.7481138709619
MA010120220802475199,정도상사,,G2,소매,G210,철물·건설자재 소매,G21003,건설/건축자재 소매업,G47519,"페인트, 창호 및 기타 건설자재 소매업",47,경상북도,47113,포항시 북구,47113520,중앙동,4711310800,덕수동,4711310800100350002,1,대지,35,2,경상북도 포항시 북구 덕수동 35-2,471134712105,경상북도 포항시 북구 대신로7번길,1,,4711310800100350002106404,,경상북도 포항시 북구 대신로7번길 1,791080,37727,,1,,129.367725658299,36.0447658377633
MA010120220802477836,신화,,G2,소매,G210,철물·건설자재 소매,G21003,건설/건축자재 소매업,G47519,"페인트, 창호 및 기타 건설자재 소매업",50,제주특별자치도,50110,제주시,50110253,애월읍,5011025342,애월읍,5011025342103420000,1,대지,342,,제주특별자치도 제주시 애월읍 유수암리 342,501103349240,제주특별자치도 제주시 애월읍 평화로,2408,7,5011025342103420000000001,,제주특별자치도 제주시 애월읍 평화로 2408-7,695916,63066,,,,126.413210313868,33.4271460899285
MA010120220802509746,형제페인트유리,,G2,소매,G210,철물·건설자재 소매,G21003,건설/건축자재 소매업,G47519,"페인트, 창호 및 기타 건설자재 소매업",28,인천광역시,28710,강화군,28710400,교동면,2871040021,교동면,2871040021105730000,1,대지,573,,인천광역시 강화군 교동면 대룡리 573,287103157010,인천광역시 강화군 교동면 교동남로,35,,2871040021105730000000001,,인천광역시 강화군 교동면 교동남로 35,417922,23002,,,,126.281053728988,37.7804894053409
MA010120220802521231,삼양상사,,G2,소매,G210,철물·건설자재 소매,G21003,건설/건축자재 소매업,G47519,"페인트, 창호 및 기타 건설자재 소매업",28,인천광역시,28237,부평구,28237581,산곡3동,2823710300,산곡동,2823710300103700053,1,대지,370,53,인천광역시 부평구 산곡동 370-53,282373154062,인천광역시 부평구 화랑로,90,1,2823710300103700053013775,,인천광역시 부평구 화랑로 90-1,403840,21383,,1,,126.704304633964,37.4914657191788
MA010120220802476086,신명,,G2,소매,G210,철물·건설자재 소매,G21003,건설/건축자재 소매업,G47519,"페인트, 창호 및 기타 건설자재 소매업",47,경상북도,47150,김천시,47150440,대덕면,4715044021,대덕면,4715044021101690000,1,대지,169,,경상북도 김천시 대덕면 연화리 169,471504718644,경상북도 김천시 대덕면 연화2길,56,27,4715044021101690000008901,,경상북도 김천시 대덕면 연화2길 56-27,740952,39697,,,,127.943938157471,35.9237605223114
MA010120220802498218,형제페인트유리,,G2,소매,G210,철물·건설자재 소매,G21003,건설/건축자재 소매업,G47519,"페인트, 창호 및 기타 건설자재 소매업",28,인천광역시,28710,강화군,28710330,길상면,2871033021,길상면,2871033021106090025,1,대지,609,25,인천광역시 강화군 길상면 온수리 609-25,287103157044,인천광역시 강화군 길상면 전등사로,74,5,2871033021106090025000001,,인천광역시 강화군 길상면 전등사로 74-5,417841,23050,,,,126.493311138345,37.6342494757558
MA010120220804123790,명일타일,,G2,소매,G210,철물·건설자재 소매,G21003,건설/건축자재 소매업,G47519,"페인트, 창호 및 기타 건설자재 소매업",11,서울특별시,11740,강동구,11740685,길동,1174010500,길동,1174010500103470012,1,대지,347,12,서울특별시 강동구 길동 347-12,117402000006,서울특별시 강동구 양재대로,1522,,1174010500103470012001980,동호빌딩,서울특별시 강동구 양재대로 1522,134811,05303,,,,127.141677915279,37.5414951828583
MA010120220805580100,대영페인트,,G2,소매,G210,철물·건설자재 소매,G21003,건설/건축자재 소매업,G47519,"페인트, 창호 및 기타 건설자재 소매업",43,충청북도,43750,진천군,43750250,진천읍,4375025024,진천읍,4375025024102620021,1,대지,262,21,충청북도 진천군 진천읍 읍내리 262-21,437503245019,충청북도 진천군 진천읍 중앙북로,53,,4375025024102620021002925,,충청북도 진천군 진천읍 중앙북로 53,365807,27831,,,,127.442751734694,36.858677380763
MA010120220805639376,동명페인트,,G2,소매,G210,철물·건설자재 소매,G21003,건설/건축자재 소매업,G47519,"페인트, 창호 및 기타 건설자재 소매업",43,충청북도,43720,보은군,43720250,보은읍,4372025021,보은읍,4372025021101510005,1,대지,151,5,충청북도 보은군 보은읍 삼산리 151-5,437203241011,충청북도 보은군 보은읍 보은로,132,1,4372025021101510005003225,,충청북도 보은군 보은읍 보은로 132-1,376807,28942,,1,,127.717972368973,36.486012453144
MA010120220805608397,동부타일,,G2,소매,G210,철물·건설자재 소매,G21003,건설/건축자재 소매업,G47519,"페인트, 창호 및 기타 건설자재 소매업",43,충청북도,43114,청주시 청원구,43114530,내덕2동,4311410200,내덕동,4311410200101610008,1,대지,161,8,충청북도 청주시 청원구 내덕동 161-8,431142014003,충청북도 청주시 청원구 충청대로,24,2,4311111400101610008037965,,충청북도 청주시 청원구 충청대로 24-2,363804,28500,,,,127.490539815787,36.6592364199105
MA010120220805634609,삼화페인트,,G2,소매,G210,철물·건설자재 소매,G21003,건설/건축자재 소매업,G47519,"페인트, 창호 및 기타 건설자재 소매업",43,충청북도,43730,옥천군,43730250,옥천읍,4373025038,옥천읍,4373025038102220121,1,대지,222,121,충청북도 옥천군 옥천읍 삼양리 222-121,437303242015,충청북도 옥천군 옥천읍 삼금로,59,,4373025038102220121007709,,충청북도 옥천군 옥천읍 삼금로 59,373809,29038,,,,127.569031365746,36.3033663820949
MA010120220805634631,칠칠공사,,G2,소매,G210,철물·건설자재 소매,G21003,건설/건축자재 소매업,G47519,"페인트, 창호 및 기타 건설자재 소매업",43,충청북도,43730,옥천군,43730250,옥천읍,4373025038,옥천읍,4373025038102220204,1,대지,222,204,충청북도 옥천군 옥천읍 삼양리 222-204,437304526181,충청북도 옥천군 옥천읍 삼양로7길,9,19,4373025038102220204008304,,충청북도 옥천군 옥천읍 삼양로7길 9-19,373809,29038,,,,127.568673206449,36.3031067455959
MA010120220805663911,KCC종합페인트,,G2,소매,G210,철물·건설자재 소매,G21003,건설/건축자재 소매업,G47519,"페인트, 창호 및 기타 건설자재 소매업",43,충청북도,43770,음성군,43770340,대소면,4377034031,대소면,4377034031103170000,1,대지,317,,충청북도 음성군 대소면 오류리 317,437703014058,충청북도 음성군 대소면 대금로,305,5,4377034031103170000182797,,충청북도 음성군 대소면 대금로 305-5,369824,27660,,,,127.475341714858,36.9748997893096
MA010120220805671285,SHC,,G2,소매,G210,철물·건설자재 소매,G21003,건설/건축자재 소매업,G47519,"페인트, 창호 및 기타 건설자재 소매업",43,충청북도,43770,음성군,43770350,삼성면,4377035028,삼성면,4377035028104130013,1,대지,413,13,충청북도 음성군 삼성면 선정리 413-13,437703000129,충청북도 음성군 삼성면 금일로,679,78,4377035028104130013000001,,충청북도 음성군 삼성면 금일로 679-78,369832,27653,,,,127.513504860964,37.0085131004922
MA010120220805681741,티제이바스,,G2,소매,G210,철물·건설자재 소매,G21003,건설/건축자재 소매업,G47519,"페인트, 창호 및 기타 건설자재 소매업",11,서울특별시,11740,강동구,11740570,암사1동,1174010700,암사동,1174010700104560025,1,대지,456,25,서울특별시 강동구 암사동 456-25,117404172015,서울특별시 강동구 고덕로20길,23,6,1174010700104560025016084,,서울특별시 강동구 고덕로20길 23-6,134858,05254,,,,127.133993683832,37.5534694085639
MA010120220805686237,공간타일,,G2,소매,G210,철물·건설자재 소매,G21003,건설/건축자재 소매업,G47519,"페인트, 창호 및 기타 건설자재 소매업",43,충청북도,43150,제천시,43150577,신백동,4315011700,흑석동,4315011700104770001,1,대지,477,1,충청북도 제천시 흑석동 477-1,431502014004,충청북도 제천시 의병대로,395,,4315011700104770001041496,,충청북도 제천시 의병대로 395,390893,27130,,,,128.243296097437,37.1331279215195
MA010120220807084495,유노폼글로벌옥천금산,대리점,G2,소매,G210,철물·건설자재 소매,G21003,건설/건축자재 소매업,G47519,"페인트, 창호 및 기타 건설자재 소매업",30,대전광역시,30110,동구,30110640,용전동,3011011500,용전동,3011011500101460020,1,대지,146,20,대전광역시 동구 용전동 146-20,301104292053,대전광역시 동구 계족로489번길,13,,3011011500101460020001941,,대전광역시 동구 계족로489번길 13,300825,34544,,,,127.431940970071,36.3554154665331
MA010120220807076722,아일해양,,G2,소매,G210,철물·건설자재 소매,G21003,건설/건축자재 소매업,G47519,"페인트, 창호 및 기타 건설자재 소매업",29,광주광역시,29200,광산구,29200580,우산동,2920010900,우산동,2920010900115870001,1,대지,1587,1,광주광역시 광산구 우산동 1587-1,292003163062,광주광역시 광산구 풍영철길로,15,,2920010900115870001045107,콜럼버스월드,광주광역시 광산구 풍영철길로 15,506813,62355,,,,126.811660899145,35.1628947098711
MA010120220807185894,노루표페인트,,G2,소매,G210,철물·건설자재 소매,G21003,건설/건축자재 소매업,G47519,"페인트, 창호 및 기타 건설자재 소매업",52,전북특별자치도,52130,군산시,52130550,신풍동,5213010800,신풍동,5213010800109990009,1,대지,999,9,전북특별자치도 군산시 신풍동 999-9,521303268038,전북특별자치도 군산시 백토로,5,,4513010800109990009038335,,전북특별자치도 군산시 백토로 5,573130,54116,,,,126.705958804591,35.9787071571654
MA010120220807182570,이화타일,,G2,소매,G210,철물·건설자재 소매,G21003,건설/건축자재 소매업,G47519,"페인트, 창호 및 기타 건설자재 소매업",52,전북특별자치도,52130,군산시,52130701,나운1동,5213014400,나운동,5213014400106540008,1,대지,654,8,전북특별자치도 군산시 나운동 654-8,521303268023,전북특별자치도 군산시 대학로,239,,4513014400106540008007785,,전북특별자치도 군산시 대학로 239,573867,54133,,1,,126.699080006146,35.9710746781942
MA010120220807184905,금성타이루,,G2,소매,G210,철물·건설자재 소매,G21003,건설/건축자재 소매업,G47519,"페인트, 창호 및 기타 건설자재 소매업",52,전북특별자치도,52130,군산시,52130703,나운3동,5213014400,나운동,5213014400101560004,1,대지,156,4,전북특별자치도 군산시 나운동 156-4,521303268089,전북특별자치도 군산시 의료원로,119,,4513014400101560004033901,,전북특별자치도 군산시 의료원로 119,573871,54145,,,,126.702712543679,35.9573398931631
MA010120220807159250,강호가설,,G2,소매,G210,철물·건설자재 소매,G21003,건설/건축자재 소매업,G47519,"페인트, 창호 및 기타 건설자재 소매업",51,강원특별자치도,51130,원주시,51130370,흥업면,5113037024,흥업면,5113037024200250002,2,산,25,2,강원특별자치도 원주시 흥업면 대안리 산25-2,511303219014,강원특별자치도 원주시 흥업면 대안로,1032,,4213037024200250002000001,,강원특별자치도 원주시 흥업면 대안로 1032,220841,26492,,,,127.898096264332,37.3064125895451
MA010120220807181828,노루표대한페인트,,G2,소매,G210,철물·건설자재 소매,G21003,건설/건축자재 소매업,G47519,"페인트, 창호 및 기타 건설자재 소매업",52,전북특별자치도,52130,군산시,52130640,흥남동,5213013200,동흥남동,5213013200101400001,1,대지,140,1,전북특별자치도 군산시 동흥남동 140-1,521304604266,전북특별자치도 군산시 동팔마길,25,,4513013200101400001031566,,전북특별자치도 군산시 동팔마길 25,573200,54040,,,,126.721722289446,35.976554753553
MA010120220807204632,동신타일상사,,G2,소매,G210,철물·건설자재 소매,G21003,건설/건축자재 소매업,G47519,"페인트, 창호 및 기타 건설자재 소매업",52,전북특별자치도,52130,군산시,52130660,경암동,5213013600,경암동,5213013600106090046,1,대지,609,46,전북특별자치도 군산시 경암동 609-46,521303268010,전북특별자치도 군산시 구암31로,58,,4513013600106090046018473,,전북특별자치도 군산시 구암31로 58,573860,54037,,,,126.72573169061,35.9810070674338
MA010120220807209858,대야타이루,,G2,소매,G210,철물·건설자재 소매,G21003,건설/건축자재 소매업,G47519,"페인트, 창호 및 기타 건설자재 소매업",52,전북특별자치도,52130,군산시,52130350,대야면,5213035022,대야면,5213035022100030000,1,대지,3,,전북특별자치도 군산시 대야면 지경리 3,521303268117,전북특별자치도 군산시 대야면 번영로,917,1,4513035022100030000011898,,전북특별자치도 군산시 대야면 번영로 917-1,573913,54060,,,,126.812680994416,35.9454762880023
MA010120220807195362,중앙종합건재,,G2,소매,G210,철물·건설자재 소매,G21003,건설/건축자재 소매업,G47519,"페인트, 창호 및 기타 건설자재 소매업",52,전북특별자치도,52130,군산시,52130530,월명동,5213011900,영화동,5213011900100250002,1,대지,25,2,전북특별자치도 군산시 영화동 25-2,521304604086,전북특별자치도 군산시 구영2길,28,,4513011900100250002014502,,전북특별자치도 군산시 구영2길 28,573060,54021,,,,126.709314360153,35.9888902494178
MA010120220807207338,공상사,,G2,소매,G210,철물·건설자재 소매,G21003,건설/건축자재 소매업,G47519,"페인트, 창호 및 기타 건설자재 소매업",11,서울특별시,11200,성동구,11200690,성수2가3동,1120011500,성수동2가,1120011500103000001,1,대지,300,1,서울특별시 성동구 성수동2가 300-1,112003000002,서울특별시 성동구 아차산로,113,,1120011500103000001000001,삼진빌딩,서울특별시 성동구 아차산로 113,133834,04794,,8,,127.056895346082,37.5446388751146
MA010120220807197314,우성타일상사,,G2,소매,G210,철물·건설자재 소매,G21003,건설/건축자재 소매업,G47519,"페인트, 창호 및 기타 건설자재 소매업",52,전북특별자치도,52130,군산시,52130550,신풍동,5213011000,문화동,5213011000109130025,1,대지,913,25,전북특별자치도 군산시 문화동 913-25,521303268104,전북특별자치도 군산시 팔마로,24,1,4513011000109130025027635,,전북특별자치도 군산시 팔마로 24-1,573874,54134,,,,126.703783050338,35.9734476135253
MA010120220807205415,자연페인트,,G2,소매,G210,철물·건설자재 소매,G21003,건설/건축자재 소매업,G47519,"페인트, 창호 및 기타 건설자재 소매업",26,부산광역시,26410,금정구,26410510,서1동,2641011000,서동,2641011000105420041,1,대지,542,41,부산광역시 금정구 서동 542-41,264103135033,부산광역시 금정구 서동로,87,,2641011000105420041010588,,부산광역시 금정구 서동로 87,609834,46319,,1,,129.096660231151,35.2169974966523
MA010120220807191809,J，K타일,,G2,소매,G210,철물·건설자재 소매,G21003,건설/건축자재 소매업,G47519,"페인트, 창호 및 기타 건설자재 소매업",52,전북특별자치도,52130,군산시,52130720,미성동,5213015100,산북동,5213015100136250000,1,대지,3625,,전북특별자치도 군산시 산북동 3625,521304605029,전북특별자치도 군산시 칠성1길,33,,4513015100136250000006213,,전북특별자치도 군산시 칠성1길 33,573888,54161,,,,126.673089533247,35.9583353294908
MA010120220807192039,이누스바스,군산점,G2,소매,G210,철물·건설자재 소매,G21003,건설/건축자재 소매업,G47519,"페인트, 창호 및 기타 건설자재 소매업",52,전북특별자치도,52130,군산시,52130550,신풍동,5213011000,문화동,5213011000108770022,1,대지,877,22,전북특별자치도 군산시 문화동 877-22,521303268023,전북특별자치도 군산시 대학로,153,,4513011000108770022038399,,전북특별자치도 군산시 대학로 153,573874,54115,,,,126.704665492557,35.9776405254734
MA010120220808534866,신한건업,,G2,소매,G210,철물·건설자재 소매,G21003,건설/건축자재 소매업,G47519,"페인트, 창호 및 기타 건설자재 소매업",29,광주광역시,29200,광산구,29200540,도산동,2920010200,도산동,2920010200113060002,1,대지,1306,2,광주광역시 광산구 도산동 1306-2,292004289050,광주광역시 광산구 남동길,9,,2920010200113060002010449,,광주광역시 광산구 남동길 9,506020,62450,,,,126.78929331561,35.128173550151
MA010120220808555219,성광페인트,,G2,소매,G210,철물·건설자재 소매,G21003,건설/건축자재 소매업,G47519,"페인트, 창호 및 기타 건설자재 소매업",48,경상남도,48125,창원시 마산합포구,48125540,문화동,4812510900,대창동,4812510900101520000,1,대지,152,,경상남도 창원시 마산합포구 대창동 152,481254787243,경상남도 창원시 마산합포구 문화서1길,29,,4812510900101520000049947,,경상남도 창원시 마산합포구 문화서1길 29,631380,51758,,,,128.55381905071,35.1862600388653
MA010120220808577332,부산샷시부경창호,,G2,소매,G210,철물·건설자재 소매,G21003,건설/건축자재 소매업,G47519,"페인트, 창호 및 기타 건설자재 소매업",26,부산광역시,26230,부산진구,26230640,부암1동,2623010800,부암동,2623010800102840057,1,대지,284,57,부산광역시 부산진구 부암동 284-57,262304187299,부산광역시 부산진구 백양대로46번길,37,,2623010800102840057017384,,부산광역시 부산진구 백양대로46번길 37,614838,47182,,1,,129.043840614814,35.1643721419541
MA010120220810046198,쿤세라믹,,G2,소매,G210,철물·건설자재 소매,G21003,건설/건축자재 소매업,G47519,"페인트, 창호 및 기타 건설자재 소매업",41,경기도,41450,하남시,41450580,감북동,4145011300,감북동,4145011300103680013,1,대지,368,13,경기도 하남시 감북동 368-13,414503202006,경기도 하남시 감초로,20,,4145011300103680013000001,,경기도 하남시 감초로 20,465818,12990,,,,127.158789202209,37.5160742002448
MA010120220810120902,럭키페인트,,G2,소매,G210,철물·건설자재 소매,G21003,건설/건축자재 소매업,G47519,"페인트, 창호 및 기타 건설자재 소매업",48,경상남도,48220,통영시,48220590,정량동,4822010800,동호동,4822010800100810003,1,대지,81,3,경상남도 통영시 동호동 81-3,482203333042,경상남도 통영시 통영해안로,372,,4822010800100810003038595,,경상남도 통영시 통영해안로 372,650806,53051,,,,128.428066222872,34.8441395863122
MA010120220810182314,대영케미칼,,G2,소매,G210,철물·건설자재 소매,G21003,건설/건축자재 소매업,G45211,자동차 신품 타이어 및 튜브 판매업,11,서울특별시,11200,성동구,11200790,용답동,1120012200,용답동,1120012200102250014,1,대지,225,14,서울특별시 성동구 용답동 225-14,112002000008,서울특별시 성동구 천호대로,352,21,1120012200102250014001481,,서울특별시 성동구 천호대로 352-21,133847,04808,,2,,127.058006472688,37.5620636328682
MA010120220810163354,제일타일건재,,G2,소매,G210,철물·건설자재 소매,G21003,건설/건축자재 소매업,G47519,"페인트, 창호 및 기타 건설자재 소매업",46,전라남도,46130,여수시,46130570,중앙동,4613010800,교동,4613010800105850003,1,대지,585,3,전라남도 여수시 교동 585-3,461304646111,전라남도 여수시 교동시장4길,3,,4613010800105850003000001,,전라남도 여수시 교동시장4길 3,550803,59734,,,,127.731127997312,34.7392663153322
MA010120220811552459,천일페인트,,G2,소매,G210,철물·건설자재 소매,G21003,건설/건축자재 소매업,G47519,"페인트, 창호 및 기타 건설자재 소매업",31,울산광역시,31200,북구,31200510,농소1동,3120010200,호계동,3120010200107150017,1,대지,715,17,울산광역시 북구 호계동 715-17,312003172005,울산광역시 북구 동대로,20,,3120010200107150017000001,,울산광역시 북구 동대로 20,683813,44225,,,,129.354504791142,35.6268011838586
MA010120220811595605,라인테크,,G2,소매,G210,철물·건설자재 소매,G21003,건설/건축자재 소매업,G47519,"페인트, 창호 및 기타 건설자재 소매업",27,대구광역시,27230,북구,27230800,국우동,2723012200,국우동,2723012200110860013,1,대지,1086,13,대구광역시 북구 국우동 1086-13,272304235197,대구광역시 북구 동암로37길,26,1,2723012200110860013012926,,대구광역시 북구 동암로37길 26-1,702877,41419,,,,128.571666199902,35.9456323426495
MA010120220811595616,북부페인트,,G2,소매,G210,철물·건설자재 소매,G21003,건설/건축자재 소매업,G47519,"페인트, 창호 및 기타 건설자재 소매업",48,경상남도,48330,양산시,48330515,양주동,4833010300,중부동,4833010300106630015,1,대지,663,15,경상남도 양산시 중부동 663-15,483304814605,경상남도 양산시 양주3길,11,12,4833010300106630015000001,,경상남도 양산시 양주3길 11-12,626050,50620,,,,129.032671328631,35.3408620966397
MA010120220811621888,가인건재,,G2,소매,G210,철물·건설자재 소매,G21003,건설/건축자재 소매업,G47519,"페인트, 창호 및 기타 건설자재 소매업",26,부산광역시,26410,금정구,26410665,청룡노포동,2641010300,청룡동,2641010300100500011,1,대지,50,11,부산광역시 금정구 청룡동 50-11,264103130022,부산광역시 금정구 금강로,737,,2641010300100500011004584,,부산광역시 금정구 금강로 737,609843,46218,,,,129.088805075962,35.2733648008532
MA010120220811720969,보람인테리어,,G2,소매,G210,철물·건설자재 소매,G21003,건설/건축자재 소매업,G47519,"페인트, 창호 및 기타 건설자재 소매업",28,인천광역시,28710,강화군,28710250,강화읍,2871025021,강화읍,2871025021100130001,1,대지,13,1,인천광역시 강화군 강화읍 신문리 13-1,287103157016,인천광역시 강화군 강화읍 남문로,70,,2871025021100130001002661,,인천광역시 강화군 강화읍 남문로 70,417943,23035,,,,126.487559237087,37.7441607467104
MA010120220812875373,케이씨씨페인트정연페인트,,G2,소매,G210,철물·건설자재 소매,G21003,건설/건축자재 소매업,G47519,"페인트, 창호 및 기타 건설자재 소매업",50,제주특별자치도,50110,제주시,50110580,용담2동,5011010900,용담이동,5011010900106140009,1,대지,614,9,제주특별자치도 제주시 용담이동 614-9,501103349157,제주특별자치도 제주시 용화로,33,,5011010900106140009000001,,제주특별자치도 제주시 용화로 33,690821,63157,,,,126.507040783571,33.5099603468421
MA010120220812817225,한양인테리어,,G2,소매,G210,철물·건설자재 소매,G21003,건설/건축자재 소매업,G47519,"페인트, 창호 및 기타 건설자재 소매업",11,서울특별시,11440,마포구,11440600,대흥동,1144011100,신수동,1144011100100860004,1,대지,86,4,서울특별시 마포구 신수동 86-4,114403005016,서울특별시 마포구 백범로,52,,1144011100100860004007792,우측첫번째상가,서울특별시 마포구 백범로 52,121854,04109,,,,126.938075923866,37.5501504573875
MA010120220812890464,세진플루오닉스,,G2,소매,G210,철물·건설자재 소매,G21003,건설/건축자재 소매업,G47519,"페인트, 창호 및 기타 건설자재 소매업",31,울산광역시,31710,울주군,31710262,청량읍,3171026223,청량읍,3171026223107990002,1,대지,799,2,울산광역시 울주군 청량읍 상남리 799-2,317104319459,울산광역시 울주군 청량읍 상남길,71,17,3171033023108430001000002,,울산광역시 울주군 청량읍 상남길 71-17,689864,44985,,,,129.302815778785,35.4867034303633
MA010120220812899143,대양세라믹,,G2,소매,G210,철물·건설자재 소매,G21003,건설/건축자재 소매업,G47519,"페인트, 창호 및 기타 건설자재 소매업",28,인천광역시,28260,서구,28260575,신현원창동,2826011100,원창동,2826011100103800009,1,대지,380,9,인천광역시 서구 원창동 380-9,282603156070,인천광역시 서구 원석로,147,,2826011100103800009000001,,인천광역시 서구 원석로 147,404210,22853,,1,,126.640967400918,37.508670533111
MA010120220812836830,가혜,,G2,소매,G210,철물·건설자재 소매,G21003,건설/건축자재 소매업,G47519,"페인트, 창호 및 기타 건설자재 소매업",11,서울특별시,11500,강서구,11500603,가양1동,1150010500,마곡동,1150010500107740002,1,대지,774,2,서울특별시 강서구 마곡동 774-2,115002005007,서울특별시 강서구 공항대로,213,,1150010500107740002000001,보타닉파크타워,서울특별시 강서구 공항대로 213,157805,07802,,2,,126.831373501823,37.5596959626564
MA010120220812881795,유진기업대구사업소,,G2,소매,G210,철물·건설자재 소매,G21003,건설/건축자재 소매업,G47519,"페인트, 창호 및 기타 건설자재 소매업",27,대구광역시,27170,서구,27170610,비산7동,2717010200,비산동,2717010200120370027,1,대지,2037,27,대구광역시 서구 비산동 2037-27,271704229251,대구광역시 서구 염색공단로13길,16,,2717010200120370027030080,,대구광역시 서구 염색공단로13길 16,703825,41708,,,,128.549737269551,35.8855680094367
MA010120220812932751,명재인테리어,,G2,소매,G210,철물·건설자재 소매,G21003,건설/건축자재 소매업,G47519,"페인트, 창호 및 기타 건설자재 소매업",26,부산광역시,26350,해운대구,26350570,반여1동,2635010300,반여동,2635010300109050011,1,대지,905,11,부산광역시 해운대구 반여동 905-11,263504199072,부산광역시 해운대구 선수촌로157번길,4,,2635010300109050011013942,왕자꽃집,부산광역시 해운대구 선수촌로157번길 4,612809,48032,,2,,129.122355414334,35.2072948431368
MA010120220812933576,명성페인트,,G2,소매,G210,철물·건설자재 소매,G21003,건설/건축자재 소매업,G47519,"페인트, 창호 및 기타 건설자재 소매업",26,부산광역시,26350,해운대구,26350570,반여1동,2635010300,반여동,2635010300113560001,1,대지,1356,1,부산광역시 해운대구 반여동 1356-1,263503133009,부산광역시 해운대구 선수촌로,6,9,2635010300113560001020745,,부산광역시 해운대구 선수촌로 6-9,612815,48043,,,,129.118829719881,35.194992907931
MA010120220812847613,성은공사,,G2,소매,G210,철물·건설자재 소매,G21003,건설/건축자재 소매업,G47519,"페인트, 창호 및 기타 건설자재 소매업",44,충청남도,44710,금산군,44710330,부리면,4471033021,부리면,4471033021103280000,1,대지,328,,충청남도 금산군 부리면 창평리 328,447104571077,충청남도 금산군 부리면 나천동1길,21,28,4471033021103280000006392,,충청남도 금산군 부리면 나천동1길 21-28,312841,32754,,,,127.526013429622,36.0959467587205
MA010120220812818215,둔포종합페인트,,G2,소매,G210,철물·건설자재 소매,G21003,건설/건축자재 소매업,G47519,"페인트, 창호 및 기타 건설자재 소매업",44,충청남도,44200,아산시,44200360,둔포면,4420036022,둔포면,4420036022100140005,1,대지,14,5,충청남도 아산시 둔포면 송용리 14-5,442003249071,충청남도 아산시 둔포면 충무로,1712,,4420036022100140005000001,,충청남도 아산시 둔포면 충무로 1712,336874,31405,,,,127.035387430233,36.9246461388397
MA010120220812915757,천간비앤에스,,G2,소매,G210,철물·건설자재 소매,G21003,건설/건축자재 소매업,G47519,"페인트, 창호 및 기타 건설자재 소매업",43,충청북도,43745,증평군,43745250,증평읍,4374525037,증평읍,4374525037102980054,1,대지,298,54,충청북도 증평군 증평읍 남차리 298-54,437454532208,충청북도 증평군 증평읍 행복마을길,36,,4374525037102980054012667,,충청북도 증평군 증평읍 행복마을길 36,368902,27911,,,,127.623656948571,36.7310092340215
MA010120220812791949,종합건재상사,,G2,소매,G210,철물·건설자재 소매,G21003,건설/건축자재 소매업,G47519,"페인트, 창호 및 기타 건설자재 소매업",11,서울특별시,11545,금천구,11545610,독산1동,1154510200,독산동,1154510200110040002,1,대지,1004,2,서울특별시 금천구 독산동 1004-2,115454151219,서울특별시 금천구 벚꽃로14길,14,,1154510200110040002013986,청학빌딩,서울특별시 금천구 벚꽃로14길 14,153829,08601,,3,,126.890850964464,37.4654398435877
MA010120220812830616,유원상사,,G2,소매,G210,철물·건설자재 소매,G21003,건설/건축자재 소매업,G47519,"페인트, 창호 및 기타 건설자재 소매업",41,경기도,41196,부천시 오정구,41196510,성곡동,4119610200,여월동,4119610200100070085,1,대지,7,85,경기도 부천시 오정구 여월동 7-85,411964358179,경기도 부천시 오정구 성곡로48번길,5,,4119910200100070085046942,중앙,경기도 부천시 오정구 성곡로48번길 5,421811,14462,,1,,126.799645973432,37.5186329246488
MA010120220812908214,서영건축자재,,G2,소매,G210,철물·건설자재 소매,G21003,건설/건축자재 소매업,G47519,"페인트, 창호 및 기타 건설자재 소매업",48,경상남도,48890,합천군,48890250,합천읍,4889025021,합천읍,4889025021113640132,1,대지,1364,132,경상남도 합천군 합천읍 합천리 1364-132,488903348043,경상남도 합천군 합천읍 대야로,909,,4889025023109070021054216,,경상남도 합천군 합천읍 대야로 909,678804,50232,,,,128.163302546815,35.569578339234
MA010120220812833066,청운씨엠에스,,G2,소매,G210,철물·건설자재 소매,G21003,건설/건축자재 소매업,G47519,"페인트, 창호 및 기타 건설자재 소매업",28,인천광역시,28185,연수구,28185640,옥련2동,2818510100,옥련동,2818510100100370004,1,대지,37,4,인천광역시 연수구 옥련동 37-4,281853152018,인천광역시 연수구 옥골로,39,,2818510100100370004123376,,인천광역시 연수구 옥골로 39,406837,21900,,,,126.649836798788,37.4306519891806
MA010120220813036662,서아,,G2,소매,G210,철물·건설자재 소매,G21003,건설/건축자재 소매업,G47519,"페인트, 창호 및 기타 건설자재 소매업",46,전라남도,46130,여수시,46130710,문수동,4613012000,문수동,4613012000106750001,1,대지,675,1,전라남도 여수시 문수동 675-1,461304646967,전라남도 여수시 허문정1길,18,,4613012000106750001003843,흥화,전라남도 여수시 허문정1길 18,550767,59704,,,,127.696823322407,34.7514920580996
MA010120220813045052,태안철강.케미칼,,G2,소매,G210,철물·건설자재 소매,G21003,건설/건축자재 소매업,G47519,"페인트, 창호 및 기타 건설자재 소매업",44,충청남도,44825,태안군,44825340,소원면,4482534023,소원면,4482534023101520088,1,대지,152,88,충청남도 태안군 소원면 신덕리 152-88,448254592181,충청남도 태안군 소원면 신덕길,10,6,4482534023101520087006788,,충청남도 태안군 소원면 신덕길 10-6,357933,32120,,,,126.194877901406,36.7584486846328
MA010120220812975380,에이스방수페인트,,G2,소매,G210,철물·건설자재 소매,G21003,건설/건축자재 소매업,G47519,"페인트, 창호 및 기타 건설자재 소매업",41,경기도,41171,안양시 만안구,41171560,안양6동,4117110100,안양동,4117110100105280013,1,대지,528,13,경기도 안양시 만안구 안양동 528-13,411713182003,경기도 안양시 만안구 만안로,49,,4117110100105280013010441,호정타워,경기도 안양시 만안구 만안로 49,430715,14034,,211,,126.933557419713,37.3877318100079
MA010120220813115828,알토타일,,G2,소매,G210,철물·건설자재 소매,G21003,건설/건축자재 소매업,G47519,"페인트, 창호 및 기타 건설자재 소매업",41,경기도,41830,양평군,41830250,양평읍,4183025032,양평읍,4183025032104360001,1,대지,436,1,경기도 양평군 양평읍 창대리 436-1,418303217015,경기도 양평군 양평읍 양근로,376,,4183025032104360001019848,,경기도 양평군 양평읍 양근로 376,476804,12563,,,,127.505512824855,37.4787709559153
MA010120220813071071,미흥페인트,,G2,소매,G210,철물·건설자재 소매,G21003,건설/건축자재 소매업,G47519,"페인트, 창호 및 기타 건설자재 소매업",43,충청북도,43740,영동군,43740250,영동읍,4374025021,영동읍,4374025021106690001,1,대지,669,1,충청북도 영동군 영동읍 계산리 669-1,437403243002,충청북도 영동군 영동읍 계산로,32,1,4374025021106690001004681,,충청북도 영동군 영동읍 계산로 32-1,370802,29144,,,,127.780390471101,36.1736122927632
MA010120220813049749,디엔세라믹,,G2,소매,G210,철물·건설자재 소매,G21003,건설/건축자재 소매업,G47519,"페인트, 창호 및 기타 건설자재 소매업",41,경기도,41570,김포시,41570340,대곶면,4157034025,대곶면,4157034025106820001,1,대지,682,1,경기도 김포시 대곶면 율생리 682-1,415703209036,경기도 김포시 대곶면 대곶서로,314,67,4157034025106820001000001,,경기도 김포시 대곶면 대곶서로 314-67,415854,10044,,1,,126.586201557991,37.6460632671977
MA010120220813258385,디엠개발,,G2,소매,G210,철물·건설자재 소매,G21003,건설/건축자재 소매업,G47519,"페인트, 창호 및 기타 건설자재 소매업",11,서울특별시,11500,강서구,11500510,염창동,1150010100,염창동,1150010100102620000,1,대지,262,,서울특별시 강서구 염창동 262,115004145224,서울특별시 강서구 공항대로81길,35,,1150010100102620000000001,염창투웨니퍼스트,서울특별시 강서구 공항대로81길 35,157862,07556,,14,,126.876142717876,37.5488403380637
MA010120220813201652,페인트월드,,G2,소매,G210,철물·건설자재 소매,G21003,건설/건축자재 소매업,G47519,"페인트, 창호 및 기타 건설자재 소매업",44,충청남도,44131,천안시 동남구,44131560,일봉동,4413111400,다가동,4413111400103800010,1,대지,380,10,충청남도 천안시 동남구 다가동 380-10,441314547677,충청남도 천안시 동남구 차돌고개3길,8,1,4413111400103800010027941,,충청남도 천안시 동남구 차돌고개3길 8-1,330110,31154,,1,,127.137318612585,36.7993818483664
MA010120220813202285,동일상사,,G2,소매,G210,철물·건설자재 소매,G21003,건설/건축자재 소매업,G47519,"페인트, 창호 및 기타 건설자재 소매업",26,부산광역시,26710,기장군,26710330,철마면,2671033026,철마면,2671033026105910004,1,대지,591,4,부산광역시 기장군 철마면 연구리 591-4,267103006040,부산광역시 기장군 철마면 철마로,563,,2671033026105910004009433,,부산광역시 기장군 철마면 철마로 563,619872,46050,,,,129.157408760325,35.2722234473329
MA010120220813164241,나주타이루위생기,,G2,소매,G210,철물·건설자재 소매,G21003,건설/건축자재 소매업,G47519,"페인트, 창호 및 기타 건설자재 소매업",46,전라남도,46170,나주시,46170540,금남동,4617011100,금성동,4617011100100470001,1,대지,47,1,전라남도 나주시 금성동 47-1,461703284011,전라남도 나주시 나주로,102,,4617011100100470001023848,,전라남도 나주시 나주로 102,520110,58260,,,,126.717622701438,35.0278677364024
MA010120220813260682,영남페인트,,G2,소매,G210,철물·건설자재 소매,G21003,건설/건축자재 소매업,G47519,"페인트, 창호 및 기타 건설자재 소매업",48,경상남도,48250,김해시,48250520,회현동,4825010200,서상동,4825010200101950002,1,대지,195,2,경상남도 김해시 서상동 195-2,482503335002,경상남도 김해시 가락로,122,,4825010200101950002084966,,경상남도 김해시 가락로 122,621030,50915,,1,,128.881051215119,35.2372398780677
MA010120220813176176,스타페인트,,G2,소매,G210,철물·건설자재 소매,G21003,건설/건축자재 소매업,G47519,"페인트, 창호 및 기타 건설자재 소매업",44,충청남도,44200,아산시,44200350,음봉면,4420035033,음봉면,4420035033102800002,1,대지,280,2,충청남도 아산시 음봉면 산동리 280-2,442003015011,충청남도 아산시 음봉면 산동로,181,,4420035033200680010000001,,충청남도 아산시 음봉면 산동로 181,336863,31418,,,,127.098944493634,36.8455297101031
MA010120220813157243,피디페인트,,G2,소매,G210,철물·건설자재 소매,G21003,건설/건축자재 소매업,G47519,"페인트, 창호 및 기타 건설자재 소매업",50,제주특별자치도,50110,제주시,50110600,화북동,5011011200,화북이동,5011011200132120000,1,대지,3212,,제주특별자치도 제주시 화북이동 3212,501103349234,제주특별자치도 제주시 번영로,168,4,5011011200132120000000002,,제주특별자치도 제주시 번영로 168-4,690061,63306,,2,,126.563556727222,33.5033743282505
MA010120220813230730,동일도료건업,,G2,소매,G210,철물·건설자재 소매,G21003,건설/건축자재 소매업,G47519,"페인트, 창호 및 기타 건설자재 소매업",48,경상남도,48870,함양군,48870250,함양읍,4887025022,함양읍,4887025022107650001,1,대지,765,1,경상남도 함양군 함양읍 용평리 765-1,488703346025,경상남도 함양군 함양읍 함양로,1107,2,4887025022107650001010548,,경상남도 함양군 함양읍 함양로 1107-2,676805,50042,,,,127.726335740574,35.5178450923687
MA010120220813238425,리원테크,,G2,소매,G210,철물·건설자재 소매,G21003,건설/건축자재 소매업,G47519,"페인트, 창호 및 기타 건설자재 소매업",11,서울특별시,11560,영등포구,11560670,신길5동,1156013200,신길동,1156013200104480016,1,대지,448,16,서울특별시 영등포구 신길동 448-16,115603118014,서울특별시 영등포구 신길로,59,,1156013200104480016011414,샘탑빌딩,서울특별시 영등포구 신길로 59,150851,07424,,,,126.907857156655,37.4979086583159
MA010120220813171471,베어페인트전주점,,G2,소매,G210,철물·건설자재 소매,G21003,건설/건축자재 소매업,G47519,"페인트, 창호 및 기타 건설자재 소매업",52,전북특별자치도,52113,전주시 덕진구,52113670,혁신동,5211313800,중동,5211313800107840010,1,대지,784,10,전북특별자치도 전주시 덕진구 중동 784-10,521133273110,전북특별자치도 전주시 덕진구 오정2길,30,,4511114600107840010000001,오른쪽상가,전북특별자치도 전주시 덕진구 오정2길 30,560500,54872,,,,127.060695930687,35.8342215930896
MA010120220813206911,이화페인트,,G2,소매,G210,철물·건설자재 소매,G21003,건설/건축자재 소매업,G47519,"페인트, 창호 및 기타 건설자재 소매업",46,전라남도,46110,목포시,46110535,연동,4611010200,산정동,4611010200110530165,1,대지,1053,165,전라남도 목포시 산정동 1053-165,461103281032,전라남도 목포시 산정로,101,1,4611010200110530165032410,,전라남도 목포시 산정로 101-1,530806,58731,,,,126.392806760582,34.797699923963
MA010120220813190524,용세라믹,,G2,소매,G210,철물·건설자재 소매,G21003,건설/건축자재 소매업,G47519,"페인트, 창호 및 기타 건설자재 소매업",41,경기도,41610,광주시,41610520,송정동,4161010300,송정동,4161010300100720009,1,대지,72,9,경기도 광주시 송정동 72-9,416104433312,경기도 광주시 수하길11번길,13,,4161010300105080000001313,,경기도 광주시 수하길11번길 13,464901,12741,,,,127.261703631443,37.4165818187702
MA010120220813408520,현대케미칼,,G2,소매,G210,철물·건설자재 소매,G21003,건설/건축자재 소매업,G47519,"페인트, 창호 및 기타 건설자재 소매업",31,울산광역시,31110,중구,31110650,성안동,3111010900,성안동,3111010900103790003,1,대지,379,3,울산광역시 중구 성안동 379-3,311104307480,울산광역시 중구 함월20길,80,,3111010900103790003000001,,울산광역시 중구 함월20길 80,681300,44416,,,,129.322392531497,35.5811107299267
MA010120220813435606,CS상사,,G2,소매,G210,철물·건설자재 소매,G21003,건설/건축자재 소매업,G47519,"페인트, 창호 및 기타 건설자재 소매업",43,충청북도,43113,청주시 흥덕구,43113760,강서1동,4311313800,비하동,4311313800105240000,1,대지,524,,충청북도 청주시 흥덕구 비하동 524,431134511082,충청북도 청주시 흥덕구 가로수로1110번길,27,,4311313800105240000024935,,충청북도 청주시 흥덕구 가로수로1110번길 27,361825,28375,,,,127.419475175746,36.6246792338293
MA010120220813346898,에스엠커머스,,G2,소매,G210,철물·건설자재 소매,G21003,건설/건축자재 소매업,G47519,"페인트, 창호 및 기타 건설자재 소매업",47,경상북도,47113,포항시 북구,47113700,장량동,4711312200,양덕동,4711312200119960000,1,대지,1996,,경상북도 포항시 북구 양덕동 1996,471134712566,경상북도 포항시 북구 장량로242번길,18,,4711312200119960000000001,,경상북도 포항시 북구 장량로242번길 18,791270,37596,,,,129.407351904765,36.0803668197401
MA010120220813409692,대한상사,,G2,소매,G210,철물·건설자재 소매,G21003,건설/건축자재 소매업,G47519,"페인트, 창호 및 기타 건설자재 소매업",41,경기도,41194,부천시 소사구,41194590,송내1동,4119410500,송내동,4119410500103660003,1,대지,366,3,경기도 부천시 소사구 송내동 366-3,411943000028,경기도 부천시 소사구 경인로,61,,4119710500103660003042035,,경기도 부천시 소사구 경인로 61,422816,14721,,1,,126.762008862312,37.4839194838301
MA010120220813338590,이에스타일,,G2,소매,G210,철물·건설자재 소매,G21003,건설/건축자재 소매업,G47519,"페인트, 창호 및 기타 건설자재 소매업",43,충청북도,43112,청주시 서원구,43112530,사창동,4311210200,사창동,4311210200102620001,1,대지,262,1,충청북도 청주시 서원구 사창동 262-1,431124511892,충청북도 청주시 서원구 창신로25번길,12,,4311310200102620001006387,,충청북도 청주시 서원구 창신로25번길 12,362833,28663,,2,,127.463786903951,36.6332559543443
MA010120220813399327,예가,남구점,G2,소매,G210,철물·건설자재 소매,G21003,건설/건축자재 소매업,G47519,"페인트, 창호 및 기타 건설자재 소매업",26,부산광역시,26290,남구,26290620,감만1동,2629011100,감만동,2629011100101760033,1,대지,176,33,부산광역시 남구 감만동 176-33,262904193272,부산광역시 남구 우암로70번길,70,,2629011100101760033024216,,부산광역시 남구 우암로70번길 70,608802,48544,,2,,129.084164614926,35.1181402348952
MA010120220813306665,페인트블루,,G2,소매,G210,철물·건설자재 소매,G21003,건설/건축자재 소매업,G47519,"페인트, 창호 및 기타 건설자재 소매업",26,부산광역시,26350,해운대구,26350660,재송2동,2635010400,재송동,2635010400101790061,1,대지,179,61,부산광역시 해운대구 재송동 179-61,263504199281,부산광역시 해운대구 해운대로61번길,21,,2635010400101790061028472,,부산광역시 해운대구 해운대로61번길 21,612829,48041,,2,,129.122020946501,35.1923326954655
MA010120220813452745,박&서인테리어,,G2,소매,G210,철물·건설자재 소매,G21003,건설/건축자재 소매업,G47519,"페인트, 창호 및 기타 건설자재 소매업",41,경기도,41370,오산시,41370523,대원1동,4137010100,오산동,4137010100108810016,1,대지,881,16,경기도 오산시 오산동 881-16,413703198031,경기도 오산시 오산로,209,,4137010100108810016014244,혜민타워,경기도 오산시 오산로 209,447802,18137,,1,,127.068177301257,37.1454137040422
MA010120220813336630,가인,,G2,소매,G210,철물·건설자재 소매,G21003,건설/건축자재 소매업,G47519,"페인트, 창호 및 기타 건설자재 소매업",28,인천광역시,28260,서구,28260536,청라1동,2826012200,청라동,2826012200102020003,1,대지,202,3,인천광역시 서구 청라동 202-3,282602008002,인천광역시 서구 중봉대로,490,,2826012200102020003000001,청라더리브티아모,인천광역시 서구 중봉대로 490,,22770,,,,126.650469739564,37.5228447229925
MA010120220813608556,제이에이치세라믹,,G2,소매,G210,철물·건설자재 소매,G21003,건설/건축자재 소매업,G47519,"페인트, 창호 및 기타 건설자재 소매업",41,경기도,41285,고양시 일산동구,41285600,고봉동,4128511300,성석동,4128511300100370067,1,대지,37,67,경기도 고양시 일산동구 성석동 37-67,412854379125,경기도 고양시 일산동구 성현로268번길,267,18,4128511300100370067000001,,경기도 고양시 일산동구 성현로268번길 267-18,410570,10313,,,,126.816945214102,37.7020120725144
MA010120220813512996,연성도장,,G2,소매,G210,철물·건설자재 소매,G21003,건설/건축자재 소매업,G47519,"페인트, 창호 및 기타 건설자재 소매업",41,경기도,41390,시흥시,41390630,연성동,4139011900,하중동,4139011900104420001,1,대지,442,1,경기도 시흥시 하중동 442-1,413903199055,경기도 시흥시 하중로,188,4,4139011900104420001009796,,경기도 시흥시 하중로 188-4,429250,14976,,,,126.803601506845,37.3946604050407
MA010120220813535205,제비표페인트,,G2,소매,G210,철물·건설자재 소매,G21003,건설/건축자재 소매업,G47519,"페인트, 창호 및 기타 건설자재 소매업",26,부산광역시,26500,수영구,26500800,민락동,2650010300,민락동,2650010300101460035,1,대지,146,35,부산광역시 수영구 민락동 146-35,265003138001,부산광역시 수영구 감포로,50,,2650010300101460035015231,동,부산광역시 수영구 감포로 50,613829,48273,,1,,129.119620272511,35.1628801826572
MA010120220813568939,페인트샵,,G2,소매,G210,철물·건설자재 소매,G21003,건설/건축자재 소매업,G47519,"페인트, 창호 및 기타 건설자재 소매업",31,울산광역시,31110,중구,31110610,다운동,3111011200,다운동,3111011200105510006,1,대지,551,6,울산광역시 중구 다운동 551-6,311103011001,울산광역시 중구 다운로,11,1,3111011200105510006001438,,울산광역시 중구 다운로 11-1,681803,44407,,,,129.274542388518,35.5564693830007
MA010120220813590913,에이치케이,,G2,소매,G210,철물·건설자재 소매,G21003,건설/건축자재 소매업,G47519,"페인트, 창호 및 기타 건설자재 소매업",11,서울특별시,11680,강남구,11680531,논현2동,1168010800,논현동,1168010800100880007,1,대지,88,7,서울특별시 강남구 논현동 88-7,116803122011,서울특별시 강남구 학동로,215,,1168010800100880007006603,씨엘타워,서울특별시 강남구 학동로 215,135818,06052,,,,127.0325649643,37.5148790006776
MA010120220813575389,제이엠이엔비,,G2,소매,G210,철물·건설자재 소매,G21003,건설/건축자재 소매업,G47519,"페인트, 창호 및 기타 건설자재 소매업",31,울산광역시,31710,울주군,31710265,삼남읍,3171026523,삼남읍,3171026523116100003,1,대지,1610,3,울산광역시 울주군 삼남읍 신화리 1610-3,317104320161,울산광역시 울주군 삼남읍 도호1길,23,,3171039023116100003000001,케이티엑스월드메르디앙,울산광역시 울주군 삼남읍 도호1길 23,689815,44951,,,,129.141454085712,35.5471484952951
MA010120220813553409,한국말뚝,,G2,소매,G210,철물·건설자재 소매,G21003,건설/건축자재 소매업,G47519,"페인트, 창호 및 기타 건설자재 소매업",46,전라남도,46890,완도군,46890250,완도읍,4689025030,완도읍,4689025030103670001,1,대지,367,1,전라남도 완도군 완도읍 대신리 367-1,468903300027,전라남도 완도군 완도읍 청해진서로,974,1,4689025030103670001002204,,전라남도 완도군 완도읍 청해진서로 974-1,537806,59107,,,,126.685647991877,34.3259564168634
MA010120220813736207,대흥세라믹,,G2,소매,G210,철물·건설자재 소매,G21003,건설/건축자재 소매업,G47519,"페인트, 창호 및 기타 건설자재 소매업",47,경상북도,47290,경산시,47290541,서부1동,4729010900,옥산동,4729010900108810006,1,대지,881,6,경상북도 경산시 옥산동 881-6,472904739455,경상북도 경산시 성암로12길,42,,4729010900108810006007110,,경상북도 경산시 성암로12길 42,712801,38680,,1,,128.724784881903,35.8200393922458
MA010120220813709585,현대페인트,,G2,소매,G210,철물·건설자재 소매,G21003,건설/건축자재 소매업,G47519,"페인트, 창호 및 기타 건설자재 소매업",41,경기도,41461,용인시 처인구,41461259,남사읍,4146125926,남사읍,4146125926101940023,1,대지,194,23,경기도 용인시 처인구 남사읍 원암리 194-23,414613012056,경기도 용인시 처인구 남사읍 천덕산로,478,,4146132026101950001213108,,경기도 용인시 처인구 남사읍 천덕산로 478,449881,17124,,,,127.148495307053,37.0912945016807
MA010120220813723355,홍천군산림조합종합건재,,G2,소매,G210,철물·건설자재 소매,G21003,건설/건축자재 소매업,G47519,"페인트, 창호 및 기타 건설자재 소매업",51,강원특별자치도,51720,홍천군,51720310,화촌면,5172031028,화촌면,5172031028105090004,1,대지,509,4,강원특별자치도 홍천군 화촌면 굴운리 509-4,517203000146,강원특별자치도 홍천군 화촌면 설악로,2583,,4272031028105100000006514,,강원특별자치도 홍천군 화촌면 설악로 2583,250813,25158,,,,127.948451069305,37.7435668635267
MA010120220813782873,선그린산업,,G2,소매,G210,철물·건설자재 소매,G21003,건설/건축자재 소매업,G47519,"페인트, 창호 및 기타 건설자재 소매업",44,충청남도,44200,아산시,44200570,온양1동,4420010100,온천동,4420010100114950000,1,대지,1495,,충청남도 아산시 온천동 1495,442004559409,충청남도 아산시 시민로449번길,15,1,4420010100114950000000001,온천동,충청남도 아산시 시민로449번길 15-1,336816,31508,,2,,126.999943982472,36.7883503858313
MA010120220813793153,티케이에셋매니지먼트,,G2,소매,G210,철물·건설자재 소매,G21003,건설/건축자재 소매업,G47519,"페인트, 창호 및 기타 건설자재 소매업",41,경기도,41610,광주시,41610253,초월읍,4161025321,초월읍,4161025321100910000,1,대지,91,,경기도 광주시 초월읍 대쌍령리 91,416103211015,경기도 광주시 초월읍 무들로,90,,4161025321100910000257894,,경기도 광주시 초월읍 무들로 90,464862,12735,,1,,127.298534773587,37.3865176840646
MA010120220813715408,인터내셔날타임,,G2,소매,G210,철물·건설자재 소매,G21003,건설/건축자재 소매업,G47519,"페인트, 창호 및 기타 건설자재 소매업",11,서울특별시,11680,강남구,11680521,논현1동,1168010800,논현동,1168010800101520005,1,대지,152,5,서울특별시 강남구 논현동 152-5,116803121022,서울특별시 강남구 논현로,641,,1168010800101520006000001,힐타운,서울특별시 강남구 논현로 641,135824,06116,,,,127.031624431089,37.5108427577672
MA010120220813664639,글로벌네오텍,,G2,소매,G210,철물·건설자재 소매,G21003,건설/건축자재 소매업,G47519,"페인트, 창호 및 기타 건설자재 소매업",11,서울특별시,11650,서초구,11650530,서초3동,1165010800,서초동,1165010800115990011,1,대지,1599,11,서울특별시 서초구 서초동 1599-11,116503121024,서울특별시 서초구 서초중앙로,63,,1165010800115990011020984,리더스빌딩,서울특별시 서초구 서초중앙로 63,137912,06651,,9,,127.014473024653,37.4873208310814
MA010120220813767810,경남타일도기,,G2,소매,G210,철물·건설자재 소매,G21003,건설/건축자재 소매업,G47519,"페인트, 창호 및 기타 건설자재 소매업",48,경상남도,48123,창원시 성산구,48123540,사파동,4812313000,사파동,4812313000101360003,1,대지,136,3,경상남도 창원시 성산구 사파동 136-3,481233328009,경상남도 창원시 성산구 동산로,184,,4812313000101360003030645,반,경상남도 창원시 성산구 동산로 184,642827,51447,,,,128.695001077743,35.2236231305704
MA010120220813681194,신진페인트,,G2,소매,G210,철물·건설자재 소매,G21003,건설/건축자재 소매업,G47519,"페인트, 창호 및 기타 건설자재 소매업",48,경상남도,48310,거제시,48310340,거제면,4831034029,거제면,4831034029105630001,1,대지,563,1,경상남도 거제시 거제면 동상리 563-1,483104811199,경상남도 거제시 거제면 동상1길,3,,4831034029105630001022550,,경상남도 거제시 거제면 동상1길 3,656862,53286,,,,128.592526340497,34.8501005407558
MA010120220813808869,아트원상사,,G2,소매,G210,철물·건설자재 소매,G21003,건설/건축자재 소매업,G47519,"페인트, 창호 및 기타 건설자재 소매업",47,경상북도,47290,경산시,47290530,남부동,4729010100,삼남동,4729010100101400005,1,대지,140,5,경상북도 경산시 삼남동 140-5,472903000052,경상북도 경산시 경안로,75,,4729010100101400005006451,,경상북도 경산시 경안로 75,712030,38644,,1,,128.738698393773,35.8142158371068
MA010120220813699848,노루페인트하우스데코,,G2,소매,G210,철물·건설자재 소매,G21003,건설/건축자재 소매업,G47519,"페인트, 창호 및 기타 건설자재 소매업",28,인천광역시,28177,미추홀구,28177650,주안4동,2817710500,주안동,2817710500114820013,1,대지,1482,13,인천광역시 미추홀구 주안동 1482-13,281772008004,인천광역시 미추홀구 인주대로,431,,2817010600114820013033990,,인천광역시 미추홀구 인주대로 431,402859,22151,,,,126.684526662911,37.4513377736586
MA010120220813741085,더타일앤바스,,G2,소매,G210,철물·건설자재 소매,G21003,건설/건축자재 소매업,G47519,"페인트, 창호 및 기타 건설자재 소매업",27,대구광역시,27260,수성구,27260602,황금2동,2726010700,황금동,2726010700107540005,1,대지,754,5,대구광역시 수성구 황금동 754-5,272603146008,대구광역시 수성구 들안로,196,,2726010700107540005010805,,대구광역시 수성구 들안로 196,706852,42143,,,,128.617010431125,35.8474728914462
MA010120220813765458,현진안전,,G2,소매,G210,철물·건설자재 소매,G21003,건설/건축자재 소매업,G47519,"페인트, 창호 및 기타 건설자재 소매업",48,경상남도,48240,사천시,48240340,축동면,4824034027,축동면,4824034027100050000,1,대지,5,,경상남도 사천시 축동면 구호리 5,482403334030,경상남도 사천시 축동면 서삼로,1317,7,4824034027100050000065166,,경상남도 사천시 축동면 서삼로 1317-7,664811,52509,,,,128.056498282138,35.093350558631
MA010120220813757761,대성세라믹,,G2,소매,G210,철물·건설자재 소매,G21003,건설/건축자재 소매업,G47519,"페인트, 창호 및 기타 건설자재 소매업",29,광주광역시,29200,광산구,29200635,운남동,2920012000,운남동,2920012000105340012,1,대지,534,12,광주광역시 광산구 운남동 534-12,292003163062,광주광역시 광산구 풍영철길로,106,17,2920012000105340012000001,,광주광역시 광산구 풍영철길로 106-17,506817,62316,,,,126.820255700781,35.1676489061061
MA010120220813730650,현대페인트,,G2,소매,G210,철물·건설자재 소매,G21003,건설/건축자재 소매업,G47519,"페인트, 창호 및 기타 건설자재 소매업",51,강원특별자치도,51150,강릉시,51150520,중앙동,5115010300,명주동,5115010300100250002,1,대지,25,2,강원특별자치도 강릉시 명주동 25-2,511503000145,강원특별자치도 강릉시 경강로,2038,1,4215010300100250002006747,,강원특별자치도 강릉시 경강로 2038-1,210030,25538,,1,,128.891862570802,37.7509448949948
MA010120220813952249,철자재,,G2,소매,G210,철물·건설자재 소매,G21003,건설/건축자재 소매업,G47519,"페인트, 창호 및 기타 건설자재 소매업",52,전북특별자치도,52111,전주시 완산구,52111730,효자5동,5211114200,효자동3가,5211114200116350004,1,대지,1635,4,전북특별자치도 전주시 완산구 효자동3가 1635-4,521114598353,전북특별자치도 전주시 완산구 척동10길,10,6,4511114200116350004000001,,전북특별자치도 전주시 완산구 척동10길 10-6,560901,54961,,,,127.10082643443,35.8243618905827
MA010120220813934860,삼화페인트파랑상사,,G2,소매,G210,철물·건설자재 소매,G21003,건설/건축자재 소매업,G47519,"페인트, 창호 및 기타 건설자재 소매업",41,경기도,41310,구리시,41310580,수택2동,4131010500,수택동,4131010500102680001,1,대지,268,1,경기도 구리시 수택동 268-1,413103196015,경기도 구리시 벌말로,177,,4131010500102680001007193,동양상가,경기도 구리시 벌말로 177,471813,11942,,1,,127.149677615808,37.5923284672899
MA010120220813926595,제비표페인트,,G2,소매,G210,철물·건설자재 소매,G21003,건설/건축자재 소매업,G47519,"페인트, 창호 및 기타 건설자재 소매업",48,경상남도,48740,창녕군,48740380,영산면,4874038021,영산면,4874038021101410005,1,대지,141,5,경상남도 창녕군 영산면 서리 141-5,487404823489,경상남도 창녕군 영산면 연지길,17,,4874038021101410005051527,,경상남도 창녕군 영산면 연지길 17,635862,50347,,,,128.528016768302,35.4560106290322
MA010120220813870638,에스에이치서한,,G2,소매,G210,철물·건설자재 소매,G21003,건설/건축자재 소매업,G47519,"페인트, 창호 및 기타 건설자재 소매업",26,부산광역시,26410,금정구,26410600,장전1동,2641010800,장전동,2641010800100600007,1,대지,60,7,부산광역시 금정구 장전동 60-7,264103006033,부산광역시 금정구 금정로,190,,2641010800100600007006079,,부산광역시 금정구 금정로 190,609836,46248,,1,,129.088204972926,35.241420605754
MA010120220813891943,세주유통,,G2,소매,G210,철물·건설자재 소매,G21003,건설/건축자재 소매업,G47519,"페인트, 창호 및 기타 건설자재 소매업",29,광주광역시,29140,서구,29140650,농성1동,2914010600,농성동,2914010600104500000,1,대지,450,,광주광역시 서구 농성동 450,291403009015,광주광역시 서구 월산로,277,,2914010600104500000017983,,광주광역시 서구 월산로 277,502811,61933,,,,126.887838392768,35.1604743943572
MA010120220813982357,형제세라믹,,G2,소매,G210,철물·건설자재 소매,G21003,건설/건축자재 소매업,G47519,"페인트, 창호 및 기타 건설자재 소매업",11,서울특별시,11620,관악구,11620765,미성동,1162010200,신림동,1162010200107440000,1,대지,744,,서울특별시 관악구 신림동 744,116204160350,서울특별시 관악구 미성길,64,,1162010200107440000002849,보성그랑빌,서울특별시 관악구 미성길 64,151898,08866,,,,126.913515916939,37.474441678873
MA010120220813944260,형제종합건재,,G2,소매,G210,철물·건설자재 소매,G21003,건설/건축자재 소매업,G47519,"페인트, 창호 및 기타 건설자재 소매업",51,강원특별자치도,51790,화천군,51790250,화천읍,5179025022,화천읍,5179025022100530005,1,대지,53,5,강원특별자치도 화천군 화천읍 하리 53-5,517904493107,강원특별자치도 화천군 화천읍 중앙로4길,43,9,4279025022100530005000001,,강원특별자치도 화천군 화천읍 중앙로4길 43-9,209804,24128,,,,127.704955898323,38.1026264029588
MA010120220814122790,리모델링전문회사,,G2,소매,G210,철물·건설자재 소매,G21003,건설/건축자재 소매업,G47519,"페인트, 창호 및 기타 건설자재 소매업",44,충청남도,44150,공주시,44150560,옥룡동,4415010900,옥룡동,4415010900100500001,1,대지,50,1,충청남도 공주시 옥룡동 50-1,441503251013,충청남도 공주시 무령로,320,1,4415010900100500001755654,,충청남도 공주시 무령로 320-1,314804,32557,,,,127.135383485072,36.4561134928124
MA010120220814037614,대명도료,,G2,소매,G210,철물·건설자재 소매,G21003,건설/건축자재 소매업,G47519,"페인트, 창호 및 기타 건설자재 소매업",11,서울특별시,11320,도봉구,11320690,방학1동,1132010600,방학동,1132010600106900065,1,대지,690,65,서울특별시 도봉구 방학동 690-65,113203005048,서울특별시 도봉구 방학로,126,,1132010600106900065003449,,서울특별시 도봉구 방학로 126,132851,01344,,1,,127.038194413754,37.6630635448536
MA010120220814062262,유달페인트사,,G2,소매,G210,철물·건설자재 소매,G21003,건설/건축자재 소매업,G47519,"페인트, 창호 및 기타 건설자재 소매업",46,전라남도,46110,목포시,46110520,용당2동,4611010100,용당동,4611010100111420003,1,대지,1142,3,전라남도 목포시 용당동 1142-3,461103281058,전라남도 목포시 용당로,173,,4611010100111420003028858,,전라남도 목포시 용당로 173,530362,58705,,,,126.399752782586,34.8027371262093
MA010120220814157514,아람글로벌,,G2,소매,G210,철물·건설자재 소매,G21003,건설/건축자재 소매업,G47519,"페인트, 창호 및 기타 건설자재 소매업",11,서울특별시,11710,송파구,11710642,문정2동,1171010800,문정동,1171010800106340000,1,대지,634,,서울특별시 송파구 문정동 634,117103123017,서울특별시 송파구 충민로,66,,1171010800105600000000001,엘,서울특별시 송파구 충민로 66,138888,05838,,,,127.12496063833,37.4776148454472
MA010120220814062674,욕실닥터,,G2,소매,G210,철물·건설자재 소매,G21003,건설/건축자재 소매업,G47519,"페인트, 창호 및 기타 건설자재 소매업",41,경기도,41287,고양시 일산서구,41287520,일산2동,4128710100,일산동,4128710100105830069,1,대지,583,69,경기도 고양시 일산서구 일산동 583-69,412874382011,경기도 고양시 일산서구 고봉로329번길,1,,4128710100105830069007517,,경기도 고양시 일산서구 고봉로329번길 1,411864,10339,,,,126.776832240802,37.6885274667413
MA010120220814104497,워터피아,,G2,소매,G210,철물·건설자재 소매,G21003,건설/건축자재 소매업,G47519,"페인트, 창호 및 기타 건설자재 소매업",41,경기도,41570,김포시,41570540,사우동,4157010600,사우동,4157010600103480006,1,대지,348,6,경기도 김포시 사우동 348-6,415704427112,경기도 김포시 김포대로802번길,8,,4157010600103480006022470,,경기도 김포시 김포대로802번길 8,415802,10111,,1,,126.724293765905,37.6181669301429
MA010120220814142868,한일도료,,G2,소매,G210,철물·건설자재 소매,G21003,건설/건축자재 소매업,G47519,"페인트, 창호 및 기타 건설자재 소매업",26,부산광역시,26170,동구,26170570,수정2동,2617010200,수정동,2617010200102150008,1,대지,215,8,부산광역시 동구 수정동 215-8,261703127001,부산광역시 동구 고관로,130,2,2617010200102150008004922,,부산광역시 동구 고관로 130-2,601812,48788,,,,129.047773486095,35.1299532573244
MA010120220814143501,현대종합차유리총판,,G2,소매,G210,철물·건설자재 소매,G21003,건설/건축자재 소매업,G45219,기타 자동차 신품 부품 및 내장품 판매업,28,인천광역시,28177,미추홀구,28177580,학익1동,2817710300,학익동,2817710300105870274,1,대지,587,274,인천광역시 미추홀구 학익동 587-274,281774253457,인천광역시 미추홀구 아암대로227번길,30,,2817010300105870274000001,일부,인천광역시 미추홀구 아암대로227번길 30,402865,22196,,1,,126.634597705732,37.4417513711393
MA010120220813990622,케이티에스엠시,,G2,소매,G210,철물·건설자재 소매,G21003,건설/건축자재 소매업,G47519,"페인트, 창호 및 기타 건설자재 소매업",11,서울특별시,11545,금천구,11545510,가산동,1154510100,가산동,1154510100102190005,1,대지,219,5,서울특별시 금천구 가산동 219-5,115454151192,서울특별시 금천구 디지털로10길,78,,1154510100102190005016815,가산테라타워,서울특별시 금천구 디지털로10길 78,153801,08517,,17,,126.889729831702,37.4745390065155
MA010120220814071962,청풍페인트상사,,G2,소매,G210,철물·건설자재 소매,G21003,건설/건축자재 소매업,G47519,"페인트, 창호 및 기타 건설자재 소매업",41,경기도,41220,평택시,41220250,팽성읍,4122025026,팽성읍,4122025026101870000,1,대지,187,,경기도 평택시 팽성읍 신궁리 187,412203188113,경기도 평택시 팽성읍 팽성북로,340,14,4122025026101870000026128,,경기도 평택시 팽성읍 팽성북로 340-14,451806,18000,,,,127.07110501981,36.9780016662317
MA010120220800421017,이수타일.도기상사,,G2,소매,G210,철물·건설자재 소매,G21003,건설/건축자재 소매업,G47519,"페인트, 창호 및 기타 건설자재 소매업",11,서울특별시,11590,동작구,11590620,사당1동,1159010700,사당동,1159010700110030027,1,대지,1003,27,서울특별시 동작구 사당동 1003-27,115903119004,서울특별시 동작구 사당로,284,,1159010700110030027009753,,서울특별시 동작구 사당로 284,156824,07013,,,,126.979173296219,37.4841393226373
MA010120220800446222,광성사,,G2,소매,G210,철물·건설자재 소매,G21003,건설/건축자재 소매업,G47519,"페인트, 창호 및 기타 건설자재 소매업",11,서울특별시,11560,영등포구,11560710,대림2동,1156013300,대림동,1156013300110280004,1,대지,1028,4,서울특별시 영등포구 대림동 1028-4,115603000026,서울특별시 영등포구 디지털로,372,,1156013300110280004003179,일부,서울특별시 영등포구 디지털로 372,150824,07446,,1,,126.901274128636,37.4903799345638
MA010120220800420001,재성페인트,,G2,소매,G210,철물·건설자재 소매,G21003,건설/건축자재 소매업,G47519,"페인트, 창호 및 기타 건설자재 소매업",11,서울특별시,11590,동작구,11590560,상도4동,1159010200,상도동,1159010200102600011,1,대지,260,11,서울특별시 동작구 상도동 260-11,115903119007,서울특별시 동작구 성대로,79,,1159010200102600011021942,,서울특별시 동작구 성대로 79,156843,06960,,,,126.934952761315,37.4978005440996
MA010120220800526205,문화타일,,G2,소매,G210,철물·건설자재 소매,G21003,건설/건축자재 소매업,G47519,"페인트, 창호 및 기타 건설자재 소매업",11,서울특별시,11500,강서구,11500640,방화2동,1150010900,방화동,1150010900106060006,1,대지,606,6,서울특별시 강서구 방화동 606-6,115003115005,서울특별시 강서구 방화동로,63,,1150010900106060006002220,,서울특별시 강서구 방화동로 63,157851,07615,,1,,126.812297847363,37.5661543432311
MA010120220800503725,삼화페인트,,G2,소매,G210,철물·건설자재 소매,G21003,건설/건축자재 소매업,G47519,"페인트, 창호 및 기타 건설자재 소매업",11,서울특별시,11500,강서구,11500540,화곡1동,1150010300,화곡동,1150010300103730045,1,대지,373,45,서울특별시 강서구 화곡동 373-45,115004145005,서울특별시 강서구 가로공원로76길,42,,1150010300103730045013714,,서울특별시 강서구 가로공원로76길 42,157884,07761,,1,,126.837515830926,37.5351613918715
MA010120220800583758,삼화페인트,,G2,소매,G210,철물·건설자재 소매,G21003,건설/건축자재 소매업,G47519,"페인트, 창호 및 기타 건설자재 소매업",11,서울특별시,11380,은평구,11380625,역촌동,1138010800,역촌동,1138010800100400021,1,대지,40,21,서울특별시 은평구 역촌동 40-21,113804133280,서울특별시 은평구 진흥로1길,22,,1138010800100400021018715,,서울특별시 은평구 진흥로1길 22,122899,03408,,1,,126.918758561554,37.6022882928217
MA010120220800559050,삼화공사,,G2,소매,G210,철물·건설자재 소매,G21003,건설/건축자재 소매업,G47519,"페인트, 창호 및 기타 건설자재 소매업",11,서울특별시,11410,서대문구,11410720,북가좌2동,1141011900,북가좌동,1141011900102890001,1,대지,289,1,서울특별시 서대문구 북가좌동 289-1,114103112010,서울특별시 서대문구 증가로,205,1,1141011900102890001001359,우측,서울특별시 서대문구 증가로 205-1,120812,03685,,1,,126.915533232386,37.5803648955769
MA010120220802143129,바스앤하우스,,G2,소매,G210,철물·건설자재 소매,G21003,건설/건축자재 소매업,G47519,"페인트, 창호 및 기타 건설자재 소매업",46,전라남도,46840,무안군,46840330,청계면,4684033023,청계면,4684033023104810011,1,대지,481,11,전라남도 무안군 청계면 도림리 481-11,468404688104,전라남도 무안군 청계면 도림길,60,1,4684033023104810011000001,보아스수,전라남도 무안군 청계면 도림길 60-1,534834,58553,,,,126.430274315233,34.9106268877071
MA010120220802152417,에스케이지페인트,,G2,소매,G210,철물·건설자재 소매,G21003,건설/건축자재 소매업,G47519,"페인트, 창호 및 기타 건설자재 소매업",44,충청남도,44710,금산군,44710380,복수면,4471038021,복수면,4471038021101150018,1,대지,115,18,충청남도 금산군 복수면 용진리 115-18,447104571236,충청남도 금산군 복수면 복수공단길,37,,4471038021101150018011574,풍국타올,충청남도 금산군 복수면 복수공단길 37,312923,32702,,,,127.436908984614,36.1754486202303
MA010120220802172655,천마페인트지물,,G2,소매,G210,철물·건설자재 소매,G21003,건설/건축자재 소매업,G47519,"페인트, 창호 및 기타 건설자재 소매업",41,경기도,41360,남양주시,41360256,화도읍,4136025628,화도읍,4136025628104610001,1,대지,461,1,경기도 남양주시 화도읍 창현리 461-1,413603197054,경기도 남양주시 화도읍 창현로,17,15,4136025628104610001000329,,경기도 남양주시 화도읍 창현로 17-15,472848,12183,,,,127.306734240732,37.6494355322798
MA010120220802183182,삼화페인트,,G2,소매,G210,철물·건설자재 소매,G21003,건설/건축자재 소매업,G47519,"페인트, 창호 및 기타 건설자재 소매업",41,경기도,41830,양평군,41830330,양서면,4183033022,양서면,4183033022105160004,1,대지,516,4,경기도 양평군 양서면 용담리 516-4,418303217010,경기도 양평군 양서면 목왕로,38,,4183033022105160004025710,,경기도 양평군 양서면 목왕로 38,476824,12584,,,,127.326894846452,37.543722577918
MA010120220802197171,제비표페인트,,G2,소매,G210,철물·건설자재 소매,G21003,건설/건축자재 소매업,G47519,"페인트, 창호 및 기타 건설자재 소매업",41,경기도,41360,남양주시,41360253,진접읍,4136025321,진접읍,4136025321103780007,1,대지,378,7,경기도 남양주시 진접읍 장현리 378-7,413603197045,경기도 남양주시 진접읍 장현로,101,,4136025321103780007024872,,경기도 남양주시 진접읍 장현로 101,472865,12014,,,,127.183017549407,37.7191486315669
MA010120220802213233,칠하는고양이,,G2,소매,G210,철물·건설자재 소매,G21003,건설/건축자재 소매업,G47519,"페인트, 창호 및 기타 건설자재 소매업",41,경기도,41650,포천시,41650310,군내면,4165031027,군내면,4165031027105570002,1,대지,557,2,경기도 포천시 군내면 상성북리 557-2,416503213014,경기도 포천시 군내면 반월산성로,276,,4165031027105570002033060,,경기도 포천시 군내면 반월산성로 276,487873,11152,,,,127.229263312149,37.8966554401115
MA010120220802204454,현준철강,,G2,소매,G210,철물·건설자재 소매,G21003,건설/건축자재 소매업,G47519,"페인트, 창호 및 기타 건설자재 소매업",41,경기도,41310,구리시,41310590,수택3동,4131010700,토평동,4131010700104900015,1,대지,490,15,경기도 구리시 토평동 490-15,413104388176,경기도 구리시 코스모스길,156,1,4131010700104900015000001,,경기도 구리시 코스모스길 156-1,471033,11961,,,,127.144464031408,37.5780001751164
MA010120220802183024,양동페인트,,G2,소매,G210,철물·건설자재 소매,G21003,건설/건축자재 소매업,G47519,"페인트, 창호 및 기타 건설자재 소매업",41,경기도,41830,양평군,41830380,양동면,4183038021,양동면,4183038021101780009,1,대지,178,9,경기도 양평군 양동면 쌍학리 178-9,418304452387,경기도 양평군 양동면 학둔지아래길,88,,4183038021101780009025207,,경기도 양평군 양동면 학둔지아래길 88,476881,12539,,,,127.753774264467,37.4192978235266
MA010120220802251112,한국장애인기업협회남양주시지부,,G2,소매,G210,철물·건설자재 소매,G21003,건설/건축자재 소매업,G47519,"페인트, 창호 및 기타 건설자재 소매업",41,경기도,41360,남양주시,41360540,양정동,4136010400,일패동,4136010400104160005,1,대지,416,5,경기도 남양주시 일패동 416-5,413603000145,경기도 남양주시 경강로,82,15,4136010400104160001008484,,경기도 남양주시 경강로 82-15,472930,12244,,,,127.179706554189,37.6114055626499
MA010120220802237477,줄눈스토어,,G2,소매,G210,철물·건설자재 소매,G21003,건설/건축자재 소매업,G47519,"페인트, 창호 및 기타 건설자재 소매업",41,경기도,41360,남양주시,41360570,별내동,4136011100,별내동,4136011100109750001,1,대지,975,1,경기도 남양주시 별내동 975-1,413603197037,경기도 남양주시 순화궁로,249,,4136011100109750001000001,별내역파라곤스퀘어,경기도 남양주시 순화궁로 249,472501,12106,,,,127.128119051286,37.6518820390067
MA010120220802302775,일하산업,,G2,소매,G210,철물·건설자재 소매,G21003,건설/건축자재 소매업,G47519,"페인트, 창호 및 기타 건설자재 소매업",41,경기도,41194,부천시 소사구,41194530,소사본동,4119410100,소사본동,4119410100102040009,1,대지,204,9,경기도 부천시 소사구 소사본동 204-9,411943012096,경기도 부천시 소사구 소사로,165,1,4119710100102040009014120,,경기도 부천시 소사구 소사로 165-1,422230,14759,,1,,126.795336165261,37.4730616994021
MA010120220802304372,삼화페인트시온상사,,G2,소매,G210,철물·건설자재 소매,G21003,건설/건축자재 소매업,G47519,"페인트, 창호 및 기타 건설자재 소매업",41,경기도,41271,안산시 상록구,41271580,월피동,4127110900,월피동,4127110900104740004,1,대지,474,4,경기도 안산시 상록구 월피동 474-4,412713190060,경기도 안산시 상록구 월피로,97,,4127110900104740004027724,,경기도 안산시 상록구 월피로 97,426854,15273,,1,,126.853211907771,37.3368144543667
MA010120220803907870,서천페인트,,G2,소매,G210,철물·건설자재 소매,G21003,건설/건축자재 소매업,G47519,"페인트, 창호 및 기타 건설자재 소매업",11,서울특별시,11290,성북구,11290780,장위3동,1129013800,장위동,1129013800102700231,1,대지,270,231,서울특별시 성북구 장위동 270-231,112904121730,서울특별시 성북구 한천로90길,7,,1129013800102700231007379,,서울특별시 성북구 한천로90길 7,136826,02778,,,,127.057663499931,37.6163305709096
MA010120220803915428,유미공사,,G2,소매,G210,철물·건설자재 소매,G21003,건설/건축자재 소매업,G47519,"페인트, 창호 및 기타 건설자재 소매업",11,서울특별시,11290,성북구,11290810,석관동,1129013900,석관동,1129013900101240060,1,대지,124,60,서울특별시 성북구 석관동 124-60,112904121713,서울특별시 성북구 한천로76길,45,,1129013900101240060003500,,서울특별시 성북구 한천로76길 45,136816,02781,,,,127.065395202034,37.6113801123886
MA010120220803903467,라이노스,코리아,G2,소매,G210,철물·건설자재 소매,G21003,건설/건축자재 소매업,G47519,"페인트, 창호 및 기타 건설자재 소매업",41,경기도,41610,광주시,41610560,광남1동,4161011300,목동,4161011300101430039,1,대지,143,39,경기도 광주시 목동 143-39,416104433357,경기도 광주시 염소골길,69,,4161011300101430017000004,,경기도 광주시 염소골길 69,464020,12770,,,,127.202202241296,37.3775041736055
MA010120220803916364,마하윈텍,,G2,소매,G210,철물·건설자재 소매,G21003,건설/건축자재 소매업,G47519,"페인트, 창호 및 기타 건설자재 소매업",30,대전광역시,30170,서구,30170582,갈마2동,3017011100,갈마동,3017011100112270000,1,대지,1227,,대전광역시 서구 갈마동 1227,301702010001,대전광역시 서구 대덕대로,105,14,3017011100112270000005347,,대전광역시 서구 대덕대로 105-14,302809,35273,,,,127.373604322897,36.3433290866178
MA010120220803936356,정일도기타일,,G2,소매,G210,철물·건설자재 소매,G21003,건설/건축자재 소매업,G47519,"페인트, 창호 및 기타 건설자재 소매업",11,서울특별시,11320,도봉구,11320690,방학1동,1132010600,방학동,1132010600106770011,1,대지,677,11,서울특별시 도봉구 방학동 677-11,113204127222,서울특별시 도봉구 방학로3길,13,,1132010600106770011018872,,서울특별시 도봉구 방학로3길 13,132849,01390,,1,,127.041072639958,37.662116547524
MA010120220803944880,아름다운욕실,,G2,소매,G210,철물·건설자재 소매,G21003,건설/건축자재 소매업,G47519,"페인트, 창호 및 기타 건설자재 소매업",51,강원특별자치도,51130,원주시,51130310,소초면,5113031024,소초면,5113031024115370007,1,대지,1537,7,강원특별자치도 원주시 소초면 흥양리 1537-7,511303219054,강원특별자치도 원주시 소초면 치악로,2344,,4213031024115370007034221,,강원특별자치도 원주시 소초면 치악로 2344,220836,26310,,,,127.976252919407,37.3840630547159
MA010120220803987030,총각네페인트,,G2,소매,G210,철물·건설자재 소매,G21003,건설/건축자재 소매업,G47519,"페인트, 창호 및 기타 건설자재 소매업",41,경기도,41220,평택시,41220310,진위면,4122031030,진위면,4122031030105060001,1,대지,506,1,경기도 평택시 진위면 견산리 506-1,412203188094,경기도 평택시 진위면 진위서로,58,,4122031030105060001029654,,경기도 평택시 진위면 진위서로 58,451863,17714,,,,127.069471415505,37.1081269692633
MA010120220804034116,이연하우징,,G2,소매,G210,철물·건설자재 소매,G21003,건설/건축자재 소매업,G47519,"페인트, 창호 및 기타 건설자재 소매업",11,서울특별시,11680,강남구,11680531,논현2동,1168010800,논현동,1168010800102080013,1,대지,208,13,서울특별시 강남구 논현동 208-13,116804166790,서울특별시 강남구 학동로30길,5,,1168010800102080013000001,,서울특별시 강남구 학동로30길 5,135996,06104,,,,127.03204416347,37.5137438782005
MA010120220804051976,신기타일위생도기,,G2,소매,G210,철물·건설자재 소매,G21003,건설/건축자재 소매업,G47519,"페인트, 창호 및 기타 건설자재 소매업",41,경기도,41830,양평군,41830310,강상면,4183031022,강상면,4183031022101730003,1,대지,173,3,경기도 양평군 강상면 송학리 173-3,418303217033,경기도 양평군 강상면 강남로,966,,4183031022101730003000001,,경기도 양평군 강상면 강남로 966,476913,12572,,,,127.481898141113,37.48449187408
MA010120220804052075,고고타일,,G2,소매,G210,철물·건설자재 소매,G21003,건설/건축자재 소매업,G47519,"페인트, 창호 및 기타 건설자재 소매업",29,광주광역시,29140,서구,29140650,농성1동,2914010600,농성동,2914010600100320030,1,대지,32,30,광주광역시 서구 농성동 32-30,291402009004,광주광역시 서구 상무대로,1193,,2914010600100320030026522,,광주광역시 서구 상무대로 1193,502809,61936,,,,126.891708542437,35.1554393164079
MA010120220805458241,제넥스,,G2,소매,G210,철물·건설자재 소매,G21003,건설/건축자재 소매업,G47519,"페인트, 창호 및 기타 건설자재 소매업",41,경기도,41273,안산시 단원구,41273532,중앙동,4127310100,고잔동,4127310100105410004,1,대지,541,4,경기도 안산시 단원구 고잔동 541-4,412732190002,경기도 안산시 단원구 중앙대로,915,,4127310100105410001019625,월드코아빌딩,경기도 안산시 단원구 중앙대로 915,425719,15361,,,,126.838268261449,37.317179512457
MA010120220805468935,바스홀릭욕실리모델링,,G2,소매,G210,철물·건설자재 소매,G21003,건설/건축자재 소매업,G47519,"페인트, 창호 및 기타 건설자재 소매업",48,경상남도,48250,김해시,48250540,내외동,4825010800,내동,4825010800110910002,1,대지,1091,2,경상남도 김해시 내동 1091-2,482502335002,경상남도 김해시 금관대로,1306,1,4825010800110910002088651,,경상남도 김해시 금관대로 1306-1,621903,50950,,1,,128.862318096397,35.2403774134408
MA010120220805458917,대전욕실나라,,G2,소매,G210,철물·건설자재 소매,G21003,건설/건축자재 소매업,G47519,"페인트, 창호 및 기타 건설자재 소매업",30,대전광역시,30200,유성구,30200530,온천1동,3020011200,구암동,3020011200106060001,1,대지,606,1,대전광역시 유성구 구암동 606-1,302004301341,대전광역시 유성구 유성대로668번길,64,,3020011200106060001014645,천수빌,대전광역시 유성구 유성대로668번길 64,305801,34177,,1,,127.333273504095,36.3522979206714
MA010120220805525159,협동방수페인트,,G2,소매,G210,철물·건설자재 소매,G21003,건설/건축자재 소매업,G47519,"페인트, 창호 및 기타 건설자재 소매업",41,경기도,41650,포천시,41650510,포천동,4165010100,신읍동,4165010100102300001,1,대지,230,1,경기도 포천시 신읍동 230-1,416503213033,경기도 포천시 왕방로,248,,4165010100102300001035869,,경기도 포천시 왕방로 248,487804,11143,,,,127.202139480783,37.9020747667242
MA010120220805517808,다올도장,,G2,소매,G210,철물·건설자재 소매,G21003,건설/건축자재 소매업,G47519,"페인트, 창호 및 기타 건설자재 소매업",41,경기도,41131,성남시 수정구,41131620,복정동,4113110700,복정동,4113110700106680002,1,대지,668,2,경기도 성남시 수정구 복정동 668-2,411314334275,경기도 성남시 수정구 성남대로1480번길,26,,4113110700106680002000001,,경기도 성남시 수정구 성남대로1480번길 26,461831,13112,,,,127.12898073303,37.4617257162961
MA010120220805504306,상하세라믹,,G2,소매,G210,철물·건설자재 소매,G21003,건설/건축자재 소매업,G47519,"페인트, 창호 및 기타 건설자재 소매업",11,서울특별시,11215,광진구,11215860,구의2동,1121510300,구의동,1121510300100790018,1,대지,79,18,서울특별시 광진구 구의동 79-18,112153104010,서울특별시 광진구 자양로,241,,1121510300100790018007820,예나빌딩,서울특별시 광진구 자양로 241,143819,04993,,1,,127.088413749137,37.5481784276144
MA010120220805564369,청남페인트,,G2,소매,G210,철물·건설자재 소매,G21003,건설/건축자재 소매업,G47519,"페인트, 창호 및 기타 건설자재 소매업",43,충청북도,43111,청주시 상당구,43111670,영운동,4311111900,영운동,4311111900101740008,1,대지,174,8,충청북도 청주시 상당구 영운동 174-8,431113236037,충청북도 청주시 상당구 영운로,13,2,4311111900101740008031031,,충청북도 청주시 상당구 영운로 13-2,360090,28712,,,,127.497775452406,36.6173940861084
MA010120220805540867,민우상사,,G2,소매,G210,철물·건설자재 소매,G21003,건설/건축자재 소매업,G47519,"페인트, 창호 및 기타 건설자재 소매업",26,부산광역시,26140,서구,26140640,충무동,2614012100,충무동2가,2614012100100220002,1,대지,22,2,부산광역시 서구 충무동2가 22-2,261403126017,부산광역시 서구 천마로,217,,2614012100100220002014014,,부산광역시 서구 천마로 217,602012,49252,,,,129.022161570857,35.0949582727924
MA010120220805530627,에스지네트웍스,,G2,소매,G210,철물·건설자재 소매,G21003,건설/건축자재 소매업,G47519,"페인트, 창호 및 기타 건설자재 소매업",29,광주광역시,29200,광산구,29200630,신가동,2920011900,신가동,2920011900109290010,1,대지,929,10,광주광역시 광산구 신가동 929-10,292004289369,광주광역시 광산구 신가번영로8번길,64,,2920011900109290010013540,,광주광역시 광산구 신가번영로8번길 64,506809,62312,,,,126.822765598358,35.1795054375677
MA010120220805558391,남양산업,,G2,소매,G210,철물·건설자재 소매,G21003,건설/건축자재 소매업,G47519,"페인트, 창호 및 기타 건설자재 소매업",43,충청북도,43750,진천군,43750250,진천읍,4375025025,진천읍,4375025025105460008,1,대지,546,8,충청북도 진천군 진천읍 성석리 546-8,437503245024,충청북도 진천군 진천읍 문화로,333,,4375025025105460008006492,,충청북도 진천군 진천읍 문화로 333,365806,27844,,1,,127.447120988411,36.8637522166047
MA010120220806906065,대한페인트,,G2,소매,G210,철물·건설자재 소매,G21003,건설/건축자재 소매업,G47519,"페인트, 창호 및 기타 건설자재 소매업",41,경기도,41271,안산시 상록구,41271532,사이동,4127110300,사동,4127110300114030007,1,대지,1403,7,경기도 안산시 상록구 사동 1403-7,412713190073,경기도 안산시 상록구 평안로,53,1,4127110300114030007000001,,경기도 안산시 상록구 평안로 53-1,426824,15630,,1,,126.853543422958,37.2822752509756
MA010120220806948067,독곶종합페인트,,G2,소매,G210,철물·건설자재 소매,G21003,건설/건축자재 소매업,G47519,"페인트, 창호 및 기타 건설자재 소매업",44,충청남도,44210,서산시,44210250,대산읍,4421025027,대산읍,4421025027108330028,1,대지,833,28,충청남도 서산시 대산읍 대죽리 833-28,442104562014,충청남도 서산시 대산읍 각마등골길,214,39,4421025027108330028000001,,충청남도 서산시 대산읍 각마등골길 214-39,356874,31905,,,,126.396265386968,36.9882108382395
MA010120220806938392,청룡상사,,G2,소매,G210,철물·건설자재 소매,G21003,건설/건축자재 소매업,G47519,"페인트, 창호 및 기타 건설자재 소매업",44,충청남도,44270,당진시,44270510,당진1동,4427010100,읍내동,4427010100101590010,1,대지,159,10,충청남도 당진시 읍내동 159-10,442704595624,충청남도 당진시 청룡길,245,,4483025021101590010086096,,충청남도 당진시 청룡길 245,343920,31777,,,,126.631857210826,36.8904972711666
MA010120220806951890,부일페인트,,G2,소매,G210,철물·건설자재 소매,G21003,건설/건축자재 소매업,G47519,"페인트, 창호 및 기타 건설자재 소매업",26,부산광역시,26410,금정구,26410555,금사회동동,2641011100,금사동,2641011100101110010,1,대지,111,10,부산광역시 금정구 금사동 111-10,264103130026,부산광역시 금정구 반송로,483,,2641011100101110010031669,,부산광역시 금정구 반송로 483,609809,46332,,,,129.116557483375,35.2165700245581
MA010120220806982303,예은타일,,G2,소매,G210,철물·건설자재 소매,G21003,건설/건축자재 소매업,G47519,"페인트, 창호 및 기타 건설자재 소매업",41,경기도,41830,양평군,41830400,용문면,4183040023,용문면,4183040023101990018,1,대지,199,18,경기도 양평군 용문면 삼성리 199-18,418304452478,경기도 양평군 용문면 삼성흑천5길,68,9,4183040023101990018000001,,경기도 양평군 용문면 삼성흑천5길 68-9,476842,12518,,,,127.58247275615,37.480551983579
MA010120220806989886,세종타일,,G2,소매,G210,철물·건설자재 소매,G21003,건설/건축자재 소매업,G47519,"페인트, 창호 및 기타 건설자재 소매업",36,세종특별자치시,36110,세종특별자치시,36110340,금남면,3611034022,금남면,3611034022102250003,1,대지,225,3,세종특별자치시 세종특별자치시 금남면 발산리 225-3,361104574172,세종특별자치시 세종특별자치시 금남면 발산1길,49,,4473034022102250003030158,,세종특별자치시 세종특별자치시 금남면 발산1길 49,339833,30083,,,,127.284552856127,36.4555446978425
MA010120220807042947,서경화학,,G2,소매,G210,철물·건설자재 소매,G21003,건설/건축자재 소매업,G47519,"페인트, 창호 및 기타 건설자재 소매업",41,경기도,41192,부천시 원미구,41192700,상3동,4119210900,상동,4119210900104990002,1,대지,499,2,경기도 부천시 원미구 상동 499-2,411923000067,경기도 부천시 원미구 평천로,597,,4119510900104990002036207,부천자동차백화점,경기도 부천시 원미구 평천로 597,420860,14503,,,,126.757258746668,37.5157873428363
MA010120220807062523,삼화페인트,,G2,소매,G210,철물·건설자재 소매,G21003,건설/건축자재 소매업,G47519,"페인트, 창호 및 기타 건설자재 소매업",47,경상북도,47770,영덕군,47770250,영덕읍,4777025023,영덕읍,4777025023100250013,1,대지,25,13,경상북도 영덕군 영덕읍 남석리 25-13,477704754071,경상북도 영덕군 영덕읍 남석길,37,,4777025023100250013019225,,경상북도 영덕군 영덕읍 남석길 37,766801,36440,,,,129.368883068166,36.4075167309089
MA010120220808379469,하성타일,,G2,소매,G210,철물·건설자재 소매,G21003,건설/건축자재 소매업,G47519,"페인트, 창호 및 기타 건설자재 소매업",52,전북특별자치도,52180,정읍시,52180535,내장상동,5218010300,상동,5218010300104010004,1,대지,401,4,전북특별자치도 정읍시 상동 401-4,521803270044,전북특별자치도 정읍시 충정로,118,,4518010300104010004000001,,전북특별자치도 정읍시 충정로 118,580800,56189,,1,,126.866277266597,35.5636979395177
MA010120220808411456,보성상사,,G2,소매,G210,철물·건설자재 소매,G21003,건설/건축자재 소매업,G47519,"페인트, 창호 및 기타 건설자재 소매업",50,제주특별자치도,50130,서귀포시,50130253,남원읍,5013025325,남원읍,5013025325107780000,1,대지,778,,제주특별자치도 서귀포시 남원읍 의귀리 778,501303351837,제주특별자치도 서귀포시 남원읍 의귀로,144,,5013025325107780000000001,,제주특별자치도 서귀포시 남원읍 의귀로 144,699942,63618,,,,126.716294411684,33.313767144999
MA010120220808388368,포르투나,,G2,소매,G210,철물·건설자재 소매,G21003,건설/건축자재 소매업,G47519,"페인트, 창호 및 기타 건설자재 소매업",47,경상북도,47210,영주시,47210630,가흥2동,4721010500,가흥동,4721010500115710001,1,대지,1571,1,경상북도 영주시 가흥동 1571-1,472104727705,경상북도 영주시 영주로82번길,17,,4721010500115710001000001,,경상북도 영주시 영주로82번길 17,750022,36134,,,,128.609133963886,36.8210656199402
MA010120220808405164,돌담처럼,,G2,소매,G210,철물·건설자재 소매,G21003,건설/건축자재 소매업,G47519,"페인트, 창호 및 기타 건설자재 소매업",51,강원특별자치도,51750,영월군,51750250,영월읍,5175025028,영월읍,5175025028103090028,1,대지,309,28,강원특별자치도 영월군 영월읍 연하리 309-28,517503227017,강원특별자치도 영월군 영월읍 영월로,3168,25,4275025028103090028000001,,강원특별자치도 영월군 영월읍 영월로 3168-25,230809,26230,,,,128.56276018002,37.1903776907634
MA010120220808452567,삼성삼림조합,,G2,소매,G210,철물·건설자재 소매,G21003,건설/건축자재 소매업,G47519,"페인트, 창호 및 기타 건설자재 소매업",28,인천광역시,28140,동구,28140580,송림1동,2814010700,송림동,2814010700102240012,1,대지,224,12,인천광역시 동구 송림동 224-12,281404250134,인천광역시 동구 솔빛로74번길,30,3,2814010700102240012120127,,인천광역시 동구 솔빛로74번길 30-3,401812,22542,,,,126.640788044826,37.4752788270919
MA010120220808442693,에이엘디앤피,,G2,소매,G210,철물·건설자재 소매,G21003,건설/건축자재 소매업,M71531,경영 컨설팅업,51,강원특별자치도,51130,원주시,51130675,반곡관설동,5113011700,반곡동,5113011700119130006,1,대지,1913,6,강원특별자치도 원주시 반곡동 1913-6,511303351211,강원특별자치도 원주시 건강로,31,,4213011700119130006000001,리더스타워,강원특별자치도 원주시 건강로 31,220170,26464,,3,,127.987678424432,37.3245477036636
MA010120220808451332,부부페인트,,G2,소매,G210,철물·건설자재 소매,G21003,건설/건축자재 소매업,G47519,"페인트, 창호 및 기타 건설자재 소매업",48,경상남도,48860,산청군,48860380,신안면,4886038021,신안면,4886038021109290017,1,대지,929,17,경상남도 산청군 신안면 하정리 929-17,488604835253,경상남도 산청군 신안면 원지강변로15번길,24,,4886038021109290017000001,,경상남도 산청군 신안면 원지강변로15번길 24,666962,52249,,,,127.970829820833,35.3018548564745
MA010120220808476364,제비표형제페인트,,G2,소매,G210,철물·건설자재 소매,G21003,건설/건축자재 소매업,G47519,"페인트, 창호 및 기타 건설자재 소매업",52,전북특별자치도,52800,부안군,52800410,줄포면,5280041021,줄포면,5280041021103820038,1,대지,382,38,전북특별자치도 부안군 줄포면 줄포리 382-38,528003280086,전북특별자치도 부안군 줄포면 줄포중앙로,65,,4580041021103820038072067,,전북특별자치도 부안군 줄포면 줄포중앙로 65,579883,56326,,1,,126.678911774016,35.5918163676121
MA010120220808479170,이화타일,,G2,소매,G210,철물·건설자재 소매,G21003,건설/건축자재 소매업,G47519,"페인트, 창호 및 기타 건설자재 소매업",44,충청남도,44800,홍성군,44800250,홍성읍,4480025025,홍성읍,4480025025104840003,1,대지,484,3,충청남도 홍성군 홍성읍 옥암리 484-3,448004586169,충청남도 홍성군 홍성읍 내포로251번길,4,,4480025025104840003000001,,충청남도 홍성군 홍성읍 내포로251번길 4,350808,32250,,,,126.643245128255,36.5902258110879
MA010120220808478123,대전타일세라믹,,G2,소매,G210,철물·건설자재 소매,G21003,건설/건축자재 소매업,G47519,"페인트, 창호 및 기타 건설자재 소매업",30,대전광역시,30170,서구,30170593,도안동,3017011500,도안동,3017011500111720000,1,대지,1172,,대전광역시 서구 도안동 1172,301704298644,대전광역시 서구 원도안로207번길,16,56,3017011500111720000000001,,대전광역시 서구 원도안로207번길 16-56,302318,35352,,,,127.344782472767,36.3246531791155
MA010120220809875671,삼화페인트중동상사,,G2,소매,G210,철물·건설자재 소매,G21003,건설/건축자재 소매업,G47519,"페인트, 창호 및 기타 건설자재 소매업",41,경기도,41192,부천시 원미구,41192530,심곡3동,4119210200,심곡동,4119210200102980001,1,대지,298,1,경기도 부천시 원미구 심곡동 298-1,411924352334,경기도 부천시 원미구 신흥로93번길,7,,4119510200102980001008821,,경기도 부천시 원미구 신흥로93번길 7,420825,14612,,1,,126.777553718269,37.4920858593071
MA010120220809881771,가비세라믹,,G2,소매,G210,철물·건설자재 소매,G21003,건설/건축자재 소매업,G47519,"페인트, 창호 및 기타 건설자재 소매업",11,서울특별시,11590,동작구,11590640,사당3동,1159010700,사당동,1159010700101610046,1,대지,161,46,서울특별시 동작구 사당동 161-46,115904157284,서울특별시 동작구 사당로29길,70,,1159010700101610046007913,,서울특별시 동작구 사당로29길 70,156817,07007,,,,126.976458837323,37.4869499589155
MA010120220809919893,신성,,G2,소매,G210,철물·건설자재 소매,G21003,건설/건축자재 소매업,G47519,"페인트, 창호 및 기타 건설자재 소매업",41,경기도,41173,안양시 동안구,41173559,인덕원동,4117310200,관양동,4117310200118020000,1,대지,1802,,경기도 안양시 동안구 관양동 1802,411733196015,경기도 안양시 동안구 벌말로,126,,4117310200108130000014292,실평촌오비즈타워,경기도 안양시 동안구 벌말로 126,431062,14057,,,,126.9703084744,37.3995321203466
MA010120220809893470,인우테크,,G2,소매,G210,철물·건설자재 소매,G21003,건설/건축자재 소매업,G47519,"페인트, 창호 및 기타 건설자재 소매업",48,경상남도,48330,양산시,48330570,덕계동,4833012000,덕계동,4833012000112460000,1,대지,1246,,경상남도 양산시 덕계동 1246,483303338017,경상남도 양산시 덕계서로,164,,4833012000112460000026018,,경상남도 양산시 덕계서로 164,626240,50556,,,,129.145089920114,35.3699712938195
MA010120220809954294,다경물산,,G2,소매,G210,철물·건설자재 소매,G21003,건설/건축자재 소매업,G47519,"페인트, 창호 및 기타 건설자재 소매업",26,부산광역시,26500,수영구,26500760,광안1동,2650010400,광안동,2650010400101200005,1,대지,120,5,부산광역시 수영구 광안동 120-5,265004214195,부산광역시 수영구 무학로34번길,6,,2650010400101200005016966,다경물산,부산광역시 수영구 무학로34번길 6,613802,48291,,1,,129.117294433375,35.1612086856541
MA010120220809997961,킴스테크,,G2,소매,G210,철물·건설자재 소매,G21003,건설/건축자재 소매업,G47519,"페인트, 창호 및 기타 건설자재 소매업",46,전라남도,46170,나주시,46170620,빛가람동,4617013400,빛가람동,4617013400102800000,1,대지,280,,전라남도 나주시 빛가람동 280,461704685303,전라남도 나주시 배멧2길,25,,4617013400102800000000001,스페이스코웍,전라남도 나주시 배멧2길 25,520350,58325,,3,,126.793242011022,35.0199077336386
MA010120220809991053,우정이앤씨,,G2,소매,G210,철물·건설자재 소매,G21003,건설/건축자재 소매업,G47519,"페인트, 창호 및 기타 건설자재 소매업",27,대구광역시,27290,달서구,27290640,송현2동,2729012200,송현동,2729012200119220015,1,대지,1922,15,대구광역시 달서구 송현동 1922-15,272904241362,대구광역시 달서구 송현로16길,86,,2729012200119220015030160,,대구광역시 달서구 송현로16길 86,704826,42742,,1,,128.545988422147,35.8276903125269
MA010120220809986132,벤자민무어페인트제주,,G2,소매,G210,철물·건설자재 소매,G21003,건설/건축자재 소매업,G47519,"페인트, 창호 및 기타 건설자재 소매업",50,제주특별자치도,50110,제주시,50110540,이도2동,5011010400,이도이동,5011010400103870005,1,대지,387,5,제주특별자치도 제주시 이도이동 387-5,501103349137,제주특별자치도 제주시 연삼로,455,,5011010400103870005044755,,제주특별자치도 제주시 연삼로 455,690824,63217,,,,126.538734046586,33.4983526890286
MA010120220811389356,미성페인트,,G2,소매,G210,철물·건설자재 소매,G21003,건설/건축자재 소매업,G47519,"페인트, 창호 및 기타 건설자재 소매업",26,부산광역시,26290,남구,26290690,문현2동,2629010900,문현동,2629010900105190007,1,대지,519,7,부산광역시 남구 문현동 519-7,262902006005,부산광역시 남구 전포대로,100,,2629010900105190007017379,,부산광역시 남구 전포대로 100,608826,48411,,,,129.067034794804,35.1455406946776
MA010120220811391959,제비표,,G2,소매,G210,철물·건설자재 소매,G21003,건설/건축자재 소매업,G47519,"페인트, 창호 및 기타 건설자재 소매업",26,부산광역시,26290,남구,26290530,대연3동,2629010600,대연동,2629010600105480004,1,대지,548,4,부산광역시 남구 대연동 548-4,262904193149,부산광역시 남구 수영로266번길,106,,2629010600105480004001260,,부산광역시 남구 수영로266번길 106,608810,48501,,,,129.099934014786,35.1325838745617
MA010120220811408371,유일페인트,,G2,소매,G210,철물·건설자재 소매,G21003,건설/건축자재 소매업,G47519,"페인트, 창호 및 기타 건설자재 소매업",26,부산광역시,26290,남구,26290700,문현3동,2629010900,문현동,2629010900102540019,1,대지,254,19,부산광역시 남구 문현동 254-19,262903131037,부산광역시 남구 수영로,61,,2629010900102540019030427,,부산광역시 남구 수영로 61,608043,48421,,1,,129.074216160645,35.1358385797275
MA010120220811395302,용당페인트,,G2,소매,G210,철물·건설자재 소매,G21003,건설/건축자재 소매업,G47519,"페인트, 창호 및 기타 건설자재 소매업",26,부산광역시,26290,남구,26290610,용당동,2629010800,용당동,2629010800105830002,1,대지,583,2,부산광역시 남구 용당동 583-2,262904193342,부산광역시 남구 유엔평화로76번길,124,,2629010800105830002016197,,부산광역시 남구 유엔평화로76번길 124,608830,48534,,,,129.095668491516,35.1249438199564
MA010120220811395607,성일사페인트,,G2,소매,G210,철물·건설자재 소매,G21003,건설/건축자재 소매업,G47519,"페인트, 창호 및 기타 건설자재 소매업",26,부산광역시,26410,금정구,26410590,부곡3동,2641010900,부곡동,2641010900102210035,1,대지,221,35,부산광역시 금정구 부곡동 221-35,264103135021,부산광역시 금정구 무학송로,72,2,2641010900102210015034315,,부산광역시 금정구 무학송로 72-2,609820,46266,,,,129.093124827235,35.237532752017
MA010120220811420477,미광페인트,,G2,소매,G210,철물·건설자재 소매,G21003,건설/건축자재 소매업,G47519,"페인트, 창호 및 기타 건설자재 소매업",26,부산광역시,26290,남구,26290700,문현3동,2629010900,문현동,2629010900102730004,1,대지,273,4,부산광역시 남구 문현동 273-4,262903131037,부산광역시 남구 수영로,77,,2629010900102730004014941,,부산광역시 남구 수영로 77,608043,48455,,1,,129.075786453606,35.1350366823658
MA010120220811417419,합천페인트,,G2,소매,G210,철물·건설자재 소매,G21003,건설/건축자재 소매업,G47519,"페인트, 창호 및 기타 건설자재 소매업",26,부산광역시,26350,해운대구,26350560,송정동,2635010800,송정동,2635010800101580005,1,대지,158,5,부산광역시 해운대구 송정동 158-5,263502006010,부산광역시 해운대구 해운대로,1078,,2635010800101580005014388,,부산광역시 해운대구 해운대로 1078,612040,48073,,,,129.199825213866,35.1816080498391
MA010120220811485188,도도페인트,,G2,소매,G210,철물·건설자재 소매,G21003,건설/건축자재 소매업,G47519,"페인트, 창호 및 기타 건설자재 소매업",48,경상남도,48250,김해시,48250520,회현동,4825010200,서상동,4825010200102620001,1,대지,262,1,경상남도 김해시 서상동 262-1,482504805397,경상남도 김해시 분성로308번길,19,,4825010200102620001055295,,경상남도 김해시 분성로308번길 19,621030,50920,,,,128.880237974286,35.2315119703023
MA010120220811507146,동진철강,,G2,소매,G210,철물·건설자재 소매,G21003,건설/건축자재 소매업,G47519,"페인트, 창호 및 기타 건설자재 소매업",44,충청남도,44760,부여군,44760250,부여읍,4476025031,부여읍,4476025031105820001,1,대지,582,1,충청남도 부여군 부여읍 쌍북리 582-1,447603000095,충청남도 부여군 부여읍 계백로,413,,4476025031105820001017640,,충청남도 부여군 부여읍 계백로 413,323808,33148,,,,126.921527905214,36.2826517027848
MA010120220811474394,우일페인트,,G2,소매,G210,철물·건설자재 소매,G21003,건설/건축자재 소매업,G47519,"페인트, 창호 및 기타 건설자재 소매업",26,부산광역시,26350,해운대구,26350510,우1동,2635010500,우동,2635010500105200042,1,대지,520,42,부산광역시 해운대구 우동 520-42,263504199128,부산광역시 해운대구 우동1로20번가길,15,,2635010500105200042000001,,부산광역시 해운대구 우동1로20번가길 15,612820,48087,,,,129.159000754569,35.1656538621634
MA010120220811491146,칠칠페인트,,G2,소매,G210,철물·건설자재 소매,G21003,건설/건축자재 소매업,G47519,"페인트, 창호 및 기타 건설자재 소매업",48,경상남도,48240,사천시,48240510,동서동,4824010100,동동,4824010100101840038,1,대지,184,38,경상남도 사천시 동동 184-38,482404802352,경상남도 사천시 서부시장길,60,,4824010100101840039023678,,경상남도 사천시 서부시장길 60,664020,52569,,,,128.070418268205,34.928015097445
MA010120220811495022,제일도료사,,G2,소매,G210,철물·건설자재 소매,G21003,건설/건축자재 소매업,G47519,"페인트, 창호 및 기타 건설자재 소매업",48,경상남도,48240,사천시,48240510,동서동,4824010200,서동,4824010200103110022,1,대지,311,22,경상남도 사천시 서동 311-22,482404802481,경상남도 사천시 어시장길,18,1,4824010200103110022068973,,경상남도 사천시 어시장길 18-1,664836,52569,,,,128.068653390454,34.9269490263842
MA010120220811472600,지연도장,,G2,소매,G210,철물·건설자재 소매,G21003,건설/건축자재 소매업,G47519,"페인트, 창호 및 기타 건설자재 소매업",26,부산광역시,26350,해운대구,26350650,재송1동,2635010400,재송동,2635010400110790018,1,대지,1079,18,부산광역시 해운대구 재송동 1079-18,263504199198,부산광역시 해운대구 재송1로46번길,28,,2635010400110790018001205,,부산광역시 해운대구 재송1로46번길 28,612831,48055,,,,129.123207215013,35.1864544469085
MA010120220811517721,동성페인트,,G2,소매,G210,철물·건설자재 소매,G21003,건설/건축자재 소매업,G47519,"페인트, 창호 및 기타 건설자재 소매업",31,울산광역시,31200,북구,31200560,효문동,3120012200,연암동,3120012200103020001,1,대지,302,1,울산광역시 북구 연암동 302-1,312004316241,울산광역시 북구 연암7길,2,,3120012200103020001007205,,울산광역시 북구 연암7길 2,683805,44245,,,,129.370139583606,35.5836858955604
MA010120220800232980,으뜸안전건자재,,G2,소매,G210,철물·건설자재 소매,G21003,건설/건축자재 소매업,G47519,"페인트, 창호 및 기타 건설자재 소매업",50,제주특별자치도,50110,제주시,50110650,연동,5011013700,연동,5011013700103140118,1,대지,314,118,제주특별자치도 제주시 연동 314-118,501104847777,제주특별자치도 제주시 비월1길,20,,5011013700103140118007122,,제주특별자치도 제주시 비월1길 20,690815,63134,,2,,126.499274105781,33.4849641378154
MA010120220800219502,미래건축,,G2,소매,G210,철물·건설자재 소매,G21003,건설/건축자재 소매업,G47519,"페인트, 창호 및 기타 건설자재 소매업",11,서울특별시,11410,서대문구,11410700,남가좌2동,1141012000,남가좌동,1141012000100050187,1,대지,5,187,서울특별시 서대문구 남가좌동 5-187,114104136077,서울특별시 서대문구 명지대3길,25,,1141012000100050187004509,,서울특별시 서대문구 명지대3길 25,120800,03673,,,,126.922301599551,37.5819552931564
MA010120220800298287,호경타일건재,,G2,소매,G210,철물·건설자재 소매,G21003,건설/건축자재 소매업,G47519,"페인트, 창호 및 기타 건설자재 소매업",48,경상남도,48129,창원시 진해구,48129550,태백동,4812913700,여좌동,4812913700108180002,1,대지,818,2,경상남도 창원시 진해구 여좌동 818-2,481293331067,경상남도 창원시 진해구 충장로,185,,4812913700108180002014928,,경상남도 창원시 진해구 충장로 185,645806,51694,,,,128.672316049813,35.1526337659499
MA010120220800291006,연창페인트,,G2,소매,G210,철물·건설자재 소매,G21003,건설/건축자재 소매업,G47519,"페인트, 창호 및 기타 건설자재 소매업",11,서울특별시,11170,용산구,11170570,원효로2동,1117011700,원효로3가,1117011700100580001,1,대지,58,1,서울특별시 용산구 원효로3가 58-1,111704106245,서울특별시 용산구 원효로41길,9,,1117011700100580001017385,,서울특별시 용산구 원효로41길 9,140848,04363,,1,,126.958126369859,37.5343016771063
MA010120220800329226,신천리상사,,G2,소매,G210,철물·건설자재 소매,G21003,건설/건축자재 소매업,G47519,"페인트, 창호 및 기타 건설자재 소매업",41,경기도,41271,안산시 상록구,41271580,월피동,4127110900,월피동,4127110900105080006,1,대지,508,6,경기도 안산시 상록구 월피동 508-6,412713190083,경기도 안산시 상록구 광덕산1로,21,,4127110900105080006008206,거상아트텔,경기도 안산시 상록구 광덕산1로 21,426855,15258,,6,,126.844877138202,37.3346593678114
MA010120220800344842,에이원켐텍,,G2,소매,G210,철물·건설자재 소매,G21003,건설/건축자재 소매업,G47519,"페인트, 창호 및 기타 건설자재 소매업",41,경기도,41173,안양시 동안구,41173578,귀인동,4117310300,평촌동,4117310300109320004,1,대지,932,4,경기도 안양시 동안구 평촌동 932-4,411733183003,경기도 안양시 동안구 관평로,76,,4117310300109320004004577,꿈마을한신7단지,경기도 안양시 동안구 관평로 76,431710,14102,,,,126.966328586494,37.3842407003438
MA010120220800378072,국제페인트,,G2,소매,G210,철물·건설자재 소매,G21003,건설/건축자재 소매업,G47519,"페인트, 창호 및 기타 건설자재 소매업",11,서울특별시,11560,영등포구,11560605,문래동,1156012000,문래동2가,1156012000100140059,1,대지,14,59,서울특별시 영등포구 문래동2가 14-59,115603116010,서울특별시 영등포구 도림로,425,,1156012000100140059024723,,서울특별시 영등포구 도림로 425,150092,07290,,1,,126.895429335674,37.5138551067976
MA010120220800378637,태화건업,,G2,소매,G210,철물·건설자재 소매,G21003,건설/건축자재 소매업,G47519,"페인트, 창호 및 기타 건설자재 소매업",48,경상남도,48125,창원시 마산합포구,48125565,반월중앙동,4812514700,중앙동1가,4812514700100010074,1,대지,1,74,경상남도 창원시 마산합포구 중앙동1가 1-74,481254787265,경상남도 창원시 마산합포구 반월동1길,8,,4812514700100010074048906,,경상남도 창원시 마산합포구 반월동1길 8,631421,51739,,,,128.564301052211,35.1913162269643
MA010120220801974655,럭키페인트상사,,G2,소매,G210,철물·건설자재 소매,G21003,건설/건축자재 소매업,G47519,"페인트, 창호 및 기타 건설자재 소매업",41,경기도,41194,부천시 소사구,41194530,소사본동,4119410100,소사본동,4119410100100910028,1,대지,91,28,경기도 부천시 소사구 소사본동 91-28,411943000028,경기도 부천시 소사구 경인로,326,,4119710100100910031007570,,경기도 부천시 소사구 경인로 326,422807,14754,,,,126.791716275108,37.4820474338776
MA010120220801977709,삼화페인트,,G2,소매,G210,철물·건설자재 소매,G21003,건설/건축자재 소매업,G47519,"페인트, 창호 및 기타 건설자재 소매업",41,경기도,41210,광명시,41210520,광명2동,4121010100,광명동,4121010100100970002,1,대지,97,2,경기도 광명시 광명동 97-2,412104361141,경기도 광명시 목감로228번길,9,,4121010100100970002004222,,경기도 광명시 목감로228번길 9,423806,14201,,,,126.855369033942,37.4827641934069
MA010120220801991285,서울페인트지업사,,G2,소매,G210,철물·건설자재 소매,G21003,건설/건축자재 소매업,G47519,"페인트, 창호 및 기타 건설자재 소매업",48,경상남도,48870,함양군,48870310,마천면,4887031021,마천면,4887031021105950000,1,대지,595,,경상남도 함양군 마천면 가흥리 595,488703000202,경상남도 함양군 마천면 천왕봉로,1164,,4887031021105950000020410,,경상남도 함양군 마천면 천왕봉로 1164,676911,50055,,,,127.664912865519,35.3963351851118
MA010120220801973156,유진타이루,,G2,소매,G210,철물·건설자재 소매,G21003,건설/건축자재 소매업,G47519,"페인트, 창호 및 기타 건설자재 소매업",41,경기도,41196,부천시 오정구,41196530,원종2동,4119610400,원종동,4119610400102300002,1,대지,230,2,경기도 부천시 오정구 원종동 230-2,411963012096,경기도 부천시 오정구 소사로,799,,4119910400102300002025299,,경기도 부천시 오정구 소사로 799,421202,14427,,,,126.80458894905,37.5274079480649
MA010120220801970858,유로타일상사,,G2,소매,G210,철물·건설자재 소매,G21003,건설/건축자재 소매업,G47519,"페인트, 창호 및 기타 건설자재 소매업",28,인천광역시,28200,남동구,28200522,구월4동,2820010100,구월동,2820010100112770008,1,대지,1277,8,인천광역시 남동구 구월동 1277-8,282004259750,인천광역시 남동구 호구포로764번길,13,,2820010100112770008029089,,인천광역시 남동구 호구포로764번길 13,405839,21536,,,,126.719665872961,37.450651478263
MA010120220802046595,역곡타일,,G2,소매,G210,철물·건설자재 소매,G21003,건설/건축자재 소매업,G47519,"페인트, 창호 및 기타 건설자재 소매업",41,경기도,41192,부천시 원미구,41192580,역곡2동,4119210700,역곡동,4119210700100730007,1,대지,73,7,경기도 부천시 원미구 역곡동 73-7,411923184012,경기도 부천시 원미구 역곡로,37,,4119510700100730007041593,,경기도 부천시 원미구 역곡로 37,420834,14664,,,,126.810174518269,37.4884306310607
MA010120220802006113,서광타일상사,,G2,소매,G210,철물·건설자재 소매,G21003,건설/건축자재 소매업,G47519,"페인트, 창호 및 기타 건설자재 소매업",41,경기도,41194,부천시 소사구,41194520,심곡본동,4119410200,심곡본동,4119410200107760006,1,대지,776,6,경기도 부천시 소사구 심곡본동 776-6,411943000028,경기도 부천시 소사구 경인로,311,,4119710200107760006000044,,경기도 부천시 소사구 경인로 311,422823,14704,,,,126.79038025801,37.4827208265595
MA010120220802081187,국제상사,,G2,소매,G210,철물·건설자재 소매,G21003,건설/건축자재 소매업,G47519,"페인트, 창호 및 기타 건설자재 소매업",28,인천광역시,28177,미추홀구,28177640,주안3동,2817710500,주안동,2817710500114210007,1,대지,1421,7,인천광역시 미추홀구 주안동 1421-7,281774253263,인천광역시 미추홀구 미추홀대로597번길,107,,2817010600114210007097010,,인천광역시 미추홀구 미추홀대로597번길 107,402856,22214,,,,126.673553971073,37.451073712124
MA010120220802100692,일화상사,,G2,소매,G210,철물·건설자재 소매,G21003,건설/건축자재 소매업,G47519,"페인트, 창호 및 기타 건설자재 소매업",28,인천광역시,28177,미추홀구,28177670,주안6동,2817710500,주안동,2817710500109180019,1,대지,918,19,인천광역시 미추홀구 주안동 918-19,281773000028,인천광역시 미추홀구 경인로,497,,2817010600109180019180371,,인천광역시 미추홀구 경인로 497,402848,22144,,,,126.694549060902,37.4601939949633
MA010120220802052227,이화사,,G2,소매,G210,철물·건설자재 소매,G21003,건설/건축자재 소매업,G47519,"페인트, 창호 및 기타 건설자재 소매업",41,경기도,41194,부천시 소사구,41194520,심곡본동,4119410200,심곡본동,4119410200107370010,1,대지,737,10,경기도 부천시 소사구 심곡본동 737-10,411944355159,경기도 부천시 소사구 성주로270번길,11,1,4119710200107370010009560,,경기도 부천시 소사구 성주로270번길 11-1,422823,14750,,1,,126.782862469878,37.4824009071695
MA010120220802075243,대광페인트,,G2,소매,G210,철물·건설자재 소매,G21003,건설/건축자재 소매업,G47519,"페인트, 창호 및 기타 건설자재 소매업",28,인천광역시,28140,동구,28140580,송림1동,2814010700,송림동,2814010700101700004,1,대지,170,4,인천광역시 동구 송림동 170-4,281403150010,인천광역시 동구 솔빛로,62,2,2814010700101700004205524,,인천광역시 동구 솔빛로 62-2,401811,22542,,,,126.64014874327,37.4765743292367
MA010120220802092405,도화상사,,G2,소매,G210,철물·건설자재 소매,G21003,건설/건축자재 소매업,G47519,"페인트, 창호 및 기타 건설자재 소매업",28,인천광역시,28177,미추홀구,28177610,도화2.3동,2817710400,도화동,2817710400107500000,1,대지,750,,인천광역시 미추홀구 도화동 750,281773150037,인천광역시 미추홀구 송림로,317,,2817010500107500000152098,,인천광역시 미추홀구 송림로 317,402062,22111,,,,126.668210318109,37.4762059566807
MA010120220803712259,수영건업,,G2,소매,G210,철물·건설자재 소매,G21003,건설/건축자재 소매업,G47519,"페인트, 창호 및 기타 건설자재 소매업",29,광주광역시,29200,광산구,29200515,송정1동,2920010100,송정동,2920010100102690005,1,대지,269,5,광주광역시 광산구 송정동 269-5,292003163034,광주광역시 광산구 용보로,21,,2920010100102690005008057,,광주광역시 광산구 용보로 21,506804,62433,,1,,126.801176546213,35.1367205098957
MA010120220803695716,예천도료상사,,G2,소매,G210,철물·건설자재 소매,G21003,건설/건축자재 소매업,G47519,"페인트, 창호 및 기타 건설자재 소매업",11,서울특별시,11230,동대문구,11230740,이문1동,1123011000,이문동,1123011000102910090,1,대지,291,90,서울특별시 동대문구 이문동 291-90,112303105016,서울특별시 동대문구 천장산로,3,,1123011000102910090003344,,서울특별시 동대문구 천장산로 3,130831,02450,,,,127.060638471871,37.5975614656096
MA010120220803699084,일신도료,,G2,소매,G210,철물·건설자재 소매,G21003,건설/건축자재 소매업,G47519,"페인트, 창호 및 기타 건설자재 소매업",11,서울특별시,11230,동대문구,11230705,청량리동,1123010700,청량리동,1123010700100020005,1,대지,2,5,서울특별시 동대문구 청량리동 2-5,112303105008,서울특별시 동대문구 왕산로,295,3,1123010700100180004013426,좌측점포,서울특별시 동대문구 왕산로 295-3,130866,02462,,1,,127.052092904599,37.5868167129928
MA010120220803710628,바른페인트페인트신사,,G2,소매,G210,철물·건설자재 소매,G21003,건설/건축자재 소매업,G47519,"페인트, 창호 및 기타 건설자재 소매업",43,충청북도,43130,충주시,43130540,교현2동,4313010500,교현동,4313010500106130003,1,대지,613,3,충청북도 충주시 교현동 613-3,431303238057,충청북도 충주시 천변로,177,,4313010500106130003006182,,충청북도 충주시 천변로 177,380951,27377,,1,,127.927839116176,36.9764337050833
MA010120220803721220,노루페인트,,G2,소매,G210,철물·건설자재 소매,G21003,건설/건축자재 소매업,G47519,"페인트, 창호 및 기타 건설자재 소매업",41,경기도,41131,성남시 수정구,41131560,태평3동,4113110200,태평동,4113110200137860001,1,대지,3786,1,경기도 성남시 수정구 태평동 3786-1,411314334084,경기도 성남시 수정구 남문로60번길,1,,4113110200137860001034544,,경기도 성남시 수정구 남문로60번길 1,461828,13301,,1,,127.133552762043,37.4457727155568
MA010120220803694934,대산목재부산물,,G2,소매,G210,철물·건설자재 소매,G21003,건설/건축자재 소매업,G47519,"페인트, 창호 및 기타 건설자재 소매업",41,경기도,41133,성남시 중원구,41133560,은행2동,4113310400,은행동,4113310400106160000,1,대지,616,,경기도 성남시 중원구 은행동 616,411334337282,경기도 성남시 중원구 순환로465번길,24,,4113310400106160000006257,,경기도 성남시 중원구 순환로465번길 24,462830,13149,,,,127.168903794287,37.4618195606499
MA010120220803816711,서원하우징,,G2,소매,G210,철물·건설자재 소매,G21003,건설/건축자재 소매업,G47519,"페인트, 창호 및 기타 건설자재 소매업",11,서울특별시,11680,강남구,11680690,개포4동,1168010300,개포동,1168010300112590003,1,대지,1259,3,서울특별시 강남구 개포동 1259-3,116803122001,서울특별시 강남구 개포로,241,,1168010300102590003020430,선모빌딩,서울특별시 강남구 개포로 241,135965,06306,,1,,127.048954171426,37.4791123971358
MA010120220803836163,광성상사,,G2,소매,G210,철물·건설자재 소매,G21003,건설/건축자재 소매업,G47519,"페인트, 창호 및 기타 건설자재 소매업",11,서울특별시,11215,광진구,11215847,자양4동,1121510500,자양동,1121510500102500070,1,대지,250,70,서울특별시 광진구 자양동 250-70,112153000001,서울특별시 광진구 동일로,72,,1121510500102500070016115,,서울특별시 광진구 동일로 72,143842,05079,,,,127.06254863978,37.5391849684797
MA010120220803834456,광진타일,,G2,소매,G210,철물·건설자재 소매,G21003,건설/건축자재 소매업,G47519,"페인트, 창호 및 기타 건설자재 소매업",11,서울특별시,11215,광진구,11215847,자양4동,1121510500,자양동,1121510500102360127,1,대지,236,127,서울특별시 광진구 자양동 236-127,112153103010,서울특별시 광진구 뚝섬로,462,,1121510500102360127015984,,서울특별시 광진구 뚝섬로 462,143846,05081,,,,127.061799984435,37.5369148422167
MA010120220803840117,페인트스토어,,G2,소매,G210,철물·건설자재 소매,G21003,건설/건축자재 소매업,G47519,"페인트, 창호 및 기타 건설자재 소매업",41,경기도,41194,부천시 소사구,41194600,송내2동,4119410500,송내동,4119410500105630007,1,대지,563,7,경기도 부천시 소사구 송내동 563-7,411943000028,경기도 부천시 소사구 경인로,147,,4119710500105630007000017,,경기도 부천시 소사구 경인로 147,422818,14724,,1,,126.771844511033,37.4842542389028
MA010120220805251371,대륙공사,,G2,소매,G210,철물·건설자재 소매,G21003,건설/건축자재 소매업,G47519,"페인트, 창호 및 기타 건설자재 소매업",48,경상남도,48125,창원시 마산합포구,48125630,오동동,4812512600,신포동2가,4812512600101050005,1,대지,105,5,경상남도 창원시 마산합포구 신포동2가 105-5,481254787148,경상남도 창원시 마산합포구 동서남1길,22,,4812512600101050005036769,,경상남도 창원시 마산합포구 동서남1길 22,631860,51734,,1,,128.570345008936,35.2018816289766
MA010120220805273380,삼정페인트,,G2,소매,G210,철물·건설자재 소매,G21003,건설/건축자재 소매업,G47519,"페인트, 창호 및 기타 건설자재 소매업",11,서울특별시,11260,중랑구,11260570,면목7동,1126010100,면목동,1126010100103530025,1,대지,353,25,서울특별시 중랑구 면목동 353-25,112603005027,서울특별시 중랑구 면목로,273,,1126010100103530025020663,,서울특별시 중랑구 면목로 273,131827,02240,,1,,127.085708576433,37.5773006215343
MA010120220805287121,제비표월드상사,,G2,소매,G210,철물·건설자재 소매,G21003,건설/건축자재 소매업,G47519,"페인트, 창호 및 기타 건설자재 소매업",41,경기도,41550,안성시,41550380,원곡면,4155038026,원곡면,4155038026101870000,1,대지,187,,경기도 안성시 원곡면 외가천리 187,415503012021,경기도 안성시 원곡면 만세로,1359,,4155038026101870000032044,,경기도 안성시 원곡면 만세로 1359,456811,17556,,,,127.133064387274,37.04051039747
MA010120220805282599,인제타일,,G2,소매,G210,철물·건설자재 소매,G21003,건설/건축자재 소매업,G47519,"페인트, 창호 및 기타 건설자재 소매업",51,강원특별자치도,51810,인제군,51810250,인제읍,5181025024,인제읍,5181025024106940001,1,대지,694,1,강원특별자치도 인제군 인제읍 덕산리 694-1,518104499047,강원특별자치도 인제군 인제읍 덕산로20번길,11,,4281025024006940001010204,,강원특별자치도 인제군 인제읍 덕산로20번길 11,252801,24627,,,,128.188045339613,38.0795012433649
MA010120220805388672,엔이오기업,,G2,소매,G210,철물·건설자재 소매,G21003,건설/건축자재 소매업,G47519,"페인트, 창호 및 기타 건설자재 소매업",29,광주광역시,29140,서구,29140575,양동,2914010400,양동,2914010400101480003,1,대지,148,3,광주광역시 서구 양동 148-3,291403009001,광주광역시 서구 구성로,123,,2914010400101480003007737,,광주광역시 서구 구성로 123,502823,61926,,1,,126.90851866635,35.1489814070677
MA010120220805363653,바른타일,,G2,소매,G210,철물·건설자재 소매,G21003,건설/건축자재 소매업,G47519,"페인트, 창호 및 기타 건설자재 소매업",47,경상북도,47290,경산시,47290560,동부동,4729012600,사동,4729012600106450011,1,대지,645,11,경상북도 경산시 사동 645-11,472904739338,경상북도 경산시 박물관로9길,4,7,4729012600106450011016296,,경상북도 경산시 박물관로9길 4-7,712190,38584,,,,128.764225598624,35.8153937345506
MA010120220805371258,삼화페인트,,G2,소매,G210,철물·건설자재 소매,G21003,건설/건축자재 소매업,G47519,"페인트, 창호 및 기타 건설자재 소매업",48,경상남도,48170,진주시,48170360,일반성면,4817036021,일반성면,4817036021101300000,1,대지,130,,경상남도 진주시 일반성면 창촌리 130,481704797442,경상남도 진주시 일반성면 창촌길75번길,2,,4817036021101300000036979,,경상남도 진주시 일반성면 창촌길75번길 2,660863,52616,,,,128.282683128611,35.1716895410395
MA010120220806725126,골드망고,,G2,소매,G210,철물·건설자재 소매,G21003,건설/건축자재 소매업,G47519,"페인트, 창호 및 기타 건설자재 소매업",44,충청남도,44710,금산군,44710380,복수면,4471038027,복수면,4471038027105320005,1,대지,532,5,충청남도 금산군 복수면 구례리 532-5,447103000094,충청남도 금산군 복수면 복수로,718,,4471038027105320005012298,,충청남도 금산군 복수면 복수로 718,312922,32701,,,,127.37885786026,36.2065485053645
MA010120220806731810,녹타일,,G2,소매,G210,철물·건설자재 소매,G21003,건설/건축자재 소매업,G47519,"페인트, 창호 및 기타 건설자재 소매업",44,충청남도,44770,서천군,44770250,장항읍,4477025023,장항읍,4477025023102750000,1,대지,275,,충청남도 서천군 장항읍 성주리 275,447703260013,충청남도 서천군 장항읍 성화로,192,,4477025023102750000009194,,충청남도 서천군 장항읍 성화로 192,325901,33675,,,,126.704469653447,36.0152844444236
MA010120220806795766,라바씨앤티,,G2,소매,G210,철물·건설자재 소매,G21003,건설/건축자재 소매업,G47519,"페인트, 창호 및 기타 건설자재 소매업",11,서울특별시,11710,송파구,11710532,거여2동,1171011300,거여동,1171011300102930001,1,대지,293,1,서울특별시 송파구 거여동 293-1,117103123022,서울특별시 송파구 양산로,12,,1171011300102930001022891,세신거여훼미리타운,서울특별시 송파구 양산로 12,138112,05787,,,,127.143581844876,37.4899104622609
MA010120220806816700,알렉스세라믹,,G2,소매,G210,철물·건설자재 소매,G21003,건설/건축자재 소매업,G47519,"페인트, 창호 및 기타 건설자재 소매업",51,강원특별자치도,51130,원주시,51130370,흥업면,5113037023,흥업면,5113037023102120001,1,대지,212,1,강원특별자치도 원주시 흥업면 사제리 212-1,511303219041,강원특별자치도 원주시 흥업면 원문로,813,5,4213037023102120001000001,,강원특별자치도 원주시 흥업면 원문로 813-5,220843,26356,,,,127.89055561914,37.3441495528165
MA010120220806828163,청암도료,,G2,소매,G210,철물·건설자재 소매,G21003,건설/건축자재 소매업,G47519,"페인트, 창호 및 기타 건설자재 소매업",28,인천광역시,28177,미추홀구,28177560,용현3동,2817710200,용현동,2817710200104530173,1,대지,453,173,인천광역시 미추홀구 용현동 453-173,281774253514,인천광역시 미추홀구 인주대로137번길,13,16,2817010200104530173131362,,인천광역시 미추홀구 인주대로137번길 13-16,402830,22179,,,,126.651961525745,37.4573551995204
MA010120220806859965,도도세라믹,,G2,소매,G210,철물·건설자재 소매,G21003,건설/건축자재 소매업,G47519,"페인트, 창호 및 기타 건설자재 소매업",11,서울특별시,11680,강남구,11680531,논현2동,1168010800,논현동,1168010800102090009,1,대지,209,9,서울특별시 강남구 논현동 209-9,116804166573,서울특별시 강남구 언주로129길,20,,1168010800102090009006742,탑건축자재백화점,서울특별시 강남구 언주로129길 20,135996,06104,,1,,127.033571370959,37.5142299961428
MA010120220806868784,태현산업,,G2,소매,G210,철물·건설자재 소매,G21003,건설/건축자재 소매업,G47519,"페인트, 창호 및 기타 건설자재 소매업",47,경상북도,47250,상주시,47250520,남원동,4725011000,낙양동,4725011000101310002,1,대지,131,2,경상북도 상주시 낙양동 131-2,472502018003,경상북도 상주시 경상대로,2976,,4725011000101310002000001,오아시스오피스텔,경상북도 상주시 경상대로 2976,742901,37208,,,,128.151860419424,36.4121276810016
MA010120220806872021,씨엔엠,,G2,소매,G210,철물·건설자재 소매,G21003,건설/건축자재 소매업,G47519,"페인트, 창호 및 기타 건설자재 소매업",52,전북특별자치도,52140,익산시,52140310,오산면,5214031022,오산면,5214031022101610015,1,대지,161,15,전북특별자치도 익산시 오산면 장신리 161-15,521404607419,전북특별자치도 익산시 오산면 무왕로2길,321,12,4514031022101610015000001,,전북특별자치도 익산시 오산면 무왕로2길 321-12,570922,54669,,,,126.929074779791,35.9489360889682
MA010120220808177801,제이엘커뮤니케이션,,G2,소매,G210,철물·건설자재 소매,G21003,건설/건축자재 소매업,G47519,"페인트, 창호 및 기타 건설자재 소매업",11,서울특별시,11680,강남구,11680580,삼성1동,1168010500,삼성동,1168010500100650000,1,대지,65,,서울특별시 강남구 삼성동 65,116803122005,서울특별시 강남구 삼성로,642,,1168010500100650000014941,삼성빌딩,서울특별시 강남구 삼성로 642,135870,06084,,,,127.0513206671,37.5173951505675
MA010120220808177996,효성타일,,G2,소매,G210,철물·건설자재 소매,G21003,건설/건축자재 소매업,G47519,"페인트, 창호 및 기타 건설자재 소매업",52,전북특별자치도,52130,군산시,52130701,나운1동,5213014400,나운동,5213014400107400001,1,대지,740,1,전북특별자치도 군산시 나운동 740-1,521304604482,전북특별자치도 군산시 상신안길,50,,4513014400107400001007955,,전북특별자치도 군산시 상신안길 50,573868,54126,,1,,126.696523261418,35.9728436704375
MA010120220808206567,한울테크,,G2,소매,G210,철물·건설자재 소매,G21003,건설/건축자재 소매업,G47519,"페인트, 창호 및 기타 건설자재 소매업",31,울산광역시,31710,울주군,31710265,삼남읍,3171026523,삼남읍,3171026523114240009,1,대지,1424,9,울산광역시 울주군 삼남읍 신화리 1424-9,317103173058,울산광역시 울주군 삼남읍 신화리로,29,,3171039023114240009000001,한울테크,울산광역시 울주군 삼남읍 신화리로 29,689815,44954,,,,129.113264305524,35.5392838128116
MA010120220808255109,페인트메이트,,G2,소매,G210,철물·건설자재 소매,G21003,건설/건축자재 소매업,G47519,"페인트, 창호 및 기타 건설자재 소매업",11,서울특별시,11710,송파구,11710520,풍납2동,1171010300,풍납동,1171010300104020003,1,대지,402,3,서울특별시 송파구 풍납동 402-3,117103123023,서울특별시 송파구 올림픽로,509,,1171010300104020003024961,,서울특별시 송파구 올림픽로 509,138879,05538,,1,,127.118380971566,37.5278706809537
MA010120220808271337,미성철강,,G2,소매,G210,철물·건설자재 소매,G21003,건설/건축자재 소매업,G47519,"페인트, 창호 및 기타 건설자재 소매업",51,강원특별자치도,51750,영월군,51750250,영월읍,5175025021,영월읍,5175025021109360000,1,대지,936,,강원특별자치도 영월군 영월읍 영흥리 936,517503227034,강원특별자치도 영월군 영월읍 중앙로,68,,4275025021109360000018203,,강원특별자치도 영월군 영월읍 중앙로 68,230805,26236,,,,128.471157380666,37.1833429587023
MA010120220808291027,빈센트타일,,G2,소매,G210,철물·건설자재 소매,G21003,건설/건축자재 소매업,G47519,"페인트, 창호 및 기타 건설자재 소매업",28,인천광역시,28177,미추홀구,28177650,주안4동,2817710500,주안동,2817710500115460000,1,대지,1546,,인천광역시 미추홀구 주안동 1546,281772008007,인천광역시 미추홀구 경원대로,832,1,2817010600115460000076272,,인천광역시 미추홀구 경원대로 832-1,402859,22146,,3,,126.689713263847,37.4570098451805
MA010120220808314449,엘에프메탈,,G2,소매,G210,철물·건설자재 소매,G21003,건설/건축자재 소매업,G47519,"페인트, 창호 및 기타 건설자재 소매업",41,경기도,41220,평택시,41220660,고덕동,4122012800,고덕동,4122012800121390002,1,대지,2139,2,경기도 평택시 고덕동 2139-2,412204856235,경기도 평택시 고덕여염10길,39,,4122033029144820002000001,델피노,경기도 평택시 고덕여염10길 39,,18014,,1,,127.048952866565,37.0416291719598
MA010120220809732368,서진상재,,G2,소매,G210,철물·건설자재 소매,G21003,건설/건축자재 소매업,G47519,"페인트, 창호 및 기타 건설자재 소매업",41,경기도,41500,이천시,41500330,호법면,4150033023,호법면,4150033023100940012,1,대지,94,12,경기도 이천시 호법면 후안리 94-12,415003207044,경기도 이천시 호법면 이섭대천로,600,,4150033023100940012003917,,경기도 이천시 호법면 이섭대천로 600,467822,17394,,,,127.430959071115,37.2272938973525
MA010120220809769569,김성열하우징,,G2,소매,G210,철물·건설자재 소매,G21003,건설/건축자재 소매업,G47519,"페인트, 창호 및 기타 건설자재 소매업",47,경상북도,47770,영덕군,47770370,병곡면,4777037038,병곡면,4777037038105090005,1,대지,509,5,경상북도 영덕군 병곡면 병곡리 509-5,477702000023,경상북도 영덕군 병곡면 동해대로,7398,,4777037038105090005000001,,경상북도 영덕군 병곡면 동해대로 7398,766853,36404,,,,129.407733159014,36.6011675791136
MA010120220809806138,노루페인트원일,,G2,소매,G210,철물·건설자재 소매,G21003,건설/건축자재 소매업,G47519,"페인트, 창호 및 기타 건설자재 소매업",44,충청남도,44200,아산시,44200590,온양3동,4420011400,권곡동,4420011400105500011,1,대지,550,11,충청남도 아산시 권곡동 550-11,442003253091,충청남도 아산시 번영로,178,1,4420011400105500011046470,,충청남도 아산시 번영로 178-1,336030,31520,,,,127.010463625803,36.7850518453941
MA010120220809781761,지오콘,,G2,소매,G210,철물·건설자재 소매,G21003,건설/건축자재 소매업,G47519,"페인트, 창호 및 기타 건설자재 소매업",44,충청남도,44180,보령시,44180250,웅천읍,4418025022,웅천읍,4418025022106050001,1,대지,605,1,충청남도 보령시 웅천읍 평리 605-1,441804556623,충청남도 보령시 웅천읍 평리큰길,299,5,4418025022106050001000079,,충청남도 보령시 웅천읍 평리큰길 299-5,355855,33504,,,,126.626283599945,36.2547875170316
MA010120220809820835,로얄타일,,G2,소매,G210,철물·건설자재 소매,G21003,건설/건축자재 소매업,G47519,"페인트, 창호 및 기타 건설자재 소매업",28,인천광역시,28185,연수구,28185761,연수1동,2818510300,연수동,2818510300105390014,1,대지,539,14,인천광역시 연수구 연수동 539-14,281853008022,인천광역시 연수구 함박뫼로,72,,2818510300105390014098760,,인천광역시 연수구 함박뫼로 72,406813,21921,,,,126.675371717161,37.4227148625633
MA010120220811235312,벽산페인트밀양,대리점,G2,소매,G210,철물·건설자재 소매,G21003,건설/건축자재 소매업,G47519,"페인트, 창호 및 기타 건설자재 소매업",48,경상남도,48270,밀양시,48270530,삼문동,4827010400,삼문동,4827010400101870020,1,대지,187,20,경상남도 밀양시 삼문동 187-20,482704823587,경상남도 밀양시 삼문중앙로5길,12,1,4827010400101870020053894,,경상남도 밀양시 삼문중앙로5길 12-1,627804,50437,,,,128.753926612481,35.4852280438995
MA010120220811214309,건설도료,,G2,소매,G210,철물·건설자재 소매,G21003,건설/건축자재 소매업,G47519,"페인트, 창호 및 기타 건설자재 소매업",48,경상남도,48850,하동군,48850250,하동읍,4885025022,하동읍,4885025022102950005,1,대지,295,5,경상남도 하동군 하동읍 광평리 295-5,488502332001,경상남도 하동군 하동읍 경서대로,128,,4885025022102950005051342,,경상남도 하동군 하동읍 경서대로 128,667801,52332,,,,127.749153387939,35.0666609394982
MA010120220811221396,남면페인트사,,G2,소매,G210,철물·건설자재 소매,G21003,건설/건축자재 소매업,G47519,"페인트, 창호 및 기타 건설자재 소매업",48,경상남도,48840,남해군,48840350,남면,4884035029,남면,4884035029104070004,1,대지,407,4,경상남도 남해군 남면 죽전리 407-4,488404829110,경상남도 남해군 남면 남서대로795번길,4,,4884035029104070004006028,,경상남도 남해군 남면 남서대로795번길 4,668862,52437,,,,127.884829921392,34.7710299254387
MA010120220811219093,삼화페인트남해,대리점,G2,소매,G210,철물·건설자재 소매,G21003,건설/건축자재 소매업,G47519,"페인트, 창호 및 기타 건설자재 소매업",48,경상남도,48840,남해군,48840250,남해읍,4884025021,남해읍,4884025021105790003,1,대지,579,3,경상남도 남해군 남해읍 북변리 579-3,488403343044,경상남도 남해군 남해읍 화전로,137,,4884025021105790003060876,,경상남도 남해군 남해읍 화전로 137,668803,52418,,1,,127.89429630468,34.8434672423316
MA010120220811247415,밀양페인트,,G2,소매,G210,철물·건설자재 소매,G21003,건설/건축자재 소매업,G47519,"페인트, 창호 및 기타 건설자재 소매업",48,경상남도,48270,밀양시,48270550,교동,4827010300,교동,4827010300109770003,1,대지,977,3,경상남도 밀양시 교동 977-3,482702336001,경상남도 밀양시 밀양대로,2069,2,4827010300109770003000001,,경상남도 밀양시 밀양대로 2069-2,627120,50420,,,,128.749790352525,35.5033115410811
MA010120220811246961,욕실꾸미기,,G2,소매,G210,철물·건설자재 소매,G21003,건설/건축자재 소매업,G47519,"페인트, 창호 및 기타 건설자재 소매업",44,충청남도,44133,천안시 서북구,44133510,성정1동,4413310200,성정동,4413310200101580004,1,대지,158,4,충청남도 천안시 서북구 성정동 158-4,441333250054,충청남도 천안시 서북구 성정로,121,10,4413310200101580004053946,,충청남도 천안시 서북구 성정로 121-10,331998,31143,,1,,127.143688027477,36.814008366381
MA010120220811237203,원주도장,,G2,소매,G210,철물·건설자재 소매,G21003,건설/건축자재 소매업,G47519,"페인트, 창호 및 기타 건설자재 소매업",48,경상남도,48250,김해시,48250610,장유1동,4825012700,신문동,4825012700103660001,1,대지,366,1,경상남도 김해시 신문동 366-1,482503350767,경상남도 김해시 무계로,4,,4825012700103660001000001,,경상남도 김해시 무계로 4,621260,51008,,,,128.818675375902,35.1955578493927
MA010120220811241053,삼우조합페인트,,G2,소매,G210,철물·건설자재 소매,G21003,건설/건축자재 소매업,G47519,"페인트, 창호 및 기타 건설자재 소매업",48,경상남도,48270,밀양시,48270360,상남면,4827036022,상남면,4827036022108830006,1,대지,883,6,경상남도 밀양시 상남면 예림리 883-6,482702336001,경상남도 밀양시 상남면 밀양대로,1513,,4827036022108830006011292,,경상남도 밀양시 상남면 밀양대로 1513,627914,50451,,,,128.759498099241,35.4663574645096
MA010120220811289283,지티엔티,,G2,소매,G210,철물·건설자재 소매,G21003,건설/건축자재 소매업,G47519,"페인트, 창호 및 기타 건설자재 소매업",11,서울특별시,11680,강남구,11680531,논현2동,1168010800,논현동,1168010800100870008,1,대지,87,8,서울특별시 강남구 논현동 87-8,116803122011,서울특별시 강남구 학동로,201,,1168010800100870008006718,구연빌딩,서울특별시 강남구 학동로 201,135818,06052,,3,,127.03098117582,37.5143478344374
MA010120220811249156,제일페인트,,G2,소매,G210,철물·건설자재 소매,G21003,건설/건축자재 소매업,G47519,"페인트, 창호 및 기타 건설자재 소매업",48,경상남도,48270,밀양시,48270253,하남읍,4827025321,하남읍,4827025321104890057,1,대지,489,57,경상남도 밀양시 하남읍 수산리 489-57,482704808555,경상남도 밀양시 하남읍 수산동촌3길,4,1,4827025321104890057000001,,경상남도 밀양시 하남읍 수산동촌3길 4-1,627894,50460,,,,128.71013586726,35.3767050573292
MA010120220811249545,경남페인트,,G2,소매,G210,철물·건설자재 소매,G21003,건설/건축자재 소매업,G47519,"페인트, 창호 및 기타 건설자재 소매업",48,경상남도,48250,김해시,48250540,내외동,4825010900,외동,4825010900112260017,1,대지,1226,17,경상남도 김해시 외동 1226-17,482504805123,경상남도 김해시 금관대로1190번길,3,22,4825010900112260017088011,,경상남도 김해시 금관대로1190번길 3-22,621919,50956,,,,128.854331286163,35.2335789517416
MA010120220811252293,대우페이트,,G2,소매,G210,철물·건설자재 소매,G21003,건설/건축자재 소매업,G47519,"페인트, 창호 및 기타 건설자재 소매업",48,경상남도,48270,밀양시,48270520,내이동,4827010400,삼문동,4827010400103870017,1,대지,387,17,경상남도 밀양시 삼문동 387-17,482704808150,경상남도 밀양시 남천강변로3길,6,,4827010400103870017046017,,경상남도 밀양시 남천강변로3길 6,627803,50426,,,,128.749782651934,35.4912720053859
MA010120220811252529,"1,3페인트",,G2,소매,G210,철물·건설자재 소매,G21003,건설/건축자재 소매업,G47519,"페인트, 창호 및 기타 건설자재 소매업",48,경상남도,48270,밀양시,48270510,내일동,4827010100,내일동,4827010100101560010,1,대지,156,10,경상남도 밀양시 내일동 156-10,482704808495,경상남도 밀양시 상설시장1길,24,1,4827010100101560010047726,,경상남도 밀양시 상설시장1길 24-1,627140,50430,,,,128.753767933141,35.492628970593
MA010120220811271104,삼일페인트,,G2,소매,G210,철물·건설자재 소매,G21003,건설/건축자재 소매업,G47519,"페인트, 창호 및 기타 건설자재 소매업",48,경상남도,48250,김해시,48250350,생림면,4825035021,생림면,4825035021107110004,1,대지,711,4,경상남도 김해시 생림면 나전리 711-4,482503335010,경상남도 김해시 생림면 나전로,247,,4825035021107110004000001,,경상남도 김해시 생림면 나전로 247,621821,50802,,,,128.876689284258,35.3062479257477
MA010120220811320381,남원고려페인트사,,G2,소매,G210,철물·건설자재 소매,G21003,건설/건축자재 소매업,G47519,"페인트, 창호 및 기타 건설자재 소매업",50,제주특별자치도,50130,서귀포시,50130253,남원읍,5013025321,남원읍,5013025321101400011,1,대지,140,11,제주특별자치도 서귀포시 남원읍 남원리 140-11,501304850928,제주특별자치도 서귀포시 남원읍 태위로657번길,3,,5013025321101400011000001,,제주특별자치도 서귀포시 남원읍 태위로657번길 3,699941,63621,,,,126.716589905125,33.2788477034317
MA010120220811305698,동남종합우레탄페인트,,G2,소매,G210,철물·건설자재 소매,G21003,건설/건축자재 소매업,G47519,"페인트, 창호 및 기타 건설자재 소매업",50,제주특별자치도,50130,서귀포시,50130259,성산읍,5013025924,성산읍,5013025924103250001,1,대지,325,1,제주특별자치도 서귀포시 성산읍 고성리 325-1,501304850165,제주특별자치도 서귀포시 성산읍 동류암로39번길,13,1,5013025924103250001000001,,제주특별자치도 서귀포시 성산읍 동류암로39번길 13-1,699901,63640,,,,126.915410327098,33.4478358122185
MA010120220811358928,제주우리금속,,G2,소매,G210,철물·건설자재 소매,G21003,건설/건축자재 소매업,G47519,"페인트, 창호 및 기타 건설자재 소매업",50,제주특별자치도,50110,제주시,50110640,오라동,5011012100,오라삼동,5011012100121310002,1,대지,2131,2,제주특별자치도 제주시 오라삼동 2131-2,501104847614,제주특별자치도 제주시 동성길,68,,5011012100121310002006364,제주우리금속,제주특별자치도 제주시 동성길 68,690163,63148,,,,126.508537653344,33.4945761353708
MA010120220811355149,신양페인트,,G2,소매,G210,철물·건설자재 소매,G21003,건설/건축자재 소매업,G47519,"페인트, 창호 및 기타 건설자재 소매업",50,제주특별자치도,50130,서귀포시,50130250,대정읍,5013025022,대정읍,5013025022110710002,1,대지,1071,2,제주특별자치도 서귀포시 대정읍 하모리 1071-2,501303350186,제주특별자치도 서귀포시 대정읍 신영로,61,,5013025022110710002000002,,제주특별자치도 서귀포시 대정읍 신영로 61,699935,63507,,,,126.249523200893,33.2208794142512
MA010120220800002350,삼성종합건재,,G2,소매,G210,철물·건설자재 소매,G21003,건설/건축자재 소매업,G47519,"페인트, 창호 및 기타 건설자재 소매업",11,서울특별시,11110,종로구,11110515,청운효자동,1111010800,통인동,1111010800100370002,1,대지,37,2,서울특별시 종로구 통인동 37-2,111102100002,서울특별시 종로구 필운대로,60,,1111010800100370002029884,,서울특별시 종로구 필운대로 60,110043,03036,,,,126.968685427797,37.5813009655854
MA010120220800087236,황금타일,,G2,소매,G210,철물·건설자재 소매,G21003,건설/건축자재 소매업,G47519,"페인트, 창호 및 기타 건설자재 소매업",44,충청남도,44200,아산시,44200350,음봉면,4420035032,음봉면,4420035032104200007,1,대지,420,7,충청남도 아산시 음봉면 월랑리 420-7,442003253075,충청남도 아산시 음봉면 월암로,233,13,4420035032104200007000001,,충청남도 아산시 음봉면 월암로 233-13,336863,31416,,,,127.076072691674,36.8571978305768
MA010120220800141570,창조페인트,,G2,소매,G210,철물·건설자재 소매,G21003,건설/건축자재 소매업,G47519,"페인트, 창호 및 기타 건설자재 소매업",43,충청북도,43114,청주시 청원구,43114253,오창읍,4311425330,오창읍,4311425330100790002,1,대지,79,2,충청북도 청주시 청원구 오창읍 장대리 79-2,431144520483,충청북도 청주시 청원구 오창읍 오창시내1길,6,,4371025330100790002000001,,충청북도 청주시 청원구 오창읍 오창시내1길 6,363882,28129,,,,127.458124640622,36.7380963530907
MA010120220800162079,미니페이트,,G2,소매,G210,철물·건설자재 소매,G21003,건설/건축자재 소매업,G47519,"페인트, 창호 및 기타 건설자재 소매업",41,경기도,41630,양주시,41630250,백석읍,4163025022,백석읍,4163025022106580010,1,대지,658,10,경기도 양주시 백석읍 오산리 658-10,416303212007,경기도 양주시 백석읍 권율로,1391,,4163025022106580010042913,,경기도 양주시 백석읍 권율로 1391,482835,11503,,,,126.978072156321,37.807502205821
MA010120220800149224,정석개발,,G2,소매,G210,철물·건설자재 소매,G21003,건설/건축자재 소매업,G47519,"페인트, 창호 및 기타 건설자재 소매업",41,경기도,41590,화성시,41590590,동탄5동,4159013100,영천동,4159013100108320003,1,대지,832,3,경기도 화성시 영천동 832-3,415902348101,경기도 화성시 동탄순환대로,878,,4159013100103580084000001,동탄IT타워,경기도 화성시 동탄순환대로 878,445130,18469,,,,127.091408196175,37.2096883427697
MA010120220801761778,대명타일도기상사,,G2,소매,G210,철물·건설자재 소매,G21003,건설/건축자재 소매업,G47519,"페인트, 창호 및 기타 건설자재 소매업",41,경기도,41287,고양시 일산서구,41287600,덕이동,4128710500,덕이동,4128710500108040005,1,대지,804,5,경기도 고양시 일산서구 덕이동 804-5,412873194012,경기도 고양시 일산서구 덕이로,194,,4128710500108040005005002,,경기도 고양시 일산서구 덕이로 194,411809,10228,,,,126.740087063547,37.6951194166457
MA010120220801794383,파주타일,,G2,소매,G210,철물·건설자재 소매,G21003,건설/건축자재 소매업,G47519,"페인트, 창호 및 기타 건설자재 소매업",41,경기도,41480,파주시,41480253,파주읍,4148025325,파주읍,4148025325104760000,1,대지,476,,경기도 파주시 파주읍 백석리 476,414803000008,경기도 파주시 파주읍 통일로,1048,,4148025325104760000066828,주출입구쪽건물,경기도 파주시 파주읍 통일로 1048,413861,10839,,,,126.794341126663,37.8019730403751
MA010120220801892679,대신타일,,G2,소매,G210,철물·건설자재 소매,G21003,건설/건축자재 소매업,G47519,"페인트, 창호 및 기타 건설자재 소매업",41,경기도,41131,성남시 수정구,41131590,단대동,4113110400,단대동,4113110400101110002,1,대지,111,2,경기도 성남시 수정구 단대동 111-2,411312179002,경기도 성남시 수정구 산성대로,425,,4113110400101110002071861,,경기도 성남시 수정구 산성대로 425,461801,13144,,,,127.158728377516,37.4499222879289
MA010120220801889761,삼화페인트,,G2,소매,G210,철물·건설자재 소매,G21003,건설/건축자재 소매업,G47519,"페인트, 창호 및 기타 건설자재 소매업",41,경기도,41133,성남시 중원구,41133590,상대원3동,4113310500,상대원동,4113310500123190000,1,대지,2319,,경기도 성남시 중원구 상대원동 2319,411334337102,경기도 성남시 중원구 금상로68번길,3,,4113310500123190000012918,,경기도 성남시 중원구 금상로68번길 3,462814,13232,,,,127.16346684781,37.4409957954303
MA010120220803508730,이화도료,,G2,소매,G210,철물·건설자재 소매,G21003,건설/건축자재 소매업,G47519,"페인트, 창호 및 기타 건설자재 소매업",11,서울특별시,11290,성북구,11290630,정릉2동,1129013300,정릉동,1129013300104110038,1,대지,411,38,서울특별시 성북구 정릉동 411-38,112903107004,서울특별시 성북구 보국문로,28,,1129013300104110038034734,우측,서울특별시 성북구 보국문로 28,136845,02718,,1,,127.010826834704,37.6069918965221
MA010120220803546654,현대페인트,,G2,소매,G210,철물·건설자재 소매,G21003,건설/건축자재 소매업,G47519,"페인트, 창호 및 기타 건설자재 소매업",44,충청남도,44150,공주시,44150550,금학동,4415011000,금학동,4415011000102690009,1,대지,269,9,충청남도 공주시 금학동 269-9,441504553385,충청남도 공주시 무안길,12,2,4415011000102690009757113,,충청남도 공주시 무안길 12-2,314080,32564,,,,127.121218549188,36.4434312994262
MA010120220803554005,한국벤자민무어페인트부천상동,,G2,소매,G210,철물·건설자재 소매,G21003,건설/건축자재 소매업,G47519,"페인트, 창호 및 기타 건설자재 소매업",41,경기도,41192,부천시 원미구,41192700,상3동,4119210900,상동,4119210900105380004,1,대지,538,4,경기도 부천시 원미구 상동 538-4,411923000065,경기도 부천시 원미구 길주로,137,,4119510900105380004033777,상록그린힐빌딩,경기도 부천시 원미구 길주로 137,420862,14542,,1,,126.757685924602,37.5061114547574
MA010120220803572624,대성도료,,G2,소매,G210,철물·건설자재 소매,G21003,건설/건축자재 소매업,G47519,"페인트, 창호 및 기타 건설자재 소매업",11,서울특별시,11140,중구,11140650,신당5동,1114016200,신당동,1114016200101330020,1,대지,133,20,서울특별시 중구 신당동 133-20,111404103067,서울특별시 중구 다산로42다길,9,,1114016200101330020005157,우측,서울특별시 중구 다산로42다길 9,100819,04585,,1,,127.01906050899,37.5637521973002
MA010120220803558781,제일도기주,,G2,소매,G210,철물·건설자재 소매,G21003,건설/건축자재 소매업,G47519,"페인트, 창호 및 기타 건설자재 소매업",11,서울특별시,11680,강남구,11680531,논현2동,1168010800,논현동,1168010800102120014,1,대지,212,14,서울특별시 강남구 논현동 212-14,116804166793,서울특별시 강남구 학동로34길,17,,1168010800102120014006949,,서울특별시 강남구 학동로34길 17,135829,06105,,2,,127.033751995663,37.5134460712144
MA010120220803588722,둘둘도장인테리어,,G2,소매,G210,철물·건설자재 소매,G21003,건설/건축자재 소매업,G47519,"페인트, 창호 및 기타 건설자재 소매업",30,대전광역시,30140,중구,30140640,부사동,3014011100,부사동,3014011100101460007,1,대지,146,7,대전광역시 중구 부사동 146-7,301403164032,대전광역시 중구 보문로,85,,3014011100101460007006247,,대전광역시 중구 보문로 85,301815,35047,,,,127.431652775608,36.3132865460271
MA010120220803589506,디자인가토,,G2,소매,G210,철물·건설자재 소매,G21003,건설/건축자재 소매업,G47519,"페인트, 창호 및 기타 건설자재 소매업",11,서울특별시,11170,용산구,11170625,한강로동,1117012800,한강로3가,1117012800100650013,1,대지,65,13,서울특별시 용산구 한강로3가 65-13,111704106410,서울특별시 용산구 한강대로14나길,6,,1117012800100650013028935,,서울특별시 용산구 한강대로14나길 6,140883,04389,,,,126.964297977266,37.52296910274
MA010120220803637155,진양페인트,,G2,소매,G210,철물·건설자재 소매,G21003,건설/건축자재 소매업,G47519,"페인트, 창호 및 기타 건설자재 소매업",11,서울특별시,11230,동대문구,11230545,제기동,1123010300,제기동,1123010300107140005,1,대지,714,5,서울특별시 동대문구 제기동 714-5,112303105007,서울특별시 동대문구 약령중앙로,92,,1123010300107140000032271,,서울특별시 동대문구 약령중앙로 92,130864,02478,,,,127.038302167451,37.5859570403851
MA010120220803656505,굴다리덕만건재,,G2,소매,G210,철물·건설자재 소매,G21003,건설/건축자재 소매업,G47519,"페인트, 창호 및 기타 건설자재 소매업",11,서울특별시,11230,동대문구,11230560,전농1동,1123010400,전농동,1123010400106430004,1,대지,643,4,서울특별시 동대문구 전농동 643-4,112303105019,서울특별시 동대문구 황물로,1,,1123010400106430004028932,,서울특별시 동대문구 황물로 1,130859,02591,,,,127.045995311936,37.5765569298992
MA010120220803630976,중부페인트,,G2,소매,G210,철물·건설자재 소매,G21003,건설/건축자재 소매업,G47519,"페인트, 창호 및 기타 건설자재 소매업",11,서울특별시,11260,중랑구,11260540,면목4동,1126010100,면목동,1126010100103670031,1,대지,367,31,서울특별시 중랑구 면목동 367-31,112603005027,서울특별시 중랑구 면목로,268,,1126010100103670031023873,,서울특별시 중랑구 면목로 268,131829,02253,,1,,127.086036169768,37.5766877072545
MA010120220803670081,대열타이루,,G2,소매,G210,철물·건설자재 소매,G21003,건설/건축자재 소매업,G47519,"페인트, 창호 및 기타 건설자재 소매업",11,서울특별시,11230,동대문구,11230545,제기동,1123010300,제기동,1123010300106680000,1,대지,668,,서울특별시 동대문구 제기동 668,112303005030,서울특별시 동대문구 고산자로,528,,1123010300106680000032834,,서울특별시 동대문구 고산자로 528,130863,02471,,,,127.03844981625,37.5868579852386
MA010120220803649167,원광페인트,,G2,소매,G210,철물·건설자재 소매,G21003,건설/건축자재 소매업,G47519,"페인트, 창호 및 기타 건설자재 소매업",11,서울특별시,11230,동대문구,11230536,용신동,1123010200,용두동,1123010200100390901,1,대지,39,901,서울특별시 동대문구 용두동 39-901,112304115528,서울특별시 동대문구 천호대로29가길,21,,1123010200100390901040998,,서울특별시 동대문구 천호대로29가길 21,130817,02563,,지,,127.041352386303,37.5738286340761
MA010120220803636921,미성페인트,,G2,소매,G210,철물·건설자재 소매,G21003,건설/건축자재 소매업,G47519,"페인트, 창호 및 기타 건설자재 소매업",11,서울특별시,11230,동대문구,11230740,이문1동,1123011000,이문동,1123011000100950007,1,대지,95,7,서울특별시 동대문구 이문동 95-7,112303005038,서울특별시 동대문구 한천로,409,1,1123011000100950007006228,,서울특별시 동대문구 한천로 409-1,130825,02425,,1,,127.067613522993,37.5971702497919
MA010120220805091544,신진상사,,G2,소매,G210,철물·건설자재 소매,G21003,건설/건축자재 소매업,G47519,"페인트, 창호 및 기타 건설자재 소매업",46,전라남도,46150,순천시,46150320,서면,4615032028,서면,4615032028104210002,1,대지,421,2,전라남도 순천시 서면 선평리 421-2,461503283007,전라남도 순천시 서면 백강로,805,,4615032028104210001077798,,전라남도 순천시 서면 백강로 805,540813,57925,,,,127.495764264336,34.9920211338155
MA010120220805073883,가가디자인,,G2,소매,G210,철물·건설자재 소매,G21003,건설/건축자재 소매업,G47519,"페인트, 창호 및 기타 건설자재 소매업",26,부산광역시,26350,해운대구,26350510,우1동,2635010500,우동,2635010500106270001,1,대지,627,1,부산광역시 해운대구 우동 627-1,263503133043,부산광역시 해운대구 해운대해변로,257,,2635010500106270001014486,하버타운,부산광역시 해운대구 해운대해변로 257,612744,48093,,10,,129.159512393391,35.15968819031
MA010120220805082744,유성타일,,G2,소매,G210,철물·건설자재 소매,G21003,건설/건축자재 소매업,G47519,"페인트, 창호 및 기타 건설자재 소매업",11,서울특별시,11260,중랑구,11260580,상봉1동,1126010200,상봉동,1126010200102470001,1,대지,247,1,서울특별시 중랑구 상봉동 247-1,112603106005,서울특별시 중랑구 상봉중앙로,52,,1126010200102470001016634,,서울특별시 중랑구 상봉중앙로 52,131856,02074,,1,,127.087469233888,37.6017432473996
MA010120220805096259,태산스틸,,G2,소매,G210,철물·건설자재 소매,G21003,건설/건축자재 소매업,G47519,"페인트, 창호 및 기타 건설자재 소매업",41,경기도,41370,오산시,41370550,세마동,4137011200,양산동,4137011200102480000,1,대지,248,,경기도 오산시 양산동 248,413703198027,경기도 오산시 양산로,409,,4137011200102480000000001,,경기도 오산시 양산로 409,447270,18105,,,,127.028834558181,37.1962764137911
MA010120220805097333,킴스테크,광주지점,G2,소매,G210,철물·건설자재 소매,G21003,건설/건축자재 소매업,G47519,"페인트, 창호 및 기타 건설자재 소매업",29,광주광역시,29140,서구,29140740,유덕동,2914011700,덕흥동,2914011700108330005,1,대지,833,5,광주광역시 서구 덕흥동 833-5,291402009009,광주광역시 서구 무진대로,455,,2914011700108330005000001,,광주광역시 서구 무진대로 455,502290,61900,,2,,126.830255104886,35.1625616462821
MA010120220805083357,플라워탄성코트,,G2,소매,G210,철물·건설자재 소매,G21003,건설/건축자재 소매업,G47519,"페인트, 창호 및 기타 건설자재 소매업",51,강원특별자치도,51130,원주시,51130320,호저면,5113032025,호저면,5113032025102220001,1,대지,222,1,강원특별자치도 원주시 호저면 만종리 222-1,511304457327,강원특별자치도 원주시 호저면 상만종길,35,4,4213032025102220001000001,,강원특별자치도 원주시 호저면 상만종길 35-4,220924,26349,,,,127.912775251767,37.3655140401105
MA010120220805148436,부산,,G2,소매,G210,철물·건설자재 소매,G21003,건설/건축자재 소매업,G47519,"페인트, 창호 및 기타 건설자재 소매업",30,대전광역시,30140,중구,30140710,유천2동,3014011500,유천동,3014011500101870009,1,대지,187,9,대전광역시 중구 유천동 187-9,301403000095,대전광역시 중구 계백로,1619,,3014011500101870009027052,벽산프라자,대전광역시 중구 계백로 1619,301834,34899,,4,,127.399792579677,36.319282044032
MA010120220805112152,태운안전,,G2,소매,G210,철물·건설자재 소매,G21003,건설/건축자재 소매업,G47519,"페인트, 창호 및 기타 건설자재 소매업",51,강원특별자치도,51170,동해시,51170590,묵호동,5117012300,묵호진동,5117012300100900047,1,대지,90,47,강원특별자치도 동해시 묵호진동 90-47,511704463013,강원특별자치도 동해시 게구석1길,34,,4217012300100580002008301,,강원특별자치도 동해시 게구석1길 34,240818,25716,,,,129.111176798545,37.5540729227591
MA010120220805157989,엔포스페이스,,G2,소매,G210,철물·건설자재 소매,G21003,건설/건축자재 소매업,G47519,"페인트, 창호 및 기타 건설자재 소매업",11,서울특별시,11680,강남구,11680531,논현2동,1168010800,논현동,1168010800100860016,1,대지,86,16,서울특별시 강남구 논현동 86-16,116804166130,서울특별시 강남구 논현로132길,11,,1168010800100860016006521,,서울특별시 강남구 논현로132길 11,135818,06052,,3,,127.031422664795,37.5151946614151
MA010120220805189372,한이글레이징시스템,,G2,소매,G210,철물·건설자재 소매,G21003,건설/건축자재 소매업,G47519,"페인트, 창호 및 기타 건설자재 소매업",41,경기도,41450,하남시,41450550,덕풍2동,4145010800,덕풍동,4145010800103720131,1,대지,372,131,경기도 하남시 덕풍동 372-131,414504406079,경기도 하남시 덕풍공원로87번길,34,6,4145010800103720131004633,,경기도 하남시 덕풍공원로87번길 34-6,465804,12977,,B1,,127.201570548286,37.5377410724857
MA010120220805158576,벳센타일,,G2,소매,G210,철물·건설자재 소매,G21003,건설/건축자재 소매업,G47519,"페인트, 창호 및 기타 건설자재 소매업",11,서울특별시,11680,강남구,11680521,논현1동,1168010800,논현동,1168010800101330000,1,대지,133,,서울특별시 강남구 논현동 133,116804166781,서울특별시 강남구 학동로20길,21,,1168010800101330000007515,메디캔빌딩,서울특별시 강남구 학동로20길 21,135824,06115,,1,,127.028536995043,37.5117805885559
MA010120220805168865,페인트세븐,,G2,소매,G210,철물·건설자재 소매,G21003,건설/건축자재 소매업,G47519,"페인트, 창호 및 기타 건설자재 소매업",41,경기도,41590,화성시,41590600,동탄6동,4159013800,방교동,4159013800107580004,1,대지,758,4,경기도 화성시 방교동 758-4,415904848192,경기도 화성시 동탄기흥로257번나길,30,6,4159042032107580004000001,,경기도 화성시 동탄기흥로257번나길 30-6,,18487,,1,,127.089335207244,37.1808922910535
MA010120220805193893,탑인테리어거제,,G2,소매,G210,철물·건설자재 소매,G21003,건설/건축자재 소매업,G47519,"페인트, 창호 및 기타 건설자재 소매업",48,경상남도,48310,거제시,48310560,옥포2동,4831010600,옥포동,4831010600105070013,1,대지,507,13,경상남도 거제시 옥포동 507-13,483103337033,경상남도 거제시 옥포중앙로,87,,4831010600105070013042340,,경상남도 거제시 옥포중앙로 87,656906,53220,,2,,128.695351747754,34.896531470744
MA010120220805215474,신우,,G2,소매,G210,철물·건설자재 소매,G21003,건설/건축자재 소매업,G47519,"페인트, 창호 및 기타 건설자재 소매업",41,경기도,41590,화성시,41590330,마도면,4159033028,마도면,4159033028102640002,1,대지,264,2,경기도 화성시 마도면 백곡리 264-2,415903210045,경기도 화성시 마도면 백곡로,26,,4159033028102640002000001,,경기도 화성시 마도면 백곡로 26,445861,18544,,,,126.726156370353,37.1885027355745
MA010120220805199563,포두설비,,G2,소매,G210,철물·건설자재 소매,G21003,건설/건축자재 소매업,G47519,"페인트, 창호 및 기타 건설자재 소매업",46,전라남도,46770,고흥군,46770350,포두면,4677035025,포두면,4677035025101780000,1,대지,178,,전라남도 고흥군 포두면 길두리 178,467703289023,전라남도 고흥군 포두면 우주로,798,,4677035025101780000000001,,전라남도 고흥군 포두면 우주로 798,548881,59524,,1,,127.348018096315,34.555106746547
MA010120220806587021,양주성신콘트리트,,G2,소매,G210,철물·건설자재 소매,G21003,건설/건축자재 소매업,G47519,"페인트, 창호 및 기타 건설자재 소매업",41,경기도,41630,양주시,41630310,은현면,4163031021,은현면,4163031021102340000,1,대지,234,,경기도 양주시 은현면 용암리 234,416304436395,경기도 양주시 은현면 평화로1889번길,16,41,4163031021102530000000001,,경기도 양주시 은현면 평화로1889번길 16-41,482863,11429,,,,127.05150004914,37.8593789864584
MA010120220806558068,하우스건영공사,,G2,소매,G210,철물·건설자재 소매,G21003,건설/건축자재 소매업,G47519,"페인트, 창호 및 기타 건설자재 소매업",36,세종특별자치시,36110,세종특별자치시,36110250,조치원읍,3611025022,조치원읍,3611025022100250000,1,대지,25,,세종특별자치시 세종특별자치시 조치원읍 상리 25,361103258031,세종특별자치시 세종특별자치시 조치원읍 조치원로,65,,4473025022100250000034094,,세종특별자치시 세종특별자치시 조치원읍 조치원로 65,339881,30025,,,,127.303623404346,36.6027726816021
MA010120220806561536,선화상사,,G2,소매,G210,철물·건설자재 소매,G21003,건설/건축자재 소매업,G47519,"페인트, 창호 및 기타 건설자재 소매업",48,경상남도,48240,사천시,48240510,동서동,4824010100,동동,4824010100101980001,1,대지,198,1,경상남도 사천시 동동 198-1,482403334001,경상남도 사천시 각산로,39,,4824010100101980001023690,,경상남도 사천시 각산로 39,664020,52569,,,,128.070129307039,34.9293606388061
MA010120220806604573,비티에스컴퍼니,,G2,소매,G210,철물·건설자재 소매,G21003,건설/건축자재 소매업,N75999,그 외 기타 분류 안된 사업 지원 서비스업,11,서울특별시,11680,강남구,11680531,논현2동,1168010800,논현동,1168010800102280003,1,대지,228,3,서울특별시 강남구 논현동 228-3,116803121022,서울특별시 강남구 논현로,616,,1168010800102280007008668,대일빌딩,서울특별시 강남구 논현로 616,135830,06108,,4,,127.03355761929,37.5087789238764
MA010120220806594312,영림세라믹,,G2,소매,G210,철물·건설자재 소매,G21003,건설/건축자재 소매업,G47519,"페인트, 창호 및 기타 건설자재 소매업",41,경기도,41390,시흥시,41390597,배곧2동,4139013500,배곧동,4139013500102910005,1,대지,291,5,경기도 시흥시 배곧동 291-5,413903350759,경기도 시흥시 서울대학로,59,49,4139013200125780001000002,건영테크노밸리,경기도 시흥시 서울대학로 59-49,,15012,,,,126.708547286909,37.3597209233198
MA010120220806611923,브이케이,,G2,소매,G210,철물·건설자재 소매,G21003,건설/건축자재 소매업,G47519,"페인트, 창호 및 기타 건설자재 소매업",41,경기도,41133,성남시 중원구,41133580,상대원2동,4113310500,상대원동,4113310500129900025,1,대지,2990,25,경기도 성남시 중원구 상대원동 2990-25,411334337454,경기도 성남시 중원구 희망로392번길,5,,4113310500129900025032158,,경기도 성남시 중원구 희망로392번길 5,462816,13395,,1,,127.160323978102,37.4403153293951
MA010120220806719486,죽본상회,,G2,소매,G210,철물·건설자재 소매,G21003,건설/건축자재 소매업,G47519,"페인트, 창호 및 기타 건설자재 소매업",11,서울특별시,11620,관악구,11620725,조원동,1162010200,신림동,1162010200105430007,1,대지,543,7,서울특별시 관악구 신림동 543-7,116202000003,서울특별시 관악구 남부순환로,1451,,1162010200105430007008749,,서울특별시 관악구 남부순환로 1451,151876,08767,,,,126.912026531585,37.4816216227498
MA010120220806695089,서우유통에너지,,G2,소매,G210,철물·건설자재 소매,G21003,건설/건축자재 소매업,G47519,"페인트, 창호 및 기타 건설자재 소매업",31,울산광역시,31200,북구,31200520,농소2동,3120010500,신천동,3120010500107970000,1,대지,797,,울산광역시 북구 신천동 797,312003000104,울산광역시 북구 산업로,1515,,3120010500106430000000001,,울산광역시 북구 산업로 1515,683803,44217,,,,129.340745140336,35.6442884336919
MA010120220808025776,스타장식페인트,,G2,소매,G210,철물·건설자재 소매,G21003,건설/건축자재 소매업,G47519,"페인트, 창호 및 기타 건설자재 소매업",46,전라남도,46770,고흥군,46770320,도덕면,4677032022,도덕면,4677032022110850003,1,대지,1085,3,전라남도 고흥군 도덕면 신양리 1085-3,467704667688,전라남도 고흥군 도덕면 학동2길,18,,4677032022110850004004316,,전라남도 고흥군 도덕면 학동2길 18,548921,59546,,,,127.175925107348,34.5671587508044
MA010120220808077553,논산건재,,G2,소매,G210,철물·건설자재 소매,G21003,건설/건축자재 소매업,G47519,"페인트, 창호 및 기타 건설자재 소매업",44,충청남도,44230,논산시,44230520,부창동,4423010600,등화동,4423010600101520001,1,대지,152,1,충청남도 논산시 등화동 152-1,442303000095,충청남도 논산시 계백로,712,32,4423010600101520001000001,,충청남도 논산시 계백로 712-32,320080,32960,,,,127.069320705669,36.1797044149548
MA010120220808064384,영창건업,,G2,소매,G210,철물·건설자재 소매,G21003,건설/건축자재 소매업,G47519,"페인트, 창호 및 기타 건설자재 소매업",46,전라남도,46870,영광군,46870250,영광읍,4687025039,영광읍,4687025039108300024,1,대지,830,24,전라남도 영광군 영광읍 신하리 830-24,468703298028,전라남도 영광군 영광읍 옥당로,127,1,4687025039108300024000001,노루페인트영창건업,전라남도 영광군 영광읍 옥당로 127-1,513805,57041,,,,126.501878244424,35.273485715675
MA010120220808085939,제이와이세라믹,,G2,소매,G210,철물·건설자재 소매,G21003,건설/건축자재 소매업,G47519,"페인트, 창호 및 기타 건설자재 소매업",48,경상남도,48240,사천시,48240570,향촌동,4824011600,향촌동,4824011600110110010,1,대지,1011,10,경상남도 사천시 향촌동 1011-10,482403019026,경상남도 사천시 남일로,112,1,4824011600110110010015298,,경상남도 사천시 남일로 112-1,664220,52565,,,,128.088685752894,34.9314671407989
MA010120220808060904,타일과욕실,,G2,소매,G210,철물·건설자재 소매,G21003,건설/건축자재 소매업,G47519,"페인트, 창호 및 기타 건설자재 소매업",11,서울특별시,11200,성동구,11200720,송정동,1120011800,송정동,1120011800100180001,1,대지,18,1,서울특별시 성동구 송정동 18-1,112003000001,서울특별시 성동구 동일로,221,,1120011800100180003002796,,서울특별시 성동구 동일로 221,133836,04801,,,,127.069009626093,37.5516692158088
MA010120220808107712,던에드워드페인트,세종점,G2,소매,G210,철물·건설자재 소매,G21003,건설/건축자재 소매업,G47519,"페인트, 창호 및 기타 건설자재 소매업",36,세종특별자치시,36110,세종특별자치시,36110550,고운동,3611011200,고운동,3611011200121120000,1,대지,2112,,세종특별자치시 세종특별자치시 고운동 2112,361103258110,세종특별자치시 세종특별자치시 마음안1로,137,,3611011200200950000000015,가락마을18단지,세종특별자치시 세종특별자치시 마음안1로 137,339002,30062,,,,127.236189832978,36.5202992579978
MA010120220808159554,남양타일,,G2,소매,G210,철물·건설자재 소매,G21003,건설/건축자재 소매업,G47519,"페인트, 창호 및 기타 건설자재 소매업",46,전라남도,46130,여수시,46130625,광림동,4613012100,오림동,4613012100104140011,1,대지,414,11,전라남도 여수시 오림동 414-11,461304646804,전라남도 여수시 장군산길,92,,4613012100104140011020750,,전라남도 여수시 장군산길 92,550210,59716,,,,127.719009439733,34.7558880876287
MA010120220808140987,송림타이루,,G2,소매,G210,철물·건설자재 소매,G21003,건설/건축자재 소매업,G47519,"페인트, 창호 및 기타 건설자재 소매업",11,서울특별시,11590,동작구,11590540,상도2동,1159010200,상도동,1159010200103660005,1,대지,366,5,서울특별시 동작구 상도동 366-5,115903119005,서울특별시 동작구 상도로,163,,1159010200103660005028216,,서울특별시 동작구 상도로 163,156832,06949,,,,126.937299734094,37.5040457835653
MA010120220808160873,하나타일,,G2,소매,G210,철물·건설자재 소매,G21003,건설/건축자재 소매업,G47519,"페인트, 창호 및 기타 건설자재 소매업",41,경기도,41220,평택시,41220520,서정동,4122010100,서정동,4122010100106030076,1,대지,603,76,경기도 평택시 서정동 603-76,412203188007,경기도 평택시 국제로,34,1,4122010100106030076023314,,경기도 평택시 국제로 34-1,459812,17769,,,,127.042879264154,37.0750613472394
MA010120220808168969,정선세라믹,,G2,소매,G210,철물·건설자재 소매,G21003,건설/건축자재 소매업,G47519,"페인트, 창호 및 기타 건설자재 소매업",41,경기도,41171,안양시 만안구,41171581,안양9동,4117110100,안양동,4117110100107380008,1,대지,738,8,경기도 안양시 만안구 안양동 738-8,411714346045,경기도 안양시 만안구 능곡로26번길,11,,4117110100107380008002514,,경기도 안양시 만안구 능곡로26번길 11,430836,14022,,,,126.913429424784,37.3925302490169
MA010120220809511225,대양타일도기상사,,G2,소매,G210,철물·건설자재 소매,G21003,건설/건축자재 소매업,G47519,"페인트, 창호 및 기타 건설자재 소매업",27,대구광역시,27290,달서구,27290617,유천동,2729011800,유천동,2729011800103660003,1,대지,366,3,대구광역시 달서구 유천동 366-3,272903007013,대구광역시 달서구 월배로,27,,2729011800103660003008492,,대구광역시 달서구 월배로 27,704390,42763,,,,128.517789444178,35.812387631794
MA010120220809569499,부림도료,,G2,소매,G210,철물·건설자재 소매,G21003,건설/건축자재 소매업,G47519,"페인트, 창호 및 기타 건설자재 소매업",47,경상북도,47290,경산시,47290250,하양읍,4729025022,하양읍,4729025022105930004,1,대지,593,4,경상북도 경산시 하양읍 동서리 593-4,472903310032,경상북도 경산시 하양읍 금송로,46,,4729025022108880001032814,,경상북도 경산시 하양읍 금송로 46,712908,38417,,,,128.818111178464,35.9169387023691
MA010120220809562259,제일도료,,G2,소매,G210,철물·건설자재 소매,G21003,건설/건축자재 소매업,G47519,"페인트, 창호 및 기타 건설자재 소매업",47,경상북도,47290,경산시,47290330,자인면,4729033022,자인면,4729033022100120009,1,대지,12,9,경상북도 경산시 자인면 서부리 12-9,472903313054,경상북도 경산시 자인면 일연로,81,,4729033022100120058055508,,경상북도 경산시 자인면 일연로 81,712853,38549,,,,128.822588437445,35.8203619826605
MA010120220809558475,자연상사,,G2,소매,G210,철물·건설자재 소매,G21003,건설/건축자재 소매업,G47519,"페인트, 창호 및 기타 건설자재 소매업",47,경상북도,47290,경산시,47290541,서부1동,4729010900,옥산동,4729010900108300002,1,대지,830,2,경상북도 경산시 옥산동 830-2,472904739464,경상북도 경산시 성암로9길,29,,4729010900108300002010221,,경상북도 경산시 성암로9길 29,712801,38671,,,,128.720823212212,35.8251335133588
MA010120220809558592,오성사,,G2,소매,G210,철물·건설자재 소매,G21003,건설/건축자재 소매업,G47519,"페인트, 창호 및 기타 건설자재 소매업",47,경상북도,47820,청도군,47820320,풍각면,4782032033,풍각면,4782032033105630000,1,대지,563,,경상북도 청도군 풍각면 송서리 563,478204757300,경상북도 청도군 풍각면 송서9길,10,,4782032033105630000011128,,경상북도 청도군 풍각면 송서9길 10,714833,38308,,,,128.616736070162,35.6404446919114
MA010120220809550178,중앙페인트,,G2,소매,G210,철물·건설자재 소매,G21003,건설/건축자재 소매업,G47519,"페인트, 창호 및 기타 건설자재 소매업",47,경상북도,47290,경산시,47290541,서부1동,4729010900,옥산동,4729010900108510005,1,대지,851,5,경상북도 경산시 옥산동 851-5,472904739464,경상북도 경산시 성암로9길,15,,4729010900108510005007665,,경상북도 경산시 성암로9길 15,712800,38671,,,,128.721331207647,35.8240629027298
MA010120220809550458,학암건재,,G2,소매,G210,철물·건설자재 소매,G21003,건설/건축자재 소매업,G47519,"페인트, 창호 및 기타 건설자재 소매업",47,경상북도,47820,청도군,47820340,이서면,4782034042,이서면,4782034042103370016,1,대지,337,16,경상북도 청도군 이서면 서원리 337-16,478204757497,경상북도 청도군 이서면 학산길,16,,4782034042103370016033230,,경상북도 청도군 이서면 학산길 16,714853,38317,,,,128.667357143991,35.6619140328341
MA010120220809631583,아성종합상사,,G2,소매,G210,철물·건설자재 소매,G21003,건설/건축자재 소매업,G47519,"페인트, 창호 및 기타 건설자재 소매업",31,울산광역시,31710,울주군,31710259,범서읍,3171025927,범서읍,3171025927103930007,1,대지,393,7,울산광역시 울주군 범서읍 구영리 393-7,317104319202,울산광역시 울주군 범서읍 대리2길,3,5,3171025927103930007004385,,울산광역시 울주군 범서읍 대리2길 3-5,689852,44922,,,,129.245963400939,35.5676110348627
MA010120220809631782,태양철마트,,G2,소매,G210,철물·건설자재 소매,G21003,건설/건축자재 소매업,G47519,"페인트, 창호 및 기타 건설자재 소매업",29,광주광역시,29200,광산구,29200580,우산동,2920010900,우산동,2920010900105390007,1,대지,539,7,광주광역시 광산구 우산동 539-7,292004289271,광주광역시 광산구 상무대로419번길,199,,2920010900105390007000001,,광주광역시 광산구 상무대로419번길 199,506812,62361,,,,126.82069129347,35.1592308713678
MA010120220811065886,제비표페인트,,G2,소매,G210,철물·건설자재 소매,G21003,건설/건축자재 소매업,G47519,"페인트, 창호 및 기타 건설자재 소매업",48,경상남도,48890,합천군,48890250,합천읍,4889025021,합천읍,4889025021106560002,1,대지,656,2,경상남도 합천군 합천읍 합천리 656-2,488903348032,경상남도 합천군 합천읍 충효로,84,5,4889025021106560002002109,,경상남도 합천군 합천읍 충효로 84-5,678804,50233,,,,128.16176646023,35.5678537643608
MA010120220811061222,하나건축자재,,G2,소매,G210,철물·건설자재 소매,G21003,건설/건축자재 소매업,G47519,"페인트, 창호 및 기타 건설자재 소매업",52,전북특별자치도,52140,익산시,52140250,함열읍,5214025021,함열읍,5214025021112040003,1,대지,1204,3,전북특별자치도 익산시 함열읍 와리 1204-3,521403269013,전북특별자치도 익산시 함열읍 미륵사지로,1261,,4514025021112040003000001,,전북특별자치도 익산시 함열읍 미륵사지로 1261,570803,54526,,,,126.969739262714,36.0701869986824
MA010120220811092759,대영건업,,G2,소매,G210,철물·건설자재 소매,G21003,건설/건축자재 소매업,G47519,"페인트, 창호 및 기타 건설자재 소매업",47,경상북도,47113,포항시 북구,47113700,장량동,4711312100,장성동,4711312100113700006,1,대지,1370,6,경상북도 포항시 북구 장성동 1370-6,471133304020,경상북도 포항시 북구 신덕로,261,,4711312100113700006000001,,경상북도 포항시 북구 신덕로 261,791850,37580,,1,,129.387404938103,36.0876495355843
MA010120220811083093,대현종합건축자재,,G2,소매,G210,철물·건설자재 소매,G21003,건설/건축자재 소매업,G47519,"페인트, 창호 및 기타 건설자재 소매업",30,대전광역시,30200,유성구,30200520,진잠동,3020010400,용계동,3020010400103440001,1,대지,344,1,대전광역시 유성구 용계동 344-1,302004301297,대전광역시 유성구 용계로135번길,124,,3020010400103440001016324,,대전광역시 유성구 용계로135번길 124,305363,34218,,,,127.32257048757,36.3233453909055
MA010120220811112040,월곡페인트,,G2,소매,G210,철물·건설자재 소매,G21003,건설/건축자재 소매업,G47519,"페인트, 창호 및 기타 건설자재 소매업",48,경상남도,48820,고성군,48820370,영오면,4882037024,영오면,4882037024102200004,1,대지,220,4,경상남도 고성군 영오면 영산리 220-4,488203019013,경상남도 고성군 영오면 문산로,3,,4882037024102200004036316,,경상남도 고성군 영오면 문산로 3,638972,52901,,,,128.2379482789,35.1089745471017
MA010120220811128341,동부페인트,,G2,소매,G210,철물·건설자재 소매,G21003,건설/건축자재 소매업,G47519,"페인트, 창호 및 기타 건설자재 소매업",48,경상남도,48310,거제시,48310320,동부면,4831032022,동부면,4831032022109000005,1,대지,900,5,경상남도 거제시 동부면 산양리 900-5,483104811274,경상남도 거제시 동부면 산양2길,28,,4831032022109000005011980,,경상남도 거제시 동부면 산양2길 28,656853,53331,,,,128.606821461061,34.8228379197726
MA010120220811103104,우성페인트,,G2,소매,G210,철물·건설자재 소매,G21003,건설/건축자재 소매업,G47519,"페인트, 창호 및 기타 건설자재 소매업",48,경상남도,48220,통영시,48220700,무전동,4822011100,무전동,4822011100103790004,1,대지,379,4,경상남도 통영시 무전동 379-4,482204799300,경상남도 통영시 안개4길,34,,4822011100103790004037210,,경상남도 통영시 안개4길 34,650800,53039,,,,128.432252676803,34.8567176670069
MA010120220811128896,진양상회,,G2,소매,G210,철물·건설자재 소매,G21003,건설/건축자재 소매업,G47519,"페인트, 창호 및 기타 건설자재 소매업",48,경상남도,48310,거제시,48310340,거제면,4831034026,거제면,4831034026107310012,1,대지,731,12,경상남도 거제시 거제면 서정리 731-12,483104811575,경상남도 거제시 거제면 읍내로13길,9,,4831034026107310012008775,,경상남도 거제시 거제면 읍내로13길 9,656862,53285,,,,128.587139135691,34.8502430793756
MA010120220811128902,원광페인트사,,G2,소매,G210,철물·건설자재 소매,G21003,건설/건축자재 소매업,G47519,"페인트, 창호 및 기타 건설자재 소매업",48,경상남도,48310,거제시,48310320,동부면,4831032022,동부면,4831032022108950002,1,대지,895,2,경상남도 거제시 동부면 산양리 895-2,483103337003,경상남도 거제시 동부면 거제남서로,3087,,4831032022108950002000001,,경상남도 거제시 동부면 거제남서로 3087,656853,53331,,,,128.606937128831,34.8237286643078
MA010120220811101511,페인트세븐칼라,,G2,소매,G210,철물·건설자재 소매,G21003,건설/건축자재 소매업,G47519,"페인트, 창호 및 기타 건설자재 소매업",48,경상남도,48220,통영시,48220590,정량동,4822010900,정량동,4822010900102720028,1,대지,272,28,경상남도 통영시 정량동 272-28,482203333042,경상남도 통영시 통영해안로,452,,4822010900102720028006435,,경상남도 통영시 통영해안로 452,650806,53048,,,,128.431723287265,34.8488825314732
MA010120220811124312,서울산페인트,,G2,소매,G210,철물·건설자재 소매,G21003,건설/건축자재 소매업,G47519,"페인트, 창호 및 기타 건설자재 소매업",31,울산광역시,31710,울주군,31710265,삼남읍,3171026521,삼남읍,3171026521116150008,1,대지,1615,8,울산광역시 울주군 삼남읍 교동리 1615-8,317104319281,울산광역시 울주군 삼남읍 동향교4길,1,,3171039021116150008009630,,울산광역시 울주군 삼남읍 동향교4길 1,689812,44950,,1,,129.119212115585,35.5570842565817
MA010120220811116411,부산종합타일,,G2,소매,G210,철물·건설자재 소매,G21003,건설/건축자재 소매업,G47519,"페인트, 창호 및 기타 건설자재 소매업",48,경상남도,48310,거제시,48310580,고현동,4831010900,고현동,4831010900110130013,1,대지,1013,13,경상남도 거제시 고현동 1013-13,483104811660,경상남도 거제시 중곡로1길,18,,4831010900110130013015168,,경상남도 거제시 중곡로1길 18,656936,53249,,,,128.628773985701,34.8930438585744
MA010120220811153892,일신건재,,G2,소매,G210,철물·건설자재 소매,G21003,건설/건축자재 소매업,G47519,"페인트, 창호 및 기타 건설자재 소매업",48,경상남도,48170,진주시,48170555,성북동,4817010700,남성동,4817010700102790006,1,대지,279,6,경상남도 진주시 남성동 279-6,481704796749,경상남도 진주시 서장대로407번길,8,,4817010700102790006207316,,경상남도 진주시 서장대로407번길 8,660030,52689,,,,128.074482637335,35.1876857031732
MA010120220811149103,성광사,,G2,소매,G210,철물·건설자재 소매,G21003,건설/건축자재 소매업,G47519,"페인트, 창호 및 기타 건설자재 소매업",48,경상남도,48170,진주시,48170330,금곡면,4817033027,금곡면,4817033027106410008,1,대지,641,8,경상남도 진주시 금곡면 두문리 641-8,481703019010,경상남도 진주시 금곡면 구암두문로,1022,,4817033027106410008055738,,경상남도 진주시 금곡면 구암두문로 1022,660832,52843,,,,128.186557393982,35.0904259606807
MA010120220811169008,도동페인트사,,G2,소매,G210,철물·건설자재 소매,G21003,건설/건축자재 소매업,G47519,"페인트, 창호 및 기타 건설자재 소매업",48,경상남도,48170,진주시,48170678,하대동,4817012000,하대동,4817012000103470033,1,대지,347,33,경상남도 진주시 하대동 347-33,481703332023,경상남도 진주시 모덕로,237,2,4817012000103470033009554,,경상남도 진주시 모덕로 237-2,660997,52771,,,,128.120017091433,35.1888864461218
MA010120220811152913,동양방수페인트사,,G2,소매,G210,철물·건설자재 소매,G21003,건설/건축자재 소매업,G47519,"페인트, 창호 및 기타 건설자재 소매업",48,경상남도,48240,사천시,48240595,남양동,4824012700,죽림동,4824012700110220000,1,대지,1022,,경상남도 사천시 죽림동 1022,482404802647,경상남도 사천시 진동길,69,4,4824012700110220000021081,,경상남도 사천시 진동길 69-4,664110,52546,,,,128.069673071765,34.9582795585128
MA010120220811156399,건설페인트,,G2,소매,G210,철물·건설자재 소매,G21003,건설/건축자재 소매업,G47519,"페인트, 창호 및 기타 건설자재 소매업",48,경상남도,48840,남해군,48840250,남해읍,4884025021,남해읍,4884025021105550001,1,대지,555,1,경상남도 남해군 남해읍 북변리 555-1,488404829401,경상남도 남해군 남해읍 화전로122번길,3,,4884025021105550001060890,,경상남도 남해군 남해읍 화전로122번길 3,668803,52416,,,,127.894294367418,34.842277450323
MA010120220811165070,하대페인트사,,G2,소매,G210,철물·건설자재 소매,G21003,건설/건축자재 소매업,G47519,"페인트, 창호 및 기타 건설자재 소매업",48,경상남도,48170,진주시,48170678,하대동,4817012000,하대동,4817012000101170042,1,대지,117,42,경상남도 진주시 하대동 117-42,481703332016,경상남도 진주시 도동로,195,,4817012000101170042011460,,경상남도 진주시 도동로 195,660995,52776,,1,,128.122073749814,35.1875515131343
MA010120220811161999,현대페인트,,G2,소매,G210,철물·건설자재 소매,G21003,건설/건축자재 소매업,G47519,"페인트, 창호 및 기타 건설자재 소매업",48,경상남도,48240,사천시,48240330,용현면,4824033026,용현면,4824033026104710001,1,대지,471,1,경상남도 사천시 용현면 신복리 471-1,482403334046,경상남도 사천시 용현면 진삼로,972,,4824033026104700001045940,,경상남도 사천시 용현면 진삼로 972,664951,52538,,,,128.067666877904,35.0423912479126
MA010120220811172605,진성종합산업,,G2,소매,G210,철물·건설자재 소매,G21003,건설/건축자재 소매업,G47519,"페인트, 창호 및 기타 건설자재 소매업",48,경상남도,48850,하동군,48850420,금성면,4885042023,금성면,4885042023104330000,1,대지,433,,경상남도 하동군 금성면 고포리 433,488504832033,경상남도 하동군 금성면 고포큰골길,63,,4885042023104330000000693,,경상남도 하동군 금성면 고포큰골길 63,667932,52353,,,,127.773778860656,34.970431183478
MA010120220811194269,단계건재상,,G2,소매,G210,철물·건설자재 소매,G21003,건설/건축자재 소매업,G47519,"페인트, 창호 및 기타 건설자재 소매업",48,경상남도,48860,산청군,48860400,신등면,4886040021,신등면,4886040021106450003,1,대지,645,3,경상남도 산청군 신등면 단계리 645-3,488603019075,경상남도 산청군 신등면 신등가회로,27,,4886040021106450003042368,,경상남도 산청군 신등면 신등가회로 27,666952,52257,,,,128.010608504507,35.3796884870814
MA010120220811177951,금강타일,,G2,소매,G210,철물·건설자재 소매,G21003,건설/건축자재 소매업,G47519,"페인트, 창호 및 기타 건설자재 소매업",48,경상남도,48850,하동군,48850250,하동읍,4885025022,하동읍,4885025022102380004,1,대지,238,4,경상남도 하동군 하동읍 광평리 238-4,488502332001,경상남도 하동군 하동읍 경서대로,106,,4885025022102380004051001,,경상남도 하동군 하동읍 경서대로 106,667801,52332,,,,127.748107390514,35.0649638492736
MA010120220811190720,튼튼건재,,G2,소매,G210,철물·건설자재 소매,G21003,건설/건축자재 소매업,G47519,"페인트, 창호 및 기타 건설자재 소매업",48,경상남도,48840,남해군,48840330,삼동면,4884033023,삼동면,4884033023113460002,1,대지,1346,2,경상남도 남해군 삼동면 금송리 1346-2,488402343002,경상남도 남해군 삼동면 동부대로,1759,,4884033023113460002057324,,경상남도 남해군 삼동면 동부대로 1759,668841,52445,,1,,128.009925139839,34.828356676336
MA010120220812695211,현대에너지,,G2,소매,G210,철물·건설자재 소매,G21003,건설/건축자재 소매업,G47519,"페인트, 창호 및 기타 건설자재 소매업",52,전북특별자치도,52210,김제시,52210340,용지면,5221034029,용지면,5221034029100320002,1,대지,32,2,전북특별자치도 김제시 용지면 부교리 32-2,522104616616,전북특별자치도 김제시 용지면 애통길,89,,4521034029100320002035557,,전북특별자치도 김제시 용지면 애통길 89,576973,54338,,,,126.99433452588,35.816626164687
MA010120220812732133,휘슬링디자인,,G2,소매,G210,철물·건설자재 소매,G21003,건설/건축자재 소매업,G47519,"페인트, 창호 및 기타 건설자재 소매업",41,경기도,41463,용인시 기흥구,41463520,구갈동,4146310200,구갈동,4146310200103540002,1,대지,354,2,경기도 용인시 기흥구 구갈동 354-2,414634412043,경기도 용인시 기흥구 구갈로60번길,15,1,4146310200103540002021676,인텔존,경기도 용인시 기흥구 구갈로60번길 15-1,446569,16972,,,,127.113018981725,37.2800142488409
MA010120220812612084,그린건설,,G2,소매,G210,철물·건설자재 소매,G21003,건설/건축자재 소매업,G47519,"페인트, 창호 및 기타 건설자재 소매업",44,충청남도,44250,계룡시,44250315,엄사면,4425031522,엄사면,4425031522102210000,1,대지,221,,충청남도 계룡시 엄사면 유동리 221,442503000095,충청남도 계룡시 엄사면 계백로,2880,,4425031522102210000000541,,충청남도 계룡시 엄사면 계백로 2880,321933,32830,,,,127.230452455693,36.2639449474855
MA010120220812626647,색연필&부구페인트,,G2,소매,G210,철물·건설자재 소매,G21003,건설/건축자재 소매업,G47519,"페인트, 창호 및 기타 건설자재 소매업",47,경상북도,47930,울진군,47930310,북면,4793031021,북면,4793031021101550003,1,대지,155,3,경상북도 울진군 북면 부구리 155-3,479303325022,경상북도 울진군 북면 울진북로,2093,,4793031021101550003028336,,경상북도 울진군 북면 울진북로 2093,767894,36305,,,,129.373670927959,37.1032393377178
MA010120220812643352,바른기업,,G2,소매,G210,철물·건설자재 소매,G21003,건설/건축자재 소매업,G47519,"페인트, 창호 및 기타 건설자재 소매업",28,인천광역시,28140,동구,28140555,송현1.2동,2814010300,송현동,2814010300100990014,1,대지,99,14,인천광역시 동구 송현동 99-14,281404250304,인천광역시 동구 화도진로44번길,1,,2814010300100990014000001,,인천광역시 동구 화도진로44번길 1,401041,22551,,5,,126.633738957444,37.4765005738311
MA010120220812601863,해성건재,,G2,소매,G210,철물·건설자재 소매,G21003,건설/건축자재 소매업,G47519,"페인트, 창호 및 기타 건설자재 소매업",48,경상남도,48890,합천군,48890350,율곡면,4889035034,율곡면,4889035034106560002,1,대지,656,2,경상남도 합천군 율곡면 임북리 656-2,488904844510,경상남도 합천군 율곡면 임북길,68,,4889035034106560002000001,,경상남도 합천군 율곡면 임북길 68,678813,50244,,,,128.176725792999,35.5702681714694
MA010120220812599324,이사시종합인테리어,,G2,소매,G210,철물·건설자재 소매,G21003,건설/건축자재 소매업,G47519,"페인트, 창호 및 기타 건설자재 소매업",11,서울특별시,11710,송파구,11710610,삼전동,1171010600,삼전동,1171010600100220000,1,대지,22,,서울특별시 송파구 삼전동 22,117103123009,서울특별시 송파구 석촌호수로,134,,1171010600100220000007593,,서울특별시 송파구 석촌호수로 134,138837,05600,,2,,127.091939280847,37.5071261025426
MA010120220812696278,에이스하드웨어,,G2,소매,G210,철물·건설자재 소매,G21003,건설/건축자재 소매업,F42492,건물용 금속 공작물 설치 공사업,26,부산광역시,26350,해운대구,26350551,좌1동,2635010700,좌동,2635010700114610006,1,대지,1461,6,부산광역시 해운대구 좌동 1461-6,263503133038,부산광역시 해운대구 좌동로,98,,2635010700114610006003762,디베르비타,부산광역시 해운대구 좌동로 98,612836,48106,,,,129.175894835135,35.1724434167367
MA010120220812635255,제이에이치,,G2,소매,G210,철물·건설자재 소매,G21003,건설/건축자재 소매업,G47519,"페인트, 창호 및 기타 건설자재 소매업",26,부산광역시,26440,강서구,26440520,대저2동,2644010200,대저2동,2644010200157220005,1,대지,5722,5,부산광역시 강서구 대저2동 5722-5,264404208076,부산광역시 강서구 공항로301번길,2,9,2644010200157220005000001,,부산광역시 강서구 공항로301번길 2-9,618810,46723,,,,128.945787204401,35.1357976813887
MA010120220812691389,화신티앤비,,G2,소매,G210,철물·건설자재 소매,G21003,건설/건축자재 소매업,G47519,"페인트, 창호 및 기타 건설자재 소매업",41,경기도,41360,남양주시,41360253,진접읍,4136025321,진접읍,4136025321106450003,1,대지,645,3,경기도 남양주시 진접읍 장현리 645-3,413603197045,경기도 남양주시 진접읍 장현로,41,,4136025321106450003025709,,경기도 남양주시 진접읍 장현로 41,472865,12015,,,,127.178822209187,37.7149565410238
MA010120220812696614,트레이더스엠,,G2,소매,G210,철물·건설자재 소매,G21003,건설/건축자재 소매업,G47519,"페인트, 창호 및 기타 건설자재 소매업",29,광주광역시,29140,서구,29140745,치평동,2914012000,치평동,2914012000112360002,1,대지,1236,2,광주광역시 서구 치평동 1236-2,291403160023,광주광역시 서구 상무중앙로,62,,2914012000112360002000001,,광주광역시 서구 상무중앙로 62,502827,61949,,4,,126.848922248772,35.1523829795141
MA010120220812761347,부경상사,,G2,소매,G210,철물·건설자재 소매,G21003,건설/건축자재 소매업,G47519,"페인트, 창호 및 기타 건설자재 소매업",47,경상북도,47290,경산시,47290510,중방동,4729011700,중방동,4729011700108310006,1,대지,831,6,경상북도 경산시 중방동 831-6,472904739070,경상북도 경산시 경안로38길,59,,4729011700108310006001578,,경상북도 경산시 경안로38길 59,712802,38620,,,,128.738635241506,35.8295809962034
MA010120220812747696,에버페인트상사,,G2,소매,G210,철물·건설자재 소매,G21003,건설/건축자재 소매업,G47519,"페인트, 창호 및 기타 건설자재 소매업",41,경기도,41461,용인시 처인구,41461250,포곡읍,4146125025,포곡읍,4146125025100230038,1,대지,23,38,경기도 용인시 처인구 포곡읍 마성리 23-38,414613203068,경기도 용인시 처인구 포곡읍 성산로,455,,4146125025100230038000001,,경기도 용인시 처인구 포곡읍 성산로 455,449813,17024,,1,,127.194624228972,37.276087805122
MA010120220812611572,디앤케이트레이드,,G2,소매,G210,철물·건설자재 소매,G21003,건설/건축자재 소매업,G47519,"페인트, 창호 및 기타 건설자재 소매업",41,경기도,41173,안양시 동안구,41173552,관양동,4117310200,관양동,4117310200114350017,1,대지,1435,17,경기도 안양시 동안구 관양동 1435-17,411734349185,경기도 안양시 동안구 일동로200번길,28,,4117310200114350017000483,,경기도 안양시 동안구 일동로200번길 28,431807,13939,,지,,126.966691656045,37.4058292933371
MA010120220801544337,설봉페인트,,G2,소매,G210,철물·건설자재 소매,G21003,건설/건축자재 소매업,G47519,"페인트, 창호 및 기타 건설자재 소매업",41,경기도,41500,이천시,41500310,신둔면,4150031021,신둔면,4150031021102810001,1,대지,281,1,경기도 이천시 신둔면 수광리 281-1,415004421077,경기도 이천시 신둔면 경충대로3159번길,10,,4150031021102810001016202,,경기도 이천시 신둔면 경충대로3159번길 10,467843,17303,,,,127.401461402423,37.3083736313379
MA010120220801504403,이화타일,,G2,소매,G210,철물·건설자재 소매,G21003,건설/건축자재 소매업,G47519,"페인트, 창호 및 기타 건설자재 소매업",41,경기도,41220,평택시,41220330,고덕면,4122033025,고덕면,4122033025111450001,1,대지,1145,1,경기도 평택시 고덕면 해창리 1145-1,412204364192,경기도 평택시 고덕면 문화마을길,79,,4122033025111450001032068,,경기도 평택시 고덕면 문화마을길 79,451843,17789,,,,127.013825564744,37.0394848927939
MA010120220801510714,일심석재,,G2,소매,G210,철물·건설자재 소매,G21003,건설/건축자재 소매업,G47519,"페인트, 창호 및 기타 건설자재 소매업",41,경기도,41220,평택시,41220330,고덕면,4122033026,고덕면,4122033026100840007,1,대지,84,7,경기도 평택시 고덕면 궁리 84-7,412202012006,경기도 평택시 고덕면 서동대로,2628,,4122033026100820005032701,,경기도 평택시 고덕면 서동대로 2628,451841,17822,,,,127.031294471158,37.0157111294733
MA010120220801551037,금화타일,,G2,소매,G210,철물·건설자재 소매,G21003,건설/건축자재 소매업,G47519,"페인트, 창호 및 기타 건설자재 소매업",41,경기도,41610,광주시,41610259,곤지암읍,4161025921,곤지암읍,4161025921100130003,1,대지,13,3,경기도 광주시 곤지암읍 곤지암리 13-3,416104433045,경기도 광주시 곤지암읍 경충대로498번길,119,,4161025621100130003255414,,경기도 광주시 곤지암읍 경충대로498번길 119,464872,12812,,,,127.361997649274,37.3400819632928
MA010120220801576451,종합페인트,,G2,소매,G210,철물·건설자재 소매,G21003,건설/건축자재 소매업,G47519,"페인트, 창호 및 기타 건설자재 소매업",41,경기도,41610,광주시,41610510,경안동,4161011200,역동,4161011200101350033,1,대지,135,33,경기도 광주시 역동 135-33,416103211018,경기도 광주시 역동로,78,,4161011200101350033000332,,경기도 광주시 역동로 78,464807,12778,,,,127.255429046918,37.4017738017481
MA010120220801576941,삼성타일,,G2,소매,G210,철물·건설자재 소매,G21003,건설/건축자재 소매업,G47519,"페인트, 창호 및 기타 건설자재 소매업",41,경기도,41500,이천시,41500520,중리동,4150010300,중리동,4150010300104570008,1,대지,457,8,경기도 이천시 중리동 457-8,415002012002,경기도 이천시 경충대로,2596,,4150010300104570008010474,,경기도 이천시 경충대로 2596,467800,17377,,,,127.444627782827,37.275349724942
MA010120220801551786,일진종합타일상사,,G2,소매,G210,철물·건설자재 소매,G21003,건설/건축자재 소매업,G47519,"페인트, 창호 및 기타 건설자재 소매업",41,경기도,41610,광주시,41610510,경안동,4161011200,역동,4161011200100560003,1,대지,56,3,경기도 광주시 역동 56-3,416103211018,경기도 광주시 역동로,44,,4161011200100560003008724,,경기도 광주시 역동로 44,464807,12759,,,,127.256692247363,37.4045732337915
MA010120220801566888,정광타이루,,G2,소매,G210,철물·건설자재 소매,G21003,건설/건축자재 소매업,G47519,"페인트, 창호 및 기타 건설자재 소매업",41,경기도,41450,하남시,41450530,신장2동,4145010600,신장동,4145010600104370008,1,대지,437,8,경기도 하남시 신장동 437-8,414503202047,경기도 하남시 신장1로,12,1,4145010600104370008004068,,경기도 하남시 신장1로 12-1,465032,12960,,,,127.209546221571,37.537330749954
MA010120220801610768,강하도료,,G2,소매,G210,철물·건설자재 소매,G21003,건설/건축자재 소매업,G47519,"페인트, 창호 및 기타 건설자재 소매업",41,경기도,41830,양평군,41830320,강하면,4183032021,강하면,4183032021100260004,1,대지,26,4,경기도 양평군 강하면 운심리 26-4,418304451596,경기도 양평군 강하면 사호3길,8,,4183032021100260004000001,,경기도 양평군 강하면 사호3길 8,476922,12574,,,,127.413081892649,37.4959609783311
MA010120220801591741,장호원삼화페인트,,G2,소매,G210,철물·건설자재 소매,G21003,건설/건축자재 소매업,G47519,"페인트, 창호 및 기타 건설자재 소매업",41,경기도,41500,이천시,41500250,장호원읍,4150025021,장호원읍,4150025021100100004,1,대지,10,4,경기도 이천시 장호원읍 장호원리 10-4,415003207072,경기도 이천시 장호원읍 장여로,11,,4150025021100100004021537,,경기도 이천시 장호원읍 장여로 11,467902,17418,,1,,127.632596373396,37.1188672882153
MA010120220801601907,금강산업,,G2,소매,G210,철물·건설자재 소매,G21003,건설/건축자재 소매업,G47519,"페인트, 창호 및 기타 건설자재 소매업",41,경기도,41500,이천시,41500253,부발읍,4150025329,부발읍,4150025329103020001,1,대지,302,1,경기도 이천시 부발읍 가좌리 302-1,415002012012,경기도 이천시 부발읍 중부대로,1230,26,4150025329103020001000003,,경기도 이천시 부발읍 중부대로 1230-26,467864,17329,,,,127.459816042399,37.2624699960184
MA010120220801593533,모가상사,,G2,소매,G210,철물·건설자재 소매,G21003,건설/건축자재 소매업,G47519,"페인트, 창호 및 기타 건설자재 소매업",41,경기도,41500,이천시,41500360,모가면,4150036021,모가면,4150036021101100012,1,대지,110,12,경기도 이천시 모가면 진가리 110-12,415003207055,경기도 이천시 모가면 진상미로,1290,,4150036021101100008023808,,경기도 이천시 모가면 진상미로 1290,467872,17408,,,,127.480496807844,37.170986291607
MA010120220801607926,실버타일,,G2,소매,G210,철물·건설자재 소매,G21003,건설/건축자재 소매업,G47519,"페인트, 창호 및 기타 건설자재 소매업",41,경기도,41500,이천시,41500510,창전동,4150010100,창전동,4150010100104600001,1,대지,460,1,경기도 이천시 창전동 460-1,415003207041,경기도 이천시 영창로,250,1,4150010100104600001010892,,경기도 이천시 영창로 250-1,467807,17371,,,,127.450509860282,37.2804273303574
MA010120220801625076,이가,,G2,소매,G210,철물·건설자재 소매,G21003,건설/건축자재 소매업,G47519,"페인트, 창호 및 기타 건설자재 소매업",41,경기도,41500,이천시,41500530,관고동,4150011100,사음동,4150011100104220001,1,대지,422,1,경기도 이천시 사음동 422-1,415002012002,경기도 이천시 경충대로,2994,16,4150011100104220001012217,,경기도 이천시 경충대로 2994-16,467020,17308,,,,127.413138970187,37.2964848958592
MA010120220801648218,이화타일,,G2,소매,G210,철물·건설자재 소매,G21003,건설/건축자재 소매업,G47519,"페인트, 창호 및 기타 건설자재 소매업",41,경기도,41250,동두천시,41250535,중앙동,4125010300,생연동,4125010300105700008,1,대지,570,8,경기도 동두천시 생연동 570-8,412503189031,경기도 동두천시 중앙로,351,,4125010300105700008005809,,경기도 동두천시 중앙로 351,483800,11326,,,,127.055813130242,37.9128572275856
MA010120220801648219,동서타일,,G2,소매,G210,철물·건설자재 소매,G21003,건설/건축자재 소매업,G47519,"페인트, 창호 및 기타 건설자재 소매업",41,경기도,41630,양주시,41630320,남면,4163032029,남면,4163032029104140002,1,대지,414,2,경기도 양주시 남면 한산리 414-2,416303012028,경기도 양주시 남면 삼육사로,365,,4163032029104140002030577,,경기도 양주시 남면 삼육사로 365,482872,11403,,,,126.993768506576,37.9094106746494
MA010120220801682365,리핑트레이딩,,G2,소매,G210,철물·건설자재 소매,G21003,건설/건축자재 소매업,G47519,"페인트, 창호 및 기타 건설자재 소매업",11,서울특별시,11440,마포구,11440565,공덕동,1144010200,공덕동,1144010200102560013,1,대지,256,13,서울특별시 마포구 공덕동 256-13,114403101016,서울특별시 마포구 만리재로,15,,1144010200102560013002355,,서울특별시 마포구 만리재로 15,121758,04214,,,,126.952768293609,37.5445890758763
MA010120220801669421,광진상사,,G2,소매,G210,철물·건설자재 소매,G21003,건설/건축자재 소매업,G47519,"페인트, 창호 및 기타 건설자재 소매업",41,경기도,41650,포천시,41650340,신북면,4165034024,신북면,4165034024102200010,1,대지,220,10,경기도 포천시 신북면 만세교리 220-10,416503000136,경기도 포천시 신북면 호국로,2364,,4165034024102200010000001,,경기도 포천시 신북면 호국로 2364,487914,11139,,,,127.242162340749,37.957497029634
MA010120220801651264,삼화페인트,,G2,소매,G210,철물·건설자재 소매,G21003,건설/건축자재 소매업,G47519,"페인트, 창호 및 기타 건설자재 소매업",41,경기도,41250,동두천시,41250550,보산동,4125010600,보산동,4125010600104100006,1,대지,410,6,경기도 동두천시 보산동 410-6,412504367146,경기도 동두천시 중앙로373번길,6,,4125010600104100006005340,,경기도 동두천시 중앙로373번길 6,483060,11311,,1,,127.058429114812,37.9134325613158
MA010120220801675407,제일페인트,,G2,소매,G210,철물·건설자재 소매,G21003,건설/건축자재 소매업,G47519,"페인트, 창호 및 기타 건설자재 소매업",44,충청남도,44825,태안군,44825320,남면,4482532024,남면,4482532024110320044,1,대지,1032,44,충청남도 태안군 남면 달산리 1032-44,448253264005,충청남도 태안군 남면 달산포로,167,36,4482532024110320044004797,,충청남도 태안군 남면 달산포로 167-36,357951,32154,,,,126.297860162823,36.6603306413582
MA010120220801659400,대한페인트,,G2,소매,G210,철물·건설자재 소매,G21003,건설/건축자재 소매업,G47519,"페인트, 창호 및 기타 건설자재 소매업",41,경기도,41630,양주시,41630310,은현면,4163031024,은현면,4163031024104170026,1,대지,417,26,경기도 양주시 은현면 봉암리 417-26,416304436156,경기도 양주시 은현면 봉암5길,3,,4163031024104150042026187,,경기도 양주시 은현면 봉암5길 3,482862,11425,,,,127.006219970395,37.9076087881714
MA010120220801665782,제일페인트,,G2,소매,G210,철물·건설자재 소매,G21003,건설/건축자재 소매업,G47519,"페인트, 창호 및 기타 건설자재 소매업",41,경기도,41800,연천군,41800253,전곡읍,4180025321,전곡읍,4180025321104570002,1,대지,457,2,경기도 연천군 전곡읍 전곡리 457-2,418003215038,경기도 연천군 전곡읍 전곡로,184,,4180025321104570002002681,,경기도 연천군 전곡읍 전곡로 184,486903,11029,,,,127.067244751774,38.0283239444915
MA010120220803302428,던에드워드페인트,춘천점,G2,소매,G210,철물·건설자재 소매,G21003,건설/건축자재 소매업,G47519,"페인트, 창호 및 기타 건설자재 소매업",51,강원특별자치도,51110,춘천시,51110705,신사우동,5111011800,우두동,5111011800110540003,1,대지,1054,3,강원특별자치도 춘천시 우두동 1054-3,511104454461,강원특별자치도 춘천시 신흥길5번길,4,13,4211011800110540003000001,,강원특별자치도 춘천시 신흥길5번길 4-13,200940,24237,,1,,127.727524759398,37.9004504122593
MA010120220803336841,화성유리,,G2,소매,G210,철물·건설자재 소매,G21003,건설/건축자재 소매업,G47519,"페인트, 창호 및 기타 건설자재 소매업",31,울산광역시,31110,중구,31110555,복산동,3111010300,복산동,3111010300104730002,1,대지,473,2,울산광역시 중구 복산동 473-2,311104307437,울산광역시 중구 학성4길,7,1,3111010300104730002008328,,울산광역시 중구 학성4길 7-1,681825,44470,,,,129.330503923409,35.5618517201605
MA010120220803334609,우리타일,,G2,소매,G210,철물·건설자재 소매,G21003,건설/건축자재 소매업,G47519,"페인트, 창호 및 기타 건설자재 소매업",51,강원특별자치도,51170,동해시,51170510,천곡동,5117010100,천곡동,5117010100109640011,1,대지,964,11,강원특별자치도 동해시 천곡동 964-11,511703221040,강원특별자치도 동해시 중앙로,166,,4217010100009640011014196,,강원특별자치도 동해시 중앙로 166,240812,25777,,,,129.118081922846,37.516194966804
MA010120220803368335,지와이텍,,G2,소매,G210,철물·건설자재 소매,G21003,건설/건축자재 소매업,G47519,"페인트, 창호 및 기타 건설자재 소매업",31,울산광역시,31140,남구,31140670,야음장생포동,3114010700,여천동,3114010700107500000,1,대지,750,,울산광역시 남구 여천동 750,311404310752,울산광역시 남구 장생포로19번길,40,,3114010700107500000026178,,울산광역시 남구 장생포로19번길 40,680090,44781,,,,129.34958804236,35.5182665096962
MA010120220803347324,솔인테리어,,G2,소매,G210,철물·건설자재 소매,G21003,건설/건축자재 소매업,G47519,"페인트, 창호 및 기타 건설자재 소매업",48,경상남도,48330,양산시,48330310,동면,4833031026,동면,4833031026114520006,1,대지,1452,6,경상남도 양산시 동면 석산리 1452-6,483304814931,경상남도 양산시 동면 금오13길,12,,4833031026114520006000001,일부,경상남도 양산시 동면 금오13길 12,626821,50650,,,,129.02568167738,35.316828751881
MA010120220803344765,유림상사,,G2,소매,G210,철물·건설자재 소매,G21003,건설/건축자재 소매업,G47519,"페인트, 창호 및 기타 건설자재 소매업",26,부산광역시,26320,북구,26320572,만덕2동,2632010300,만덕동,2632010300103050002,1,대지,305,2,부산광역시 북구 만덕동 305-2,263203132007,부산광역시 북구 만덕2로,25,,2632010300103050002013582,,부산광역시 북구 만덕2로 25,616826,46607,,2,,129.038005786451,35.2110876127002
MA010120220803348159,비봉페인트,,G2,소매,G210,철물·건설자재 소매,G21003,건설/건축자재 소매업,G47519,"페인트, 창호 및 기타 건설자재 소매업",44,충청남도,44790,청양군,44790390,비봉면,4479039021,비봉면,4479039021100640001,1,대지,64,1,충청남도 청양군 비봉면 록평리 64-1,447903259240,충청남도 청양군 비봉면 충절로,1991,,4479039021100640001014165,,충청남도 청양군 비봉면 충절로 1991,345882,33316,,,,126.78567384083,36.519151023998
MA010120220803384578,에스에이세라믹스,,G2,소매,G210,철물·건설자재 소매,G21003,건설/건축자재 소매업,G47519,"페인트, 창호 및 기타 건설자재 소매업",41,경기도,41360,남양주시,41360250,와부읍,4136025024,와부읍,4136025024101510001,1,대지,151,1,경기도 남양주시 와부읍 월문리 151-1,413603197036,경기도 남양주시 와부읍 수레로,606,1,4136025024101510001026085,,경기도 남양주시 와부읍 수레로 606-1,472905,12202,,,,127.269593272597,37.6128652375015
MA010120220803399965,삼정,,G2,소매,G210,철물·건설자재 소매,G21003,건설/건축자재 소매업,G47519,"페인트, 창호 및 기타 건설자재 소매업",44,충청남도,44210,서산시,44210525,동문1동,4421010200,동문동,4421010200106610002,1,대지,661,2,충청남도 서산시 동문동 661-2,442103254072,충청남도 서산시 서령로,66,,4421010200106610002029455,,충청남도 서산시 서령로 66,356802,31976,,,,126.456725277256,36.7878756939254
MA010120220803384009,나눔,,G2,소매,G210,철물·건설자재 소매,G21003,건설/건축자재 소매업,G47519,"페인트, 창호 및 기타 건설자재 소매업",30,대전광역시,30170,서구,30170570,가장동,3017010900,가장동,3017010900100500007,1,대지,50,7,대전광역시 서구 가장동 50-7,301703166003,대전광역시 서구 가장로,135,2,3017010900100500007000001,,대전광역시 서구 가장로 135-2,302804,35312,,2,,127.388085148571,36.332036254232
MA010120220804908330,비제이<BJ>산업,,G2,소매,G210,철물·건설자재 소매,G21003,건설/건축자재 소매업,G47519,"페인트, 창호 및 기타 건설자재 소매업",11,서울특별시,11470,양천구,11470650,신정4동,1147010100,신정동,1147010100109250019,1,대지,925,19,서울특별시 양천구 신정동 925-19,114704142264,서울특별시 양천구 신정중앙로12길,20,,1147010100109250019000001,,서울특별시 양천구 신정중앙로12길 20,158858,07940,,,,126.854041272375,37.5259567256941
MA010120220804967900,수영건업,,G2,소매,G210,철물·건설자재 소매,G21003,건설/건축자재 소매업,G47519,"페인트, 창호 및 기타 건설자재 소매업",52,전북특별자치도,52113,전주시 덕진구,52113611,우아1동,5211311500,우아동3가,5211311500105780003,1,대지,578,3,전북특별자치도 전주시 덕진구 우아동3가 578-3,521132266002,전북특별자치도 전주시 덕진구 동부대로,744,19,4511311500105780003000001,,전북특별자치도 전주시 덕진구 동부대로 744-19,561823,54817,,1,,127.15971819809,35.8555716724979
MA010120220804945777,삼화페인트,안중점,G2,소매,G210,철물·건설자재 소매,G21003,건설/건축자재 소매업,G47519,"페인트, 창호 및 기타 건설자재 소매업",41,경기도,41220,평택시,41220253,안중읍,4122025330,안중읍,4122025330101760002,1,대지,176,2,경기도 평택시 안중읍 현화리 176-2,412203188135,경기도 평택시 안중읍 안현로,265,,4122025330101760002000001,,경기도 평택시 안중읍 안현로 265,451885,17930,,,,126.922697953018,36.9754116770738
MA010120220804983695,계림도기,,G2,소매,G210,철물·건설자재 소매,G21003,건설/건축자재 소매업,G47519,"페인트, 창호 및 기타 건설자재 소매업",47,경상북도,47250,상주시,47250560,동성동,4725010100,성하동,4725010100100060053,1,대지,6,53,경상북도 상주시 성하동 6-53,472504733444,경상북도 상주시 성하1길,5,,4725010100100060053096059,,경상북도 상주시 성하1길 5,742030,37194,,,,128.163163840382,36.4142889162844
MA010120220805011290,미도상사,,G2,소매,G210,철물·건설자재 소매,G21003,건설/건축자재 소매업,G47519,"페인트, 창호 및 기타 건설자재 소매업",11,서울특별시,11290,성북구,11290620,정릉1동,1129013300,정릉동,1129013300100160005,1,대지,16,5,서울특별시 성북구 정릉동 16-5,112903107014,서울특별시 성북구 정릉로,342,,1129013300100160005035916,,서울특별시 성북구 정릉로 342,136841,02817,,,,127.021029269405,37.6016025984342
MA010120220805004408,삼화페인트,,G2,소매,G210,철물·건설자재 소매,G21003,건설/건축자재 소매업,G47519,"페인트, 창호 및 기타 건설자재 소매업",11,서울특별시,11305,강북구,11305625,수유2동,1130510300,수유동,1130510300106050311,1,대지,605,311,서울특별시 강북구 수유동 605-311,113053108001,서울특별시 강북구 삼각산로,127,,1130510300106050311009740,,서울특별시 강북구 삼각산로 127,142072,01041,,,,127.018253134012,37.6410753249963
MA010120220804983123,에이블,,G2,소매,G210,철물·건설자재 소매,G21003,건설/건축자재 소매업,G47519,"페인트, 창호 및 기타 건설자재 소매업",11,서울특별시,11560,영등포구,11560620,양평2동,1156012800,양평동4가,1156012800100290001,1,대지,29,1,서울특별시 영등포구 양평동4가 29-1,115603005074,서울특별시 영등포구 선유로,258,,1156012800100290001019388,두정빌딩,서울특별시 영등포구 선유로 258,150866,07212,,,,126.897752670726,37.5353730682839
MA010120220805033945,이루다솔루션,,G2,소매,G210,철물·건설자재 소매,G21003,건설/건축자재 소매업,G47519,"페인트, 창호 및 기타 건설자재 소매업",52,전북특별자치도,52210,김제시,52210510,요촌동,5221010700,서암동,5221010700101730005,1,대지,173,5,전북특별자치도 김제시 서암동 173-5,522103016004,전북특별자치도 김제시 만경로,14,,4521010700101730005000001,,전북특별자치도 김제시 만경로 14,576806,54364,,,,126.873856122609,35.8087371647943
MA010120220805026514,승지기업,,G2,소매,G210,철물·건설자재 소매,G21003,건설/건축자재 소매업,G47519,"페인트, 창호 및 기타 건설자재 소매업",41,경기도,41220,평택시,41220259,청북읍,4122025921,청북읍,4122025921100160013,1,대지,16,13,경기도 평택시 청북읍 현곡리 16-13,412204364017,경기도 평택시 청북읍 건의길,185,,4122035021100160013233985,,경기도 평택시 청북읍 건의길 185,451831,17811,,,,126.95079290728,37.0523698826152
MA010120220805063045,하늘도장공사,,G2,소매,G210,철물·건설자재 소매,G21003,건설/건축자재 소매업,G47519,"페인트, 창호 및 기타 건설자재 소매업",52,전북특별자치도,52130,군산시,52130640,흥남동,5213013300,서흥남동,5213013300108500028,1,대지,850,28,전북특별자치도 군산시 서흥남동 850-28,521303268088,전북특별자치도 군산시 월명로,331,,4513013300108500028029240,,전북특별자치도 군산시 월명로 331,573190,54120,,,,126.715423323083,35.9738002283476
MA010120220806479643,복덩어리,,G2,소매,G210,철물·건설자재 소매,G21003,건설/건축자재 소매업,G47519,"페인트, 창호 및 기타 건설자재 소매업",43,충청북도,43112,청주시 서원구,43112570,수곡1동,4311210700,수곡동,4311210700100180011,1,대지,18,11,충청북도 청주시 서원구 수곡동 18-11,431124511952,충청북도 청주시 서원구 청남로2098번길,76,5,4311310900100180011022132,,충청북도 청주시 서원구 청남로2098번길 76-5,362834,28706,,,,127.491568838405,36.6187625370035
MA010120220806482238,고려하우징,,G2,소매,G210,철물·건설자재 소매,G21003,건설/건축자재 소매업,G47519,"페인트, 창호 및 기타 건설자재 소매업",48,경상남도,48250,김해시,48250590,삼안동,4825012000,안동,4825012000102480010,1,대지,248,10,경상남도 김해시 안동 248-10,482503335031,경상남도 김해시 분성로,645,,4825012000102480010085154,,경상남도 김해시 분성로 645,621914,50825,,,,128.91645717145,35.236485999114
MA010120220806493078,호디에,,G2,소매,G210,철물·건설자재 소매,G21003,건설/건축자재 소매업,N75911,문서 작성업,11,서울특별시,11110,종로구,11110515,청운효자동,1111011000,누하동,1111011000100640000,1,대지,64,,서울특별시 종로구 누하동 64,111102100002,서울특별시 종로구 필운대로,43,,1111011000100640000032011,태평타운,서울특별시 종로구 필운대로 43,110805,03037,,,,126.968516200968,37.5798953703033
MA010120220806499909,에쓰에이,,G2,소매,G210,철물·건설자재 소매,G21003,건설/건축자재 소매업,G47519,"페인트, 창호 및 기타 건설자재 소매업",29,광주광역시,29140,서구,29140800,서창동,2914013200,매월동,2914013200109480000,1,대지,948,,광주광역시 서구 매월동 948,291403160009,광주광역시 서구 매월2로,53,,2914013200109460000024501,,광주광역시 서구 매월2로 53,502795,62074,,,,126.860287964665,35.1162249385525
MA010120220806505369,동명타일유통,,G2,소매,G210,철물·건설자재 소매,G21003,건설/건축자재 소매업,G47519,"페인트, 창호 및 기타 건설자재 소매업",44,충청남도,44131,천안시 동남구,44131250,목천읍,4413125033,목천읍,4413125033103140001,1,대지,314,1,충청남도 천안시 동남구 목천읍 신계리 314-1,441314547428,충청남도 천안시 동남구 목천읍 신계4길,9,2,4413125033103140001000001,,충청남도 천안시 동남구 목천읍 신계4길 9-2,330846,31233,,,,127.202952757795,36.7718760926603
MA010120220806546077,대성도기타일,,G2,소매,G210,철물·건설자재 소매,G21003,건설/건축자재 소매업,G47519,"페인트, 창호 및 기타 건설자재 소매업",47,경상북도,47170,안동시,47170555,용상동,4717011000,용상동,4717011000105160007,1,대지,516,7,경상북도 안동시 용상동 516-7,471703018013,경상북도 안동시 경동로,1040,,4717011000105160007019103,,경상북도 안동시 경동로 1040,760901,36727,,,,128.766527027796,36.5503129728493
MA010120220806512427,바인세라믹,,G2,소매,G210,철물·건설자재 소매,G21003,건설/건축자재 소매업,G47519,"페인트, 창호 및 기타 건설자재 소매업",11,서울특별시,11140,중구,11140650,신당5동,1114016200,신당동,1114016200101320041,1,대지,132,41,서울특별시 중구 신당동 132-41,111404103065,서울특별시 중구 다산로42길,59,,1114016200101320041004727,,서울특별시 중구 다산로42길 59,100819,04577,,3,,127.019502058538,37.5642296532416
MA010120220807852186,강남페인트,,G2,소매,G210,철물·건설자재 소매,G21003,건설/건축자재 소매업,G47519,"페인트, 창호 및 기타 건설자재 소매업",46,전라남도,46150,순천시,46150560,조곡동,4615011100,조곡동,4615011100101550013,1,대지,155,13,전라남도 순천시 조곡동 155-13,461503283029,전라남도 순천시 팔마로,101,,4615011100101550016035460,,전라남도 순천시 팔마로 101,540963,57964,,,,127.499559851258,34.9460804568087
MA010120220807864960,대신상사,,G2,소매,G210,철물·건설자재 소매,G21003,건설/건축자재 소매업,G47519,"페인트, 창호 및 기타 건설자재 소매업",46,전라남도,46150,순천시,46150320,서면,4615032028,서면,4615032028110650000,1,대지,1065,,전라남도 순천시 서면 선평리 1065,461504860642,전라남도 순천시 서면 선평신흥길,8,,4615032028110650000070818,,전라남도 순천시 서면 선평신흥길 8,540813,57925,,,,127.495815441164,34.9914260186119
MA010120220807876435,믿음타일,,G2,소매,G210,철물·건설자재 소매,G21003,건설/건축자재 소매업,G47519,"페인트, 창호 및 기타 건설자재 소매업",46,전라남도,46150,순천시,46150610,장천동,4615011900,장천동,4615011900100160002,1,대지,16,2,전라남도 순천시 장천동 16-2,461503282002,전라남도 순천시 강남로,32,,4615011900100160002056248,,전라남도 순천시 강남로 32,540960,57960,,,,127.492373765681,34.9489311148922
MA010120220807863407,삼화페인트사,,G2,소매,G210,철물·건설자재 소매,G21003,건설/건축자재 소매업,G47519,"페인트, 창호 및 기타 건설자재 소매업",46,전라남도,46150,순천시,46150590,남제동,4615011700,인제동,4615011700100660043,1,대지,66,43,전라남도 순천시 인제동 66-43,461504650042,전라남도 순천시 청사큰길,77,,4615011700100660043054138,,전라남도 순천시 청사큰길 77,540160,57958,,,,127.486208070704,34.9466844728312
MA010120220807852861,노루표칠공사,,G2,소매,G210,철물·건설자재 소매,G21003,건설/건축자재 소매업,G47519,"페인트, 창호 및 기타 건설자재 소매업",46,전라남도,46780,보성군,46780250,보성읍,4678025021,보성읍,4678025021108040003,1,대지,804,3,전라남도 보성군 보성읍 보성리 804-3,467804670215,전라남도 보성군 보성읍 새싹길,66,21,4678025021108040003102885,,전라남도 보성군 보성읍 새싹길 66-21,546802,59455,,,,127.079789679569,34.7720107494625
MA010120220807863801,푸른타일세상,,G2,소매,G210,철물·건설자재 소매,G21003,건설/건축자재 소매업,G47519,"페인트, 창호 및 기타 건설자재 소매업",46,전라남도,46150,순천시,46150310,해룡면,4615031031,해룡면,4615031031100060004,1,대지,6,4,전라남도 순천시 해룡면 용전리 6-4,461503282087,전라남도 순천시 해룡면 여순로,1215,,4615031031100060004074778,,전라남도 순천시 해룡면 여순로 1215,540856,58024,,,,127.559311816042,34.8949551421881
MA010120220807847299,역전페인트,,G2,소매,G210,철물·건설자재 소매,G21003,건설/건축자재 소매업,G47519,"페인트, 창호 및 기타 건설자재 소매업",46,전라남도,46150,순천시,46150560,조곡동,4615011100,조곡동,4615011100101530020,1,대지,153,20,전라남도 순천시 조곡동 153-20,461503283029,전라남도 순천시 팔마로,93,1,4615011100101530020000899,,전라남도 순천시 팔마로 93-1,540963,57964,,,,127.498651600162,34.9461382712858
MA010120220807933112,고려타이루,,G2,소매,G210,철물·건설자재 소매,G21003,건설/건축자재 소매업,G47519,"페인트, 창호 및 기타 건설자재 소매업",46,전라남도,46130,여수시,46130635,서강동,4613011400,봉강동,4613011400100320013,1,대지,32,13,전라남도 여수시 봉강동 32-13,461303282030,전라남도 여수시 봉강로,45,,4613011400100320013048304,,전라남도 여수시 봉강로 45,550160,59749,,,,127.723024820745,34.7404143925803
MA010120220807931412,용두타일,,G2,소매,G210,철물·건설자재 소매,G21003,건설/건축자재 소매업,G47519,"페인트, 창호 및 기타 건설자재 소매업",11,서울특별시,11230,동대문구,11230536,용신동,1123010200,용두동,1123010200100400028,1,대지,40,28,서울특별시 동대문구 용두동 40-28,112303005030,서울특별시 동대문구 고산자로,393,,1123010200100400028038333,,서울특별시 동대문구 고산자로 393,130817,02566,,,,127.037866292916,37.5748208979162
MA010120220807955327,전북종합,,G2,소매,G210,철물·건설자재 소매,G21003,건설/건축자재 소매업,G47519,"페인트, 창호 및 기타 건설자재 소매업",52,전북특별자치도,52113,전주시 덕진구,52113580,금암1동,5211310700,금암동,5211310700107100005,1,대지,710,5,전북특별자치도 전주시 덕진구 금암동 710-5,521132266001,전북특별자치도 전주시 덕진구 기린대로,418,,4511310700107100005010240,우석회관,전북특별자치도 전주시 덕진구 기린대로 418,561762,54931,,4,,127.130895851628,35.8389873671967
MA010120220807937562,천일페인트,,G2,소매,G210,철물·건설자재 소매,G21003,건설/건축자재 소매업,G47519,"페인트, 창호 및 기타 건설자재 소매업",46,전라남도,46130,여수시,46130710,문수동,4613012000,문수동,4613012000100810009,1,대지,81,9,전라남도 여수시 문수동 81-9,461303282027,전라남도 여수시 문수로,159,2,4613012000100810009014843,,전라남도 여수시 문수로 159-2,550816,59699,,,,127.710292831669,34.7583099136114
MA010120220807962290,한양페인트,,G2,소매,G210,철물·건설자재 소매,G21003,건설/건축자재 소매업,G47519,"페인트, 창호 및 기타 건설자재 소매업",52,전북특별자치도,52113,전주시 덕진구,52113540,인후1동,5211310300,인후동1가,5211310300106530019,1,대지,653,19,전북특별자치도 전주시 덕진구 인후동1가 653-19,521133266010,전북특별자치도 전주시 덕진구 견훤왕궁로,152,,4511310300106530019030606,,전북특별자치도 전주시 덕진구 견훤왕궁로 152,561831,55008,,1,,127.150852617917,35.8333040769804
MA010120220807966489,플로매쉬,,G2,소매,G210,철물·건설자재 소매,G21003,건설/건축자재 소매업,G47519,"페인트, 창호 및 기타 건설자재 소매업",52,전북특별자치도,52113,전주시 덕진구,52113670,혁신동,5211313100,만성동,5211313100111750010,1,대지,1175,10,전북특별자치도 전주시 덕진구 만성동 1175-10,521134640750,전북특별자치도 전주시 덕진구 월방1길,4,5,4511313100109370000000001,,전북특별자치도 전주시 덕진구 월방1길 4-5,561350,54873,,,,127.070191575419,35.8336035666681
MA010120220807966563,신성페인트.방수,,G2,소매,G210,철물·건설자재 소매,G21003,건설/건축자재 소매업,G47519,"페인트, 창호 및 기타 건설자재 소매업",52,전북특별자치도,52113,전주시 덕진구,52113580,금암1동,5211310700,금암동,5211310700104570006,1,대지,457,6,전북특별자치도 전주시 덕진구 금암동 457-6,521133266076,전북특별자치도 전주시 덕진구 태진로,147,,4511310700104570006006076,,전북특별자치도 전주시 덕진구 태진로 147,561801,54934,,,,127.135104528007,35.8340257927998
MA010120220807966599,전주목재,,G2,소매,G210,철물·건설자재 소매,G21003,건설/건축자재 소매업,G47519,"페인트, 창호 및 기타 건설자재 소매업",52,전북특별자치도,52113,전주시 덕진구,52113570,덕진동,5211310500,덕진동1가,5211310500111220014,1,대지,1122,14,전북특별자치도 전주시 덕진구 덕진동1가 1122-14,521134601107,전북특별자치도 전주시 덕진구 떡전1길,9,1,4511310500111220014009702,,전북특별자치도 전주시 덕진구 떡전1길 9-1,561807,54932,,,,127.125378485085,35.8356405717775
MA010120220807983621,세모세라믹,,G2,소매,G210,철물·건설자재 소매,G21003,건설/건축자재 소매업,G47519,"페인트, 창호 및 기타 건설자재 소매업",11,서울특별시,11440,마포구,11440660,서교동,1144012100,동교동,1144012100102000029,1,대지,200,29,서울특별시 마포구 동교동 200-29,114403112014,서울특별시 마포구 동교로,193,,1144012100102000029022034,동진빌딩,서울특별시 마포구 동교로 193,121819,03993,,7,,126.922530509256,37.5577006519689
MA010120220807964860,무주제일철강,,G2,소매,G210,철물·건설자재 소매,G21003,건설/건축자재 소매업,G47519,"페인트, 창호 및 기타 건설자재 소매업",52,전북특별자치도,52730,무주군,52730250,무주읍,5273025021,무주읍,5273025021112320002,1,대지,1232,2,전북특별자치도 무주군 무주읍 읍내리 1232-2,527303275044,전북특별자치도 무주군 무주읍 주계로,13,,4573025021112320002000001,,전북특별자치도 무주군 무주읍 주계로 13,568806,55508,,,,127.651395216542,36.0048404525063
MA010120220807978179,대성타이루,,G2,소매,G210,철물·건설자재 소매,G21003,건설/건축자재 소매업,G47519,"페인트, 창호 및 기타 건설자재 소매업",52,전북특별자치도,52113,전주시 덕진구,52113650,조촌동,5211312300,반월동,5211312300102360012,1,대지,236,12,전북특별자치도 전주시 덕진구 반월동 236-12,521134601442,전북특별자치도 전주시 덕진구 쪽구름2길,1,,4511312300102360012000001,대성타일,전북특별자치도 전주시 덕진구 쪽구름2길 1,561370,54847,,,,127.075453036278,35.8731835242737
MA010120220807963178,덕진페인트,,G2,소매,G210,철물·건설자재 소매,G21003,건설/건축자재 소매업,G47519,"페인트, 창호 및 기타 건설자재 소매업",52,전북특별자치도,52113,전주시 덕진구,52113642,송천2동,5211312100,송천동1가,5211312100104190004,1,대지,419,4,전북특별자치도 전주시 덕진구 송천동1가 419-4,521133267035,전북특별자치도 전주시 덕진구 송천로,62,3,4511312100104190004026151,,전북특별자치도 전주시 덕진구 송천로 62-3,561818,54838,,,,127.118318139618,35.8587018626393
MA010120220807967480,중앙제비표페인트,,G2,소매,G210,철물·건설자재 소매,G21003,건설/건축자재 소매업,G47519,"페인트, 창호 및 기타 건설자재 소매업",52,전북특별자치도,52720,진안군,52720370,마령면,5272037021,마령면,5272037021105820003,1,대지,582,3,전북특별자치도 진안군 마령면 평지리 582-3,527203274053,전북특별자치도 진안군 마령면 임진로,2077,6,4572037021105820003000001,,전북특별자치도 진안군 마령면 임진로 2077-6,567872,55451,,,,127.371346664634,35.7319469775071
MA010120220807961799,삼화종합페인트,대리점,G2,소매,G210,철물·건설자재 소매,G21003,건설/건축자재 소매업,G47519,"페인트, 창호 및 기타 건설자재 소매업",52,전북특별자치도,52730,무주군,52730250,무주읍,5273025021,무주읍,5273025021102490001,1,대지,249,1,전북특별자치도 무주군 무주읍 읍내리 249-1,527303275011,전북특별자치도 무주군 무주읍 단천로,113,,4573025021102490001000479,,전북특별자치도 무주군 무주읍 단천로 113,568804,55521,,,,127.663531753911,36.0077929960362
MA010120220809347877,신진건재,,G2,소매,G210,철물·건설자재 소매,G21003,건설/건축자재 소매업,G47519,"페인트, 창호 및 기타 건설자재 소매업",47,경상북도,47250,상주시,47250520,남원동,4725010700,남성동,4725010700100380002,1,대지,38,2,경상북도 상주시 남성동 38-2,472503303047,경상북도 상주시 중앙로,156,,4725010700100360021094904,,경상북도 상주시 중앙로 156,742903,37199,,,,128.15539999966,36.4155087152313
MA010120220809351132,백두점건재,,G2,소매,G210,철물·건설자재 소매,G21003,건설/건축자재 소매업,G47519,"페인트, 창호 및 기타 건설자재 소매업",47,경상북도,47250,상주시,47250330,낙동면,4725033021,낙동면,4725033021111000081,1,대지,1100,81,경상북도 상주시 낙동면 상촌리 1100-81,472504733388,경상북도 상주시 낙동면 상촌3길,127,,4725033021111000081029167,,경상북도 상주시 낙동면 상촌3길 127,742954,37249,,,,128.257228600702,36.3874466517233
MA010120220809352727,남광타일.도기,,G2,소매,G210,철물·건설자재 소매,G21003,건설/건축자재 소매업,G47519,"페인트, 창호 및 기타 건설자재 소매업",47,경상북도,47250,상주시,47250570,신흥동,4725011200,신봉동,4725011200101500010,1,대지,150,10,경상북도 상주시 신봉동 150-10,472503311032,경상북도 상주시 상산로,138,,4725011200101500010000001,,경상북도 상주시 상산로 138,742130,37220,,,,128.160758081697,36.4032105674074
MA010120220809368504,대영타일ENG,,G2,소매,G210,철물·건설자재 소매,G21003,건설/건축자재 소매업,G47519,"페인트, 창호 및 기타 건설자재 소매업",41,경기도,41220,평택시,41220253,안중읍,4122025321,안중읍,4122025321102340025,1,대지,234,25,경기도 평택시 안중읍 안중리 234-25,412202012006,경기도 평택시 안중읍 서동대로,1639,2,4122025321102340025040406,,경기도 평택시 안중읍 서동대로 1639-2,451884,17934,,,,126.932388562377,36.9899430789217
MA010120220809358154,명도산업,,G2,소매,G210,철물·건설자재 소매,G21003,건설/건축자재 소매업,G47519,"페인트, 창호 및 기타 건설자재 소매업",47,경상북도,47280,문경시,47280250,문경읍,4728025022,문경읍,4728025022100650002,1,대지,65,2,경상북도 문경시 문경읍 하리 65-2,472803312027,경상북도 문경시 문경읍 주흘로,50,,4728025022100650002027111,,경상북도 문경시 문경읍 주흘로 50,745804,36917,,,,128.109235436741,36.7352053354033
MA010120220809380304,미성상사,,G2,소매,G210,철물·건설자재 소매,G21003,건설/건축자재 소매업,G47519,"페인트, 창호 및 기타 건설자재 소매업",47,경상북도,47210,영주시,47210525,하망동,4721010300,하망동,4721010300103450079,1,대지,345,79,경상북도 영주시 하망동 345-79,472103309046,경상북도 영주시 영주로,239,,4721010300103450079006515,,경상북도 영주시 영주로 239,750912,36080,,,,128.626109409829,36.8256820459509
MA010120220809389582,영동산업사,,G2,소매,G210,철물·건설자재 소매,G21003,건설/건축자재 소매업,G47519,"페인트, 창호 및 기타 건설자재 소매업",47,경상북도,47920,봉화군,47920250,봉화읍,4792025023,봉화읍,4792025023113260001,1,대지,1326,1,경상북도 봉화군 봉화읍 유곡리 1326-1,479203324004,경상북도 봉화군 봉화읍 다덕로,161,,4792025023113260001028125,,경상북도 봉화군 봉화읍 다덕로 161,755801,36241,,,,128.751263309103,36.9037403329404
MA010120220809389594,제일페인트,,G2,소매,G210,철물·건설자재 소매,G21003,건설/건축자재 소매업,G47519,"페인트, 창호 및 기타 건설자재 소매업",47,경상북도,47920,봉화군,47920250,봉화읍,4792025031,봉화읍,4792025031102700000,1,대지,270,,경상북도 봉화군 봉화읍 내성리 270,479203309081,경상북도 봉화군 봉화읍 봉화로,1197,,4792025031102700000031460,,경상북도 봉화군 봉화읍 봉화로 1197,755805,36238,,,,128.741200538968,36.8904366307188
MA010120220809411694,구미도료상사,,G2,소매,G210,철물·건설자재 소매,G21003,건설/건축자재 소매업,G47519,"페인트, 창호 및 기타 건설자재 소매업",47,경상북도,47190,구미시,47190535,원평동,4719010100,원평동,4719010100109640147,1,대지,964,147,경상북도 구미시 원평동 964-147,471904724070,경상북도 구미시 구미중앙로23길,14,2,4719010100109640147015241,,경상북도 구미시 구미중앙로23길 14-2,730924,39227,,,,128.338539963263,36.1271754903686
MA010120220809394766,현대도료,,G2,소매,G210,철물·건설자재 소매,G21003,건설/건축자재 소매업,G47519,"페인트, 창호 및 기타 건설자재 소매업",47,경상북도,47900,예천군,47900250,예천읍,4790025021,예천읍,4790025021100670037,1,대지,67,37,경상북도 예천군 예천읍 노하리 67-37,479003303047,경상북도 예천군 예천읍 중앙로,19,,4790025021100670037043150,,경상북도 예천군 예천읍 중앙로 19,757805,36820,,,,128.455090854883,36.6573408841356
MA010120220809394775,형제도료,,G2,소매,G210,철물·건설자재 소매,G21003,건설/건축자재 소매업,G47519,"페인트, 창호 및 기타 건설자재 소매업",47,경상북도,47900,예천군,47900250,예천읍,4790025026,예천읍,4790025026100030001,1,대지,3,1,경상북도 예천군 예천읍 서본리 3-1,479004769040,경상북도 예천군 예천읍 군청앞길,4,,4790025026100030001041126,,경상북도 예천군 예천읍 군청앞길 4,757805,36822,,,,128.453145216528,36.6567609378217
MA010120220809381760,서울도료사,,G2,소매,G210,철물·건설자재 소매,G21003,건설/건축자재 소매업,G47519,"페인트, 창호 및 기타 건설자재 소매업",47,경상북도,47210,영주시,47210250,풍기읍,4721025021,풍기읍,4721025021100350010,1,대지,35,10,경상북도 영주시 풍기읍 성내리 35-10,472104727086,경상북도 영주시 풍기읍 기주로76번길,12,,4721025021100350010012644,,경상북도 영주시 풍기읍 기주로76번길 12,750805,36035,,,,128.527791640328,36.8700097364953
MA010120220809389190,국제타일욕실전시장,,G2,소매,G210,철물·건설자재 소매,G21003,건설/건축자재 소매업,G47519,"페인트, 창호 및 기타 건설자재 소매업",47,경상북도,47210,영주시,47210620,가흥1동,4721010500,가흥동,4721010500114520007,1,대지,1452,7,경상북도 영주시 가흥동 1452-7,472103309064,경상북도 영주시 지천로,185,1,4721010500114520007010777,,경상북도 영주시 지천로 185-1,750901,36105,,,,128.620025765533,36.8167460277236
MA010120220809381762,현대미술도료,,G2,소매,G210,철물·건설자재 소매,G21003,건설/건축자재 소매업,G47519,"페인트, 창호 및 기타 건설자재 소매업",47,경상북도,47210,영주시,47210250,풍기읍,4721025022,풍기읍,4721025022104270014,1,대지,427,14,경상북도 영주시 풍기읍 동부리 427-14,472104727084,경상북도 영주시 풍기읍 기주로66번길,24,,4721025022104270014012745,,경상북도 영주시 풍기읍 기주로66번길 24,750803,36035,,,,128.528729189457,36.8703490727501
MA010120220809444435,동신페인트,,G2,소매,G210,철물·건설자재 소매,G21003,건설/건축자재 소매업,G47519,"페인트, 창호 및 기타 건설자재 소매업",47,경상북도,47190,구미시,47190535,원평동,4719010100,원평동,4719010100109640237,1,대지,964,237,경상북도 구미시 원평동 964-237,471904724070,경상북도 구미시 구미중앙로23길,2,,4719010100109640237016225,,경상북도 구미시 구미중앙로23길 2,730924,39227,,,,128.33764900036,36.1263834307427
MA010120220809420185,북삼도료,,G2,소매,G210,철물·건설자재 소매,G21003,건설/건축자재 소매업,G47519,"페인트, 창호 및 기타 건설자재 소매업",47,경상북도,47850,칠곡군,47850253,북삼읍,4785025325,북삼읍,4785025325103950001,1,대지,395,1,경상북도 칠곡군 북삼읍 인평리 395-1,478503322022,경상북도 칠곡군 북삼읍 인평중앙로,25,,4785025325103950001034666,,경상북도 칠곡군 북삼읍 인평중앙로 25,718844,39808,,,,128.343555379054,36.0616422754821
MA010120220809433335,한샘하우징,,G2,소매,G210,철물·건설자재 소매,G21003,건설/건축자재 소매업,G47519,"페인트, 창호 및 기타 건설자재 소매업",47,경상북도,47150,김천시,47150575,대신동,4715010800,신음동,4715010800109550000,1,대지,955,,경상북도 김천시 신음동 955,471504718418,경상북도 김천시 부거리2길,4,15,4715010800109550000010895,,경상북도 김천시 부거리2길 4-15,740978,39530,,,,128.112552016505,36.1338044847446
MA010120220809438369,KCC페인트왜관,대리점,G2,소매,G210,철물·건설자재 소매,G21003,건설/건축자재 소매업,G47519,"페인트, 창호 및 기타 건설자재 소매업",47,경상북도,47850,칠곡군,47850250,왜관읍,4785025021,왜관읍,4785025021102050022,1,대지,205,22,경상북도 칠곡군 왜관읍 왜관리 205-22,478503303047,경상북도 칠곡군 왜관읍 중앙로,263,1,4785025021102050022038274,,경상북도 칠곡군 왜관읍 중앙로 263-1,718805,39883,,,,128.397682583111,35.998186382311
MA010120220809489112,삼아도료,,G2,소매,G210,철물·건설자재 소매,G21003,건설/건축자재 소매업,G47519,"페인트, 창호 및 기타 건설자재 소매업",27,대구광역시,27200,남구,27200586,대명3동,2720010300,대명동,2720010300121450010,1,대지,2145,10,대구광역시 남구 대명동 2145-10,272003144010,대구광역시 남구 현충로,215,1,2720010300121450010014517,,대구광역시 남구 현충로 215-1,705816,42455,,,,128.581855786111,35.851842895302
MA010120220809492530,청운건업,,G2,소매,G210,철물·건설자재 소매,G21003,건설/건축자재 소매업,G47519,"페인트, 창호 및 기타 건설자재 소매업",27,대구광역시,27200,남구,27200586,대명3동,2720010300,대명동,2720010300121490002,1,대지,2149,2,대구광역시 남구 대명동 2149-2,272004232351,대구광역시 남구 현충로39길,14,,2720010300121490012013727,,대구광역시 남구 현충로39길 14,705816,42455,,,,128.580492653003,35.8506442878647
MA010120220810925272,남양페인트,,G2,소매,G210,철물·건설자재 소매,G21003,건설/건축자재 소매업,G47519,"페인트, 창호 및 기타 건설자재 소매업",48,경상남도,48129,창원시 진해구,48129540,여좌동,4812913700,여좌동,4812913700101050001,1,대지,105,1,경상남도 창원시 진해구 여좌동 105-1,481293331032,경상남도 창원시 진해구 여명로,86,,4812913700101050001007504,,경상남도 창원시 진해구 여명로 86,645805,51690,,1,,128.661017603794,35.1582236503264
MA010120220810913227,동방페인트,,G2,소매,G210,철물·건설자재 소매,G21003,건설/건축자재 소매업,G47519,"페인트, 창호 및 기타 건설자재 소매업",48,경상남도,48129,창원시 진해구,48129570,병암동,4812913900,경화동,4812913900109640025,1,대지,964,25,경상남도 창원시 진해구 경화동 964-25,481294793540,경상남도 창원시 진해구 충장로363번길,1,,4812913900109670005013127,,경상남도 창원시 진해구 충장로363번길 1,645800,51671,,,,128.691623356204,35.1544925688028
MA010120220810943589,대흥페인트,,G2,소매,G210,철물·건설자재 소매,G21003,건설/건축자재 소매업,G47519,"페인트, 창호 및 기타 건설자재 소매업",48,경상남도,48129,창원시 진해구,48129550,태백동,4812913700,여좌동,4812913700108320013,1,대지,832,13,경상남도 창원시 진해구 여좌동 832-13,481293331067,경상남도 창원시 진해구 충장로,203,,4812913700108320013014930,,경상남도 창원시 진해구 충장로 203,645806,51697,,,,128.67433601496,35.1526779601399
MA010120220810933216,초원페인트,,G2,소매,G210,철물·건설자재 소매,G21003,건설/건축자재 소매업,G47519,"페인트, 창호 및 기타 건설자재 소매업",48,경상남도,48121,창원시 의창구,48121510,의창동,4812110300,서상동,4812110300102090011,1,대지,209,11,경상남도 창원시 의창구 서상동 209-11,481213327027,경상남도 창원시 의창구 서상로,28,3,4812110300102090011018500,,경상남도 창원시 의창구 서상로 28-3,641500,51193,,,,128.616161747465,35.2626612834033
MA010120220810946845,다인케미칼,,G2,소매,G210,철물·건설자재 소매,G21003,건설/건축자재 소매업,G47519,"페인트, 창호 및 기타 건설자재 소매업",26,부산광역시,26140,서구,26140560,서대신3동,2614010600,서대신동3가,2614010600105890001,1,대지,589,1,부산광역시 서구 서대신동3가 589-1,261403126005,부산광역시 서구 대신로,6,,2614010600105890001007180,,부산광역시 서구 대신로 6,602825,49210,,,,129.011900700079,35.1124406687776
MA010120220810994452,부림상사,,G2,소매,G210,철물·건설자재 소매,G21003,건설/건축자재 소매업,G47519,"페인트, 창호 및 기타 건설자재 소매업",31,울산광역시,31170,동구,31170580,남목1동,3117010700,동부동,3117010700102010016,1,대지,201,16,울산광역시 동구 동부동 201-16,311703000101,울산광역시 동구 동해안로,42,1,3117010700102010016011534,,울산광역시 동구 동해안로 42-1,682801,44007,,,,129.42807195461,35.5421116992284
MA010120220811023001,참조은욕실꾸미기,,G2,소매,G210,철물·건설자재 소매,G21003,건설/건축자재 소매업,G47519,"페인트, 창호 및 기타 건설자재 소매업",31,울산광역시,31710,울주군,31710256,온양읍,3171025629,온양읍,3171025629100850005,1,대지,85,5,울산광역시 울주군 온양읍 운화리 85-5,317103173017,울산광역시 울주군 온양읍 남창강변로,16,,3171025629100850005000907,,울산광역시 울주군 온양읍 남창강변로 16,689905,44973,,,,129.278286616504,35.4166236407945
MA010120220811038305,한라페인트상사,,G2,소매,G210,철물·건설자재 소매,G21003,건설/건축자재 소매업,G47519,"페인트, 창호 및 기타 건설자재 소매업",31,울산광역시,31200,북구,31200560,효문동,3120012200,연암동,3120012200102960008,1,대지,296,8,울산광역시 북구 연암동 296-8,312004316226,울산광역시 북구 연암11길,16,,3120012200102960008000085,,울산광역시 북구 연암11길 16,683805,44245,,1,,129.371533231613,35.5849379518197
MA010120220811018086,성진도기타일,,G2,소매,G210,철물·건설자재 소매,G21003,건설/건축자재 소매업,G47519,"페인트, 창호 및 기타 건설자재 소매업",31,울산광역시,31140,남구,31140550,신정5동,3114010400,신정동,3114010400101350002,1,대지,135,2,울산광역시 남구 신정동 135-2,311404310711,울산광역시 남구 월평로168번길,14,2,3114010400101350002014829,,울산광역시 남구 월평로168번길 14-2,680821,44687,,,,129.323562554115,35.5437213025769
MA010120220812432879,재송시멘트상사,,G2,소매,G210,철물·건설자재 소매,G21003,건설/건축자재 소매업,G47519,"페인트, 창호 및 기타 건설자재 소매업",26,부산광역시,26350,해운대구,26350660,재송2동,2635010400,재송동,2635010400101790042,1,대지,179,42,부산광역시 해운대구 재송동 179-42,263504199281,부산광역시 해운대구 해운대로61번길,26,,2635010400101790077001120,,부산광역시 해운대구 해운대로61번길 26,612829,48051,,,,129.122679532131,35.1923301600711
MA010120220812428020,이한바스,,G2,소매,G210,철물·건설자재 소매,G21003,건설/건축자재 소매업,G47519,"페인트, 창호 및 기타 건설자재 소매업",41,경기도,41570,김포시,41570580,운양동,4157010300,운양동,4157010300112090005,1,대지,1209,5,경기도 김포시 운양동 1209-5,415704854541,경기도 김포시 금포로1491번길,52,,4157010300112090005000001,,경기도 김포시 금포로1491번길 52,415050,10072,,,,126.672125922494,37.6663801309985
MA010120220812460224,칠만표방수페인트,,G2,소매,G210,철물·건설자재 소매,G21003,건설/건축자재 소매업,G47519,"페인트, 창호 및 기타 건설자재 소매업",52,전북특별자치도,52140,익산시,52140530,평화동,5214011700,목천동,5214011700107970002,1,대지,797,2,전북특별자치도 익산시 목천동 797-2,521403268117,전북특별자치도 익산시 번영로,2031,2,4514011700107970002099883,,전북특별자치도 익산시 번영로 2031-2,570010,54672,,,,126.929348162657,35.9157434428243
MA010120220812484609,엑스테라,,G2,소매,G210,철물·건설자재 소매,G21003,건설/건축자재 소매업,G47519,"페인트, 창호 및 기타 건설자재 소매업",52,전북특별자치도,52111,전주시 완산구,52111712,효자2동,5211114000,효자동1가,5211114000105450003,1,대지,545,3,전북특별자치도 전주시 완산구 효자동1가 545-3,521113266053,전북특별자치도 전주시 완산구 용머리로,94,,4511114000105450003027856,,전북특별자치도 전주시 완산구 용머리로 94,560853,55081,,,,127.120319944418,35.8060032977705
MA010120220812503671,대한통운서빙고,,G2,소매,G210,철물·건설자재 소매,G21003,건설/건축자재 소매업,G47519,"페인트, 창호 및 기타 건설자재 소매업",11,서울특별시,11170,용산구,11170690,서빙고동,1117013500,용산동6가,1117013500100690005,1,대지,69,5,서울특별시 용산구 용산동6가 69-5,111703102004,서울특별시 용산구 서빙고로,182,,1117013500100690005000001,,서울특별시 용산구 서빙고로 182,140240,04428,,,,126.984615851605,37.5192974051008
MA010120220812547655,유리아저씨,,G2,소매,G210,철물·건설자재 소매,G21003,건설/건축자재 소매업,G47519,"페인트, 창호 및 기타 건설자재 소매업",41,경기도,41220,평택시,41220250,팽성읍,4122025027,팽성읍,4122025027100830001,1,대지,83,1,경기도 평택시 팽성읍 두리 83-1,412204364152,경기도 평택시 팽성읍 두리길,68,,4122025027100830001026261,,경기도 평택시 팽성읍 두리길 68,451806,18000,,,,127.066756546805,36.9757334548354
MA010120220812532737,대림타일도기,,G2,소매,G210,철물·건설자재 소매,G21003,건설/건축자재 소매업,G47519,"페인트, 창호 및 기타 건설자재 소매업",47,경상북도,47250,상주시,47250520,남원동,4725011000,낙양동,4725011000101730000,1,대지,173,,경상북도 상주시 낙양동 173,472503311032,경상북도 상주시 상산로,215,49,4725011000101730000000001,우측점포,경상북도 상주시 상산로 215-49,742901,37210,,,,128.154374678359,36.4095081821752
MA010120220812514261,호울더스인터내셔날,,G2,소매,G210,철물·건설자재 소매,G21003,건설/건축자재 소매업,G47519,"페인트, 창호 및 기타 건설자재 소매업",11,서울특별시,11650,서초구,11650510,서초1동,1165010800,서초동,1165010800116560002,1,대지,1656,2,서울특별시 서초구 서초동 1656-2,116503121024,서울특별시 서초구 서초중앙로,114,,1165010800116560003024480,비,서울특별시 서초구 서초중앙로 114,137881,06634,,1,,127.014292980499,37.4918799520053
MA010120220812536717,팔팔공사,,G2,소매,G210,철물·건설자재 소매,G21003,건설/건축자재 소매업,G47519,"페인트, 창호 및 기타 건설자재 소매업",27,대구광역시,27230,북구,27230631,산격4동,2723011100,산격동,2723011100114300028,1,대지,1430,28,대구광역시 북구 산격동 1430-28,272303145017,대구광역시 북구 대구체육관로,47,,2723011100114300028041702,,대구광역시 북구 대구체육관로 47,702839,41537,,1,,128.604296301798,35.8926643870001
MA010120220812594005,보광피앤씨,,G2,소매,G210,철물·건설자재 소매,G21003,건설/건축자재 소매업,G47519,"페인트, 창호 및 기타 건설자재 소매업",11,서울특별시,11470,양천구,11470620,신정1동,1147010100,신정동,1147010100110270023,1,대지,1027,23,서울특별시 양천구 신정동 1027-23,114704142348,서울특별시 양천구 은행정로5길,20,1,1147010100110270023006428,,서울특별시 양천구 은행정로5길 20-1,158861,08082,,1,,126.857546072354,37.5211586655069
MA010120220812559702,고려삼화페인트,,G2,소매,G210,철물·건설자재 소매,G21003,건설/건축자재 소매업,G47519,"페인트, 창호 및 기타 건설자재 소매업",48,경상남도,48870,함양군,48870250,함양읍,4887025022,함양읍,4887025022106830019,1,대지,683,19,경상남도 함양군 함양읍 용평리 683-19,488704838327,경상남도 함양군 함양읍 용평3길,7,,4887025022106830019012395,,경상남도 함양군 함양읍 용평3길 7,676805,50039,,,,127.731951731782,35.5208034005574
MA010120220812571972,국제타일,,G2,소매,G210,철물·건설자재 소매,G21003,건설/건축자재 소매업,G47519,"페인트, 창호 및 기타 건설자재 소매업",48,경상남도,48740,창녕군,48740253,남지읍,4874025321,남지읍,4874025321102790004,1,대지,279,4,경상남도 창녕군 남지읍 남지리 279-4,487403341050,경상남도 창녕군 남지읍 낙동로,531,,4874025321102790004015973,,경상남도 창녕군 남지읍 낙동로 531,635903,50357,,1,,128.482501444441,35.3897437872252
MA010120220812555888,스카이이앤지,,G2,소매,G210,철물·건설자재 소매,G21003,건설/건축자재 소매업,G47519,"페인트, 창호 및 기타 건설자재 소매업",41,경기도,41630,양주시,41630580,옥정2동,4163011400,옥정동,4163011400109630002,1,대지,963,2,경기도 양주시 옥정동 963-2,416304852483,경기도 양주시 옥정로6길,8,,4163011400109630002000001,,경기도 양주시 옥정로6길 8,482130,11473,,,,127.092203740092,37.8221627823896
MA010120220801293074,대림유바스,,G2,소매,G210,철물·건설자재 소매,G21003,건설/건축자재 소매업,G47519,"페인트, 창호 및 기타 건설자재 소매업",41,경기도,41173,안양시 동안구,41173590,호계2동,4117310400,호계동,4117310400108960024,1,대지,896,24,경기도 안양시 동안구 호계동 896-24,411733182024,경기도 안양시 동안구 전파로,111,,4117310400108960024003998,바스타운,경기도 안양시 동안구 전파로 111,431836,14040,,3,,126.944994965154,37.3895487394065
MA010120220801340089,우리타일도기,,G2,소매,G210,철물·건설자재 소매,G21003,건설/건축자재 소매업,G47519,"페인트, 창호 및 기타 건설자재 소매업",11,서울특별시,11620,관악구,11620685,신사동,1162010200,신림동,1162010200104700035,1,대지,470,35,서울특별시 관악구 신림동 470-35,116203120010,서울특별시 관악구 조원로,169,,1162010200104700035014681,,서울특별시 관악구 조원로 169,151870,08704,,,,126.920930940143,37.4862410799943
MA010120220801358588,금강타이루상사,,G2,소매,G210,철물·건설자재 소매,G21003,건설/건축자재 소매업,G47519,"페인트, 창호 및 기타 건설자재 소매업",41,경기도,41370,오산시,41370523,대원1동,4137010300,원동,4137010300107770001,1,대지,777,1,경기도 오산시 원동 777-1,413703198031,경기도 오산시 오산로,210,,4137010300107770022001846,,경기도 오산시 오산로 210,447804,18141,,,,127.068852780452,37.1455484725989
MA010120220801350768,이화상사,,G2,소매,G210,철물·건설자재 소매,G21003,건설/건축자재 소매업,G47519,"페인트, 창호 및 기타 건설자재 소매업",41,경기도,41590,화성시,41590520,진안동,4159011600,진안동,4159011600105430009,1,대지,543,9,경기도 화성시 진안동 543-9,415902012013,경기도 화성시 경기대로,1059,,4159011600005430009020090,,경기도 화성시 경기대로 1059,445390,18390,,,,127.033199399768,37.2096739059317
MA010120220801356373,강산유리샷시,,G2,소매,G210,철물·건설자재 소매,G21003,건설/건축자재 소매업,G47519,"페인트, 창호 및 기타 건설자재 소매업",41,경기도,41590,화성시,41590360,팔탄면,4159036029,팔탄면,4159036029104990016,1,대지,499,16,경기도 화성시 팔탄면 지월리 499-16,415904430700,경기도 화성시 팔탄면 서해로987번길,18,,4159036029104990016008900,,경기도 화성시 팔탄면 서해로987번길 18,445917,18530,,,,126.890753537096,37.1506001005321
MA010120220801376611,향남타일,,G2,소매,G210,철물·건설자재 소매,G21003,건설/건축자재 소매업,G47519,"페인트, 창호 및 기타 건설자재 소매업",41,경기도,41590,화성시,41590259,향남읍,4159025923,향남읍,4159025923102860012,1,대지,286,12,경기도 화성시 향남읍 제암리 286-12,415903210002,경기도 화성시 향남읍 31만세로,982,,4159025923102860012009244,,경기도 화성시 향남읍 31만세로 982,445946,18595,,,,126.898025875666,37.125070511267
MA010120220801349246,수원상사,,G2,소매,G210,철물·건설자재 소매,G21003,건설/건축자재 소매업,G47519,"페인트, 창호 및 기타 건설자재 소매업",41,경기도,41117,수원시 영통구,41117510,매탄1동,4111710100,매탄동,4111710100101320007,1,대지,132,7,경기도 수원시 영통구 매탄동 132-7,411174331021,경기도 수원시 영통구 동수원로513번길,10,,4111710100101320007004508,,경기도 수원시 영통구 동수원로513번길 10,443800,16531,,,,127.046531947603,37.2735805766238
MA010120220801388430,현대종합타일,,G2,소매,G210,철물·건설자재 소매,G21003,건설/건축자재 소매업,G47519,"페인트, 창호 및 기타 건설자재 소매업",41,경기도,41590,화성시,41590253,봉담읍,4159025324,봉담읍,4159025324104250001,1,대지,425,1,경기도 화성시 봉담읍 동화리 425-1,415903012004,경기도 화성시 봉담읍 삼천병마로,1314,,4159025324104250001034828,,경기도 화성시 봉담읍 삼천병마로 1314,445893,18303,,,,126.951719357484,37.2222563794324
MA010120220801346947,동남타이루,,G2,소매,G210,철물·건설자재 소매,G21003,건설/건축자재 소매업,G47519,"페인트, 창호 및 기타 건설자재 소매업",41,경기도,41461,용인시 처인구,41461250,포곡읍,4146125029,포곡읍,4146125029104560006,1,대지,456,6,경기도 용인시 처인구 포곡읍 신원리 456-6,414614409514,경기도 용인시 처인구 포곡읍 선장1로37번길,19,,4146125029104560006000001,,경기도 용인시 처인구 포곡읍 선장1로37번길 19,449814,17022,,,,127.216183519727,37.3118395425603
MA010120220801352468,삼육타일,,G2,소매,G210,철물·건설자재 소매,G21003,건설/건축자재 소매업,G47519,"페인트, 창호 및 기타 건설자재 소매업",41,경기도,41113,수원시 권선구,41113670,권선1동,4111313700,권선동,4111313700111710005,1,대지,1171,5,경기도 수원시 권선구 권선동 1171-5,411133175016,경기도 수원시 권선구 동수원로,299,,4111313700111710005028692,,경기도 수원시 권선구 동수원로 299,441826,16562,,1,,127.036229559714,37.2562391195858
MA010120220801360811,삼화페인트,,G2,소매,G210,철물·건설자재 소매,G21003,건설/건축자재 소매업,G47519,"페인트, 창호 및 기타 건설자재 소매업",41,경기도,41590,화성시,41590262,남양읍,4159026221,남양읍,4159026221113320004,1,대지,1332,4,경기도 화성시 남양읍 남양리 1332-4,415903210016,경기도 화성시 남양읍 남양성지로,179,,4159010100113320004005115,,경기도 화성시 남양읍 남양성지로 179,445851,18258,,,,126.821854860596,37.2113827435619
MA010120220801382034,우성오페인트,,G2,소매,G210,철물·건설자재 소매,G21003,건설/건축자재 소매업,G47519,"페인트, 창호 및 기타 건설자재 소매업",41,경기도,41117,수원시 영통구,41117540,매탄4동,4111710100,매탄동,4111710100102000001,1,대지,200,1,경기도 수원시 영통구 매탄동 200-1,411173177003,경기도 수원시 영통구 매영로,42,1,4111710100102000001002779,,경기도 수원시 영통구 매영로 42-1,443802,16540,,,,127.04749872224,37.2690029045177
MA010120220801355557,대한상사,,G2,소매,G210,철물·건설자재 소매,G21003,건설/건축자재 소매업,G47519,"페인트, 창호 및 기타 건설자재 소매업",41,경기도,41370,오산시,41370523,대원1동,4137010300,원동,4137010300107800001,1,대지,780,1,경기도 오산시 원동 780-1,413703198031,경기도 오산시 오산로,176,,4137010300107800001007138,,경기도 오산시 오산로 176,447804,18142,,,,127.068760179735,37.1427282077054
MA010120220801394198,삼화페인트삼화상사,,G2,소매,G210,철물·건설자재 소매,G21003,건설/건축자재 소매업,G47519,"페인트, 창호 및 기타 건설자재 소매업",41,경기도,41370,오산시,41370510,중앙동,4137010100,오산동,4137010100103970006,1,대지,397,6,경기도 오산시 오산동 397-6,413703198031,경기도 오산시 오산로,312,,4137010100103970006006930,,경기도 오산시 오산로 312,447800,18136,,1,,127.068590896954,37.1546943769404
MA010120220801470574,안중목재상사,,G2,소매,G210,철물·건설자재 소매,G21003,건설/건축자재 소매업,G47519,"페인트, 창호 및 기타 건설자재 소매업",41,경기도,41220,평택시,41220253,안중읍,4122025322,안중읍,4122025322105040011,1,대지,504,11,경기도 평택시 안중읍 학현리 504-11,412204364465,경기도 평택시 안중읍 안현로서3길,82,6,4122025322105040011239921,,경기도 평택시 안중읍 안현로서3길 82-6,451882,17932,,,,126.922606752525,36.9878375793236
MA010120220801463815,제비표페인트미래상사,,G2,소매,G210,철물·건설자재 소매,G21003,건설/건축자재 소매업,G47519,"페인트, 창호 및 기타 건설자재 소매업",41,경기도,41220,평택시,41220340,오성면,4122034021,오성면,4122034021100760002,1,대지,76,2,경기도 평택시 오성면 숙성리 76-2,412204364572,경기도 평택시 오성면 원숙성2길,34,10,4122034021100760002038973,,경기도 평택시 오성면 원숙성2길 34-10,451873,17819,,,,126.98138183398,37.0107848854423
MA010120220801474590,관형타일,,G2,소매,G210,철물·건설자재 소매,G21003,건설/건축자재 소매업,G47519,"페인트, 창호 및 기타 건설자재 소매업",41,경기도,41550,안성시,41550510,안성1동,4155010900,낙원동,4155010900100660039,1,대지,66,39,경기도 안성시 낙원동 66-39,415503208041,경기도 안성시 장기로,117,,4155010900100660039022537,,경기도 안성시 장기로 117,456110,17591,,,,127.275697633813,37.0041495759871
MA010120220801466600,장미페인트,,G2,소매,G210,철물·건설자재 소매,G21003,건설/건축자재 소매업,G47519,"페인트, 창호 및 기타 건설자재 소매업",41,경기도,41220,평택시,41220550,지산동,4122011200,신장동,4122011200102500001,1,대지,250,1,경기도 평택시 신장동 250-1,412203188104,경기도 평택시 탄현로,243,1,4122011200102500001010758,,경기도 평택시 탄현로 243-1,459821,17765,,,,127.0554174916,37.0742992522803
MA010120220801479495,대동타일상사,,G2,소매,G210,철물·건설자재 소매,G21003,건설/건축자재 소매업,G47519,"페인트, 창호 및 기타 건설자재 소매업",41,경기도,41550,안성시,41550510,안성1동,4155010100,봉산동,4155010100103940001,1,대지,394,1,경기도 안성시 봉산동 394-1,415503208041,경기도 안성시 장기로,136,,4155010100103940001019111,,경기도 안성시 장기로 136,456030,17594,,,,127.277833128849,37.0043788770023
MA010120220801464915,신흥페인트,,G2,소매,G210,철물·건설자재 소매,G21003,건설/건축자재 소매업,G47519,"페인트, 창호 및 기타 건설자재 소매업",41,경기도,41220,평택시,41220590,신평동,4122011300,평택동,4122011300100710013,1,대지,71,13,경기도 평택시 평택동 71-13,412203188122,경기도 평택시 평택로,84,,4122011300100710013014891,,경기도 평택시 평택로 84,450826,17911,,,,127.084600561433,36.9943024412663
MA010120220801473336,미도타일,,G2,소매,G210,철물·건설자재 소매,G21003,건설/건축자재 소매업,G47519,"페인트, 창호 및 기타 건설자재 소매업",41,경기도,41220,평택시,41220520,서정동,4122010100,서정동,4122010100107910002,1,대지,791,2,경기도 평택시 서정동 791-2,412203188047,경기도 평택시 송탄로,287,,4122010100107910002005442,,경기도 평택시 송탄로 287,459813,17772,,,,127.05902357956,37.0695308453692
MA010120220801477777,목천골재,,G2,소매,G210,철물·건설자재 소매,G21003,건설/건축자재 소매업,G47519,"페인트, 창호 및 기타 건설자재 소매업",41,경기도,41220,평택시,41220570,신장1동,4122011200,신장동,4122011200103320000,1,대지,332,,경기도 평택시 신장동 332,412204364179,경기도 평택시 목천로17번길,84,8,4122011200103320000006582,,경기도 평택시 목천로17번길 84-8,459822,17752,,,,127.053603997656,37.0860410289118
MA010120220801471771,안광상회,,G2,소매,G210,철물·건설자재 소매,G21003,건설/건축자재 소매업,G47519,"페인트, 창호 및 기타 건설자재 소매업",41,경기도,41550,안성시,41550400,죽산면,4155040021,죽산면,4155040021101150001,1,대지,115,1,경기도 안성시 죽산면 죽산리 115-1,415503208065,경기도 안성시 죽산면 죽주로,299,,4155040021101150001002728,,경기도 안성시 죽산면 죽주로 299,456894,17519,,,,127.427935683721,37.0768471354972
MA010120220801471777,대원상사,,G2,소매,G210,철물·건설자재 소매,G21003,건설/건축자재 소매업,G47519,"페인트, 창호 및 기타 건설자재 소매업",41,경기도,41220,평택시,41220510,중앙동,4122010900,이충동,4122010900101110018,1,대지,111,18,경기도 평택시 이충동 111-18,412204364130,경기도 평택시 돌우물길,64,,4122010900101110018003835,,경기도 평택시 돌우물길 64,459824,17741,,,,127.071858294852,37.0504390368576
MA010120220801486923,기성타일위생도기상사,,G2,소매,G210,철물·건설자재 소매,G21003,건설/건축자재 소매업,G47519,"페인트, 창호 및 기타 건설자재 소매업",41,경기도,41550,안성시,41550520,안성2동,4155011900,아양동,4155011900102880005,1,대지,288,5,경기도 안성시 아양동 288-5,415504424135,경기도 안성시 내혜홀3길,38,,4155011900102880005030162,,경기도 안성시 내혜홀3길 38,456250,17583,,14,,127.266466578684,37.0053420612891
MA010120220801489756,계동타일상사,,G2,소매,G210,철물·건설자재 소매,G21003,건설/건축자재 소매업,G47519,"페인트, 창호 및 기타 건설자재 소매업",41,경기도,41550,안성시,41550520,안성2동,4155012400,도기동,4155012400100400000,1,대지,40,,경기도 안성시 도기동 40,415502000021,경기도 안성시 안성맞춤대로,955,,4155012400100400000020783,,경기도 안성시 안성맞춤대로 955,456270,17595,,,,127.268500048655,36.9989217939222
MA010120220803155280,정하우징,,G2,소매,G210,철물·건설자재 소매,G21003,건설/건축자재 소매업,G47519,"페인트, 창호 및 기타 건설자재 소매업",48,경상남도,48250,김해시,48250550,북부동,4825010500,대성동,4825010500101830003,1,대지,183,3,경상남도 김해시 대성동 183-3,482503335002,경상남도 김해시 가락로,156,6,4825010500101830003009528,,경상남도 김해시 가락로 156-6,621050,50913,,2,,128.879522496702,35.2400122472872
MA010120220803155323,삼성건재상사,,G2,소매,G210,철물·건설자재 소매,G21003,건설/건축자재 소매업,G47519,"페인트, 창호 및 기타 건설자재 소매업",28,인천광역시,28237,부평구,28237510,부평1동,2823710100,부평동,2823710100100560010,1,대지,56,10,인천광역시 부평구 부평동 56-10,282374262613,인천광역시 부평구 원적로471번길,36,,2823710100100560010000001,,인천광역시 부평구 원적로471번길 36,403818,21365,,,,126.71990486452,37.5047304678279
MA010120220803136008,윤형타일,,G2,소매,G210,철물·건설자재 소매,G21003,건설/건축자재 소매업,G47519,"페인트, 창호 및 기타 건설자재 소매업",41,경기도,41173,안양시 동안구,41173566,부림동,4117310200,관양동,4117310200116010004,1,대지,1601,4,경기도 안양시 동안구 관양동 1601-4,411734349080,경기도 안양시 동안구 관평로182번길,53,,4117310200116010004003558,광장상가,경기도 안양시 동안구 관평로182번길 53,431815,14066,,,,126.96307170988,37.3942500937498
MA010120220803160208,한국타일,,G2,소매,G210,철물·건설자재 소매,G21003,건설/건축자재 소매업,G47519,"페인트, 창호 및 기타 건설자재 소매업",47,경상북도,47250,상주시,47250530,북문동,4725013300,만산동,4725013300101730001,1,대지,173,1,경상북도 상주시 만산동 173-1,472503311022,경상북도 상주시 북상주로,103,,4725013300101730001000001,,경상북도 상주시 북상주로 103,742260,37160,,,,128.157590166156,36.4391237363936
MA010120220803130758,노루페인트탁심상사,,G2,소매,G210,철물·건설자재 소매,G21003,건설/건축자재 소매업,G47519,"페인트, 창호 및 기타 건설자재 소매업",41,경기도,41220,평택시,41220250,팽성읍,4122025041,팽성읍,4122025041101170024,1,대지,117,24,경기도 평택시 팽성읍 안정리 117-24,412203188058,경기도 평택시 팽성읍 안정순환로,142,,4122025041101170024033865,,경기도 평택시 팽성읍 안정순환로 142,451807,17982,,,,127.041321545547,36.9605346799937
MA010120220803160570,신화산업,,G2,소매,G210,철물·건설자재 소매,G21003,건설/건축자재 소매업,G47519,"페인트, 창호 및 기타 건설자재 소매업",50,제주특별자치도,50130,서귀포시,50130610,중문동,5013011300,회수동,5013011300105970001,1,대지,597,1,제주특별자치도 서귀포시 회수동 597-1,501303350258,제주특별자치도 서귀포시 천제연로,364,,5013011300105970001000001,,제주특별자치도 서귀포시 천제연로 364,697857,63543,,,,126.443699279043,33.2522117990415
MA010120220803128395,대광도료,,G2,소매,G210,철물·건설자재 소매,G21003,건설/건축자재 소매업,G47519,"페인트, 창호 및 기타 건설자재 소매업",27,대구광역시,27170,서구,27170640,평리3동,2717010300,평리동,2717010300110390006,1,대지,1039,6,대구광역시 서구 평리동 1039-6,271703143004,대구광역시 서구 문화로,264,1,2717010300110390006015304,,대구광역시 서구 문화로 264-1,703843,41775,,,,128.561511712247,35.8755749640412
MA010120220803164965,남양상사,,G2,소매,G210,철물·건설자재 소매,G21003,건설/건축자재 소매업,G47519,"페인트, 창호 및 기타 건설자재 소매업",41,경기도,41360,남양주시,41360259,진건읍,4136025921,진건읍,4136025921106330092,1,대지,633,92,경기도 남양주시 진건읍 사능리 633-92,413603197050,경기도 남양주시 진건읍 진건오남로,17,4,4136025921106330092005656,,경기도 남양주시 진건읍 진건오남로 17-4,472831,12140,,,,127.179216315949,37.6525182447012
MA010120220803158521,삼화페인트,,G2,소매,G210,철물·건설자재 소매,G21003,건설/건축자재 소매업,G47519,"페인트, 창호 및 기타 건설자재 소매업",51,강원특별자치도,51780,철원군,51780310,서면,5178031022,서면,5178031022111860003,1,대지,1186,3,강원특별자치도 철원군 서면 와수리 1186-3,517803230024,강원특별자치도 철원군 서면 와수로,203,2,4278031022111860003015093,,강원특별자치도 철원군 서면 와수로 203-2,269841,24059,,1,,127.440715311082,38.2413373976197
MA010120220803176193,아르더타일,,G2,소매,G210,철물·건설자재 소매,G21003,건설/건축자재 소매업,G47519,"페인트, 창호 및 기타 건설자재 소매업",11,서울특별시,11200,성동구,11200615,금호2.3가동,1120011000,금호동2가,1120011000112150000,1,대지,1215,,서울특별시 성동구 금호동2가 1215,112003103001,서울특별시 성동구 금호로,127,,1120011000112150000000005,금호자이1차,서울특별시 성동구 금호로 127,133804,04728,,,,127.022407652306,37.5532009326903
MA010120220803192450,타일메모리,,G2,소매,G210,철물·건설자재 소매,G21003,건설/건축자재 소매업,G47519,"페인트, 창호 및 기타 건설자재 소매업",48,경상남도,48129,창원시 진해구,48129540,여좌동,4812913700,여좌동,4812913700107940004,1,대지,794,4,경상남도 창원시 진해구 여좌동 794-4,481293331067,경상남도 창원시 진해구 충장로,137,,4812913700107940004001411,,경상남도 창원시 진해구 충장로 137,645806,51694,,3,,128.667208532507,35.1523887410405
MA010120220803170425,해유타일,오창점,G2,소매,G210,철물·건설자재 소매,G21003,건설/건축자재 소매업,G47519,"페인트, 창호 및 기타 건설자재 소매업",43,충청북도,43114,청주시 청원구,43114253,오창읍,4311425343,오창읍,4311425343100850006,1,대지,85,6,충청북도 청주시 청원구 오창읍 중신리 85-6,431144520605,충청북도 청주시 청원구 오창읍 중신길,90,5,4311425343100850006000001,제,충청북도 청주시 청원구 오창읍 중신길 90-5,363886,28132,,1,,127.433938525937,36.7018269073602
MA010120220803219955,부흥유리,,G2,소매,G210,철물·건설자재 소매,G21003,건설/건축자재 소매업,G47519,"페인트, 창호 및 기타 건설자재 소매업",41,경기도,41133,성남시 중원구,41133510,성남동,4113310100,성남동,4113310100128340000,1,대지,2834,,경기도 성남시 중원구 성남동 2834,411333178033,경기도 성남시 중원구 시민로,79,,4113310100128340000006381,,경기도 성남시 중원구 시민로 79,462826,13359,,1,,127.147014983407,37.4357464670447
MA010120220803241920,상록상사,,G2,소매,G210,철물·건설자재 소매,G21003,건설/건축자재 소매업,G47519,"페인트, 창호 및 기타 건설자재 소매업",41,경기도,41590,화성시,41590320,비봉면,4159032023,비봉면,4159032023103140000,1,대지,314,,경기도 화성시 비봉면 유포리 314,415904430223,경기도 화성시 비봉면 남이로당곡말길,34,1,4159032023103140000012796,,경기도 화성시 비봉면 남이로당곡말길 34-1,445842,18282,,,,126.839328680453,37.2482425117601
MA010120220803292591,경북두리,,G2,소매,G210,철물·건설자재 소매,G21003,건설/건축자재 소매업,G47519,"페인트, 창호 및 기타 건설자재 소매업",47,경상북도,47170,안동시,47170370,남선면,4717037022,남선면,4717037022107860000,1,대지,786,,경상북도 안동시 남선면 신석리 786,471704721220,경상북도 안동시 남선면 농공단지길,43,,4717037022107860000011261,,경상북도 안동시 남선면 농공단지길 43,760862,36741,,,,128.778226839564,36.5335781875665
MA010120220804744390,삼화페인트,,G2,소매,G210,철물·건설자재 소매,G21003,건설/건축자재 소매업,G47519,"페인트, 창호 및 기타 건설자재 소매업",51,강원특별자치도,51210,속초시,51210570,노학동,5121010600,교동,5121010600108260001,1,대지,826,1,강원특별자치도 속초시 교동 826-1,512103223007,강원특별자치도 속초시 수복로,63,,4221010600108260001012444,,강원특별자치도 속초시 수복로 63,217806,24847,,,,128.576785075374,38.1984582479789
MA010120220804799410,타일아트,,G2,소매,G210,철물·건설자재 소매,G21003,건설/건축자재 소매업,G47519,"페인트, 창호 및 기타 건설자재 소매업",30,대전광역시,30200,유성구,30200526,학하동,3020011300,덕명동,3020011300105920004,1,대지,592,4,대전광역시 유성구 덕명동 592-4,302004301531,대전광역시 유성구 동서대로179번길,67,,3020011300105920004000001,,대전광역시 유성구 동서대로179번길 67,305360,34159,,,,127.297530675733,36.3484180709534
MA010120220804770594,삼화페인트,,G2,소매,G210,철물·건설자재 소매,G21003,건설/건축자재 소매업,G47519,"페인트, 창호 및 기타 건설자재 소매업",51,강원특별자치도,51830,양양군,51830250,양양읍,5183025021,양양읍,5183025021100790008,1,대지,79,8,강원특별자치도 양양군 양양읍 남문리 79-8,518303235016,강원특별자치도 양양군 양양읍 양양로,71,1,4283025021100790008014082,,강원특별자치도 양양군 양양읍 양양로 71-1,215804,25030,,,,128.621451875967,38.0747614032759
MA010120220804781888,제일페인트상사,,G2,소매,G210,철물·건설자재 소매,G21003,건설/건축자재 소매업,G47519,"페인트, 창호 및 기타 건설자재 소매업",46,전라남도,46720,곡성군,46720250,곡성읍,4672025021,곡성읍,4672025021102910000,1,대지,291,,전라남도 곡성군 곡성읍 읍내리 291,467204661251,전라남도 곡성군 곡성읍 읍내10길,8,2,4672025021102920001004638,,전라남도 곡성군 곡성읍 읍내10길 8-2,516804,57542,,,,127.294087091325,35.2798141391474
MA010120220804786813,에이케이페인트,,G2,소매,G210,철물·건설자재 소매,G21003,건설/건축자재 소매업,G47519,"페인트, 창호 및 기타 건설자재 소매업",29,광주광역시,29200,광산구,29200670,평동,2920014500,옥동,2920014500101750013,1,대지,175,13,광주광역시 광산구 옥동 175-13,292003163051,광주광역시 광산구 평동로,812,,2920014500101750013000001,,광주광역시 광산구 평동로 812,506500,62420,,,,126.763060892179,35.1242943181082
MA010120220804835846,안데스TRADING,,G2,소매,G210,철물·건설자재 소매,G21003,건설/건축자재 소매업,G47519,"페인트, 창호 및 기타 건설자재 소매업",11,서울특별시,11590,동작구,11590560,상도4동,1159010200,상도동,1159010200102640035,1,대지,264,35,서울특별시 동작구 상도동 264-35,115903119007,서울특별시 동작구 성대로,87,,1159010200102640035033437,,서울특별시 동작구 성대로 87,156843,06960,,1,,126.935427770039,37.4977467443136
MA010120220804877400,도성콘크리트산업,,G2,소매,G210,철물·건설자재 소매,G21003,건설/건축자재 소매업,G47519,"페인트, 창호 및 기타 건설자재 소매업",11,서울특별시,11740,강동구,11740685,길동,1174010500,길동,1174010500103540011,1,대지,354,11,서울특별시 강동구 길동 354-11,117404172360,서울특별시 강동구 천중로54길,29,11,1174010500103540011002758,,서울특별시 강동구 천중로54길 29-11,134812,05344,,,,127.145407623853,37.5392741911395
MA010120220804859453,신광타일,,G2,소매,G210,철물·건설자재 소매,G21003,건설/건축자재 소매업,G47519,"페인트, 창호 및 기타 건설자재 소매업",41,경기도,41500,이천시,41500253,부발읍,4150025326,부발읍,4150025326103070002,1,대지,307,2,경기도 이천시 부발읍 마암리 307-2,415004421725,경기도 이천시 부발읍 중부대로1390번길,31,18,4150025326103070002000001,,경기도 이천시 부발읍 중부대로1390번길 31-18,467863,17325,,,,127.470592592795,37.2732310423747
MA010120220806210165,한양타일,,G2,소매,G210,철물·건설자재 소매,G21003,건설/건축자재 소매업,G47519,"페인트, 창호 및 기타 건설자재 소매업",30,대전광역시,30200,유성구,30200530,온천1동,3020011200,구암동,3020011200105880002,1,대지,588,2,대전광역시 유성구 구암동 588-2,302003010024,대전광역시 유성구 계룡로,20,,3020011200105880002012197,,대전광역시 유성구 계룡로 20,305800,34176,,,,127.333310767816,36.3558124023323
MA010120220806214685,한일페인트사,,G2,소매,G210,철물·건설자재 소매,G21003,건설/건축자재 소매업,G47519,"페인트, 창호 및 기타 건설자재 소매업",30,대전광역시,30200,유성구,30200540,온천2동,3020011700,장대동,3020011700101940027,1,대지,194,27,대전광역시 유성구 장대동 194-27,302004301351,대전광역시 유성구 유성대로720번길,50,,3020011700101940027012296,,대전광역시 유성구 유성대로720번길 50,305308,34172,,,,127.334675873742,36.3571873849898
MA010120220806278801,대한페인트,,G2,소매,G210,철물·건설자재 소매,G21003,건설/건축자재 소매업,G47519,"페인트, 창호 및 기타 건설자재 소매업",43,충청북도,43745,증평군,43745250,증평읍,4374525022,증평읍,4374525022100330000,1,대지,33,,충청북도 증평군 증평읍 교동리 33,437453244026,충청북도 증평군 증평읍 중앙로,227,2,4374525022100330000006193,,충청북도 증평군 증평읍 중앙로 227-2,368901,27926,,,,127.58299802712,36.7859304845417
MA010120220806267104,선경타일상사,,G2,소매,G210,철물·건설자재 소매,G21003,건설/건축자재 소매업,G47519,"페인트, 창호 및 기타 건설자재 소매업",43,충청북도,43113,청주시 흥덕구,43113741,복대1동,4311311400,복대동,4311311400109810011,1,대지,981,11,충청북도 청주시 흥덕구 복대동 981-11,431133014012,충청북도 청주시 흥덕구 가로수로,1347,,4311311400109810011010564,,충청북도 청주시 흥덕구 가로수로 1347,361271,28586,,,,127.442914146415,36.63360571896
MA010120220806263511,영광기업,,G2,소매,G210,철물·건설자재 소매,G21003,건설/건축자재 소매업,G47519,"페인트, 창호 및 기타 건설자재 소매업",43,충청북도,43113,청주시 흥덕구,43113741,복대1동,4311311400,복대동,4311311400101570000,1,대지,157,,충청북도 청주시 흥덕구 복대동 157,431133237030,충청북도 청주시 흥덕구 복대로,213,2,4311311400101570000013384,,충청북도 청주시 흥덕구 복대로 213-2,361844,28584,,,,127.440601073203,36.6358130532049
MA010120220806267485,창조페인트,,G2,소매,G210,철물·건설자재 소매,G21003,건설/건축자재 소매업,G47519,"페인트, 창호 및 기타 건설자재 소매업",43,충청북도,43113,청주시 흥덕구,43113742,복대2동,4311311400,복대동,4311311400121120000,1,대지,2112,,충청북도 청주시 흥덕구 복대동 2112,431134511661,충청북도 청주시 흥덕구 신율로111번길,31,2,4311311400121120000011544,,충청북도 청주시 흥덕구 신율로111번길 31-2,361814,28606,,,,127.444310618461,36.6275629439816
MA010120220806272267,혜성타일도기상사,,G2,소매,G210,철물·건설자재 소매,G21003,건설/건축자재 소매업,G47519,"페인트, 창호 및 기타 건설자재 소매업",43,충청북도,43113,청주시 흥덕구,43113742,복대2동,4311311400,복대동,4311311400120560000,1,대지,2056,,충청북도 청주시 흥덕구 복대동 2056,431134511661,충청북도 청주시 흥덕구 신율로111번길,47,,4311311400120560000011553,,충청북도 청주시 흥덕구 신율로111번길 47,361814,28606,,,,127.44349417939,36.6275119179189
MA010120220806300722,해성공구철물,,G2,소매,G210,철물·건설자재 소매,G21003,건설/건축자재 소매업,G47519,"페인트, 창호 및 기타 건설자재 소매업",44,충청남도,44210,서산시,44210360,성연면,4421036021,성연면,4421036021104170001,1,대지,417,1,충청남도 서산시 성연면 일람리 417-1,442104562596,충청남도 서산시 성연면 일호리1길,2,12,4421036021104170001000001,,충청남도 서산시 성연면 일호리1길 2-12,356852,31933,,,,126.439626823845,36.8158656436128
MA010120220806295233,노루표페인트,,G2,소매,G210,철물·건설자재 소매,G21003,건설/건축자재 소매업,G47519,"페인트, 창호 및 기타 건설자재 소매업",44,충청남도,44210,서산시,44210510,부춘동,4421010100,읍내동,4421010100101420003,1,대지,142,3,충청남도 서산시 읍내동 142-3,442103254008,충청남도 서산시 고운로,113,,4421010100101420007038204,,충청남도 서산시 고운로 113,356805,31985,,,,126.449459275035,36.7809218126739
MA010120220806299276,태안타일랜드,,G2,소매,G210,철물·건설자재 소매,G21003,건설/건축자재 소매업,G47519,"페인트, 창호 및 기타 건설자재 소매업",44,충청남도,44825,태안군,44825250,태안읍,4482525027,태안읍,4482525027109440002,1,대지,944,2,충청남도 태안군 태안읍 평천리 944-2,448253264009,충청남도 태안군 태안읍 동백로,391,,4482525027109440002007842,,충청남도 태안군 태안읍 동백로 391,357908,32147,,,,126.312947097024,36.7459608873544
MA010120220806295343,하우스닥터,,G2,소매,G210,철물·건설자재 소매,G21003,건설/건축자재 소매업,G47519,"페인트, 창호 및 기타 건설자재 소매업",44,충청남도,44825,태안군,44825253,안면읍,4482525321,안면읍,4482525321109700001,1,대지,970,1,충청남도 태안군 안면읍 승언리 970-1,448253264033,충청남도 태안군 안면읍 장터로,171,,4482525321109700001000721,,충청남도 태안군 안면읍 장터로 171,357961,32164,,,,126.345074946494,36.5223036286751
MA010120220806306710,공간색칠,,G2,소매,G210,철물·건설자재 소매,G21003,건설/건축자재 소매업,G47519,"페인트, 창호 및 기타 건설자재 소매업",11,서울특별시,11710,송파구,11710650,잠실본동,1171010100,잠실동,1171010100102340006,1,대지,234,6,서울특별시 송파구 잠실동 234-6,117103123006,서울특별시 송파구 백제고분로,167,,1171010100102340006001170,,서울특별시 송파구 백제고분로 167,138864,05568,,1,,127.085501791264,37.5053018975984
MA010120220806322696,괴강골재.괴산벽돌,,G2,소매,G210,철물·건설자재 소매,G21003,건설/건축자재 소매업,G47519,"페인트, 창호 및 기타 건설자재 소매업",43,충청북도,43760,괴산군,43760250,괴산읍,4376025030,괴산읍,4376025030101960003,1,대지,196,3,충청북도 괴산군 괴산읍 대사리 196-3,437603246023,충청북도 괴산군 괴산읍 읍내로,106,11,4376025030101960003000001,,충청북도 괴산군 괴산읍 읍내로 106-11,367804,28036,,,,127.780031126504,36.7976961969634
MA010120220806371286,당신의페인트,,G2,소매,G210,철물·건설자재 소매,G21003,건설/건축자재 소매업,G47519,"페인트, 창호 및 기타 건설자재 소매업",28,인천광역시,28710,강화군,28710250,강화읍,2871025021,강화읍,2871025021100050010,1,대지,5,10,인천광역시 강화군 강화읍 신문리 5-10,287103157016,인천광역시 강화군 강화읍 남문로,77,1,2871025021100050012003227,,인천광역시 강화군 강화읍 남문로 77-1,417943,23035,,1,,126.48740696046,37.7448538234443
MA010120220807707942,페인트나라,,G2,소매,G210,철물·건설자재 소매,G21003,건설/건축자재 소매업,G47519,"페인트, 창호 및 기타 건설자재 소매업",46,전라남도,46110,목포시,46110645,삼학동,4611010200,산정동,4611010200113740010,1,대지,1374,10,전라남도 목포시 산정동 1374-10,461104643344,전라남도 목포시 삼학로145번길,4,,4611010200113740010004569,,전라남도 목포시 삼학로145번길 4,530480,58744,,,,126.400278471146,34.7874880884356
MA010120220807715382,파인피앤씨,,G2,소매,G210,철물·건설자재 소매,G21003,건설/건축자재 소매업,G47519,"페인트, 창호 및 기타 건설자재 소매업",47,경상북도,47130,경주시,47130259,외동읍,4713025923,외동읍,4713025923100670010,1,대지,67,10,경상북도 경주시 외동읍 석계리 67-10,471304715642,경상북도 경주시 외동읍 석계평리길,79,63,4713025923100670010000001,,경상북도 경주시 외동읍 석계평리길 79-63,780823,38206,,,,129.312107845062,35.6793970337675
MA010120220807713396,삼화건기,,G2,소매,G210,철물·건설자재 소매,G21003,건설/건축자재 소매업,G47519,"페인트, 창호 및 기타 건설자재 소매업",11,서울특별시,11710,송파구,11710550,마천2동,1171011400,마천동,1171011400101900032,1,대지,190,32,서울특별시 송파구 마천동 190-32,117104169112,서울특별시 송파구 마천로51길,37,,1171011400101900032019222,,서울특별시 송파구 마천로51길 37,138819,05751,,1,,127.153411541236,37.4971692277389
MA010120220807715729,제일페인트,,G2,소매,G210,철물·건설자재 소매,G21003,건설/건축자재 소매업,G47519,"페인트, 창호 및 기타 건설자재 소매업",46,전라남도,46840,무안군,46840360,해제면,4684036026,해제면,4684036026100030005,1,대지,3,5,전라남도 무안군 해제면 신정리 3-5,468403296024,전라남도 무안군 해제면 양간로,53,,4684036026100030005013076,,전라남도 무안군 해제면 양간로 53,534874,58502,,,,126.293563616502,35.114346119163
MA010120220807693133,푸른산업,,G2,소매,G210,철물·건설자재 소매,G21003,건설/건축자재 소매업,G47519,"페인트, 창호 및 기타 건설자재 소매업",46,전라남도,46110,목포시,46110758,신흥동,4611015800,상동,4611015800109480005,1,대지,948,5,전라남도 목포시 상동 948-5,461103281089,전라남도 목포시 하당로,82,,4611015800109480005032607,,전라남도 목포시 하당로 82,530826,58697,,,,126.417195138685,34.7994416695475
MA010120220807697630,금강상사,,G2,소매,G210,철물·건설자재 소매,G21003,건설/건축자재 소매업,G47519,"페인트, 창호 및 기타 건설자재 소매업",46,전라남도,46110,목포시,46110655,만호동,4611013000,보광동2가,4611013000100040007,1,대지,4,7,전라남도 목포시 보광동2가 4-7,461104643785,전라남도 목포시 해안로249번길,16,,4611013000100040007038648,,전라남도 목포시 해안로249번길 16,530130,58752,,,,126.387526510145,34.7876769826845
MA010120220807692021,호남타일,,G2,소매,G210,철물·건설자재 소매,G21003,건설/건축자재 소매업,G47519,"페인트, 창호 및 기타 건설자재 소매업",46,전라남도,46110,목포시,46110595,목원동,4611010800,호남동,4611010800100650000,1,대지,65,,전라남도 목포시 호남동 65,461103281095,전라남도 목포시 영산로,158,,4611010800100650000011533,,전라남도 목포시 영산로 158,530300,58730,,,,126.387954759944,34.7962604293923
MA010120220807714781,금강페인트및광고기획,,G2,소매,G210,철물·건설자재 소매,G21003,건설/건축자재 소매업,G47519,"페인트, 창호 및 기타 건설자재 소매업",46,전라남도,46840,무안군,46840250,무안읍,4684025022,무안읍,4684025022108530007,1,대지,853,7,전라남도 무안군 무안읍 성동리 853-7,468403296009,전라남도 무안군 무안읍 무안로,527,,4684025022108530007057214,,전라남도 무안군 무안읍 무안로 527,534804,58523,,,,126.480117557509,34.9901986304427
MA010120220807753223,유창타일도기상사,,G2,소매,G210,철물·건설자재 소매,G21003,건설/건축자재 소매업,G47519,"페인트, 창호 및 기타 건설자재 소매업",46,전라남도,46860,함평군,46860250,함평읍,4686025023,함평읍,4686025023102100003,1,대지,210,3,전라남도 함평군 함평읍 내교리 210-3,468604691047,전라남도 함평군 함평읍 내바람길,65,,4686025023102100003044392,,전라남도 함평군 함평읍 내바람길 65,525803,57153,,,,126.522268613534,35.0628959354305
MA010120220807751161,대우페인트,,G2,소매,G210,철물·건설자재 소매,G21003,건설/건축자재 소매업,G47519,"페인트, 창호 및 기타 건설자재 소매업",46,전라남도,46830,영암군,46830250,영암읍,4683025024,영암읍,4683025024101420006,1,대지,142,6,전라남도 영암군 영암읍 동무리 142-6,468303295123,전라남도 영암군 영암읍 중앙로,33,2,4683025024101420005043666,,전라남도 영암군 영암읍 중앙로 33-2,526804,58415,,,,126.697357096304,34.799451241928
MA010120220807769632,벌교타이루,,G2,소매,G210,철물·건설자재 소매,G21003,건설/건축자재 소매업,G47519,"페인트, 창호 및 기타 건설자재 소매업",46,전라남도,46780,보성군,46780253,벌교읍,4678025338,벌교읍,4678025338104650002,1,대지,465,2,전라남도 보성군 벌교읍 회정리 465-2,467804670251,전라남도 보성군 벌교읍 신정길,47,1,4678025338104650002000001,,전라남도 보성군 벌교읍 신정길 47-1,546906,59426,,,,127.352683183736,34.8461985334618
MA010120220807737396,연성건재사,,G2,소매,G210,철물·건설자재 소매,G21003,건설/건축자재 소매업,G47519,"페인트, 창호 및 기타 건설자재 소매업",46,전라남도,46830,영암군,46830380,학산면,4683038027,학산면,4683038027101350000,1,대지,135,,전라남도 영암군 학산면 독천리 135,468303281095,전라남도 영암군 학산면 영산로,18,,4683038027101350000038908,,전라남도 영암군 학산면 영산로 18,526872,58439,,,,126.568881969495,34.7256801864041
MA010120220807746523,남양,,G2,소매,G210,철물·건설자재 소매,G21003,건설/건축자재 소매업,G47519,"페인트, 창호 및 기타 건설자재 소매업",46,전라남도,46830,영암군,46830380,학산면,4683038022,학산면,4683038022105770003,1,대지,577,3,전라남도 영암군 학산면 상월리 577-3,468303295101,전라남도 영암군 학산면 학용로,34,10,4683038022105240006041265,,전라남도 영암군 학산면 학용로 34-10,526871,58441,,,,126.628256035079,34.7031781048388
MA010120220807738004,영암건축타일,,G2,소매,G210,철물·건설자재 소매,G21003,건설/건축자재 소매업,G47519,"페인트, 창호 및 기타 건설자재 소매업",46,전라남도,46830,영암군,46830370,서호면,4683037027,서호면,4683037027102020000,1,대지,202,,전라남도 영암군 서호면 소산리 202,468304685259,전라남도 영암군 서호면 소산송산길,47,,4683037027102000000026902,,전라남도 영암군 서호면 소산송산길 47,526861,58436,,,,126.576940422693,34.7854359378969
MA010120220807741977,다원종합상사,,G2,소매,G210,철물·건설자재 소매,G21003,건설/건축자재 소매업,G47519,"페인트, 창호 및 기타 건설자재 소매업",46,전라남도,46170,나주시,46170250,남평읍,4617025021,남평읍,4617025021101730001,1,대지,173,1,전라남도 나주시 남평읍 남평리 173-1,461703284015,전라남도 나주시 남평읍 남평1로,15,,4617025021101730001066673,,전라남도 나주시 남평읍 남평1로 15,520844,58227,,,,126.839449341072,35.0469829188967
MA010120220807752282,삼형도장공사,,G2,소매,G210,철물·건설자재 소매,G21003,건설/건축자재 소매업,G47519,"페인트, 창호 및 기타 건설자재 소매업",46,전라남도,46830,영암군,46830250,영암읍,4683025032,영암읍,4683025032105530000,1,대지,553,,전라남도 영암군 영암읍 대신리 553,468304685417,전라남도 영암군 영암읍 족자동길,9,8,4683025032105530000019221,,전라남도 영암군 영암읍 족자동길 9-8,526806,58410,,,,126.711159233862,34.8118430887541
MA010120220807744506,중앙타일건축공사,,G2,소매,G210,철물·건설자재 소매,G21003,건설/건축자재 소매업,G47519,"페인트, 창호 및 기타 건설자재 소매업",46,전라남도,46860,함평군,46860250,함평읍,4686025022,함평읍,4686025022110340005,1,대지,1034,5,전라남도 함평군 함평읍 기각리 1034-5,468604691017,전라남도 함평군 함평읍 광남길,27,,4686025022110340002046743,,전라남도 함평군 함평읍 광남길 27,525802,57150,,,,126.517120964907,35.063948174281
MA010120220807750294,영암페인트상회,,G2,소매,G210,철물·건설자재 소매,G21003,건설/건축자재 소매업,G47519,"페인트, 창호 및 기타 건설자재 소매업",46,전라남도,46830,영암군,46830250,영암읍,4683025026,영암읍,4683025026101630004,1,대지,163,4,전라남도 영암군 영암읍 역리 163-4,468303295123,전라남도 영암군 영암읍 중앙로,89,,4683025026101630016017638,,전라남도 영암군 영암읍 중앙로 89,526804,58415,,1,,126.699580865763,34.8039728083616
MA010120220807785027,도개건재,,G2,소매,G210,철물·건설자재 소매,G21003,건설/건축자재 소매업,G47519,"페인트, 창호 및 기타 건설자재 소매업",47,경상북도,47190,구미시,47190330,도개면,4719033025,도개면,4719033025108720002,1,대지,872,2,경상북도 구미시 도개면 궁기리 872-2,471903308079,경상북도 구미시 도개면 도안로,139,,4719033025108720002060548,,경상북도 구미시 도개면 도안로 139,730862,39103,,,,128.329250669809,36.3024941813433
MA010120220807807423,삼성공사,,G2,소매,G210,철물·건설자재 소매,G21003,건설/건축자재 소매업,G47519,"페인트, 창호 및 기타 건설자재 소매업",46,전라남도,46900,진도군,46900250,진도읍,4690025021,진도읍,4690025021111590009,1,대지,1159,9,전라남도 진도군 진도읍 동외리 1159-9,469004703106,전라남도 진도군 진도읍 동외1길,25,1,4690025021111590009000001,,전라남도 진도군 진도읍 동외1길 25-1,539803,58925,,,,126.270718869598,34.4822659147751
MA010120220807808490,광명유리페인트,,G2,소매,G210,철물·건설자재 소매,G21003,건설/건축자재 소매업,G47519,"페인트, 창호 및 기타 건설자재 소매업",46,전라남도,46900,진도군,46900250,진도읍,4690025025,진도읍,4690025025105590002,1,대지,559,2,전라남도 진도군 진도읍 남동리 559-2,469004703065,전라남도 진도군 진도읍 남문길,57,1,4690025025105590002006598,,전라남도 진도군 진도읍 남문길 57-1,539802,58921,,,,126.263904865488,34.4834419964953
MA010120220807798105,남문건축자재,,G2,소매,G210,철물·건설자재 소매,G21003,건설/건축자재 소매업,G47519,"페인트, 창호 및 기타 건설자재 소매업",11,서울특별시,11620,관악구,11620725,조원동,1162010200,신림동,1162010200116660008,1,대지,1666,8,서울특별시 관악구 신림동 1666-8,116202005010,서울특별시 관악구 시흥대로,546,,1162010200116660008008277,,서울특별시 관악구 시흥대로 546,151903,08768,,1,,126.900923712181,37.4817299653305
MA010120220807809019,산정건축페인트,,G2,소매,G210,철물·건설자재 소매,G21003,건설/건축자재 소매업,G47519,"페인트, 창호 및 기타 건설자재 소매업",46,전라남도,46820,해남군,46820340,송지면,4682034027,송지면,4682034027107220011,1,대지,722,11,전라남도 해남군 송지면 산정리 722-11,468204682248,전라남도 해남군 송지면 산정1길,117,1,4682034027107220011000001,,전라남도 해남군 송지면 산정1길 117-1,536923,59063,,,,126.518688609422,34.3687115947545
MA010120220807806533,해남유리,,G2,소매,G210,철물·건설자재 소매,G21003,건설/건축자재 소매업,G47519,"페인트, 창호 및 기타 건설자재 소매업",46,전라남도,46820,해남군,46820250,해남읍,4682025021,해남읍,4682025021106880002,1,대지,688,2,전라남도 해남군 해남읍 해리 688-2,468204682043,전라남도 해남군 해남읍 교육청길,41,2,4682025021106880002000001,,전라남도 해남군 해남읍 교육청길 41-2,536809,59038,,,,126.608450334354,34.5675139476206
MA010120220807791750,유현상사,,G2,소매,G210,철물·건설자재 소매,G21003,건설/건축자재 소매업,G47519,"페인트, 창호 및 기타 건설자재 소매업",47,경상북도,47130,경주시,47130256,건천읍,4713025631,건천읍,4713025631103380004,1,대지,338,4,경상북도 경주시 건천읍 건천리 338-4,471303305071,경상북도 경주시 건천읍 내서로,1123,1,4713025631103380004071538,,경상북도 경주시 건천읍 내서로 1123-1,780901,38178,,,,129.104139861443,35.8488126545618
MA010120220807775515,부촌타일,,G2,소매,G210,철물·건설자재 소매,G21003,건설/건축자재 소매업,G47519,"페인트, 창호 및 기타 건설자재 소매업",29,광주광역시,29155,남구,29155530,방림2동,2915511400,방림동,2915511400100190032,1,대지,19,32,광주광역시 남구 방림동 19-32,291553009007,광주광역시 남구 천변좌로,590,1,2915511400100190032001389,,광주광역시 남구 천변좌로 590-1,503800,61680,,,,126.925974424826,35.129451789815
MA010120220807842387,기쁨상사,,G2,소매,G210,철물·건설자재 소매,G21003,건설/건축자재 소매업,G47519,"페인트, 창호 및 기타 건설자재 소매업",46,전라남도,46150,순천시,46150320,서면,4615032025,서면,4615032025108610011,1,대지,861,11,전라남도 순천시 서면 동산리 861-11,461504649882,전라남도 순천시 서면 임촌동길,166,,4615032025108610011052613,,전라남도 순천시 서면 임촌동길 166,540813,57906,,,,127.485965017422,34.9963693174033
MA010120220807822066,선우케미칼,,G2,소매,G210,철물·건설자재 소매,G21003,건설/건축자재 소매업,G47519,"페인트, 창호 및 기타 건설자재 소매업",41,경기도,41194,부천시 소사구,41194560,옥길동,4119410600,옥길동,4119410600107440003,1,대지,744,3,경기도 부천시 소사구 옥길동 744-3,411943185011,경기도 부천시 소사구 옥길로,110,11,4119011500107440003000001,O&S골드타워,경기도 부천시 소사구 옥길로 110-11,422080,14786,,3,,126.823150460476,37.4664481408334
MA010120220807811694,금강타일,,G2,소매,G210,철물·건설자재 소매,G21003,건설/건축자재 소매업,G47519,"페인트, 창호 및 기타 건설자재 소매업",46,전라남도,46890,완도군,46890250,완도읍,4689025022,완도읍,4689025022110330006,1,대지,1033,6,전라남도 완도군 완도읍 가용리 1033-6,468904700014,전라남도 완도군 완도읍 개포로177번길,14,,4689025022110330006007765,,전라남도 완도군 완도읍 개포로177번길 14,537801,59116,,,,126.746684922724,34.3213290440391
MA010120220807816515,관산노루표페인트,,G2,소매,G210,철물·건설자재 소매,G21003,건설/건축자재 소매업,G47519,"페인트, 창호 및 기타 건설자재 소매업",46,전라남도,46800,장흥군,46800253,관산읍,4680025326,관산읍,4680025326104790018,1,대지,479,18,전라남도 장흥군 관산읍 옥당리 479-18,468003292004,전라남도 장흥군 관산읍 관산우회로,41,,4680025326104790018042452,시장내제,전라남도 장흥군 관산읍 관산우회로 41,529875,59350,,,,126.936648619826,34.5602648256714
MA010120220807820447,제일페인트,,G2,소매,G210,철물·건설자재 소매,G21003,건설/건축자재 소매업,G47519,"페인트, 창호 및 기타 건설자재 소매업",46,전라남도,46890,완도군,46890256,노화읍,4689025621,노화읍,4689025621108360018,1,대지,836,18,전라남도 완도군 노화읍 이포리 836-18,468904700112,전라남도 완도군 노화읍 노화로870번길,13,1,4689025621108570000032480,,전라남도 완도군 노화읍 노화로870번길 13-1,537848,59158,,,,126.571137945264,34.1772155192161
MA010120220807820786,포미유리페인트사,,G2,소매,G210,철물·건설자재 소매,G21003,건설/건축자재 소매업,G47519,"페인트, 창호 및 기타 건설자재 소매업",46,전라남도,46900,진도군,46900250,진도읍,4690025023,진도읍,4690025023100220089,1,대지,22,89,전라남도 진도군 진도읍 성내리 22-89,469004703209,전라남도 진도군 진도읍 옥주길,41,1,4690025023100220089006543,,전라남도 진도군 진도읍 옥주길 41-1,539803,58920,,,,126.266768055768,34.4834231518859
MA010120220809221248,고려도료,,G2,소매,G210,철물·건설자재 소매,G21003,건설/건축자재 소매업,G47519,"페인트, 창호 및 기타 건설자재 소매업",47,경상북도,47770,영덕군,47770360,영해면,4777036030,영해면,4777036030104360008,1,대지,436,8,경상북도 영덕군 영해면 성내리 436-8,477704754002,경상북도 영덕군 영해면 318만세길,149,,4777036030104360008004095,,경상북도 영덕군 영해면 318만세길 149,766815,36413,,,,129.409340577248,36.5393053040107
MA010120220809194052,제일철강,,G2,소매,G210,철물·건설자재 소매,G21003,건설/건축자재 소매업,G47519,"페인트, 창호 및 기타 건설자재 소매업",47,경상북도,47111,포항시 남구,47111256,오천읍,4711125629,오천읍,4711125629108570039,1,대지,857,39,경상북도 포항시 남구 오천읍 세계리 857-39,471114709253,경상북도 포항시 남구 오천읍 세계길,37,,4711125629108570039000001,,경상북도 포항시 남구 오천읍 세계길 37,790906,37912,,1,,129.41526087321,35.9658009772006
MA010120220809221515,경북주택개발,,G2,소매,G210,철물·건설자재 소매,G21003,건설/건축자재 소매업,G47519,"페인트, 창호 및 기타 건설자재 소매업",47,경상북도,47770,영덕군,47770320,남정면,4777032036,남정면,4777032036103100004,1,대지,310,4,경상북도 영덕군 남정면 장사리 310-4,477704754321,경상북도 영덕군 남정면 진불3길,10,6,4777032036103100004006531,,경상북도 영덕군 남정면 진불3길 10-6,766842,36463,,,,129.372360588605,36.2849635341587
MA010120220809225294,해동칠,,G2,소매,G210,철물·건설자재 소매,G21003,건설/건축자재 소매업,G47519,"페인트, 창호 및 기타 건설자재 소매업",47,경상북도,47930,울진군,47930380,후포면,4793038021,후포면,4793038021106230009,1,대지,623,9,경상북도 울진군 후포면 후포리 623-9,479303325021,경상북도 울진군 후포면 울진대게로,121,,4793038021106230009016139,,경상북도 울진군 후포면 울진대게로 121,767834,36369,,,,129.452745417377,36.6802849120708
MA010120220809225053,노루페인트,,G2,소매,G210,철물·건설자재 소매,G21003,건설/건축자재 소매업,G47519,"페인트, 창호 및 기타 건설자재 소매업",47,경상북도,47770,영덕군,47770250,영덕읍,4777025024,영덕읍,4777025024101040003,1,대지,104,3,경상북도 영덕군 영덕읍 덕곡리 104-3,477704754311,경상북도 영덕군 영덕읍 중앙길,10,,4777025024101040000023620,,경상북도 영덕군 영덕읍 중앙길 10,766804,36426,,,,129.376477680437,36.4127804134201
MA010120220809225565,제비표페인트,,G2,소매,G210,철물·건설자재 소매,G21003,건설/건축자재 소매업,G47519,"페인트, 창호 및 기타 건설자재 소매업",47,경상북도,47930,울진군,47930250,울진읍,4793025021,울진읍,4793025021106030009,1,대지,603,9,경상북도 울진군 울진읍 읍내리 603-9,479304775175,경상북도 울진군 울진읍 새마실2길,35,,4793025021106030009021277,,경상북도 울진군 울진읍 새마실2길 35,767801,36322,,,,129.402101146567,36.9990950931423
MA010120220809263519,유광페인트케이씨씨,백화점,G2,소매,G210,철물·건설자재 소매,G21003,건설/건축자재 소매업,G47519,"페인트, 창호 및 기타 건설자재 소매업",47,경상북도,47170,안동시,47170600,태화동,4717012200,태화동,4717012200102490004,1,대지,249,4,경상북도 안동시 태화동 249-4,471703307039,경상북도 안동시 태화중앙로,121,1,4717012200102490004021522,,경상북도 안동시 태화중앙로 121-1,760904,36668,,,,128.71437822139,36.5631121370104
MA010120220809255317,벽산페인트,,G2,소매,G210,철물·건설자재 소매,G21003,건설/건축자재 소매업,G47519,"페인트, 창호 및 기타 건설자재 소매업",47,경상북도,47730,의성군,47730430,안계면,4773043030,안계면,4773043030108490002,1,대지,849,2,경상북도 의성군 안계면 용기리 849-2,477304745320,경상북도 의성군 안계면 안계길,162,2,4773043030108490002008980,,경상북도 의성군 안계면 안계길 162-2,769933,37312,,,,128.435938345945,36.3857921166686
MA010120220809261083,옥동타일도기사,,G2,소매,G210,철물·건설자재 소매,G21003,건설/건축자재 소매업,G47519,"페인트, 창호 및 기타 건설자재 소매업",47,경상북도,47170,안동시,47170600,태화동,4717012200,태화동,4717012200108900000,1,대지,890,,경상북도 안동시 태화동 890,471704721344,경상북도 안동시 말구리길,46,,4717012200108900000000005,브라운스톤태화1단지,경상북도 안동시 말구리길 46,760905,36644,,,,128.70588040225,36.5657479381689
MA010120220809292826,혜성상사,,G2,소매,G210,철물·건설자재 소매,G21003,건설/건축자재 소매업,G47519,"페인트, 창호 및 기타 건설자재 소매업",11,서울특별시,11710,송파구,11710570,오금동,1171011200,오금동,1171011200101280005,1,대지,128,5,서울특별시 송파구 오금동 128-5,117103000034,서울특별시 송파구 동남로,303,,1171011200101280005014726,성원빌딩,서울특별시 송파구 동남로 303,138859,05729,,1,,127.137634598799,37.5024865744269
MA010120220809296523,강호디자인,,G2,소매,G210,철물·건설자재 소매,G21003,건설/건축자재 소매업,G47519,"페인트, 창호 및 기타 건설자재 소매업",27,대구광역시,27290,달서구,27290571,용산1동,2729011100,용산동,2729011100109430006,1,대지,943,6,대구광역시 달서구 용산동 943-6,272904241545,대구광역시 달서구 장산1길,36,,2729011100109430006003007,,대구광역시 달서구 장산1길 36,704936,42629,,1,,128.52422943349,35.8546695519073
MA010120220809265649,삼화페인트안동，미광페인트,대리점,G2,소매,G210,철물·건설자재 소매,G21003,건설/건축자재 소매업,G47519,"페인트, 창호 및 기타 건설자재 소매업",47,경상북도,47170,안동시,47170585,서구동,4717011700,안흥동,4717011700103120010,1,대지,312,10,경상북도 안동시 안흥동 312-10,471703018013,경상북도 안동시 경동로,615,,4717011700103120010016456,,경상북도 안동시 경동로 615,760170,36699,,,,128.725043853387,36.5635619428514
MA010120220809335676,문화도료,,G2,소매,G210,철물·건설자재 소매,G21003,건설/건축자재 소매업,G47519,"페인트, 창호 및 기타 건설자재 소매업",47,경상북도,47150,김천시,47150536,평화남산동,4715010500,평화동,4715010500104520028,1,대지,452,28,경상북도 김천시 평화동 452-28,471503306005,경상북도 김천시 김천로,41,1,4715010500104520028002263,,경상북도 김천시 김천로 41-1,740983,39598,,,,128.107873455697,36.1265754741483
MA010120220809315024,영남페인트,,G2,소매,G210,철물·건설자재 소매,G21003,건설/건축자재 소매업,G47519,"페인트, 창호 및 기타 건설자재 소매업",47,경상북도,47150,김천시,47150536,평화남산동,4715010500,평화동,4715010500102450019,1,대지,245,19,경상북도 김천시 평화동 245-19,471503306005,경상북도 김천시 김천로,73,,4715010500102450019002429,,경상북도 김천시 김천로 73,740982,39597,,,,128.110961157375,36.1257628628469
MA010120220810725465,거창페인트,,G2,소매,G210,철물·건설자재 소매,G21003,건설/건축자재 소매업,G47519,"페인트, 창호 및 기타 건설자재 소매업",26,부산광역시,26530,사상구,26530650,주례1동,2653010600,주례동,2653010600103130002,1,대지,313,2,부산광역시 사상구 주례동 313-2,265303139022,부산광역시 사상구 양지로,14,,2653010600103130002002403,,부산광역시 사상구 양지로 14,617836,46994,,,,129.005136061956,35.1536734435807
MA010120220810762786,동림페인트사,,G2,소매,G210,철물·건설자재 소매,G21003,건설/건축자재 소매업,G47519,"페인트, 창호 및 기타 건설자재 소매업",26,부산광역시,26260,동래구,26260545,명륜동,2626010700,명륜동,2626010700104850011,1,대지,485,11,부산광역시 동래구 명륜동 485-11,262603130023,부산광역시 동래구 명륜로,126,,2626010700104850011002429,,부산광역시 동래구 명륜로 126,607804,47808,,,,129.082495894297,35.2050044445434
MA010120220810718803,대경상사,,G2,소매,G210,철물·건설자재 소매,G21003,건설/건축자재 소매업,G47519,"페인트, 창호 및 기타 건설자재 소매업",26,부산광역시,26320,북구,26320510,구포1동,2632010500,구포동,2632010500104300046,1,대지,430,46,부산광역시 북구 구포동 430-46,263204196006,부산광역시 북구 가람로52번길,49,,2632010500104300046013446,,부산광역시 북구 가람로52번길 49,616801,46583,,,,129.001654722571,35.2063593727023
MA010120220810806181,형제타일위생기,,G2,소매,G210,철물·건설자재 소매,G21003,건설/건축자재 소매업,G47519,"페인트, 창호 및 기타 건설자재 소매업",43,충청북도,43720,보은군,43720250,보은읍,4372025024,보은읍,4372025024100530019,1,대지,53,19,충청북도 보은군 보은읍 교사리 53-19,437204523384,충청북도 보은군 보은읍 정문고개길,5,,4372025024100530019002567,,충청북도 보은군 보은읍 정문고개길 5,376803,28943,,,,127.717299705483,36.4880981307858
MA010120220810837946,청강방수페인트,,G2,소매,G210,철물·건설자재 소매,G21003,건설/건축자재 소매업,G47519,"페인트, 창호 및 기타 건설자재 소매업",48,경상남도,48125,창원시 마산합포구,48125630,오동동,4812514600,중성동,4812514600100200039,1,대지,20,39,경상남도 창원시 마산합포구 중성동 20-39,481252019003,경상남도 창원시 마산합포구 315대로,386,,4812514600100200043029527,,경상남도 창원시 마산합포구 315대로 386,631859,51729,,,,128.57465413175,35.2089634597169
MA010120220810841794,경남페인트,,G2,소매,G210,철물·건설자재 소매,G21003,건설/건축자재 소매업,G47519,"페인트, 창호 및 기타 건설자재 소매업",48,경상남도,48740,창녕군,48740360,대지면,4874036022,대지면,4874036022104650019,1,대지,465,19,경상남도 창녕군 대지면 왕산리 465-19,487404823519,경상남도 창녕군 대지면 왕산길,46,19,4874036022104650019034962,,경상남도 창녕군 대지면 왕산길 46-19,635822,50316,,,,128.474557950068,35.5575930883972
MA010120220810834235,성호페인트,,G2,소매,G210,철물·건설자재 소매,G21003,건설/건축자재 소매업,G47519,"페인트, 창호 및 기타 건설자재 소매업",48,경상남도,48125,창원시 마산합포구,48125570,완월동,4812514300,장군동3가,4812514300100050030,1,대지,5,30,경상남도 창원시 마산합포구 장군동3가 5-30,481254787525,경상남도 창원시 마산합포구 완월동1길,29,,4812514300100050030048215,,경상남도 창원시 마산합포구 완월동1길 29,631861,51266,,,,128.563541210763,35.1957781722889
MA010120220810842634,７７페인트,,G2,소매,G210,철물·건설자재 소매,G21003,건설/건축자재 소매업,G47519,"페인트, 창호 및 기타 건설자재 소매업",48,경상남도,48730,함안군,48730250,가야읍,4873025022,가야읍,4873025022109340008,1,대지,934,8,경상남도 함안군 가야읍 검암리 934-8,487304820018,경상남도 함안군 가야읍 가야23길,24,,4873025022109340008000001,,경상남도 함안군 가야읍 가야23길 24,637802,52039,,,,128.417282095855,35.2801426042325
MA010120220810845111,명성페인트공업사,,G2,소매,G210,철물·건설자재 소매,G21003,건설/건축자재 소매업,G47519,"페인트, 창호 및 기타 건설자재 소매업",48,경상남도,48720,의령군,48720390,부림면,4872039021,부림면,4872039021103370002,1,대지,337,2,경상남도 의령군 부림면 신반리 337-2,487203339029,경상남도 의령군 부림면 신번로,139,1,4872039021103370002002621,,경상남도 의령군 부림면 신번로 139-1,636964,52105,,,,128.324492105523,35.465670689057
MA010120220810811229,현대페인트,,G2,소매,G210,철물·건설자재 소매,G21003,건설/건축자재 소매업,G47519,"페인트, 창호 및 기타 건설자재 소매업",26,부산광역시,26260,동래구,26260600,사직3동,2626010900,사직동,2626010900101560008,1,대지,156,8,부산광역시 동래구 사직동 156-8,262604190453,부산광역시 동래구 중앙대로1267번길,81,1,2626010900101560008006343,,부산광역시 동래구 중앙대로1267번길 81-1,607818,47835,,,,129.073539923709,35.1990844325872
MA010120220810873859,하나페인트,,G2,소매,G210,철물·건설자재 소매,G21003,건설/건축자재 소매업,G47519,"페인트, 창호 및 기타 건설자재 소매업",48,경상남도,48730,함안군,48730320,군북면,4873032021,군북면,4873032021103750013,1,대지,375,13,경상남도 함안군 군북면 덕대리 375-13,487302330001,경상남도 함안군 군북면 함마대로,775,,4873032021103750013054353,,경상남도 함안군 군북면 함마대로 775,637821,52066,,,,128.344235379546,35.2634199549889
MA010120220810878718,군북페인트,,G2,소매,G210,철물·건설자재 소매,G21003,건설/건축자재 소매업,G47519,"페인트, 창호 및 기타 건설자재 소매업",48,경상남도,48730,함안군,48730320,군북면,4873032021,군북면,4873032021103940001,1,대지,394,1,경상남도 함안군 군북면 덕대리 394-1,487302330001,경상남도 함안군 군북면 함마대로,803,,4873032021103940001054385,,경상남도 함안군 군북면 함마대로 803,637821,52066,,,,128.345321492556,35.2619838898653
MA010120220810887189,현대페인트,,G2,소매,G210,철물·건설자재 소매,G21003,건설/건축자재 소매업,G47519,"페인트, 창호 및 기타 건설자재 소매업",48,경상남도,48125,창원시 마산합포구,48125630,오동동,4812512600,신포동2가,4812512600100420002,1,대지,42,2,경상남도 창원시 마산합포구 신포동2가 42-2,481253329059,경상남도 창원시 마산합포구 합포로,2,,4812512600100420002036570,,경상남도 창원시 마산합포구 합포로 2,631859,51720,,,,128.572621777587,35.2026541767627
MA010120220812293190,삼화페인트공사,,G2,소매,G210,철물·건설자재 소매,G21003,건설/건축자재 소매업,G47519,"페인트, 창호 및 기타 건설자재 소매업",51,강원특별자치도,51210,속초시,51210540,금호동,5121010300,중앙동,5121010300104820289,1,대지,482,289,강원특별자치도 속초시 중앙동 482-289,512103223018,강원특별자치도 속초시 청초호반로,310,,4221010300104820289014514,,강원특별자치도 속초시 청초호반로 310,217807,24838,,,,128.591040219367,38.2020222944142
MA010120220812266410,지민타일,,G2,소매,G210,철물·건설자재 소매,G21003,건설/건축자재 소매업,G47519,"페인트, 창호 및 기타 건설자재 소매업",47,경상북도,47111,포항시 남구,47111256,오천읍,4711125621,오천읍,4711125621109000000,1,대지,900,,경상북도 포항시 남구 오천읍 원리 900,471113303004,경상북도 포항시 남구 오천읍 냉천로,270,,4711125621109000000000001,,경상북도 포항시 남구 오천읍 냉천로 270,790911,37884,,,,129.409714789715,35.9703904546426
MA010120220812259700,동탄자동문,,G2,소매,G210,철물·건설자재 소매,G21003,건설/건축자재 소매업,G47519,"페인트, 창호 및 기타 건설자재 소매업",41,경기도,41590,화성시,41590540,병점2동,4159011700,병점동,4159011700108440003,1,대지,844,3,경기도 화성시 병점동 844-3,415903012007,경기도 화성시 효행로,1060,,4159011700008440003023920,이타운,경기도 화성시 효행로 1060,445360,18405,,,,127.043172025799,37.214356151321
MA010120220812286725,행운건업,,G2,소매,G210,철물·건설자재 소매,G21003,건설/건축자재 소매업,G47519,"페인트, 창호 및 기타 건설자재 소매업",48,경상남도,48270,밀양시,48270253,하남읍,4827025327,하남읍,4827025327106140017,1,대지,614,17,경상남도 밀양시 하남읍 양동리 614-17,482703336023,경상남도 밀양시 하남읍 백산로,2,,4827025327106140017027155,,경상남도 밀양시 하남읍 백산로 2,627895,50460,,,,128.716291306888,35.3748424076086
MA010120220812317859,잇,,G2,소매,G210,철물·건설자재 소매,G21003,건설/건축자재 소매업,G47519,"페인트, 창호 및 기타 건설자재 소매업",26,부산광역시,26500,수영구,26500770,광안2동,2650010400,광안동,2650010400101830011,1,대지,183,11,부산광역시 수영구 광안동 183-11,265003138002,부산광역시 수영구 광남로,97,,2650010400101830011010097,,부산광역시 수영구 광남로 97,613805,48302,,,,129.114597812752,35.1507213401858
MA010120220812323360,채움플래닛,,G2,소매,G210,철물·건설자재 소매,G21003,건설/건축자재 소매업,G47519,"페인트, 창호 및 기타 건설자재 소매업",41,경기도,41115,수원시 팔달구,41115710,우만1동,4111514000,우만동,4111514000105980020,1,대지,598,20,경기도 수원시 팔달구 우만동 598-20,411152012008,경기도 수원시 팔달구 경수대로,720,1,4111514000105980020020709,,경기도 수원시 팔달구 경수대로 720-1,442821,16233,,1,,127.025678583422,37.2894632520921
MA010120220812301856,감성타일,,G2,소매,G210,철물·건설자재 소매,G21003,건설/건축자재 소매업,G47519,"페인트, 창호 및 기타 건설자재 소매업",52,전북특별자치도,52113,전주시 덕진구,52113600,팔복동,5211310900,팔복동2가,5211310900108290001,1,대지,829,1,전북특별자치도 전주시 덕진구 팔복동2가 829-1,521132266001,전북특별자치도 전주시 덕진구 기린대로,893,,4511310900108290001000001,,전북특별자치도 전주시 덕진구 기린대로 893,561844,54853,,,,127.086780060889,35.8622076225019
MA010120220812316810,노루페인트,,G2,소매,G210,철물·건설자재 소매,G21003,건설/건축자재 소매업,G47519,"페인트, 창호 및 기타 건설자재 소매업",48,경상남도,48240,사천시,48240250,사천읍,4824025025,사천읍,4824025025100010002,1,대지,1,2,경상남도 사천시 사천읍 사주리 1-2,482403334046,경상남도 사천시 사천읍 진삼로,1415,1,4824025025100010002032079,,경상남도 사천시 사천읍 진삼로 1415-1,664802,52520,,,,128.085287573173,35.0778640387604
MA010120220812349993,더타일,,G2,소매,G210,철물·건설자재 소매,G21003,건설/건축자재 소매업,G47519,"페인트, 창호 및 기타 건설자재 소매업",47,경상북도,47290,경산시,47290520,중앙동,4729011700,중방동,4729011700108790017,1,대지,879,17,경상북도 경산시 중방동 879-17,472904739069,경상북도 경산시 경안로36길,6,,4729011700108790017001610,캐슬,경상북도 경산시 경안로36길 6,712804,38632,,1,,128.73814573789,35.8228656615937
MA010120220812348511,일구이사,,G2,소매,G210,철물·건설자재 소매,G21003,건설/건축자재 소매업,G47519,"페인트, 창호 및 기타 건설자재 소매업",43,충청북도,43111,청주시 상당구,43111720,용암1동,4311112400,용암동,4311112400126120000,1,대지,2612,,충청북도 청주시 상당구 용암동 2612,431114508510,충청북도 청주시 상당구 용암북로138번길,5,8,4311112400126120000041682,,충청북도 청주시 상당구 용암북로138번길 5-8,360812,28763,,2,,127.513506333914,36.621157134137
MA010120220812370226,제비표페인트,,G2,소매,G210,철물·건설자재 소매,G21003,건설/건축자재 소매업,G47519,"페인트, 창호 및 기타 건설자재 소매업",44,충청남도,44770,서천군,44770253,서천읍,4477025321,서천읍,4477025321105690006,1,대지,569,6,충청남도 서천군 서천읍 군사리 569-6,447703260010,충청남도 서천군 서천읍 서천로,51,,4477025321105690006026055,,충청남도 서천군 서천읍 서천로 51,325802,33646,,,,126.693762330738,36.0761171662539
MA010120220812423006,필페인트,,G2,소매,G210,철물·건설자재 소매,G21003,건설/건축자재 소매업,G47519,"페인트, 창호 및 기타 건설자재 소매업",48,경상남도,48250,김해시,48250330,진례면,4825033028,진례면,4825033028104860008,1,대지,486,8,경상남도 김해시 진례면 송현리 486-8,482503335007,경상남도 김해시 진례면 고모로,243,,4825033028104860008093363,,경상남도 김해시 진례면 고모로 243,621882,50875,,,,128.767119402792,35.2487355061386
MA010120220812389123,대영세라믹,,G2,소매,G210,철물·건설자재 소매,G21003,건설/건축자재 소매업,G47519,"페인트, 창호 및 기타 건설자재 소매업",28,인천광역시,28140,동구,28140555,송현1.2동,2814010300,송현동,2814010300100560103,1,대지,56,103,인천광역시 동구 송현동 56-103,281403150014,인천광역시 동구 송현로,57,,2814010300100560103131142,,인천광역시 동구 송현로 57,401809,22546,,,,126.637619975003,37.4805039911768
MA0101202307A0033488,현우종합상사,,G2,소매,G210,철물·건설자재 소매,G21003,건설/건축자재 소매업,G47519,"페인트, 창호 및 기타 건설자재 소매업",28,인천광역시,28177,미추홀구,28177540,용현1.4동,2817710200,용현동,2817710200104540469,1,대지,454,469,인천광역시 미추홀구 용현동 454-469,281774253170,인천광역시 미추홀구 독정안길,13,20,2817010200104540469013046,설악파크빌라,인천광역시 미추홀구 독정안길 13-20,402871,22180,,2,,126.656748855332,37.4584323912138
MA0101202212A0006965,차차바스,부산점,G2,소매,G210,철물·건설자재 소매,G21003,건설/건축자재 소매업,G47519,"페인트, 창호 및 기타 건설자재 소매업",26,부산광역시,26440,강서구,26440545,명지2동,2644010400,명지동,2644010400132300011,1,대지,3230,11,부산광역시 강서구 명지동 3230-11,264403136038,부산광역시 강서구 명지오션시티10로,17,,2644010400132300011000001,영어도시퀸덤1차,부산광역시 강서구 명지오션시티10로 17,618708,46762,,1,,128.897367061726,35.0881623630097
MA0101202303A0047959,성창타일,,G2,소매,G210,철물·건설자재 소매,G21003,건설/건축자재 소매업,G47519,"페인트, 창호 및 기타 건설자재 소매업",47,경상북도,47930,울진군,47930250,울진읍,4793025021,울진읍,4793025021105090001,1,대지,509,1,경상북도 울진군 울진읍 읍내리 509-1,479303325023,경상북도 울진군 울진읍 울진중앙로,162,,4793025021105090001020820,동산주택,경상북도 울진군 울진읍 울진중앙로 162,767801,36324,,1,,129.401815135331,36.9960739858237
MA0101202406A0034502,유케이화스너,,G2,소매,G210,철물·건설자재 소매,G21003,건설/건축자재 소매업,G47519,"페인트, 창호 및 기타 건설자재 소매업",27,대구광역시,27230,북구,27230620,산격2동,2723011100,산격동,2723011100116290000,1,대지,1629,,대구광역시 북구 산격동 1629,272303145037,대구광역시 북구 유통단지로,16,,2723011100116290000004907,유통단지산업용재관,대구광역시 북구 유통단지로 16,702710,41518,,2,,128.605873624352,35.9038624644667
MA0101202406A0091558,이앤텍,,G2,소매,G210,철물·건설자재 소매,G21003,건설/건축자재 소매업,G47519,"페인트, 창호 및 기타 건설자재 소매업",41,경기도,41111,수원시 장안구,41111597,조원1동,4111113600,조원동,4111113600106760009,1,대지,676,9,경기도 수원시 장안구 조원동 676-9,411114322159,경기도 수원시 장안구 수성로363번길,17,,4111113600106760009037441,청우아파트,경기도 수원시 장안구 수성로363번길 17,440846,16310,,2,,127.010951006938,37.294123896968
MA0101202409A0064844,코스켐,코리아,G2,소매,G210,철물·건설자재 소매,G21003,건설/건축자재 소매업,G47519,"페인트, 창호 및 기타 건설자재 소매업",41,경기도,41273,안산시 단원구,41273600,선부3동,4127310900,선부동,4127310900111770000,1,대지,1177,,경기도 안산시 단원구 선부동 1177,412733191094,경기도 안산시 단원구 석수로,138,,4127310900200730001000001,안산메트로타운푸르지오힐스테이트,경기도 안산시 단원구 석수로 138,425143,15211,,5,,126.805458731419,37.3489455003407
MA0101202406A0320220,건영도료,,G2,소매,G210,철물·건설자재 소매,G21003,건설/건축자재 소매업,G47519,"페인트, 창호 및 기타 건설자재 소매업",11,서울특별시,11350,노원구,11350665,상계3.4동,1135010500,상계동,1135010500113210000,1,대지,1321,,서울특별시 노원구 상계동 1321,113504130110,서울특별시 노원구 덕릉로115다길,40,,1135010500100650038006518,건영아파트,서울특별시 노원구 덕릉로115다길 40,139204,01638,,1,,127.078185407058,37.6686569254201
MA0101202409A0202487,엘피플래너스,,G2,소매,G210,철물·건설자재 소매,G21003,건설/건축자재 소매업,G47519,"페인트, 창호 및 기타 건설자재 소매업",11,서울특별시,11680,강남구,11680521,논현1동,1168010800,논현동,1168010800100580002,1,대지,58,2,서울특별시 강남구 논현동 58-2,116803122011,서울특별시 강남구 학동로,165,,1168010800100580002027570,마일스디오빌,서울특별시 강남구 학동로 165,135815,06046,,2,,127.028877126001,37.5138798455251
MA0101202411A0022979,영서무역,,G2,소매,G210,철물·건설자재 소매,G21003,건설/건축자재 소매업,G47519,"페인트, 창호 및 기타 건설자재 소매업",48,경상남도,48123,창원시 성산구,48123520,중앙동,4812312500,중앙동,4812312500100970006,1,대지,97,6,경상남도 창원시 성산구 중앙동 97-6,481234784239,경상남도 창원시 성산구 중앙대로61번길,4,,4812312500100970006003366,창원비즈니스센터,경상남도 창원시 성산구 중앙대로61번길 4,642947,51522,,,,128.676830524529,35.2212356792551
MA0101202411A0006924,에이치엘Fastener,,G2,소매,G210,철물·건설자재 소매,G21003,건설/건축자재 소매업,G47519,"페인트, 창호 및 기타 건설자재 소매업",41,경기도,41650,포천시,41650250,소흘읍,4165025028,소흘읍,4165025028103580001,1,대지,358,1,경기도 포천시 소흘읍 초가팔리 358-1,416504439300,경기도 포천시 소흘읍 소흘로139번길,47,,4165025028103580001000001,,경기도 포천시 소흘읍 소흘로139번길 47,487827,11182,,,,127.147879887641,37.8162498243903
MA0101202411A0004251,바스앤컴퍼니,,G2,소매,G210,철물·건설자재 소매,G21003,건설/건축자재 소매업,G47519,"페인트, 창호 및 기타 건설자재 소매업",51,강원특별자치도,51130,원주시,51130635,봉산동,5113011300,봉산동,5113011300100430006,1,대지,43,6,강원특별자치도 원주시 봉산동 43-6,511304457673,강원특별자치도 원주시 화실유암길,118,,4213011300100430006000001,,강원특별자치도 원주시 화실유암길 118,220950,26454,,,,127.986264215003,37.3484088510132
MA0101202411A0010195,태성철강,,G2,소매,G210,철물·건설자재 소매,G21003,건설/건축자재 소매업,G47519,"페인트, 창호 및 기타 건설자재 소매업",41,경기도,41610,광주시,41610510,경안동,4161011200,역동,4161011200100010200,1,대지,1,200,경기도 광주시 역동 1-200,416103211031,경기도 광주시 문화로,46,,4161011200100010200008586,,경기도 광주시 문화로 46,464838,12760,,4,,127.254590756178,37.4077043103179
MA0101202411A0033858,정남인테리어,,G2,소매,G210,철물·건설자재 소매,G21003,건설/건축자재 소매업,G47519,"페인트, 창호 및 기타 건설자재 소매업",41,경기도,41590,화성시,41590410,정남면,4159041022,정남면,4159041022110430010,1,대지,1043,10,경기도 화성시 정남면 괘랑리 1043-10,415903210033,경기도 화성시 정남면 만년로,542,16,4159041022110430010000001,,경기도 화성시 정남면 만년로 542-16,445965,18516,,,,126.984191624521,37.1695175484925
MA0101202411A0009466,엠에스컴퍼니,,G2,소매,G210,철물·건설자재 소매,G21003,건설/건축자재 소매업,G47519,"페인트, 창호 및 기타 건설자재 소매업",11,서울특별시,11680,강남구,11680531,논현2동,1168010800,논현동,1168010800102770020,1,대지,277,20,서울특별시 강남구 논현동 277-20,116803122004,서울특별시 강남구 봉은사로,317,,1168010800102770020008210,아모제논현빌딩,서울특별시 강남구 봉은사로 317,135833,06103,,3,,127.041611211542,37.5099837075898
MA0101202411A0093773,가온세라믹,,G2,소매,G210,철물·건설자재 소매,G21003,건설/건축자재 소매업,G47519,"페인트, 창호 및 기타 건설자재 소매업",11,서울특별시,11560,영등포구,11560585,도림동,1156011800,도림동,1156011800102500015,1,대지,250,15,서울특별시 영등포구 도림동 250-15,115604154305,서울특별시 영등포구 도신로15가길,6,1,1156011800102500015025977,,서울특별시 영등포구 도신로15가길 6-1,150833,07374,,1,,126.89945490528,37.5062901666033
MA0101202411A0044561,올굿페인트,,G2,소매,G210,철물·건설자재 소매,G21003,건설/건축자재 소매업,G47519,"페인트, 창호 및 기타 건설자재 소매업",48,경상남도,48250,김해시,48250565,칠산서부동,4825011400,화목동,4825011400106960015,1,대지,696,15,경상남도 김해시 화목동 696-15,482503335061,경상남도 김해시 칠산로,237,,4825011400106960015100860,,경상남도 김해시 칠산로 237,621150,51006,,,,128.844596764774,35.1951115874297
MA0101202411A0053441,낙원지물,,G2,소매,G210,철물·건설자재 소매,G21003,건설/건축자재 소매업,G47519,"페인트, 창호 및 기타 건설자재 소매업",41,경기도,41133,성남시 중원구,41133590,상대원3동,4113310500,상대원동,4113310500127670000,1,대지,2767,,경기도 성남시 중원구 상대원동 2767,411334337187,경기도 성남시 중원구 박석로85번길,37,16,4113310500127670000033561,,경기도 성남시 중원구 박석로85번길 37-16,462814,13243,,,,127.162521170502,37.4374020518056
MA0101202411A0074906,911보일러할인마트홍성점,,G2,소매,G210,철물·건설자재 소매,G21003,건설/건축자재 소매업,G47519,"페인트, 창호 및 기타 건설자재 소매업",44,충청남도,44800,홍성군,44800250,홍성읍,4480025025,홍성읍,4480025025102350001,1,대지,235,1,충청남도 홍성군 홍성읍 옥암리 235-1,448003252053,충청남도 홍성군 홍성읍 충서로,1298,,4480025025102350001006106,,충청남도 홍성군 홍성읍 충서로 1298,350808,32246,,,,126.655294540445,36.5920545348986
MA0101202411A0092913,태진이앤지,,G2,소매,G210,철물·건설자재 소매,G21003,건설/건축자재 소매업,G47519,"페인트, 창호 및 기타 건설자재 소매업",41,경기도,41550,안성시,41550350,대덕면,4155035021,대덕면,4155035021101030000,1,대지,103,,경기도 안성시 대덕면 소현리 103,415504424403,경기도 안성시 대덕면 소마니길,111,6,4155035021100980000045337,,경기도 안성시 대덕면 소마니길 111-6,456832,17543,,,,127.252325538842,37.0303778595524
MA0101202411A0091668,운호건설,,G2,소매,G210,철물·건설자재 소매,G21003,건설/건축자재 소매업,G47519,"페인트, 창호 및 기타 건설자재 소매업",41,경기도,41570,김포시,41570515,김포본동,4157010200,걸포동,4157010200100010024,1,대지,1,24,경기도 김포시 걸포동 1-24,415703209136,경기도 김포시 금포로,1117,20,4157010200100010024022805,김포현대공구타운,경기도 김포시 금포로 1117-20,415020,10092,,,,126.706630627016,37.6452889754154
MA0101202411A0067764,대성상사,,G2,소매,G210,철물·건설자재 소매,G21003,건설/건축자재 소매업,G47519,"페인트, 창호 및 기타 건설자재 소매업",44,충청남도,44825,태안군,44825250,태안읍,4482525022,태안읍,4482525022101770002,1,대지,177,2,충청남도 태안군 태안읍 남문리 177-2,448253264043,충청남도 태안군 태안읍 중앙로,58,,4482525022101730000004878,,충청남도 태안군 태안읍 중앙로 58,357901,32143,,,,126.295426241836,36.7542476865215
MA0101202411A0045548,한결에너지솔라,,G2,소매,G210,철물·건설자재 소매,G21003,건설/건축자재 소매업,G47519,"페인트, 창호 및 기타 건설자재 소매업",52,전북특별자치도,52111,전주시 완산구,52111680,서신동,5211112900,서신동,5211112900110160006,1,대지,1016,6,전북특별자치도 전주시 완산구 서신동 1016-6,521114598027,전북특별자치도 전주시 완산구 고사평5길,12,,4511112900110160006023781,,전북특별자치도 전주시 완산구 고사평5길 12,560823,54943,,1,,127.108844707581,35.8369815320892
MA0101202411A0082724,양지케미칼,,G2,소매,G210,철물·건설자재 소매,G21003,건설/건축자재 소매업,G47519,"페인트, 창호 및 기타 건설자재 소매업",52,전북특별자치도,52113,전주시 덕진구,52113570,덕진동,5211310500,덕진동1가,5211310500113580022,1,대지,1358,22,전북특별자치도 전주시 덕진구 덕진동1가 1358-22,521132266001,전북특별자치도 전주시 덕진구 기린대로,529,,4511310500113580022000001,파크리움오피스텔,전북특별자치도 전주시 덕진구 기린대로 529,561811,54888,,5,,127.121153695255,35.8450179794398
MA0101202411A0122942,더아름,,G2,소매,G210,철물·건설자재 소매,G21003,건설/건축자재 소매업,G47519,"페인트, 창호 및 기타 건설자재 소매업",41,경기도,41450,하남시,41450560,덕풍3동,4145010800,덕풍동,4145010800107440000,1,대지,744,,경기도 하남시 덕풍동 744,414503202016,경기도 하남시 덕풍동로,111,21,4145010800107440000000819,케이앤몰,경기도 하남시 덕풍동로 111-21,465831,12927,,10,,127.207696836385,37.5518040412847
MA0101202411A0094944,발라페인트,,G2,소매,G210,철물·건설자재 소매,G21003,건설/건축자재 소매업,G47519,"페인트, 창호 및 기타 건설자재 소매업",11,서울특별시,11440,마포구,11440660,서교동,1144012000,서교동,1144012000103470021,1,대지,347,21,서울특별시 마포구 서교동 347-21,114403113015,서울특별시 마포구 어울마당로,130,,1144012000103470021024741,기린빌딩,서울특별시 마포구 어울마당로 130,121837,04053,,3,,126.924524326984,37.5558098491327
MA0101202411A0125271,폴세라믹,,G2,소매,G210,철물·건설자재 소매,G21003,건설/건축자재 소매업,G47519,"페인트, 창호 및 기타 건설자재 소매업",27,대구광역시,27110,중구,27110565,성내1동,2711010800,봉산동,2711010800102170008,1,대지,217,8,대구광역시 중구 봉산동 217-8,271104223108,대구광역시 중구 봉산문화길,15,,2711010800102170008018911,,대구광역시 중구 봉산문화길 15,700823,41958,,1,,128.598251018622,35.8607725024099
MA0101202411A0141129,모던빌드,,G2,소매,G210,철물·건설자재 소매,G21003,건설/건축자재 소매업,G47519,"페인트, 창호 및 기타 건설자재 소매업",52,전북특별자치도,52113,전주시 덕진구,52113642,송천2동,5211312000,전미동2가,5211312000105300002,1,대지,530,2,전북특별자치도 전주시 덕진구 전미동2가 530-2,521133267059,전북특별자치도 전주시 덕진구 전미중앙로,49,,4511312000105300002031074,,전북특별자치도 전주시 덕진구 전미중앙로 49,561312,54812,,,,127.102968450372,35.8805263187625
MA0101202411A0135838,디자인시선,,G2,소매,G210,철물·건설자재 소매,G21003,건설/건축자재 소매업,G47519,"페인트, 창호 및 기타 건설자재 소매업",41,경기도,41113,수원시 권선구,41113662,금곡동,4111313400,금곡동,4111313400111180001,1,대지,1118,1,경기도 수원시 권선구 금곡동 1118-1,411133175011,경기도 수원시 권선구 금곡로,204,,4111313400111180001000001,,경기도 수원시 권선구 금곡로 204,441460,16397,,,,126.953343949529,37.2737066734659
MA0101202411A0138726,준타일&BATH,,G2,소매,G210,철물·건설자재 소매,G21003,건설/건축자재 소매업,G47519,"페인트, 창호 및 기타 건설자재 소매업",51,강원특별자치도,51230,삼척시,51230570,성내동,5123012000,남양동,5123012000103320016,1,대지,332,16,강원특별자치도 삼척시 남양동 332-16,512303224040,강원특별자치도 삼척시 중앙로,210,,4223012000103320016000001,,강원특별자치도 삼척시 중앙로 210,245938,25929,,,,129.168139148654,37.4419668897018
MA0103202406C0007424,제이엠통상,,G2,소매,G210,철물·건설자재 소매,G21003,건설/건축자재 소매업,G47519,"페인트, 창호 및 기타 건설자재 소매업",26,부산광역시,26350,해운대구,26350580,반여2동,2635010300,반여동,2635010300112911364,1,대지,1291,1364,부산광역시 해운대구 반여동 1291-1364,263504199281,부산광역시 해운대구 해운대로61번길,83,14,2635010300112911364024631,,부산광역시 해운대구 해운대로61번길 83-14,612814,48029,,2,,129.128146926008,35.1952980532496
MA0103202406C0033071,더세이지,,G2,소매,G210,철물·건설자재 소매,G21003,건설/건축자재 소매업,G47519,"페인트, 창호 및 기타 건설자재 소매업",11,서울특별시,11680,강남구,11680531,논현2동,1168010800,논현동,1168010800102770020,1,대지,277,20,서울특별시 강남구 논현동 277-20,116803122004,서울특별시 강남구 봉은사로,317,,1168010800102770020008210,아모제논현빌딩,서울특별시 강남구 봉은사로 317,135833,06103,,2,,127.041611211542,37.5099837075898
MA0101202411A0186349,스마트페인트,,G2,소매,G210,철물·건설자재 소매,G21003,건설/건축자재 소매업,G47519,"페인트, 창호 및 기타 건설자재 소매업",29,광주광역시,29200,광산구,29200640,하남동,2920020200,오선동,2920020200105450001,1,대지,545,1,광주광역시 광산구 오선동 545-1,292003163020,광주광역시 광산구 손재로,458,,2920020200105450001020388,,광주광역시 광산구 손재로 458,506250,62214,,,,126.79535072937,35.206565898503
MA0101202411A0186441,나눔에코,,G2,소매,G210,철물·건설자재 소매,G21003,건설/건축자재 소매업,G47519,"페인트, 창호 및 기타 건설자재 소매업",41,경기도,41220,평택시,41220535,송탄동,4122010600,도일동,4122010600104680024,1,대지,468,24,경기도 평택시 도일동 468-24,412204364567,경기도 평택시 원릉군길,195,,4122010600104680024000003,,경기도 평택시 원릉군길 195,459090,17723,,,,127.110939214447,37.0532202804719
MA0101202411A0182953,두잇츠,,G2,소매,G210,철물·건설자재 소매,G21003,건설/건축자재 소매업,G47519,"페인트, 창호 및 기타 건설자재 소매업",29,광주광역시,29155,남구,29155720,송암동,2915511100,임암동,2915511100108910000,1,대지,891,,광주광역시 남구 임암동 891,291552161001,광주광역시 남구 서문대로,345,,2915511100108910000000001,임암동에스에이치타워,광주광역시 남구 서문대로 345,503360,61754,,,,126.877130132833,35.0993064993371
MA0101202411A0181102,제이씨페인트솔루션,,G2,소매,G210,철물·건설자재 소매,G21003,건설/건축자재 소매업,G47519,"페인트, 창호 및 기타 건설자재 소매업",11,서울특별시,11110,종로구,11110530,사직동,1111011900,세종로,1111011900102110000,1,대지,211,,서울특별시 종로구 세종로 211,111102005001,서울특별시 종로구 세종대로,149,,1111012000101500000000347,,서울특별시 종로구 세종대로 149,110730,03186,,20,,126.976149871263,37.5695717604723
MA0101202411A0177727,대목건재,,G2,소매,G210,철물·건설자재 소매,G21003,건설/건축자재 소매업,G47519,"페인트, 창호 및 기타 건설자재 소매업",43,충청북도,43720,보은군,43720250,보은읍,4372025021,보은읍,4372025021101560022,1,대지,156,22,충청북도 보은군 보은읍 삼산리 156-22,437203241011,충청북도 보은군 보은읍 보은로,118,,4372025021101560022002930,,충청북도 보은군 보은읍 보은로 118,376807,28948,,,,127.718003699974,36.4845704412557
MA0101202411A0185600,다미,,G2,소매,G210,철물·건설자재 소매,G21003,건설/건축자재 소매업,G47519,"페인트, 창호 및 기타 건설자재 소매업",31,울산광역시,31140,남구,31140570,삼산동,3114010600,삼산동,3114010600101800036,1,대지,180,36,울산광역시 남구 삼산동 180-36,311403170015,울산광역시 남구 돋질로,391,,3114010600108200000005392,,울산광역시 남구 돋질로 391,680813,44710,,1,,129.347561482576,35.5436527127847
MA0101202305A0173774,신탄성,,G2,소매,G210,철물·건설자재 소매,G21003,건설/건축자재 소매업,G47519,"페인트, 창호 및 기타 건설자재 소매업",41,경기도,41590,화성시,41590590,동탄5동,4159013100,영천동,4159013100106800000,1,대지,680,,경기도 화성시 영천동 680,415904852384,경기도 화성시 동탄순환대로27길,5,8,4159013100106800000000001,에이스케이시티타워,경기도 화성시 동탄순환대로27길 5-8,445130,18472,,,,127.109552615465,37.2067265175484
MA0101202305A0166516,유명종합상사,,G2,소매,G210,철물·건설자재 소매,G21003,건설/건축자재 소매업,G47519,"페인트, 창호 및 기타 건설자재 소매업",41,경기도,41820,가평군,41820310,설악면,4182031021,설악면,4182031021106610010,1,대지,661,10,경기도 가평군 설악면 신천리 661-10,418203216059,경기도 가평군 설악면 유명로,1623,,4182031021106610010000548,,경기도 가평군 설악면 유명로 1623,477853,12467,,,,127.485991946267,37.6744659345683
MA0101202305A0204883,보성피엔씨,,G2,소매,G210,철물·건설자재 소매,G21003,건설/건축자재 소매업,G47519,"페인트, 창호 및 기타 건설자재 소매업",27,대구광역시,27230,북구,27230610,산격1동,2723011100,산격동,2723011100109790000,1,대지,979,,대구광역시 북구 산격동 979,272303145034,대구광역시 북구 연암로,70,,2723011100109790000036336,,대구광역시 북구 연암로 70,702838,41541,,1,,128.595978696504,35.891531657094
MA0101202306A0004465,타일온,,G2,소매,G210,철물·건설자재 소매,G21003,건설/건축자재 소매업,G47519,"페인트, 창호 및 기타 건설자재 소매업",26,부산광역시,26440,강서구,26440535,명지1동,2644010400,명지동,2644010400101990002,1,대지,199,2,부산광역시 강서구 명지동 199-2,264403006030,부산광역시 강서구 낙동남로,1046,,2644010400101990002000002,,부산광역시 강서구 낙동남로 1046,618813,46725,,,,128.927061471952,35.1125488750285
MA0101202305A0107557,삼안,,G2,소매,G210,철물·건설자재 소매,G21003,건설/건축자재 소매업,G47519,"페인트, 창호 및 기타 건설자재 소매업",43,충청북도,43750,진천군,43750250,진천읍,4375025024,진천읍,4375025024103770001,1,대지,377,1,충청북도 진천군 진천읍 읍내리 377-1,437504535364,충청북도 진천군 진천읍 중앙동2길,18,,4375025024103770001023072,,충청북도 진천군 진천읍 중앙동2길 18,365807,27833,,,,127.442958010987,36.8555588183487
MA0101202305A0126237,업소명없음,,G2,소매,G210,철물·건설자재 소매,G21003,건설/건축자재 소매업,G47519,"페인트, 창호 및 기타 건설자재 소매업",48,경상남도,48850,하동군,48850250,하동읍,4885025021,하동읍,4885025021102510001,1,대지,251,1,경상남도 하동군 하동읍 읍내리 251-1,488504832292,경상남도 하동군 하동읍 시장1길,20,2,4885025021102550000020954,페인트,경상남도 하동군 하동읍 시장1길 20-2,667804,52329,,,,127.748254519114,35.0690730846937
MA0101202305A0109555,신일인테리어,,G2,소매,G210,철물·건설자재 소매,G21003,건설/건축자재 소매업,G47519,"페인트, 창호 및 기타 건설자재 소매업",41,경기도,41111,수원시 장안구,41111580,영화동,4111113400,영화동,4111113400103940008,1,대지,394,8,경기도 수원시 장안구 영화동 394-8,411114322283,경기도 수원시 장안구 장안로63번길,10,,4111113400103940008045576,,경기도 수원시 장안구 장안로63번길 10,440820,16274,,,,127.002920865049,37.2901057385804
MA0101202305A0124525,세원산업,,G2,소매,G210,철물·건설자재 소매,G21003,건설/건축자재 소매업,G47519,"페인트, 창호 및 기타 건설자재 소매업",41,경기도,41630,양주시,41630520,양주2동,4163010800,삼숭동,4163010800101640001,1,대지,164,1,경기도 양주시 삼숭동 164-1,416304436218,경기도 양주시 삼숭로108번길,88,21,4163010800101640004005070,,경기도 양주시 삼숭로108번길 88-21,482110,11484,,,,127.104015105279,37.8053410735802
MA0101202306A0016331,행운페인트,,G2,소매,G210,철물·건설자재 소매,G21003,건설/건축자재 소매업,G47519,"페인트, 창호 및 기타 건설자재 소매업",48,경상남도,48121,창원시 의창구,48121320,대산면,4812132022,대산면,4812132022104430004,1,대지,443,4,경상남도 창원시 의창구 대산면 일동리 443-4,481213327002,경상남도 창원시 의창구 대산면 갈전로,118,6,4812132022104430004039025,,경상남도 창원시 의창구 대산면 갈전로 118-6,641922,51119,,,,128.683848194279,35.3676748508572
MA0101202306A0014500,삼화페인트,,G2,소매,G210,철물·건설자재 소매,G21003,건설/건축자재 소매업,G47519,"페인트, 창호 및 기타 건설자재 소매업",46,전라남도,46870,영광군,46870250,영광읍,4687025028,영광읍,4687025028105130010,1,대지,513,10,전라남도 영광군 영광읍 단주리 513-10,468703298028,전라남도 영광군 영광읍 옥당로,185,,4687025028105130010028282,개나리,전라남도 영광군 영광읍 옥당로 185,513809,57037,,1,,126.49945207278,35.2783879548806
MA0101202306A0010807,은비유통,,G2,소매,G210,철물·건설자재 소매,G21003,건설/건축자재 소매업,G47519,"페인트, 창호 및 기타 건설자재 소매업",41,경기도,41590,화성시,41590560,기배동,4159012300,배양동,4159012300100690393,1,대지,69,393,경기도 화성시 배양동 69-393,415904431063,경기도 화성시 융건로106번길,33,,4159012300000690393011841,,경기도 화성시 융건로106번길 33,445350,18344,,2,,126.992462466842,37.218923088897
MA0101202306A0026715,동양타일,,G2,소매,G210,철물·건설자재 소매,G21003,건설/건축자재 소매업,G47519,"페인트, 창호 및 기타 건설자재 소매업",41,경기도,41370,오산시,41370560,초평동,4137011700,벌음동,4137011700101340006,1,대지,134,6,경기도 오산시 벌음동 134-6,413703210137,경기도 오산시 발안로,1241,7,4137011700101340006000002,,경기도 오산시 발안로 1241-7,447190,18104,,2,,127.03541880481,37.1375257163263
MA0101202306A0101410,대신물산,,G2,소매,G210,철물·건설자재 소매,G21003,건설/건축자재 소매업,G47519,"페인트, 창호 및 기타 건설자재 소매업",46,전라남도,46840,무안군,46840256,삼향읍,4684025621,삼향읍,4684025621109400002,1,대지,940,2,전라남도 무안군 삼향읍 임성리 940-2,468403296021,전라남도 무안군 삼향읍 삼향로,127,9,4684025621109400002000001,,전라남도 무안군 삼향읍 삼향로 127-9,534823,58565,,2,,126.448330199459,34.8236630928982
MA0101202306A0044067,상상필립,,G2,소매,G210,철물·건설자재 소매,G21003,건설/건축자재 소매업,G47519,"페인트, 창호 및 기타 건설자재 소매업",44,충청남도,44133,천안시 서북구,44133540,쌍용2동,4413310700,쌍용동,4413310700104130018,1,대지,413,18,충청남도 천안시 서북구 쌍용동 413-18,441333250067,충청남도 천안시 서북구 쌍용19로,29,10,4413310700104130018056791,,충청남도 천안시 서북구 쌍용19로 29-10,331092,31172,,1,,127.12188188672,36.7947759609411
MA0101202306A0025353,리움세라믹,,G2,소매,G210,철물·건설자재 소매,G21003,건설/건축자재 소매업,G47519,"페인트, 창호 및 기타 건설자재 소매업",41,경기도,41450,하남시,41450580,감북동,4145011400,감일동,4145011400101140016,1,대지,114,16,경기도 하남시 감일동 114-16,414503000124,경기도 하남시 서하남로,141,,4145011400101140004000001,,경기도 하남시 서하남로 141,465818,12990,,,,127.15969103789,37.514631379825
MA0101202307A0098709,유한교역,,G2,소매,G210,철물·건설자재 소매,G21003,건설/건축자재 소매업,G47519,"페인트, 창호 및 기타 건설자재 소매업",46,전라남도,46130,여수시,46130780,쌍봉동,4613012800,학동,4613012800100030003,1,대지,3,3,전라남도 여수시 학동 3-3,461304646947,전라남도 여수시 학동북4길,14,8,4613012800100030003039495,,전라남도 여수시 학동북4길 14-8,555807,59671,,2,,127.658432326032,34.7675973349627
MA0101202308A0017984,이젠바스,,G2,소매,G210,철물·건설자재 소매,G21003,건설/건축자재 소매업,G47519,"페인트, 창호 및 기타 건설자재 소매업",41,경기도,41390,시흥시,41390510,대야동,4139011300,계수동,4139011300101440003,1,대지,144,3,경기도 시흥시 계수동 144-3,413903199005,경기도 시흥시 계수로,211,,4139011300101440003000001,,경기도 시흥시 계수로 211,429807,14925,,2,,126.821702346412,37.4526785141993
MA0101202307A0097713,삼화페인트전남총판,,G2,소매,G210,철물·건설자재 소매,G21003,건설/건축자재 소매업,G47519,"페인트, 창호 및 기타 건설자재 소매업",46,전라남도,46130,여수시,46130780,쌍봉동,4613012800,학동,4613012800100140001,1,대지,14,1,전라남도 여수시 학동 14-1,461303282046,전라남도 여수시 쌍봉로,99,,4613012800100140001074176,,전라남도 여수시 쌍봉로 99,555807,59678,,1,,127.667027520252,34.7660632445109
MA0101202308A0027391,도어하드웨어,,G2,소매,G210,철물·건설자재 소매,G21003,건설/건축자재 소매업,G47519,"페인트, 창호 및 기타 건설자재 소매업",11,서울특별시,11620,관악구,11620665,서림동,1162010200,신림동,1162010200101270058,1,대지,127,58,서울특별시 관악구 신림동 127-58,116204160456,서울특별시 관악구 서림길,90,,1162010200101270058018800,우리서원,서울특별시 관악구 서림길 90,151856,08839,,4,,126.939135067752,37.4722501780381
MA0101202307A0032939,함양종합자재,,G2,소매,G210,철물·건설자재 소매,G21003,건설/건축자재 소매업,G47519,"페인트, 창호 및 기타 건설자재 소매업",48,경상남도,48870,함양군,48870250,함양읍,4887025028,함양읍,4887025028102380000,1,대지,238,,경상남도 함양군 함양읍 백연리 238,488704838084,경상남도 함양군 함양읍 뇌산길,6,,4887025028102380000014843,,경상남도 함양군 함양읍 뇌산길 6,676803,50044,,,,127.721716362851,35.5128797112335
MA0101202308A0030121,미도산업,,G2,소매,G210,철물·건설자재 소매,G21003,건설/건축자재 소매업,G47519,"페인트, 창호 및 기타 건설자재 소매업",46,전라남도,46130,여수시,46130625,광림동,4613011200,광무동,4613011200109150010,1,대지,915,10,전라남도 여수시 광무동 915-10,461303282069,전라남도 여수시 좌수영로,197,,4613011200109150010000001,,전라남도 여수시 좌수영로 197,550801,59717,,2,,127.722860116249,34.7553514948528
MA0101202307A0042849,루하이엔씨,,G2,소매,G210,철물·건설자재 소매,G21003,건설/건축자재 소매업,G47519,"페인트, 창호 및 기타 건설자재 소매업",48,경상남도,48330,양산시,48330253,물금읍,4833025323,물금읍,4833025323113000002,1,대지,1300,2,경상남도 양산시 물금읍 가촌리 1300-2,483303338103,경상남도 양산시 물금읍 야리로,112,,4833025323113000002000001,케이제이플러스,경상남도 양산시 물금읍 야리로 112,626811,50653,,5,,129.007775631074,35.3112159592394
MA0101202307A0065615,태인디자인,,G2,소매,G210,철물·건설자재 소매,G21003,건설/건축자재 소매업,G47519,"페인트, 창호 및 기타 건설자재 소매업",48,경상남도,48250,김해시,48250540,내외동,4825010800,내동,4825010800111000005,1,대지,1100,5,경상남도 김해시 내동 1100-5,482502335002,경상남도 김해시 금관대로,1272,,4825010800111000005053848,,경상남도 김해시 금관대로 1272,621903,50951,,,,128.859619487844,35.2381299035086
MA0101202307A0043065,도하케미칼,,G2,소매,G210,철물·건설자재 소매,G21003,건설/건축자재 소매업,G47519,"페인트, 창호 및 기타 건설자재 소매업",41,경기도,41390,시흥시,41390591,정왕1동,4139013200,정왕동,4139013200113670001,1,대지,1367,1,경기도 시흥시 정왕동 1367-1,413902199001,경기도 시흥시 공단1대로,244,,4139013200113670001016345,공구상가,경기도 시흥시 공단1대로 244,429853,15103,,,,126.728445299906,37.3353324328239
MA0101202307A0044901,이화HK몰,,G2,소매,G210,철물·건설자재 소매,G21003,건설/건축자재 소매업,G47519,"페인트, 창호 및 기타 건설자재 소매업",44,충청남도,44825,태안군,44825250,태안읍,4482525029,태안읍,4482525029102770002,1,대지,277,2,충청남도 태안군 태안읍 인평리 277-2,448253000117,충청남도 태안군 태안읍 서해로,2226,18,4482525029102770002000001,,충청남도 태안군 태안읍 서해로 2226-18,357909,32138,,,,126.348622685634,36.7669679802519
MA0101202307A0069562,티와이산업,,G2,소매,G210,철물·건설자재 소매,G21003,건설/건축자재 소매업,G47519,"페인트, 창호 및 기타 건설자재 소매업",41,경기도,41192,부천시 원미구,41192620,중동,4119210800,중동,4119210800108070000,1,대지,807,,경기도 부천시 원미구 중동 807,411923000019,경기도 부천시 원미구 부일로,326,,4119510800108070000042345,,경기도 부천시 원미구 부일로 326,420845,14626,,2,,126.766315126315,37.4880366682968
MA0101202307A0045042,유망,,G2,소매,G210,철물·건설자재 소매,G21003,건설/건축자재 소매업,G47519,"페인트, 창호 및 기타 건설자재 소매업",41,경기도,41570,김포시,41570580,운양동,4157010300,운양동,4157010300110530002,1,대지,1053,2,경기도 김포시 운양동 1053-2,415703209092,경기도 김포시 운양로,37,1,4157010300110530002000001,,경기도 김포시 운양로 37-1,415807,10072,,,,126.670724547705,37.6603306694196
MA0101202307A0056754,이담타일,,G2,소매,G210,철물·건설자재 소매,G21003,건설/건축자재 소매업,G47519,"페인트, 창호 및 기타 건설자재 소매업",41,경기도,41135,성남시 분당구,41135600,이매1동,4113510600,이매동,4113510600100870006,1,대지,87,6,경기도 성남시 분당구 이매동 87-6,411352000005,경기도 성남시 분당구 성남대로,776,,4113510600100870006000001,일부,경기도 성남시 분당구 성남대로 776,463829,13569,,3,,127.129245443738,37.3987624161771
MA0101202308A0061875,현대페인트,,G2,소매,G210,철물·건설자재 소매,G21003,건설/건축자재 소매업,G47519,"페인트, 창호 및 기타 건설자재 소매업",46,전라남도,46130,여수시,46130670,국동,4613011700,국동,4613011700101200001,1,대지,120,1,전라남도 여수시 국동 120-1,461303282007,전라남도 여수시 국포1로,82,,4613011700101200001000001,,전라남도 여수시 국포1로 82,550807,59761,,,,127.717775471153,34.7268703881874
MA0101202308A0052341,동림페인트,,G2,소매,G210,철물·건설자재 소매,G21003,건설/건축자재 소매업,G47519,"페인트, 창호 및 기타 건설자재 소매업",41,경기도,41173,안양시 동안구,41173559,인덕원동,4117310200,관양동,4117310200114880007,1,대지,1488,7,경기도 안양시 동안구 관양동 1488-7,411732182001,경기도 안양시 동안구 관악대로,480,,4117310200114880007003367,실우정타운,경기도 안양시 동안구 관악대로 480,431846,13951,,,,126.975389744841,37.4024706163264
MA0101202308A0039957,디자인드바이제이디,,G2,소매,G210,철물·건설자재 소매,G21003,건설/건축자재 소매업,G47519,"페인트, 창호 및 기타 건설자재 소매업",26,부산광역시,26440,강서구,26440510,대저1동,2644010100,대저1동,2644010100130400001,1,대지,3040,1,부산광역시 강서구 대저1동 3040-1,264404208055,부산광역시 강서구 경전철로188번길,95,12,2644010100130400001000001,,부산광역시 강서구 경전철로188번길 95-12,618803,46703,,2,,128.966835807607,35.1994414357912
MA0101202308A0061040,세진페인트도장방수,,G2,소매,G210,철물·건설자재 소매,G21003,건설/건축자재 소매업,G47519,"페인트, 창호 및 기타 건설자재 소매업",26,부산광역시,26380,사하구,26380562,하단2동,2638010300,하단동,2638010300104770001,1,대지,477,1,부산광역시 사하구 하단동 477-1,263802006002,부산광역시 사하구 낙동대로,561,,2638010300104770001009500,,부산광역시 사하구 낙동대로 561,604851,49303,,,,128.96304778755,35.113584380484
MA0101202310A0054940,화담산업,,G2,소매,G210,철물·건설자재 소매,G21003,건설/건축자재 소매업,G47519,"페인트, 창호 및 기타 건설자재 소매업",52,전북특별자치도,52190,남원시,52190450,아영면,5219045030,아영면,5219045030105760001,1,대지,576,1,전북특별자치도 남원시 아영면 의지리 576-1,521904613519,전북특별자치도 남원시 아영면 의지길,13,29,4519045030105760001031221,,전북특별자치도 남원시 아영면 의지길 13-29,590862,55711,,,,127.618234756999,35.5207368562785
MA0101202309A0054957,케이세라믹,,G2,소매,G210,철물·건설자재 소매,G21003,건설/건축자재 소매업,G47519,"페인트, 창호 및 기타 건설자재 소매업",41,경기도,41590,화성시,41590330,마도면,4159033022,마도면,4159033022102640000,1,대지,264,,경기도 화성시 마도면 두곡리 264,415904431412,경기도 화성시 마도면 화성로785번길,32,,4159033022102640000000001,,경기도 화성시 마도면 화성로785번길 32,445862,18540,,2,,126.776175952334,37.2101609074051
MA0101202309A0073971,무안페인트공사,,G2,소매,G210,철물·건설자재 소매,G21003,건설/건축자재 소매업,G47519,"페인트, 창호 및 기타 건설자재 소매업",46,전라남도,46840,무안군,46840250,무안읍,4684025027,무안읍,4684025027101250000,1,대지,125,,전라남도 무안군 무안읍 매곡리 125,468404688147,전라남도 무안군 무안읍 무안발산길,64,,4684025027101250000053243,,전라남도 무안군 무안읍 무안발산길 64,534801,58515,,,,126.460571285305,35.0212105833322
MA0101202310A0019534,제비표페인트,,G2,소매,G210,철물·건설자재 소매,G21003,건설/건축자재 소매업,G47519,"페인트, 창호 및 기타 건설자재 소매업",28,인천광역시,28710,강화군,28710250,강화읍,2871025021,강화읍,2871025021102410072,1,대지,241,72,인천광역시 강화군 강화읍 신문리 241-72,287102157001,인천광역시 강화군 강화읍 강화대로,437,,2871025021102410117003173,제비표페인트,인천광역시 강화군 강화읍 강화대로 437,417807,23033,,,,126.482987799392,37.7472851310602
MA0101202310A0032391,대한상사,,G2,소매,G210,철물·건설자재 소매,G21003,건설/건축자재 소매업,G47519,"페인트, 창호 및 기타 건설자재 소매업",26,부산광역시,26260,동래구,26260520,복산동,2626010300,칠산동,2626010300102520000,1,대지,252,,부산광역시 동래구 칠산동 252,262604190062,부산광역시 동래구 동래로152번가길,21,2,2626010300102520000015650,,부산광역시 동래구 동래로152번가길 21-2,607030,47810,,,,129.087830163846,35.2027948413873
MA0101202309A0077722,지호세라믹,,G2,소매,G210,철물·건설자재 소매,G21003,건설/건축자재 소매업,G47519,"페인트, 창호 및 기타 건설자재 소매업",41,경기도,41135,성남시 분당구,41135655,삼평동,4113510900,삼평동,4113510900106620000,1,대지,662,,경기도 성남시 분당구 삼평동 662,411354340520,경기도 성남시 분당구 판교역로192번길,16,,4113510900106620000000001,판교타워,경기도 성남시 분당구 판교역로192번길 16,463400,13524,,8,,127.111433730963,37.3977443691571
MA0101202309A0083985,케미버스,,G2,소매,G210,철물·건설자재 소매,G21003,건설/건축자재 소매업,G47519,"페인트, 창호 및 기타 건설자재 소매업",41,경기도,41390,시흥시,41390597,배곧2동,4139013500,배곧동,4139013500102240001,1,대지,224,1,경기도 시흥시 배곧동 224-1,413904853127,경기도 시흥시 서울대학로264번길,26,16,4139013200117710001000114,내,경기도 시흥시 서울대학로264번길 26-16,,15011,,,,126.725644652495,37.3669429781486
MA0101202310A0039066,현인테리어,,G2,소매,G210,철물·건설자재 소매,G21003,건설/건축자재 소매업,G47519,"페인트, 창호 및 기타 건설자재 소매업",11,서울특별시,11560,영등포구,11560585,도림동,1156011800,도림동,1156011800102050051,1,대지,205,51,서울특별시 영등포구 도림동 205-51,115603118007,서울특별시 영등포구 도영로,33,7,1156011800102050051025544,,서울특별시 영등포구 도영로 33-7,150832,07373,,,,126.896487707407,37.5091888384267
MA0101202309A0056330,모던타일&바스,,G2,소매,G210,철물·건설자재 소매,G21003,건설/건축자재 소매업,G47519,"페인트, 창호 및 기타 건설자재 소매업",47,경상북도,47111,포항시 남구,47111256,오천읍,4711125630,오천읍,4711125630103670012,1,대지,367,12,경상북도 포항시 남구 오천읍 용덕리 367-12,471113303045,경상북도 포항시 남구 오천읍 정몽주로,638,,4711125630103670012056134,,경상북도 포항시 남구 오천읍 정몽주로 638,790908,37905,,,,129.414450540929,35.9748542043567
MA0101202309A0073261,매티,,G2,소매,G210,철물·건설자재 소매,G21003,건설/건축자재 소매업,G47519,"페인트, 창호 및 기타 건설자재 소매업",27,대구광역시,27170,서구,27170540,내당4동,2717010100,내당동,2717010100102580002,1,대지,258,2,대구광역시 서구 내당동 258-2,271704229248,대구광역시 서구 서대구로7길,33,1,2717010100102580002022071,광장하이츠,대구광역시 서구 서대구로7길 33-1,703804,41853,,3,,128.552739412539,35.8606665467314
MA0101202309A0059804,대전베이직타일,,G2,소매,G210,철물·건설자재 소매,G21003,건설/건축자재 소매업,G47519,"페인트, 창호 및 기타 건설자재 소매업",30,대전광역시,30170,서구,30170550,용문동,3017010500,용문동,3017010500102490010,1,대지,249,10,대전광역시 서구 용문동 249-10,301703010024,대전광역시 서구 계룡로,693,,3017010500102490010022863,,대전광역시 서구 계룡로 693,302844,35307,,1,,127.397301696348,36.3353403271274
MA0101202309A0086119,제일페인트상사,,G2,소매,G210,철물·건설자재 소매,G21003,건설/건축자재 소매업,G47519,"페인트, 창호 및 기타 건설자재 소매업",29,광주광역시,29200,광산구,29200620,비아동,2920011300,도천동,2920011300106210018,1,대지,621,18,광주광역시 광산구 도천동 621-18,292003163073,광주광역시 광산구 하남산단천변우로,34,,2920011300106210018021323,,광주광역시 광산구 하남산단천변우로 34,506300,62243,,,,126.813804954162,35.209398883604
MA0101202311A0073366,대호페인트,,G2,소매,G210,철물·건설자재 소매,G21003,건설/건축자재 소매업,G47519,"페인트, 창호 및 기타 건설자재 소매업",47,경상북도,47850,칠곡군,47850250,왜관읍,4785025021,왜관읍,4785025021101340011,1,대지,134,11,경상북도 칠곡군 왜관읍 왜관리 134-11,478504766068,경상북도 칠곡군 왜관읍 군청1길,11,,4785025021101340011038880,,경상북도 칠곡군 왜관읍 군청1길 11,718805,39889,,,,128.40101758507,35.9886132973213
MA0101202310A0094136,강성건재사,,G2,소매,G210,철물·건설자재 소매,G21003,건설/건축자재 소매업,G47519,"페인트, 창호 및 기타 건설자재 소매업",50,제주특별자치도,50110,제주시,50110253,애월읍,5011025324,애월읍,5011025324108630006,1,대지,863,6,제주특별자치도 제주시 애월읍 구엄리 863-6,501103349236,제주특별자치도 제주시 애월읍 일주서로,6827,,5011025324108630006000001,,제주특별자치도 제주시 애월읍 일주서로 6827,695905,63049,,,,126.380616498814,33.4760161116283
MA0101202311A0059109,유타일,,G2,소매,G210,철물·건설자재 소매,G21003,건설/건축자재 소매업,G47519,"페인트, 창호 및 기타 건설자재 소매업",41,경기도,41115,수원시 팔달구,41115710,우만1동,4111514000,우만동,4111514000105210021,1,대지,521,21,경기도 수원시 팔달구 우만동 521-21,411154328218,경기도 수원시 팔달구 월드컵로311번길,33,21,4111514000105210021018069,,경기도 수원시 팔달구 월드컵로311번길 33-21,442819,16238,,,,127.033920070494,37.2843973401482
MA0101202311A0067324,한결판낼,,G2,소매,G210,철물·건설자재 소매,G21003,건설/건축자재 소매업,G47519,"페인트, 창호 및 기타 건설자재 소매업",41,경기도,41273,안산시 단원구,41273610,대부동,4127311100,대부북동,4127311100100880001,1,대지,88,1,경기도 안산시 단원구 대부북동 88-1,412733191019,경기도 안산시 단원구 대부황금로,1061,,4127311100100880001000001,,경기도 안산시 단원구 대부황금로 1061,425330,15640,,,,126.586859279492,37.2555419031249
MA0101202311A0072440,태영종합상사,,G2,소매,G210,철물·건설자재 소매,G21003,건설/건축자재 소매업,G47519,"페인트, 창호 및 기타 건설자재 소매업",47,경상북도,47130,경주시,47130615,용강동,4713012500,용강동,4713012500113590010,1,대지,1359,10,경상북도 경주시 용강동 1359-10,471303305041,경상북도 경주시 양정로,309,1,4713012500113590010034135,,경상북도 경주시 양정로 309-1,780959,38096,,,,129.224104960195,35.8605181454175
MA0101202311A0022336,이누타일도기,,G2,소매,G210,철물·건설자재 소매,G21003,건설/건축자재 소매업,G47519,"페인트, 창호 및 기타 건설자재 소매업",43,충청북도,43113,청주시 흥덕구,43113742,복대2동,4311311400,복대동,4311311400118820000,1,대지,1882,,충청북도 청주시 흥덕구 복대동 1882,431133237050,충청북도 청주시 흥덕구 성봉로,249,,4311311400118820000011251,,충청북도 청주시 흥덕구 성봉로 249,361813,28604,,1,,127.4496987288,36.6274436048209
MA0101202311A0058267,삼화페인트,,G2,소매,G210,철물·건설자재 소매,G21003,건설/건축자재 소매업,G47519,"페인트, 창호 및 기타 건설자재 소매업",52,전북특별자치도,52740,장수군,52740335,장계면,5274033521,장계면,5274033521103510023,1,대지,351,23,전북특별자치도 장수군 장계면 장계리 351-23,527403276042,전북특별자치도 장수군 장계면 한들로,105,,4574033521103510019025909,,전북특별자치도 장수군 장계면 한들로 105,597842,55615,,,,127.583414975375,35.7313038865464
MA0101202311A0028745,뉴영진,,G2,소매,G210,철물·건설자재 소매,G21003,건설/건축자재 소매업,G47519,"페인트, 창호 및 기타 건설자재 소매업",41,경기도,41220,평택시,41220600,원평동,4122011400,통복동,4122011400103380006,1,대지,338,6,경기도 평택시 통복동 338-6,412203188116,경기도 평택시 평남로,238,,4122011400103380006013950,,경기도 평택시 평남로 238,450040,17923,,1,,127.075624094583,36.9935065353457
MA0101202406A0042680,행진페인트,,G2,소매,G210,철물·건설자재 소매,G21003,건설/건축자재 소매업,G47519,"페인트, 창호 및 기타 건설자재 소매업",50,제주특별자치도,50110,제주시,50110630,아라동,5011011800,아라이동,5011011800114920001,1,대지,1492,1,제주특별자치도 제주시 아라이동 1492-1,501103349184,제주특별자치도 제주시 중앙로,465,,5011011800114920001000001,,제주특별자치도 제주시 중앙로 465,690122,63246,,,,126.543890353937,33.4816201491423
MA0101202406A0065532,비전하우징,,G2,소매,G210,철물·건설자재 소매,G21003,건설/건축자재 소매업,G47519,"페인트, 창호 및 기타 건설자재 소매업",41,경기도,41450,하남시,41450630,미사3동,4145011000,풍산동,4145011000104900002,1,대지,490,2,경기도 하남시 풍산동 490-2,414503202057,경기도 하남시 미사강변서로,16,,4145011000104900002000001,에프비,경기도 하남시 미사강변서로 16,465170,12918,,2,,127.184497468667,37.551806530237
MA0101202406A0068247,티비티윈도우필름제주지사,,G2,소매,G210,철물·건설자재 소매,G21003,건설/건축자재 소매업,G47519,"페인트, 창호 및 기타 건설자재 소매업",50,제주특별자치도,50110,제주시,50110540,이도2동,5011012900,도남동,5011012900106940001,1,대지,694,1,제주특별자치도 제주시 도남동 694-1,501103349193,제주특별자치도 제주시 청사로,48,,5011012900106940001000001,,제주특별자치도 제주시 청사로 48,690825,63220,,4,,126.523931517342,33.4895692793784
MA0101202406A0011340,상상타일,,G2,소매,G210,철물·건설자재 소매,G21003,건설/건축자재 소매업,G47519,"페인트, 창호 및 기타 건설자재 소매업",52,전북특별자치도,52130,군산시,52130701,나운1동,5213014400,나운동,5213014400106670007,1,대지,667,7,전북특별자치도 군산시 나운동 667-7,521303268023,전북특별자치도 군산시 대학로,227,,4513014400106670009027421,왼쪽,전북특별자치도 군산시 대학로 227,573867,54133,,1,,126.699952038975,35.9720862441383
MA0101202406A0018752,울산방충망디자인,,G2,소매,G210,철물·건설자재 소매,G21003,건설/건축자재 소매업,G47519,"페인트, 창호 및 기타 건설자재 소매업",31,울산광역시,31200,북구,31200570,송정동,3120012600,송정동,3120012600112300003,1,대지,1230,3,울산광역시 북구 송정동 1230-3,312003352046,울산광역시 북구 박상진11로,21,,3120012600112300003000001,보광프라자,울산광역시 북구 박상진11로 21,683410,44236,,4,,129.363486200246,35.6019907053701
MA0101202406A0049495,최강타일,,G2,소매,G210,철물·건설자재 소매,G21003,건설/건축자재 소매업,G47519,"페인트, 창호 및 기타 건설자재 소매업",52,전북특별자치도,52130,군산시,52130710,소룡동,5213014600,소룡동,5213014600115340008,1,대지,1534,8,전북특별자치도 군산시 소룡동 1534-8,521303268007,전북특별자치도 군산시 공단대로,584,,4513014600115340008008371,,전북특별자치도 군산시 공단대로 584,573882,54014,,,,126.682647348103,35.9715640724594
MA0101202406A0078617,마루바스,,G2,소매,G210,철물·건설자재 소매,G21003,건설/건축자재 소매업,G47519,"페인트, 창호 및 기타 건설자재 소매업",29,광주광역시,29200,광산구,29200565,어룡동,2920010800,소촌동,2920010800101790001,1,대지,179,1,광주광역시 광산구 소촌동 179-1,292004289281,광주광역시 광산구 소촌로42번길,195,,2920010800101790001000001,,광주광역시 광산구 소촌로42번길 195,506802,62385,,,,126.797960156456,35.1550578631053
MA0101202406A0057128,도은테라죠,,G2,소매,G210,철물·건설자재 소매,G21003,건설/건축자재 소매업,G47519,"페인트, 창호 및 기타 건설자재 소매업",41,경기도,41173,안양시 동안구,41173566,부림동,4117310200,관양동,4117310200115990001,1,대지,1599,1,경기도 안양시 동안구 관양동 1599-1,411732182002,경기도 안양시 동안구 시민대로,280,,4117310200115990001008392,평촌샤르망,경기도 안양시 동안구 시민대로 280,431815,14066,,,,126.961784246966,37.3943578073435
MA0101202406A0031352,대양시멘트,,G2,소매,G210,철물·건설자재 소매,G21003,건설/건축자재 소매업,G47519,"페인트, 창호 및 기타 건설자재 소매업",51,강원특별자치도,51210,속초시,51210580,조양동,5121010800,조양동,5121010800115220004,1,대지,1522,4,강원특별자치도 속초시 조양동 1522-4,512104469132,강원특별자치도 속초시 선사로5길,13,1,4221010800115220004009126,,강원특별자치도 속초시 선사로5길 13-1,217813,24890,,,,128.590641954659,38.1889658468596
MA0101202311A0094574,오성타일,,G2,소매,G210,철물·건설자재 소매,G21003,건설/건축자재 소매업,G47519,"페인트, 창호 및 기타 건설자재 소매업",52,전북특별자치도,52113,전주시 덕진구,52113590,금암2동,5211310700,금암동,5211310700115710012,1,대지,1571,12,전북특별자치도 전주시 덕진구 금암동 1571-12,521133267004,전북특별자치도 전주시 덕진구 거북바우로,42,,4511310700115710012018597,,전북특별자치도 전주시 덕진구 거북바우로 42,561800,54926,,1,,127.142383116333,35.8379739110224
MA0101202406A0145869,에스엠개발,,G2,소매,G210,철물·건설자재 소매,G21003,건설/건축자재 소매업,G47519,"페인트, 창호 및 기타 건설자재 소매업",44,충청남도,44270,당진시,44270510,당진1동,4427010100,읍내동,4427010100112140000,1,대지,1214,,충청남도 당진시 읍내동 1214,442704595221,충청남도 당진시 무수동1안길,48,,4483025021112140000085510,,충청남도 당진시 무수동1안길 48,343925,31774,,,,126.639152998351,36.887293733086
MA0101202406A0096443,제비페인트,,G2,소매,G210,철물·건설자재 소매,G21003,건설/건축자재 소매업,G47519,"페인트, 창호 및 기타 건설자재 소매업",44,충청남도,44180,보령시,44180545,대천4동,4418010500,명천동,4418010500104820003,1,대지,482,3,충청남도 보령시 명천동 482-3,441803252011,충청남도 보령시 대해로,10,,4418010500104820003008216,,충청남도 보령시 대해로 10,355940,33459,,,,126.59836112535,36.3448782942457
MA0101202406A0174259,광명상사,,G2,소매,G210,철물·건설자재 소매,G21003,건설/건축자재 소매업,G47519,"페인트, 창호 및 기타 건설자재 소매업",41,경기도,41590,화성시,41590410,정남면,4159041039,정남면,4159041039100880004,1,대지,88,4,경기도 화성시 정남면 용수리 88-4,415903198002,경기도 화성시 정남면 가장로,196,,4159041039100880004011039,,경기도 화성시 정남면 가장로 196,445966,18512,,1,,127.001587511681,37.1656170160069
MA0101202406A0095204,태성산업,,G2,소매,G210,철물·건설자재 소매,G21003,건설/건축자재 소매업,G47519,"페인트, 창호 및 기타 건설자재 소매업",41,경기도,41220,평택시,41220660,고덕동,4122012800,고덕동,4122012800120480002,1,대지,2048,2,경기도 평택시 고덕동 2048-2,412203352098,경기도 평택시 고덕중앙로,290,,4122033029143910002000001,,경기도 평택시 고덕중앙로 290,,18014,,,,127.05299108194,37.0457093098231
MA0101202406A0149032,토탈하우징시스템,,G2,소매,G210,철물·건설자재 소매,G21003,건설/건축자재 소매업,G47519,"페인트, 창호 및 기타 건설자재 소매업",29,광주광역시,29170,북구,29170669,일곡동,2917012700,일곡동,2917012700108860002,1,대지,886,2,광주광역시 북구 일곡동 886-2,291703162062,광주광역시 북구 일곡택지로,61,,2917012700108860002014820,,광주광역시 북구 일곡택지로 61,500866,61039,,1,,126.894066954049,35.2071612053847
MA0101202406A0150650,현대타일,,G2,소매,G210,철물·건설자재 소매,G21003,건설/건축자재 소매업,G47519,"페인트, 창호 및 기타 건설자재 소매업",41,경기도,41271,안산시 상록구,41271515,이동,4127110200,이동,4127110200106760002,1,대지,676,2,경기도 안산시 상록구 이동 676-2,412713190075,경기도 안산시 상록구 항가울로,314,,4127110200106760002022815,일부좌측,경기도 안산시 상록구 항가울로 314,426862,15496,,1,,126.844242929721,37.3084384888836
MA0101202406A0176781,비타디세나레,,G2,소매,G210,철물·건설자재 소매,G21003,건설/건축자재 소매업,G47519,"페인트, 창호 및 기타 건설자재 소매업",41,경기도,41150,의정부시,41150578,송산3동,4115010600,민락동,4115010600108030002,1,대지,803,2,경기도 의정부시 민락동 803-2,411503181013,경기도 의정부시 민락로,195,,4115010600108030002000001,일부중흥에스클래스트와,경기도 의정부시 민락로 195,480090,11813,,2,,127.100490587641,37.7434208929704
MA0101202406A0120243,아키쉴드대구달서점,,G2,소매,G210,철물·건설자재 소매,G21003,건설/건축자재 소매업,G47519,"페인트, 창호 및 기타 건설자재 소매업",27,대구광역시,27290,달서구,27290585,신당동,2729012500,호산동,2729012500107080008,1,대지,708,8,대구광역시 달서구 호산동 708-8,272903147048,대구광역시 달서구 호산동로,84,15,2729012500107080008025283,,대구광역시 달서구 호산동로 84-15,704948,42713,,1,,128.487710422541,35.8427724571435
MA0101202406A0165595,중앙페인트,,G2,소매,G210,철물·건설자재 소매,G21003,건설/건축자재 소매업,G47519,"페인트, 창호 및 기타 건설자재 소매업",47,경상북도,47280,문경시,47280610,점촌5동,4728011000,모전동,4728011000108860003,1,대지,886,3,경상북도 문경시 모전동 886-3,472803018038,경상북도 문경시 당교로,180,,4728011000108860003023666,,경상북도 문경시 당교로 180,745883,36985,,,,128.182817730693,36.5844130734613
MA0101202406A0177654,지오타일,,G2,소매,G210,철물·건설자재 소매,G21003,건설/건축자재 소매업,G47519,"페인트, 창호 및 기타 건설자재 소매업",41,경기도,41670,여주시,41670510,여흥동,4167010400,우만동,4167010400102300015,1,대지,230,15,경기도 여주시 우만동 230-15,416704442223,경기도 여주시 선사1길,85,4,4167010400102300015000001,,경기도 여주시 선사1길 85-4,469104,12654,,,,127.678828127219,37.2432250915298
MA0101202406A0164445,영재타일,,G2,소매,G210,철물·건설자재 소매,G21003,건설/건축자재 소매업,G47519,"페인트, 창호 및 기타 건설자재 소매업",47,경상북도,47111,포항시 남구,47111525,상대동,4711110100,상도동,4711110100100660050,1,대지,66,50,경상북도 포항시 남구 상도동 66-50,471113303014,경상북도 포항시 남구 상공로,69,,4711110100100660050116779,,경상북도 포항시 남구 상공로 69,790827,37765,,,,129.357917434178,36.0146048062152
MA0101202406A0135311,에이치에스트레이딩,,G2,소매,G210,철물·건설자재 소매,G21003,건설/건축자재 소매업,G47519,"페인트, 창호 및 기타 건설자재 소매업",43,충청북도,43111,청주시 상당구,43111320,미원면,4311132036,미원면,4311132036105050005,1,대지,505,5,충청북도 청주시 상당구 미원면 종암리 505-5,431114014002,충청북도 청주시 상당구 미원면 종암길,30,16,4311132036200790021000001,,충청북도 청주시 상당구 미원면 종암길 30-16,360871,28195,,,,127.633232654449,36.6905799101478
MA0101202406A0096020,신영페인트,,G2,소매,G210,철물·건설자재 소매,G21003,건설/건축자재 소매업,G47519,"페인트, 창호 및 기타 건설자재 소매업",30,대전광역시,30200,유성구,30200520,진잠동,3020010100,원내동,3020010100102270001,1,대지,227,1,대전광역시 유성구 원내동 227-1,302004301416,대전광역시 유성구 진잠로140번길,71,,3020010100102270001019647,,대전광역시 유성구 진잠로140번길 71,305808,34227,,,,127.317910008372,36.3000713188715
MA0101202406A0103144,엘케이상사,,G2,소매,G210,철물·건설자재 소매,G21003,건설/건축자재 소매업,G47519,"페인트, 창호 및 기타 건설자재 소매업",41,경기도,41131,성남시 수정구,41131530,신흥3동,4113110100,신흥동,4113110100134960000,1,대지,3496,,경기도 성남시 수정구 신흥동 3496,411314334283,경기도 성남시 수정구 수정남로150번길,1,,4113110100134960000030634,,경기도 성남시 수정구 수정남로150번길 1,461812,13347,,1,,127.143900358957,37.4437242789363
MA0101202406A0106085,영신바스,,G2,소매,G210,철물·건설자재 소매,G21003,건설/건축자재 소매업,G47519,"페인트, 창호 및 기타 건설자재 소매업",41,경기도,41590,화성시,41590259,향남읍,4159025921,향남읍,4159025921101720000,1,대지,172,,경기도 화성시 향남읍 평리 172,415903012004,경기도 화성시 향남읍 삼천병마로,173,3,4159025921101610000037329,,경기도 화성시 향남읍 삼천병마로 173-3,445939,18593,,,,126.907642757279,37.1286736336009
MA0101202406A0133787,화이트페인트,,G2,소매,G210,철물·건설자재 소매,G21003,건설/건축자재 소매업,G47519,"페인트, 창호 및 기타 건설자재 소매업",41,경기도,41830,양평군,41830310,강상면,4183031024,강상면,4183031024100720001,1,대지,72,1,경기도 양평군 강상면 신화리 72-1,418303217001,경기도 양평군 강상면 강상로,399,2,4183031024100720001000001,,경기도 양평군 강상면 강상로 399-2,476911,12572,,,,127.475764013388,37.4639288409157
MA0101202210A0073350,디자인창성,,G2,소매,G210,철물·건설자재 소매,G21003,건설/건축자재 소매업,G47519,"페인트, 창호 및 기타 건설자재 소매업",47,경상북도,47930,울진군,47930250,울진읍,4793025022,울진읍,4793025022102160023,1,대지,216,23,경상북도 울진군 울진읍 읍남리 216-23,479304775093,경상북도 울진군 울진읍 말루길,76,8,4793025022200220020000001,,경상북도 울진군 울진읍 말루길 76-8,767801,36331,,,,129.404135392494,36.9873696955344
MA0101202210A0081994,노비타비데,,G2,소매,G210,철물·건설자재 소매,G21003,건설/건축자재 소매업,G47519,"페인트, 창호 및 기타 건설자재 소매업",51,강원특별자치도,51150,강릉시,51150571,포남1동,5115011100,포남동,5115011100111470003,1,대지,1147,3,강원특별자치도 강릉시 포남동 1147-3,511503000145,강원특별자치도 강릉시 경강로,2255,,4215011100111470003008078,,강원특별자치도 강릉시 경강로 2255,210955,25546,,1,,128.908529494504,37.7650895398773
MA0101202211A0001622,한결,,G2,소매,G210,철물·건설자재 소매,G21003,건설/건축자재 소매업,G47519,"페인트, 창호 및 기타 건설자재 소매업",44,충청남도,44200,아산시,44200253,배방읍,4420025325,배방읍,4420025325106420025,1,대지,642,25,충청남도 아산시 배방읍 북수리 642-25,442003253031,충청남도 아산시 배방읍 북수로,65,17,4420025325200650001006104,비에스빌,충청남도 아산시 배방읍 북수로 65-17,336851,31485,,,,127.068664918125,36.7742641551266
MA0101202210A0060937,광진타일,,G2,소매,G210,철물·건설자재 소매,G21003,건설/건축자재 소매업,G47519,"페인트, 창호 및 기타 건설자재 소매업",11,서울특별시,11350,노원구,11350630,상계1동,1135010500,상계동,1135010500110070003,1,대지,1007,3,서울특별시 노원구 상계동 1007-3,113504130246,서울특별시 노원구 동일로242길,66,,1135010500110070003008421,신선빌딩,서울특별시 노원구 동일로242길 66,139837,01628,,2,,127.05876254706,37.6743353636466
MA0101202210A0082112,블루세라,,G2,소매,G210,철물·건설자재 소매,G21003,건설/건축자재 소매업,G47519,"페인트, 창호 및 기타 건설자재 소매업",27,대구광역시,27140,동구,27140685,해안동,2714011300,부동,2714011300106310003,1,대지,631,3,대구광역시 동구 부동 631-3,271403142030,대구광역시 동구 옻골로,45,1,2714011300106310003000001,,대구광역시 동구 옻골로 45-1,701150,41055,,1,,128.681480402235,35.8945099499269
MA0101202210B0016470,청북타일,,G2,소매,G210,철물·건설자재 소매,G21003,건설/건축자재 소매업,G47519,"페인트, 창호 및 기타 건설자재 소매업",41,경기도,41220,평택시,41220259,청북읍,4122025928,청북읍,4122025928101910001,1,대지,191,1,경기도 평택시 청북읍 어연리 191-1,412203012025,경기도 평택시 청북읍 청원로,443,,4122035028101910001037197,,경기도 평택시 청북읍 청원로 443,451833,17792,,1,,126.977943373975,37.0504227052292
MA0101202210A0076989,모비텍글로벌,,G2,소매,G210,철물·건설자재 소매,G21003,건설/건축자재 소매업,G47519,"페인트, 창호 및 기타 건설자재 소매업",28,인천광역시,28237,부평구,28237648,삼산2동,2823710500,삼산동,2823710500104630003,1,대지,463,3,인천광역시 부평구 삼산동 463-3,282374262733,인천광역시 부평구 충선로209번길,41,,2823710500104630003103160,주영이레타운,인천광역시 부평구 충선로209번길 41,403866,21344,,3,,126.733906075344,37.5079523861716
MA0101202210B0030750,원행EHC,,G2,소매,G210,철물·건설자재 소매,G21003,건설/건축자재 소매업,G47519,"페인트, 창호 및 기타 건설자재 소매업",44,충청남도,44210,서산시,44210400,고북면,4421040031,고북면,4421040031102630000,1,대지,263,,충청남도 서산시 고북면 정자리 263,442104562454,충청남도 서산시 고북면 양거미길,59,,4421040031102630000096797,,충청남도 서산시 고북면 양거미길 59,356813,32028,,,,126.515200881045,36.6480589327222
MA0101202210B0045923,사사상사,,G2,소매,G210,철물·건설자재 소매,G21003,건설/건축자재 소매업,G47519,"페인트, 창호 및 기타 건설자재 소매업",52,전북특별자치도,52113,전주시 덕진구,52113570,덕진동,5211310600,덕진동2가,5211310600106720002,1,대지,672,2,전북특별자치도 전주시 덕진구 덕진동2가 672-2,521133267073,전북특별자치도 전주시 덕진구 하가로,27,,4511310600106720002000001,승구빌라,전북특별자치도 전주시 덕진구 하가로 27,561852,54890,,1,,127.111522736193,35.8445496372862
MA0101202211A0058496,삼성종합시멘트,,G2,소매,G210,철물·건설자재 소매,G21003,건설/건축자재 소매업,G47519,"페인트, 창호 및 기타 건설자재 소매업",48,경상남도,48121,창원시 의창구,48121320,대산면,4812132026,대산면,4812132026103570006,1,대지,357,6,경상남도 창원시 의창구 대산면 우암리 357-6,481213327041,경상남도 창원시 의창구 대산면 유등로,60,,4812132026103570006063717,,경상남도 창원시 의창구 대산면 유등로 60,641924,51123,,,,128.720161362523,35.3300970734579
MA0101202211A0052838,지세라믹,,G2,소매,G210,철물·건설자재 소매,G21003,건설/건축자재 소매업,G47519,"페인트, 창호 및 기타 건설자재 소매업",41,경기도,41480,파주시,41480540,교하동,4148011300,동패동,4148011300105800008,1,대지,580,8,경기도 파주시 동패동 580-8,414803206006,경기도 파주시 교하로,527,10,4148025927105800008001476,,경기도 파주시 교하로 527-10,413835,10883,,2,,126.719888740474,37.7053442567917
MA0101202211A0045246,개산건업,,G2,소매,G210,철물·건설자재 소매,G21003,건설/건축자재 소매업,G47519,"페인트, 창호 및 기타 건설자재 소매업",41,경기도,41550,안성시,41550320,금광면,4155032034,금광면,4155032034104530000,1,대지,453,,경기도 안성시 금광면 신양복리 453,415503000132,경기도 안성시 금광면 진안로,1084,,4155032034104530000012852,,경기도 안성시 금광면 진안로 1084,456862,17535,,,,127.316250410034,37.002759911914
MA0101202211A0067783,디-타일,,G2,소매,G210,철물·건설자재 소매,G21003,건설/건축자재 소매업,G47519,"페인트, 창호 및 기타 건설자재 소매업",28,인천광역시,28710,강화군,28710250,강화읍,2871025021,강화읍,2871025021100120009,1,대지,12,9,인천광역시 강화군 강화읍 신문리 12-9,287103157016,인천광역시 강화군 강화읍 남문로,68,,2871025021100120009004354,,인천광역시 강화군 강화읍 남문로 68,417943,23035,,,,126.487515967002,37.743854232302
MA0101202211A0057200,영종타일타이루뱅크,,G2,소매,G210,철물·건설자재 소매,G21003,건설/건축자재 소매업,G47519,"페인트, 창호 및 기타 건설자재 소매업",28,인천광역시,28110,중구,28110620,영종동,2811014500,중산동,2811014500113760002,1,대지,1376,2,인천광역시 중구 중산동 1376-2,281104247272,인천광역시 중구 운중로107번길,54,,2811014500113760002000001,,인천광역시 중구 운중로107번길 54,400842,22358,,,,126.54627150238,37.4986049544177
MA0101202211A0037657,여주,,G2,소매,G210,철물·건설자재 소매,G21003,건설/건축자재 소매업,G47519,"페인트, 창호 및 기타 건설자재 소매업",41,경기도,41133,성남시 중원구,41133510,성남동,4113310100,성남동,4113310100135070000,1,대지,3507,,경기도 성남시 중원구 성남동 3507,411334337262,경기도 성남시 중원구 성남대로1130번길,9,,4113310100135070000045707,비,경기도 성남시 중원구 성남대로1130번길 9,462828,13366,,,,127.130509450443,37.4308012468537
MA0101202211A0011051,현대케미칼웅촌지점,,G2,소매,G210,철물·건설자재 소매,G21003,건설/건축자재 소매업,G47519,"페인트, 창호 및 기타 건설자재 소매업",31,울산광역시,31710,울주군,31710340,웅촌면,3171034023,웅촌면,3171034023108960011,1,대지,896,11,울산광역시 울주군 웅촌면 곡천리 896-11,317104319536,울산광역시 울주군 웅촌면 서중1길,16,,3171034023102600006021392,,울산광역시 울주군 웅촌면 서중1길 16,689872,44965,,,,129.205666721525,35.4633336312837
MA0101202211B0014357,대주창호철물,,G2,소매,G210,철물·건설자재 소매,G21003,건설/건축자재 소매업,G47519,"페인트, 창호 및 기타 건설자재 소매업",41,경기도,41461,용인시 처인구,41461253,모현읍,4146125323,모현읍,4146125323108150001,1,대지,815,1,경기도 용인시 처인구 모현읍 초부리 815-1,414612012009,경기도 용인시 처인구 모현읍 백옥대로,2006,,4146131023108150001035459,,경기도 용인시 처인구 모현읍 백옥대로 2006,449851,17037,,1,,127.235902995197,37.3048819400188
MA0101202211A0073170,페인트메이트,,G2,소매,G210,철물·건설자재 소매,G21003,건설/건축자재 소매업,G47519,"페인트, 창호 및 기타 건설자재 소매업",11,서울특별시,11710,송파구,11710520,풍납2동,1171010300,풍납동,1171010300104020003,1,대지,402,3,서울특별시 송파구 풍납동 402-3,117103123023,서울특별시 송파구 올림픽로,509,,1171010300104020003024961,J빌딩,서울특별시 송파구 올림픽로 509,138879,05538,,1,,127.118380971566,37.5278706809537
MA0101202212A0017457,에스에스이비,,G2,소매,G210,철물·건설자재 소매,G21003,건설/건축자재 소매업,G47519,"페인트, 창호 및 기타 건설자재 소매업",26,부산광역시,26500,수영구,26500660,남천1동,2650010500,남천동,2650010500100080009,1,대지,8,9,부산광역시 수영구 남천동 8-9,265003138002,부산광역시 수영구 광남로,32,,2650010500100080009000965,,부산광역시 수영구 광남로 32,613814,48307,,2,,129.111160822978,35.1455185642336
MA0101202212A0018658,호성타일,,G2,소매,G210,철물·건설자재 소매,G21003,건설/건축자재 소매업,G47519,"페인트, 창호 및 기타 건설자재 소매업",48,경상남도,48850,하동군,48850250,하동읍,4885025023,하동읍,4885025023102900006,1,대지,290,6,경상남도 하동군 하동읍 비파리 290-6,488503344003,경상남도 하동군 하동읍 군청로,89,1,4885025023102900006019422,,경상남도 하동군 하동읍 군청로 89-1,667803,52333,,2,,127.757176362534,35.0628975701667
MA0101202212A0020156,조각타일,,G2,소매,G210,철물·건설자재 소매,G21003,건설/건축자재 소매업,G47519,"페인트, 창호 및 기타 건설자재 소매업",44,충청남도,44200,아산시,44200380,인주면,4420038029,인주면,4420038029102690002,1,대지,269,2,충청남도 아산시 인주면 해암리 269-2,442003253098,충청남도 아산시 인주면 현대로,818,,4420038029102690002000001,,충청남도 아산시 인주면 현대로 818,336833,31439,,,,126.887702068333,36.8302891454925
MA0101202212A0073963,죽향건축페인트,,G2,소매,G210,철물·건설자재 소매,G21003,건설/건축자재 소매업,G47519,"페인트, 창호 및 기타 건설자재 소매업",46,전라남도,46710,담양군,46710250,담양읍,4671025025,담양읍,4671025025104370004,1,대지,437,4,전라남도 담양군 담양읍 백동리 437-4,467102286001,전라남도 담양군 담양읍 죽향대로,1100,,4671025025104370004002395,,전라남도 담양군 담양읍 죽향대로 1100,517806,57349,,,,126.981253306053,35.3039024246137
MA0101202212A0079794,깨끗한욕실,,G2,소매,G210,철물·건설자재 소매,G21003,건설/건축자재 소매업,G47519,"페인트, 창호 및 기타 건설자재 소매업",41,경기도,41285,고양시 일산동구,41285600,고봉동,4128511300,성석동,4128511300109860007,1,대지,986,7,경기도 고양시 일산동구 성석동 986-7,412853193045,경기도 고양시 일산동구 성현로,92,12,4128511300109860007000001,,경기도 고양시 일산동구 성현로 92-12,410570,10312,,,,126.795489395564,37.7066348443233
MA0101202301A0011950,노루페인트여주,오학점,G2,소매,G210,철물·건설자재 소매,G21003,건설/건축자재 소매업,G47519,"페인트, 창호 및 기타 건설자재 소매업",41,경기도,41670,여주시,41670530,오학동,4167012100,오학동,4167012100103580002,1,대지,358,2,경기도 여주시 오학동 358-2,416703196001,경기도 여주시 강변북로,42,,4173025041103580002029573,,경기도 여주시 강변북로 42,469121,12639,,,,127.645439631915,37.3019604252247
MA0101202212A0035050,하이앤드,,G2,소매,G210,철물·건설자재 소매,G21003,건설/건축자재 소매업,G47519,"페인트, 창호 및 기타 건설자재 소매업",46,전라남도,46110,목포시,46110565,대성동,4611010400,대성동,4611010400100360000,1,대지,36,,전라남도 목포시 대성동 36,461103281018,전라남도 목포시 마파지로,8,,4611010400100360000039446,,전라남도 목포시 마파지로 8,530802,58712,,,,126.383569129115,34.7982484072303
MA0101202212A0080678,한성타일,,G2,소매,G210,철물·건설자재 소매,G21003,건설/건축자재 소매업,G47519,"페인트, 창호 및 기타 건설자재 소매업",41,경기도,41463,용인시 기흥구,41463510,신갈동,4146310100,신갈동,4146310100100690003,1,대지,69,3,경기도 용인시 기흥구 신갈동 69-3,414632012012,경기도 용인시 기흥구 중부대로,358,,4146310100100690003022375,,경기도 용인시 기흥구 중부대로 358,446597,17064,,,,127.10650039728,37.2712441635234
MA0101202212A0031761,공공타일,,G2,소매,G210,철물·건설자재 소매,G21003,건설/건축자재 소매업,G47519,"페인트, 창호 및 기타 건설자재 소매업",48,경상남도,48250,김해시,48250540,내외동,4825010800,내동,4825010800110800001,1,대지,1080,1,경상남도 김해시 내동 1080-1,482502335002,경상남도 김해시 금관대로,1334,,4825010800110800001088540,,경상남도 김해시 금관대로 1334,621903,50950,,1,,128.864544099885,35.2421274797849
MA0101202212A0075334,에이디세라믹,,G2,소매,G210,철물·건설자재 소매,G21003,건설/건축자재 소매업,G47519,"페인트, 창호 및 기타 건설자재 소매업",11,서울특별시,11680,강남구,11680521,논현1동,1168010800,논현동,1168010800101280005,1,대지,128,5,서울특별시 강남구 논현동 128-5,116804166126,서울특별시 강남구 논현로127길,22,,1168010800101280005027643,승욱프라자,서울특별시 강남구 논현로127길 22,135823,06112,,4,,127.029216064273,37.51287063764
MA0101202302A0047052,금비하우징,,G2,소매,G210,철물·건설자재 소매,G21003,건설/건축자재 소매업,G47519,"페인트, 창호 및 기타 건설자재 소매업",26,부산광역시,26320,북구,26320561,덕천3동,2632010400,덕천동,2632010400107760009,1,대지,776,9,부산광역시 북구 덕천동 776-9,263203132005,부산광역시 북구 덕천로,151,,2632010400107760009005025,,부산광역시 북구 덕천로 151,616815,46572,,1,,129.020900046756,35.211149161567
MA0101202302A0062717,정상종합상사,,G2,소매,G210,철물·건설자재 소매,G21003,건설/건축자재 소매업,G47519,"페인트, 창호 및 기타 건설자재 소매업",31,울산광역시,31140,남구,31140640,선암동,3114010900,선암동,3114010900105920017,1,대지,592,17,울산광역시 남구 선암동 592-17,311404310226,울산광역시 남구 두왕로22번길,9,22,3114010300100080003022735,,울산광역시 남구 두왕로22번길 9-22,680819,44774,,,,129.310079361523,35.5060546460967
MA0101202302A0028973,이솔코팅,,G2,소매,G210,철물·건설자재 소매,G21003,건설/건축자재 소매업,G47519,"페인트, 창호 및 기타 건설자재 소매업",26,부산광역시,26440,강서구,26440520,대저2동,2644010200,대저2동,2644010200131380001,1,대지,3138,1,부산광역시 강서구 대저2동 3138-1,264403136075,부산광역시 강서구 유통단지1로,50,,2644010200131380001000001,부산티플렉스,부산광역시 강서구 유통단지1로 50,618899,46721,,,,128.954182358142,35.1703220301173
MA0101202301A0066895,케이피,코리아,G2,소매,G210,철물·건설자재 소매,G21003,건설/건축자재 소매업,G47519,"페인트, 창호 및 기타 건설자재 소매업",48,경상남도,48240,사천시,48240360,곤명면,4824036022,곤명면,4824036022100460000,1,대지,46,,경상남도 사천시 곤명면 용산리 46,482404802131,경상남도 사천시 곤명면 다솔사길,273,,4824036022100460000036095,,경상남도 사천시 곤명면 다솔사길 273,664923,52503,,2,,127.927255372566,35.0831412688514
MA0101202303A0038152,고려상사,,G2,소매,G210,철물·건설자재 소매,G21003,건설/건축자재 소매업,G47519,"페인트, 창호 및 기타 건설자재 소매업",48,경상남도,48220,통영시,48220590,정량동,4822010900,정량동,4822010900113740003,1,대지,1374,3,경상남도 통영시 정량동 1374-3,482204799397,경상남도 통영시 정동4길,50,,4822010900113740003018674,충무고려페인트,경상남도 통영시 정동4길 50,650807,53050,,2,,128.43146599381,34.843495739421
MA0101202303A0038617,제비표페인트,,G2,소매,G210,철물·건설자재 소매,G21003,건설/건축자재 소매업,G47519,"페인트, 창호 및 기타 건설자재 소매업",46,전라남도,46880,장성군,46880250,장성읍,4688025024,장성읍,4688025024109020009,1,대지,902,9,전라남도 장성군 장성읍 영천리 902-9,468803299038,전라남도 장성군 장성읍 영천로,106,,4688025024109020009029046,,전라남도 장성군 장성읍 영천로 106,515805,57218,,,,126.78098992365,35.295106824465
MA0101202303A0070267,고려페인트,,G2,소매,G210,철물·건설자재 소매,G21003,건설/건축자재 소매업,G47519,"페인트, 창호 및 기타 건설자재 소매업",47,경상북도,47130,경주시,47130650,불국동,4713013100,구정동,4713013100104290007,1,대지,429,7,경상북도 경주시 구정동 429-7,471304715563,경상북도 경주시 불국장터길,11,4,4713013100104290007019359,불국공설시장,경상북도 경주시 불국장터길 11-4,780420,38129,,,,129.301174136029,35.7757567702169
MA0101202303A0088597,휴하우징,,G2,소매,G210,철물·건설자재 소매,G21003,건설/건축자재 소매업,G47519,"페인트, 창호 및 기타 건설자재 소매업",41,경기도,41610,광주시,41610560,광남1동,4161011300,목동,4161011300100910008,1,대지,91,8,경기도 광주시 목동 91-8,416104433446,경기도 광주시 진토길21번길,42,,4161011300100910006011819,,경기도 광주시 진토길21번길 42,464020,12770,,2,,127.215328255494,37.379751581498
MA0101202303A0014532,타일하우스,,G2,소매,G210,철물·건설자재 소매,G21003,건설/건축자재 소매업,G47519,"페인트, 창호 및 기타 건설자재 소매업",47,경상북도,47130,경주시,47130630,동천동,4713012600,동천동,4713012600103760004,1,대지,376,4,경상북도 경주시 동천동 376-4,471303305013,경상북도 경주시 다불로,363,,4713012600103760004000001,,경상북도 경주시 다불로 363,780933,38101,,,,129.237373759936,35.8521533136255
MA0101202303A0007320,한국상사,,G2,소매,G210,철물·건설자재 소매,G21003,건설/건축자재 소매업,G47519,"페인트, 창호 및 기타 건설자재 소매업",28,인천광역시,28200,남동구,28200550,간석3동,2820010200,간석동,2820010200107700006,1,대지,770,6,인천광역시 남동구 간석동 770-6,282004259718,인천광역시 남동구 평온로5번길,5,,2820010200107700006022613,일부,인천광역시 남동구 평온로5번길 5,405812,21513,,,,126.710703540064,37.477119533771
MA0101202303A0085661,바른페인트,,G2,소매,G210,철물·건설자재 소매,G21003,건설/건축자재 소매업,G47519,"페인트, 창호 및 기타 건설자재 소매업",52,전북특별자치도,52180,정읍시,52180565,초산동,5218010400,시기동,5218010400105170006,1,대지,517,6,전북특별자치도 정읍시 시기동 517-6,521804610150,전북특별자치도 정읍시 남산5길,26,2,4518010400105170006012046,,전북특별자치도 정읍시 남산5길 26-2,580808,56201,,,,126.849727115163,35.5601543697033
MA0101202303A0014809,유성도료공사,,G2,소매,G210,철물·건설자재 소매,G21003,건설/건축자재 소매업,G47519,"페인트, 창호 및 기타 건설자재 소매업",27,대구광역시,27290,달서구,27290625,상인2동,2729011500,상인동,2729011500114470002,1,대지,1447,2,대구광역시 달서구 상인동 1447-2,272903147008,대구광역시 달서구 상원로,39,,2729011500114470002013951,,대구광역시 달서구 상원로 39,704817,42790,,,,128.536242656293,35.8134959040904
MA0101202305A0033989,유성타일,,G2,소매,G210,철물·건설자재 소매,G21003,건설/건축자재 소매업,G47519,"페인트, 창호 및 기타 건설자재 소매업",52,전북특별자치도,52111,전주시 완산구,52111605,노송동,5211114700,서노송동,5211114700106930010,1,대지,693,10,전북특별자치도 전주시 완산구 서노송동 693-10,521113266013,전북특별자치도 전주시 완산구 권삼득로,55,2,4511114700106930010031893,,전북특별자치도 전주시 완산구 권삼득로 55-2,560914,55005,,,,127.146989205763,35.8268738790987
MA0101202303A0099535,세광세라믹,,G2,소매,G210,철물·건설자재 소매,G21003,건설/건축자재 소매업,G47519,"페인트, 창호 및 기타 건설자재 소매업",41,경기도,41610,광주시,41610550,탄벌동,4161010400,회덕동,4161010400103000013,1,대지,300,13,경기도 광주시 회덕동 300-13,416103211027,경기도 광주시 행정타운로,137,,4161010400103000013000001,호림빌딩,경기도 광주시 행정타운로 137,464100,12766,,1,,127.243798668318,37.4269727708952
MA0101202305A0077197,태민건업,,G2,소매,G210,철물·건설자재 소매,G21003,건설/건축자재 소매업,G47519,"페인트, 창호 및 기타 건설자재 소매업",27,대구광역시,27170,서구,27170650,평리4동,2717010300,평리동,2717010300111890007,1,대지,1189,7,대구광역시 서구 평리동 1189-7,271704229355,대구광역시 서구 평리로73길,54,,2717010300111890007015550,,대구광역시 서구 평리로73길 54,703846,41825,,,,128.562394806142,35.8703638605995
MA0101202303A0097712,바른바름페인트,,G2,소매,G210,철물·건설자재 소매,G21003,건설/건축자재 소매업,G47519,"페인트, 창호 및 기타 건설자재 소매업",51,강원특별자치도,51760,평창군,51760250,평창읍,5176025023,평창읍,5176025023101570010,1,대지,157,10,강원특별자치도 평창군 평창읍 하리 157-10,517603228029,강원특별자치도 평창군 평창읍 평창중앙로,42,,4276025023101570010025344,,강원특별자치도 평창군 평창읍 평창중앙로 42,232807,25376,,,,128.395701549144,37.3678193141276
MA0101202305A0021426,노화건재사,,G2,소매,G210,철물·건설자재 소매,G21003,건설/건축자재 소매업,G47519,"페인트, 창호 및 기타 건설자재 소매업",46,전라남도,46890,완도군,46890256,노화읍,4689025621,노화읍,4689025621102920003,1,대지,292,3,전라남도 완도군 노화읍 이포리 292-3,468903300008,전라남도 완도군 노화읍 노화로,749,,4689025621102910001033612,,전라남도 완도군 노화읍 노화로 749,537848,59157,,,,126.575250480547,34.1833870371639
MA0101202305A0057406,클래식플라스터,울산점,G2,소매,G210,철물·건설자재 소매,G21003,건설/건축자재 소매업,G47519,"페인트, 창호 및 기타 건설자재 소매업",31,울산광역시,31710,울주군,31710256,온양읍,3171025629,온양읍,3171025629100720004,1,대지,72,4,울산광역시 울주군 온양읍 운화리 72-4,317103173017,울산광역시 울주군 온양읍 남창강변로,28,,3171025629100720004000220,,울산광역시 울주군 온양읍 남창강변로 28,689905,44973,,1,,129.279408623884,35.4162059815205
MA0101202305A0000459,퍼스널이엔지,,G2,소매,G210,철물·건설자재 소매,G21003,건설/건축자재 소매업,G47519,"페인트, 창호 및 기타 건설자재 소매업",41,경기도,41590,화성시,41590259,향남읍,4159025926,향남읍,4159025926114670000,1,대지,1467,,경기도 화성시 향남읍 하길리 1467,415904848212,경기도 화성시 향남읍 상신하길로328번길,26,,4159025926114670000000001,,경기도 화성시 향남읍 상신하길로328번길 26,445938,18606,,,,126.913519833356,37.1163515183668
MA0101202305A0023296,전북호연타일,,G2,소매,G210,철물·건설자재 소매,G21003,건설/건축자재 소매업,G47519,"페인트, 창호 및 기타 건설자재 소매업",52,전북특별자치도,52210,김제시,52210580,교월동,5221010900,교동,5221010900101510006,1,대지,151,6,전북특별자치도 김제시 교동 151-6,522103272024,전북특별자치도 김제시 벽지산로,247,,4521010900101510006000001,,전북특별자치도 김제시 벽지산로 247,576040,54415,,,,126.876639620991,35.7974652564516
MA0101202305A0048548,황금타일,,G2,소매,G210,철물·건설자재 소매,G21003,건설/건축자재 소매업,G47519,"페인트, 창호 및 기타 건설자재 소매업",47,경상북도,47113,포항시 북구,47113665,용흥동,4711311700,용흥동,4711311700103180002,1,대지,318,2,경상북도 포항시 북구 용흥동 318-2,471133304028,경상북도 포항시 북구 용흥로,52,,4711311700103180002135851,,경상북도 포항시 북구 용흥로 52,791811,37688,,,,129.354234927896,36.0347062749237
MA0101202305A0002629,대일도기사,,G2,소매,G210,철물·건설자재 소매,G21003,건설/건축자재 소매업,G47519,"페인트, 창호 및 기타 건설자재 소매업",11,서울특별시,11140,중구,11140605,을지로동,1114015000,을지로4가,1114015000100490001,1,대지,49,1,서울특별시 중구 을지로4가 49-1,111403101006,서울특별시 중구 을지로,173,,1114015000100490001012458,,서울특별시 중구 을지로 173,100848,04545,,1,,126.997238151378,37.5667900605858
MA0101202406A0231115,세담산업,,G2,소매,G210,철물·건설자재 소매,G21003,건설/건축자재 소매업,G47519,"페인트, 창호 및 기타 건설자재 소매업",41,경기도,41370,오산시,41370560,초평동,4137011600,서동,4137011600103310000,1,대지,331,,경기도 오산시 서동 331,413703198021,경기도 오산시 서동로,163,,4137011600103310000001831,,경기도 오산시 서동로 163,447200,18104,,,,127.040593878886,37.1546081564418
MA0101202406A0245412,씨엔에코,,G2,소매,G210,철물·건설자재 소매,G21003,건설/건축자재 소매업,G47519,"페인트, 창호 및 기타 건설자재 소매업",44,충청남도,44133,천안시 서북구,44133590,부성2동,4413310400,두정동,4413310400107600000,1,대지,760,,충청남도 천안시 서북구 두정동 760,441334550517,충청남도 천안시 서북구 오성6길,40,,4413310400107600000048280,,충청남도 천안시 서북구 오성6길 40,331958,31090,,,,127.13171536846,36.8316839595169
MA0101202406A0217429,케이비디자인,,G2,소매,G210,철물·건설자재 소매,G21003,건설/건축자재 소매업,G47519,"페인트, 창호 및 기타 건설자재 소매업",29,광주광역시,29155,남구,29155700,주월2동,2915510600,주월동,2915510600106130006,1,대지,613,6,광주광역시 남구 주월동 613-6,291554283114,광주광역시 남구 금화로386번길,11,1,2915510600106130006010693,,광주광역시 남구 금화로386번길 11-1,503833,61602,,,,126.888523274278,35.1411678860639
MA0101202406A0260460,은파종합상사,,G2,소매,G210,철물·건설자재 소매,G21003,건설/건축자재 소매업,G47519,"페인트, 창호 및 기타 건설자재 소매업",46,전라남도,46130,여수시,46130570,중앙동,4613010800,교동,4613010800105210000,1,대지,521,,전라남도 여수시 교동 521,461304646103,전라남도 여수시 교동남1길,6,32,4613010800105210000025283,,전라남도 여수시 교동남1길 6-32,550803,59735,,2,,127.732454752831,34.7398893209582
MA0101202406A0219294,비엔케이,,G2,소매,G210,철물·건설자재 소매,G21003,건설/건축자재 소매업,G47519,"페인트, 창호 및 기타 건설자재 소매업",41,경기도,41590,화성시,41590340,송산면,4159034021,송산면,4159034021103180002,1,대지,318,2,경기도 화성시 송산면 사강리 318-2,415904431153,경기도 화성시 송산면 정도길,17,19,4159034021103180002000001,,경기도 화성시 송산면 정도길 17-19,445874,18551,,,,126.725409730538,37.2142980377913
MA0101202406A0235212,모두랑,,G2,소매,G210,철물·건설자재 소매,G21003,건설/건축자재 소매업,G47519,"페인트, 창호 및 기타 건설자재 소매업",41,경기도,41430,의왕시,41430530,오전동,4143010500,오전동,4143010500101950001,1,대지,195,1,경기도 의왕시 오전동 195-1,414304403151,경기도 의왕시 오전공업길,10,,4143010500101950001005338,,경기도 의왕시 오전공업길 10,437821,16071,,,,126.966600784901,37.3560656967749
MA0101202406A0284744,우연인테리어페인트,,G2,소매,G210,철물·건설자재 소매,G21003,건설/건축자재 소매업,G47519,"페인트, 창호 및 기타 건설자재 소매업",44,충청남도,44131,천안시 동남구,44131580,청룡동,4413110900,청수동,4413110900102130063,1,대지,213,63,충청남도 천안시 동남구 청수동 213-63,441314547717,충청남도 천안시 동남구 청수2길,15,,4413110900102130063029664,,충청남도 천안시 동남구 청수2길 15,330190,31189,,,,127.152614679956,36.7942899422367
MA0101202406A0313340,현인테리어,,G2,소매,G210,철물·건설자재 소매,G21003,건설/건축자재 소매업,G47519,"페인트, 창호 및 기타 건설자재 소매업",26,부산광역시,26530,사상구,26530593,모라3동,2653010200,모라동,2653010200100750008,1,대지,75,8,부산광역시 사상구 모라동 75-8,265304217144,부산광역시 사상구 모라로192번길,9,,2653010200100750008006000,백양스마트밸리,부산광역시 사상구 모라로192번길 9,617817,46935,,2,,129.00106159031,35.185317888872
MA0101202406A0310550,휴켐플러스,,G2,소매,G210,철물·건설자재 소매,G21003,건설/건축자재 소매업,G47519,"페인트, 창호 및 기타 건설자재 소매업",41,경기도,41192,부천시 원미구,41192620,중동,4119210800,중동,4119210800107320005,1,대지,732,5,경기도 부천시 원미구 중동 732-5,411924352440,경기도 부천시 원미구 장말로175번길,32,3,4119510800107320005026355,,경기도 부천시 원미구 장말로175번길 32-3,420844,14606,,,,126.761997459795,37.4946414290411
MA0101202406A0292010,건영창호,,G2,소매,G210,철물·건설자재 소매,G21003,건설/건축자재 소매업,G47519,"페인트, 창호 및 기타 건설자재 소매업",27,대구광역시,27290,달서구,27290572,용산2동,2729011100,용산동,2729011100104990010,1,대지,499,10,대구광역시 달서구 용산동 499-10,272904241351,대구광역시 달서구 성지로22길,9,,2729011100104990010004299,,대구광역시 달서구 성지로22길 9,704933,42617,,3,,128.521821093059,35.8583948199479
MA0101202406A0354702,바른페인트,,G2,소매,G210,철물·건설자재 소매,G21003,건설/건축자재 소매업,G47519,"페인트, 창호 및 기타 건설자재 소매업",26,부산광역시,26440,강서구,26440510,대저1동,2644010100,대저1동,2644010100122740003,1,대지,2274,3,부산광역시 강서구 대저1동 2274-3,264404208064,부산광역시 강서구 공항로1207번길,32,,2644010100122740003000001,,부산광역시 강서구 공항로1207번길 32,618803,46703,,,,128.98016282212,35.20933529768
MA0101202406A0279229,도재타일,,G2,소매,G210,철물·건설자재 소매,G21003,건설/건축자재 소매업,G47519,"페인트, 창호 및 기타 건설자재 소매업",26,부산광역시,26470,연제구,26470730,연산9동,2647010200,연산동,2647010200104000036,1,대지,400,36,부산광역시 연제구 연산동 400-36,264703006054,부산광역시 연제구 과정로,212,,2647010200104000036000001,도재타일,부산광역시 연제구 과정로 212,611817,47565,,4,,129.104058910783,35.1879692727478
MA0101202406A0295139,다올타일&바스,,G2,소매,G210,철물·건설자재 소매,G21003,건설/건축자재 소매업,G47519,"페인트, 창호 및 기타 건설자재 소매업",50,제주특별자치도,50110,제주시,50110610,삼양동,5011011400,삼양이동,5011011400121400011,1,대지,2140,11,제주특별자치도 제주시 삼양이동 2140-11,501103349163,제주특별자치도 제주시 원당로,1,,5011011400121400011004017,,제주특별자치도 제주시 원당로 1,690071,63318,,,,126.587866743117,33.5217959870886
MA0101202406A0313748,솔브팩토리,,G2,소매,G210,철물·건설자재 소매,G21003,건설/건축자재 소매업,G47519,"페인트, 창호 및 기타 건설자재 소매업",11,서울특별시,11530,구로구,11530510,신도림동,1153010100,신도림동,1153010100104060001,1,대지,406,1,서울특별시 구로구 신도림동 406-1,115303000028,서울특별시 구로구 경인로,577,,1153010200104060010000019,구로치안센터,서울특별시 구로구 경인로 577,152887,08212,,,,126.880910179862,37.5040744744402
MA0101202406A0304058,행복타일,,G2,소매,G210,철물·건설자재 소매,G21003,건설/건축자재 소매업,G47519,"페인트, 창호 및 기타 건설자재 소매업",52,전북특별자치도,52111,전주시 완산구,52111635,완산동,5211112400,서완산동2가,5211112400100700004,1,대지,70,4,전북특별자치도 전주시 완산구 서완산동2가 70-4,521113266053,전북특별자치도 전주시 완산구 용머리로,227,,4511112400100700004008642,,전북특별자치도 전주시 완산구 용머리로 227,560152,55047,,1,,127.13437528867,35.8084939179335
MA0101202406A0349338,한화철콘,,G2,소매,G210,철물·건설자재 소매,G21003,건설/건축자재 소매업,G47519,"페인트, 창호 및 기타 건설자재 소매업",48,경상남도,48740,창녕군,48740250,창녕읍,4874025021,창녕읍,4874025021101220001,1,대지,122,1,경상남도 창녕군 창녕읍 송현리 122-1,487403341042,경상남도 창녕군 창녕읍 척경비로,58,1,4874025021101220001000001,행복빌,경상남도 창녕군 창녕읍 척경비로 58-1,635814,50327,,2,,128.503428364869,35.5427181467189
MA0101202406A0350241,지웅타일,,G2,소매,G210,철물·건설자재 소매,G21003,건설/건축자재 소매업,G47519,"페인트, 창호 및 기타 건설자재 소매업",41,경기도,41250,동두천시,41250510,생연1동,4125010300,생연동,4125010300105060004,1,대지,506,4,경기도 동두천시 생연동 506-4,412503215066,경기도 동두천시 평화로,2514,,4125010300105060004000748,,경기도 동두천시 평화로 2514,483031,11312,,,,127.05808698574,37.9121984390718
MA0101202406A0288307,필세라믹,,G2,소매,G210,철물·건설자재 소매,G21003,건설/건축자재 소매업,G47519,"페인트, 창호 및 기타 건설자재 소매업",44,충청남도,44230,논산시,44230410,은진면,4423041027,은진면,4423041027101140004,1,대지,114,4,충청남도 논산시 은진면 와야리 114-4,442303255048,충청남도 논산시 은진면 대학로,168,,4423041027101140004012592,호필세라믹,충청남도 논산시 은진면 대학로 168,320821,32998,,1,,127.114669137399,36.1834185849116
MA0101202406A0298421,제이에이치,,G2,소매,G210,철물·건설자재 소매,G21003,건설/건축자재 소매업,G47519,"페인트, 창호 및 기타 건설자재 소매업",43,충청북도,43113,청주시 흥덕구,43113751,봉명1동,4311311500,봉명동,4311311500110880000,1,대지,1088,,충청북도 청주시 흥덕구 봉명동 1088,431133237031,충청북도 청주시 흥덕구 봉명로,178,,4311311500110880000002573,,충청북도 청주시 흥덕구 봉명로 178,361818,28562,,,,127.461287250567,36.6396997208064
MA0101202406A0356532,서울페인트,,G2,소매,G210,철물·건설자재 소매,G21003,건설/건축자재 소매업,G47519,"페인트, 창호 및 기타 건설자재 소매업",51,강원특별자치도,51150,강릉시,51150250,주문진읍,5115025022,주문진읍,5115025022102000012,1,대지,200,12,강원특별자치도 강릉시 주문진읍 교항리 200-12,511503220039,강원특별자치도 강릉시 주문진읍 주문로,43,,4215025022102000012029706,,강원특별자치도 강릉시 주문진읍 주문로 43,210801,25419,,,,128.825464883605,37.8877042749758
MA0101202406A0297294,풍산산업개발,,G2,소매,G210,철물·건설자재 소매,G21003,건설/건축자재 소매업,G47519,"페인트, 창호 및 기타 건설자재 소매업",41,경기도,41610,광주시,41610550,탄벌동,4161010500,탄벌동,4161010500103320011,1,대지,332,11,경기도 광주시 탄벌동 332-11,416104433466,경기도 광주시 탄벌길46번길,15,27,4161010500103320011000001,,경기도 광주시 탄벌길46번길 15-27,464100,12747,,,,127.241567641401,37.4217965115472
MA0101202406A0311632,더수정타일,,G2,소매,G210,철물·건설자재 소매,G21003,건설/건축자재 소매업,G47519,"페인트, 창호 및 기타 건설자재 소매업",27,대구광역시,27260,수성구,27260610,중동,2726010800,중동,2726010800100800015,1,대지,80,15,대구광역시 수성구 중동 80-15,272603146008,대구광역시 수성구 들안로,177,,2726010800100800015010349,,대구광역시 수성구 들안로 177,706837,42151,,,,128.616466502322,35.8457590279434
MA0101202406A0304725,새빛엔유,,G2,소매,G210,철물·건설자재 소매,G21003,건설/건축자재 소매업,G47519,"페인트, 창호 및 기타 건설자재 소매업",11,서울특별시,11500,강서구,11500603,가양1동,1150010500,마곡동,1150010500107740001,1,대지,774,1,서울특별시 강서구 마곡동 774-1,115002005007,서울특별시 강서구 공항대로,209,,1150010500100000000000006,지엠지엘스타,서울특별시 강서구 공항대로 209,157805,07802,,6,,126.830898006261,37.5597583523047
MA0101202406A0322324,현대위생도기타일,,G2,소매,G210,철물·건설자재 소매,G21003,건설/건축자재 소매업,G47519,"페인트, 창호 및 기타 건설자재 소매업",27,대구광역시,27200,남구,27200586,대명3동,2720010300,대명동,2720010300122810001,1,대지,2281,1,대구광역시 남구 대명동 2281-1,272004232146,대구광역시 남구 명덕로8길,25,,2720010300122810001008794,,대구광역시 남구 명덕로8길 25,705823,42400,,,,128.57529880355,35.8583452294547
MA0101202406A0290187,대박타일,,G2,소매,G210,철물·건설자재 소매,G21003,건설/건축자재 소매업,G47519,"페인트, 창호 및 기타 건설자재 소매업",41,경기도,41450,하남시,41450520,신장1동,4145010600,신장동,4145010600104250011,1,대지,425,11,경기도 하남시 신장동 425-11,414504406161,경기도 하남시 신장1로33번길,66,,4145010600104250011005534,,경기도 하남시 신장1로33번길 66,465811,12957,,1,,127.20756408127,37.5406589354245
MA0101202406A0443395,대호종합상사,,G2,소매,G210,철물·건설자재 소매,G21003,건설/건축자재 소매업,G47519,"페인트, 창호 및 기타 건설자재 소매업",48,경상남도,48730,함안군,48730253,칠원읍,4873025325,칠원읍,4873025325102630002,1,대지,263,2,경상남도 함안군 칠원읍 오곡리 263-2,487304820567,경상남도 함안군 칠원읍 호곡3길,18,,4873025325102630002000001,,경상남도 함안군 칠원읍 호곡3길 18,637924,52020,,,,128.514088900798,35.2778159059
MA0101202406A0383555,리데레홈케어,,G2,소매,G210,철물·건설자재 소매,G21003,건설/건축자재 소매업,G47519,"페인트, 창호 및 기타 건설자재 소매업",41,경기도,41117,수원시 영통구,41117550,원천동,4111710200,원천동,4111710200104710000,1,대지,471,,경기도 수원시 영통구 원천동 471,411174331168,경기도 수원시 영통구 중부대로448번길,97,,4111710200104710000003574,C14삼성테크노파크,경기도 수원시 영통구 중부대로448번길 97,443824,16521,,2,,127.059424989193,37.2665016340233
MA0101202406A0462729,중앙상사,,G2,소매,G210,철물·건설자재 소매,G21003,건설/건축자재 소매업,G47519,"페인트, 창호 및 기타 건설자재 소매업",44,충청남도,44133,천안시 서북구,44133520,성정2동,4413310200,성정동,4413310200106300008,1,대지,630,8,충청남도 천안시 서북구 성정동 630-8,441332250001,충청남도 천안시 서북구 동서대로,170,,4413310200106300008050443,,충청남도 천안시 서북구 동서대로 170,331936,31135,,,,127.142038916466,36.8252471771647
MA0101202406A0427209,해밀,,G2,소매,G210,철물·건설자재 소매,G21003,건설/건축자재 소매업,G47519,"페인트, 창호 및 기타 건설자재 소매업",44,충청남도,44131,천안시 동남구,44131560,일봉동,4413111400,다가동,4413111400103670009,1,대지,367,9,충청남도 천안시 동남구 다가동 367-9,441314547120,충청남도 천안시 동남구 다가12길,27,,4413111400103670009026174,,충청남도 천안시 동남구 다가12길 27,330110,31154,,1,,127.142901286081,36.8007449621691
MA0101202406A0419879,로사&일루미네이션losa&illumination,,G2,소매,G210,철물·건설자재 소매,G21003,건설/건축자재 소매업,G47519,"페인트, 창호 및 기타 건설자재 소매업",43,충청북도,43114,청주시 청원구,43114310,북이면,4311431040,북이면,4311431040105670003,1,대지,567,3,충청북도 청주시 청원구 북이면 용계리 567-3,431144520189,충청북도 청주시 청원구 북이면 대율내추길,21,,4371043040105650008000001,,충청북도 청주시 청원구 북이면 대율내추길 21,363923,28137,,,,127.520938322979,36.7485792174574
MA0101202406A0419933,청솔전기자재,,G2,소매,G210,철물·건설자재 소매,G21003,건설/건축자재 소매업,G47519,"페인트, 창호 및 기타 건설자재 소매업",41,경기도,41220,평택시,41220340,오성면,4122034023,오성면,4122034023100150023,1,대지,15,23,경기도 평택시 오성면 신리 15-23,412204364371,경기도 평택시 오성면 신4리길,35,,4122034023100150010221895,청한전기,경기도 평택시 오성면 신4리길 35,451871,17927,,,,127.020559875036,37.002873070777
MA0101202406A0459801,재원상사,,G2,소매,G210,철물·건설자재 소매,G21003,건설/건축자재 소매업,G47519,"페인트, 창호 및 기타 건설자재 소매업",41,경기도,41410,군포시,41410550,산본2동,4141010400,산본동,4141010400110610001,1,대지,1061,1,경기도 군포시 산본동 1061-1,414103012052,경기도 군포시 고산로,683,,4141010400110610001008946,현대아카데미센터,경기도 군포시 고산로 683,435849,15802,,10,,126.934373392547,37.3713966937476
MA0101202406A0374990,화천타일,,G2,소매,G210,철물·건설자재 소매,G21003,건설/건축자재 소매업,G47519,"페인트, 창호 및 기타 건설자재 소매업",51,강원특별자치도,51790,화천군,51790250,화천읍,5179025022,화천읍,5179025022100210014,1,대지,21,14,강원특별자치도 화천군 화천읍 하리 21-14,517903231023,강원특별자치도 화천군 화천읍 중앙로,38,,4279025022000210014005400,,강원특별자치도 화천군 화천읍 중앙로 38,209804,24127,,2,,127.707845923037,38.1032036202472
MA0101202406A0403864,삼화페인트전주점총판,,G2,소매,G210,철물·건설자재 소매,G21003,건설/건축자재 소매업,G47519,"페인트, 창호 및 기타 건설자재 소매업",52,전북특별자치도,52113,전주시 덕진구,52113525,진북동,5211310200,진북동,5211310200103310002,1,대지,331,2,전북특별자치도 전주시 덕진구 진북동 331-2,521133267044,전북특별자치도 전주시 덕진구 안덕원로,115,,4511310200103310002030978,,전북특별자치도 전주시 덕진구 안덕원로 115,561835,54929,,1,,127.14202708443,35.830728219412
MA0101202406A0409660,인바스,,G2,소매,G210,철물·건설자재 소매,G21003,건설/건축자재 소매업,G47519,"페인트, 창호 및 기타 건설자재 소매업",41,경기도,41590,화성시,41590340,송산면,4159034032,송산면,4159034032101410013,1,대지,141,13,경기도 화성시 송산면 지화리 141-13,415904430763,경기도 화성시 송산면 송산서로239번길,39,1,4159034032101410013000001,사무동,경기도 화성시 송산면 송산서로239번길 39-1,445872,18545,,2,,126.689483638434,37.21665114081
MA0101202406A0384127,담우,,G2,소매,G210,철물·건설자재 소매,G21003,건설/건축자재 소매업,G47519,"페인트, 창호 및 기타 건설자재 소매업",11,서울특별시,11500,강서구,11500640,방화2동,1150010900,방화동,1150010900105970009,1,대지,597,9,서울특별시 강서구 방화동 597-9,115003115002,서울특별시 강서구 금낭화로,40,1,1150010900105970009001765,,서울특별시 강서구 금낭화로 40-1,157851,07607,,1,,126.811883320487,37.5689557764566
MA0101202406A0370826,삼화페인트앤던에드워드페인트,,G2,소매,G210,철물·건설자재 소매,G21003,건설/건축자재 소매업,G47519,"페인트, 창호 및 기타 건설자재 소매업",50,제주특별자치도,50110,제주시,50110580,용담2동,5011010900,용담이동,5011010900127080029,1,대지,2708,29,제주특별자치도 제주시 용담이동 2708-29,501103349154,제주특별자치도 제주시 용문로,116,1,5011010900127080029000001,,제주특별자치도 제주시 용문로 116-1,690822,63162,,,,126.508767083355,33.505396141449
MA0101202406A0383046,타일,데일리,G2,소매,G210,철물·건설자재 소매,G21003,건설/건축자재 소매업,G47519,"페인트, 창호 및 기타 건설자재 소매업",30,대전광역시,30170,서구,30170660,둔산3동,3017011200,둔산동,3017011200121470000,1,대지,2147,,대전광역시 서구 둔산동 2147,301703166018,대전광역시 서구 둔산남로,209,,3017011200121470000022515,,대전광역시 서구 둔산남로 209,302841,35250,,1,,127.400792032976,36.3491797412393
MA0101202406A0458993,한결,,G2,소매,G210,철물·건설자재 소매,G21003,건설/건축자재 소매업,G47519,"페인트, 창호 및 기타 건설자재 소매업",41,경기도,41410,군포시,41410620,광정동,4141010400,산본동,4141010400111200000,1,대지,1120,,경기도 군포시 산본동 1120,414104400235,경기도 군포시 산본로369번길,16,,4141010400111200000006478,주몽마을주공10단지,경기도 군포시 산본로369번길 16,435709,15824,,,,126.929222339352,37.3625546557112
MA0101202406A0390786,다팔아,,G2,소매,G210,철물·건설자재 소매,G21003,건설/건축자재 소매업,G47519,"페인트, 창호 및 기타 건설자재 소매업",11,서울특별시,11590,동작구,11590680,신대방2동,1159010900,신대방동,1159010900103600166,1,대지,360,166,서울특별시 동작구 신대방동 360-166,115904157549,서울특별시 동작구 여의대방로22카길,23,7,1159010900103600166000450,,서울특별시 동작구 여의대방로22카길 23-7,156848,07060,,,,126.926268368773,37.4971557286342
MA0101202406A0423730,타일명가,,G2,소매,G210,철물·건설자재 소매,G21003,건설/건축자재 소매업,G47519,"페인트, 창호 및 기타 건설자재 소매업",28,인천광역시,28260,서구,28260575,신현원창동,2826011100,원창동,2826011100103810048,1,대지,381,48,인천광역시 서구 원창동 381-48,282604790432,인천광역시 서구 북항로32번안길,41,,2826011100103810048000001,건원프라자,인천광역시 서구 북항로32번안길 41,404210,22769,,4,,126.646697648165,37.5095257415149
MA0101202406A0454838,원탑,,G2,소매,G210,철물·건설자재 소매,G21003,건설/건축자재 소매업,G47519,"페인트, 창호 및 기타 건설자재 소매업",41,경기도,41480,파주시,41480510,금촌1동,4148010100,금촌동,4148010100100650025,1,대지,65,25,경기도 파주시 금촌동 65-25,414804418078,경기도 파주시 금정20길,19,,4148010100100650025031114,세성빌딩,경기도 파주시 금정20길 19,413011,10929,,5,,126.77448994109,37.7618439402716
MA0101202406A0535314,미라클수,,G2,소매,G210,철물·건설자재 소매,G21003,건설/건축자재 소매업,G47519,"페인트, 창호 및 기타 건설자재 소매업",26,부산광역시,26410,금정구,26410690,구서2동,2641010700,구서동,2641010700106370006,1,대지,637,6,부산광역시 금정구 구서동 637-6,264103130022,부산광역시 금정구 금강로,585,,2641010700106370006033666,,부산광역시 금정구 금강로 585,609312,46228,,6,,129.087420108243,35.2596462877477
MA0101202406A0473183,의령페인트방수,,G2,소매,G210,철물·건설자재 소매,G21003,건설/건축자재 소매업,G47519,"페인트, 창호 및 기타 건설자재 소매업",48,경상남도,48720,의령군,48720250,의령읍,4872025022,의령읍,4872025022103900018,1,대지,390,18,경상남도 의령군 의령읍 중동리 390-18,487203339041,경상남도 의령군 의령읍 충익로,36,,4872025022103960007018317,,경상남도 의령군 의령읍 충익로 36,636805,52148,,,,128.262114938711,35.319236753373
MA0101202406A0539736,반호,,G2,소매,G210,철물·건설자재 소매,G21003,건설/건축자재 소매업,G47519,"페인트, 창호 및 기타 건설자재 소매업",11,서울특별시,11260,중랑구,11260630,묵2동,1126010400,묵동,1126010400102390077,1,대지,239,77,서울특별시 중랑구 묵동 239-77,112603000001,서울특별시 중랑구 동일로,897,,1126010400102390077008143,블루포스,서울특별시 중랑구 동일로 897,131852,02006,,8,,127.077218570203,37.6106341573915
MA0101202406A0485264,컬러프렌즈,,G2,소매,G210,철물·건설자재 소매,G21003,건설/건축자재 소매업,G47519,"페인트, 창호 및 기타 건설자재 소매업",41,경기도,41465,용인시 수지구,41465510,풍덕천1동,4146510100,풍덕천동,4146510100107420001,1,대지,742,1,경기도 용인시 수지구 풍덕천동 742-1,414654415170,경기도 용인시 수지구 풍덕천로197번길,3,7,4146510100107420001025308,,경기도 용인시 수지구 풍덕천로197번길 3-7,448554,16832,,,,127.101828826766,37.3269413359281
MA0101202406A0485394,삼화페인트,중리점,G2,소매,G210,철물·건설자재 소매,G21003,건설/건축자재 소매업,G47519,"페인트, 창호 및 기타 건설자재 소매업",30,대전광역시,30230,대덕구,30230546,중리동,3023010900,중리동,3023010900102370002,1,대지,237,2,대전광역시 대덕구 중리동 237-2,302302010004,대전광역시 대덕구 한밭대로,1148,,3023010900102370002015625,,대전광역시 대덕구 한밭대로 1148,306826,34427,,,,127.426042670874,36.3586448165295
MA0101202406A0542104,케이시지,,G2,소매,G210,철물·건설자재 소매,G21003,건설/건축자재 소매업,G47519,"페인트, 창호 및 기타 건설자재 소매업",11,서울특별시,11710,송파구,11710620,가락본동,1171010700,가락동,1171010700100990005,1,대지,99,5,서울특별시 송파구 가락동 99-5,117103123016,서울특별시 송파구 중대로,97,,1171010700100990005007137,,서울특별시 송파구 중대로 97,138720,05719,,5,,127.119309973945,37.4931720818008
MA0101202406A0492566,체리세라,,G2,소매,G210,철물·건설자재 소매,G21003,건설/건축자재 소매업,G47519,"페인트, 창호 및 기타 건설자재 소매업",28,인천광역시,28177,미추홀구,28177560,용현3동,2817710200,용현동,2817710200104510063,1,대지,451,63,인천광역시 미추홀구 용현동 451-63,281772008004,인천광역시 미추홀구 인주대로,148,,2817710200104510063000001,효성해링턴타워,인천광역시 미추홀구 인주대로 148,402830,22182,,10,,126.653403325061,37.4559718839144
MA0101202406A0507569,해송페인트,구미점,G2,소매,G210,철물·건설자재 소매,G21003,건설/건축자재 소매업,G47519,"페인트, 창호 및 기타 건설자재 소매업",47,경상북도,47190,구미시,47190565,선주원남동,4719010400,봉곡동,4719010400102500005,1,대지,250,5,경상북도 구미시 봉곡동 250-5,471904724311,경상북도 구미시 봉곡남로3길,8,,4719010400102500005023610,,경상북도 구미시 봉곡남로3길 8,730808,39204,,1,,128.305666727327,36.1516799379352
MA0101202406A0529596,광우,,G2,소매,G210,철물·건설자재 소매,G21003,건설/건축자재 소매업,G47519,"페인트, 창호 및 기타 건설자재 소매업",48,경상남도,48310,거제시,48310530,능포동,4831010100,능포동,4831010100107010039,1,대지,701,39,경상남도 거제시 능포동 701-39,483104811481,경상남도 거제시 옥수로3길,1,8,4831010100107010039039104,,경상남도 거제시 옥수로3길 1-8,656900,53316,,,,128.729875848765,34.8746670901981
MA0101202406A0537575,이스트메가그룹,,G2,소매,G210,철물·건설자재 소매,G21003,건설/건축자재 소매업,G47519,"페인트, 창호 및 기타 건설자재 소매업",11,서울특별시,11680,강남구,11680640,역삼1동,1168010100,역삼동,1168010100106420003,1,대지,642,3,서울특별시 강남구 역삼동 642-3,116804166726,서울특별시 강남구 테헤란로25길,6,9,1168010100106420003000001,석암빌딩,서울특별시 강남구 테헤란로25길 6-9,135910,06132,,4,,127.035917885787,37.5012998857024
MA0101202406A0498653,광페인트,,G2,소매,G210,철물·건설자재 소매,G21003,건설/건축자재 소매업,G47519,"페인트, 창호 및 기타 건설자재 소매업",51,강원특별자치도,51820,고성군,51820330,토성면,5182033035,토성면,5182033035100420018,1,대지,42,18,강원특별자치도 고성군 토성면 봉포리 42-18,518204502378,강원특별자치도 고성군 토성면 광포길,13,,4282033035100420018015315,,강원특별자치도 고성군 토성면 광포길 13,219832,24765,,,,128.568302221623,38.2446576139125
MA0101202406A0513760,삼화페인트,,G2,소매,G210,철물·건설자재 소매,G21003,건설/건축자재 소매업,G47519,"페인트, 창호 및 기타 건설자재 소매업",52,전북특별자치도,52180,정읍시,52180510,수성동,5218010100,수성동,5218010100105460002,1,대지,546,2,전북특별자치도 정읍시 수성동 546-2,521803270061,전북특별자치도 정읍시 중앙로,97,,4518010100105460002082611,,전북특별자치도 정읍시 중앙로 97,580803,56161,,,,126.850329091505,35.5686002826743
MA0101202406A0505161,삼화페인트,,G2,소매,G210,철물·건설자재 소매,G21003,건설/건축자재 소매업,G47519,"페인트, 창호 및 기타 건설자재 소매업",26,부산광역시,26230,부산진구,26230610,전포2동,2623010200,전포동,2623010200101930023,1,대지,193,23,부산광역시 부산진구 전포동 193-23,262302006005,부산광역시 부산진구 전포대로,262,,2623010200101930023047217,한일빌딩,부산광역시 부산진구 전포대로 262,614865,47301,,1,,129.065622122552,35.1599653584448
MA0101202406A0470106,제이테크,,G2,소매,G210,철물·건설자재 소매,G21003,건설/건축자재 소매업,G47519,"페인트, 창호 및 기타 건설자재 소매업",48,경상남도,48123,창원시 성산구,48123550,가음정동,4812313100,가음동,4812313100100330006,1,대지,33,6,경상남도 창원시 성산구 가음동 33-6,481234784016,경상남도 창원시 성산구 가음로64번길,8,1,4812313100100330006033698,,경상남도 창원시 성산구 가음로64번길 8-1,642801,51486,,,,128.701451494013,35.2069592336843
MA0101202406A0558290,이노벨커머스,,G2,소매,G210,철물·건설자재 소매,G21003,건설/건축자재 소매업,G47519,"페인트, 창호 및 기타 건설자재 소매업",11,서울특별시,11200,성동구,11200660,성수1가2동,1120011400,성수동1가,1120011400106560591,1,대지,656,591,서울특별시 성동구 성수동1가 656-591,112004109310,서울특별시 성동구 상원1길,26,,1120011400106560591008144,서울숲A타워,서울특별시 성동구 상원1길 26,133823,04779,,,,127.048443528868,37.5462013733378
MA0101202406A0561722,국보세라믹,,G2,소매,G210,철물·건설자재 소매,G21003,건설/건축자재 소매업,G47519,"페인트, 창호 및 기타 건설자재 소매업",27,대구광역시,27230,북구,27230770,읍내동,2723011800,읍내동,2723011800102500000,1,대지,250,,대구광역시 북구 읍내동 250,272303145009,대구광역시 북구 관음로,289,,2723011800102500000047863,,대구광역시 북구 관음로 289,702848,41400,,1,,128.551335019401,35.9537908629142
MA0101202406A0558403,용바스,,G2,소매,G210,철물·건설자재 소매,G21003,건설/건축자재 소매업,G47519,"페인트, 창호 및 기타 건설자재 소매업",41,경기도,41590,화성시,41590530,병점1동,4159011700,병점동,4159011700104700004,1,대지,470,4,경기도 화성시 병점동 470-4,415903210046,경기도 화성시 병점1로,40,,4159011700104700005000001,,경기도 화성시 병점1로 40,445360,18412,,,,127.038918186639,37.2017248952138
MA0101202406A0560583,페인트월드,,G2,소매,G210,철물·건설자재 소매,G21003,건설/건축자재 소매업,G47519,"페인트, 창호 및 기타 건설자재 소매업",46,전라남도,46230,광양시,46230250,광양읍,4623025023,광양읍,4623025023101850004,1,대지,185,4,전라남도 광양시 광양읍 칠성리 185-4,462303285044,전라남도 광양시 광양읍 칠성로,48,1,4623025023101850004008327,,전라남도 광양시 광양읍 칠성로 48-1,545808,57742,,1,,127.583798352174,34.9787131006789
MA0101202406A0565268,타일포트,,G2,소매,G210,철물·건설자재 소매,G21003,건설/건축자재 소매업,G47519,"페인트, 창호 및 기타 건설자재 소매업",29,광주광역시,29200,광산구,29200640,하남동,2920012400,흑석동,2920012400107250000,1,대지,725,,광주광역시 광산구 흑석동 725,292004855435,광주광역시 광산구 하남울로공원2길,1,,2920012400108050000000001,,광주광역시 광산구 하남울로공원2길 1,506250,62232,,1,,126.802118811346,35.1826101810192
MA0101202406A0552706,디오그린,,G2,소매,G210,철물·건설자재 소매,G21003,건설/건축자재 소매업,G47519,"페인트, 창호 및 기타 건설자재 소매업",51,강원특별자치도,51110,춘천시,51110400,남산면,5111040024,남산면,5111040024104320011,1,대지,432,11,강원특별자치도 춘천시 남산면 수동리 432-11,511103218044,강원특별자치도 춘천시 남산면 한치로,208,,4211040024104320011046650,,강원특별자치도 춘천시 남산면 한치로 208,200915,24465,,,,127.653447388195,37.7816006230015
MA0101202406A0555342,삼보건설,,G2,소매,G210,철물·건설자재 소매,G21003,건설/건축자재 소매업,G47519,"페인트, 창호 및 기타 건설자재 소매업",52,전북특별자치도,52720,진안군,52720250,진안읍,5272025021,진안읍,5272025021109350001,1,대지,935,1,전북특별자치도 진안군 진안읍 군상리 935-1,527204622070,전북특별자치도 진안군 진안읍 당산길,10,,4572025021109350001023258,,전북특별자치도 진안군 진안읍 당산길 10,567805,55428,,,,127.425144377541,35.7922165388042
MA0101202406A0590882,전남유통,,G2,소매,G210,철물·건설자재 소매,G21003,건설/건축자재 소매업,G47519,"페인트, 창호 및 기타 건설자재 소매업",46,전라남도,46830,영암군,46830253,삼호읍,4683025329,삼호읍,4683025329105350005,1,대지,535,5,전라남도 영암군 삼호읍 용당리 535-5,468303295120,전라남도 영암군 삼호읍 용당로,320,11,4683025329105350005000001,,전라남도 영암군 삼호읍 용당로 320-11,526896,58448,,,,126.393765882175,34.7666785841207
MA0101202406A0592240,한울산업,,G2,소매,G210,철물·건설자재 소매,G21003,건설/건축자재 소매업,G47519,"페인트, 창호 및 기타 건설자재 소매업",41,경기도,41590,화성시,41590370,장안면,4159037028,장안면,4159037028104400002,1,대지,440,2,경기도 화성시 장안면 금의리 440-2,415904860803,경기도 화성시 장안면 수정고개길202번길,96,,4159037028104400002000001,,경기도 화성시 장안면 수정고개길202번길 96,445941,18580,,,,126.830397332912,37.1041874864305
MA0101202406A0599386,케이팩솔루션에스지,,G2,소매,G210,철물·건설자재 소매,G21003,건설/건축자재 소매업,G47519,"페인트, 창호 및 기타 건설자재 소매업",11,서울특별시,11680,강남구,11680650,역삼2동,1168010100,역삼동,1168010100107740037,1,대지,774,37,서울특별시 강남구 역삼동 774-37,116804166613,서울특별시 강남구 언주로71길,13,,1168010100107740037024426,선광빌딩,서울특별시 강남구 언주로71길 13,135928,06226,,2,,127.043888414426,37.4971525649614
MA0101202406A0554621,파크하우징,,G2,소매,G210,철물·건설자재 소매,G21003,건설/건축자재 소매업,G47519,"페인트, 창호 및 기타 건설자재 소매업",41,경기도,41173,안양시 동안구,41173559,인덕원동,4117310200,관양동,4117310200109540001,1,대지,954,1,경기도 안양시 동안구 관양동 954-1,411734349232,경기도 안양시 동안구 흥안대로427번길,16,,4117310200109540001000001,평촌디지털엠파이어,경기도 안양시 동안구 흥안대로427번길 16,431804,14059,,2,,126.973766665136,37.3930095391996
MA0101202406A0553559,진영기업,,G2,소매,G210,철물·건설자재 소매,G21003,건설/건축자재 소매업,G47519,"페인트, 창호 및 기타 건설자재 소매업",46,전라남도,46130,여수시,46130810,주삼동,4613013800,주삼동,4613013800107710009,1,대지,771,9,전라남도 여수시 주삼동 771-9,461303282070,전라남도 여수시 주동로,122,,4613013800107710009000001,,전라남도 여수시 주동로 122,555130,59633,,3,,127.653774930819,34.7892379022068
MA0101202406A0557105,빅앤빅부산지사,,G2,소매,G210,철물·건설자재 소매,G21003,건설/건축자재 소매업,G47519,"페인트, 창호 및 기타 건설자재 소매업",26,부산광역시,26290,남구,26290530,대연3동,2629010600,대연동,2629010600100720007,1,대지,72,7,부산광역시 남구 대연동 72-7,262903131037,부산광역시 남구 수영로,298,,2629010600100720007027187,산암빌딩,부산광역시 남구 수영로 298,608805,48499,,10,,129.099038455219,35.1365825118577
MA0101202409A0076280,한탑산업,,G2,소매,G210,철물·건설자재 소매,G21003,건설/건축자재 소매업,G47519,"페인트, 창호 및 기타 건설자재 소매업",48,경상남도,48125,창원시 마산합포구,48125640,합포동,4812511900,상남동,4812511900103230025,1,대지,323,25,경상남도 창원시 마산합포구 상남동 323-25,481252019003,경상남도 창원시 마산합포구 315대로,404,3,4812511900103230025031741,,경상남도 창원시 마산합포구 315대로 404-3,631858,51724,,,,128.575311742215,35.210604167425
MA0101202409A0011443,케이바스,,G2,소매,G210,철물·건설자재 소매,G21003,건설/건축자재 소매업,G47519,"페인트, 창호 및 기타 건설자재 소매업",28,인천광역시,28245,계양구,28245730,계양3동,2824511200,상야동,2824511200100100008,1,대지,10,8,인천광역시 계양구 상야동 10-8,282453155044,인천광역시 계양구 벌말로,574,,2824511200100100008158780,,인천광역시 계양구 벌말로 574,407390,21009,,,,126.779694314146,37.5793786464603
MA0101202409A0021054,벽산페인트상사,,G2,소매,G210,철물·건설자재 소매,G21003,건설/건축자재 소매업,G47519,"페인트, 창호 및 기타 건설자재 소매업",29,광주광역시,29170,북구,29170535,중흥동,2917010100,중흥동,2917010100103690001,1,대지,369,1,광주광역시 북구 중흥동 369-1,291703162056,광주광역시 북구 우치로,28,,2917010100103690001007859,,광주광역시 북구 우치로 28,500872,61212,,5,,126.911294309712,35.1699761301395
MA0101202409A0017119,제이디페인트,,G2,소매,G210,철물·건설자재 소매,G21003,건설/건축자재 소매업,G47519,"페인트, 창호 및 기타 건설자재 소매업",47,경상북도,47113,포항시 북구,47113690,두호동,4711312000,두호동,4711312000110760000,1,대지,1076,,경상북도 포항시 북구 두호동 1076,471134712296,경상북도 포항시 북구 삼흥로100번길,54,,4711312000110760000116187,현대종합시장,경상북도 포항시 북구 삼흥로100번길 54,791804,37608,,1,,129.383510923727,36.0686082724774
MA0101202409A0024124,이노벨,,G2,소매,G210,철물·건설자재 소매,G21003,건설/건축자재 소매업,G47519,"페인트, 창호 및 기타 건설자재 소매업",11,서울특별시,11140,중구,11140590,광희동,1114014500,광희동1가,1114014500101820039,1,대지,182,39,서울특별시 중구 광희동1가 182-39,111403101002,서울특별시 중구 마른내로,167,42,1114014500101820039014192,,서울특별시 중구 마른내로 167-42,100411,04561,,,,127.006734689753,37.5651681079436
MA0101202409A0071336,한창하우징,,G2,소매,G210,철물·건설자재 소매,G21003,건설/건축자재 소매업,G47519,"페인트, 창호 및 기타 건설자재 소매업",28,인천광역시,28200,남동구,28200521,구월3동,2820010100,구월동,2820010100111290019,1,대지,1129,19,인천광역시 남동구 구월동 1129-19,282003153035,인천광역시 남동구 미래로,17,,2820010100111290019005260,이노프라자,인천광역시 남동구 미래로 17,405223,21558,,4,,126.704077149008,37.4516586462048
MA0101202409A0137022,성진도장공사,,G2,소매,G210,철물·건설자재 소매,G21003,건설/건축자재 소매업,G47519,"페인트, 창호 및 기타 건설자재 소매업",48,경상남도,48250,김해시,48250590,삼안동,4825011900,삼방동,4825011900101870005,1,대지,187,5,경상남도 김해시 삼방동 187-5,482504805900,경상남도 김해시 활천로285번길,34,,4825011900101870005086918,,경상남도 김해시 활천로285번길 34,621909,50817,,,,128.909145446104,35.246009897967
MA0101202409A0117126,성풍페인트,,G2,소매,G210,철물·건설자재 소매,G21003,건설/건축자재 소매업,G47519,"페인트, 창호 및 기타 건설자재 소매업",48,경상남도,48170,진주시,48170740,가호동,4817013100,가좌동,4817013100114410013,1,대지,1441,13,경상남도 진주시 가좌동 1441-13,481704796009,경상남도 진주시 가좌길44번길,16,,4817013100114400016409748,,경상남도 진주시 가좌길44번길 16,660300,52822,,,,128.106727140787,35.1577064658593
MA0101202409A0097599,삼진,,G2,소매,G210,철물·건설자재 소매,G21003,건설/건축자재 소매업,G47519,"페인트, 창호 및 기타 건설자재 소매업",48,경상남도,48121,창원시 의창구,48121540,봉림동,4812112700,봉곡동,4812112700101630011,1,대지,163,11,경상남도 창원시 의창구 봉곡동 163-11,481213327024,경상남도 창원시 의창구 사림로,1,,4812112700101630011009916,,경상남도 창원시 의창구 사림로 1,641823,51147,,1,,128.673970352557,35.2450584425634
MA0101202409A0116012,페인트종합건설,,G2,소매,G210,철물·건설자재 소매,G21003,건설/건축자재 소매업,G47519,"페인트, 창호 및 기타 건설자재 소매업",41,경기도,41500,이천시,41500510,창전동,4150010100,창전동,4150010100104340024,1,대지,434,24,경기도 이천시 창전동 434-24,415003207076,경기도 이천시 향교로,71,2,4150010100104340024008252,좌측,경기도 이천시 향교로 71-2,467806,17356,,1,,127.445584429635,37.2846177514249
MA0101202409A0134867,대보타일,,G2,소매,G210,철물·건설자재 소매,G21003,건설/건축자재 소매업,G47519,"페인트, 창호 및 기타 건설자재 소매업",41,경기도,41220,평택시,41220620,비전1동,4122012600,청룡동,4122012600100420002,1,대지,42,2,경기도 평택시 청룡동 42-2,412202012004,경기도 평택시 남북대로,917,17,4122012600100420002000001,,경기도 평택시 남북대로 917-17,450804,17875,,,,127.129677857793,37.0320440304109
MA0101202409A0095160,와이제이,,G2,소매,G210,철물·건설자재 소매,G21003,건설/건축자재 소매업,G47519,"페인트, 창호 및 기타 건설자재 소매업",41,경기도,41500,이천시,41500340,마장면,4150034021,마장면,4150034021104480004,1,대지,448,4,경기도 이천시 마장면 오천리 448-4,415004855516,경기도 이천시 마장면 마장로62번길,16,,4150034021104480004000001,드리아드,경기도 이천시 마장면 마장로62번길 16,467814,17387,,1,,127.35700218324,37.2501830872719
MA0101202409A0145815,우진,,G2,소매,G210,철물·건설자재 소매,G21003,건설/건축자재 소매업,G47519,"페인트, 창호 및 기타 건설자재 소매업",44,충청남도,44131,천안시 동남구,44131310,풍세면,4413131027,풍세면,4413131027104480030,1,대지,448,30,충청남도 천안시 동남구 풍세면 용정리 448-30,441313015006,충청남도 천안시 동남구 풍세면 태학산로,141,19,4413131027104480030000001,티앤에스,충청남도 천안시 동남구 풍세면 태학산로 141-19,330912,31214,,,,127.110250390951,36.7391072703873
MA0101202409A0137670,라이프샤이니,,G2,소매,G210,철물·건설자재 소매,G21003,건설/건축자재 소매업,G47519,"페인트, 창호 및 기타 건설자재 소매업",11,서울특별시,11560,영등포구,11560560,당산2동,1156011400,당산동4가,1156011400100800000,1,대지,80,,서울특별시 영등포구 당산동4가 80,115604154119,서울특별시 영등포구 당산로41길,11,,1156011400100800000028673,당산SK,서울특별시 영등포구 당산로41길 11,150806,07217,,2,,126.898324574262,37.5308144985413
MA0101202409A0085781,인터플로우,,G2,소매,G210,철물·건설자재 소매,G21003,건설/건축자재 소매업,G47519,"페인트, 창호 및 기타 건설자재 소매업",41,경기도,41135,성남시 분당구,41135640,야탑3동,4113510700,야탑동,4113510700103100001,1,대지,310,1,경기도 성남시 분당구 야탑동 310-1,411354340297,경기도 성남시 분당구 야탑로161번길,10,,4113510700103100001001270,,경기도 성남시 분당구 야탑로161번길 10,463856,13504,,지,,127.137003331492,37.4106741766946
MA0101202409A0098218,대호,,G2,소매,G210,철물·건설자재 소매,G21003,건설/건축자재 소매업,G47519,"페인트, 창호 및 기타 건설자재 소매업",43,충청북도,43800,단양군,43800250,단양읍,4380025026,단양읍,4380025026101800000,1,대지,180,,충청북도 단양군 단양읍 도전리 180,438004544130,충청북도 단양군 단양읍 도전7길,14,,4380025026101800000007596,,충청북도 단양군 단양읍 도전7길 14,395804,27010,,,,128.368404380914,36.9813091006253
MA0101202409A0134030,노정만,,G2,소매,G210,철물·건설자재 소매,G21003,건설/건축자재 소매업,G47519,"페인트, 창호 및 기타 건설자재 소매업",41,경기도,41670,여주시,41670360,북내면,4167036021,북내면,4167036021101350019,1,대지,135,19,경기도 여주시 북내면 당우리 135-19,416703214020,경기도 여주시 북내면 도예로,439,8,4167036021101350019000001,,경기도 여주시 북내면 도예로 439-8,469853,12613,,,,127.67762365907,37.3263873163675
MA0101202409A0091628,진성건축자재,,G2,소매,G210,철물·건설자재 소매,G21003,건설/건축자재 소매업,G47519,"페인트, 창호 및 기타 건설자재 소매업",52,전북특별자치도,52111,전주시 완산구,52111714,효자4동,5211114200,효자동3가,5211114200117380009,1,대지,1738,9,전북특별자치도 전주시 완산구 효자동3가 1738-9,521113266030,전북특별자치도 전주시 완산구 봉곡로,41,1,4511114200117380009000001,,전북특별자치도 전주시 완산구 봉곡로 41-1,560903,55060,,,,127.098453959689,35.811953497277
MA0101202409A0087475,삼화페인트,,G2,소매,G210,철물·건설자재 소매,G21003,건설/건축자재 소매업,G47519,"페인트, 창호 및 기타 건설자재 소매업",41,경기도,41150,의정부시,41150580,자금동,4115010900,금오동,4115010900103830007,1,대지,383,7,경기도 의정부시 금오동 383-7,411503181006,경기도 의정부시 금신로,412,,4115010900103830007006921,,경기도 의정부시 금신로 412,480823,11759,,1,,127.053795282198,37.7494879409654
MA0101202409A0087518,대본건설중기,,G2,소매,G210,철물·건설자재 소매,G21003,건설/건축자재 소매업,G47519,"페인트, 창호 및 기타 건설자재 소매업",47,경상북도,47130,경주시,47130250,감포읍,4713025021,감포읍,4713025021100630001,1,대지,63,1,경상북도 경주시 감포읍 대본리 63-1,471303000101,경상북도 경주시 감포읍 동해안로,1708,,4713025021100630001041285,,경상북도 경주시 감포읍 동해안로 1708,780833,38123,,,,129.493100979583,35.761432513992
MA0101202409A0122760,아산타일,,G2,소매,G210,철물·건설자재 소매,G21003,건설/건축자재 소매업,G47519,"페인트, 창호 및 기타 건설자재 소매업",44,충청남도,44200,아산시,44200600,온양4동,4420011500,배미동,4420011500102390020,1,대지,239,20,충청남도 아산시 배미동 239-20,442003253041,충청남도 아산시 서부북로,995,16,4420011500102390020030207,,충청남도 아산시 서부북로 995-16,336130,31530,,1,,126.971151335951,36.78738269496
MA0101202409A0145061,시원이앤씨,,G2,소매,G210,철물·건설자재 소매,G21003,건설/건축자재 소매업,G47519,"페인트, 창호 및 기타 건설자재 소매업",46,전라남도,46150,순천시,46150661,왕조1동,4615013300,조례동,4615013300104790006,1,대지,479,6,전라남도 순천시 조례동 479-6,461503283036,전라남도 순천시 순광로,33,,4615013300104790006035537,상가,전라남도 순천시 순광로 33,540964,57948,,1,,127.524579993738,34.9556557835615
MA0101202409A0181376,현대페인트,,G2,소매,G210,철물·건설자재 소매,G21003,건설/건축자재 소매업,G47519,"페인트, 창호 및 기타 건설자재 소매업",46,전라남도,46130,여수시,46130670,국동,4613011700,국동,4613011700101200001,1,대지,120,1,전라남도 여수시 국동 120-1,461303282007,전라남도 여수시 국포1로,82,,4613011700101200001000001,,전라남도 여수시 국포1로 82,550807,59761,,1,,127.717775471153,34.7268703881874
MA0101202409A0180099,지혜로움,,G2,소매,G210,철물·건설자재 소매,G21003,건설/건축자재 소매업,G47519,"페인트, 창호 및 기타 건설자재 소매업",41,경기도,41220,평택시,41220250,팽성읍,4122025040,팽성읍,4122025040100820001,1,대지,82,1,경기도 평택시 팽성읍 대사리 82-1,412203188010,경기도 평택시 팽성읍 대사로,151,,4122025040100820001026545,,경기도 평택시 팽성읍 대사로 151,451803,17997,,,,127.06830072394,36.9442215184186
MA0101202409A0197407,유연세라믹,,G2,소매,G210,철물·건설자재 소매,G21003,건설/건축자재 소매업,G47519,"페인트, 창호 및 기타 건설자재 소매업",41,경기도,41550,안성시,41550340,미양면,4155034038,미양면,4155034038101200007,1,대지,120,7,경기도 안성시 미양면 양변리 120-7,415504424220,경기도 안성시 미양면 동변길,52,18,4155034038101200007017001,,경기도 안성시 미양면 동변길 52-18,456844,17604,,1,,127.246946820445,36.9519230057068
MA0101202409A0228120,부자페인트,,G2,소매,G210,철물·건설자재 소매,G21003,건설/건축자재 소매업,G47519,"페인트, 창호 및 기타 건설자재 소매업",28,인천광역시,28710,강화군,28710320,불은면,2871032025,불은면,2871032025101610096,1,대지,161,96,인천광역시 강화군 불은면 신현리 161-96,287103157019,인천광역시 강화군 불은면 덕진로,320,,2871032025101610096000001,,인천광역시 강화군 불은면 덕진로 320,417831,23048,,,,126.494307651949,37.6543725237594
MA0101202409A0206044,해진도건,,G2,소매,G210,철물·건설자재 소매,G21003,건설/건축자재 소매업,G47519,"페인트, 창호 및 기타 건설자재 소매업",41,경기도,41450,하남시,41450520,신장1동,4145010600,신장동,4145010600104430021,1,대지,443,21,경기도 하남시 신장동 443-21,414504406278,경기도 하남시 하남대로787번길,31,,4145010600104430021003641,,경기도 하남시 하남대로787번길 31,465821,12959,,1,,127.208894252121,37.5388636028934
MA0101202409A0242755,수건축,,G2,소매,G210,철물·건설자재 소매,G21003,건설/건축자재 소매업,G47519,"페인트, 창호 및 기타 건설자재 소매업",52,전북특별자치도,52111,전주시 완산구,52111650,동서학동,5211112500,동서학동,5211112500102820010,1,대지,282,10,전북특별자치도 전주시 완산구 동서학동 282-10,521113266063,전북특별자치도 전주시 완산구 장승배기로,414,,4511112500102820001000001,,전북특별자치도 전주시 완산구 장승배기로 414,560120,55114,,,,127.153943883278,35.8063975507909
MA0101202409A0207758,현픽S,,G2,소매,G210,철물·건설자재 소매,G21003,건설/건축자재 소매업,G47519,"페인트, 창호 및 기타 건설자재 소매업",41,경기도,41360,남양주시,41360570,별내동,4136011100,별내동,4136011100110060001,1,대지,1006,1,경기도 남양주시 별내동 1006-1,413603197091,경기도 남양주시 별내중앙로,30,,4136011100110060001000001,S,경기도 남양주시 별내중앙로 30,472501,12113,,2,,127.125683967356,37.6459201524362
MA0101202409A0207848,그리다,,G2,소매,G210,철물·건설자재 소매,G21003,건설/건축자재 소매업,G47519,"페인트, 창호 및 기타 건설자재 소매업",41,경기도,41360,남양주시,41360256,화도읍,4136025626,화도읍,4136025626100990000,1,대지,99,,경기도 남양주시 화도읍 답내리 99,413604391093,경기도 남양주시 화도읍 경춘로2414번길,2,,4136025626100990000000001,,경기도 남양주시 화도읍 경춘로2414번길 2,472844,12191,,,,127.355112915968,37.6598682955082
MA0101202409A0248410,고려상사,,G2,소매,G210,철물·건설자재 소매,G21003,건설/건축자재 소매업,G47519,"페인트, 창호 및 기타 건설자재 소매업",44,충청남도,44800,홍성군,44800250,홍성읍,4480025021,홍성읍,4480025021103420007,1,대지,342,7,충청남도 홍성군 홍성읍 오관리 342-7,448003259240,충청남도 홍성군 홍성읍 충절로,1012,,4480025021103420007050735,,충청남도 홍성군 홍성읍 충절로 1012,350816,32232,,1,,126.670468958759,36.5976034167399
MA0101202409A0192730,동부유화제,,G2,소매,G210,철물·건설자재 소매,G21003,건설/건축자재 소매업,G47519,"페인트, 창호 및 기타 건설자재 소매업",47,경상북도,47730,의성군,47730250,의성읍,4773025024,의성읍,4773025024109750001,1,대지,975,1,경상북도 의성군 의성읍 도동리 975-1,477304745453,경상북도 의성군 의성읍 전통시장1길,9,,4773025024109750001013427,,경상북도 의성군 의성읍 전통시장1길 9,769801,37342,,,,128.699189606976,36.3454292699224
MA0101202409A0237188,클린스쿨충남,,G2,소매,G210,철물·건설자재 소매,G21003,건설/건축자재 소매업,G47519,"페인트, 창호 및 기타 건설자재 소매업",44,충청남도,44270,당진시,44270390,송산면,4427039029,송산면,4427039029102070000,1,대지,207,,충청남도 당진시 송산면 삼월리 207,442703265060,충청남도 당진시 송산면 송산로,531,,4483040029102070000000001,,충청남도 당진시 송산면 송산로 531,343833,31714,,,,126.680752577572,36.9402708057364
MA0101202409A0191427,건우상사,,G2,소매,G210,철물·건설자재 소매,G21003,건설/건축자재 소매업,G47519,"페인트, 창호 및 기타 건설자재 소매업",41,경기도,41610,광주시,41610259,곤지암읍,4161025921,곤지암읍,4161025921104530222,1,대지,453,222,경기도 광주시 곤지암읍 곤지암리 453-222,416103211003,경기도 광주시 곤지암읍 곤지암로,70,46,4161025621104530003024077,,경기도 광주시 곤지암읍 곤지암로 70-46,464872,12804,,1,,127.336880628799,37.3508873645476
MA0101202409A0233257,친환경페인트,,G2,소매,G210,철물·건설자재 소매,G21003,건설/건축자재 소매업,G47519,"페인트, 창호 및 기타 건설자재 소매업",52,전북특별자치도,52113,전주시 덕진구,52113525,진북동,5211310200,진북동,5211310200103220218,1,대지,322,218,전북특별자치도 전주시 덕진구 진북동 322-218,521133266013,전북특별자치도 전주시 덕진구 권삼득로,96,,4511310200103220218007498,,전북특별자치도 전주시 덕진구 권삼득로 96,561835,55003,,,,127.144315927149,35.8295718821335
