상가업소번호,상호명,지점명,상권업종대분류코드,상권업종대분류명,상권업종중분류코드,상권업종중분류명,상권업종소분류코드,상권업종소분류명,표준산업분류코드,표준산업분류명,시도코드,시도명,시군구코드,시군구명,행정동코드,행정동명,법정동코드,법정동명,PNU코드,대지구분코드,대지구분명,지번본번지,지번부번지,지번주소,도로명코드,도로명,건물본번지,건물부번지,건물관리번호,건물명,도로명주소,구우편번호,신우편번호,동정보,층정보,호정보,경도,위도
MA010120220805564203,비틀즈음반매장,,G2,소매,G213,오락용품 소매,G21303,음반/비디오물 소매업,G47620,음반 및 비디오물 소매업,43,충청북도,43111,청주시 상당구,43111545,성안동,4311110700,문화동,4311110700101180000,1,대지,118,,충청북도 청주시 상당구 문화동 118,431113236042,충청북도 청주시 상당구 용담로,7,,4311110700100500001000001,문화동센트럴칸타빌,충청북도 청주시 상당구 용담로 7,360030,28516,,2,,127.491447171646,36.6330549538893
MA010120220809417220,동아유리선물,,G2,소매,G213,오락용품 소매,G21303,음반/비디오물 소매업,G47620,음반 및 비디오물 소매업,47,경상북도,47190,구미시,47190510,송정동,4719011000,송정동,4719011000100400000,1,대지,40,,경상북도 구미시 송정동 40,471903308036,경상북도 구미시 송원동로,35,,4719011000100400000028001,로얄맨션,경상북도 구미시 송원동로 35,730767,39275,,1,,128.348554490603,36.1204037355201
MA010120220807481318,라운드뮤직,,G2,소매,G213,오락용품 소매,G21303,음반/비디오물 소매업,G47620,음반 및 비디오물 소매업,11,서울특별시,11545,금천구,11545690,시흥3동,1154510300,시흥동,1154510300109840000,1,대지,984,,서울특별시 금천구 시흥동 984,115452005010,서울특별시 금천구 시흥대로,97,,1154510300109840000003394,시흥유통상가,서울특별시 금천구 시흥대로 97,153755,08639,,3,,126.900885379306,37.4422566157729
MA010120220806231713,씨제이미디어,,G2,소매,G213,오락용품 소매,G21303,음반/비디오물 소매업,G47620,음반 및 비디오물 소매업,30,대전광역시,30170,서구,30170550,용문동,3017010500,용문동,3017010500102550011,1,대지,255,11,대전광역시 서구 용문동 255-11,301704298089,대전광역시 서구 계룡로686번길,34,,3017010500102550011010851,거산빌라,대전광역시 서구 계룡로686번길 34,302845,35305,,2,,127.394903747193,36.3346994271812
MA010120220813654807,엠제이앤리,,G2,소매,G213,오락용품 소매,G21303,음반/비디오물 소매업,G47620,음반 및 비디오물 소매업,11,서울특별시,11215,광진구,11215870,구의3동,1121510300,구의동,1121510300106670000,1,대지,667,,서울특별시 광진구 구의동 667,112153000002,서울특별시 광진구 아차산로,431,,1121510300102440005000001,강변에스케이뷰,서울특별시 광진구 아차산로 431,143203,05045,,1,,127.090190239033,37.5386535225884
MA010120220811778512,플스빌원주점,,G2,소매,G213,오락용품 소매,G21303,음반/비디오물 소매업,G47620,음반 및 비디오물 소매업,51,강원특별자치도,51130,원주시,51130550,단구동,5113010700,단구동,5113010700110260026,1,대지,1026,26,강원특별자치도 원주시 단구동 1026-26,511302219001,강원특별자치도 원주시 서원대로,434,,4213010700110260026000001,동보노빌리티타워골드,강원특별자치도 원주시 서원대로 434,220943,26485,,1,,127.952371136172,37.3285943426968
MA010120220812669186,중앙음악사,,G2,소매,G213,오락용품 소매,G21303,음반/비디오물 소매업,G47620,음반 및 비디오물 소매업,52,전북특별자치도,52111,전주시 완산구,52111510,중앙동,5211111900,태평동,5211111900100360001,1,대지,36,1,전북특별자치도 전주시 완산구 태평동 36-1,521114598369,전북특별자치도 전주시 완산구 태평3길,70,,4511111900100380001031292,중앙상가,전북특별자치도 전주시 완산구 태평3길 70,560773,54996,,1,,127.142448868237,35.8252210291403
MA010120220810661969,파워스테이션주,,G2,소매,G213,오락용품 소매,G21303,음반/비디오물 소매업,G47620,음반 및 비디오물 소매업,26,부산광역시,26230,부산진구,26230600,전포1동,2623010200,전포동,2623010200106830011,1,대지,683,11,부산광역시 부산진구 전포동 683-11,262303129010,부산광역시 부산진구 동천로,70,,2623010200106830022048277,서면쌍용플래티넘,부산광역시 부산진구 동천로 70,614866,47294,,2,,129.062719680176,35.1549683251917
MA010120220812051491,마우브,,G2,소매,G213,오락용품 소매,G21303,음반/비디오물 소매업,G47620,음반 및 비디오물 소매업,41,경기도,41173,안양시 동안구,41173600,호계3동,4117310400,호계동,4117310400108280004,1,대지,828,4,경기도 안양시 동안구 호계동 828-4,411734349216,경기도 안양시 동안구 포도원로27번길,44,,4117310400108280004006227,호계현대아파트,경기도 안양시 동안구 포도원로27번길 44,431901,14128,,2,,126.964621738093,37.364084265853
MA0101202210A0080065,케이알뮤직,,G2,소매,G213,오락용품 소매,G21303,음반/비디오물 소매업,G47620,음반 및 비디오물 소매업,11,서울특별시,11500,강서구,11500603,가양1동,1150010400,가양동,1150010400114950000,1,대지,1495,,서울특별시 강서구 가양동 1495,115003115013,서울특별시 강서구 허준로,76,,1150010400114950000010557,한보구암마을아파트,서울특별시 강서구 허준로 76,157806,07529,,1,,126.848649719257,37.5684139796083
MA0101202411A0018898,행복만들기,,G2,소매,G213,오락용품 소매,G21303,음반/비디오물 소매업,G47620,음반 및 비디오물 소매업,26,부산광역시,26530,사상구,26530593,모라3동,2653010200,모라동,2653010200100750000,1,대지,75,,부산광역시 사상구 모라동 75,265304217144,부산광역시 사상구 모라로192번길,20,83,2653010200100750000010766,3단지,부산광역시 사상구 모라로192번길 20-83,617753,46935,,,,129.000588473303,35.1825861512605
MA0101202411A0017252,계획된우연,,G2,소매,G213,오락용품 소매,G21303,음반/비디오물 소매업,G47620,음반 및 비디오물 소매업,50,제주특별자치도,50110,제주시,50110570,용담1동,5011010800,용담일동,5011010800101450005,1,대지,145,5,제주특별자치도 제주시 용담일동 145-5,501103349091,제주특별자치도 제주시 서문로,74,1,5011010800101450005019015,,제주특별자치도 제주시 서문로 74-1,690819,63154,,2,,126.518781901423,33.5120891835898
MA0101202411A0055137,베리굿즈박스,,G2,소매,G213,오락용품 소매,G21303,음반/비디오물 소매업,G47620,음반 및 비디오물 소매업,41,경기도,41273,안산시 단원구,41273532,중앙동,4127310100,고잔동,4127310100105410004,1,대지,541,4,경기도 안산시 단원구 고잔동 541-4,412732190002,경기도 안산시 단원구 중앙대로,915,,4127310100105410001019625,월드코아빌딩,경기도 안산시 단원구 중앙대로 915,425719,15361,,2,,126.838268261449,37.317179512457
MA0101202411A0175296,아이돌스토어홍대지점,,G2,소매,G213,오락용품 소매,G21303,음반/비디오물 소매업,G47620,음반 및 비디오물 소매업,11,서울특별시,11440,마포구,11440660,서교동,1144012000,서교동,1144012000103340010,1,대지,334,10,서울특별시 마포구 서교동 334-10,114404139468,서울특별시 마포구 와우산로29다길,20,,1144012000103340010024728,아셈코어,서울특별시 마포구 와우산로29다길 20,121836,04053,,,,126.927275440063,37.5547934485353
MA0105202301E0455426,살로메레코드,,G2,소매,G213,오락용품 소매,G21303,음반/비디오물 소매업,G47620,음반 및 비디오물 소매업,43,충청북도,43130,충주시,43130310,살미면,4313031031,살미면,4313031031102340000,1,대지,234,,충청북도 충주시 살미면 향산리 234,431304514311,충청북도 충주시 살미면 대향산길,107,20,,,충청북도 충주시 살미면 대향산길 107-20,380932,27493,,,,127.94748894173,36.928099083301
MA010120220800799968,워터프루프,,G2,소매,G213,오락용품 소매,G21303,음반/비디오물 소매업,G47620,음반 및 비디오물 소매업,11,서울특별시,11650,서초구,11650600,방배1동,1165010100,방배동,1165010100108900035,1,대지,890,35,서울특별시 서초구 방배동 890-35,116504163399,서울특별시 서초구 서초대로30길,35,22,1165010100108900035014441,명칭없음,서울특별시 서초구 서초대로30길 35-22,137841,06663,,4,,126.997829062958,37.4867450524231
MA0101202410A0098777,공도꽃식물원,,G2,소매,G213,오락용품 소매,G21303,음반/비디오물 소매업,G47620,음반 및 비디오물 소매업,41,경기도,41550,안성시,41550250,공도읍,4155025029,공도읍,4155025029104170088,1,대지,417,88,경기도 안성시 공도읍 만정리 417-88,415503208010,경기도 안성시 공도읍 공도로,80,,4155025029104170088005922,,경기도 안성시 공도읍 공도로 80,456823,17562,,,,127.170021002759,36.9992929300006
MA010120220801093660,대하,,G2,소매,G213,오락용품 소매,G21303,음반/비디오물 소매업,G47620,음반 및 비디오물 소매업,28,인천광역시,28110,중구,28110530,신포동,2811012500,답동,2811012500100240003,1,대지,24,3,인천광역시 중구 답동 24-3,281103149034,인천광역시 중구 우현로,67,,2811012400101980002000001,신포지하도상가,인천광역시 중구 우현로 67,400080,22316,,,,126.628348446827,37.4715011830736
MA010120220801121841,용현유통,,G2,소매,G213,오락용품 소매,G21303,음반/비디오물 소매업,G47620,음반 및 비디오물 소매업,28,인천광역시,28177,미추홀구,28177560,용현3동,2817710200,용현동,2817710200101450063,1,대지,145,63,인천광역시 미추홀구 용현동 145-63,281772008004,인천광역시 미추홀구 인주대로,172,,2817010200101450063194464,,인천광역시 미추홀구 인주대로 172,402821,22182,,,,126.656026738323,37.4556912259799
MA010120220801125686,형제레코드,,G2,소매,G213,오락용품 소매,G21303,음반/비디오물 소매업,G47620,음반 및 비디오물 소매업,28,인천광역시,28140,동구,28140580,송림1동,2814010700,송림동,2814010700102350013,1,대지,235,13,인천광역시 동구 송림동 235-13,281403150037,인천광역시 동구 송림로,21,,2814010700102350013037272,인송상가,인천광역시 동구 송림로 21,401812,22552,,,,126.63742707335,37.4736287319848
MA010120220801161077,사운드웨이브,,G2,소매,G213,오락용품 소매,G21303,음반/비디오물 소매업,G47620,음반 및 비디오물 소매업,41,경기도,41281,고양시 덕양구,41281576,삼송1동,4128111100,삼송동,4128111100100240029,1,대지,24,29,경기도 고양시 덕양구 삼송동 24-29,412814376128,경기도 고양시 덕양구 삼송로193번길,1,6,4128111100100240029030814,,경기도 고양시 덕양구 삼송로193번길 1-6,412080,10556,,2,,126.89527820169,37.6541756046301
MA010120220801235178,소리그림,,G2,소매,G213,오락용품 소매,G21303,음반/비디오물 소매업,G47620,음반 및 비디오물 소매업,28,인천광역시,28237,부평구,28237550,부평5동,2823710100,부평동,2823710100101520001,1,대지,152,1,인천광역시 부평구 부평동 152-1,282373154010,인천광역시 부평구 대정로,66,,2823710100101520001105052,부평동다운타운,인천광역시 부평구 대정로 66,403794,21395,,,,126.72670882393,37.4935379205348
MA010120220801255808,까치전자,,G2,소매,G213,오락용품 소매,G21303,음반/비디오물 소매업,G47620,음반 및 비디오물 소매업,41,경기도,41171,안양시 만안구,41171510,안양1동,4117110100,안양동,4117110100111890001,1,대지,1189,1,경기도 안양시 만안구 안양동 1189-1,411713182023,경기도 안양시 만안구 장내로,110,2,4117110100111890001012153,안양역쇼핑몰,경기도 안양시 만안구 장내로 110-2,430754,13997,,,,126.920460888805,37.396265418865
MA010120220802975040,블루드림미디어,,G2,소매,G213,오락용품 소매,G21303,음반/비디오물 소매업,G47620,음반 및 비디오물 소매업,11,서울특별시,11500,강서구,11500641,방화3동,1150010900,방화동,1150010900103190006,1,대지,319,6,서울특별시 강서구 방화동 319-6,115004145343,서울특별시 강서구 방화대로49길,6,15,1150010900103190006000301,,서울특별시 강서구 방화대로49길 6-15,157848,07512,,4,,126.816264866741,37.5777834051989
MA010120220803057145,서울레코드,,G2,소매,G213,오락용품 소매,G21303,음반/비디오물 소매업,G47620,음반 및 비디오물 소매업,11,서울특별시,11110,종로구,11110615,종로1.2.3.4가동,1111015600,종로3가,1111015600101690001,1,대지,169,1,서울특별시 종로구 종로3가 169-1,111103100013,서울특별시 종로구 종로,154,,1111015600101690001017387,,서울특별시 종로구 종로 154,110123,03193,,1,,126.994623201095,37.5702588036811
MA010120220803087516,카머뮤직,,G2,소매,G213,오락용품 소매,G21303,음반/비디오물 소매업,G47620,음반 및 비디오물 소매업,11,서울특별시,11170,용산구,11170650,이태원1동,1117013000,이태원동,1117013000101270015,1,대지,127,15,서울특별시 용산구 이태원동 127-15,111704106129,서울특별시 용산구 보광로60길,7,,1117013000101270015009690,,서울특별시 용산구 보광로60길 7,140858,04406,,3,,126.99453528642,37.5340837241065
MA010120220803083085,장미레코드,,G2,소매,G213,오락용품 소매,G21303,음반/비디오물 소매업,G47620,음반 및 비디오물 소매업,41,경기도,41285,고양시 일산동구,41285590,장항2동,4128510400,장항동,4128510400108530000,1,대지,853,,경기도 고양시 일산동구 장항동 853,412854379183,경기도 고양시 일산동구 정발산로42번길,38,,4128510400108530000000001,라이저오피스텔,경기도 고양시 일산동구 정발산로42번길 38,410837,10403,,,,126.774120421941,37.6555825478263
MA010120220804597241,용빈상사,,G2,소매,G213,오락용품 소매,G21303,음반/비디오물 소매업,G47620,음반 및 비디오물 소매업,51,강원특별자치도,51720,홍천군,51720380,북방면,5172038036,북방면,5172038036102940000,1,대지,294,,강원특별자치도 홍천군 북방면 소매곡리 294,517204475182,강원특별자치도 홍천군 북방면 도사곡길,223,,4272038036102910000000001,,강원특별자치도 홍천군 북방면 도사곡길 223,250883,25112,,,,127.826294719471,37.7130705363197
MA010120220804643756,횡성하이샵,,G2,소매,G213,오락용품 소매,G21303,음반/비디오물 소매업,G47620,음반 및 비디오물 소매업,51,강원특별자치도,51730,횡성군,51730320,안흥면,5173032026,안흥면,5173032026115300001,1,대지,1530,1,강원특별자치도 횡성군 안흥면 소사리 1530-1,517301000022,강원특별자치도 횡성군 안흥면 영동고속도로,154,,4273032026115300001013505,,강원특별자치도 횡성군 안흥면 영동고속도로 154,225823,25268,,,,128.134562616737,37.462557223482
MA010120220804643776,하이샵,,G2,소매,G213,오락용품 소매,G21303,음반/비디오물 소매업,G47620,음반 및 비디오물 소매업,51,강원특별자치도,51130,원주시,51130320,호저면,5113032026,호저면,5113032026102110000,1,대지,211,,강원특별자치도 원주시 호저면 옥산리 211,511304457180,강원특별자치도 원주시 호저면 마근거리길,120,,4213032026102110000000001,원주휴게소내부산방향,강원특별자치도 원주시 호저면 마근거리길 120,220923,26302,,1,,127.92955770017,37.4338135236428
MA010120220804643787,하이샵유통,,G2,소매,G213,오락용품 소매,G21303,음반/비디오물 소매업,G47620,음반 및 비디오물 소매업,51,강원특별자치도,51130,원주시,51130635,봉산동,5113011300,봉산동,5113011300111440013,1,대지,1144,13,강원특별자치도 원주시 봉산동 1144-13,511304457028,강원특별자치도 원주시 개봉교길,47,,4213011300111440013008471,,강원특별자치도 원주시 개봉교길 47,220950,26330,,,,127.958526570979,37.3459609116113
MA010120220804675336,뮤직아트,,G2,소매,G213,오락용품 소매,G21303,음반/비디오물 소매업,G47620,음반 및 비디오물 소매업,51,강원특별자치도,51770,정선군,51770250,정선읍,5177025021,정선읍,5177025021103370011,1,대지,337,11,강원특별자치도 정선군 정선읍 봉양리 337-11,517703229023,강원특별자치도 정선군 정선읍 정선로,1337,1,4277025021103370011011437,,강원특별자치도 정선군 정선읍 정선로 1337-1,233804,26131,,,,128.662620185615,37.3796744012093
MA010120220806098805,진도유통,,G2,소매,G213,오락용품 소매,G21303,음반/비디오물 소매업,G47620,음반 및 비디오물 소매업,44,충청남도,44800,홍성군,44800350,은하면,4480035025,은하면,4480035025102920003,1,대지,292,3,충청남도 홍성군 은하면 금국리 292-3,448001000007,충청남도 홍성군 은하면 서해안고속도로,221,,4480035025102750000000001,홍성휴게소하,충청남도 홍성군 은하면 서해안고속도로 221,350881,32209,,,,126.579312013496,36.5536112394849
MA010120220806113595,방레코드,,G2,소매,G213,오락용품 소매,G21303,음반/비디오물 소매업,G47620,음반 및 비디오물 소매업,11,서울특별시,11440,마포구,11440630,신수동,1144011100,신수동,1144011100102640003,1,대지,264,3,서울특별시 마포구 신수동 264-3,114404139585,서울특별시 마포구 토정로17길,20,,1144011100102640003008138,제,서울특별시 마포구 토정로17길 20,121856,04088,,1,,126.935839213164,37.5455271400596
MA010120220806149615,우리전자음악사,,G2,소매,G213,오락용품 소매,G21303,음반/비디오물 소매업,G47620,음반 및 비디오물 소매업,44,충청남도,44180,보령시,44180515,대천1동,4418010100,대천동,4418010100102060003,1,대지,206,3,충청남도 보령시 대천동 206-3,441803252047,충청남도 보령시 대흥로,35,,4418010100102060003015162,,충청남도 보령시 대흥로 35,355933,33461,,,,126.59470680825,36.3492817123869
MA010120220806172287,한국정신과학연구회,,G2,소매,G213,오락용품 소매,G21303,음반/비디오물 소매업,G47620,음반 및 비디오물 소매업,30,대전광역시,30140,중구,30140670,오류동,3014011300,오류동,3014011300101540004,1,대지,154,4,대전광역시 중구 오류동 154-4,301403000095,대전광역시 중구 계백로,1719,,3014011300101540004024059,센트리아오피스텔,대전광역시 중구 계백로 1719,301739,34909,,10,,127.410465008662,36.3222107504592
MA010120220806188535,사운드오브뮤직,,G2,소매,G213,오락용품 소매,G21303,음반/비디오물 소매업,G47620,음반 및 비디오물 소매업,30,대전광역시,30170,서구,30170650,만년동,3017012800,만년동,3017012800103960000,1,대지,396,,대전광역시 서구 만년동 396,301702166001,대전광역시 서구 둔산대로,135,,3017012800103960000019755,,대전광역시 서구 둔산대로 135,302834,35204,,,,127.383755181323,36.366619308878
MA010120220806197118,웨이브일렉트로닉미디어,,G2,소매,G213,오락용품 소매,G21303,음반/비디오물 소매업,G47620,음반 및 비디오물 소매업,30,대전광역시,30170,서구,30170640,둔산2동,3017011200,둔산동,3017011200109690000,1,대지,969,,대전광역시 서구 둔산동 969,301703166023,대전광역시 서구 둔지로,64,,3017011200109690000019648,,대전광역시 서구 둔지로 64,302828,35229,,3,,127.376914556439,36.3552682757785
MA010120220807528115,소리사랑음악사,,G2,소매,G213,오락용품 소매,G21303,음반/비디오물 소매업,G47620,음반 및 비디오물 소매업,29,광주광역시,29170,북구,29170677,오치2동,2917011500,오치동,2917011500109720004,1,대지,972,4,광주광역시 북구 오치동 972-4,291704286404,광주광역시 북구 서하로214번길,2,,2917011500109720004002479,,광주광역시 북구 서하로214번길 2,500840,61120,,,,126.903798813123,35.1870511143389
MA010120220807673372,마이크로컴퍼니,,G2,소매,G213,오락용품 소매,G21303,음반/비디오물 소매업,G47620,음반 및 비디오물 소매업,11,서울특별시,11650,서초구,11650510,서초1동,1165010800,서초동,1165010800116660008,1,대지,1666,8,서울특별시 서초구 서초동 1666-8,116504163418,서울특별시 서초구 서초대로54길,29,22,1165010800116660008023437,일부,서울특별시 서초구 서초대로54길 29-22,137881,06633,,7,,127.01704097765,37.4928346553096
MA010120220809061622,뮤직캠프,,G2,소매,G213,오락용품 소매,G21303,음반/비디오물 소매업,G47620,음반 및 비디오물 소매업,27,대구광역시,27200,남구,27200550,봉덕3동,2720010200,봉덕동,2720010200106240008,1,대지,624,8,대구광역시 남구 봉덕동 624-8,272003144001,대구광역시 남구 대덕로,139,,2720010200106240008023814,,대구광역시 남구 대덕로 139,705832,42444,,2,,128.598223423218,35.8411999968703
MA010120220809046457,필프로덕션,,G2,소매,G213,오락용품 소매,G21303,음반/비디오물 소매업,G47620,음반 및 비디오물 소매업,27,대구광역시,27200,남구,27200515,이천동,2720010100,이천동,2720010100103060015,1,대지,306,15,대구광역시 남구 이천동 306-15,272003141012,대구광역시 남구 대봉로,172,4,2720010100103060015026693,,대구광역시 남구 대봉로 172-4,705837,42433,,,,128.603008457132,35.8540406442697
MA010120220809039399,서울음악사,,G2,소매,G213,오락용품 소매,G21303,음반/비디오물 소매업,G47620,음반 및 비디오물 소매업,27,대구광역시,27230,북구,27230770,읍내동,2723011800,읍내동,2723011800113790014,1,대지,1379,14,대구광역시 북구 읍내동 1379-14,272304235080,대구광역시 북구 구암로21길,9,1,2723011800113790014023391,,대구광역시 북구 구암로21길 9-1,702850,41438,,,,128.552216917312,35.9331523962454
MA010120220809108950,뮤직랜드엘피마당,,G2,소매,G213,오락용품 소매,G21303,음반/비디오물 소매업,G47620,음반 및 비디오물 소매업,31,울산광역시,31110,중구,31110585,중앙동,3111010500,옥교동,3111010500101230001,1,대지,123,1,울산광역시 중구 옥교동 123-1,311103169023,울산광역시 중구 학성로,119,1,3111010500101230001006527,,울산광역시 중구 학성로 119-1,681190,44530,,,,129.324090640475,35.5559024525288
MA010120220809157833,해변레코드,,G2,소매,G213,오락용품 소매,G21303,음반/비디오물 소매업,G47620,음반 및 비디오물 소매업,47,경상북도,47111,포항시 남구,47111580,효곡동,4711111400,효자동,4711111400103050014,1,대지,305,14,경상북도 포항시 남구 효자동 305-14,471114709566,경상북도 포항시 남구 효자동길6번길,15,,4711111400103050014126171,,경상북도 포항시 남구 효자동길6번길 15,790330,37664,,,,129.33162187161,36.0085508750434
MA010120220809151695,디에치앤비,,G2,소매,G213,오락용품 소매,G21303,음반/비디오물 소매업,G47620,음반 및 비디오물 소매업,44,충청남도,44800,홍성군,44800253,광천읍,4480025322,광천읍,4480025322100670003,1,대지,67,3,충청남도 홍성군 광천읍 광천리 67-3,448003262021,충청남도 홍성군 광천읍 홍남로,696,,4480025322100670003000001,,충청남도 홍성군 광천읍 홍남로 696,350902,32293,,,,126.627870837016,36.5035696982757
MA010120220809136742,대전소리사,,G2,소매,G213,오락용품 소매,G21303,음반/비디오물 소매업,G47620,음반 및 비디오물 소매업,47,경상북도,47130,경주시,47130530,황오동,4713010500,황오동,4713010500102150009,1,대지,215,9,경상북도 경주시 황오동 215-9,471303305016,경상북도 경주시 동성로,125,,4713010500102150009007277,,경상북도 경주시 동성로 125,780958,38153,,,,129.214217242798,35.8432927132039
MA010120220809154884,블루윙스미디기획,,G2,소매,G213,오락용품 소매,G21303,음반/비디오물 소매업,J59202,녹음시설 운영업,26,부산광역시,26110,중구,26110510,중앙동,2611010500,중앙동2가,2611010500100490013,1,대지,49,13,부산광역시 중구 중앙동2가 49-13,261104175048,부산광역시 중구 대청로138번길,7,1,2611010500100490013003793,,부산광역시 중구 대청로138번길 7-1,600012,48956,,,,129.03520229491,35.102165674506
MA010120220809159783,오투커뮤니티,,G2,소매,G213,오락용품 소매,G21303,음반/비디오물 소매업,G47620,음반 및 비디오물 소매업,47,경상북도,47111,포항시 남구,47111550,송도동,4711110400,송도동,4711110400104810007,1,대지,481,7,경상북도 포항시 남구 송도동 481-7,471113303054,경상북도 포항시 남구 축항로,97,1,4711110400104810007098237,,경상북도 포항시 남구 축항로 97-1,790831,37799,,,,129.379249105383,36.0302749674697
MA010120220810551184,비틀즈레코드,,G2,소매,G213,오락용품 소매,G21303,음반/비디오물 소매업,G47620,음반 및 비디오물 소매업,26,부산광역시,26320,북구,26320510,구포1동,2632010500,구포동,2632010500101470005,1,대지,147,5,부산광역시 북구 구포동 147-5,263202006008,부산광역시 북구 백양대로,1196,,2632010500101470005008598,,부산광역시 북구 백양대로 1196,616800,46576,,,,129.005574831551,35.2090520471205
MA010120220810604475,진레코드전자,,G2,소매,G213,오락용품 소매,G21303,음반/비디오물 소매업,G47620,음반 및 비디오물 소매업,26,부산광역시,26230,부산진구,26230570,양정2동,2623010100,양정동,2623010100103100012,1,대지,310,12,부산광역시 부산진구 양정동 310-12,262303129044,부산광역시 부산진구 연수로,17,,2623010100103100012023199,,부산광역시 부산진구 연수로 17,614855,47216,,1,,129.073283254901,35.1738654768559
MA010120220810587800,대하,,G2,소매,G213,오락용품 소매,G21303,음반/비디오물 소매업,G47620,음반 및 비디오물 소매업,28,인천광역시,28110,중구,28110530,신포동,2811012500,답동,2811012500100240003,1,대지,24,3,인천광역시 중구 답동 24-3,281103149034,인천광역시 중구 우현로,67,,2811012400101980002000001,신포지하상가,인천광역시 중구 우현로 67,400080,22316,,,,126.628348446827,37.4715011830736
MA010120220810610150,하이샵,,G2,소매,G213,오락용품 소매,G21303,음반/비디오물 소매업,G47620,음반 및 비디오물 소매업,47,경상북도,47230,영천시,47230370,임고면,4723037028,임고면,4723037028100990000,1,대지,99,,경상북도 영천시 임고면 금대리 99,472303018034,경상북도 영천시 임고면 운주로,791,,4723037028101530000048541,,경상북도 영천시 임고면 운주로 791,770862,38820,,,,129.044781062976,36.0528649812939
MA010120220810656330,정음사,,G2,소매,G213,오락용품 소매,G21303,음반/비디오물 소매업,G47620,음반 및 비디오물 소매업,26,부산광역시,26230,부산진구,26230520,부전2동,2623010300,부전동,2623010300105730001,1,대지,573,1,부산광역시 부산진구 부전동 573-1,262302000010,부산광역시 부산진구 중앙대로,737,,2623010300102600003041208,서면지하도상가,부산광역시 부산진구 중앙대로 737,614727,47254,,,,129.061096867649,35.1602317047572
MA010120220812154483,오디오캠프,,G2,소매,G213,오락용품 소매,G21303,음반/비디오물 소매업,G47620,음반 및 비디오물 소매업,47,경상북도,47130,경주시,47130360,현곡면,4713036029,현곡면,4713036029100680000,1,대지,68,,경상북도 경주시 현곡면 가정리 68,471304715396,경상북도 경주시 현곡면 마룡길,3,1,4713036029100680000000003,,경상북도 경주시 현곡면 마룡길 3-1,780921,38044,,,,129.160570598587,35.9000897624537
MA010120220812209535,자연드림,,G2,소매,G213,오락용품 소매,G21303,음반/비디오물 소매업,G47620,음반 및 비디오물 소매업,11,서울특별시,11620,관악구,11620525,보라매동,1162010100,봉천동,1162010100107240008,1,대지,724,8,서울특별시 관악구 봉천동 724-8,116203005078,서울특별시 관악구 보라매로,51,,1162010100107240008037129,,서울특별시 관악구 보라매로 51,151830,08708,,,,126.926859487498,37.4940025729538
MA0101202305A0098578,와이에스에스컴퍼니,,G2,소매,G213,오락용품 소매,G21303,음반/비디오물 소매업,G47620,음반 및 비디오물 소매업,44,충청남도,44133,천안시 서북구,44133520,성정2동,4413310200,성정동,4413310200112170000,1,대지,1217,,충청남도 천안시 서북구 성정동 1217,441334550371,충청남도 천안시 서북구 성정중6길,1,,4413310200112170000000001,,충청남도 천안시 서북구 성정중6길 1,331937,31108,,,,127.133973916924,36.8283383270788
MA0101202306A0082534,제플린뮤직플레이스,,G2,소매,G213,오락용품 소매,G21303,음반/비디오물 소매업,G47620,음반 및 비디오물 소매업,11,서울특별시,11710,송파구,11710646,장지동,1171010800,문정동,1171010800100890010,1,대지,89,10,서울특별시 송파구 문정동 89-10,117104169139,서울특별시 송파구 문정로4길,29,,1171010800100890011003098,한성빌딩,서울특별시 송파구 문정로4길 29,138869,05809,,,,127.126485940906,37.4837581004647
MA0101202310A0007161,제이앤씨,,G2,소매,G213,오락용품 소매,G21303,음반/비디오물 소매업,G47620,음반 및 비디오물 소매업,41,경기도,41150,의정부시,41150578,송산3동,4115010600,민락동,4115010600108030001,1,대지,803,1,경기도 의정부시 민락동 803-1,411503181046,경기도 의정부시 천보로,14,,4115010600108030001000001,민락송학글래드스톤앤그레이스모나코,경기도 의정부시 천보로 14,480090,11813,,1,,127.099832877618,37.7436827327244
MA0101202309A0093211,엔에스씨,,G2,소매,G213,오락용품 소매,G21303,음반/비디오물 소매업,G47620,음반 및 비디오물 소매업,28,인천광역시,28260,서구,28260720,오류왕길동,2826012000,왕길동,2826012000106380004,1,대지,638,4,인천광역시 서구 왕길동 638-4,282603156068,인천광역시 서구 완정로,179,,2826012000106380005025714,제이원검단메디컬프라자,인천광역시 서구 완정로 179,404290,22616,,6,,126.656519366212,37.6022759379116
MA0101202311A0072742,케이팝바자,,G2,소매,G213,오락용품 소매,G21303,음반/비디오물 소매업,G47620,음반 및 비디오물 소매업,11,서울특별시,11680,강남구,11680640,역삼1동,1168010100,역삼동,1168010100108240019,1,대지,824,19,서울특별시 강남구 역삼동 824-19,116803122010,서울특별시 강남구 테헤란로,116,,1168010100108240019024062,동경빌딩,서울특별시 강남구 테헤란로 116,135934,06233,,10,,127.03053357899,37.498481250976
MA0101202311A0002496,우리가컴퍼니,,G2,소매,G213,오락용품 소매,G21303,음반/비디오물 소매업,G47620,음반 및 비디오물 소매업,11,서울특별시,11260,중랑구,11260690,신내2동,1126010600,신내동,1126010600106660000,1,대지,666,,서울특별시 중랑구 신내동 666,112603106003,서울특별시 중랑구 봉화산로,194,,1126010600106660000000062,신아타운,서울특별시 중랑구 봉화산로 194,131132,02076,,3,,127.094711466519,37.6064588447966
MA0101202406A0042982,소리바다,,G2,소매,G213,오락용품 소매,G21303,음반/비디오물 소매업,G47620,음반 및 비디오물 소매업,47,경상북도,47730,의성군,47730430,안계면,4773043037,안계면,4773043037201040000,2,산,104,,경상북도 의성군 안계면 양곡리 산104,477304745243,경상북도 의성군 안계면 새못안길,45,47,4773043037201040000000001,의성영덕휴게소,경상북도 의성군 안계면 새못안길 45-47,769932,37308,,,,128.446946122732,36.4096822633457
MA0101202406A0130262,코디드바이닐즈,,G2,소매,G213,오락용품 소매,G21303,음반/비디오물 소매업,G47620,음반 및 비디오물 소매업,11,서울특별시,11140,중구,11140540,회현동,1114012400,충무로1가,1114012400100520041,1,대지,52,41,서울특별시 중구 충무로1가 52-41,111403101004,서울특별시 중구 소공로,58,,1114012200100010001000001,마열회현지하쇼핑센터,서울특별시 중구 소공로 58,100011,04535,,,,126.981845728231,37.5606619217915
MA0101202406A0148260,에스에스엠,,G2,소매,G213,오락용품 소매,G21303,음반/비디오물 소매업,G47620,음반 및 비디오물 소매업,30,대전광역시,30110,동구,30110620,가양1동,3011011400,가양동,3011011400103210002,1,대지,321,2,대전광역시 동구 가양동 321-2,301104292221,대전광역시 동구 동중앙로79번길,35,,3011011400103210002013785,,대전광역시 동구 동중앙로79번길 35,300804,34598,,,,127.443307387916,36.3401440101695
MA010120220800918788,이정희레코드,,G2,소매,G213,오락용품 소매,G21303,음반/비디오물 소매업,G47620,음반 및 비디오물 소매업,11,서울특별시,11410,서대문구,11410700,남가좌2동,1141012000,남가좌동,1141012000103410006,1,대지,341,6,서울특별시 서대문구 남가좌동 341-6,114104136324,서울특별시 서대문구 증가로10길,10,,1141012000103410006031184,,서울특별시 서대문구 증가로10길 10,120807,03665,,지,,126.923290743394,37.577874438655
MA010120220801022124,GS미디어,,G2,소매,G213,오락용품 소매,G21303,음반/비디오물 소매업,G47620,음반 및 비디오물 소매업,11,서울특별시,11230,동대문구,11230536,용신동,1123010100,신설동,1123010100101090005,1,대지,109,5,서울특별시 동대문구 신설동 109-5,112304115545,서울특별시 동대문구 천호대로4길,21,,1123010100101090005000001,,서울특별시 동대문구 천호대로4길 21,130813,02586,,,,127.025503840736,37.5727068781748
MA010120220801032591,온리뮤직컴퍼니,,G2,소매,G213,오락용품 소매,G21303,음반/비디오물 소매업,G47620,음반 및 비디오물 소매업,41,경기도,41450,하남시,41450510,천현동,4145010200,하산곡동,4145010200102920006,1,대지,292,6,경기도 하남시 하산곡동 292-6,414503202025,경기도 하남시 산곡동로,82,,4145010200102920006001798,,경기도 하남시 산곡동로 82,465816,13025,,1,,127.229152409101,37.5107959056582
MA010120220801030568,에볼루션뮤직,,G2,소매,G213,오락용품 소매,G21303,음반/비디오물 소매업,G47620,음반 및 비디오물 소매업,11,서울특별시,11440,마포구,11440660,서교동,1144012100,동교동,1144012100101820008,1,대지,182,8,서울특별시 마포구 동교동 182-8,114403113017,서울특별시 마포구 와우산로,167,,1144012100101820008011946,,서울특별시 마포구 와우산로 167,121818,04056,,4,,126.930748837031,37.5558677238239
MA010120220801033823,라이즈업,,G2,소매,G213,오락용품 소매,G21303,음반/비디오물 소매업,G47620,음반 및 비디오물 소매업,11,서울특별시,11710,송파구,11710620,가락본동,1171010700,가락동,1171010700101210008,1,대지,121,8,서울특별시 송파구 가락동 121-8,117104169461,서울특별시 송파구 중대로12길,21,,1171010700101210009026872,,서울특별시 송파구 중대로12길 21,138806,05829,,,,127.124274085213,37.4931309239742
MA010120220802765265,현대매니아,,G2,소매,G213,오락용품 소매,G21303,음반/비디오물 소매업,G47620,음반 및 비디오물 소매업,41,경기도,41480,파주시,41480540,교하동,4148011500,문발동,4148011500104950122,1,대지,495,122,경기도 파주시 문발동 495-122,414803192093,경기도 파주시 자유로,2210,,4148025929104950144015235,,경기도 파주시 자유로 2210,413070,10881,,,,126.684271573807,37.6995421043809
MA010120220802859576,엘피엘피,,G2,소매,G213,오락용품 소매,G21303,음반/비디오물 소매업,G47620,음반 및 비디오물 소매업,11,서울특별시,11110,종로구,11110515,청운효자동,1111010800,통인동,1111010800101180003,1,대지,118,3,서울특별시 종로구 통인동 118-3,111103100012,서울특별시 종로구 자하문로,41,1,1111010800101180003030536,,서울특별시 종로구 자하문로 41-1,110043,03036,,2,,126.971074806906,37.5797608758919
MA010120220802841877,뮤직아트,,G2,소매,G213,오락용품 소매,G21303,음반/비디오물 소매업,G47620,음반 및 비디오물 소매업,11,서울특별시,11650,서초구,11650510,서초1동,1165010800,서초동,1165010800114450003,1,대지,1445,3,서울특별시 서초구 서초동 1445-3,116503121021,서울특별시 서초구 효령로,304,,1165010800114450003024144,국제전자센터,서울특별시 서초구 효령로 304,137728,06720,,4,,127.017807990612,37.4847344817979
MA010120220802927260,백바스무역,,G2,소매,G213,오락용품 소매,G21303,음반/비디오물 소매업,G47620,음반 및 비디오물 소매업,11,서울특별시,11440,마포구,11440660,서교동,1144012100,동교동,1144012100101130007,1,대지,113,7,서울특별시 마포구 동교동 113-7,114403112019,서울특별시 마포구 연희로,25,,1144012100101130007024870,,서울특별시 마포구 연희로 25,121816,03985,,,,126.926409225854,37.561000781698
MA010120220804509358,파랑새낚시,,G2,소매,G213,오락용품 소매,G21303,음반/비디오물 소매업,G47620,음반 및 비디오물 소매업,51,강원특별자치도,51790,화천군,51790250,화천읍,5179025022,화천읍,5179025022100430040,1,대지,43,40,강원특별자치도 화천군 화천읍 하리 43-40,517903231011,강원특별자치도 화천군 화천읍 상승로,42,5,4279025022100430040000001,,강원특별자치도 화천군 화천읍 상승로 42-5,209804,24130,,1,,127.704348165393,38.104639048288
MA010120220804526760,디바이스,,G2,소매,G213,오락용품 소매,G21303,음반/비디오물 소매업,G47620,음반 및 비디오물 소매업,51,강원특별자치도,51110,춘천시,51110630,효자2동,5111011200,효자동,5111011200101530004,1,대지,153,4,강원특별자치도 춘천시 효자동 153-4,511104454267,강원특별자치도 춘천시 백령로75번길,37,,4211011200101530004026880,,강원특별자치도 춘천시 백령로75번길 37,200952,24339,,,,127.734911021629,37.8714486802963
MA010120220804564053,성원음악사,,G2,소매,G213,오락용품 소매,G21303,음반/비디오물 소매업,G47620,음반 및 비디오물 소매업,51,강원특별자치도,51230,삼척시,51230510,남양동,5123012000,남양동,5123012000100550042,1,대지,55,42,강원특별자치도 삼척시 남양동 55-42,512303224029,강원특별자치도 삼척시 진주로,6,,4223012000100550042000001,,강원특별자치도 삼척시 진주로 6,245936,25920,,,,129.164365513141,37.4411802809228
MA010120220804568710,동해종합만물,,G2,소매,G213,오락용품 소매,G21303,음반/비디오물 소매업,G47620,음반 및 비디오물 소매업,51,강원특별자치도,51170,동해시,51170630,망상동,5117012900,망상동,5117012900200050001,2,산,5,1,강원특별자치도 동해시 망상동 산5-1,511702000023,강원특별자치도 동해시 동해대로,6437,,4217012900100050001001214,대청산업개발동해휴게소,강원특별자치도 동해시 동해대로 6437,240080,25701,,,,129.074166004684,37.6018341776252
MA010120220804545562,명곡사,,G2,소매,G213,오락용품 소매,G21303,음반/비디오물 소매업,G47620,음반 및 비디오물 소매업,51,강원특별자치도,51110,춘천시,51110530,조운동,5111010800,조양동,5111010800100260001,1,대지,26,1,강원특별자치도 춘천시 조양동 26-1,511104454452,강원특별자치도 춘천시 시청길10번길,4,2,4211010800100260001022818,,강원특별자치도 춘천시 시청길10번길 4-2,200941,24352,,,,127.728519540206,37.8802544570751
MA010120220805921255,하이샵,,G2,소매,G213,오락용품 소매,G21303,음반/비디오물 소매업,G47620,음반 및 비디오물 소매업,44,충청남도,44760,부여군,44760310,규암면,4476031034,규암면,4476031034100990007,1,대지,99,7,충청남도 부여군 규암면 내리 99-7,447604577096,충청남도 부여군 규암면 내동로50번길,10,,4476031034100990001027839,,충청남도 부여군 규암면 내동로50번길 10,323813,33125,,,,126.880854085836,36.2692624363381
MA010120220805922360,골든음악사,,G2,소매,G213,오락용품 소매,G21303,음반/비디오물 소매업,G47620,음반 및 비디오물 소매업,44,충청남도,44230,논산시,44230510,취암동,4423010500,취암동,4423010500105660010,1,대지,566,10,충청남도 논산시 취암동 566-10,442304565546,충청남도 논산시 시민로397번길,1,,4423010500105660010044713,,충청남도 논산시 시민로397번길 1,320804,32954,,,,127.08744026173,36.1998254687321
MA010120220805927603,캠프트라이브,,G2,소매,G213,오락용품 소매,G21303,음반/비디오물 소매업,G47620,음반 및 비디오물 소매업,51,강원특별자치도,51790,화천군,51790250,화천읍,5179025028,화천읍,5179025028101040005,1,대지,104,5,강원특별자치도 화천군 화천읍 대이리 104-5,517903231026,강원특별자치도 화천군 화천읍 평화로,559,16,4279025028101040005000001,,강원특별자치도 화천군 화천읍 평화로 559-16,209809,24132,,,,127.75590083998,38.0976070306418
MA010120220805949665,테디엔터테인먼트,,G2,소매,G213,오락용품 소매,G21303,음반/비디오물 소매업,G47620,음반 및 비디오물 소매업,11,서울특별시,11680,강남구,11680655,도곡1동,1168011800,도곡동,1168011800109440013,1,대지,944,13,서울특별시 강남구 도곡동 944-13,116804166234,서울특별시 강남구 도곡로4길,11,,1168011800109440013000312,,서울특별시 강남구 도곡로4길 11,135860,06259,,지,,127.033684595389,37.4893081430756
MA010120220805982592,한국음반,,G2,소매,G213,오락용품 소매,G21303,음반/비디오물 소매업,G47620,음반 및 비디오물 소매업,44,충청남도,44210,서산시,44210535,동문2동,4421010200,동문동,4421010200103100001,1,대지,310,1,충청남도 서산시 동문동 310-1,442103254095,충청남도 서산시 시장6로,31,,4421010200103100001034912,,충청남도 서산시 시장6로 31,356801,31981,,,,126.457659994072,36.7824192720062
MA010120220806002663,재생사,,G2,소매,G213,오락용품 소매,G21303,음반/비디오물 소매업,G47620,음반 및 비디오물 소매업,44,충청남도,44810,예산군,44810250,예산읍,4481025021,예산읍,4481025021105230001,1,대지,523,1,충청남도 예산군 예산읍 예산리 523-1,448103263028,충청남도 예산군 예산읍 예산로,213,,4481025021105230001006700,,충청남도 예산군 예산읍 예산로 213,340804,32435,,1,,126.848271325889,36.6800739344051
MA010120220805967553,주니어천문스쿨미디어,,G2,소매,G213,오락용품 소매,G21303,음반/비디오물 소매업,G47620,음반 및 비디오물 소매업,44,충청남도,44131,천안시 동남구,44131320,광덕면,4413132021,광덕면,4413132021104030005,1,대지,403,5,충청남도 천안시 동남구 광덕면 광덕리 403-5,441313015001,충청남도 천안시 동남구 광덕면 광풍로,250,1,4413132021104030005000001,,충청남도 천안시 동남구 광덕면 광풍로 250-1,330921,31220,,2,,127.052152966386,36.6734367354387
MA010120220807466099,LP가좋다,,G2,소매,G213,오락용품 소매,G21303,음반/비디오물 소매업,G47620,음반 및 비디오물 소매업,46,전라남도,46790,화순군,46790350,능주면,4679035023,능주면,4679035023102320001,1,대지,232,1,전라남도 화순군 능주면 석고리 232-1,467904673426,전라남도 화순군 능주면 죽수길,89,,4679035023102320001025405,,전라남도 화순군 능주면 죽수길 89,519811,58153,,,,126.958202812403,34.9911422719458
MA010120220807455764,월드뮤직,,G2,소매,G213,오락용품 소매,G21303,음반/비디오물 소매업,G47620,음반 및 비디오물 소매업,29,광주광역시,29110,동구,29110525,충장동,2911011500,호남동,2911011500100350016,1,대지,35,16,광주광역시 동구 호남동 35-16,291103162073,광주광역시 동구 중앙로,155,,2911011500100350023018757,,광주광역시 동구 중앙로 155,501120,61479,,1,,126.912821413076,35.1481913814795
MA010120220807456072,아르페지오,,G2,소매,G213,오락용품 소매,G21303,음반/비디오물 소매업,G47620,음반 및 비디오물 소매업,29,광주광역시,29110,동구,29110710,학운동,2911012100,운림동,2911012100109770000,1,대지,977,,광주광역시 동구 운림동 977,291104277208,광주광역시 동구 증심사길30번길,20,,2911012100109770000000001,,광주광역시 동구 증심사길30번길 20,501200,61493,,,,126.957142864133,35.1331804378393
MA010120220807460166,명음사,,G2,소매,G213,오락용품 소매,G21303,음반/비디오물 소매업,G47620,음반 및 비디오물 소매업,29,광주광역시,29110,동구,29110560,계림1동,2911010900,계림동,2911010900102580006,1,대지,258,6,광주광역시 동구 계림동 258-6,291103162073,광주광역시 동구 중앙로,265,,2911010900102580006000433,,광주광역시 동구 중앙로 265,501805,61423,,1,,126.92035364203,35.1553804102545
MA010120220809033779,대지레코드사,,G2,소매,G213,오락용품 소매,G21303,음반/비디오물 소매업,G47620,음반 및 비디오물 소매업,27,대구광역시,27110,중구,27110565,성내1동,2711012500,교동,2711012500100690002,1,대지,69,2,대구광역시 중구 교동 69-2,271104223011,대구광역시 중구 교동2길,26,,2711012500100690002014539,,대구광역시 중구 교동2길 26,700801,41912,,,,128.597670385465,35.8732069888707
MA010120220809024449,팍스뮤직,,G2,소매,G213,오락용품 소매,G21303,음반/비디오물 소매업,G47620,음반 및 비디오물 소매업,27,대구광역시,27110,중구,27110565,성내1동,2711012300,동성로2가,2711012300100410008,1,대지,41,8,대구광역시 중구 동성로2가 41-8,271103007001,대구광역시 중구 국채보상로,580,,2711011500100170008000001,열5,대구광역시 중구 국채보상로 580,700092,41909,,,,128.595188437116,35.8709060205995
MA010120220810394729,예음사,,G2,소매,G213,오락용품 소매,G21303,음반/비디오물 소매업,G47620,음반 및 비디오물 소매업,50,제주특별자치도,50130,서귀포시,50130540,천지동,5013010100,서귀동,5013010100102990004,1,대지,299,4,제주특별자치도 서귀포시 서귀동 299-4,501303350347,제주특별자치도 서귀포시 중앙로,81,,5013010100102990004031428,동산빌딩,제주특별자치도 서귀포시 중앙로 81,697844,63592,,1,,126.560926406326,33.2519055337905
MA010120220810428128,명성레코드,,G2,소매,G213,오락용품 소매,G21303,음반/비디오물 소매업,G47620,음반 및 비디오물 소매업,26,부산광역시,26110,중구,26110510,중앙동,2611010900,중앙동6가,2611010900100090001,1,대지,9,1,부산광역시 중구 중앙동6가 9-1,261102000010,부산광역시 중구 중앙대로,17,,2611010900100090001002007,롯데,부산광역시 중구 중앙대로 17,600016,48955,,,,129.036095143722,35.0988253445682
MA010120220810463432,아이러브뮤직,,G2,소매,G213,오락용품 소매,G21303,음반/비디오물 소매업,G47620,음반 및 비디오물 소매업,26,부산광역시,26110,중구,26110580,남포동,2611014000,남포동5가,2611014000100370004,1,대지,37,4,부산광역시 중구 남포동5가 37-4,261103006005,부산광역시 중구 구덕로,66,1,2611014000100370004001083,,부산광역시 중구 구덕로 66-1,600045,48953,,,,129.028543103413,35.0980598204466
MA010120220810465433,낭만레코드,,G2,소매,G213,오락용품 소매,G21303,음반/비디오물 소매업,G47620,음반 및 비디오물 소매업,26,부산광역시,26110,중구,26110510,중앙동,2611010900,중앙동6가,2611010900100090001,1,대지,9,1,부산광역시 중구 중앙동6가 9-1,261102000010,부산광역시 중구 중앙대로,17,,2611010900100090001002007,광복지하도상가,부산광역시 중구 중앙대로 17,600016,48955,,,,129.036095143722,35.0988253445682
MA010120220810525770,비케이뮤직,,G2,소매,G213,오락용품 소매,G21303,음반/비디오물 소매업,G47620,음반 및 비디오물 소매업,26,부산광역시,26380,사하구,26380562,하단2동,2638010300,하단동,2638010300105050007,1,대지,505,7,부산광역시 사하구 하단동 505-7,263802006002,부산광역시 사하구 낙동대로,513,,2638010300105050007023891,,부산광역시 사하구 낙동대로 513,604851,49309,,,,128.965681784175,35.1100090327316
MA010120220811916978,아이돌뮤직,,G2,소매,G213,오락용품 소매,G21303,음반/비디오물 소매업,G47620,음반 및 비디오물 소매업,11,서울특별시,11440,마포구,11440660,서교동,1144012100,동교동,1144012100101770007,1,대지,177,7,서울특별시 마포구 동교동 177-7,114404139410,서울특별시 마포구 신촌로2안길,42,,1144012100101770007027144,위저드빌,서울특별시 마포구 신촌로2안길 42,121818,04056,,1,,126.929231480155,37.5567407915354
MA010120220812029782,레볼보,,G2,소매,G213,오락용품 소매,G21303,음반/비디오물 소매업,G47620,음반 및 비디오물 소매업,11,서울특별시,11380,은평구,11380600,응암3동,1138010700,응암동,1138010700101260022,1,대지,126,22,서울특별시 은평구 응암동 126-22,113804133096,서울특별시 은평구 불광천길,466,,1138010700101260022019104,지층,서울특별시 은평구 불광천길 466,122923,03456,,지,,126.915517001797,37.5947267041059
MA010120220812071622,타워레코드,,G2,소매,G213,오락용품 소매,G21303,음반/비디오물 소매업,G47620,음반 및 비디오물 소매업,27,대구광역시,27110,중구,27110545,삼덕동,2711010600,삼덕동2가,2711010600101400012,1,대지,140,12,대구광역시 중구 삼덕동2가 140-12,271103007017,대구광역시 중구 공평로,26,7,2711010600101400012009608,,대구광역시 중구 공평로 26-7,700412,41940,,,,128.600410582836,35.866321824237
MA010120220812066226,포춘쿠키팩토리,,G2,소매,G213,오락용품 소매,G21303,음반/비디오물 소매업,G47620,음반 및 비디오물 소매업,11,서울특별시,11680,강남구,11680510,신사동,1168010700,신사동,1168010700105230005,1,대지,523,5,서울특별시 강남구 신사동 523-5,116804166526,서울특별시 강남구 압구정로4길,24,,1168010700105230005011352,,서울특별시 강남구 압구정로4길 24,135888,06028,,1,,127.020780431653,37.521170665232
MA010120220814202590,라티마티,,G2,소매,G213,오락용품 소매,G21303,음반/비디오물 소매업,G47620,음반 및 비디오물 소매업,11,서울특별시,11560,영등포구,11560535,영등포동,1156010300,영등포동2가,1156010300100940124,1,대지,94,124,서울특별시 영등포구 영등포동2가 94-124,115603118010,서울특별시 영등포구 버드나루로,41,,1156010300100940124033758,,서울특별시 영등포구 버드나루로 41,150901,07249,,2,,126.911220960139,37.5222203302483
MA010120220814164464,비엔플러스,,G2,소매,G213,오락용품 소매,G21303,음반/비디오물 소매업,G47620,음반 및 비디오물 소매업,41,경기도,41150,의정부시,41150520,의정부2동,4115010100,의정부동,4115010100104390023,1,대지,439,23,경기도 의정부시 의정부동 439-23,411504343257,경기도 의정부시 신흥로258번길,25,,4115010100104390023013279,해태프라자,경기도 의정부시 신흥로258번길 25,480942,11670,,18,,127.044859207363,37.7393377641672
MA010120220814315216,크라운미디어,,G2,소매,G213,오락용품 소매,G21303,음반/비디오물 소매업,G47620,음반 및 비디오물 소매업,11,서울특별시,11110,종로구,11110640,이화동,1111016600,연건동,1111016600102710001,1,대지,271,1,서울특별시 종로구 연건동 271-1,111104100218,서울특별시 종로구 율곡로13길,21,,1111016600102730012010088,크라운빌딩,서울특별시 종로구 율곡로13길 21,110500,03081,,,,127.000339617044,37.5768091583976
MA010120220814306371,크레프,,G2,소매,G213,오락용품 소매,G21303,음반/비디오물 소매업,G47620,음반 및 비디오물 소매업,41,경기도,41192,부천시 원미구,41192650,중3동,4119210800,중동,4119210800110790003,1,대지,1079,3,경기도 부천시 원미구 중동 1079-3,411923000065,경기도 부천시 원미구 길주로,319,,4119510800110790003035491,골든타워,경기도 부천시 원미구 길주로 319,420849,14534,,2,,126.778119865365,37.5032954225578
MA010120220814271870,김포레코드,,G2,소매,G213,오락용품 소매,G21303,음반/비디오물 소매업,G47620,음반 및 비디오물 소매업,41,경기도,41570,김포시,41570360,하성면,4157036031,하성면,4157036031101310016,1,대지,131,16,경기도 김포시 하성면 전류리 131-16,415704427461,경기도 김포시 하성면 월하로912번길,89,6,4157036031101310016013744,,경기도 김포시 하성면 월하로912번길 89-6,415888,10013,,,,126.655651247602,37.7020567959857
MA0101202209A0093257,시티레코드,,G2,소매,G213,오락용품 소매,G21303,음반/비디오물 소매업,G47620,음반 및 비디오물 소매업,11,서울특별시,11620,관악구,11620645,서원동,1162010200,신림동,1162010200100920284,1,대지,92,284,서울특별시 관악구 신림동 92-284,116203120005,서울특별시 관악구 신림로,224,1,1162010200100920284022101,,서울특별시 관악구 신림로 224-1,151853,08783,,2,,126.936541742132,37.4776098221706
MA0101202210A0000053,모스레코즈앤커피,,G2,소매,G213,오락용품 소매,G21303,음반/비디오물 소매업,G47620,음반 및 비디오물 소매업,11,서울특별시,11440,마포구,11440720,성산1동,1144012500,성산동,1144012500102450047,1,대지,245,47,서울특별시 마포구 성산동 245-47,114403113011,서울특별시 마포구 성미산로,29,1,1144012500102450047027890,,서울특별시 마포구 성미산로 29-1,121847,03968,,1,,126.911562276378,37.558891271829
MA0101202209A0096450,라펜티,,G2,소매,G213,오락용품 소매,G21303,음반/비디오물 소매업,G47620,음반 및 비디오물 소매업,11,서울특별시,11680,강남구,11680531,논현2동,1168010800,논현동,1168010800100770013,1,대지,77,13,서울특별시 강남구 논현동 77-13,116804166577,서울특별시 강남구 언주로135길,32,11,1168010800100770013005875,,서울특별시 강남구 언주로135길 32-11,135995,06051,,,,127.032441633122,37.5174018447519
MA0101202212A0040553,빅써클,,G2,소매,G213,오락용품 소매,G21303,음반/비디오물 소매업,G47620,음반 및 비디오물 소매업,41,경기도,41461,용인시 처인구,41461360,양지면,4146136023,양지면,4146136023103130043,1,대지,313,43,경기도 용인시 처인구 양지면 평창리 313-43,414614409176,경기도 용인시 처인구 양지면 남평로259번길,74,4,4146136023103130043031835,푸르메마을,경기도 용인시 처인구 양지면 남평로259번길 74-4,449821,17163,,,,127.312150959048,37.2278198013675
MA0101202212A0036603,박은주아나운서스피치,,G2,소매,G213,오락용품 소매,G21303,음반/비디오물 소매업,G47620,음반 및 비디오물 소매업,11,서울특별시,11680,강남구,11680510,신사동,1168010700,신사동,1168010700105610000,1,대지,561,,서울특별시 강남구 신사동 561,116804166144,서울특별시 강남구 논현로151길,41,,1168010700105610000011722,상운빌딩,서울특별시 강남구 논현로151길 41,135890,06037,,3,,127.024818351966,37.5196021405731
MA0101202212A0047010,하인크,,G2,소매,G213,오락용품 소매,G21303,음반/비디오물 소매업,G47620,음반 및 비디오물 소매업,11,서울특별시,11530,구로구,11530560,구로5동,1153010200,구로동,1153010200101100005,1,대지,110,5,서울특별시 구로구 구로동 110-5,115304148267,서울특별시 구로구 구로중앙로28길,73,,1153010200101100006020695,,서울특별시 구로구 구로중앙로28길 73,152844,08295,,,,126.889329342644,37.5007939927219
MA0101202212A0094388,더DISK9,,G2,소매,G213,오락용품 소매,G21303,음반/비디오물 소매업,G47620,음반 및 비디오물 소매업,52,전북특별자치도,52140,익산시,52140430,삼기면,5214043026,삼기면,5214043026109060002,1,대지,906,2,전북특별자치도 익산시 삼기면 용연리 906-2,521403269039,전북특별자치도 익산시 삼기면 하나로,864,,4514043026109060002000001,,전북특별자치도 익산시 삼기면 하나로 864,570822,54528,,,,126.977707789914,35.9979462584055
MA0101202302A0030197,클로버뮤직,,G2,소매,G213,오락용품 소매,G21303,음반/비디오물 소매업,G47620,음반 및 비디오물 소매업,41,경기도,41450,하남시,41450610,미사1동,4145010900,망월동,4145010900111000000,1,대지,1100,,경기도 하남시 망월동 1100,414503202059,경기도 하남시 미사강변동로,95,,4145010900111000000000001,제비,경기도 하남시 미사강변동로 95,465150,12913,,지,,127.191748103944,37.5637241650815
MA0101202301A0098116,소리상회,,G2,소매,G213,오락용품 소매,G21303,음반/비디오물 소매업,G47620,음반 및 비디오물 소매업,11,서울특별시,11440,마포구,11440630,신수동,1144011100,신수동,1144011100103450001,1,대지,345,1,서울특별시 마포구 신수동 345-1,114403113013,서울특별시 마포구 신수로,60,,1144011100103450001008197,,서울특별시 마포구 신수로 60,121856,04088,,1,,126.934446056525,37.5470220330329
MA0101202302A0007482,팝스쿨,,G2,소매,G213,오락용품 소매,G21303,음반/비디오물 소매업,G47620,음반 및 비디오물 소매업,41,경기도,41173,안양시 동안구,41173559,인덕원동,4117310200,관양동,4117310200108890001,1,대지,889,1,경기도 안양시 동안구 관양동 889-1,411734349149,경기도 안양시 동안구 시민대로365번길,40,,4117310200108890001006820,동일테크노타운,경기도 안양시 동안구 시민대로365번길 40,431716,14057,,2,,126.970964042391,37.3981717405991
MA0101202303A0048345,사운드웨이브,여의도점,G2,소매,G213,오락용품 소매,G21303,음반/비디오물 소매업,G47620,음반 및 비디오물 소매업,11,서울특별시,11560,영등포구,11560540,여의동,1156011000,여의도동,1156011000100220000,1,대지,22,,서울특별시 영등포구 여의도동 22,115602118001,서울특별시 영등포구 여의대로,108,,1156011000100220000000001,더현대서울,서울특별시 영등포구 여의대로 108,150875,07335,,2,,126.929114222117,37.5251967223703
MA0101202303A0054666,연음악사,,G2,소매,G213,오락용품 소매,G21303,음반/비디오물 소매업,G47620,음반 및 비디오물 소매업,28,인천광역시,28110,중구,28110585,동인천동,2811013600,인현동,2811013600100010012,1,대지,1,12,인천광역시 중구 인현동 1-12,281103149065,인천광역시 중구 참외전로,123,,2811013600100010012000001,새동인천지하상가,인천광역시 중구 참외전로 123,400180,22317,,,,126.631458495359,37.4758447593653
MA0101202303A0104887,뮤직명동2호점,코리아,G2,소매,G213,오락용품 소매,G21303,음반/비디오물 소매업,G47620,음반 및 비디오물 소매업,11,서울특별시,11140,중구,11140550,명동,1114013000,남산동3가,1114013000100130036,1,대지,13,36,서울특별시 중구 남산동3가 13-36,111403101011,서울특별시 중구 퇴계로,134,,1114013000100130036020001,계림빌딩,서울특별시 중구 퇴계로 134,100043,04629,,1,,126.986588010969,37.5607256255163
MA0101202305A0039643,엑스비션,,G2,소매,G213,오락용품 소매,G21303,음반/비디오물 소매업,J59112,애니메이션 영화 및 비디오물 제작업,11,서울특별시,11680,강남구,11680545,압구정동,1168010700,신사동,1168010700105880008,1,대지,588,8,서울특별시 강남구 신사동 588-8,116804166145,서울특별시 강남구 논현로152길,32,,1168010700105880008011273,카라코람빌딩,서울특별시 강남구 논현로152길 32,135893,06026,,3,,127.030803093881,37.5213937272806
MA010120220802567546,크리스탈뮤직,,G2,소매,G213,오락용품 소매,G21303,음반/비디오물 소매업,G47620,음반 및 비디오물 소매업,28,인천광역시,28260,서구,28260537,청라2동,2826012200,청라동,2826012200101550007,1,대지,155,7,인천광역시 서구 청라동 155-7,282603156126,인천광역시 서구 청라루비로,76,,2826010400109530007000002,청라스퀘어,인천광역시 서구 청라루비로 76,,22761,,2,,126.64170167348,37.5325131798571
MA010120220802586709,구덕레코즈,,G2,소매,G213,오락용품 소매,G21303,음반/비디오물 소매업,G47620,음반 및 비디오물 소매업,26,부산광역시,26140,서구,26140560,서대신3동,2614010600,서대신동3가,2614010600103840001,1,대지,384,1,부산광역시 서구 서대신동3가 384-1,261404178057,부산광역시 서구 구덕로333번길,7,,2614010600103840001020433,,부산광역시 서구 구덕로333번길 7,602825,49226,,2,,129.015683268671,35.1132879953073
MA010120220804273688,펭귄레코드,,G2,소매,G213,오락용품 소매,G21303,음반/비디오물 소매업,G47620,음반 및 비디오물 소매업,41,경기도,41830,양평군,41830250,양평읍,4183025031,양평읍,4183025031105530009,1,대지,553,9,경기도 양평군 양평읍 회현리 553-9,418304451186,경기도 양평군 양평읍 나루터길,30,,4183025031105530009026823,,경기도 양평군 양평읍 나루터길 30,476804,12563,,,,127.50285997022,37.4641770439135
MA010120220804329272,예랑음악사,,G2,소매,G213,오락용품 소매,G21303,음반/비디오물 소매업,G47620,음반 및 비디오물 소매업,11,서울특별시,11260,중랑구,11260575,면목3.8동,1126010100,면목동,1126010100104730016,1,대지,473,16,서울특별시 중랑구 면목동 473-16,112603005034,서울특별시 중랑구 사가정로,395,,1126010100104730016026967,,서울특별시 중랑구 사가정로 395,131813,02214,,,,127.088678780696,37.5808393331155
MA010120220805746167,이서하이샵,,G2,소매,G213,오락용품 소매,G21303,음반/비디오물 소매업,G47620,음반 및 비디오물 소매업,52,전북특별자치도,52710,완주군,52710330,이서면,5271033028,이서면,5271033028101860000,1,대지,186,,전북특별자치도 완주군 이서면 은교리 186,527101000012,전북특별자치도 완주군 이서면 호남고속도로,161,,4571033028101860000000001,,전북특별자치도 완주군 이서면 호남고속도로 161,565853,55367,,,,127.023853218024,35.8041234237791
MA010120220805768101,KS하이샵,,G2,소매,G213,오락용품 소매,G21303,음반/비디오물 소매업,G47620,음반 및 비디오물 소매업,44,충청남도,44800,홍성군,44800350,은하면,4480035025,은하면,4480035025102920004,1,대지,292,4,충청남도 홍성군 은하면 금국리 292-4,448001000007,충청남도 홍성군 은하면 서해안고속도로,220,,4480035025102710007000001,,충청남도 홍성군 은하면 서해안고속도로 220,350881,32209,,,,126.582104466203,36.5535940246133
MA010120220805827837,금왕하이숍,,G2,소매,G213,오락용품 소매,G21303,음반/비디오물 소매업,G47620,음반 및 비디오물 소매업,43,충청북도,43770,음성군,43770253,금왕읍,4377025326,금왕읍,4377025326101900003,1,대지,190,3,충청북도 음성군 금왕읍 용계리 190-3,437701000019,충청북도 음성군 금왕읍 평택제천고속도로,69,,4377025326101900003000001,,충청북도 음성군 금왕읍 평택제천고속도로 69,369903,27681,,,,127.58956856261,36.9705128951442
MA010120220805801174,미도사,,G2,소매,G213,오락용품 소매,G21303,음반/비디오물 소매업,G47620,음반 및 비디오물 소매업,44,충청남도,44710,금산군,44710250,금산읍,4471025024,금산읍,4471025024100910002,1,대지,91,2,충청남도 금산군 금산읍 상리 91-2,447103257021,충청남도 금산군 금산읍 비범로,13,,4471025024100910002016999,,충청남도 금산군 금산읍 비범로 13,312802,32738,,,,127.490929943971,36.1040533013663
MA010120220805829348,CK사운드,,G2,소매,G213,오락용품 소매,G21303,음반/비디오물 소매업,G47620,음반 및 비디오물 소매업,30,대전광역시,30170,서구,30170530,도마2동,3017010300,도마동,3017010300105650031,1,대지,565,31,대전광역시 서구 도마동 565-31,301704298620,대전광역시 서구 도림4길,4,,3017010300105650031030727,,대전광역시 서구 도림4길 4,302871,35340,,,,127.371976252508,36.3101617743736
MA010120220805868064,탑뮤직,,G2,소매,G213,오락용품 소매,G21303,음반/비디오물 소매업,G47620,음반 및 비디오물 소매업,44,충청남도,44150,공주시,44150540,웅진동,4415010500,산성동,4415010500101750011,1,대지,175,11,충청남도 공주시 산성동 175-11,441503251030,충청남도 공주시 웅진로,205,,4415010500101750011751997,,충청남도 공주시 웅진로 205,314020,32539,,,,127.124700841546,36.4588286234842
MA010120220805875171,광성사,,G2,소매,G213,오락용품 소매,G21303,음반/비디오물 소매업,G47620,음반 및 비디오물 소매업,36,세종특별자치시,36110,세종특별자치시,36110250,조치원읍,3611025022,조치원읍,3611025022101320002,1,대지,132,2,세종특별자치시 세종특별자치시 조치원읍 상리 132-2,361103258031,세종특별자치시 세종특별자치시 조치원읍 조치원로,41,1,4473025022101320002036512,,세종특별자치시 세종특별자치시 조치원읍 조치원로 41-1,339881,30025,,,,127.301351324217,36.6019403889824
MA010120220807246148,깡통속의선율,,G2,소매,G213,오락용품 소매,G21303,음반/비디오물 소매업,G47620,음반 및 비디오물 소매업,52,전북특별자치도,52111,전주시 완산구,52111691,평화1동,5211113200,평화동1가,5211113200104060008,1,대지,406,8,전북특별자치도 전주시 완산구 평화동1가 406-8,521113266063,전북특별자치도 전주시 완산구 장승배기로,269,,4511113200104060008025536,,전북특별자치도 전주시 완산구 장승배기로 269,560843,55107,,,,127.141461720835,35.7990135202093
MA010120220807240886,일번지음악사,,G2,소매,G213,오락용품 소매,G21303,음반/비디오물 소매업,G47620,음반 및 비디오물 소매업,52,전북특별자치도,52111,전주시 완산구,52111530,풍남동,5211111800,교동,5211111800102690003,1,대지,269,3,전북특별자치도 전주시 완산구 교동 269-3,521114598019,전북특별자치도 전주시 완산구 경기전길,120,,4511111800102690003345701,,전북특별자치도 전주시 완산구 경기전길 120,560070,55044,,,,127.151004488964,35.8141521260739
MA010120220807261186,이서상하이샵,,G2,소매,G213,오락용품 소매,G21303,음반/비디오물 소매업,G47620,음반 및 비디오물 소매업,52,전북특별자치도,52710,완주군,52710330,이서면,5271033028,이서면,5271033028101830034,1,대지,183,34,전북특별자치도 완주군 이서면 은교리 183-34,527101000012,전북특별자치도 완주군 이서면 호남고속도로,162,,4571033028201830005000001,,전북특별자치도 완주군 이서면 호남고속도로 162,565853,55368,,,,127.025788621573,35.8018518404839
MA010120220807302066,원음악사,,G2,소매,G213,오락용품 소매,G21303,음반/비디오물 소매업,G47620,음반 및 비디오물 소매업,52,전북특별자치도,52140,익산시,52140646,영등1동,5214012200,영등동,5214012200107500001,1,대지,750,1,전북특별자치도 익산시 영등동 750-1,521403269002,전북특별자치도 익산시 고봉로,273,,4514012200107500001064437,,전북특별자치도 익산시 고봉로 273,570981,54634,,,,126.970137412393,35.9564696778905
MA010120220807308695,반디시스템,,G2,소매,G213,오락용품 소매,G21303,음반/비디오물 소매업,G47620,음반 및 비디오물 소매업,52,전북특별자치도,52140,익산시,52140580,마동,5214011200,마동,5214011200100770005,1,대지,77,5,전북특별자치도 익산시 마동 77-5,521403269019,전북특별자치도 익산시 서동로,150,,4514011200100770005075356,,전북특별자치도 익산시 서동로 150,570962,54613,,,,126.967474367478,35.9359657340254
MA010120220807336366,대도음악사,,G2,소매,G213,오락용품 소매,G21303,음반/비디오물 소매업,G47620,음반 및 비디오물 소매업,30,대전광역시,30110,동구,30110515,중앙동,3011012000,중동,3011012000100280013,1,대지,28,13,대전광역시 동구 중동 28-13,301104292132,대전광역시 동구 대전로797번길,39,,3011012000100280013023854,,대전광역시 동구 대전로797번길 39,300160,34628,,,,127.430909131413,36.3299069438245
MA010120220807349457,정읍생활용품점,,G2,소매,G213,오락용품 소매,G21303,음반/비디오물 소매업,G47620,음반 및 비디오물 소매업,52,전북특별자치도,52180,정읍시,52180510,수성동,5218012100,하북동,5218012100101310001,1,대지,131,1,전북특별자치도 정읍시 하북동 131-1,521804610312,전북특별자치도 정읍시 박동길,53,,4518012100101310001032659,,전북특별자치도 정읍시 박동길 53,580802,56166,,,,126.869102891632,35.6032589035036
MA010120220807359054,정읍하이샵상행,,G2,소매,G213,오락용품 소매,G21303,음반/비디오물 소매업,G47620,음반 및 비디오물 소매업,52,전북특별자치도,52180,정읍시,52180310,북면,5218031029,북면,5218031029200200005,2,산,20,5,전북특별자치도 정읍시 북면 남산리 산20-5,521804611066,전북특별자치도 정읍시 북면 하북1길,227,23,4518031029200200005070601,,전북특별자치도 정읍시 북면 하북1길 227-23,580811,56132,,,,126.864836257866,35.6007215608495
MA010120220807351221,가람과한솔,,G2,소매,G213,오락용품 소매,G21303,음반/비디오물 소매업,G47620,음반 및 비디오물 소매업,52,전북특별자치도,52180,정읍시,52180390,태인면,5218039024,태인면,5218039024105460003,1,대지,546,3,전북특별자치도 정읍시 태인면 태성리 546-3,521804611106,전북특별자치도 정읍시 태인면 향교1길,4,,4518039024105460003050424,,전북특별자치도 정읍시 태인면 향교1길 4,580924,56115,,,,126.940668164202,35.6517236524416
MA010120220807351499,정읍악기점,,G2,소매,G213,오락용품 소매,G21303,음반/비디오물 소매업,G47620,음반 및 비디오물 소매업,52,전북특별자치도,52180,정읍시,52180570,연지동,5218010500,연지동,5218010500102570006,1,대지,257,6,전북특별자치도 정읍시 연지동 257-6,521803270057,전북특별자치도 정읍시 서부로,20,1,4518010500102570006082323,,전북특별자치도 정읍시 서부로 20-1,580806,56160,,,,126.845340160929,35.57008112642
MA010120220807356254,21세기음악사,,G2,소매,G213,오락용품 소매,G21303,음반/비디오물 소매업,G47620,음반 및 비디오물 소매업,52,전북특별자치도,52800,부안군,52800340,계화면,5280034021,계화면,5280034021105410005,1,대지,541,5,전북특별자치도 부안군 계화면 계화리 541-5,528004640037,전북특별자치도 부안군 계화면 계화2길,38,,4580034021105410005006266,,전북특별자치도 부안군 계화면 계화2길 38,579821,56300,,,,126.634897638129,35.7829866639174
MA010120220808709452,한일레코드,,G2,소매,G213,오락용품 소매,G21303,음반/비디오물 소매업,G47620,음반 및 비디오물 소매업,41,경기도,41115,수원시 팔달구,41115740,행궁동,4111512200,팔달로3가,4111512200100270010,1,대지,27,10,경기도 수원시 팔달구 팔달로3가 27-10,411154328403,경기도 수원시 팔달구 팔달문로4번길,18,,4111512200100270010015980,,경기도 수원시 팔달구 팔달문로4번길 18,442023,16262,,1,,127.017443144638,37.2766609844346
MA010120220808809634,올맨,,G2,소매,G213,오락용품 소매,G21303,음반/비디오물 소매업,G47620,음반 및 비디오물 소매업,27,대구광역시,27110,중구,27110545,삼덕동,2711010700,삼덕동3가,2711010700102760005,1,대지,276,5,대구광역시 중구 삼덕동3가 276-5,271104223058,대구광역시 중구 달구벌대로447길,36,,2711010700102760005014492,,대구광역시 중구 달구벌대로447길 36,700413,41948,,,,128.607858427277,35.8639875221032
MA010120220808824103,미도파소리사,,G2,소매,G213,오락용품 소매,G21303,음반/비디오물 소매업,G47620,음반 및 비디오물 소매업,27,대구광역시,27110,중구,27110595,대신동,2711015400,대신동,2711015400101150001,1,대지,115,1,대구광역시 중구 대신동 115-1,271103007001,대구광역시 중구 국채보상로,470,,2711013500101540018000001,대신지하상가,대구광역시 중구 국채보상로 470,700750,41925,,,,128.581053359105,35.8705161947503
MA010120220808824194,성운레코드,,G2,소매,G213,오락용품 소매,G21303,음반/비디오물 소매업,G47620,음반 및 비디오물 소매업,27,대구광역시,27110,중구,27110595,대신동,2711015400,대신동,2711015400101150001,1,대지,115,1,대구광역시 중구 대신동 115-1,271103007001,대구광역시 중구 국채보상로,470,,2711013500101540018000001,대신,대구광역시 중구 국채보상로 470,700750,41925,,,,128.581053359105,35.8705161947503
MA010120220808834498,찬양의집,,G2,소매,G213,오락용품 소매,G21303,음반/비디오물 소매업,G47620,음반 및 비디오물 소매업,47,경상북도,47150,김천시,47150310,농소면,4715031023,농소면,4715031023110330000,1,대지,1033,,경상북도 김천시 농소면 월곡리 1033,471504718712,경상북도 김천시 농소면 월곡내지길,173,11,4715031023110330000000001,,경상북도 김천시 농소면 월곡내지길 173-11,740881,39659,,,,128.165631364606,36.1022637424551
MA010120220810221665,플스빌동탄라크몽점,,G2,소매,G213,오락용품 소매,G21303,음반/비디오물 소매업,G47620,음반 및 비디오물 소매업,41,경기도,41590,화성시,41590610,동탄7동,4159013700,송동,4159013700107260001,1,대지,726,1,경기도 화성시 송동 726-1,415904852340,경기도 화성시 동탄대로5길,21,,4159013700107260001000001,라크몽,경기도 화성시 동탄대로5길 21,,18497,,3,,127.105047264513,37.1665526203109
MA010120220810237712,뮤직플랜트,,G2,소매,G213,오락용품 소매,G21303,음반/비디오물 소매업,G47620,음반 및 비디오물 소매업,11,서울특별시,11680,강남구,11680510,신사동,1168010700,신사동,1168010700105290002,1,대지,529,2,서울특별시 강남구 신사동 529-2,116803122007,서울특별시 강남구 압구정로,114,,1168010700105290002010653,신사빌딩,서울특별시 강남구 압구정로 114,135888,06028,,1,,127.02130139278,37.5232879287934
MA010120220810266848,사운드웨이브,영등포점,G2,소매,G213,오락용품 소매,G21303,음반/비디오물 소매업,G47620,음반 및 비디오물 소매업,11,서울특별시,11560,영등포구,11560515,영등포본동,1156010100,영등포동,1156010100106180496,1,대지,618,496,서울특별시 영등포구 영등포동 618-496,115603000028,서울특별시 영등포구 경인로,846,,1156010100106180501000001,롯데백화점,서울특별시 영등포구 경인로 846,150899,07306,,3,,126.907665657018,37.5156673130525
MA010120220810289182,영진뮤직,,G2,소매,G213,오락용품 소매,G21303,음반/비디오물 소매업,G47620,음반 및 비디오물 소매업,43,충청북도,43740,영동군,43740335,추풍령면,4374033522,추풍령면,4374033522100380000,1,대지,38,,충청북도 영동군 추풍령면 사부리 38,437404529106,충청북도 영동군 추풍령면 금보길,218,1,4374033522100380000000257,,충청북도 영동군 추풍령면 금보길 218-1,370891,29117,,,,127.980793286538,36.2324530799273
MA010120220810340792,여나캘리그라피,,G2,소매,G213,오락용품 소매,G21303,음반/비디오물 소매업,G47620,음반 및 비디오물 소매업,27,대구광역시,27230,북구,27230645,대현동,2723011000,대현동,2723011000100210019,1,대지,21,19,대구광역시 북구 대현동 21-19,272304235163,대구광역시 북구 대현로19길,72,,2723011000100210019019269,,대구광역시 북구 대현로19길 72,702819,41569,,1,,128.613161856394,35.885859165059
MA010120220810352592,대영팬더,,G2,소매,G213,오락용품 소매,G21303,음반/비디오물 소매업,G47620,음반 및 비디오물 소매업,11,서울특별시,11710,송파구,11710642,문정2동,1171010800,문정동,1171010800106340000,1,대지,634,,서울특별시 송파구 문정동 634,117103123017,서울특별시 송파구 충민로,66,,1171010800105600000000001,와이-비,서울특별시 송파구 충민로 66,138888,05838,,1,,127.12496063833,37.4776148454472
MA010120220811750731,영플라자YG,본점,G2,소매,G213,오락용품 소매,G21303,음반/비디오물 소매업,G47620,음반 및 비디오물 소매업,11,서울특별시,11140,중구,11140520,소공동,1114011100,소공동,1114011100100010000,1,대지,1,,서울특별시 중구 소공동 1,111403101001,서울특별시 중구 남대문로,81,,1114011100100010000022218,롯데쇼핑,서울특별시 중구 남대문로 81,100721,04533,,1,,126.981731554799,37.5647253985078
MA010120220811795230,제이컴퍼니,,G2,소매,G213,오락용품 소매,G21303,음반/비디오물 소매업,G47620,음반 및 비디오물 소매업,28,인천광역시,28177,미추홀구,28177570,용현5동,2817710200,용현동,2817710200106650008,1,대지,665,8,인천광역시 미추홀구 용현동 665-8,281774854091,인천광역시 미추홀구 용정공원로83번길,49,,2817710200106650008000001,인하대역헤리움메트로타워,인천광역시 미추홀구 용정공원로83번길 49,402025,22188,,2,,126.648593960303,37.4475692869904
MA010120220800639895,향음악사,,G2,소매,G213,오락용품 소매,G21303,음반/비디오물 소매업,G47620,음반 및 비디오물 소매업,11,서울특별시,11410,서대문구,11410585,신촌동,1141011600,창천동,1141011600100330016,1,대지,33,16,서울특별시 서대문구 창천동 33-16,114104136246,서울특별시 서대문구 연세로9길,3,,1141011600100330048021732,,서울특별시 서대문구 연세로9길 3,120834,03788,,5,,126.936631744621,37.5583938199725
MA010120220800621356,영혼의과학연구회,,G2,소매,G213,오락용품 소매,G21303,음반/비디오물 소매업,G47620,음반 및 비디오물 소매업,41,경기도,41360,남양주시,41360510,호평동,4136010100,호평동,4136010100106380000,1,대지,638,,경기도 남양주시 호평동 638,413604391236,경기도 남양주시 늘을1로16번길,25,,4136010100106380000003495,호평동,경기도 남양주시 늘을1로16번길 25,472120,12149,,,,127.242896058592,37.6540711293347
MA010120220800621843,엠투유엔터테인먼트주,,G2,소매,G213,오락용품 소매,G21303,음반/비디오물 소매업,G47620,음반 및 비디오물 소매업,11,서울특별시,11410,서대문구,11410585,신촌동,1141011600,창천동,1141011600100300033,1,대지,30,33,서울특별시 서대문구 창천동 30-33,114103005057,서울특별시 서대문구 신촌로,83,,1141011600100300033022842,현대백화점,서울특별시 서대문구 신촌로 83,120706,03789,,1,,126.935841485762,37.5560778303241
MA010120220800692098,뮤직닷컴,,G2,소매,G213,오락용품 소매,G21303,음반/비디오물 소매업,G47620,음반 및 비디오물 소매업,11,서울특별시,11215,광진구,11215847,자양4동,1121510500,자양동,1121510500100080001,1,대지,8,1,서울특별시 광진구 자양동 8-1,112153000002,서울특별시 광진구 아차산로,220,,1121510500100080001015001,,서울특별시 광진구 아차산로 220,143841,05072,,,,127.067652956782,37.5406327643414
MA010120220800690234,지엠사운드,,G2,소매,G213,오락용품 소매,G21303,음반/비디오물 소매업,R90199,그 외 기타 창작 및 예술관련 서비스업,52,전북특별자치도,52130,군산시,52130640,흥남동,5213012900,미원동,5213012900100320000,1,대지,32,,전북특별자치도 군산시 미원동 32,521303268088,전북특별자치도 군산시 월명로,410,,4513012900100310000000020,,전북특별자치도 군산시 월명로 410,573180,54028,,1,,126.714733838193,35.9805398194762
MA010120220800710384,쉼터음악사,,G2,소매,G213,오락용품 소매,G21303,음반/비디오물 소매업,G47620,음반 및 비디오물 소매업,11,서울특별시,11530,구로구,11530550,구로4동,1153010200,구로동,1153010200107310006,1,대지,731,6,서울특별시 구로구 구로동 731-6,115303005070,서울특별시 구로구 구로동로,128,,1153010200107310006020937,,서울특별시 구로구 구로동로 128,152872,08311,,,,126.884392461685,37.4900943192011
MA010120220800785951,케이팝스,,G2,소매,G213,오락용품 소매,G21303,음반/비디오물 소매업,G47620,음반 및 비디오물 소매업,11,서울특별시,11680,강남구,11680650,역삼2동,1168010100,역삼동,1168010100107730001,1,대지,773,1,서울특별시 강남구 역삼동 773-1,116804166613,서울특별시 강남구 언주로71길,7,,1168010100107730001024345,,서울특별시 강남구 언주로71길 7,135928,06226,,3,,127.044397474273,37.4974497068792
MA010120220800796417,마르첼,,G2,소매,G213,오락용품 소매,G21303,음반/비디오물 소매업,G47620,음반 및 비디오물 소매업,11,서울특별시,11710,송파구,11710642,문정2동,1171010800,문정동,1171010800106280000,1,대지,628,,서울특별시 송파구 문정동 628,117103123017,서울특별시 송파구 충민로,10,,1171010800104090003000001,제비,서울특별시 송파구 충민로 10,138888,05840,,2,,127.119388027962,37.4782693339906
MA010120220802364567,RZ,,G2,소매,G213,오락용품 소매,G21303,음반/비디오물 소매업,G47620,음반 및 비디오물 소매업,41,경기도,41271,안산시 상록구,41271515,이동,4127110200,이동,4127110200107150007,1,대지,715,7,경기도 안산시 상록구 이동 715-7,412713190054,경기도 안산시 상록구 양지편로,28,,4127110200107150007001329,진성프라자,경기도 안산시 상록구 양지편로 28,426863,15494,,,,126.850547920109,37.3087619812143
MA010120220802398572,수원건강식품,백화점,G2,소매,G213,오락용품 소매,G21303,음반/비디오물 소매업,G47620,음반 및 비디오물 소매업,41,경기도,41115,수원시 팔달구,41115740,행궁동,4111512200,팔달로3가,4111512200100250019,1,대지,25,19,경기도 수원시 팔달구 팔달로3가 25-19,411153012006,경기도 수원시 팔달구 정조로,772,,4111512200100250019015952,,경기도 수원시 팔달구 정조로 772,442023,16262,,,,127.01693579919,37.2768863181568
MA010120220802421002,오앤미,,G2,소매,G213,오락용품 소매,G21303,음반/비디오물 소매업,G47620,음반 및 비디오물 소매업,41,경기도,41370,오산시,41370543,신장1동,4137010700,금암동,4137010700200420001,2,산,42,1,경기도 오산시 금암동 산42-1,413701000046,경기도 오산시 수도권제2순환고속도로,14,,4137010700200390001000001,오산휴게소,경기도 오산시 수도권제2순환고속도로 14,447280,18102,,,,127.038285565166,37.175810800073
MA010120220802465888,쥬니어음반할인매장,,G2,소매,G213,오락용품 소매,G21303,음반/비디오물 소매업,G47620,음반 및 비디오물 소매업,41,경기도,41370,오산시,41370510,중앙동,4137010100,오산동,4137010100103140020,1,대지,314,20,경기도 오산시 오산동 314-20,413704394086,경기도 오산시 성호새싹길,48,,4137010100103140020002876,,경기도 오산시 성호새싹길 48,447800,18135,,1,,127.070401821713,37.1530714092677
MA010120220802440949,게임스타일,,G2,소매,G213,오락용품 소매,G21303,음반/비디오물 소매업,G47620,음반 및 비디오물 소매업,41,경기도,41117,수원시 영통구,41117520,매탄2동,4111710100,매탄동,4111710100101960024,1,대지,196,24,경기도 수원시 영통구 매탄동 196-24,411174331022,경기도 수원시 영통구 동수원로514번길,24,,4111710100101960024004060,,경기도 수원시 영통구 동수원로514번길 24,443801,16524,,,,127.047342670108,37.2718592673367
MA010120220804068201,디에프에스비콜렉티브,,G2,소매,G213,오락용품 소매,G21303,음반/비디오물 소매업,G47620,음반 및 비디오물 소매업,11,서울특별시,11680,강남구,11680510,신사동,1168010700,신사동,1168010700105090005,1,대지,509,5,서울특별시 강남구 신사동 509-5,116804166264,서울특별시 강남구 도산대로1길,26,5,1168010700105090005011871,,서울특별시 강남구 도산대로1길 26-5,135887,06034,,2,,127.020146284736,37.5186930166784
MA010120220804068595,풍월당,,G2,소매,G213,오락용품 소매,G21303,음반/비디오물 소매업,G47620,음반 및 비디오물 소매업,11,서울특별시,11680,강남구,11680545,압구정동,1168010700,신사동,1168010700106570037,1,대지,657,37,서울특별시 강남구 신사동 657-37,116804166283,서울특별시 강남구 도산대로53길,39,,1168010700106570037010085,동성산빌딩,서울특별시 강남구 도산대로53길 39,135897,06018,,4,,127.038927566797,37.5258603011716
MA010120220804127877,선진에이.이.아이주,,G2,소매,G213,오락용품 소매,G21303,음반/비디오물 소매업,G47620,음반 및 비디오물 소매업,11,서울특별시,11710,송파구,11710531,거여1동,1171011300,거여동,1171011300101780018,1,대지,178,18,서울특별시 송파구 거여동 178-18,117103123003,서울특별시 송파구 거마로,25,,1171011300101780018023628,효주빌딩,서울특별시 송파구 거마로 25,138813,05735,,4,,127.145107634764,37.4953867175726
MA010120220804173858,엘피하임,,G2,소매,G213,오락용품 소매,G21303,음반/비디오물 소매업,G47620,음반 및 비디오물 소매업,11,서울특별시,11140,중구,11140540,회현동,1114012400,충무로1가,1114012400100520041,1,대지,52,41,서울특별시 중구 충무로1가 52-41,111403101004,서울특별시 중구 소공로,58,,1114012200100010001000001,회현지하쇼핑센터,서울특별시 중구 소공로 58,100011,04535,,,,126.982060835234,37.5604006655827
MA010120220804163197,예전,,G2,소매,G213,오락용품 소매,G21303,음반/비디오물 소매업,G47620,음반 및 비디오물 소매업,11,서울특별시,11650,서초구,11650530,서초3동,1165010800,서초동,1165010800107000000,1,대지,700,,서울특별시 서초구 서초동 700,116502000003,서울특별시 서초구 남부순환로,2406,,1165010800107150000021704,예술의전당내,서울특별시 서초구 남부순환로 2406,137718,06757,,,,127.014143803815,37.4803380543716
MA010120220804186111,그루브-네트워크,,G2,소매,G213,오락용품 소매,G21303,음반/비디오물 소매업,G47620,음반 및 비디오물 소매업,30,대전광역시,30230,대덕구,30230520,대화동,3023010200,대화동,3023010200100350197,1,대지,35,197,대전광역시 대덕구 대화동 35-197,302304304193,대전광역시 대덕구 동심1길,148,,3023010200100350197011139,,대전광역시 대덕구 동심1길 148,306801,34374,,,,127.413078668613,36.3637549263724
MA010120220804163955,135뮤직,,G2,소매,G213,오락용품 소매,G21303,음반/비디오물 소매업,G47620,음반 및 비디오물 소매업,11,서울특별시,11110,종로구,11110560,평창동,1111018300,평창동,1111018300100980006,1,대지,98,6,서울특별시 종로구 평창동 98-6,111104100503,서울특별시 종로구 평창30길,17,,1111018300100980006022351,,서울특별시 종로구 평창30길 17,110846,03004,,2,,126.974754754437,37.6114495905184
MA010120220804190219,인피니티소프트,,G2,소매,G213,오락용품 소매,G21303,음반/비디오물 소매업,G47620,음반 및 비디오물 소매업,11,서울특별시,11650,서초구,11650510,서초1동,1165010800,서초동,1165010800114450003,1,대지,1445,3,서울특별시 서초구 서초동 1445-3,116503121021,서울특별시 서초구 효령로,304,,1165010800114450003024144,국제전자센터,서울특별시 서초구 효령로 304,137728,06720,,,,127.017807990612,37.4847344817979
MA010120220805596643,엘피라인,,G2,소매,G213,오락용품 소매,G21303,음반/비디오물 소매업,G47620,음반 및 비디오물 소매업,43,충청북도,43113,청주시 흥덕구,43113747,가경동,4311311300,가경동,4311311300114870006,1,대지,1487,6,충청북도 청주시 흥덕구 가경동 1487-6,431134511791,충청북도 청주시 흥덕구 장구봉로29번길,5,,4311311300114870006022793,,충청북도 청주시 흥덕구 장구봉로29번길 5,361802,28403,,,,127.437133917429,36.6217862020321
MA010120220805640296,속리산소리사,,G2,소매,G213,오락용품 소매,G21303,음반/비디오물 소매업,G47620,음반 및 비디오물 소매업,43,충청북도,43720,보은군,43720315,속리산면,4372031527,속리산면,4372031527102860002,1,대지,286,2,충청북도 보은군 속리산면 사내리 286-2,437203241010,충청북도 보은군 속리산면 법주사로,236,,4372031527102860002001729,,충청북도 보은군 속리산면 법주사로 236,376863,28908,,,,127.820650748875,36.5293345818526
MA010120220805675183,유달상사,,G2,소매,G213,오락용품 소매,G21303,음반/비디오물 소매업,G47620,음반 및 비디오물 소매업,43,충청북도,43130,충주시,43130385,중앙탑면,4313038526,중앙탑면,4313038526200500003,2,산,50,3,충청북도 충주시 중앙탑면 용전리 산50-3,431301000020,충청북도 충주시 중앙탑면 중부내륙고속도로,231,,4313038026200500003000001,,충청북도 충주시 중앙탑면 중부내륙고속도로 231,380922,27448,,,,127.836594499383,37.0219482999327
MA010120220805658379,사계음악사,,G2,소매,G213,오락용품 소매,G21303,음반/비디오물 소매업,G47620,음반 및 비디오물 소매업,43,충청북도,43130,충주시,43130515,성내.충인동,4313012400,충의동,4313012400103600000,1,대지,360,,충청북도 충주시 충의동 360,431303238091,충청북도 충주시 중앙로,67,,4313012400103600000024872,,충청북도 충주시 중앙로 67,380050,27386,,1,,127.930864722933,36.9731211760572
MA010120220805715607,유정음반,,G2,소매,G213,오락용품 소매,G21303,음반/비디오물 소매업,G47620,음반 및 비디오물 소매업,43,충청북도,43150,제천시,43150528,중앙동,4315010700,중앙로2가,4315010700101380002,1,대지,138,2,충청북도 제천시 중앙로2가 138-2,431503239015,충청북도 제천시 독순로,84,,4315010700101380001029512,,충청북도 제천시 독순로 84,390012,27173,,,,128.212184946773,37.1383516591194
MA010120220807095745,아카바유통,,G2,소매,G213,오락용품 소매,G21303,음반/비디오물 소매업,G47620,음반 및 비디오물 소매업,30,대전광역시,30140,중구,30140620,석교동,3014010700,석교동,3014010700102860020,1,대지,286,20,대전광역시 중구 석교동 286-20,301403165008,대전광역시 중구 돌다리로,61,,3014010700102860020004028,,대전광역시 중구 돌다리로 61,301820,35064,,,,127.439687778994,36.3045518719602
MA010120220807185460,뉴뮤직랜드,,G2,소매,G213,오락용품 소매,G21303,음반/비디오물 소매업,G47620,음반 및 비디오물 소매업,52,전북특별자치도,52130,군산시,52130530,월명동,5213012000,장미동,5213012000100050029,1,대지,5,29,전북특별자치도 군산시 장미동 5-29,521304604232,전북특별자치도 군산시 동령길,7,,4513012000100050029021449,,전북특별자치도 군산시 동령길 7,573060,54026,,,,126.713758717159,35.9865036579536
MA010120220807225368,뮤직타워,,G2,소매,G213,오락용품 소매,G21303,음반/비디오물 소매업,G47620,음반 및 비디오물 소매업,46,전라남도,46110,목포시,46110595,목원동,4611011300,무안동,4611011300100110021,1,대지,11,21,전라남도 목포시 무안동 11-21,461104643530,전라남도 목포시 영산로59번길,7,2,4611011300100110005001021,,전라남도 목포시 영산로59번길 7-2,530230,58729,,1,,126.384098841051,34.7887323490991
MA010120220808686064,추억의카세트음반사,,G2,소매,G213,오락용품 소매,G21303,음반/비디오물 소매업,G47620,음반 및 비디오물 소매업,51,강원특별자치도,51720,홍천군,51720380,북방면,5172038021,북방면,5172038021101060003,1,대지,106,3,강원특별자치도 홍천군 북방면 상화계리 106-3,517203225014,강원특별자치도 홍천군 북방면 두개비산로,324,,4272038021101060003020155,단독,강원특별자치도 홍천군 북방면 두개비산로 324,250885,25115,,1,,127.854459622676,37.7046441110896
MA010120220808650601,세진유통,,G2,소매,G213,오락용품 소매,G21303,음반/비디오물 소매업,G47620,음반 및 비디오물 소매업,44,충청남도,44133,천안시 서북구,44133253,성거읍,4413325331,성거읍,4413325331101760018,1,대지,176,18,충청남도 천안시 서북구 성거읍 요방리 176-18,441334550112,충청남도 천안시 서북구 성거읍 동막골길,10,,4413325331101760018044302,,충청남도 천안시 서북구 성거읍 동막골길 10,331834,31053,,,,127.183468647782,36.8494482389525
MA010120220810162017,예스노음악사,,G2,소매,G213,오락용품 소매,G21303,음반/비디오물 소매업,G47620,음반 및 비디오물 소매업,11,서울특별시,11140,중구,11140520,소공동,1114011500,남대문로2가,1114011500100090009,1,대지,9,9,서울특별시 중구 남대문로2가 9-9,111403101001,서울특별시 중구 남대문로,72,,1114011500100090009000002,명동지하쇼핑센터,서울특별시 중구 남대문로 72,100070,04535,,,,126.982094030474,37.5635721787717
MA010120220811578059,스타피아뮤직,,G2,소매,G213,오락용품 소매,G21303,음반/비디오물 소매업,G47620,음반 및 비디오물 소매업,26,부산광역시,26410,금정구,26410665,청룡노포동,2641010300,청룡동,2641010300100320016,1,대지,32,16,부산광역시 금정구 청룡동 32-16,264104205446,부산광역시 금정구 팔송로24번길,33,,2641010300100320016012350,,부산광역시 금정구 팔송로24번길 33,609843,46218,,,,129.089714531808,35.2736915225007
MA010120220811570857,한솔교육부산금정영어지사,,G2,소매,G213,오락용품 소매,G21303,음반/비디오물 소매업,G47620,음반 및 비디오물 소매업,26,부산광역시,26230,부산진구,26230610,전포2동,2623010200,전포동,2623010200106600001,1,대지,660,1,부산광역시 부산진구 전포동 660-1,262303129010,부산광역시 부산진구 동천로,116,,2623010200106600001009572,한신밴오피스텔,부산광역시 부산진구 동천로 116,614744,47247,,,,129.062636263639,35.1590520085134
MA010120220811607925,르네셀,,G2,소매,G213,오락용품 소매,G21303,음반/비디오물 소매업,G47620,음반 및 비디오물 소매업,48,경상남도,48330,양산시,48330570,덕계동,4833012000,덕계동,4833012000110040000,1,대지,1004,,경상남도 양산시 덕계동 1004,483303338016,경상남도 양산시 덕계로,75,,4833012000110050000024693,,경상남도 양산시 덕계로 75,626842,50553,,,,129.151276582373,35.3746732278082
MA010120220811611385,길상사,,G2,소매,G213,오락용품 소매,G21303,음반/비디오물 소매업,G47620,음반 및 비디오물 소매업,26,부산광역시,26710,기장군,26710253,장안읍,2671025329,장안읍,2671025329200780001,2,산,78,1,부산광역시 기장군 장안읍 명례리 산78-1,267101000026,부산광역시 기장군 장안읍 동해고속도로,26,,2671025329200780001000003,장안휴게소내,부산광역시 기장군 장안읍 동해고속도로 26,619951,46028,,,,129.248398910709,35.3828703840252
MA010120220811611390,다모아,,G2,소매,G213,오락용품 소매,G21303,음반/비디오물 소매업,G47620,음반 및 비디오물 소매업,26,부산광역시,26710,기장군,26710253,장안읍,2671025325,장안읍,2671025325200310001,2,산,31,1,부산광역시 기장군 장안읍 장안리 산31-1,267101000026,부산광역시 기장군 장안읍 동해고속도로,25,,2671025325200310001000001,,부산광역시 기장군 장안읍 동해고속도로 25,619951,46028,,,,129.246401989126,35.3775189890135
MA010120220811689838,보암오디오,,G2,소매,G213,오락용품 소매,G21303,음반/비디오물 소매업,G47620,음반 및 비디오물 소매업,29,광주광역시,29110,동구,29110710,학운동,2911012100,운림동,2911012100104580006,1,대지,458,6,광주광역시 동구 운림동 458-6,291104277082,광주광역시 동구 동산길,34,,2911012100104580006000001,,광주광역시 동구 동산길 34,501833,61494,,2,,126.948180430826,35.1303466550408
MA010120220812823140,엠케이엠오엔,,G2,소매,G213,오락용품 소매,G21303,음반/비디오물 소매업,G47620,음반 및 비디오물 소매업,41,경기도,41480,파주시,41480540,교하동,4148012000,신촌동,4148012000107280002,1,대지,728,2,경기도 파주시 신촌동 728-2,414804418708,경기도 파주시 재두루미길,221,,4148012000107280002000001,,경기도 파주시 재두루미길 221,413070,10881,,,,126.689564910712,37.7353696955664
MA010120220812782878,원더뮤직,코리아,G2,소매,G213,오락용품 소매,G21303,음반/비디오물 소매업,G47620,음반 및 비디오물 소매업,11,서울특별시,11680,강남구,11680545,압구정동,1168010700,신사동,1168010700106000013,1,대지,600,13,서울특별시 강남구 신사동 600-13,116804166155,서울특별시 강남구 논현로164길,11,,1168010700106000013010532,경원빌딩,서울특별시 강남구 논현로164길 11,135893,06025,,3,,127.029446530644,37.5236826200098
MA010120220813113425,비바레코드,,G2,소매,G213,오락용품 소매,G21303,음반/비디오물 소매업,G47620,음반 및 비디오물 소매업,11,서울특별시,11110,종로구,11110560,평창동,1111018300,평창동,1111018300104580008,1,대지,458,8,서울특별시 종로구 평창동 458-8,111104100503,서울특별시 종로구 평창30길,10,,1111018300104580008023649,,서울특별시 종로구 평창30길 10,110848,03004,,1,,126.975140009121,37.6109180887378
MA010120220813197434,유에스게임앤텔레콤,,G2,소매,G213,오락용품 소매,G21303,음반/비디오물 소매업,G47620,음반 및 비디오물 소매업,41,경기도,41220,평택시,41220250,팽성읍,4122025041,팽성읍,4122025041101130132,1,대지,113,132,경기도 평택시 팽성읍 안정리 113-132,412203188057,경기도 평택시 팽성읍 안정쇼핑로,9,,4122025041101130132034380,,경기도 평택시 팽성읍 안정쇼핑로 9,451807,17982,,,,127.043869824786,36.959434438029
MA010120220813222612,주암하이샵,,G2,소매,G213,오락용품 소매,G21303,음반/비디오물 소매업,G47620,음반 및 비디오물 소매업,46,전라남도,46150,순천시,46150350,주암면,4615035031,주암면,4615035031200570004,2,산,57,4,전라남도 순천시 주암면 고산리 산57-4,461501000012,전라남도 순천시 주암면 호남고속도로,24,,4615035031200570004000001,천안방향휴게소,전라남도 순천시 주암면 호남고속도로 24,540841,57911,,,,127.265747515292,35.0766154553621
MA010120220813179055,씨메이커협동조합,,G2,소매,G213,오락용품 소매,G21303,음반/비디오물 소매업,G47620,음반 및 비디오물 소매업,44,충청남도,44230,논산시,44230510,취암동,4423010900,내동,4423010900110480000,1,대지,1048,,충청남도 논산시 내동 1048,442304565537,충청남도 논산시 시민로295번길,10,,4423010900110480000047322,,충청남도 논산시 시민로295번길 10,320803,32981,,2,,127.091755958673,36.1915852342307
MA010120220813246720,25시음악사,,G2,소매,G213,오락용품 소매,G21303,음반/비디오물 소매업,G47620,음반 및 비디오물 소매업,29,광주광역시,29110,동구,29110525,충장동,2911012700,충장로1가,2911012700100080002,1,대지,8,2,광주광역시 동구 충장로1가 8-2,291103009008,광주광역시 동구 충장로,101,6,2911012700100080002006741,,광주광역시 동구 충장로 101-6,501011,61482,,,,126.918298459923,35.1472397553848
MA010120220813155435,더그루브,,G2,소매,G213,오락용품 소매,G21303,음반/비디오물 소매업,G47620,음반 및 비디오물 소매업,41,경기도,41135,성남시 분당구,41135650,판교동,4113510800,판교동,4113510800106150003,1,대지,615,3,경기도 성남시 분당구 판교동 615-3,411354860422,경기도 성남시 분당구 판교공원로3길,13,,4113510800106150003000001,,경기도 성남시 분당구 판교공원로3길 13,463410,13477,,,,127.089719758479,37.3912664702958
MA010120220813429835,오유,,G2,소매,G213,오락용품 소매,G21303,음반/비디오물 소매업,G47620,음반 및 비디오물 소매업,11,서울특별시,11530,구로구,11530540,구로3동,1153010200,구로동,1153010200102120008,1,대지,212,8,서울특별시 구로구 구로동 212-8,115303000026,서울특별시 구로구 디지털로,288,,1153010200102120008022974,대륭포스트타워1차,서울특별시 구로구 디지털로 288,152790,08390,,,,126.895505475009,37.4835723648529
MA010120220813411607,뮤하엔터테인먼트,,G2,소매,G213,오락용품 소매,G21303,음반/비디오물 소매업,G47620,음반 및 비디오물 소매업,51,강원특별자치도,51150,강릉시,51150350,옥계면,5115035023,옥계면,5115035023100880005,1,대지,88,5,강원특별자치도 강릉시 옥계면 주수리 88-5,511501000026,강원특별자치도 강릉시 옥계면 동해고속도로,320,,4215035023100880005000001,옥계휴게소,강원특별자치도 강릉시 옥계면 동해고속도로 320,210833,25635,,,,129.060117557322,37.6162955878613
MA010120220813437255,데이토나레코즈,,G2,소매,G213,오락용품 소매,G21303,음반/비디오물 소매업,G47620,음반 및 비디오물 소매업,11,서울특별시,11440,마포구,11440680,합정동,1144012200,합정동,1144012200103690045,1,대지,369,45,서울특별시 마포구 합정동 369-45,114403113023,서울특별시 마포구 토정로,23,1,1144012200103690045019019,,서울특별시 마포구 토정로 23-1,121897,04083,,,,126.91364856824,37.5457832973103
MA010120220813446485,에델미디어,,G2,소매,G213,오락용품 소매,G21303,음반/비디오물 소매업,G47620,음반 및 비디오물 소매업,11,서울특별시,11680,강남구,11680640,역삼1동,1168010100,역삼동,1168010100108370007,1,대지,837,7,서울특별시 강남구 역삼동 837-7,116804166032,서울특별시 강남구 강남대로62길,7,,1168010100108370007026100,혜주빌딩,서울특별시 강남구 강남대로62길 7,135937,06253,,2,,127.032113375418,37.490479890528
MA010120220813541376,엘피여행,,G2,소매,G213,오락용품 소매,G21303,음반/비디오물 소매업,G47620,음반 및 비디오물 소매업,48,경상남도,48330,양산시,48330253,물금읍,4833025323,물금읍,4833025323112920000,1,대지,1292,,경상남도 양산시 물금읍 가촌리 1292,483303338105,경상남도 양산시 물금읍 증산역로,177,,4833025323112920000000001,라피에스타,경상남도 양산시 물금읍 증산역로 177,626811,50653,,4,,129.009380505746,35.3098736106236
MA010120220813564958,객석고전음악연구원,,G2,소매,G213,오락용품 소매,G21303,음반/비디오물 소매업,G47620,음반 및 비디오물 소매업,27,대구광역시,27110,중구,27110545,삼덕동,2711010500,삼덕동1가,2711010500100640001,1,대지,64,1,대구광역시 중구 삼덕동1가 64-1,271104223088,대구광역시 중구 동성로6길,76,,2711010500100640001007277,,대구광역시 중구 동성로6길 76,700411,41941,,1,,128.599429269878,35.8681732269735
MA010120220813640509,신제음향,,G2,소매,G213,오락용품 소매,G21303,음반/비디오물 소매업,G47620,음반 및 비디오물 소매업,48,경상남도,48250,김해시,48250540,내외동,4825010800,내동,4825010800101490001,1,대지,149,1,경상남도 김해시 내동 149-1,482503335063,경상남도 김해시 평전로,170,,4825010800101490001088490,,경상남도 김해시 평전로 170,621903,50891,,,,128.862082322881,35.2435171732703
MA010120220813671667,모자이크,,G2,소매,G213,오락용품 소매,G21303,음반/비디오물 소매업,G47620,음반 및 비디오물 소매업,11,서울특별시,11140,중구,11140615,신당동,1114016200,신당동,1114016200103040611,1,대지,304,611,서울특별시 중구 신당동 304-611,111404103047,서울특별시 중구 다산로31길,64,,1114016200103040611010738,,서울특별시 중구 다산로31길 64,100890,04613,,1,,127.01143166112,37.5629873354839
MA010120220813785497,영천휴게소하이샵,,G2,소매,G213,오락용품 소매,G21303,음반/비디오물 소매업,G47620,음반 및 비디오물 소매업,47,경상북도,47230,영천시,47230370,임고면,4723037028,임고면,4723037028101030000,1,대지,103,,경상북도 영천시 임고면 금대리 103,472303018034,경상북도 영천시 임고면 운주로,777,,4723037028101370000048401,,경상북도 영천시 임고면 운주로 777,770862,38820,,,,129.044446786445,36.0510956197334
MA010120220813746371,원석음반,,G2,소매,G213,오락용품 소매,G21303,음반/비디오물 소매업,G47620,음반 및 비디오물 소매업,48,경상남도,48270,밀양시,48270360,상남면,4827036022,상남면,4827036022109420108,1,대지,942,108,경상남도 밀양시 상남면 예림리 942-108,482704808667,경상남도 밀양시 상남면 예림1길,48,6,4827036022109420108037471,,경상남도 밀양시 상남면 예림1길 48-6,627914,50451,,,,128.760116801034,35.4704848275907
MA010120220813955996,산두발레코드,,G2,소매,G213,오락용품 소매,G21303,음반/비디오물 소매업,G47620,음반 및 비디오물 소매업,47,경상북도,47113,포항시 북구,47113680,우창동,4711311900,창포동,4711311900106160021,1,대지,616,21,경상북도 포항시 북구 창포동 616-21,471134712684,경상북도 포항시 북구 창흥로36번길,8,3,4711311900106160021112744,,경상북도 포항시 북구 창흥로36번길 8-3,791846,37631,,,,129.368174505027,36.063443442353
MA010120220813912350,씨티KOREA,,G2,소매,G213,오락용품 소매,G21303,음반/비디오물 소매업,G47620,음반 및 비디오물 소매업,11,서울특별시,11140,중구,11140550,명동,1114012500,충무로2가,1114012500101090002,1,대지,109,2,서울특별시 중구 충무로2가 109-2,111403101011,서울특별시 중구 퇴계로,124,,1114012400100260001000001,명동역지하쇼핑센터,서울특별시 중구 퇴계로 124,100012,04629,,,,126.985376944231,37.560860631255
MA010120220813862063,퍼펙션,,G2,소매,G213,오락용품 소매,G21303,음반/비디오물 소매업,G47620,음반 및 비디오물 소매업,11,서울특별시,11140,중구,11140590,광희동,1114013300,충무로5가,1114013300100020019,1,대지,2,19,서울특별시 중구 충무로5가 2-19,111404103121,서울특별시 중구 마른내로12길,19,,1114013300100020019015277,진화빌딩,서울특별시 중구 마른내로12길 19,100015,04559,,5,,127.000667795178,37.5635555147968
MA010120220813927135,미디어플러스,,G2,소매,G213,오락용품 소매,G21303,음반/비디오물 소매업,G47620,음반 및 비디오물 소매업,41,경기도,41281,고양시 덕양구,41281530,흥도동,4128110400,원흥동,4128110400107040000,1,대지,704,,경기도 고양시 덕양구 원흥동 704,412813194065,경기도 고양시 덕양구 삼원로,63,,4128110400107040000000001,고양아크비즈지식산업센터,경기도 고양시 덕양구 삼원로 63,412040,10550,,10,,126.875436402517,37.6399748482279
MA010120220814015187,가정만물,,G2,소매,G213,오락용품 소매,G21303,음반/비디오물 소매업,G47620,음반 및 비디오물 소매업,46,전라남도,46720,곡성군,46720390,겸면,4672039022,겸면,4672039022103470000,1,대지,347,,전라남도 곡성군 겸면 가정리 347,467201000012,전라남도 곡성군 겸면 호남고속도로,50,,4672039022103470000000001,,전라남도 곡성군 겸면 호남고속도로 50,516931,57516,,,,127.152683183984,35.2596598459661
MA010120220814039193,제이제이뮤즈,,G2,소매,G213,오락용품 소매,G21303,음반/비디오물 소매업,G47620,음반 및 비디오물 소매업,41,경기도,41430,의왕시,41430560,청계동,4143010900,포일동,4143010900106530000,1,대지,653,,경기도 의왕시 포일동 653,414303201052,경기도 의왕시 이미로,40,,4143010900106530000000001,인덕원IT밸리,경기도 의왕시 이미로 40,437828,16006,,,,126.991314890258,37.400751908101
MA010120220813993858,바즈라,,G2,소매,G213,오락용품 소매,G21303,음반/비디오물 소매업,G47620,음반 및 비디오물 소매업,41,경기도,41480,파주시,41480540,교하동,4148012000,신촌동,4148012000107420010,1,대지,742,10,경기도 파주시 신촌동 742-10,414803206030,경기도 파주시 문발로,413,,4148012000107420010000001,,경기도 파주시 문발로 413,413070,10881,,,,126.690962534734,37.7293729261555
MA010120220814067067,필레코드,,G2,소매,G213,오락용품 소매,G21303,음반/비디오물 소매업,G47620,음반 및 비디오물 소매업,11,서울특별시,11170,용산구,11170625,한강로동,1117012800,한강로3가,1117012800100160009,1,대지,16,9,서울특별시 용산구 한강로3가 16-9,111703101023,서울특별시 용산구 청파로,74,,1117012800100160009011402,전자랜드,서울특별시 용산구 청파로 74,140749,04372,,2,,126.959620593735,37.5328966360174
MA010120220800428567,더뮤직,,G2,소매,G213,오락용품 소매,G21303,음반/비디오물 소매업,G47620,음반 및 비디오물 소매업,11,서울특별시,11590,동작구,11590510,노량진1동,1159010100,노량진동,1159010100101190004,1,대지,119,4,서울특별시 동작구 노량진동 119-4,115904157062,서울특별시 동작구 노량진로16길,35,,1159010100101190004032357,,서울특별시 동작구 노량진로16길 35,156801,06923,,1,,126.944045607254,37.5120050437917
MA010120220800534155,하이샵,,G2,소매,G213,오락용품 소매,G21303,음반/비디오물 소매업,G47620,음반 및 비디오물 소매업,51,강원특별자치도,51730,횡성군,51730320,안흥면,5173032026,안흥면,5173032026115110000,1,대지,1511,,강원특별자치도 횡성군 안흥면 소사리 1511,517301000022,강원특별자치도 횡성군 안흥면 영동고속도로,153,,4273032026115110000013441,횡성휴게소내,강원특별자치도 횡성군 안흥면 영동고속도로 153,225823,25268,,,,128.134458175679,37.4646214368357
MA010120220800526662,엘피타운,,G2,소매,G213,오락용품 소매,G21303,음반/비디오물 소매업,G47620,음반 및 비디오물 소매업,11,서울특별시,11710,송파구,11710642,문정2동,1171010800,문정동,1171010800102910000,1,대지,291,,서울특별시 송파구 문정동 291,117103123017,서울특별시 송파구 충민로,10,,1171010800104090003000001,가든파이브툴,서울특별시 송파구 충민로 10,138962,05840,,6,,127.119388027962,37.4782693339906
MA010120220800535163,히어나우시스템,,G2,소매,G213,오락용품 소매,G21303,음반/비디오물 소매업,G47620,음반 및 비디오물 소매업,48,경상남도,48870,함양군,48870370,서하면,4887037024,서하면,4887037024107860000,1,대지,786,,경상남도 함양군 서하면 황산리 786,488704838497,경상남도 함양군 서하면 황산길,53,70,4887037024107850001000001,,경상남도 함양군 서하면 황산길 53-70,676831,50004,,,,127.75222829602,35.6237662237959
MA010120220800538260,엠스톤부산울산지사,,G2,소매,G213,오락용품 소매,G21303,음반/비디오물 소매업,G47620,음반 및 비디오물 소매업,31,울산광역시,31200,북구,31200560,효문동,3120012100,진장동,3120012100109240000,1,대지,924,,울산광역시 북구 진장동 924,312004316105,울산광역시 북구 명촌1길,11,12,3120012100108800000000001,,울산광역시 북구 명촌1길 11-12,683360,44254,,,,129.360277189559,35.5595872515324
MA010120220802291414,꾸러기음악사,,G2,소매,G213,오락용품 소매,G21303,음반/비디오물 소매업,G47620,음반 및 비디오물 소매업,41,경기도,41273,안산시 단원구,41273532,중앙동,4127310100,고잔동,4127310100105410004,1,대지,541,4,경기도 안산시 단원구 고잔동 541-4,412732190002,경기도 안산시 단원구 중앙대로,915,,4127310100105410001019625,월드코아,경기도 안산시 단원구 중앙대로 915,425719,15361,,2,,126.838268261449,37.317179512457
MA010120220803914071,예스음악실,,G2,소매,G213,오락용품 소매,G21303,음반/비디오물 소매업,G47620,음반 및 비디오물 소매업,11,서울특별시,11290,성북구,11290760,장위1동,1129013800,장위동,1129013800102330455,1,대지,233,455,서울특별시 성북구 장위동 233-455,112903107013,서울특별시 성북구 장위로,108,,1129013800102330455013648,,서울특별시 성북구 장위로 108,136837,02746,,,,127.048623080555,37.6135235581836
MA010120220803885532,현음사,,G2,소매,G213,오락용품 소매,G21303,음반/비디오물 소매업,G47620,음반 및 비디오물 소매업,11,서울특별시,11290,성북구,11290555,삼선동,1129010500,동소문동2가,1129010500102980001,1,대지,298,1,서울특별시 성북구 동소문동2가 298-1,112904121137,서울특별시 성북구 동소문로8길,14,14,1129010500102980001050374,,서울특별시 성북구 동소문로8길 14-14,136032,02860,,,,127.009420249698,37.5890082342062
MA010120220803965741,미디어플러스,,G2,소매,G213,오락용품 소매,G21303,음반/비디오물 소매업,G47620,음반 및 비디오물 소매업,11,서울특별시,11305,강북구,11305635,수유3동,1130510300,수유동,1130510300101720173,1,대지,172,173,서울특별시 강북구 수유동 172-173,113054124574,서울특별시 강북구 한천로140길,47,,1130510300101720173006888,,서울특별시 강북구 한천로140길 47,142876,01054,,1,,127.028484653257,37.6417220072081
MA010120220803939838,하이네스,,G2,소매,G213,오락용품 소매,G21303,음반/비디오물 소매업,G47620,음반 및 비디오물 소매업,11,서울특별시,11305,강북구,11305555,송천동,1130510100,미아동,1130510100106370188,1,대지,637,188,서울특별시 강북구 미아동 637-188,113054124225,서울특별시 강북구 삼양로20길,9,3,1130510100106370188025078,,서울특별시 강북구 삼양로20길 9-3,142817,01208,,,,127.022686539015,37.6145044622519
MA010120220803939271,또만나,,G2,소매,G213,오락용품 소매,G21303,음반/비디오물 소매업,G47620,음반 및 비디오물 소매업,11,서울특별시,11305,강북구,11305535,미아동,1130510100,미아동,1130510100102090009,1,대지,209,9,서울특별시 강북구 미아동 209-9,113053005039,서울특별시 강북구 도봉로,197,,1130510100102090009029785,,서울특별시 강북구 도봉로 197,142811,01126,,,,127.025839319861,37.6262797230515
MA010120220805564960,뮤즈음악사,,G2,소매,G213,오락용품 소매,G21303,음반/비디오물 소매업,G47620,음반 및 비디오물 소매업,43,충청북도,43112,청주시 서원구,43112540,모충동,4311210300,모충동,4311210300101190001,1,대지,119,1,충청북도 청주시 서원구 모충동 119-1,431123236067,충청북도 청주시 서원구 청남로,2153,,4311310300101190001028706,,충청북도 청주시 서원구 청남로 2153,362806,28676,,,,127.488306072914,36.6243088929264
MA010120220805551458,서울음악사,,G2,소매,G213,오락용품 소매,G21303,음반/비디오물 소매업,G47620,음반 및 비디오물 소매업,43,충청북도,43111,청주시 상당구,43111545,성안동,4311110200,북문로1가,4311110200101170001,1,대지,117,1,충청북도 청주시 상당구 북문로1가 117-1,431113236025,충청북도 청주시 상당구 사직대로,368,,4311110200101170001047932,,충청북도 청주시 상당구 사직대로 368,360011,28525,,,,127.488216648829,36.63671780579
MA010120220807058414,파스텔레코드,,G2,소매,G213,오락용품 소매,G21303,음반/비디오물 소매업,G47620,음반 및 비디오물 소매업,11,서울특별시,11140,중구,11140540,회현동,1114012400,충무로1가,1114012400100520041,1,대지,52,41,서울특별시 중구 충무로1가 52-41,111403101004,서울특별시 중구 소공로,58,,1114012200100010001000001,회현지하쇼핑센터,서울특별시 중구 소공로 58,100011,04535,,,,126.982060835234,37.5604006655827
MA010120220808356254,지구레코드,,G2,소매,G213,오락용품 소매,G21303,음반/비디오물 소매업,G47620,음반 및 비디오물 소매업,47,경상북도,47250,상주시,47250550,동문동,4725010600,서성동,4725010600100550009,1,대지,55,9,경상북도 상주시 서성동 55-9,472503311032,경상북도 상주시 상산로,320,,4725010600100550009087376,,경상북도 상주시 상산로 320,742050,37179,,,,128.159495378707,36.4195060135379
MA010120220808356858,애플큐브,,G2,소매,G213,오락용품 소매,G21303,음반/비디오물 소매업,G47620,음반 및 비디오물 소매업,11,서울특별시,11110,종로구,11110710,숭인2동,1111017500,숭인동,1111017500102400002,1,대지,240,2,서울특별시 종로구 숭인동 240-2,111103100021,서울특별시 종로구 청계천로,371,,1111017500102400003000716,,서울특별시 종로구 청계천로 371,110826,03118,,1,,127.018553042727,37.5712936128619
MA010120220808499738,유주뮤직,,G2,소매,G213,오락용품 소매,G21303,음반/비디오물 소매업,G47620,음반 및 비디오물 소매업,41,경기도,41271,안산시 상록구,41271560,본오3동,4127110400,본오동,4127110400108720000,1,대지,872,,경기도 안산시 상록구 본오동 872,412713190027,경기도 안산시 상록구 본삼로,38,,4127110400108720000003679,월드,경기도 안산시 상록구 본삼로 38,426733,15538,,3,,126.865668456149,37.2996075702372
MA010120220809856983,이스턴리듬,,G2,소매,G213,오락용품 소매,G21303,음반/비디오물 소매업,G47620,음반 및 비디오물 소매업,11,서울특별시,11140,중구,11140650,신당5동,1114016200,신당동,1114016200100620035,1,대지,62,35,서울특별시 중구 신당동 62-35,111404103394,서울특별시 중구 퇴계로88다길,37,,1114016200100620035006081,,서울특별시 중구 퇴계로88다길 37,100455,04583,,1,,127.020508757665,37.561814812116
MA010120220811454117,음악사랑레코드,,G2,소매,G213,오락용품 소매,G21303,음반/비디오물 소매업,G47620,음반 및 비디오물 소매업,44,충청남도,44133,천안시 서북구,44133530,쌍용1동,4413310700,쌍용동,4413310700108260000,1,대지,826,,충청남도 천안시 서북구 쌍용동 826,441334550223,충청남도 천안시 서북구 봉서5길,2,,4413310700108260000055465,,충청남도 천안시 서북구 봉서5길 2,331949,31149,,1,,127.132099907696,36.8075788634278
MA010120220811488321,뮤즈앳,,G2,소매,G213,오락용품 소매,G21303,음반/비디오물 소매업,G47620,음반 및 비디오물 소매업,41,경기도,41117,수원시 영통구,41117610,광교2동,4111710400,하동,4111710400110160001,1,대지,1016,1,경기도 수원시 영통구 하동 1016-1,411173177030,경기도 수원시 영통구 법조로,25,,4111710400110160001000001,광교SKVIEWLAKE,경기도 수원시 영통구 법조로 25,443280,16514,,18,,127.059915153517,37.2875226514427
MA010120220811498842,테이크아웃웁스원대로음반,,G2,소매,G213,오락용품 소매,G21303,음반/비디오물 소매업,G47620,음반 및 비디오물 소매업,48,경상남도,48240,사천시,48240550,벌용동,4824010800,벌리동,4824010800100690000,1,대지,69,,경상남도 사천시 벌리동 69,482403334059,경상남도 사천시 중앙로,158,,4824010800100690000016280,,경상남도 사천시 중앙로 158,664834,52559,,,,128.080373451862,34.9394010080548
MA010120220811524194,고향음악사,,G2,소매,G213,오락용품 소매,G21303,음반/비디오물 소매업,G47620,음반 및 비디오물 소매업,31,울산광역시,31110,중구,31110590,우정동,3111010800,우정동,3111010800102880000,1,대지,288,,울산광역시 중구 우정동 288,311103169002,울산광역시 중구 강북로,1,,3111010800102880000000001,,울산광역시 중구 강북로 1,681815,44534,,,,129.309132461785,35.5533786894893
MA010120220811516930,아름다운음악사,,G2,소매,G213,오락용품 소매,G21303,음반/비디오물 소매업,G47620,음반 및 비디오물 소매업,31,울산광역시,31200,북구,31200510,농소1동,3120010500,신천동,3120010500103240006,1,대지,324,6,울산광역시 북구 신천동 324-6,312003172027,울산광역시 북구 호계로,320,,3120010500103240006014738,,울산광역시 북구 호계로 320,683802,44224,,,,129.351072788305,35.6317068512976
MA010120220811536910,하이샵,,G2,소매,G213,오락용품 소매,G21303,음반/비디오물 소매업,G47620,음반 및 비디오물 소매업,31,울산광역시,31710,울주군,31710253,언양읍,3171025323,언양읍,3171025323108980009,1,대지,898,9,울산광역시 울주군 언양읍 반곡리 898-9,317101000001,울산광역시 울주군 언양읍 경부고속도로,44,,3171025323109000003013782,,울산광역시 울주군 언양읍 경부고속도로 44,689803,44935,,,,129.141582496627,35.5987788301953
MA010120220800205149,더하기엔터테인먼트,,G2,소매,G213,오락용품 소매,G21303,음반/비디오물 소매업,G47620,음반 및 비디오물 소매업,41,경기도,41150,의정부시,41150510,의정부1동,4115010100,의정부동,4115010100102270022,1,대지,227,22,경기도 의정부시 의정부동 227-22,411504343422,경기도 의정부시 평화로596번길,3,,4115010100102270022005413,,경기도 의정부시 평화로596번길 3,480844,11690,,,,127.046428574213,37.7452925612902
MA010120220800208778,지모션픽처,,G2,소매,G213,오락용품 소매,G21303,음반/비디오물 소매업,G47620,음반 및 비디오물 소매업,11,서울특별시,11560,영등포구,11560550,당산1동,1156011200,당산동2가,1156011200100300002,1,대지,30,2,서울특별시 영등포구 당산동2가 30-2,115603118022,서울특별시 영등포구 영등포로,109,,1156011200100300002030099,영등포유통상가,서울특별시 영등포구 영등포로 109,150723,07264,,1,,126.894399370198,37.522350648366
MA010120220800282700,몬스터레코즈,,G2,소매,G213,오락용품 소매,G21303,음반/비디오물 소매업,G47620,음반 및 비디오물 소매업,11,서울특별시,11170,용산구,11170625,한강로동,1117012800,한강로3가,1117012800100160009,1,대지,16,9,서울특별시 용산구 한강로3가 16-9,111703101023,서울특별시 용산구 청파로,74,,1117012800100160009011402,전자랜드,서울특별시 용산구 청파로 74,140749,04372,,,,126.959620593735,37.5328966360174
MA010120220800282783,마술피리,,G2,소매,G213,오락용품 소매,G21303,음반/비디오물 소매업,G47620,음반 및 비디오물 소매업,11,서울특별시,11170,용산구,11170625,한강로동,1117012800,한강로3가,1117012800100160009,1,대지,16,9,서울특별시 용산구 한강로3가 16-9,111703101023,서울특별시 용산구 청파로,74,,1117012800100160009011402,전자랜드,서울특별시 용산구 청파로 74,140749,04372,,4,,126.959620593735,37.5328966360174
MA010120220800264126,소리곳간알,,G2,소매,G213,오락용품 소매,G21303,음반/비디오물 소매업,G47620,음반 및 비디오물 소매업,11,서울특별시,11650,서초구,11650510,서초1동,1165010800,서초동,1165010800114450003,1,대지,1445,3,서울특별시 서초구 서초동 1445-3,116503121021,서울특별시 서초구 효령로,304,,1165010800114450003024144,국제전자센터,서울특별시 서초구 효령로 304,137728,06720,,4,,127.017807990612,37.4847344817979
MA010120220800280756,삼일POP,,G2,소매,G213,오락용품 소매,G21303,음반/비디오물 소매업,G47620,음반 및 비디오물 소매업,11,서울특별시,11170,용산구,11170555,청파동,1117010900,청파동1가,1117010900101800036,1,대지,180,36,서울특별시 용산구 청파동1가 180-36,111703101023,서울특별시 용산구 청파로,304,,1117010900101800040000001,,서울특별시 용산구 청파로 304,140869,04301,,,,126.970680123854,37.5469194594806
MA010120220800303664,회현지하음악.선물,,G2,소매,G213,오락용품 소매,G21303,음반/비디오물 소매업,G47620,음반 및 비디오물 소매업,11,서울특별시,11140,중구,11140540,회현동,1114012400,충무로1가,1114012400100520041,1,대지,52,41,서울특별시 중구 충무로1가 52-41,111403101004,서울특별시 중구 소공로,58,,1114012200100010001000001,회현지하상가,서울특별시 중구 소공로 58,100011,04535,,,,126.982060835234,37.5604006655827
MA010120220801980473,신시어엔터테인먼트,,G2,소매,G213,오락용품 소매,G21303,음반/비디오물 소매업,G47620,음반 및 비디오물 소매업,11,서울특별시,11440,마포구,11440740,상암동,1144012700,상암동,1144012700116050000,1,대지,1605,,서울특별시 마포구 상암동 1605,114403113019,서울특별시 마포구 월드컵북로,396,,1144012700102240003028899,제비,서울특별시 마포구 월드컵북로 396,121904,03925,,1,,126.889835609388,37.5794967768422
MA010120220803725473,에이피엔터테인먼트,,G2,소매,G213,오락용품 소매,G21303,음반/비디오물 소매업,G47620,음반 및 비디오물 소매업,11,서울특별시,11710,송파구,11710642,문정2동,1171010800,문정동,1171010800105160000,1,대지,516,,서울특별시 송파구 문정동 516,117103123017,서울특별시 송파구 충민로,66,,1171010800105600000000001,가든파이브라이프,서울특별시 송파구 충민로 66,138960,05838,,6,,127.12496063833,37.4776148454472
MA010120220803727540,하나방티,,G2,소매,G213,오락용품 소매,G21303,음반/비디오물 소매업,G47620,음반 및 비디오물 소매업,11,서울특별시,11710,송파구,11710642,문정2동,1171010800,문정동,1171010800105160000,1,대지,516,,서울특별시 송파구 문정동 516,117103123017,서울특별시 송파구 충민로,66,,1171010800105600000000001,가든파이브라이프,서울특별시 송파구 충민로 66,138960,05838,,1,,127.12496063833,37.4776148454472
MA010120220803774488,대일레코드,,G2,소매,G213,오락용품 소매,G21303,음반/비디오물 소매업,G47620,음반 및 비디오물 소매업,11,서울특별시,11215,광진구,11215870,구의3동,1121510300,구의동,1121510300105460001,1,대지,546,1,서울특별시 광진구 구의동 546-1,112153104001,서울특별시 광진구 강변역로,50,,1121510300105460001009810,동서울종합터미널,서울특별시 광진구 강변역로 50,143715,05116,,1,,127.094179190025,37.5345418477382
MA010120220803809903,비디오나라,,G2,소매,G213,오락용품 소매,G21303,음반/비디오물 소매업,G47620,음반 및 비디오물 소매업,11,서울특별시,11215,광진구,11215870,구의3동,1121510300,구의동,1121510300105460004,1,대지,546,4,서울특별시 광진구 구의동 546-4,112154112040,서울특별시 광진구 광나루로56길,85,,1121510300105460004009814,테크노마트,서울특별시 광진구 광나루로56길 85,143721,05116,,8,,127.095696795724,37.5357209382758
MA010120220803848718,아이앤지레코드,,G2,소매,G213,오락용품 소매,G21303,음반/비디오물 소매업,G47620,음반 및 비디오물 소매업,11,서울특별시,11620,관악구,11620645,서원동,1162010200,신림동,1162010200100920284,1,대지,92,284,서울특별시 관악구 신림동 92-284,116203120005,서울특별시 관악구 신림로,224,1,1162010200100920284022101,,서울특별시 관악구 신림로 224-1,151853,08783,,,,126.936541742132,37.4776098221706
MA010120220805290553,자체휴강시네마,,G2,소매,G213,오락용품 소매,G21303,음반/비디오물 소매업,G47620,음반 및 비디오물 소매업,11,서울특별시,11620,관악구,11620625,인헌동,1162010100,봉천동,1162010100101800531,1,대지,180,531,서울특별시 관악구 봉천동 180-531,116204160643,서울특별시 관악구 인헌12길,42,,1162010100101800531025215,,서울특별시 관악구 인헌12길 42,151815,08797,,,,126.965046304156,37.4707830266509
MA010120220805298795,노비타분당,,G2,소매,G213,오락용품 소매,G21303,음반/비디오물 소매업,G47620,음반 및 비디오물 소매업,41,경기도,41135,성남시 분당구,41135510,분당동,4113510100,분당동,4113510100101180003,1,대지,118,3,경기도 성남시 분당구 분당동 118-3,411354340383,경기도 성남시 분당구 장안로52번길,5,1,4113510100101180003029069,,경기도 성남시 분당구 장안로52번길 5-1,463832,13584,,1,,127.145217081966,37.3706860243709
MA010120220806839378,엠아이에이,,G2,소매,G213,오락용품 소매,G21303,음반/비디오물 소매업,G47620,음반 및 비디오물 소매업,41,경기도,41480,파주시,41480320,탄현면,4148032022,탄현면,4148032022116520062,1,대지,1652,62,경기도 파주시 탄현면 법흥리 1652-62,414804418865,경기도 파주시 탄현면 헤이리마을길,93,108,4148032022116520062000001,,경기도 파주시 탄현면 헤이리마을길 93-108,413841,10859,,,,126.698198556077,37.7911346762009
MA010120220806823328,팝시페텔뮤직,,G2,소매,G213,오락용품 소매,G21303,음반/비디오물 소매업,G47620,음반 및 비디오물 소매업,11,서울특별시,11440,마포구,11440660,서교동,1144012100,동교동,1144012100102000015,1,대지,200,15,서울특별시 마포구 동교동 200-15,114404139547,서울특별시 마포구 월드컵북로4길,44,7,1144012100102000015027167,,서울특별시 마포구 월드컵북로4길 44-7,121819,03993,,1,,126.922054923261,37.5579345982012
MA010120220808215942,엘피도시,,G2,소매,G213,오락용품 소매,G21303,음반/비디오물 소매업,G47620,음반 및 비디오물 소매업,11,서울특별시,11440,마포구,11440660,서교동,1144012100,동교동,1144012100101700005,1,대지,170,5,서울특별시 마포구 동교동 170-5,114403113015,서울특별시 마포구 어울마당로,155,,1144012100101700005021965,,서울특별시 마포구 어울마당로 155,121818,04051,,1,,126.926990470057,37.5568835866283
MA010120220808257826,테리픽잼,,G2,소매,G213,오락용품 소매,G21303,음반/비디오물 소매업,G47620,음반 및 비디오물 소매업,41,경기도,41173,안양시 동안구,41173552,관양동,4117310200,관양동,4117310200117100003,1,대지,1710,3,경기도 안양시 동안구 관양동 1710-3,411733183022,경기도 안양시 동안구 동편로,41,,4117310200117100003000001,,경기도 안양시 동안구 동편로 41,431061,13929,,1,,126.973207977535,37.408002408471
MA010120220811237074,부안휴계소하이샵상,,G2,소매,G213,오락용품 소매,G21303,음반/비디오물 소매업,G47620,음반 및 비디오물 소매업,52,전북특별자치도,52800,부안군,52800310,주산면,5280031022,주산면,5280031022109240002,1,대지,924,2,전북특별자치도 부안군 주산면 덕림리 924-2,528001000007,전북특별자치도 부안군 주산면 서해안고속도로,106,,4580031022109240002000001,부안고려청자휴계소서울방향,전북특별자치도 부안군 주산면 서해안고속도로 106,579922,56320,,,,126.734502938438,35.67185064829
MA010120220811220378,여정문화영상,,G2,소매,G213,오락용품 소매,G21303,음반/비디오물 소매업,G47620,음반 및 비디오물 소매업,48,경상남도,48840,남해군,48840390,창선면,4884039031,창선면,4884039031103010000,1,대지,301,,경상남도 남해군 창선면 상죽리 301,488403343037,경상남도 남해군 창선면 창선로,117,1,4884039031103010000033698,,경상남도 남해군 창선면 창선로 117-1,668851,52453,,,,128.011679106467,34.8591414879228
MA010120220811305253,전람회레코드,,G2,소매,G213,오락용품 소매,G21303,음반/비디오물 소매업,G47620,음반 및 비디오물 소매업,50,제주특별자치도,50110,제주시,50110590,건입동,5011010700,건입동,5011010700110430009,1,대지,1043,9,제주특별자치도 제주시 건입동 1043-9,501103349056,제주특별자치도 제주시 동문로,89,,5011010700110430009025210,,제주특별자치도 제주시 동문로 89,690800,63282,,,,126.536089550162,33.5139674035022
MA010120220811336491,보노레코드,,G2,소매,G213,오락용품 소매,G21303,음반/비디오물 소매업,G47620,음반 및 비디오물 소매업,50,제주특별자치도,50110,제주시,50110510,일도1동,5011010100,일도일동,5011010100114250003,1,대지,1425,3,제주특별자치도 제주시 일도일동 1425-3,501103349184,제주특별자치도 제주시 중앙로,60,,5011010100114250003000001,,제주특별자치도 제주시 중앙로 60,690780,63168,,,,126.524631130567,33.5131576115575
MA010120220811350562,한라미디어,중앙점,G2,소매,G213,오락용품 소매,G21303,음반/비디오물 소매업,G47620,음반 및 비디오물 소매업,50,제주특별자치도,50110,제주시,50110530,이도1동,5011010300,이도일동,5011010300114150001,1,대지,1415,1,제주특별자치도 제주시 이도일동 1415-1,501103349184,제주특별자치도 제주시 중앙로,81,1,5011010300114150001035901,,제주특별자치도 제주시 중앙로 81-1,690829,63192,,,,126.524309715886,33.5109204335018
MA010120220800023052,제이피씨,,G2,소매,G213,오락용품 소매,G21303,음반/비디오물 소매업,G47620,음반 및 비디오물 소매업,11,서울특별시,11110,종로구,11110615,종로1.2.3.4가동,1111013800,종로2가,1111013800100090000,1,대지,9,,서울특별시 종로구 종로2가 9,111103100013,서울특별시 종로구 종로,69,,1111013800100090000014388,종각지하도상가,서울특별시 종로구 종로 69,110753,03164,,,,126.985307125994,37.570582370137
MA010120220800008056,사랑방,,G2,소매,G213,오락용품 소매,G21303,음반/비디오물 소매업,G47620,음반 및 비디오물 소매업,11,서울특별시,11110,종로구,11110670,창신1동,1111017400,창신동,1111017400103270002,1,대지,327,2,서울특별시 종로구 창신동 327-2,111103005007,서울특별시 종로구 지봉로,29,,1111017400103270002006007,금호팔레스,서울특별시 종로구 지봉로 29,110841,03121,,,,127.015281892161,37.5725284449331
MA010120220800037289,LP사구팔구,,G2,소매,G213,오락용품 소매,G21303,음반/비디오물 소매업,G47620,음반 및 비디오물 소매업,11,서울특별시,11110,종로구,11110710,숭인2동,1111017500,숭인동,1111017500102370004,1,대지,237,4,서울특별시 종로구 숭인동 237-4,111104100359,서울특별시 종로구 종로58길,33,,1111017500102370004000668,삼화빌딩,서울특별시 종로구 종로58길 33,110826,03117,,1,,127.018507957771,37.572077485718
MA010120220800032578,씨디마트,,G2,소매,G213,오락용품 소매,G21303,음반/비디오물 소매업,G47620,음반 및 비디오물 소매업,11,서울특별시,11110,종로구,11110615,종로1.2.3.4가동,1111015600,종로3가,1111015600101630000,1,대지,163,,서울특별시 종로구 종로3가 163,111103100013,서울특별시 종로구 종로,148,1,1111015600101630000017669,,서울특별시 종로구 종로 148-1,110123,03193,,1,,126.994102500572,37.5702587788178
MA010120220800057201,클린앤테크,,G2,소매,G213,오락용품 소매,G21303,음반/비디오물 소매업,G47620,음반 및 비디오물 소매업,47,경상북도,47130,경주시,47130615,용강동,4713012500,용강동,4713012500108730003,1,대지,873,3,경상북도 경주시 용강동 873-3,471303000104,경상북도 경주시 산업로,4360,27,4713012500108730003033245,,경상북도 경주시 산업로 4360-27,780950,38093,,,,129.225427653505,35.8686300255814
MA010120220800075204,애플뮤직유한책임회사,,G2,소매,G213,오락용품 소매,G21303,음반/비디오물 소매업,G47620,음반 및 비디오물 소매업,11,서울특별시,11680,강남구,11680610,대치2동,1168010600,대치동,1168010600109510006,1,대지,951,6,서울특별시 강남구 대치동 951-6,116804166768,서울특별시 강남구 테헤란로92길,39,,1168010600109510006012193,동해빌딩,서울특별시 강남구 테헤란로92길 39,135847,06183,,4,,127.062317410745,37.506055227785
MA010120220800121751,청춘극장,,G2,소매,G213,오락용품 소매,G21303,음반/비디오물 소매업,G47620,음반 및 비디오물 소매업,11,서울특별시,11140,중구,11140550,명동,1114010900,장교동,1114010900100010000,1,대지,1,,서울특별시 중구 장교동 1,111402100001,서울특별시 중구 삼일대로,363,,1114010900100010000019103,장교빌딩,서울특별시 중구 삼일대로 363,100760,04541,,,,126.987050941021,37.5671587910618
MA010120220800116835,남대문비디오,,G2,소매,G213,오락용품 소매,G21303,음반/비디오물 소매업,G47620,음반 및 비디오물 소매업,11,서울특별시,11140,중구,11140520,소공동,1114011600,남대문로3가,1114011600100130003,1,대지,13,3,서울특별시 중구 남대문로3가 13-3,111403101001,서울특별시 중구 남대문로,14,,1114011600100130003000001,쇼핑센터,서울특별시 중구 남대문로 14,100070,04528,,,,126.977918235553,37.5610126413194
MA010120220800122467,명동CD샵,,G2,소매,G213,오락용품 소매,G21303,음반/비디오물 소매업,G47620,음반 및 비디오물 소매업,11,서울특별시,11140,중구,11140550,명동,1114012500,충무로2가,1114012500101090002,1,대지,109,2,서울특별시 중구 충무로2가 109-2,111403101011,서울특별시 중구 퇴계로,124,,1114012400100260001000001,명동역지하쇼핑센터,서울특별시 중구 퇴계로 124,100012,04629,,,,126.985376944231,37.560860631255
MA010120220800134204,한전사,,G2,소매,G213,오락용품 소매,G21303,음반/비디오물 소매업,G47620,음반 및 비디오물 소매업,11,서울특별시,11140,중구,11140540,회현동,1114011200,남창동,1114011200100510001,1,대지,51,1,서울특별시 중구 남창동 51-1,111403101018,서울특별시 중구 소월로,3,,1114011200100510001020714,숭례문,서울특별시 중구 소월로 3,100778,04528,,1,,126.976209712263,37.5593724950588
MA010120220800176348,메타복스,,G2,소매,G213,오락용품 소매,G21303,음반/비디오물 소매업,G47620,음반 및 비디오물 소매업,11,서울특별시,11440,마포구,11440660,서교동,1144012000,서교동,1144012000103600018,1,대지,360,18,서울특별시 마포구 서교동 360-18,114404139455,서울특별시 마포구 와우산로18길,20,,1144012000103600018020637,,서울특별시 마포구 와우산로18길 20,121837,04067,,2,,126.924008612904,37.5509981903478
MA010120220800170921,토탈셋,,G2,소매,G213,오락용품 소매,G21303,음반/비디오물 소매업,G47620,음반 및 비디오물 소매업,11,서울특별시,11440,마포구,11440740,상암동,1144012700,상암동,1144012700100120090,1,대지,12,90,서울특별시 마포구 상암동 12-90,114404139546,서울특별시 마포구 월드컵북로48길,29,5,1144012700100120090000002,마음빌딩,서울특별시 마포구 월드컵북로48길 29-5,121830,03927,,2,,126.894978410939,37.5773030395019
MA010120220800154305,올리버,,G2,소매,G213,오락용품 소매,G21303,음반/비디오물 소매업,G47620,음반 및 비디오물 소매업,11,서울특별시,11170,용산구,11170625,한강로동,1117012800,한강로3가,1117012800100160009,1,대지,16,9,서울특별시 용산구 한강로3가 16-9,111703101023,서울특별시 용산구 청파로,74,,1117012800100160009011402,전자랜드,서울특별시 용산구 청파로 74,140749,04372,,2,,126.959620593735,37.5328966360174
MA010120220800159785,새로나,,G2,소매,G213,오락용품 소매,G21303,음반/비디오물 소매업,G47620,음반 및 비디오물 소매업,11,서울특별시,11140,중구,11140520,소공동,1114011700,남대문로4가,1114011700100180002,1,대지,18,2,서울특별시 중구 남대문로4가 18-2,111404103023,서울특별시 중구 남대문시장길,25,3,1114011700100180002020749,호,서울특별시 중구 남대문시장길 25-3,100070,04528,,,,126.977205377072,37.5603998280035
MA010120220800184903,LPLOVE,,G2,소매,G213,오락용품 소매,G21303,음반/비디오물 소매업,G47620,음반 및 비디오물 소매업,11,서울특별시,11140,중구,11140540,회현동,1114012400,충무로1가,1114012400100520041,1,대지,52,41,서울특별시 중구 충무로1가 52-41,111403101004,서울특별시 중구 소공로,58,,1114012200100010001000001,회현지하도상가,서울특별시 중구 소공로 58,100011,04535,,,,126.982060835234,37.5604006655827
MA010120220801751039,엠지전자음향,,G2,소매,G213,오락용품 소매,G21303,음반/비디오물 소매업,G47620,음반 및 비디오물 소매업,41,경기도,41480,파주시,41480250,문산읍,4148025021,문산읍,4148025021100730037,1,대지,73,37,경기도 파주시 문산읍 문산리 73-37,414804418252,경기도 파주시 문산읍 문향로75번길,23,,4148025021100730037011550,,경기도 파주시 문산읍 문향로75번길 23,413904,10821,,,,126.784512264592,37.8590399126024
MA010120220801790025,타임리스뮤직,,G2,소매,G213,오락용품 소매,G21303,음반/비디오물 소매업,G47620,음반 및 비디오물 소매업,41,경기도,41281,고양시 덕양구,41281622,화정2동,4128112300,화정동,4128112300109730000,1,대지,973,,경기도 고양시 덕양구 화정동 973,412814376365,경기도 고양시 덕양구 화신로260번길,57,,4128112300109730000012895,요진타워,경기도 고양시 덕양구 화신로260번길 57,412705,10500,,,,126.832736025639,37.6336241587785
MA010120220803480320,현대전자,,G2,소매,G213,오락용품 소매,G21303,음반/비디오물 소매업,G47620,음반 및 비디오물 소매업,11,서울특별시,11140,중구,11140540,회현동,1114012400,충무로1가,1114012400100520041,1,대지,52,41,서울특별시 중구 충무로1가 52-41,111403101004,서울특별시 중구 소공로,58,,1114012200100010001000001,회현지하상가,서울특별시 중구 소공로 58,100011,04535,,,,126.982060835234,37.5604006655827
MA010120220803501122,심포니,,G2,소매,G213,오락용품 소매,G21303,음반/비디오물 소매업,G47620,음반 및 비디오물 소매업,11,서울특별시,11140,중구,11140540,회현동,1114012400,충무로1가,1114012400100520041,1,대지,52,41,서울특별시 중구 충무로1가 52-41,111403101004,서울특별시 중구 소공로,58,,1114012200100010001000001,회현지하도상가,서울특별시 중구 소공로 58,100011,04535,,,,126.982060835234,37.5604006655827
MA010120220803519341,회현지하상가신용협동조합,,G2,소매,G213,오락용품 소매,G21303,음반/비디오물 소매업,G47620,음반 및 비디오물 소매업,11,서울특별시,11140,중구,11140540,회현동,1114012400,충무로1가,1114012400100520041,1,대지,52,41,서울특별시 중구 충무로1가 52-41,111403101004,서울특별시 중구 소공로,58,,1114012200100010001000001,,서울특별시 중구 소공로 58,100011,04535,,,,126.982060835234,37.5604006655827
MA010120220803494330,미스티,,G2,소매,G213,오락용품 소매,G21303,음반/비디오물 소매업,G47620,음반 및 비디오물 소매업,11,서울특별시,11140,중구,11140540,회현동,1114012400,충무로1가,1114012400100520041,1,대지,52,41,서울특별시 중구 충무로1가 52-41,111403101004,서울특별시 중구 소공로,58,,1114012200100010001000001,회현지하쇼핑센터,서울특별시 중구 소공로 58,100011,04535,,,,126.982060835234,37.5604006655827
MA010120220803481532,부루의뜨락,,G2,소매,G213,오락용품 소매,G21303,음반/비디오물 소매업,G47620,음반 및 비디오물 소매업,11,서울특별시,11140,중구,11140540,회현동,1114012400,충무로1가,1114012400100250035,1,대지,25,35,서울특별시 중구 충무로1가 25-35,111404103162,서울특별시 중구 명동8나길,37,1,1114012400100250035019967,,서울특별시 중구 명동8나길 37-1,100011,04535,,,,126.982898198442,37.5611666371383
MA010120220803520075,뮤직명동지점,코리아,G2,소매,G213,오락용품 소매,G21303,음반/비디오물 소매업,G47620,음반 및 비디오물 소매업,11,서울특별시,11140,중구,11140540,회현동,1114012400,충무로1가,1114012400100240002,1,대지,24,2,서울특별시 중구 충무로1가 24-2,111404103161,서울특별시 중구 명동8길,52,,1114012400100240002023442,네이처리퍼블릭,서울특별시 중구 명동8길 52,100011,04536,,3,,126.984935430997,37.5613831538723
MA010120220803492641,르네상스,,G2,소매,G213,오락용품 소매,G21303,음반/비디오물 소매업,G47620,음반 및 비디오물 소매업,11,서울특별시,11140,중구,11140520,소공동,1114011500,남대문로2가,1114011500101230000,1,대지,123,,서울특별시 중구 남대문로2가 123,111403101001,서울특별시 중구 남대문로,67,,1114011500101230000000001,명동지하상가,서울특별시 중구 남대문로 67,100070,04532,,,,126.981528122281,37.5634910019121
MA010120220803496666,피플씨디앤디브이디,,G2,소매,G213,오락용품 소매,G21303,음반/비디오물 소매업,G47620,음반 및 비디오물 소매업,11,서울특별시,11140,중구,11140550,명동,1114012500,충무로2가,1114012500100650009,1,대지,65,9,서울특별시 중구 충무로2가 65-9,111403101011,서울특별시 중구 퇴계로,123,,1114012500100650009023214,명동역지하도상가,서울특별시 중구 퇴계로 123,100861,04536,,,,126.985354228557,37.5612660769897
MA010120220803627206,쿨트랙,,G2,소매,G213,오락용품 소매,G21303,음반/비디오물 소매업,G47620,음반 및 비디오물 소매업,41,경기도,41570,김포시,41570256,양촌읍,4157025624,양촌읍,4157025624107690006,1,대지,769,6,경기도 김포시 양촌읍 구래리 769-6,415702000013,경기도 김포시 양촌읍 봉수대로,1853,21,4157025624107690006000001,,경기도 김포시 양촌읍 봉수대로 1853-21,415841,10069,,,,126.626999664221,37.6334324304452
MA010120220803640713,동일문화사,,G2,소매,G213,오락용품 소매,G21303,음반/비디오물 소매업,G47620,음반 및 비디오물 소매업,11,서울특별시,11230,동대문구,11230536,용신동,1123010100,신설동,1123010100101090005,1,대지,109,5,서울특별시 동대문구 신설동 109-5,112304115545,서울특별시 동대문구 천호대로4길,21,,1123010100101090005000001,신설동서울풍물시장,서울특별시 동대문구 천호대로4길 21,130813,02586,,,,127.025503840736,37.5727068781748
MA010120220803640845,서울풍물시장,,G2,소매,G213,오락용품 소매,G21303,음반/비디오물 소매업,G47620,음반 및 비디오물 소매업,11,서울특별시,11230,동대문구,11230536,용신동,1123010100,신설동,1123010100101090005,1,대지,109,5,서울특별시 동대문구 신설동 109-5,112304115545,서울특별시 동대문구 천호대로4길,21,,1123010100101090005000001,호,서울특별시 동대문구 천호대로4길 21,130813,02586,,,,127.025503840736,37.5727068781748
MA010120220803640991,우성비디오,,G2,소매,G213,오락용품 소매,G21303,음반/비디오물 소매업,G47620,음반 및 비디오물 소매업,11,서울특별시,11230,동대문구,11230536,용신동,1123010100,신설동,1123010100101090005,1,대지,109,5,서울특별시 동대문구 신설동 109-5,112304115545,서울특별시 동대문구 천호대로4길,21,,1123010100101090005000001,호,서울특별시 동대문구 천호대로4길 21,130813,02586,,,,127.025503840736,37.5727068781748
MA010120220803679349,파파게노,,G2,소매,G213,오락용품 소매,G21303,음반/비디오물 소매업,G47620,음반 및 비디오물 소매업,11,서울특별시,11140,중구,11140540,회현동,1114012400,충무로1가,1114012400100520041,1,대지,52,41,서울특별시 중구 충무로1가 52-41,111403101004,서울특별시 중구 소공로,58,,1114012200100010001000001,,서울특별시 중구 소공로 58,100011,04535,,,,126.982060835234,37.5604006655827
MA010120220803664789,토트샵,,G2,소매,G213,오락용품 소매,G21303,음반/비디오물 소매업,G47620,음반 및 비디오물 소매업,11,서울특별시,11230,동대문구,11230536,용신동,1123010100,신설동,1123010100101090005,1,대지,109,5,서울특별시 동대문구 신설동 109-5,112304115545,서울특별시 동대문구 천호대로4길,21,,1123010100101090005000001,풍물시장,서울특별시 동대문구 천호대로4길 21,130813,02586,,2,,127.025503840736,37.5727068781748
MA010120220806556692,꾀꼬리음악사,,G2,소매,G213,오락용품 소매,G21303,음반/비디오물 소매업,G47620,음반 및 비디오물 소매업,52,전북특별자치도,52210,김제시,52210510,요촌동,5221010100,요촌동,5221010100102010023,1,대지,201,23,전북특별자치도 김제시 요촌동 201-23,522104616275,전북특별자치도 김제시 동서9길,24,1,4521010100102010023058704,,전북특별자치도 김제시 동서9길 24-1,576806,54390,,,,126.886072307045,35.8001332915067
MA010120220806552345,게임몬,,G2,소매,G213,오락용품 소매,G21303,음반/비디오물 소매업,G47620,음반 및 비디오물 소매업,41,경기도,41463,용인시 기흥구,41463575,동백2동,4146311600,중동,4146311600108380000,1,대지,838,,경기도 용인시 기흥구 중동 838,414633204023,경기도 용인시 기흥구 동백5로,22,,4146311600108380000000766,,경기도 용인시 기흥구 동백5로 22,446766,17006,,,,127.15128147073,37.275961909971
MA010120220806608580,에스에이디자인,,G2,소매,G213,오락용품 소매,G21303,음반/비디오물 소매업,G47620,음반 및 비디오물 소매업,41,경기도,41117,수원시 영통구,41117600,광교1동,4111710300,이의동,4111710300112450003,1,대지,1245,3,경기도 수원시 영통구 이의동 1245-3,411173177027,경기도 수원시 영통구 대학4로,34,,4111710300112450003000001,,경기도 수원시 영통구 대학4로 34,443270,16226,,,,127.047709323071,37.2990074197225
MA010120220806717649,현대유통,,G2,소매,G213,오락용품 소매,G21303,음반/비디오물 소매업,G47620,음반 및 비디오물 소매업,11,서울특별시,11230,동대문구,11230536,용신동,1123010100,신설동,1123010100101090005,1,대지,109,5,서울특별시 동대문구 신설동 109-5,112304115545,서울특별시 동대문구 천호대로4길,21,,1123010100101090005000001,파랑동,서울특별시 동대문구 천호대로4길 21,130813,02586,,,,127.025503840736,37.5727068781748
MA010120220808021421,에이피에프지,,G2,소매,G213,오락용품 소매,G21303,음반/비디오물 소매업,G47620,음반 및 비디오물 소매업,11,서울특별시,11440,마포구,11440660,서교동,1144012000,서교동,1144012000104780012,1,대지,478,12,서울특별시 마포구 서교동 478-12,114403112014,서울특별시 마포구 동교로,107,,1144012000104780012011480,우측홍익제일빌딩,서울특별시 마포구 동교로 107,121839,04003,,1,,126.913898448517,37.5548114814302
MA010120220808157386,소sowhat,,G2,소매,G213,오락용품 소매,G21303,음반/비디오물 소매업,G47620,음반 및 비디오물 소매업,27,대구광역시,27110,중구,27110565,성내1동,2711010800,봉산동,2711010800101360056,1,대지,136,56,대구광역시 중구 봉산동 136-56,271104223107,대구광역시 중구 봉산문화2길,42,8,2711010800101360056017062,WH아파트,대구광역시 중구 봉산문화2길 42-8,700823,41959,,,,128.597237703997,35.863786789634
MA010120220809502445,성음레코드,,G2,소매,G213,오락용품 소매,G21303,음반/비디오물 소매업,G47620,음반 및 비디오물 소매업,27,대구광역시,27290,달서구,27290625,상인2동,2729011500,상인동,2729011500114430005,1,대지,1443,5,대구광역시 달서구 상인동 1443-5,272903147008,대구광역시 달서구 상원로,51,,2729011500114430005016201,,대구광역시 달서구 상원로 51,704817,42788,,,,128.535261568055,35.8142564025709
MA010120220809497814,게임토이,,G2,소매,G213,오락용품 소매,G21303,음반/비디오물 소매업,G47620,음반 및 비디오물 소매업,27,대구광역시,27710,달성군,27710250,화원읍,2771025023,화원읍,2771025023105240000,1,대지,524,,대구광역시 달성군 화원읍 성산리 524,277103148033,대구광역시 달성군 화원읍 성화로,42,,2771025023105240000001290,,대구광역시 달성군 화원읍 성화로 42,711839,42946,,,,128.488153171741,35.801286396264
MA010120220809498429,드림네트웍,,G2,소매,G213,오락용품 소매,G21303,음반/비디오물 소매업,G47620,음반 및 비디오물 소매업,27,대구광역시,27260,수성구,27260651,지산1동,2726011200,지산동,2726011200111570023,1,대지,1157,23,대구광역시 수성구 지산동 1157-23,272603146024,대구광역시 수성구 지범로,69,1,2726011200111570023006849,,대구광역시 수성구 지범로 69-1,706843,42187,,,,128.628718073405,35.8267776919976
MA010120220809556118,동아음향악기,,G2,소매,G213,오락용품 소매,G21303,음반/비디오물 소매업,G47620,음반 및 비디오물 소매업,47,경상북도,47290,경산시,47290530,남부동,4729010100,삼남동,4729010100100020004,1,대지,2,4,경상북도 경산시 삼남동 2-4,472903313022,경상북도 경산시 남매로,59,,4729010100100020006005089,,경상북도 경산시 남매로 59,712030,38639,,,,128.741697641024,35.8162900602803
MA010120220809654496,고운음악사,,G2,소매,G213,오락용품 소매,G21303,음반/비디오물 소매업,G47620,음반 및 비디오물 소매업,29,광주광역시,29110,동구,29110685,학동,2911012200,학동,2911012200100650001,1,대지,65,1,광주광역시 동구 학동 65-1,291103009006,광주광역시 동구 제봉로,25,,2911012200100650001011658,,광주광역시 동구 제봉로 25,501841,61489,,1,,126.921421081305,35.1409953838595
MA010120220809640777,다올,,G2,소매,G213,오락용품 소매,G21303,음반/비디오물 소매업,G47620,음반 및 비디오물 소매업,41,경기도,41590,화성시,41590310,매송면,4159031025,매송면,4159031025100160001,1,대지,16,1,경기도 화성시 매송면 야목리 16-1,415901000007,경기도 화성시 매송면 서해안고속도로,316,,4159031025106250001000003,,경기도 화성시 매송면 서해안고속도로 316,445831,18287,,,,126.892899169738,37.265314771446
MA010120220811066226,제일레코드사,,G2,소매,G213,오락용품 소매,G21303,음반/비디오물 소매업,G47620,음반 및 비디오물 소매업,48,경상남도,48880,거창군,48880250,거창읍,4888025022,거창읍,4888025022102870006,1,대지,287,6,경상남도 거창군 거창읍 중앙리 287-6,488803347018,경상남도 거창군 거창읍 중앙로,128,,4888025022102870006021486,,경상남도 거창군 거창읍 중앙로 128,670808,50138,,1,,127.912316266588,35.6867480566932
MA010120220811073898,지구레코드,,G2,소매,G213,오락용품 소매,G21303,음반/비디오물 소매업,G47620,음반 및 비디오물 소매업,48,경상남도,48870,함양군,48870250,함양읍,4887025021,함양읍,4887025021100290011,1,대지,29,11,경상남도 함양군 함양읍 운림리 29-11,488703346025,경상남도 함양군 함양읍 함양로,1131,,4887025021100290011010516,,경상남도 함양군 함양읍 함양로 1131,676806,50041,,1,,127.727135141044,35.5196969175345
MA010120220811096859,명성레코드,,G2,소매,G213,오락용품 소매,G21303,음반/비디오물 소매업,G47620,음반 및 비디오물 소매업,48,경상남도,48220,통영시,48220550,중앙동,4822010400,항남동,4822010400100020008,1,대지,2,8,경상남도 통영시 항남동 2-8,482204799485,경상남도 통영시 항남1번가길,27,,4822010400100020008018971,,경상남도 통영시 항남1번가길 27,650060,53061,,1,,128.422461565212,34.8437185644845
MA010120220811103353,하이샵,,G2,소매,G213,오락용품 소매,G21303,음반/비디오물 소매업,G47620,음반 및 비디오물 소매업,51,강원특별자치도,51150,강릉시,51150310,성산면,5115031026,성산면,5115031026101030000,1,대지,103,,강원특별자치도 강릉시 성산면 보광리 103,511501000022,강원특별자치도 강릉시 성산면 영동고속도로,231,1,4215031026101030000000001,,강원특별자치도 강릉시 성산면 영동고속도로 231-1,210843,25442,,,,128.804517683603,37.758602973046
MA010120220811107897,엘피조이,,G2,소매,G213,오락용품 소매,G21303,음반/비디오물 소매업,G47620,음반 및 비디오물 소매업,27,대구광역시,27200,남구,27200515,이천동,2720010100,이천동,2720010100105420004,1,대지,542,4,대구광역시 남구 이천동 542-4,272003141012,대구광역시 남구 대봉로,90,,2720010100105420004012950,,대구광역시 남구 대봉로 90,705836,42440,,2,,128.604332139944,35.8466696350657
MA010120220811113151,명성,,G2,소매,G213,오락용품 소매,G21303,음반/비디오물 소매업,G47620,음반 및 비디오물 소매업,48,경상남도,48820,고성군,48820350,대가면,4882035027,대가면,4882035027104470000,1,대지,447,,경상남도 고성군 대가면 송계리 447,488201000016,경상남도 고성군 대가면 통영대전고속도로,29,,4882035027104470000000001,고성하휴게소,경상남도 고성군 대가면 통영대전고속도로 29,638951,52927,,,,128.262730745871,35.0517209116672
MA010120220811154037,CD뱅크,,G2,소매,G213,오락용품 소매,G21303,음반/비디오물 소매업,G47620,음반 및 비디오물 소매업,48,경상남도,48170,진주시,48170565,중앙동,4817010900,대안동,4817010900100100011,1,대지,10,11,경상남도 진주시 대안동 10-11,481702332003,경상남도 진주시 진주대로,1056,,4817010900100100011000001,,경상남도 진주시 진주대로 1056,660140,52754,,,,128.084290115169,35.1937271291569
MA010120220811164511,서울레코드사,,G2,소매,G213,오락용품 소매,G21303,음반/비디오물 소매업,G47620,음반 및 비디오물 소매업,48,경상남도,48170,진주시,48170565,중앙동,4817011800,옥봉동,4817011800107980013,1,대지,798,13,경상남도 진주시 옥봉동 798-13,481703332011,경상남도 진주시 남강로,721,,4817011800107980013006906,,경상남도 진주시 남강로 721,660980,52757,,,,128.090564064245,35.1916068110062
MA010120220811158762,SKYLAKE,,G2,소매,G213,오락용품 소매,G21303,음반/비디오물 소매업,G47620,음반 및 비디오물 소매업,52,전북특별자치도,52190,남원시,52190460,산내면,5219046023,산내면,5219046023100110002,1,대지,11,2,전북특별자치도 남원시 산내면 대정리 11-2,521904613594,전북특별자치도 남원시 산내면 중기1길,113,,4519046023100110002000001,,전북특별자치도 남원시 산내면 중기1길 113,590851,55804,,,,127.634843601582,35.4290069710267
MA010120220812670329,엠제이사운드,,G2,소매,G213,오락용품 소매,G21303,음반/비디오물 소매업,G47620,음반 및 비디오물 소매업,29,광주광역시,29110,동구,29110525,충장동,2911010100,대인동,2911010100103240013,1,대지,324,13,광주광역시 동구 대인동 324-13,291103009006,광주광역시 동구 제봉로,216,,2911010100103240013001347,,광주광역시 동구 제봉로 216,501812,61426,,,,126.914504678917,35.1546463225816
MA010120220801499159,엔비제이팩토리,,G2,소매,G213,오락용품 소매,G21303,음반/비디오물 소매업,G47620,음반 및 비디오물 소매업,41,경기도,41550,안성시,41550390,일죽면,4155039021,일죽면,4155039021107130006,1,대지,713,6,경기도 안성시 일죽면 월정리 713-6,415502012006,경기도 안성시 일죽면 서동대로,7201,,4155039021107130006008232,,경기도 안성시 일죽면 서동대로 7201,456912,17530,,,,127.448653339731,37.0849972769837
MA010120220801508372,진우유통,,G2,소매,G213,오락용품 소매,G21303,음반/비디오물 소매업,G47620,음반 및 비디오물 소매업,41,경기도,41550,안성시,41550330,서운면,4155033029,서운면,4155033029100510016,1,대지,51,16,경기도 안성시 서운면 신능리 51-16,415501000019,경기도 안성시 서운면 평택제천고속도로,41,,4155033029100510016000001,안성맞춤휴게소상행평택방향,경기도 안성시 서운면 평택제천고속도로 41,456853,17606,,,,127.274576086855,36.970316567121
MA010120220801511737,드림보트뮤직,,G2,소매,G213,오락용품 소매,G21303,음반/비디오물 소매업,G47620,음반 및 비디오물 소매업,41,경기도,41220,평택시,41220550,지산동,4122011000,지산동,4122011000108100014,1,대지,810,14,경기도 평택시 지산동 810-14,412203188089,경기도 평택시 지산로,4,,4122011000108100014008721,,경기도 평택시 지산로 4,459110,17761,,1,,127.055387215748,37.0790569192382
MA010120220801506714,안성맞춤하이숍,,G2,소매,G213,오락용품 소매,G21303,음반/비디오물 소매업,G47620,음반 및 비디오물 소매업,41,경기도,41550,안성시,41550330,서운면,4155033029,서운면,4155033029100510016,1,대지,51,16,경기도 안성시 서운면 신능리 51-16,415501000019,경기도 안성시 서운면 평택제천고속도로,41,,4155033029100510016000001,안성맞춤휴게소상,경기도 안성시 서운면 평택제천고속도로 41,456853,17606,,,,127.274576086855,36.970316567121
MA010120220801547281,청도휴게소굿샵,,G2,소매,G213,오락용품 소매,G21303,음반/비디오물 소매업,G47620,음반 및 비디오물 소매업,47,경상북도,47820,청도군,47820253,청도읍,4782025333,청도읍,4782025333109580000,1,대지,958,,경상북도 청도군 청도읍 거연리 958,478204757491,경상북도 청도군 청도읍 하지길,59,49,4782025333109580000000001,,경상북도 청도군 청도읍 하지길 59-49,714805,38348,,,,128.766978079639,35.5950605399832
MA010120220801599326,하이샵,,G2,소매,G213,오락용품 소매,G21303,음반/비디오물 소매업,G47620,음반 및 비디오물 소매업,51,강원특별자치도,51130,원주시,51130320,호저면,5113032026,호저면,5113032026102150000,1,대지,215,,강원특별자치도 원주시 호저면 옥산리 215,511304457180,강원특별자치도 원주시 호저면 마근거리길,110,,4213032026102150000000001,,강원특별자치도 원주시 호저면 마근거리길 110,220923,26302,,,,127.931805551087,37.4346787888528
MA010120220801597926,꽃내음,,G2,소매,G213,오락용품 소매,G21303,음반/비디오물 소매업,G47620,음반 및 비디오물 소매업,41,경기도,41450,하남시,41450510,천현동,4145010100,천현동,4145010100102670000,1,대지,267,,경기도 하남시 천현동 267,414501000017,경기도 하남시 중부고속도로,117,,4145010100102670000013948,,경기도 하남시 중부고속도로 117,465816,13018,,,,127.206098654986,37.5303360515212
MA010120220801598243,덕평하이샵,,G2,소매,G213,오락용품 소매,G21303,음반/비디오물 소매업,G47620,음반 및 비디오물 소매업,41,경기도,41500,이천시,41500340,마장면,4150034029,마장면,4150034029103190000,1,대지,319,,경기도 이천시 마장면 각평리 319,415004421240,경기도 이천시 마장면 덕이로154번길,287,76,4150033024100150004030332,덕평자연휴게소하,경기도 이천시 마장면 덕이로154번길 287-76,467814,17384,,1,,127.393791439133,37.2413714244058
MA010120220801648608,에버니(고향사,,G2,소매,G213,오락용품 소매,G21303,음반/비디오물 소매업,G47620,음반 및 비디오물 소매업,41,경기도,41250,동두천시,41250550,보산동,4125010600,보산동,4125010600104370003,1,대지,437,3,경기도 동두천시 보산동 437-3,412503215066,경기도 동두천시 평화로,2575,1,4125010600104370003001340,,경기도 동두천시 평화로 2575-1,483060,11309,,,,127.056738043304,37.9177939496404
MA010120220801651919,아트음악사,,G2,소매,G213,오락용품 소매,G21303,음반/비디오물 소매업,G47620,음반 및 비디오물 소매업,41,경기도,41150,의정부시,41150510,의정부1동,4115010100,의정부동,4115010100101960018,1,대지,196,18,경기도 의정부시 의정부동 196-18,411503215066,경기도 의정부시 평화로,542,,4115010100101960018012529,,경기도 의정부시 평화로 542,480843,11695,,,,127.047594011326,37.7402646900997
MA010120220803452912,클림트중고레코드,,G2,소매,G213,오락용품 소매,G21303,음반/비디오물 소매업,G47620,음반 및 비디오물 소매업,11,서울특별시,11140,중구,11140540,회현동,1114012400,충무로1가,1114012400100520041,1,대지,52,41,서울특별시 중구 충무로1가 52-41,111403101004,서울특별시 중구 소공로,58,,1114012200100010001000001,다-19,서울특별시 중구 소공로 58,100011,04535,,1,,126.982060835234,37.5604006655827
MA010120220803453015,썬스타,,G2,소매,G213,오락용품 소매,G21303,음반/비디오물 소매업,G47620,음반 및 비디오물 소매업,11,서울특별시,11140,중구,11140540,회현동,1114012400,충무로1가,1114012400100520041,1,대지,52,41,서울특별시 중구 충무로1가 52-41,111403101004,서울특별시 중구 소공로,58,,1114012200100010001000001,나,서울특별시 중구 소공로 58,100011,04535,,,,126.982060835234,37.5604006655827
MA010120220803460533,리빙,,G2,소매,G213,오락용품 소매,G21303,음반/비디오물 소매업,G47620,음반 및 비디오물 소매업,11,서울특별시,11140,중구,11140540,회현동,1114012400,충무로1가,1114012400100520041,1,대지,52,41,서울특별시 중구 충무로1가 52-41,111403101004,서울특별시 중구 소공로,58,,1114012200100010001000001,회현지하상가,서울특별시 중구 소공로 58,100011,04535,,,,126.982060835234,37.5604006655827
MA010120220803453391,코다,,G2,소매,G213,오락용품 소매,G21303,음반/비디오물 소매업,G47620,음반 및 비디오물 소매업,11,서울특별시,11140,중구,11140540,회현동,1114012400,충무로1가,1114012400100520041,1,대지,52,41,서울특별시 중구 충무로1가 52-41,111403101004,서울특별시 중구 소공로,58,,1114012200100010001000001,회현지하상가,서울특별시 중구 소공로 58,100011,04535,,,,126.982060835234,37.5604006655827
MA010120220803461112,달나라레코드,,G2,소매,G213,오락용품 소매,G21303,음반/비디오물 소매업,G47620,음반 및 비디오물 소매업,11,서울특별시,11140,중구,11140590,광희동,1114014800,을지로6가,1114014800100180021,1,대지,18,21,서울특별시 중구 을지로6가 18-21,111403101021,서울특별시 중구 장충단로,247,,1114014800100180220000001,굿모닝시티쇼핑몰,서울특별시 중구 장충단로 247,100729,04564,,2,,127.007357384486,37.5667988735976
MA010120220806482635,텍렉트레이딩,,G2,소매,G213,오락용품 소매,G21303,음반/비디오물 소매업,G47620,음반 및 비디오물 소매업,11,서울특별시,11140,중구,11140605,을지로동,1114016000,인현동1가,1114016000100150011,1,대지,15,11,서울특별시 중구 인현동1가 15-11,111404103242,서울특별시 중구 을지로20길,20,,1114016000100150011013078,윤승빌딩,서울특별시 중구 을지로20길 20,100281,04549,,1,,126.995302671614,37.565546624957
MA010120220806496099,신한미디어,,G2,소매,G213,오락용품 소매,G21303,음반/비디오물 소매업,G47620,음반 및 비디오물 소매업,11,서울특별시,11110,종로구,11110615,종로1.2.3.4가동,1111015400,장사동,1111015400101160004,1,대지,116,4,서울특별시 종로구 장사동 116-4,111103100021,서울특별시 종로구 청계천로,159,,1111015400101160004015909,세운상가,서울특별시 종로구 청계천로 159,110430,03194,,3,,126.995234520229,37.5692857548513
MA010120220807868752,섬진유통,,G2,소매,G213,오락용품 소매,G21303,음반/비디오물 소매업,G47620,음반 및 비디오물 소매업,46,전라남도,46230,광양시,46230350,진월면,4623035025,진월면,4623035025102200001,1,대지,220,1,전라남도 광양시 진월면 신아리 220-1,462304655285,전라남도 광양시 진월면 신답길,24,14,4623035025100800000002067,,전라남도 광양시 진월면 신답길 24-14,545852,57712,,,,127.768441224428,34.9851391977856
MA010120220807857280,국제레코드,,G2,소매,G213,오락용품 소매,G21303,음반/비디오물 소매업,G47620,음반 및 비디오물 소매업,46,전라남도,46150,순천시,46150610,장천동,4615011900,장천동,4615011900102030000,1,대지,203,,전라남도 순천시 장천동 203,461503283014,전라남도 순천시 시민로,27,,4615011900102020000030856,,전라남도 순천시 시민로 27,540959,57956,,,,127.485922948927,34.9521660025961
MA010120220807852144,3F52,,G2,소매,G213,오락용품 소매,G21303,음반/비디오물 소매업,G47620,음반 및 비디오물 소매업,46,전라남도,46150,순천시,46150570,덕연동,4615011400,연향동,4615011400113270000,1,대지,1327,,전라남도 순천시 연향동 1327,461504649689,전라남도 순천시 연향상가길,41,,4615011400113270000062276,기산,전라남도 순천시 연향상가길 41,540711,57967,,3,,127.520318740717,34.9535468622302
MA010120220807852145,3F-67,,G2,소매,G213,오락용품 소매,G21303,음반/비디오물 소매업,G47620,음반 및 비디오물 소매업,46,전라남도,46150,순천시,46150570,덕연동,4615011400,연향동,4615011400113270000,1,대지,1327,,전라남도 순천시 연향동 1327,461504649689,전라남도 순천시 연향상가길,41,,4615011400113270000062276,기산코아,전라남도 순천시 연향상가길 41,540711,57967,,3,,127.520318740717,34.9535468622302
MA010120220807859904,남도민요판소리연구소,,G2,소매,G213,오락용품 소매,G21303,음반/비디오물 소매업,G47620,음반 및 비디오물 소매업,46,전라남도,46150,순천시,46150570,덕연동,4615011400,연향동,4615011400113700013,1,대지,1370,13,전라남도 순천시 연향동 1370-13,461504649909,전라남도 순천시 장자보3길,28,,4615011400113700013028193,,전라남도 순천시 장자보3길 28,540954,57979,,,,127.514895911823,34.9459713517227
MA010120220807922085,대음레코드,,G2,소매,G213,오락용품 소매,G21303,음반/비디오물 소매업,G47620,음반 및 비디오물 소매업,46,전라남도,46130,여수시,46130570,중앙동,4613010700,중앙동,4613010700106150000,1,대지,615,,전라남도 여수시 중앙동 615,461304646918,전라남도 여수시 통제영5길,13,1,4613010700106150000000001,,전라남도 여수시 통제영5길 13-1,550060,59736,,,,127.735753191647,34.741203505578
MA010120220807937148,신나라레코드,,G2,소매,G213,오락용품 소매,G21303,음반/비디오물 소매업,G47620,음반 및 비디오물 소매업,46,전라남도,46130,여수시,46130570,중앙동,4613010800,교동,4613010800103940000,1,대지,394,,전라남도 여수시 교동 394,461304646915,전라남도 여수시 통제영2길,9,,4613010800103940000050803,,전라남도 여수시 통제영2길 9,550803,59732,,,,127.732726357798,34.740969362412
MA010120220807927918,아세아전자.소리사,,G2,소매,G213,오락용품 소매,G21303,음반/비디오물 소매업,G47620,음반 및 비디오물 소매업,46,전라남도,46130,여수시,46130570,중앙동,4613010800,교동,4613010800106770001,1,대지,677,1,전라남도 여수시 교동 677-1,461303282068,전라남도 여수시 이순신광장로,14,,4613010800106770001005582,,전라남도 여수시 이순신광장로 14,550060,59735,,,,127.732088940349,34.7392695570284
MA010120220807937991,비엔나레코드,,G2,소매,G213,오락용품 소매,G21303,음반/비디오물 소매업,G47620,음반 및 비디오물 소매업,46,전라남도,46130,여수시,46130780,쌍봉동,4613012800,학동,4613012800100050021,1,대지,5,21,전라남도 여수시 학동 5-21,461303282046,전라남도 여수시 쌍봉로,35,,4613012800100050021074153,,전라남도 여수시 쌍봉로 35,555807,59671,,,,127.659823629995,34.7667334757284
MA010120220807999611,바싸르,,G2,소매,G213,오락용품 소매,G21303,음반/비디오물 소매업,G47620,음반 및 비디오물 소매업,41,경기도,41465,용인시 수지구,41465585,상현3동,4146510700,상현동,4146510700111310001,1,대지,1131,1,경기도 용인시 수지구 상현동 1131-1,414653177022,경기도 용인시 수지구 광교중앙로,316,,4146510700105040017000001,킴앤코시티하임,경기도 용인시 수지구 광교중앙로 316,448130,16943,,,,127.069882638842,37.298140419705
MA010120220807966830,혜성상사,,G2,소매,G213,오락용품 소매,G21303,음반/비디오물 소매업,G47620,음반 및 비디오물 소매업,52,전북특별자치도,52730,무주군,52730340,안성면,5273034022,안성면,5273034022104710000,1,대지,471,,전북특별자치도 무주군 안성면 공진리 471,527301000016,전북특별자치도 무주군 안성면 통영대전고속도로,148,,4573034022104720000000004,,전북특별자치도 무주군 안성면 통영대전고속도로 148,568842,55543,,,,127.645812514892,35.8176312799316
MA010120220807981327,류재형,,G2,소매,G213,오락용품 소매,G21303,음반/비디오물 소매업,G47620,음반 및 비디오물 소매업,11,서울특별시,11410,서대문구,11410615,연희동,1141011700,연희동,1141011700104440113,1,대지,444,113,서울특별시 서대문구 연희동 444-113,114104136257,서울특별시 서대문구 연희로11아길,34,14,1141011700104440113020336,,서울특별시 서대문구 연희로11아길 34-14,120832,03701,,,,126.925483219786,37.5702714485854
MA010120220809351976,２１세기만물광고,,G2,소매,G213,오락용품 소매,G21303,음반/비디오물 소매업,G47620,음반 및 비디오물 소매업,47,경상북도,47280,문경시,47280250,문경읍,4728025030,문경읍,4728025030102880041,1,대지,288,41,경상북도 문경시 문경읍 상초리 288-41,472803000165,경상북도 문경시 문경읍 새재로,910,,4728025030102880041027399,,경상북도 문경시 문경읍 새재로 910,745801,36919,,,,128.077415213887,36.7597816561885
MA010120220809351562,뽕짝1번지,,G2,소매,G213,오락용품 소매,G21303,음반/비디오물 소매업,G47620,음반 및 비디오물 소매업,47,경상북도,47280,문경시,47280570,점촌1동,4728010100,점촌동,4728010100102670027,1,대지,267,27,경상북도 문경시 점촌동 267-27,472803312026,경상북도 문경시 점촌로,23,,4728010100102670027024345,,경상북도 문경시 점촌로 23,745887,36971,,,,128.200117485989,36.5969094122252
MA010120220809358251,소리사랑,,G2,소매,G213,오락용품 소매,G21303,음반/비디오물 소매업,G47620,음반 및 비디오물 소매업,47,경상북도,47280,문경시,47280600,점촌4동,4728010800,유곡동,4728010800104580000,1,대지,458,,경상북도 문경시 유곡동 458,472801000020,경상북도 문경시 중부내륙고속도로,174,,4728010800104580000000001,,경상북도 문경시 중부내륙고속도로 174,745240,36989,,,,128.152563095956,36.6206449379765
MA010120220809415319,진레코드,,G2,소매,G213,오락용품 소매,G21303,음반/비디오물 소매업,G47620,음반 및 비디오물 소매업,47,경상북도,47190,구미시,47190700,공단동,4719011300,공단동,4719011300102640018,1,대지,264,18,경상북도 구미시 공단동 264-18,471903308001,경상북도 구미시 1공단로,192,,4719011300102640018030127,제일상가,경상북도 구미시 1공단로 192,730904,39375,,1,,128.384112938147,36.1017230663157
MA010120220809413528,클릭앤클릭,,G2,소매,G213,오락용품 소매,G21303,음반/비디오물 소매업,G47620,음반 및 비디오물 소매업,47,경상북도,47190,구미시,47190582,형곡1동,4719010900,형곡동,4719010900101470001,1,대지,147,1,경상북도 구미시 형곡동 147-1,471903308069,경상북도 구미시 형곡서로,121,,4719010900101470001025852,형곡시장,경상북도 구미시 형곡서로 121,730738,39296,,1,,128.334332439211,36.1128762839423
MA010120220812543982,케이굿즈컴퍼니,,G2,소매,G213,오락용품 소매,G21303,음반/비디오물 소매업,G47620,음반 및 비디오물 소매업,44,충청남도,44800,홍성군,44800253,광천읍,4480025322,광천읍,4480025322100670003,1,대지,67,3,충청남도 홍성군 광천읍 광천리 67-3,448003262021,충청남도 홍성군 광천읍 홍남로,696,,4480025322100670003000001,,충청남도 홍성군 광천읍 홍남로 696,350902,32293,,,,126.627870837016,36.5035696982757
MA010120220801334394,원음악사,,G2,소매,G213,오락용품 소매,G21303,음반/비디오물 소매업,G47620,음반 및 비디오물 소매업,41,경기도,41117,수원시 영통구,41117510,매탄1동,4111710100,매탄동,4111710100101530024,1,대지,153,24,경기도 수원시 영통구 매탄동 153-24,411174331044,경기도 수원시 영통구 매여울로67번길,30,,4111710100101530024004447,,경기도 수원시 영통구 매여울로67번길 30,443800,16531,,,,127.043555767434,37.2743115519007
MA010120220801368787,성음사,,G2,소매,G213,오락용품 소매,G21303,음반/비디오물 소매업,G47620,음반 및 비디오물 소매업,41,경기도,41117,수원시 영통구,41117510,매탄1동,4111710100,매탄동,4111710100101530174,1,대지,153,174,경기도 수원시 영통구 매탄동 153-174,411174328317,경기도 수원시 영통구 중부대로256번길,38,20,4111710100101530174004686,,경기도 수원시 영통구 중부대로256번길 38-20,443800,16531,,,,127.042157121011,37.2733569551882
MA010120220801436021,노다지기획,,G2,소매,G213,오락용품 소매,G21303,음반/비디오물 소매업,G47620,음반 및 비디오물 소매업,41,경기도,41115,수원시 팔달구,41115740,행궁동,4111512900,북수동,4111512900101020003,1,대지,102,3,경기도 수원시 팔달구 북수동 102-3,411154328292,경기도 수원시 팔달구 정조로886번길,12,,4111512900101020003019646,,경기도 수원시 팔달구 정조로886번길 12,442180,16253,,,,127.015889314386,37.2870501879145
MA010120220801480882,소리창고,,G2,소매,G213,오락용품 소매,G21303,음반/비디오물 소매업,G47620,음반 및 비디오물 소매업,41,경기도,41220,평택시,41220590,신평동,4122011300,평택동,4122011300100460001,1,대지,46,1,경기도 평택시 평택동 46-1,412203188118,경기도 평택시 평택2로,10,,4122011300100460001014683,,경기도 평택시 평택2로 10,450826,17909,,,,127.087788716871,36.9923898300791
MA010120220803146337,브이알프로,,G2,소매,G213,오락용품 소매,G21303,음반/비디오물 소매업,G47620,음반 및 비디오물 소매업,11,서울특별시,11530,구로구,11530540,구로3동,1153010200,구로동,1153010200102350000,1,대지,235,,서울특별시 구로구 구로동 235,115303000026,서울특별시 구로구 디지털로,272,,1153010200102350000022951,한신아이티타워,서울특별시 구로구 디지털로 272,152768,08389,,,,126.894432869242,37.482499211453
MA010120220803205429,낙원음향,,G2,소매,G213,오락용품 소매,G21303,음반/비디오물 소매업,G47620,음반 및 비디오물 소매업,47,경상북도,47113,포항시 북구,47113700,장량동,4711312100,장성동,4711312100113770002,1,대지,1377,2,경상북도 포항시 북구 장성동 1377-2,471134712204,경상북도 포항시 북구 법원로98번길,4,,4711312100113770002110143,,경상북도 포항시 북구 법원로98번길 4,791851,37582,,,,129.385945749311,36.0834440080548
MA010120220803179884,R&C,,G2,소매,G213,오락용품 소매,G21303,음반/비디오물 소매업,G47620,음반 및 비디오물 소매업,41,경기도,41133,성남시 중원구,41133670,도촌동,4113310600,여수동,4113310600101890000,1,대지,189,,경기도 성남시 중원구 여수동 189,411333180042,경기도 성남시 중원구 양현로,411,,4113310600101890000000001,씨티,경기도 성남시 중원구 양현로 411,462080,13438,,5,,127.12778585924,37.4171267820567
MA010120220803201548,박쌤민턴샵,,G2,소매,G213,오락용품 소매,G21303,음반/비디오물 소매업,G47620,음반 및 비디오물 소매업,44,충청남도,44200,아산시,44200620,온양6동,4420011100,풍기동,4420011100102110051,1,대지,211,51,충청남도 아산시 풍기동 211-51,442003015033,충청남도 아산시 온천대로,1626,3,4420011100102110051049733,부티크패션타운,충청남도 아산시 온천대로 1626-3,336060,31526,,1,,127.018371382769,36.7784366987489
MA010120220803276923,스피츠,,G2,소매,G213,오락용품 소매,G21303,음반/비디오물 소매업,G47620,음반 및 비디오물 소매업,11,서울특별시,11560,영등포구,11560620,양평2동,1156012800,양평동4가,1156012800100340009,1,대지,34,9,서울특별시 영등포구 양평동4가 34-9,115604154452,서울특별시 영등포구 선유로47길,6,,1156012800100340009019923,,서울특별시 영등포구 선유로47길 6,150866,07208,,2,,126.896293365259,37.5352006057179
MA010120220804767150,태양사,,G2,소매,G213,오락용품 소매,G21303,음반/비디오물 소매업,G47620,음반 및 비디오물 소매업,51,강원특별자치도,51830,양양군,51830250,양양읍,5183025021,양양읍,5183025021100160039,1,대지,16,39,강원특별자치도 양양군 양양읍 남문리 16-39,518303235016,강원특별자치도 양양군 양양읍 양양로,66,2,4283025021100990017014131,,강원특별자치도 양양군 양양읍 양양로 66-2,215804,25023,,,,128.621885327295,38.0752959194794
MA010120220806306234,뮤직메이트,,G2,소매,G213,오락용품 소매,G21303,음반/비디오물 소매업,G47620,음반 및 비디오물 소매업,11,서울특별시,11215,광진구,11215730,군자동,1121510900,군자동,1121510900104660021,1,대지,466,21,서울특별시 광진구 군자동 466-21,112152000008,서울특별시 광진구 천호대로,506,,1121510900104660021019639,동서울빌딩,서울특별시 광진구 천호대로 506,143838,04994,,2,,127.074595809348,37.5587116191795
MA010120220806297505,서산만물,,G2,소매,G213,오락용품 소매,G21303,음반/비디오물 소매업,G47620,음반 및 비디오물 소매업,44,충청남도,44210,서산시,44210390,해미면,4421039027,해미면,4421039027101190000,1,대지,119,,충청남도 서산시 해미면 삼송리 119,442101000007,충청남도 서산시 해미면 서해안고속도로,241,,4421039027101190000000001,,충청남도 서산시 해미면 서해안고속도로 241,356821,31954,,,,126.565012957627,36.7429050103698
MA010120220807761256,유림,,G2,소매,G213,오락용품 소매,G21303,음반/비디오물 소매업,G47620,음반 및 비디오물 소매업,41,경기도,41287,고양시 일산서구,41287600,덕이동,4128710500,덕이동,4128710500107720002,1,대지,772,2,경기도 고양시 일산서구 덕이동 772-2,412874382135,경기도 고양시 일산서구 장자길82번길,30,,4128710500107720002005624,,경기도 고양시 일산서구 장자길82번길 30,411809,10228,,,,126.745764982239,37.6992222152334
MA010120220807799850,코다,,G2,소매,G213,오락용품 소매,G21303,음반/비디오물 소매업,G47620,음반 및 비디오물 소매업,11,서울특별시,11140,중구,11140540,회현동,1114012400,충무로1가,1114012400100520041,1,대지,52,41,서울특별시 중구 충무로1가 52-41,111403101004,서울특별시 중구 소공로,58,,1114012200100010001000001,회현지하쇼핑센터,서울특별시 중구 소공로 58,100011,04535,,,,126.982060835234,37.5604006655827
MA010120220807807580,터미널음악사,,G2,소매,G213,오락용품 소매,G21303,음반/비디오물 소매업,G47620,음반 및 비디오물 소매업,46,전라남도,46820,해남군,46820250,해남읍,4682025021,해남읍,4682025021104010000,1,대지,401,,전라남도 해남군 해남읍 해리 401,468203294030,전라남도 해남군 해남읍 해남로,8,,4682025021101940005000001,,전라남도 해남군 해남읍 해남로 8,536809,59038,,,,126.608151576754,34.5708032443345
MA010120220809227284,뮤직박스,,G2,소매,G213,오락용품 소매,G21303,음반/비디오물 소매업,G47620,음반 및 비디오물 소매업,47,경상북도,47930,울진군,47930250,울진읍,4793025021,울진읍,4793025021105300002,1,대지,530,2,경상북도 울진군 울진읍 읍내리 530-2,479304775280,경상북도 울진군 울진읍 읍내5길,9,,4793025021105300002021820,,경상북도 울진군 울진읍 읍내5길 9,767801,36325,,,,129.402612565778,36.9932201207923
MA010120220809265660,아름드리,,G2,소매,G213,오락용품 소매,G21303,음반/비디오물 소매업,G47620,음반 및 비디오물 소매업,47,경상북도,47170,안동시,47170585,서구동,4717012500,법상동,4717012500102090001,1,대지,209,1,경상북도 안동시 법상동 209-1,471703307019,경상북도 안동시 서동문로,113,,4717012500102090001017424,,경상북도 안동시 서동문로 113,760210,36690,,,,128.724304438141,36.5669785312937
MA010120220809294876,오이뮤,,G2,소매,G213,오락용품 소매,G21303,음반/비디오물 소매업,G47620,음반 및 비디오물 소매업,11,서울특별시,11650,서초구,11650590,방배본동,1165010100,방배동,1165010100107970013,1,대지,797,13,서울특별시 서초구 방배동 797-13,116503121004,서울특별시 서초구 동광로,95,1,1165010100107970014027641,동경빌딩,서울특별시 서초구 동광로 95-1,137830,06584,,3,,126.992695011804,37.4938267663452
MA010120220809318117,고성유통,,G2,소매,G213,오락용품 소매,G21303,음반/비디오물 소매업,G47620,음반 및 비디오물 소매업,47,경상북도,47150,김천시,47150310,농소면,4715031023,농소면,4715031023112960017,1,대지,1296,17,경상북도 김천시 농소면 월곡리 1296-17,471504718160,경상북도 김천시 농소면 남곡길,51,99,4715031023112960017000001,유한빌,경상북도 김천시 농소면 남곡길 51-99,740881,39659,,3,,128.160532339102,36.1126946141441
MA010120220810820783,경복문화,,G2,소매,G213,오락용품 소매,G21303,음반/비디오물 소매업,G47620,음반 및 비디오물 소매업,26,부산광역시,26350,해운대구,26350560,송정동,2635010800,송정동,2635010800102120006,1,대지,212,6,부산광역시 해운대구 송정동 212-6,263503133023,부산광역시 해운대구 송정강변로,3,,2635010800102120010003809,정빌딩,부산광역시 해운대구 송정강변로 3,612040,48070,,,,129.205931866349,35.1817582592344
MA010120220810811598,국제비디오,,G2,소매,G213,오락용품 소매,G21303,음반/비디오물 소매업,G47620,음반 및 비디오물 소매업,26,부산광역시,26470,연제구,26470610,거제1동,2647010100,거제동,2647010100100700004,1,대지,70,4,부산광역시 연제구 거제동 70-4,264702000010,부산광역시 연제구 중앙대로,1206,,2647010100100700005002701,,부산광역시 연제구 중앙대로 1206,611802,47514,,,,129.080484423235,35.1950182189592
MA010120220810809684,굿,,G2,소매,G213,오락용품 소매,G21303,음반/비디오물 소매업,G47620,음반 및 비디오물 소매업,47,경상북도,47820,청도군,47820253,청도읍,4782025333,청도읍,4782025333202880004,2,산,288,4,경상북도 청도군 청도읍 거연리 산288-4,478204757491,경상북도 청도군 청도읍 하지길,59,50,4782025333202880004000001,,경상북도 청도군 청도읍 하지길 59-50,714805,38348,,,,128.769890708635,35.5940535524187
MA010120220810882610,길벗레코드,,G2,소매,G213,오락용품 소매,G21303,음반/비디오물 소매업,G47620,음반 및 비디오물 소매업,48,경상남도,48125,창원시 마산합포구,48125630,오동동,4812515000,창동,4812515000100460000,1,대지,46,,경상남도 창원시 마산합포구 창동 46,481254787739,경상남도 창원시 마산합포구 창동거리길,14,,4812515000100460000029203,,경상남도 창원시 마산합포구 창동거리길 14,631859,51730,,1,,128.574251844054,35.2068958458898
MA010120220810861150,동서전자레코드,,G2,소매,G213,오락용품 소매,G21303,음반/비디오물 소매업,G47620,음반 및 비디오물 소매업,48,경상남도,48125,창원시 마산합포구,48125650,산호동,4812511800,산호동,4812511800102020004,1,대지,202,4,경상남도 창원시 마산합포구 산호동 202-4,481253329059,경상남도 창원시 마산합포구 합포로,256,,4812511800102020004021287,,경상남도 창원시 마산합포구 합포로 256,631855,51336,,,,128.587234750413,35.2200645877595
MA010120220812314834,남일글로벌,,G2,소매,G213,오락용품 소매,G21303,음반/비디오물 소매업,G47620,음반 및 비디오물 소매업,11,서울특별시,11680,강남구,11680610,대치2동,1168010600,대치동,1168010600109430029,1,대지,943,29,서울특별시 강남구 대치동 943-29,116804166764,서울특별시 강남구 테헤란로86길,15,,1168010600109430029026803,동구빌딩,서울특별시 강남구 테헤란로86길 15,135845,06179,,3,,127.059501560813,37.5064441118926
MA010120220812350094,엘피도서관,,G2,소매,G213,오락용품 소매,G21303,음반/비디오물 소매업,G47620,음반 및 비디오물 소매업,51,강원특별자치도,51110,춘천시,51110340,남면,5111034024,남면,5111034024102360001,1,대지,236,1,강원특별자치도 춘천시 남면 발산리 236-1,511103218040,강원특별자치도 춘천시 남면 충효로,899,,4211034024102360001000001,,강원특별자치도 춘천시 남면 충효로 899,200922,24468,,,,127.620747152761,37.7372162978201
MA0101202406A0247890,신정사,,G2,소매,G213,오락용품 소매,G21303,음반/비디오물 소매업,G47620,음반 및 비디오물 소매업,47,경상북도,47130,경주시,47130530,황오동,4713010400,성동동,4713010400101790003,1,대지,179,3,경상북도 경주시 성동동 179-3,471303305025,경상북도 경주시 북문로,127,,4713010400101790003000347,내아빌딩,경상북도 경주시 북문로 127,780947,38138,,4,,129.216571937383,35.8499620546987
MA0101202406A0284988,이세상에단하나,,G2,소매,G213,오락용품 소매,G21303,음반/비디오물 소매업,G47620,음반 및 비디오물 소매업,27,대구광역시,27200,남구,27200586,대명3동,2720010300,대명동,2720010300121400017,1,대지,2140,17,대구광역시 남구 대명동 2140-17,272004232251,대구광역시 남구 양지북길,154,7,2720010300121400017014663,우측,대구광역시 남구 양지북길 154-7,705816,42408,,1,,128.582114276277,35.8525964549227
MA0101202406A0432759,사운드웨이브,합정점,G2,소매,G213,오락용품 소매,G21303,음반/비디오물 소매업,G47620,음반 및 비디오물 소매업,11,서울특별시,11440,마포구,11440660,서교동,1144012000,서교동,1144012000103960029,1,대지,396,29,서울특별시 마포구 서교동 396-29,114404139090,서울특별시 마포구 독막로3길,24,,1144012000103960029010811,,서울특별시 마포구 독막로3길 24,121840,04047,,2,,126.917084748289,37.5492546047767
MA0101202406A0583435,피치,,G2,소매,G213,오락용품 소매,G21303,음반/비디오물 소매업,G47620,음반 및 비디오물 소매업,41,경기도,41450,하남시,41450620,미사2동,4145010900,망월동,4145010900108360000,1,대지,836,,경기도 하남시 망월동 836,414503202055,경기도 하남시 미사강변한강로,165,,4145010900108360000000001,현대클러스터한강미,경기도 하남시 미사강변한강로 165,465150,12902,,8,,127.193735330644,37.5749653282963
MA0101202406A0575610,에스케이유,,G2,소매,G213,오락용품 소매,G21303,음반/비디오물 소매업,G47620,음반 및 비디오물 소매업,28,인천광역시,28185,연수구,28185766,청학동,2818510400,청학동,2818510400105510016,1,대지,551,16,인천광역시 연수구 청학동 551-16,281854256013,인천광역시 연수구 계림로112번길,20,,2818510400105510016210568,대동주택,인천광역시 연수구 계림로112번길 20,406829,21906,,1,,126.669117416718,37.4268511954467
MA0101202409A0128649,아이디레코드,,G2,소매,G213,오락용품 소매,G21303,음반/비디오물 소매업,G47620,음반 및 비디오물 소매업,48,경상남도,48170,진주시,48170410,금산면,4817041027,금산면,4817041027110220005,1,대지,1022,5,경상남도 진주시 금산면 장사리 1022-5,481703332008,경상남도 진주시 금산면 금산순환로,40,,4817041027110220005022286,,경상남도 진주시 금산면 금산순환로 40,660921,52625,,2,,128.148218218785,35.2174907116994
MA0101202409A0087768,밀리언유니버스,,G2,소매,G213,오락용품 소매,G21303,음반/비디오물 소매업,G47620,음반 및 비디오물 소매업,11,서울특별시,11440,마포구,11440710,연남동,1144012400,연남동,1144012400105640003,1,대지,564,3,서울특별시 마포구 연남동 564-3,114404139444,서울특별시 마포구 연남로3길,67,,1144012400105640003016458,,서울특별시 마포구 연남로3길 67,121869,03991,,1,,126.91934813785,37.5596536843421
MA0101202409A0131943,민준소리사,,G2,소매,G213,오락용품 소매,G21303,음반/비디오물 소매업,G47620,음반 및 비디오물 소매업,51,강원특별자치도,51130,원주시,51130530,개운동,5113010500,개운동,5113010500103260005,1,대지,326,5,강원특별자치도 원주시 개운동 326-5,511304457594,강원특별자치도 원주시 치악로1735번길,42,,4213010500103260005001796,,강원특별자치도 원주시 치악로1735번길 42,220931,26446,,,,127.954754684407,37.3350623203496
MA0101202409A0093034,유니콘미디어,,G2,소매,G213,오락용품 소매,G21303,음반/비디오물 소매업,G47620,음반 및 비디오물 소매업,11,서울특별시,11215,광진구,11215780,능동,1121510200,능동,1121510200102360022,1,대지,236,22,서울특별시 광진구 능동 236-22,112154112146,서울특별시 광진구 능동로36길,55,,1121510200102360022006095,,서울특별시 광진구 능동로36길 55,143848,04986,,2,,127.082141154703,37.5553909413928
